-4.094598770141601562e+01 8.111367225646972656e+00 9.908880591392517090e-01 -7.975886344909667969e+00 -5.595264434814453125e+00 -4.806207716464996338e-01 -1.099452972412109375e+01 -1.021600246429443359e+01 -9.040581703186035156e+00 -7.670249462127685547e+00 2.816691637039184570e+00 1.022284793853759766e+01 1.037921524047851562e+01 6.953193187713623047e+00 4.676156520843505859e+00 3.131081819534301758e+00 -1.241957950592041016e+01 -6.342359542846679688e+00 6.139080524444580078e-01 -1.801291823387145996e+00
-4.067626190185546875e+01 3.148787975311279297e+00 6.525200843811035156e+00 -1.390837478637695312e+01 -2.048123550415039062e+01 1.814188480377197266e+00 2.099287748336791992e+00 -2.086147308349609375e+00 -4.342197418212890625e+00 1.994003415107727051e+00 -7.281974315643310547e+00 2.900820016860961914e+00 -1.483415484428405762e+00 2.488699913024902344e+00 3.734817266464233398e+00 -9.213922500610351562e+00 -4.575988769531250000e+00 1.665676474571228027e+00 -5.917502880096435547e+00 9.232526421546936035e-01
-4.010663223266601562e+01 5.151537895202636719e+00 4.772007465362548828e+00 -1.325165081024169922e+01 -1.005518722534179688e+01 9.927522659301757812e+00 -1.439157605171203613e+00 6.309869289398193359e+00 -1.898910999298095703e+00 5.155577182769775391e+00 -3.290594577789306641e+00 -2.550194859504699707e-01 2.354521512985229492e+00 2.289222478866577148e+00 -2.074238300323486328e+00 -6.521412849426269531e+00 -1.696490287780761719e+00 -6.771672368049621582e-01 -6.388202667236328125e+00 -6.094943523406982422e+00
-3.818753814697265625e+01 5.490682601928710938e+00 8.103024482727050781e+00 -1.970994949340820312e+01 6.861297607421875000e+00 5.153928995132446289e-01 -8.055176734924316406e+00 2.684619903564453125e+00 3.760436058044433594e+00 -8.530221939086914062e+00 -7.311902523040771484e+00 -1.983915328979492188e+00 7.208810001611709595e-02 -1.171123600006103516e+01 2.196876049041748047e+00 -1.002732396125793457e+00 -2.511755466461181641e+00 2.346532821655273438e+00 -6.079442501068115234e+00 3.515873253345489502e-01
-3.317965698242187500e+01 -6.352038383483886719e+00 -1.836019903421401978e-01 -2.477568435668945312e+01 1.037110519409179688e+01 -1.468623876571655273e+00 -5.003333568572998047e+00 2.063396215438842773e+00 1.809109807014465332e+00 -6.167340278625488281e+00 -6.560425281524658203e+00 1.576022744178771973e+00 -7.003569006919860840e-01 -4.382127285003662109e+00 -1.472226381301879883e+00 -1.950901389122009277e+00 -2.655883312225341797e+00 1.264335989952087402e+00 2.378597259521484375e+00 -5.352950572967529297e+00
-4.008287811279296875e+01 -4.340589046478271484e+00 3.699561119079589844e+00 -2.306854629516601562e+01 4.008867740631103516e+00 7.978292465209960938e+00 -7.831079006195068359e+00 8.172621726989746094e+00 -1.791017055511474609e+00 1.973091125488281250e+00 -2.183991670608520508e+00 2.476987600326538086e+00 -1.105205714702606201e-01 -7.682106494903564453e+00 2.453691005706787109e+00 5.345778465270996094e+00 9.948589324951171875e+00 5.652219295501708984e+00 -7.748797893524169922e+00 -8.980420112609863281e+00
-4.421196365356445312e+01 -4.481581211090087891e+00 7.456665992736816406e+00 -2.170727157592773438e+01 1.177753686904907227e+00 8.740988731384277344e+00 -1.265293312072753906e+01 2.774799823760986328e+00 4.292095661163330078e+00 9.403879642486572266e-01 2.954111576080322266e+00 5.892076969146728516e+00 -7.299546718597412109e+00 3.757275044918060303e-01 -3.398213982582092285e-01 7.544526576995849609e+00 -2.291985034942626953e+00 5.228129386901855469e+00 -9.778835296630859375e+00 -8.287409782409667969e+00
-4.008251571655273438e+01 9.660096168518066406e+00 4.135274410247802734e+00 -1.298200607299804688e+01 -6.682265758514404297e+00 -2.609876871109008789e+00 -7.040779590606689453e+00 -1.052926254272460938e+01 -2.470269203186035156e+00 -1.625996398925781250e+01 5.055481433868408203e+00 -3.189195394515991211e+00 -2.717465639114379883e+00 3.978141546249389648e+00 -8.909674644470214844e+00 6.478777408599853516e+00 -4.580014228820800781e+00 6.362351894378662109e+00 -1.028368759155273438e+01 9.768291473388671875e+00
-3.915098571777343750e+01 4.387130737304687500e+00 -3.533889532089233398e+00 -1.327061748504638672e+01 -1.119563865661621094e+01 -1.165355396270751953e+01 -6.254277229309082031e+00 -4.033288478851318359e+00 1.666360735893249512e+00 -1.064201068878173828e+01 4.940420150756835938e+00 1.332037806510925293e+00 -1.003270816802978516e+01 8.863625526428222656e+00 -1.135560131072998047e+01 3.916259527206420898e+00 -2.524279594421386719e+00 5.000539302825927734e+00 -1.018832445144653320e+00 9.060809135437011719e+00
-4.384951019287109375e+01 -1.755363464355468750e+00 5.179573059082031250e+00 -1.742064285278320312e+01 3.826397418975830078e+00 7.692413806915283203e+00 -5.847191810607910156e+00 -2.217279225587844849e-01 -5.800394535064697266e+00 4.981376647949218750e+00 -4.841828823089599609e+00 -5.764710903167724609e+00 1.122335433959960938e+00 2.792945384979248047e+00 1.493768692016601562e+00 -6.612040519714355469e+00 2.772830247879028320e+00 -2.178487539291381836e+00 -6.849260807037353516e+00 -8.273779749870300293e-01
-4.087241363525390625e+01 3.486169576644897461e+00 7.444521784782409668e-01 -2.143755340576171875e+01 4.280481815338134766e+00 8.688647270202636719e+00 -3.661455214023590088e-01 8.093619346618652344e-01 -2.584446907043457031e+00 -1.004704236984252930e+00 1.118507742881774902e+00 3.542052030563354492e+00 7.664037704467773438e+00 1.002380752563476562e+01 1.785506844520568848e+00 6.499254703521728516e+00 -2.180237770080566406e+00 4.685995101928710938e+00 2.810058832168579102e+00 -2.438845157623291016e+00
-3.593314743041992188e+01 1.413249850273132324e+00 8.038757443428039551e-01 -1.978701210021972656e+01 7.859630107879638672e+00 1.337581348419189453e+01 -3.036572694778442383e+00 1.007087802886962891e+01 -5.661226272583007812e+00 4.832377433776855469e+00 -1.940406203269958496e+00 3.418526887893676758e+00 3.666792392730712891e+00 4.793947696685791016e+00 4.650952339172363281e+00 -1.728142023086547852e+00 -4.548196494579315186e-01 6.507706165313720703e+00 -3.420075654983520508e+00 -8.585839271545410156e+00
-4.248057937622070312e+01 5.716640949249267578e+00 1.787250876426696777e+00 -1.997036552429199219e+01 -9.750339388847351074e-01 1.296300506591796875e+01 -8.022938728332519531e+00 5.560324668884277344e+00 -1.024256420135498047e+01 1.756881117820739746e+00 1.648619890213012695e+00 -1.249790906906127930e+00 2.784497022628784180e+00 1.122806453704833984e+01 4.789994716644287109e+00 -1.071257948875427246e+00 -9.709415435791015625e+00 -1.011947274208068848e+00 -8.722607612609863281e+00 3.568714380264282227e+00
-4.157016372680664062e+01 3.419871091842651367e+00 7.320183515548706055e-01 -1.575858020782470703e+01 -8.027495384216308594e+00 -4.491964817047119141e+00 -1.882750749588012695e+00 -3.114521980285644531e+00 -4.312760353088378906e+00 -7.409926414489746094e+00 6.397209167480468750e-01 9.702745079994201660e-01 1.104922771453857422e+00 5.682447910308837891e+00 8.030421257019042969e+00 5.212009429931640625e+00 -4.488457679748535156e+00 -3.413414716720581055e+00 -4.821891307830810547e+00 1.636659622192382812e+00
-3.274858093261718750e+01 1.018995881080627441e+00 4.563917815685272217e-01 -1.546707820892333984e+01 2.793399810791015625e+00 -1.587427496910095215e+00 7.875921726226806641e-01 4.875417232513427734e+00 -2.003471851348876953e+00 3.453592777252197266e+00 -2.085593461990356445e+00 3.013260841369628906e+00 -3.056475639343261719e+00 1.871082425117492676e+00 1.288126182556152344e+01 -6.031885623931884766e+00 3.051377534866333008e+00 -3.415757417678833008e-01 5.278044700622558594e+00 -5.854184627532958984e-01
-4.219533920288085938e+01 5.768195152282714844e+00 1.075341939926147461e+00 -4.761413097381591797e+00 -4.897236347198486328e+00 7.383907794952392578e+00 2.021661281585693359e+00 5.331005096435546875e+00 -2.753504037857055664e+00 -2.178692817687988281e+00 1.431681632995605469e+00 5.631228923797607422e+00 4.636109352111816406e+00 -5.101748466491699219e+00 4.253000259399414062e+00 -2.166030883789062500e+00 1.114941596984863281e+01 -2.685289382934570312e-01 3.767363786697387695e+00 -2.593414545059204102e+00
-4.059312057495117188e+01 1.483679175376892090e+00 3.451153039932250977e+00 -2.048523330688476562e+01 -6.239275932312011719e-01 5.330449104309082031e+00 -3.982929229736328125e+00 8.159668922424316406e+00 -8.546638488769531250e+00 5.833037376403808594e+00 -1.673914313316345215e+00 -1.885427474975585938e+00 -4.027149677276611328e+00 -1.409253120422363281e+00 -2.032254457473754883e+00 -4.779708012938499451e-02 2.492631196975708008e+00 1.758014082908630371e+00 -5.894088268280029297e+00 2.323364973068237305e+00
-3.639949035644531250e+01 2.224894762039184570e+00 5.003151893615722656e+00 -1.927734947204589844e+01 4.302759647369384766e+00 1.358976936340332031e+01 -1.424621462821960449e+00 2.355862379074096680e+00 -9.234738349914550781e+00 9.455366134643554688e+00 8.286122083663940430e-01 -2.552955150604248047e+00 2.075956106185913086e+00 -3.760528802871704102e+00 -3.709870815277099609e+00 3.107499599456787109e+00 1.267281436920166016e+01 1.044667124748229980e+00 -1.074460697174072266e+01 4.110254764556884766e+00
-3.110774803161621094e+01 4.114131927490234375e-01 -2.047587633132934570e+00 -1.343421745300292969e+01 1.089968562126159668e+00 -4.082692623138427734e+00 -4.564413547515869141e+00 1.057960510253906250e+01 1.147580528259277344e+01 3.535125017166137695e+00 6.839641094207763672e+00 -1.337208449840545654e-01 6.230517864227294922e+00 4.477018833160400391e+00 -7.367325305938720703e+00 4.350722789764404297e+00 -1.681797981262207031e+00 -4.862717628479003906e+00 2.077111482620239258e+00 2.512178719043731689e-01
-3.342831802368164062e+01 -1.746165513992309570e+00 1.594096183776855469e+00 -1.247483730316162109e+01 -4.445456027984619141e+00 -3.890522956848144531e+00 3.477265596389770508e+00 1.867969512939453125e+00 -2.271039962768554688e+00 2.982811927795410156e+00 -4.344939708709716797e+00 -7.920206785202026367e-01 5.302494525909423828e+00 -4.702443122863769531e+00 4.290145874023437500e+00 6.486790180206298828e+00 5.776960372924804688e+00 4.866384506225585938e+00 1.542348742485046387e+00 -2.556747674942016602e+00
-3.809426498413085938e+01 -1.324773430824279785e+00 5.880857467651367188e+00 -1.911618232727050781e+01 3.349715709686279297e+00 -2.754230260848999023e+00 -1.501425743103027344e+00 3.364141225814819336e+00 1.239149093627929688e+00 -5.548201799392700195e-01 -3.176719188690185547e+00 -3.627771377563476562e+00 3.443894863128662109e+00 4.049257636070251465e-01 -1.865897536277770996e+00 1.438400268554687500e+00 1.862243264913558960e-01 1.411284953355789185e-01 -1.571684956550598145e+00 5.997189044952392578e+00
-3.712400817871093750e+01 -1.235046386718750000e+00 1.492688059806823730e+00 -2.223120498657226562e+01 -5.485180854797363281e+00 -5.463481903076171875e+00 -7.554988384246826172e+00 1.786098778247833252e-01 1.610240787267684937e-01 -6.048304438591003418e-01 -1.941994547843933105e+00 5.730026721954345703e+00 -2.637856006622314453e-01 2.697534322738647461e+00 -3.561008870601654053e-01 7.082598209381103516e+00 -4.563350677490234375e+00 -4.203284263610839844e+00 -7.172576904296875000e+00 4.307354450225830078e+00
-3.131742286682128906e+01 -4.097530841827392578e+00 5.893374085426330566e-01 -1.207404136657714844e+01 3.193923711776733398e+00 -6.824718952178955078e+00 -6.560419082641601562e+00 9.784748077392578125e+00 1.067935085296630859e+01 -5.978728771209716797e+00 -8.248345255851745605e-01 2.543170928955078125e+00 5.362788677215576172e+00 -3.291764557361602783e-01 8.192510604858398438e+00 5.264508724212646484e+00 2.979630827903747559e-01 -2.845833063125610352e+00 -3.253651142120361328e+00 -8.731006085872650146e-02
-4.330990219116210938e+01 -3.047544360160827637e-01 8.344683647155761719e+00 -1.933773994445800781e+01 -3.406398296356201172e+00 1.240464019775390625e+01 -2.072340250015258789e+00 6.149384975433349609e+00 1.051834464073181152e+00 8.046156883239746094e+00 -5.305604457855224609e+00 -1.804881215095520020e+00 -2.892108678817749023e+00 2.225700139999389648e+00 1.051888227462768555e+00 1.407247543334960938e+00 -7.296269536018371582e-01 -6.904997825622558594e+00 -3.731113910675048828e+00 5.413408279418945312e+00
-4.105789184570312500e+01 3.085602521896362305e+00 5.422485351562500000e+00 -7.091632843017578125e+00 -7.104263782501220703e+00 -7.305674552917480469e+00 -6.488854885101318359e-01 3.885408639907836914e+00 -4.128532886505126953e+00 -3.536316633224487305e+00 -1.395175457000732422e+00 -7.184944629669189453e+00 -3.535445690155029297e+00 1.573953986167907715e+00 4.084622383117675781e+00 -5.018755435943603516e+00 -1.288526415824890137e+00 5.701344966888427734e+00 1.432907938957214355e+00 8.884947776794433594e+00
-2.947601890563964844e+01 -1.007660770416259766e+01 6.647958278656005859e+00 -2.250184440612792969e+01 -1.819188833236694336e+00 7.805316925048828125e+00 -5.549478054046630859e+00 6.936737060546875000e+00 4.118850231170654297e-01 4.195405483245849609e+00 -5.346117973327636719e+00 -9.832869529724121094e+00 -7.246636152267456055e-01 7.986077666282653809e-01 -7.273618221282958984e+00 3.399268865585327148e+00 -6.230183601379394531e+00 -2.233721733093261719e+00 -1.618068695068359375e+00 5.310825347900390625e+00
-3.885299301147460938e+01 4.379971027374267578e+00 1.470251441001892090e+00 -4.562565326690673828e+00 -8.960746765136718750e+00 -6.205470085144042969e+00 6.442537784576416016e+00 3.656220734119415283e-01 -1.529049754142761230e+00 -4.228127002716064453e+00 -4.159669876098632812e+00 -9.200612306594848633e-01 8.390722274780273438e-01 -5.398938655853271484e+00 3.044483661651611328e+00 -3.858201742172241211e+00 7.074516773223876953e+00 5.767332553863525391e+00 1.345491647720336914e+00 3.393361330032348633e+00
-3.540719223022460938e+01 2.855945348739624023e+00 1.575424432754516602e+00 -1.027557945251464844e+01 -7.955385684967041016e+00 -6.219139575958251953e+00 -3.503466844558715820e+00 2.141369819641113281e+00 6.035734176635742188e+00 -4.650962352752685547e+00 6.078802108764648438e+00 3.728260040283203125e+00 -1.176731586456298828e+01 -4.432824611663818359e+00 -4.566149711608886719e+00 -4.142329216003417969e+00 5.997192382812500000e+00 -3.193796396255493164e+00 -6.686410427093505859e+00 -9.674195200204849243e-02
-3.177029609680175781e+01 -1.047804117202758789e+00 4.250435531139373779e-01 -1.350946617126464844e+01 8.178757667541503906e+00 8.595457673072814941e-01 7.025980472564697266e+00 -3.269714832305908203e+00 5.677710175514221191e-01 5.018729686737060547e+00 -2.721213817596435547e+00 3.849743127822875977e+00 5.405948162078857422e+00 2.558002471923828125e-01 -1.435405015945434570e+00 -2.676704406738281250e+00 -1.692530035972595215e+00 2.185003519058227539e+00 8.239470481872558594e+00 1.610437750816345215e+00
-3.835920715332031250e+01 -2.771733522415161133e+00 4.669418811798095703e+00 -1.929912567138671875e+01 3.929536938667297363e-01 2.838263273239135742e+00 -1.049312973022460938e+01 4.010116100311279297e+00 7.031908988952636719e+00 3.326426506042480469e+00 4.853949069976806641e+00 4.750479221343994141e+00 -6.617644786834716797e+00 6.665925502777099609e+00 -7.360309958457946777e-01 -4.956460297107696533e-01 -1.423437952995300293e+00 -3.985515594482421875e+00 -1.059735774993896484e+01 1.964218139648437500e+00
-2.998150825500488281e+01 2.159239292144775391e+00 -2.149173021316528320e+00 -7.124905109405517578e+00 -1.009189319610595703e+01 -1.447428703308105469e+01 7.683334350585937500e+00 1.163372620940208435e-01 1.754145503044128418e+00 -1.821829229593276978e-01 -9.437745094299316406e+00 -8.230044364929199219e+00 6.406757831573486328e+00 -4.025566101074218750e+00 -3.062467336654663086e+00 4.138846397399902344e+00 1.931998729705810547e-01 6.427914142608642578e+00 2.241300582885742188e+00 1.132992625236511230e+00
-3.959281921386718750e+01 -6.490627527236938477e-01 6.491551399230957031e+00 -1.222624397277832031e+01 2.784304320812225342e-01 1.243851852416992188e+01 -2.027675151824951172e+00 1.096856594085693359e+01 3.100540935993194580e-01 1.457365131378173828e+01 3.692872762680053711e+00 -9.166832923889160156e+00 -7.228157043457031250e+00 5.821133852005004883e-01 2.945740699768066406e+00 -4.484286308288574219e+00 -1.523503810167312622e-01 -5.802059173583984375e-01 2.981326580047607422e-01 5.020108222961425781e+00
-4.074574661254882812e+01 5.481652259826660156e+00 6.894326210021972656e+00 -7.638922691345214844e+00 1.995673179626464844e+00 -6.517488956451416016e-01 -1.197419404983520508e+00 -5.134873390197753906e+00 -1.186027288436889648e+00 -2.869368076324462891e+00 -4.265792846679687500e+00 2.568621873855590820e+00 -4.736480236053466797e+00 -3.215926170349121094e+00 4.639377117156982422e+00 -1.525067806243896484e+00 3.041251659393310547e+00 6.765934467315673828e+00 1.032779502868652344e+01 1.299806714057922363e+00
-3.608197402954101562e+01 3.704388856887817383e+00 1.665285587310791016e+00 -2.289854049682617188e+01 2.728751420974731445e+00 -1.310065627098083496e+00 -1.231252384185791016e+01 2.480427980422973633e+00 -1.953187823295593262e+00 -1.685563087463378906e+00 2.889095544815063477e-01 -2.451401472091674805e+00 -1.386754512786865234e+01 -2.137959003448486328e+00 6.776611328125000000e+00 9.092539787292480469e+00 4.286345005035400391e+00 -2.049998521804809570e+00 -3.345737695693969727e+00 -5.903616905212402344e+00
-4.464088058471679688e+01 4.744941234588623047e+00 -2.398317903280258179e-01 -1.003386306762695312e+01 -1.952054977416992188e+00 7.834498286247253418e-01 -7.283952236175537109e+00 -1.025334930419921875e+01 -2.985306024551391602e+00 -1.124506187438964844e+01 2.347680568695068359e+00 9.337695121765136719e+00 -5.510606765747070312e+00 -6.186533451080322266e+00 8.460845947265625000e+00 3.591026961803436279e-01 2.292776107788085938e+00 -6.924597263336181641e+00 -2.253016471862792969e+00 5.368833541870117188e-01
-3.456281661987304688e+01 1.034103775024414062e+01 -1.810628533363342285e+00 -5.175262928009033203e+00 -1.177076053619384766e+01 -1.861584281921386719e+01 -7.938601970672607422e+00 -3.888612031936645508e+00 3.750333487987518311e-01 -1.281955432891845703e+01 -1.657467842102050781e+00 -4.253901541233062744e-01 -2.651520252227783203e+00 -4.526389598846435547e+00 -7.474943399429321289e-01 -1.323572278022766113e+00 -7.639503479003906250e-01 -1.170688718557357788e-01 1.450145959854125977e+00 -6.093495368957519531e+00
-3.453561782836914062e+01 4.062199592590332031e+00 -3.529890537261962891e+00 -4.271867275238037109e+00 -9.455851554870605469e+00 -1.300090217590332031e+01 -4.286962151527404785e-01 -2.247312307357788086e+00 8.267163634300231934e-01 -2.786759614944458008e+00 -6.597098350524902344e+00 -2.964530944824218750e+00 -5.172982215881347656e-01 1.354469656944274902e+00 7.145422935485839844e+00 -7.465383529663085938e+00 -8.469566702842712402e-01 -7.244481086730957031e+00 -3.877601385116577148e+00 1.910873651504516602e+00
-2.457944869995117188e+01 1.300942659378051758e+00 -5.243575572967529297e+00 -4.059364318847656250e+00 -1.400018787384033203e+01 -9.486485481262207031e+00 9.806344032287597656e+00 6.218355178833007812e+00 3.730883121490478516e+00 -5.085771560668945312e+00 2.846019506454467773e+00 1.719984292984008789e+00 4.231985569000244141e+00 -5.866312980651855469e+00 5.232161045074462891e+00 -4.931522846221923828e+00 -2.718469858169555664e+00 -7.463513851165771484e+00 -1.680156350135803223e+00 2.164860963821411133e+00
-2.576914978027343750e+01 -6.667830944061279297e+00 -4.506379961967468262e-01 -5.376805305480957031e+00 -1.044674873352050781e+01 -9.533752441406250000e+00 3.945386409759521484e+00 1.230211067199707031e+01 9.956335067749023438e+00 -1.795546531677246094e+00 -1.912586927413940430e+00 5.120910167694091797e+00 4.526094436645507812e+00 -1.910971999168395996e+00 7.038674354553222656e+00 -7.258688807487487793e-01 9.183691978454589844e+00 1.406000256538391113e+00 -2.249608755111694336e+00 1.045949459075927734e+00
-2.074467468261718750e+01 -5.692637443542480469e+00 -1.941553473472595215e+00 -9.021300315856933594e+00 -1.322764301300048828e+01 -7.379760265350341797e+00 7.538898468017578125e+00 8.350562095642089844e+00 9.925936698913574219e+00 4.573631763458251953e+00 4.448291301727294922e+00 6.153818607330322266e+00 4.244136333465576172e+00 1.696750044822692871e+00 -9.582133889198303223e-01 2.572219848632812500e+00 2.122925043106079102e+00 -3.643175601959228516e+00 1.284213423728942871e+00 1.348801732063293457e+00
-1.766816520690917969e+01 -9.034717559814453125e+00 -4.845180511474609375e+00 -1.581029534339904785e+00 4.019193649291992188e+00 -1.054148578643798828e+01 1.059227752685546875e+01 3.107379436492919922e+00 1.333380413055419922e+01 2.658786773681640625e+00 -9.736195802688598633e-01 5.105259418487548828e+00 5.928848743438720703e+00 -2.684726715087890625e+00 -1.111251711845397949e+00 3.457364320755004883e+00 4.601926326751708984e+00 -1.710673689842224121e+00 -9.333010762929916382e-03 4.886455535888671875e+00
-2.603741264343261719e+01 -6.458577156066894531e+00 9.386941790580749512e-01 -1.312439632415771484e+01 -6.036211013793945312e+00 -7.610735893249511719e+00 7.123250007629394531e+00 8.543766021728515625e+00 6.520431041717529297e+00 7.659792900085449219e+00 -6.894518375396728516e+00 4.849401473999023438e+00 4.238552570343017578e+00 1.013725042343139648e+00 -6.025159955024719238e-01 8.648700118064880371e-01 9.669273376464843750e+00 -3.920263051986694336e-01 6.685089319944381714e-02 -1.315098524093627930e+00
-3.692100143432617188e+01 1.788399696350097656e+00 2.570899486541748047e+00 -1.320736408233642578e+01 -1.167405033111572266e+01 4.133834362030029297e+00 7.177368640899658203e+00 3.973373889923095703e+00 -6.419135570526123047e+00 4.437668323516845703e+00 -5.628827571868896484e+00 -3.184798002243041992e+00 6.103621125221252441e-01 -8.630894660949707031e+00 1.184224319458007812e+01 -2.549193620681762695e+00 9.654461860656738281e+00 -8.154503822326660156e+00 -8.604855537414550781e+00 3.824183702468872070e+00
-3.233374786376953125e+01 -5.975676536560058594e+00 4.035300731658935547e+00 -2.487148857116699219e+01 1.159083485603332520e+00 2.383840322494506836e+00 -5.918148040771484375e+00 7.969777107238769531e+00 2.318570375442504883e+00 1.832199454307556152e+00 -4.314191341400146484e+00 3.466543197631835938e+00 9.540542602539062500e+00 1.628780722618103027e+00 6.767710447311401367e-01 1.133995819091796875e+01 1.488855719566345215e+00 1.755408406257629395e+00 -3.537635564804077148e+00 -5.084216117858886719e+00
-3.636837387084960938e+01 3.542062997817993164e+00 1.510784506797790527e+00 -1.391790676116943359e+01 -5.017151355743408203e+00 -3.732054233551025391e+00 3.032136917114257812e+00 4.111098766326904297e+00 -3.433263003826141357e-01 3.049106836318969727e+00 -3.591686248779296875e+00 6.747703552246093750e-01 5.331302165985107422e+00 4.941494941711425781e+00 -3.345246791839599609e+00 7.464074134826660156e+00 4.338311672210693359e+00 4.220655918121337891e+00 5.113637924194335938e+00 -1.223073244094848633e+00
-2.782950592041015625e+01 -6.933329105377197266e+00 5.516120910644531250e+00 -1.426724433898925781e+01 -4.942686080932617188e+00 6.939101696014404297e+00 8.334347724914550781e+00 6.307777404785156250e+00 1.554179787635803223e+00 1.175955009460449219e+01 -2.110069751739501953e+00 -7.896321773529052734e+00 3.269436836242675781e+00 1.321005725860595703e+01 4.983884841203689575e-02 -1.978999495506286621e+00 -7.437316775321960449e-01 4.309264659881591797e+00 4.171808719635009766e+00 3.896927356719970703e+00
-3.288345718383789062e+01 -4.956453800201416016e+00 7.845997333526611328e+00 -1.146322345733642578e+01 1.427094221115112305e+00 1.174580764770507812e+01 3.784907579421997070e+00 1.157968807220458984e+01 1.847829818725585938e+00 1.414147663116455078e+01 8.739417791366577148e-01 -7.893811225891113281e+00 -5.485311150550842285e-01 6.182837486267089844e-01 -1.013789653778076172e+00 -8.796075820922851562e+00 2.333223819732666016e+00 -2.589254140853881836e+00 4.388103008270263672e+00 4.288696765899658203e+00
-3.718705368041992188e+01 3.928111791610717773e+00 3.742725610733032227e+00 -1.681372070312500000e+01 -1.015010643005371094e+01 8.424711227416992188e-01 1.301335930824279785e+00 1.064662456512451172e+01 -3.521096467971801758e+00 1.025545978546142578e+01 -3.497470855712890625e+00 -1.119579696655273438e+01 6.061889529228210449e-01 3.162401437759399414e+00 -6.734921932220458984e+00 -6.325320720672607422e+00 5.925345420837402344e-01 1.302515387535095215e+00 2.304198741912841797e+00 1.684412240982055664e+00
-2.778233146667480469e+01 -9.023334503173828125e+00 7.017453312873840332e-01 -1.388129138946533203e+01 -7.029372692108154297e+00 2.357772111892700195e+00 4.837928295135498047e+00 1.066619300842285156e+01 2.629082918167114258e+00 3.204881906509399414e+00 -7.400537967681884766e+00 -3.104446649551391602e+00 3.137703657150268555e+00 1.151502323150634766e+01 -7.094601988792419434e-01 4.178734779357910156e+00 -6.685983180999755859e+00 -3.600702285766601562e+00 7.619640827178955078e-01 1.021810293197631836e+00
-2.519766044616699219e+01 -1.014809799194335938e+01 2.245724648237228394e-01 -1.161315727233886719e+01 3.426022052764892578e+00 -2.803517103195190430e+00 8.437530398368835449e-01 1.108027458190917969e+01 1.333639049530029297e+01 6.160680294036865234e+00 4.797276973724365234e+00 3.732547283172607422e+00 -4.606584548950195312e+00 4.200247287750244141e+00 -8.615665435791015625e-01 2.578603267669677734e+00 8.104328155517578125e+00 2.815072298049926758e+00 6.113010406494140625e+00 9.915280342102050781e-01
-3.521543502807617188e+01 -1.809934139251708984e+00 2.086047649383544922e+00 -1.327758026123046875e+01 9.641942024230957031e+00 9.364143371582031250e+00 1.526528358459472656e+00 3.081648349761962891e+00 9.819044172763824463e-02 6.886610031127929688e+00 -2.600679159164428711e+00 3.351231813430786133e+00 8.108914375305175781e+00 4.626379013061523438e+00 2.183663368225097656e+00 -1.209826111793518066e+00 1.664770394563674927e-01 9.407350540161132812e+00 3.800570964813232422e-02 -3.166756629943847656e+00
-3.219454574584960938e+01 -7.054785251617431641e+00 7.677951455116271973e-01 -1.419103717803955078e+01 -8.134128451347351074e-01 -1.607482790946960449e+00 9.512994885444641113e-01 1.093165779113769531e+01 1.580883312225341797e+01 -2.239650487899780273e+00 1.106369400024414062e+01 -3.824447393417358398e+00 6.160713672637939453e+00 9.129852294921875000e+00 7.293547153472900391e+00 1.466971755027770996e+00 -6.554448127746582031e+00 -2.390876293182373047e+00 5.983745098114013672e+00 3.031001567840576172e+00
-3.290530776977539062e+01 -2.445412635803222656e+00 8.267522454261779785e-01 -7.600416660308837891e+00 -1.254374122619628906e+01 7.760220527648925781e+00 7.944859981536865234e+00 9.849622726440429688e+00 -1.117864727973937988e+00 5.962117671966552734e+00 -2.634496927261352539e+00 -5.695601940155029297e+00 1.068471145629882812e+01 2.049954414367675781e+00 -2.821955204010009766e+00 4.532901942729949951e-01 -7.412300109863281250e+00 -4.838544130325317383e-01 3.829049348831176758e+00 4.190781116485595703e+00
-3.346396636962890625e+01 -4.854146957397460938e+00 1.351998043060302734e+01 -5.730237483978271484e+00 -1.106276321411132812e+01 1.155270576477050781e+01 3.903916597366333008e+00 9.856011390686035156e+00 6.906129837036132812e+00 1.058222675323486328e+01 2.344058752059936523e+00 -8.427946567535400391e-01 2.392126321792602539e+00 1.048410511016845703e+01 -5.736075878143310547e+00 -2.006412744522094727e+00 3.965814113616943359e-01 -8.605764389038085938e+00 3.390902757644653320e+00 2.145647764205932617e+00
-2.777355957031250000e+01 -1.467947769165039062e+01 1.551063346862792969e+01 -1.304810333251953125e+01 -1.025252723693847656e+01 3.225684642791748047e+00 4.539502143859863281e+00 6.106506347656250000e+00 8.210932016372680664e-01 8.850136756896972656e+00 -6.939390659332275391e+00 -4.678653240203857422e+00 -4.131222248077392578e+00 5.974022388458251953e+00 -3.912943601608276367e+00 1.339825630187988281e+00 -3.820662736892700195e+00 -8.283252716064453125e+00 3.332929909229278564e-01 1.389344692230224609e+00
-2.844503211975097656e+01 -8.365190505981445312e+00 8.507210731506347656e+00 -1.291471099853515625e+01 -1.009859657287597656e+01 9.585790634155273438e+00 5.006755352020263672e+00 1.065164566040039062e+01 8.924946784973144531e-01 3.241723775863647461e+00 -5.558310508728027344e+00 -9.900392532348632812e+00 2.391763687133789062e+00 9.860709190368652344e+00 -8.195971846580505371e-01 2.405104398727416992e+00 -4.407223701477050781e+00 9.891068935394287109e-01 6.021627426147460938e+00 3.711432933807373047e+00
-2.871125030517578125e+01 -4.042321205139160156e+00 1.111818790435791016e+01 -1.358310413360595703e+01 -8.878479003906250000e+00 7.440329551696777344e+00 3.036676883697509766e+00 1.203314018249511719e+01 -3.384056806564331055e+00 6.534427165985107422e+00 2.784635126590728760e-01 -9.908361434936523438e+00 -2.162054538726806641e+00 5.625940561294555664e-01 5.873491615056991577e-02 -1.606736421585083008e+00 -1.016788196563720703e+01 1.543495655059814453e+01 -5.512751102447509766e+00 5.092697620391845703e+00
-3.167989349365234375e+01 -7.415689468383789062e+00 1.559522628784179688e+01 -1.179185390472412109e+01 -2.319440364837646484e+00 2.298442459106445312e+01 2.194612979888916016e+00 3.499818801879882812e+00 2.572984218597412109e+00 9.019442558288574219e+00 -5.586009025573730469e-01 -3.660062551498413086e+00 8.770994544029235840e-01 7.769256591796875000e+00 -8.090017318725585938e+00 5.491406917572021484e-01 -1.447697758674621582e+00 -2.945566892623901367e+00 -1.325666666030883789e+00 9.171931266784667969e+00
-2.594599151611328125e+01 2.486017704010009766e+00 1.468139648437500000e+01 3.482137680053710938e+00 -9.250194549560546875e+00 2.236228179931640625e+01 7.934507369995117188e+00 -1.495905017852783203e+01 -2.335574388504028320e+00 -1.574935913085937500e+01 6.297542095184326172e+00 2.275136947631835938e+00 2.078386306762695312e+01 -1.608275794982910156e+01 -9.234737396240234375e+00 1.290858745574951172e+01 -1.265124511718750000e+01 -1.649839282035827637e+00 -5.963912487030029297e+00 -3.470935583114624023e+00
-2.581262207031250000e+01 4.456840753555297852e-01 1.639980697631835938e+01 6.602309226989746094e+00 -4.029896259307861328e+00 2.577089118957519531e+01 9.485459327697753906e+00 -9.362545967102050781e+00 -4.280395209789276123e-01 -1.256592655181884766e+01 5.061975479125976562e+00 -4.217483043670654297e+00 2.256798934936523438e+01 -1.629333877563476562e+01 -4.847196578979492188e+00 1.479350376129150391e+01 -4.142471313476562500e+00 -1.144879817962646484e+01 4.619826316833496094e+00 -8.733578324317932129e-01
-2.931499290466308594e+01 5.672422409057617188e+00 1.500251293182373047e+01 5.789567947387695312e+00 -8.720114707946777344e+00 2.744485473632812500e+01 1.123456764221191406e+01 -8.177572250366210938e+00 -1.371369719505310059e+00 -9.778647422790527344e+00 1.182683110237121582e+00 -4.678047001361846924e-01 2.704452514648437500e+01 -1.580490875244140625e+01 3.625318765640258789e+00 5.938724994659423828e+00 -5.139465808868408203e+00 -9.752631187438964844e+00 -3.384558916091918945e+00 -5.369147300720214844e+00
-2.027268218994140625e+01 2.423550367355346680e+00 -1.401450991630554199e+00 9.676160812377929688e+00 -1.067655944824218750e+01 9.597421646118164062e+00 2.036478996276855469e+01 -1.318748950958251953e+00 -8.096041679382324219e+00 5.621394157409667969e+00 -7.561802864074707031e-01 6.856007099151611328e+00 2.223095417022705078e+00 -3.330228090286254883e+00 5.771424293518066406e+00 2.860630750656127930e+00 -2.999721288681030273e+00 -4.665783405303955078e+00 6.996472358703613281e+00 4.167037487030029297e+00
-3.694775772094726562e+01 5.051167964935302734e+00 -9.979759454727172852e-01 -2.051327228546142578e+00 1.156017494201660156e+01 2.070775032043457031e+00 -8.375239372253417969e+00 -7.478316307067871094e+00 4.736294746398925781e+00 1.800963401794433594e+00 -2.847719788551330566e-01 -1.491652727127075195e+00 -3.436811685562133789e+00 2.845896005630493164e+00 -1.781861424446105957e+00 -5.000034809112548828e+00 -5.879033803939819336e-01 8.948828697204589844e+00 8.790194511413574219e+00 -3.343163490295410156e+00
-4.464101791381835938e+01 1.170267868041992188e+01 -2.511307895183563232e-01 -4.406017780303955078e+00 7.650326251983642578e+00 -4.931861460208892822e-01 -1.297146892547607422e+01 -9.629390716552734375e+00 -2.402964591979980469e+00 2.433310270309448242e+00 9.813673496246337891e-01 1.887341499328613281e+00 -6.749800205230712891e+00 -1.969305872917175293e+00 -7.461865901947021484e+00 -2.243937253952026367e+00 3.012382745742797852e+00 -3.496721744537353516e+00 -2.049344301223754883e+00 -4.208425045013427734e+00
-4.391971588134765625e+01 1.324187660217285156e+01 -3.553937673568725586e+00 1.159964370727539062e+01 1.182195186614990234e+01 -1.999856114387512207e+00 -1.022245979309082031e+01 -1.022618579864501953e+01 -1.563255667686462402e+00 9.776942253112792969e+00 -2.522868156433105469e+00 -5.365676879882812500e+00 -3.638285875320434570e+00 -6.305204391479492188e+00 -6.505856513977050781e+00 3.935978651046752930e+00 2.628527164459228516e+00 6.536932945251464844e+00 -3.620526075363159180e+00 -2.016519069671630859e+00
-3.896311187744140625e+01 1.082762622833251953e+01 -6.943467140197753906e+00 8.203673362731933594e+00 1.165792369842529297e+01 -1.341618895530700684e+00 -8.989017486572265625e+00 -1.263921642303466797e+01 -1.280280113220214844e+00 1.524523162841796875e+01 -1.797699570655822754e+00 -5.652202129364013672e+00 -1.340794920921325684e+00 -9.630743026733398438e+00 2.437081336975097656e+00 -4.008795619010925293e-01 -2.049813866615295410e-01 3.283986330032348633e+00 -4.149165630340576172e+00 -4.538778781890869141e+00
-1.856292152404785156e+01 -8.538171768188476562e+00 -1.595408558845520020e+00 -7.355123519897460938e+00 9.233293533325195312e+00 5.490203380584716797e+00 1.078138828277587891e+01 2.597579717636108398e+00 3.206561505794525146e-01 7.419848442077636719e+00 -1.301633358001708984e+00 -2.293914318084716797e+00 -9.474128723144531250e+00 -5.575249671936035156e+00 1.472897082567214966e-01 6.094400882720947266e+00 -1.883170008659362793e+00 5.000169754028320312e+00 5.280008316040039062e+00 -2.893578052520751953e+00
-3.431187057495117188e+01 4.707670211791992188e+00 -5.199887752532958984e+00 -5.168743133544921875e+00 6.542205333709716797e+00 4.476815223693847656e+00 7.411409378051757812e+00 -1.296668052673339844e+00 -6.206646919250488281e+00 1.311190128326416016e+00 3.337662696838378906e+00 2.337734699249267578e+00 3.176145851612091064e-01 -4.846367835998535156e+00 -9.525393843650817871e-01 -7.099064350128173828e+00 5.636615753173828125e-01 -1.193009018898010254e+00 4.834968090057373047e+00 1.910632967948913574e+00
-3.614210891723632812e+01 -4.461815655231475830e-01 -4.669311046600341797e+00 -9.946599960327148438e+00 5.098899364471435547e+00 -2.631892204284667969e+00 -4.584022521972656250e+00 2.022613525390625000e+00 -2.329112768173217773e+00 -5.708891391754150391e+00 3.230691194534301758e+00 5.962634086608886719e+00 2.663952112197875977e+00 -7.470046997070312500e+00 2.106622695922851562e+00 6.434378623962402344e+00 2.618025064468383789e+00 -4.191056728363037109e+00 8.018176078796386719e+00 -7.240929603576660156e+00
-3.215907287597656250e+01 2.253445625305175781e+00 -6.148041248321533203e+00 -6.363453865051269531e+00 -7.617854118347167969e+00 -8.471606254577636719e+00 7.849173069000244141e+00 3.902390956878662109e+00 6.388958930969238281e+00 -2.053573369979858398e+00 -3.321345197036862373e-03 -6.970325708389282227e-01 5.453614234924316406e+00 2.814178168773651123e-01 1.468813657760620117e+00 3.111207485198974609e-01 1.623016357421875000e+00 1.200275778770446777e+00 8.521147727966308594e+00 2.297523260116577148e+00
-3.826204299926757812e+01 1.219508647918701172e+00 -1.648627877235412598e+00 -1.163652038574218750e+01 1.259783506393432617e+00 -1.351814031600952148e+00 1.406467318534851074e+00 1.361503601074218750e+00 -6.005925178527832031e+00 2.583073616027832031e+00 2.642523527145385742e+00 1.372386217117309570e+00 3.264521658420562744e-01 -1.093785953521728516e+01 4.475567340850830078e+00 -7.074792385101318359e+00 7.154280662536621094e+00 4.192390143871307373e-01 8.967159390449523926e-01 -3.488288402557373047e+00
-2.596820068359375000e+01 -3.813206195831298828e+00 -6.972839832305908203e+00 -5.029726505279541016e+00 1.673675417900085449e+00 -5.420935526490211487e-02 6.335463523864746094e+00 1.053617000579833984e+01 7.245611667633056641e+00 5.335600852966308594e+00 4.779595851898193359e+00 1.821348547935485840e+00 -3.379379510879516602e+00 -9.180527687072753906e+00 -3.304944038391113281e-01 -3.821902513504028320e+00 4.451073169708251953e+00 -5.394916534423828125e-01 3.995105743408203125e+00 -5.088819026947021484e+00
-3.691260910034179688e+01 6.541817665100097656e+00 -6.069551467895507812e+00 -8.508668899536132812e+00 8.340290069580078125e+00 -1.788459181785583496e+00 -1.055235767364501953e+01 -4.752047061920166016e-01 -9.445739388465881348e-01 -9.427141189575195312e+00 5.639813899993896484e+00 8.241746425628662109e-01 -7.197891235351562500e+00 -4.007001399993896484e+00 -5.065583586692810059e-01 3.257321119308471680e+00 -2.577134132385253906e+00 -1.969565629959106445e+00 -1.245562195777893066e+00 -6.911436557769775391e+00
-4.074314880371093750e+01 1.249703407287597656e+01 -7.260258674621582031e+00 8.832745552062988281e+00 1.183649921417236328e+01 -2.750562667846679688e+00 -5.106285572052001953e+00 -9.502458572387695312e+00 1.773072838783264160e+00 6.335945725440979004e-01 -2.466722965240478516e+00 -5.517119884490966797e+00 5.898949623107910156e+00 6.639113903045654297e+00 -5.817743778228759766e+00 -2.255471467971801758e+00 -6.424530029296875000e+00 4.542616367340087891e+00 5.211655139923095703e+00 -2.264478683471679688e+00
-3.895895767211914062e+01 4.724129199981689453e+00 -3.756554126739501953e-01 -4.002817630767822266e+00 -8.607233166694641113e-01 -4.718094825744628906e+00 -8.984970092773437500e+00 -8.523363113403320312e+00 -5.411117076873779297e+00 -2.584184885025024414e+00 -2.308034420013427734e+00 7.852833867073059082e-01 -2.588249921798706055e+00 -5.730548381805419922e+00 4.846718311309814453e-01 -1.177946281433105469e+01 -6.970655918121337891e+00 -6.730809211730957031e+00 -3.563006162643432617e+00 6.258967518806457520e-01
-3.407776260375976562e+01 7.586918830871582031e+00 -3.624683618545532227e+00 2.171675682067871094e+00 -7.249016761779785156e+00 -1.233689117431640625e+01 -6.844311237335205078e+00 1.745780229568481445e+00 7.763536453247070312e+00 -4.773980617523193359e+00 1.187809276580810547e+01 3.816202580928802490e-01 -7.948638439178466797e+00 -6.266827583312988281e+00 -8.123205184936523438e+00 6.784385442733764648e-01 -3.092051506042480469e+00 -3.285196304321289062e+00 3.193306446075439453e+00 5.691362380981445312e+00
-3.827939605712890625e+01 9.624578475952148438e+00 -6.592167854309082031e+00 -2.398822069168090820e+00 5.896266460418701172e+00 -8.329802751541137695e-01 -1.773978948593139648e+00 -1.068093299865722656e+00 -3.878993511199951172e+00 -1.754209280014038086e+00 1.525171399116516113e+00 -4.403938353061676025e-01 -4.192848682403564453e+00 -8.431939125061035156e+00 -2.968851327896118164e+00 -3.603854417800903320e+00 -2.822980880737304688e+00 -4.639609336853027344e+00 9.300050735473632812e+00 1.685946136713027954e-01
-2.929441452026367188e+01 -1.895911574363708496e+00 -9.700783729553222656e+00 -8.136725425720214844e+00 1.824064373970031738e+00 -1.648195648193359375e+01 -6.541037559509277344e-01 1.358470678329467773e+00 3.336503744125366211e+00 -6.810357570648193359e+00 9.377367019653320312e+00 1.073998928070068359e+00 7.878315448760986328e-01 -6.777772903442382812e+00 2.316628694534301758e+00 -4.054655551910400391e+00 -8.897364616394042969e+00 -4.007725238800048828e+00 3.970330476760864258e+00 3.421775579452514648e+00
-3.596429061889648438e+01 6.151792526245117188e+00 -6.504011154174804688e+00 8.086590766906738281e+00 7.464141368865966797e+00 -1.054607105255126953e+01 -5.833640575408935547e+00 1.643790960311889648e+00 4.973572254180908203e+00 -1.841471433639526367e+00 2.884186983108520508e+00 -3.918853521347045898e+00 1.630263447761535645e+00 -3.105266809463500977e+00 6.925495624542236328e+00 -1.485490202903747559e+00 6.178389072418212891e+00 -1.762037128210067749e-01 -1.838331222534179688e-01 -8.450198173522949219e+00
-3.798029327392578125e+01 4.396232128143310547e+00 -3.854275703430175781e+00 -1.383024978637695312e+01 3.680082798004150391e+00 -3.210253715515136719e+00 -4.273911476135253906e+00 9.613063335418701172e-01 -2.271120309829711914e+00 -2.968915224075317383e+00 1.239499807357788086e+00 1.745099067687988281e+00 -2.056050777435302734e+00 2.972086668014526367e+00 7.451673984527587891e+00 -1.474679231643676758e+00 -1.555163860321044922e+00 -1.044341087341308594e+01 1.036437511444091797e+00 -5.015107154846191406e+00
-4.118273162841796875e+01 2.957856893539428711e+00 -9.611095190048217773e-01 -1.475079345703125000e+01 7.141986846923828125e+00 6.893539428710937500e+00 2.486254125833511353e-01 1.651705741882324219e+00 2.600257694721221924e-01 1.125429034233093262e+00 -4.783070683479309082e-01 -4.537580311298370361e-01 2.324681282043457031e+00 -1.776997804641723633e+00 4.736160755157470703e+00 -9.995416641235351562e+00 2.438127517700195312e+00 -6.999323844909667969e+00 1.928659677505493164e+00 1.908070921897888184e+00
-3.698787307739257812e+01 -2.147954463958740234e+00 6.803874969482421875e-01 -6.488377094268798828e+00 -9.161248803138732910e-01 -2.924771308898925781e+00 1.118625044822692871e+00 4.045051574707031250e+00 6.453758239746093750e+00 -9.491180777549743652e-01 -2.448728561401367188e+00 -3.718365907669067383e+00 -5.308218479156494141e+00 -9.297422170639038086e-01 8.527592658996582031e+00 -5.829725265502929688e+00 -1.369320273399353027e+00 3.344263136386871338e-01 1.487779521942138672e+01 -2.362955331802368164e+00
-3.943539810180664062e+01 5.332367420196533203e+00 2.089686632156372070e+00 -1.566240215301513672e+01 -4.833600044250488281e+00 4.442091941833496094e+00 -3.118139743804931641e+00 4.304848670959472656e+00 -2.384614467620849609e+00 4.024514675140380859e+00 1.970622092485427856e-01 -2.622862815856933594e+00 1.108477210998535156e+01 -3.333216190338134766e+00 -8.688870429992675781e+00 1.011547923088073730e+00 -2.749757766723632812e-01 5.544003486633300781e+00 -7.619227409362792969e+00 -5.171247005462646484e+00
-3.963214111328125000e+01 9.491751670837402344e+00 -7.403101325035095215e-01 -1.336030006408691406e+01 -3.256983757019042969e+00 5.802633285522460938e+00 -1.207626104354858398e+00 -4.214567840099334717e-01 -5.675210475921630859e+00 4.485737323760986328e+00 2.839850902557373047e+00 9.441998600959777832e-01 -8.615379333496093750e+00 -8.791909217834472656e+00 9.878649711608886719e-01 2.651862382888793945e+00 8.053827285766601562e+00 4.207693099975585938e+00 -6.095109581947326660e-01 -4.310464859008789062e+00
-4.492522430419921875e+01 1.151630306243896484e+01 -7.910953760147094727e-01 -5.186207771301269531e+00 -3.049894809722900391e+00 -1.598039984703063965e+00 -6.352052688598632812e+00 -2.629949092864990234e+00 -5.915477752685546875e+00 -4.187602043151855469e+00 -1.951643824577331543e+00 7.460986614227294922e+00 -6.814146995544433594e+00 -9.613490104675292969e+00 -1.547234058380126953e+00 2.956755161285400391e-01 7.511873245239257812e+00 -6.630659103393554688e+00 7.270158290863037109e+00 2.472097635269165039e+00
-3.937837219238281250e+01 1.147621440887451172e+01 -1.738137722015380859e+00 2.561716318130493164e+00 -1.307814693450927734e+01 -1.242300128936767578e+01 -1.433553576469421387e+00 -1.128766441345214844e+01 -8.746028900146484375e+00 -4.423975467681884766e+00 -5.124756813049316406e+00 -4.862157344818115234e+00 1.446241259574890137e+00 5.891592502593994141e+00 -6.846804618835449219e+00 -6.047320842742919922e+00 -3.206938505172729492e+00 5.566175460815429688e+00 2.259729623794555664e+00 4.987993717193603516e+00
-4.215744018554687500e+01 1.124564838409423828e+01 1.710121035575866699e+00 -1.038508796691894531e+01 -7.473061561584472656e+00 -8.628815650939941406e+00 -6.921875000000000000e+00 -7.742637157440185547e+00 -3.981674194335937500e+00 -5.405857563018798828e+00 2.659022331237792969e+00 -2.163390398025512695e+00 -3.410196602344512939e-01 1.060012722015380859e+01 -2.038489580154418945e+00 1.874639630317687988e+00 1.072998428344726562e+01 7.253643989562988281e+00 3.130460739135742188e+00 4.372819960117340088e-01
-4.562331008911132812e+01 9.956101417541503906e+00 -7.436485886573791504e-01 -2.376538848876953125e+01 -5.400323390960693359e+00 1.671046137809753418e+00 -4.052803993225097656e+00 -3.032787561416625977e+00 -1.407578659057617188e+01 -7.772354125976562500e+00 -3.394879698753356934e-01 7.057822227478027344e+00 4.022929072380065918e-01 7.946524620056152344e+00 -3.824408054351806641e+00 -4.123343944549560547e+00 1.555315017700195312e+00 -5.663516521453857422e+00 -4.267235279083251953e+00 -6.330122947692871094e-01
-3.785987854003906250e+01 9.489450454711914062e+00 -5.897377133369445801e-01 -5.500492095947265625e+00 -4.642277717590332031e+00 7.024250984191894531e+00 1.532205820083618164e+00 -1.855387210845947266e+00 -1.418711853027343750e+01 -1.528134346008300781e+00 8.667736053466796875e+00 -8.414256572723388672e-01 4.477602005004882812e+00 -4.243244647979736328e+00 -1.721765398979187012e+00 -5.556049346923828125e+00 3.145477294921875000e+00 1.316200137138366699e+00 1.393268346786499023e+00 -7.940605282783508301e-01
-4.017253494262695312e+01 7.249958992004394531e+00 5.049006938934326172e+00 -1.313438034057617188e+01 -2.082962989807128906e+00 1.261343955993652344e+01 -1.254518747329711914e+00 5.314441323280334473e-01 -1.043869209289550781e+01 7.447526931762695312e+00 2.853476047515869141e+00 -1.507450819015502930e+00 -2.630739688873291016e+00 9.301342964172363281e+00 -1.346505641937255859e+00 -8.050145149230957031e+00 -1.256521987915039062e+01 -5.516342639923095703e+00 5.583586692810058594e-01 1.561605334281921387e+00
-3.891502761840820312e+01 1.137997245788574219e+01 -3.232941150665283203e+00 -1.795113325119018555e+00 -1.247347164154052734e+01 -6.088687896728515625e+00 -1.617438316345214844e+00 -3.975603342056274414e+00 -1.464038372039794922e+00 -2.535045146942138672e+00 9.327543258666992188e+00 -3.663263797760009766e+00 -5.313577175140380859e+00 -4.511998653411865234e+00 -8.653185844421386719e+00 -5.172513008117675781e+00 -9.777823090553283691e-01 2.136412382125854492e+00 3.703287363052368164e+00 -3.031792163848876953e+00
-4.337452316284179688e+01 1.024691009521484375e+01 -1.700873851776123047e+00 -3.106836080551147461e+00 -6.991139411926269531e+00 1.417844772338867188e+00 -2.521793842315673828e+00 -5.273444652557373047e+00 -1.317522525787353516e+01 -1.616931557655334473e+00 7.396835803985595703e+00 1.698515534400939941e+00 1.187248349189758301e+00 -1.302865624427795410e+00 -3.151198625564575195e+00 -1.102513027191162109e+01 -7.954922199249267578e+00 -1.141309499740600586e+00 7.815094470977783203e+00 -2.620337009429931641e-01
-4.152954101562500000e+01 9.350625038146972656e+00 -7.668715715408325195e-01 -7.760149955749511719e+00 -9.990975379943847656e+00 -2.876383304595947266e+00 -5.216727256774902344e+00 -4.438425540924072266e+00 -7.184422969818115234e+00 -7.478131771087646484e+00 -3.349398851394653320e+00 2.118601322174072266e+00 -3.378597497940063477e+00 -5.823953628540039062e+00 -8.172867774963378906e+00 9.432123899459838867e-01 -4.033408641815185547e+00 -2.700723171234130859e+00 7.811859250068664551e-01 3.387061834335327148e+00
-4.045902252197265625e+01 7.145599842071533203e+00 1.291658639907836914e+00 -6.527977466583251953e+00 -4.426676750183105469e+00 -1.152482986450195312e+01 -6.352430820465087891e+00 -9.521429061889648438e+00 -4.482855796813964844e+00 -1.426310634613037109e+01 2.664053916931152344e+00 -9.304399490356445312e+00 -3.345906257629394531e+00 -9.581268429756164551e-01 -1.055522346496582031e+01 9.233092308044433594e+00 -5.937040448188781738e-01 7.871907234191894531e+00 1.589699506759643555e+00 1.113674259185791016e+01
-4.154985809326171875e+01 8.114872932434082031e+00 -1.194635868072509766e+00 -1.435096263885498047e+01 -6.538864612579345703e+00 -9.345587730407714844e+00 -1.006000900268554688e+01 -9.165102958679199219e+00 -2.767294645309448242e+00 -9.219111442565917969e+00 6.476127624511718750e+00 1.264118671417236328e+00 -6.386941432952880859e+00 -1.062667608261108398e+00 -4.239406108856201172e+00 7.281287193298339844e+00 2.462202548980712891e+00 9.584637641906738281e+00 2.911801815032958984e+00 -4.333226680755615234e+00
-4.146830368041992188e+01 3.193953752517700195e+00 -3.705018386244773865e-02 -7.317816257476806641e+00 1.237489700317382812e+00 -8.568126678466796875e+00 -8.597873687744140625e+00 -8.339006423950195312e+00 -7.793687283992767334e-02 1.129012703895568848e+00 3.941873073577880859e+00 -2.294795751571655273e+00 -4.110135555267333984e+00 -3.986778974533081055e+00 1.222875976562500000e+01 -3.539842367172241211e+00 -6.837148189544677734e+00 -3.907771110534667969e+00 -3.243650436401367188e+00 -4.964901447296142578e+00
-3.240784072875976562e+01 3.470813512802124023e+00 -6.211792826652526855e-01 -7.758411884307861328e+00 -1.040006542205810547e+01 -1.112406253814697266e+01 4.958327770233154297e+00 -4.284833431243896484e+00 4.555437088012695312e+00 2.285741269588470459e-01 2.804102182388305664e+00 5.580733299255371094e+00 6.685181617736816406e+00 2.748672008514404297e+00 -6.995824337005615234e+00 8.642136573791503906e+00 8.368011474609375000e+00 -4.706892013549804688e+00 7.918678760528564453e+00 6.551067352294921875e+00
-4.472313308715820312e+01 1.212366008758544922e+01 -1.561955451965332031e+00 -1.233031654357910156e+01 -5.251122474670410156e+00 -3.955753087997436523e+00 -7.118098258972167969e+00 -1.038112068176269531e+01 -5.302320957183837891e+00 -4.060923576354980469e+00 2.893921375274658203e+00 6.170439243316650391e+00 -9.141148567199707031e+00 -1.667194485664367676e+00 9.150271415710449219e-01 3.694889068603515625e+00 5.416697978973388672e+00 -5.243294239044189453e+00 2.096473932266235352e+00 -4.294305741786956787e-01
-4.110770416259765625e+01 9.630392074584960938e+00 3.275479078292846680e-01 -1.162036991119384766e+01 -2.367847681045532227e+00 -7.205208778381347656e+00 -8.399576187133789062e+00 -7.491720318794250488e-01 -1.095184230804443359e+01 -8.432020187377929688e+00 8.584220886230468750e+00 -3.565467357635498047e+00 -1.725889921188354492e+00 -7.542805194854736328e+00 2.334903240203857422e+00 4.463606476783752441e-01 2.182148456573486328e+00 2.987799882888793945e+00 1.650054097175598145e+00 -7.601366043090820312e+00
-4.342404174804687500e+01 5.383082389831542969e+00 -7.336537837982177734e-01 -1.483098793029785156e+01 1.865336894989013672e+00 -7.970287799835205078e+00 -8.423556327819824219e+00 -1.938916683197021484e+00 -4.181953907012939453e+00 -8.509646415710449219e+00 2.445129156112670898e+00 -3.715409040451049805e+00 -5.912256717681884766e+00 -1.149857997894287109e+00 -3.190272808074951172e+00 1.637808322906494141e+00 1.527843236923217773e+00 6.011196613311767578e+00 -3.982861712574958801e-02 -4.490258693695068359e+00
-4.520145797729492188e+01 1.049452495574951172e+01 3.332427501678466797e+00 -9.376454353332519531e+00 -9.120385169982910156e+00 -7.033428192138671875e+00 -2.337816238403320312e+00 -4.524898052215576172e+00 -3.280159711837768555e+00 -1.049716281890869141e+01 -1.187148928642272949e+00 4.844139099121093750e+00 -2.665565609931945801e-01 -2.313344478607177734e+00 -1.009780764579772949e+00 2.418339490890502930e+00 9.183966517448425293e-01 4.792588710784912109e+00 -2.559146881103515625e+00 -3.199623823165893555e-01
-3.719447326660156250e+01 1.091644859313964844e+01 -9.190347790718078613e-01 -5.123174667358398438e+00 -5.420208454132080078e+00 -1.396847057342529297e+01 -4.188993453979492188e+00 -1.662389039993286133e+00 7.334846854209899902e-01 -1.112617874145507812e+01 6.517325878143310547e+00 2.376577138900756836e+00 -5.725902557373046875e+00 -4.594960689544677734e+00 -2.884815692901611328e+00 2.060471773147583008e+00 2.564947903156280518e-01 -7.058074951171875000e+00 4.119574546813964844e+00 5.487802505493164062e+00
-3.691241836547851562e+01 1.293612575531005859e+01 -4.309321403503417969e+00 9.014644622802734375e+00 -8.208373069763183594e+00 -1.628834152221679688e+01 -6.435098648071289062e+00 -4.664167404174804688e+00 2.353253602981567383e+00 -2.188660144805908203e+00 -3.478129625320434570e+00 -4.898607730865478516e+00 -1.323310971260070801e+00 4.898800551891326904e-01 -6.000789642333984375e+00 -1.986066937446594238e+00 -2.562334775924682617e+00 -2.515197753906250000e+00 2.785584688186645508e+00 1.001641392707824707e+00
-3.533143234252929688e+01 5.337400913238525391e+00 -2.772777557373046875e+00 2.855357170104980469e+00 -1.272134590148925781e+01 -1.463121128082275391e+01 -2.105733156204223633e+00 2.200907945632934570e+00 7.507633209228515625e+00 -9.507838249206542969e+00 7.727197647094726562e+00 -4.568655490875244141e-01 -1.475820183753967285e+00 1.744194477796554565e-01 -2.056899070739746094e+00 -3.611927270889282227e+00 5.304908752441406250e+00 7.283140182495117188e+00 3.961598634719848633e+00 -6.342009902000427246e-01
-3.894186019897460938e+01 9.061070442199707031e+00 -1.270217895507812500e+00 -1.482140421867370605e+00 -3.528124809265136719e+00 -9.859346389770507812e+00 -9.379179000854492188e+00 1.709150671958923340e+00 1.378299474716186523e+00 -2.910263776779174805e+00 1.382214355468750000e+01 6.402111053466796875e+00 1.714870929718017578e+00 1.877975940704345703e+00 -4.160380840301513672e+00 -3.155219793319702148e+00 -4.232943534851074219e+00 -1.901670455932617188e+00 3.143868923187255859e+00 9.189180731773376465e-01
-3.709046554565429688e+01 1.330138778686523438e+01 -1.622359156608581543e+00 2.313516426086425781e+01 4.588531494140625000e+00 1.115209197998046875e+01 -3.886503934860229492e+00 2.785714626312255859e+00 -1.968033218383789062e+01 -4.426265239715576172e+00 -4.000339031219482422e+00 6.898377895355224609e+00 -2.269858837127685547e+00 2.457675933837890625e-01 7.680168747901916504e-01 -1.183661842346191406e+01 1.752234935760498047e+00 -2.077449560165405273e+00 -1.427490353584289551e+00 6.136694908142089844e+00
-3.404587936401367188e+01 9.950586318969726562e+00 -4.531788349151611328e+00 1.629631614685058594e+01 1.513316822052001953e+01 7.553059101104736328e+00 1.149142980575561523e+00 -1.536666154861450195e+00 -3.630014657974243164e+00 -7.483987331390380859e+00 -1.576417732238769531e+01 7.454823493957519531e+00 4.492868423461914062e+00 -2.423232555389404297e+00 -7.292114257812500000e+00 -5.143158435821533203e+00 1.562977671623229980e+00 -9.720196723937988281e+00 2.497566699981689453e+00 2.543542385101318359e+00
-2.876272583007812500e+01 1.591438502073287964e-01 -3.831266164779663086e+00 -9.025729179382324219e+00 4.235367298126220703e+00 7.158203125000000000e-01 3.076626539230346680e+00 4.553080081939697266e+00 2.222638607025146484e+00 -6.932383179664611816e-01 4.364421844482421875e+00 9.516062736511230469e-01 7.135028362274169922e+00 -4.152546882629394531e+00 1.236407947540283203e+01 -4.918446063995361328e+00 5.034362792968750000e+00 -2.047442197799682617e+00 2.046322822570800781e+00 1.038381695747375488e+00
-2.155967712402343750e+01 2.925897121429443359e+00 -2.282234191894531250e+00 2.060399055480957031e+00 1.033499336242675781e+01 -7.261376857757568359e+00 1.227543830871582031e+01 1.997700333595275879e+00 3.032108306884765625e+00 -5.736715316772460938e+00 6.432002067565917969e+00 9.076270103454589844e+00 -5.075694322586059570e-01 -3.333170413970947266e+00 9.086766242980957031e+00 -1.193473860621452332e-01 -4.950667321681976318e-01 5.503489017486572266e+00 5.756581783294677734e+00 1.977902889251708984e+00
-4.037686538696289062e+01 7.933405876159667969e+00 -2.665191650390625000e+00 1.602095222473144531e+01 1.339712047576904297e+01 5.280477046966552734e+00 -6.489586353302001953e+00 3.397043228149414062e+00 -4.714443683624267578e+00 -7.935152053833007812e+00 -7.539340972900390625e+00 5.057216644287109375e+00 2.810399293899536133e+00 -8.001752197742462158e-03 3.201265811920166016e+00 2.392290353775024414e+00 1.861408233642578125e+00 -4.360478401184082031e+00 3.712873935699462891e+00 1.704538226127624512e+00
-3.931255340576171875e+01 9.468499183654785156e+00 -6.426787376403808594e+00 1.738889694213867188e+01 1.278085136413574219e+01 3.519290208816528320e+00 -1.060006904602050781e+01 2.628049850463867188e+00 -7.171629905700683594e+00 -1.768242597579956055e+00 -7.061245918273925781e+00 -2.812109231948852539e+00 6.700547695159912109e+00 2.486859083175659180e+00 3.842816591262817383e+00 -4.975025653839111328e+00 -5.329633235931396484e+00 1.793912887573242188e+00 -3.947006702423095703e+00 -3.476239442825317383e+00
-4.308348083496093750e+01 7.237435340881347656e+00 -6.143157482147216797e+00 1.529761981964111328e+01 1.994758033752441406e+01 1.076041316986083984e+01 -1.904721021652221680e+00 -4.470647811889648438e+00 -2.602214574813842773e+00 6.833179950714111328e+00 -3.514957427978515625e+00 1.958075352013111115e-02 3.490996122360229492e+00 3.299278974533081055e+00 -3.247714281082153320e+00 -2.126771450042724609e+00 1.449138998985290527e+00 2.462985277175903320e+00 7.242460727691650391e+00 -4.557383537292480469e+00
-4.055388641357421875e+01 7.918549537658691406e+00 -3.260457277297973633e+00 1.370186519622802734e+01 1.497354316711425781e+01 1.249787330627441406e+01 -2.121717691421508789e+00 2.869598150253295898e+00 -1.528135061264038086e+00 -2.390538692474365234e+00 -9.941457748413085938e+00 5.397953510284423828e+00 2.819180190563201904e-01 5.272233009338378906e+00 6.764114856719970703e+00 -1.045694446563720703e+01 5.158526420593261719e+00 1.720217823982238770e+00 1.026746153831481934e+00 -2.382072687149047852e+00
-4.319488906860351562e+01 8.627212524414062500e+00 -1.016739487648010254e+00 7.586454868316650391e+00 1.197580051422119141e+01 -3.764209985733032227e+00 -1.265491485595703125e+01 -1.333980560302734375e+01 -2.440601825714111328e+00 1.422414660453796387e+00 -6.358108043670654297e+00 2.233869075775146484e+00 -1.891369938850402832e+00 3.074394702911376953e+00 -4.780493378639221191e-01 -1.218269348144531250e+00 1.276313543319702148e+00 6.464341163635253906e+00 -2.520333528518676758e+00 -3.570341825485229492e+00
-4.295332336425781250e+01 8.034422874450683594e+00 -4.056393623352050781e+00 7.413683414459228516e+00 1.093602275848388672e+01 3.516365766525268555e+00 -7.070320129394531250e+00 -3.325916051864624023e+00 -8.393815159797668457e-01 2.598157882690429688e+00 -8.292749524116516113e-02 -3.992396593093872070e+00 -2.658874392509460449e-01 2.381488800048828125e+00 4.123518943786621094e+00 -5.340075969696044922e+00 1.385108947753906250e+00 7.286273837089538574e-01 -5.252760887145996094e+00 -5.973300457000732422e+00
-2.567304611206054688e+01 -5.012365579605102539e-01 -8.794438362121582031e+00 -4.894880771636962891e+00 2.034821319580078125e+01 9.368544816970825195e-01 1.194873809814453125e+01 -4.874800205230712891e+00 2.638797760009765625e+00 -3.870296478271484375e+00 -9.007854461669921875e+00 5.204578399658203125e+00 1.101254272460937500e+01 2.656889200210571289e+00 -1.107137441635131836e+00 -2.700217485427856445e+00 -5.160367488861083984e+00 1.763296008110046387e+00 7.589175701141357422e+00 -1.817826867103576660e+00
-3.414313125610351562e+01 6.784895420074462891e+00 1.152653098106384277e+00 6.306599617004394531e+00 6.014074802398681641e+00 -3.340699195861816406e+00 8.049920082092285156e+00 -8.750365376472473145e-01 3.555733919143676758e+00 -5.095767498016357422e+00 1.251808834075927734e+01 6.017314434051513672e+00 5.595276355743408203e+00 -4.717146873474121094e+00 7.487468123435974121e-01 -8.258048057556152344e+00 3.968043565750122070e+00 3.164921283721923828e+00 1.563234090805053711e+00 8.974400520324707031e+00
-4.046833801269531250e+01 5.218505859375000000e+00 -3.895166635513305664e+00 4.423037052154541016e+00 1.020394611358642578e+01 -3.163046598434448242e+00 9.949151426553726196e-02 3.500926792621612549e-01 -3.980725631117820740e-02 -4.151074409484863281e+00 -7.949509620666503906e+00 6.645382046699523926e-01 9.604289054870605469e+00 6.621261119842529297e+00 -2.624197721481323242e+00 -3.222796320915222168e-02 1.013571357727050781e+01 8.862341880798339844e+00 -3.607891798019409180e+00 3.191292583942413330e-01
-3.608658218383789062e+01 6.559817314147949219e+00 -8.096877098083496094e+00 4.578744411468505859e+00 1.374658679962158203e+01 -1.295163154602050781e+00 5.895879745483398438e+00 -7.192231655120849609e+00 -2.434393912553787231e-01 -2.374016761779785156e+00 -3.420682668685913086e+00 2.823967933654785156e+00 7.905923366546630859e+00 -2.136721849441528320e+00 -2.637564420700073242e+00 -8.476123809814453125e+00 6.710906982421875000e+00 -1.323370695114135742e+00 -1.475960850715637207e+00 1.621693253517150879e+00
-3.582709503173828125e+01 1.044011878967285156e+01 -6.967457294464111328e+00 1.478303909301757812e+01 1.217453765869140625e+01 -7.699627399444580078e+00 -3.705054521560668945e+00 -2.435453653335571289e+00 3.138210773468017578e+00 4.033907890319824219e+00 -3.425823211669921875e+00 7.588303089141845703e-01 7.058903694152832031e+00 2.339399814605712891e+00 -3.561744928359985352e+00 -8.676505088806152344e+00 3.358928680419921875e+00 4.117031574249267578e+00 -3.799215316772460938e+00 -2.203586101531982422e+00
-3.608019638061523438e+01 9.262571334838867188e+00 -1.951377153396606445e+00 5.791210651397705078e+00 1.217270731925964355e+00 -6.768784523010253906e+00 -4.123390197753906250e+00 -3.884999990463256836e+00 -3.709237098693847656e+00 6.783189177513122559e-01 7.196674823760986328e+00 6.082464456558227539e-01 4.757197856903076172e+00 4.469398975372314453e+00 -5.738680362701416016e+00 -3.710655689239501953e+00 -2.327059745788574219e+00 1.206657364964485168e-01 3.501361846923828125e+00 -9.151501059532165527e-01
-3.392443466186523438e+01 2.580295085906982422e+00 -9.212503582239151001e-02 9.310982704162597656e+00 -1.168167710304260254e+00 3.129421949386596680e+00 2.710852861404418945e+00 -1.375671863555908203e+00 2.374954938888549805e+00 3.782270908355712891e+00 1.441161537170410156e+01 1.133949279785156250e+01 -1.812101304531097412e-01 -4.695740342140197754e-01 -1.988881945610046387e+00 -8.090476036071777344e+00 3.387107372283935547e+00 -5.488311767578125000e+00 8.183633804321289062e+00 6.355612277984619141e-01
-2.993716430664062500e+01 5.157523155212402344e+00 -1.336158275604248047e+01 1.493649768829345703e+01 8.360749244689941406e+00 -6.346672534942626953e+00 -4.438244342803955078e+00 1.439110040664672852e+00 1.720523643493652344e+01 4.436978816986083984e+00 9.824689865112304688e+00 -8.180652856826782227e-01 1.882329702377319336e+00 4.437881469726562500e+00 -3.833151102066040039e+00 1.600208133459091187e-01 1.318845629692077637e+00 -2.635430574417114258e+00 -6.098270893096923828e+00 -2.783175706863403320e+00
-3.226418304443359375e+01 7.178609371185302734e+00 -1.318666338920593262e+00 1.711668205261230469e+01 6.298686981201171875e+00 -6.420366168022155762e-01 -8.310379028320312500e+00 -2.749421358108520508e+00 4.440366744995117188e+00 5.589386940002441406e+00 5.740524768829345703e+00 9.190026283264160156e+00 2.853366613388061523e+00 1.454492187500000000e+01 -1.648181676864624023e-01 3.569373846054077148e+00 -1.913651227951049805e-01 -4.836707592010498047e+00 -2.603034079074859619e-01 -4.907791614532470703e+00
-3.658367538452148438e+01 9.939636230468750000e+00 -2.131776332855224609e+00 1.787327194213867188e+01 8.095219612121582031e+00 -4.713021278381347656e+00 -7.014822006225585938e+00 -1.042543220520019531e+01 1.033016204833984375e+01 1.493112564086914062e+01 -7.833733558654785156e-01 -7.217638492584228516e+00 2.017724990844726562e+00 7.519680023193359375e+00 -1.885946094989776611e-01 5.849976062774658203e+00 -1.083036899566650391e+00 4.088072299957275391e+00 3.937186717987060547e+00 -1.556343674659729004e+00
-3.779987335205078125e+01 1.108998870849609375e+01 1.926027238368988037e-01 1.786629295349121094e+01 -1.063491153717041016e+01 2.169574737548828125e+00 -2.080900818109512329e-01 -1.345023250579833984e+01 -2.703418731689453125e+00 1.131025600433349609e+01 2.884298563003540039e+00 -6.963713169097900391e+00 -6.802419185638427734e+00 -5.127019882202148438e+00 3.179298639297485352e+00 7.833047866821289062e+00 2.950162410736083984e+00 -1.617202520370483398e+00 4.592126369476318359e+00 2.454929590225219727e+00
-3.484798431396484375e+01 1.351101875305175781e+01 -1.893721461296081543e+00 2.084849357604980469e+01 -9.143450736999511719e+00 4.961676299571990967e-01 1.066350579261779785e+00 -1.279914665222167969e+01 -4.233613491058349609e+00 1.952076339721679688e+01 -1.899430632591247559e+00 -8.269665718078613281e+00 -2.848290205001831055e+00 -3.514796972274780273e+00 3.188616275787353516e+00 -6.437679380178451538e-02 9.707656502723693848e-01 2.613830089569091797e+00 1.066362619400024414e+00 -5.646626472473144531e+00
-3.128114700317382812e+01 1.157231330871582031e+01 -2.702079296112060547e+00 1.681268119812011719e+01 -4.734542846679687500e+00 -9.234771877527236938e-02 -5.694548130035400391e+00 -1.431549930572509766e+01 6.344207286834716797e+00 2.389183425903320312e+01 1.272472667694091797e+01 -4.859359264373779297e+00 3.766635656356811523e-01 2.951840460300445557e-01 2.740412950515747070e+00 6.425693988800048828e+00 -3.354808390140533447e-01 -4.779104232788085938e+00 -2.537868261337280273e+00 1.916427969932556152e+00
-3.156352615356445312e+01 1.202808952331542969e+01 -1.685342311859130859e+00 1.644085502624511719e+01 -4.933175563812255859e+00 -2.910570800304412842e-01 -5.537546634674072266e+00 -1.457001113891601562e+01 6.400910854339599609e+00 2.359818077087402344e+01 1.270907688140869141e+01 -4.401900768280029297e+00 4.722551703453063965e-01 5.138131976127624512e-01 2.568641662597656250e+00 7.309775352478027344e+00 -5.682871937751770020e-01 -5.125906467437744141e+00 -2.820576190948486328e+00 1.806630134582519531e+00
-2.697891235351562500e+01 1.545098018646240234e+01 -8.833149075508117676e-02 1.877763938903808594e+01 -1.493318557739257812e+01 -1.016864681243896484e+01 6.313292980194091797e+00 -3.289119005203247070e+00 4.255965232849121094e+00 1.378523635864257812e+01 9.015106201171875000e+00 -2.804391145706176758e+00 2.363479852676391602e+00 -7.846181869506835938e+00 6.477546691894531250e+00 -1.758032202720642090e+00 -3.730247974395751953e+00 -1.678161382675170898e+00 -4.260516643524169922e+00 -1.108233571052551270e+00
-2.429474449157714844e+01 1.267208957672119141e+01 -1.279997676610946655e-01 2.316526222229003906e+01 -1.743362998962402344e+01 -7.404296875000000000e+00 6.466275691986083984e+00 -6.628918647766113281e+00 1.151129603385925293e+00 1.095150852203369141e+01 1.040659046173095703e+01 -4.196187019348144531e+00 -1.750670194625854492e+00 -1.597568690776824951e-01 9.700097084045410156e+00 2.230981588363647461e+00 -6.070694923400878906e+00 -4.502980709075927734e+00 3.368312835693359375e+00 3.810621261596679688e+00
-3.169110488891601562e+01 1.305698585510253906e+01 -2.974582195281982422e+00 2.089480781555175781e+01 -1.315711688995361328e+01 -8.815988540649414062e+00 -2.007024765014648438e+00 -8.921336174011230469e+00 5.457378625869750977e-01 1.168109512329101562e+01 4.826748371124267578e+00 -6.227214336395263672e+00 6.669071674346923828e+00 -3.403233766555786133e+00 3.599603176116943359e+00 6.395235061645507812e+00 -4.613771915435791016e+00 9.075640141963958740e-02 5.685517311096191406e+00 -3.376414537429809570e+00
-3.231127166748046875e+01 1.349074554443359375e+01 -5.809410572052001953e+00 2.340560340881347656e+01 -8.021347999572753906e+00 -1.416173076629638672e+01 -5.681986331939697266e+00 -1.234142112731933594e+01 3.988672256469726562e+00 1.378715991973876953e+01 6.238577842712402344e+00 -8.168939590454101562e+00 -1.051946878433227539e+00 -1.520058155059814453e+00 6.045578718185424805e-01 3.145419359207153320e+00 -1.173617601394653320e+00 2.554699182510375977e+00 2.558812856674194336e+00 3.282026290893554688e+00
-3.676074981689453125e+01 1.328952121734619141e+01 3.648659229278564453e+00 1.637256622314453125e+01 -1.116966629028320312e+01 6.104441165924072266e+00 -4.262155055999755859e+00 -2.034266281127929688e+01 -7.341375946998596191e-01 1.282700634002685547e+01 -7.741430282592773438e+00 8.964404106140136719e+00 -1.003140449523925781e+00 7.223786354064941406e+00 1.048174619674682617e+00 5.460321903228759766e+00 1.629913210868835449e+00 -8.141331672668457031e+00 4.444022655487060547e+00 -4.335376739501953125e+00
-3.594806289672851562e+01 9.086357116699218750e+00 -5.375444889068603516e+00 1.814064216613769531e+01 7.003100514411926270e-01 -1.226978302001953125e+01 -5.451323509216308594e+00 -4.601659774780273438e+00 9.048727989196777344e+00 1.153191184997558594e+01 5.681307792663574219e+00 4.608575820922851562e+00 -6.592860221862792969e-01 6.614087820053100586e-01 -3.598193168640136719e+00 9.699143171310424805e-01 2.783553838729858398e+00 -3.824931621551513672e+00 -2.302253007888793945e+00 2.209846735000610352e+00
-3.438790512084960938e+01 7.455102920532226562e+00 3.715895712375640869e-01 1.799982833862304688e+01 -5.529745578765869141e+00 -1.173520088195800781e+01 -6.221629142761230469e+00 -1.704291534423828125e+01 5.641019821166992188e+00 1.290928840637207031e+01 -5.810289382934570312e+00 -3.701467514038085938e+00 9.952171325683593750e+00 1.047222137451171875e+00 -1.009714007377624512e+00 6.934931278228759766e+00 -5.806496620178222656e+00 7.173193693161010742e-01 -1.188699960708618164e+00 4.727805554866790771e-01
-3.469046783447265625e+01 1.038485240936279297e+01 -2.758836984634399414e+00 1.850317001342773438e+01 -1.275465965270996094e+01 -1.081440544128417969e+01 -5.373373985290527344e+00 -1.435855960845947266e+01 3.904033899307250977e+00 1.879842758178710938e+01 -7.266937732696533203e+00 -4.130153179168701172e+00 2.702033758163452148e+00 2.789814710617065430e+00 6.342008113861083984e+00 7.592745304107666016e+00 1.109061837196350098e+00 2.996261835098266602e+00 -4.641294956207275391e+00 -1.901839137077331543e+00
-3.276537322998046875e+01 1.243290901184082031e+01 -7.153423786163330078e+00 1.895459938049316406e+01 -6.951305389404296875e+00 -1.451625728607177734e+01 -5.725340366363525391e+00 -9.081876754760742188e+00 8.576129078865051270e-01 1.416198348999023438e+01 -9.535933494567871094e+00 -9.844388008117675781e+00 4.069674015045166016e+00 5.240904167294502258e-02 6.136471748352050781e+00 -5.053879261016845703e+00 -2.955442190170288086e+00 4.409684658050537109e+00 -2.481737852096557617e+00 -2.970457315444946289e+00
-3.956472396850585938e+01 1.155992317199707031e+01 -3.001329898834228516e+00 1.554476642608642578e+01 2.634982347488403320e+00 -6.486820220947265625e+00 -9.166333198547363281e+00 -8.551425933837890625e-01 -3.042674541473388672e+00 1.153198909759521484e+01 4.200384616851806641e+00 -1.030308437347412109e+01 -1.212816953659057617e+00 -4.205591678619384766e+00 3.690008640289306641e+00 -8.447820663452148438e+00 -1.767593979835510254e+00 6.836999416351318359e+00 -4.044146537780761719e+00 -3.941438913345336914e+00
-3.634896087646484375e+01 9.266423225402832031e+00 -4.573689937591552734e+00 2.250540924072265625e+01 7.833994388580322266e+00 4.419160485267639160e-01 -7.939545631408691406e+00 1.583021402359008789e+00 4.405288696289062500e+00 9.057628631591796875e+00 -5.736947536468505859e+00 -7.792641520500183105e-01 2.226715326309204102e+00 -4.186856269836425781e+00 7.544845581054687500e+00 9.600414037704467773e-01 -9.605084419250488281e+00 -3.052555799484252930e+00 -7.667668342590332031e+00 -1.091567707061767578e+01
-4.200363540649414062e+01 1.249957561492919922e+01 -1.501361250877380371e+00 2.467910575866699219e+01 6.717794895172119141e+00 1.199235725402832031e+01 -7.535823345184326172e+00 5.118350982666015625e+00 -1.059221744537353516e+01 -1.070684146881103516e+01 -1.382351493835449219e+01 6.923985481262207031e+00 -8.544638156890869141e-01 -1.523683369159698486e-01 -1.954738736152648926e+00 -2.774384021759033203e+00 -3.389410018920898438e+00 -4.576308727264404297e+00 -1.092476099729537964e-01 -1.570421099662780762e+00
-2.972323799133300781e+01 8.992955207824707031e+00 -7.571105360984802246e-01 2.821510505676269531e+01 -4.167003631591796875e+00 1.526018333435058594e+01 -6.436120033264160156e+00 1.821047401428222656e+01 -8.694902420043945312e+00 -4.186071872711181641e+00 -5.079079627990722656e+00 4.686586856842041016e+00 2.075704485177993774e-01 2.640965223312377930e+00 5.923159599304199219e+00 7.587138175964355469e+00 4.806592941284179688e+00 6.664469242095947266e-01 -1.648072719573974609e+00 -2.701046466827392578e+00
-2.396181297302246094e+01 1.260293674468994141e+01 -2.519953250885009766e+00 3.704595947265625000e+01 -1.375743031501770020e+00 3.132189035415649414e+00 -7.437849044799804688e+00 2.743952178955078125e+01 -6.380137801170349121e-01 -4.504946231842041016e+00 7.962138652801513672e-01 -2.157744884490966797e+00 1.237246394157409668e-01 -1.134595990180969238e+00 6.518911719322204590e-01 6.341451644897460938e+00 -3.017527103424072266e+00 4.328556537628173828e+00 6.500076651573181152e-01 3.867219686508178711e+00
-2.821617889404296875e+01 8.966857910156250000e+00 -6.408322811126708984e+00 3.602608108520507812e+01 -1.137663269042968750e+01 2.081605911254882812e+00 -8.931154251098632812e+00 2.576432418823242188e+01 -5.586888313293457031e+00 -6.956476211547851562e+00 -6.692429542541503906e+00 1.303173542022705078e+00 -3.574249267578125000e+00 2.199163198471069336e+00 -3.888493776321411133e+00 3.482005119323730469e+00 -5.557882785797119141e+00 2.290475845336914062e+00 1.334761857986450195e+00 -2.342064976692199707e-01
-2.363593292236328125e+01 1.054961967468261719e+01 -6.456512451171875000e+00 3.798112106323242188e+01 -7.147041797637939453e+00 7.815909862518310547e+00 -9.294082641601562500e+00 2.238491821289062500e+01 3.249274015426635742e+00 -6.629273891448974609e+00 -8.293608665466308594e+00 -1.229551672935485840e+00 -1.879871845245361328e+00 -1.471627593040466309e+00 -1.725782394409179688e+00 1.208515071868896484e+01 2.663594722747802734e+00 -1.228072762489318848e+00 -1.080066680908203125e+00 1.232335805892944336e+00
-2.380223464965820312e+01 8.940338134765625000e+00 -6.840566635131835938e+00 3.627970123291015625e+01 -9.939864158630371094e+00 4.459862709045410156e+00 -9.389153480529785156e+00 2.533729171752929688e+01 -2.958180427551269531e+00 -5.023001670837402344e+00 -3.051450490951538086e+00 -1.185165405273437500e+00 -7.804502964019775391e+00 1.144457101821899414e+00 -4.832837581634521484e+00 2.300403118133544922e+00 -3.649048328399658203e+00 5.216206312179565430e-01 3.683820366859436035e-01 -7.571685910224914551e-01
-3.170955657958984375e+01 9.617693901062011719e+00 6.940855383872985840e-01 3.727151107788085938e+01 -9.615446090698242188e+00 1.050885581970214844e+01 -9.046640396118164062e+00 2.217518615722656250e+01 -4.081035137176513672e+00 -7.478591442108154297e+00 2.174795150756835938e+00 -2.783165693283081055e+00 -5.154417514801025391e+00 -8.527992963790893555e-01 -2.933078289031982422e+00 4.706678390502929688e+00 -4.978311359882354736e-01 3.927150487899780273e+00 2.895236492156982422e+00 7.607390403747558594e+00
-2.934070396423339844e+01 1.435560226440429688e+01 -7.736724019050598145e-01 3.618173980712890625e+01 -1.263054847717285156e+01 -2.831722423434257507e-02 -3.437266349792480469e+00 2.382825279235839844e+01 -5.103588581085205078e+00 -1.189172267913818359e+01 -4.361343085765838623e-01 3.128688573837280273e+00 -2.170931577682495117e+00 -1.662049293518066406e+00 1.281121373176574707e+00 3.189891576766967773e+00 -1.639217019081115723e+00 1.751598238945007324e+00 -4.311652779579162598e-01 7.258200645446777344e+00
-3.003443908691406250e+01 1.102699375152587891e+01 -7.103319644927978516e+00 3.015734291076660156e+01 2.392514467239379883e+00 4.991857051849365234e+00 -7.703763484954833984e+00 1.693486976623535156e+01 3.959753036499023438e+00 -7.150924682617187500e+00 -3.227722883224487305e+00 1.156469210982322693e-01 -1.596316576004028320e+00 2.915016174316406250e+00 1.369614481925964355e+00 8.361375808715820312e+00 -1.497627496719360352e+00 -1.290329545736312866e-01 -1.545596003532409668e+00 6.079138815402984619e-02
-3.605466079711914062e+01 1.240863609313964844e+01 -1.674234867095947266e+00 2.791092300415039062e+01 2.520017623901367188e+00 5.574224948883056641e+00 -3.791604995727539062e+00 1.360585403442382812e+01 -3.662029266357421875e+00 -4.752066612243652344e+00 1.798398971557617188e+00 2.632659912109375000e+00 -8.278718948364257812e+00 2.967095971107482910e-01 2.092626571655273438e+00 -4.711731910705566406e+00 4.244464039802551270e-01 1.312987804412841797e+00 3.812502145767211914e+00 3.161168575286865234e+00
-3.446162796020507812e+01 7.516559123992919922e+00 -6.904809951782226562e+00 3.094839096069335938e+01 4.976601123809814453e+00 -1.707689642906188965e+00 -1.074174499511718750e+01 1.857519149780273438e+01 1.736359596252441406e+00 -5.282715320587158203e+00 -5.502455234527587891e+00 6.676431179046630859e+00 -4.272938668727874756e-01 1.558559298515319824e+00 -3.040673494338989258e+00 -2.630337953567504883e+00 -3.602784156799316406e+00 -3.635382413864135742e+00 2.109719514846801758e+00 1.316422939300537109e+00
-3.210118484497070312e+01 9.066340446472167969e+00 -2.716285705566406250e+00 2.546457290649414062e+01 4.563126564025878906e+00 8.198005676269531250e+00 -8.368499755859375000e+00 9.874433517456054688e+00 -1.368812084197998047e+00 -5.615919589996337891e+00 -3.610407590866088867e+00 1.102837181091308594e+01 -5.187181472778320312e+00 2.350503206253051758e+00 6.834283471107482910e-01 -5.656723022460937500e+00 1.602630019187927246e+00 -6.657407283782958984e+00 4.224990308284759521e-01 5.484195232391357422e+00
-2.956417083740234375e+01 8.276702880859375000e+00 -2.103976726531982422e+00 2.236691665649414062e+01 -1.097189635038375854e-01 -3.172729730606079102e+00 -1.022155761718750000e+01 3.113236427307128906e+00 3.695240497589111328e+00 8.688846826553344727e-01 -1.505116081237792969e+01 -2.605752944946289062e-01 5.200379848480224609e+00 4.640670299530029297e+00 2.859268426895141602e+00 6.000137329101562500e+00 4.678539752960205078e+00 4.202671051025390625e+00 -8.354023933410644531e+00 -4.379477024078369141e+00
-1.049874591827392578e+01 4.143573760986328125e+00 -6.834241867065429688e+00 3.997159481048583984e+00 2.038531875610351562e+01 1.442268276214599609e+01 6.526021480560302734e+00 -1.267396259307861328e+01 -3.451088428497314453e+00 3.854911804199218750e+00 -5.484027862548828125e+00 1.819572806358337402e+00 -1.706610298156738281e+01 -3.972149789333343506e-01 -1.410465812683105469e+01 4.939331531524658203e+00 5.675113201141357422e+00 -5.771857261657714844e+00 5.011739581823348999e-02 1.603590583801269531e+01
2.830548048019409180e+00 8.050105094909667969e+00 -8.252475738525390625e+00 1.791283011436462402e+00 -1.483178138732910156e+01 8.971113204956054688e+00 1.905099296569824219e+01 -6.591439247131347656e+00 1.892150402069091797e+00 2.165319919586181641e+00 1.981248706579208374e-01 2.103284072875976562e+01 1.561630249023437500e+00 9.416917800903320312e+00 7.616454601287841797e+00 -1.828847408294677734e+00 8.128492355346679688e+00 -4.880053997039794922e+00 4.668753623962402344e+00 -5.896673202514648438e+00
-1.128286361694335938e+01 2.811735391616821289e+00 -1.630582427978515625e+01 6.286529064178466797e+00 2.549200439453125000e+01 -6.337845921516418457e-01 -1.133773326873779297e+00 -7.257895469665527344e+00 -1.720740795135498047e+00 -3.977042675018310547e+00 -9.107338905334472656e+00 -2.561578273773193359e+00 2.366317033767700195e+00 -3.675822496414184570e+00 -2.056142330169677734e+00 2.342069149017333984e+00 9.402990341186523438e+00 -5.944249629974365234e+00 -8.178719520568847656e+00 6.064383983612060547e+00
-1.389952278137207031e+01 4.001873433589935303e-01 -1.302055644989013672e+01 -4.340509176254272461e-01 1.090320205688476562e+01 -6.074374198913574219e+00 1.262831211090087891e+01 -4.137422561645507812e+00 -9.274492859840393066e-01 -9.417115211486816406e+00 -2.440989017486572266e-01 -2.258522272109985352e+00 6.017846107482910156e+00 -2.033548831939697266e+00 -3.391927719116210938e+00 -3.291452169418334961e+00 -7.594924449920654297e+00 7.040297031402587891e+00 -5.352736949920654297e+00 -8.230680465698242188e+00
-2.563667488098144531e+01 9.461026191711425781e-01 -1.352974891662597656e+01 1.199895191192626953e+01 1.627510643005371094e+01 -5.912569165229797363e-01 1.716375589370727539e+00 -2.530402421951293945e+00 9.243796348571777344e+00 2.004551410675048828e+00 -7.558671474456787109e+00 4.900082588195800781e+00 -1.627520203590393066e+00 1.185962200164794922e+00 -3.379110336303710938e+00 -4.519415855407714844e+00 1.688062191009521484e+00 -4.501755714416503906e+00 -7.167340278625488281e+00 1.083632946014404297e+01
-1.012402248382568359e+01 -7.419000267982482910e-01 -1.327482414245605469e+01 5.819671630859375000e+00 2.676821899414062500e+01 1.562877178192138672e+00 1.376757812500000000e+01 -4.045652389526367188e+00 -2.678174018859863281e+00 -7.832665443420410156e-01 7.756462097167968750e-01 -4.234324932098388672e+00 8.076839447021484375e-01 3.787531614303588867e+00 -2.603641033172607422e+00 -4.427117347717285156e+00 -2.378150075674057007e-01 4.429715156555175781e+00 8.454106330871582031e+00 1.550784260034561157e-01
-2.108820915222167969e+01 -7.135840892791748047e+00 -8.298842430114746094e+00 -3.302028417587280273e+00 8.837288856506347656e+00 -8.473216056823730469e+00 5.129631519317626953e+00 1.492159962654113770e+00 1.175581645965576172e+01 -2.543193101882934570e+00 5.119338035583496094e+00 8.631891250610351562e+00 3.497783184051513672e+00 -2.143280506134033203e+00 4.302811145782470703e+00 3.391723036766052246e-01 -1.196543931961059570e+00 -1.991961896419525146e-02 3.105448484420776367e+00 -1.451116323471069336e+00
-2.020632171630859375e+01 2.055378675460815430e+00 -1.626928520202636719e+01 7.476328372955322266e+00 1.585166358947753906e+01 -8.428951263427734375e+00 3.608342885971069336e+00 2.355634868144989014e-01 4.392192840576171875e+00 -4.653185844421386719e+00 7.387450695037841797e+00 5.694674849510192871e-01 6.894823074340820312e+00 1.998139858245849609e+00 -7.604645729064941406e+00 -8.089171409606933594e+00 -8.270110130310058594e+00 2.916268348693847656e+00 -2.866550445556640625e+00 -4.060786247253417969e+00
-6.962349891662597656e+00 -6.188395023345947266e-01 -6.349160194396972656e+00 5.158644676208496094e+00 -9.163482666015625000e+00 1.397192955017089844e+01 1.477470970153808594e+01 -1.513437843322753906e+01 4.138889163732528687e-02 -3.901976585388183594e+00 -3.500552415847778320e+00 4.986067771911621094e+00 -1.262784576416015625e+01 9.109187126159667969e+00 -8.010321259498596191e-01 1.003556609153747559e+00 7.213254928588867188e+00 1.206768035888671875e+00 -8.746791630983352661e-02 -1.330185055732727051e+00
-2.587773132324218750e+01 -6.045706272125244141e-01 -9.337636232376098633e-01 3.822762727737426758e+00 7.857200622558593750e+00 -8.128849029541015625e+00 1.490066432952880859e+01 -5.876722335815429688e+00 7.954240441322326660e-01 -4.404353141784667969e+00 -1.323960018157958984e+01 -2.728372335433959961e+00 9.532075881958007812e+00 -8.099103569984436035e-01 -1.939514398574829102e+00 3.339315652847290039e+00 7.544149875640869141e+00 -1.854575753211975098e+00 2.492202281951904297e+00 8.315306663513183594e+00
-8.206933975219726562e+00 -8.974707603454589844e+00 -1.450472068786621094e+01 -3.707717895507812500e+00 1.917140579223632812e+01 7.786486148834228516e-01 9.752704620361328125e+00 -1.874029874801635742e+00 1.964583039283752441e+00 -7.444890975952148438e+00 -5.972658634185791016e+00 -4.916350841522216797e+00 -3.564020693302154541e-01 -5.157957553863525391e+00 3.735219001770019531e+00 -3.391637325286865234e+00 -1.132785606384277344e+01 -7.654619216918945312e+00 2.793809175491333008e+00 -3.546118021011352539e+00
-5.928167819976806641e+00 -1.841341972351074219e+00 -2.101129531860351562e+01 1.711971163749694824e+00 2.076685523986816406e+01 -2.192607402801513672e+00 1.001551628112792969e+01 1.565261483192443848e+00 5.302896499633789062e+00 1.847657561302185059e-02 2.506732463836669922e+00 -2.032927036285400391e+00 -2.574161767959594727e+00 1.506974101066589355e-01 2.438500881195068359e+00 -1.278147339820861816e+00 5.149642944335937500e+00 -2.538954734802246094e+00 -8.796133995056152344e+00 -2.219824939966201782e-01
-1.684924888610839844e+01 -5.482539653778076172e+00 -1.185684776306152344e+01 -7.400359153747558594e+00 1.876367378234863281e+01 -5.098942279815673828e+00 9.865677833557128906e+00 -3.186866760253906250e+00 3.634431600570678711e+00 -3.329730510711669922e+00 -9.997488856315612793e-01 -7.893024682998657227e-01 -1.666321158409118652e+00 3.518127679824829102e+00 -6.688060164451599121e-01 3.233297348022460938e+00 3.118377447128295898e+00 2.669599533081054688e+00 -3.946313142776489258e+00 9.930984497070312500e+00
7.677866458892822266e+00 -6.824237704277038574e-01 -1.157255554199218750e+01 -3.611542284488677979e-01 9.898550987243652344e+00 -4.967612743377685547e+00 1.214208602905273438e+01 -9.717561602592468262e-01 9.322928428649902344e+00 -3.182329893112182617e+00 8.199666023254394531e+00 6.336175918579101562e+00 -4.005259990692138672e+00 4.881761550903320312e+00 -1.113187074661254883e+00 6.274671077728271484e+00 -4.546260356903076172e+00 2.634986877441406250e+00 1.098681449890136719e+00 -3.045188903808593750e+00
-8.603527069091796875e+00 -2.095226287841796875e+00 -2.019835281372070312e+01 2.539986848831176758e+00 1.589688491821289062e+01 -1.074119949340820312e+01 8.593258857727050781e+00 -9.115817546844482422e-01 8.993604660034179688e+00 -7.566161632537841797e+00 -1.796347498893737793e+00 4.703200340270996094e+00 1.192155718803405762e+00 1.685448074340820312e+01 -1.519375681877136230e+00 2.704486846923828125e+00 5.141298770904541016e-01 2.673623263835906982e-01 -2.520891189575195312e+00 4.345940113067626953e+00
-6.667882442474365234e+00 -2.105223655700683594e+00 -1.664460372924804688e+01 5.144062995910644531e+00 1.474549579620361328e+01 -8.075880050659179688e+00 8.124414443969726562e+00 -7.992463111877441406e+00 1.161436748504638672e+01 -1.086311912536621094e+01 -5.493566513061523438e+00 5.662377551198005676e-02 9.633953571319580078e-01 5.259717941284179688e+00 -1.995321393013000488e+00 1.510979328304529190e-02 1.338983654975891113e+00 -2.270441949367523193e-01 -3.131426572799682617e+00 1.535406589508056641e+00
-3.883934497833251953e+00 -1.989824771881103516e+00 -1.606669425964355469e+01 5.297877311706542969e+00 -6.955063819885253906e+00 -1.024970817565917969e+01 1.370392894744873047e+01 3.530920743942260742e+00 9.202814102172851562e+00 -3.151683807373046875e+00 -1.705318093299865723e+00 9.760621786117553711e-01 6.430391311645507812e+00 4.306061744689941406e+00 -6.131018996238708496e-01 1.426261067390441895e+00 7.712943553924560547e+00 1.639128088951110840e+00 -8.194500923156738281e+00 7.222517013549804688e+00
-7.448044776916503906e+00 -3.032482147216796875e+00 -1.339391326904296875e+01 -1.094604849815368652e+00 -2.568042039871215820e+00 -1.245435523986816406e+01 8.925676345825195312e+00 -2.762407064437866211e-01 9.828912615776062012e-01 -5.481349945068359375e+00 -1.217863559722900391e+01 -4.986560642719268799e-01 -8.658420562744140625e+00 -6.814576625823974609e+00 -1.665495276451110840e+00 6.869534492492675781e+00 -4.021152496337890625e+00 1.557060241699218750e+00 7.262722492218017578e+00 -2.115744113922119141e+00
-1.331023406982421875e+01 -2.846359491348266602e+00 -1.225425529479980469e+01 -1.187865614891052246e+00 1.701915931701660156e+01 -6.039654731750488281e+00 1.344033527374267578e+01 -3.872376918792724609e+00 -1.445674538612365723e+00 -4.826701164245605469e+00 -8.250325202941894531e+00 -3.881949484348297119e-01 -6.166796684265136719e-01 1.803974807262420654e-01 3.630857944488525391e+00 6.837937235832214355e-01 -9.604292511940002441e-01 6.634953498840332031e+00 2.643566131591796875e+00 3.371968030929565430e+00
-1.772269058227539062e+01 -8.494552612304687500e+00 -8.512526512145996094e+00 -4.997765541076660156e+00 1.539814758300781250e+01 -4.078452110290527344e+00 5.664384365081787109e+00 -1.172597408294677734e+00 2.618778467178344727e+00 -9.954854011535644531e+00 -4.184622764587402344e+00 -2.807427406311035156e+00 4.648074626922607422e+00 2.882493495941162109e+00 1.450319576263427734e+01 5.715718269348144531e+00 4.429529666900634766e+00 -1.783898472785949707e+00 -5.087976157665252686e-02 2.631379604339599609e+00
-1.920671653747558594e+01 -4.694533348083496094e+00 -1.110823822021484375e+01 1.137931227684020996e+00 1.554707813262939453e+01 -1.823112964630126953e+00 1.151347827911376953e+01 -2.388779401779174805e+00 2.778527975082397461e+00 3.253720760345458984e+00 -4.208200454711914062e+00 2.234470397233963013e-01 -1.041935682296752930e+00 -4.532968521118164062e+00 -9.646860361099243164e-01 7.343381404876708984e+00 3.206468343734741211e+00 2.341983169317245483e-01 1.590994358062744141e+00 8.441939353942871094e+00
-1.025176239013671875e+01 9.213648438453674316e-01 -1.419985961914062500e+01 1.720595121383666992e+00 1.375841331481933594e+01 3.734913349151611328e+00 1.279679107666015625e+01 -5.939503192901611328e+00 -2.524429082870483398e+00 5.130457401275634766e+00 4.410017013549804688e+00 -4.504372596740722656e+00 -7.569048404693603516e+00 7.492413520812988281e-01 -5.213589668273925781e+00 1.731193780899047852e+00 2.411496937274932861e-01 9.776799678802490234e-01 -3.564657688140869141e+00 9.739356994628906250e+00
7.795228064060211182e-02 -7.784482479095458984e+00 -9.816163063049316406e+00 -7.930200099945068359e-01 1.262850952148437500e+01 8.915183067321777344e+00 1.104248809814453125e+01 -2.146678686141967773e+00 -3.113086938858032227e+00 3.446727275848388672e+00 1.229358863830566406e+01 1.055105924606323242e+00 -4.234701156616210938e+00 -6.472439289093017578e+00 -5.057667732238769531e+00 5.609907954931259155e-02 -4.493840694427490234e+00 -7.367600917816162109e+00 1.430320501327514648e+00 3.458768129348754883e+00
6.835845947265625000e+00 2.879566192626953125e+00 -2.081728935241699219e+01 6.983313560485839844e+00 1.763144683837890625e+01 8.706485748291015625e+00 1.189680480957031250e+01 -5.202499866485595703e+00 -4.346849918365478516e+00 1.038403391838073730e+00 8.721809387207031250e-01 -4.204613685607910156e+00 7.932491779327392578e+00 -2.535152912139892578e+00 -9.320522546768188477e-01 -1.368158161640167236e-01 4.298351287841796875e+00 1.603259682655334473e+00 -1.373826217651367188e+01 -2.885389328002929688e-01
5.475479125976562500e+00 -4.734203815460205078e+00 -1.905031776428222656e+01 7.127265930175781250e-01 8.496158599853515625e+00 -4.018601417541503906e+00 1.406085014343261719e+01 -4.389682769775390625e+00 -2.007341623306274414e+00 -1.702445507049560547e+00 -1.076280474662780762e+00 -1.099542498588562012e+00 -1.040784358978271484e+00 -1.177936911582946777e+00 -7.961948871612548828e+00 -2.594291925430297852e+00 -7.624844074249267578e+00 -1.014439392089843750e+01 -3.549295902252197266e+00 2.632677555084228516e+00
7.628819942474365234e+00 -6.624116897583007812e+00 -1.433096408843994141e+01 -4.361588001251220703e+00 1.458376121520996094e+01 5.245030522346496582e-01 7.594621181488037109e+00 -2.304960340261459351e-01 9.579631686210632324e-01 -4.919458389282226562e+00 3.379499167203903198e-02 1.394823431968688965e+00 5.887649059295654297e+00 5.871357440948486328e+00 -5.376595497131347656e+00 4.915235519409179688e+00 -2.041861057281494141e+00 3.099020481109619141e+00 -4.174710750579833984e+00 -1.047888469696044922e+01
-1.943580818176269531e+01 -4.851402282714843750e+00 -1.237094116210937500e+01 7.121869087219238281e+00 -5.760690689086914062e+00 -1.035742092132568359e+01 1.134362983703613281e+01 3.020637750625610352e+00 6.382171630859375000e+00 -1.009148311614990234e+01 7.342314720153808594e+00 2.528851032257080078e+00 3.808536291122436523e+00 -1.853995919227600098e-01 6.201117634773254395e-01 -5.036426067352294922e+00 -1.620075583457946777e+00 3.028174161911010742e+00 -8.121719360351562500e+00 3.631253242492675781e+00
-7.365995883941650391e+00 -7.471508502960205078e+00 -8.521305084228515625e+00 3.810680627822875977e+00 -7.934027671813964844e+00 -1.129898738861083984e+01 2.144929504394531250e+01 -9.626342058181762695e-01 1.363984704017639160e+00 -3.119354009628295898e+00 2.127406835556030273e+00 8.774278640747070312e+00 3.991658210754394531e+00 2.188883304595947266e+00 4.848417758941650391e+00 -2.457550287246704102e+00 -1.674884557723999023e+00 2.857407569885253906e+00 2.788414716720581055e+00 3.852608203887939453e+00
-1.741900062561035156e+01 -1.616921424865722656e+01 3.242497253417968750e+01 1.111108207702636719e+01 -3.234655141830444336e+00 3.210764312744140625e+01 2.662375271320343018e-01 -1.862026214599609375e+01 2.325136566162109375e+01 -1.810295486450195312e+01 -1.253436088562011719e+00 -1.919392776489257812e+01 -1.132629489898681641e+01 4.782369613647460938e+00 8.923160433769226074e-01 -6.275187015533447266e+00 -9.022170901298522949e-01 6.090486049652099609e+00 3.284484863281250000e+00 1.574038743972778320e+00
-2.013117027282714844e+01 -1.591436672210693359e+01 2.996521568298339844e+01 1.136851978302001953e+01 -1.110431575775146484e+01 2.685621643066406250e+01 3.447503089904785156e+00 -1.460923385620117188e+01 2.070515060424804688e+01 -1.913350105285644531e+01 -3.324739456176757812e+00 -1.861050033569335938e+01 -6.217128276824951172e+00 5.338905811309814453e+00 7.252825736999511719e+00 -9.621979713439941406e+00 -2.439004421234130859e+00 4.877244949340820312e+00 1.653206348419189453e-02 -7.615679502487182617e-01
-9.500969886779785156e+00 -2.225465774536132812e+01 2.986532211303710938e+01 9.339376449584960938e+00 -9.663088798522949219e+00 2.172620391845703125e+01 -9.287772774696350098e-01 -1.486801147460937500e+01 3.197696304321289062e+01 -2.283701896667480469e+01 1.012723803520202637e+00 -1.457919883728027344e+01 -7.092679977416992188e+00 5.163995265960693359e+00 8.504329681396484375e+00 -2.456466108560562134e-01 2.060298204421997070e+00 2.216283559799194336e+00 -5.512040138244628906e+00 -4.885336756706237793e-02
-1.455204010009765625e+01 -2.293073081970214844e+01 2.733991622924804688e+01 9.647854804992675781e+00 -4.876362323760986328e+00 2.083473014831542969e+01 1.166209816932678223e+00 -6.708375930786132812e+00 2.760393524169921875e+01 -6.258877277374267578e+00 9.455005645751953125e+00 -8.974566459655761719e-01 -3.094133377075195312e+00 -1.633138358592987061e-01 -6.172558784484863281e+00 -5.240443706512451172e+00 1.035793304443359375e+01 -3.234734773635864258e+00 5.055325627326965332e-01 -1.458566784858703613e+00
-1.260839080810546875e+01 -2.062892150878906250e+01 2.747257041931152344e+01 1.314156341552734375e+01 -1.374189734458923340e+00 1.860572242736816406e+01 -6.054486274719238281e+00 -5.328760147094726562e+00 2.715591430664062500e+01 -1.387605094909667969e+01 9.119021415710449219e+00 -1.197125720977783203e+01 -2.728642225265502930e+00 -1.838306069374084473e+00 -9.253370761871337891e-01 -2.023128271102905273e+00 2.240084648132324219e+00 -3.887045860290527344e+00 3.975666522979736328e+00 -7.141940116882324219e+00
-3.628127813339233398e+00 -1.767460250854492188e+01 7.094904780387878418e-01 4.132409095764160156e+00 -1.062465095520019531e+01 1.487756729125976562e+01 6.552498817443847656e+00 -1.122899341583251953e+01 5.717209815979003906e+00 4.243982315063476562e+00 -1.250759792327880859e+01 2.716824150085449219e+01 -1.402806377410888672e+01 3.137510299682617188e+00 7.331132411956787109e+00 2.893831968307495117e+00 -5.611980438232421875e+00 -5.423348903656005859e+00 3.201955318450927734e+00 -3.918888330459594727e+00
-1.970470046997070312e+01 -2.168927001953125000e+01 1.550074195861816406e+01 -1.539755463600158691e-01 4.650119781494140625e+00 1.489093208312988281e+01 5.272675037384033203e+00 -3.231131553649902344e+00 5.707765102386474609e+00 5.343886852264404297e+00 -4.522765159606933594e+00 1.846584558486938477e+00 4.470288455486297607e-01 -3.160278320312500000e+00 -5.671436309814453125e+00 -3.144635200500488281e+00 -1.450006961822509766e+00 -2.521746158599853516e+00 6.598143577575683594e-01 4.581118822097778320e-01
4.000326156616210938e+00 -2.100903701782226562e+01 1.217077159881591797e+01 1.016911983489990234e+01 -2.647586584091186523e+00 5.261544704437255859e+00 -1.756564378738403320e+00 -8.045516014099121094e+00 -9.706403732299804688e+00 5.139306187629699707e-01 1.158485221862792969e+01 5.941642284393310547e+00 8.924137115478515625e+00 3.424709796905517578e+00 -6.696549892425537109e+00 3.922928571701049805e+00 1.104198741912841797e+01 6.894062519073486328e+00 2.080714225769042969e+00 1.167993783950805664e+00
2.121640205383300781e+01 -3.255025863647460938e+01 1.460375595092773438e+01 1.081337213516235352e+00 6.604812622070312500e+00 -3.420416116714477539e+00 -2.801077365875244141e+00 -1.758168458938598633e+00 -6.041300296783447266e+00 -2.225836038589477539e+00 -4.802580356597900391e+00 -1.436522603034973145e+00 2.701838731765747070e+00 -6.945262908935546875e+00 -2.455676078796386719e+00 3.276563405990600586e+00 1.413375020027160645e+00 7.695322990417480469e+00 4.558820724487304688e+00 -2.281596422195434570e+00
-3.436534404754638672e+00 -2.462467765808105469e+01 1.907495880126953125e+01 1.005827426910400391e+01 -1.451851606369018555e+00 9.410801887512207031e+00 -1.150809168815612793e+00 1.946179866790771484e+00 4.659834384918212891e+00 -7.241232395172119141e-01 3.942768573760986328e+00 8.779240608215332031e+00 7.555203914642333984e+00 -1.771542668342590332e+00 -7.233217716217041016e+00 1.633580565452575684e+00 5.721443176269531250e+00 5.384473800659179688e+00 -5.635509490966796875e-01 1.784183740615844727e+00
3.284355640411376953e+00 -1.686765861511230469e+01 -9.851909637451171875e+00 -4.526727676391601562e+00 1.267293834686279297e+01 -2.564259052276611328e+00 6.400725841522216797e+00 1.094154644012451172e+01 3.362011194229125977e+00 2.565951108932495117e+00 4.692866325378417969e+00 -4.051297664642333984e+00 -7.180768013000488281e+00 -4.476671695709228516e+00 9.870234727859497070e-01 2.145169019699096680e+00 1.798258423805236816e+00 1.615835428237915039e+00 3.633240699768066406e+00 -2.695275783538818359e+00
1.081009674072265625e+01 -3.010531234741210938e+01 1.270370864868164062e+01 1.158925056457519531e+01 -7.313238143920898438e+00 -8.557649850845336914e-01 4.844508647918701172e+00 -2.615651845932006836e+00 -3.024953901767730713e-01 -1.143497452139854431e-01 3.409851312637329102e+00 8.855414390563964844e+00 2.977935791015625000e+00 -7.490769028663635254e-01 -2.125831127166748047e+00 1.602995038032531738e+00 1.980846285820007324e+00 1.067964649200439453e+01 -1.511927247047424316e+00 -2.105558156967163086e+00
-8.684453964233398438e+00 -2.615992164611816406e+01 1.611106300354003906e+01 9.033336639404296875e+00 -1.144266128540039062e+01 9.150330543518066406e+00 8.345263481140136719e+00 -1.400441646575927734e+00 1.802925348281860352e+00 6.467370033264160156e+00 -8.431055068969726562e+00 1.474515914916992188e+00 6.671128749847412109e+00 -6.888823986053466797e+00 -1.289868474006652832e+00 -3.907267332077026367e+00 7.256113052368164062e+00 -1.467768251895904541e-01 4.543567180633544922e+00 -6.075478792190551758e-01
-8.066655158996582031e+00 -2.133959960937500000e+01 9.982127189636230469e+00 9.980877041816711426e-01 -8.049990653991699219e+00 6.944047212600708008e-01 1.827622795104980469e+01 1.529332399368286133e+00 5.414100170135498047e+00 9.227288246154785156e+00 -5.781765937805175781e+00 7.206690788269042969e+00 -1.410035729408264160e+00 1.075793579220771790e-01 1.767152547836303711e+00 2.658958435058593750e+00 -3.800911903381347656e+00 1.455918550491333008e+00 4.629836559295654297e+00 5.363287448883056641e+00
7.119379520416259766e+00 -3.232824707031250000e+01 1.171471595764160156e+01 5.925850868225097656e+00 6.551483154296875000e+00 4.208861351013183594e+00 3.168225586414337158e-01 -3.717364788055419922e+00 1.965861439704895020e+00 3.078738689422607422e+00 -5.508494853973388672e+00 5.139393329620361328e+00 -2.095024108886718750e+00 -3.086501359939575195e+00 5.858824253082275391e-01 -4.001817226409912109e+00 -5.029639601707458496e-01 4.300357818603515625e+00 -5.269341468811035156e+00 -2.189522743225097656e+00
8.491370201110839844e+00 -3.029564476013183594e+01 3.450519084930419922e+00 4.642152786254882812e+00 2.205187559127807617e+00 -3.620897293090820312e+00 2.842895984649658203e+00 3.651501417160034180e+00 -6.564144492149353027e-01 6.975700378417968750e+00 -2.363641023635864258e+00 3.539139628410339355e-01 -2.135680437088012695e+00 -5.833387374877929688e+00 2.773039579391479492e+00 -5.122252464294433594e+00 -9.960013628005981445e-01 7.173357486724853516e+00 -1.252471327781677246e+00 4.082946777343750000e+00
-1.182557702064514160e+00 -3.217352294921875000e+01 8.835556983947753906e+00 3.152749300003051758e+00 -2.620710849761962891e+00 -1.277892827987670898e+00 6.668049812316894531e+00 5.600411891937255859e+00 2.965126514434814453e+00 7.722200393676757812e+00 -8.964532852172851562e+00 4.486376762390136719e+00 -3.470502614974975586e+00 -2.308406352996826172e+00 -1.662495374679565430e+00 1.562416911125183105e+00 5.199679374694824219e+00 7.234694480895996094e+00 4.200857639312744141e+00 -1.422550201416015625e+00
2.403852462768554688e+00 -2.759214401245117188e+01 5.791503906250000000e+00 2.509011268615722656e+00 -3.318730831146240234e+00 -2.174958467483520508e+00 7.573786258697509766e+00 2.030830144882202148e+00 6.725931644439697266e+00 8.786721229553222656e+00 -2.918225288391113281e+00 3.588275432586669922e+00 -5.913775920867919922e+00 -2.140084743499755859e+00 -8.638984680175781250e+00 6.371746063232421875e+00 4.972688198089599609e+00 -8.009169697761535645e-01 9.423727393150329590e-01 -1.460509181022644043e+00
-1.418372035026550293e+00 -3.115472602844238281e+01 1.064496612548828125e+01 1.386227130889892578e+00 1.893118500709533691e+00 6.344247341156005859e+00 4.731767177581787109e-01 4.171050548553466797e+00 4.645174026489257812e+00 6.066118717193603516e+00 2.863413572311401367e+00 1.953097581863403320e+00 8.109127283096313477e-01 -6.930809974670410156e+00 -4.900958061218261719e+00 -1.649590134620666504e+00 -4.258498191833496094e+00 -1.516430258750915527e+00 -1.177667021751403809e+00 2.686646938323974609e+00
9.392723083496093750e+00 -3.022658157348632812e+01 3.246576070785522461e+00 1.605320811271667480e+00 8.389363288879394531e+00 7.050867676734924316e-01 3.839387893676757812e+00 3.122099637985229492e+00 -7.302563786506652832e-01 8.588360548019409180e-01 -2.963685512542724609e+00 -9.108502864837646484e-01 -3.019170045852661133e+00 -1.075978040695190430e+00 -2.583139896392822266e+00 -2.702692031860351562e+00 -1.071462535858154297e+01 9.501060485839843750e+00 3.827136278152465820e+00 -1.924169540405273438e+00
1.878379440307617188e+01 -2.836198043823242188e+01 7.441165924072265625e+00 2.960108280181884766e+00 3.252727985382080078e+00 -5.903609275817871094e+00 1.035766124725341797e+00 3.070135354995727539e+00 1.751341223716735840e+00 4.269086360931396484e+00 5.658850073814392090e-01 3.632348060607910156e+00 -1.156890749931335449e+00 -2.077290058135986328e+00 5.688941955566406250e+00 -9.803740382194519043e-01 -3.056083202362060547e+00 -1.861535549163818359e+00 -1.422747373580932617e-01 -1.960757374763488770e+00
6.717166900634765625e+00 -2.573346519470214844e+01 2.711045503616333008e+00 3.436381101608276367e+00 2.753792285919189453e+00 -6.111415028572082520e-01 8.882519721984863281e+00 1.363069415092468262e+00 4.343435287475585938e+00 6.352657675743103027e-01 -1.331708133220672607e-01 7.843939587473869324e-03 8.709429502487182617e-01 -3.682440042495727539e+00 5.560305595397949219e+00 3.951059877872467041e-01 -5.689476966857910156e+00 2.982578992843627930e+00 -1.074486374855041504e+00 1.231692552566528320e+00
1.207386493682861328e+01 -2.856758689880371094e+01 4.501477718353271484e+00 -9.415107369422912598e-01 6.118000984191894531e+00 -6.327801704406738281e+00 5.969659611582756042e-02 2.886500358581542969e+00 1.059026622772216797e+01 2.010285615921020508e+00 -2.014858245849609375e+00 1.855108618736267090e+00 -2.805527210235595703e+00 -3.133410215377807617e+00 -3.456937313079833984e+00 -1.930481046438217163e-01 -3.886371254920959473e-01 -2.126493692398071289e+00 2.903006315231323242e+00 -9.562653899192810059e-01
9.505019187927246094e+00 -3.146552467346191406e+01 5.551871776580810547e+00 -4.808825254440307617e-01 2.535230159759521484e+00 -3.142305612564086914e+00 -3.965435504913330078e+00 3.765774369239807129e-01 4.251501083374023438e+00 2.620296955108642578e+00 -9.107758402824401855e-01 4.460452556610107422e+00 -1.298853635787963867e+00 -7.901438236236572266e+00 -9.907048225402832031e+00 1.245276570320129395e+00 -5.748821735382080078e+00 -1.813341856002807617e+00 2.740936517715454102e+00 -1.575845479965209961e+00
1.457694721221923828e+01 -3.142611122131347656e+01 7.636042118072509766e+00 3.676452398300170898e+00 -2.359060287475585938e+00 -2.669927835464477539e+00 -3.594093918800354004e-01 9.551292061805725098e-01 -2.338098049163818359e+00 5.607107281684875488e-02 -7.258810997009277344e+00 6.059123277664184570e-01 -4.119577407836914062e+00 -6.492326736450195312e+00 -6.436627507209777832e-01 1.502885937690734863e+00 -6.928842544555664062e+00 3.055938482284545898e+00 1.721213310956954956e-01 -3.956999540328979492e+00
8.783406257629394531e+00 -2.557846641540527344e+01 3.341079652309417725e-01 -1.469501733779907227e+00 -6.614890575408935547e+00 -2.546984195709228516e+00 6.461026191711425781e+00 5.269637584686279297e+00 3.405069112777709961e+00 5.385095119476318359e+00 -4.704281330108642578e+00 3.915014505386352539e+00 -3.179539680480957031e+00 -7.285408496856689453e+00 -2.664712429046630859e+00 6.647132873535156250e+00 -1.770092397928237915e-01 -3.085309743881225586e+00 -3.273771762847900391e+00 -6.279575824737548828e+00
1.145734786987304688e+01 -2.957921409606933594e+01 4.956824302673339844e+00 -1.018520474433898926e+00 -6.983693122863769531e+00 1.415112257003784180e+00 6.842274665832519531e+00 5.472509384155273438e+00 5.041068553924560547e+00 5.823654651641845703e+00 -3.091357231140136719e+00 3.184063911437988281e+00 -6.964940071105957031e+00 -7.300269603729248047e+00 -6.142504215240478516e+00 -3.804136514663696289e+00 1.046428322792053223e+00 -5.670725822448730469e+00 -1.621103286743164062e+00 -5.115665435791015625e+00
-7.420437335968017578e-01 -2.612750625610351562e+01 5.031944751739501953e+00 -4.705537557601928711e-01 5.118061065673828125e+00 -1.728318333625793457e+00 9.301181793212890625e+00 1.034795665740966797e+01 4.521984577178955078e+00 8.081530570983886719e+00 -2.469891309738159180e-02 -4.665133059024810791e-01 -3.524255752563476562e+00 -5.462166786193847656e+00 -8.535800576210021973e-01 4.097202777862548828e+00 -2.095819711685180664e+00 -2.167214870452880859e+00 3.014821290969848633e+00 -4.715432643890380859e+00
-3.945854663848876953e+00 -1.980129623413085938e+01 9.311231613159179688e+00 2.007419824600219727e+00 -7.402033805847167969e+00 -4.231969833374023438e+00 1.113207340240478516e+01 3.840768337249755859e+00 4.363538742065429688e+00 3.206243991851806641e+00 4.841702938079833984e+00 8.343008995056152344e+00 -1.261731624603271484e+00 -9.726490974426269531e+00 4.836414337158203125e+00 -6.333129405975341797e-01 -1.921854734420776367e+00 2.142583847045898438e+00 -3.926617383956909180e+00 -1.425547480583190918e+00
-1.236255168914794922e+00 -2.019288444519042969e+01 -3.730916738510131836e+00 -3.542996644973754883e-01 1.111723041534423828e+01 -5.171453952789306641e-01 8.404825210571289062e+00 3.412416219711303711e+00 8.779737472534179688e+00 6.555795669555664062e+00 1.006345272064208984e+00 -1.853845000267028809e+00 -3.018736124038696289e+00 -1.667919278144836426e+00 -1.619465351104736328e+00 -4.171641826629638672e+00 -5.341320037841796875e+00 3.776829957962036133e+00 1.739617586135864258e+00 8.630359172821044922e-01
-6.237209320068359375e+00 -1.410868263244628906e+01 1.797822237014770508e+00 -3.924536943435668945e+00 4.619035720825195312e+00 -7.105072498321533203e+00 1.234089279174804688e+01 6.992412567138671875e+00 1.241977214813232422e+01 1.715924441814422607e-01 6.647152900695800781e+00 3.406573295593261719e+00 -2.142499983310699463e-01 -4.831152439117431641e+00 7.405306339263916016e+00 1.559992551803588867e+00 -5.645805835723876953e+00 4.613125801086425781e+00 1.598369836807250977e+00 2.737545967102050781e+00
5.320952415466308594e+00 -2.407198905944824219e+01 4.901744842529296875e+00 -5.336270332336425781e+00 9.664982795715332031e+00 7.150719642639160156e+00 4.670836925506591797e+00 6.078691005706787109e+00 -1.122233104705810547e+01 4.128145694732666016e+00 4.193268299102783203e+00 -6.278776168823242188e+00 -5.233072757720947266e+00 -2.810625076293945312e+00 -3.751365661621093750e+00 7.117598056793212891e+00 -3.090303182601928711e+00 7.544770240783691406e+00 4.144680023193359375e+00 -1.461552858352661133e+00
3.684895038604736328e+00 -1.584632301330566406e+01 6.903293132781982422e-01 6.479809284210205078e-01 1.112479448318481445e+00 1.428350806236267090e+00 1.243081283569335938e+01 -3.165765106678009033e-01 -5.958840370178222656e+00 -2.163875699043273926e-01 -2.442517280578613281e+00 -5.904491543769836426e-01 -6.260451316833496094e+00 -3.265987873077392578e+00 2.590110540390014648e+00 -1.597899794578552246e+00 -1.155611515045166016e+01 4.005306720733642578e+00 5.028545856475830078e+00 2.880263805389404297e+00
1.591062641143798828e+01 -2.594400787353515625e+01 8.632596015930175781e+00 3.265756368637084961e+00 -4.427037239074707031e+00 3.929027795791625977e+00 1.789682269096374512e+00 -7.481454849243164062e+00 -6.073190212249755859e+00 3.055718660354614258e+00 -4.317893028259277344e+00 7.861643314361572266e+00 -1.025732326507568359e+01 -4.184650421142578125e+00 -5.014904737472534180e-01 1.629713654518127441e+00 -3.225667178630828857e-01 -2.360629558563232422e+00 -9.621981620788574219e+00 7.502757072448730469e+00
3.094447517395019531e+01 -2.126631546020507812e+01 3.232976436614990234e+00 9.269990324974060059e-01 9.996561050415039062e+00 3.373671770095825195e+00 -6.244894027709960938e+00 -2.900843381881713867e+00 -1.126906204223632812e+01 1.333581209182739258e+00 -5.823751449584960938e+00 -6.950228214263916016e+00 -6.945445537567138672e-01 -4.536535739898681641e+00 9.183148384094238281e+00 1.805997848510742188e+00 7.184087485074996948e-02 -1.897359013557434082e+00 7.510558605194091797e+00 5.088429927825927734e+00
2.634669685363769531e+01 -2.036249923706054688e+01 -2.158530473709106445e+00 2.653427600860595703e+00 1.062738418579101562e+01 2.905957698822021484e+00 8.579192310571670532e-02 8.636921048164367676e-01 -1.042832660675048828e+01 2.942821741104125977e+00 5.304747581481933594e+00 -7.520493507385253906e+00 -3.320751905441284180e+00 -5.144121646881103516e-01 3.747386217117309570e+00 3.865446805953979492e+00 3.398957729339599609e+00 -1.107168674468994141e+00 2.202162265777587891e+00 2.178368330001831055e+00
3.260411834716796875e+01 -2.145050621032714844e+01 1.969683021306991577e-01 -3.481961250305175781e+00 1.232487297058105469e+01 -4.187543869018554688e+00 -6.691653728485107422e+00 -4.082847595214843750e+00 -1.026895427703857422e+01 4.524816989898681641e+00 -5.720804691314697266e+00 -2.087113142013549805e+00 -2.508510828018188477e+00 1.521991252899169922e+00 -1.381528675556182861e-01 -1.966611146926879883e-01 -3.054854869842529297e+00 -5.305635452270507812e+00 1.388728618621826172e+00 4.342153072357177734e+00
3.096047019958496094e+01 -2.384581756591796875e+01 6.153031826019287109e+00 3.113963365554809570e+00 1.370322227478027344e+01 -1.803027749061584473e+00 -1.114349937438964844e+01 -4.272758588194847107e-02 -6.110853195190429688e+00 -9.556187391281127930e-01 5.702360153198242188e+00 -1.992715358734130859e+00 -2.718666791915893555e+00 1.316443562507629395e+00 4.309656143188476562e+00 2.054627418518066406e+00 -1.105704903602600098e+00 -5.790378570556640625e+00 7.611171722412109375e+00 1.808114409446716309e+00
2.909066200256347656e+01 -2.857150650024414062e+01 1.447637462615966797e+01 3.004255771636962891e+00 7.429437637329101562e+00 -2.651702761650085449e-01 -1.244546890258789062e+01 -3.370961427688598633e+00 -3.420047760009765625e+00 1.113770008087158203e+00 9.625152945518493652e-01 1.103536725044250488e+00 -1.280542492866516113e+00 5.852931141853332520e-01 -6.827430725097656250e-01 -4.783916473388671875e+00 2.759722232818603516e+00 9.098519682884216309e-01 -7.139292955398559570e-01 3.745191097259521484e+00
3.868515777587890625e+01 -2.281869697570800781e+01 9.702850341796875000e+00 2.456722497940063477e+00 8.519543647766113281e+00 -2.944007635116577148e+00 -1.194741249084472656e+01 7.140942215919494629e-01 -3.056098222732543945e+00 1.067973852157592773e+00 -1.191586554050445557e-01 1.637149691581726074e+00 -5.667310953140258789e-01 1.976892828941345215e+00 -8.612170219421386719e-01 -2.363479375839233398e+00 4.380542278289794922e+00 -3.461246967315673828e+00 1.521959066390991211e+00 -1.520554184913635254e+00
2.784782600402832031e+01 -2.866009902954101562e+01 1.014447593688964844e+01 3.224800348281860352e+00 -9.434484243392944336e-01 -4.563646793365478516e+00 -8.240400314331054688e+00 -6.148585677146911621e-01 4.018295764923095703e+00 -9.660432934761047363e-01 -3.097666740417480469e+00 3.342113494873046875e+00 2.352888345718383789e+00 -7.204682826995849609e-01 -8.484722971916198730e-01 -3.320818424224853516e+00 -1.078268527984619141e+00 2.558860301971435547e+00 2.240527629852294922e+00 -3.959064006805419922e+00
2.705560874938964844e+01 -2.869173812866210938e+01 1.713964653015136719e+01 2.423438310623168945e+00 -6.906165599822998047e+00 -5.708038330078125000e+00 -5.272737503051757812e+00 -4.501000881195068359e+00 -3.405941247940063477e+00 2.283045291900634766e+00 -3.161230325698852539e+00 3.450428009033203125e+00 6.407392024993896484e-02 1.797013759613037109e+00 1.334962010383605957e+00 -7.474411129951477051e-01 9.281477928161621094e+00 6.579930305480957031e+00 -1.494613051414489746e+00 3.297615349292755127e-01
2.694882011413574219e+01 -3.049399185180664062e+01 1.042697238922119141e+01 5.059938505291938782e-02 6.640058755874633789e-02 -4.820113658905029297e+00 -7.828294754028320312e+00 -3.542586803436279297e+00 3.159306049346923828e-01 -1.414511442184448242e+00 -4.215154170989990234e+00 7.252808094024658203e+00 -4.807180404663085938e+00 -2.807446479797363281e+00 -9.720064401626586914e-01 -5.661365985870361328e+00 -5.501893043518066406e+00 -4.592984199523925781e+00 3.435563743114471436e-01 -1.069813251495361328e+01
2.183996391296386719e+01 -2.558707046508789062e+01 1.345608901977539062e+01 8.627861976623535156e+00 -1.353456377983093262e+00 -2.450485229492187500e+00 -7.117925286293029785e-01 -3.759766101837158203e+00 -3.293650150299072266e+00 -5.737562656402587891e+00 -4.365616321563720703e+00 3.277060747146606445e+00 3.004215240478515625e+00 3.377688884735107422e+00 -3.584720373153686523e+00 2.486623048782348633e+00 9.911590218544006348e-01 3.209681510925292969e+00 -5.467907428741455078e+00 -2.203404664993286133e+00
2.890668296813964844e+01 -1.355987548828125000e+01 6.999440789222717285e-01 4.885761737823486328e+00 -1.467510759830474854e-01 -5.765413761138916016e+00 4.139535427093505859e+00 2.685776948928833008e+00 -1.093755245208740234e+01 -3.411497354507446289e+00 4.112820625305175781e+00 -1.172844886779785156e+00 -3.984730720520019531e+00 7.847300171852111816e-01 1.901432275772094727e+00 4.441422462463378906e+00 1.493976235389709473e+00 2.296003818511962891e+00 9.854426383972167969e-01 2.177334547042846680e+00
3.406155776977539062e+01 -1.993558692932128906e+01 2.934701442718505859e+00 2.471592187881469727e+00 4.973911762237548828e+00 -1.229253649711608887e+00 -6.942285060882568359e+00 1.816195249557495117e+00 -3.995010852813720703e+00 -2.347661495208740234e+00 8.523034095764160156e+00 -1.319471001625061035e+00 5.087656021118164062e+00 1.113437175750732422e+01 1.429128289222717285e+00 1.120634913444519043e+00 -3.794314622879028320e+00 -7.865003585815429688e+00 5.225316062569618225e-02 -4.402852058410644531e+00
2.527634620666503906e+01 -2.720890617370605469e+01 9.685793876647949219e+00 2.451251506805419922e+00 1.226330041885375977e+00 -2.421428918838500977e+00 -1.212914586067199707e+00 -5.549848556518554688e+00 -4.298874855041503906e+00 -3.170468568801879883e+00 -5.970616817474365234e+00 -5.435211181640625000e+00 5.660812854766845703e-01 -5.704636096954345703e+00 1.633464097976684570e+00 2.666873693466186523e+00 -1.106932997703552246e+00 -1.981783866882324219e+00 -4.034698486328125000e+00 3.739099740982055664e+00
2.834895896911621094e+01 -2.164463043212890625e+01 1.150091648101806641e+01 5.550303459167480469e+00 1.703613996505737305e+00 -3.808881044387817383e+00 -4.790705204010009766e+00 1.273308098316192627e-01 -1.763965845108032227e+00 -2.278204441070556641e+00 7.193118572235107422e+00 5.711477279663085938e+00 -7.301777601242065430e-01 2.223024845123291016e+00 -3.350322246551513672e-01 -2.863359928131103516e+00 -3.449055671691894531e+00 1.262201189994812012e+00 2.592156827449798584e-01 5.134097933769226074e-01
2.572185707092285156e+01 -1.119249725341796875e+01 -7.710250377655029297e+00 3.051399707794189453e+00 5.500201702117919922e+00 -1.338660717010498047e-01 1.410598635673522949e+00 2.755405902862548828e+00 -2.454753398895263672e+00 -3.096795380115509033e-01 9.414730072021484375e+00 9.592152237892150879e-01 -1.294203042984008789e+00 1.553255915641784668e+00 3.515793561935424805e+00 6.273587942123413086e-01 2.188958823680877686e-01 1.438299536705017090e+00 -2.040729999542236328e+00 -6.824964523315429688e+00
3.052220535278320312e+01 -2.107970237731933594e+01 1.242936325073242188e+01 8.401188850402832031e-01 4.948912620544433594e+00 -2.643307685852050781e+00 -2.396992444992065430e+00 3.920256793498992920e-01 -1.128884077072143555e+00 -1.478773474693298340e+00 4.052924633026123047e+00 4.217716693878173828e+00 4.589768409729003906e+00 2.230081319808959961e+00 -3.111023902893066406e-01 6.176661014556884766e+00 -6.434641361236572266e+00 3.358253479003906250e+00 -7.816728591918945312e+00 -7.348371744155883789e-01
2.420566368103027344e+01 -2.768931770324707031e+01 5.266289710998535156e+00 4.694319725036621094e+00 3.453876972198486328e+00 -4.121371269226074219e+00 -2.932118415832519531e+00 -1.631052613258361816e+00 -2.646272420883178711e+00 -6.576089262962341309e-01 2.122402191162109375e+00 5.331489562988281250e+00 4.640118122100830078e+00 2.174496889114379883e+00 -3.399556636810302734e+00 -5.887777328491210938e+00 -2.301708608865737915e-02 3.471832275390625000e+00 -7.111938595771789551e-01 -8.811872482299804688e+00
3.138273239135742188e+01 -2.256281280517578125e+01 5.956234455108642578e+00 1.275428056716918945e+00 9.497741699218750000e+00 -2.183012366294860840e-01 -9.531686782836914062e+00 4.448760986328125000e+00 1.868434309959411621e+00 -4.403530359268188477e-01 2.027529239654541016e+00 2.050174713134765625e+00 -6.002088189125061035e-01 3.510625123977661133e+00 2.510722398757934570e+00 9.550379514694213867e-01 -3.150180816650390625e+00 2.178450822830200195e+00 -2.134052515029907227e+00 -4.038951873779296875e+00
2.619481468200683594e+01 -2.130568313598632812e+01 3.187319993972778320e+00 2.555795907974243164e-01 2.932618379592895508e+00 -2.738795995712280273e+00 3.672882318496704102e-01 -1.461355805397033691e+00 -5.385743618011474609e+00 1.554347276687622070e+00 3.684847950935363770e-01 3.456762135028839111e-01 -1.268811702728271484e+00 -1.230328798294067383e+00 -3.025462150573730469e+00 -3.394058942794799805e+00 -9.117362022399902344e+00 -4.885493755340576172e+00 -2.292937278747558594e+00 -1.178033232688903809e+00
2.288113975524902344e+01 -2.855564689636230469e+01 1.233780097961425781e+01 -8.205078840255737305e-01 4.637417793273925781e+00 -1.769144773483276367e+00 -1.282828330993652344e+01 -3.538426876068115234e+00 -1.597033143043518066e+00 3.506317734718322754e-01 4.947034358978271484e+00 -2.516739368438720703e-01 -5.689388513565063477e-01 3.995096921920776367e+00 8.072005271911621094e+00 -1.123791456222534180e+00 -1.478576540946960449e+00 2.764810919761657715e-01 -2.323186159133911133e+00 1.124971747398376465e+00
2.280066490173339844e+01 -2.987093353271484375e+01 1.443613719940185547e+01 3.432569265365600586e+00 -1.811302185058593750e+00 -5.756914138793945312e+00 -5.404076099395751953e+00 -1.266678690910339355e+00 -3.069607973098754883e+00 -3.921972513198852539e+00 1.248477578163146973e+00 4.160964488983154297e+00 2.632478713989257812e+00 7.252340018749237061e-02 -5.164255619049072266e+00 -5.202175140380859375e+00 -2.143900394439697266e+00 2.721879005432128906e+00 3.952711105346679688e+00 -4.153346538543701172e+00
2.119667053222656250e+01 -2.968627548217773438e+01 8.014066696166992188e+00 2.860957622528076172e+00 -6.173995733261108398e-01 3.597462773323059082e-01 7.716714143753051758e-01 -5.191723346710205078e+00 -7.007798671722412109e+00 2.711068630218505859e+00 -2.642952680587768555e+00 3.200324773788452148e+00 1.787877440452575684e+00 5.339720472693443298e-02 -6.650982856750488281e+00 -4.250517845153808594e+00 -3.249379634857177734e+00 5.981193542480468750e+00 2.897273063659667969e+00 2.679490566253662109e+00
2.857696342468261719e+01 -2.476809501647949219e+01 3.946576356887817383e+00 2.836928844451904297e+00 9.129464149475097656e+00 2.477453470230102539e+00 -8.221447944641113281e+00 -2.207874953746795654e-01 -3.778016567230224609e+00 -1.288137078285217285e+00 2.085937500000000000e+00 -2.389050245285034180e+00 1.342141985893249512e+00 1.927483201026916504e+00 4.842705249786376953e+00 1.625727057456970215e+00 -1.074777722358703613e+00 -1.096954345703125000e+00 -3.257706642150878906e+00 1.702879548072814941e+00
2.231614494323730469e+01 -2.255658912658691406e+01 2.018071365356445312e+01 4.282193183898925781e+00 7.543734073638916016e+00 -1.590497970581054688e+00 -8.315199851989746094e+00 2.236734628677368164e-01 3.740816116333007812e-01 -2.341977119445800781e+00 6.952603340148925781e+00 6.461349964141845703e+00 -5.632692575454711914e-01 2.003588438034057617e+00 4.520235538482666016e+00 -7.646081596612930298e-02 -3.499015569686889648e-01 5.763192176818847656e+00 -5.198488712310791016e+00 2.442382335662841797e+00
2.454624938964843750e+01 -2.661541748046875000e+01 1.098472404479980469e+01 5.056814193725585938e+00 3.858125448226928711e+00 2.188132405281066895e-01 -8.271042823791503906e+00 -5.404323339462280273e-01 -4.744319438934326172e+00 -2.707230329513549805e+00 7.494770050048828125e+00 3.757094860076904297e+00 -1.559939861297607422e+00 7.093731164932250977e-01 -5.541468262672424316e-01 1.480067610740661621e+00 6.193639636039733887e-01 -1.256063699722290039e+00 -1.985445261001586914e+00 6.867472648620605469e+00
2.307614135742187500e+01 -2.818306922912597656e+01 1.826832580566406250e+01 5.712843418121337891e+00 1.535382032394409180e+00 -1.803791284561157227e+00 -6.292195320129394531e+00 -4.451490879058837891e+00 -4.782949447631835938e+00 -4.010744571685791016e+00 4.871110439300537109e+00 4.092052459716796875e+00 4.917809963226318359e+00 -5.071895197033882141e-02 5.016176700592041016e+00 -3.339220523834228516e+00 3.037018299102783203e+00 -2.821080684661865234e+00 4.329179763793945312e+00 6.691376686096191406e+00
1.375325965881347656e+01 -2.017867469787597656e+01 4.507818698883056641e+00 7.514587879180908203e+00 -3.503298461437225342e-01 1.207610368728637695e+00 -2.449553012847900391e+00 -2.457857847213745117e+00 -7.974611759185791016e+00 -1.828303456306457520e+00 1.551139068603515625e+01 9.288185119628906250e+00 5.242376804351806641e+00 3.373211622238159180e+00 9.698647499084472656e+00 1.061167120933532715e+00 2.915022134780883789e+00 -9.464675784111022949e-01 4.635465517640113831e-02 -1.927268505096435547e+00
2.322850418090820312e+01 -9.628385543823242188e+00 -1.899675726890563965e+00 1.367348194122314453e+00 1.804519653320312500e+00 1.074898481369018555e+00 -1.912398338317871094e+00 -5.739814758300781250e+00 -1.227795410156250000e+01 -1.448971867561340332e+00 9.375521659851074219e+00 4.484673023223876953e+00 -1.638004422187805176e+00 4.266041755676269531e+00 9.560256004333496094e+00 7.238758563995361328e+00 1.348756551742553711e+00 2.187700271606445312e+00 5.770829677581787109e+00 8.727438926696777344e+00
8.552708625793457031e+00 2.906002044677734375e+00 -1.377333927154541016e+01 3.327294349670410156e+00 -1.024674892425537109e+01 3.810772657394409180e+00 1.632937812805175781e+01 -7.003586769104003906e+00 -5.371786117553710938e+00 -3.669709205627441406e+00 -1.054054856300354004e+00 7.643269538879394531e+00 -2.842943668365478516e+00 1.982458686828613281e+01 4.706804275512695312e+00 -1.121490597724914551e+00 -1.751696228981018066e+00 6.615808963775634766e+00 4.169365406036376953e+00 -1.923298597335815430e+00
1.892197799682617188e+01 5.243232727050781250e+00 -2.155337524414062500e+01 -1.212812304496765137e+00 -5.035378932952880859e+00 1.565319895744323730e+00 8.608693122863769531e+00 -9.074779510498046875e+00 4.387214660644531250e+00 -4.898594379425048828e+00 -7.756320476531982422e+00 -1.725286006927490234e+00 -6.037957668304443359e+00 3.666710376739501953e+00 -1.098236656188964844e+01 -5.135381698608398438e+00 1.202338695526123047e+00 -9.310250282287597656e+00 -1.048523616790771484e+01 1.824318528175354004e+00
1.319789886474609375e+01 -1.197220993041992188e+01 -5.038655757904052734e+00 3.557803153991699219e+00 -7.359939098358154297e+00 2.418495416641235352e+00 1.412485980987548828e+01 8.557695895433425903e-02 -1.259898757934570312e+01 -2.231960535049438477e+00 -1.276156783103942871e+00 -3.901994228363037109e+00 -2.954390764236450195e+00 -6.669277667999267578e+00 5.526906967163085938e+00 -5.844016075134277344e+00 -8.105699419975280762e-01 2.135124206542968750e+00 -1.967945337295532227e+00 -2.121812105178833008e+00
1.024190616607666016e+01 -9.716515541076660156e+00 -1.494510936737060547e+01 -6.054379343986511230e-01 3.369065999984741211e+00 -4.239733695983886719e+00 1.284360504150390625e+01 -4.395582199096679688e+00 -3.571852445602416992e+00 -4.057939529418945312e+00 -4.399892807006835938e+00 -7.123826503753662109e+00 8.596540093421936035e-01 2.740137338638305664e+00 -5.969497680664062500e+00 1.393753886222839355e+00 -3.133766889572143555e+00 -4.027630805969238281e+00 -4.560338973999023438e+00 3.748003482818603516e+00
1.141270923614501953e+01 3.027665317058563232e-01 -2.036189651489257812e+01 1.185321450233459473e+00 -7.732333183288574219e+00 -2.559592008590698242e+00 1.214088439941406250e+01 2.017036676406860352e+00 -5.136131644248962402e-01 -1.712857842445373535e+00 1.682928323745727539e+00 -1.688328862190246582e+00 -1.402322202920913696e-02 6.293060302734375000e+00 -2.877089500427246094e+00 -7.652534484863281250e+00 -4.214244842529296875e+00 -1.646296381950378418e+00 -6.175968647003173828e+00 -5.134272098541259766e+00
1.829084634780883789e+00 -1.068861675262451172e+01 -6.811897754669189453e+00 -6.890501976013183594e-01 9.293201446533203125e+00 -4.228547096252441406e+00 9.847811698913574219e+00 -1.571151614189147949e+00 -6.248946189880371094e-01 -2.326400995254516602e+00 -1.036063790321350098e+00 -5.620101451873779297e+00 -1.122304344177246094e+01 -2.726573467254638672e+00 6.041925430297851562e+00 5.583356857299804688e+00 2.041092395782470703e+00 8.458120226860046387e-01 2.399086236953735352e+00 7.999463677406311035e-01
6.478385925292968750e+00 -3.434722900390625000e+00 -1.672871017456054688e+01 5.170902609825134277e-01 6.126890182495117188e+00 -5.286243438720703125e+00 9.289967536926269531e+00 1.855793237686157227e+00 7.859596014022827148e-01 -5.193924427032470703e+00 1.128201279789209366e-02 -8.035321235656738281e+00 -1.110481500625610352e+00 4.703450202941894531e+00 3.663919210433959961e+00 2.069440037012100220e-01 -2.033183097839355469e+00 1.636259555816650391e-01 -2.689713835716247559e-01 1.002094030380249023e+00
2.194887542724609375e+01 -1.751981228590011597e-01 -1.726687431335449219e+01 -3.333645820617675781e+00 8.782547950744628906e+00 4.963238716125488281e+00 2.527499675750732422e+00 8.227515220642089844e+00 1.838572025299072266e+00 -1.553116321563720703e+00 1.021388912200927734e+01 -4.993350505828857422e+00 6.494325399398803711e-01 3.386695861816406250e+00 1.812083721160888672e-01 -1.478309273719787598e+00 2.114323377609252930e+00 -7.371398210525512695e-01 -8.683906197547912598e-01 -3.352156639099121094e+00
1.626177406311035156e+01 -1.302598285675048828e+01 -1.263164138793945312e+01 3.111036717891693115e-01 9.842785835266113281e+00 -1.795575499534606934e+00 9.092426300048828125e+00 4.138557434082031250e+00 1.354374527931213379e+00 2.938218832015991211e+00 1.005652713775634766e+01 -4.287447929382324219e+00 -1.848816752433776855e+00 4.973963737487792969e+00 -1.950714945793151855e+00 4.289534568786621094e+00 -7.346299290657043457e-02 1.892917752265930176e+00 -2.662526130676269531e+00 -6.939139366149902344e+00
1.394369316101074219e+01 5.399740695953369141e+00 -1.384600830078125000e+01 4.180235385894775391e+00 -7.405341863632202148e-01 1.018758678436279297e+01 1.437189769744873047e+01 -5.896650791168212891e+00 -7.844360828399658203e+00 -1.670129179954528809e+00 6.008406162261962891e+00 1.566272497177124023e+00 -6.628758430480957031e+00 -2.462082386016845703e+00 8.474285125732421875e+00 2.970202922821044922e+00 -1.544548034667968750e+00 4.235543251037597656e+00 -4.241240024566650391e+00 -4.775387763977050781e+00
3.549603652954101562e+01 -2.842709922790527344e+01 2.148006057739257812e+01 2.397516965866088867e+00 -4.411590099334716797e+00 -8.885016441345214844e+00 -1.037179183959960938e+01 -7.816561460494995117e-01 -2.480001926422119141e+00 -3.301465988159179688e+00 -5.035967350006103516e+00 -8.331637382507324219e+00 4.323863029479980469e+00 -2.387761116027832031e+00 2.141072034835815430e+00 -8.634731769561767578e-01 9.895921707153320312e+00 -9.220427274703979492e-01 2.275526523590087891e+00 -6.913545131683349609e-01
1.555808448791503906e+01 -3.278186416625976562e+01 1.110183525085449219e+01 -4.410366535186767578e+00 7.997501373291015625e+00 -4.200162887573242188e+00 -3.447822332382202148e+00 -3.945831954479217529e-01 1.241340041160583496e+00 2.107822418212890625e+00 -6.087038993835449219e+00 4.683738231658935547e+00 -2.022623062133789062e+00 1.184422016143798828e+00 -2.422547340393066406e+00 -5.151758193969726562e-01 -8.775286674499511719e+00 -3.050699364393949509e-03 -2.373846769332885742e+00 -1.577019572257995605e+00
3.730958938598632812e+01 -1.808475303649902344e+01 1.708438873291015625e+01 6.565844416618347168e-01 -5.241913795471191406e+00 -5.109622955322265625e+00 -8.769098281860351562e+00 -5.284836769104003906e+00 -5.548563957214355469e+00 -4.532544136047363281e+00 1.609346866607666016e+00 -8.537009954452514648e-01 4.112733364105224609e+00 5.752275466918945312e+00 8.725148200988769531e+00 -1.632873773574829102e+00 6.346019268035888672e+00 1.279070854187011719e+00 5.892284393310546875e+00 7.108500480651855469e+00
1.839599418640136719e+01 -2.142279815673828125e+01 2.487548112869262695e+00 -1.221792817115783691e+00 1.119947075843811035e+00 2.826129496097564697e-01 3.671197652816772461e+00 1.918957710266113281e+00 -7.794588565826416016e+00 1.247371554374694824e+00 -5.815805792808532715e-01 -5.549668312072753906e+00 -5.696185588836669922e+00 -7.091120481491088867e-01 -1.116786599159240723e+00 2.536306142807006836e+00 3.954708814620971680e+00 8.057952880859375000e+00 -8.394258618354797363e-01 -1.901389479637145996e+00
1.395975399017333984e+01 -1.749836349487304688e+01 -3.382465124130249023e+00 9.124535560607910156e+00 -4.663424491882324219e+00 -1.540347933769226074e+00 1.745167541503906250e+01 -3.737390041351318359e-01 -2.374646663665771484e+00 -2.024184226989746094e+00 -1.483479261398315430e+00 4.306682586669921875e+00 -3.931434154510498047e+00 -7.224038600921630859e+00 -3.688611984252929688e+00 -2.359296798706054688e+00 9.142529487609863281e+00 2.264980316162109375e+00 -3.119825839996337891e+00 -1.153143405914306641e+00
3.350308990478515625e+01 -1.053099822998046875e+01 -1.082933998107910156e+01 6.936217546463012695e-01 -9.361451148986816406e+00 1.903329610824584961e+00 5.078679084777832031e+00 -5.950776338577270508e-01 -4.533239841461181641e+00 5.195402622222900391e+00 -6.939991474151611328e+00 -3.443628787994384766e+00 1.908204317092895508e+00 -1.526634216308593750e+00 -6.151716709136962891e+00 -4.027738094329833984e+00 4.892810344696044922e+00 -1.982063502073287964e-01 -2.169022858142852783e-01 -4.701664447784423828e+00
1.084103202819824219e+01 -1.601120376586914062e+01 -3.409989833831787109e+00 2.828061103820800781e+00 -3.140861272811889648e+00 -4.670037269592285156e+00 1.063811397552490234e+01 -2.095632255077362061e-02 -1.123819923400878906e+01 -1.779182553291320801e+00 -4.659151554107666016e+00 -1.055286407470703125e+01 3.422578573226928711e+00 -3.966325223445892334e-01 5.883095264434814453e+00 3.632292270660400391e+00 -4.292935371398925781e+00 -4.076384067535400391e+00 2.530376434326171875e+00 4.633553504943847656e+00
2.217201614379882812e+01 -2.823009300231933594e+01 7.239066123962402344e+00 4.570378780364990234e+00 -5.272078514099121094e+00 -2.127093791961669922e+00 -1.194997191429138184e+00 -9.668008685111999512e-01 2.412746429443359375e+00 -1.728686571121215820e+00 -6.635211944580078125e+00 4.015009403228759766e+00 -9.094479680061340332e-01 -1.274506688117980957e+00 -1.520495057106018066e+00 -2.727439627051353455e-02 4.204317092895507812e+00 3.383964300155639648e+00 -2.918771505355834961e-01 -4.404911518096923828e+00
2.193189239501953125e+01 -2.594158554077148438e+01 3.566985130310058594e+00 -1.009143516421318054e-01 -1.062130260467529297e+01 -7.184064388275146484e+00 -4.910331070423126221e-01 -2.796224355697631836e+00 2.986299514770507812e+00 2.254289150238037109e+00 -7.116365909576416016e+00 2.500434875488281250e+00 -5.842478752136230469e+00 -4.384651660919189453e+00 -3.515616655349731445e+00 -3.459995746612548828e+00 -2.626201391220092773e+00 2.774552822113037109e+00 2.270884811878204346e-01 2.228790521621704102e+00
2.014014434814453125e+01 -2.018627548217773438e+01 4.370324134826660156e+00 8.707633018493652344e+00 8.610393404960632324e-01 -1.576928853988647461e+00 7.146737098693847656e+00 3.583822011947631836e+00 -2.894017457962036133e+00 -1.762943983078002930e+00 9.190278053283691406e+00 -4.909053444862365723e-01 -7.158716320991516113e-01 1.354806900024414062e+00 3.088364362716674805e+00 -2.522428750991821289e+00 -9.906531333923339844e+00 1.372669339179992676e+00 -6.252595424652099609e+00 -2.734837055206298828e+00
1.835535240173339844e+01 -7.472479820251464844e+00 -8.216552734375000000e+00 -4.322352886199951172e+00 2.284836530685424805e+00 -6.090242862701416016e+00 1.260935020446777344e+01 -4.150401592254638672e+00 -2.841692686080932617e+00 -4.034595012664794922e+00 -4.172173023223876953e+00 -7.140767097473144531e+00 -6.560583591461181641e+00 3.685741662979125977e+00 6.588332653045654297e+00 9.193324089050292969e+00 -4.087581157684326172e+00 -2.749118089675903320e+00 -3.705101013183593750e+00 4.330878257751464844e+00
3.229468536376953125e+01 -1.019091382622718811e-01 -1.549738788604736328e+01 3.474614620208740234e+00 -3.219343900680541992e+00 1.460455954074859619e-01 1.833919882774353027e+00 -8.807420730590820312e-01 1.212524533271789551e+00 -6.158991456031799316e-01 -1.316114306449890137e+00 -4.099693298339843750e+00 -3.994002103805541992e+00 9.151659607887268066e-01 4.788168072700500488e-01 -3.305302143096923828e+00 -3.400892972946166992e+00 -4.569155693054199219e+00 -1.503223896026611328e+00 -6.317148208618164062e+00
3.666569900512695312e+01 -1.370978927612304688e+01 -2.441927433013916016e+00 7.796886444091796875e+00 3.799854516983032227e+00 2.250541210174560547e+00 -3.600860834121704102e+00 4.014626026153564453e+00 -4.615627288818359375e+00 9.419546127319335938e-01 1.144820022583007812e+01 -7.865805625915527344e+00 3.233977258205413818e-01 -4.429848194122314453e+00 1.980277448892593384e-01 -5.558666706085205078e+00 1.615286946296691895e+00 8.523704409599304199e-01 -2.958486080169677734e+00 3.389436483383178711e+00
2.935582733154296875e+01 -2.852689170837402344e+01 1.343635463714599609e+01 6.407195091247558594e+00 -3.482902765274047852e+00 -5.321881294250488281e+00 -5.473886966705322266e+00 -4.831634998321533203e+00 -4.563898563385009766e+00 -2.182857513427734375e+00 -2.926350116729736328e+00 -1.654765844345092773e+00 2.645825147628784180e+00 -3.240078449249267578e+00 -4.622557759284973145e-01 -3.005776882171630859e+00 -7.880908250808715820e-01 2.319687604904174805e-02 1.146103069186210632e-01 -1.200834035873413086e+00
4.140760803222656250e+01 -1.776920890808105469e+01 1.650628471374511719e+01 6.433067321777343750e+00 -5.429821491241455078e+00 -5.238387107849121094e+00 -9.430357933044433594e+00 -4.186096191406250000e+00 -3.655494451522827148e+00 -5.432806968688964844e+00 1.087146401405334473e+00 3.685611784458160400e-01 8.991597175598144531e+00 8.204557418823242188e+00 6.599645614624023438e+00 -3.937645256519317627e-01 2.855778694152832031e+00 1.157535910606384277e+00 -4.560897827148437500e+00 5.347024917602539062e+00
2.143782615661621094e+01 -6.267489433288574219e+00 -1.370322799682617188e+01 -3.884695470333099365e-01 -1.813365221023559570e+00 -2.674694538116455078e+00 1.070325660705566406e+01 2.302889674901962280e-01 -6.935050010681152344e+00 -1.113694310188293457e+00 1.546076983213424683e-01 -8.213827133178710938e+00 -1.701813101768493652e+00 3.371100902557373047e+00 -1.583553314208984375e+00 6.498550415039062500e+00 -6.118145585060119629e-01 -5.531026363372802734e+00 -2.503480911254882812e+00 3.862750053405761719e+00
3.589189910888671875e+01 -2.335814666748046875e+01 8.473518371582031250e+00 1.343862414360046387e+00 2.431581497192382812e+00 5.067072808742523193e-02 -9.033617019653320312e+00 -4.205758571624755859e+00 -5.242376804351806641e+00 2.578147411346435547e+00 2.457752943038940430e+00 9.998000264167785645e-01 4.094144344329833984e+00 5.144567966461181641e+00 4.558704853057861328e+00 -5.296011447906494141e+00 -6.273368000984191895e-01 -5.105177402496337891e+00 -1.128083109855651855e+00 9.634832382202148438e+00
2.167973518371582031e+01 -2.465367317199707031e+01 1.176432418823242188e+01 3.522567987442016602e+00 -1.127730083465576172e+01 -4.027500152587890625e+00 2.268411397933959961e+00 -1.767801761627197266e+00 -3.757418870925903320e+00 -5.676212787628173828e+00 9.578994661569595337e-02 6.286551952362060547e+00 4.905403137207031250e+00 7.986434936523437500e+00 3.554785490036010742e+00 -1.518435239791870117e+00 1.837929487228393555e+00 -1.670969009399414062e+00 -2.065882921218872070e+00 2.311685800552368164e+00
2.017756271362304688e+01 -2.085432434082031250e+01 1.068897366523742676e+00 4.341347217559814453e+00 -7.561437129974365234e+00 -7.321090698242187500e+00 5.615223884582519531e+00 1.192007780075073242e+00 -6.019811153411865234e+00 6.280382275581359863e-01 -6.973708514124155045e-03 3.248571634292602539e+00 -1.964969277381896973e+00 -1.991157650947570801e+00 -6.391971111297607422e+00 -4.231815040111541748e-01 -2.776881694793701172e+00 -7.572357058525085449e-01 2.409606218338012695e+00 -3.112349748611450195e+00
2.421327590942382812e+01 -2.717599296569824219e+01 3.871931552886962891e+00 -2.042360067367553711e+00 -5.277829647064208984e+00 -8.234679222106933594e+00 1.269010543823242188e+00 4.616804420948028564e-01 6.452265977859497070e-01 3.327147364616394043e-01 -5.502213954925537109e+00 -1.087722063064575195e+00 1.839824438095092773e+00 -6.968827247619628906e-01 3.082072496414184570e+00 -7.025809884071350098e-01 -3.668804168701171875e+00 -2.821049213409423828e+00 6.596317291259765625e-01 -1.363357424736022949e+00
2.172021293640136719e+01 -1.900351905822753906e+01 -5.580792427062988281e+00 1.540809392929077148e+00 -2.126885652542114258e+00 5.056930184364318848e-01 3.131663799285888672e+00 -3.164594650268554688e+00 -1.330918788909912109e+01 7.394156455993652344e-01 1.123325228691101074e+00 -1.424043297767639160e+00 3.107673883438110352e+00 1.553664326667785645e+00 -4.463019847869873047e+00 1.293590545654296875e+01 -9.413725137710571289e-01 2.203806638717651367e+00 -4.107997119426727295e-01 -2.211117267608642578e+00
3.716178512573242188e+01 2.650932312011718750e+00 -1.443227005004882812e+01 -3.669148445129394531e+00 -1.007637214660644531e+01 -9.184257984161376953e-01 -2.702137708663940430e+00 5.210821628570556641e-01 -6.198015213012695312e-01 -4.099530220031738281e+00 -7.579448223114013672e+00 -2.372574567794799805e+00 -2.314304351806640625e+00 5.600034713745117188e+00 2.158432722091674805e+00 7.097587108612060547e+00 6.088836789131164551e-01 -9.386609494686126709e-02 3.719968080520629883e+00 -3.585094690322875977e+00
2.495407867431640625e+01 -4.532697200775146484e+00 -8.781319618225097656e+00 -6.329620480537414551e-01 4.752684593200683594e+00 -3.931345462799072266e+00 3.186652183532714844e+00 4.448718070983886719e+00 -1.348200678825378418e+00 -1.657983183860778809e+00 9.585893630981445312e+00 -2.772397279739379883e+00 3.345945596694946289e+00 2.037067651748657227e+00 -9.243345260620117188e-01 1.320504307746887207e+00 4.639474868774414062e+00 1.856309652328491211e+00 -5.378918170928955078e+00 1.214150190353393555e+00
3.958481597900390625e+01 -2.411824607849121094e+01 4.890619277954101562e+00 -7.500169873237609863e-01 3.809817790985107422e+00 -5.766778945922851562e+00 -1.597596359252929688e+01 -2.356476783752441406e+00 -3.653350472450256348e-01 -5.256916284561157227e-01 -3.485450744628906250e+00 -4.190766513347625732e-01 -1.431208729743957520e+00 1.771721482276916504e+00 4.679453969001770020e-01 -7.528632879257202148e-01 2.699171543121337891e+00 -4.632390975952148438e+00 -2.665199279785156250e+00 -9.356276392936706543e-01
3.278931427001953125e+01 -2.522320175170898438e+01 6.246250152587890625e+00 3.587207317352294922e+00 -8.917564392089843750e+00 -6.039958477020263672e+00 -6.681810855865478516e+00 -2.603278875350952148e+00 -3.591615438461303711e+00 -6.614330410957336426e-02 -4.855265617370605469e+00 -2.063511125743389130e-02 -2.115666151046752930e+00 -1.088281631469726562e+00 -4.244806289672851562e+00 -2.671905040740966797e+00 4.571272850036621094e+00 1.665404200553894043e+00 1.427321910858154297e+00 -8.914683461189270020e-01
3.685546112060546875e+01 -1.226390933990478516e+01 -5.571475028991699219e+00 6.023294925689697266e+00 -6.760295867919921875e+00 3.418405950069427490e-01 -2.301397085189819336e+00 1.091814279556274414e+00 -3.461592674255371094e+00 -2.523540258407592773e+00 1.897315144538879395e+00 -3.645060777664184570e+00 5.412925243377685547e+00 4.142498493194580078e+00 1.198191642761230469e+00 3.616545915603637695e+00 5.667145252227783203e+00 -6.413507461547851562e+00 -1.391119718551635742e+00 -2.706794500350952148e+00
3.058674812316894531e+01 -2.135876846313476562e+01 1.784123182296752930e+00 2.506071329116821289e+00 -1.080332374572753906e+01 -7.463586330413818359e+00 2.770133733749389648e+00 -1.292136192321777344e+00 -4.308138847351074219e+00 4.693749845027923584e-01 -2.461548089981079102e+00 1.905188798904418945e+00 3.526532351970672607e-01 2.673616170883178711e+00 -1.005618095397949219e+00 -2.957818269729614258e+00 4.037630856037139893e-01 3.643695116043090820e+00 -7.044962882995605469e+00 -4.221732139587402344e+00
2.601428794860839844e+01 -3.056032180786132812e+01 7.026365280151367188e+00 -9.181509613990783691e-01 1.079591083526611328e+01 -4.545687437057495117e-01 -7.169856548309326172e+00 4.991426944732666016e+00 -1.049812197685241699e+00 5.921610832214355469e+00 1.855221748352050781e+00 -5.137279033660888672e+00 -1.798799753189086914e+00 -2.468754053115844727e+00 -5.575906038284301758e-01 4.206646442413330078e+00 -2.032325744628906250e+00 7.679707407951354980e-01 2.186311960220336914e+00 -1.770367622375488281e-01
2.343113327026367188e+01 -2.715364265441894531e+01 3.825885295867919922e+00 2.588217020034790039e+00 -2.479239225387573242e+00 -4.563080310821533203e+00 -2.211600303649902344e+00 2.160491466522216797e+00 -2.298679590225219727e+00 5.371615886688232422e+00 4.790720045566558838e-01 4.075943827629089355e-01 -2.299626588821411133e+00 -1.340086340904235840e+00 -1.458301305770874023e+00 -4.691114425659179688e+00 -2.416379213333129883e+00 -3.453955411911010742e+00 -1.925105810165405273e+00 1.914336323738098145e+00
3.983500671386718750e+01 -7.412168979644775391e+00 -6.263914585113525391e+00 -3.189931511878967285e-01 -1.060720443725585938e+01 -2.374872684478759766e+00 -4.810282707214355469e+00 3.600837945938110352e+00 -2.542617559432983398e+00 4.901285171508789062e+00 1.381560266017913818e-01 -1.513784766197204590e+00 2.162041187286376953e+00 1.036643028259277344e+00 -5.007378578186035156e+00 -4.385560512542724609e+00 2.027042388916015625e+00 -5.139137268066406250e+00 7.243733406066894531e-01 4.665733337402343750e+00
3.414177322387695312e+01 -1.533217906951904297e+01 -2.021687507629394531e+00 1.298220872879028320e+00 -6.579117298126220703e+00 -9.160100936889648438e+00 2.495835274457931519e-01 6.352846622467041016e-01 7.546901702880859375e-01 1.649242758750915527e+00 -2.509676456451416016e+00 -2.091672658920288086e+00 1.450515747070312500e+00 1.554684996604919434e+00 -8.284121155738830566e-01 3.173676252365112305e+00 8.398655652999877930e-01 -3.121669292449951172e+00 -4.491516113281250000e+00 1.101486563682556152e+00
3.287330627441406250e+01 -1.739840507507324219e+01 1.539985984563827515e-01 2.081940889358520508e+00 -5.090417861938476562e+00 -4.857630729675292969e+00 6.925947219133377075e-02 -1.471508622169494629e+00 -1.552799224853515625e+00 2.115636587142944336e+00 1.577254035510122776e-03 -1.469352245330810547e-01 -1.088651657104492188e+00 3.522657632827758789e+00 1.356211066246032715e+00 1.642837047576904297e+00 1.054322004318237305e+00 -9.314073920249938965e-01 -4.355311393737792969e+00 9.553210809826850891e-03
3.388058471679687500e+01 -1.556118679046630859e+01 -7.933011054992675781e+00 3.863939344882965088e-01 -5.643323421478271484e+00 -7.226411819458007812e+00 3.659081459045410156e-02 2.033052444458007812e+00 -1.496517062187194824e+00 -4.798824787139892578e+00 -1.056869506835937500e+00 -5.197305679321289062e+00 2.229958213865756989e-02 -2.043095827102661133e+00 -4.132700264453887939e-01 2.165003299713134766e+00 4.090855598449707031e+00 -3.022175312042236328e+00 -2.697638273239135742e-01 -2.139483213424682617e+00
3.307131958007812500e+01 -1.726701164245605469e+01 -6.776042461395263672e+00 -8.793133497238159180e-02 -9.214939117431640625e+00 -8.842528343200683594e+00 -1.237865567207336426e+00 2.242279052734375000e+00 -2.511231660842895508e+00 -1.155417799949645996e+00 1.439165353775024414e+00 1.840415447950363159e-01 4.393024444580078125e+00 3.154499769210815430e+00 -2.144022703170776367e+00 -2.501604080200195312e+00 1.030058622360229492e+00 -2.077746629714965820e+00 -1.956857323646545410e+00 -2.164122343063354492e+00
3.251080703735351562e+01 -2.148249053955078125e+01 -2.288714885711669922e+00 1.770474195480346680e+00 -2.931773900985717773e+00 -5.047106742858886719e+00 -9.780871868133544922e-01 5.623254776000976562e-01 -6.960253715515136719e-01 -9.367297291755676270e-01 -2.217783689498901367e+00 -1.686096906661987305e+00 -3.917109489440917969e+00 -1.157671213150024414e+00 -5.381151199340820312e+00 7.453562021255493164e-01 2.919447660446166992e+00 -5.123968601226806641e+00 -1.156656742095947266e+00 -4.837715625762939453e+00
3.787113952636718750e+01 -1.020138549804687500e+01 -1.054194927215576172e+01 -3.346004486083984375e+00 -1.009003639221191406e+01 -8.824040412902832031e+00 -4.727749824523925781e+00 2.918079793453216553e-01 -1.081647634506225586e+00 -8.962140083312988281e-01 -5.427756309509277344e+00 -1.824742913246154785e+00 1.862013220787048340e+00 3.542403936386108398e+00 -4.012769699096679688e+00 -1.901572108268737793e+00 1.504162192344665527e+00 -4.600760936737060547e+00 -1.824019551277160645e+00 -5.882047653198242188e+00
2.246841621398925781e+01 -2.462713050842285156e+01 2.857628583908081055e+00 2.896923542022705078e+00 -3.797743797302246094e+00 -5.875521183013916016e+00 9.069983959197998047e-01 1.974961996078491211e+00 -2.033737182617187500e+00 3.795164823532104492e+00 -4.080564498901367188e+00 1.423523902893066406e+00 -1.402745366096496582e+00 -1.178536891937255859e+00 9.538224935531616211e-01 -1.953422546386718750e+00 -3.711061000823974609e+00 -4.839874804019927979e-01 -5.234639644622802734e+00 2.016562938690185547e+00
3.587390899658203125e+01 -1.457300376892089844e+01 -3.484922885894775391e+00 -1.813988924026489258e+00 -5.946537256240844727e-01 -2.557792425155639648e+00 -9.461817741394042969e+00 -1.633206248283386230e+00 -2.136132240295410156e+00 3.502526760101318359e+00 1.983569860458374023e+00 1.959503412246704102e+00 2.266844511032104492e+00 -1.790636658668518066e+00 -4.311092853546142578e+00 2.008262634277343750e+00 1.594129085540771484e+00 -6.832483291625976562e+00 1.155612945556640625e+00 1.055330634117126465e+00
3.908177566528320312e+01 -1.108068180084228516e+01 -5.656983375549316406e+00 -1.355085611343383789e+00 -4.774805009365081787e-01 -3.829177856445312500e+00 -5.115232944488525391e+00 5.330179333686828613e-01 -2.034951925277709961e+00 -3.373206779360771179e-02 2.332345724105834961e+00 -2.948921442031860352e+00 1.555828094482421875e+00 2.251121044158935547e+00 -6.687791347503662109e+00 -7.268957495689392090e-01 -1.527768373489379883e+00 -5.033831119537353516e+00 3.106584310531616211e+00 -5.221425533294677734e+00
3.370228576660156250e+01 -2.462510871887207031e+01 5.104925155639648438e+00 1.321704745292663574e+00 -5.868366360664367676e-01 -5.559025287628173828e+00 -6.112177371978759766e+00 3.230414986610412598e-01 -2.080067060887813568e-02 1.947160601615905762e+00 1.974773526191711426e+00 2.891838550567626953e+00 7.313463091850280762e-01 2.270153045654296875e+00 2.295139551162719727e+00 -2.445029765367507935e-01 -7.302545070648193359e+00 3.360014677047729492e+00 -3.349920988082885742e+00 3.541982650756835938e+00
2.968352317810058594e+01 -8.234878540039062500e+00 -1.393655204772949219e+01 -4.965244770050048828e+00 6.971377372741699219e+00 -1.510957479476928711e+00 -3.348695993423461914e+00 3.525507211685180664e+00 5.476981401443481445e-01 1.216586470603942871e+00 -2.188394546508789062e+00 -6.975961685180664062e+00 -8.097311854362487793e-01 1.384677886962890625e+00 -3.415146589279174805e+00 8.770902156829833984e-01 -4.621472060680389404e-01 -5.909636497497558594e+00 -3.863670825958251953e+00 4.374118149280548096e-01
2.260405158996582031e+01 -2.288424873352050781e+01 1.718775629997253418e+00 2.276417016983032227e+00 -5.921392917633056641e+00 -1.766158938407897949e+00 1.997459173202514648e+00 -7.389190196990966797e-01 -5.984402656555175781e+00 1.660290479660034180e+00 4.903002381324768066e-01 4.884799003601074219e+00 -1.183610081672668457e+00 -4.419390678405761719e+00 -8.906235694885253906e+00 -3.129367351531982422e+00 2.377839565277099609e+00 -1.557723283767700195e+00 7.404877990484237671e-02 -1.341567754745483398e+00
2.730851745605468750e+01 -9.721809387207031250e+00 -1.413904476165771484e+01 -1.541982769966125488e+00 -2.202742844820022583e-01 -5.548654079437255859e+00 2.628833770751953125e+00 2.170404195785522461e+00 -3.088987112045288086e+00 -2.607402086257934570e+00 -3.453830718994140625e+00 -2.137687683105468750e+00 -2.615631818771362305e-01 2.352095603942871094e+00 -3.463060781359672546e-02 -3.945992887020111084e-02 7.086320519447326660e-01 -5.178967475891113281e+00 2.438455104827880859e+00 -3.178206920623779297e+00
3.159019660949707031e+01 -1.817462730407714844e+01 7.539450645446777344e+00 -1.527423262596130371e+00 1.421882152557373047e+00 -2.649757862091064453e+00 -7.728111267089843750e+00 1.379838705062866211e+00 -1.382359743118286133e+00 2.533798456192016602e+00 -3.259850502014160156e+00 4.040036201477050781e+00 1.811629772186279297e+00 2.993541240692138672e+00 3.330046892166137695e+00 4.885658740997314453e+00 5.435430049896240234e+00 2.831706047058105469e+00 7.722919434309005737e-02 3.064239501953125000e+00
2.663555908203125000e+01 -2.172933387756347656e+01 3.607750892639160156e+00 1.027821183204650879e+00 3.388163328170776367e+00 -2.708380699157714844e+00 -4.009995460510253906e+00 4.104608595371246338e-01 -6.296298027038574219e+00 1.795187830924987793e+00 4.237295627593994141e+00 -1.805794239044189453e+00 2.306972026824951172e+00 -1.299514889717102051e+00 -3.247904539108276367e+00 4.231333732604980469e+00 -3.771108150482177734e+00 -1.529693841934204102e+00 -6.493932247161865234e+00 3.780635356903076172e+00
3.936451721191406250e+01 -1.233365631103515625e+01 -4.346183300018310547e+00 -2.300698757171630859e+00 5.708831787109375000e+00 -2.387764453887939453e+00 -1.071851730346679688e+01 -1.406732916831970215e+00 2.327107042074203491e-01 2.631842374801635742e+00 9.437286376953125000e+00 -4.771343708038330078e+00 3.421775579452514648e+00 5.436295032501220703e+00 -3.013316869735717773e+00 -1.402625083923339844e+00 3.592313528060913086e+00 -3.540763854980468750e+00 2.142669677734375000e+00 1.232046112418174744e-01
3.841518783569335938e+01 -2.494401693344116211e+00 -4.028416156768798828e+00 -4.353742122650146484e+00 6.666380882263183594e+00 2.726059675216674805e+00 -8.754779815673828125e+00 1.911028325557708740e-01 -1.722370386123657227e+00 6.149081587791442871e-01 4.349207878112792969e+00 -1.492968320846557617e+00 3.310916662216186523e+00 7.242044448852539062e+00 -6.513307571411132812e+00 -5.319513678550720215e-01 3.671176910400390625e+00 -6.961112976074218750e+00 5.574079990386962891e+00 1.012551188468933105e+00
2.616416358947753906e+01 -6.592157363891601562e+00 -9.088078498840332031e+00 -3.198073804378509521e-01 6.126221656799316406e+00 3.392884016036987305e+00 -9.055156111717224121e-01 4.166203022003173828e+00 -8.951716423034667969e+00 -2.096617698669433594e+00 8.664621353149414062e+00 -8.977898597717285156e+00 -3.643114328384399414e+00 1.003356501460075378e-01 9.385332107543945312e+00 9.561541557312011719e+00 -7.406696677207946777e-02 -6.914320468902587891e+00 4.757555007934570312e+00 -1.141697645187377930e+00
2.964860153198242188e+01 4.026367664337158203e+00 -1.340999507904052734e+01 -3.252972841262817383e+00 -7.066251754760742188e+00 2.891774415969848633e+00 2.721661090850830078e+00 -4.188868999481201172e+00 -1.923950314521789551e+00 -2.154444694519042969e+00 -3.380567073822021484e+00 -4.430080413818359375e+00 -2.171933174133300781e+00 3.386471748352050781e+00 -2.042826652526855469e+00 2.874255657196044922e+00 3.097112774848937988e-01 3.983669996261596680e+00 9.669658660888671875e+00 -1.074704074859619141e+01
3.523533248901367188e+01 1.755196809768676758e+00 -1.702140617370605469e+01 -6.737081050872802734e+00 7.651019573211669922e+00 3.628535270690917969e+00 -1.940934777259826660e+00 -5.689131021499633789e-01 -1.149156615138053894e-01 -4.841643333435058594e+00 5.319187641143798828e+00 -7.343357563018798828e+00 -9.842601418495178223e-01 1.875270485877990723e+00 6.956176280975341797e+00 5.778519630432128906e+00 4.132326126098632812e+00 -1.644306182861328125e+00 3.267049551010131836e+00 -7.517043113708496094e+00
3.320578765869140625e+01 -1.252838730812072754e+00 -8.727096557617187500e+00 2.909663677215576172e+00 -9.955476760864257812e+00 2.930005550384521484e+00 6.021691799163818359e+00 -2.767148971557617188e+00 -5.020330429077148438e+00 3.575007021427154541e-01 2.209610223770141602e+00 -2.192972421646118164e+00 3.544160842895507812e+00 2.662080228328704834e-01 -7.970421314239501953e-01 -1.657247304916381836e+00 2.256040334701538086e+00 1.498194336891174316e+00 6.248550415039062500e+00 3.349424123764038086e+00
3.618420410156250000e+01 -9.675731658935546875e+00 -1.075740337371826172e+01 1.265909150242805481e-02 -4.384616374969482422e+00 1.115227580070495605e+00 3.474506378173828125e+00 2.680150508880615234e+00 -3.855972766876220703e+00 -4.811110019683837891e+00 2.721663713455200195e+00 -5.848226547241210938e+00 -2.347477436065673828e+00 4.761845588684082031e+00 -3.349180221557617188e+00 4.611317634582519531e+00 7.791644334793090820e-01 -5.428628444671630859e+00 2.543527126312255859e+00 -4.620632648468017578e+00
2.898169708251953125e+01 1.739789962768554688e+00 -1.627715873718261719e+01 9.078590273857116699e-01 4.700169086456298828e+00 2.124405622482299805e+00 -3.979806229472160339e-02 9.012989997863769531e+00 1.059069156646728516e+00 8.997117280960083008e-01 9.607394218444824219e+00 -6.864624500274658203e+00 2.357705116271972656e+00 1.479773521423339844e+00 -6.393721103668212891e+00 -6.147816181182861328e+00 2.727552652359008789e+00 -5.071930885314941406e-01 4.087429523468017578e+00 -7.463600635528564453e+00
3.203944015502929688e+01 5.765692710876464844e+00 -1.627102088928222656e+01 5.038172245025634766e+00 -7.452463626861572266e+00 6.615023612976074219e+00 5.961474418640136719e+00 6.084642887115478516e+00 -5.970222949981689453e+00 4.687084555625915527e-01 1.119711303710937500e+01 -8.634559631347656250e+00 1.329499006271362305e+00 -1.899343371391296387e+00 1.083206981420516968e-01 -3.840465068817138672e+00 1.072297382354736328e+01 -1.951374173164367676e+00 -1.146147727966308594e+00 -8.129065632820129395e-01
2.521930503845214844e+01 9.304605484008789062e+00 -1.953123664855957031e+01 5.152930736541748047e+00 -1.058614635467529297e+01 6.152059555053710938e+00 1.066039848327636719e+01 2.111877679824829102e+00 -4.267908573150634766e+00 -2.573716402053833008e+00 8.802537918090820312e+00 -9.890622496604919434e-01 -4.772185981273651123e-01 2.058228969573974609e+00 -3.884406089782714844e-01 -9.988984107971191406e+00 9.567130088806152344e+00 1.713089227676391602e+00 -4.978385925292968750e+00 -3.772345483303070068e-01
3.502501296997070312e+01 8.936842918395996094e+00 -1.743748664855957031e+01 -2.204553842544555664e+00 -4.582875728607177734e+00 5.927657604217529297e+00 -6.339238286018371582e-01 4.638605117797851562e+00 1.761574149131774902e-01 4.920460224151611328e+00 1.160762691497802734e+01 -1.997212648391723633e+00 8.194682598114013672e-01 1.792079567909240723e+00 -5.504802703857421875e+00 4.905827999114990234e+00 -2.501526117324829102e+00 -5.377760410308837891e+00 -3.787780284881591797e+00 -3.912041664123535156e+00
1.208674621582031250e+01 2.388402366638183594e+01 -1.300082921981811523e+00 -2.013891935348510742e+00 8.448098897933959961e-01 2.328672981262207031e+01 3.333009243011474609e+00 -1.096048927307128906e+01 -8.118394851684570312e+00 7.155076503753662109e+00 2.291393280029296875e+00 2.504540252685546875e+01 -7.559898376464843750e+00 9.648381233215332031e+00 -4.552818298339843750e+00 1.233061027526855469e+01 -6.218566417694091797e+00 7.421967506408691406e+00 1.151078987121582031e+01 -8.535271644592285156e+00
3.373368072509765625e+01 1.784974098205566406e+01 -8.645648956298828125e+00 6.466159820556640625e+00 -1.344639778137207031e+01 1.025880146026611328e+01 5.522971630096435547e+00 -5.490744590759277344e+00 -6.444107055664062500e+00 -1.786843299865722656e+00 4.638448715209960938e+00 2.800917625427246094e+00 -4.148322105407714844e+00 1.752525687217712402e+00 5.580476760864257812e+00 3.495439291000366211e+00 3.600629806518554688e+00 2.574744462966918945e+00 -1.046446990966796875e+01 7.427462100982666016e+00
4.248141860961914062e+01 1.404688549041748047e+01 -1.741751098632812500e+01 -3.664044380187988281e+00 -1.403871154785156250e+01 8.479286193847656250e+00 -4.010150909423828125e+00 -1.395015001296997070e+00 4.146930694580078125e+00 -1.845510482788085938e+00 -1.171197891235351562e+00 5.019075393676757812e+00 -3.666280746459960938e+00 -1.981592893600463867e+00 -3.763785958290100098e-01 -2.614683389663696289e+00 1.019823670387268066e+00 -3.300230741500854492e+00 -1.464268445968627930e+00 -2.862772941589355469e+00
3.945241165161132812e+01 1.204375839233398438e+01 -1.922299385070800781e+01 -3.468589067459106445e+00 -9.380932807922363281e+00 8.842889070510864258e-01 4.823430180549621582e-01 -2.625792264938354492e+00 3.938897848129272461e+00 -4.437594413757324219e+00 -3.692780494689941406e+00 -2.369428634643554688e+00 -3.511231660842895508e+00 4.270784378051757812e+00 -1.846725702285766602e+00 1.262705326080322266e+00 3.241425991058349609e+00 -2.991732835769653320e+00 -3.183543920516967773e+00 -6.386531829833984375e+00
4.161619949340820312e+01 1.115247249603271484e+01 -1.689981079101562500e+01 -6.673868656158447266e+00 -6.651246070861816406e+00 -4.599391818046569824e-01 -3.420789480209350586e+00 1.965409278869628906e+00 4.622261047363281250e+00 -2.362272024154663086e+00 -6.374041557312011719e+00 -4.400793552398681641e+00 4.343054294586181641e+00 8.173570036888122559e-01 -4.066593170166015625e+00 -5.427132129669189453e+00 -2.178383350372314453e+00 -3.185106813907623291e-01 4.308247566223144531e+00 -5.464876651763916016e+00
3.794697952270507812e+01 7.660348415374755859e+00 -1.671355056762695312e+01 -3.873897314071655273e+00 -8.161077499389648438e+00 -3.852509737014770508e+00 8.274491429328918457e-01 -2.880784869194030762e-01 -1.367532491683959961e+00 -2.126262426376342773e+00 -6.781651020050048828e+00 -4.457917690277099609e+00 -3.263265371322631836e+00 -1.099922895431518555e+00 4.411332130432128906e+00 3.666894912719726562e+00 -2.175110816955566406e+00 -1.430322051048278809e+00 4.445238590240478516e+00 -4.429903030395507812e+00
4.216075134277343750e+01 7.275555610656738281e+00 -1.368380260467529297e+01 -2.661633014678955078e+00 -4.133774757385253906e+00 8.108780860900878906e+00 -2.380579948425292969e+00 1.426575899124145508e+00 1.396924614906311035e+00 2.227823019027709961e+00 4.420835494995117188e+00 -1.487212419509887695e+00 -5.163580179214477539e-01 -2.288898468017578125e+00 2.292762845754623413e-01 1.630638957023620605e+00 6.992370128631591797e+00 -5.147726058959960938e+00 -2.764339923858642578e+00 -1.668840885162353516e+00
3.790573120117187500e+01 1.118332672119140625e+01 -1.522803688049316406e+01 2.010851860046386719e+00 -1.277888393402099609e+01 7.343489646911621094e+00 2.701341629028320312e+00 -2.762193679809570312e+00 -2.030860185623168945e+00 -6.961019039154052734e-01 -2.248214244842529297e+00 1.658637285232543945e+00 -8.860793113708496094e+00 1.685064673423767090e+00 2.084343731403350830e-01 -4.864505290985107422e+00 3.534786701202392578e+00 -2.100760191679000854e-01 -3.565580606460571289e+00 -5.899713039398193359e+00
3.515713882446289062e+01 8.140895843505859375e+00 -1.416982841491699219e+01 -2.458111286163330078e+00 -9.029635429382324219e+00 1.077647447586059570e+00 6.923232078552246094e+00 2.320622205734252930e+00 6.337565422058105469e+00 -1.095915913581848145e+00 -2.549385786056518555e+00 -2.261007070541381836e+00 -1.953368902206420898e+00 2.582976579666137695e+00 2.039464712142944336e+00 3.387688636779785156e+00 9.267302751541137695e-01 2.516234159469604492e+00 -5.919734001159667969e+00 -1.075384140014648438e+00
3.722631835937500000e+01 1.062670040130615234e+01 -1.601609992980957031e+01 -1.714256167411804199e+00 -5.307723999023437500e+00 -2.512336492538452148e+00 2.133041143417358398e+00 2.790808200836181641e+00 6.025432586669921875e+00 -5.058567047119140625e+00 -1.429086089134216309e+00 -2.315586566925048828e+00 8.840328454971313477e-01 -2.653337717056274414e+00 7.256165146827697754e-01 1.393699169158935547e+00 -4.493606835603713989e-02 -5.784683704376220703e+00 -4.821978092193603516e+00 -1.582675576210021973e+00
3.970385742187500000e+01 4.920435428619384766e+00 -1.429952812194824219e+01 -7.368972778320312500e+00 -3.737200021743774414e+00 2.649804353713989258e+00 -9.426198959350585938e+00 -1.688034772872924805e+00 6.102880477905273438e+00 -4.461598873138427734e+00 1.622959971427917480e+00 -2.237181663513183594e-01 2.042071104049682617e+00 6.037683486938476562e-01 -9.263294339179992676e-01 1.941192150115966797e+00 -3.762859821319580078e+00 -2.586122035980224609e+00 8.751039505004882812e-01 -1.081673145294189453e+00
3.301950073242187500e+01 1.051496791839599609e+01 -1.971185874938964844e+01 -4.041873931884765625e+00 1.767441391944885254e+00 4.984478473663330078e+00 1.055720806121826172e+00 2.002378225326538086e+00 1.343717098236083984e+00 -3.295048713684082031e+00 -2.921423614025115967e-01 -9.428169250488281250e+00 -3.951468467712402344e+00 -1.628489494323730469e+00 1.976468205451965332e+00 -1.988554239273071289e+00 1.120479822158813477e+00 -5.162398338317871094e+00 -2.835466146469116211e+00 -4.242939472198486328e+00
4.113454055786132812e+01 1.618298721313476562e+01 -1.587402534484863281e+01 -2.812811374664306641e+00 -5.611604690551757812e+00 9.994358062744140625e+00 -3.065857410430908203e+00 4.991432651877403259e-02 -2.782095670700073242e+00 -2.438401699066162109e+00 6.844564806669950485e-03 -6.084997653961181641e+00 5.926873087882995605e-01 -5.729619979858398438e+00 -3.152726650238037109e+00 4.715366363525390625e+00 2.879116773605346680e+00 3.306244850158691406e+00 -3.058746755123138428e-01 -1.986600160598754883e+00
3.863595199584960938e+01 1.266317749023437500e+01 -1.708300399780273438e+01 -3.195285081863403320e+00 -1.261474800109863281e+01 2.372158914804458618e-01 -9.556175470352172852e-01 -3.134861886501312256e-01 3.194326639175415039e+00 -1.194283485412597656e+00 -2.861094236373901367e+00 3.488615036010742188e+00 -3.398401260375976562e+00 3.961866140365600586e+00 -4.062504768371582031e+00 -3.212560892105102539e+00 -3.663417816162109375e+00 -6.955751776695251465e-01 7.500617980957031250e+00 -1.094464540481567383e+00
2.708735466003417969e+01 1.368314266204833984e+01 -1.818305397033691406e+01 -2.899020433425903320e+00 -6.783025264739990234e+00 6.526012420654296875e+00 6.882020473480224609e+00 -5.213089466094970703e+00 -1.672552466392517090e+00 -7.181017398834228516e+00 -4.073209285736083984e+00 -4.472493648529052734e+00 -6.803189754486083984e+00 1.936148524284362793e+00 2.277475118637084961e+00 -7.086288928985595703e-02 1.687531113624572754e+00 4.724423408508300781e+00 -2.795406579971313477e+00 -1.006998443603515625e+01
1.990585899353027344e+01 1.350663089752197266e+01 -1.505300521850585938e+01 5.185356616973876953e+00 -2.036362409591674805e+00 1.836704444885253906e+01 6.960835456848144531e+00 -4.764792442321777344e+00 -1.287907981872558594e+01 -9.326965212821960449e-01 5.295372009277343750e+00 -4.578280925750732422e+00 2.958489656448364258e+00 -9.148746132850646973e-01 -9.123046875000000000e+00 -2.563672065734863281e+00 5.407917976379394531e+00 5.704159736633300781e+00 -1.112617611885070801e+00 -2.978076696395874023e+00
3.401539611816406250e+01 2.746837234497070312e+01 -1.355295181274414062e+00 1.601505279541015625e+00 -2.758049011230468750e+00 1.153105545043945312e+01 2.404870986938476562e-01 3.468440771102905273e+00 -3.898719310760498047e+00 1.847371220588684082e+00 1.841086578369140625e+01 4.917084693908691406e+00 1.578063607215881348e+00 -3.777437686920166016e+00 -7.547873020172119141e+00 -7.103925943374633789e-01 2.655950069427490234e+00 1.082318305969238281e+01 -2.711274862289428711e+00 4.717417240142822266e+00
4.716268157958984375e+01 -2.817880809307098389e-01 -3.711065351963043213e-01 -3.566187024116516113e-01 1.008978939056396484e+01 1.958734750747680664e+00 -1.152913665771484375e+01 2.189933210611343384e-01 -3.553900957107543945e+00 1.722044348716735840e+00 2.492058277130126953e+00 -5.153398990631103516e+00 2.768530845642089844e+00 1.243325591087341309e+00 4.808234691619873047e+00 -6.226977348327636719e+00 6.408297538757324219e+00 -7.835930585861206055e-01 1.073892879486083984e+01 3.253548622131347656e+00
4.467319488525390625e+01 -5.613082885742187500e+00 4.301522254943847656e+00 -4.497116565704345703e+00 4.490721225738525391e+00 9.839200377464294434e-01 -1.199946784973144531e+01 -4.985699653625488281e+00 -3.296923875808715820e+00 -2.203014850616455078e+00 1.137810051441192627e-01 -1.669115662574768066e+00 5.469306468963623047e+00 2.232650756835937500e+00 4.481583118438720703e+00 4.688360393047332764e-01 8.820835947990417480e-01 -7.944496870040893555e-01 6.953846931457519531e+00 5.872401714324951172e+00
4.974057006835937500e+01 2.424634742736816406e+01 -1.630551099777221680e+00 -6.710647583007812500e+00 1.057729339599609375e+01 5.315714359283447266e+00 -1.365746974945068359e+01 4.921976625919342041e-01 8.407503128051757812e+00 3.097679615020751953e+00 -1.176428318023681641e+00 4.259148597717285156e+00 3.855726480484008789e+00 1.114521980285644531e+00 -1.976372957229614258e+00 -9.959515333175659180e-01 3.682201623916625977e+00 -5.335848927497863770e-01 1.117890954017639160e+00 4.087397575378417969e+00
4.489363479614257812e+01 1.675370788574218750e+01 -8.718256950378417969e+00 -1.023113441467285156e+01 5.567848682403564453e+00 1.170820617675781250e+01 -8.897187232971191406e+00 -6.199176788330078125e+00 -1.701431751251220703e+00 -2.568797349929809570e+00 -2.536291122436523438e+00 -4.252414703369140625e+00 3.491810262203216553e-01 -2.529607713222503662e-01 4.822663784027099609e+00 3.092908859252929688e+00 -9.705079793930053711e-01 -1.450874328613281250e+00 1.111636638641357422e+01 1.647241711616516113e+00
5.105678176879882812e+01 -2.765993595123291016e+00 6.250533103942871094e+00 -3.275060892105102539e+00 6.559714794158935547e+00 9.257891178131103516e-01 -1.250659465789794922e+01 -2.605412721633911133e+00 -7.278614640235900879e-01 3.617500066757202148e+00 -2.497804880142211914e+00 1.431202411651611328e+00 3.265327453613281250e+00 1.872665762901306152e+00 2.229512691497802734e+00 -4.460995495319366455e-01 5.289021015167236328e+00 -5.103220462799072266e+00 -5.950159430503845215e-01 2.251323461532592773e+00
5.126904678344726562e+01 1.059299373626708984e+01 -9.363663673400878906e+00 -5.470515251159667969e+00 -1.411905527114868164e+00 1.482755839824676514e-01 -6.420942306518554688e+00 4.192625284194946289e-01 3.083697795867919922e+00 7.254400253295898438e-01 -5.606693267822265625e+00 2.155785083770751953e+00 3.216518640518188477e+00 -2.183789014816284180e+00 -2.386133819818496704e-01 3.146338462829589844e-01 -1.936565279960632324e+00 5.506966710090637207e-01 1.034166216850280762e+00 5.110159873962402344e+00
5.173616027832031250e+01 2.094309425354003906e+01 -5.131930828094482422e+00 -8.179312705993652344e+00 7.671018242835998535e-01 1.505136728286743164e+00 -7.051572322845458984e+00 5.074864625930786133e-01 7.821836948394775391e+00 3.167963504791259766e+00 -7.920724391937255859e+00 4.481463909149169922e+00 5.279591083526611328e+00 -1.952592253684997559e+00 -8.733471632003784180e-01 -5.274260044097900391e+00 3.112053632736206055e+00 -1.793837547302246094e+00 3.974212110042572021e-01 3.336268424987792969e+00
3.862879943847656250e+01 6.995372295379638672e+00 -1.498784828186035156e+01 4.189358055591583252e-01 -9.342964172363281250e+00 2.149041175842285156e+00 -2.281061649322509766e+00 1.269345641136169434e+00 2.715868473052978516e+00 -1.051334738731384277e+00 1.700403690338134766e+00 -3.429945230484008789e+00 1.129991769790649414e+00 2.070740222930908203e+00 8.075292706489562988e-01 -1.209902644157409668e+00 2.415967226028442383e+00 -3.173497915267944336e-01 -1.472585320472717285e+00 -3.254712581634521484e+00
4.393324279785156250e+01 1.389446640014648438e+01 -1.541827392578125000e+01 -5.521819591522216797e+00 4.102368354797363281e+00 9.140730857849121094e+00 -2.549632549285888672e+00 2.715754270553588867e+00 5.808359622955322266e+00 2.820020914077758789e+00 4.108582496643066406e+00 -2.214920282363891602e+00 -1.238892912864685059e+00 -4.599843025207519531e+00 2.877884149551391602e+00 2.604088306427001953e+00 -4.465880870819091797e+00 -5.280322074890136719e+00 -4.376908779144287109e+00 3.354289293289184570e+00
5.167145156860351562e+01 1.646805953979492188e+01 -7.996464967727661133e-01 -3.028081417083740234e+00 -8.126558303833007812e+00 -1.522710323333740234e+00 -3.469357967376708984e+00 -1.371820211410522461e+00 4.916320800781250000e+00 3.576693534851074219e+00 -1.778511047363281250e+00 3.479470252990722656e+00 6.283181190490722656e+00 1.012619376182556152e+00 -3.083531856536865234e+00 -1.775159835815429688e+00 5.400737762451171875e+00 2.348429203033447266e+00 1.171579599380493164e+00 2.702056169509887695e+00
4.586331176757812500e+01 1.617420959472656250e+01 -1.092488384246826172e+01 -4.108824729919433594e+00 -8.723613739013671875e+00 3.973026990890502930e+00 -3.592383489012718201e-02 -2.393088579177856445e+00 -2.878628253936767578e+00 -2.028196096420288086e+00 8.188787698745727539e-01 -4.450958728790283203e+00 -1.788468837738037109e+00 -4.627424776554107666e-01 1.641661643981933594e+00 -6.289676427841186523e-01 8.695705533027648926e-01 6.485372781753540039e-01 4.760756015777587891e+00 4.479358673095703125e+00
5.559885787963867188e+01 1.179767894744873047e+01 -5.792524337768554688e+00 -7.162531375885009766e+00 2.890452146530151367e-01 3.410590887069702148e+00 -1.379567432403564453e+01 6.906708478927612305e-01 3.956970453262329102e+00 2.129384279251098633e+00 -2.490516424179077148e+00 -3.074549697339534760e-02 7.584508419036865234e+00 4.928886890411376953e-01 -3.375473737716674805e+00 -1.408615469932556152e+00 8.264366984367370605e-01 -7.681847214698791504e-01 7.416840553283691406e+00 -1.220007658004760742e+00
4.966769409179687500e+01 1.597154617309570312e+01 1.530489511787891388e-02 -7.740607261657714844e+00 5.376289367675781250e+00 2.308319807052612305e+00 -4.335194110870361328e+00 1.720667958259582520e+00 1.861560106277465820e+00 -1.743816584348678589e-01 4.494469642639160156e+00 1.505864977836608887e+00 2.603582382202148438e+00 -1.489221692085266113e+00 -8.158420324325561523e-01 -1.272699952125549316e+00 -1.329889178276062012e+00 6.067638874053955078e+00 1.030347228050231934e+00 5.283215045928955078e+00
4.938828659057617188e+01 2.065539550781250000e+01 -7.118687152862548828e+00 -3.302080154418945312e+00 4.157300472259521484e+00 3.664724111557006836e+00 -3.429392814636230469e+00 -2.301726579666137695e+00 6.777890682220458984e+00 3.433030247688293457e-01 5.565228462219238281e+00 1.803427457809448242e+00 -2.674949467182159424e-01 -2.227201223373413086e+00 1.936663627624511719e+00 -1.779232978820800781e+00 7.792284339666366577e-02 2.079495191574096680e+00 -1.434328436851501465e+00 3.659858226776123047e+00
4.093935012817382812e+01 1.077159881591796875e+01 -1.327655601501464844e+01 -1.399141192436218262e+00 -9.286063194274902344e+00 6.672874689102172852e-01 4.538767635822296143e-01 9.433432817459106445e-01 7.736236453056335449e-01 -2.355073213577270508e+00 -1.246766805648803711e+00 -2.582611322402954102e+00 -4.147067546844482422e+00 -4.469996690750122070e-01 6.597108364105224609e+00 2.905882120132446289e+00 -5.432830810546875000e+00 2.444836139678955078e+00 4.185047626495361328e+00 -1.037573933601379395e+00
5.008477020263671875e+01 2.354738616943359375e+01 -1.009566974639892578e+01 -8.778150677680969238e-01 -6.381190776824951172e+00 3.670152664184570312e+00 -3.198684692382812500e+00 -4.755052566528320312e+00 -1.833891034126281738e+00 -3.513996362686157227e+00 -5.348215103149414062e+00 1.922011077404022217e-01 2.005454003810882568e-01 -3.039844512939453125e+00 2.571470022201538086e+00 -5.787388801574707031e+00 -5.696142196655273438e+00 1.623766183853149414e+00 9.165862798690795898e-01 7.035809516906738281e+00
5.350780105590820312e+01 2.111063957214355469e+01 -3.715429544448852539e+00 -5.575378894805908203e+00 4.376908779144287109e+00 3.549101114273071289e+00 -7.272260189056396484e+00 1.137855291366577148e+00 3.070569038391113281e+00 2.923975229263305664e+00 -3.642826557159423828e+00 -5.277421474456787109e+00 6.093173980712890625e+00 -6.646256446838378906e+00 2.793215036392211914e+00 -2.555949211120605469e+00 -2.647821187973022461e+00 2.093647718429565430e+00 4.917474269866943359e+00 9.214958190917968750e+00
4.553187179565429688e+01 1.650253486633300781e+01 -1.374260044097900391e+01 -6.291545867919921875e+00 -1.264007806777954102e+00 6.567005634307861328e+00 -5.298938751220703125e+00 5.868264436721801758e-01 4.119517803192138672e+00 1.726668953895568848e+00 -2.966070413589477539e+00 -5.774547576904296875e+00 3.471982240676879883e+00 2.423422098159790039e+00 1.909345269203186035e+00 2.347355127334594727e+00 1.685081720352172852e-01 7.844099998474121094e+00 2.227021694183349609e+00 -2.174567461013793945e+00
4.668828582763671875e+01 9.674936294555664062e+00 -6.974595069885253906e+00 -3.051274776458740234e+00 -1.083959579467773438e+01 -8.836514353752136230e-01 -6.754244327545166016e+00 1.930444985628128052e-01 4.929536208510398865e-02 6.070438027381896973e-01 -6.332562446594238281e+00 1.751954793930053711e+00 -4.480277299880981445e-01 -1.042235732078552246e+00 -1.794177144765853882e-01 1.500497698783874512e+00 8.064420819282531738e-01 -1.098574876785278320e+00 2.302329778671264648e+00 -4.290919303894042969e+00
3.764521026611328125e+01 1.047030162811279297e+01 -1.686098098754882812e+01 -6.996874332427978516e+00 -3.965887784957885742e+00 1.948348999023437500e+00 -2.872847020626068115e-01 1.511378645896911621e+00 7.273953437805175781e+00 -5.497632026672363281e-01 2.897018492221832275e-01 -4.479222297668457031e-01 -5.563023090362548828e-01 -4.092832207679748535e-01 2.288936078548431396e-01 -1.302953720092773438e+00 8.262018561363220215e-01 2.522960424423217773e+00 -8.078024387359619141e-01 -6.207056522369384766e+00
4.599714660644531250e+01 2.127983665466308594e+01 -1.107069396972656250e+01 -2.754356861114501953e+00 -1.867457926273345947e-01 1.176608562469482422e+01 -6.813700795173645020e-01 -1.224417328834533691e+00 -3.244338929653167725e-01 2.895826697349548340e-01 6.282992362976074219e+00 3.165812730789184570e+00 -4.408331871032714844e+00 -3.256125688552856445e+00 2.086045026779174805e+00 -4.317626953125000000e+00 -6.157666683197021484e+00 9.921844005584716797e-01 -1.269065976142883301e+00 8.438174724578857422e-01
5.069753646850585938e+01 1.749047660827636719e+01 -1.240395927429199219e+01 -3.448604583740234375e+00 -1.661258339881896973e+00 6.029254436492919922e+00 -7.708723545074462891e+00 2.367047786712646484e+00 5.824797630310058594e+00 3.661512732505798340e-01 8.827748298645019531e-01 -1.425234556198120117e+00 2.449902534484863281e+00 -4.076484680175781250e+00 -1.449490904808044434e+00 -1.570979118347167969e+00 5.021781444549560547e+00 -3.718011617660522461e+00 2.867972135543823242e+00 -1.029495716094970703e+00
4.951248931884765625e+01 1.670401763916015625e+01 -1.054040145874023438e+01 -2.286846399307250977e+00 -9.508795738220214844e+00 3.520966768264770508e+00 -3.890552759170532227e+00 -4.077535271644592285e-01 4.499429702758789062e+00 5.596194744110107422e+00 -5.062333345413208008e-01 1.087979078292846680e+00 1.792773962020874023e+00 -4.068613052368164062e+00 -3.712886095046997070e+00 -3.030253171920776367e+00 4.966269135475158691e-01 -4.731709003448486328e+00 -4.347541332244873047e+00 1.197169780731201172e+00
4.537905883789062500e+01 1.650930404663085938e+01 -1.119808292388916016e+01 -3.273508071899414062e+00 -8.198129653930664062e+00 6.253324747085571289e-01 -3.370731353759765625e+00 1.653570890426635742e+00 -2.066263914108276367e+00 -1.572599172592163086e+00 4.194942474365234375e+00 -8.504720330238342285e-01 4.447106361389160156e+00 1.537884473800659180e+00 2.876775741577148438e+00 -1.010108089447021484e+01 1.114051580429077148e+00 5.038778305053710938e+00 -2.588905096054077148e-01 9.567564129829406738e-01
4.481620025634765625e+01 2.734772109985351562e+01 -3.545318365097045898e+00 -3.150816917419433594e+00 -6.638304233551025391e+00 5.645134449005126953e+00 -2.932019531726837158e-01 -8.550391197204589844e-01 -6.884431838989257812e-01 4.961226880550384521e-01 4.403695106506347656e+00 7.163804531097412109e+00 1.646632075309753418e+00 -3.009044826030731201e-01 1.527659893035888672e+00 -9.453825950622558594e+00 -4.707537651062011719e+00 1.028789043426513672e+01 -4.539600849151611328e+00 5.012213706970214844e+00
4.117678833007812500e+01 3.203695297241210938e+01 1.226271629333496094e+01 -7.831906527280807495e-02 -2.447770118713378906e+00 -3.283704757690429688e+00 1.783259391784667969e+00 1.658296108245849609e+00 2.950239181518554688e+00 3.766646146774291992e+00 5.962080955505371094e-01 8.922592163085937500e+00 -1.205277442932128906e-01 -2.900651693344116211e+00 -8.015709877014160156e+00 -2.774673461914062500e+00 -9.637483596801757812e+00 5.903008460998535156e+00 -2.025997161865234375e+00 4.326397418975830078e+00
3.756848526000976562e+01 1.948508644104003906e+01 -1.685980415344238281e+01 5.943291783332824707e-01 -4.388470649719238281e+00 1.184534645080566406e+01 6.288556575775146484e+00 -3.187556266784667969e+00 -5.787571430206298828e+00 1.367649316787719727e+00 -6.665425300598144531e+00 -4.427670478820800781e+00 4.746480584144592285e-01 4.900084972381591797e+00 -4.745473861694335938e+00 -4.381076812744140625e+00 2.480835676193237305e+00 3.604666292667388916e-01 7.690989971160888672e-01 -6.513141632080078125e+00
4.568361282348632812e+01 2.165278244018554688e+01 -4.112031459808349609e+00 -1.362618058919906616e-01 -5.971899509429931641e+00 2.052975893020629883e+00 4.768868908286094666e-02 -8.120219409465789795e-02 -5.449022769927978516e+00 1.198269486427307129e+00 -1.642249822616577148e+00 6.687973737716674805e-01 -5.510904788970947266e-01 -2.504566907882690430e+00 6.421494007110595703e+00 2.477737903594970703e+00 -1.981326580047607422e+00 6.310932159423828125e+00 -2.483609914779663086e+00 4.636040627956390381e-01
5.653886032104492188e+01 3.171961975097656250e+01 -3.114237546920776367e+00 -5.684161663055419922e+00 -5.874661445617675781e+00 7.460065484046936035e-01 -7.588895797729492188e+00 -1.085025966167449951e-01 5.714037418365478516e+00 -2.528713226318359375e+00 -1.043852233886718750e+01 -1.717538356781005859e+00 3.917495489120483398e+00 -3.825692415237426758e+00 3.302380800247192383e+00 1.980729699134826660e+00 7.736235260963439941e-01 1.966083049774169922e+00 1.399975061416625977e+00 -4.663581848144531250e-01
5.559989547729492188e+01 3.083967018127441406e+01 4.309242725372314453e+00 -3.205080747604370117e+00 1.672481298446655273e+00 -4.871528148651123047e+00 3.342254757881164551e-01 2.221800327301025391e+00 6.104593753814697266e+00 2.067818880081176758e+00 -4.611832141876220703e+00 -1.281497478485107422e+00 2.017591953277587891e+00 -7.350636959075927734e+00 6.840190887451171875e+00 3.011321783065795898e+00 -4.510217666625976562e+00 4.493899345397949219e+00 -1.840685725212097168e+00 8.971580505371093750e+00
5.473923110961914062e+01 2.227593803405761719e+01 -6.725906372070312500e+00 -6.662598133087158203e+00 -6.910655498504638672e+00 -1.789497017860412598e+00 -7.479655265808105469e+00 -3.953073024749755859e-01 7.736436367034912109e+00 6.965293884277343750e-01 -4.159497261047363281e+00 1.289676189422607422e+00 3.987637996673583984e+00 -2.275317907333374023e+00 -5.737854480743408203e+00 -3.443030595779418945e+00 -1.316210746765136719e+00 7.938498258590698242e-01 6.552392959594726562e+00 -3.673664480447769165e-02
5.505104446411132812e+01 3.319564437866210938e+01 -8.128038048744201660e-01 -6.307027816772460938e+00 -5.155099868774414062e+00 -2.595269680023193359e-01 -8.360898017883300781e+00 8.636265248060226440e-02 6.084842681884765625e+00 1.427513122558593750e+00 -7.732072353363037109e+00 3.037028551101684570e+00 -3.037512898445129395e-01 -7.192391872406005859e+00 2.346032619476318359e+00 9.132764339447021484e-01 -5.817022323608398438e+00 -2.145626991987228394e-01 3.686573982238769531e+00 5.000083446502685547e+00
5.492256546020507812e+01 2.702684402465820312e+01 -5.073552131652832031e+00 -6.989342689514160156e+00 -1.312034487724304199e+00 4.247746944427490234e+00 -5.920569419860839844e+00 -2.069309473037719727e+00 7.211353778839111328e+00 1.705431580543518066e+00 -5.479681968688964844e+00 3.321515560150146484e+00 1.896735653281211853e-02 -6.249511241912841797e+00 3.583819866180419922e+00 -1.408066898584365845e-01 1.948854446411132812e+00 -4.097610950469970703e+00 2.502273082733154297e+00 3.457870721817016602e+00
5.115413665771484375e+01 3.220181655883789062e+01 1.908478498458862305e+00 -7.000642776489257812e+00 -8.995100975036621094e+00 6.859601289033889771e-02 -3.617339849472045898e+00 -3.276899456977844238e-01 3.414734840393066406e+00 1.143748387694358826e-01 -7.428035259246826172e+00 5.831947326660156250e-01 6.399068355560302734e+00 -4.552363455295562744e-01 2.590293169021606445e+00 -3.492950677871704102e+00 -7.445133686065673828e+00 6.513640403747558594e+00 1.564153432846069336e+00 -3.376063585281372070e+00
4.677561569213867188e+01 3.075715255737304688e+01 3.344853967428207397e-02 -3.828801155090332031e+00 -7.504947185516357422e+00 1.518195509910583496e+00 -5.782957673072814941e-01 9.066141843795776367e-01 8.169192314147949219e+00 1.447936415672302246e+00 -7.313649058341979980e-01 5.926869392395019531e+00 -7.036738097667694092e-02 2.329231053590774536e-01 -9.902054667472839355e-01 2.730354666709899902e-01 -4.457601547241210938e+00 4.057104587554931641e+00 -1.982926487922668457e+00 2.143288850784301758e+00
5.360715103149414062e+01 2.875359916687011719e+01 3.056673765182495117e+00 -5.924786567687988281e+00 5.184694290161132812e+00 6.206243515014648438e+00 -8.761708259582519531e+00 -5.879914760589599609e-01 5.737864494323730469e+00 3.236083090305328369e-01 -4.987377643585205078e+00 1.389637112617492676e+00 5.668390274047851562e+00 -4.576045513153076172e+00 -5.497517108917236328e+00 1.946932077407836914e+00 9.461680054664611816e-01 4.951607227325439453e+00 5.954848766326904297e+00 6.953050613403320312e+00
5.162797164916992188e+01 2.790056610107421875e+01 -7.904567241668701172e+00 -7.034419536590576172e+00 6.900212764739990234e+00 5.996756076812744141e+00 -5.456657409667968750e+00 4.092961311340332031e+00 3.919130563735961914e-01 1.426124334335327148e+00 2.191819429397583008e+00 -5.355924606323242188e+00 -2.842256307601928711e+00 -2.326735258102416992e+00 1.582996010780334473e+00 6.062364578247070312e+00 1.931375265121459961e-02 2.432609319686889648e+00 6.331958293914794922e+00 1.638838410377502441e+00
4.919371795654296875e+01 2.591793441772460938e+01 -9.599233269691467285e-01 -3.773471355438232422e+00 -7.088220119476318359e+00 4.672101974487304688e+00 1.223616480827331543e+00 -1.685744166374206543e+00 2.835409164428710938e+00 3.449252843856811523e+00 -1.273461580276489258e+00 2.918639898300170898e+00 1.671763777732849121e+00 -9.056662321090698242e-01 3.462859392166137695e+00 -4.708569049835205078e+00 -8.542580008506774902e-01 4.675110816955566406e+00 1.398168057203292847e-01 6.780695438385009766e+00
5.923115158081054688e+01 3.670492553710937500e+01 1.152948093414306641e+01 -9.641380310058593750e+00 3.681450843811035156e+00 -1.654367923736572266e+00 -6.376935958862304688e+00 2.314737081527709961e+00 1.265481281280517578e+01 2.176150321960449219e+00 -1.142015361785888672e+01 3.560005426406860352e+00 -1.143486618995666504e+00 -5.814653396606445312e+00 -3.418243646621704102e+00 3.788785219192504883e+00 -2.477090597152709961e+00 -7.647157907485961914e-01 1.778788328170776367e+00 3.220745086669921875e+00
5.396643447875976562e+01 3.674318313598632812e+01 1.068683528900146484e+01 -6.992449283599853516e+00 1.310330581665039062e+01 3.268465518951416016e+00 -7.765575408935546875e+00 1.034186720848083496e+00 7.221154689788818359e+00 2.778671503067016602e+00 -1.131355404853820801e+00 4.779389381408691406e+00 -2.217598199844360352e+00 -4.896049499511718750e+00 2.239342927932739258e+00 8.849028348922729492e-01 -1.978524446487426758e+00 3.734459638595581055e+00 -1.501014828681945801e-01 2.180571794509887695e+00
5.015436553955078125e+01 3.540475463867187500e+01 8.686696052551269531e+00 -1.734364748001098633e+00 7.939540386199951172e+00 -1.198729991912841797e+00 -2.426519095897674561e-01 1.465034365653991699e+00 7.039789199829101562e+00 1.936163902282714844e+00 2.968164443969726562e+00 8.813363075256347656e+00 1.810957431793212891e+00 -1.745414733886718750e+00 2.494294404983520508e+00 -2.887711048126220703e+00 -2.731431245803833008e+00 5.648241996765136719e+00 -6.189887046813964844e+00 5.242435932159423828e+00
4.070479583740234375e+01 3.189147567749023438e+01 3.929338455200195312e-01 -2.471222639083862305e+00 7.582824230194091797e+00 8.914818763732910156e+00 1.695984005928039551e-01 2.478673219680786133e+00 6.693075180053710938e+00 5.945833206176757812e+00 8.507021903991699219e+00 1.221504592895507812e+01 -3.244407653808593750e+00 -9.356105804443359375e+00 -1.082470491528511047e-01 2.625620126724243164e+00 -8.888184547424316406e+00 8.547502517700195312e+00 -2.931645631790161133e+00 -8.932263851165771484e-01
3.450195693969726562e+01 3.692743301391601562e+01 1.591628646850585938e+01 -1.372864603996276855e+00 6.135049819946289062e+00 4.139146804809570312e+00 6.358320236206054688e+00 -1.881312012672424316e+00 4.381717741489410400e-01 5.499255657196044922e+00 3.888372659683227539e+00 1.067796516418457031e+01 -9.345825195312500000e+00 6.967807769775390625e+00 9.195826530456542969e+00 4.315907955169677734e+00 5.922401547431945801e-01 1.372953891754150391e+00 -4.750451087951660156e+00 3.013547420501708984e+00
4.213257980346679688e+01 3.960871887207031250e+01 1.521017265319824219e+01 -3.160097599029541016e+00 1.370284271240234375e+01 2.881813287734985352e+00 4.161974906921386719e+00 -4.113550186157226562e+00 1.071494460105895996e+00 9.584482908248901367e-01 -2.152678728103637695e+00 9.173707008361816406e+00 -7.982656478881835938e+00 1.313506484031677246e+00 3.886693239212036133e+00 5.129514694213867188e+00 -6.541089057922363281e+00 1.852052092552185059e+00 -6.732775688171386719e+00 4.419493198394775391e+00
5.500458145141601562e+01 4.223858642578125000e+01 2.256544876098632812e+01 -4.095101833343505859e+00 5.227586746215820312e+00 -8.653095245361328125e+00 -2.159579277038574219e+00 5.985614657402038574e-01 4.923633098602294922e+00 3.033648133277893066e-01 -5.021202564239501953e+00 3.487215995788574219e+00 4.262959957122802734e+00 -3.900034904479980469e+00 2.326883792877197266e+00 1.658960103988647461e+00 4.506580829620361328e+00 3.276856184005737305e+00 -1.284663558006286621e+00 5.174372196197509766e+00
4.435527420043945312e+01 4.419363784790039062e+01 2.172283554077148438e+01 -1.304756045341491699e+00 7.490257263183593750e+00 -5.712866783142089844e+00 3.760814905166625977e+00 3.261854410171508789e+00 4.196439981460571289e-01 2.444626569747924805e+00 2.787302017211914062e+00 4.441305160522460938e+00 1.064642548561096191e+00 1.099157780408859253e-01 -1.623574495315551758e+00 -4.359711170196533203e+00 1.262373208999633789e+00 2.398847341537475586e+00 -2.789405345916748047e+00 -4.414382457733154297e+00
3.505981826782226562e+01 4.299459457397460938e+01 3.599525070190429688e+01 -1.254641771316528320e+00 1.298216056823730469e+01 -7.160724163055419922e+00 6.816059589385986328e+00 3.367841005325317383e+00 7.471327185630798340e-01 -8.909897208213806152e-01 -1.594361305236816406e+00 3.720510721206665039e+00 -6.879144191741943359e+00 -2.519145965576171875e+00 -7.211779594421386719e+00 5.754663944244384766e+00 5.659767627716064453e+00 -3.497982740402221680e+00 -2.057907581329345703e+00 -7.055681228637695312e+00
3.413384246826171875e+01 4.477947235107421875e+01 4.174694061279296875e+01 2.432709217071533203e+00 5.664474010467529297e+00 -1.470731353759765625e+01 1.022163391113281250e+01 3.909058809280395508e+00 -5.263105630874633789e-01 -2.213954687118530273e+00 2.245488643646240234e+00 2.175890952348709106e-01 -2.095547199249267578e+00 -2.813082695007324219e+00 -1.651501297950744629e+00 -5.018379211425781250e+00 -4.785793423652648926e-01 -2.852397561073303223e-01 6.905133128166198730e-01 -8.152652740478515625e+00
3.089085197448730469e+01 5.011870956420898438e+01 4.417228698730468750e+01 -1.317135810852050781e+00 8.169026374816894531e+00 -9.405948638916015625e+00 9.932652473449707031e+00 6.876965165138244629e-01 -4.067917764186859131e-01 -1.070988655090332031e+00 -1.284092545509338379e+00 -2.814823865890502930e+00 -3.723955154418945312e+00 6.887374877929687500e+00 1.214411258697509766e+00 3.064273118972778320e+00 -4.476147890090942383e-01 -1.342382907867431641e+01 -2.273100376129150391e+00 -3.919257879257202148e+00
3.570553970336914062e+01 4.943042755126953125e+01 4.046796035766601562e+01 2.493300914764404297e+00 6.628819465637207031e+00 -1.286261844635009766e+01 8.967518806457519531e+00 1.194661855697631836e+00 -4.874488353729248047e+00 -1.278959870338439941e+00 -1.237185597419738770e+00 -5.215831756591796875e+00 -4.665436744689941406e+00 -1.247198462486267090e+00 2.040124237537384033e-01 7.796307802200317383e-01 5.357821583747863770e-01 -2.720634698867797852e+00 -5.751978397369384766e+00 5.081982612609863281e+00
2.682308578491210938e+01 4.373610687255859375e+01 4.667088699340820312e+01 5.145359039306640625e+00 5.632235527038574219e+00 -1.134341239929199219e+01 1.043220615386962891e+01 3.363467216491699219e+00 -4.758975803852081299e-01 -1.122040748596191406e-01 -1.399976134300231934e+00 -2.554362535476684570e+00 -7.835940837860107422e+00 2.995157241821289062e+00 -8.317452430725097656e+00 -2.552760839462280273e+00 -6.044527888298034668e-01 -5.274537563323974609e+00 2.841287612915039062e+00 -6.735991001129150391e+00
3.059962844848632812e+01 4.809154891967773438e+01 4.604325866699218750e+01 2.666391372680664062e+00 1.126366519927978516e+01 -1.017898464202880859e+01 1.348241424560546875e+01 6.652956008911132812e+00 -2.525998830795288086e+00 6.282649636268615723e-01 3.278405070304870605e-01 -6.884195327758789062e+00 -2.244676113128662109e+00 4.403680324554443359e+00 -2.944852590560913086e+00 1.174676343798637390e-01 6.365746498107910156e+00 -9.331995964050292969e+00 4.689138412475585938e+00 -5.440614700317382812e+00
2.116722869873046875e+01 4.419787216186523438e+01 4.905911254882812500e+01 4.165766239166259766e+00 1.036404418945312500e+01 -8.699575424194335938e+00 1.214554309844970703e+01 5.887276172637939453e+00 -7.212130069732666016e+00 -3.078684806823730469e+00 3.915665388107299805e+00 -3.707932949066162109e+00 3.564833879470825195e+00 6.893163204193115234e+00 -2.119204998016357422e+00 3.888088464736938477e+00 -2.222859382629394531e+00 -2.026943922042846680e+00 -3.438391685485839844e+00 -9.306664466857910156e+00
1.735767936706542969e+01 4.066759109497070312e+01 5.000737380981445312e+01 7.274543762207031250e+00 8.057667016983032227e-01 -1.515876388549804688e+01 1.696772193908691406e+01 4.033596038818359375e+00 -3.936694860458374023e+00 4.297300815582275391e+00 -7.906792163848876953e-01 -1.970551371574401855e+00 1.230989098548889160e+00 5.828884601593017578e+00 -8.175460621714591980e-03 -6.439249515533447266e+00 -4.424478709697723389e-01 -4.726908683776855469e+00 -8.717618942260742188e+00 -8.727223396301269531e+00
1.235595798492431641e+01 4.439620971679687500e+01 4.626973724365234375e+01 8.580152511596679688e+00 2.538408994674682617e+00 -6.758937358856201172e+00 1.883888816833496094e+01 8.803468942642211914e-01 -1.706816673278808594e+01 -6.217677593231201172e+00 2.917228937149047852e+00 -1.029378795623779297e+01 1.879070997238159180e+00 -3.111533641815185547e+00 -3.134638667106628418e-01 -4.700392857193946838e-02 4.664472579956054688e+00 1.120540976524353027e+00 -3.580281496047973633e+00 2.084270119667053223e-01
1.864648246765136719e+01 4.189949798583984375e+01 4.928523254394531250e+01 2.708607673645019531e+00 8.183259963989257812e+00 -9.270945549011230469e+00 1.757187652587890625e+01 3.207030773162841797e+00 -1.056771564483642578e+01 -2.783227443695068359e+00 6.412703990936279297e-01 -1.010208034515380859e+01 -2.174959182739257812e+00 9.541476249694824219e+00 -1.047208189964294434e+00 2.721923112869262695e+00 1.001032114028930664e+00 -5.155411720275878906e+00 1.106355667114257812e+01 -4.355510234832763672e+00
