2.417207316638137371e+00 2.397667171913592910e+00
1.344754050674316637e-01 -4.665718162493550203e+00
-4.041523020954859824e+00 1.062301024655268833e+01
3.813472214942918548e+00 -2.001623999151229683e+00
-5.055418232874476558e+00 1.023971810365342172e+01
2.007073723626425110e+00 -1.030179576509046901e+00
3.645357387143098871e-01 7.183067429121784642e+00
-1.909823268519260209e+00 2.767835564056434272e+00
1.985296850043667627e+00 6.319380565485134937e+00
-7.204067547999720489e+00 7.974983017440944622e+00
-3.365571264447703381e+00 6.736845618026585214e+00
3.789803153915396017e+00 -4.141045420480180539e-01
-2.157495220284013360e-01 -1.433261007807465459e+00
-6.938370524747963231e-01 -1.117674612354873087e+00
-4.225578054536657469e+00 8.451176207147259589e+00
3.106281035649089528e+00 1.905937080901091596e+00
-2.315225511353585564e+00 9.139176233044803865e+00
-4.767245059731955337e+00 8.266755031527866393e+00
-6.193019450332393205e+00 9.032182104378797760e+00
4.764394693200620701e+00 1.451643859318474838e+00
9.343698990831698081e-01 5.729816505606500243e+00
1.138897049769353353e+00 4.367057723701251448e-01
3.675924260468548255e+00 2.626010282021103315e+00
2.047013635493575567e-01 3.504552009336579510e-01
1.443255652864827709e+00 -3.367469335535472119e+00
3.827680104890171187e+00 -3.358195401486494980e+00
-3.389353924885080360e+00 5.230511306477582778e+00
1.482427211476251783e+00 1.024573568074799018e-01
2.942450687425002265e+00 -9.018363903885621147e-01
-3.230460411187682901e+00 8.962110703943276135e+00
-3.072188373877562828e+00 9.023841396048826624e+00
-3.851230599270379917e-01 8.530748878248527234e+00
-9.562523767827003640e-01 5.149436339586382694e+00
7.506711591318399046e-02 7.610223853632367863e+00
-1.954696473841065485e+00 -7.068857737730347424e-01
-9.253398123026178368e+00 8.881342858339433377e+00
-5.800938610968939813e+00 1.109364201490363655e+01
1.203531106378440407e+00 6.662559635708309891e+00
3.044165971472598375e+00 -3.795295910497272995e+00
-1.099233535688094232e+00 6.166410469940988293e+00
-5.086396931714847192e+00 7.841028985990246447e+00
-1.781514209949829342e+00 -1.946400570727207402e+00
-1.688060532464864760e+00 1.258836498224962686e+00
2.691196526767078101e+00 -3.055637203096808197e-01
-4.783466870134670756e+00 1.065681988492921306e+01
-2.619946431474848847e+00 -5.056301463194908585e+00
-1.015407973573446254e+00 7.071755407498049095e+00
-2.885519496802290806e+00 7.176023631383178447e+00
8.142767238251199524e-01 1.083003280189255513e+00
-5.167380440389798046e+00 7.421173511367336495e+00
-2.312126121656417954e+00 3.584240376674487083e-02
2.982441157962265610e+00 -2.446603678014332317e+00
3.939796804838109900e-01 5.924602538179071232e+00
2.300262899953633866e+00 -6.070942003158437128e-01
-4.698754354922060728e+00 7.100267099408879901e+00
-3.139586164531150470e+00 6.591823984393057501e+00
-1.841090063267610377e+00 7.737183979415413582e+00
-9.867464890409891609e-01 -4.034979856380155105e+00
-6.139174653014070948e+00 8.370885061571916808e+00
-1.679883738209888344e+00 -3.098222287919503604e+00
-6.893500100206975567e+00 8.468671304790074572e+00
-3.806378064230568015e+00 -3.078293154043561408e+00
-2.812316112196302509e+00 -2.516572544254430888e+00
-9.757664116760349504e-01 -3.881885271025332873e+00
2.428289932480555802e+00 3.369949485752161689e+00
1.948549968746763117e+00 6.109307130453489165e+00
2.679183299758415071e+00 2.432935590193205488e+00
-2.520070177708936487e+00 5.878822104495639023e-01
2.052027642158206877e+00 3.641719922191782310e-01
2.097895878794428182e+00 3.900836308508918382e+00
8.326173216689844447e-02 4.553011695525962743e+00
-7.466441540989458003e-01 4.638953932415716075e+00
4.513128372748187012e+00 -2.340915407467375253e+00
-3.243950715870237644e+00 7.121142885156017677e+00
4.508360621309246419e+00 -4.295610297348659401e+00
4.911753742692941849e+00 -3.456167477996644255e+00
-1.960655761316971279e+00 8.911206266790742347e+00
-4.796984445864238999e+00 6.120440495898102462e+00
-3.532054449291749165e+00 6.294540390602286983e+00
-2.359232452925738244e+00 -1.796817305413098920e+00
1.031965614660821373e-01 1.554628306964119244e-01
3.748079119607428678e-01 9.626678514827821664e-02
2.849512626625394507e+00 -2.164295106011920211e+00
-2.741711946660921218e+00 4.061244599785482912e+00
3.443942029680531647e+00 4.106216591377290115e+00
3.523362001810482091e+00 2.863410557887129837e+00
-1.595689683851489349e+00 7.165737075924552890e+00
8.000427051210388107e-01 4.355024521409193383e+00
-6.001365218514425059e+00 8.825255158821384782e+00
4.369083586638963790e-01 3.212120234634831206e+00
4.419537978982162052e-01 6.372247905472598895e-01
-4.959640589054896687e+00 7.019180604286736624e+00
2.676156888131557388e+00 8.757695931488873597e-01
1.250867410807244839e+00 4.807124975895377794e+00
1.173773525735492429e+00 3.377705793443662952e+00
5.612435850481654193e-02 -2.261873882394449975e+00
1.229635501677809994e+00 -3.889533234510173187e+00
-2.933235331667670476e+00 7.659226407415128390e-01
-3.450431510275718150e+00 6.137543465743478421e+00
-3.473704802822026316e+00 1.026562319165835824e+01
-1.396071957916952488e+00 -5.316067111818005841e+00
-8.520639685508848871e+00 9.812343798954794138e+00
-2.893206590462572003e-01 -5.108154931210307836e+00
6.651707440861954757e-01 -4.883112520148833902e+00
-4.629022385818067242e+00 4.705515954565881565e+00
-1.113017235962268647e-01 3.461716747602797906e+00
-7.446593955258310693e+00 6.159470163963254308e+00
-4.837587051072614885e-01 3.779615170196620078e+00
-3.444455393868289583e+00 8.549287112404444500e+00
4.381739703320536305e-01 -3.525315424755700811e+00
-2.383537285141802631e+00 -2.207325335590964999e-01
-8.003233380746248571e+00 7.870421163074559523e+00
1.595002906306340229e+00 2.211247128951281837e+00
-3.650136667182437566e+00 7.893876417749596364e+00
1.271952739107174990e+00 1.232339125273070879e+00
2.828484350149270465e+00 2.601711338836571574e+00
-4.896597042801673183e+00 7.645083666160737756e+00
3.885939864426321222e+00 -4.846596527557822220e+00
-5.720161986159241430e+00 -3.709105040984472357e+00
4.819481749843236851e-01 -4.740673938387659492e-01
4.084245384129024936e-01 6.979235975477386944e+00
1.328346035253299195e+00 5.341503094026854193e+00
-7.031933115337552387e+00 5.369544475075145762e+00
-3.597120072461619689e+00 5.655441879766761382e+00
-4.283691920265373376e+00 4.937340223462864053e+00
-5.304603293948344955e+00 6.498485106689069646e+00
-2.203179486904538908e+00 4.030495406875520992e+00
-2.437288646896016875e+00 -4.848868221366616105e+00
-5.213815694160777170e-01 6.447070715130495344e+00
-7.772589344576072978e-01 -3.752826379811430080e+00
2.506780089764150676e-01 6.018235174953693978e+00
-5.845438000559349589e+00 6.656938420916693744e+00
4.061460621312268593e+00 -3.753127404284435809e+00
-6.970227844496323932e+00 9.374572259023285170e+00
8.885341014823809891e-01 -1.526819347148360206e+00
2.873796739689185920e+00 -3.212096827555960932e+00
-6.638127903682645048e+00 5.787102787742337995e+00
-5.165765241230561244e+00 9.050421940170620516e+00
-1.222709639209064836e+00 8.274815290204482920e+00
-3.122156849279531521e-01 -3.579544814827308574e+00
-4.497247249946410008e+00 4.421618808351048813e+00
5.821966570727364676e+00 -5.104547214019634183e+00
-1.559787122284526539e+00 -2.742126567757663391e+00
1.277888789858882435e+00 -1.825889272291550958e+00
-3.995078718289120090e+00 -4.039515423624175483e+00
-4.253269045080166677e+00 7.102528199809899689e+00
7.884737802892041181e-01 -2.843687249594741839e+00
2.935072608721195131e+00 3.511135968559282450e+00
1.217102728748590268e+00 -3.482339639579553059e-01
6.780420903796839927e-01 -1.500280120527879069e+00
-1.364232953178558638e+00 2.523524685933118406e+00
1.337394131548956144e+00 -4.298908182755538099e-01
2.029935249859821322e+00 -3.908460505338121393e+00
-4.978509571774243359e-01 -4.433023941802307633e+00
4.133318999912277469e+00 -3.921779783631676786e+00
-5.311731289348367024e-01 1.313292365284203678e+00
2.687802998999045290e+00 2.074042791841477218e+00
-1.019962767331316078e+00 2.803938873912478869e+00
2.430964044319061212e+00 -5.643195410341649065e+00
-4.063036773270283675e+00 4.496724737374812264e+00
3.232743797247961570e+00 -2.999537469358116937e+00
1.626845087651771049e+00 -1.966895043307187230e+00
-1.439666254033190873e-01 -2.318582642968257945e-01
4.814602190058589137e+00 -5.120548019818357943e+00
3.425891238960990570e+00 1.944956322214844491e+00
-9.228852374435732309e-02 2.290396310067697616e+00
-1.075607490578572412e+00 -2.642232208095156132e+00
2.607550654423019587e+00 2.551194822526229977e+00
-4.734180153211570818e+00 5.824104621972285400e+00
-2.322005933321560356e+00 -4.733001501998966631e+00
-4.529606545948802743e-01 -3.470530346097207897e+00
-3.874872592337795130e+00 5.520921488642751562e+00
-1.236468216301954692e+00 3.709409555063175823e+00
1.190010555500598199e+00 -2.110355651115889852e+00
1.707707109980541871e+00 -3.320909825352295730e+00
3.375539748811388741e+00 1.208575147027055596e+00
1.246139197667962106e+00 3.175814672868771726e+00
-1.320342438718898892e+00 4.871727907827321680e+00
7.064322989227111993e-02 -3.496178066120766648e+00
-4.678015027792392644e+00 9.508511530735841433e+00
-2.169524504361030615e-01 4.712015541914704286e+00
1.210279878519572527e+00 -3.123528448388456003e+00
-3.434252129514977714e+00 4.698720690218710416e+00
3.597399822051776663e-01 -4.993236095937938046e+00
1.343147944713438235e+00 -5.153071614466964157e+00
1.629465425015161895e+00 1.533036735608613643e+00
-5.929084318109056895e+00 9.140322532229232522e+00
1.974259207994516263e+00 -1.430927685255920734e+00
1.903115253286218556e+00 1.253517284069579407e+00
7.449430504956132681e-01 -1.487675528470112363e-01
-4.751516415071293409e+00 1.101363151743241708e+01
9.189166332775330348e-01 3.883781893788369022e+00
2.958004624137432259e+00 -3.541406023467455810e+00
3.059040095741213605e+00 -1.720269662473382644e+00
-2.031213325786900281e+00 -4.117298154945993716e+00
-1.167630449097463385e+00 5.174883891792984691e+00
-2.349724609531161690e+00 9.387108498689885394e+00
-2.098111227557705405e+00 -1.249757805739979855e+00
2.585562495015108375e+00 6.811218256175138874e-01
2.029965110083829405e+00 1.369688932646340840e+00
3.134338428737255988e+00 2.820197494900122503e+00
1.316672076693620630e+00 6.195866613363902431e+00
-4.847039404838034748e+00 7.360703564153432410e+00
-4.181680264794446877e+00 9.866459816234655733e+00
-4.969473232567879428e+00 1.050469508916101091e+01
5.831983986478775916e-01 -5.199285911584582642e+00
1.277849143683370770e+00 7.204258809943527631e+00
-2.416713759206146062e+00 7.721609416573332219e+00
-2.388374577447113511e-01 7.437939001260891914e+00
2.483837557587115885e+00 4.728642938175260824e+00
-3.784459610681082609e+00 6.234839618149872642e+00
-4.857547482379694692e+00 6.396786313403216795e+00
8.192933437649528861e-01 -3.128118788056410526e+00
-2.136108793826248409e+00 8.751001965805361493e+00
1.007648080550623160e+00 -2.661397088439463321e+00
-1.182203571034117218e+00 -2.248160415521055278e+00
1.985208802685618057e+00 4.861675641560472272e+00
2.297134947959173168e+00 -3.935929792820541451e+00
-2.474563895307269057e+00 6.184880660490193804e+00
-2.634852173407471465e+00 7.193116797273450658e+00
1.976641631521705467e+00 -1.160827088921085659e+00
1.067040766014673903e+00 -3.254378162252181905e+00
-3.779197247609358268e+00 1.028576050444828205e+01
1.556188929705337287e+00 -2.896082268770789891e+00
-2.929372031429563705e+00 -1.868175999826388045e+00
-4.925652191989178807e-01 7.643629849441680335e+00
2.956872938232605552e+00 -1.382640767877865828e+00
4.055406458482395671e+00 -2.979479276041905766e+00
-4.015476097740830141e+00 -2.966229142972946597e+00
-1.390214353699232852e-01 5.986436870070634964e-01
-2.223029361978151819e+00 7.498131573267643013e+00
-1.119451234987525634e+00 6.947563419644199101e+00
-6.883164272868047551e-01 -1.775746622133727248e+00
-3.843342427602727263e+00 6.441646034219147943e+00
1.037028554382232404e+00 4.571457993322060709e+00
6.217764911752048818e+00 -4.784177304382226659e+00
-1.459708562845964064e+00 -4.193003767152799099e+00
-5.733257759448361135e+00 8.975158233454809675e+00
4.719927658812442139e+00 -6.452837185526036912e-01
1.030237470610499972e+00 -2.408569006339999152e+00
-1.072134799763060586e+00 5.390053845624936280e+00
-3.166837112258390263e+00 8.622640952366213085e+00
1.358362520999233602e+00 4.720171202843526537e+00
-1.767032275448247924e+00 -2.243559408115018972e+00
2.355115977548638551e-01 8.030160940505439271e+00
2.551977345749591120e+00 -4.085790795526493824e+00
-3.174754319324418983e+00 -5.170982456720291331e+00
2.201135417673272698e+00 -3.270682652598928097e+00
2.757551383001745293e+00 4.846997545331547030e+00
-1.192713432633232928e+00 -6.469659267084039156e-01
2.781948050474628342e+00 -1.943246332482276406e+00
-3.060182661707956164e+00 -4.743655958653374860e+00
-1.880256691089155385e+00 9.752973736702095664e+00
-6.022157467729578606e+00 5.893840306634834825e+00
-4.430221761926024904e+00 7.127711141640765469e+00
1.358487079018380284e+00 -1.358450767462670683e+00
-7.401263330973509191e+00 9.689684776978785052e+00
2.471874182215290539e+00 -4.874531894414616540e-01
-5.382600276232508918e+00 7.064432099242200280e+00
-1.361108922231160312e+00 7.317545595643209388e+00
3.571713061312307147e-01 -7.190418526274482136e-02
1.123709184607776246e+00 1.631688777936860513e+00
-5.033410724413831971e+00 5.509193570345859214e+00
1.034713811749584433e+00 1.081511130144162447e+00
-1.818014891431496638e+00 3.807648959260709454e+00
-2.798452608795325869e+00 -4.104072526269791688e+00
-2.082994246690674789e+00 9.937097891725484189e+00
-3.063197009024423156e-01 5.423592281524433067e-01
3.726659618680309372e+00 -3.642340425371837664e+00
-6.040611892259600602e+00 6.316470993417220292e+00
1.644451759386957590e-01 -1.921053260152382480e-01
-9.503296954736667468e-01 5.847018658017359982e+00
-2.592310945224500340e+00 3.800543135839586917e+00
-5.865467914388962534e+00 5.906892002017615440e+00
3.491244846345076258e-01 -1.523806493584575428e+00
-1.488011690501894080e+00 -1.008347889731261660e+00
-6.670029886405017372e+00 6.756985820978012924e+00
-5.647596241986030385e-01 -2.409890220880600342e+00
3.095369487554167076e+00 -4.857790354500159502e+00
2.086615718666017472e+00 1.218438128054764036e+00
6.808667726678054033e-02 -2.777623008038910601e+00
-5.189100909426060948e-01 -2.735663294905700926e+00
-3.598310956425275986e+00 9.196797817463600921e+00
-2.562484860199397030e+00 -2.697725479478307875e+00
-1.943996694133845571e+00 -8.389277835987423160e-01
1.193110435618510046e+00 -8.567132053766496336e-01
-1.193618317495561687e+00 4.436175212627919251e+00
1.047563355519212092e+00 1.305666659343743818e+00
-1.406641729881522807e+00 -2.906318615953238371e+00
-1.401087659936063989e+00 5.550376105346900069e+00
1.565771590733908702e-01 -4.002603185863576662e+00
-5.932257397771437901e+00 -3.401177006307916972e+00
-1.013328243894400682e+00 8.162934029421439419e+00
-2.882788916793063816e+00 7.539728943471478928e+00
-1.653032047868286947e+00 4.002688122566603113e+00
-3.279295229333291761e+00 5.760224559314083947e+00
-4.483085568257535236e+00 8.209582891309819885e+00
-9.455079891961064575e-01 4.168997491504398134e+00
-9.050954955785318390e+00 8.088419397082651230e+00
4.985260307990581730e+00 -3.595135830860921367e+00
-3.464565328589186977e-01 -4.822999515938916737e+00
-6.597280458213044874e+00 6.919625383766302207e+00
-1.209001990512867941e+00 5.465542171031771979e+00
2.556741766378102465e+00 -4.512659724896949776e+00
-5.275892509069268765e-01 5.898416026778865451e+00
-3.099219126401877578e+00 3.431443097898480232e+00
-1.869510479078070553e+00 4.908916498209501711e+00
-8.899467806667621161e+00 8.313379386940571436e+00
3.264944009921569634e+00 3.808968596553816255e+00
-5.849740086211618006e+00 4.816560489474672302e+00
2.279092209788644574e+00 -2.211030602130781730e+00
2.809369755831308879e+00 1.142497061410439496e+00
-3.531909181131788866e+00 5.038260543258309632e+00
2.739319277292672286e-02 -3.262321522581902222e+00
9.942651393748470623e-01 3.197588000010871401e+00
2.985795473010955270e+00 1.301608530493993054e+00
-5.764008485894312805e+00 1.007561698425078056e+01
-4.705647640588948910e+00 4.120556638805674687e+00
-3.704775816432138491e+00 5.344373146589846080e+00
2.393424291420010341e+00 1.755399107532388259e+00
-3.836444402340172921e+00 3.927233105165115923e+00
3.369103693860909576e+00 -1.586856111753538912e+00
-2.158752258971806004e+00 5.212741061406633847e+00
-1.372703065370928677e+00 5.068567743772451450e+00
1.450065132231838971e+00 -4.838068640355398742e+00
-7.376518653982032381e-02 -1.407955226969640483e+00
-6.721968288487665255e+00 7.137878251953228670e+00
1.249989781342591838e-01 3.189200335789704965e+00
9.855300935997474143e-01 -2.812587186926718275e+00
-8.427406854201430875e+00 7.406924230721445568e+00
-1.501255915514174033e+00 4.812576579468386129e+00
3.189744197142082793e+00 3.905265169154160665e-01
3.666885456494027640e+00 3.292497545177177631e+00
4.152890381030710287e+00 -1.193559882793939070e-01
-7.537849207876491653e-02 -2.789673339529531670e+00
-4.347543547924850316e+00 4.698938814525639884e+00
-2.408408915320971566e+00 3.221927510894827762e+00
-6.268318963583573655e+00 4.838106102263168395e+00
-2.357802078446935123e+00 -3.878670891017810707e+00
-4.989482427544346677e-01 -5.514289211278278202e+00
2.871926544044205998e-01 -4.229820329190201456e+00
-4.465928661457733817e+00 5.592321226044539628e+00
-6.406671885871388916e-01 -1.210584478307617839e+00
3.481205549263672427e+00 -4.501536438279780228e+00
-2.954376991440536226e+00 6.705354591698106326e+00
-3.849239622764710322e+00 -5.005577486325859304e+00
3.163560102510601713e+00 -5.393055191281388439e+00
1.514617765933330418e+00 -4.060094741882688041e+00
5.500644436962018879e+00 -5.750090002920967613e+00
-1.310606306776321395e+00 -5.939099501918489565e+00
5.363282471598733281e+00 1.413692111495703507e+00
1.312236985464286798e-01 7.731619327679506437e-01
7.206745196603862036e-01 -3.424513922814364619e+00
-1.842559920906501114e+00 4.291314107618723561e+00
1.641054262100569039e+00 3.694165076795633329e+00
-4.733796107009800025e+00 4.373285716902883813e+00
3.620648197757717401e+00 -1.661346392535969274e+00
-2.704820982517993411e+00 -5.277656229198228743e+00
-3.562235996653914771e+00 4.740183817442513714e+00
-1.419476468872641117e+00 4.621840510483452569e+00
-1.637034365200064734e+00 -5.770987293579190158e+00
-1.225164155044661696e+00 -4.243799944757691733e+00
3.076732303676451008e-01 3.561678585004431352e-01
-2.860037327899357606e+00 7.041040362863183688e+00
-2.388706119389756022e-01 -5.164452506431758266e-02
3.510611633669867282e-01 -1.631925745934541760e+00
5.800520255626796795e-02 1.287247567387400871e+00
2.954024522433860600e+00 2.654726112873039501e+00
-1.117603433550636849e+00 5.932066040107409899e-01
7.928422964636451242e-01 6.556519167545093119e+00
-4.772871603766059678e+00 7.710143857298932701e+00
-8.809072378196878272e-01 -4.160397025271951321e+00
-1.883253310448568529e-01 -5.388690833005781444e-01
3.665694220648580082e+00 -3.313265493734135259e+00
1.187852244065363383e+00 -1.598250914358838370e+00
1.033515401439438541e+00 2.694135938132276475e+00
1.055065662914318469e+00 4.272127903747610311e+00
2.628360294005877673e+00 4.629627722432629433e+00
2.621725488282145022e-01 5.322572938593650882e+00
6.300101035148171491e-02 -4.118597390785589063e+00
-2.366562904347133678e+00 -4.460569409004509822e+00
-1.958198952603075638e+00 6.373821605215117536e-01
2.618245148641253905e+00 3.587737033081738414e+00
-2.781567053198001016e+00 1.001662182257327771e+01
3.533984961341676279e+00 3.189282529495000240e+00
-2.234932185788885750e+00 -1.350975473101483137e+00
-8.523013470727118346e+00 8.143050370788067482e+00
9.457767294222351184e-01 -2.029877985485815550e+00
-3.611497188880824716e+00 -5.352818968642345077e+00
1.591697071085308446e+00 6.826828982903636323e-02
8.934957332631098259e-01 1.214748813986917142e+00
-5.257986266957552779e-01 7.496321770475309343e+00
-1.614297531542801645e+00 -1.242353138703655713e+00
-7.265669783097586709e+00 7.706722050620568254e+00
-8.158071349860164245e-01 -1.966755030703178697e+00
-5.449189158607696370e+00 6.810416464739206255e+00
1.953143357375195732e+00 2.902193797263253661e+00
1.452984144268737676e+00 3.548676790320216323e+00
-1.650403299767539522e+00 -2.687073607592071145e+00
3.158992989517699357e-01 6.575133477869610665e+00
-2.214255701433129331e-01 -2.353212565364053432e+00
-5.870134383063365213e+00 -2.486698859290501940e+00
3.223310944077122375e+00 -3.638041556835129420e+00
-2.086932984151241843e-01 7.174485848605502980e-01
4.576995264059159574e+00 1.218045072330544043e+00
1.931915282416209356e+00 1.425304049877328394e-01
-4.993500975525919650e+00 6.101612769819966253e+00
8.870191243407259396e-01 -1.339888492642405504e+00
-1.855805283207560663e+00 -3.285303040390730178e+00
5.200872207274966907e-01 -1.195750921322278337e+00
-9.097934127892681744e-02 -4.014712442801478431e+00
-2.830572410440686859e+00 4.774820304379738367e+00
4.056716372079433586e-01 -2.202398806441554058e+00
-6.578543262811593628e-01 3.877132112554350307e+00
-9.696736380864932059e-01 -2.435519194770564777e+00
3.571715189361164278e+00 -2.239713630619715734e-01
6.298294868662866364e+00 -5.939460908212365275e+00
-4.791406326729835463e+00 -2.238309020586970899e+00
1.472476768480510234e+00 -4.144934233008409907e-01
-1.788255790159839709e+00 -2.541000659016907637e+00
-7.134165032042497856e+00 8.262555220861573346e+00
-3.277325077162438038e+00 3.925859208248808851e+00
-9.222027959495765481e-02 -1.627223113213261296e+00
2.046597221746530693e+00 2.740323096361889199e+00
-1.637667831666831608e+00 4.517070882644540042e+00
-1.352868012998135749e-01 3.616755319546100633e+00
-5.341659619828358074e-02 -2.529472060374425624e+00
1.945384765265817162e+00 -1.690564504400802193e+00
-1.703843161401129569e+00 -4.756516990018157642e+00
2.256459836747743974e+00 2.052333196692289530e+00
3.497804522629736734e+00 1.500321009925588422e-01
5.352443979822550935e-01 6.223668486215967022e+00
1.141531104800996177e+00 -1.801214218986898707e+00
-3.738722106606404694e+00 4.868625496232461991e+00
1.724604672288766904e+00 -2.555213841181825707e+00
-2.528921548960295418e+00 -5.383849740043069154e+00
8.337302267547289647e-01 -3.658633076810129392e+00
2.816609100654897890e+00 3.941276293095948180e+00
3.431743053492773754e+00 2.282790908131429486e+00
4.664349455572600611e+00 -3.671627884743555725e+00
-9.269425404247791933e-01 3.412433856167241597e+00
-1.023963242534935647e+00 3.131803429329620858e+00
4.062769066716492294e-01 3.052806078404764811e+00
-2.478760232730003121e+00 4.090581455362857000e+00
5.135977954498384790e+00 -3.490313495160850099e+00
-7.503783621609231957e+00 8.776708591686826821e+00
6.484185447509261957e-01 -8.653408879982749102e-01
-4.222488643523121254e-01 3.179732588257348502e-01
1.723438611166075773e+00 2.176414008697414637e+00
-3.523754182393830980e+00 9.852478016238187308e+00
3.375898527163623264e+00 3.959087409314498429e-01
6.179481965188497128e+00 -3.666739871647048066e+00
-1.515202706921266129e+00 -2.299929807572514279e-02
-2.805766388901027142e+00 -4.591291223924296006e+00
-1.324258878591028754e+00 -2.678707516304018821e+00
-3.342850130932706776e+00 1.062633347661368433e+01
-2.932406908555916125e+00 5.803244731964722902e+00
4.544647250003593264e+00 -3.583297035920727680e+00
5.051441192614082532e+00 -4.124659354221731355e+00
-2.336768713387995966e+00 -4.211270287630318521e+00
-5.188140359927897016e+00 7.997651616538314023e+00
5.114388407499493638e+00 -2.929909524486239647e+00
2.495229010910628986e+00 5.929282676360158044e-01
3.325466353565792677e+00 -1.855300687056951947e+00
-5.069621529087419143e-01 -1.052440331094840920e+00
3.345187794264742553e+00 -5.394936836903871935e+00
8.451360155021506726e-01 3.432423626241687398e+00
6.062933091149245168e-01 6.391301463946594374e+00
1.085464412827382930e+00 -4.208552380813361360e+00
2.367866817550166925e+00 1.582986502148950203e+00
-1.741493745466943244e+00 -2.876687688674412602e+00
4.002695113583897957e+00 -1.858218157249042379e+00
-1.977699186152343858e+00 -3.205691778837099548e+00
2.746129743028129511e-01 2.135517807465014073e+00
3.320871557991082579e+00 3.120035933363404013e+00
1.834952866455537013e+00 3.580109401105227573e-01
4.824583962748294041e+00 -4.559250138178821743e+00
-7.232687183364243211e+00 6.051226305854389587e+00
8.658890332071057100e-03 -1.997555179535545733e+00
-2.669491018841763652e-01 2.191514756368735828e+00
2.212519221477492692e+00 -3.468482491190951755e+00
-3.394749667194076753e-03 -5.914853848682414927e+00
4.332918870629946184e+00 -2.278868531289371724e+00
4.531581330129603735e+00 -3.443220281112995274e+00
5.329518388286862141e-02 3.820732440214376080e+00
5.934489583553970604e+00 -4.876514383389577212e+00
-5.191938732497152209e-01 3.986336572591387295e+00
8.920563046246331451e-01 -3.761712841601422053e+00
-1.135952148874666445e+00 -4.589419895297069729e+00
6.437238864145306216e+00 -4.256967302498340544e+00
-7.241926830789577885e+00 6.455735103236933448e+00
-6.730022168086952306e+00 6.175044342236915007e+00
-5.674319593025075825e+00 4.520350840492027622e+00
-2.132366554149533133e+00 -3.253965218822325589e+00
-2.310212497652708752e+00 -1.462374991290808168e+00
8.975761589263349105e-01 5.480184100825045590e+00
-2.870895972424215570e-01 4.148715484973196865e+00
1.537595845914658366e+00 1.104874941360285856e+00
-1.191663478770546292e-01 -4.432406761121670868e+00
3.162193215181881900e+00 3.023844244881562116e+00
1.339207251190180470e+00 -1.566291657163998430e+00
-4.417015677424888764e+00 -3.940115928205867313e+00
4.391361496796218233e+00 -5.434757196171470461e+00
-5.764088242297040310e+00 8.407388054694921564e+00
-3.008394271288258093e+00 4.272868978282708063e+00
7.702517312110790382e-01 1.448815898025686000e+00
4.360174962542707533e+00 1.404474960993172150e+00
-5.900588598959769726e+00 5.683431628453566198e+00
-2.072745201569993423e+00 4.178075263479104073e+00
-3.476641482607595979e+00 -4.153583699796427275e+00
-2.882109827879219210e+00 -4.434854373928822646e+00
1.099620250242611563e+00 3.200617006741952597e-01
2.798271486917175199e+00 3.448229044949667532e+00
2.151592740605833942e+00 3.219150360494781093e+00
-2.595053934608987145e+00 -5.718052814605214529e+00
6.027119338176138985e-01 3.097767325160894369e+00
-2.456751384065666954e+00 4.394032805083427640e+00
6.095713338001393922e+00 -5.823479214449863939e+00
-8.660632195189408300e-01 -5.505659580827713562e+00
-1.924811833605408973e+00 -4.731924717264412550e+00
-5.394125802549448956e+00 5.782166474024557523e+00
2.365379345073168327e-01 -3.003215612634653642e+00
-1.462269434234007237e+00 3.914460958131153578e+00
3.179775942525617349e+00 2.045971740753304235e+00
-3.005440911963302320e+00 -2.102032167424342790e-01
-1.607296569304025535e+00 8.242063624535044264e-01
2.418806841285141118e+00 -6.504552657810738214e-01
-3.083029936623538081e+00 7.829850340037454615e+00
2.984745621855983355e+00 -2.070853330093375799e+00
1.326741606801855600e+00 6.930253956981898833e-01
3.368871504219443924e-01 1.301290425219536306e+00
4.953726612241457161e+00 -1.897090158406019578e+00
4.806441481367936142e+00 -4.774630289663230887e-01
1.309929509629881084e+00 1.742363492206906006e+00
4.323019134394604279e+00 -4.877651006619335483e+00
-3.375505485800609051e+00 -3.326733100635537177e+00
-1.824015947215739120e+00 8.190046579195257692e+00
5.188648465319062986e+00 -4.260486898124544730e+00
-3.596628727384481916e+00 7.284023186172144726e+00
1.877101705363402262e+00 4.701974785565958825e+00
4.819944891425947731e+00 1.188190403015219720e+00
-1.233910527526095091e+00 5.811673524900846655e-01
-3.337977893085156467e+00 6.307598197956468589e+00
-2.080950312132841429e+00 -5.967985023352100349e+00
-7.035344040771122909e-02 5.199648855449783280e-01
-1.550111110734835984e+00 8.386316415253908474e+00
-1.880119755002068960e+00 5.360171773473912715e+00
-8.399389836657745079e+00 8.729572340374767592e+00
4.524745758536888651e+00 -5.349352734581605873e+00
-1.551504887485983364e+00 -4.362066886384417863e+00
6.078009381692096369e+00 -5.283940679854058686e+00
1.442592311377043135e+00 3.385838545743246719e+00
-6.060654986143566569e-01 -5.073323527492370033e+00
3.601814231077781758e-01 4.069698765219717629e+00
-1.515637855078559193e+00 -4.894746619172135382e+00
1.424013370003428314e+00 -1.777053473518122040e+00
1.181984405407536354e+00 -5.910599377378273900e-01
2.926837072244984572e+00 -2.579563064995069155e+00
1.874430459670473725e+00 -6.053922542130520945e-01
4.392905530218409460e+00 -1.926487082784475113e+00
-1.948754782939797536e+00 -1.717624468814532790e+00
4.525165833221283407e+00 -5.236056583595833924e-01
-1.347217259826401503e-01 -2.879074796147617299e+00
-7.969140659228852286e+00 6.934197785355276977e+00
-3.566961545582683524e+00 4.024084337091534458e+00
-1.099796182004697975e+00 4.325269626019252911e+00
1.751725149980366103e+00 2.984234538120801083e+00
1.264435197934249189e+00 -4.024144968818716528e+00
-3.489685675031305445e-01 4.466729201346857775e-02
5.115454828569117041e-01 2.372725558050641226e+00
1.523369037089101097e+00 -1.152318612579997126e+00
1.222701685954281192e+00 2.186384869885016347e+00
-3.823376000931064667e-01 -4.652245836767057163e+00
-3.185281302074321363e+00 -1.294147332236882164e+00
-5.332630078482292646e+00 4.720614419720877031e+00
2.376495177777166568e+00 -2.033465038829278093e+00
1.129490722158127847e+00 -3.752922072339517356e+00
3.081996090953658118e-01 2.383137391521481074e+00
4.331467969880425373e-01 -2.678823054154785277e-01
-1.152358844865777110e+00 -4.759478279438556392e+00
8.021352750862058567e-01 -2.555441843639144395e+00
-4.196072225425367286e+00 5.552422912562356316e+00
1.556684460393543246e+00 5.123252478105937868e+00
-1.493475627294059249e+00 -8.521363147266003413e-01
1.321898666921559995e+00 -6.202056390056145396e-01
2.653967477212947568e+00 -4.670018252733544983e+00
5.048091462618764069e+00 -5.725763320268735690e+00
3.218027007496366831e-01 -2.388239266489207979e-01
-8.867494331191313250e+00 7.793118779085650871e+00
4.969475179676594023e-01 -4.723469107955639679e+00
3.200327837351784055e+00 6.473243909666636098e-01
-1.891564994852139581e+00 9.666300978195905280e-01
1.489251434609438318e+00 9.776570760153950879e-01
5.269024698303089949e+00 -5.621389623753824338e+00
8.155666164534637330e-01 1.699985078780563985e-01
-3.304627018846293840e+00 -2.270053336934458432e+00
4.667060281665026622e+00 -5.135631954171927305e+00
1.509472707827829163e+00 3.937827605358839023e+00
-1.385354985157449592e+00 3.506561828519889623e+00
2.921640720164748739e-01 5.937818705784988493e-01
-2.474497237031005881e+00 -2.171514934141943076e+00
-5.350032124857511118e-01 1.043324061174936590e+00
1.669180058076368933e+00 -3.141638410885945643e+00
-1.158992550428252111e+00 4.035911923465575590e+00
-2.499951069398163028e+00 -1.682586101003982648e+00
-1.915806472200594079e+00 -5.057831490773759597e+00
-3.577002527494148598e+00 -5.087932413145291655e+00
-1.219857518829268184e+00 -8.169296068883820094e-01
2.246416469782435144e+00 -1.227757976876551860e+00
-3.444353257707636562e+00 8.359246724487800151e+00
7.527262561238824423e-01 1.245069426719563443e+00
1.788287886901111845e+00 3.390479962536967901e-02
-4.440014868455338437e+00 -4.185432285688216680e+00
-9.164278132108741204e+00 8.491355833472583825e+00
-1.070901321726310140e+00 1.313450487878580430e+00
-3.868449903623277564e+00 8.721322074227963128e+00
1.813498463018498708e+00 3.761190272304293369e+00
1.886335476310345927e+00 3.621005976501306289e+00
-5.562123440378576866e+00 5.624245784589271935e+00
-7.576082276662299719e+00 8.590106239529555765e+00
-1.655682284563824158e+00 -2.184395901854384370e+00
1.549306033108368119e+00 5.747422215429437209e+00
6.380610060717460286e+00 -4.940201337292911887e+00
-4.581785627463106358e+00 6.382731708190187980e+00
1.837489517721093923e+00 -4.741434644517881214e-01
4.760571209539053439e-01 4.209149676324009270e+00
-2.798138753254890143e-01 -2.150781196421003738e+00
-1.467330646579443787e+00 3.070426507879744360e-01
-5.410417225278175701e-01 5.919455834443660969e-01
2.442540927676633888e+00 -1.809182457117390341e-01
4.077300962397357509e+00 -3.879101397746239632e-01
8.349120341010944912e-01 3.046082968452890949e+00
1.462048944972757614e+00 3.185475486276327484e+00
-8.065201210296310541e-02 4.838545112708512619e+00
-1.587176370534432612e+00 -4.517251063908436670e+00
-6.790353674359123071e-01 -3.194950408856629398e+00
-9.002234926632153300e-01 1.335444026131007211e+00
-1.707365653616012890e+00 -3.834675860128564207e+00
-2.788301726767685729e+00 -3.058810030286100545e+00
-4.145300430531209557e+00 5.022123236089766962e+00
-1.866279705828918223e+00 -1.553223759555493411e+00
1.736266482855628457e+00 2.040158956948281421e+00
-7.666760741372908861e-01 6.324128551843493540e+00
3.231274445884119162e-02 -1.525363761937664986e+00
4.101891891310718741e+00 -2.400759707985629099e+00
-1.226622727388566814e+00 -2.526400391649403332e+00
-6.139351841008742205e+00 -2.525680007896967449e+00
4.996971659908184371e+00 -4.458289246186399879e-01
7.465121881645950808e-01 -1.119809581500081475e+00
-6.173231142018884565e-01 -2.856674791669475244e+00
-3.892093336126023484e+00 4.504529142332218683e+00
-5.594177532983263923e+00 -2.968782537955039658e+00
8.231043442931634813e-01 -4.827282216726785369e-01
-1.687036741216502378e+00 -5.192387242419462368e+00
-5.095486169552705391e+00 5.339993157015517689e+00
-7.214385245063289709e+00 7.213208277053664297e+00
3.574934840268460423e+00 -5.054315409780550716e+00
4.867126115898420813e-01 -2.967608769194548302e+00
1.140302264309492331e-01 -4.006450548196326955e-01
3.979021195538626099e+00 -4.673790545493996973e+00
-2.970974606554424469e+00 -3.987178568301950943e+00
-2.872989927880458261e+00 -1.126448647584160856e+00
2.882638302798058216e+00 -4.569463409845461399e+00
-2.297366320583859256e+00 3.087577226591785795e+00
-4.533438247713112434e-01 -3.296454635993628646e+00
1.811600473494563879e+00 -2.148809227947910960e-01
-2.064113081321461429e+00 1.158604263779160704e+00
-5.425258321120459470e+00 6.113777519109743430e+00
-6.727585033925469027e+00 7.868904923444997479e+00
-5.583610830560611582e+00 4.726723185927702353e+00
-1.401309221340818478e+00 3.282109165713599008e+00
-3.546836166987777705e+00 -2.005568877161476138e+00
9.573962613031543611e-01 -1.123746384491029815e+00
-3.588529113284581573e+00 4.239318228357761953e+00
-2.144197893713478908e+00 5.526535501903273584e+00
6.278214808317653883e+00 -5.204196800729005368e+00
1.406929253538112157e+00 3.835089877320235097e+00
1.272246568610143846e+00 -2.209950983653572010e+00
-2.566473308861027203e+00 -4.480891694013722670e+00
-1.650010385670289237e+00 3.803066655261352569e+00
-2.376680346364768770e+00 3.400853899837160021e+00
-7.598300420965021118e+00 7.438381315674287286e+00
-2.055410691711359483e+00 5.094776338075591937e+00
-6.419388668155447064e+00 5.133087452343943369e+00
9.711707179377722099e-01 -2.754601800817375601e-01
-4.010438715787326913e+00 5.351032306684995632e+00
-3.824905608192112894e-01 -1.518725469325182376e+00
-2.176539430475301629e-01 -1.859192184310672680e+00
-4.184611918813439857e+00 6.033154840647698691e+00
1.453639290264801875e+00 1.415374337587501863e+00
3.023413038095889238e+00 -7.336115455921463635e-01
1.791464959621830610e+00 -2.609819939599896443e+00
2.375045276155088037e-01 -5.269383091981572065e+00
-3.032466250277237041e+00 -3.181918159077866459e+00
-3.917266790842178104e+00 -4.757343944637137056e+00
-8.862283924530025558e-01 -1.597420420598619772e+00
-1.288791394577852190e+00 -3.954071908356224935e-02
2.798098523283228722e+00 -4.866226005326621973e+00
-2.249267569617293905e+00 -4.029584478692071592e+00
1.351618692238277797e+00 2.203502655558077006e+00
1.032236001476298792e+00 -3.111957263241735383e+00
1.805449043838578183e+00 1.929635763826864858e+00
-1.608446921459862677e+00 -3.072238845829311504e+00
-7.393369292715073371e+00 1.018750275767255253e+01
-9.017771443971459577e-01 9.165277229091195466e+00
-4.018818348754115810e+00 -3.654592704455246643e+00
-1.718717687142769179e+00 -4.432994432218506198e+00
5.680563043047367700e+00 -4.005816783683955329e+00
-4.145142529962641653e+00 6.354711980328483278e+00
1.835805072639447033e+00 -7.196912895756073514e-01
-3.421777466100974774e+00 7.760190711255968488e+00
3.819915940468607274e-01 -4.510329859320391321e+00
-3.263355945848109840e+00 8.840818904096138908e+00
4.370680137595300829e-01 3.375876062100155561e+00
-3.642248974536351991e+00 6.898549102756981632e+00
-9.542794810693036034e-01 1.008212897174663336e+00
3.306925467420115172e+00 -3.335842484415360243e+00
2.567838355167570086e+00 -4.347669603513344416e-01
3.516545612826268652e+00 2.052126557478540114e+00
-7.004990068587885865e+00 1.046235671323394278e+01
4.538410381830288109e+00 1.964717637775184489e+00
-1.387151673947626174e+00 -4.016924749575080611e+00
-1.675359315007401317e+00 -3.724797464326607965e+00
1.161338313821136170e+00 1.290720118432965857e-01
-1.561873812427046204e-01 6.812527982164985119e+00
2.202896124890484142e+00 -1.697657550755242273e+00
-6.612654796944643643e+00 9.251479762549720931e+00
-1.243060551540481118e+00 8.012574255363078990e+00
7.926973221651044677e-01 5.917357901566894229e-01
-1.094935538153840815e+00 5.920526191368364444e+00
-4.028122851788217496e+00 6.714581946598504381e+00
-1.488449924117967171e+00 5.973363882018269067e+00
-1.254236829327582514e+00 -3.532799708376903602e+00
-4.062727607026561216e+00 7.630358673954344972e+00
-5.432555357218211256e+00 8.708422199913535167e+00
2.631940259881077715e+00 -1.923738277569778221e+00
2.873115295960343207e+00 -3.864578241862404617e+00
2.334228526319582109e+00 1.161032719217619968e+00
5.849826615472744074e+00 -5.372526828804468302e+00
5.224712365781073231e+00 -2.662921136345331341e+00
-1.894185924561847534e+00 4.508914826123747166e-02
-3.966847415902207352e+00 8.343610046293580496e+00
-7.990670706143971902e-01 -3.059651374809536417e+00
3.861506070017894920e+00 3.280592581860919399e+00
1.302147634125321307e+00 -2.682999143936617426e+00
1.097410802550152775e+00 -4.710435351463081233e+00
2.614607900421725972e+00 -3.877322145878672188e+00
-1.724371039538136197e+00 5.856214610864306280e+00
4.734230410602092709e-01 -1.655799909545293769e+00
4.049267976398420288e+00 -5.973818597258139462e+00
-9.444418290224293466e-01 3.704117453604980792e+00
-5.695533658479833505e+00 7.882921107239862835e+00
-2.712939894811250863e+00 -3.583168767240012986e+00
-2.976775548590197662e+00 -5.184678391240654882e+00
-1.586373348058106592e-01 -7.549677004675529046e-01
7.045964118832881429e-02 5.415692272362152337e+00
9.779266733992233451e-01 2.882302663389548769e-01
3.526765276948987005e+00 2.428910305423105154e+00
3.134809011215366148e+00 -4.324466861681798058e+00
1.608706112126318422e+00 4.093095095944328854e+00
4.732281858752680037e+00 -5.914476276193997961e+00
3.337765902840265753e+00 -2.249541712363074097e+00
3.208139759798990909e+00 -2.690225420535600209e-01
1.579477006446719400e+00 4.844774792653520734e+00
-3.300686915162704960e+00 -4.642302273056784223e+00
2.533414132538077901e+00 -2.861549180703164552e+00
3.670352389244864177e+00 -5.695090423081241582e+00
-8.938473294599785790e-01 -3.462459510606138213e+00
-1.678073730997981627e+00 -3.294256374118428088e+00
-6.361455522915395733e+00 6.651090124441194185e+00
1.041265126480541925e+00 4.066928507537137527e+00
1.465919037073048381e+00 2.649609202808184349e+00
-9.063179246938573019e-01 -8.091514524063153635e-01
4.670150160037924159e-01 -3.375122044997287851e+00
4.137762729560568786e+00 -4.416796156307259302e+00
-6.426615928466106631e+00 9.095155498178307596e+00
-7.406474684040905920e+00 8.991342849224352562e+00
-2.772933646613185754e+00 5.242402075691549257e+00
-4.357313201777650136e+00 5.932888347326811918e+00
-3.959943021829616105e-01 4.701454939217572182e+00
-7.916540455646936536e+00 8.447071006541756688e+00
-2.653966426765428377e+00 -1.129358774710672808e+00
-9.068794393928355513e-01 -3.678066286766684456e+00
4.441868673223788727e-02 -3.633069457693863580e+00
5.765634556708339353e+00 -5.536383497496030870e+00
-7.041425106637063891e+00 8.092991121246333464e+00
-3.106164058701585962e-01 6.232814539543523047e+00
1.474032691671699036e+00 -2.088626269480067688e+00
-1.121698389506557286e-01 -3.848863981352880437e+00
1.823209462597419561e+00 -3.137890533284091177e+00
-4.274663296300081683e+00 -4.625189534152516657e+00
4.219334348936426338e+00 -1.633551292020114953e+00
-7.989573822676032222e+00 9.644417094187527795e+00
5.409365139627642094e+00 1.675514992815145598e+00
4.332945929333415158e+00 -3.633201213036178157e+00
-6.055344531309319045e-01 -5.659391502664585794e+00
1.572739762207421288e+00 -1.314508611989522457e-01
6.793130328894010361e-01 7.202299426672796878e-01
-4.441052442803896660e-01 6.779357259285372805e+00
2.054972295261795256e+00 -3.639850285055425960e+00
7.955987753694274689e-01 8.879359746440894652e-01
-6.098782203291974291e+00 -2.220934786941211936e+00
-6.101311475285306152e+00 7.688909499671750858e+00
2.391942467977365983e-01 -1.515436130495705136e+00
8.925797210190379305e-01 -1.842553834597256301e+00
4.348757244623111085e+00 2.062010232934704757e+00
9.756205905633460462e-01 -5.672102584382886503e-01
5.624773420062649798e-01 5.471578994513172312e+00
-1.590548586952994725e+00 -1.944356760633091374e+00
-2.336813467388759502e+00 5.589656561561728410e+00
-1.038351618751787830e+00 -1.184724163430965621e-01
7.271151903160585350e-01 -4.023922855095459106e+00
-1.523907764377590235e+00 -1.618392820160523771e+00
-2.795793721275862787e+00 1.030530710062423871e+01
-7.141718337060296129e+00 7.008168683739606664e+00
3.320442599071150802e+00 -6.052396241816674127e+00
-7.738792786887886521e+00 6.800961045797766502e+00
-6.356814628339085838e-01 3.661636795831617164e+00
-6.991065299812109224e+00 7.710382268893895663e+00
-3.862506700300752938e-01 3.535178508203479453e+00
-3.314798000391666832e+00 1.398749531102203014e-01
-3.039703057066517999e+00 -2.062794890867251318e+00
-1.029832806756685315e+00 -2.017734927096142439e+00
2.585289305543524652e+00 1.411746306524313432e+00
3.870494647067026062e+00 -5.107345102303558981e+00
-2.005236075335162127e+00 -1.516612470114982125e+00
1.472240403387575780e+00 2.418269399925139229e+00
-3.819637050425943592e+00 7.337706353847774032e+00
-8.865633879471015444e-01 -9.370621641114167399e-01
3.152044718128382272e-01 2.253861936857072923e+00
-4.544328556139933362e+00 5.867559951696136977e+00
1.403288855856033024e+00 -2.869769500933430972e+00
3.843508263682362980e+00 -5.730290979825155340e+00
-6.822052485703974156e+00 7.477257227272177786e+00
1.177966047913933778e+00 -2.672760042459071395e-01
2.899193345111112485e+00 -1.890280718880906985e+00
5.162867344838424355e-01 4.637723783048453008e+00
-8.169549164272851272e+00 7.669919529167688488e+00
-3.857974558331045856e+00 5.033478226750993656e+00
-7.080111085033693463e+00 6.278445920490002052e+00
2.321097262954713525e+00 1.415862794946726622e+00
-6.080177528123437369e+00 7.504518159299927049e+00
-3.557069141744453322e+00 8.904331894854559337e+00
-8.986010266501580634e-01 -5.684556350981734951e+00
3.252797360230671675e+00 -1.034124340799321473e+00
-8.505686172382000976e-01 3.080826960459672748e+00
-7.311032313028192897e-01 -3.349293471641343167e+00
2.026630866847810353e+00 2.120352839946468393e+00
-1.586455322113969224e+00 5.870292136908958902e+00
-1.675027715586666188e+00 6.637068359441569143e+00
-3.137530734377211417e+00 -3.383873721563959602e+00
5.157818548036422257e+00 1.048287931095000847e+00
1.516002568211133106e+00 2.503170049094169958e+00
-2.968207912372549995e+00 4.705063849302139722e+00
3.354181429820690674e-01 3.913301544316359237e+00
-4.867998400185276076e+00 -3.845668745193089766e+00
-5.160469176225955579e+00 6.812898224755661758e+00
2.039506176094633361e+00 -2.744337840995008548e+00
-5.051131478790379603e+00 5.087838422000249494e+00
-4.809524306904022772e+00 6.573218404346718557e+00
3.045870441385568395e+00 -4.138051892343288074e+00
2.476712638679141598e+00 -3.950552672002112686e+00
6.838037613814547111e-01 -9.632812088854840749e-01
-1.191034572851833007e+00 -4.458253939594757576e+00
2.766906875827272461e-01 -4.681652813954019443e+00
-1.547707736094833919e+00 -5.038733626468848925e+00
-6.211627844189255843e-01 4.218998069785695471e+00
2.219044248340742875e+00 3.600362433978542942e+00
-8.363287772251790653e-01 5.736284946324545331e+00
-3.495788314781428152e+00 6.587712217155551997e+00
1.440686698069251648e+00 2.279950062890290230e+00
-8.958133521814994893e+00 8.943447313745918947e+00
-4.193986274492930155e-01 -3.711454074173754059e+00
-5.467774766498829209e+00 6.618393971817599031e+00
3.474041207263316000e+00 -3.235179024986956087e+00
2.759000737711600482e-01 -2.264184554874609567e+00
-4.402423599357164763e-01 5.232200406879535137e+00
1.323065115306795159e-01 -2.501336664686049094e+00
1.329633052239932445e+00 3.484417944659357058e+00
5.183239967835630013e-01 8.207293984060148873e-01
-3.378951745366352011e+00 1.107759148443589936e+01
9.048854529303697047e-01 4.691719130223608758e+00
-7.023038514168005619e+00 9.004475006088783928e+00
-1.393804804689698473e+00 7.880912218713893580e+00
-2.958812451509589270e+00 -2.438616379186978822e+00
-5.020365234012249545e-01 8.510642915766368777e-01
2.136428790096243535e+00 2.232968756653572306e+00
3.306895547710602123e-01 -3.905339319688881705e+00
1.238145317503960063e+00 -7.149599686488576911e-01
-2.747078267097532667e+00 -1.967189726584588572e+00
-3.754109177034902767e-01 8.939941162024438448e-01
-5.377723633916760004e-01 -8.139703053756675022e-01
2.126882166945224917e+00 -7.802608227878381209e-02
-6.006446755944871985e-01 4.361752864310871836e+00
4.334472412641270367e+00 -5.726743368200185813e+00
-3.208876804513512426e-01 -3.832152705307461549e+00
3.153754446965280067e+00 -1.883226934017695253e+00
-3.552698909748398748e+00 7.176491730430608840e+00
-3.256317144337670832e+00 8.376952501229107284e+00
1.634027982351891728e+00 -5.881784256961504198e-01
5.891912768827426428e-01 4.752969161909425644e+00
-1.833737444181991583e+00 4.641205425002179474e+00
-4.272073551893128318e+00 8.859339373996533595e+00
5.018726500569949955e+00 -4.464071886733279371e+00
1.063686130852653289e+00 9.527595079755393215e-01
1.307703701808616170e+00 -1.414634085095577663e-02
2.960608508067571254e+00 1.927247980031267627e+00
1.549959702182816867e+00 2.022805582582075434e+00
4.506767043605384160e+00 -4.800627855771145036e+00
1.698736223787624455e+00 3.532423353388215670e+00
1.819545241422292348e-01 -1.401024338580713735e+00
4.074501256268117544e+00 -5.872413475725682952e-01
-1.690441641759490299e-01 -3.660301190249900749e+00
-4.904053703793723074e+00 8.761127281822304269e+00
3.494801319704414322e+00 -5.308985538664927617e+00
9.825884096988100891e-02 -5.474521770267986032e-01
-2.008566111550670996e+00 -4.663932497817508072e+00
-5.988139062348216690e+00 1.043571175234210635e+01
8.499904410341148076e-01 -2.225514781926985819e+00
4.818518406035201984e+00 -5.726516471874720793e+00
-6.174783018253935829e+00 8.193471257359879800e+00
3.591080570091135904e+00 -1.320060418137654068e+00
3.405536381329360651e+00 3.549106873569812581e+00
2.041916529103831479e+00 3.775599957177870447e+00
-1.990759708211503831e+00 5.575710465702700347e+00
1.087070535542395078e+00 -5.561070403222108993e+00
-5.343475693969206297e+00 6.000798820326415317e+00
-3.117538111546737323e+00 5.380453232677886000e+00
-8.765146310204990909e-01 -2.209067941215335562e+00
1.332175027513898602e+00 4.048759790273597226e+00
-5.626113780920708463e-01 -4.640227815633667596e+00
3.357772399809014097e+00 -7.554901816860059016e-01
-7.097493978522393387e-01 -9.638625659785305944e-01
-2.751842443394210136e+00 5.541261434925893070e+00
-3.844466273874231010e+00 5.158682765792375058e+00
-5.206186593993434641e+00 6.457099238158310328e+00
-2.211711482360829706e+00 -4.499473161364938356e+00
2.944522593070420857e+00 -5.139802388906723252e+00
1.202564332091459631e+00 -1.438341482001289862e+00
-7.561986998070867827e+00 9.104106322273750607e+00
-5.520559213701982770e+00 -2.353919591672533507e+00
-7.966600015935132895e+00 8.703638665341225433e+00
5.094264267610519870e-01 -9.056740321196321553e-01
-3.089195846466843864e+00 7.211095115617413676e+00
-4.254750461205109247e+00 6.644877258060947867e+00
4.166818067443244011e+00 -5.404104867324624806e+00
4.046758176548480357e+00 -3.620024502068464489e+00
2.752168831613466260e-01 3.806669728011985665e+00
-8.514976700264583087e+00 9.120903485782308806e+00
1.427266633570853038e+00 -1.203092678082194444e+00
3.341916031256170871e+00 -3.459136719990776321e+00
-4.380061391302898954e+00 6.818635431972830396e+00
1.841212994565289973e+00 1.810961765212217189e+00
-1.818499129660758884e+00 4.035105834383039713e+00
-3.215696570962307987e+00 -4.862240141793405357e+00
-5.717549887235510830e+00 5.552775315662034750e+00
8.469977480303068074e-01 5.352733216179413667e+00
-2.081440995427721319e+00 6.213410639851574935e+00
-9.288078423066560063e+00 7.943153511535272493e+00
1.048889254629158607e+00 3.071252553161318399e+00
3.031555946162015402e+00 -3.016446905078417284e+00
-1.214987833622761082e+00 1.437785527433008026e+00
-2.185006899834878613e+00 5.563834347199347885e-01
-6.290250538694740712e+00 6.946085327405191912e+00
-2.285814830752078919e+00 5.142566203430632754e+00
1.312788166634245135e+00 2.490709278492362344e+00
4.310018977180250510e-01 6.011806149782718656e+00
-5.262374291174296559e+00 -2.971535392038057832e+00
-3.534605136662583913e+00 6.976709766802018819e+00
-8.913289125343091257e-01 -4.640318606648250466e+00
-5.155265283170272106e+00 8.243508747069759224e+00
-6.709517152115840766e+00 9.488203579744745042e+00
2.428298340501863439e+00 3.849064757070359111e+00
-7.092335026958129340e+00 9.769229055739403478e+00
2.339481178679243989e+00 4.468002623508081861e+00
-1.540168984617413583e+00 4.222311202390274687e+00
-2.480301562996231723e+00 8.554570514145568794e+00
-2.397928090983620031e+00 7.473383107117840041e+00
-1.301540414794911671e-01 -1.107218767483174826e+00
-1.681588948379872051e+00 9.638214559172709528e+00
4.114506172472555789e+00 -3.327485812186931735e+00
1.324243779964237699e+00 -4.310611299595773716e+00
-3.393528946796775525e+00 5.535262499203605913e+00
-5.539615584354909972e-01 -4.852479396959339830e+00
-4.845421202619093037e+00 5.703017582674902997e+00
-4.964840189021008321e+00 8.448496476553630785e+00
3.977846550823499250e+00 -5.494607485794309909e+00
-2.581417686913871190e+00 -1.941830531272252358e+00
-8.018821838638789945e-01 -1.092652436683865913e+00
-2.303171570763657416e-01 4.546697404294276268e+00
2.500162522151842648e+00 -3.739953846772333446e+00
-1.522274003761130867e+00 -5.249295119156866640e+00
2.380202008076788722e+00 -4.672819674571403681e+00
4.657513728281017507e+00 2.292646030822888648e+00
1.738510792281931616e+00 3.098728839327770768e+00
2.929191556631569160e+00 1.424440399749933750e+00
-1.260537243942575492e+00 -3.428293016762642864e+00
-2.940571781959932185e+00 -9.500132032284883676e-01
-2.941748555149798605e+00 5.627832025086124901e+00
3.213292417340197354e-02 2.149085740849559834e+00
-3.670087107635395363e+00 6.099494361510145346e+00
2.337302666567160070e-01 -5.416479677999933573e-01
2.695763913618925423e-01 -2.636292653347968695e+00
-3.606388877530402937e+00 8.385338950591956220e+00
-2.916566467440261157e+00 4.174381242363951472e+00
-6.936719341191538213e+00 5.889806597922540021e+00
2.253070398432968524e+00 -2.706463041170859452e+00
-4.394513834263523933e+00 5.340139953235201631e+00
1.357397960337791420e-01 3.605354016110778659e+00
-3.715918554482324332e+00 7.669370599036255065e+00
2.670485302061452959e+00 -4.238364325030044455e+00
-1.990919867670248866e+00 -1.350743981538838012e+00
-1.203951924217976588e+00 3.231690145567026384e+00
2.356229735820079885e+00 5.031131898882307274e-01
3.369343951780447100e+00 -5.869294847041488516e+00
-4.495789683756346578e-01 -3.804866667658934443e+00
2.145167055397184885e+00 -4.029991240509621875e+00
-2.724911332791438934e+00 -1.626515507336331101e+00
-4.888487918431748902e+00 7.143949675134533273e+00
-7.523670837351664753e-01 -2.321306976697359303e+00
5.838295498867518418e-01 -2.302560573039841074e+00
1.160257360379463254e+00 1.181877782089401085e+00
1.384385248857389117e+00 -2.380974927466552593e-01
2.660382552683017376e+00 3.399990025107439973e+00
-4.426200795411769917e+00 6.650883023491624968e+00
-1.051363219841267904e+00 5.034530538381180698e+00
-3.450768329127876122e+00 5.783664716793719407e+00
2.528541152536616821e+00 -4.880389453662742127e+00
-2.302853408965849447e+00 4.211335191251758481e+00
-6.508928111163147179e+00 5.366809796958115442e+00
-1.419031748826822481e+00 6.729670268325678606e+00
-5.636118496988061999e+00 6.091279952164561529e+00
-1.436832101393486494e-01 -3.252405884570963135e+00
-1.016262716526119547e+00 -4.341019772324113291e+00
5.063133961999360722e+00 1.376478049626413735e+00
-3.383320196643696320e+00 4.909852096379411890e+00
7.919852294379636781e-01 2.617572845364968259e+00
1.391454370588198097e+00 2.041222748596811964e+00
3.669004430885599355e+00 -4.478292322335990505e+00
-4.811163553132289827e+00 4.917259546565377448e+00
-2.824700242591535737e+00 -8.186369666377882881e-01
-2.930681930505555588e+00 6.515934251194603455e+00
-2.243582080994687811e+00 3.861497997729478548e+00
1.685527845492287069e+00 -3.631605213915120256e+00
9.018241536064777741e-02 3.406328452886074221e+00
-7.192184848987305257e-01 -4.458227767256798479e+00
2.624630503689131089e+00 1.765882677776051235e+00
-5.484139227821587248e+00 6.420370132216079107e+00
-5.588407308056551059e-01 -1.311195717758880441e+00
-8.000713242563405103e+00 7.403900831729235854e+00
-5.021196985768280330e-01 -1.662783231153302843e+00
-5.495632492919272138e+00 5.373548091890819833e+00
3.198271548293455613e+00 -3.217991208930321534e+00
-1.654801802156120605e+00 5.341987878555323199e+00
-9.712893831317706006e-01 5.670819277175584538e+00
3.397536948099085574e+00 1.027936201801724403e+00
5.665767211919789936e-01 3.364673659461034028e+00
-2.363619322253772137e-01 -2.563128192644936743e+00
-6.821330228210464419e+00 9.861218857365706469e+00
-9.702574187463611777e-01 6.643609701055974703e+00
3.462769229395108450e+00 1.493300780311817899e+00
-1.646864470451592233e+00 6.299243203922681111e+00
-4.117015557297533768e+00 -3.484065273812122498e+00
-8.677078973470573331e-01 7.032358886143295962e+00
-1.926730767680132850e+00 5.973845159838299779e+00
2.606935378004650694e+00 4.946648650971169126e+00
1.270124198938735294e+00 6.441435242742825196e+00
-1.767929814808185895e+00 7.958573609060554332e+00
-2.058581353351442988e+00 8.371418738235956170e+00
-2.652833540613174446e+00 1.028001750680562054e+01
5.589042990119973631e+00 -3.069574637550109841e+00
2.599923731266909233e+00 4.202021585722349961e+00
-4.919042169801896236e+00 1.144582302166693211e+01
4.722346124882164098e+00 -1.885017473865959747e+00
-2.796825008771229193e+00 9.923130248829609146e-01
2.587392962603376922e+00 8.854731816455768678e-02
-5.059237699895321683e+00 1.004174565555579512e+01
-3.272973934702157806e+00 9.245472404137014877e+00
-1.965386023558078010e+00 -2.220808241151964513e+00
1.018885780171106425e+00 5.435556874991887000e-01
3.535123197664273409e+00 2.957072111765259859e-01
3.924543898883751325e+00 -2.624249159847662050e+00
5.946642618631478250e+00 -2.931981761848404755e+00
-5.909514540309401376e+00 8.237220981344282933e+00
-2.927260140407269007e-01 -3.279801751172557456e+00
-4.605092719558658843e+00 6.780117542307849909e+00
-4.350690690302358554e+00 1.009431188031679305e+01
-2.491424166060791201e+00 -3.407077514244452043e+00
-1.712541321622555568e+00 -3.485862923978748640e+00
5.371775252326023598e+00 2.025792078199937229e+00
6.175582283344006385e+00 -5.578538181402684870e+00
4.412129080380443047e-01 1.180543251938124705e+00
-5.657903475097926460e+00 6.472878742390049567e+00
-6.487074791071306024e+00 7.580962489604070598e+00
-2.512937489375380640e+00 9.279741205772287671e+00
3.287769681435321889e+00 3.331881690681404162e+00
5.019196304453442892e+00 -2.818069941568347225e+00
-3.257699397161602839e+00 -4.272485625719640190e+00
-2.190862138839615891e+00 4.494094058459194407e+00
7.128448570925308703e-01 -1.886889453972082853e+00
-5.755237363563367126e+00 6.925785830801135745e+00
-2.607068864096329541e+00 -2.319341740548696240e+00
-3.271417264732776164e+00 -3.702418217769757991e+00
-3.397539202862805308e+00 -3.153348030817137104e+00
7.689372901849864661e-01 -4.079351086053853992e-01
-4.895261031642469618e+00 9.220830658987329898e+00
-6.641694510548055597e+00 7.989172745183238611e+00
-2.328389472510619562e+00 -3.314595178230988815e+00
-4.323072514645133479e-02 2.573481440734985970e+00
2.674981568974273305e+00 1.542006291129516926e+00
1.956872112672566333e+00 1.996343213487414614e+00
-7.769912329100143733e-01 -6.470681691307438310e-01
-9.357431586269777668e-01 8.016499841279026484e+00
1.406536199827933611e-03 5.219545804849730075e+00
1.874514917710759232e-01 -1.794446303818466371e+00
-1.527775596089477439e+00 2.632252214874708951e+00
-4.849160942639534788e+00 5.297837285821823450e+00
3.742471682325954507e+00 2.005761340202963705e+00
2.521544031075820147e+00 3.542268351326284037e+00
4.983575799480663093e+00 -5.387874002747242486e+00
-1.731746686425393866e+00 4.874228963731978226e+00
-1.235879633623367724e+00 -5.052359362607492521e+00
-1.950431001151457178e+00 4.653962711442965805e+00
8.713558658584085181e-01 -4.147584971785624575e+00
3.430593011453211272e+00 2.553502844080658640e+00
3.303514949898403774e+00 2.661760163519282241e+00
-1.429610864634065281e+00 4.268141010119492346e-02
2.007735782676337344e+00 -2.994052998727307902e+00
9.497777883740942118e-01 1.897558125130562656e+00
-2.693552768263855146e+00 -1.786367034263729225e+00
1.834638493311527618e+00 2.789842295876461264e+00
-2.783026603278275779e+00 -2.181035384634521179e+00
-2.453851898259548303e+00 8.821013973589522550e+00
-1.718223605985463587e-01 -3.060690685045432513e+00
-5.666743196009113248e+00 9.810639618854645860e+00
-2.586505649916195804e+00 4.840078386774633756e+00
-3.865642534014101184e+00 -2.837292392690331955e+00
6.613897011499672907e+00 -4.757333358162168402e+00
-2.693263417542747451e+00 9.631922543014219684e+00
-6.036611268913524952e+00 -3.005293808844752501e+00
-2.071418472868681526e+00 9.086927372657568114e+00
-3.306754526827052398e+00 1.038906813618815761e+01
-5.314890629746314765e+00 9.821398872563218418e+00
1.949863870289150425e+00 4.419154854802897603e+00
3.596964668120026243e+00 -2.011508477472503387e+00
4.390256673239139040e+00 -7.376776937901605713e-01
-1.403047781521828075e+00 -5.488538977717182021e+00
-4.885466726485494959e+00 9.643477568708036074e+00
-1.951718838604530326e+00 3.955008961582507365e-01
2.608191858546414554e+00 2.823038942283341513e+00
2.108325185781711131e+00 2.518332916910348995e+00
1.942234546164382625e+00 -2.366193586942354266e+00
-1.185403961008604679e+00 -1.363898723730634810e+00
-1.294081062548937844e+00 8.562806435309774145e+00
3.879793104681523719e-01 -1.042874651523536755e+00
-2.539584520113809862e+00 -3.819200308254512954e+00
-3.303323093477569916e+00 5.888321417104881661e+00
-6.907375745099422204e+00 7.312443526323003873e+00
-1.607464478044281497e+00 9.410838713210653239e+00
-1.780734099341521715e+00 -4.269127127006496991e+00
-2.129612661476721347e-01 6.375498014690955451e+00
-5.533548136412981044e+00 4.890804993395944322e+00
-2.637892762013223091e+00 -2.965008250715979177e-01
-3.082995495154562171e+00 -3.009854709157633312e+00
9.652505799016186661e-02 4.850575292575504349e+00
5.942320111163134078e-01 2.602012818635711433e+00
-2.383988390019512682e+00 -2.975674870943267880e+00
-6.645246438233738395e+00 8.892549752877123126e+00
-5.228576143857502245e+00 6.191782237848244996e+00
-2.628860125558755700e-01 -2.736002100052707497e+00
-4.427226398411646002e+00 8.935654517366433680e+00
-6.227091399596996979e+00 6.430788785509257366e+00
4.411888680053024370e-01 1.721572117135555802e+00
-3.585167556735994854e+00 -1.604500769583423914e+00
-1.526056850912754781e+00 -2.387888850747944769e+00
-4.332840419190525871e+00 8.042838226352955644e+00
-1.177256567427439116e+00 3.575842051760331763e+00
3.664546112242803133e+00 -9.356777037879294712e-01
-2.096031065081715994e+00 3.694799615658820091e+00
3.588061509054990772e+00 -2.932783606835241308e+00
-1.911678274602323091e+00 9.368325471838090834e+00
-7.012660933445226119e-01 -3.040616090946713368e-01
-8.136736214282944690e-01 5.552571318892032259e+00
2.704960091724923910e+00 -8.808324068095750581e-02
-4.490338924291565892e-01 2.984873076420031079e+00
-4.978285653169399083e+00 6.665397580076556139e+00
8.914336626897325644e-01 2.018259540698549515e+00
-2.201652292481628692e-01 2.858058885410360794e+00
4.103366006217869177e+00 -4.549164234352049974e+00
4.512116333106928501e+00 -1.805267929703760599e+00
3.320244599808300556e+00 -1.192114001207460250e+00
-2.549086334581147195e+00 5.738510768977111987e+00
3.298736401481927594e+00 -2.856693711959233273e+00
-5.675071045543876203e+00 5.870773141087573421e+00
-5.881313270353535572e+00 7.318670955420828683e+00
-1.098644561407011444e-01 5.816177558788371726e+00
-4.602681693766850657e+00 5.309601413365085065e+00
-3.042102570329346722e+00 5.903614936043856787e+00
-8.067668198549989844e-01 -1.706790338407504715e+00
-6.371807687511228835e+00 8.237461015671009079e+00
7.885918239998619406e-01 7.237330539212637248e+00
-8.795855864492507781e-01 5.997620529703621806e+00
5.590360046800616267e+00 -4.143885099174330122e+00
-6.633498859564350703e-01 9.742590805130040277e-01
6.367943905913374392e-02 -2.896376960530758549e+00
-8.784661645553628162e+00 7.959469937757961411e+00
-6.462742584351826913e+00 6.018910665562019702e+00
-4.594271446621688071e+00 1.012186710760321873e+01
3.658101490388184995e+00 -3.904247581780294407e+00
8.613241726118211483e-01 1.732478291215641564e+00
-3.132869525413580991e+00 6.061174209522526724e+00
1.233081438381912864e+00 1.897346160387917369e+00
-7.595512076408370561e-01 4.220271276787543435e+00
-3.232812266615891161e+00 5.204272431366905316e+00
-2.114208938109779279e+00 -6.802267674177956414e-01
3.196323022249639156e-01 -3.384283472490481781e+00
2.858185892195304056e-01 -3.542321222158542948e+00
-4.988196545442946217e+00 7.952110036962182882e+00
2.369916760237643860e+00 -1.372296608367050474e+00
1.202093038122873603e+00 5.206183998873350482e+00
2.163422873162554882e+00 -3.723681120863992500e-01
-4.148723823143967593e+00 6.837334895875902596e+00
-1.608138897565975833e+00 4.125947317141369641e-01
2.008543174471617121e+00 5.156626180555933026e+00
3.103239546186595810e-01 -1.724830291053224274e+00
1.847049698592609923e+00 3.896879389211425071e+00
4.567952170280227264e+00 -1.806389091419681736e-01
5.518216549929568782e-01 5.848273767066483941e+00
1.280594386301618259e+00 2.874103712452210413e+00
4.936254182746848684e-01 2.281067306144080042e-01
-1.196178191417093473e+00 7.201924244593358004e+00
-1.882377809825849457e+00 -4.428070076456641857e+00
1.855772254229595353e+00 6.472764067382746234e+00
2.798751566981461547e+00 -1.689804051192759671e+00
-4.832565106388170273e-02 -5.075288441257042038e+00
-2.288551068087083973e+00 -3.500069473110672735e+00
-4.021557387031205799e+00 7.948543721999127953e+00
3.773572565905483955e+00 -4.410748486827879233e+00
2.995465276684379230e+00 2.879266873462805965e+00
-3.663216933096747230e+00 1.114865287988646791e+01
-2.178911447967780274e-02 -2.154925601408496316e+00
-5.238900551264433325e+00 1.049938638076289443e+01
8.924382013512427436e-01 -2.725808356322061421e+00
-3.632957257011783625e+00 -4.084164412880528339e+00
3.841899278779869586e+00 2.175477157290533814e+00
3.389965984389204046e+00 -4.034988281316207015e+00
2.576783362617212525e+00 -1.307755348696940212e+00
4.450821787119205730e+00 -8.200538530227106937e-02
-5.690019673713089254e+00 1.087529247262062881e+01
-1.322692386417614552e+00 4.199613577320471691e+00
-4.671234371432675392e-01 1.431200863466936257e-01
3.851103474865999132e+00 -4.600895352794856841e+00
-3.828426994895143487e+00 4.634178497569120481e+00
5.871474429708265497e-01 -2.057549277597700677e+00
1.833795396317752457e+00 4.493361867723214331e+00
-2.544458458862168371e+00 -4.268520729775524103e+00
-3.261541783468851374e+00 -2.899743168996771647e+00
-4.948804412599827618e-01 4.605102320097474333e+00
1.625487675386374287e+00 4.087742938045973995e-01
3.157992889708868489e+00 3.671365028946910414e+00
-3.325826070174409121e+00 4.298827312175146353e+00
-4.921408698019733130e+00 4.734924722214465476e+00
-5.890633315847791707e+00 7.667963947845079176e+00
1.350073182174936992e+00 -3.038542572818319965e+00
2.678390824621593502e+00 5.147699440981558183e+00
4.860169118748867589e+00 2.029429459170266181e+00
-9.789308881030478471e-01 -3.755741755222329115e+00
-4.753501558127335436e+00 5.125140233543561408e+00
-4.569643321672984371e+00 6.100970801985917014e+00
1.088633533897788164e+00 -1.506659957743921474e+00
-3.092818694122371204e-01 -1.096873681046730997e+00
2.581009192068148828e+00 5.612234742952313837e+00
-4.673384838884749648e+00 1.040587118444704906e+01
-1.349215557034290969e+00 -1.701510547338506818e+00
-1.834078979924888886e+00 -5.381968912657675297e+00
-4.109614507214526258e-01 4.291092971811672818e+00
-5.015021637560718837e+00 5.817202997601519598e+00
3.182032612282995387e+00 -6.129867655956078298e-01
4.267638400040867808e+00 -2.504656530587829444e+00
-2.432762243116341205e-01 6.600011155429871046e+00
1.060192853308360883e+00 3.796589582227374304e+00
-6.670635314439132380e+00 7.375861675813212059e+00
-3.257261290846841018e+00 -5.381571696217810619e+00
-2.170673522746527695e+00 -5.302200253462034496e+00
8.820642077916357460e-01 3.598122531768275234e+00
-6.979805072463225457e-01 5.228568020562255114e+00
-2.227549829115618607e+00 6.384002367286566226e+00
-2.598468516847642462e+00 -1.477621637698138146e+00
1.824602009620407861e+00 4.078823481153336594e+00
6.718534269431114536e-01 3.260712875831276669e+00
-2.616342047861901055e+00 4.698594739349188032e+00
-1.343306652646905519e+00 1.540555992898908322e+00
5.529508812300505838e+00 -4.680197877617051638e+00
-3.397363165692721676e+00 7.950189419389449341e+00
1.589980605830581428e+00 -2.750631757954243639e+00
-4.214843898691751356e+00 9.657758237950913482e+00
-2.971712127690481875e+00 6.149038444822967797e+00
-6.811452255401551081e-01 5.102939935589927423e-01
4.281561639529416041e+00 -5.096594095339096242e+00
1.427461124366909084e+00 1.138410379183431687e+00
1.223324971656163163e+00 4.279420563322880788e+00
1.580824683686876897e+00 -3.697859840166826562e+00
-7.093119231083143683e-01 6.715517731797358003e+00
-6.210085817164758687e-02 -4.508463530407647024e-01
2.235202469101108758e+00 3.824959877095144289e+00
-1.952128349745776648e+00 -3.869909268747695030e+00
-7.443116170089896233e-01 1.507873074079868259e+00
-4.400899371670774940e+00 9.173856188758115593e+00
3.367440979548069979e+00 -3.884269912117209511e+00
-3.847621488635697862e+00 1.008967677583939171e+01
8.018889947396468099e-01 5.701930265300366507e+00
-8.711014596992994186e+00 9.380244447939077190e+00
-4.291445823586661490e+00 1.052421806090766410e+01
-4.899386494365122857e+00 9.924378382900112427e+00
-3.340935003913812817e+00 9.065163007754534874e+00
4.086389901474582476e-01 5.585875232235151699e+00
-3.349962948680451635e+00 -2.549416498127405450e+00
-2.582205040794211204e+00 7.474658146443080575e+00
-1.587055253549063627e+00 6.753319196132509639e+00
2.327249683271233494e+00 -3.344403495980299290e+00
1.723826521603967488e-01 -2.276814040516097482e+00
-1.268148495312966473e+00 -1.767667738644417286e+00
-2.860827437326663780e+00 8.150790045110271720e+00
-2.181288108093906608e+00 6.016774613641080904e+00
9.286781897707599986e-01 2.533968962704875150e+00
8.839710872532049457e-01 -6.864589971737331542e-01
-5.997826042453709761e+00 -2.804622894433648650e+00
-3.612067011318027987e+00 9.520672629214082860e+00
1.162144031189477067e+00 -1.096115877530005722e+00
-3.261403135840310163e+00 5.597011756465993138e+00
-2.151111001190147309e+00 -2.212810561358978134e+00
-4.482438652845116778e+00 7.745450825950827678e+00
-1.998992893651958758e+00 7.953714878785788756e+00
-1.739519033797186864e+00 1.062041071500801959e+00
6.090772456078009434e+00 -4.428199426849595000e+00
2.645647587545122636e+00 -1.492170223095754311e+00
4.526581257472256148e+00 -4.109111909992131828e+00
2.191538245046253941e+00 1.365281258249768093e-01
-3.099017674446026049e+00 3.942471294273588889e+00
-4.902526510800670145e+00 6.853305827056920485e+00
1.268096853006303482e+00 4.568246562184980597e+00
-4.451241906271411253e+00 1.026632000015169766e+01
-1.461517662472341605e+00 -4.492678756320275468e+00
4.868640075732362238e-01 -1.971306779116276386e+00
2.701979181810417074e+00 -3.680961096734169047e+00
1.165184668777407673e+00 -1.027028773514895160e-01
-3.124326762702945182e+00 -4.465353215410734933e+00
1.525194949156541968e-01 6.419096483438626599e+00
2.910983111158947700e+00 3.169960257119713187e+00
-3.220065382382424790e+00 -3.863923147876716424e+00
-7.620313107614914649e+00 6.831746920515478827e+00
-9.320327021496934705e-01 -1.194936561000410791e+00
-2.753878615805838592e+00 -5.117069923131674969e+00
-2.103947362098368412e-01 -4.933082442170463544e+00
-4.029034046384118106e+00 7.810732168923376406e+00
4.316114081256030133e+00 -2.708649096175137938e+00
-1.337641070455620307e+00 -4.150415277573828554e+00
-5.386825929691210213e-01 3.414660072918995204e-01
3.187251973393614435e-01 -6.577677164304719382e-01
2.894100996075275045e+00 -3.982349794610007265e+00
4.958841860249033395e+00 1.658566141103121394e+00
-5.305066830640388087e-01 -1.892769061017040011e+00
-2.129531745223658401e-01 5.275978721647820002e+00
3.220095664519374568e-01 2.977128769838372602e+00
-6.223741104931536094e-01 -1.928636190400837336e+00
-4.067180670342813720e+00 6.521792416720285424e+00
1.126727118423461294e+00 5.113909658772733735e+00
-7.349410029627673202e-01 8.143734683857289269e+00
7.851486013552179122e-01 -1.786186875806952790e+00
1.333983612625671444e+00 2.639189603381923988e+00
2.970759824607497990e+00 2.490895469819678354e+00
-1.538990112396513732e+00 -4.689917561621862241e+00
-4.498036838729260051e-02 3.223463173363328327e+00
-3.620517124379130980e+00 -4.719332197764323666e+00
-5.800313673634204470e+00 5.367265604993256112e+00
4.102701506454857316e+00 -4.249533728591718962e+00
1.627875258821689375e+00 2.703269625940297072e+00
6.925101378250103634e-01 -2.841910725539770421e+00
4.571993790123285883e+00 9.966242795637831886e-01
-3.859515648397263465e+00 5.994439295584149008e+00
-2.963950870786876024e+00 8.354702109842721214e+00
-4.504138548249610352e+00 7.432200670598994918e+00
-2.197523216394416057e+00 -4.320809425461995978e+00
1.623630341631599361e+00 9.265014348042378556e-01
-1.300011492295148008e+00 -2.124445295138654710e-01
3.125459963197648516e+00 1.624256818811957048e+00
6.448655619621730395e-01 3.621606014542057550e-01
-2.225424540718371702e+00 -2.746291777251113064e+00
-5.875140833879009428e+00 6.979436058097123308e+00
-6.018810118104080509e+00 8.009787959504084398e+00
-2.914346432436066614e+00 9.811802405247775027e+00
-1.443890302949568216e+00 9.647814316554830683e+00
6.758200056594459992e-01 5.541142969381037453e+00
3.282805001507248743e+00 2.126829620385753294e+00
2.275340935829227307e-01 1.477271265147182655e+00
-1.331830698875264618e+00 2.851883938171768218e+00
-6.057840574082818286e+00 9.691652594331374715e+00
3.308393829308793332e-01 9.339736859034254435e-01
-3.658223820294411066e+00 -2.669891644029319444e+00
3.993689944904890710e-01 -3.658891250203395895e+00
1.163505444554293167e+00 3.980546383476333716e+00
-1.310166830894287537e+00 -1.096167633789001616e+00
-2.814909328096432350e+00 8.651062732637138097e+00
5.657300083729184692e+00 -3.422274687968886120e+00
-1.429219812482210639e+00 -3.292506544017966164e+00
-1.311655998534767331e+00 6.532076064609705135e+00
2.674362621708550325e+00 4.422905592457900603e+00
-2.672429873218979512e+00 -3.244374192150967229e+00
-3.630220245315790017e-01 6.107488316332696954e+00
-1.135835150393855963e+00 -3.202250931364783337e+00
-3.812252672660652486e+00 8.159343167449035761e+00
2.420986194808209202e+00 -2.512556180657746552e+00
2.945695956073222987e+00 1.777577367998994573e+00
-2.740868367834368602e+00 9.346209836886337996e+00
-1.033489589856319696e-01 -8.711919180101738158e-01
-1.740680361517781272e+00 -1.763804164662230667e+00
-2.586983236467767622e+00 7.789079625281945418e+00
-6.577174779976830976e+00 9.732425044137219317e+00
9.226768603615379538e-01 -3.842797836979398030e-01
-6.571265437935985831e-01 -1.684216152000983513e+00
2.496702966750932173e+00 3.668231653718373231e+00
1.563564362088245785e+00 -4.557417786696117190e+00
-4.669059897138012616e-01 -2.313280553590944422e+00
-5.567709974073357770e+00 1.112029119868799398e+01
-4.010305271931043691e+00 8.876411667948866935e+00
-5.324112928042558757e+00 8.840649529461931166e+00
-2.614228337933397928e+00 -2.558034934022785478e+00
3.963495716916475065e+00 -3.125118028413825133e+00
4.074104813492284372e+00 2.389098512570474231e+00
-5.689281203619980687e+00 1.047829515722419558e+01
-2.879470426543291328e+00 -4.875076796785976718e+00
-7.078029813544729487e-01 -4.744423171778019643e+00
7.407442601503455570e-02 -3.093592611713101626e+00
9.334917361110450784e-01 4.690591246112459922e-01
-2.786632100220760577e+00 -3.889028981415007635e+00
2.923683148435550549e+00 -1.086125915367917028e+00
-5.306449341237761352e+00 6.708698221120560135e+00
2.118693487647921092e+00 4.411561607634544302e+00
-5.762584966322188862e+00 9.292706437714411294e+00
4.316032111640516256e+00 -3.851954795269620035e+00
-1.657311249780349494e+00 2.223953599527156433e-01
-2.375655877555281903e-01 3.397613669631272870e+00
-6.777982560290454650e+00 8.339981028829136278e+00
8.571312465277511894e-01 -4.584027412195418982e+00
1.338697905517436615e+00 -1.061797387577243068e+00
3.954716799439336850e+00 -3.780897959384390994e+00
-6.174202776560561157e-01 6.540319956139095225e+00
2.257010834418848866e+00 -9.309982172345981910e-01
-4.427196865452399877e+00 7.611887915581899478e+00
-1.782369503842143654e+00 -1.153838638330026312e+00
-1.968619478357312769e+00 -2.041769590088406527e+00
3.107643908087461160e+00 2.460771958526430936e+00
1.987509461084849827e-01 4.821107877617556881e+00
-4.884662909217043492e-01 6.189268015061136552e+00
-4.412844748614134005e+00 4.510558463859736911e+00
-1.678377140656816646e+00 6.823991191542317925e-01
1.861884708748487105e+00 -2.169867855621790298e+00
9.345944930843697041e-01 1.644574083465512926e+00
-5.152321552654187009e+00 8.638324478748808488e+00
4.940002811679831574e+00 -4.255863166220798632e+00
-9.827862281227172092e-01 6.490033391229363069e+00
7.858109936053548905e-01 3.809370067198498244e+00
-6.672154533014631461e-01 -1.382306197074775478e-01
-1.925249824706068313e+00 6.997097481811068498e+00
-4.801944247951834832e+00 8.570138994920309727e+00
-3.361139045241361423e+00 7.238037630349931639e+00
2.337646524457424935e+00 -3.008472461737204728e+00
-7.944553610478831907e+00 1.005532076293141053e+01
4.926775970778447089e+00 -2.246362294014104144e+00
-1.502856897406745773e+00 -1.971625066124678360e+00
1.775077274365092439e+00 -3.475449466723700809e+00
-5.184830499677412163e+00 4.473625587789551439e+00
6.077743984056176441e-01 4.476396826018003594e+00
2.423366530788150008e+00 9.682414122225930786e-01
3.145990009841120649e+00 -5.052057110924199068e-02
6.993582444950110499e-01 -2.975905332478175236e+00
-4.848850318568956319e-01 5.654495638870062457e+00
2.725111970954746443e+00 -5.159043113103746414e+00
2.066183016710431419e-01 6.181945090152171751e+00
-3.015018653378000568e+00 -2.740467272343471983e+00
-5.388456522286443118e+00 9.543966179732562338e+00
-9.851390335381853269e-01 -3.573602362221249606e+00
-6.718329862500103111e-01 5.756704187451124000e+00
-6.276099106686637841e-01 -3.732471893836637467e+00
2.740453813663862093e+00 1.336326156333362603e+00
-4.595236796468288532e+00 3.930720817764292718e+00
-1.455126352009153523e+00 8.137521744101908761e-01
-3.727199350166142400e-02 6.330539946899885528e+00
1.654016197264595034e-01 7.057263019771493617e+00
-2.917139863738491101e+00 7.326146411124383917e+00
-1.141977614267414953e+00 -2.864560059240988554e+00
-4.026758496232963225e+00 5.108429185701648834e+00
-1.693057095544486801e+00 -5.296716954925793086e-01
5.411886297496109499e+00 -5.938203653809463134e+00
6.935616401625444016e-01 4.867888100697378206e+00
-1.276773479037200509e+00 -2.367778478925908203e+00
2.964926448538594883e+00 -4.273606850090713394e+00
-2.181197276654886608e+00 6.749161293141940909e+00
-1.620280678484087744e+00 -1.812105521457530344e+00
1.055486133081253164e-01 -5.260084329722467089e+00
2.430688281238175374e+00 2.592163395750050281e+00
-4.325869294068872328e+00 -3.573470242395016427e+00
3.278552040086250230e+00 -4.975876845122459535e+00
-4.421596147930468845e+00 4.974958679752734980e+00
-1.072611757411537692e+00 -2.775791566430344304e+00
2.688597479448040062e+00 3.865690311223951348e+00
-2.955065141948407081e+00 -2.934003206025460830e+00
-1.467884233995637278e+00 -3.114065828045496254e+00
-3.216562471476651641e+00 4.845742150370896617e+00
1.774183988665283485e+00 5.245981385539538522e+00
-4.098728480894680004e-01 -2.729144528907778700e+00
-2.457678001516411026e+00 4.538354089257605750e+00
5.687073157707896343e+00 -6.122551643268397292e+00
-6.105261494986936599e-01 4.486239302507259552e+00
1.229354621291033123e+00 5.629771650993579790e+00
3.510024988739951723e+00 -7.649720166595271875e-01
-9.036108530807661632e-01 -2.111052038905119499e+00
7.069317181626533220e-01 -2.336450697430763057e+00
-2.877599265852900157e+00 -4.274932413913816731e+00
4.501095088279838841e+00 -3.746438460406315674e+00
-2.538586201207317927e+00 3.549017232086597140e+00
-3.979232463733591185e+00 1.029582617186774662e+01
-2.473065342095585706e+00 -6.125296822781090000e-01
-8.196040693608617200e-01 3.240021552860281151e+00
-4.533044570625524905e+00 8.478570992673049034e+00
-7.888710236703609657e-02 -5.285115400603658031e+00
2.840460549184533168e+00 8.939817322262326449e-02
2.314784550735765833e+00 5.001763010462251913e+00
-8.808393927382828226e-01 2.596624611306279196e+00
-4.895855848556106005e-01 2.052426283643154825e+00
2.794459285080228561e+00 -4.117462443932811134e+00
-1.278364207161625687e+00 -4.668862702282615906e+00
-1.648177413913353595e+00 7.764075352317507672e+00
-3.349919090086023843e+00 6.959339084326385816e+00
-1.659206671567048819e+00 -1.608170677501664203e+00
-1.053416136498744188e-01 1.596258124636253717e+00
3.001209034950067966e+00 -1.572965289169372116e-01
-3.147026697224713843e+00 8.061459188718741231e+00
-1.157241164786917853e+00 4.604149571717560896e+00
2.241071889886461221e+00 1.357215930226449263e+00
4.916131364242245283e+00 -4.932004037942292030e+00
4.136424086475007478e+00 -2.869218792698952747e+00
-5.396147266796011088e+00 5.024598130690919540e+00
-4.664951773878279973e+00 8.119321231014440698e+00
4.711186932549362716e+00 -4.862249303302544234e+00
2.897697205471857274e+00 3.807183396815578824e+00
5.704145558106219482e-01 -1.434558661539052649e+00
1.603673624487528704e+00 -2.501929829573775521e+00
1.684006540745371261e+00 -2.875637909114571178e-01
-9.653510330229734260e-01 4.583971402019336949e+00
-2.945203542180878653e+00 6.370440967340269545e+00
-2.558716460328571696e+00 8.327356298853880290e+00
-2.930698431756619815e+00 9.425912480100484103e+00
-6.872506167427745005e+00 9.009742940241366682e+00
3.217088682376696429e+00 -1.350884349902624182e+00
-1.302645105241708290e+00 -3.125690048590681780e+00
-2.939853542951818444e+00 8.489573463259207031e+00
-2.100188220122308977e-02 -2.399991829224772832e+00
2.583611578071063786e+00 -2.198724433441545223e+00
1.898806132557751436e+00 7.747804378261673452e-01
-6.990500181552893044e-02 -3.047507265517439556e+00
-2.255702568554011744e+00 7.882205086708058417e+00
-4.222443753595454652e+00 1.171565830386236229e+01
-1.550853905836850455e+00 -3.422123100845659405e+00
2.817435343249990343e+00 4.223209619443681895e+00
9.870371332881413551e-01 2.322757771421607220e+00
2.543822537178880516e+00 4.081087823491073574e-01
-2.815041915266049966e+00 7.854312495292188778e+00
3.859590501220010461e-01 -5.197909505586570056e+00
3.070354475551195339e+00 -2.804764919048286398e+00
-2.347284170358318711e+00 8.383410157600007295e+00
6.695664457655648993e-01 -4.467893941878460673e+00
-6.394272330124388226e+00 6.311528945413404479e+00
-3.659181742769331613e+00 8.532220286063449066e+00
-6.437513042946653385e+00 8.773289325354490131e+00
4.400852534221368906e+00 -4.454729295092040076e+00
2.281937059105696441e+00 3.961663248501054113e+00
-5.530156891784360873e+00 7.488945708207744190e+00
7.129280221277314866e-02 3.812605210831707669e-01
2.529601810694328545e+00 1.613158984565528087e+00
-4.704979201972662173e-01 2.630045740881632899e+00
-5.335142282398751268e-02 2.854215386718858216e+00
1.040693381421798902e+00 8.199922376884026531e-02
1.363754314482187091e+00 3.069439869225961903e+00
2.187473775361844730e+00 3.034126002583450887e+00
-2.315151627447263216e+00 8.074391972455575939e+00
1.140260286193988337e+00 1.933953382073127170e+00
-2.544549723319295076e+00 5.475447970835465306e+00
-1.285141881482457782e+00 5.340069016489459308e+00
-6.243019139254187166e+00 5.651151307470456686e+00
-3.987652520932079003e+00 -4.440060490517049097e+00
9.816435021434872787e-01 -5.409552132110550637e+00
-2.525861756724944174e-01 5.529809411658719753e+00
2.370932871105052353e+00 4.136605231235299662e+00
1.105083359175019098e+00 -1.949819897290760551e+00
-3.929190744881121411e+00 -2.399555082092613478e+00
-1.757422081876079289e+00 8.573427092195872845e+00
-9.441797824344402845e-02 7.113361213672598993e+00
-5.393933493288052716e+00 1.042871121441215543e+01
3.804533389756955319e+00 -3.876378809213211429e+00
-5.657818368441307894e-02 5.586523582005384014e+00
-1.032325576372443043e+00 5.915068519632726146e-02
9.739137932741834813e-01 -3.575491917942413611e+00
2.928015777244278084e+00 6.077837079617848248e-01
5.314394263393737994e-01 1.026476970715228809e+00
-8.940046411930274717e-01 -2.912820299392912204e+00
1.190385804886031629e+00 -4.331016623403200150e+00
2.374988258595912338e+00 2.431125508360772458e-01
-1.268959105290984102e+00 3.402685310010939101e+00
2.268117921236985968e+00 -3.591039312469636702e+00
1.036912469038155482e+00 -4.506085263817636744e+00
-6.455730018248083901e+00 1.027126892710968953e+01
4.300238802490885526e+00 -4.767067336655462562e+00
2.422203517362460090e+00 -2.665592291040101980e+00
-1.734175208866358009e+00 7.354915651661895204e+00
-2.328654936090410743e+00 6.147189474115549501e+00
3.567335285868181938e+00 1.699652157721341705e+00
1.728158150926323522e+00 -4.319665776340103847e+00
2.188061142644442292e+00 -3.016605726238351881e+00
-1.303003558765983394e+00 6.035914872545000698e+00
3.252638717053680795e-01 6.805542924560485929e+00
-1.831623326374292482e+00 2.934120839848915363e+00
-5.775196963192597899e+00 6.189206694193400082e+00
1.543139312528527984e+00 2.269882552912181051e-01
2.235011596792220612e+00 4.173948307744043795e+00
-3.110544375624662017e+00 -4.000672707966963504e-01
3.804480333865571495e+00 -1.540264600028940389e+00
-2.081796637289349494e+00 -2.909780576929802631e+00
1.145593598687689729e-01 -9.764113140474991459e-01
-4.564780830528862410e+00 9.099790925160302635e+00
2.688334859942492550e+00 2.672028998458514604e+00
-6.712911427148638310e+00 8.693245112801941232e+00
-3.058547423805885401e+00 -3.586821100623609482e+00
-4.689589691201737409e+00 4.583785447107563193e+00
-2.869682286003655936e+00 4.412153421917870411e-01
-7.227127589831276566e+00 9.469595471760834826e+00
-3.916663504836763288e+00 7.544999905535759055e+00
-5.565125041168009545e+00 7.024768737367154792e+00
2.848541991229609494e+00 -2.251192895233578573e-01
-8.435883171352851484e-01 -2.798851227417220588e+00
-8.286425037621718559e+00 9.402490239039602571e+00
7.060791580619114605e-01 -2.670296661531335047e+00
2.499643912905917364e+00 -8.718524692653045749e-01
-6.205501590125552802e+00 9.878901490344802028e+00
2.706146224423258140e+00 -2.885027634210359349e+00
3.640053475762174529e+00 -4.169686350382893814e+00
-1.169582813721581571e+00 -5.408527358597448043e+00
3.394487039113444737e+00 1.720788172895663770e+00
9.535649231041243290e-01 -4.990035099538686403e+00
2.777715542588688802e+00 -2.813772329643901671e+00
-6.265665616828536066e+00 7.492891164952906635e+00
3.558365426496571615e+00 9.742905233791439024e-01
-1.836155145810897560e+00 6.872908402053431232e+00
4.858350522686114559e-01 4.909234025646338928e+00
-5.922940086141896820e-01 -4.679578990773227698e-01
2.052155313228082534e+00 -3.163977650907110917e+00
4.686409804356486686e-01 -8.039855313482786592e-01
-5.052551236408332480e-01 5.386052665917435256e+00
3.836752011135501905e-01 -2.358911667677633162e+00
-2.840246065165871858e+00 5.418330472103622064e+00
2.334832512777565983e-01 4.021247042456516319e+00
4.138400719733023259e+00 -4.869045984009383155e+00
-4.627169818780914490e+00 1.121450724952731548e+01
3.082391030236775187e+00 -2.247369824348805167e+00
3.010336450632670857e+00 3.974026661777013469e+00
5.266830259446311224e-01 2.742633901434874844e+00
-1.400761793986226911e+00 -3.154814758523155072e-01
-1.880356638653488011e+00 -2.641345683458738769e+00
-4.246583383170859705e+00 1.068548138048770291e+01
-7.642879991705876508e-01 7.246268113159184843e+00
-2.117551103741290852e+00 -2.004906282258124950e+00
1.856782496365499968e+00 -3.952491370971869866e+00
-5.251896528941540687e+00 -2.810595521477607051e+00
4.441531167317913642e+00 1.060744170296221839e-01
-8.852200199403826852e-01 6.156365650856956862e+00
5.215385272579665665e-01 6.837462487945289880e+00
-4.219118944395374271e+00 1.109036658457919344e+01
-3.729480562655397513e+00 1.054840844147956247e+01
1.311427134824951324e+00 1.069145910353485496e+00
2.537704303369039849e+00 1.258158376588121463e+00
1.737886198629382095e+00 4.944594573103973545e+00
-4.024196991555110126e-01 -3.612587365951897000e-01
5.378004082532953589e+00 -3.834325383390476460e+00
-2.336476927624436151e+00 8.921588493940776132e+00
-4.179381016323709730e+00 -4.356431555223659657e+00
-1.947243838581167008e+00 8.660353971669174200e+00
-3.238093956521065131e+00 9.597968002817614419e+00
-6.243034697112587850e+00 -2.911950376143011887e+00
4.884618656609550635e-01 3.843056923195488306e+00
-2.891110098855194988e+00 -3.264522959122103885e+00
-6.929808317030698994e-01 -5.408858575345655062e+00
-4.066600420686176776e+00 1.143438614078307225e+01
-3.276514792522265296e+00 -6.354814390793874779e-01
2.340727831170823947e+00 5.459273984447707839e+00
-4.318530148497399246e+00 5.642577747746464034e+00
4.998316153609376755e+00 -3.111065992971094207e+00
3.894121721789335577e+00 -3.992365388175113772e+00
2.521181923346034193e+00 2.408082091062994312e+00
-3.074063694593728524e+00 9.647713503848857286e+00
1.592683487954221766e+00 5.474245138121638377e-01
-2.967399553897147157e+00 1.094492438105476317e+01
-1.081007891419950795e+00 -1.652491719719759278e+00
2.544750474514308802e+00 2.220860068264828069e+00
-9.389998807888615406e-01 4.942283330547109443e+00
-2.367053932592183774e+00 4.897106049088654767e-01
-4.447527538792223067e-01 -5.602096838003556983e-02
-3.296588994492371860e+00 9.843758840524893472e+00
2.436880505588563839e+00 4.333823136726831393e+00
-5.511533143805945834e+00 9.644823603643141396e+00
-1.776309339451288327e+00 6.382574812755536620e+00
3.014706900831165104e+00 3.394768347894190352e+00
-2.445760015942808785e+00 -1.108494860019422878e+00
4.013092604426040655e-01 5.108291588288262908e+00
1.494239386616728726e+00 -3.545558154544520946e+00
2.069096610050390250e+00 2.995230546439028085e+00
-1.861119262841539834e+00 -1.415040408389323656e-01
6.114025781969408858e-03 8.294402063008577741e+00
-3.937756955907233625e+00 8.108246030380239944e+00
-1.055641725821105714e+00 8.556984257100451075e+00
1.376689534533315884e+00 3.970035659061244004e+00
-7.429048905088101229e+00 7.705005854620867289e+00
4.373731261126177827e+00 -4.161589476841909274e+00
-4.369091384673823519e+00 6.145346866997488000e+00
-1.330797232250490847e+00 8.934474667824815697e+00
1.038605212485347984e+00 5.007271081383051659e+00
1.813255980654736144e+00 3.244633174725345182e+00
1.823294118408152809e+00 2.356805211833830516e+00
-1.911432903105018344e+00 6.398289050088566299e+00
4.486910549245594737e+00 -3.911883396234323573e+00
-4.740510098452349830e+00 7.847365093940277703e+00
-2.437033326672718214e+00 -9.306536529909607003e-01
-9.760812690800526603e-01 1.825176390924788949e-01
-3.433731160754502909e+00 8.877821377915129375e+00
-2.830162921634565620e+00 1.047111849726318944e+01
2.101527092631176874e+00 -2.670574098193840284e-01
7.096078649669208538e-01 3.637727136201198697e+00
1.309588651775521528e+00 -1.687628935199583791e-01
3.235680736447488215e+00 -2.606548704392067872e+00
3.234621315630582750e+00 2.871356739468414077e+00
5.378076319719921408e-03 -7.787828158576407533e-01
-7.655402237930173381e-01 -4.027805333951297584e+00
-2.105506071152614567e+00 -3.916669363849287766e+00
-6.621329790664614023e-01 -3.469338183690959809e+00
-4.061772060813293450e+00 7.281132627319620632e+00
3.208328767203410870e+00 -3.968361061759251296e+00
3.181157776081982913e+00 3.443035340945847622e+00
-9.627668357049089520e-01 -4.820195259361377715e+00
-3.557571094999354422e+00 -9.296354633315212501e-01
-1.691356560168104428e+00 -3.999255054291394718e+00
1.432101531024652985e+00 4.869935569901153727e+00
-1.526232290254024626e+00 -3.611926582253763396e+00
5.547118840021860287e+00 -5.121285497050434898e+00
-3.609864856786874743e+00 8.066340899158639388e+00
-2.074664547789334623e+00 -5.535305788641762259e-01
3.712288550195992354e+00 -5.419672871753644650e+00
1.347506272362934521e+00 -9.099236250507697354e-01
-1.924638258759878484e+00 -2.812620855196536596e+00
-3.033572664647091188e-01 4.983390755818916773e+00
2.778527880795350846e+00 2.528017716367175760e-01
-2.026268497464278173e+00 7.650847897891356553e+00
-4.605366496054101866e+00 1.092458516259921986e+01
-1.626879929217813214e-01 3.523823019321367100e-01
-5.782840794206674850e+00 7.493254515149430972e+00
-3.488509807793039652e+00 5.612172771390109283e+00
-9.408125916080568585e-01 5.417566507612393778e+00
-2.501922059349356520e+00 4.206384652972301907e+00
-4.287053547601290537e-01 6.602511031296467436e+00
-1.671310403778182518e+00 -1.378425403041314334e+00
1.396624571055176567e+00 8.624835003225874708e-01
1.190530942767699663e-01 -2.127159978832380283e+00
5.336106198503856923e+00 -5.241778293217510765e+00
-1.195685054080164900e+00 5.706017742998202635e+00
-8.893648889624742315e-01 4.719944367853349476e+00
1.555556905592324846e+00 2.931902780079115090e+00
1.484309074576915410e+00 1.826315345333679341e+00
-1.676821300326557518e+00 9.900879093336962811e+00
-1.838221402952857630e+00 7.152781308419914552e+00
-2.641905698417155612e+00 6.486382920736784463e+00
-1.698447542554131287e-02 -4.418845804252600651e+00
-4.365185119655777268e-01 -1.170872755073492311e+00
-5.587734156823614740e+00 5.793991153360725122e+00
8.216091059845379574e-01 2.333296767947290018e+00
-4.945565209331816980e+00 1.085326984023994790e+01
-2.871216657350088131e+00 4.948412281178681482e+00
-4.271536807640861966e+00 7.686616606546733621e+00
-8.145008757902992613e+00 7.208237768368961795e+00
2.952762955685390267e+00 -5.349644484821157953e+00
1.601840332569505199e+00 1.850076771181233148e+00
-2.019071634195247267e+00 3.528539991848857138e+00
-5.834876036028272317e+00 6.389397896133627519e+00
1.991652525969198173e+00 2.602418628947078982e+00
1.076321743523029673e+00 6.408315065515234110e+00
-1.784356784705528831e+00 5.446936260831107823e+00
-5.355842098298118081e+00 7.870814038262779810e+00
-2.067740780075380425e+00 4.510346221171366743e+00
1.056265817496211845e+00 -1.890857711255366502e-01
-8.152642155214607556e+00 8.294523676672012513e+00
8.796178453150600429e-01 -3.199543573235686528e-02
-6.520087591624148970e+00 -2.899580459149326828e+00
-2.445828914459873271e-01 -5.677830306381016712e+00
-4.123038046846670746e+00 6.933500201131363561e+00
-4.608142094758141738e+00 5.662433261227790560e+00
-8.497386310702982115e+00 7.700434877352358320e+00
-1.402043709859337239e+00 3.044418858260434568e+00
-2.780960412027983608e+00 3.763121287002879622e+00
-1.174604205942638036e+00 -5.664805108639924924e+00
-3.401973320778404752e-01 -3.960776259209167094e+00
4.674764176223417778e+00 -3.467766352886428649e+00
2.944688547373270460e+00 7.445255766066496417e-01
-1.827753382296629647e+00 -3.028243778400348418e+00
4.445871950793867794e-02 -3.423989743752909654e+00
-2.749115757382567082e+00 4.649869346561146699e+00
-7.232873468576892506e+00 8.881511376804509084e+00
-7.647728226075640318e-04 6.053472475187826163e+00
-5.089245312547502564e+00 6.514873528177019146e+00
-1.634883632191433733e+00 1.449631275805382202e+00
3.844631568594708337e+00 -4.234859312051792557e+00
-6.228836400140662199e+00 5.289073727686645299e+00
-1.118038617167766535e+00 -1.087367236512035040e+00
-3.078405588317718156e+00 9.284198359580587478e+00
1.860302300980174683e+00 -3.225270351496481336e+00
-3.530567830142419261e+00 7.454132116956385445e+00
-2.450838732399505115e+00 5.023943764856722005e+00
-4.226289068231043444e+00 7.250860995403771270e+00
-6.383202605705888821e+00 5.707343451710007898e+00
6.033543550973909930e+00 -5.996253566894068854e+00
-3.088400814688424756e+00 6.231054628936064432e+00
3.777712391895353683e+00 -9.854052991351643087e-02
-4.376735663917489028e+00 7.274660068346026520e+00
1.398691229515284018e+00 1.552763954341190189e+00
1.204428540809035608e+00 -4.802671681207391963e+00
2.997638559192919328e+00 -3.229431695059842955e+00
-1.503506574152124964e+00 -3.850825860240207454e+00
-1.773184788356422459e+00 1.074938666486969230e-01
8.218207009448841305e-02 4.204233873960470547e+00
2.987190265815748980e+00 2.147388079708760500e-01
-6.021672594698159742e+00 8.470766739197109985e+00
-3.768691211097380034e+00 8.848657011967452135e+00
-2.299874154810593652e+00 5.308743495953325287e+00
2.582820766220375486e+00 2.982165446341930704e+00
-3.742383058477729119e+00 6.945021367006853907e+00
2.976942578148278784e+00 -2.680891997924148118e+00
-4.838368643738486519e+00 7.965807993513450036e+00
2.280699110565754140e+00 1.788046395390679555e+00
1.853830729515171027e+00 -2.860947752909115405e+00
-1.111073576952086306e+00 7.461244250864761618e+00
-2.977061307484721642e+00 -3.304490264180654613e+00
-6.052737504518874267e+00 1.018332167296664892e+01
3.182523470229202456e+00 -2.015796815134979436e+00
3.995989920986989130e+00 -2.847000553509553722e+00
-3.743306407290864612e+00 -2.044997916741467137e+00
-2.592742766415919164e-01 -1.512699752484225169e+00
-6.114222771322457284e+00 1.100971822367000463e+01
-1.722691902294055888e+00 -3.608736307886580619e+00
1.070941351105284545e+00 3.556757419141147736e+00
-1.798775162504821168e+00 8.985716848428838333e+00
-1.459296847430719968e+00 -2.562565992701206330e+00
2.519431303126782318e+00 4.043259142057422650e+00
3.583686168320851184e+00 1.324615207236966796e+00
2.652706495642394025e+00 4.013482408078451691e+00
4.968900808299625105e+00 -2.466821375508260861e+00
4.872202853776083309e+00 -3.289602326208689309e+00
-2.798614702604528937e+00 -1.360424677811945093e+00
4.776612062878712983e+00 -4.378153399948318203e+00
1.425853103066033523e+00 3.707808088170868821e+00
-5.694715651852068738e+00 1.031986150790279488e+01
-5.762999265030806839e+00 8.605852272838861339e+00
-2.318109597225844198e-01 -6.939969338244669217e-01
-4.577369532507306715e+00 9.754846111089532812e+00
-3.062772028436860694e+00 8.403505169272465380e+00
-3.792878249483969899e+00 -3.384723329228111588e+00
-5.557189111216048083e+00 -2.567012432405518574e+00
-2.563063329640786314e+00 -4.995361669849924802e-01
-1.387837766683428731e+00 6.242390292848582156e+00
-7.244944994788045989e+00 8.693160020496387475e+00
3.008428490437373259e+00 4.336241150850534964e+00
2.763996093200319137e+00 1.944522195364930539e+00
-2.983151063353952082e-01 5.150703189595880360e+00
-2.705619468663556848e+00 8.443543502040638415e+00
3.620439305995166723e+00 -3.532085043114705947e+00
1.236767710602946213e+00 2.371118914687910806e+00
4.727778556489132256e-01 -1.863857546147873467e+00
1.609973888303507294e+00 6.620827534548896942e+00
-1.311838066497725386e+00 6.674461093044115501e+00
-1.161107730861627774e+00 8.259097488062732140e-01
2.873073205257731022e+00 8.306818488546122703e-01
-4.371913078873425285e+00 9.361360819671515898e+00
-2.649559602867500807e+00 -4.101264007009074675e+00
-1.817719749394870243e+00 -5.917010414495921244e-01
-2.057591707795966673e+00 6.022022218487919076e+00
3.246402868463438729e+00 4.225623523259397274e+00
8.560031245227430752e-01 5.031205320776483525e+00
-1.337263425641352033e+00 -2.005207300504953327e+00
-2.575963314556502404e+00 -3.103958720722685527e+00
-3.924708820997492964e+00 7.028504375944221394e+00
-5.248465179797691782e+00 8.400767227638375800e+00
-1.739906943185794086e+00 6.783327895097311711e+00
-5.328223193443648142e+00 7.235924522129704606e+00
4.422073387153141688e+00 -2.908021108458215043e+00
-6.039161576064468129e+00 1.062933776451744983e+01
2.341425475598791550e+00 3.198817789047488258e+00
3.783728933428251118e+00 -1.301886275204576116e+00
1.084675514242442240e+00 6.011951607896540040e+00
-4.188421652758043123e+00 -2.637149901689638920e+00
-1.669240231776053962e+00 5.627593626945989413e+00
5.506209129823737003e-01 -3.448188123543520778e-01
2.086001563001960157e+00 5.991193773732486960e+00
-4.611749208721232840e+00 6.277963823122709286e+00
1.687614964344339663e+00 1.159077309909166242e+00
-7.865112561715679185e+00 7.155882578494307644e+00
3.267662232906852204e-01 5.003826338967289011e+00
-1.975657940002100377e+00 -1.915819233161862423e+00
9.401513220290179662e-01 -2.935640067535158160e+00
2.064133440558018950e+00 -2.137547817933013850e+00
-1.132478330700553038e+00 4.062441284653816598e-01
-1.036011409615280376e+00 9.634133723522920079e+00
-5.113750080092950512e+00 9.803523072508907532e+00
3.851137716702798475e+00 -4.087044093835337399e+00
3.450845304760041365e+00 -4.162955042115503268e+00
-9.458500509406239098e-01 -5.275958933187283595e-01
-5.522607660679343944e-01 7.227684541881694180e+00
6.264997518713665281e-01 5.160664538573381144e+00
-2.749084135170491550e+00 7.063660071361693049e+00
-2.487343678616140696e+00 1.524010698812645719e-02
1.961302615802022142e+00 -1.968237208614173506e+00
3.817140905217703550e-01 4.649233151599110769e+00
-3.754817258449759887e+00 5.921994348469451275e+00
2.865456509167645827e+00 -3.036789228988220568e+00
-2.690848639877051696e+00 -4.572576257221164120e+00
2.119774885054854507e-01 -5.973207080040999983e+00
-6.482620942304295752e-01 -3.014309835989870123e+00
-1.999091846261890293e+00 -2.518888382001534421e+00
3.216008585387041929e+00 -8.319559250767804004e-01
3.519373891369170781e+00 -4.797559416641644425e+00
7.334651315619186152e-01 4.025632590589493798e-02
-6.310205141988299848e-01 4.859858828316135693e+00
3.429888910587270967e+00 -2.091919850974997441e+00
-2.726041869991723487e+00 5.984749603648242378e+00
2.157873573628029895e+00 -8.796070008210733482e-01
-8.944973945488242650e-01 -6.722878185387664018e-01
3.558698173144939414e+00 -2.579630863697866872e+00
-2.736911744645735833e+00 6.683535130040250571e+00
1.905194398949332069e+00 1.024429847811228367e+00
-1.220620966472906188e+00 -1.522053996705783785e+00
-4.349532499832696963e+00 8.375039742441048318e+00
1.008057248987624499e+00 1.428682385059049320e+00
-2.438361408738486169e+00 6.753306363922122024e+00
-1.223936876839806009e+00 -2.799658813531018087e+00
-2.631961891751597449e-01 -5.411390667423646939e+00
2.118979964298450369e+00 -4.832541765470081074e+00
1.810176706462429452e+00 -2.054056704457508431e+00
-6.244284021333440515e-01 1.205171256277208558e+00
6.771277266061193956e+00 -5.107192761095225464e+00
3.298087205576029746e+00 -5.949734961111500381e-02
7.530625603914617994e-01 1.877517635007851071e+00
2.364019141858217932e+00 -1.847562489627234461e+00
2.095225483103079489e-01 -4.311350235021222943e+00
-8.077300419219352046e-01 -3.951754010807414286e+00
2.008633737261035002e+00 5.604309652639528849e+00
-3.629241393702066221e-01 -6.077301316168333578e+00
4.726392977348105262e+00 -1.965339234622115808e-02
-5.646353211951501194e+00 8.135757652609122204e+00
2.014623012864240614e+00 -3.300608817072383516e+00
3.743016120655461298e-01 -1.293840972523950139e+00
-2.491607753532487202e+00 7.970571924609156866e+00
6.700153929418619647e-01 3.673082137959905236e+00
4.696386198337570761e+00 -3.100272646015436173e+00
-5.193984941481455841e+00 7.658383887564399473e+00
-2.226508871115397525e+00 5.867513461644707995e+00
2.142825531242234793e-01 4.466654890821773805e+00
-5.083400811212425374e+00 4.854117755147872693e+00
-6.015740693748788281e+00 5.258864388409436152e+00
-1.026820398335768179e-02 -4.815575095905879621e+00
-5.223771756630391394e+00 7.006472578396915729e+00
-5.226019548851827956e-01 -3.154177737564750839e+00
1.191280032549894008e-01 -4.239045886300170984e+00
-1.707472617724331121e+00 5.194551382815926210e+00
-3.651870341025532096e-01 3.235074077122456870e+00
4.479535966583866879e-01 -1.480109517348374926e+00
2.328014601163540254e-01 2.671288887680992818e+00
-1.045247550501191780e+00 -2.925912667780064425e+00
-8.047241239916991251e-01 2.847056696041927015e+00
-1.398752327868363565e+00 -3.848160099446206406e+00
-4.275444331102636220e+00 5.797665928211477748e+00
7.282277830380657901e-01 -2.607727928062782974e-01
-4.513295701584379316e+00 4.299756754915923018e+00
-1.301155832825303227e+00 -3.843587164971133507e+00
-2.188958344167703629e+00 4.757196510987815152e+00
1.759362501278626700e+00 -7.888397217767987302e-01
-4.890522288949045837e+00 5.967572841603133504e+00
-6.071628890285323266e+00 9.209715622916821332e+00
-5.646384359163888256e+00 6.618721475976934165e+00
-2.300654130448764878e+00 4.952730714336818885e+00
6.055348782008792563e-01 -4.061331281803268745e+00
-6.602326400993700162e+00 6.126233506840460308e+00
-3.778884028713450860e+00 5.747386092029019622e+00
-3.925409562182609502e+00 4.801656852906961426e+00
-5.261529360446785653e+00 5.027032901060327852e+00
6.947198139634485070e-01 4.806361016848768597e-01
-2.726896291247674409e+00 4.990765962293945535e+00
-2.873857339400185840e+00 4.355876169038343626e+00
1.214158610453509146e+00 3.696405528909896265e+00
-6.494594018758599319e+00 5.552769585242764094e+00
1.097990937814973922e+00 1.493779325476424447e+00
-9.217471133090599622e+00 9.182175921403088026e+00
2.869380278413490970e+00 3.265399951167609061e+00
-5.774500281813929048e-01 -6.166027880947321238e-01
-4.888270048296120329e+00 5.475776998909929638e+00
2.151329641947691496e+00 4.806204668503578081e-01
-2.143418072376509720e+00 -3.035629910792980279e+00
-2.213774448347030077e+00 -5.175247551670129731e+00
-1.417504498240889976e+00 -2.438218195425412294e+00
1.054746399565526183e+00 2.125153202851915335e+00
3.136121229113378650e+00 -5.127293450652780749e+00
-3.993297885227182320e+00 4.284477254559438286e+00
-6.283655589125628715e+00 6.090035359103768364e+00
1.963468671877397709e+00 3.468063155117406371e+00
1.011554150556842391e+00 2.589806490076048462e+00
-1.084744274135941433e+00 -5.189539047059747112e+00
-2.910247387724576029e+00 8.896908232110023462e+00
1.066538630149084677e+00 2.856437048224200304e+00
-5.712119325915138823e+00 7.258405700857880838e+00
-3.080864541644107391e+00 5.757689367001817438e+00
-6.660925875156180176e+00 8.554036108840298525e+00
-1.025354330831673710e+00 3.896202297668076575e+00
-1.274027098106270683e+00 2.000931683305947062e-01
3.505901453750815966e-01 1.861232578999916454e+00
-3.156898518494690276e+00 5.027956205561673109e+00
-6.410641315395890216e-02 3.065390095836327156e+00
-3.538737070045418598e+00 -4.008154951004307520e+00
1.197823384348945197e+00 5.497314475022467839e+00
-2.493529231068749130e+00 -4.652149520017058393e+00
3.508574473093233337e+00 3.842883414661632635e+00
-2.173484045532378950e+00 9.650278791340967999e+00
-4.674427647845361911e+00 1.150903442496576368e+01
-3.051816758741071389e+00 -3.768199792189602881e+00
1.405445681290507842e+00 5.955389343693384241e+00
2.852624852726337590e+00 -2.333367252025719374e+00
-3.373751400707313275e-01 -3.161536529533712780e+00
7.626043931067542914e-02 5.747023178315654235e+00
-2.706386983589406103e+00 2.972436219707389471e-01
5.621052968012940632e+00 -4.339680020869908006e+00
-1.495381921224006705e+00 8.102868342956400127e+00
-2.091043214349126433e+00 -5.087841516208117199e+00
-2.437131928651593782e+00 -3.278830735196196944e+00
-7.769475244086350152e-01 1.257886262529814836e+00
-1.513650291807067783e+00 6.150211358224827229e+00
-2.820826556248449357e+00 -3.343095950523218285e-01
2.437538494562459856e+00 -1.158018058624364688e+00
-2.499319103104981621e-01 7.969657324269831200e+00
-3.910856892177473121e+00 7.733606579867583264e+00
-1.756769944518806748e+00 5.697900116979394136e-01
6.759599543686796164e-01 -2.167696026041839197e+00
-5.825979744180845188e+00 7.934616875122192603e+00
2.137109753678513524e+00 -2.425035017212515243e+00
3.448344432510584756e+00 -2.713941537051845820e+00
-1.354550915850687431e+00 -4.971351436158024661e-01
1.246333575403868688e+00 -3.597870615874006361e+00
3.484195287348809789e+00 -2.413803228106403687e+00
-9.106336370051273388e-01 -3.350598975058659779e+00
-1.745130471202074318e+00 -2.099132515364056761e+00
3.271010028562214345e+00 -5.644240444914727206e+00
1.398717955167189997e+00 -3.911368257787270597e+00
-1.674859403578462080e+00 6.526627642775891580e+00
2.137341041513719730e+00 -2.216824219880025648e+00
1.864037362816939769e+00 2.237430531813163093e+00
-5.108896404486559462e+00 9.497742398184886525e+00
-1.971050588599514430e+00 -3.602170160540730137e+00
-2.399567838824064658e+00 7.064849576408540166e+00
-4.911866458399214985e-01 -6.517211556354608470e-01
3.798827169486246103e+00 -5.261180869955053296e+00
4.557416416749998866e+00 -6.035040282753597829e+00
2.286363117034173331e-01 -1.265311400398169805e+00
-7.713946449094454927e+00 9.942101295915518833e+00
1.932792522025321258e+00 3.035330051476980096e+00
-6.151034130083661289e+00 4.992124474299323822e+00
1.497277429420157846e+00 -3.170133844498459030e+00
-4.982067991374896643e+00 6.402501177435842905e+00
1.963467186996742830e+00 -2.784800435476382230e+00
-1.694438279521040869e+00 3.561697841005960985e+00
-4.562101228920286466e+00 5.132850790742657487e+00
-9.204225739118807592e-01 5.395093112678546188e-01
-2.411010671810019268e+00 -3.618330385295641882e+00
-4.027086762184945989e+00 3.621740628848663324e+00
-8.443071736269009975e-01 4.203344636657978306e+00
2.277974246489344878e+00 -5.168781045659225803e+00
1.058829282677143047e+00 -1.276951117365924704e+00
-5.388760593268588917e-01 -5.277449639202452580e+00
-3.251850520303197989e+00 6.077302866174832729e+00
-6.699281907952338022e-01 7.818959151764773630e+00
2.239477164544661836e+00 4.355608162629975411e+00
7.287603191778482259e-01 2.865193404906089203e+00
-1.080812754355503946e+00 -6.790062128887458526e-01
-2.483172415001430711e+00 3.912218190322203526e+00
-4.240459522793829983e+00 4.332377577910888178e+00
3.141821855528012186e+00 -4.701019412128947472e+00
2.830809226013677904e+00 -7.871050377691574118e-01
-8.997140012024328337e-01 8.599629584724250986e-01
2.154861355522856403e+00 2.669012223745403922e+00
-5.484910635975663862e-01 -2.199807357639486760e+00
-3.410247445691318546e+00 5.126789438794540743e+00
1.706618262098077432e+00 2.845768531605480600e+00
-2.101743356603090973e+00 7.260371464860079449e+00
3.473916533169377541e+00 -4.823746119027568224e-01
-3.335985753914105789e-01 3.102005399799993679e+00
-4.128961453482942190e+00 3.805522770393346743e+00
-6.742057550581463055e+00 5.291430494457054934e+00
3.020101869269261052e-01 -9.267899122467476714e-01
-8.710859850166716711e+00 8.226619877404461434e+00
-5.666270961518071303e+00 -3.398383148340014870e+00
-2.799365731762872400e+00 7.710051774948875725e+00
2.925219139787191835e-01 -2.523340385696650756e+00
2.529990246148286825e+00 -4.372060461547661703e+00
-7.336653522090322177e+00 7.907610521719011132e+00
-2.787007038061519726e+00 5.799696683273809050e+00
8.551639159622200781e-01 -4.308471628104896922e+00
1.058256521992857691e+00 -4.057321772605297028e+00
1.089834479115065369e+00 8.207501422594113416e-01
6.352308200476530775e-01 8.807080219111433905e-01
-2.307945370279385067e-01 -4.689650409838551859e+00
-6.919119083594504893e+00 6.480450711211592107e+00
-3.556715969088953599e+00 6.736919954781822817e+00
-2.687215319668311064e+00 4.490559477919142672e+00
-3.949182946163106944e+00 6.169899088418778099e+00
-4.048265533705572849e+00 9.391745429879899021e+00
3.753664586504489531e+00 -5.854962905601845513e+00
-6.900692522558699693e+00 5.587237465460058949e+00
2.720872079436691848e+00 -5.833687503815912834e+00
-7.598257050640881971e+00 7.254160932564448494e+00
-2.162244305258963717e+00 -1.269332875439730113e-01
-4.911314714714889895e+00 5.141766337034117562e+00
-1.675731912089283959e+00 2.875472137705979314e+00
-7.776352375822216390e-01 3.343622357132472800e+00
-2.484427657772676767e-01 -3.433213354376606574e+00
-3.946757332543879393e+00 3.260534430427736829e+00
-6.132436426424142439e+00 4.315713926977163162e+00
3.017439423428811995e+00 1.066869565907131223e+00
3.402705741348099000e+00 8.622574634756864365e-01
8.275236545226368756e-01 -3.880066965229431286e+00
-1.342790961509764125e-01 -4.153524114226619268e+00
-8.448122683055055759e+00 7.110248466094624575e+00
-3.466408898806624173e+00 9.368137429140244166e+00
4.920091285839445217e-02 2.443167462243504673e+00
2.194134918368751297e+00 -4.761071084420314570e+00
2.096531256677202748e+00 -4.526381072059400879e+00
1.152001010877103715e+00 -2.489172559822804054e+00
-3.267231109017714186e+00 3.584232243134596096e+00
-6.164032204385752500e+00 6.616796035245525509e+00
1.068177447857488582e+00 -5.092269443322076761e+00
4.673592327185582818e+00 -2.878717459600106943e-01
-1.330555223160611256e+00 3.860012045222842580e+00
-4.601882904578281419e+00 4.959401535867156596e+00
-6.925343108054733410e-01 -2.473612485326267763e+00
1.774694780024947294e+00 -5.451147464529653597e+00
1.437308114538957127e-01 2.132407175979698977e+00
-4.631617056829148815e+00 7.269681762623101839e+00
-4.191980170195527045e+00 1.040683807021598462e+01
-4.932429027745155459e+00 3.722788009850043434e+00
-8.349170474726111957e-01 2.265355033368982252e+00
-1.075786425404548607e+00 2.496751092436401365e+00
4.961182014592012135e-01 2.922921805707556775e+00
1.753181541664122545e+00 -1.066924894091431764e+00
1.805824148399798101e+00 1.284227212054067646e+00
1.739040256199936074e+00 7.503289953488493369e-01
-1.414567708759519649e+00 6.386813459665542148e+00
-4.341171352409567419e+00 3.802896097775995798e+00
-1.096818742616067155e+00 2.911875377917542362e+00
-5.433178252389404328e+00 3.887815591005208571e+00
4.165504648426589518e-01 -4.351994080962480638e+00
-4.265902626384991514e+00 4.007177657539033433e+00
3.199831046566237180e-01 2.780831797614723211e+00
-5.054136542047266367e+00 8.930923711585473157e+00
1.840481231974245402e+00 2.547855298786816380e-01
-4.856387651500496894e+00 4.038571039419025510e+00
-6.028456999774354230e-01 -2.590120533746871789e+00
2.514652133020114366e+00 -5.995184624195976753e+00
3.545604243021454050e+00 -1.800495796459167464e+00
-2.438581585745226654e+00 -1.941566372313634048e+00
-2.177718797567836373e-01 2.988106092100742739e+00
-3.365742457011802746e-01 -4.411901616365000223e+00
-3.925316085783361331e-01 -2.533787903296064847e+00
-3.811059017661032389e+00 3.524427746174729759e+00
-5.251995174202916061e+00 5.494199218803069940e+00
2.500977593092879592e-01 3.595032111614016479e+00
-1.676408011926980413e+00 -3.956060443755507472e-01
-3.200751528151365211e+00 4.119271688418712607e+00
3.994003379961049149e-01 -2.680959753146051394e+00
1.020406856836820086e+00 -8.800937814180899155e-01
1.024488609684621299e+00 -1.722643327246542899e+00
2.923515753047765564e+00 -5.745912367365879625e+00
-5.462893609210985879e+00 5.143332883924602861e+00
4.199200525299720432e+00 1.378777803511384015e+00
-4.135583916252855374e+00 5.732190361645844057e+00
4.474888333555277597e+00 -4.591539642318402947e+00
1.157739554307071872e+00 3.063389065269226386e+00
1.239444853246945311e+00 -2.972469980094783804e+00
1.483715459407762172e+00 -3.163710135946593005e-01
3.090811153267882805e+00 3.256149459959200576e-01
2.306092710780563770e+00 2.532532772100259510e+00
8.072919569679970486e-01 2.543326515252676279e-01
2.630029691399365377e-01 -3.745402954231161985e+00
-5.320331191668176807e+00 1.144060332074317365e+01
5.874968676152831470e+00 -3.289772882390122888e+00
-3.516157452447521425e+00 1.143248353285612495e+01
1.226430143579925747e-01 5.798123270298816134e-01
-5.435828436859673651e+00 7.616994032751009946e+00
1.591724343756193205e+00 1.401444036486936717e+00
-4.153837012311914378e+00 8.684600284202405263e+00
-1.100741602411314357e+00 -4.973821878271484032e+00
3.398844814957763472e+00 -4.635567664866700355e+00
-2.625361118526742921e+00 -2.109381462161165288e+00
-6.181519607034624109e+00 1.003010773023102331e+01
2.799864467338502472e+00 -4.320291485242665708e+00
2.211457665646893833e+00 1.590891187173265164e+00
-5.386085606257606795e-01 3.355736484406429465e+00
-1.818430570218081854e+00 5.726930452457576592e+00
-3.638764057738354651e+00 -2.927126639653198747e+00
-6.973430989838635963e-01 4.629353375565875561e-02
-3.968260824721943081e-01 4.501432091853538875e-01
-2.887878451117756207e+00 -1.598968937770276488e+00
-2.701818324928857873e+00 -2.819706381097981218e+00
5.819850132855619584e-01 1.391571976534719868e+00
-1.400277980974562464e+00 5.176503103163812014e+00
8.137981677979430062e-01 -2.416082251180599272e+00
4.788125402451036017e+00 -4.075808647817707353e+00
-9.984159178430995762e-02 -4.756334011052135047e+00
-1.464204550470603161e+00 -4.633774699783626549e-01
6.861702903211791549e-01 -4.301226278558337057e+00
-1.896452803618086103e+00 4.453396062272030775e+00
-1.050805620507599292e+00 3.574712901248708885e+00
4.005186195456678533e+00 1.102653962211591399e+00
-2.177086495979884795e+00 -1.869459751046021356e+00
1.550244929277157402e+00 4.299072206094118442e+00
9.406563492698051532e-02 -4.561461103756187185e+00
-2.613382164472271008e+00 -3.722033354349284284e+00
-4.388775417934433598e+00 5.125967642989722073e+00
1.183156654364114768e-01 2.828145423312986573e+00
-6.237230906297375199e+00 5.502252760673930432e+00
-1.114435679631451181e+00 -2.130712379475581564e+00
4.913307151393385697e-01 2.006176329837190853e+00
3.528837259508634805e+00 -6.247918898053309356e+00
-4.261979926414330433e-01 -5.911306442871111066e+00
-1.894103950600584785e+00 3.144943531591585906e+00
2.590358880178795342e+00 -5.359765137935928792e+00
4.328056360619637610e-01 1.506974736464339548e+00
6.886565749106740020e-01 2.344205608124446949e-01
2.974410608503893716e+00 6.522658776983485118e-02
-2.828618879058334423e-01 -2.524532624247030066e-01
-1.572176839313724983e+00 -2.923685845079161183e+00
-8.829078133152370000e+00 7.584809724182660418e+00
2.251395743418361572e+00 -5.434956701064718843e+00
1.816855061510080249e+00 1.572646585115320850e+00
-9.955958144960180833e-01 -3.122321740089356368e+00
-5.343879041861122836e+00 4.856553698743498515e+00
5.992177954802881956e-01 -2.731572683540776758e+00
1.456120469172832166e-01 -8.399306718807177941e-01
1.784896568869997813e+00 -1.651250954979232910e+00
1.894234313750090326e+00 -4.775611239920257489e+00
1.966790092902816811e+00 1.652373611755072691e+00
5.673385330931418613e-01 3.513020682050274068e+00
-4.152210354623027122e+00 9.018786415606237838e+00
2.251369662210843448e+00 -4.253372609582849684e+00
-5.623880914442201728e+00 5.157937439959972004e+00
2.260739917221119111e+00 2.975297725293372109e-01
1.393935722458698123e+00 3.922530201555363694e-01
-8.741015555572790419e+00 8.681157486829265579e+00
-2.423893696064130854e+00 6.328385801936603272e+00
-2.904091033776834863e+00 3.542791261685633408e+00
-5.204870602030098325e+00 4.003330915263074274e+00
4.851766354280063531e+00 1.789519389451882825e+00
-6.596278336113143403e+00 6.579199616442911847e+00
5.301265235196585657e+00 -4.606353878079224806e+00
-2.151051261189516062e+00 4.324323301883819859e+00
1.467852166875002196e+00 6.147233274721294327e-01
-2.175647233085392873e+00 -2.588400878241611469e+00
3.213540717200413788e+00 -4.831427842980617449e+00
5.938543520987542568e-01 -3.664390524705861463e+00
-5.211917784132308107e+00 5.704740383546844207e+00
-1.674524302176653379e+00 3.364862045777566202e+00
3.347629426114009377e-01 -5.745075808783152382e+00
7.119725630060798061e-01 2.465504117153093144e+00
2.964446137741751031e+00 -3.682720260617942110e+00
-3.262280700252067511e+00 4.441461577825095652e+00
1.104997623294140752e+00 4.810411747663676962e+00
-2.088915197360918796e-01 3.782530180137870790e+00
-4.388415339816065242e+00 6.373404852091810291e+00
-3.464113342722560329e+00 7.660662903284462644e+00
5.996405371732130618e+00 -3.634103526958273545e+00
2.104307511582205859e+00 1.983452870435123971e+00
-2.978620364648094654e+00 8.728467988263711064e+00
-1.379954783309698119e+00 -5.683139640415756588e+00
5.285963275449702792e+00 -5.417692354360241325e+00
1.618544982522909459e+00 4.667184371721420533e+00
3.008762520424210329e+00 3.661091189657634803e+00
1.092951267144653515e+00 4.498697451696854976e+00
9.723613889642919172e-01 3.426562384356200752e+00
9.881864924584052856e-01 -9.964977944508565111e-01
-3.107547726124864518e+00 6.887563504738628772e+00
-1.079911848737181046e+00 -3.305199126845527413e+00
2.606837122192890543e+00 -3.173155749360525579e+00
-4.547569643675282713e-01 -1.415616278875451384e+00
-3.905388164821781416e+00 9.151303817268537699e+00
3.153608969685887664e-01 4.311747418406848276e+00
2.528171736730892682e+00 1.061448523552508627e+00
-4.938042894559506735e-01 -2.967387419704241136e+00
-6.115940846259900532e+00 6.132379792771290639e+00
-8.029514151698330382e-01 4.899693432974245866e-01
1.059743815429182501e+00 6.249092757917836138e+00
3.758935348015534306e+00 -2.863935222262687041e+00
-9.300204244513058383e-01 -1.384840512317908168e+00
-1.960817191639113721e+00 3.362879300715085229e+00
2.792224430900914545e+00 -5.614891571258854519e+00
-7.980781616597564465e+00 9.260785443233949366e+00
1.452306220183335217e+00 -7.632154520411874588e-01
1.941116132608607936e+00 -2.488127602189666110e+00
-2.319423589105188199e+00 6.897965943494190455e+00
2.753184398759702667e-01 -4.091621661986515335e+00
-9.012836586223120505e-02 -3.383313603404032310e+00
6.160736377473550185e-01 -5.351683558999512869e+00
6.522907531677386572e-01 -4.980400643943647232e+00
1.913388613796017657e+00 -7.802174774250372757e-02
-2.421747613390361487e+00 6.471235874718006542e+00
-4.050891061307883234e+00 -3.267950666927526449e+00
2.064195918359218229e+00 1.073081920941830747e+00
1.365665289059040166e+00 -2.351513144357282759e+00
-2.008790067037806271e+00 2.865633950044228495e+00
-5.870108862550010853e-01 3.149885386591874337e+00
3.183813689337054997e-01 -3.157392793848463164e+00
-3.015813776356424114e+00 4.498506476154013889e+00
-4.896227878315817073e+00 1.017965847807327506e+01
-5.672538634012489034e+00 3.921852584845437750e+00
-4.624378706362199054e+00 3.584143405342601785e+00
1.118350475478369077e+00 -3.425597856260511165e+00
-3.669518455467256413e+00 4.470672183414630574e+00
3.791451197063307188e-02 2.710928019783370946e+00
1.620539423116549305e+00 -8.100762706530468815e-01
5.651078360274053303e-01 -4.079636792220786567e-02
1.070854587554758597e+00 -2.272048242821023134e+00
-8.403178610772971124e-01 -4.219601841141959464e-01
1.559206839064589900e+00 -4.299229377411674768e+00
-2.201805757461855695e+00 -1.029407800663387773e+00
-2.947744646959933323e+00 -5.765759031985061567e-01
-1.915614787764441163e+00 -2.555296260198089975e+00
4.112827511627571653e+00 -6.184401495771608914e+00
-3.324501714613099956e+00 3.173351641205755413e+00
1.761344400985366709e+00 -5.726119072689065170e+00
-6.625764879979832322e+00 4.989814806102673472e+00
-2.429229256946340509e+00 -4.083946827470150254e+00
-5.538007532790145682e+00 -2.760147197772699457e+00
7.064299964867962744e-01 -3.258733706537176200e+00
-5.210109227700813861e+00 -3.293561470849729389e+00
1.502955934046257047e+00 -1.906111584255723468e+00
-3.180775000681829390e+00 -4.059105906166704969e+00
-6.155433683908723808e+00 7.026409675924699449e+00
-5.881213072938729525e+00 9.489399694564436771e+00
2.391159033587833882e+00 -4.460399591645598072e+00
-3.357537596120046430e+00 4.096155977652065516e+00
-6.395539941950024954e+00 7.829196633824116347e+00
-7.715263984252042073e-01 -4.590663577126049333e+00
-2.303655045310168958e+00 3.625334620598498425e+00
-3.540357561339404047e+00 3.837132835442701229e+00
1.698957068900118772e+00 2.575507835186782390e+00
1.555654864565570561e+00 7.720527808824502181e-01
-4.725501490718717612e+00 5.403182576802018744e+00
-1.301316036710532809e-01 1.080791101300291768e+00
1.686296471864572988e+00 1.650272542515367036e+00
8.607572681247257496e-01 3.239156482917840307e+00
1.311195636107946871e-01 -4.951209901463268004e+00
-1.827714460975795374e+00 5.141507023504156670e+00
-2.546047680149120307e+00 5.105163484148122599e+00
5.127708482353066977e+00 -2.085829849932979041e+00
-9.266441022747273770e-01 -1.880635281896111177e+00
4.584659995958173084e+00 1.509408776196858204e+00
-2.193524616522403825e+00 -3.607451483296127748e+00
4.856265292112481369e+00 -2.881795534299473882e+00
-1.641108610686721758e-01 4.305746518266100331e+00
5.139890942241838179e-01 -3.794666249944210534e+00
7.025379765897066253e-01 -1.676218056215574403e+00
5.557664748713063707e-01 4.051401287609164292e+00
-1.152694493499279549e+00 8.752132502689011773e+00
-3.662228785915763840e+00 -3.231212018008019271e+00
-3.253655818238780029e+00 7.373184708058000858e+00
-7.969011586929490853e-01 6.714777600289930648e-01
-3.689866416449034237e+00 1.089855577099430484e+01
4.395431194471616010e+00 1.694964050642325581e+00
5.362349414707618500e+00 1.211163959806801582e+00
4.119944958901371912e+00 -2.512148673720500103e+00
-6.041196866402898102e+00 6.859283613664742596e+00
3.774981774093475018e+00 5.731389755993893803e-02
8.645018299168528708e-01 6.094994416573728202e+00
6.717581699518460958e+00 -4.249775152455877780e+00
3.734675366745239700e+00 -2.518768169534325363e+00
9.063252182595552542e-01 6.038694929670478384e-01
-4.116510060844614571e+00 9.172681110043718888e+00
-1.072892394305518637e+00 2.968896377367570283e-01
3.197217301008959733e+00 -4.194576919879096977e+00
4.618460798462677097e+00 -3.978867347851150704e+00
-6.397462964629555549e-01 7.052343782158636110e+00
3.582747173150839237e-01 7.713671489359233746e+00
-1.107022659662083575e+00 -3.547433081780198005e+00
-7.581521829710216043e-01 8.929994783800385250e+00
6.267122851136541328e+00 -4.247096363589506929e+00
1.859239879207618684e-01 4.219881328291684497e+00
-4.600169489189103178e-01 4.982324416663541200e+00
1.720135062781753266e-01 -4.167088553887245313e-03
-6.963704860842604427e-01 -1.564216031117383388e+00
-5.793827688003682752e+00 -3.168562073176974359e+00
-3.522355612900125443e+00 -3.543433928187079474e+00
3.971805589412464865e+00 2.795421922077740540e+00
-2.704755904908355824e+00 6.124718024998815125e+00
-9.532599011101505759e-01 -5.004515040337668808e+00
3.591375979366254745e-01 -2.075800467800366089e+00
2.884632062317558976e+00 2.827391195837796634e+00
4.057374643272076753e+00 1.726484321802530308e+00
4.567918504725591688e+00 -2.801700599863444996e+00
-7.524450813954298711e-01 -5.147642926176748901e+00
2.640927322836373659e+00 -2.534750526004463378e+00
-3.732892082592401128e-01 1.426367937534249064e+00
2.588516083497537590e+00 3.296829033370245465e+00
-3.321842153368788630e-01 5.780236345730048519e+00
3.862278027931853153e+00 -2.093534422692670649e+00
3.229796483461653267e+00 4.372504372899468805e+00
3.895947098328440550e+00 -2.356170986683495450e+00
5.476827133697092620e+00 -2.399110579572082624e+00
-4.059391841974015480e-01 5.528436669903656231e+00
7.780131969508421452e-01 -8.146967589364847440e-01
-6.245717352036787240e+00 7.951059740155258737e+00
-3.503946496171468361e+00 -2.375175778663765502e+00
-4.248894880968454024e-01 2.744355912571651235e+00
-1.078048028070320630e+00 7.719007401540437741e+00
2.662805602280505113e+00 -2.320046238834593044e+00
-6.250949146043655036e-02 8.376895153054184640e-01
5.056552143378618247e+00 -4.716110678991240590e+00
5.501944913641677815e+00 -4.466495754244884431e+00
2.060315276469693924e+00 4.176325314800353183e+00
-3.124172014350888649e+00 -1.865043004963003126e+00
-1.493466303029569842e+00 1.156509997339143059e+00
6.079581638328599880e+00 -3.348101986603590152e+00
2.028955819758577750e+00 4.700067859405503867e+00
-7.385827881357373670e+00 8.146640765337261669e+00
4.632300867157502111e+00 -2.617006537759398732e+00
-2.698566669130884499e+00 8.971822905861012387e+00
2.184888455357510750e+00 -1.081832358834949659e+00
2.222360452728277203e+00 3.490468707073660859e+00
-1.147845642204249339e+00 -1.892167358244011721e+00
2.103654829690106531e+00 2.230958256079954016e-01
-1.274185678085830942e+00 1.038957057516631366e+00
-9.883559656324919507e-01 -2.578338320177756549e-01
-3.088669929688681592e-01 -2.882504441015679486e+00
-6.505260281652117449e+00 7.391173125996597371e+00
1.689949406970847612e+00 3.264532991989563371e+00
-2.625474500196018024e+00 7.385397737133389540e-02
2.796471061322710394e+00 3.038161025281295391e+00
-9.476918942402982882e-02 2.027239469637620140e+00
4.450864462578803527e-01 -2.383592723301395377e+00
-5.461684970521150539e+00 9.205495620535268486e+00
-5.047662529945705856e+00 8.396102363591937845e+00
2.917673593630333073e+00 2.141889745425808123e+00
-1.582673442717138057e+00 5.030300824127438730e+00
-3.268720955684274010e+00 -1.640949086642082833e+00
-2.909713437702146521e+00 -3.663486218910494419e+00
4.617179962617609656e-01 -4.862839861464260061e+00
-5.342291513712333462e+00 1.022643656450518534e+01
-2.941727652870375298e+00 -3.443038479916438632e+00
-2.384033082958087135e+00 7.320020901620622134e+00
-3.335125972466018052e+00 1.001256822794224277e+01
-5.941692573427431512e+00 1.011230597597962522e+01
5.331294995796399760e+00 -3.046115151180827763e+00
1.372379956707918014e+00 5.145442110925389834e+00
-8.530684450331758484e+00 9.534455520078255475e+00
5.846671357672585501e+00 -3.718338757712165599e+00
-4.997192386448825907e+00 8.245743140923526227e+00
5.670254616326368957e-01 -2.556374395754276385e+00
3.115002872268222145e+00 1.493558808469063193e+00
4.959217005605239814e-01 5.121034882632992113e-01
-1.745801934693354263e-02 -2.631371528030217455e-01
-5.472221779485701987e+00 -3.220184437951521428e+00
2.086644982783908642e+00 1.646020119525692271e+00
4.313292487733916047e+00 -4.197324637704728523e-01
-1.654512834811672217e+00 -8.170512179767692729e-01
-3.764657355291296525e-01 -7.119215099963630555e-01
3.093850982698547192e+00 -1.062981258157726705e+00
-2.532703558348051942e+00 9.794501873160857741e+00
1.451691927834716456e+00 4.541873282087088626e+00
5.844686356729236643e+00 -4.349436550470437979e+00
-1.092774231842339239e+00 -9.327147915670631617e-01
4.015986827915694057e+00 -4.952628559418843501e+00
2.047932246255410593e+00 3.591284158429376205e+00
1.045324429553027512e+00 -4.656023309539748523e-01
-7.840227874639386085e-01 -4.289041874206262150e+00
3.144107917681473907e+00 -2.449132761277752035e+00
5.837322960786899273e+00 -4.632268247903897240e+00
-1.477205721816933659e+00 9.011801365084334492e+00
9.634848070038543044e-01 2.969492555987601534e+00
-1.378513091964233439e+00 -4.930154728339544157e+00
-2.060689042953574024e+00 -4.260233161276723024e+00
-2.498382637151618901e+00 8.984120058787514296e+00
-7.278521156814025339e+00 1.038505726992651113e+01
4.535143486424865755e-01 -3.228016612260425244e+00
4.998409966193608334e+00 -5.229377700801146389e+00
6.634016192410430168e-01 -5.819259570217231170e-01
1.867170266033557846e+00 -4.966880881637345979e+00
-2.507416205046970603e+00 6.955876196667668765e+00
2.383380386654982974e+00 8.034622476654369461e-01
2.279646365874659963e+00 -2.475461369762265829e+00
-2.365694198563343953e+00 9.629427596718677096e-01
-8.629222210510476554e-01 1.136846212547462098e-01
-4.848275380475094987e-01 -2.652892942877457805e-01
-4.044408453196243203e-01 1.232559894826363189e+00
-1.800377078257215102e-01 3.973829093808773028e+00
-5.015445120812564994e+00 7.326054407344444463e+00
3.404491898234312419e+00 2.960478007365038078e+00
-2.356000577727087375e+00 -5.185847771061694367e+00
1.645697058499916654e+00 4.459168842398870680e+00
2.480439655825380729e+00 3.079893245051160910e+00
-2.117857517834440262e-01 9.877183032024520193e-01
2.938032528695798895e+00 4.502758685877446432e+00
-3.797596788752470587e-02 1.331926874933183624e-01
-2.160608543194323161e+00 6.511631804878618368e+00
-1.698324469011938342e+00 8.241622848517698330e+00
1.200767103580151485e+00 8.675743890391249824e-01
1.590037185973952383e+00 3.235204156727814251e+00
1.097801546616897078e-01 9.488736490664644307e-01
4.082708116863600800e+00 2.022425061202565377e+00
-1.793694611032881525e+00 6.094816617241499479e+00
-1.236816472155677582e+00 -3.725378756835944660e+00
5.993305791071307453e+00 -3.966660146380251106e+00
-2.637794802076178780e-01 -2.051952875839783363e+00
5.334401830363211250e-01 4.466021605556517726e-01
-1.776720290520802104e-01 -4.014324408834087365e-01
-2.280537907303268774e+00 -2.425557244867967643e+00
2.232397355696973840e+00 2.826527907192707634e+00
2.712021038646053483e+00 -4.566549015202705952e+00
-1.075135726223282739e-01 4.254400154756287078e-01
2.717481677109654381e+00 -3.475970938561341761e+00
4.181677482616202646e+00 -3.204919747857530865e+00
2.581834553191322268e+00 -1.810803125456535101e+00
8.878759933822308881e-01 5.974085681393044744e+00
-3.620735863029008961e+00 -2.254180852081503872e+00
2.442586014177519527e+00 1.214235851255588729e-02
2.760015644537717083e+00 3.706401898148003582e+00
2.898432100996204852e+00 -2.872672787216440149e+00
6.406224466989144384e-01 4.998268435634053652e+00
-7.892940944383409985e+00 8.215379199034492430e+00
3.276576319735955423e+00 1.352572673258382707e+00
2.561241823912681514e+00 3.170649237061392789e+00
-9.503088655201770152e-01 6.318325182812178475e+00
2.322563347123688615e+00 2.171161456327695305e+00
-2.343656290001279174e+00 -2.816579736566384273e+00
2.354432454360547933e+00 2.771597887073871558e+00
-6.747085602677156402e-01 5.387655706210837891e+00
2.902317814859202816e+00 2.334061321779619558e+00
-6.869939775309410024e+00 8.003836957747321179e+00
-5.390771105352090586e+00 8.402163956826575131e+00
-1.463497827351463387e+00 7.043887164251201760e+00
4.059747189341692541e-01 -5.472191726225514863e+00
6.012100768839606424e+00 -4.188886377862623078e+00
-3.081197118060910789e+00 -8.450749058805119285e-01
-4.214290975998174815e+00 1.002056182338448842e+01
-4.686589213308012702e+00 7.452643332159522238e+00
7.435117812299848472e-01 4.077832406899350559e+00
-1.140448484672247353e-01 -1.747189138888481263e+00
-1.161268233018091234e+00 6.333888559958198883e+00
4.977584311240739745e-01 2.571445711498953735e+00
2.134274262171969028e+00 8.085649009530696540e-01
2.242021173295134062e+00 4.652349251647791561e+00
6.825650259133717590e+00 -5.417252681015804150e+00
-3.154762833986157311e+00 7.558554499627598844e+00
-1.468014779352727617e+00 4.408892907935473282e+00
6.743801761480555657e-01 3.812897469196284472e+00
1.836283616748895398e+00 6.532231761924659486e-01
3.763800155477710963e+00 2.300155786628805821e+00
4.543017617121691387e+00 -3.181245315919443595e+00
-2.327639446094826869e+00 -2.261461958341863365e+00
9.602301616398201123e-01 -1.001835885429290390e-01
5.176052867894979315e+00 -5.077994037820361406e+00
4.790109737776502286e+00 -2.529855158238602630e+00
-6.352141955193178369e+00 7.175598594111201045e+00
-1.278614537242323879e+00 -2.953264675157551977e+00
-1.705385311096481171e+00 -4.919007946317894842e+00
7.466208407248640100e-01 2.060385054398213622e+00
-6.094272483764673787e+00 7.252008627339169067e+00
-3.165736201896005575e+00 7.758593694135497820e+00
3.465766814940990148e+00 -6.964555469001157406e-02
4.579890218565692450e+00 -5.677787923627909628e+00
-3.525082741915269047e+00 -2.814655045014635260e+00
2.504907118723873616e-01 3.246029754111027454e+00
-2.164044049198077246e+00 -3.452997752751804761e+00
-2.518175549834782867e+00 3.671261565951382533e-01
-2.228290356046738196e+00 -4.906039045702787149e+00
-3.895432380125910310e+00 -5.168180078563104907e+00
-2.890026507134873857e+00 5.150585702257498788e+00
1.182325207844728165e+00 2.748091178213025287e+00
4.496838389629875365e+00 -1.623668785183146834e+00
2.057516810732602064e+00 -4.352133603450701216e+00
3.946652603856010827e-02 -3.776729951528983609e+00
-3.471663024778179896e+00 -1.347236516938952411e+00
-9.031804563982929190e-01 -4.346441842229806340e+00
6.852205636202884920e-01 4.324802123719059033e+00
-2.708757002684386794e+00 -4.809818997337746538e+00
2.273236238862136549e+00 -2.237483716799272548e-01
-2.508685342930865758e+00 6.029888679667614326e+00
1.531593618209752261e+00 3.554330638859159563e+00
2.706226582719591711e+00 3.137151496602686773e+00
-8.363422487859737409e-01 3.093929711892384748e-01
-1.999415330109904021e+00 2.398246115313959481e-01
3.341811552188181933e-01 4.517579552223846662e+00
3.506223257513692904e+00 -3.070240428576230585e+00
4.064949790915003192e+00 -5.209307687016925925e+00
1.777437746647456907e+00 3.406643922650759659e+00
-1.948893303136746358e+00 6.704295413397129089e+00
4.625202049010571415e+00 1.774980772312119814e+00
1.960686735441350192e+00 4.029102903170917571e+00
1.644199242324266619e+00 -1.109201365339560930e+00
1.510656782944626852e-01 -1.098287830605237492e+00
-1.116565457275833007e+00 4.797331862096084087e+00
-2.240633423329080609e-01 1.861611302323716854e-01
2.830783368040943326e+00 2.261101646775912410e+00
-9.504221915904299822e-02 -4.637793990069595529e-02
-4.505754966631670300e+00 4.772794667311480055e+00
-6.433659107246542774e+00 -2.556590572162670494e+00
5.219324582078304076e+00 -3.777872355798860493e+00
3.116481578930251573e+00 -1.493772884190451844e+00
-8.570377518541381079e-01 3.998534098476684395e+00
-1.383132747847303667e+00 4.496697531119482338e-01
1.783890880080335750e-01 5.203271917055243279e+00
-4.187287305306528040e+00 7.981843305708343550e+00
-2.357947976739509510e+00 -4.502877878758965724e-01
5.590106745021877543e+00 -3.650672008041818906e+00
6.467701752606619614e+00 -5.696847144637561478e+00
1.329066963431336790e+00 4.383857556090689833e+00
-2.224131236548318125e+00 3.443789430586884914e-01
-1.861445689749238186e+00 1.150659179946765809e+00
5.173408778686151344e+00 -3.153336477275889393e+00
-1.878764557473839636e+00 -3.689661835337302520e+00
8.535783614494852900e-01 3.898440145541281598e+00
2.075002757645692864e+00 2.366538183568831943e+00
-1.517118562847913132e+00 6.869657604634025638e+00
2.279293115528542746e+00 2.270504778239673893e+00
1.366497070237238542e+00 5.795946117368384165e+00
-2.069268870387093173e+00 -3.014823485288740668e-01
1.241349881715290371e+00 -3.308025371604291998e+00
-2.126427181991193294e+00 -5.441414554291926997e+00
5.708013957338875510e-02 -6.413972921080377532e-01
-4.542868781887575480e+00 6.936517085857187404e+00
-7.768372155994512696e+00 8.848619290192520026e+00
1.699307981126379152e+00 -4.114065086801151239e+00
1.789168431809100124e+00 2.491811359178698115e+00
2.764920958829018005e+00 1.663572997301303369e+00
1.048860084004702653e+00 2.385850658373290134e+00
1.431050268258125868e+00 -5.588357859960864094e-01
-3.132547306381240126e+00 -1.531377288291045691e+00
-2.105779656701319613e+00 5.325511621747202717e+00
1.369084177810975467e+00 2.790013818561223768e+00
5.305472022828863210e+00 -2.792583240900281538e+00
-3.174524521988171255e+00 -5.499174330665160149e+00
1.324176585522036209e+00 -4.484460849148258710e+00
7.288671722500836836e-01 3.406653048424273411e+00
-9.615290934463028849e-01 -1.498779733229894884e+00
6.792055603441055078e-01 2.278440948986333314e+00
2.916494250770471641e+00 -3.397754900648853216e+00
3.837376608268304512e+00 1.836670419304863744e+00
-2.538014877769450894e+00 1.156052390228754945e+00
-7.576944460497951894e-01 5.010020713517612911e+00
1.696971776119216679e+00 -1.404691343240371149e+00
-5.325682191653877240e+00 5.318742265425163929e+00
-1.096862713734829686e+00 -2.420527633050139737e+00
4.950446918278912811e+00 -4.012966180190815635e+00
1.045528508853223126e+00 -2.512359661816510936e+00
1.940120658517397456e-01 5.763324028334044336e+00
9.120574591353899363e-01 2.794756745038899481e+00
-8.706132622671617360e-01 -3.022685484838207315e-01
1.985703088217146028e+00 3.303625825600807087e+00
-7.633827815879803413e-01 -1.339868132978652815e+00
1.715699445774976573e+00 4.177209281287470155e+00
2.768287276462653157e+00 -5.812765599905963532e-01
-3.077763849179393496e+00 1.030095112545435754e+01
-9.472567280103877385e-01 -3.000585625649781374e+00
-2.210190424106063922e+00 -4.662407147888148806e+00
4.850649430296821940e+00 -4.732025563233480447e+00
-2.218933457129929288e+00 -8.473086564960533584e-01
4.036330691081251310e+00 -5.690118285167078405e+00
-7.869767448492914763e-01 -4.880127809424757324e+00
-2.003616937394572459e-02 4.290939508760254206e+00
-6.274557635442508108e+00 8.314251007417741590e+00
1.244885654374947137e+00 -1.218858638143012874e+00
5.675734822926282064e+00 -5.204024636511555890e+00
2.445199681726968777e+00 1.858342820846956789e+00
-6.230179650162471994e+00 -3.215734648110670779e+00
-1.436125966349642180e+00 -1.415862702868313727e+00
6.162079935999805747e-01 -1.338025989678015559e-01
6.085946200894837288e-01 5.305006195602417485e+00
2.550125633281875359e+00 -3.533024985818775665e+00
-1.908019084595393711e+00 -4.006660714013135838e+00
-8.379974763663203818e-01 1.085336885416307240e+00
1.656356899573125041e+00 -2.184991973424555756e+00
5.763219862330364318e-01 -7.282281014040792311e-01
-4.829276834196243873e-01 -4.023537540420639935e+00
4.344210423731145632e+00 -3.220570876814939698e+00
3.399557607640250279e+00 -3.798475779449922651e+00
2.751812037019936708e-01 2.038524223072892827e-01
6.562831560814903931e+00 -4.121993462960349852e+00
4.800562263516865436e+00 -5.463501483427346983e+00
-4.954726865463033453e-02 4.047724986915041789e+00
-3.670966432963399750e+00 6.572371860170935776e+00
-3.695488974483119304e-01 -4.166512086290902417e+00
1.627832407025938677e+00 3.824474692610243309e+00
3.591403887798319872e+00 3.669664793739222386e+00
-9.213335686043193640e-01 -1.379262272929482336e-01
-6.825846371771558951e-01 2.391975689795752480e+00
-1.844798652445287734e+00 -3.843607764760989198e+00
-5.198547546069100633e+00 6.029402458890096739e+00
-5.793743483065966871e+00 -2.172373302751632540e+00
2.365625733362652472e+00 2.946702567879019519e+00
2.276018872423263506e+00 -1.583999749116594025e+00
-3.322488341378192711e+00 5.411373859380639750e+00
-1.842560352286404468e+00 -3.407103723466882172e+00
-2.357592139599637093e+00 -5.614149497920465137e+00
4.874961502005858094e+00 2.461115862253738573e+00
1.869037793556319382e+00 -1.334900990176820734e+00
3.085785477992915915e+00 3.134199866258394085e+00
2.921408714427670694e-01 1.076293096940164284e+00
-2.198872377469736961e+00 -2.718092148537761266e-01
2.538545709926460781e+00 -1.623129638318978163e+00
6.492818311344097815e+00 -5.388294115686652397e+00
-3.643200080197216195e+00 5.769965072569874565e+00
-3.486796276278720352e+00 -4.502443034216008222e+00
2.404435125924842875e+00 1.969563854705386641e+00
3.254589752798420221e+00 -2.134091632524735882e+00
-2.719358807425658053e+00 8.220996015514428379e+00
