8.613371849060058594e-02,-6.030602380633354187e-02
-1.552866846323013306e-01,3.313026130199432373e-01
8.457665890455245972e-02,-5.062247514724731445e-01
2.605576068162918091e-02,3.516841530799865723e-01
9.843824058771133423e-02,-5.094806551933288574e-01
-1.365854777395725250e-02,1.981816887855529785e-01
-7.692922838032245636e-03,-2.772776484489440918e-01
-1.021033991128206253e-02,-2.313504666090011597e-01
-3.262790292501449585e-02,-2.219600975513458252e-01
1.554521620273590088e-01,-4.947642982006072998e-01
7.947468012571334839e-02,-3.847657442092895508e-01
6.814759224653244019e-02,2.274397909641265869e-01
-1.205920577049255371e-01,2.283631563186645508e-01
-1.543467193841934204e-01,2.010009735822677612e-01
1.032591313123703003e-01,-4.538520872592926025e-01
1.583549529314041138e-01,1.156073361635208130e-01
4.327652975916862488e-02,-4.306073784828186035e-01
1.181294694542884827e-01,-4.568261206150054932e-01
1.477908045053482056e-01,-4.907290339469909668e-01
-1.110752001404762268e-01,7.074240595102310181e-03
1.710222102701663971e-02,-1.868271827697753906e-01
-4.417952522635459900e-02,1.915330886840820312e-01
-3.397151827812194824e-02,-3.060108982026576996e-02
-1.605032384395599365e-02,2.095304727554321289e-01
-9.282820671796798706e-02,3.207091689109802246e-01
3.912011906504631042e-02,3.959749341011047363e-01
1.476266235113143921e-01,-3.540967404842376709e-01
-3.003524802625179291e-02,1.810741275548934937e-01
4.497917369008064270e-02,2.875084877014160156e-01
5.350770801305770874e-02,-4.387235641479492188e-01
8.400478959083557129e-02,-4.580423831939697266e-01
-5.895120091736316681e-03,-3.674765527248382568e-01
8.490733802318572998e-02,-2.357370257377624512e-01
4.764251410961151123e-03,-3.311066627502441406e-01
-1.868225038051605225e-01,1.993000507354736328e-01
1.694291979074478149e-01,-5.271465778350830078e-01
9.626337885856628418e-02,-5.135346055030822754e-01
-1.668103970587253571e-02,-2.361711114645004272e-01
2.659783326089382172e-02,3.614018857479095459e-01
9.461211413145065308e-02,-3.051378726959228516e-01
9.409493952989578247e-02,-4.384147822856903076e-01
-1.717693656682968140e-01,2.091830968856811523e-01
-2.656745612621307373e-01,1.698172986507415771e-01
9.492450393736362457e-03,1.892781555652618408e-01
8.651234209537506104e-02,-5.086647272109985352e-01
-2.156299054622650146e-01,3.077476322650909424e-01
9.667497128248214722e-03,-3.424889445304870605e-01
1.027059629559516907e-01,-3.850671350955963135e-01
-7.921332120895385742e-02,6.447429209947586060e-02
1.345288753509521484e-01,-4.305793344974517822e-01
-1.796125918626785278e-01,1.844574660062789917e-01
2.027052268385887146e-02,3.479754328727722168e-01
3.563544899225234985e-02,-2.551897466182708740e-01
1.246259808540344238e-01,2.789757251739501953e-01
1.667471975088119507e-01,-3.980320096015930176e-01
9.708488732576370239e-02,-3.622471988201141357e-01
4.759259894490242004e-02,-3.433731198310852051e-01
-1.801381707191467285e-01,2.789849936962127686e-01
1.541156470775604248e-01,-4.888867139816284180e-01
-1.872991323471069336e-01,2.761378586292266846e-01
1.543303877115249634e-01,-4.926142096519470215e-01
-2.416502237319946289e-01,2.829170823097229004e-01
-1.916807144880294800e-01,2.742249071598052979e-01
-1.862998157739639282e-01,2.739811837673187256e-01
8.265300840139389038e-02,-6.832774728536605835e-02
-2.888231165707111359e-02,-2.525369822978973389e-01
3.939697518944740295e-02,-4.388830065727233887e-02
-1.896899491548538208e-01,1.911906599998474121e-01
4.255874082446098328e-03,1.818556934595108032e-01
1.016499325633049011e-01,-7.845926284790039062e-02
1.593695953488349915e-02,-1.867250502109527588e-01
1.020124182105064392e-01,-2.425226569175720215e-01
5.599036440253257751e-02,3.652031421661376953e-01
9.757088869810104370e-02,-3.918990194797515869e-01
5.984923988580703735e-02,4.070833325386047363e-01
5.792143568396568298e-02,4.051163196563720703e-01
3.579776361584663391e-02,-4.300644099712371826e-01
1.787365972995758057e-01,-4.272198379039764404e-01
1.565133184194564819e-01,-3.606497943401336670e-01
-2.101100087165832520e-01,2.328647822141647339e-01
-7.107984274625778198e-02,1.585174351930618286e-01
-7.328359037637710571e-02,1.705940663814544678e-01
4.369419068098068237e-02,3.104895353317260742e-01
1.514643132686614990e-01,-2.842050194740295410e-01
3.133122995495796204e-02,-7.195257395505905151e-02
8.765635639429092407e-02,-7.544085383415222168e-02
5.276898667216300964e-02,-3.516847789287567139e-01
6.799285113811492920e-02,-1.345330178737640381e-01
1.539154499769210815e-01,-4.970611333847045898e-01
1.122834905982017517e-01,-1.132646501064300537e-01
-8.378082513809204102e-02,1.437157392501831055e-01
1.444733589887619019e-01,-4.296908974647521973e-01
5.794247612357139587e-02,1.078213006258010864e-01
7.563829421997070312e-02,-1.176387220621109009e-01
8.805632591247558594e-02,-9.341265261173248291e-02
-1.126742064952850342e-01,2.633224129676818848e-01
-1.023332253098487854e-01,3.297721445560455322e-01
-2.097743898630142212e-01,1.980037689208984375e-01
1.424380838871002197e-01,-3.893323242664337158e-01
7.748852670192718506e-02,-4.919901490211486816e-01
-2.067958563566207886e-01,3.184745013713836670e-01
1.693198382854461670e-01,-5.279955267906188965e-01
-1.817731857299804688e-01,3.332280516624450684e-01
-1.493447422981262207e-01,3.440719246864318848e-01
1.904029250144958496e-01,-3.718840777873992920e-01
5.674354732036590576e-02,-1.492674946784973145e-01
1.845872998237609863e-01,-4.703094661235809326e-01
8.800977468490600586e-02,-1.598366349935531616e-01
8.352162688970565796e-02,-4.366549551486968994e-01
-1.329979747533798218e-01,2.835027575492858887e-01
-2.254771143198013306e-01,2.077956646680831909e-01
1.700283288955688477e-01,-5.118808150291442871e-01
3.726280108094215393e-02,-3.272702917456626892e-02
7.614942640066146851e-02,-4.258868992328643799e-01
-9.008283913135528564e-02,9.307078272104263306e-02
1.035441383719444275e-01,-6.934048235416412354e-02
1.525564044713973999e-01,-4.412162303924560547e-01
6.206929683685302734e-02,4.033650159835815430e-01
-5.360646247863769531e-01,5.352657437324523926e-01
-8.230698853731155396e-02,2.682503759860992432e-01
-1.341126486659049988e-02,-2.891759574413299561e-01
1.159901171922683716e-02,-2.328374385833740234e-01
1.905823498964309692e-01,-4.163199365139007568e-01
1.465554833412170410e-01,-3.498421013355255127e-01
1.819978058338165283e-01,-3.973900675773620605e-01
1.569498926401138306e-01,-4.253094494342803955e-01
1.601634770631790161e-01,-2.963316738605499268e-01
-2.205631732940673828e-01,3.114147484302520752e-01
4.028570279479026794e-02,-2.818474471569061279e-01
-1.722468882799148560e-01,3.015263974666595459e-01
2.812221646308898926e-02,-2.791735231876373291e-01
1.584533005952835083e-01,-4.391709268093109131e-01
6.467354297637939453e-02,3.853576779365539551e-01
1.509893387556076050e-01,-5.117439031600952148e-01
-1.201033070683479309e-01,2.816911041736602783e-01
5.760364234447479248e-02,3.545258641242980957e-01
1.844709962606430054e-01,-4.448963403701782227e-01
1.107237339019775391e-01,-4.987643361091613770e-01
2.998915687203407288e-02,-3.501812815666198730e-01
-1.583704650402069092e-01,2.827998697757720947e-01
1.891528218984603882e-01,-3.533737063407897949e-01
7.101343572139739990e-02,4.288163781166076660e-01
-1.844870448112487793e-01,2.492972910404205322e-01
-7.287131994962692261e-02,2.852711081504821777e-01
-2.456923872232437134e-01,2.910436689853668213e-01
1.051139831542968750e-01,-4.281990528106689453e-01
-1.004129946231842041e-01,2.858267426490783691e-01
4.962734505534172058e-02,-6.616039574146270752e-02
-4.367358610033988953e-02,1.514233499765396118e-01
-5.872033163905143738e-02,2.943711578845977783e-01
1.367702484130859375e-01,-1.705575436353683472e-01
-3.477187827229499817e-02,1.548605710268020630e-01
1.480797212570905685e-02,3.638292551040649414e-01
-1.660785824060440063e-01,3.164511919021606445e-01
6.095531955361366272e-02,4.068492054939270020e-01
-1.069682091474533081e-01,1.783628016710281372e-01
7.259835302829742432e-02,5.028481036424636841e-02
9.741532057523727417e-02,-1.404863744974136353e-01
2.333666197955608368e-02,3.894101977348327637e-01
1.838756203651428223e-01,-3.249142765998840332e-01
6.972158700227737427e-02,3.392255008220672607e-01
-3.434497117996215820e-02,2.464680224657058716e-01
-9.855590015649795532e-02,2.132169157266616821e-01
6.209122017025947571e-02,4.058078825473785400e-01
-5.268986895680427551e-02,-6.536071002483367920e-02
1.387307494878768921e-01,-8.987618237733840942e-02
-1.393769383430480957e-01,2.440013587474822998e-01
7.878361642360687256e-02,1.016953028738498688e-02
1.611529141664505005e-01,-3.791807591915130615e-01
-2.097930312156677246e-01,3.062518835067749023e-01
-1.606183499097824097e-01,3.396491408348083496e-01
1.693453043699264526e-01,-3.352559506893157959e-01
8.735359460115432739e-02,-1.777875870466232300e-01
-5.539314448833465576e-02,2.319649904966354370e-01
-5.702523514628410339e-03,2.607213258743286133e-01
-8.875396847724914551e-02,1.549519691616296768e-02
4.188128560781478882e-02,-6.905947625637054443e-02
8.763407170772552490e-02,-2.288112342357635498e-01
-1.227995678782463074e-01,2.676389217376708984e-01
8.563412725925445557e-02,-4.982038140296936035e-01
5.594528466463088989e-02,-1.819585263729095459e-01
-6.181890144944190979e-02,2.637472450733184814e-01
1.687205731868743896e-01,-3.572517931461334229e-01
-1.521852016448974609e-01,3.283694386482238770e-01
-5.954371392726898193e-02,3.789808452129364014e-01
1.796126947738230228e-03,9.225288033485412598e-02
1.210269778966903687e-01,-5.014176964759826660e-01
-3.203795850276947021e-02,2.643127739429473877e-01
1.821523308753967285e-01,9.037566184997558594e-02
-7.500720024108886719e-02,1.584663242101669312e-01
8.329634368419647217e-02,-5.065206289291381836e-01
1.775539852678775787e-02,-1.190334856510162354e-01
6.744068115949630737e-02,3.151066303253173828e-01
-1.345313619822263718e-02,3.426442146301269531e-01
-2.100808918476104736e-01,2.903677225112915039e-01
6.204183027148246765e-02,-2.399485111236572266e-01
5.074001103639602661e-02,-4.342448413372039795e-01
-1.842311471700668335e-01,2.341144382953643799e-01
4.884394258260726929e-02,1.709034442901611328e-01
-6.854618340730667114e-02,1.041606590151786804e-01
-4.088562726974487305e-02,2.545877359807491302e-02
1.194530352950096130e-02,-2.189119458198547363e-01
1.497154533863067627e-01,-4.205418825149536133e-01
8.152697235345840454e-02,-4.992143511772155762e-01
9.002867341041564941e-02,-5.081953406333923340e-01
-1.517395228147506714e-01,3.499861955642700195e-01
-3.328695148229598999e-02,-2.871279716491699219e-01
6.834382563829421997e-02,-3.945567905902862549e-01
1.811156235635280609e-02,-3.039299845695495605e-01
-2.603103406727313995e-02,-1.855204552412033081e-01
1.356852203607559204e-01,-3.909413516521453857e-01
1.543796360492706299e-01,-4.176326990127563477e-01
-6.040135771036148071e-02,3.121032416820526123e-01
5.301544442772865295e-02,-4.452818930149078369e-01
-6.767135858535766602e-02,3.008559644222259521e-01
-1.433455795049667358e-01,2.442565560340881348e-01
4.222528543323278427e-03,-1.506737321615219116e-01
3.476943075656890869e-02,3.848070204257965088e-01
1.068265661597251892e-01,-3.154619336128234863e-01
9.787222743034362793e-02,-3.738577961921691895e-01
4.234433174133300781e-02,2.426737248897552490e-01
-5.847007036209106445e-02,3.225612044334411621e-01
7.601378113031387329e-02,-4.935900866985321045e-01
-3.075283765792846680e-02,3.153493404388427734e-01
-2.043272405862808228e-01,2.261456847190856934e-01
8.489443920552730560e-03,-3.489198386669158936e-01
2.272641845047473907e-02,3.212675154209136963e-01
4.862330108880996704e-02,3.967585563659667969e-01
-2.423018664121627808e-01,2.824810147285461426e-01
-1.749360561370849609e-02,2.360012382268905640e-01
6.338029354810714722e-02,-3.583713173866271973e-01
5.452152341604232788e-02,-3.292293250560760498e-01
-1.203676834702491760e-01,2.204307168722152710e-01
1.387007385492324829e-01,-3.976064920425415039e-01
7.003112882375717163e-02,-1.514062732458114624e-01
7.202553749084472656e-02,4.295692145824432373e-01
-1.784347891807556152e-01,2.997402548789978027e-01
1.234728023409843445e-01,-5.042800307273864746e-01
9.132210165262222290e-02,2.421171367168426514e-01
-6.883356720209121704e-02,2.510168850421905518e-01
4.753836616873741150e-02,-2.760871648788452148e-01
8.456949889659881592e-02,-4.410099387168884277e-01
7.907573878765106201e-02,-1.436510235071182251e-01
-1.704489886760711670e-01,2.324853390455245972e-01
-1.963944174349308014e-02,-3.415349423885345459e-01
2.691528759896755219e-02,3.762484192848205566e-01
-2.485279440879821777e-01,3.153535127639770508e-01
-8.426837739534676075e-04,3.437699377536773682e-01
7.503452245146036148e-03,-1.565310508012771606e-01
-1.688396334648132324e-01,1.919832676649093628e-01
6.246408447623252869e-02,2.886927723884582520e-01
-2.336552292108535767e-01,2.972685098648071289e-01
3.369187191128730774e-02,-4.529231190681457520e-01
1.887168586254119873e-01,-4.183560609817504883e-01
1.060072705149650574e-01,-4.360583126544952393e-01
-3.140318393707275391e-02,2.668762505054473877e-01
1.625709235668182373e-01,-5.259374976158142090e-01
2.654596418142318726e-02,2.048363536596298218e-01
1.514203399419784546e-01,-4.299892187118530273e-01
3.898001462221145630e-02,-3.399884104728698730e-01
-7.953869551420211792e-02,1.979818344116210938e-01
1.996392756700515747e-02,8.382156491279602051e-02
1.845188587903976440e-01,-3.794587254524230957e-01
-9.747091680765151978e-02,1.490169018507003784e-01
1.490532457828521729e-01,-2.680422663688659668e-01
-2.286568582057952881e-01,3.023649156093597412e-01
3.583016246557235718e-02,-4.437173902988433838e-01
-7.280957698822021484e-02,1.792120635509490967e-01
4.520341381430625916e-02,3.881096541881561279e-01
1.716475635766983032e-01,-4.423886537551879883e-01
-7.270701974630355835e-02,1.763254553079605103e-01
9.110420197248458862e-02,-2.695034742355346680e-01
1.442746520042419434e-01,-2.882224321365356445e-01
1.825020462274551392e-01,-4.274105131626129150e-01
-9.406864643096923828e-02,2.350805699825286865e-01
-1.636387705802917480e-01,2.317460477352142334e-01
1.687255501747131348e-01,-4.510644972324371338e-01
-1.176415309309959412e-01,2.363317161798477173e-01
5.751769989728927612e-02,3.891737461090087891e-01
8.939554542303085327e-02,1.313311159610748291e-01
-1.195455044507980347e-01,2.690941691398620605e-01
-1.363503038883209229e-01,2.724347710609436035e-01
7.636035978794097900e-02,-4.582589268684387207e-01
-2.117459625005722046e-01,2.917598783969879150e-01
-1.993335783481597900e-01,1.968812644481658936e-01
-2.835602499544620514e-02,2.252496480941772461e-01
6.371124088764190674e-02,-2.016542404890060425e-01
-5.813104566186666489e-03,1.226990595459938049e-01
-1.798901408910751343e-01,2.843917608261108398e-01
7.740016281604766846e-02,-3.133466541767120361e-01
-1.578079015016555786e-01,3.351508080959320068e-01
-5.367689132690429688e-01,5.356534123420715332e-01
1.004653330892324448e-02,-3.826501965522766113e-01
8.395555615425109863e-02,-4.170365929603576660e-01
1.162247210741043091e-01,-2.089491039514541626e-01
1.476094126701354980e-01,-3.469989895820617676e-01
1.340823322534561157e-01,-4.336815476417541504e-01
9.207011014223098755e-02,-2.290816605091094971e-01
1.695414483547210693e-01,-5.267437100410461426e-01
5.235038697719573975e-02,4.023213088512420654e-01
-1.673473119735717773e-01,3.223887085914611816e-01
1.743369102478027344e-01,-4.666858017444610596e-01
7.139599323272705078e-02,-2.711110115051269531e-01
3.528470918536186218e-02,3.692968785762786865e-01
5.423635616898536682e-02,-2.554485499858856201e-01
1.711105555295944214e-01,-3.332543969154357910e-01
1.174195557832717896e-01,-2.518355548381805420e-01
1.697489321231842041e-01,-5.271664857864379883e-01
8.579713851213455200e-02,-2.251769974827766418e-02
1.832180321216583252e-01,-3.977932631969451904e-01
-2.595177665352821350e-02,2.960076034069061279e-01
-8.388806134462356567e-02,1.187923550605773926e-01
1.738841086626052856e-01,-3.635720908641815186e-01
-1.502594500780105591e-01,2.894612848758697510e-01
4.455612972378730774e-02,-7.762198150157928467e-02
-5.964704602956771851e-02,1.303329914808273315e-01
1.206241399049758911e-01,-5.132499933242797852e-01
1.612128168344497681e-01,-3.601128160953521729e-01
1.357037127017974854e-01,-3.703525066375732422e-01
5.780890583992004395e-02,8.858671784400939941e-02
1.843230277299880981e-01,-3.219397962093353271e-01
1.091819256544113159e-01,2.955703735351562500e-01
1.280433237552642822e-01,-2.760401070117950439e-01
1.256777942180633545e-01,-2.377153486013412476e-01
-1.259343773126602173e-01,3.409130871295928955e-01
-1.090127304196357727e-01,2.404909878969192505e-01
1.647001057863235474e-01,-4.698601663112640381e-01
6.093276664614677429e-02,-1.413013786077499390e-01
-1.153981313109397888e-01,3.067086338996887207e-01
1.709181964397430420e-01,-5.122159123420715332e-01
1.202286183834075928e-01,-2.386573851108551025e-01
1.554684247821569443e-02,2.361878454685211182e-01
-6.324360519647598267e-02,-9.688293188810348511e-02
9.060917794704437256e-02,2.428473532199859619e-01
-1.315446048974990845e-01,2.783098816871643066e-01
1.871304363012313843e-01,-3.607116043567657471e-01
1.462972611188888550e-01,-2.192769646644592285e-01
1.871086210012435913e-01,-4.205698370933532715e-01
-2.334521412849426270e-01,3.103480637073516846e-01
-1.822735816240310669e-01,3.325078189373016357e-01
-1.309079676866531372e-01,3.131853938102722168e-01
1.726536899805068970e-01,-3.968505263328552246e-01
-1.265263259410858154e-01,2.486538141965866089e-01
5.811969935894012451e-02,3.864398598670959473e-01
1.052652522921562195e-01,-3.711075186729431152e-01
-2.504914402961730957e-01,3.028555810451507568e-01
5.875758081674575806e-02,3.817106187343597412e-01
-7.763959467411041260e-02,3.342998921871185303e-01
7.187916338443756104e-02,4.290364086627960205e-01
-2.321358472108840942e-01,3.289808034896850586e-01
-1.110645607113838196e-01,7.581046316772699356e-03
-8.816225081682205200e-02,1.901197582483291626e-01
-1.179519668221473694e-01,2.912370860576629639e-01
1.218186020851135254e-01,-2.325185686349868774e-01
8.110734075307846069e-02,-1.205147355794906616e-01
1.885320693254470825e-01,-3.671926558017730713e-01
9.942857176065444946e-02,3.090289831161499023e-01
-2.470606118440628052e-01,3.199734687805175781e-01
1.689629554748535156e-01,-3.220841288566589355e-01
1.039721071720123291e-01,-2.979896664619445801e-01
-2.287650853395462036e-01,3.281096220016479492e-01
-1.805990040302276611e-01,2.927647531032562256e-01
-1.137132793664932251e-01,1.844387948513031006e-01
7.717302441596984863e-02,-3.998676538467407227e-01
-1.820951551198959351e-01,1.289975345134735107e-01
-9.155912697315216064e-02,2.188504040241241455e-01
-9.600015729665756226e-02,1.460014730691909790e-01
2.451022155582904816e-02,-1.984951272606849670e-02
-1.734350919723510742e-01,1.865954697132110596e-01
-6.575713399797677994e-03,-2.370060682296752930e-01
1.351524442434310913e-01,-4.364122748374938965e-01
-1.665445268154144287e-01,3.059869110584259033e-01
-7.602386921644210815e-02,1.695996075868606567e-01
4.657184705138206482e-02,3.750860095024108887e-01
-1.833335682749748230e-02,2.219992876052856445e-01
6.047780811786651611e-02,-8.361496776342391968e-02
6.279135495424270630e-02,-1.233899220824241638e-01
4.967439547181129456e-02,-1.375173777341842651e-01
8.304640650749206543e-02,-2.359884381294250488e-01
-1.410395503044128418e-01,2.979913353919982910e-01
-2.066137194633483887e-01,3.067725002765655518e-01
-1.756248623132705688e-01,1.823993474245071411e-01
2.636927878484129906e-03,-1.148789003491401672e-01
6.412041187286376953e-02,-4.720642268657684326e-01
6.605063378810882568e-02,-7.131467014551162720e-02
-1.925905942916870117e-01,2.450994402170181274e-01
1.692956089973449707e-01,-5.264130234718322754e-01
-6.968715041875839233e-02,2.330480813980102539e-01
-2.510139942169189453e-01,3.181995451450347900e-01
-1.579658128321170807e-02,2.267098128795623779e-01
-1.078070327639579773e-01,1.414104551076889038e-01
1.171848271042108536e-02,-3.132168352603912354e-01
-1.607949584722518921e-01,2.042981386184692383e-01
1.648477464914321899e-01,-5.037613511085510254e-01
-1.583653688430786133e-01,2.189134508371353149e-01
1.720277667045593262e-01,-4.358699321746826172e-01
7.639782130718231201e-02,-4.438327252864837646e-02
6.728830188512802124e-02,-9.716351330280303955e-02
-1.760069280862808228e-01,3.064689338207244873e-01
-2.487216552253812551e-04,-2.558730244636535645e-01
-1.466694176197052002e-01,2.697411179542541504e-01
-5.360318422317504883e-01,5.351101756095886230e-01
5.153048411011695862e-02,3.533040881156921387e-01
-1.088234260678291321e-01,2.146662324666976929e-01
-1.108668893575668335e-01,7.488436996936798096e-03
-4.019992891699075699e-03,1.941989660263061523e-01
1.588118672370910645e-01,-4.157248139381408691e-01
-1.068084388971328735e-01,2.806589007377624512e-01
-1.904611438512802124e-01,2.827000021934509277e-01
-8.632503449916839600e-02,2.634387314319610596e-01
-1.699310839176177979e-01,3.308924734592437744e-01
1.550237238407135010e-01,-3.088285624980926514e-01
-1.474827527999877930e-01,2.522060573101043701e-01
8.624579012393951416e-02,-1.591548770666122437e-01
-1.446179002523422241e-01,2.536913156509399414e-01
8.027161657810211182e-02,2.358621060848236084e-01
7.164300978183746338e-02,4.294846951961517334e-01
-5.345929861068725586e-01,5.337069034576416016e-01
4.692726652137935162e-04,1.653401851654052734e-01
-1.979188472032546997e-01,2.600005865097045898e-01
1.624690890312194824e-01,-4.920777082443237305e-01
1.584950387477874756e-01,-2.837300598621368408e-01
-1.096282750368118286e-01,2.197494208812713623e-01
5.465766042470932007e-02,-6.427050381898880005e-02
1.280648261308670044e-01,-2.234079390764236450e-01
6.964958459138870239e-02,-1.336418390274047852e-01
-1.310492902994155884e-01,2.643086314201354980e-01
-5.091172829270362854e-02,2.762520313262939453e-01
-2.016031891107559204e-01,3.062568008899688721e-01
1.065027266740798950e-01,-8.281138539314270020e-02
5.258227139711380005e-02,2.362715303897857666e-01
1.926601678133010864e-02,-2.496437728404998779e-01
-4.447425156831741333e-02,2.427001148462295532e-01
1.638762354850769043e-01,-3.649647533893585205e-01
6.634704023599624634e-02,3.258809745311737061e-01
-2.345412671566009521e-01,3.255483508110046387e-01
-1.114346385002136230e-01,3.035581409931182861e-01
5.396314710378646851e-02,-1.045641973614692688e-01
-9.126977063715457916e-03,-6.293974351137876511e-03
6.093326583504676819e-02,3.871439099311828613e-01
1.440845876932144165e-01,-2.015683501958847046e-01
5.369471386075019836e-02,-1.191164925694465637e-01
5.565876886248588562e-02,-1.026887819170951843e-01
1.485403329133987427e-01,-2.640915811061859131e-01
4.573028534650802612e-02,3.995053768157958984e-01
1.619171798229217529e-01,-5.174009203910827637e-01
-6.513555347919464111e-02,2.178855687379837036e-01
-1.464478820562362671e-01,1.731625050306320190e-01
9.225977212190628052e-02,2.950860373675823212e-02
6.604276597499847412e-02,-4.747847616672515869e-01
1.316142976284027100e-01,1.713514924049377441e-01
6.759673357009887695e-02,4.237577915191650391e-01
-2.574546635150909424e-01,1.617002189159393311e-01
-2.337305843830108643e-01,2.898473143577575684e-01
-1.658078581094741821e-01,2.704536318778991699e-01
7.475557178258895874e-02,-4.954633116722106934e-01
1.306288242340087891e-01,-3.344948589801788330e-01
5.707385018467903137e-02,3.968980312347412109e-01
6.251446157693862915e-02,4.126285314559936523e-01
-2.061311751604080200e-01,2.946836054325103760e-01
1.446526050567626953e-01,-4.480675756931304932e-01
5.950321257114410400e-02,3.949921727180480957e-01
5.651033297181129456e-02,1.863142549991607666e-01
5.741142854094505310e-02,3.209680318832397461e-01
-1.309043467044830322e-01,2.034744769334793091e-01
7.633733749389648438e-02,3.922126293182373047e-01
3.921170532703399658e-02,-1.373554319143295288e-01
2.066013030707836151e-02,-2.794583737850189209e-01
-8.797549456357955933e-02,3.519788980484008789e-01
-1.552039198577404022e-02,7.393265515565872192e-02
-1.782280206680297852e-01,2.704342007637023926e-01
2.796108648180961609e-02,3.443602621555328369e-01
-2.060212939977645874e-01,2.898379266262054443e-01
1.140934154391288757e-01,-1.834293641149997711e-02
1.248052269220352173e-01,2.415813319385051727e-02
1.746858470141887665e-02,1.784332394599914551e-01
6.149122491478919983e-02,4.111925363540649414e-01
1.835048645734786987e-01,-4.458415210247039795e-01
-1.011893823742866516e-01,2.627651691436767578e-01
-9.877610951662063599e-02,-6.813423335552215576e-02
1.342703308910131454e-02,3.379947245121002197e-01
-1.871490031480789185e-01,3.431117534637451172e-01
4.871437326073646545e-02,3.783402442932128906e-01
5.774444341659545898e-02,4.064021706581115723e-01
6.248154863715171814e-02,-1.282040029764175415e-01
7.163567841053009033e-02,4.290505051612854004e-01
7.269281148910522461e-02,-1.599013656377792358e-01
-8.616198599338531494e-02,2.748213112354278564e-01
-1.671693325042724609e-01,2.920049428939819336e-01
7.196691632270812988e-02,4.293185472488403320e-01
1.888057738542556763e-01,-4.447005391120910645e-01
1.823965311050415039e-01,-4.574320018291473389e-01
1.865450143814086914e-01,-3.966273367404937744e-01
-1.867262572050094604e-01,2.708208858966827393e-01
-1.617695093154907227e-01,2.257824391126632690e-01
4.291171580553054810e-02,-1.820710152387619019e-01
-2.091853320598602295e-02,-1.746919602155685425e-01
1.990324445068836212e-02,1.233228668570518494e-01
-1.661255955696105957e-01,3.221049308776855469e-01
8.820652216672897339e-02,-5.481938645243644714e-02
-5.421463400125503540e-02,2.112939804792404175e-01
-4.590492844581604004e-01,4.720132648944854736e-01
6.534433364868164062e-02,4.179460108280181885e-01
1.621564328670501709e-01,-4.838755726814270020e-01
1.746564954519271851e-01,-3.175880312919616699e-01
7.642674446105957031e-02,1.013114005327224731e-01
-1.101914048194885254e-01,6.903709843754768372e-03
1.787283718585968018e-01,-4.205964803695678711e-01
1.008898839354515076e-01,-2.778558731079101562e-01
-2.466621547937393188e-01,3.051096796989440918e-01
-2.305123358964920044e-01,3.186790049076080322e-01
-6.944383680820465088e-02,1.687004864215850830e-01
6.510565429925918579e-02,-4.848208278417587280e-02
6.422534584999084473e-02,-5.657957494258880615e-02
-2.405980229377746582e-01,3.339297175407409668e-01
6.593133509159088135e-02,-1.062745228409767151e-01
1.479662209749221802e-01,-2.805632650852203369e-01
7.222955673933029175e-02,4.302456080913543701e-01
-1.908304542303085327e-01,3.314903676509857178e-01
-1.897526383399963379e-01,2.814639806747436523e-01
1.734896302223205566e-01,-4.172407686710357666e-01
-1.088417619466781616e-01,2.623548805713653564e-01
1.321589797735214233e-01,-1.828404217958450317e-01
1.078603044152259827e-01,-1.145075913518667221e-02
-2.039373368024826050e-01,2.058773636817932129e-01
-2.565930187702178955e-01,1.565387994050979614e-01
5.834691971540451050e-02,2.574200034141540527e-01
5.730684474110603333e-02,-4.126461446285247803e-01
3.514538332819938660e-02,2.950814068317413330e-01
-5.474501755088567734e-03,2.146630287170410156e-01
-6.505993753671646118e-02,1.356339752674102783e-01
4.502481222152709961e-02,3.973370194435119629e-01
9.168049693107604980e-02,2.424912005662918091e-01
-3.771528135985136032e-03,-2.118416316807270050e-02
5.914550647139549255e-02,4.051322937011718750e-01
-2.342816144227981567e-01,2.849788069725036621e-01
2.563100308179855347e-02,-3.955881893634796143e-01
6.884467601776123047e-02,4.252505898475646973e-01
6.560806185007095337e-02,-4.137910902500152588e-01
2.649905905127525330e-02,-1.539024859666824341e-01
-1.112295538187026978e-01,6.936380639672279358e-03
-2.256485670804977417e-01,1.424812823534011841e-01
1.435046344995498657e-01,-3.891023099422454834e-01
-2.433682978153228760e-01,3.240113258361816406e-01
-1.300331205129623413e-01,1.705447435379028320e-01
3.633582219481468201e-02,-4.352362751960754395e-01
9.209007024765014648e-02,-2.816050052642822266e-01
1.693831682205200195e-01,-5.271148681640625000e-01
6.457623839378356934e-02,4.145019948482513428e-01
-2.082127034664154053e-01,3.127373754978179932e-01
7.143332809209823608e-02,4.290519952774047852e-01
7.694041728973388672e-02,-1.132178008556365967e-01
-1.865368485450744629e-01,3.203652799129486084e-01
5.808845534920692444e-02,-1.202633231878280640e-01
-1.796861737966537476e-01,3.109543919563293457e-01
-3.274012729525566101e-02,2.891300916671752930e-01
9.132701903581619263e-03,2.545328140258789062e-01
3.950858488678932190e-02,3.263617455959320068e-01
3.941120952367782593e-02,2.231694906949996948e-01
6.992972642183303833e-02,3.480718135833740234e-01
-1.798974424600601196e-01,2.550292909145355225e-01
9.198708087205886841e-02,2.422910332679748535e-01
-1.372326314449310303e-01,2.687100470066070557e-01
1.720494776964187622e-01,-5.122879743576049805e-01
1.538988500833511353e-01,-3.182548284530639648e-01
1.018013656139373779e-01,-1.917868405580520630e-01
5.165531113743782043e-02,-9.171830862760543823e-02
-1.214570105075836182e-01,3.740346133708953857e-01
-1.143267080187797546e-01,1.999309360980987549e-01
4.716897383332252502e-02,-9.296747297048568726e-02
-5.078705027699470520e-02,2.383924871683120728e-01
4.283640161156654358e-02,-2.623974159359931946e-02
-1.733604073524475098e-01,3.336492478847503662e-01
-2.095084935426712036e-01,2.156137824058532715e-01
1.801213026046752930e-01,-4.064794778823852539e-01
9.549594484269618988e-03,2.849288582801818848e-01
-6.965029984712600708e-02,3.112012445926666260e-01
6.580276787281036377e-02,-5.431017652153968811e-02
-5.901949852705001831e-02,2.249998748302459717e-01
-1.991756856441497803e-01,3.210797607898712158e-01
-1.020730137825012207e-01,2.697452008724212646e-01
1.749823391437530518e-01,-3.979272246360778809e-01
1.588999480009078979e-02,-1.475868225097656250e-01
-1.679377853870391846e-01,1.909948438405990601e-01
-7.278931140899658203e-02,2.060539275407791138e-01
4.364567995071411133e-02,3.480577468872070312e-01
7.086515426635742188e-02,4.281953275203704834e-01
-8.466742187738418579e-02,1.882801800966262817e-01
1.694081127643585205e-01,-5.263590216636657715e-01
-1.299474388360977173e-01,3.163273036479949951e-01
7.406995445489883423e-02,1.712334305047988892e-01
-1.593279689550399780e-01,1.779571324586868286e-01
5.645792931318283081e-02,9.713116288185119629e-02
7.128785550594329834e-02,4.286311864852905273e-01
-5.814683064818382263e-02,1.683701276779174805e-01
-2.248237729072570801e-01,2.598364055156707764e-01
6.189592182636260986e-02,4.108674228191375732e-01
3.044363856315612793e-02,-1.136597171425819397e-01
1.369810700416564941e-01,-2.180437743663787842e-01
-6.491930037736892700e-02,1.759978383779525757e-01
-2.191836535930633545e-01,2.451456487178802490e-01
-2.500980496406555176e-01,1.046411767601966858e-01
-3.755964804440736771e-03,2.974212169647216797e-01
7.997624576091766357e-02,-1.469634175300598145e-01
-2.176697105169296265e-01,2.704088091850280762e-01
-2.064637094736099243e-01,3.066649436950683594e-01
-2.520518004894256592e-01,3.174602687358856201e-01
-2.587046921253204346e-01,1.565014868974685669e-01
5.164417251944541931e-02,2.480855286121368408e-01
6.781003624200820923e-02,-4.373504519462585449e-01
-5.826864764094352722e-02,1.571217477321624756e-01
3.746391460299491882e-02,2.289920747280120850e-01
-3.519269824028015137e-01,3.915956616401672363e-01
1.698087453842163086e-01,-5.277838706970214844e-01
-2.571906745433807373e-01,1.688220947980880737e-01
6.485542654991149902e-02,-4.637425839900970459e-01
7.738121598958969116e-02,-9.834375232458114624e-02
9.041220694780349731e-02,-1.075271442532539368e-01
1.739837527275085449e-01,-4.097934663295745850e-01
1.608775705099105835e-01,-5.102438330650329590e-01
-2.051784992218017578e-01,2.509173452854156494e-01
-1.516963541507720947e-02,-2.513387799263000488e-01
7.146606594324111938e-02,4.294292330741882324e-01
1.545495390892028809e-01,-4.105852544307708740e-01
-3.830472007393836975e-02,1.883548349142074585e-01
7.315658777952194214e-02,-1.201520562171936035e-01
-1.431179493665695190e-01,2.765579223632812500e-01
-1.659603714942932129e-01,2.054627984762191772e-01
-1.206561028957366943e-01,1.730886101722717285e-01
6.501337885856628418e-02,1.965374648571014404e-01
9.125702828168869019e-02,2.424076497554779053e-01
5.169710516929626465e-02,-1.092494279146194458e-01
5.164894834160804749e-02,-9.421612322330474854e-02
5.999290570616722107e-02,-1.850929856300354004e-01
-2.043504267930984497e-01,2.973095476627349854e-01
-1.623743176460266113e-01,2.644902467727661133e-01
-2.234437018632888794e-01,9.661855548620223999e-02
-1.956987828016281128e-01,2.893326282501220703e-01
-2.285834103822708130e-01,3.052860200405120850e-01
1.711989045143127441e-01,-3.512727320194244385e-01
-2.150945514440536499e-01,2.124993354082107544e-01
7.686121761798858643e-02,-1.549738831818103790e-02
6.656581908464431763e-02,-2.670409381389617920e-01
-9.125528484582901001e-02,2.327403426170349121e-01
6.254129856824874878e-02,3.738058507442474365e-01
-1.822866797447204590e-01,3.082633316516876221e-01
-5.369105935096740723e-01,5.358651280403137207e-01
9.146682918071746826e-02,2.422248870134353638e-01
-5.858013033866882324e-02,1.834856569766998291e-01
-1.340830326080322266e-01,2.998467385768890381e-01
1.886223703622817993e-01,-3.577708899974822998e-01
-5.343105196952819824e-01,5.336186885833740234e-01
-5.081565305590629578e-02,1.818078458309173584e-01
-2.010033577680587769e-01,3.256196081638336182e-01
1.801648139953613281e-01,-4.072404801845550537e-01
1.693653017282485962e-01,-4.755018949508666992e-01
6.806855648756027222e-02,4.021174609661102295e-01
-8.633476495742797852e-02,2.738658189773559570e-01
-9.471010416746139526e-02,1.806712299585342407e-01
5.941727012395858765e-02,3.890284597873687744e-01
-2.342813611030578613e-01,2.921902835369110107e-01
-2.142647802829742432e-01,2.049699127674102783e-01
4.290485382080078125e-02,3.859975039958953857e-01
1.589574664831161499e-01,-2.302117943763732910e-01
-1.720482856035232544e-01,2.849058806896209717e-01
1.273980829864740372e-02,2.139123976230621338e-01
-1.988340765237808228e-01,1.919962465763092041e-01
1.772196739912033081e-01,-4.111339151859283447e-01
1.638316065073013306e-01,-4.849600493907928467e-01
1.864922940731048584e-01,-3.934163749217987061e-01
1.103161424398422241e-01,-1.927172839641571045e-01
-2.288105785846710205e-01,2.465199977159500122e-01
-3.522026538848876953e-02,2.299997508525848389e-01
1.634765714406967163e-01,-3.162290453910827637e-01
1.179696246981620789e-01,-3.026497960090637207e-01
7.182242721319198608e-02,4.291552901268005371e-01
5.810425430536270142e-02,-1.125292256474494934e-01
-1.563979499042034149e-02,2.838340699672698975e-01
-2.497648447751998901e-01,3.282167911529541016e-01
1.446487605571746826e-01,-2.437669336795806885e-01
1.609220206737518311e-01,-2.311618179082870483e-01
1.724864840507507324e-01,-4.902562201023101807e-01
1.249797046184539795e-01,-2.843852937221527100e-01
1.832594722509384155e-01,-4.250881671905517578e-01
-9.160167723894119263e-02,1.677065491676330566e-01
1.540549993515014648e-01,-3.566417098045349121e-01
-9.455937147140502930e-02,2.621646225452423096e-01
-8.681435137987136841e-02,2.446424663066864014e-01
1.639342904090881348e-01,-4.020908772945404053e-01
8.123978227376937866e-02,1.247427985072135925e-01
9.071732312440872192e-02,2.429474890232086182e-01
-9.006867767311632633e-04,2.456910759210586548e-01
-1.668746322393417358e-01,3.016027212142944336e-01
-2.281477749347686768e-01,2.725774049758911133e-01
-2.729899585247039795e-01,3.362442553043365479e-01
-1.498696655035018921e-01,2.476713210344314575e-01
-1.425181180238723755e-01,2.085286080837249756e-01
7.754630409181118011e-03,3.963946104049682617e-01
-2.070768177509307861e-01,2.836509644985198975e-01
9.463316202163696289e-02,-6.353659927845001221e-02
-8.935002982616424561e-02,3.461026549339294434e-01
7.213743776082992554e-02,4.827046021819114685e-02
-1.892552077770233154e-01,2.867628633975982666e-01
1.680418252944946289e-01,-5.273668766021728516e-01
2.956919558346271515e-02,-4.438647925853729248e-01
-2.467601895332336426e-01,2.901164889335632324e-01
-2.307431101799011230e-01,3.235917687416076660e-01
6.569935381412506104e-02,4.211358726024627686e-01
1.675167977809906006e-01,-4.277772605419158936e-01
-9.468985721468925476e-03,1.901822984218597412e-01
8.899427950382232666e-02,-4.271018505096435547e-01
-1.390099972486495972e-01,3.478870391845703125e-01
6.812935322523117065e-02,-4.718717038631439209e-01
1.196398958563804626e-01,-1.380212754011154175e-01
1.194065734744071960e-01,-4.045914411544799805e-01
-2.619441449642181396e-01,1.784520298242568970e-01
4.475628212094306946e-02,3.730345964431762695e-01
-7.428097538650035858e-03,2.257008999586105347e-01
9.940876625478267670e-03,3.226313367486000061e-02
1.403978765010833740e-01,-5.231885313987731934e-01
-1.105632632970809937e-01,6.865981966257095337e-03
-1.796792298555374146e-01,3.011429905891418457e-01
-1.874191612005233765e-01,3.049839138984680176e-01
-1.374444812536239624e-01,1.210533678531646729e-01
1.438639033585786819e-02,-2.927814424037933350e-01
4.041868075728416443e-02,2.662879824638366699e-01
1.536213904619216919e-01,-5.009437799453735352e-01
1.830896921455860138e-02,-3.590911626815795898e-01
-8.626475185155868530e-02,1.562032848596572876e-01
7.059145718812942505e-02,-2.881061136722564697e-01
1.372887939214706421e-01,-3.955766558647155762e-01
6.795368343591690063e-02,-2.811847925186157227e-01
-1.783053278923034668e-01,2.838666141033172607e-01
9.694284945726394653e-02,-4.411955773830413818e-01
1.265896558761596680e-01,-4.870795011520385742e-01
5.832706019282341003e-02,2.886690199375152588e-01
5.470168963074684143e-02,3.783950209617614746e-01
-6.698614358901977539e-02,4.315565899014472961e-02
7.162681221961975098e-02,4.296094775199890137e-01
4.711602628231048584e-02,4.011400341987609863e-01
-1.822229176759719849e-01,1.872070282697677612e-01
1.068289056420326233e-01,-4.484845995903015137e-01
-1.682669818401336670e-01,2.825666368007659912e-01
9.230920672416687012e-02,-7.896402478218078613e-02
-6.984064728021621704e-02,2.982177436351776123e-01
-9.542184323072433472e-02,3.524482846260070801e-01
5.957557260990142822e-02,3.880982995033264160e-01
1.246005818247795105e-01,-2.933090329170227051e-01
-7.908256351947784424e-02,2.231855839490890503e-01
6.467080861330032349e-02,4.146303832530975342e-01
7.765620946884155273e-02,-1.658475100994110107e-01
1.549208313226699829e-01,-4.606448113918304443e-01
-2.406826466321945190e-01,3.021557033061981201e-01
-2.438933551311492920e-01,3.063208162784576416e-01
-8.528947830200195312e-02,2.066054344177246094e-01
5.651865527033805847e-02,-2.204875946044921875e-01
-7.676434516906738281e-02,1.147009730339050293e-01
5.329081416130065918e-02,2.597487531602382660e-02
5.195404961705207825e-02,3.841479420661926270e-01
5.409614741802215576e-02,-1.124226823449134827e-01
6.691477447748184204e-02,4.213195741176605225e-01
4.774131253361701965e-02,3.364042043685913086e-01
6.142389401793479919e-02,2.136947363615036011e-01
8.092360943555831909e-02,-1.324113607406616211e-01
-2.740110456943511963e-01,3.409259617328643799e-01
9.377562440931797028e-03,3.183038830757141113e-01
6.576830893754959106e-02,4.149887263774871826e-01
-1.638069450855255127e-01,2.921143174171447754e-01
-1.788866966962814331e-01,2.794859111309051514e-01
1.784060597419738770e-01,-4.296644330024719238e-01
6.201727315783500671e-03,-1.250080168247222900e-01
1.362443715333938599e-02,-9.637624025344848633e-02
-1.398138999938964844e-01,1.978693753480911255e-01
-1.153785511851310730e-01,3.070128858089447021e-01
6.000661477446556091e-02,4.039057791233062744e-01
1.515475362539291382e-01,-5.088214278221130371e-01
1.625753790140151978e-01,-5.161790847778320312e-01
1.410622447729110718e-01,-3.238609731197357178e-01
1.685847640037536621e-01,-4.016311168670654297e-01
6.824821978807449341e-02,-1.762030273675918579e-01
1.688866913318634033e-01,-5.264578461647033691e-01
-2.027224153280258179e-01,2.084992527961730957e-01
-1.563151031732559204e-01,3.041337132453918457e-01
-1.536075323820114136e-01,2.867189645767211914e-01
7.137233018875122070e-02,4.288851916790008545e-01
1.648934036493301392e-01,-5.034974217414855957e-01
1.149556040763854980e-02,-2.700404822826385498e-01
-3.617350384593009949e-02,2.587559521198272705e-01
-1.359120905399322510e-01,3.297135531902313232e-01
-3.276597708463668823e-02,3.202576935291290283e-01
-2.565747499465942383e-01,3.130515515804290771e-01
5.103487521409988403e-02,3.918682038784027100e-01
1.692938804626464844e-01,-5.266135334968566895e-01
-1.109739094972610474e-01,7.360864896327257156e-03
5.917867273092269897e-02,4.106126725673675537e-01
-1.789145469665527344e-01,3.288026452064514160e-01
-4.179434105753898621e-02,1.774407625198364258e-01
-6.691431254148483276e-02,1.650105714797973633e-01
2.335890568792819977e-02,-2.530339360237121582e-01
-2.278205566108226776e-02,3.388536572456359863e-01
1.550043374300003052e-01,2.411790192127227783e-02
-5.347220897674560547e-01,5.339446067810058594e-01
1.443204730749130249e-01,-4.934621155261993408e-01
-9.752187877893447876e-02,2.220095396041870117e-01
-4.610422253608703613e-02,2.189912199974060059e-01
-1.097119301557540894e-01,6.448433734476566315e-03
-3.843631222844123840e-02,1.616200804710388184e-01
8.411617577075958252e-02,-1.862274408340454102e-01
-1.630560308694839478e-01,2.554588615894317627e-01
1.154246777296066284e-01,-3.037052452564239502e-01
-1.389885842800140381e-01,1.630795747041702271e-01
-1.159388497471809387e-01,3.137398958206176758e-01
-2.017181217670440674e-01,2.122094482183456421e-01
6.134631112217903137e-02,-4.815055131912231445e-01
1.704171001911163330e-01,-4.823419749736785889e-01
6.335730850696563721e-02,3.988951742649078369e-01
1.810911595821380615e-01,-4.785089194774627686e-01
1.021453887224197388e-01,-1.780539602041244507e-01
1.749274134635925293e-01,-4.801326096057891846e-01
5.660169944167137146e-02,-1.558356732130050659e-01
-2.034400105476379395e-01,1.986764371395111084e-01
-2.031766474246978760e-01,2.400657981634140015e-01
-1.571484208106994629e-01,2.550871968269348145e-01
-3.556702286005020142e-02,1.151195634156465530e-02
6.214351207017898560e-02,4.105539619922637939e-01
-1.973641812801361084e-01,2.114424109458923340e-01
2.409027516841888428e-02,-4.524908959865570068e-02
8.509293198585510254e-02,-4.294786751270294189e-01
-1.427107453346252441e-01,2.021389454603195190e-01
1.124652549624443054e-01,-8.670698106288909912e-02
1.764625459909439087e-01,-4.032841026782989502e-01
-8.848322182893753052e-02,3.135613203048706055e-01
6.000513583421707153e-02,4.043514132499694824e-01
1.654861271381378174e-01,-4.849847257137298584e-01
-2.705847844481468201e-02,1.575714647769927979e-01
9.448080509901046753e-02,2.984519600868225098e-01
6.596096605062484741e-02,-1.375670433044433594e-01
1.699828952550888062e-01,-5.131698846817016602e-01
1.553756296634674072e-01,-3.964371979236602783e-01
1.778391450643539429e-01,-4.682634472846984863e-01
-4.699881747364997864e-02,3.970192000269889832e-02
1.509771496057510376e-01,-4.578110873699188232e-01
7.510709017515182495e-02,-4.424627423286437988e-01
-1.878368258476257324e-01,3.355821371078491211e-01
5.391674116253852844e-02,2.421613633632659912e-01
1.277348697185516357e-01,-1.916910558938980103e-01
-1.942616850137710571e-01,2.783875465393066406e-01
5.025059729814529419e-02,-6.010413542389869690e-02
8.321098238229751587e-02,-2.921734452247619629e-01
6.857636570930480957e-02,-3.177664875984191895e-01
-2.363599836826324463e-01,2.987815737724304199e-01
-1.112787425518035889e-01,7.081760559231042862e-03
4.332775622606277466e-02,-5.845344811677932739e-02
1.445217132568359375e-01,-3.093385696411132812e-01
4.833543300628662109e-02,-1.317660510540008545e-01
-4.698535501956939697e-01,4.795998930931091309e-01
1.587408185005187988e-01,-4.316675364971160889e-01
1.697530038654804230e-02,3.338183462619781494e-01
1.680181026458740234e-01,-3.979247212409973145e-01
1.629500687122344971e-01,-4.160377681255340576e-01
2.814366668462753296e-02,3.845658302307128906e-01
2.673018537461757660e-02,3.377622663974761963e-01
-6.390383094549179077e-02,1.840330213308334351e-01
-1.814105361700057983e-01,3.019223511219024658e-01
-1.433796286582946777e-01,3.289391398429870605e-01
-1.859090030193328857e-01,3.291893899440765381e-01
8.025249093770980835e-02,-1.665938347578048706e-01
5.374011769890785217e-02,-1.046318039298057556e-01
7.987593114376068115e-02,-2.552532851696014404e-01
1.116094365715980530e-01,-3.913428783416748047e-01
5.735797062516212463e-02,-5.761748552322387695e-02
1.692643910646438599e-01,-5.275031924247741699e-01
-1.508813202381134033e-01,2.999771237373352051e-01
1.579315513372421265e-01,-4.088645577430725098e-01
6.699682772159576416e-02,3.756577670574188232e-01
-8.229675143957138062e-02,3.245264887809753418e-01
9.352791309356689453e-02,-2.137076556682586670e-01
-7.897759974002838135e-02,2.886565029621124268e-01
9.637078642845153809e-02,-9.385985881090164185e-02
-3.416702151298522949e-02,1.731648445129394531e-01
7.823588699102401733e-02,-5.040811300277709961e-01
4.250194132328033447e-02,-1.566373854875564575e-01
1.609212309122085571e-01,-5.187900662422180176e-01
2.007933892309665680e-02,-3.591702580451965332e-01
-2.236022949218750000e-01,2.551745772361755371e-01
-1.225897073745727539e-01,1.649254858493804932e-01
7.312679290771484375e-02,-7.164126634597778320e-02
-1.348177939653396606e-01,3.133572638034820557e-01
-1.915549486875534058e-02,1.926994472742080688e-01
-2.036724835634231567e-01,2.179291099309921265e-01
-2.531935572624206543e-01,1.580460816621780396e-01
-1.210561320185661316e-01,2.099899798631668091e-01
-4.497545585036277771e-02,2.029403895139694214e-01
-3.090596524998545647e-03,-1.959359049797058105e-01
7.091134786605834961e-02,4.280802607536315918e-01
-1.756491214036941528e-01,3.143758773803710938e-01
3.977274522185325623e-02,3.639743924140930176e-01
1.198847293853759766e-01,-4.071771502494812012e-01
7.274390012025833130e-02,-4.259784817695617676e-01
4.397322889417409897e-03,2.184245139360427856e-01
5.226905643939971924e-02,-1.927882581949234009e-01
1.290002316236495972e-01,-2.309550046920776367e-01
8.268332481384277344e-02,-4.646195471286773682e-01
6.422095745801925659e-02,4.182346463203430176e-01
-2.606550417840480804e-02,1.610745042562484741e-01
-4.284815117716789246e-02,3.237930536270141602e-01
9.577320516109466553e-02,7.040055096149444580e-02
-2.702596224844455719e-02,-1.103060394525527954e-01
6.386936455965042114e-02,4.184117019176483154e-01
3.766959905624389648e-02,-7.395714521408081055e-02
-5.817645415663719177e-02,2.562653422355651855e-01
9.052850306034088135e-02,2.439130991697311401e-01
-1.423866599798202515e-01,3.137348592281341553e-01
9.883963316679000854e-02,-4.889173805713653564e-01
5.983439832925796509e-02,3.983493447303771973e-01
-8.977547287940979004e-02,1.912707388401031494e-01
-2.505506277084350586e-01,3.312391638755798340e-01
1.037539914250373840e-01,-5.135104656219482422e-01
-1.056205779314041138e-01,2.607328295707702637e-01
7.074012607336044312e-02,4.278899729251861572e-01
1.571346670389175415e-01,-4.837377369403839111e-01
1.076396182179450989e-01,2.948287129402160645e-01
4.443755373358726501e-02,-6.498950719833374023e-02
5.423958972096443176e-02,-1.100871041417121887e-01
1.253657191991806030e-01,-2.966973781585693359e-01
-1.286835074424743652e-01,3.574773371219635010e-01
1.730508953332901001e-01,-4.164400994777679443e-01
1.559714823961257935e-01,-3.153744935989379883e-01
-1.499923318624496460e-01,2.372306585311889648e-01
4.982966184616088867e-02,-9.680011123418807983e-02
-1.886574923992156982e-01,3.273754715919494629e-01
7.937065511941909790e-02,2.334636598825454712e-01
-1.354687064886093140e-01,1.858588457107543945e-01
1.334064453840255737e-01,-3.314609229564666748e-01
1.576093882322311401e-01,-3.474656939506530762e-01
1.611599326133728027e-01,-4.183408617973327637e-01
-2.320473045110702515e-01,2.776581645011901855e-01
5.133961886167526245e-02,3.874345123767852783e-01
-3.247367590665817261e-02,2.397506684064865112e-01
1.622085869312286377e-01,-5.133305191993713379e-01
-5.347815752029418945e-01,5.343834757804870605e-01
1.686720252037048340e-01,-5.266667604446411133e-01
-7.763884216547012329e-02,2.099475860595703125e-01
8.854828774929046631e-02,-3.739824593067169189e-01
1.433627903461456299e-01,-4.042235314846038818e-01
6.615769118070602417e-02,4.200840890407562256e-01
5.724476650357246399e-02,3.957425951957702637e-01
8.878102153539657593e-02,-1.559561192989349365e-01
1.691457331180572510e-01,-5.266383290290832520e-01
-3.203932428732514381e-03,1.889901310205459595e-01
5.154331400990486145e-02,3.479525148868560791e-01
1.582751870155334473e-01,-4.073074460029602051e-01
4.432624578475952148e-02,-1.901311054825782776e-02
1.222449317574501038e-01,-2.014740705490112305e-01
-2.533673644065856934e-01,3.171238303184509277e-01
1.796914637088775635e-01,-4.273927807807922363e-01
3.078423254191875458e-02,-1.650692671537399292e-01
9.155648946762084961e-02,-3.133113980293273926e-01
1.695809513330459595e-01,-5.271546840667724609e-01
6.558386236429214478e-02,-1.062786057591438293e-01
5.527815595269203186e-02,3.506647944450378418e-01
-2.561701536178588867e-01,1.465051174163818359e-01
-1.881932914257049561e-01,2.160993218421936035e-01
1.690364480018615723e-01,-4.601975381374359131e-01
1.196658313274383545e-01,-2.839762866497039795e-01
1.867775432765483856e-02,-2.355225756764411926e-02
4.571087658405303955e-03,-2.202511578798294067e-01
-5.344451665878295898e-01,5.338346958160400391e-01
7.576223462820053101e-02,-4.090292751789093018e-01
-1.588415503501892090e-01,3.620375692844390869e-01
1.301578581333160400e-01,-4.648064374923706055e-01
1.522746086120605469e-01,-5.123773217201232910e-01
5.808607861399650574e-02,-8.931221812963485718e-02
1.561246216297149658e-01,-5.143304467201232910e-01
2.396044321358203888e-02,-1.321362555027008057e-01
1.009269878268241882e-01,-2.344984263181686401e-01
5.789459496736526489e-02,-4.381793439388275146e-01
4.002902284264564514e-02,-4.018108546733856201e-01
-7.646769285202026367e-02,1.991790235042572021e-01
3.100618347525596619e-02,-4.487018883228302002e-01
6.310528516769409180e-02,3.876678645610809326e-01
-9.541881829500198364e-02,3.204723298549652100e-01
1.300164312124252319e-01,-3.514485061168670654e-01
-1.582064330577850342e-01,3.087169528007507324e-01
1.624391674995422363e-01,-4.147249460220336914e-01
1.231563463807106018e-01,-4.784070253372192383e-01
6.453945487737655640e-02,4.151064455509185791e-01
-2.037755399942398071e-01,2.394845485687255859e-01
-1.314676702022552490e-01,2.004629522562026978e-01
4.236803203821182251e-02,-1.579228043556213379e-01
5.736601352691650391e-02,3.535464406013488770e-01
-1.998407095670700073e-01,3.275101780891418457e-01
3.436990082263946533e-02,3.918348848819732666e-01
-1.107125356793403625e-01,7.037010975182056427e-03
5.438046529889106750e-02,-8.657591789960861206e-02
-1.047266423702239990e-01,5.457968264818191528e-02
-1.880350261926651001e-01,2.967790067195892334e-01
-2.107365876436233521e-01,2.158185392618179321e-01
1.063000112771987915e-01,-3.545413017272949219e-01
1.088684201240539551e-01,9.171104431152343750e-02
1.265038102865219116e-01,-3.786096274852752686e-01
-1.047436892986297607e-01,1.687032580375671387e-01
-9.995997697114944458e-02,2.915386855602264404e-01
7.908868044614791870e-02,-4.430334568023681641e-01
1.578600555658340454e-01,-3.085133433341979980e-01
1.906061619520187378e-01,-4.330375194549560547e-01
2.601387351751327515e-02,3.221652507781982422e-01
1.690174639225006104e-01,-3.743162155151367188e-01
8.861495554447174072e-02,-1.349303573369979858e-01
1.052152588963508606e-01,-4.260427057743072510e-01
2.771691046655178070e-02,3.876777589321136475e-01
-1.697440445423126221e-01,2.231973707675933838e-01
9.838599711656570435e-02,-1.789046227931976318e-01
-6.383378058671951294e-02,2.295952290296554565e-01
6.577638536691665649e-02,4.157480895519256592e-01
-1.362865865230560303e-01,2.949632704257965088e-01
-2.190053462982177734e-02,3.522118628025054932e-01
-2.022419422864913940e-01,2.143707424402236938e-01
1.345097273588180542e-01,-4.368091523647308350e-01
-1.514385491609573364e-01,2.906145453453063965e-01
-9.257934987545013428e-02,2.495666295289993286e-01
8.436258882284164429e-02,1.735379099845886230e-01
3.153240540996193886e-03,1.914713531732559204e-01
7.006786763668060303e-02,-1.177230849862098694e-01
1.503845155239105225e-01,-4.213787317276000977e-01
7.848181575536727905e-02,-2.316333800554275513e-01
1.503695100545883179e-01,-3.622019588947296143e-01
1.506451796740293503e-02,3.768128454685211182e-01
1.547420024871826172e-01,-2.533276677131652832e-01
1.832288205623626709e-01,-4.288063943386077881e-01
4.901026561856269836e-02,-3.147286474704742432e-01
1.611124128103256226e-01,-4.343169927597045898e-01
-1.384413838386535645e-01,2.819713652133941650e-01
-1.818037629127502441e-01,3.115417361259460449e-01
-1.124604046344757080e-01,7.512068841606378555e-03
1.692193150520324707e-01,-3.183120489120483398e-01
4.534835740923881531e-02,-7.175242900848388672e-02
1.300518065690994263e-01,2.206095121800899506e-02
6.281798332929611206e-02,4.125864803791046143e-01
1.693728566169738770e-01,-3.942226171493530273e-01
-1.989200413227081299e-01,2.050117999315261841e-01
1.221019551157951355e-01,-3.664294779300689697e-01
1.424823999404907227e-01,-2.455073446035385132e-01
-3.716143593192100525e-02,3.126841187477111816e-01
2.539561875164508820e-02,-1.638879925012588501e-01
-1.698463261127471924e-01,3.195869028568267822e-01
6.544286012649536133e-02,3.102302923798561096e-02
1.816111952066421509e-01,-4.327600300312042236e-01
-1.893606930971145630e-01,2.081684768199920654e-01
1.735824942588806152e-01,-5.097920298576354980e-01
-1.363064348697662354e-01,2.723273932933807373e-01
1.794096976518630981e-01,-3.762939572334289551e-01
5.363725498318672180e-02,3.305338919162750244e-01
6.789929419755935669e-02,-2.877585291862487793e-01
5.273393169045448303e-02,-2.491305917501449585e-01
-6.066948920488357544e-02,2.784688398241996765e-02
5.938560143113136292e-02,-1.099386215209960938e-01
-9.012251347303390503e-02,3.358141183853149414e-01
1.586723476648330688e-01,-5.235862135887145996e-01
4.257550463080406189e-02,-2.941740155220031738e-01
1.280230879783630371e-01,1.318217366933822632e-01
4.379461705684661865e-02,-3.264363706111907959e-01
-2.472787350416183472e-01,2.900770008563995361e-01
2.938773483037948608e-02,-3.299338817596435547e-01
9.325526654720306396e-02,-3.623362779617309570e-01
-3.534795343875885010e-02,-2.081281244754791260e-01
-1.251680124551057816e-02,-2.263225615024566650e-01
2.466635219752788544e-02,-4.320639371871948242e-01
3.467581048607826233e-02,-4.216576218605041504e-01
6.065425649285316467e-02,-4.774239957332611084e-01
6.425244361162185669e-02,4.197215139865875244e-01
5.895712226629257202e-02,-9.707070887088775635e-02
8.569210767745971680e-02,-5.089333057403564453e-01
4.539707303047180176e-02,3.975132405757904053e-01
-1.994573771953582764e-01,1.929333657026290894e-01
5.401423200964927673e-02,2.042316347360610962e-01
1.041181683540344238e-01,-4.985348880290985107e-01
7.264549285173416138e-02,-4.689058959484100342e-01
-2.041489332914352417e-01,2.412600815296173096e-01
-4.935565218329429626e-02,1.720482409000396729e-01
7.155269384384155273e-02,2.061256766319274902e-01
3.940179198980331421e-02,3.938979208469390869e-01
6.467147916555404663e-02,4.210663437843322754e-01
1.544940918684005737e-01,-4.775909483432769775e-01
-1.651873588562011719e-01,3.148668706417083740e-01
1.449937671422958374e-01,-4.303365051746368408e-01
8.588650077581405640e-02,-4.980929195880889893e-01
-2.059452980756759644e-01,2.721804678440093994e-01
-1.901658624410629272e-01,2.726055979728698730e-01
-1.118036583065986633e-01,7.258581463247537613e-03
7.224135100841522217e-02,4.300790131092071533e-01
-1.227436438202857971e-01,1.179502680897712708e-01
1.569764912128448486e-01,-4.410309493541717529e-01
1.648713946342468262e-01,-4.821425378322601318e-01
5.437164008617401123e-02,-4.563480913639068604e-01
3.692017868161201477e-02,-6.973547488451004028e-02
5.303972214460372925e-02,4.038272798061370850e-01
-2.207781523466110229e-01,2.932758927345275879e-01
1.115742772817611694e-01,-2.544884383678436279e-01
-1.058901771903038025e-01,2.411731928586959839e-01
1.500849127769470215e-01,-4.435868561267852783e-01
-2.175690084695816040e-01,2.651659548282623291e-01
-2.328248471021652222e-01,2.906050980091094971e-01
-2.416163235902786255e-01,2.829921841621398926e-01
-4.471522197127342224e-02,2.005884349346160889e-01
1.079925745725631714e-01,-4.957435131072998047e-01
1.604042202234268188e-01,-4.925248920917510986e-01
-2.069954127073287964e-01,2.937248647212982178e-01
4.614733159542083740e-02,-1.372598856687545776e-01
6.318227946758270264e-02,1.286082863807678223e-01
6.831306219100952148e-02,-1.672467961907386780e-02
-1.226888969540596008e-01,1.922508925199508667e-01
1.796931214630603790e-02,-4.026397168636322021e-01
6.610617041587829590e-02,-2.151630520820617676e-01
-1.257482022047042847e-01,2.435356527566909790e-01
1.028228104114532471e-01,-1.801144629716873169e-01
1.735940873622894287e-01,-3.966071903705596924e-01
-1.067299023270606995e-01,2.508393861353397369e-02
2.458229102194309235e-02,-8.731558918952941895e-02
6.722593307495117188e-02,4.113671183586120605e-01
1.183781176805496216e-01,-2.800185680389404297e-01
-1.969843208789825439e-01,3.124381601810455322e-01
1.180524677038192749e-01,-2.683438658714294434e-01
-9.172423928976058960e-02,2.925186753273010254e-01
-8.227578550577163696e-02,-1.393984165042638779e-02
-1.575609855353832245e-02,-8.176626265048980713e-02
-2.566114664077758789e-01,1.640899777412414551e-01
-2.050297893583774567e-02,3.080711960792541504e-01
1.265767067670822144e-01,5.224579200148582458e-02
-2.122242152690887451e-01,2.303879857063293457e-01
-5.743887275457382202e-02,-2.718096598982810974e-02
-2.116506099700927734e-01,2.466626614332199097e-01
6.052968651056289673e-02,-4.305911958217620850e-01
-1.020135730504989624e-01,2.853402495384216309e-01
1.099257394671440125e-01,-5.064288973808288574e-01
1.495500206947326660e-01,-2.833682894706726074e-01
-3.859548270702362061e-01,4.108980298042297363e-01
7.173414528369903564e-02,4.285852611064910889e-01
6.266383081674575806e-02,-4.621904492378234863e-01
-5.348027348518371582e-01,5.339837670326232910e-01
5.062787607312202454e-02,-4.344986975193023682e-01
6.932742893695831299e-02,-4.822842478752136230e-01
8.869852125644683838e-02,-5.011153221130371094e-01
3.744703531265258789e-02,-1.241857111454010010e-01
4.062651842832565308e-02,3.412526249885559082e-01
9.144201129674911499e-02,2.421112656593322754e-01
-2.100429087877273560e-01,2.980612516403198242e-01
8.561398088932037354e-02,-4.984066486358642578e-01
-1.709757596254348755e-01,1.839103251695632935e-01
5.593445524573326111e-02,-9.224240481853485107e-02
2.143177948892116547e-02,-4.025313630700111389e-02
-1.612363010644912720e-02,2.906439900398254395e-01
-1.043939590454101562e-01,2.131838202476501465e-01
1.762486435472965240e-02,-4.209933876991271973e-01
-1.269208937883377075e-01,2.561754584312438965e-01
-2.131870985031127930e-01,2.966305017471313477e-01
1.312778294086456299e-01,-3.448301255702972412e-01
1.620880067348480225e-01,-4.607069492340087891e-01
2.530028484761714935e-02,-4.251535832881927490e-01
-2.032882720232009888e-01,2.967085540294647217e-01
3.983306512236595154e-02,-2.548590898513793945e-01
1.883618235588073730e-01,-3.902834057807922363e-01
-1.922308355569839478e-01,1.980743557214736938e-01
-2.156802862882614136e-01,2.819246649742126465e-01
4.936921223998069763e-02,-2.039829194545745850e-01
-3.200904279947280884e-02,-1.331196427345275879e-01
-1.927531957626342773e-01,2.750262618064880371e-01
1.435924768447875977e-01,-5.031134486198425293e-01
1.688478440046310425e-01,-4.307702481746673584e-01
-1.383771896362304688e-01,2.682603001594543457e-01
8.615126460790634155e-02,-4.857947528362274170e-01
1.774508059024810791e-01,-4.350415766239166260e-01
-3.896215185523033142e-02,-5.691321194171905518e-02
-2.307087928056716919e-01,2.449454218149185181e-01
-1.719526201486587524e-01,2.435936033725738525e-01
1.159873381257057190e-01,-4.309217631816864014e-01
1.246309652924537659e-01,-1.728906780481338501e-01
9.839687496423721313e-02,2.836477160453796387e-01
1.626141965389251709e-01,-2.426782548427581787e-01
4.776348546147346497e-02,3.667463362216949463e-01
4.767764732241630554e-02,-4.515771865844726562e-01
-1.290261596441268921e-01,1.718901544809341431e-01
5.667673423886299133e-02,-2.259749770164489746e-01
3.148584812879562378e-02,1.942691057920455933e-01
1.447332743555307388e-02,-1.243353113532066345e-01
1.652631312608718872e-01,-4.258536100387573242e-01
4.692877084016799927e-02,-3.946943208575248718e-02
3.893464803695678711e-02,-1.349521279335021973e-01
5.784715712070465088e-02,3.961238265037536621e-01
4.344958066940307617e-02,3.962667882442474365e-01
8.096764981746673584e-02,2.598938941955566406e-01
1.160521432757377625e-01,-2.957952320575714111e-01
4.101398214697837830e-02,3.433851301670074463e-01
1.647208929061889648e-01,-3.998777568340301514e-01
1.566503047943115234e-01,-4.473798871040344238e-01
4.105768352746963501e-02,-2.472284585237503052e-01
1.644685864448547363e-01,-3.791694939136505127e-01
1.390331238508224487e-01,-3.197779953479766846e-01
-1.529434174299240112e-01,2.187970280647277832e-01
1.595914512872695923e-01,-4.800720810890197754e-01
-1.150589901953935623e-02,-2.668527364730834961e-01
5.453315749764442444e-02,-2.598695456981658936e-01
7.077962160110473633e-02,4.281246066093444824e-01
-1.203311383724212646e-01,1.559647619724273682e-01
-1.300869733095169067e-01,2.702628076076507568e-01
1.699240654706954956e-01,-5.275423526763916016e-01
1.840534359216690063e-01,-4.549569189548492432e-01
8.826873451471328735e-02,-5.059249401092529297e-01
5.026363208889961243e-02,3.982624411582946777e-01
1.039538998156785965e-02,7.022777199745178223e-02
1.488760411739349365e-01,-3.495177328586578369e-01
-1.374442689120769501e-02,5.652636662125587463e-02
7.995320856571197510e-02,-1.801083832979202271e-01
1.500169932842254639e-01,-3.448553085327148438e-01
-1.856622248888015747e-01,1.941118836402893066e-01
-1.085471734404563904e-01,2.979325056076049805e-01
-1.179170161485671997e-01,3.006332516670227051e-01
1.388330459594726562e-01,-4.547146558761596680e-01
5.360802263021469116e-02,2.384369373321533203e-01
6.445665657520294189e-02,-1.675771772861480713e-01
7.634385023266077042e-03,2.071826308965682983e-01
1.315081715583801270e-01,-4.191807210445404053e-01
-2.569556832313537598e-01,1.682921797037124634e-01
2.339310944080352783e-02,-1.319125592708587646e-01
-6.792160868644714355e-02,2.158330082893371582e-01
8.268016390502452850e-03,-1.329534649848937988e-01
9.144014865159988403e-02,2.422430962324142456e-01
2.414961718022823334e-02,-2.134009897708892822e-01
9.232898056507110596e-02,-6.627628207206726074e-02
-2.413183636963367462e-02,2.118300646543502808e-01
2.105292864143848419e-02,-3.418634831905364990e-01
-1.944645345211029053e-01,2.980626225471496582e-01
-2.261632122099399567e-02,-2.424270510673522949e-01
2.364165894687175751e-02,3.089248239994049072e-01
-1.394224464893341064e-01,3.430319130420684814e-01
-2.081668823957443237e-01,2.865205109119415283e-01
1.075995862483978271e-01,-4.087642431259155273e-01
6.078298017382621765e-02,3.972604572772979736e-01
6.884479522705078125e-02,-8.017455786466598511e-02
8.385103195905685425e-02,-5.063813328742980957e-01
-8.538419008255004883e-02,2.509051859378814697e-01
8.666083961725234985e-02,-5.070015788078308105e-01
-9.361305832862854004e-02,2.630776166915893555e-01
-2.497646659612655640e-01,3.040869534015655518e-01
-9.581845253705978394e-02,-8.972423151135444641e-03
4.562582075595855713e-02,3.759196996688842773e-01
4.583610594272613525e-02,2.735022604465484619e-01
9.076157212257385254e-02,2.422524243593215942e-01
8.638527244329452515e-02,-5.089429020881652832e-01
1.760741882026195526e-02,-2.344387918710708618e-01
-1.067884638905525208e-01,1.756524294614791870e-01
5.897370725870132446e-02,4.013292491436004639e-01
1.512453258037567139e-01,-3.620540797710418701e-01
-8.183912932872772217e-02,2.862000465393066406e-01
6.321214139461517334e-02,-1.157392635941505432e-01
-2.239350676536560059e-01,2.998938858509063721e-01
-2.312272787094116211e-01,2.701465487480163574e-01
8.008486032485961914e-02,-1.809335649013519287e-01
-2.459787391126155853e-02,1.755473911762237549e-01
3.919450938701629639e-02,-1.173732802271842957e-01
1.676304340362548828e-01,-2.970762252807617188e-01
1.753015965223312378e-01,-3.956358730792999268e-01
1.530620455741882324e-01,-4.549183845520019531e-01
-2.784460783004760742e-02,2.931596040725708008e-01
6.612180173397064209e-02,-1.303247511386871338e-01
-1.095481365919113159e-01,6.947646848857402802e-03
-1.842734962701797485e-01,3.041027188301086426e-01
1.839967966079711914e-01,-4.169472157955169678e-01
1.705821752548217773e-01,-3.981624841690063477e-01
-3.657273203134536743e-02,2.108041942119598389e-01
-9.602769464254379272e-02,1.926028430461883545e-01
-1.283253356814384460e-02,-1.930692791938781738e-01
9.018202871084213257e-02,-5.042154788970947266e-01
-1.616264283657073975e-01,2.170546203851699829e-01
-2.423520386219024658e-01,3.175333440303802490e-01
1.088264137506484985e-01,-2.067085802555084229e-01
1.795757114887237549e-01,-4.003698825836181641e-01
1.072837859392166138e-01,2.951069772243499756e-01
6.846893578767776489e-02,3.261973857879638672e-01
2.579463459551334381e-02,-2.835896611213684082e-01
4.630067199468612671e-02,-9.162452816963195801e-02
1.678166836500167847e-01,-4.696625173091888428e-01
-2.517939805984497070e-01,3.181129992008209229e-01
-2.477539032697677612e-01,3.253467977046966553e-01
5.889343097805976868e-02,-1.086756214499473572e-01
5.757281556725502014e-02,-2.173042893409729004e-01
8.725759387016296387e-02,-3.415876030921936035e-01
-2.199176549911499023e-01,2.506017684936523438e-01
1.869562640786170959e-02,-1.207543238997459412e-01
5.107726901769638062e-02,-9.395134449005126953e-02
1.600475013256072998e-01,-2.718150615692138672e-01
-1.756064295768737793e-01,1.632392257452011108e-01
7.072960585355758667e-02,4.279729723930358887e-01
8.851757645606994629e-02,-4.266214668750762939e-01
-1.637656986713409424e-02,2.814123332500457764e-01
8.615299314260482788e-02,-4.972459375858306885e-01
1.108423024415969849e-01,-3.456628322601318359e-01
-1.377850025892257690e-01,1.877892464399337769e-01
5.334172397851943970e-02,4.071113169193267822e-01
3.953007981181144714e-02,1.223557814955711365e-01
9.131412208080291748e-02,-1.106105521321296692e-01
-5.458669364452362061e-02,3.627823591232299805e-01
1.465583033859729767e-02,-2.957867980003356934e-01
-1.002923548221588135e-01,1.891316473484039307e-01
8.554291725158691406e-02,-9.433156996965408325e-02
-2.012389302253723145e-01,2.913350164890289307e-01
-2.037976682186126709e-01,8.928696066141128540e-02
1.003989875316619873e-01,-4.798671305179595947e-01
4.836184158921241760e-02,3.852206766605377197e-01
8.687302470207214355e-02,-4.838676452636718750e-01
1.726547628641128540e-02,-1.980858296155929565e-01
1.694058626890182495e-01,-5.268223285675048828e-01
8.214688301086425781e-02,-4.990646839141845703e-01
1.006832048296928406e-01,-5.009046792984008789e-01
7.282224297523498535e-02,-4.646871387958526611e-01
-8.946822956204414368e-03,-2.197639793157577515e-01
-2.262732237577438354e-01,2.686633765697479248e-01
5.954449251294136047e-02,-4.226209819316864014e-01
7.330111414194107056e-02,-2.983807623386383057e-01
-3.586341068148612976e-02,3.584092259407043457e-01
-7.320162653923034668e-02,3.057561218738555908e-01
-1.761620789766311646e-01,2.346884012222290039e-01
8.731308579444885254e-02,-4.304257035255432129e-01
9.295696765184402466e-02,-3.258937001228332520e-01
4.940335452556610107e-02,-7.798732072114944458e-02
-5.171152204275131226e-02,2.608809471130371094e-01
-5.344036221504211426e-01,5.336699485778808594e-01
6.695232540369033813e-02,-4.733360111713409424e-01
-5.375042930245399475e-02,1.882701665163040161e-01
1.397661715745925903e-01,-3.365094065666198730e-01
-1.947941929101943970e-01,2.433158308267593384e-01
1.407665908336639404e-01,-4.354503452777862549e-01
3.504922613501548767e-02,-3.897031843662261963e-01
-1.449973285198211670e-01,1.867485195398330688e-01
7.141229510307312012e-02,4.289360940456390381e-01
2.636467292904853821e-02,2.833203971385955811e-01
5.818045884370803833e-02,4.030173420906066895e-01
-2.134222351014614105e-02,1.853819936513900757e-01
1.560767292976379395e-01,-2.827868759632110596e-01
1.555028408765792847e-01,-4.207590520381927490e-01
3.794271126389503479e-02,-1.508538126945495605e-01
6.881098449230194092e-02,-4.785129427909851074e-01
-1.889049410820007324e-01,3.091189265251159668e-01
-6.318096071481704712e-02,2.431839108467102051e-01
3.840736672282218933e-02,3.583695888519287109e-01
-4.701479896903038025e-02,1.803413480520248413e-01
-2.606591582298278809e-01,3.345203995704650879e-01
2.120601478964090347e-03,-2.403994202613830566e-01
2.200214564800262451e-02,-6.302110850811004639e-02
-2.391458302736282349e-01,2.868989706039428711e-01
1.724173724651336670e-01,-5.100109577178955078e-01
-1.396096944808959961e-01,2.045898437500000000e-01
-2.488356083631515503e-01,3.196697235107421875e-01
-1.815503686666488647e-01,3.229397535324096680e-01
1.247307211160659790e-01,-4.179248809814453125e-01
5.061440169811248779e-02,3.914543688297271729e-01
-1.908900290727615356e-01,3.013718724250793457e-01
-1.142120808362960815e-01,1.843419820070266724e-01
-1.123423203825950623e-01,2.113131135702133179e-01
2.086442150175571442e-02,3.713029921054840088e-01
-1.119258329272270203e-01,5.878559313714504242e-03
-1.571006774902343750e-01,2.609723508358001709e-01
4.472112655639648438e-02,-2.121476233005523682e-01
3.589803725481033325e-02,-8.689337968826293945e-02
-1.251899302005767822e-01,2.284692972898483276e-01
1.504092812538146973e-01,-3.957740962505340576e-01
1.884485967457294464e-02,-1.830469220876693726e-01
1.494057010859251022e-02,-3.463211655616760254e-01
-4.991019144654273987e-02,2.262488752603530884e-01
1.489577293395996094e-01,-8.508731424808502197e-02
5.923372879624366760e-02,-5.795858800411224365e-02
-2.058062702417373657e-01,3.145775198936462402e-01
5.746634677052497864e-02,-1.050624772906303406e-01
-2.664260864257812500e-01,3.280206024646759033e-01
1.844673156738281250e-01,-4.127044975757598877e-01
5.221354216337203979e-02,3.975495398044586182e-01
5.536449328064918518e-02,-9.222491085529327393e-02
-6.341189146041870117e-02,2.374456226825714111e-01
-1.117936372756958008e-01,8.627577684819698334e-03
1.482097506523132324e-01,-3.741805851459503174e-01
7.410800457000732422e-02,-4.288942217826843262e-01
1.345444023609161377e-01,-4.287128448486328125e-01
-2.209280580282211304e-01,2.924918830394744873e-01
3.783297166228294373e-02,8.749983459711074829e-02
-2.571469545364379883e-01,2.043292075395584106e-01
-9.742756932973861694e-02,1.896267011761665344e-02
-1.785219833254814148e-02,2.108352929353713989e-01
-1.845213770866394043e-01,2.868036627769470215e-01
1.593330502510070801e-01,-4.552707076072692871e-01
1.430403292179107666e-01,-4.854520261287689209e-01
4.629409685730934143e-02,-4.515968263149261475e-01
3.258969634771347046e-02,-4.481191039085388184e-01
-9.578735567629337311e-03,-2.555748522281646729e-01
9.410597383975982666e-02,-2.550015226006507874e-02
-8.512745797634124756e-02,1.953611224889755249e-01
7.776766270399093628e-02,-1.765429079532623291e-01
1.196954473853111267e-01,-5.114512443542480469e-01
-1.247735843062400818e-01,1.548142135143280029e-01
-2.359903454780578613e-01,2.663013935089111328e-01
-1.141274720430374146e-01,3.214854896068572998e-01
2.793537639081478119e-02,-2.120725661516189575e-01
-1.594436615705490112e-01,1.999796926975250244e-01
6.085525825619697571e-02,-4.508127868175506592e-01
6.325516849756240845e-02,4.194974303245544434e-01
-1.449009180068969727e-01,2.864915132522583008e-01
5.968792736530303955e-02,-3.276499807834625244e-01
6.922861188650131226e-02,-1.104440689086914062e-01
-2.299757450819015503e-01,2.836324572563171387e-01
1.919651217758655548e-02,-2.588395476341247559e-01
-1.520080417394638062e-01,2.846162021160125732e-01
9.770207107067108154e-02,-4.365845918655395508e-01
3.194672241806983948e-02,3.245087862014770508e-01
1.303752958774566650e-01,1.381407976150512695e-01
5.518141761422157288e-02,-4.538286030292510986e-01
-8.257810026407241821e-02,2.002025097608566284e-01
-1.771793961524963379e-01,2.266246825456619263e-01
7.250329107046127319e-02,-4.145693480968475342e-01
1.224309280514717102e-01,-5.080156922340393066e-01
-6.623413413763046265e-02,1.925389468669891357e-01
-1.541287451982498169e-01,2.286999672651290894e-01
6.462533026933670044e-02,-9.332069754600524902e-02
-6.881152093410491943e-02,3.510777652263641357e-01
-1.397891044616699219e-01,2.012666165828704834e-01
8.648770302534103394e-02,-5.093265771865844727e-01
9.407722949981689453e-02,-4.680735766887664795e-01
1.173317581415176392e-01,-4.747912585735321045e-01
-2.112311720848083496e-01,2.508424222469329834e-01
4.945682361721992493e-02,3.759745061397552490e-01
-1.103515028953552246e-01,8.063206449151039124e-03
1.041346713900566101e-01,-5.082548260688781738e-01
-2.449558228254318237e-01,3.033408224582672119e-01
-1.508689373731613159e-01,3.180819451808929443e-01
-1.244833767414093018e-01,2.686254084110260010e-01
-4.185030236840248108e-02,1.682953834533691406e-01
-2.429744154214859009e-01,2.782419323921203613e-01
5.404117330908775330e-02,2.822897732257843018e-01
1.576245278120040894e-01,-4.270712435245513916e-01
3.989687934517860413e-02,-5.650093033909797668e-02
1.245371550321578979e-01,-4.994109869003295898e-01
6.449963897466659546e-02,4.152879714965820312e-01
-1.612813323736190796e-01,1.665831506252288818e-01
8.490367978811264038e-02,-2.186467051506042480e-01
1.430572718381881714e-01,-4.900074303150177002e-01
-5.195650085806846619e-02,2.996331453323364258e-01
-2.578291483223438263e-02,2.179891169071197510e-01
6.284947693347930908e-02,4.132907986640930176e-01
2.814325504004955292e-02,-2.626920938491821289e-01
2.571709454059600830e-02,2.362541407346725464e-01
1.338918358087539673e-01,-4.315112531185150146e-01
-1.791235208511352539e-01,2.033676058053970337e-01
-1.839833706617355347e-01,2.262511104345321655e-01
6.942926347255706787e-02,-1.207842957228422165e-02
4.825054109096527100e-02,-1.545484811067581177e-01
4.308941215276718140e-02,-2.777226865291595459e-01
2.080815285444259644e-01,-3.509818017482757568e-01
-2.535974979400634766e-01,1.488537490367889404e-01
8.193633519113063812e-03,3.074992597103118896e-01
4.889098927378654480e-02,-5.633434280753135681e-03
1.101652979850769043e-01,-4.758250415325164795e-01
6.303017586469650269e-02,4.169199466705322266e-01
3.907765075564384460e-02,-2.768458127975463867e-01
7.383967749774456024e-03,-1.330762803554534912e-01
-1.271351575851440430e-01,1.821494251489639282e-01
5.337465554475784302e-02,-3.173000514507293701e-01
1.147642433643341064e-01,-4.761482775211334229e-01
1.142266765236854553e-01,-4.278555810451507568e-01
4.313106834888458252e-02,3.467660546302795410e-01
1.687193512916564941e-01,-5.272791385650634766e-01
4.711157828569412231e-02,4.010586440563201904e-01
-1.667913943529129028e-01,2.289821356534957886e-01
-2.274160459637641907e-02,3.255623281002044678e-01
1.587050855159759521e-01,-3.823473155498504639e-01
6.714265048503875732e-02,-1.667530983686447144e-01
9.511315822601318359e-02,1.824944168329238892e-01
6.687988340854644775e-02,2.326415479183197021e-01
-1.047829240560531616e-01,2.929266989231109619e-01
5.661107972264289856e-02,-2.399227321147918701e-01
5.842541903257369995e-02,3.947151899337768555e-01
1.050069648772478104e-02,-2.583389282226562500e-01
-2.260206341743469238e-01,2.782008349895477295e-01
1.152434349060058594e-01,-5.017379522323608398e-01
-1.646369546651840210e-01,3.009254336357116699e-01
-7.285282481461763382e-03,-2.923066020011901855e-01
-1.512401103973388672e-01,2.977157831192016602e-01
-3.476576879620552063e-02,1.480693463236093521e-02
2.028542011976242065e-01,-3.707569837570190430e-01
-1.721131652593612671e-01,1.858550012111663818e-01
1.940745674073696136e-02,-2.335566729307174683e-01
-4.587059374898672104e-03,-2.674114704132080078e-01
8.754695206880569458e-02,-4.101384878158569336e-01
-1.625194996595382690e-01,2.713948190212249756e-01
1.557440310716629028e-01,-4.009800851345062256e-01
-1.636391133069992065e-01,2.193011492490768433e-01
7.121262699365615845e-02,4.290450215339660645e-01
7.233163714408874512e-02,-1.749573200941085815e-01
-1.816796213388442993e-01,2.421607375144958496e-01
5.388532951474189758e-02,3.546543419361114502e-01
7.696205377578735352e-02,-3.463246226310729980e-01
-1.698147058486938477e-01,2.796842157840728760e-01
-1.408032625913619995e-01,3.489916920661926270e-01
1.534751355648040771e-01,1.072063948959112167e-02
-3.685362935066223145e-01,3.953784704208374023e-01
6.269890815019607544e-02,3.514526486396789551e-01
1.687313020229339600e-01,-3.815896213054656982e-01
-1.841485202312469482e-01,2.648715376853942871e-01
3.401208296418190002e-02,-3.093386813998222351e-02
-2.409144639968872070e-01,2.785774767398834229e-01
-1.919039636850357056e-01,2.685005962848663330e-01
1.518028974533081055e-01,-3.197691142559051514e-01
-1.330427080392837524e-02,-2.022708654403686523e-01
-1.354724466800689697e-01,2.702094316482543945e-01
1.367596834897994995e-01,-2.537461817264556885e-01
7.182996720075607300e-02,4.290549159049987793e-01
8.500562608242034912e-02,-1.748754382133483887e-01
8.394752442836761475e-02,-1.798258423805236816e-01
1.081453785300254822e-01,2.953235805034637451e-01
-1.508804708719253540e-01,2.415305376052856445e-01
-7.041227817535400391e-02,2.484221458435058594e-01
-2.205303013324737549e-01,2.896122634410858154e-01
5.069394409656524658e-02,4.117053151130676270e-01
1.651879698038101196e-01,-2.223244011402130127e-01
8.456895500421524048e-02,-5.007425546646118164e-01
-1.953921765089035034e-01,2.037145942449569702e-01
1.356456428766250610e-01,-1.524619013071060181e-01
1.044178828597068787e-01,-4.675680398941040039e-01
-1.262988448143005371e-01,3.406458199024200439e-01
5.583414062857627869e-02,2.010894864797592163e-01
-1.230286713689565659e-02,-2.044205665588378906e-01
1.524997800588607788e-01,-1.352543681859970093e-01
8.882852643728256226e-02,3.090193681418895721e-02
2.189710736274719238e-02,3.894675672054290771e-01
-1.868595629930496216e-01,3.238931894302368164e-01
7.715161889791488647e-02,-3.588449358940124512e-01
1.029664278030395508e-01,-3.704471886157989502e-01
-1.687283217906951904e-01,2.085707783699035645e-01
-3.274380043148994446e-02,1.428582817316055298e-01
4.904036596417427063e-02,2.228497117757797241e-01
8.522975444793701172e-02,-4.331167042255401611e-01
9.409822523593902588e-02,-2.717713415622711182e-01
-7.608150690793991089e-02,2.356308512389659882e-02
6.753258407115936279e-02,4.207548201084136963e-01
6.321886181831359863e-02,4.116051197052001953e-01
1.749159842729568481e-01,-4.027897715568542480e-01
1.153123602271080017e-01,-4.545073807239532471e-01
7.055893540382385254e-02,4.273551106452941895e-01
6.613585352897644043e-02,-1.150011792778968811e-01
-6.587021797895431519e-02,2.406194508075714111e-01
-2.352737076580524445e-02,2.617917656898498535e-01
-3.958941902965307236e-03,1.865385323762893677e-01
7.928755879402160645e-02,-1.937810927629470825e-01
7.345215976238250732e-02,-3.737880587577819824e-01
7.488476485013961792e-02,-4.389458596706390381e-01
6.353524327278137207e-02,-4.605855941772460938e-01
1.313004493713378906e-01,-4.963440001010894775e-01
1.085897609591484070e-01,2.950837910175323486e-01
-1.606355011463165283e-01,2.677993178367614746e-01
7.311382889747619629e-02,-4.431953132152557373e-01
-1.176241040229797363e-01,2.579632699489593506e-01
5.515845492482185364e-02,2.859349846839904785e-01
1.022716984152793884e-01,1.615752130746841431e-01
-1.317106485366821289e-01,2.619210779666900635e-01
6.039392203092575073e-02,-3.991410434246063232e-01
8.553563058376312256e-02,-5.082348585128784180e-01
-1.964789032936096191e-01,2.729443311691284180e-01
4.247646033763885498e-02,-1.089775413274765015e-01
8.280289359390735626e-03,-1.172955557703971863e-01
-1.541240839287638664e-03,1.794840246438980103e-01
8.647559583187103271e-02,-3.848712444305419922e-01
-1.205563694238662720e-01,3.634960651397705078e-01
2.563937753438949585e-02,3.167326450347900391e-01
5.663436278700828552e-02,-4.279678463935852051e-01
-1.236743107438087463e-01,3.471467196941375732e-01
1.799892783164978027e-01,-4.564697146415710449e-01
8.257071673870086670e-02,-4.506868720054626465e-01
1.238853409886360168e-01,-5.077856183052062988e-01
6.011438742280006409e-02,4.106975793838500977e-01
4.756676778197288513e-02,-8.886615186929702759e-02
1.469628214836120605e-01,-4.333787858486175537e-01
-1.266880333423614502e-01,1.762730926275253296e-01
5.986317247152328491e-02,1.133310124278068542e-01
4.977180063724517822e-02,-1.091116294264793396e-01
3.636221960186958313e-02,-1.155790463089942932e-01
-8.017752319574356079e-02,1.749714761972427368e-01
6.422459334135055542e-02,-9.196551144123077393e-02
3.859589993953704834e-02,-8.459858596324920654e-02
5.417130514979362488e-02,-4.070447087287902832e-01
3.932302072644233704e-02,-2.539333142340183258e-02
1.262369155883789062e-01,-3.100903332233428955e-01
8.359549939632415771e-02,-2.393660098314285278e-01
1.807505786418914795e-01,-4.204562902450561523e-01
-2.448032349348068237e-01,3.008114397525787354e-01
-1.241063624620437622e-01,3.624729514122009277e-01
6.126866117119789124e-02,-2.519759535789489746e-01
9.525448828935623169e-02,-9.878683090209960938e-02
-3.077635914087295532e-02,2.205273956060409546e-01
-3.667233586311340332e-01,3.904691338539123535e-01
4.139757156372070312e-02,-4.331793785095214844e-01
3.739898791536688805e-03,-2.953505218029022217e-01
1.002676486968994141e-01,-5.108735561370849609e-01
5.730838328599929810e-02,3.918837606906890869e-01
2.522198949009180069e-03,-2.786819636821746826e-01
-1.364612579345703125e-01,1.764098554849624634e-01
-1.180891692638397217e-01,3.215190172195434570e-01
9.874927997589111328e-02,1.999123394489288330e-01
-1.469921600073575974e-02,1.886286437511444092e-01
-1.705953627824783325e-01,2.593865394592285156e-01
-8.473824709653854370e-02,3.572772145271301270e-01
-1.865172013640403748e-02,2.438157200813293457e-01
7.256434857845306396e-02,-1.815896332263946533e-01
4.809329751878976822e-03,3.182232677936553955e-01
-9.294781088829040527e-02,3.546792268753051758e-01
1.229558140039443970e-01,-5.172274708747863770e-01
5.828630551695823669e-02,4.110594689846038818e-01
4.683014005422592163e-03,3.514290452003479004e-01
4.070619866251945496e-02,-3.665635883808135986e-01
7.729641348123550415e-02,-3.645741343498229980e-01
-1.088840067386627197e-01,6.183204706758260727e-03
-5.733438581228256226e-02,3.792681396007537842e-01
-1.836889982223510742e-02,3.011606931686401367e-01
8.221770077943801880e-02,-3.170951306819915771e-01
3.285791724920272827e-03,-2.830230295658111572e-01
8.538085222244262695e-02,-1.844348162412643433e-01
1.763030290603637695e-01,-4.266287386417388916e-01
-2.657243050634860992e-02,2.190649509429931641e-01
7.440872490406036377e-02,-9.510689973831176758e-02
-2.033594995737075806e-01,2.075244933366775513e-01
3.893155232071876526e-02,3.390600979328155518e-01
-1.664046347141265869e-01,3.089419603347778320e-01
-8.605301380157470703e-02,2.097482234239578247e-01
9.538204967975616455e-02,-4.835464060306549072e-01
7.486400753259658813e-02,-3.486719354987144470e-02
1.605863422155380249e-01,-5.084332823753356934e-01
-2.252789884805679321e-01,2.907039225101470947e-01
1.832673549652099609e-01,-3.688202500343322754e-01
-2.024018168449401855e-01,1.982653737068176270e-01
1.569221913814544678e-01,-5.040018558502197266e-01
1.011523604393005371e-01,-4.094038009643554688e-01
1.488707959651947021e-01,-4.577516615390777588e-01
4.556432366371154785e-02,2.031276971101760864e-01
-1.530864089727401733e-01,3.263359963893890381e-01
1.692064255475997925e-01,-5.279971361160278320e-01
-9.477248042821884155e-02,2.805823385715484619e-01
2.357887290418148041e-02,2.379507720470428467e-01
1.214529275894165039e-01,-5.133080482482910156e-01
-4.675030068028718233e-04,3.112459778785705566e-01
5.750109255313873291e-02,3.987917602062225342e-01
-2.080721855163574219e-01,3.238593935966491699e-01
-2.236064523458480835e-02,7.166405208408832550e-03
-1.500648409128189087e-01,3.426702022552490234e-01
6.660699099302291870e-02,3.806214034557342529e-01
1.648613661527633667e-01,-4.649878144264221191e-01
-1.137817203998565674e-01,3.890294954180717468e-02
6.636679172515869141e-02,-3.297633826732635498e-01
1.608850434422492981e-02,-1.579191535711288452e-01
-2.214375287294387817e-01,1.419250369071960449e-01
-4.607004299759864807e-02,3.505594432353973389e-01
-7.874855399131774902e-02,2.507715821266174316e-01
1.197533831000328064e-01,-2.080357968807220459e-01
-7.040607184171676636e-02,2.601807415485382080e-01
1.333590149879455566e-01,-3.169302046298980713e-01
8.109831809997558594e-02,-1.412470489740371704e-01
6.512839347124099731e-02,4.176577329635620117e-01
8.584862947463989258e-02,-5.090833902359008789e-01
1.478561200201511383e-02,3.134787976741790771e-01
7.417422533035278320e-02,-6.004821509122848511e-02
1.403916627168655396e-01,-7.363475114107131958e-02
-1.558091640472412109e-01,1.798890084028244019e-01
-1.859636604785919189e-01,2.620638608932495117e-01
8.421677350997924805e-02,-5.049509406089782715e-01
1.484525017440319061e-02,-3.112855255603790283e-01
-2.015090882778167725e-01,2.435268908739089966e-01
-5.689643695950508118e-02,3.795565366744995117e-01
-5.347907543182373047e-01,5.340612530708312988e-01
9.111124277114868164e-02,2.422606199979782104e-01
4.757036268711090088e-02,-2.654265165328979492e-01
4.220053087919950485e-03,-2.490630298852920532e-01
8.585921674966812134e-02,-5.087435245513916016e-01
8.046746253967285156e-02,-4.982828795909881592e-01
3.251759335398674011e-02,4.015823081135749817e-02
-4.174079746007919312e-02,6.218586862087249756e-02
4.669767990708351135e-02,-1.408469080924987793e-01
-1.607546359300613403e-01,1.199269816279411316e-01
6.140130758285522461e-02,4.120756983757019043e-01
5.574391409754753113e-02,-4.412901401519775391e-01
-2.571697831153869629e-01,3.134275078773498535e-01
5.036588385701179504e-02,-4.261762499809265137e-01
6.508725881576538086e-02,-4.718278646469116211e-01
-5.346554517745971680e-01,5.338619351387023926e-01
-2.244118228554725647e-02,-1.456419080495834351e-01
-2.299201488494873047e-01,2.787286043167114258e-01
-1.745135635137557983e-01,3.442777395248413086e-01
8.591444790363311768e-02,-5.079895853996276855e-01
-2.080500125885009766e-01,2.069993764162063599e-01
1.942668855190277100e-02,-1.690997332334518433e-01
1.714610010385513306e-01,-3.829846382141113281e-01
6.251764297485351562e-02,4.127692282199859619e-01
5.155734345316886902e-02,3.958462178707122803e-01
2.420823462307453156e-02,-1.484188716858625412e-02
7.059997320175170898e-02,-4.794297516345977783e-01
-7.503240834921598434e-03,1.437414586544036865e-01
7.609651982784271240e-02,-5.017055273056030273e-01
-1.485965549945831299e-01,2.247023135423660278e-01
-6.498933769762516022e-03,1.176354195922613144e-02
1.047370135784149170e-01,-2.516997456550598145e-01
-1.925978064537048340e-01,1.915003359317779541e-01
-1.172440648078918457e-01,1.954492181539535522e-01
6.479901075363159180e-02,-4.726699888706207275e-01
-2.676964178681373596e-02,-8.809039741754531860e-02
1.240753605961799622e-01,-4.987846612930297852e-01
6.944173574447631836e-02,-2.874301373958587646e-01
1.349679529666900635e-01,-3.630402311682701111e-02
-1.952999979257583618e-01,2.261818796396255493e-01
6.878076493740081787e-02,-1.704427748918533325e-01
-3.991444036364555359e-02,3.114728629589080811e-01
-1.882226020097732544e-02,-1.089428365230560303e-01
-1.590594798326492310e-01,1.967669576406478882e-01
-1.015727501362562180e-02,-3.552691638469696045e-01
9.804807603359222412e-02,-4.450445771217346191e-01
2.313814312219619751e-02,-3.946291804313659668e-01
6.841064244508743286e-02,-1.449404805898666382e-01
1.623006314039230347e-01,-4.926126897335052490e-01
5.855598300695419312e-02,4.007573425769805908e-01
1.408589035272598267e-01,-4.192303717136383057e-01
3.351300209760665894e-02,-4.327690005302429199e-01
5.291602388024330139e-02,-1.752846539020538330e-01
6.815943121910095215e-02,-9.608543664216995239e-02
5.576202273368835449e-02,1.049704384058713913e-02
7.083083689212799072e-02,-3.134730756282806396e-01
6.004237011075019836e-02,4.067614674568176270e-01
1.361240148544311523e-01,-4.441930055618286133e-01
-1.887741982936859131e-01,2.004493474960327148e-01
-1.241705939173698425e-01,1.819790005683898926e-01
6.427450478076934814e-02,-4.569481015205383301e-01
6.249428912997245789e-02,-4.833182990550994873e-01
-2.540132589638233185e-02,1.845802813768386841e-01
5.032148212194442749e-02,-1.141762509942054749e-01
-8.055744692683219910e-03,1.955055594444274902e-01
4.181420896202325821e-03,3.583514690399169922e-01
-5.425715819001197815e-03,-8.160946518182754517e-02
-1.174527779221534729e-01,1.910053342580795288e-01
-1.835471540689468384e-01,3.077990412712097168e-01
-2.016324400901794434e-01,2.984486520290374756e-01
-1.723220944404602051e-01,2.822908163070678711e-01
1.570496708154678345e-01,-4.281595349311828613e-01
5.627225339412689209e-02,3.495398759841918945e-01
6.619149446487426758e-02,-8.014155179262161255e-02
-1.874777376651763916e-01,3.023522496223449707e-01
-2.190501391887664795e-01,2.200890183448791504e-01
-1.915198117494583130e-01,2.911019027233123779e-01
4.720531776547431946e-02,-1.288790255784988403e-01
-2.061258852481842041e-01,2.865704596042633057e-01
7.126976549625396729e-02,4.281817674636840820e-01
1.119374632835388184e-01,-4.309981167316436768e-01
-2.124255150556564331e-01,2.168394774198532104e-01
6.764835119247436523e-02,3.991556167602539062e-01
-4.097573086619377136e-02,2.100498229265213013e-01
-1.688863486051559448e-01,2.614188194274902344e-01
6.896749883890151978e-02,-2.213876098394393921e-01
6.309743225574493408e-02,1.886930614709854126e-01
3.723529353737831116e-02,-3.914442956447601318e-01
8.614905178546905518e-02,-5.083159804344177246e-01
-7.421089708805084229e-02,1.819099485874176025e-01
1.644477844238281250e-01,-4.566815197467803955e-01
1.562485843896865845e-01,-3.586278259754180908e-01
8.852938562631607056e-02,-2.242654114961624146e-01
1.465658992528915405e-01,-2.921209335327148438e-01
1.481782924383878708e-02,-2.930969893932342529e-01
-1.781285554170608521e-01,2.205824553966522217e-01
7.840929925441741943e-02,1.391273289918899536e-01
-1.165547743439674377e-01,2.314799278974533081e-01
7.107942551374435425e-02,4.280261099338531494e-01
1.088250353932380676e-01,-2.538845539093017578e-01
9.086877107620239258e-02,-2.409610897302627563e-01
1.128596141934394836e-01,-1.004777848720550537e-01
3.762147203087806702e-02,7.767470926046371460e-02
4.335052520036697388e-02,-4.649322330951690674e-01
2.827542833983898163e-02,-3.258157074451446533e-01
8.403272926807403564e-02,-3.449193239212036133e-01
-1.546493768692016602e-01,3.132132887840270996e-01
-1.067212224006652832e-01,2.012810558080673218e-01
1.701386570930480957e-01,-4.147987961769104004e-01
2.538100816309452057e-02,-7.304147630929946899e-02
9.162113070487976074e-02,-5.068250298500061035e-01
1.345929801464080811e-01,-3.095970153808593750e-01
1.084503829479217529e-01,-4.276809990406036377e-01
1.691342145204544067e-01,-5.257213711738586426e-01
6.019620597362518311e-02,3.873069882392883301e-01
4.793722555041313171e-02,-5.280783399939537048e-02
1.167724207043647766e-01,-2.374417334794998169e-01
1.440090239048004150e-01,-4.380635321140289307e-01
4.341827705502510071e-02,-5.560104921460151672e-02
8.328187279403209686e-03,-2.445672750473022461e-01
7.341463118791580200e-02,-2.495353221893310547e-01
1.575698703527450562e-01,-4.673773050308227539e-01
1.287818551063537598e-01,-3.037425279617309570e-01
-5.060134828090667725e-02,1.925323009490966797e-01
1.690887212753295898e-01,-5.261096954345703125e-01
-7.388129085302352905e-02,1.767454296350479126e-01
-5.362588167190551758e-01,5.351815819740295410e-01
-1.826781183481216431e-01,3.313639163970947266e-01
1.324385106563568115e-01,-4.156404137611389160e-01
1.626334637403488159e-01,-3.902521133422851562e-01
1.695580929517745972e-01,-5.252581238746643066e-01
1.065083146095275879e-01,-1.785870939493179321e-01
1.608397364616394043e-01,-3.079125881195068359e-01
-2.009794861078262329e-01,3.229288160800933838e-01
-1.599898636341094971e-01,3.138162493705749512e-01
5.221823975443840027e-02,3.983415067195892334e-01
-4.897993803024291992e-02,1.583437174558639526e-01
-1.965438127517700195e-01,2.723394632339477539e-01
-1.291118115186691284e-01,2.865984439849853516e-01
1.592913568019866943e-01,-3.241254985332489014e-01
1.681277453899383545e-01,-5.199158787727355957e-01
3.746681287884712219e-02,-2.642271220684051514e-01
1.360654681921005249e-01,-4.240608811378479004e-01
-2.636148631572723389e-01,1.549436748027801514e-01
5.627623572945594788e-02,3.990291357040405273e-01
1.896082758903503418e-01,-4.197841584682464600e-01
-1.433361619710922241e-01,2.157635241746902466e-01
7.777658849954605103e-02,-4.516447782516479492e-01
-3.179707378149032593e-02,3.423664867877960205e-01
1.032185405492782593e-01,-4.190557301044464111e-01
1.288682222366333008e-01,-3.053372204303741455e-01
1.405225545167922974e-01,-4.330498874187469482e-01
1.831406503915786743e-01,-4.225367903709411621e-01
7.206669449806213379e-02,4.296849071979522705e-01
1.302524209022521973e-01,-3.372560441493988037e-01
1.223725825548171997e-02,2.448157817125320435e-01
1.022191494703292847e-01,-3.980627357959747314e-01
3.536958992481231689e-02,1.255715042352676392e-01
-1.111833825707435608e-01,3.264935612678527832e-01
3.958869725465774536e-02,3.549109697341918945e-01
-1.863804012537002563e-01,3.181240558624267578e-01
-1.680611371994018555e-01,1.886590719223022461e-01
4.590362682938575745e-02,-1.496908664703369141e-01
5.417451635003089905e-02,1.981951594352722168e-01
1.396261900663375854e-01,-4.874075055122375488e-01
7.920403033494949341e-02,-4.530291259288787842e-01
1.050259694457054138e-01,-2.831064760684967041e-01
6.797117739915847778e-02,-6.156587973237037659e-02
9.563308954238891602e-02,-4.089768826961517334e-01
1.637195586226880550e-03,3.593968749046325684e-01
1.428888440132141113e-01,-4.386342167854309082e-01
1.310261785984039307e-01,1.344482153654098511e-01
-2.721142582595348358e-02,2.924080193042755127e-01
3.356132283806800842e-02,-3.415849804878234863e-01
-2.161742597818374634e-01,2.741964161396026611e-01
1.333765685558319092e-01,-5.145010948181152344e-01
1.927665807306766510e-02,3.257795572280883789e-01
4.072204232215881348e-02,3.808012306690216064e-01
-2.413541376590728760e-01,2.694784402847290039e-01
-9.336844831705093384e-02,2.021016925573348999e-01
1.039414852857589722e-01,-5.167122483253479004e-01
-2.086054235696792603e-01,2.873559892177581787e-01
4.875518381595611572e-02,-9.961564838886260986e-02
4.753767699003219604e-02,-4.379964470863342285e-01
-1.816282123327255249e-01,2.594400942325592041e-01
1.158877927809953690e-02,-1.449008882045745850e-01
-1.011773049831390381e-01,3.149666264653205872e-02
6.679176539182662964e-02,-1.208782792091369629e-01
4.662519693374633789e-02,4.006941318511962891e-01
5.645273625850677490e-02,3.954319059848785400e-01
-2.008199095726013184e-01,2.116381973028182983e-01
6.156518310308456421e-02,4.138796925544738770e-01
4.512817040085792542e-02,-1.137863174080848694e-01
1.234500631690025330e-01,-5.116941928863525391e-01
1.375745385885238647e-01,-4.835952818393707275e-01
-1.106540560722351074e-01,1.844737976789474487e-01
8.607487380504608154e-02,-4.967723786830902100e-01
7.177618891000747681e-02,-4.466047883033752441e-01
-2.418854236602783203e-01,2.823853194713592529e-01
-5.358201861381530762e-01,5.345395803451538086e-01
-1.916111260652542114e-01,1.993814408779144287e-01
7.462000846862792969e-02,-2.861982285976409912e-01
1.509893089532852173e-01,-5.014792084693908691e-01
1.429760009050369263e-01,-9.662990272045135498e-02
1.255271583795547485e-01,4.269397258758544922e-02
1.616383492946624756e-01,-2.167497575283050537e-01
4.895432293415069580e-02,-4.358826875686645508e-01
5.681180208921432495e-02,3.299635648727416992e-01
-2.774534188210964203e-02,-2.933433279395103455e-02
-9.313249588012695312e-02,2.306429147720336914e-01
-3.070483915507793427e-02,-2.310837209224700928e-01
5.430825054645538330e-02,-2.858352065086364746e-01
-1.958625912666320801e-01,1.931441426277160645e-01
3.564008325338363647e-02,2.003183215856552124e-01
1.025068983435630798e-01,-4.777980446815490723e-01
-2.208065986633300781e-01,2.963277399539947510e-01
-1.649927198886871338e-01,2.290678769350051880e-01
1.228983178734779358e-01,-3.256444334983825684e-01
2.972664311528205872e-03,-1.542898863554000854e-01
3.770039603114128113e-02,-1.592153459787368774e-01
-1.315029561519622803e-01,2.389602959156036377e-01
-2.153545469045639038e-01,2.691637873649597168e-01
1.340994089841842651e-01,-4.161064922809600830e-01
1.280266195535659790e-01,-4.757232666015625000e-01
5.379334837198257446e-02,-3.228330016136169434e-01
1.495000123977661133e-01,-4.334925115108489990e-01
5.333420261740684509e-02,4.011818766593933105e-01
1.197367459535598755e-01,-5.154718160629272461e-01
4.518719390034675598e-02,-8.766122907400131226e-02
1.089394241571426392e-01,2.945824861526489258e-01
-2.051208401098847389e-03,-2.198882699012756348e-01
-2.357387244701385498e-01,2.554906904697418213e-01
7.508230954408645630e-02,-2.638701200485229492e-01
-1.296467632055282593e-01,1.924911439418792725e-01
-2.290111780166625977e-02,-2.274713814258575439e-01
1.716221421957015991e-01,-3.839474320411682129e-01
9.989386051893234253e-02,1.062434390187263489e-01
1.747935861349105835e-01,-5.076910257339477539e-01
7.624486088752746582e-02,-1.606296449899673462e-01
-1.896484643220901489e-01,2.317454665899276733e-01
-6.416835635900497437e-02,2.890413403511047363e-01
-1.597050391137599945e-02,2.739648520946502686e-01
-1.746185719966888428e-01,1.682546883821487427e-01
3.061665035784244537e-02,-4.489317536354064941e-01
9.787005931138992310e-02,-5.044342279434204102e-01
5.751644819974899292e-02,3.866057097911834717e-01
4.110726714134216309e-02,3.880343437194824219e-01
-1.451197713613510132e-01,2.115764766931533813e-01
1.917415857315063477e-02,-3.069274127483367920e-01
6.250899285078048706e-02,-1.656723916530609131e-01
5.470269173383712769e-02,-3.751819133758544922e-01
-2.040225565433502197e-01,2.108836770057678223e-01
-2.048473470495082438e-05,2.405054867267608643e-01
6.119846925139427185e-02,-1.689141988754272461e-01
1.301199495792388916e-01,-3.851524591445922852e-01
1.620198786258697510e-02,3.548026680946350098e-01
-2.256269603967666626e-01,3.169194757938385010e-01
-1.493490785360336304e-01,3.456043601036071777e-01
-1.384703069925308228e-01,2.388894855976104736e-01
-1.936918199062347412e-01,2.586243450641632080e-01
7.767450064420700073e-02,2.909815311431884766e-01
6.764605641365051270e-02,3.717456758022308350e-01
-4.050211608409881592e-02,1.832192540168762207e-01
1.541655063629150391e-01,-2.080658823251724243e-01
5.374982953071594238e-02,3.094712495803833008e-01
1.276309788227081299e-01,-3.052128851413726807e-01
3.171413764357566833e-02,1.944078803062438965e-01
-1.488952934741973877e-01,1.755650341510772705e-01
4.998699575662612915e-02,3.277255892753601074e-01
9.669277071952819824e-02,-3.434093594551086426e-01
9.011134505271911621e-03,9.732256084680557251e-02
-1.269969791173934937e-01,2.309596240520477295e-01
1.192450448870658875e-01,-4.381579756736755371e-01
-1.103253290057182312e-01,1.273101121187210083e-01
7.900714129209518433e-02,-3.523108661174774170e-01
-1.652908623218536377e-01,2.695244550704956055e-01
-1.834725737571716309e-01,3.328138887882232666e-01
-4.166241269558668137e-03,3.837707936763763428e-01
-7.160415872931480408e-03,2.403540462255477905e-01
-1.274882555007934570e-01,1.741303205490112305e-01
7.212512940168380737e-02,4.291310310363769531e-01
8.774767816066741943e-02,2.153812944889068604e-01
9.163271635770797729e-02,6.726530939340591431e-02
2.675792761147022247e-02,2.734023928642272949e-01
-1.203373298048973083e-01,3.188726603984832764e-01
-1.691752225160598755e-01,2.952859699726104736e-01
-9.570472873747348785e-03,-1.866438835859298706e-01
-1.904310137033462524e-01,3.309020996093750000e-01
9.085521847009658813e-02,2.408728152513504028e-01
1.372517198324203491e-01,-4.571132957935333252e-01
-2.336230315268039703e-02,3.082748651504516602e-01
-9.787252545356750488e-02,2.088434249162673950e-01
3.572691977024078369e-02,-4.217353463172912598e-01
-2.615376748144626617e-02,-9.219864010810852051e-02
5.924300104379653931e-02,4.114262163639068604e-01
1.584115326404571533e-01,-4.488694667816162109e-01
1.057078316807746887e-01,-3.141657114028930664e-01
9.386295825242996216e-02,-1.655168980360031128e-01
1.694722622632980347e-01,-4.036860167980194092e-01
1.859465241432189941e-01,-4.101171791553497314e-01
-1.516502350568771362e-01,3.307905197143554688e-01
1.699374020099639893e-01,-4.310277998447418213e-01
-1.440792381763458252e-01,2.919969558715820312e-01
-1.385942250490188599e-01,3.059501945972442627e-01
1.156284436583518982e-01,-2.644521296024322510e-01
5.649424716830253601e-02,-1.225689426064491272e-01
-1.232403367757797241e-01,1.417968422174453735e-01
4.939740896224975586e-02,-9.420163929462432861e-02
-1.747907102108001709e-01,2.794329822063446045e-01
1.322745531797409058e-01,-1.645066440105438232e-01
-1.940257251262664795e-01,2.939862906932830811e-01
1.708946526050567627e-01,-3.739813864231109619e-01
-3.334278985857963562e-02,1.622246503829956055e-01
1.728471815586090088e-01,-3.711073994636535645e-01
-1.854083389043807983e-01,3.010372519493103027e-01
1.244833171367645264e-01,-2.610727846622467041e-01
-1.014550682157278061e-02,2.156279534101486206e-01
1.626891195774078369e-01,-4.038446545600891113e-01
1.445481628179550171e-01,-4.931536912918090820e-01
1.488531678915023804e-01,-4.295770227909088135e-01
1.423620432615280151e-01,-3.085308670997619629e-01
-1.149520725011825562e-01,3.073739111423492432e-01
1.836476922035217285e-01,-4.326752424240112305e-01
1.324871033430099487e-01,-3.600526452064514160e-01
1.591180115938186646e-01,-3.893596231937408447e-01
1.781172752380371094e-01,-3.887923657894134521e-01
-7.175947725772857666e-02,1.633361726999282837e-01
1.479156762361526489e-01,-3.100469708442687988e-01
1.848102360963821411e-01,-3.201514184474945068e-01
3.988860175013542175e-02,-7.532260566949844360e-02
1.864357292652130127e-01,-4.315458238124847412e-01
1.097544804215431213e-01,5.921601504087448120e-02
1.697216928005218506e-01,-5.274821519851684570e-01
1.195451468229293823e-01,-5.156540498137474060e-02
-8.838067203760147095e-02,2.248943150043487549e-01
1.693061739206314087e-01,-4.159294664859771729e-01
9.983412176370620728e-02,1.707384437322616577e-01
-2.317704856395721436e-01,3.092059493064880371e-01
-2.478104978799819946e-01,3.213490843772888184e-01
-1.701747626066207886e-01,2.424679100513458252e-01
2.129050157964229584e-02,4.300078749656677246e-02
5.723953247070312500e-02,3.756606578826904297e-01
1.633194237947463989e-01,-3.663417696952819824e-01
1.826042085886001587e-01,-4.441377818584442139e-01
3.368037566542625427e-02,-4.791320487856864929e-02
3.675509244203567505e-02,-6.067473813891410828e-02
-1.793254762887954712e-01,3.228573501110076904e-01
6.025216355919837952e-02,-4.368181228637695312e-01
4.496986791491508484e-02,-7.111283391714096069e-02
1.647976189851760864e-01,-4.546941220760345459e-01
1.483702808618545532e-01,-3.393484652042388916e-01
1.571733206510543823e-01,-4.884907603263854980e-01
6.386900693178176880e-02,-2.040098458528518677e-01
-2.645376026630401611e-01,1.551835238933563232e-01
6.266626715660095215e-02,7.492975331842899323e-03
1.402119398117065430e-01,-3.125478029251098633e-01
4.416764527559280396e-02,-2.038740664720535278e-01
-2.439709603786468506e-01,3.044016361236572266e-01
-9.887522086501121521e-03,-2.121270596981048584e-01
-2.104564011096954346e-01,2.929287254810333252e-01
1.064868047833442688e-01,-4.526608064770698547e-02
4.962745681405067444e-02,-4.570793807506561279e-01
8.570466935634613037e-02,-5.091845989227294922e-01
-2.399915754795074463e-01,3.006051182746887207e-01
2.350214868783950806e-02,-1.904454380273818970e-01
2.736489102244377136e-02,3.135352432727813721e-01
-1.340469866991043091e-01,2.932009696960449219e-01
1.588143222033977509e-02,-2.110190540552139282e-01
-1.944880485534667969e-01,1.903743594884872437e-01
7.070279866456985474e-02,4.284015297889709473e-01
3.459076210856437683e-02,-3.901057839393615723e-01
-2.291313707828521729e-01,3.103626966476440430e-01
-2.133152335882186890e-01,2.788512706756591797e-01
-1.203309446573257446e-01,1.595203131437301636e-01
7.256384193897247314e-02,-2.931189239025115967e-01
-2.027612924575805664e-01,2.010534554719924927e-01
2.969413809478282928e-02,2.436665743589401245e-01
1.223732833750545979e-03,-3.479114174842834473e-01
9.936536848545074463e-02,-4.325541257858276367e-01
-2.614855766296386719e-01,1.522439718246459961e-01
-8.152898401021957397e-02,2.718070745468139648e-01
1.413910239934921265e-01,-4.741802215576171875e-01
2.458310499787330627e-02,2.556933164596557617e-01
3.773818165063858032e-02,3.082572817802429199e-01
-1.549931168556213379e-01,2.024979889392852783e-01
-6.984580308198928833e-02,3.455225825309753418e-01
5.396659299731254578e-02,3.709052503108978271e-01
-1.929451972246170044e-01,2.794722318649291992e-01
-2.321581244468688965e-01,2.390626221895217896e-01
5.761715024709701538e-02,4.041475951671600342e-01
-8.268519490957260132e-02,3.243702650070190430e-01
6.951141357421875000e-02,-3.183936476707458496e-01
3.179890289902687073e-02,2.636523544788360596e-01
3.706313297152519226e-02,-8.032611571252346039e-03
1.088217571377754211e-01,-4.997712075710296631e-01
-2.017631828784942627e-01,2.946128547191619873e-01
7.500997185707092285e-02,-3.735032677650451660e-01
-1.233099102973937988e-01,2.058033943176269531e-01
3.214399516582489014e-02,4.029022157192230225e-01
7.068222016096115112e-02,4.272811412811279297e-01
-1.041317433118820190e-01,2.234030365943908691e-01
1.686248332262039185e-01,-5.272555351257324219e-01
7.500436902046203613e-02,-9.815280139446258545e-02
1.848281621932983398e-01,-3.874414861202239990e-01
1.429887674748897552e-02,2.745745778083801270e-01
1.703254580497741699e-01,-4.113627374172210693e-01
1.658228226006031036e-02,3.235256671905517578e-01
2.451316453516483307e-02,-1.929720342159271240e-01
1.754029840230941772e-01,-3.755497634410858154e-01
-1.295558810234069824e-01,1.704622358083724976e-01
-2.076659500598907471e-01,2.593554854393005371e-01
1.871928870677947998e-01,-3.472518026828765869e-01
1.164051666855812073e-01,-2.140735834836959839e-01
4.811610653996467590e-02,3.713341951370239258e-01
-1.941567659378051758e-02,2.037701457738876343e-01
-1.898998171091079712e-01,3.358301520347595215e-01
1.124548688530921936e-01,-3.361615240573883057e-01
1.057478412985801697e-02,-3.478856682777404785e-01
5.989275127649307251e-02,-9.065864980220794678e-02
5.585236474871635437e-02,-1.032608449459075928e-01
-2.315826714038848877e-01,1.745489984750747681e-01
1.558524221181869507e-01,-2.512426972389221191e-01
1.758816540241241455e-01,-3.768842518329620361e-01
5.879887938499450684e-02,3.859343230724334717e-01
2.889794483780860901e-02,2.323334962129592896e-01
-2.553921937942504883e-01,1.496551483869552612e-01
5.720036476850509644e-02,-8.224122226238250732e-02
-1.323152184486389160e-01,2.523593008518218994e-01
1.529984325170516968e-01,-3.394014239311218262e-01
7.170375436544418335e-02,-9.302044659852981567e-02
5.770741030573844910e-02,-3.715770244598388672e-01
7.475844025611877441e-02,2.518794536590576172e-01
5.498685315251350403e-02,-1.133765354752540588e-01
1.851427853107452393e-01,-3.569099903106689453e-01
1.827734708786010742e-01,-4.590207338333129883e-01
-7.241741567850112915e-02,3.035197556018829346e-01
1.694649606943130493e-01,-5.267764329910278320e-01
-5.356410741806030273e-01,5.348179340362548828e-01
6.376186013221740723e-02,-4.030014276504516602e-01
-1.037787348031997681e-01,2.491693496704101562e-01
7.990324869751930237e-03,3.690765798091888428e-01
1.663617044687271118e-01,-5.061596632003784180e-01
1.243842989206314087e-01,-3.409695029258728027e-01
-1.031856164336204529e-01,3.196966052055358887e-01
-9.131201356649398804e-02,3.294368684291839600e-01
-4.830365255475044250e-02,1.638835072517395020e-01
-3.272048756480216980e-02,1.804262250661849976e-01
-1.442981958389282227e-01,3.221909403800964355e-01
1.852262169122695923e-01,-4.490240812301635742e-01
1.320586353540420532e-01,-3.899700343608856201e-01
1.567587107419967651e-01,-2.571117579936981201e-01
1.600584834814071655e-01,-3.868566155433654785e-01
8.391164988279342651e-02,-4.812487959861755371e-01
6.233254820108413696e-02,4.123935401439666748e-01
1.905241161584854126e-01,-4.475821256637573242e-01
4.816086590290069580e-02,3.940828144550323486e-01
1.707241982221603394e-01,-5.110272765159606934e-01
-1.932008564472198486e-01,1.935847103595733643e-01
1.874242126941680908e-01,-3.967942595481872559e-01
1.512447297573089600e-01,-2.357155382633209229e-01
1.055532917380332947e-01,-1.695096045732498169e-01
-1.384430825710296631e-01,3.000895977020263672e-01
1.780664771795272827e-01,-3.167456984519958496e-01
1.930740177631378174e-01,-4.070514142513275146e-01
-5.896167829632759094e-02,5.730866640806198120e-02
-1.126367524266242981e-01,3.132325038313865662e-02
-1.017155423760414124e-01,3.542913794517517090e-01
-1.435763835906982422e-01,3.197029232978820801e-01
1.701063960790634155e-01,-5.257805585861206055e-01
6.508647650480270386e-02,-4.696938693523406982e-01
-2.492574043571949005e-02,-1.068426519632339478e-01
-2.432292699813842773e-02,3.708621859550476074e-01
2.029534056782722473e-02,3.743524253368377686e-01
-7.207693904638290405e-02,3.005576133728027344e-01
1.643858104944229126e-01,-3.022378981113433838e-01
1.779385209083557129e-01,-4.484609663486480713e-01
-1.124007701873779297e-01,3.528024256229400635e-01
9.174962341785430908e-02,2.412935346364974976e-01
1.225158721208572388e-01,-2.094282507896423340e-01
1.871245652437210083e-01,-4.061742424964904785e-01
-1.377041190862655640e-01,2.805922329425811768e-01
-3.232765570282936096e-02,3.759401142597198486e-01
5.680822953581809998e-02,-2.095202915370464325e-02
1.273837834596633911e-01,-4.284501671791076660e-01
8.447672426700592041e-02,-5.051144361495971680e-01
1.875452399253845215e-01,-3.620966672897338867e-01
-7.796427607536315918e-02,-9.991680830717086792e-02
7.762222737073898315e-02,-1.732738912105560303e-01
9.366486966609954834e-02,-1.233454197645187378e-01
-3.190613165497779846e-02,2.403974831104278564e-01
5.581401661038398743e-02,1.167501509189605713e-01
4.333494231104850769e-02,1.649804115295410156e-01
4.746548086404800415e-02,-3.009570240974426270e-01
1.725030392408370972e-01,-3.425554931163787842e-01
5.533937737345695496e-02,-1.837988644838333130e-01
1.989229917526245117e-01,-3.915613889694213867e-01
-1.265764087438583374e-01,3.265957236289978027e-01
1.836408823728561401e-01,-3.592726886272430420e-01
2.340877801179885864e-02,-1.301707476377487183e-01
1.227577626705169678e-01,-4.783402681350708008e-01
4.164544492959976196e-02,2.087889015674591064e-01
1.846823692321777344e-01,-3.504374325275421143e-01
-1.333662569522857666e-01,2.889831662178039551e-01
3.437040746212005615e-02,3.963312506675720215e-01
1.057512909173965454e-01,2.997413575649261475e-01
-2.189816385507583618e-01,2.551135718822479248e-01
2.499064058065414429e-02,-1.339098066091537476e-01
-1.502620428800582886e-01,3.208548724651336670e-01
-1.577944755554199219e-01,2.560469210147857666e-01
1.714481264352798462e-01,-3.224568963050842285e-01
1.864638030529022217e-01,-4.025813341140747070e-01
1.083631813526153564e-01,-1.531448811292648315e-01
-1.687557250261306763e-01,1.966066807508468628e-01
1.601698994636535645e-01,-3.114657700061798096e-01
-1.112179607152938843e-01,2.686707973480224609e-01
-5.916220322251319885e-02,2.045383453369140625e-01
-1.061653941869735718e-01,2.658327519893646240e-01
5.642741918563842773e-02,4.014173448085784912e-01
1.768274605274200439e-01,-4.040897488594055176e-01
-1.125191003084182739e-01,1.928975805640220642e-02
1.599145084619522095e-01,-3.710696697235107422e-01
6.466796249151229858e-02,4.154902100563049316e-01
4.933017119765281677e-02,-7.357788830995559692e-02
-6.828796118497848511e-02,2.966021597385406494e-01
-2.170727401971817017e-02,1.787194162607192993e-01
6.636217236518859863e-02,2.033959776163101196e-01
2.588936872780323029e-02,-3.949010372161865234e-02
-1.598602347075939178e-02,1.611949354410171509e-01
-1.297551989555358887e-01,3.108580708503723145e-01
8.827947080135345459e-02,-5.102226138114929199e-01
5.690183863043785095e-02,4.067741930484771729e-01
8.139036595821380615e-02,-5.061315298080444336e-01
-8.557362854480743408e-02,1.759479343891143799e-01
1.551024466753005981e-01,-4.457698464393615723e-01
-1.757193240337073803e-03,9.160286188125610352e-02
7.026059925556182861e-02,-4.640311896800994873e-01
-1.990572512149810791e-01,3.205663859844207764e-01
5.753934755921363831e-02,3.889087736606597900e-01
-2.172655612230300903e-01,2.233398258686065674e-01
1.221129000186920166e-01,-5.104066133499145508e-01
2.517206035554409027e-02,3.792554140090942383e-01
3.082900308072566986e-02,4.870969057083129883e-02
7.048367708921432495e-02,-1.459729075431823730e-01
6.958746165037155151e-02,-2.842502295970916748e-01
-2.417254596948623657e-01,2.809734344482421875e-01
-1.171941533684730530e-01,1.887822747230529785e-01
-2.860843203961849213e-02,2.008429467678070068e-01
-2.163112312555313110e-01,2.099083364009857178e-01
-2.101544141769409180e-01,2.760508358478546143e-01
-6.832998991012573242e-02,1.223627328872680664e-01
8.426342904567718506e-02,-2.742535471916198730e-01
-1.188146322965621948e-01,2.746203541755676270e-01
6.320364773273468018e-02,4.154806733131408691e-01
-1.454396992921829224e-01,3.285287618637084961e-01
-1.340502798557281494e-01,2.037800848484039307e-01
-1.111386567354202271e-01,3.412011265754699707e-01
1.236710920929908752e-01,-2.619796395301818848e-01
8.418122678995132446e-02,-1.842526644468307495e-01
-1.058097779750823975e-01,3.317206352949142456e-02
-2.049885094165802002e-01,2.599387168884277344e-01
4.677517712116241455e-02,-1.322060823440551758e-01
-1.255006194114685059e-01,3.306620717048645020e-01
-2.288740724325180054e-01,3.064619600772857666e-01
1.729580909013748169e-01,-3.705650866031646729e-01
1.031384170055389404e-01,-1.541711390018463135e-01
1.834060996770858765e-01,-4.188693463802337646e-01
-1.299614161252975464e-01,2.403552234172821045e-01
-3.766284137964248657e-02,-1.197046488523483276e-01
6.174153834581375122e-02,4.114845097064971924e-01
-1.730573773384094238e-01,3.372009694576263428e-01
1.346818804740905762e-01,-2.408068925142288208e-01
3.448058292269706726e-02,3.982994258403778076e-01
-1.718068867921829224e-01,7.594469189643859863e-02
-8.076620101928710938e-02,1.718062460422515869e-01
7.412485778331756592e-02,2.465090453624725342e-01
-8.924071490764617920e-02,2.254871279001235962e-01
-1.475970447063446045e-01,2.650076746940612793e-01
1.699943244457244873e-01,-5.272597074508666992e-01
2.195897325873374939e-02,3.790181279182434082e-01
1.477263718843460083e-01,1.006700322031974792e-01
-1.743052601814270020e-01,2.597756981849670410e-01
1.893951445817947388e-01,-4.024387896060943604e-01
-9.071483463048934937e-02,2.593067586421966553e-01
-7.278933376073837280e-02,1.496607363224029541e-01
1.076129358261823654e-02,2.365195602178573608e-01
1.179112866520881653e-02,3.773889839649200439e-01
9.028031490743160248e-03,2.120277844369411469e-02
4.788719117641448975e-02,-1.656082719564437866e-01
1.031945273280143738e-01,-4.608730375766754150e-01
9.245404042303562164e-03,3.498077392578125000e-01
1.876520216464996338e-01,-4.065458774566650391e-01
5.501271411776542664e-02,1.929582506418228149e-01
-3.877355158329010010e-02,1.786481291055679321e-01
1.699363142251968384e-01,-5.277194380760192871e-01
8.617500960826873779e-02,-3.276415467262268066e-01
1.595587879419326782e-01,-2.903307676315307617e-01
1.968894600868225098e-01,-3.766960799694061279e-01
-1.111751794815063477e-01,7.049117237329483032e-03
1.798792332410812378e-01,-4.703178405761718750e-01
6.679535657167434692e-02,4.210766553878784180e-01
1.381188780069351196e-01,-2.372982949018478394e-01
-2.801862917840480804e-02,1.529559493064880371e-01
-1.917142570018768311e-01,2.423514127731323242e-01
5.395340174436569214e-02,3.844966590404510498e-01
-1.418819278478622437e-01,2.877894043922424316e-01
1.786808222532272339e-01,-4.098581969738006592e-01
1.143686175346374512e-01,-1.822156161069869995e-01
-1.504296958446502686e-01,3.529747426509857178e-01
6.646288931369781494e-02,-9.556738287210464478e-02
6.208257749676704407e-02,3.731186687946319580e-01
1.522894352674484253e-01,-2.968556284904479980e-01
5.434795469045639038e-02,-1.256110221147537231e-01
5.804025381803512573e-02,-1.374202519655227661e-01
1.442597955465316772e-01,-4.095014333724975586e-01
9.817910939455032349e-02,-4.132746756076812744e-01
6.155360490083694458e-02,4.162882566452026367e-01
5.949138104915618896e-02,-9.908261895179748535e-02
8.789729326963424683e-02,-4.520795047283172607e-01
-2.141195237636566162e-01,3.177603781223297119e-01
7.077513635158538818e-02,4.270421862602233887e-01
2.965947426855564117e-02,-1.657605618238449097e-01
1.404402852058410645e-01,-6.626301258802413940e-02
6.260854750871658325e-02,-1.438887715339660645e-01
5.907699838280677795e-02,-9.267324209213256836e-02
-3.499525785446166992e-02,1.893931180238723755e-01
1.035454645752906799e-01,-4.016566574573516846e-01
-1.846980899572372437e-01,2.995208501815795898e-01
3.153670579195022583e-02,3.191234469413757324e-01
-1.149243265390396118e-01,2.173863649368286133e-01
8.721463382244110107e-02,-4.709561765193939209e-01
3.626705333590507507e-02,-1.768073141574859619e-01
-2.345911785960197449e-02,3.848586603999137878e-02
-1.367215067148208618e-01,2.955811023712158203e-01
1.868749558925628662e-01,-4.295540750026702881e-01
-1.234680116176605225e-01,1.465158164501190186e-01
-3.895850852131843567e-03,-2.437964230775833130e-01
6.032761186361312866e-02,3.844701945781707764e-01
-1.237386167049407959e-01,2.293661981821060181e-01
1.578414440155029297e-01,-2.634823322296142578e-01
5.615380778908729553e-02,4.014312326908111572e-01
1.692645549774169922e-01,-5.275974273681640625e-01
-4.071751609444618225e-02,2.593093514442443848e-01
3.238176926970481873e-03,2.755260467529296875e-01
7.841881364583969116e-02,-3.456144928932189941e-01
-1.253765225410461426e-01,3.240868151187896729e-01
-1.352868527173995972e-01,3.181477189064025879e-01
-1.186943650245666504e-01,3.274412751197814941e-01
-1.196185275912284851e-01,3.348927199840545654e-01
-8.726742118597030640e-03,1.767883598804473877e-01
1.061776131391525269e-01,-3.552597463130950928e-01
-2.435780763626098633e-01,2.852581441402435303e-01
-5.606549326330423355e-03,-2.987064234912395477e-02
-2.293577417731285095e-03,2.940996885299682617e-01
1.477664560079574585e-01,-2.127781808376312256e-01
3.532405197620391846e-02,-1.452926844358444214e-01
-1.211597770452499390e-01,2.801722884178161621e-01
1.590924859046936035e-01,-3.062997758388519287e-01
9.665397554636001587e-02,-5.029789209365844727e-01
1.986388415098190308e-01,-3.857812583446502686e-01
1.862171590328216553e-01,-3.487223982810974121e-01
-7.304321229457855225e-02,3.230431079864501953e-01
1.710607558488845825e-01,-3.365116119384765625e-01
7.432527095079421997e-02,-1.724755018949508667e-01
4.043295048177242279e-03,2.039723694324493408e-01
-1.175241172313690186e-01,2.201322615146636963e-01
-7.359441369771957397e-02,2.668437659740447998e-01
-1.108887940645217896e-01,2.315599173307418823e-01
-4.707460477948188782e-02,3.043361008167266846e-01
-1.900837123394012451e-01,2.029600292444229126e-01
-2.092329114675521851e-01,2.115822136402130127e-01
-1.977350115776062012e-01,2.572716474533081055e-01
6.603015214204788208e-02,4.158766269683837891e-01
1.628748029470443726e-01,-3.078700304031372070e-01
-2.714606560766696930e-02,3.886483907699584961e-01
1.961099356412887573e-01,-4.253535866737365723e-01
-2.509501278400421143e-01,3.257355690002441406e-01
-5.353996753692626953e-01,5.342550277709960938e-01
-1.287644952535629272e-01,3.028120398521423340e-01
-5.345633029937744141e-01,5.338115692138671875e-01
2.450122497975826263e-02,1.596282720565795898e-01
-2.673806548118591309e-01,3.341870307922363281e-01
1.714069992303848267e-01,-4.607760906219482422e-01
1.242362409830093384e-01,-5.066245794296264648e-01
4.585833474993705750e-02,3.435889184474945068e-01
1.693092584609985352e-01,-3.210114240646362305e-01
1.679133921861648560e-01,-4.682038128376007080e-01
-1.673038154840469360e-01,3.102178275585174561e-01
1.491222083568572998e-01,-2.530908882617950439e-01
1.602640300989151001e-01,-3.054142296314239502e-01
4.127968475222587585e-02,-4.064561426639556885e-02
-2.770219184458255768e-02,1.161529794335365295e-01
1.727289557456970215e-01,-3.965360224246978760e-01
-1.023661270737648010e-01,1.356488168239593506e-01
-4.689899086952209473e-02,8.994012326002120972e-02
1.601981222629547119e-01,-1.153008192777633667e-01
-1.510555893182754517e-01,3.001230955123901367e-01
8.979244530200958252e-02,-2.461085170507431030e-01
1.142125576734542847e-01,-2.989975512027740479e-01
4.553476348519325256e-02,4.010301530361175537e-01
-1.171636134386062622e-01,2.643826007843017578e-01
-1.104564890265464783e-01,6.744943093508481979e-03
-2.116279304027557373e-01,2.914895415306091309e-01
4.519665613770484924e-02,4.107377529144287109e-01
1.520980242639780045e-02,-2.822573184967041016e-01
-1.035812646150588989e-01,2.893348932266235352e-01
-8.760243654251098633e-02,2.488325089216232300e-01
4.797090217471122742e-02,-1.398773938417434692e-01
1.810685731470584869e-02,-4.076822400093078613e-01
-2.458362430334091187e-01,2.892327308654785156e-01
1.192866042256355286e-01,-3.667822480201721191e-01
-1.134596541523933411e-01,1.900070905685424805e-01
8.195608109235763550e-02,-5.053858757019042969e-01
-1.109358742833137512e-01,8.274721913039684296e-03
-1.101148203015327454e-01,5.968787707388401031e-03
3.745737671852111816e-02,3.408412039279937744e-01
1.642603576183319092e-01,-4.481210410594940186e-01
7.757300138473510742e-02,2.331834733486175537e-01
-1.286938600242137909e-02,-2.378464490175247192e-01
7.101920992136001587e-02,4.283419549465179443e-01
3.624673467129468918e-03,3.688887059688568115e-01
-7.049680501222610474e-02,2.108253091573715210e-01
8.243089169263839722e-02,-4.681468307971954346e-01
-1.568455696105957031e-01,1.886375099420547485e-01
4.687669873237609863e-02,3.837317526340484619e-01
2.928013168275356293e-02,4.047333002090454102e-01
2.470411173999309540e-02,-3.067829310894012451e-01
-1.049117557704448700e-02,-3.560971915721893311e-01
-1.643557250499725342e-01,2.783207595348358154e-01
1.547923497855663300e-02,-4.079592227935791016e-01
7.146362960338592529e-02,4.294716715812683105e-01
8.042743802070617676e-02,-1.418454200029373169e-01
6.604415178298950195e-02,-2.182791084051132202e-01
-7.474181801080703735e-02,1.829644888639450073e-01
-1.442465186119079590e-01,2.163457274436950684e-01
-5.354125499725341797e-01,5.352942347526550293e-01
-2.389824688434600830e-01,2.825914323329925537e-01
-5.698680132627487183e-02,-8.337819576263427734e-02
5.434976518154144287e-02,-3.559390902519226074e-01
-1.837309300899505615e-01,3.116824924945831299e-01
-8.691877126693725586e-02,2.271851748228073120e-01
-8.925459533929824829e-02,-1.080735214054584503e-02
-1.085652187466621399e-01,4.614008124917745590e-03
3.125569224357604980e-02,4.035164117813110352e-01
-2.039967328310012817e-01,3.118076920509338379e-01
4.744161665439605713e-02,3.315451443195343018e-01
-1.134029254317283630e-01,1.044217869639396667e-01
8.892977237701416016e-02,-8.669231832027435303e-02
2.664586715400218964e-02,-2.636255025863647461e-01
8.188138157129287720e-02,3.195860087871551514e-01
2.515713684260845184e-02,-1.641373336315155029e-01
3.627736493945121765e-02,3.916590809822082520e-01
4.957737401127815247e-02,4.034413993358612061e-01
7.807407528162002563e-02,-2.089698910713195801e-01
-1.490125712007284164e-02,2.340286672115325928e-01
1.349104344844818115e-01,-4.715030789375305176e-01
-2.416042685508728027e-01,2.826932370662689209e-01
1.769819259643554688e-01,-1.172579005360603333e-01
9.931157343089580536e-03,-3.614187836647033691e-01
4.705145210027694702e-02,2.993123531341552734e-01
-1.006325408816337585e-01,1.885218024253845215e-01
6.383591145277023315e-02,4.171394109725952148e-01
7.131496816873550415e-02,4.287607669830322266e-01
5.217723175883293152e-02,-8.972158282995223999e-02
-2.297013700008392334e-01,2.454480826854705811e-01
-2.579614520072937012e-01,1.557947993278503418e-01
6.758611649274826050e-02,4.235450923442840576e-01
8.005595952272415161e-02,-1.100188940763473511e-01
1.585394293069839478e-01,-4.885246157646179199e-01
4.367291182279586792e-02,3.936262428760528564e-01
6.071999669075012207e-02,-4.409708380699157715e-01
-2.247388288378715515e-02,2.387842088937759399e-01
8.065839856863021851e-02,-1.075828000903129578e-01
-1.433529555797576904e-01,2.595113217830657959e-01
4.121121019124984741e-03,1.752390861511230469e-01
-1.379432082176208496e-01,1.921782344579696655e-01
-1.761063337326049805e-01,2.026964426040649414e-01
-1.342653036117553711e-01,2.884182333946228027e-01
1.543776541948318481e-01,-4.573380649089813232e-01
6.160812824964523315e-02,-6.966089457273483276e-02
-1.975211054086685181e-01,1.955400258302688599e-01
6.316263973712921143e-02,-6.602646410465240479e-02
3.030625358223915100e-02,-6.681939959526062012e-02
-9.472719579935073853e-02,2.540743947029113770e-01
1.252892315387725830e-01,-4.906620681285858154e-01
1.024948209524154663e-01,-4.679793417453765869e-01
7.668004184961318970e-02,1.830530911684036255e-02
1.119312942028045654e-01,-2.593781054019927979e-01
-2.175492346286773682e-01,2.327068299055099487e-01
-2.424191236495971680e-01,3.080926835536956787e-01
-1.302304714918136597e-01,3.338969051837921143e-01
8.681505918502807617e-02,-5.080979466438293457e-01
-2.426587045192718506e-01,3.004889488220214844e-01
7.469460368156433105e-02,-3.864697813987731934e-01
6.933935731649398804e-02,-4.695624709129333496e-01
1.386384367942810059e-01,-4.981116652488708496e-01
5.344054102897644043e-02,4.010801315307617188e-01
-7.791747804731130600e-03,-1.635035276412963867e-01
1.690205782651901245e-01,-5.273645520210266113e-01
7.099476456642150879e-02,4.286963939666748047e-01
1.183472946286201477e-01,-4.558740258216857910e-01
-1.024703159928321838e-01,2.859595119953155518e-01
-7.328364253044128418e-02,-2.897416241466999054e-02
-7.394838333129882812e-02,1.716111302375793457e-01
-2.289747595787048340e-01,1.465633660554885864e-01
-5.355830192565917969e-01,5.345558524131774902e-01
3.610796853899955750e-02,1.325722970068454742e-02
9.111726284027099609e-02,2.428051382303237915e-01
-1.742414087057113647e-01,1.878838390111923218e-01
-8.137751370668411255e-02,1.607104986906051636e-01
8.117706328630447388e-02,2.521639466285705566e-01
6.165413931012153625e-02,-4.710293412208557129e-01
-6.849075201898813248e-03,-1.371594816446304321e-01
6.779064983129501343e-02,4.235247671604156494e-01
-1.170209720730781555e-01,2.232506871223449707e-01
3.777771070599555969e-02,4.080285429954528809e-01
4.164276644587516785e-02,-8.249837905168533325e-02
-8.440811187028884888e-03,2.485800981521606445e-01
-1.600877940654754639e-01,3.006804883480072021e-01
2.681373804807662964e-02,3.206195235252380371e-01
7.219451665878295898e-02,4.294512569904327393e-01
2.586957998573780060e-02,-4.255722761154174805e-01
4.620589315891265869e-02,-9.054634720087051392e-02
-1.988884657621383667e-01,3.176846504211425781e-01
-2.038521319627761841e-01,2.981660068035125732e-01
5.642822757363319397e-02,-4.589371383190155029e-01
1.610845476388931274e-01,-5.270351767539978027e-01
-8.785793930292129517e-02,2.974064350128173828e-01
6.511708348989486694e-02,4.194096624851226807e-01
-7.361669838428497314e-02,2.110806107521057129e-01
-1.978976093232631683e-02,3.847216069698333740e-01
8.626233041286468506e-02,-3.687052726745605469e-01
-1.284097880125045776e-02,1.421179473400115967e-01
-2.071254141628742218e-02,3.621289730072021484e-01
-1.816481649875640869e-01,1.804992258548736572e-01
-1.180199310183525085e-01,2.087672948837280273e-01
-1.305719912052154541e-01,1.818913072347640991e-01
-1.116242855787277222e-01,1.820868551731109619e-01
5.965636670589447021e-02,-1.395330876111984253e-01
1.324663609266281128e-01,-4.348986446857452393e-01
-2.393173053860664368e-02,-9.734086692333221436e-02
-2.322530299425125122e-01,3.162504732608795166e-01
6.194484606385231018e-02,-1.223741024732589722e-01
4.614168778061866760e-02,-6.060463562607765198e-02
-6.841035932302474976e-02,1.951345354318618774e-01
8.939075469970703125e-02,-1.000240668654441833e-01
-1.018536314368247986e-01,1.963587701320648193e-01
9.180580824613571167e-02,-3.372675776481628418e-01
1.565177366137504578e-02,-3.721710443496704102e-01
-4.073665291070938110e-02,1.679671257734298706e-01
7.009851932525634766e-02,-9.102222323417663574e-02
-1.207749173045158386e-01,7.905180752277374268e-02
-9.109184145927429199e-02,-2.135778218507766724e-02
8.058650791645050049e-02,-3.122052550315856934e-01
-1.811373233795166016e-01,2.932538092136383057e-01
7.235794514417648315e-02,4.295068979263305664e-01
-1.276107877492904663e-01,2.263095229864120483e-01
-9.251708537340164185e-02,1.768510192632675171e-01
-1.075240969657897949e-01,2.276260554790496826e-01
-1.991050541400909424e-01,2.531527876853942871e-01
6.427162885665893555e-02,-8.592369407415390015e-02
3.213042765855789185e-02,4.030654430389404297e-01
-9.670332074165344238e-02,1.413303762674331665e-01
3.236015141010284424e-02,3.694673478603363037e-01
4.687834531068801880e-02,4.003420472145080566e-01
3.206320479512214661e-02,2.840177714824676514e-01
3.080662339925765991e-03,-2.351986020803451538e-01
-2.492090314626693726e-01,2.881546318531036377e-01
5.705422721803188324e-03,1.801474839448928833e-01
6.370255351066589355e-02,-6.782589852809906006e-02
2.157020196318626404e-02,3.671202957630157471e-01
7.953442633152008057e-02,-1.468140780925750732e-01
1.685379445552825928e-01,-5.223268270492553711e-01
-5.206754803657531738e-02,-6.092106923460960388e-03
5.155629664659500122e-02,-9.199493378400802612e-02
3.835052624344825745e-02,-3.091508448123931885e-01
2.396615035831928253e-02,1.400078088045120239e-02
-2.171018421649932861e-01,2.669647037982940674e-01
6.441514194011688232e-02,-7.274486124515533447e-02
7.837656885385513306e-02,-2.114868909120559692e-01
-1.103147342801094055e-01,7.710028439760208130e-03
1.549036651849746704e-01,-4.791369438171386719e-01
1.254610866308212280e-01,-4.631592631340026855e-01
5.184815824031829834e-02,-3.370846807956695557e-01
-1.448485702276229858e-01,3.462167382240295410e-01
7.116886973381042480e-02,4.284486174583435059e-01
-2.167742848396301270e-01,2.196718007326126099e-01
9.499462693929672241e-02,-4.991217553615570068e-01
1.308944225311279297e-01,-4.386361241340637207e-01
1.728915423154830933e-02,-1.822585165500640869e-01
-9.996049106121063232e-02,2.392373681068420410e-01
4.617713764309883118e-02,-2.912725806236267090e-01
4.503680020570755005e-02,-8.838206529617309570e-02
-9.829161316156387329e-02,5.476050451397895813e-02
9.729637205600738525e-02,-1.255175620317459106e-01
7.197397947311401367e-02,4.303484261035919189e-01
6.509306281805038452e-02,-4.264721870422363281e-01
1.227670088410377502e-01,-2.235233485698699951e-01
-1.106392219662666321e-02,-1.297845244407653809e-01
-4.223198816180229187e-02,1.587107032537460327e-01
-1.057460531592369080e-01,3.583492711186408997e-02
5.259575694799423218e-02,4.058176577091217041e-01
-1.920844763517379761e-01,2.308815270662307739e-01
-7.541199028491973877e-02,2.245469689369201660e-01
7.038496434688568115e-02,4.271531105041503906e-01
4.806381464004516602e-02,3.975949585437774658e-01
1.668496578931808472e-01,-4.606600999832153320e-01
-1.557768583297729492e-01,2.681964337825775146e-01
-1.865514963865280151e-01,2.880643010139465332e-01
-7.314062863588333130e-02,-1.165013909339904785e-01
1.547296196222305298e-01,-4.506867825984954834e-01
7.540185004472732544e-02,-4.120231866836547852e-01
9.041649103164672852e-02,2.407584041357040405e-01
5.790174379944801331e-02,4.041400551795959473e-01
-2.374979406595230103e-01,3.016919791698455811e-01
1.097272261977195740e-01,-8.963131904602050781e-02
-2.074208557605743408e-01,3.014552891254425049e-01
-1.870860010385513306e-01,1.899324208498001099e-01
-2.193778753280639648e-01,2.981066703796386719e-01
-2.725257873535156250e-01,3.330671489238739014e-01
1.200710013508796692e-01,-2.827938795089721680e-01
1.099836826324462891e-01,-6.437169760465621948e-02
3.525353595614433289e-02,3.875965476036071777e-01
-3.460679203271865845e-03,3.710582256317138672e-01
-1.209325790405273438e-01,3.325428068637847900e-01
-2.287311404943466187e-01,2.357107698917388916e-01
-1.746526658535003662e-01,3.165990412235260010e-01
8.144606649875640869e-02,-1.217193081974983215e-01
-2.246157824993133545e-01,3.152302801609039307e-01
5.939836055040359497e-02,2.114520519971847534e-01
1.165717169642448425e-01,-3.599518239498138428e-01
5.176418274641036987e-02,-9.290014952421188354e-02
1.025459021329879761e-01,-9.556233882904052734e-02
-1.200549006462097168e-01,1.746420264244079590e-01
-1.745821237564086914e-01,2.330947071313858032e-01
1.961165294051170349e-02,-1.800981760025024414e-01
6.006915122270584106e-02,3.408502042293548584e-01
5.996147915720939636e-02,4.047685265541076660e-01
4.001992940902709961e-02,-9.401334822177886963e-02
6.833518296480178833e-02,-3.336242139339447021e-01
-1.106701642274856567e-01,7.464486174285411835e-03
6.549208611249923706e-02,-1.006592437624931335e-01
-1.901413314044475555e-02,2.084363400936126709e-01
-1.231366172432899475e-01,2.272174656391143799e-01
1.001479327678680420e-01,-1.845104247331619263e-01
-1.283621191978454590e-01,2.112095057964324951e-01
-7.586863636970520020e-02,-3.518189489841461182e-02
-1.042340099811553955e-01,2.013550549745559692e-01
1.740029305219650269e-01,-3.807274699211120605e-01
-5.366740226745605469e-01,5.354951024055480957e-01
6.083082035183906555e-02,4.097921848297119141e-01
4.632886126637458801e-02,2.917485535144805908e-01
8.962619304656982422e-02,-2.030767500400543213e-01
-1.804110407829284668e-01,1.838227063417434692e-01
4.005016759037971497e-02,-1.892276704311370850e-01
1.019391044974327087e-01,-4.559586048126220703e-01
-1.813310831785202026e-01,1.875866353511810303e-01
7.150991261005401611e-02,4.297780990600585938e-01
7.195412367582321167e-02,4.299196600914001465e-01
6.936758011579513550e-02,-1.386751085519790649e-01
-2.595659494400024414e-01,1.259088814258575439e-01
-1.644262075424194336e-01,1.730001270771026611e-01
6.377656757831573486e-02,4.190595746040344238e-01
-2.124397456645965576e-01,2.882283926010131836e-01
2.820266969501972198e-02,-1.085289865732192993e-01
2.091173827648162842e-02,-7.691897451877593994e-02
5.392957851290702820e-02,-3.257280588150024414e-01
5.371413379907608032e-02,1.359204351902008057e-01
-1.132263056933879852e-02,-2.247072309255599976e-01
-2.637372016906738281e-01,1.639380007982254028e-01
-5.011460930109024048e-02,3.313088119029998779e-01
-2.079505175352096558e-01,3.195170164108276367e-01
-9.116426110267639160e-02,2.060338556766510010e-01
1.269071549177169800e-01,-4.359123110771179199e-01
1.692289710044860840e-01,-5.265889167785644531e-01
-6.386375520378351212e-03,3.280829191207885742e-01
-3.230384364724159241e-02,-2.262383699417114258e-02
9.956055879592895508e-02,3.187208995223045349e-02
1.618621796369552612e-01,3.236196190118789673e-02
-4.441507160663604736e-02,1.197188571095466614e-01
-2.128200083971023560e-01,2.535898685455322266e-01
1.183193475008010864e-01,-2.986122667789459229e-01
4.718887060880661011e-02,-6.438408792018890381e-02
6.414467841386795044e-02,4.195192158222198486e-01
-2.518033087253570557e-01,3.185481429100036621e-01
-7.194323092699050903e-02,3.393464684486389160e-01
1.226570159196853638e-01,-2.782151848077774048e-02
-1.567022651433944702e-01,2.441102564334869385e-01
5.166181549429893494e-02,-7.973273843526840210e-02
5.675912648439407349e-02,3.562692701816558838e-01
-1.095413267612457275e-01,6.089159753173589706e-03
-1.858536303043365479e-01,1.814960539340972900e-01
7.420761883258819580e-02,-2.130130082368850708e-01
-1.186889503151178360e-02,3.085232675075531006e-01
1.826943755149841309e-01,-4.039103388786315918e-01
-1.604165136814117432e-01,2.565228343009948730e-01
6.234845519065856934e-02,4.119393527507781982e-01
-5.498465895652770996e-02,2.654730677604675293e-01
1.896016299724578857e-02,-2.331010103225708008e-01
5.463638529181480408e-02,-1.050762459635734558e-01
-1.509687155485153198e-01,1.826018542051315308e-01
5.064257979393005371e-02,-9.167823195457458496e-02
-1.519514322280883789e-01,2.193816006183624268e-01
6.309743225574493408e-02,-8.007998019456863403e-02
5.005734041333198547e-02,2.618958353996276855e-01
6.363963335752487183e-02,-4.788529872894287109e-01
-1.576576828956604004e-01,3.057411909103393555e-01
-2.402058839797973633e-01,3.212360441684722900e-01
6.146719679236412048e-02,4.107436537742614746e-01
-2.081190645694732666e-01,2.009840309619903564e-01
7.120459526777267456e-02,4.285099506378173828e-01
-1.699985414743423462e-01,3.295032680034637451e-01
6.210831180214881897e-02,-1.433798968791961670e-01
1.505198627710342407e-01,-4.714580476284027100e-01
-2.307436987757682800e-02,2.541288733482360840e-01
7.171739637851715088e-02,4.291104674339294434e-01
-7.850855588912963867e-02,-1.341982162557542324e-03
-5.358085036277770996e-01,5.350023508071899414e-01
-1.919780075550079346e-01,2.125870585441589355e-01
-7.431383430957794189e-02,1.697049289941787720e-01
2.606206387281417847e-02,-1.728091835975646973e-01
-6.710736081004142761e-03,3.539487421512603760e-01
-2.118641287088394165e-01,2.930000424385070801e-01
-1.457822620868682861e-01,1.604529768228530884e-01
-2.874359302222728729e-02,3.170951008796691895e-01
-9.318311512470245361e-02,2.196639478206634521e-01
-1.553783714771270752e-01,2.875285744667053223e-01
5.561396852135658264e-02,3.839935362339019775e-01
4.326453432440757751e-02,3.848738670349121094e-01
-9.777890145778656006e-02,1.950436532497406006e-01
7.045083492994308472e-02,4.281296730041503906e-01
7.145393639802932739e-02,4.289308786392211914e-01
6.035652384161949158e-02,-1.285128146409988403e-01
1.278246790170669556e-01,-3.822011649608612061e-01
-1.243874505162239075e-01,3.139782249927520752e-01
4.766986146569252014e-02,-8.865842223167419434e-02
2.237878367304801941e-02,-9.634361416101455688e-02
-2.405984401702880859e-01,9.541612118482589722e-02
-2.378115616738796234e-02,-1.743832677602767944e-01
-2.046900987625122070e-01,3.077098727226257324e-01
1.694445013999938965e-01,-4.268675744533538818e-01
-5.357372760772705078e-01,5.348399281501770020e-01
4.136754944920539856e-02,-9.101076424121856689e-02
5.380110442638397217e-02,2.433412224054336548e-01
1.505970060825347900e-01,-3.494431376457214355e-01
-1.757457256317138672e-01,2.854385972023010254e-01
-2.415828108787536621e-01,3.158576190471649170e-01
-1.114689931273460388e-01,7.875005714595317841e-03
6.800149101763963699e-03,2.853482365608215332e-01
1.194933205842971802e-01,-4.003786295652389526e-02
-6.495086848735809326e-02,1.946918517351150513e-01
-1.749239712953567505e-01,2.013352364301681519e-01
1.923072338104248047e-02,2.935003340244293213e-01
7.246326655149459839e-02,4.302373528480529785e-01
1.412953138351440430e-01,-3.554138243198394775e-01
-2.471643686294555664e-01,3.072065412998199463e-01
1.397955603897571564e-02,-1.832344010472297668e-02
2.720421366393566132e-02,3.372108340263366699e-01
4.623446613550186157e-02,-4.309454560279846191e-01
