-1.535495042800903320e+00 8.183700561523437500e+00
-7.918456554412841797e+00 -5.178734302520751953e+00
1.465573501586914062e+01 -2.283712625503540039e+00
-6.825251102447509766e+00 -3.997174501419067383e+00
1.539253807067871094e+01 -2.645899534225463867e+00
-7.480077743530273438e+00 9.967710971832275391e-01
7.447564125061035156e+00 1.260778665542602539e+00
2.895608186721801758e+00 2.953016281127929688e+00
3.577995300292968750e+00 4.072035312652587891e+00
1.302923488616943359e+01 -3.916605949401855469e+00
1.050018978118896484e+01 -8.196927905082702637e-01
-7.526354312896728516e+00 4.854846954345703125e+00
-7.257289886474609375e+00 -3.146101951599121094e+00
-7.371058940887451172e+00 -1.066219449043273926e+00
1.178241348266601562e+01 -2.956529378890991211e+00
-2.126656293869018555e+00 8.102939605712890625e+00
1.175166511535644531e+01 -1.404556512832641602e+00
1.243490791320800781e+01 -1.975787281990051270e+00
1.454585170745849609e+01 -2.109227418899536133e+00
-1.743256688117980957e+00 6.584218502044677734e+00
6.225439548492431641e+00 3.806631088256835938e+00
-6.287221431732177734e+00 4.949402809143066406e+00
-1.237125039100646973e+00 8.881582260131835938e+00
-6.077414512634277344e+00 4.270851135253906250e+00
-8.243858337402343750e+00 -2.057525396347045898e+00
-7.372485160827636719e+00 -4.362525463104248047e+00
1.011798763275146484e+01 -1.205283522605895996e+00
-6.175699234008789062e+00 4.104795455932617188e+00
-8.318720817565917969e+00 4.688938617706298828e+00
1.137867736816406250e+01 -1.541822671890258789e+00
1.251517200469970703e+01 -2.244594812393188477e+00
9.451063156127929688e+00 4.188211262226104736e-01
7.390802383422851562e+00 1.627487063407897949e+00
9.264407157897949219e+00 8.413550257682800293e-01
-7.512451171875000000e+00 -1.169847607612609863e+00
1.195344161987304688e+01 -3.672210454940795898e+00
1.339446067810058594e+01 -1.925196409225463867e+00
7.014915466308593750e+00 3.165545225143432617e+00
-7.574679851531982422e+00 -2.108236312866210938e+00
7.870855331420898438e+00 6.542083024978637695e-01
1.153408527374267578e+01 -2.060844421386718750e+00
-7.384478569030761719e+00 -3.300397634506225586e+00
-8.968599319458007812e+00 1.173592567443847656e+01
-4.716228961944580078e+00 2.730847120285034180e+00
1.386978912353515625e+01 -3.113647937774658203e+00
-8.864747047424316406e+00 -3.663899183273315430e+00
8.387444496154785156e+00 5.199500918388366699e-01
1.077258968353271484e+01 -5.474095344543457031e-01
-5.156423091888427734e+00 9.539388656616210938e+00
1.226212024688720703e+01 -1.358613133430480957e+00
-7.888351440429687500e+00 4.563985824584960938e+00
-7.319941043853759766e+00 -3.562385320663452148e+00
6.530804634094238281e+00 2.340586900711059570e+00
-8.112875938415527344e+00 3.645893335342407227e+00
1.095547771453857422e+01 -7.447514533996582031e-01
1.083568477630615234e+01 -2.253522872924804688e+00
1.022887420654296875e+01 -1.238894462585449219e+00
-8.668436050415039062e+00 -4.645986557006835938e+00
1.471426773071289062e+01 -2.449128866195678711e+00
-6.776072978973388672e+00 -3.492465734481811523e+00
1.382562923431396484e+01 -2.455410480499267578e+00
-5.928079128265380859e+00 -4.888485908508300781e+00
-8.538174629211425781e+00 -4.499326229095458984e+00
-8.524703025817871094e+00 -5.268114566802978516e+00
-2.198799133300781250e+00 9.636179924011230469e+00
3.931591033935546875e+00 6.519474029541015625e+00
-2.046344995498657227e+00 9.589637756347656250e+00
-8.187460899353027344e+00 1.598740577697753906e+00
-4.630494117736816406e+00 3.103653430938720703e+00
1.724003195762634277e+00 7.503629684448242188e+00
4.078938007354736328e+00 3.256659030914306641e+00
6.840022087097167969e+00 2.213975906372070312e+00
-6.762578010559082031e+00 -2.500254869461059570e+00
1.107752704620361328e+01 -1.157256722450256348e+00
-6.377576351165771484e+00 -5.017432689666748047e+00
-8.978508949279785156e+00 -3.714051961898803711e+00
1.168891334533691406e+01 -1.700601458549499512e+00
1.028400230407714844e+01 -5.449777245521545410e-01
9.324852943420410156e+00 -1.057968974113464355e+00
-7.114078521728515625e+00 -4.705950736999511719e+00
-4.981167793273925781e+00 1.196163296699523926e+00
-4.724443912506103516e+00 1.353040933609008789e+00
-6.752545833587646484e+00 -1.783605337142944336e+00
9.736536026000976562e+00 -6.863936781883239746e-01
-1.979311227798461914e+00 1.096173286437988281e+01
-7.777510881423950195e-01 1.304762363433837891e+01
1.000761890411376953e+01 -2.050450801849365234e+00
4.052134990692138672e+00 3.775645494461059570e+00
1.265597057342529297e+01 -2.918345928192138672e+00
4.377573430538177490e-01 4.910697937011718750e+00
-4.375247001647949219e+00 2.805894374847412109e+00
1.260261058807373047e+01 -2.731265068054199219e+00
-6.296776771545410156e+00 1.021605300903320312e+01
2.763250112533569336e+00 6.168219089508056641e+00
1.070661187171936035e+00 5.810159206390380859e+00
-7.644238471984863281e+00 -3.228044033050537109e+00
-8.718938827514648438e+00 -4.656148910522460938e+00
-8.040098190307617188e+00 2.832278728485107422e+00
9.965363502502441406e+00 -5.370656494051218033e-03
1.284580707550048828e+01 -2.832290649414062500e+00
-9.048607826232910156e+00 -5.942881107330322266e+00
1.627135276794433594e+01 -5.177645206451416016e+00
-9.226205825805664062e+00 -5.343890190124511719e+00
-8.648661613464355469e+00 -4.734703540802001953e+00
1.181055068969726562e+01 -9.673316478729248047e-01
3.920884847640991211e+00 3.813147068023681641e+00
1.158757305145263672e+01 -2.815594434738159180e+00
4.696333408355712891e+00 2.725649118423461914e+00
1.338752365112304688e+01 -1.906343460083007812e+00
-9.725310325622558594e+00 -3.661169767379760742e+00
-6.279647827148437500e+00 2.445308685302734375e+00
1.315964889526367188e+01 -3.683477640151977539e+00
-3.339531660079956055e+00 9.426531791687011719e+00
1.150428771972656250e+01 -1.139173150062561035e+00
-1.536482214927673340e+00 5.981390953063964844e+00
-7.325196266174316406e-01 1.118715095520019531e+01
1.222379398345947266e+01 -1.911977410316467285e+00
-8.863526344299316406e+00 -1.838224053382873535e+00
-1.168310165405273438e+01 4.559049606323242188e+00
-5.701036930084228516e+00 2.882480382919311523e+00
6.827514648437500000e+00 1.189522862434387207e+00
4.839645385742187500e+00 2.740285158157348633e+00
1.023437595367431641e+01 -1.993094563484191895e+00
1.110733699798583984e+01 -1.407768607139587402e+00
9.662542343139648438e+00 -7.559266686439514160e-01
1.108671092987060547e+01 -2.302329778671264648e+00
8.910721778869628906e+00 5.530999302864074707e-01
-7.054630756378173828e+00 -5.094624042510986328e+00
7.653688430786132812e+00 -2.475238870829343796e-03
-7.426907539367675781e+00 -5.568525791168212891e+00
7.996458530426025391e+00 2.707482814788818359e+00
1.255105781555175781e+01 -1.427662730216979980e+00
-8.385663032531738281e+00 -3.344894409179687500e+00
1.476722049713134766e+01 -3.409085988998413086e+00
-6.747466564178466797e+00 9.245586395263671875e-01
-8.521178245544433594e+00 -2.488316774368286133e+00
1.127487754821777344e+01 -2.132526636123657227e+00
1.261444854736328125e+01 -3.870103597640991211e+00
1.117695617675781250e+01 8.619846701622009277e-01
-8.318292617797851562e+00 -4.500006675720214844e+00
9.723440170288085938e+00 -8.342948555946350098e-01
-9.178139686584472656e+00 -4.203730106353759766e+00
-7.691929340362548828e+00 -2.562478303909301758e+00
-7.610430240631103516e+00 -1.117355346679687500e+00
-8.963690757751464844e+00 -5.167220115661621094e+00
1.170136737823486328e+01 -1.736445307731628418e+00
-7.259612560272216797e+00 -2.815829277038574219e+00
-6.439456939697265625e-01 9.367198944091796875e+00
-6.495292186737060547e+00 5.263276696205139160e-01
-6.688961505889892578e+00 6.530603766441345215e-01
5.128717899322509766e+00 1.357555150985717773e+00
-5.399162292480468750e+00 1.543858528137207031e+00
-7.046943664550781250e+00 -2.551994562149047852e+00
-8.286627769470214844e+00 -4.348783016204833984e+00
-6.914623737335205078e+00 -3.254885673522949219e+00
-6.270590305328369141e+00 6.812284946441650391e+00
-4.263995170593261719e+00 8.098093032836914062e+00
4.303708553314208984e+00 4.261716365814208984e+00
-8.150379180908203125e+00 -4.745603084564208984e+00
1.049672222137451172e+01 -8.033240437507629395e-01
-7.518486976623535156e+00 -1.288492441177368164e+00
-7.472506999969482422e+00 -3.122289419174194336e+00
-6.620167255401611328e+00 3.364925682544708252e-01
-8.059211730957031250e+00 -3.121175289154052734e+00
-1.039301156997680664e+00 6.766897678375244141e+00
-7.380270361900329590e-01 5.924863815307617188e+00
-5.854894161224365234e+00 -3.541810035705566406e+00
-2.462288856506347656e+00 7.442380428314208984e+00
9.738080024719238281e+00 -6.360118985176086426e-01
-8.792219161987304688e+00 -4.369020462036132812e+00
-8.521711349487304688e+00 -8.414095640182495117e-01
1.007854270935058594e+01 -1.013756155967712402e+00
7.064359188079833984e+00 1.464915156364440918e+00
-6.781482219696044922e+00 -2.306625366210937500e+00
-7.926412105560302734e+00 -2.556541681289672852e+00
-2.719153165817260742e+00 8.435304641723632812e+00
8.102425336837768555e-01 7.007166385650634766e+00
7.171887397766113281e+00 2.317032575607299805e+00
-8.006840705871582031e+00 -3.786540985107421875e+00
1.261972427368164062e+01 -2.216848850250244141e+00
5.725126743316650391e+00 1.990823149681091309e+00
-6.965835571289062500e+00 -3.308844566345214844e+00
9.194675445556640625e+00 -7.960234880447387695e-01
-9.101788520812988281e+00 -4.592675209045410156e+00
-8.686307907104492188e+00 -4.408130645751953125e+00
-3.451656579971313477e+00 6.484278202056884766e+00
1.465753555297851562e+01 -1.878812551498413086e+00
-6.206943511962890625e+00 -3.213371276855468750e+00
-5.390727996826171875e+00 1.462385940551757812e+01
-5.825185298919677734e+00 -6.612438559532165527e-01
1.327760219573974609e+01 -3.897249460220336914e+00
2.609580993652343750e+00 3.366192102432250977e+00
-7.691671371459960938e+00 -5.025985836982727051e-01
-5.005008220672607422e+00 -1.815965414047241211e+00
-8.521668434143066406e+00 -4.219323158264160156e+00
8.043874740600585938e+00 3.267629742622375488e-01
1.256435489654541016e+01 -1.468199014663696289e+00
-6.516172885894775391e+00 -2.064286470413208008e+00
-5.216923236846923828e+00 8.304510116577148438e+00
-5.044285774230957031e+00 1.073639392852783203e+01
-2.000844240188598633e+00 9.692112922668457031e+00
5.881023883819580078e+00 4.568645477294921875e+00
1.115669536590576172e+01 -2.294297695159912109e+00
1.333521366119384766e+01 -2.069803714752197266e+00
1.307994365692138672e+01 -1.754116535186767578e+00
-8.527841567993164062e+00 -4.601677894592285156e+00
2.958410263061523438e+00 3.603110790252685547e+00
1.140541648864746094e+01 -1.754050612449645996e+00
9.471764564514160156e+00 -1.672782748937606812e-02
7.206777334213256836e-01 9.432246208190917969e+00
1.001706600189208984e+01 -1.417465329170227051e+00
1.167739009857177734e+01 -1.589208245277404785e+00
-5.993696689605712891e+00 -4.429347038269042969e+00
1.071255970001220703e+01 -6.530230641365051270e-01
-6.956578254699707031e+00 -3.637639522552490234e+00
-5.159863471984863281e+00 -4.663847923278808594e+00
1.383139252662658691e+00 9.081380844116210938e+00
-7.683045864105224609e+00 -2.937618732452392578e+00
9.405505180358886719e+00 2.857337594032287598e-01
1.027788925170898438e+01 -1.167322754859924316e+00
-3.698282003402709961e+00 2.158074229955673218e-01
-6.635111331939697266e+00 -5.484729766845703125e+00
1.177402687072753906e+01 -2.467089414596557617e+00
-7.722353935241699219e+00 -4.031905651092529297e+00
-8.986268043518066406e+00 -3.556248426437377930e+00
8.367334365844726562e+00 1.036986231803894043e+00
-6.356459617614746094e+00 -2.819701433181762695e-01
-7.421355724334716797e+00 -4.738011837005615234e+00
-6.256362438201904297e+00 -5.247766494750976562e+00
-7.662555694580078125e+00 1.138834476470947266e+01
9.458635330200195312e+00 -1.775819897651672363e+00
9.626765251159667969e+00 3.663393259048461914e-01
-7.355034828186035156e+00 -2.640887498855590820e+00
1.119117164611816406e+01 -1.548400640487670898e+00
2.383558988571166992e+00 4.349326610565185547e+00
-8.968317985534667969e+00 -4.557947158813476562e+00
-7.466611862182617188e+00 -4.461138248443603516e+00
1.110781764984130859e+01 -3.954793930053710938e+00
-7.071217060089111328e+00 6.585468769073486328e+00
-6.477868556976318359e+00 -2.717203378677368164e+00
7.794409275054931641e+00 1.535426259040832520e+00
1.281705951690673828e+01 -3.690852224826812744e-01
2.215942144393920898e+00 4.958198547363281250e+00
-7.292755603790283203e+00 -3.583429574966430664e+00
9.585791587829589844e+00 1.416141629219055176e+00
-6.443211078643798828e+00 -3.429348468780517578e+00
-9.808620452880859375e+00 -5.430488109588623047e+00
-7.156765460968017578e+00 -5.725777626037597656e+00
8.201315253973007202e-02 1.236729145050048828e+01
-6.926560401916503906e+00 -1.792959332466125488e+00
-7.823763370513916016e+00 -5.800799727439880371e-01
-8.113514900207519531e+00 -5.377595424652099609e+00
1.231146907806396484e+01 -1.052874207496643066e+00
1.027770805358886719e+01 -1.758072614669799805e+00
1.167271709442138672e+01 -8.313170671463012695e-01
-6.581151485443115234e+00 -1.668777704238891602e+00
1.403220462799072266e+01 -3.473680019378662109e+00
-6.000134944915771484e+00 1.621595978736877441e+00
1.227747631072998047e+01 -1.671018958091735840e+00
1.059421539306640625e+01 -2.977719604969024658e-01
-4.884108543395996094e+00 7.880156040191650391e-01
-3.985639810562133789e+00 9.809815406799316406e+00
1.011980056762695312e+01 -2.135696172714233398e+00
-6.019963264465332031e+00 6.586095333099365234e+00
7.705841541290283203e+00 1.260881543159484863e+00
-8.082036972045898438e+00 -4.457039833068847656e+00
1.119903659820556641e+01 -1.547377347946166992e+00
-7.547574996948242188e+00 5.163364887237548828e+00
-8.270901679992675781e+00 -4.883494377136230469e+00
1.198853111267089844e+01 -1.922154903411865234e+00
-6.648385524749755859e+00 4.081578731536865234e+00
8.869185447692871094e+00 9.539098739624023438e-01
9.643620491027832031e+00 1.846853733062744141e+00
1.168240165710449219e+01 -1.020178914070129395e+00
-5.888341903686523438e+00 -6.581727266311645508e-01
-7.465752601623535156e+00 -1.902455329895019531e+00
1.205164146423339844e+01 -2.367367506027221680e+00
-6.571775913238525391e+00 -4.100147724151611328e+00
-8.239724159240722656e+00 -3.336598873138427734e+00
-4.987868309020996094e+00 6.583120346069335938e+00
-6.701889514923095703e+00 -4.195078849792480469e+00
-8.960727691650390625e+00 -2.624925613403320312e+00
1.236954116821289062e+01 -2.175922870635986328e+00
-8.095458030700683594e+00 -2.537986516952514648e+00
-6.336702823638916016e+00 -4.418249130249023438e-01
-6.134608745574951172e+00 -1.916389018297195435e-01
7.035202980041503906e+00 1.763442516326904297e+00
-6.707182884216308594e+00 8.901058197021484375e+00
-6.718268871307373047e+00 -3.505077123641967773e+00
7.339650154113769531e+00 1.046521186828613281e+00
-8.323124885559082031e+00 -4.190248489379882812e+00
-1.107282257080078125e+01 1.956865668296813965e+00
1.115820693969726562e+01 -8.024492263793945312e-01
9.824090957641601562e+00 -1.867141485214233398e+00
6.903727531433105469e+00 1.137859821319580078e+00
1.062446880340576172e+01 -1.254306077957153320e+00
1.093941593170166016e+01 -1.968619585037231445e+00
5.774061203002929688e+00 9.056189060211181641e-01
1.297397613525390625e+01 -3.351171016693115234e+00
-7.271827220916748047e+00 -4.580810070037841797e+00
-9.758407592773437500e+00 -4.933452129364013672e+00
1.213601589202880859e+01 -1.459392786026000977e+00
8.451271057128906250e+00 1.031529903411865234e+00
-8.473204612731933594e+00 -3.377234458923339844e+00
7.495795249938964844e+00 -2.749155759811401367e-01
8.837910652160644531e+00 -7.976264953613281250e-01
8.476385116577148438e+00 1.332950741052627563e-01
1.172858047485351562e+01 -2.365340471267700195e+00
-4.121973037719726562e+00 1.009049034118652344e+01
1.095322132110595703e+01 -9.780453443527221680e-01
-7.557807445526123047e+00 -3.460632801055908203e+00
-4.066670894622802734e+00 7.109328746795654297e+00
8.551438331604003906e+00 -5.959087610244750977e-01
-6.793182373046875000e+00 -3.250670909881591797e+00
-2.305392175912857056e-01 4.145375251770019531e+00
-2.909631490707397461e+00 6.399285793304443359e+00
1.536693572998046875e+01 -2.429037094116210938e+00
1.085309505462646484e+01 -9.135198593139648438e-01
9.731570243835449219e+00 -5.086598992347717285e-01
-5.102256298065185547e+00 8.900759696960449219e+00
9.123441696166992188e+00 -8.217372298240661621e-01
-6.834487915039062500e+00 4.093738079071044922e+00
9.546642303466796875e+00 -8.332380652427673340e-02
7.046969413757324219e+00 -2.457687258720397949e-01
-8.083733558654785156e+00 -3.910478115081787109e+00
-6.446611881256103516e+00 -6.900578141212463379e-01
1.284755039215087891e+01 -1.438582897186279297e+00
2.298795223236083984e+00 5.933487415313720703e+00
-6.659765720367431641e+00 -1.198852896690368652e+00
1.356720161437988281e+01 -2.399543046951293945e+00
7.570689678192138672e+00 1.420108556747436523e+00
-6.362518310546875000e+00 5.374551773071289062e+00
-9.230552911758422852e-01 8.531356811523437500e+00
-1.063482666015625000e+01 6.396664142608642578e+00
-8.187343597412109375e+00 -3.342547893524169922e+00
9.762263298034667969e+00 -4.635249078273773193e-01
7.002809047698974609e+00 1.437455296516418457e+00
1.232899761199951172e+01 -3.166185855865478516e+00
-7.753623962402343750e+00 -5.016306400299072266e+00
-8.085132598876953125e+00 -2.997884988784790039e+00
-7.386916160583496094e+00 -5.154622554779052734e+00
1.085973834991455078e+01 -1.727829337120056152e+00
-7.297400474548339844e+00 -8.486721515655517578e-01
-7.627375125885009766e+00 -4.283170223236083984e+00
1.048958778381347656e+01 3.483181595802307129e-01
-8.045842170715332031e+00 -5.367638587951660156e+00
-7.815732479095458984e+00 -2.968690633773803711e+00
-7.516774654388427734e+00 -5.242501735687255859e+00
-9.225102424621582031e+00 -3.999653816223144531e+00
-8.433654785156250000e+00 -5.438823699951171875e+00
-3.461819648742675781e+00 9.576904296875000000e+00
-5.113371849060058594e+00 4.528196811676025391e+00
-7.871518611907958984e+00 -4.083710193634033203e+00
7.928020954132080078e+00 5.188003778457641602e-01
2.190259933471679688e+00 9.772899627685546875e+00
9.054791450500488281e+00 -3.060028314590454102e+00
-8.031381607055664062e+00 1.530046939849853516e+00
-7.645080566406250000e+00 -5.632135868072509766e+00
9.886150360107421875e+00 -4.785009324550628662e-01
7.633038520812988281e+00 4.721935093402862549e-01
-8.137904167175292969e+00 -5.786006450653076172e+00
-6.352339267730712891e+00 -5.691635131835937500e+00
-5.966994762420654297e+00 2.714695453643798828e+00
1.034232425689697266e+01 -5.012366771697998047e-01
-6.284351825714111328e+00 3.503284454345703125e+00
-6.148611068725585938e+00 -3.683908224105834961e+00
-3.463412284851074219e+00 4.633530616760253906e+00
-2.293137073516845703e+00 8.141763687133789062e+00
-6.280435085296630859e+00 2.836695432662963867e+00
5.824027538299560547e+00 3.418031692504882812e+00
1.187543106079101562e+01 -3.030849933624267578e+00
-6.894455909729003906e+00 -6.269116878509521484e+00
-5.732525348663330078e+00 5.277259349822998047e+00
-7.764967918395996094e+00 -2.549613952636718750e+00
-5.635472774505615234e+00 -2.593991994857788086e+00
-1.354329705238342285e+00 6.992456912994384766e+00
1.442677021026611328e+00 7.289165973663330078e+00
9.262878894805908203e-01 8.600029945373535156e+00
7.390122890472412109e+00 3.544300079345703125e+00
-8.126114845275878906e+00 -3.714514970779418945e+00
-7.686400890350341797e+00 -6.517459392547607422e+00
-4.951188087463378906e+00 2.393458127975463867e+00
2.998437285423278809e-01 8.360615730285644531e+00
1.419695949554443359e+01 -3.567563533782958984e+00
-1.748176574707031250e+00 1.193758773803710938e+01
-5.364819049835205078e+00 -2.972883701324462891e+00
1.307751655578613281e+01 -3.450011730194091797e+00
-9.031970977783203125e+00 -1.732590436935424805e+00
-7.372119426727294922e+00 -4.735535144805908203e+00
-4.355504035949707031e+00 3.330265760421752930e+00
-6.341431617736816406e+00 5.476995944976806641e+00
9.363333702087402344e+00 -4.820812046527862549e-01
-4.632376194000244141e+00 -3.793620347976684570e+00
1.309506511688232422e+01 -4.282577991485595703e+00
-5.673347949981689453e+00 -1.646977663040161133e+00
1.231468105316162109e+01 -2.982792377471923828e+00
-7.061787843704223633e-01 8.102364540100097656e+00
2.217595577239990234e+00 4.902690410614013672e+00
-7.479460239410400391e+00 -3.087475538253784180e+00
7.223491191864013672e+00 1.750826001167297363e+00
-6.449853897094726562e+00 -2.722014665603637695e+00
-1.050935935974121094e+01 4.639064311981201172e+00
-5.538041114807128906e+00 -3.509737968444824219e+00
-6.162631511688232422e+00 6.767166137695312500e+00
-2.162829160690307617e+00 6.696044921875000000e+00
-6.110167980194091797e+00 3.983773946762084961e+00
1.129701995849609375e+01 -2.829184055328369141e+00
-5.426192760467529297e+00 1.120374321937561035e+00
-5.090789794921875000e+00 -4.730025291442871094e+00
-3.980366468429565430e+00 1.294036149978637695e+00
-8.778158187866210938e+00 -2.829876422882080078e+00
9.755071640014648438e+00 -1.382604598999023438e+00
-9.162444114685058594e+00 -3.093317031860351562e+00
5.545974254608154297e+00 1.564601421356201172e+00
-7.460396766662597656e+00 -4.603794097900390625e+00
-6.109293937683105469e+00 4.626095771789550781e+00
-8.879721641540527344e+00 -4.485514640808105469e+00
-9.491489410400390625e+00 4.297400474548339844e+00
-4.892281532287597656e+00 2.076889753341674805e+00
-7.538990020751953125e+00 -4.006652355194091797e+00
1.373386383056640625e+01 -3.324689388275146484e+00
9.659276008605957031e+00 -1.272945404052734375e+00
-7.439734935760498047e+00 -1.465145111083984375e+00
-1.729794144630432129e+00 9.422415733337402344e+00
6.989295959472656250e+00 1.001674413681030273e+00
4.591450214385986328e+00 3.445461988449096680e+00
-7.256857395172119141e+00 -2.692994356155395508e+00
-5.537463665008544922e+00 -1.224330306053161621e+00
-8.265683174133300781e+00 -6.043091297149658203e+00
-1.715435981750488281e+00 7.271041870117187500e+00
-5.520427703857421875e+00 6.693920612335205078e+00
6.438508033752441406e+00 2.643142700195312500e+00
-6.329892158508300781e+00 -1.531931877136230469e+00
9.724861145019531250e+00 -2.280852943658828735e-01
-7.513769149780273438e+00 -2.007086277008056641e+00
-8.772787094116210938e+00 -3.694570541381835938e+00
-6.851687908172607422e+00 -4.376503467559814453e+00
5.403184890747070312e-01 1.001195144653320312e+01
-3.109917402267456055e+00 1.154488277435302734e+01
-6.870222091674804688e+00 -3.209883213043212891e+00
5.628311157226562500e+00 1.770228505134582520e+00
4.228065490722656250e+00 2.376538038253784180e+00
1.104200601577758789e+00 4.719051837921142578e+00
8.834739685058593750e+00 3.062074780464172363e-01
-7.829353809356689453e+00 -4.990359306335449219e+00
1.345769977569580078e+01 -4.163546562194824219e+00
-6.142034053802490234e+00 4.356865212321281433e-02
-3.947393894195556641e+00 -8.697839975357055664e-01
-1.365467190742492676e+00 7.735228061676025391e+00
1.273431777954101562e+01 -2.643643379211425781e+00
-5.796677589416503906e+00 1.277536964416503906e+01
-8.887351989746093750e+00 -3.235870361328125000e+00
-7.537930011749267578e+00 8.668287277221679688e+00
-6.512144088745117188e+00 -6.350398063659667969e+00
-6.181649684906005859e+00 -4.683511257171630859e+00
1.363618659973144531e+01 -2.832137107849121094e+00
9.426666259765625000e+00 -1.060385346412658691e+00
-6.984784126281738281e+00 -2.548534870147705078e+00
-8.508813858032226562e+00 -4.306542873382568359e+00
-7.002464771270751953e+00 -4.804019451141357422e+00
1.255466461181640625e+01 -2.913096904754638672e+00
-6.809216499328613281e+00 -2.872426271438598633e+00
-5.238253593444824219e+00 6.202567577362060547e+00
-7.662470340728759766e+00 -1.431716322898864746e+00
-6.633031845092773438e+00 -8.357225656509399414e-01
-7.327801227569580078e+00 -3.149757862091064453e+00
1.674421668052673340e+00 5.186563014984130859e+00
6.842828273773193359e+00 2.051177501678466797e+00
-7.078465938568115234e+00 -4.346416950225830078e+00
-2.555956363677978516e+00 6.337493896484375000e+00
-6.858083248138427734e+00 -4.295350551605224609e+00
-6.483379840850830078e+00 -2.861449003219604492e+00
-7.775251388549804688e+00 -3.281008005142211914e+00
-1.514944314956665039e+00 5.264165401458740234e+00
-2.024745464324951172e+00 8.747901916503906250e+00
-5.047079563140869141e+00 4.649465560913085938e+00
-7.473734855651855469e+00 -4.538037776947021484e+00
1.209023189544677734e+01 -1.961481332778930664e+00
-6.476552486419677734e+00 -5.263960957527160645e-01
-9.499146342277526855e-01 3.224447727203369141e+00
-6.136110782623291016e+00 -4.019130706787109375e+00
-1.122340869903564453e+01 -4.406132221221923828e+00
-6.561348438262939453e+00 -2.113239526748657227e+00
-6.860675811767578125e+00 -4.550618171691894531e+00
5.245528697967529297e+00 3.169931411743164062e+00
-7.869046211242675781e+00 -4.007025718688964844e+00
6.291554927825927734e+00 2.601259946823120117e+00
-6.350231647491455078e+00 -4.096252918243408203e+00
-6.930507183074951172e+00 -2.467722177505493164e+00
-8.908818244934082031e+00 -5.289022445678710938e+00
1.068564033508300781e+01 -2.162326812744140625e+00
1.252699661254882812e+01 -1.031505465507507324e+00
1.014060211181640625e+01 -1.368021607398986816e+00
-5.074013710021972656e+00 -3.169780492782592773e+00
-6.102427005767822266e+00 -2.574017763137817383e+00
5.252107620239257812e+00 3.389040946960449219e+00
4.157259464263916016e+00 2.077058553695678711e+00
-5.819539546966552734e+00 8.679001808166503906e+00
-7.111166954040527344e+00 -5.493841648101806641e+00
-2.245380163192749023e+00 1.015847015380859375e+01
-5.898743152618408203e+00 -2.741587400436401367e+00
-1.002996158599853516e+01 2.547194957733154297e-01
-8.149282455444335938e+00 -4.551636695861816406e+00
1.373999023437500000e+01 -2.463181972503662109e+00
8.799044609069824219e+00 -7.745562791824340820e-01
-4.441990375518798828e+00 7.210744857788085938e+00
2.448602169752120972e-01 7.178940296173095703e+00
1.194366741180419922e+01 -2.551770925521850586e+00
7.646961688995361328e+00 1.447881579399108887e+00
-7.473425388336181641e+00 -5.508322238922119141e+00
-7.782526969909667969e+00 -4.472784042358398438e+00
-5.277714729309082031e+00 2.860741376876831055e+00
-3.873841464519500732e-01 8.765037536621093750e+00
-7.534832954406738281e-01 9.591032981872558594e+00
-8.926023483276367188e+00 -1.780588746070861816e+00
2.249271869659423828e-01 8.224662780761718750e+00
9.268502235412597656e+00 7.472020387649536133e-02
-9.422431945800781250e+00 -3.790959119796752930e+00
-8.900229454040527344e+00 -4.450320243835449219e+00
-5.686416625976562500e+00 -4.525804519653320312e+00
1.252922630310058594e+01 -2.738156795501708984e+00
-7.391386508941650391e+00 -3.107233524322509766e+00
6.076454639434814453e+00 1.071995019912719727e+00
-3.254271030426025391e+00 1.093109130859375000e+01
-4.923346996307373047e+00 -2.882805585861206055e+00
-7.483889102935791016e+00 1.277454090118408203e+01
-6.518420696258544922e+00 3.443756580352783203e+00
1.183962917327880859e+01 -1.454484224319458008e+00
-5.252278804779052734e+00 -2.599711894989013672e+00
-4.007867813110351562e+00 5.773852825164794922e+00
-3.603441715240478516e+00 8.320190429687500000e+00
-6.467587471008300781e+00 -4.100730895996093750e+00
-6.677944183349609375e+00 5.096867561340332031e+00
-1.503714919090270996e+00 1.067472743988037109e+01
-8.288556098937988281e+00 -4.782996177673339844e+00
-6.877372264862060547e+00 -6.111857891082763672e+00
1.164560699462890625e+01 -1.834470629692077637e+00
-8.777426719665527344e+00 -4.523122310638427734e+00
1.097615051269531250e+01 -1.278935074806213379e+00
7.930678129196166992e-02 5.514671325683593750e+00
-1.330225706100463867e+00 8.509519577026367188e+00
-8.540859222412109375e+00 9.857951164245605469e+00
9.235594749450683594e+00 -6.271010637283325195e-02
-7.450433254241943359e+00 -4.682273387908935547e+00
-5.030147552490234375e+00 4.226871967315673828e+00
1.028608322143554688e+01 -1.133340239524841309e+00
8.895772933959960938e+00 -1.116364002227783203e+00
1.496481609344482422e+01 -4.941921234130859375e+00
-8.477669715881347656e+00 -3.089656591415405273e+00
-8.177516937255859375e+00 -6.240393161773681641e+00
-8.868902206420898438e+00 -4.191484451293945312e+00
7.297318428754806519e-02 5.454279422760009766e+00
-6.782602310180664062e+00 -5.004325866699218750e+00
3.689622879028320312e+00 4.048494815826416016e+00
-5.240620613098144531e+00 -5.256424903869628906e+00
-6.414564609527587891e+00 -3.108645915985107422e+00
-7.344558715820312500e+00 8.079249382019042969e+00
-7.277637958526611328e+00 -2.074166536331176758e+00
-6.609814643859863281e+00 1.692716717720031738e+00
-8.615453720092773438e+00 -1.007873296737670898e+00
-7.168170928955078125e+00 -2.348361730575561523e+00
-6.753118515014648438e+00 2.263814210891723633e+00
-6.978917598724365234e+00 -2.377809286117553711e+00
1.305602931976318359e+01 -2.952035188674926758e+00
9.837541580200195312e+00 -2.134128093719482422e+00
7.475102901458740234e+00 1.302310824394226074e+00
-1.638042926788330078e-01 6.613144874572753906e+00
-5.950088024139404297e+00 -6.811422824859619141e+00
-5.166075229644775391e+00 2.882494688034057617e+00
1.262215495109558105e+00 7.267874717712402344e+00
-7.698054313659667969e+00 3.346826076507568359e+00
-2.486540079116821289e+00 6.625010013580322266e+00
-8.518792152404785156e+00 -4.407819747924804688e+00
-6.774707794189453125e+00 -1.940146207809448242e+00
1.168221187591552734e+01 -2.538086891174316406e+00
-5.562083244323730469e+00 -3.986442565917968750e+00
-7.070315837860107422e+00 -4.295614242553710938e+00
-1.341924548149108887e+00 4.691774845123291016e+00
-7.351045131683349609e+00 2.936991691589355469e+00
-8.341398239135742188e+00 -5.518606662750244141e+00
-6.686648845672607422e+00 -2.032103061676025391e+00
1.040304851531982422e+01 -9.551343321800231934e-01
3.401495218276977539e+00 6.132227420806884766e+00
-7.052677631378173828e+00 1.490782350301742554e-01
-7.362800598144531250e+00 2.757796525955200195e+00
-7.660673618316650391e+00 -2.575834035873413086e+00
-9.226762771606445312e+00 -4.821989059448242188e+00
-6.412838459014892578e+00 4.319155693054199219e+00
1.289810371398925781e+01 -2.637448549270629883e+00
-8.405505180358886719e+00 -5.624235153198242188e+00
-4.826377391815185547e+00 7.064512729644775391e+00
-5.895073413848876953e+00 5.299909114837646484e+00
-4.245087146759033203e+00 7.025134563446044922e+00
-7.330747127532958984e+00 -4.550858020782470703e+00
-3.374492883682250977e+00 4.313536643981933594e+00
-7.217372417449951172e+00 -4.144214630126953125e+00
-8.470508575439453125e+00 -4.208238124847412109e+00
6.843051314353942871e-01 7.630917549133300781e+00
4.101818561553955078e+00 2.499226093292236328e+00
-5.598621845245361328e+00 2.901338815689086914e+00
-8.008399009704589844e+00 -2.670146465301513672e+00
-7.631242752075195312e+00 9.685757637023925781e+00
-7.590538024902343750e+00 -2.984548568725585938e+00
5.870952606201171875e+00 2.788497209548950195e+00
-7.208101749420166016e+00 -3.449729204177856445e+00
-8.054646492004394531e+00 -6.699450492858886719e+00
-8.316959381103515625e+00 -5.268589973449707031e+00
-7.061643123626708984e+00 7.481793880462646484e+00
-6.508246898651123047e+00 -5.102192759513854980e-01
1.226651000976562500e+01 -1.605688929557800293e+00
-3.890179634094238281e+00 6.939933776855468750e+00
-4.040706157684326172e+00 3.948983192443847656e+00
-1.020220661163330078e+01 1.176653027534484863e+00
1.373506259918212891e+01 -5.320158958435058594e+00
-6.034565448760986328e+00 8.893692016601562500e+00
1.215502357482910156e+01 -1.798978805541992188e+00
4.914416372776031494e-02 5.439577102661132812e+00
1.618668317794799805e+00 7.471783161163330078e+00
1.092047214508056641e+01 -2.803631067276000977e+00
1.332829380035400391e+01 -3.515997648239135742e+00
-6.876330852508544922e+00 -3.664208650588989258e+00
5.989620208740234375e+00 3.654855966567993164e+00
-8.224192619323730469e+00 -4.382921695709228516e+00
1.170552253723144531e+01 -2.235828876495361328e+00
-5.881034851074218750e+00 2.040904521942138672e+00
4.678529739379882812e+00 5.501106739044189453e+00
-7.064335823059082031e+00 -1.982771873474121094e+00
-6.824100017547607422e+00 2.746575117111206055e+00
-3.513480424880981445e+00 4.463181972503662109e+00
-5.680551528930664062e+00 3.149057388305664062e+00
-8.570079803466796875e+00 4.748714923858642578e+00
4.086660742759704590e-01 6.291370391845703125e+00
-6.582952737808227539e-01 7.151928901672363281e+00
4.927006721496582031e+00 3.539064407348632812e+00
-6.690340042114257812e+00 -5.419668674468994141e+00
-5.790054798126220703e+00 -2.266607761383056641e+00
-9.486547470092773438e+00 1.010441875457763672e+01
-7.280921459197998047e+00 -4.742938041687011719e+00
-7.581258773803710938e+00 -1.593385934829711914e+00
1.005471515655517578e+01 -2.585992574691772461e+00
-4.217640399932861328e+00 7.813471555709838867e-01
-3.205513477325439453e+00 6.401387214660644531e+00
7.549591064453125000e+00 1.341789662837982178e-01
-7.362753868103027344e+00 1.143693804740905762e+00
-7.370726585388183594e+00 -2.913382053375244141e+00
-6.957846164703369141e+00 6.652732491493225098e-01
-9.982036590576171875e+00 2.520586252212524414e+00
-9.018643379211425781e+00 4.014822959899902344e+00
-7.250335693359375000e+00 -3.636651337146759033e-01
-7.063817977905273438e+00 -3.181754827499389648e+00
9.877660751342773438e+00 -1.298205852508544922e+00
-1.143927001953125000e+01 2.908667027950286865e-01
-5.845154285430908203e+00 9.569028019905090332e-01
-8.736890792846679688e+00 -4.361687183380126953e+00
1.126237392425537109e+01 -2.885918378829956055e+00
1.370664787292480469e+01 -3.559985876083374023e+00
-9.493435859680175781e+00 -4.104749679565429688e+00
-6.427036762237548828e+00 -3.359936237335205078e+00
-8.398202896118164062e+00 3.955387353897094727e+00
-7.367134571075439453e+00 -5.156412601470947266e+00
-5.643562316894531250e+00 -3.506589174270629883e+00
-5.820209026336669922e+00 -1.830085873603820801e+00
-6.801702976226806641e+00 -4.620958805084228516e+00
5.999577999114990234e+00 1.877881407737731934e+00
-7.738640308380126953e+00 -4.605681419372558594e+00
-5.437554836273193359e+00 5.128596305847167969e+00
-7.906757354736328125e+00 6.329955577850341797e+00
1.228734970092773438e+01 -2.607787370681762695e+00
1.320268154144287109e+01 -2.323274850845336914e+00
1.076782608032226562e+01 -3.234257221221923828e+00
4.868705749511718750e+00 2.958698034286499023e+00
-6.089389801025390625e+00 -4.428480148315429688e+00
-7.111535549163818359e+00 2.447047270834445953e-02
9.057088851928710938e+00 -1.090253353118896484e+00
9.374033927917480469e+00 -8.055916428565979004e-01
-7.456876754760742188e+00 -5.367326259613037109e+00
2.403033018112182617e+00 7.702349662780761719e+00
-4.916317939758300781e+00 -1.598535656929016113e+00
-7.944343566894531250e+00 -3.734155893325805664e+00
6.499392509460449219e+00 2.765906333923339844e+00
7.191309928894042969e+00 1.831427454948425293e+00
1.189263916015625000e+01 -2.057386159896850586e+00
9.116499900817871094e+00 -7.034034132957458496e-01
1.075717830657958984e+01 -9.735484719276428223e-01
-6.625628948211669922e+00 3.242709875106811523e+00
9.788911819458007812e+00 1.628778129816055298e-01
-6.218835830688476562e+00 -2.223265886306762695e+00
-6.069530487060546875e+00 -3.208876371383666992e+00
1.105894184112548828e+01 -3.563998639583587646e-01
-3.805739879608154297e+00 7.999624729156494141e+00
-5.847393512725830078e+00 1.302191138267517090e+00
-7.188919067382812500e+00 -2.485826253890991211e+00
-6.571441173553466797e+00 -4.718285083770751953e+00
-6.802087783813476562e+00 -4.787847995758056641e+00
-9.085056304931640625e+00 -4.203686714172363281e+00
-7.337781429290771484e+00 -2.991471052169799805e+00
-3.945093393325805664e+00 5.959812998771667480e-01
-7.733074188232421875e+00 -4.135746955871582031e+00
-6.873575210571289062e+00 -4.704697132110595703e+00
-1.437885522842407227e+00 8.647840499877929688e+00
-6.572550296783447266e+00 -2.689038515090942383e+00
-2.613502740859985352e+00 9.183290481567382812e+00
-7.474924564361572266e+00 -5.281957149505615234e+00
1.443988800048828125e+01 -4.703756809234619141e+00
1.040900897979736328e+01 -1.435454964637756348e+00
-8.103333473205566406e+00 -4.810552120208740234e+00
-1.073993587493896484e+01 -2.753581762313842773e+00
-8.084304809570312500e+00 -5.094391822814941406e+00
9.661190986633300781e+00 -8.070916533470153809e-01
-5.370975494384765625e+00 -7.102889418601989746e-01
1.298010730743408203e+01 -2.508524179458618164e+00
-8.454852104187011719e+00 -3.124503612518310547e+00
1.312772083282470703e+01 -2.794601440429687500e+00
2.577326297760009766e+00 5.032616615295410156e+00
1.217559528350830078e+01 -2.166292190551757812e+00
-1.025535869598388672e+01 1.169517993927001953e+01
-7.820003032684326172e+00 -4.068864822387695312e+00
-5.545028209686279297e+00 5.760716915130615234e+00
-4.719421386718750000e+00 1.288488674163818359e+01
1.647716712951660156e+01 -4.319625854492187500e+00
-3.566224098205566406e+00 1.176371097564697266e+01
-6.992137908935546875e+00 -5.682731628417968750e+00
-8.496847152709960938e+00 -4.494783401489257812e+00
-3.972819089889526367e+00 5.717169761657714844e+00
8.286653518676757812e+00 1.599848866462707520e+00
-7.727487087249755859e+00 -1.293953299522399902e+00
1.354055023193359375e+01 -3.895886659622192383e+00
1.034700393676757812e+01 -1.203779697418212891e+00
-4.659309387207031250e+00 3.202055454254150391e+00
7.998636722564697266e+00 8.373947143554687500e-01
1.220751571655273438e+01 -2.131738901138305664e+00
9.676532745361328125e+00 2.519406676292419434e-01
-8.124921798706054688e+00 -5.588463306427001953e+00
1.248010540008544922e+01 -1.917355537414550781e+00
1.310761642456054688e+01 -2.603359937667846680e+00
-7.761374950408935547e+00 -1.178451657295227051e+00
-8.038000106811523438e+00 -3.254025459289550781e+00
-5.935811996459960938e+00 9.969082832336425781e+00
-8.002919197082519531e+00 -5.810567855834960938e+00
-7.308546066284179688e+00 -3.639229536056518555e+00
-3.718624353408813477e+00 -6.806042194366455078e-01
1.337887191772460938e+01 -2.917216539382934570e+00
-6.288872241973876953e+00 -5.263929367065429688e+00
-8.669194579124450684e-01 1.038162803649902344e+01
-9.130513191223144531e+00 -2.305987834930419922e+00
-9.302691459655761719e+00 -2.805344104766845703e+00
-9.094293594360351562e+00 1.165535748004913330e-01
9.718592643737792969e+00 -4.059156402945518494e-02
-7.770784378051757812e+00 -3.470741271972656250e+00
-8.473127365112304688e+00 -2.830158948898315430e+00
5.202049732208251953e+00 1.982349634170532227e+00
1.304593086242675781e+01 -2.997549057006835938e+00
-6.932863235473632812e+00 -3.199373483657836914e+00
-9.999838829040527344e+00 -6.861262321472167969e+00
-8.049361228942871094e+00 -8.776686191558837891e-01
4.462460994720458984e+00 2.169932126998901367e+00
-3.397705078125000000e+00 7.009939551353454590e-01
-4.446047782897949219e+00 1.019953536987304688e+01
-8.057199478149414062e+00 -2.764196395874023438e+00
2.591207027435302734e+00 7.800922870635986328e+00
-7.376045703887939453e+00 -4.592988014221191406e+00
-7.225321292877197266e+00 -2.693879365921020508e+00
-7.118665218353271484e+00 5.110617160797119141e+00
6.103968620300292969e-01 6.863414764404296875e+00
-8.168278694152832031e+00 -3.660669326782226562e+00
-6.985002040863037109e+00 -3.691967964172363281e+00
-7.639533996582031250e+00 -2.104833841323852539e+00
-7.167283058166503906e+00 -4.241111755371093750e+00
-7.988697528839111328e+00 -3.482363939285278320e+00
1.123214244842529297e+01 -2.329319000244140625e+00
2.355526924133300781e+00 7.349097728729248047e+00
-7.795031070709228516e-01 5.512647628784179688e+00
-6.073190689086914062e+00 -1.346609115600585938e+00
-6.780765533447265625e+00 -5.280894756317138672e+00
-8.377371788024902344e+00 -4.242342472076416016e+00
1.353986644744873047e+01 -3.264025449752807617e+00
1.513593959808349609e+01 -3.071898698806762695e+00
1.022400283813476562e+01 -7.241044044494628906e-01
1.126627635955810547e+01 -1.394274353981018066e+00
6.657997131347656250e+00 2.294170856475830078e+00
1.408649539947509766e+01 -3.865591287612915039e+00
-6.510994911193847656e+00 -4.226772785186767578e+00
-7.836524486541748047e+00 -3.458124160766601562e+00
-6.477523803710937500e+00 -4.437284946441650391e+00
-8.589782714843750000e+00 -5.408920764923095703e+00
1.315078353881835938e+01 -2.118379592895507812e+00
8.572209358215332031e+00 1.791545271873474121e+00
-6.912412166595458984e+00 -2.686445474624633789e+00
-7.294023990631103516e+00 -5.358787536621093750e+00
-7.316477775573730469e+00 -3.595529794692993164e+00
-9.182537078857421875e+00 -4.648744106292724609e+00
-7.980865955352783203e+00 -1.391081929206848145e+00
1.487544155120849609e+01 -5.434459209442138672e+00
4.112256765365600586e-01 7.584532260894775391e+00
-6.950124263763427734e+00 -3.538609504699707031e+00
-7.389001369476318359e+00 -5.290245056152343750e+00
-4.403349399566650391e+00 4.099789619445800781e+00
-6.272998809814453125e+00 5.796316146850585938e+00
6.466380596160888672e+00 1.995682001113891602e+00
-7.561697959899902344e+00 -4.077745914459228516e+00
-6.332069635391235352e-01 2.969486474990844727e+00
-1.007081890106201172e+01 3.831596851348876953e+00
1.296039199829101562e+01 -2.685791254043579102e+00
-8.751592636108398438e+00 -2.815479755401611328e+00
-8.201252937316894531e+00 -1.628501176834106445e+00
-6.691296696662902832e-01 9.148834228515625000e+00
-4.962852478027343750e+00 -6.492053270339965820e-01
5.300122737884521484e+00 2.962360620498657227e+00
-7.167611122131347656e+00 -2.356918811798095703e+00
9.413212776184082031e+00 -9.589989781379699707e-01
-7.018092155456542969e+00 2.115496635437011719e+00
-8.873442649841308594e+00 -4.590375423431396484e+00
-6.758895874023437500e+00 -2.522046327590942383e+00
1.263418197631835938e+01 -2.324743986129760742e+00
1.292642116546630859e+01 -3.990251779556274414e+00
-7.873741149902343750e+00 -2.563216209411621094e+00
1.334776306152343750e+01 -3.367337942123413086e+00
5.046426773071289062e+00 1.811046957969665527e+00
1.294879817962646484e+01 -1.802726268768310547e+00
4.606942653656005859e+00 4.195224285125732422e+00
-8.238232612609863281e+00 9.542255401611328125e-01
-5.575613975524902344e+00 -3.681385278701782227e+00
-7.599370002746582031e+00 -2.219464540481567383e+00
-2.586977481842041016e+00 9.400835037231445312e+00
-8.513257026672363281e+00 -4.230067253112792969e+00
-5.755696773529052734e+00 -3.838453769683837891e+00
-1.581637978553771973e+00 5.910235404968261719e+00
1.115331459045410156e+01 -2.857220411300659180e+00
-5.961761474609375000e+00 -3.663074970245361328e+00
-6.736457943916320801e-01 6.135975837707519531e+00
1.127491378784179688e+01 -7.609423995018005371e-01
-5.733346939086914062e+00 -1.695550680160522461e+00
-7.993928432464599609e+00 -3.804181814193725586e+00
1.271928024291992188e+01 -3.815368413925170898e+00
-5.376692771911621094e+00 -1.928603202104568481e-01
-6.687227725982666016e+00 -7.725352644920349121e-01
5.722918987274169922e+00 2.932019233703613281e+00
1.305335712432861328e+01 -3.838692903518676758e+00
1.048123264312744141e+01 -9.277631640434265137e-01
1.248683834075927734e+01 -3.647799730300903320e+00
-2.303348541259765625e+00 6.392929077148437500e+00
1.269144821166992188e+01 -2.477863788604736328e+00
1.173498058319091797e+01 -1.461601138114929199e+00
-7.735154628753662109e+00 -5.429288864135742188e+00
-8.692071914672851562e+00 5.013286590576171875e+00
3.916902542114257812e+00 2.286069631576538086e+00
-6.235754013061523438e+00 -3.838654756546020508e+00
-1.732852101325988770e+00 1.111902332305908203e+01
8.991995811462402344e+00 -8.684772849082946777e-01
1.015632152557373047e+01 2.934387326240539551e-01
-8.487624168395996094e+00 -4.198278427124023438e+00
-3.841130733489990234e+00 1.009412288665771484e+01
-9.840878844261169434e-02 6.705595970153808594e+00
9.303832054138183594e+00 -1.944267392158508301e+00
4.596415519714355469e+00 4.128524303436279297e+00
-8.687537193298339844e+00 -9.130977094173431396e-02
1.212362003326416016e+01 -4.814036190509796143e-01
-8.553926467895507812e+00 -2.762005805969238281e+00
1.089429283142089844e+01 -2.646588325500488281e+00
1.320125293731689453e+01 -2.189063787460327148e+00
-7.661778926849365234e+00 -4.954282760620117188e+00
-7.188636779785156250e+00 -4.295086860656738281e+00
-6.581832885742187500e+00 -2.227450370788574219e+00
-7.715413570404052734e+00 -5.313944339752197266e+00
-8.757066726684570312e+00 -4.682140350341796875e+00
-7.420087814331054688e+00 -3.328414916992187500e+00
5.976288795471191406e+00 1.020073890686035156e+00
-1.655196547508239746e+00 8.013573646545410156e+00
8.109915733337402344e+00 2.183013409376144409e-01
1.073390960693359375e+01 -1.420353412628173828e+00
-2.773401737213134766e+00 8.677131652832031250e+00
1.470200252532958984e+01 -5.170342922210693359e+00
-7.109617233276367188e+00 -5.811467647552490234e+00
1.214167785644531250e+01 -3.512614488601684570e+00
-6.324760437011718750e+00 -2.609074115753173828e+00
-5.561926841735839844e+00 -4.154581546783447266e+00
6.328951358795166016e+00 8.324713706970214844e-01
-5.694477081298828125e+00 -4.892184734344482422e+00
1.567804455757141113e+00 4.208650112152099609e+00
-5.374566078186035156e+00 4.600043296813964844e+00
1.262334156036376953e+01 -1.845877647399902344e+00
5.547954559326171875e+00 4.818186283111572266e+00
1.279203891754150391e+01 -2.862960338592529297e+00
1.039198589324951172e+01 -1.203933000564575195e+00
-6.436896800994873047e+00 -4.391393184661865234e+00
-6.701161384582519531e+00 4.083189487457275391e+00
-2.150686502456665039e+00 9.347147941589355469e+00
-8.334440231323242188e+00 -4.785855770111083984e+00
-5.635185241699218750e+00 -2.556830346584320068e-01
-6.760520935058593750e+00 -3.656809329986572266e+00
-8.898716926574707031e+00 9.187956809997558594e+00
-7.745728492736816406e+00 3.129703044891357422e+00
-3.414155006408691406e+00 4.387842178344726562e+00
5.428702831268310547e+00 1.674716472625732422e+00
-8.634818077087402344e+00 -3.971950292587280273e+00
-7.273135662078857422e+00 -4.281914234161376953e+00
-7.029638290405273438e+00 -2.809299707412719727e+00
1.095830059051513672e+01 -1.645008802413940430e+00
1.146994686126708984e+01 -1.354755520820617676e+00
-6.731711864471435547e+00 -6.560273170471191406e-01
3.953764677047729492e+00 3.119261264801025391e+00
7.128637313842773438e+00 4.794579446315765381e-01
1.184464359283447266e+01 -3.025401830673217773e+00
-7.921048641204833984e+00 -4.681083679199218750e+00
-1.587292551994323730e+00 4.087440967559814453e+00
-8.153674125671386719e+00 5.858684062957763672e+00
-4.397076606750488281e+00 1.053860282897949219e+01
-2.017922163009643555e+00 7.733624935150146484e+00
-7.490074157714843750e+00 -2.413855791091918945e+00
9.099085927009582520e-01 6.810588836669921875e+00
-7.392518043518066406e+00 -3.178393125534057617e+00
-9.164016723632812500e+00 1.549416780471801758e+00
-7.625072956085205078e+00 -3.913645267486572266e+00
1.262373065948486328e+01 -2.856261968612670898e+00
-8.088515281677246094e+00 -5.040507793426513672e+00
-6.041981220245361328e+00 -1.721594452857971191e+00
-9.078000068664550781e+00 -4.354681491851806641e+00
1.520312023162841797e+01 -2.999608755111694336e+00
-7.579275608062744141e+00 -3.113816976547241211e+00
-8.344367980957031250e+00 -4.582963943481445312e+00
1.435927391052246094e+01 -2.889004230499267578e+00
-7.399904727935791016e+00 1.820229172706604004e+00
-1.810347676277160645e+00 1.119025611877441406e+01
-5.288900434970855713e-02 9.703194618225097656e+00
9.048543930053710938e+00 -1.068067774176597595e-01
-9.290074348449707031e+00 -4.596600055694580078e+00
1.143913173675537109e+01 -1.696741342544555664e+00
8.599439620971679688e+00 -1.682460069656372070e+00
-6.332313537597656250e+00 -4.155232429504394531e+00
2.585807561874389648e+00 7.026069641113281250e+00
-8.511476516723632812e+00 -4.765343189239501953e+00
-7.871494293212890625e+00 2.079516649246215820e+00
-7.165631294250488281e+00 -1.675684452056884766e+00
1.045141601562500000e+01 -1.781700491905212402e+00
9.913366317749023438e+00 -3.255936622619628906e+00
1.183414840698242188e+01 -2.248678922653198242e+00
-7.255532741546630859e+00 -4.733866214752197266e+00
-6.780844211578369141e+00 -3.616010665893554688e+00
-8.360755920410156250e+00 -9.777243733406066895e-01
1.309859180450439453e+01 -2.475039243698120117e+00
-1.072535514831542969e+01 3.969691276550292969e+00
1.485103702545166016e+01 -4.628858089447021484e+00
-6.776167392730712891e+00 -7.718809843063354492e-01
9.614863395690917969e+00 -2.082258462905883789e+00
1.219322776794433594e+01 -1.554955959320068359e+00
-8.899415016174316406e+00 -4.010310649871826172e+00
-8.182765007019042969e+00 -3.114495754241943359e+00
4.713461875915527344e+00 6.273720264434814453e+00
1.456629180908203125e+01 -4.183693885803222656e+00
-5.712685108184814453e+00 -1.145211696624755859e+00
-8.107065200805664062e+00 -3.357906579971313477e+00
1.227615356445312500e+01 -2.503268957138061523e+00
-2.394542217254638672e+00 7.879139423370361328e+00
7.201658248901367188e+00 1.958175450563430786e-01
-8.537377357482910156e+00 -5.824741363525390625e+00
1.138846015930175781e+01 -1.349759697914123535e+00
5.680860996246337891e+00 4.586226940155029297e+00
1.094558238983154297e+01 -4.804968535900115967e-01
1.072755432128906250e+01 -1.212034463882446289e+00
-5.731865167617797852e-01 7.529593944549560547e+00
-6.303455829620361328e+00 -3.553566455841064453e+00
-8.563365936279296875e+00 1.161571884155273438e+01
-6.065242290496826172e+00 4.287646770477294922e+00
1.443093681335449219e+01 -4.040261268615722656e+00
9.482651710510253906e+00 -5.461476445198059082e-01
-1.252562880516052246e+00 7.796508312225341797e+00
7.621742725372314453e+00 2.415473222732543945e+00
-9.419075012207031250e+00 1.320774793624877930e+00
1.085276794433593750e+01 -2.463155269622802734e+00
-9.182779312133789062e+00 -4.603296756744384766e+00
1.333382129669189453e+01 -2.689950704574584961e+00
1.327381324768066406e+01 -3.993054866790771484e+00
3.250228166580200195e-01 7.621689319610595703e+00
1.375917339324951172e+01 -2.090683698654174805e+00
-3.791218400001525879e-01 1.153251361846923828e+01
6.378229618072509766e+00 1.611663818359375000e+00
1.284112930297851562e+01 -2.656974554061889648e+00
1.058207130432128906e+01 -1.486528158187866211e+00
-5.990097522735595703e+00 -3.382916212081909180e+00
1.191380310058593750e+01 -1.942117810249328613e+00
-8.827095985412597656e+00 -4.139836788177490234e+00
-8.354572296142578125e+00 -3.495090246200561523e+00
1.041149234771728516e+01 -3.522650480270385742e+00
-8.540758132934570312e+00 -4.194386005401611328e+00
1.061375331878662109e+01 -3.462378680706024170e-01
1.315791988372802734e+01 -2.857256650924682617e+00
-8.815215110778808594e+00 -3.135675907135009766e+00
-4.914865493774414062e+00 -4.928340911865234375e+00
-6.295450687408447266e+00 -2.462236881256103516e+00
6.267576217651367188e+00 3.069831132888793945e+00
-7.903045654296875000e+00 -3.189900398254394531e+00
-7.774069786071777344e+00 -4.003497600555419922e+00
-7.382214546203613281e+00 -5.593910694122314453e+00
-1.280670762062072754e+00 7.596779823303222656e+00
8.894901871681213379e-01 7.961977481842041016e+00
-4.954794406890869141e+00 1.044895744323730469e+01
-6.873442173004150391e+00 -5.738618373870849609e+00
-5.812893390655517578e+00 -6.704519391059875488e-01
1.104646205902099609e+01 -1.360734939575195312e+00
-2.403274536132812500e+00 4.863543510437011719e+00
1.119947624206542969e+01 -2.640245914459228516e+00
-5.605593204498291016e+00 -1.700781583786010742e+00
-7.070241451263427734e+00 -3.122335910797119141e+00
1.294408893585205078e+01 -3.055822372436523438e+00
8.469034194946289062e+00 -1.453144431114196777e+00
1.053308868408203125e+01 -1.111276984214782715e+00
-6.249910831451416016e+00 -2.940985202789306641e+00
1.209356594085693359e+01 -2.373991250991821289e+00
1.729005217552185059e+00 4.839715957641601562e+00
1.238499259948730469e+01 -1.060050010681152344e+00
-7.723622798919677734e+00 -4.807922840118408203e+00
-7.332795619964599609e+00 -3.318481206893920898e+00
4.682048797607421875e+00 1.530990958213806152e+00
-6.191668510437011719e+00 6.036772251129150391e+00
-8.778685569763183594e+00 -3.613380670547485352e+00
-6.515671253204345703e+00 -5.285796165466308594e+00
-9.507998466491699219e+00 -3.399647235870361328e+00
-4.822960376739501953e+00 -3.536216497421264648e+00
1.290576457977294922e+01 -1.857278466224670410e+00
-9.062758445739746094e+00 -2.557859182357788086e+00
-7.792737007141113281e+00 -2.878495931625366211e+00
-5.033487796783447266e+00 8.491349220275878906e+00
-4.621034622192382812e+00 2.878309965133666992e+00
-9.837270975112915039e-01 9.099821090698242188e+00
1.155271816253662109e+01 -1.745221853256225586e+00
7.633657455444335938e+00 4.201763868331909180e-01
1.011804008483886719e+01 -2.182203084230422974e-01
-7.801965236663818359e+00 -4.393779277801513672e+00
7.298309326171875000e+00 1.522991180419921875e+00
1.137751293182373047e+01 -2.350529432296752930e+00
9.651605606079101562e+00 -1.289611458778381348e+00
1.171892547607421875e+01 -8.284560441970825195e-01
-7.337741374969482422e+00 -4.056344032287597656e+00
-8.956065177917480469e+00 -5.998205661773681641e+00
-2.457942724227905273e+00 8.595926284790039062e+00
9.146884918212890625e+00 -1.089233517646789551e+00
5.625191330909729004e-01 7.995824813842773438e+00
-2.983496665954589844e+00 9.905707359313964844e+00
-7.572411060333251953e+00 -3.330302238464355469e+00
1.233133220672607422e+01 -1.299424767494201660e+00
-6.938900470733642578e+00 -2.992688894271850586e+00
1.151113414764404297e+01 -1.137121796607971191e+00
8.096620559692382812e+00 -3.081704080104827881e-01
-7.472175598144531250e+00 -3.763745784759521484e+00
2.603906393051147461e+00 6.049606323242187500e+00
-7.401950359344482422e+00 -5.955060958862304688e+00
-4.564408779144287109e+00 1.006651115417480469e+01
1.296971797943115234e+01 -1.583012938499450684e+00
-5.844181060791015625e+00 -3.047654330730438232e-01
1.267349910736083984e+01 -4.577926158905029297e+00
-6.806877136230468750e+00 -3.267030715942382812e+00
1.037825965881347656e+01 -1.653244733810424805e+00
-7.830882072448730469e+00 -3.311985254287719727e+00
8.264888763427734375e+00 7.474052906036376953e-02
8.046339035034179688e+00 8.536210060119628906e-01
-1.534001588821411133e+00 8.373238563537597656e+00
2.994549989700317383e+00 4.218207359313964844e+00
-6.428252696990966797e+00 -2.560152769088745117e+00
1.482555294036865234e+01 -3.596526861190795898e+00
8.233177185058593750e+00 6.568589806556701660e-01
-6.556911945343017578e+00 1.440782833099365234e+01
6.816818237304687500e+00 -2.214177370071411133e+00
-7.874875068664550781e+00 -6.664637565612792969e+00
9.184854507446289062e+00 -3.327121157781220973e-05
7.367735862731933594e+00 2.724106788635253906e+00
1.746640682220458984e+00 7.230635643005371094e+00
7.100064277648925781e+00 3.479068756103515625e+00
8.331221580505371094e+00 -1.462480664253234863e+00
1.163830852508544922e+01 -5.561732649803161621e-01
1.311548042297363281e+01 -2.216345787048339844e+00
-7.039497852325439453e+00 -4.809096813201904297e+00
-1.388686776161193848e+00 1.242686271667480469e+01
1.402313327789306641e+01 -2.928709506988525391e+00
-8.060085296630859375e+00 -3.503442764282226562e+00
-7.090033054351806641e+00 3.155454158782958984e+00
-6.587135314941406250e+00 3.095536470413208008e+00
1.435782241821289062e+01 -2.347190380096435547e+00
1.299743843078613281e+01 -1.733491778373718262e+00
-6.322601318359375000e+00 -5.575169086456298828e+00
-6.882254600524902344e+00 4.017523288726806641e+00
-7.185415267944335938e+00 5.035553455352783203e+00
-5.906341075897216797e+00 -2.956335306167602539e+00
-7.531274795532226562e+00 -5.844958782196044922e+00
1.303049945831298828e+01 -2.812640190124511719e+00
-8.176853179931640625e+00 -2.204466581344604492e+00
1.097532463073730469e+01 -4.102983176708221436e-01
1.410061168670654297e+01 -3.899739265441894531e+00
-7.599709510803222656e+00 -4.000583648681640625e+00
-8.187010765075683594e+00 -3.707573413848876953e+00
-7.148718237876892090e-01 9.558724403381347656e+00
-8.952416419982910156e+00 -5.131595611572265625e+00
-4.257027626037597656e+00 5.863064289093017578e+00
1.274761867523193359e+01 -2.926948308944702148e+00
1.393664932250976562e+01 -2.748409748077392578e+00
1.248945903778076172e+01 -1.803909301757812500e+00
-7.706568837165832520e-01 9.814785957336425781e+00
-8.649860382080078125e+00 -4.303435325622558594e+00
-7.569339275360107422e+00 -5.618485450744628906e+00
9.000196456909179688e+00 -7.356021404266357422e-01
-8.353935241699218750e+00 -2.454345703125000000e+00
1.302088832855224609e+01 -2.314255952835083008e+00
-8.332141876220703125e+00 -2.868642807006835938e+00
-7.581997871398925781e+00 -5.587091445922851562e+00
-8.170431137084960938e+00 -5.589463710784912109e+00
-5.855941772460937500e+00 8.949567377567291260e-02
1.388783836364746094e+01 -3.393864631652832031e+00
1.400676918029785156e+01 -3.320797681808471680e+00
-8.478337287902832031e+00 -4.665707111358642578e+00
1.670384049415588379e+00 3.318720102310180664e+00
-4.805055618286132812e+00 8.730669975280761719e+00
-3.026623249053955078e+00 7.877466201782226562e+00
-7.110416412353515625e+00 -2.218065977096557617e+00
1.052771949768066406e+01 -1.283195219002664089e-03
5.373815059661865234e+00 2.358229875564575195e+00
-8.080916404724121094e+00 -2.837333202362060547e+00
3.570538759231567383e+00 1.869197845458984375e+00
1.042307090759277344e+01 -4.949819445610046387e-01
-1.839608669281005859e+00 8.402665138244628906e+00
-1.016590595245361328e+00 1.175144767761230469e+01
-9.447435379028320312e+00 -5.265736579895019531e+00
8.199696540832519531e+00 2.210573673248291016e+00
-8.623937606811523438e+00 -6.066582679748535156e+00
7.641144275665283203e+00 4.317013323307037354e-01
-6.818505764007568359e+00 -3.055624723434448242e+00
-6.131545305252075195e-01 9.464653968811035156e+00
-2.382215738296508789e+00 1.026661491394042969e+01
-7.907332420349121094e+00 9.555865287780761719e+00
-7.643971443176269531e+00 -4.658906459808349609e+00
-2.705512285232543945e+00 8.664333343505859375e+00
-6.501962661743164062e+00 -4.680711269378662109e+00
-1.840585827827453613e+00 5.372693538665771484e+00
-7.308352947235107422e+00 -4.393511772155761719e+00
1.242663002014160156e+01 -2.682847976684570312e+00
-6.683404445648193359e+00 -6.116519451141357422e+00
1.481556510925292969e+01 -4.403762817382812500e+00
8.635875701904296875e+00 6.209018826484680176e-01
-7.032636165618896484e+00 2.274178713560104370e-01
-9.229603767395019531e+00 -6.042401790618896484e+00
1.350584316253662109e+01 -2.532232999801635742e+00
-1.103019809722900391e+01 2.118297815322875977e+00
1.247356510162353516e+01 -1.221533536911010742e+00
1.294411277770996094e+01 -1.059437155723571777e+00
1.459263420104980469e+01 -4.157233715057373047e+00
3.380851745605468750e+00 6.340503692626953125e+00
-6.810217380523681641e+00 -3.546733856201171875e+00
-8.048244476318359375e+00 5.225296497344970703e+00
-8.453310966491699219e+00 -5.574388027191162109e+00
1.382368183135986328e+01 -2.481080293655395508e+00
-5.933807849884033203e+00 1.397856116294860840e+00
-1.455627441406250000e+00 1.149733543395996094e+01
-1.698459029197692871e+00 6.671516895294189453e+00
-6.908326148986816406e+00 -4.580284595489501953e+00
-7.338402748107910156e+00 -2.302942752838134766e+00
1.075712680816650391e+01 6.152083873748779297e-01
-4.895645141601562500e+00 2.045915126800537109e+00
-8.577081680297851562e+00 -6.145098209381103516e+00
1.020770263671875000e+01 -1.497067809104919434e+00
1.307997417449951172e+01 -3.451668739318847656e+00
1.165690803527832031e+01 -4.934197664260864258e-01
-7.107145786285400391e+00 -6.324618816375732422e+00
7.231506347656250000e+00 2.196193695068359375e+00
9.435674667358398438e+00 -1.614512801170349121e+00
-7.292844295501708984e+00 -1.349411249160766602e+00
-8.110432624816894531e+00 -3.828749895095825195e+00
5.882681846618652344e+00 2.579179286956787109e+00
-1.126178026199340820e+00 6.573893070220947266e+00
-6.420375823974609375e+00 -3.941306591033935547e+00
1.325886440277099609e+01 -3.397741794586181641e+00
1.122095203399658203e+01 -2.609068155288696289e+00
-7.125546455383300781e+00 -3.970321893692016602e+00
1.348059558868408203e+01 -2.698539018630981445e+00
1.185702323913574219e+01 -2.727772474288940430e+00
-1.860193371772766113e+00 6.291904926300048828e+00
-6.734728336334228516e+00 -4.272738456726074219e+00
-6.685012340545654297e+00 -5.819778442382812500e+00
1.141408348083496094e+01 -1.820573687553405762e+00
6.273945808410644531e+00 1.353120684623718262e+00
-6.882331371307373047e+00 6.664847135543823242e-01
7.115655899047851562e+00 1.738800257444381714e-01
-7.663380622863769531e+00 -4.724743366241455078e+00
1.243345737457275391e+01 -1.327113866806030273e+00
-6.744523525238037109e+00 1.368431597948074341e-01
6.893871307373046875e+00 -4.220302999019622803e-01
-5.753444194793701172e+00 2.869925022125244141e+00
3.656238555908203125e+00 3.160019159317016602e+00
1.336609745025634766e+01 -2.998376369476318359e+00
-3.042174100875854492e+00 7.917299270629882812e+00
3.463646173477172852e+00 7.509624004364013672e+00
-9.878587722778320312e+00 -2.432332038879394531e+00
-6.495650291442871094e+00 -4.536881446838378906e+00
-8.464501380920410156e+00 1.113704085350036621e+00
9.700235366821289062e+00 -7.037075757980346680e-01
-6.645849704742431641e+00 -3.953181743621826172e+00
1.108579540252685547e+01 -3.298065662384033203e+00
1.159697151184082031e+01 -1.651460170745849609e+00
6.196581840515136719e+00 2.097316980361938477e+00
1.070549201965332031e+01 -9.895283579826354980e-01
9.966891288757324219e+00 -1.922771215438842773e+00
-7.580105781555175781e+00 -2.635577917098999023e+00
1.434186553955078125e+01 -3.290334463119506836e+00
8.500728607177734375e+00 2.313950777053833008e+00
7.932571411132812500e+00 -5.970159173011779785e-01
-8.052903175354003906e+00 -5.686792850494384766e+00
-5.606593132019042969e+00 1.727141022682189941e+00
-5.454170703887939453e+00 -3.888771295547485352e+00
1.323981571197509766e+01 -2.633178710937500000e+00
1.107279968261718750e+01 -3.042749881744384766e+00
1.446695041656494141e+01 -2.382298707962036133e+00
-7.454914093017578125e+00 -4.859217643737792969e+00
-2.977238178253173828e+00 1.009631633758544922e+01
9.220849037170410156e+00 -1.358203172683715820e+00
-2.506066322326660156e+00 1.198100662231445312e+01
5.838318824768066406e+00 1.237712383270263672e+00
1.021879482269287109e+01 -1.703177332878112793e+00
-6.210994243621826172e+00 -2.926063537597656250e+00
-7.714320659637451172e+00 -6.072210788726806641e+00
-7.005164146423339844e+00 -4.684431552886962891e+00
1.256784915924072266e+01 -2.406337022781372070e+00
-7.501968860626220703e+00 -8.541349768638610840e-01
4.439869880676269531e+00 3.733318567276000977e+00
-6.242979049682617188e+00 2.814647436141967773e+00
1.228251266479492188e+01 -2.797073841094970703e+00
-8.399266242980957031e+00 8.875226020812988281e+00
4.221906185150146484e+00 6.055853843688964844e+00
-6.383477687835693359e+00 -4.283689498901367188e+00
2.567268848419189453e+00 6.437572479248046875e+00
-6.011622905731201172e+00 5.537615299224853516e+00
6.302160263061523438e+00 2.078819036483764648e+00
-2.187428623437881470e-01 8.423707962036132812e+00
-6.447807312011718750e+00 6.164543151855468750e+00
9.457972526550292969e+00 -7.425746917724609375e-01
-9.350484848022460938e+00 -4.975442409515380859e+00
5.408891677856445312e+00 4.679423809051513672e+00
-5.598339080810546875e+00 -2.392311334609985352e+00
-7.751917839050292969e+00 -5.037925243377685547e+00
-6.913907051086425781e+00 -4.459499835968017578e+00
1.243298816680908203e+01 -2.454929828643798828e+00
-8.884904861450195312e+00 -3.121065616607666016e+00
-1.672490119934082031e+00 8.737298965454101562e+00
1.488395404815673828e+01 -3.719528436660766602e+00
-6.331531047821044922e+00 -4.912170410156250000e+00
1.560534572601318359e+01 -3.773802757263183594e+00
-7.902078628540039062e+00 -4.081851959228515625e+00
-6.963520526885986328e+00 -5.487035751342773438e+00
-1.333357930183410645e+00 9.822434425354003906e+00
-8.262921333312988281e+00 -4.414609432220458984e+00
-7.153407096862792969e+00 5.608576536178588867e-01
-8.356122970581054688e+00 9.900348663330078125e+00
1.540521717071533203e+01 -4.789276599884033203e+00
6.400864124298095703e+00 2.698529243469238281e+00
-6.595050334930419922e+00 3.035967588424682617e+00
-8.545100212097167969e+00 -3.795591831207275391e+00
9.581004142761230469e+00 -2.315553426742553711e+00
-6.502274036407470703e+00 -3.259752750396728516e+00
3.465318441390991211e+00 7.853419780731201172e+00
-7.703274250030517578e+00 -5.430293083190917969e+00
-6.799770832061767578e+00 -5.767377376556396484e+00
6.155379295349121094e+00 1.921492099761962891e+00
-4.534816265106201172e+00 6.390378475189208984e+00
-4.859590530395507812e-02 1.085021686553955078e+01
8.949729919433593750e+00 -7.075666189193725586e-01
1.095380210876464844e+01 -1.627889990806579590e+00
1.280626392364501953e+01 -3.067587137222290039e+00
-6.829250812530517578e+00 -5.442774295806884766e+00
2.189289569854736328e+00 9.572379112243652344e+00
-1.630626440048217773e+00 7.358327865600585938e+00
-8.376734733581542969e+00 -5.214111328125000000e+00
1.103252315521240234e+01 -1.599019289016723633e+00
1.111023044586181641e+01 -1.301627635955810547e+00
-7.422399044036865234e+00 -1.717644929885864258e+00
-5.047627925872802734e+00 -3.323121070861816406e+00
1.799624562263488770e+00 9.466721534729003906e+00
1.454277801513671875e+01 -3.459270477294921875e+00
-6.488150119781494141e+00 -4.618894577026367188e+00
-7.998360633850097656e+00 -3.974905729293823242e+00
5.884307384490966797e+00 4.100136756896972656e+00
1.078648185729980469e+01 -1.216507434844970703e+00
-7.116816520690917969e+00 1.237786293029785156e+00
-6.596778869628906250e+00 -2.892163515090942383e+00
8.324990272521972656e+00 1.375842928886413574e+00
-8.724464476108551025e-02 8.953101158142089844e+00
1.366708946228027344e+01 -3.423802852630615234e+00
-7.785137176513671875e+00 -5.309630393981933594e+00
-9.411373138427734375e+00 -5.776661396026611328e+00
3.552958726882934570e+00 6.733229637145996094e+00
6.503586769104003906e+00 1.737269997596740723e+00
1.079403400421142578e+01 -6.525281071662902832e-01
-7.714695453643798828e+00 -2.730393886566162109e+00
5.420855283737182617e-01 7.873130798339843750e+00
3.464947938919067383e+00 4.954987525939941406e+00
9.056796073913574219e+00 -1.375564783811569214e-01
-4.907135009765625000e+00 4.900873184204101562e+00
-7.972714424133300781e+00 -4.931190490722656250e+00
1.198779010772705078e+01 -2.656863212585449219e+00
-6.757239341735839844e+00 -4.558500289916992188e+00
1.329651069641113281e+01 -2.241212368011474609e+00
1.107976150512695312e+01 -1.553800582885742188e+00
-6.865903377532958984e+00 1.590967893600463867e+00
-8.567842483520507812e+00 -3.399288654327392578e+00
-4.096753120422363281e+00 8.680460929870605469e+00
1.044770956039428711e+00 6.529525279998779297e+00
-8.040174484252929688e+00 -4.967170238494873047e+00
8.674042701721191406e+00 9.010384678840637207e-01
-4.390934944152832031e+00 -9.523615241050720215e-01
9.550584107637405396e-02 7.769744396209716797e+00
-8.895092964172363281e+00 -5.923697948455810547e+00
-7.639956474304199219e+00 1.017683410644531250e+01
1.415578269958496094e+01 -3.300407409667968750e+00
-7.737395286560058594e+00 -4.895187854766845703e+00
1.418447303771972656e+01 -1.644198417663574219e+00
5.700138568878173828e+00 4.031199455261230469e+00
1.423393249511718750e+01 -4.209556579589843750e+00
1.365535640716552734e+01 -2.561352014541625977e+00
1.435533428192138672e+01 -2.893267154693603516e+00
1.204335021972656250e+01 -2.703608751296997070e+00
5.751886844635009766e+00 4.249717235565185547e+00
-6.932290554046630859e+00 -4.033870697021484375e+00
1.130277252197265625e+01 -4.492110311985015869e-01
8.618258476257324219e+00 1.753231763839721680e+00
-8.750270843505859375e+00 -7.744570374488830566e-01
-4.978369712829589844e+00 -4.696965694427490234e+00
-8.493042945861816406e+00 -1.406857490539550781e+00
1.223115634918212891e+01 -8.820603042840957642e-02
9.710286140441894531e+00 2.584747374057769775e-01
-1.447452306747436523e-01 9.354988098144531250e+00
-8.547917366027832031e+00 4.013674736022949219e+00
-8.744915962219238281e+00 1.544761538505554199e+00
1.305565357208251953e+01 -1.789605736732482910e+00
-8.270702362060546875e+00 6.776332855224609375e-01
1.054558563232421875e+01 -2.354297876358032227e+00
-6.612571716308593750e+00 -2.479687213897705078e+00
1.304542064666748047e+01 -2.182521104812622070e+00
1.081300640106201172e+01 -4.383156895637512207e-01
-6.562591075897216797e+00 4.781814098358154297e+00
-7.779590129852294922e+00 -4.478316307067871094e+00
-5.372411727905273438e+00 -5.133153200149536133e-01
-8.617612838745117188e+00 -3.784641265869140625e+00
-4.811180114746093750e+00 4.883157253265380859e+00
9.215787887573242188e+00 -3.114199638366699219e-01
1.261255645751953125e+01 -2.524758100509643555e+00
4.231699466705322266e+00 5.473447799682617188e+00
1.398297691345214844e+01 -2.182991981506347656e+00
-8.109961509704589844e+00 -5.735923767089843750e+00
-7.541121006011962891e+00 -1.090744137763977051e+00
-7.003975391387939453e+00 -3.608513355255126953e+00
-6.809487342834472656e+00 -5.128759145736694336e-01
-7.954490661621093750e+00 -3.654449462890625000e+00
8.275749206542968750e+00 3.761142492294311523e+00
-1.038509011268615723e+00 1.088999080657958984e+01
-7.816744327545166016e+00 -5.345537185668945312e+00
1.199099159240722656e+01 -1.728466391563415527e+00
-6.869528293609619141e+00 -3.379058361053466797e+00
-9.642580032348632812e+00 -5.439797878265380859e+00
-9.229787826538085938e+00 -4.738744735717773438e+00
1.175518894195556641e+01 -2.548653602600097656e+00
-8.141560554504394531e+00 -3.688719749450683594e+00
-7.523429870605468750e+00 -5.980852603912353516e+00
-7.313117504119873047e+00 4.447376251220703125e+00
-7.238999366760253906e+00 -9.117970466613769531e-01
-7.869558334350585938e+00 -4.567999839782714844e+00
-2.720379590988159180e+00 9.208683013916015625e+00
-4.256704330444335938e+00 -3.037177801132202148e+00
7.363343238830566406e+00 1.502937078475952148e+00
1.505825519561767578e+00 4.301059246063232422e+00
-7.552452564239501953e+00 -2.694137573242187500e+00
1.028956890106201172e+01 -1.617478847503662109e+00
4.557258605957031250e+00 5.007813930511474609e+00
1.089797782897949219e+01 -2.653987109661102295e-01
-6.908801078796386719e+00 -4.361203312873840332e-01
1.876531094312667847e-01 4.891734123229980469e+00
-2.520302057266235352e+00 1.287512302398681641e+01
-7.928657531738281250e+00 -6.124358654022216797e+00
4.772863388061523438e+00 3.497684955596923828e+00
-8.326753616333007812e+00 -3.617925167083740234e+00
1.180732440948486328e+01 -3.073469161987304688e+00
-7.527213096618652344e+00 -4.190407276153564453e+00
-1.372812032699584961e+00 7.128875732421875000e+00
-6.297162055969238281e+00 -3.837907791137695312e+00
-4.012781143188476562e+00 1.198240947723388672e+01
1.006087207794189453e+01 -1.477295756340026855e+00
1.310550308227539062e+01 -2.508884668350219727e+00
1.248885059356689453e+01 -4.215777516365051270e-01
-7.817015171051025391e+00 -5.551306247711181641e+00
-3.733988761901855469e+00 6.152520656585693359e+00
-6.331258296966552734e+00 7.077549934387207031e+00
-1.836858868598937988e+00 6.583260059356689453e+00
-5.687367916107177734e+00 5.923071861267089844e+00
-9.281499862670898438e+00 -3.575976133346557617e+00
1.206255817413330078e+01 -1.995960950851440430e+00
1.359003257751464844e+01 -1.631706237792968750e+00
1.104011154174804688e+01 -9.888860583305358887e-01
1.073076534271240234e+01 -3.692356824874877930e+00
5.918639659881591797e+00 5.175354480743408203e+00
-3.985158920288085938e+00 1.045234203338623047e+01
-5.995159626007080078e+00 7.837753295898437500e+00
4.239778995513916016e+00 1.788965463638305664e+00
1.320434665679931641e+01 -1.523692488670349121e+00
-5.807813644409179688e+00 7.412977695465087891e+00
-7.137543678283691406e+00 -4.993783473968505859e+00
-6.802937984466552734e+00 -3.450850725173950195e+00
1.757064104080200195e+00 6.286745071411132812e+00
-4.992931365966796875e+00 -3.731466054916381836e+00
1.303259468078613281e+01 -2.879852771759033203e+00
-8.508819580078125000e+00 -5.645642280578613281e+00
-6.238010406494140625e+00 -4.773488521575927734e+00
8.211902618408203125e+00 -2.852154895663261414e-02
-1.314965188503265381e-01 1.046845340728759766e+01
-6.806085586547851562e+00 -4.324469089508056641e+00
8.563604354858398438e+00 1.612512946128845215e+00
-5.278450012207031250e+00 -5.256148815155029297e+00
1.309313488006591797e+01 -2.217249870300292969e+00
-7.213583946228027344e+00 -1.560991048812866211e+00
-5.764120578765869141e+00 9.967943191528320312e+00
1.230504989624023438e+01 -2.746938705444335938e+00
-4.220018863677978516e+00 1.875648140907287598e+00
-7.159539699554443359e+00 -4.039087295532226562e+00
1.173404502868652344e+01 -1.079006671905517578e+00
1.465644645690917969e+01 -4.704126358032226562e+00
-6.767618656158447266e+00 4.114762544631958008e-01
-6.773633003234863281e+00 -1.275479316711425781e+00
6.872394084930419922e-01 9.314666748046875000e+00
-7.750550270080566406e+00 -4.335818290710449219e+00
-4.970304012298583984e+00 -3.035984992980957031e+00
1.651922225952148438e+01 -4.452997684478759766e+00
1.272081565856933594e+01 -1.631004452705383301e+00
1.331615543365478516e+01 -2.678896427154541016e+00
-5.074319362640380859e+00 -3.456357955932617188e+00
-6.370245456695556641e+00 -3.980476140975952148e+00
-2.136589765548706055e+00 1.165761470794677734e+01
1.514116287231445312e+01 -3.889686822891235352e+00
-7.004918575286865234e+00 -5.540214538574218750e+00
-8.055719375610351562e+00 -5.431008338928222656e+00
-7.652409076690673828e+00 -2.951318979263305664e+00
-6.033193588256835938e+00 3.219983816146850586e+00
-7.013424396514892578e+00 -2.983750343322753906e+00
-5.675066947937011719e+00 1.574903249740600586e+00
1.215429782867431641e+01 -2.513962268829345703e+00
9.623057246208190918e-01 8.201162338256835938e+00
1.466914272308349609e+01 -2.844950199127197266e+00
-8.011473655700683594e+00 -3.609468460083007812e+00
-5.285150051116943359e+00 -5.721386671066284180e-01
2.975235462188720703e+00 6.216941356658935547e+00
1.291461372375488281e+01 -2.456788778305053711e+00
-7.495708942413330078e+00 -3.641924142837524414e+00
-6.993224143981933594e+00 -1.742445111274719238e+00
-6.167673110961914062e+00 -4.948633670806884766e+00
7.688646316528320312e+00 5.658211708068847656e-01
-9.177992820739746094e+00 2.448319435119628906e+00
1.288865661621093750e+01 -2.170536756515502930e+00
-4.579025268554687500e+00 -4.461131572723388672e+00
-7.162854671478271484e+00 -3.524149417877197266e+00
-3.890776634216308594e+00 8.325387001037597656e+00
4.899936676025390625e+00 2.265998125076293945e+00
8.713813781738281250e+00 3.921182453632354736e-01
7.908682346343994141e+00 6.217095255851745605e-01
-7.180665969848632812e+00 6.443698883056640625e+00
-6.998569488525390625e+00 -4.392090320587158203e+00
-4.712038993835449219e+00 9.209342002868652344e+00
1.306099319458007812e+01 -3.475443363189697266e+00
-8.462373733520507812e+00 -4.920201778411865234e+00
9.196651458740234375e+00 5.754193663597106934e-01
4.391626358032226562e+00 4.982825279235839844e+00
-7.418228626251220703e+00 -1.949539899826049805e+00
9.568312644958496094e+00 -1.108992338180541992e+00
1.401288890838623047e+01 -2.459610223770141602e+00
1.080134582519531250e+01 -6.882567405700683594e-01
-8.099073410034179688e+00 -1.154138445854187012e+00
1.544969844818115234e+01 -4.733994007110595703e+00
-6.866615295410156250e+00 -4.712478160858154297e+00
-7.200425624847412109e+00 -2.562664985656738281e+00
-5.502168655395507812e+00 -3.405068635940551758e+00
9.067125320434570312e+00 -1.748835891485214233e-01
4.304655551910400391e+00 3.835306644439697266e+00
-5.590713500976562500e+00 6.353454589843750000e+00
-5.101214885711669922e+00 4.030240058898925781e+00
-7.457084178924560547e+00 2.604745626449584961e-01
7.659206390380859375e+00 2.164983749389648438e+00
-7.203907489776611328e+00 -1.900557279586791992e+00
6.428802490234375000e+00 2.770984888076782227e+00
-7.389271736145019531e+00 -3.498784780502319336e+00
1.428982353210449219e+01 -3.174377918243408203e+00
-7.480391979217529297e+00 -6.041706562042236328e+00
4.222355842590332031e+00 1.986830353736877441e+00
-7.576828479766845703e+00 -4.564462661743164062e+00
-6.986060142517089844e-01 7.432180881500244141e+00
7.869877338409423828e+00 -1.695318333804607391e-02
-7.035454750061035156e+00 3.917977333068847656e+00
6.398540019989013672e+00 6.630703806877136230e-01
9.278064727783203125e+00 4.930545687675476074e-01
1.129297256469726562e+01 -3.891165554523468018e-01
-6.405187129974365234e+00 -5.102442741394042969e+00
9.012001991271972656e+00 -6.748061776161193848e-01
-7.143351078033447266e+00 -7.237165570259094238e-01
-8.368257522583007812e+00 -4.145333766937255859e+00
3.088318109512329102e+00 4.672441482543945312e+00
-7.208835601806640625e+00 -4.531200408935546875e+00
-7.236585617065429688e+00 -2.453079938888549805e+00
1.128462791442871094e+01 -1.220901727676391602e+00
-5.518324851989746094e+00 -1.326698899269104004e+00
-7.370170116424560547e+00 -5.271737098693847656e+00
-1.357642531394958496e+00 8.487353324890136719e+00
-8.936422348022460938e+00 1.844807744026184082e+00
-7.024000644683837891e+00 -2.722791671752929688e+00
1.188422489166259766e+01 -1.121808290481567383e+00
-7.943054199218750000e+00 -4.518074035644531250e+00
-1.604615688323974609e+00 1.076598072052001953e+01
-8.698103904724121094e+00 -2.938602447509765625e+00
-7.860364437103271484e+00 -3.623718500137329102e+00
9.113013267517089844e+00 -1.008156776428222656e+00
5.090138435363769531e+00 5.951786041259765625e+00
-7.327098369598388672e+00 -4.535580158233642578e+00
8.825095176696777344e+00 -8.828098326921463013e-02
-9.779139518737792969e+00 -4.372343540191650391e+00
6.378379821777343750e+00 2.459202527999877930e+00
5.829922199249267578e+00 4.147056579589843750e+00
-6.886485576629638672e+00 2.607177019119262695e+00
-6.235099792480468750e+00 -3.182319879531860352e+00
-6.387035846710205078e+00 -4.319821357727050781e+00
-6.978252887725830078e+00 -6.017274379730224609e+00
-7.689242362976074219e+00 -4.262238979339599609e+00
5.523178100585937500e+00 8.509812355041503906e-01
1.404620456695556641e+01 -3.322350740432739258e+00
-7.525395393371582031e+00 -1.831339836120605469e+00
3.373498201370239258e+00 3.527270793914794922e+00
1.310424709320068359e+01 -1.274559855461120605e+00
-7.613358020782470703e+00 -3.623471260070800781e+00
-6.775558948516845703e+00 7.826162338256835938e+00
7.920529842376708984e-01 7.280444622039794922e+00
1.699015259742736816e+00 2.233297109603881836e+00
-3.796276450157165527e-01 2.568018436431884766e+00
-7.421364784240722656e+00 -5.069338321685791016e+00
-8.216022491455078125e+00 -5.051917552947998047e+00
1.061728858947753906e+01 -5.207654833793640137e-01
9.605042457580566406e+00 -1.164937973022460938e+00
-8.536352157592773438e+00 -3.183216810226440430e+00
-6.000952243804931641e+00 8.604662895202636719e+00
-7.125150680541992188e+00 7.381069660186767578e+00
1.133910274505615234e+01 -1.470668792724609375e+00
6.253902435302734375e+00 4.737747311592102051e-01
-2.006210565567016602e+00 5.847920894622802734e+00
-8.532020568847656250e+00 -4.800031661987304688e+00
-6.607998847961425781e+00 -1.159686207771301270e+00
1.091674518585205078e+01 -2.416725397109985352e+00
1.296028232574462891e+01 -1.874538898468017578e+00
-8.424521446228027344e+00 -5.096601486206054688e+00
-4.913882911205291748e-02 8.210539817810058594e+00
-6.457007884979248047e+00 -1.667012691497802734e+00
-6.816532135009765625e+00 -3.965696096420288086e-01
-6.348340034484863281e+00 5.096154212951660156e-01
7.295357227325439453e+00 1.610630154609680176e+00
1.071899509429931641e+01 -1.807842254638671875e+00
1.250857448577880859e+01 -1.972102522850036621e+00
1.401461601257324219e+01 -2.070233106613159180e+00
1.414341449737548828e+01 -3.088106632232666016e+00
-7.176882743835449219e+00 -4.641421437263488770e-01
-6.348460197448730469e+00 -4.219811916351318359e+00
1.253828716278076172e+01 -2.114127397537231445e+00
-6.978092670440673828e+00 -4.059152603149414062e+00
-7.666051864624023438e+00 -2.280227422714233398e+00
-5.367308139801025391e+00 8.465506553649902344e+00
-7.110654830932617188e+00 -4.344254970550537109e+00
1.269305992126464844e+01 -1.481367588043212891e+00
1.567521953582763672e+01 -4.340604305267333984e+00
-8.545715332031250000e+00 -5.258942127227783203e+00
-1.752723693847656250e+00 1.085045719146728516e+01
8.896402120590209961e-01 4.771234989166259766e+00
-3.911930561065673828e+00 5.586045265197753906e+00
1.228392219543457031e+01 -1.659723401069641113e+00
-7.993981361389160156e+00 -4.712197780609130859e+00
-8.092461585998535156e+00 -2.430463790893554688e+00
1.227583026885986328e+01 -1.446621298789978027e+00
-6.401842117309570312e+00 -5.010226249694824219e+00
1.223123264312744141e+01 -2.334096431732177734e+00
1.359850788116455078e+01 -1.918061852455139160e+00
1.344816684722900391e+01 -2.425853252410888672e+00
-8.448266029357910156e+00 -4.436631679534912109e+00
5.428559780120849609e-01 9.015913963317871094e+00
1.371406364440917969e+01 -1.951818466186523438e+00
-5.855629444122314453e+00 4.653784275054931641e+00
-6.356948375701904297e+00 9.033131599426269531e+00
2.353909015655517578e+00 1.799199938774108887e+00
1.877059698104858398e+00 4.605637073516845703e+00
-7.738196849822998047e+00 2.222146272659301758e+00
1.195838451385498047e+00 6.865632534027099609e+00
7.801636457443237305e-01 7.875772953033447266e+00
1.200962352752685547e+01 -3.027374267578125000e+00
-2.111491441726684570e+00 5.711600780487060547e+00
1.012533283233642578e+01 -1.206632971763610840e+00
8.679971694946289062e+00 2.286983281373977661e-01
1.073579502105712891e+01 -2.759473800659179688e+00
-6.586232185363769531e+00 -5.393274307250976562e+00
-8.016240119934082031e+00 -4.757494449615478516e+00
7.087024688720703125e+00 2.434136152267456055e+00
2.940680503845214844e+00 7.568714141845703125e+00
-6.840431690216064453e+00 -2.938426017761230469e+00
-9.473381996154785156e+00 1.768531322479248047e+00
1.112436294555664062e+01 2.031275331974029541e-01
7.971680641174316406e+00 1.492302179336547852e+00
1.457918357849121094e+01 -2.079901218414306641e+00
-7.415560245513916016e+00 -3.890133142471313477e+00
6.352653503417968750e+00 1.904000401496887207e+00
-4.600809097290039062e+00 1.250233173370361328e+00
-7.069139003753662109e+00 -2.953059434890747070e+00
-7.175595760345458984e+00 8.291641235351562500e+00
-5.328194141387939453e+00 6.429863452911376953e+00
-7.789176940917968750e+00 -4.569215297698974609e+00
-8.441357612609863281e+00 -4.235724449157714844e+00
-5.132560253143310547e+00 6.858143329620361328e+00
3.597044706344604492e+00 4.154775142669677734e-01
-8.509686470031738281e+00 -2.226438760757446289e+00
-7.660828590393066406e+00 -4.598717212677001953e+00
1.472042083740234375e+01 -2.052027463912963867e+00
-8.973808288574218750e+00 -5.573983669281005859e+00
-7.435411930084228516e+00 -9.358584284782409668e-01
8.760895729064941406e+00 -5.077613592147827148e-01
8.251543998718261719e+00 5.990270972251892090e-01
-1.356199979782104492e+00 6.940823554992675781e+00
-7.735679626464843750e+00 -5.559159755706787109e+00
-8.443116188049316406e+00 -3.340398311614990234e+00
7.945091247558593750e+00 6.577631235122680664e-01
5.555875301361083984e+00 2.048190355300903320e+00
3.272315740585327148e+00 1.305677056312561035e+00
1.135045909881591797e+01 -2.601623296737670898e+00
-3.525707244873046875e+00 5.620802402496337891e+00
-9.006980806589126587e-02 8.409039497375488281e+00
-6.252813339233398438e+00 -3.772506117820739746e-01
-8.394743919372558594e+00 8.018088936805725098e-01
-8.048112869262695312e+00 -4.771662235260009766e+00
-8.025948524475097656e+00 -1.724693536758422852e+00
1.474545097351074219e+01 -3.302405118942260742e+00
-3.209098815917968750e+00 1.238422489166259766e+01
1.466322422027587891e+01 -2.863510370254516602e+00
-8.382662773132324219e+00 -5.785993099212646484e+00
7.014513969421386719e+00 7.814609408378601074e-01
-5.611629962921142578e+00 2.125431299209594727e+00
1.755445480346679688e+01 -4.168047428131103516e+00
1.226147747039794922e+01 -1.552877306938171387e+00
1.343208408355712891e+01 -2.678856849670410156e+00
-6.431465148925781250e+00 5.552965641021728516e+00
-8.312846183776855469e+00 -4.164067745208740234e+00
1.612102317810058594e+01 -4.046157836914062500e+00
-7.483117580413818359e+00 -2.184356212615966797e+00
-8.219315528869628906e+00 2.732401899993419647e-02
1.352182960510253906e+01 -3.081653356552124023e+00
-6.721636772155761719e+00 -4.315124511718750000e+00
-7.971557617187500000e+00 -4.787172794342041016e+00
-1.078780937194824219e+01 -4.950233459472656250e+00
-2.526281356811523438e+00 1.024877452850341797e+01
-8.167469024658203125e+00 -5.189347743988037109e+00
-7.149338722229003906e+00 -1.206714868545532227e+00
1.191963481903076172e+01 -1.535484910011291504e+00
-2.833137035369873047e+00 5.174906253814697266e+00
1.129083919525146484e+01 -6.866872906684875488e-01
4.110011100769042969e+00 2.988240957260131836e+00
-6.332349777221679688e+00 9.421565055847167969e+00
-7.980280399322509766e+00 -1.770519375801086426e+00
-5.075427532196044922e+00 2.130005806684494019e-01
5.569225311279296875e+00 2.368556737899780273e+00
-6.747901916503906250e+00 -4.451414108276367188e+00
1.088373661041259766e+01 -7.864354848861694336e-01
4.656841754913330078e+00 3.235812664031982422e+00
-8.285502433776855469e+00 -4.642069816589355469e+00
1.607411384582519531e+01 -4.395294189453125000e+00
-5.707232952117919922e+00 -4.068769454956054688e+00
4.443545043468475342e-01 1.007610511779785156e+01
-4.674768447875976562e-01 7.130026817321777344e+00
-6.915876865386962891e+00 -2.281478404998779297e+00
-7.053253650665283203e+00 -5.402746200561523438e+00
1.366662311553955078e+01 -4.369406223297119141e+00
9.009917259216308594e+00 1.110927343368530273e+00
-6.160840511322021484e+00 -5.011966705322265625e+00
-7.576150417327880859e+00 -6.265014648437500000e+00
-9.970049858093261719e+00 6.291617751121520996e-01
-8.053625106811523438e+00 5.457276344299316406e+00
8.530102729797363281e+00 1.455635428428649902e+00
8.842008590698242188e+00 2.134990692138671875e+00
1.418980979919433594e+01 -2.412284851074218750e+00
1.414401817321777344e+01 -3.048893690109252930e+00
-2.449717521667480469e+00 6.646161079406738281e+00
-4.248245716094970703e+00 9.284934043884277344e+00
3.020946025848388672e+00 6.975069999694824219e+00
-5.443482398986816406e+00 7.186537265777587891e+00
-8.270890235900878906e+00 -4.974237442016601562e+00
1.255609130859375000e+01 -2.008265972137451172e+00
-1.080908584594726562e+01 -3.897789239883422852e+00
1.164120674133300781e+01 -1.956316232681274414e+00
1.292128181457519531e+01 -2.116228342056274414e+00
-1.085429763793945312e+01 1.066336274147033691e+00
3.302432298660278320e+00 1.856761813163757324e+00
-7.680513858795166016e+00 -5.401476860046386719e+00
-9.846183776855468750e+00 -5.861540794372558594e+00
1.462911415100097656e+01 -2.569001197814941406e+00
-7.197608470916748047e+00 -1.369870305061340332e+00
4.563344955444335938e+00 8.717058181762695312e+00
1.097395515441894531e+01 -1.901965975761413574e+00
-7.602927207946777344e+00 -4.817089557647705078e+00
-9.224314689636230469e+00 -5.017929553985595703e+00
-2.760433912277221680e+00 1.118011569976806641e+01
1.321169662475585938e+01 -2.158329725265502930e+00
-4.863104343414306641e+00 2.630406856536865234e+00
1.395413303375244141e+01 -2.406736373901367188e+00
-6.968738079071044922e+00 -4.037321090698242188e+00
-2.418376445770263672e+00 1.331720733642578125e+01
7.177841663360595703e+00 1.477334260940551758e+00
-6.943460941314697266e+00 -3.170804083347320557e-01
-7.670692443847656250e+00 2.262630313634872437e-01
1.243922328948974609e+01 -1.828577518463134766e+00
-1.471364498138427734e+00 8.262757301330566406e+00
1.532311439514160156e+01 -3.057681560516357422e+00
9.423764228820800781e+00 -7.306352853775024414e-01
-6.806626915931701660e-01 9.566518783569335938e+00
-8.115694999694824219e+00 -1.925648689270019531e+00
4.876992702484130859e+00 3.405361175537109375e+00
-8.438790321350097656e+00 -3.637060642242431641e+00
-1.104820728302001953e+00 7.414497375488281250e+00
-7.716283321380615234e+00 3.881250619888305664e+00
9.819170951843261719e+00 4.160332977771759033e-01
1.204762458801269531e+01 -2.090072393417358398e+00
1.093945789337158203e+01 -6.406713724136352539e-01
2.562031745910644531e+00 8.402261734008789062e+00
1.296335601806640625e+01 -3.563264131546020508e+00
-8.624147415161132812e+00 -3.318456888198852539e+00
1.159884262084960938e+01 -3.818540573120117188e-01
1.061532974243164062e+01 -1.972859144210815430e+00
5.129256248474121094e+00 4.051761150360107422e+00
2.159069299697875977e+00 5.958275794982910156e+00
-1.308871984481811523e+00 8.791328430175781250e+00
9.168476104736328125e+00 9.045524597167968750e-01
-7.771134853363037109e+00 -4.782185077667236328e+00
1.253959369659423828e+01 -2.845391035079956055e+00
-6.545972347259521484e+00 -2.485751628875732422e+00
-6.278428077697753906e+00 3.754156351089477539e+00
1.316007137298583984e+01 -3.143804073333740234e+00
1.303762149810791016e+01 -1.650087833404541016e+00
-7.684566020965576172e+00 3.567640781402587891e+00
3.917830705642700195e+00 5.154227256774902344e+00
-7.042109489440917969e+00 3.114209771156311035e-01
-8.233543395996093750e+00 -3.957790374755859375e+00
-1.478741765022277832e+00 1.089425086975097656e+01
-6.472138404846191406e+00 7.602742910385131836e-01
-8.435647964477539062e+00 -4.252426624298095703e+00
-7.633376121520996094e+00 -4.806842803955078125e+00
-8.335744857788085938e+00 -4.451970577239990234e+00
1.134199619293212891e+01 -1.485804557800292969e+00
-7.775965690612792969e+00 -3.181186199188232422e+00
-1.699501037597656250e+00 8.381099700927734375e+00
-7.750245571136474609e+00 -5.216598987579345703e+00
-7.622165679931640625e+00 -3.281944751739501953e+00
-7.798526763916015625e+00 -6.458011627197265625e+00
2.860093355178833008e+00 6.081564426422119141e+00
-7.179819107055664062e+00 -5.600845336914062500e+00
-9.017799377441406250e+00 -4.316073894500732422e+00
1.230386829376220703e+01 -2.371281147003173828e+00
-7.855685710906982422e+00 -2.461614310741424561e-01
-9.268760681152343750e+00 -2.102806329727172852e+00
-7.229173660278320312e+00 1.230656981468200684e+00
-5.917679309844970703e+00 -4.586400508880615234e+00
7.549620151519775391e+00 1.730946183204650879e+00
-5.485760211944580078e+00 4.435479164123535156e+00
1.080373287200927734e+01 -5.318487882614135742e-01
1.565848731994628906e+01 -3.654178619384765625e+00
-5.162852287292480469e+00 -4.339631795883178711e-01
1.413212585449218750e+01 -2.851874113082885742e+00
1.031031894683837891e+01 -1.721527934074401855e+00
7.438815593719482422e+00 3.365873992443084717e-01
7.401285171508789062e+00 -6.204020977020263672e-01
7.779079914093017578e+00 -1.989407688379287720e-01
-5.585207462310791016e+00 -2.166925907135009766e+00
-7.390381813049316406e+00 9.127769470214843750e+00
-7.808199405670166016e+00 -3.646131277084350586e+00
-9.925425529479980469e+00 -4.894421100616455078e+00
7.935699462890625000e+00 2.027970075607299805e+00
6.724356174468994141e+00 1.360852479934692383e+00
1.056135773658752441e+00 5.194114685058593750e+00
-4.613509178161621094e+00 1.199963855743408203e+01
1.194436836242675781e+01 -2.448895692825317383e+00
9.988583564758300781e+00 -4.707374274730682373e-01
1.153637218475341797e+01 -1.666541695594787598e+00
-7.983303546905517578e+00 -4.296836376190185547e+00
-7.222597122192382812e+00 -1.389795899391174316e+00
1.204265403747558594e+01 -2.622846841812133789e+00
-1.700320482254028320e+00 8.967714309692382812e+00
1.455356502532958984e+01 -3.640766620635986328e+00
1.064293861389160156e+01 -9.689094424247741699e-01
1.134488391876220703e+01 -1.267257809638977051e+00
1.260093879699707031e+01 -3.310016870498657227e+00
-8.650666236877441406e+00 -2.786538839340209961e+00
-1.710595965385437012e+00 1.027753543853759766e+01
6.885405063629150391e+00 1.050978183746337891e+00
1.175014591217041016e+01 -1.197310447692871094e+00
-2.262721776962280273e+00 8.052100181579589844e+00
6.148556709289550781e+00 3.774081468582153320e+00
8.427050590515136719e+00 1.167178899049758911e-01
1.367315959930419922e+01 -2.405088186264038086e+00
8.130341529846191406e+00 5.253357291221618652e-01
-3.667546033859252930e+00 2.148187398910522461e+00
1.387363052368164062e+01 -3.246934652328491211e+00
-6.297933578491210938e+00 5.921226501464843750e+00
-1.108390617370605469e+01 4.361965656280517578e+00
-8.857056617736816406e+00 -6.107346057891845703e+00
1.243749141693115234e+01 -1.974446177482604980e+00
1.196364116668701172e+01 -6.609441041946411133e-01
1.411547374725341797e+01 -3.959687948226928711e+00
5.064922809600830078e+00 1.378474116325378418e+00
8.096909523010253906e+00 -2.493878155946731567e-01
-8.840727806091308594e+00 -5.796284675598144531e+00
-7.835305213928222656e+00 -4.366924285888671875e+00
-8.167892456054687500e+00 -4.439159870147705078e+00
-4.567562580108642578e+00 6.914168834686279297e+00
-8.481929779052734375e+00 -5.359804153442382812e+00
-7.932155132293701172e+00 -4.394014835357666016e+00
9.078125953674316406e+00 -4.969094395637512207e-01
1.346888542175292969e+01 -3.726693153381347656e+00
6.894385814666748047e+00 2.806457281112670898e+00
1.074015426635742188e+01 -1.415129065513610840e+00
-1.012243556976318359e+01 1.415193271636962891e+01
-8.431477546691894531e+00 -4.617547035217285156e+00
9.594182014465332031e+00 -2.317860364913940430e+00
-6.853083610534667969e+00 -5.227174162864685059e-01
1.245264816284179688e+01 -2.175140380859375000e+00
-7.520363807678222656e+00 -5.321676254272460938e+00
1.112980747222900391e+01 -1.400917291641235352e+00
1.001596927642822266e+01 -2.612011432647705078e-01
1.216543960571289062e+01 -1.922370195388793945e+00
1.115229225158691406e+01 -2.625868797302246094e+00
-8.992798805236816406e+00 -4.782631397247314453e+00
1.084669876098632812e+01 -1.600064992904663086e+00
-7.154023647308349609e+00 5.913578987121582031e+00
1.161873435974121094e+01 -2.287026166915893555e+00
-4.754923820495605469e+00 7.096978664398193359e+00
-9.457981109619140625e+00 -4.311204910278320312e+00
-8.376173019409179688e+00 -4.329096317291259766e+00
-8.985015869140625000e+00 -3.526062726974487305e+00
-6.483578205108642578e+00 1.707391738891601562e+00
5.105863094329833984e+00 3.504476547241210938e+00
-5.308494567871093750e+00 4.796028614044189453e+00
1.466232109069824219e+01 -2.963780403137207031e+00
1.285511779785156250e+01 -3.136015415191650391e+00
9.146675109863281250e+00 -5.257716178894042969e-01
-1.196533441543579102e+00 1.012834358215332031e+01
1.094163799285888672e+01 -6.151620745658874512e-01
-8.101222038269042969e+00 -5.047609806060791016e+00
1.265590095520019531e+01 -2.885548353195190430e+00
-7.220846176147460938e+00 1.016870784759521484e+01
-6.653884887695312500e+00 -3.536900043487548828e+00
1.000777721405029297e+01 -6.816962361335754395e-01
-6.885318279266357422e+00 -5.223904132843017578e+00
1.437631893157958984e+01 -3.348647117614746094e+00
-5.929606437683105469e+00 -3.389017343521118164e+00
-7.186703681945800781e+00 -4.771010875701904297e+00
-5.478026390075683594e+00 -4.325475215911865234e+00
-6.621316432952880859e+00 -2.742963790893554688e+00
1.497799301147460938e+01 -2.271265029907226562e+00
-6.432085037231445312e+00 -5.880227088928222656e+00
-4.343694541603326797e-03 6.719259738922119141e+00
1.211108684539794922e+01 -2.846807956695556641e+00
-7.295172691345214844e+00 -5.157241821289062500e+00
8.113538622856140137e-01 8.612230300903320312e+00
-3.407298088073730469e+00 1.072122764587402344e+01
-7.080417275428771973e-01 7.962369441986083984e+00
-7.676816463470458984e+00 -4.845468521118164062e+00
-8.088515281677246094e+00 -3.301750183105468750e+00
-5.814660549163818359e+00 -3.766923189163208008e+00
-8.365863800048828125e+00 -5.283310890197753906e+00
2.977907419204711914e+00 5.915228843688964844e+00
1.376428985595703125e+01 -3.337089776992797852e+00
1.360747241973876953e+01 -3.235895872116088867e+00
-5.507326126098632812e+00 -2.868460178375244141e+00
1.475599861145019531e+01 -3.929978370666503906e+00
1.205202102661132812e+01 -1.898128867149353027e+00
-6.702546596527099609e+00 -5.515385627746582031e+00
-8.682363510131835938e+00 1.083055615425109863e+00
-7.923284530639648438e+00 1.320167899131774902e+00
9.682106971740722656e+00 1.507391035556793213e-01
1.387532711029052734e+01 -2.752550125122070312e+00
-7.693064212799072266e-02 7.695048332214355469e+00
-3.689747095108032227e+00 8.208320617675781250e+00
5.008972167968750000e+00 3.957817554473876953e+00
1.102244758605957031e+01 -1.795054554939270020e+00
-8.254467010498046875e+00 -3.458491325378417969e+00
-1.436326861381530762e+00 8.162358283996582031e+00
-7.419447898864746094e+00 -2.225115299224853516e+00
6.330641269683837891e+00 4.123545646667480469e+00
8.719662666320800781e+00 9.343761205673217773e-01
-4.388359069824218750e+00 2.796344518661499023e+00
-4.087956905364990234e+00 7.044917583465576172e+00
1.326992797851562500e+01 -3.438183069229125977e+00
-7.155408382415771484e+00 -4.059880733489990234e+00
-5.190288066864013672e+00 4.782694280147552490e-01
9.567879676818847656e+00 -3.882252573966979980e-01
4.827226996421813965e-01 1.002499961853027344e+01
3.705697059631347656e+00 3.027487993240356445e+00
-7.064529895782470703e+00 -4.695931911468505859e+00
-7.470762729644775391e+00 -4.978051662445068359e+00
1.207861995697021484e+01 -1.993961930274963379e+00
1.399672412872314453e+01 -2.744616031646728516e+00
1.055188179016113281e+01 -5.596171617507934570e-01
1.286492633819580078e+01 -2.793475627899169922e+00
-8.233135223388671875e+00 -4.487026214599609375e+00
1.463710498809814453e+01 -4.165363311767578125e+00
-1.243463516235351562e+00 6.615338802337646484e+00
-8.222200393676757812e+00 2.600139379501342773e+00
6.438179016113281250e+00 3.197322607040405273e+00
-6.913720130920410156e+00 -5.453927516937255859e+00
9.553704261779785156e+00 -3.821825236082077026e-02
-6.499910831451416016e+00 2.168815135955810547e+00
4.714807033538818359e+00 5.786407470703125000e+00
1.155026626586914062e+01 -2.410644054412841797e+00
-4.166341304779052734e+00 8.725642204284667969e+00
1.230918216705322266e+01 -2.853756189346313477e+00
6.443335533142089844e+00 3.978109121322631836e+00
-7.385116577148437500e+00 -4.950738906860351562e+00
-8.633589744567871094e+00 -4.713250637054443359e+00
-6.688169002532958984e+00 -4.211071491241455078e+00
-7.841251373291015625e+00 2.044287204742431641e+00
9.085275650024414062e+00 -2.168473452329635620e-01
1.438100719451904297e+01 -2.596421957015991211e+00
-7.397633552551269531e+00 -2.981914281845092773e+00
-8.746599197387695312e+00 -5.537841796875000000e+00
-8.083217620849609375e+00 -1.138559699058532715e+00
9.860110282897949219e+00 1.561240673065185547e+00
5.235460281372070312e+00 5.050115108489990234e+00
1.042563056945800781e+01 -1.321910262107849121e+00
-7.504267215728759766e+00 -1.043561100959777832e+00
-7.468245983123779297e+00 -2.598331451416015625e+00
4.949838638305664062e+00 2.525697708129882812e+00
1.111951732635498047e+01 -2.339098691940307617e+00
-7.561454296112060547e+00 -4.205022811889648438e+00
-9.779920578002929688e+00 -4.400519371032714844e+00
-8.576074600219726562e+00 -3.558998823165893555e+00
-7.418512821197509766e+00 -2.905209302902221680e+00
-7.603876590728759766e+00 -4.011987686157226562e+00
-7.473128795623779297e+00 4.635554313659667969e+00
-7.849152565002441406e+00 -3.318181514739990234e+00
-5.578315734863281250e+00 2.166810750961303711e+00
4.779750347137451172e+00 3.279747724533081055e+00
-7.418200492858886719e+00 -1.513978719711303711e+00
1.059126472473144531e+01 -4.874780178070068359e-01
-5.016527652740478516e+00 -6.038388609886169434e-01
-6.905210018157958984e+00 1.152594327926635742e+00
-7.089051246643066406e+00 -2.975817441940307617e+00
1.015227413177490234e+01 -2.511246681213378906e+00
-4.448586463928222656e+00 6.869883537292480469e+00
-5.448334217071533203e+00 -2.524411678314208984e+00
1.260748672485351562e+01 -2.124822378158569336e+00
-3.067188262939453125e+00 6.815327644348144531e+00
1.177061271667480469e+01 -1.876212358474731445e+00
-6.933823108673095703e+00 -4.105766296386718750e+00
-8.622513771057128906e+00 -4.124287605285644531e+00
-7.231825351715087891e+00 -5.734337806701660156e+00
-5.610061645507812500e+00 -2.648297071456909180e+00
-5.195834159851074219e+00 2.736621618270874023e+00
-9.992040634155273438e+00 -4.386523723602294922e+00
-6.861250877380371094e+00 4.688359737396240234e+00
-3.868225812911987305e+00 6.790942668914794922e+00
-5.754784584045410156e+00 -3.115619897842407227e+00
-8.654994010925292969e+00 -5.291820049285888672e+00
-8.185316085815429688e+00 -4.319185256958007812e+00
1.699732542037963867e+00 5.790143966674804688e+00
-8.894577026367187500e+00 -5.317224979400634766e+00
-7.690412998199462891e+00 5.624137878417968750e+00
1.353686904907226562e+01 -2.197820425033569336e+00
-8.414902687072753906e+00 -4.815539836883544922e+00
-6.504890441894531250e+00 -1.822864174842834473e+00
9.539530754089355469e+00 -9.055128693580627441e-01
2.808325052261352539e+00 3.582323312759399414e+00
-7.298701763153076172e+00 -4.827886104583740234e+00
1.257580757141113281e+01 -3.129987716674804688e+00
9.590882301330566406e+00 -5.142599940299987793e-01
4.545866489410400391e+00 4.411499500274658203e+00
1.145273971557617188e+01 -1.652256965637207031e+00
1.158508586883544922e+01 -3.557929992675781250e+00
-8.485214233398437500e+00 -5.425220489501953125e+00
1.255249309539794922e+01 -2.927818298339843750e+00
-5.402396678924560547e+00 -2.739346027374267578e+00
-8.021453857421875000e+00 -4.456648349761962891e+00
7.970986843109130859e+00 -3.858173191547393799e-01
3.402839183807373047e+00 4.513823986053466797e+00
-6.650252342224121094e+00 2.320781230926513672e+00
1.129336118698120117e+00 8.191396713256835938e+00
-8.320713996887207031e+00 -3.876935720443725586e+00
4.394610881805419922e+00 4.081661701202392578e+00
-6.918259143829345703e+00 -5.375638008117675781e+00
1.156327629089355469e+01 -7.583017945289611816e-01
-6.106982707977294922e+00 3.314749002456665039e+00
1.085084533691406250e+01 -2.019648790359497070e+00
-8.250284194946289062e+00 -5.408843994140625000e+00
8.331808090209960938e+00 -2.167635131627321243e-03
-7.347794055938720703e+00 1.553914546966552734e+00
1.192311477661132812e+01 -2.773550987243652344e+00
1.359398746490478516e+01 -3.922160387039184570e+00
1.194516468048095703e+01 -3.812442064285278320e+00
9.966830253601074219e+00 -5.884656906127929688e-01
-9.200131416320800781e+00 -5.125298023223876953e+00
1.167477703094482422e+01 -9.951307773590087891e-01
1.144530391693115234e+01 -1.766210079193115234e+00
1.059705734252929688e+01 -1.103412270545959473e+00
1.119641685485839844e+01 -1.961188316345214844e+00
-4.073590755462646484e+00 2.117214441299438477e+00
9.566508293151855469e+00 -7.883625030517578125e-01
9.014650344848632812e+00 6.912186741828918457e-02
-1.204830169677734375e+00 6.990877151489257812e+00
1.066129207611083984e+01 -1.106240987777709961e+00
-6.287428379058837891e+00 1.039452552795410156e+01
1.450006675720214844e+01 -4.235717773437500000e+00
-1.983302712440490723e+00 9.620226860046386719e+00
-6.028081893920898438e+00 4.705725193023681641e+00
1.234868049621582031e+01 -2.288150310516357422e+00
-5.656583309173583984e+00 6.786205291748046875e+00
-7.622207164764404297e+00 -2.661775112152099609e+00
-9.053598403930664062e+00 -5.297927379608154297e+00
-6.484702587127685547e+00 -3.416401624679565430e+00
-2.007423877716064453e+00 5.169808387756347656e+00
-8.090288162231445312e+00 -2.714986801147460938e+00
1.059405040740966797e+01 -1.671122312545776367e+00
1.309933471679687500e+01 -3.031681060791015625e+00
-1.677013039588928223e+00 7.887337207794189453e+00
1.026134371757507324e+00 5.516912937164306641e+00
-8.120737075805664062e+00 -5.687159061431884766e+00
1.225310802459716797e+01 -2.965359687805175781e+00
6.550544500350952148e-01 7.322315216064453125e+00
1.295012855529785156e+01 -3.376049280166625977e+00
1.059992313385009766e+01 -2.140015125274658203e+00
1.440865230560302734e+01 -2.806278467178344727e+00
6.179875373840332031e+00 7.231845855712890625e-01
-9.964200019836425781e+00 9.969821929931640625e+00
-2.831473588943481445e+00 7.484855651855468750e+00
9.107137680053710938e+00 -1.903091430664062500e+00
3.657767772674560547e+00 5.805459022521972656e+00
-7.883400440216064453e+00 -5.764966964721679688e+00
5.908941745758056641e+00 4.418451786041259766e+00
-7.557497978210449219e+00 -6.502091884613037109e+00
-3.286411762237548828e+00 1.028724861145019531e+01
1.289956951141357422e+01 -6.490969657897949219e-01
1.513087654113769531e+01 -2.263258934020996094e+00
-6.787240982055664062e+00 -5.097620487213134766e+00
5.144417762756347656e+00 4.031236171722412109e+00
-7.033459186553955078e+00 -4.268956661224365234e+00
-6.893023014068603516e+00 -4.686900138854980469e+00
6.383213996887207031e+00 2.520859479904174805e+00
-5.515642166137695312e+00 1.496236920356750488e-01
-8.639950752258300781e+00 -3.872771024703979492e+00
1.081804561614990234e+01 -2.395862899720668793e-02
-7.993264675140380859e+00 -6.525643348693847656e+00
-7.084405422210693359e+00 -5.387101650238037109e+00
-3.685054779052734375e+00 5.673802375793457031e+00
9.450963020324707031e+00 -8.456739783287048340e-01
-5.990346431732177734e+00 -2.117422580718994141e+00
-7.898946762084960938e+00 7.159503176808357239e-03
1.000725460052490234e+01 -3.302941322326660156e-01
1.253807067871093750e+01 -2.075422763824462891e+00
-9.763464927673339844e+00 1.082395362854003906e+01
-6.749201774597167969e+00 -1.750690221786499023e+00
1.302223968505859375e+01 -2.440628528594970703e+00
-6.991618156433105469e+00 -3.704466819763183594e+00
-7.128564834594726562e+00 -2.741108894348144531e+00
-6.170564174652099609e+00 -1.331821799278259277e+00
-7.755815982818603516e+00 -4.449787616729736328e+00
-7.526160240173339844e+00 -2.808972597122192383e+00
-7.110877513885498047e+00 -5.220680236816406250e+00
-8.775156974792480469e+00 -2.815703392028808594e+00
-7.646302223205566406e+00 -4.504558086395263672e+00
-7.200266361236572266e+00 -3.858850479125976562e+00
1.002640533447265625e+01 -1.167223215103149414e+00
-6.119551181793212891e+00 -1.953431487083435059e+00
-2.957879304885864258e+00 6.459158420562744141e+00
1.374957847595214844e+01 -3.950383901596069336e+00
-7.754726409912109375e+00 -5.080755710601806641e+00
1.128579235076904297e+01 -9.458667635917663574e-01
-5.337692260742187500e+00 7.251369357109069824e-01
-8.729456901550292969e+00 -4.732882976531982422e+00
-7.511627197265625000e+00 -3.769262552261352539e+00
-5.822576522827148438e+00 -2.546811342239379883e+00
1.561144256591796875e+01 -4.856907844543457031e+00
-1.389434747397899628e-02 6.471987247467041016e+00
1.035514068603515625e+01 -2.282933712005615234e+00
-8.197011947631835938e+00 1.740202493965625763e-02
1.292624759674072266e+01 -2.772481203079223633e+00
-8.844234466552734375e+00 -1.857117414474487305e+00
3.911285638809204102e+00 1.541029214859008789e+00
1.113870811462402344e+01 -1.713102459907531738e+00
-6.024045944213867188e+00 2.438788414001464844e-01
-8.297362327575683594e+00 -5.129204273223876953e+00
1.015069198608398438e+01 -2.260368585586547852e+00
5.661934852600097656e+00 1.462220072746276855e+00
-7.977184295654296875e+00 -3.338896751403808594e+00
-7.711841106414794922e+00 -5.723451822996139526e-02
-8.185773849487304688e+00 -4.845284461975097656e+00
8.992246627807617188e+00 -1.642594218254089355e+00
9.636685371398925781e+00 -5.428283810615539551e-01
3.540971040725708008e+00 8.260404586791992188e+00
-2.950706705451011658e-02 7.940341949462890625e+00
-7.349464416503906250e+00 8.333426713943481445e-01
7.547069072723388672e+00 7.989702820777893066e-01
1.091097450256347656e+01 -2.048780918121337891e+00
-8.580842971801757812e+00 -3.044265508651733398e+00
-7.880393028259277344e+00 3.321049928665161133e+00
-7.683507919311523438e+00 1.190651226043701172e+01
-4.228675365447998047e-01 9.426132202148437500e+00
-7.825682163238525391e+00 -3.778742790222167969e+00
1.085422897338867188e+01 -1.809782028198242188e+00
-1.305332303047180176e+00 5.771402835845947266e+00
1.000455856323242188e+01 -6.121878027915954590e-01
-7.362189769744873047e+00 3.089600563049316406e+00
3.016792774200439453e+00 2.629258632659912109e+00
9.575506210327148438e+00 -6.939485669136047363e-01
1.145424747467041016e+01 -2.625284910202026367e+00
-7.949700832366943359e+00 4.399037837982177734e+00
1.454209613800048828e+01 -4.141294956207275391e+00
-1.039390754699707031e+01 8.040506243705749512e-01
1.083092308044433594e+01 -1.457198858261108398e+00
-7.375955581665039062e+00 -2.167747020721435547e+00
-8.739397048950195312e+00 -4.639959335327148438e+00
1.451646614074707031e+01 -3.572312831878662109e+00
1.132315254211425781e+01 -1.748562216758728027e+00
-8.650520324707031250e+00 -4.637507438659667969e+00
-9.051685333251953125e+00 -4.383695602416992188e+00
-5.083300590515136719e+00 3.860208272933959961e+00
-5.505104064941406250e+00 6.679842472076416016e+00
-7.759596347808837891e+00 -5.496916294097900391e+00
1.162215518951416016e+01 -3.226006984710693359e+00
1.131819915771484375e+01 -1.015895485877990723e+00
8.213608741760253906e+00 1.570499539375305176e+00
1.027876472473144531e+01 -2.286923885345458984e+00
1.370703887939453125e+01 -3.081279277801513672e+00
-9.350026130676269531e+00 -3.738982439041137695e+00
1.151759624481201172e+01 -2.981150865554809570e+00
-9.223742485046386719e+00 -4.289106369018554688e+00
1.547348213195800781e+01 -4.828714370727539062e+00
-5.462366104125976562e+00 -1.417426705360412598e+00
1.167013454437255859e+01 -2.572654008865356445e+00
2.951937198638916016e+00 2.942684173583984375e+00
4.249036312103271484e+00 4.031004905700683594e+00
-6.368447303771972656e+00 -4.471490859985351562e+00
9.029843330383300781e+00 -1.140446402132511139e-02
1.049325370788574219e+01 -3.437356472015380859e+00
-2.488785266876220703e+00 5.892040729522705078e+00
-2.385170698165893555e+00 4.533380985260009766e+00
-7.944112300872802734e+00 -3.556001186370849609e+00
-7.256533622741699219e+00 -5.179115772247314453e+00
1.347754383087158203e+01 -2.731809377670288086e+00
1.203527641296386719e+01 -3.130815267562866211e+00
-1.365387558937072754e+00 7.544657230377197266e+00
-6.980113506317138672e+00 -5.404908657073974609e+00
-7.699356079101562500e+00 -2.653824806213378906e+00
-6.987663269042968750e+00 -1.799663066864013672e+00
9.631773948669433594e+00 -6.755302548408508301e-01
1.383768749237060547e+01 -3.168587923049926758e+00
-8.101992607116699219e+00 -4.907990455627441406e+00
-8.380642890930175781e+00 5.082981586456298828e+00
5.226622581481933594e+00 1.652049422264099121e+00
1.145503520965576172e+01 -2.318981885910034180e+00
-6.397896289825439453e+00 -2.313810110092163086e+00
-9.251509666442871094e+00 -5.592772483825683594e+00
-2.155846118927001953e+00 7.323489665985107422e+00
1.298961162567138672e+01 -2.597944974899291992e+00
1.524417591094970703e+01 -3.492675065994262695e+00
9.176066398620605469e+00 -1.669861793518066406e+00
6.603711843490600586e-01 3.361769199371337891e+00
2.577610254287719727e+00 3.309073686599731445e+00
2.099835634231567383e+00 6.704606533050537109e+00
-3.954085826873779297e+00 3.431194305419921875e+00
-3.970103263854980469e+00 5.529853820800781250e+00
-3.584604740142822266e+00 5.144988059997558594e+00
8.663071632385253906e+00 -1.500577449798583984e+00
9.993110656738281250e+00 -5.450918674468994141e-01
4.473342418670654297e+00 3.138058900833129883e+00
1.131791019439697266e+01 -2.145675420761108398e+00
-8.828375816345214844e+00 -4.301529884338378906e+00
1.105910396575927734e+01 -2.422523736953735352e+00
1.142008781433105469e+00 6.169615268707275391e+00
1.366158771514892578e+01 -3.284800052642822266e+00
-7.720529556274414062e+00 5.486392021179199219e+00
1.025559043884277344e+01 -3.271877765655517578e+00
-6.731642246246337891e+00 -3.522018671035766602e+00
-9.105030059814453125e+00 -3.768546819686889648e+00
-8.429637908935546875e+00 8.576783537864685059e-01
-6.936458587646484375e+00 -4.231956481933593750e+00
3.954190254211425781e+00 3.085080623626708984e+00
-7.623166561126708984e+00 -5.317070960998535156e+00
-7.153131961822509766e+00 -2.335526704788208008e+00
8.742133140563964844e+00 -9.531492590904235840e-01
1.172365474700927734e+01 -2.219628095626831055e+00
2.053298234939575195e+00 5.429962158203125000e+00
-6.567363262176513672e+00 1.192489787936210632e-01
9.010034561157226562e+00 -2.160220384597778320e+00
-7.486577987670898438e+00 -3.331017732620239258e+00
-4.696032047271728516e+00 6.825141906738281250e-01
-7.612843990325927734e+00 -3.042170286178588867e+00
-9.057543754577636719e+00 -4.771150588989257812e+00
1.002099990844726562e+01 -2.692342042922973633e+00
-3.691080331802368164e+00 7.030058383941650391e+00
1.085882854461669922e+01 -1.761611104011535645e+00
-8.454153060913085938e+00 -3.308736801147460938e+00
1.671563744544982910e+00 5.248042106628417969e+00
-5.953202724456787109e+00 -4.376399040222167969e+00
-6.726808547973632812e+00 -4.976555705070495605e-01
-6.356138706207275391e+00 8.119162559509277344e+00
-1.917085886001586914e+00 8.587913513183593750e+00
-5.128457069396972656e+00 2.390229463577270508e+00
-8.830786705017089844e+00 -3.736158847808837891e+00
1.634927749633789062e+01 -4.827953815460205078e+00
-7.936613082885742188e+00 -5.033445835113525391e+00
1.273594474792480469e+01 -2.600795269012451172e+00
-5.834548473358154297e+00 3.487332105636596680e+00
1.290972042083740234e+01 -3.241835832595825195e+00
-2.632819414138793945e+00 8.996895790100097656e+00
1.256862545013427734e+01 -1.918060421943664551e+00
-7.304481506347656250e+00 -3.869945764541625977e+00
-8.945042610168457031e+00 -4.440308570861816406e+00
-7.605477333068847656e+00 -3.191523551940917969e+00
1.458841514587402344e+01 -3.396482944488525391e+00
-7.625568389892578125e+00 -4.296721935272216797e+00
-3.776694297790527344e+00 8.471502304077148438e+00
4.271046638488769531e+00 5.538732051849365234e+00
8.551173210144042969e+00 9.869096279144287109e-01
-7.168748378753662109e+00 -4.424375534057617188e+00
-5.196412563323974609e+00 -7.965796589851379395e-01
-5.854362964630126953e+00 4.268914699554443359e+00
-5.234728813171386719e+00 -3.459444046020507812e+00
-6.931929111480712891e+00 -4.230224132537841797e+00
-5.718533039093017578e+00 8.321589469909667969e+00
8.152442932128906250e+00 -7.039954066276550293e-01
-9.286150932312011719e+00 -6.141287088394165039e-01
-7.768501758575439453e+00 -5.834516525268554688e+00
-7.592854022979736328e+00 -6.026348114013671875e+00
-4.751858711242675781e+00 1.166226193308830261e-01
-8.684453010559082031e+00 -4.388478755950927734e+00
8.522743225097656250e+00 1.249231338500976562e+00
6.778681278228759766e+00 2.467649459838867188e+00
-3.945740222930908203e+00 9.768688201904296875e+00
-6.700821399688720703e+00 -3.962463855743408203e+00
6.982224583625793457e-01 7.519999980926513672e+00
-8.312673568725585938e+00 -4.249465942382812500e+00
-8.194603919982910156e+00 -4.027008533477783203e+00
1.086681175231933594e+01 -2.492790222167968750e+00
2.177536487579345703e+00 3.885587930679321289e+00
1.326228141784667969e+01 -3.338760375976562500e+00
-8.372873306274414062e+00 -1.913507103919982910e+00
-2.181622266769409180e+00 8.689677238464355469e+00
-8.561597824096679688e+00 -3.988933324813842773e+00
-1.027557468414306641e+01 -6.929680824279785156e+00
5.272145748138427734e+00 2.058855295181274414e+00
-7.846479415893554688e+00 -3.213962554931640625e+00
-7.172966480255126953e+00 1.159887313842773438e+01
-6.733597755432128906e+00 4.204371929168701172e+00
-6.751836299896240234e+00 5.800796508789062500e+00
-5.850306510925292969e+00 4.032623767852783203e+00
-4.686136722564697266e+00 -2.820313453674316406e+00
1.400515747070312500e+01 -4.103054046630859375e+00
-9.722386360168457031e+00 -3.988126993179321289e+00
-1.994526505470275879e+00 4.911097526550292969e+00
-5.907202720642089844e+00 -5.654521942138671875e+00
1.066483306884765625e+01 -1.143231272697448730e+00
-6.361793994903564453e+00 -3.375122308731079102e+00
-3.768879652023315430e+00 3.538285255432128906e+00
-8.747345924377441406e+00 6.881062984466552734e-01
-8.148318290710449219e+00 -3.257844448089599609e+00
-1.804622650146484375e+00 7.959603786468505859e+00
1.866487145423889160e+00 1.983466625213623047e+00
1.337617397308349609e+01 -2.378726959228515625e+00
-7.273991107940673828e+00 -3.907317638397216797e+00
1.258369541168212891e+01 -3.410056829452514648e+00
-4.672187805175781250e+00 5.999993801116943359e+00
-6.368217945098876953e+00 6.797851562500000000e+00
1.550548553466796875e+01 -5.414355754852294922e+00
1.019278526306152344e+01 -1.172166705131530762e+00
8.758622169494628906e+00 3.576108217239379883e-01
1.029572677612304688e+01 -2.495595932006835938e+00
-1.943454027175903320e+00 8.299220085144042969e+00
1.287315654754638672e+01 -3.062455654144287109e+00
-7.175325393676757812e+00 -5.448305130004882812e+00
7.545372962951660156e+00 -2.525515258312225342e-01
-3.601351022720336914e+00 4.211603641510009766e+00
-8.165100097656250000e+00 -4.753042221069335938e+00
-7.624735355377197266e+00 -3.875215053558349609e+00
-6.433571815490722656e+00 -3.551635980606079102e+00
1.294868659973144531e+01 -2.912857770919799805e+00
6.263382434844970703e+00 7.160181999206542969e-01
-9.533888816833496094e+00 -6.265048027038574219e+00
-1.659870266914367676e+00 7.431120872497558594e+00
-8.520127296447753906e+00 -3.911262512207031250e+00
8.388316154479980469e+00 -1.265985727310180664e+00
3.290461540222167969e+00 4.226150035858154297e+00
4.197487354278564453e+00 2.350662231445312500e+00
1.169380378723144531e+01 -2.002765417098999023e+00
1.219946193695068359e+01 -2.345269918441772461e+00
-6.626188755035400391e+00 -4.385339736938476562e+00
-1.145457029342651367e+00 9.484088897705078125e+00
1.221583080291748047e+01 -5.787270665168762207e-01
-9.019487380981445312e+00 -4.937780857086181641e+00
-8.148783683776855469e+00 -5.124482154846191406e+00
3.453141212463378906e+00 5.519062995910644531e+00
-3.617719709873199463e-01 7.995629787445068359e+00
2.864073991775512695e+00 3.806960344314575195e+00
2.591178655624389648e+00 4.978387355804443359e+00
-4.759218692779541016e+00 4.710757255554199219e+00
1.166186237335205078e+01 -1.112409591674804688e+00
-6.746181964874267578e+00 -4.831930637359619141e+00
-7.868500232696533203e+00 -3.215729951858520508e+00
-6.877202987670898438e+00 -4.422436237335205078e+00
1.319349479675292969e+01 -2.779077768325805664e+00
3.991207838058471680e+00 4.348550319671630859e+00
-3.780320167541503906e+00 9.096525192260742188e+00
-8.269353866577148438e+00 -3.038407087326049805e+00
1.095736122131347656e+01 -1.746851086616516113e+00
-6.017154216766357422e+00 4.608469009399414062e+00
6.504874706268310547e+00 4.964997291564941406e+00
-8.130629539489746094e+00 -2.462507247924804688e+00
-7.468537807464599609e+00 -2.532933235168457031e+00
6.130559921264648438e+00 1.372559666633605957e+00
-8.903992652893066406e+00 -3.845398664474487305e+00
1.738493156433105469e+01 -6.768721103668212891e+00
-7.486039638519287109e+00 4.047140598297119141e+00
-5.748746395111083984e+00 -3.746274948120117188e+00
1.120355319976806641e+01 -1.260070443153381348e+00
-6.030037879943847656e+00 -4.769701957702636719e+00
-5.621064662933349609e+00 -5.657663822174072266e+00
-8.501759529113769531e+00 -3.076087951660156250e+00
-8.221462249755859375e+00 -4.340528964996337891e+00
-3.796005487442016602e+00 2.959070205688476562e+00
1.083282756805419922e+01 -9.683432579040527344e-01
-7.464816570281982422e+00 -5.727304458618164062e+00
-2.366984605789184570e+00 8.132800102233886719e+00
-6.499951839447021484e+00 -1.209594845771789551e+00
5.160554409027099609e+00 3.117504358291625977e+00
2.635542869567871094e+00 2.960473775863647461e+00
-6.930686473846435547e+00 -3.962154388427734375e+00
9.538995742797851562e+00 -1.193150520324707031e+00
1.400742435455322266e+01 -4.959636688232421875e+00
1.033788204193115234e+01 -1.551599383354187012e+00
1.083703804016113281e+01 -3.568035125732421875e+00
-7.355542659759521484e+00 -3.800511121749877930e+00
1.192998027801513672e+01 -2.036566495895385742e+00
8.361030817031860352e-01 3.932817697525024414e+00
-7.391550064086914062e+00 4.626774311065673828e+00
-6.002394199371337891e+00 4.736226558685302734e+00
-6.806124210357666016e+00 -3.820718526840209961e+00
-5.464082717895507812e+00 4.595963001251220703e+00
-8.057758331298828125e+00 -3.758452892303466797e+00
-6.016295909881591797e+00 -1.369214653968811035e+00
-7.811712741851806641e+00 -1.590716987848281860e-01
-5.767845153808593750e+00 -5.070665836334228516e+00
-8.777782440185546875e+00 -3.361000299453735352e+00
7.367944717407226562e+00 6.000761687755584717e-02
-9.118423461914062500e+00 -5.596451282501220703e+00
1.242243671417236328e+01 -4.166533946990966797e+00
-8.806777954101562500e+00 -4.897284507751464844e+00
-1.178824234008789062e+01 2.631523370742797852e+00
-8.631704330444335938e+00 -3.307656526565551758e+00
-1.037559127807617188e+01 9.845768213272094727e-01
-6.008164882659912109e+00 -5.898293852806091309e-01
-8.375065803527832031e+00 -3.824295759201049805e+00
1.371211528778076172e+01 -3.060013294219970703e+00
1.475412464141845703e+01 -2.956628322601318359e+00
-7.863167285919189453e+00 -2.566403388977050781e+00
8.658375740051269531e+00 -1.026017546653747559e+00
1.354925251007080078e+01 -1.729102015495300293e+00
-8.204967498779296875e+00 -4.343143463134765625e+00
8.702908515930175781e+00 9.561134129762649536e-02
9.670862197875976562e+00 1.533282734453678131e-02
-1.655759453773498535e+00 7.272388458251953125e+00
-5.502957820892333984e+00 7.513397216796875000e+00
1.144348144531250000e+01 -2.460996389389038086e+00
-4.530774116516113281e+00 5.646167755126953125e+00
-4.975727558135986328e+00 9.456597328186035156e+00
3.317407608032226562e+00 6.160199165344238281e+00
-7.471865177154541016e+00 -4.732155799865722656e+00
8.485200881958007812e+00 -6.805188059806823730e-01
9.669148445129394531e+00 -1.148969054222106934e+00
-4.586277008056640625e+00 -3.773054361343383789e+00
-7.859498500823974609e+00 -9.242466688156127930e-01
-3.780435562133789062e+00 8.126811027526855469e+00
-8.053842544555664062e+00 -5.438401699066162109e+00
-8.183945655822753906e+00 -3.564000368118286133e+00
3.417414665222167969e+00 2.999563217163085938e+00
-7.416654586791992188e+00 -4.415653228759765625e+00
-6.424034595489501953e+00 -1.051136612892150879e+00
1.118607163429260254e+00 7.506816864013671875e+00
1.181844806671142578e+01 -9.271717816591262817e-02
-8.616913795471191406e+00 -4.830788612365722656e+00
1.161941146850585938e+01 -1.146824836730957031e+00
-6.876545906066894531e+00 3.680391073226928711e+00
1.483326816558837891e+01 -2.427969217300415039e+00
-2.014973640441894531e+00 1.111789417266845703e+01
-1.254541039466857910e+00 8.585262298583984375e+00
-6.563938140869140625e+00 -3.152204513549804688e+00
1.247881793975830078e+01 -2.591831445693969727e+00
-6.206023693084716797e+00 5.001097202301025391e+00
6.066074371337890625e+00 4.024017810821533203e+00
-8.124488830566406250e+00 -5.042238235473632812e+00
-6.419418811798095703e+00 -3.381442308425903320e+00
-4.917753219604492188e+00 4.420853137969970703e+00
1.236734008789062500e+01 -1.698227167129516602e+00
-6.048036575317382812e+00 2.602797985076904297e+00
-6.286451339721679688e+00 -6.054949283599853516e+00
-8.723878860473632812e+00 -3.504508972167968750e+00
8.819554328918457031e+00 7.018768787384033203e-01
9.318213462829589844e+00 3.651171207427978516e+00
-6.494799137115478516e+00 -6.297003269195556641e+00
1.139725399017333984e+01 -9.182552993297576904e-02
-7.280596733093261719e+00 -6.198366165161132812e+00
3.050481319427490234e+00 3.916803598403930664e+00
7.077315807342529297e+00 2.363058090209960938e+00
-5.910036087036132812e+00 -4.374786615371704102e-01
-7.113035678863525391e+00 -3.909116983413696289e+00
-8.233032226562500000e+00 2.698514699935913086e+00
-7.221131801605224609e+00 -5.776575565338134766e+00
-2.202441215515136719e+00 8.933551788330078125e+00
9.237604141235351562e+00 5.829020738601684570e-01
-7.682352066040039062e+00 -3.511673927307128906e+00
-4.827897071838378906e+00 -4.798092365264892578e+00
3.970055878162384033e-01 6.971171855926513672e+00
-2.036159276962280273e+00 7.950642108917236328e+00
-9.054838180541992188e+00 -4.999611377716064453e+00
-7.845667362213134766e+00 -4.316881656646728516e+00
-7.276912212371826172e+00 -1.525640726089477539e+00
-8.123917579650878906e+00 1.083476638793945312e+01
5.523058176040649414e-01 7.362737655639648438e+00
6.646115779876708984e+00 1.505812883377075195e+00
-8.031540870666503906e+00 -2.510442733764648438e+00
5.410472154617309570e-01 1.148450183868408203e+01
-6.098303318023681641e+00 -2.712078332901000977e+00
-6.844896793365478516e+00 -5.278594493865966797e+00
5.327408790588378906e+00 2.778891563415527344e+00
-8.113823890686035156e+00 4.462253093719482422e+00
1.216327953338623047e+01 -3.543738842010498047e+00
-5.752998352050781250e+00 -4.712405681610107422e+00
6.878324151039123535e-01 2.481324672698974609e+00
1.094188308715820312e+01 1.264740824699401855e+00
-6.006428241729736328e+00 -2.427599906921386719e+00
-6.151979446411132812e+00 3.819770097732543945e+00
-8.572040557861328125e+00 -5.208319187164306641e+00
-7.322040081024169922e+00 -4.128202915191650391e+00
6.732146143913269043e-01 9.448778152465820312e+00
-6.050778865814208984e+00 -3.889387845993041992e+00
-6.908704757690429688e+00 1.048002433776855469e+01
-7.838459491729736328e+00 -3.783657073974609375e+00
2.109624862670898438e+00 6.781363487243652344e+00
1.429580402374267578e+01 -3.156659364700317383e+00
-6.483213424682617188e+00 -5.623795986175537109e+00
1.211710166931152344e+01 -1.131887197494506836e+00
-5.756188392639160156e+00 1.939976215362548828e+00
1.112393498420715332e+00 7.657209873199462891e+00
-5.657733917236328125e+00 -2.646338462829589844e+00
-5.581691265106201172e+00 4.804242610931396484e+00
-6.000432491302490234e+00 3.701934099197387695e+00
-5.422048091888427734e+00 1.340579539537429810e-01
-6.729484558105468750e+00 -4.285649776458740234e+00
1.332274436950683594e+01 -3.209041833877563477e+00
8.051422834396362305e-01 4.745763301849365234e+00
-5.505233764648437500e+00 -6.282417476177215576e-02
-1.108241915702819824e+00 1.028216171264648438e+01
-4.235777258872985840e-01 7.466050624847412109e+00
-8.928226470947265625e+00 -2.432189464569091797e+00
1.354004859924316406e+01 -2.232820749282836914e+00
1.343823909759521484e+01 -2.957913398742675781e+00
-1.523908257484436035e+00 7.829587936401367188e+00
8.942955017089843750e+00 1.657931566238403320e+00
-7.070567131042480469e+00 -3.039046287536621094e+00
-9.501677513122558594e+00 -5.440411567687988281e+00
-8.469106674194335938e+00 -4.466559886932373047e+00
1.565129566192626953e+01 -3.504844903945922852e+00
-6.789385318756103516e+00 -4.810489177703857422e+00
1.116601371765136719e+01 -8.913357257843017578e-01
1.255057811737060547e+01 -2.803323507308959961e+00
1.264908123016357422e+01 -2.952448606491088867e+00
-7.493305206298828125e+00 -2.538048505783081055e+00
-5.766133069992065430e-01 1.140629673004150391e+01
1.603690910339355469e+01 -2.762850761413574219e+00
-8.257957458496093750e+00 -5.211771011352539062e+00
1.323487091064453125e+01 -3.475172758102416992e+00
-5.278610706329345703e+00 -3.839189291000366211e+00
-1.653586268424987793e+00 8.648963928222656250e+00
-5.309702396392822266e+00 1.549607634544372559e+00
-5.319834232330322266e+00 9.010221481323242188e+00
-8.496775627136230469e+00 1.631287813186645508e+00
-2.434002399444580078e+00 7.910852909088134766e+00
-8.306822776794433594e+00 3.611637830734252930e+00
-5.401326656341552734e+00 -1.915859699249267578e+00
-3.569726705551147461e+00 -6.535749435424804688e-01
-5.999211311340332031e+00 3.421345651149749756e-01
1.267307472229003906e+01 -1.928645133972167969e+00
-8.992051482200622559e-01 5.479120254516601562e+00
-7.368991374969482422e+00 -2.986545324325561523e+00
-4.002611160278320312e+00 8.086223602294921875e-01
-9.894955635070800781e+00 -6.113621234893798828e+00
8.659448623657226562e-01 1.065577697753906250e+01
-5.433552742004394531e+00 -7.960412502288818359e-01
-5.028996467590332031e+00 -3.588624238967895508e+00
-5.469704627990722656e+00 -3.616412162780761719e+00
-8.107116699218750000e+00 -4.724556922912597656e+00
1.229877185821533203e+01 -1.251361131668090820e+00
-2.705051898956298828e+00 9.729836463928222656e+00
-7.845636367797851562e+00 -4.903367519378662109e+00
-8.004720687866210938e+00 -3.922998189926147461e+00
1.147772789001464844e+01 -3.048895835876464844e+00
1.606710052490234375e+01 -2.729722023010253906e+00
-8.076448440551757812e+00 -4.037114620208740234e+00
-6.117126464843750000e+00 -5.383040428161621094e+00
-4.318148612976074219e+00 3.843700587749481201e-01
-7.990029335021972656e+00 -3.682918310165405273e+00
1.032850456237792969e+01 1.207706212997436523e+00
-4.925594329833984375e+00 6.151723861694335938e+00
-7.468499660491943359e+00 -4.143517017364501953e+00
-4.492036342620849609e+00 1.892407894134521484e+00
-6.590478897094726562e+00 1.588819026947021484e+00
-6.271947383880615234e+00 2.789450645446777344e+00
-5.211308956146240234e+00 6.903746128082275391e+00
4.633660316467285156e+00 2.623327493667602539e+00
1.240333461761474609e+01 -2.282064914703369141e+00
-1.322873830795288086e+00 1.233922576904296875e+01
-7.131075382232666016e+00 -6.118882656097412109e+00
2.429214954376220703e+00 4.540654659271240234e+00
-8.235487937927246094e-01 1.102696704864501953e+01
-6.163038730621337891e+00 6.145905494689941406e+00
1.977541446685791016e-01 1.066814899444580078e+01
-4.733126163482666016e+00 1.306838989257812500e+00
1.057751750946044922e+01 -7.495464682579040527e-01
1.135761737823486328e+01 -3.180427849292755127e-01
-6.627278804779052734e+00 6.832664012908935547e+00
1.306697010993957520e+00 5.880803108215332031e+00
-5.935592651367187500e+00 1.019639587402343750e+01
-3.223601341247558594e+00 9.457098007202148438e+00
9.163905143737792969e+00 6.198335811495780945e-02
-7.754937648773193359e+00 -5.296645164489746094e+00
-9.099704742431640625e+00 -4.725739479064941406e+00
-4.945739746093750000e+00 -3.878719091415405273e+00
-4.180033206939697266e+00 2.674940586090087891e+00
-4.420162677764892578e+00 2.378035068511962891e+00
-6.630707740783691406e+00 -4.420470237731933594e+00
-2.306749582290649414e+00 7.944390773773193359e+00
-8.953613281250000000e+00 -5.709144592285156250e+00
-4.321702957153320312e+00 3.432018041610717773e+00
-6.169149398803710938e+00 -4.244792461395263672e+00
-7.015440940856933594e+00 -4.910633087158203125e+00
-6.024011611938476562e+00 -2.024638414382934570e+00
6.114734172821044922e+00 3.026988744735717773e+00
-8.540200233459472656e+00 -3.679907798767089844e+00
-5.936694145202636719e+00 7.120077133178710938e+00
-3.187180459499359131e-01 1.057177829742431641e+01
-6.120839595794677734e+00 -3.364655971527099609e+00
5.381246566772460938e+00 3.321585178375244141e+00
1.341359043121337891e+01 -1.704107642173767090e+00
-2.164131879806518555e+00 9.100356101989746094e+00
-1.751969099044799805e+00 8.769987106323242188e+00
8.119959831237792969e+00 1.321631073951721191e+00
-3.182732582092285156e+00 8.307873725891113281e+00
-5.889136314392089844e+00 -5.624836921691894531e+00
1.377452909946441650e-01 7.459036350250244141e+00
6.823493003845214844e+00 7.389593720436096191e-01
-1.964889645576477051e+00 6.740275382995605469e+00
1.441947746276855469e+01 -2.564126968383789062e+00
1.380588626861572266e+01 -2.554824352264404297e+00
9.497712135314941406e+00 -5.625842809677124023e-01
-9.050486564636230469e+00 -4.911661624908447266e+00
-8.463315010070800781e+00 -5.748517513275146484e+00
-6.725823879241943359e+00 -8.461345434188842773e-01
1.384317493438720703e+01 -3.673069953918457031e+00
1.174811649322509766e+01 -2.067642688751220703e+00
2.463949441909790039e+00 5.077584743499755859e+00
-3.955446481704711914e+00 -2.973119497299194336e+00
8.141823768615722656e+00 -2.790614962577819824e-01
-6.447191238403320312e-01 7.497913360595703125e+00
-3.392230987548828125e+00 7.346132755279541016e+00
9.414061307907104492e-01 7.270634651184082031e+00
-7.983303546905517578e+00 -6.241153240203857422e+00
1.048469448089599609e+01 -8.627862930297851562e-01
8.001469612121582031e+00 1.888990402221679688e+00
8.937094211578369141e-01 5.353390693664550781e+00
-4.911943912506103516e+00 6.921600818634033203e+00
-4.092254638671875000e+00 1.066055202484130859e+01
-7.429719924926757812e+00 -6.123154640197753906e+00
-6.224553108215332031e+00 -3.885003328323364258e+00
-5.805949211120605469e+00 1.726842999458312988e+00
-7.834166526794433594e+00 -4.475367069244384766e+00
-7.610558986663818359e+00 -3.197931289672851562e+00
1.284460830688476562e+01 -3.140345811843872070e+00
-6.260050773620605469e+00 -4.444737911224365234e+00
-8.619130134582519531e+00 -2.819748640060424805e+00
-4.763736426830291748e-01 7.015532493591308594e+00
1.271665287017822266e+01 -1.762769937515258789e+00
1.152987670898437500e+01 -2.533192396163940430e+00
-8.897308349609375000e+00 5.870626449584960938e+00
-8.654132843017578125e+00 -4.147780895233154297e+00
-7.880524635314941406e+00 -4.289666175842285156e+00
3.375458955764770508e+00 4.430686950683593750e+00
-4.278522968292236328e+00 -3.710637092590332031e+00
-8.224453926086425781e+00 2.096672296524047852e+00
-8.132019996643066406e+00 -4.146237373352050781e+00
-8.059626579284667969e+00 -6.385367393493652344e+00
9.742822647094726562e+00 7.031206786632537842e-02
4.811440706253051758e-01 9.567882537841796875e+00
-5.538539409637451172e+00 -3.503273725509643555e+00
-7.879165172576904297e+00 -2.838083028793334961e+00
-6.413290977478027344e+00 -4.294655323028564453e+00
-7.084940910339355469e+00 -2.900785446166992188e+00
-8.126866340637207031e+00 -4.247223854064941406e+00
3.443893909454345703e+00 4.500851631164550781e+00
-8.664223670959472656e+00 -4.255428791046142578e+00
-6.309782028198242188e+00 6.809166908264160156e+00
1.109960651397705078e+01 -1.717537045478820801e-01
1.544623732566833496e+00 6.559196949005126953e+00
-3.998735547065734863e-01 1.032191753387451172e+01
-5.397910594940185547e+00 1.203433156013488770e+00
-4.443157672882080078e+00 -5.604890584945678711e-01
4.642109394073486328e+00 5.039475917816162109e+00
-6.774503231048583984e+00 -2.851852416992187500e+00
-7.074775695800781250e+00 -2.600366353988647461e+00
-7.666726112365722656e-01 8.465565681457519531e+00
8.366016387939453125e+00 -2.200887680053710938e+00
-1.375851750373840332e+00 7.240524291992187500e+00
1.615100264549255371e+00 7.952498435974121094e+00
-6.244189262390136719e+00 -7.837309837341308594e-01
-4.818837165832519531e+00 -1.400671005249023438e+00
7.733734607696533203e+00 3.301743268966674805e+00
-7.431129932403564453e+00 3.376768112182617188e+00
-8.734633922576904297e-01 6.978983402252197266e+00
-5.337604522705078125e+00 1.592398047447204590e+00
1.100688171386718750e+01 -2.732060849666595459e-01
-9.731707572937011719e+00 3.011521577835083008e+00
-7.841899394989013672e+00 -4.616662025451660156e+00
-6.824195384979248047e+00 -1.048762440681457520e+00
6.667836666107177734e+00 2.266600370407104492e+00
-7.261690139770507812e+00 5.131536960601806641e+00
5.567923069000244141e+00 3.215781211853027344e+00
1.277450561523437500e+01 -2.759734392166137695e+00
-4.381741523742675781e+00 -1.525620698928833008e+00
-8.154328346252441406e+00 -3.787791252136230469e+00
-9.872620582580566406e+00 -3.920519113540649414e+00
3.270253896713256836e+00 8.407761573791503906e+00
-6.906888961791992188e+00 7.597833156585693359e+00
-7.110716342926025391e+00 3.746197462081909180e+00
-8.146289825439453125e+00 -5.944089412689208984e+00
-7.663317203521728516e+00 -5.576395034790039062e+00
3.971711874008178711e+00 4.394770622253417969e+00
-1.883699536323547363e+00 6.842742919921875000e+00
1.011412048339843750e+01 -1.215786933898925781e+00
-2.806934595108032227e+00 9.405301094055175781e+00
6.846302509307861328e+00 3.512679100036621094e+00
-6.210630416870117188e+00 7.848445892333984375e+00
-6.460601329803466797e+00 -5.942602634429931641e+00
-8.761045455932617188e+00 -4.294560432434082031e+00
-6.035853385925292969e+00 -3.346697568893432617e+00
1.311722087860107422e+01 -2.575348615646362305e+00
1.419869995117187500e+01 -4.395786285400390625e+00
-6.058447360992431641e+00 -3.974338293075561523e+00
-2.805784940719604492e+00 7.738097190856933594e+00
-4.874484062194824219e+00 1.239968204498291016e+01
-3.378499269485473633e+00 8.052553176879882812e+00
-5.133692741394042969e+00 2.158207893371582031e+00
-7.265938758850097656e+00 -3.191422462463378906e+00
8.765280723571777344e+00 1.638025283813476562e+00
1.056835651397705078e+00 6.983755588531494141e+00
-6.764778137207031250e+00 -4.229514598846435547e+00
-8.220796585083007812e+00 -4.621325016021728516e+00
-6.456467151641845703e+00 -5.199362277984619141e+00
-1.789551138877868652e+00 6.299972534179687500e+00
-6.108112812042236328e+00 -1.077105283737182617e+00
-1.742608308792114258e+00 7.988256454467773438e+00
-8.053882598876953125e+00 -2.167199134826660156e+00
-1.502380013465881348e+00 6.929158687591552734e+00
-6.801210403442382812e+00 2.736761331558227539e+00
6.907807350158691406e+00 2.332993507385253906e+00
-7.577737331390380859e+00 4.484427452087402344e+00
1.074310779571533203e+01 -3.989009141921997070e+00
-7.808580398559570312e+00 -3.188419818878173828e+00
-7.299997329711914062e+00 -4.748824119567871094e+00
-7.011073112487792969e+00 -3.787292718887329102e+00
5.978649139404296875e+00 2.041937112808227539e+00
-6.175478100776672363e-01 4.982642173767089844e+00
-5.695285797119140625e+00 -7.297759652137756348e-01
5.349211692810058594e-01 7.065670490264892578e+00
-7.467440128326416016e+00 -2.741011142730712891e+00
1.771245837211608887e+00 9.448918342590332031e+00
-6.162333011627197266e+00 3.343317747116088867e+00
1.304347801208496094e+01 -3.521397829055786133e+00
-6.017862319946289062e+00 -3.415788888931274414e+00
-7.765676975250244141e+00 -3.605420112609863281e+00
-8.044948577880859375e+00 -5.260725021362304688e+00
-7.045612335205078125e+00 -9.945840239524841309e-01
-6.967581272125244141e+00 -4.116904735565185547e+00
-6.992901802062988281e+00 -3.812868118286132812e+00
5.538610935211181641e+00 2.190066099166870117e+00
1.428362751007080078e+01 -3.063866615295410156e+00
-5.810656547546386719e+00 1.873842477798461914e+00
-7.387984752655029297e+00 -6.320205211639404297e+00
-2.975281238555908203e+00 6.134149074554443359e+00
-9.233196258544921875e+00 4.177404880523681641e+00
-5.974354267120361328e+00 -2.240268468856811523e+00
-6.054122924804687500e+00 2.673330783843994141e+00
5.486164569854736328e+00 1.499684453010559082e+00
-7.575719356536865234e+00 -3.713886737823486328e+00
-6.932594299316406250e+00 -4.857648372650146484e+00
-5.641239643096923828e+00 6.269596099853515625e+00
-7.958737850189208984e+00 -2.892408370971679688e+00
-7.408027648925781250e+00 -1.744180768728256226e-01
-6.646692752838134766e+00 -4.897229671478271484e+00
-7.972712039947509766e+00 -3.759658098220825195e+00
-8.142582893371582031e+00 -4.530390739440917969e+00
-4.327704429626464844e+00 3.733783960342407227e+00
-8.498762130737304688e+00 -4.709698677062988281e+00
-9.165328979492187500e+00 -4.072852134704589844e+00
3.919622421264648438e+00 3.865379810333251953e+00
1.169173717498779297e+01 -5.923061966896057129e-01
-7.433312892913818359e+00 -6.225960731506347656e+00
1.929417371749877930e+00 6.117113590240478516e+00
-2.110917568206787109e+00 1.199617195129394531e+01
-8.931213378906250000e+00 9.950520515441894531e+00
2.294579982757568359e+00 3.810698509216308594e+00
-6.811472892761230469e+00 -3.797353029251098633e+00
1.093721866607666016e+01 -1.741093397140502930e+00
-9.345620155334472656e+00 1.741238117218017578e+00
6.296461820602416992e-02 8.816213607788085938e+00
-4.677540302276611328e+00 -1.349842548370361328e-01
1.072617912292480469e+01 -7.786782383918762207e-01
-7.428842067718505859e+00 -4.617878437042236328e+00
-7.467309474945068359e+00 -5.673414707183837891e+00
-1.077332139015197754e+00 1.079414463043212891e+01
-6.514362335205078125e+00 -1.259937286376953125e+00
-5.785332918167114258e-01 9.650842666625976562e+00
-3.713060140609741211e+00 3.904709100723266602e+00
-5.889742851257324219e+00 1.402783513069152832e+00
-7.541545391082763672e+00 -2.761067867279052734e+00
-8.270333290100097656e+00 -5.474483489990234375e+00
1.120569038391113281e+01 -2.197286128997802734e+00
-8.211925506591796875e+00 -5.778028488159179688e+00
-2.380668878555297852e+00 9.061738967895507812e+00
-7.381049156188964844e+00 -2.369737863540649414e+00
1.289410972595214844e+01 -2.008818387985229492e+00
