8.915614210622673256e-04 -8.879703518735874643e-03 6.070220664461656573e-04
-2.085246878178715485e-02 2.550408892362257540e-03 1.250978386721659933e-03
3.513296216022702978e-02 8.526871657326939510e-03 -1.437169307260690925e-03
-1.883418914881489215e-02 9.648710891168986057e-04 -3.204713171088746562e-03
3.744541033603683566e-02 1.079643826386669433e-02 -9.399731071849869949e-04
-1.388073803596465323e-02 -3.051806495224211688e-03 -7.278803269126940491e-05
1.306428794547855390e-02 -7.586356564250606137e-03 -9.418663533307114206e-05
8.117523798196421905e-03 -8.202552820532850106e-03 1.954321578106028075e-03
7.895253453501342028e-03 -8.787601782676717627e-03 1.844700876823350804e-04
3.649190164715408052e-02 1.007264529810283221e-02 1.933626171153975571e-04
2.002777655911241322e-02 -4.104414514357579771e-03 -6.673304480059744906e-04
-1.471820038578364707e-02 -2.660585768924275847e-03 -1.438383956151432011e-03
-1.834481882363479116e-02 5.307445039849978180e-04 1.454427545624734737e-03
-1.782408477560828292e-02 8.569786545203699705e-05 1.441530373386519081e-03
3.079045983117861124e-02 4.298396647527679380e-03 -1.668566099845571443e-04
-7.508789810139890157e-03 -5.485965659701256061e-03 -1.139903284281630624e-03
2.888254982262473958e-02 2.503000807190041820e-03 -6.032921999325923561e-04
3.142528813060590370e-02 4.710364131685635357e-03 -2.779772617265724335e-04
3.528052270686794778e-02 8.578867092532610483e-03 -9.296735883339230031e-05
-7.816308393534421306e-03 -4.550315496103569772e-03 4.683933277701341456e-03
6.163679521724599319e-03 -9.176138747627980707e-03 1.726079328247129502e-04
-1.574718475274193216e-02 -1.712108026562878579e-03 4.243759498192225155e-04
-3.970581292335396278e-03 -7.657461970649000367e-03 6.446789542250589778e-04
-1.386425022348814450e-02 -3.266085031923385545e-03 1.632471861006050504e-04
-1.748147304903357666e-02 -3.201125374653015403e-04 2.817594397624342286e-04
-2.121987674388964989e-02 3.123162424678741465e-03 -3.791219246760731826e-03
2.260640628607115885e-02 -2.350365677162847590e-03 1.203891678601757534e-04
-1.353493240623774088e-02 -3.202776042387085655e-03 3.710308603092021904e-04
-1.696324602277261145e-02 -7.856032451834754713e-04 -1.776827109185310670e-03
2.570412188207013907e-02 1.221195544943219496e-05 -5.781008394737000922e-04
3.026245612067735360e-02 3.652505687717073728e-03 -6.754238528757165305e-04
2.178144064129765647e-02 -2.910602640386231437e-03 -7.631181605489629257e-04
1.090391999276927801e-02 -8.131499049865341389e-03 1.349222133938037871e-04
1.774209995835640194e-02 -5.530440010435469511e-03 -1.986276316972619574e-04
-1.864146173491574091e-02 9.970263386640059421e-04 2.173676874447364599e-03
4.768071767605149003e-02 2.491060814202060089e-02 -9.388497036935747201e-04
3.896818478453144274e-02 1.249911053973763383e-02 -1.337131681724695008e-03
9.871464170960481815e-03 -8.578665731488421126e-03 -1.121622919555048849e-04
-1.955943677505508210e-02 1.692745941740087011e-03 -3.280256091246381168e-03
1.976416453574033824e-02 -4.171681032803136943e-03 1.096296766088294332e-04
2.918564228988386119e-02 2.963109245957910951e-03 -2.700505546690799038e-04
-1.908234991841635184e-02 1.415211090999721416e-03 2.021567060130527015e-03
-1.792657353494052364e-02 1.501018966336049604e-04 2.651478321139714728e-03
-1.385616231110420489e-02 -3.231944090834734749e-03 1.089364753893263084e-04
3.785659793189676686e-02 1.127117232727539199e-02 -1.317896361577029210e-03
-2.228780463992902083e-02 4.238335412959915588e-03 2.577106249569869559e-03
1.690256309584366873e-02 -5.699086634054107738e-03 -2.433721933072394107e-04
2.445152847009712110e-02 -8.738173274151343241e-04 1.247872862635605277e-04
-1.165994041364826900e-02 -3.873032481582552259e-03 5.683451445609776029e-04
3.071344527540963501e-02 4.148447384286942964e-03 4.315536977002716818e-05
-1.675270554266135650e-02 -7.303717269487427968e-04 1.692630419446612515e-03
-1.892859974436367568e-02 9.077341263047959338e-04 -2.549431407008327655e-03
1.251777210178830688e-02 -7.832292322360141432e-03 8.116629696275736491e-05
-2.449341018304549561e-02 2.248184611699126367e-02 -7.374905457978829515e-03
2.820236938273391544e-02 1.889227697185831252e-03 1.129505224591700782e-04
2.395172801043629965e-02 -1.469522338529015816e-03 -1.333674665555020219e-05
1.972793530077562169e-02 -4.213576187717697416e-03 5.315158605763227370e-05
-2.032574713344966616e-02 2.331824522005409520e-03 1.708733921457685802e-03
3.564646936914415976e-02 8.990693432245533759e-03 -1.393330133048315228e-04
-2.113687622979868938e-02 3.165363255103088424e-03 2.372546112469925417e-03
3.585109995780825370e-02 9.320627611434923257e-03 -1.912192580068505762e-06
-2.446049903288302282e-02 6.595865193413724507e-03 3.233698649275859767e-03
-2.136441139586814017e-02 3.317019247318613116e-03 2.307318830453326808e-03
-2.276101549089906348e-02 4.620533079252395897e-03 2.259972573514745526e-03
1.097002422598197238e-03 -9.208991791183510772e-03 5.628224281051181273e-04
1.043639236917315999e-02 -8.438196687562541862e-03 -3.490856585543952164e-04
-1.886857888724058894e-04 -8.899987419204360289e-03 5.918611049425834356e-04
-1.928512171001410536e-02 1.541531184036638641e-03 2.330541639660386501e-03
-1.168575127944438893e-02 -4.653169274645831653e-03 8.108678566401684556e-06
1.300093607171831471e-03 -9.069996756510696409e-03 -2.144566896093202803e-06
8.885505566251823348e-03 -8.726063773838775225e-03 3.702118228880490526e-04
1.089396871844057479e-02 -8.258856108292427292e-03 2.439569603354208385e-04
-1.878746165351860564e-02 1.295368002426724487e-03 -3.743779937070677161e-03
2.397305731872065651e-02 -1.376188467242201504e-03 -2.095394195560541925e-04
-2.091527373642197360e-02 3.911049535066830028e-03 -5.841254620671492218e-03
-2.252955712858405526e-02 5.076468901041572730e-03 -5.598492857354926688e-03
2.571738403488472297e-02 -1.765135956644015068e-05 -7.298950280303001309e-04
3.012331875117499336e-02 3.884270398679408494e-03 2.215844202723275033e-04
2.453820679335760521e-02 -9.075549183716734997e-04 2.099241222810424199e-04
-2.039505308877698903e-02 2.434778424639981887e-03 2.342396176687894412e-03
-1.304120025418491896e-02 -3.300284053683964942e-03 6.388327059687763697e-04
-1.371864700474609636e-02 -3.118750578479331272e-03 7.437118620578922826e-04
-1.774032123599196542e-02 -7.214543139586028573e-05 -2.295128012517668771e-03
1.564579291898158045e-02 -6.276123794452710854e-03 4.241481914009125401e-04
3.148381937026415020e-04 -8.810766942487486750e-03 4.448782404363011366e-04
1.254487895012401525e-03 -9.179275806329966966e-03 6.029096767755865241e-04
1.898075908439602472e-02 -4.759168079591759651e-03 5.940648509184823462e-05
5.187986415476202387e-03 -9.215059749146882820e-03 3.917675055862796071e-04
3.559727766196476434e-02 9.179529760111259165e-03 -3.611444739654303088e-04
4.815668319289188350e-03 -9.138764746796916583e-03 3.120246033767867187e-05
-1.328347154620144674e-02 -3.345597373712268664e-03 8.477339355243988708e-04
2.800195337063568143e-02 1.813473875108776584e-03 3.180567368916548923e-04
-8.854981673222338603e-03 -5.591769575415105227e-03 -6.783492948587508255e-05
3.729680183620930935e-03 -9.444337217220459199e-03 -2.052198704565861862e-05
2.119416902148821627e-03 -9.230179588169806076e-03 3.729824674072752116e-05
-1.991177789451553312e-02 1.818788763165087334e-03 1.166916825068084647e-03
-2.072050044016750248e-02 2.437675250756005628e-03 5.941805210869915152e-04
-1.911348922580343238e-02 1.427621285245158451e-03 2.301637390096292982e-03
2.650086263174885812e-02 7.116770033202977821e-04 2.902690620382654299e-04
3.326557502257205395e-02 6.615769529141952987e-03 -1.148677350616681163e-03
-2.244482890956395194e-02 4.298718221499267696e-03 2.343065745746707087e-03
4.521322997594375004e-02 2.077528568874844120e-02 -7.208791667895631796e-04
-2.198944191957679511e-02 3.745711259124891342e-03 2.033599147006133478e-03
-2.177133814998903627e-02 3.529637036661656315e-03 1.856268261410775732e-03
2.605817770167818265e-02 1.805199493048656977e-04 3.383864058880371923e-04
5.066443618952484219e-03 -9.415874575678030711e-03 3.920982911540845241e-04
3.151062750143407420e-02 5.061056855963317128e-03 4.230441737056952513e-04
6.728391312471156821e-03 -9.149683343134077176e-03 3.515230035009998528e-04
2.913154042398801227e-02 2.710630887603840151e-03 -3.350162578446046549e-04
-1.862923516657348857e-02 7.899804174467358383e-04 1.494766846829627491e-03
-1.898716560884878418e-02 1.384517366350229055e-03 2.563364177044605372e-03
3.738052911823937230e-02 1.097678700230389146e-02 2.809084147555889919e-04
2.052988665290096236e-04 -9.008392920535020221e-03 6.229419837711635015e-04
2.700632224345316662e-02 9.213543163264693468e-04 -3.771622482913022912e-04
-9.400004552700031574e-03 -5.400867787445209900e-03 6.892028026513375176e-04
-2.500437133834149811e-04 -9.084619931831169892e-03 -7.071730332290036689e-06
3.047862079217156239e-02 3.941800515016255849e-03 4.411025849743819286e-05
-2.074828970270999745e-02 3.319214529390390918e-03 -5.041060446545725729e-03
-2.588033056295907866e-02 3.020349163221502237e-02 1.004247582332272806e-02
-1.669354003917017729e-02 -9.075824913058263025e-04 9.518794323527985128e-04
1.370952710147069209e-02 -7.459947525753003392e-03 -1.855042684406957700e-04
8.876070205390872506e-03 -8.792721256384425713e-03 2.093165081796947221e-04
2.957999136317028543e-02 3.139356582889791820e-03 5.083917400323698750e-04
2.201623303592003048e-02 -2.601885288498325885e-03 2.683517812471477096e-04
2.690992314891228754e-02 8.920891276781106952e-04 2.564425752753725948e-04
2.844966360522113019e-02 2.233445210205836813e-03 1.564430332620673960e-04
1.859912503356740340e-02 -5.040967790788533978e-03 5.014694587379145635e-04
-2.171784492994364296e-02 3.713211714434901979e-03 2.616109820441780195e-03
1.439613689599089814e-02 -6.819805244149129697e-03 5.312691380988567030e-05
-1.986782455440243983e-02 1.833199103326870914e-03 1.617597574209136534e-03
1.417293312762600392e-02 -7.229768184297267683e-03 1.033565401716049194e-04
3.118466863272795556e-02 4.646172256037618686e-03 1.407190233404512409e-04
-2.079231867935800795e-02 2.974719632022647560e-03 -4.699154484520917836e-03
3.917186985494119922e-02 1.271637253613172071e-02 -4.220246773999131911e-04
-1.829020811900952670e-02 3.831389157532768554e-04 1.238361232996289469e-03
-1.933762232852065041e-02 1.331537648495418648e-03 -3.391581632934277755e-03
3.109125813792124049e-02 4.550735979090291677e-03 3.683181413052294731e-04
3.613757378491395250e-02 9.477498954112232796e-03 -6.645626563642980343e-04
1.946268075293079367e-02 -4.477058698498179341e-03 -1.991561371055538816e-04
-1.935471964537954087e-02 1.396975713111680119e-03 1.648480083226728371e-03
2.467296596273732892e-02 -6.518001887793582619e-04 5.051028346047950002e-04
-2.556987502038598342e-02 1.093861286658209461e-02 -9.043965406791301329e-03
-1.985948712052451604e-02 1.938181722318812810e-03 1.964011770882068131e-03
-1.769393632918826384e-02 -1.888435588982337993e-04 7.254111836475165978e-04
-2.448521991272587656e-02 6.687377443791026922e-03 3.692770145588493685e-03
2.743327667980805309e-02 1.347090284286986970e-03 -2.592812068230799702e-04
-1.795295984415771692e-02 1.964216417837841386e-04 9.668686164701841045e-04
7.981006179804807452e-04 -9.057716839856573554e-03 4.496813401927838888e-04
-1.258050812637375934e-02 -3.761856173122369359e-03 5.610765272783964884e-04
-1.798949127481168711e-02 5.341347216496462961e-05 1.312995093456522755e-04
1.040497413408884159e-02 -8.404082307322230383e-03 5.056140809206978101e-04
-1.267930718980605706e-02 -3.653177255867599317e-03 2.705521751389580449e-04
-1.947963761124235638e-02 1.569184347284105713e-03 -3.017357744552012951e-03
-2.081604129294685121e-02 2.596037797710232763e-03 1.582019237439540081e-03
-2.142883322206863561e-02 4.078282814290521210e-03 -5.475253457311374770e-03
-1.560524055809126877e-02 -1.596054896310704872e-03 1.401768385741136366e-03
-6.276838385809840534e-03 -7.035488586410010292e-03 1.527525518502777723e-04
5.344457095017922724e-03 -9.148595730778457530e-03 3.273633568293096469e-04
-2.098577464711251506e-02 2.889663295802911026e-03 -3.655543110080235972e-03
1.749073396505579706e-02 -5.503669082724294524e-03 5.630894911567657733e-04
-1.931849768364099496e-02 1.609778826621221202e-03 -3.616818638773037446e-03
-1.634086005977601272e-02 -1.338017109431634049e-03 -6.177785756576456089e-04
-1.696622961343051406e-02 -6.791555340015933495e-04 1.115339073913324810e-03
-2.181762013428433997e-02 4.547603198288461927e-03 -5.716709678571066898e-03
-4.335832609288760254e-04 -8.616084026407814719e-03 1.174861434244093509e-03
6.984712682252560128e-04 -8.616651638496439225e-03 -1.042001178822677613e-04
-1.782874684233207510e-02 1.663948212559998845e-04 1.348040862456414881e-03
-2.110911093056373842e-03 -8.229954348100891257e-03 6.873150670620331202e-05
2.689802827993929141e-02 9.298465644773754469e-04 2.141250338707258996e-04
-2.213581061301718098e-02 4.094774115735431465e-03 2.621946292707989790e-03
-1.991563755189697943e-02 1.760213039690322265e-03 1.322580816755849868e-03
1.674750982598630783e-02 -5.923368365146675085e-03 2.576241335292609163e-04
7.265816572713696374e-03 -8.981842715963847534e-03 3.606397854863103276e-04
-1.501143619125545371e-02 -2.342836617800007383e-03 2.118709237142074348e-04
-1.608196094518448555e-02 -1.516421811142217848e-03 -9.561421171927771785e-04
-6.816821089642116464e-03 -6.598630872172881086e-03 1.354044261002740248e-03
1.509317817323427291e-03 -9.058034965412974787e-03 4.758325451343571231e-04
1.161192604697359326e-02 -8.040274390719203551e-03 2.904052266694195981e-04
-1.884580317392658272e-02 9.122168384024299283e-04 1.254876731301216020e-03
3.424211250359558006e-02 7.486016980385288427e-03 -8.585514457658603542e-04
8.035992395872541827e-03 -8.780742706692998625e-03 2.853512273185255339e-04
-1.775908960493630118e-02 -1.304846925526718872e-04 1.996536137114642104e-04
2.336372620902900377e-02 -1.727706581095529194e-03 3.251689773428733808e-04
-2.072443067537901168e-02 2.513140028063163851e-03 1.457558853869255107e-03
-2.140804681542529328e-02 3.004123151888288441e-03 -1.135155067564492734e-03
-6.614607182421704257e-03 -7.046855174366176318e-03 2.518130044581495981e-04
3.525539453309489007e-02 8.470775541185273511e-03 -1.549458204953365237e-04
-1.756025267011041696e-02 -4.119844188531146317e-04 -8.854628915749002257e-04
-9.220236597662842537e-03 -3.927301737030949522e-03 -6.262780738373036451e-04
-1.365877555841886644e-02 -3.176528731414900945e-03 6.831945550399067544e-04
3.648724099180144370e-02 9.938146964913475642e-03 -1.442916429884773862e-03
3.095057674910748832e-03 -9.034211485747047077e-03 3.005962651080074121e-04
-1.867902228790891891e-02 1.285197147964426160e-03 -3.465729369273979742e-03
-2.011978468675492543e-02 1.827740966783024737e-03 -1.842729177361394867e-03
-2.142420997359558918e-02 3.349561567752980078e-03 2.227711362966588917e-03
1.116063972717178283e-02 -8.177001097722838216e-03 3.210214547985960291e-04
2.710692758721131371e-02 1.079043408130255953e-03 -6.836576631546975548e-04
-1.989431316069021488e-02 1.775421064687141177e-03 1.957015450695216707e-03
-1.132825096375766893e-02 -4.964346416014618277e-03 -3.486686434706548553e-04
-1.107691127375024821e-02 -4.272289445017152763e-03 7.721560219913596590e-04
-3.764414536996843908e-03 -7.619533449566208427e-03 3.118070187551086228e-04
7.025659697297424733e-03 -9.010785450858416895e-03 2.758387915824889397e-04
3.086765721567390902e-02 4.279824784364977264e-03 1.312586834901602578e-04
3.247603302683930993e-02 6.019299894398312013e-03 -1.160354865521563651e-03
3.665192568834080983e-02 1.009629233126602132e-02 -1.158791456819290022e-03
-2.163668537940413930e-02 3.094130313004639626e-03 2.390908746973315904e-04
1.191688704948988889e-02 -8.030820172275038998e-03 -4.491987928800760931e-04
2.514989790345464535e-02 -5.696466324965925769e-04 -2.212468075080960099e-04
1.597386436998020701e-02 -6.437321871290036836e-03 -1.330369054773956775e-04
5.460490789037470045e-03 -8.781632684051340898e-03 1.963365754941483470e-04
2.666768764941843811e-02 6.724655250800351362e-04 8.278354434624747679e-05
2.829836357081082915e-02 2.074602585656987359e-03 2.596256581230134788e-04
-1.936692097420195796e-02 1.078395951221425200e-03 -5.219041007650540792e-04
2.765185345166011957e-02 1.701876758542044451e-03 -8.068063868672081633e-04
-1.869548796636826341e-02 8.187254444319343617e-04 1.803350013032134513e-04
-1.937911745859203366e-02 1.440759056893888479e-03 1.625086876009722205e-03
3.396937388797262661e-03 -9.283505978812724505e-03 1.774272533259160919e-04
-2.007652387114181383e-02 2.246927461326727812e-03 -3.695637683047166451e-03
1.624741410816892689e-02 -6.063210906060300873e-03 1.201332844544677624e-04
2.376471913525295132e-02 -1.589834079797744840e-03 -8.824290353037355251e-05
-1.208031181934295789e-02 -4.007680460657436251e-03 -1.575697481095409205e-03
-1.977218657811378316e-02 1.476427057969402273e-03 -3.062875659263319234e-04
3.409586886137900424e-02 7.436160791601152502e-03 -1.235961684298202351e-03
-1.929781724445767815e-02 1.058703264929648996e-03 -1.662319082221098629e-03
-2.015552350710924159e-02 2.307992708418437657e-03 2.236597549524027301e-03
1.682220003919088214e-02 -5.860851141295785223e-03 -2.600213253858631472e-04
-1.850172828941782505e-02 7.325199480341195758e-04 -2.788299796532156798e-03
-2.172980306319307817e-02 4.135305017862335453e-03 -5.157986867898558397e-03
-2.474828597506224109e-02 6.943812035665531887e-03 3.409882253995437460e-03
-1.586854982038212944e-02 -1.249807523075049769e-03 8.103448022440202982e-05
2.238265304391360080e-02 -2.515771375644002862e-03 -2.017868224523659728e-04
1.740014634419129527e-02 -5.738866265739920106e-03 1.398631666623772845e-04
-1.767229737395062741e-02 -5.620839844151967436e-05 1.148417792407893960e-03
2.467581314121140845e-02 -9.235096342281841689e-04 1.752447724061501126e-05
4.694345082445959723e-03 -9.319659919804521714e-03 4.576949460826532177e-04
-2.602162839137564174e-02 1.111587698064382158e-02 -8.888759848182719789e-03
-2.219227465284789869e-02 4.048214893036438701e-03 2.124118033982197624e-03
3.537191355618948818e-02 8.876371993450232756e-03 -3.057946625657772741e-04
-1.660574842447258906e-02 -1.169089981657536184e-03 -1.930308057840123253e-03
-1.773037136827256693e-02 -2.636845763019166479e-05 3.218717945328765525e-04
1.314965894369806571e-02 -7.693136952792199029e-03 6.442071139988837585e-05
2.947234082847877135e-02 2.922398834358658649e-03 -5.736379316617807060e-04
5.507160383943915383e-03 -9.164818512096968919e-03 1.701145466028073326e-04
-1.847371112991055137e-02 7.719203642340829400e-04 1.744450007393553038e-03
1.597174146795334732e-02 -6.201911440317096208e-03 -5.418203001733127872e-04
-2.081474258728668522e-02 2.861385503005471620e-03 -3.830159996714494440e-03
-2.480667683806801402e-02 7.207689836395881136e-03 4.397134187168801750e-03
-1.941193711270359709e-02 1.166297589192619773e-03 -1.989575306223949781e-03
5.822156440818647416e-03 -9.210663999127169030e-03 2.561625652876831365e-05
-1.792577239546346360e-02 3.177814805342017300e-04 1.802458855083895672e-03
-1.798879740752763398e-02 7.383954112589012631e-04 -2.424411195744876485e-03
-2.319269785447478083e-02 5.075198405325781134e-03 2.714564323267990107e-03
2.889052267654509260e-02 2.992349168893131302e-03 -1.275095399487880671e-03
2.784499649657726228e-02 1.677355352018459252e-03 3.487221550997838594e-04
2.874107549626552308e-02 2.408799977382454580e-03 -1.110559324025869697e-04
-1.818059323448474596e-02 1.088292635476192591e-04 -9.215958438269685740e-04
4.150073868662187970e-02 1.582432222824489351e-02 -3.627940477958396023e-04
-1.357346948053866909e-02 -3.504867529319036570e-03 -7.487807728299595298e-04
3.087571291137460733e-02 4.343951344811742936e-03 1.994985145936461709e-04
1.827104034973422303e-02 -5.166077541912322130e-03 -1.417164659160079871e-04
-1.531650057108919875e-02 -2.051753826572455790e-03 5.894622618106370960e-04
-7.785678071228287894e-03 -6.319811601451233267e-03 2.317510838099589297e-04
2.668028583770078177e-02 7.007023043786163741e-04 4.031933947662926128e-04
-1.506261913194982364e-02 -1.881787955095905141e-03 1.225687759122663428e-03
1.493143860589619953e-02 -6.816007815415517021e-03 3.536535199889020856e-04
-2.231760044198491735e-02 4.241051600654605069e-03 2.730484456982128823e-03
2.521235009355163662e-02 -4.448686780793053891e-04 -7.683591289685558125e-04
-1.382295654423360692e-02 -2.815940098000527247e-03 8.426753722433768341e-04
-2.188459883986885665e-02 4.088405908992048983e-03 -4.710823211872912711e-03
2.923540008969018750e-02 2.834679742532648320e-03 3.287856629076102107e-04
-1.437769168620902337e-02 -2.512496718671304672e-03 8.480613452948492425e-04
1.304425783936812890e-02 -7.728013841426407439e-03 2.541587649081763372e-04
1.688294270188395174e-02 -5.874946118926459640e-03 3.790052353115828487e-04
2.906521910090874294e-02 2.741608438771203811e-03 4.050917227009602213e-04
-1.640832806075878322e-02 -1.236752049826206562e-03 6.480648176011477623e-04
-1.890871457035147793e-02 1.030651926843333469e-03 1.893784587718857441e-03
3.132843725562468873e-02 4.749405068515162240e-03 1.491513305933867678e-04
-1.797979970289891385e-02 1.443005066692489935e-04 1.077161084536240728e-03
-2.092052907442683296e-02 3.083401577838981462e-03 -4.390465071329051686e-03
-8.482693361706015317e-03 -6.215942961907382214e-03 -4.807781212129296779e-04
-1.923281886141087887e-02 1.225899259762487040e-03 1.560812004057422764e-03
-1.863159485438831142e-02 7.604857557084385156e-04 1.562455951765218424e-03
3.100241293678685645e-02 4.375701897081937450e-03 -7.204231075735214717e-04
-2.266133688802291629e-02 4.675215097711065727e-03 2.661963422154882061e-03
-1.780713416259502302e-02 2.355168712212413759e-04 1.944497246250241661e-03
-1.513619918977829326e-02 -2.240271957495792998e-03 2.503658309066135934e-04
9.352243014555184850e-03 -8.515705840555413617e-03 4.311875493770905084e-04
-1.008590527782659077e-02 -5.335666080447566337e-03 5.476264262523724332e-04
-2.052639609507440552e-02 2.585408932428778263e-03 2.310217199115950550e-03
1.889631270461581553e-02 -4.587942396787550101e-03 1.643559006918305883e-04
-2.132920200563244092e-02 3.024948851971112542e-03 1.276843723863113275e-03
-2.654081637160598042e-02 3.547287153436486790e-02 1.082004350404579783e-02
2.135728287541094686e-02 -3.369683111186706163e-03 -4.779967851504297069e-04
2.590105936308752937e-02 1.653619343376694264e-04 -1.486124655298557459e-04
1.056334400734017936e-02 -8.346011583705225181e-03 2.434998536867134908e-04
2.035324977250032794e-02 -3.842957111978680378e-03 2.135597960164280858e-04
2.960471991491191862e-02 3.123456340965409701e-03 3.310788825420560137e-05
9.859424722490585033e-03 -8.577000704818987450e-03 3.025787831983034275e-04
4.348772920779215428e-02 1.951929281194193441e-02 -2.701703313560475505e-04
-2.177867484819669824e-02 3.949241939648642785e-03 -4.647233055225104617e-03
-2.141609101316439140e-02 3.215688183947810076e-03 1.745657922986290547e-03
3.232056488279499290e-02 5.912030854268021315e-03 -4.133711137873417825e-05
1.524446508799390081e-02 -6.695317090344849766e-03 1.953419391198811159e-04
-2.075908615764179149e-02 2.577456610862289242e-03 -3.237699865246457080e-03
1.211899427185245300e-02 -8.001187914146801541e-03 2.223714111631371363e-04
2.265547284180339377e-02 -2.381550634301687203e-03 4.694378323427467127e-04
1.188900003343252784e-02 -7.765603462980475401e-03 3.217019071844065092e-04
4.441345380727829140e-02 2.030829962996046761e-02 -5.785378659466701174e-04
-9.482842291591278474e-04 -8.514587361677840999e-03 2.012088633068015095e-04
2.880090472096874521e-02 2.390745285999608220e-03 3.466331519946822481e-04
-1.827675095329246713e-02 1.436832092224471741e-04 -8.403119774971155300e-04
-1.141568081402769691e-02 -4.315570991699905698e-03 6.997879739971269841e-04
2.402444881013871339e-02 -1.231698677704064779e-03 3.407963776439372071e-04
-1.965279161279529993e-02 1.634285037947455369e-03 1.693880463337761860e-03
1.090861341777361014e-03 -9.239506199039232773e-03 3.007831560537342218e-04
-1.074623717368661767e-02 -4.841746147591394905e-03 7.851921612759336748e-04
3.778969084122721367e-02 1.125212946315903677e-02 -8.605537926076113923e-04
2.283863063793823908e-02 -2.183835493988911698e-03 2.380689107156795713e-04
2.242978426733229988e-02 -2.316596800423259550e-03 5.447869642259845906e-05
-9.252584663518364713e-03 -5.373799820212614257e-03 -5.335000789710413606e-05
1.917890222003146988e-02 -4.559384769232411802e-03 4.434073954415655521e-04
-2.430992158037943024e-02 2.197615806906172767e-02 -7.248811112003598206e-03
1.483402862218667281e-02 -6.757137740096403299e-03 4.353019210097619713e-04
1.223807995626491688e-02 -7.609793489611919697e-03 4.775382992221993261e-04
-2.051472587655204377e-02 2.332056214481070811e-03 3.886472220107674573e-04
-1.772549871412601799e-02 -7.622699061312043474e-05 1.185353941637857849e-03
3.368601581893213015e-02 7.027149881926581139e-03 3.174541577630347053e-05
4.323570246069672121e-03 -9.282606925106762566e-03 4.412446462954143543e-04
-1.966547570778220261e-02 1.454798278493953361e-03 1.021286827935220754e-03
3.848379070827673276e-02 1.236364147227538707e-02 2.428745691384839465e-04
1.504259597699293162e-02 -6.449115958967992744e-03 1.652425635340733700e-04
-1.534698874601051442e-02 -1.979388072123423447e-03 7.857590399460721083e-05
5.918391315616027947e-04 -9.173807289225458655e-03 9.591376244126499379e-04
-1.717558501315333622e-02 -7.028749607437849087e-04 -1.774600296870219905e-03
-1.818712387135267006e-02 2.998084933206143256e-04 1.377291544294627704e-03
2.397563916650894550e-02 -1.338366518772594231e-03 1.203787906801414285e-04
1.315397824166265189e-02 -7.141800017821818905e-03 9.633586364906149757e-04
2.939284121572546815e-02 3.034978255841056915e-03 4.057515651758440440e-04
-2.228338755594080900e-02 4.513270900296926201e-03 3.338159046630740766e-03
-2.205518219119020906e-02 3.935124004980089171e-03 2.396550820180279491e-03
-2.030858751538340209e-02 2.119018204477967401e-03 1.175881770725663560e-03
2.343888370451676847e-02 -1.527066331689297439e-03 8.998990096381928160e-04
-1.803747078266674034e-02 2.426253649967792492e-04 1.346362195531911445e-03
-2.083705311518163281e-02 3.089139354507297944e-03 -4.615557900160552167e-03
2.288137119765851907e-02 -2.208437666155901001e-03 4.918635419136502555e-05
-2.458487578542052632e-02 7.020892376652469562e-03 4.447137669115214936e-03
-2.020015608728798970e-02 2.474387403977416390e-03 -4.345967939995473012e-03
-1.986900895046379498e-02 1.455064494401539944e-03 -5.954370890056908229e-04
-2.541287195720573835e-02 1.034641327189337635e-02 -8.564620884123044092e-03
-2.249359780945823367e-02 4.448312993092196424e-03 2.752764579666540454e-03
-8.828830979135750961e-03 -1.640128139608704671e-04 8.081061162368265161e-03
-1.580753167394842798e-02 -1.666624092428582379e-03 8.941253124732891685e-04
-1.906615950584975364e-02 9.799537823554148146e-04 1.165055247379198633e-03
1.306790344537411136e-02 -7.496828892921193234e-03 4.207819090860763370e-04
4.800245439721584524e-03 -9.218343608642652273e-03 3.706915281639196961e-04
2.237155634195587064e-02 -2.185667801274372452e-03 5.187332079778602572e-04
-1.888688099424784550e-02 2.131115121029990983e-03 -3.597841517682441245e-03
-2.397468936763257064e-02 6.336728816857159843e-03 4.142314738671895591e-03
2.105173098999387274e-02 -3.228266599847482050e-03 1.839476415464442571e-04
1.443095468883411579e-02 -6.555943428878861952e-03 5.658511237016402402e-05
-2.358004176561001239e-02 5.690883415593797970e-03 3.463094864516776637e-03
-2.161586995158740893e-02 3.443931522508755349e-03 2.035199095927943663e-03
-1.552452253941316758e-02 -1.775968418819695886e-03 9.617458380809146322e-04
2.497977209661869646e-02 -5.699719088580311064e-04 -6.077226496953865671e-04
-1.512408578729293462e-02 -1.902507981656655599e-03 1.110017153966939927e-03
-1.811988017919281130e-02 3.575825315306529941e-04 1.174465000068791514e-03
-1.290194378458409639e-02 -3.313270286357522867e-03 7.327154494373618867e-04
-1.744913380064863975e-03 -8.374849618631186390e-03 3.614404601958614346e-04
-1.710468128538417815e-02 -3.955437191828973078e-04 1.631687634788981300e-03
1.052696104253088467e-02 -8.242791766181898488e-03 -2.623471076549358698e-05
2.962475358240050302e-02 3.240249245803846195e-03 -2.025195017174652250e-04
-2.156052458555130988e-02 3.335031218674957068e-03 1.696522252046994824e-03
-1.453535735003077221e-02 -2.369634638782980741e-03 9.210372327324218601e-04
-1.904938378434585175e-02 1.262179998859697420e-03 -3.367052802361385818e-03
-1.584869937940138612e-02 -1.629031238081856498e-03 -3.376604014004218422e-04
1.201010956422848223e-03 -9.133230582602023043e-03 4.517954598872484613e-04
2.287931980890111315e-03 -9.259284221692054909e-03 6.043754339767231417e-04
4.189987781697511460e-03 -9.333850360293327597e-03 3.696337344772901478e-04
1.093557628282255771e-02 -8.273977373513355729e-03 1.976247249196444987e-04
-1.941280072697872811e-02 1.388041112330593409e-03 1.377691977780372626e-03
-2.256618886762054924e-02 4.555094272701758727e-03 2.830049570002725855e-03
-1.755230130631157612e-02 5.614800871512185889e-07 1.884018165524794499e-03
1.601407231585071653e-03 -9.239135560471735745e-03 3.028470676488922075e-04
3.116152131742791487e-02 4.580621239457034928e-03 -8.882065336729345114e-04
2.392836501354777753e-03 -8.911893056795325979e-03 5.546378464025487117e-04
-2.088997899260820745e-02 2.878541218896302212e-03 2.239127841759815107e-03
4.218301905694496479e-02 1.742461001013669367e-02 -1.695962807838874539e-04
-1.670540027267919392e-02 -9.864012529125474899e-04 8.593770692943626015e-04
-2.435758565299934661e-02 6.774311610876430044e-03 4.319672476178752774e-03
-1.427840502856514773e-02 -2.853514780250096007e-03 -9.971580302241073656e-05
-1.237393685610277752e-02 -3.911383547987097586e-03 1.295012220889709418e-03
1.530529651442707334e-02 -6.652191491989260103e-03 -1.243061035226091951e-05
-1.840406868630564685e-02 6.999281436732640929e-04 1.819992385783755296e-03
3.568415998124497418e-02 9.201218947347416383e-03 1.524236869699754264e-04
-1.863568920578196134e-02 1.048721492032938119e-03 1.806511829423425785e-03
2.928905349855338847e-02 2.976418944559461235e-03 2.713388028356086314e-04
9.956154610750066940e-05 -9.066343957652158239e-03 1.819126759159422511e-04
2.900983245235955015e-03 -9.191582938919175272e-03 3.411966895945192277e-04
-2.030773905293435308e-02 2.304525119937483532e-03 1.993533162118847450e-03
1.071273515046639903e-02 -8.134290496165165127e-03 -1.848425090424718961e-06
-1.931055870997116716e-02 1.372291211521394459e-03 1.679738932826892401e-03
-2.724460022931709732e-02 4.031426753100347815e-02 1.150629951132781277e-02
-1.946670429320127363e-02 1.425071172980971537e-03 -3.376638765028458933e-03
-1.618105398034256487e-02 -1.339242317918946630e-03 1.144096221739610226e-03
-7.822081288479323588e-03 -4.578405242712887784e-03 4.419324583692262574e-03
-1.501774462274298345e-02 -2.310739204215877737e-03 -2.940840141685982186e-04
2.862226731391928625e-02 2.314638901928976322e-03 1.006007751011880864e-04
-1.807369235353263257e-02 3.343921308040555002e-04 1.045172333844860205e-03
-2.145564079971190585e-02 3.406796102572885645e-03 2.367783933271552961e-03
-1.637149343610575306e-02 -9.316820153634975581e-04 1.018008890828930955e-03
-2.133839753930802385e-02 3.101424848606129138e-03 1.675213866076943284e-03
2.002617125305538454e-02 -4.039948002720590049e-03 3.893992829323757328e-04
-1.919525653344855698e-02 1.346171096398896417e-03 1.971336836578952995e-03
6.538196100272478280e-03 -9.190650588709884522e-03 3.483584764240659978e-04
-1.930504669013406033e-02 1.289292898387560350e-03 1.427655671598339771e-03
-1.497215490515179347e-02 -2.510233398415846924e-03 -7.160616358207045045e-04
-2.744347447806036108e-02 1.380795163723724447e-02 -1.012777090340242006e-02
-2.512929610386391635e-02 2.177329962468753724e-02 8.715462345654486145e-03
-1.265476735651734248e-02 -3.822788035530305401e-03 2.444054333125364616e-04
-2.175616915067994303e-02 3.741239210843196571e-03 2.604686102148979100e-03
3.601536699585808354e-02 9.288164426039479532e-03 2.350745865085360800e-05
1.757777312178511811e-02 -5.373242040464889548e-03 3.912648355523505616e-04
-1.700342660540266754e-02 -6.163126975545320848e-04 1.385506749988949958e-03
-9.773226309607867431e-04 -8.975738002346569586e-03 1.649855119073602308e-04
1.293846004025040429e-02 -7.414833725377287764e-03 3.729039063133380216e-04
5.290256469836563877e-03 -9.219546414334839346e-03 4.283072000793207912e-04
-1.770591605513448588e-02 -4.583810783604624884e-05 1.231925622813590665e-03
-1.703018251022259469e-02 -7.329555413697892534e-04 2.800040204344001957e-05
-2.217028560400149950e-02 4.130267909457967235e-03 2.676966082493868748e-03
4.529871837268100755e-03 -9.271672250319610425e-03 2.173270992816310270e-04
-1.533708438766509877e-02 -2.204871473795436219e-03 -6.870493050113361897e-04
9.911245076178817545e-03 -8.593717134888021608e-03 -5.272284421877061571e-08
-1.595737956318686590e-02 -1.619382544387245075e-03 2.759977334109362510e-04
2.206109862598319010e-02 -2.812725242378880282e-03 2.702623709778047994e-04
-1.811127701960482672e-02 2.676819476998315074e-04 -2.146758983023529244e-03
-2.304683406749288149e-02 5.050699480074376593e-03 3.129208346573512153e-03
-1.943881278705084092e-02 1.386568521969833807e-03 1.049828023899891010e-03
2.127256447101624499e-03 -9.181193774704481808e-03 3.977944992849888209e-04
-5.254551465805595151e-03 -7.577646562400782576e-03 9.173085060695194406e-04
-1.983745617671512848e-02 2.213875755303116189e-03 -4.342641521818559232e-03
8.837725305053219932e-03 -8.659453800735822382e-03 3.045240945048883173e-04
5.506097214641243742e-03 -9.121484609972500476e-03 5.613619386076187327e-04
1.953617629848312335e-03 -9.204324867553768247e-03 5.397113655770532318e-04
1.639093193416327546e-02 -6.065313361294324447e-03 3.959102548178511415e-04
-2.216870567324890837e-02 4.340908401003136172e-03 -4.935000400889122396e-03
3.915289524283958877e-02 1.331136333431277505e-02 -1.307796056181174255e-05
-1.525018772519878482e-02 -2.133289016683934201e-03 5.473406269293288728e-04
-1.572714295060688439e-02 -1.507974265271919048e-03 1.411143320893338930e-03
-4.917194553612700553e-03 -7.348300114325131277e-03 -9.910144095648810558e-05
3.050495054700481240e-02 4.001423864423440425e-03 -1.024452761276263731e-03
-1.034393046400750894e-02 -4.656787475082684036e-03 -1.059563147295383267e-03
-2.476935304599661020e-02 8.686416866116731042e-03 -7.566951367673340270e-03
-1.511839576451227789e-02 -1.951416398025850865e-03 2.886002893269707693e-03
-2.411629756453402898e-02 6.168802241777762881e-03 3.085900162574833298e-03
-2.040971444692885745e-02 2.351849793577756500e-03 1.488884875044741091e-03
3.504917413957149563e-02 8.410840003886100799e-03 -1.247378374108040061e-03
2.109286638415184753e-02 -3.441632531805670272e-03 2.520092639794794761e-04
-2.220066461623575876e-02 4.800767195601723242e-03 -5.619635513597590233e-03
-2.257334742387887005e-02 5.192375156505905399e-03 -5.791593792369729987e-03
-2.240652344280659805e-02 4.389909118518455465e-03 2.734921716547800662e-03
3.069134089190033582e-02 4.195376751478051454e-03 4.606455864928194979e-05
-2.243802167919366902e-02 4.922703079776655395e-03 -5.487970575566921382e-03
-1.195162662896886475e-02 -4.492449086665897470e-03 -4.227661272775385358e-04
-1.994025937298855508e-02 1.969723781611216768e-03 -3.590742506385804448e-03
-1.688363885386328853e-02 -6.623944376298009562e-04 1.196512594195932311e-03
-1.428959201460333617e-02 -1.387878021019519183e-03 -4.461384961129953065e-03
3.347923780473301050e-03 -9.067908201252581832e-03 5.709833101818292825e-04
1.327112089755569033e-02 -7.573645016233264242e-03 2.461367199983811632e-04
-2.017825100440896052e-02 1.876305693359282519e-03 -1.770061936418800973e-04
-7.399620565762748264e-03 -6.179289954401106025e-03 1.726369270916804891e-04
-2.146970580042511026e-02 3.378062177750505973e-03 2.203190539895455002e-03
-2.009854492747310817e-02 2.077695496181181274e-03 -3.533496060995450563e-03
-2.175892004462835067e-02 3.800815660105363088e-03 2.715589434004525918e-03
-1.387726091900826075e-03 -8.501298307718653524e-03 -1.678448340260214509e-04
-2.042037952887076121e-03 -8.396597407137761440e-03 -1.296435558453606571e-04
-1.345303880670640877e-02 -3.067534827026559448e-03 -6.803205230402883724e-04
-2.189822340458673702e-02 4.621583723667891525e-03 -5.620444897717502379e-03
3.192118317240975195e-02 5.480882166941166908e-03 3.982365823118951280e-05
-1.916417357240759664e-02 1.066142194413576775e-03 8.944426076719530798e-04
-1.466332823105001787e-03 -7.374680837992860644e-03 8.069059923202749011e-04
-1.864166299007381095e-02 5.555860724285383761e-04 -2.410598994525455386e-03
-2.210188773409495211e-02 4.014910317922057610e-03 2.230628231760430416e-03
-2.009946449621027517e-02 2.345547002181118477e-03 -4.011129120502191989e-03
-2.204358341623936790e-02 4.681892532668291418e-03 -5.562740395782499701e-03
4.756252410166695622e-03 -9.237014088316409730e-03 4.532902980407159865e-04
-2.467542155514239333e-02 8.839304733557972263e-03 -7.779676566406885929e-03
6.762482024535851864e-03 -9.098680131220764772e-03 3.682826075136747240e-04
-1.786112101927891938e-02 4.669351856209765574e-05 7.090381598154472768e-04
-2.110150113502299793e-02 2.943098584230969053e-03 1.363668326096397236e-03
-2.599598462839253915e-02 1.098305300891235306e-02 -8.775797803613294076e-03
3.124814739998802923e-02 4.749484253232860893e-03 4.404680956646303634e-04
3.034641936334987744e-02 3.924800114273502109e-03 3.864484074807020774e-04
2.856198835871200797e-02 2.241060039527502813e-03 3.667804081298329708e-04
-2.039025485500977827e-02 2.456041806841083915e-03 2.322703867366336921e-03
-1.720035275881831929e-02 -1.509009796655386962e-04 1.794190436421161990e-03
6.705123369357722692e-03 -9.154275220878065750e-03 2.761340245763655018e-04
7.917309814114637662e-03 -8.637044011293257967e-03 4.705626438803344109e-04
-9.492672997301025359e-03 -5.476583023647622200e-03 1.184477508560851115e-04
-2.137996478393610483e-02 3.213164792500089115e-03 2.010655479862573369e-03
2.162834258903894994e-04 -9.115908156387042896e-03 3.772693348236608852e-04
-1.510542775380617486e-02 -2.221719977444804386e-03 2.524324870429106387e-04
-2.407688778498947788e-02 1.309804424868802296e-02 7.090827528378761818e-03
-2.267460109045044483e-02 5.597074070357467741e-03 -6.056599485128171326e-03
3.472105038415226191e-02 8.200390429347458737e-03 1.984168386190503751e-04
1.997129796858501324e-02 -4.151119347592553688e-03 6.226427759098065312e-04
-8.068896295088121354e-03 -5.839315776894490884e-03 1.024787225398885197e-04
-6.310517004581282265e-03 -5.923917193898511728e-03 3.181920577345823033e-03
2.833544077858047086e-02 2.102237337046560222e-03 3.792185943481357711e-04
1.769163538677241687e-02 -5.534629105208297047e-03 3.987123010331274217e-04
-2.421908151145968358e-02 6.534513015592213758e-03 4.051488821046181354e-03
-2.303317096028648439e-02 5.132482964548489533e-03 3.479781084196277487e-03
-1.550303896853983364e-02 -1.871228648739088878e-03 8.703720324136546673e-04
-1.689636707902649262e-03 -8.882978241856237869e-03 1.830316970127568953e-04
1.103546554416551820e-04 -9.163395617205385285e-03 3.005234201446265775e-04
-2.439636706582080927e-02 6.737334908506063119e-03 4.167144379731137389e-03
4.419562336880490661e-03 -9.105342191188629808e-03 3.128317168424084175e-04
1.611665858515793845e-02 -6.157725661715809928e-03 4.432597485035141534e-04
-2.626335815761154588e-02 1.165137355375953088e-02 -9.188559536297659716e-03
-2.214282383074006599e-02 3.941397205855266123e-03 2.166031824669247940e-03
-2.032373597571025120e-02 2.268543288667106313e-03 1.908016563645973437e-03
2.905053244313707955e-02 2.756273499311436437e-03 2.873905766304670601e-04
-1.736979120045620620e-02 -1.848534302299082994e-04 1.242756208110208779e-03
9.706963068981189560e-03 -8.493147521817985893e-03 3.053354166246798540e-04
-2.061175988257408359e-03 -8.632842421424962581e-03 -1.673009313047667040e-04
-1.949291294009646361e-02 1.732315453433319651e-03 2.381779292887293946e-03
-1.539904399564918230e-02 -2.174208406139842634e-03 2.677245179802530475e-03
-1.501462138217936511e-02 -2.434518493180169111e-03 -6.730454889240088546e-04
2.504058893759977117e-02 -5.766104739153765299e-04 -4.591226365834069861e-04
-1.611997859657157695e-02 -1.263730127403116070e-03 -2.126021719415630874e-03
-1.387588097765887589e-02 -3.229436417025843570e-03 -5.408381653041668946e-05
-1.208870535424304456e-02 -3.832137554287859751e-03 4.884867047594596652e-04
-2.223748088960432467e-02 4.327044372932783989e-03 -4.695832564194755629e-03
-1.756307740473880136e-02 5.033074592953653420e-04 -2.104157247234759304e-03
-2.171424151718703930e-03 -8.483082165106814801e-03 6.887691861003188490e-04
-2.155958499973489872e-02 3.958628482155382086e-03 -5.101734998312720815e-03
-2.296179024496724369e-02 4.930916586408346826e-03 2.632801456807083631e-03
2.156494731938198017e-02 -3.127020798533402916e-03 -3.507486340327641808e-04
-2.320288791493068173e-02 6.647296713250375882e-03 -6.786145470447950065e-03
2.638350366436786887e-02 5.814458521484509651e-04 -4.753662153401733885e-04
4.731220804893957431e-03 -9.265818434179116589e-03 3.909125002310856532e-04
-8.431443847468420363e-03 -2.806994264624152607e-03 5.976423404644669139e-03
-1.626986492694396449e-02 -1.216599852659024181e-03 1.670454985005967886e-03
2.595195210783142470e-02 2.171879514297820517e-04 2.517484441386640950e-04
-2.363763231819943425e-02 5.846177191061697857e-03 3.762607388965837681e-03
-1.567232058357462265e-02 -1.520386785380944614e-03 1.286579747580102358e-03
2.604674928002149309e-02 1.828362832688386385e-04 -6.674191276899077343e-04
1.723675634132589354e-02 -5.744090504676382589e-03 2.451296915371408282e-04
4.374251085946750939e-02 1.933234820230271891e-02 -2.645951692581845725e-04
-2.136699687168078232e-02 3.884251092622082770e-03 -5.081389981529146546e-03
-2.241970925394257130e-02 4.312591439124551125e-03 2.517376152338459978e-03
-2.602889390349575824e-02 1.120084515504942389e-02 -8.824411489995014068e-03
1.836053101444897438e-03 -9.022045206079451485e-03 9.093074031322504142e-05
-2.181262043354451063e-02 3.586468125455931442e-03 1.993600574441148181e-03
4.098096700084606463e-03 -9.371107383871569996e-03 3.923678964401478811e-04
-2.094407494325697602e-02 2.863683086490079101e-03 2.085244265447187221e-03
-1.859782221087993154e-02 4.019836291507138028e-04 -7.848441840200820864e-04
-1.600905168934944542e-02 -8.699391811145012381e-04 -6.016618635947914608e-04
-1.874175407132637472e-02 6.767149257570588203e-04 -2.623994891207156403e-03
-1.382029288910130958e-02 -2.907038265323599706e-03 -1.141880694047954373e-03
-2.129887127276147360e-02 3.624228039230728646e-03 -4.574540890509936827e-03
-2.007197749566099268e-02 2.144535681066322193e-03 2.127933602132895449e-03
-1.783403186274365101e-02 6.658793592721968168e-04 -2.058883284353289246e-03
-1.849040165298498212e-02 7.134408962575471006e-04 1.655938305275113159e-03
3.679223824747316490e-02 1.063310480554473421e-02 3.710054671357971559e-04
2.034063201216935318e-02 -3.899467932673661170e-03 3.649550604339009169e-04
8.232066012701462834e-03 -8.904686368463955726e-03 3.459768649362490430e-04
1.607849512669718914e-03 -9.267972374214528478e-03 5.096234817476693810e-04
-2.295236519306103132e-02 4.517517104492834931e-03 8.151340349057404266e-04
-1.622810578921605323e-02 -1.228329629343478599e-03 1.168491853149320955e-03
5.780369119691001513e-04 -9.073014702662560854e-03 4.119764217662984142e-04
-1.710356819138815487e-02 -7.260746842889275517e-04 7.028577947552003269e-04
-1.995053402948807671e-03 -8.568349082950097589e-03 1.814663795223586901e-04
-2.119775451152242779e-02 2.999097627507477451e-03 1.850288102892642603e-03
-1.977706498827963913e-02 1.996226529229060132e-03 2.457473367305172771e-03
2.739089282930231087e-02 1.241536934839259938e-03 3.154526837074992274e-04
-1.847191843921702423e-02 3.671401156395042234e-04 -2.142169617713336402e-03
-1.974898364769235234e-02 1.572369894626584729e-03 5.339230446688117849e-04
1.012207141306421636e-03 -9.050278316032040957e-03 3.536414372096352739e-04
-1.595487653736444439e-02 -1.722987069230815568e-03 4.154676416677775992e-04
-2.233319164859965192e-02 4.248956178858136548e-03 2.710165937995276560e-03
-1.753314715814978733e-02 -1.341799113118282230e-04 1.050823724912078490e-03
2.668564524227150930e-02 7.860831281699154653e-04 4.147849982063201921e-04
4.779198323261678837e-03 -9.215860015010606671e-03 4.310711226823978710e-04
-1.791204575995136716e-02 3.989412401297495140e-04 1.718087064763593229e-03
-1.480577125845597940e-02 -2.373291676608472837e-03 6.973127805863469243e-04
-1.851924917163495082e-02 8.158294129490009606e-04 -3.031231818059323957e-03
-2.463317392172259535e-02 8.635360998725466822e-03 -7.593898519893204843e-03
-1.548794483023738233e-02 -1.939893284409068171e-03 9.074070460901501912e-04
4.243177787387653749e-02 1.810884513935966111e-02 9.188209469522610594e-05
-2.079875510166303426e-02 2.646846548975618878e-03 1.428199924262662287e-03
-1.161051557527843781e-02 -4.758124700301968185e-03 -4.767458291204398836e-04
-1.696170327611499704e-02 -5.283113571243483811e-04 1.669918938275893449e-03
-7.575664260411428715e-03 -6.024341520677658005e-03 -2.029170401425259632e-04
-2.446502985938642238e-02 8.666226282207704218e-03 -7.842258362852435119e-03
-1.439056610669892620e-02 -2.750725690672728950e-03 5.193286300337586698e-04
-2.236532618158897090e-02 4.477262775553241501e-03 3.079363684573999376e-03
-2.226335405906886000e-02 5.064946357032840650e-03 -5.812537090364199195e-03
1.802076978800263391e-03 -9.323096323072384284e-03 5.899872512606375548e-04
1.117776097214483004e-02 -8.257568546763349726e-03 4.488028400588474527e-04
-1.480025761395709072e-02 -2.336916485271236035e-03 9.402880605873904177e-04
-2.076742731394303279e-02 2.893788631459939895e-03 2.671261212451807310e-03
-1.435863052359206450e-02 -1.747795890483776681e-03 2.392218125073507316e-03
-1.773310939763423494e-02 -4.270536574197402477e-05 -2.157579003600929631e-03
6.997347243366858899e-03 -8.811900196911109928e-03 2.551798283338710220e-04
-2.191614718947801702e-02 3.946695595381202737e-03 2.760641145917781640e-03
-2.234755557187722425e-02 4.267430953802118891e-03 2.645959925228886372e-03
-2.345846075798911981e-02 5.687660771577511716e-03 3.787591936554036889e-03
-1.523881161946520971e-02 -1.488953612842835615e-03 3.129247806591399072e-03
-1.601245862560915847e-02 -1.641418447387053576e-03 -9.724320180557647448e-04
2.967358684706564859e-02 3.211644198824148162e-03 -5.293995954949325036e-04
-1.308457581924996581e-02 -3.532985124241574265e-03 5.234427830531717231e-04
-1.566707657484693247e-02 -1.681545921163131018e-03 -1.360091905166907044e-03
-2.336694893682205593e-02 9.517192758486772361e-03 6.420241749923913908e-03
4.567258385178202262e-02 2.236313516081457967e-02 -5.452173321603485641e-04
-1.707840128780312508e-02 -2.254278422179273930e-04 8.182068840179693202e-04
3.215938123659605602e-02 5.492850172648665839e-03 -8.052282342371544759e-04
3.103381745024642348e-03 -9.057687543479513159e-03 9.122468864361015981e-05
2.810480531034140889e-03 -9.403419993862346254e-03 1.478360126978990597e-04
2.739435303201293720e-02 1.277245911297208254e-03 3.019988044069164476e-04
3.714513434171965583e-02 1.086458324434917862e-02 2.179003769901673930e-04
-2.093651237751319172e-02 2.931797790435776603e-03 2.308727678759284890e-03
9.180329324864754115e-03 -8.633880820129214567e-03 1.003075399106229647e-04
-2.523293986645706519e-02 9.434108183261924810e-03 -7.994161354417852333e-03
2.676279834337643229e-02 7.357401186131256416e-04 2.389959195130482070e-04
-1.222821253372730760e-02 -4.042455076886994521e-03 4.248753374908782483e-04
4.002540593679560117e-03 -9.446706547370080712e-03 2.649395470923273386e-04
-1.892004962229645176e-02 9.624162047794654210e-04 1.377247070520367603e-03
-1.800944762488002060e-02 3.310838028577734555e-04 1.652952096020218970e-03
-1.536543674435243007e-02 -1.927381307139915427e-03 1.052209449106620296e-03
-1.361229300701000643e-02 -3.351141140222339571e-03 -4.676462726054354596e-04
-1.502411659202550036e-02 -2.173364558737854706e-03 -1.136536611225285936e-03
3.082384528731891681e-03 -9.191671262147260713e-03 7.289641615756518606e-04
7.548094197035628682e-04 -9.175721740995436415e-03 4.905613035150338877e-04
7.815514147186924943e-03 -8.929856443568966184e-03 2.866735748572938583e-04
-2.232797343294310941e-02 4.320016710806656897e-03 2.775241069103633745e-03
-1.997132495407210120e-02 2.021642062134085781e-03 1.835735181852820360e-03
-1.126361282562310558e-02 -3.931050585691376643e-03 6.487235833260749729e-04
-2.093353921880809418e-02 2.962293528667909754e-03 2.377691369043980190e-03
-2.274041987403043613e-02 4.844143215431350250e-03 3.301095607160253482e-03
2.339571219247249534e-02 -1.857707468068035828e-03 3.092279454159037929e-04
-1.924922106935281901e-02 1.451579983486195628e-03 2.201096505400062988e-03
-2.944798424399854442e-03 -7.964465001022550533e-03 -5.937308506684763835e-05
1.372148854438180222e-02 -7.336717003498084179e-03 1.745134866449811223e-04
-1.653926941414960231e-02 -9.516685642155295723e-04 8.971438888134637864e-04
-2.042908177602245981e-02 2.696441637010525000e-03 -4.168109165773581197e-03
-2.051200574970681034e-02 2.544555400937866235e-03 2.298931703160483984e-03
-2.738095320187608483e-02 4.130625153450236814e-02 1.164439889712869623e-02
-1.805896382350070245e-02 1.390703013260835867e-03 -2.200477570178692617e-03
-1.538778645169442891e-02 -1.968188522981842350e-03 5.485423753303383769e-04
-1.798544704828965515e-02 2.492431507793001905e-04 1.423669067147627972e-03
2.634869120682944293e-02 3.825271518937404971e-04 3.593701577898563999e-04
-2.675598244149976837e-02 3.640832104641023720e-02 1.092637752692575751e-02
-1.491921003785249417e-02 -2.333702677188164484e-03 4.389049819650709403e-04
-2.208224459575590728e-02 3.945474541263316315e-03 2.363337867189558520e-03
2.888196919003277116e-02 2.454612223401304080e-03 3.428004389647156891e-04
3.505004708919753909e-02 8.303704024769749045e-03 7.321122190066360277e-05
-2.216198683707271480e-02 4.862610014820034805e-03 -5.575952758563841420e-03
-1.789859402448028269e-02 1.150875735917134647e-04 7.877307142963304665e-04
-1.340734360621473678e-02 -2.863138358964950527e-03 8.727899015965181551e-04
-2.109951777698972075e-02 3.368471279308063709e-03 -4.825224725418771413e-03
-2.347578949988685451e-02 5.604242814782512891e-03 3.454461538441486526e-03
-1.942770934775742836e-02 1.567185482973419306e-03 2.233026102835418934e-03
-2.104221659376491818e-02 3.312991767669852972e-03 -4.657581504576718996e-03
1.087234244792833517e-02 -8.200656871565953701e-03 3.868303067638760280e-04
-1.992441880354428943e-02 2.032303316340463867e-03 2.162621040605612610e-03
-1.406033899236260737e-02 -3.066801661273366435e-03 -3.104630095454478456e-04
-1.980601121920098559e-02 2.057818140232286607e-03 2.573705988327392499e-03
2.880782357412893860e-02 2.400331375699186510e-03 3.272395721720871100e-04
3.473285024024259232e-02 8.367148909717368743e-03 1.261537613420632019e-04
2.682961363060900120e-02 8.968051088397865521e-04 4.282907142348566496e-04
7.511046057898668887e-03 -9.012641751567757736e-03 6.362545069732464210e-04
-2.102203870058882637e-02 3.177203040198482969e-03 2.740906777034689181e-03
-1.423881948120068845e-02 -2.830370789188239953e-03 2.967704515972015484e-04
1.951792123880074017e-02 -4.434044832511935957e-03 4.541848858718335719e-04
1.777424395726200437e-02 -5.357692999412002645e-03 2.579854749279813456e-04
-2.654667735274873416e-02 1.211064813049649892e-02 -9.317965484721359506e-03
3.427881466090008412e-03 -9.208307520759332135e-03 5.677522133512741829e-04
-1.655994174937448771e-02 -1.168531000312697781e-03 -4.209540606182075244e-04
-2.350569590167025241e-02 5.930045510153823807e-03 4.067633513327446708e-03
1.189507054623329015e-02 -7.766463891970140469e-03 7.213555206726165884e-04
1.300104554366004334e-02 -7.396681874470770537e-03 4.905256483982837513e-04
3.418490308816438117e-02 7.628129990347090779e-03 4.030051389114451803e-04
1.740878883520555545e-02 -5.756526007439390774e-03 3.099672754965492071e-04
2.607259616001071992e-02 2.998741731111245518e-04 6.512867282804048934e-04
-1.484007552148001140e-02 -2.361000995282626965e-03 7.501952281897320256e-04
2.314350498073770857e-02 -2.020500647310424173e-03 3.034399739859570109e-04
-1.777935610718583276e-02 -3.608857338725576379e-05 1.426721986443439671e-03
-1.830462890489811811e-02 4.974493509140230597e-04 1.451000540003873898e-03
2.855399778950241246e-02 2.225331315622636631e-03 2.932923746998204436e-04
-9.333924600045220496e-03 -5.676510612109946993e-03 -1.630278499409578070e-04
-1.656206507180207205e-02 -9.450583705056957076e-04 -1.457546411243419845e-03
-1.484746799694996837e-02 -2.418773653990754276e-03 -4.757711517705741312e-04
-2.082590744051457735e-02 2.777303228738768007e-03 1.738376702565627881e-03
-2.148914084200022334e-02 3.560047083506044738e-03 2.989027268728405417e-03
-2.406225863772062240e-02 7.598765803933822671e-03 5.038283531332780896e-03
-1.800591526734078920e-02 2.715973923709931134e-04 1.558173101699650807e-03
-1.782567318427653175e-02 1.121387653065064431e-04 1.682610357299916181e-03
-2.118266283009699949e-02 3.194636746527084337e-03 -2.626766363906718992e-03
-2.225425627493556394e-02 4.203654354589243629e-03 2.549231668156696096e-03
8.314319962553597728e-04 -9.192866652273957995e-03 6.110174493451290254e-05
-1.937421489409843142e-02 1.207644441732461495e-03 -8.955352764684217613e-04
-1.578297226682114042e-03 -9.278026837221522993e-03 -9.623709959270158138e-04
-2.111221977092734431e-02 3.023192101843365405e-03 2.116554455072470250e-03
4.306153179552522914e-02 1.774046506983813914e-02 -7.198971732831438517e-04
2.483906863245563881e-02 -7.075787442736918790e-04 -8.408893813244003789e-04
-2.520636043110249455e-02 7.461398805924069830e-03 3.840689669032648721e-03
-2.209322869599603112e-02 4.267606701510519122e-03 3.039228406316023083e-03
-2.344375382627908455e-02 6.285707268555559488e-03 -6.226995667393745229e-03
2.799763908304535656e-02 1.981570535719449910e-03 2.208229360185267058e-04
-1.341444369396418805e-02 -3.394413097635514028e-03 1.789975993621581245e-04
2.825175838238683929e-02 1.962429089511029141e-03 -3.725078269450240705e-04
-2.018935280374254196e-02 2.041041122349752240e-03 9.584207640477596058e-04
2.981799525791014108e-02 3.377701273771965048e-03 -7.956492566226231605e-04
4.571072809006377323e-03 -9.283907332052091649e-03 -4.002393682576975713e-05
2.675616450232067012e-02 8.227590914997837167e-04 -4.796699429838526560e-05
-1.769741755458704990e-02 -4.717834641128602099e-04 9.584474368119753375e-04
-2.033686689845631487e-02 2.227210702875839863e-03 -3.339817112620278253e-03
-1.526457752028566144e-02 -2.121856574848256759e-03 1.154511168262532101e-04
-7.435318376667111352e-03 -6.887631722967417665e-03 1.061101150940040012e-04
4.148914504288882948e-02 1.553285090003434475e-02 -1.154979345327061206e-03
-7.598314591721712537e-03 -5.001688500542035565e-03 4.192845516471824241e-03
-2.160900617057115447e-02 3.477338997880117469e-03 2.312563860456517788e-03
-2.183356947938469225e-02 3.645844063059775798e-03 2.058050881759572546e-03
-1.312699708690387955e-02 -3.112311611080105771e-03 4.160288690213756750e-04
1.431412825040155601e-02 -7.017523757488903537e-03 7.348550732386673252e-05
-1.656889706804415968e-02 -1.251091165863983537e-03 -9.877503848915200439e-04
3.735647045826374912e-02 1.085688261053691615e-02 -1.202693438876731356e-04
1.934271335851345600e-02 -4.317683731861830798e-03 -3.196696393568449379e-04
-1.456227150735229549e-02 -2.341199196413526473e-03 1.376081051381500752e-03
1.575008370605774852e-02 -6.487364209872900980e-03 3.292508971087737763e-04
2.865292305363839956e-02 2.225010688493794450e-03 -7.429592479644080800e-05
1.434725016439714236e-02 -7.035081863006378486e-03 2.583155116655912534e-04
-2.090823585728847009e-02 2.904315264148281134e-03 2.258252604354733014e-03
3.061061580070114155e-02 4.034857632433060115e-03 -3.028486445729505002e-04
3.603467666531183500e-02 9.280812692893852800e-03 -3.886700552324154063e-04
-1.567612633772451011e-02 -1.462808286051327710e-03 -2.068028606865222538e-03
-2.001839286925044190e-02 2.212884925711138418e-03 -4.119247470634788445e-03
-8.750395729410158363e-03 -6.047767261665936214e-03 6.711909052670255154e-04
-2.558461855434255097e-02 1.013982259983092077e-02 -8.270421110745074592e-03
-2.226535882793474405e-02 4.546377313663996569e-03 -4.979812265944402912e-03
-1.897859972129473452e-02 1.247645138301452673e-03 2.238595830830416092e-03
3.094933281681856024e-02 4.365337431638753769e-03 -3.678304292307103623e-04
-2.079202304535391482e-02 2.727107837081644767e-03 2.027588290418186334e-03
7.303938791659154951e-04 -8.952821720925313934e-03 8.694902446193771613e-04
-1.785776712320693779e-02 -1.431412210127084098e-04 1.536489148624398636e-04
-1.906288324367068701e-02 1.060238793096624421e-03 4.580821123528741926e-04
-2.063344891452120397e-02 2.527129167390219661e-03 -3.628188870604813140e-03
1.789569645866807834e-02 -5.261337823141440037e-03 3.870164462252406864e-04
-1.673614756938165971e-02 -9.566960822387634775e-04 6.067312138288764823e-04
-2.222300398644553796e-02 4.790831865770325826e-03 -5.499203936792177068e-03
7.469189797012706043e-03 -8.896231923265418215e-03 3.550689375198098820e-04
3.315461118821343839e-02 6.443712876175400339e-03 5.520021549407293731e-05
-2.283223199355673139e-02 4.855845274023297235e-03 3.099796209672843906e-03
-2.406730807542615050e-02 6.204960613056314730e-03 3.499252644559387206e-03
-1.609758507992670867e-02 -1.418429871971291093e-03 8.837503953506338364e-04
6.609131944425356356e-03 -8.882431448298080609e-03 1.768320094785602202e-04
-1.238670583449832767e-02 -3.891635907148154397e-03 8.262609893936144478e-04
-3.837765418725472191e-03 -7.493198635199043063e-03 1.217811318927718286e-04
-2.054779490870469946e-02 2.528890341056046036e-03 -3.373320316005735432e-03
2.893463143840810988e-03 -9.148290339739243576e-03 3.908151074011026915e-04
-2.370187863234209449e-02 6.841613175920830715e-03 -6.564651464329929881e-03
-1.926447204870672739e-02 1.270442055123877567e-03 -3.291051657590000814e-03
-1.387243450854154514e-02 -3.156480174507700093e-03 -4.317575049480822688e-04
5.571484819797638439e-03 -9.173054932825665600e-03 3.783270009297225243e-04
-2.348548946211341873e-02 6.389908961319729248e-03 4.203220484700583189e-03
-1.867785431313272182e-02 5.172580752839422069e-04 -2.512506602242460182e-03
-2.144871437567846123e-02 3.917385657145983253e-03 -5.126449336094685873e-03
-2.036361755565522721e-02 2.339859581541922813e-03 2.037426212512998686e-03
-2.074784679233936460e-02 2.851326237082599160e-03 2.535886006345215802e-03
2.999746333513838431e-02 3.508535983177876478e-03 2.198897957957859255e-04
3.998492979785502055e-03 -9.228448282551994161e-03 6.161289008576039750e-04
9.696440856662835034e-04 -9.055238153213089961e-03 3.793120598652073312e-04
-1.704229715410258625e-02 -5.031754661467799416e-04 1.517328470695128786e-03
-1.989507697906861897e-02 1.709966738959106843e-03 1.073541085012507139e-03
-2.177348283115216471e-02 4.231365203788459151e-03 -5.134815068337227409e-03
3.819039937610776286e-02 1.177761893115560760e-02 -2.274123958804567770e-04
3.870727176864130481e-02 1.253550028843950642e-02 -2.275934605082413230e-04
2.143122941512753260e-02 -3.164166605602885488e-03 3.534296356032818600e-04
2.837325320443809598e-02 2.004334582611940439e-03 2.305185642398783759e-04
6.707163813468637430e-03 -9.210904633315288026e-03 2.445069882590670488e-04
4.049014524525471059e-02 1.467577391711124418e-02 -1.287739016608044460e-04
-1.966714543373771287e-02 1.866612907244697252e-03 2.356501066685401987e-03
-2.060775691018702088e-02 2.564489424550601363e-03 2.157598947021825263e-03
-2.067357321427720773e-02 2.511277877051199155e-03 1.690570644488323133e-03
-2.538307165851217892e-02 9.810148751268506911e-03 -8.222062221087150791e-03
3.556047240260500758e-02 9.212081188842272117e-03 2.409196117748354637e-04
1.301008736302936876e-02 -7.504389377560417157e-03 1.528528658848248866e-05
-1.633508102206969806e-02 -1.316116359833422594e-03 -3.629628012086340912e-04
-2.128304621425839913e-02 3.151833669203840064e-03 1.825464683528894242e-03
-1.845215139872406762e-02 3.657286798137828008e-04 -3.223409208665970675e-04
-2.506356050724315929e-02 7.647399141799994526e-03 4.644181647719449954e-03
-2.118377153874385216e-02 3.250607236474435495e-03 -4.496346060685979702e-03
4.552045676082110831e-02 2.156532226715838357e-02 -5.659471472517438057e-04
-8.701924656659091456e-03 -4.691877578169851952e-04 7.930020106117235956e-03
-2.308119945386714542e-02 5.717658887339048188e-03 -5.881092651639217503e-03
-2.191532206248886921e-02 3.689907407023827919e-03 2.072859720492606795e-03
-1.218476221260911090e-02 -4.147816790367700457e-03 1.927462820094042058e-04
-1.452950987221134083e-02 -2.632456590977560323e-03 7.660793315039174378e-04
1.270762059500504977e-02 -7.651154296972888409e-03 2.085316169519276419e-04
-1.923505522721048397e-02 1.018770023135083915e-03 -1.382182289081808867e-03
-1.579640015412007818e-04 -8.221527794927090474e-03 -7.024871348264153433e-04
-2.730707045906490688e-02 4.078653483041213418e-02 1.158544945995615243e-02
3.448767249418239339e-02 7.858019835816222598e-03 -9.940147902901098973e-05
-1.650998425472138473e-02 -1.146820187650700535e-03 5.634736665288275640e-04
-1.513712319502629258e-02 -2.132901835068889019e-03 5.425893696879482281e-04
-6.996869981681679701e-03 -6.482717872228012726e-03 2.506419155756879364e-03
-1.396332877276020186e-02 -2.924153808578111233e-03 6.161891241652898716e-04
9.614037091821505884e-03 -8.375266990891735985e-03 1.182156510710815478e-04
-2.008097401234094220e-02 2.073136304041589377e-03 1.936023435634979736e-03
1.627684782810177172e-02 -6.169216928525767495e-03 3.759589200921927238e-04
-1.449902089195208646e-02 -2.087616868000111061e-03 1.251544910236117867e-03
-2.051473336159339092e-02 2.166657504058194274e-03 6.899213301170148025e-04
-2.008675868624999750e-02 2.191549935948214865e-03 2.339198965823764513e-03
3.072381545911414061e-02 4.239321164700401642e-03 -1.069780784242176184e-03
3.565307473390528364e-02 9.028354280597278639e-03 1.700060434155567111e-04
-2.095285434685558931e-02 3.228590660363167292e-03 -4.427914645604346701e-03
3.519068562762991265e-02 8.674384630127944876e-03 3.757482392204455576e-04
6.266954641907952067e-03 -9.138695433402491478e-03 1.108863280567161868e-04
3.430658948222459897e-02 7.499392469786962494e-03 1.789323573976107473e-04
5.723586461000382090e-03 -9.220355808309505657e-03 4.507790235297786589e-04
-2.053918871033897503e-02 2.764210458754493612e-03 2.909634670831858297e-03
-2.028631269832304254e-02 2.309857142214042421e-03 2.019202175853782380e-03
-1.868517601879945630e-02 8.314549587342395928e-04 1.818828602061317882e-03
-3.080522585327242872e-03 -8.668832385960893033e-03 -4.276055509622958702e-04
-2.180831795446654814e-02 4.388419153365709195e-03 -5.410549503242318217e-03
-1.890350791964799659e-02 1.152551676531030989e-03 2.206348900323154474e-03
-6.565192292026713217e-04 -8.939213875664779943e-03 4.135465228249739483e-04
2.768313741871348058e-02 1.514585314112783026e-03 -5.774193861615308345e-04
-1.751390721008007356e-02 -1.481229545845081622e-04 1.513138713275006359e-03
3.134384400183321852e-03 -8.568473095969116396e-03 3.649196129963448807e-04
2.874324358970447441e-02 2.412939862779926291e-03 1.486946850201233312e-04
-1.613093542580413750e-02 -1.479561421670819252e-03 -2.071124089016775647e-05
-2.155135103261868190e-02 3.836891346047594485e-03 -4.916288461873153867e-03
3.319842210968456525e-02 6.589624803490781377e-03 1.007310216471620580e-04
-1.335562445782466010e-02 -3.300402323074505106e-03 4.179518913548284993e-04
-1.750620067671486771e-02 -4.266104471704124167e-04 -2.320430161245707820e-03
5.510789873834388841e-03 -9.120673866210403033e-03 3.535160155025746554e-04
3.709461017581291292e-02 1.082171961495005837e-02 3.045240141343290969e-04
2.718588166687355839e-02 1.022822573358275408e-03 1.938973470830820597e-04
3.258730400554053774e-02 6.050617517235973124e-03 3.232269966742277122e-04
-6.775781853994401922e-03 -6.707263422472937477e-03 2.313543839883818571e-04
3.424583772675820342e-02 7.533192824301669643e-03 -1.072861430786378479e-04
2.789215049008793995e-02 1.663722593822908671e-03 -4.190024463497604539e-04
-2.269891929960393684e-02 4.596614944789497240e-03 2.643781929281705835e-03
-1.506099315349693560e-02 -2.479172130807186236e-03 -1.480531124927951655e-03
8.458106345888973671e-03 -8.844220330234580860e-03 3.028062237550050036e-04
-2.135602897531032121e-02 3.313607960716623106e-03 2.351967370926161694e-03
9.935071056397892612e-04 -9.068609441669846574e-03 4.116069618019266383e-04
1.624569017177499367e-02 -6.186058896187953196e-03 3.143717864903156664e-04
1.793685715471333292e-02 -5.208635176988644748e-03 1.573249624266016844e-04
-2.265452410893153273e-02 4.835536925434601001e-03 3.485768486016409609e-03
-8.799147367313346624e-03 -4.975434304708962097e-06 8.257533826045392739e-03
-1.507101440717484699e-03 -8.763137633617070973e-03 3.332046411891610954e-04
2.060801622708306746e-02 -3.854962616949726521e-03 3.674828013799061495e-04
5.984475906442141349e-03 -9.043380383927962507e-03 3.363133850030942148e-04
-2.336815170035095798e-02 1.388112972390261046e-02 7.425117676897563350e-03
3.000037806286253578e-02 3.459869620436785247e-03 1.071760532359301279e-04
-1.579607354144131962e-02 -1.320585166621637699e-03 -2.308953693343114132e-03
2.724293315014529593e-02 1.113121084600725633e-03 2.681912128858904829e-04
2.905551385783897850e-02 2.682063572318154395e-03 2.284606469402390553e-04
-1.954835390826087371e-02 1.739785230979493330e-03 -3.953559090522675012e-03
-1.825557913417793360e-02 2.971065995942379187e-04 -2.727891042331402355e-03
-1.528114051807904702e-02 -2.052100832356787505e-03 7.571455004533677409e-04
-2.125519505999794168e-02 3.221866955855592907e-03 2.484513957768673658e-03
-2.096434047130833062e-02 2.766577468889214880e-03 1.529404615783933226e-03
-2.189633688261164238e-02 3.963378003306922484e-03 3.064193733750791675e-03
6.709115893167377602e-03 -9.132424327348774920e-03 3.086835399185825250e-04
2.028038385458739816e-03 -9.247117496833661895e-03 5.051779947087223915e-04
1.508808793847368594e-02 -6.682961711105292121e-03 2.221625229332548632e-04
2.519875162891933168e-02 -4.957963868320526719e-04 -2.354580643551432655e-05
-1.318811863951220272e-03 -8.648187074926060036e-03 3.239062218056493669e-04
4.524401773196548571e-02 2.118543821474289796e-02 -5.041462236516963593e-04
-2.090904651976321568e-02 2.767108574557674769e-03 1.733453633135387034e-03
2.827348596153728133e-02 2.162658429185961972e-03 5.520466299624517982e-05
-2.038694842853592398e-02 2.773311779196219792e-03 -4.526839435802725020e-03
-2.124530205849256212e-02 3.016723456861322879e-03 9.247245433807603412e-04
1.166051729603929596e-02 -7.805835651541995386e-03 3.048740907919099147e-04
-2.091733188323562781e-02 2.715807633773182576e-03 1.021234643425586019e-03
4.400314247614318594e-03 -9.269092502152501481e-03 1.938575980853942499e-04
-1.446144856630464035e-02 -2.701396556426057145e-03 6.916036956267933083e-04
3.494616848895044925e-02 8.433770955934670119e-03 -1.536666496818544754e-03
6.278597947999199451e-03 -9.158524595960308365e-03 3.623596525229550260e-04
3.909161479648153720e-02 1.258833318581651858e-02 -5.502203661769321198e-04
2.271543262289946533e-02 -2.265797723046057439e-03 -5.233083651872226906e-04
-2.128011244937686938e-02 3.370583399365476799e-03 2.629840768036161621e-03
-1.631749307394316298e-02 -1.027430362946863719e-03 1.719928252744092707e-03
7.587575343197235436e-04 -9.131721165466647958e-03 5.278028059488552469e-04
-1.979917186486772340e-02 1.685567847617553197e-03 1.364530900286984151e-03
-1.438786217760049460e-02 -2.738225833069198208e-03 2.935476445037036209e-04
-1.961627209314393758e-02 1.892472135909440897e-03 2.347750265588967062e-03
-1.578306891608433418e-02 -1.756584035779024978e-03 2.809329259254066732e-03
-1.769846906194269195e-02 -1.541426256394741630e-05 1.439707757187817794e-03
-1.467601876383248585e-02 -2.611137742400914535e-03 1.172436535617773991e-04
5.222619055414223950e-03 -8.874525891576902012e-03 3.438010246780438258e-05
-2.276598181638941551e-02 6.017714659844609904e-03 -6.535543322719689074e-03
-2.066289478095429191e-02 2.591246975021461747e-03 1.839049316927301178e-03
-1.989912971393809071e-02 2.232197066834563058e-03 -4.179799906358909467e-03
2.722985204610115298e-02 1.104077041944218681e-03 -1.243494025722933973e-04
2.749295609312886815e-02 1.325834754712443058e-03 -2.564776076495098832e-04
-1.564190066050691677e-02 -1.861184966141269737e-03 -5.347145956012414394e-04
8.182541752219321327e-03 -8.841169593421538755e-03 3.012508680195532390e-04
1.258530741160661555e-02 -7.429894202280997763e-03 3.123437385422293540e-04
3.168433287057591946e-02 4.966702760542142207e-03 -6.957700934516550121e-04
-2.339922512636499405e-02 6.294539616409823395e-03 -6.215493437114472976e-03
-1.402267666073316564e-02 -2.445813548913947956e-03 1.478501730477998740e-04
-1.781157089246642247e-02 -1.290167730172975247e-04 -6.641958219493898641e-04
-4.396511745240632742e-03 -7.302080585137435756e-03 7.014362802097934627e-05
2.362599469707276061e-03 -8.807161796447872046e-03 1.891895448380573818e-04
-2.368707888519554564e-02 6.965336080374842989e-03 -6.478216510144138053e-03
6.657437757079178202e-04 -9.056234054924892571e-03 1.910552753867460196e-04
-1.762065256508245359e-02 -4.145291252295721157e-04 2.394535548173015163e-04
-1.764935225619104417e-02 -2.669973366541191786e-04 -1.521424543849172681e-03
-1.940345924735815616e-02 1.486050310169991949e-03 1.625426639069054964e-03
3.374376985713634092e-02 6.983578240184437277e-03 -7.911345943096446606e-04
-2.194691351083302017e-02 4.419397979005619016e-03 -5.232024213739825368e-03
-1.571801501813818377e-02 -1.675886051213009223e-03 9.142090794071157855e-04
-2.299795297786597775e-02 5.353637367605756231e-03 3.726770560928470682e-03
3.936929198686166254e-02 1.299828285059730082e-02 -1.111935866133239876e-03
-1.832967011348603584e-02 4.135697791974894330e-04 1.071788636608668075e-03
-2.376360059546785489e-02 7.240665092884936149e-03 -6.953924734709253722e-03
3.586340520196405757e-02 9.116914944736596513e-03 -8.882973277672506741e-05
-2.385173670450860955e-02 2.067902771878547472e-02 -6.933344985606474178e-03
1.293547521624918749e-03 -9.078352146468146242e-03 8.276004073027860668e-04
2.604323367309738582e-03 -9.142916382949435247e-03 8.740875039621392268e-04
1.827683006557011269e-02 -5.079885617834409631e-03 2.788798782753683370e-04
-2.085365229270247020e-02 2.533840118227889595e-03 9.508768794191959067e-04
2.911429106346793971e-02 2.859812244515416799e-03 3.455475845306588242e-04
2.058338338667466474e-02 -3.794466894983388426e-03 5.451563562347893710e-04
-1.840596726109505754e-02 6.161891150376827813e-04 1.788957437940873543e-03
4.276255926742087549e-04 -8.809821123169973150e-03 6.601816747172601718e-04
-2.203692379490504796e-02 3.872142858425040978e-03 2.270657614599320365e-03
-1.586243405448203164e-02 -1.741096626577037787e-03 -9.573386384252589084e-04
-1.694067525749475001e-02 -5.068697286676572067e-04 1.599219485762201761e-03
2.032018586887277337e-02 -3.827733965692554398e-03 2.578052627413266362e-04
2.264976183113170602e-02 -2.260825866086256259e-03 3.671520860536487828e-04
2.942535253697245445e-02 3.024054205969998414e-03 2.704737537890931258e-04
-2.186110931116453521e-02 3.831011887293464882e-03 2.678055550147418005e-03
-1.991561909327841176e-02 2.016947066037748024e-03 -3.632806101690023732e-03
-1.631370471272663297e-02 -1.457472043851895009e-03 -6.182192759456804068e-05
3.693661520646378954e-02 1.047003381259888760e-02 -2.954542092119049148e-04
-2.603580376831440141e-02 3.209782493325230579e-02 1.035654837892877565e-02
4.081538194413357468e-02 1.489771524533005029e-02 -3.332733541734713453e-04
-1.573114020243911865e-02 -1.659924229998160396e-03 9.926533299391038408e-04
2.402982392560977856e-02 -1.350062256134383415e-03 -3.341620320426264766e-05
2.803030277699738310e-02 1.818879448809903113e-03 3.696640605049454311e-05
-2.364376200151998078e-02 7.104695984313529403e-03 -6.572738705006625839e-03
-2.219093944466818749e-02 4.582658520214625587e-03 -5.367046895667821477e-03
5.859580753477401649e-03 -9.247010379690811729e-03 5.142642559048876206e-04
4.601922852864394342e-02 2.222380910909332180e-02 -6.501091569269783080e-04
-1.419120946562946184e-02 -2.932281058926752490e-03 3.723614969621450821e-04
-1.953357945185260972e-02 1.575988843268499038e-03 -3.528026798176678910e-03
2.784834177053874954e-02 1.642064844719632070e-03 1.096600659176821102e-04
-1.287883695724082594e-03 -8.508980383141259360e-03 2.827367308912358919e-04
9.812934644954474095e-03 -8.476267712438650612e-03 3.965001264823295895e-04
-2.439875311426766349e-02 6.981146451193144184e-03 4.540827393727886983e-03
3.102507711767183221e-02 4.440096194700062643e-03 2.581676417126875013e-04
5.625680388807029197e-03 -9.219614280566387071e-03 2.692275401955636577e-04
1.831303676910517320e-02 -5.120575785294138350e-03 2.017286356165447258e-04
4.536970104104923185e-02 2.188614567033030783e-02 -6.290340605638439740e-04
3.452760572285238760e-03 -9.373075384053400003e-03 3.603775523883700127e-04
-1.931119762281299779e-02 1.238936247550819630e-03 -3.277387426920806961e-03
-1.616824340612982303e-02 -1.419286471559817091e-03 1.892807246579986070e-03
-1.797438249057431783e-02 3.515115061787383449e-04 1.962766411070049431e-03
3.245827458381593533e-02 5.798053705953949873e-03 1.468925231127917743e-04
1.571750722476206175e-02 -6.381389578110828638e-03 4.104427133504340731e-04
-2.188209933566278523e-03 -8.344543257214577167e-03 3.214638475597256587e-04
8.971350399172826201e-03 -8.574284074033745873e-03 1.354650753024878829e-04
-2.634484179001756604e-02 3.442787294456398778e-02 1.067239048697603450e-02
2.477680121877679636e-02 -7.826378578814105307e-04 -7.554924364373491203e-05
-2.286814571976772056e-02 4.534685697212775465e-03 1.651168563623379906e-03
3.270692113270792095e-02 6.130844986129699477e-03 -2.022981185973024771e-04
3.789018269457754273e-02 1.160150064122148980e-02 -2.827929871562304825e-04
2.379684651314340534e-03 -9.140849002163348863e-03 4.602831668898605712e-04
3.892945148188775573e-02 1.269742743865465498e-02 -2.073474378527480420e-04
3.682042378083368386e-03 -9.186411728888546971e-03 8.252308453419218270e-05
1.235846962645592573e-02 -7.829950941698282305e-03 2.843179346250056662e-04
2.880509301154487653e-02 2.373773993838105157e-03 -6.458394006303509911e-04
2.357564357006119993e-02 -1.627266409352762233e-03 -3.688003903144537916e-04
-1.629720300006906597e-02 -1.211057092277427862e-03 8.703187703251254355e-04
2.804014076723105459e-02 1.790769089353039072e-03 -1.044123229773441259e-03
-2.172006454823990212e-02 4.252336336064493731e-03 -5.190670374972422563e-03
-1.938446919246650246e-02 1.190549792969409701e-03 1.372046262379546504e-04
2.120258505822809544e-02 -3.412084410399820588e-03 2.238777319546034119e-04
-2.144029032486543390e-02 3.212820242651695957e-03 1.912037625002977002e-03
2.851866196323318489e-02 2.206338769281310924e-03 3.630647424622899914e-05
3.459641199735027928e-02 7.942588915609206934e-03 -3.702189613952522112e-04
-2.217823061653848363e-02 4.756425833831772615e-03 -5.527653524562925642e-03
-1.992188053874968667e-02 2.126714547401305742e-03 2.240517849973141379e-03
-1.725375539160294014e-02 -2.959225649283787657e-04 1.521178423969715872e-03
6.198407522130512833e-03 -9.229210265456148227e-03 3.094518265222776236e-04
-1.796606674899828629e-02 6.246867035484015597e-04 -3.482334058572685888e-03
-2.133969149428330964e-02 3.259799649143069449e-03 2.402759188742708066e-03
-2.054850186864416034e-02 2.503384478936923965e-03 -3.437824434859074879e-03
-7.235753263180377814e-03 -6.393549150477563676e-03 2.556500588775809969e-03
1.103390766906351458e-03 -9.088517372194387239e-03 5.257539325247876467e-04
-8.235501153826992049e-03 -5.375374412657026209e-03 4.773702389634502832e-04
-2.187303737136484655e-02 3.762524046891179037e-03 2.393187600110825361e-03
-2.006078976535336303e-02 2.235255313664018598e-03 2.461026420414915827e-03
2.217748555988297704e-02 -2.780032601465863649e-03 3.182599719333582215e-04
-2.496849822359640224e-03 -7.218410973539614132e-03 -2.645219545689736539e-04
2.452983952437597093e-02 -1.049884650753136984e-03 -1.138346011183281772e-04
-1.491155901212248662e-02 -2.246169858100170030e-03 1.041303723716950234e-03
-1.928143957508168457e-02 1.223088707920446435e-03 1.091656295264658953e-03
2.841087687012541774e-02 1.991861921308965902e-03 -4.844093830212962016e-04
1.981166845065179122e-02 -4.314051913068618280e-03 5.439619749292627865e-04
3.119403259634294726e-02 4.660370068516392697e-03 4.737342298118742438e-04
-1.830293700556437017e-02 3.082180249951272473e-04 -2.324601022599221897e-03
2.616595007147616558e-02 2.908020193045430428e-04 2.664816256978698710e-04
4.793133536427462114e-03 -9.398426789497730735e-03 1.496001794087270010e-04
2.978309843934522430e-02 3.293426212918312227e-03 -1.588294010862269820e-04
-2.071592181301059460e-02 2.816336511792999920e-03 -4.064451486842516996e-03
-1.914272586045790564e-02 1.299927603919677271e-03 1.925517599193857145e-03
6.277705054959922641e-03 -8.998711903795348840e-03 7.791449828469240247e-04
-1.506363380563951679e-02 -1.946647220329600402e-03 5.055691785363704586e-04
-2.284061347652456553e-02 5.675937849241825990e-03 -5.967645655492864569e-03
-2.035204849128924645e-02 2.158786861221131947e-03 1.470626127013863020e-03
-2.021940294087231152e-02 1.922638135241013652e-03 -1.645465837597502676e-03
-2.051750433830085499e-02 2.708558060491488353e-03 2.533247906127619308e-03
2.934468508673119397e-02 3.016336900684712247e-03 8.244972199986547548e-05
-1.947997374508457849e-02 1.506790249845669583e-03 1.796452965093642403e-03
-1.635641141787277236e-02 -1.233283124142690867e-03 8.772687765107251359e-04
-1.121363475716832987e-02 -4.494057629430316114e-03 -9.951716286673485830e-05
-1.357966656686407717e-02 -3.243240284640088074e-03 2.012837818359534178e-04
4.327647891464490339e-03 -9.324195462694133407e-03 3.878294463555913394e-04
2.861147698615561577e-02 2.360947181893585656e-03 1.226351787354725020e-04
1.213151658553622905e-02 -7.720404921682812692e-03 3.907413564771959114e-04
2.353697400587874411e-02 -1.690366457014052474e-03 4.206694021329237827e-04
-1.915839707703129863e-02 1.130987732112401700e-03 -2.654917987701798515e-03
1.016038865072798301e-02 -8.229380041093310727e-03 1.389495483688766480e-04
2.986300284881870590e-02 3.411900129272474498e-03 4.355523227403441814e-04
1.807184863954858917e-02 -5.362472665694316583e-03 2.311606909372610212e-04
2.928665677149112218e-02 2.828518662113124662e-03 2.464553514504723734e-04
-1.955711652441253362e-02 1.563936893893049570e-03 1.682496522975620830e-03
-2.193887698315492504e-02 3.798244846118317437e-03 2.264084081043617538e-03
-8.287689103478802777e-03 -4.112223067028624758e-03 4.923745069680294725e-03
2.155150543480794864e-02 -3.075872015939553391e-03 3.646403136216180472e-04
1.192184441599854661e-05 -9.076520352787827844e-03 2.259371892324712474e-04
-2.119665811543193935e-03 -8.367348781088579379e-03 -5.719169123564054897e-04
-2.138255352289843494e-02 3.762929552271732179e-03 -5.075028948475682200e-03
2.646534824131061350e-02 4.933242644268829051e-04 2.920200959803370537e-04
-1.946506626645333818e-02 1.721263177735041965e-03 2.396516073563521171e-03
2.331223591859211963e-02 -1.935230615106861085e-03 1.471029054351306008e-04
1.325648254587760526e-02 -7.338602378867230616e-03 3.970751371847939496e-04
-1.843612921275124272e-02 3.810925699840967350e-04 -6.529048119088339420e-04
6.491120342197087036e-03 -8.999557516502986257e-03 2.935046314985644196e-04
-2.105533670423269041e-02 2.937064302000637252e-03 2.050737517345338837e-03
-4.254963994419890677e-03 -7.810740157929371014e-03 2.891347496968175112e-04
3.116969659548652141e-02 4.503647190152375128e-03 1.831737857164899880e-04
-1.953734494299629379e-02 1.725956925449803007e-03 2.140775866435722357e-03
3.740141630968080860e-02 1.129819999235144069e-02 3.861059382696305870e-04
-1.882220554643711935e-02 8.900620920681487358e-04 1.527832204488734557e-03
2.565132525080941750e-02 -1.313276858057878488e-04 2.935195389690614448e-04
-1.873432960048262985e-02 8.125665814035946738e-04 -3.292422499064431851e-03
1.597188351243786913e-02 -6.359517453080709530e-03 2.118689275401896860e-04
1.201160811184365761e-02 -7.917501478479308658e-03 2.072382101809360205e-04
-5.234288172120711916e-03 -7.446631108533581858e-03 3.159241173896233917e-04
4.235721943098465225e-03 -9.286556139901827600e-03 3.085105714961282114e-04
-1.848900525449192339e-02 4.550153055237737810e-04 2.189076395534450981e-04
3.938064614073730901e-02 1.290785088198936198e-02 -6.159655400907263758e-04
1.646242249425089454e-02 -6.009678794361380562e-03 1.493342555834544557e-04
-8.856974761571725918e-03 -6.026021698265202065e-03 -4.426999246593582614e-04
1.849748081095995908e-02 -4.910162200895284816e-03 5.393660335953152631e-05
-2.505671514634149125e-02 7.386879380382382551e-03 4.169588710225598932e-03
1.826989857609695456e-02 -5.050309174279316027e-03 -2.891695281275378322e-04
2.225899241879058035e-02 -2.455253951588023346e-03 4.202332802995096769e-05
5.808222052860024555e-03 -9.146607494240921801e-03 3.735769874747324384e-04
8.839624935544208861e-03 -8.762785204226920463e-03 3.142117406641557439e-05
2.624949488236053008e-02 5.445409449628112750e-04 -7.650111944031988452e-04
2.642113883570588323e-02 4.401740502948221171e-04 -6.600336995502033288e-04
3.051392026898879298e-02 4.050411826193942542e-03 -1.161547327189158115e-03
-2.388157157772830691e-02 6.814040875328090767e-03 -6.409675733877774617e-03
2.907293401563844273e-03 -9.293745838618640634e-03 5.186488225333364980e-04
4.128872931441547600e-02 1.505552653476233127e-02 -2.284874204342241151e-03
-2.179770310246355314e-02 3.914001458804745349e-03 -4.649739048426896129e-03
-1.867741313380044330e-02 1.038336302994833163e-03 2.241352240413291980e-03
-1.334019871809573321e-02 -3.603991541570246947e-03 -2.617025597183418205e-04
3.571867867910837741e-02 9.000113310195918120e-03 -1.022476654833973098e-03
2.996855326087612126e-02 3.583546551679725727e-03 -7.815443403023748315e-04
-2.275351228105354853e-02 4.858605313972362214e-03 2.893565554523563638e-03
-1.379431109986033535e-02 -2.930947323316378163e-03 7.297942697707972531e-04
-1.244538387343385212e-02 -4.162546405033996401e-03 -4.369379298402167942e-04
-2.146316141126108912e-02 3.741842210003351512e-03 -4.757367046594619849e-03
-2.349180621902280733e-02 6.375315687962588261e-03 -6.213468431060477012e-03
3.467913587305525985e-02 7.995012358150026255e-03 7.992157514119788400e-06
-2.055821360454561375e-02 2.379965512268817154e-03 1.501792264578125091e-03
2.932962654389046145e-02 2.943494666829487086e-03 -1.627049625827114889e-05
3.555034128170764945e-02 8.827508558456825458e-03 -1.070472645646083085e-03
-2.176140670520735482e-02 3.742481336965960970e-03 2.245907151858774799e-03
-2.124689234177360234e-02 3.170540821120980141e-03 2.190856126931090778e-03
-8.727896511417275460e-03 -1.211751274451330646e-04 8.187347963261315531e-03
-2.627168479873740609e-02 1.162142577796442151e-02 -9.137803449948566151e-03
-1.257902239427009274e-02 -3.389378309665153077e-03 4.851427945548806957e-04
3.076138536140264265e-02 4.136652284597681570e-03 -1.893204900412724092e-05
3.465462132802797635e-02 7.965244046456548474e-03 1.343651562435665655e-04
2.924016865674497825e-02 2.935286938184376599e-03 -8.821092794575019057e-04
6.335289310239922318e-04 -9.183858518576988247e-03 3.318499544176123795e-04
-2.261418517249735513e-02 5.145449556468363432e-03 -5.521817653098040103e-03
-2.304558386354161464e-02 5.072695294337608435e-03 3.084475840746346825e-03
1.307718128005148223e-02 -7.373450717633173515e-03 3.881824278841712280e-04
-1.720818522126086464e-02 -5.237019710616397416e-04 1.125394965666812186e-03
3.096917803296326058e-02 4.363201437658562748e-03 4.397384391266894417e-06
-2.151508543680453675e-02 3.526748173558173164e-03 2.239299740298088173e-03
-2.388861425245423706e-02 5.956360309274624093e-03 3.105220114622250609e-03
-2.478567172268872007e-02 7.017127743425033946e-03 3.695330449147173589e-03
-1.566383074034384537e-02 -1.683269950443274472e-03 3.382861763770886408e-04
3.583174976444307436e-02 9.128064772553049280e-03 -8.075391465481554683e-04
3.522523120471398456e-02 8.669412793878150322e-03 1.401233322933473791e-04
-2.169542040144366302e-02 3.672644145905564188e-03 2.543767612163998909e-03
2.722108352375937450e-03 -9.331814422793465943e-03 2.206167077671241543e-04
-1.308226080395888044e-02 -3.479021272967837246e-03 3.694645319071414454e-04
-1.500892929744276991e-03 -8.462728227734086020e-03 1.949975060308567606e-04
-1.739935674401974289e-02 -2.038413491220091771e-04 1.477591329365250889e-03
2.281752683517924291e-02 -2.188589036465915256e-03 -4.902803715743273526e-04
7.387812936714494710e-03 -9.056141750435760598e-03 3.301356534502281818e-04
-1.724317626815738760e-02 -4.142586396812590567e-04 1.281679662476679612e-03
6.649348753440531556e-03 -9.039549194180242220e-03 7.702214107589555733e-04
2.787641928113795964e-02 1.685312269508708761e-03 2.013713659957980608e-04
-5.839960685916652412e-03 -6.668484351237504056e-03 2.076175439450011519e-03
3.454771629261330470e-04 -9.110105743614614615e-03 3.104666015602878214e-04
-2.255922256866441447e-02 5.499980387551787336e-03 -5.982766592857909072e-03
1.570574112265264027e-02 -6.251355178637505935e-03 2.884014801450995478e-04
-2.238900327762118753e-02 4.364462685737812396e-03 2.767946712915637410e-03
1.514436636746731811e-02 -6.614547833772685577e-03 2.695426519023830974e-04
-1.882568966368263971e-02 9.130727859417211165e-04 9.731468717770102098e-04
-7.442972791337888402e-03 -6.616389722072217421e-03 1.574290207403689600e-03
3.728991910792695355e-04 -8.580211980973719704e-03 4.511857249998588648e-04
-1.644218765536951607e-02 -1.273537563482178819e-03 3.148190707311720408e-03
-1.897334257925249387e-02 7.910516831608303953e-04 -1.277684230530707439e-03
-5.847305241641178979e-03 -6.425022144941225540e-03 -3.224136336141944417e-04
-2.040449044512981577e-02 2.581612245336478619e-03 2.653742880130352880e-03
-1.487572497683489845e-03 -8.308667408212858096e-03 8.421270452954575120e-04
-2.104120370657152836e-02 3.152535787174377910e-03 2.571493985070463350e-03
2.741276501214892636e-02 1.386255288496584560e-03 -5.884562896387624149e-04
-1.981155315107048509e-02 1.711395769279695604e-03 9.600645461541094071e-04
3.729076280128771487e-02 1.067155833728561723e-02 -8.219957300632597984e-04
1.612663131145501694e-02 -6.363399807078513881e-03 4.379014469091341375e-04
-2.358088289131330534e-02 1.060254436838014777e-02 6.335202874290155745e-03
-2.559711033268570121e-02 1.017908657670989030e-02 -8.382287238535780088e-03
3.069944413326998814e-02 4.166177196638526717e-03 -8.534939731051712939e-04
-2.717633698552975388e-02 3.943192055968095661e-02 1.137729227643230652e-02
2.443867003140058961e-02 -1.131378415512746330e-03 -5.667846586641176864e-04
3.213006572546967671e-02 5.486297271176577943e-03 -9.223602734224167592e-04
3.547191082521845146e-02 8.723707393235097945e-03 -9.502515951265196178e-04
3.216429696552826085e-03 -9.271813304414589299e-03 4.492054479508287668e-04
-1.890138220337164374e-02 1.013570352983797019e-03 -3.103529764103957461e-03
-1.565200389634892678e-02 -1.890543301911181990e-03 -1.799958779682609214e-03
-2.288142267584390363e-02 4.849443680077157072e-03 2.694594798971966954e-03
3.337109573796994549e-02 6.645161623694710584e-03 -8.627449855977181638e-04
-1.863227830697906928e-02 9.102095314136884842e-04 1.940572794504837788e-03
2.216658413669380257e-03 -9.263109370608889337e-03 3.793855722505681534e-04
-1.427565999412626439e-03 -8.668370806912319843e-03 3.399500919063613152e-04
-1.879991548644449964e-02 5.661400830581131459e-04 -1.321973111286433786e-03
-1.738329226983070797e-02 -2.829728104616644011e-04 1.067480292770111097e-03
2.360454226432539410e-02 -1.674617056032244805e-03 -6.967995833332874976e-04
-1.823463487117204379e-02 3.632869890977561095e-04 1.064317037403571514e-03
-2.288765092837497656e-02 4.829814826892910029e-03 2.856861776915687635e-03
2.194621680364412450e-02 -2.639714299459959470e-03 2.526201261556386196e-04
3.305074786726432817e-02 6.428212118747942024e-03 2.067739673890297430e-04
2.425592282750034523e-02 -1.012317078423370436e-03 -6.967013299534309881e-04
-2.245957551033248012e-02 4.374045207196549864e-03 2.431536645792782298e-03
1.264741544220113548e-02 -7.699792094758800207e-03 1.059847388498624023e-04
2.592027960878495740e-02 1.018149157444878735e-04 4.351380290787675042e-04
-1.856883201824829910e-02 9.092555428870192826e-04 2.160530784282351218e-03
-2.094165700369954655e-02 2.965796741258359959e-03 2.432735825861825213e-03
9.201878343224827173e-03 -8.464392661297788500e-03 2.146205809011590454e-04
1.590037876770572251e-03 -8.461287793420233655e-03 7.916401295547749245e-04
-2.150759472200223371e-02 3.489554783971566664e-03 2.290853253077587779e-03
3.429440938221631208e-02 7.525412372878006670e-03 -2.725204165662457986e-04
3.022452024687099711e-02 3.726127570495521135e-03 2.712774651054119190e-04
-1.928994352270942125e-02 1.276450405617536241e-03 1.345651197645590874e-03
3.155774706677495073e-02 4.935005156504627087e-03 -5.141331208688194616e-04
3.044075357061015730e-02 3.900129893273038880e-03 2.594295817757420416e-04
-1.520961287326497158e-03 -8.063426904746632054e-03 5.764848143300302927e-05
-2.192784490314785353e-02 4.176304862870586221e-03 3.146994874314142099e-03
-2.031661386377003539e-02 2.375611718752408848e-03 2.069772789795727621e-03
2.975050086640994643e-02 3.210632095915579021e-03 -1.771762223729244896e-04
7.884979599204710449e-03 -8.933049743856807945e-03 4.943434481080441131e-04
-1.622737305375412595e-02 -1.538598166761937771e-03 -1.663524179129075497e-03
1.293458206883780701e-02 -7.522777511062869564e-03 6.500742733599735972e-04
-1.952486048289403531e-02 1.563181689315410383e-03 -3.585124514406945722e-03
2.715015725616374068e-02 1.058347302800433879e-03 -8.816417201108903623e-04
-1.599269997295652695e-02 -1.293010221608305744e-03 1.247013056089905231e-03
1.150907471262752925e-02 -8.025057626314875334e-03 2.389443024781882972e-04
-1.233152762012682153e-02 -4.234516613477921042e-03 -1.309776548201027396e-04
3.432041117773495208e-03 -9.297378172455031398e-03 4.144350086973656346e-04
3.046523680986696486e-02 3.947154692855727245e-03 1.595241592934824567e-04
-2.610892341884869447e-03 -8.435065627387088733e-03 2.233539228573077175e-04
5.158703647023189960e-03 -9.351012904673092208e-03 2.623649804754125676e-04
-2.074539232879722347e-02 2.926976332615029239e-03 -4.475761788912908934e-03
-2.181764006754493418e-02 3.948934583685183818e-03 -4.547668667305311205e-03
-1.619680006898404842e-02 -1.478524837894747233e-03 -1.879774665342708083e-03
1.758260096170245063e-02 -5.525977796288678717e-03 1.748480814833620672e-04
-1.925318657245376694e-02 1.299731896794233642e-03 -3.253325164609117189e-03
2.863563452413080482e-02 2.256041597043590211e-03 2.018112379349190915e-04
3.126966930771205716e-02 4.664748201086064278e-03 1.473028523558298306e-07
1.120453864225511888e-02 -8.024123500305848158e-03 3.024963411096323195e-04
2.567191976879014403e-02 9.124926583586374538e-05 2.508465710379412608e-04
2.073384498261317266e-02 -3.573069623113961802e-03 2.003369749009730881e-04
-1.789660560362346317e-02 1.903262230892682435e-04 1.616727987373040628e-03
3.511044122801420392e-02 8.450769412834886404e-03 -1.772001136582475450e-05
1.251681154767949992e-02 -7.640663174654803436e-03 -1.647509765805517162e-04
1.317255662253028793e-02 -7.573768527025740577e-03 2.341111224128028848e-04
-2.434223235496656840e-02 8.093626435631955454e-03 -7.328617766757188068e-03
-1.538150231344953545e-02 -1.737814618958918042e-03 1.430223220081123245e-03
-1.841111306536338810e-02 5.891962991700998818e-04 1.466419081509746924e-03
4.261236440254796004e-02 1.839139765823935221e-02 -3.070070208641360312e-04
3.065407573065720426e-02 4.277585597826701752e-03 4.203446821911705367e-04
3.570262656280617092e-02 9.081852301317302339e-03 -1.075699609679436333e-03
-2.166515748594674898e-02 3.933890011709582739e-03 -4.797648334596485778e-03
-4.141852712184952191e-03 -7.963944158402538193e-03 -8.823979043313152513e-05
2.272319911924173749e-02 -2.389288646291898733e-03 2.233608338317206326e-04
-9.368588749389027137e-03 -5.384463502145336519e-03 1.169383960280264128e-03
9.274629951905874817e-03 -8.663354057533637423e-03 2.521445700992588066e-04
2.147238087986918370e-02 -3.187785346768625804e-03 3.384190441118723174e-04
-1.882128629823159871e-02 1.100178156317159353e-03 2.135999884808051884e-03
-2.008253634692910850e-02 1.891340744960040956e-03 9.960834261419357957e-04
-2.008977959377585346e-02 1.922242152241076954e-03 9.321846004285673981e-04
3.190354549772900922e-02 5.322325022913714475e-03 -2.438867609426516520e-05
-1.498847576526654742e-02 -2.390536560247914430e-03 -8.950854402962530156e-04
6.009331186328405530e-03 -9.283109781768982341e-03 2.718553371082331927e-04
-1.440157007984693531e-02 -2.879823477128719885e-03 4.521079825262849002e-05
2.948209331804628464e-02 3.034745860565682667e-03 -4.766909782856701151e-05
-1.788029691773658156e-02 5.275724683730374673e-05 2.495827067886185330e-03
3.990429719563422933e-03 -9.147251749700812187e-03 1.682251443779802028e-04
-1.723393654014724469e-02 -5.500907137024515624e-04 5.906040839482027717e-04
6.010722720653030766e-03 -9.036447611027311616e-03 3.999165050215199350e-04
-1.646895382953239909e-02 -1.182437064830340473e-03 -1.799522558131129652e-03
8.936027622190093750e-03 -8.812549907436564509e-03 1.412109609526169163e-04
-1.132254237188940220e-03 -8.560352992499142138e-03 2.951799552962198762e-05
-1.614399673167733404e-02 -1.537821471495235195e-03 1.205122086793005521e-04
1.834532291508753771e-02 -4.944063260368653998e-03 -2.188546009721153767e-04
-2.166946430891498326e-02 3.476761777612251154e-03 2.100123479729759570e-03
1.029110423731044791e-02 -8.472777624740954194e-03 -2.706334722277699040e-04
-1.629264293582811940e-02 -9.256955271880622270e-04 -2.286728577510268798e-03
-2.148337643586600842e-02 3.280264258912696154e-03 1.671125649378710611e-03
-2.267219597735255915e-02 4.606123238945851982e-03 2.573374309849218566e-03
2.767105658562570014e-02 1.506794565250524874e-03 -1.535879894309667693e-04
-2.149846267242968081e-02 3.878967696954573139e-03 -5.069334050613924503e-03
2.186741344629858363e-03 -9.225907468811892290e-03 2.712360005991858516e-04
3.660591312008618786e-02 1.007123891623690898e-02 -1.558472808972714970e-03
-1.822339102263011157e-02 2.707396895118218631e-04 7.022930946852952959e-04
3.722592941983358245e-02 1.055763558355346174e-02 -1.532473942244078459e-03
-1.816352198233697063e-02 2.881778168292540589e-04 6.441761568615468571e-04
-2.434634393153827653e-02 6.863773522036870425e-03 4.149507559187391031e-03
-7.330675224645671895e-03 -6.603143288329952482e-03 1.726964855722365466e-03
-2.050005269399176461e-02 2.614219581034287615e-03 -4.107084320537126784e-03
-1.635255993623594556e-02 -1.230288309352180328e-03 -1.476716984780987972e-03
-1.744870764853631920e-02 -5.925291373711361184e-04 -1.518242449796475832e-03
3.848496040514171740e-02 1.191687114433432823e-02 -1.807817502701056104e-03
1.280406946499699182e-02 -7.438565995152901338e-03 5.000214313372369941e-04
-1.570141995667156606e-02 -1.658060048497316885e-03 1.303202320782329785e-03
-2.142331905594399219e-02 3.870978287645501347e-03 -5.168452390474708585e-03
2.572111298864172141e-02 -9.045977695025164884e-05 1.711923860608143358e-04
-1.790851243305199500e-02 -1.119434542440925310e-04 1.557079081961975189e-04
3.626913014147460385e-03 -9.180283022435051232e-03 1.862639178732214006e-04
-2.285985794675485239e-02 4.823646408337047345e-03 2.927672051718281654e-03
-2.245015651038135066e-02 4.579556970217007680e-03 2.950091949214387384e-03
8.281090300122535830e-03 -8.834127271348569260e-03 3.219704961958269216e-04
-1.441529921017409635e-02 -2.676696952317709176e-03 7.551522877376773630e-04
4.646789648240163932e-03 -9.284186762564526976e-03 2.900362886356565263e-04
1.836387277002925894e-02 -4.658656481879846524e-03 6.861644515112399209e-04
2.706833911635712561e-02 1.008451383231323030e-03 2.408851616829287999e-04
3.269156331864086357e-02 5.931091567788628061e-03 3.941606512243107176e-05
-1.926396983596485521e-02 1.070492362161328415e-03 -1.359516101732493589e-03
5.115136942952245094e-03 -9.214324176052581666e-03 3.568097504323563705e-04
-7.828850483630295579e-03 -5.025255931000907617e-03 4.136307471642265698e-03
-2.095226367498667294e-02 2.987051982855894877e-03 2.422200597732738526e-03
2.558981498283809455e-02 8.900073188051845136e-05 4.748909139178429358e-04
2.772357337237392819e-02 1.616827708104162046e-03 2.203255156261319089e-04
-1.577448764633100284e-02 -1.658436214993041927e-03 1.836136430472665366e-04
-1.693315879696111539e-02 -6.453291930014109015e-04 1.168718082358607144e-03
7.374956210248350200e-03 -9.068259332812914769e-03 1.404641828636123027e-04
3.566096863636521869e-02 8.988719279302942802e-03 -1.015948836869251005e-03
-1.875619205058661268e-02 9.645415174452208603e-04 1.863604610837523833e-03
-2.171743491700838316e-02 4.094295041749829688e-03 3.550023152160828015e-03
9.948235981913400999e-03 -8.471276297645024753e-03 4.773283260255800761e-04
2.630224887743909043e-02 4.008644792719543337e-04 2.885373296397087642e-04
-2.418745387852534734e-02 2.165727099044408716e-02 -7.163078348462691668e-03
-1.876663659408833382e-02 1.070998977953164502e-03 -3.318520206006965977e-03
1.487097329115135910e-02 -6.786495772433714241e-03 4.372232229406120278e-05
1.461214816123200012e-03 -9.232617218658836084e-03 6.525639912590892357e-04
3.376451240405747845e-02 7.052575676931374833e-03 1.260119568039220453e-04
-2.439340815944467805e-02 7.107022208778455627e-03 4.708096217043498781e-03
-2.396102908967571651e-02 6.459736178666178850e-03 4.193495917159006936e-03
2.268155189969618592e-03 -9.272720565755232514e-03 5.105335949759635429e-04
1.087184505888008634e-02 -8.440458364169211788e-03 3.431357009127767124e-04
1.951314294925170570e-02 -4.333982891848367838e-03 8.006605012397247968e-05
-1.937688916379690790e-02 1.634098739247369977e-03 2.283373584349923484e-03
4.595135973426098600e-03 -9.179454162404464962e-03 4.800394205087822440e-05
1.785492473459905464e-03 -9.244391963011883151e-03 5.144201653237509162e-04
1.549791302212945310e-02 -6.333996545699431546e-03 4.629512453775896322e-04
-1.498847120999231841e-02 -1.323239719179709851e-03 1.298940053489265048e-03
-2.363540531554409602e-02 6.918383598280595376e-03 -6.710574210742910502e-03
2.764282069404320336e-02 1.474239219777992698e-03 -2.868123351977543232e-04
-1.806644152690551827e-02 5.013646116018663257e-05 -8.683046255265016626e-04
3.518639015474871179e-02 8.570320877030928111e-03 -1.046674922989639621e-03
2.067598634205046818e-02 -3.615328422572815833e-03 1.160024163807468219e-04
-1.740732552181828430e-02 -2.369334135128610950e-04 1.558936813761020940e-03
-1.953931292306943998e-02 1.251660428232777506e-03 -2.128596460781150609e-03
-8.607031193008433251e-03 -5.627027767237958653e-03 -3.367990233842353969e-04
3.680135502490959176e-03 -9.317735327567940387e-03 -2.373800444406322255e-04
-2.182100885450899072e-02 3.482928784003655118e-03 -2.142620885140031611e-03
1.378661121113713278e-02 -7.428996114903406445e-03 5.197952110982632929e-05
-1.559442453286003817e-02 -1.752210409216271685e-03 1.092731736645238729e-03
4.387453811713537891e-03 -9.377244061870744496e-03 2.194101623536397704e-04
-2.203209060209456588e-02 4.035055044728094557e-03 2.709612109471682285e-03
-1.385151799148084777e-02 -2.776948625441178018e-03 1.169729555299516216e-03
3.267374855068168327e-02 5.984954075811444590e-03 -5.957474496210307148e-04
-2.107259324758151489e-02 2.966016359536318391e-03 -3.782437697901589856e-03
3.290830385141434861e-02 6.220300336720705793e-03 -8.229734495799319403e-04
7.456129501273333314e-03 -9.020772005317347075e-03 1.856238970151348000e-04
4.661170647170008452e-02 2.306773459549101013e-02 -7.294112820926410348e-04
3.429928279188347584e-02 7.648765670208682900e-03 -1.106517933853881598e-03
3.625443038265468987e-02 9.550674422658911658e-03 -8.852623240037803438e-04
3.033997304517342675e-02 3.768969491711945084e-03 -6.725731657506683848e-04
8.865047995289140198e-03 -8.645599763165258758e-03 3.851027086321752511e-04
-2.166671359250474729e-02 3.603008038580618293e-03 2.352859951997476190e-03
2.548709460490290041e-02 -2.340323246134793647e-04 -2.874605606838822594e-04
1.543819734044919387e-02 -6.696228258452829700e-03 2.972840966448416877e-04
-1.801552328028933198e-02 6.246360742955504121e-06 -1.432899006564334428e-03
-1.879309440937536324e-02 6.582406053352919152e-04 -5.883003543156092841e-05
-1.964142249772356241e-02 1.770408302989928077e-03 1.935982831942142067e-03
2.866540053913265926e-02 2.341778211614424857e-03 -3.884633820132635490e-04
1.819328991542437310e-02 -5.118848784403447205e-03 5.792730085272505965e-05
1.009557799976402298e-03 -9.095697748321203424e-03 3.806099427372843023e-04
-1.759747392141656347e-02 -6.897622436300950618e-04 2.508317159962528175e-04
-2.677305560499700088e-02 3.688270892769927173e-02 1.101646465172794256e-02
3.065113477356151694e-02 4.147573372398827805e-03 -7.725811637033719792e-04
-1.269192888825474742e-02 -3.555713491303642143e-03 4.323063548376593953e-04
2.025785433716704650e-02 -3.974392979070932169e-03 2.950564095701040438e-04
-2.168617719554938317e-02 3.709593163921681529e-03 2.732499965478812128e-03
3.028165798124440172e-02 3.753819690120525215e-03 -5.575740235812806574e-05
2.206898770437425161e-02 -2.792156003438172988e-03 -3.716388221478733080e-04
-1.637538222807926463e-02 -1.020811532613564087e-03 1.604391402820302005e-03
-2.615007113710622957e-02 1.120327599695229194e-02 -8.886315764487406205e-03
-1.648800392124913361e-02 -1.181110963406138909e-03 -1.950847341336947116e-03
-2.174989722547273838e-02 4.045747250788439206e-03 -4.986602959679038195e-03
-1.316655946793659875e-02 -3.531672286382970313e-03 5.055793903848636826e-04
1.738045422086516648e-02 -5.526432793592234854e-03 4.639122078823010266e-04
2.922700915013458356e-02 2.787447779096741737e-03 2.365286344946863879e-05
5.886240823347912467e-03 -9.108411087638754178e-03 2.932781317910098610e-04
3.288350309561138829e-02 6.081051785055655544e-03 -9.403866571207493939e-04
-2.184443593372521752e-02 3.752548580365575558e-03 2.338749986140217438e-03
-1.618227437534209764e-02 -1.308776990842851770e-03 3.746052126419861274e-04
-1.794783232083856095e-02 2.084051061502251330e-04 -2.962244684271193688e-03
-1.384999303541451302e-02 -3.048097222359985505e-03 5.688895998116140539e-04
-2.283882193551340853e-02 6.033008157015324648e-03 4.548892348701950687e-03
1.032284839186538294e-02 -8.462098309789518186e-03 1.811649138082339590e-04
-1.556005240892713391e-03 -8.554522292921274210e-03 5.411966034395459179e-04
-2.399452752858015001e-02 6.021163065650230427e-03 3.157174871578816936e-03
3.507969527228942813e-02 9.145992930105708088e-03 -2.571502594513013613e-04
-1.764944780498360274e-02 -1.367859043529945995e-05 1.579182193832321009e-03
-2.425592408066562164e-02 6.772140792535340584e-03 4.414595962627405196e-03
-2.171109456584212338e-02 3.571126499383501986e-03 2.302806182854025881e-03
2.844787417242997454e-02 2.135791637608557697e-03 -9.340680127156429668e-05
-2.170029484731406805e-02 3.728617507241635456e-03 -4.330373834281743724e-03
-2.188961879973044464e-02 3.834661784953344137e-03 2.510824555457643898e-03
-1.542239658785044508e-02 -1.896099688011116660e-03 1.078046653374216748e-03
-1.573585551905175642e-02 -1.715976211697736080e-03 9.051122488129946389e-04
-2.029463188098786994e-02 2.374897760779394289e-03 -3.529747609853479528e-03
-7.244459007586532932e-03 -4.232977865501415943e-03 5.070414517501362593e-03
-2.001373663082755411e-02 2.174378047895480798e-03 2.106170198628391603e-03
8.501699876765161923e-03 -8.868633458320987831e-03 1.795642515962719236e-04
1.389705716342675909e-03 -9.263628580064886195e-03 3.729279791100049350e-04
-1.724768409844103928e-02 -3.306234939415647828e-04 1.436227252404505272e-03
2.568159709950617112e-02 3.650681029206289779e-05 1.505935069131429985e-04
9.350773034625477556e-03 -8.784944696551768781e-03 3.030608364805023928e-04
1.911949558118248779e-02 -4.549085454688091452e-03 -3.119371608273736949e-04
-1.411673939169781275e-02 -2.779226291859327163e-03 5.919497918476562728e-04
3.872722169728729652e-04 -9.051777628084236096e-03 -3.658814900798352501e-04
6.025744808811510150e-04 -8.981089715805131574e-03 4.087166075476693946e-04
-2.255665463848613786e-02 4.492625161059619725e-03 2.791407126258730990e-03
2.540383017739525351e-03 -9.290653428115726309e-03 5.514899664039369688e-04
-2.425974329748038089e-02 7.815366812557081322e-03 5.118805969532917201e-03
2.727404083602484250e-02 1.184876538758182019e-03 2.966654931633946088e-04
-2.044826836510682880e-02 2.435483524153058202e-03 -3.893938996202301207e-03
1.506910130728054444e-03 -9.124471297826860713e-03 4.228454655283072358e-04
-1.792164261741366685e-02 -4.422229596179214029e-05 3.999833981754516172e-04
-7.116166273388415363e-03 -5.404631554096221181e-03 3.794777940558878224e-03
2.408599123819701524e-02 -1.183977378443377883e-03 2.462600563365884335e-04
2.740866928434051997e-02 1.276447811490798168e-03 -4.911192889376845812e-04
2.830433496660643422e-02 2.216449791934309906e-03 4.874715103770762902e-05
-2.271192825021512568e-02 4.697514287455856717e-03 2.786658704766531609e-03
-7.913368566381129982e-03 -5.601903694741409458e-03 -2.540512098536688770e-04
-1.869100481314995774e-02 9.562431386761919075e-04 1.806397304670522702e-03
-6.235154957684405433e-03 -7.023610895062132493e-03 1.057468513825993899e-03
-1.525149690199297838e-02 -1.852239808092012675e-03 4.364514265689882207e-04
-2.181004917425174300e-02 3.664329379118037768e-03 2.268040345674752958e-03
3.064563182964074803e-02 4.176781645302339412e-03 1.329204879286643992e-04
3.405335577924340634e-02 7.271082459645807419e-03 -1.509248166089149901e-04
2.798406513869390946e-02 1.960910651175320867e-03 -7.749660661573431466e-04
2.757745236696957855e-02 1.450401449221940062e-03 -9.989811579447197172e-04
1.085624242361652586e-02 -8.049519966669952190e-03 -6.648961283969897075e-05
-1.907504029915684917e-03 -8.226379923607165384e-03 1.859617134267228941e-04
-1.545200619636956721e-02 -1.992531059013669895e-03 6.474928679724219639e-04
7.491281893856009851e-03 -9.183437508468901556e-03 8.056025240714824887e-04
3.677201773702008791e-02 1.019171891059188380e-02 -4.262489642703313911e-04
-1.633909069885012416e-02 -1.042917912443820346e-03 1.386175917433633310e-03
-2.340357359114056401e-02 5.611822156846349961e-03 3.412650799646399155e-03
-1.923202268203239376e-02 1.175224485069606547e-03 5.758382737597389023e-04
8.181198059622944371e-03 -8.909301169292178912e-03 2.470988945258169290e-04
-1.847843874314152035e-02 7.648994955524815193e-04 1.830454807857805630e-03
3.027854620616476228e-02 3.756737811039079222e-03 -7.789165910874264491e-04
-2.394332386649647773e-02 7.008696250269280149e-03 -6.493473385505998258e-03
-2.002352340056758398e-02 1.906435638459354773e-03 1.453949430542125342e-03
1.784619990669817149e-02 -5.401685647234012733e-03 2.150852601928046915e-05
4.645934679689225910e-03 -9.354992508747668467e-03 6.372722170669820171e-05
-2.257910316869744805e-02 4.697557161454018332e-03 3.077085346216400404e-03
1.139110300636865698e-02 -8.024720614993987103e-03 7.889945440819010351e-05
-2.060144219672982099e-02 2.534517578406154589e-03 1.854469796876872297e-03
2.942731588957067310e-02 2.946336292471694353e-03 -3.491838028155100685e-04
-1.803206065403288594e-02 2.324393807063682876e-04 -2.737302682566498599e-03
-9.819199620450691501e-03 -5.488679016242121143e-03 -7.566566425762269021e-04
2.689280405682710137e-02 9.219146984500157290e-04 -7.661627654915109187e-04
-1.641328426555620570e-02 -1.155417685535043825e-03 1.023651988802090542e-03
-1.932150269318058666e-02 1.452849763754193550e-03 1.947468979769302741e-03
2.552845775498033265e-02 -2.792051305445737751e-04 -4.675716923601299345e-05
3.654259640959054561e-02 9.866007508916517857e-03 -6.514799811824548929e-04
-1.476263002886965374e-02 -2.534686619964978630e-03 5.141905438574747699e-04
-1.883278686830629212e-02 9.697838176760700769e-04 1.582697611002125727e-03
9.213825334152514175e-04 -9.043848985826786688e-03 3.824119299451915802e-04
-2.006243723823183250e-02 1.751949282500041847e-03 -4.368836737515547622e-04
-1.855255261538046874e-02 8.205661199486201591e-04 1.389436162085418841e-03
4.034508391231576147e-02 1.400877049889577564e-02 -1.937884318002750612e-03
3.303070741421422485e-02 6.214235854566603490e-03 -5.020434345634324164e-04
3.322852002475208677e-02 6.506883217356455515e-03 -2.190411019975888475e-04
-2.173563054529940169e-02 3.764698138094294162e-03 2.517842991656601189e-03
-2.107591047591119218e-02 3.206623418701596423e-03 -4.424528866847105002e-03
-6.850811109176354642e-03 -6.820708801380880905e-03 1.962066538462060254e-03
3.777016770156382819e-02 1.113807474985551056e-02 -8.654036437127376764e-04
-2.367777343680506699e-02 5.743444077831604336e-03 3.318553640596937603e-03
-2.104429206709877015e-02 2.826307669092538444e-03 1.763344765866125532e-03
-1.773310580092828798e-02 -9.394900578276747154e-05 1.083692193690295822e-03
-1.366100816136914600e-02 -3.264896579620768253e-03 5.432132503225123570e-04
-2.238401692533618231e-02 4.537717437001094305e-03 3.024543441098438354e-03
-1.764716150225387539e-02 -4.308005788314332057e-04 -1.869667295639028002e-03
2.982174378851858501e-02 3.402026888344307672e-03 1.289157355244355556e-04
1.009236733303003983e-03 -8.833639754703789815e-03 2.892426617149495378e-04
3.709625101993881124e-02 1.039330069743292506e-02 -5.679811803059988187e-04
-2.223726428805760172e-02 4.872534988380286015e-03 -5.599766044877815818e-03
-1.691878099615107267e-02 -3.299885363720344330e-04 2.020423557524346492e-03
8.199946902598467813e-03 -8.501268273810855258e-03 8.279983577670698043e-04
3.662911079256244568e-02 1.017490273283202726e-02 -1.856702877385548822e-04
-1.819735503841631713e-02 1.760730873304489498e-04 -4.632264109084863950e-04
-1.453426755388809166e-02 -2.587671484854418488e-03 2.365253601245826504e-06
-2.200652264560685328e-02 4.530284938188865879e-03 -5.431408705899438277e-03
1.285624135980602441e-02 -7.537544952792000000e-03 1.305060765489043277e-04
-1.509317369116333456e-02 -2.184767246669894799e-03 -6.843532915088895762e-04
2.882755344258649058e-02 2.465768527366419324e-03 8.337188661198598899e-05
-1.880501057319000635e-02 1.073567684084837269e-03 2.079519116240978807e-03
-1.896498492179150841e-02 1.164882813356987127e-03 1.937488692952626284e-03
-1.682469820043405164e-03 -8.504394119173036212e-03 2.990311461625038704e-04
5.294950731352999519e-03 -9.175319203301836660e-03 2.934456051285324945e-04
1.426004883460724529e-02 -7.054770653018458022e-03 8.731896178019961027e-05
2.263631745334209952e-02 -1.449765258653341361e-03 -9.453730883066903054e-04
-1.524606896473769749e-02 -1.928556735844330020e-03 2.849433454936599417e-03
-1.780315606237508827e-02 -2.085302353454416592e-04 -1.516062874071547875e-03
-3.459181488782011368e-03 -8.464866603398419481e-03 -5.228433610978757166e-04
3.122906440861581215e-02 4.615095210029000750e-03 -6.736492442424411734e-04
-2.297817706209800970e-02 5.892698759192948124e-03 -5.972275532046244714e-03
1.380710729686885144e-02 -7.219154784867669317e-03 8.854403045083964233e-05
3.504245427005360774e-03 -9.182783231152366263e-03 8.223973642247927891e-04
-1.708446463627859985e-02 -3.693699816399562044e-04 1.561420082851381133e-03
1.718734161971957608e-02 -5.743844830132523172e-03 1.450789684116091051e-04
3.265030927260082622e-02 5.981778555362597151e-03 -4.074300133619649842e-04
2.718606148647894141e-02 1.086136160031297157e-03 -2.626526592126958155e-04
-1.864583455379580437e-02 6.458147886946851704e-04 -2.727397627495736689e-03
4.441276604728246202e-02 2.000906470690728273e-02 -4.949044650415092110e-04
-2.245845131060446309e-02 4.905038825552577274e-03 -5.370578448101965240e-03
-1.907803412841484886e-02 1.284817469293066160e-03 1.987181557735756207e-03
-1.749177150343664625e-02 -2.977233035048236043e-04 -1.127890510682619555e-03
2.667139202519173621e-02 7.824074593133367598e-04 2.915097365325124601e-04
3.976811232167293438e-03 -9.257798834572363716e-03 -3.468179296815776221e-04
-9.873944447217947520e-03 -5.673164062651790511e-03 -7.570655339028328767e-04
-1.470470633121117969e-02 -2.630377253140591537e-03 -7.827153074370440467e-04
-1.798823742160710060e-02 9.301032567997409724e-05 5.361222280011549443e-04
1.250064678233873787e-02 -7.728671448677429737e-03 1.905071249767180722e-04
-1.989337252384948060e-02 2.202661095167210339e-03 -4.150809903928778279e-03
1.182759864454704934e-02 -7.996208924866316653e-03 9.785023682716595774e-05
-2.172731128408266280e-02 3.828073393855139887e-03 2.900117667362148415e-03
3.565945737111048813e-02 8.927791251247577456e-03 -6.878772637389593157e-04
-2.114782796418133992e-02 3.017471669690826100e-03 1.756622698834940655e-03
1.389133239904853309e-02 -7.086086747367425880e-03 6.023521952008848297e-05
-2.025105867381323671e-02 2.170247695072058218e-03 1.748961537449969994e-03
-4.333135223722637749e-03 -7.997171526400056324e-03 5.712530990806965287e-04
2.520974140131257424e-02 1.412434908344966256e-05 4.504397655519114837e-04
-1.812459208468865032e-02 3.142910230549423038e-04 1.461666879429969522e-03
1.151086903461132939e-02 -7.993874911595973826e-03 1.085257927263512319e-04
1.271303589765641895e-02 -7.668977536512434738e-03 -1.649850902792523695e-04
2.682753819110893570e-02 1.083394682595078228e-03 -3.036271826323778608e-04
-2.107946155684403342e-02 2.935197918060270666e-03 1.805896798433377550e-03
2.765574827723789320e-02 1.496206995764008283e-03 2.917436082938645132e-04
-1.880306487441210650e-02 9.853123398306912716e-04 1.791743007145650546e-03
-2.531283825234617244e-02 9.765746535977089596e-03 -8.216142546202452254e-03
7.865879307361357820e-03 -9.033331843988653617e-03 2.055228964141958851e-04
-2.037375054499417082e-02 2.402253975411538459e-03 2.129507940493404611e-03
-1.890537983074900424e-02 1.229257538779563808e-03 -3.532464839091492385e-03
2.037947625420741954e-02 -3.894460475116769908e-03 8.538276063854442267e-05
-2.116926113593888339e-02 3.115989595986362690e-03 2.205636978367514576e-03
-1.981479977501026182e-02 1.544936245681262019e-03 6.299539571878631956e-04
-3.895503062785623735e-03 -7.864650734993256301e-03 -3.670873233346007834e-04
-2.340737157442774816e-02 1.399808080860774628e-02 7.420826689494361070e-03
-1.714816249453648966e-02 2.078566272747337526e-04 -4.038431921113443644e-03
2.677376995021771983e-02 7.166088921039183868e-04 2.663195825376519555e-04
-2.155926036401356605e-02 3.562369031474116408e-03 2.337134549815479863e-03
-6.581013564324319836e-04 -8.494970383100692787e-03 1.464322234295895779e-04
-2.233418686489156701e-02 4.467245926135599531e-03 3.417653340780515882e-03
-2.068259576332083516e-02 2.736208439254689869e-03 2.407583145305515482e-03
1.835991362630818788e-02 -5.100807540386519991e-03 5.568857278527226647e-04
7.906955087552606024e-03 -8.878591425694162126e-03 -4.044377613376118141e-05
-1.957701805128428743e-02 1.556703503206827762e-03 1.543293336403195716e-03
1.407124122256850698e-02 -7.042174418478537416e-03 3.623755719115761610e-04
-2.505729384910583904e-02 9.412223492756095419e-03 -8.003892829098460324e-03
7.358757766452149636e-03 -9.029857810993927036e-03 3.234266215468152399e-04
7.740727508767005285e-03 -8.960608907619441524e-03 2.676977745746059612e-04
-2.432293466409681665e-02 2.199085858483257674e-02 -7.257554494876694573e-03
-1.819477814376545960e-02 2.569493349687923100e-04 7.160935080949283301e-04
-1.798739611957693094e-02 1.045269719363176649e-04 5.975821310622219870e-04
-2.318366194393690904e-02 5.156190608173916341e-03 2.714048110935190442e-03
-2.199675041864759470e-02 4.262270223435011239e-03 -4.616928515782624254e-03
1.189882627496035780e-02 -7.637666043385098885e-03 4.492769285340639002e-04
3.473371406986217741e-02 8.076986753317472179e-03 -9.340491507536873668e-04
-1.977497934927130094e-02 2.000173535445286255e-03 2.533282754478771975e-03
7.697953880435915580e-03 -9.072325867078036982e-03 7.061659311906694127e-04
3.016067598782259593e-02 3.580097492065264370e-03 -3.134361822801230149e-04
-1.969516736650341743e-02 1.558360389313045730e-03 6.587306150490194762e-04
-1.403312508476702372e-02 -3.169029913178337925e-03 -3.014697246859737831e-04
6.236540054893885063e-03 -9.239574777812410364e-03 1.608172803290971499e-04
6.004093388372095177e-03 -8.904627532157543754e-03 5.515811654553985036e-04
-5.810794437812913079e-04 -8.575996337050362239e-03 5.241713678138145820e-05
-2.105922333329307561e-02 2.891180144398553149e-03 -3.037473221742181210e-03
-2.263291275780639211e-02 4.494045190411318988e-03 2.485034919722552138e-03
2.135704136900755043e-02 -3.206606356637132886e-03 -5.911057391481612085e-06
2.151864371040229998e-02 -2.778014872831330306e-03 -2.033457575574718708e-04
-1.825014500604403914e-02 4.868915608055789340e-04 1.464613129961002272e-03
-1.225926986763017576e-02 -3.547877796175275510e-03 4.044067946019510814e-04
-1.440531358839814216e-02 -2.891964796625605665e-03 -6.556519118132398630e-04
2.786757002150761636e-02 1.573797527183275593e-03 -3.365205593591516996e-04
1.256768359205640180e-02 -7.661556536067151528e-03 2.642799151191221581e-04
-6.122477557454421467e-03 -6.983116900381947968e-03 9.048279420534647254e-04
-2.233662644812560438e-02 5.155916080301953426e-03 -5.881546856640432717e-03
-2.191371000320794377e-02 4.303952770500896370e-03 -5.132441166665295887e-03
2.642320535290002340e-02 4.662535357361432425e-04 3.609263438322951210e-04
3.220758711623777915e-02 5.534929151256999177e-03 -1.865639971265536576e-04
-2.176474115131035031e-02 4.886444597763880265e-03 -6.271879476404125520e-03
3.267857089771647461e-03 -9.292852695444680025e-03 4.541328654761127553e-04
-1.691687746940402984e-02 -7.686449611552807672e-04 4.536194079387585601e-04
-1.675723439165111364e-02 -6.054192194435308906e-04 -9.763678433544762184e-05
-1.373444983331408541e-02 -3.272877580088083462e-03 8.945063913442488808e-05
9.446373294604343621e-03 -8.686313472493687599e-03 4.015586618249488413e-04
2.304270714111378987e-02 -2.025633373218592957e-03 -1.427980265678341929e-04
2.668992592193591626e-02 7.083193354803967237e-04 -4.684619853948732691e-04
2.960243841706457213e-02 3.133567861796459578e-03 -8.707331981705213877e-04
3.411824161510945003e-02 7.462107013267388865e-03 -5.530104276890585317e-05
-2.404095419435448022e-02 2.123955377164014890e-02 -7.062771679016869447e-03
-2.066299304277428514e-02 2.625385883695661830e-03 2.056487534032628954e-03
2.837158907913638756e-02 2.087680202064224905e-03 -5.608082313982572058e-04
-1.837965636557319787e-02 5.340407799616827536e-04 9.358750835719749361e-04
-1.791818239068548174e-02 -1.217134963717948006e-04 -1.190693024197744549e-03
-1.319725208389253834e-02 -2.789667367398183506e-03 -4.271747644567733552e-05
-1.965839598981493352e-02 1.595195354269381832e-03 1.349719883426300955e-03
2.421492913363053681e-02 -1.194710094973828150e-03 -2.486959651805718623e-04
3.953771713824204975e-02 1.319970137694136646e-02 -2.092314824679502271e-03
-2.124254549010426082e-02 3.191346409805751252e-03 2.336498448860710973e-03
2.504949886345148990e-03 -9.281860634993843381e-03 5.635272390224624946e-04
2.530129658064443534e-03 -9.057996865224644117e-03 4.307477771785700764e-05
-1.251523564296720681e-02 -4.106773383231628050e-03 2.188449847328032688e-04
2.539324053810615087e-02 -2.813822111528575657e-04 -2.284692322552033482e-04
-2.104742152970091873e-02 2.707902614802553364e-03 1.307168002671854591e-04
-1.699037241928770883e-02 -7.258613978715934816e-04 -1.811273631025777384e-03
2.524170415936466058e-02 -4.187319560069602134e-04 -3.365305488522205403e-04
-2.103480149302721855e-02 2.581927298700943674e-03 4.529655761925173207e-05
3.247091284727402632e-02 5.762898012671650860e-03 9.785329760787291563e-05
2.957344950469264350e-02 3.036626415808863205e-03 -5.240120975261013678e-04
3.654537532552403628e-02 9.825962555356766367e-03 -5.038602004419599767e-04
-2.271437240455636414e-02 5.353862286194718996e-03 -5.730089465392832621e-03
1.196515067573180116e-03 -9.141306435377215267e-03 6.018118628693789772e-04
2.976334068152292761e-02 3.230109034665258182e-03 -1.432712726769420518e-04
-1.552032385594711433e-02 -1.780794630767623503e-03 1.294254850397818461e-03
-6.556428844226200661e-03 -6.776079347625486513e-03 1.928564803558616798e-04
3.381173168757850914e-03 -9.314596017069288331e-03 3.493207265840730957e-04
1.257485368391927016e-03 -9.265837796844584098e-03 4.443880262532537906e-04
-1.476483097628644714e-02 -2.432118481765079693e-03 9.045975761660486137e-04
2.183573377724980485e-03 -9.268564823049078513e-03 4.060077686599691750e-04
2.076827532162403393e-03 -9.228600375422748442e-03 5.412363240534679310e-04
2.526370229016472804e-02 -3.240114881788218283e-04 -3.358200517796633140e-04
3.568172266356971841e-04 -8.943381813742311628e-03 1.208845463839961561e-04
1.888404626905273997e-02 -4.816573129751326211e-03 3.212764959271474977e-04
1.136369632384143062e-02 -8.176596310580630175e-03 2.928802705481446255e-04
2.953882755066256777e-02 3.244769828311816918e-03 3.800556530997604358e-04
-2.392694480042509980e-02 6.074492440421160391e-03 3.548109500664992349e-03
-2.128886215275905061e-02 2.840254423606156618e-03 1.714514398381059143e-04
1.270452656227362247e-02 -7.770265749542804717e-03 1.888774596675526390e-04
3.195579782319873854e-03 -9.284074498257957261e-03 3.984641686353225694e-04
-1.627578949804052433e-02 -1.313785408649924269e-03 1.699178609540666720e-04
-2.313937486776925651e-02 1.253707394648465381e-02 6.961080030974377275e-03
2.681990183920927168e-02 7.002285534908667510e-04 -7.986289330895282894e-04
1.347477302503826899e-02 -7.379420013382145468e-03 5.560115138704784091e-05
3.779408232852834310e-02 1.116920949135691461e-02 -9.085485943908214092e-04
-2.091064068926374447e-02 3.328966412063178761e-03 -4.838868575627749101e-03
1.140807192214042878e-02 -7.984769496330333671e-03 1.495428913273297463e-04
-1.737419548612667564e-02 -1.383984239689764072e-04 1.739660603056027068e-03
-1.923597701898496423e-02 1.139770292800680422e-03 5.833697241721942477e-04
-1.243971278846644525e-02 -3.922861833141263153e-03 -6.597039552194876918e-04
-1.364813390657929754e-02 -3.395733586512058710e-03 3.106125551646763154e-04
-2.013284057272542865e-02 2.138134472351451657e-03 1.950206819928576975e-03
-2.132839446888846677e-02 2.947030209696541170e-03 -5.038013690100626423e-04
-1.504559859804347442e-02 -2.001733220466401109e-03 -6.580128400736722210e-04
8.169415814312417159e-03 -8.994930208888342327e-03 4.625141951013955126e-04
-1.817791479424480869e-02 1.812030387703966760e-04 -1.666996862607164100e-03
-2.115073478010036367e-02 2.722372788448400131e-03 -3.884437165759194047e-04
3.916170176761324395e-02 1.276174741158681882e-02 -8.586178244791354587e-04
-2.256413952003422443e-02 5.037211515296922959e-03 -5.373537110045125201e-03
-1.950152782030474541e-02 1.609963385132284416e-03 -2.869500402335787605e-03
1.926873593154018044e-02 -4.563791538264317868e-03 -4.127778754248950593e-05
2.296779171315040807e-02 -1.934374521149326157e-03 -1.245314871369817579e-04
-6.668286198706628240e-03 -6.652047387198780325e-03 2.070487985099113155e-03
-2.039705507978997745e-02 2.086740604706389685e-03 -1.059982169900985319e-03
-1.830313964801832255e-02 3.196680657013975047e-04 -9.051704610953668125e-04
1.646023660618342252e-02 -6.097970562276953596e-03 2.993805152898771976e-04
1.453667746732727716e-02 -7.046314223761757957e-03 -2.745993424873710418e-05
7.841687229103911153e-03 -9.095044181927259760e-03 2.265848161866174213e-04
3.035207566312031133e-02 3.947076054204494075e-03 2.577475692299526812e-04
-1.527508708754992880e-02 -1.976455698331270206e-03 -1.391868706808370990e-04
2.693359669658791297e-03 -9.357800583168051495e-03 1.174592964060306485e-04
-1.981399129077204488e-02 2.117330857613627416e-03 2.644302720378067812e-03
-1.887124130321487375e-02 1.089991879394057363e-03 -3.424546984640312094e-03
-2.235397142414220079e-02 4.235229870040978575e-03 2.228155667254138120e-03
-1.637300517860139359e-02 -1.186460280885648800e-03 1.053721240924763948e-03
3.386621207793481109e-02 7.161215718939026656e-03 -7.298610693974715447e-04
-1.308612085773793680e-03 -8.892720929386362799e-03 4.759114383038525538e-04
3.745029733225997692e-02 1.122537265736230604e-02 -1.528439675314447735e-04
-2.354075394306544625e-02 5.603124376342734012e-03 3.115688466771379499e-03
2.429651581813237551e-02 -9.446441436768810655e-04 3.410945596364203867e-04
-1.994176827890429063e-02 2.193439304445557892e-03 2.679450981800410823e-03
3.797470803265278610e-02 1.137153180526306873e-02 -2.325507001503640243e-04
2.797879661180473904e-02 1.692052980802121690e-03 -2.637017086958968093e-04
3.219541338189080282e-02 5.689996925024150276e-03 4.295827909396454381e-05
-1.401304193761879723e-02 -3.180725335910016514e-03 -2.202178080366299934e-04
-2.120549700937272158e-02 3.008272700424631258e-03 1.882102635968470241e-03
4.530779570859024691e-02 2.130150631825517699e-02 -5.455597887517177336e-04
-1.767877177296089952e-02 -1.433259719083341958e-04 8.033610304452188777e-04
-1.630375144766434484e-02 -1.411688665945019750e-03 -5.751430260531894103e-04
3.887402418535591819e-02 1.247881787894325814e-02 -6.649827850396755700e-04
-1.914479318466121363e-02 9.159311556577955007e-04 -1.780132074064670221e-03
-2.186517804235254409e-02 4.194748121018371419e-03 -5.197924311311127518e-03
-2.224730438852152992e-02 4.146997008280572765e-03 2.549417744145417164e-03
-2.708968781880262324e-03 -8.212839220334021417e-03 7.365582694828579080e-04
-2.156603891596892836e-02 3.272805666675624586e-03 1.617571187483316788e-03
-1.728026130833119900e-02 4.349709406346299921e-04 -4.075380160449254552e-03
3.347668722586785717e-02 6.772554511676936138e-03 1.020926136249584738e-04
-9.043396643852090119e-03 -4.842863785992379023e-03 2.954839393497507918e-03
1.821227720531297389e-02 -5.079020135639912559e-03 8.053850413204345019e-05
5.638131481358349233e-03 -9.213764931632596744e-03 4.014371197732198647e-04
-1.557429730726577095e-02 -1.532507503914425171e-03 1.372521086176535553e-03
-1.857551581869722190e-02 6.114555014372122883e-04 -1.434056740483941050e-03
-1.702358510792891313e-02 -4.044105545217852732e-04 7.448033456218506286e-04
1.110521363945976732e-02 -7.916407030768950193e-03 2.842589909767884908e-04
-1.830952926030845682e-02 2.953900043883182975e-04 5.309244622751770146e-04
2.001309192481820140e-02 -3.987651373528068761e-03 3.452461182391685724e-04
5.381881583797825871e-03 -9.266485852208419804e-03 3.192708876799974578e-04
-2.313105039644956437e-02 6.183745967789538653e-03 -6.334603229805411961e-03
3.854954975696631148e-02 1.208245010196649406e-02 -1.841304087550035568e-03
-1.852950281714668690e-02 5.242213280267518736e-04 -2.107632559652212068e-03
6.912041724478149842e-04 -9.162785172198017677e-03 5.000284026889645480e-04
4.127868764105892306e-04 -8.298914166982069782e-03 2.256808947031621105e-05
-1.718055868234982103e-02 -2.549009860700091360e-04 1.817480393690447003e-03
-2.117316500480404332e-02 3.187907064385144592e-03 2.198451572930352170e-03
3.527221193681340239e-02 8.550761055801043078e-03 -1.221537843303398653e-03
1.470146532067594103e-02 -6.929757182357527447e-03 7.402385442973801399e-05
-2.029348588444737297e-02 2.382343263782284951e-03 2.106986996236973921e-03
-2.192315648912964918e-02 3.475766705221500913e-03 -1.172216384496207889e-03
-2.613039792779871945e-02 3.271836590348639606e-02 1.043378517576374308e-02
-1.718680942072925780e-02 -3.990931664775878955e-04 -1.496039267517681624e-03
1.311060764527025024e-02 -6.743546147342245611e-03 -6.655266878328852372e-05
1.093791207159746509e-02 -8.273013153029588201e-03 4.087098712186311119e-05
3.728730958014309094e-02 1.074861060248811021e-02 -1.491216753588028637e-03
3.508459627796464003e-02 8.507007842003972212e-03 -1.398466583942996290e-03
-4.830225189864991407e-03 -7.398139069399764338e-03 4.060038901191014146e-04
-1.010879964778206054e-02 -5.242083277269434655e-03 5.157282262082817266e-04
3.778594027932199659e-03 -9.265598231709954932e-03 3.384089502083697273e-04
-1.221559263799847604e-02 -3.508641685050336613e-03 1.521714882678464140e-03
-2.295629412148992785e-02 5.677470549262606317e-03 -5.910392626571969212e-03
2.718612944746340992e-02 1.160263781268274386e-03 -7.253913560690996958e-04
-2.523802809157917049e-02 7.892847940904078319e-03 4.546251041542724407e-03
2.550456916910762845e-02 -3.066438330000597701e-04 -5.517139027259442430e-04
3.268361782221990836e-02 5.996752862755934561e-03 -9.791329726713681077e-04
-2.696182974134805552e-02 3.823167205303076160e-02 1.120794779062563550e-02
4.468697779730905484e-03 -8.945353945313616953e-03 1.933104570530544517e-04
-2.344850805494473264e-02 5.496910872130185595e-03 3.027901442025819102e-03
-2.303718710150639420e-02 4.836189282038898599e-03 2.198035134802281843e-03
3.978908054220426510e-02 1.344755504686361187e-02 -2.028571385846220706e-03
-2.018411581070953670e-02 2.439176825546291848e-03 2.712723883916712611e-03
5.769999243659986767e-03 -9.225841876951614007e-03 2.446230310903511245e-04
2.433345226025713723e-02 -1.010439972400498359e-03 3.768885460613895472e-04
-2.261760867759033192e-02 5.294177672259450969e-03 -5.787232244384319865e-03
-2.170026801867101438e-02 3.980474969713676883e-03 -4.865953312077673718e-03
-4.451241103743259521e-03 -7.789206518045153557e-03 1.018412239006611573e-04
3.132172830875770697e-02 4.887108396247640853e-03 -1.020485667147770200e-03
-1.100038282169796093e-02 -4.833738301602577732e-03 4.658088858205989571e-04
3.562654577737554840e-02 9.188526856406522766e-03 -1.775531731373073113e-03
-1.838616778377420019e-02 6.485376064715126865e-04 1.753513173205889031e-03
-4.477801917108473369e-03 -7.502518355163426134e-03 5.925075913693700694e-04
1.312591603305496638e-02 -7.488407046706085923e-03 3.332854258781298043e-04
-1.828994540103933905e-02 6.681504204498293084e-04 2.148935474994419486e-03
-1.647978882542347479e-02 -1.035648947156725137e-03 1.247068731234217322e-03
3.073890498308975983e-02 4.287059056082476519e-03 -9.425754761589890491e-04
1.284612413818374179e-03 -8.937117072815407848e-03 5.877106323526155515e-04
3.646742014539128274e-02 9.744099676422738124e-03 -5.279429629535787412e-04
1.503852408723420006e-02 -6.580395769436323851e-03 1.768040807548534844e-04
-4.969140727145409243e-05 -8.311274139706500280e-03 -1.081510904612225125e-03
-1.923449095354289734e-02 1.437772504671384465e-03 2.082999398929215491e-03
6.524816471370359534e-03 -9.171181182299230003e-03 2.988349192786735205e-04
-1.862818587866900411e-02 5.782467289697771533e-04 -7.981766312390883942e-04
1.432507123803105752e-03 -9.046598480349922478e-03 2.496843121053536770e-04
-1.736053894208977252e-02 -1.857440757040947695e-04 1.763581317429864688e-03
1.680649980282450731e-02 -5.917654581074937789e-03 -5.774884564357361284e-04
2.815870141114423450e-02 1.879571891211121630e-03 -3.047886438176747466e-04
2.355943915898311980e-02 -1.645212664841463630e-03 -6.260547653854282336e-04
4.470477000160853580e-03 -9.173228191501060086e-03 2.537057364948518243e-04
3.556767227326883274e-02 9.057118962173820939e-03 -9.189094327003143612e-05
-2.106918395191428525e-02 3.270203637242413957e-03 -4.672352243098185955e-03
2.768542175326984406e-02 1.823575748110859091e-03 3.208035625676593249e-04
2.670336924876697340e-02 7.765652465995725789e-04 -8.563166770751008249e-04
7.874364035820733548e-03 -8.826307125942369630e-03 2.988512207875877453e-04
2.576187614550524800e-03 -9.232079767664670353e-03 4.839197172458546410e-04
-2.479795065507181626e-03 -7.976872114477125131e-03 -6.339673990396695361e-05
1.746347682802658341e-02 -5.657339584151249018e-03 1.810573027879626017e-04
-2.245095150267055473e-02 5.194228167797525393e-03 -5.770673645973604937e-03
3.132633985741103966e-02 4.786752948284697315e-03 2.810443822163778728e-05
-1.884021592018407174e-02 1.142109026344269957e-03 2.228667633184142419e-03
-1.560289140459678557e-02 -1.867236303187224224e-03 1.072368141615679879e-03
2.942829111259896019e-02 3.040480857867871711e-03 -7.558288429904038829e-04
3.133146572776081273e-02 4.740456375606300933e-03 -1.182794054098608655e-03
-1.357785698922636675e-02 -3.437462560802983982e-03 1.449273915497400491e-04
3.184211235972302188e-03 -9.195109568841000267e-03 5.289163570686901969e-04
-1.450189568369579345e-02 -2.709303474985609583e-03 2.476632602315458564e-04
-2.010572236389882722e-02 1.901721632305734128e-03 -2.765767554294147612e-03
-9.052149447865836000e-04 -8.497919630571617103e-03 8.744241617359362236e-04
-1.413368580539959944e-02 -2.705220061953378125e-03 1.863936414411353822e-03
-2.116974917644270926e-02 3.128413009735502362e-03 2.156727713209980433e-03
-2.167539667808105613e-02 3.658751941138902071e-03 2.505515226309417646e-03
-2.009353179116860760e-02 2.098904824718513928e-03 1.811493889591613655e-03
3.159137711825549949e-02 4.928156387591729054e-03 -1.620030427179900074e-05
-1.969410524216822986e-02 1.915461852187859805e-03 -3.957570387841317754e-03
1.412160525974009767e-03 -9.087979368178226991e-03 4.779357002007460415e-04
-2.110932117072053874e-02 2.991485955757985666e-03 1.922457015224577704e-03
-2.040142487395362955e-02 2.656307812984256417e-03 2.720005365479734316e-03
-2.188404951938608192e-02 3.811389879548782861e-03 2.348775760106155529e-03
3.468793186387032074e-03 -9.308315824672810240e-03 5.029408896377501924e-04
-2.267944101913545174e-02 4.515847387780099614e-03 2.116776817633245732e-03
-2.519004856873536743e-02 9.544042677398072508e-03 -8.066448220784424097e-03
2.960455417487989696e-02 3.208671863858119765e-03 -2.270188508909717776e-04
-1.972195930594209529e-02 1.945073818489253441e-03 2.397433224853042898e-03
-1.979717263631874252e-02 2.423999459849049496e-03 -4.559212605021335969e-03
-1.448414605995466259e-02 -2.501259688372843570e-03 5.158469931545470264e-04
-2.105610279434695295e-02 3.054326450489469515e-03 2.324784424442242082e-03
9.791874534923809131e-03 -8.511202448478189311e-03 2.820114013826969710e-04
-1.264927047826180234e-02 -3.881374275754725413e-03 -4.996218565622367273e-04
2.393819939745231440e-02 -1.199933549104956415e-03 -3.698176876732197868e-04
3.811391055080537438e-02 1.160755079618025140e-02 -1.622452315149306747e-03
-1.577925129487797035e-02 -1.674080479480451102e-03 6.751898811190571413e-04
3.282176529428315614e-02 6.141874009515278614e-03 7.000160082537645347e-05
2.217281977557608932e-02 -2.670118676165979948e-03 2.358258895209634244e-04
1.198971817299044132e-02 -7.851302882282086906e-03 2.567574927848663337e-04
1.874989282523008977e-02 -4.888841824091743303e-03 5.045961521246906164e-04
1.378777310990486268e-02 -7.258268476402847738e-03 1.238304542843878973e-04
-1.837711325349988822e-02 7.326219030321010593e-04 1.751112662777668232e-03
-9.566190552107682946e-03 -5.043452694425435909e-03 -1.598617775230512527e-04
-1.787103310900200331e-02 8.207615290452160940e-05 1.347499554275993425e-03
-2.465407247346078703e-02 8.833027658038134639e-03 -7.797212548435432898e-03
1.421057972073179465e-02 -7.049515613392689194e-03 4.442309159888672152e-04
1.067195839209076139e-02 -8.263381812231773357e-03 2.604595676215131004e-04
4.393150063884284327e-03 -9.162309213561802348e-03 2.851155353041195635e-04
-8.788211857080136663e-03 -5.868044070629884965e-03 5.599225528190062806e-05
2.855992185633080688e-02 2.302237824189277103e-03 -9.600247459307939893e-04
1.539822164596279207e-02 -6.683150429435089600e-03 1.555609083961372095e-04
1.966237031003874661e-02 -4.185183293520157270e-03 8.939983043686486536e-05
-2.051829514547598779e-02 2.402978386635050857e-03 1.774806150794297271e-03
-1.547657553821486266e-02 -1.725112218459824882e-03 1.106528232046938807e-03
2.810970296333320517e-02 1.831539516847837615e-03 2.380713661616866829e-04
1.854344628950128481e-03 -9.326826761640417268e-03 1.153794360966397376e-04
3.630519055273581652e-02 9.651831865014171008e-03 -1.108368879573344264e-03
1.893811724011684045e-02 -4.689035127445164916e-03 3.199076741895474224e-04
2.908416525110072565e-02 2.672261900592972587e-03 -7.292637501231423805e-05
3.903484153234254572e-02 1.344502607954781506e-02 2.105700835150397577e-04
-1.980849217361544887e-02 2.045195120420967554e-03 -4.203653666303431603e-03
-1.125667234126032047e-03 -8.908843576407390191e-03 5.896651689504581835e-04
1.146845160535025360e-02 -8.072477740797657370e-03 2.893752365736823292e-04
2.935483692155113969e-02 3.313282415291222277e-03 3.714140333861554719e-04
-8.564851702428469835e-04 -8.783975656865292483e-03 5.159550267203351619e-04
1.145590310233458690e-02 -8.117597830895620370e-03 6.325225837298736279e-05
1.175116247496026112e-02 -8.026305768278212821e-03 2.643359951413925039e-04
3.240083404202161871e-02 5.702531325286275612e-03 -1.409230590167481661e-05
1.747455223133064992e-02 -5.640630145862869302e-03 4.556675430909204742e-04
-1.296612672512575601e-02 -3.354478026705243199e-03 7.833501252683595277e-04
3.882692868793367891e-02 1.288641430785950580e-02 3.351623859192542497e-04
-1.544426406869728319e-02 -1.772113549818939149e-03 8.079705881321715220e-04
-2.744257568114161216e-02 4.183097795887802395e-02 1.172549013315999679e-02
-2.210537282050225108e-02 3.884778065914239100e-03 2.025062844389202005e-03
2.981551993421167543e-02 3.236472189401573205e-03 -1.196372622429856480e-04
2.693392755272652761e-02 9.897667014670955606e-04 4.918819622130084918e-05
4.041485240513032623e-02 1.458688068856755365e-02 4.770367040343971240e-05
7.532104507735278703e-03 -9.094568342473723782e-03 4.672299473529568730e-04
1.658164318984818933e-02 -6.177232070888762257e-03 4.494752878619053893e-04
-2.232470268686665912e-02 4.243915292357280759e-03 2.680404868027388629e-03
-2.178257066349660251e-02 3.565948221370703660e-03 1.725819463818013474e-03
-2.201288957090989998e-02 4.490818205887055388e-03 -5.234053077430010116e-03
-1.360404789752724455e-02 -3.119917871509769996e-03 6.249145394431878872e-04
-2.111351785617937571e-02 3.029158477672319778e-03 2.194007251820592579e-03
-1.943887014280136494e-02 1.400697908798832639e-03 1.314126113504279856e-03
1.936697483312763146e-02 -4.154970595287185882e-03 -1.924477896601327158e-04
3.953878222943604803e-02 1.366497805617658198e-02 -1.221586842804216102e-04
1.185087610741804125e-02 -7.811172158141537966e-03 1.560231051526427850e-04
2.935108238718604767e-02 2.945203645666949130e-03 2.074300989378111072e-04
-1.684961327978080903e-02 -9.304456644256502542e-04 2.931202250293208841e-03
-2.129846058698092390e-02 3.681250394766152553e-03 -4.898139589884723671e-03
2.867526569143942494e-02 2.441263376008048422e-03 4.842396911381028810e-04
-1.639995531608043344e-02 -8.876380987283596360e-04 1.354062098706551023e-03
2.959249919003369839e-02 3.228433825986005458e-03 -6.062256409257117586e-04
-2.007297728217003613e-02 1.820708322312721960e-03 -1.301978954435105244e-03
2.904153282864916502e-02 2.587034303595353059e-03 -3.024882369339138488e-04
1.849703379361299083e-02 -5.041312214342817850e-03 3.048970787966376631e-04
3.017364544675079155e-02 3.740737996288109792e-03 6.727586041487167027e-05
2.917054717496422520e-02 2.866106349012573825e-03 4.358056035612851444e-04
-2.585631356651986804e-02 1.095706863249897370e-02 -8.868974149629530943e-03
2.234933290830745656e-02 -2.533009221449613550e-03 2.286894433949950283e-04
-1.663580937557922884e-02 -1.077511649908148746e-03 -2.632634066555032334e-04
2.495040081583313821e-02 -6.663777094768723319e-04 -1.335437257641801097e-04
-1.143467652239585873e-02 -4.040422948050691881e-03 2.095489747457244232e-04
-2.046176478715456409e-02 2.210643883731668556e-03 7.895849318146619649e-04
-1.966934568356167382e-02 1.630894202665320860e-03 -3.184080892615813018e-03
-2.138679896292121352e-02 3.221693205270393864e-03 2.050694509659255378e-03
-1.779333204086781806e-02 1.219660983436649622e-04 1.620108488231698004e-03
5.078430185916506245e-03 -9.224225626870904970e-03 4.235073552162604274e-04
-1.275503477294608404e-02 -3.986288552756529074e-03 -4.148689538414873342e-04
3.550947370512674839e-02 8.918712983697101720e-03 -4.119510704756495270e-05
2.990667913809371900e-02 3.382270068807785579e-03 -5.325672784702085473e-04
1.609659083619747327e-02 -6.122219248590836209e-03 2.749637774159754294e-04
-3.528578749901377311e-04 -9.013180044587388445e-03 3.114746944791578357e-04
2.602838964134795291e-02 2.811998717929911932e-04 -1.083647175823989592e-04
-2.111465433237853101e-02 2.831257608176688482e-03 -2.954180315181330081e-03
3.139655762639795983e-02 4.754441308219041311e-03 6.724705969397901474e-06
-9.717030189379929905e-03 -6.139447474378757763e-03 -8.134677437461558178e-04
-1.820387989376515483e-02 1.235668461338783244e-04 -1.019060790164517168e-03
1.827291524460273806e-02 -4.999173035245033439e-03 -1.559752996852023911e-04
-2.209310842794517601e-02 4.053961687343531940e-03 2.489426847075544569e-03
4.032803333914553034e-02 1.441818615435593205e-02 -5.169313980665717718e-04
-1.855489038713895728e-02 4.274239656347221571e-04 -1.787286886518048767e-03
-2.174576511975155266e-02 3.992330290593868944e-03 -4.714332676702993018e-03
-2.333442051035490572e-02 5.529678632610931198e-03 3.192783431701856373e-03
-1.655173285357827706e-02 -9.817368156521360904e-04 8.797029165000284315e-04
4.237293286818254179e-02 1.655072903794970254e-02 -1.263346309919256318e-03
-2.255882849661705603e-02 4.483830326139110790e-03 2.442415069775184192e-03
2.564732167593805276e-03 -9.212511373495914369e-03 3.540812795559067036e-04
2.678204406271897722e-02 7.741107746406754439e-04 -7.246859825261670659e-04
-2.151436654414880592e-02 3.489999098603450197e-03 2.395201240495372329e-03
4.449808855445283595e-03 -9.252025928451892284e-03 3.430087987483691563e-04
-7.638439777683593210e-03 -5.888648279988190418e-03 1.433616417555775083e-03
4.198342896590426775e-03 -9.233996459890682351e-03 3.353649134425442020e-04
-2.236534632368288034e-02 4.816733688104928197e-03 -5.391136471096287346e-03
-2.194313865178716683e-02 4.150453728233994069e-03 -4.927938769630223030e-03
-1.984717063400674719e-02 2.035031058372213392e-03 2.462188095282337712e-03
-2.315191980989614318e-02 6.148393189508894081e-03 -6.218559868363797774e-03
3.522769908290007256e-03 -9.225404329735918674e-03 3.089195067922799096e-04
3.774351562284906925e-02 1.116558693286223009e-02 -6.431213573513237412e-04
3.459382700428655089e-02 7.877125128671032608e-03 -2.279002412235573880e-04
-1.650793849197660854e-02 -9.343461204580801038e-04 1.368822330716259724e-03
3.390283328266305296e-02 7.165265775730188073e-03 -1.019830206490723607e-03
2.907591066047502185e-02 2.652726274083922874e-03 -5.320673548976683279e-04
-2.433226232044283580e-02 6.623472677337792665e-03 3.761012381043231899e-03
-2.681776836468841019e-02 3.732607163469202349e-02 1.108593327568960403e-02
-1.832886296556801575e-02 5.968945838673531687e-04 1.800256955137458136e-03
1.576915717567742292e-02 -6.376541652259274696e-03 1.741654560232431441e-04
3.636725074028061139e-02 9.842291641791626328e-03 -7.125827153540821384e-05
4.360850195234426165e-03 -8.802341173329621474e-03 -1.942597088271580050e-05
-5.183745534439742481e-03 -6.967684630741357611e-03 -8.429846751446481599e-04
8.893150589123587427e-03 -8.664560691626677774e-03 -2.964119724957011608e-04
2.796094952977724868e-02 2.011539698314106315e-03 -6.176685510590038033e-04
-2.004841693425741048e-02 2.145387282524609512e-03 -3.559403343928305152e-03
-1.088427111925573294e-03 -8.914565067125183179e-03 3.512312647960360895e-04
-1.780845971223834687e-02 -8.062741657738345456e-05 6.983267901893398322e-04
9.152993613228502592e-03 -8.553057940496431796e-03 -9.041388928780350130e-05
1.457725263141986839e-02 -6.987637953335408547e-03 1.696427586683766427e-04
-1.903759457832897642e-02 1.390988434942509429e-03 2.420583212943723007e-03
-1.315808887704495410e-02 -3.660234084298730380e-03 -3.356928212687290865e-04
3.243942003882120673e-02 5.783407592176720811e-03 -5.697104238873581215e-04
-2.249224007473377140e-02 4.502712657192736723e-03 2.924692093121026085e-03
-1.845419929298572695e-02 7.174663701947629106e-04 1.739468235833663019e-03
2.012446586298778997e-02 -4.004767334675870573e-03 1.392011957909203258e-04
4.408009376460205950e-03 -9.176129786261734422e-03 7.270783079013899653e-04
6.167279200565597454e-03 -9.174466230683393439e-03 3.520119647720879041e-04
-1.942112176078215208e-02 1.558691680976929646e-03 1.777066758343769613e-03
-2.161424538466058878e-02 3.705955918283198973e-03 2.864955780557109158e-03
2.808377365235896483e-02 1.868650629176472986e-03 6.456820053073182672e-05
3.253065935384138324e-02 5.779945779567055748e-03 -2.312811842637690755e-04
1.789075365425733116e-02 -5.315312463121273957e-03 3.558388303868007304e-06
3.030269087815029572e-02 3.828681369338377601e-03 3.956312825102144346e-05
-2.243826341437275482e-02 4.819553019662296822e-03 -5.275814968227110664e-03
3.851857468351500141e-02 1.204191284996897031e-02 -7.731821015056480418e-04
1.224056625151188037e-03 -9.180547053824233972e-03 6.360867646135714678e-04
-2.272063863476816298e-02 1.736941272222249436e-02 -6.171514184464631410e-03
7.937733323859989809e-03 -8.858995078863621947e-03 2.773521470023703156e-04
-2.321183736789487681e-02 5.435308039609893296e-03 3.475147505765659867e-03
1.433636798300121432e-02 -6.891812504427597547e-03 2.343727390250194558e-04
-1.594255562555522629e-02 -1.542085223154506923e-03 9.855322472505276786e-04
9.519077020521118579e-03 -8.611574620775172897e-03 -2.983436591372330346e-04
2.581947072669356358e-02 -2.307613240820145223e-05 3.052009199141034884e-04
-9.456739603267616881e-03 -5.295454477466294586e-03 -2.645705712176723884e-04
3.712868522924641507e-02 1.096944360833485357e-02 4.728676268529631165e-04
7.029082947994251540e-03 -8.840912618189986430e-03 2.962695256655303020e-04
-2.004707346779963442e-02 2.146734701884288072e-03 2.216027053469954346e-03
-1.908172568807421296e-02 8.483004006403061610e-04 8.365246104492770403e-05
-1.745525086903164033e-02 -5.290764036742606454e-04 -8.438224708876860885e-04
-1.674718092417246465e-02 -8.335075415029749883e-04 1.489309537553207968e-03
2.647935093039310503e-02 5.197002986086702355e-04 -9.474204240484471054e-04
3.725587150956291560e-02 1.053979335569792293e-02 -9.979499062104952439e-04
-2.106336381926162543e-02 3.535040641763031316e-03 -4.958437184327021095e-03
-2.175452330205758164e-02 3.896891412866629757e-03 -4.618125904445840105e-03
-1.806256289144400271e-02 3.288418707460640292e-04 1.498993747964963300e-03
1.707067505033472987e-02 -5.772605231063718603e-03 -5.046325521897898809e-05
6.638200350454486962e-03 -9.112618054920711488e-03 4.364606299786554021e-04
1.916039444223256727e-02 -4.548523924337402255e-03 -5.087254458264703783e-04
-1.985128709579429135e-02 2.050639316651978444e-03 2.469924048557793281e-03
-1.601404804256683148e-02 -1.605544144969584712e-03 -4.984438856936281373e-04
7.193250877602364035e-03 -8.921522472196583356e-03 2.729894425805383103e-04
2.412197563017074581e-02 -1.302598409695386854e-03 5.062379786498846671e-05
-2.039155368505460308e-02 2.193511750858532020e-03 -3.066720218003297482e-03
-2.367988128459498631e-02 5.745080679082640446e-03 3.496990515674742658e-03
-2.134658900869444015e-02 3.162381147526305541e-03 1.647613403264730665e-03
-1.774497363671477881e-02 2.292680755842258639e-04 1.475112900906082368e-03
-2.023955420558916710e-02 2.305598935925798083e-03 2.100912046869800928e-03
-1.720370406973195654e-02 -6.269801264479713063e-04 -2.381569762864800457e-03
-1.930360399891778087e-02 1.939377483719097487e-03 -4.100672491594026421e-03
-1.428612581255370509e-02 -2.689095383073219266e-03 4.270277726006195648e-04
1.033035109440508074e-02 -8.592156467705494224e-03 -2.979460941731864438e-04
-1.755394075493370634e-02 -3.471185237894535347e-04 -2.006511926841396485e-03
1.878311501550346263e-02 -4.693467418764002419e-03 2.397551054806879565e-04
-1.283691474518271203e-02 -3.736118619589679120e-03 -5.398218892782404629e-04
-1.633564074376596745e-02 -1.062275683809192107e-03 1.454806153368496400e-03
-1.830802710856952245e-02 5.767433925603217097e-04 -3.053900038893301357e-03
2.130481916179775836e-02 -3.417708783906409174e-03 2.246087128204618381e-04
-8.343381867559122173e-03 -5.881397925544616656e-03 1.570004000299006107e-04
-1.857560086923705847e-02 6.766501837945001216e-04 1.344683969423956420e-03
2.837314262590505051e-02 2.081907749584123099e-03 -1.118737128471721643e-04
-1.163133493955291649e-02 -4.167063333896494151e-03 1.270154770053801008e-03
2.024061353112506859e-02 -3.915327462479509246e-03 4.677737392302079800e-05
-2.017354012234849267e-02 2.205203949053001315e-03 2.060045409365785559e-03
-2.140350980519360041e-02 3.200464767958135105e-03 1.775102689430047530e-03
-2.034457176606150122e-02 2.394738960922022496e-03 -3.893882553893635804e-03
-1.586730418149799246e-02 -1.535426608685729966e-03 -4.813069883612956139e-04
-1.634883188585409264e-02 -1.081927608696852793e-03 1.461401115392139179e-03
-2.605987463732244505e-02 1.133687106263405429e-02 -9.006592913539758494e-03
-1.078533968211886802e-02 -4.997963721336068366e-03 -1.080564127977473891e-03
-5.542142339993642516e-03 -6.779864473387606921e-03 -2.372014736493833334e-06
-1.603665565071540899e-02 -1.503292464967945262e-03 -1.568691515811196585e-03
-2.022024516810508321e-02 2.035153980281012229e-03 1.359010764838597743e-03
-2.062040116972617063e-02 2.563078476137218512e-03 2.253868061831058086e-03
6.319454588086253696e-03 -9.102676901573103149e-03 9.904120955646818225e-05
-2.207278977896936015e-02 3.861884648798772409e-03 2.198299541987225412e-03
-1.776616739299942405e-02 6.212700513175415176e-04 -2.010853123614858313e-03
3.202166937687014187e-02 5.350862117021348840e-03 -6.305450132508780303e-05
-1.854124933287549723e-02 4.336885415274502678e-04 -6.488886435392825442e-04
-1.670820357994382693e-02 -7.698701437686855144e-04 1.167357823718081751e-03
2.623201315409550219e-02 5.071330755879915929e-04 -5.298752599170525801e-04
1.111305841937187434e-03 -8.973526012184663767e-03 4.174714725342276635e-04
-2.300672803678737582e-02 5.672143320724269341e-03 -5.856270288320447603e-03
3.237079700447619002e-02 5.627588346352253509e-03 1.690273199505394847e-05
2.026309300078943040e-02 -3.800115193541451272e-03 8.179750801850413876e-05
6.722853722995351076e-03 -8.966483782410526043e-03 3.831670873934912738e-04
2.695205324895064147e-02 9.771968628819712246e-04 2.489370161721909383e-04
2.885766572807914321e-02 2.470503020076621984e-03 3.405510688223534958e-04
-2.114697246533364661e-02 2.934571165324319740e-03 1.598596885470552221e-03
3.178088568827953930e-02 5.189181544804457799e-03 1.605936650423193631e-04
-1.869540150434947576e-02 1.177789603578487804e-03 1.590113567920270693e-03
-1.931186140454493189e-02 1.283361197049833922e-03 1.254840546543032741e-03
1.515832475403643825e-02 -6.592097428652313185e-03 3.747143149749128550e-04
3.836460515385855391e-03 -9.280843196087122660e-03 5.563948524692932749e-04
-1.344681225629031605e-02 -2.894956817654639920e-03 1.103534810958216794e-03
1.866496268865459884e-03 -9.262979715567325190e-03 5.456775243707326535e-04
-1.984897219334448917e-02 1.866053601565459451e-03 2.171107567153850604e-03
7.779155166764443671e-03 -8.996091148057954248e-03 2.104726482350347558e-04
-2.190852079416233042e-02 3.811306888370555052e-03 2.295170649458265835e-03
2.443406024302690813e-02 -8.332358413031494201e-04 3.392205504940348998e-04
-1.222866778742076263e-02 -4.016021514754340542e-03 3.831814254936060228e-04
2.609203109024876496e-02 2.305838503362823424e-04 3.116903540883779683e-04
-2.127237592822505546e-02 3.297409445885853690e-03 2.564045325363983191e-03
1.463658239739554570e-02 -6.824245936105334358e-03 4.393458383718756681e-04
-1.461155540365901249e-02 -2.600481903252331410e-03 1.464074734860215589e-04
2.635249385023820390e-02 5.139426267221474656e-04 3.000761387353655671e-04
3.734371765299629442e-02 1.087930755588879111e-02 -2.167636704503042404e-04
2.864295128771959451e-02 2.314833128633011008e-03 4.651339006693486797e-05
1.817370860502650828e-02 -5.169442098219601510e-03 3.287228636514409868e-04
-1.966579585450691642e-02 1.557277903677109629e-03 1.141256386030691568e-03
2.948110611605151907e-02 3.176969284090036625e-03 2.847630601636483663e-04
2.345991527331183976e-02 -1.690600560412737485e-03 2.269613868831794889e-04
2.662034635102330377e-02 5.757949594896594062e-04 2.367306162221339129e-04
2.703194614275431992e-02 9.686167803040876718e-04 3.332661006013955718e-04
-1.530071777479130243e-02 -1.904202746031995533e-03 8.602474931995755456e-04
1.911386786390345191e-02 -4.670063106493352670e-03 3.249571150688744178e-04
1.863767604033263192e-02 -4.713540476359392474e-03 2.923450377308205910e-04
7.046611221512773552e-04 -8.951453402414875568e-03 6.096301581687236723e-04
3.040965501119196820e-02 3.875371138252779301e-03 3.501960470490847271e-04
-3.907288329055401063e-03 -7.960819222246702867e-03 -5.059039895867450520e-04
4.790071736957238896e-02 2.510639204020228762e-02 -9.420185675637229947e-04
5.484506856472942801e-04 -9.029446302403485933e-03 2.688838388222667333e-05
-1.674739582686674347e-02 -1.006294379582548361e-03 5.730224687620416243e-04
2.814045124527870742e-02 1.877154298167936324e-03 1.643854153043909942e-04
-9.661830260581746876e-03 -5.527008554922996364e-03 -3.980835050251994790e-04
-2.338553295611810190e-02 5.584562954574026974e-03 3.732098568904169533e-03
-2.387500713875690198e-02 6.185268424981103103e-03 4.021293652375588015e-03
-1.982952056024212331e-02 2.026524657838738377e-03 2.205235414318437465e-03
-3.195224091581788141e-03 -7.885562257267848124e-03 1.578121103357075432e-04
-1.933227664422041553e-02 1.717119871075388059e-03 -4.203482518021194221e-03
2.302151843049471056e-02 -2.166564754099914621e-03 3.379572250480554442e-04
3.065773308839395833e-02 4.128917083765177264e-03 1.889943761898659066e-04
-3.943289204256862125e-05 -8.793021926699924953e-03 4.074591789390658112e-04
-3.646898617832448268e-04 -8.668608532750013765e-03 4.057747970905609494e-04
-2.219060803121677278e-02 3.937002651759074004e-03 2.196235178198114191e-03
2.768154825246650977e-02 1.459824558775146787e-03 -4.952382229821259861e-04
-8.097663280594081831e-05 -8.970803352723131369e-03 5.366756188605963616e-04
3.272532861725472447e-02 6.083076486460577310e-03 1.334224939150250200e-04
1.990210994239593328e-02 -4.276350384547137999e-03 2.416465690508204183e-04
3.579904190824485105e-02 9.049694957160766065e-03 7.413348046008465752e-05
9.635885477169564561e-03 -8.771224680320315048e-03 8.934292875684863309e-04
-1.734280261422022074e-02 -5.155501511287658963e-04 2.583162502766917033e-03
-4.648978481616760153e-04 -8.231001717691468697e-03 2.247629847392988798e-04
1.983703735733335222e-02 -4.117449109903226732e-03 3.304377038026507559e-04
7.069979279981879368e-03 -8.918652998584606501e-03 1.089779216882672902e-04
-2.388517913452196939e-02 6.176618007721727810e-03 3.918132341327560351e-03
8.321093152793895484e-03 -8.740252103317651747e-03 2.291603270862056492e-04
-2.308032765164513833e-02 4.957166186524432881e-03 2.463511565293359257e-03
1.850695917144388938e-03 -9.006755110421715144e-03 1.991176521989124280e-04
2.797346539700517817e-02 1.709454377063560071e-03 -9.051159992830496012e-04
4.130475730313631216e-02 1.507796208866891106e-02 -2.308063232663506038e-03
-2.255451106196099814e-02 4.630178391177776354e-03 2.864482417375388817e-03
5.983954649483601979e-03 -8.880496092311803910e-03 1.787943578439029431e-04
-1.887671871652042005e-02 6.703401916359895841e-04 -2.171866087944287864e-03
-2.008886966423608852e-02 2.050069911889408885e-03 1.634558102704811817e-03
9.890020291725799134e-03 -8.358896960213175673e-03 1.567015101683937256e-04
-1.748900421203142611e-02 -5.456040394981925205e-06 2.040322831207105111e-03
-2.520233269761210787e-02 9.463043622239661681e-03 -7.994993551753769995e-03
2.113989460471693560e-02 -3.477527187020042036e-03 -4.064767315875366066e-04
-2.229722833096851875e-02 4.297621037908369752e-03 2.711671253484031641e-03
-2.276044965907036630e-02 4.756609570800799172e-03 2.575378566593099824e-03
-1.546355842332329880e-02 -1.674378872730588773e-03 9.276723910364578166e-04
1.685233851451274634e-02 -5.904553112860229727e-03 2.344473076055813199e-04
-1.990930218609240215e-02 2.168079174616414917e-03 2.660822675764086369e-03
-1.613846022178016398e-02 -1.435860684039563882e-03 -5.864546781871338718e-04
1.746268929593576893e-02 -5.365610295735704846e-03 -3.810713909963082176e-04
2.558035519017593656e-02 -2.591214059790032851e-05 -6.658694836708421239e-04
-1.667272081804410319e-02 -8.276507790203006115e-04 3.102924542801767036e-03
-1.733852166097144681e-02 -3.565620749327273330e-04 5.904064938166774619e-04
3.355832080715007160e-02 7.021938008435857186e-03 2.417313095275849122e-05
-1.603046455619437302e-02 -1.571449759873189264e-03 -1.148120643301304240e-03
-1.806750468071386187e-02 1.294207921487220965e-04 -1.767641100801866771e-03
-1.765732209133703129e-02 1.101033804223019085e-04 1.860934601014766236e-03
-1.977003672489829195e-02 1.415324643672564390e-03 -8.932051220156586417e-04
-2.066109532177718214e-02 2.772899671155455541e-03 -4.252545447571968139e-03
-2.144548662712544504e-02 3.393268815137138409e-03 2.338073128410928132e-03
-1.871742766782900566e-02 8.923584050189036117e-04 1.843773088218966577e-03
-2.218313420119631327e-02 4.525112964675818798e-03 -5.188675084983647955e-03
-1.796427051819721177e-02 2.100400836787723682e-04 -2.405284863535065962e-06
1.844945565824961803e-02 -4.866862776995899489e-03 6.017749004379149196e-05
-1.341285948448894295e-02 -3.101724494436268117e-03 -1.580980010169632556e-03
-2.525699435427377487e-03 -7.961112869156218574e-03 2.175628467121341100e-04
3.587779126981877759e-02 9.237707788774614584e-03 -7.318412145892349467e-04
-2.201311479844775612e-02 3.938684743106439685e-03 2.388433560042653014e-03
2.538983381154403043e-02 -3.290273212744020126e-04 -2.742000044539965220e-04
-1.641940587142636312e-02 -1.183801663596879437e-03 1.670246515936554561e-03
-2.210987058914480261e-02 4.144094756490596804e-03 -4.487483046855614451e-03
-2.356056826465997497e-02 6.835007981468206768e-03 -6.718713042674014785e-03
-1.767346499358699724e-02 -1.604023153804249549e-04 6.819494184434305665e-04
4.405691097128629219e-02 1.924952701336178629e-02 -6.163385681580011355e-04
1.649214646084613519e-03 -9.163124807115298129e-03 3.478173641190041476e-04
2.677245609698521850e-02 8.111533192681198668e-04 3.432170198956622565e-04
-1.635111654906083734e-02 -1.155993109362156391e-03 -1.045383620515020649e-03
2.951959791600715019e-02 3.157818162121328685e-03 1.196902771510598341e-04
-1.808728837614533361e-02 2.064594262008973653e-04 -2.564865366078056264e-03
8.559570207258063862e-03 -8.461547267833626623e-03 7.850730675636048402e-04
2.479013972370984475e-02 -7.467676032038943462e-04 3.361560250868798915e-04
-1.615226818584628368e-02 -1.173351914308517563e-03 1.575974586269772697e-03
-2.187292429495437188e-02 3.798561378943412885e-03 2.524192434971139157e-03
2.289378564430446378e-02 -2.170490530952241988e-03 4.945380836561506788e-04
1.076106069302798333e-02 -8.373520399127511171e-03 3.638831939288258099e-04
-2.005303482866115442e-02 2.242817713677709626e-03 -3.902096780617013167e-03
-1.523869115925363497e-02 -2.036211438138300391e-03 2.630843775673887214e-04
-2.094682609402181983e-02 2.748216396337751621e-03 1.831188814919384881e-03
1.956575247810936682e-02 -4.057798355653076915e-03 -1.565315908515071345e-05
1.878727338130737820e-02 -4.685692944186785162e-03 -4.108884537197103897e-04
1.946570683606996645e-03 -9.155498520142428889e-03 3.012951696907229340e-04
2.651715720069541555e-03 -8.991033816740812840e-03 4.889914262400066498e-04
-1.687841063795754437e-02 -8.324189700054952226e-04 2.126188055495041931e-03
1.189600469705695551e-02 -7.988118454960318332e-03 2.850118761791548363e-04
2.481855307637731781e-02 -8.414957035320042933e-04 3.414269084962676159e-04
-2.078418132296487933e-02 3.027435916695883893e-03 -4.408004153382574959e-03
-1.666544156435510737e-02 -1.271661554288558080e-03 -5.807233939187652315e-04
-1.684883664893603930e-02 -9.401098907497178626e-04 2.297822999055755371e-03
1.793201084764078045e-03 -9.214537243332876493e-03 5.033590324013725902e-04
-1.763413464926075896e-02 1.840882614359899119e-04 1.720282581294484180e-03
2.273200156992935886e-02 -2.285463199524725899e-03 3.376744388756851897e-04
1.029540953035990416e-03 -9.285295977892578378e-03 1.901056023654895840e-04
2.285239560975334608e-02 -2.220154155751899450e-03 -1.211707814014268607e-04
-1.261099733802359749e-02 -4.186673154286318227e-03 -1.107961372289218739e-03
3.682922105362952669e-03 -9.244872317400301687e-03 4.669235537859224485e-04
2.522989630831145788e-02 -4.806254282614434931e-04 4.126451146811819268e-04
3.184684873066164629e-02 5.345121659791784129e-03 4.049740916390420060e-04
-1.931920206707475954e-02 9.215439813650872121e-04 -7.834191367978123781e-04
4.091924715874645929e-02 1.568310731090651403e-02 1.636849454568413301e-04
-2.658057177948273259e-02 3.528829972292860107e-02 1.078594906872423417e-02
2.652379134769748681e-02 6.534033088877863257e-04 -4.040843061983828135e-04
-1.748732208267806537e-02 -2.292185592546160870e-04 1.266962823367381603e-03
-2.022049080390363185e-02 2.190807130410076312e-03 -3.188543490296561009e-03
3.625654255574119883e-02 9.566020233670114239e-03 1.332440851415832913e-04
2.069787027962811943e-02 -3.617624219357781345e-03 2.497501467099070530e-04
-1.992272322322904618e-02 1.674745804439432004e-03 5.493719139735731439e-04
-1.938620372258550648e-02 1.253347094282870715e-03 5.592313660657930070e-04
-1.339637229348229069e-02 -3.332193815948124391e-03 7.327305798389510639e-04
-1.456582608139981964e-02 -2.617880516994661438e-03 3.880922507698976150e-04
-2.149689143098049496e-02 3.151999648101260106e-03 1.359722323507461545e-03
3.204156669847135763e-02 5.407827974179749489e-03 3.494525183943545570e-04
2.636507134923802773e-02 4.589268095047103514e-04 1.281128292159098539e-04
1.290073884952842344e-02 -7.439462275646358154e-03 3.839051165756871237e-04
2.552212478712395302e-02 -2.222721593627008537e-04 2.616586166768642579e-04
3.199116910756423515e-02 5.339186589159451365e-03 -8.518479500026135539e-04
-2.292201146517914775e-02 5.544300463890140980e-03 -5.715222103265278977e-03
3.127382936604085339e-02 4.723946508239445889e-03 3.761108400639217209e-04
-2.153755542350197297e-02 3.637101699910990065e-03 -4.332237686882890043e-03
3.638950714099315614e-02 9.989937632088781438e-03 2.583829994288263537e-04
-1.899266456442395140e-02 1.283299010800983703e-03 2.223395215015711805e-03
2.691359056209223152e-02 9.355829456754295812e-04 2.936621226120427332e-04
1.209487013044826566e-02 -7.803780917241467420e-03 5.043320932706262709e-04
8.868426608593726196e-03 -8.621349451984209114e-03 3.931127318157771802e-04
-1.981957761384109742e-02 1.679809870837974421e-03 1.376832674366443906e-03
1.941671818285285733e-02 -4.405158850205752319e-03 5.823294921377178673e-04
2.857158580768246955e-02 2.287483078176219715e-03 5.933267407660817528e-04
-1.032511449506852072e-02 -4.606151731758757924e-03 8.078511409593982888e-05
-9.533549701392579970e-03 -4.829940080754323815e-03 2.780256308952590988e-03
-1.986665941177432823e-02 1.622282150495252392e-03 2.138827227233723149e-04
-2.048335442835513484e-02 2.297670777118393862e-03 1.594786707613535639e-03
4.457671958438540194e-02 2.042887646196706389e-02 -5.387966078250783783e-04
3.073743949141443180e-02 4.207597391494927175e-03 -9.455612672462713727e-04
1.733385722441227331e-03 -8.890049433399537307e-03 5.745444458140773524e-04
-2.011977809958286414e-02 1.855797497841370301e-03 -1.838094805574928565e-03
-2.033876831866688467e-02 2.213350700817161894e-03 -3.383003045288078721e-03
-1.806709452471507577e-02 -2.902796846632627742e-05 -2.754108643168236455e-04
1.851845277458566766e-02 -4.956349847408680204e-03 6.212006450324517428e-04
3.423476753276954998e-02 7.600720932663538459e-03 2.324372576886580069e-04
-2.125648062576057304e-02 2.854922050235535972e-03 -8.475446053213720084e-05
-1.777144087712643691e-02 5.496888123310418421e-04 -2.013421886524848371e-03
1.142173056091049313e-02 -7.856542624862029520e-03 4.573515675799305299e-04
2.800836286907265951e-02 1.751175378536506608e-03 2.707837819336277366e-04
-1.947932060917978089e-02 1.442077757254567371e-03 1.654093457571201124e-03
-2.035630851942138095e-02 2.065999666659264905e-03 -1.702914534520956393e-03
-9.074120039281379987e-04 -8.665045239523867446e-03 2.669994054131236681e-04
2.886004355985031383e-02 2.446954160116684117e-03 -1.307931295146644345e-04
3.634450215469345324e-02 9.772906136236636163e-03 -1.549907279632710107e-03
2.464227841917084397e-02 -8.555063492526402812e-04 4.713122674049783582e-04
-9.411587960000091695e-04 -7.917587376910565494e-03 1.739788466156210345e-03
4.440202425789584878e-03 -9.416207540377089652e-03 1.107665818358719413e-03
4.604702201960382893e-03 -9.191064828389891930e-03 3.413846047397822540e-04
-1.586496916414504438e-02 -1.779472874085398721e-03 -2.517283898874749523e-04
-9.211380954483046335e-03 -5.569440558469016846e-03 -1.374437088760984511e-04
-1.015329018288583553e-02 -4.875399602897247629e-03 -5.941021582815731762e-04
1.623298734346992345e-02 -6.156198420571120343e-03 5.585440875044470315e-05
2.285803348617137035e-02 -2.205934574138363261e-03 3.720271252199763498e-04
6.002120081533343990e-03 -9.243714825322638454e-03 4.853007210891023071e-04
2.645830093630273730e-02 6.804905125455503389e-04 7.135856444388131645e-04
-1.988908376887796314e-02 1.681317015908049715e-03 1.193751088486985157e-03
2.255580927455329288e-02 -2.345771550656785328e-03 5.414367108574347220e-04
1.984192905139889763e-03 -8.801652401558175687e-03 7.699982860160884540e-04
3.407422567585633583e-02 7.346493916814299772e-03 -4.668713593531745461e-04
-1.352901581489517405e-02 -3.083064814842609996e-03 -7.622828603740924771e-04
2.319631003995362845e-02 -1.967895618520683777e-03 4.709987592072904382e-04
-2.015196880040885305e-02 2.064245395349846753e-03 1.844262114382606626e-03
-2.077639411442842171e-02 2.815363017131580423e-03 -3.940902452552261757e-03
-2.130234914421248044e-02 1.157822808957676558e-02 -5.067564582989958488e-03
-2.081860268096149061e-02 2.924153399892329402e-03 2.522705943729879486e-03
3.946791321745032367e-03 -9.256863221399298791e-03 3.913556155059439790e-04
-2.048076637165313282e-02 2.272126605349874141e-03 1.534742177964497486e-03
-1.814416179336727358e-02 3.070655529519397448e-04 1.793838281854364140e-03
2.085548401500976132e-02 -3.632246600539354789e-03 7.184814436864289406e-04
2.663567575835100454e-02 7.045993228084419585e-04 3.883310520905935092e-04
4.131132632286133206e-03 -9.321835479257809323e-03 2.123030374164377359e-04
-1.835185105956649645e-02 6.233291586086146807e-04 1.936053034901436855e-03
1.864180472571915978e-02 -4.924154618582773577e-03 5.112866141038027593e-04
-1.798153755326571332e-02 8.329562776586780712e-05 1.149029772828938627e-03
-1.388409526055936830e-02 -3.058726615597305229e-03 4.458634131005487873e-04
-1.782909935033523061e-02 -2.439093843507425291e-05 1.124917671310774131e-03
-2.226969416607111132e-02 4.501357594926866552e-03 -4.957067089286678642e-03
2.782666086846573295e-02 1.554315473312719220e-03 3.031925843564190273e-04
-8.248223677072556714e-03 -4.969221985472047076e-03 3.672204680956791915e-03
2.456170739310991474e-02 -9.055944393919482987e-04 2.923372721325479310e-04
-2.211385918461927780e-02 4.773099020599836338e-03 -5.625526502643519305e-03
6.909909121236395809e-04 -9.068038603466280906e-03 4.893358560081375588e-04
-1.805333268205625702e-02 3.029429903989063876e-04 4.094349988742332965e-04
-1.397726674908665936e-02 -3.048367534735150867e-03 4.049419808102222899e-04
-1.324740920958834833e-02 -3.726689629499534574e-03 -6.879793752628127071e-04
3.848067839542601933e-04 -9.055036372593926880e-03 4.212917309061805387e-04
-1.308524239024860293e-02 -3.335813840737548563e-03 3.610752341367092421e-04
-1.992374780707965864e-02 1.750753815985509488e-03 1.354303016681803135e-03
4.053309135984730499e-02 1.424945266631012092e-02 -1.987474734303183287e-03
-2.273224856076348777e-02 5.219650984337092028e-03 -5.505362513924987392e-03
3.970061006777091117e-02 1.337387130585382909e-02 -2.081807496212558211e-03
-1.491635691889983857e-02 -2.324393305774938908e-03 8.487776386509676089e-04
3.157045604161475005e-02 4.929712153784792349e-03 1.129741473910798974e-05
-1.018924779641218990e-02 -4.882284159531751280e-03 3.255466506825483320e-04
3.104683727517904002e-02 4.405659609142102348e-03 -6.353290724368553574e-04
-2.182921536653095740e-02 3.811766979799569889e-03 2.505225158268500115e-03
-2.169579075847987565e-02 3.974206362182194051e-03 -4.839093000700664393e-03
-1.964977509453169277e-02 1.973570011595535741e-03 2.431849804822671865e-03
3.892624148519527316e-02 1.239624987331818667e-02 -1.063749973743579810e-03
-2.065387730437250047e-02 2.600487587497091191e-03 -3.636422412749243469e-03
-6.487649287579321314e-03 -6.465539249946089181e-03 4.083790840280978490e-04
5.220009238445003606e-03 -9.260194177652857073e-03 3.550935409235950429e-04
1.528039254887697367e-02 -6.740692954574302800e-03 3.253399859206333928e-04
-2.219397289422512035e-02 4.430068880569976858e-03 3.115999495287295491e-03
-1.568269171339530324e-02 -1.561625871787852057e-03 1.106081316837761183e-03
-1.281019306512413622e-02 -3.446176081744392085e-03 3.611076639691881127e-04
-1.959326226726986961e-02 1.817144072172775923e-03 2.567825466931653641e-03
-2.194672410532557197e-02 3.909952760165016396e-03 2.516782408641685120e-03
-1.361535262952692435e-02 -2.504224671928130964e-03 3.008711600982725567e-04
1.472012706879140612e-02 -6.908589852622984070e-03 2.374446082776962639e-04
-1.831856508190463084e-02 4.874410700767657038e-04 1.121983039011831751e-03
-2.295104148578134412e-02 5.889741046884238232e-03 -6.101645645126911252e-03
-2.117383824506560361e-02 2.933015310359872539e-03 1.586325887961932040e-03
-1.734631023284821660e-02 -2.625007777718128127e-04 1.510559659136253034e-03
-2.084689929823102875e-02 2.482214891401367599e-03 3.972447065722002103e-04
1.277251272742120462e-02 -7.559014861436114466e-03 3.668616648993969979e-04
9.215994956429565677e-03 -8.641738231014385943e-03 4.946551483856214846e-04
-8.480267322469797059e-03 -5.908259210727970570e-03 1.731753638368748859e-03
-2.191954145061706521e-02 3.898414020460034927e-03 2.613064123333246405e-03
4.163998434426829931e-03 -9.204016863854727962e-03 5.425129273744007819e-04
-2.026991166365752287e-02 2.039298539199023690e-03 9.212281556569388999e-04
-2.186211075026818149e-02 4.951768249306851694e-03 3.802002377189223504e-03
2.482535828526008861e-02 -6.458009372103424043e-04 4.688329281622864763e-04
5.890269805953455076e-03 -9.268265592926643037e-03 4.434539286603531635e-04
2.897967674430448198e-02 2.541545765642121407e-03 2.576824960538516042e-04
-1.859705195419928195e-02 7.017793014428943318e-04 1.356564119591243582e-03
2.256572064867950513e-03 -8.973383058502502896e-03 4.458909306814242221e-05
-2.275439891463833242e-02 5.151713675418019729e-03 -5.405762660652815160e-03
-2.192681214412307844e-02 3.607304805314556773e-03 1.800730605995099322e-03
1.288014057233858450e-02 -7.416924700735913825e-03 4.174813057500505317e-04
-2.116432213957810185e-02 3.316346788000296055e-03 -4.352167659280570776e-03
-1.012063711276090135e-02 -4.542394137670304789e-03 4.858804450903716262e-04
-1.419601371068560970e-02 -2.861646331237057989e-03 9.136429978619486610e-04
-1.540798044407962544e-02 -2.110786019946546931e-03 -7.377445166103044783e-04
-1.572115520247956838e-02 -1.721931863766409639e-03 1.044287833027775962e-03
-1.994644870001463163e-02 1.866190552832902279e-03 1.624550041017391953e-03
4.414763600470979904e-02 1.986249666183603768e-02 -4.976838339314906606e-04
-2.013078038495702202e-02 2.318393103216378343e-03 -3.854605727300565790e-03
-5.375914717486119862e-03 -7.089578179322553360e-03 -1.108504283834785709e-03
-2.079874491670192366e-02 2.788670656283296408e-03 2.031268630847546646e-03
2.809545368394505277e-02 1.989747763650593325e-03 3.022456737725740059e-04
-1.738062597041951929e-02 -3.210819879614634233e-04 9.121735967520647106e-04
-1.737424002498601586e-02 -2.658626543279621031e-04 1.367900955215519332e-03
-1.560046922617163399e-02 -1.983747930024826363e-03 -1.724929721096303699e-04
-1.978647961251430581e-02 1.806074389784537073e-03 -3.183679678632960180e-03
-3.953905255200030992e-03 -7.874465786183304852e-03 3.688310878332459589e-04
5.346761702420801433e-03 -9.186363800862119150e-03 3.540969256516309535e-04
3.120340531039904677e-02 4.575434296762414740e-03 -4.433001020836797672e-04
-1.846554916915120470e-02 5.931010686584133312e-04 -2.765015763439522111e-03
2.867764120060715960e-02 2.332353637404679502e-03 3.899703858087885167e-04
-1.394076526562690668e-02 -2.990992237841284471e-03 -1.877484269952425279e-04
-1.227093997419412968e-02 -4.058247602490180211e-03 2.394212346432588942e-04
4.335105078927396077e-02 1.875080784456742075e-02 -2.922857193595624074e-04
1.959469441814699203e-02 -4.381949775927231755e-03 1.297587929491201837e-04
1.724720969550101735e-02 -5.635740765079806994e-03 5.709855110149916974e-04
2.240005789003780140e-02 -2.523441914398188643e-03 4.089515136184675896e-04
-7.160999544641277748e-03 -5.405723323281153014e-03 3.980568727921453449e-03
3.319934417550447076e-02 6.565740371779824405e-03 3.436677426945496062e-04
-2.341577104981214935e-02 6.718825195387158160e-03 -6.590715444119551493e-03
1.252713836187770158e-02 -7.805609159386888915e-03 4.107659539613432438e-04
-1.216643629436185356e-02 -4.173355253352399076e-03 5.752522355651192238e-04
-2.059706642835539350e-02 2.664474263009200799e-03 2.438316230922668842e-03
-2.054011929634260575e-02 2.766789437032251935e-03 -4.394062499262648379e-03
-1.827087725584294539e-02 4.644319517577120428e-04 1.165762557640278880e-03
2.869933172745411237e-02 2.326910376063642642e-03 2.657100814746273941e-04
9.345799371909806891e-03 -8.325161854516345897e-03 5.125032231245368409e-04
-2.172396065205631221e-02 3.428257336456193294e-03 1.586463900631453509e-03
3.971928265265260716e-03 -9.334702334411469279e-03 6.050395594563859813e-04
-2.025495062140281535e-02 2.467970692347331262e-03 -4.425020639546067142e-03
1.914323766293817702e-02 -4.628576070958088928e-03 2.657448903615006685e-04
3.765911892779605277e-03 -9.252851084527247486e-03 4.859549467417696462e-04
4.936035810174989671e-03 -9.261575034851870711e-03 3.394703320208621120e-04
2.714574284719054043e-02 1.146436498565251826e-03 1.729284702984635388e-04
2.662019639712105701e-02 6.154748379376981469e-04 -1.683185076564021148e-04
-2.274976458791652667e-02 5.309198557977494286e-03 -5.620408408707582883e-03
9.588622099470712253e-04 -9.209455871072779951e-03 3.140111404209357834e-04
2.955960944672426927e-02 3.017347784845837710e-03 -6.034580390415861207e-04
-2.244304117989766659e-02 4.370507646038107596e-03 2.621256201095501989e-03
-2.406018857094030516e-02 7.684416151707261673e-03 -7.123313083446989810e-03
6.011747417012784124e-03 -9.122555662923203385e-03 3.985880000886914912e-04
7.288047746556620965e-03 -8.643332053162056453e-03 1.269455593069327706e-04
5.971055131624717488e-03 -9.084722099612954974e-03 3.818745758748941948e-04
2.070864738233836860e-03 -9.285108507893677018e-03 4.267264504302897940e-04
-1.461794851095272844e-02 -2.644486616988123064e-03 6.156490738087047132e-04
2.357731149545809132e-02 -1.689900435107319788e-03 5.865296284599027518e-05
-2.140828131987236593e-02 3.331391007896562697e-03 2.281490760378852931e-03
-1.749625752205927545e-02 -2.605970887937427024e-04 -2.707430811195042815e-03
-1.828581359867889264e-02 5.046022031745179453e-04 1.476675139710034767e-03
2.998471824247589748e-02 3.504110870649710698e-03 -6.900630690035961141e-04
6.786722334448382424e-03 -9.118476037494651840e-03 2.163318813648366359e-04
-6.406105658780502851e-03 -7.207369936482604066e-03 5.874351895667344640e-04
-1.921781773614168742e-02 1.193149596841272270e-03 1.250058122822970833e-03
2.881466024781670007e-02 2.678634506724939836e-03 3.984592224318176897e-04
-1.476683940797270805e-02 -2.202535038056063765e-03 1.113376266114290015e-03
1.034545550932915343e-02 -8.433378616951739751e-03 7.589812545584755793e-05
-2.042451089291011726e-02 2.479328872741599302e-03 -4.223489128315313645e-03
-1.866540546280249374e-02 8.072103671694155769e-04 1.640830025217860809e-03
1.574506992036242559e-02 -6.366520068361693555e-03 5.122886279226413582e-04
-2.139414634767224446e-02 3.433786204078016074e-03 -4.240300229831671722e-03
4.156607757909371037e-02 1.595656367376394741e-02 -1.970689234655904323e-04
-1.670688090352895686e-02 -1.051971836360195145e-03 2.275182994334201019e-04
-1.691284437200465951e-02 -8.524374311139963330e-04 -1.111415702003839536e-03
2.240222390547049261e-02 -2.472478088716245463e-03 -2.774804893406997421e-05
-2.075135971352745981e-02 2.476413206500129287e-03 1.508596533172587529e-03
-2.046876132772818338e-02 2.255837011226738409e-03 1.427995692652644921e-03
-1.972719437084277661e-02 1.547640432225454729e-03 4.628426999994352995e-04
-2.042406869389821328e-02 2.050955031926514523e-03 6.425822457728201133e-04
-1.292100418060668741e-02 -3.601577898107859686e-03 -7.562964846512112234e-05
2.273754316670096101e-02 -2.332704724880934905e-03 3.277349220425758929e-05
-2.441755959381378821e-02 6.667328087447404496e-03 3.767390601534238454e-03
-2.391577723335958604e-03 -8.512838066236035756e-03 1.111391644417911514e-04
-1.714790035704393326e-02 -5.581749556964343568e-04 -8.878295577502918340e-04
1.190238246204651865e-02 -7.759204156139985938e-03 3.534900226075229825e-04
4.784772257664989675e-03 -9.038534182183951063e-03 3.696467137428106810e-04
-1.938611359429483899e-02 1.280870497118323861e-03 1.220171089553945135e-03
1.902807751900338282e-02 -4.677311444047680539e-03 5.165941181372947543e-04
3.659284476286183557e-02 9.915687354272288007e-03 -9.845061821768781932e-04
2.602225886373762606e-02 2.840946019818159384e-04 7.519106630899051978e-04
2.228709742161570292e-02 -2.666436406381607078e-03 5.207148944251123457e-04
-1.931076912943911761e-02 1.054493153119440184e-03 9.639529672412049523e-05
2.146207383059806767e-02 -3.188327647337493853e-03 4.485985556020101223e-04
5.986515054949118585e-03 -9.365187056318939607e-03 1.542993670911325238e-04
-1.287043709340348133e-02 -3.553111475099708996e-03 7.380510418126703628e-05
-1.657914204520199650e-02 -9.998316504387027518e-04 1.354265441559930226e-03
-1.856683436649722574e-02 4.975081326464130807e-04 6.059880808315693153e-04
-1.717572679125526844e-02 -4.356025045072926534e-04 1.121297693637015062e-03
-1.808108190909796936e-02 4.122608253484180956e-05 -3.881070460712431232e-04
-1.824983865628787214e-02 6.668596190371184470e-04 2.074466784820225371e-03
-2.006307944167666849e-02 2.184635014399028286e-03 2.318317556689695937e-03
-2.136594558129049568e-02 3.398854518080422944e-03 2.383025849413172165e-03
-2.241145499415783324e-02 5.014881311964936202e-03 -5.592761476249667220e-03
2.012889287429347335e-02 -4.061846606649707064e-03 6.028741569777290891e-04
-2.107701938646058468e-02 2.774691918912866942e-03 -2.349473120263633613e-03
2.815385169697285500e-02 1.899902879253673746e-03 4.409861451263237010e-04
-2.283956416881212717e-02 4.926758754001678633e-03 3.421594589987039716e-03
-2.710319712310147941e-02 3.932444958900743054e-02 1.136471310721383701e-02
-1.886039924578857344e-02 8.470903168444475929e-04 1.347458168529545733e-03
-2.519446636786915397e-02 2.616795659187548528e-02 9.479631150746450560e-03
-1.369185765713309792e-02 -3.039562873884819969e-03 -5.097499206637742634e-04
-2.272440551894707936e-02 6.098082465950761810e-03 4.428982551946084902e-03
3.308568293708747526e-02 6.377921235534895344e-03 1.208878705319869061e-04
3.756205123696785414e-02 1.107052412725286969e-02 -5.722059426811042931e-04
-1.782704819350050540e-02 1.897695548371350631e-04 -3.127018290849429682e-03
2.175686686179274451e-02 -2.849016496644904244e-03 2.989196508441694408e-04
3.401867934007338917e-02 7.323445403844127885e-03 1.602659738714559831e-04
-2.093928040193109366e-02 2.846398065580362305e-03 2.168409698127813853e-03
1.404352094300521069e-02 -6.964179737193796488e-03 5.557977254942924814e-04
1.824132971753670077e-02 -5.174705131260597807e-03 5.843836311616340843e-04
-1.535808911903964284e-03 -8.734805743354334684e-03 3.710727383589877888e-04
-1.032331321539945931e-02 -4.987515014722630757e-03 6.577660430891069934e-04
2.606425117257880550e-02 3.053737142263961298e-04 4.001481605494755338e-04
-1.321751651527663940e-02 -3.128040732817284619e-03 1.033429307442464921e-03
-9.125130402251484252e-03 -5.407472535945202254e-03 3.930153377012540901e-04
6.374985199641901648e-03 -8.780101327436670017e-03 -2.739353957575462806e-05
-2.020715267598873627e-02 2.129910709690426267e-03 1.723080291765752715e-03
1.393791259118620438e-02 -7.177566359077116806e-03 2.717467544442582158e-04
1.738890049681754424e-02 -5.426288528528868706e-03 3.117266237090783251e-04
-2.246271506091240822e-02 4.804787927220117993e-03 -5.191048745622128466e-03
-1.734030649405609442e-02 -3.805789209027838401e-04 1.130546621682622767e-03
-5.414209890581627230e-03 -6.731135660747256458e-03 2.860354202651465335e-03
-2.281387281966692354e-02 4.817087787701898778e-03 2.740399401527079514e-03
-2.306194183022454436e-02 5.811258206905430858e-03 -5.817488624193353254e-03
1.301982248937797772e-02 -7.587989521477427057e-03 3.155513092190277312e-04
-2.062279803405298734e-02 2.437274747933728530e-03 1.401812090443671976e-03
-1.553466178427262250e-02 -2.009286397586394247e-03 7.031242144356447633e-04
4.764615756742085484e-03 -9.230490366934527083e-03 3.969080957730495543e-04
2.461295338125593646e-02 -9.176333030886062430e-04 -7.766910878604601533e-04
-2.403291794880549684e-02 6.267421003464164302e-03 3.623372206527042567e-03
2.314145908121791745e-02 -1.963209106273145280e-03 1.727691194119246017e-04
-1.605159627089775345e-02 -1.392524117251474174e-03 1.106411501510843340e-03
3.633314735906731374e-02 9.728859498345072965e-03 -1.577248983224225406e-03
-6.212787094977434768e-03 -7.061570219284957900e-03 2.070866485789272723e-03
-8.374167703120636436e-03 -1.416806976687269961e-03 7.229482875517832460e-03
-1.915537086109380879e-02 1.524389811064053718e-03 -3.294917996767695364e-03
3.071921211158658988e-02 4.166925320728182870e-03 3.179903741607433866e-04
-1.460123275461987224e-02 -2.782389598829934554e-03 -5.660272009767936723e-04
1.024830974042525641e-02 -7.943804335901805125e-03 2.316912933146009212e-04
-2.349163441583979051e-02 6.664981283157006900e-03 -6.519301557614975810e-03
-2.077031167804652134e-02 2.571190848987846278e-03 -2.791388757236513626e-03
-1.479478012896527118e-02 -2.452957529410011456e-03 4.776659709473281821e-04
2.994797209693129611e-02 3.471344179264560566e-03 -4.746876504892728020e-04
-1.755658635917747845e-02 6.494017937443681099e-05 1.572788695212609797e-03
-1.997286944418394036e-02 2.336501244064962193e-03 -4.554008899917959610e-03
-2.220465951232896556e-02 4.589432203711166051e-03 -5.058756540524103965e-03
1.482353921410055862e-02 -6.773674142505733270e-03 4.696080660525593306e-05
1.830363709591441637e-02 -5.014823933043085352e-03 -6.659416933055032576e-04
-2.053077898403109225e-02 2.413592210500283865e-03 1.761564483721650811e-03
2.128161859247855794e-02 -3.370365880067206776e-03 -6.142699383701661535e-04
-2.576194851027617874e-02 1.050656533287712240e-02 -8.559121644120313774e-03
4.701680501502588337e-03 -9.350131392754998036e-03 3.250298359963636043e-06
9.250074720727696764e-03 -8.639093471042998476e-03 3.145623014595032491e-04
-1.579818391830022789e-02 -1.639555348185764297e-03 8.754872003365953914e-04
-1.927995468801493861e-02 1.452619258037119495e-03 1.628569063339465684e-03
-2.663013652453229824e-02 3.625766639591116586e-02 1.093435085349761179e-02
-2.332950967554789715e-02 5.475865585158525700e-03 3.347717864127543880e-03
-1.692393581428720643e-03 -8.411727670465572737e-03 9.726598914904082543e-04
1.784844644801753324e-02 -5.307490291239163639e-03 -5.278047664988018113e-04
-2.077396534228201017e-02 2.731530863805355178e-03 1.957236170631503937e-03
-1.790259245927394022e-02 4.577055932670681109e-06 4.532895200818468410e-04
-3.851542547053448881e-03 -7.667994336285979991e-03 1.115938748533430898e-03
-4.551611016177335191e-03 -7.628489848704254894e-03 1.894079838781273289e-03
-2.223079112603996640e-02 4.020920914431127050e-03 -3.741121250070082293e-03
-2.236336105889060594e-02 4.268009451026552603e-03 2.583738799117297862e-03
-1.823426743388002064e-02 4.553087261179773488e-04 -2.985206907923359555e-03
-1.367042156664733700e-02 -2.633647694026496674e-03 4.018121077451062206e-04
1.292731874054584441e-03 -9.241087161856389662e-03 1.843660350628359792e-04
1.268883067072464239e-02 -7.737543196121634929e-03 4.281726961264074329e-04
-1.852407394052915657e-02 6.328215151697201340e-04 -3.045276351568394595e-03
6.292706477082550889e-03 -9.239661537462246291e-03 1.966463730200103345e-04
-2.170452943092778322e-02 3.722184027192407957e-03 -4.118277374021915051e-03
-2.317118612336165409e-02 5.809960818923989682e-03 -5.904881282691114286e-03
1.093191715585331569e-02 -8.372796789826972980e-03 2.734915736831468867e-04
-1.613129467519634069e-02 -1.532732346471065137e-03 -9.332629568790374826e-05
3.302381103823457537e-02 6.442092956364390416e-03 -2.609374467571243359e-04
-2.365468312356853661e-02 5.997366345123759934e-03 3.446045956127507474e-03
5.294568116393518452e-03 -8.378941909395851151e-03 -1.844340759851171815e-04
1.949823765841621204e-02 -4.227802140220894914e-03 -5.356528115262034016e-04
-1.762535921270301162e-02 -2.641188583020324010e-04 -2.366379996898369895e-03
-1.697343403953049598e-02 -5.565816532147547504e-04 1.560060376482094464e-03
-2.304754845201028440e-02 6.082620390723434897e-03 -6.148277843880028959e-03
-2.411530405957230255e-02 7.871101537192200584e-03 -7.203160383285091284e-03
1.092997223370694619e-03 -9.289199468890637842e-03 4.621807052528589029e-04
-2.200567257967982193e-02 4.137110102540249128e-03 2.863648963873048538e-03
-1.572055101684802572e-02 -1.839157079001623720e-03 3.118893183806907814e-03
-2.427659664007275966e-02 7.929818958929987435e-03 -7.283484126435874582e-03
2.582207461178546298e-03 -9.144326766284691446e-03 2.976491269102409247e-04
3.563086253159414990e-02 8.924428242250028939e-03 -1.346456451412222325e-04
-2.252172281380514229e-02 4.871743689152266930e-03 -5.241464664658397263e-03
3.080795888053274728e-02 4.091749866163268273e-03 -9.134530232200232863e-04
-1.604167431553695303e-02 -1.515622221681199545e-03 -2.001887322870345468e-04
3.484494118170190519e-03 -9.104930805377406053e-03 3.862010890831365627e-04
-1.902884518319830978e-02 9.747687292079475945e-04 1.056471372496770858e-03
-1.281803597556457897e-02 -3.598644901206842026e-03 -1.420105044515123315e-04
-1.758113348499855400e-02 -5.797351631743914301e-05 1.551910588642114314e-03
-1.802795210401238538e-02 3.982478667423561204e-04 2.019692634047531073e-03
-1.967857405108596608e-02 1.623412949953481404e-03 1.283637428312098261e-03
3.204235398378570132e-02 5.379854992557645335e-03 -1.771100945599771208e-05
7.370850672145867147e-04 -9.139189001745939150e-03 2.940113035714775813e-04
-1.930257760112901247e-02 1.560750262829866449e-03 2.346153801601552624e-03
-3.224000135263854457e-04 -9.015286990454684374e-03 5.276752465197836637e-04
-4.160685950955430082e-04 -8.749491671205991694e-03 4.172050156138859176e-04
-1.682308820161092233e-02 -8.473584999261613276e-04 1.017076730553572068e-03
3.445345178502520755e-02 7.733483938443930401e-03 -3.246843921944163715e-04
3.110493645473220645e-02 4.463151869607475709e-03 -4.976602268141566785e-04
-7.350898300777326463e-03 -6.805238747408574179e-03 9.861017364053160635e-06
1.408483603546482020e-02 -7.108783062262252241e-03 2.700316362111523406e-04
-2.093450514366369808e-02 3.128005437496478823e-03 2.779847714989415550e-03
-2.324277930091404876e-02 5.409298084994860860e-03 3.425435902804138850e-03
-2.046256742593476410e-02 2.287384149240822770e-03 1.486888690452063374e-03
3.731727531840849793e-02 1.074248037750112454e-02 -1.493980498041590395e-03
-2.264917449956778059e-02 4.810352157599500668e-03 3.355493380894050432e-03
2.438602091473072303e-02 -1.129869797470108104e-03 -4.087599373835327414e-04
2.975149227079390904e-02 3.251731936173791158e-03 -8.538436399419589793e-04
3.627299208014684445e-02 9.652257075826377319e-03 -4.143508076074846466e-04
-2.300383009915633534e-02 5.340712808952750336e-03 -5.390742223607074279e-03
8.323687228009220632e-03 -8.996487220724113526e-03 -1.299120598822191503e-04
4.443313136695649368e-02 2.016108782828390442e-02 -4.130129873526731813e-04
-2.522902796722414215e-02 9.438365889316303534e-03 -7.978313351574719756e-03
3.183277668846948988e-02 5.164658211556693961e-03 -4.379179862027253478e-05
-1.666962665393892026e-02 -6.925268444778390599e-04 1.137188374278226598e-03
-2.441102910241113935e-03 -7.723982484441355850e-03 1.193449576880325482e-03
-1.496598108077937771e-02 -2.079646770569630772e-03 1.001141928754832469e-03
-1.628762114563371555e-02 -1.122655081194245952e-03 1.650012483992343128e-03
-2.663986820950036555e-02 3.582986064503819457e-02 1.086517608951779665e-02
-3.527119579782423027e-03 -8.021774779402090355e-03 -2.575002532508046836e-04
-1.721843657195844257e-02 -4.254988275488135580e-04 -1.648126570254357815e-03
-1.844189264166098963e-02 8.431313434188441452e-04 2.029877651040755838e-03
-1.550648873731410443e-02 -1.700419463985216456e-03 1.003600638354150247e-03
-1.596475938965890087e-02 -1.603013248083662258e-03 -1.820161528057167698e-03
3.116894200370681767e-02 4.482023611430998623e-03 -9.071821426935106287e-04
6.105663992425471552e-03 -9.186934252053748431e-03 3.760011747902440669e-04
-2.367161549817688171e-02 7.105617135815509716e-03 -6.907686256691079538e-03
-1.667490698860235945e-02 -8.995108835231413252e-04 1.359335717664667854e-03
-2.269294490342463680e-02 4.941158710982852635e-03 -4.889064625902394406e-03
1.730660328352884563e-03 -9.223193386885016401e-03 6.092466278087665900e-04
-1.603435689255538338e-02 -1.545070054945900644e-03 -5.825912702721707795e-04
-2.079570215841273009e-02 2.877811403336847946e-03 1.615250411751107101e-03
-1.920039838973604251e-02 1.235157860612360421e-03 -2.940157877498789877e-03
-2.450058500464905378e-02 8.458069376369475867e-03 -7.574206863152569379e-03
2.367643247095092135e-02 -1.652213211717760543e-03 -6.952888488567410437e-04
4.687776445397837805e-03 -9.292876887771596081e-03 3.238303106363964287e-04
-2.250348617206857429e-02 4.392701190942562700e-03 2.566130101846772569e-03
-2.200518699162142683e-02 3.967627660706470917e-03 2.694643608395664181e-03
2.966786927288181039e-02 3.150633106581410704e-03 -8.500848563427027774e-04
4.336486894997659131e-02 1.801715451139988822e-02 -9.960554264156771045e-04
-2.032455908403068764e-02 2.199754916754912814e-03 1.315233077411802516e-03
-2.371457644865824707e-02 6.900011841930705873e-03 -6.585924943493679830e-03
-1.582544462989358969e-02 -1.640896055804888466e-03 8.455758544475919930e-04
-2.003246513406970603e-02 1.936528588005360626e-03 -2.402071038997999688e-03
2.128716195048259083e-02 -3.369556921861384651e-03 3.045145085526222264e-05
-1.139676414496111796e-02 -4.768000411119095033e-03 2.681080249718261767e-04
-2.076801584470735346e-02 2.410160117050628471e-03 -2.252869022428248720e-03
-1.802926278662089071e-02 4.798057995459969875e-04 2.199550826850511873e-03
-1.645716062339007413e-02 -1.114283251189463093e-03 1.076511578495340437e-03
-1.654285407831456930e-02 -7.870595501674883905e-04 1.241076129858922255e-03
-1.635953690634457322e-02 -1.152956359506018607e-03 7.808632763074533929e-04
5.011828222039193745e-03 -9.277308279381923581e-03 4.386027846776119083e-04
2.949005713801929052e-02 3.037347297013907963e-03 -1.233011947346542687e-04
-6.461518696920834056e-04 -8.684029142807747625e-03 4.594524265779502685e-04
-2.294517965278742092e-02 4.903944215522364203e-03 2.932693779654385428e-03
5.291891937529287666e-03 -9.121655145548470192e-03 4.337026564344528584e-04
7.395089776779515582e-04 -9.193430643346021253e-03 5.134697870752818073e-04
-1.478895791831862268e-02 -2.471076508702173269e-03 6.886329179452863004e-04
3.608501487445360621e-03 -9.390461394948869736e-03 2.088199380209061556e-04
-1.646421363911478031e-02 -1.122564853518867502e-03 7.844075506504597861e-04
2.125722823287277963e-02 -3.424905904409130709e-03 1.301810454298639647e-04
2.138144173212120497e-02 -2.983304788429548635e-03 -3.776700466180348795e-04
-1.260627876328420868e-02 -3.941620147259165645e-03 -2.309208153278961584e-05
2.055704752039492524e-03 -9.372750634389562588e-03 2.907175425011800074e-04
-1.092180338097141837e-02 -3.777766699278743093e-03 5.415727321721351032e-06
-6.835242913285284258e-03 -6.916885041219008462e-03 1.818682850908114219e-03
1.645701411105431750e-02 -5.906007721642883047e-03 5.793503121918616214e-07
-2.114831472470913090e-02 3.108087466831244063e-03 2.200967763912246248e-03
-2.478924847516700974e-02 8.700697719388221160e-03 -7.568130735145438617e-03
-1.818519595149776721e-02 3.471561952676251975e-04 1.292388681670654385e-03
-1.464367245761642039e-02 -2.527880331439789387e-03 1.007064740036890931e-03
-1.668474866131858594e-02 -8.052930773545101699e-04 1.437635084748058872e-03
-2.095526699568121820e-02 2.971881752077171375e-03 2.311173107012059937e-03
1.046823312475991157e-03 -9.240438110508016056e-03 3.865151776730112675e-04
-2.195038071711440456e-02 3.881191742133410696e-03 -4.072394753243443327e-03
-1.443660954963179276e-02 -2.455997500953920835e-03 9.609918980218154537e-04
-1.943561649931049504e-02 1.510971440282808968e-03 -3.147455911126060407e-03
-2.265668864227588300e-02 4.926022201692163358e-03 -4.902402179135764530e-03
-1.660890068684817839e-02 -1.153214760460695562e-03 -1.176650753808740693e-03
1.071808609047972434e-02 -8.345509255071464905e-03 1.531851584679974230e-04
-2.245489201230624343e-02 4.564046865342705900e-03 3.271332769319473203e-03
-1.318691694469909144e-02 -3.759310661596522874e-03 -8.979414422207235890e-06
-7.114542408768200453e-04 -8.809731284330003451e-03 5.817758388070944000e-04
-2.066350057489770714e-02 2.912520627239876397e-03 -3.868399054538495477e-03
6.093095934245065619e-03 -9.178083388730067307e-03 2.700471261635361457e-04
3.930996988637561196e-02 1.355711695287734227e-02 -5.735661857505606681e-06
-5.119707830277141561e-03 -7.397890462384885436e-03 9.177352316175741136e-04
1.941010466244540329e-03 -9.167610582062999877e-03 8.066459881233228966e-04
1.632125543760064301e-02 -6.173542340901936633e-03 4.112344919735016644e-05
-3.434597435665518589e-03 -7.809157308703545096e-03 3.596846605747242411e-04
-1.928573077255717888e-02 1.570945881950284746e-03 2.121208919355049415e-03
-8.653188173181089286e-04 -9.067335290225986624e-03 -7.281764805456803445e-05
1.017457513991243574e-02 -8.393359231222124323e-03 2.615822528299439420e-04
-6.964088716136211318e-03 -6.366100895152566191e-03 1.916051714473905165e-03
3.544789973993003190e-02 8.728397239636719041e-03 -5.246173128651431642e-06
3.362795632760869763e-02 6.824518593250923984e-03 -4.385680636974132493e-04
1.712551031699273765e-02 -5.544393721517192238e-03 5.907185325591335026e-05
-2.138926009455859728e-02 3.101032543738779356e-03 1.361612536313817033e-03
-2.486709237656539381e-02 8.845299651738606703e-03 -7.683232230530644830e-03
-2.020833241273338118e-02 2.385864708784949696e-03 2.481445146682264950e-03
3.618859917468880694e-02 9.525734190186865499e-03 -8.407636983014925985e-04
3.095252892368960049e-02 4.366561561362674801e-03 -5.651692208334606954e-06
4.962518669619375537e-03 -9.018105880779999500e-03 3.407254587823112826e-05
-1.746672220209645118e-02 -1.504007798020856395e-04 1.304522538054775664e-03
1.377314469971861396e-02 -7.376392852270529168e-03 2.772684919806428592e-04
2.126536259680468152e-03 -9.297799593560205147e-03 2.158756106761455047e-04
-1.124827587848772729e-02 -4.245535552137885693e-03 9.251567013896435255e-04
5.557774450509123630e-03 -9.120959847856695973e-03 3.192002022779325291e-04
-2.746197501656923862e-02 1.380791021544342141e-02 -1.011826851139884138e-02
2.569412837039584951e-02 1.536287718379196547e-05 -4.147382735850286542e-04
1.241652762701110635e-02 -7.845356587769409043e-03 3.049280933980085028e-04
2.147023388271428971e-03 -8.868973343600447187e-03 2.274866567301279854e-04
-1.261889576669572577e-02 -3.663017607195935641e-03 5.084544370166821543e-04
-6.572529685248208568e-03 -7.032371642918050329e-03 1.628000143195721446e-03
-2.253204189581699615e-02 4.885417558719707190e-03 -5.222836295770460872e-03
-1.859269256698636852e-02 1.088759679913100988e-03 1.934316469040789225e-03
-1.561314555975405229e-02 -1.823451425064073154e-03 7.746059708157795876e-04
-2.297651241863684843e-02 5.982526390419067031e-03 -6.266153545988235526e-03
-2.232054586644863572e-02 4.470956596474325549e-03 -4.840613430513604487e-03
3.314760860218056437e-02 6.428977733487575147e-03 -1.374306920064966649e-04
-1.966687893803809387e-02 1.626375152011910004e-03 1.446904465586806247e-03
-2.127466729308693724e-02 3.271248970407156578e-03 2.289556160460752207e-03
6.581712619253089541e-04 -8.750420479456859704e-03 1.200388586038194684e-03
3.090445996021808778e-02 4.373161997903753095e-03 1.393693884192655826e-04
2.874327730513842258e-02 2.430031118196044563e-03 -1.417991079218462801e-04
-1.519434984673475458e-02 -2.265690391397735294e-03 -1.044327794746670876e-03
-2.171165671612985959e-02 3.969569924253752574e-03 -4.626634588484342982e-03
-2.268926148433009216e-02 4.774132454625389793e-03 3.301551008807266773e-03
1.688926105749657828e-03 -9.157446200129400540e-03 1.856589546058806206e-04
-2.172556476648686632e-02 3.610739422637763291e-03 2.134446423883913559e-03
-1.888135001210239014e-02 1.179621411455386310e-03 2.237116345495664561e-03
-2.226071192448158056e-02 4.158833187798513520e-03 2.767689358533085425e-03
-2.402618366133489961e-02 7.814561047500910573e-03 5.254760374495203758e-03
1.644865403931736192e-02 -5.765422771978796941e-03 6.492978263319645112e-05
-3.324305271670141299e-04 -9.020713045751015471e-03 5.289025609883750694e-05
-2.071832518749482793e-02 2.582778765990362702e-03 -3.528501895590402046e-03
-1.922790646221752067e-02 1.198192080531022656e-03 -2.013324809767609667e-03
-2.082749836726605422e-02 2.560108775650611190e-03 9.746971285018182990e-04
-2.103194103956544658e-02 3.240643463916159043e-03 2.934881158229282836e-03
-2.134095907417712240e-02 3.168854700738624273e-03 2.045018637575980736e-03
4.668144945616424513e-03 -9.326655338470248024e-03 3.828443446508128490e-04
-2.350637179965886156e-02 5.652143161030825924e-03 3.658390569545620381e-03
-1.562655123905005300e-02 -1.476986863533066028e-03 -5.226459454239796307e-04
2.010204384152638329e-02 -4.121406963160430953e-03 2.235624320807647340e-04
3.202912444964607728e-03 -9.249850234006097918e-03 5.402111219904163261e-04
2.565072920265375894e-03 -9.400524322120176399e-03 1.948932973968997150e-04
-1.522177522328028478e-02 -2.010237546095445128e-03 1.176478919049428690e-03
-1.936875877136596050e-02 1.570594203677584157e-03 2.162491037455228048e-03
7.544682819847158516e-03 -8.564963584445759240e-03 3.865913010441867433e-04
-1.945911477578246909e-02 1.416874151309012453e-03 -3.240356118537901509e-03
-2.100727721145296059e-02 3.382155811608350809e-03 -4.989263648660969414e-03
1.367923212207409523e-04 -8.819723481144762720e-03 6.833162028195051158e-04
2.038090267356137616e-02 -3.935515253193903017e-03 -3.836908696423918654e-05
-6.378134873265587160e-03 -5.452492571234358182e-03 4.196879572386502492e-03
2.759510702287420233e-03 -9.230498861905835073e-03 5.299804054724041244e-04
-1.486073546149644514e-02 -2.344274651970553423e-03 5.177185694671592928e-05
-1.655004341143334612e-02 -9.810567036902396575e-04 1.167767975154468570e-03
8.834659801993960740e-03 -8.735405456016517856e-03 3.261560280306591460e-04
-1.668587190772560791e-02 -8.907954445566600371e-04 1.120481173017890590e-03
-8.694301606961873973e-04 -8.258953534159580584e-03 9.982994266919383106e-04
-1.725748387626793723e-02 -3.998092637704257421e-04 1.337250379897395123e-03
2.675404645440597820e-02 8.753283596239270787e-04 4.395402468171688993e-04
-2.750201593484268014e-02 4.223706660784766476e-02 1.178417153695891957e-02
-2.186230397646343748e-02 4.074135426915536339e-03 -4.922941589900756837e-03
-1.747415318157509445e-02 -5.305451713188855068e-04 -2.022243041984900323e-03
9.834746237794185497e-03 -8.596913225967924357e-03 6.155124210729321895e-04
-1.698359995397217756e-02 -5.395863957640902216e-04 1.502817827774282971e-03
8.041521432370237962e-03 -8.965697452385273242e-03 1.792553353406959303e-04
3.008432205025496700e-02 3.540409685727400647e-03 -4.235114997202379049e-04
-1.885482918775337538e-02 1.199207747712039513e-03 2.210021889678307535e-03
-2.447841021443728296e-02 8.372336175138611267e-03 -7.511234758933903015e-03
-2.535568051693095487e-02 1.053661339193389702e-02 -8.846357296805934869e-03
6.059471776315461869e-03 -9.163754371403692173e-03 3.955694031183565871e-04
-1.753251640682504733e-02 -2.499861590958929827e-04 2.886322760972569873e-03
-1.707183547047838590e-02 -4.319369145089151075e-04 1.781823338592662025e-03
-2.338080235966789183e-02 6.133859043596531953e-03 -6.077406654185422454e-03
-2.274897302126882223e-02 4.625106204916276144e-03 2.222272224337343803e-03
3.331353518937359669e-03 -9.220202993873596528e-03 3.465117839387923840e-04
8.262510814596513761e-04 -8.791933089650625505e-03 2.373262527819739798e-04
1.686196803774986028e-02 -5.939065887916053499e-03 1.969163906881576167e-05
-9.930651964464470502e-03 -5.298974253664627196e-03 -5.437985276599856515e-05
7.469322362366894764e-03 -8.871045016793720206e-03 1.023591161059600246e-04
-1.706187141430816692e-02 -1.839339940217685448e-04 2.744661949792280217e-03
-1.974511248974584326e-02 1.288694924407353132e-03 -9.793594963429215830e-04
-2.278495170412973142e-02 4.696436338569850120e-03 2.709563033731313651e-03
-1.659339474978762177e-02 -8.789306776947015606e-04 1.411498501164105837e-03
2.938196568459535904e-02 2.930874231650885519e-03 -8.804588572923682311e-05
4.025703319410058045e-02 1.447585318407882543e-02 -9.649778204155589755e-05
-1.820519375430410675e-02 3.870042636009155467e-04 -1.235149466622881232e-03
-3.837106489242924235e-03 -7.487915287306389119e-03 4.607565006912072426e-06
-5.305933473933917809e-03 -7.364357077255066254e-03 8.196987352037151525e-05
-3.824394220235341740e-03 -7.415365952334808386e-03 -3.956255815666166221e-04
-1.210608636323031763e-02 -4.025392863821044241e-03 6.529216535134647979e-04
-2.115690668678042730e-02 3.203173045647673706e-03 2.552722778532644492e-03
1.586015559830095470e-02 -6.428607110236150314e-03 3.666639567185005200e-04
2.115700801524248809e-04 -9.055563232074088226e-03 4.377063691907059472e-04
-2.390192725809393848e-02 6.981423177159206198e-03 -6.253323054826035073e-03
-2.514146270718728080e-02 7.772924270879159880e-03 4.796468375625652023e-03
-2.003132088438783556e-02 1.659090643302855430e-03 4.966341985309694578e-05
-5.305557403142634968e-04 -8.265725494706339938e-03 -6.119893246950691831e-04
-1.758720060987807240e-02 2.081936927429272211e-06 1.546824494638510301e-03
1.464831517239177476e-03 -9.149903005578186380e-03 5.112146822347481481e-04
-1.908127552176986513e-02 1.337395588118627486e-03 -3.756172242299091277e-03
-7.011101947842463857e-03 -6.216918711206766320e-03 1.788827063600792163e-03
-1.911713806054233036e-02 1.439963946712991905e-03 2.446921898579747841e-03
9.920906551973786291e-03 -8.576044420024773324e-03 2.312930730837298057e-04
-1.841339271590993268e-02 2.588279577029307336e-04 -1.289622231459496785e-03
2.795843405835828424e-02 1.723406523806749954e-03 2.663686654033371477e-04
-1.962712850827503033e-02 1.731949515027180614e-03 1.877382912555386647e-03
-2.172060551396711933e-02 4.548201431030293035e-03 -5.934157520999451714e-03
-1.753290786299085621e-02 -3.513679257547872806e-04 -2.410010903478374119e-04
1.027912440891559469e-02 -8.444971569310731271e-03 1.823632954444145407e-04
1.606909924824845510e-03 -9.155390685622363800e-03 6.623943668524810788e-04
-1.679277579173041671e-02 -7.451936928972494566e-04 1.344544184017348052e-03
1.384778725983552491e-03 -9.113269298326676093e-03 6.609658710339730422e-04
-1.815959765547849394e-02 4.012513189624495897e-04 1.458446442565131205e-03
1.027542660558107990e-03 -9.178252642665746600e-03 4.900106371331303589e-04
-1.693104989699087057e-02 -9.183506415718515952e-04 -1.312420841384944045e-03
3.194562372219190982e-02 5.305004236983884222e-03 -1.115754588517161054e-03
-2.092668041315127320e-02 2.860371615539738979e-03 2.006642566032561421e-03
-2.227757801310520716e-02 4.411497508328070076e-03 3.229869975732816822e-03
-2.173960098194204285e-02 4.055388232260503413e-03 -5.068642413680806563e-03
-1.886091159908095255e-02 1.035248620031397650e-03 2.157043440221948719e-03
-2.351762174314500284e-02 6.728578580705074988e-03 -6.608758285955418366e-03
-2.127038671685726329e-02 3.138713111234977399e-03 2.060822962409170501e-03
6.163841188698527922e-03 -9.100002215876784595e-03 3.448562292099477270e-04
3.457538371446335773e-02 7.771744809405560506e-03 -9.832777410055830772e-05
-1.174902775306841014e-02 -4.088133829423708406e-03 -8.292556321572197879e-04
-2.524687767609811243e-02 9.730202871070238804e-03 -8.226940356152295450e-03
-3.172431522829798414e-03 -7.897668003903068890e-03 1.083299851715299224e-03
-2.746104687289169580e-02 4.205153040399811637e-02 1.175243590965453430e-02
-1.896538968145139101e-02 1.148735300939692774e-03 1.915973893997055706e-03
-1.322634628734803940e-02 -3.289570532025845161e-03 6.508979078118618151e-04
6.172328897514334049e-03 -9.175227877698484413e-03 3.137556390984665654e-04
-1.977706716593288089e-02 1.629419429150537812e-03 -1.937479735423532383e-03
-2.271710619728400590e-02 4.643190652559179600e-03 2.531863813885713681e-03
-1.509984868295880488e-02 -2.013576075840664472e-03 1.220697561394991663e-03
-1.888966098706137270e-02 7.769894870255105888e-04 -1.478777575429269684e-03
-1.715107995063738788e-02 -5.605214108594022953e-04 6.802276772103217194e-04
-1.921589981356294427e-02 1.266793916587517256e-03 1.684372476011485389e-03
-2.110068679677773104e-02 3.267353227008980374e-03 -4.298888015468215959e-03
-2.123095752207887141e-02 3.499315056499171031e-03 -4.577489415075009643e-03
-1.591244001594530749e-02 -1.664443326983190783e-03 5.986427178305193421e-04
-2.304468872492280301e-02 6.293844265165830960e-03 -6.408412544421175291e-03
-2.397420038712924639e-02 7.638101209605315314e-03 -7.246132464427484064e-03
3.993563819443397139e-03 -9.283151266764010090e-03 2.088039522506025889e-04
2.300548640632941316e-02 -2.138199250306645986e-03 1.453680788385123190e-04
-2.115669763097301898e-02 2.916024385302544777e-03 1.519582330974527089e-03
6.475225172649022283e-04 -9.069392256352113921e-03 5.699408375541402004e-04
2.463022556854883860e-03 -9.255068383849159031e-03 5.591691342165562573e-04
-1.315515357583662073e-02 -3.911165760218503033e-03 2.128636617937116563e-03
3.298976482798787399e-03 -8.679134768447517231e-03 1.456398300768264702e-03
-2.185975376429404038e-02 3.789167363845612896e-03 2.423430722061908384e-03
2.987240335318327999e-02 3.474791496723216890e-03 1.233205923292329765e-04
-2.713027179702598435e-02 3.912304168328276793e-02 1.133382347445058454e-02
-1.402662318838815913e-04 -9.111801025715841884e-03 4.315395922291818628e-04
-1.442678033889369452e-02 -2.454748501347889938e-03 -1.112147252159568145e-03
2.303320417466127659e-02 -2.068026703004044887e-03 2.554141217106008308e-04
-2.064859939858140064e-02 2.669134185502658029e-03 2.220390400822560943e-03
-2.296160746322742710e-02 5.122799094050448782e-03 3.603423600756600845e-03
-6.793847010346954624e-03 -5.847133509727644660e-03 3.524324095165747798e-03
-1.846395533500013245e-02 2.775613924630438963e-04 -1.834805521185604990e-03
4.450038951729831790e-04 -8.932512709341870055e-03 8.216909057828916457e-04
-1.453057844801213319e-02 -2.736938228437610365e-03 4.495043725116272689e-04
-1.809928932159629925e-02 3.461444430254285152e-04 1.760388662216493547e-03
-1.831749437595743546e-02 2.344568718762424740e-04 -1.476936904165047828e-03
-2.652298366611909389e-02 1.231092006290495505e-02 -9.558846217149575414e-03
2.233363784996950444e-02 -2.529080305782224151e-03 1.637658827058361202e-04
-2.427678343227022972e-02 6.616471534592504450e-03 4.103337799592969397e-03
-2.430496098219225160e-03 -8.341459110400385735e-03 2.482152565300797657e-04
-1.944524904545160901e-02 1.479106567642604142e-03 -3.134941056809084376e-03
2.511926246861408488e-02 -4.696130864250656900e-04 -4.701717171782174428e-04
