index,cell.type,embryo.time,embryo.time.bin
AACTTTCGTTCCACGG-b01,Ciliated_amphid_neuron,725.0,> 650
TTATGCTCAGCTTCGG-r17,,220.0,210-270
AAGGCAGGTTGCCTCT-400.2.3,Body_wall_muscle,270.0,270-330
CCTTCGATCATGTAGC-b01,Z1_Z4,380.0,330-390
GATCTAGTCGGTGTTA-400.2.1,,320.0,270-330
TCAGGTATCGAACTGT-400.2.2,Ciliated_amphid_neuron,360.0,330-390
CTCGGGAGTTGGTAAA-400.2.1,Body_wall_muscle,420.0,390-450
CGAATGTTCTCGGACG-400.2.3,Glia,450.0,450-510
ACGGGCTGTACAGACG-400.2.3,Body_wall_muscle,300.0,270-330
GAACGGACAATGAAAC-r17,,530.0,510-580
TTGAACGGTCCATGAT-400.2.2,Body_wall_muscle,390.0,390-450
GTCTTCGCAATCGAAA-500.2.2,,550.0,510-580
ACGATACTCTTTCCTC-400.2.2,Body_wall_muscle,355.0,330-390
TTCGAAGCATCTCCCA-b02,Glia,450.0,450-510
TCAGATGTCCGTTGCT-300.1.1,Body_wall_muscle,360.0,330-390
GTTAAGCAGTCAAGGC-500.1.1,Ciliated_amphid_neuron,360.0,330-390
GATGAGGAGGACAGCT-400.2.3,,340.0,330-390
AAGACCTCAGCTGCTG-400.2.2,Body_wall_muscle,375.0,330-390
ATAGACCCATTAGCCA-500.2.2,Ciliated_non_amphid_neuron,395.0,390-450
CGGAGCTGTCACAAGG-400.2.1,Body_wall_muscle,350.0,330-390
GATTCAGTCAATCTCT-400.2.1,,190.0,170-210
GCTGCTTTCAACGCTA-400.2.2,Body_wall_muscle,420.0,390-450
GTTACAGTCGCAAACT-300.1.1,,290.0,270-330
CCTATTAAGGACTGGT-300.1.2,Body_wall_muscle,300.0,270-330
TGGGCGTGTTACGTCA-300.1.2,,210.0,210-270
ACATGGTAGGTGACCA-b01,Glia,450.0,450-510
CCTAGCTCACAAGCCC-b01,Body_wall_muscle,620.0,580-650
GCATGCGAGACTGTAA-300.1.2,,205.0,170-210
CAGCTGGGTGCACCAC-500.2.1,Hypodermis,625.0,580-650
CGGCTAGTCATAGCAC-400.2.3,,300.0,270-330
TTCTTAGCAGCTATTG-b02,,200.0,170-210
CGTTAGACAGGAATCG-500.2.1,Hypodermis,550.0,510-580
GTTACAGGTGGACGAT-r17,,170.0,170-210
GACGGCTTCCCTCTTT-500.1.1,,300.0,270-330
ACTTGTTTCCATGAGT-400.2.3,,230.0,210-270
GTTCGGGTCCGAAGAG-r17,,180.0,170-210
TGCGCAGAGCAGCCTC-b02,Body_wall_muscle,390.0,390-450
GCGCGATTCGCTAGCG-b01,Hypodermis,350.0,330-390
CTCTAATTCAGCACAT-300.1.1,,195.0,170-210
CAGCCGACAAGGTTCT-500.1.1,,320.0,270-330
CTGGTCTCATTCTTAC-500.1.1,Rectal_gland,345.0,330-390
GGCGACTTCGATGAGG-400.2.3,Ciliated_amphid_neuron,390.0,390-450
CCCAATCGTGTGCGTC-300.1.3,Pharyngeal_muscle,310.0,270-330
GGACAAGCACTTACGA-400.2.1,Pharyngeal_neuron,260.0,210-270
ACGGCCAGTGTAATGA-500.1.2,Glia,380.0,330-390
TACTTACTCAGCTCTC-400.2.1,Intestine,230.0,210-270
GTATCTTGTCGCATAT-400.2.1,,270.0,270-330
GGAATAAAGTGGGCTA-b01,Ciliated_non_amphid_neuron,350.0,330-390
CGAGCCAAGTAAGTAC-300.1.1,Body_wall_muscle,375.0,330-390
ACGTCAATCCTGCAGG-400.2.1,,260.0,210-270
CTTTGCGGTTAAAGAC-r17,,185.0,170-210
TCCCGATGTGTTGGGA-b02,,640.0,580-650
GTGCGGTGTAGCTGCC-500.1.2,Hypodermis,360.0,330-390
CATATGGCATGTCGAT-r17,,170.0,170-210
TGGGAAGTCTTGTACT-b01,Z1_Z4,360.0,330-390
AACACGTCATCCCATC-r17,,260.0,210-270
AAGCCGCTCAGTCAGT-400.2.3,Hypodermis,380.0,330-390
GATCTAGAGCCACGCT-r17,,360.0,330-390
CAGAATCAGTAAGTAC-400.2.1,Intestinal_and_rectal_muscle,440.0,390-450
GAAGCAGCAGGGTACA-b01,,120.0,100-130
CAGCTGGGTCAACATC-500.1.1,,415.0,390-450
TCTTTCCGTCAACTGT-400.2.1,Hypodermis,330.0,330-390
TGGGCGTGTCAGAGGT-400.2.2,,300.0,270-330
ACAGCTAAGCTAGGCA-400.2.3,Pharyngeal_muscle,230.0,210-270
CCTTTCTGTTTCCACC-500.2.1,Hypodermis,390.0,390-450
CGTGTCTGTGTTTGTG-300.1.2,,270.0,270-330
TCATTTGAGGACTGGT-500.2.1,Pharyngeal_intestinal_valve,635.0,580-650
TTGCGTCCAACTGCTA-300.1.2,Pharyngeal_muscle,270.0,270-330
AAGTCTGTCCGCAGTG-400.2.2,,200.0,170-210
CGACTTCCAGATCGGA-r17,,170.0,170-210
ATTACTCGTCTGCGGT-300.1.2,,320.0,270-330
AAAGTAGCACAGAGGT-400.2.1,,300.0,270-330
AGGTCCGTCAGAGGTG-400.2.1,Parent_of_hyp1V_and_ant_arc_V,300.0,270-330
TTAGGACGTAAGTAGT-b01,,200.0,170-210
GCGAGAATCGCCTGAG-400.2.1,Body_wall_muscle,345.0,330-390
AGAGTGGGTATTACCG-300.1.3,GLR,320.0,270-330
GCTCTGTTCCCTAATT-400.2.2,Rectal_cell,310.0,270-330
TTGACTTAGGTTACCT-400.2.3,,335.0,330-390
AACTCTTCAGCCTTTC-500.2.1,Ciliated_amphid_neuron,700.0,> 650
TTAGGCAGTTAAGACA-300.1.2,,265.0,210-270
CTGGTCTCAGACGTAG-400.2.2,Ciliated_amphid_neuron,320.0,270-330
ACGCAGCCAAGCTGAG-b01,Ciliated_non_amphid_neuron,390.0,390-450
TCAGGTAAGTCCTCCT-500.2.2,,300.0,270-330
ACACCAACACCAGGTC-400.2.3,Pharyngeal_marginal_cell,375.0,330-390
CGGAGCTGTCAGAATA-500.1.1,,405.0,390-450
ACTGATGAGCTAGCCC-400.2.2,,300.0,270-330
TGACGGCCAGCCTTGG-b01,Pharyngeal_marginal_cell,330.0,330-390
TGACTAGCACCGATAT-300.1.2,Body_wall_muscle,300.0,270-330
ACCAGTAAGCTGGAAC-b02,Pharyngeal_muscle,550.0,510-580
TGACTTTTCGCGATCG-400.2.2,Hypodermis,310.0,270-330
AAGGTTCGTGTGCGTC-400.2.2,,300.0,270-330
CTAGTGACAACTTGAC-500.1.1,Hypodermis,400.0,390-450
GGTGAAGCATTTCAGG-b01,Seam_cell,335.0,330-390
CTCATTATCAGCCTAA-500.1.2,hyp1V_and_ant_arc_V,450.0,450-510
TGAGCATCAAGGCTCC-400.2.2,,300.0,270-330
CGATTGAGTTTGACTG-400.2.1,Seam_cell,300.0,270-330
AGGGTGATCCGCATAA-500.1.2,,450.0,450-510
ATGAGGGCAGTTTACG-300.1.3,Body_wall_muscle,390.0,390-450
TAAGAGACATGTTCCC-300.1.3,Ciliated_amphid_neuron,260.0,210-270
CATTATCAGTATCTCG-b01,Pharyngeal_muscle,335.0,330-390
AGGTCATTCCCAACGG-500.2.2,Glia,440.0,390-450
AGGGTGAAGTCATGCT-b01,Body_wall_muscle,350.0,330-390
GGATGTTCATCGGGTC-400.2.3,,300.0,270-330
ACACCCTAGAGGGATA-r17,,205.0,170-210
TACTCGCTCTACCAGA-b01,Ciliated_amphid_neuron,325.0,270-330
CACACTCGTGATGTCT-400.2.1,Body_wall_muscle,390.0,390-450
TGAGCATCAAGGACTG-b01,Seam_cell,620.0,580-650
TTTATGCTCCTCAATT-400.2.3,Ciliated_amphid_neuron,280.0,270-330
CATGACATCGTCACGG-b02,Hypodermis,245.0,210-270
TGACAACGTCCAGTTA-300.1.3,Seam_cell,280.0,270-330
CCCATACAGCCTTGAT-500.1.1,Body_wall_muscle,450.0,450-510
CGATCGGCAAGTCATC-b01,Ciliated_non_amphid_neuron,620.0,580-650
TTAGGACGTGAGTATA-400.2.1,,270.0,270-330
CCGTACTAGAGCTGGT-b02,Arcade_cell,625.0,580-650
GGTGAAGGTCACAAGG-500.2.1,Hypodermis,415.0,390-450
TCTTCGGGTCTTCAAG-b01,Body_wall_muscle,490.0,450-510
CATCGAAAGAGACGAA-500.1.2,,360.0,330-390
GGATTACCACAAGACG-500.2.2,Ciliated_non_amphid_neuron,640.0,580-650
TACGGATTCGAATCCA-300.1.1,GLR,320.0,270-330
CAGTCCTGTTCTCATT-300.1.3,Seam_cell,260.0,210-270
GAACATCAGCTAGTTC-300.1.2,,190.0,170-210
GATTCAGTCCCATTAT-b01,Ciliated_non_amphid_neuron,260.0,210-270
GCGCCAAGTAGCACGA-b01,Body_wall_muscle,300.0,270-330
GCAGCCATCATGCATG-500.1.2,,725.0,> 650
CACTCCAGTCGCGAAA-400.2.1,Ciliated_non_amphid_neuron,300.0,270-330
TACCTATCATGGATGG-500.1.1,Hypodermis,620.0,580-650
CACAGGCTCATCGATG-r17,Ciliated_non_amphid_neuron,435.0,390-450
GGAATAACACCGAATT-500.2.1,Pharyngeal_muscle,385.0,330-390
GGAATAATCCGCGCAA-b01,,100.0,100-130
GGCGACTAGCTGTCTA-300.1.3,Body_wall_muscle,300.0,270-330
AGTGAGGTCTTGGGTA-500.1.1,Ciliated_amphid_neuron,350.0,330-390
GACGTGCGTGGCCCTA-500.2.1,Seam_cell,550.0,510-580
CTAAGACGTACCATCA-r17,Body_wall_muscle,350.0,330-390
ACAGCTAAGGGAACGG-400.2.2,Body_wall_muscle,325.0,270-330
AAGGCAGGTGTTAAGA-400.2.3,Body_wall_muscle,410.0,390-450
AAGACCTAGCTGCGAA-400.2.2,,220.0,210-270
CGATGGCGTGTTGAGG-500.1.2,,365.0,330-390
GGATTACGTAAATACG-300.1.3,Hypodermis,280.0,270-330
GCGCCAAGTCTCCATC-400.2.1,Parent_of_hyp1V_and_ant_arc_V,245.0,210-270
ACGCCAGCAGATCGGA-500.2.1,Seam_cell,550.0,510-580
ATCATGGTCGGCTACG-500.2.2,,550.0,510-580
CGATTGACATGGGAAC-b01,,260.0,210-270
CTGCGGACAGTAACGG-r17,,200.0,170-210
ATTTCTGAGGCTCTTA-500.2.1,Ciliated_non_amphid_neuron,415.0,390-450
AGCATACGTCCGACGT-500.1.3,Hypodermis,390.0,390-450
GAAACTCGTAGAGCTG-400.2.2,Body_wall_muscle,490.0,450-510
TTGAACGAGAGCAATT-400.2.2,,295.0,270-330
AGGGTGACAGTAACGG-400.2.3,Pharyngeal_muscle,340.0,330-390
TGCGCAGAGTATGACA-r17,,200.0,170-210
CATGACACAACTGGCC-500.2.2,Glia,490.0,450-510
TCAGATGAGATGTGGC-b01,,290.0,270-330
GGTGCGTTCCATGCTC-b01,Ciliated_amphid_neuron,160.0,130-170
GCTTCCAAGGATGCGT-500.1.1,Z1_Z4,360.0,330-390
CTCGTCAGTGCTCTTC-400.2.1,,205.0,170-210
GACCAATAGACGCACA-b01,,260.0,210-270
CAACTAGAGGCGCTCT-300.1.3,Pharyngeal_marginal_cell,350.0,330-390
TGCTGCTCACTTAACG-400.2.2,GLR,260.0,210-270
ACCAGTAGTCATCGGC-400.2.2,Body_wall_muscle,330.0,330-390
TACTTACCACCATGTA-400.2.3,,270.0,270-330
TCTGAGATCTCACATT-r17,Pharyngeal_muscle,425.0,390-450
CGAACATCAGGGTTAG-r17,,630.0,580-650
AGCTTGATCAATAAGG-r17,,625.0,580-650
GTAGGCCAGGGATGGG-400.2.2,Pharyngeal_muscle,350.0,330-390
GAACCTACAATCTACG-400.2.2,Hypodermis,300.0,270-330
CCTACACGTGAAATCA-b01,,550.0,510-580
CTCATTACACTGCCAG-500.1.1,,380.0,330-390
CTCATTAGTGCAGGTA-500.1.2,,435.0,390-450
TGTTCCGAGGCTACGA-b01,Pharyngeal_muscle,375.0,330-390
TTGCCGTAGCAGACTG-400.2.3,Hypodermis,320.0,270-330
GGAAAGCCAGATCGGA-b02,Excretory_cell_parent,190.0,170-210
AAAGATGGTCCATGAT-300.1.1,Body_wall_muscle,425.0,390-450
CTGATCCAGAGTTGGC-300.1.1,Body_wall_muscle,360.0,330-390
CCAGCGAGTCTCCACT-b01,Intestine,700.0,> 650
GACCAATAGACACTAA-r17,,310.0,270-330
GCGAGAATCGAGAACG-r17,Pharyngeal_muscle,355.0,330-390
GGGCATCCACATCCAA-r17,,160.0,130-170
TGCCCATTCTCGATGA-300.1.3,Ciliated_amphid_neuron,215.0,210-270
GCGCGATAGGACCACA-500.1.1,Ciliated_amphid_neuron,395.0,390-450
TTTGGTTTCACTTCAT-400.2.3,Ciliated_non_amphid_neuron,335.0,330-390
CTCACACTCATCTGCC-300.1.3,Body_wall_muscle,350.0,330-390
ACTATCTCATTCTTAC-300.1.1,Pharyngeal_neuron,280.0,270-330
TAGACCATCATCACCC-500.1.1,Pharyngeal_marginal_cell,320.0,270-330
CCGTACTCACTGAAGG-500.1.1,,335.0,330-390
TATCAGGTCCTCAACC-500.1.1,,400.0,390-450
GTGTTAGGTTTAGGAA-500.2.1,Body_wall_muscle,450.0,450-510
GCAGCCACAAAGTCAA-b01,,190.0,170-210
TTGAACGCAGCCAGAA-400.2.2,,260.0,210-270
GAAGCAGGTCTAGCGC-b01,Body_wall_muscle,360.0,330-390
TTCCCAGGTAGCCTCG-r17,,245.0,210-270
AGCGGTCGTCGAGATG-300.1.1,,300.0,270-330
GGATGTTTCTCCAACC-500.2.2,,370.0,330-390
ACACCGGAGTTAAGTG-500.2.2,Intestine,410.0,390-450
GACTACACATATGAGA-r17,,230.0,210-270
ACGGAGATCCGCATCT-500.1.1,Body_wall_muscle,490.0,450-510
TGTATTCTCTCTTGAT-300.1.3,,300.0,270-330
TCTCATACAAGAGTCG-400.2.2,Body_wall_muscle,490.0,450-510
GCTGCAGAGTGGTCCC-500.2.1,,750.0,> 650
TGAAAGAGTAGTAGTA-b01,,330.0,330-390
GTCCTCATCCCAAGTA-300.1.3,,195.0,170-210
CTGAAGTCAAGCTGGA-b01,,350.0,330-390
CCCATACTCTCTGCTG-400.2.2,,350.0,330-390
CGGGTCAAGTGTGAAT-b01,,130.0,130-170
GTACGTAGTATCACCA-300.1.2,Pharyngeal_muscle,270.0,270-330
GCGCAACGTGCCTGGT-r17,,320.0,270-330
TTGGCAATCCGTACAA-400.2.1,,245.0,210-270
TCGCGAGTCCCTGACT-400.2.3,Hypodermis,420.0,390-450
ACGGAGACATCCAACA-300.1.3,Ciliated_amphid_neuron,170.0,170-210
ACGCAGCTCCAGAGGA-b01,Glia,550.0,510-580
CAACTAGCATGACGGA-400.2.1,Ciliated_non_amphid_neuron,345.0,330-390
ATCTACTCAATTGCTG-400.2.3,Body_wall_muscle,300.0,270-330
CACAGGCAGATTACCC-b01,Ciliated_non_amphid_neuron,640.0,580-650
GCTGCAGGTGTTGGGA-500.1.1,,290.0,270-330
TACGGATAGACATAAC-400.2.1,,140.0,130-170
TAGCCGGCATGGAATA-r17,,170.0,170-210
AAAGTAGTCACCACCT-400.2.3,Body_wall_muscle,420.0,390-450
ATGGGAGGTACCATCA-300.1.2,Body_wall_muscle,330.0,330-390
GACGTGCCAAGCCGCT-400.2.3,Body_wall_muscle,410.0,390-450
GACTACACAGCCTGTG-400.2.3,Intestine,310.0,270-330
GGACATTCATGTAAGA-300.1.2,Ciliated_amphid_neuron,260.0,210-270
GTTCATTGTTAAGGGC-b02,,160.0,130-170
AAACGGGCATCTCCCA-r17,,300.0,270-330
GGACAGAGTCCTCTTG-500.2.1,Seam_cell,450.0,450-510
CTGATAGTCTTGGGTA-500.2.1,Pharyngeal_muscle,430.0,390-450
GTGCGGTTCCGAACGC-500.2.2,Hypodermis,620.0,580-650
CCTTTCTAGCACCGCT-500.2.1,Glia,330.0,330-390
TTGGCAAGTCTCAACA-500.1.2,hmc_homolog,470.0,450-510
TTGGAACAGAATCTCC-400.2.3,Pharyngeal_marginal_cell,360.0,330-390
TTAACTCCAGGACCCT-300.1.1,Body_wall_muscle,370.0,330-390
AGACGTTCACGAGGTA-500.2.1,,670.0,> 650
CAGCCGACAAGTTGTC-400.2.3,Ciliated_amphid_neuron,200.0,170-210
GACTAACGTGATGTGG-400.2.2,T,260.0,210-270
AGGGTGAAGCTCAACT-r17,,500.0,450-510
AAACCTGCATTAGGCT-r17,,205.0,170-210
ATCCGAATCTCTTATG-r17,,290.0,270-330
CAGTAACAGAGTAATC-b02,,320.0,270-330
GTCGTAACATCAGTCA-300.1.3,Hypodermis,290.0,270-330
TACTCATTCAGGTAAA-300.1.2,Body_wall_muscle,340.0,330-390
CCACGGACATGAAGTA-b01,Pharyngeal_muscle,420.0,390-450
CCAATCCTCTTTACGT-300.1.1,,260.0,210-270
ACCCACTTCTGCGGCA-500.2.2,M_cell,420.0,390-450
ACATGGTTCCCTAATT-300.1.2,Hypodermis,385.0,330-390
ACGGCCACAGACTCGC-400.2.2,Body_wall_muscle,420.0,390-450
TGTTCCGGTGATGATA-400.2.1,Glia,440.0,390-450
ACTATCTAGGCGATAC-b01,,225.0,210-270
CATCGAAGTAAATGTG-500.2.2,Seam_cell,550.0,510-580
GGAAAGCAGACAAAGG-500.2.2,Excretory_cell,630.0,580-650
AAAGTAGCAGGACCCT-500.2.1,Glia,700.0,> 650
CCCATACTCATAAAGG-r17,,190.0,170-210
CTAGCCTCAAGTCTGT-r17,Body_wall_muscle,490.0,450-510
TTTATGCCATTCCTGC-400.2.1,,295.0,270-330
AAGGAGCGTCCGACGT-300.1.2,,260.0,210-270
CTACATTTCAATAAGG-500.1.1,Body_wall_muscle,400.0,390-450
ATTATCCGTACCATCA-b01,Ciliated_amphid_neuron,490.0,450-510
GCTGGGTTCAACTCTT-300.1.2,Intestine,300.0,270-330
TGTTCCGTCAGAGACG-500.2.2,Seam_cell,490.0,450-510
ACGATACCATCATCCC-300.1.2,Hypodermis,335.0,330-390
GCGCAACCACCCAGTG-300.1.2,Ciliated_amphid_neuron,410.0,390-450
ACACCGGAGTGCGTGA-400.2.2,Pharyngeal_intestinal_valve,270.0,270-330
AGTAGTCGTAGGGTAC-300.1.1,Pharyngeal_neuron,270.0,270-330
AGATCTGAGTGAAGAG-400.2.3,Body_wall_muscle,410.0,390-450
TGCGGGTAGTCAAGCG-400.2.2,Ciliated_amphid_neuron,270.0,270-330
CACCACTCATACAGCT-400.2.2,,245.0,210-270
TTCCCAGAGACCGGAT-400.2.3,Body_wall_muscle,390.0,390-450
CACACCTAGGATGCGT-b01,,190.0,170-210
ACCGTAACAACGCACC-400.2.2,,360.0,330-390
CTCGTCAAGATGCGAC-500.1.1,Glia,490.0,450-510
AGGTCCGTCTTCTGGC-400.2.3,Hypodermis,430.0,390-450
TTGCCGTAGTGGTAAT-b01,Pharyngeal_muscle,390.0,390-450
TCTGGAAAGACCACGA-r17,Glia,410.0,390-450
TTTGGTTTCCCTAACC-500.2.2,Seam_cell,450.0,450-510
GATCGATCACGTAAGG-400.2.2,,335.0,330-390
TAAACCGGTAGGGACT-400.2.2,ABarpaaa_lineage,245.0,210-270
GTAGTCAAGAAGGACA-500.2.2,,700.0,> 650
ATTACTCGTCCGTTAA-500.2.2,Body_wall_muscle,780.0,> 650
TAGGCATAGTGACTCT-400.2.3,Hypodermis,355.0,330-390
CCCAGTTGTCCAAGTT-500.1.1,,380.0,330-390
CCTACCAGTTGTCTTT-500.2.2,Hypodermis,420.0,390-450
AAGCCGCTCGCATGGC-b01,,195.0,170-210
AGGGTGAAGTCACGCC-r17,,630.0,580-650
TGGCTGGCATGGTCAT-300.1.3,,280.0,270-330
AGGGTGAGTCTGCCAG-400.2.1,,270.0,270-330
GTTCGGGGTTGTTTGG-400.2.1,,300.0,270-330
CGCTATCCACACAGAG-400.2.3,,210.0,210-270
GTTACAGGTTCTGAAC-400.2.3,,350.0,330-390
TACCTTACAAAGTCAA-500.2.2,Seam_cell,400.0,390-450
GTGAAGGTCACCGTAA-500.2.1,,725.0,> 650
CTCGAGGAGGCTATCT-400.2.1,,220.0,210-270
GCAATCACACGTAAGG-400.2.3,Hypodermis,425.0,390-450
CCTAAAGCACACATGT-400.2.3,,300.0,270-330
GGCGTGTCATCGGGTC-b02,Ciliated_amphid_neuron,345.0,330-390
CCTACCACATTTCAGG-b01,,190.0,170-210
CGCGTTTCATGAACCT-500.1.1,Glia,375.0,330-390
TAGACCACAATCCGAT-400.2.2,,245.0,210-270
CCAATCCTCCCTAACC-400.2.1,,310.0,270-330
ACTGAACTCGTAGGAG-500.2.1,Hypodermis,450.0,450-510
CCACGGATCGGTGTTA-b02,Body_wall_muscle,640.0,580-650
CAAGTTGCAGCCTTGG-500.1.1,,630.0,580-650
CAGCATAAGGCATTGG-500.1.1,Pharyngeal_marginal_cell,350.0,330-390
TCAACGAGTTTGACTG-500.2.2,Hypodermis,410.0,390-450
AGAGTGGCATGGATGG-b01,Glia,550.0,510-580
CTCTAATGTATAATGG-300.1.3,Hypodermis,290.0,270-330
TTGGCAACACTCGACG-400.2.2,Ciliated_non_amphid_neuron,260.0,210-270
AGATCTGGTAGCCTCG-500.2.2,Hypodermis,510.0,510-580
TACGGTACAGCAGTTT-300.1.3,Body_wall_muscle,300.0,270-330
GACTGCGGTGATAAAC-500.2.2,Body_wall_muscle,450.0,450-510
CACACAAGTTGGTGGA-400.2.3,,285.0,270-330
CGGTTAACATGTCTCC-300.1.3,Body_wall_muscle,215.0,210-270
GAAACTCCAGCCTGTG-r17,,190.0,170-210
TTCTCCTAGTTACCCA-300.1.3,Body_wall_muscle,300.0,270-330
CACATTTTCCATGCTC-b01,,260.0,210-270
CATCGAAGTTCCACTC-r17,,310.0,270-330
CTCGAAAAGATATGGT-500.1.2,Body_wall_muscle,640.0,580-650
GTTCTCGTCTGCGGCA-b01,,270.0,270-330
AAACCTGGTATGCTTG-r17,,345.0,330-390
AAGGCAGGTCTGCCAG-400.2.2,Intestinal_and_rectal_muscle,550.0,510-580
CATGCCTTCTATCGCC-500.2.1,Pharyngeal_muscle,620.0,580-650
TCTTCGGTCTGTCAAG-400.2.3,,190.0,170-210
CATGCCTTCGGAGGTA-400.2.2,Pharyngeal_muscle,300.0,270-330
GCCTCTAGTTATCGGT-500.2.2,,375.0,330-390
CTCATTACAGTATGCT-300.1.1,Ciliated_amphid_neuron,200.0,170-210
TAAGAGATCTGACCTC-b02,Ciliated_non_amphid_neuron,640.0,580-650
CCGGTAGGTTTACTCT-b01,Pharyngeal_marginal_cell,370.0,330-390
AGAGCTTTCACCATAG-400.2.1,Seam_cell,260.0,210-270
CGTCTACCACAAGACG-400.2.3,Hypodermis,320.0,270-330
CAGCGACTCGGAAATA-b01,,160.0,130-170
CGAGCCATCAGGATCT-b01,,260.0,210-270
CTCGTACGTTGGACCC-300.1.3,Body_wall_muscle,350.0,330-390
ACGTCAAAGCGTAATA-r17,,170.0,170-210
GGAAAGCTCCTAGGGC-400.2.1,Body_wall_muscle,410.0,390-450
GCAAACTGTTATCGGT-300.1.1,Body_wall_muscle,320.0,270-330
CGCGGTACACTCGACG-b01,,390.0,390-450
GTGCATATCGGTCCGA-500.2.2,,440.0,390-450
TCAACGAAGGCACATG-b01,,490.0,450-510
CTGTTTAAGAACTCGG-b01,,385.0,330-390
GTGTTAGTCTTGTATC-400.2.2,Body_wall_muscle,350.0,330-390
CTCATTAGTCGGGTCT-b01,Body_wall_muscle,450.0,450-510
TACAGTGGTATGGTTC-400.2.1,,200.0,170-210
TGACTAGGTCAAAGAT-500.2.1,Seam_cell,530.0,510-580
GTGCGGTGTGCTGTAT-400.2.3,,290.0,270-330
AACCATGAGGCAGGTT-400.2.2,,225.0,210-270
CATTCGCGTTTGCATG-500.2.2,Hypodermis,550.0,510-580
CATCCACTCCATTCTA-b01,Hypodermis,395.0,390-450
AGATCTGTCTGTCTCG-b01,Ciliated_amphid_neuron,550.0,510-580
AAAGCAATCTACTCAT-400.2.1,Glia,365.0,330-390
GCAAACTGTCATATCG-r17,Pharyngeal_intestinal_valve,300.0,270-330
TGCTGCTCACATGGGA-500.2.1,,455.0,450-510
CGTCTACCAACACGCC-300.1.2,,280.0,270-330
AGCTCCTTCGCTAGCG-400.2.2,,270.0,270-330
GTCCTCAAGCTAACTC-b01,Body_wall_muscle,450.0,450-510
ATCGAGTTCTTGTTTG-400.2.1,Ciliated_non_amphid_neuron,270.0,270-330
GATCAGTTCCTTTCGG-400.2.3,Body_wall_muscle,280.0,270-330
AGCGTCGAGTGGTAAT-500.2.2,Hypodermis,410.0,390-450
AGGGTGATCCACGAAT-400.2.2,,285.0,270-330
TGATTTCTCCGTTGTC-400.2.3,,245.0,210-270
TCAGCAAAGGTGTGGT-400.2.1,Ciliated_non_amphid_neuron,340.0,330-390
AGATTGCCATGCCTAA-500.2.2,Ciliated_amphid_neuron,640.0,580-650
ACGAGCCTCTGGCGTG-r17,,260.0,210-270
CTGTGCTGTACGAAAT-400.2.3,Seam_cell,280.0,270-330
GGGACCTTCATGTAGC-b01,Ciliated_amphid_neuron,320.0,270-330
AAAGCAACACATGGGA-500.1.2,,440.0,390-450
CAGCTGGAGCTAACAA-400.2.1,,260.0,210-270
TGAGGGAGTAAACGCG-500.1.1,Intestinal_and_rectal_muscle,370.0,330-390
TCGGTAAAGGTGCAAC-500.2.1,Body_wall_muscle,550.0,510-580
ACACCAAGTAAGGGCT-400.2.3,Body_wall_muscle,350.0,330-390
TCGGTAAGTTGGTAAA-b02,ABarpaaa_lineage,260.0,210-270
GGCGTGTCATGCCCGA-b02,Pharyngeal_muscle,350.0,330-390
CTCGTCAGTCAATGTC-400.2.3,Body_wall_muscle,275.0,270-330
GACAGAGGTCACTTCC-b01,,405.0,390-450
CCTTTCTTCGTGTAGT-400.2.3,,370.0,330-390
ATGGGAGCACAACGCC-500.1.3,,625.0,580-650
GAGGTGAAGGAACTGC-400.2.3,,275.0,270-330
GATCGTAAGTCGTTTG-300.1.3,,230.0,210-270
AACCGCGAGGGCTTCC-r17,,160.0,130-170
AGGCCACGTTAAGTAG-500.1.1,Glia,400.0,390-450
CTCGGGAGTAAAGGAG-r17,,450.0,450-510
CTCGAAACACCAGGCT-400.2.2,,190.0,170-210
ACACCCTTCGGCGCAT-500.1.3,GLR,450.0,450-510
CTTAGGACAGCTGGCT-400.2.2,,320.0,270-330
TGGTTCCCAATGCCAT-500.1.1,,550.0,510-580
ATGTGTGCACGCGAAA-400.2.2,Ciliated_amphid_neuron,450.0,450-510
GGAATAACAATTGCTG-r17,Pharyngeal_marginal_cell,330.0,330-390
ACTTGTTTCATTCACT-300.1.2,Hypodermis,320.0,270-330
TGATTTCTCACGCATA-500.2.1,Hypodermis,620.0,580-650
ACGGAGACAGCCTTTC-500.1.1,,355.0,330-390
GCTTGAATCGGCTTGG-400.2.3,,190.0,170-210
CGATGGCCAACAACCT-300.1.2,Body_wall_muscle,300.0,270-330
GTTTCTATCATGTCCC-500.2.1,Body_wall_muscle,760.0,> 650
GCCTCTATCAGGCGAA-r17,,270.0,270-330
ACGGAGACAAGCGTAG-500.2.1,Intestine,450.0,450-510
TAGACCAGTCTGATCA-b01,Ciliated_amphid_neuron,700.0,> 650
GTACGTAGTGATGATA-400.2.3,Body_wall_muscle,390.0,390-450
TAGTGGTTCCCTAATT-400.2.3,,225.0,210-270
TGAGGGACAGCAGTTT-300.1.3,Ciliated_non_amphid_neuron,260.0,210-270
CTAACTTCAATCCGAT-b01,Glia,450.0,450-510
GTAACTGCATGACATC-b01,,700.0,> 650
TTGCCGTCATGCTAGT-400.2.3,,300.0,270-330
TGAAAGACAACGCACC-b01,Body_wall_muscle,360.0,330-390
CCGTTCACACATAACC-b02,Coelomocyte,380.0,330-390
ACTGTCCCACCGGAAA-400.2.2,,285.0,270-330
CAAGAAATCAAGGCTT-500.2.2,Rectal_gland,490.0,450-510
GCAAACTCATGTAAGA-500.2.1,Hypodermis,400.0,390-450
TTGAACGCAAGTCATC-b01,Body_wall_muscle,490.0,450-510
AGGTCATGTTTGGGCC-r17,,245.0,210-270
CCGTACTTCGTGGGAA-400.2.1,Hypodermis,320.0,270-330
GCCAAATGTCCAAGTT-500.2.2,Seam_cell,550.0,510-580
GTTAAGCTCTCGTATT-400.2.3,,295.0,270-330
TACTCGCGTAAGGGAA-b01,Ciliated_amphid_neuron,380.0,330-390
GCAGCCAAGGACTGGT-r17,,200.0,170-210
TCCACACTCTGAGGGA-b01,Ciliated_non_amphid_neuron,380.0,330-390
TCCCGATCAAGCTGTT-300.1.2,,260.0,210-270
AGTGTCAAGGAGTACC-400.2.1,Body_wall_muscle,260.0,210-270
GGGACCTAGCTACCTA-500.2.2,Seam_cell,550.0,510-580
AATCGGTAGCGTAGTG-500.2.1,Excretory_cell,640.0,580-650
AAAGATGTCGATCCCT-300.1.3,Ciliated_amphid_neuron,185.0,170-210
CATGGCGAGGCTACGA-300.1.1,,275.0,270-330
GTTCGGGCACCACGTG-400.2.2,Pharyngeal_muscle,360.0,330-390
TATCAGGTCCAAGTAC-300.1.3,Hypodermis,230.0,210-270
TGGCTGGGTATAATGG-500.1.1,Body_wall_muscle,450.0,450-510
ACTGATGGTGTTTGGT-400.2.3,Body_wall_muscle,490.0,450-510
CTCGAAACATCATCCC-r17,,265.0,210-270
CACAAACAGTGTTTGC-300.1.3,Intestine,325.0,270-330
GCACTCTCAGCGAACA-r17,Body_wall_muscle,205.0,170-210
TCGCGTTTCCAGATCA-b01,Seam_cell,430.0,390-450
CATCAAGCACACTGCG-400.2.1,,350.0,330-390
TCACGAAAGACCTAGG-400.2.1,Body_wall_muscle,420.0,390-450
TGACTAGAGCTAACTC-400.2.1,Body_wall_muscle,380.0,330-390
CCTTTCTCACCTATCC-b01,,200.0,170-210
GGTGTTAGTCGCGGTT-r17,Glia,320.0,270-330
TGCACCTCATAGACTC-500.2.1,Body_wall_muscle,380.0,330-390
GGTATTGGTAATCACC-b01,Pharyngeal_muscle,340.0,330-390
GCATACAGTGATAAGT-b01,Body_wall_muscle,290.0,270-330
ACGATGTAGTTCGCGC-300.1.2,,270.0,270-330
GTTCATTGTTGTGGCC-300.1.2,,260.0,210-270
AGAATAGTCGATGAGG-500.2.1,Body_wall_muscle,700.0,> 650
CGCTATCAGAACTCGG-400.2.3,Ciliated_non_amphid_neuron,380.0,330-390
GGGTCTGAGAAGCCCA-300.1.2,GLR,300.0,270-330
CGCTTCACACTGAAGG-r17,,300.0,270-330
AAGGAGCGTCAGATAA-500.2.2,Body_wall_muscle,550.0,510-580
CCTTACGAGACTACAA-400.2.3,Ciliated_non_amphid_neuron,325.0,270-330
GTCACGGAGAACTCGG-r17,Intestine,170.0,170-210
GTACTCCGTAAATGTG-500.2.2,Glia,430.0,390-450
CCGGTAGTCTGCTGCT-b01,,290.0,270-330
ACAGCTACAGGGCATA-r17,,260.0,210-270
GGAGCAAAGTTTAGGA-b01,Hypodermis,380.0,330-390
CCCAGTTAGAATGTGT-b01,,180.0,170-210
TTGAACGGTCCGACGT-400.2.2,Seam_cell,300.0,270-330
TCCCGATTCAAACGGG-b01,,280.0,270-330
GGTATTGCACAGCGTC-400.2.3,Seam_cell,450.0,450-510
CTCGTACAGTGTTAGA-300.1.1,,230.0,210-270
GTGCATAGTAGCGTGA-300.1.1,,320.0,270-330
GACGTTATCAGCTTAG-500.1.3,Intestinal_and_rectal_muscle,490.0,450-510
ACATACGCAATCCGAT-300.1.1,Body_wall_muscle,260.0,210-270
GGACGTCAGCCCAATT-300.1.2,,290.0,270-330
TGATTTCTCTAGCACA-500.2.2,Intestine,490.0,450-510
ACGGAGACAGGGAGAG-500.1.1,,350.0,330-390
AACACGTGTGCCTGCA-b01,,320.0,270-330
TCAGCTCGTAGCAAAT-400.2.3,Parent_of_hyp1V_and_ant_arc_V,300.0,270-330
GAACGGAAGCACGCCT-500.1.1,GLR,390.0,390-450
GACCAATTCGTGACAT-300.1.3,Hypodermis,290.0,270-330
ACCTTTACACCAGGCT-r17,hmc_homolog,415.0,390-450
AGTAGTCTCCAAAGTC-b01,,195.0,170-210
TAAGTGCGTCGCTTTC-500.2.1,Body_wall_muscle,550.0,510-580
ACGGGTCCATTCCTCG-300.1.1,Body_wall_muscle,360.0,330-390
CAGCCGAAGTTTCCTT-b01,,185.0,170-210
GAGCAGACAGGCTCAC-500.2.1,Body_wall_muscle,780.0,> 650
TCACGAAGTTCCACAA-300.1.2,Pharyngeal_muscle,270.0,270-330
CCGTGGAAGGTTACCT-500.1.1,Pharyngeal_marginal_cell,340.0,330-390
GATGCTACACGGTAAG-300.1.3,Hypodermis,320.0,270-330
TGCGTGGCAAGGACAC-400.2.1,,270.0,270-330
GACGTTAAGCCACGCT-b01,Ciliated_non_amphid_neuron,345.0,330-390
ACACTGATCGACAGCC-300.1.2,,295.0,270-330
CATTCGCGTCTCCACT-r17,,260.0,210-270
TGACGGCTCCATTCTA-500.2.1,Ciliated_amphid_neuron,670.0,> 650
CCTCTGAGTACGCACC-400.2.2,,300.0,270-330
TAGCCGGCAGCAGTTT-400.2.1,Ciliated_non_amphid_neuron,420.0,390-450
TGGTTAGTCAGCATGT-b02,Z1_Z4,765.0,> 650
TGCTGCTGTACCGTTA-500.2.2,Seam_cell,450.0,450-510
CGCCAAGAGGACTGGT-500.2.2,Seam_cell,630.0,580-650
CTTGGCTTCAAACCGT-500.1.1,Body_wall_muscle,490.0,450-510
AACTGGTCATCACGAT-300.1.2,,280.0,270-330
TTGCGTCCAAACCCAT-500.1.1,,390.0,390-450
ATTACTCGTTCACCTC-500.1.1,Ciliated_non_amphid_neuron,620.0,580-650
TTTATGCCACATAACC-500.1.2,Pharyngeal_muscle,330.0,330-390
CATCGGGGTAGTGAAT-b01,Body_wall_muscle,640.0,580-650
CAGGTGCCACCAGCAC-500.1.2,Coelomocyte,440.0,390-450
GATGCTAAGAGCTGGT-r17,,300.0,270-330
CCTTCGACAGACGCAA-400.2.1,,260.0,210-270
ATTCTACCATTCTTAC-500.2.2,Body_wall_muscle,490.0,450-510
TCCCGATAGTACGCCC-400.2.2,Body_wall_muscle,450.0,450-510
AGTGGGAGTAGCGTCC-500.1.2,Body_wall_muscle,420.0,390-450
TACGGTATCTTGTATC-500.1.1,Ciliated_amphid_neuron,375.0,330-390
CGTGTAAAGCGTTCCG-b01,Glia,450.0,450-510
GACCTGGAGTCATCCA-500.1.1,Rectal_cell,365.0,330-390
ACCGTAAGTTACCAGT-300.1.2,,230.0,210-270
ACGCCGAAGCCATCGC-b01,Body_wall_muscle,425.0,390-450
TACGGTACAGTTCATG-400.2.3,,350.0,330-390
CCTTCGATCCCACTTG-300.1.2,,375.0,330-390
CATGGCGTCTTGCCGT-300.1.2,,270.0,270-330
AGGGAGTTCCAGAGGA-r17,Pharyngeal_neuron,335.0,330-390
CGAATGTTCCGAACGC-400.2.3,Body_wall_muscle,370.0,330-390
CACCAGGAGAAGGCCT-b01,,385.0,330-390
GGCAATTGTCTCTCTG-400.2.2,Body_wall_muscle,385.0,330-390
AGGGTGATCATCGGAT-300.1.3,,230.0,210-270
ACTGAACTCAGCCTAA-500.2.1,Pharyngeal_neuron,320.0,270-330
CCTCTGAAGAGTAAGG-r17,,130.0,130-170
TCGGTAAGTTACGTCA-500.1.1,,400.0,390-450
TTGACTTAGATACACA-300.1.1,Pharyngeal_neuron,300.0,270-330
ATGGGAGTCATAACCG-b01,Intestine,700.0,> 650
CGTTCTGGTCTCACCT-400.2.1,,345.0,330-390
ACTTACTCAGCTCCGA-b01,Ciliated_non_amphid_neuron,230.0,210-270
CATCAAGGTACAGTTC-300.1.2,Body_wall_muscle,360.0,330-390
TTCTCCTGTACCGTAT-300.1.3,,270.0,270-330
TAAACCGAGACTTGAA-500.1.1,Hypodermis,420.0,390-450
GGTATTGGTCTGGAGA-b01,,270.0,270-330
CAAGATCCAATCAGAA-300.1.2,,230.0,210-270
CAGGTGCAGGTAGCTG-500.2.1,Ciliated_amphid_neuron,640.0,580-650
CAACCTCTCGAACGGA-300.1.3,Body_wall_muscle,415.0,390-450
GGAGCAATCCCAGGTG-300.1.1,,350.0,330-390
CTGATAGCAACACGCC-b02,,380.0,330-390
TAGAGCTTCTTGGGTA-500.2.1,Intestine,450.0,450-510
CTTACCGCATTCCTCG-b01,Ciliated_amphid_neuron,725.0,> 650
CATGACATCAATAAGG-500.1.1,Body_wall_muscle,550.0,510-580
ACCTTTATCGAGAACG-b02,Pharyngeal_neuron,320.0,270-330
CGATTGACAGTCTTCC-400.2.1,Hypodermis,350.0,330-390
CTCGTACCAAATCCGT-r17,Hypodermis,345.0,330-390
TTGGCAAGTTAAGGGC-300.1.2,,205.0,170-210
ACTTGTTCAACGCACC-500.2.1,Body_wall_muscle,640.0,580-650
GCGACCATCATGCATG-300.1.2,Body_wall_muscle,325.0,270-330
CTACATTCATTCCTGC-400.2.1,Excretory_duct_and_pore,410.0,390-450
GATGAAAAGAACTCGG-b01,Seam_cell,380.0,330-390
AGCAGCCCAATGCCAT-500.2.2,Seam_cell,490.0,450-510
TTTGTCATCCTAGAAC-300.1.1,Glia,390.0,390-450
TGAGCCGTCGAGGTAG-b01,Hypodermis,380.0,330-390
ACTTACTGTGTTCTTT-r17,,290.0,270-330
CCTTTCTTCATCTGCC-b01,,170.0,170-210
CTAGAGTGTAAATGAC-r17,,200.0,170-210
GCGCAGTTCGTACCGG-r17,Glia,345.0,330-390
GATTCAGAGGCTAGCA-r17,,225.0,210-270
GCATGATGTCACAAGG-b01,Pharyngeal_neuron,270.0,270-330
ATCATCTTCAAGGCTT-b01,Body_wall_muscle,360.0,330-390
GTTAAGCAGTGTACGG-b01,Ciliated_non_amphid_neuron,640.0,580-650
TTTCCTCGTTATTCTC-400.2.2,Ciliated_non_amphid_neuron,340.0,330-390
CGTCACTGTAAGCACG-400.2.3,Body_wall_muscle,395.0,390-450
TCTTCGGTCCGCGTTT-500.2.2,Intestine,415.0,390-450
CGAGCACGTAGCTCCG-r17,,170.0,170-210
ATGCGATAGTACGATA-300.1.2,Body_wall_muscle,410.0,390-450
GGACAAGGTCTGCGGT-400.2.2,Hypodermis,340.0,330-390
AGGTCATAGTAGGTGC-b01,Body_wall_muscle,550.0,510-580
ATAAGAGAGACAATAC-300.1.1,,320.0,270-330
AGTGGGAAGACGCAAC-r17,Body_wall_muscle,345.0,330-390
GTCGTAATCGTGGGAA-r17,Body_wall_muscle,300.0,270-330
ACGCCGAGTAAATGAC-500.1.1,,335.0,330-390
TATGCCCTCCAAGTAC-400.2.3,Ciliated_non_amphid_neuron,340.0,330-390
CCACGGACAACGATGG-300.1.3,,260.0,210-270
CTTTGCGTCCGATATG-400.2.1,Body_wall_muscle,355.0,330-390
CGAGAAGCACCTATCC-b01,Body_wall_muscle,390.0,390-450
ACACCGGAGATGTTAG-b01,GLR,355.0,330-390
GTATTCTTCTGCGTAA-500.1.2,Body_wall_muscle,395.0,390-450
AGGCCGTCATCGGGTC-400.2.1,Glia,350.0,330-390
GTACTCCAGAGGTACC-r17,Body_wall_muscle,430.0,390-450
TGGCTGGCAGTAGAGC-500.1.1,,440.0,390-450
GGAACTTAGGCTACGA-300.1.3,,270.0,270-330
CAGTCCTTCATAACCG-400.2.2,Body_wall_muscle,425.0,390-450
AAAGATGCAGTCACTA-400.2.1,,260.0,210-270
CCACCTAGTCTAGCGC-b01,Body_wall_muscle,700.0,> 650
ACGCCAGTCACCGTAA-500.2.2,,625.0,580-650
ACTTTCATCCGCGTTT-500.1.2,Body_wall_muscle,490.0,450-510
CCGTGGAGTAGCGATG-500.1.1,,510.0,510-580
ATTGGACCAGCCTTGG-400.2.3,,290.0,270-330
CCATTCGCATATGCTG-300.1.1,,260.0,210-270
CACACTCTCACGAAGG-400.2.1,Hypodermis,395.0,390-450
GGTGAAGAGCACCGCT-300.1.3,Seam_cell,385.0,330-390
GCTCCTATCATGTAGC-500.2.2,Coelomocyte,410.0,390-450
AAGGCAGCATCGATTG-b01,Body_wall_muscle,390.0,390-450
ACGAGGACAGGTGCCT-400.2.3,,215.0,210-270
ACTGAGTCAATAGCAA-b01,,260.0,210-270
AAGCCGCTCTGGCGTG-400.2.1,Body_wall_muscle,375.0,330-390
CAGTCCTAGCCCAATT-400.2.1,,285.0,270-330
CGGCTAGGTCGACTGC-b01,Body_wall_muscle,360.0,330-390
AAATGCCTCCGCGGTA-300.1.3,Body_wall_muscle,200.0,170-210
TTAGGACTCATGTGGT-500.1.1,,350.0,330-390
AAACGGGGTAAGTGGC-400.2.2,Body_wall_muscle,450.0,450-510
TGGGCGTGTTAGTGGG-400.2.2,Body_wall_muscle,330.0,330-390
CCACGGATCAGTACGT-400.2.2,Ciliated_non_amphid_neuron,370.0,330-390
CGTGTCTGTAGGGACT-500.1.1,,630.0,580-650
TGGCGCATCTCACATT-500.1.1,Ciliated_non_amphid_neuron,330.0,330-390
CAGCAGCTCCTCGCAT-500.2.2,Glia,550.0,510-580
CCATTCGAGAGTGAGA-500.2.2,Intestine,780.0,> 650
ACTGTCCTCCGAGCCA-r17,,270.0,270-330
CTACATTAGTACGCGA-300.1.3,Hypodermis,260.0,210-270
GGAGCAACACGGTTTA-300.1.1,,210.0,210-270
CGTGTAAAGGGAAACA-400.2.3,Hypodermis,300.0,270-330
CATGCCTAGCAGACTG-b01,,130.0,130-170
CCTTACGCACAAGACG-400.2.3,,360.0,330-390
AGATCTGGTCGAGATG-b01,,700.0,> 650
TACTTACGTTCCACTC-b01,,170.0,170-210
CCGTGGAAGCCAACAG-400.2.1,Seam_cell,335.0,330-390
GACTACATCTCGTATT-r17,,360.0,330-390
TCTCTAATCCAAACAC-400.2.1,,550.0,510-580
AGGTCCGAGACAAAGG-400.2.3,Ciliated_amphid_neuron,260.0,210-270
CCACTACCACTTACGA-500.2.2,Seam_cell,450.0,450-510
GCGCAGTTCTAACTCT-500.1.3,,320.0,270-330
ACCCACTAGTCTTGCA-r17,,230.0,210-270
ACGATGTGTGAAGGCT-300.1.3,Seam_cell,300.0,270-330
CACATTTTCAGGTTCA-500.1.1,Ciliated_non_amphid_neuron,340.0,330-390
CACCTTGTCGCGTTTC-b02,Pharyngeal_neuron,310.0,270-330
CGCTTCAAGATGTTAG-400.2.3,GLR,330.0,330-390
CAGCTGGTCGGTCCGA-400.2.2,,230.0,210-270
TATCAGGCAGATCCAT-r17,,300.0,270-330
CAGAATCTCTTCAACT-500.2.1,Intestinal_and_rectal_muscle,585.0,580-650
CCACTACAGCTGTCTA-b01,,170.0,170-210
ACTGAACTCACGCGGT-b01,Ciliated_non_amphid_neuron,240.0,210-270
GGGAGATCACCTTGTC-b01,Body_wall_muscle,700.0,> 650
CCTTCGAGTACCGAGA-400.2.1,,280.0,270-330
GTACTCCGTTTAGGAA-300.1.1,,175.0,170-210
TGGGCGTAGATCTGAA-400.2.3,Hypodermis,330.0,330-390
ATTTCTGAGGGATGGG-500.2.2,Ciliated_non_amphid_neuron,640.0,580-650
AGGGATGTCTATGTGG-500.1.2,Ciliated_amphid_neuron,550.0,510-580
GGGCACTGTTTGACTG-500.2.2,Hypodermis,410.0,390-450
AGTGAGGCATCGTCGG-400.2.1,,290.0,270-330
AAGACCTAGCGCCTCA-400.2.3,Body_wall_muscle,350.0,330-390
GGCAATTGTCTCTCTG-500.1.1,,455.0,450-510
TCGGTAACAATCCGAT-400.2.2,Body_wall_muscle,420.0,390-450
CTAAGACGTCACCTAA-300.1.2,Intestine,360.0,330-390
ACGCCAGCATCGGAAG-r17,,300.0,270-330
CGACCTTCAGCTGTGC-300.1.2,,260.0,210-270
GGAAAGCTCACTTATC-r17,Hypodermis,335.0,330-390
CATGGCGGTGTCGCTG-300.1.3,Hypodermis,275.0,270-330
CGTTGGGTCCTAGGGC-400.2.1,Body_wall_muscle,340.0,330-390
GATGCTAAGGCCCTTG-b01,Pharyngeal_marginal_cell,365.0,330-390
TTGAACGCATATGGTC-300.1.3,,190.0,170-210
TACTCATCATCCGTGG-400.2.3,,365.0,330-390
ATTGGACCACGACTCG-300.1.3,,330.0,330-390
CATATGGTCTGGCGTG-300.1.2,Seam_cell,340.0,330-390
ACCCACTTCACATAGC-300.1.2,Body_wall_muscle,360.0,330-390
GTAGGCCGTCTCTTAT-300.1.2,Hypodermis,410.0,390-450
GCATGCGAGTACGTTC-500.1.2,,360.0,330-390
GTAACTGTCAGTTGAC-b01,Body_wall_muscle,490.0,450-510
GGACAGAAGCTGATAA-b01,Pharyngeal_muscle,400.0,390-450
AGTAGTCGTACTCGCG-500.1.1,,370.0,330-390
GCTTGAAGTAATAGCA-400.2.2,Pharyngeal_muscle,380.0,330-390
AGTGAGGCATTTGCTT-400.2.3,Body_wall_muscle,420.0,390-450
GCTCCTAGTATCTGCA-400.2.1,,200.0,170-210
TGATTTCGTGTTTGTG-400.2.2,Body_wall_muscle,295.0,270-330
CGTCCATCACATCTTT-300.1.2,Parent_of_exc_duct_pore_DB_1_3,270.0,270-330
GCGAGAAGTCAGCTAT-500.2.2,Seam_cell,630.0,580-650
GGCAATTAGGTGTGGT-b01,,165.0,130-170
CGGAGCTCATCCCATC-300.1.2,,320.0,270-330
ATGGGAGAGTCTCCTC-300.1.1,Germline,25.0,< 100
AACTCAGCACATGACT-500.2.1,Hypodermis,410.0,390-450
CGTTCTGCATCCGCGA-300.1.1,Ciliated_non_amphid_neuron,310.0,270-330
TGTGGTACACCGGAAA-r17,Ciliated_non_amphid_neuron,300.0,270-330
GTATCTTCACCAGCAC-400.2.3,Body_wall_muscle,550.0,510-580
GGCGTGTGTCAGATAA-b01,Ciliated_amphid_neuron,620.0,580-650
CTGTGCTAGCTTTGGT-300.1.1,Ciliated_amphid_neuron,230.0,210-270
ACTTGTTCAGTCGTGC-300.1.2,Intestine,245.0,210-270
GTTAAGCAGAGGTTAT-b01,GLR,415.0,390-450
CTCATTAAGGTAGCCA-r17,,175.0,170-210
ACTGATGTCTCTTGAT-b01,,295.0,270-330
ATAAGAGAGCTGATAA-300.1.1,Hypodermis,390.0,390-450
ATAGACCAGGAGTCTG-400.2.2,,265.0,210-270
GTAACGTAGGCTCATT-r17,,220.0,210-270
CGTGTCTAGTCGTACT-300.1.1,,280.0,270-330
CGGACTGCATGGTCAT-500.2.2,,295.0,270-330
TCTGGAAAGTACACCT-400.2.2,,100.0,100-130
GCGCCAACAAGCGATG-300.1.1,Hypodermis,270.0,270-330
ACGAGGACATCCAACA-300.1.3,Ciliated_amphid_neuron,470.0,450-510
ACACTGACACCCATGG-r17,,270.0,270-330
GTCCTCAGTTCAGACT-300.1.1,Pharyngeal_neuron,285.0,270-330
ACACCAAAGCTAAGAT-500.2.2,Ciliated_amphid_neuron,640.0,580-650
CCGTGGAGTGAAAGAG-400.2.3,Glia,345.0,330-390
AGGGATGCATCTCGCT-r17,Ciliated_non_amphid_neuron,260.0,210-270
CACAGTAGTTATCACG-500.2.1,Hypodermis,420.0,390-450
GCATGCGTCCTGCTTG-400.2.3,Hypodermis,420.0,390-450
TCTATTGGTAGCCTCG-500.1.1,Ciliated_non_amphid_neuron,360.0,330-390
GACTACACAAGAGTCG-400.2.1,,350.0,330-390
AACGTTGCAGTTCATG-b01,Ciliated_amphid_neuron,700.0,> 650
CAAGATCAGCAGCCTC-500.2.2,Ciliated_non_amphid_neuron,450.0,450-510
GTGCATATCGTCCGTT-300.1.1,Ciliated_amphid_neuron,190.0,170-210
CTAAGACAGCTCAACT-r17,Hypodermis,300.0,270-330
TGACAACTCAATCTCT-b01,Body_wall_muscle,350.0,330-390
GATCGTATCGGCGCAT-500.2.1,Seam_cell,420.0,390-450
GATGCTAAGACTGTAA-500.2.1,Intestine,700.0,> 650
CCTCAGTCACACCGCA-500.2.2,Body_wall_muscle,700.0,> 650
TACGGGCGTCTAGTGT-300.1.1,,265.0,210-270
TCACAAGCAGTTAACC-400.2.3,Body_wall_muscle,395.0,390-450
GTTAAGCCACTTACGA-400.2.3,Body_wall_muscle,350.0,330-390
TTTGCGCCAAACGTGG-500.2.1,Body_wall_muscle,450.0,450-510
TATCAGGCAATGTAAG-b01,,190.0,170-210
GACTACAAGATAGCAT-r17,Body_wall_muscle,295.0,270-330
CTCGGAGTCACTCCTG-b01,Ciliated_amphid_neuron,380.0,330-390
GTCATTTAGCCATCGC-300.1.2,,200.0,170-210
CGGGTCAAGTAGATGT-b01,Body_wall_muscle,450.0,450-510
TCAACGAGTGGACGAT-300.1.3,,270.0,270-330
GCGCAGTGTAGAGCTG-400.2.3,,300.0,270-330
TGTCCCATCACTCTTA-b01,Body_wall_muscle,350.0,330-390
TTGCCGTAGATGGGTC-500.2.1,Intestine,450.0,450-510
AGCCTAACAGGCGATA-400.2.1,Body_wall_muscle,350.0,330-390
GACTACACAGTAGAGC-500.1.1,Hypodermis,550.0,510-580
CGCGGTATCTACTCAT-b01,Body_wall_muscle,320.0,270-330
AAGACCTTCCTCCTAG-500.2.1,Seam_cell,550.0,510-580
CTTAGGATCTGTCAAG-400.2.3,Pharyngeal_muscle,230.0,210-270
CGACCTTCATCATCCC-r17,,300.0,270-330
CACCAGGAGCACCGCT-400.2.3,Parent_of_hyp1V_and_ant_arc_V,300.0,270-330
ACTGAACCAACACCTA-500.1.1,,415.0,390-450
GCAAACTTCCGCGGTA-500.1.3,Glia,340.0,330-390
CGTTGGGAGCCACCTG-400.2.3,Glia,380.0,330-390
AACGTTGGTAGCGCAA-400.2.1,Excretory_duct_and_pore,410.0,390-450
GAAGCAGTCAGCACAT-500.1.2,,380.0,330-390
AAAGCAATCCAGGGCT-300.1.3,Body_wall_muscle,345.0,330-390
ATGAGGGAGGAATCGC-b01,GLR,360.0,330-390
TCTATTGCATCACGAT-500.2.2,Hypodermis,630.0,580-650
GTACGTATCAACGGCC-b01,,620.0,580-650
GGTATTGTCAGGCAAG-b02,Hypodermis,330.0,330-390
GAAATGATCCCTGACT-500.2.1,Body_wall_muscle,640.0,580-650
CGACCTTCACCGAATT-500.2.2,Body_wall_muscle,670.0,> 650
CATGACAAGGCTCATT-400.2.2,Body_wall_muscle,350.0,330-390
GTATCTTAGCTAACTC-500.1.2,,410.0,390-450
ATCTACTCACCAACCG-b01,Body_wall_muscle,490.0,450-510
ACATGGTAGTCTCAAC-400.2.2,Hypodermis,360.0,330-390
GCGCAGTTCAGCTCTC-300.1.3,Hypodermis,420.0,390-450
GACGCGTGTGTGACGA-500.1.1,,370.0,330-390
TACGGATGTTACGACT-400.2.2,Body_wall_muscle,390.0,390-450
TGACAACTCTCGAGTA-500.2.1,,725.0,> 650
CTGAAGTCACTATCTT-400.2.3,Body_wall_muscle,230.0,210-270
GCTGCAGTCCGGCACA-500.1.2,Body_wall_muscle,450.0,450-510
ATAAGAGGTAAAGTCA-400.2.3,Ciliated_non_amphid_neuron,200.0,170-210
CGGACACTCGTTACAG-300.1.1,Body_wall_muscle,350.0,330-390
AAGGTTCTCTTACCGC-500.2.1,Hypodermis,360.0,330-390
GGGACCTCACGGTGTC-400.2.1,Body_wall_muscle,490.0,450-510
CTACATTAGTTATCGC-500.1.1,,700.0,> 650
AAGACCTGTTCGAATC-b01,,340.0,330-390
TGGCGCATCTGCGGCA-b01,,190.0,170-210
CATATGGAGTACATGA-500.2.2,,450.0,450-510
ATTGGACCAGCTGGCT-400.2.2,,100.0,100-130
GGGAATGCAGACAAGC-400.2.1,Ciliated_amphid_neuron,340.0,330-390
CGCGGTACAACTTGAC-500.2.2,Hypodermis,450.0,450-510
TAAGTGCAGGACAGAA-400.2.1,Body_wall_muscle,420.0,390-450
ACTTGTTAGTCTTGCA-400.2.3,Body_wall_muscle,340.0,330-390
CGGTTAATCATAAAGG-400.2.2,,190.0,170-210
CTCAGAACATGAGCGA-b01,Pharyngeal_neuron,310.0,270-330
GAATAAGAGTGAAGTT-b01,Germline,100.0,100-130
TGACGGCTCTGACCTC-400.2.2,Hypodermis,450.0,450-510
AAATGCCCACTAAGTC-500.2.2,Hypodermis,550.0,510-580
CCACCTAGTTGCGTTA-400.2.1,Body_wall_muscle,345.0,330-390
AACTGGTCAAACCCAT-400.2.2,Ciliated_amphid_neuron,185.0,170-210
ACACCGGGTTATCGGT-b01,Ciliated_amphid_neuron,320.0,270-330
CTGCCTACACCTCGTT-400.2.1,Hypodermis,295.0,270-330
CTCGTCAGTCACACGC-300.1.2,,260.0,210-270
CCGGTAGGTAGATTAG-300.1.2,Pharyngeal_muscle,290.0,270-330
AAGGAGCCAGTATCTG-400.2.2,,300.0,270-330
CTGATAGTCGGCGGTT-400.2.2,Hypodermis,330.0,330-390
TAAGCGTTCGCGATCG-400.2.1,Z1_Z4,380.0,330-390
GACTACACAACACGCC-b01,,365.0,330-390
TACTTGTTCCAGTAGT-r17,,160.0,130-170
TGGCCAGAGTCAATAG-b02,Body_wall_muscle,630.0,580-650
CAAGAAAGTAAGGATT-500.1.1,,450.0,450-510
ACTGATGAGCCAGGAT-300.1.1,GLR,300.0,270-330
CGATTGACATACTCTT-400.2.1,,300.0,270-330
ACGGAGACAATCCAAC-r17,,180.0,170-210
TCAGGATTCAAAGACA-b01,Ciliated_amphid_neuron,440.0,390-450
CTTTGCGAGACCTTTG-300.1.1,Body_wall_muscle,275.0,270-330
CGCTATCTCCGAATGT-300.1.1,Ciliated_non_amphid_neuron,260.0,210-270
GCGGGTTAGGCTCATT-500.2.2,Ciliated_non_amphid_neuron,470.0,450-510
TAGCCGGAGTGAACAT-r17,Rectal_cell,620.0,580-650
TACGGATCAACTTGAC-500.2.1,Hypodermis,550.0,510-580
CTACCCAGTCTCTTAT-300.1.1,,295.0,270-330
CTTAGGATCTATCCTA-500.2.2,,490.0,450-510
GCTGGGTCAGACAAGC-300.1.3,Hypodermis,280.0,270-330
CCGTACTAGTGCTGCC-500.2.1,Hypodermis,640.0,580-650
GCTCCTAGTAGCTAAA-r17,Ciliated_non_amphid_neuron,350.0,330-390
CGACTTCTCCAACCAA-500.1.2,Body_wall_muscle,550.0,510-580
GATGAAAAGCTACCGC-400.2.1,Glia,450.0,450-510
AGCGGTCGTTCCAACA-300.1.1,,310.0,270-330
GAGGTGAAGTACGCCC-400.2.3,Intestinal_and_rectal_muscle,550.0,510-580
ACACTGATCGATCCCT-r17,,190.0,170-210
CTCATTAGTTGGTTTG-b01,Pharyngeal_neuron,345.0,330-390
GTGTTAGCAGACAAGC-500.2.2,Body_wall_muscle,620.0,580-650
CACCAGGAGGGTCGAT-500.2.2,Body_wall_muscle,490.0,450-510
CTTGGCTCATGGATGG-300.1.3,,265.0,210-270
CATATGGAGATCACGG-b02,Ciliated_amphid_neuron,585.0,580-650
AGAGCTTAGGGTGTTG-300.1.1,Pharyngeal_muscle,295.0,270-330
CCTTACGAGGTGGGTT-r17,hyp1V_and_ant_arc_V,350.0,330-390
ATTATCCGTGCTGTAT-300.1.2,Body_wall_muscle,385.0,330-390
GTAACGTCAGCGTAAG-500.1.1,Body_wall_muscle,410.0,390-450
GATGCTAGTCAACATC-500.1.1,Ciliated_amphid_neuron,440.0,390-450
TGCGTGGTCTCAAGTG-400.2.3,Ciliated_amphid_neuron,365.0,330-390
GACGGCTCACCAGGCT-500.2.2,,425.0,390-450
GTACTCCGTGAGGCTA-300.1.3,GLR,365.0,330-390
TGGCGCAGTTTACTCT-300.1.3,Ciliated_amphid_neuron,170.0,170-210
GGTGAAGCATCCGGGT-b01,Ciliated_non_amphid_neuron,640.0,580-650
CGACTTCCAAATCCGT-400.2.1,Hypodermis,370.0,330-390
GCTCTGTAGACCGGAT-500.2.1,Ciliated_non_amphid_neuron,385.0,330-390
AGGTCATCAGGTCCAC-r17,,270.0,270-330
TCAGCTCTCATGCAAC-500.2.2,Body_wall_muscle,510.0,510-580
CACACAACATATGGTC-300.1.1,Body_wall_muscle,295.0,270-330
GTGCATAGTATTCGTG-500.1.1,,550.0,510-580
AACGTTGTCGACAGCC-r17,Ciliated_non_amphid_neuron,310.0,270-330
CCTTCGATCGCCTGTT-r17,Ciliated_non_amphid_neuron,270.0,270-330
GGAATAACATTTCAGG-400.2.2,,270.0,270-330
GCGAGAATCATAACCG-b01,,300.0,270-330
CAGCTGGTCCTCATTA-400.2.1,Ciliated_amphid_neuron,170.0,170-210
TGTGGTACATGCAATC-400.2.3,Hypodermis,300.0,270-330
AACTCTTGTGATGTCT-400.2.3,Ciliated_non_amphid_neuron,330.0,330-390
GGAATAATCCTATTCA-300.1.3,,320.0,270-330
TACTTACGTGGTCCGT-500.2.2,Hypodermis,630.0,580-650
CGTTCTGGTAGCGATG-r17,Body_wall_muscle,350.0,330-390
CCGTACTAGATGCGAC-r17,,490.0,450-510
GCTGGGTAGCGATATA-b01,Intestinal_and_rectal_muscle,390.0,390-450
CTACATTAGAAACGAG-500.1.1,Ciliated_non_amphid_neuron,450.0,450-510
ACATCAGAGCGACGTA-500.2.2,Seam_cell,450.0,450-510
CACAGTACATAGGATA-400.2.2,,300.0,270-330
GACGTTACAGCTGTGC-400.2.2,Body_wall_muscle,360.0,330-390
CACCTTGTCTCACATT-r17,,700.0,> 650
TGCGTGGAGGACATTA-500.1.2,,500.0,450-510
AGTGTCATCTGGTGTA-b01,,595.0,580-650
CAGATCAAGCAATCTC-500.2.1,Rectal_gland,640.0,580-650
CGGCTAGTCGTTTATC-r17,,245.0,210-270
GATCAGTAGCGATCCC-400.2.2,,330.0,330-390
TCTCTAACACTCAGGC-b01,,170.0,170-210
GCATGCGTCGCCAGCA-400.2.1,Ciliated_amphid_neuron,260.0,210-270
TACCTTAGTGAGCGAT-400.2.2,,260.0,210-270
TGCCCTACATTACCTT-500.1.1,,350.0,330-390
ACGGGCTGTCTAGGTT-b01,,270.0,270-330
TCCACACGTACTCAAC-400.2.2,Intestine,700.0,> 650
TGCACCTCACGGTAGA-500.2.2,Body_wall_muscle,490.0,450-510
GGATTACAGTACACCT-500.2.2,Ciliated_amphid_neuron,510.0,510-580
CCTACCATCGCGCCAA-500.2.2,Body_wall_muscle,420.0,390-450
GTCTCGTTCGCCAAAT-300.1.3,GLR,280.0,270-330
TATGCCCTCTAACTCT-500.1.2,Intestinal_and_rectal_muscle,490.0,450-510
GGGAATGGTCGTTGTA-500.2.1,Hypodermis,635.0,580-650
GATGAGGGTGTAAGTA-400.2.2,,170.0,170-210
CCCAGTTGTTGGACCC-500.2.1,Seam_cell,700.0,> 650
TCATTTGTCTCGCATC-b01,,130.0,130-170
GATGAAATCTTTAGGG-400.2.3,Body_wall_muscle,350.0,330-390
GCTTGAACAGCCTATA-400.2.1,Hypodermis,320.0,270-330
TACCTTAAGCGATATA-500.2.2,Hypodermis,415.0,390-450
CACAAACAGGGAAACA-500.1.1,Glia,375.0,330-390
ACACCAAAGTATGACA-300.1.3,,270.0,270-330
GATGCTAAGACCGGAT-500.2.2,Body_wall_muscle,520.0,510-580
AATCGGTGTAGCTCCG-b01,Coelomocyte,415.0,390-450
AGATTGCGTTAGAACA-b01,Body_wall_muscle,420.0,390-450
ATTTCTGTCAGCGACC-500.2.2,Body_wall_muscle,700.0,> 650
CTGCCTACACGAAGCA-b01,,385.0,330-390
GTACTTTGTTATCGGT-400.2.3,Ciliated_non_amphid_neuron,220.0,210-270
GATCGATGTTCAGACT-300.1.2,,300.0,270-330
GCTCTGTGTTGGAGGT-500.1.2,,585.0,580-650
ACCTTTATCTGCCCTA-500.1.1,,300.0,270-330
TTCGGTCGTCCATCCT-300.1.1,,260.0,210-270
CAGCAGCCACAGACTT-500.1.1,,585.0,580-650
GTAACTGTCAGTTAGC-r17,,150.0,130-170
GCCAAATTCATTGCCC-300.1.2,,190.0,170-210
AATCGGTGTACCGGCT-500.1.1,,565.0,510-580
TGCACCTAGCTGAAAT-500.2.1,Body_wall_muscle,800.0,> 650
TCAGCAACATTCGACA-500.1.1,Intestine,370.0,330-390
GCTCTGTTCTCTGCTG-b01,,300.0,270-330
GCACTCTCAGCCTGTG-400.2.2,,300.0,270-330
ATCATCTCACCCATTC-b01,,190.0,170-210
TAAGCGTTCGCCAAAT-300.1.2,,180.0,170-210
AGCTTGAAGCTCCTTC-500.1.1,,380.0,330-390
GTCACAATCGCGTTTC-b01,Ciliated_amphid_neuron,190.0,170-210
ATTGGACCAGTGAGTG-300.1.2,,190.0,170-210
TTTGTCATCCGCGCAA-b01,Hypodermis,355.0,330-390
ACTATCTCATATGCTG-500.1.1,,450.0,450-510
GTGCATATCCTTGGTC-500.1.3,,450.0,450-510
TTCTTAGGTCTAAACC-500.2.2,,260.0,210-270
GGGCATCGTCAGTGGA-500.1.1,,355.0,330-390
GATCGCGCAAACCTAC-r17,Body_wall_muscle,390.0,390-450
ATGGGAGGTTATCGGT-r17,Ciliated_non_amphid_neuron,410.0,390-450
TATTACCTCGCCCTTA-b01,Ciliated_non_amphid_neuron,230.0,210-270
AGGGATGGTGATGTCT-400.2.3,,380.0,330-390
CATCAGATCAGAAATG-400.2.3,,300.0,270-330
GCACTCTAGCCGTCGT-r17,,290.0,270-330
AAAGCAAGTACTCGCG-r17,,145.0,130-170
CATCGAAGTGTCGCTG-500.1.1,Pharyngeal_muscle,550.0,510-580
ATGAGGGAGCCGGTAA-400.2.3,Hypodermis,300.0,270-330
AAAGCAAAGGTAGCTG-r17,Ciliated_non_amphid_neuron,390.0,390-450
GGTATTGAGGAGCGTT-500.2.2,Hypodermis,405.0,390-450
TCTATTGCAGTAGAGC-300.1.1,,230.0,210-270
GTTCATTTCGCAAGCC-500.2.1,Intestine,470.0,450-510
CCTCAGTCACTTGGAT-b01,Ciliated_non_amphid_neuron,640.0,580-650
GTGTGCGAGCGCCTCA-500.1.1,,420.0,390-450
GGATTACCAAGTCTAC-r17,,160.0,130-170
CTGATCCGTTACAGAA-r17,Intestine,490.0,450-510
ACTGTCCAGTTGCAGG-500.2.2,Hypodermis,625.0,580-650
CTAATGGGTGGTAACG-b01,Arcade_cell,550.0,510-580
ACGATGTGTTTGTTGG-400.2.2,Ciliated_non_amphid_neuron,230.0,210-270
TGCTGCTCAGGAACGT-500.2.2,,380.0,330-390
GAACGGACAAGCTGGA-500.1.1,hmc,425.0,390-450
GGGAGATCACACAGAG-300.1.2,Pharyngeal_marginal_cell,290.0,270-330
CAGCATAGTTTGTGTG-b01,,200.0,170-210
TTCTCAAAGATAGCAT-300.1.3,,245.0,210-270
GTGAAGGTCTCGCTTG-r17,Pharyngeal_neuron,380.0,330-390
TGTGTTTGTAATTGGA-300.1.2,Ciliated_amphid_neuron,200.0,170-210
TCAATCTGTATTAGCC-400.2.2,,170.0,170-210
TGCGTGGTCTTATCTG-500.2.1,Hypodermis,410.0,390-450
CCATGTCTCTTCCTTC-b02,Ciliated_non_amphid_neuron,380.0,330-390
ACAGCCGTCAGGATCT-b01,Ciliated_amphid_neuron,620.0,580-650
GCACTCTCAGGGTACA-400.2.2,Ciliated_amphid_neuron,205.0,170-210
CTCGTCAAGTCGAGTG-500.2.1,Body_wall_muscle,420.0,390-450
TGCGCAGTCGAACGGA-400.2.1,Ciliated_non_amphid_neuron,350.0,330-390
TATCTCAAGAGCTGCA-400.2.2,,340.0,330-390
GTGTTAGAGAAGGGTA-r17,,230.0,210-270
GTACGTATCCCTGACT-300.1.1,,130.0,130-170
CAGAATCCAGATCGGA-400.2.2,Pharyngeal_muscle,320.0,270-330
AGCTCCTGTAGCTTGT-500.2.1,Seam_cell,550.0,510-580
TACGGATGTTATTCTC-500.2.1,Body_wall_muscle,420.0,390-450
GTCACGGGTACTCGCG-r17,,200.0,170-210
CACATTTAGACGCTTT-500.2.2,Body_wall_muscle,490.0,450-510
GATTCAGCATCGACGC-r17,,270.0,270-330
CACATAGCAGGGTTAG-b01,Body_wall_muscle,490.0,450-510
TATCAGGCAAGCCTAT-400.2.2,,270.0,270-330
ACATGGTTCGGTCCGA-300.1.1,Ciliated_non_amphid_neuron,200.0,170-210
TACAGTGTCACCATAG-500.2.2,,415.0,390-450
AGTGTCAGTAGCCTAT-b01,Hypodermis,300.0,270-330
CCACGGACACCAGCAC-r17,,280.0,270-330
TAGTGGTCAACACGCC-400.2.2,Hypodermis,340.0,330-390
CATGCCTGTCCGACGT-500.1.1,,310.0,270-330
GAGCAGACAGCTTCGG-300.1.1,,270.0,270-330
AAGGTTCTCACCACCT-400.2.2,Z1_Z4,365.0,330-390
ACTGAGTCATGCAATC-500.1.1,Body_wall_muscle,350.0,330-390
TAGAGCTAGTACGCGA-b02,Ciliated_amphid_neuron,400.0,390-450
GTATTCTTCGGCGGTT-400.2.3,Body_wall_muscle,490.0,450-510
TTTGCGCGTTCCATGA-400.2.2,Seam_cell,300.0,270-330
AACACGTTCAAAGACA-r17,,395.0,390-450
GGATGTTGTCATTAGC-300.1.3,,210.0,210-270
ATTCTACCATGGTAGG-400.2.3,Glia,400.0,390-450
CCTTACGAGTACACCT-300.1.3,Ciliated_amphid_neuron,260.0,210-270
GTATCTTAGGATGGAA-r17,Seam_cell,245.0,210-270
GCGCCAATCGCCAGCA-b02,Body_wall_muscle,420.0,390-450
CGGAGTCTCCTAGTGA-500.2.2,,550.0,510-580
GTCTCGTAGCGATAGC-400.2.3,Body_wall_muscle,350.0,330-390
GACACGCTCTGGCGAC-500.2.1,Arcade_cell,630.0,580-650
TAGTTGGTCGCCTGTT-300.1.3,,170.0,170-210
GTACTTTAGAGCTTCT-500.2.2,,485.0,450-510
TGAAAGATCGTAGGAG-400.2.3,Body_wall_muscle,410.0,390-450
CCGTTCAGTCGCCATG-b01,,170.0,170-210
CAACTAGCACGAAGCA-b01,Ciliated_amphid_neuron,200.0,170-210
GGGACCTAGTAGGCCA-500.2.2,,565.0,510-580
CTAGCCTCATTGGCGC-500.1.2,Glia,450.0,450-510
CTTTGCGTCTATCCTA-400.2.2,Body_wall_muscle,360.0,330-390
CACTCCATCGCGTTTC-500.1.2,Ciliated_amphid_neuron,470.0,450-510
CTCGTACGTTGATTGC-400.2.2,Body_wall_muscle,450.0,450-510
GTACTCCAGAGCTGCA-b02,Ciliated_non_amphid_neuron,550.0,510-580
TAAGTGCTCATGTAGC-300.1.3,,260.0,210-270
AGAGCGAAGGCTACGA-400.2.1,Ciliated_non_amphid_neuron,320.0,270-330
ATCCACCGTCGCGTGT-300.1.2,Body_wall_muscle,350.0,330-390
TCAGGTAAGTATGACA-500.2.2,Seam_cell,425.0,390-450
AAGGTTCTCCTAGAAC-300.1.3,,270.0,270-330
AAAGCAAGTCTTCAAG-b01,,345.0,330-390
AGATTGCGTTGCGTTA-b01,Rectal_gland,410.0,390-450
AACGTTGTCTTTACGT-300.1.1,Intestine,350.0,330-390
ACGCAGCAGCGGATCA-300.1.2,,345.0,330-390
ACTGCTCAGTCCGGTC-300.1.3,Body_wall_muscle,450.0,450-510
GGTGAAGGTTAAGACA-400.2.3,,360.0,330-390
ACGATACGTCTTGTCC-r17,,180.0,170-210
ACCTTTATCCACGAAT-b02,,170.0,170-210
GTCCTCATCCTGTACC-500.1.1,Ciliated_non_amphid_neuron,385.0,330-390
CGAATGTCAAACGTGG-r17,Ciliated_amphid_neuron,300.0,270-330
CAACCAAAGGCCGAAT-400.2.3,,170.0,170-210
GAATGAAAGAGCTGGT-500.1.1,Glia,450.0,450-510
CTAAGACCAGCTTCGG-300.1.1,Ciliated_amphid_neuron,260.0,210-270
ATGCGATTCCCTGACT-r17,Pharyngeal_intestinal_valve,355.0,330-390
GTCGGGTCACCGAAAG-r17,,285.0,270-330
CTAGAGTGTACATGTC-400.2.2,,285.0,270-330
TGGTTAGAGGGAACGG-r17,,670.0,> 650
TCTCTAAAGGCAGGTT-r17,Body_wall_muscle,170.0,170-210
AAAGCAATCCTCATTA-400.2.2,Ciliated_amphid_neuron,230.0,210-270
CGTTCTGAGTGCCATT-300.1.3,Ciliated_amphid_neuron,200.0,170-210
CCTTCCCTCCTAAGTG-400.2.2,Ciliated_amphid_neuron,350.0,330-390
GACGTGCGTGTCGCTG-500.1.1,Pharyngeal_gland,410.0,390-450
CTCGGAGCAGACGCTC-b01,,185.0,170-210
GTCGTAACAGTCACTA-300.1.3,Body_wall_muscle,355.0,330-390
TGAAAGAAGCAGGTCA-400.2.2,Ciliated_amphid_neuron,260.0,210-270
GAACGGAGTGTGACCC-400.2.3,,280.0,270-330
CCTTACGGTCATCCCT-400.2.3,,205.0,170-210
ACGAGGACATGCTGGC-400.2.1,Body_wall_muscle,400.0,390-450
GTCGTAAAGACTACAA-400.2.1,,270.0,270-330
GCTGGGTGTGAGGCTA-500.1.1,Pharyngeal_muscle,375.0,330-390
CTGCCTACACGCGAAA-400.2.1,,285.0,270-330
TGTTCCGAGGTGTGGT-400.2.2,,340.0,330-390
TGTCCCACAACGATCT-500.2.1,Intestine,700.0,> 650
AAAGTAGTCCGCATAA-400.2.3,,280.0,270-330
AAAGCAAAGTATCGAA-400.2.2,,290.0,270-330
GAATAAGAGTGATCGG-400.2.1,,190.0,170-210
ATGCGATTCAATCTCT-400.2.1,Hypodermis,360.0,330-390
AAAGCAAAGATATGGT-300.1.2,,230.0,210-270
GGGACCTCACAGAGGT-400.2.1,Ciliated_non_amphid_neuron,295.0,270-330
CCATTCGGTATCACCA-500.2.2,Seam_cell,620.0,580-650
AGAGCTTCAGTAACGG-b01,,450.0,450-510
CAGCATATCTTTAGTC-500.1.1,,340.0,330-390
TCAGCAACACCCATTC-500.1.1,Ciliated_non_amphid_neuron,700.0,> 650
TCAGGTAGTGTGACGA-b01,,280.0,270-330
TACACGATCAACCATG-300.1.3,Body_wall_muscle,260.0,210-270
CAGCCGAAGTTAACGA-400.2.3,Pharyngeal_muscle,340.0,330-390
TAGGCATCATATACGC-500.1.1,Body_wall_muscle,415.0,390-450
TTTGTCATCTAACCGA-500.1.1,Body_wall_muscle,420.0,390-450
CTCGTCAGTACACCGC-b01,,200.0,170-210
TACAGTGGTGCTTCTC-400.2.3,,280.0,270-330
TACAGTGCAGACGCAA-500.2.2,Hypodermis,550.0,510-580
ACGATACGTGTGACCC-500.1.1,Glia,630.0,580-650
TACGGATTCGCATGAT-b01,Ciliated_non_amphid_neuron,415.0,390-450
CACATTTGTCCATCCT-300.1.3,Body_wall_muscle,325.0,270-330
AAAGATGAGTCGCCGT-300.1.2,Body_wall_muscle,220.0,210-270
TGATTTCCATTGAGCT-400.2.2,Pharyngeal_neuron,230.0,210-270
GAAGCAGGTAGAGGAA-500.1.1,,410.0,390-450
CATGCCTAGGATTCGG-400.2.1,Body_wall_muscle,260.0,210-270
GCAAACTAGGCTAGCA-400.2.1,Pharyngeal_muscle,295.0,270-330
CTGAAACGTCCAGTAT-500.1.1,Ciliated_non_amphid_neuron,370.0,330-390
ACGGGCTGTAGCTGCC-300.1.2,,205.0,170-210
CAGCAGCAGCTACCGC-300.1.1,Intestine,335.0,330-390
TACAGTGTCGGCGGTT-400.2.1,,335.0,330-390
GTGCATAAGTCGATAA-r17,Intestine,320.0,270-330
ATTCTACGTGTATGGG-300.1.2,Body_wall_muscle,275.0,270-330
AGTCTTTGTGGTGTAG-500.2.1,Seam_cell,550.0,510-580
TTAGGCATCTGACCTC-b01,,370.0,330-390
CCTACCATCTAAGCCA-r17,Pharyngeal_neuron,460.0,450-510
TTTCCTCGTCCGAACC-r17,,195.0,170-210
AAGCCGCTCATCACCC-b02,Pharyngeal_muscle,350.0,330-390
CAAGGCCGTCTAAAGA-400.2.3,Ciliated_non_amphid_neuron,415.0,390-450
TCAGGATGTCTGCCAG-500.1.1,Hypodermis,550.0,510-580
TACCTTACAGGCTCAC-500.1.1,,450.0,450-510
AAGGTTCCAAACCTAC-b01,Seam_cell,700.0,> 650
TGTATTCTCAAACGGG-r17,,270.0,270-330
CTGAAACAGAGTGACC-b01,Seam_cell,300.0,270-330
AGAATAGAGGTTCCTA-500.2.1,,345.0,330-390
GGCGTGTTCGGTTAAC-300.1.1,,220.0,210-270
CAGCAGCCAGTCACTA-r17,,310.0,270-330
GCCTCTAAGGATGTAT-400.2.1,T,320.0,270-330
GTCACAATCACTTACT-500.1.1,Body_wall_muscle,410.0,390-450
ATTGGACTCCAGAAGG-300.1.1,,270.0,270-330
ACGTCAAGTCGCCATG-r17,Arcade_cell,750.0,> 650
CTAGTGAAGAGTGACC-500.1.1,,390.0,390-450
CGCGTTTCAGATTGCT-500.2.2,Ciliated_non_amphid_neuron,450.0,450-510
ATAGACCCAGCTGGCT-b01,Hypodermis,350.0,330-390
TACGGGCTCCACGTTC-400.2.3,,355.0,330-390
CTAGCCTAGCGTAATA-300.1.3,Ciliated_non_amphid_neuron,290.0,270-330
TGGCTGGCAGATCGGA-500.1.3,,490.0,450-510
ACGATACAGCGATTCT-400.2.1,Body_wall_muscle,430.0,390-450
CTCGAGGTCCAATGGT-500.1.1,Pharyngeal_marginal_cell,425.0,390-450
TCAGCAAGTGATGTCT-400.2.3,Body_wall_muscle,400.0,390-450
AAGTCTGGTCGAAAGC-b01,Body_wall_muscle,490.0,450-510
GGCAATTTCAAGCCTA-300.1.1,Body_wall_muscle,270.0,270-330
CTTACCGAGACAGACC-400.2.3,Hypodermis,340.0,330-390
AGTGGGAGTCGCATAT-500.1.1,,420.0,390-450
TTTGGTTGTAGGCTGA-300.1.1,Body_wall_muscle,300.0,270-330
AAGGAGCGTTCAACCA-400.2.2,Pharyngeal_neuron,295.0,270-330
TGACTAGAGTGAATTG-r17,Body_wall_muscle,420.0,390-450
AAACCTGAGCCATCGC-r17,,405.0,390-450
CGATCGGGTCACCTAA-400.2.1,T,320.0,270-330
CTCATTATCAGCTCTC-500.2.2,,390.0,390-450
TTGCCGTAGTCGTTTG-300.1.2,,350.0,330-390
ACGGGCTAGAGGACGG-400.2.3,Body_wall_muscle,385.0,330-390
TTAGTTCGTCTGCGGT-500.2.1,Ciliated_amphid_neuron,440.0,390-450
GGGACCTCACCGAAAG-300.1.1,Ciliated_amphid_neuron,260.0,210-270
ACAGCCGGTGCGCTTG-300.1.2,,170.0,170-210
CGGGTCAGTTATCCGA-400.2.3,Hypodermis,350.0,330-390
GACGGCTGTGCTGTAT-300.1.3,,300.0,270-330
TGGACGCAGACAAAGG-500.1.2,,375.0,330-390
GACTGCGTCATTCACT-500.1.1,,410.0,390-450
GCATGATGTCCAAGTT-400.2.3,,380.0,330-390
CGAGCACAGTCGATAA-r17,Body_wall_muscle,335.0,330-390
ATCCACCTCTGTCCGT-400.2.1,Intestinal_and_rectal_muscle,410.0,390-450
GACAGAGAGGATGTAT-b02,,210.0,210-270
TCTCTAATCCGTTGTC-400.2.3,,320.0,270-330
TACTCGCAGGTGTTAA-400.2.3,,350.0,330-390
GAAGCAGCATTCTCAT-r17,,260.0,210-270
CCTACCATCGTCTGAA-500.1.1,Body_wall_muscle,450.0,450-510
CAGCTAAGTAAGGATT-500.1.2,,380.0,330-390
ACGCCGAGTCTGATTG-500.2.2,,340.0,330-390
TCGCGAGTCTGTGCAA-400.2.1,,290.0,270-330
GGGTTGCGTTTGCATG-r17,Intestinal_and_rectal_muscle,390.0,390-450
CTGTGCTGTCGCGTGT-400.2.2,,260.0,210-270
ATGTGTGAGAGTGACC-500.1.2,Body_wall_muscle,410.0,390-450
TGGGAAGAGGTGATTA-400.2.3,Pharyngeal_marginal_cell,340.0,330-390
CTTCTCTAGTTGTCGT-300.1.3,Body_wall_muscle,360.0,330-390
CCGTTCAGTCTCATCC-300.1.1,,300.0,270-330
GGAGCAAGTCACTGGC-b01,,310.0,270-330
TACGGATCAATAAGCA-b01,Body_wall_muscle,385.0,330-390
CTGATAGCAGCTGTTA-300.1.1,Body_wall_muscle,350.0,330-390
GTTCATTTCGGGAGTA-r17,Body_wall_muscle,350.0,330-390
TGTTCCGTCTGACCTC-b02,Hypodermis,295.0,270-330
ACACCGGCATGCCCGA-400.2.3,,200.0,170-210
CAAGGCCAGCTAAACA-500.2.2,Body_wall_muscle,425.0,390-450
AACTCAGGTGTAATGA-500.1.1,Ciliated_non_amphid_neuron,555.0,510-580
TGCGGGTAGTAACCCT-b01,Ciliated_amphid_neuron,185.0,170-210
GTTAAGCAGACAAGCC-400.2.3,,335.0,330-390
CTTACCGGTACGCACC-400.2.2,Ciliated_non_amphid_neuron,300.0,270-330
ACGTCAATCCAAACTG-b02,Coelomocyte,350.0,330-390
TTGTAGGCAAGCGATG-500.2.1,Hypodermis,620.0,580-650
GTTTCTATCCGCAGTG-r17,Pharyngeal_muscle,350.0,330-390
AAAGTAGCAAGTACCT-400.2.2,Body_wall_muscle,350.0,330-390
ACTTGTTAGCTAGTGG-400.2.2,Pharyngeal_muscle,330.0,330-390
CAGAGAGCAAATACAG-500.1.2,Glia,585.0,580-650
TTAACTCAGATACACA-300.1.1,,260.0,210-270
AAAGTAGGTCCAGTTA-b01,,230.0,210-270
CACCACTGTGATAAAC-r17,Hypodermis,340.0,330-390
TGACTTTAGTCCATAC-b01,Coelomocyte,470.0,450-510
TCAGGTAAGCCGTCGT-300.1.2,,320.0,270-330
GCATGATGTTCAGTAC-500.2.2,Ciliated_non_amphid_neuron,490.0,450-510
GACTAACCACATCTTT-400.2.2,Body_wall_muscle,420.0,390-450
CAGATCAGTTCCGGCA-b02,Hypodermis,640.0,580-650
AACGTTGTCCTATTCA-500.1.1,Hypodermis,490.0,450-510
TCCCGATGTACGCACC-500.2.2,Body_wall_muscle,700.0,> 650
GACTACACAGTGGAGT-400.2.2,,400.0,390-450
TGGCTGGCAAGACGTG-b01,,195.0,170-210
AGACGTTGTAGAAAGG-500.2.1,Hypodermis,450.0,450-510
GTGAAGGTCCCACTTG-300.1.2,Ciliated_amphid_neuron,260.0,210-270
CCCAATCCAAATTGCC-300.1.1,Intestine,300.0,270-330
GCTCTGTAGCTAACAA-400.2.1,Ciliated_non_amphid_neuron,245.0,210-270
TGACGGCGTAGAGTGC-300.1.3,,225.0,210-270
TCCCGATTCGCCGTGA-b02,Ciliated_amphid_neuron,620.0,580-650
TAAACCGAGAGTCGGT-b02,,260.0,210-270
ACGATGTAGTGACTCT-400.2.2,,300.0,270-330
GATCGTAGTTAAGGGC-400.2.1,Z1_Z4,370.0,330-390
CTACACCGTTCCAACA-500.1.3,Body_wall_muscle,390.0,390-450
ATCTACTTCCTGCAGG-b01,Glia,390.0,390-450
GATTCAGAGGTTCCTA-400.2.1,Ciliated_non_amphid_neuron,340.0,330-390
CCCTCCTCAACGATGG-400.2.3,Intestine,320.0,270-330
CACATTTTCCAAAGTC-500.1.1,Glia,425.0,390-450
CACTCCAGTTCCGGCA-500.2.2,Hypodermis,395.0,390-450
CGGCTAGTCGTCACGG-400.2.2,,170.0,170-210
TTAGGCAGTATAAACG-400.2.1,,195.0,170-210
CCTCTGAGTTTGACTG-500.1.1,Body_wall_muscle,410.0,390-450
CGACTTCGTCGATTGT-300.1.3,,205.0,170-210
CATGACACAGTGACAG-500.2.1,Body_wall_muscle,700.0,> 650
TTTACTGCAATAGCAA-r17,Ciliated_non_amphid_neuron,260.0,210-270
CACTCCACAGTGACAG-r17,,450.0,450-510
AGCTTGAAGACTAGAT-500.1.1,Body_wall_muscle,415.0,390-450
TTCTCAACACATCCAA-500.2.1,Hypodermis,630.0,580-650
TGACAACCAAGTTGTC-300.1.3,Hypodermis,280.0,270-330
CATTCGCTCGTACCGG-b01,,215.0,210-270
CAGAGAGTCGCTTAGA-b01,,345.0,330-390
ACATCAGGTGTTAAGA-300.1.3,,270.0,270-330
ATAAGAGTCGTTACGA-300.1.2,,225.0,210-270
CGAGCACTCACTGGGC-b01,Ciliated_non_amphid_neuron,620.0,580-650
CATCCACTCATGGTCA-300.1.3,Ciliated_non_amphid_neuron,200.0,170-210
AAGTCTGGTTGTGGAG-400.2.2,,190.0,170-210
CACCACTCAAGCCGCT-b02,Body_wall_muscle,700.0,> 650
GCTTCCAAGCGTGTCC-400.2.1,Body_wall_muscle,380.0,330-390
CTTAGGAGTGACCAAG-300.1.1,Hypodermis,285.0,270-330
GAGCAGAGTATAGGGC-400.2.1,Body_wall_muscle,320.0,270-330
ACGGCCACAATGTTGC-r17,Pharyngeal_neuron,290.0,270-330
GTACGTAAGTGCCATT-400.2.3,Seam_cell,450.0,450-510
GCTCCTAGTCGGCATC-b01,Body_wall_muscle,340.0,330-390
GTTCATTAGAAACCGC-400.2.3,,220.0,210-270
GGAAAGCGTTGCCTCT-400.2.1,Intestine,350.0,330-390
TACGGTAAGTACTTGC-500.2.2,Body_wall_muscle,420.0,390-450
AAGTCTGCAAACGTGG-500.2.2,,520.0,510-580
AGGTCCGCAGCCAGAA-300.1.3,Body_wall_muscle,390.0,390-450
CACATAGAGAGGACGG-300.1.3,Pharyngeal_muscle,310.0,270-330
CATCAGAGTTTGGCGC-b01,,200.0,170-210
ATCCACCAGAAAGTGG-b01,Body_wall_muscle,490.0,450-510
AGAATAGCAGATCTGT-400.2.2,,260.0,210-270
CGTTGGGCAGTTCCCT-b01,Body_wall_muscle,300.0,270-330
ATCATGGAGGGATGGG-b01,,130.0,130-170
CGACTTCAGCGTGAGT-500.2.2,Ciliated_amphid_neuron,630.0,580-650
CTAATGGAGCTTTGGT-r17,Ciliated_non_amphid_neuron,415.0,390-450
TGGTTAGAGGAGTTGC-b01,Ciliated_amphid_neuron,380.0,330-390
CATTCGCGTCTCCCTA-400.2.3,Body_wall_muscle,385.0,330-390
TCGAGGCAGCGGATCA-300.1.3,,265.0,210-270
CGGACGTGTCTCTTAT-400.2.1,,225.0,210-270
CTCTAATCACCGAAAG-b01,Body_wall_muscle,400.0,390-450
TCGAGGCGTCTGCGGT-500.2.1,Hypodermis,490.0,450-510
ATTACTCTCTCCCTGA-b01,Hypodermis,360.0,330-390
CAACCTCAGATGCGAC-300.1.1,,280.0,270-330
GTTCGGGTCTCGCATC-r17,,170.0,170-210
ACTTGTTTCAGCCTAA-300.1.3,,265.0,210-270
GTTTCTAGTCTCCCTA-400.2.3,Glia,340.0,330-390
ACGCAGCGTTAAGAAC-500.1.1,Ciliated_non_amphid_neuron,625.0,580-650
AGTGTCATCACGCGGT-400.2.3,,290.0,270-330
CGACTTCTCCCACTTG-400.2.2,Seam_cell,310.0,270-330
AAATGCCGTTATCGGT-400.2.1,Ciliated_amphid_neuron,390.0,390-450
CACAGGCGTCGCATCG-400.2.3,,300.0,270-330
TTGCCGTGTGAAATCA-400.2.1,,350.0,330-390
CTTAACTTCTATGTGG-b01,,200.0,170-210
CCTCAGTCATTTGCTT-400.2.2,,365.0,330-390
TGGACGCCATCGATGT-400.2.2,Pharyngeal_neuron,300.0,270-330
ATCACGAGTCAACATC-500.2.1,Ciliated_non_amphid_neuron,620.0,580-650
CTCTGGTAGCGTAGTG-400.2.2,Body_wall_muscle,300.0,270-330
TGACTAGTCCTGCCAT-300.1.1,,230.0,210-270
CACACCTGTTATCCGA-400.2.3,,290.0,270-330
TCACGAAAGACAGAGA-b01,,160.0,130-170
TTAGGCAGTATGAAAC-400.2.3,,300.0,270-330
CTTCTCTAGCGATCCC-500.2.2,Hypodermis,420.0,390-450
GGCGACTAGCTAACTC-500.1.1,Ciliated_non_amphid_neuron,380.0,330-390
AGATCTGGTTACAGAA-300.1.2,Seam_cell,345.0,330-390
ATTACTCTCTGTCAAG-300.1.2,Ciliated_amphid_neuron,330.0,330-390
ACTTACTTCAACGCTA-400.2.2,Ciliated_non_amphid_neuron,260.0,210-270
TCGGTAACAGAGCCAA-500.1.3,,585.0,580-650
TCTCATAGTTATTCTC-b01,,700.0,> 650
CGGAGCTCAGGGATTG-400.2.3,Body_wall_muscle,380.0,330-390
CTCATTAGTAGCCTCG-300.1.1,,200.0,170-210
CTAGTGAGTACGAAAT-300.1.1,Glia,335.0,330-390
GTCACAAGTCTCGTTC-400.2.1,,260.0,210-270
CTGTTTAGTTAAGAAC-400.2.1,Body_wall_muscle,360.0,330-390
GTTCATTCAGAAGCAC-300.1.1,,230.0,210-270
ACATACGTCCTCCTAG-500.1.2,Body_wall_muscle,415.0,390-450
CACATTTAGGACATTA-300.1.3,,380.0,330-390
GAAATGAGTTACCGAT-500.1.3,Ciliated_amphid_neuron,415.0,390-450
GCTTCCACAATCTGCA-400.2.1,Pharyngeal_muscle,230.0,210-270
CGAACATTCCCGACTT-b02,,245.0,210-270
TCAATCTCAGCCAGAA-b01,Ciliated_amphid_neuron,620.0,580-650
TGAGAGGAGGTGCAAC-b01,,190.0,170-210
AGATCTGAGTTGTAGA-b01,Pharyngeal_neuron,260.0,210-270
TAAGAGAAGTCGAGTG-400.2.3,,310.0,270-330
GCCTCTACACTGAAGG-500.2.1,Rectal_gland,630.0,580-650
CTGATCCTCAGCTGGC-300.1.1,,260.0,210-270
CACAAACCAGCCTATA-400.2.2,,195.0,170-210
CTAGTGATCCAAACAC-r17,,280.0,270-330
AGGGAGTGTGCCTGGT-400.2.3,Pharyngeal_neuron,300.0,270-330
AGCTTGAAGCTAAACA-500.2.1,Intestine,700.0,> 650
GTTTCTAAGACAGACC-400.2.2,,215.0,210-270
TAAGTGCTCTCGCATC-400.2.1,,280.0,270-330
GAACGGACAATTCCTT-r17,Body_wall_muscle,380.0,330-390
CACACCTGTGACAAAT-500.2.1,,590.0,580-650
GCACTCTAGCTCCCAG-300.1.1,Body_wall_muscle,350.0,330-390
GTCTCGTAGACCGGAT-500.2.2,Body_wall_muscle,490.0,450-510
ACTTACTTCCGCATCT-300.1.3,Body_wall_muscle,300.0,270-330
GATGCTATCGCCAGCA-b01,,195.0,170-210
TACTCGCAGCGATATA-500.2.1,,375.0,330-390
CGTCCATTCCTGTACC-400.2.3,,310.0,270-330
AACCATGAGGCGATAC-b02,,230.0,210-270
TGAGCCGTCAAGATCC-r17,,200.0,170-210
ATTGGTGTCTATCCCG-500.1.1,Body_wall_muscle,450.0,450-510
GCTTCCACAAGCCATT-500.2.2,Hypodermis,640.0,580-650
TCAGCTCTCGGTTCGG-r17,,190.0,170-210
GCTGCTTCAGTGGGAT-300.1.1,Hypodermis,350.0,330-390
GACGGCTCATTCACTT-b01,,345.0,330-390
CTCAGAAAGTGTTAGA-400.2.1,Body_wall_muscle,385.0,330-390
CAACTAGTCCCTCAGT-b01,,190.0,170-210
CTTACCGAGAGTAAGG-400.2.2,Ciliated_non_amphid_neuron,490.0,450-510
CATGGCGGTTGCGCAC-b01,,355.0,330-390
GTCTTCGAGTACATGA-b01,Body_wall_muscle,420.0,390-450
GGGACCTCACCTCGGA-b01,,405.0,390-450
CGAATGTCACGGTAGA-500.2.1,,640.0,580-650
GATCAGTCAACACCTA-500.2.1,Ciliated_amphid_neuron,410.0,390-450
CAGGTGCAGCCACGCT-400.2.2,Ciliated_amphid_neuron,345.0,330-390
TCAACGAGTACAGCAG-500.2.2,Body_wall_muscle,385.0,330-390
CGATGGCGTCTCTTTA-300.1.2,,180.0,170-210
CATTCGCTCCAACCAA-300.1.2,Hypodermis,300.0,270-330
GCGCAGTAGTCTCGGC-r17,,300.0,270-330
ACTGTCCTCGCCTGAG-400.2.3,Ciliated_amphid_neuron,360.0,330-390
GTTACAGAGACAAGCC-b01,Body_wall_muscle,325.0,270-330
CTAGCCTCACACCGAC-300.1.2,Hypodermis,335.0,330-390
CCCATACAGGACGAAA-300.1.2,,305.0,270-330
TGTTCCGTCACGCGGT-b01,Arcade_cell,550.0,510-580
CATATGGCACACTGCG-500.2.2,Glia,430.0,390-450
AAGGCAGAGGACAGAA-400.2.2,,435.0,390-450
GTCATTTTCCTGCCAT-500.1.2,,165.0,130-170
TTGAACGCAAAGCGGT-500.2.2,,375.0,330-390
AGTTGGTAGCTCAACT-500.2.1,Ciliated_amphid_neuron,450.0,450-510
TTGACTTGTAGTACCT-500.2.2,Body_wall_muscle,420.0,390-450
CGAGAAGGTGCCTGCA-400.2.1,,215.0,210-270
AGCTCTCTCGCTTGTC-300.1.3,,230.0,210-270
TCAGGTAAGGGATGGG-500.2.1,,630.0,580-650
CCCAGTTGTGCGCTTG-500.1.2,Ciliated_amphid_neuron,640.0,580-650
GTGCGGTGTTGGAGGT-500.1.1,,350.0,330-390
CTACACCGTTTGGGCC-b01,Pharyngeal_neuron,355.0,330-390
AAAGCAACAATGGAGC-300.1.2,Seam_cell,300.0,270-330
AAGTCTGAGACACTAA-400.2.2,Hypodermis,350.0,330-390
CACAGGCAGTGTCCAT-300.1.1,,230.0,210-270
CGAGCACGTTAGTGGG-400.2.1,,270.0,270-330
CAACCTCGTCAATGTC-500.1.1,Body_wall_muscle,450.0,450-510
AGTGGGACAGTTCATG-500.1.1,Ciliated_non_amphid_neuron,550.0,510-580
GTAGTCAAGGTCGGAT-b01,Glia,355.0,330-390
TCACAAGAGCACACAG-400.2.1,,220.0,210-270
ACGAGGAAGGGTCGAT-b02,Pharyngeal_neuron,210.0,210-270
AACTGGTTCCCAAGTA-b01,,170.0,170-210
CTCGAGGTCACTTACT-b01,Pharyngeal_neuron,320.0,270-330
GTGCTTCGTCTGCCAG-b01,Body_wall_muscle,400.0,390-450
GCCTCTAGTCTGGAGA-400.2.3,,275.0,270-330
ACTGAACGTCGCTTTC-500.1.2,,425.0,390-450
AACTGGTAGGGCTTCC-400.2.1,Body_wall_muscle,215.0,210-270
AGAGCTTTCTCGTATT-400.2.3,Intestinal_and_rectal_muscle,470.0,450-510
AGCCTAATCTTATCTG-500.2.1,Seam_cell,490.0,450-510
TGTGGTACAATAGAGT-b01,,180.0,170-210
CCTTCGAGTCCGAGTC-500.1.1,Body_wall_muscle,640.0,580-650
GGACGTCGTATCAGTC-500.1.2,,420.0,390-450
GTACTTTGTAGGGTAC-500.2.2,Intestine,700.0,> 650
GTGGGTCTCGTTACAG-500.1.1,Ciliated_amphid_neuron,350.0,330-390
AGAGCTTGTAAACCTC-400.2.2,,265.0,210-270
CACACCTAGCGACGTA-r17,Z1_Z4,830.0,> 650
GCTGGGTCATTACCTT-500.2.2,Pharyngeal_muscle,410.0,390-450
ACACCAAGTCTAGGTT-b01,Coelomocyte,365.0,330-390
AACTTTCAGCGTTTAC-500.1.3,,365.0,330-390
GTGCTTCAGGGCATGT-400.2.1,Intestinal_and_rectal_muscle,345.0,330-390
GTAACTGAGATCTGCT-b01,Glia,490.0,450-510
CCCAGTTAGGGATCTG-300.1.1,Hypodermis,390.0,390-450
GGAGCAATCGCTTAGA-300.1.2,Body_wall_muscle,390.0,390-450
AGGGATGTCCCAAGAT-300.1.3,Pharyngeal_muscle,270.0,270-330
CCTTTCTCAGCCACCA-500.2.1,,435.0,390-450
GCTTGAAGTTGGACCC-400.2.2,,280.0,270-330
CATTATCAGTGGAGAA-500.2.2,Intestinal_and_rectal_muscle,490.0,450-510
CAGCGACTCCCAACGG-b02,Ciliated_amphid_neuron,280.0,270-330
CGGAGTCGTACACCGC-500.2.2,Body_wall_muscle,420.0,390-450
TCAACGAAGGATGCGT-400.2.1,Hypodermis,350.0,330-390
TGCACCTGTATAGTAG-500.1.2,Glia,400.0,390-450
GCTGGGTAGAACTCGG-500.1.1,Glia,500.0,450-510
CAGCATATCCATGCTC-b01,Body_wall_muscle,510.0,510-580
TGGCTGGCATCCCACT-500.1.1,Body_wall_muscle,390.0,390-450
ACGTCAATCATGTAGC-500.2.1,Intestine,780.0,> 650
GCACTCTGTTATGTGC-r17,Hypodermis,320.0,270-330
ATCATCTGTTCCACGG-400.2.3,Body_wall_muscle,320.0,270-330
ATGGGAGCACAACGTT-300.1.3,Hypodermis,410.0,390-450
CTAGAGTGTACCATCA-400.2.2,,270.0,270-330
TCGGTAAAGACAGAGA-400.2.2,,380.0,330-390
CGCGTTTCAGACGTAG-r17,Ciliated_non_amphid_neuron,635.0,580-650
TTGGCAACAATGGATA-300.1.1,,290.0,270-330
TCACGAACAAGGTGTG-b01,Seam_cell,700.0,> 650
TTCGGTCTCGCATGAT-r17,,130.0,130-170
GGGAATGCATGGTTGT-400.2.2,Pharyngeal_neuron,300.0,270-330
GAATAAGTCTCTAGGA-500.1.1,,625.0,580-650
TCACAAGGTGGAAAGA-400.2.3,Hypodermis,295.0,270-330
GGGAATGGTTAAGACA-400.2.1,,270.0,270-330
GTTCATTGTTGAGGTG-400.2.1,,335.0,330-390
CGATGGCTCGTTGACA-500.2.1,Intestine,420.0,390-450
GTTACAGGTGTGCCTG-500.2.2,Hypodermis,640.0,580-650
AGTAGTCCATCAGTCA-b01,Hypodermis,620.0,580-650
CGTCACTCATTGTGCA-400.2.1,,170.0,170-210
GGCTCGAGTTTGGCGC-b01,,190.0,170-210
TCAACGAGTTCGTGAT-r17,,175.0,170-210
TAGTTGGAGTCTCGGC-400.2.3,,270.0,270-330
ACGATGTCAATGGTCT-300.1.3,,280.0,270-330
TTTGCGCGTTGGTGGA-400.2.2,Ciliated_non_amphid_neuron,260.0,210-270
GGGATGATCAACACGT-300.1.2,,285.0,270-330
CGCTATCGTAGAGTGC-400.2.1,Body_wall_muscle,335.0,330-390
GGGAATGTCATCGGAT-400.2.3,Body_wall_muscle,360.0,330-390
GCTCTGTGTATGCTTG-500.2.1,Body_wall_muscle,420.0,390-450
CACATAGCAATAGCGG-300.1.3,Hypodermis,410.0,390-450
CGGGTCATCCTGCCAT-500.2.1,Body_wall_muscle,450.0,450-510
GGAATAACATAACCTG-300.1.1,GLR,350.0,330-390
TCGCGTTAGGGAACGG-b01,,190.0,170-210
AAACGGGCAGGTTTCA-300.1.1,,200.0,170-210
ATCTGCCGTCAGCTAT-400.2.3,Intestine,300.0,270-330
TCATTTGCAGATTGCT-500.1.1,Body_wall_muscle,420.0,390-450
GACACGCTCGAATGCT-r17,Arcade_cell,510.0,510-580
CAGCGACCATCTCGCT-b01,Pharyngeal_neuron,215.0,210-270
GAATGAAAGGTGGGTT-500.1.1,,320.0,270-330
CTACATTAGACTAGAT-400.2.3,,205.0,170-210
TGCCCATCAGGGTACA-500.2.1,Body_wall_muscle,750.0,> 650
CTGTGCTCACATTAGC-300.1.1,Body_wall_muscle,320.0,270-330
AACACGTGTCTTGTCC-r17,Hypodermis,320.0,270-330
GACTGCGAGGATGGAA-400.2.3,,270.0,270-330
TGGTTAGGTTAGTGGG-500.2.1,,510.0,510-580
CGATCGGCAAGGACTG-400.2.3,Pharyngeal_muscle,225.0,210-270
GAGGTGATCCACTCCA-400.2.3,Body_wall_muscle,350.0,330-390
CGCGGTAAGGGAACGG-400.2.2,Glia,390.0,390-450
AGGGTGATCGCCGTGA-400.2.1,Ciliated_amphid_neuron,270.0,270-330
GCGCAACAGTGCTGCC-b01,M_cell,410.0,390-450
AATCCAGCAAGTAATG-b02,,230.0,210-270
CTAGAGTAGTGGGCTA-r17,,15.0,< 100
CTACCCAGTTGGTTTG-r17,,145.0,130-170
GAATGAACACGTTGGC-400.2.3,,280.0,270-330
CGGTTAAGTACGCACC-400.2.2,Ciliated_amphid_neuron,325.0,270-330
AACCGCGGTAAGAGGA-b01,,170.0,170-210
GTAGGCCGTAGCGTAG-r17,Body_wall_muscle,380.0,330-390
GAACGGAGTAGATTAG-400.2.2,Pharyngeal_muscle,225.0,210-270
TTTGCGCAGTGGTAGC-300.1.1,Body_wall_muscle,370.0,330-390
GTCACAAAGGGCTTGA-500.2.1,Seam_cell,550.0,510-580
CTAGCCTTCCCGACTT-b02,Intestine,335.0,330-390
TTTGGTTTCGCCTGAG-300.1.2,ABarpaaa_lineage,190.0,170-210
CTACATTTCTTTAGGG-500.1.2,Hypodermis,490.0,450-510
ACGATGTAGATGTTAG-400.2.1,,230.0,210-270
GGACAGACAAGTCATC-300.1.3,Hypodermis,345.0,330-390
CGTCTACCAATCTACG-r17,Hypodermis,290.0,270-330
CATCCACGTTCCCTTG-400.2.3,Pharyngeal_marginal_cell,300.0,270-330
GGAGCAACATAGAAAC-500.2.2,Seam_cell,510.0,510-580
CTGCGGAGTAGCGCTC-400.2.3,Ciliated_non_amphid_neuron,375.0,330-390
CGCGTTTAGCCATCGC-500.2.1,,395.0,390-450
CCTACACCAGTGGGAT-500.2.1,Pharyngeal_neuron,360.0,330-390
ACTGAACAGTTTGCGT-500.2.1,Hypodermis,430.0,390-450
CGCCAAGTCTGCTGTC-500.2.2,Seam_cell,490.0,450-510
ACACCGGTCACAGTAC-300.1.2,,245.0,210-270
ATTTCTGAGTGCCAGA-r17,,270.0,270-330
TTTACTGCATATGCTG-r17,,300.0,270-330
CCCAGTTAGACAAGCC-300.1.3,Hypodermis,385.0,330-390
CGGACGTGTACATGTC-400.2.2,Body_wall_muscle,360.0,330-390
ACTGATGTCCAGAGGA-400.2.3,Body_wall_muscle,320.0,270-330
AAGGAGCGTACGCTGC-400.2.3,,355.0,330-390
TATCAGGTCCCTTGCA-300.1.2,,230.0,210-270
GGCGTGTGTGTTGAGG-500.1.3,Body_wall_muscle,640.0,580-650
CGAGCACAGTGGAGTC-300.1.1,Body_wall_muscle,260.0,210-270
CTACACCCACAACGTT-500.2.1,Seam_cell,700.0,> 650
CATTCGCGTAAATGAC-400.2.2,,350.0,330-390
ATCCGAAGTTAGTGGG-300.1.1,Pharyngeal_marginal_cell,300.0,270-330
CGGAGCTGTGTGACGA-b02,Body_wall_muscle,620.0,580-650
CAGATCAGTAGTGAAT-300.1.1,Seam_cell,300.0,270-330
GCTCTGTTCCCTGACT-500.2.2,Intestine,410.0,390-450
AAACGGGGTAGCACGA-b01,Ciliated_amphid_neuron,380.0,330-390
GAGCAGACACGTTGGC-400.2.3,Ciliated_non_amphid_neuron,400.0,390-450
CGCTTCAAGTGGGTTG-500.1.1,Ciliated_amphid_neuron,420.0,390-450
AGTAGTCCAGCTGCTG-400.2.2,Body_wall_muscle,350.0,330-390
ATCATGGCATAGTAAG-500.2.2,Seam_cell,450.0,450-510
CGATCGGCACAGATTC-500.2.2,Hypodermis,410.0,390-450
ATTATCCTCAAGATCC-300.1.2,Hypodermis,410.0,390-450
AACTGGTTCATACGGT-400.2.3,Hypodermis,410.0,390-450
TACGGATCATAAGACA-500.2.1,,350.0,330-390
ACTGTCCAGTGATCGG-b01,Ciliated_amphid_neuron,470.0,450-510
ACGATGTAGTGTCCAT-b01,,200.0,170-210
GTCATTTGTGTAACGG-500.1.1,Intestine,700.0,> 650
ACTTACTCATTTGCTT-400.2.2,Body_wall_muscle,300.0,270-330
TGGCTGGCAACACCTA-400.2.1,,210.0,210-270
GCCTCTAGTACCGAGA-400.2.3,Ciliated_non_amphid_neuron,350.0,330-390
TCAGCAAAGTACGTTC-300.1.2,,320.0,270-330
CCCAATCTCACTTCAT-300.1.3,Body_wall_muscle,400.0,390-450
TACTCGCGTAACGTTC-500.2.2,Seam_cell,490.0,450-510
ACTGAACAGTGGAGAA-400.2.3,Ciliated_amphid_neuron,265.0,210-270
GACGCGTAGCGATGAC-300.1.2,Pharyngeal_intestinal_valve,275.0,270-330
CGTCTACTCCGCATAA-500.1.1,Body_wall_muscle,510.0,510-580
CTCGAGGCATACGCTA-b02,Body_wall_muscle,310.0,270-330
ATAACGCAGTACGTAA-500.2.1,Pharyngeal_gland,370.0,330-390
GGGCACTCATTCCTCG-400.2.3,,270.0,270-330
ACGTCAAGTCAGAATA-400.2.1,Body_wall_muscle,420.0,390-450
CCCAATCAGGTGATTA-300.1.3,T,300.0,270-330
TGCGCAGCATCGGTTA-500.2.2,,420.0,390-450
CAGTAACAGTCAAGCG-300.1.2,Hypodermis,380.0,330-390
CAGCATAGTCCGTCAG-300.1.2,Body_wall_muscle,360.0,330-390
GACACGCGTAGCTTGT-300.1.2,Ciliated_non_amphid_neuron,270.0,270-330
ACATCAGTCTGTCTAT-400.2.3,,300.0,270-330
GATCGTAGTTCGAATC-r17,Hypodermis,270.0,270-330
CATTCGCCAGTATCTG-400.2.1,,245.0,210-270
CGGACACCACATTCGA-400.2.3,,335.0,330-390
AGCTTGACACCTGGTG-b01,,300.0,270-330
CGTAGCGGTTGTTTGG-500.2.2,,380.0,330-390
TGTGTTTGTTCACCTC-400.2.2,,365.0,330-390
CTCTAATCATACTACG-500.1.3,,345.0,330-390
GCGGGTTAGACCTAGG-500.1.2,,410.0,390-450
CCTTACGTCTCACATT-300.1.1,,320.0,270-330
GCCTCTAAGAACTCGG-b01,,215.0,210-270
AGGGTGATCTTTACGT-500.2.2,Hypodermis,375.0,330-390
CGAATGTTCAATCACG-400.2.3,,170.0,170-210
AGACGTTGTGTGCCTG-500.2.2,Hypodermis,630.0,580-650
AATCCAGAGCTGCGAA-b01,Ciliated_amphid_neuron,190.0,170-210
CCTAGCTCATGGGAAC-400.2.1,Seam_cell,300.0,270-330
ACTTGTTAGGACGAAA-300.1.3,,295.0,270-330
CTAGTGAGTGTTGGGA-400.2.2,,320.0,270-330
CTCGGAGGTCCCGACA-400.2.3,Ciliated_amphid_neuron,205.0,170-210
AGCCTAATCCTTGGTC-400.2.2,Ciliated_non_amphid_neuron,625.0,580-650
TTGCCGTCAAGAAAGG-r17,,270.0,270-330
CATCAAGGTTAAGAAC-400.2.2,,290.0,270-330
ATTGGACGTTCGTGAT-400.2.3,Body_wall_muscle,370.0,330-390
AACCATGTCATCGGAT-b01,,410.0,390-450
ACGATACAGGCCCGTT-r17,,280.0,270-330
CTCATTACATGCCTAA-400.2.2,Body_wall_muscle,160.0,130-170
GACTAACTCACTATTC-400.2.2,Pharyngeal_neuron,325.0,270-330
CTCGGGAGTCTTGCGG-300.1.1,Body_wall_muscle,260.0,210-270
CTACATTGTTGGAGGT-300.1.2,Ciliated_amphid_neuron,225.0,210-270
TTGCGTCCATTGAGCT-400.2.2,Seam_cell,335.0,330-390
CTACCCAGTATCACCA-500.2.1,Seam_cell,405.0,390-450
ATAGACCAGAAGATTC-b01,Ciliated_amphid_neuron,700.0,> 650
TCTTCGGGTACATGTC-400.2.2,Body_wall_muscle,405.0,390-450
GTCACGGAGAGGTAGA-400.2.3,,300.0,270-330
CTGCTGTCAGTCAGAG-500.2.1,,360.0,330-390
GGTGCGTGTTGGAGGT-400.2.3,,200.0,170-210
GTCAAGTGTAGCGTGA-300.1.3,,275.0,270-330
GACGTGCGTGAGTGAC-r17,,275.0,270-330
CCTACCATCGAACTGT-500.1.3,,375.0,330-390
GATCTAGCAGGTTTCA-500.1.1,Seam_cell,450.0,450-510
CAGCTGGGTCGACTGC-300.1.3,Pharyngeal_neuron,280.0,270-330
GACTACATCGCAGGCT-500.2.2,M_cell,830.0,> 650
AGGCCACCAATACGCT-b01,,205.0,170-210
CTGCCTATCTTTACAC-300.1.2,Pharyngeal_muscle,295.0,270-330
CTGTTTAGTCGAACAG-500.2.1,Intestine,450.0,450-510
GGGCATCTCAATCACG-500.2.2,Intestine,490.0,450-510
TCACAAGGTAGCGATG-r17,Hypodermis,300.0,270-330
TCAGCAACAGGTGCCT-b01,Ciliated_amphid_neuron,370.0,330-390
AGTGTCAAGTACCGGA-b01,,230.0,210-270
TGAAAGACAGAGTGTG-300.1.2,,300.0,270-330
TAAGAGATCAGGTAAA-r17,,390.0,390-450
AGGTCCGCAAAGAATC-300.1.3,,290.0,270-330
TAGGCATGTGAGTGAC-400.2.2,GLR,320.0,270-330
AGAGCTTCATGGTAGG-400.2.3,Ciliated_amphid_neuron,380.0,330-390
TACACGATCCTCATTA-400.2.2,,530.0,510-580
AACTCCCCACCCATTC-300.1.2,,320.0,270-330
TTATGCTTCAACGCTA-b01,Pharyngeal_marginal_cell,370.0,330-390
TGACAACTCAGTTTGG-300.1.1,Hypodermis,350.0,330-390
GTAACTGAGCTGTTCA-500.2.2,Pharyngeal_gland,640.0,580-650
ACTTTCATCCTTTACA-b01,,585.0,580-650
GGATTACCAGAGTGTG-b02,Pharyngeal_gland,620.0,580-650
ATCTACTAGAACTCGG-b01,,280.0,270-330
CCTCAGTCAATCCAAC-b02,Body_wall_muscle,530.0,510-580
GTGAAGGCAAGCGATG-400.2.3,,350.0,330-390
ACTGTCCGTGGACGAT-300.1.1,Hypodermis,295.0,270-330
GTTAAGCAGACAGACC-400.2.1,Intestine,350.0,330-390
CCTTTCTTCACCCGAG-500.2.1,Hypodermis,450.0,450-510
GTGGGTCCATCGATTG-300.1.2,Hypodermis,380.0,330-390
TACGGATCACCAGATT-500.2.2,,450.0,450-510
ATCTACTGTATTAGCC-500.2.2,Arcade_cell,630.0,580-650
TTTGGTTCAATAGAGT-400.2.3,Body_wall_muscle,450.0,450-510
GTCAAGTCACGAAAGC-400.2.2,Body_wall_muscle,470.0,450-510
GCATGATGTTCGTGAT-500.1.1,,450.0,450-510
TCTTCGGTCGCGGATC-300.1.2,Z1_Z4,400.0,390-450
TGCCAAAAGCGTCTAT-500.2.2,Intestine,700.0,> 650
AGCGGTCGTCTTGATG-500.1.2,Ciliated_amphid_neuron,450.0,450-510
GCTCTGTGTACAGCAG-300.1.3,Body_wall_muscle,320.0,270-330
TCCACACAGGACAGCT-400.2.1,Glia,390.0,390-450
CCCATACGTAAACACA-400.2.2,Pharyngeal_gland,490.0,450-510
CTTGGCTTCGTACGGC-300.1.1,Seam_cell,275.0,270-330
TGGTTCCTCGCTTGTC-400.2.1,Body_wall_muscle,450.0,450-510
CAGTCCTAGACTAGGC-400.2.3,,490.0,450-510
ATTCTACGTAATCGTC-400.2.3,,270.0,270-330
TTGCCGTGTCGATTGT-500.1.1,Body_wall_muscle,490.0,450-510
GCGCAACGTCTTCGTC-400.2.3,Hypodermis,430.0,390-450
CGTAGGCTCCTAAGTG-400.2.1,Body_wall_muscle,390.0,390-450
CAACCAAAGCCTTGAT-b01,,170.0,170-210
GCAGCCACAAGTTCTG-400.2.3,Body_wall_muscle,310.0,270-330
GATCGATGTAAGGGCT-400.2.2,Hypodermis,355.0,330-390
CTGAAGTGTACAGACG-400.2.1,,245.0,210-270
ATGGGAGCAAGCGAGT-b01,,225.0,210-270
TACTTGTAGAAACGCC-400.2.2,Pharyngeal_marginal_cell,340.0,330-390
AACTGGTAGTCTCCTC-b02,Ciliated_non_amphid_neuron,415.0,390-450
CACATTTAGTGAATTG-400.2.2,,280.0,270-330
GGCAATTCATTCCTCG-b01,,295.0,270-330
CGCCAAGGTCGACTGC-b01,,300.0,270-330
GTGAAGGAGTTATCGC-300.1.3,,300.0,270-330
GCTGCGAGTAGTACCT-300.1.1,Hypodermis,300.0,270-330
ATTGGTGCACAGGAGT-r17,Ciliated_non_amphid_neuron,305.0,270-330
ACCCACTAGAGACTTA-300.1.1,,270.0,270-330
TGAGGGAGTAAACACA-r17,Body_wall_muscle,440.0,390-450
AAACCTGTCGGAAACG-b01,,180.0,170-210
GTAACGTTCATTGCCC-500.1.1,,365.0,330-390
TTATGCTAGGCTAGGT-500.2.1,,700.0,> 650
CATATGGTCTCAACTT-400.2.3,Ciliated_non_amphid_neuron,420.0,390-450
TCTGAGAAGAGCCCAA-300.1.1,,260.0,210-270
TGACTAGGTATATCCG-500.2.2,,550.0,510-580
GGTATTGTCGAGAGCA-500.2.2,Seam_cell,490.0,450-510
CCCAGTTAGTATCTCG-300.1.2,,320.0,270-330
TCTTTCCCATTCACTT-b01,,310.0,270-330
TGGTTAGAGTGTACCT-400.2.3,,295.0,270-330
ACTATCTTCGGAGCAA-r17,,260.0,210-270
AGGGAGTTCTGTCTAT-500.2.2,Hypodermis,400.0,390-450
AGGTCATAGAGACTTA-b01,Glia,395.0,390-450
GGCCGATCAGGCGATA-400.2.1,Rectal_cell,320.0,270-330
AGCGGTCGTAGCTCCG-500.2.2,Hypodermis,630.0,580-650
CAGGTGCTCGACGGAA-500.2.2,Ciliated_non_amphid_neuron,620.0,580-650
GTGCGGTGTTACGTCA-r17,,220.0,210-270
TCCCGATGTAATCGTC-400.2.3,Hypodermis,395.0,390-450
GTAGTCAAGCACACAG-400.2.3,Hypodermis,340.0,330-390
CTTAACTGTTGATTCG-500.1.1,,490.0,450-510
ACATACGCACGACTCG-400.2.1,,180.0,170-210
CCGTGGAGTTGGTGGA-300.1.3,Hypodermis,320.0,270-330
ACAGCCGTCAGTTCGA-400.2.1,Body_wall_muscle,345.0,330-390
CAGCTGGAGCTAGGCA-500.1.1,Body_wall_muscle,420.0,390-450
CACAGGCAGTTGAGTA-400.2.2,Ciliated_amphid_neuron,320.0,270-330
GCCAAATCAATAACGA-500.1.1,,350.0,330-390
CATTCGCAGTTAACGA-r17,Coelomocyte,350.0,330-390
ATCATCTGTTTGACAC-400.2.2,,190.0,170-210
CGTCCATAGGACATTA-500.2.2,Seam_cell,415.0,390-450
AGCAGCCCACCCATGG-400.2.2,Hypodermis,350.0,330-390
CCTAGCTCAGCTATTG-b01,Body_wall_muscle,370.0,330-390
CTGCGGAGTTCATGGT-300.1.3,Ciliated_non_amphid_neuron,260.0,210-270
GCATGCGTCCGTTGTC-300.1.1,Body_wall_muscle,390.0,390-450
GTCTCGTGTTAGTGGG-400.2.3,Body_wall_muscle,410.0,390-450
GGCCGATAGGGCTTCC-500.1.3,Glia,450.0,450-510
CGGCTAGGTATGGTTC-b01,,435.0,390-450
ACTGTCCCAATAAGCA-400.2.2,Body_wall_muscle,380.0,330-390
TGGGAAGGTATAGGTA-300.1.1,Hypodermis,370.0,330-390
CTGCTGTTCTGATTCT-b01,Ciliated_amphid_neuron,450.0,450-510
GTACGTAGTGCACCAC-400.2.3,,260.0,210-270
CCTACCAGTCATCGGC-b01,,160.0,130-170
GGTGCGTCACATCCAA-300.1.3,ABarpaaa_lineage,225.0,210-270
CGACCTTGTGGGTCAA-300.1.1,Body_wall_muscle,320.0,270-330
CAGTCCTGTACCGTAT-300.1.3,,210.0,210-270
AGTGAGGCAGACACTT-300.1.3,Pharyngeal_muscle,275.0,270-330
GGCTGGTGTATTAGCC-b01,Glia,550.0,510-580
TGGCGCAGTAAACCTC-400.2.2,,200.0,170-210
CGCTATCCATACCATG-300.1.3,Hypodermis,300.0,270-330
TTGCGTCCAGGATCGA-b02,,470.0,450-510
GAGGTGACATAAGACA-300.1.3,,290.0,270-330
TCGCGTTCAGTCACTA-500.1.2,,335.0,330-390
TTCTTAGTCAACCATG-500.1.1,Body_wall_muscle,490.0,450-510
TGCGCAGTCTCATTCA-400.2.3,,290.0,270-330
GTTCTCGGTAAGTTCC-400.2.2,Body_wall_muscle,385.0,330-390
GCAGTTATCGGCATCG-b01,Body_wall_muscle,550.0,510-580
CTCACACTCAGCACAT-b02,Glia,440.0,390-450
ATCATGGCACATCCGG-300.1.1,,175.0,170-210
CCGTGGAAGGCTCATT-300.1.2,Body_wall_muscle,420.0,390-450
CTGCTGTAGACTTGAA-b01,,550.0,510-580
GATCGTAGTGTGACCC-500.2.2,Hypodermis,450.0,450-510
AGAATAGTCTCGCATC-500.2.2,Pharyngeal_muscle,390.0,390-450
AGCTCTCCAACGCACC-300.1.1,,270.0,270-330
TAGAGCTCACTATCTT-300.1.3,,300.0,270-330
GGAACTTTCGGCGCTA-300.1.2,Ciliated_non_amphid_neuron,220.0,210-270
AGACGTTAGTGGTAGC-300.1.3,Body_wall_muscle,420.0,390-450
GGCTGGTGTGTCAATC-b01,Body_wall_muscle,360.0,330-390
CGTGAGCAGGCCATAG-400.2.1,Ciliated_non_amphid_neuron,260.0,210-270
ACGGCCAAGCCCAGCT-300.1.1,,260.0,210-270
CGTGTAATCCAACCAA-500.2.2,Body_wall_muscle,550.0,510-580
ACTGAGTGTGATGTGG-400.2.3,,270.0,270-330
TTATGCTCAAAGGAAG-b01,,460.0,450-510
GTCGGGTTCGCCTGAG-b01,Body_wall_muscle,390.0,390-450
CTAACTTCAGGGCATA-400.2.1,,200.0,170-210
CTCGAAAGTGCACGAA-400.2.2,Ciliated_non_amphid_neuron,325.0,270-330
CACAAACAGACTCGGA-500.2.1,Body_wall_muscle,490.0,450-510
TCCCGATGTACTCTCC-400.2.2,Body_wall_muscle,350.0,330-390
CTAGTGACATAACCTG-300.1.2,Ciliated_amphid_neuron,260.0,210-270
AGTAGTCAGCCGTCGT-r17,,275.0,270-330
CCTCAGTGTGCCTGGT-r17,,100.0,100-130
GCGCAGTTCACCACCT-b01,,220.0,210-270
GTACTCCCACGCCAGT-400.2.2,Body_wall_muscle,330.0,330-390
GGCTCGAGTCACTGGC-500.2.2,Hypodermis,490.0,450-510
CACACTCTCTGGTGTA-500.2.2,Hypodermis,410.0,390-450
ATTTCTGAGGTGATAT-400.2.3,,245.0,210-270
GTGTTAGCACGAAATA-500.2.1,Body_wall_muscle,700.0,> 650
CTCGAAAAGCCTTGAT-500.2.2,,350.0,330-390
TACTTGTTCCTTAATC-500.1.2,,365.0,330-390
TATTACCTCACAACGT-400.2.3,Hypodermis,300.0,270-330
GAACATCAGTACGATA-b01,,120.0,100-130
CATATGGTCCCGACTT-r17,Body_wall_muscle,375.0,330-390
CGAGCCAGTTGGTAAA-300.1.2,Pharyngeal_neuron,300.0,270-330
GGATGTTTCTTGCAAG-500.2.1,,620.0,580-650
CCCTCCTTCGTATCAG-r17,Body_wall_muscle,245.0,210-270
GTCTTCGTCTGTGCAA-b02,,230.0,210-270
AGCGTATGTCTTGTCC-500.2.1,Body_wall_muscle,550.0,510-580
ACACCCTCACGGCGTT-400.2.2,Body_wall_muscle,360.0,330-390
ACGTCAATCCGTAGTA-300.1.2,,320.0,270-330
AGTGGGAAGGACACCA-r17,hyp1V_and_ant_arc_V,390.0,390-450
ACCCACTTCTGCGGCA-r17,,360.0,330-390
CATTCGCGTATATGAG-500.1.1,Seam_cell,550.0,510-580
TGCCCATAGTATCTCG-300.1.3,,230.0,210-270
TCACGAACAGAGTGTG-500.1.1,,550.0,510-580
TTATGCTAGCACAGGT-400.2.1,,295.0,270-330
AGTAGTCGTTCGAATC-400.2.1,,190.0,170-210
CAACTAGTCACATACG-500.2.1,Hypodermis,530.0,510-580
CATATTCCACGAGGTA-300.1.2,Body_wall_muscle,350.0,330-390
GTACTCCAGGATGGTC-300.1.3,,290.0,270-330
AACTGGTGTAGCGCTC-300.1.1,Hypodermis,340.0,330-390
TCAATCTAGTCGTTTG-r17,,170.0,170-210
CAAGAAACAGGAACGT-300.1.1,,260.0,210-270
ACACCGGAGTGGACGT-400.2.3,Body_wall_muscle,410.0,390-450
GAATAAGTCATCTGTT-b01,Seam_cell,490.0,450-510
CTACACCCAGGCTCAC-300.1.3,Pharyngeal_muscle,350.0,330-390
CACACCTGTCCAGTAT-b01,,190.0,170-210
TAGTTGGAGGTGATAT-400.2.3,Body_wall_muscle,390.0,390-450
CGCCAAGCATTGGGCC-400.2.3,Seam_cell,450.0,450-510
TCACAAGCATAGTAAG-500.1.2,hmc_and_homolog,350.0,330-390
AAGACCTGTGTTTGTG-400.2.3,Ciliated_non_amphid_neuron,450.0,450-510
CTCGAAATCTGATACG-300.1.2,,260.0,210-270
TTAACTCTCACAAACC-400.2.2,,275.0,270-330
TAAACCGAGCTCCCAG-r17,,350.0,330-390
CTCGTACAGTGGTCCC-b01,,170.0,170-210
CGACTTCTCGGAAATA-b01,,190.0,170-210
AAAGATGCATTACGAC-300.1.2,Body_wall_muscle,350.0,330-390
TGACTAGAGTCTTGCA-b01,Pharyngeal_neuron,190.0,170-210
GACGCGTTCTATCGCC-400.2.3,,210.0,210-270
AGTTGGTTCGCGGATC-400.2.2,Ciliated_non_amphid_neuron,245.0,210-270
TGACTAGGTAATCGTC-b01,,280.0,270-330
ATCATGGGTCCATCCT-300.1.1,,230.0,210-270
TCAACGAAGATCGATA-500.2.1,Pharyngeal_muscle,550.0,510-580
TACCTTAAGGCCCGTT-b01,,270.0,270-330
TACCTATAGCAGACTG-b01,Body_wall_muscle,330.0,330-390
CTCATTAAGCAGCGTA-300.1.3,Ciliated_amphid_neuron,260.0,210-270
CAGTAACCACTGAAGG-400.2.3,Pharyngeal_intestinal_valve,275.0,270-330
TCAGGATTCTGCAAGT-400.2.3,,260.0,210-270
ACATGGTTCTCGCTTG-400.2.3,,230.0,210-270
GAATGAACACTCGACG-500.1.1,Coelomocyte,410.0,390-450
TGTTCCGAGACAGACC-300.1.1,,200.0,170-210
TCGCGAGGTCGCATCG-500.1.1,,365.0,330-390
ATAGACCGTGGTAACG-500.2.2,Intestinal_and_rectal_muscle,640.0,580-650
ACCAGTACACAGCCCA-r17,,185.0,170-210
TCAGGATTCGCCTGAG-500.1.1,,405.0,390-450
CCTAAAGCAGTCCTTC-400.2.2,Body_wall_muscle,350.0,330-390
TTTACTGGTCTTGTCC-500.2.2,Ciliated_amphid_neuron,700.0,> 650
TGCGCAGAGCCAGGAT-500.2.2,Excretory_gland,520.0,510-580
TTTCCTCAGATGCGAC-400.2.1,Ciliated_non_amphid_neuron,420.0,390-450
CCTAGCTCATGATCCA-b02,,250.0,210-270
TGGTTAGTCTCTAGGA-b01,,230.0,210-270
ACAGCCGCATTAACCG-500.2.1,,360.0,330-390
GGATTACCAATTCCTT-b02,,230.0,210-270
GACGTTAGTAAGAGAG-r17,,530.0,510-580
CGCTGGAGTCTCACCT-400.2.1,Pharyngeal_muscle,220.0,210-270
CATGCCTTCGCCATAA-400.2.3,,165.0,130-170
TTCTCCTTCAATACCG-300.1.1,,260.0,210-270
AAAGCAATCAGTTAGC-b01,Pharyngeal_marginal_cell,290.0,270-330
CTTAGGATCGCTTGTC-500.2.1,Seam_cell,490.0,450-510
GCGAGAACAAACCTAC-500.2.2,Arcade_cell,550.0,510-580
CGCTTCAGTCGCGGTT-500.2.2,Pharyngeal_gland,640.0,580-650
TGACTAGCAGTTTACG-300.1.3,Body_wall_muscle,350.0,330-390
ACGGGCTTCTGCGACG-r17,Hypodermis,260.0,210-270
AAGGAGCAGTGGGATC-300.1.2,,200.0,170-210
CTCTAATTCGCCTGTT-400.2.1,,260.0,210-270
CGGCTAGTCAACGGCC-400.2.3,Body_wall_muscle,450.0,450-510
AGCTTGAGTTTGTTTC-500.2.2,Pharyngeal_muscle,380.0,330-390
CCATTCGTCGTAGATC-400.2.1,Seam_cell,385.0,330-390
CCCTCCTAGACATAAC-r17,,265.0,210-270
GAGCAGATCATCACCC-400.2.3,,350.0,330-390
ATGGGAGTCAACCATG-500.2.2,Rectal_gland,635.0,580-650
AGAGTGGGTTTACTCT-b01,,325.0,270-330
TACACGAAGGATGGAA-b01,,300.0,270-330
CACACTCGTGCCTGGT-300.1.3,Seam_cell,320.0,270-330
AAACCTGTCCTTGGTC-300.1.3,Body_wall_muscle,285.0,270-330
ATTGGTGTCCTAGGGC-300.1.1,,265.0,210-270
GAAATGATCCAGTAGT-400.2.3,,280.0,270-330
TATGCCCGTTGGTTTG-500.2.1,Ciliated_amphid_neuron,470.0,450-510
TACACGATCAAGATCC-300.1.1,Body_wall_muscle,360.0,330-390
ACGTCAACAGACAGGT-300.1.1,,280.0,270-330
ACGCCAGCATTCGACA-400.2.2,Body_wall_muscle,345.0,330-390
TGACTTTCATCTGGTA-300.1.1,,270.0,270-330
TGTTCCGGTACGCACC-300.1.3,Hypodermis,300.0,270-330
ACAGCCGCATTCTCAT-500.2.2,Seam_cell,420.0,390-450
GCTGCGACAGATCTGT-300.1.3,,270.0,270-330
CTACCCAAGACTTGAA-500.2.2,,625.0,580-650
ACACCGGCATACTCTT-400.2.1,Body_wall_muscle,350.0,330-390
TTCCCAGAGGGAACGG-400.2.3,Body_wall_muscle,410.0,390-450
TTTGTCAAGGTGGGTT-500.1.1,Ciliated_amphid_neuron,700.0,> 650
GACCTGGCAGCTGTGC-300.1.1,Hypodermis,300.0,270-330
GGTGCGTAGAAACCTA-400.2.2,Body_wall_muscle,300.0,270-330
TTTCCTCCACATTAGC-500.1.2,,350.0,330-390
GCTGCAGAGAACTCGG-b01,,635.0,580-650
CAGAATCGTGAAGGCT-400.2.1,Seam_cell,300.0,270-330
CGTTGGGTCCCTCAGT-r17,,200.0,170-210
TCTGGAACAGATCTGT-r17,,260.0,210-270
CTAGTGACACAGTCGC-400.2.1,ABarpaaa_lineage,320.0,270-330
CATTATCGTCATATCG-500.1.2,M_cell,410.0,390-450
CGAACATTCTGATACG-500.1.1,Ciliated_non_amphid_neuron,345.0,330-390
GTCTTCGTCTAGAGTC-400.2.3,,205.0,170-210
TGCGCAGGTCTAGTCA-500.1.2,Ciliated_amphid_neuron,405.0,390-450
CTCACACCAAGTTAAG-r17,Hypodermis,410.0,390-450
TTCTCCTTCCGCGTTT-r17,,200.0,170-210
TGAGCATTCCTCCTAG-r17,,200.0,170-210
GCGCAACCAGCTGTAT-300.1.2,,260.0,210-270
ATAAGAGAGTCCATAC-r17,,195.0,170-210
AGTGAGGCAGCTATTG-r17,GLR,400.0,390-450
ACTTTCATCAACCATG-r17,,420.0,390-450
GGGCATCCAGAAGCAC-r17,,350.0,330-390
TGCGTGGCACATGTGT-400.2.3,Body_wall_muscle,350.0,330-390
TGGCGCAGTAACGACG-b02,Body_wall_muscle,385.0,330-390
CGTTAGACAATAAGCA-500.2.1,Ciliated_amphid_neuron,500.0,450-510
TACTCGCCAACCGCCA-r17,,170.0,170-210
TCATTACCAGTAACGG-400.2.2,,300.0,270-330
ACGGGCTAGACCGGAT-r17,Body_wall_muscle,285.0,270-330
CTTAACTTCCTTTCTC-b01,Ciliated_non_amphid_neuron,360.0,330-390
TGGGAAGAGTCTCCTC-500.2.2,Hypodermis,410.0,390-450
ATCACGACATCCGTGG-b01,,230.0,210-270
ACCCACTGTACCTACA-500.2.2,Ciliated_amphid_neuron,665.0,> 650
GTGGGTCTCCGCGGTA-400.2.2,,300.0,270-330
GGACAGAGTACGCTGC-500.1.2,Excretory_gland,415.0,390-450
GGCAATTGTAGAAAGG-b01,,260.0,210-270
CACTCCATCATTCACT-500.2.2,Body_wall_muscle,670.0,> 650
GGATTACAGGCAAAGA-b01,,375.0,330-390
CAGCATACATACGCCG-b02,Germline,830.0,> 650
GTCCTCAAGAGGGATA-300.1.3,,290.0,270-330
CAGCGACAGCGTGTCC-300.1.1,,190.0,170-210
CATCGGGCATCGGACC-400.2.3,,180.0,170-210
TTCTCCTGTCGCATCG-400.2.1,Body_wall_muscle,345.0,330-390
TGCACCTAGTTGTCGT-300.1.2,Ciliated_amphid_neuron,360.0,330-390
AGAATAGAGCCACCTG-400.2.2,,270.0,270-330
ACTTGTTAGTGTTAGA-400.2.1,,230.0,210-270
AATCCAGAGCAAATCA-r17,Body_wall_muscle,500.0,450-510
CGTTAGAAGTACCGGA-500.2.1,Seam_cell,405.0,390-450
CACATAGAGTCGAGTG-b01,Ciliated_non_amphid_neuron,440.0,390-450
CGACCTTGTAGTACCT-500.2.1,Hypodermis,630.0,580-650
GAACATCAGATCACGG-400.2.1,Seam_cell,330.0,330-390
TGAGCATCAATGGATA-500.2.2,,450.0,450-510
TGCCAAAAGACACGAC-400.2.1,Hypodermis,450.0,450-510
CGGACACTCGTTTGCC-b01,,150.0,130-170
CTGCGGATCATGCAAC-300.1.1,Body_wall_muscle,355.0,330-390
GTAGGCCAGGAGCGTT-500.1.1,Body_wall_muscle,450.0,450-510
AACCATGCAGCATGAG-r17,,160.0,130-170
GTACGTACATGAAGTA-300.1.2,hmc_and_homolog,360.0,330-390
ACGGGTCAGAAGGTTT-400.2.3,Pharyngeal_muscle,360.0,330-390
ATGCGATCACAGACTT-500.2.2,Rectal_cell,550.0,510-580
ATCATCTCAGTTCCCT-500.2.2,Body_wall_muscle,750.0,> 650
CACAAACGTAGCGTGA-400.2.3,,200.0,170-210
TTCTACAGTACAGTGG-400.2.3,Body_wall_muscle,450.0,450-510
AACTCAGAGGCTCATT-300.1.2,,195.0,170-210
GAATGAATCCATTCTA-400.2.2,Body_wall_muscle,520.0,510-580
GATGCTAAGTGTTTGC-400.2.1,Body_wall_muscle,490.0,450-510
AACCATGGTGTATGGG-300.1.1,Pharyngeal_neuron,295.0,270-330
TGGACGCTCTTTACGT-400.2.2,Ciliated_amphid_neuron,360.0,330-390
GTACTCCGTTCCACAA-b02,,275.0,270-330
GTCGGGTGTTTGGGCC-b01,,130.0,130-170
GTCGTAACATCGACGC-400.2.2,,210.0,210-270
CGGTTAAGTCTCATCC-400.2.3,,330.0,330-390
CACACCTCACGAAATA-b01,,240.0,210-270
AGCTTGAGTAGCTGCC-400.2.3,,270.0,270-330
ATCACGAGTACTTGAC-300.1.1,,330.0,330-390
CTCGGGATCGTCGTTC-b02,Ciliated_non_amphid_neuron,585.0,580-650
TGCACCTCAAGTCATC-500.2.2,,700.0,> 650
GTCGTAAAGACAAGCC-500.2.2,Ciliated_amphid_neuron,635.0,580-650
ACGGCCATCTGATACG-r17,Hypodermis,450.0,450-510
AAATGCCGTATTACCG-500.2.1,Seam_cell,510.0,510-580
AACTCAGGTAGAAGGA-400.2.3,Intestinal_and_rectal_muscle,375.0,330-390
CCTAGCTTCTGTGCAA-500.1.1,Ciliated_non_amphid_neuron,425.0,390-450
GTCACAATCCATGCTC-400.2.1,Pharyngeal_neuron,310.0,270-330
ACACCGGAGCGTTTAC-300.1.3,,340.0,330-390
ACGGAGAGTGTTGAGG-b01,Body_wall_muscle,450.0,450-510
TCGTAGATCCGTTGTC-300.1.3,Body_wall_muscle,300.0,270-330
ACACTGAGTCACTTCC-400.2.3,Pharyngeal_marginal_cell,350.0,330-390
GATCGTATCACCAGGC-300.1.2,Pharyngeal_marginal_cell,290.0,270-330
ACACCCTCAAGTTGTC-500.2.2,Seam_cell,420.0,390-450
GCTGGGTCACGGATAG-300.1.2,Body_wall_muscle,275.0,270-330
GGTGAAGGTGCTTCTC-400.2.2,Ciliated_amphid_neuron,220.0,210-270
CCACCTAAGTGTTGAA-300.1.3,Body_wall_muscle,350.0,330-390
GCAAACTTCACTCCTG-300.1.1,Seam_cell,340.0,330-390
GAAATGACAATGTAAG-r17,,85.0,< 100
ATTTCTGAGCGTTGCC-r17,,100.0,100-130
AGAGCGACACTGTGTA-r17,,10.0,< 100
TGGACGCGTACGACCC-b01,Pharyngeal_intestinal_valve,285.0,270-330
CTTTGCGTCCAAATGC-500.1.1,Body_wall_muscle,490.0,450-510
GCTGCTTAGGGCTCTC-r17,Body_wall_muscle,355.0,330-390
CTAGCCTTCTCGCATC-500.1.1,,320.0,270-330
CACACTCTCTGGAGCC-400.2.3,Parent_of_hyp1V_and_ant_arc_V,260.0,210-270
AAAGATGGTAAGCACG-r17,,230.0,210-270
AGCATACAGAGCTGCA-400.2.3,Excretory_gland,490.0,450-510
CTTGGCTTCCACGCAG-400.2.3,,220.0,210-270
CACTCCAAGCTACCTA-400.2.2,Hypodermis,360.0,330-390
CACATTTAGATATGGT-500.1.1,Body_wall_muscle,420.0,390-450
TGTGTTTAGTCTCAAC-400.2.1,Hypodermis,380.0,330-390
CAGCTGGCATTGCGGC-r17,,500.0,450-510
ATCTACTGTAGTAGTA-400.2.2,,380.0,330-390
GCTTCCAGTCGGGTCT-400.2.3,,270.0,270-330
GAGGTGACATGGAATA-500.1.1,Body_wall_muscle,420.0,390-450
TACTTGTAGAACAACT-b01,Pharyngeal_marginal_cell,350.0,330-390
TCAGATGAGTAGCCGA-500.2.2,,520.0,510-580
ATCTACTGTGGTAACG-500.2.2,hyp1V_and_ant_arc_V,420.0,390-450
CTCGAAATCGTTTATC-300.1.1,,270.0,270-330
GTACGTACACTGAAGG-400.2.1,Ciliated_non_amphid_neuron,365.0,330-390
TTCGAAGAGATGTAAC-300.1.1,Seam_cell,310.0,270-330
AGAGCTTGTGAAAGAG-300.1.3,,245.0,210-270
CTCGGAGCACCGAAAG-500.2.2,Intestine,410.0,390-450
ACGAGCCTCAATAAGG-r17,Body_wall_muscle,550.0,510-580
AATCCAGTCGAATCCA-r17,T,280.0,270-330
GGGATGAAGCTAAGAT-500.1.2,Pharyngeal_muscle,380.0,330-390
TGGGAAGTCGATGAGG-r17,Body_wall_muscle,345.0,330-390
CCATTCGTCGTTTATC-400.2.3,Hypodermis,335.0,330-390
AACTCAGTCTTGTTTG-300.1.1,GLR,320.0,270-330
TTGTAGGTCAGTGCAT-400.2.3,Hypodermis,360.0,330-390
TGTATTCAGCTAGTTC-300.1.2,Hypodermis,280.0,270-330
GGGCACTCAAACCCAT-500.2.2,,530.0,510-580
ACATCAGTCATTGCGA-400.2.1,,295.0,270-330
GCAATCATCAGAGGTG-b02,,290.0,270-330
TAGGCATAGGGCACTA-500.2.1,Body_wall_muscle,490.0,450-510
AGCGTATTCGGATGGA-400.2.1,Ciliated_amphid_neuron,295.0,270-330
GTAACTGAGACCACGA-400.2.1,Body_wall_muscle,390.0,390-450
CTGCCTAAGGCTAGGT-b02,Pharyngeal_intestinal_valve,550.0,510-580
CTGATCCTCAATAAGG-400.2.2,,260.0,210-270
GGATGTTAGACAGAGA-300.1.2,Hypodermis,320.0,270-330
ACTGAACTCCTTGGTC-b02,Pharyngeal_muscle,450.0,450-510
CGACTTCTCGCCCTTA-r17,,230.0,210-270
CTCGAAATCCCAAGAT-r17,,180.0,170-210
TCCCGATCATGTCCTC-500.1.1,,385.0,330-390
GGTGAAGTCACGCGGT-500.2.2,hmc,490.0,450-510
TGCACCTAGAGGTAGA-300.1.1,Ciliated_amphid_neuron,265.0,210-270
GTAGGCCCAAGCGCTC-500.2.2,Ciliated_non_amphid_neuron,380.0,330-390
AACCGCGTCCTTGACC-400.2.2,,170.0,170-210
AGATTGCGTACCGTTA-300.1.3,Body_wall_muscle,390.0,390-450
TGCACCTAGCTGCAAG-r17,Ciliated_amphid_neuron,440.0,390-450
AGCAGCCCAACGATCT-300.1.1,,320.0,270-330
GTCATTTGTAGTACCT-b01,,260.0,210-270
GCTTCCAGTCTCATCC-300.1.2,,230.0,210-270
TGAGAGGGTTGAGTTC-300.1.1,,350.0,330-390
CGATCGGGTCTTGTCC-500.2.2,,480.0,450-510
ATTACTCGTTCCTCCA-400.2.1,Excretory_gland,330.0,330-390
CAGTAACCATCGGTTA-300.1.3,Ciliated_amphid_neuron,230.0,210-270
TATCAGGCACTCGACG-400.2.2,Seam_cell,300.0,270-330
GGGAATGCAGACGCCT-500.1.1,Hypodermis,395.0,390-450
GCGCAGTCACCAGGCT-500.1.2,Ciliated_amphid_neuron,380.0,330-390
GTCTTCGCAGTTTACG-400.2.3,Ciliated_non_amphid_neuron,380.0,330-390
GGCTCGATCTTCATGT-500.1.1,Hypodermis,410.0,390-450
GTGGGTCCATCACAAC-300.1.1,Seam_cell,340.0,330-390
TCATTTGTCATTGCGA-400.2.3,,230.0,210-270
CCGTGGAGTTATGTGC-500.1.2,Ciliated_non_amphid_neuron,640.0,580-650
CGTTCTGAGCGTGTCC-500.2.2,Body_wall_muscle,700.0,> 650
GACGTTACAGGTCCAC-400.2.2,,265.0,210-270
ACTGCTCTCAATCTCT-500.2.1,Body_wall_muscle,450.0,450-510
ACGGGCTAGCTAGCCC-500.1.1,Hypodermis,490.0,450-510
CTGTTTATCGTAGGTT-300.1.1,,280.0,270-330
GTAGGCCAGCCTCGTG-500.1.1,Seam_cell,550.0,510-580
GTACGTAGTCGAATCT-500.2.1,Glia,700.0,> 650
CTGTTTACATGTTCCC-500.1.1,,405.0,390-450
CATGGCGCAGCCAATT-300.1.1,GLR,265.0,210-270
TCTTCGGCACCCATGG-b02,Body_wall_muscle,415.0,390-450
CAAGAAAGTCGCGGTT-400.2.1,,270.0,270-330
ATGGGAGAGGTACTCT-500.2.2,,520.0,510-580
CAAGGCCTCAGAAATG-500.2.1,Hypodermis,550.0,510-580
CCGTTCAGTAGCGCAA-r17,,225.0,210-270
AACCATGAGTGTGAAT-400.2.3,Seam_cell,260.0,210-270
TCAACGAGTGCAACGA-400.2.1,Ciliated_non_amphid_neuron,410.0,390-450
ATCTGCCCATTCGACA-r17,,190.0,170-210
GGACGTCGTCAACATC-300.1.3,Body_wall_muscle,350.0,330-390
TTATGCTAGGGATACC-r17,,170.0,170-210
TTCTACAAGACCTTTG-300.1.3,Hypodermis,370.0,330-390
ATCACGACAGATCGGA-b01,,285.0,270-330
CGAATGTTCTGATACG-500.2.1,,375.0,330-390
AGAGCGAAGGTGCAAC-b01,,245.0,210-270
CGCCAAGAGGCCCTCA-400.2.2,,280.0,270-330
ATCATGGAGAGCTATA-400.2.2,Body_wall_muscle,275.0,270-330
CAAGGCCAGTACGTAA-400.2.1,GLR,365.0,330-390
CATCGGGGTACCAGTT-b02,Ciliated_amphid_neuron,330.0,330-390
CATTCGCGTGGCAAAC-500.2.1,Hypodermis,415.0,390-450
TCAGGTAGTCTCTCGT-400.2.2,Body_wall_muscle,490.0,450-510
TGGGCGTCACGGCTAC-500.2.2,,190.0,170-210
TTCTACAGTCGACTAT-300.1.2,Hypodermis,420.0,390-450
TCCCGATAGGGAACGG-400.2.1,Hypodermis,380.0,330-390
TCGGGACCAATCGAAA-500.2.1,Pharyngeal_marginal_cell,420.0,390-450
GCTGGGTTCAGCTCTC-b01,,290.0,270-330
TGTGGTAAGCATGGCA-b02,Pharyngeal_marginal_cell,415.0,390-450
CACCACTGTTCGAATC-b01,,195.0,170-210
ACACCAACAGCTGTAT-300.1.3,Pharyngeal_muscle,300.0,270-330
GTTCATTGTCTCCACT-b01,Ciliated_amphid_neuron,630.0,580-650
TGGCCAGGTCGAAAGC-400.2.1,,340.0,330-390
AACTCTTCATATACCG-500.2.2,,370.0,330-390
GCCAAATAGAGCCTAG-400.2.1,Hypodermis,290.0,270-330
CACAGGCAGAGGTAGA-300.1.1,Pharyngeal_muscle,275.0,270-330
TCAGGATCAATAGCGG-400.2.1,Body_wall_muscle,320.0,270-330
GTTCGGGGTTCGAATC-r17,,260.0,210-270
TGCGCAGAGCACACAG-r17,Intestine,200.0,170-210
CTAATGGAGTTAGCGG-500.2.2,Body_wall_muscle,750.0,> 650
GTGGGTCCATCGGTTA-b01,,190.0,170-210
GAGTCCGTCTATCGCC-500.2.1,Hypodermis,510.0,510-580
AAAGATGCACAGTCGC-500.1.1,Body_wall_muscle,490.0,450-510
AGTAGTCAGATCCCGC-300.1.1,Pharyngeal_marginal_cell,350.0,330-390
CATGCCTTCCGCATAA-r17,Pharyngeal_muscle,295.0,270-330
GTGCATAAGGATGGAA-400.2.1,Hypodermis,300.0,270-330
GTGGGTCAGAATGTTG-b01,Hypodermis,640.0,580-650
ACACCGGGTGTGAATA-400.2.3,Body_wall_muscle,450.0,450-510
GACGCGTTCATTGCGA-500.2.2,Ciliated_amphid_neuron,700.0,> 650
TGCCAAATCGCCAGCA-500.1.3,Body_wall_muscle,490.0,450-510
ATTACTCTCCTTGACC-400.2.1,,410.0,390-450
TACCTTATCATCTGCC-300.1.3,,260.0,210-270
TCCACACGTGAACCTT-400.2.1,Intestinal_and_rectal_muscle,470.0,450-510
AGTGGGAAGAATCTCC-b01,Body_wall_muscle,500.0,450-510
AACTCAGTCAAGCCTA-300.1.2,GLR,260.0,210-270
CAGCAGCCAGACAAGC-500.2.1,,630.0,580-650
TTAACTCGTCATCGGC-500.1.1,Ciliated_non_amphid_neuron,380.0,330-390
TGGGAAGAGGTGACCA-500.2.1,Pharyngeal_muscle,365.0,330-390
CGTTAGAGTATAGTAG-400.2.2,,220.0,210-270
CGGACACTCTCAACTT-500.1.1,Glia,450.0,450-510
CTTCTCTCACATCTTT-500.1.3,hyp1V_and_ant_arc_V,450.0,450-510
CTCGAGGAGGACTGGT-500.2.2,Hypodermis,405.0,390-450
CTCTGGTTCCCTCTTT-400.2.1,,330.0,330-390
ACGCCAGCACACCGAC-300.1.3,,300.0,270-330
AGGTCATAGCACCGCT-500.1.3,Body_wall_muscle,450.0,450-510
CGGACACTCCTACAGA-400.2.1,Body_wall_muscle,420.0,390-450
CGTGTAAGTCATATCG-500.2.1,Ciliated_non_amphid_neuron,640.0,580-650
TCCACACAGCGAGAAA-400.2.2,Body_wall_muscle,390.0,390-450
CCTTCGAAGAAGGACA-400.2.2,,275.0,270-330
ATTACTCTCGAATGGG-500.2.1,Hypodermis,640.0,580-650
GTCAAGTCAGGAACGT-500.1.1,Coelomocyte,390.0,390-450
ACCTTTAGTCTCCACT-400.2.2,Intestine,330.0,330-390
AAACCTGAGGGCTCTC-300.1.1,,220.0,210-270
CTCTGGTTCTGGAGCC-300.1.1,Hypodermis,360.0,330-390
CAACCAAAGTCGCCGT-400.2.3,Body_wall_muscle,350.0,330-390
AACCGCGTCGTTACAG-300.1.2,,220.0,210-270
ACGGGCTAGTGTTTGC-r17,Coelomocyte,410.0,390-450
GGCGTGTCAATCCGAT-r17,,200.0,170-210
TTAACTCTCCTCAACC-b01,Hypodermis,300.0,270-330
GACAGAGCAACTGCGC-500.2.1,Seam_cell,620.0,580-650
GGAATAAGTGAGGCTA-400.2.1,,260.0,210-270
CTTGGCTGTCTGATTG-b01,Pharyngeal_muscle,350.0,330-390
GAAGCAGTCCCAGGTG-r17,Intestine,320.0,270-330
CTCGGAGGTGACTACT-400.2.2,Hypodermis,230.0,210-270
TGCCAAATCTCGATGA-500.2.1,,340.0,330-390
ATTTCTGGTTCGAATC-500.1.1,,385.0,330-390
GAGTCCGGTGACAAAT-400.2.2,,340.0,330-390
GGCCGATTCACTTCAT-300.1.2,Pharyngeal_muscle,260.0,210-270
ACTGAACCACTTGGAT-300.1.1,Body_wall_muscle,390.0,390-450
CGTTGGGTCCACTGGG-400.2.3,T,300.0,270-330
GATGAAACACATCTTT-400.2.3,,225.0,210-270
GTCTTCGTCAACACAC-r17,,180.0,170-210
TGGGAAGGTAATCACC-400.2.3,Ciliated_amphid_neuron,300.0,270-330
TGCGGGTGTAGAGGAA-500.2.1,Hypodermis,630.0,580-650
AATCCAGGTAGCAAAT-300.1.2,,270.0,270-330
TGATTTCAGCTAACAA-300.1.1,Body_wall_muscle,270.0,270-330
TGAGAGGAGTGGGCTA-500.1.1,Body_wall_muscle,425.0,390-450
GTCTTCGAGCAAATCA-400.2.2,,175.0,170-210
ACAGCTACAGCTATTG-500.1.3,Body_wall_muscle,500.0,450-510
CTTACCGGTTAAGACA-400.2.1,Body_wall_muscle,390.0,390-450
TAAGAGACACGAGAGT-500.2.2,Body_wall_muscle,440.0,390-450
CTCGGGAAGAATGTGT-500.2.2,Hypodermis,630.0,580-650
ACCAGTACACGCCAGT-400.2.3,Pharyngeal_muscle,360.0,330-390
TTCTCAAAGGGTCTCC-b01,,450.0,450-510
GTCGGGTTCAAAGTAG-r17,,100.0,100-130
CGGACTGCAAGACACG-500.1.1,Intestinal_and_rectal_muscle,350.0,330-390
TCAGCTCCATTTGCTT-400.2.2,,350.0,330-390
ATTATCCAGTCATGCT-400.2.1,Pharyngeal_gland,350.0,330-390
GTCACGGAGGCAGGTT-r17,Glia,340.0,330-390
TGCCCATTCGTACCGG-500.2.2,Body_wall_muscle,635.0,580-650
CTGGTCTGTGCATCTA-b01,Ciliated_non_amphid_neuron,620.0,580-650
ACGAGGACATCACGAT-b01,Ciliated_amphid_neuron,420.0,390-450
AAGGTTCGTCTAAACC-400.2.3,,330.0,330-390
TTTACTGAGGGTTTCT-400.2.3,,280.0,270-330
ACGCCAGAGGCGTACA-300.1.3,Seam_cell,320.0,270-330
ATCTGCCAGCCAGAAC-400.2.1,Hypodermis,300.0,270-330
CGGACACAGTCGCCGT-b01,Intestinal_and_rectal_muscle,470.0,450-510
CGCGTTTGTCTCTTAT-400.2.3,Ciliated_non_amphid_neuron,380.0,330-390
CCGTGGAAGAGCCTAG-400.2.1,,275.0,270-330
TCTTTCCTCAAACAAG-r17,,160.0,130-170
CATGCCTGTAAGTTCC-r17,Ciliated_non_amphid_neuron,275.0,270-330
TGCGGGTAGCTAGGCA-b01,,200.0,170-210
CACACTCCATACAGCT-500.1.1,Hypodermis,625.0,580-650
ATTGGACCACGGATAG-400.2.2,Ciliated_amphid_neuron,350.0,330-390
GCACATAAGTCTCAAC-300.1.3,Pharyngeal_marginal_cell,345.0,330-390
CATGGCGAGGGTGTGT-300.1.3,,265.0,210-270
CTCTACGAGAGTAAGG-400.2.3,Ciliated_amphid_neuron,280.0,270-330
GAACGGAGTCATACTG-r17,Hypodermis,320.0,270-330
CGGAGCTCATCGGACC-500.2.2,Intestine,450.0,450-510
AGGGATGTCGCCGTGA-r17,,480.0,450-510
GTTTCTAGTGGCCCTA-r17,,160.0,130-170
AGCCTAAGTCCAGTTA-500.2.2,Hypodermis,350.0,330-390
TTAGTTCGTCCAGTAT-b01,,265.0,210-270
CTCGAGGGTTGGAGGT-r17,,170.0,170-210
TTCTCCTGTTCCGGCA-500.1.1,,380.0,330-390
CGATCGGTCACATAGC-500.1.1,Ciliated_amphid_neuron,450.0,450-510
AGAATAGCAAGCGCTC-r17,,160.0,130-170
AGCGGTCAGCGCCTTG-300.1.2,Body_wall_muscle,260.0,210-270
ACAGCTAAGTTAGCGG-500.2.1,Ciliated_amphid_neuron,700.0,> 650
GACGTTACAATAAGCA-500.1.1,Body_wall_muscle,420.0,390-450
AGCATACTCTTGTTTG-400.2.3,Ciliated_non_amphid_neuron,210.0,210-270
CTGGTCTAGTTAACGA-400.2.1,,280.0,270-330
TCAGCAAGTATAGTAG-500.2.2,Rectal_gland,700.0,> 650
TACTCATGTAGCGTAG-400.2.2,Body_wall_muscle,350.0,330-390
TATCTCAGTCCAGTGC-500.2.1,,500.0,450-510
TTGGCAATCCTACAGA-b01,,175.0,170-210
GTCAAGTGTCCTCTTG-500.1.2,,410.0,390-450
ACGGGTCAGGATGTAT-500.2.2,,180.0,170-210
AGGCCGTAGGCTACGA-b02,Pharyngeal_neuron,205.0,170-210
GTATCTTAGCTTCGCG-300.1.1,,200.0,170-210
CAACCAATCCACGACG-b01,Glia,430.0,390-450
GTGCGGTGTAAATGTG-300.1.1,Ciliated_amphid_neuron,260.0,210-270
TCGGGACGTGCGGTAA-b02,,230.0,210-270
CGTCTACCATTTCAGG-400.2.3,Ciliated_amphid_neuron,385.0,330-390
CTGATCCCACAGACTT-400.2.3,Body_wall_muscle,350.0,330-390
TAGTGGTAGATTACCC-r17,,300.0,270-330
AAACGGGCATCACGAT-b01,Body_wall_muscle,330.0,330-390
CTCGGAGAGAGTGACC-b01,,225.0,210-270
CCTTCCCTCCCTCTTT-b01,,320.0,270-330
GATGAGGTCTAACTCT-400.2.1,Pharyngeal_muscle,300.0,270-330
CGTTGGGCAGGGCATA-400.2.1,,265.0,210-270
GCGCGATTCAAGGTAA-500.2.2,Seam_cell,510.0,510-580
ATGCGATTCTGCTGTC-500.1.1,GLR,410.0,390-450
CATTATCTCACATACG-r17,Pharyngeal_muscle,550.0,510-580
CTGGTCTTCAGGCGAA-500.1.1,,320.0,270-330
GGCCGATAGTCGTACT-b01,Ciliated_non_amphid_neuron,270.0,270-330
CAACCAATCCCAAGAT-300.1.3,Hypodermis,340.0,330-390
AGCTCCTAGAGGTAGA-500.2.1,Ciliated_amphid_neuron,670.0,> 650
CCTTACGGTATCAGTC-400.2.3,GLR,290.0,270-330
CGTTGGGAGCTACCTA-300.1.1,,290.0,270-330
CGGGTCACAAACTGTC-500.2.2,,700.0,> 650
CCATTCGTCGTTGCCT-b01,Germline,0.0,< 100
CGGACACCACATTCGA-b01,Ciliated_amphid_neuron,550.0,510-580
TGCTACCGTGTGCCTG-500.1.1,,435.0,390-450
CAGCTAAAGCATCATC-400.2.2,Body_wall_muscle,420.0,390-450
TACACGACAAGTTGTC-500.2.1,,450.0,450-510
AGATTGCTCAACACGT-b01,Body_wall_muscle,550.0,510-580
ATCCACCAGCGCTCCA-b01,Body_wall_muscle,420.0,390-450
ACGATGTCAGGGATTG-300.1.3,Pharyngeal_marginal_cell,310.0,270-330
ATCGAGTCAGCTGCTG-b01,,130.0,130-170
CACCTTGCAAGCCTAT-b01,,200.0,170-210
AAGGTTCTCCTAAGTG-500.2.1,Hypodermis,450.0,450-510
CATCGGGTCAGTACGT-400.2.1,Pharyngeal_neuron,300.0,270-330
GGGAATGGTGTTAAGA-r17,Seam_cell,285.0,270-330
TTCTCAACATGAACCT-400.2.3,Ciliated_amphid_neuron,700.0,> 650
GATGAAAAGTCAAGGC-500.1.1,Ciliated_amphid_neuron,550.0,510-580
GTGCGGTGTCCATGAT-400.2.3,Hypodermis,260.0,210-270
CATGACATCCAAATGC-400.2.2,Coelomocyte,320.0,270-330
ACTGTCCAGGAGTTTA-500.1.1,Hypodermis,410.0,390-450
GAATAAGGTAGCTAAA-400.2.3,,260.0,210-270
ACCCACTGTAACGTTC-500.1.1,Body_wall_muscle,530.0,510-580
GTTCATTCACATGACT-r17,,160.0,130-170
TGAGGGAGTCTAGCCG-b01,,375.0,330-390
CGGGTCACAGACAGGT-400.2.2,Hypodermis,370.0,330-390
ATCTACTGTAATTGGA-400.2.1,,290.0,270-330
GCAGCCACACTCAGGC-400.2.3,Pharyngeal_muscle,350.0,330-390
CGCCAAGAGGATGTAT-400.2.2,Rectal_cell,375.0,330-390
TGCTGCTGTCGGCTCA-r17,,330.0,330-390
GGGAATGCAGCTTAAC-300.1.1,Body_wall_muscle,390.0,390-450
TTAGGACCACAAGCCC-r17,,200.0,170-210
TGAGCCGCAGGCTGAA-300.1.3,,220.0,210-270
AACTCAGAGGGAAACA-500.1.2,Body_wall_muscle,450.0,450-510
ACACCAACAGCTGGCT-400.2.2,,175.0,170-210
GGCTCGAGTACATCCA-r17,,370.0,330-390
CATATGGGTGACCAAG-500.1.1,Body_wall_muscle,410.0,390-450
TGCACCTAGCGCTTAT-400.2.3,Body_wall_muscle,490.0,450-510
GTACTTTCACGGTAAG-r17,,205.0,170-210
AGAGCTTAGCGATTCT-r17,,260.0,210-270
TTTGCGCCATGTTGAC-400.2.2,Pharyngeal_intestinal_valve,290.0,270-330
CCACGGACACGGTTTA-b01,,130.0,130-170
CTACACCCATCCGTGG-500.2.1,Ciliated_amphid_neuron,725.0,> 650
GAGTCCGCACTTAACG-400.2.2,,440.0,390-450
AGAGCGACATTCTTAC-500.2.2,Body_wall_muscle,670.0,> 650
GAGTCCGGTGACCAAG-500.2.1,Ciliated_amphid_neuron,490.0,450-510
ACTGAGTTCACTATTC-500.2.2,Hypodermis,440.0,390-450
GGCGTGTGTTAGGGTG-300.1.1,Hypodermis,410.0,390-450
GGAGCAAAGATGGGTC-500.2.2,Seam_cell,640.0,580-650
GCTCCTACACGCTTTC-r17,,260.0,210-270
TAGTGGTCAATGGATA-400.2.3,Pharyngeal_muscle,345.0,330-390
AAACCTGTCCGTTGCT-500.2.2,Body_wall_muscle,425.0,390-450
AACTCAGCATCTATGG-500.2.2,Hypodermis,450.0,450-510
ATGCGATCAAGGTGTG-b02,,420.0,390-450
TAAGAGACAAGGTTCT-400.2.3,,350.0,330-390
GAAGCAGCAACCGCCA-400.2.1,,210.0,210-270
TGTGGTACACCCATGG-500.1.1,Ciliated_amphid_neuron,700.0,> 650
TGGGAAGAGTACCGGA-300.1.1,,200.0,170-210
CTTCTCTCAGCGAACA-500.2.2,Seam_cell,420.0,390-450
GTTCGGGAGCTAGGCA-b01,,270.0,270-330
AACTCAGAGTAGGTGC-400.2.3,,470.0,450-510
CGAGCACCACTGCCAG-300.1.2,,260.0,210-270
CATCAGAGTAAGTGTA-b01,Ciliated_non_amphid_neuron,230.0,210-270
TTATGCTAGCATGGCA-b01,Parent_of_exc_duct_pore_DB_1_3,270.0,270-330
TCAGATGTCGTCTGCT-300.1.2,Hypodermis,280.0,270-330
CTCATTAAGCGTTCCG-400.2.2,Body_wall_muscle,320.0,270-330
AATCCAGCATTACCTT-500.2.2,Glia,550.0,510-580
CAAGAAAGTAAACACA-300.1.1,Seam_cell,370.0,330-390
AGCGGTCTCCTTTACA-300.1.3,Ciliated_amphid_neuron,195.0,170-210
CTACGTCGTGCCTTGG-400.2.3,Body_wall_muscle,360.0,330-390
TTGCCGTTCCGAAGAG-500.1.2,,355.0,330-390
TGGTTAGAGGGTCGAT-b01,,260.0,210-270
GAACCTACAAGGTTTC-500.1.1,Glia,425.0,390-450
CGTCCATCACCAGTTA-r17,,260.0,210-270
CGTGAGCGTGCGATAG-r17,,160.0,130-170
ACTTTCACAATGGAAT-500.1.1,,510.0,510-580
AGGTCATCATGGATGG-500.2.1,Body_wall_muscle,640.0,580-650
TATCAGGGTTCCGTCT-400.2.3,,350.0,330-390
GCTGCAGTCTCCAGGG-400.2.2,Pharyngeal_muscle,350.0,330-390
CTTGGCTAGCGATTCT-400.2.2,Hypodermis,290.0,270-330
TTGTAGGAGGCGACAT-400.2.3,Body_wall_muscle,390.0,390-450
CGTCACTGTCGGGTCT-400.2.2,M_cell,340.0,330-390
ACTGCTCAGATGTAAC-400.2.1,,350.0,330-390
ACGGGCTGTGTGCGTC-500.2.1,,340.0,330-390
ACTGCTCAGGAGTTGC-300.1.3,,270.0,270-330
AAGGTTCTCAAAGACA-400.2.2,hyp1V_and_ant_arc_V,300.0,270-330
CTACCCATCACATGCA-b01,,230.0,210-270
ATCACGAAGCGTCTAT-400.2.2,Parent_of_exc_duct_pore_DB_1_3,270.0,270-330
TCTATTGAGCGATCCC-b02,,260.0,210-270
TGAGCCGGTTCAACCA-500.2.2,Hypodermis,490.0,450-510
GTCACGGCAGTCAGAG-b02,Parent_of_exc_duct_pore_DB_1_3,295.0,270-330
GTGTGCGAGTGTTAGA-b01,Ciliated_amphid_neuron,185.0,170-210
CGAGAAGCAGCGAACA-b01,,370.0,330-390
CGAACATTCTTGGGTA-400.2.3,Hypodermis,320.0,270-330
GGCTGGTGTCATCGGC-300.1.2,,270.0,270-330
GCACTCTAGGTGTGGT-b01,,170.0,170-210
CTAGAGTTCGGTGTCG-r17,,270.0,270-330
CATCAGAAGAGGTAGA-400.2.1,,260.0,210-270
AGCTCCTCAGCGTAAG-b01,Body_wall_muscle,490.0,450-510
TAGGCATGTCGTCTTC-500.1.1,Intestine,410.0,390-450
CGGTTAAAGATCTGCT-300.1.1,,300.0,270-330
TCTCATATCATTGCCC-r17,Ciliated_non_amphid_neuron,335.0,330-390
GACGGCTGTCATATCG-b01,,360.0,330-390
ATCTACTGTCCGCTGA-400.2.3,,340.0,330-390
GCATGATTCTCCAACC-r17,Body_wall_muscle,270.0,270-330
CTAATGGCATCCCACT-300.1.3,Parent_of_exc_gland_AVK,275.0,270-330
GCTCCTACATTCGACA-300.1.2,Hypodermis,345.0,330-390
ACTGTCCAGCGATGAC-b01,,190.0,170-210
TACGGGCGTTACGACT-b01,Body_wall_muscle,550.0,510-580
TGTGGTAAGAGCAATT-b01,Glia,450.0,450-510
CTAGTGAAGCCCTAAT-300.1.1,Pharyngeal_marginal_cell,350.0,330-390
TGAGAGGCATCATCCC-b02,,195.0,170-210
ACTGAACTCGAACGGA-300.1.2,,300.0,270-330
ACAGCCGAGAGTGAGA-r17,Ciliated_amphid_neuron,490.0,450-510
CACAGTACATATACCG-500.2.2,,470.0,450-510
CAGAATCCAGCTGCAC-400.2.3,Ciliated_amphid_neuron,260.0,210-270
ATCGAGTCATGCCCGA-500.1.1,Body_wall_muscle,550.0,510-580
CAAGGCCTCCAGTATG-500.2.1,Hypodermis,470.0,450-510
AGTAGTCTCTACTCAT-500.1.2,,355.0,330-390
TACCTTAAGAAACGCC-500.1.1,Body_wall_muscle,585.0,580-650
GGGACCTGTCGAGATG-400.2.3,Coelomocyte,410.0,390-450
GTGCAGCAGCTGAAAT-300.1.1,,230.0,210-270
TCGAGGCTCTTCAACT-300.1.1,Body_wall_muscle,300.0,270-330
GAATAAGGTAGCGTCC-500.2.1,Rectal_gland,450.0,450-510
CCCAATCTCGTACGGC-400.2.1,Ciliated_amphid_neuron,365.0,330-390
CTACCCATCAGGCAAG-300.1.2,Ciliated_non_amphid_neuron,360.0,330-390
CGTGAGCAGACGCACA-b01,Ciliated_amphid_neuron,550.0,510-580
GGACAAGAGTACTTGC-300.1.2,,260.0,210-270
TCAGCTCCAATAGCAA-400.2.3,,290.0,270-330
ACGGAGAAGAGTAAGG-b01,Body_wall_muscle,490.0,450-510
GTGTTAGGTACTCGCG-r17,Hypodermis,550.0,510-580
CAAGATCAGCTTCGCG-500.2.2,Arcade_cell,550.0,510-580
CAGAATCCACACTGCG-r17,Seam_cell,360.0,330-390
TTTGCGCGTTGCTCCT-b01,,490.0,450-510
CCCAGTTTCTTCGGTC-500.2.2,Pharyngeal_intestinal_valve,550.0,510-580
GATCGATGTGGGTATG-500.2.2,Body_wall_muscle,425.0,390-450
CTGAAGTGTTTAGGAA-r17,Pharyngeal_muscle,450.0,450-510
TTTGGTTAGCTTCGCG-400.2.1,Pharyngeal_neuron,260.0,210-270
TATTACCAGCGCTTAT-500.1.1,,470.0,450-510
CACACCTCATTATCTC-500.2.1,,635.0,580-650
TTTATGCAGAACAATC-r17,,190.0,170-210
CTGCTGTAGCCAGTTT-300.1.2,,325.0,270-330
CAAGGCCAGTGCCATT-400.2.3,,340.0,330-390
TAGTGGTGTGTTAAGA-b01,Ciliated_amphid_neuron,360.0,330-390
CGAGAAGCAAGTAGTA-300.1.3,,170.0,170-210
ATAGACCGTTCAGCGC-300.1.3,Intestine,335.0,330-390
ACTGAACAGGGATGGG-400.2.3,,340.0,330-390
GTAGGCCGTTACGCGC-500.1.1,,400.0,390-450
CTGAAGTAGAGGTTAT-300.1.3,Germline,100.0,100-130
AACCGCGTCTTGTTTG-b01,Z1_Z4,375.0,330-390
GCCTCTAAGGTGATTA-b01,Ciliated_non_amphid_neuron,700.0,> 650
GTCTCGTGTGTGTGCC-b01,,200.0,170-210
GGACAGAGTAGGACAC-b01,,200.0,170-210
CTACACCCAAAGCGGT-300.1.1,Intestine,340.0,330-390
ATTTCTGCATCTCGCT-300.1.3,Pharyngeal_marginal_cell,300.0,270-330
ATAGACCCACAAGTAA-400.2.2,Pharyngeal_neuron,260.0,210-270
GTTAAGCAGCTTATCG-400.2.3,Body_wall_muscle,230.0,210-270
TGGGAAGCATAGAAAC-b01,Pharyngeal_neuron,300.0,270-330
GGCCGATCACGAGGTA-500.2.2,Ciliated_amphid_neuron,640.0,580-650
TGATTTCCAGCTATTG-500.2.2,,490.0,450-510
GATCTAGTCCATGAAC-500.1.1,,350.0,330-390
TCAGGATAGATGCCAG-400.2.2,Body_wall_muscle,390.0,390-450
GGGATGATCCAGAAGG-400.2.3,Pharyngeal_muscle,350.0,330-390
CGAGCACAGAAACCGC-300.1.1,,295.0,270-330
ACGCCAGTCGTGGACC-300.1.2,,265.0,210-270
GTAGGCCGTCCTGCTT-b02,,490.0,450-510
GTACTCCAGATGGGTC-300.1.2,Pharyngeal_marginal_cell,300.0,270-330
AACTCAGTCACAGTAC-r17,,270.0,270-330
GCTCTGTTCATCGATG-400.2.1,,270.0,270-330
CAGCATATCGCCTGTT-400.2.1,Body_wall_muscle,410.0,390-450
CAGTAACCAATGAAAC-r17,,530.0,510-580
CTAACTTAGCTGAACG-b02,,260.0,210-270
CTCTAATTCGAGCCCA-400.2.2,,210.0,210-270
CTAAGACGTAGAGCTG-r17,Pharyngeal_neuron,270.0,270-330
TATCAGGGTTCTGAAC-300.1.1,Body_wall_muscle,280.0,270-330
TAAGAGACAAGCTGTT-r17,,510.0,510-580
CTCACACCAGTAGAGC-500.2.2,Hypodermis,415.0,390-450
TCACAAGAGTGGCACA-r17,Ciliated_non_amphid_neuron,440.0,390-450
CGCTATCCAAGCGAGT-r17,hmc_and_homolog,375.0,330-390
TAAGCGTGTCCGCTGA-400.2.2,Hypodermis,370.0,330-390
TCTCATAAGTGTACTC-r17,,185.0,170-210
TGCCAAAGTAAGCACG-b02,Seam_cell,370.0,330-390
CAGCGACAGGGTATCG-b01,,260.0,210-270
TCGTACCTCGCGCCAA-400.2.2,Intestine,340.0,330-390
AGCTTGATCCAAAGTC-500.2.2,Glia,490.0,450-510
ACGATGTCACGAAAGC-500.1.2,Arcade_cell,550.0,510-580
CATGACAGTCTAGCGC-400.2.1,Glia,410.0,390-450
TCCACACTCTGCTGCT-500.2.1,Glia,700.0,> 650
CGACTTCCAGGGTACA-500.2.2,,620.0,580-650
GATGAGGCAGTACACT-400.2.2,Ciliated_non_amphid_neuron,260.0,210-270
GACGCGTAGATCACGG-300.1.3,,230.0,210-270
TCTGGAACAAACGTGG-400.2.2,Body_wall_muscle,320.0,270-330
TCTCATAGTACCGAGA-500.2.2,Body_wall_muscle,670.0,> 650
GCATACAGTCAGGACA-500.2.1,Z1_Z4,410.0,390-450
GCAGTTACAGCTCGCA-400.2.1,Hypodermis,300.0,270-330
GAACATCTCATGCATG-500.2.2,Ciliated_amphid_neuron,490.0,450-510
AAGTCTGGTGGTGTAG-400.2.1,Pharyngeal_intestinal_valve,415.0,390-450
ACGCAGCTCTTTAGGG-400.2.1,Ciliated_amphid_neuron,410.0,390-450
GAATGAACATTTGCCC-r17,,160.0,130-170
TGGGAAGTCACATAGC-400.2.1,ABarpaaa_lineage,300.0,270-330
GGGAATGGTTATCGGT-400.2.2,Body_wall_muscle,490.0,450-510
TGACGGCCATATGCTG-500.2.2,,325.0,270-330
TAAGCGTCACAAGTAA-400.2.3,,335.0,330-390
CGAGCCAGTAATAGCA-400.2.2,,230.0,210-270
AAGGTTCGTAGCGCAA-400.2.3,,310.0,270-330
GTTAAGCTCGCCGTGA-300.1.1,Body_wall_muscle,300.0,270-330
AAACCTGGTGTGAATA-300.1.1,Ciliated_amphid_neuron,190.0,170-210
CGATGTATCCGAATGT-b02,Pharyngeal_muscle,295.0,270-330
AGGTCCGCAGCTGCAC-400.2.1,Excretory_cell,550.0,510-580
ACTATCTTCCTGTAGA-300.1.1,Body_wall_muscle,280.0,270-330
CATTCGCAGCTAGCCC-300.1.3,Pharyngeal_marginal_cell,350.0,330-390
ATCATCTAGGCTACGA-400.2.1,Hypodermis,410.0,390-450
AAAGCAAGTTGGTTTG-400.2.3,Body_wall_muscle,420.0,390-450
GATCGCGCAGTTTACG-400.2.3,Body_wall_muscle,375.0,330-390
ATGTGTGGTAGGGTAC-b01,Pharyngeal_muscle,375.0,330-390
TTATGCTGTCCAAGTT-500.1.1,,350.0,330-390
CAAGGCCGTTAGTGGG-400.2.2,,290.0,270-330
ACGCCGATCTGCCCTA-500.1.1,Body_wall_muscle,550.0,510-580
TGTTCCGTCACATAGC-400.2.2,Hypodermis,270.0,270-330
GACGGCTCAGCTCGCA-500.2.2,Ciliated_amphid_neuron,585.0,580-650
CCGTACTCACAACGTT-b02,Ciliated_non_amphid_neuron,700.0,> 650
GTGCATACACAGCGTC-500.2.1,Seam_cell,550.0,510-580
CAAGATCAGTGCAAGC-400.2.2,,225.0,210-270
CGTCCATGTTAGTGGG-400.2.2,Pharyngeal_neuron,300.0,270-330
CTAGCCTGTTGTGGCC-b01,,205.0,170-210
GTAGGCCCACCGGAAA-r17,,200.0,170-210
GCTGGGTAGGATATAC-300.1.1,,200.0,170-210
TGACGGCTCTACTTAC-400.2.3,Hypodermis,430.0,390-450
ACGATACAGCCGTCGT-300.1.2,Z1_Z4,360.0,330-390
CTAAGACAGTTAGGTA-500.1.3,Glia,510.0,510-580
AGGCCGTAGCGTGTCC-400.2.3,GLR,285.0,270-330
CTAAGACTCTTTACAC-500.1.1,Body_wall_muscle,490.0,450-510
TACGGGCTCCCTCAGT-300.1.2,Body_wall_muscle,330.0,330-390
CGCGTTTTCACCATAG-400.2.1,,500.0,450-510
CACACCTAGTGTCCCG-300.1.1,Pharyngeal_intestinal_valve,320.0,270-330
GAACATCTCAACGGCC-500.1.1,,340.0,330-390
TTATGCTTCAGGCCCA-500.1.1,Hypodermis,550.0,510-580
AACTCAGAGTCGTACT-r17,Ciliated_amphid_neuron,160.0,130-170
CGTCCATGTTGGTGGA-b01,Germline,0.0,< 100
AGATCTGTCAACGAAA-400.2.3,,345.0,330-390
TGCCCTATCAGCGACC-r17,Ciliated_non_amphid_neuron,260.0,210-270
AAAGATGAGTCAAGCG-400.2.3,,270.0,270-330
ATCACGATCATATCGG-b02,,245.0,210-270
CTTGGCTCAGTATGCT-500.2.1,Glia,700.0,> 650
GTGCTTCTCGCGTAGC-r17,Germline,0.0,< 100
AGCGGTCAGACTAAGT-500.2.1,,350.0,330-390
ACGCCAGCATGAACCT-b01,,150.0,130-170
ACTGCTCCATGTAAGA-400.2.3,Ciliated_non_amphid_neuron,270.0,270-330
CCACCTAGTCTTGTCC-r17,Pharyngeal_neuron,215.0,210-270
GGAATAAAGCGATCCC-b02,,300.0,270-330
CCTTCGATCTATCCTA-b01,,225.0,210-270
CTAACTTCAAAGGCGT-300.1.3,Body_wall_muscle,320.0,270-330
ACATACGGTAATCGTC-400.2.1,T,320.0,270-330
TTTCCTCTCAGCAACT-r17,,625.0,580-650
AAAGATGCATACTACG-400.2.2,Seam_cell,400.0,390-450
CGAATGTGTCTTCAAG-300.1.2,GLR,300.0,270-330
CTCGAAACATACGCCG-400.2.3,Ciliated_amphid_neuron,375.0,330-390
CCGGTAGCAATAACGA-500.1.1,Body_wall_muscle,415.0,390-450
TTAGGACTCAACACCA-300.1.2,Hypodermis,360.0,330-390
TCAACGATCTGACCTC-b01,,290.0,270-330
GACTACAGTAGAGTGC-300.1.1,Body_wall_muscle,205.0,170-210
TTTGCGCAGCGACGTA-500.1.1,Body_wall_muscle,390.0,390-450
AGGCCGTCAGCGAACA-400.2.1,,350.0,330-390
CATATGGAGGGCACTA-400.2.3,,270.0,270-330
ACTGTCCGTTCTGTTT-b01,Ciliated_non_amphid_neuron,620.0,580-650
GCTGCGAAGATGCCTT-400.2.1,,300.0,270-330
TTCTACATCCGTCATC-400.2.1,,230.0,210-270
AGTGGGAGTAGCGCAA-b02,Pharyngeal_marginal_cell,350.0,330-390
CTGCTGTCAGGCTCAC-b01,Ciliated_amphid_neuron,415.0,390-450
TACTCGCAGTGAAGAG-400.2.3,Body_wall_muscle,390.0,390-450
TGTTCCGAGCCAGGAT-500.1.1,,620.0,580-650
GAACATCCATATACCG-400.2.1,,390.0,390-450
TCAGCTCGTTCTGTTT-500.2.1,Body_wall_muscle,490.0,450-510
TACTTGTTCGAATGGG-300.1.1,,215.0,210-270
TCTGAGAAGGCTCAGA-300.1.1,,290.0,270-330
GGCAATTCATTCCTGC-b01,,130.0,130-170
TTGGCAAGTCTCTCGT-500.2.1,Rectal_cell,640.0,580-650
TTAGGCAGTTTGCATG-400.2.1,Body_wall_muscle,310.0,270-330
CACCAGGCATTGCGGC-500.1.1,,380.0,330-390
CGCTTCAAGACTAAGT-r17,,230.0,210-270
CATCGGGCATCCAACA-500.2.2,Body_wall_muscle,385.0,330-390
TGCGTGGGTATAGGTA-b01,Body_wall_muscle,640.0,580-650
GGACATTTCAACACTG-400.2.3,Body_wall_muscle,450.0,450-510
CTCAGAACAACTTGAC-r17,,130.0,130-170
GCATGTATCGTACCGG-b01,Body_wall_muscle,490.0,450-510
AAGGAGCGTTTGGGCC-300.1.1,Intestine,380.0,330-390
ATTTCTGGTCTCAACA-500.1.1,,350.0,330-390
ATAACGCAGTGTACGG-500.1.3,,355.0,330-390
AACCATGCAATGACCT-400.2.3,,200.0,170-210
CATCAAGTCGATCCCT-300.1.2,Ciliated_non_amphid_neuron,370.0,330-390
TCGAGGCAGAGTGACC-400.2.2,,260.0,210-270
GAGCAGACACCTTGTC-400.2.2,,290.0,270-330
ACTATCTCACATGTGT-500.1.2,Body_wall_muscle,420.0,390-450
TTTCCTCCAGATCTGT-300.1.3,,230.0,210-270
CGCTATCGTACTTAGC-r17,Hypodermis,640.0,580-650
CCTAAAGTCGGCGCTA-300.1.1,Body_wall_muscle,280.0,270-330
CGGACTGAGCTACCGC-300.1.1,Body_wall_muscle,360.0,330-390
CAGAGAGTCAGATAAG-400.2.3,Body_wall_muscle,310.0,270-330
ACACCAACAATACGCT-500.1.1,Ciliated_amphid_neuron,490.0,450-510
CCTACACGTAAGGGCT-400.2.3,,280.0,270-330
GATCAGTCACCCAGTG-b01,,455.0,450-510
ACGCCAGTCCAGAGGA-300.1.1,Hypodermis,310.0,270-330
TCAGCAACATTGGGCC-500.1.2,Ciliated_non_amphid_neuron,390.0,390-450
CCACGGAAGAGCTTCT-300.1.2,Body_wall_muscle,300.0,270-330
GAATAAGAGGCACATG-300.1.2,Body_wall_muscle,420.0,390-450
TATTACCCAATGAAAC-b01,,220.0,210-270
CGTTGGGGTGTTCGAT-500.2.1,Pharyngeal_gland,640.0,580-650
CCATTCGGTAAACCTC-300.1.2,,215.0,210-270
AGGGATGGTTCCCTTG-300.1.1,,230.0,210-270
AACTGGTCACCGGAAA-300.1.3,,200.0,170-210
AGCCTAAAGAAACGCC-500.1.1,,350.0,330-390
ATCACGAAGCGAAGGG-300.1.3,,200.0,170-210
ACTGATGGTCACCCAG-r17,,185.0,170-210
TGGCCAGCATCTATGG-400.2.2,Coelomocyte,400.0,390-450
GACTACATCTGTCTCG-400.2.1,,230.0,210-270
AGATCTGAGGACCACA-400.2.1,Ciliated_non_amphid_neuron,330.0,330-390
GGACGTCCACTGTGTA-b01,,280.0,270-330
GGCCGATTCCAAGTAC-300.1.2,,260.0,210-270
GACACGCCACATCCAA-400.2.2,Body_wall_muscle,345.0,330-390
GACAGAGAGACTAGGC-r17,,285.0,270-330
CTGAAGTTCTTGTACT-300.1.2,,270.0,270-330
GTAACTGAGACTAGGC-400.2.3,Body_wall_muscle,390.0,390-450
AGAGCGACACAGACAG-400.2.2,Body_wall_muscle,410.0,390-450
TGACTTTTCTTGAGGT-400.2.2,Body_wall_muscle,360.0,330-390
CGCCAAGGTACCGTAT-300.1.1,Hypodermis,400.0,390-450
CTTCTCTCAATCAGAA-400.2.3,Ciliated_amphid_neuron,425.0,390-450
GTCTCGTTCCTCAACC-500.1.1,Intestinal_and_rectal_muscle,355.0,330-390
TTTCCTCTCTCTTATG-300.1.2,Ciliated_amphid_neuron,260.0,210-270
TGGTTCCGTGTCTGAT-400.2.1,Hypodermis,340.0,330-390
AAGGCAGGTTTAGCTG-400.2.3,Body_wall_muscle,340.0,330-390
TTCTCCTAGTTAAGTG-500.1.3,Intestinal_and_rectal_muscle,490.0,450-510
CCTAAAGAGTAGGTGC-500.2.1,Pharyngeal_muscle,260.0,210-270
GTATTCTCAGGGAGAG-b01,Body_wall_muscle,550.0,510-580
GACGTGCTCTACCTGC-b01,Body_wall_muscle,550.0,510-580
TCGGGACAGCTTCGCG-400.2.3,,400.0,390-450
CGCTATCGTTAAGGGC-400.2.1,Z1_Z4,360.0,330-390
CGCTGGACAGTCACTA-500.1.1,Hypodermis,470.0,450-510
AAGGAGCCAGAAGCAC-b01,,190.0,170-210
TGACTTTGTCGACTAT-500.1.1,Body_wall_muscle,420.0,390-450
ACGCCGATCAGCAACT-500.2.1,Ciliated_non_amphid_neuron,390.0,390-450
ATCGAGTTCTACCTGC-400.2.2,Glia,340.0,330-390
AACGTTGCAATCCAAC-400.2.3,,245.0,210-270
TCTGAGAGTCATACTG-300.1.2,Pharyngeal_muscle,260.0,210-270
TGCGCAGGTCGACTGC-400.2.2,Body_wall_muscle,300.0,270-330
ACGATGTGTTGTACAC-400.2.1,Body_wall_muscle,420.0,390-450
ACAGCCGAGCTTATCG-b01,Glia,375.0,330-390
ATAAGAGCATAGAAAC-300.1.1,Body_wall_muscle,380.0,330-390
ACGCAGCTCTACCTGC-300.1.1,,260.0,210-270
GTTACAGGTCTCTTAT-300.1.2,Coelomocyte,390.0,390-450
CACCTTGTCATGTAGC-r17,,270.0,270-330
ACATGGTAGGGTATCG-400.2.2,,270.0,270-330
TGCCCTAGTTCATGGT-500.2.2,Ciliated_non_amphid_neuron,620.0,580-650
CACCAGGCATCGGTTA-500.1.1,Body_wall_muscle,410.0,390-450
TGAGCATCATCCTTGC-500.1.1,Body_wall_muscle,450.0,450-510
CGGCTAGCACATGGGA-b01,Pharyngeal_gland,380.0,330-390
GCATACAAGAGTGACC-500.2.1,Seam_cell,550.0,510-580
GCGAGAATCCACGTTC-500.2.1,Body_wall_muscle,550.0,510-580
TAGGCATTCATCTGCC-500.1.1,Ciliated_amphid_neuron,450.0,450-510
GGGCATCAGTAAGTAC-r17,Pharyngeal_muscle,325.0,270-330
GAGTCCGTCGGAATCT-r17,Seam_cell,300.0,270-330
CCTACCATCCGCATCT-400.2.1,,170.0,170-210
AAACGGGCATCGGACC-r17,,295.0,270-330
TACTTGTTCTCGTATT-400.2.1,Intestine,340.0,330-390
TACGGGCTCTTGCAAG-400.2.1,,215.0,210-270
TCGAGGCTCGGATGTT-400.2.1,Hypodermis,380.0,330-390
AGGCCGTTCTCTAAGG-400.2.2,Pharyngeal_muscle,280.0,270-330
TCTTTCCAGTGCGTGA-r17,hmc,420.0,390-450
GCGACCATCAACCATG-300.1.3,,260.0,210-270
AGAGCGAAGAGCTTCT-400.2.1,,280.0,270-330
CGTGTAACACATGTGT-r17,Pharyngeal_marginal_cell,335.0,330-390
GATCGATGTTGATTCG-300.1.3,Pharyngeal_muscle,300.0,270-330
TTGACTTTCGAGAACG-300.1.1,Hypodermis,350.0,330-390
GTTCTCGCATGACATC-300.1.2,Ciliated_non_amphid_neuron,300.0,270-330
ACGGGTCGTCGCGAAA-b01,Ciliated_non_amphid_neuron,350.0,330-390
CAGAATCAGTCGATAA-500.2.1,Body_wall_muscle,700.0,> 650
GGACGTCGTTCACCTC-400.2.2,Body_wall_muscle,430.0,390-450
GCCAAATGTCAACATC-400.2.2,Body_wall_muscle,390.0,390-450
GATGAGGGTGGCGAAT-400.2.3,Z1_Z4,360.0,330-390
ACACCCTAGTTGTCGT-300.1.2,Hypodermis,350.0,330-390
ATTACTCGTCACCCAG-400.2.3,,300.0,270-330
GTCGTAACACACAGAG-300.1.2,Pharyngeal_muscle,350.0,330-390
GTAGTCAAGAATGTGT-500.1.1,Ciliated_non_amphid_neuron,375.0,330-390
GACAGAGGTTAAAGTG-400.2.3,,260.0,210-270
TTTGCGCTCGCCATAA-300.1.2,,300.0,270-330
ACATCAGGTCCGACGT-500.2.2,Body_wall_muscle,725.0,> 650
GAAGCAGAGATGTGGC-400.2.1,,260.0,210-270
GTAACGTAGCCTCGTG-400.2.1,Body_wall_muscle,380.0,330-390
TACCTTATCACGCATA-500.1.2,Body_wall_muscle,450.0,450-510
CAGGTGCAGGTGGGTT-b01,hmc,415.0,390-450
TTAACTCCATGGTCTA-500.1.1,hmc,490.0,450-510
GACAGAGGTTATGCGT-b01,Ciliated_non_amphid_neuron,640.0,580-650
CTGAAGTTCGATGAGG-400.2.2,Body_wall_muscle,300.0,270-330
CTGCTGTAGTACACCT-300.1.3,Pharyngeal_muscle,335.0,330-390
GTTCTCGGTCTAGAGG-b01,Hypodermis,350.0,330-390
GGTGTTAAGGATTCGG-500.1.1,,390.0,390-450
TGGACGCGTAAGTTCC-400.2.2,Hypodermis,340.0,330-390
TAAGAGAGTTTGGGCC-b01,,280.0,270-330
CTTACCGAGAGTACAT-500.2.2,Hypodermis,490.0,450-510
AGGTCATAGATGTGTA-300.1.1,,260.0,210-270
ATCATCTCACATAACC-500.1.2,Body_wall_muscle,420.0,390-450
GCCAAATGTACGACCC-500.2.2,,310.0,270-330
CGACTTCCAGGCTGAA-b01,Body_wall_muscle,350.0,330-390
TCAACGATCACGCATA-400.2.2,,200.0,170-210
TCAGCTCTCGCGGATC-500.1.2,Ciliated_amphid_neuron,700.0,> 650
GAAATGAAGCCTTGAT-400.2.2,Ciliated_non_amphid_neuron,260.0,210-270
TATTACCAGGTCGGAT-400.2.2,Body_wall_muscle,490.0,450-510
TATCTCATCTGCAGTA-500.1.2,Ciliated_amphid_neuron,760.0,> 650
AGAATAGAGGTAGCCA-500.2.2,Hypodermis,350.0,330-390
TCTTCGGGTGCGGTAA-500.2.2,Ciliated_amphid_neuron,450.0,450-510
CTCATTATCTTGACGA-b01,Body_wall_muscle,550.0,510-580
GTCGGGTCACCGGAAA-400.2.3,Body_wall_muscle,285.0,270-330
CACACTCTCCAAACAC-400.2.2,,300.0,270-330
GTAACGTGTACAGTTC-400.2.1,,280.0,270-330
AACACGTTCTGTTTGT-b01,Seam_cell,300.0,270-330
TCTCTAATCCTTGACC-500.1.1,Body_wall_muscle,450.0,450-510
TCGTACCGTCTGGTCG-300.1.1,Hypodermis,430.0,390-450
ACGCAGCCAAGCGTAG-r17,Body_wall_muscle,380.0,330-390
CGATCGGTCCACTGGG-b01,Hypodermis,375.0,330-390
GGGCACTAGCGTTGCC-400.2.3,,300.0,270-330
TTCTACACAGATCCAT-b01,,375.0,330-390
TTAGGACGTGCAGGTA-b01,,405.0,390-450
CACATAGGTCATGCCG-500.2.2,Ciliated_amphid_neuron,700.0,> 650
GCTGCGAAGTTCCACA-500.1.1,Body_wall_muscle,470.0,450-510
ACGCCGAAGCGATATA-300.1.3,,260.0,210-270
GAATAAGTCGATGAGG-b02,Coelomocyte,350.0,330-390
GTAACTGAGGCGACAT-b01,Body_wall_muscle,270.0,270-330
AGCGTATTCCGCGTTT-500.1.1,,585.0,580-650
CGTTCTGCACTCAGGC-r17,,385.0,330-390
CCTTCCCAGCCAACAG-500.1.1,,450.0,450-510
AATCCAGTCGGTTCGG-b01,,195.0,170-210
TACGGTAAGTGTCTCA-300.1.2,Body_wall_muscle,370.0,330-390
TCTGGAAAGCGCCTCA-b01,Glia,700.0,> 650
TTTGTCATCAGCATGT-300.1.3,,245.0,210-270
ACACCAAAGAGTAATC-r17,,120.0,100-130
TCCACACCAAGAAGAG-r17,Glia,350.0,330-390
TTCGAAGCACTTAAGC-400.2.3,Intestine,420.0,390-450
TACCTTATCCTGCTTG-500.2.2,,265.0,210-270
TGAGAGGTCGCATGAT-500.2.1,,450.0,450-510
TTGCGTCGTACGACCC-300.1.2,,230.0,210-270
CTCAGAAGTCTAACGT-r17,Hypodermis,300.0,270-330
GGCAATTCATCGGTTA-300.1.1,,350.0,330-390
CGTTCTGCACATTAGC-300.1.3,Seam_cell,300.0,270-330
TGGCGCAGTAGCGTAG-300.1.3,Intestine,385.0,330-390
AGCCTAAAGAAGGTTT-400.2.3,Ciliated_amphid_neuron,350.0,330-390
TTTGCGCGTAATCACC-400.2.3,,260.0,210-270
TCGAGGCCACTAAGTC-500.2.2,Ciliated_non_amphid_neuron,375.0,330-390
GCAAACTCAACTGGCC-500.2.2,Hypodermis,410.0,390-450
CCGGTAGCAAACTGCT-500.2.2,Pharyngeal_muscle,370.0,330-390
GAACATCAGTGTCCCG-300.1.1,Body_wall_muscle,450.0,450-510
CAGCAGCAGGGTGTGT-300.1.2,Body_wall_muscle,345.0,330-390
CAGCATATCACGATGT-500.1.1,Pharyngeal_gland,510.0,510-580
AGAATAGGTTATCCGA-400.2.2,Hypodermis,450.0,450-510
CGATTGACAATGTTGC-400.2.2,Pharyngeal_muscle,300.0,270-330
ATGAGGGAGTACGCGA-400.2.3,Body_wall_muscle,270.0,270-330
AACTGGTCATCAGTAC-r17,,310.0,270-330
CCTCAGTTCCCTGACT-400.2.1,Ciliated_non_amphid_neuron,380.0,330-390
AAGTCTGTCTAACTCT-r17,,500.0,450-510
GCTTGAAAGTACGTAA-b01,,275.0,270-330
TTGAACGAGTTAGCGG-300.1.1,,280.0,270-330
CAGCGACTCAGGCCCA-300.1.2,,320.0,270-330
TGTATTCAGGCTCATT-300.1.3,Hypodermis,320.0,270-330
GTCGGGTAGACAAGCC-400.2.2,Body_wall_muscle,300.0,270-330
CGGACACCAATGAAAC-300.1.3,Intestine,345.0,330-390
GCCAAATTCCCGGATG-400.2.3,,340.0,330-390
GCATGATAGATGCGAC-b01,,160.0,130-170
CTTAGGAAGACCCACC-500.1.1,Body_wall_muscle,490.0,450-510
TGTGTTTGTAAGTGTA-400.2.3,Hypodermis,300.0,270-330
TACAGTGGTCATGCAT-400.2.2,Body_wall_muscle,320.0,270-330
TAAGAGAGTACAAGTA-b01,,200.0,170-210
AAACCTGGTAGCCTCG-500.1.2,Ciliated_amphid_neuron,415.0,390-450
GAAACTCAGGTTACCT-r17,Body_wall_muscle,450.0,450-510
GGGCATCTCGGCGCTA-400.2.1,Body_wall_muscle,380.0,330-390
CCATTCGTCTAACCGA-500.2.1,Ciliated_amphid_neuron,400.0,390-450
ACTGCTCAGGCCCGTT-b02,ABarpaaa_lineage,185.0,170-210
TGACTAGCACAGATTC-300.1.3,,260.0,210-270
AACCATGGTGATGTCT-500.1.1,Pharyngeal_intestinal_valve,390.0,390-450
TCTGGAACAATGGTCT-500.1.1,Ciliated_non_amphid_neuron,640.0,580-650
TGGCGCAAGATGCCTT-400.2.3,,280.0,270-330
GTTCGGGTCTTTACAC-400.2.3,Body_wall_muscle,215.0,210-270
CACAAACCAATTGCTG-500.1.1,Body_wall_muscle,510.0,510-580
CATCAGATCCTAGTGA-300.1.3,Pharyngeal_neuron,260.0,210-270
CCCTCCTGTTTGTTTC-500.1.2,,450.0,450-510
TAGACCAGTGTGACGA-400.2.1,Hypodermis,335.0,330-390
CGAGCCACAGACGCAA-500.1.1,Glia,550.0,510-580
CGTCTACAGCTAGCCC-400.2.2,Body_wall_muscle,310.0,270-330
TCCACACCAGGCTCAC-500.2.1,Hypodermis,410.0,390-450
CAGATCATCTGACCTC-400.2.2,,280.0,270-330
CATCGGGTCCAGAGGA-300.1.2,,195.0,170-210
CTCGGAGGTCTCTCTG-r17,Body_wall_muscle,450.0,450-510
CCATGTCAGCGATGAC-b01,Hypodermis,270.0,270-330
TGAGCCGTCAGGCCCA-500.2.2,Body_wall_muscle,450.0,450-510
TGGTTAGCAATGTTGC-r17,,260.0,210-270
CGTCCATTCTTATCTG-b01,,230.0,210-270
GGATTACGTTGCGTTA-500.2.1,Intestine,700.0,> 650
TTTATGCAGGGCTCTC-500.2.2,Hypodermis,410.0,390-450
TAGTGGTTCTCGATGA-b01,Body_wall_muscle,550.0,510-580
AGGCCGTGTTACAGAA-300.1.3,Body_wall_muscle,170.0,170-210
GAAACTCAGCTCAACT-b01,Pharyngeal_marginal_cell,335.0,330-390
ACATGGTTCTCAAACG-400.2.1,Hypodermis,310.0,270-330
CGAGAAGGTATATGGA-b01,,350.0,330-390
TACAGTGGTCCTGCTT-400.2.2,Body_wall_muscle,350.0,330-390
GCATACACAAAGTCAA-500.2.1,,470.0,450-510
TGCTACCAGGAATGGA-500.2.1,Body_wall_muscle,490.0,450-510
TGCTACCAGCGGATCA-500.1.3,Ciliated_amphid_neuron,385.0,330-390
ACGCAGCCATGCATGT-300.1.2,Ciliated_amphid_neuron,300.0,270-330
TAGCCGGTCCGAACGC-b01,Coelomocyte,360.0,330-390
TGTTCCGCAATCTACG-500.1.1,Ciliated_amphid_neuron,450.0,450-510
ATCCACCCAAGGTTCT-b01,,360.0,330-390
TACGGTATCCAAACTG-300.1.2,Body_wall_muscle,450.0,450-510
ACGAGGAGTTTGGGCC-500.1.1,Glia,450.0,450-510
GGTGAAGAGTTCCACA-b01,,230.0,210-270
AGAGCTTCATGGAATA-300.1.1,Ciliated_amphid_neuron,170.0,170-210
GACCAATCATAGACTC-b01,,195.0,170-210
CTCGAGGAGACTCGGA-300.1.1,,350.0,330-390
TGTCCCACACTACAGT-500.2.2,,345.0,330-390
TTCTCCTGTAAGGATT-500.2.2,Ciliated_amphid_neuron,640.0,580-650
CCACCTAGTATGAAAC-400.2.2,,340.0,330-390
CTCGTCATCAGTTTGG-300.1.3,,205.0,170-210
AGCTTGAGTTCCGTCT-500.1.1,,390.0,390-450
TAGACCACAGTGGAGT-500.2.1,Hypodermis,450.0,450-510
CTCGTCAGTAAGCACG-500.2.1,Body_wall_muscle,550.0,510-580
CGTTAGAAGGCTAGCA-400.2.3,Ciliated_amphid_neuron,350.0,330-390
GACGTGCAGGCGCTCT-500.1.2,,725.0,> 650
TCACAAGGTCACTGGC-400.2.1,Ciliated_amphid_neuron,300.0,270-330
CTCTACGGTACAGCAG-300.1.2,Ciliated_non_amphid_neuron,260.0,210-270
GGACAAGCAATAGAGT-300.1.2,Pharyngeal_neuron,300.0,270-330
CATCCACCACGGCCAT-400.2.3,Pharyngeal_neuron,280.0,270-330
CAAGTTGTCTCTAGGA-300.1.3,,260.0,210-270
AACCGCGTCTTCATGT-r17,,320.0,270-330
CTCGAAAAGGCAAAGA-500.2.1,Body_wall_muscle,490.0,450-510
TCACAAGAGTCGTACT-300.1.3,Hypodermis,350.0,330-390
GTTAAGCTCTCGATGA-400.2.2,Ciliated_non_amphid_neuron,260.0,210-270
GCTGCTTAGACAATAC-400.2.2,Seam_cell,425.0,390-450
CCACCTATCATTGCCC-r17,Germline,0.0,< 100
TGACAACAGATATGCA-300.1.1,Hypodermis,260.0,210-270
CGTGTCTAGCGTTCCG-400.2.1,,230.0,210-270
ACGGAGAGTCTCTTTA-400.2.2,Body_wall_muscle,330.0,330-390
GTACTCCTCAACACAC-300.1.3,Coelomocyte,350.0,330-390
TTGAACGGTTGCGCAC-300.1.1,,185.0,170-210
CTGTTTACATCACAAC-b01,,200.0,170-210
TTAGTTCGTACCCAAT-r17,,260.0,210-270
TACGGATTCCAAACTG-300.1.2,Ciliated_amphid_neuron,280.0,270-330
CACACTCAGTAGTGCG-400.2.1,Intestine,230.0,210-270
GGACATTTCTCCGGTT-400.2.2,Body_wall_muscle,420.0,390-450
TGACAACAGACGCTTT-500.1.1,,350.0,330-390
CGTCTACAGTTACGGG-500.1.1,Body_wall_muscle,400.0,390-450
TCTTCGGAGGTCATCT-500.2.2,Excretory_cell,490.0,450-510
CTCGAAAGTCATCGGC-500.2.2,Seam_cell,510.0,510-580
TTGTAGGCATTTCACT-500.2.2,,700.0,> 650
CAAGGCCGTCACACGC-300.1.1,Ciliated_amphid_neuron,200.0,170-210
GCGGGTTTCAGCTCTC-500.1.2,Body_wall_muscle,490.0,450-510
ATTGGACCAGTCAGAG-500.1.1,Ciliated_amphid_neuron,490.0,450-510
AGTCTTTAGTCATCCA-b01,,220.0,210-270
AGGTCCGCACAGGAGT-400.2.2,Hypodermis,350.0,330-390
CATATTCAGAAGGGTA-400.2.2,Body_wall_muscle,490.0,450-510
ATCGAGTCAGTCTTCC-500.1.1,Body_wall_muscle,490.0,450-510
CGTCTACCATCCCACT-r17,,640.0,580-650
ACGAGCCTCTTGCATT-500.1.1,,425.0,390-450
CAGCATAAGAACAACT-400.2.2,,220.0,210-270
ATCTACTCAGCGATCC-400.2.3,GLR,355.0,330-390
GTCGTAAGTCCTCTTG-500.2.2,Hypodermis,630.0,580-650
CTGATAGCATCCAACA-500.2.1,,400.0,390-450
ACTGAGTGTCCTCTTG-400.2.2,Excretory_duct_and_pore,410.0,390-450
GCGCAACCAGACTCGC-400.2.2,Body_wall_muscle,490.0,450-510
CGAGCACGTCAGAATA-300.1.3,Hypodermis,330.0,330-390
AGACGTTTCACGCATA-500.2.2,Ciliated_amphid_neuron,700.0,> 650
TACTCGCGTTCAGTAC-400.2.1,Hypodermis,360.0,330-390
CTTCTCTAGTTCGCAT-400.2.1,Pharyngeal_gland,290.0,270-330
TATTACCCAAACCCAT-500.2.2,Hypodermis,630.0,580-650
CTCGGGAAGAGTGACC-300.1.2,,200.0,170-210
TTCTACACACCTATCC-r17,,160.0,130-170
TACGGGCTCTCGGACG-r17,Pharyngeal_neuron,320.0,270-330
CGTTCTGCACATCTTT-300.1.1,Intestine,340.0,330-390
GACAGAGCATCTCGCT-300.1.1,Body_wall_muscle,270.0,270-330
ACACCGGCATGCCCGA-400.2.2,,300.0,270-330
GACGTGCGTTGTCGCG-400.2.3,Ciliated_amphid_neuron,390.0,390-450
CTACGTCAGGATCGCA-500.2.2,Body_wall_muscle,490.0,450-510
AGTGAGGCAAAGCAAT-500.1.2,Ciliated_non_amphid_neuron,390.0,390-450
CGGACTGTCTCCAACC-500.1.1,Intestinal_and_rectal_muscle,410.0,390-450
ACTGAACAGTGTACTC-b01,Body_wall_muscle,345.0,330-390
CGCTATCAGAGGGCTT-400.2.3,Body_wall_muscle,355.0,330-390
GACCTGGAGGTGCTAG-300.1.3,Hypodermis,320.0,270-330
GCGCAGTAGTAAGTAC-400.2.1,Body_wall_muscle,310.0,270-330
ATAAGAGAGAATCTCC-b01,Intestine,230.0,210-270
TCGAGGCTCACTATTC-300.1.1,Seam_cell,320.0,270-330
ACGGAGATCTGTTGAG-b01,,160.0,130-170
CAGATCATCACCCGAG-r17,Body_wall_muscle,310.0,270-330
GGCTGGTTCTTGAGAC-400.2.2,Pharyngeal_marginal_cell,325.0,270-330
TGCCCATTCTGCCAGG-500.2.1,hmc,550.0,510-580
TATCAGGTCATTCACT-400.2.2,Pharyngeal_neuron,345.0,330-390
GACCTGGGTACGCTGC-400.2.1,,450.0,450-510
TGTGGTATCAGTCAGT-500.1.1,Ciliated_amphid_neuron,450.0,450-510
TGAGGGATCCGCGGTA-r17,,365.0,330-390
GTGCATATCCAACCAA-500.2.1,Hypodermis,450.0,450-510
GGCTCGAGTCTTGCGG-300.1.1,Hypodermis,280.0,270-330
AAGGAGCGTGGCCCTA-300.1.3,Ciliated_non_amphid_neuron,265.0,210-270
TAGAGCTGTGCTTCTC-b01,Body_wall_muscle,640.0,580-650
CTACGTCTCATTGCCC-400.2.1,,360.0,330-390
CATGACAGTACTCGCG-b01,Germline,50.0,< 100
CTGAAGTGTATTACCG-400.2.3,Body_wall_muscle,490.0,450-510
GTACTCCGTTTAAGCC-300.1.1,Body_wall_muscle,405.0,390-450
GACGCGTAGATGCCTT-b01,,530.0,510-580
CCACGGAAGACGCAAC-b02,,260.0,210-270
TGCTACCGTGCACTTA-400.2.3,Body_wall_muscle,420.0,390-450
CCGTGGACAGTATGCT-b01,,270.0,270-330
CACAAACTCGTACGGC-300.1.3,Hypodermis,320.0,270-330
GTAGGCCTCTACTATC-b02,Rectal_cell,320.0,270-330
TCTGGAAGTGGAAAGA-b02,Ciliated_amphid_neuron,640.0,580-650
GGGCACTTCAACACTG-500.1.2,,490.0,450-510
GGTATTGGTGACGCCT-400.2.3,Ciliated_amphid_neuron,450.0,450-510
GGAGCAATCCAGTAGT-400.2.3,Ciliated_amphid_neuron,350.0,330-390
CTTAGGACAGTATGCT-500.2.1,Seam_cell,510.0,510-580
TCGAGGCTCCTCAATT-400.2.2,,215.0,210-270
CGCTTCATCTACTCAT-400.2.2,Ciliated_non_amphid_neuron,350.0,330-390
AGCTTGACATCCTTGC-300.1.3,,300.0,270-330
TACTCATAGCCTTGAT-500.2.1,,380.0,330-390
ATCTGCCCACGGATAG-500.2.1,Intestine,700.0,> 650
CGTTGGGTCAGCTCTC-300.1.3,Seam_cell,350.0,330-390
ACCTTTAGTATTCTCT-r17,,350.0,330-390
GATCGATAGCCAGGAT-500.1.1,Glia,500.0,450-510
GGCGACTTCAACACAC-500.2.2,Body_wall_muscle,550.0,510-580
TGCGCAGGTCAAACTC-300.1.3,Body_wall_muscle,170.0,170-210
CCGGGATTCTTGACGA-b01,,200.0,170-210
GGACGTCTCTCTGCTG-500.1.1,Ciliated_non_amphid_neuron,375.0,330-390
ATCATCTGTACAGTTC-300.1.1,,295.0,270-330
CTCGGGAAGGACAGAA-300.1.1,Body_wall_muscle,385.0,330-390
AGACGTTAGCTGTCTA-300.1.1,Hypodermis,360.0,330-390
AGGCCGTGTCAGAAGC-300.1.2,Hypodermis,300.0,270-330
GTGTTAGAGCGTTCCG-300.1.1,,295.0,270-330
GCTCCTAGTCGCATAT-400.2.1,Ciliated_amphid_neuron,350.0,330-390
CAGATCATCTGTCCGT-b02,,200.0,170-210
TGTGTTTTCCCTTGTG-400.2.2,Z1_Z4,350.0,330-390
TGCGCAGAGTTGAGTA-500.1.2,Body_wall_muscle,420.0,390-450
CTTACCGCAGGATTGG-500.1.1,Body_wall_muscle,490.0,450-510
GCGCCAATCCTGCTTG-400.2.1,Parent_of_hyp1V_and_ant_arc_V,310.0,270-330
CGCTGGATCGATCCCT-400.2.1,Body_wall_muscle,450.0,450-510
CAGAGAGCACGCTTTC-500.1.1,Body_wall_muscle,405.0,390-450
GAACATCAGGATGTAT-300.1.2,,280.0,270-330
AAGACCTCATTCGACA-500.2.1,Seam_cell,640.0,580-650
CATGCCTAGAAGCCCA-r17,Ciliated_amphid_neuron,245.0,210-270
TTTACTGCAGCATACT-300.1.3,,270.0,270-330
ATAACGCGTGTGCGTC-r17,,260.0,210-270
GTTCGGGAGCCTTGAT-r17,Pharyngeal_muscle,300.0,270-330
TGGGCGTTCACAGTAC-300.1.3,Ciliated_amphid_neuron,270.0,270-330
GTAGGCCGTAGCTGCC-400.2.3,Hypodermis,380.0,330-390
TTAGTTCGTCTAGCCG-b01,,130.0,130-170
ACCTTTAAGTACGATA-300.1.1,,270.0,270-330
CAGCCGACAATCCAAC-r17,,225.0,210-270
GACTACATCTGCGTAA-500.2.1,Ciliated_amphid_neuron,700.0,> 650
TAGACCAAGATATGCA-500.2.1,Intestine,640.0,580-650
GGCTCGATCTTCATGT-400.2.3,Body_wall_muscle,390.0,390-450
GGGAATGTCCACGAAT-400.2.2,,270.0,270-330
CGGACGTAGATGCGAC-500.1.1,,550.0,510-580
CCGTGGATCTTGCCGT-b02,Glia,450.0,450-510
CTGAAGTAGCTAGTGG-b01,,120.0,100-130
TGAAAGAAGATGCCTT-400.2.3,,260.0,210-270
CAAGGCCTCCTGTACC-400.2.2,Ciliated_amphid_neuron,380.0,330-390
AGGCCACTCGGAAATA-r17,Ciliated_amphid_neuron,260.0,210-270
CGATTGAGTAGTAGTA-400.2.3,Intestine,230.0,210-270
AACCATGGTCCGCTGA-500.2.1,Intestine,750.0,> 650
CGATGTACACGACGAA-400.2.1,Seam_cell,410.0,390-450
CTCTAATAGATCCCAT-500.1.1,,530.0,510-580
CTAAGACAGAGCAATT-300.1.2,Seam_cell,320.0,270-330
TCGTACCTCAGCTTAG-b01,,190.0,170-210
GCATGATGTATATCCG-b01,,275.0,270-330
TCGCGAGTCACAGTAC-b01,Body_wall_muscle,415.0,390-450
CCTCAGTAGATGCCAG-b01,Ciliated_non_amphid_neuron,350.0,330-390
GCTGCAGGTAGTAGTA-b02,Pharyngeal_neuron,290.0,270-330
TTAACTCTCGCATGAT-400.2.1,Body_wall_muscle,170.0,170-210
GTCGTAACATCTCCCA-b01,Body_wall_muscle,360.0,330-390
TTTACTGGTCCGTTAA-500.1.1,,295.0,270-330
TCGCGTTCATCGGAAG-500.2.1,Ciliated_amphid_neuron,625.0,580-650
ATCTACTCATTGGTAC-b01,,285.0,270-330
GCAAACTCAGTTAACC-400.2.2,Body_wall_muscle,265.0,210-270
CCCAATCAGGCATTGG-400.2.2,Ciliated_amphid_neuron,365.0,330-390
TGGCTGGGTGCTCTTC-400.2.1,Body_wall_muscle,350.0,330-390
GCGACCAAGTGAAGTT-300.1.1,Body_wall_muscle,260.0,210-270
ATCCACCAGACTGGGT-500.2.2,Seam_cell,620.0,580-650
CTCATTACAAACTGTC-400.2.2,Hypodermis,350.0,330-390
CGTTGGGTCACTATTC-b01,Excretory_cell_parent,285.0,270-330
GGACAGACATGTCTCC-300.1.3,Pharyngeal_muscle,335.0,330-390
CAACTAGTCAAGAAGT-b01,Ciliated_amphid_neuron,370.0,330-390
ACTTTCACATCGTCGG-400.2.3,,265.0,210-270
TGTGTTTTCTGAGTGT-400.2.1,Hypodermis,300.0,270-330
AACCATGTCATGGTCA-300.1.2,Body_wall_muscle,410.0,390-450
AAATGCCCATCCCACT-400.2.3,,270.0,270-330
GGCAATTCACGGATAG-b01,hmc_homolog,490.0,450-510
ACGGGCTGTTACTGAC-500.1.2,,370.0,330-390
CTGCTGTGTCAATGTC-b01,Body_wall_muscle,550.0,510-580
TCACAAGCAAATCCGT-500.2.1,Seam_cell,550.0,510-580
GTGTTAGCAGATAATG-400.2.1,Body_wall_muscle,470.0,450-510
AAAGCAAGTCAACATC-400.2.2,Ciliated_non_amphid_neuron,350.0,330-390
TGTCCCAGTGTTAAGA-500.2.2,Body_wall_muscle,490.0,450-510
GTGAAGGCAATAGAGT-400.2.2,,320.0,270-330
CTGTTTAGTTTAGGAA-b01,,150.0,130-170
CGATCGGCATGCATGT-300.1.3,Body_wall_muscle,285.0,270-330
AGCCTAATCGGCGCTA-400.2.3,Hypodermis,285.0,270-330
TGCCCTAGTGCACCAC-b01,Body_wall_muscle,700.0,> 650
ACTTGTTCAACTGCTA-400.2.2,Ciliated_amphid_neuron,360.0,330-390
CTGTTTAAGAAGGTGA-r17,,260.0,210-270
TAGTTGGCACACGCTG-500.2.2,Ciliated_amphid_neuron,470.0,450-510
GGCTGGTTCGACAGCC-500.2.1,Hypodermis,620.0,580-650
TGCCCTAGTGTTTGTG-300.1.3,Intestinal_and_rectal_muscle,410.0,390-450
TGCCCATTCGTTTAGG-400.2.1,,190.0,170-210
GAGGTGAAGACTACAA-500.1.1,Body_wall_muscle,420.0,390-450
TGCCCTAGTGATGTCT-400.2.3,Hypodermis,270.0,270-330
CACAGGCAGGACACCA-300.1.3,,270.0,270-330
CTAACTTAGATGCGAC-b02,Ciliated_non_amphid_neuron,670.0,> 650
TCGGGACCACGCGAAA-300.1.2,Body_wall_muscle,340.0,330-390
CACCACTTCTTGCATT-500.1.1,Ciliated_amphid_neuron,490.0,450-510
TGGACGCGTACATCCA-b01,Glia,630.0,580-650
ACTTTCAGTTCCTCCA-400.2.3,Seam_cell,285.0,270-330
TGAGCATCACCCTATC-300.1.2,Hypodermis,410.0,390-450
GCCAAATAGGGTTCCC-500.2.1,Hypodermis,490.0,450-510
CAAGGCCGTCTAAAGA-400.2.2,Pharyngeal_neuron,270.0,270-330
GCCTCTAAGACCCACC-500.2.2,Ciliated_non_amphid_neuron,670.0,> 650
CTAGTGAAGCGATGAC-b01,Body_wall_muscle,550.0,510-580
CACAAACGTAGGCATG-500.1.1,Body_wall_muscle,420.0,390-450
TAAGTGCGTTTCGCTC-400.2.2,Body_wall_muscle,290.0,270-330
AATCGGTTCTATGTGG-300.1.3,GLR,295.0,270-330
TCGGTAATCTTGTCAT-b01,,130.0,130-170
TCCCGATGTCCATCCT-500.2.1,Hypodermis,620.0,580-650
CTGCCTAAGGCATGGT-500.1.2,Seam_cell,340.0,330-390
TCGAGGCAGCTGGAAC-r17,Body_wall_muscle,360.0,330-390
GACGCGTCACGCGAAA-500.2.2,Coelomocyte,490.0,450-510
GCTGCAGCAGCTTCGG-500.1.1,Hypodermis,640.0,580-650
CGATGTAAGAGACTTA-500.2.1,Ciliated_amphid_neuron,725.0,> 650
CGGACACCACACCGCA-300.1.3,,180.0,170-210
GCTTGAAAGTAGCGGT-400.2.1,Coelomocyte,320.0,270-330
GTGCATAGTATCTGCA-b01,,200.0,170-210
GAAATGAAGTGGAGAA-500.1.1,Glia,410.0,390-450
GTTCTCGGTCGCCATG-300.1.1,Ciliated_amphid_neuron,265.0,210-270
GTGCGGTCATGACATC-r17,Ciliated_amphid_neuron,185.0,170-210
CGGGTCAAGCGCCTCA-500.2.1,Body_wall_muscle,390.0,390-450
CTCATTAGTGAGCGAT-b01,Ciliated_amphid_neuron,640.0,580-650
GAGGTGAGTCTCCATC-500.1.1,,390.0,390-450
ACGGAGAAGTTGAGAT-300.1.1,,265.0,210-270
GTCTTCGAGGCAGGTT-500.1.1,Body_wall_muscle,520.0,510-580
GTTCTCGAGGGATGGG-400.2.1,Body_wall_muscle,340.0,330-390
GATCGCGAGTACGCGA-400.2.1,Ciliated_amphid_neuron,405.0,390-450
CGAGCACGTTTACTCT-400.2.1,Germline,45.0,< 100
CTGTTTAAGGCCGAAT-500.1.1,Body_wall_muscle,585.0,580-650
CCAGCGATCACCTTAT-b02,,490.0,450-510
CTTAACTTCAGAGCTT-400.2.2,Hypodermis,245.0,210-270
CGTGTAAAGACCACGA-500.1.1,Pharyngeal_neuron,300.0,270-330
CGTTGGGTCAGTACGT-r17,Ciliated_non_amphid_neuron,350.0,330-390
GACTGCGCACTTAAGC-b02,Rectal_gland,450.0,450-510
TTGAACGCAGCTGCAC-500.1.2,,490.0,450-510
CGGCTAGTCTTCTGGC-300.1.2,Germline,830.0,> 650
AGGCCGTTCAGGCAAG-300.1.3,,260.0,210-270
CTACATTAGTGTGAAT-300.1.3,Parent_of_hyp1V_and_ant_arc_V,260.0,210-270
TTCTCCTGTCGAATCT-500.1.1,,355.0,330-390
CGGTTAAGTCTGCAAT-500.1.1,Ciliated_non_amphid_neuron,440.0,390-450
GACCAATGTAACGACG-400.2.2,,340.0,330-390
CGTTGGGCACAGACTT-400.2.2,,275.0,270-330
TAAACCGTCAGATAAG-400.2.3,Body_wall_muscle,450.0,450-510
TCAATCTGTGCTAGCC-400.2.2,Body_wall_muscle,340.0,330-390
CGAGAAGCAGCTGGCT-300.1.2,Hypodermis,300.0,270-330
TATGCCCGTCCATGAT-500.1.1,Body_wall_muscle,550.0,510-580
TAAACCGTCGTCTGCT-400.2.1,Ciliated_amphid_neuron,550.0,510-580
AACGTTGAGTCGAGTG-500.1.1,Hypodermis,380.0,330-390
TCAACGATCTCTGTCG-500.1.2,Body_wall_muscle,450.0,450-510
TCAGGTACACGGATAG-b02,Ciliated_amphid_neuron,260.0,210-270
TACTCATCACGAAATA-300.1.1,,330.0,330-390
CATCGGGAGAACAACT-b01,,245.0,210-270
TATCTCAAGCAACGGT-r17,,130.0,130-170
AGAGCTTCAATAGCGG-400.2.2,Body_wall_muscle,345.0,330-390
CCCTCCTAGGCACATG-500.2.1,Seam_cell,385.0,330-390
CAGCAGCTCGAGAACG-500.2.1,,490.0,450-510
GCAGCCAAGGCATGTG-400.2.2,,330.0,330-390
CGTCAGGTCCCTGACT-r17,Parent_of_hyp1V_and_ant_arc_V,275.0,270-330
TGGTTCCAGTGAAGTT-300.1.3,Germline,65.0,< 100
TGATTTCAGTCCATAC-300.1.1,,265.0,210-270
CGAACATGTCCTCTTG-b01,Hypodermis,340.0,330-390
CTCATTAGTAGAGGAA-b01,Ciliated_non_amphid_neuron,425.0,390-450
CTCGGAGCATACGCTA-r17,,200.0,170-210
TAGTGGTCAAGTAGTA-500.2.2,,550.0,510-580
GTCGTAAAGCTACCGC-500.1.1,Body_wall_muscle,410.0,390-450
TTAGGCATCCTATGTT-500.2.2,Seam_cell,510.0,510-580
GTCGGGTGTTACGCGC-500.1.1,,320.0,270-330
ATCCACCGTGTAAGTA-400.2.3,,180.0,170-210
CTACGTCCAATGCCAT-400.2.1,Pharyngeal_muscle,380.0,330-390
AAGGCAGGTTCCGGCA-400.2.1,Intestinal_and_rectal_muscle,550.0,510-580
CCACTACCAGTGGAGT-300.1.3,Pharyngeal_muscle,320.0,270-330
CACAAACTCCGTCAAA-300.1.2,,230.0,210-270
AAAGCAACAACACCTA-b01,Body_wall_muscle,380.0,330-390
CACCTTGGTACCGCTG-400.2.3,Body_wall_muscle,320.0,270-330
ACTGAACCATGTTGAC-r17,Glia,400.0,390-450
AGCGTATAGGACCACA-300.1.1,Hypodermis,370.0,330-390
GTGGGTCCATCGTCGG-400.2.1,,190.0,170-210
TTTATGCAGACACTAA-b01,Ciliated_amphid_neuron,640.0,580-650
GTGCTTCGTAAAGGAG-400.2.2,Hypodermis,370.0,330-390
CGAGCCACACCTCGTT-500.1.1,Ciliated_non_amphid_neuron,350.0,330-390
CAAGTTGGTCTGCGGT-400.2.3,Ciliated_amphid_neuron,490.0,450-510
TCTGAGAGTGAACCTT-500.1.1,,425.0,390-450
CCCAGTTCATAGAAAC-400.2.2,Body_wall_muscle,410.0,390-450
TTCTTAGTCGAATGGG-400.2.1,Body_wall_muscle,380.0,330-390
CGGGTCAAGGGTCTCC-400.2.3,,300.0,270-330
TTCTTAGCAAGTCTGT-b01,,180.0,170-210
CTCGTACTCTGCGACG-500.2.2,Body_wall_muscle,700.0,> 650
CGAGCCATCCTTAATC-500.2.2,,500.0,450-510
CTCGAGGTCCAAACTG-300.1.1,Hypodermis,290.0,270-330
CAAGAAAGTCTAGCCG-500.2.1,hmc_homolog,490.0,450-510
GATCGTAAGCGTCTAT-400.2.3,Hypodermis,410.0,390-450
ACTTGTTCAATGCCAT-500.2.1,Pharyngeal_gland,550.0,510-580
TACACGAAGCTCCTCT-b01,,670.0,> 650
GACCTGGAGCGTCTAT-500.2.2,Hypodermis,550.0,510-580
TATGCCCGTTATTCTC-300.1.2,Body_wall_muscle,285.0,270-330
TTCTACAAGAGACTAT-500.1.1,Body_wall_muscle,640.0,580-650
AATCCAGTCTGGCGTG-b01,,635.0,580-650
GATCTAGTCAGCACAT-400.2.1,Body_wall_muscle,490.0,450-510
CTCGGAGAGAGGTTAT-300.1.1,Body_wall_muscle,300.0,270-330
ATTCTACTCTATCCTA-300.1.1,,295.0,270-330
AGGGTGACAAAGGCGT-500.1.1,Ciliated_non_amphid_neuron,415.0,390-450
CCCATACTCTCAAGTG-400.2.3,Body_wall_muscle,450.0,450-510
ATCTGCCGTTCAGACT-300.1.3,Body_wall_muscle,290.0,270-330
GTACGTAAGCTAAACA-300.1.3,,270.0,270-330
CTGATAGGTTTGCATG-500.2.1,Pharyngeal_muscle,380.0,330-390
CTGCCTAAGCGTTGCC-300.1.2,Hypodermis,320.0,270-330
AGCGTCGGTAAAGTCA-500.1.2,,420.0,390-450
TATCAGGAGAATCTCC-r17,Germline,60.0,< 100
ACGAGCCGTGCGATAG-400.2.3,,450.0,450-510
AGACGTTCAACACCCG-400.2.3,,520.0,510-580
CGGCTAGGTCTGATCA-400.2.1,Body_wall_muscle,410.0,390-450
TTGGCAATCCAGATCA-400.2.2,,275.0,270-330
TTGCGTCGTTAGGGTG-400.2.3,Pharyngeal_muscle,330.0,330-390
TTTACTGTCAGGTTCA-500.2.2,Ciliated_amphid_neuron,390.0,390-450
TGACTTTTCTGTCAAG-400.2.1,Hypodermis,380.0,330-390
TAGAGCTCAGGTCCAC-400.2.2,Intestine,440.0,390-450
CAGCTAAGTGTGACCC-400.2.2,,275.0,270-330
GCAGTTACATCAGTCA-400.2.3,Body_wall_muscle,300.0,270-330
GTGCGGTGTCTGCAAT-400.2.1,,360.0,330-390
ACGATGTGTGCGAAAC-r17,Body_wall_muscle,335.0,330-390
ACGCCGACATACAGCT-r17,Ciliated_amphid_neuron,260.0,210-270
GAGTCCGGTCAGAGGT-r17,Body_wall_muscle,500.0,450-510
TATTACCTCAAGGCTT-300.1.3,,260.0,210-270
CGGGTCATCACGCATA-500.2.2,,360.0,330-390
ATAACGCGTTGTGGCC-r17,Ciliated_amphid_neuron,270.0,270-330
TCCACACTCTCTGTCG-300.1.2,Hypodermis,375.0,330-390
CACTCCAGTGGTAACG-400.2.1,,350.0,330-390
TACACGAGTAGAAAGG-500.2.2,Body_wall_muscle,630.0,580-650
ATCATGGCACGTCAGC-300.1.1,,275.0,270-330
CTAACTTCAGCTGCTG-400.2.2,Body_wall_muscle,400.0,390-450
TAGAGCTCATCAGTCA-b02,Body_wall_muscle,750.0,> 650
CCGGTAGGTGATGTCT-r17,Ciliated_non_amphid_neuron,260.0,210-270
CATATGGTCAACGCTA-400.2.2,Body_wall_muscle,320.0,270-330
ATCACGAAGAAGATTC-b01,Ciliated_non_amphid_neuron,550.0,510-580
CCTAAAGAGACACGAC-500.1.1,,360.0,330-390
TTCTCCTGTACATCCA-400.2.2,Hypodermis,405.0,390-450
CGGCTAGAGAAGGGTA-300.1.1,,190.0,170-210
CGTCAGGGTCAAAGAT-500.2.1,Coelomocyte,410.0,390-450
GCTTCCATCGTGGACC-400.2.2,GLR,300.0,270-330
AGAGCGAGTTGAGTTC-400.2.2,Ciliated_non_amphid_neuron,385.0,330-390
CTTGGCTAGCCACCTG-300.1.3,,190.0,170-210
GATCAGTTCTCTGCTG-500.2.2,Ciliated_amphid_neuron,450.0,450-510
TACTCGCTCGCTGATA-b01,Pharyngeal_muscle,440.0,390-450
CTCGGAGTCTATGTGG-300.1.1,Pharyngeal_muscle,280.0,270-330
CGAATGTGTCATGCCG-400.2.3,Hypodermis,300.0,270-330
TTCTCAAAGCTGTTCA-400.2.1,Body_wall_muscle,265.0,210-270
AACTGGTAGTTAGGTA-b01,Rectal_cell,620.0,580-650
GGTATTGCATTCTTAC-r17,Body_wall_muscle,420.0,390-450
ATCCGAAAGCGAAGGG-300.1.2,ABarpaaa_lineage,295.0,270-330
GGTGCGTGTCCAGTTA-400.2.3,,330.0,330-390
AGGTCATAGTGTTGAA-500.2.2,Hypodermis,390.0,390-450
TCGCGAGCACAGAGGT-500.2.1,Seam_cell,420.0,390-450
TACGGGCCAGTATCTG-400.2.1,Coelomocyte,375.0,330-390
TTCTACAGTCTGGAGA-400.2.1,Pharyngeal_gland,415.0,390-450
TGCGCAGCAGCTGCTG-500.1.2,,500.0,450-510
CGCTATCTCGTAGATC-300.1.1,Hypodermis,285.0,270-330
TACACGATCCTTCAAT-400.2.3,Pharyngeal_muscle,280.0,270-330
GGGCACTAGGCACATG-400.2.2,Body_wall_muscle,390.0,390-450
ACGAGCCTCTGTTGAG-300.1.1,,260.0,210-270
GTATTCTTCCAAACAC-500.1.3,Body_wall_muscle,290.0,270-330
ATTATCCTCTCGAGTA-r17,Ciliated_non_amphid_neuron,310.0,270-330
GTCAAGTGTAAGAGGA-500.1.1,Body_wall_muscle,420.0,390-450
GCACTCTCAAAGAATC-b01,Hypodermis,340.0,330-390
CGAGCACCAACTTGAC-500.1.1,Hypodermis,380.0,330-390
GGACAGATCCCTTGTG-300.1.3,,300.0,270-330
ATTCTACAGGGTTTCT-r17,,370.0,330-390
GTCTCGTAGTTATCGC-400.2.3,Coelomocyte,380.0,330-390
CACACTCGTGCAGTAG-300.1.3,,270.0,270-330
CTGCGGACAGTCAGAG-500.1.3,Body_wall_muscle,410.0,390-450
ATCACGATCACATAGC-500.1.2,,390.0,390-450
GCAGCCATCATTTGGG-r17,,270.0,270-330
ATAACGCGTAGCGTCC-300.1.1,Body_wall_muscle,360.0,330-390
TGAGAGGTCAGATAAG-400.2.2,Ciliated_amphid_neuron,550.0,510-580
AGCATACGTCCTGCTT-b01,Body_wall_muscle,310.0,270-330
TGAAAGAGTCCAGTAT-400.2.2,,300.0,270-330
CAAGAAAAGGGCATGT-500.2.2,,700.0,> 650
AATCGGTGTACCGCTG-b01,,230.0,210-270
GGGCACTTCACTCCTG-500.2.1,Intestine,700.0,> 650
CGTAGGCAGAAACCAT-400.2.2,Body_wall_muscle,450.0,450-510
ACTTACTTCCGAACGC-b02,Pharyngeal_neuron,320.0,270-330
GACTGCGAGTTATCGC-b01,Hypodermis,230.0,210-270
AGCATACAGAGGGATA-r17,,245.0,210-270
CCTAGCTCAAGTTAAG-400.2.1,Body_wall_muscle,390.0,390-450
TGCGGGTCACATTCGA-500.2.2,Hypodermis,530.0,510-580
CAGGTGCTCCATGAAC-500.2.1,Pharyngeal_gland,375.0,330-390
CGTCCATTCCTTCAAT-500.1.1,,635.0,580-650
AAGGCAGAGGCAAAGA-500.2.1,Hypodermis,390.0,390-450
GGAAAGCTCGATCCCT-400.2.3,,305.0,270-330
CTACATTGTTTCGCTC-500.1.2,Pharyngeal_muscle,550.0,510-580
AGCTCTCCAACGATGG-r17,Ciliated_non_amphid_neuron,405.0,390-450
CACCACTCATGTCTCC-300.1.1,Body_wall_muscle,270.0,270-330
GGCGACTTCGCGCCAA-400.2.1,Body_wall_muscle,410.0,390-450
CCTACCATCTTGGGTA-300.1.2,Body_wall_muscle,360.0,330-390
GCATGTACACATTCGA-r17,Ciliated_non_amphid_neuron,450.0,450-510
CAAGTTGCATCAGTAC-b01,,190.0,170-210
GGACATTCAGGTCGTC-r17,Body_wall_muscle,410.0,390-450
CACACTCTCGAATCCA-400.2.3,Intestine,330.0,330-390
GTCTTCGCATGTCCTC-b01,,170.0,170-210
ATGCGATCACGGTAAG-400.2.2,,300.0,270-330
TGAGGGACATTGTGCA-500.1.1,Body_wall_muscle,490.0,450-510
GACAGAGAGCTAGTGG-r17,Body_wall_muscle,170.0,170-210
GTACTCCGTGCAACGA-r17,,300.0,270-330
CTCGAGGAGTATTGGA-500.2.1,,400.0,390-450
GGACAGAAGACTTTCG-r17,Intestine,420.0,390-450
GCCAAATGTTTGTTTC-400.2.2,,265.0,210-270
TCGCGAGCAGGATCGA-500.2.2,,355.0,330-390
CAAGATCAGGGTTTCT-300.1.3,Body_wall_muscle,410.0,390-450
AGCATACGTGCAACTT-b01,Ciliated_non_amphid_neuron,440.0,390-450
GACCAATTCAAACAAG-300.1.2,,260.0,210-270
ATTGGACAGCCCAATT-300.1.3,Hypodermis,415.0,390-450
CATTATCGTGTTCGAT-500.2.1,Ciliated_amphid_neuron,725.0,> 650
TCGTACCCATGATCCA-b02,,190.0,170-210
GAACGGAAGTTACCCA-500.2.1,Glia,430.0,390-450
CAAGTTGAGGTGATTA-300.1.2,,230.0,210-270
CTGCGGAGTACCGCTG-300.1.3,,260.0,210-270
CTTTGCGCATGACGGA-400.2.1,Glia,450.0,450-510
CAGATCATCTGTCAAG-b01,,190.0,170-210
TCGGTAAAGTCCCACG-300.1.3,Body_wall_muscle,350.0,330-390
ACGGGCTAGCTGTTCA-300.1.1,,230.0,210-270
ACGAGCCCAAACGTGG-b01,,320.0,270-330
AGATCTGGTCTTCGTC-500.1.1,Body_wall_muscle,410.0,390-450
CAGTAACCAGGACGTA-b01,,405.0,390-450
TGCCCATAGAGGTTAT-r17,hmc_and_homolog,350.0,330-390
ATTGGACAGGATGGTC-300.1.1,Parent_of_exc_gland_AVK,265.0,210-270
AAAGTAGCAGGATCGA-300.1.2,,200.0,170-210
CCCTCCTGTAAATGTG-r17,,190.0,170-210
GAAGCAGAGTCGCCGT-500.2.2,,470.0,450-510
GTGGGTCAGTCCAGGA-500.2.1,Seam_cell,550.0,510-580
ATTCTACCATTACCTT-400.2.1,,300.0,270-330
AGATTGCCACCAGTTA-300.1.2,,230.0,210-270
TACAGTGAGGCTACGA-r17,,130.0,130-170
CTAGCCTAGTCCAGGA-b01,Pharyngeal_marginal_cell,340.0,330-390
GGCTCGAGTGACCAAG-300.1.2,,295.0,270-330
CCTAAAGCAATCTGCA-300.1.1,,340.0,330-390
ATAGACCAGTACCGGA-500.2.1,Hypodermis,420.0,390-450
CATCCACCATCGGTTA-400.2.2,Hypodermis,470.0,450-510
ATTACTCGTCTGCGGT-400.2.2,,350.0,330-390
ACGCCAGAGCGGCTTC-400.2.2,Ciliated_non_amphid_neuron,370.0,330-390
TTCTTAGAGTACGTTC-400.2.3,,260.0,210-270
GGATGTTTCCATTCTA-500.2.1,,315.0,270-330
ACTTTCACAAGCTGGA-400.2.1,Hypodermis,400.0,390-450
GCTGCGAGTGGTTTCA-500.1.1,,365.0,330-390
GACTGCGAGATCCCAT-b01,Ciliated_amphid_neuron,260.0,210-270
TAAGAGAGTCATTAGC-300.1.1,,300.0,270-330
TGCTACCCAATGTAAG-400.2.2,Hypodermis,390.0,390-450
GCTCCTACAGTCGTGC-300.1.3,Hypodermis,380.0,330-390
ACGCCGAAGACAGAGA-300.1.1,Body_wall_muscle,350.0,330-390
TAGTGGTTCGGATGTT-300.1.3,Seam_cell,420.0,390-450
GGTGAAGTCGTTTAGG-500.1.2,Glia,620.0,580-650
CTCGAGGAGGAATGGA-500.1.1,,170.0,170-210
GGATGTTCAGCCTTTC-400.2.3,Body_wall_muscle,270.0,270-330
ACTGTCCCACTGTCGG-b01,,700.0,> 650
GAGCAGAGTCGGCTCA-500.2.1,Pharyngeal_gland,550.0,510-580
GTGCAGCGTTGAGTTC-b01,Pharyngeal_neuron,300.0,270-330
CTGCCTACATACGCCG-400.2.2,,205.0,170-210
CGGAGCTAGCGATCCC-b01,Seam_cell,320.0,270-330
GCATGCGCACGTGAGA-r17,,285.0,270-330
TACACGAAGCACCGTC-300.1.2,,200.0,170-210
AGAGTGGCATCGGAAG-300.1.3,,230.0,210-270
CGTTCTGGTGATGTCT-300.1.2,Hypodermis,230.0,210-270
GATCGTACAAAGGTGC-400.2.3,Ciliated_amphid_neuron,355.0,330-390
AAAGTAGGTATCACCA-400.2.2,Intestinal_and_rectal_muscle,350.0,330-390
ACGTCAAGTTATCACG-b01,,170.0,170-210
CCACCTACATTCACTT-400.2.3,Parent_of_exc_gland_AVK,290.0,270-330
GGCAATTTCAAACCAC-500.1.1,Body_wall_muscle,430.0,390-450
CGGGTCATCAAACGGG-400.2.2,,260.0,210-270
AACTCCCTCCTATGTT-500.2.1,,630.0,580-650
AAGGCAGAGGATATAC-b01,Body_wall_muscle,345.0,330-390
TTCTACAGTCGCTTCT-b01,Body_wall_muscle,450.0,450-510
GGATGTTAGGGCTTGA-r17,Body_wall_muscle,500.0,450-510
CTAAGACGTCGCATCG-400.2.3,,300.0,270-330
TGGCCAGGTGTCTGAT-b01,Glia,450.0,450-510
CGTGTAAAGAGAACAG-400.2.2,Seam_cell,320.0,270-330
GACTAACAGGTGATAT-500.1.1,,420.0,390-450
GGCGTGTCATCGATGT-300.1.2,,205.0,170-210
CTTAACTCAAGGTTTC-r17,,260.0,210-270
GCATACAAGAGCTGGT-300.1.3,,415.0,390-450
CCTAGCTGTTGCGTTA-r17,Pharyngeal_muscle,345.0,330-390
CACCACTAGAACTCGG-b02,,170.0,170-210
GTACGTATCGATAGAA-400.2.3,,265.0,210-270
CGATGTAAGAGGTTAT-500.1.1,,455.0,450-510
ACATACGCAGTAAGAT-b01,Germline,0.0,< 100
CCGTTCAGTTCCAACA-400.2.2,,270.0,270-330
TGCCCATTCACCATAG-500.2.2,Seam_cell,510.0,510-580
TACGGGCGTATAAACG-500.1.1,Body_wall_muscle,620.0,580-650
GACGGCTGTGCATCTA-400.2.3,Pharyngeal_neuron,300.0,270-330
CAGCGACTCGCCTGAG-500.1.1,,335.0,330-390
ACGAGGAAGAAGAAGC-300.1.2,Seam_cell,295.0,270-330
ACATCAGTCCTGCTTG-400.2.3,Body_wall_muscle,410.0,390-450
ACCTTTATCTAGCACA-300.1.1,,195.0,170-210
TCATTACGTAGCGCTC-300.1.1,,285.0,270-330
AGTCTTTTCTGCGTAA-b01,M_cell,420.0,390-450
AACTGGTGTAGAAGGA-500.2.1,,700.0,> 650
ATCACGATCTGCGGCA-r17,Z1_Z4,370.0,330-390
CTCCTAGCATTAGCCA-300.1.2,,260.0,210-270
GCATGATAGGCATGTG-400.2.2,Pharyngeal_muscle,350.0,330-390
TGGGCGTTCACCGTAA-r17,Body_wall_muscle,420.0,390-450
ATTCTACGTAAACCTC-b02,,210.0,210-270
TACTTGTCATACGCCG-500.1.2,Ciliated_amphid_neuron,620.0,580-650
CCATTCGGTCCAGTGC-500.2.2,,380.0,330-390
CAGCGACGTTTGGGCC-b02,Seam_cell,350.0,330-390
GGCAATTTCGACGGAA-r17,Body_wall_muscle,370.0,330-390
TTAGTTCTCATCGGAT-b01,,340.0,330-390
GGAAAGCGTGCAGACA-500.2.2,Hypodermis,405.0,390-450
AGCAGCCGTTAAGAAC-r17,Excretory_duct_and_pore,400.0,390-450
CAACCAACAGTTTACG-400.2.1,,260.0,210-270
CTCTAATTCAACACTG-b01,Ciliated_non_amphid_neuron,260.0,210-270
CATCGAACAAGTACCT-400.2.2,Body_wall_muscle,420.0,390-450
ACATGGTCACTTAAGC-300.1.3,,300.0,270-330
TTCGGTCTCCTACAGA-300.1.1,Hypodermis,280.0,270-330
TCAACGATCCCACTTG-b01,Body_wall_muscle,385.0,330-390
TTGTAGGGTTTGTTTC-300.1.1,,230.0,210-270
TCATTACAGCAACGGT-300.1.1,Ciliated_amphid_neuron,260.0,210-270
TTCGGTCGTCACCTAA-r17,,270.0,270-330
GCACATACAAACTGCT-b02,,190.0,170-210
CTAGAGTCAACGATCT-r17,,100.0,100-130
TGCTGCTGTGTGCGTC-r17,Body_wall_muscle,550.0,510-580
ATTGGTGAGGCTCATT-400.2.2,,300.0,270-330
ATTCTACGTCCGTCAG-500.2.2,Hypodermis,550.0,510-580
CGAGAAGGTCAATACC-500.1.1,Body_wall_muscle,415.0,390-450
CGCGGTAGTTGAACTC-b01,,200.0,170-210
CCTAGCTTCGTCACGG-400.2.3,,280.0,270-330
ACGAGGATCTCTAGGA-500.1.2,Body_wall_muscle,430.0,390-450
CAGATCATCTGCTGCT-500.2.1,Seam_cell,550.0,510-580
TGCGGGTCAGACGTAG-300.1.1,,215.0,210-270
GTTCATTGTACTTGAC-300.1.2,hmc_and_homolog,360.0,330-390
CGTTCTGCATACCATG-400.2.2,Body_wall_muscle,290.0,270-330
GATCGTACAGGGTATG-500.1.2,Body_wall_muscle,390.0,390-450
CACACAATCAGGATCT-500.1.1,,330.0,330-390
GTGAAGGAGCTAAGAT-r17,Ciliated_amphid_neuron,170.0,170-210
TTATGCTGTCGACTAT-400.2.3,,230.0,210-270
CGTTCTGCAGCCACCA-300.1.2,Body_wall_muscle,370.0,330-390
TCGGGACCAGATAATG-400.2.2,Ciliated_amphid_neuron,405.0,390-450
TGAGCATGTCGCATCG-300.1.1,Intestine,670.0,> 650
CACACAAAGCGCTCCA-500.1.2,Body_wall_muscle,390.0,390-450
CTGATAGGTGTAACGG-300.1.1,Hypodermis,410.0,390-450
AGAGCGATCGGTTAAC-b01,Glia,490.0,450-510
CAAGATCGTCTCCCTA-300.1.1,ABarpaaa_lineage,180.0,170-210
AAACCTGCAGATGAGC-400.2.2,Ciliated_amphid_neuron,260.0,210-270
CATCAAGAGTACTTGC-400.2.3,,620.0,580-650
CTCATTACATCCTTGC-r17,,215.0,210-270
CATTATCCAGGGAGAG-300.1.3,Seam_cell,300.0,270-330
GCTGCGAGTAGCCTCG-500.1.2,,550.0,510-580
AACTGGTGTCTCCCTA-500.1.1,,640.0,580-650
AAACCTGCAGTAAGAT-500.1.2,Body_wall_muscle,425.0,390-450
TGTCCCACACGAGAGT-400.2.2,,190.0,170-210
GTATTCTGTCGCGAAA-300.1.3,Z1_Z4,340.0,330-390
ACTTTCACACCACCAG-r17,,180.0,170-210
CAAGAAATCCCAAGTA-500.1.1,Hypodermis,390.0,390-450
TTCTCCTCATCCGGGT-400.2.1,Pharyngeal_muscle,340.0,330-390
CATCGAAAGGATGGTC-b01,,160.0,130-170
GGGTTGCCAGACGCAA-r17,,350.0,330-390
TAAGAGAGTCTACCTC-300.1.3,Germline,0.0,< 100
GTACTCCCATCCTTGC-400.2.3,Body_wall_muscle,320.0,270-330
TAGTTGGAGACGCACA-b01,Body_wall_muscle,630.0,580-650
CTCGTCACAACACCTA-500.2.2,Seam_cell,450.0,450-510
CTCTACGTCATTCACT-300.1.1,,270.0,270-330
ACGGGTCCAGTATGCT-300.1.2,,170.0,170-210
CGAATGTGTCATGCAT-500.2.2,Arcade_cell,630.0,580-650
GAGCAGATCAGGCGAA-500.2.1,Body_wall_muscle,725.0,> 650
GGGACCTGTATAGGGC-500.1.1,Body_wall_muscle,420.0,390-450
ACTTTCATCGTTTGCC-300.1.3,Hypodermis,335.0,330-390
ATTACTCAGTGACTCT-400.2.2,Ciliated_amphid_neuron,415.0,390-450
GGAACTTCACAAGCCC-300.1.2,Body_wall_muscle,390.0,390-450
CCCAGTTTCTGCTGTC-500.2.1,Ciliated_non_amphid_neuron,640.0,580-650
GGCGACTGTGCTAGCC-r17,,260.0,210-270
AGTCTTTAGTACATGA-r17,Ciliated_amphid_neuron,350.0,330-390
CAGCAGCGTATTAGCC-b01,Body_wall_muscle,620.0,580-650
CCAGCGATCAGGTTCA-500.2.2,,660.0,> 650
GTTCGGGCAGTCAGAG-400.2.2,,260.0,210-270
ATGAGGGTCTTGCAAG-r17,,200.0,170-210
AGCTTGAAGGGATACC-r17,Glia,700.0,> 650
GGTGTTACAGTCAGCC-400.2.3,Body_wall_muscle,265.0,210-270
TTGCCGTTCCTACAGA-400.2.2,Hypodermis,280.0,270-330
GAGCAGATCTCGTATT-400.2.3,Hypodermis,420.0,390-450
GAATGAATCGAACGGA-400.2.3,Body_wall_muscle,420.0,390-450
GTCACGGGTACGCACC-400.2.1,Ciliated_non_amphid_neuron,290.0,270-330
TCAGGATCAGGTCTCG-400.2.2,,270.0,270-330
GATCGCGAGGCAAAGA-b01,,260.0,210-270
GACGTTAAGTGCCAGA-300.1.1,Body_wall_muscle,325.0,270-330
ACACCAACACACGCTG-400.2.2,Body_wall_muscle,420.0,390-450
ACGAGGATCTTCGAGA-300.1.2,Body_wall_muscle,345.0,330-390
AGGGATGCATCCCATC-400.2.1,,620.0,580-650
TCGTAGATCTCCCTGA-400.2.2,Ciliated_non_amphid_neuron,265.0,210-270
TAGGCATAGTGACTCT-r17,Parent_of_exc_duct_pore_DB_1_3,270.0,270-330
CGGGTCACACATGACT-500.1.1,Ciliated_amphid_neuron,550.0,510-580
GATCAGTGTCAGTGGA-300.1.3,,225.0,210-270
CGTCTACTCCTCGCAT-b01,Hypodermis,360.0,330-390
GCGCGATAGCTGAACG-400.2.3,Hypodermis,300.0,270-330
CGTCACTGTGCAGTAG-500.1.1,Hypodermis,280.0,270-330
CGGACTGGTGTGGCTC-400.2.2,Body_wall_muscle,390.0,390-450
TTTATGCAGAAGGGTA-400.2.2,Ciliated_amphid_neuron,490.0,450-510
AAGGCAGGTGCAGGTA-400.2.3,Ciliated_non_amphid_neuron,360.0,330-390
GAACGGACACAAGCCC-300.1.1,,270.0,270-330
ATCTGCCCACAAGCCC-b01,Body_wall_muscle,360.0,330-390
CTCGGGAAGACTCGGA-400.2.3,,300.0,270-330
GCGGGTTGTGATGTCT-400.2.1,Body_wall_muscle,320.0,270-330
TTAGTTCAGACACGAC-r17,,130.0,130-170
CTACATTTCTACCTGC-r17,Body_wall_muscle,330.0,330-390
GTGCATAGTTCCCTTG-500.2.2,,365.0,330-390
GTAACGTAGATCCCAT-400.2.2,,285.0,270-330
CACCTTGGTTCTGTTT-300.1.3,Ciliated_amphid_neuron,260.0,210-270
CCTTTCTAGAAACGCC-300.1.1,Hypodermis,280.0,270-330
CATTCGCGTTACCAGT-b01,,210.0,210-270
CCCAATCCAGGTCTCG-r17,,530.0,510-580
GTTACAGCAGATGAGC-r17,,150.0,130-170
GTATTCTCACCCATGG-300.1.2,,260.0,210-270
CTAACTTCACAGGCCT-500.2.2,Ciliated_non_amphid_neuron,370.0,330-390
CGCGTTTAGGCAAAGA-400.2.1,Hypodermis,325.0,270-330
ACCCACTAGATGTGTA-300.1.1,,190.0,170-210
GAAACTCCAGTATAAG-300.1.3,Body_wall_muscle,320.0,270-330
AGGGAGTCACAGCGTC-300.1.1,,350.0,330-390
CTCTACGTCTAACTGG-500.2.1,Hypodermis,450.0,450-510
AGCTCTCGTATCACCA-400.2.1,Ciliated_amphid_neuron,385.0,330-390
CGTCAGGGTGCTCTTC-400.2.2,Hypodermis,400.0,390-450
TACGGATCAACTGCTA-b01,,190.0,170-210
TATCAGGAGCACCGCT-400.2.3,Body_wall_muscle,320.0,270-330
CGGCTAGCAGACACTT-r17,hyp1V_and_ant_arc_V,350.0,330-390
TTGGCAATCCTGTAGA-r17,,190.0,170-210
GACGTGCGTCATCCCT-400.2.2,,350.0,330-390
GCGCAACTCCGTTGCT-b01,Pharyngeal_muscle,490.0,450-510
AAACGGGTCCTTGACC-500.1.1,Body_wall_muscle,635.0,580-650
TAAGTGCCAGCTCGAC-500.2.2,Ciliated_amphid_neuron,640.0,580-650
AACTGGTTCCCATTAT-500.2.2,Hypodermis,550.0,510-580
ACATCAGGTTGTACAC-400.2.2,,270.0,270-330
CAGCCGAAGTACACCT-r17,,470.0,450-510
GATCAGTAGGTTCCTA-500.2.1,Body_wall_muscle,490.0,450-510
GAATAAGTCTACCAGA-300.1.3,Hypodermis,350.0,330-390
GTAGGCCTCGAATGGG-400.2.3,Intestinal_and_rectal_muscle,470.0,450-510
GCCAAATTCTTAGAGC-r17,Body_wall_muscle,450.0,450-510
AGGTCATGTTCCTCCA-500.2.1,M_cell,830.0,> 650
CCACCTAGTTCGAATC-300.1.3,,200.0,170-210
CAGCAGCCAGCTGCAC-r17,,245.0,210-270
CTCAGAACAGCCTGTG-400.2.2,,330.0,330-390
AGGGTGATCGATCCCT-400.2.1,Hypodermis,350.0,330-390
ACACCGGTCTATGTGG-500.2.2,,470.0,450-510
ACGCCAGCATACTACG-500.1.1,,360.0,330-390
GGGTCTGAGGTGCTTT-b01,Ciliated_amphid_neuron,450.0,450-510
TCAGCAAAGGAGCGTT-300.1.2,Hypodermis,310.0,270-330
GCGGGTTTCTAAGCCA-r17,,190.0,170-210
TGTCCCAAGGCCCTCA-300.1.3,,270.0,270-330
CAGATCAGTCTCTCTG-300.1.2,,350.0,330-390
CTCAGAATCTTACCGC-500.2.2,Intestinal_and_rectal_muscle,640.0,580-650
CATTATCGTAAAGTCA-500.1.3,Arcade_cell,620.0,580-650
CGTCAGGAGCTGTTCA-300.1.2,Hypodermis,405.0,390-450
CACAGTACAGATCTGT-b01,,120.0,100-130
AGCCTAACATGGTCAT-400.2.1,Hypodermis,400.0,390-450
GAATAAGAGATGTGGC-b01,,130.0,130-170
CACAGGCCAATACGCT-400.2.3,Pharyngeal_marginal_cell,340.0,330-390
TGACTTTCACTGCCAG-r17,,190.0,170-210
ATCCACCCAGGTTTCA-b01,,180.0,170-210
TGGCCAGAGACCGGAT-300.1.2,Hypodermis,360.0,330-390
GCTCCTATCCACTCCA-b01,Body_wall_muscle,350.0,330-390
GCAGCCACAAACCCAT-400.2.1,Body_wall_muscle,300.0,270-330
GACGCGTGTTTGTTTC-r17,,200.0,170-210
GATCGTACAGATTGCT-400.2.2,Pharyngeal_muscle,450.0,450-510
CTCGAAATCGGTCCGA-400.2.2,,260.0,210-270
AGCGTATGTAGGCATG-500.1.1,Hypodermis,390.0,390-450
CCTTCGACACAGAGGT-b01,,260.0,210-270
ATTGGTGGTAGCTGCC-500.2.2,Hypodermis,420.0,390-450
TGCGTGGAGATCACGG-r17,,450.0,450-510
CGGTTAACAATCACAC-300.1.2,Pharyngeal_muscle,370.0,330-390
AGGCCACAGAGGGCTT-500.1.2,Glia,450.0,450-510
TACTCATTCTAACTCT-500.2.2,Hypodermis,450.0,450-510
CGCTATCCAATTCCTT-b01,Ciliated_amphid_neuron,160.0,130-170
AAGACCTAGAACTCGG-500.1.1,Body_wall_muscle,490.0,450-510
GCTTGAATCTTATCTG-r17,Body_wall_muscle,420.0,390-450
GAGTCCGTCGGTGTCG-b02,Glia,510.0,510-580
GGGTTGCAGAGTCGGT-r17,Pharyngeal_marginal_cell,420.0,390-450
CTCGAGGCAGCCTGTG-500.1.2,,670.0,> 650
TCGGTAAGTCAGAGGT-b02,Body_wall_muscle,410.0,390-450
ACGGAGAGTCTGATCA-400.2.2,Body_wall_muscle,300.0,270-330
GCTGCAGGTCCGTCAG-300.1.2,,320.0,270-330
TCGGTAACATTTCACT-400.2.3,Body_wall_muscle,350.0,330-390
TAGTTGGTCGGCATCG-300.1.1,,270.0,270-330
GCTGCAGTCGGACAAG-b01,Ciliated_non_amphid_neuron,260.0,210-270
TTAGGCAGTAAGGGAA-400.2.2,Body_wall_muscle,490.0,450-510
TCGCGAGGTCGCGTGT-300.1.3,Hypodermis,360.0,330-390
GTAGGCCGTCGCATAT-b01,,270.0,270-330
TCTTTCCCAGGGTATG-400.2.2,Body_wall_muscle,380.0,330-390
CTAGTGACATTACCTT-300.1.2,,265.0,210-270
CCTACCAGTACGCACC-r17,Pharyngeal_muscle,320.0,270-330
TTAGGCAAGGCGATAC-500.1.2,Body_wall_muscle,490.0,450-510
TCAGGATTCGTACCGG-r17,Ciliated_amphid_neuron,490.0,450-510
CCGTGGAGTATAGGGC-400.2.2,,330.0,330-390
TACAGTGGTATATCCG-b02,Body_wall_muscle,190.0,170-210
TATCAGGGTCCGACGT-r17,,220.0,210-270
AGCATACCATTAACCG-500.2.2,Hypodermis,630.0,580-650
GACCAATTCAACTCTT-500.1.1,Seam_cell,640.0,580-650
CAAGATCCAGTCTTCC-400.2.3,,245.0,210-270
AAACGGGGTGATGTCT-b01,Pharyngeal_muscle,410.0,390-450
TCGTAGAAGGGCTCTC-300.1.3,,230.0,210-270
CGACTTCCATGCTGGC-300.1.1,,190.0,170-210
GCGCAACAGTTGAGTA-500.1.1,Body_wall_muscle,420.0,390-450
TTAGGACGTATCTGCA-500.2.2,Ciliated_amphid_neuron,640.0,580-650
AAGGAGCGTCTGGAGA-r17,,200.0,170-210
GTAGGCCTCAGGCAAG-400.2.2,ABarpaaa_lineage,195.0,170-210
TACTCATTCTTTACGT-b02,,585.0,580-650
ACTATCTTCTTGGGTA-300.1.3,,205.0,170-210
CTCTGGTAGCTCCTTC-b01,,550.0,510-580
CGTCTACGTAGTAGTA-500.1.1,Ciliated_amphid_neuron,550.0,510-580
AAGACCTTCTGGCGAC-300.1.1,Hypodermis,290.0,270-330
AAGGCAGAGCTGCGAA-r17,Pharyngeal_muscle,310.0,270-330
AGGCCGTGTGGTAACG-r17,,270.0,270-330
CGTGAGCCAGGTGCCT-r17,,200.0,170-210
CTGATCCCAGTCACTA-b02,,230.0,210-270
GCATGATAGAGATGAG-r17,GLR,275.0,270-330
CATATGGTCATTCACT-500.2.2,Body_wall_muscle,490.0,450-510
CACACTCAGGAGCGAG-400.2.1,GLR,270.0,270-330
CATCCACCAAGACGTG-300.1.3,Ciliated_non_amphid_neuron,340.0,330-390
CTTACCGTCCCGGATG-400.2.3,,395.0,390-450
CAGCTGGCATAAAGGT-b01,,245.0,210-270
ATAAGAGCAAGAGGCT-500.1.3,Body_wall_muscle,550.0,510-580
ACAGCTAGTTCGTGAT-b01,Pharyngeal_neuron,355.0,330-390
CCATGTCCACACCGCA-r17,,190.0,170-210
GACTGCGGTGAGCGAT-400.2.1,Body_wall_muscle,350.0,330-390
AAGTCTGAGAGTCTGG-300.1.3,Hypodermis,290.0,270-330
AAGTCTGTCTGATACG-b01,,620.0,580-650
ATCACGATCGTCTGAA-500.1.2,,385.0,330-390
CGATGGCCATCGATGT-300.1.3,,290.0,270-330
CTACATTGTAGTGAAT-400.2.1,Intestine,340.0,330-390
GACTACACACTAGTAC-500.2.1,hmc,530.0,510-580
ACTGTCCAGGACACCA-300.1.2,Body_wall_muscle,340.0,330-390
TGGCGCATCCAAACAC-400.2.3,Body_wall_muscle,320.0,270-330
TATTACCTCATTCACT-500.2.1,Ciliated_amphid_neuron,640.0,580-650
CCGGGATCAGTCGATT-400.2.3,,225.0,210-270
CCGGGATTCCTTTCGG-400.2.3,Ciliated_non_amphid_neuron,310.0,270-330
CCATGTCTCTTTCCTC-500.2.1,Ciliated_amphid_neuron,375.0,330-390
TAGCCGGCAAGACGTG-r17,Hypodermis,400.0,390-450
TTCTCCTTCGGTCTAA-500.1.1,,390.0,390-450
CACATAGTCATAGCAC-b01,,595.0,580-650
TACTTACGTCGACTAT-400.2.3,,210.0,210-270
CTGTTTAGTACACCGC-300.1.3,Intestine,410.0,390-450
TCTCATAGTGGCCCTA-b01,,230.0,210-270
CGAGAAGAGATGCCAG-b02,Intestinal_and_rectal_muscle,450.0,450-510
TCAGGTACAAACTGCT-400.2.1,Hypodermis,300.0,270-330
CGCCAAGTCTGGCGAC-500.2.1,Seam_cell,640.0,580-650
CTCATTATCACAAACC-300.1.3,,190.0,170-210
CGGACTGGTACTTCTT-b02,,280.0,270-330
AGTGGGAAGTGGGATC-500.1.1,Body_wall_muscle,490.0,450-510
TCTGAGATCAGCATGT-300.1.1,Body_wall_muscle,390.0,390-450
GGCAATTTCATCGATG-r17,,195.0,170-210
AACTCTTTCTCTTGAT-400.2.1,,190.0,170-210
TGACTTTCAGTCGTGC-b01,Pharyngeal_intestinal_valve,450.0,450-510
CTACACCTCCGTTGTC-r17,,295.0,270-330
CCCAATCTCAAAGACA-500.1.1,,530.0,510-580
TACCTATAGCGCCTTG-400.2.2,,510.0,510-580
CAGGTGCCACGAAACG-500.2.1,Hypodermis,550.0,510-580
GCATGCGAGCTCCTTC-r17,,290.0,270-330
CCATGTCAGACGCTTT-300.1.3,,270.0,270-330
CTACGTCAGATTACCC-300.1.3,,230.0,210-270
TATCTCATCGGCGGTT-300.1.1,,290.0,270-330
TCGCGAGAGAAGGACA-500.1.1,Ciliated_amphid_neuron,470.0,450-510
GTGAAGGCATATGGTC-400.2.3,,340.0,330-390
CAGTAACTCTTAGCCC-500.1.1,,420.0,390-450
ACACCCTGTCCCGACA-500.2.2,Hypodermis,620.0,580-650
CCTAGCTCAAGGTTTC-500.1.1,Glia,620.0,580-650
AACGTTGTCCGTAGTA-r17,,195.0,170-210
GTACGTAAGCGGATCA-300.1.1,Hypodermis,210.0,210-270
GTCCTCATCTGGGCCA-r17,Ciliated_non_amphid_neuron,260.0,210-270
CTAATGGGTTGAACTC-b01,,275.0,270-330
TTGCGTCAGAGGTTAT-300.1.3,Body_wall_muscle,230.0,210-270
CAGAATCAGCTGGAAC-r17,Ciliated_non_amphid_neuron,450.0,450-510
CGTTAGAGTGACTACT-500.2.2,Hypodermis,620.0,580-650
AAGGAGCGTTACTGAC-500.1.1,Ciliated_non_amphid_neuron,640.0,580-650
GCACTCTAGTGAACAT-b01,Body_wall_muscle,450.0,450-510
GTACGTAAGAGTGAGA-300.1.3,,260.0,210-270
GCAAACTGTCGCGTGT-b01,Ciliated_non_amphid_neuron,385.0,330-390
AGGGATGAGACTTTCG-300.1.2,,550.0,510-580
TGAGCATGTTCAGGCC-400.2.2,,220.0,210-270
AGTGAGGAGGGATACC-b01,Intestinal_and_rectal_muscle,400.0,390-450
CCATTCGGTTATCACG-400.2.2,Body_wall_muscle,390.0,390-450
TTAGGACAGAGATGAG-400.2.3,,300.0,270-330
CGTGAGCAGGGAGTAA-r17,,215.0,210-270
CTAGTGAAGCAATCTC-400.2.1,,280.0,270-330
ATCACGAAGACTAGGC-300.1.1,,300.0,270-330
TATCTCAAGACTTGAA-500.2.2,Intestinal_and_rectal_muscle,550.0,510-580
CGGAGTCCAAATTGCC-300.1.2,Ciliated_amphid_neuron,200.0,170-210
CTGAAACTCCAGGGCT-b01,,200.0,170-210
GTAACTGCAGGATCGA-r17,Pharyngeal_neuron,285.0,270-330
GAATGAAAGCCCGAAA-300.1.1,Hypodermis,420.0,390-450
CGAACATCAAGGCTCC-b01,Hypodermis,320.0,270-330
TCAGATGAGCTCTCGG-400.2.2,,270.0,270-330
GTATCTTCATTCGACA-400.2.2,Seam_cell,320.0,270-330
CTGGTCTTCCACTCCA-400.2.1,,435.0,390-450
GGGACCTCACGACGAA-400.2.2,Hypodermis,330.0,330-390
GGCTGGTGTCAAACTC-300.1.2,,320.0,270-330
GTCTTCGTCAATCTCT-r17,,130.0,130-170
GACGCGTTCACCTTAT-500.2.1,Seam_cell,390.0,390-450
CTCTAATAGTACGCCC-r17,,130.0,130-170
TTAGTTCGTACGCACC-300.1.2,,270.0,270-330
TATGCCCAGGCTACGA-400.2.2,Seam_cell,490.0,450-510
TGCTGCTCAGCTCCGA-b01,Hypodermis,420.0,390-450
TCTGGAATCGTTGACA-500.2.2,Seam_cell,550.0,510-580
CACAGTATCTCGTTTA-400.2.1,,330.0,330-390
TGTGTTTCATTGTGCA-b01,Ciliated_non_amphid_neuron,390.0,390-450
GAATAAGCACGAGAGT-400.2.3,,375.0,330-390
GGGAGATCACGAGGTA-b01,Body_wall_muscle,400.0,390-450
AGACGTTAGTTGAGTA-r17,,160.0,130-170
CCCTCCTAGACGCACA-400.2.1,Hypodermis,300.0,270-330
AGCTCTCTCTCAAACG-500.2.2,hmc,435.0,390-450
CGAATGTGTACCATCA-400.2.1,,290.0,270-330
CGTTAGACAGTTAACC-b01,,230.0,210-270
TCGGTAATCAAACGGG-b01,Body_wall_muscle,490.0,450-510
GATGAAAGTAGAGCTG-300.1.2,,270.0,270-330
GTCACAAAGTTAACGA-500.1.1,Glia,350.0,330-390
GTGTTAGGTACACCGC-500.1.1,,450.0,450-510
GACTACATCTAACGGT-400.2.3,Body_wall_muscle,360.0,330-390
TGAGCCGGTATTCTCT-500.1.1,Body_wall_muscle,550.0,510-580
GGTGAAGAGATCCTGT-500.2.2,,530.0,510-580
TACCTATTCCATGAGT-300.1.3,Ciliated_amphid_neuron,270.0,270-330
CCGTACTGTGTCTGAT-400.2.1,,350.0,330-390
CTTCTCTTCATCTGCC-400.2.2,Hypodermis,310.0,270-330
GAAGCAGTCTGATTCT-500.2.2,Hypodermis,510.0,510-580
GGAATAATCTACCAGA-500.2.1,Hypodermis,410.0,390-450
ACTGTCCAGAATCTCC-400.2.1,Hypodermis,290.0,270-330
GCTTGAAAGTAGGCCA-r17,,170.0,170-210
CACAAACAGTGTGAAT-300.1.2,Body_wall_muscle,300.0,270-330
CCAATCCGTAGTACCT-300.1.2,,270.0,270-330
ATCACGATCTTAGCCC-500.2.1,Ciliated_amphid_neuron,355.0,330-390
TTGGAACAGGCAATTA-400.2.1,Ciliated_amphid_neuron,195.0,170-210
TGCCAAAGTGATAAGT-400.2.3,,340.0,330-390
CTAGCCTAGCACCGTC-r17,,320.0,270-330
CACAAACCACAGACTT-400.2.3,,260.0,210-270
CTGAAACTCTTGTCAT-300.1.3,Body_wall_muscle,300.0,270-330
GCTGCGACATCACGTA-b01,,100.0,100-130
GACGCGTAGCGTGAGT-400.2.3,Intestine,345.0,330-390
TCTTCGGAGAAGGACA-r17,Glia,430.0,390-450
ACGTCAACACATCCGG-400.2.2,,265.0,210-270
TGACTTTGTTCCTCCA-r17,Body_wall_muscle,270.0,270-330
GACCAATCAACGATGG-300.1.2,,210.0,210-270
CTCTAATAGAGGTACC-r17,Body_wall_muscle,320.0,270-330
TGAGGGAAGCACAGGT-400.2.1,Body_wall_muscle,275.0,270-330
CAAGATCAGTGATCGG-500.2.2,Arcade_cell,635.0,580-650
CAAGGCCAGCTGGAAC-500.1.1,Pharyngeal_muscle,350.0,330-390
ACGTCAACAAGACACG-500.2.2,Rectal_gland,620.0,580-650
TACGGGCCATCGTCGG-r17,,195.0,170-210
TAAGCGTGTTTACTCT-500.2.1,Seam_cell,450.0,450-510
TACGGTAGTGGACGAT-300.1.3,Hypodermis,285.0,270-330
GCCTCTACAAGGACAC-300.1.1,Body_wall_muscle,320.0,270-330
TAGAGCTAGGCAAAGA-500.1.1,Intestinal_and_rectal_muscle,350.0,330-390
GACCAATTCCGAGCCA-400.2.1,Body_wall_muscle,300.0,270-330
CTGCCTATCCATGAAC-400.2.2,Body_wall_muscle,410.0,390-450
AGAGTGGGTCATTAGC-r17,,165.0,130-170
TGCCAAAGTGACGCCT-500.2.1,Intestine,700.0,> 650
CTGCTGTTCGGCGCAT-300.1.2,Body_wall_muscle,360.0,330-390
TCGCGAGTCCATTCTA-500.1.1,Body_wall_muscle,450.0,450-510
CCACCTATCCTCTAGC-b01,,130.0,130-170
ACAGCTAAGCCACGCT-400.2.1,Pharyngeal_neuron,310.0,270-330
TGCCAAATCTTTAGGG-500.2.2,Hypodermis,400.0,390-450
CGGTTAATCTTCGGTC-400.2.2,Body_wall_muscle,410.0,390-450
ACGGGCTTCAGTTTGG-b01,Ciliated_amphid_neuron,520.0,510-580
TTTCCTCCAGCCTTTC-400.2.1,,170.0,170-210
CCTACACGTATCTGCA-500.2.2,Body_wall_muscle,700.0,> 650
CAGCTGGGTACAGTGG-500.2.2,Ciliated_amphid_neuron,450.0,450-510
TCGCGAGTCGAGAACG-400.2.3,Hypodermis,300.0,270-330
TTCTACATCACTATTC-300.1.2,,245.0,210-270
GCTCCTACATCGATTG-r17,,160.0,130-170
TTGACTTCACTTCTGC-400.2.1,Pharyngeal_muscle,205.0,170-210
GAGCAGAAGGTGACCA-r17,,225.0,210-270
AGTGTCACAGACGCAA-400.2.1,,130.0,130-170
GTCGTAACAAATACAG-300.1.1,Germline,70.0,< 100
ATGGGAGGTGTCCTCT-300.1.3,,290.0,270-330
ACTGATGGTAAGAGAG-b01,Body_wall_muscle,390.0,390-450
CGCTTCATCCTAGTGA-500.1.2,,435.0,390-450
CGCTATCAGGCGATAC-300.1.3,,230.0,210-270
CAGCGACTCACCCGAG-400.2.2,,270.0,270-330
CGTCACTGTAGCGTCC-b02,Body_wall_muscle,635.0,580-650
GAAACTCTCCACTCCA-400.2.1,Hypodermis,300.0,270-330
CAGGTGCCAATGGTCT-r17,Hypodermis,550.0,510-580
GAGGTGAGTCATGCAT-b01,,295.0,270-330
CCGGTAGGTCGGCTCA-400.2.3,Hypodermis,330.0,330-390
CTACGTCAGACACTAA-500.2.1,Intestine,750.0,> 650
ACTGATGCAGCCTGTG-500.1.1,Hypodermis,420.0,390-450
CGCTATCTCACAATGC-400.2.3,,280.0,270-330
TCGCGAGGTGTCAATC-500.2.2,Z1_Z4,405.0,390-450
CCGTTCAAGCTGGAAC-b02,Body_wall_muscle,430.0,390-450
ACGATGTTCGTGGGAA-r17,,340.0,330-390
TGGCCAGGTCGCTTCT-400.2.1,GLR,320.0,270-330
CATCGGGTCACCCGAG-500.1.2,Body_wall_muscle,500.0,450-510
ATAAGAGCACACAGAG-500.1.1,Body_wall_muscle,350.0,330-390
ACTGCTCGTAGAGGAA-500.1.1,Body_wall_muscle,420.0,390-450
ACAGCCGAGCACGCCT-400.2.3,Hypodermis,410.0,390-450
TCTTCGGCAAGTAATG-400.2.1,,270.0,270-330
GTGTGCGTCCACGTGG-500.1.1,,450.0,450-510
TTCTCAAAGAAGGACA-400.2.2,Ciliated_non_amphid_neuron,270.0,270-330
TGACTAGCACCGAATT-500.2.1,Hypodermis,430.0,390-450
AAATGCCTCTGCTGTC-500.1.2,Body_wall_muscle,410.0,390-450
ACGCAGCTCAGTTGAC-400.2.3,Body_wall_muscle,355.0,330-390
CTCGAGGCAAGTAATG-b02,hmc_and_homolog,370.0,330-390
GCAGTTATCAGTCCCT-400.2.2,Body_wall_muscle,390.0,390-450
GACAGAGAGCAGACTG-r17,,260.0,210-270
GCTGCAGGTACGACCC-400.2.3,Body_wall_muscle,360.0,330-390
TGCTGCTCACGACTCG-b01,,330.0,330-390
AGATCTGGTTAAGAAC-500.2.1,Seam_cell,410.0,390-450
TGCCCATAGTAGGCCA-400.2.3,Pharyngeal_marginal_cell,335.0,330-390
CTAGAGTCACCGTTGG-400.2.1,ABarpaaa_lineage,190.0,170-210
AAGACCTCATTTGCTT-r17,,220.0,210-270
CGTGTCTTCTCCAACC-300.1.3,,380.0,330-390
TGAGCCGAGCAATATG-b01,Hypodermis,430.0,390-450
ACGAGGACATTGGGCC-b01,Ciliated_amphid_neuron,725.0,> 650
TGGCTGGGTTAAGACA-300.1.1,,220.0,210-270
TAAGCGTGTGTCTGAT-500.2.1,Hypodermis,550.0,510-580
GCACATACAGGCAGTA-500.2.2,,345.0,330-390
CACCAGGGTCCCTACT-400.2.1,Body_wall_muscle,490.0,450-510
ATCCGAAGTAGTAGTA-500.1.1,,640.0,580-650
AAACGGGGTGGCCCTA-400.2.3,Body_wall_muscle,420.0,390-450
CAGCTAATCTGATTCT-r17,Body_wall_muscle,225.0,210-270
CCTACCAGTGGCAAAC-b02,hmc,550.0,510-580
GATCGTAGTACAGTTC-500.2.2,,640.0,580-650
GCCTCTATCAGCTGGC-400.2.3,,320.0,270-330
GCATGTACATAACCTG-r17,hmc_and_homolog,360.0,330-390
ATAGACCTCCCAAGAT-400.2.2,Body_wall_muscle,410.0,390-450
ATCATCTCAGATCTGT-400.2.3,Hypodermis,390.0,390-450
TGTATTCCACGTAAGG-500.2.1,Hypodermis,640.0,580-650
AGTCTTTTCCCAGGTG-r17,,350.0,330-390
GGAACTTGTAATCACC-500.2.2,Seam_cell,550.0,510-580
CCTAGCTTCTCGATGA-b02,,550.0,510-580
CCTTCGATCACATACG-500.2.1,Ciliated_non_amphid_neuron,640.0,580-650
CTAACTTGTGAACCTT-500.1.1,M_cell,450.0,450-510
GATGCTAGTGCACTTA-400.2.1,hmc_and_homolog,350.0,330-390
CCTTCCCGTGATGCCC-400.2.1,Seam_cell,450.0,450-510
TCAGATGTCCTAAGTG-b01,Body_wall_muscle,490.0,450-510
GATTCAGGTGGGTCAA-b01,Hypodermis,550.0,510-580
CTACATTCAGGGAGAG-b01,Germline,0.0,< 100
GTATCTTTCACTCCTG-b02,,190.0,170-210
CGCTATCGTTTGGGCC-b01,Body_wall_muscle,490.0,450-510
TCACAAGCAGACAAAT-500.1.1,Pharyngeal_neuron,300.0,270-330
CGATGTATCCTTCAAT-400.2.1,Body_wall_muscle,210.0,210-270
ATTGGACGTCCATGAT-b01,Glia,830.0,> 650
CGTTCTGAGAGTGACC-b01,Pharyngeal_marginal_cell,370.0,330-390
CTCGTACCAGGAATCG-500.2.2,Ciliated_non_amphid_neuron,380.0,330-390
CAACCAAGTAGATTAG-300.1.2,Pharyngeal_intestinal_valve,260.0,210-270
CTCGAGGAGGTGCACA-400.2.1,,195.0,170-210
GAAGCAGCATTGGTAC-300.1.3,,365.0,330-390
GTCCTCAAGGCGATAC-400.2.3,,245.0,210-270
CTCTGGTTCTTGAGAC-400.2.3,Body_wall_muscle,490.0,450-510
AGGTCCGGTTTGACTG-b01,Body_wall_muscle,325.0,270-330
GATCGTATCATACGGT-300.1.3,Body_wall_muscle,350.0,330-390
CGTTGGGCACGGCCAT-400.2.2,Ciliated_non_amphid_neuron,380.0,330-390
TCAGGATCAGCAGTTT-b01,Body_wall_muscle,585.0,580-650
CGTCCATTCATTATCC-300.1.1,,300.0,270-330
AACCATGAGCGATCCC-500.1.1,Pharyngeal_intestinal_valve,360.0,330-390
GAACCTAAGTATCTCG-400.2.2,,300.0,270-330
ACGATACAGACTACAA-b01,,440.0,390-450
GTGTTAGTCAGTACGT-500.1.2,Body_wall_muscle,550.0,510-580
AGCGTATGTCTCAACA-300.1.2,,280.0,270-330
GTAGGCCCAGTATGCT-300.1.1,Body_wall_muscle,225.0,210-270
CAGCAGCAGAGTCGGT-r17,Ciliated_non_amphid_neuron,265.0,210-270
GCTCCTACATGTCGAT-b01,,190.0,170-210
TGTGGTAGTATAAACG-500.2.1,Body_wall_muscle,550.0,510-580
CGGACTGGTGTGCGTC-500.1.2,Body_wall_muscle,435.0,390-450
GCTTGAAGTAAGGGCT-300.1.3,,190.0,170-210
TCGAGGCGTAGTAGTA-400.2.3,,185.0,170-210
ATGTGTGTCTTGTACT-300.1.2,Hypodermis,320.0,270-330
TGTCCCAAGCAATATG-400.2.2,,400.0,390-450
CACATAGTCCATTCTA-500.1.2,hmc_homolog,420.0,390-450
CCAATCCAGTTTAGGA-b01,Ciliated_non_amphid_neuron,260.0,210-270
TCATTACTCATAAAGG-400.2.2,Seam_cell,285.0,270-330
AGACGTTAGAATTGTG-500.1.1,Body_wall_muscle,470.0,450-510
CTGATCCGTCTGGTCG-400.2.1,,325.0,270-330
CGGACTGTCGTTTGCC-300.1.2,,225.0,210-270
CAGCTAAAGCCCAATT-400.2.1,Hypodermis,260.0,210-270
AACACGTGTGTCTGAT-b01,hmc_and_homolog,350.0,330-390
TTAGGCACATATGGTC-500.1.1,Ciliated_non_amphid_neuron,440.0,390-450
AGGCCACTCCGCGTTT-b01,Body_wall_muscle,420.0,390-450
CACCACTGTACCGTTA-b01,Hypodermis,260.0,210-270
CCTACACTCCACTGGG-400.2.3,Body_wall_muscle,330.0,330-390
TGAGCCGGTCAGCTAT-400.2.1,Body_wall_muscle,300.0,270-330
GGCTCGAGTTCGGCAC-300.1.1,,245.0,210-270
TTGACTTGTTAGTGGG-400.2.1,,270.0,270-330
CGTTAGATCACTTATC-400.2.3,ABarpaaa_lineage,210.0,210-270
ATCATGGAGTCCAGGA-400.2.1,Body_wall_muscle,360.0,330-390
GTTCGGGGTCGCATCG-r17,,620.0,580-650
GAAACTCAGGAACTGC-b02,Ciliated_amphid_neuron,165.0,130-170
TTGGAACAGCCAGTAG-500.2.2,Ciliated_amphid_neuron,550.0,510-580
TGACAACGTGTGGTTT-500.2.1,,640.0,580-650
ACGTCAAGTTATCGGT-400.2.1,Body_wall_muscle,420.0,390-450
ATAACGCGTCCGAGTC-300.1.1,Body_wall_muscle,450.0,450-510
CGAATGTAGGGCTTCC-b01,Seam_cell,630.0,580-650
TGACTAGTCAATCTCT-300.1.1,,270.0,270-330
TTGAACGCAGCGTCCA-r17,,300.0,270-330
AGGGAGTCAGGACCCT-b01,Germline,2.5,< 100
CATCAAGCACCCTATC-b01,,260.0,210-270
CTCTACGAGTGGGCTA-b01,Glia,345.0,330-390
TAGACCATCGCTGATA-500.1.1,Seam_cell,450.0,450-510
ACCAGTAAGTGTACCT-300.1.2,,200.0,170-210
TCGGTAATCCAATGGT-b01,Ciliated_amphid_neuron,380.0,330-390
TCAGATGAGCCATCGC-500.1.2,,470.0,450-510
CATCAGAAGAGCTGGT-400.2.1,Hypodermis,295.0,270-330
CGTCTACCACGTGAGA-b01,,190.0,170-210
GTTTCTAGTCGAACAG-400.2.1,,190.0,170-210
CAACCTCGTAAGAGAG-300.1.2,,210.0,210-270
CGTCCATCAAGCTGTT-b02,Body_wall_muscle,300.0,270-330
CAGCATAAGCGCTCCA-500.1.1,Ciliated_amphid_neuron,450.0,450-510
ATTTCTGGTAAACACA-400.2.2,Hypodermis,300.0,270-330
CCACGGAAGTGCCATT-500.1.1,Hypodermis,430.0,390-450
CTTAGGAGTGTATGGG-500.1.1,Body_wall_muscle,620.0,580-650
CTACATTAGTAGATGT-500.1.2,Body_wall_muscle,490.0,450-510
TGCTGCTTCCGTAGTA-400.2.3,Intestinal_and_rectal_muscle,350.0,330-390
AGCGTATTCGTCTGAA-300.1.1,Ciliated_amphid_neuron,170.0,170-210
GGACGTCAGGCGATAC-300.1.1,,270.0,270-330
CATCGAATCATAAAGG-300.1.2,,345.0,330-390
GGGCATCAGGATGGTC-r17,,200.0,170-210
CAACCAAGTGGCGAAT-400.2.1,Parent_of_exc_duct_pore_DB_1_3,270.0,270-330
AGAATAGAGCCTCGTG-300.1.1,Hypodermis,350.0,330-390
AGCGGTCTCAAGGCTT-r17,,130.0,130-170
CGAACATTCCTCTAGC-500.1.2,Body_wall_muscle,450.0,450-510
CATCAAGGTGTCTGAT-500.2.1,,700.0,> 650
AGCCTAACAACACGCC-400.2.3,,280.0,270-330
TGCCAAATCCTTGGTC-400.2.3,Body_wall_muscle,350.0,330-390
GATCTAGCACGAAATA-300.1.2,Ciliated_non_amphid_neuron,335.0,330-390
TCATTTGGTATTAGCC-300.1.3,,290.0,270-330
AAACGGGCAAGCCATT-300.1.2,,210.0,210-270
ACGAGCCGTCTAGCGC-500.2.2,Body_wall_muscle,420.0,390-450
CCACCTAGTAGGCTGA-500.2.1,Body_wall_muscle,420.0,390-450
CGTGAGCTCATATCGG-b01,Ciliated_non_amphid_neuron,230.0,210-270
CACAGTACACCCAGTG-400.2.1,,265.0,210-270
GGTATTGGTGCTCTTC-300.1.2,Hypodermis,310.0,270-330
GTACGTACACGACTCG-400.2.3,,300.0,270-330
ACACCCTCAAGCCATT-500.2.2,,630.0,580-650
AAGTCTGGTATCAGTC-500.1.2,,420.0,390-450
TGGCCAGGTGACTCAT-400.2.3,,200.0,170-210
ACAGCTAGTTCCACGG-b02,Hypodermis,450.0,450-510
CTCGTACTCAATCACG-b01,,340.0,330-390
GATCGTATCAGGTAAA-b01,Glia,440.0,390-450
GATCGCGTCTTACCGC-400.2.2,Body_wall_muscle,490.0,450-510
GGAAAGCAGGCAATTA-400.2.1,Pharyngeal_marginal_cell,325.0,270-330
CAGCTAACATAGACTC-r17,,170.0,170-210
ATTACTCAGAAACCTA-300.1.3,Pharyngeal_neuron,280.0,270-330
TGAGCATTCCTTTACA-300.1.2,,300.0,270-330
GGGAGATTCTCGTATT-400.2.3,Seam_cell,320.0,270-330
GGATTACAGTCAAGGC-300.1.1,GLR,300.0,270-330
CGATGGCAGCTTTGGT-500.2.1,,550.0,510-580
GGTGCGTGTAGCTCCG-300.1.3,Ciliated_non_amphid_neuron,300.0,270-330
CGGACACAGTACCGGA-500.2.2,Hypodermis,220.0,210-270
CGTCCATGTTCAGACT-400.2.3,Hypodermis,300.0,270-330
CGGGTCAAGCTCCTCT-500.1.1,GLR,420.0,390-450
CGCGTTTCAGCTGTAT-300.1.3,Ciliated_amphid_neuron,360.0,330-390
TGAGCATAGCGTTCCG-500.2.2,Body_wall_muscle,450.0,450-510
TGGACGCGTACAGTTC-400.2.2,Excretory_cell_parent,300.0,270-330
CCTACCACAAGGCTCC-400.2.1,,275.0,270-330
CTGCGGACATCCTTGC-400.2.2,Pharyngeal_muscle,360.0,330-390
AAAGTAGGTAGCTAAA-400.2.1,Body_wall_muscle,245.0,210-270
GATCTAGTCTTGTATC-500.1.2,Hypodermis,420.0,390-450
CTTGGCTGTCTCCATC-500.2.1,,395.0,390-450
CTAATGGGTCACTTCC-400.2.2,Body_wall_muscle,200.0,170-210
CGAGAAGAGATGCCTT-r17,,230.0,210-270
CGAGCCATCAACACCA-300.1.2,,245.0,210-270
TCTGAGACAACGATCT-b01,,185.0,170-210
CTCTACGCAAAGGCGT-b01,Body_wall_muscle,470.0,450-510
AAGGCAGGTCTAGCCG-400.2.3,Pharyngeal_intestinal_valve,270.0,270-330
CCTCTGAAGGAACTGC-r17,,200.0,170-210
GACTGCGCAAGCCATT-400.2.3,Body_wall_muscle,490.0,450-510
GTACTCCTCGCGGATC-b01,,190.0,170-210
CGAGAAGCACTGAAGG-b01,Ciliated_amphid_neuron,640.0,580-650
GACAGAGAGTTGCAGG-400.2.3,Hypodermis,500.0,450-510
GTTACAGAGGTGATAT-300.1.3,Hypodermis,420.0,390-450
AGGGAGTAGGTAAACT-b02,,390.0,390-450
TACTTGTGTTCATGGT-300.1.1,Hypodermis,340.0,330-390
CAACTAGAGTACGTTC-400.2.3,,170.0,170-210
AGACGTTCAGGATTGG-500.2.2,Ciliated_amphid_neuron,450.0,450-510
CTAATGGAGAAACCAT-500.2.2,Intestine,700.0,> 650
TTTGGTTTCCCTGACT-r17,,260.0,210-270
AAGCCGCGTTTGCATG-300.1.2,Germline,55.0,< 100
CGTGAGCTCAGTCAGT-r17,,300.0,270-330
ACCGTAAGTGTTCGAT-300.1.3,,170.0,170-210
CTAATGGGTAAATGTG-b01,Body_wall_muscle,550.0,510-580
AACTCTTAGAACAATC-500.1.1,,470.0,450-510
CGATCGGCACGTCAGC-500.1.1,Glia,430.0,390-450
AAATGCCTCTGATTCT-500.1.2,Ciliated_non_amphid_neuron,355.0,330-390
GATCTAGTCCGAACGC-400.2.1,,220.0,210-270
CAACTAGGTCTCCATC-r17,,285.0,270-330
CTTAACTCAGGAATGC-300.1.2,Pharyngeal_neuron,260.0,210-270
GCGCCAACACACGCTG-400.2.1,,230.0,210-270
GCACATAGTTCGTCTC-b01,Body_wall_muscle,330.0,330-390
TGCGCAGCATATGCTG-300.1.2,Hypodermis,285.0,270-330
TACAGTGTCTTTAGTC-b02,,230.0,210-270
ACGATGTAGTACGTAA-b01,Body_wall_muscle,550.0,510-580
TCGAGGCTCACATGCA-r17,Body_wall_muscle,320.0,270-330
CAGCTAATCTCTTGAT-400.2.3,Body_wall_muscle,470.0,450-510
GCGCGATCATGTCCTC-400.2.3,Ciliated_non_amphid_neuron,390.0,390-450
TGACTAGAGTGTCTCA-400.2.1,Body_wall_muscle,420.0,390-450
TTCGGTCGTATGCTTG-b01,Body_wall_muscle,420.0,390-450
TCGTAGAGTCTTCAAG-300.1.2,,260.0,210-270
TCTGAGAGTGGGTCAA-400.2.1,,320.0,270-330
TCGCGTTAGATGCGAC-400.2.2,Body_wall_muscle,410.0,390-450
AGAGCTTGTCAATACC-r17,Ciliated_non_amphid_neuron,530.0,510-580
ATCTGCCAGTAAGTAC-r17,Ciliated_amphid_neuron,260.0,210-270
GCACTCTGTAAGGATT-500.1.1,Ciliated_amphid_neuron,450.0,450-510
AAGGCAGAGTGTGAAT-300.1.1,Intestine,370.0,330-390
ACAGCCGGTGAAAGAG-300.1.1,,200.0,170-210
CGAATGTCAAACAACA-300.1.2,Hypodermis,320.0,270-330
ACGGGCTCACGGTGTC-500.2.1,Ciliated_amphid_neuron,520.0,510-580
CATCGGGGTGTGAAAT-300.1.2,Body_wall_muscle,350.0,330-390
AAGGTTCCATCGACGC-400.2.3,Hypodermis,300.0,270-330
AGCCTAACATTTGCTT-300.1.3,,300.0,270-330
CGGAGTCGTCCGTCAG-r17,,170.0,170-210
CAGCATACATTCTTAC-400.2.2,,195.0,170-210
ACCTTTAGTACGACCC-400.2.1,Ciliated_amphid_neuron,450.0,450-510
TCTATTGTCATGTAGC-b01,Ciliated_non_amphid_neuron,335.0,330-390
TACTTGTCAGTATCTG-500.1.1,Body_wall_muscle,500.0,450-510
CACAAACTCCTTGGTC-300.1.3,,260.0,210-270
CAACCTCCATATACCG-b01,Body_wall_muscle,640.0,580-650
TGACTTTTCTTATCTG-400.2.1,Body_wall_muscle,320.0,270-330
CGTAGCGTCACAAACC-300.1.2,Body_wall_muscle,300.0,270-330
TCAGCTCAGAGACTAT-r17,,200.0,170-210
GTAGGCCGTTTGCATG-b01,,245.0,210-270
TTAGGCAAGAGTCGGT-500.1.2,Body_wall_muscle,410.0,390-450
TGGCGCATCTACCAGA-500.1.2,Body_wall_muscle,450.0,450-510
AAAGTAGCAAGGACTG-b02,,120.0,100-130
GGAATAAGTGCAACGA-400.2.3,,195.0,170-210
CGATGTAGTACCGTAT-400.2.2,,285.0,270-330
GTTAAGCGTAAGAGAG-b01,,320.0,270-330
CACAAACAGACAGGCT-400.2.3,Hypodermis,370.0,330-390
CACACCTAGTGTGGCA-400.2.2,Parent_of_hyp1V_and_ant_arc_V,290.0,270-330
CATCCACAGAGACGAA-400.2.2,Body_wall_muscle,410.0,390-450
CTTTGCGAGCTGCAAG-500.2.1,Intestine,700.0,> 650
CCCTCCTAGTTGAGTA-400.2.3,,275.0,270-330
CTCACACTCCCAAGAT-500.2.2,Body_wall_muscle,420.0,390-450
TCAACGATCTAGAGTC-500.2.1,Ciliated_amphid_neuron,700.0,> 650
GCTGCAGTCGGTCCGA-r17,,170.0,170-210
TTTGTCATCTCGCTTG-400.2.3,Body_wall_muscle,395.0,390-450
CACAGGCGTCTCGTTC-b01,,170.0,170-210
CAGCTGGGTCATTAGC-500.1.1,Z1_Z4,380.0,330-390
CGGTTAATCGTATCAG-400.2.3,,260.0,210-270
CGTCACTAGTGCGATG-r17,Ciliated_amphid_neuron,245.0,210-270
ATTGGACCACAAGCCC-b01,Pharyngeal_marginal_cell,350.0,330-390
CCATGTCAGCTTCGCG-b01,Z1_Z4,380.0,330-390
ACGATGTTCGCATGAT-r17,Pharyngeal_marginal_cell,380.0,330-390
GACTACATCGAGCCCA-500.1.3,Ciliated_non_amphid_neuron,300.0,270-330
TCACGAATCATGCATG-300.1.2,,290.0,270-330
GTAACTGTCATGTCTT-300.1.2,Germline,830.0,> 650
CTAACTTCACATGACT-300.1.3,,270.0,270-330
GACGTTAAGAACTCGG-500.2.2,Hypodermis,450.0,450-510
GAAACTCTCAAGAAGT-b01,,230.0,210-270
CACCTTGAGCTCCCAG-b01,Body_wall_muscle,490.0,450-510
CCTATTAGTGCCTGCA-500.2.2,,510.0,510-580
GTTAAGCTCGTAGGAG-300.1.2,Ciliated_amphid_neuron,270.0,270-330
AGTGTCAGTAAGGGAA-300.1.1,Hypodermis,365.0,330-390
GTTACAGAGGGATCTG-r17,,230.0,210-270
GCTGCGAGTCTCCACT-b01,,270.0,270-330
TCTCTAACATGTCGAT-400.2.2,Ciliated_non_amphid_neuron,350.0,330-390
GGACAAGAGAGTCGGT-r17,Body_wall_muscle,320.0,270-330
CGGCTAGAGTGTCCCG-r17,,130.0,130-170
CAGCCGAAGGGTCGAT-400.2.2,Body_wall_muscle,335.0,330-390
GGGTTGCGTCAATACC-300.1.2,Ciliated_amphid_neuron,320.0,270-330
CGGAGTCTCTTGTACT-500.1.3,,325.0,270-330
ATAGACCGTGGCCCTA-r17,Pharyngeal_muscle,395.0,390-450
TGACTAGGTCAGATAA-400.2.3,Body_wall_muscle,420.0,390-450
CACATAGGTCAATACC-500.2.1,hmc,550.0,510-580
TACTTGTGTATAGTAG-400.2.3,,270.0,270-330
AGACGTTTCTCACATT-300.1.2,Body_wall_muscle,350.0,330-390
CTACATTGTCTCGTTC-500.1.2,Ciliated_non_amphid_neuron,450.0,450-510
GACCAATTCTAACCGA-b01,,120.0,100-130
CCTAGCTTCGTTTATC-400.2.1,Ciliated_non_amphid_neuron,395.0,390-450
ACAGCCGTCTAACTCT-r17,Ciliated_non_amphid_neuron,245.0,210-270
CCCTCCTCAATAGCAA-300.1.1,Ciliated_non_amphid_neuron,230.0,210-270
TGTGGTACATTGGCGC-400.2.2,Body_wall_muscle,390.0,390-450
GCCAAATCATGCAATC-300.1.2,Seam_cell,300.0,270-330
GGGTTGCGTTCTGGTA-500.1.3,,435.0,390-450
CAGCCGACAAATACAG-400.2.3,Body_wall_muscle,290.0,270-330
CAGTCCTTCCCTCTTT-400.2.3,,270.0,270-330
CGTCTACCATGGTAGG-500.2.1,Body_wall_muscle,450.0,450-510
AATCCAGGTGACAAAT-b01,,390.0,390-450
AAAGTAGCATAGACTC-r17,,490.0,450-510
AACTGGTCACACATGT-500.2.1,Body_wall_muscle,435.0,390-450
TGCGTGGAGGTGGGTT-500.2.1,Pharyngeal_muscle,620.0,580-650
AGGGAGTTCGATAGAA-500.1.1,Ciliated_non_amphid_neuron,350.0,330-390
CATCAGAAGATGGGTC-300.1.1,,245.0,210-270
TCTATTGAGGATTCGG-400.2.3,,350.0,330-390
AGTGAGGAGTGGACGT-500.1.2,Body_wall_muscle,640.0,580-650
CCTACACGTGTTCGAT-500.1.1,GLR,365.0,330-390
CTGCTGTGTGTGCGTC-300.1.1,,350.0,330-390
ACGATACTCACAATGC-b01,,185.0,170-210
CTGAAGTGTATATCCG-300.1.3,Hypodermis,360.0,330-390
TGCGTGGTCAGGCAAG-400.2.3,,450.0,450-510
ATTGGTGCACTGTTAG-b01,Ciliated_non_amphid_neuron,380.0,330-390
ATAGACCGTTGTTTGG-r17,,390.0,390-450
TATCTCACAGATCTGT-300.1.3,Hypodermis,300.0,270-330
ACATACGGTCCTCTTG-500.2.1,,325.0,270-330
CTGAAGTGTCTCACCT-500.1.1,Ciliated_amphid_neuron,400.0,390-450
TTGCCGTCACATCTTT-500.2.2,Hypodermis,550.0,510-580
ACCTTTACACATGACT-b01,Body_wall_muscle,420.0,390-450
CTACACCAGGTGCAAC-300.1.3,Pharyngeal_muscle,290.0,270-330
ATTATCCTCCGCAAGC-b01,,190.0,170-210
TACCTATGTTCGTGAT-300.1.1,,270.0,270-330
CAGCTGGGTAAAGGAG-400.2.3,Hypodermis,410.0,390-450
TCATTACAGTGAACAT-r17,Germline,0.0,< 100
CTCGTACTCCACTGGG-300.1.1,,230.0,210-270
CTAACTTGTTAAGGGC-500.1.1,,360.0,330-390
CAGCATAGTGTCAATC-400.2.1,,320.0,270-330
ATGGGAGTCGCTTGTC-b01,,260.0,210-270
ATCATGGCAGGACCCT-500.1.1,Ciliated_amphid_neuron,390.0,390-450
AAAGATGGTGAGGCTA-500.1.2,,320.0,270-330
ACACCGGTCACAAACC-400.2.1,,270.0,270-330
AGCCTAAGTGCACTTA-300.1.1,Body_wall_muscle,410.0,390-450
ACATGGTCAGACAGGT-300.1.2,Pharyngeal_neuron,320.0,270-330
TGGGAAGTCTGGTATG-500.1.1,,360.0,330-390
CGGAGTCTCGCTTAGA-500.2.1,Body_wall_muscle,620.0,580-650
CCTCAGTAGGGCATGT-500.2.1,,330.0,330-390
CAAGGCCGTCCTCTTG-300.1.1,Ciliated_amphid_neuron,275.0,270-330
ACCAGTAAGAGAACAG-500.2.1,Intestine,670.0,> 650
GTCATTTGTGTTTGTG-400.2.2,ABarpaaa_lineage,280.0,270-330
AACTTTCCATCAGTCA-r17,,210.0,210-270
CGCTATCTCAGTCAGT-400.2.1,,290.0,270-330
ATGAGGGGTAATTGGA-400.2.2,Body_wall_muscle,415.0,390-450
CTACGTCCATCTGGTA-500.1.1,Ciliated_non_amphid_neuron,380.0,330-390
TGACAACCACATCCAA-b01,Ciliated_amphid_neuron,420.0,390-450
GCAATCAAGCTAGGCA-500.2.1,,450.0,450-510
CTTCTCTGTCTCACCT-b01,Pharyngeal_neuron,290.0,270-330
AAATGCCCATGCAACT-300.1.2,,275.0,270-330
GACGCGTGTATTCGTG-300.1.1,Hypodermis,340.0,330-390
TAGTTGGGTTATCCGA-500.2.1,Ciliated_amphid_neuron,490.0,450-510
CCTAAAGGTCGAGTTT-400.2.2,Ciliated_amphid_neuron,300.0,270-330
CATCCACGTGAGCGAT-r17,,220.0,210-270
AGCGGTCGTGAGGGTT-400.2.3,ABarpaaa_lineage,260.0,210-270
AGGGTGAGTTGGACCC-500.2.1,Hypodermis,450.0,450-510
CAGATCAGTTCGTGAT-300.1.2,Body_wall_muscle,320.0,270-330
AGCGGTCGTCGACTGC-400.2.2,Seam_cell,320.0,270-330
CTAAGACTCCGTAGGC-b02,,260.0,210-270
TGGCTGGAGTCCATAC-300.1.1,Ciliated_amphid_neuron,185.0,170-210
TTCGAAGAGACAGACC-b01,Glia,700.0,> 650
GTCAAGTTCGAATCCA-300.1.2,GLR,275.0,270-330
GACGTGCTCCCACTTG-500.1.1,Ciliated_amphid_neuron,550.0,510-580
AAAGCAAAGATCCGAG-500.1.2,Hypodermis,420.0,390-450
TTCTTAGGTCGATTGT-400.2.2,Body_wall_muscle,280.0,270-330
AGACGTTTCTCATTCA-b01,Hypodermis,265.0,210-270
CATTATCTCGCGGATC-b01,,210.0,210-270
TGGCTGGAGCCCAGCT-400.2.1,Body_wall_muscle,300.0,270-330
AGTGTCACATCTCGCT-400.2.1,Body_wall_muscle,450.0,450-510
CAGCCGAAGTCCATAC-300.1.1,Hypodermis,300.0,270-330
GAAATGAAGCTATGCT-r17,,230.0,210-270
GATCAGTTCACTCCTG-500.2.2,,520.0,510-580
TCATTTGTCTCAAGTG-400.2.2,,320.0,270-330
GTTACAGAGCTTCGCG-500.2.2,,635.0,580-650
TAGTGGTAGATGTTAG-500.1.1,Body_wall_muscle,400.0,390-450
TTTACTGCATGGTCTA-b01,,230.0,210-270
CTACGTCAGTTCGATC-300.1.2,Body_wall_muscle,405.0,390-450
GCTGGGTTCTGATACG-400.2.1,Ciliated_amphid_neuron,550.0,510-580
TTAGGACTCGTTTATC-r17,Body_wall_muscle,330.0,330-390
CACACCTCACCGTTGG-r17,Pharyngeal_neuron,270.0,270-330
ATCTGCCCAACACCTA-300.1.1,Body_wall_muscle,270.0,270-330
TAGACCAAGAAAGTGG-500.2.1,Ciliated_amphid_neuron,700.0,> 650
GCATGATGTGCTGTAT-r17,Ciliated_amphid_neuron,260.0,210-270
CCAATCCTCGGAAACG-b01,,140.0,130-170
CCAATCCTCACGACTA-400.2.1,,300.0,270-330
GAAGCAGTCCGCAGTG-300.1.1,,280.0,270-330
AGCTTGATCCGCAGTG-400.2.3,,195.0,170-210
ACTGATGGTGGACGAT-500.1.1,Seam_cell,420.0,390-450
GGATTACTCCCGACTT-500.1.1,Glia,425.0,390-450
ACAGCTACATGCCACG-b02,,170.0,170-210
CTGAAACCACATGTGT-r17,Ciliated_amphid_neuron,550.0,510-580
GCTTGAAAGAGAACAG-300.1.2,,190.0,170-210
CGGACACTCAGGCCCA-300.1.1,Body_wall_muscle,280.0,270-330
CATCGGGTCCAACCAA-500.1.1,Body_wall_muscle,405.0,390-450
GTCATTTCATTCGACA-r17,Ciliated_amphid_neuron,170.0,170-210
TCATTACCAATAACGA-b01,Hypodermis,300.0,270-330
GTGCAGCTCTGCGACG-500.2.1,Coelomocyte,410.0,390-450
CTCGTACGTCCAAGTT-300.1.2,,230.0,210-270
TTTACTGTCAGCGATT-300.1.1,Body_wall_muscle,360.0,330-390
GTCTCGTCATCCGTGG-500.2.1,Ciliated_amphid_neuron,550.0,510-580
CTGGTCTAGGCAAAGA-300.1.3,Hypodermis,375.0,330-390
AGCGTCGGTGAGTGAC-300.1.2,Hypodermis,355.0,330-390
ATCTACTAGAGGTTAT-400.2.2,Ciliated_amphid_neuron,260.0,210-270
CTTAACTGTGCTAGCC-300.1.3,Body_wall_muscle,350.0,330-390
CCCTCCTCATATACGC-400.2.1,Ciliated_non_amphid_neuron,320.0,270-330
CGTCTACAGCTGAACG-r17,Ciliated_non_amphid_neuron,425.0,390-450
GGGCATCCACCTCGGA-300.1.2,,330.0,330-390
TGTGGTACACGGTGTC-b01,Intestine,450.0,450-510
AGGCCACTCTGCGGCA-300.1.2,,365.0,330-390
CACCTTGGTAAGTGGC-500.2.2,Coelomocyte,410.0,390-450
TTCTTAGTCCGTCAAA-b01,,260.0,210-270
TTATGCTTCGACCAGC-400.2.3,Excretory_duct_and_pore,410.0,390-450
AACTCAGGTCAACATC-500.2.1,Pharyngeal_gland,640.0,580-650
GTGGGTCAGAGCTTCT-r17,Germline,110.0,100-130
CGTGTCTCACAGGTTT-300.1.2,Hypodermis,385.0,330-390
GCAGTTAGTCGATTGT-300.1.2,,280.0,270-330
GTCGGGTTCCCTGACT-500.2.2,Seam_cell,470.0,450-510
AGCGTATCACATGGGA-400.2.1,Body_wall_muscle,390.0,390-450
AACCGCGCAAAGTGCG-b01,,285.0,270-330
GATGAAACACTAAGTC-500.1.2,Body_wall_muscle,395.0,390-450
AGTAGTCGTTATTCTC-400.2.1,Body_wall_muscle,420.0,390-450
CCCAGTTGTCATTAGC-r17,,280.0,270-330
TGGACGCCATCTCGCT-300.1.3,,270.0,270-330
ATAAGAGGTCGGCATC-500.2.2,Seam_cell,550.0,510-580
GCATGCGCAATCGAAA-400.2.3,ABarpaaa_lineage,285.0,270-330
TAAACCGAGGAGTACC-500.1.1,,625.0,580-650
TCACGAAAGCGATGAC-400.2.2,Hypodermis,360.0,330-390
CCGGGATAGGACAGCT-400.2.3,,230.0,210-270
TGAGCCGCAGTTCATG-400.2.1,,340.0,330-390
GATGAAATCCAGGGCT-r17,Body_wall_muscle,335.0,330-390
CGAGAAGGTATATGGA-500.2.2,,540.0,510-580
TCAGCAAAGCCATCGC-400.2.1,Pharyngeal_gland,300.0,270-330
GATCGATTCGCACTCT-300.1.1,,225.0,210-270
CACTCCACATGCCTAA-400.2.3,Hypodermis,300.0,270-330
ACAGCCGAGAGCTATA-500.1.1,Body_wall_muscle,450.0,450-510
TTCTCCTTCTGCAGTA-400.2.2,Body_wall_muscle,325.0,270-330
CATCCACGTAGGACAC-400.2.3,,295.0,270-330
AGAGCGAGTCAGAGGT-r17,,415.0,390-450
GTGGGTCGTCTCTTTA-400.2.1,Ciliated_non_amphid_neuron,410.0,390-450
CCTTCGAGTGCGCTTG-500.1.1,,380.0,330-390
GTAGGCCTCATATCGG-400.2.2,Hypodermis,410.0,390-450
GCTGCAGAGGTGTGGT-300.1.1,Hypodermis,245.0,210-270
GTGCTTCAGTTTAGGA-r17,,270.0,270-330
GTGCATAAGTGGAGAA-400.2.2,Body_wall_muscle,320.0,270-330
TGCACCTGTGCATCTA-b01,,440.0,390-450
AAGACCTAGGGCTCTC-r17,Intestine,230.0,210-270
CATATTCAGTTCGCAT-400.2.3,Body_wall_muscle,450.0,450-510
GAGTCCGGTGCATCTA-500.2.2,Hypodermis,510.0,510-580
GGGAGATCAATCACAC-400.2.1,,260.0,210-270
GCATGTATCTGTTTGT-r17,Body_wall_muscle,410.0,390-450
ACGCCGATCGGTGTCG-300.1.2,,330.0,330-390
ACTGAACAGCCTATGT-b01,Body_wall_muscle,375.0,330-390
CATATGGCATCGGTTA-400.2.1,Ciliated_amphid_neuron,370.0,330-390
CACACAAAGAATGTTG-300.1.3,Hypodermis,350.0,330-390
GAATGAACAGCTCGAC-500.1.1,Body_wall_muscle,510.0,510-580
AGTGTCATCCGCGGTA-400.2.3,,270.0,270-330
TCTATTGAGGCCGAAT-400.2.3,,300.0,270-330
CGACCTTAGGGCTTCC-300.1.1,,290.0,270-330
TAAGTGCAGGCATGTG-500.1.1,Body_wall_muscle,420.0,390-450
CCCATACGTTTAAGCC-400.2.1,,350.0,330-390
GATGAGGAGTCAAGGC-400.2.1,Body_wall_muscle,550.0,510-580
GGGTCTGTCTGGCGAC-400.2.1,Ciliated_amphid_neuron,355.0,330-390
GGGAGATTCATCGCTC-b01,,535.0,510-580
AAGACCTTCGACCAGC-300.1.3,Body_wall_muscle,300.0,270-330
CCATGTCGTTATCACG-400.2.1,Body_wall_muscle,350.0,330-390
GTACTTTTCTTGAGGT-500.2.2,Intestinal_and_rectal_muscle,450.0,450-510
GATCTAGTCCACGTGG-b01,Ciliated_amphid_neuron,385.0,330-390
GTAGGCCTCTTTAGGG-400.2.2,Body_wall_muscle,300.0,270-330
AGCAGCCGTCCTCCAT-500.2.2,Ciliated_amphid_neuron,550.0,510-580
GAGTCCGCACGAAACG-300.1.3,,170.0,170-210
AGGGTGAAGCGATGAC-b01,Body_wall_muscle,450.0,450-510
GTAGGCCCACCGGAAA-500.2.2,Glia,640.0,580-650
ATGGGAGAGCCTATGT-b01,M_cell,380.0,330-390
GTTTCTAAGGGTGTGT-b01,,170.0,170-210
TGAGGGAGTTGGACCC-500.2.1,Hypodermis,585.0,580-650
TTGTAGGAGACGCTTT-400.2.1,Hypodermis,360.0,330-390
TACTTACAGATGTGTA-400.2.2,,335.0,330-390
CCTTCGATCTCCAGGG-b01,GLR,280.0,270-330
GCTGGGTCAACTGCTA-b01,Body_wall_muscle,490.0,450-510
CCTTCCCCACGCTTTC-500.2.2,Rectal_cell,350.0,330-390
GTAACGTTCTTAGCCC-r17,,300.0,270-330
TAGTTGGTCGAATGCT-400.2.2,Pharyngeal_gland,530.0,510-580
TGACAACAGCTGTCTA-500.1.1,,385.0,330-390
GGGATGAAGTGTGAAT-b02,Excretory_cell,700.0,> 650
CTTCTCTGTAGAGCTG-b01,Ciliated_amphid_neuron,640.0,580-650
CTTAGGAAGTCCATAC-500.1.1,Intestine,620.0,580-650
CAACCAACAGACAAGC-400.2.3,,300.0,270-330
CGTGTAATCACAGGCC-400.2.1,Ciliated_non_amphid_neuron,260.0,210-270
GACGCGTTCCTATGTT-b02,Body_wall_muscle,410.0,390-450
GGCGTGTCATGATCCA-400.2.2,Intestine,330.0,330-390
TTTGGTTCACCAGCAC-400.2.1,,340.0,330-390
TGAGGGAGTATGAAAC-b01,Pharyngeal_neuron,300.0,270-330
GGACAAGTCATGTGGT-400.2.2,Seam_cell,450.0,450-510
TGTATTCAGGCTCATT-400.2.3,,230.0,210-270
GCTCCTACAGCCAGAA-300.1.3,,320.0,270-330
ACACCAATCTGGTATG-300.1.1,Body_wall_muscle,355.0,330-390
GGCTCGAGTTTCGCTC-400.2.3,,270.0,270-330
CCGGGATTCAAAGACA-300.1.2,,320.0,270-330
GGACATTAGGACATTA-500.2.2,Body_wall_muscle,550.0,510-580
CCTATTATCATCGGAT-500.1.1,Pharyngeal_muscle,330.0,330-390
AACTCTTTCTTCCTTC-300.1.2,,350.0,330-390
GGCGACTCATGGAATA-500.1.1,Pharyngeal_neuron,300.0,270-330
CTGCTGTAGCAGCGTA-500.1.1,Body_wall_muscle,420.0,390-450
CCTCAGTTCTTCCTTC-r17,,180.0,170-210
CAGTAACCAGCGTCCA-500.1.1,,450.0,450-510
AACTCTTAGACCGGAT-500.1.1,Hypodermis,375.0,330-390
ATAGACCTCGTACCGG-500.1.1,Pharyngeal_muscle,390.0,390-450
GTCAAGTAGATACACA-500.2.2,,700.0,> 650
TGACAACCATAGTAAG-500.2.2,Seam_cell,620.0,580-650
GTCGTAAGTATAGTAG-500.2.1,Hypodermis,470.0,450-510
CGGACGTTCGATCCCT-r17,,285.0,270-330
CGAATGTGTCATATGC-b02,Rectal_gland,640.0,580-650
TTATGCTGTAGCCTCG-300.1.3,,260.0,210-270
TGGGAAGGTAATCACC-b01,,190.0,170-210
CCCAATCAGATCGATA-400.2.1,,230.0,210-270
TCTGGAACACAACGTT-300.1.3,Hypodermis,330.0,330-390
GACGTGCCATGGTCTA-300.1.2,Body_wall_muscle,245.0,210-270
GAACCTAAGTACGTTC-400.2.3,Ciliated_non_amphid_neuron,210.0,210-270
AACTTTCAGCGCCTTG-400.2.3,,320.0,270-330
TCCCGATCACGACGAA-b01,Body_wall_muscle,450.0,450-510
AAAGATGAGAACTCGG-400.2.3,Body_wall_muscle,360.0,330-390
TACTTGTGTTGTACAC-300.1.3,Ciliated_amphid_neuron,270.0,270-330
TCTATTGTCTGTCAAG-b01,Pharyngeal_gland,320.0,270-330
GCGACCAAGAGCAATT-500.2.1,Excretory_cell,490.0,450-510
GAACCTAGTGATGTCT-300.1.3,,195.0,170-210
GTGTTAGGTTACAGAA-400.2.1,Pharyngeal_muscle,230.0,210-270
AAAGCAATCTTTAGGG-r17,Hypodermis,300.0,270-330
CAACCAACAGGACGTA-300.1.3,GLR,335.0,330-390
TAGCCGGTCAACACGT-b01,Z1_Z4,830.0,> 650
GAGGTGACAGGTGCCT-400.2.2,Body_wall_muscle,450.0,450-510
CAGCGACGTGAAGGCT-500.1.1,,750.0,> 650
CAACCTCGTCTGCGGT-500.2.2,,700.0,> 650
CCACTACTCGCCAGCA-300.1.3,Pharyngeal_muscle,350.0,330-390
AACCGCGCATGACGGA-500.1.1,,380.0,330-390
TGACTTTGTTGGAGGT-500.1.1,,320.0,270-330
CGATCGGTCCGATATG-500.2.2,Glia,630.0,580-650
AAAGATGTCTTGTCAT-300.1.1,,220.0,210-270
ATGGGAGAGGGTCTCC-400.2.1,Ciliated_amphid_neuron,260.0,210-270
GGGATGAGTTACGCGC-400.2.2,Hypodermis,275.0,270-330
CGATGGCAGTGGGTTG-b01,,120.0,100-130
CCCTCCTAGTGACATA-400.2.2,Ciliated_amphid_neuron,170.0,170-210
ACGAGGAAGAGACTTA-400.2.1,Pharyngeal_muscle,380.0,330-390
CCTAAAGGTTCCGTCT-400.2.3,Ciliated_amphid_neuron,520.0,510-580
CAGAATCCACGACTCG-500.1.1,Coelomocyte,410.0,390-450
CAACCTCTCACTTACT-400.2.1,Hypodermis,350.0,330-390
GGAACTTTCGTTTATC-b02,,260.0,210-270
TCGGGACCAATAAGCA-r17,Body_wall_muscle,550.0,510-580
ACGCAGCGTACGCACC-500.2.1,Body_wall_muscle,410.0,390-450
GGACGTCCAGCCTGTG-300.1.3,hmc_homolog,420.0,390-450
CTGTTTATCAACCATG-400.2.1,,300.0,270-330
TCTATTGAGCCGGTAA-500.2.1,Seam_cell,550.0,510-580
AGCTCTCGTTACTGAC-300.1.3,,295.0,270-330
TGAGAGGCACCATGTA-r17,Pharyngeal_muscle,550.0,510-580
ACACCGGAGGAATGGA-500.1.1,Ciliated_non_amphid_neuron,380.0,330-390
AAGGCAGGTTCGAATC-400.2.3,,300.0,270-330
ACGGCCAGTAGGGTAC-400.2.2,Hypodermis,390.0,390-450
CTGATAGCAGATTGCT-b01,Ciliated_non_amphid_neuron,260.0,210-270
TGTCCCACAAGTACCT-400.2.3,,275.0,270-330
TTTGGTTGTCCCTACT-r17,Germline,830.0,> 650
GTAACTGCAATCTACG-400.2.1,,360.0,330-390
GTGAAGGCAATTGCTG-500.1.1,Pharyngeal_neuron,340.0,330-390
CAGTCCTAGAATAGGG-300.1.3,Body_wall_muscle,440.0,390-450
GTTCTCGTCGAACTGT-r17,Body_wall_muscle,350.0,330-390
TTCGGTCTCGGCTACG-500.1.1,Body_wall_muscle,640.0,580-650
TACAGTGCATGACATC-r17,Pharyngeal_neuron,300.0,270-330
TGACTAGAGTACATGA-400.2.2,Hypodermis,295.0,270-330
CATGACAAGCGTGAGT-300.1.1,Hypodermis,270.0,270-330
GGCTCGAGTTCTGGTA-400.2.2,Ciliated_non_amphid_neuron,330.0,330-390
TGCTGCTGTCAGCTAT-300.1.1,GLR,300.0,270-330
TTCCCAGTCCAGTATG-b01,Ciliated_non_amphid_neuron,330.0,330-390
TAGTTGGCATGGGAAC-500.2.1,,490.0,450-510
GTGTTAGTCTGTACGA-500.2.2,Hypodermis,430.0,390-450
TCTTTCCCATGATCCA-b01,,290.0,270-330
TTAACTCAGTTACCCA-r17,,310.0,270-330
GGGCATCGTAGGGTAC-500.2.2,Glia,700.0,> 650
CGTTAGACACGTCAGC-500.2.1,Body_wall_muscle,700.0,> 650
TCACGAAGTCGAATCT-300.1.1,Ciliated_non_amphid_neuron,380.0,330-390
CCGTACTCATGCATGT-b01,Intestine,550.0,510-580
CAGAGAGGTGGGTCAA-400.2.3,Body_wall_muscle,420.0,390-450
ACTTTCACACAGACTT-500.1.1,,550.0,510-580
GTACGTAGTGACAAAT-400.2.2,,245.0,210-270
AGCTCTCCAAGTTGTC-400.2.3,Ciliated_amphid_neuron,260.0,210-270
TTGAACGTCCAGTATG-b02,,285.0,270-330
CAGCCGAGTGACTACT-300.1.1,Ciliated_amphid_neuron,200.0,170-210
ACCCACTCATCCCATC-r17,Body_wall_muscle,490.0,450-510
CGCCAAGCAGCTGCTG-400.2.2,Ciliated_amphid_neuron,385.0,330-390
CGAGCACCATTAGCCA-b01,Ciliated_amphid_neuron,185.0,170-210
AGTGAGGCATGACATC-300.1.1,,300.0,270-330
ACGATGTCAGCCTTTC-500.2.2,Seam_cell,450.0,450-510
AGAGTGGAGCGATGAC-300.1.3,,245.0,210-270
AGATCTGAGTGTTAGA-r17,Ciliated_amphid_neuron,170.0,170-210
CCACCTACACTTCTGC-500.2.1,,370.0,330-390
ATTACTCAGTCCAGGA-500.1.1,Body_wall_muscle,420.0,390-450
ATAACGCCAAGAAGAG-500.2.2,Seam_cell,450.0,450-510
GGAATAATCACAAACC-300.1.2,,290.0,270-330
ACTGATGGTTAAGTAG-r17,,170.0,170-210
AACTCTTAGAGAACAG-500.2.2,Body_wall_muscle,700.0,> 650
CAGCAGCCACTTAAGC-500.2.2,Body_wall_muscle,700.0,> 650
GATGAAACAGAAGCAC-400.2.1,Hypodermis,390.0,390-450
AGGCCGTCAAAGCGGT-300.1.1,Seam_cell,370.0,330-390
ACGGCCAAGTGAAGTT-500.1.1,,530.0,510-580
CATCGGGCACCGAAAG-400.2.2,Body_wall_muscle,360.0,330-390
CTAATGGAGACTTTCG-500.1.2,Ciliated_amphid_neuron,380.0,330-390
TGGTTCCAGGGAACGG-300.1.3,Body_wall_muscle,350.0,330-390
CTCGAGGAGGCGATAC-400.2.2,,300.0,270-330
GCACTCTGTGAAGGCT-400.2.1,,260.0,210-270
CTACATTCATCGGTTA-500.2.2,,550.0,510-580
CCTAAAGGTTGATTCG-400.2.1,,260.0,210-270
TTCTTAGGTGTGGTTT-400.2.2,,260.0,210-270
TATGCCCCACCCATGG-300.1.3,,280.0,270-330
TAAGTGCTCCTATGTT-300.1.2,,260.0,210-270
ACACCAAGTAAATGTG-500.2.2,,410.0,390-450
TCAGGTATCGGTGTTA-300.1.2,Hypodermis,360.0,330-390
CTCGTCAGTAAGCACG-b01,,180.0,170-210
GCACTCTAGTTTAGGA-500.1.2,Ciliated_amphid_neuron,450.0,450-510
TGACTAGTCCTCGCAT-b01,,420.0,390-450
ACGCCAGAGATCACGG-400.2.3,,300.0,270-330
TTGACTTTCCACTCCA-500.2.2,Hypodermis,490.0,450-510
CCCTCCTTCCATGAAC-400.2.3,Ciliated_non_amphid_neuron,365.0,330-390
AAGGCAGTCCGCGCAA-400.2.1,Ciliated_non_amphid_neuron,260.0,210-270
GCCAAATAGAGTAAGG-300.1.3,,260.0,210-270
CGTCACTGTGACCAAG-400.2.1,Seam_cell,300.0,270-330
AAGGTTCCATGGTAGG-400.2.3,,350.0,330-390
GTAACGTGTCTCTTAT-r17,Hypodermis,320.0,270-330
TAGCCGGTCACCCTCA-500.1.1,Body_wall_muscle,450.0,450-510
CGTGAGCCATAAGACA-500.1.2,Glia,350.0,330-390
TTTCCTCTCTGTGCAA-500.1.2,,550.0,510-580
GTGAAGGTCCGAATGT-r17,,550.0,510-580
CCGGTAGAGTTAGGTA-b01,,190.0,170-210
GAAGCAGCAAACAACA-b02,Pharyngeal_muscle,390.0,390-450
GGGAATGCAGTCCTTC-500.2.1,Seam_cell,450.0,450-510
ACGCCAGGTGAGTATA-500.2.2,Ciliated_non_amphid_neuron,640.0,580-650
GAGTCCGAGACCCACC-400.2.1,Body_wall_muscle,420.0,390-450
GCTGGGTCATTAGCCA-400.2.2,Body_wall_muscle,355.0,330-390
ATCATGGTCGGACAAG-b01,Germline,830.0,> 650
TGACAACGTGAAAGAG-b02,Pharyngeal_marginal_cell,385.0,330-390
ACCGTAAAGGCAGTCA-r17,,300.0,270-330
GGAACTTGTTATCACG-r17,Glia,350.0,330-390
GCTCCTAGTGTTGGGA-400.2.3,,275.0,270-330
ACTGAGTTCTTAGAGC-400.2.2,Pharyngeal_muscle,405.0,390-450
GCTTCCATCGCCAGCA-r17,,170.0,170-210
GAGCAGACACATGTGT-300.1.1,,280.0,270-330
GACGCGTCAGATCGGA-400.2.3,Ciliated_amphid_neuron,300.0,270-330
CAGCTGGCAATGTAAG-400.2.1,Body_wall_muscle,360.0,330-390
CCAGCGACAGCGTAAG-400.2.1,Body_wall_muscle,490.0,450-510
ACTATCTGTCATGCAT-300.1.2,,300.0,270-330
CCCAGTTCAAGACGTG-500.2.1,Hypodermis,410.0,390-450
CCGTGGAGTCATATGC-500.2.2,Hypodermis,410.0,390-450
AGGGATGGTAGGGTAC-300.1.3,Germline,0.0,< 100
TGAGCATAGAAGGTGA-400.2.1,,190.0,170-210
AACGTTGGTACATCCA-400.2.2,Seam_cell,350.0,330-390
AGCAGCCAGAGCTGGT-400.2.2,Parent_of_exc_duct_pore_DB_1_3,275.0,270-330
TTCGAAGCAAAGCAAT-400.2.2,Ciliated_amphid_neuron,385.0,330-390
AGCCTAAAGTGTCTCA-500.1.3,,620.0,580-650
CGGAGCTAGCTGGAAC-500.2.1,Seam_cell,450.0,450-510
CTTAACTCATCTATGG-400.2.2,,300.0,270-330
GTCTCGTAGTTCGCGC-400.2.3,,260.0,210-270
ACTTACTGTCGCTTTC-300.1.1,,260.0,210-270
ACTGCTCCAATGACCT-300.1.3,Pharyngeal_muscle,375.0,330-390
AGCAGCCCAATCAGAA-500.2.2,Seam_cell,640.0,580-650
TGCGTGGGTAACGCGA-r17,,230.0,210-270
GACTAACAGTGTCCAT-500.2.1,Ciliated_amphid_neuron,550.0,510-580
GCTTGAAGTAAGGGCT-500.2.2,Hypodermis,550.0,510-580
AGTCTTTAGGATGTAT-500.1.1,Body_wall_muscle,490.0,450-510
CATCCACGTATAGGTA-b01,,270.0,270-330
ACGATGTGTGCTTCTC-400.2.3,Ciliated_non_amphid_neuron,330.0,330-390
CCTAGCTGTTTCGCTC-300.1.3,Seam_cell,420.0,390-450
CATCCACTCTCGTTTA-500.1.1,,345.0,330-390
TGGCTGGCACACCGCA-400.2.3,Hypodermis,280.0,270-330
ATAAGAGGTCCGTCAG-500.2.2,,375.0,330-390
GGACATTGTCTTGTCC-500.2.1,,435.0,390-450
ACGGAGACAATTGCTG-400.2.2,Ciliated_non_amphid_neuron,265.0,210-270
GACACGCAGGAGTACC-400.2.2,Hypodermis,420.0,390-450
GTGCAGCGTAGCCTAT-r17,,275.0,270-330
ACTGAGTCAGGAACGT-500.1.1,M_cell,420.0,390-450
GTGGGTCAGACTTTCG-500.2.2,Seam_cell,550.0,510-580
TGCCAAAGTACGCTGC-500.2.2,Hypodermis,380.0,330-390
CTAACTTAGGAGTTGC-b01,Pharyngeal_muscle,500.0,450-510
GCAGCCAAGGAATTAC-300.1.2,,220.0,210-270
CTGAAGTTCCCTCTTT-b01,,230.0,210-270
CTTCTCTGTGCAGTAG-500.1.1,,340.0,330-390
GACGTTACATCCTAGA-b01,,245.0,210-270
CATCAGAAGGCAAAGA-300.1.3,Hypodermis,310.0,270-330
GGGATGATCGCTTAGA-500.2.2,,375.0,330-390
TGTTCCGTCGGCGGTT-500.2.1,Hypodermis,450.0,450-510
TGTGTTTTCAGCTGGC-b01,Body_wall_muscle,490.0,450-510
CAGTCCTTCCAAGCCG-400.2.3,,380.0,330-390
GCTGGGTCATGTAGTC-500.1.2,Hypodermis,395.0,390-450
AAGCCGCTCCACGAAT-b01,,205.0,170-210
TCGCGAGTCGAACGGA-300.1.1,,260.0,210-270
TTTACTGGTCATATCG-500.1.1,Body_wall_muscle,390.0,390-450
TTCGGTCAGTCCGTAT-r17,,265.0,210-270
ACTTTCAGTGGGTATG-400.2.2,Ciliated_amphid_neuron,300.0,270-330
AGAATAGTCAGATAAG-500.2.2,,700.0,> 650
CGGACACCAAATCCGT-300.1.3,Body_wall_muscle,360.0,330-390
GAACGGATCTGTCTAT-400.2.2,Body_wall_muscle,410.0,390-450
GGGTCTGGTTCTGTTT-400.2.2,ABarpaaa_lineage,180.0,170-210
TTGGCAAGTGAGGGAG-400.2.2,,300.0,270-330
ACTTTCAGTGTAATGA-b01,,230.0,210-270
ACATACGAGCTCCTCT-400.2.3,Body_wall_muscle,350.0,330-390
GTTCTCGTCGCGTTTC-400.2.3,Body_wall_muscle,290.0,270-330
GTCTCGTAGACTTGAA-300.1.2,Hypodermis,300.0,270-330
CGGGTCATCAATCACG-400.2.2,Intestine,400.0,390-450
AACTCTTGTCATCCCT-400.2.1,Body_wall_muscle,350.0,330-390
CGACCTTTCTGTGCAA-500.1.1,,370.0,330-390
CACAGTAGTCTAGGTT-300.1.2,Hypodermis,325.0,270-330
GCAAACTCAGTGGGAT-r17,,190.0,170-210
CGTCAGGAGCTAAGAT-300.1.1,Pharyngeal_muscle,350.0,330-390
CTTCTCTGTTTCCACC-400.2.2,Ciliated_amphid_neuron,230.0,210-270
GGTGCGTAGAATTGTG-400.2.3,Body_wall_muscle,370.0,330-390
GAACATCGTATCGCAT-b01,,500.0,450-510
CGATTGAAGTTGTAGA-b02,,490.0,450-510
AGCAGCCTCTTCGGTC-400.2.1,,300.0,270-330
GACGTTACACGTAAGG-300.1.2,Hypodermis,320.0,270-330
TCAGCAAGTACAGTTC-400.2.3,Ciliated_amphid_neuron,450.0,450-510
CTAACTTCAATTGCTG-400.2.3,,220.0,210-270
CCTCAGTTCAAGGCTT-300.1.3,Hypodermis,230.0,210-270
CGGTTAATCGGATGGA-400.2.3,,190.0,170-210
CCCAATCAGATGCGAC-300.1.3,,200.0,170-210
TGTCCCACACGGTAAG-300.1.3,Pharyngeal_marginal_cell,360.0,330-390
AGCTCCTGTACATCCA-400.2.3,Hypodermis,360.0,330-390
CGCGGTATCGGTCCGA-500.2.1,,490.0,450-510
CGGACGTAGCTGAACG-500.2.1,Coelomocyte,470.0,450-510
CGTAGCGGTGTCCTCT-300.1.2,,230.0,210-270
CTAAGACTCACTTACT-300.1.2,Body_wall_muscle,350.0,330-390
AGTGAGGAGTTATCGC-r17,Body_wall_muscle,360.0,330-390
TGGGCGTCAGTGGGAT-400.2.2,Hypodermis,350.0,330-390
TGCGGGTGTGATAAAC-400.2.2,Body_wall_muscle,490.0,450-510
GAAGCAGTCAGCGACC-400.2.3,Pharyngeal_muscle,295.0,270-330
CCCAATCAGATCGATA-500.2.1,Seam_cell,410.0,390-450
GCTCCTAGTAGCGCTC-b01,Body_wall_muscle,420.0,390-450
ATCATCTAGGTCATCT-400.2.1,,265.0,210-270
AGAGTGGTCCTGTAGA-b01,Body_wall_muscle,245.0,210-270
CCACCTAGTCGCGGTT-400.2.2,Ciliated_non_amphid_neuron,340.0,330-390
GGACAGAGTTACTGAC-r17,Excretory_cell,640.0,580-650
GCATGATAGGTGCTAG-500.1.1,,350.0,330-390
TCACAAGTCCATGAAC-500.1.3,Glia,550.0,510-580
GACACGCAGTTGTAGA-b01,,200.0,170-210
CGAGAAGCATGCGCAC-500.1.1,,490.0,450-510
TGTGTTTGTGTTTGGT-400.2.1,Ciliated_amphid_neuron,385.0,330-390
GGTATTGTCAGTGCAT-500.1.1,Body_wall_muscle,550.0,510-580
GAACCTACAATGGTCT-b01,Glia,490.0,450-510
GAACCTATCAATCACG-r17,,160.0,130-170
TGTCCCAAGTTTGCGT-b01,,415.0,390-450
AGGTCATTCCTAGTGA-b02,,550.0,510-580
GTTCATTAGTATTGGA-r17,,290.0,270-330
GAGGTGACACGTTGGC-500.1.1,Ciliated_amphid_neuron,550.0,510-580
CCGGGATGTAAATGAC-b01,,230.0,210-270
AGCTCCTGTTCGGGCT-400.2.2,Body_wall_muscle,310.0,270-330
CCGTGGAAGGAGTCTG-500.2.1,Seam_cell,630.0,580-650
GTCATTTGTGATGCCC-500.2.2,Intestine,700.0,> 650
TTTGGTTCATGGTAGG-r17,Ciliated_amphid_neuron,375.0,330-390
CACACCTAGGGTTTCT-b01,Hypodermis,355.0,330-390
ATCATCTCAAGAAGAG-b01,Ciliated_amphid_neuron,385.0,330-390
GCTGCAGTCCAAGCCG-b01,,640.0,580-650
ACATACGGTTGGGACA-400.2.3,Hypodermis,430.0,390-450
CGTCTACTCGACAGCC-400.2.3,Body_wall_muscle,410.0,390-450
GTTACAGTCCGCGGTA-500.1.1,,430.0,390-450
CTCGAGGTCCTCCTAG-500.2.2,,700.0,> 650
TCTTCGGTCCACGTTC-300.1.2,ABarpaaa_lineage,230.0,210-270
TAAGAGAAGTACGATA-500.2.2,Seam_cell,450.0,450-510
CGCGGTACATTCACTT-300.1.1,,230.0,210-270
ACACCCTAGATGTCGG-300.1.1,Seam_cell,260.0,210-270
GTCGGGTGTTTGGGCC-r17,Body_wall_muscle,345.0,330-390
ATTTCTGCAAGTTGTC-r17,Ciliated_amphid_neuron,425.0,390-450
TCACGAAGTTTCCACC-400.2.2,Ciliated_non_amphid_neuron,260.0,210-270
AACTGGTAGTTGTCGT-500.1.1,,420.0,390-450
TTCGAAGTCCAATGGT-b02,Pharyngeal_muscle,370.0,330-390
ATGTGTGAGCGACGTA-500.2.1,Ciliated_amphid_neuron,500.0,450-510
GGATGTTGTAGTAGTA-b01,,205.0,170-210
CGGGTCACACATCCGG-400.2.1,Coelomocyte,320.0,270-330
GGGTTGCGTCGCGTGT-400.2.1,Body_wall_muscle,415.0,390-450
CCCTCCTGTTGGGACA-b01,Hypodermis,350.0,330-390
CATATTCTCATTCACT-400.2.1,Body_wall_muscle,350.0,330-390
AGCAGCCTCAATCACG-b01,,170.0,170-210
AAGGAGCCACACCGAC-500.2.2,,750.0,> 650
ACTTGTTGTGGTCTCG-b01,,420.0,390-450
CGTAGCGCAGGGTATG-r17,,225.0,210-270
ACGGGTCCAAGTCTGT-300.1.2,Seam_cell,390.0,390-450
GCAGCCACAGCCTTGG-400.2.3,Pharyngeal_neuron,275.0,270-330
GGTGCGTCACGGTAAG-b01,Seam_cell,550.0,510-580
ACGGCCAAGATAGGAG-300.1.1,Body_wall_muscle,310.0,270-330
CTAACTTAGAAACGAG-300.1.1,Intestine,340.0,330-390
CTGAAACAGCCAGGAT-400.2.1,Ciliated_non_amphid_neuron,320.0,270-330
TCTTTCCCAATAAGCA-r17,Body_wall_muscle,355.0,330-390
ACGGAGAAGGGATCTG-400.2.2,Hypodermis,360.0,330-390
ACGGGTCGTCGACTGC-500.1.1,Ciliated_amphid_neuron,450.0,450-510
ACTTGTTAGACCTAGG-500.1.1,Glia,345.0,330-390
CAGATCAGTCTAGTCA-500.2.1,Intestine,640.0,580-650
CTTAGGACATCTCCCA-300.1.3,,230.0,210-270
GACGGCTAGCTATGCT-b02,,270.0,270-330
CTCATTAGTCTGATCA-b02,Glia,380.0,330-390
TACGGTATCAGTTAGC-500.2.1,Hypodermis,550.0,510-580
GTAGGCCCAACTGGCC-500.2.2,Hypodermis,585.0,580-650
CTCCTAGGTGTGCGTC-500.2.1,Hypodermis,550.0,510-580
TCAGCTCCAGTTCATG-500.1.2,Pharyngeal_neuron,340.0,330-390
CTAACTTCACGAAAGC-500.2.2,,550.0,510-580
CTGCGGATCTGGCGAC-b02,,320.0,270-330
GTCTCGTGTACCGGCT-500.2.2,,420.0,390-450
ACCCACTCACGCGAAA-400.2.1,Body_wall_muscle,390.0,390-450
CACTCCACACCCATTC-400.2.3,,225.0,210-270
TCAGGTATCCGAATGT-b01,Body_wall_muscle,490.0,450-510
GACCTGGAGACTAAGT-500.2.1,Rectal_cell,470.0,450-510
CTGCCTAGTCTGATTG-r17,Ciliated_non_amphid_neuron,420.0,390-450
CGACCTTGTACAGTTC-r17,Body_wall_muscle,380.0,330-390
ACTGATGGTAATCACC-300.1.1,,190.0,170-210
GCCTCTAAGACAAAGG-500.2.1,Seam_cell,640.0,580-650
CATCAGAAGCTCCCAG-r17,,390.0,390-450
TGCCCTAAGCTTCGCG-b01,,185.0,170-210
GACTAACCATATGGTC-400.2.2,,280.0,270-330
CTTACCGCAGATGGGT-b01,Ciliated_amphid_neuron,170.0,170-210
CGGAGTCGTGTGTGCC-r17,Glia,470.0,450-510
CTGAAACCATGGGAAC-r17,,200.0,170-210
AACACGTCACTAGTAC-r17,,350.0,330-390
CACCTTGCAGCGTTCG-500.1.1,Body_wall_muscle,420.0,390-450
GTCACGGAGACAGACC-400.2.2,Pharyngeal_intestinal_valve,335.0,330-390
TCTGAGACAGGTGGAT-400.2.3,,285.0,270-330
ACTGCTCCATGTAGTC-r17,hmc_and_homolog,360.0,330-390
TCAATCTCATCATCCC-400.2.1,,0.0,< 100
TAAGTGCAGTACGATA-500.1.2,Ciliated_amphid_neuron,620.0,580-650
CAAGGCCGTCGTTGTA-500.1.1,Body_wall_muscle,450.0,450-510
CATCAGAGTCACTTCC-b01,Arcade_cell,700.0,> 650
CTTGGCTTCATTCACT-b01,Ciliated_amphid_neuron,420.0,390-450
TTAGTTCAGCCAACAG-500.1.1,GLR,400.0,390-450
AAGGTTCCAAGAAGAG-400.2.2,,295.0,270-330
TCTGAGATCAACCATG-500.2.1,Coelomocyte,420.0,390-450
GTGCTTCTCAACGGCC-300.1.2,Ciliated_amphid_neuron,270.0,270-330
GCGCAGTCAGCCTATA-500.2.1,Seam_cell,550.0,510-580
TGCGCAGCATACTACG-500.1.2,,420.0,390-450
GTAGGCCTCCGCGGTA-b01,Pharyngeal_neuron,380.0,330-390
AGCGGTCTCTTGGGTA-400.2.2,,230.0,210-270
TAAACCGCATATACCG-300.1.3,Pharyngeal_marginal_cell,350.0,330-390
TTGTAGGAGCACCGTC-400.2.3,,260.0,210-270
GGACGTCGTCTGGTCG-500.2.1,Hypodermis,550.0,510-580
CTGCTGTAGCCCAACC-r17,Ciliated_non_amphid_neuron,300.0,270-330
TAGTTGGGTGCCTGTG-500.1.1,Glia,550.0,510-580
GCTCTGTGTTCTGTTT-500.1.1,,380.0,330-390
GAATGAAAGATGTCGG-500.1.1,Pharyngeal_gland,450.0,450-510
CGTAGGCGTGATGTCT-400.2.1,,260.0,210-270
TAGACCAAGTTAGGTA-500.2.1,M_cell,765.0,> 650
TACTCGCGTAAGTTCC-400.2.3,Ciliated_amphid_neuron,230.0,210-270
TCGGGACAGAGTGAGA-300.1.1,,320.0,270-330
ACTATCTAGTGTTTGC-500.2.2,Excretory_gland,480.0,450-510
CTCTGGTCATGGGACA-400.2.2,Ciliated_non_amphid_neuron,230.0,210-270
TAGCCGGAGATCGATA-300.1.1,Hypodermis,300.0,270-330
CACATTTTCCGATATG-300.1.1,,290.0,270-330
CGAGAAGGTAGGCATG-400.2.3,Pharyngeal_intestinal_valve,320.0,270-330
AAACCTGCAGTGGAGT-300.1.2,Body_wall_muscle,280.0,270-330
TTCGAAGAGCTGCCCA-300.1.3,,350.0,330-390
GCCAAATCAGGGTTAG-300.1.1,Body_wall_muscle,385.0,330-390
TGAAAGATCACCGGGT-r17,,260.0,210-270
AGAGCGATCAGTTAGC-400.2.3,Body_wall_muscle,270.0,270-330
CAGCATAGTTGAACTC-500.1.1,Body_wall_muscle,420.0,390-450
TGAAAGAGTTTGACAC-500.2.1,Excretory_cell,630.0,580-650
CAGCCGAGTTCGCGAC-400.2.2,,300.0,270-330
AGTAGTCCAGCCTTGG-b01,Pharyngeal_intestinal_valve,280.0,270-330
CGGACGTAGTCGTACT-500.2.1,Ciliated_amphid_neuron,370.0,330-390
TTAGGACCACCGGAAA-500.2.2,,400.0,390-450
AAGGCAGTCGCTGATA-500.2.2,,490.0,450-510
AGAGCTTCAGGTCGTC-b01,,490.0,450-510
GACTAACTCCTAAGTG-r17,,230.0,210-270
CAACCTCTCATACGGT-500.1.2,Body_wall_muscle,550.0,510-580
CTGCCTACATTACCTT-r17,Pharyngeal_muscle,340.0,330-390
GATGCTACAGGGAGAG-400.2.2,Ciliated_amphid_neuron,490.0,450-510
TTGCGTCAGCGATGAC-400.2.3,,300.0,270-330
GATGAAAGTAGGAGTC-300.1.2,,280.0,270-330
CAGCAGCGTAGAGCTG-b02,Ciliated_amphid_neuron,390.0,390-450
CTAAGACTCTCTAGGA-300.1.1,Ciliated_amphid_neuron,230.0,210-270
CTCGTACCACCTATCC-500.2.1,Pharyngeal_gland,640.0,580-650
ACTGATGTCTCGCTTG-300.1.2,,260.0,210-270
TTGCGTCGTTGATTCG-400.2.3,Ciliated_non_amphid_neuron,260.0,210-270
AAACCTGTCCCAAGTA-500.1.2,Ciliated_non_amphid_neuron,450.0,450-510
AAAGTAGCAATGGACG-400.2.3,,300.0,270-330
AGAGTGGCAAGCCCAC-500.2.2,Arcade_cell,490.0,450-510
TGTGGTATCGGTCTAA-400.2.3,Ciliated_non_amphid_neuron,270.0,270-330
GACCAATCACATCCAA-b01,Coelomocyte,350.0,330-390
CGTCCATTCCTGCCAT-400.2.3,Pharyngeal_muscle,330.0,330-390
ATCATGGTCGTACGGC-500.1.1,Body_wall_muscle,510.0,510-580
GGCCGATCACGTTGGC-400.2.2,,340.0,330-390
GGCTCGACACGAGAGT-500.2.2,Body_wall_muscle,830.0,> 650
CTCGTCATCAGGCGAA-500.2.1,Hypodermis,430.0,390-450
TCGCGTTAGCACCGTC-400.2.3,Body_wall_muscle,410.0,390-450
GGTATTGAGGCAGTCA-500.1.1,,410.0,390-450
CGAGAAGGTTCTCATT-300.1.3,T,270.0,270-330
CGCGTTTTCACCAGGC-500.2.1,Intestine,410.0,390-450
TTAGGCAGTTTACTCT-300.1.3,Body_wall_muscle,350.0,330-390
AGAGCTTCACTAGTAC-300.1.2,Body_wall_muscle,360.0,330-390
CTCGGAGGTCATATCG-400.2.3,Ciliated_non_amphid_neuron,370.0,330-390
CACATAGTCAAGGTAA-300.1.1,Ciliated_amphid_neuron,310.0,270-330
ATGAGGGCATGCTAGT-r17,,415.0,390-450
TGACAACGTCGGCACT-r17,,205.0,170-210
GTATCTTAGGGATACC-500.2.1,M_cell,420.0,390-450
CTGAAGTGTATAGGGC-r17,,190.0,170-210
AGCGTATAGAAGGCCT-500.2.2,Seam_cell,620.0,580-650
TGATTTCGTGGTCTCG-300.1.2,GLR,300.0,270-330
GTGCAGCTCCACGAAT-b02,Parent_of_hyp1V_and_ant_arc_V,215.0,210-270
TCGTACCCAGACTCGC-r17,Ciliated_amphid_neuron,165.0,130-170
CCGTGGAGTAAACGCG-300.1.3,Hypodermis,300.0,270-330
CATCAAGGTATATGGA-300.1.2,Intestine,595.0,580-650
ATTATCCGTAGCGCAA-b01,Pharyngeal_marginal_cell,330.0,330-390
GACTACACACCGGAAA-500.2.1,,510.0,510-580
TTCCCAGGTCCAACTA-400.2.3,,230.0,210-270
AAGGTTCTCTTTACAC-b01,,280.0,270-330
CTGCCTACAATGCCAT-400.2.2,,205.0,170-210
CGATGGCAGTACCGGA-400.2.3,,295.0,270-330
ACACTGACAAAGTGCG-500.1.1,Body_wall_muscle,450.0,450-510
CACCACTTCGTAGGAG-b01,Ciliated_amphid_neuron,620.0,580-650
CCTTCGATCAACGGGA-300.1.2,Body_wall_muscle,390.0,390-450
CACAAACAGTTAAGTG-300.1.1,Seam_cell,405.0,390-450
TCTCTAAGTCCGAATT-500.1.2,,455.0,450-510
GGGCATCGTCTGGTCG-300.1.3,Seam_cell,280.0,270-330
GTAACTGGTGCTCTTC-b01,,210.0,210-270
GGGACCTGTTTAAGCC-500.1.2,Body_wall_muscle,550.0,510-580
ACATGGTCACAGCGTC-400.2.2,,450.0,450-510
ATCACGACAAAGGTGC-b01,hmc,400.0,390-450
ATTGGTGCACCACGTG-400.2.2,,265.0,210-270
CTCTGGTCATCATCCC-400.2.3,,325.0,270-330
CTCGGGAGTGAAATCA-300.1.3,Intestine,280.0,270-330
TTTACTGAGTTGAGAT-b01,,195.0,170-210
GTCAAGTGTAAGAGAG-b02,,450.0,450-510
TTAGGCACATCTCGCT-500.1.3,,360.0,330-390
CATCGAATCAGTCCCT-300.1.1,Seam_cell,330.0,330-390
TGCGGGTTCGTCGTTC-500.1.1,Body_wall_muscle,450.0,450-510
TTTCCTCAGATGAGAG-500.2.1,Hypodermis,550.0,510-580
CGTTGGGGTCCGTCAG-400.2.1,Pharyngeal_gland,290.0,270-330
TAAGAGAAGTGAAGTT-500.2.1,Glia,700.0,> 650
AAAGCAAGTTCAACCA-300.1.1,Hypodermis,355.0,330-390
GAATAAGCAAAGGCGT-400.2.2,Excretory_cell,340.0,330-390
CAACTAGTCTTTACGT-300.1.3,Ciliated_non_amphid_neuron,230.0,210-270
GTTCTCGCAGATCCAT-500.1.1,,390.0,390-450
TCCACACCAAACCCAT-400.2.2,Coelomocyte,400.0,390-450
AGATTGCCAAGCTGTT-500.1.1,,375.0,330-390
TACGGATCAAACTGTC-300.1.3,GLR,320.0,270-330
CTTAACTGTAAGTAGT-500.1.2,Pharyngeal_muscle,320.0,270-330
AGCGGTCGTCGCGTGT-400.2.3,Hypodermis,330.0,330-390
TGCTACCTCAAGAAGT-500.1.3,,325.0,270-330
AGCTCTCAGTGTACCT-400.2.2,,300.0,270-330
GGTGAAGAGAGTACCG-r17,Hypodermis,270.0,270-330
ACTGTCCCAAGAGTCG-400.2.3,,285.0,270-330
AGGCCACAGGTGGGTT-400.2.1,,350.0,330-390
CGTAGGCGTAGGGACT-400.2.2,GLR,325.0,270-330
CATGGCGAGTGGTAAT-b01,Body_wall_muscle,420.0,390-450
TGCTGCTAGATCGGGT-500.2.2,Hypodermis,410.0,390-450
GTAGTCATCGGCTTGG-300.1.3,,320.0,270-330
GGAACTTGTATAGGTA-300.1.1,Body_wall_muscle,275.0,270-330
CACACAACACACCGAC-500.2.2,Body_wall_muscle,450.0,450-510
CTCTAATAGTGGTAGC-300.1.3,,300.0,270-330
ACTTGTTCACAGAGGT-r17,Body_wall_muscle,320.0,270-330
AGGCCGTTCAAAGTAG-500.1.2,Body_wall_muscle,500.0,450-510
AGCTTGATCAGCACAT-500.2.1,,435.0,390-450
AGCATACCAAAGTCAA-r17,Body_wall_muscle,450.0,450-510
GGACATTAGCTAAGAT-400.2.2,Body_wall_muscle,450.0,450-510
TTAACTCTCTGCCCTA-500.2.1,Intestine,410.0,390-450
TCGGTAAGTGTTGAGG-300.1.1,,280.0,270-330
ATGAGGGTCCTCTAGC-300.1.1,,270.0,270-330
GATCAGTCAGACAGGT-300.1.3,Body_wall_muscle,415.0,390-450
GTATCTTTCTTGTCAT-300.1.3,Hypodermis,380.0,330-390
CCTCAGTGTTATCCGA-400.2.3,,265.0,210-270
CCATTCGAGCACCGTC-400.2.2,Ciliated_amphid_neuron,450.0,450-510
TTTATGCTCCACGCAG-500.2.2,Hypodermis,640.0,580-650
TTTACTGGTGTGAATA-500.2.2,Hypodermis,280.0,270-330
TAGACCATCACCCTCA-400.2.1,Ciliated_non_amphid_neuron,400.0,390-450
CTCACACCATTGGTAC-b01,,390.0,390-450
ATTGGACAGGGTTTCT-400.2.3,Pharyngeal_muscle,325.0,270-330
GGCCGATTCTGTGCAA-400.2.3,,360.0,330-390
ACACCGGGTAGCTAAA-400.2.2,Pharyngeal_gland,470.0,450-510
CCGTACTAGCTTCGCG-400.2.1,Pharyngeal_intestinal_valve,325.0,270-330
AGATCTGTCACGGTTA-b02,,520.0,510-580
CCTCAGTTCCAGTATG-500.1.3,Body_wall_muscle,410.0,390-450
TCTGAGACATCGGACC-300.1.2,Body_wall_muscle,320.0,270-330
ATGAGGGTCTGGGCCA-500.1.1,Body_wall_muscle,370.0,330-390
CTACACCGTAAATGAC-500.1.2,Body_wall_muscle,390.0,390-450
TGGCTGGTCCTTTACA-500.1.2,Ciliated_non_amphid_neuron,585.0,580-650
GTTCTCGAGTGTTTGC-500.1.1,,425.0,390-450
CAGAGAGTCCGGCACA-500.1.1,Body_wall_muscle,510.0,510-580
CAGCCGATCGGGAGTA-400.2.3,Body_wall_muscle,415.0,390-450
AGAGCGACATATGGTC-300.1.3,,260.0,210-270
CTAATGGGTTGAACTC-500.2.2,,550.0,510-580
CTTACCGGTCACTTCC-400.2.2,Body_wall_muscle,350.0,330-390
AGGGAGTGTGATGATA-b01,Excretory_cell,520.0,510-580
CGATGGCAGGAATGGA-400.2.2,,260.0,210-270
GTTCTCGGTCTGCGGT-b01,,230.0,210-270
CTCGAGGGTTAGATGA-400.2.2,Body_wall_muscle,285.0,270-330
ATTCTACGTTCCACTC-r17,,285.0,270-330
ATCTGCCCACGTCAGC-300.1.3,,260.0,210-270
ATCGAGTCAGCTGTTA-400.2.2,,360.0,330-390
CGCCAAGAGTTTAGGA-500.1.1,,260.0,210-270
GTCACGGGTAGTACCT-500.1.3,Ciliated_non_amphid_neuron,450.0,450-510
TGAAAGAGTTCATGGT-500.1.1,Pharyngeal_gland,510.0,510-580
ACACCCTGTCCATCCT-500.1.1,Body_wall_muscle,420.0,390-450
CAAGTTGAGTCTCAAC-500.2.1,Seam_cell,400.0,390-450
GCTGCGAGTCCGAATT-500.1.1,Body_wall_muscle,415.0,390-450
GTTTCTATCCATGCTC-b01,Body_wall_muscle,490.0,450-510
GACTAACGTCCGTCAG-r17,Body_wall_muscle,490.0,450-510
TGGTTAGCAAGTTGTC-400.2.1,,450.0,450-510
TCATTTGAGGTGCTAG-400.2.3,,300.0,270-330
CGGACTGGTGCAGGTA-500.2.2,Hypodermis,550.0,510-580
CATCAGAAGACCTTTG-b02,hmc_and_homolog,375.0,330-390
GCTGCTTGTCTAAACC-400.2.2,Ciliated_non_amphid_neuron,285.0,270-330
TTCGGTCAGATCTGAA-400.2.2,,365.0,330-390
GCGCCAAAGTTAACGA-500.2.2,,700.0,> 650
CATTATCAGTGGGTTG-400.2.2,,230.0,210-270
GCTGGGTAGTGGTAGC-400.2.3,,300.0,270-330
TCTCATAAGTCTTGCA-500.1.2,Hypodermis,510.0,510-580
GATCGTAAGTTTCCTT-500.1.3,,360.0,330-390
ACGGGCTCACGCTTTC-b01,,195.0,170-210
CGTTCTGCAAATACAG-400.2.1,Hypodermis,320.0,270-330
ACGCCGAGTGGGTCAA-r17,Intestine,230.0,210-270
CCGTACTCATCGATGT-500.1.1,Hypodermis,430.0,390-450
CAGCTAAAGTACATGA-b01,Pharyngeal_muscle,365.0,330-390
AGCATACGTAGGGACT-r17,Ciliated_amphid_neuron,360.0,330-390
ACATCAGGTCTCAACA-400.2.2,Hypodermis,385.0,330-390
CTCGAAATCGCGGATC-400.2.3,Body_wall_muscle,360.0,330-390
CTCTAATCAAAGCGGT-500.1.2,Body_wall_muscle,490.0,450-510
GGTGCGTTCAATCACG-400.2.2,Pharyngeal_neuron,310.0,270-330
CACACCTTCTTGCCGT-r17,Ciliated_non_amphid_neuron,270.0,270-330
GCTCCTATCAGCGACC-400.2.1,Ciliated_amphid_neuron,380.0,330-390
AATCCAGTCTCTAGGA-300.1.3,,330.0,330-390
GTGTGCGGTAGGGTAC-500.2.1,Hypodermis,620.0,580-650
GGATGTTTCTACCTGC-300.1.2,Pharyngeal_muscle,350.0,330-390
GGGTCTGGTCAAAGAT-500.2.1,Intestine,490.0,450-510
TACGGTACAGGTCTCG-400.2.2,,260.0,210-270
GCGCAGTCATGAAGTA-500.2.2,Glia,450.0,450-510
CGAATGTCACATCTTT-400.2.2,Body_wall_muscle,360.0,330-390
AACCATGAGATAGCAT-b01,,385.0,330-390
ACTGAACTCAAGGCTT-500.2.1,Hypodermis,635.0,580-650
CATATTCGTCAGAAGC-b02,,490.0,450-510
AAACGGGAGAATTGTG-b01,Pharyngeal_intestinal_valve,490.0,450-510
CGTGTAATCAACCAAC-r17,,120.0,100-130
CAGTCCTGTATAGTAG-400.2.2,Body_wall_muscle,350.0,330-390
GACTGCGCAGACGCCT-400.2.2,hyp1V_and_ant_arc_V,450.0,450-510
ACACCGGAGGTACTCT-400.2.3,Coelomocyte,355.0,330-390
GACGTGCAGAGACTTA-r17,Pharyngeal_neuron,215.0,210-270
ACACCAAGTAGAAGGA-b02,,450.0,450-510
GCTTGAAGTCGCTTCT-500.2.1,Hypodermis,550.0,510-580
GTCGGGTTCCTATGTT-400.2.3,,260.0,210-270
CTCGGGATCTCCAACC-r17,Glia,490.0,450-510
AACCGCGGTTCGAATC-b01,Body_wall_muscle,450.0,450-510
GGGTCTGAGGTGGGTT-300.1.2,Glia,300.0,270-330
CATATTCTCCAGGGCT-500.2.2,,725.0,> 650
TCGCGAGCAAACAACA-b01,,130.0,130-170
CTCGTCAAGACTACAA-400.2.1,,240.0,210-270
AACTTTCCAGAGTGTG-500.2.2,Body_wall_muscle,755.0,> 650
TGCACCTCACATCCAA-b02,,470.0,450-510
GTGCTTCAGAGATGAG-400.2.2,,230.0,210-270
GATGAAACAAGAGGCT-500.2.1,Body_wall_muscle,550.0,510-580
TACTTGTAGTAGGTGC-b01,Ciliated_non_amphid_neuron,260.0,210-270
CCGGGATTCGGATGGA-400.2.3,,200.0,170-210
TACACGATCTCACATT-400.2.2,Body_wall_muscle,350.0,330-390
CACACAAGTCACACGC-b01,Body_wall_muscle,260.0,210-270
CACCTTGCAGGACGTA-500.2.1,Hypodermis,425.0,390-450
TCCACACGTAGCTTGT-400.2.2,,630.0,580-650
AACTCCCTCCGAACGC-300.1.2,G2_and_W_blasts,340.0,330-390
CAGTAACAGTCAAGCG-b01,Pharyngeal_muscle,410.0,390-450
GCTGCTTAGGCTATCT-300.1.2,Excretory_cell,320.0,270-330
ACCCACTCACGTAAGG-b01,Ciliated_non_amphid_neuron,450.0,450-510
CTCTACGTCTCCTATA-500.2.2,hmc_homolog,420.0,390-450
AGCTCCTCAGGGTATG-500.2.1,Ciliated_amphid_neuron,490.0,450-510
CCTAAAGGTTACGACT-b01,,130.0,130-170
GATCGTATCCTTTCTC-300.1.3,Intestine,230.0,210-270
CGACTTCCAGGGTATG-400.2.3,Hypodermis,300.0,270-330
GACCTGGCAGCTGTAT-300.1.3,,225.0,210-270
GCTCTGTCAGTGGGAT-400.2.1,Seam_cell,350.0,330-390
AGGCCACGTATGGTTC-400.2.2,Hypodermis,290.0,270-330
GGGACCTAGTGTTTGC-400.2.1,Seam_cell,360.0,330-390
TCTTTCCCAAGTCTGT-500.2.1,Intestine,490.0,450-510
AGACGTTAGAGACGAA-300.1.2,Pharyngeal_muscle,365.0,330-390
GTAGTCAGTACGAAAT-400.2.2,M_cell,380.0,330-390
CTAACTTGTACACCGC-300.1.1,,300.0,270-330
CAGGTGCAGTTAGGTA-300.1.1,,230.0,210-270
AACCGCGTCCAAAGTC-r17,Ciliated_amphid_neuron,230.0,210-270
CCTTCCCCATTCCTGC-b02,Body_wall_muscle,640.0,580-650
GGGTTGCAGAGTCGGT-b01,,300.0,270-330
ACCAGTATCGTAGGTT-300.1.1,Ciliated_amphid_neuron,300.0,270-330
TGCACCTTCAATCTCT-400.2.2,Seam_cell,345.0,330-390
CACATTTCACATCCGG-400.2.2,Glia,360.0,330-390
CAGAGAGAGGTGATAT-r17,,285.0,270-330
TGCACCTCAGATAATG-500.1.1,,380.0,330-390
ACGAGGAAGGACATTA-r17,,210.0,210-270
GTATCTTCATTCCTCG-400.2.3,,175.0,170-210
TGTTCCGAGTTCGCGC-500.1.3,Hypodermis,550.0,510-580
CTAAGACCACGGCTAC-400.2.2,Rectal_cell,345.0,330-390
AGAGCGAAGTGAACAT-r17,,130.0,130-170
GAACATCCAAGCGTAG-500.2.1,Body_wall_muscle,750.0,> 650
TCGCGTTGTCGCTTTC-400.2.2,Z1_Z4,360.0,330-390
AACTGGTCAGAGTGTG-500.1.1,Body_wall_muscle,410.0,390-450
TAAGCGTAGGTGCTTT-300.1.1,Germline,830.0,> 650
CACAGTAAGAAGAAGC-500.1.1,GLR,390.0,390-450
TGGCGCAGTTCAGCGC-300.1.3,,230.0,210-270
TGCGCAGAGCGCTCCA-500.1.1,,620.0,580-650
ATAAGAGCACAAGCCC-400.2.2,,185.0,170-210
CCATTCGTCCACGAAT-500.2.2,Intestinal_and_rectal_muscle,345.0,330-390
TGACTAGAGGCGCTCT-300.1.1,,270.0,270-330
GATCGTATCATGCATG-500.2.1,,435.0,390-450
CATGCCTTCTGTCTCG-300.1.3,,300.0,270-330
CCGGTAGTCATAGCAC-b01,,470.0,450-510
AAGTCTGTCTGAAAGA-400.2.3,,295.0,270-330
TACCTTACAATCCGAT-r17,GLR,420.0,390-450
GTAGTCATCTCCGGTT-400.2.3,ABarpaaa_lineage,300.0,270-330
CTTAGGAAGGCAAAGA-500.2.1,Body_wall_muscle,760.0,> 650
ATTCTACGTCATATCG-r17,Ciliated_amphid_neuron,170.0,170-210
AACCATGGTTCTGGTA-500.2.1,Ciliated_non_amphid_neuron,640.0,580-650
TCAGATGAGTGTCCCG-r17,Pharyngeal_neuron,425.0,390-450
ATGAGGGCAAGGGTCA-500.2.1,,450.0,450-510
CAGCTAAAGTGGACGT-300.1.2,,265.0,210-270
AACTCTTTCGCTTAGA-400.2.1,Z1_Z4,455.0,450-510
CCAGCGAAGGCCCTCA-b01,Hypodermis,295.0,270-330
AAGTCTGTCACTCTTA-400.2.3,Seam_cell,350.0,330-390
ACACCCTCATTGGTAC-500.2.1,Body_wall_muscle,820.0,> 650
CAGCAGCGTTAAGTAG-300.1.2,Body_wall_muscle,300.0,270-330
GCGCCAAGTGCTCTTC-b01,Hypodermis,550.0,510-580
CACACAATCAGTCAGT-300.1.1,,455.0,450-510
CTGATCCAGAGTACCG-r17,,300.0,270-330
GACGTTATCTGCAGTA-400.2.1,Hypodermis,340.0,330-390
ACGAGGAGTCAGTGGA-b01,,225.0,210-270
TTGGAACGTACTTCTT-300.1.3,,170.0,170-210
AGTGGGACACCAGCAC-r17,Pharyngeal_gland,530.0,510-580
GTCATTTGTTTGGGCC-400.2.1,,355.0,330-390
CTAGCCTCAACGCACC-400.2.2,,290.0,270-330
CGATGGCGTGGCAAAC-300.1.2,Body_wall_muscle,420.0,390-450
TTAGTTCCAAGTTGTC-400.2.1,hmc,390.0,390-450
GGATGTTTCAGCTTAG-r17,Ciliated_non_amphid_neuron,260.0,210-270
CAAGTTGGTGCAGGTA-r17,,210.0,210-270
GAGCAGAGTACCGAGA-400.2.3,,450.0,450-510
TGCGTGGGTGTGTGCC-500.2.1,Hypodermis,640.0,580-650
CAGGTGCCAGCATACT-500.2.1,Intestine,700.0,> 650
GTGCTTCGTGTGACGA-b01,Ciliated_amphid_neuron,400.0,390-450
CCTTTCTTCCACGACG-300.1.3,Pharyngeal_neuron,350.0,330-390
GGAAAGCCATCAGTCA-500.1.1,Arcade_cell,585.0,580-650
TGTGTTTTCAGCAACT-400.2.1,Pharyngeal_muscle,310.0,270-330
GACTACACAGCGTTCG-400.2.1,,450.0,450-510
TTAGGCATCAAGATCC-r17,ABarpaaa_lineage,180.0,170-210
CATATGGAGCCAGTTT-300.1.2,Hypodermis,380.0,330-390
GGGTTGCGTACCGTAT-300.1.1,,220.0,210-270
CTCGGAGGTCCGTCAG-r17,Pharyngeal_neuron,270.0,270-330
GCTTCCAGTGTGAAAT-r17,,355.0,330-390
TGCGTGGAGTTCGCGC-500.1.1,Body_wall_muscle,415.0,390-450
CTTAACTTCGCTGATA-400.2.1,,215.0,210-270
GGCTGGTTCATTGCGA-400.2.2,Body_wall_muscle,215.0,210-270
GATCGATGTTGATTGC-500.1.1,,370.0,330-390
TGTCCCAGTATCGCAT-400.2.2,,260.0,210-270
ACGATACTCACAGTAC-300.1.2,,260.0,210-270
CAACTAGAGATCCGAG-400.2.2,Ciliated_amphid_neuron,215.0,210-270
GACGGCTCAGACTCGC-b01,Pharyngeal_gland,300.0,270-330
TCTATTGCAAGTACCT-500.1.1,Ciliated_amphid_neuron,550.0,510-580
TGGCTGGTCCGCATAA-400.2.3,,280.0,270-330
TGTTCCGAGTACGATA-500.1.3,,585.0,580-650
GGGCACTAGGCGACAT-400.2.3,GLR,360.0,330-390
CATATGGGTTTAGGAA-400.2.3,,215.0,210-270
CTTCTCTGTTCCCTTG-500.1.1,Body_wall_muscle,550.0,510-580
CTGCTGTAGGCAGGTT-400.2.3,Hypodermis,320.0,270-330
TGTATTCGTTAAGTAG-400.2.1,Glia,375.0,330-390
CAACCAACAAACCCAT-r17,,285.0,270-330
GCTTCCAAGGATGGAA-400.2.2,,280.0,270-330
CGCGTTTGTACTTGAC-400.2.1,,270.0,270-330
CACAGGCGTAAACCTC-500.2.2,Hypodermis,640.0,580-650
TGGTTCCCAGCTGGCT-300.1.3,,320.0,270-330
AGCTCCTGTGGTACAG-b01,,260.0,210-270
CGTCACTTCAGCTCGG-b01,,370.0,330-390
CAACCAATCGAATGCT-300.1.2,,220.0,210-270
TAGGCATCACACTGCG-r17,Body_wall_muscle,350.0,330-390
GTGAAGGTCTGGTGTA-400.2.1,Body_wall_muscle,490.0,450-510
CAGCTAAAGACGCACA-500.2.1,Intestine,470.0,450-510
CGGACTGCACTTGGAT-b01,Arcade_cell,640.0,580-650
TGAGCCGAGTAATCCC-300.1.2,,260.0,210-270
AAGACCTCAGTAACGG-500.1.1,Glia,550.0,510-580
GATGAAAGTCACTTCC-r17,Ciliated_amphid_neuron,170.0,170-210
TCGAGGCCAATCTACG-300.1.3,,270.0,270-330
AGTGGGAAGGACAGCT-b01,Body_wall_muscle,300.0,270-330
ATCCACCCAAGCGAGT-300.1.1,Intestine,340.0,330-390
CACACTCAGCGCCTCA-400.2.1,Pharyngeal_marginal_cell,350.0,330-390
CTGCTGTCAAGCGCTC-b01,Pharyngeal_intestinal_valve,510.0,510-580
TGCCCATGTATAGGGC-b01,,0.0,< 100
TTCGGTCCACCATCCT-500.1.1,Arcade_cell,450.0,450-510
GGCCGATAGGTTACCT-500.1.2,Hypodermis,410.0,390-450
CCTAAAGAGTGGAGAA-400.2.3,Excretory_gland,350.0,330-390
CGATCGGAGTCTCGGC-b01,Body_wall_muscle,410.0,390-450
CTCGAGGGTGAGGCTA-500.2.2,Body_wall_muscle,420.0,390-450
CTACACCTCCTTAATC-r17,,190.0,170-210
CAGCGACAGACTTGAA-500.2.2,Body_wall_muscle,435.0,390-450
CCCTCCTAGAAGGTGA-300.1.3,Pharyngeal_muscle,285.0,270-330
CGTTGGGTCTAACTTC-b02,Glia,500.0,450-510
TCTTCGGGTATGAAAC-b01,Body_wall_muscle,130.0,130-170
TTCTACAGTTAAAGTG-b01,,190.0,170-210
CGGCTAGCATCAGTCA-300.1.1,ABarpaaa_lineage,190.0,170-210
GCAATCATCATGCTCC-400.2.1,Ciliated_amphid_neuron,450.0,450-510
CTTGGCTTCAGAGCTT-r17,Ciliated_non_amphid_neuron,350.0,330-390
CTTACCGTCAACCAAC-300.1.1,Hypodermis,280.0,270-330
CAGCAGCGTCTACCTC-400.2.2,,300.0,270-330
CTACGTCGTACAGACG-300.1.2,Hypodermis,260.0,210-270
ATAAGAGAGATCCTGT-b02,,200.0,170-210
GCAGTTAGTGGAAAGA-500.1.1,Intestinal_and_rectal_muscle,620.0,580-650
ACTTACTGTCCATGAT-b01,Seam_cell,450.0,450-510
ATTGGACCAGGTCCAC-400.2.3,Ciliated_amphid_neuron,470.0,450-510
CTCGAGGTCTGAGGGA-400.2.3,Ciliated_amphid_neuron,280.0,270-330
GCTGCAGGTTCGTGAT-b01,,160.0,130-170
GGGACCTAGTTGTCGT-r17,Glia,415.0,390-450
ATCTACTTCTTGTACT-400.2.3,Ciliated_amphid_neuron,550.0,510-580
GACTAACCATCCAACA-500.1.1,Body_wall_muscle,390.0,390-450
AGGCCACTCTGATACG-300.1.2,,275.0,270-330
CTAAGACCATCTGGTA-500.2.2,Hypodermis,430.0,390-450
GGCTCGACATCGGAAG-300.1.2,Coelomocyte,340.0,330-390
CTGTGCTGTGCTTCTC-400.2.1,Ciliated_non_amphid_neuron,340.0,330-390
GTCACAATCCAGGGCT-r17,Body_wall_muscle,550.0,510-580
GGACAAGGTTTGTGTG-r17,,210.0,210-270
TACGGATCAAACCCAT-300.1.1,,290.0,270-330
CGATCGGTCCATGCTC-500.2.2,Ciliated_non_amphid_neuron,490.0,450-510
CATCAAGGTCCCGACA-300.1.3,,245.0,210-270
CTCGGAGTCAGTTTGG-300.1.2,,230.0,210-270
TTCTCCTGTTAAGAAC-r17,Body_wall_muscle,410.0,390-450
GTACTCCGTCTCTCTG-400.2.2,Hypodermis,450.0,450-510
GATCGATAGGAGTAGA-400.2.2,Body_wall_muscle,420.0,390-450
TTCGGTCTCGCCATAA-b01,,360.0,330-390
CAAGATCGTCCATCCT-500.1.1,Ciliated_amphid_neuron,700.0,> 650
TACCTTACAACACCTA-300.1.3,Body_wall_muscle,320.0,270-330
AACACGTAGTCTCAAC-300.1.2,Pharyngeal_gland,300.0,270-330
CGATTGATCGGAGGTA-500.2.1,Intestine,640.0,580-650
CTAGAGTGTCAACTGT-300.1.1,,215.0,210-270
TGTGTTTGTGAGCGAT-500.2.2,Body_wall_muscle,640.0,580-650
GCACATATCGAGGTAG-400.2.2,,200.0,170-210
AGTGGGATCGCAAACT-b01,M_cell,395.0,390-450
AGCTTGACAGCTATTG-500.2.1,Ciliated_amphid_neuron,700.0,> 650
GGTGCGTTCATCGCTC-r17,,230.0,210-270
CACCACTCAATAGCGG-r17,,220.0,210-270
CACCACTAGGGAGTAA-b01,Ciliated_amphid_neuron,700.0,> 650
TCGAGGCAGGAATCGC-500.2.1,Intestine,450.0,450-510
GGAACTTCACTGTCGG-400.2.2,Body_wall_muscle,395.0,390-450
GATGCTAGTCGGATCC-500.1.2,Glia,410.0,390-450
TGGTTCCCAGCTGCAC-400.2.2,Hypodermis,390.0,390-450
AAGCCGCAGTGGACGT-400.2.2,Ciliated_non_amphid_neuron,260.0,210-270
GTTCTCGCACATAACC-400.2.3,,270.0,270-330
GTCTTCGTCGGACAAG-b01,Ciliated_non_amphid_neuron,340.0,330-390
TTCTCAACATTACCTT-500.1.1,Body_wall_muscle,700.0,> 650
GTCTCGTTCGGCGGTT-400.2.3,,225.0,210-270
GGGACCTCAATGTTGC-500.2.2,,350.0,330-390
TACCTTAAGCCGTCGT-400.2.3,,225.0,210-270
CAAGTTGGTACCCAAT-b01,,470.0,450-510
GTCTTCGAGACGCAAC-400.2.3,Germline,70.0,< 100
GAACGGAGTGAGGCTA-500.2.1,,265.0,210-270
GGCAATTCAATAGAGT-300.1.3,,350.0,330-390
GCTCCTAGTAAGGGCT-500.1.3,Body_wall_muscle,450.0,450-510
TCTCATACATTGAGCT-300.1.1,Pharyngeal_neuron,260.0,210-270
GGTGAAGAGAGCTTCT-500.2.1,Body_wall_muscle,490.0,450-510
TACCTTATCAACACTG-400.2.1,Ciliated_non_amphid_neuron,340.0,330-390
GTCAAGTGTAGTACCT-500.2.2,M_cell,440.0,390-450
CAGAGAGAGCTCTCGG-400.2.3,Body_wall_muscle,270.0,270-330
AAAGATGTCGTCTGCT-400.2.3,Body_wall_muscle,410.0,390-450
GTTCTCGTCCGCGTTT-400.2.1,Body_wall_muscle,450.0,450-510
GAAACTCTCTGGAGCC-500.2.1,Body_wall_muscle,700.0,> 650
AGACGTTTCTACTATC-b01,Ciliated_non_amphid_neuron,640.0,580-650
TGTCCCAAGTCAAGCG-400.2.2,Hypodermis,360.0,330-390
CTACACCAGACTTGAA-400.2.2,Parent_of_hyp1V_and_ant_arc_V,300.0,270-330
CAGCTGGAGTACCGGA-b01,,375.0,330-390
CGTGAGCCACTCAGGC-r17,Ciliated_non_amphid_neuron,620.0,580-650
TGAGGGAGTATGAATG-500.2.2,Ciliated_non_amphid_neuron,490.0,450-510
CACACCTTCAGGCAAG-400.2.2,,260.0,210-270
CATCGGGGTCGGCACT-300.1.3,Rectal_cell,295.0,270-330
CATGCCTCACAGTCGC-b01,Ciliated_amphid_neuron,620.0,580-650
GCGCAGTGTGTTTGGT-400.2.2,,270.0,270-330
GAACCTAAGACCGGAT-b02,,185.0,170-210
CCACGGAGTGTTTGGT-500.2.1,Ciliated_amphid_neuron,405.0,390-450
CGTTAGACAGGTCCAC-500.1.1,,500.0,450-510
CTAATGGAGACTACAA-b01,Body_wall_muscle,410.0,390-450
GGATGTTTCAACACTG-400.2.2,Body_wall_muscle,360.0,330-390
GGGCATCCATTAGGCT-r17,Pharyngeal_neuron,245.0,210-270
GATGCTATCCTACAGA-500.1.1,,550.0,510-580
CAAGTTGTCAGTTTGG-500.2.1,Ciliated_amphid_neuron,700.0,> 650
TTGTAGGCAGGTCTCG-400.2.2,Body_wall_muscle,420.0,390-450
TCTATTGCAGGGCATA-b01,,210.0,210-270
TAAACCGCATGGATGG-300.1.3,Pharyngeal_intestinal_valve,260.0,210-270
ATCCACCAGAGACTTA-500.1.1,Body_wall_muscle,390.0,390-450
AACGTTGTCACTCTTA-b01,Body_wall_muscle,700.0,> 650
CTGATAGTCTCACATT-300.1.2,Body_wall_muscle,415.0,390-450
ATCATGGGTGATGTCT-400.2.3,Body_wall_muscle,390.0,390-450
TGCCAAAGTGGCGAAT-500.2.2,Pharyngeal_gland,550.0,510-580
TTAGTTCCAAGCTGAG-b02,Body_wall_muscle,320.0,270-330
GACACGCCACCTGGTG-400.2.2,,270.0,270-330
TAAGAGAGTTCGCGAC-300.1.3,Hypodermis,345.0,330-390
CAGCCGACAATCCGAT-r17,Body_wall_muscle,295.0,270-330
ACGTCAAGTCTGCGGT-300.1.3,,180.0,170-210
TTTACTGTCAGTACGT-500.2.1,Hypodermis,450.0,450-510
AGATTGCTCCGAGCCA-b01,Ciliated_amphid_neuron,490.0,450-510
GTACGTAGTCTACCTC-400.2.1,Hypodermis,280.0,270-330
TCTGGAAGTGTTTGTG-400.2.1,Ciliated_amphid_neuron,330.0,330-390
GGTGTTAAGGGCACTA-r17,Hypodermis,375.0,330-390
CGATTGAAGCGTTCCG-b01,Pharyngeal_muscle,435.0,390-450
AGCGTCGAGCCTTGAT-b01,Ciliated_non_amphid_neuron,620.0,580-650
CGAGAAGCACTAGTAC-b01,Body_wall_muscle,390.0,390-450
CAGCCGAAGTCACGCC-400.2.3,Ciliated_non_amphid_neuron,270.0,270-330
TTCTTAGCAGTTCCCT-400.2.1,,200.0,170-210
ACTTTCACATTTCACT-b01,Ciliated_amphid_neuron,300.0,270-330
GACAGAGGTATTACCG-400.2.1,Body_wall_muscle,330.0,330-390
AGGTCATTCAACCATG-300.1.2,Ciliated_amphid_neuron,200.0,170-210
CGTAGCGCAAGCCATT-400.2.3,Body_wall_muscle,290.0,270-330
CAACCAAAGTTAGGTA-b01,Hypodermis,325.0,270-330
TTAGGACTCCAGGGCT-300.1.1,Body_wall_muscle,375.0,330-390
AAAGCAAAGTGAACAT-400.2.1,,285.0,270-330
TGGGAAGGTCTAGCCG-500.2.2,Body_wall_muscle,420.0,390-450
CCTTCCCTCCTCAATT-400.2.2,Intestinal_and_rectal_muscle,360.0,330-390
GACTACAGTAGAGCTG-300.1.2,Body_wall_muscle,290.0,270-330
ATAACGCTCGGGAGTA-500.1.2,,350.0,330-390
CAGTAACGTACTCAAC-400.2.2,Body_wall_muscle,320.0,270-330
TCTGGAAAGAAAGTGG-500.1.1,Glia,430.0,390-450
CATCAAGAGTCTTGCA-300.1.1,Excretory_cell_parent,265.0,210-270
CGGACACTCAGGTAAA-400.2.1,,205.0,170-210
CATATTCAGAGCAATT-500.2.2,Intestine,490.0,450-510
TCCCGATAGACAGACC-400.2.1,,210.0,210-270
CTGAAGTGTCGATTGT-500.2.1,Body_wall_muscle,620.0,580-650
CTCGAGGGTATCAGTC-500.2.1,Body_wall_muscle,450.0,450-510
CGACCTTGTAATTGGA-300.1.1,Body_wall_muscle,350.0,330-390
TACTTGTCACCCATTC-400.2.3,Pharyngeal_marginal_cell,350.0,330-390
ACGATACAGAAACCAT-500.1.1,Body_wall_muscle,420.0,390-450
AACTTTCGTCCATGAT-b01,Pharyngeal_gland,530.0,510-580
AACGTTGGTTAAGATG-500.1.3,Seam_cell,500.0,450-510
AGGCCACGTCTTGCGG-500.2.1,Intestine,700.0,> 650
GCCAAATAGAGTAATC-400.2.2,Body_wall_muscle,360.0,330-390
ATCCGAAAGGTAGCCA-500.1.1,,440.0,390-450
GGTATTGCACGACGAA-400.2.2,Body_wall_muscle,350.0,330-390
CTCGTCAGTACTCAAC-b01,,215.0,210-270
AGAATAGGTTAAGATG-300.1.1,,280.0,270-330
CATTATCCATACGCTA-400.2.2,Body_wall_muscle,260.0,210-270
CTCATTATCAGGTTCA-b01,,170.0,170-210
CGGACACGTGATGCCC-400.2.2,Pharyngeal_gland,450.0,450-510
CTCGGGAAGAGGGCTT-400.2.1,,350.0,330-390
TGCCAAAGTCGCTTTC-b01,,190.0,170-210
TCTCTAAGTCGAACAG-b01,Z1_Z4,375.0,330-390
GTATCTTCAAGGTTCT-b02,Glia,350.0,330-390
TAAGTGCAGAATTGTG-b02,Seam_cell,320.0,270-330
CCAATCCGTGACGCCT-300.1.3,,260.0,210-270
TGAGAGGGTGCGATAG-300.1.3,Body_wall_muscle,350.0,330-390
GACTACACAAACCTAC-500.2.2,Glia,450.0,450-510
GGCTGGTTCACCAGGC-500.1.1,Body_wall_muscle,420.0,390-450
TCGTACCGTGACCAAG-400.2.1,Body_wall_muscle,420.0,390-450
GTAGTCAGTAGCGCAA-500.2.2,Pharyngeal_gland,640.0,580-650
CTGTGCTTCTTGAGAC-300.1.2,,260.0,210-270
CACACTCGTCAGAAGC-400.2.1,,230.0,210-270
CATCCACCAGTAAGCG-400.2.2,Ciliated_amphid_neuron,380.0,330-390
TTAGTTCAGAATAGGG-300.1.1,,220.0,210-270
TTAGGCATCCTAGGGC-r17,Pharyngeal_gland,285.0,270-330
TTCCCAGAGGTCGGAT-b02,,470.0,450-510
TGAGGGACATCCGTGG-500.2.1,Seam_cell,510.0,510-580
CCTAGCTCAGCCTGTG-400.2.3,,320.0,270-330
ATCATCTTCTCGTTTA-400.2.1,Pharyngeal_muscle,350.0,330-390
TTAACTCAGCGTAATA-400.2.3,,345.0,330-390
TGCCCTAGTGCGCTTG-500.1.1,Seam_cell,550.0,510-580
CGGAGCTAGATCTGCT-500.1.2,,320.0,270-330
TTTGTCACACCTCGGA-400.2.2,,200.0,170-210
TTCTTAGTCGCCTGAG-500.1.2,,450.0,450-510
ACACCAAAGCTAGGCA-b01,Pharyngeal_marginal_cell,420.0,390-450
GTTAAGCGTCACTGGC-300.1.1,ABarpaaa_lineage,190.0,170-210
CGGACGTAGGCGATAC-b01,,185.0,170-210
AACCATGCAGACAGGT-300.1.3,,285.0,270-330
ACGGGCTTCAACCAAC-400.2.3,Ciliated_amphid_neuron,380.0,330-390
GCAGTTACAGGTCGTC-500.1.2,Ciliated_non_amphid_neuron,380.0,330-390
AATCGGTGTGTAACGG-400.2.1,Body_wall_muscle,350.0,330-390
CTTAACTAGATGCGAC-400.2.1,Pharyngeal_neuron,270.0,270-330
ACTGCTCTCGGTCTAA-500.2.1,Body_wall_muscle,490.0,450-510
TGGTTAGAGTCGTACT-400.2.3,Seam_cell,320.0,270-330
TGGTTCCTCATCGATG-400.2.2,Ciliated_amphid_neuron,395.0,390-450
AGCCTAAGTTCAGCGC-400.2.3,Body_wall_muscle,355.0,330-390
CATGCCTAGACACGAC-300.1.3,Pharyngeal_muscle,230.0,210-270
TCGGGACTCCTAAGTG-500.1.2,,395.0,390-450
CATATGGGTGCTAGCC-400.2.2,,420.0,390-450
TCTGGAATCACCATAG-300.1.3,,290.0,270-330
TCAGGATTCCCTAATT-400.2.3,Hypodermis,260.0,210-270
GTAGGCCGTGAAGGCT-500.2.1,Hypodermis,510.0,510-580
AGTCTTTGTTGTACAC-500.1.1,Coelomocyte,415.0,390-450
TACACGAGTGCTTCTC-500.2.2,,510.0,510-580
AATCGGTCAAACGTGG-500.2.1,Ciliated_amphid_neuron,755.0,> 650
CCTCTGAGTCTAAAGA-400.2.2,Ciliated_non_amphid_neuron,375.0,330-390
GCGCGATCATGACATC-400.2.2,Body_wall_muscle,355.0,330-390
CGTCCATCATCACAAC-300.1.2,,265.0,210-270
ACCAGTACATCCAACA-300.1.1,Pharyngeal_muscle,260.0,210-270
GTAGTCACACCGATAT-b01,Coelomocyte,455.0,450-510
ATCCACCAGGACATTA-b02,Body_wall_muscle,490.0,450-510
CGTTGGGAGACTGTAA-500.1.1,G2_and_W_blasts,385.0,330-390
GCGACCATCCTTTCGG-300.1.1,Hypodermis,290.0,270-330
GGAATAAGTGAACCTT-400.2.2,Body_wall_muscle,410.0,390-450
AGGGAGTCATCACGTA-400.2.3,,360.0,330-390
TCTTCGGCAATGACCT-300.1.3,Body_wall_muscle,285.0,270-330
GTGCAGCCACCGGAAA-400.2.3,Body_wall_muscle,490.0,450-510
TTCGAAGAGGTGCAAC-r17,,490.0,450-510
TGCGCAGCAGTCGTGC-400.2.3,,370.0,330-390
TAAACCGTCATGGTCA-400.2.2,Hypodermis,450.0,450-510
TTGCCGTCATGACGGA-r17,Glia,400.0,390-450
CAGCCGAAGCGTAATA-r17,,275.0,270-330
CAACCAATCGTTGACA-300.1.2,Ciliated_amphid_neuron,200.0,170-210
CTAACTTGTTTGGCGC-r17,Glia,490.0,450-510
CATCAAGGTCCTGCTT-500.2.2,Excretory_cell,620.0,580-650
AACACGTCAGCATGAG-300.1.1,Pharyngeal_neuron,310.0,270-330
CTCCTAGTCACGCGGT-400.2.2,Hypodermis,550.0,510-580
AGTGAGGCAAGGGTCA-r17,Coelomocyte,390.0,390-450
CAGTCCTCATCGACGC-500.2.2,Body_wall_muscle,450.0,450-510
ACAGCCGCAACTGCTA-400.2.2,Rectal_cell,295.0,270-330
TGGCGCATCGGAGGTA-300.1.2,T,360.0,330-390
ACCGTAATCGTGGGAA-400.2.3,Body_wall_muscle,420.0,390-450
TGCTACCGTATAGTAG-500.1.2,,470.0,450-510
CGGACGTAGGGAGTAA-b01,Body_wall_muscle,500.0,450-510
TGGGCGTCATTTCAGG-b02,Seam_cell,550.0,510-580
AAATGCCGTGACCAAG-400.2.2,,190.0,170-210
ATAACGCAGAAACGCC-500.1.1,Body_wall_muscle,530.0,510-580
TCCACACAGTTGTCGT-500.2.2,Intestine,700.0,> 650
GAAATGAAGGTGCTAG-500.2.2,Ciliated_amphid_neuron,425.0,390-450
GGGAATGCAAGACGTG-300.1.1,Ciliated_non_amphid_neuron,230.0,210-270
GCTGCGAGTTCAGACT-400.2.3,,220.0,210-270
CGGTTAAAGATATGGT-500.1.1,Seam_cell,510.0,510-580
GCAAACTAGAGTACCG-300.1.1,Ciliated_amphid_neuron,300.0,270-330
TTCTACATCGTTTATC-500.1.2,Body_wall_muscle,640.0,580-650
CACATTTCACAGGTTT-500.2.2,,395.0,390-450
GGGAATGAGGGTATCG-500.1.1,,640.0,580-650
ATAGACCAGATGTTAG-r17,,170.0,170-210
CTCGAAATCATGTCCC-300.1.2,Hypodermis,400.0,390-450
CCGGTAGCATACGCTA-300.1.1,Body_wall_muscle,300.0,270-330
TCTTCGGTCTCGGACG-500.2.2,,300.0,270-330
CTCTACGGTACGCTGC-500.2.1,Hypodermis,410.0,390-450
TGCTGCTGTGTATGGG-r17,Hypodermis,300.0,270-330
TGTATTCGTTCCACTC-b01,,200.0,170-210
GTAGGCCCAATCGAAA-400.2.2,Pharyngeal_neuron,300.0,270-330
AGGCCACCAGGAATGC-400.2.1,Body_wall_muscle,410.0,390-450
GTTACAGTCTTGAGGT-500.1.1,Body_wall_muscle,420.0,390-450
ACTTGTTGTTCAGACT-300.1.2,Seam_cell,410.0,390-450
CAGAGAGCAAACGCGA-500.2.2,,180.0,170-210
GCTGCTTGTCAGATAA-b01,Body_wall_muscle,550.0,510-580
GCATGTACACCAGCAC-300.1.2,Body_wall_muscle,385.0,330-390
ATTGGTGTCACCCGAG-r17,Body_wall_muscle,200.0,170-210
TCTCATACACTGTGTA-r17,,265.0,210-270
CTAGCCTTCAATAAGG-r17,,320.0,270-330
TACTCGCAGCAGATCG-500.2.1,Pharyngeal_muscle,630.0,580-650
CACTCCAGTGATGTGG-300.1.1,Parent_of_exc_gland_AVK,290.0,270-330
CCTTTCTGTCAGGACA-b01,Body_wall_muscle,490.0,450-510
CTGGTCTCAAGTTCTG-500.2.2,Body_wall_muscle,700.0,> 650
CCTTACGAGGCCCTCA-500.2.1,Seam_cell,405.0,390-450
GTGCGGTGTGATAAAC-b01,Body_wall_muscle,300.0,270-330
ATCGAGTCAAGGTTTC-400.2.3,Hypodermis,390.0,390-450
CAGATCAAGCTGTCTA-500.2.1,Ciliated_non_amphid_neuron,550.0,510-580
TACTCGCCAGTCCTTC-300.1.3,,320.0,270-330
GCTGGGTAGCTGAACG-400.2.2,hyp1V_and_ant_arc_V,350.0,330-390
GAACGGAGTCAGTGGA-500.2.1,,375.0,330-390
TTAACTCTCAGCATGT-500.1.2,Body_wall_muscle,420.0,390-450
GGTGTTAAGCGTTCCG-400.2.3,Intestine,310.0,270-330
TCGTAGACAGAAGCAC-b01,,695.0,> 650
TGAGAGGCATGAACCT-300.1.1,,270.0,270-330
TTTCCTCCAAGGTGTG-500.1.1,,355.0,330-390
TGCCCTAGTTCATGGT-b01,,270.0,270-330
GTGCTTCTCCACGAAT-300.1.3,,270.0,270-330
TGCCAAACAGACAAAT-500.2.2,Ciliated_amphid_neuron,750.0,> 650
TTCTCAATCTGGCGAC-500.1.1,Body_wall_muscle,510.0,510-580
CTTGGCTCAATAGCAA-r17,Pharyngeal_muscle,360.0,330-390
TTTGTCAAGGCTCATT-400.2.1,,195.0,170-210
CAGAATCTCGCAAGCC-500.2.1,,290.0,270-330
CTAGCCTAGTCAAGGC-400.2.2,,200.0,170-210
CTGAAGTCATTTCACT-400.2.2,,300.0,270-330
AAGACCTGTTCCATGA-b01,,390.0,390-450
GATGCTAAGCTGTTCA-400.2.3,Glia,350.0,330-390
GACTACATCTGTCCGT-r17,Ciliated_non_amphid_neuron,265.0,210-270
CACCAGGCAAGTCTAC-500.2.2,Hypodermis,550.0,510-580
GGATGTTAGAGTACAT-400.2.2,Hypodermis,300.0,270-330
CATGGCGCATTCCTGC-300.1.1,,245.0,210-270
CCACTACTCTTGCCGT-400.2.1,Intestine,325.0,270-330
CGGACTGAGCTGATAA-400.2.2,,210.0,210-270
GGCTCGACACCTCGTT-300.1.3,,200.0,170-210
TTTACTGAGGCCATAG-500.1.2,Body_wall_muscle,410.0,390-450
GACTACATCTAGAGTC-b01,,450.0,450-510
GTGAAGGTCTTTAGTC-b01,Coelomocyte,375.0,330-390
GAAACTCAGCCACGCT-300.1.2,,290.0,270-330
ACCTTTACACTAAGTC-300.1.1,,230.0,210-270
AACTCCCAGCCTCGTG-500.1.1,,425.0,390-450
GCTTGAAAGCAGCCTC-400.2.3,Pharyngeal_neuron,300.0,270-330
GGGAGATCAGTCGATT-400.2.3,Ciliated_amphid_neuron,300.0,270-330
GACCAATTCACTGGGC-b01,Ciliated_amphid_neuron,635.0,580-650
TGATTTCCAGGCAGTA-500.1.2,Body_wall_muscle,450.0,450-510
ACGGGCTAGTTCGCAT-300.1.1,Body_wall_muscle,200.0,170-210
TACGGATCAGTAGAGC-400.2.3,Hypodermis,325.0,270-330
TCGTACCCAAGTAATG-400.2.1,,190.0,170-210
GCAGCCACAGTTCATG-500.2.1,Hypodermis,470.0,450-510
GCTGGGTGTCAAACTC-500.2.2,Intestine,410.0,390-450
GGGACCTTCCTGCTTG-r17,Ciliated_amphid_neuron,230.0,210-270
AGCGTATAGTGTTGAA-500.1.2,,380.0,330-390
TATTACCTCGGCGCAT-300.1.1,Body_wall_muscle,260.0,210-270
AGCGTATAGCCACGCT-500.2.1,Ciliated_non_amphid_neuron,625.0,580-650
ACGAGCCTCCTCGCAT-r17,,170.0,170-210
CGATTGAAGGTCGGAT-r17,,300.0,270-330
TGGACGCAGATCTGCT-400.2.3,,160.0,130-170
GGTATTGTCTCGCTTG-r17,Ciliated_amphid_neuron,435.0,390-450
TCATTTGTCAACACCA-r17,Pharyngeal_neuron,300.0,270-330
TGCCCTATCGTAGGAG-500.2.1,Ciliated_amphid_neuron,620.0,580-650
TCTTCGGCAACTGCTA-500.2.1,Ciliated_non_amphid_neuron,490.0,450-510
CAACTAGAGGGTATCG-400.2.3,G2_and_W_blasts,385.0,330-390
GGCGACTGTATTCTCT-400.2.3,,625.0,580-650
TGGTTAGCAGCTCGCA-300.1.1,Body_wall_muscle,330.0,330-390
CTCGTACCAGACGTAG-500.1.2,Glia,420.0,390-450
GATCAGTAGACGCTTT-400.2.2,Hypodermis,280.0,270-330
TTAACTCGTAGCGCAA-400.2.3,,325.0,270-330
GACGGCTGTTAAGGGC-400.2.3,Parent_of_hyp1V_and_ant_arc_V,300.0,270-330
ACTTGTTAGCCTTGAT-300.1.1,,260.0,210-270
AGGTCATTCCAGATCA-300.1.1,Seam_cell,320.0,270-330
GAGCAGATCTGCCCTA-400.2.3,Ciliated_amphid_neuron,410.0,390-450
AGTTGGTCAACGATGG-b01,,200.0,170-210
TGCGCAGTCTTCCTTC-b01,Pharyngeal_neuron,300.0,270-330
CCAATCCCACGCATCG-400.2.2,Intestine,230.0,210-270
AAATGCCCATCAGTCA-r17,Ciliated_amphid_neuron,390.0,390-450
AAACGGGAGGCGACAT-500.1.2,Intestinal_and_rectal_muscle,490.0,450-510
CATGACACATGGAATA-500.2.1,Rectal_gland,530.0,510-580
GTATCTTGTCAGTGGA-400.2.1,Pharyngeal_gland,320.0,270-330
CTCGTACGTTGTACAC-r17,Seam_cell,270.0,270-330
CTAAGACTCTGGAGCC-400.2.2,Hypodermis,335.0,330-390
GGGAGATAGTGAAGTT-300.1.1,,270.0,270-330
ACGGAGACAGGTCGTC-500.2.2,Body_wall_muscle,320.0,270-330
GTACTCCTCGTTACAG-300.1.1,,285.0,270-330
AGAGCTTGTGGACGAT-500.2.2,Ciliated_amphid_neuron,760.0,> 650
CTTCTCTGTTCCCTTG-500.2.1,Hypodermis,550.0,510-580
GCTTGAACACTGTGTA-400.2.2,Body_wall_muscle,450.0,450-510
CCACTACTCACAATGC-300.1.1,,230.0,210-270
TGGTTCCTCAGCTCTC-300.1.1,,270.0,270-330
GTCCTCACATCACAAC-300.1.3,,230.0,210-270
AAGGTTCCACTTCGAA-400.2.2,,280.0,270-330
CATGCCTGTCATCGGC-b02,Body_wall_muscle,620.0,580-650
AACACGTGTCCATGAT-500.2.2,Body_wall_muscle,585.0,580-650
GGACAGAGTCAGATAA-r17,Intestine,160.0,130-170
TTGTAGGTCAATAAGG-500.2.2,Body_wall_muscle,530.0,510-580
CATATGGAGACGCACA-b01,,190.0,170-210
CAACCAACACCATCCT-b01,,270.0,270-330
GGCTCGATCATGTGGT-r17,,100.0,100-130
TGACTAGAGCAGATCG-500.1.1,Body_wall_muscle,550.0,510-580
TACCTTAGTCCATCCT-300.1.3,,175.0,170-210
GGGCACTCAACCGCCA-500.1.1,Excretory_gland,385.0,330-390
GCGCAACAGTGTCCCG-300.1.2,Seam_cell,285.0,270-330
TCAATCTTCTGCGACG-500.2.1,Seam_cell,700.0,> 650
GATCAGTCAGTAGAGC-300.1.2,,200.0,170-210
AAGGTTCGTTATGCGT-500.1.1,,355.0,330-390
CGAGCACAGTGTACTC-r17,,220.0,210-270
GCCTCTAGTGCAGTAG-300.1.3,,265.0,210-270
GGACAAGTCACGGTTA-300.1.1,Pharyngeal_gland,430.0,390-450
CTACGTCGTAGCCTCG-500.2.1,Ciliated_non_amphid_neuron,425.0,390-450
AGGCCGTTCAGTTGAC-400.2.2,Body_wall_muscle,275.0,270-330
CTAGCCTCATCCCATC-400.2.3,,295.0,270-330
ACGGCCAGTATGCTTG-r17,,370.0,330-390
AACTGGTCAAAGCGGT-300.1.3,,265.0,210-270
CGATGTAGTTTGACAC-500.2.1,Hypodermis,550.0,510-580
TCTCTAAAGTATCGAA-300.1.1,,230.0,210-270
TGGCTGGAGATCCGAG-500.1.2,,420.0,390-450
TATCTCACAAGCCGTC-r17,Body_wall_muscle,490.0,450-510
GCTGGGTTCAAACGGG-400.2.2,,225.0,210-270
TAAGAGAGTTGATTGC-400.2.3,Ciliated_non_amphid_neuron,270.0,270-330
AAGGCAGTCCTTTCGG-400.2.3,Pharyngeal_neuron,300.0,270-330
GTGTTAGAGTGTGGCA-500.2.2,Body_wall_muscle,385.0,330-390
ACGGCCAAGTTGTAGA-400.2.3,,245.0,210-270
TCGCGTTGTGATGTGG-300.1.1,Body_wall_muscle,385.0,330-390
CGGACACGTGACGCCT-400.2.1,Hypodermis,390.0,390-450
AGATCTGGTTCATGGT-r17,Body_wall_muscle,490.0,450-510
AGGCCGTGTGGTACAG-400.2.2,Hypodermis,360.0,330-390
TATCAGGGTACTTCTT-300.1.3,,230.0,210-270
CGCGGTAGTTATGCGT-400.2.3,Pharyngeal_muscle,360.0,330-390
ACTATCTGTAGCCTCG-300.1.2,Ciliated_amphid_neuron,260.0,210-270
ATTGGACAGTATGACA-r17,,130.0,130-170
CGTAGCGTCGCGGATC-400.2.3,Pharyngeal_muscle,340.0,330-390
TGTTCCGAGTCCAGGA-r17,,395.0,390-450
CTACATTGTGATAAGT-b01,Coelomocyte,355.0,330-390
CTTTGCGTCTGATTCT-500.2.2,Ciliated_amphid_neuron,620.0,580-650
ATCTGCCGTCATATGC-400.2.1,Body_wall_muscle,350.0,330-390
TTGTAGGGTACCGGCT-b01,,205.0,170-210
GTAACGTGTCTGCAAT-500.1.2,Coelomocyte,400.0,390-450
ATCGAGTCACAACTGT-500.1.1,,395.0,390-450
GTGTGCGGTTTGTGTG-500.2.2,Body_wall_muscle,510.0,510-580
CATATTCGTGAGGCTA-300.1.2,ABarpaaa_lineage,200.0,170-210
AAGGTTCAGATAGTCA-400.2.3,,160.0,130-170
AGCTCCTCAGCATACT-b01,,190.0,170-210
GGGCATCTCTGCTGTC-500.2.1,Hypodermis,640.0,580-650
TATTACCTCACAGTAC-500.1.2,Glia,450.0,450-510
TCTGGAACAGATTGCT-500.1.1,,530.0,510-580
CTACATTAGTCGATAA-300.1.3,Hypodermis,260.0,210-270
TGAGCATCAGGATTGG-500.2.2,Excretory_cell,640.0,580-650
CCAATCCTCTCGATGA-400.2.1,Body_wall_muscle,335.0,330-390
TTTGTCACAGCGTTCG-b01,Intestinal_and_rectal_muscle,670.0,> 650
AATCCAGGTATTCGTG-500.1.1,,435.0,390-450
TTAGTTCCAAGTAGTA-b01,,530.0,510-580
GCACTCTAGAGCTTCT-400.2.3,,260.0,210-270
AGTGTCACAGTCAGAG-500.1.2,Glia,350.0,330-390
TGGCGCAGTAAGAGAG-r17,,190.0,170-210
AGTAGTCGTCAATACC-300.1.1,Body_wall_muscle,420.0,390-450
AACGTTGTCGTGGACC-b02,Pharyngeal_muscle,350.0,330-390
CGGTTAAGTAAGGGCT-500.2.2,Hypodermis,420.0,390-450
GGACAAGGTTACGCGC-300.1.2,Hypodermis,300.0,270-330
TCTCTAACATAAGACA-b01,,180.0,170-210
TTAGTTCGTTGTCGCG-300.1.3,Ciliated_amphid_neuron,270.0,270-330
TTCGAAGCACACCGAC-500.1.1,Ciliated_amphid_neuron,585.0,580-650
CCTATTATCTTCGAGA-300.1.2,,260.0,210-270
ACGGGCTTCTTACCTA-300.1.2,,260.0,210-270
CCTACCACACTAAGTC-400.2.3,Ciliated_non_amphid_neuron,290.0,270-330
CGTTAGAGTAAACGCG-500.1.2,Pharyngeal_muscle,350.0,330-390
CGGAGCTGTCCTGCTT-500.2.2,Hypodermis,620.0,580-650
GTGTTAGAGGATTCGG-400.2.2,Pharyngeal_muscle,300.0,270-330
GGGATGAAGCTAGTCT-500.1.1,Body_wall_muscle,420.0,390-450
CGGAGTCCAGCTCGCA-400.2.1,Excretory_cell,320.0,270-330
AACTTTCAGGAGCGTT-b01,Body_wall_muscle,350.0,330-390
GAACGGACAGCTCGCA-400.2.1,Intestine,375.0,330-390
TCGAGGCTCAGATAAG-500.1.1,GLR,450.0,450-510
TCAGCAAAGTCCATAC-300.1.3,,345.0,330-390
GGTGCGTGTAACGCGA-400.2.1,,200.0,170-210
ACCGTAAGTCCGCTGA-400.2.2,Seam_cell,360.0,330-390
ACACCGGGTGTTGAGG-r17,Pharyngeal_neuron,245.0,210-270
GTAACGTGTCTCTTTA-500.1.1,Hypodermis,410.0,390-450
TCGTAGAGTGCAGTAG-400.2.1,Ciliated_non_amphid_neuron,415.0,390-450
GGTGTTAAGATCCCGC-b01,hmc,450.0,450-510
GACGTTACATCCTTGC-300.1.1,,185.0,170-210
TTGAACGCAGAGTGTG-400.2.3,Ciliated_non_amphid_neuron,260.0,210-270
CTCAGAAGTGGGTCAA-400.2.2,,270.0,270-330
ACACCCTCAGTCACTA-300.1.3,Hypodermis,380.0,330-390
CGGACTGTCCACGTTC-r17,,200.0,170-210
TACTTACAGCCCAGCT-b01,Germline,0.0,< 100
AGGGATGAGTGATCGG-r17,,275.0,270-330
GCTCTGTGTCTGATTG-400.2.2,,350.0,330-390
TCAGCAAGTAGGCTGA-500.1.2,,700.0,> 650
CATTATCCATCACAAC-500.2.1,Seam_cell,550.0,510-580
TAAACCGGTCCGACGT-500.2.2,Hypodermis,550.0,510-580
GAATGAAGTTCAGGCC-500.1.2,Body_wall_muscle,450.0,450-510
AGTGTCATCTGCTGTC-400.2.3,,345.0,330-390
AAAGCAAAGTGTCCAT-300.1.3,,350.0,330-390
CAGAGAGCACTCGACG-500.2.1,,340.0,330-390
AACTCTTAGAGCTATA-400.2.2,,230.0,210-270
TACTTGTGTCTCTTAT-500.2.2,,400.0,390-450
GGGAGATCACCACCAG-400.2.3,Seam_cell,280.0,270-330
TTCTACAAGAACAATC-500.2.1,Body_wall_muscle,490.0,450-510
GGTATTGTCCACGTGG-300.1.3,Body_wall_muscle,340.0,330-390
CTCCTAGCAAACTGTC-400.2.2,Z1_Z4,380.0,330-390
CCTTTCTAGATAGGAG-400.2.3,,260.0,210-270
CCCAATCCAGGGTACA-b02,,450.0,450-510
CTAGTGATCGCTGATA-b01,Hypodermis,350.0,330-390
CAGCCGAGTCTAACGT-400.2.3,Seam_cell,285.0,270-330
ACTTGTTTCCACGTTC-300.1.1,,190.0,170-210
CGCTTCATCTCTTATG-400.2.3,,245.0,210-270
CCTTTCTCACCCAGTG-300.1.3,GLR,265.0,210-270
AGAGCTTGTTGGACCC-500.1.1,,385.0,330-390
GCACTCTCAATGAATG-b01,,120.0,100-130
TTAGGCATCGTAGGTT-300.1.3,Hypodermis,320.0,270-330
AACACGTTCCTCGCAT-b01,Pharyngeal_muscle,410.0,390-450
GAAACTCCATGCTGGC-400.2.2,,285.0,270-330
ATTGGACTCGGCGGTT-r17,Hypodermis,550.0,510-580
TTGGAACCAAGGACTG-b01,,260.0,210-270
CTAAGACGTGCGATAG-500.1.1,hyp1V_and_ant_arc_V,450.0,450-510
TACTTACTCTTGCAAG-b01,Body_wall_muscle,550.0,510-580
CAGGTGCGTTTGTTGG-300.1.3,Body_wall_muscle,450.0,450-510
GGAATAAGTAACGCGA-300.1.3,,260.0,210-270
ACCGTAATCGGATGGA-400.2.1,,210.0,210-270
TGACAACCATGTTGAC-300.1.1,Body_wall_muscle,385.0,330-390
GACCAATCACCACCAG-b01,Body_wall_muscle,490.0,450-510
ACAGCCGGTCATCCCT-400.2.2,,260.0,210-270
CATATTCAGTTCGCAT-400.2.1,Glia,340.0,330-390
CACAGTAGTCGCATAT-400.2.2,,260.0,210-270
TTAACTCTCGCCCTTA-300.1.1,,320.0,270-330
CTTACCGAGGCCCGTT-b02,,225.0,210-270
GTCTCGTGTTCGTGAT-300.1.2,Body_wall_muscle,325.0,270-330
TGACTTTTCTGAGTGT-400.2.1,Body_wall_muscle,420.0,390-450
TGAGAGGTCCCTTGTG-r17,Pharyngeal_neuron,265.0,210-270
TTCTCAAGTTGCCTCT-b01,,300.0,270-330
CTACGTCAGCGGCTTC-300.1.1,Body_wall_muscle,370.0,330-390
CCAGCGACACCATCCT-b01,Glia,640.0,580-650
TGCCCTAAGACTGGGT-b02,hmc,510.0,510-580
ACGAGGAGTACTTCTT-r17,,160.0,130-170
GAAGCAGGTAAGGGAA-300.1.3,Pharyngeal_neuron,260.0,210-270
CGTGTCTGTCTACCTC-400.2.1,,245.0,210-270
GAACCTACATTGGTAC-300.1.1,Intestine,320.0,270-330
CCTTACGAGATGGCGT-500.1.3,,500.0,450-510
TCGAGGCGTATCTGCA-500.1.1,Body_wall_muscle,415.0,390-450
AAACCTGTCCAGATCA-300.1.1,,320.0,270-330
ATAGACCTCAATCTCT-r17,,140.0,130-170
CACAGGCCAGGACCCT-500.1.1,,420.0,390-450
TCAGGATCATGTAAGA-b01,,270.0,270-330
CGGACGTTCCAGAAGG-400.2.3,,350.0,330-390
AGGTCATGTCACCTAA-400.2.3,Ciliated_amphid_neuron,270.0,270-330
CCACCTACATAGACTC-400.2.3,G2_and_W_blasts,345.0,330-390
GCGAGAATCAAACGGG-b01,Pharyngeal_neuron,280.0,270-330
GACTACACAGCCAGAA-300.1.3,,300.0,270-330
CTCCTAGCACATCTTT-r17,Body_wall_muscle,415.0,390-450
AGGTCATTCAACGGGA-500.2.1,hmc,490.0,450-510
ACTATCTAGTGTACCT-300.1.1,,270.0,270-330
TCCACACAGGATATAC-400.2.1,Body_wall_muscle,360.0,330-390
ACTGCTCTCAATACCG-400.2.1,Body_wall_muscle,360.0,330-390
AACCATGAGATATGGT-500.2.2,Body_wall_muscle,550.0,510-580
GGTATTGAGAAGGTGA-b01,,625.0,580-650
ATCATCTTCCGTAGGC-b02,,225.0,210-270
CATCAAGGTGGAAAGA-400.2.3,Pharyngeal_neuron,310.0,270-330
CTCCTAGTCACCAGGC-400.2.1,Body_wall_muscle,320.0,270-330
CAGCCGAGTTTGACAC-500.1.1,Ciliated_non_amphid_neuron,340.0,330-390
AAAGATGAGTTTCCTT-r17,,270.0,270-330
GCTTCCAGTACCGAGA-500.2.2,Ciliated_amphid_neuron,520.0,510-580
CATCAAGAGGTGACCA-300.1.2,Hypodermis,330.0,330-390
TTGGAACCATGTCTCC-400.2.1,,270.0,270-330
CATCGGGAGACAAGCC-b01,Pharyngeal_neuron,220.0,210-270
TGTGTTTAGCGCCTTG-r17,,350.0,330-390
GGAATAAAGGCATGGT-400.2.2,,190.0,170-210
CACCAGGTCTCTAGGA-b01,Pharyngeal_neuron,295.0,270-330
TCACGAATCCGAACGC-500.2.1,hmc_homolog,490.0,450-510
GGGCACTAGGTGCAAC-b02,Body_wall_muscle,750.0,> 650
TAGTGGTAGGATTCGG-300.1.2,Ciliated_amphid_neuron,260.0,210-270
ACAGCCGGTAACGTTC-b01,,150.0,130-170
AACGTTGTCGTAGGTT-400.2.3,Body_wall_muscle,450.0,450-510
GTGCGGTCACACCGAC-500.2.2,,585.0,580-650
TACTCGCTCATCGGAT-r17,Coelomocyte,420.0,390-450
TTCCCAGAGTTACGGG-300.1.3,,245.0,210-270
GACCAATAGCGAAGGG-500.2.2,Excretory_cell,700.0,> 650
CTGAAACGTTATTCTC-b02,,270.0,270-330
ATCCGAAAGCTAAACA-r17,Ciliated_amphid_neuron,220.0,210-270
GAATAAGCAACACGCC-400.2.1,Ciliated_amphid_neuron,260.0,210-270
TGTTCCGAGACTAAGT-400.2.1,Ciliated_amphid_neuron,350.0,330-390
GGAGCAAGTCGCATAT-r17,Coelomocyte,410.0,390-450
CGTTGGGAGACTACAA-500.2.2,Seam_cell,490.0,450-510
GCTGCTTGTCCGTCAG-300.1.3,Hypodermis,360.0,330-390
CGCGTTTAGGAGTCTG-500.2.1,Arcade_cell,630.0,580-650
ATGCGATGTGTTTGGT-500.1.1,Hypodermis,450.0,450-510
ACCAGTATCGGAATCT-400.2.1,,260.0,210-270
ATTACTCGTACCAGTT-b01,Intestinal_and_rectal_muscle,450.0,450-510
CACTCCAAGCGCCTCA-400.2.3,,230.0,210-270
TCGAGGCAGCCCGAAA-400.2.3,Body_wall_muscle,390.0,390-450
GTGCTTCAGGTGTGGT-400.2.2,,265.0,210-270
TGTCCCACAATCCGAT-b01,,700.0,> 650
AGGCCGTGTGCACCAC-400.2.2,,230.0,210-270
AAGGAGCGTGCATCTA-500.2.1,Hypodermis,420.0,390-450
AGATCTGTCTGTCTCG-r17,,190.0,170-210
GATCTAGGTCCGAGTC-500.1.2,Pharyngeal_muscle,405.0,390-450
AGGTCATTCTGCGTAA-400.2.1,,210.0,210-270
CGTGAGCTCTCGCTTG-b02,Ciliated_non_amphid_neuron,670.0,> 650
CCCATACTCTTGACGA-500.1.1,Ciliated_amphid_neuron,420.0,390-450
AAGCCGCCACGAAATA-400.2.2,Body_wall_muscle,260.0,210-270
GGGTCTGCAATGAATG-b01,Germline,0.0,< 100
AGAGCTTCAAGCGCTC-400.2.2,GLR,410.0,390-450
CGTAGCGTCTTGTCAT-500.1.2,Ciliated_amphid_neuron,490.0,450-510
TCTCATACAGGAATCG-400.2.3,,210.0,210-270
TAAACCGAGGATGTAT-500.2.2,Seam_cell,410.0,390-450
CTTGGCTTCTTCTGGC-b02,,160.0,130-170
AAGTCTGGTAATCACC-b01,,370.0,330-390
GTTCTCGCAATAGAGT-400.2.3,,340.0,330-390
CAAGGCCCATTCCTGC-500.2.2,Seam_cell,450.0,450-510
GTGCAGCCAATGAAAC-b01,Pharyngeal_gland,450.0,450-510
ATCCACCAGTCATGCT-300.1.3,Body_wall_muscle,375.0,330-390
CAGAGAGCAATGGTCT-b01,Body_wall_muscle,410.0,390-450
CAGCAGCGTTTGTTTC-400.2.1,Ciliated_amphid_neuron,450.0,450-510
CATCAAGAGGGTTCCC-500.1.1,Ciliated_amphid_neuron,490.0,450-510
ACTGAACGTAGCGTGA-500.1.3,Z1_Z4,375.0,330-390
GTGCTTCTCCGCGTTT-500.1.1,Ciliated_amphid_neuron,410.0,390-450
TTGACTTCAAGAGTCG-500.2.2,Intestine,450.0,450-510
CGATGTATCAAACGGG-400.2.3,Body_wall_muscle,490.0,450-510
GATGAAACAGCTGCTG-400.2.1,Hypodermis,450.0,450-510
CAGAATCGTAAGTGGC-r17,,180.0,170-210
GGCTCGAAGGACATTA-r17,Excretory_gland,470.0,450-510
TGCGGGTAGTGGGATC-500.2.1,Glia,700.0,> 650
TCAACGATCACGATGT-500.2.2,Ciliated_amphid_neuron,620.0,580-650
GCTTCCAGTGTATGGG-300.1.1,Seam_cell,390.0,390-450
TTAGGACGTAAATGAC-400.2.2,T,360.0,330-390
TCATTACAGACAAGCC-400.2.1,,415.0,390-450
AACTCCCGTATGGTTC-500.1.1,,550.0,510-580
TACTCATAGCGTCTAT-500.2.1,Intestine,440.0,390-450
TACGGATCATAAAGGT-400.2.3,,345.0,330-390
CTCTGGTCACCACCAG-b01,,120.0,100-130
CCCAGTTCATGGGAAC-300.1.1,Body_wall_muscle,325.0,270-330
CGAATGTGTGAGTGAC-500.1.1,,350.0,330-390
GACTGCGGTATAGGGC-500.2.1,Glia,640.0,580-650
CCTACCAGTGTGACCC-b01,Germline,45.0,< 100
GCTTCCATCTGGCGAC-b01,,185.0,170-210
ACATGGTGTTCCCGAG-500.2.2,,410.0,390-450
GACGTTAAGGGTCGAT-r17,Intestine,170.0,170-210
CGTCCATTCGCGTAGC-b01,Hypodermis,300.0,270-330
TGGGAAGAGAGTACAT-r17,Germline,830.0,> 650
TTCCCAGCATAAGACA-b01,,245.0,210-270
TACCTTAAGAGCTTCT-r17,Body_wall_muscle,550.0,510-580
ATGAGGGGTTTGGCGC-400.2.2,Ciliated_amphid_neuron,260.0,210-270
ATCTACTGTTAGAACA-300.1.3,Glia,360.0,330-390
CACCACTCAGACGCCT-500.2.1,Seam_cell,490.0,450-510
GAGGTGAGTCTCCATC-500.1.2,Ciliated_amphid_neuron,470.0,450-510
TCAACGATCTTGACGA-400.2.1,,245.0,210-270
GTTCGGGCAGGATTGG-300.1.3,Body_wall_muscle,360.0,330-390
TATTACCCAGGGAGAG-300.1.2,Pharyngeal_neuron,270.0,270-330
CGCGGTATCAAGGTAA-300.1.3,Ciliated_amphid_neuron,265.0,210-270
AGGTCATCACACAGAG-b01,,360.0,330-390
CACAGTATCAGGCGAA-b01,,230.0,210-270
GGCGACTGTGAAATCA-b01,Glia,350.0,330-390
GTGAAGGTCATAACCG-500.2.2,Seam_cell,430.0,390-450
ATTTCTGCACAGATTC-300.1.1,Ciliated_non_amphid_neuron,225.0,210-270
GACGTTACAGACAAGC-b01,Ciliated_amphid_neuron,370.0,330-390
TACAGTGCACCATCCT-b01,,270.0,270-330
CCCATACCATCCTTGC-300.1.2,Hypodermis,270.0,270-330
AGCATACTCTGCTGCT-r17,ABarpaaa_lineage,190.0,170-210
GCATGATGTTACGGAG-300.1.2,,295.0,270-330
GCGCGATCATAGGATA-300.1.2,,210.0,210-270
TAAGAGAAGGGTCGAT-300.1.3,,275.0,270-330
GAGGTGACACACTGCG-400.2.3,Hypodermis,390.0,390-450
CTTTGCGTCCAAGTAC-400.2.3,,265.0,210-270
CTAGTGAGTCGCTTCT-500.1.1,,370.0,330-390
GGTGAAGCAGATTGCT-500.2.1,,270.0,270-330
CTCAGAAGTCTCCCTA-400.2.3,Rectal_cell,300.0,270-330
CGAGCACAGAGTAATC-r17,Hypodermis,320.0,270-330
GTAACGTTCTTTAGTC-400.2.2,Body_wall_muscle,420.0,390-450
CCCTCCTCATCACAAC-400.2.3,Pharyngeal_neuron,300.0,270-330
GGGTCTGGTAAGTGGC-300.1.3,Hypodermis,300.0,270-330
CAGTAACCATATACGC-400.2.2,,340.0,330-390
GACTACATCAGGTTCA-300.1.2,Pharyngeal_intestinal_valve,300.0,270-330
GAAACTCTCAGGATCT-300.1.2,Pharyngeal_muscle,230.0,210-270
ACACCGGAGACAAAGG-300.1.1,Hypodermis,335.0,330-390
GGAACTTCATTGGCGC-400.2.3,,320.0,270-330
GATGAGGTCACGGTTA-400.2.1,,200.0,170-210
CAACCAAGTTGATTCG-400.2.1,,360.0,330-390
TTTACTGAGCCAGTTT-400.2.3,Hypodermis,320.0,270-330
AGGTCATAGGACATTA-400.2.1,,260.0,210-270
GACTGCGGTTATCGGT-r17,,435.0,390-450
GTATCTTTCTCGTATT-300.1.3,Body_wall_muscle,380.0,330-390
CAGAGAGCAATGAAAC-400.2.3,Pharyngeal_muscle,345.0,330-390
CATTATCAGCGATTCT-300.1.3,,270.0,270-330
TTGGAACTCTGTGCAA-400.2.2,Pharyngeal_marginal_cell,415.0,390-450
AACTCAGAGTCTCAAC-400.2.3,Ciliated_amphid_neuron,260.0,210-270
AGTGTCACAATTCCTT-300.1.3,T,290.0,270-330
AACTCAGGTGTTGGGA-400.2.3,Ciliated_amphid_neuron,640.0,580-650
GCACATACACGGCCAT-300.1.2,,265.0,210-270
GGGAGATGTCGTTGTA-500.2.2,Hypodermis,550.0,510-580
GTCTCGTGTCTGATCA-400.2.1,Body_wall_muscle,450.0,450-510
TGGTTCCTCTTTACGT-400.2.3,Ciliated_amphid_neuron,350.0,330-390
CGTTCTGTCCTTGCCA-500.2.2,Body_wall_muscle,700.0,> 650
TCAGGATGTGCTCTTC-b01,,130.0,130-170
TACACGAGTATTCGTG-300.1.2,,230.0,210-270
CATCGAACAAACCCAT-b01,,550.0,510-580
ACGGAGAAGAGTGACC-400.2.1,,260.0,210-270
GGAAAGCAGTAGATGT-400.2.2,,230.0,210-270
AGATTGCTCCAAACAC-b01,,280.0,270-330
GATGAGGGTCTCATCC-400.2.3,,300.0,270-330
TCTGGAATCTCGGACG-500.2.2,Body_wall_muscle,640.0,580-650
AGGGAGTCAAAGCGGT-300.1.3,Seam_cell,320.0,270-330
ACATGGTGTTTGACTG-500.2.2,Body_wall_muscle,390.0,390-450
CGCGTTTAGAATTCCC-300.1.1,Body_wall_muscle,350.0,330-390
TGCTGCTAGCTAGTGG-b01,Intestine,450.0,450-510
CAGAGAGCAAGTTGTC-r17,Ciliated_non_amphid_neuron,635.0,580-650
CATATGGAGTCTCCTC-r17,Hypodermis,490.0,450-510
CTGTGCTGTCTGCCAG-300.1.3,,300.0,270-330
TCAATCTCAGCTATTG-500.1.2,Glia,450.0,450-510
CGAGCCACAGATCTGT-500.1.3,,295.0,270-330
GCTCTGTAGTTCGATC-500.2.2,Body_wall_muscle,700.0,> 650
TCTTTCCTCATTGCGA-b02,Pharyngeal_gland,350.0,330-390
AGCTCTCGTCAACTGT-400.2.3,,285.0,270-330
GCGAGAAGTGAGTATA-r17,,170.0,170-210
TCCACACTCAGGTTCA-500.2.2,,440.0,390-450
CATATTCCACTCAGGC-300.1.1,,205.0,170-210
TGGTTCCGTTCCACAA-500.1.1,Body_wall_muscle,620.0,580-650
CATTCGCCAAGTACCT-500.1.3,M_cell,405.0,390-450
CGGACGTCAAGTCATC-500.1.3,Body_wall_muscle,490.0,450-510
AACTCAGCATCTGGTA-r17,GLR,360.0,330-390
TAGACCACAGGGAGAG-400.2.2,,195.0,170-210
GCATGATTCGCCCTTA-300.1.1,Hypodermis,310.0,270-330
GCGCAGTGTTCGGCAC-400.2.3,Body_wall_muscle,300.0,270-330
CAAGGCCAGTAGGCCA-400.2.2,,300.0,270-330
AAGTCTGGTACTTGAC-500.2.1,Intestine,440.0,390-450
CACAAACTCCAAATGC-300.1.2,Z1_Z4,360.0,330-390
CTCGAGGCACGGTAAG-500.2.2,Intestine,700.0,> 650
GCATGTAAGTGCCATT-400.2.1,T,350.0,330-390
ACACCCTTCGTAGGTT-400.2.3,Body_wall_muscle,350.0,330-390
TATGCCCTCACCCGAG-400.2.3,Ciliated_amphid_neuron,200.0,170-210
CTGAAACCAGTATAAG-b01,,340.0,330-390
TTGTAGGCAGAGCCAA-400.2.2,,275.0,270-330
CTTACCGCACACGCTG-r17,,185.0,170-210
TGCTGCTCATGCTAGT-r17,,270.0,270-330
ACGGCCAAGCAGCCTC-b01,,270.0,270-330
GAAGCAGCATACTACG-500.2.2,Body_wall_muscle,490.0,450-510
CTGTTTAGTAGATTAG-400.2.2,,450.0,450-510
GATGCTAGTTACGACT-400.2.2,Pharyngeal_marginal_cell,375.0,330-390
GACGGCTAGCGCTCCA-r17,,400.0,390-450
TCTCTAAAGTCACGCC-400.2.2,Ciliated_amphid_neuron,285.0,270-330
TGTCCCAAGATATACG-400.2.3,Seam_cell,355.0,330-390
CGTAGCGTCAAACAAG-500.1.1,Ciliated_non_amphid_neuron,470.0,450-510
AGCCTAAGTAAGGGAA-500.2.1,Body_wall_muscle,500.0,450-510
CGTCACTTCATCGCTC-300.1.1,Hypodermis,300.0,270-330
ACAGCCGCAATCTGCA-500.2.1,Body_wall_muscle,470.0,450-510
GTCACGGAGTTAAGTG-400.2.3,Body_wall_muscle,470.0,450-510
CCTACACGTTATCGGT-500.2.1,Hypodermis,640.0,580-650
GGCCGATAGACAGACC-400.2.1,Body_wall_muscle,420.0,390-450
CGAACATAGTGAACGC-500.2.2,Body_wall_muscle,700.0,> 650
CCTAGCTGTGAGTATA-500.2.2,Excretory_cell,640.0,580-650
GGATGTTGTGTAATGA-500.1.1,Body_wall_muscle,640.0,580-650
CAACCTCTCCTTTCTC-400.2.2,Pharyngeal_neuron,300.0,270-330
GGGAATGTCACAACGT-300.1.1,T,270.0,270-330
GTATCTTGTCTCCATC-b01,Pharyngeal_marginal_cell,345.0,330-390
CTGTGCTTCTCTTATG-500.1.1,Pharyngeal_muscle,390.0,390-450
CCTAAAGAGTCCCACG-300.1.2,,170.0,170-210
ATGTGTGTCCACTGGG-400.2.2,,300.0,270-330
GCCTCTACAAAGGTGC-400.2.3,Hypodermis,410.0,390-450
TACGGATTCAGCGATT-400.2.3,,300.0,270-330
TTTGGTTAGCTAGGCA-500.2.1,Ciliated_non_amphid_neuron,425.0,390-450
TCAGGATAGATGTCGG-300.1.3,Hypodermis,360.0,330-390
GTAACGTTCATGCTCC-400.2.1,Excretory_cell,340.0,330-390
CTACGTCTCGCCCTTA-r17,,170.0,170-210
TTTATGCAGAGTCGGT-500.1.1,Coelomocyte,620.0,580-650
CGAACATCAGTAAGCG-b01,,185.0,170-210
ATTCTACGTATCAGTC-b02,Ciliated_amphid_neuron,640.0,580-650
GGCCGATAGGAGTCTG-500.1.2,Ciliated_amphid_neuron,620.0,580-650
ACCCACTAGACAGAGA-400.2.1,,310.0,270-330
ACCAGTATCGTTTAGG-300.1.1,Hypodermis,300.0,270-330
TACGGATTCCTTTACA-400.2.3,,260.0,210-270
TAAACCGCAGCCTGTG-500.2.2,,440.0,390-450
ATGAGGGGTTGTTTGG-b01,Body_wall_muscle,450.0,450-510
CTCGAGGAGCGCCTCA-400.2.3,Seam_cell,295.0,270-330
CTGATAGGTCGCGAAA-500.1.1,,325.0,270-330
ATCCGAAGTGGCCCTA-300.1.1,,270.0,270-330
CGATGTAGTGGTGTAG-400.2.2,Body_wall_muscle,410.0,390-450
AAGGCAGCATCAGTCA-400.2.2,Parent_of_exc_duct_pore_DB_1_3,330.0,330-390
CTCGAAAAGAAACGCC-400.2.3,Hypodermis,265.0,210-270
CGCTATCCATGGAATA-b01,,165.0,130-170
TTGAACGTCCTTGGTC-400.2.3,Body_wall_muscle,390.0,390-450
AAGTCTGCAGGTCTCG-500.1.1,Glia,450.0,450-510
CAGAATCAGTTTAGGA-500.1.3,Ciliated_amphid_neuron,390.0,390-450
CAGTAACCACGGTAAG-500.1.1,,370.0,330-390
ACTGCTCTCATTATCC-300.1.2,Intestine,350.0,330-390
CCTCAGTAGTGTGAAT-300.1.1,Ciliated_amphid_neuron,225.0,210-270
TGTGGTACACACCGCA-400.2.2,Hypodermis,350.0,330-390
ACAGCCGTCCTTAATC-300.1.2,Body_wall_muscle,350.0,330-390
TCCACACTCAATCTCT-500.1.2,Ciliated_non_amphid_neuron,585.0,580-650
CTGTTTAGTTGAGGTG-400.2.1,,225.0,210-270
ATTCTACTCCAGAAGG-300.1.3,Body_wall_muscle,280.0,270-330
GGCCGATGTTACGGAG-400.2.3,,180.0,170-210
AAACGGGAGGCACATG-400.2.3,Pharyngeal_muscle,320.0,270-330
TGCTGCTCAGATCCAT-300.1.2,,290.0,270-330
AGGCCGTAGTTCGCAT-500.1.2,Body_wall_muscle,490.0,450-510
GCTTCCATCTCCTATA-b02,Pharyngeal_neuron,310.0,270-330
CTCACACCATAAAGGT-400.2.2,,130.0,130-170
GATGAAAGTGGCTCCA-b01,,390.0,390-450
TGACTAGAGTATCTCG-300.1.3,,280.0,270-330
GGCGTGTAGAGACGAA-r17,,230.0,210-270
GTGTGCGTCTTTAGTC-300.1.2,Body_wall_muscle,310.0,270-330
TCTGAGAAGCTGCCCA-b02,,490.0,450-510
AACTCCCAGCCACTAT-b01,,170.0,170-210
ACGATACTCCTTCAAT-300.1.1,Hypodermis,300.0,270-330
CCGTGGACAGGCGATA-b01,Ciliated_non_amphid_neuron,380.0,330-390
GAATAAGCACACATGT-500.2.2,Seam_cell,510.0,510-580
TCAACGAGTCAAAGCG-300.1.3,Body_wall_muscle,360.0,330-390
TTAGGACGTTGCTCCT-b01,GLR,320.0,270-330
ACGAGGATCTTGCAAG-400.2.2,,300.0,270-330
AGATCTGGTACGAAAT-r17,Ciliated_non_amphid_neuron,260.0,210-270
GACGGCTGTCTGATTG-b02,,195.0,170-210
TACCTTACATCGGACC-500.1.1,,625.0,580-650
AGCGTCGTCTTGCCGT-500.2.1,Seam_cell,440.0,390-450
TGTCCCACACCAGGTC-500.1.1,,160.0,130-170
GTATTCTAGTGTGGCA-500.2.1,Body_wall_muscle,780.0,> 650
TACAGTGTCTATCCCG-400.2.2,Seam_cell,360.0,330-390
AGATTGCGTACCGTTA-b01,,195.0,170-210
TGATTTCAGCGATGAC-300.1.3,Body_wall_muscle,380.0,330-390
AAGTCTGCAGCCAATT-400.2.2,Ciliated_amphid_neuron,290.0,270-330
AGCGGTCGTTTGTGTG-r17,Body_wall_muscle,490.0,450-510
GAGCAGAGTTGGAGGT-300.1.1,Hypodermis,360.0,330-390
GACACGCAGAGCTGCA-300.1.3,,200.0,170-210
AGCGGTCGTGTCTGAT-400.2.3,Ciliated_amphid_neuron,325.0,270-330
TACGGTAGTGTGCCTG-400.2.3,,160.0,130-170
GTACGTACAGACGCCT-500.1.1,Glia,450.0,450-510
GTAACGTGTGTGAAAT-500.2.2,Excretory_duct_and_pore,550.0,510-580
GTGCAGCCACCGTTGG-500.2.1,Pharyngeal_gland,640.0,580-650
CGGACTGTCATGTAGC-400.2.2,,280.0,270-330
CACCTTGTCGCAAACT-500.2.1,Body_wall_muscle,490.0,450-510
CACACAATCACTTCAT-400.2.1,,230.0,210-270
GGAATAAAGTGGTAAT-b01,,295.0,270-330
GACGTGCTCTGTCTCG-500.1.1,Pharyngeal_neuron,355.0,330-390
GTAACTGTCAGGCCCA-300.1.1,,245.0,210-270
TAGAGCTAGAGTAATC-400.2.2,,275.0,270-330
GTCTCGTAGTTAAGTG-400.2.3,Ciliated_amphid_neuron,245.0,210-270
CAACCAACACAGGTTT-300.1.1,Pharyngeal_marginal_cell,320.0,270-330
GCTTGAAGTCGACTGC-400.2.2,Body_wall_muscle,395.0,390-450
AGACGTTAGACGACGT-r17,,175.0,170-210
GCAAACTAGTCCATAC-500.2.1,Body_wall_muscle,700.0,> 650
CTGGTCTAGATGCCAG-300.1.2,Intestine,365.0,330-390
CGCTTCAAGGGCTCTC-300.1.2,,220.0,210-270
GGACAAGGTACGCTGC-500.1.1,,640.0,580-650
CCTATTATCTCTGAGA-400.2.2,Hypodermis,310.0,270-330
AGGCCACTCTAACTTC-500.2.1,,470.0,450-510
CACAGGCAGCTTTGGT-r17,Glia,490.0,450-510
ACCTTTATCTCAAGTG-500.2.1,Hypodermis,550.0,510-580
GACGCGTTCCAGATCA-500.2.1,Pharyngeal_gland,640.0,580-650
CGTTGGGTCGCAAACT-500.2.2,Hypodermis,640.0,580-650
GACGTTATCGGCTACG-b02,Ciliated_non_amphid_neuron,670.0,> 650
TGTGGTACACCAGGTC-r17,Ciliated_amphid_neuron,170.0,170-210
CACCAGGGTCGAATCT-300.1.2,,210.0,210-270
AGCTCCTGTCATCCCT-400.2.3,Germline,830.0,> 650
CTCGGGACACTTAACG-400.2.3,Ciliated_non_amphid_neuron,390.0,390-450
TCAGGATAGGCTCTTA-r17,,120.0,100-130
GATCGCGAGGCCATAG-b01,,250.0,210-270
TGTCCCACACGTCAGC-b01,Seam_cell,320.0,270-330
GCTTCCAGTAATAGCA-b01,Ciliated_non_amphid_neuron,260.0,210-270
CGTCTACGTCTAGCGC-500.2.2,,625.0,580-650
TAGACCACAAACGTGG-r17,,230.0,210-270
CATGACAGTGCTAGCC-500.1.1,,425.0,390-450
CATTATCGTTCCTCCA-r17,Body_wall_muscle,260.0,210-270
CTGTTTAAGATAGCAT-b01,,315.0,270-330
TCAATCTCACAGGAGT-500.2.2,Body_wall_muscle,585.0,580-650
GGGAGATGTCTAAACC-400.2.1,,350.0,330-390
TCTCATAAGCCCAACC-300.1.2,,280.0,270-330
CTCCTAGTCCCGACTT-300.1.3,Excretory_cell_parent,190.0,170-210
GTTTCTAAGAAACGCC-400.2.2,,295.0,270-330
TTTGGTTTCTACTCAT-300.1.3,Body_wall_muscle,360.0,330-390
TCTTTCCTCAACTCTT-500.2.1,Ciliated_amphid_neuron,620.0,580-650
CGCGTTTGTCAGAGGT-r17,,260.0,210-270
AAGGAGCCAGTAGAGC-r17,,160.0,130-170
ATCGAGTCACGAAATA-400.2.2,,205.0,170-210
TTGCGTCAGCAGATCG-300.1.1,Body_wall_muscle,330.0,330-390
AGCTTGAGTCTTCAAG-r17,,200.0,170-210
TGGTTAGGTCAACTGT-400.2.3,Body_wall_muscle,285.0,270-330
AAGGAGCAGGAACTGC-b01,Body_wall_muscle,200.0,170-210
CGTCTACAGCTACCTA-500.1.1,Hypodermis,410.0,390-450
TGGCCAGAGCTAGGCA-r17,Hypodermis,300.0,270-330
AACTCCCTCTACTATC-b02,Hypodermis,330.0,330-390
ACGGAGAAGACACTAA-300.1.1,Ciliated_amphid_neuron,310.0,270-330
GTCGTAAGTCTAAACC-b02,,270.0,270-330
CAGAATCTCTTGGGTA-b01,,700.0,> 650
GTTCGGGGTGCACTTA-400.2.1,,300.0,270-330
CTCATTAGTTGACGTT-r17,,180.0,170-210
GTGCATAGTTTACTCT-300.1.2,Pharyngeal_marginal_cell,360.0,330-390
ACATCAGGTCTTTCAT-500.2.2,,725.0,> 650
GCATGTACACCTATCC-500.1.1,Body_wall_muscle,390.0,390-450
GCACTCTAGGGCTTGA-500.2.1,,470.0,450-510
CATGGCGAGCAAATCA-b01,,300.0,270-330
CCGGGATGTACACCGC-500.1.1,Ciliated_non_amphid_neuron,450.0,450-510
ACACTGATCCTCGCAT-b01,Body_wall_muscle,390.0,390-450
TGGCTGGTCAACGCTA-500.2.2,,420.0,390-450
TCTTCGGCAGCTGCAC-b01,Arcade_cell,640.0,580-650
CGGGTCACAGGTGGAT-b01,Arcade_cell,640.0,580-650
AGAGCTTCATGGATGG-400.2.2,Body_wall_muscle,370.0,330-390
TATCAGGGTGCTTCTC-500.2.1,Hypodermis,550.0,510-580
GCGCAGTAGTAGTGCG-r17,Ciliated_non_amphid_neuron,245.0,210-270
GATGAAAAGGTGCTTT-400.2.3,,300.0,270-330
TCAACGAAGAGCCTAG-400.2.3,Body_wall_muscle,310.0,270-330
TACTTGTGTAATCACC-b01,Body_wall_muscle,420.0,390-450
CAACCTCAGAAACGCC-b01,Excretory_gland,390.0,390-450
GCACTCTAGCTAGTGG-300.1.3,,330.0,330-390
TTGCGTCTCCGAGCCA-500.1.1,,410.0,390-450
AGATTGCTCACTTACT-b01,,220.0,210-270
CCTAGCTTCATGCTCC-300.1.1,Ciliated_non_amphid_neuron,230.0,210-270
CTTCTCTGTGACTACT-500.1.1,Body_wall_muscle,410.0,390-450
GAACGGAGTATAAACG-300.1.1,Body_wall_muscle,390.0,390-450
CACAGGCTCGGCTACG-500.2.1,Intestine,490.0,450-510
CAGCAGCGTAGCGTGA-400.2.2,Hypodermis,300.0,270-330
TGTATTCTCCCGGATG-r17,,180.0,170-210
ACCTTTATCAAGAAGT-300.1.2,,190.0,170-210
GTCACAAAGAGGGCTT-500.2.2,Ciliated_amphid_neuron,670.0,> 650
GCGCCAAGTTAAGTAG-400.2.2,,210.0,210-270
TACGGATTCATGCTCC-500.2.1,Intestine,700.0,> 650
TCAGATGCACAGCCCA-500.1.1,Body_wall_muscle,450.0,450-510
CAGCTAAGTTGTTTGG-r17,Hypodermis,300.0,270-330
ATCACGAGTGAAATCA-500.1.1,Body_wall_muscle,390.0,390-450
ACTGAACGTCGATTGT-400.2.3,Ciliated_non_amphid_neuron,230.0,210-270
GCACATACATCCCATC-r17,Ciliated_amphid_neuron,175.0,170-210
AGACGTTCATGCATGT-500.2.2,Hypodermis,410.0,390-450
TGTGGTATCTTTACGT-r17,Body_wall_muscle,490.0,450-510
GAATGAACAAACCTAC-500.2.2,Arcade_cell,550.0,510-580
TGGTTAGCAAATTGCC-b01,,215.0,210-270
CCTACACGTCGCTTCT-400.2.1,,230.0,210-270
TGACGGCCACAGACAG-500.2.1,Body_wall_muscle,350.0,330-390
CTGCCTATCCTTTCTC-300.1.2,,350.0,330-390
CACAGTAGTCAGTGGA-b01,,100.0,100-130
GAACCTAGTCAAAGAT-400.2.3,,260.0,210-270
ATGAGGGAGGTGCAAC-500.2.2,Seam_cell,640.0,580-650
CGGAGCTCACATCCAA-400.2.1,Glia,345.0,330-390
CTTTGCGTCAACACGT-r17,Pharyngeal_marginal_cell,370.0,330-390
GCTTGAATCCCAAGAT-r17,,380.0,330-390
GACCAATTCCTACAGA-400.2.2,Body_wall_muscle,320.0,270-330
CAGCATATCGCGCCAA-400.2.3,,330.0,330-390
CTCGAGGCAGCCTTGG-500.2.1,Seam_cell,390.0,390-450
CATCCACGTACCAGTT-b02,Body_wall_muscle,385.0,330-390
AAATGCCAGCCTTGAT-300.1.1,Germline,65.0,< 100
TACTCGCGTTTAAGCC-300.1.3,Body_wall_muscle,280.0,270-330
TTCTCCTAGCGCTTAT-300.1.3,,270.0,270-330
TTAGTTCAGTTCGCAT-500.2.1,Arcade_cell,620.0,580-650
GACCAATAGATATACG-b01,Pharyngeal_neuron,310.0,270-330
CCAGCGAGTAAGTGGC-b01,,345.0,330-390
CATGCCTGTACTCTCC-r17,Hypodermis,300.0,270-330
GACGCGTCACCTGGTG-400.2.3,Ciliated_amphid_neuron,415.0,390-450
AGGGAGTAGTGTTAGA-r17,,195.0,170-210
GTGCAGCAGTGTGGCA-500.1.1,Body_wall_muscle,420.0,390-450
ACTTGTTTCTGACCTC-300.1.2,Intestine,330.0,330-390
GGCGTGTCAATGGTCT-300.1.3,Body_wall_muscle,300.0,270-330
CATCAAGCATGAAGTA-300.1.1,Hypodermis,270.0,270-330
TTGCCGTAGAGTCGGT-400.2.1,Body_wall_muscle,380.0,330-390
CTCCTAGCAATCGGTT-300.1.1,Body_wall_muscle,350.0,330-390
ATCACGACAAGTCATC-500.2.1,Body_wall_muscle,430.0,390-450
GTACTTTGTTATCCGA-500.1.1,Ciliated_amphid_neuron,350.0,330-390
CTCTGGTGTCTGCGGT-400.2.1,,205.0,170-210
TCTCATACATGTTGAC-400.2.1,Coelomocyte,380.0,330-390
ATTGGTGCAGACGCTC-300.1.2,,200.0,170-210
TCGAGGCTCGCAAACT-400.2.2,,170.0,170-210
GCATGTAGTTTAGGAA-r17,,310.0,270-330
CAGCCGAGTTAGTGGG-b01,,310.0,270-330
ACCAGTACAGTAAGCG-300.1.2,,265.0,210-270
GAAATGACAAGTTAAG-r17,Body_wall_muscle,380.0,330-390
GAAGCAGGTCCAGTAT-r17,,130.0,130-170
GCCAAATGTCATATCG-400.2.3,Hypodermis,380.0,330-390
CCGGGATAGCCCTAAT-b01,Pharyngeal_intestinal_valve,225.0,210-270
GGCCGATTCAGCCTAA-r17,,260.0,210-270
AGTGTCATCGAGCCCA-r17,,120.0,100-130
GTTCTCGCAGGAATGC-b02,,270.0,270-330
CTGTTTATCGTCTGAA-500.1.2,Germline,830.0,> 650
CTGTGCTGTCGCGTGT-b01,Body_wall_muscle,405.0,390-450
CCATGTCCAGATCGGA-500.2.2,,500.0,450-510
ACTGTCCTCTTGACGA-400.2.3,Body_wall_muscle,270.0,270-330
TGACGGCCAATGGAAT-r17,,225.0,210-270
CTCGAAAGTCCCGACA-400.2.3,,285.0,270-330
CTCAGAAAGATGCCAG-400.2.2,Body_wall_muscle,490.0,450-510
TTGGCAAAGATCTGAA-400.2.1,Ciliated_amphid_neuron,215.0,210-270
CTTCTCTAGCAGATCG-400.2.2,Hypodermis,345.0,330-390
GTTCATTGTGGTAACG-500.2.1,Hypodermis,620.0,580-650
ATAAGAGCAGATGGGT-b01,,290.0,270-330
CTAGTGAAGATGAGAG-500.2.1,Hypodermis,550.0,510-580
TGACTTTTCGACCAGC-r17,Coelomocyte,410.0,390-450
ACGGAGATCGGAGGTA-500.1.1,Pharyngeal_intestinal_valve,410.0,390-450
TGAGCATGTAAGAGGA-400.2.1,Pharyngeal_intestinal_valve,300.0,270-330
CGAACATAGAGTTGGC-300.1.2,Ciliated_amphid_neuron,275.0,270-330
GACTGCGAGGGATGGG-b01,,130.0,130-170
CAGAGAGCAGCGTCCA-500.2.1,Intestine,755.0,> 650
TGTGTTTCATGTCGAT-500.2.1,Z1_Z4,385.0,330-390
CATCAGATCGGAATCT-300.1.3,Body_wall_muscle,290.0,270-330
GGTGCGTTCGGCTACG-r17,Body_wall_muscle,170.0,170-210
TATCAGGTCCCACTTG-300.1.3,Ciliated_amphid_neuron,390.0,390-450
GACGTTATCAACACGT-500.1.1,Seam_cell,490.0,450-510
CCTATTATCAGTGCAT-500.1.1,,585.0,580-650
CTCGAGGCACTTAAGC-b01,,260.0,210-270
GAACGGAGTGGACGAT-500.2.2,,425.0,390-450
CCCATACAGAATTCCC-500.2.2,Ciliated_amphid_neuron,550.0,510-580
AACTTTCTCGTCTGAA-500.2.2,Seam_cell,550.0,510-580
TAAACCGGTGAGGGTT-500.1.1,Body_wall_muscle,490.0,450-510
GATTCAGAGCCACGTC-500.2.1,Pharyngeal_intestinal_valve,550.0,510-580
TGACTTTTCTGCCAGG-r17,Ciliated_non_amphid_neuron,300.0,270-330
TAAGTGCCAGGGATTG-500.2.2,Hypodermis,410.0,390-450
ACACCCTCACACATGT-400.2.1,,290.0,270-330
CTCACACCAGGATCGA-300.1.2,,350.0,330-390
CCTAAAGGTACCGGCT-r17,Pharyngeal_muscle,380.0,330-390
CAGAATCCATGGTCTA-b01,Ciliated_non_amphid_neuron,365.0,330-390
CACACAACACAGAGGT-500.2.2,Body_wall_muscle,550.0,510-580
CAACTAGAGCTGCAAG-r17,Excretory_gland,500.0,450-510
AGAATAGAGTCTCGGC-400.2.3,Body_wall_muscle,380.0,330-390
AACTCAGTCTTTCCTC-400.2.3,,295.0,270-330
GGGAATGAGGCTACGA-400.2.2,Body_wall_muscle,390.0,390-450
TTTGTCATCGTGACAT-b01,Glia,490.0,450-510
TACCTATCAGTCGTGC-500.2.1,Body_wall_muscle,420.0,390-450
CTACACCAGGCTCAGA-400.2.3,Coelomocyte,390.0,390-450
GTAACTGCATCGTCGG-400.2.3,Rectal_gland,325.0,270-330
ACGGGTCTCCGTCAAA-300.1.1,,230.0,210-270
GCTCTGTTCTGCGACG-400.2.1,Ciliated_amphid_neuron,410.0,390-450
CCACTACAGTGTTTGC-300.1.3,Body_wall_muscle,210.0,210-270
GACAGAGTCCTCTAGC-r17,,285.0,270-330
AAGGAGCTCGTTGACA-400.2.3,Glia,355.0,330-390
AGACGTTAGATGTCGG-300.1.2,Body_wall_muscle,225.0,210-270
CCTTCGATCTTTAGGG-b01,,380.0,330-390
GGCAATTGTGCAGACA-500.1.1,,490.0,450-510
CTACACCCAAGGACAC-500.2.2,Intestinal_and_rectal_muscle,415.0,390-450
TGCGCAGGTTCACGGC-r17,,170.0,170-210
TTCGAAGTCAGAGGTG-500.1.1,Body_wall_muscle,490.0,450-510
CGTTGGGCATCCGGGT-r17,,160.0,130-170
GGGCATCGTGGGTCAA-500.2.1,Body_wall_muscle,760.0,> 650
TGCTGCTAGGCTACGA-500.2.2,Intestine,700.0,> 650
CGCTGGATCTAACTTC-400.2.3,,230.0,210-270
GCCAAATAGTGCTGCC-500.1.1,Body_wall_muscle,420.0,390-450
TACACGAAGAGACTTA-r17,,170.0,170-210
CAGAATCTCCAGTATG-400.2.1,Ciliated_non_amphid_neuron,330.0,330-390
CAGCAGCGTGCAACTT-500.1.1,Hypodermis,550.0,510-580
TCGGTAACATTCCTCG-500.2.1,Body_wall_muscle,755.0,> 650
CCATTCGGTCTGATCA-400.2.2,Germline,110.0,100-130
ATCATCTTCCTCAACC-b01,Body_wall_muscle,415.0,390-450
AAGGCAGTCAAACCGT-b01,,120.0,100-130
GACTAACAGTCATCCA-400.2.2,,280.0,270-330
CTGCTGTCATTAGGCT-400.2.2,Body_wall_muscle,405.0,390-450
AGAATAGTCATATCGG-300.1.3,Pharyngeal_marginal_cell,335.0,330-390
TCAGATGGTTAAAGTG-r17,Hypodermis,260.0,210-270
CACAAACGTGCAGTAG-b01,,190.0,170-210
GCCTCTAAGCTGCGAA-b02,Body_wall_muscle,385.0,330-390
CAACCAAGTCTCATCC-300.1.2,,225.0,210-270
ACCGTAACACGTAAGG-300.1.1,Germline,60.0,< 100
TTGACTTGTCTTTCAT-300.1.1,Germline,5.0,< 100
TTAGGACGTTAGAACA-500.1.1,Excretory_gland,410.0,390-450
CACCAGGCAATAGCGG-300.1.2,Body_wall_muscle,350.0,330-390
GTGAAGGTCACGCATA-b01,,275.0,270-330
AGCGTATCATCACAAC-400.2.3,,170.0,170-210
TCATTTGAGATAGGAG-b01,,190.0,170-210
ATTATCCCAGACTCGC-300.1.1,Body_wall_muscle,245.0,210-270
TTCTCCTGTCATACTG-b01,,375.0,330-390
GGGAGATGTGTAATGA-400.2.1,Hypodermis,280.0,270-330
AGCTCCTCATGGTCTA-r17,Intestine,450.0,450-510
TGACAACAGCCCTAAT-300.1.2,,245.0,210-270
CTAAGACTCCCAAGAT-500.2.1,Rectal_cell,365.0,330-390
TAGGCATGTGTGAAAT-300.1.3,Hypodermis,300.0,270-330
CATATGGGTGACTACT-300.1.2,Body_wall_muscle,300.0,270-330
CATCGAATCCGGCACA-500.1.1,Hypodermis,390.0,390-450
GTGAAGGAGACAGACC-500.2.1,Hypodermis,490.0,450-510
TCGGGACTCCCAACGG-400.2.1,Hypodermis,320.0,270-330
GTGCTTCGTAGCTGCC-300.1.3,,275.0,270-330
TGTCCCAGTATTCGTG-500.2.1,Ciliated_non_amphid_neuron,500.0,450-510
TACTCGCGTATGAATG-b01,Body_wall_muscle,290.0,270-330
CGCTTCATCATGTGGT-400.2.3,,350.0,330-390
TGCCCTAAGAGGTTGC-500.1.2,Hypodermis,375.0,330-390
TGTTCCGAGCTAGTGG-300.1.3,,170.0,170-210
TTATGCTCATTGGTAC-400.2.3,,195.0,170-210
GCTGGGTTCACTGGGC-300.1.3,Body_wall_muscle,360.0,330-390
GAGTCCGTCCAGATCA-r17,,290.0,270-330
CTGCCTACATGCGCAC-400.2.1,Pharyngeal_muscle,290.0,270-330
AGGCCACGTCACACGC-400.2.2,,280.0,270-330
TCAGGATTCTCTAAGG-b01,,170.0,170-210
CCACGGAAGAGTAATC-500.1.3,GLR,420.0,390-450
TTGTAGGAGTTCGATC-400.2.3,,290.0,270-330
AGATTGCTCTCGCATC-500.1.1,,470.0,450-510
GGGAGATAGTACACCT-400.2.3,Hypodermis,385.0,330-390
GTCACAAGTACTCTCC-500.1.1,,380.0,330-390
TGCTACCGTCATCGGC-500.1.2,Z1_Z4,380.0,330-390
GCTCCTATCGGATGTT-300.1.3,Body_wall_muscle,450.0,450-510
ATCCACCGTTGGGACA-500.2.1,Hypodermis,620.0,580-650
GGATGTTCACAGTCGC-500.2.2,Ciliated_non_amphid_neuron,490.0,450-510
CACAGGCCAAGTAATG-b01,,190.0,170-210
CATCCACCACACCGCA-400.2.3,GLR,300.0,270-330
CTGCGGAAGGCATTGG-400.2.3,,220.0,210-270
GCTCCTACAGGGAGAG-300.1.2,Body_wall_muscle,420.0,390-450
CACCTTGTCAAAGACA-300.1.2,,200.0,170-210
TCGTACCGTCGTGGCT-500.2.2,,550.0,510-580
TACGGTACACCATGTA-400.2.2,,300.0,270-330
TAAGTGCCAACCGCCA-b01,,170.0,170-210
CTTTGCGCATTACCTT-300.1.3,Hypodermis,285.0,270-330
GTACGTATCGCTGATA-b01,Glia,700.0,> 650
CCTAGCTAGCTGTTCA-500.1.1,Ciliated_non_amphid_neuron,345.0,330-390
TGGGAAGAGACCGGAT-300.1.2,Pharyngeal_marginal_cell,345.0,330-390
TTCTACACAAAGGTGC-r17,Ciliated_amphid_neuron,550.0,510-580
GTCGTAAAGACAGAGA-500.2.1,Ciliated_non_amphid_neuron,450.0,450-510
AAGGAGCCAGTAAGAT-400.2.3,,300.0,270-330
ATCCACCTCTCCAACC-b01,,620.0,580-650
CTCTACGCACACTGCG-500.2.1,Pharyngeal_gland,700.0,> 650
GTCACAAAGCAACGGT-b01,Pharyngeal_muscle,360.0,330-390
TTCTCCTAGTGACATA-r17,,270.0,270-330
ATGAGGGTCTGGGCCA-400.2.3,Ciliated_amphid_neuron,320.0,270-330
GCGCAACAGGCTAGCA-400.2.1,,215.0,210-270
TGTGGTACACGTCAGC-400.2.2,Body_wall_muscle,490.0,450-510
GACGCGTAGCTAGGCA-400.2.1,,270.0,270-330
CGACCTTTCACCTTAT-400.2.3,Body_wall_muscle,450.0,450-510
ACGGGCTAGAAGGACA-300.1.1,,350.0,330-390
TTCGAAGTCAGAGGTG-300.1.2,Ciliated_non_amphid_neuron,290.0,270-330
TAGAGCTCAGACGCTC-300.1.3,Body_wall_muscle,350.0,330-390
CATCAAGGTTTACTCT-500.1.2,,510.0,510-580
CCTAGCTAGAACTCGG-300.1.1,Seam_cell,300.0,270-330
CTAGCCTCAAACCCAT-300.1.1,,345.0,330-390
GGAATAAAGTCCAGGA-300.1.3,Pharyngeal_gland,320.0,270-330
CCGTGGAGTTCCACTC-500.2.2,Glia,700.0,> 650
CGTCTACTCATTGCGA-500.2.1,Pharyngeal_gland,585.0,580-650
GGGACCTGTATAGGTA-b01,,420.0,390-450
AACCATGGTTATCCGA-b01,Coelomocyte,360.0,330-390
GCTTGAAGTCCTCCAT-b01,,120.0,100-130
GTCACAAGTGATGTGG-b01,Rectal_cell,450.0,450-510
TTTCCTCAGAATAGGG-500.1.1,Arcade_cell,390.0,390-450
TCATTTGCAATGGATA-400.2.3,,270.0,270-330
ACATACGCACAGCCCA-400.2.1,,205.0,170-210
CCGTACTGTCTAGCGC-500.2.2,Ciliated_amphid_neuron,700.0,> 650
GTGGGTCAGTGGTCCC-r17,Pharyngeal_muscle,325.0,270-330
GTACTTTCAGTATCTG-300.1.2,,260.0,210-270
CTCGAGGCATTCGACA-400.2.1,Ciliated_amphid_neuron,350.0,330-390
GACACGCTCAGTCCCT-300.1.1,,220.0,210-270
CGTGAGCGTGTTGGGA-400.2.3,Ciliated_amphid_neuron,440.0,390-450
CTGATCCTCTTGTACT-300.1.2,,210.0,210-270
AGTGGGAAGCAGCGTA-300.1.2,Pharyngeal_marginal_cell,300.0,270-330
TTTGTCAAGCCAGGAT-500.1.1,Ciliated_amphid_neuron,415.0,390-450
GCTTGAAAGAATGTTG-r17,Germline,55.0,< 100
AGCTTGATCACATAGC-r17,,130.0,130-170
TACTTACCACTATCTT-r17,Ciliated_amphid_neuron,440.0,390-450
ACACCGGGTTAAGATG-300.1.3,Intestinal_and_rectal_muscle,385.0,330-390
TTGGAACAGTTCGCGC-300.1.1,Pharyngeal_muscle,330.0,330-390
ATGAGGGCAATACGCT-b01,Arcade_cell,630.0,580-650
ACTTTCAAGGATGGAA-300.1.3,,260.0,210-270
CTTCTCTTCACAATGC-300.1.2,Body_wall_muscle,380.0,330-390
AGAGCTTGTGAACCTT-400.2.3,Body_wall_muscle,360.0,330-390
AGAGCGAGTGTTAAGA-300.1.3,Body_wall_muscle,300.0,270-330
CACTCCAGTGTTTGTG-b01,Body_wall_muscle,270.0,270-330
AGAGTGGCAGTCGTGC-300.1.2,,275.0,270-330
GCAATCACAAACGCGA-300.1.2,Rectal_cell,320.0,270-330
TTTACTGAGTTGAGTA-r17,,385.0,330-390
AGTAGTCGTCTTGATG-500.2.2,Excretory_gland,420.0,390-450
ACATCAGCATTTCAGG-r17,,490.0,450-510
GACCTGGAGACCGGAT-500.1.1,Body_wall_muscle,410.0,390-450
CATCGAAGTACGACCC-400.2.1,,280.0,270-330
AGAGCGATCTAGAGTC-300.1.2,Hypodermis,300.0,270-330
CTTCTCTTCCCTAACC-b01,Germline,0.0,< 100
CCACCTATCAGGTTCA-500.2.2,Ciliated_non_amphid_neuron,380.0,330-390
ACCAGTACATTACCTT-500.2.2,,490.0,450-510
ATCGAGTTCGTTACGA-b01,Body_wall_muscle,490.0,450-510
ATCCGAAGTGGCTCCA-b02,Ciliated_amphid_neuron,630.0,580-650
ACTATCTGTAGCGATG-500.1.1,Glia,450.0,450-510
AAGACCTTCAGTCCCT-b01,,300.0,270-330
TCAACGAGTACATCCA-300.1.1,Hypodermis,450.0,450-510
CCGGTAGCATCGGGTC-r17,Body_wall_muscle,450.0,450-510
GCTCTGTTCGTAGGAG-500.1.1,,620.0,580-650
GATGCTAAGACGCAAC-400.2.2,Seam_cell,260.0,210-270
GCCAAATGTACATCCA-400.2.3,Pharyngeal_neuron,270.0,270-330
CAGCTGGTCCCTAATT-b01,Ciliated_non_amphid_neuron,640.0,580-650
ATCTGCCGTCATCCCT-300.1.3,Hypodermis,325.0,270-330
CCTCAGTCAAAGAATC-400.2.1,,345.0,330-390
AGCCTAATCATGCTCC-500.2.2,,530.0,510-580
TGCCCTAAGTCGTTTG-b01,,220.0,210-270
CGCTGGATCCTAGTGA-500.1.2,Body_wall_muscle,520.0,510-580
GCACATAGTTGACGTT-400.2.2,,295.0,270-330
GATGCTAAGCTACCGC-b01,M_cell,410.0,390-450
ATCCGAAGTAGAGCTG-500.1.1,Ciliated_non_amphid_neuron,390.0,390-450
GAACGGAAGGTAGCCA-500.2.2,Intestinal_and_rectal_muscle,500.0,450-510
AGCAGCCAGGGTTCCC-500.2.1,Hypodermis,430.0,390-450
GGGTCTGTCGTTACGA-r17,Intestine,200.0,170-210
GGAACTTCATCCGCGA-400.2.1,Body_wall_muscle,350.0,330-390
CCCTCCTAGGCGCTCT-500.2.1,Hypodermis,640.0,580-650
GCGCAACTCGTAGATC-500.2.2,Hypodermis,640.0,580-650
CAGCATAGTACAGTTC-b01,Body_wall_muscle,700.0,> 650
GCGCAACGTCGAATCT-300.1.2,Body_wall_muscle,300.0,270-330
AGAATAGGTATGAATG-300.1.2,,260.0,210-270
CATGACACATGGGAAC-400.2.3,Seam_cell,285.0,270-330
GACGGCTCAGGATTGG-500.2.1,Ciliated_non_amphid_neuron,400.0,390-450
ACAGCCGAGACGCTTT-500.2.1,Body_wall_muscle,450.0,450-510
ATCTACTCATGCAATC-b01,Pharyngeal_gland,700.0,> 650
GAAACTCCAAGCGATG-400.2.1,Body_wall_muscle,490.0,450-510
CTTGGCTGTAGGCTGA-400.2.2,Body_wall_muscle,345.0,330-390
ACTGTCCGTGATAAAC-r17,Body_wall_muscle,390.0,390-450
CAGCAGCTCTGGTATG-r17,Ciliated_amphid_neuron,435.0,390-450
GACGCGTTCTCTTATG-300.1.3,Pharyngeal_marginal_cell,340.0,330-390
TGGTTCCGTCTAGTCA-r17,,550.0,510-580
CTCAGAACACCGAATT-300.1.2,,350.0,330-390
GCTCTGTCATTACGAC-400.2.2,,435.0,390-450
TGGCGCAAGATAGCAT-500.1.1,,640.0,580-650
GAACATCGTCAGATAA-b01,Ciliated_non_amphid_neuron,550.0,510-580
GTCCTCACAAGGTTCT-400.2.1,Ciliated_non_amphid_neuron,375.0,330-390
AGCTTGACACTATCTT-500.2.1,Coelomocyte,410.0,390-450
CGCTATCTCAGGCGAA-300.1.2,Intestine,355.0,330-390
CAAGTTGGTATAATGG-300.1.1,Hypodermis,360.0,330-390
TGCCAAATCCGAAGAG-300.1.1,,220.0,210-270
TCAGCTCGTGCTCTTC-500.1.2,Body_wall_muscle,490.0,450-510
ACGGGCTGTCCGAATT-400.2.3,,320.0,270-330
AATCGGTTCGCTTAGA-500.2.2,Hypodermis,430.0,390-450
CCATGTCCATCACCCT-400.2.1,,620.0,580-650
TAGAGCTAGGACAGAA-b02,,410.0,390-450
CGATCGGGTAGCCTCG-500.1.1,,440.0,390-450
AGAATAGTCAGAGGTG-400.2.1,Body_wall_muscle,300.0,270-330
CGCTATCGTGTGGCTC-b01,,750.0,> 650
AGTTGGTGTGTGGTTT-500.1.1,,385.0,330-390
CCGGGATGTCAGAATA-400.2.1,Pharyngeal_muscle,365.0,330-390
GTCAAGTTCTAACTCT-400.2.1,Z1_Z4,350.0,330-390
GCCTCTACAGTGGAGT-400.2.2,,275.0,270-330
GACTACATCCTTTACA-400.2.2,,270.0,270-330
TCAGGTAAGTACGCCC-b01,,700.0,> 650
CTGAAACTCAGCACAT-r17,,190.0,170-210
TGACTAGAGGTGCACA-400.2.3,Ciliated_non_amphid_neuron,385.0,330-390
TGTTCCGTCCGTCAAA-r17,,195.0,170-210
GCAGTTATCGGAGGTA-b01,Coelomocyte,410.0,390-450
GTATTCTCACTTCGAA-500.1.1,Seam_cell,320.0,270-330
TTCGGTCGTCGCGTGT-b01,,200.0,170-210
TGAGGGACAATCACAC-b01,,130.0,130-170
TCGAGGCGTGTCAATC-400.2.1,Body_wall_muscle,425.0,390-450
GGACGTCAGCGCCTTG-300.1.2,,215.0,210-270
AGCTCTCAGATGTTAG-500.1.2,Seam_cell,510.0,510-580
GTCTCGTTCAAACAAG-500.2.2,,620.0,580-650
GGGTCTGCAAGGTTTC-500.2.1,Seam_cell,420.0,390-450
TACGGATTCTTGCAAG-400.2.3,Body_wall_muscle,370.0,330-390
CAACCTCAGCGTGAAC-r17,,270.0,270-330
GTAGTCAAGTGGTAAT-b01,Hypodermis,670.0,> 650
GACTGCGAGACAAAGG-r17,,260.0,210-270
CTTGGCTCAACTGGCC-300.1.3,Hypodermis,350.0,330-390
TCGGGACAGACTTGAA-500.1.2,Glia,450.0,450-510
GTAGTCAGTAAGGATT-300.1.3,Body_wall_muscle,390.0,390-450
GACGCGTTCAGCTGGC-400.2.3,Ciliated_non_amphid_neuron,260.0,210-270
TCGTAGACACCTCGGA-300.1.2,Body_wall_muscle,350.0,330-390
ATGGGAGCAGCTATTG-300.1.2,,195.0,170-210
ATCACGATCGAATGCT-400.2.2,Body_wall_muscle,450.0,450-510
CCTACCATCGTTACAG-500.2.1,,450.0,450-510
GTTCGGGAGCTACCGC-500.2.2,Ciliated_amphid_neuron,620.0,580-650
ATCATCTAGGCTAGGT-300.1.3,Coelomocyte,360.0,330-390
TGGACGCTCCACGTTC-400.2.1,,210.0,210-270
TGAGCATTCAGGCCCA-b01,Rectal_gland,640.0,580-650
TTATGCTGTTAAGTAG-500.1.2,Body_wall_muscle,450.0,450-510
TGGGAAGTCCATGAGT-300.1.1,Intestine,700.0,> 650
TGCGGGTTCGATGAGG-400.2.3,Ciliated_amphid_neuron,300.0,270-330
TGCTGCTGTCTCCATC-500.1.1,Ciliated_amphid_neuron,490.0,450-510
ATCATCTGTGGTGTAG-400.2.1,Pharyngeal_neuron,320.0,270-330
TCGTAGAGTGTTCGAT-500.2.1,Seam_cell,450.0,450-510
GACGTTACACATAACC-400.2.2,,195.0,170-210
CTCCTAGAGTGGGATC-r17,Body_wall_muscle,490.0,450-510
ACACTGAGTCTTTCAT-r17,,170.0,170-210
GATGAGGTCCTCCTAG-500.1.1,Body_wall_muscle,500.0,450-510
GTGTGCGGTTGCGTTA-r17,Ciliated_non_amphid_neuron,260.0,210-270
CGTGTAATCACCGGGT-500.1.2,Body_wall_muscle,420.0,390-450
CAGCTGGCATTATCTC-400.2.2,Body_wall_muscle,350.0,330-390
CATCGAACAGTAAGCG-300.1.2,,230.0,210-270
CCGTGGAGTCCATGAT-500.2.2,Seam_cell,510.0,510-580
ATGAGGGAGCGAGAAA-400.2.3,Body_wall_muscle,410.0,390-450
TGACGGCGTGAGGCTA-300.1.3,Body_wall_muscle,345.0,330-390
ACGAGGACAAAGAATC-b01,,130.0,130-170
TGGCTGGCACTTACGA-b01,,380.0,330-390
GGACAGACAGCTATTG-500.2.1,,670.0,> 650
CAAGATCGTAGAGTGC-300.1.3,Seam_cell,300.0,270-330
AGGCCACGTCTCCATC-400.2.1,Body_wall_muscle,410.0,390-450
CTAACTTCATTGAGCT-300.1.2,,290.0,270-330
TCAGCTCCAACACCCG-400.2.2,Body_wall_muscle,500.0,450-510
CTCGTACGTCGATTGT-b01,,230.0,210-270
GAACATCGTGGACGAT-400.2.1,Pharyngeal_muscle,360.0,330-390
CAGCATAGTCCGAAGA-300.1.2,Body_wall_muscle,320.0,270-330
CATCAGACATCGATTG-500.2.1,Intestine,750.0,> 650
CAGCAGCAGCTGTTCA-400.2.1,Body_wall_muscle,390.0,390-450
CAGTAACAGATGTCGG-300.1.3,,270.0,270-330
CTCTACGGTCTAGCCG-b01,,410.0,390-450
CTAATGGCAAAGGAAG-400.2.2,Body_wall_muscle,355.0,330-390
ACGAGCCGTCTTCAAG-300.1.1,Ciliated_non_amphid_neuron,350.0,330-390
AGCGTCGCATATGCTG-300.1.2,Ciliated_amphid_neuron,375.0,330-390
CGCGTTTTCCTCATTA-500.1.1,Body_wall_muscle,450.0,450-510
GTCTCGTCACATCTTT-300.1.2,,270.0,270-330
CATGCCTGTTGTCGCG-500.1.1,Body_wall_muscle,410.0,390-450
AAAGCAAGTAGGAGTC-300.1.3,Ciliated_amphid_neuron,180.0,170-210
GGATGTTCATGTCTCC-400.2.2,Body_wall_muscle,330.0,330-390
TCTTCGGCATATACCG-400.2.2,Ciliated_non_amphid_neuron,360.0,330-390
CCAATCCTCATCGGAT-300.1.2,Ciliated_amphid_neuron,450.0,450-510
AAGACCTTCTATCCCG-r17,,245.0,210-270
CACACCTAGTACGTAA-400.2.3,Hypodermis,350.0,330-390
TTGTAGGGTTCCACGG-500.1.2,Ciliated_non_amphid_neuron,585.0,580-650
TTTGGTTGTCCATGAT-400.2.2,,230.0,210-270
ACGAGGAGTCCAACTA-300.1.1,,220.0,210-270
CATGCCTAGTTAACGA-400.2.3,,260.0,210-270
AGGGTGAAGACTCGGA-500.1.2,Body_wall_muscle,420.0,390-450
CGAATGTAGAACTCGG-r17,Pharyngeal_neuron,285.0,270-330
GGATGTTAGACTTGAA-400.2.3,Ciliated_amphid_neuron,405.0,390-450
TACAGTGCAGCTCCGA-500.2.1,Body_wall_muscle,500.0,450-510
GGGAATGAGGAGTAGA-400.2.1,,300.0,270-330
AAACCTGGTCGATTGT-r17,,300.0,270-330
TAGAGCTGTTTCGCTC-400.2.1,,195.0,170-210
GTTCTCGAGAGGGCTT-b02,Pharyngeal_neuron,310.0,270-330
CGAGAAGTCGGATGGA-b02,Body_wall_muscle,350.0,330-390
CGTCCATGTATCGCAT-400.2.2,,270.0,270-330
CACAGGCGTGATAAGT-r17,,295.0,270-330
CAGTCCTGTAGCGATG-b02,Rectal_cell,380.0,330-390
CTCATTACATCTACGA-500.2.2,,700.0,> 650
CAGGTGCGTGTGAAAT-500.2.2,Hypodermis,430.0,390-450
ATCTACTGTGCAGGTA-b01,Body_wall_muscle,415.0,390-450
GCAGCCATCGATAGAA-500.1.1,Pharyngeal_muscle,390.0,390-450
ATTCTACTCAGTTAGC-400.2.3,Hypodermis,375.0,330-390
AGCATACAGTAGCCGA-400.2.3,,170.0,170-210
GTACTTTGTAGAGCTG-500.1.1,Ciliated_amphid_neuron,635.0,580-650
GTCCTCATCGGATGGA-300.1.3,Hypodermis,340.0,330-390
AGAATAGAGCTCAACT-500.2.2,Ciliated_non_amphid_neuron,700.0,> 650
GATGCTATCCCGGATG-400.2.1,Pharyngeal_muscle,270.0,270-330
TAAGCGTCATCGTCGG-400.2.1,,260.0,210-270
AGAGCGACATGATCCA-400.2.2,Glia,365.0,330-390
TGGTTCCGTTCCCTTG-400.2.3,,230.0,210-270
GCTCCTAAGACAATAC-400.2.2,,340.0,330-390
AAACGGGTCTTACCTA-r17,Germline,0.0,< 100
ACCCACTGTGATGCCC-400.2.3,,290.0,270-330
CATCGAAGTGATGTCT-b01,,405.0,390-450
TGCCCTATCTTAGCCC-300.1.3,,260.0,210-270
CCATGTCGTCTAGAGG-500.2.2,Intestine,700.0,> 650
TTTGGTTGTGTGGTTT-300.1.2,,260.0,210-270
GCTGCAGAGTGCTGCC-300.1.2,,260.0,210-270
GCATGATCAATGGACG-500.1.1,,405.0,390-450
GAATAAGCAAGCGAGT-r17,Glia,350.0,330-390
TACTCATCAATTGCTG-500.2.2,,470.0,450-510
ACTTGTTTCGGCATCG-400.2.3,,165.0,130-170
CTACCCACAGCATGAG-b01,Body_wall_muscle,550.0,510-580
TCTCATAAGTAGCCGA-400.2.2,Pharyngeal_muscle,330.0,330-390
ACAGCCGCACCTCGTT-r17,,490.0,450-510
TGGCCAGAGATATGGT-300.1.2,,330.0,330-390
CCTTCGATCGAGGTAG-400.2.3,Body_wall_muscle,390.0,390-450
TACGGTAGTAATAGCA-400.2.3,,210.0,210-270
GTAGTCAGTCAGATAA-500.1.2,Body_wall_muscle,640.0,580-650
ACTTGTTCAGGCTCAC-400.2.3,Body_wall_muscle,450.0,450-510
GTACGTACATGCGCAC-400.2.3,Pharyngeal_neuron,275.0,270-330
TACGGTATCGTCCAGG-400.2.1,Body_wall_muscle,375.0,330-390
ATTTCTGCACGGTAAG-r17,,215.0,210-270
CAAGAAATCACGGTTA-400.2.1,Ciliated_non_amphid_neuron,385.0,330-390
GTATCTTAGTAGCGGT-400.2.2,Body_wall_muscle,490.0,450-510
AAAGTAGCATGCCTTC-500.2.1,Intestine,450.0,450-510
CCTACACTCGGTCCGA-500.2.2,Hypodermis,640.0,580-650
GTCGGGTGTACAGTGG-400.2.2,Pharyngeal_neuron,260.0,210-270
TTAGTTCAGCAATATG-b01,Arcade_cell,630.0,580-650
CCATGTCGTAGCGCTC-400.2.2,,260.0,210-270
CACAGTAAGAGGTAGA-300.1.2,,260.0,210-270
CTACACCCACAGACAG-500.2.1,,620.0,580-650
TGACAACTCACGCATA-300.1.3,,275.0,270-330
GACACGCCACAAGCCC-400.2.2,Body_wall_muscle,340.0,330-390
GAAACTCTCTTGAGAC-b02,Ciliated_non_amphid_neuron,450.0,450-510
CCCTCCTCAATCTGCA-b01,,320.0,270-330
TACTTACTCCAGTAGT-b02,Ciliated_non_amphid_neuron,450.0,450-510
GTGTGCGTCAACACCA-400.2.1,,230.0,210-270
GGAATAATCAGCTCGG-500.2.1,Pharyngeal_gland,700.0,> 650
GTCCTCATCGGCGGTT-400.2.1,Body_wall_muscle,490.0,450-510
GTTCTCGCACCTGGTG-300.1.2,,320.0,270-330
GTCACAACACGAGGTA-b02,,360.0,330-390
GTGCTTCAGCGGCTTC-300.1.3,Excretory_cell,325.0,270-330
TTTGCGCCATTTGCCC-b01,Ciliated_non_amphid_neuron,440.0,390-450
GAAGCAGAGCGGATCA-400.2.2,Body_wall_muscle,350.0,330-390
TGCTGCTGTGGTGTAG-400.2.1,,180.0,170-210
GCACTCTAGGTGCAAC-500.2.2,Ciliated_non_amphid_neuron,375.0,330-390
GATCAGTTCCCAACGG-400.2.2,,300.0,270-330
GACTAACTCTGGTGTA-400.2.3,,370.0,330-390
TCCACACAGTTACGGG-r17,,230.0,210-270
TCAACGATCCTCTAGC-400.2.2,,355.0,330-390
GGAAAGCTCTACCAGA-500.2.1,Ciliated_non_amphid_neuron,490.0,450-510
CAACCAAAGATTACCC-b02,Ciliated_non_amphid_neuron,380.0,330-390
CATCGGGCAGCTGTTA-300.1.3,Pharyngeal_neuron,310.0,270-330
CTCGAAATCAACACAC-400.2.3,Hypodermis,290.0,270-330
AGATCTGTCTAGCACA-b01,,180.0,170-210
TGACTAGAGCTAGTTC-400.2.2,Hypodermis,410.0,390-450
AAGTCTGAGATGCCAG-400.2.3,Body_wall_muscle,200.0,170-210
GCAAACTTCGGTGTCG-300.1.2,Body_wall_muscle,320.0,270-330
ATTACTCGTGATGATA-r17,,280.0,270-330
GAATAAGCACGGACAA-400.2.3,Body_wall_muscle,490.0,450-510
CGACCTTAGTTCCACA-b01,,275.0,270-330
CGAATGTAGCGCTCCA-300.1.1,,260.0,210-270
CAGATCATCCAATGGT-500.2.2,Intestine,620.0,580-650
GCGCAACTCGCGTTTC-400.2.2,,350.0,330-390
CTGATAGCAAAGGCGT-b01,Ciliated_amphid_neuron,670.0,> 650
TCCACACTCTCTTGAT-300.1.2,Body_wall_muscle,470.0,450-510
GCTGCGAGTCAATGTC-b01,Pharyngeal_muscle,350.0,330-390
CTCGAGGAGGCTCATT-400.2.3,Body_wall_muscle,420.0,390-450
GTGCAGCGTCCTAGCG-500.2.2,Intestinal_and_rectal_muscle,550.0,510-580
ATGTGTGCAGCGTCCA-b01,Glia,550.0,510-580
TGACGGCAGCTAGTTC-300.1.1,Ciliated_non_amphid_neuron,265.0,210-270
AGTGTCAAGAATCTCC-300.1.3,Body_wall_muscle,350.0,330-390
GCCAAATAGGCTCTTA-300.1.3,Body_wall_muscle,360.0,330-390
CATCAGAAGTAGTGCG-b01,hyp1V_and_ant_arc_V,350.0,330-390
GTTCTCGAGAGCTGCA-r17,,620.0,580-650
TTTGCGCAGTGTTAGA-300.1.2,Ciliated_non_amphid_neuron,260.0,210-270
GGGAATGGTGTTGGGA-b01,Ciliated_non_amphid_neuron,635.0,580-650
AGTCTTTCACCTATCC-500.2.2,Body_wall_muscle,490.0,450-510
TCTCTAACACGGTTTA-b01,Pharyngeal_muscle,350.0,330-390
GAGCAGAGTGTCCTCT-b01,Pharyngeal_neuron,225.0,210-270
CCATTCGTCCCACTTG-500.2.1,,700.0,> 650
CGTCACTCACCAGATT-500.2.2,Hypodermis,400.0,390-450
TCGGGACGTCCGCTGA-500.2.1,Body_wall_muscle,530.0,510-580
CACACAAGTAGTGAAT-b01,Intestinal_and_rectal_muscle,490.0,450-510
AGACGTTGTTGATTGC-b01,Body_wall_muscle,390.0,390-450
TAGGCATAGTTCCACA-400.2.2,Arcade_cell,450.0,450-510
GTTCTCGTCGCCAGCA-400.2.2,,260.0,210-270
CGCTTCACAGATGGCA-400.2.3,,300.0,270-330
CTTCTCTAGTACGATA-400.2.3,Seam_cell,295.0,270-330
GACCAATAGCTTCGCG-500.2.1,Body_wall_muscle,410.0,390-450
GACAGAGAGCCGATTT-b02,,225.0,210-270
CATTCGCGTCCGAATT-400.2.1,Body_wall_muscle,260.0,210-270
ACGGGTCGTGCCTTGG-400.2.3,Ciliated_non_amphid_neuron,300.0,270-330
GGAGCAACACTGTCGG-300.1.3,,200.0,170-210
GTACGTACATTGAGCT-500.1.1,Pharyngeal_muscle,550.0,510-580
CTCGAAAGTGCGGTAA-500.1.1,Body_wall_muscle,390.0,390-450
CGTGAGCCAGCTGTGC-500.1.1,,640.0,580-650
CGAGCACAGCTAGTTC-400.2.3,Ciliated_non_amphid_neuron,230.0,210-270
TACCTATCATACGCTA-300.1.2,Pharyngeal_neuron,310.0,270-330
CTTTGCGGTAATCACC-400.2.2,Ciliated_non_amphid_neuron,320.0,270-330
GATGCTAGTCTCCACT-400.2.1,,290.0,270-330
GGCTCGAGTCCCGACA-400.2.3,Ciliated_non_amphid_neuron,300.0,270-330
CCGTTCAAGCGAAGGG-500.2.2,Body_wall_muscle,470.0,450-510
AGCTCCTAGTGAATTG-400.2.2,,260.0,210-270
CAACCTCTCCGCATAA-r17,Hypodermis,375.0,330-390
AACTCTTAGGGCTTGA-b01,,160.0,130-170
GCGCAGTTCGTCTGCT-400.2.2,,400.0,390-450
TCAACGATCCTTTCTC-300.1.3,Ciliated_amphid_neuron,195.0,170-210
TCGTAGAAGCGGCTTC-b01,Body_wall_muscle,450.0,450-510
CTCTGGTTCACGCGGT-500.1.2,M_cell,830.0,> 650
ATCTGCCAGAGGTACC-400.2.2,T,320.0,270-330
GTCGGGTGTGCGATAG-b01,,170.0,170-210
ACGGCCAAGACACGAC-b01,Glia,550.0,510-580
ACGGGCTCAATAGAGT-b02,,205.0,170-210
CCTTCGACAGTATGCT-500.2.2,,130.0,130-170
TGTCCCACACGGTTTA-500.1.2,Arcade_cell,390.0,390-450
GGGCACTAGCTACCTA-400.2.2,Pharyngeal_muscle,330.0,330-390
CCACCTAAGCTCTCGG-b01,Ciliated_amphid_neuron,510.0,510-580
GCATACATCGGTTCGG-500.2.2,Hypodermis,550.0,510-580
CAACCAAAGAAGATTC-r17,,310.0,270-330
ACGGCCACAGGTGGAT-b01,,260.0,210-270
AACACGTAGGTGCTAG-500.1.3,Pharyngeal_intestinal_valve,410.0,390-450
ATCTACTTCTCGCTTG-500.1.1,Ciliated_amphid_neuron,640.0,580-650
CCCAGTTGTGTGCGTC-b01,,265.0,210-270
CAAGGCCCACCAGATT-500.1.3,Body_wall_muscle,420.0,390-450
CGTCCATCAACTTGAC-400.2.2,Hypodermis,275.0,270-330
CACCAGGTCTAAGCCA-300.1.2,,280.0,270-330
AGCGTCGTCTGGTTCC-b01,Ciliated_amphid_neuron,390.0,390-450
ATAGACCAGCGCCTCA-r17,,170.0,170-210
AAGGCAGTCCCATTAT-500.1.1,,375.0,330-390
AACTCAGCAGATCTGT-500.1.1,Pharyngeal_neuron,340.0,330-390
TACTCGCGTCGCGAAA-b01,,220.0,210-270
TACGGGCGTTCAGGCC-300.1.1,Ciliated_non_amphid_neuron,295.0,270-330
AGGGATGTCCGCATCT-400.2.2,,405.0,390-450
TGGCTGGGTACCAGTT-300.1.1,,350.0,330-390
GCTGCGAGTCAGCTAT-300.1.2,,220.0,210-270
ACACCAAAGGCCCGTT-r17,Intestine,170.0,170-210
CGGACGTTCCAGGGCT-400.2.3,,230.0,210-270
CTGAAGTCACCTCGGA-500.2.1,,395.0,390-450
CATTCGCGTCCATGAT-500.1.1,Coelomocyte,360.0,330-390
GTCTCGTTCGCAAACT-400.2.2,,300.0,270-330
TGCGCAGCATCACGTA-500.2.1,,750.0,> 650
AGGGTGATCCCTCAGT-400.2.2,Pharyngeal_gland,350.0,330-390
CGGCTAGCAAGCTGAG-500.1.2,Body_wall_muscle,440.0,390-450
GAAGCAGCAGGACCCT-500.1.2,,385.0,330-390
GCTTCCAGTGGCAAAC-400.2.2,,350.0,330-390
GATGAAATCTACCAGA-b01,Pharyngeal_neuron,245.0,210-270
CCTTTCTCACTCTGTC-300.1.2,Body_wall_muscle,325.0,270-330
AGTCTTTCAATGTTGC-b01,Hypodermis,270.0,270-330
GGGCACTGTCCGTGAC-b01,,190.0,170-210
TGGCTGGGTCGCTTCT-300.1.2,Body_wall_muscle,385.0,330-390
GAAACTCAGGGTCGAT-400.2.1,,355.0,330-390
TCTGAGAGTATATGGA-400.2.1,Hypodermis,410.0,390-450
GCACATACAAGGTTTC-400.2.2,Seam_cell,300.0,270-330
GTGAAGGAGCGTTTAC-400.2.2,Hypodermis,260.0,210-270
ACTTTCATCGAATGGG-400.2.2,Body_wall_muscle,320.0,270-330
CGCTTCACATCCAACA-r17,Body_wall_muscle,340.0,330-390
GTGCAGCGTGTGGCTC-400.2.2,,300.0,270-330
ATGCGATTCGGAGGTA-400.2.2,,260.0,210-270
CGTGAGCGTCTCTTAT-300.1.2,Pharyngeal_neuron,330.0,330-390
ACTTTCACAAATCCGT-500.2.2,hmc,550.0,510-580
GACAGAGCATGCTAGT-300.1.1,Ciliated_amphid_neuron,275.0,270-330
AGAGCGAAGGCCCGTT-b01,,210.0,210-270
AGAGTGGGTCTCTTAT-r17,Ciliated_non_amphid_neuron,270.0,270-330
CTCGAAATCACGACTA-300.1.1,,300.0,270-330
GGACAGATCTTCAACT-r17,,215.0,210-270
CTGATCCTCTGCTGTC-400.2.2,Ciliated_amphid_neuron,175.0,170-210
CTACCCATCATTATCC-300.1.2,,230.0,210-270
TGATTTCGTCTTTCAT-400.2.1,Ciliated_non_amphid_neuron,375.0,330-390
GGGCACTGTGGTCTCG-b02,Ciliated_non_amphid_neuron,420.0,390-450
GATCAGTAGCAATATG-500.1.2,Ciliated_non_amphid_neuron,340.0,330-390
TATTACCTCGACCAGC-500.1.2,,320.0,270-330
ACGGGTCGTAAAGTCA-500.2.2,Coelomocyte,520.0,510-580
AGCGGTCCACTGTCGG-400.2.1,Hypodermis,360.0,330-390
CAGAGAGAGGCAGGTT-400.2.2,,230.0,210-270
GTCACGGCAAGTTAAG-300.1.3,Seam_cell,320.0,270-330
CTAACTTCAAATCCGT-400.2.1,,260.0,210-270
GCGCAACGTAAGTAGT-300.1.2,,260.0,210-270
TTCTACAGTTACTGAC-500.2.2,Coelomocyte,415.0,390-450
CGATTGATCGTTGCCT-r17,Body_wall_muscle,640.0,580-650
AGAGTGGGTGACAAAT-r17,,300.0,270-330
TGGCTGGCACCACCAG-r17,Pharyngeal_intestinal_valve,390.0,390-450
TGCCCTACACTTAACG-500.2.1,Hypodermis,450.0,450-510
GATCAGTTCCTTTCGG-500.2.1,Ciliated_amphid_neuron,640.0,580-650
AACTGGTAGCCTCGTG-400.2.3,Seam_cell,330.0,330-390
CTAGAGTAGTTAGCGG-500.1.1,Body_wall_muscle,550.0,510-580
TGGGAAGGTAAGTGTA-400.2.1,Body_wall_muscle,330.0,330-390
GGGAATGGTGACTCAT-400.2.3,Body_wall_muscle,360.0,330-390
TACAGTGGTTGGTGGA-300.1.2,,270.0,270-330
CGGACACTCCTTTCGG-400.2.2,,415.0,390-450
TGTATTCGTTCCCTTG-400.2.2,,290.0,270-330
TATCTCACATATGAGA-400.2.3,,195.0,170-210
CGTTAGAGTTCAGGCC-300.1.2,Ciliated_non_amphid_neuron,350.0,330-390
GGTGCGTAGGGAAACA-r17,,150.0,130-170
GGACAGAAGAAGGTTT-b02,Ciliated_amphid_neuron,430.0,390-450
ACGAGGAAGAAGCCCA-b01,,155.0,130-170
CGGAGTCGTGGGTCAA-r17,,370.0,330-390
GGGACCTGTAGAGCTG-400.2.3,Hypodermis,280.0,270-330
GGGCACTGTACCGTTA-500.2.2,,700.0,> 650
TTCGAAGTCCGCTGTT-b01,Pharyngeal_muscle,550.0,510-580
CCCAGTTAGCGACGTA-400.2.1,Body_wall_muscle,300.0,270-330
CGTCCATAGAAGCCCA-b01,,260.0,210-270
ACTATCTTCCTAGGGC-b02,,230.0,210-270
AGTGTCACAGATAATG-300.1.2,Ciliated_non_amphid_neuron,230.0,210-270
TGAGCATCAGACGCAA-b01,,370.0,330-390
CCAATCCTCATTCACT-300.1.2,Intestine,325.0,270-330
ACTTGTTCATGCAATC-400.2.3,Hypodermis,320.0,270-330
AGTCTTTAGCTAAGAT-400.2.3,Pharyngeal_gland,300.0,270-330
GTCAAGTTCACCCGAG-b01,Body_wall_muscle,550.0,510-580
CGACCTTAGTACGCGA-b01,,520.0,510-580
GCAATCATCTCTAAGG-300.1.3,Body_wall_muscle,350.0,330-390
GTACGTATCGCGCCAA-400.2.3,Ciliated_amphid_neuron,270.0,270-330
ATTTCTGCAAGTCTGT-400.2.3,Body_wall_muscle,350.0,330-390
CACACCTGTTACCGAT-300.1.3,Body_wall_muscle,320.0,270-330
AACTTTCCATCCCACT-300.1.2,,280.0,270-330
TAGACCAAGGTGCAAC-b01,Ciliated_non_amphid_neuron,490.0,450-510
GGCGTGTTCAAAGTAG-b01,Ciliated_amphid_neuron,420.0,390-450
CCGGGATCACGACGAA-b01,,270.0,270-330
CCTAGCTTCACTTATC-500.2.2,Ciliated_non_amphid_neuron,405.0,390-450
GAACCTAAGCGGCTTC-300.1.2,,260.0,210-270
ATTGGACCATCGTCGG-400.2.2,,265.0,210-270
GCGGGTTTCAACCAAC-300.1.1,Hypodermis,415.0,390-450
CAGATCAGTACTCAAC-500.1.2,Coelomocyte,410.0,390-450
CATCAAGTCTTACCTA-300.1.1,Hypodermis,320.0,270-330
TGTTCCGAGCCCAACC-300.1.3,,320.0,270-330
CTCAGAATCTCTTATG-500.2.2,,550.0,510-580
GCATACACAGCATGAG-b01,,170.0,170-210
AGGCCGTGTATCTGCA-300.1.3,Pharyngeal_muscle,350.0,330-390
TTATGCTTCCTGCCAT-r17,Glia,490.0,450-510
CGTGTCTTCATGCAAC-b01,,180.0,170-210
GTACGTAGTTTGACAC-400.2.3,Body_wall_muscle,490.0,450-510
CTTAACTCAATGTTGC-400.2.3,Hypodermis,320.0,270-330
TGTTCCGTCGCGGATC-400.2.2,Pharyngeal_muscle,390.0,390-450
TCGAGGCCAAGCGTAG-500.1.1,Seam_cell,620.0,580-650
TATCTCACATACCATG-b01,Intestine,700.0,> 650
CCGTTCACACGTAAGG-b01,,190.0,170-210
TCACAAGCAATAGCGG-500.1.1,,260.0,210-270
GTGCTTCCAAGTAGTA-b02,,260.0,210-270
AGTAGTCGTAAAGTCA-400.2.2,,205.0,170-210
ATCATCTGTCGCATCG-b01,Intestine,345.0,330-390
CCATTCGCAATGGAAT-b01,Body_wall_muscle,520.0,510-580
GGCGACTTCAATAAGG-400.2.1,,380.0,330-390
GGGAATGGTGTTAAGA-400.2.3,Hypodermis,290.0,270-330
TGAGCCGTCACCTCGT-b01,,405.0,390-450
CTTACCGAGCGTGAAC-500.2.1,Ciliated_non_amphid_neuron,700.0,> 650
TACGGTAGTACCGAGA-500.2.2,Ciliated_amphid_neuron,640.0,580-650
TGCACCTGTCCGTCAG-r17,Intestine,440.0,390-450
TACTTGTGTGTCAATC-300.1.3,,220.0,210-270
TACGGGCGTGACAAAT-400.2.3,Body_wall_muscle,490.0,450-510
ACGGGCTCATTGAGCT-500.2.1,,405.0,390-450
AGACGTTCACCAGTTA-400.2.2,Body_wall_muscle,350.0,330-390
CATGACAGTAAGTGTA-b01,Ciliated_amphid_neuron,170.0,170-210
GGCGACTGTTATGCGT-r17,Pharyngeal_muscle,230.0,210-270
CCACGGAAGGACGAAA-r17,Ciliated_amphid_neuron,425.0,390-450
GGTGTTACATCCGGGT-r17,ABarpaaa_lineage,200.0,170-210
CGAGAAGGTGAAGGCT-300.1.3,,180.0,170-210
GTCGGGTGTATGGTTC-400.2.1,,200.0,170-210
GCATACATCCCGGATG-500.1.3,Hypodermis,420.0,390-450
CCAATCCCACAGACTT-500.2.2,,630.0,580-650
CGATTGACAGTACACT-300.1.3,Germline,70.0,< 100
TCAGGATCACACTGCG-400.2.3,Ciliated_amphid_neuron,300.0,270-330
CCCAGTTTCATACGGT-300.1.1,Pharyngeal_marginal_cell,300.0,270-330
CAGCGACGTGGTAACG-r17,Ciliated_amphid_neuron,170.0,170-210
TCAGCTCAGGCTACGA-500.1.1,Body_wall_muscle,640.0,580-650
AGCGTATGTTCCGTCT-400.2.2,Ciliated_amphid_neuron,260.0,210-270
CAGCTGGAGCGTGTCC-300.1.2,,100.0,100-130
CTAATGGAGACTAGAT-b01,,160.0,130-170
GCACATAGTCAGAGGT-500.2.2,Hypodermis,700.0,> 650
CATGACAGTGGTCCGT-r17,,275.0,270-330
TTGAACGAGGCGACAT-400.2.3,Body_wall_muscle,330.0,330-390
TTGCCGTAGCTGTCTA-400.2.3,Body_wall_muscle,415.0,390-450
TAAGCGTGTCTCACCT-300.1.1,,185.0,170-210
GACCTGGAGCTGGAAC-b01,,180.0,170-210
GTCGTAAGTGGGTCAA-500.1.2,Glia,490.0,450-510
GGCGACTTCACTCCTG-300.1.2,Pharyngeal_muscle,300.0,270-330
AGGGATGTCAGCGATT-500.2.1,Body_wall_muscle,750.0,> 650
CCTATTATCTAGAGTC-b01,,215.0,210-270
CCATGTCTCTGCTGCT-300.1.3,,275.0,270-330
CATGCCTAGAATAGGG-500.2.2,Ciliated_amphid_neuron,500.0,450-510
TGGACGCCAGGACGTA-500.2.2,,470.0,450-510
TCGTAGACACCCATGG-r17,Pharyngeal_neuron,335.0,330-390
GTCAAGTGTTATCGGT-400.2.1,,300.0,270-330
TTAGGACTCAGGTTCA-400.2.2,,320.0,270-330
ACTTTCATCAACACCA-400.2.2,Seam_cell,380.0,330-390
ATCGAGTAGTGTGGCA-400.2.1,,120.0,100-130
TTAGGACCAAGAGGCT-b01,Body_wall_muscle,320.0,270-330
ATCATCTAGAAACCAT-500.1.2,,470.0,450-510
ACCCACTAGGATTCGG-500.1.1,,100.0,100-130
TCGGTAAGTAAAGTCA-500.2.2,Body_wall_muscle,550.0,510-580
CACATTTCACGGATAG-500.2.2,Body_wall_muscle,360.0,330-390
CCCAATCAGCTCAACT-400.2.1,,290.0,270-330
GAATGAACAGATGGGT-400.2.1,Body_wall_muscle,390.0,390-450
TACTCGCGTACGCACC-r17,,160.0,130-170
CACTCCAGTCGAATCT-500.1.2,,395.0,390-450
GTAGTCAAGTCTCGGC-300.1.2,,330.0,330-390
ACGTCAAAGAATGTTG-400.2.3,Pharyngeal_muscle,270.0,270-330
GGACAAGAGGCCGAAT-400.2.1,Ciliated_non_amphid_neuron,265.0,210-270
CAGAATCTCAGGTAAA-r17,,170.0,170-210
GCAAACTCAGCGTCCA-400.2.2,,280.0,270-330
AAAGATGGTCCATCCT-b01,,245.0,210-270
CGACTTCGTGTGAATA-400.2.3,Body_wall_muscle,420.0,390-450
GCAGTTATCCAGTAGT-300.1.3,Hypodermis,320.0,270-330
ATCACGATCCGGGTGT-400.2.3,Ciliated_amphid_neuron,385.0,330-390
GTCGTAATCCAAGTAC-r17,,350.0,330-390
CTCGTACTCCACGCAG-400.2.3,Ciliated_amphid_neuron,300.0,270-330
TTCCCAGGTTGGACCC-400.2.2,,275.0,270-330
ACAGCTACACAGATTC-300.1.3,,270.0,270-330
GACTACAAGTTCGATC-300.1.2,Hypodermis,300.0,270-330
GAACATCTCTACTCAT-300.1.2,Body_wall_muscle,355.0,330-390
AGTCTTTGTTTGGCGC-500.2.2,,750.0,> 650
AGGCCGTAGATGCCAG-500.2.1,Hypodermis,550.0,510-580
GGCTGGTAGCCACGTC-500.1.1,Ciliated_amphid_neuron,275.0,270-330
CGTCCATTCACTTATC-300.1.2,,230.0,210-270
AGCCTAATCTGACCTC-b01,,150.0,130-170
ACCGTAAGTGAGCGAT-500.2.2,Hypodermis,430.0,390-450
TAAGAGATCTGTCCGT-300.1.2,Hypodermis,300.0,270-330
TTTACTGCAGCTGCTG-400.2.2,,230.0,210-270
ACGAGCCTCCGTCATC-400.2.1,,220.0,210-270
ACGGAGAAGCTAGTTC-500.1.1,,350.0,330-390
GTCACAAGTCTCCATC-300.1.2,Rectal_cell,320.0,270-330
CCTCTGAAGTGGTCCC-500.2.1,Ciliated_amphid_neuron,450.0,450-510
GATCTAGGTACAGTTC-400.2.3,Ciliated_non_amphid_neuron,225.0,210-270
GATCGCGCATCTCGCT-b01,M_cell,425.0,390-450
TGTCCCACACCAGCAC-500.1.1,Ciliated_non_amphid_neuron,620.0,580-650
GTGCATAGTGAGCGAT-500.1.1,Glia,450.0,450-510
CATGGCGAGCTACCTA-500.2.1,Hypodermis,450.0,450-510
CATCGAAAGGTGATTA-500.1.1,Body_wall_muscle,390.0,390-450
GCAGTTACAGTAAGAT-500.1.1,Body_wall_muscle,410.0,390-450
CATGCCTAGTGGGTTG-500.2.1,,490.0,450-510
GAGTCCGGTCTGATTG-b01,Ciliated_non_amphid_neuron,350.0,330-390
GACCTGGGTCAATACC-400.2.1,,340.0,330-390
CATCGGGCAAATTGCC-400.2.1,,180.0,170-210
GACACGCCAAGGACTG-300.1.1,,280.0,270-330
GTCACAACAGGGCATA-300.1.2,Ciliated_amphid_neuron,415.0,390-450
CTCAGAACAGCCTTTC-400.2.3,Ciliated_non_amphid_neuron,260.0,210-270
CGTTCTGCAAAGGCGT-300.1.2,Body_wall_muscle,390.0,390-450
TATTACCGTGTGACCC-400.2.2,,340.0,330-390
TACTTGTTCACAGTAC-400.2.3,Body_wall_muscle,375.0,330-390
AGCAGCCGTCTAAAGA-400.2.3,G2_and_W_blasts,300.0,270-330
GCTCTGTCACATTCGA-400.2.1,Hypodermis,350.0,330-390
AATCGGTTCTGTCAAG-b01,Ciliated_amphid_neuron,620.0,580-650
GTATTCTTCTTGAGGT-400.2.1,,385.0,330-390
CACCAGGGTCGTCTTC-400.2.2,Hypodermis,410.0,390-450
TACCTATCAGATGAGC-400.2.3,,260.0,210-270
TCAACGATCTAACCGA-b01,,400.0,390-450
GGGCACTAGGCTCAGA-b01,,375.0,330-390
CAGTAACTCTTAGAGC-500.2.1,Body_wall_muscle,390.0,390-450
TGAGGGATCGACAGCC-500.2.2,Hypodermis,430.0,390-450
GTCATTTCAGACAGGT-r17,Intestine,345.0,330-390
TACTCGCTCAATCACG-500.1.2,,350.0,330-390
TTCTTAGGTGATGTGG-500.2.1,Body_wall_muscle,350.0,330-390
GTATCTTAGGGAAACA-b01,Ciliated_amphid_neuron,380.0,330-390
GATTCAGGTATATGAG-300.1.1,,200.0,170-210
TGCCCATAGTCAATAG-400.2.2,,300.0,270-330
TTCTTAGCATATGAGA-r17,,490.0,450-510
GACGGCTGTGGTGTAG-400.2.3,,210.0,210-270
CTCGGAGTCCTAGGGC-r17,,400.0,390-450
TCAGATGGTATGAATG-r17,,385.0,330-390
CAAGAAATCTTGTATC-r17,,325.0,270-330
TGTTCCGCATCACGTA-300.1.1,,260.0,210-270
CTAACTTAGGGCATGT-r17,Hypodermis,550.0,510-580
CCTTTCTGTGCTCTTC-400.2.2,,300.0,270-330
AAGGTTCTCGGCCGAT-500.1.2,Body_wall_muscle,620.0,580-650
ATGAGGGAGGCTAGAC-300.1.1,Ciliated_amphid_neuron,280.0,270-330
GCTCCTAAGGCTACGA-400.2.1,Ciliated_amphid_neuron,200.0,170-210
TGCCCTACACTAAGTC-400.2.2,Ciliated_non_amphid_neuron,330.0,330-390
GCATGTATCCAAATGC-500.2.2,Body_wall_muscle,550.0,510-580
GATCGATGTGTAATGA-400.2.2,Ciliated_amphid_neuron,315.0,270-330
CGGAGCTTCTTGGGTA-500.1.1,Glia,350.0,330-390
CATATTCGTCCAGTGC-500.2.1,Hypodermis,550.0,510-580
GCGACCAGTAAATGAC-300.1.2,Body_wall_muscle,360.0,330-390
CACACAATCTACTTAC-300.1.1,,285.0,270-330
CGTAGGCTCGGGAGTA-300.1.2,Hypodermis,270.0,270-330
CATATGGGTTCTGGTA-r17,,260.0,210-270
TTTACTGCAGACGTAG-b01,Hypodermis,300.0,270-330
GACGGCTTCCGTAGTA-r17,Pharyngeal_marginal_cell,470.0,450-510
AAGGTTCGTACCGAGA-500.2.2,Glia,450.0,450-510
CGACTTCAGATGCCAG-500.1.1,,245.0,210-270
TTGCGTCAGCGATTCT-500.1.2,,170.0,170-210
TAAGCGTCAAGTTAAG-500.2.1,Ciliated_non_amphid_neuron,700.0,> 650
ACTTTCAAGATGTGGC-500.1.1,Ciliated_amphid_neuron,390.0,390-450
GACACGCTCGATCCCT-300.1.1,,245.0,210-270
CTCGAGGCAAGTAGTA-r17,Intestine,350.0,330-390
GTCAAGTTCACCACCT-500.1.1,,700.0,> 650
CCTACCAGTAGCTAAA-500.2.2,Body_wall_muscle,510.0,510-580
GACGTGCGTCGCATCG-400.2.2,,270.0,270-330
AGCAGCCGTCTCAACA-500.2.1,,490.0,450-510
CCCAGTTTCATCGGAT-b01,Pharyngeal_muscle,345.0,330-390
GTCTTCGGTAAGTGTA-400.2.1,,260.0,210-270
CGGAGCTAGGGAACGG-400.2.3,,260.0,210-270
TGAGCATCATGCCTTC-500.1.1,Ciliated_amphid_neuron,335.0,330-390
TGGCTGGGTAAGAGGA-b01,Body_wall_muscle,320.0,270-330
CACACAACAGCTGCAC-b01,,200.0,170-210
GCAAACTCACTTGGAT-500.2.2,,450.0,450-510
GTGTGCGTCTCCTATA-b01,Glia,750.0,> 650
GAAACTCAGGTACTCT-300.1.3,,260.0,210-270
GGGAATGGTACTCTCC-b01,Pharyngeal_muscle,390.0,390-450
CTCTGGTAGAAGAAGC-400.2.1,Body_wall_muscle,450.0,450-510
GTGGGTCGTTACGACT-400.2.1,,260.0,210-270
CTGGTCTCAATTGCTG-500.1.2,Hypodermis,400.0,390-450
CGTCTACCACTTAACG-400.2.2,,300.0,270-330
CGATTGAAGGGCTTGA-300.1.1,,275.0,270-330
TGGGAAGGTACTCAAC-500.1.1,,350.0,330-390
CATCGGGGTGTTGAGG-400.2.1,Body_wall_muscle,420.0,390-450
TCATTACTCTTGCCGT-500.2.2,Seam_cell,440.0,390-450
CAGCTGGTCCATGCTC-400.2.1,,300.0,270-330
GGAGCAAAGTGGACGT-400.2.3,Hypodermis,390.0,390-450
TGACTTTGTGCAGACA-400.2.1,,290.0,270-330
TATCTCATCTGACCTC-500.2.2,Seam_cell,500.0,450-510
GAACCTATCACAGTAC-300.1.2,,260.0,210-270
CATCGGGGTCGCATCG-300.1.3,,280.0,270-330
CGGACTGCAATGTAAG-500.1.1,Seam_cell,430.0,390-450
CTCTAATCAGTATGCT-500.2.2,Intestine,520.0,510-580
CCTATTAAGTAGTGCG-400.2.3,Ciliated_non_amphid_neuron,260.0,210-270
GCTGCGAAGAAACGAG-400.2.2,,230.0,210-270
CGGCTAGTCGACGGAA-400.2.1,,320.0,270-330
ACTGATGTCAACACTG-400.2.3,,260.0,210-270
CACCACTGTCTCAACA-400.2.3,Rectal_cell,310.0,270-330
TGTCCCAGTCAGCTAT-300.1.3,,360.0,330-390
AAGACCTTCTCGTATT-400.2.2,Ciliated_non_amphid_neuron,300.0,270-330
CGATGTAGTGGCCCTA-300.1.1,Body_wall_muscle,290.0,270-330
CATTCGCCAGTACACT-300.1.2,Ciliated_non_amphid_neuron,245.0,210-270
TAGCCGGGTCTAAAGA-300.1.3,Body_wall_muscle,325.0,270-330
GGGAGATGTCGGATCC-500.1.2,,450.0,450-510
CGAGCCAGTACCGTTA-r17,Body_wall_muscle,340.0,330-390
TATCTCAAGTACGTAA-400.2.1,,230.0,210-270
TAGCCGGTCTCCGGTT-500.2.1,,500.0,450-510
CATCGAACACGGTGTC-400.2.2,Hypodermis,420.0,390-450
AAGGTTCAGCAGGCTA-400.2.1,Glia,350.0,330-390
AGATCTGCATGCATGT-300.1.1,Body_wall_muscle,260.0,210-270
CGGAGCTGTACCCAAT-500.1.2,Ciliated_amphid_neuron,725.0,> 650
CTTTGCGAGTGTTAGA-400.2.1,Ciliated_non_amphid_neuron,270.0,270-330
CTCGGAGGTGCCTGGT-b01,Pharyngeal_gland,335.0,330-390
TTAACTCGTTTGTTTC-400.2.1,,300.0,270-330
TAGTGGTGTTGTGGCC-400.2.1,,270.0,270-330
AGGGTGAGTTCATGGT-500.1.1,,490.0,450-510
AGCGTATGTAGATTAG-b01,,190.0,170-210
CTGAAGTAGGCATGTG-500.1.1,Body_wall_muscle,420.0,390-450
GTCTTCGTCTGTGCAA-300.1.3,,300.0,270-330
GTACTTTTCGGCGCAT-400.2.3,Body_wall_muscle,420.0,390-450
CGTCCATCAGTAACGG-300.1.3,Ciliated_amphid_neuron,225.0,210-270
AAGGAGCCAGCGTTCG-500.2.1,Glia,550.0,510-580
CGGGTCACATCGACGC-400.2.1,Hypodermis,330.0,330-390
CCGTGGAGTCTTGATG-r17,,130.0,130-170
CCATTCGGTCGACTAT-500.1.1,Ciliated_amphid_neuron,640.0,580-650
GAGGTGACACGAAGCA-300.1.2,hmc_and_homolog,385.0,330-390
GATCTAGAGATCCCAT-400.2.2,,230.0,210-270
GCTCCTACATGCCTAA-400.2.3,,320.0,270-330
GCAGCCAGTGCCTGGT-b01,Rectal_cell,385.0,330-390
CCTACACTCATCACCC-500.2.1,hmc,450.0,450-510
TGACTAGAGGACATTA-b01,,120.0,100-130
TGCGCAGAGCGTGAGT-r17,,230.0,210-270
CAAGAAAGTCCGTGAC-400.2.2,,180.0,170-210
CGGACGTAGTGGAGAA-b01,,280.0,270-330
GTAACTGTCCCATTTA-300.1.2,,275.0,270-330
CGATTGATCCAAGCCG-b02,Coelomocyte,420.0,390-450
CTACGTCCATGGTAGG-500.2.1,,700.0,> 650
GCACATAAGGCTAGAC-300.1.3,Hypodermis,340.0,330-390
GCAAACTTCATACGGT-500.1.2,,450.0,450-510
GTGAAGGGTCAGAAGC-500.2.2,Body_wall_muscle,430.0,390-450
TTCTCAAGTTACAGAA-400.2.3,Hypodermis,415.0,390-450
GAGCAGATCAATCACG-b01,Ciliated_non_amphid_neuron,260.0,210-270
ATAAGAGAGGATATAC-r17,,170.0,170-210
AGATCTGTCGTAGGAG-b02,Pharyngeal_marginal_cell,350.0,330-390
TACTTGTCAGCCTTTC-r17,Body_wall_muscle,375.0,330-390
GAAATGAGTTGTTTGG-500.2.1,Body_wall_muscle,640.0,580-650
TGAGAGGAGACTTTCG-300.1.1,Body_wall_muscle,320.0,270-330
GAATAAGAGAAGGCCT-r17,,160.0,130-170
TGAGGGAGTACATCCA-300.1.1,,260.0,210-270
ACAGCTACAGCCAGAA-b01,,170.0,170-210
GACTACAGTGACTCAT-b01,,190.0,170-210
GTACGTATCCCATTTA-400.2.2,,320.0,270-330
ACCCACTTCTCTAAGG-b02,,150.0,130-170
ACTGTCCAGCGCCTTG-500.2.2,Hypodermis,640.0,580-650
CAACTAGGTTACCAGT-500.2.1,,340.0,330-390
AGAGCTTTCTGCAGTA-400.2.1,,180.0,170-210
ATTATCCCACCACCAG-300.1.1,Ciliated_amphid_neuron,200.0,170-210
GGCAATTTCAGTGCAT-r17,,300.0,270-330
GGCCGATTCGTTTAGG-r17,,160.0,130-170
CGTCTACAGGTAAACT-400.2.1,Ciliated_non_amphid_neuron,230.0,210-270
CCTTCCCCAGTATCTG-r17,,245.0,210-270
CCTTTCTAGAAGGTTT-r17,Body_wall_muscle,410.0,390-450
GGAAAGCTCTCTTATG-500.1.3,Body_wall_muscle,490.0,450-510
AGTAGTCCAACGCACC-500.1.1,Body_wall_muscle,640.0,580-650
TCCCGATGTACTTGAC-r17,Body_wall_muscle,420.0,390-450
GGGACCTAGTAGCGGT-400.2.1,,300.0,270-330
GGCGACTAGAACAACT-400.2.1,Ciliated_amphid_neuron,380.0,330-390
AGAGCTTGTGTATGGG-400.2.1,Glia,375.0,330-390
ACCGTAAGTCCGACGT-400.2.1,Body_wall_muscle,260.0,210-270
TTGAACGGTGACAAAT-400.2.3,,270.0,270-330
GGCTCGATCATCATTC-b01,Ciliated_amphid_neuron,530.0,510-580
ATCCACCGTAGCGATG-b02,,230.0,210-270
GTCGTAAGTGACGCCT-300.1.3,GLR,300.0,270-330
GTTAAGCGTTCGCTAA-b01,Body_wall_muscle,640.0,580-650
CTAAGACGTAAGTGGC-b01,Rectal_gland,395.0,390-450
CGGTTAAAGCGCTCCA-500.1.2,Body_wall_muscle,390.0,390-450
CTTGGCTGTCGGATCC-400.2.2,,265.0,210-270
TAAGAGAGTCTTCAAG-500.2.2,Ciliated_amphid_neuron,550.0,510-580
GAGTCCGTCAGAGGTG-500.2.2,,550.0,510-580
TACTCGCAGATAGTCA-b01,,210.0,210-270
ACGGCCAAGATAGCAT-400.2.3,Ciliated_amphid_neuron,435.0,390-450
GGCAATTGTACGCACC-400.2.2,Body_wall_muscle,345.0,330-390
GACGTTACAGGGTATG-500.2.2,,490.0,450-510
GCCTCTAGTAGTGAAT-500.1.2,,420.0,390-450
GTCGGGTCAAAGGCGT-400.2.2,Pharyngeal_muscle,420.0,390-450
TACTCATGTTAAGTAG-300.1.2,,230.0,210-270
TAAGAGATCTGCTGTC-500.2.2,Body_wall_muscle,490.0,450-510
CGCTGGAAGGATATAC-500.2.1,Seam_cell,550.0,510-580
ACCCACTTCCTGCAGG-500.1.1,Coelomocyte,410.0,390-450
CAAGAAAGTATGCTTG-400.2.1,,270.0,270-330
CCTACACAGTAAGTAC-500.1.1,,375.0,330-390
GGGAGATAGCCTCGTG-300.1.3,,290.0,270-330
CGAGCCACAACACCTA-400.2.2,,320.0,270-330
TGAAAGACAAACGCGA-400.2.3,Excretory_cell,450.0,450-510
ATCATGGGTAAGTAGT-400.2.3,Pharyngeal_neuron,310.0,270-330
CTCGGAGTCTTGCATT-r17,,290.0,270-330
CCTTCCCAGCCAGTTT-b01,,195.0,170-210
CGCTATCGTCTCCCTA-300.1.1,Pharyngeal_neuron,300.0,270-330
CATATTCTCCCATTAT-500.2.2,Pharyngeal_gland,640.0,580-650
ACGATGTGTACCGTAT-500.2.1,Body_wall_muscle,550.0,510-580
TCCCGATGTGACAAAT-300.1.3,Germline,0.0,< 100
CGTCCATAGATCGATA-400.2.1,Body_wall_muscle,350.0,330-390
GGGATGAGTGCACGAA-500.2.1,,760.0,> 650
CCTAAAGTCGAGGTAG-400.2.1,Body_wall_muscle,415.0,390-450
AAAGATGTCCGTTGTC-500.1.1,M_cell,450.0,450-510
GGTGTTACAGTCGATT-500.1.1,Body_wall_muscle,530.0,510-580
CTCACACAGCGAAGGG-300.1.2,,245.0,210-270
ACAGCCGGTCCGAACC-500.1.1,,470.0,450-510
GCGCAACTCCGCAGTG-b01,Ciliated_non_amphid_neuron,550.0,510-580
TCCCGATAGAGTCGGT-300.1.3,Hypodermis,420.0,390-450
GTGTGCGGTGACTCAT-500.2.1,Pharyngeal_gland,500.0,450-510
TATGCCCAGAAACCGC-400.2.1,Pharyngeal_intestinal_valve,265.0,210-270
TTCGGTCCATTTCAGG-500.1.2,Ciliated_non_amphid_neuron,490.0,450-510
CACAGGCGTGGCGAAT-300.1.3,Germline,830.0,> 650
ATTTCTGCAAAGGCGT-r17,Hypodermis,300.0,270-330
GTCAAGTCAGATGGGT-r17,Hypodermis,300.0,270-330
AACTGGTCAAGGACTG-500.1.1,Ciliated_amphid_neuron,410.0,390-450
GTTTCTAGTGCTTCTC-r17,Intestine,400.0,390-450
GTGGGTCTCCTCAACC-500.1.1,Hypodermis,380.0,330-390
ACACCCTAGAAGGTGA-300.1.1,Body_wall_muscle,405.0,390-450
CTAAGACAGACTTGAA-400.2.2,,170.0,170-210
CCTACCAAGTGGTAGC-b01,Germline,5.0,< 100
CGCGTTTTCGTGGTCG-400.2.2,Ciliated_amphid_neuron,220.0,210-270
GGGACCTGTAAACCTC-r17,,290.0,270-330
TGCCCTAAGCTAGTGG-400.2.2,Ciliated_amphid_neuron,395.0,390-450
GGGATGACACAAGTAA-400.2.2,Hypodermis,380.0,330-390
GTCATTTCAATCTGCA-400.2.2,,245.0,210-270
AGTCTTTCATCACAAC-300.1.2,ABarpaaa_lineage,195.0,170-210
CTCGAGGAGGAGTTGC-300.1.1,Ciliated_amphid_neuron,230.0,210-270
GAAATGAAGCGTTTAC-300.1.2,Hypodermis,350.0,330-390
CATTCGCAGTACGACG-400.2.3,,340.0,330-390
AAATGCCGTGGTCCGT-300.1.3,Hypodermis,320.0,270-330
CTACGTCTCCTTCAAT-300.1.2,Hypodermis,410.0,390-450
CCGGTAGAGTGCCATT-500.2.2,Intestine,490.0,450-510
AGTAGTCTCACGCATA-500.2.2,Body_wall_muscle,470.0,450-510
GGGAGATCAAAGTGCG-b01,Body_wall_muscle,130.0,130-170
CACAAACTCTTGGGTA-300.1.3,Pharyngeal_intestinal_valve,390.0,390-450
TCGGTAACAACACCTA-500.2.2,Hypodermis,415.0,390-450
CTTAGGATCAGAAATG-400.2.3,Ciliated_amphid_neuron,380.0,330-390
CTCGAGGCATCGATGT-400.2.1,Hypodermis,405.0,390-450
ATAAGAGCACATGACT-300.1.1,,295.0,270-330
CTTACCGAGTTACGGG-300.1.3,Pharyngeal_neuron,300.0,270-330
AGGTCATAGTGCGATG-r17,,300.0,270-330
TTGCGTCAGGGAAACA-b02,Body_wall_muscle,640.0,580-650
GCTCCTATCATTATCC-500.2.1,,635.0,580-650
AGGGAGTAGTCAATAG-500.2.2,Ciliated_amphid_neuron,350.0,330-390
CAGCAGCGTTGGTAAA-b01,,405.0,390-450
ACTGAACCAGGCAGTA-400.2.3,Body_wall_muscle,345.0,330-390
CTGATCCAGGCTACGA-400.2.2,,270.0,270-330
CAGTAACTCATCGCTC-500.1.3,,470.0,450-510
TTGAACGGTTACCGAT-500.2.1,Seam_cell,400.0,390-450
GAACGGATCTCGTTTA-500.2.1,Hypodermis,410.0,390-450
CCATTCGGTGTGACCC-400.2.1,Hypodermis,350.0,330-390
CAAGTTGGTCCGTCAG-500.2.1,Hypodermis,630.0,580-650
ACATCAGTCTTCAACT-r17,,245.0,210-270
ACACCCTGTCACAAGG-300.1.1,Body_wall_muscle,260.0,210-270
CACATTTAGCTGTCTA-400.2.3,Pharyngeal_muscle,300.0,270-330
GATCGTAGTCCGTTAA-400.2.3,Body_wall_muscle,415.0,390-450
ATAGACCGTCACAAGG-b01,Excretory_duct_and_pore,395.0,390-450
GGATGTTCAATCCGAT-400.2.1,,265.0,210-270
GTTACAGTCGGAGCAA-300.1.3,,180.0,170-210
GGTGTTAAGAGGGATA-400.2.3,Ciliated_non_amphid_neuron,380.0,330-390
TGAGAGGGTGATAAAC-400.2.1,Body_wall_muscle,450.0,450-510
CCTATTATCTACTTAC-300.1.1,Ciliated_amphid_neuron,260.0,210-270
AATCGGTGTGTCAATC-500.1.3,Hypodermis,620.0,580-650
TGCGGGTCATAGAAAC-500.1.1,Intestinal_and_rectal_muscle,355.0,330-390
TCTGAGATCGGCATCG-r17,,230.0,210-270
AGGGTGATCTAACTTC-400.2.3,Body_wall_muscle,490.0,450-510
GTACTCCGTCCCTTGT-r17,,270.0,270-330
CCTACACCAAGGTTCT-300.1.2,Body_wall_muscle,410.0,390-450
ATTATCCCAGTAGAGC-r17,,200.0,170-210
TGCTACCAGGGTCGAT-400.2.2,Pharyngeal_gland,500.0,450-510
GTCACAACACATTAGC-400.2.1,Body_wall_muscle,430.0,390-450
AATCGGTAGGGAGTAA-b01,Hypodermis,640.0,580-650
TTGAACGCATAAGACA-300.1.3,Ciliated_amphid_neuron,270.0,270-330
TTTACTGCAGTTCCCT-500.1.1,Ciliated_non_amphid_neuron,395.0,390-450
TGGACGCCAGGACCCT-500.2.2,Arcade_cell,630.0,580-650
CTGTGCTAGGCGTACA-r17,Ciliated_non_amphid_neuron,265.0,210-270
GTTACAGTCCAAACTG-r17,Hypodermis,350.0,330-390
GTCATTTTCGGTTAAC-500.2.2,Seam_cell,450.0,450-510
CAAGAAACACCGATAT-500.2.2,,415.0,390-450
AGAATAGGTCATCGGC-500.2.2,Body_wall_muscle,490.0,450-510
CGCGGTAAGTGTGGCA-r17,GLR,390.0,390-450
GGTGCGTTCGTTTGCC-400.2.2,,330.0,330-390
TGGTTAGGTTCGCTAA-r17,,400.0,390-450
CGTGTAAAGTAGGTGC-300.1.3,,260.0,210-270
CCATGTCTCGGAAATA-500.1.1,,340.0,330-390
GCGCGATAGATGAGAG-500.1.1,,550.0,510-580
ACTTTCATCACAGGCC-300.1.2,Ciliated_non_amphid_neuron,260.0,210-270
GACTACACAGACTCGC-400.2.3,,270.0,270-330
TTGAACGGTTGAGGTG-400.2.1,,300.0,270-330
CTAACTTGTTAGTGGG-400.2.3,Ciliated_non_amphid_neuron,380.0,330-390
GTCGTAATCACTATTC-500.1.1,Glia,490.0,450-510
CTAGAGTTCGAATCCA-300.1.2,Body_wall_muscle,160.0,130-170
ATAACGCTCTTTAGTC-400.2.2,,310.0,270-330
CGTTGGGTCCAACCAA-500.2.2,Hypodermis,410.0,390-450
GCTGCTTCAGATCTGT-400.2.2,Ciliated_non_amphid_neuron,270.0,270-330
GCAAACTCACCGAAAG-b02,,275.0,270-330
AGAGTGGGTGATAAAC-300.1.3,,390.0,390-450
CTCCTAGTCTAACTTC-r17,,360.0,330-390
TGGCCAGGTCAAAGAT-500.1.1,,340.0,330-390
AGTCTTTAGCCCAATT-b01,Body_wall_muscle,450.0,450-510
CGTCCATGTAAGAGGA-400.2.3,,290.0,270-330
AGTGAGGAGGTGTGGT-400.2.1,Ciliated_amphid_neuron,385.0,330-390
GAACATCAGCTGAACG-500.1.1,Ciliated_non_amphid_neuron,450.0,450-510
GAAATGACATCCGCGA-300.1.3,Pharyngeal_neuron,300.0,270-330
GAAATGAGTCTACCTC-r17,Coelomocyte,420.0,390-450
TAGAGCTGTGACGCCT-400.2.3,Body_wall_muscle,410.0,390-450
TATTACCGTTAGATGA-400.2.3,ABarpaaa_lineage,260.0,210-270
ACGCAGCAGATGGCGT-400.2.1,,265.0,210-270
CATCAAGGTCTCTCGT-r17,,225.0,210-270
TATGCCCGTGCGATAG-500.2.1,,700.0,> 650
GCTTCCAGTTCCGGCA-300.1.1,Pharyngeal_muscle,410.0,390-450
GTCTCGTTCGCCTGAG-b01,Body_wall_muscle,165.0,130-170
CTCTAATGTCTTCTCG-400.2.1,,350.0,330-390
TTCTCCTGTCATCCCT-400.2.2,Body_wall_muscle,420.0,390-450
AAACGGGAGGACAGCT-400.2.2,Body_wall_muscle,420.0,390-450
TTGGAACAGGCATGGT-400.2.3,Pharyngeal_marginal_cell,335.0,330-390
GCGGGTTTCTGCCAGG-500.1.1,Glia,425.0,390-450
TTTCCTCCAAGCTGTT-400.2.3,,330.0,330-390
TTTACTGTCAGGTAAA-400.2.3,,260.0,210-270
CGCTTCACACAACGTT-b01,,550.0,510-580
CCCATACCAAGGTTTC-500.1.1,,385.0,330-390
CTGCCTATCAACACCA-b02,,340.0,330-390
CTAATGGCACGAAATA-r17,Pharyngeal_muscle,300.0,270-330
GCATACAAGAGTGAGA-400.2.1,Body_wall_muscle,390.0,390-450
TATTACCAGGCATGTG-b01,Body_wall_muscle,275.0,270-330
ACATCAGCAGTGGGAT-b01,Ciliated_non_amphid_neuron,265.0,210-270
ATCCACCCACGTTGGC-r17,Pharyngeal_neuron,270.0,270-330
TTGACTTGTGATGATA-300.1.1,Hypodermis,300.0,270-330
TACCTATCACACATGT-400.2.3,Pharyngeal_neuron,320.0,270-330
CCACTACCAAGGCTCC-400.2.3,Coelomocyte,420.0,390-450
CGATGGCGTAGGCTGA-300.1.2,Ciliated_non_amphid_neuron,270.0,270-330
CTCGAGGAGATGCCTT-400.2.3,Body_wall_muscle,375.0,330-390
AGGCCACTCATCACCC-300.1.1,,210.0,210-270
GACCTGGAGAGACGAA-r17,,160.0,130-170
GAAATGAAGGGTTTCT-b01,Rectal_gland,640.0,580-650
TGACTTTCATTCTTAC-300.1.3,Pharyngeal_muscle,350.0,330-390
CACATTTGTTTGGGCC-500.2.2,Ciliated_non_amphid_neuron,380.0,330-390
GTAGTCAGTCCAGTAT-500.1.1,Hypodermis,390.0,390-450
CACAGGCTCTGAGTGT-300.1.2,Pharyngeal_muscle,290.0,270-330
GTACTTTGTAAAGTCA-400.2.1,Hypodermis,320.0,270-330
CCATTCGTCGAATCCA-300.1.2,Hypodermis,415.0,390-450
CAGCAGCCACATAACC-b01,Excretory_cell,640.0,580-650
ACTATCTGTTCCAACA-b01,Seam_cell,325.0,270-330
CAGGTGCTCTGCCCTA-300.1.2,,320.0,270-330
GACTGCGAGTCTTGCA-400.2.3,Coelomocyte,345.0,330-390
CATCGGGTCATAACCG-400.2.1,Hypodermis,395.0,390-450
CGTCAGGAGATCCCAT-500.1.1,Body_wall_muscle,550.0,510-580
ACACCCTGTCCGAGTC-400.2.2,,295.0,270-330
TAGCCGGTCCGAACGC-500.1.2,,635.0,580-650
ACATGGTAGGGTGTTG-300.1.2,Ciliated_amphid_neuron,185.0,170-210
TACGGATGTTCTGGTA-400.2.1,,280.0,270-330
CTGAAACGTCAGAATA-300.1.1,Hypodermis,320.0,270-330
CCAGCGACACACGCTG-r17,,270.0,270-330
CCTAAAGAGTCTTGCA-500.1.1,Body_wall_muscle,410.0,390-450
CAGCTAACAGTCACTA-400.2.2,Body_wall_muscle,330.0,330-390
CTGCGGACAGACAGGT-400.2.2,Pharyngeal_marginal_cell,340.0,330-390
TCAGCTCGTCCAGTGC-r17,,295.0,270-330
TGGTTAGCAAGCCGCT-500.1.2,Body_wall_muscle,390.0,390-450
GAAGCAGGTCCGAACC-500.1.2,Body_wall_muscle,420.0,390-450
AACTCAGCACCACCAG-500.1.2,Glia,450.0,450-510
GACGTTAGTCTGATCA-500.1.1,,390.0,390-450
CAAGATCCATACGCTA-b01,,530.0,510-580
AGACGTTAGGTGACCA-500.2.2,Ciliated_non_amphid_neuron,425.0,390-450
TACACGACAGCTGCAC-500.2.1,Glia,440.0,390-450
AGCTCTCGTCTCACCT-400.2.2,Hypodermis,345.0,330-390
ACCAGTAGTAAACCTC-b01,,130.0,130-170
GCCTCTAAGAAACGCC-500.2.1,Ciliated_non_amphid_neuron,490.0,450-510
AATCCAGGTCCCTACT-500.2.1,Intestine,700.0,> 650
TGCGCAGAGAGCCCAA-300.1.3,Hypodermis,385.0,330-390
GGGATGAAGTCAAGCG-500.1.1,Glia,370.0,330-390
AATCCAGAGCGAGAAA-400.2.3,,470.0,450-510
CATATGGGTCTGATTG-500.2.1,Excretory_gland,490.0,450-510
TTGAACGCAGCATACT-400.2.2,,450.0,450-510
CAGGTGCTCAAACCGT-400.2.3,Body_wall_muscle,350.0,330-390
ACGATGTTCAAACAAG-300.1.1,Hypodermis,325.0,270-330
AACCATGCATAGTAAG-b01,,270.0,270-330
TCTCATAAGTCGTACT-b01,,180.0,170-210
TGATTTCTCTGTTTGT-400.2.1,Body_wall_muscle,260.0,210-270
TCAGGATAGATAGGAG-400.2.3,GLR,345.0,330-390
CTCGTCAAGGCCATAG-400.2.2,Body_wall_muscle,420.0,390-450
ACTTACTGTAAGCACG-400.2.2,Ciliated_amphid_neuron,340.0,330-390
TGTGGTAAGGATGTAT-b01,,190.0,170-210
TGGCTGGAGACCCACC-400.2.2,,195.0,170-210
GCTGCTTGTCCTCTTG-400.2.3,Pharyngeal_neuron,310.0,270-330
GGGTCTGGTAGCTTGT-500.2.1,Hypodermis,550.0,510-580
AACCATGCACGGCGTT-300.1.2,Body_wall_muscle,290.0,270-330
GTAGTCAGTTGTGGCC-b02,Hypodermis,350.0,330-390
GCGAGAAAGTGGTAAT-400.2.2,Ciliated_non_amphid_neuron,340.0,330-390
TAGCCGGGTCCATCCT-b01,Glia,380.0,330-390
TTGCGTCTCAACCAAC-500.1.1,Hypodermis,360.0,330-390
GTACGTACAGATGGGT-b01,Germline,0.0,< 100
GATCTAGAGTTTCCTT-500.2.2,Intestine,700.0,> 650
GGAACTTAGTACCGGA-400.2.3,Hypodermis,350.0,330-390
GGAATAAGTAGCAAAT-r17,,275.0,270-330
TGTTCCGGTCACCCAG-300.1.1,Pharyngeal_muscle,260.0,210-270
ACGAGGATCCTTGACC-b02,,260.0,210-270
GTGAAGGAGTGCGTGA-300.1.2,Hypodermis,300.0,270-330
GGCTGGTAGAGCAATT-400.2.2,Pharyngeal_muscle,340.0,330-390
GACCAATCACGAAGCA-400.2.2,Hypodermis,300.0,270-330
CTCATTATCTGAAAGA-300.1.2,,300.0,270-330
TGTATTCTCTTCCTTC-400.2.3,Pharyngeal_marginal_cell,320.0,270-330
TACTCGCGTCTGATCA-400.2.3,Excretory_cell,340.0,330-390
TTCTTAGTCACGCGGT-300.1.1,Ciliated_amphid_neuron,270.0,270-330
GTAGGCCAGTGGGCTA-500.1.1,,405.0,390-450
ACACTGACAGGGTTAG-500.1.1,Body_wall_muscle,550.0,510-580
CGTGTAAAGGATATAC-400.2.1,,290.0,270-330
CACACAATCCTAGGGC-b01,,200.0,170-210
CACTCCACACTCGACG-500.2.1,Seam_cell,490.0,450-510
GACGTGCCAGATCTGT-b01,Ciliated_non_amphid_neuron,295.0,270-330
GGAACTTTCGACCAGC-400.2.1,Ciliated_amphid_neuron,325.0,270-330
ACAGCCGCAAGCGATG-300.1.2,,320.0,270-330
CCTAAAGAGTGGTAGC-300.1.1,Pharyngeal_muscle,260.0,210-270
TCACGAACACGCTTTC-500.1.1,Body_wall_muscle,410.0,390-450
GTCGTAAAGTCAAGCG-400.2.1,Body_wall_muscle,270.0,270-330
CGACTTCTCGTATCAG-r17,,205.0,170-210
TCTCATACATTGAGCT-500.2.2,Seam_cell,430.0,390-450
CAGTAACGTTCGGCAC-500.2.1,,470.0,450-510
AGCGTCGAGGACAGAA-400.2.2,Rectal_cell,330.0,330-390
CTGATAGGTAAGGGCT-400.2.3,,210.0,210-270
TCTTCGGTCTGGTGTA-400.2.2,,295.0,270-330
GCGCAGTCAGTAGAGC-300.1.1,Hypodermis,410.0,390-450
TGACAACTCTGCGACG-r17,Ciliated_amphid_neuron,385.0,330-390
CGAGCACCATGGTTGT-300.1.3,Ciliated_non_amphid_neuron,260.0,210-270
TGGGCGTTCCAGATCA-400.2.3,Ciliated_non_amphid_neuron,370.0,330-390
ACTTGTTCATGCCTAA-400.2.2,Body_wall_muscle,390.0,390-450
GGCAATTGTGGGTCAA-400.2.2,Intestine,330.0,330-390
ATGCGATAGTGCCATT-400.2.3,Body_wall_muscle,490.0,450-510
CCTACCACATATACCG-b01,,230.0,210-270
AAGGAGCCATTGGCGC-500.2.2,Hypodermis,430.0,390-450
TCAGCTCGTTGACGTT-300.1.2,Body_wall_muscle,300.0,270-330
TAAACCGTCGAGAGCA-300.1.2,GLR,300.0,270-330
GGAACTTCATCTCGCT-500.1.2,Body_wall_muscle,390.0,390-450
AACTCCCGTATGGTTC-400.2.2,,355.0,330-390
TACACGAAGAATTGTG-500.1.2,Hypodermis,410.0,390-450
ATCATGGGTGCACCAC-300.1.3,,220.0,210-270
ATAAGAGTCGACGGAA-400.2.2,Body_wall_muscle,300.0,270-330
GCTGCTTCAACACCTA-400.2.2,,285.0,270-330
GGAAAGCAGGTGCACA-500.1.1,Hypodermis,400.0,390-450
ACATACGGTCAGAGGT-300.1.3,,310.0,270-330
TTCGAAGGTACTCGCG-300.1.2,,200.0,170-210
AACCGCGGTGGTGTAG-r17,Ciliated_amphid_neuron,170.0,170-210
ACGGGCTAGCGGATCA-b01,,245.0,210-270
TCAACGAAGCCAGTTT-300.1.1,GLR,295.0,270-330
GAACCTAAGTCATCCA-300.1.1,,260.0,210-270
CGTGTCTAGTCCGTAT-r17,Body_wall_muscle,355.0,330-390
CAGCTAAGTCTCCACT-400.2.2,Intestinal_and_rectal_muscle,640.0,580-650
CTGTTTAGTTTGTGTG-r17,,270.0,270-330
GCTTGAATCTGCTTGC-400.2.2,Body_wall_muscle,300.0,270-330
CGTAGCGGTATAGTAG-400.2.3,,260.0,210-270
TCTTCGGTCTGATTCT-r17,Body_wall_muscle,360.0,330-390
GGTGTTACATCACGAT-b01,,205.0,170-210
GCACATAAGTGTGGCA-400.2.2,,205.0,170-210
GTGTTAGAGAGCAATT-b01,,245.0,210-270
TAAACCGGTCATCCCT-400.2.1,,380.0,330-390
CGGGTCAGTGATGCCC-300.1.3,Glia,380.0,330-390
CACAGGCGTCAGAAGC-400.2.2,,170.0,170-210
CGGACTGAGACTAGGC-300.1.2,Z1_Z4,320.0,270-330
CTCAGAAGTAGGAGTC-400.2.2,Ciliated_amphid_neuron,230.0,210-270
TTTCCTCAGACGACGT-500.1.1,,405.0,390-450
TGCTGCTCATCACCCT-b01,Pharyngeal_muscle,420.0,390-450
GCTGGGTCAAGAGTCG-r17,,170.0,170-210
GTCAAGTAGACAAAGG-r17,Hypodermis,550.0,510-580
CATCGGGCATAGAAAC-500.1.2,Pharyngeal_muscle,470.0,450-510
CTTCTCTCATATGCTG-300.1.2,Intestine,330.0,330-390
GTTAAGCTCAAACCAC-400.2.2,Ciliated_non_amphid_neuron,335.0,330-390
TGATTTCGTTTGCATG-r17,Parent_of_hyp1V_and_ant_arc_V,300.0,270-330
GTATTCTAGGCGTACA-r17,,190.0,170-210
CACCAGGAGCTGCCCA-500.1.1,,405.0,390-450
TAAGAGAGTCTTCAAG-r17,Seam_cell,300.0,270-330
CGAACATAGAGGACGG-500.1.2,Ciliated_non_amphid_neuron,425.0,390-450
GTGTGCGGTCTAACGT-400.2.1,,350.0,330-390
TCAACGAGTTCGGGCT-400.2.1,Ciliated_non_amphid_neuron,260.0,210-270
GGGACCTTCACCTCGT-500.1.1,Body_wall_muscle,450.0,450-510
GCTGCTTAGTGCGTGA-b01,GLR,450.0,450-510
TGATTTCAGAGGTTAT-b01,,120.0,100-130
TGGGCGTCAAAGTCAA-b01,Hypodermis,340.0,330-390
CGACCTTTCTGCGACG-400.2.3,Hypodermis,310.0,270-330
CTCGAGGAGTTAAGTG-400.2.3,ABarpaaa_lineage,230.0,210-270
CACACTCGTACCATCA-300.1.1,Ciliated_amphid_neuron,170.0,170-210
CACCACTTCGCAAACT-300.1.2,Hypodermis,375.0,330-390
CTCGTACGTGGGTATG-r17,Hypodermis,270.0,270-330
ATAGACCCAAGGACTG-400.2.2,,260.0,210-270
ACGGAGAAGCTATGCT-500.1.1,Body_wall_muscle,510.0,510-580
ATTTCTGAGTCCGGTC-300.1.3,Hypodermis,390.0,390-450
ACGGGCTTCGAGAGCA-500.2.1,Hypodermis,400.0,390-450
GACTAACAGCTAGTTC-500.2.1,,510.0,510-580
TGACAACTCTAGAGTC-r17,,170.0,170-210
GATCAGTTCCTCGCAT-500.1.1,,335.0,330-390
ACTGATGCAGTGAGTG-400.2.2,Body_wall_muscle,340.0,330-390
TACGGATAGCTCCCAG-400.2.1,,270.0,270-330
ACAGCTACAATAGCAA-500.2.2,Body_wall_muscle,550.0,510-580
GTTAAGCTCGATGAGG-400.2.1,Hypodermis,295.0,270-330
GACTACACAGACAAAT-500.1.1,Ciliated_amphid_neuron,640.0,580-650
TACCTTAGTGAACCTT-400.2.3,,300.0,270-330
TGGCGCAGTTGAGTTC-500.2.1,Intestine,760.0,> 650
TCTTCGGGTAACGACG-500.1.1,Ciliated_non_amphid_neuron,450.0,450-510
GCATACATCTTGTATC-500.2.1,Glia,490.0,450-510
CTCGAAAAGTGCGTGA-400.2.3,Body_wall_muscle,360.0,330-390
GGCGACTGTCTTCAAG-b01,,270.0,270-330
AGGTCCGCATCAGTAC-400.2.2,Body_wall_muscle,490.0,450-510
CGTAGCGTCAAGAAGT-500.2.1,Arcade_cell,630.0,580-650
ACGATGTGTGTTTGGT-r17,Ciliated_non_amphid_neuron,260.0,210-270
TTTGGTTTCAACACAC-500.1.1,Body_wall_muscle,280.0,270-330
AACACGTAGTGCGATG-300.1.1,,320.0,270-330
CTAACTTCACCAGTTA-500.1.1,,350.0,330-390
AGTAGTCAGGTCGGAT-400.2.3,Body_wall_muscle,330.0,330-390
TGACGGCTCGCGTTTC-500.2.1,Arcade_cell,640.0,580-650
GTCACGGTCTGCGTAA-500.2.2,Body_wall_muscle,420.0,390-450
TCAGGATTCTCGGACG-400.2.3,,280.0,270-330
TGCCCTACACCACCAG-r17,Ciliated_amphid_neuron,200.0,170-210
GAACCTATCCTATTCA-500.1.1,,620.0,580-650
ACGGAGACACGGTAAG-300.1.3,Body_wall_muscle,410.0,390-450
TCAGATGGTAGAAAGG-400.2.1,,260.0,210-270
TGCCCTAGTAGGCATG-300.1.1,Body_wall_muscle,350.0,330-390
GTCGTAAGTGCAGGTA-400.2.1,,205.0,170-210
TGGGCGTGTAATCACC-500.1.2,Body_wall_muscle,620.0,580-650
CATTATCCAGTCGATT-b01,,160.0,130-170
ACCTTTAAGGGCTTCC-b01,,310.0,270-330
TTCGAAGGTTACGTCA-400.2.2,,200.0,170-210
GAACCTAAGGAATTAC-r17,Glia,370.0,330-390
ACGTCAAAGAGCAATT-b01,Hypodermis,290.0,270-330
GAAATGACACCTGGTG-400.2.3,,300.0,270-330
CATCGAATCTGTCCGT-b01,Glia,550.0,510-580
GTTTCTAAGTGGGCTA-500.1.2,,450.0,450-510
AGTCTTTTCTAGCACA-300.1.2,Pharyngeal_muscle,260.0,210-270
GGCTCGACAGGTGCCT-300.1.2,Body_wall_muscle,290.0,270-330
GATCTAGTCCATGCTC-b01,,170.0,170-210
TAGTGGTGTAGCAAAT-300.1.2,,290.0,270-330
CCACTACAGAGTACAT-400.2.1,hyp1V_and_ant_arc_V,450.0,450-510
GCATGATCAGGATTGG-500.1.1,,390.0,390-450
TTTATGCAGAGGGATA-r17,,130.0,130-170
CGCGTTTTCGTAGGAG-500.2.2,Pharyngeal_muscle,550.0,510-580
TAGTTGGAGACTACAA-400.2.2,Pharyngeal_muscle,345.0,330-390
TGGCTGGAGGACTGGT-300.1.3,,295.0,270-330
AGATCTGAGAAGGCCT-400.2.3,Glia,430.0,390-450
GAATGAATCACTTCAT-400.2.3,Ciliated_amphid_neuron,310.0,270-330
TACTTACTCCGTAGGC-400.2.2,Z1_Z4,350.0,330-390
TCGTAGATCTCGATGA-500.2.1,Seam_cell,375.0,330-390
CAAGATCAGAAACCGC-500.1.2,Z1_Z4,370.0,330-390
GCTCCTATCGCCTGAG-500.2.2,Seam_cell,630.0,580-650
CGATGGCAGGTGATTA-400.2.1,Ciliated_amphid_neuron,350.0,330-390
GCATGTAAGTGGGCTA-r17,Ciliated_amphid_neuron,235.0,210-270
CCCAATCGTAGCGTAG-b01,,190.0,170-210
TTTGCGCCAAAGTGCG-500.1.2,Body_wall_muscle,420.0,390-450
GCATGATTCAGTACGT-300.1.1,Body_wall_muscle,360.0,330-390
ACATGGTAGTTTGCGT-b01,,300.0,270-330
GGCTCGAAGTACCGGA-400.2.2,,345.0,330-390
CGATTGAAGCGTAGTG-500.1.1,Ciliated_amphid_neuron,470.0,450-510
GCTTCCAGTAAACGCG-500.1.1,Excretory_gland,550.0,510-580
ACGGAGACACATCTTT-400.2.1,Glia,430.0,390-450
ATCGAGTTCACCGGGT-300.1.2,Pharyngeal_muscle,265.0,210-270
CGAGAAGCAATAGCGG-300.1.3,ABarpaaa_lineage,260.0,210-270
GCTTGAACAGCCTTTC-b01,,170.0,170-210
CCCAGTTAGAGAACAG-500.1.2,,295.0,270-330
CAACCAATCTATGTGG-500.2.1,Rectal_cell,585.0,580-650
CCTCAGTAGCAACGGT-400.2.2,Glia,490.0,450-510
TTCGAAGGTAGCCTAT-500.2.1,Pharyngeal_muscle,340.0,330-390
AACCATGCAGCTTAAC-400.2.1,Z1_Z4,345.0,330-390
TTGACTTGTAGGGTAC-r17,,220.0,210-270
CGATTGATCCGAACGC-400.2.2,Ciliated_non_amphid_neuron,325.0,270-330
TGCCCTAAGCTGTCTA-b02,Glia,550.0,510-580
GCTGCTTTCGATGAGG-400.2.3,,270.0,270-330
CCCATACGTAAGGGAA-500.1.1,,375.0,330-390
CATGGCGTCGATAGAA-500.2.1,Hypodermis,420.0,390-450
CGAACATCAGACAAAT-b01,Ciliated_amphid_neuron,200.0,170-210
TCAATCTCAGAAGCAC-300.1.2,,290.0,270-330
CTTTGCGTCCCTCTTT-300.1.3,Hypodermis,350.0,330-390
TTGTAGGTCCTTGGTC-r17,Ciliated_amphid_neuron,370.0,330-390
GACGCGTGTAAAGGAG-300.1.1,,270.0,270-330
TCTTCGGTCGTTACAG-b02,Ciliated_non_amphid_neuron,260.0,210-270
CTCGAAACATGTAGTC-r17,Ciliated_non_amphid_neuron,450.0,450-510
TCACAAGGTGATAAGT-300.1.2,Pharyngeal_neuron,290.0,270-330
GCTGGGTAGCCTTGAT-400.2.2,,350.0,330-390
CACACTCAGCCAACAG-r17,Pharyngeal_neuron,300.0,270-330
CTTCTCTGTAAGGGAA-500.1.1,,585.0,580-650
AGGCCACCATTGGCGC-b01,Ciliated_amphid_neuron,640.0,580-650
GTGCAGCTCACCAGGC-400.2.2,Body_wall_muscle,410.0,390-450
TCTGAGATCGTACCGG-b01,Seam_cell,345.0,330-390
ACTTACTGTAGAGTGC-500.2.2,Ciliated_non_amphid_neuron,700.0,> 650
ATAAGAGCAGCCACCA-b02,Pharyngeal_gland,550.0,510-580
CTTTGCGCAGGTGCCT-400.2.3,,350.0,330-390
CGGAGCTTCGAATGGG-500.2.1,Ciliated_amphid_neuron,450.0,450-510
CGAACATAGCGGATCA-300.1.2,Seam_cell,360.0,330-390
GTCACGGCAGACGTAG-r17,,160.0,130-170
CGAGCCAGTGCAGACA-400.2.1,Hypodermis,350.0,330-390
CGTCCATTCAGAAATG-300.1.1,Body_wall_muscle,300.0,270-330
TTAGTTCGTACAGTGG-500.1.2,Body_wall_muscle,550.0,510-580
CGTTGGGAGGCAGTCA-b01,,535.0,510-580
GCACTCTCAATCCGAT-400.2.2,Body_wall_muscle,355.0,330-390
CCACCTACACCTATCC-500.2.2,Intestinal_and_rectal_muscle,490.0,450-510
CTCGGAGAGATCACGG-300.1.1,Body_wall_muscle,285.0,270-330
CTGAAACGTCCCTTGT-400.2.2,Coelomocyte,400.0,390-450
ATCGAGTCAGATGGCA-b02,hyp1V_and_ant_arc_V,450.0,450-510
AGACGTTCAAGCGCTC-b01,,290.0,270-330
TACCTATAGTGTGAAT-300.1.1,Ciliated_amphid_neuron,385.0,330-390
GTACTTTTCTAAGCCA-500.1.1,Body_wall_muscle,450.0,450-510
TTCTTAGCAGACGCAA-r17,,190.0,170-210
CTTGGCTTCATTGCCC-400.2.1,Pharyngeal_muscle,340.0,330-390
GCAGTTAGTCGCATAT-400.2.2,Body_wall_muscle,350.0,330-390
CCTCAGTTCTTTAGGG-r17,Hypodermis,420.0,390-450
TACTCATCAAGCTGGA-r17,Ciliated_non_amphid_neuron,260.0,210-270
GCCTCTATCGTGACAT-r17,,210.0,210-270
GTATCTTAGCGGCTTC-400.2.1,,245.0,210-270
CTCGGAGAGGCTATCT-400.2.3,Body_wall_muscle,290.0,270-330
CATCAGAGTACCTACA-400.2.3,Body_wall_muscle,355.0,330-390
CATGACAGTCAAGCGA-b02,Ciliated_amphid_neuron,635.0,580-650
GGAAAGCTCCGTTGTC-b02,,450.0,450-510
CATGCCTTCACTTCAT-300.1.1,,290.0,270-330
CCTCAGTTCCTCGCAT-500.2.1,Body_wall_muscle,700.0,> 650
TAGCCGGCAGCTGTGC-500.1.3,,405.0,390-450
CCTCTGATCACTTCAT-b01,Hypodermis,300.0,270-330
TGGTTCCTCGTGGTCG-b01,Body_wall_muscle,450.0,450-510
ACCGTAAGTAATCGTC-400.2.2,Ciliated_amphid_neuron,300.0,270-330
CACTCCAAGCGCCTTG-500.1.2,Ciliated_non_amphid_neuron,380.0,330-390
CCCAATCAGTCTCAAC-500.2.1,Body_wall_muscle,700.0,> 650
TGGCGCAGTCGATTGT-b01,,300.0,270-330
CTTAGGACAGTCAGCC-b01,Hypodermis,365.0,330-390
TCCACACCACTAGTAC-r17,,260.0,210-270
CAGTAACCAACGCACC-400.2.2,GLR,360.0,330-390
GTCACAAAGCGTAGTG-500.1.1,,290.0,270-330
TTTGTCACAGTGAGTG-400.2.2,Hypodermis,300.0,270-330
TTATGCTAGAAGGTGA-500.1.1,Body_wall_muscle,450.0,450-510
TGGGAAGCACACTGCG-500.2.1,,470.0,450-510
GGCTCGATCGATGAGG-400.2.1,Z1_Z4,380.0,330-390
ACCCACTGTTCCTCCA-500.1.2,,355.0,330-390
TCACAAGTCAACACGT-r17,,170.0,170-210
AGTCTTTAGATGTGGC-400.2.1,Pharyngeal_marginal_cell,350.0,330-390
AGTGAGGCACTGAAGG-400.2.3,Ciliated_amphid_neuron,350.0,330-390
AGTGGGAAGCGATGAC-500.2.1,Glia,620.0,580-650
AGCTTGACAGGATCGA-400.2.3,Hypodermis,300.0,270-330
ATCCACCCAAAGAATC-400.2.2,Body_wall_muscle,440.0,390-450
CCCAATCCAAGGACTG-b01,,280.0,270-330
GCGCAGTTCGGAGGTA-b01,Ciliated_non_amphid_neuron,640.0,580-650
TGACTTTGTTAAGAAC-b02,Arcade_cell,625.0,580-650
ACGAGGATCACGATGT-300.1.2,,390.0,390-450
CCTAAAGTCATGTAGC-400.2.2,Body_wall_muscle,370.0,330-390
GAGCAGATCCACTGGG-400.2.1,,270.0,270-330
TCAATCTAGGTGCTAG-300.1.1,hmc_and_homolog,360.0,330-390
CACATAGTCTGTTGAG-500.1.1,Body_wall_muscle,360.0,330-390
CGGAGCTCACCAGCAC-400.2.3,,245.0,210-270
CGGTTAAGTTAAGATG-500.1.1,Body_wall_muscle,550.0,510-580
ACAGCTATCTCGGACG-500.1.1,,420.0,390-450
ACATCAGTCTCCGGTT-400.2.3,,285.0,270-330
GAATAAGTCTTTCCTC-400.2.1,,490.0,450-510
ATTATCCCACTACAGT-400.2.2,Ciliated_amphid_neuron,300.0,270-330
CACTCCACAGTCGTGC-300.1.3,,230.0,210-270
TCTGGAACATGAACCT-400.2.2,Pharyngeal_intestinal_valve,290.0,270-330
CATCAAGTCGGTTAAC-300.1.2,,325.0,270-330
ACACCAAGTCACTTCC-400.2.1,Pharyngeal_muscle,350.0,330-390
CGATCGGCATCACCCT-400.2.1,Excretory_duct_and_pore,410.0,390-450
AACTCAGGTTAGAACA-b01,,120.0,100-130
CGCTATCCAGGATTGG-500.1.1,Hypodermis,450.0,450-510
CTGCGGAAGCGATAGC-500.2.1,Hypodermis,620.0,580-650
ACGATACTCAAGGTAA-400.2.3,Body_wall_muscle,410.0,390-450
GGAAAGCTCCACGACG-400.2.3,,270.0,270-330
CGGAGCTGTGCGGTAA-500.1.1,Seam_cell,620.0,580-650
TGACTAGGTGGCGAAT-500.2.1,Seam_cell,550.0,510-580
TCCACACCATCGGGTC-400.2.2,,285.0,270-330
CATATTCCATTGAGCT-300.1.2,,400.0,390-450
CAGTCCTCACACGCTG-300.1.1,Body_wall_muscle,355.0,330-390
GCATGTAGTCTAAAGA-500.1.3,Body_wall_muscle,640.0,580-650
CGTTCTGAGCAGGTCA-500.2.1,Body_wall_muscle,490.0,450-510
CACAAACCAGCTCCGA-r17,,170.0,170-210
CAGATCAGTTCGCGAC-500.2.2,Intestine,700.0,> 650
TCGGTAACAGACTCGC-300.1.2,Intestine,325.0,270-330
AGTGTCAGTTATGCGT-400.2.1,Pharyngeal_intestinal_valve,290.0,270-330
TGGACGCTCTAACTCT-r17,Seam_cell,355.0,330-390
CTGCTGTTCGTCTGCT-500.2.1,Ciliated_amphid_neuron,700.0,> 650
ACGGGCTAGCTGCGAA-400.2.1,Hypodermis,330.0,330-390
TGTTCCGTCATCTGTT-300.1.2,Ciliated_amphid_neuron,260.0,210-270
CATCAGACAGACTCGC-500.1.1,,360.0,330-390
AGCTCCTAGCACACAG-r17,,550.0,510-580
TAGGCATTCATGTCTT-300.1.2,Body_wall_muscle,360.0,330-390
GCACTCTAGTGTTGAA-400.2.2,Body_wall_muscle,345.0,330-390
TGGCGCACAGTCCTTC-400.2.1,Pharyngeal_muscle,410.0,390-450
TTTGTCAAGCGTGAGT-500.1.1,,395.0,390-450
TCTCTAAGTGCTGTAT-400.2.2,Intestinal_and_rectal_muscle,420.0,390-450
TAGAGCTTCATCGGAT-b01,,150.0,130-170
GTCTCGTTCCAGATCA-300.1.3,Hypodermis,360.0,330-390
AGCGTCGGTTATCACG-300.1.2,GLR,270.0,270-330
AGGGTGAGTCAAACTC-400.2.2,Ciliated_amphid_neuron,360.0,330-390
ACTGAACAGAGCCTAG-500.1.2,,215.0,210-270
CCAGCGAAGCTGCGAA-400.2.1,Seam_cell,290.0,270-330
GCAGCCAGTGCAGACA-r17,M_cell,830.0,> 650
TGGCCAGCACTTAACG-500.1.1,,355.0,330-390
CCGGGATTCTCTTATG-400.2.1,,185.0,170-210
GATTCAGCATTAGCCA-400.2.3,,260.0,210-270
ACATGGTTCACGATGT-400.2.3,,260.0,210-270
TTCGAAGGTACGAAAT-400.2.2,Body_wall_muscle,490.0,450-510
CTACATTGTCGAAAGC-300.1.2,Body_wall_muscle,210.0,210-270
AGCCTAATCTTTAGTC-500.1.1,Hypodermis,380.0,330-390
GCATGTAGTGTATGGG-400.2.1,Hypodermis,330.0,330-390
CAGAGAGCACACATGT-b01,Ciliated_non_amphid_neuron,275.0,270-330
CGTGAGCTCTTATCTG-b01,,230.0,210-270
AGTGTCATCTTACCTA-400.2.2,Body_wall_muscle,380.0,330-390
GCTGCGAAGGATGTAT-300.1.1,,215.0,210-270
GAACCTATCATGGTCA-400.2.1,,350.0,330-390
CGCCAAGTCAACGCTA-r17,,100.0,100-130
GGAATAACAATAACGA-300.1.2,,230.0,210-270
CAACCTCCACCGTTGG-b01,Pharyngeal_marginal_cell,350.0,330-390
GGCTCGAAGGCTCAGA-r17,Ciliated_non_amphid_neuron,260.0,210-270
CCTACCAGTCATTAGC-400.2.3,,345.0,330-390
GAATAAGCAGCTGTTA-b01,,175.0,170-210
CGAGAAGGTACCAGTT-300.1.1,Hypodermis,380.0,330-390
GGGTTGCCAGCTCGAC-300.1.2,Body_wall_muscle,270.0,270-330
TAAGAGAGTGTTCGAT-b02,Body_wall_muscle,420.0,390-450
CCCATACTCCTATGTT-500.2.1,Seam_cell,410.0,390-450
TCAGCAACACGGTAAG-400.2.3,Ciliated_amphid_neuron,325.0,270-330
TTCCCAGAGCAATCTC-400.2.3,,520.0,510-580
GTGCAGCCACTTCTGC-b02,Ciliated_non_amphid_neuron,260.0,210-270
GTGCATAAGACCTTTG-400.2.2,,350.0,330-390
TCAGCTCAGATCGATA-500.1.1,Body_wall_muscle,490.0,450-510
GTGCAGCTCGTACCGG-b01,,150.0,130-170
ACGCAGCTCCCTAACC-400.2.3,Pharyngeal_gland,335.0,330-390
CGTCTACTCGAATCCA-b01,,180.0,170-210
AGGGTGATCAAACAAG-b01,Pharyngeal_muscle,470.0,450-510
CCCATACCAAGCTGTT-b01,,245.0,210-270
TGAGCCGAGATGGGTC-300.1.2,,295.0,270-330
CGCGGTAGTGTTGAGG-b01,,230.0,210-270
CGTGTAACATAAGACA-300.1.2,,230.0,210-270
AGATCTGTCTCTTATG-r17,Pharyngeal_muscle,335.0,330-390
CGTCTACTCTTCGGTC-b01,Ciliated_non_amphid_neuron,490.0,450-510
CAGCGACAGTACGTTC-400.2.1,Body_wall_muscle,350.0,330-390
AGTTGGTCATCTCCCA-300.1.1,,230.0,210-270
CGATTGACAAGGTGTG-b01,,170.0,170-210
GGACAGATCTTGCAAG-400.2.2,Germline,30.0,< 100
CCTCTGAGTCCCTACT-500.1.3,Body_wall_muscle,420.0,390-450
ACTGTCCGTCACAAGG-500.1.1,Hypodermis,550.0,510-580
ACGATACAGGCATGTG-500.1.1,Body_wall_muscle,450.0,450-510
GTGTGCGAGTCATGCT-r17,M_cell,400.0,390-450
CAGCTAAAGTACCGGA-r17,,155.0,130-170
TTGGCAACAGCAGTTT-400.2.1,,260.0,210-270
CGGACTGAGAGTGAGA-500.1.2,Body_wall_muscle,640.0,580-650
GATGCTACATAAAGGT-400.2.2,Hypodermis,405.0,390-450
GCAAACTTCAACACTG-500.1.1,Body_wall_muscle,450.0,450-510
TCATTACGTCTGCCAG-400.2.2,,210.0,210-270
CGGACGTCATGAGCGA-500.2.2,Hypodermis,550.0,510-580
CTACCCATCTTCTGGC-400.2.1,Ciliated_amphid_neuron,360.0,330-390
CAGCTGGCACAGATTC-b02,,180.0,170-210
TTCCCAGAGAAGCCCA-300.1.2,,170.0,170-210
CTCACACCAATGTAAG-500.2.2,Hypodermis,550.0,510-580
CTAACTTGTGACCAAG-500.2.1,Seam_cell,550.0,510-580
AGCTCTCTCCAGTAGT-400.2.1,,265.0,210-270
GGGCATCAGATCCCGC-b01,,360.0,330-390
ACCCACTCAGGTGCCT-400.2.2,Body_wall_muscle,365.0,330-390
CTGATCCAGGGTCTCC-b02,Glia,550.0,510-580
GATCGTAAGGATGGTC-500.2.1,,470.0,450-510
TTCTACATCTTTACAC-500.2.1,Hypodermis,550.0,510-580
GCACATAAGGAGTACC-300.1.2,,170.0,170-210
TGCCCATAGCGATCCC-500.2.1,Seam_cell,490.0,450-510
ATAGACCAGTGAATTG-r17,,550.0,510-580
GGGAGATAGTGAAGAG-300.1.3,Ciliated_amphid_neuron,215.0,210-270
TGCGGGTTCTGTCTCG-300.1.2,Body_wall_muscle,340.0,330-390
AGTCTTTGTACTCTCC-300.1.3,Body_wall_muscle,405.0,390-450
ATCCACCCAGCTGCAC-500.1.1,,390.0,390-450
CTCGAAACATACCATG-500.1.1,Body_wall_muscle,450.0,450-510
TACTTGTCATGACATC-b01,Arcade_cell,490.0,450-510
GATCAGTTCTGATACG-300.1.3,,260.0,210-270
TAAGTGCGTCGGCACT-400.2.2,Ciliated_amphid_neuron,320.0,270-330
GCAGCCAGTACCGTAT-400.2.3,Ciliated_amphid_neuron,220.0,210-270
GGGCACTTCGGATGGA-400.2.3,Hypodermis,300.0,270-330
TTTATGCAGTGAAGAG-500.1.1,Ciliated_non_amphid_neuron,440.0,390-450
GACACGCTCAGTTAGC-400.2.1,Hypodermis,300.0,270-330
CGTGTCTGTAGCTGCC-500.1.1,,500.0,450-510
CATGACACAATAACGA-300.1.1,Pharyngeal_muscle,350.0,330-390
ACCGTAATCGTTTGCC-b02,,160.0,130-170
ACATCAGCAGAAGCAC-500.1.2,Ciliated_amphid_neuron,550.0,510-580
CAGCAGCTCGACAGCC-500.2.1,,350.0,330-390
GATCGATTCCTACAGA-b01,,170.0,170-210
CTAAGACCACCAACCG-400.2.3,Hypodermis,320.0,270-330
GCGCCAAGTATCAGTC-500.2.2,Coelomocyte,455.0,450-510
CGCGTTTAGAATTGTG-500.2.2,Body_wall_muscle,670.0,> 650
ATTCTACCAGTCCTTC-400.2.1,,290.0,270-330
CATCGAATCTTGAGGT-400.2.2,Body_wall_muscle,390.0,390-450
AAATGCCAGGAATTAC-400.2.2,,270.0,270-330
TCTTCGGAGGATCGCA-400.2.2,,280.0,270-330
ACCGTAACAAGAGGCT-b01,,290.0,270-330
ACTGAGTCATCCTAGA-400.2.3,,270.0,270-330
TAGACCATCGAGGTAG-500.1.2,Pharyngeal_muscle,380.0,330-390
CCTTACGTCGTCACGG-400.2.1,,210.0,210-270
GGGTCTGGTTTGACTG-400.2.3,,230.0,210-270
ACGCCAGGTCCGTCAG-400.2.3,Body_wall_muscle,365.0,330-390
AGGTCATCACATCCGG-r17,,185.0,170-210
AGGGAGTAGTATGACA-400.2.3,Hypodermis,280.0,270-330
TTTACTGAGCGCCTTG-400.2.1,,275.0,270-330
AAACGGGCATCTACGA-400.2.1,Body_wall_muscle,550.0,510-580
CAACTAGCATTCCTGC-300.1.3,,145.0,130-170
GTACGTACATTCTCAT-300.1.3,,275.0,270-330
TACTTGTGTGATAAGT-b01,Ciliated_amphid_neuron,640.0,580-650
CGTTAGATCATGCATG-400.2.3,Body_wall_muscle,425.0,390-450
GTAACGTGTCTTGCGG-300.1.2,Body_wall_muscle,410.0,390-450
AAGGTTCCACGAAGCA-400.2.2,,260.0,210-270
GGGAATGCACTTACGA-500.2.2,Body_wall_muscle,490.0,450-510
CACACCTCACACCGAC-500.1.1,Pharyngeal_marginal_cell,390.0,390-450
GTCTCGTGTTACGGAG-300.1.1,Parent_of_exc_gland_AVK,260.0,210-270
CGTCAGGTCCAATGGT-b01,,160.0,130-170
TAGTGGTAGATGCCAG-r17,Ciliated_amphid_neuron,265.0,210-270
CGTGTCTAGGAGCGAG-500.2.1,Body_wall_muscle,450.0,450-510
GACAGAGTCGCTTGTC-500.1.3,Seam_cell,400.0,390-450
ATAGACCGTAAACGCG-400.2.2,Ciliated_non_amphid_neuron,365.0,330-390
CTCATTAGTACCTACA-500.1.1,Ciliated_amphid_neuron,620.0,580-650
CCAATCCTCGTGACAT-400.2.3,Z1_Z4,360.0,330-390
TTCGAAGAGAATGTTG-500.1.1,Body_wall_muscle,415.0,390-450
GTTCGGGGTGTGGTTT-b01,Body_wall_muscle,700.0,> 650
TCTTTCCCAGTCCTTC-b01,Pharyngeal_intestinal_valve,410.0,390-450
CACAGTACAAGCCTAT-500.2.1,,450.0,450-510
CCTTCGATCGGTGTTA-400.2.1,,300.0,270-330
CGTGTAAGTCAATGTC-r17,,295.0,270-330
CCGTACTGTTACCAGT-300.1.3,Body_wall_muscle,345.0,330-390
TCAGGTACAGGACGTA-b01,,160.0,130-170
AACCATGCACAAGACG-b01,,170.0,170-210
CGTGAGCAGCTAGTCT-400.2.1,Body_wall_muscle,450.0,450-510
TTCTCAATCGCAAGCC-500.2.2,Seam_cell,450.0,450-510
GGACAGAAGTTATCGC-400.2.1,Body_wall_muscle,350.0,330-390
GATCTAGCAGTCTTCC-400.2.3,Body_wall_muscle,300.0,270-330
CAGTAACAGCTCCCAG-300.1.2,,300.0,270-330
TCGCGTTTCCATGAAC-400.2.2,,265.0,210-270
AATCGGTCAGCGAACA-500.2.2,,295.0,270-330
CGCTTCATCAGCTCGG-400.2.3,,260.0,210-270
GTGTGCGAGACAATAC-500.2.1,Hypodermis,510.0,510-580
CTGCGGATCCTATGTT-300.1.1,Hypodermis,360.0,330-390
CTGTTTAGTTTAAGCC-300.1.1,,320.0,270-330
GACCTGGTCATCGATG-400.2.1,Pharyngeal_neuron,320.0,270-330
GATGAGGGTGAGGGTT-500.2.1,Body_wall_muscle,490.0,450-510
ACGCAGCTCTTTACGT-500.1.1,,405.0,390-450
CATGACATCCCTCAGT-500.1.1,Seam_cell,390.0,390-450
TCTATTGTCCGAGCCA-500.2.1,Body_wall_muscle,700.0,> 650
TATCTCAGTACCATCA-b01,,190.0,170-210
CTCGGGATCTGGCGAC-300.1.2,Ciliated_non_amphid_neuron,260.0,210-270
TGTATTCTCCATGCTC-300.1.2,,320.0,270-330
CCTAAAGGTTCAGTAC-300.1.1,Ciliated_non_amphid_neuron,230.0,210-270
CCTACACAGTACGCGA-b01,,195.0,170-210
CCCAATCGTACTTCTT-b01,Body_wall_muscle,355.0,330-390
GAACCTACATGACGGA-300.1.3,Pharyngeal_neuron,270.0,270-330
CGACCTTGTACACCGC-b01,Intestine,195.0,170-210
CACAGGCCATAGTAAG-400.2.2,Ciliated_amphid_neuron,450.0,450-510
GGACGTCGTACGACCC-b01,,670.0,> 650
GTACGTAAGTGGCACA-300.1.1,,265.0,210-270
CATCAAGGTCGTCTTC-300.1.3,,260.0,210-270
CCGTACTCAGTCCTTC-400.2.3,Ciliated_non_amphid_neuron,345.0,330-390
GATGAGGTCGGATGGA-500.2.1,Ciliated_non_amphid_neuron,620.0,580-650
GTACGTAGTGCAACGA-b01,,380.0,330-390
CGAGCCAAGATCGATA-400.2.3,Pharyngeal_intestinal_valve,360.0,330-390
CGTCAGGGTCCGAATT-b02,,230.0,210-270
GGCTCGATCCTAAGTG-500.2.1,Body_wall_muscle,640.0,580-650
AAGGTTCGTCGGCTCA-500.1.1,,360.0,330-390
TTAGTTCCAGCCTATA-r17,,170.0,170-210
GTCTCGTCAAGCTGAG-r17,Ciliated_amphid_neuron,405.0,390-450
GTAGGCCAGATGTTAG-b01,GLR,320.0,270-330
ATTGGTGTCTTGCCGT-r17,,300.0,270-330
CGCGGTAAGCTCTCGG-b01,,280.0,270-330
ATTGGTGTCATGGTCA-300.1.1,,210.0,210-270
ACCAGTATCGTAGGTT-400.2.3,,320.0,270-330
AACGTTGGTATCGCAT-300.1.1,Hypodermis,320.0,270-330
CATGGCGCAAAGAATC-300.1.2,Ciliated_amphid_neuron,210.0,210-270
CGTGTCTGTTCATGGT-r17,,380.0,330-390
GATCGATTCACTGGGC-400.2.1,Body_wall_muscle,320.0,270-330
AGGTCCGTCTCAAACG-b01,Body_wall_muscle,390.0,390-450
TACACGACACGAAGCA-b01,,205.0,170-210
AGGGATGGTCAGTGGA-b02,Body_wall_muscle,450.0,450-510
ATGCGATAGACTTTCG-400.2.2,Body_wall_muscle,300.0,270-330
CTGAAACCAGTCTTCC-400.2.3,Hypodermis,385.0,330-390
TCGAGGCAGGCCATAG-r17,,245.0,210-270
GGTGAAGGTTGTCTTT-400.2.1,,280.0,270-330
CAGAATCCAAACTGTC-500.1.1,Body_wall_muscle,410.0,390-450
GCGCCAATCTGCGACG-r17,,260.0,210-270
ATCCACCTCACTTACT-300.1.2,Pharyngeal_neuron,280.0,270-330
CTTAACTTCAGAGACG-400.2.2,,245.0,210-270
TTGTAGGAGCTGTTCA-b01,Body_wall_muscle,350.0,330-390
TACGGGCGTTGAGGTG-500.1.1,,375.0,330-390
GACGTGCAGTCATCCA-400.2.1,Pharyngeal_gland,325.0,270-330
AACCGCGGTGTTCGAT-300.1.3,,265.0,210-270
TGGACGCAGAAGAAGC-300.1.3,,260.0,210-270
GGAACTTGTCTGCGGT-500.2.1,Seam_cell,450.0,450-510
ACGCCGACACTAGTAC-b01,Ciliated_non_amphid_neuron,500.0,450-510
GCCAAATCATGTTCCC-r17,,330.0,330-390
GCTTGAATCAACGGGA-b01,,100.0,100-130
TCTTTCCGTCCGAATT-400.2.1,Intestinal_and_rectal_muscle,450.0,450-510
TCAGGTAGTGAGTATA-400.2.2,Seam_cell,300.0,270-330
AACACGTTCTTACCTA-r17,,260.0,210-270
TGGACGCCATTGCGGC-500.2.1,Ciliated_amphid_neuron,440.0,390-450
CTACACCCAACAACCT-400.2.1,Hypodermis,320.0,270-330
AAGGAGCTCCGTACAA-400.2.2,,230.0,210-270
TGCGTGGGTGTTTGGT-300.1.1,Pharyngeal_marginal_cell,295.0,270-330
ATCCACCCATCTATGG-400.2.3,Body_wall_muscle,360.0,330-390
GTAACTGGTCCAGTGC-b01,Ciliated_amphid_neuron,165.0,130-170
GACTAACGTACCAGTT-b01,Hypodermis,640.0,580-650
GAATGAAGTTTGTGTG-r17,,375.0,330-390
GAGTCCGCACCGAATT-500.2.2,Hypodermis,390.0,390-450
TTCGGTCGTCACCCAG-400.2.3,,300.0,270-330
TGCACCTAGAGTACCG-400.2.2,Coelomocyte,350.0,330-390
CTCGAAAAGCCACTAT-300.1.3,Body_wall_muscle,295.0,270-330
CCGTACTAGACGCAAC-b02,Pharyngeal_intestinal_valve,420.0,390-450
CATCAAGTCATGTAGC-500.2.1,Ciliated_amphid_neuron,700.0,> 650
ACTTGTTGTGAAGGCT-300.1.2,,260.0,210-270
GTCTCGTTCTCGCTTG-500.2.2,Hypodermis,385.0,330-390
TTTACTGAGGTGATAT-400.2.1,,220.0,210-270
CTTGGCTGTGTAATGA-300.1.3,,270.0,270-330
TAAGAGAAGTGTCCAT-400.2.3,Body_wall_muscle,390.0,390-450
GAACCTACAGACAGGT-b01,Glia,410.0,390-450
GGCTCGATCGAACGGA-b01,Ciliated_amphid_neuron,425.0,390-450
CAACCAAAGAGCTGCA-500.2.1,GLR,300.0,270-330
GATGAGGCATCGGACC-b01,Body_wall_muscle,415.0,390-450
ATGAGGGGTGGTACAG-400.2.1,Pharyngeal_gland,385.0,330-390
CACAAACAGTATCTCG-400.2.1,Pharyngeal_gland,320.0,270-330
ATCATCTTCGGCGCAT-500.1.2,Body_wall_muscle,420.0,390-450
TAGCCGGTCTCTAGGA-400.2.3,,200.0,170-210
ACGGGCTCACAGACTT-b01,Germline,0.0,< 100
CTGTGCTGTCAATGTC-300.1.3,Pharyngeal_marginal_cell,360.0,330-390
CCTACACAGTCCGGTC-400.2.2,,310.0,270-330
CCTAGCTGTTCGAATC-500.1.2,,340.0,330-390
CATCAGAGTGCCTTGG-r17,,265.0,210-270
CTCGGGAAGGCAAAGA-r17,,275.0,270-330
AACTCTTGTGAGGGTT-b01,,160.0,130-170
TTTGTCAAGGTGCTAG-300.1.3,,345.0,330-390
CCTACCATCCCGACTT-400.2.3,,300.0,270-330
TCTATTGCATGCTGGC-500.2.1,Arcade_cell,490.0,450-510
CCTTTCTGTTGGGACA-400.2.1,Intestinal_and_rectal_muscle,400.0,390-450
CTCGTCAGTCAAAGCG-500.2.2,Hypodermis,400.0,390-450
TCGGGACAGCAGCCTC-b02,Body_wall_muscle,530.0,510-580
CTCGAAATCTCCAGGG-b01,,220.0,210-270
CTCGGGACATGCAATC-500.1.1,Ciliated_amphid_neuron,630.0,580-650
GTGGGTCAGGCCATAG-500.2.1,Pharyngeal_intestinal_valve,630.0,580-650
GTCTTCGTCTATCCTA-300.1.3,,260.0,210-270
TCTGAGAAGGGCACTA-300.1.2,Body_wall_muscle,220.0,210-270
AACACGTTCGTGGGAA-300.1.3,Pharyngeal_marginal_cell,340.0,330-390
ACAGCTAAGCCCTAAT-b01,Ciliated_non_amphid_neuron,340.0,330-390
GACTACACATTCCTCG-400.2.3,Body_wall_muscle,490.0,450-510
ACGGGTCTCTCGAGTA-500.2.2,Body_wall_muscle,490.0,450-510
GGACATTGTCTACCTC-r17,Body_wall_muscle,200.0,170-210
AGAGCTTGTAAGAGGA-400.2.3,Body_wall_muscle,360.0,330-390
CATGACATCAGGCCCA-500.2.2,Hypodermis,430.0,390-450
GACGCGTGTTACTGAC-400.2.2,,290.0,270-330
CATGGCGCAAGCCTAT-500.2.1,Rectal_gland,640.0,580-650
TGTTCCGCACGACTCG-500.2.2,,430.0,390-450
AACCATGCAGTCTTCC-r17,Ciliated_amphid_neuron,355.0,330-390
GACAGAGCAATTCCTT-r17,,170.0,170-210
CTTGGCTAGCAACGGT-r17,Germline,0.0,< 100
ACGGGCTTCAGGCAAG-400.2.1,T,350.0,330-390
TTGCCGTGTTCCGTCT-500.1.1,,470.0,450-510
AGCCTAATCTACTTAC-500.1.1,hmc_homolog,400.0,390-450
TACGGATTCGGAGCAA-500.2.2,Intestine,350.0,330-390
GTATTCTTCACTCTTA-b01,,170.0,170-210
TGTATTCTCTCTGTCG-r17,Pharyngeal_neuron,280.0,270-330
ATGTGTGCATGACATC-500.1.2,Body_wall_muscle,620.0,580-650
TACAGTGGTACCGTAT-b01,Body_wall_muscle,350.0,330-390
GAAACTCTCAATACCG-300.1.2,Hypodermis,330.0,330-390
TCGAGGCGTCGAACAG-400.2.2,Body_wall_muscle,450.0,450-510
GACGCGTCAGCTGGCT-300.1.2,,180.0,170-210
CATGCCTGTCAAAGAT-b01,Body_wall_muscle,295.0,270-330
CGTGAGCCATCGGTTA-400.2.1,Body_wall_muscle,420.0,390-450
CCTCTGAGTACAGCAG-r17,Ciliated_amphid_neuron,420.0,390-450
CACAGGCGTCTGCCAG-b01,Pharyngeal_muscle,340.0,330-390
CCAGCGACACGGATAG-400.2.1,Pharyngeal_neuron,310.0,270-330
TCTATTGCAGGACCCT-300.1.1,Seam_cell,350.0,330-390
CCACGGAAGGACAGCT-500.1.1,Ciliated_amphid_neuron,490.0,450-510
GTTCTCGAGAAGAAGC-b01,,190.0,170-210
GAGGTGAAGCAGACTG-b01,Hypodermis,280.0,270-330
CGTCACTGTGGCCCTA-500.1.1,,310.0,270-330
TTCTCCTAGGATGGTC-300.1.3,,270.0,270-330
TTCTACAAGATCCTGT-500.1.1,,360.0,330-390
GTGTGCGAGCAGCCTC-r17,,280.0,270-330
ATTACTCAGCGTGTCC-500.2.1,Body_wall_muscle,490.0,450-510
CAGCATAGTCTCAACA-r17,Body_wall_muscle,340.0,330-390
CCCAGTTCATTTGCCC-500.1.1,Body_wall_muscle,390.0,390-450
CCCATACTCATCATTC-b01,Body_wall_muscle,390.0,390-450
CGCGTTTCATTTGCCC-300.1.1,Body_wall_muscle,420.0,390-450
TACTCATCAGTTAACC-400.2.3,Seam_cell,360.0,330-390
ATCCGAATCTTATCTG-500.1.1,Glia,450.0,450-510
GCTTCCAAGTAATCCC-400.2.2,Ciliated_non_amphid_neuron,350.0,330-390
TTCTTAGGTCTCTCTG-r17,Body_wall_muscle,450.0,450-510
ACGGGCTCATTCACTT-300.1.1,Hypodermis,350.0,330-390
CGATGTACACCATGTA-500.2.2,,550.0,510-580
CGGACACCACACCGAC-r17,Coelomocyte,420.0,390-450
ACCTTTAGTCCTGCTT-r17,,180.0,170-210
CGAACATCATGGGACA-400.2.2,Body_wall_muscle,390.0,390-450
AACTGGTCACCCATTC-300.1.3,Body_wall_muscle,410.0,390-450
CAGAATCCAGGAACGT-b01,Body_wall_muscle,280.0,270-330
GCAAACTGTTGTACAC-400.2.3,Ciliated_non_amphid_neuron,450.0,450-510
GCATACAGTATCAGTC-400.2.3,Body_wall_muscle,350.0,330-390
ACTTGTTAGGTGCTTT-300.1.2,,260.0,210-270
AGCAGCCTCTGGTTCC-400.2.2,Body_wall_muscle,270.0,270-330
CTTTGCGGTCAGCTAT-500.2.1,Pharyngeal_muscle,620.0,580-650
CTTTGCGTCTCAAACG-b01,Body_wall_muscle,490.0,450-510
ACTGTCCCAAGAGGCT-400.2.3,Pharyngeal_muscle,280.0,270-330
CGTTGGGCAGGCGATA-300.1.2,Hypodermis,365.0,330-390
ACACCAACACGGCGTT-400.2.3,,260.0,210-270
GACACGCAGCGCCTCA-r17,,300.0,270-330
GCTCTGTAGAGGTAGA-400.2.2,,350.0,330-390
CGACCTTGTAAACACA-500.1.1,Glia,430.0,390-450
AGCATACGTAGCAAAT-500.2.2,Intestine,700.0,> 650
CCGGTAGGTTCTCATT-b02,,170.0,170-210
GGACAAGGTCGCTTCT-300.1.2,Ciliated_amphid_neuron,230.0,210-270
CGCTTCAAGTCGCCGT-300.1.2,,260.0,210-270
CCACTACTCTCGATGA-r17,Ciliated_non_amphid_neuron,260.0,210-270
TGGGAAGGTGGAAAGA-500.2.2,,550.0,510-580
CTCCTAGAGAACTCGG-300.1.3,Body_wall_muscle,385.0,330-390
TGATTTCGTATAGTAG-400.2.2,Body_wall_muscle,350.0,330-390
CATCCACTCACATACG-300.1.2,Intestine,330.0,330-390
ATGCGATTCTTGTATC-300.1.2,Ciliated_amphid_neuron,270.0,270-330
AAAGATGAGTACGTAA-500.2.1,Body_wall_muscle,450.0,450-510
TTTATGCGTGCCTGGT-b01,,330.0,330-390
GGAAAGCTCACTTACT-400.2.1,Pharyngeal_muscle,360.0,330-390
GACCTGGAGGAATCGC-b01,,260.0,210-270
CGTGAGCTCGCCAAAT-300.1.3,ABarpaaa_lineage,200.0,170-210
TTGGAACTCCACGCAG-400.2.1,,295.0,270-330
CGGACACCACAAGTAA-b01,Seam_cell,325.0,270-330
CTAATGGCACCCATTC-400.2.2,,280.0,270-330
ATTGGTGTCGGACAAG-500.1.1,Ciliated_amphid_neuron,420.0,390-450
GACTAACTCATGCATG-r17,,440.0,390-450
AACTCAGTCTGTTGAG-b01,,180.0,170-210
GGGATGATCTGCCAGG-r17,Ciliated_non_amphid_neuron,260.0,210-270
CAAGATCTCTCATTCA-500.2.1,,490.0,450-510
GGTATTGCAAGCCGTC-b01,,190.0,170-210
TTAGTTCAGAACAACT-400.2.3,,230.0,210-270
GTGTTAGGTCACCTAA-400.2.1,,300.0,270-330
CGATCGGTCCCTTGCA-300.1.2,Pharyngeal_muscle,330.0,330-390
CATCGAACAGTGAGTG-b01,,215.0,210-270
TGCCCTAAGACTTTCG-400.2.2,Pharyngeal_intestinal_valve,325.0,270-330
AACTCCCCATATACCG-400.2.3,Ciliated_amphid_neuron,225.0,210-270
CATCGAAAGGACATTA-b01,,130.0,130-170
CTGATCCAGGATGGTC-500.2.2,Body_wall_muscle,420.0,390-450
ACACTGATCGCAAACT-400.2.2,Hypodermis,410.0,390-450
GACTACACATGATCCA-400.2.2,Pharyngeal_marginal_cell,340.0,330-390
CTCGGAGAGTACTTGC-500.1.1,,550.0,510-580
TGTCCCAGTTGAGTTC-400.2.3,Hypodermis,200.0,170-210
CAGATCAAGACTGGGT-400.2.2,,300.0,270-330
GACGTTAAGAGGTTGC-400.2.3,Body_wall_muscle,410.0,390-450
TGCCCTAGTATGAATG-500.2.1,Ciliated_amphid_neuron,640.0,580-650
GGTGAAGAGCTAGTCT-r17,Ciliated_amphid_neuron,550.0,510-580
CGCTATCTCATCGGAT-400.2.3,Seam_cell,450.0,450-510
AGCGGTCTCCAAATGC-500.2.1,Body_wall_muscle,550.0,510-580
TGGGAAGTCTTATCTG-400.2.3,Ciliated_non_amphid_neuron,470.0,450-510
GTTTCTAAGCTCCCAG-400.2.3,Hypodermis,390.0,390-450
TGGCCAGCAGGCAGTA-400.2.3,,260.0,210-270
TGTGGTAAGCAGATCG-400.2.3,,450.0,450-510
TTTGGTTAGTGCCAGA-r17,Body_wall_muscle,180.0,170-210
CGTTGGGTCCGTCAAA-500.2.2,Glia,440.0,390-450
GAAATGAGTCAAGCGA-b01,,185.0,170-210
CTCGAGGGTTCAACCA-400.2.2,Seam_cell,430.0,390-450
AACTCTTAGCTAAGAT-300.1.1,,300.0,270-330
ATAGACCAGTGATCGG-500.2.2,Hypodermis,400.0,390-450
GGCTGGTTCACTTACT-400.2.1,T,320.0,270-330
ATAACGCCATGAGCGA-300.1.3,,275.0,270-330
CCCTCCTCAAACTGTC-300.1.2,,280.0,270-330
CATCGAATCCAACCAA-r17,,185.0,170-210
ACGATGTAGGAGTTTA-500.2.2,Hypodermis,400.0,390-450
GCGCCAAGTAGAGCTG-r17,Pharyngeal_intestinal_valve,260.0,210-270
CTACCCAGTCCGAAGA-r17,,270.0,270-330
CGTCACTTCTGCGGCA-300.1.3,Pharyngeal_intestinal_valve,300.0,270-330
CTAGTGATCCTGTAGA-300.1.2,Hypodermis,265.0,210-270
ATCCGAACACACGCTG-300.1.1,,200.0,170-210
GAGCAGAAGGCTCTTA-300.1.1,Ciliated_amphid_neuron,245.0,210-270
CACATAGGTGGCGAAT-300.1.3,Ciliated_amphid_neuron,230.0,210-270
CTCTACGGTCAGAATA-500.2.1,,490.0,450-510
CGTCACTGTAAATACG-500.2.1,Ciliated_non_amphid_neuron,450.0,450-510
TGTGGTACAAGTCTGT-300.1.3,Pharyngeal_muscle,360.0,330-390
ACTGATGGTCTCACCT-500.2.1,Ciliated_amphid_neuron,490.0,450-510
TTGGAACAGCTGCCCA-500.1.1,,530.0,510-580
GGAAAGCTCACAGTAC-400.2.3,,300.0,270-330
CGACTTCCATTCCTGC-500.1.1,Ciliated_non_amphid_neuron,325.0,270-330
GCTGCGAAGAGCCTAG-500.1.1,Glia,340.0,330-390
CTACGTCTCATTGCCC-400.2.2,Body_wall_muscle,390.0,390-450
GGCGACTAGTAGCCGA-b01,,360.0,330-390
GCTGCTTTCAGTTGAC-500.1.1,,385.0,330-390
CAACTAGTCAAGAAGT-400.2.1,Intestine,325.0,270-330
GTGCAGCCACGAAACG-400.2.3,Hypodermis,300.0,270-330
AGGGATGCAATCACAC-300.1.1,,300.0,270-330
GCTCCTAGTTTGGGCC-b02,,700.0,> 650
GCAGCCACAGGGTTAG-300.1.1,Intestine,380.0,330-390
TTGCCGTGTGAAAGAG-400.2.3,Body_wall_muscle,325.0,270-330
ACCGTAATCGGAAATA-300.1.3,,220.0,210-270
CCACTACTCCTGCTTG-b01,,260.0,210-270
CGAGCCATCCTATTCA-400.2.2,Hypodermis,320.0,270-330
GGATTACAGTCCAGGA-300.1.3,,260.0,210-270
TGGGCGTAGCTACCGC-400.2.3,Hypodermis,550.0,510-580
TACAGTGCAACTGGCC-500.1.1,Ciliated_amphid_neuron,390.0,390-450
ATCACGAGTTCGCTAA-400.2.3,Ciliated_amphid_neuron,300.0,270-330
CGAGAAGAGACTAGAT-r17,,220.0,210-270
GACACGCGTACGAAAT-400.2.2,,170.0,170-210
TACACGACACTTAACG-400.2.2,Body_wall_muscle,230.0,210-270
ATTGGACTCAGCCTAA-500.2.2,Body_wall_muscle,420.0,390-450
CGAGAAGTCCGAACGC-400.2.3,,295.0,270-330
TCATTACCATCGATTG-300.1.2,Intestinal_and_rectal_muscle,365.0,330-390
TCTTTCCAGGACGAAA-500.2.2,Hypodermis,450.0,450-510
ATTACTCGTCTCATCC-400.2.1,,230.0,210-270
AAACCTGTCGGCCGAT-300.1.1,Ciliated_amphid_neuron,245.0,210-270
TATCAGGAGGCTAGAC-300.1.2,,280.0,270-330
CGATGTACAGGTGGAT-500.2.1,hmc_homolog,450.0,450-510
CACTCCAAGTTCGCAT-r17,Body_wall_muscle,340.0,330-390
CGAGCCACAAAGAATC-400.2.2,Body_wall_muscle,320.0,270-330
CCTAAAGAGCGATCCC-400.2.3,Body_wall_muscle,340.0,330-390
TCAGATGAGATCCTGT-400.2.2,Hypodermis,325.0,270-330
TGATTTCCATTGCGGC-500.2.1,,700.0,> 650
GTTCGGGGTCTGCCAG-300.1.3,,260.0,210-270
CTAGTGACATCGGAAG-400.2.3,,200.0,170-210
TCGGTAAAGGTTCCTA-500.1.1,,270.0,270-330
GGAGCAAAGCTCTCGG-300.1.1,,340.0,330-390
CAAGTTGCATCCTAGA-500.1.2,,345.0,330-390
GTAGTCAAGTAGCGGT-b01,,185.0,170-210
AGAATAGGTACTCTCC-500.1.3,Hypodermis,530.0,510-580
CAAGTTGGTAGCGCTC-500.2.1,Body_wall_muscle,450.0,450-510
GCTGGGTAGTCCCACG-r17,,280.0,270-330
ACTTACTCATGAGCGA-r17,Glia,340.0,330-390
GAACCTATCACTCCTG-400.2.2,Excretory_duct_and_pore,320.0,270-330
ACACCAAAGGTGATAT-b01,,355.0,330-390
CAAGAAACATCATCCC-300.1.2,Hypodermis,370.0,330-390
GTCAAGTCATGAAGTA-300.1.1,,275.0,270-330
CTTACCGGTCTCAACA-300.1.3,,295.0,270-330
AGCAGCCAGTGTTTGC-400.2.3,Hypodermis,350.0,330-390
CCGTACTTCAGTTTGG-500.2.2,,725.0,> 650
ATCATGGAGGCGATAC-400.2.2,Pharyngeal_muscle,230.0,210-270
CAGGTGCGTACCTACA-b01,Arcade_cell,620.0,580-650
AGTGGGACACGTCTCT-b01,Arcade_cell,550.0,510-580
ATGCGATAGTAGGCCA-500.2.1,Glia,430.0,390-450
TAGAGCTTCTGCGGCA-500.2.1,Seam_cell,450.0,450-510
ATTCTACAGATAGGAG-400.2.3,Ciliated_non_amphid_neuron,470.0,450-510
TAAGTGCTCCTGCCAT-500.2.1,,625.0,580-650
GATGAGGTCAAGATCC-b01,,210.0,210-270
TGACTAGCAGATAATG-400.2.2,G2_and_W_blasts,320.0,270-330
CTCATTATCTACCAGA-400.2.3,Seam_cell,280.0,270-330
GGTGAAGAGTTGAGAT-400.2.1,,230.0,210-270
GATTCAGTCGCTTAGA-300.1.3,,230.0,210-270
AGCGGTCGTTACGTCA-b01,,450.0,450-510
GCATACACATCTATGG-400.2.2,Ciliated_amphid_neuron,225.0,210-270
TACTTACAGTAACCCT-300.1.1,Seam_cell,295.0,270-330
CCGTACTGTCTCCACT-r17,Body_wall_muscle,380.0,330-390
GTGCTTCTCTCCTATA-500.2.2,Ciliated_amphid_neuron,700.0,> 650
CGTCTACAGGGTTCCC-400.2.2,,320.0,270-330
CTGAAGTAGATGGCGT-400.2.2,,340.0,330-390
AAGGAGCCACGCTTTC-500.1.1,Ciliated_amphid_neuron,355.0,330-390
GGCAATTGTGTAATGA-b02,Ciliated_amphid_neuron,700.0,> 650
CTACGTCCAATGACCT-b01,Body_wall_muscle,490.0,450-510
ATGAGGGAGGGTTCCC-400.2.2,Body_wall_muscle,550.0,510-580
CTACGTCGTTCGAATC-400.2.3,Pharyngeal_neuron,310.0,270-330
ATTCTACTCGAACGGA-500.2.1,,450.0,450-510
TGGTTAGTCTACCTGC-r17,,290.0,270-330
AGACGTTCAATAAGCA-500.2.1,Ciliated_amphid_neuron,425.0,390-450
GGAGCAAGTATAGGTA-500.1.1,Excretory_gland,550.0,510-580
GTCACGGGTAGCCTCG-300.1.2,Seam_cell,260.0,210-270
TTGCGTCCATTAGCCA-r17,,470.0,450-510
CACCTTGTCACCGTAA-400.2.2,Pharyngeal_muscle,350.0,330-390
GGACAAGCAGTCACTA-r17,Glia,425.0,390-450
GCATACACATGTCTCC-300.1.3,,360.0,330-390
TATCAGGGTTAAGATG-500.1.1,Arcade_cell,550.0,510-580
CTCGAAAAGAACTCGG-400.2.1,,275.0,270-330
GCGCAACAGCTCAACT-500.1.1,Body_wall_muscle,450.0,450-510
TATCTCAGTCCATCCT-300.1.1,,205.0,170-210
ACACTGAAGTAAGTAC-b01,Hypodermis,300.0,270-330
CTTGGCTCAGTCAGAG-500.2.1,Body_wall_muscle,450.0,450-510
GTGCAGCCAAGTTGTC-r17,,120.0,100-130
CCACGGATCTTATCTG-300.1.3,Body_wall_muscle,410.0,390-450
CATATTCAGCTATGCT-r17,,265.0,210-270
CGATCGGAGTTATCGC-b01,Body_wall_muscle,500.0,450-510
GTGCGGTGTTGAGGTG-500.2.1,Body_wall_muscle,810.0,> 650
TGAGAGGTCACTTACT-300.1.3,,350.0,330-390
GTCTTCGAGCTAGTTC-300.1.3,Z1_Z4,360.0,330-390
CTCTACGAGGGCTTGA-400.2.2,Body_wall_muscle,350.0,330-390
AGCAGCCCAAGTCTAC-400.2.3,Hypodermis,275.0,270-330
GGGAATGAGAGGTTAT-r17,,350.0,330-390
TGCGCAGGTAACGTTC-400.2.3,Ciliated_amphid_neuron,420.0,390-450
GTAGGCCGTGAAAGAG-300.1.2,Hypodermis,300.0,270-330
CGCGGTAGTTCAGGCC-500.1.2,,415.0,390-450
AGGTCATTCCTCTAGC-b01,Body_wall_muscle,200.0,170-210
TACTCGCTCACTATTC-400.2.2,Ciliated_amphid_neuron,320.0,270-330
ACGTCAATCGTCTGCT-400.2.2,,215.0,210-270
ACGGGTCCAACGATGG-400.2.2,Body_wall_muscle,300.0,270-330
ACTGAGTAGTTTCCTT-400.2.1,,350.0,330-390
CAACCAACAAGAGGCT-500.2.1,Hypodermis,390.0,390-450
CTCATTAAGTGGTAGC-b01,,260.0,210-270
TTCTCAATCCGTTGCT-300.1.2,,260.0,210-270
AAGCCGCCAGCCTTGG-b01,,165.0,130-170
TGTCCCAAGACTGTAA-400.2.2,,270.0,270-330
ACCAGTAAGTGGAGAA-400.2.3,Ciliated_amphid_neuron,350.0,330-390
CAGTCCTTCATGTCTT-500.2.1,,585.0,580-650
CACACCTGTTCCACAA-300.1.1,Hypodermis,350.0,330-390
TCTTCGGCAAGTTGTC-300.1.1,Body_wall_muscle,330.0,330-390
CGAGCACTCTGAGTGT-400.2.1,GLR,275.0,270-330
CCGTACTTCACTCTTA-500.1.1,Body_wall_muscle,420.0,390-450
CACCACTCAGATCGGA-400.2.2,Body_wall_muscle,400.0,390-450
ACTTTCATCCCAGGTG-400.2.2,Hypodermis,360.0,330-390
TGTATTCAGCTCCCAG-400.2.2,,340.0,330-390
AGCAGCCGTTACCGAT-b02,,195.0,170-210
CATCAGACATGAACCT-400.2.3,,160.0,130-170
CACAGGCGTCGAGATG-500.2.1,Ciliated_amphid_neuron,490.0,450-510
GCTCTGTTCAACACCA-500.1.2,,300.0,270-330
TTGTAGGTCAGGCAAG-500.2.1,Hypodermis,625.0,580-650
CACAGTAAGTTAGGTA-300.1.1,Seam_cell,330.0,330-390
AGTGTCATCAACACTG-b01,,265.0,210-270
CCCAGTTGTTACGCGC-400.2.2,Body_wall_muscle,200.0,170-210
GCTGCGACAGAAGCAC-500.2.1,Hypodermis,425.0,390-450
GGAGCAATCTAGCACA-500.2.1,Ciliated_amphid_neuron,630.0,580-650
CACATAGAGGTCATCT-400.2.1,,200.0,170-210
GAATGAATCAACCATG-400.2.2,,220.0,210-270
AGCATACAGGCTATCT-400.2.2,Ciliated_non_amphid_neuron,270.0,270-330
TTGGCAACATACAGCT-300.1.2,Pharyngeal_muscle,340.0,330-390
CGTGAGCGTACACCGC-500.2.1,,620.0,580-650
GGTATTGGTTGGACCC-300.1.2,Pharyngeal_neuron,300.0,270-330
CATATTCTCCGTCAAA-400.2.2,Intestine,375.0,330-390
ACGATACAGTTCGCAT-500.1.1,Body_wall_muscle,625.0,580-650
GTGCTTCCATCACGTA-r17,Body_wall_muscle,320.0,270-330
TCAGGTATCACATACG-500.1.1,,370.0,330-390
TCTTCGGGTGATGTCT-400.2.2,,295.0,270-330
GGATGTTTCGGATGGA-300.1.2,,260.0,210-270
AGGGATGAGCAACGGT-500.1.1,Hypodermis,390.0,390-450
CCAATCCCACAACTGT-500.2.2,Hypodermis,550.0,510-580
TTCGGTCTCTTGTATC-400.2.3,Ciliated_non_amphid_neuron,410.0,390-450
CTGCCTACATGGTCAT-400.2.3,Parent_of_hyp1V_and_ant_arc_V,260.0,210-270
CGAGCCATCAGTTGAC-300.1.2,,230.0,210-270
TCGGGACCAATGAAAC-r17,Ciliated_non_amphid_neuron,380.0,330-390
CGGACGTGTGGTTTCA-500.1.3,,725.0,> 650
GTCATTTTCCACGAAT-400.2.1,Ciliated_non_amphid_neuron,410.0,390-450
GTGTTAGAGCCACGTC-500.2.2,Seam_cell,450.0,450-510
CAGCCGATCGTTTAGG-300.1.1,,230.0,210-270
TGCTACCAGTTTGCGT-b01,,550.0,510-580
TGTCCCATCCTCTAGC-500.2.2,Hypodermis,550.0,510-580
CCTAGCTTCTACTTAC-r17,Hypodermis,270.0,270-330
TGCTGCTGTCGCTTCT-b01,,200.0,170-210
CCGGTAGCACAGACTT-400.2.1,Ciliated_amphid_neuron,500.0,450-510
GTCATTTCAGTGACAG-400.2.3,,470.0,450-510
CTGCGGAAGCTAGGCA-500.2.2,Hypodermis,550.0,510-580
TCTTCGGAGTTAGGTA-500.1.2,,355.0,330-390
ATGCGATGTGATGATA-b01,Hypodermis,320.0,270-330
CCACCTAAGCTGAAAT-500.1.2,Intestinal_and_rectal_muscle,470.0,450-510
CTCATTATCAAGAAGT-400.2.2,Hypodermis,300.0,270-330
GTCTCGTCACAGACAG-b01,,180.0,170-210
AACCATGGTTGGACCC-400.2.2,,300.0,270-330
AGTCTTTCAGGATTGG-500.1.2,GLR,450.0,450-510
TGGCCAGCATTTCAGG-300.1.3,Pharyngeal_muscle,300.0,270-330
GCTTGAAGTCTTCTCG-400.2.1,Hypodermis,320.0,270-330
TAGTTGGTCAGTTAGC-b01,Pharyngeal_muscle,330.0,330-390
ACGCCGAAGAAACCAT-500.1.1,,470.0,450-510
GCGCCAACAGGGATTG-500.1.1,Pharyngeal_muscle,620.0,580-650
TACTTACAGCCCAGCT-300.1.2,Body_wall_muscle,320.0,270-330
TATGCCCAGCGTCTAT-400.2.1,,220.0,210-270
CTAGTGAAGGATATAC-300.1.1,Ciliated_non_amphid_neuron,220.0,210-270
CGTAGCGCACGCCAGT-500.2.1,Glia,425.0,390-450
TCAGGTAGTTCAACCA-400.2.3,Ciliated_amphid_neuron,325.0,270-330
GCGCAACAGCCACCTG-500.2.2,Seam_cell,635.0,580-650
TACACGATCGTAGGTT-300.1.3,Pharyngeal_muscle,220.0,210-270
TGCTGCTTCACCACCT-b01,,200.0,170-210
CCGGTAGAGACTAGAT-b01,,405.0,390-450
CGAGCACCAAACGTGG-500.2.1,Body_wall_muscle,410.0,390-450
ACAGCCGAGTACACCT-500.2.2,Excretory_cell,550.0,510-580
AAGGCAGCATCCAACA-b01,Body_wall_muscle,360.0,330-390
TACCTTACAAGGCTCC-b01,Excretory_gland,510.0,510-580
TGCCCTAGTCACCTAA-300.1.1,Intestine,625.0,580-650
GTACGTAAGGACAGAA-r17,Hypodermis,270.0,270-330
CCGGGATAGGTTCCTA-400.2.3,GLR,285.0,270-330
CAGTAACAGACCTTTG-500.1.1,Body_wall_muscle,490.0,450-510
CAGCTGGAGTGTCCAT-300.1.2,,300.0,270-330
TGACGGCAGCCGATTT-500.2.1,Body_wall_muscle,420.0,390-450
ATGAGGGGTCTTTCAT-500.2.1,Ciliated_non_amphid_neuron,620.0,580-650
GCTGCTTCAACGATGG-500.2.1,Body_wall_muscle,625.0,580-650
GATGCTAAGCGTGAAC-b01,Body_wall_muscle,755.0,> 650
GACTGCGTCAGAGCTT-400.2.2,Pharyngeal_gland,470.0,450-510
TAAACCGGTCCTGCTT-r17,Body_wall_muscle,190.0,170-210
GTGTTAGTCGTATCAG-b01,,260.0,210-270
ACTTTCAAGGGTATCG-r17,Pharyngeal_marginal_cell,345.0,330-390
TCACAAGGTACTTCTT-b01,Intestine,320.0,270-330
CGTCAGGAGCGTGTCC-500.2.1,Body_wall_muscle,500.0,450-510
ATAACGCCAAGTAGTA-300.1.1,,330.0,330-390
TATCAGGCACTTAAGC-500.2.1,Body_wall_muscle,490.0,450-510
TGAGCCGTCGGCATCG-300.1.1,,230.0,210-270
CGGCTAGAGGGCTTGA-b01,Ciliated_amphid_neuron,245.0,210-270
TGCCCTACATGGTCTA-300.1.3,Body_wall_muscle,275.0,270-330
GCTGCAGGTTTGTTTC-b01,Glia,620.0,580-650
AAGGCAGTCCCAAGAT-300.1.1,Body_wall_muscle,360.0,330-390
CAGAATCCATGTTGAC-b01,Body_wall_muscle,450.0,450-510
TCAGATGGTACCCAAT-400.2.2,Hypodermis,360.0,330-390
TTCCCAGAGGATGGAA-b01,,220.0,210-270
GTATTCTTCCAGATCA-300.1.1,Body_wall_muscle,230.0,210-270
CCGGGATAGACCTTTG-400.2.3,,130.0,130-170
TCGTAGAGTATTAGCC-400.2.3,,245.0,210-270
CCTAGCTTCCGCTGTT-300.1.3,,275.0,270-330
CCAATCCCACACTGCG-400.2.3,Ciliated_non_amphid_neuron,260.0,210-270
ATTGGTGCAGGTCGTC-500.2.1,,640.0,580-650
GCACTCTTCCGTCATC-r17,,230.0,210-270
GGGTCTGTCCTAGAAC-r17,,300.0,270-330
TCTATTGGTACGACCC-400.2.3,Z1_Z4,335.0,330-390
ACACCGGCAAGAGGCT-500.2.1,Hypodermis,350.0,330-390
ATTGGACCACGAAGCA-500.2.2,Seam_cell,450.0,450-510
GTTCGGGTCTTGTCAT-400.2.1,,195.0,170-210
GCTGCAGTCCGTACAA-400.2.2,Glia,450.0,450-510
TGACGGCGTGGCCCTA-b01,Body_wall_muscle,280.0,270-330
GGGATGATCCAAATGC-400.2.3,,220.0,210-270
GGAATAACAATGACCT-500.2.2,Body_wall_muscle,700.0,> 650
CATGCCTAGAGGTAGA-400.2.3,,300.0,270-330
TAGAGCTAGACAAAGG-400.2.1,,260.0,210-270
GTCATTTTCTCCCTGA-500.1.1,Ciliated_amphid_neuron,450.0,450-510
TCACGAATCTTGTACT-r17,,260.0,210-270
ACTATCTAGGCGTACA-300.1.1,Hypodermis,410.0,390-450
ACGCAGCAGCATGGCA-400.2.3,Body_wall_muscle,300.0,270-330
CAAGGCCGTCGATTGT-400.2.2,,160.0,130-170
ACGGAGAGTTACCAGT-r17,,215.0,210-270
CTCGTCAAGCTGCAAG-400.2.3,,290.0,270-330
ACATCAGGTATAGGTA-r17,,260.0,210-270
GCTCTGTTCGCGTAGC-400.2.2,,205.0,170-210
AGCCTAAAGCTTCGCG-r17,Intestine,320.0,270-330
GAAACTCGTTCATGGT-b01,Body_wall_muscle,290.0,270-330
CAGGTGCCACAACTGT-400.2.2,,300.0,270-330
GTTCGGGAGTACGTTC-400.2.2,,260.0,210-270
TGAGCATCAGCCTGTG-500.2.2,Hypodermis,405.0,390-450
GCACATAAGGCAAAGA-400.2.1,Hypodermis,270.0,270-330
CACACAAGTTACAGAA-300.1.1,Ciliated_non_amphid_neuron,380.0,330-390
CTCGGAGGTTGTCTTT-300.1.2,Seam_cell,400.0,390-450
GCAAACTAGCTCCCAG-500.1.1,,470.0,450-510
GCTCTGTAGTCAAGGC-r17,,470.0,450-510
CATTATCCATACTCTT-400.2.1,,260.0,210-270
TCAGGTAAGGTGTGGT-400.2.1,,300.0,270-330
ACCAGTATCGAATGCT-r17,Body_wall_muscle,350.0,330-390
TGGGAAGCATGCAACT-300.1.1,Body_wall_muscle,420.0,390-450
GTGAAGGTCGCATGAT-400.2.2,Pharyngeal_neuron,300.0,270-330
AGGCCACTCGCAAGCC-500.1.1,Body_wall_muscle,490.0,450-510
ACGAGCCAGTAAGTAC-300.1.1,,280.0,270-330
CAAGATCCAGCCACCA-500.1.1,Ciliated_amphid_neuron,405.0,390-450
GTACGTATCGAGGTAG-r17,Ciliated_amphid_neuron,260.0,210-270
GACACGCAGAGTCGGT-400.2.2,Pharyngeal_marginal_cell,290.0,270-330
ACACCAATCCACGAAT-b01,,700.0,> 650
TGCGCAGGTTGTGGCC-500.2.2,,620.0,580-650
GCAGCCAGTCCAAGTT-b01,,215.0,210-270
CACACCTCATTCACTT-400.2.3,,195.0,170-210
ACGATACCACATAACC-400.2.3,,290.0,270-330
CAGCTGGTCAGCATGT-b01,,345.0,330-390
GTTTCTAGTTCAGTAC-400.2.1,Hypodermis,360.0,330-390
CTCGAGGGTCAGAGGT-400.2.3,Rectal_cell,300.0,270-330
GTAGGCCCAGGATTGG-400.2.2,hyp1V_and_ant_arc_V,350.0,330-390
CGTTAGATCCGAAGAG-500.2.2,Seam_cell,640.0,580-650
TAGTTGGAGATGGGTC-300.1.1,Hypodermis,320.0,270-330
AGAGTGGGTCAGAAGC-400.2.2,Seam_cell,280.0,270-330
AAGCCGCGTCAGTGGA-400.2.1,Body_wall_muscle,450.0,450-510
TACGGATAGCCATCGC-500.2.1,Body_wall_muscle,585.0,580-650
GCAAACTGTGGACGAT-b01,,170.0,170-210
CCGGTAGCAGGTCCAC-r17,,260.0,210-270
GGCGACTGTGCATCTA-300.1.2,Hypodermis,300.0,270-330
ATTGGACCATATGGTC-500.2.2,Ciliated_amphid_neuron,775.0,> 650
TGCGTGGAGTGGAGTC-300.1.3,Hypodermis,395.0,390-450
CCTACACAGGAGCGTT-r17,,300.0,270-330
GCTGCGAGTACAGTTC-300.1.1,Pharyngeal_neuron,270.0,270-330
ATTTCTGAGCTAAACA-500.2.2,,420.0,390-450
GTTTCTAGTAATTGGA-500.2.2,Hypodermis,410.0,390-450
CTACACCCATCTACGA-400.2.2,Ciliated_amphid_neuron,630.0,580-650
TGTGTTTAGTATCGAA-300.1.3,Body_wall_muscle,410.0,390-450
AGCCTAACAGCCAGAA-500.1.1,Ciliated_non_amphid_neuron,390.0,390-450
CAACTAGCATGGAATA-b02,Body_wall_muscle,355.0,330-390
GCAGTTAGTAAGGATT-400.2.1,,270.0,270-330
TAGGCATCACGGTGTC-r17,,360.0,330-390
AGCAGCCGTTCGCGAC-r17,Glia,415.0,390-450
TCACAAGCAAGCCGTC-300.1.3,,220.0,210-270
CCGGGATAGCCACGCT-r17,,260.0,210-270
ACATGGTTCTGGCGAC-b01,,130.0,130-170
TTGGCAACAGTATGCT-400.2.3,Hypodermis,410.0,390-450
GATTCAGCATCGTCGG-300.1.3,,220.0,210-270
ACACCAATCTACTTAC-b01,Body_wall_muscle,390.0,390-450
GGTATTGAGTGAAGAG-r17,,260.0,210-270
CTAGCCTCAAAGTCAA-r17,,200.0,170-210
CAGTAACAGTTGAGTA-400.2.2,,300.0,270-330
ACGAGGAGTCACCTAA-400.2.1,,300.0,270-330
TCTATTGGTCCGACGT-b01,Glia,450.0,450-510
AAGTCTGTCTAACTCT-300.1.1,Ciliated_amphid_neuron,300.0,270-330
AGCTCTCAGATCCCAT-400.2.1,Ciliated_amphid_neuron,280.0,270-330
ACGGGTCGTTCCTCCA-300.1.3,,275.0,270-330
CGAGAAGCATGACATC-400.2.3,Hypodermis,330.0,330-390
CCAGCGAGTCTGGTCG-b01,,190.0,170-210
ACACTGAGTTCAGTAC-300.1.3,Ciliated_amphid_neuron,260.0,210-270
AAAGTAGGTTATTCTC-500.1.1,Glia,400.0,390-450
ATAGACCGTTCAACCA-500.1.1,Body_wall_muscle,550.0,510-580
ACGCCAGTCGCCAGCA-300.1.1,,200.0,170-210
AACTTTCCAATCGAAA-300.1.1,,270.0,270-330
ACATCAGAGCACAGGT-300.1.1,,195.0,170-210
GGCAATTAGTGGCACA-500.1.2,Body_wall_muscle,410.0,390-450
TCTTTCCGTAGCGCAA-400.2.2,Body_wall_muscle,230.0,210-270
GACGCGTCAGGAATCG-300.1.1,,340.0,330-390
AAGTCTGTCCAATGGT-300.1.3,,285.0,270-330
TGACAACAGCCAGTTT-r17,Hypodermis,425.0,390-450
TCGCGAGGTAACGTTC-b01,Intestinal_and_rectal_muscle,620.0,580-650
CGAGCACCAAGACACG-400.2.3,Body_wall_muscle,490.0,450-510
CTGTTTACAAGCCATT-300.1.1,Body_wall_muscle,390.0,390-450
ACCTTTATCTCCAGGG-500.1.1,Ciliated_amphid_neuron,670.0,> 650
TGCTACCGTAGAGGAA-b01,Ciliated_non_amphid_neuron,620.0,580-650
TTTGCGCAGCTAGGCA-400.2.3,,190.0,170-210
TCGTAGATCTTTAGTC-300.1.2,,200.0,170-210
CGAGCCACACGCCAGT-300.1.1,,0.0,< 100
CAAGATCCAGGGATTG-300.1.1,Pharyngeal_neuron,260.0,210-270
CTGGTCTAGTGGGTTG-300.1.1,Hypodermis,410.0,390-450
CCTAGCTAGGGTTTCT-400.2.2,Glia,400.0,390-450
CGCTATCGTAAAGTCA-400.2.2,,350.0,330-390
GAGCAGAAGCTAGTCT-300.1.3,,270.0,270-330
TTCTTAGAGCACACAG-400.2.3,Ciliated_amphid_neuron,350.0,330-390
AATCCAGAGGTAGCCA-b01,Body_wall_muscle,760.0,> 650
CAACTAGTCTATGTGG-400.2.2,Hypodermis,340.0,330-390
AGGCCACGTCAGAAGC-500.1.1,,350.0,330-390
CACACCTCACGGTAAG-400.2.2,Hypodermis,290.0,270-330
GCTTCCACATCTACGA-500.2.1,Hypodermis,410.0,390-450
CATGACAGTACCATCA-400.2.2,Intestine,300.0,270-330
AGCGGTCCATAGGATA-400.2.1,Excretory_duct_and_pore,335.0,330-390
ACTGATGGTCTCCCTA-400.2.2,Body_wall_muscle,360.0,330-390
GAGGTGAGTCATCCCT-300.1.1,,230.0,210-270
TCGCGAGCAAGCCTAT-b01,Pharyngeal_neuron,295.0,270-330
CATGCCTGTAGGGTAC-400.2.2,Body_wall_muscle,355.0,330-390
CAGCGACGTTTGTGTG-300.1.2,GLR,300.0,270-330
GCTGGGTGTCTTCAAG-b01,hmc,380.0,330-390
CGTTGGGTCCGTAGGC-500.1.1,,450.0,450-510
AAGGTTCAGAAGGCCT-300.1.1,,290.0,270-330
GCTTGAATCGTGACAT-300.1.1,,360.0,330-390
AGAATAGGTCTAGAGG-b01,Pharyngeal_muscle,290.0,270-330
CAAGAAAGTTAGGGTG-400.2.1,Ciliated_amphid_neuron,260.0,210-270
TGTATTCTCGTGGTCG-300.1.2,,300.0,270-330
TTAGGACCAAGGACTG-500.1.1,,360.0,330-390
AGTCTTTTCAGTGTTG-400.2.3,Body_wall_muscle,420.0,390-450
CCAATCCTCGGCTTGG-b01,,245.0,210-270
CCGTTCAGTATAAACG-400.2.3,Seam_cell,370.0,330-390
ACCTTTACACCATCCT-300.1.2,,290.0,270-330
CTAGCCTCATATACGC-500.1.1,Z1_Z4,385.0,330-390
TGTGTTTCAAACCTAC-400.2.2,G2_and_W_blasts,300.0,270-330
GTGGGTCGTAAAGTCA-r17,,670.0,> 650
AGGTCCGAGCTGTTCA-500.1.1,Hypodermis,390.0,390-450
TTCTACAAGGGTCTCC-500.2.2,Body_wall_muscle,420.0,390-450
CACTCCATCTTCTGGC-500.2.2,Body_wall_muscle,760.0,> 650
CCGGGATTCTGTACGA-b01,Hypodermis,355.0,330-390
CCCAATCAGTGAACAT-500.2.2,,300.0,270-330
CGATTGACACATGTGT-500.1.1,Body_wall_muscle,420.0,390-450
GTCTCGTCAGCTTAAC-r17,Body_wall_muscle,420.0,390-450
GTGCAGCAGCTGAAAT-r17,Pharyngeal_muscle,420.0,390-450
ACATCAGCACCATGTA-500.1.2,Ciliated_amphid_neuron,420.0,390-450
CAAGTTGTCACGATGT-500.1.1,Glia,390.0,390-450
GGCTCGAAGACTGTAA-400.2.1,Hypodermis,310.0,270-330
GGCGACTAGTTGAGAT-500.1.1,Pharyngeal_muscle,450.0,450-510
CCTAAAGAGTGAACAT-500.2.1,Hypodermis,630.0,580-650
ACCCACTGTCTCACCT-500.2.2,Pharyngeal_intestinal_valve,410.0,390-450
CCTTCGAAGTGGCACA-300.1.3,,200.0,170-210
CAGATCAAGGCTCAGA-400.2.1,,190.0,170-210
GATCGTACAAACTGCT-500.1.1,,380.0,330-390
TGTGGTAAGGTCGGAT-r17,,470.0,450-510
CCGGTAGAGCTAGTGG-400.2.2,Ciliated_amphid_neuron,510.0,510-580
CTGATAGCAAAGTGCG-r17,Intestine,230.0,210-270
GCCAAATAGGAGTCTG-500.2.1,,700.0,> 650
CGTCACTCAGCTATTG-400.2.3,Body_wall_muscle,260.0,210-270
AGGTCCGTCACGCGGT-500.2.1,Seam_cell,490.0,450-510
AGCGGTCGTGCCTGTG-500.1.1,Body_wall_muscle,450.0,450-510
TACACGAGTAGGGTAC-400.2.3,Pharyngeal_muscle,300.0,270-330
AGTCTTTCACCAGCAC-300.1.2,Hypodermis,270.0,270-330
CTTCTCTTCTCTGAGA-500.1.1,,355.0,330-390
GATCAGTGTAGTACCT-300.1.3,,230.0,210-270
GTCTCGTCACTTCTGC-r17,,215.0,210-270
ACTGAGTTCCTATTCA-400.2.3,Hypodermis,360.0,330-390
TAAGAGAGTCTTCGTC-300.1.2,,270.0,270-330
GACTACAAGTGCCATT-b01,,170.0,170-210
GTTCATTAGTACGACG-400.2.3,,190.0,170-210
CCCTCCTAGATAGTCA-500.1.1,Body_wall_muscle,375.0,330-390
TGCCAAATCCTTTCGG-r17,Hypodermis,280.0,270-330
TACTTGTCAGTAAGCG-r17,ABarpaaa_lineage,270.0,270-330
TCGCGTTTCAATCACG-b01,Body_wall_muscle,490.0,450-510
ACGTCAACAGTCAGCC-r17,,490.0,450-510
CAAGATCCATCCGCGA-400.2.3,,280.0,270-330
AGCTTGATCCTCAACC-400.2.3,,320.0,270-330
CAAGGCCAGTCGTACT-400.2.3,Body_wall_muscle,450.0,450-510
TGGGCGTGTAAGAGGA-300.1.3,,270.0,270-330
CGTGTCTAGTCATGCT-300.1.3,Ciliated_non_amphid_neuron,300.0,270-330
CTCGAGGAGGAGTAGA-300.1.1,,300.0,270-330
TAAGAGAAGTCAAGCG-400.2.2,Body_wall_muscle,270.0,270-330
CACAAACTCCGTACAA-r17,,355.0,330-390
TTGCGTCTCGCCTGTT-500.2.1,Ciliated_non_amphid_neuron,350.0,330-390
GACTACAAGTCAAGGC-400.2.1,Pharyngeal_muscle,415.0,390-450
AAATGCCAGTACGTTC-300.1.2,,320.0,270-330
GTCTCGTTCCTGTACC-400.2.2,Body_wall_muscle,360.0,330-390
GACGTTAGTGTTCGAT-500.1.1,Body_wall_muscle,405.0,390-450
CCACTACCACTGTGTA-400.2.3,,260.0,210-270
GAAGCAGAGGGTTTCT-500.1.1,,350.0,330-390
GCAGTTAAGAGACTAT-300.1.2,Body_wall_muscle,350.0,330-390
CGTAGCGCACCATGTA-500.2.2,Body_wall_muscle,490.0,450-510
GTCACAAAGTGTTGAA-500.2.1,Body_wall_muscle,490.0,450-510
TGGCTGGTCACCTCGT-300.1.1,,215.0,210-270
TAGACCAAGCTAGTCT-400.2.1,Pharyngeal_neuron,245.0,210-270
CGTAGCGCATCGGACC-300.1.2,Body_wall_muscle,390.0,390-450
GTATCTTTCTTGTATC-300.1.1,,230.0,210-270
TAGGCATGTGCAACTT-r17,,345.0,330-390
CAACCTCCAACACCCG-400.2.3,Body_wall_muscle,360.0,330-390
AAGACCTCACTGAAGG-500.2.1,Seam_cell,640.0,580-650
GCGCCAATCAAACCGT-400.2.3,Germline,55.0,< 100
AAACGGGTCAAAGTAG-300.1.1,,270.0,270-330
ATCACGATCGCATGGC-b02,,550.0,510-580
TGCGGGTAGTACGTTC-400.2.3,Pharyngeal_neuron,285.0,270-330
CAAGTTGCAAGAAAGG-b01,Body_wall_muscle,620.0,580-650
CCTACACCACACAGAG-400.2.2,Ciliated_amphid_neuron,260.0,210-270
TGTGTTTAGAGTGAGA-400.2.2,Ciliated_non_amphid_neuron,350.0,330-390
GGCCGATTCATCACCC-500.2.2,Hypodermis,400.0,390-450
CATGGCGTCCGCTGTT-500.2.2,Seam_cell,490.0,450-510
GTACTCCGTTACCGAT-400.2.1,Pharyngeal_gland,320.0,270-330
GCGCAGTGTACAAGTA-400.2.1,Body_wall_muscle,320.0,270-330
GTGCGGTGTCTAGCCG-300.1.3,,190.0,170-210
ATTGGTGCACATCTTT-500.1.1,Ciliated_non_amphid_neuron,380.0,330-390
TCACAAGGTGAGTATA-400.2.2,,260.0,210-270
CGGCTAGCATAACCTG-r17,,270.0,270-330
GGGTTGCTCATTCACT-400.2.2,Body_wall_muscle,385.0,330-390
CCGGGATCATGTCGAT-500.2.1,Body_wall_muscle,700.0,> 650
CAACTAGCAGTAAGAT-300.1.2,,180.0,170-210
TGACTTTAGTCGTTTG-400.2.2,,185.0,170-210
CTCATTAAGGAATCGC-300.1.2,Body_wall_muscle,400.0,390-450
CATGCCTGTCGGCATC-300.1.2,,225.0,210-270
CCACTACTCATAGCAC-b01,Hypodermis,640.0,580-650
CGCTGGAGTAACGACG-300.1.2,Hypodermis,285.0,270-330
TGCCCTAAGAAACCGC-500.2.2,Ciliated_non_amphid_neuron,550.0,510-580
ACGGAGAGTCACTTCC-b01,,585.0,580-650
GGGACCTGTAGCGTGA-500.2.1,Hypodermis,640.0,580-650
ACACCCTGTGCCTGCA-400.2.1,,420.0,390-450
GAACCTAGTCACACGC-500.2.1,,550.0,510-580
CAGTAACAGGTCGGAT-b01,Pharyngeal_marginal_cell,325.0,270-330
TCAACGATCTATGTGG-400.2.2,Body_wall_muscle,385.0,330-390
TGCGCAGGTACCAGTT-300.1.2,,230.0,210-270
TCTGAGAGTAGAGCTG-b02,,225.0,210-270
TTTCCTCCAAATTGCC-400.2.3,Pharyngeal_neuron,300.0,270-330
AAGGAGCTCAGTTTGG-300.1.3,Ciliated_amphid_neuron,405.0,390-450
GACAGAGTCAGCTGGC-500.2.2,Hypodermis,410.0,390-450
ATTATCCGTCAATACC-300.1.2,Body_wall_muscle,390.0,390-450
ATCCGAAAGCTATGCT-r17,,165.0,130-170
CTAAGACAGAAGGTGA-300.1.1,Hypodermis,300.0,270-330
CAGATCATCCAATGGT-b01,Body_wall_muscle,510.0,510-580
GGAACTTGTTCCGTCT-500.2.1,,485.0,450-510
GACGGCTCATTGCGGC-300.1.3,,290.0,270-330
AAGGAGCGTTGTGGAG-500.1.1,Intestine,700.0,> 650
CATCGGGAGACCCACC-500.1.1,Ciliated_amphid_neuron,490.0,450-510
AAGCCGCAGCACACAG-400.2.3,,295.0,270-330
GACAGAGTCGAACGGA-400.2.2,,220.0,210-270
TCATTTGAGCGTCAAG-500.1.1,Ciliated_non_amphid_neuron,330.0,330-390
ACGGCCATCGATGAGG-500.1.1,Ciliated_non_amphid_neuron,470.0,450-510
CCGGGATAGTGTGAAT-b01,Body_wall_muscle,490.0,450-510
CTTAGGATCCCAACGG-r17,Hypodermis,400.0,390-450
CGATCGGTCGAACGGA-b02,,350.0,330-390
GCAGCCACAGAGTGTG-b01,Body_wall_muscle,350.0,330-390
TTAGGACTCAGAGGTG-500.1.1,Ciliated_amphid_neuron,410.0,390-450
TCGGTAACAGATAATG-400.2.1,Body_wall_muscle,300.0,270-330
TGACTAGAGATGCCTT-400.2.2,,220.0,210-270
GCCTCTACACGAAATA-r17,M_cell,395.0,390-450
GTATCTTTCAGGTAAA-400.2.3,,230.0,210-270
CAAGATCGTGTCGCTG-500.1.3,,370.0,330-390
CATCAAGGTAGCTTGT-500.2.1,Seam_cell,550.0,510-580
GACAGAGCAGTCCTTC-500.1.1,Glia,400.0,390-450
ACACCCTAGGTGCACA-300.1.1,Germline,55.0,< 100
GATGAGGAGCTGTCTA-500.1.1,Ciliated_non_amphid_neuron,410.0,390-450
CATTATCGTTGTGGAG-300.1.1,Pharyngeal_neuron,295.0,270-330
GCACTCTTCTGCGACG-300.1.1,Hypodermis,275.0,270-330
GGAAAGCGTGTTAAGA-300.1.2,Pharyngeal_muscle,355.0,330-390
GGGCACTAGCTGCGAA-500.1.2,,500.0,450-510
AGTGGGAAGTGGTAAT-400.2.3,Pharyngeal_marginal_cell,385.0,330-390
GGCTCGAAGGAGCGTT-500.1.1,,640.0,580-650
ACATCAGGTCGCATAT-300.1.2,Body_wall_muscle,350.0,330-390
TCATTACGTTAAGACA-400.2.2,,435.0,390-450
ATTTCTGCAGATTGCT-r17,,260.0,210-270
CTGTGCTGTAGGACAC-r17,Pharyngeal_marginal_cell,440.0,390-450
GCCTCTATCCAAACTG-500.1.1,Body_wall_muscle,410.0,390-450
GATCAGTCACATTAGC-400.2.2,,280.0,270-330
GCTGCTTCATCAGTAC-400.2.3,GLR,330.0,330-390
GACGTGCCAAGGACTG-400.2.3,,320.0,270-330
GACCTGGAGATCCCAT-400.2.3,Seam_cell,340.0,330-390
CACAGTACATGTCCTC-400.2.1,,270.0,270-330
CAAGTTGCAGGCTGAA-400.2.1,Ciliated_amphid_neuron,550.0,510-580
TAGACCATCGTAGGTT-400.2.1,,290.0,270-330
CTCTGGTAGACGCAAC-300.1.1,Pharyngeal_muscle,245.0,210-270
CTGATCCAGGGCTTGA-300.1.1,,260.0,210-270
GAGGTGATCTTAGAGC-r17,Body_wall_muscle,350.0,330-390
GTGTGCGAGACAGACC-300.1.1,,330.0,330-390
GAAATGAAGCGAGAAA-b01,,280.0,270-330
CTGGTCTGTCCGAGTC-400.2.3,Body_wall_muscle,450.0,450-510
TACTCATCACACCGAC-b01,,550.0,510-580
GATCGCGAGCGTTTAC-400.2.2,,300.0,270-330
ACATACGCAGCTGTAT-300.1.3,,245.0,210-270
CGACTTCTCAGTCAGT-500.2.1,Seam_cell,550.0,510-580
ATGTGTGGTGTTTGTG-500.1.2,,380.0,330-390
ACTATCTGTAAGGATT-500.2.2,Ciliated_amphid_neuron,620.0,580-650
TCCCGATCAAGTAATG-500.1.1,Glia,350.0,330-390
GACTACAAGGAGTCTG-400.2.3,,550.0,510-580
CGGGTCAGTATGGTTC-400.2.3,,320.0,270-330
CAGCCGATCGTAGATC-300.1.3,,230.0,210-270
GCTTGAACATCCGGGT-300.1.2,,245.0,210-270
GACTAACAGTATCTCG-b01,,160.0,130-170
ACGGCCAGTCCGTCAG-r17,Ciliated_non_amphid_neuron,340.0,330-390
GAGCAGACACGCGAAA-300.1.2,,330.0,330-390
TCAGGTATCACGCGGT-300.1.2,,180.0,170-210
CTCGGGAGTCGAGATG-300.1.2,,205.0,170-210
CGTCAGGCAACGCACC-500.1.2,Ciliated_amphid_neuron,550.0,510-580
CGTGAGCCACGAAACG-b01,Pharyngeal_muscle,340.0,330-390
CTCTAATTCGGAATCT-b02,,340.0,330-390
TGCCCTAAGACGCACA-300.1.2,Body_wall_muscle,390.0,390-450
TCTCTAACACATTAGC-500.1.1,,390.0,390-450
CATTCGCTCACCTCGT-500.1.1,Body_wall_muscle,420.0,390-450
CTGCGGATCGCGTTTC-400.2.3,Hypodermis,410.0,390-450
GACGTGCGTCTCAACA-400.2.2,Hypodermis,320.0,270-330
CTGCCTACATCTACGA-500.2.2,Ciliated_non_amphid_neuron,490.0,450-510
TGACGGCTCAGGCCCA-300.1.2,ABarpaaa_lineage,225.0,210-270
TGCGGGTGTTCTGGTA-400.2.3,,290.0,270-330
TCTGGAAGTTGGTAAA-300.1.2,,330.0,330-390
GGAATAAAGTTCGCGC-500.2.2,,365.0,330-390
CACCACTCATGCCCGA-400.2.3,,300.0,270-330
CTGGTCTAGCCACCTG-400.2.1,,220.0,210-270
GGCGTGTCAGCCACCA-400.2.3,Hypodermis,420.0,390-450
GGTGTTATCGCTTAGA-400.2.1,Body_wall_muscle,360.0,330-390
GGGAATGAGTCCAGGA-300.1.2,,200.0,170-210
CAGCCGAAGCGCCTTG-300.1.1,GLR,300.0,270-330
AGCTTGACAAGTACCT-400.2.1,Hypodermis,270.0,270-330
AGCCTAAGTCAGGACA-300.1.1,Hypodermis,295.0,270-330
ATCATCTAGAGTCGGT-r17,,450.0,450-510
TCAGGATAGTTAAGTG-500.2.2,Intestine,700.0,> 650
GAGGTGAGTCTCCATC-400.2.2,Hypodermis,295.0,270-330
GACAGAGAGGCAGTCA-r17,Pharyngeal_intestinal_valve,490.0,450-510
ATTACTCGTGTCTGAT-500.2.2,Body_wall_muscle,490.0,450-510
GTTAAGCAGCTGCCCA-b01,,260.0,210-270
GAACCTATCCGAAGAG-500.1.1,Body_wall_muscle,390.0,390-450
TTGCCGTGTTGGACCC-500.2.2,,700.0,> 650
TACGGATTCATCTGCC-300.1.3,Body_wall_muscle,420.0,390-450
TCTTCGGCACCGAATT-400.2.3,,300.0,270-330
ACTATCTCATTGGCGC-500.1.2,Ciliated_non_amphid_neuron,400.0,390-450
CTAGCCTTCAACACAC-b02,Ciliated_amphid_neuron,450.0,450-510
GCGCGATAGAAACGCC-b01,Body_wall_muscle,375.0,330-390
ACTATCTCACGTGAGA-500.2.1,,550.0,510-580
ACACCCTGTCCTCTTG-b01,,550.0,510-580
GCTGCGAGTAAGTAGT-300.1.3,Pharyngeal_muscle,365.0,330-390
CCCAGTTGTCGAATCT-r17,,170.0,170-210
GTATTCTAGTACGTTC-400.2.2,Hypodermis,380.0,330-390
TGCTGCTTCGATAGAA-b01,,275.0,270-330
AGTGGGATCGCAAACT-400.2.3,,270.0,270-330
TCAACGACATCGTCGG-500.2.2,Body_wall_muscle,500.0,450-510
GTCAAGTCATGCTGGC-300.1.2,,345.0,330-390
GGCCGATCAATAACGA-r17,Body_wall_muscle,270.0,270-330
GGGTCTGAGTCGTTTG-500.2.2,Seam_cell,630.0,580-650
TTGGCAATCAGCAACT-400.2.1,Ciliated_non_amphid_neuron,345.0,330-390
ACGAGGAAGGATGTAT-500.1.1,Coelomocyte,420.0,390-450
CTCGTACCAAAGGAAG-300.1.1,,195.0,170-210
GTTCATTCACTGTGTA-500.1.2,Arcade_cell,450.0,450-510
GAACGGAAGTACGTAA-500.1.2,Ciliated_non_amphid_neuron,380.0,330-390
CAGATCACATTACCTT-500.1.1,,355.0,330-390
CTACACCAGTGTACCT-300.1.1,,285.0,270-330
CTTAACTAGAACAATC-b01,Seam_cell,420.0,390-450
CGGTTAATCAGCGACC-400.2.3,Pharyngeal_muscle,340.0,330-390
CGTAGCGAGATGGCGT-400.2.3,Ciliated_amphid_neuron,260.0,210-270
TTCTCCTTCGCAGGCT-400.2.2,Ciliated_amphid_neuron,270.0,270-330
GCGCAGTTCGCGTAGC-500.1.1,Body_wall_muscle,620.0,580-650
GGTGCGTAGTGGACGT-400.2.2,,320.0,270-330
ATCTGCCAGTGTTGAA-500.1.1,Body_wall_muscle,470.0,450-510
CGTTCTGAGACCCACC-500.1.1,Body_wall_muscle,490.0,450-510
AGGCCACCACACCGAC-500.2.2,Arcade_cell,350.0,330-390
CATATGGCACCCTATC-400.2.3,Ciliated_non_amphid_neuron,360.0,330-390
GGAGCAATCCCTAACC-400.2.2,,290.0,270-330
CCCTCCTCACATTTCT-300.1.1,,270.0,270-330
GCTGGGTAGCATGGCA-r17,,225.0,210-270
GACGTGCAGTTCGATC-r17,Hypodermis,340.0,330-390
TACGGGCTCTGAAAGA-400.2.2,Ciliated_non_amphid_neuron,320.0,270-330
ACGCCGATCTGACCTC-r17,Pharyngeal_marginal_cell,390.0,390-450
CACCACTTCAGGCAAG-b01,Pharyngeal_marginal_cell,345.0,330-390
CAAGGCCGTTGGTTTG-400.2.3,,230.0,210-270
CATTCGCTCTTTCCTC-300.1.2,Body_wall_muscle,390.0,390-450
CGATCGGGTTAAGACA-500.1.2,,500.0,450-510
CTAATGGCAACGATCT-b02,Body_wall_muscle,280.0,270-330
AGCTTGATCTAACCGA-b01,,175.0,170-210
CTCTAATAGAGGTACC-300.1.2,Ciliated_amphid_neuron,275.0,270-330
CGCTTCAGTCGCATCG-b01,,550.0,510-580
CATGACAAGGCCCTTG-500.1.1,Hypodermis,395.0,390-450
GAACATCCATGAACCT-r17,,350.0,330-390
ACGGGTCTCCGTACAA-r17,,270.0,270-330
CACACCTCACGGTGTC-300.1.1,,230.0,210-270
CACCAGGCAGGTCGTC-400.2.1,,290.0,270-330
ACGATGTTCCACTGGG-r17,Hypodermis,450.0,450-510
CTCGAGGCAGTCGATT-400.2.3,Ciliated_non_amphid_neuron,230.0,210-270
GGGATGACAACGATCT-500.2.1,Body_wall_muscle,520.0,510-580
AGAGCTTGTATATCCG-r17,Body_wall_muscle,350.0,330-390
CGTCCATAGATGCGAC-500.2.1,Body_wall_muscle,700.0,> 650
CTAAGACAGTCGTACT-300.1.3,Body_wall_muscle,270.0,270-330
CGGTTAAAGGGTTCCC-300.1.1,,215.0,210-270
GGGACCTTCCGAATGT-400.2.3,Hypodermis,410.0,390-450
TACACGAAGAAGGCCT-500.1.2,,435.0,390-450
CCAATCCGTGAGGGTT-300.1.3,Seam_cell,230.0,210-270
ATAACGCAGACCGGAT-400.2.2,,175.0,170-210
GGAACTTGTTTCCACC-500.1.1,,440.0,390-450
CTCAGAATCTCTGAGA-b02,Ciliated_non_amphid_neuron,700.0,> 650
TGGCGCAAGACATAAC-400.2.1,Ciliated_amphid_neuron,400.0,390-450
CCCATACCAAGAAGAG-400.2.3,,230.0,210-270
GCTTGAAGTTACGGAG-500.2.2,Ciliated_amphid_neuron,620.0,580-650
GCTTCCAGTTGAACTC-b01,Body_wall_muscle,490.0,450-510
GAAACTCAGGTGCTAG-400.2.2,Body_wall_muscle,490.0,450-510
ACATACGGTTGTGGAG-400.2.2,Pharyngeal_marginal_cell,340.0,330-390
AATCGGTAGGACATTA-r17,,195.0,170-210
AGAATAGCAGGAACGT-b01,Body_wall_muscle,360.0,330-390
CGTCAGGGTCAAGCGA-400.2.1,,230.0,210-270
CGGACTGTCTTGCCGT-r17,,85.0,< 100
AACCGCGAGTGTACCT-b01,Ciliated_non_amphid_neuron,345.0,330-390
GGAGCAAAGACCACGA-500.2.1,Body_wall_muscle,750.0,> 650
TCCCGATGTGTGTGCC-400.2.1,,300.0,270-330
CGATGGCAGTGCCAGA-r17,,260.0,210-270
AGCTCCTTCTTCATGT-b01,Intestine,190.0,170-210
CATGACAGTACCATCA-500.2.2,,410.0,390-450
CTACCCAGTATCACCA-r17,Coelomocyte,400.0,390-450
ATGGGAGAGTCACGCC-400.2.1,Body_wall_muscle,380.0,330-390
CTCGGAGGTCTGATTG-300.1.3,,295.0,270-330
CAGAGAGCACTTCTGC-300.1.2,Ciliated_amphid_neuron,280.0,270-330
GTGCAGCCAAGGCTCC-400.2.3,ABarpaaa_lineage,190.0,170-210
TCATTTGCACTTAACG-300.1.3,,175.0,170-210
GGGACCTGTGTGGTTT-r17,Rectal_cell,430.0,390-450
GTTAAGCGTCCAGTGC-500.2.1,,220.0,210-270
ACGCAGCGTCTTCGTC-500.2.1,Hypodermis,630.0,580-650
TGGTTAGCACGCGAAA-b01,Ciliated_amphid_neuron,550.0,510-580
GTCACGGTCCGTTGTC-r17,Hypodermis,410.0,390-450
GACTACAAGCAATATG-400.2.1,Body_wall_muscle,410.0,390-450
GCATGATGTCGAACAG-b01,,295.0,270-330
AGGCCACAGGCCGAAT-b01,Body_wall_muscle,310.0,270-330
GCCTCTATCTTCTGGC-r17,,230.0,210-270
CCTCAGTAGTGGGCTA-b01,,260.0,210-270
CTAGCCTAGGGTGTGT-500.1.1,Body_wall_muscle,410.0,390-450
CGCCAAGAGGTGATAT-300.1.3,,350.0,330-390
CTACCCACATCACGTA-300.1.2,Seam_cell,405.0,390-450
AGGGAGTTCACTGGGC-300.1.1,,245.0,210-270
GACTGCGAGTACGTTC-500.2.1,Body_wall_muscle,420.0,390-450
CACCAGGGTAGATTAG-300.1.3,Ciliated_non_amphid_neuron,335.0,330-390
CATATTCCATCACAAC-300.1.3,,230.0,210-270
CCTACACGTATTCGTG-500.2.1,Seam_cell,550.0,510-580
ACACCAAAGCGCTTAT-500.2.1,Body_wall_muscle,410.0,390-450
CAGCATAAGAAACGAG-b02,Body_wall_muscle,300.0,270-330
TGACAACAGTCAAGCG-500.1.1,Body_wall_muscle,425.0,390-450
CAGTCCTAGTGTCTCA-400.2.2,,260.0,210-270
GTGCAGCCATTGGGCC-r17,,425.0,390-450
CTAATGGAGTGCCATT-500.2.1,Intestine,420.0,390-450
CACACCTGTACCCAAT-500.1.1,Ciliated_amphid_neuron,415.0,390-450
GTGCGGTTCGGCATCG-b01,,170.0,170-210
CGCTATCTCTGTACGA-500.1.1,Body_wall_muscle,635.0,580-650
GTACGTACAGTTCCCT-500.2.2,Body_wall_muscle,700.0,> 650
CGATCGGTCAAGGCTT-400.2.1,,280.0,270-330
AGCTTGAAGAGGGATA-b01,,450.0,450-510
AAAGCAATCAGGTTCA-b01,Body_wall_muscle,585.0,580-650
CGGGTCATCACAAACC-300.1.1,,290.0,270-330
ACATACGAGGCCGAAT-400.2.2,,190.0,170-210
GAAGCAGAGGGATACC-400.2.3,,290.0,270-330
GATCGATCAAGCCGTC-400.2.1,Glia,330.0,330-390
GATGAAACATGTAGTC-r17,,270.0,270-330
GTCACAACATCAGTAC-500.1.1,Body_wall_muscle,630.0,580-650
CTCGGGAAGCCGATTT-r17,Ciliated_amphid_neuron,380.0,330-390
CACACTCGTGTTCTTT-500.2.2,Pharyngeal_gland,640.0,580-650
CCGGGATAGATCGATA-400.2.1,Hypodermis,350.0,330-390
CTCGGAGTCTTCAACT-300.1.1,Seam_cell,300.0,270-330
AGTCTTTCACATAACC-r17,Coelomocyte,360.0,330-390
TCTTCGGCATGGTCTA-500.2.1,Pharyngeal_muscle,550.0,510-580
ATTACTCGTGCTTCTC-500.2.1,Body_wall_muscle,450.0,450-510
ACGGGCTAGGTGCACA-b02,,145.0,130-170
CGAATGTGTATTCGTG-b01,M_cell,360.0,330-390
CCTACCAAGTTAGGTA-500.1.1,Body_wall_muscle,410.0,390-450
GACTACACAAGGTTCT-400.2.3,Body_wall_muscle,280.0,270-330
ACCGTAACAGCGTAAG-b01,,215.0,210-270
CCTAAAGAGGAATTAC-300.1.2,,205.0,170-210
GACGTGCGTCAACATC-r17,,340.0,330-390
CCTCTGACAAGTCTAC-r17,Pharyngeal_muscle,300.0,270-330
TTGCGTCTCCAGAGGA-r17,Germline,0.0,< 100
CTACCCATCGTCGTTC-300.1.3,,205.0,170-210
TACGGTAGTCCCTTGT-400.2.1,Seam_cell,340.0,330-390
CGTTGGGGTCACTGGC-500.1.1,,195.0,170-210
ACTTTCAGTTCCCTTG-300.1.3,Hypodermis,410.0,390-450
ATTCTACGTGATGTGG-r17,Ciliated_amphid_neuron,280.0,270-330
GAGCAGATCGACAGCC-r17,,490.0,450-510
GGGAGATCAAGCTGGA-400.2.2,Germline,85.0,< 100
GTCTCGTAGACCCACC-r17,,170.0,170-210
TGTTCCGTCACGAAGG-500.2.1,Hypodermis,450.0,450-510
ACATGGTAGTAACCCT-400.2.1,,300.0,270-330
GGCGTGTTCCTGTACC-r17,Ciliated_non_amphid_neuron,415.0,390-450
AACTGGTCATCGATTG-r17,,210.0,210-270
GCGGGTTGTAGAGGAA-400.2.3,Hypodermis,360.0,330-390
CCTAGCTTCTCTAGGA-500.2.1,Pharyngeal_muscle,420.0,390-450
TTAACTCAGGAGTTTA-400.2.2,Body_wall_muscle,285.0,270-330
AACACGTAGAATGTTG-400.2.2,Body_wall_muscle,380.0,330-390
TCGTACCAGGTGTGGT-500.2.2,Ciliated_non_amphid_neuron,620.0,580-650
CACAGGCAGGCAGGTT-400.2.1,Ciliated_amphid_neuron,290.0,270-330
CTCGGAGTCTGGCGTG-400.2.3,Body_wall_muscle,360.0,330-390
TGTGGTATCTCCAACC-r17,Pharyngeal_muscle,220.0,210-270
TCTTCGGAGTTCGCGC-400.2.2,Hypodermis,410.0,390-450
CTCGAAACACCCTATC-b01,,265.0,210-270
TCAGCAAAGTATCTCG-300.1.3,Ciliated_amphid_neuron,320.0,270-330
TACCTTACACCATGTA-400.2.3,,265.0,210-270
GCTTCCACACTCTGTC-300.1.1,Pharyngeal_muscle,370.0,330-390
GTGCAGCCATTTGCCC-500.1.1,Glia,450.0,450-510
TGGCCAGGTAAGTTCC-b02,Ciliated_amphid_neuron,165.0,130-170
GTAACGTTCAGGTAAA-400.2.3,Intestine,330.0,330-390
ACACCAAAGTCCCACG-300.1.2,Glia,380.0,330-390
TGCCCATGTGACCAAG-400.2.3,,320.0,270-330
CCGGTAGCATGCGCAC-500.1.3,Ciliated_amphid_neuron,435.0,390-450
TAGGCATCATGCCTAA-400.2.2,Glia,350.0,330-390
TGTATTCAGGAGCGAG-b01,,550.0,510-580
TTCTACAGTGTTAAGA-400.2.3,,270.0,270-330
GCAGTTATCCGGGTGT-400.2.1,Pharyngeal_neuron,325.0,270-330
GTCGTAACATGGTAGG-500.1.1,Pharyngeal_muscle,380.0,330-390
TCGAGGCAGACTACAA-500.2.2,Ciliated_amphid_neuron,420.0,390-450
TCAGCAAGTGCTAGCC-300.1.2,Body_wall_muscle,340.0,330-390
GCGCGATAGCTACCTA-300.1.3,Body_wall_muscle,290.0,270-330
CTCTACGCACCTCGGA-500.1.1,Ciliated_amphid_neuron,390.0,390-450
TCTTTCCGTACAAGTA-b01,,195.0,170-210
CAGCTAAAGGCCGAAT-b02,Excretory_gland,420.0,390-450
AAAGCAACACATCTTT-500.2.2,Ciliated_non_amphid_neuron,440.0,390-450
AGCGTATTCAACGAAA-500.2.1,Seam_cell,550.0,510-580
GGAGCAACAGTATAAG-300.1.1,Hypodermis,380.0,330-390
TTGGAACTCTCGCATC-400.2.2,,270.0,270-330
GCAATCACAAGCGCTC-r17,Pharyngeal_marginal_cell,350.0,330-390
ACGAGGAGTCAATGTC-400.2.2,,330.0,330-390
GCACATATCACAATGC-400.2.1,,345.0,330-390
GACGTGCTCCTCAACC-400.2.3,,220.0,210-270
CTCGTCACAGACACTT-b02,Body_wall_muscle,450.0,450-510
ACCAGTACATAGGATA-500.2.1,Hypodermis,390.0,390-450
CGGACACGTATAATGG-300.1.1,Body_wall_muscle,385.0,330-390
ATCGAGTAGGCTATCT-500.1.1,Ciliated_amphid_neuron,640.0,580-650
GACGGCTGTCAATACC-500.2.2,Body_wall_muscle,640.0,580-650
GGGAGATTCCCTCAGT-500.2.2,Hypodermis,550.0,510-580
TGCGGGTCAATCCAAC-300.1.1,Hypodermis,280.0,270-330
ACGGGCTTCTCGTATT-500.2.2,Ciliated_amphid_neuron,725.0,> 650
GCGCAGTTCTGGGCCA-500.1.2,Body_wall_muscle,320.0,270-330
GTGTGCGAGCCAGGAT-b01,,200.0,170-210
CTCTAATCATTTGCCC-400.2.1,Body_wall_muscle,450.0,450-510
ACTGATGCAAGTCTAC-b01,,230.0,210-270
TTGTAGGGTTAGGGTG-300.1.3,Body_wall_muscle,340.0,330-390
CGTCACTAGTACGTAA-b01,,230.0,210-270
TTAGTTCGTGTCCTCT-b01,Body_wall_muscle,700.0,> 650
TGTATTCTCGCCATAA-500.1.1,Ciliated_non_amphid_neuron,450.0,450-510
TCAGCTCAGGCTCATT-500.2.1,Body_wall_muscle,550.0,510-580
CATATTCTCCCTCAGT-400.2.2,Body_wall_muscle,450.0,450-510
CCGTTCATCCAGAGGA-300.1.2,Ciliated_amphid_neuron,260.0,210-270
AGCCTAAAGCGGATCA-400.2.1,Glia,340.0,330-390
CCGTACTGTGACTACT-r17,Ciliated_amphid_neuron,245.0,210-270
GAACCTACACCGGAAA-500.1.1,,400.0,390-450
AGCATACAGAGACGAA-b01,Body_wall_muscle,355.0,330-390
TCAGATGTCTCTGTCG-400.2.3,Glia,350.0,330-390
GGGAATGTCGCCCTTA-r17,Intestine,170.0,170-210
GCGACCATCATCTGTT-b02,Pharyngeal_neuron,310.0,270-330
AACTCCCAGTCGTTTG-b02,,415.0,390-450
GGGTTGCCATCGACGC-400.2.2,hmc_and_homolog,350.0,330-390
TTAGGACTCAACACGT-b01,Z1_Z4,830.0,> 650
GCAATCATCAGCTTAG-400.2.2,Body_wall_muscle,350.0,330-390
GTCAAGTGTGACTACT-500.2.1,Ciliated_amphid_neuron,725.0,> 650
ATTACTCTCACTCCTG-400.2.2,Hypodermis,370.0,330-390
GGGCATCGTCAGAATA-400.2.3,Ciliated_amphid_neuron,585.0,580-650
TCACAAGTCTGCGGCA-b01,,630.0,580-650
AGGTCCGGTCCTGCTT-400.2.1,Body_wall_muscle,300.0,270-330
ACACCCTAGAGGTACC-500.1.1,hmc_homolog,390.0,390-450
TTTACTGAGGCGTACA-400.2.3,,350.0,330-390
TGGGAAGAGTATGACA-400.2.2,,200.0,170-210
TCGTACCGTAGAAAGG-b01,,265.0,210-270
TTGCGTCTCACGAAGG-500.1.1,Glia,430.0,390-450
TACCTATTCGAACGGA-b01,Coelomocyte,390.0,390-450
CTGGTCTGTCGCGGTT-400.2.2,Pharyngeal_gland,295.0,270-330
GCTCCTAAGATGGCGT-400.2.2,,340.0,330-390
AACCGCGCATTACGAC-r17,Body_wall_muscle,270.0,270-330
ACGTCAATCATTTGGG-300.1.1,Body_wall_muscle,280.0,270-330
GTATTCTAGCAGACTG-r17,Ciliated_non_amphid_neuron,265.0,210-270
TGCACCTCAGTATCTG-400.2.3,Hypodermis,350.0,330-390
CCGGTAGTCTAACGGT-r17,,220.0,210-270
ATGTGTGAGAGCTTCT-500.2.1,Body_wall_muscle,470.0,450-510
ACGATGTGTCTCTTTA-300.1.2,,270.0,270-330
GTGAAGGTCGTCACGG-400.2.3,Body_wall_muscle,410.0,390-450
GACTGCGGTCACACGC-b02,,550.0,510-580
CGTCAGGCAATGTAAG-500.1.1,Body_wall_muscle,490.0,450-510
CTGTTTAGTACAGTTC-400.2.2,Body_wall_muscle,450.0,450-510
GTACTCCCAGCCTATA-b01,Glia,375.0,330-390
TGAGGGACAAACTGTC-b01,,200.0,170-210
TACGGTATCTACTATC-400.2.3,,270.0,270-330
CACACTCGTATGCTTG-400.2.1,Excretory_gland,390.0,390-450
TTTACTGAGTGTTAGA-400.2.1,Excretory_duct_and_pore,330.0,330-390
AACCATGTCCGTTGCT-400.2.3,Seam_cell,320.0,270-330
GGAGCAATCCCGGATG-500.2.1,Seam_cell,550.0,510-580
CCTTACGTCGATGAGG-400.2.2,Ciliated_non_amphid_neuron,260.0,210-270
AGGCCACCACCTATCC-500.1.2,,340.0,330-390
CAGCCGACACCTCGGA-r17,,195.0,170-210
CTAACTTGTCGCGGTT-b01,,195.0,170-210
CAGCGACGTACGCTGC-400.2.1,,345.0,330-390
TCGAGGCGTAGCGATG-400.2.2,Ciliated_amphid_neuron,270.0,270-330
AGTCTTTCAGTATAAG-r17,Body_wall_muscle,335.0,330-390
ACAGCCGTCAGAAATG-400.2.1,Hypodermis,300.0,270-330
GCCAAATCAAGGCTCC-400.2.2,,260.0,210-270
AATCCAGGTTACCGAT-300.1.3,Hypodermis,300.0,270-330
TGCGGGTGTTAGTGGG-300.1.2,Pharyngeal_muscle,360.0,330-390
GGTGAAGGTACAGTGG-300.1.2,,345.0,330-390
GTTTCTAAGAGTCTGG-500.2.1,Seam_cell,450.0,450-510
CCGGTAGTCCAGATCA-500.1.1,,355.0,330-390
AGTGTCAAGTATCTCG-400.2.3,,365.0,330-390
GATCTAGAGTACGATA-500.1.1,Excretory_cell,470.0,450-510
TGGACGCAGGACACCA-b01,,130.0,130-170
GAAATGACATCCAACA-300.1.3,,320.0,270-330
ACACCCTAGGCACATG-400.2.1,Ciliated_non_amphid_neuron,380.0,330-390
GCATGCGAGTTTAGGA-300.1.3,M_cell,370.0,330-390
GACTGCGTCATCTGCC-b02,Ciliated_amphid_neuron,260.0,210-270
ACGCCAGTCGCGTAGC-300.1.1,Hypodermis,430.0,390-450
CCGTTCATCGGCGCTA-500.1.2,,380.0,330-390
ACTTTCATCATTGCGA-300.1.1,Body_wall_muscle,340.0,330-390
TCCCGATTCAAAGTAG-300.1.3,Body_wall_muscle,310.0,270-330
CTGCGGAGTTTGTTGG-400.2.2,Pharyngeal_neuron,310.0,270-330
TGACAACCAAGTCTAC-300.1.2,,205.0,170-210
CCAATCCAGGTCGGAT-400.2.2,Ciliated_non_amphid_neuron,380.0,330-390
GTTCTCGTCTGTCTAT-500.2.2,Rectal_gland,470.0,450-510
CATCGGGTCGCGTTTC-r17,Intestine,170.0,170-210
CGGACACGTGTCCTCT-500.2.2,Hypodermis,620.0,580-650
CGCCAAGAGTTCGCAT-r17,Ciliated_amphid_neuron,410.0,390-450
AAATGCCTCATAAAGG-400.2.2,,225.0,210-270
GGACATTTCTGCTTGC-400.2.2,,320.0,270-330
CATTATCGTTGGGACA-300.1.1,Ciliated_amphid_neuron,205.0,170-210
GTACGTAAGGATCGCA-b01,,180.0,170-210
ACCAGTAGTAATAGCA-b01,Ciliated_non_amphid_neuron,260.0,210-270
GCGACCAAGGCGATAC-400.2.3,Hypodermis,330.0,330-390
TTGGAACGTCTCGTTC-400.2.2,Body_wall_muscle,345.0,330-390
GCATGTATCGTGGTCG-r17,,230.0,210-270
GACACGCGTCTAAAGA-b01,Rectal_cell,420.0,390-450
TGCGCAGTCTGCGGCA-400.2.1,,335.0,330-390
ATCTACTGTCTAGGTT-b01,Body_wall_muscle,360.0,330-390
TATTACCGTCAACTGT-300.1.2,,340.0,330-390
TGTCCCAGTATGCTTG-500.2.2,Pharyngeal_gland,320.0,270-330
GTAACGTTCCGGCACA-500.2.1,Body_wall_muscle,750.0,> 650
GGGAATGTCCACGCAG-500.1.2,Pharyngeal_marginal_cell,425.0,390-450
AACGTTGAGATGCGAC-400.2.1,,350.0,330-390
GTAACGTTCGCCGTGA-500.2.2,Hypodermis,420.0,390-450
CTCGGAGAGTGGTAGC-400.2.3,Ciliated_amphid_neuron,450.0,450-510
TCATTTGAGGCACATG-b01,,190.0,170-210
CTACCCAAGACGCAAC-r17,,245.0,210-270
CCTACACTCGTTACGA-500.1.1,Body_wall_muscle,390.0,390-450
TAGTTGGAGACAGAGA-b01,Z1_Z4,375.0,330-390
TGACGGCGTGAAAGAG-400.2.3,Hypodermis,355.0,330-390
CGTCACTAGCTGCCCA-b01,Glia,430.0,390-450
CATTATCCAATGTTGC-r17,,200.0,170-210
GCTGCTTGTCTCTTTA-r17,,120.0,100-130
CATATTCCACTCTGTC-b01,,170.0,170-210
ACATCAGCAAGTCTAC-400.2.3,Hypodermis,350.0,330-390
TTAGTTCGTACAAGTA-400.2.3,Germline,65.0,< 100
GAGCAGATCAACGGGA-b01,,410.0,390-450
GCAGCCAAGATGTCGG-500.2.2,Hypodermis,450.0,450-510
TTGGAACAGTACGACG-400.2.2,Ciliated_amphid_neuron,760.0,> 650
GACGGCTAGCCCAGCT-300.1.2,,210.0,210-270
CAGCTAACAAAGTGCG-300.1.2,Intestine,360.0,330-390
CCCAGTTCACAACGTT-300.1.2,Body_wall_muscle,420.0,390-450
ATAGACCCATGGATGG-400.2.1,Body_wall_muscle,170.0,170-210
AACTCTTAGGGAACGG-300.1.3,Ciliated_non_amphid_neuron,300.0,270-330
TCAGGTACAGTGGAGT-b01,Ciliated_non_amphid_neuron,520.0,510-580
CACACCTAGATATACG-b01,Ciliated_non_amphid_neuron,450.0,450-510
CAGAATCCAATGGAAT-400.2.2,Hypodermis,420.0,390-450
GGTATTGTCCGTTGCT-r17,Germline,0.0,< 100
CGTCCATAGAGGGCTT-300.1.2,,265.0,210-270
ACACCAAAGGGCTTGA-b01,Body_wall_muscle,230.0,210-270
CCTACACTCGAATGGG-b01,Hypodermis,430.0,390-450
GTGTTAGCACAGACTT-500.2.1,Body_wall_muscle,700.0,> 650
CCATGTCGTGAACCTT-300.1.2,Body_wall_muscle,350.0,330-390
ATTGGACGTTCCAACA-500.1.1,Ciliated_non_amphid_neuron,375.0,330-390
CCATTCGTCTACCAGA-400.2.3,Pharyngeal_marginal_cell,325.0,270-330
CAGAATCTCCATGAGT-r17,,185.0,170-210
CTGGTCTCAGATCCAT-300.1.2,Hypodermis,330.0,330-390
GTGCAGCAGGATGCGT-400.2.2,Hypodermis,390.0,390-450
TACGGTACAGCCTGTG-b01,,630.0,580-650
CTTAACTCAATGGATA-r17,,285.0,270-330
AGTGAGGAGTTAACGA-500.2.2,Rectal_cell,405.0,390-450
GCATGTACATCCGTGG-300.1.1,Hypodermis,300.0,270-330
GCGCAACTCCGTTGTC-500.1.3,Intestinal_and_rectal_muscle,550.0,510-580
TCTATTGGTACGCTGC-b02,Ciliated_amphid_neuron,210.0,210-270
ACTGTCCCATACTACG-300.1.1,,300.0,270-330
TCTTTCCCAGATGGCA-300.1.1,Body_wall_muscle,300.0,270-330
GCTCTGTAGGGTCGAT-300.1.1,Body_wall_muscle,350.0,330-390
TGAAAGAGTATCACCA-400.2.1,Body_wall_muscle,450.0,450-510
GTTCTCGCATTCTTAC-300.1.1,Body_wall_muscle,270.0,270-330
GATGAAAGTTAAGGGC-r17,Body_wall_muscle,420.0,390-450
AACACGTAGGAGTCTG-b01,,245.0,210-270
GCACATATCCGTTGCT-500.1.1,Germline,100.0,100-130
TGAGAGGGTTGAGGTG-500.2.1,Body_wall_muscle,550.0,510-580
CAGCGACAGGGCACTA-500.1.1,Ciliated_amphid_neuron,490.0,450-510
ATTTCTGAGCCGATTT-400.2.2,Rectal_cell,360.0,330-390
TTCTACAAGACTTGAA-b01,,130.0,130-170
GCTTGAAGTGCCTTGG-500.2.1,Body_wall_muscle,640.0,580-650
TGGCCAGCAAAGCGGT-300.1.1,Ciliated_non_amphid_neuron,290.0,270-330
GACAGAGCATTTCAGG-400.2.3,Glia,340.0,330-390
TTAGGCACAGTAAGAT-b02,,160.0,130-170
TCGCGAGCAAGACGTG-r17,Excretory_gland,470.0,450-510
TGTTCCGAGGCATGTG-b02,Seam_cell,420.0,390-450
TAGCCGGCAAGAGTCG-b02,,290.0,270-330
GACCAATAGGCTCATT-400.2.3,,265.0,210-270
CTCGGGATCTGGCGTG-300.1.3,,225.0,210-270
GCCTCTATCGGACAAG-300.1.3,,180.0,170-210
TTCGAAGAGCTAGTTC-b01,Ciliated_non_amphid_neuron,700.0,> 650
GGACAAGTCCAAACAC-400.2.1,Ciliated_non_amphid_neuron,350.0,330-390
TTTCCTCAGAGAGCTC-b01,,550.0,510-580
CTCGGAGTCTGGCGTG-500.1.1,,335.0,330-390
AGTGAGGAGACAGGCT-400.2.2,,350.0,330-390
GGCTCGAAGATCTGAA-400.2.3,Pharyngeal_marginal_cell,375.0,330-390
CCCATACAGACTGGGT-b01,,260.0,210-270
ACTATCTAGGCAAAGA-400.2.3,,285.0,270-330
GTCATTTGTCATATCG-b01,,270.0,270-330
ATAGACCCAGCTCGAC-b01,Ciliated_amphid_neuron,390.0,390-450
GAATAAGCACACAGAG-r17,Body_wall_muscle,390.0,390-450
ATCGAGTTCGTCTGCT-b01,,150.0,130-170
GCAGTTAGTTATCGGT-500.2.2,Hypodermis,510.0,510-580
AGCGTATAGTTAACGA-b01,,300.0,270-330
CACATAGGTAAGCACG-300.1.1,Body_wall_muscle,450.0,450-510
GGCCGATAGGGCATGT-400.2.3,Ciliated_amphid_neuron,230.0,210-270
CCTTCGATCAAGGCTT-500.2.1,,430.0,390-450
GACTGCGCACCGATAT-r17,,550.0,510-580
GAGGTGATCATTTGGG-500.2.2,,595.0,580-650
CACACCTAGGTGACCA-400.2.1,Body_wall_muscle,350.0,330-390
CGGACTGAGCGTTCCG-b01,Germline,0.0,< 100
GCATGATCAAACCTAC-b01,Pharyngeal_neuron,355.0,330-390
CCATGTCAGCAGCGTA-400.2.3,Body_wall_muscle,300.0,270-330
GTAACTGCAGGGTTAG-300.1.1,Pharyngeal_gland,350.0,330-390
TAGGCATAGCGAGAAA-500.2.2,Intestine,620.0,580-650
CCTTCCCGTAAAGGAG-r17,,200.0,170-210
AAATGCCGTCTTCAAG-500.1.1,Ciliated_amphid_neuron,380.0,330-390
AAACCTGTCAGTTTGG-r17,,265.0,210-270
AGGTCCGTCTCCGGTT-300.1.3,Intestine,320.0,270-330
GCGGGTTCATGGGACA-400.2.3,Pharyngeal_muscle,350.0,330-390
GGGAATGAGTTGAGTA-400.2.1,,210.0,210-270
ATCTACTGTGAGGCTA-b02,Body_wall_muscle,700.0,> 650
CACACAATCTATGTGG-500.2.1,Body_wall_muscle,620.0,580-650
TTAACTCGTTAAAGAC-500.2.2,Hypodermis,420.0,390-450
CATCCACCAGGTGGAT-500.1.2,,385.0,330-390
TGAGCATTCTGATACG-500.1.2,Body_wall_muscle,410.0,390-450
GTGCTTCAGGAGTCTG-400.2.1,,300.0,270-330
TTCGGTCTCCCTAATT-400.2.1,Ciliated_amphid_neuron,270.0,270-330
CCTATTATCCTATTCA-400.2.2,,270.0,270-330
CCTCTGACAATGGACG-500.2.1,Body_wall_muscle,490.0,450-510
TATCAGGTCACGATGT-500.2.1,Hypodermis,625.0,580-650
GTGTGCGCACTGAAGG-500.2.2,Rectal_gland,550.0,510-580
CCTTCCCCAGGATCGA-b01,,190.0,170-210
CACAGTACAGCCAGAA-500.1.3,Body_wall_muscle,490.0,450-510
GTCACAACACGAAATA-500.1.1,Body_wall_muscle,490.0,450-510
GACCTGGAGCGAGAAA-400.2.2,,300.0,270-330
GTAGTCAAGGGAGTAA-400.2.1,,275.0,270-330
GTGCTTCAGTGTTGAA-b01,,195.0,170-210
CGCTGGAAGGCCCGTT-300.1.2,,230.0,210-270
TTCTCCTTCGGAGCAA-b01,,260.0,210-270
CAGCGACAGTGTTGAA-300.1.1,,260.0,210-270
CAAGGCCCAAAGTCAA-r17,,120.0,100-130
GGGAGATAGGGCTTGA-500.2.2,Seam_cell,425.0,390-450
ATGCGATGTGAGGGTT-400.2.2,Body_wall_muscle,410.0,390-450
TCAGGTAGTAACGCGA-r17,,180.0,170-210
GGCTCGATCCGTAGGC-500.1.2,Seam_cell,450.0,450-510
CCTTCGATCAGTCCCT-500.2.1,Body_wall_muscle,490.0,450-510
CAGATCAAGCTGCGAA-400.2.1,,365.0,330-390
CGTGTAACAAAGCGGT-r17,,300.0,270-330
GCTGCAGTCGTGGACC-400.2.3,Hypodermis,310.0,270-330
CGAGCACTCTGTCCGT-500.2.2,Hypodermis,625.0,580-650
TGCTGCTGTGCGAAAC-400.2.1,Body_wall_muscle,420.0,390-450
GGACATTGTCTTTCAT-300.1.2,,265.0,210-270
CTCTAATAGGATCGCA-500.1.2,Ciliated_amphid_neuron,550.0,510-580
ATAACGCCACTGTCGG-400.2.1,Pharyngeal_gland,300.0,270-330
TGAGCCGCAGACGTAG-400.2.1,Pharyngeal_marginal_cell,340.0,330-390
AGTGAGGCAGCTGTGC-300.1.1,Pharyngeal_marginal_cell,340.0,330-390
AGCCTAAGTCGGGTCT-400.2.2,,190.0,170-210
TATGCCCCAAGCCGTC-r17,,170.0,170-210
CGGAGCTAGTCATGCT-400.2.3,,275.0,270-330
TGTATTCAGCCCGAAA-500.2.1,Ciliated_amphid_neuron,755.0,> 650
CTTTGCGAGATCTGCT-r17,,180.0,170-210
AACTTTCAGTGGAGTC-b01,Hypodermis,350.0,330-390
TACTTGTCAGCTCCGA-300.1.3,,200.0,170-210
GTCGGGTCAGTCCTTC-500.1.1,Glia,440.0,390-450
CTGTGCTCATGGGAAC-b01,ABarpaaa_lineage,310.0,270-330
GACCAATTCGCAGGCT-500.2.1,,550.0,510-580
CTAGAGTAGAGGTAGA-400.2.1,Ciliated_amphid_neuron,350.0,330-390
AGCAGCCCACATAACC-r17,,165.0,130-170
GCGGGTTCATGGAATA-r17,,220.0,210-270
TTCGGTCGTTATCCGA-300.1.2,Body_wall_muscle,165.0,130-170
ACCTTTAGTTGATTCG-300.1.1,Hypodermis,330.0,330-390
TGCTACCTCGCAAACT-400.2.3,Pharyngeal_muscle,340.0,330-390
CGCTTCATCTGTACGA-500.2.1,Excretory_cell,700.0,> 650
AGCGTATAGGTGCAAC-500.2.1,,585.0,580-650
ACGATGTCAGGTGGAT-500.1.1,Ciliated_amphid_neuron,585.0,580-650
TTGACTTCAGCTCCGA-300.1.3,,280.0,270-330
CAGATCACAAGGACAC-r17,Coelomocyte,420.0,390-450
CTGAAGTCAGATGGCA-300.1.1,Pharyngeal_neuron,320.0,270-330
TGCCCTACACTGCCAG-500.2.2,Body_wall_muscle,700.0,> 650
CCGTGGAAGACAGGCT-500.1.1,,500.0,450-510
GTACTCCAGACCGGAT-500.2.1,Body_wall_muscle,530.0,510-580
CCTATTAGTTAAAGTG-300.1.1,,160.0,130-170
CTTAGGAAGCGATTCT-r17,,220.0,210-270
AACTGGTTCTTGAGAC-300.1.3,Body_wall_muscle,330.0,330-390
CCGTACTCACAGGTTT-500.2.2,Ciliated_amphid_neuron,640.0,580-650
GGATGTTTCCTAGGGC-300.1.1,Seam_cell,350.0,330-390
TGGTTAGAGGGATACC-r17,,350.0,330-390
AGGTCATTCACGCATA-r17,Body_wall_muscle,390.0,390-450
AAGACCTTCTGATTCT-400.2.2,Excretory_cell_parent,205.0,170-210
CTAATGGAGTAGCGGT-300.1.2,Hypodermis,270.0,270-330
ACATCAGCAAGGACAC-300.1.2,,220.0,210-270
ACGCCAGAGTACGTTC-300.1.1,Hypodermis,320.0,270-330
GCAAACTAGCACACAG-400.2.1,ABarpaaa_lineage,310.0,270-330
GATGCTACAACACCCG-300.1.1,Ciliated_amphid_neuron,270.0,270-330
AGTGTCAGTAGGAGTC-400.2.2,,300.0,270-330
CGTAGCGCAAGTCTAC-b01,Body_wall_muscle,290.0,270-330
TTAGGCAGTGACTACT-400.2.3,,295.0,270-330
ATAAGAGCACCCTATC-b02,Ciliated_non_amphid_neuron,490.0,450-510
GAGTCCGCAGCCTTTC-300.1.1,Ciliated_non_amphid_neuron,340.0,330-390
TACTCGCTCTTATCTG-b01,Glia,430.0,390-450
CCTTTCTGTTGACGTT-500.2.2,Body_wall_muscle,500.0,450-510
CGCTATCGTCATCGGC-b01,,550.0,510-580
TACGGGCCAGTCGTGC-300.1.3,,200.0,170-210
AAAGATGTCTTGTATC-500.1.1,,470.0,450-510
TCAGGATTCTTGTACT-b01,Ciliated_non_amphid_neuron,380.0,330-390
AGTCTTTCAATGGTCT-400.2.3,,340.0,330-390
GACTAACAGACTTGAA-b02,Pharyngeal_marginal_cell,350.0,330-390
CAGCCGACAGTCCTTC-300.1.1,Hypodermis,320.0,270-330
TGGCCAGCATCCGTGG-500.2.1,Seam_cell,510.0,510-580
CTAGTGATCCACGAAT-400.2.1,Body_wall_muscle,450.0,450-510
AACTCTTAGCTGTTCA-400.2.2,,350.0,330-390
CAGCTAATCCGCTGTT-b01,Z1_Z4,320.0,270-330
CACAGTACAGCGAACA-b01,Body_wall_muscle,550.0,510-580
TTCTACATCGAGAGCA-500.1.1,Body_wall_muscle,550.0,510-580
GTCTTCGGTCACTGGC-500.2.1,Ciliated_non_amphid_neuron,700.0,> 650
TCACGAAAGGCCCGTT-400.2.3,,265.0,210-270
TACTTGTAGACTTGAA-500.1.2,,470.0,450-510
AACGTTGTCAGCGATT-500.1.2,Ciliated_amphid_neuron,630.0,580-650
GTTCATTTCAGTTCGA-r17,hmc,470.0,450-510
GGGAGATCAATCCGAT-500.2.2,Ciliated_amphid_neuron,640.0,580-650
ACGCCAGCATGATCCA-r17,,120.0,100-130
TCTTCGGCAAGAGTCG-300.1.2,Hypodermis,280.0,270-330
GAATAAGCAGTATCTG-b01,,210.0,210-270
ATTACTCTCCGTCATC-500.1.1,Body_wall_muscle,620.0,580-650
AGCCTAACATCGGAAG-400.2.1,Hypodermis,360.0,330-390
CTCGGAGTCTTGTATC-300.1.2,,290.0,270-330
AACCGCGGTCTTTCAT-400.2.2,Ciliated_amphid_neuron,290.0,270-330
CTGAAACCATTGCGGC-400.2.1,Body_wall_muscle,300.0,270-330
TTAGGACCATCTACGA-400.2.2,Body_wall_muscle,350.0,330-390
TCTCATATCAGTTCGA-500.1.3,Hypodermis,450.0,450-510
TACGGGCGTAAGTGGC-b01,Body_wall_muscle,550.0,510-580
CCGTACTGTGGCCCTA-300.1.2,Hypodermis,260.0,210-270
ATCATCTTCTCTGCTG-b01,hmc_homolog,390.0,390-450
CAAGAAAGTATGGTTC-b01,Ciliated_amphid_neuron,260.0,210-270
TGTATTCGTCAGAATA-400.2.3,,300.0,270-330
CACCACTCAGTCACTA-500.1.1,Glia,360.0,330-390
AAGACCTTCGTTACAG-r17,,425.0,390-450
TGCCAAAGTGAGGCTA-b02,,200.0,170-210
GAGCAGAGTAAATGAC-300.1.3,,210.0,210-270
TACAGTGGTAAGTGTA-400.2.3,Body_wall_muscle,390.0,390-450
TACGGTAAGCAATATG-500.1.2,,340.0,330-390
GAGGTGACAAGAAAGG-300.1.2,Body_wall_muscle,450.0,450-510
CGCCAAGGTGTTTGGT-b02,,225.0,210-270
GACCTGGTCATGCAAC-400.2.2,Excretory_cell,520.0,510-580
GTAGGCCAGAGACTAT-500.2.1,Body_wall_muscle,440.0,390-450
TTTCCTCTCATTCACT-500.2.1,Pharyngeal_intestinal_valve,510.0,510-580
CATTATCCATCCAACA-300.1.2,Body_wall_muscle,350.0,330-390
GACTAACAGAGATGAG-r17,,350.0,330-390
ATCGAGTTCAATCTCT-400.2.1,,290.0,270-330
AACGTTGAGAGACGAA-r17,,190.0,170-210
AAATGCCTCTACGAGT-400.2.3,Pharyngeal_muscle,275.0,270-330
AATCGGTAGGTGCACA-400.2.3,Coelomocyte,380.0,330-390
GACCAATAGCCCTAAT-400.2.2,,380.0,330-390
CCGTACTTCCTCAACC-400.2.3,Body_wall_muscle,420.0,390-450
AGCTCTCGTCGCGGTT-500.1.1,Body_wall_muscle,385.0,330-390
AGCCTAACAAACGTGG-400.2.3,Body_wall_muscle,300.0,270-330
AGAGCGAGTTCTGGTA-400.2.3,,320.0,270-330
AGGCCACGTGACGCCT-r17,,280.0,270-330
CGACCTTTCGGTTAAC-r17,,220.0,210-270
AAGACCTAGCAACGGT-400.2.1,Pharyngeal_marginal_cell,350.0,330-390
CTGTTTATCCTCATTA-500.1.3,Body_wall_muscle,360.0,330-390
CCACGGAAGCGATATA-b01,,630.0,580-650
AAGGTTCTCTCGATGA-r17,,345.0,330-390
CAAGTTGCATGGAATA-400.2.3,,355.0,330-390
AACTTTCGTCTGATTG-300.1.2,Body_wall_muscle,425.0,390-450
TTCGAAGAGTAACCCT-400.2.3,,415.0,390-450
AGACGTTGTATAGGGC-400.2.2,,360.0,330-390
AAATGCCTCATAACCG-400.2.3,Intestine,230.0,210-270
CATCAGAAGAGCAATT-b01,Body_wall_muscle,490.0,450-510
TGCACCTTCGCCATAA-500.1.1,Body_wall_muscle,415.0,390-450
GACTAACTCACGACTA-500.2.2,Body_wall_muscle,725.0,> 650
GGCAATTTCTGATTCT-300.1.1,Body_wall_muscle,350.0,330-390
TACGGGCTCGACAGCC-500.2.1,Intestine,700.0,> 650
GACGGCTCAGTCGTGC-500.1.1,Body_wall_muscle,450.0,450-510
TACAGTGTCAGCGACC-r17,Germline,7.5,< 100
CAACCTCTCGGTTCGG-400.2.3,Body_wall_muscle,390.0,390-450
AAACCTGTCACCCTCA-300.1.1,,290.0,270-330
CACAGTACAATGAATG-b02,Pharyngeal_gland,390.0,390-450
CCCTCCTGTGCCTGTG-500.1.1,,450.0,450-510
TGGTTCCAGGTACTCT-b02,Ciliated_amphid_neuron,750.0,> 650
CTCGAAAGTCATCGGC-400.2.3,,300.0,270-330
TCGTAGACACTGTTAG-300.1.3,Ciliated_amphid_neuron,430.0,390-450
CTGTGCTAGTACACCT-b01,,370.0,330-390
CCGGTAGCAGCATGAG-500.1.1,Seam_cell,385.0,330-390
CGCTATCAGGCTCATT-500.1.2,,530.0,510-580
GTAACGTTCCTCATTA-400.2.1,,270.0,270-330
AACTCTTCAAGGTTTC-400.2.2,Ciliated_amphid_neuron,415.0,390-450
TGCCAAAAGGGAGTAA-400.2.3,Body_wall_muscle,415.0,390-450
CAGGTGCCATGCAACT-b01,Ciliated_amphid_neuron,550.0,510-580
CAGCATAAGGACAGCT-400.2.3,,290.0,270-330
GCACTCTCACGAAATA-b01,,410.0,390-450
CAGCTGGCACATCTTT-400.2.3,,290.0,270-330
TGTATTCTCAGTTTGG-r17,,130.0,130-170
CTACCCACAAACTGTC-300.1.3,Hypodermis,300.0,270-330
CGGACACCAGTATAAG-400.2.2,Ciliated_amphid_neuron,410.0,390-450
TACTTGTCAGATCCAT-400.2.1,Body_wall_muscle,340.0,330-390
CCATTCGAGCAGGCTA-400.2.1,Pharyngeal_gland,330.0,330-390
TAGTTGGGTTTGTTGG-400.2.3,Hypodermis,410.0,390-450
GACGCGTGTCCATGAT-400.2.3,Body_wall_muscle,360.0,330-390
CAGCTGGAGTGGTAAT-400.2.1,,365.0,330-390
TTGTAGGAGTCTCAAC-300.1.3,,260.0,210-270
GTTAAGCTCAAACCGT-300.1.1,,260.0,210-270
CACCAGGCACCAGCAC-400.2.1,Hypodermis,360.0,330-390
CAGAATCTCCTTTACA-500.1.1,,335.0,330-390
TGGACGCTCATTGCGA-500.1.1,,620.0,580-650
TGACTTTTCGAACGGA-400.2.1,Ciliated_non_amphid_neuron,370.0,330-390
ATGGGAGTCCGGCACA-400.2.3,Ciliated_non_amphid_neuron,420.0,390-450
CGATCGGCATGCCTAA-500.2.2,M_cell,430.0,390-450
GGGACCTAGACGCACA-r17,Ciliated_non_amphid_neuron,280.0,270-330
TCGGGACGTCTAGTCA-r17,,235.0,210-270
GTGTTAGAGTTAGCGG-500.1.1,,490.0,450-510
GCGACCAGTCCTAGCG-300.1.1,,220.0,210-270
CACATAGCACAGACTT-300.1.3,hmc_and_homolog,375.0,330-390
CTGCCTAAGAATGTGT-300.1.1,GLR,300.0,270-330
GAGTCCGAGATGGGTC-b01,,180.0,170-210
CAACTAGCAATTGCTG-500.1.1,,210.0,210-270
TCGCGAGTCTACGAGT-500.2.2,Intestine,450.0,450-510
GTACTCCGTCGCATAT-300.1.3,Body_wall_muscle,370.0,330-390
CTCACACTCACCGGGT-500.1.1,,450.0,450-510
CGTGTCTGTCCAACTA-400.2.1,Body_wall_muscle,310.0,270-330
TGACAACTCGTAGGAG-400.2.2,Body_wall_muscle,345.0,330-390
GCGACCAAGAAACCAT-b02,GLR,420.0,390-450
CGCTGGACACCGAATT-300.1.2,,230.0,210-270
AGGGTGAGTCGAGATG-b01,Pharyngeal_neuron,300.0,270-330
GATCGTAGTGTGCGTC-r17,Pharyngeal_muscle,360.0,330-390
CAGAGAGGTTCTGTTT-400.2.3,Ciliated_amphid_neuron,390.0,390-450
ACATACGAGTGGGATC-400.2.2,Hypodermis,330.0,330-390
CCAGCGAAGGTACTCT-300.1.1,Body_wall_muscle,380.0,330-390
CTAGAGTAGGATGGTC-300.1.3,,260.0,210-270
CAAGTTGCATATGAGA-500.2.1,,670.0,> 650
TGGCCAGCAAGTACCT-500.1.3,Ciliated_amphid_neuron,550.0,510-580
AGATTGCCACCGAATT-400.2.3,,270.0,270-330
TCGGGACGTAGCGCAA-300.1.1,,280.0,270-330
TGTTCCGGTCAGCTAT-b01,Ciliated_amphid_neuron,160.0,130-170
GTATTCTTCCTGTACC-400.2.1,,260.0,210-270
CTAGCCTTCAACCAAC-500.1.1,,385.0,330-390
CGTTCTGCAGGCTCAC-r17,Hypodermis,290.0,270-330
CAGTCCTTCTCGCATC-500.1.1,Pharyngeal_gland,365.0,330-390
AGTTGGTAGTGCTGCC-400.2.2,,225.0,210-270
AGTAGTCAGCTAGTTC-300.1.3,,260.0,210-270
TAGAGCTTCAACACCA-500.2.2,Body_wall_muscle,390.0,390-450
TTGGAACCATCCTAGA-500.2.1,Seam_cell,550.0,510-580
GTCACGGTCGCATGGC-300.1.3,Hypodermis,360.0,330-390
GTGTTAGTCTCGTATT-500.2.2,Body_wall_muscle,820.0,> 650
CATGACAAGAGAGCTC-b02,,340.0,330-390
CGTCTACTCCCTGACT-r17,,300.0,270-330
CATATGGTCGCAAGCC-500.2.2,Rectal_gland,415.0,390-450
ATGAGGGAGGGCTTCC-500.1.2,Body_wall_muscle,490.0,450-510
CTCTAATAGATCTGCT-500.2.1,Ciliated_amphid_neuron,550.0,510-580
GGGATGACATTATCTC-400.2.2,,380.0,330-390
CCACCTACAGCTTAAC-300.1.1,Body_wall_muscle,340.0,330-390
GTGCATAAGAAAGTGG-400.2.1,Pharyngeal_marginal_cell,300.0,270-330
CTTACCGGTCTTCTCG-400.2.2,,270.0,270-330
TCAATCTGTAAACGCG-r17,,230.0,210-270
CGGACGTTCGGCCGAT-r17,,260.0,210-270
GGACATTAGTGTTTGC-500.2.1,Excretory_gland,500.0,450-510
TACCTTAGTTCTCATT-300.1.1,,260.0,210-270
CGCTGGAGTCCGAGTC-400.2.3,Pharyngeal_neuron,230.0,210-270
CGCTGGAGTGCACCAC-400.2.3,Hypodermis,350.0,330-390
GTCGGGTCAAGCCCAC-500.2.2,Body_wall_muscle,490.0,450-510
TCTCTAAGTCAAACTC-500.1.1,,470.0,450-510
CCACGGATCCTAAGTG-500.2.1,,550.0,510-580
TACCTATCAATGAATG-400.2.2,Body_wall_muscle,350.0,330-390
GTCTCGTAGGACATTA-500.1.1,Ciliated_non_amphid_neuron,415.0,390-450
CCTTCGAAGTATCGAA-500.1.1,Ciliated_non_amphid_neuron,380.0,330-390
GGAAAGCAGCTCCCAG-400.2.2,Ciliated_non_amphid_neuron,380.0,330-390
GAGTCCGAGTGAAGAG-300.1.2,,320.0,270-330
AAAGATGCACCGATAT-500.1.1,Ciliated_non_amphid_neuron,380.0,330-390
AGCGGTCGTACGACCC-500.2.2,Hypodermis,425.0,390-450
AGGTCATTCCTACAGA-400.2.1,,470.0,450-510
GGTATTGAGCTCCTTC-400.2.1,,295.0,270-330
CTCAGAATCATTTGGG-400.2.3,,260.0,210-270
AGCGGTCCACCGGAAA-b01,,160.0,130-170
CGTTCTGCACATAACC-500.2.2,Pharyngeal_muscle,430.0,390-450
GTTCATTTCGTCGTTC-b01,,200.0,170-210
GGCTCGATCCGAACGC-500.2.2,Intestine,700.0,> 650
TTATGCTTCGGTTCGG-500.2.2,Body_wall_muscle,415.0,390-450
CGTCACTAGACCTTTG-r17,Glia,425.0,390-450
CGGAGCTTCCTTTCTC-r17,,260.0,210-270
ATGGGAGTCCGAAGAG-b01,,170.0,170-210
AAGCCGCCAAAGCAAT-b01,Pharyngeal_neuron,330.0,330-390
TAAACCGTCAAACAAG-r17,Body_wall_muscle,350.0,330-390
TACTCATAGGCAAAGA-400.2.3,Body_wall_muscle,320.0,270-330
ACTGAGTCACATTAGC-300.1.1,,300.0,270-330
TACCTTAGTAGAGGAA-500.1.1,Ciliated_amphid_neuron,420.0,390-450
TTGAACGGTGTAATGA-b01,Germline,0.0,< 100
GTGTGCGCAATGCCAT-300.1.1,,290.0,270-330
TCCACACCAGGGATTG-400.2.1,Body_wall_muscle,210.0,210-270
AAGTCTGTCCGGCACA-300.1.3,Body_wall_muscle,230.0,210-270
ATGGGAGGTACCGCTG-r17,,310.0,270-330
AACTCTTCATTGAGCT-400.2.3,Body_wall_muscle,420.0,390-450
GTACTCCGTCAACATC-500.1.2,Arcade_cell,630.0,580-650
CGCCAAGCATATACGC-400.2.3,Hypodermis,300.0,270-330
ACGTCAAAGGGCATGT-400.2.2,,300.0,270-330
CTACCCAGTCTGGAGA-300.1.1,Ciliated_amphid_neuron,320.0,270-330
TGACGGCAGTCTCCTC-400.2.1,Intestine,320.0,270-330
CACAGTAAGCAGCCTC-400.2.3,,300.0,270-330
GTCATTTTCCCATTTA-500.2.2,Body_wall_muscle,490.0,450-510
CATCGGGAGATGTCGG-b01,,130.0,130-170
AACCGCGGTCAGAGGT-r17,,120.0,100-130
CGCGTTTAGTGAAGAG-400.2.2,Hypodermis,300.0,270-330
GATCGATAGCTCCTCT-300.1.1,GLR,330.0,330-390
TAAACCGTCGTTTGCC-400.2.3,Hypodermis,320.0,270-330
ACTTTCAGTGGTCCGT-500.1.2,,385.0,330-390
TACTCGCTCTGGTGTA-b01,,490.0,450-510
GGTATTGGTTGTCTTT-500.1.2,Ciliated_amphid_neuron,390.0,390-450
GAATGAATCACAGGCC-400.2.2,Body_wall_muscle,340.0,330-390
TCAGGATGTGAAATCA-500.1.2,Body_wall_muscle,410.0,390-450
TGCTGCTCAGGAATGC-b01,Rectal_cell,350.0,330-390
TACAGTGTCGGCTACG-400.2.3,,275.0,270-330
ACTGCTCTCTGATTCT-300.1.2,,300.0,270-330
CGTGAGCGTGCAACTT-b01,Hypodermis,630.0,580-650
TCGTACCTCTTTCCTC-300.1.3,,290.0,270-330
CCAGCGAAGAGTTGGC-r17,,130.0,130-170
AAGCCGCCATAGACTC-500.1.1,,700.0,> 650
CTCCTAGGTTGTCGCG-b01,,130.0,130-170
ACAGCCGTCTTACCGC-500.2.1,Body_wall_muscle,760.0,> 650
CATCCACTCACTCCTG-r17,Pharyngeal_gland,380.0,330-390
CTCGGAGCATTAGCCA-300.1.1,Seam_cell,300.0,270-330
CCGTTCAAGCAATCTC-r17,Pharyngeal_gland,350.0,330-390
GGATTACAGTTGCAGG-500.1.1,Hypodermis,550.0,510-580
TAGTGGTCATCGATTG-300.1.3,Ciliated_amphid_neuron,310.0,270-330
GCAAACTCACCCATTC-500.2.2,,620.0,580-650
ACGATGTGTGTCAATC-300.1.1,Body_wall_muscle,285.0,270-330
TATGCCCTCAGCGATT-500.2.1,,470.0,450-510
CTCATTATCCAAAGTC-400.2.2,,230.0,210-270
ACGATACTCTTCGGTC-400.2.3,Parent_of_exc_gland_AVK,260.0,210-270
GCGGGTTAGGCATTGG-400.2.2,,260.0,210-270
GCATGATCAGTTCCCT-500.1.1,Body_wall_muscle,490.0,450-510
TCAGCTCGTTGTTTGG-500.2.1,,490.0,450-510
GGCGTGTCACAGACAG-r17,,355.0,330-390
GACTAACGTAGCTAAA-500.1.2,Coelomocyte,415.0,390-450
ATGTGTGGTGCATCTA-500.1.2,Pharyngeal_marginal_cell,340.0,330-390
TTATGCTTCACAATGC-300.1.1,Hypodermis,345.0,330-390
ATGCGATAGACTCGGA-300.1.3,,230.0,210-270
TACCTTAGTCATCCCT-500.1.1,,630.0,580-650
CGGACTGGTCTGATCA-400.2.1,Body_wall_muscle,360.0,330-390
CGTGTCTTCCTCCTAG-b01,,150.0,130-170
AAGGTTCCACCTATCC-r17,,85.0,< 100
GATGCTACATCACGTA-b01,Ciliated_non_amphid_neuron,625.0,580-650
TCTTTCCCACGCTTTC-r17,,140.0,130-170
CATTCGCGTCAAAGCG-500.1.2,Ciliated_non_amphid_neuron,450.0,450-510
ACTGCTCCAGGTCCAC-500.2.2,Hypodermis,420.0,390-450
GCGGGTTAGAAACCTA-400.2.2,,290.0,270-330
TTTATGCCATCTCCCA-400.2.3,GLR,355.0,330-390
GATCGATTCTGCGGCA-400.2.1,,370.0,330-390
TGTGGTACAAAGTCAA-400.2.1,,300.0,270-330
CTAGAGTTCCTATTCA-400.2.1,Hypodermis,450.0,450-510
CAAGGCCTCTTATCTG-500.1.1,,420.0,390-450
GGCTCGATCCAAAGTC-500.1.1,,365.0,330-390
GACGGCTGTTCATGGT-b02,Hypodermis,490.0,450-510
GTGCGGTTCGGACAAG-300.1.2,Pharyngeal_neuron,300.0,270-330
AGAGTGGCAAGTCATC-300.1.3,Seam_cell,360.0,330-390
GCTGCAGAGGTGCTAG-300.1.1,Body_wall_muscle,270.0,270-330
TAGCCGGCAGTCCTTC-400.2.3,,230.0,210-270
TCACGAAAGAGGTTGC-b01,,640.0,580-650
GTCATTTAGGCAATTA-r17,Ciliated_amphid_neuron,355.0,330-390
CTCTACGCAGTCAGAG-r17,Pharyngeal_neuron,300.0,270-330
CCTTCCCGTCGCGTGT-300.1.1,Seam_cell,285.0,270-330
ACACCCTCAAACCTAC-b01,,170.0,170-210
ACATACGAGATGTGGC-r17,Intestine,160.0,130-170
TTCTTAGCAGCCACCA-300.1.1,Ciliated_non_amphid_neuron,245.0,210-270
CCCAGTTGTAAACGCG-500.1.2,,420.0,390-450
AGCCTAACACATGACT-300.1.1,,355.0,330-390
CTCGTACCAGCAGTTT-b02,,195.0,170-210
CTTAGGAAGCGTGAGT-300.1.1,,270.0,270-330
CTTTGCGGTTCAGCGC-r17,,195.0,170-210
GGGATGAGTACATGTC-400.2.1,Ciliated_non_amphid_neuron,260.0,210-270
AACGTTGAGGGAACGG-400.2.1,Body_wall_muscle,420.0,390-450
GGATTACAGATCCGAG-b02,,330.0,330-390
TCATTACCAGACGTAG-500.2.2,,375.0,330-390
CTAGAGTGTTTCGCTC-500.2.2,Rectal_cell,450.0,450-510
CTTAGGACACCTATCC-400.2.2,Body_wall_muscle,450.0,450-510
GGATTACTCGTTTGCC-300.1.1,Body_wall_muscle,300.0,270-330
GCGCAACCATGACGGA-400.2.1,,300.0,270-330
GACGCGTCAGGAACGT-r17,,290.0,270-330
GTAGGCCCATGCCTTC-b01,Body_wall_muscle,550.0,510-580
GTGAAGGCAAACGCGA-b01,,290.0,270-330
TCTGAGAGTTCGGGCT-300.1.3,,260.0,210-270
GTTCGGGTCATGGTCA-300.1.3,Ciliated_amphid_neuron,345.0,330-390
GTACGTACAAGTACCT-b01,Ciliated_amphid_neuron,185.0,170-210
TGAGGGAAGTGGTCCC-500.1.1,,470.0,450-510
AGAGCGACAGCTGGCT-500.1.2,Ciliated_non_amphid_neuron,640.0,580-650
TGGACGCTCTTTCCTC-b01,,195.0,170-210
TGTCCCACAGGGTTAG-300.1.3,,245.0,210-270
CGCGGTAGTCGCTTCT-300.1.2,Ciliated_non_amphid_neuron,260.0,210-270
CCTTACGTCCTAGTGA-400.2.1,Body_wall_muscle,390.0,390-450
TCTCTAACAGACACTT-500.1.1,Pharyngeal_muscle,225.0,210-270
CTGTTTATCCAGTATG-500.1.1,Hypodermis,450.0,450-510
GTAGGCCAGAAACCAT-r17,Body_wall_muscle,230.0,210-270
TTAGGCACACACCGCA-b02,Body_wall_muscle,530.0,510-580
CGATGGCTCTCCTATA-r17,,270.0,270-330
TAGCCGGCACTATCTT-500.1.1,,245.0,210-270
TCTATTGAGACAGACC-400.2.1,Hypodermis,310.0,270-330
TGTCCCAGTGCCTGCA-b01,Body_wall_muscle,360.0,330-390
CTGATCCTCATCTGCC-400.2.3,Ciliated_amphid_neuron,350.0,330-390
TCAATCTGTGATGATA-500.2.2,Pharyngeal_muscle,630.0,580-650
ACACCGGGTCCTGCTT-300.1.1,Body_wall_muscle,430.0,390-450
CATGCCTTCTTCTGGC-400.2.3,,320.0,270-330
TCAGCAACAGGGATTG-500.2.2,,435.0,390-450
TCGGTAACACGTCTCT-r17,Seam_cell,470.0,450-510
TAGAGCTTCGAATGGG-300.1.3,GLR,300.0,270-330
TGCGGGTGTCATCGGC-400.2.3,,510.0,510-580
TACCTATCACGTGAGA-400.2.2,,300.0,270-330
AGCTCTCTCACCTCGT-500.2.1,Rectal_gland,450.0,450-510
GGCTGGTCAGGTGCCT-300.1.1,,265.0,210-270
CGATCGGCAGGGTATG-500.1.2,,300.0,270-330
AGTAGTCCAGCCTTTC-500.2.2,Ciliated_non_amphid_neuron,385.0,330-390
CGATTGACACGAAAGC-500.1.3,,385.0,330-390
CCTTCGATCTTTAGTC-300.1.1,,300.0,270-330
GGATGTTGTTGTGGAG-400.2.2,,220.0,210-270
ACTGATGCATTTCAGG-400.2.2,Body_wall_muscle,330.0,330-390
ACTTGTTTCGATCCCT-500.2.1,Intestine,700.0,> 650
AGCGTCGTCGTTACAG-500.1.1,,320.0,270-330
CAAGTTGAGCGTTTAC-500.2.2,Intestine,700.0,> 650
GACGGCTTCGCAAACT-500.2.2,Ciliated_amphid_neuron,375.0,330-390
CCACCTATCCCTTGTG-300.1.1,Pharyngeal_muscle,310.0,270-330
TCCCGATGTAAGTTCC-400.2.3,Body_wall_muscle,325.0,270-330
ATAACGCCACAGAGGT-b01,,320.0,270-330
AGGGATGTCTGGAGCC-400.2.2,,230.0,210-270
CACACAAAGCGGCTTC-b01,,200.0,170-210
TCAACGAAGAAGGGTA-300.1.1,Pharyngeal_muscle,330.0,330-390
CTGATAGTCACATAGC-500.2.2,,410.0,390-450
ACACCCTAGCGCTTAT-500.1.1,,435.0,390-450
TGAGGGAGTACTTGAC-400.2.3,,280.0,270-330
GTACGTAGTAGGGTAC-r17,,190.0,170-210
CCTTCGATCCTAGGGC-b01,,490.0,450-510
GTACTTTCAGGTCCAC-b02,,495.0,450-510
CGATGTACATGCCCGA-400.2.3,,260.0,210-270
CTCTGGTAGCCCTAAT-500.1.1,,345.0,330-390
CGCTGGATCGGCTACG-r17,Ciliated_amphid_neuron,260.0,210-270
CTACCCACAGTTCATG-b01,,350.0,330-390
TACTCATGTACAGCAG-b02,XXX,400.0,390-450
GTATTCTAGGTGTTAA-500.1.1,Intestine,520.0,510-580
ATTGGACAGCAGACTG-400.2.3,Body_wall_muscle,360.0,330-390
AACTCAGCAGGCTGAA-300.1.1,,300.0,270-330
GTCCTCAAGGCTAGGT-b01,Arcade_cell,630.0,580-650
TACACGACAATAAGCA-r17,,245.0,210-270
TGGTTCCAGAGCTTCT-500.2.1,Hypodermis,620.0,580-650
TCCCGATTCCTTGGTC-400.2.3,,270.0,270-330
ATCGAGTGTTCTGGTA-400.2.3,,340.0,330-390
AGTCTTTTCTAGAGTC-400.2.2,,200.0,170-210
CACATAGCATCCGCGA-400.2.2,,170.0,170-210
TGGACGCAGAATTCCC-b01,,290.0,270-330
TCTATTGGTTGTGGCC-400.2.1,Hypodermis,280.0,270-330
GTATTCTGTCTTCAAG-b01,,550.0,510-580
TGCCCATGTATTCTCT-500.1.2,,360.0,330-390
CGTCTACAGACCTTTG-300.1.3,,230.0,210-270
TCACGAAAGGTGCACA-400.2.3,,295.0,270-330
AACTGGTCAAACCTAC-b01,Ciliated_amphid_neuron,380.0,330-390
GGTATTGTCCGCATAA-500.1.1,,520.0,510-580
AAAGCAAAGCATGGCA-400.2.3,Body_wall_muscle,420.0,390-450
ATCCACCAGAAGGGTA-400.2.3,,200.0,170-210
ATAAGAGGTGTTCGAT-300.1.1,Seam_cell,230.0,210-270
TTAACTCGTACAAGTA-r17,,320.0,270-330
CTACCCAAGAGCTATA-400.2.3,,270.0,270-330
CTAGTGACAGCCAGAA-400.2.2,,335.0,330-390
ATCCACCGTTCCATGA-r17,Pharyngeal_intestinal_valve,230.0,210-270
AAAGCAACAGAGTGTG-b01,,260.0,210-270
GCCAAATTCAAAGTAG-400.2.2,Ciliated_non_amphid_neuron,230.0,210-270
TTAGGACTCACATACG-300.1.3,,215.0,210-270
GTCTTCGAGGAGTAGA-500.1.1,,500.0,450-510
CGAATGTAGATATACG-500.2.1,,640.0,580-650
TGGCTGGAGAGGGATA-500.1.2,,450.0,450-510
AACACGTGTGCGGTAA-500.2.1,Ciliated_amphid_neuron,640.0,580-650
TGGCGCATCAACCATG-b01,,190.0,170-210
AGCTCCTTCACCGGGT-400.2.1,Glia,340.0,330-390
CATTATCCATTAGCCA-400.2.1,,425.0,390-450
ATCATCTTCAAAGACA-r17,,280.0,270-330
TACTTACAGGGATCTG-400.2.1,Body_wall_muscle,390.0,390-450
CTCGAGGGTCTTGTCC-r17,Body_wall_muscle,140.0,130-170
GTCGGGTTCCTTAATC-300.1.3,,260.0,210-270
AGTAGTCCATATGCTG-500.2.1,Body_wall_muscle,630.0,580-650
GGTGAAGAGCGCCTCA-b01,,550.0,510-580
ATTACTCTCTTTAGTC-b01,Hypodermis,330.0,330-390
ATGCGATAGCCAGTTT-500.1.1,,350.0,330-390
TAGAGCTAGTGTGGCA-400.2.2,,230.0,210-270
ACATGGTTCTCGTTTA-500.1.2,Ciliated_amphid_neuron,490.0,450-510
AAATGCCAGAAGGTTT-400.2.2,,280.0,270-330
TTCTACATCGGAAACG-400.2.2,,200.0,170-210
CGATGTACATCGACGC-b01,,170.0,170-210
CACAAACGTCTCACCT-b01,,400.0,390-450
CGATTGAAGTTCGCGC-300.1.3,,170.0,170-210
GAAACTCCACGAGGTA-300.1.1,GLR,300.0,270-330
CTGCCTAAGGGTGTTG-300.1.1,Body_wall_muscle,260.0,210-270
TAAGTGCTCTTGTTTG-400.2.2,Body_wall_muscle,410.0,390-450
GGACATTGTGGTCTCG-400.2.2,Ciliated_amphid_neuron,290.0,270-330
GCATGCGTCCGCGGTA-300.1.1,,285.0,270-330
GGATGTTAGAACTCGG-r17,,190.0,170-210
AACTCTTAGTGACATA-300.1.2,Body_wall_muscle,360.0,330-390
ATTACTCGTTGATTCG-500.1.2,Body_wall_muscle,450.0,450-510
AGAGCGAAGCCACGCT-500.1.1,Ciliated_non_amphid_neuron,520.0,510-580
CAGTAACGTCCCTTGT-r17,Ciliated_amphid_neuron,160.0,130-170
TATCAGGTCTTGCATT-300.1.1,Ciliated_non_amphid_neuron,330.0,330-390
CATCAAGAGAACAACT-b01,,270.0,270-330
TGCCCTAGTAAGGGAA-400.2.1,,310.0,270-330
CGGACACGTCAGCTAT-b01,,370.0,330-390
CGAATGTCAGACGCCT-300.1.3,Ciliated_non_amphid_neuron,260.0,210-270
CGCGTTTAGGAACTGC-400.2.3,Ciliated_non_amphid_neuron,450.0,450-510
CTGGTCTTCAACGCTA-r17,,225.0,210-270
CGCCAAGGTTGAGGTG-400.2.2,Hypodermis,380.0,330-390
GATGCTACATCTGGTA-400.2.3,Body_wall_muscle,490.0,450-510
AGGCCACCACAACGCC-500.1.3,Z1_Z4,355.0,330-390
GACGTTAAGGACATTA-r17,,700.0,> 650
CCTTCGATCAAAGACA-500.1.1,Hypodermis,375.0,330-390
CCACGGAAGTTGTAGA-400.2.3,,280.0,270-330
CCACTACCACTCGACG-400.2.3,Ciliated_amphid_neuron,205.0,170-210
CGGGTCAAGTCGAGTG-b01,,195.0,170-210
TTGGCAAAGCTAAACA-r17,,265.0,210-270
TCTGAGAGTGTCCTCT-500.2.2,Hypodermis,395.0,390-450
TTGCGTCCAGACAAGC-500.2.1,Rectal_gland,550.0,510-580
CTCGGGAAGACAGGCT-500.2.1,Body_wall_muscle,700.0,> 650
CTCACACTCCCGACTT-400.2.3,Z1_Z4,355.0,330-390
TGAAAGAGTAAAGGAG-400.2.1,ABarpaaa_lineage,245.0,210-270
TGCTGCTCATCCCACT-r17,Rectal_cell,420.0,390-450
GGACAGAAGCGCCTTG-400.2.3,,260.0,210-270
AAATGCCGTGTGACGA-400.2.1,Ciliated_non_amphid_neuron,350.0,330-390
CTCACACCAGAGTGTG-r17,,180.0,170-210
GCGAGAATCGTACCGG-500.1.1,Body_wall_muscle,420.0,390-450
GATCAGTAGCACAGGT-b01,Ciliated_non_amphid_neuron,630.0,580-650
TATTACCCATGGGAAC-400.2.1,Seam_cell,550.0,510-580
TGAGGGAGTGAGGGAG-r17,,260.0,210-270
ACGAGGAAGCAACGGT-300.1.3,,300.0,270-330
TCTTTCCGTCATATGC-400.2.2,Body_wall_muscle,330.0,330-390
GTAACTGAGTTAGGTA-b02,Intestinal_and_rectal_muscle,640.0,580-650
CATCAAGGTCGCTTCT-300.1.2,Ciliated_amphid_neuron,230.0,210-270
CTGCGGACAGCTGTTA-b01,,200.0,170-210
CTTACCGGTCAAACTC-500.2.2,Hypodermis,400.0,390-450
TAAGAGATCACAATGC-300.1.1,Body_wall_muscle,225.0,210-270
AGCAGCCGTGACTACT-500.2.1,Body_wall_muscle,725.0,> 650
ATTACTCTCAAAGACA-300.1.1,,230.0,210-270
AGCCTAAAGTCTCGGC-r17,Intestine,335.0,330-390
TTCTCCTTCGCCTGAG-b01,Pharyngeal_muscle,350.0,330-390
CCTTCGAAGGCGCTCT-400.2.1,Hypodermis,430.0,390-450
GACACGCTCGTTTATC-500.1.2,Body_wall_muscle,550.0,510-580
TTAACTCGTTGTCTTT-500.2.2,Body_wall_muscle,420.0,390-450
TAGCCGGAGGTCGGAT-b01,,230.0,210-270
TCTTTCCTCGGCCGAT-b01,,550.0,510-580
AAAGCAACACAAGCCC-400.2.3,,300.0,270-330
CAAGATCCATTGAGCT-400.2.2,,300.0,270-330
GGTGTTATCAGGATCT-500.1.1,Ciliated_amphid_neuron,550.0,510-580
TTTACTGAGGACACCA-400.2.1,Body_wall_muscle,410.0,390-450
GTTCGGGCAGCTGTGC-b01,Ciliated_non_amphid_neuron,325.0,270-330
GGAATAACATGCGCAC-400.2.3,Body_wall_muscle,345.0,330-390
CTCGAAAGTCGCTTTC-b01,,420.0,390-450
GTGTGCGTCTTCTGGC-r17,,340.0,330-390
TATCAGGGTCGCATCG-b01,,380.0,330-390
CACCACTAGCCCTAAT-400.2.2,Ciliated_amphid_neuron,230.0,210-270
CGACTTCAGTGACATA-500.2.2,Ciliated_amphid_neuron,670.0,> 650
ACTTGTTTCGGTTAAC-400.2.1,,340.0,330-390
AAAGATGGTGTTCTTT-400.2.2,Body_wall_muscle,410.0,390-450
CATCGAACAATGTTGC-b01,,270.0,270-330
CAGATCAAGATATGCA-400.2.1,,270.0,270-330
ATCTGCCTCTTACCTA-500.1.1,Hypodermis,550.0,510-580
TCGCGTTGTACCGTAT-400.2.1,Body_wall_muscle,420.0,390-450
TAGTGGTGTAGAGTGC-b01,Body_wall_muscle,260.0,210-270
GAAACTCTCGGTTCGG-b01,,130.0,130-170
CGGAGTCAGACTGTAA-b02,Z1_Z4,830.0,> 650
AGTAGTCCACCAGATT-400.2.1,,170.0,170-210
CTTCTCTCACGTAAGG-500.2.1,Arcade_cell,630.0,580-650
AGCTCTCCACAGTCGC-b01,,260.0,210-270
ATTATCCGTCGCATAT-400.2.1,Hypodermis,350.0,330-390
ACTTGTTTCACATGCA-b01,Intestine,700.0,> 650
CCACTACAGTGTCTCA-400.2.1,,200.0,170-210
GTACTTTTCAGTGCAT-b01,,270.0,270-330
GTAACTGAGAGCTTCT-400.2.3,Ciliated_non_amphid_neuron,260.0,210-270
ACGGGCTAGTGCCAGA-500.2.1,,230.0,210-270
TGGTTAGCAATGCCAT-400.2.3,Body_wall_muscle,490.0,450-510
GCGCAGTAGGGCACTA-400.2.1,Pharyngeal_muscle,320.0,270-330
ATGGGAGTCAATCTCT-500.2.1,Body_wall_muscle,420.0,390-450
GAACCTAGTTCTGAAC-500.2.2,,750.0,> 650
GCTGGGTGTGGTAACG-400.2.2,Hypodermis,450.0,450-510
GTAACTGCACTCTGTC-r17,,170.0,170-210
CGTGAGCGTACTTAGC-400.2.3,Body_wall_muscle,420.0,390-450
GATCGCGTCCAGAGGA-500.2.2,Ciliated_amphid_neuron,420.0,390-450
GTCATTTTCTCGTATT-300.1.1,Body_wall_muscle,390.0,390-450
CCCAGTTTCCACGACG-500.2.2,Body_wall_muscle,450.0,450-510
CATATTCGTAGCCTAT-400.2.2,,220.0,210-270
TACGGATTCTTATCTG-300.1.1,,270.0,270-330
ATTACTCTCGGCCGAT-300.1.2,,330.0,330-390
CACACCTTCACTTATC-300.1.3,Body_wall_muscle,400.0,390-450
GACGTTAGTAATAGCA-300.1.3,,320.0,270-330
ATTACTCAGATCCGAG-b01,,120.0,100-130
CGTCAGGCAATGGAGC-300.1.3,Ciliated_amphid_neuron,170.0,170-210
CGGCTAGAGACAGAGA-400.2.2,,325.0,270-330
CGATTGAGTACCGGCT-400.2.1,Pharyngeal_muscle,230.0,210-270
ACATACGAGGTGATTA-400.2.3,Pharyngeal_intestinal_valve,350.0,330-390
CCGTTCATCAGCAACT-500.2.2,M_cell,430.0,390-450
GCGCAACTCATGCAAC-b01,Pharyngeal_muscle,420.0,390-450
TCCACACTCGAGGTAG-500.1.1,Body_wall_muscle,350.0,330-390
GATGAAATCGCACTCT-500.2.2,Hypodermis,640.0,580-650
CTCTAATGTGTAAGTA-400.2.1,Body_wall_muscle,260.0,210-270
ATAACGCTCTGTCTAT-400.2.1,,320.0,270-330
CTCGTCATCGTCTGCT-400.2.2,Body_wall_muscle,450.0,450-510
GTCATTTGTCAGCTAT-r17,Seam_cell,280.0,270-330
CCACGGAGTAAGTGTA-500.2.1,Hypodermis,450.0,450-510
CTCAGAAGTACCAGTT-500.2.1,hmc,530.0,510-580
CGATTGAAGCTAAACA-b01,Body_wall_muscle,550.0,510-580
CAAGATCCAGTCAGCC-400.2.1,Body_wall_muscle,320.0,270-330
GGATGTTCATAGTAAG-500.2.1,,700.0,> 650
ACGGGTCTCCGCGGTA-300.1.2,Body_wall_muscle,420.0,390-450
GTGTTAGTCTGACCTC-r17,,300.0,270-330
ACCCACTCATCAGTAC-300.1.3,Body_wall_muscle,380.0,330-390
CCTTCGAGTATGCTTG-400.2.1,Ciliated_amphid_neuron,380.0,330-390
GTTCATTAGATCCGAG-b01,Glia,430.0,390-450
GTTACAGAGGGTCGAT-r17,Body_wall_muscle,265.0,210-270
TTATGCTGTCACACGC-300.1.3,,325.0,270-330
TACTCATTCCTATGTT-500.1.3,Coelomocyte,470.0,450-510
AGGGTGACATGCCACG-400.2.1,,260.0,210-270
CATCAAGAGTTTAGGA-b02,,200.0,170-210
CGGGTCAGTCATGCCG-500.1.2,Ciliated_non_amphid_neuron,260.0,210-270
CGAACATCACATAACC-r17,,245.0,210-270
GCGACCAAGCCCAATT-500.2.1,Hypodermis,620.0,580-650
AACGTTGTCGTCCGTT-500.1.2,Ciliated_amphid_neuron,700.0,> 650
GAGTCCGAGAAGAAGC-r17,,510.0,510-580
CCGGTAGCACGAGAGT-400.2.3,,375.0,330-390
TTAACTCTCACCCTCA-400.2.2,,190.0,170-210
AGTGGGACATGTAGTC-b01,,210.0,210-270
GATGAGGCAAGACGTG-500.1.1,Coelomocyte,450.0,450-510
GGCTCGACAAGACGTG-b01,Hypodermis,245.0,210-270
CATCAAGTCGCCCTTA-500.2.1,Seam_cell,450.0,450-510
GAACATCCATACAGCT-400.2.3,Body_wall_muscle,340.0,330-390
CCTTTCTGTGCGATAG-400.2.1,Hypodermis,300.0,270-330
ATAACGCTCTTGAGGT-400.2.1,Body_wall_muscle,400.0,390-450
AACTCCCAGGCTCATT-r17,Body_wall_muscle,410.0,390-450
TTGAACGAGACATAAC-b01,,435.0,390-450
AAGCCGCGTGGAAAGA-300.1.2,,300.0,270-330
TACGGTAGTCGAGTTT-500.2.1,Hypodermis,635.0,580-650
GAATAAGAGTTACGGG-300.1.1,Ciliated_non_amphid_neuron,295.0,270-330
CAAGATCTCATACGGT-b01,Body_wall_muscle,490.0,450-510
GCACTCTGTACAAGTA-400.2.2,Hypodermis,390.0,390-450
CATGACAAGTTGAGAT-500.2.1,Hypodermis,415.0,390-450
TTTCCTCCAATAGAGT-400.2.2,Ciliated_amphid_neuron,350.0,330-390
CTGCGGAAGGTACTCT-300.1.3,,230.0,210-270
GCTGCTTAGATGCCAG-400.2.3,Ciliated_amphid_neuron,230.0,210-270
ATGAGGGCAATGGTCT-400.2.2,Hypodermis,280.0,270-330
AGTGGGAGTCAACATC-400.2.1,,360.0,330-390
GATCAGTAGTGGTCCC-400.2.2,Body_wall_muscle,490.0,450-510
AGCTCTCAGTATCTCG-300.1.2,Body_wall_muscle,300.0,270-330
CGACTTCAGCGTTGCC-500.1.2,,350.0,330-390
TGGGAAGCACAAGACG-b01,Body_wall_muscle,420.0,390-450
CTAGAGTTCGCAGGCT-r17,Body_wall_muscle,390.0,390-450
ATTGGTGTCTTGAGGT-400.2.2,,295.0,270-330
CCTAGCTAGACTCGGA-500.2.2,Intestine,440.0,390-450
CGGAGCTAGAGTCGGT-400.2.1,Ciliated_non_amphid_neuron,345.0,330-390
CTCTAATGTTTGACAC-400.2.2,Ciliated_amphid_neuron,350.0,330-390
ACTTTCACATTTGCTT-r17,,300.0,270-330
TACTTACGTATAGGTA-500.2.1,Seam_cell,450.0,450-510
CACCACTGTCGACTGC-b01,Pharyngeal_neuron,310.0,270-330
TACTTACAGACATAAC-400.2.2,,195.0,170-210
CTAACTTAGGTGCACA-300.1.2,,290.0,270-330
AACCGCGTCGCCATAA-500.2.1,,750.0,> 650
AGGCCACAGTCTCCTC-r17,,270.0,270-330
CTGTGCTTCGTGGACC-300.1.2,,210.0,210-270
TAAACCGCAGTTTACG-400.2.1,Hypodermis,290.0,270-330
CGTCCATAGAAGGACA-b01,Body_wall_muscle,490.0,450-510
GAAGCAGCATACTCTT-500.2.1,Hypodermis,430.0,390-450
CTGCTGTGTACTCAAC-300.1.1,,280.0,270-330
GAAACTCTCCTATGTT-400.2.3,Pharyngeal_muscle,335.0,330-390
TCAGCAAGTTTGTTGG-400.2.3,,180.0,170-210
GAAATGAAGGACGAAA-300.1.2,,285.0,270-330
TAGGCATTCTTAACCT-400.2.3,,225.0,210-270
CTAGAGTAGCGCTTAT-b01,Body_wall_muscle,280.0,270-330
GACGTGCAGCACAGGT-400.2.2,Seam_cell,320.0,270-330
TGAAAGATCCCTTGTG-500.1.1,Body_wall_muscle,450.0,450-510
CAGCTAAGTTGTACAC-300.1.3,Hypodermis,390.0,390-450
CATCAAGAGCTAGTCT-r17,Body_wall_muscle,340.0,330-390
ATCTACTTCAGCACAT-400.2.1,,290.0,270-330
ACACCGGCATACTACG-b02,Hypodermis,470.0,450-510
CATCAGACAGCCAGAA-400.2.2,Body_wall_muscle,385.0,330-390
TTATGCTGTATTCGTG-400.2.3,,280.0,270-330
ACTTTCACAAGCGATG-300.1.3,Ciliated_non_amphid_neuron,265.0,210-270
GTTTCTATCAACACAC-500.2.1,Pharyngeal_gland,550.0,510-580
CAAGATCGTAGCTGCC-300.1.1,Ciliated_non_amphid_neuron,345.0,330-390
AACTCAGAGCTGATAA-400.2.3,Hypodermis,300.0,270-330
CACACAACATGCAACT-r17,,260.0,210-270
TTGACTTCAGTCAGCC-300.1.3,Intestine,330.0,330-390
GACGTTACAGTCTTCC-r17,Coelomocyte,350.0,330-390
CAGCAGCTCAGAGGTG-300.1.3,,220.0,210-270
GCAGCCAAGGGTCTCC-500.2.2,Ciliated_amphid_neuron,585.0,580-650
AGCATACGTCCATCCT-400.2.3,,260.0,210-270
GTTAAGCTCACATAGC-400.2.2,,205.0,170-210
TCGGGACGTAACGACG-400.2.1,Body_wall_muscle,420.0,390-450
CGATTGAGTTGTGGAG-500.1.1,,385.0,330-390
AACTCCCTCGTTTATC-400.2.2,,200.0,170-210
TCTGAGAGTCGCATCG-b01,GLR,300.0,270-330
ACGCCAGAGCTGTTCA-b01,,300.0,270-330
CGAATGTAGTAGGCCA-400.2.1,Body_wall_muscle,490.0,450-510
TACTCATAGGCAGGTT-300.1.1,,295.0,270-330
ATCCACCTCAGAGCTT-b01,Body_wall_muscle,340.0,330-390
TGGTTCCGTCGCATAT-300.1.3,,230.0,210-270
TTGGCAAGTACTTCTT-500.2.1,Seam_cell,395.0,390-450
TGCGCAGAGCGTTTAC-r17,Hypodermis,410.0,390-450
GAAGCAGGTTACGCGC-b02,,190.0,170-210
TTTGGTTCACGGCTAC-b02,Glia,640.0,580-650
AGTGGGACACCCTATC-b01,Glia,490.0,450-510
CCTTCCCAGAAGATTC-400.2.3,,335.0,330-390
TCAATCTAGAGCTATA-300.1.1,Ciliated_amphid_neuron,385.0,330-390
ACATGGTTCACAATGC-400.2.3,Body_wall_muscle,390.0,390-450
CCTACCACACTCGACG-b01,Body_wall_muscle,415.0,390-450
TCGAGGCAGCTAGCCC-400.2.3,,420.0,390-450
CTCCTAGCAGTTTACG-b02,,345.0,330-390
GGACGTCCAGAGTGTG-500.1.1,Ciliated_non_amphid_neuron,380.0,330-390
CGGAGCTTCGTCCAGG-400.2.2,Seam_cell,280.0,270-330
GAACGGATCTGCTTGC-500.2.2,Glia,700.0,> 650
ATTACTCTCCTATTCA-b01,,265.0,210-270
AGCGTCGGTTAAGGGC-b01,Intestine,230.0,210-270
CGATCGGAGCTGAACG-500.2.1,Body_wall_muscle,550.0,510-580
CTAACTTGTCCCTACT-400.2.2,Excretory_cell_parent,240.0,210-270
TCGGGACGTGCAGACA-500.2.1,,450.0,450-510
CCCAATCCATGAGCGA-400.2.2,Body_wall_muscle,490.0,450-510
CGTAGCGCATCGATTG-400.2.3,,270.0,270-330
ATTGGACAGTGTGGCA-b01,,380.0,330-390
TGCACCTCATGGTCTA-500.1.2,Ciliated_non_amphid_neuron,585.0,580-650
CTGTTTATCCTTTCGG-r17,Pharyngeal_neuron,375.0,330-390
CCATTCGAGCTCTCGG-300.1.1,Hypodermis,335.0,330-390
TACGGATCAGGCGATA-300.1.3,,265.0,210-270
ACTTACTTCGCCAAAT-300.1.1,Body_wall_muscle,355.0,330-390
GTGCGGTTCCTAGAAC-500.1.1,,510.0,510-580
ACTTTCATCGACCAGC-400.2.3,,280.0,270-330
TCACGAAAGAGCTTCT-500.2.2,Ciliated_non_amphid_neuron,490.0,450-510
TATCTCATCCAAACTG-500.1.2,,400.0,390-450
CGACTTCAGCTGATAA-300.1.3,,300.0,270-330
TGACTAGTCTACTATC-500.2.1,Ciliated_amphid_neuron,700.0,> 650
TGCCCTACAAGCGATG-500.2.1,Hypodermis,550.0,510-580
GATCGTAGTCCTCTTG-500.1.2,Glia,380.0,330-390
TACCTATTCTTCGAGA-400.2.3,,215.0,210-270
TTGGAACGTAATAGCA-b01,Ciliated_non_amphid_neuron,270.0,270-330
CGCTGGACATCGACGC-b01,,300.0,270-330
CAGTCCTTCAGGTAAA-b01,,295.0,270-330
AACGTTGGTGTTGAGG-b01,,270.0,270-330
GTCTCGTCATCTACGA-400.2.1,Seam_cell,370.0,330-390
TTTCCTCAGACGCAAC-400.2.2,T,300.0,270-330
AGATCTGAGGACTGGT-500.2.2,Seam_cell,510.0,510-580
TACTCATTCTATGTGG-400.2.2,Body_wall_muscle,490.0,450-510
CACACCTCACGTGAGA-500.1.1,Ciliated_non_amphid_neuron,420.0,390-450
TGCCCATGTCCGTCAG-b02,Ciliated_amphid_neuron,365.0,330-390
GTTTCTACATCCGCGA-400.2.1,,265.0,210-270
GCGCAGTTCCGCAAGC-300.1.3,,260.0,210-270
TTTCCTCTCCTAAGTG-r17,,300.0,270-330
AGGCCACCAGCCTATA-r17,Ciliated_non_amphid_neuron,425.0,390-450
TTAGGCACACATTAGC-400.2.2,,260.0,210-270
AGCAGCCGTCTCCCTA-500.1.1,,385.0,330-390
GTAACTGAGCACCGCT-400.2.3,,300.0,270-330
ACCTTTACACCTATCC-300.1.3,Body_wall_muscle,350.0,330-390
CCAATCCTCTTGCAAG-300.1.3,Pharyngeal_neuron,300.0,270-330
TGTTCCGGTGTGTGCC-b01,,155.0,130-170
CGGGTCATCCAAACAC-b01,,120.0,100-130
GTACGTAAGTCTCCTC-400.2.2,,360.0,330-390
AACTCTTGTTGGACCC-b01,Glia,380.0,330-390
AACTTTCCAAGCGAGT-b02,,170.0,170-210
ATGTGTGTCTCGTATT-500.2.2,Coelomocyte,540.0,510-580
TCTGAGAAGAGGTTGC-400.2.2,Intestine,230.0,210-270
GACGTGCAGCAGACTG-300.1.2,,270.0,270-330
GCGCCAAAGCGTAGTG-r17,Body_wall_muscle,275.0,270-330
GCTGCAGCAATAACGA-300.1.1,Intestinal_and_rectal_muscle,490.0,450-510
GTCGTAACAAGCCGCT-500.1.1,,550.0,510-580
ACTGAGTTCCGAGCCA-b01,,160.0,130-170
ACTTGTTTCAGCTCGG-300.1.3,,180.0,170-210
ACGAGGATCGAATCCA-b01,Ciliated_non_amphid_neuron,670.0,> 650
ACACTGAGTTCCTCCA-500.2.1,Body_wall_muscle,450.0,450-510
CTCATTAAGTGTTAGA-300.1.2,Body_wall_muscle,370.0,330-390
TATCTCAAGTCAAGCG-300.1.3,,230.0,210-270
TTGAACGCACACCGCA-500.2.1,Hypodermis,390.0,390-450
GACGCGTCACTTACGA-b01,Germline,0.0,< 100
TTCGGTCGTTATCACG-400.2.3,Body_wall_muscle,510.0,510-580
GCTGCTTAGCCATCGC-400.2.2,Pharyngeal_muscle,230.0,210-270
ACGAGCCCAATGCCAT-b01,,450.0,450-510
ACCCACTAGACTTGAA-300.1.2,Ciliated_amphid_neuron,230.0,210-270
GTCAAGTAGTTTGCGT-r17,Body_wall_muscle,470.0,450-510
GGGTCTGCAAGCCGTC-r17,,230.0,210-270
ATCATCTCACAACGCC-500.2.1,Rectal_gland,490.0,450-510
GCTGCGATCAGCTCGG-400.2.2,Seam_cell,380.0,330-390
CTTGGCTTCAACTCTT-b01,,160.0,130-170
CATTATCTCATGTAGC-b01,,635.0,580-650
GCAAACTTCGGCGCTA-b02,,530.0,510-580
TCCACACTCCCACTTG-400.2.3,Ciliated_amphid_neuron,340.0,330-390
CTCTAATTCGGAGCAA-500.1.1,Coelomocyte,385.0,330-390
GTCACAAAGTGTTAGA-400.2.2,Ciliated_amphid_neuron,345.0,330-390
TCGTAGATCTTCTGGC-500.2.2,,700.0,> 650
TGTGGTAGTTCCGTCT-b02,,230.0,210-270
GACGGCTCATTACGAC-b01,Body_wall_muscle,490.0,450-510
TATTACCGTTACGTCA-500.2.2,Hypodermis,640.0,580-650
TGGTTAGAGTCCCACG-400.2.3,Body_wall_muscle,300.0,270-330
GACCAATTCTTGTATC-500.2.1,Seam_cell,510.0,510-580
CCACGGAGTTCGTTGA-300.1.1,Seam_cell,355.0,330-390
GGCGACTGTCAAAGCG-b01,,170.0,170-210
AAGTCTGAGCGATATA-500.1.1,Body_wall_muscle,640.0,580-650
TGAAAGATCAGTTAGC-400.2.3,Body_wall_muscle,260.0,210-270
GTAGGCCTCGGAGCAA-500.2.1,Body_wall_muscle,490.0,450-510
CACCTTGCAAGGTTCT-300.1.3,Ciliated_non_amphid_neuron,260.0,210-270
AGCGTATCATCCGGGT-400.2.3,Ciliated_non_amphid_neuron,260.0,210-270
GCACTCTCAAGTCATC-400.2.1,Body_wall_muscle,490.0,450-510
TGGTTAGTCTTACCGC-b01,,370.0,330-390
TACAGTGAGGATGCGT-300.1.1,Ciliated_non_amphid_neuron,260.0,210-270
TGAAAGAAGAAGGCCT-r17,,350.0,330-390
CTCGTCACAAAGTGCG-400.2.3,,290.0,270-330
ATCATGGAGAGATGAG-400.2.3,M_cell,410.0,390-450
CATATTCGTTGTGGCC-400.2.3,Hypodermis,370.0,330-390
TTCTTAGTCGCCGTGA-400.2.2,Body_wall_muscle,320.0,270-330
TCCCGATCAAGGACAC-r17,,190.0,170-210
TCAGCTCTCGGTTAAC-400.2.1,Pharyngeal_muscle,410.0,390-450
GCAAACTTCTGCGACG-r17,Excretory_gland,350.0,330-390
CACACCTAGTCCAGGA-r17,,205.0,170-210
AAAGTAGCAATGGAAT-b01,,330.0,330-390
GCGCGATGTGTGGTTT-r17,Ciliated_amphid_neuron,345.0,330-390
TGGACGCTCGGACAAG-r17,,270.0,270-330
ACGCAGCGTTTGGCGC-b01,Glia,510.0,510-580
CTTAACTGTATCGCAT-400.2.2,Body_wall_muscle,490.0,450-510
TTCGAAGCAGGGTATG-r17,Ciliated_non_amphid_neuron,550.0,510-580
CTGAAACTCCCTTGTG-300.1.2,,260.0,210-270
CTACGTCCATCTCGCT-500.1.1,,370.0,330-390
GTCTTCGGTAGCTAAA-400.2.2,Body_wall_muscle,410.0,390-450
CGAACATTCTTGCATT-400.2.2,Ciliated_non_amphid_neuron,490.0,450-510
GGCAATTTCCACGTTC-300.1.2,,300.0,270-330
ACCCACTTCGGCGGTT-500.2.2,Pharyngeal_muscle,550.0,510-580
CAACCTCAGGAGTCTG-b01,Ciliated_amphid_neuron,390.0,390-450
ATGAGGGCAATGGACG-400.2.1,,200.0,170-210
TGGCCAGGTACCGGCT-300.1.2,,265.0,210-270
ATGTGTGAGACCACGA-b01,Coelomocyte,395.0,390-450
GCTGGGTAGCACGCCT-r17,,300.0,270-330
CAGTAACAGATGCGAC-500.1.1,Body_wall_muscle,500.0,450-510
ACTGAACAGGCTCTTA-300.1.3,Seam_cell,310.0,270-330
CAGAATCTCGCTTAGA-300.1.2,,310.0,270-330
ACGGGCTCAATAAGCA-r17,Ciliated_non_amphid_neuron,450.0,450-510
CTCAGAAGTATTCTCT-400.2.3,Body_wall_muscle,270.0,270-330
TCATTACAGAGACTAT-400.2.3,,280.0,270-330
CTGCTGTTCCTATTCA-500.1.1,Ciliated_non_amphid_neuron,500.0,450-510
GCTTGAAAGCCTCGTG-b01,Body_wall_muscle,550.0,510-580
GATCTAGGTCTAACGT-300.1.1,Hypodermis,260.0,210-270
AACTGGTTCACAATGC-400.2.3,,300.0,270-330
ACTGAACGTGATGCCC-400.2.3,,300.0,270-330
TTAGGCATCATCGCTC-b02,Hypodermis,640.0,580-650
TCAGGTATCGTATCAG-500.1.2,Glia,425.0,390-450
TGCGTGGCACATGTGT-b01,,340.0,330-390
GTGCTTCGTACAGACG-400.2.3,Body_wall_muscle,420.0,390-450
GATGAGGAGAGCCTAG-400.2.1,,200.0,170-210
ACTGTCCGTACAGCAG-400.2.2,Body_wall_muscle,350.0,330-390
AGTCTTTAGTATCTCG-b01,Hypodermis,620.0,580-650
CCTCAGTTCGGCATCG-400.2.2,,270.0,270-330
GACGTTATCATCTGCC-r17,Ciliated_non_amphid_neuron,260.0,210-270
CGCTGGAAGGATGCGT-500.1.1,Body_wall_muscle,450.0,450-510
GTACTCCAGGCAAAGA-400.2.2,Seam_cell,370.0,330-390
CGAGCCAGTCTCGTTC-400.2.3,Ciliated_non_amphid_neuron,380.0,330-390
GAGGTGAGTCTAACGT-400.2.3,Glia,400.0,390-450
CACATAGGTTTGTTTC-500.1.1,Pharyngeal_gland,550.0,510-580
GGGCACTTCACTTACT-300.1.1,,270.0,270-330
GCGCCAAGTAAGTAGT-400.2.2,,415.0,390-450
TTCGAAGGTTGGTAAA-300.1.3,Ciliated_non_amphid_neuron,265.0,210-270
TTAGGCACAGACGCTC-400.2.2,,275.0,270-330
ATCACGAAGCCGTCGT-400.2.1,Hypodermis,380.0,330-390
ACTGTCCTCTCGATGA-300.1.3,Hypodermis,350.0,330-390
TTGCCGTGTACGCTGC-500.2.1,Glia,410.0,390-450
GAACCTATCGCTAGCG-r17,Body_wall_muscle,780.0,> 650
CATCAAGTCTTATCTG-500.1.1,Hypodermis,360.0,330-390
AGAATAGAGGGAACGG-400.2.2,,220.0,210-270
CACAGGCCATCACCCT-300.1.1,,345.0,330-390
ATCGAGTTCTCGATGA-r17,,230.0,210-270
TTGAACGAGGAGCGTT-300.1.2,,275.0,270-330
GAAACTCCATGTAGTC-b01,,190.0,170-210
TTCTCCTCAACTGCGC-300.1.1,Body_wall_muscle,380.0,330-390
CCCTCCTAGTATCGAA-r17,Ciliated_amphid_neuron,230.0,210-270
CGATCGGGTCGCGAAA-400.2.1,Pharyngeal_intestinal_valve,425.0,390-450
GATCGATTCCTATTCA-b01,,180.0,170-210
ATTATCCGTTCTGTTT-400.2.2,Ciliated_amphid_neuron,360.0,330-390
GACGCGTTCCGTAGGC-r17,,350.0,330-390
ATTGGTGGTCATACTG-500.2.2,Ciliated_amphid_neuron,585.0,580-650
ACGGGCTAGAGCTGCA-400.2.3,Hypodermis,385.0,330-390
CACAGGCCATGAGCGA-300.1.1,,260.0,210-270
TATCAGGTCAGCTCTC-500.2.2,Glia,420.0,390-450
GGGTTGCAGGGCTTCC-400.2.1,,260.0,210-270
GCGAGAATCGGCATCG-500.1.1,Body_wall_muscle,420.0,390-450
TTTCCTCAGATGTCGG-r17,Body_wall_muscle,295.0,270-330
GTTACAGTCTAACTGG-400.2.1,,270.0,270-330
CACCACTCACTCTGTC-b01,Body_wall_muscle,295.0,270-330
AGATCTGAGCTGAAAT-500.1.1,Hypodermis,400.0,390-450
CTGAAGTTCTCGCATC-400.2.1,,280.0,270-330
TTAACTCGTCATCCCT-400.2.3,Hypodermis,410.0,390-450
ACTGATGCACCAGATT-b01,,120.0,100-130
GGTATTGAGCCACCTG-r17,Hypodermis,300.0,270-330
CTTAGGATCTGGCGAC-b01,Ciliated_amphid_neuron,180.0,170-210
CGCGGTAAGGGTGTGT-400.2.2,hmc_and_homolog,360.0,330-390
GACACGCCATACCATG-400.2.2,Body_wall_muscle,325.0,270-330
GGAATAAAGCTATGCT-300.1.1,,350.0,330-390
GTCTTCGGTCTTCTCG-r17,,205.0,170-210
ATGCGATCAAACCCAT-400.2.3,,215.0,210-270
CGTTAGAAGGACACCA-400.2.1,,435.0,390-450
TTGAACGCAAGCTGGA-400.2.3,Body_wall_muscle,360.0,330-390
GGTGCGTCATGTCCTC-400.2.1,Pharyngeal_muscle,360.0,330-390
GTTCATTAGTCCAGGA-400.2.1,Body_wall_muscle,410.0,390-450
CAGCATAGTACCATCA-500.1.2,Body_wall_muscle,490.0,450-510
TTTACTGCAGTTTACG-400.2.3,,290.0,270-330
GTCTTCGGTCAAAGCG-b02,Ciliated_amphid_neuron,550.0,510-580
GATCGATGTCTTCTCG-500.2.1,,390.0,390-450
AACTCTTGTACAGACG-500.1.2,Body_wall_muscle,400.0,390-450
CGTCCATCATACAGCT-400.2.3,,290.0,270-330
GCTCTGTGTTACGCGC-b02,,640.0,580-650
TGGCTGGCAAAGCGGT-400.2.3,Body_wall_muscle,425.0,390-450
CATCCACCAAGAAAGG-500.2.2,,725.0,> 650
GTCTTCGTCGTCTGCT-500.1.1,Body_wall_muscle,450.0,450-510
CGTCCATGTAATCACC-400.2.1,,400.0,390-450
ATTACTCCAAACTGCT-500.2.1,Ciliated_non_amphid_neuron,520.0,510-580
GAAGCAGGTCATACTG-300.1.1,,175.0,170-210
ATCATGGGTTCCGTCT-b01,,230.0,210-270
ACGATGTTCAAGAAGT-500.2.2,Ciliated_amphid_neuron,620.0,580-650
GTCACAAGTGCACGAA-500.2.2,Ciliated_non_amphid_neuron,700.0,> 650
ATTGGACAGACTGGGT-b01,,185.0,170-210
ACATGGTCAGTAACGG-500.2.2,Ciliated_amphid_neuron,725.0,> 650
CTAGTGAGTTGATTCG-b01,Pharyngeal_neuron,320.0,270-330
GAAACTCAGTGTACTC-500.2.2,Ciliated_non_amphid_neuron,415.0,390-450
CGACTTCCAGCTCGAC-b01,Ciliated_amphid_neuron,395.0,390-450
CGAGCCACACAGGAGT-300.1.1,Hypodermis,350.0,330-390
CAAGTTGGTCAGCTAT-400.2.2,,205.0,170-210
TCACAAGTCCTCGCAT-300.1.2,Hypodermis,345.0,330-390
CAGTCCTAGACCACGA-r17,,390.0,390-450
CGTGTCTCATGCCTTC-500.2.1,Hypodermis,425.0,390-450
CAGAGAGTCCAGTATG-400.2.2,Body_wall_muscle,285.0,270-330
GCGGGTTCATACGCCG-300.1.2,,245.0,210-270
GTAGGCCTCTCAAACG-400.2.2,,340.0,330-390
ATCATCTGTCAAAGCG-300.1.3,Body_wall_muscle,340.0,330-390
AGTAGTCTCAGGCCCA-500.2.1,Ciliated_non_amphid_neuron,415.0,390-450
GGACAAGCATCTATGG-300.1.2,Body_wall_muscle,320.0,270-330
ACACCGGCAAGCCGCT-500.2.1,Seam_cell,390.0,390-450
ACTGATGTCTGCGTAA-r17,Germline,0.0,< 100
GGGTCTGCATCCCACT-b01,,170.0,170-210
TGTGTTTAGAAGGACA-300.1.1,Body_wall_muscle,355.0,330-390
GCGACCATCATGTGGT-300.1.2,,320.0,270-330
CGGCTAGGTTCCGGCA-300.1.3,Body_wall_muscle,290.0,270-330
CTACATTTCCAATGGT-b01,,270.0,270-330
AATCGGTCATGGTTGT-400.2.1,Body_wall_muscle,300.0,270-330
TCGCGTTAGTTCGCAT-300.1.3,Body_wall_muscle,430.0,390-450
GGACGTCGTGACGGTA-b01,,230.0,210-270
ATTTCTGTCTTAGCCC-400.2.3,Hypodermis,380.0,330-390
GTGTGCGGTGGCAAAC-r17,,530.0,510-580
ACGGCCAGTATTAGCC-500.2.1,Ciliated_amphid_neuron,700.0,> 650
TAGTTGGTCTTTAGTC-r17,Ciliated_non_amphid_neuron,245.0,210-270
GTCACAATCTATCCTA-b01,,195.0,170-210
ACGGAGAGTGGACGAT-400.2.2,Body_wall_muscle,380.0,330-390
CAAGGCCAGCCCGAAA-400.2.1,Hypodermis,350.0,330-390
CCTAAAGAGGGCTCTC-400.2.1,,265.0,210-270
CGTAGCGTCCAGAAGG-400.2.1,,260.0,210-270
CGTTCTGGTTAAGAAC-400.2.3,Ciliated_non_amphid_neuron,260.0,210-270
CGTCACTAGTCGTACT-b02,,435.0,390-450
CACTCCAGTAACGCGA-300.1.3,Body_wall_muscle,350.0,330-390
CCACTACGTGACTCAT-b01,,635.0,580-650
CGGACGTGTCGCGTGT-300.1.1,Body_wall_muscle,350.0,330-390
TTGAACGAGAATGTTG-500.1.1,Ciliated_non_amphid_neuron,550.0,510-580
CAAGTTGTCGTTACAG-400.2.1,G2_and_W_blasts,300.0,270-330
GGCTGGTTCCGGCACA-b01,,550.0,510-580
GTGTGCGGTTTGTTTC-r17,,335.0,330-390
CCTCTGAAGTCGTTTG-300.1.3,,215.0,210-270
TGACGGCTCAACGCTA-400.2.2,,230.0,210-270
TTGAACGTCGGTGTTA-300.1.3,Body_wall_muscle,330.0,330-390
TCGGTAAGTGTCAATC-400.2.3,,260.0,210-270
CCTTACGTCTCGAGTA-400.2.1,Body_wall_muscle,330.0,330-390
CTAACTTTCTTCAACT-400.2.1,Parent_of_exc_gland_AVK,290.0,270-330
GTCTTCGTCTTCTGGC-r17,Intestine,450.0,450-510
TTTACTGCATCCTTGC-b01,Body_wall_muscle,425.0,390-450
CCACTACCAGGTGCCT-b01,,320.0,270-330
TAGACCAAGCAGGTCA-b01,Rectal_gland,490.0,450-510
TGCGTGGGTCCGACGT-500.1.1,Glia,350.0,330-390
ACAGCCGCACGAAATA-400.2.3,,270.0,270-330
GGTGCGTGTATGAATG-b01,,170.0,170-210
CGGACTGGTGGTCCGT-400.2.1,,290.0,270-330
GATGAAAGTAGCAAAT-300.1.3,Intestine,325.0,270-330
TATTACCTCTGCCAGG-400.2.3,,265.0,210-270
CGGTTAAGTGCCTTGG-400.2.1,Body_wall_muscle,320.0,270-330
GATCGTACAAGTAATG-400.2.2,Body_wall_muscle,490.0,450-510
GACACGCGTCAAGCGA-400.2.3,Hypodermis,300.0,270-330
TACACGAGTTAAAGTG-500.1.1,,550.0,510-580
GCATGATCAAGTCTAC-b01,Body_wall_muscle,230.0,210-270
CACACAAAGTGTCCCG-b01,,390.0,390-450
GAGTCCGGTGTATGGG-400.2.1,Coelomocyte,390.0,390-450
GATCAGTTCAGTGTTG-400.2.2,,230.0,210-270
TGGCGCACACGCGAAA-b01,,210.0,210-270
TCCCGATAGACCTTTG-r17,,160.0,130-170
CGACCTTGTCAGGACA-400.2.1,Body_wall_muscle,230.0,210-270
CAGTAACGTATCGCAT-300.1.1,Pharyngeal_muscle,370.0,330-390
CTCAGAAGTTACTGAC-400.2.1,,280.0,270-330
CAACTAGAGCGATATA-500.1.1,,285.0,270-330
ACATCAGCATCACGAT-300.1.3,,180.0,170-210
CCTAGCTTCATGTAGC-500.2.1,Body_wall_muscle,490.0,450-510
GCGCAGTGTCGACTGC-300.1.1,,300.0,270-330
CAAGAAACACTAGTAC-400.2.3,Z1_Z4,350.0,330-390
TGTCCCAAGGAGCGTT-300.1.1,,230.0,210-270
TTCTACAAGGGCTTGA-400.2.3,Body_wall_muscle,395.0,390-450
TTCCCAGCACATGGGA-r17,,130.0,130-170
GTACTTTGTTCGTCTC-400.2.1,Body_wall_muscle,420.0,390-450
CGATCGGCACTCGACG-b02,Body_wall_muscle,490.0,450-510
CACACTCGTGGACGAT-b01,Pharyngeal_neuron,295.0,270-330
TTAACTCTCTTAGCCC-500.1.1,Ciliated_amphid_neuron,450.0,450-510
GCAGCCACATGTAAGA-400.2.1,Ciliated_non_amphid_neuron,260.0,210-270
ACTGAACGTTGGTAAA-400.2.2,Ciliated_amphid_neuron,500.0,450-510
TACACGACATCGATGT-500.1.1,Body_wall_muscle,490.0,450-510
GATCGTAGTCGGCTCA-400.2.2,,260.0,210-270
CGCTTCATCTGAGTGT-300.1.2,,340.0,330-390
TAGACCACAATCGAAA-400.2.3,Ciliated_amphid_neuron,195.0,170-210
CTCGAGGAGGTAGCTG-r17,hmc,400.0,390-450
ATTCTACCACGGTAGA-b01,,160.0,130-170
CTAACTTCACGAGAGT-400.2.2,Coelomocyte,410.0,390-450
CCGGTAGCACCTATCC-b01,Seam_cell,325.0,270-330
TGAGAGGAGAAGAAGC-r17,,295.0,270-330
GACTGCGGTAGATTAG-300.1.1,,200.0,170-210
GACAGAGCAGATTGCT-400.2.1,Ciliated_amphid_neuron,220.0,210-270
GTAACGTGTGACCAAG-500.1.1,Ciliated_non_amphid_neuron,350.0,330-390
GAGGTGACATCACGTA-400.2.3,Hypodermis,430.0,390-450
AAACGGGGTAGTACCT-400.2.2,Hypodermis,420.0,390-450
TGATTTCTCGCACTCT-300.1.2,,310.0,270-330
GAGTCCGCATTACCTT-400.2.3,Body_wall_muscle,380.0,330-390
AAAGATGAGCGATATA-300.1.3,,280.0,270-330
GTTAAGCTCATGTCCC-400.2.2,Ciliated_amphid_neuron,490.0,450-510
AATCGGTGTACCGAGA-300.1.2,Hypodermis,360.0,330-390
TGGTTCCTCGAATCCA-500.1.1,,380.0,330-390
CACCAGGTCTTCGAGA-r17,,620.0,580-650
CATTCGCAGAAGGTTT-b01,,175.0,170-210
AGGGATGGTCTCCCTA-400.2.1,Rectal_gland,450.0,450-510
ATGAGGGCAAGGACAC-500.1.2,Ciliated_non_amphid_neuron,625.0,580-650
GATCGCGAGCCGTCGT-500.2.2,,330.0,330-390
GTAACTGGTTCGAATC-b01,Arcade_cell,630.0,580-650
GTGCAGCAGACTGGGT-r17,,360.0,330-390
TACACGATCTAAGCCA-400.2.2,,270.0,270-330
CCTATTAAGGTACTCT-300.1.1,Body_wall_muscle,300.0,270-330
GGACATTCATTCTCAT-400.2.3,,180.0,170-210
ACACCGGGTCTCCATC-500.2.1,Hypodermis,550.0,510-580
TGCGGGTCAATCTGCA-r17,Arcade_cell,490.0,450-510
ATTGGTGGTTCGCTAA-400.2.3,Body_wall_muscle,390.0,390-450
GGCCGATAGCCAGAAC-300.1.3,ABarpaaa_lineage,210.0,210-270
AATCGGTAGTGAATTG-400.2.2,Body_wall_muscle,510.0,510-580
ACGATACTCAACACTG-400.2.3,,350.0,330-390
AGGGAGTGTCCGACGT-500.1.1,,530.0,510-580
GAAATGATCCGCTGTT-300.1.3,Hypodermis,280.0,270-330
CTACCCAAGTGCGTGA-400.2.2,,380.0,330-390
CACAGTAGTCTCAACA-500.1.1,Body_wall_muscle,450.0,450-510
GGCTCGATCCTTTCTC-500.1.1,,440.0,390-450
TCAGCAAAGTGCGATG-400.2.2,Body_wall_muscle,300.0,270-330
ACGAGGATCCGTACAA-500.2.2,Hypodermis,550.0,510-580
TTCGGTCGTCTAGTCA-500.1.1,Coelomocyte,410.0,390-450
ACCGTAAGTTAGATGA-500.1.1,Excretory_cell,670.0,> 650
ACATACGCATGGAATA-500.2.1,Seam_cell,390.0,390-450
GGCTCGACATGTTGAC-400.2.2,Ciliated_amphid_neuron,345.0,330-390
ATGGGAGAGTAACCCT-300.1.1,Hypodermis,280.0,270-330
TCATTTGTCTCTAAGG-300.1.2,Ciliated_amphid_neuron,260.0,210-270
TCACGAAAGTCCTCCT-500.2.1,Seam_cell,410.0,390-450
GTCGTAACACAACGTT-300.1.3,Seam_cell,370.0,330-390
GTAACTGGTAGCAAAT-300.1.1,Hypodermis,330.0,330-390
TTCTTAGGTGTGAAAT-r17,Body_wall_muscle,490.0,450-510
GTGGGTCCAATAACGA-400.2.3,,300.0,270-330
GTCTCGTTCGCGTTTC-r17,Body_wall_muscle,325.0,270-330
TACGGGCGTCTGGAGA-300.1.1,Body_wall_muscle,360.0,330-390
CCGTTCAGTGTATGGG-b01,,190.0,170-210
CTTAGGACATTCCTGC-b02,,640.0,580-650
GAACGGACACTACAGT-400.2.3,Body_wall_muscle,450.0,450-510
AGAATAGCATGTAGTC-b02,,550.0,510-580
TTTGCGCCAATCGAAA-500.2.2,Body_wall_muscle,500.0,450-510
GCACTCTGTCTCATCC-b02,Ciliated_non_amphid_neuron,260.0,210-270
CACAGTAGTCCTCCAT-r17,,270.0,270-330
TGCTACCCATCGATGT-500.2.1,Hypodermis,640.0,580-650
GACCAATGTGGTAACG-300.1.2,,245.0,210-270
ATTCTACTCGGCATCG-300.1.3,,200.0,170-210
GATGAGGTCGGCGCTA-300.1.1,,350.0,330-390
AACTCAGAGGACATTA-b01,,550.0,510-580
AGAGCTTTCTACTATC-500.2.2,,385.0,330-390
CTCGGAGGTACATCCA-400.2.2,,350.0,330-390
TCAGGTAGTGCAGACA-400.2.2,M_cell,395.0,390-450
CCCTCCTCACTGCCAG-500.1.2,,350.0,330-390
CTGCTGTTCTTGTACT-b01,Ciliated_non_amphid_neuron,625.0,580-650
CGGAGCTGTAATAGCA-400.2.3,Ciliated_amphid_neuron,490.0,450-510
CGAACATCAGGGTATG-500.2.1,,490.0,450-510
ACACCGGAGCGTGTCC-500.1.2,Ciliated_non_amphid_neuron,450.0,450-510
ATCATCTGTAAACGCG-400.2.1,Glia,400.0,390-450
TTGAACGCACGGCTAC-500.2.2,,460.0,450-510
CTAGTGAAGGAATTAC-300.1.2,Body_wall_muscle,360.0,330-390
TAGGCATGTAGCGTCC-300.1.2,,165.0,130-170
GGAAAGCGTCCAGTAT-500.2.1,Arcade_cell,630.0,580-650
CGACTTCGTGCCTGCA-400.2.2,GLR,285.0,270-330
TGGGAAGTCTGACCTC-500.2.2,Pharyngeal_muscle,550.0,510-580
GCCAAATGTCGCATAT-300.1.1,,265.0,210-270
CTAGTGATCACTCCTG-300.1.2,Hypodermis,320.0,270-330
CCTTCGATCCGCGCAA-400.2.3,Hypodermis,350.0,330-390
CTACCCAGTGTGTGCC-400.2.3,,360.0,330-390
GGCCGATTCCTGTAGA-400.2.2,Body_wall_muscle,410.0,390-450
GTAGGCCGTCCCGACA-400.2.2,,350.0,330-390
CGGACACTCAACGCTA-400.2.1,Body_wall_muscle,440.0,390-450
TATCAGGCAGACTCGC-300.1.3,,270.0,270-330
TGACTTTCAAGAGTCG-400.2.2,,260.0,210-270
TTCTCCTCACCCATGG-r17,Body_wall_muscle,420.0,390-450
GATGAGGTCACAACGT-300.1.3,,220.0,210-270
TAGTGGTGTAGTACCT-300.1.1,,290.0,270-330
ATAGACCAGTCCGTAT-b01,,290.0,270-330
AGCTCCTGTAGCAAAT-400.2.3,,300.0,270-330
GTCATTTGTGACTCAT-r17,,260.0,210-270
TCAGCTCTCAGTTTGG-b01,,300.0,270-330
ATTTCTGAGATCCCAT-b02,Ciliated_non_amphid_neuron,370.0,330-390
GCGACCAAGAGCCTAG-300.1.1,Ciliated_amphid_neuron,260.0,210-270
CGTAGCGTCAACGGCC-b01,,620.0,580-650
TGGCGCACATCCGGGT-b02,,300.0,270-330
GCAGCCAGTAAATGAC-500.2.2,Ciliated_non_amphid_neuron,380.0,330-390
TGACTAGAGGTGGGTT-b01,Glia,630.0,580-650
CAGATCAGTTTGACTG-300.1.2,Body_wall_muscle,320.0,270-330
TCAGGATTCAGAGCTT-300.1.3,,320.0,270-330
AGCGGTCTCAGTCCCT-500.2.1,M_cell,640.0,580-650
TCTGAGAGTCAACATC-400.2.2,Body_wall_muscle,275.0,270-330
CGGCTAGAGTGAAGAG-500.1.1,Pharyngeal_muscle,410.0,390-450
AGGCCGTTCCCGGATG-r17,,350.0,330-390
CTGAAACAGAAGGGTA-500.2.1,Hypodermis,640.0,580-650
GACCTGGAGGGATGGG-b01,Body_wall_muscle,360.0,330-390
ATCATCTCATGCAACT-300.1.1,Pharyngeal_marginal_cell,290.0,270-330
GTAACTGTCATGTGGT-500.1.1,Ciliated_non_amphid_neuron,520.0,510-580
CTCTAATCATCGTCGG-400.2.3,Ciliated_amphid_neuron,420.0,390-450
TTAGGACTCAACGGCC-b01,Pharyngeal_muscle,380.0,330-390
TAGGCATAGTCATGCT-400.2.2,,350.0,330-390
GGTATTGGTCGTCTTC-400.2.2,Ciliated_amphid_neuron,360.0,330-390
CGTCACTTCTAAGCCA-b01,,220.0,210-270
CTGAAACTCTAGAGTC-b01,,280.0,270-330
GCGCAACTCCACGTGG-r17,,300.0,270-330
CGCGTTTCAGGGTTAG-400.2.2,Hypodermis,430.0,390-450
GTACTTTCAATGGAAT-400.2.3,,330.0,330-390
TCCACACTCCACGAAT-500.1.1,Hypodermis,630.0,580-650
GCGCAGTTCTTATCTG-400.2.2,,280.0,270-330
GCTTCCACATGCAACT-b01,Pharyngeal_neuron,295.0,270-330
TACACGAAGCCCGAAA-400.2.2,Seam_cell,320.0,270-330
GGCAATTAGGTGCACA-400.2.2,,280.0,270-330
AGTGAGGAGTTGTAGA-400.2.3,,245.0,210-270
TGACTTTAGTGGCACA-400.2.2,Body_wall_muscle,360.0,330-390
AAGGCAGGTGTGCCTG-r17,,190.0,170-210
GCGACCAGTTCGAATC-b01,,310.0,270-330
TCTGAGATCCCAAGTA-400.2.3,,300.0,270-330
TACACGAGTCCGTTAA-r17,,455.0,450-510
ACCGTAAGTGCCTGTG-300.1.1,,245.0,210-270
GGAAAGCTCGCTTGTC-400.2.2,Body_wall_muscle,410.0,390-450
GGCGACTTCGAGGTAG-b01,,310.0,270-330
CGATGGCTCTACGAGT-b01,,415.0,390-450
AACTCCCGTTTGCATG-400.2.3,Hypodermis,295.0,270-330
CAGTAACTCGAGCCCA-400.2.1,,355.0,330-390
TATCAGGAGTCGTACT-500.1.1,Body_wall_muscle,410.0,390-450
CACAGGCAGACTAGGC-b01,,285.0,270-330
TCAGCTCGTAAGGGCT-b01,,245.0,210-270
GCACTCTAGACAGGCT-400.2.2,,200.0,170-210
GAGCAGATCCACGACG-500.1.3,,440.0,390-450
AGAGCGAAGTGAAGAG-r17,Body_wall_muscle,370.0,330-390
GATTCAGCACGGACAA-300.1.3,,260.0,210-270
CTCGTACGTCTTCTCG-300.1.2,,300.0,270-330
AGAGTGGAGGTAGCCA-500.2.2,Body_wall_muscle,470.0,450-510
GCAAACTAGAAACCTA-400.2.1,Ciliated_amphid_neuron,230.0,210-270
GGATTACGTATAAACG-r17,,470.0,450-510
ATCTACTGTAGCAAAT-500.2.1,hmc,550.0,510-580
TTGGCAATCATTCACT-400.2.1,,160.0,130-170
CGGTTAAGTGTTTGGT-400.2.3,Ciliated_amphid_neuron,360.0,330-390
CTCACACGTGTTCGAT-500.2.1,Z1_Z4,830.0,> 650
TAGAGCTCACACATGT-400.2.1,Body_wall_muscle,350.0,330-390
TCAGATGGTCTGGTCG-500.1.1,Pharyngeal_intestinal_valve,350.0,330-390
AGCATACGTCTTCAAG-400.2.3,Body_wall_muscle,380.0,330-390
AAACGGGTCCTATGTT-300.1.3,,320.0,270-330
TCCCGATAGATATACG-500.1.1,,700.0,> 650
CAGGTGCAGCAATCTC-b01,Body_wall_muscle,220.0,210-270
TTTACTGTCAGCTTAG-400.2.2,Body_wall_muscle,490.0,450-510
TCGAGGCAGTGTACCT-r17,,280.0,270-330
TCGTACCCAGTTCCCT-b01,Hypodermis,320.0,270-330
CCTTTCTGTCCTCTTG-500.2.2,,355.0,330-390
AGCAGCCAGTAGGCCA-400.2.2,Hypodermis,320.0,270-330
TGCGCAGCAATAAGCA-300.1.2,Body_wall_muscle,285.0,270-330
TCTGGAACAACAACCT-r17,,125.0,100-130
TGACTTTTCAGAGGTG-300.1.3,Ciliated_non_amphid_neuron,355.0,330-390
CCACCTATCCCACTTG-400.2.1,,270.0,270-330
AGTGAGGTCGAGAGCA-500.2.1,Hypodermis,620.0,580-650
CTAGTGAGTTGGTGGA-r17,Body_wall_muscle,420.0,390-450
TGAGGGAAGCGAAGGG-500.2.2,Hypodermis,410.0,390-450
ATAACGCGTGTGCGTC-500.1.1,Body_wall_muscle,380.0,330-390
ATCTGCCTCCGTCATC-b02,Seam_cell,510.0,510-580
GGGCATCTCACCACCT-400.2.1,Body_wall_muscle,360.0,330-390
AGATTGCAGTGTTAGA-300.1.3,Body_wall_muscle,390.0,390-450
GTGCTTCTCTCGATGA-300.1.3,,265.0,210-270
GGACAAGCAACTGCGC-300.1.2,Body_wall_muscle,400.0,390-450
GCTCTGTAGCTGTCTA-500.1.2,Body_wall_muscle,550.0,510-580
GACGTTATCTAGCACA-b01,Body_wall_muscle,470.0,450-510
TTCCCAGTCGGTGTTA-400.2.2,Ciliated_non_amphid_neuron,300.0,270-330
AGACGTTGTTGTCGCG-500.1.2,Intestinal_and_rectal_muscle,350.0,330-390
CGAATGTCACCAGATT-300.1.2,,295.0,270-330
AGGTCATTCGTCTGAA-500.2.2,Body_wall_muscle,420.0,390-450
AGTGGGAGTTAGATGA-300.1.2,Pharyngeal_muscle,300.0,270-330
GTCAAGTTCGCCCTTA-r17,,70.0,< 100
TAAACCGAGTCAATAG-b01,Body_wall_muscle,510.0,510-580
TCACAAGTCATCGATG-400.2.2,,360.0,330-390
CGAGAAGCAGCGTTCG-500.1.1,,415.0,390-450
GCTGCTTGTGATAAAC-400.2.3,Body_wall_muscle,210.0,210-270
TTCTACATCCACGAAT-300.1.2,Body_wall_muscle,340.0,330-390
TTGCCGTAGCTAACTC-400.2.2,,200.0,170-210
GGATGTTTCTCGCATC-b02,Body_wall_muscle,390.0,390-450
AGGGTGATCCACGCAG-r17,Pharyngeal_gland,550.0,510-580
CTCTACGGTTCGCTAA-500.1.2,Ciliated_non_amphid_neuron,350.0,330-390
CTCGAGGTCAGAGCTT-500.1.1,Body_wall_muscle,490.0,450-510
AACTCTTGTCATGCAT-300.1.2,Seam_cell,300.0,270-330
AAGGAGCAGCAGGTCA-500.1.1,,295.0,270-330
CTGATAGGTCTCACCT-300.1.1,,175.0,170-210
TATCAGGAGCACGCCT-b01,,270.0,270-330
CGTCCATAGCCAGAAC-300.1.2,Body_wall_muscle,360.0,330-390
GGCGACTTCAAGATCC-400.2.3,,270.0,270-330
CACCAGGAGTATCGAA-400.2.3,Body_wall_muscle,285.0,270-330
CGTTGGGCAGCGTCCA-500.1.1,,350.0,330-390
CATGACAGTTAGTGGG-300.1.3,Body_wall_muscle,490.0,450-510
CACACCTGTTCAGACT-500.1.1,,420.0,390-450
GGACAGACAATGTAAG-400.2.2,,230.0,210-270
AAAGATGCAGACGCCT-400.2.3,,200.0,170-210
TCCCGATAGAACAACT-400.2.1,,280.0,270-330
AGCCTAAGTCTTCGTC-500.1.1,Body_wall_muscle,415.0,390-450
CCGTGGAGTTTGGGCC-b01,,190.0,170-210
TGCCCTAAGAAGATTC-500.2.2,Body_wall_muscle,550.0,510-580
CGGACTGGTAGTACCT-300.1.2,,245.0,210-270
GTCATTTAGCCCAACC-500.2.2,Body_wall_muscle,500.0,450-510
AGTGAGGTCCTTTACA-300.1.1,Body_wall_muscle,360.0,330-390
CGGACTGGTAGCGATG-b01,Body_wall_muscle,350.0,330-390
TGGTTCCAGCAATCTC-r17,,130.0,130-170
CACAGGCTCCGAACGC-b01,,230.0,210-270
CTACCCAAGGAGTCTG-500.2.2,Intestine,550.0,510-580
CACACCTAGGGCACTA-500.2.1,,625.0,580-650
CGAACATAGTCCAGGA-300.1.1,Body_wall_muscle,380.0,330-390
ATGAGGGTCGATCCCT-400.2.3,,330.0,330-390
GCATGCGGTCGCTTCT-400.2.3,Body_wall_muscle,390.0,390-450
ACACTGAGTCAGTGGA-400.2.3,Pharyngeal_neuron,270.0,270-330
TGTATTCGTAGTACCT-r17,Germline,0.0,< 100
GCCTCTATCCCTCTTT-300.1.1,,295.0,270-330
GACTACACATAGAAAC-300.1.3,Hypodermis,300.0,270-330
CCTTTCTTCGGTTCGG-400.2.3,Body_wall_muscle,390.0,390-450
GTGGGTCTCAGAAATG-b01,hmc_and_homolog,360.0,330-390
GGTGAAGGTGGGTATG-300.1.2,Ciliated_amphid_neuron,260.0,210-270
GTCGTAAGTCCGAGTC-500.2.2,Coelomocyte,400.0,390-450
CGATCGGTCAGCACAT-300.1.1,,170.0,170-210
GCGAGAAGTAACGTTC-500.2.1,Hypodermis,450.0,450-510
AAGGAGCTCACCTTAT-500.2.2,Seam_cell,620.0,580-650
TGCTGCTTCCAAACTG-r17,Ciliated_amphid_neuron,360.0,330-390
GGAATAACAAGCCTAT-r17,Body_wall_muscle,425.0,390-450
CATTCGCCATGCCTAA-300.1.1,,230.0,210-270
CGCTTCATCCGAGCCA-300.1.3,,230.0,210-270
TCGAGGCTCGTTTAGG-500.2.1,Seam_cell,530.0,510-580
AAGGCAGTCGTCTGCT-500.2.2,Coelomocyte,450.0,450-510
TAGCCGGGTACTTAGC-400.2.1,,230.0,210-270
ACCAGTAAGAGGTAGA-b01,,190.0,170-210
GTTCTCGCATAGGATA-400.2.2,,220.0,210-270
CCGTTCACAAGCGAGT-500.1.3,,620.0,580-650
TATTACCAGGCTCAGA-500.1.1,Hypodermis,390.0,390-450
TGAGCATGTTTCCACC-500.1.1,Body_wall_muscle,410.0,390-450
CATCGAACATGGTCTA-b01,,390.0,390-450
TCAGGATGTTCCCGAG-b01,,290.0,270-330
TTCTCAAAGTAGATGT-r17,Body_wall_muscle,350.0,330-390
TCTCTAAAGAGCAATT-500.2.1,Ciliated_amphid_neuron,700.0,> 650
CAGCGACGTCTCTTAT-300.1.2,Body_wall_muscle,280.0,270-330
CAGCGACGTTCAGGCC-500.2.2,Seam_cell,390.0,390-450
CAACTAGGTTCACGGC-400.2.1,,270.0,270-330
TCCACACCACATCCGG-500.2.2,Hypodermis,620.0,580-650
TGTGGTACAGCTGCAC-400.2.1,,420.0,390-450
CAGCCGAAGAGGTTGC-400.2.1,,350.0,330-390
TGTGTTTTCCTTTCGG-400.2.2,Body_wall_muscle,330.0,330-390
GGCTCGATCGTCTGCT-r17,Arcade_cell,550.0,510-580
TCGAGGCAGGACATTA-400.2.3,Body_wall_muscle,385.0,330-390
GCGGGTTCACCTTGTC-500.2.2,M_cell,830.0,> 650
GTGTGCGTCCGCAAGC-400.2.2,Ciliated_amphid_neuron,385.0,330-390
CGCTGGACAAGCCTAT-400.2.3,,170.0,170-210
ACGTCAATCTACTTAC-300.1.3,Body_wall_muscle,350.0,330-390
TTGCGTCAGGACACCA-300.1.2,Body_wall_muscle,360.0,330-390
GTAACTGCAAGGACTG-b02,Glia,450.0,450-510
GAAACTCGTGGTACAG-300.1.1,,285.0,270-330
GCTTGAAAGTGTCCCG-300.1.1,,175.0,170-210
AAGGTTCTCAATCACG-r17,,380.0,330-390
GCATGTAAGTGACATA-400.2.3,,385.0,330-390
GACGCGTAGTCAAGCG-b01,,190.0,170-210
GTAGGCCTCAAAGTAG-500.2.1,,430.0,390-450
ACGATGTTCAACGAAA-400.2.3,Body_wall_muscle,415.0,390-450
ATGAGGGGTACCCAAT-r17,,405.0,390-450
GAGCAGATCTTGAGAC-r17,,530.0,510-580
CTACCCAGTGCCTGGT-r17,,130.0,130-170
TAGAGCTCACAGAGGT-500.1.1,Excretory_gland,550.0,510-580
ACTGTCCCAGGACCCT-500.2.1,Seam_cell,430.0,390-450
CATGACAGTGTGCCTG-300.1.1,Body_wall_muscle,360.0,330-390
CCTACCATCGCGATCG-500.1.2,Body_wall_muscle,450.0,450-510
AGGCCGTAGTTGTCGT-400.2.3,Glia,425.0,390-450
GTACTTTGTCATTAGC-b01,Ciliated_amphid_neuron,630.0,580-650
TTGCCGTCAAACGTGG-300.1.2,Ciliated_amphid_neuron,230.0,210-270
CCTCAGTCAGCGAACA-400.2.3,,260.0,210-270
TACGGATCAGCTGTTA-300.1.2,,340.0,330-390
GTGTTAGTCGCAAACT-500.2.1,,640.0,580-650
CGAGAAGAGGACGAAA-500.2.2,M_cell,450.0,450-510
GATCGCGCAAGCTGTT-400.2.2,Hypodermis,360.0,330-390
GAACGGAGTTCGTCTC-500.2.1,Body_wall_muscle,400.0,390-450
CCACTACGTAGCGTAG-300.1.3,,290.0,270-330
CGAGCACGTTGGAGGT-r17,,170.0,170-210
AGCTTGAAGTGCAAGC-500.2.2,Seam_cell,620.0,580-650
ATAACGCTCGAGGTAG-400.2.1,,170.0,170-210
AACTCTTGTCGGCACT-300.1.2,Body_wall_muscle,280.0,270-330
CAAGGCCGTCACTGGC-500.1.1,Z1_Z4,320.0,270-330
CTGAAACTCACTTATC-500.1.1,Ciliated_amphid_neuron,490.0,450-510
AGCTTGACATCCTAGA-400.2.1,Ciliated_amphid_neuron,270.0,270-330
CATGGCGTCCTTTCTC-300.1.3,,220.0,210-270
CGATTGATCACATAGC-400.2.1,Pharyngeal_neuron,265.0,210-270
ACAGCTATCTGTGCAA-b01,Body_wall_muscle,490.0,450-510
CGTCACTGTGTGTGCC-400.2.2,Ciliated_non_amphid_neuron,345.0,330-390
TGCCAAAGTGCAGGTA-400.2.3,Body_wall_muscle,380.0,330-390
GCTGCGAAGTAACCCT-400.2.1,,220.0,210-270
AACGTTGCACCACGTG-400.2.1,Body_wall_muscle,260.0,210-270
ACGATGTCAACGATGG-400.2.3,Body_wall_muscle,360.0,330-390
TCCCGATCAACTTGAC-r17,,130.0,130-170
CAGAATCTCCATGAAC-400.2.2,,340.0,330-390
GAATAAGGTCCAGTAT-500.1.3,Body_wall_muscle,420.0,390-450
ACGCCGAAGCTGTCTA-400.2.3,,195.0,170-210
GGACAGAGTTCGTTGA-500.2.2,Body_wall_muscle,700.0,> 650
CTGAAACGTTTGCATG-r17,,355.0,330-390
ACGGAGAAGTGGTCCC-500.1.2,Body_wall_muscle,510.0,510-580
CTGTTTAAGATGTTAG-400.2.2,,260.0,210-270
GGGCACTGTTACAGAA-400.2.3,Ciliated_non_amphid_neuron,380.0,330-390
TGAGAGGAGATGCGAC-400.2.2,Ciliated_amphid_neuron,450.0,450-510
CTCGTACTCGTTGCCT-300.1.1,,210.0,210-270
ATTGGTGGTCTTGTCC-500.1.2,Body_wall_muscle,640.0,580-650
ATAAGAGTCGTTTAGG-400.2.3,Hypodermis,360.0,330-390
CTGCCTACATGCAACT-300.1.1,Body_wall_muscle,360.0,330-390
TGCTGCTTCAGCACAT-b01,,270.0,270-330
AGTTGGTAGGTAGCCA-500.1.1,Body_wall_muscle,550.0,510-580
GGCGTGTTCTGGAGCC-r17,,490.0,450-510
CGCCAAGAGAGCTGGT-400.2.2,,185.0,170-210
CGTCCATTCTGCTTGC-300.1.1,Body_wall_muscle,260.0,210-270
AGGGATGCATTAACCG-400.2.2,,320.0,270-330
CCTAGCTGTCGAGATG-500.2.1,,360.0,330-390
TTGGCAAGTATCACCA-400.2.1,Hypodermis,380.0,330-390
CAGCAGCAGTCTTGCA-500.1.1,hmc,450.0,450-510
GGACGTCCAAGTAGTA-500.1.1,Body_wall_muscle,410.0,390-450
CGGAGCTAGTGAATTG-300.1.3,,280.0,270-330
CCTTACGCAAGGACTG-300.1.1,Hypodermis,380.0,330-390
GAATGAAGTCATCGGC-500.2.1,Glia,640.0,580-650
CGATGTATCAAGAAGT-400.2.3,Seam_cell,390.0,390-450
ATGTGTGTCACCCGAG-400.2.1,Hypodermis,355.0,330-390
ACCGTAAAGCCACGCT-300.1.1,Body_wall_muscle,260.0,210-270
GTCACGGCAGCTGGCT-400.2.3,Pharyngeal_marginal_cell,300.0,270-330
ATCCGAACACATTTCT-b01,,170.0,170-210
TATTACCAGAAGGCCT-400.2.1,Body_wall_muscle,330.0,330-390
ATCACGACACCAGATT-400.2.1,Hypodermis,420.0,390-450
GTACGTAGTAACGCGA-400.2.1,,200.0,170-210
GCATACAGTAGAGGAA-r17,,265.0,210-270
AAAGCAACAAACTGCT-300.1.1,,260.0,210-270
CACTCCAGTGGTGTAG-300.1.1,,270.0,270-330
GAGCAGAAGAGGACGG-500.2.1,Body_wall_muscle,490.0,450-510
CCTTACGCAAACCTAC-400.2.2,,405.0,390-450
TTCTCCTCAGTAGAGC-300.1.2,Body_wall_muscle,355.0,330-390
GGGTTGCAGCCCAACC-300.1.1,Ciliated_amphid_neuron,170.0,170-210
CTAACTTAGCGACGTA-400.2.2,Body_wall_muscle,330.0,330-390
CATGCCTCATGCCTAA-400.2.1,,260.0,210-270
CTCGTCATCAACCAAC-300.1.1,Seam_cell,320.0,270-330
GGGTCTGAGTATCGAA-400.2.3,,230.0,210-270
TTGGAACCAGTCCTTC-b01,,175.0,170-210
CCGGTAGCAAACAACA-300.1.1,Hypodermis,290.0,270-330
TGAGCATTCTCGATGA-400.2.3,Hypodermis,380.0,330-390
CGTCACTCAGATCCAT-500.1.1,Pharyngeal_marginal_cell,380.0,330-390
TGCGCAGCATCTCGCT-400.2.3,Body_wall_muscle,300.0,270-330
ATAAGAGAGATAGTCA-300.1.2,Hypodermis,260.0,210-270
ACTTACTGTCGTGGCT-500.1.1,,380.0,330-390
ACTTTCACAAGGCTCC-b01,Body_wall_muscle,550.0,510-580
AGATCTGCACGGACAA-500.2.1,Seam_cell,550.0,510-580
CGCCAAGTCTCGTATT-r17,Ciliated_non_amphid_neuron,270.0,270-330
GTGGGTCAGAAGAAGC-400.2.3,Pharyngeal_intestinal_valve,330.0,330-390
GCGCCAAAGCCAGTTT-400.2.3,,290.0,270-330
GTAGTCAAGGAGTTGC-300.1.2,,205.0,170-210
AGTAGTCGTAATCGTC-400.2.2,Seam_cell,360.0,330-390
TACGGGCTCCAAATGC-500.1.1,Ciliated_non_amphid_neuron,375.0,330-390
CTAATGGGTAGCGTCC-300.1.3,Ciliated_non_amphid_neuron,300.0,270-330
GACAGAGCACGAAACG-b02,,190.0,170-210
AGGTCATTCGAGAGCA-400.2.2,Body_wall_muscle,450.0,450-510
ATGGGAGAGGGATCTG-400.2.3,Body_wall_muscle,300.0,270-330
CGCCAAGAGTCATCCA-b01,,435.0,390-450
TTGGCAAGTCGTGGCT-400.2.1,,360.0,330-390
GCGAGAATCCGTAGTA-500.1.1,Glia,395.0,390-450
CGTGAGCTCCAAACAC-400.2.2,Hypodermis,290.0,270-330
CCAGCGACAATGACCT-400.2.3,Pharyngeal_muscle,350.0,330-390
CCTTCCCGTACAGTTC-r17,Ciliated_amphid_neuron,160.0,130-170
TACTCATGTAGTGAAT-400.2.3,,290.0,270-330
GGTATTGTCCAAGTAC-r17,Seam_cell,360.0,330-390
ATTCTACAGGATCGCA-400.2.1,Body_wall_muscle,360.0,330-390
ACGCCGAAGACGCACA-500.1.1,,385.0,330-390
CCTTCGATCGATGAGG-b01,Body_wall_muscle,435.0,390-450
GATGAAAAGTGTACCT-400.2.3,,390.0,390-450
AAAGTAGAGTGGGATC-r17,Pharyngeal_muscle,470.0,450-510
GATCGTAAGAATTGTG-400.2.1,,270.0,270-330
TCATTTGGTATGCTTG-300.1.3,,225.0,210-270
CATTATCGTACCGAGA-300.1.3,Body_wall_muscle,300.0,270-330
CCTTCCCAGGAGCGTT-r17,,320.0,270-330
AGGCCACTCGCACTCT-400.2.2,Body_wall_muscle,450.0,450-510
CTACATTTCAAACGGG-r17,,325.0,270-330
TACTCGCAGTTAACGA-500.2.1,Glia,700.0,> 650
TCGTAGAGTTTAAGCC-b01,,185.0,170-210
GGCCGATCATCCGCGA-400.2.3,,330.0,330-390
CCTAGCTCATGGGACA-r17,Body_wall_muscle,410.0,390-450
GCCTCTACATTGGGCC-300.1.2,,275.0,270-330
CGGACTGGTGTGACGA-r17,Pharyngeal_gland,365.0,330-390
AACACGTAGGCTCAGA-400.2.3,,290.0,270-330
TCTGAGAAGCCCAACC-400.2.3,Seam_cell,350.0,330-390
CTTAACTCAGATCGGA-300.1.2,,450.0,450-510
CTACACCAGTGGGTTG-400.2.1,Ciliated_non_amphid_neuron,355.0,330-390
CTACATTTCACTATTC-b01,,265.0,210-270
ATAGACCTCCTCTAGC-400.2.1,Body_wall_muscle,390.0,390-450
TTGAACGGTGGTTTCA-400.2.2,,230.0,210-270
ATGTGTGGTTCGAATC-400.2.2,Ciliated_non_amphid_neuron,230.0,210-270
CCTCAGTGTGCCTGGT-300.1.2,Hypodermis,415.0,390-450
CCACTACTCTTGACGA-300.1.1,,260.0,210-270
CTAAGACAGCTCCTTC-500.2.2,Body_wall_muscle,450.0,450-510
AAGGCAGCAGTATCTG-b01,,320.0,270-330
CTTAACTCAGTCAGAG-300.1.2,Hypodermis,400.0,390-450
TGCTGCTTCTTTACAC-500.1.1,Body_wall_muscle,490.0,450-510
GTTCTCGAGAGGTTAT-300.1.1,Body_wall_muscle,360.0,330-390
CATCGAACAGATAATG-400.2.2,Pharyngeal_muscle,390.0,390-450
ATCATGGCAAGCGAGT-500.1.1,,490.0,450-510
GGGAGATGTCTCCACT-500.2.1,Hypodermis,620.0,580-650
CGCGTTTAGTCAATAG-300.1.3,Body_wall_muscle,230.0,210-270
AGCTTGAAGTGACTCT-b01,,130.0,130-170
GAGCAGATCCGGGTGT-300.1.1,,175.0,170-210
CGGACACGTTACGACT-500.1.2,Body_wall_muscle,450.0,450-510
GTAACGTTCGATCCCT-500.2.2,Seam_cell,430.0,390-450
GAGGTGACAACAACCT-400.2.2,Hypodermis,390.0,390-450
AGCGGTCTCCCTTGTG-400.2.3,Body_wall_muscle,410.0,390-450
TGCTACCAGGCGCTCT-b01,Glia,450.0,450-510
GCTGCAGCAATCAGAA-r17,Body_wall_muscle,510.0,510-580
GCGGGTTCAATCACAC-500.1.1,GLR,355.0,330-390
CGATTGATCAGGCAAG-r17,,160.0,130-170
GAATAAGTCAACACCA-500.1.1,Seam_cell,350.0,330-390
CTGATCCGTGTAACGG-400.2.2,,160.0,130-170
GGTGAAGGTAAAGTCA-500.2.2,Ciliated_amphid_neuron,435.0,390-450
AGGGTGAGTTTCCACC-400.2.3,,260.0,210-270
GCACATACATCACGAT-r17,Ciliated_non_amphid_neuron,245.0,210-270
ACGATACGTGAGGGTT-400.2.2,,365.0,330-390
AGAGTGGAGGTGCAAC-500.2.1,Ciliated_amphid_neuron,390.0,390-450
GAACATCCAGCTCGAC-400.2.1,Body_wall_muscle,550.0,510-580
TCAGCTCTCCTTTCGG-300.1.3,,330.0,330-390
GCCAAATAGTGTACCT-300.1.3,hmc_and_homolog,370.0,330-390
GCTTCCACACTCAGGC-300.1.2,Body_wall_muscle,415.0,390-450
CTAGTGATCGAGAACG-500.2.1,,300.0,270-330
CCTCAGTGTTGGTAAA-b01,Body_wall_muscle,345.0,330-390
TCACGAACAGTGGGAT-500.2.1,,400.0,390-450
TAGCCGGTCAAGAAGT-400.2.3,,225.0,210-270
GCCAAATCACCATCCT-500.2.1,Rectal_gland,640.0,580-650
ACCTTTAGTCAATACC-b01,,170.0,170-210
CGACTTCAGAGCCCAA-400.2.1,Body_wall_muscle,300.0,270-330
CATCGGGAGAAAGTGG-500.1.2,,450.0,450-510
CTGATCCGTAAGTTCC-500.2.2,Ciliated_amphid_neuron,640.0,580-650
TCAATCTGTACCAGTT-500.2.2,Body_wall_muscle,785.0,> 650
CACACAAAGCTTCGCG-r17,,330.0,330-390
GGACATTAGTGTACCT-500.1.1,Body_wall_muscle,450.0,450-510
CATCCACGTTCATGGT-500.2.1,Body_wall_muscle,550.0,510-580
GGAACTTTCCAAACAC-400.2.2,Pharyngeal_muscle,355.0,330-390
TGGTTCCGTATGGTTC-300.1.1,,230.0,210-270
CCTTACGGTTCTGTTT-400.2.2,Pharyngeal_muscle,355.0,330-390
CGCTTCAAGGTGCTAG-b01,Body_wall_muscle,265.0,210-270
CTGTGCTCAATCCGAT-r17,,195.0,170-210
TACCTATTCCTAGAAC-400.2.3,,225.0,210-270
CCTAGCTAGATGTGGC-b01,Glia,550.0,510-580
TTCGAAGAGGGCATGT-400.2.3,Body_wall_muscle,325.0,270-330
GATGAAAAGGCGATAC-b01,,150.0,130-170
ACGGAGAAGTTATCGC-400.2.3,Ciliated_amphid_neuron,295.0,270-330
ACGCAGCAGTCGAGTG-500.2.2,Pharyngeal_gland,585.0,580-650
ATTGGTGAGAGTGACC-r17,Pharyngeal_muscle,360.0,330-390
CCTACACGTGTAAGTA-300.1.3,Body_wall_muscle,380.0,330-390
TGACTTTAGTCTCGGC-b01,Hypodermis,350.0,330-390
CACAAACCAACAACCT-400.2.3,Ciliated_non_amphid_neuron,270.0,270-330
TCAGGTAGTAAACGCG-b01,,120.0,100-130
CGTTCTGCATTACGAC-500.2.1,Body_wall_muscle,700.0,> 650
GTACGTAGTCCTCTTG-r17,,100.0,100-130
CTCTGGTCAGCGATCC-400.2.2,Ciliated_non_amphid_neuron,270.0,270-330
AACGTTGTCTGCTGCT-b01,Body_wall_muscle,350.0,330-390
CTACGTCTCTTTAGTC-500.1.1,,440.0,390-450
GGAAAGCCAGGATCGA-500.1.1,Body_wall_muscle,490.0,450-510
ACTTTCATCCTATTCA-r17,,355.0,330-390
CAAGAAAAGTGTCCAT-400.2.3,Hypodermis,270.0,270-330
TACTCGCTCTCAAGTG-400.2.1,Hypodermis,380.0,330-390
CCCATACTCCGCATAA-400.2.3,,640.0,580-650
CGAGAAGTCTACCAGA-400.2.2,,280.0,270-330
CGGCTAGGTGTAAGTA-400.2.2,Body_wall_muscle,335.0,330-390
CTCGGGACATTCTCAT-300.1.3,Ciliated_non_amphid_neuron,410.0,390-450
ACCTTTATCTTAGCCC-400.2.2,,215.0,210-270
AGTTGGTTCCCTCAGT-400.2.1,,320.0,270-330
GATCGCGCACATTAGC-b01,,170.0,170-210
GAGTCCGGTAAACCTC-500.1.2,Ciliated_non_amphid_neuron,470.0,450-510
GGGCATCCATCTCGCT-300.1.1,Body_wall_muscle,220.0,210-270
ACACCAACACGCGAAA-r17,,265.0,210-270
CACCACTTCTCGATGA-300.1.2,Body_wall_muscle,345.0,330-390
TGGCGCATCCTCAACC-400.2.1,,320.0,270-330
GGACATTAGTGGCACA-500.1.1,Glia,450.0,450-510
CTCTAATAGAACTCGG-400.2.3,,350.0,330-390
CACAAACAGCGATTCT-b01,,170.0,170-210
AGGTCATTCTAACCGA-400.2.2,Pharyngeal_muscle,260.0,210-270
CAGAATCCATACTACG-500.2.2,Hypodermis,380.0,330-390
TATTACCGTCGGCACT-400.2.2,,190.0,170-210
ACTGAGTCACAAGCCC-500.1.1,Hypodermis,390.0,390-450
CTGCGGAGTACCATCA-500.2.1,Body_wall_muscle,420.0,390-450
ATAGACCGTACTCAAC-500.2.1,Pharyngeal_muscle,470.0,450-510
TAGTGGTAGTCTCGGC-500.2.2,Ciliated_non_amphid_neuron,260.0,210-270
TCTCATAAGGCTACGA-500.2.2,,450.0,450-510
GCTTGAAGTATATGAG-r17,Hypodermis,350.0,330-390
TAAACCGTCAATAAGG-400.2.1,,265.0,210-270
CTCTAATTCTCGTTTA-400.2.2,Ciliated_amphid_neuron,170.0,170-210
AACTTTCGTCGCATCG-400.2.3,Body_wall_muscle,390.0,390-450
GACCAATCAGACGTAG-500.2.2,Ciliated_amphid_neuron,640.0,580-650
CATATGGGTGCTAGCC-400.2.3,,325.0,270-330
TAGACCATCCCTTGTG-400.2.1,Body_wall_muscle,400.0,390-450
GACCAATCATTGGTAC-300.1.3,Ciliated_amphid_neuron,170.0,170-210
CACAAACGTACTCAAC-300.1.1,,335.0,330-390
CGAATGTAGAGTGAGA-500.2.2,Intestine,450.0,450-510
TTGGCAACACCCATTC-500.1.3,Coelomocyte,395.0,390-450
GGGCACTCAGTATCTG-300.1.3,,300.0,270-330
CATCAAGCACAGGTTT-300.1.3,,260.0,210-270
TACGGATGTAAGAGAG-500.1.2,Body_wall_muscle,450.0,450-510
CTGAAACCACCCTATC-400.2.2,Body_wall_muscle,390.0,390-450
ACGGCCAGTACAGTGG-500.1.2,Pharyngeal_intestinal_valve,350.0,330-390
ATCCGAAGTACGACCC-500.1.1,Body_wall_muscle,410.0,390-450
GGGACCTAGGTAAACT-500.2.2,Body_wall_muscle,640.0,580-650
TGCCAAAGTCAGATAA-300.1.2,,195.0,170-210
GATCAGTAGTGTACGG-400.2.2,,280.0,270-330
CACAGGCCACGGCTAC-400.2.2,,245.0,210-270
CAAGATCCATGACATC-500.2.1,Body_wall_muscle,450.0,450-510
CGTGTAATCAGCGATT-r17,,190.0,170-210
AGTGAGGAGTACGACG-500.1.1,,325.0,270-330
TGGTTAGTCCAGTAGT-400.2.1,Body_wall_muscle,230.0,210-270
GCAATCAAGAGTTGGC-500.1.1,Hypodermis,405.0,390-450
GATGAAACAGTAAGAT-500.1.1,M_cell,830.0,> 650
AGCTCCTTCCGAGCCA-500.2.1,Body_wall_muscle,490.0,450-510
CGATTGAGTAGAGTGC-500.1.1,Seam_cell,490.0,450-510
GAACGGACACGAAGCA-400.2.3,Ciliated_amphid_neuron,260.0,210-270
GCTTCCAGTGTAACGG-b01,,195.0,170-210
CGATCGGTCAGCTTAG-500.1.1,,625.0,580-650
TTAACTCCACCAGGTC-400.2.2,Body_wall_muscle,360.0,330-390
ACACCAAGTAGCCTAT-400.2.3,,190.0,170-210
TTAACTCAGGGTCGAT-300.1.2,Hypodermis,360.0,330-390
CGTCCATTCTTCAACT-500.1.1,Ciliated_non_amphid_neuron,585.0,580-650
TTTGTCATCCTCCTAG-400.2.1,Ciliated_non_amphid_neuron,340.0,330-390
GTCAAGTCAGGGTTAG-400.2.2,,195.0,170-210
TATTACCAGACGCAAC-b01,,200.0,170-210
ACGAGGAAGCTCCTTC-500.1.1,,425.0,390-450
TGCTGCTCAAACTGCT-b02,Body_wall_muscle,405.0,390-450
TTCTACATCGCCATAA-400.2.1,,370.0,330-390
ACTTACTTCCTCCTAG-500.2.2,,750.0,> 650
GTTCATTTCAGTTAGC-400.2.2,,210.0,210-270
CAGGTGCCACCGCTAG-500.2.1,Ciliated_amphid_neuron,550.0,510-580
TACCTATGTGCGAAAC-500.2.1,Body_wall_muscle,490.0,450-510
CTAGTGATCAGAGCTT-b01,Body_wall_muscle,550.0,510-580
ACTGATGAGTTCGCAT-500.1.1,Ciliated_non_amphid_neuron,390.0,390-450
GAATGAAGTCTAGTGT-500.1.1,Body_wall_muscle,410.0,390-450
GGAATAAGTTGGTTTG-500.2.2,Rectal_gland,640.0,580-650
CTGATAGGTGACAAAT-400.2.2,,320.0,270-330
GAACCTAAGTCGATAA-r17,Germline,155.0,130-170
AGGCCACCAGTCGTGC-400.2.1,Hypodermis,380.0,330-390
CAAGGCCAGGAGTACC-300.1.3,Hypodermis,300.0,270-330
CGAACATGTACCATCA-400.2.2,Ciliated_amphid_neuron,280.0,270-330
ACTATCTGTCGAATCT-500.2.2,Hypodermis,640.0,580-650
GCGCCAATCCTAGTGA-500.2.1,Seam_cell,550.0,510-580
AGCGTATCAATTCCTT-500.2.2,Hypodermis,450.0,450-510
AGTGTCAGTGGCCCTA-500.2.2,Seam_cell,550.0,510-580
ACTTACTCACATGACT-b01,Ciliated_amphid_neuron,430.0,390-450
GACAGAGGTTCACGGC-500.2.1,Intestine,780.0,> 650
GACACGCAGCCAACAG-500.1.1,Pharyngeal_muscle,340.0,330-390
ACTGAACTCGAGCCCA-r17,,350.0,330-390
GTTCATTGTCATTAGC-b01,Pharyngeal_gland,510.0,510-580
ACACCGGAGAGATGAG-300.1.1,Intestinal_and_rectal_muscle,405.0,390-450
TACTTGTAGGTGCAAC-500.2.1,Seam_cell,620.0,580-650
GAGCAGAAGATATGGT-b01,Pharyngeal_muscle,350.0,330-390
CAACCTCCATACAGCT-400.2.1,Pharyngeal_marginal_cell,375.0,330-390
AGATTGCTCAACGAAA-300.1.3,,295.0,270-330
CCACGGATCGCTTAGA-400.2.3,Body_wall_muscle,210.0,210-270
CTGATAGCACGCGAAA-r17,Ciliated_amphid_neuron,220.0,210-270
GACTAACGTCGACTAT-b01,,290.0,270-330
CGATTGACAATAACGA-b01,,320.0,270-330
TATTACCAGCCAGTAG-300.1.3,,280.0,270-330
AAATGCCTCCTTGCCA-400.2.1,,195.0,170-210
GCATGTAGTCTAGGTT-b01,Ciliated_non_amphid_neuron,260.0,210-270
GAAACTCCACGGTAAG-b01,,230.0,210-270
TTTACTGTCGGATGGA-b02,Body_wall_muscle,490.0,450-510
CATATTCTCATGTGGT-r17,Ciliated_amphid_neuron,390.0,390-450
CTAGCCTTCGCTAGCG-b02,Ciliated_amphid_neuron,300.0,270-330
TCCACACGTCCGTTAA-400.2.3,,350.0,330-390
AAAGCAAGTCCAGTGC-b02,,170.0,170-210
ATGTGTGTCAACCATG-500.2.1,,775.0,> 650
TCAGGATTCTGGCGAC-300.1.2,Seam_cell,355.0,330-390
CCTAGCTGTCGTCTTC-300.1.2,,225.0,210-270
AGAGCGACAGACTCGC-300.1.3,Hypodermis,270.0,270-330
CTCCTAGGTATAGTAG-500.2.1,Hypodermis,635.0,580-650
TCAACGATCCTATGTT-b01,Ciliated_amphid_neuron,550.0,510-580
GCCAAATAGCGACGTA-400.2.3,Pharyngeal_muscle,270.0,270-330
AAGCCGCAGCGTCAAG-500.2.2,Body_wall_muscle,550.0,510-580
GTTCATTCAGCTGTGC-500.1.3,Excretory_gland,450.0,450-510
GTGGGTCCAAATCCGT-500.2.1,Hypodermis,550.0,510-580
AGACGTTAGGCTAGAC-400.2.3,,310.0,270-330
GTCACAAAGCTTTGGT-500.2.1,Body_wall_muscle,490.0,450-510
TCATTACGTTCGCGAC-400.2.1,Hypodermis,300.0,270-330
TTTCCTCTCTGTCTAT-b01,Body_wall_muscle,640.0,580-650
CCTATTAGTTGGTTTG-300.1.3,Body_wall_muscle,420.0,390-450
ACACCGGCAAGAAAGG-500.1.1,Ciliated_amphid_neuron,440.0,390-450
CCTACACGTTCATGGT-400.2.1,Ciliated_amphid_neuron,300.0,270-330
CGGACGTCACAGGCCT-400.2.2,Body_wall_muscle,410.0,390-450
TGAAAGAAGTACGACG-300.1.1,,260.0,210-270
CTGATCCAGACAATAC-400.2.2,Ciliated_non_amphid_neuron,330.0,330-390
AAGACCTTCTCGCATC-500.1.2,Intestinal_and_rectal_muscle,585.0,580-650
CCGTACTGTAGCCTCG-500.1.2,Body_wall_muscle,550.0,510-580
GATGAAACAATAACGA-500.2.1,Body_wall_muscle,450.0,450-510
ACGGGCTAGTGTTGAA-b02,Body_wall_muscle,700.0,> 650
CAACCTCTCAAAGTAG-300.1.2,,385.0,330-390
GACGGCTCACAGCGTC-500.2.2,Seam_cell,490.0,450-510
CGGGTCATCCTCCTAG-b01,,205.0,170-210
AGTGTCATCTATGTGG-300.1.2,Hypodermis,260.0,210-270
CCAATCCTCGTCACGG-500.2.1,Hypodermis,415.0,390-450
CTCTGGTTCAACTCTT-400.2.3,,200.0,170-210
TTAGTTCCACGGTTTA-400.2.2,Ciliated_non_amphid_neuron,230.0,210-270
TAGAGCTGTTCTCATT-400.2.3,,380.0,330-390
GTTCATTGTGCCTTGG-r17,,200.0,170-210
ATTGGTGCAGGGATTG-300.1.2,,230.0,210-270
AGAGTGGCACAAGACG-500.1.1,Body_wall_muscle,450.0,450-510
CTGAAGTTCCGCATAA-500.1.2,Pharyngeal_marginal_cell,400.0,390-450
CCCATACAGACTGTAA-400.2.3,Body_wall_muscle,420.0,390-450
GTGCTTCAGTGCGATG-500.2.1,Ciliated_amphid_neuron,405.0,390-450
AAATGCCCAAAGTGCG-300.1.3,Intestine,335.0,330-390
TTTGTCATCAGCTGGC-400.2.1,Ciliated_non_amphid_neuron,380.0,330-390
CTCCTAGCAATCTACG-300.1.1,,245.0,210-270
TACGGGCCAAGTTCTG-b01,Body_wall_muscle,420.0,390-450
CTGTGCTGTACAGTGG-500.1.1,Coelomocyte,490.0,450-510
TGACAACCAAGCCGTC-400.2.1,Pharyngeal_muscle,300.0,270-330
TCGTAGATCTTGACGA-500.1.3,,385.0,330-390
CGTTCTGCATGTCTCC-r17,Ciliated_amphid_neuron,190.0,170-210
CTCGAAAAGTCAAGGC-300.1.2,Pharyngeal_muscle,340.0,330-390
GGCGACTGTGCCTGTG-500.1.2,hyp1V_and_ant_arc_V,450.0,450-510
GAACGGATCTAACTTC-b01,Excretory_gland,700.0,> 650
TTGACTTCAGTTAACC-400.2.2,,270.0,270-330
GGAATAACACTGTTAG-300.1.3,,310.0,270-330
GATGAAAGTCATCCCT-400.2.3,,265.0,210-270
CGGGTCACAGCGTAAG-300.1.1,Body_wall_muscle,330.0,330-390
AAAGTAGTCCCTCAGT-400.2.3,,265.0,210-270
CATCGAAAGTCCGGTC-300.1.2,Hypodermis,295.0,270-330
CGAACATGTTCCTCCA-400.2.3,Body_wall_muscle,350.0,330-390
ATCATGGCAGTTAACC-b02,Ciliated_amphid_neuron,640.0,580-650
ATGTGTGGTCATCCCT-500.1.1,Body_wall_muscle,395.0,390-450
GCTGCAGTCTACTTAC-400.2.3,Body_wall_muscle,360.0,330-390
TAGACCATCATGTCTT-500.2.1,Body_wall_muscle,670.0,> 650
CTCTACGGTCGGGTCT-b01,Body_wall_muscle,550.0,510-580
AGGCCGTCATGATCCA-400.2.1,Hypodermis,425.0,390-450
GGATTACTCCCGACTT-b01,Ciliated_amphid_neuron,385.0,330-390
CGGACACGTAGGCTGA-500.1.2,,210.0,210-270
GACGTGCGTTATTCTC-400.2.3,Ciliated_amphid_neuron,300.0,270-330
CTGCCTACAGTCACTA-400.2.1,,310.0,270-330
TGACTAGCACCGTTGG-400.2.3,Ciliated_non_amphid_neuron,260.0,210-270
TGGGCGTCACGCATCG-b01,,350.0,330-390
TAAGTGCCATGCCTTC-500.1.1,,565.0,510-580
GCTGCAGGTTGGTAAA-500.2.2,Hypodermis,500.0,450-510
TTAGTTCCAGCTGCAC-r17,,275.0,270-330
CTCGAGGTCGTTTAGG-500.2.2,M_cell,420.0,390-450
TTTCCTCTCATGTCTT-400.2.3,Ciliated_amphid_neuron,260.0,210-270
CCTAAAGCAAATTGCC-500.1.1,,550.0,510-580
CTGGTCTAGTGTTAGA-400.2.1,,245.0,210-270
TAGTGGTAGGTGTGGT-400.2.1,Body_wall_muscle,340.0,330-390
ACAGCCGAGCTTTGGT-r17,Coelomocyte,350.0,330-390
GATCGTAGTCGGCACT-300.1.2,,285.0,270-330
CAGAGAGAGGCGACAT-500.1.1,Hypodermis,375.0,330-390
TGGACGCCACAGTCGC-r17,Ciliated_non_amphid_neuron,260.0,210-270
GCGCGATCAGCTCCGA-500.2.1,,480.0,450-510
CAGAGAGTCGGAATCT-500.2.1,Body_wall_muscle,750.0,> 650
GTGCATATCACTTACT-300.1.1,Body_wall_muscle,420.0,390-450
AGAATAGTCATTATCC-400.2.3,Ciliated_non_amphid_neuron,380.0,330-390
ACTGAGTCAGGGCATA-500.1.1,Hypodermis,420.0,390-450
TACCTTACATCGGGTC-500.1.1,Seam_cell,450.0,450-510
GTACTTTTCAACCAAC-300.1.3,Pharyngeal_marginal_cell,350.0,330-390
GTAACTGGTCGGGTCT-400.2.2,,320.0,270-330
CTTACCGGTTCGTCTC-500.2.2,Ciliated_non_amphid_neuron,670.0,> 650
TTCTCCTAGCTGATAA-500.2.1,Ciliated_amphid_neuron,450.0,450-510
CAGTCCTGTTGGGACA-500.2.2,Pharyngeal_intestinal_valve,635.0,580-650
CTACCCAAGTCGTACT-b01,,385.0,330-390
GTGGGTCAGGCATGTG-300.1.1,Body_wall_muscle,390.0,390-450
ACGATACTCATGTGGT-300.1.2,Body_wall_muscle,360.0,330-390
ACCTTTACAATGTTGC-300.1.2,,225.0,210-270
GTTACAGAGAGTGACC-400.2.2,Pharyngeal_gland,325.0,270-330
GATGAGGTCTCTTATG-b01,,350.0,330-390
CCCTCCTGTTTCCACC-400.2.3,,300.0,270-330
TACTCGCCAGCTGTGC-b01,,170.0,170-210
ACCAGTAGTGAAGGCT-400.2.2,,335.0,330-390
ACACCGGGTGCCTGTG-500.1.1,Body_wall_muscle,420.0,390-450
GCGGGTTCAAGCCGCT-500.2.1,Body_wall_muscle,750.0,> 650
AAGGTTCAGCGTTGCC-500.1.1,,320.0,270-330
GCAAACTAGGTTACCT-400.2.2,Body_wall_muscle,300.0,270-330
CACCAGGGTCCAGTGC-300.1.3,,300.0,270-330
GCTTGAAAGGCTCAGA-400.2.3,Ciliated_non_amphid_neuron,410.0,390-450
TAAGAGACAATCTACG-b01,,270.0,270-330
ATCCACCTCTGGTGTA-400.2.2,Hypodermis,375.0,330-390
TGGCCAGGTGCAGGTA-500.1.1,Glia,450.0,450-510
TCGCGTTTCACGACTA-b01,Body_wall_muscle,700.0,> 650
ACGTCAACAATGACCT-r17,,270.0,270-330
TGAGCCGCATACCATG-400.2.3,Pharyngeal_marginal_cell,350.0,330-390
TCGTAGAGTTCGCTAA-500.1.1,,320.0,270-330
GATCGCGTCAGCACAT-300.1.2,Hypodermis,220.0,210-270
CAGTCCTAGGCCCTCA-500.2.1,Ciliated_amphid_neuron,660.0,> 650
TTAGTTCGTCTCATCC-300.1.1,,285.0,270-330
ACTGAACCATTGGGCC-r17,,200.0,170-210
GTCATTTTCACCATAG-500.2.2,Seam_cell,620.0,580-650
AGAGCTTCAATGGTCT-300.1.2,,215.0,210-270
CAGCGACTCAGTCAGT-b02,,190.0,170-210
CGACTTCCATTAGCCA-r17,,620.0,580-650
GGTGTTAGTAGGCTGA-r17,,130.0,130-170
TTTGTCAAGATACACA-r17,Intestine,340.0,330-390
CGCTGGACATTGAGCT-300.1.2,Body_wall_muscle,260.0,210-270
GAAATGAAGTTGAGAT-400.2.3,,550.0,510-580
TACCTATGTGGTGTAG-400.2.1,Body_wall_muscle,550.0,510-580
GCATGTAGTGTCGCTG-300.1.3,Hypodermis,365.0,330-390
TTGGCAATCCTTTCGG-400.2.3,Body_wall_muscle,260.0,210-270
GCTGCAGAGAAGGGTA-400.2.3,,270.0,270-330
TGAAAGACATAGAAAC-r17,,270.0,270-330
AGCTTGACACTTCTGC-400.2.2,,300.0,270-330
GGAGCAAGTTACGCGC-b01,Ciliated_non_amphid_neuron,450.0,450-510
CGTGAGCCATCAGTAC-b01,Body_wall_muscle,360.0,330-390
CAACCAAAGGCATGTG-400.2.3,Body_wall_muscle,430.0,390-450
TCACAAGCACCTTGTC-400.2.3,Body_wall_muscle,450.0,450-510
TCTGAGAGTAAGAGGA-r17,Pharyngeal_gland,295.0,270-330
TCAGGATCATCCGTGG-r17,Body_wall_muscle,385.0,330-390
GGGCATCAGGTTCCTA-500.2.2,Hypodermis,405.0,390-450
AATCCAGAGAGTAATC-500.1.2,Body_wall_muscle,350.0,330-390
AGGGTGAGTTCTGAAC-500.2.2,Seam_cell,450.0,450-510
TCACGAAAGCTCCCAG-400.2.2,Ciliated_non_amphid_neuron,530.0,510-580
GGGACCTTCCTCAACC-500.2.2,Body_wall_muscle,640.0,580-650
TGAGAGGTCAGGATCT-300.1.3,Hypodermis,380.0,330-390
TGACTAGTCGCTAGCG-500.1.1,Ciliated_non_amphid_neuron,490.0,450-510
GTACTTTCACTCAGGC-300.1.3,Body_wall_muscle,280.0,270-330
TAGCCGGCATCACCCT-500.1.1,Pharyngeal_neuron,310.0,270-330
AGAGCGAAGGGTCGAT-300.1.3,Ciliated_amphid_neuron,190.0,170-210
TTTGCGCAGTGCCAGA-r17,,150.0,130-170
TACGGATTCACCCTCA-400.2.3,,295.0,270-330
TTCGAAGTCCCGACTT-500.1.1,Seam_cell,450.0,450-510
CTACATTGTACGCTGC-b02,Body_wall_muscle,320.0,270-330
AACCGCGTCACCACCT-400.2.1,,300.0,270-330
GGTGCGTTCTCTGCTG-r17,Body_wall_muscle,270.0,270-330
ATTATCCGTCTAGTGT-400.2.2,Ciliated_amphid_neuron,360.0,330-390
GCGGGTTCAACCGCCA-500.2.2,Body_wall_muscle,490.0,450-510
TGGGAAGGTCTCGTTC-500.2.1,Intestine,450.0,450-510
GGTGTTATCGCGCCAA-400.2.1,,450.0,450-510
ATCTACTAGGTGACCA-400.2.2,,190.0,170-210
GTACGTAGTGCGCTTG-400.2.1,,300.0,270-330
TATTACCTCTGAGGGA-400.2.1,,190.0,170-210
CCCAGTTGTAGCTCCG-300.1.2,,300.0,270-330
TACCTATGTAGCCTAT-400.2.3,Rectal_cell,320.0,270-330
AACTGGTAGGACACCA-500.2.2,,640.0,580-650
GGGAATGGTGTCGCTG-b01,,330.0,330-390
GGGTCTGGTTCGAATC-300.1.2,,265.0,210-270
TTTGCGCCATGGGACA-400.2.1,Hypodermis,340.0,330-390
ACACTGATCAGCGATT-400.2.2,,295.0,270-330
CAGAGAGCAAGAGGCT-500.1.1,Ciliated_non_amphid_neuron,490.0,450-510
TCTTCGGTCTACTATC-300.1.2,GLR,335.0,330-390
AACTTTCTCTTGCCGT-400.2.1,,190.0,170-210
TTAACTCGTCGAACAG-500.1.1,Body_wall_muscle,490.0,450-510
CTGCTGTGTTAGAACA-b02,Pharyngeal_gland,330.0,330-390
CACTCCACAGTTTACG-b01,Glia,280.0,270-330
AGAGCGACAGATAATG-300.1.2,,170.0,170-210
TGTTCCGAGCGATCCC-b01,Pharyngeal_muscle,510.0,510-580
GGGAGATTCGCTTGTC-300.1.3,,260.0,210-270
AGTGGGATCGTAGATC-400.2.3,Pharyngeal_muscle,320.0,270-330
GCCAAATCATGCAATC-500.1.3,,640.0,580-650
CGCTGGACAGCCTTGG-500.2.1,Seam_cell,550.0,510-580
TCATTACAGTTCGATC-500.2.2,Body_wall_muscle,510.0,510-580
CCAGCGATCGCGGATC-400.2.1,Parent_of_exc_gland_AVK,270.0,270-330
GATCGCGGTCTAGCCG-500.2.2,Rectal_gland,640.0,580-650
GAACATCGTCGACTAT-b02,Ciliated_amphid_neuron,165.0,130-170
TCGTAGAGTTGAGGTG-300.1.2,,280.0,270-330
CGTGAGCCACGCGAAA-300.1.3,Ciliated_amphid_neuron,175.0,170-210
GCGAGAACAGCCACCA-300.1.1,,270.0,270-330
GCAAACTTCCCTTGCA-400.2.2,Hypodermis,410.0,390-450
TAGTGGTTCGCCGTGA-500.2.1,Intestine,450.0,450-510
CTCGAAACAATTCCTT-400.2.1,Ciliated_non_amphid_neuron,310.0,270-330
AACTCTTCAGCTGGCT-r17,Pharyngeal_muscle,510.0,510-580
AGCCTAAAGGTTACCT-b01,Ciliated_amphid_neuron,260.0,210-270
ACCTTTAAGGGCTCTC-r17,,390.0,390-450
AGTAGTCGTATATCCG-500.2.2,Excretory_duct_and_pore,450.0,450-510
CCACTACCAGTTTACG-500.1.1,Hypodermis,360.0,330-390
ACGTCAACACACCGCA-500.1.1,Glia,430.0,390-450
CTCGTACGTCTAGTGT-b01,Pharyngeal_neuron,300.0,270-330
AAGGAGCGTCAGATAA-r17,,350.0,330-390
TTTGGTTGTAAGAGAG-300.1.1,Hypodermis,390.0,390-450
GCTCCTACATGTAAGA-400.2.2,,470.0,450-510
TGAGAGGGTGTCCTCT-400.2.1,Pharyngeal_marginal_cell,370.0,330-390
CACAAACTCGGCCGAT-r17,,195.0,170-210
GTATTCTAGTGAAGAG-400.2.1,,270.0,270-330
TTCTTAGGTCTAAACC-400.2.2,Ciliated_non_amphid_neuron,345.0,330-390
ACTTGTTTCTGCTTGC-300.1.3,,260.0,210-270
CACAAACAGAGCTGCA-r17,Hypodermis,270.0,270-330
CCACGGACACTGTCGG-b02,,185.0,170-210
GTTCGGGCACCAACCG-500.1.1,Seam_cell,380.0,330-390
TCCACACCAGTGACAG-r17,,190.0,170-210
GACCTGGAGCCATCGC-400.2.3,,295.0,270-330
GCATGCGGTCTTCTCG-500.2.2,Ciliated_amphid_neuron,550.0,510-580
CACATTTAGGTTCCTA-400.2.1,Hypodermis,490.0,450-510
CTACACCCAGTCAGAG-r17,Germline,0.0,< 100
ACGATACGTGAGGGTT-r17,GLR,280.0,270-330
AGCGGTCAGACCACGA-400.2.3,Body_wall_muscle,300.0,270-330
CAGTAACTCCTCAACC-300.1.3,,330.0,330-390
AACTGGTCAGCGTAAG-b01,Pharyngeal_muscle,375.0,330-390
CCTTACGCACTCAGGC-r17,Body_wall_muscle,420.0,390-450
CAGGTGCTCGTTGCCT-300.1.2,,200.0,170-210
TCATTACAGGTAGCTG-500.1.1,Body_wall_muscle,620.0,580-650
TTGGAACAGCTAGTGG-500.1.2,,750.0,> 650
GTCCTCATCTACTATC-r17,Pharyngeal_muscle,370.0,330-390
CCTAAAGTCAAACCGT-500.2.2,Glia,700.0,> 650
ATCTGCCTCACGATGT-400.2.1,,265.0,210-270
CCGTACTAGTGTGAAT-400.2.2,Hypodermis,350.0,330-390
CCCAGTTTCAGCTCTC-r17,Hypodermis,300.0,270-330
CTCATTAGTCCGAATT-400.2.3,Body_wall_muscle,280.0,270-330
TCGAGGCAGGCACATG-500.2.2,Body_wall_muscle,450.0,450-510
AGAGCGACATCTCCCA-400.2.3,Ciliated_non_amphid_neuron,345.0,330-390
TTATGCTTCCGTTGTC-400.2.1,Body_wall_muscle,300.0,270-330
CCCAATCGTCTCGTTC-400.2.3,,220.0,210-270
GGGTCTGTCGGCTACG-r17,hyp1V_and_ant_arc_V,450.0,450-510
GGATTACAGCGTCAAG-500.2.2,Body_wall_muscle,450.0,450-510
TAGTGGTAGGCGACAT-300.1.2,,210.0,210-270
CGTTCTGCAAGAGGCT-r17,Ciliated_non_amphid_neuron,345.0,330-390
CGCTGGAGTGCAGACA-300.1.3,Hypodermis,280.0,270-330
ATTGGTGGTAGAGCTG-500.1.1,,420.0,390-450
AAGGCAGAGCCATCGC-400.2.2,Body_wall_muscle,450.0,450-510
TCGCGAGGTGCGCTTG-500.2.1,,630.0,580-650
ACATCAGAGTTATCGC-400.2.3,,200.0,170-210
GGCCGATGTCATGCAT-300.1.1,Pharyngeal_neuron,300.0,270-330
AGAGTGGCACACCGAC-400.2.3,Body_wall_muscle,360.0,330-390
AGGCCGTAGGTCGGAT-500.2.1,Body_wall_muscle,490.0,450-510
GTCCTCATCTGCTGCT-b01,Body_wall_muscle,490.0,450-510
CCCTCCTTCTGATACG-r17,,165.0,130-170
CAGTCCTAGGACGAAA-500.1.1,Ciliated_amphid_neuron,420.0,390-450
TTGAACGAGTAGTGCG-b02,,300.0,270-330
CAAGTTGGTTGTTTGG-400.2.1,Ciliated_amphid_neuron,320.0,270-330
GGGACCTGTTCCTCCA-500.1.2,,750.0,> 650
AAATGCCTCGAGCCCA-400.2.3,Body_wall_muscle,415.0,390-450
GATCTAGGTCTTGATG-500.2.2,Rectal_gland,620.0,580-650
CGACTTCCAATAGCGG-400.2.1,Body_wall_muscle,390.0,390-450
AGGCCGTCAAAGTCAA-b01,Ciliated_amphid_neuron,750.0,> 650
CTTTGCGAGATGTGGC-500.1.1,,350.0,330-390
TAAACCGTCATCGGAT-300.1.2,,270.0,270-330
GCATGCGCATATACCG-b01,Body_wall_muscle,490.0,450-510
ACGGCCATCGTGGGAA-r17,,190.0,170-210
TTAGGCACACAACTGT-400.2.3,Pharyngeal_intestinal_valve,275.0,270-330
CGACTTCCAGCCACCA-400.2.2,Seam_cell,370.0,330-390
GCGACCACATCTCCCA-300.1.3,Ciliated_amphid_neuron,200.0,170-210
CGTCACTCACGGACAA-b01,,330.0,330-390
AAACCTGCATAGAAAC-400.2.1,Hypodermis,280.0,270-330
GCAGCCATCTACCTGC-b01,,300.0,270-330
TGCACCTCATGTCGAT-500.2.1,Seam_cell,550.0,510-580
GATGCTAGTACACCGC-300.1.3,Body_wall_muscle,360.0,330-390
AACTGGTTCAACGGGA-400.2.1,,200.0,170-210
TGGGCGTAGCCACGTC-500.1.1,,370.0,330-390
CTCTACGAGAAACCAT-500.1.1,Body_wall_muscle,360.0,330-390
ACTTGTTCAAGCGTAG-400.2.2,Body_wall_muscle,490.0,450-510
CGACCTTAGCGATGAC-b02,,230.0,210-270
AAGTCTGGTCTCTTTA-500.2.2,Glia,415.0,390-450
TAAACCGGTTCGCGAC-300.1.1,Body_wall_muscle,300.0,270-330
TCGTACCGTTAAGAAC-b01,Pharyngeal_neuron,185.0,170-210
AGATTGCGTGGGTCAA-500.1.2,Ciliated_non_amphid_neuron,390.0,390-450
CATCAGAGTTATTCTC-r17,,285.0,270-330
TCACGAATCCGAGCCA-300.1.3,Body_wall_muscle,350.0,330-390
AGCCTAATCCTTGACC-500.1.2,Pharyngeal_muscle,350.0,330-390
