,cell.type,cell.subtype,embryo.time,embryo.time.bin,lineage
AAACCTGTCACCCTCA-300.1.1,,,290.0,270-330,ABpxppapaa
AAACCTGTCGGCCGAT-300.1.1,Ciliated_amphid_neuron,Neuroblast_AWC_SAAVx,245.0,210-270,ABpxpaaaaa
AAACGGGAGAGGTTAT-300.1.1,,,215.0,210-270,ABpxppppaa
AAACGGGAGCGTTGCC-300.1.1,,Parents_of_U_F_B_DVA,265.0,210-270,ABpxppppap
AAACGGGTCGGATGGA-300.1.1,,RIM_parent,300.0,270-330,ABpxppaapa
AAAGATGCAAGGGTCA-300.1.1,,,200.0,170-210,ABpxpaaaaa
AAAGATGGTAGCTCCG-300.1.1,,Neuroblast_PVC_LUA,310.0,270-330,ABpxpppaapa
AAAGCAAGTTCCTCCA-300.1.1,,,190.0,170-210,ABpxppppa
AAATGCCCAACAACCT-300.1.1,Ciliated_non_amphid_neuron,,260.0,210-270,ABpxpaappp
AAATGCCGTGTGTGCC-300.1.1,,,180.0,170-210,ABpxppaaa
AACACGTGTACAAGTA-300.1.1,,,265.0,210-270,ABpxpppaaa
AACACGTTCGAATGCT-300.1.1,,,260.0,210-270,ABpxpaapap
AACCATGAGGACACCA-300.1.1,,,270.0,270-330,ABpxpaaapa
AACCATGTCCATTCTA-300.1.1,,,270.0,270-330,ABpxpaapaa
AACGTTGAGTAAGTAC-300.1.1,Ciliated_amphid_neuron,Neuroblast_AWC_SAAVx,260.0,210-270,ABpxpaaaaa
AACGTTGTCTAACTTC-300.1.1,,,210.0,210-270,ABpxppppap
AACTCCCAGTGTACTC-300.1.1,Ciliated_amphid_neuron,Neuroblast_ASH_RIB,260.0,210-270,ABpxpaappa
AACTCCCTCAGTTGAC-300.1.1,,,300.0,270-330,ABpxppapaa
AACTCCCTCCGTTGCT-300.1.1,Pharyngeal_neuron,,260.0,210-270,ABpxppppaa
AACTCTTTCGGAATCT-300.1.1,Ciliated_non_amphid_neuron,,265.0,210-270,ABpxpaaapp
AAGACCTAGGGTCTCC-300.1.1,Parent_of_exc_gland_AVK,,270.0,270-330,ABpxpapapa
AAGCCGCGTAAGCACG-300.1.1,,,300.0,270-330,ABpxppappp
AAGCCGCGTCCCTTGT-300.1.1,,,260.0,210-270,ABpxpppapa
AAGCCGCGTCTCTCGT-300.1.1,,,225.0,210-270,ABpxpapapp
AAGGAGCGTAAGGATT-300.1.1,,,300.0,270-330,ABpxppapap
AAGGAGCGTGTGACGA-300.1.1,Ciliated_non_amphid_neuron,,220.0,210-270,ABpxpaappp
AAGGCAGGTGGGTATG-300.1.1,Ciliated_amphid_neuron,,200.0,170-210,ABpxpaaaap
AAGTCTGAGAGACTTA-300.1.1,Ciliated_non_amphid_neuron,,265.0,210-270,ABpxpaappp
AATCCAGTCGCCGTGA-300.1.1,,,300.0,270-330,ABpxppapaa
AATCGGTTCACAAACC-300.1.1,,,200.0,170-210,ABpxpaapa
ACACCCTCAAACGTGG-300.1.1,Ciliated_amphid_neuron,Neuroblast_ASH_RIB,230.0,210-270,ABpxpaappa
ACACCGGGTATTCTCT-300.1.1,,,290.0,270-330,ABpxppapap
ACAGCCGCATTACGAC-300.1.1,,,270.0,270-330,ABpxpapaap
ACAGCCGGTGGTGTAG-300.1.1,Parent_of_exc_duct_pore_DB_1_3,,270.0,270-330,ABpxpaaaap
ACATACGAGCTCCTTC-300.1.1,Ciliated_non_amphid_neuron,,300.0,270-330,ABpxpaappp
ACATACGGTGGTACAG-300.1.1,,,195.0,170-210,ABpxppaap
ACATACGTCCATGCTC-300.1.1,,,245.0,210-270,ABpxppappp
ACATGGTCAACACCCG-300.1.1,,,190.0,170-210,ABpxpapaa
ACCAGTACAGATCCAT-300.1.1,Excretory_duct_and_pore,,295.0,270-330,ABpxpaaaapa
ACCCACTCATGGAATA-300.1.1,,,290.0,270-330,ABpxppaapp
ACCGTAAAGTGGTAGC-300.1.1,,,190.0,170-210,ABpxpapap
ACCGTAACACCCTATC-300.1.1,,,180.0,170-210,ABpxpaaap
ACCGTAAGTGCCTGTG-300.1.1,,,245.0,210-270,ABpxppappa
ACCTTTAAGAGAGCTC-300.1.1,,,260.0,210-270,ABpxpaaaap
ACCTTTACAGCTGTAT-300.1.1,,,200.0,170-210,ABpxpppaaa
ACCTTTATCTAACTTC-300.1.1,,,285.0,270-330,ABpxpapaap
ACGAGCCCAGGGATTG-300.1.1,,,285.0,270-330,ABpxpppaaa
ACGAGCCTCTGTTGAG-300.1.1,,,260.0,210-270,ABpxppaaa
ACGCAGCCACAGGCCT-300.1.1,,Parent_of_tail_spike_and_hyp10,230.0,210-270,ABpxpppppp
ACGCAGCTCAACCATG-300.1.1,,RIC_parent,280.0,270-330,ABpxppaaaap
ACGCAGCTCAGGTAAA-300.1.1,,,195.0,170-210,ABpxppapa
ACGCAGCTCGTAGGAG-300.1.1,Ciliated_non_amphid_neuron,,270.0,270-330,ABpxpaappp
ACGCCAGAGCGTGTCC-300.1.1,,,185.0,170-210,ABpxppapp
ACGCCAGTCAGCTCGG-300.1.1,,,300.0,270-330,ABpxpppapa
ACGCCGAAGGCCCTTG-300.1.1,,,245.0,210-270,ABpxpaaaap
ACGGAGAAGCAGCCTC-300.1.1,,,270.0,270-330,ABpxpapaaa
ACGGAGACAACGATGG-300.1.1,,,220.0,210-270,ABpxppaapp
ACGGAGACACACTGCG-300.1.1,Ciliated_amphid_neuron,Neuroblast_AWC_SAAVx,230.0,210-270,ABpxpaaaaa
ACGGAGAGTAAGTGTA-300.1.1,,,220.0,210-270,ABpxppaaaa
ACGGAGATCCTGCAGG-300.1.1,,,195.0,170-210,ABpxppappa
ACGGAGATCGTAGGAG-300.1.1,,,205.0,170-210,ABpxppapap
ACGGCCAAGGGAAACA-300.1.1,,,260.0,210-270,ABpxpapaaa
ACGGCCAGTCTCAACA-300.1.1,,DB,325.0,270-330,ABpxppaapp
ACGGCCAGTTGTGGCC-300.1.1,,,205.0,170-210,ABpxppppaa
ACGGGCTAGGAGTAGA-300.1.1,Ciliated_amphid_neuron,Neuroblast_ASH_RIB,260.0,210-270,ABpxpaappa
ACGGGCTAGTGGTAAT-300.1.1,,,200.0,170-210,ABpxpaapap
ACGTCAACAGACAGGT-300.1.1,,,280.0,270-330,ABpxppapaa
ACGTCAAGTCTTGATG-300.1.1,Ciliated_non_amphid_neuron,,260.0,210-270,ABpxpaaapp
ACTATCTCAGTATGCT-300.1.1,,,275.0,270-330,ABpxppappa
ACTGAGTAGGCATGGT-300.1.1,Ciliated_non_amphid_neuron,,270.0,270-330,ABpxpaappp
ACTGAGTGTGAGTATA-300.1.1,,AMso_parent,230.0,210-270,ABpxpaapap
ACTGCTCAGACTAGAT-300.1.1,Ciliated_non_amphid_neuron,,265.0,210-270,ABpxpaappp
ACTGCTCGTATAGGGC-300.1.1,,,230.0,210-270,ABpxppppaa
ACTGTCCAGATCACGG-300.1.1,,,200.0,170-210,ABpxppaapa
ACTGTCCAGTTGTAGA-300.1.1,,,190.0,170-210,ABpxpppaa
ACTTACTGTGTAACGG-300.1.1,Ciliated_amphid_neuron,Neuroblast_ASH_RIB,225.0,210-270,ABpxpaappa
ACTTGTTTCCACGTTC-300.1.1,,,190.0,170-210,ABpxppaap
ACTTTCAAGGGAACGG-300.1.1,,,260.0,210-270,ABpxpaaaap
AGACGTTTCTTGCATT-300.1.1,,,260.0,210-270,ABpxpaapaa
AGAGCGAAGTGGTAGC-300.1.1,,,220.0,210-270,ABpxpppapa
AGAGCTTCATTGGTAC-300.1.1,,,200.0,170-210,ABpxppapa
AGAGCTTTCCGCGCAA-300.1.1,,RIC_parent,300.0,270-330,ABpxppaaaap
AGATTGCAGATGGGTC-300.1.1,,,200.0,170-210,ABpxpppaaa
AGATTGCAGGGAGTAA-300.1.1,,,320.0,270-330,ABpxppappp
AGATTGCCAAAGCGGT-300.1.1,,Parents_of_U_F_B_DVA,270.0,270-330,ABpxppppap
AGATTGCTCTTGTCAT-300.1.1,,,170.0,170-210,ABpxpppaa
AGCATACAGGTCGGAT-300.1.1,,RIM_parent,260.0,210-270,ABpxppaapa
AGCATACGTGATGTCT-300.1.1,,,230.0,210-270,ABpxpaapa
AGCATACGTTTGTTTC-300.1.1,,,270.0,270-330,ABpxppappa
AGCCTAACAGCTTAAC-300.1.1,,,285.0,270-330,ABpxpaaapa
AGCGTATAGAGCTGCA-300.1.1,Ciliated_non_amphid_neuron,,230.0,210-270,ABpxpaappp
AGCGTCGCACCTCGTT-300.1.1,,,230.0,210-270,ABpxppppaa
AGCTCCTGTAGCAAAT-300.1.1,,,170.0,170-210,ABpxppappp
AGCTCCTGTGATGATA-300.1.1,,,260.0,210-270,ABpxppapaa
AGCTCTCGTGATGTGG-300.1.1,,,260.0,210-270,ABpxpapaap
AGCTTGAAGCAGCGTA-300.1.1,,,210.0,210-270,ABpxpppap
AGCTTGACACCAGATT-300.1.1,,,260.0,210-270,ABpxpapaaa
AGGCCGTAGCTAGCCC-300.1.1,,,200.0,170-210,ABpxpaaapp
AGGCCGTAGGCCCTCA-300.1.1,,,260.0,210-270,ABpxppppp
AGGCCGTGTCTTGTCC-300.1.1,,,300.0,270-330,ABpxppaapp
AGGGAGTCACGCCAGT-300.1.1,Ciliated_non_amphid_neuron,,220.0,210-270,ABpxpaappp
AGGGAGTTCTGATTCT-300.1.1,Ciliated_amphid_neuron,Neuroblast_AWC_SAAVx,245.0,210-270,ABpxpaaaaa
AGGGATGAGCCGCCTA-300.1.1,Ciliated_amphid_neuron,Neuroblast_ASH_RIB,270.0,270-330,ABpxpaappa
AGGGATGAGTTCGCAT-300.1.1,Parent_of_exc_gland_AVK,,270.0,270-330,ABpxpapapa
AGGGTGAAGCGTGAGT-300.1.1,Ciliated_amphid_neuron,Neuroblast_AWC_SAAVx,230.0,210-270,ABpxpaaaaa
AGGGTGAGTGATGTCT-300.1.1,Ciliated_non_amphid_neuron,,265.0,210-270,ABpxpaappp
AGGGTGATCTGCAAGT-300.1.1,,,270.0,270-330,ABpxpapaap
AGGTCATAGTGGACGT-300.1.1,,,230.0,210-270,ABpxpppppp
AGGTCCGGTCGCCATG-300.1.1,Ciliated_amphid_neuron,ASH,390.0,390-450,ABpxpaappaa
AGGTCCGGTGACGGTA-300.1.1,,,215.0,210-270,ABpxppppaa
AGTAGTCGTAGGGTAC-300.1.1,Pharyngeal_neuron,,270.0,270-330,ABpxpapaa
AGTGAGGCAGTACACT-300.1.1,,,270.0,270-330,ABpxpaaapa
AGTTGGTAGCCAGTAG-300.1.1,Ciliated_amphid_neuron,Neuroblast_AWC_SAAVx,245.0,210-270,ABpxpaaaaa
AGTTGGTGTTTGACTG-300.1.1,,,245.0,210-270,ABpxpapaap
ATAACGCCAAACTGTC-300.1.1,,,200.0,170-210,ABpxppppap
ATAACGCCACGAAGCA-300.1.1,,,190.0,170-210,ABpxppppa
ATCACGAGTCAGATAA-300.1.1,,Parents_of_U_F_B_DVA,265.0,210-270,ABpxppppap
ATCACGAGTCGAGTTT-300.1.1,Ciliated_amphid_neuron,Neuroblast_ASH_RIB,260.0,210-270,ABpxpaappa
ATCACGATCATACGGT-300.1.1,,,170.0,170-210,ABpxpaapp
ATCACGATCGCCAGCA-300.1.1,Ciliated_amphid_neuron,Neuroblast_AWC_SAAVx,230.0,210-270,ABpxpaaaaa
ATCACGATCGGCATCG-300.1.1,Ciliated_amphid_neuron,Neuroblast_ASH_RIB,265.0,210-270,ABpxpaappa
ATCATGGCACATCCGG-300.1.1,,,175.0,170-210,ABpxppapa
ATCATGGGTCGGATCC-300.1.1,,Parents_of_U_F_B_DVA,265.0,210-270,ABpxppppap
ATCCACCCACTATCTT-300.1.1,,,260.0,210-270,ABpxpapaaa
ATCCACCCATGGGAAC-300.1.1,,,170.0,170-210,ABpxpppaa
ATCCACCGTCAGAATA-300.1.1,,,190.0,170-210,ABpxppaaa
ATCCACCTCGATGAGG-300.1.1,,,200.0,170-210,ABpxppppp
ATCCGAACACTTCGAA-300.1.1,,SIA,350.0,330-390,ABpxpapaapa/ABpxpapappa
ATCCGAACAGGGTACA-300.1.1,,,290.0,270-330,ABpxppappa
ATCCGAATCGCAAACT-300.1.1,,,260.0,210-270,ABpxppappp
ATCGAGTTCGGAGGTA-300.1.1,,,260.0,210-270,ABpxpppppa
ATCTACTCAAGCGCTC-300.1.1,,,260.0,210-270,ABpxppappp
ATCTACTCACCACCAG-300.1.1,,SIB,345.0,330-390,ABpxpapaapp/ABpxppaaaaa
ATCTGCCAGACTAGGC-300.1.1,,,180.0,170-210,ABpxpppaa
ATCTGCCCACATCCAA-300.1.1,,,265.0,210-270,ABpxppaaaa
ATGAGGGGTAGATTAG-300.1.1,,,320.0,270-330,ABpxppapaa
ATGAGGGTCAGTTGAC-300.1.1,Ciliated_non_amphid_neuron,,260.0,210-270,ABpxpaaapp
ATGAGGGTCCTATGTT-300.1.1,Ciliated_amphid_neuron,Neuroblast_AWC_SAAVx,230.0,210-270,ABpxpaaaaa
ATGCGATCAATTGCTG-300.1.1,,,245.0,210-270,ABpxppppaa
ATGGGAGGTTTCCACC-300.1.1,,,300.0,270-330,ABpxpppppa
ATTACTCGTAATCACC-300.1.1,,RIC_parent,300.0,270-330,ABpxppaaaap
ATTACTCTCAAAGACA-300.1.1,,Parent_of_tail_spike_and_hyp10,230.0,210-270,ABpxpppppp
ATTATCCAGGTCGGAT-300.1.1,,,265.0,210-270,ABpxpaapaa
ATTATCCCACCACCAG-300.1.1,Ciliated_amphid_neuron,,200.0,170-210,ABpxpaaaa
ATTGGACAGCCATCGC-300.1.1,,,270.0,270-330,ABpxpppppa
ATTGGACAGCGTGAAC-300.1.1,,,300.0,270-330,ABpxpapaaa
ATTGGACAGGATGGTC-300.1.1,Parent_of_exc_gland_AVK,,265.0,210-270,ABpxpapapa
ATTGGACAGTACACCT-300.1.1,,,260.0,210-270,ABpxppappa
ATTGGACCACTTACGA-300.1.1,,,220.0,210-270,ABpxppppaa
ATTTCTGCACAGATTC-300.1.1,Ciliated_non_amphid_neuron,,225.0,210-270,ABpxpaappp
ATTTCTGGTTATGTGC-300.1.1,,,260.0,210-270,ABpxpaapaa
CAACCAACACCCATGG-300.1.1,,,220.0,210-270,ABpxppaap
CAACCTCAGATGCGAC-300.1.1,,,280.0,270-330,ABpxppappa
CAACCTCCAAAGGAAG-300.1.1,,Parent_of_PVP_and_rect_V,335.0,330-390,ABpxppppaa
CAAGAAACAGGAACGT-300.1.1,,,260.0,210-270,ABpxpapaaa
CAAGATCAGTACGACG-300.1.1,,,270.0,270-330,ABpxpapapp
CAAGATCAGTCCAGGA-300.1.1,,,300.0,270-330,ABpxpapaap
CAAGGCCGTCCTCTTG-300.1.1,Ciliated_amphid_neuron,Neuroblast_AWC_SAAVx,275.0,270-330,ABpxpaaaaa
CAAGTTGTCTCCGGTT-300.1.1,Ciliated_amphid_neuron,Neuroblast_ASH_RIB,260.0,210-270,ABpxpaappa
CACAAACCATGCCACG-300.1.1,Parent_of_exc_duct_pore_DB_1_3,,270.0,270-330,ABpxpaaaap
CACAAACGTGGTCTCG-300.1.1,,,275.0,270-330,ABpxpaapaa
CACAAACTCTGTCAAG-300.1.1,,AVK,385.0,330-390,ABpxpapapap
CACAAACTCTTTCCTC-300.1.1,,,260.0,210-270,ABpxpapapp
CACACAACAGCCACCA-300.1.1,,,260.0,210-270,ABpxpapaaa
CACACAATCCAGAAGG-300.1.1,,,180.0,170-210,ABpxpppap
CACACCTCATGCCTAA-300.1.1,,,260.0,210-270,ABpxpppppa
CACACTCGTCACAAGG-300.1.1,,,290.0,270-330,ABpxppapap
CACACTCGTTTGACTG-300.1.1,,,170.0,170-210,ABpxppapa
CACACTCTCAACCATG-300.1.1,,RIC_parent,280.0,270-330,ABpxppaaaap
CACACTCTCACCGTAA-300.1.1,Parent_of_exc_gland_AVK,,270.0,270-330,ABpxpapapa
CACAGTAAGATCTGAA-300.1.1,,,300.0,270-330,ABpxpapaap
CACAGTAAGGTGTGGT-300.1.1,,,230.0,210-270,ABpxppappp
CACAGTAGTACAGCAG-300.1.1,,,270.0,270-330,ABpxpaapaa
CACATAGCAGCCTATA-300.1.1,,,280.0,270-330,ABpxppaapp
CACATAGTCTTGCCGT-300.1.1,,,260.0,210-270,ABpxpppaap
CACCTTGGTGCTCTTC-300.1.1,,,190.0,170-210,ABpxpppap
CACTCCACATCAGTCA-300.1.1,,,290.0,270-330,ABpxpaaapa
CACTCCAGTGATGTGG-300.1.1,Parent_of_exc_gland_AVK,,290.0,270-330,ABpxpapapa
CAGCAGCCAATGACCT-300.1.1,,,270.0,270-330,ABpxpppppa
CAGCATAAGATCCCGC-300.1.1,,,200.0,170-210,ABpxpppap
CAGCATATCATTTGGG-300.1.1,,,230.0,210-270,ABpxpppapa
CAGCCGACACAGACAG-300.1.1,,,225.0,210-270,ABpxpapapa
CAGCCGATCAAACGGG-300.1.1,,,270.0,270-330,ABpxppappa
CAGCGACCAGGAATCG-300.1.1,,,190.0,170-210,ABpxpppap
CAGCGACTCATTTGGG-300.1.1,,,260.0,210-270,ABpxppppaa
CAGCGACTCTGAGTGT-300.1.1,Ciliated_amphid_neuron,Neuroblast_AWC_SAAVx,230.0,210-270,ABpxpaaaaa
CAGCTAACAGTCAGCC-300.1.1,,,310.0,270-330,ABpxpapapa
CAGCTAATCCGTTGCT-300.1.1,Ciliated_amphid_neuron,Neuroblast_ASH_RIB,265.0,210-270,ABpxpaappa
CAGCTAATCTTCATGT-300.1.1,Ciliated_amphid_neuron,Neuroblast_ASH_RIB,270.0,270-330,ABpxpaappa
CAGCTGGAGCGTTCCG-300.1.1,,,260.0,210-270,ABpxpaapaa
CAGCTGGTCCCTTGCA-300.1.1,,RIM_parent,260.0,210-270,ABpxppaapa
CAGGTGCAGTTGCAGG-300.1.1,,Parents_of_PHsh_hyp8_hyp9,270.0,270-330,ABpxpppapa
CAGTAACAGCACGCCT-300.1.1,,,290.0,270-330,ABpxpaapaa
CAGTAACCATCGGAAG-300.1.1,,,280.0,270-330,ABpxpaaapa
CAGTCCTAGGGTCTCC-300.1.1,,,185.0,170-210,ABpxppaap
CATATGGCATGCCACG-300.1.1,,,185.0,170-210,ABpxppaaa
CATATGGGTGCTTCTC-300.1.1,,,290.0,270-330,ABpxppapaa
CATATTCAGATGTGGC-300.1.1,Glia,AMso,370.0,330-390,ABpxpaapapa
CATATTCCAGATCGGA-300.1.1,,,260.0,210-270,ABpxppapaa
CATATTCCATACTACG-300.1.1,,,220.0,210-270,ABpxpppppp
CATATTCGTCAAAGAT-300.1.1,,,170.0,170-210,ABpxppapa
CATCAAGTCTTGCCGT-300.1.1,,,270.0,270-330,ABpxpapaap
CATCAGATCCGCTGTT-300.1.1,,,205.0,170-210,ABpxpaapa
CATCCACTCAACCAAC-300.1.1,,,200.0,170-210,ABpxppppa
CATCGAAGTGGTAACG-300.1.1,,Parent_of_PVP_and_rect_V,340.0,330-390,ABpxppppaa
CATCGAATCATAACCG-300.1.1,,,280.0,270-330,ABpxpapapp
CATGACAGTTTGTTTC-300.1.1,,,180.0,170-210,ABpxppaap
CATGCCTCACACTGCG-300.1.1,,Parent_of_tail_spike_and_hyp10,270.0,270-330,ABpxpppppp
CATGCCTCAGGACGTA-300.1.1,,,275.0,270-330,ABpxpaapaa
CATGCCTCATGAACCT-300.1.1,Ciliated_non_amphid_neuron,,260.0,210-270,ABpxpaaapp
CATTCGCAGGTAGCTG-300.1.1,,,215.0,210-270,ABpxppppaa
CATTCGCGTCGATTGT-300.1.1,,,265.0,210-270,ABpxppaapa
CCAATCCAGACCCACC-300.1.1,,,260.0,210-270,ABpxppapaa
CCAATCCAGTGGTAAT-300.1.1,,,190.0,170-210,ABpxppapaa
CCAATCCCACCTCGTT-300.1.1,Ciliated_amphid_neuron,Neuroblast_AWC_SAAVx,270.0,270-330,ABpxpaaaaa
CCAATCCGTTCGCTAA-300.1.1,,,195.0,170-210,ABpxpaapp
CCACTACGTTTGACAC-300.1.1,,,190.0,170-210,ABpxppppaa
CCACTACTCACAATGC-300.1.1,,,230.0,210-270,ABpxpppaap
CCATGTCGTACCAGTT-300.1.1,,,260.0,210-270,ABpxppaaa
CCGGTAGCACAGACTT-300.1.1,,,230.0,210-270,ABpxpppaap
CCGTACTTCATCGCTC-300.1.1,,,205.0,170-210,ABpxpapaa
CCGTGGATCTCCAACC-300.1.1,,,290.0,270-330,ABpxppaaaa
CCGTTCAAGACGCACA-300.1.1,Ciliated_amphid_neuron,Neuroblast_AWC_SAAVx,245.0,210-270,ABpxpaaaaa
CCGTTCAGTTGTGGAG-300.1.1,Ciliated_non_amphid_neuron,,260.0,210-270,ABpxpaaapp
CCTAAAGCACTGCCAG-300.1.1,,Parent_of_tail_spike_and_hyp10,230.0,210-270,ABpxpppppp
CCTACACGTCCAGTAT-300.1.1,,,260.0,210-270,ABpxpaapaa
CCTACACGTTATGTGC-300.1.1,Parent_of_exc_gland_AVK,,280.0,270-330,ABpxpapapa
CCTACACTCTGGTATG-300.1.1,,,260.0,210-270,ABpxppappp
CCTATTACATCACAAC-300.1.1,,,290.0,270-330,ABpxppapap
CCTCAGTGTCCGAAGA-300.1.1,,,230.0,210-270,ABpxppaapp
CCTCAGTTCAATAAGG-300.1.1,Parent_of_exc_duct_pore_DB_1_3,,270.0,270-330,ABpxpaaaap
CCTCTGACATCCGGGT-300.1.1,,,260.0,210-270,ABpxpppaap
CCTTACGCATCATCCC-300.1.1,,,260.0,210-270,ABpxpaaaap
CCTTACGTCACAACGT-300.1.1,,,170.0,170-210,ABpxpapa
CCTTCCCTCCGCGGTA-300.1.1,,,265.0,210-270,ABpxpppaaa
CCTTCGAAGCAGCCTC-300.1.1,,,290.0,270-330,ABpxppaaa
CCTTCGATCTTTAGTC-300.1.1,,RIC_parent,300.0,270-330,ABpxppaaaap
CCTTTCTCAATTCCTT-300.1.1,Ciliated_amphid_neuron,AWC,370.0,330-390,ABpxpaaaaap
CGAACATGTGACAAAT-300.1.1,Ciliated_non_amphid_neuron,,260.0,210-270,ABpxpaaapp
CGAATGTGTCATATCG-300.1.1,,,280.0,270-330,ABpxpaapaa
CGACCTTCAATACGCT-300.1.1,,,290.0,270-330,ABpxppapaa
CGACTTCAGTGTACCT-300.1.1,Parent_of_exc_duct_pore_DB_1_3,,270.0,270-330,ABpxpaaaap
CGACTTCGTTCGTTGA-300.1.1,,,265.0,210-270,ABpxppaaaa
CGAGAAGGTGACGGTA-300.1.1,,,300.0,270-330,ABpxpapaap
CGAGCACCACATGACT-300.1.1,,,185.0,170-210,ABpxpppaap
CGAGCACCATCGATTG-300.1.1,Parent_of_exc_duct_pore_DB_1_3,,270.0,270-330,ABpxpaaaap
CGAGCCACACGCCAGT-300.1.1,,,0.0,< 100,ABpxpaaaa
CGATCGGAGCCGGTAA-300.1.1,,,260.0,210-270,ABpxppaaaa
CGATCGGCAGCCAATT-300.1.1,,,270.0,270-330,ABpxpapapp
CGATCGGTCAGCACAT-300.1.1,,,170.0,170-210,ABpxpppaa
CGATGGCAGCGGATCA-300.1.1,,,230.0,210-270,ABpxppppap
CGATGTATCATGTGGT-300.1.1,Parent_of_exc_gland_AVK,,260.0,210-270,ABpxpapapa
CGCGGTAGTCTCCATC-300.1.1,,,295.0,270-330,ABpxppapaa
CGCTGGACACTAAGTC-300.1.1,Ciliated_amphid_neuron,Neuroblast_ASH_RIB,270.0,270-330,ABpxpaappa
CGCTGGAGTCGGCTCA-300.1.1,Ciliated_amphid_neuron,Neuroblast_ASH_RIB,260.0,210-270,ABpxpaappa
CGCTTCACACAGACTT-300.1.1,,,285.0,270-330,ABpxppappa
CGCTTCACAGGCAGTA-300.1.1,,RIC_parent,340.0,330-390,ABpxppaaaap
CGCTTCATCTTGTACT-300.1.1,,,270.0,270-330,ABpxpapaaa
CGGACACTCAGCTCGG-300.1.1,Parent_of_exc_gland_AVK,,280.0,270-330,ABpxpapapa
CGGAGCTCATTCCTCG-300.1.1,,,285.0,270-330,ABpxpapaap
CGGCTAGAGTAATCCC-300.1.1,,,210.0,210-270,ABpxpppaaa
CGGTTAACATCATCCC-300.1.1,,,265.0,210-270,ABpxppappp
CGGTTAAGTCCAAGTT-300.1.1,Ciliated_non_amphid_neuron,,265.0,210-270,ABpxpaaapp
CGTCACTAGGTGATTA-300.1.1,,RIM_parent,260.0,210-270,ABpxppaapa
CGTCAGGGTACCTACA-300.1.1,,,270.0,270-330,ABpxpaapaa
CGTCCATTCTCATTCA-300.1.1,,,220.0,210-270,ABpxpapapa
CGTCTACAGGTGCTTT-300.1.1,,,300.0,270-330,ABpxppaapp
CGTGAGCTCTGTCAAG-300.1.1,,,275.0,270-330,ABpxppaaa
CGTGTAATCACTCTTA-300.1.1,,Parents_of_U_F_B_DVA,270.0,270-330,ABpxppppap
CGTGTCTAGACAGACC-300.1.1,,,270.0,270-330,ABpxpaaaap
CGTGTCTAGTCGTACT-300.1.1,,AMso_parent,280.0,270-330,ABpxpaapap
CGTTAGAAGAATTCCC-300.1.1,,Parent_of_tail_spike_and_hyp10,230.0,210-270,ABpxpppppp
CGTTCTGCATCCGTGG-300.1.1,,,275.0,270-330,ABpxpapaap
CGTTCTGGTAAGGGAA-300.1.1,,,195.0,170-210,ABpxppaaa
CGTTCTGTCGCTAGCG-300.1.1,,,280.0,270-330,ABpxppaapp
CGTTGGGAGGCGATAC-300.1.1,,,275.0,270-330,ABpxpaapaa
CTAACTTTCCTACAGA-300.1.1,,RIC_parent,340.0,330-390,ABpxppaaaap
CTAAGACCAGCTTCGG-300.1.1,Ciliated_amphid_neuron,Neuroblast_AWC_SAAVx,260.0,210-270,ABpxpaaaaa
CTAAGACTCTTCGAGA-300.1.1,,,185.0,170-210,ABpxpaaapa
CTAATGGCAATCCAAC-300.1.1,,,230.0,210-270,ABpxpppaaa
CTACACCAGAGGTTAT-300.1.1,,,290.0,270-330,ABpxppaaa
CTACACCGTACATCCA-300.1.1,,,260.0,210-270,ABpxpppppa
CTACATTAGAGATGAG-300.1.1,,,275.0,270-330,ABpxppappa
CTACATTAGTCACGCC-300.1.1,,,265.0,210-270,ABpxppappa
CTACATTCACAGGCCT-300.1.1,,,295.0,270-330,ABpxpaaapa
CTACATTCATAGGATA-300.1.1,,,245.0,210-270,ABpxpppaaa
CTACCCACAATGGACG-300.1.1,Ciliated_amphid_neuron,ASH,370.0,330-390,ABpxpaappaa
CTACCCAGTAACGTTC-300.1.1,,,260.0,210-270,ABpxpapaap
CTACGTCTCATCTGCC-300.1.1,,,190.0,170-210,ABpxppappp
CTAGAGTAGAGGTACC-300.1.1,Ciliated_non_amphid_neuron,,260.0,210-270,ABpxpaappp
CTAGAGTTCATGCAAC-300.1.1,,,190.0,170-210,ABpxppappa
CTAGCCTAGGGTTCCC-300.1.1,,AMso_parent,280.0,270-330,ABpxpaapap
CTAGCCTAGTACACCT-300.1.1,,,300.0,270-330,ABpxpppaaa
CTAGTGAAGGATATAC-300.1.1,Ciliated_non_amphid_neuron,,220.0,210-270,ABpxpaappp
CTAGTGATCACCACCT-300.1.1,,,230.0,210-270,ABpxpapapp
CTCACACAGACAGAGA-300.1.1,,AMso_parent,230.0,210-270,ABpxpaapap
CTCATTAGTGATGCCC-300.1.1,,,260.0,210-270,ABpxpppppa
CTCATTATCAACTCTT-300.1.1,,,275.0,270-330,ABpxppapaa
CTCCTAGCAATCTACG-300.1.1,,,245.0,210-270,ABpxpapaaa
CTCGAAAAGCAGGTCA-300.1.1,,,285.0,270-330,ABpxpapapa
CTCGAAAAGGCGCTCT-300.1.1,,RIC_parent,290.0,270-330,ABpxppaaaap
CTCGAAAGTACTTGAC-300.1.1,,Parents_of_PHsh_hyp8_hyp9,275.0,270-330,ABpxpppapa
CTCGAAATCGTTTATC-300.1.1,,,270.0,270-330,ABpxpapaaa
CTCGGAGTCATTATCC-300.1.1,,,295.0,270-330,ABpxppaaaa
CTCGTACCAAAGGAAG-300.1.1,,,195.0,170-210,ABpxpapaa
CTCGTACTCTGTCTAT-300.1.1,,,195.0,170-210,ABpxpppaa
CTCGTCATCGTCTGCT-300.1.1,,,250.0,210-270,ABpxppappp
CTCTAATCAGCTCGCA-300.1.1,,,195.0,170-210,ABpxppappp
CTCTAATGTACATGTC-300.1.1,Ciliated_non_amphid_neuron,,260.0,210-270,ABpxpaaapp
CTCTAATGTCTACCTC-300.1.1,,,170.0,170-210,ABpxpppa
CTCTAATGTCTTTCAT-300.1.1,,,190.0,170-210,ABpxpppap
CTCTAATTCAAAGACA-300.1.1,,,190.0,170-210,ABpxpppap
CTCTGGTGTAGCAAAT-300.1.1,,RIC_parent,300.0,270-330,ABpxppaaaap
CTCTGGTGTAGCTTGT-300.1.1,,AMso_parent,285.0,270-330,ABpxpaapap
CTCTGGTGTCACTTCC-300.1.1,,,270.0,270-330,ABpxpapaaa
CTCTGGTGTTTCGCTC-300.1.1,,,245.0,210-270,ABpxppppap
CTGATAGCACATCTTT-300.1.1,,,275.0,270-330,ABpxpapaap
CTGATAGGTCGCGAAA-300.1.1,,RIC_parent,360.0,330-390,ABpxppaaaap
CTGATCCAGTACACCT-300.1.1,,,270.0,270-330,ABpxpaapaa
CTGCCTAAGGGTCGAT-300.1.1,Ciliated_amphid_neuron,Neuroblast_ASH_RIB,285.0,270-330,ABpxpaappa
CTGCGGAAGACTAAGT-300.1.1,Ciliated_non_amphid_neuron,,260.0,210-270,ABpxpaaapp
CTGCGGAAGCAGGTCA-300.1.1,,,180.0,170-210,ABpxpppap
CTGCTGTGTACTCAAC-300.1.1,,,280.0,270-330,ABpxpaapaa
CTGGTCTAGAGCAATT-300.1.1,,,295.0,270-330,ABpxpapaaa
CTGGTCTCAATGGAAT-300.1.1,,,260.0,210-270,ABpxpaapaa
CTGGTCTCACCTCGTT-300.1.1,,,285.0,270-330,ABpxppapap
CTGGTCTGTTCCACAA-300.1.1,Ciliated_amphid_neuron,Neuroblast_AWC_SAAVx,260.0,210-270,ABpxpaaaaa
CTGGTCTTCGGCGGTT-300.1.1,Ciliated_amphid_neuron,Neuroblast_ASH_RIB,270.0,270-330,ABpxpaappa
CTGTTTAAGCTTATCG-300.1.1,Ciliated_non_amphid_neuron,,260.0,210-270,ABpxpaappp
CTGTTTACACTGAAGG-300.1.1,,Parents_of_U_F_B_DVA,265.0,210-270,ABpxppppap
CTGTTTAGTCGCTTCT-300.1.1,,,320.0,270-330,ABpxppappp
CTGTTTATCGTAGGTT-300.1.1,,,280.0,270-330,ABpxppaapp
CTTAACTTCCTCAATT-300.1.1,,,270.0,270-330,ABpxppappa
CTTACCGAGGATGCGT-300.1.1,,,260.0,210-270,ABpxpaapaa
CTTACCGCATGCCTTC-300.1.1,Ciliated_amphid_neuron,Neuroblast_ASH_RIB,270.0,270-330,ABpxpaappa
CTTACCGGTAAATGAC-300.1.1,,,265.0,210-270,ABpxppappa
CTTAGGAAGCGTGAGT-300.1.1,,,270.0,270-330,ABpxppapaa
CTTAGGACATCATCCC-300.1.1,Ciliated_amphid_neuron,,200.0,170-210,ABpxpaaaap
CTTCTCTAGCCCAACC-300.1.1,,,270.0,270-330,ABpxpaapaa
CTTCTCTAGCTGATAA-300.1.1,,,260.0,210-270,ABpxppappp
CTTCTCTGTCGAACAG-300.1.1,,,260.0,210-270,ABpxpaaapp
CTTTGCGAGGGCTTGA-300.1.1,,,290.0,270-330,ABpxpapaaa
CTTTGCGTCAAGGCTT-300.1.1,,,260.0,210-270,ABpxppappp
GAAACTCCATACGCCG-300.1.1,,,200.0,170-210,ABpxpppapa
GAAACTCGTGGTACAG-300.1.1,,RIM_parent,285.0,270-330,ABpxpapaaa
GAAATGAAGCTAAGAT-300.1.1,,,175.0,170-210,ABpxpppaap
GAAATGACACATGTGT-300.1.1,,,295.0,270-330,ABpxppappa
GAAATGAGTGAAGGCT-300.1.1,Parent_of_exc_gland_AVK,,260.0,210-270,ABpxpapapa
GAAATGATCGGAGGTA-300.1.1,,,275.0,270-330,ABpxppaapp
GAACATCCAAAGCGGT-300.1.1,,,190.0,170-210,ABpxppapp
GAACGGACACACGCTG-300.1.1,,AVK,400.0,390-450,ABpxpapapap
GAACGGACATTGCGGC-300.1.1,,,270.0,270-330,ABpxpapaaa
GAAGCAGCAAACAACA-300.1.1,,,260.0,210-270,ABpxppaapp
GAAGCAGCATACAGCT-300.1.1,,Parents_of_U_F_B_DVA,280.0,270-330,ABpxppppap
GAAGCAGGTCATACTG-300.1.1,,,175.0,170-210,ABpxppapaa
GAATGAATCCACGTTC-300.1.1,,,290.0,270-330,ABpxppappa
GACACGCTCGATCCCT-300.1.1,,,245.0,210-270,ABpxpppaaa
GACACGCTCGGGAGTA-300.1.1,,,270.0,270-330,ABpxpapaap
GACCAATAGCTGAAAT-300.1.1,Ciliated_non_amphid_neuron,,230.0,210-270,ABpxpaaapp
GACCTGGTCAAGGCTT-300.1.1,,,270.0,270-330,ABpxpaapaa
GACGCGTCACTTGGAT-300.1.1,,,260.0,210-270,ABpxpaapaa
GACGCGTTCAATCACG-300.1.1,,RIC_parent,310.0,270-330,ABpxppaaaap
GACGGCTGTAGTGAAT-300.1.1,Ciliated_amphid_neuron,ASH,390.0,390-450,ABpxpaappaa
GACGGCTTCCTTTCTC-300.1.1,,,195.0,170-210,ABpxppapap
GACGTGCTCGTGGACC-300.1.1,Ciliated_amphid_neuron,Neuroblast_AWC_SAAVx,275.0,270-330,ABpxpaaaaa
GACGTTACAGCCTATA-300.1.1,,,290.0,270-330,ABpxppapaa
GACGTTATCGGCGGTT-300.1.1,,RIC_parent,300.0,270-330,ABpxppaaaap
GACTAACAGCGATTCT-300.1.1,Ciliated_non_amphid_neuron,,265.0,210-270,ABpxpaappp
GACTAACCAAATCCGT-300.1.1,,,270.0,270-330,ABpxppaaaa
GACTACAAGATTACCC-300.1.1,,,230.0,210-270,ABpxpaaaap
GACTACAAGCTCTCGG-300.1.1,,,290.0,270-330,ABpxppappa
GAGCAGAAGGCTCTTA-300.1.1,Ciliated_amphid_neuron,Neuroblast_AWC_SAAVx,245.0,210-270,ABpxpaaaaa
GAGCAGATCTGCGACG-300.1.1,,,300.0,270-330,ABpxpapaap
GAGTCCGAGGTTCCTA-300.1.1,,RIC_parent,320.0,270-330,ABpxppaaaap
GATCGCGCATGTCCTC-300.1.1,Parent_of_exc_gland_AVK,,260.0,210-270,ABpxpapapa
GATCGTAGTGTGGCTC-300.1.1,,,220.0,210-270,ABpxpppaap
GATGAAACAAGTTAAG-300.1.1,,,210.0,210-270,ABpxpppap
GATGAAAGTAGGCATG-300.1.1,,,245.0,210-270,ABpxpapaaa
GATGAAAGTCTAGTCA-300.1.1,,Parent_of_tail_spike_and_hyp10,270.0,270-330,ABpxpppppp
GATGAGGGTCCAGTGC-300.1.1,,RIM_parent,290.0,270-330,ABpxppaapa
GATGCTACAACACCCG-300.1.1,Ciliated_amphid_neuron,Neuroblast_AWC_SAAVx,270.0,270-330,ABpxpaaaaa
GCAATCACAATAGCGG-300.1.1,,RIC_parent,345.0,330-390,ABpxppaaaap
GCAATCACAATGGAAT-300.1.1,,Parent_of_tail_spike_and_hyp10,270.0,270-330,ABpxpppppp
GCAATCATCAACTCTT-300.1.1,Parent_of_exc_gland_AVK,,290.0,270-330,ABpxpapapa
GCACATACATTTCACT-300.1.1,Ciliated_amphid_neuron,Neuroblast_ASH_RIB,260.0,210-270,ABpxpaappa
GCACATAGTTTGGCGC-300.1.1,Ciliated_amphid_neuron,Neuroblast_AWC_SAAVx,270.0,270-330,ABpxpaaaaa
GCACATATCAGAGACG-300.1.1,Parent_of_exc_gland_AVK,,260.0,210-270,ABpxpapapa
GCAGTTAGTCAAAGAT-300.1.1,,,290.0,270-330,ABpxppapaa
GCATGATCAATGAAAC-300.1.1,,,195.0,170-210,ABpxppaap
GCATGATTCGCGTTTC-300.1.1,,RIM,395.0,390-450,ABpxppaapap
GCATGCGAGCTTTGGT-300.1.1,,,260.0,210-270,ABpxpapaaa
GCATGTAGTACTTCTT-300.1.1,,,295.0,270-330,ABpxppappa
GCCTCTAAGGCCCTTG-300.1.1,Parent_of_exc_gland_AVK,,280.0,270-330,ABpxpapapa
GCGACCAAGAGCCTAG-300.1.1,Ciliated_amphid_neuron,Neuroblast_AWC_SAAVx,260.0,210-270,ABpxpaaaaa
GCGAGAACATGTTGAC-300.1.1,,Parents_of_PHsh_hyp8_hyp9,270.0,270-330,ABpxpppapa
GCGCAGTAGGCGTACA-300.1.1,,,320.0,270-330,ABpxpapapa
GCGCAGTGTCTAGTCA-300.1.1,,,260.0,210-270,ABpxppaapp
GCGCCAAGTATAGGGC-300.1.1,,,220.0,210-270,ABpxpapapp
GCGCGATAGGAGTCTG-300.1.1,,,190.0,170-210,ABpxpaaap
GCGCGATTCAACTCTT-300.1.1,,,300.0,270-330,ABpxpapaap
GCGGGTTGTATCAGTC-300.1.1,Ciliated_non_amphid_neuron,,225.0,210-270,ABpxpaappp
GCTCCTAGTGTGAATA-300.1.1,Ciliated_non_amphid_neuron,,230.0,210-270,ABpxpaappp
GCTCCTAGTTATCCGA-300.1.1,,,185.0,170-210,ABpxpppaa
GCTGCGAAGGGTCTCC-300.1.1,,RIM_parent,230.0,210-270,ABpxppaapa
GCTGCGATCTATCCCG-300.1.1,Ciliated_amphid_neuron,Neuroblast_ASH_RIB,260.0,210-270,ABpxpaappa
GCTGGGTGTATAAACG-300.1.1,,,300.0,270-330,ABpxppapaa
GCTTCCACAGTTTACG-300.1.1,,,260.0,210-270,ABpxpppaap
GCTTCCAGTGTCCTCT-300.1.1,,,260.0,210-270,ABpxpaaaap
GCTTGAAAGCTGCAAG-300.1.1,,,260.0,210-270,ABpxpppppa
GCTTGAACAAGCCATT-300.1.1,Ciliated_amphid_neuron,Neuroblast_AWC_SAAVx,215.0,210-270,ABpxpaaaaa
GCTTGAACACTCGACG-300.1.1,,,200.0,170-210,ABpxpppap
GCTTGAACAGATGGGT-300.1.1,Ciliated_amphid_neuron,,215.0,210-270,ABpxpapapa
GGAAAGCCAGGGTTAG-300.1.1,,,200.0,170-210,ABpxpaapa
GGAACTTAGTTTCCTT-300.1.1,,AMso_parent,280.0,270-330,ABpxpaapap
GGAACTTTCGAGGTAG-300.1.1,,,190.0,170-210,ABpxpaapa
GGAATAAGTACCTACA-300.1.1,,,270.0,270-330,ABpxpapaap
GGAATAAGTTACGCGC-300.1.1,Ciliated_non_amphid_neuron,,260.0,210-270,ABpxpaaapp
GGACAAGGTACAGTGG-300.1.1,,Neuroblast_PVC_LUA,300.0,270-330,ABpxpppaapa
GGACAGACAATAAGCA-300.1.1,,,185.0,170-210,ABpxppaaa
GGATGTTGTATAGGGC-300.1.1,,,300.0,270-330,ABpxpppppa
GGATGTTTCCGCATAA-300.1.1,,,290.0,270-330,ABpxppappp
GGATTACCACAGCGTC-300.1.1,,,325.0,270-330,ABpxpppppa
GGATTACCATCTATGG-300.1.1,,RIM_parent,260.0,210-270,ABpxppaapa
GGCAATTCAAGCGCTC-300.1.1,,,265.0,210-270,ABpxpaapaa
GGCGACTAGCCCAGCT-300.1.1,,,260.0,210-270,ABpxpaaaap
GGCGACTCAGGACGTA-300.1.1,,,260.0,210-270,ABpxpppaap
GGCGACTGTAGCGTGA-300.1.1,,,285.0,270-330,ABpxppaaaa
GGCTCGAAGAGTACAT-300.1.1,,AMso_parent,285.0,270-330,ABpxpaapap
GGCTCGAAGTGGTAGC-300.1.1,Ciliated_non_amphid_neuron,,260.0,210-270,ABpxpaaapp
GGCTCGACACACAGAG-300.1.1,Ciliated_amphid_neuron,Neuroblast_ASH_RIB,225.0,210-270,ABpxpaappa
GGCTCGAGTCATTAGC-300.1.1,,,270.0,270-330,ABpxpapaaa
GGCTGGTCACCGTTGG-300.1.1,,,180.0,170-210,ABpxpaapp
GGGCACTTCACTTACT-300.1.1,,,270.0,270-330,ABpxpapapp
GGGCACTTCTAGAGTC-300.1.1,Ciliated_non_amphid_neuron,,260.0,210-270,ABpxpaaapp
GGGCATCAGTCCGGTC-300.1.1,Ciliated_non_amphid_neuron,,220.0,210-270,ABpxpaappp
GGGCATCAGTTAGGTA-300.1.1,,,275.0,270-330,ABpxppapaa
GGGTCTGAGCAAATCA-300.1.1,Ciliated_non_amphid_neuron,,245.0,210-270,ABpxpaaapp
GGGTCTGTCTGACCTC-300.1.1,,,270.0,270-330,ABpxpaapaa
GGGTTGCAGAGTGAGA-300.1.1,,,300.0,270-330,ABpxpapaap
GGGTTGCAGAGTTGGC-300.1.1,,,170.0,170-210,ABpxpppaa
GGTGAAGTCATAAAGG-300.1.1,Ciliated_amphid_neuron,ASH,385.0,330-390,ABpxpaappaa
GGTGCGTGTAAGGGCT-300.1.1,,,295.0,270-330,ABpxppappa
GGTGCGTTCTATCCCG-300.1.1,,,175.0,170-210,ABpxppapp
GGTGCGTTCTTAGCCC-300.1.1,,,285.0,270-330,ABpxpaaapp
GGTGTTACATGTTCCC-300.1.1,,,270.0,270-330,ABpxppaapa
GTAACTGTCAGGCCCA-300.1.1,,,245.0,210-270,ABpxppppp
GTAACTGTCCGCGCAA-300.1.1,,Neuroblast_PVC_LUA,290.0,270-330,ABpxpppaapa
GTACGTAAGGATGCGT-300.1.1,,,290.0,270-330,ABpxpapaap
GTAGGCCTCCTTTCTC-300.1.1,Ciliated_amphid_neuron,Neuroblast_AWC_SAAVx,230.0,210-270,ABpxpaaaaa
GTATCTTTCATACGGT-300.1.1,Ciliated_non_amphid_neuron,,260.0,210-270,ABpxpaaapp
GTATTCTAGGCCGAAT-300.1.1,,,200.0,170-210,ABpxpppppp
GTCAAGTCAGCAGTTT-300.1.1,Ciliated_non_amphid_neuron,,225.0,210-270,ABpxpaappp
GTCACAACAGCTTCGG-300.1.1,,,180.0,170-210,ABpxppapp
GTCACGGTCTGATTCT-300.1.1,,,260.0,210-270,ABpxppappa
GTCATTTAGCTAGTGG-300.1.1,,,175.0,170-210,ABpxpaapp
GTCATTTCACTGTCGG-300.1.1,,,190.0,170-210,ABpxppaap
GTCATTTCAGGACGTA-300.1.1,,,280.0,270-330,ABpxpaapaa
GTCCTCACAATGTAAG-300.1.1,,,180.0,170-210,ABpxppppp
GTCCTCACATGCATGT-300.1.1,,,300.0,270-330,ABpxpppaaa
GTCCTCATCCCTAACC-300.1.1,,,210.0,210-270,ABpxppppaa
GTCTCGTGTTACGGAG-300.1.1,Parent_of_exc_gland_AVK,,260.0,210-270,ABpxpapapa
GTCTTCGTCAGGCCCA-300.1.1,,,300.0,270-330,ABpxppapap
GTGAAGGAGCGCCTTG-300.1.1,Ciliated_non_amphid_neuron,,265.0,210-270,ABpxpaappp
GTGAAGGCATGTCCTC-300.1.1,,,230.0,210-270,ABpxpaaaap
GTGCAGCTCGTACCGG-300.1.1,,,275.0,270-330,ABpxppappa
GTGCATACACCAGGTC-300.1.1,,,285.0,270-330,ABpxppaaaa
GTGCGGTAGGACAGAA-300.1.1,,RIM_parent,275.0,270-330,ABpxppaapa
GTGCGGTCATGCTGGC-300.1.1,Ciliated_non_amphid_neuron,,260.0,210-270,ABpxpaaapp
GTGTGCGCAATGCCAT-300.1.1,,,290.0,270-330,ABpxppaaaa
GTGTTAGGTACGACCC-300.1.1,,,210.0,210-270,ABpxpaaapa
GTTACAGAGAGGGATA-300.1.1,,,170.0,170-210,ABpxppapp
GTTACAGAGCTAAGAT-300.1.1,Ciliated_amphid_neuron,Neuroblast_AWC_SAAVx,230.0,210-270,ABpxpaaaaa
GTTCATTGTAGAAAGG-300.1.1,Ciliated_non_amphid_neuron,,260.0,210-270,ABpxpaaapp
GTTCTCGAGAAGGTTT-300.1.1,,,270.0,270-330,ABpxppapaa
GTTCTCGAGCCTATGT-300.1.1,,,260.0,210-270,ABpxppappa
GTTTCTATCACTTCAT-300.1.1,,Parent_of_tail_spike_and_hyp10,260.0,210-270,ABpxpppppp
TAAACCGCACTGAAGG-300.1.1,,,270.0,270-330,ABpxppappa
TAAACCGTCTACCAGA-300.1.1,,,175.0,170-210,ABpxpaaa
TAAGAGAGTCAAAGCG-300.1.1,,,190.0,170-210,ABpxppapp
TAAGCGTGTCCGTCAG-300.1.1,,,260.0,210-270,ABpxpaaaap
TACAGTGAGGATGCGT-300.1.1,Ciliated_non_amphid_neuron,,260.0,210-270,ABpxpaappp
TACCTATAGTGTGAAT-300.1.1,Ciliated_amphid_neuron,ASH,385.0,330-390,ABpxpaappaa
TACCTTAGTCCAGTGC-300.1.1,Ciliated_non_amphid_neuron,,260.0,210-270,ABpxpaaapp
TACCTTATCGGTCTAA-300.1.1,,,230.0,210-270,ABpxpaapa
TACGGATTCGGCGGTT-300.1.1,Parent_of_exc_gland_AVK,,285.0,270-330,ABpxpapapa
TACGGGCAGACACTAA-300.1.1,,,300.0,270-330,ABpxppapap
TACGGGCGTCAATACC-300.1.1,,,230.0,210-270,ABpxpppaap
TACGGTAGTACCGGCT-300.1.1,,,265.0,210-270,ABpxppppaa
TACTCATAGTACGATA-300.1.1,,,200.0,170-210,ABpxpppap
TACTCGCAGAAACCAT-300.1.1,,,270.0,270-330,ABpxpapaaa
TACTTGTTCAGTACGT-300.1.1,,Parents_of_U_F_B_DVA,265.0,210-270,ABpxppppap
TAGACCAAGCTTCGCG-300.1.1,,,170.0,170-210,ABpxpppaaa
TAGAGCTAGACATAAC-300.1.1,,,290.0,270-330,ABpxpapaaa
TAGCCGGAGCCCAATT-300.1.1,Ciliated_amphid_neuron,Neuroblast_AWC_SAAVx,260.0,210-270,ABpxpaaaaa
TAGCCGGAGTCATCCA-300.1.1,,,280.0,270-330,ABpxppppap
TAGCCGGTCGAGAACG-300.1.1,,,260.0,210-270,ABpxpaaapp
TATCAGGTCTGCTTGC-300.1.1,Parent_of_exc_gland_AVK,,265.0,210-270,ABpxpapapa
TATCTCACAGGAACGT-300.1.1,,,260.0,210-270,ABpxpaaaaa
TATGCCCGTTAAGTAG-300.1.1,,,295.0,270-330,ABpxpaapaa
TATGCCCTCAAGATCC-300.1.1,,,160.0,130-170,ABpxppaa
TCAATCTAGAGCTATA-300.1.1,Ciliated_amphid_neuron,ASH,385.0,330-390,ABpxpaappaa
TCAATCTAGGTGCACA-300.1.1,Ciliated_amphid_neuron,,200.0,170-210,ABpxpaaaa
TCAATCTTCGTCCAGG-300.1.1,,,260.0,210-270,ABpxppapaa
TCACGAACAAGCCGCT-300.1.1,,,230.0,210-270,ABpxpppaap
TCAGATGCATTTGCTT-300.1.1,,,260.0,210-270,ABpxpapaap
TCAGATGTCCGAAGAG-300.1.1,,RIM_parent,280.0,270-330,ABpxppaapa
TCAGCAAAGACCGGAT-300.1.1,,,215.0,210-270,ABpxpaaaap
TCAGCAAAGGGATACC-300.1.1,,,280.0,270-330,ABpxpapapp
TCAGCAAGTTTGTGTG-300.1.1,,,190.0,170-210,ABpxpaaapa
TCAGCTCAGCCAGTAG-300.1.1,,,260.0,210-270,ABpxpppaap
TCAGGTAAGTGCCATT-300.1.1,,,260.0,210-270,ABpxpaaaap
TCAGGTACAAATTGCC-300.1.1,,,290.0,270-330,ABpxppaaaa
TCAGGTATCAAACGGG-300.1.1,Ciliated_non_amphid_neuron,,300.0,270-330,ABpxpaappp
TCAGGTATCTACCAGA-300.1.1,,,260.0,210-270,ABpxpaaaap
TCATTACAGCAACGGT-300.1.1,Ciliated_amphid_neuron,Neuroblast_AWC_SAAVx,260.0,210-270,ABpxpaaaaa
TCATTTGTCTATCGCC-300.1.1,,Parent_of_tail_spike_and_hyp10,260.0,210-270,ABpxpppppp
TCCACACGTGTAACGG-300.1.1,Ciliated_amphid_neuron,Neuroblast_ASH_RIB,260.0,210-270,ABpxpaappa
TCCCGATCACCAACCG-300.1.1,Ciliated_amphid_neuron,Neuroblast_ASH_RIB,270.0,270-330,ABpxpaappa
TCCCGATCACCAGCAC-300.1.1,,,245.0,210-270,ABpxpppaaa
TCCCGATCATTTGCTT-300.1.1,,,270.0,270-330,ABpxpppppa
TCCCGATGTCCCGACA-300.1.1,,,265.0,210-270,ABpxppaapp
TCGAGGCCAATGCCAT-300.1.1,,,200.0,170-210,ABpxpaappa
TCGAGGCGTCTCACCT-300.1.1,,,190.0,170-210,ABpxppapa
TCGCGAGAGAGCAATT-300.1.1,Ciliated_non_amphid_neuron,,230.0,210-270,ABpxpaappp
TCGCGAGCAAAGTGCG-300.1.1,,,185.0,170-210,ABpxppapa
TCGCGAGTCTATCCCG-300.1.1,,,325.0,270-330,ABpxppapap
TCGCGTTAGTGGTAAT-300.1.1,,,260.0,210-270,ABpxpppaaa
TCGCGTTCACATAACC-300.1.1,,,190.0,170-210,ABpxpapap
TCGCGTTGTGCCTGGT-300.1.1,,,280.0,270-330,ABpxpapaaa
TCGCGTTTCACATGCA-300.1.1,,,260.0,210-270,ABpxppapap
TCGCGTTTCACTATTC-300.1.1,,,285.0,270-330,ABpxppappa
TCGCGTTTCGTTACAG-300.1.1,,,180.0,170-210,ABpxpppaaa
TCGGGACCACAAGACG-300.1.1,,,195.0,170-210,ABpxppppaa
TCGGGACGTCCAGTTA-300.1.1,,,280.0,270-330,ABpxpapapp
TCGGTAACAATCACAC-300.1.1,,,260.0,210-270,ABpxppapap
TCGGTAAGTGTTGAGG-300.1.1,,,280.0,270-330,ABpxppaapp
TCGTACCCAGTACACT-300.1.1,,,260.0,210-270,ABpxppappa
TCGTAGAGTAGCCTCG-300.1.1,,,190.0,170-210,ABpxpaaapp
TCGTAGAGTCCGAATT-300.1.1,Ciliated_non_amphid_neuron,,265.0,210-270,ABpxpaaapp
TCGTAGAGTTGCCTCT-300.1.1,,AMso_parent,285.0,270-330,ABpxpaapap
TCTATTGAGATGGCGT-300.1.1,,,300.0,270-330,ABpxppaapp
TCTATTGCAGTAGAGC-300.1.1,,,230.0,210-270,ABpxpppaap
TCTCATACAGATCTGT-300.1.1,,RIM_parent,270.0,270-330,ABpxppaapa
TCTCTAAAGTGCCAGA-300.1.1,,,170.0,170-210,ABpxppapp
TCTCTAATCTTTAGGG-300.1.1,,,230.0,210-270,ABpxppaapp
TCTGAGAAGAGCCCAA-300.1.1,,,260.0,210-270,ABpxppaapp
TCTGAGAAGGGATCTG-300.1.1,Ciliated_non_amphid_neuron,,260.0,210-270,ABpxpaaapp
TCTGAGACATTAGGCT-300.1.1,,,210.0,210-270,ABpxppppaa
TCTGGAAGTCGCGTGT-300.1.1,,AMso_parent,290.0,270-330,ABpxpaapap
TCTGGAAGTCTAGCGC-300.1.1,,,260.0,210-270,ABpxppppaa
TCTGGAATCTTCGAGA-300.1.1,Ciliated_amphid_neuron,Neuroblast_AWC_SAAVx,270.0,270-330,ABpxpaaaaa
TCTTTCCAGTGGTAAT-300.1.1,,,410.0,390-450,ABpxppapaa
TCTTTCCCAACTTGAC-300.1.1,Ciliated_non_amphid_neuron,,260.0,210-270,ABpxpaaapp
TCTTTCCCATAAAGGT-300.1.1,,,300.0,270-330,ABpxppappp
TCTTTCCGTTCGGGCT-300.1.1,,,185.0,170-210,ABpxppaaa
TGAAAGAAGGCTAGGT-300.1.1,Parent_of_exc_gland_AVK,,260.0,210-270,ABpxpapapa
TGACAACAGAATTGTG-300.1.1,,,245.0,210-270,ABpxppappp
TGACTAGAGGCGCTCT-300.1.1,,Parents_of_PHsh_hyp8_hyp9,270.0,270-330,ABpxpppapa
TGACTTTGTATTCTCT-300.1.1,,,290.0,270-330,ABpxppapaa
TGACTTTGTCTAAAGA-300.1.1,,AMso_parent,280.0,270-330,ABpxpaapap
TGAGAGGGTAGAGTGC-300.1.1,,,290.0,270-330,ABpxpapaaa
TGAGAGGTCAACACCA-300.1.1,,,270.0,270-330,ABpxpaappp
TGAGGGAGTACATCCA-300.1.1,,,260.0,210-270,ABpxppapaa
TGAGGGATCCATTCTA-300.1.1,,,260.0,210-270,ABpxpaaapp
TGCACCTAGAGGTAGA-300.1.1,Ciliated_amphid_neuron,Neuroblast_ASH_RIB,265.0,210-270,ABpxpaappa
TGCACCTAGCAATCTC-300.1.1,,AMso_parent,280.0,270-330,ABpxpaapap
TGCACCTTCAGCTGGC-300.1.1,,,270.0,270-330,ABpxpapapp
TGCCAAATCCGAAGAG-300.1.1,,,220.0,210-270,ABpxpaaaa
TGCCCATTCAGTACGT-300.1.1,,,175.0,170-210,ABpxpaapp
TGCGCAGGTGCCTGCA-300.1.1,,RIC_parent,300.0,270-330,ABpxppaaaap
TGCGGGTGTTCGCGAC-300.1.1,,Neuroblast_PVC_LUA,300.0,270-330,ABpxpppaapa
TGCTACCAGCTGAAAT-300.1.1,,,190.0,170-210,ABpxpppapa
TGCTACCCATTAACCG-300.1.1,,,260.0,210-270,ABpxppappa
TGCTACCGTTGGGACA-300.1.1,,,260.0,210-270,ABpxpaaaap
TGCTACCTCCGTCATC-300.1.1,,,270.0,270-330,ABpxpaaaap
TGCTGCTGTCTAAAGA-300.1.1,,,200.0,170-210,ABpxppapaa
TGGACGCAGTCTCCTC-300.1.1,,,200.0,170-210,ABpxpaaapa
TGGACGCGTGCTTCTC-300.1.1,,Parents_of_U_F_B_DVA,265.0,210-270,ABpxppppap
TGGACGCTCTAACTTC-300.1.1,,,285.0,270-330,ABpxpapaaa
TGGCCAGCAGTAACGG-300.1.1,,,245.0,210-270,ABpxpapaaa
TGGCCAGGTTGCCTCT-300.1.1,,,275.0,270-330,ABpxpaapaa
TGGCCAGTCAATACCG-300.1.1,,,215.0,210-270,ABpxppppaa
TGGCGCAAGATCACGG-300.1.1,,,320.0,270-330,ABpxpapaap
TGGCGCAAGCCGGTAA-300.1.1,,,300.0,270-330,ABpxppapap
TGGCGCACAACAACCT-300.1.1,Ciliated_non_amphid_neuron,,260.0,210-270,ABpxpaappp
TGGCTGGAGGTGACCA-300.1.1,,,205.0,170-210,ABpxpppaaa
TGGGAAGAGACTACAA-300.1.1,,,260.0,210-270,ABpxppappa
TGGGAAGCATGTCGAT-300.1.1,,,170.0,170-210,ABpxpaapp
TGGGAAGTCAGGCGAA-300.1.1,,,260.0,210-270,ABpxpapapa
TGGGAAGTCGATCCCT-300.1.1,Ciliated_non_amphid_neuron,,260.0,210-270,ABpxpaappp
TGGTTCCTCACCACCT-300.1.1,,Parents_of_PHsh_hyp8_hyp9,270.0,270-330,ABpxpppapa
TGGTTCCTCAGCTCTC-300.1.1,,,270.0,270-330,ABpxpapaaa
TGTATTCCAAGGTTCT-300.1.1,,,300.0,270-330,ABpxppappa
TGTATTCTCAGCTCGG-300.1.1,Ciliated_non_amphid_neuron,,225.0,210-270,ABpxpaappp
TGTGGTAAGCGTTGCC-300.1.1,,,195.0,170-210,ABpxppaaa
TGTTCCGAGACAGACC-300.1.1,,,200.0,170-210,ABpxppppp
TGTTCCGCACGCTTTC-300.1.1,,,290.0,270-330,ABpxppappa
TTAACTCTCGCCCTTA-300.1.1,,,320.0,270-330,ABpxpapapp
TTAGGACAGCGCCTTG-300.1.1,,,290.0,270-330,ABpxppapaa
TTAGGACCAGGTCTCG-300.1.1,,Parents_of_PHsh_hyp8_hyp9,270.0,270-330,ABpxpppapa
TTAGGACGTCATCGGC-300.1.1,Ciliated_amphid_neuron,Neuroblast_ASH_RIB,260.0,210-270,ABpxpaappa
TTAGGCATCCTTTCTC-300.1.1,,,260.0,210-270,ABpxppappa
TTATGCTAGCCGGTAA-300.1.1,Ciliated_amphid_neuron,Neuroblast_ASH_RIB,270.0,270-330,ABpxpaappa
TTATGCTCACCGATAT-300.1.1,Ciliated_non_amphid_neuron,,260.0,210-270,ABpxpaaapp
TTATGCTTCAACGGCC-300.1.1,Ciliated_amphid_neuron,ASH,380.0,330-390,ABpxpaappaa
TTCCCAGAGGGATGGG-300.1.1,,,190.0,170-210,ABpxppappp
TTCGGTCGTCCATCCT-300.1.1,,,260.0,210-270,ABpxpaaapp
TTCTACAAGTCGAGTG-300.1.1,Ciliated_amphid_neuron,Neuroblast_ASH_RIB,270.0,270-330,ABpxpaappa
TTCTCAACAAGTAATG-300.1.1,,,300.0,270-330,ABpxpapaap
TTCTCAATCGCACTCT-300.1.1,Ciliated_amphid_neuron,Neuroblast_ASH_RIB,280.0,270-330,ABpxpaappa
TTGAACGAGACTAGGC-300.1.1,,,300.0,270-330,ABpxppapaa
TTGAACGAGCACAGGT-300.1.1,Intestinal_and_rectal_muscle,,345.0,330-390,ABpxpppppa
TTGAACGAGTCCAGGA-300.1.1,,,280.0,270-330,ABpxpaapaa
TTGAACGAGTTAGCGG-300.1.1,,Parents_of_PHsh_hyp8_hyp9,280.0,270-330,ABpxpppapa
TTGACTTAGCTCAACT-300.1.1,,Neuroblast_PVC_LUA,320.0,270-330,ABpxpppaapa
TTGACTTCACGAAACG-300.1.1,Ciliated_non_amphid_neuron,,260.0,210-270,ABpxpaaapp
TTGCCGTAGAACAATC-300.1.1,,Parents_of_U_F_B_DVA,270.0,270-330,ABpxppppap
TTGCCGTCAATGGACG-300.1.1,,,175.0,170-210,ABpxppaap
TTGCCGTGTGCCTGTG-300.1.1,,AMso_parent,230.0,210-270,ABpxpaapap
TTGGAACCAATCTACG-300.1.1,,,190.0,170-210,ABpxppaap
TTGGCAACAATGGATA-300.1.1,,,290.0,270-330,ABpxppapap
TTGTAGGGTTCTGGTA-300.1.1,,,300.0,270-330,ABpxppappp
TTGTAGGGTTTGTTTC-300.1.1,,,230.0,210-270,ABpxpppapa
TTTATGCAGCTAAGAT-300.1.1,Ciliated_non_amphid_neuron,,230.0,210-270,ABpxpaaapp
TTTCCTCTCAAACGGG-300.1.1,,,265.0,210-270,ABpxpaapaa
TTTCCTCTCCTTGACC-300.1.1,,,190.0,170-210,ABpxpapap
TTTGCGCAGAAAGTGG-300.1.1,,,175.0,170-210,ABpxpaapp
TTTGGTTAGAATTGTG-300.1.1,,,290.0,270-330,ABpxppapaa
TTTGGTTTCCGGGTGT-300.1.1,,,175.0,170-210,ABpxpaapp
TTTGTCAGTGAAAGAG-300.1.1,Ciliated_non_amphid_neuron,,270.0,270-330,ABpxpaappp
AAACGGGAGGTACTCT-300.1.2,,,180.0,170-210,ABpxpppaaa
AAAGCAATCAGCCTAA-300.1.2,,,260.0,210-270,ABpxpppaap
AAAGTAGCACGCGAAA-300.1.2,,Parents_of_U_F_B_DVA,270.0,270-330,ABpxppppap
AAAGTAGGTTCGGCAC-300.1.2,,,300.0,270-330,ABpxppapap
AAATGCCTCCAACCAA-300.1.2,Ciliated_non_amphid_neuron,,265.0,210-270,ABpxpaappp
AACACGTTCAAACCGT-300.1.2,,,210.0,210-270,ABpxppppp
AACCATGGTAATCACC-300.1.2,,,200.0,170-210,ABpxpaapap
AACCATGGTCCGAAGA-300.1.2,,,300.0,270-330,ABpxpapaaa
AACCGCGGTAATTGGA-300.1.2,,,295.0,270-330,ABpxppapaa
AACGTTGCACTATCTT-300.1.2,Ciliated_non_amphid_neuron,,260.0,210-270,ABpxpaappp
AACGTTGCAGGTCGTC-300.1.2,,,300.0,270-330,ABpxpppppp
AACTCCCAGGCACATG-300.1.2,,,175.0,170-210,ABpxpppaaa
AACTCCCCAAGGGTCA-300.1.2,,,230.0,210-270,ABpxpapapa
AACTCCCTCATATCGG-300.1.2,,,270.0,270-330,ABpxppapaa
AACTCTTTCTTCCTTC-300.1.2,,RIC_parent,350.0,330-390,ABpxppaaaap
AACTGGTCATAAAGGT-300.1.2,,,265.0,210-270,ABpxppappa
AACTTTCAGCTACCGC-300.1.2,,,260.0,210-270,ABpxpaapaa
AACTTTCCATCCCACT-300.1.2,,,280.0,270-330,ABpxppappa
AAGACCTAGATATACG-300.1.2,,RIC_parent,340.0,330-390,ABpxppaaaap
AAGACCTAGGTGTTAA-300.1.2,,,260.0,210-270,ABpxpppaap
AAGACCTTCGCGCCAA-300.1.2,Ciliated_amphid_neuron,Neuroblast_AWC_SAAVx,260.0,210-270,ABpxpaaaaa
AAGCCGCAGAAGGTGA-300.1.2,Parent_of_exc_duct_pore_DB_1_3,,270.0,270-330,ABpxpaaaap
AAGCCGCCAGGTCTCG-300.1.2,Ciliated_amphid_neuron,ASH,350.0,330-390,ABpxpaappaa
AAGCCGCTCAATCACG-300.1.2,,,170.0,170-210,ABpxpppaa
AAGGAGCGTAAAGTCA-300.1.2,,,290.0,270-330,ABpxppaaaa
AAGGAGCTCTTATCTG-300.1.2,Ciliated_amphid_neuron,Neuroblast_ASH_RIB,260.0,210-270,ABpxpaappa
AAGTCTGAGTGTCCAT-300.1.2,Ciliated_non_amphid_neuron,,260.0,210-270,ABpxpaaapp
AAGTCTGAGTTGTCGT-300.1.2,,,245.0,210-270,ABpxppapap
AAGTCTGGTCTCCCTA-300.1.2,,,220.0,210-270,ABpxpppaap
AATCGGTGTATATCCG-300.1.2,,,270.0,270-330,ABpxppappa
AATCGGTTCACTGGGC-300.1.2,,,185.0,170-210,ABpxppaaa
ACACCAAAGTGGCACA-300.1.2,,,275.0,270-330,ABpxpapapa
ACACCAACATGAAGTA-300.1.2,Parent_of_exc_gland_AVK,,260.0,210-270,ABpxpapapa
ACACCAATCGGAGGTA-300.1.2,,,180.0,170-210,ABpxppaap
ACACCCTTCTTAACCT-300.1.2,,,260.0,210-270,ABpxppapaa
ACACCGGAGTGGAGTC-300.1.2,,,285.0,270-330,ABpxppaaaa
ACACCGGTCGAATGGG-300.1.2,,Parent_of_tail_spike_and_hyp10,270.0,270-330,ABpxpppppp
ACACTGATCGACAGCC-300.1.2,,,295.0,270-330,ABpxpppppa
ACAGCCGCACGCTTTC-300.1.2,,,200.0,170-210,ABpxpppaaa
ACAGCCGGTTAAGAAC-300.1.2,,,260.0,210-270,ABpxpaaapa
ACAGCTACACTTACGA-300.1.2,,,175.0,170-210,ABpxppapap
ACATACGAGTGGGCTA-300.1.2,,,205.0,170-210,ABpxppappp
ACATCAGGTCCTCCAT-300.1.2,,,260.0,210-270,ABpxppapap
ACATGGTAGTCGAGTG-300.1.2,,AMso_parent,260.0,210-270,ABpxpaapap
ACCAGTAAGTGTACCT-300.1.2,,,200.0,170-210,ABpxpapap
ACCCACTGTATAGGTA-300.1.2,,,270.0,270-330,ABpxpppapa
ACCGTAAAGGACACCA-300.1.2,Ciliated_non_amphid_neuron,,260.0,210-270,ABpxpaaapp
ACCGTAAGTCGAGTTT-300.1.2,,,195.0,170-210,ABpxppappp
ACGAGCCAGCTAGGCA-300.1.2,,,260.0,210-270,ABpxpapaaa
ACGAGCCGTTCCGGCA-300.1.2,,,240.0,210-270,ABpxppaaa
ACGAGGATCCCTAACC-300.1.2,,,290.0,270-330,ABpxpppaap
ACGAGGATCGCCCTTA-300.1.2,Glia,AMso,330.0,330-390,ABpxpaapapa
ACGATACAGTAAGTAC-300.1.2,Ciliated_non_amphid_neuron,,300.0,270-330,ABpxpaappp
ACGATACGTCTCGTTC-300.1.2,,,185.0,170-210,ABpxppaaaa
ACGATACGTTACTGAC-300.1.2,,,300.0,270-330,ABpxppaapp
ACGATACGTTAGGGTG-300.1.2,,,190.0,170-210,ABpxppaaa
ACGATACTCTACGAGT-300.1.2,,,260.0,210-270,ABpxppppaa
ACGCAGCAGCGGATCA-300.1.2,,Parent_of_PVP_and_rect_V,345.0,330-390,ABpxppppaa
ACGCCAGGTTCCCGAG-300.1.2,,,290.0,270-330,ABpxppapaa
ACGCCGACAATGTTGC-300.1.2,,,300.0,270-330,ABpxpppaaa
ACGGAGAGTGGTTTCA-300.1.2,,,280.0,270-330,ABpxpapapp
ACGGCCAAGGATGGTC-300.1.2,,,230.0,210-270,ABpxpapaap
ACGGCCACAGCCTTTC-300.1.2,,,260.0,210-270,ABpxpppaaa
ACGGGCTAGTTCGCAT-300.1.2,,,260.0,210-270,ABpxpaaaap
ACGGGCTCAGACAGGT-300.1.2,Parent_of_exc_duct_pore_DB_1_3,,270.0,270-330,ABpxpaaaap
ACGGGCTGTAGCGTCC-300.1.2,Parent_of_exc_gland_AVK,,260.0,210-270,ABpxpapapa
ACGGGTCCATCCCATC-300.1.2,,,200.0,170-210,ABpxpaaaa
ACTATCTTCCTGCCAT-300.1.2,Parent_of_exc_duct_pore_DB_1_3,DB,300.0,270-330,ABpxpaaaap
ACTGAACAGTTGCAGG-300.1.2,,,260.0,210-270,ABpxppapap
ACTGAACTCGAACGGA-300.1.2,,,300.0,270-330,ABpxpapaap
ACTGATGAGATCCGAG-300.1.2,Ciliated_non_amphid_neuron,,260.0,210-270,ABpxpaaapp
ACTGATGGTTCAGTAC-300.1.2,,,190.0,170-210,ABpxppappp
ACTGCTCAGTACATGA-300.1.2,,,260.0,210-270,ABpxppapaa
ACTGCTCAGTCGAGTG-300.1.2,,,265.0,210-270,ABpxppappp
ACTGCTCTCTGATTCT-300.1.2,,,300.0,270-330,ABpxpapaaa
ACTGTCCCACTCTGTC-300.1.2,,,175.0,170-210,ABpxpppaaa
ACTTACTAGCTCCCAG-300.1.2,,,300.0,270-330,ABpxpapaaa
ACTTGTTGTCCTCTTG-300.1.2,,Parent_of_tail_spike_and_hyp10,265.0,210-270,ABpxpppppp
ACTTTCAGTTGGTAAA-300.1.2,,Parents_of_U_F_B_DVA,245.0,210-270,ABpxppppap
ACTTTCATCACAGGCC-300.1.2,Ciliated_non_amphid_neuron,,260.0,210-270,ABpxpaaapp
AGACGTTTCAACACGT-300.1.2,,,180.0,170-210,ABpxpapaa
AGAGCGAGTCTAGGTT-300.1.2,,,265.0,210-270,ABpxpapaap
AGAGCTTAGACTTGAA-300.1.2,,,260.0,210-270,ABpxppappp
AGAGCTTCAATGGTCT-300.1.2,,,215.0,210-270,ABpxppppaa
AGAGCTTCACCATGTA-300.1.2,,,180.0,170-210,ABpxppapa
AGAGCTTGTAGAAGGA-300.1.2,,RIV,350.0,330-390,ABpxpaapaaa
AGAGCTTGTTGAGTTC-300.1.2,,,290.0,270-330,ABpxppapap
AGAGTGGCAGTCGTGC-300.1.2,,,275.0,270-330,ABpxpapaaa
AGAGTGGTCCTCAACC-300.1.2,,Parents_of_PHsh_hyp8_hyp9,270.0,270-330,ABpxpppapa
AGATCTGGTCAAACTC-300.1.2,,,200.0,170-210,ABpxpaaapp
AGATCTGTCTTGAGGT-300.1.2,,,230.0,210-270,ABpxppppaa
AGATTGCCACATGTGT-300.1.2,,,195.0,170-210,ABpxppaap
AGCAGCCAGACGCAAC-300.1.2,Parent_of_exc_duct_pore_DB_1_3,,320.0,270-330,ABpxpaaaap
AGCAGCCCAATCGAAA-300.1.2,,,260.0,210-270,ABpxppappa
AGCAGCCGTTCAGTAC-300.1.2,,,195.0,170-210,ABpxpapap
AGCGGTCCACCTATCC-300.1.2,,,265.0,210-270,ABpxppaapp
AGCGTATGTCTCAACA-300.1.2,,Parents_of_PHsh_hyp8_hyp9,280.0,270-330,ABpxpppapa
AGCGTATGTCTCACCT-300.1.2,,AMso_parent,260.0,210-270,ABpxpaapap
AGCGTCGAGAGTACCG-300.1.2,,,260.0,210-270,ABpxppppaa
AGCGTCGCATATGCTG-300.1.2,Ciliated_amphid_neuron,ASH,375.0,330-390,ABpxpaappaa
AGCGTCGCATTTGCCC-300.1.2,,,200.0,170-210,ABpxpppap
AGCGTCGGTTCGGCAC-300.1.2,,AMso_parent,260.0,210-270,ABpxpaapap
AGCGTCGGTTGTACAC-300.1.2,,,245.0,210-270,ABpxppaaaa
AGCTCCTTCGGGAGTA-300.1.2,Ciliated_amphid_neuron,,230.0,210-270,ABpxpaapaa
AGCTCTCCAATAAGCA-300.1.2,Ciliated_amphid_neuron,Neuroblast_AWC_SAAVx,270.0,270-330,ABpxpaaaaa
AGGCCGTTCTGATACG-300.1.2,,,225.0,210-270,ABpxpaaaap
AGGGAGTAGTGTCCAT-300.1.2,,,270.0,270-330,ABpxpapaap
AGGGAGTGTTGTGGCC-300.1.2,Parent_of_exc_gland_AVK,,295.0,270-330,ABpxpapapa
AGGGATGGTCTTGATG-300.1.2,,,260.0,210-270,ABpxpppaap
AGGGTGAGTCATTAGC-300.1.2,,,260.0,210-270,ABpxppaaa
AGGTCATTCGTTTGCC-300.1.2,,,300.0,270-330,ABpxppaapp
AGTAGTCGTTAAAGTG-300.1.2,,,210.0,210-270,ABpxpaapa
AGTCTTTCATGTTGAC-300.1.2,,,300.0,270-330,ABpxppappp
AGTCTTTGTCTTCGTC-300.1.2,,,275.0,270-330,ABpxpapapp
AGTGAGGTCGTTACAG-300.1.2,,Parent_of_tail_spike_and_hyp10,265.0,210-270,ABpxpppppp
AGTGGGAAGCCACCTG-300.1.2,Ciliated_non_amphid_neuron,,225.0,210-270,ABpxpaappp
AGTGTCACAGTTTACG-300.1.2,,,290.0,270-330,ABpxppappa
AGTTGGTCACCAGATT-300.1.2,,,245.0,210-270,ABpxpppaap
AGTTGGTGTTAGGGTG-300.1.2,,,300.0,270-330,ABpxppappp
ATAACGCAGCCGCCTA-300.1.2,,,160.0,130-170,ABpxpppp
ATAACGCCAGTAAGAT-300.1.2,,,270.0,270-330,ABpxpapaaa
ATAACGCGTGGTTTCA-300.1.2,Ciliated_non_amphid_neuron,,260.0,210-270,ABpxpaappp
ATAAGAGCATTTCAGG-300.1.2,,,300.0,270-330,ABpxpppppa
ATAAGAGGTAAAGGAG-300.1.2,,,170.0,170-210,ABpxpppaa
ATAGACCCACTGTCGG-300.1.2,,,300.0,270-330,ABpxpppppa
ATCACGACATTAGGCT-300.1.2,,,230.0,210-270,ABpxpppapa
ATCACGATCCGTCATC-300.1.2,Ciliated_non_amphid_neuron,,260.0,210-270,ABpxpaappp
ATCATGGGTCTAGAGG-300.1.2,,,285.0,270-330,ABpxppaaaa
ATCATGGTCACTATTC-300.1.2,,RIC_parent,300.0,270-330,ABpxppaaaap
ATCATGGTCCCAAGTA-300.1.2,Ciliated_amphid_neuron,Neuroblast_AWC_SAAVx,270.0,270-330,ABpxpaaaaa
ATCCACCAGTCCATAC-300.1.2,Ciliated_amphid_neuron,Neuroblast_ASH_RIB,260.0,210-270,ABpxpaappa
ATCGAGTAGCTTATCG-300.1.2,,,190.0,170-210,ABpxpaaap
ATCGAGTCACTACAGT-300.1.2,,,260.0,210-270,ABpxppaapp
ATCGAGTCAGGGAGAG-300.1.2,Ciliated_amphid_neuron,Neuroblast_AWC_SAAVx,230.0,210-270,ABpxpaaaaa
ATCGAGTTCTCTGAGA-300.1.2,,,190.0,170-210,ABpxppppa
ATCTGCCCAAGCTGTT-300.1.2,,,190.0,170-210,ABpxppapa
ATGCGATAGCACACAG-300.1.2,,,230.0,210-270,ABpxpppapa
ATGCGATAGGTGACCA-300.1.2,,,300.0,270-330,ABpxpapaap
ATGCGATGTACATGTC-300.1.2,,,260.0,210-270,ABpxpapaa
ATGGGAGCAGCTATTG-300.1.2,,,195.0,170-210,ABpxpapaa
ATGGGAGGTATGCTTG-300.1.2,,,225.0,210-270,ABpxppappp
ATGGGAGGTTCCCGAG-300.1.2,,,275.0,270-330,ABpxpapaaa
ATGGGAGTCAGAGCTT-300.1.2,,,220.0,210-270,ABpxpppppp
ATGTGTGAGTGTCTCA-300.1.2,Parent_of_exc_gland_AVK,,300.0,270-330,ABpxpapapa
ATTATCCAGTACGTTC-300.1.2,,,200.0,170-210,ABpxpppap
ATTATCCGTAGAAAGG-300.1.2,,,170.0,170-210,ABpxppapap
ATTATCCGTCAGCTAT-300.1.2,,,300.0,270-330,ABpxppapaa
ATTCTACGTTGCCTCT-300.1.2,,,270.0,270-330,ABpxpapaap
ATTGGTGAGGCCCTCA-300.1.2,,,265.0,210-270,ABpxppappp
ATTGGTGGTCGCCATG-300.1.2,,,190.0,170-210,ABpxppppap
CAACTAGCAGTAAGAT-300.1.2,,,180.0,170-210,ABpxppaaa
CAAGAAACATTCTCAT-300.1.2,Ciliated_amphid_neuron,Neuroblast_AWC_SAAVx,265.0,210-270,ABpxpaaaaa
CAAGAAATCACATAGC-300.1.2,,,280.0,270-330,ABpxppaaaa
CAAGATCCAATCAGAA-300.1.2,,,230.0,210-270,ABpxpppaap
CAAGGCCTCATTCACT-300.1.2,,,285.0,270-330,ABpxpapaap
CAAGTTGAGGTGATTA-300.1.2,,,230.0,210-270,ABpxpapapa
CAAGTTGCACTTCGAA-300.1.2,,,200.0,170-210,ABpxppapa
CAAGTTGGTCACCCAG-300.1.2,Ciliated_amphid_neuron,ASH,350.0,330-390,ABpxpaappaa
CACAAACAGGATTCGG-300.1.2,,,270.0,270-330,ABpxpppppp
CACAAACTCATCACCC-300.1.2,Ciliated_amphid_neuron,ASH,380.0,330-390,ABpxpaappaa
CACACCTAGAATTGTG-300.1.2,,,270.0,270-330,ABpxppappa
CACAGTACAGGAATGC-300.1.2,,,245.0,210-270,ABpxpaapap
CACAGTAGTAGCGATG-300.1.2,Ciliated_amphid_neuron,ASH,380.0,330-390,ABpxpaappaa
CACATAGAGAGAGCTC-300.1.2,,,265.0,210-270,ABpxppapaa
CACCACTCACACATGT-300.1.2,,,285.0,270-330,ABpxppaaaa
CACCACTCATGCCACG-300.1.2,,,300.0,270-330,ABpxppapaa
CACCAGGGTCGAATCT-300.1.2,,,210.0,210-270,ABpxppppaa
CACCTTGGTGAGTGAC-300.1.2,,,260.0,210-270,ABpxpaaaap
CAGAATCAGAGTACCG-300.1.2,,RIC,420.0,390-450,ABpxppaaaapp
CAGAATCTCGCAAACT-300.1.2,,RIM_parent,260.0,210-270,ABpxppaapa
CAGAATCTCGCGATCG-300.1.2,Ciliated_non_amphid_neuron,,265.0,210-270,ABpxpaappp
CAGAGAGCACTTCTGC-300.1.2,Ciliated_amphid_neuron,Neuroblast_ASH_RIB,280.0,270-330,ABpxpaappa
CAGAGAGGTGATGTGG-300.1.2,,,195.0,170-210,ABpxppappp
CAGATCACACTTAACG-300.1.2,,,260.0,210-270,ABpxpppppa
CAGCAGCAGCCCAACC-300.1.2,,,170.0,170-210,ABpxppapa
CAGCATATCGCATGGC-300.1.2,,,260.0,210-270,ABpxppappa
CAGCCGAAGGTACTCT-300.1.2,,,310.0,270-330,ABpxppappp
CAGCGACGTAGAGCTG-300.1.2,,Neuroblast_PVC_LUA,300.0,270-330,ABpxpppaapa
CAGCGACTCAGGCCCA-300.1.2,,,320.0,270-330,ABpxppaapp
CAGCTAACAAGGACAC-300.1.2,,,270.0,270-330,ABpxppaapp
CAGCTGGAGTGTCCAT-300.1.2,,,300.0,270-330,ABpxpapaaa
CAGCTGGCACCACCAG-300.1.2,,,270.0,270-330,ABpxpapaap
CAGGTGCGTTTAGCTG-300.1.2,Ciliated_non_amphid_neuron,,260.0,210-270,ABpxpaappp
CAGTAACTCTCGATGA-300.1.2,,,205.0,170-210,ABpxppapap
CAGTCCTCATACGCCG-300.1.2,Ciliated_amphid_neuron,Neuroblast_ASH_RIB,270.0,270-330,ABpxpaappa
CATATGGAGGAACTGC-300.1.2,,Parents_of_U_F_B_DVA,270.0,270-330,ABpxppppap
CATATGGCACGGCGTT-300.1.2,,Parent_of_tail_spike_and_hyp10,270.0,270-330,ABpxpppppp
CATATGGCAGGCTCAC-300.1.2,Ciliated_amphid_neuron,Neuroblast_ASH_RIB,225.0,210-270,ABpxpaappa
CATATGGGTGCCTGTG-300.1.2,,,260.0,210-270,ABpxpaaapp
CATATTCGTCGCTTCT-300.1.2,,,190.0,170-210,ABpxpapaa
CATCAAGAGAGTAAGG-300.1.2,,,270.0,270-330,ABpxpapapp
CATCAAGCATCAGTAC-300.1.2,Parent_of_exc_gland_AVK,,300.0,270-330,ABpxpapapa
CATCAAGTCAAACGGG-300.1.2,,,275.0,270-330,ABpxpaapaa
CATCAAGTCGGTTAAC-300.1.2,,,325.0,270-330,ABpxpapaaa
CATCAAGTCTCGCTTG-300.1.2,,,215.0,210-270,ABpxppappa
CATCCACTCCAGTATG-300.1.2,Ciliated_non_amphid_neuron,,270.0,270-330,ABpxpaaapp
CATCGAAGTAAGTAGT-300.1.2,,,170.0,170-210,ABpxppapaa
CATCGAAGTTATTCTC-300.1.2,,Parents_of_PHsh_hyp8_hyp9,270.0,270-330,ABpxpppapa
CATCGAATCATAAAGG-300.1.2,,Parent_of_PVP_and_rect_V,345.0,330-390,ABpxppppaa
CATCGAATCGTCTGAA-300.1.2,,,190.0,170-210,ABpxppapp
CATGCCTCATTTGCCC-300.1.2,,Parents_of_U_F_B_DVA,275.0,270-330,ABpxppppap
CATGGCGAGAGTACAT-300.1.2,Ciliated_non_amphid_neuron,,260.0,210-270,ABpxpaaapp
CATGGCGTCTTGCCGT-300.1.2,,RIM_parent,270.0,270-330,ABpxppaapa
CATTCGCCAGTACACT-300.1.2,Ciliated_non_amphid_neuron,,245.0,210-270,ABpxpaaapa
CCACCTAAGCTAGTCT-300.1.2,,,260.0,210-270,ABpxpaaaap
CCACCTACAGTCAGAG-300.1.2,Ciliated_non_amphid_neuron,,245.0,210-270,ABpxpaaapp
CCACGGAAGACCGGAT-300.1.2,Ciliated_amphid_neuron,Neuroblast_AWC_SAAVx,230.0,210-270,ABpxpaaaaa
CCACTACAGAGTAAGG-300.1.2,,Parent_of_tail_spike_and_hyp10,230.0,210-270,ABpxpppppp
CCACTACAGCCCAATT-300.1.2,,,300.0,270-330,ABpxpapaaa
CCAGCGAGTTCCACTC-300.1.2,,,285.0,270-330,ABpxpaaapa
CCATGTCCACGGCCAT-300.1.2,,Parents_of_PHsh_hyp8_hyp9,270.0,270-330,ABpxpppapa
CCATGTCGTAGCGTAG-300.1.2,,,310.0,270-330,ABpxppappa
CCATGTCGTGATAAAC-300.1.2,,,300.0,270-330,ABpxpapapa
CCATGTCTCTAACTGG-300.1.2,Ciliated_non_amphid_neuron,,260.0,210-270,ABpxpaaapp
CCCAATCAGACCGGAT-300.1.2,,,300.0,270-330,ABpxpapapa
CCCAATCGTAGCGCTC-300.1.2,Ciliated_amphid_neuron,Neuroblast_AWC_SAAVx,240.0,210-270,ABpxpaaaaa
CCCAGTTCACCATGTA-300.1.2,,,290.0,270-330,ABpxppappp
CCCAGTTTCATATCGG-300.1.2,,,285.0,270-330,ABpxpppaaa
CCCATACAGATAGCAT-300.1.2,,RIC_parent,310.0,270-330,ABpxppaaaap
CCCATACTCTGCGACG-300.1.2,,,230.0,210-270,ABpxpapapa
CCCTCCTGTCGAAAGC-300.1.2,Ciliated_non_amphid_neuron,,245.0,210-270,ABpxpaappp
CCCTCCTGTCTGCGGT-300.1.2,,,265.0,210-270,ABpxpapapp
CCGGTAGAGTCGCCGT-300.1.2,,,290.0,270-330,ABpxpapapp
CCGGTAGTCTTCGAGA-300.1.2,,AMso_parent,280.0,270-330,ABpxpaapap
CCGTGGAGTGATGCCC-300.1.2,Ciliated_non_amphid_neuron,,225.0,210-270,ABpxpaappp
CCGTTCAGTCCCGACA-300.1.2,,,200.0,170-210,ABpxppappa
CCTAAAGGTGTGGCTC-300.1.2,,Neuroblast_PVC_LUA,300.0,270-330,ABpxpppaapa
CCTACACAGTATTGGA-300.1.2,,,220.0,210-270,ABpxpppaaa
CCTACACGTGTAACGG-300.1.2,,Parents_of_U_F_B_DVA,270.0,270-330,ABpxppppap
CCTACACGTTGATTCG-300.1.2,,,285.0,270-330,ABpxppaaaa
CCTATTACATTGTGCA-300.1.2,Ciliated_amphid_neuron,ASH,350.0,330-390,ABpxpaappaa
CCTATTATCCGTCAAA-300.1.2,,,290.0,270-330,ABpxppaaaa
CCTATTATCTGCTGCT-300.1.2,,,290.0,270-330,ABpxpppaaa
CCTCAGTGTGTCAATC-300.1.2,,,290.0,270-330,ABpxpaaapa
CCTCTGAAGGATGGAA-300.1.2,,RIC_parent,280.0,270-330,ABpxppaaaap
CCTCTGATCAGTACGT-300.1.2,Parent_of_exc_gland_AVK,,260.0,210-270,ABpxpapapa
CCTCTGATCTCACATT-300.1.2,,,260.0,210-270,ABpxppappa
CCTTACGCAATCACAC-300.1.2,,,200.0,170-210,ABpxpaaaa
CCTTCCCAGGGCTTGA-300.1.2,,,185.0,170-210,ABpxppappp
CCTTCCCCATCCAACA-300.1.2,,,275.0,270-330,ABpxpppaaa
CCTTCCCTCCTAGAAC-300.1.2,Ciliated_amphid_neuron,,200.0,170-210,ABpxpaaaa
CCTTCGACACACCGCA-300.1.2,,,210.0,210-270,ABpxppppaa
CCTTCGACACAGCGTC-300.1.2,,,220.0,210-270,ABpxpppaaa
CCTTCGATCTATCCCG-300.1.2,,,320.0,270-330,ABpxppapap
CGAACATAGGGTTCCC-300.1.2,,Parents_of_U_F_B_DVA,265.0,210-270,ABpxppppap
CGAACATGTCTAGCGC-300.1.2,,,190.0,170-210,ABpxppaapp
CGAATGTCAAACCCAT-300.1.2,,,185.0,170-210,ABpxppaaa
CGACCTTAGGAATGGA-300.1.2,Ciliated_amphid_neuron,Neuroblast_AWC_SAAVx,245.0,210-270,ABpxpaaaaa
CGACCTTGTCTTTCAT-300.1.2,,,300.0,270-330,ABpxppapap
CGACCTTTCTTGTACT-300.1.2,Parent_of_exc_gland_AVK,,260.0,210-270,ABpxpapapa
CGACTTCAGTGCCAGA-300.1.2,Ciliated_amphid_neuron,Neuroblast_AWC_SAAVx,275.0,270-330,ABpxpaaaaa
CGACTTCTCCCATTTA-300.1.2,,Neuroblast_PVC_LUA,300.0,270-330,ABpxpppaapa
CGAGAAGTCGACCAGC-300.1.2,,,270.0,270-330,ABpxpapaaa
CGAGCCAGTAAGAGGA-300.1.2,,,295.0,270-330,ABpxppapap
CGATCGGCATGGATGG-300.1.2,,,300.0,270-330,ABpxpapaap
CGATCGGTCCACGAAT-300.1.2,,,270.0,270-330,ABpxppppap
CGATGGCGTCTCTTTA-300.1.2,,,180.0,170-210,ABpxppaap
CGATTGACACCTGGTG-300.1.2,,,290.0,270-330,ABpxppaaa
CGATTGAGTAACGACG-300.1.2,Ciliated_amphid_neuron,Neuroblast_AWC_SAAVx,270.0,270-330,ABpxpaaaaa
CGATTGAGTTTCCACC-300.1.2,,,230.0,210-270,ABpxpppaap
CGCCAAGCAATTCCTT-300.1.2,,,215.0,210-270,ABpxppaapa
CGCGGTACAGGACGTA-300.1.2,,RIM_parent,290.0,270-330,ABpxppaapa
CGCGGTATCAGCCTAA-300.1.2,,,275.0,270-330,ABpxppaaaa
CGCGTTTCAATCTACG-300.1.2,,,285.0,270-330,ABpxpppppa
CGCTATCAGCGTTTAC-300.1.2,,,175.0,170-210,ABpxpaapp
CGCTATCCACGGTAGA-300.1.2,,,260.0,210-270,ABpxpaapaa
CGCTATCGTCCATGAT-300.1.2,,,270.0,270-330,ABpxpaapaa
CGCTATCGTTCCGTCT-300.1.2,,,300.0,270-330,ABpxppappa
CGCTTCAAGGCATGGT-300.1.2,Ciliated_amphid_neuron,Neuroblast_ASH_RIB,260.0,210-270,ABpxpaappa
CGCTTCAGTCATCCCT-300.1.2,,,260.0,210-270,ABpxpaaaap
CGCTTCATCAGTTCGA-300.1.2,,,260.0,210-270,ABpxpaaapa
CGCTTCATCCTACAGA-300.1.2,,,300.0,270-330,ABpxppapap
CGGACACAGCTTTGGT-300.1.2,Ciliated_non_amphid_neuron,,245.0,210-270,ABpxpaaapp
CGGACACGTCTCCCTA-300.1.2,,RIM_parent,285.0,270-330,ABpxppaapa
CGGACGTCACTTACGA-300.1.2,,RIM_parent,230.0,210-270,ABpxppaapa
CGGACGTTCGAACGGA-300.1.2,,,260.0,210-270,ABpxppaapp
CGGACTGAGACCCACC-300.1.2,,,290.0,270-330,ABpxppaapp
CGGACTGCACTAAGTC-300.1.2,,,170.0,170-210,ABpxppppa
CGGACTGGTAGTACCT-300.1.2,,,245.0,210-270,ABpxpaapaa
CGGACTGTCGACCAGC-300.1.2,,,305.0,270-330,ABpxpapapa
CGGAGCTAGTGCTGCC-300.1.2,,,270.0,270-330,ABpxpapaap
CGGCTAGGTCCGCTGA-300.1.2,Ciliated_amphid_neuron,ASH,350.0,330-390,ABpxpaappaa
CGGCTAGGTGAGGCTA-300.1.2,,,190.0,170-210,ABpxpppaaa
CGGTTAAAGCTCTCGG-300.1.2,,,245.0,210-270,ABpxppappp
CGTAGCGAGCTATGCT-300.1.2,,,190.0,170-210,ABpxppaaa
CGTAGCGAGGCTATCT-300.1.2,Ciliated_amphid_neuron,Neuroblast_ASH_RIB,285.0,270-330,ABpxpaappa
CGTAGCGGTGTCCTCT-300.1.2,,,230.0,210-270,ABpxpppapa
CGTAGGCTCCTTGCCA-300.1.2,,,285.0,270-330,ABpxppapaa
CGTCACTAGTAGTGCG-300.1.2,Ciliated_amphid_neuron,Neuroblast_ASH_RIB,260.0,210-270,ABpxpaappa
CGTCAGGGTTACAGAA-300.1.2,Ciliated_amphid_neuron,Neuroblast_AWC_SAAVx,270.0,270-330,ABpxpaaaaa
CGTCAGGGTTATCCGA-300.1.2,,,220.0,210-270,ABpxppappp
CGTCCATAGCGTTGCC-300.1.2,,,260.0,210-270,ABpxpppaap
CGTCCATCACATCTTT-300.1.2,Parent_of_exc_duct_pore_DB_1_3,,270.0,270-330,ABpxpaaaap
CGTCCATTCAACACAC-300.1.2,,,205.0,170-210,ABpxpppaaa
CGTCCATTCACTTATC-300.1.2,,,230.0,210-270,ABpxpppaap
CGTCTACGTCGCGAAA-300.1.2,Ciliated_non_amphid_neuron,,270.0,270-330,ABpxpaappp
CGTGTAATCCTTGCCA-300.1.2,,AMso_parent,265.0,210-270,ABpxpaapap
CGTGTCTGTCACACGC-300.1.2,,,180.0,170-210,ABpxpapap
CGTTAGACATGTTGAC-300.1.2,,Parents_of_U_F_B_DVA,265.0,210-270,ABpxppppap
CGTTGGGAGAGTGAGA-300.1.2,Ciliated_amphid_neuron,Neuroblast_AWC_SAAVx,260.0,210-270,ABpxpaaaaa
CGTTGGGCAATTGCTG-300.1.2,,,190.0,170-210,ABpxppapap
CGTTGGGGTGACTCAT-300.1.2,,,230.0,210-270,ABpxpppaap
CGTTGGGTCCCAAGTA-300.1.2,,,265.0,210-270,ABpxppappa
CTAAGACAGTCTTGCA-300.1.2,,AVB,350.0,330-390,ABpxpaapaap
CTAAGACCACGACTCG-300.1.2,,,200.0,170-210,ABpxppappp
CTAAGACGTGATGATA-300.1.2,,,285.0,270-330,ABpxpapapp
CTAAGACGTGTATGGG-300.1.2,,Parents_of_U_F_B_DVA,270.0,270-330,ABpxppppap
CTACATTCAGCCAATT-300.1.2,,,275.0,270-330,ABpxppaaaa
CTACGTCCATTCCTCG-300.1.2,,,300.0,270-330,ABpxpapaap
CTAGCCTCATACGCTA-300.1.2,,,260.0,210-270,ABpxppapap
CTAGTGACACATTAGC-300.1.2,,,245.0,210-270,ABpxppppap
CTAGTGACATGTTGAC-300.1.2,Ciliated_non_amphid_neuron,,260.0,210-270,ABpxpaappp
CTAGTGACATTACCTT-300.1.2,,,265.0,210-270,ABpxppaaaa
CTAGTGAGTATGCTTG-300.1.2,,,170.0,170-210,ABpxpaapp
CTCAGAATCCGCATCT-300.1.2,,,265.0,210-270,ABpxppapaa
CTCATTATCTGAAAGA-300.1.2,,RIC_parent,300.0,270-330,ABpxppaaaap
CTCGAAAAGTACGCGA-300.1.2,,,245.0,210-270,ABpxppappa
CTCGAAACAGTCAGCC-300.1.2,,,300.0,270-330,ABpxpapaaa
CTCGAAATCGAGAACG-300.1.2,,,280.0,270-330,ABpxpaapaa
CTCGGGAGTCGAGATG-300.1.2,,,205.0,170-210,ABpxpppaaa
CTCGGGAGTTCAGTAC-300.1.2,,,260.0,210-270,ABpxpppaap
CTCGGGATCTGGCGAC-300.1.2,Ciliated_non_amphid_neuron,,260.0,210-270,ABpxpaaapp
CTCGTACGTCCAAGTT-300.1.2,,,230.0,210-270,ABpxpppaaa
CTCGTACTCAGTCCCT-300.1.2,,,295.0,270-330,ABpxppappp
CTCGTCAAGTTACCCA-300.1.2,Ciliated_amphid_neuron,Neuroblast_AWC_SAAVx,270.0,270-330,ABpxpaaaaa
CTCGTCACATCACCCT-300.1.2,,,295.0,270-330,ABpxppapap
CTCGTCAGTAGTGAAT-300.1.2,,Parents_of_PHsh_hyp8_hyp9,280.0,270-330,ABpxpppapa
CTCTACGAGATCCTGT-300.1.2,,RIC_parent,300.0,270-330,ABpxppaaaap
CTCTACGAGTCACGCC-300.1.2,Ciliated_amphid_neuron,ASH,345.0,330-390,ABpxpaappaa
CTCTACGTCAACCAAC-300.1.2,,Parents_of_PHsh_hyp8_hyp9,270.0,270-330,ABpxpppapa
CTGAAACCATGCGCAC-300.1.2,,,215.0,210-270,ABpxpaapaa
CTGAAGTAGAGTCGGT-300.1.2,Parent_of_exc_duct_pore_DB_1_3,,270.0,270-330,ABpxpaaaap
CTGAAGTGTGGCTCCA-300.1.2,,,285.0,270-330,ABpxpaapaa
CTGAAGTTCTTGTACT-300.1.2,,,270.0,270-330,ABpxpaapaa
CTGATAGAGTGTACCT-300.1.2,,,190.0,170-210,ABpxpapaa
CTGATAGTCCACGTGG-300.1.2,,,245.0,210-270,ABpxppaaa
CTGATCCGTAGAGCTG-300.1.2,,,320.0,270-330,ABpxppappp
CTGATCCTCTTGTACT-300.1.2,,,210.0,210-270,ABpxpppapa
CTGCCTAGTCTAACGT-300.1.2,,RIM_parent,230.0,210-270,ABpxppaap
CTGCGGAAGCTATGCT-300.1.2,Ciliated_amphid_neuron,Neuroblast_AWC_SAAVx,265.0,210-270,ABpxpaaaaa
CTGCGGAAGTTGTAGA-300.1.2,,RIC_parent,260.0,210-270,ABpxppaaaap
CTGCGGATCCCTAATT-300.1.2,,,260.0,210-270,ABpxpaaaap
CTGCTGTAGCCAGTTT-300.1.2,,AVB,325.0,270-330,ABpxpaapaap
CTGCTGTTCTCAACTT-300.1.2,,Parents_of_PHsh_hyp8_hyp9,270.0,270-330,ABpxpppapa
CTGGTCTTCGCATGAT-300.1.2,,,230.0,210-270,ABpxppppaa
CTGTGCTTCTTGAGAC-300.1.2,,,260.0,210-270,ABpxpppaaa
CTGTTTATCCACGAAT-300.1.2,,,260.0,210-270,ABpxpppppa
CTTACCGCAAGAGTCG-300.1.2,,,260.0,210-270,ABpxpppaap
CTTAGGAAGACGCACA-300.1.2,Ciliated_non_amphid_neuron,,260.0,210-270,ABpxpaaapa
CTTGGCTCAATGACCT-300.1.2,Ciliated_non_amphid_neuron,,260.0,210-270,ABpxpaaapp
CTTGGCTTCTAACTTC-300.1.2,,,280.0,270-330,ABpxppappa
CTTTGCGCATAGGATA-300.1.2,,,200.0,170-210,ABpxpaapaa
CTTTGCGGTAAGTTCC-300.1.2,,,260.0,210-270,ABpxpapaaa
CTTTGCGGTCTAACGT-300.1.2,,,190.0,170-210,ABpxppapp
CTTTGCGGTGCTCTTC-300.1.2,,,230.0,210-270,ABpxppppaa
GAACATCAGGAGCGTT-300.1.2,,,260.0,210-270,ABpxppappa
GAACATCAGTACCGGA-300.1.2,,,280.0,270-330,ABpxpaapaa
GAACATCGTCCGTCAG-300.1.2,,,225.0,210-270,ABpxppaapp
GAACCTACAAGCGATG-300.1.2,,,290.0,270-330,ABpxpapapp
GAACGGACACATTTCT-300.1.2,,RIC_parent,310.0,270-330,ABpxppaaaap
GAATGAAAGCTAGTCT-300.1.2,,Parents_of_PHsh_hyp8_hyp9,270.0,270-330,ABpxpppapa
GAATGAAGTATTAGCC-300.1.2,,,210.0,210-270,ABpxpapaa
GAATGAAGTCATACTG-300.1.2,Ciliated_amphid_neuron,Neuroblast_ASH_RIB,260.0,210-270,ABpxpaappa
GAATGAATCCGTACAA-300.1.2,,,210.0,210-270,ABpxppappp
GACCAATGTCCCGACA-300.1.2,,,190.0,170-210,ABpxppapap
GACCTGGGTCATATCG-300.1.2,,RIC_parent,310.0,270-330,ABpxppaaaap
GACGCGTCACGGATAG-300.1.2,,,260.0,210-270,ABpxpaapaa
GACGGCTCACATGACT-300.1.2,,Parent_of_tail_spike_and_hyp10,230.0,210-270,ABpxpppppp
GACGGCTGTATATGAG-300.1.2,Ciliated_amphid_neuron,ASH,350.0,330-390,ABpxpaappaa
GACGTGCAGCAGACTG-300.1.2,,Parents_of_PHsh_hyp8_hyp9,270.0,270-330,ABpxpppapa
GACTAACTCAGTTCGA-300.1.2,,Parents_of_U_F_B_DVA,270.0,270-330,ABpxppppap
GACTACAAGCTTCGCG-300.1.2,,,260.0,210-270,ABpxpaaapa
GACTACATCGCCTGTT-300.1.2,,,270.0,270-330,ABpxpapaap
GACTGCGAGTGCGATG-300.1.2,,,205.0,170-210,ABpxppppaa
GACTGCGCAATGGATA-300.1.2,Ciliated_amphid_neuron,Neuroblast_AWC_SAAVx,270.0,270-330,ABpxpaaaaa
GACTGCGCATGACGGA-300.1.2,,,230.0,210-270,ABpxpaapaa
GATCAGTCACTGTGTA-300.1.2,,,260.0,210-270,ABpxppapaa
GATCAGTGTGCGCTTG-300.1.2,,,260.0,210-270,ABpxpaapaa
GATCGATAGGCCCTTG-300.1.2,,,230.0,210-270,ABpxpaaapp
GATCGATCAAGTTCTG-300.1.2,,,190.0,170-210,ABpxppappp
GATCGATTCCCTTGCA-300.1.2,,,260.0,210-270,ABpxpapaaa
GATCGATTCCTTTCTC-300.1.2,,,280.0,270-330,ABpxpapaaa
GATCGTACAAACCCAT-300.1.2,,,290.0,270-330,ABpxppappa
GATCGTACAGACGCAA-300.1.2,,,260.0,210-270,ABpxpppaap
GATGAGGGTCGGCTCA-300.1.2,,,185.0,170-210,ABpxppappp
GATGCTAAGGCATTGG-300.1.2,,,200.0,170-210,ABpxpaaapp
GATTCAGAGATATACG-300.1.2,Ciliated_amphid_neuron,Neuroblast_AWC_SAAVx,215.0,210-270,ABpxpaaaaa
GATTCAGAGCGCTCCA-300.1.2,Ciliated_amphid_neuron,Neuroblast_ASH_RIB,260.0,210-270,ABpxpaappa
GCAAACTGTTGTCTTT-300.1.2,,Parents_of_PHsh_hyp8_hyp9,270.0,270-330,ABpxpppapa
GCACATATCAACGGGA-300.1.2,,,210.0,210-270,ABpxpaaaap
GCACTCTAGCCACGCT-300.1.2,,Parents_of_U_F_B_DVA,290.0,270-330,ABpxppppap
GCAGCCATCTGCAAGT-300.1.2,,,190.0,170-210,ABpxppppp
GCAGTTAGTCGATTGT-300.1.2,,,280.0,270-330,ABpxppappa
GCAGTTATCCGTACAA-300.1.2,,,230.0,210-270,ABpxpppppa
GCATGATCAATGGTCT-300.1.2,Parent_of_exc_duct_pore_DB_1_3,,270.0,270-330,ABpxpaaaap
GCATGTAGTAGTGAAT-300.1.2,,,180.0,170-210,ABpxpaapp
GCCAAATCAACGATCT-300.1.2,,,205.0,170-210,ABpxppppaa
GCCTCTAAGATGGGTC-300.1.2,,,280.0,270-330,ABpxppappa
GCCTCTATCAAGGTAA-300.1.2,,,230.0,210-270,ABpxppaapp
GCGACCACACCACCAG-300.1.2,Ciliated_amphid_neuron,ASH,375.0,330-390,ABpxpaappaa
GCGCAACCAGGTCTCG-300.1.2,Parent_of_exc_gland_AVK,,260.0,210-270,ABpxpapapa
GCGCCAATCTCTTGAT-300.1.2,,,270.0,270-330,ABpxpapapp
GCGCGATCATAGGATA-300.1.2,,,210.0,210-270,ABpxppppp
GCGGGTTCATACGCCG-300.1.2,,,245.0,210-270,ABpxppaaaa
GCTCCTACATACGCTA-300.1.2,Parent_of_exc_gland_AVK,,260.0,210-270,ABpxpapapa
GCTGCAGGTGGGTATG-300.1.2,,,260.0,210-270,ABpxppaaa
GCTGCGAAGTGAAGAG-300.1.2,Ciliated_non_amphid_neuron,,270.0,270-330,ABpxpaappp
GCTGCGACACTGCCAG-300.1.2,,,280.0,270-330,ABpxpapapa
GCTGCGAGTAAATGAC-300.1.2,,,270.0,270-330,ABpxpaapaa
GCTGCGATCCTCTAGC-300.1.2,,RIM_parent,290.0,270-330,ABpxppaapa
GCTGCTTCACTGAAGG-300.1.2,,,265.0,210-270,ABpxpaaapa
GCTGGGTAGTACCGGA-300.1.2,,,200.0,170-210,ABpxpaaaap
GCTTCCATCCTAGTGA-300.1.2,,,215.0,210-270,ABpxppaapa
GCTTGAAGTAAGAGAG-300.1.2,Ciliated_amphid_neuron,,210.0,210-270,ABpxpaappp
GGAAAGCAGAGTAATC-300.1.2,,,270.0,270-330,ABpxpaapaa
GGAAAGCCAATGGACG-300.1.2,,,185.0,170-210,ABpxpapap
GGAAAGCGTATGCTTG-300.1.2,,,180.0,170-210,ABpxpppaaa
GGACAGACATTCCTCG-300.1.2,Parent_of_exc_gland_AVK,,300.0,270-330,ABpxpapapa
GGACAGAGTTAAAGAC-300.1.2,Ciliated_non_amphid_neuron,,245.0,210-270,ABpxpaaapa
GGATTACGTCTTTCAT-300.1.2,,RIM_parent,300.0,270-330,ABpxppaapa
GGCAATTAGCTAACTC-300.1.2,,,190.0,170-210,ABpxppappp
GGCAATTGTCAGTGGA-300.1.2,,,190.0,170-210,ABpxpppap
GGCAATTTCCACGTTC-300.1.2,,,300.0,270-330,ABpxppappp
GGCAATTTCTAAGCCA-300.1.2,,,190.0,170-210,ABpxpapaa
GGCGACTGTTGTACAC-300.1.2,Ciliated_amphid_neuron,Neuroblast_AWC_SAAVx,260.0,210-270,ABpxpaaaaa
GGCGACTTCGTTACAG-300.1.2,,RIM_parent,270.0,270-330,ABpxppaapa
GGCGTGTTCACATAGC-300.1.2,,,190.0,170-210,ABpxpaapap
GGCTGGTGTCAAACTC-300.1.2,,,320.0,270-330,ABpxpapaaa
GGCTGGTTCAGCTTAG-300.1.2,Ciliated_amphid_neuron,Neuroblast_ASH_RIB,270.0,270-330,ABpxpaappa
GGGAATGTCGTAGGAG-300.1.2,,,260.0,210-270,ABpxpapaaa
GGGACCTCAATTCCTT-300.1.2,,,290.0,270-330,ABpxpapaaa
GGGACCTGTTATCGGT-300.1.2,Ciliated_non_amphid_neuron,,230.0,210-270,ABpxpaappp
GGGAGATAGCACCGCT-300.1.2,,,300.0,270-330,ABpxpapaaa
GGGAGATGTGTATGGG-300.1.2,,,265.0,210-270,ABpxppppaa
GGGAGATGTGTCCTCT-300.1.2,,,270.0,270-330,ABpxpapaaa
GGGCACTTCGGAAATA-300.1.2,Ciliated_amphid_neuron,Neuroblast_ASH_RIB,270.0,270-330,ABpxpaappa
GGGCATCCACCTCGGA-300.1.2,,Parent_of_PVP_and_rect_V,330.0,330-390,ABpxppppaa
GGGCATCTCACAACGT-300.1.2,Ciliated_non_amphid_neuron,,300.0,270-330,ABpxpaappp
GGGTCTGGTTCGAATC-300.1.2,,,265.0,210-270,ABpxppappp
GGTATTGAGAGTCGGT-300.1.2,Ciliated_amphid_neuron,Neuroblast_ASH_RIB,270.0,270-330,ABpxpaappa
GGTATTGGTAAATACG-300.1.2,,,320.0,270-330,ABpxpapaaa
GGTGAAGAGTTCGCGC-300.1.2,,,200.0,170-210,ABpxppppp
GGTGCGTGTTCAGCGC-300.1.2,,,285.0,270-330,ABpxppappp
GGTGTTACATTAACCG-300.1.2,Ciliated_amphid_neuron,Neuroblast_ASH_RIB,280.0,270-330,ABpxpaappa
GGTGTTAGTAAGTAGT-300.1.2,,,320.0,270-330,ABpxpapaaa
GGTGTTAGTGCCTGGT-300.1.2,,,260.0,210-270,ABpxppapaa
GTAACGTTCATTATCC-300.1.2,Ciliated_non_amphid_neuron,,260.0,210-270,ABpxpaaapp
GTAACTGAGCGTTCCG-300.1.2,,,290.0,270-330,ABpxppapap
GTAACTGAGCTAGTGG-300.1.2,,,245.0,210-270,ABpxpppaaa
GTAACTGAGTACGTTC-300.1.2,Parent_of_exc_gland_AVK,,290.0,270-330,ABpxpapapa
GTACTCCGTCTAGCGC-300.1.2,Ciliated_non_amphid_neuron,,230.0,210-270,ABpxpaaapp
GTACTCCTCGCAAACT-300.1.2,,,260.0,210-270,ABpxpaapaa
GTACTTTAGTACACCT-300.1.2,,,190.0,170-210,ABpxpaaap
GTACTTTCATGGTCTA-300.1.2,Ciliated_amphid_neuron,AWC,425.0,390-450,ABpxpaaaaap
GTATCTTCACCAGGTC-300.1.2,,,280.0,270-330,ABpxpppaaa
GTATCTTGTAAACACA-300.1.2,,RIC_parent,300.0,270-330,ABpxppaaaap
GTATCTTTCAATACCG-300.1.2,,,285.0,270-330,ABpxppappa
GTATTCTCACCCATGG-300.1.2,,,260.0,210-270,ABpxpaaapp
GTCAAGTGTCAAAGCG-300.1.2,,AMso_parent,285.0,270-330,ABpxpaapap
GTCACAACAGGGCATA-300.1.2,Ciliated_amphid_neuron,AWC,415.0,390-450,ABpxpaaaaap
GTCACAATCTGCGGCA-300.1.2,,RIC_parent,300.0,270-330,ABpxppaaaap
GTCACGGCACACCGCA-300.1.2,Ciliated_amphid_neuron,Neuroblast_AWC_SAAVx,225.0,210-270,ABpxpaaaaa
GTCACGGCATCCGTGG-300.1.2,,RIM_parent,290.0,270-330,ABpxppaapa
GTCACGGGTCATCCCT-300.1.2,Ciliated_amphid_neuron,Neuroblast_AWC_SAAVx,225.0,210-270,ABpxpaaaaa
GTCACGGGTTTGGGCC-300.1.2,,Parents_of_PHsh_hyp8_hyp9,280.0,270-330,ABpxpppapa
GTCACGGTCACATGCA-300.1.2,,,295.0,270-330,ABpxpaaapa
GTCACGGTCGGAATCT-300.1.2,,Parent_of_tail_spike_and_hyp10,230.0,210-270,ABpxpppppp
GTCCTCACAGTTCCCT-300.1.2,Ciliated_amphid_neuron,ASH,350.0,330-390,ABpxpaappaa
GTCGTAAAGGCTCTTA-300.1.2,,,265.0,210-270,ABpxppappp
GTCTCGTCAAATCCGT-300.1.2,,Parent_of_PVP_and_rect_V,330.0,330-390,ABpxppppaa
GTCTTCGAGGATCGCA-300.1.2,,,220.0,210-270,ABpxppaapp
GTCTTCGGTCTGATTG-300.1.2,Ciliated_non_amphid_neuron,,205.0,170-210,ABpxpaappp
GTGAAGGTCAACGGGA-300.1.2,,,290.0,270-330,ABpxppapaa
GTGAAGGTCATGTCTT-300.1.2,,RIC_parent,335.0,330-390,ABpxppaaaap
GTGCAGCTCTTAGAGC-300.1.2,,,270.0,270-330,ABpxpaapaa
GTGCATAAGTCAATAG-300.1.2,Ciliated_non_amphid_neuron,,260.0,210-270,ABpxpaappp
GTGCGGTTCATTGCCC-300.1.2,,,190.0,170-210,ABpxppaap
GTGCTTCTCAACGGCC-300.1.2,Ciliated_amphid_neuron,Neuroblast_ASH_RIB,270.0,270-330,ABpxpaappa
GTGGGTCTCCGCAAGC-300.1.2,Parent_of_exc_gland_AVK,RIM_parent,270.0,270-330,ABpxpapapa
GTGTGCGCAGATGGCA-300.1.2,,,285.0,270-330,ABpxppaaaa
GTGTTAGCAATAGCAA-300.1.2,Ciliated_amphid_neuron,Neuroblast_AWC_SAAVx,265.0,210-270,ABpxpaaaaa
GTTAAGCAGAAGGTGA-300.1.2,Ciliated_amphid_neuron,Neuroblast_AWC_SAAVx,260.0,210-270,ABpxpaaaaa
GTTAAGCCAAGGTGTG-300.1.2,,,190.0,170-210,ABpxppaaa
GTTACAGAGAGACTTA-300.1.2,,,300.0,270-330,ABpxppaapp
GTTACAGCAGGCGATA-300.1.2,,,190.0,170-210,ABpxppaap
GTTACAGGTCTAGCCG-300.1.2,,,270.0,270-330,ABpxpapapp
GTTACAGGTTAAGAAC-300.1.2,,RIM_parent,270.0,270-330,ABpxppaapa
GTTCATTCATGGGACA-300.1.2,,,260.0,210-270,ABpxppapaa
GTTCATTTCATGCAAC-300.1.2,,,300.0,270-330,ABpxppapap
GTTCATTTCCTTAATC-300.1.2,,,215.0,210-270,ABpxpaapap
GTTCGGGCAGATCCAT-300.1.2,,,285.0,270-330,ABpxppppaa
GTTCGGGTCAGCTCTC-300.1.2,,,175.0,170-210,ABpxpaapp
GTTCTCGCATAGGATA-300.1.2,,,245.0,210-270,ABpxppapaa
GTTCTCGGTAAGGATT-300.1.2,,,285.0,270-330,ABpxpaaapa
GTTTCTAGTCGCGAAA-300.1.2,,,300.0,270-330,ABpxpaaapa
GTTTCTAGTTTAAGCC-300.1.2,,,290.0,270-330,ABpxppaaaa
TAAACCGCAGGTCCAC-300.1.2,,,275.0,270-330,ABpxpppaaa
TAAGAGAGTCTTCGTC-300.1.2,,Parents_of_PHsh_hyp8_hyp9,270.0,270-330,ABpxpppaap
TAAGCGTAGATACACA-300.1.2,,,200.0,170-210,ABpxpaaapa
TAAGCGTTCGCCAAAT-300.1.2,,,180.0,170-210,ABpxppaaa
TAAGTGCTCCTATGTT-300.1.2,,Parent_of_tail_spike_and_hyp10,260.0,210-270,ABpxpppppp
TACAGTGAGTCAATAG-300.1.2,,,180.0,170-210,ABpxpppap
TACAGTGCACTAAGTC-300.1.2,,,290.0,270-330,ABpxpapapp
TACCTTAAGTTATCGC-300.1.2,Ciliated_non_amphid_neuron,,260.0,210-270,ABpxpaaapp
TACCTTACAAGCTGGA-300.1.2,,,270.0,270-330,ABpxppaapp
TACCTTAGTTGTCTTT-300.1.2,,,280.0,270-330,ABpxppaaa
TACCTTATCACCAGGC-300.1.2,,,195.0,170-210,ABpxppapa
TACGGATTCACTTCAT-300.1.2,,,210.0,210-270,ABpxppppaa
TACGGATTCCAAACTG-300.1.2,Ciliated_amphid_neuron,Neuroblast_ASH_RIB,280.0,270-330,ABpxpaappa
TACGGATTCCGTAGTA-300.1.2,,,260.0,210-270,ABpxpaaapp
TACTCATTCCTTGGTC-300.1.2,Ciliated_non_amphid_neuron,,265.0,210-270,ABpxpaappp
TACTCGCAGCACGCCT-300.1.2,,,260.0,210-270,ABpxppppaa
TACTTACAGGCCCTTG-300.1.2,,,190.0,170-210,ABpxpppaap
TACTTACAGTATCTCG-300.1.2,Ciliated_amphid_neuron,,245.0,210-270,ABpxpapaa
TACTTACCATATGAGA-300.1.2,,,160.0,130-170,ABpxpppp
TACTTGTAGTTGTCGT-300.1.2,,,190.0,170-210,ABpxpapap
TAGACCAAGGGTGTTG-300.1.2,,,300.0,270-330,ABpxppappp
TAGAGCTCAGAGCCAA-300.1.2,,,190.0,170-210,ABpxppapa
TAGTGGTAGGATTCGG-300.1.2,Ciliated_amphid_neuron,Neuroblast_ASH_RIB,260.0,210-270,ABpxpaappa
TAGTGGTCAACGATGG-300.1.2,,,285.0,270-330,ABpxpaapaa
TAGTGGTTCGATGAGG-300.1.2,,,230.0,210-270,ABpxpppapa
TAGTTGGAGTGTTAGA-300.1.2,,AVK,490.0,450-510,ABpxpapapap
TAGTTGGCACGAAACG-300.1.2,Ciliated_non_amphid_neuron,,275.0,270-330,ABpxpaappp
TAGTTGGCAGCTGGCT-300.1.2,,,205.0,170-210,ABpxpaaaap
TATCTCACATTGAGCT-300.1.2,,,230.0,210-270,ABpxppppap
TATCTCATCAACTCTT-300.1.2,Ciliated_non_amphid_neuron,,260.0,210-270,ABpxpaaapp
TATGCCCAGACTAAGT-300.1.2,,,260.0,210-270,ABpxpppaap
TATGCCCAGTAGCGGT-300.1.2,,,260.0,210-270,ABpxppapaa
TATGCCCGTTCGTTGA-300.1.2,,,200.0,170-210,ABpxpapaa
TATTACCGTACAAGTA-300.1.2,,,300.0,270-330,ABpxppapap
TCAATCTAGCGTAATA-300.1.2,,,195.0,170-210,ABpxpaaap
TCACAAGCAATGACCT-300.1.2,,,190.0,170-210,ABpxppppap
TCACAAGCACCTATCC-300.1.2,,,230.0,210-270,ABpxpaaaap
TCACAAGGTGCTGTAT-300.1.2,,,260.0,210-270,ABpxpaaaap
TCAGATGGTTAAGACA-300.1.2,,Parents_of_Y_DA6_DA7_DA9,260.0,210-270,ABpxpppaaa
TCAGGTATCACGCGGT-300.1.2,,,180.0,170-210,ABpxppppp
TCATTACGTTGAGGTG-300.1.2,Ciliated_amphid_neuron,Neuroblast_AWC_SAAVx,260.0,210-270,ABpxpaaaaa
TCATTACTCTCGTTTA-300.1.2,,Parents_of_Y_DA6_DA7_DA9,300.0,270-330,ABpxpppaaa
TCATTTGGTCTTCAAG-300.1.2,,RIM_parent,280.0,270-330,ABpxppaapa
TCATTTGTCTCTAAGG-300.1.2,Ciliated_amphid_neuron,,260.0,210-270,ABpxpaaaap
TCATTTGTCTGCCCTA-300.1.2,Ciliated_amphid_neuron,Neuroblast_AWC_SAAVx,260.0,210-270,ABpxpaaaaa
TCGAGGCAGATACACA-300.1.2,,,245.0,210-270,ABpxpapaaa
TCGCGTTAGCGATCCC-300.1.2,,,180.0,170-210,ABpxpapapp
TCGGTAATCAAACGGG-300.1.2,,,300.0,270-330,ABpxppapap
TCGGTAATCCGTCAAA-300.1.2,,,170.0,170-210,ABpxpppaa
TCGGTAATCGGCTTGG-300.1.2,,,260.0,210-270,ABpxpaaapa
TCGTACCGTTGGGACA-300.1.2,,,260.0,210-270,ABpxpapapp
TCGTACCTCACCCGAG-300.1.2,,,270.0,270-330,ABpxpaapaa
TCGTAGAGTCATGCCG-300.1.2,,,280.0,270-330,ABpxpaaapa
TCTATTGAGCCGGTAA-300.1.2,,,300.0,270-330,ABpxpapaaa
TCTATTGTCGAATGCT-300.1.2,,,270.0,270-330,ABpxpapaap
TCTCATAGTATTAGCC-300.1.2,,,285.0,270-330,ABpxppaaaa
TCTCATATCTGGTATG-300.1.2,,,265.0,210-270,ABpxppaaaa
TCTCTAAGTAGCCTCG-300.1.2,,,275.0,270-330,ABpxppaapp
TCTGAGACAAAGTCAA-300.1.2,,,275.0,270-330,ABpxppapaa
TCTGAGATCAACGGGA-300.1.2,,,275.0,270-330,ABpxpapapa
TCTTCGGTCCCGGATG-300.1.2,Ciliated_non_amphid_neuron,,245.0,210-270,ABpxpaappp
TCTTTCCAGACACGAC-300.1.2,,,230.0,210-270,ABpxpppapa
TGAAAGACAAATCCGT-300.1.2,,,260.0,210-270,ABpxpaapaa
TGAAAGAGTGTTAAGA-300.1.2,,,190.0,170-210,ABpxpppaa
TGACAACGTCTTGTCC-300.1.2,,,290.0,270-330,ABpxppapaa
TGACGGCTCGGCGCTA-300.1.2,,,285.0,270-330,ABpxpaaapa
TGACTAGTCGAACTGT-300.1.2,,,190.0,170-210,ABpxppapa
TGACTTTAGGCAGGTT-300.1.2,,RIC_parent,300.0,270-330,ABpxppaaaap
TGAGAGGCATTAGGCT-300.1.2,,,225.0,210-270,ABpxppppaa
TGAGCCGAGTTCGCAT-300.1.2,Ciliated_amphid_neuron,Neuroblast_AWC_SAAVx,265.0,210-270,ABpxpaaaaa
TGAGCCGTCTTAACCT-300.1.2,,,310.0,270-330,ABpxppappp
TGAGGGAAGGTGCACA-300.1.2,,,260.0,210-270,ABpxpaapaa
TGAGGGATCTGCGGCA-300.1.2,,,260.0,210-270,ABpxppappp
TGCACCTAGTTTGCGT-300.1.2,Ciliated_amphid_neuron,Neuroblast_AWC_SAAVx,270.0,270-330,ABpxpaaaaa
TGCCAAAGTCAGATAA-300.1.2,,,195.0,170-210,ABpxppapap
TGCCAAAGTGCATCTA-300.1.2,,,280.0,270-330,ABpxpapapa
TGCCCATAGCCAGGAT-300.1.2,,,225.0,210-270,ABpxppppap
TGCCCATAGTCCAGGA-300.1.2,,,225.0,210-270,ABpxppaapp
TGCCCTATCGAATGCT-300.1.2,,RIC_parent,335.0,330-390,ABpxppaaaap
TGCGCAGTCGGCGCAT-300.1.2,,,200.0,170-210,ABpxppaaa
TGCGGGTAGCGATATA-300.1.2,,,190.0,170-210,ABpxpppp
TGCGGGTCAGGATTGG-300.1.2,,,210.0,210-270,ABpxpaaap
TGCTACCCAGATGGGT-300.1.2,,,230.0,210-270,ABpxpaaaap
TGGACGCGTTGCGCAC-300.1.2,,,295.0,270-330,ABpxppappp
TGGCGCAAGAAGCCCA-300.1.2,,RIC_parent,300.0,270-330,ABpxppaaaap
TGGCTGGCATCTACGA-300.1.2,,Parents_of_PHsh_hyp8_hyp9,270.0,270-330,ABpxpppapa
TGGGAAGAGTACTTGC-300.1.2,Ciliated_non_amphid_neuron,,260.0,210-270,ABpxpaaapp
TGGGAAGAGTCTCGGC-300.1.2,,,215.0,210-270,ABpxppppaa
TGGGCGTAGATGTGGC-300.1.2,Ciliated_non_amphid_neuron,,260.0,210-270,ABpxpaaapp
TGGGCGTGTCGCATCG-300.1.2,Parent_of_exc_duct_pore_DB_1_3,,270.0,270-330,ABpxpaaaap
TGGTTAGTCAGTTAGC-300.1.2,,,210.0,210-270,ABpxpaaaa
TGGTTCCAGTACGTTC-300.1.2,Parent_of_exc_gland_AVK,,260.0,210-270,ABpxpapapa
TGTCCCACATTTCAGG-300.1.2,,,245.0,210-270,ABpxpppppa
TGTGGTACATCACAAC-300.1.2,,,280.0,270-330,ABpxpaapaa
TGTGGTAGTCTGGTCG-300.1.2,,,230.0,210-270,ABpxpaaapa
TGTGTTTGTAATTGGA-300.1.2,Ciliated_amphid_neuron,,200.0,170-210,ABpxpaaaap
TGTTCCGTCATCATTC-300.1.2,,Neuroblast_PVC_LUA,325.0,270-330,ABpxpppaapa
TGTTCCGTCTGCTTGC-300.1.2,Ciliated_non_amphid_neuron,,270.0,270-330,ABpxpaappp
TGTTCCGTCTGGCGAC-300.1.2,,,175.0,170-210,ABpxpaapp
TTAGGCAAGTACGACG-300.1.2,,,275.0,270-330,ABpxpapaap
TTAGGCATCAGCTCTC-300.1.2,,,260.0,210-270,ABpxpapapp
TTAGGCATCCGTAGGC-300.1.2,,,335.0,330-390,ABpxpapaaa
TTAGTTCGTACGCACC-300.1.2,,,270.0,270-330,ABpxpaapaa
TTAGTTCGTATGAAAC-300.1.2,,,280.0,270-330,ABpxppppaa
TTATGCTGTACAGCAG-300.1.2,,,260.0,210-270,ABpxpppaaa
TTCGAAGAGTGTTTGC-300.1.2,,,260.0,210-270,ABpxpaapaa
TTCTACAGTCAGAATA-300.1.2,,,300.0,270-330,ABpxpapaaa
TTGACTTAGCTCCTTC-300.1.2,Parent_of_exc_gland_AVK,,260.0,210-270,ABpxpapapa
TTGACTTAGGAATCGC-300.1.2,,,300.0,270-330,ABpxpapaap
TTGCCGTAGATGTAAC-300.1.2,Parent_of_exc_gland_AVK,,295.0,270-330,ABpxpapapa
TTGCGTCTCTGGTATG-300.1.2,,,260.0,210-270,ABpxpppaap
TTGGAACAGCGTGTCC-300.1.2,Ciliated_non_amphid_neuron,,245.0,210-270,ABpxpaaapp
TTGGAACAGTGAACGC-300.1.2,,,265.0,210-270,ABpxpaapaa
TTGGCAACAGTAAGCG-300.1.2,Parent_of_exc_gland_AVK,,260.0,210-270,ABpxpapapa
TTGTAGGAGGAGCGAG-300.1.2,Ciliated_non_amphid_neuron,,260.0,210-270,ABpxpaaapp
TTGTAGGCACACCGAC-300.1.2,,,195.0,170-210,ABpxpaapp
TTTCCTCGTAAATACG-300.1.2,,,190.0,170-210,ABpxpppap
TTTCCTCTCTCTTATG-300.1.2,Ciliated_amphid_neuron,Neuroblast_AWC_SAAVx,260.0,210-270,ABpxpaaaaa
TTTGTCACAAGGACAC-300.1.2,,,270.0,270-330,ABpxpaapap
TTTGTCATCGTTTGCC-300.1.2,,,270.0,270-330,ABpxppaaaa
AAACCTGAGAGGGCTT-300.1.3,,,200.0,170-210,ABpxpaapa
AAACGGGTCTGCCAGG-300.1.3,Ciliated_non_amphid_neuron,,225.0,210-270,ABpxpaappp
AAAGATGAGCTATGCT-300.1.3,,,270.0,270-330,ABpxppapaa
AAAGATGCAATGGACG-300.1.3,,,260.0,210-270,ABpxppappp
AAAGCAACAGTCGTGC-300.1.3,,,270.0,270-330,ABpxppaaaa
AAAGCAACATATGCTG-300.1.3,,RIC_parent,300.0,270-330,ABpxppaaaap
AAAGTAGTCTTGCATT-300.1.3,,,325.0,270-330,ABpxppappa
AAATGCCAGAAGGTGA-300.1.3,Ciliated_amphid_neuron,,245.0,210-270,ABpxpaaaap
AAATGCCAGAGCTATA-300.1.3,,,300.0,270-330,ABpxpapaaa
AAATGCCTCCGCAAGC-300.1.3,,,200.0,170-210,ABpxppappp
AAATGCCTCTCTAAGG-300.1.3,,AMso_parent,230.0,210-270,ABpxpaapap
AACACGTGTAGCGCAA-300.1.3,,,300.0,270-330,ABpxpppppa
AACACGTGTGTCCTCT-300.1.3,Ciliated_non_amphid_neuron,,270.0,270-330,ABpxpaappp
AACACGTGTTTAGGAA-300.1.3,,,275.0,270-330,ABpxppaaaa
AACCATGAGACAATAC-300.1.3,,AMso_parent,285.0,270-330,ABpxpaapap
AACCATGCAGACAGGT-300.1.3,,,285.0,270-330,ABpxppapaa
AACCATGGTCTGGAGA-300.1.3,,,185.0,170-210,ABpxpppaap
AACCGCGGTGTTCGAT-300.1.3,,,265.0,210-270,ABpxppaaa
AACGTTGGTTGGTAAA-300.1.3,,,190.0,170-210,ABpxppapa
AACTCAGAGAAGGACA-300.1.3,,Parent_of_tail_spike_and_hyp10,270.0,270-330,ABpxpppppp
AACTCAGTCGGAAACG-300.1.3,,,290.0,270-330,ABpxppapaa
AACTCCCCACTAAGTC-300.1.3,Ciliated_amphid_neuron,ASH,350.0,330-390,ABpxpaappaa
AACTCTTAGGGAACGG-300.1.3,Ciliated_non_amphid_neuron,,300.0,270-330,ABpxpaappp
AACTGGTCAAAGCGGT-300.1.3,,,265.0,210-270,ABpxpapapa
AACTGGTGTAGCCTCG-300.1.3,Ciliated_amphid_neuron,,200.0,170-210,ABpxpaaaa
AACTTTCCAAACGTGG-300.1.3,,RIM_parent,260.0,210-270,ABpxppaapa
AAGCCGCGTTATCCGA-300.1.3,,,280.0,270-330,ABpxpaaapa
AAGCCGCTCATCGGAT-300.1.3,,,260.0,210-270,ABpxpaapaa
AAGGAGCGTATCAGTC-300.1.3,,,300.0,270-330,ABpxpapaap
AAGGAGCGTGGCCCTA-300.1.3,Ciliated_non_amphid_neuron,,265.0,210-270,ABpxpaappp
AAGGAGCGTTCCGTCT-300.1.3,,,300.0,270-330,ABpxppapaa
AAGGTTCTCCTAGAAC-300.1.3,,,270.0,270-330,ABpxpapaaa
AATCCAGGTCGACTAT-300.1.3,,,170.0,170-210,ABpxppappp
AATCCAGTCACAATGC-300.1.3,Ciliated_non_amphid_neuron,,260.0,210-270,ABpxpaaapp
AATCGGTAGACCTTTG-300.1.3,,Parent_of_tail_spike_and_hyp10,265.0,210-270,ABpxpppppp
AATCGGTTCAAACAAG-300.1.3,,,280.0,270-330,ABpxppapaa
ACACCAAAGTATGACA-300.1.3,,Parents_of_U_F_B_DVA,270.0,270-330,ABpxppppap
ACACCCTTCTGGCGAC-300.1.3,Parent_of_exc_duct_pore_DB_1_3,,300.0,270-330,ABpxpaaaap
ACACCGGAGTTCCACA-300.1.3,Ciliated_non_amphid_neuron,,230.0,210-270,ABpxpaappp
ACACCGGCAGAGTGTG-300.1.3,,Parent_of_PVP_and_rect_V,335.0,330-390,ABpxppppaa
ACACCGGTCAGTACGT-300.1.3,Ciliated_non_amphid_neuron,,225.0,210-270,ABpxpaappp
ACACTGACAAAGGAAG-300.1.3,,,330.0,330-390,ABpxpapaaa
ACAGCCGGTAACGACG-300.1.3,,,260.0,210-270,ABpxpppaap
ACAGCCGGTCTGCAAT-300.1.3,,,200.0,170-210,ABpxpaaaa
ACAGCTATCAGAGGTG-300.1.3,,,265.0,210-270,ABpxpapaaa
ACATACGGTCAGAGGT-300.1.3,,,310.0,270-330,ABpxppaapa
ACATACGTCTTGTCAT-300.1.3,Ciliated_amphid_neuron,Neuroblast_AWC_SAAVx,270.0,270-330,ABpxpaaaaa
ACATCAGGTGTTAAGA-300.1.3,,,270.0,270-330,ABpxpapaap
ACATGGTAGTCGAGTG-300.1.3,,,260.0,210-270,ABpxpaapaa
ACCCACTAGTAGTGCG-300.1.3,Ciliated_non_amphid_neuron,,270.0,270-330,ABpxpaaapp
ACCCACTCAGTCAGCC-300.1.3,,,260.0,210-270,ABpxpapaaa
ACCGTAAAGGCTCATT-300.1.3,,Parent_of_PVP_and_rect_V,320.0,270-330,ABpxppppaa
ACCGTAACAAGAAAGG-300.1.3,,,170.0,170-210,ABpxppaap
ACCGTAAGTGTTCGAT-300.1.3,,,170.0,170-210,ABpxppaa
ACGAGCCTCGAGCCCA-300.1.3,,,270.0,270-330,ABpxpaapaa
ACGAGGAGTGGTTTCA-300.1.3,,,300.0,270-330,ABpxppappp
ACGATACCAACCGCCA-300.1.3,,,270.0,270-330,ABpxpapaap
ACGATGTCAAACTGTC-300.1.3,,,215.0,210-270,ABpxppapa
ACGATGTTCACCGTAA-300.1.3,,,170.0,170-210,ABpxpppaap
ACGATGTTCTTGTTTG-300.1.3,,,320.0,270-330,ABpxppapaa
ACGCAGCTCTCTGTCG-300.1.3,,,200.0,170-210,ABpxppppp
ACGCAGCTCTTCGGTC-300.1.3,,,280.0,270-330,ABpxppaaaa
ACGCCAGCACACCGAC-300.1.3,,,300.0,270-330,ABpxpapaap
ACGCCAGCAGTCGTGC-300.1.3,Ciliated_non_amphid_neuron,,260.0,210-270,ABpxpaappp
ACGCCAGGTCAGAAGC-300.1.3,,,190.0,170-210,ABpxppaaa
ACGCCGAAGCATGGCA-300.1.3,,,190.0,170-210,ABpxpapaa
ACGGAGACAGGACGTA-300.1.3,Ciliated_non_amphid_neuron,,260.0,210-270,ABpxpaappp
ACGGCCAAGCCTCGTG-300.1.3,,Parent_of_tail_spike_and_hyp10,230.0,210-270,ABpxpppppp
ACGGGTCAGTGTGAAT-300.1.3,,,190.0,170-210,ABpxpppapa
ACGTCAAAGGACTGGT-300.1.3,,AVB,330.0,330-390,ABpxpaapaap
ACGTCAACACACGCTG-300.1.3,,RIM_parent,260.0,210-270,ABpxppaapa
ACTGAACAGTTACCCA-300.1.3,,,190.0,170-210,ABpxppppp
ACTGAACTCTTTACGT-300.1.3,,AMso_parent,260.0,210-270,ABpxpaapap
ACTGAGTTCTTCGGTC-300.1.3,,Parent_of_tail_spike_and_hyp10,230.0,210-270,ABpxpppppp
ACTGATGGTGGCCCTA-300.1.3,Ciliated_non_amphid_neuron,,245.0,210-270,ABpxpaappp
ACTGATGTCCAACCAA-300.1.3,,,265.0,210-270,ABpxpppppa
ACTGCTCAGGAGTTGC-300.1.3,,Parents_of_PHsh_hyp8_hyp9,270.0,270-330,ABpxpppapa
ACTGTCCAGTACGATA-300.1.3,Ciliated_amphid_neuron,,200.0,170-210,ABpxpaaaa
ACTTACTAGAACTCGG-300.1.3,,,270.0,270-330,ABpxpaapaa
ACTTACTAGACCCACC-300.1.3,,,245.0,210-270,ABpxppappp
ACTTACTTCACATAGC-300.1.3,,,300.0,270-330,ABpxppapap
ACTTACTTCGCAAGCC-300.1.3,,,260.0,210-270,ABpxpaapaa
ACTTGTTAGGACGAAA-300.1.3,,,295.0,270-330,ABpxppappa
ACTTGTTGTAAGGGAA-300.1.3,,,190.0,170-210,ABpxppapa
ACTTGTTGTCAAACTC-300.1.3,,,300.0,270-330,ABpxppaapp
ACTTGTTGTTTGACTG-300.1.3,,,265.0,210-270,ABpxpapapp
ACTTGTTTCTGCTTGC-300.1.3,,,260.0,210-270,ABpxpapaaa
ACTTTCAAGGATGGAA-300.1.3,,RIM_parent,260.0,210-270,ABpxppaapa
ACTTTCACAAGCGATG-300.1.3,Ciliated_non_amphid_neuron,,265.0,210-270,ABpxpaappp
AGAATAGCACGAAGCA-300.1.3,Parent_of_exc_gland_AVK,,260.0,210-270,ABpxpapapa
AGAATAGCATAGAAAC-300.1.3,,,295.0,270-330,ABpxppappa
AGAATAGTCCAGTAGT-300.1.3,,Parent_of_tail_spike_and_hyp10,220.0,210-270,ABpxpppppp
AGAGCGAGTGAACCTT-300.1.3,,,270.0,270-330,ABpxpapaap
AGAGCTTGTGAAAGAG-300.1.3,,,245.0,210-270,ABpxppaaaa
AGAGTGGAGCGATGAC-300.1.3,,,245.0,210-270,ABpxppappp
AGAGTGGGTTGCGCAC-300.1.3,,,245.0,210-270,ABpxpapaap
AGATCTGCACAGCGTC-300.1.3,,,270.0,270-330,ABpxppaapp
AGATCTGCACATAACC-300.1.3,,,210.0,210-270,ABpxpaapa
AGATCTGCATGGGAAC-300.1.3,,,260.0,210-270,ABpxpaaaaa
AGATCTGTCTGGTGTA-300.1.3,,,260.0,210-270,ABpxpaapaa
AGATTGCGTGCAACGA-300.1.3,Glia,AMso,420.0,390-450,ABpxpaapapa
AGCAGCCCAAGGTTCT-300.1.3,,,215.0,210-270,ABpxpaapap
AGCATACTCTCCCTGA-300.1.3,,Parents_of_U_F_B_DVA,260.0,210-270,ABpxppppap
AGCCTAATCGATGAGG-300.1.3,,,280.0,270-330,ABpxppaaaa
AGCGGTCCATGTCGAT-300.1.3,,,215.0,210-270,ABpxppaapp
AGCGTCGCAACCGCCA-300.1.3,,,200.0,170-210,ABpxpppap
AGCGTCGCATATGCTG-300.1.3,Ciliated_amphid_neuron,ASH,390.0,390-450,ABpxpaappaa
AGCTCCTCAGGTGCCT-300.1.3,,,210.0,210-270,ABpxpaapa
AGCTCCTGTTTGACTG-300.1.3,,,300.0,270-330,ABpxpapaaa
AGCTCTCGTTACTGAC-300.1.3,,,295.0,270-330,ABpxppaapp
AGCTTGAGTAGCGCTC-300.1.3,,,300.0,270-330,ABpxppapaa
AGGCCACAGTGTTTGC-300.1.3,,,260.0,210-270,ABpxpapaap
AGGCCACTCCACGTGG-300.1.3,,Neuroblast_PVC_LUA,320.0,270-330,ABpxpppaapa
AGGCCGTGTCGAACAG-300.1.3,,,290.0,270-330,ABpxppaaaa
AGGCCGTTCAGTACGT-300.1.3,Ciliated_amphid_neuron,Neuroblast_ASH_RIB,230.0,210-270,ABpxpaappa
AGGGATGAGAGGGATA-300.1.3,,,270.0,270-330,ABpxpapapp
AGGGATGAGTGTTAGA-300.1.3,,,295.0,270-330,ABpxpaaapa
AGGGATGCAATTGCTG-300.1.3,,,215.0,210-270,ABpxpapapp
AGGGTGAAGTCGATAA-300.1.3,,,210.0,210-270,ABpxppppp
AGGGTGAGTACTTGAC-300.1.3,,,290.0,270-330,ABpxpppppa
AGGGTGATCATCGGAT-300.1.3,,,230.0,210-270,ABpxpapapa
AGGTCATAGCGCCTCA-300.1.3,Ciliated_non_amphid_neuron,,215.0,210-270,ABpxpaappp
AGGTCATCAGCTTCGG-300.1.3,Glia,AMso,490.0,450-510,ABpxpaapapa
AGGTCCGCAAAGAATC-300.1.3,,,290.0,270-330,ABpxppappa
AGTAGTCAGCTAGTTC-300.1.3,,,260.0,210-270,ABpxpaapaa
AGTAGTCCAACACCTA-300.1.3,,,200.0,170-210,ABpxpapaa
AGTAGTCTCCATGAGT-300.1.3,,,260.0,210-270,ABpxpapaaa
AGTCTTTTCCGGGTGT-300.1.3,Ciliated_non_amphid_neuron,,260.0,210-270,ABpxpaaapp
AGTCTTTTCGTCCAGG-300.1.3,,,300.0,270-330,ABpxppapap
AGTGGGACAGGGATTG-300.1.3,,,170.0,170-210,ABpxpppaa
AGTGGGAGTATTCTCT-300.1.3,,,245.0,210-270,ABpxppappp
AGTGTCAAGCGTTCCG-300.1.3,,,220.0,210-270,ABpxpppppp
AGTGTCATCCAATGGT-300.1.3,,Parents_of_PHsh_hyp8_hyp9,270.0,270-330,ABpxpppapa
ATAACGCAGGAGTACC-300.1.3,,,220.0,210-270,ABpxppppap
ATAAGAGAGAAGCCCA-300.1.3,,,270.0,270-330,ABpxpaapaa
ATAAGAGCATGATCCA-300.1.3,,,280.0,270-330,ABpxppaapp
ATAGACCCAGGATTGG-300.1.3,,RIM_parent,275.0,270-330,ABpxppaapa
ATCATCTAGATATACG-300.1.3,Parent_of_exc_duct_pore_DB_1_3,,270.0,270-330,ABpxpaaaap
ATCATCTCACCAGTTA-300.1.3,Ciliated_non_amphid_neuron,,260.0,210-270,ABpxpaappp
ATCATGGCACCTGGTG-300.1.3,,,280.0,270-330,ABpxpapapa
ATCATGGGTATGAAAC-300.1.3,,,200.0,170-210,ABpxpppap
ATCATGGTCAACGAAA-300.1.3,,Parents_of_PHsh_hyp8_hyp9,260.0,210-270,ABpxpppapa
ATCATGGTCACGCGGT-300.1.3,,,225.0,210-270,ABpxpapapa
ATCCACCAGAGGTAGA-300.1.3,,,290.0,270-330,ABpxpaaapa
ATCCACCTCTGAGGGA-300.1.3,,,290.0,270-330,ABpxppaaa
ATCCGAAAGCACCGTC-300.1.3,,,200.0,170-210,ABpxppppaa
ATCCGAAGTTACGTCA-300.1.3,,,295.0,270-330,ABpxppapaa
ATCGAGTAGTTTGCGT-300.1.3,,,170.0,170-210,ABpxppppa
ATCTACTCAGGATTGG-300.1.3,,,260.0,210-270,ABpxpaapaa
ATCTACTGTTAGAACA-300.1.3,Glia,AMso,360.0,330-390,ABpxpaapapa
ATCTACTTCAACCATG-300.1.3,Ciliated_amphid_neuron,Neuroblast_AWC_SAAVx,270.0,270-330,ABpxpaaaaa
ATGAGGGTCCCATTTA-300.1.3,,,260.0,210-270,ABpxppppaa
ATGGGAGAGGGTGTGT-300.1.3,,,270.0,270-330,ABpxppappp
ATGTGTGTCAATCACG-300.1.3,,,200.0,170-210,ABpxppppa
ATTATCCAGTTCGATC-300.1.3,,,295.0,270-330,ABpxpaaapa
ATTATCCAGTTGTCGT-300.1.3,,,245.0,210-270,ABpxppapap
ATTGGACGTGACCAAG-300.1.3,,,210.0,210-270,ABpxppppap
ATTGGACTCGCAAGCC-300.1.3,,,290.0,270-330,ABpxpppaaa
ATTGGTGCATCATCCC-300.1.3,,,300.0,270-330,ABpxppaapp
ATTGGTGGTCTCGTTC-300.1.3,,,260.0,210-270,ABpxppapaa
ATTTCTGCACTAAGTC-300.1.3,Ciliated_non_amphid_neuron,,260.0,210-270,ABpxpaaapp
CAACCTCAGCCCGAAA-300.1.3,,RIM_parent,300.0,270-330,ABpxppaapa
CAACCTCGTAAACGCG-300.1.3,,,285.0,270-330,ABpxpaaapa
CAACCTCGTCTGGTCG-300.1.3,Ciliated_amphid_neuron,ASH,350.0,330-390,ABpxpaappaa
CAACTAGAGGCGATAC-300.1.3,,,200.0,170-210,ABpxppapa
CAACTAGTCCATGAGT-300.1.3,,,215.0,210-270,ABpxpaaaap
CAACTAGTCTGTCCGT-300.1.3,,,260.0,210-270,ABpxppapaa
CAAGAAAAGGCTAGAC-300.1.3,,,260.0,210-270,ABpxppappa
CAAGAAAGTTAGGGTG-300.1.3,,RIM_parent,300.0,270-330,ABpxppaapa
CAAGATCAGCGTGAGT-300.1.3,,,260.0,210-270,ABpxpppaap
CAAGTTGGTCGGATCC-300.1.3,,,170.0,170-210,ABpxppapa
CACAAACAGGCGATAC-300.1.3,,,270.0,270-330,ABpxpaapaa
CACAAACCATGTTGAC-300.1.3,Ciliated_non_amphid_neuron,,245.0,210-270,ABpxpaaapp
CACAAACCATTGGGCC-300.1.3,,,300.0,270-330,ABpxpapaap
CACACAAAGACGCTTT-300.1.3,,,320.0,270-330,ABpxpapapp
CACACAAAGCTAAGAT-300.1.3,,,300.0,270-330,ABpxppapaa
CACACAATCGTACGGC-300.1.3,Ciliated_amphid_neuron,Neuroblast_AWC_SAAVx,260.0,210-270,ABpxpaaaaa
CACACTCGTGAACCTT-300.1.3,,RIM_parent,290.0,270-330,ABpxppaapa
CACACTCGTGCAGTAG-300.1.3,,,270.0,270-330,ABpxpppaaa
CACAGGCAGGACACCA-300.1.3,,,270.0,270-330,ABpxpapaap
CACAGGCCAGGGTTAG-300.1.3,,,230.0,210-270,ABpxpaaaa
CACAGGCGTAAACGCG-300.1.3,,,280.0,270-330,ABpxpapaaa
CACAGTAAGGCTACGA-300.1.3,,,170.0,170-210,ABpxpppaa
CACCAGGAGTGAAGAG-300.1.3,,,260.0,210-270,ABpxppapap
CACCAGGCAGACACTT-300.1.3,,,275.0,270-330,ABpxppapap
CACCAGGGTAGGGTAC-300.1.3,,,270.0,270-330,ABpxppappa
CACCTTGAGGCTCAGA-300.1.3,,,200.0,170-210,ABpxpppaa
CACCTTGAGGGTATCG-300.1.3,,,300.0,270-330,ABpxppapap
CACCTTGCAAGGTTCT-300.1.3,Ciliated_non_amphid_neuron,,260.0,210-270,ABpxpaaapp
CACCTTGCATGTCGAT-300.1.3,,,215.0,210-270,ABpxppppaa
CACCTTGGTTCTGTTT-300.1.3,Ciliated_amphid_neuron,Neuroblast_AWC_SAAVx,260.0,210-270,ABpxpaaaaa
CACTCCATCACTTATC-300.1.3,,RIM_parent,300.0,270-330,ABpxppaapa
CAGATCAAGGGTTTCT-300.1.3,,,190.0,170-210,ABpxppaaa
CAGCAGCGTAGGGTAC-300.1.3,,,170.0,170-210,ABpxpppaa
CAGCAGCGTCGACTAT-300.1.3,Ciliated_non_amphid_neuron,,245.0,210-270,ABpxpaaapp
CAGCAGCTCAGAGGTG-300.1.3,,,220.0,210-270,ABpxppaapa
CAGCCGATCACGCGGT-300.1.3,,,275.0,270-330,ABpxpppaaa
CAGCGACGTGCAGACA-300.1.3,,Parents_of_U_F_B_DVA,260.0,210-270,ABpxppppap
CAGCTAAAGGCTACGA-300.1.3,,,210.0,210-270,ABpxpaaaap
CAGCTAACAGGATTGG-300.1.3,,,290.0,270-330,ABpxppapap
CAGCTGGGTCACCTAA-300.1.3,,Parent_of_tail_spike_and_hyp10,260.0,210-270,ABpxpppppp
CAGCTGGTCGTTGACA-300.1.3,,,260.0,210-270,ABpxpppaaa
CAGGTGCAGACCTTTG-300.1.3,,,220.0,210-270,ABpxppppap
CAGGTGCTCGTAGATC-300.1.3,,,260.0,210-270,ABpxpaapap
CAGTAACAGATGTCGG-300.1.3,,,270.0,270-330,ABpxpapaap
CAGTAACGTCAAGCGA-300.1.3,Ciliated_non_amphid_neuron,,260.0,210-270,ABpxpaaapp
CATATTCGTATGAAAC-300.1.3,,,230.0,210-270,ABpxpaapap
CATCAAGAGCCAACAG-300.1.3,,,310.0,270-330,ABpxppapap
CATCAGAAGATGTGTA-300.1.3,,,260.0,210-270,ABpxpaapaa
CATCAGACACCAGTTA-300.1.3,Ciliated_non_amphid_neuron,,230.0,210-270,ABpxpaaapa
CATCCACAGACTGGGT-300.1.3,,,260.0,210-270,ABpxpaapap
CATCCACTCATGGTCA-300.1.3,Ciliated_non_amphid_neuron,,200.0,170-210,ABpxpaaapp
CATCGAAAGATGTGGC-300.1.3,,RIM_parent,295.0,270-330,ABpxppaapa
CATCGAATCAGCTCGG-300.1.3,,,210.0,210-270,ABpxpppapa
CATCGGGAGTGCTGCC-300.1.3,,,300.0,270-330,ABpxppaapp
CATCGGGCACGAAAGC-300.1.3,,,230.0,210-270,ABpxpaaapa
CATCGGGTCTATCGCC-300.1.3,,,300.0,270-330,ABpxppaapp
CATGACAGTGACCAAG-300.1.3,Ciliated_non_amphid_neuron,,260.0,210-270,ABpxpaaapp
CATGCCTAGCTGCGAA-300.1.3,,,260.0,210-270,ABpxpppaap
CATGCCTGTAAAGTCA-300.1.3,,,200.0,170-210,ABpxpaaap
CATGCCTGTCGCTTTC-300.1.3,,,210.0,210-270,ABpxpaaaa
CATTATCCAAACCTAC-300.1.3,Ciliated_non_amphid_neuron,,245.0,210-270,ABpxpaaapp
CATTATCCAGATGGGT-300.1.3,Ciliated_non_amphid_neuron,,230.0,210-270,ABpxpaaapp
CATTATCGTGGACGAT-300.1.3,,,300.0,270-330,ABpxppapaa
CATTCGCGTACAAGTA-300.1.3,,,230.0,210-270,ABpxpppapa
CCAATCCGTGACGCCT-300.1.3,,,260.0,210-270,ABpxpaapaa
CCAATCCGTGACTCAT-300.1.3,,,280.0,270-330,ABpxppappa
CCACCTAAGAGTACCG-300.1.3,,Parent_of_tail_spike_and_hyp10,270.0,270-330,ABpxpppppp
CCACCTACAGTAAGAT-300.1.3,,,200.0,170-210,ABpxpppppp
CCACCTAGTTCGAATC-300.1.3,,,200.0,170-210,ABpxppapap
CCACGGAAGACTAGAT-300.1.3,,Neuroblast_PVC_LUA,300.0,270-330,ABpxpppaapa
CCACGGAAGCAGGTCA-300.1.3,,,220.0,210-270,ABpxppapap
CCACGGACAACGATGG-300.1.3,,,260.0,210-270,ABpxpppaap
CCACGGACACAGGTTT-300.1.3,,,285.0,270-330,ABpxpapaap
CCACGGATCGATAGAA-300.1.3,,,300.0,270-330,ABpxpppaaa
CCATGTCAGACGCTTT-300.1.3,,Parents_of_PHsh_hyp8_hyp9,270.0,270-330,ABpxpppapa
CCATGTCTCAACGGGA-300.1.3,Ciliated_amphid_neuron,Neuroblast_AWC_SAAVx,260.0,210-270,ABpxpaaaaa
CCATGTCTCTGCTGCT-300.1.3,,,275.0,270-330,ABpxppapaa
CCATTCGTCAGTTTGG-300.1.3,,Parent_of_tail_spike_and_hyp10,270.0,270-330,ABpxpppppp
CCCAATCCAGTCCTTC-300.1.3,,,265.0,210-270,ABpxppappa
CCCAGTTCATCAGTAC-300.1.3,,,260.0,210-270,ABpxppapaa
CCCATACAGAAACGCC-300.1.3,,,300.0,270-330,ABpxppappp
CCCATACAGACGCTTT-300.1.3,,,265.0,210-270,ABpxppappp
CCCATACGTTGTCGCG-300.1.3,,,190.0,170-210,ABpxpapaa
CCCATACTCACGAAGG-300.1.3,,,290.0,270-330,ABpxpapaaa
CCCTCCTAGCACACAG-300.1.3,,Parent_of_tail_spike_and_hyp10,230.0,210-270,ABpxpppppp
CCCTCCTCATAGACTC-300.1.3,,,220.0,210-270,ABpxpppaap
CCGGGATGTTCTCATT-300.1.3,,,310.0,270-330,ABpxppaapp
CCGTACTAGACTGTAA-300.1.3,,,260.0,210-270,ABpxpapaap
CCGTGGACACCTTGTC-300.1.3,,AMso_parent,290.0,270-330,ABpxpaapap
CCGTTCATCTGGCGTG-300.1.3,,,170.0,170-210,ABpxppappp
CCTAAAGAGTCGATAA-300.1.3,,,290.0,270-330,ABpxpppppa
CCTAAAGGTGCGATAG-300.1.3,,,275.0,270-330,ABpxpapapa
CCTACACAGGCAAAGA-300.1.3,,,170.0,170-210,ABpxppapp
CCTACACAGGCATGGT-300.1.3,,,200.0,170-210,ABpxpppap
CCTACACTCACATGCA-300.1.3,,,225.0,210-270,ABpxpapapp
CCTACACTCCGGGTGT-300.1.3,,,260.0,210-270,ABpxpapaap
CCTATTACACTAGTAC-300.1.3,,Parents_of_PHsh_hyp8_hyp9,270.0,270-330,ABpxpppapa
CCTATTACATCGATTG-300.1.3,,RIM_parent,275.0,270-330,ABpxppaapa
CCTATTAGTACATCCA-300.1.3,,,260.0,210-270,ABpxpaapaa
CCTATTAGTTGACGTT-300.1.3,,,195.0,170-210,ABpxpapap
CCTCAGTCATCACGAT-300.1.3,,,260.0,210-270,ABpxpaapaa
CCTTACGAGCGTGAGT-300.1.3,,,210.0,210-270,ABpxpaaapa
CCTTACGTCTCCAACC-300.1.3,Ciliated_amphid_neuron,Neuroblast_AWC_SAAVx,280.0,270-330,ABpxpaaaaa
CCTTCCCTCGCCCTTA-300.1.3,,Parent_of_tail_spike_and_hyp10,270.0,270-330,ABpxpppppp
CCTTCGAGTGTTGAGG-300.1.3,,,275.0,270-330,ABpxppappp
CCTTCGATCAACCAAC-300.1.3,,Parents_of_U_F_B_DVA,285.0,270-330,ABpxppppap
CCTTCGATCACCCTCA-300.1.3,,,220.0,210-270,ABpxpaapap
CGAACATCAAAGGAAG-300.1.3,,,210.0,210-270,ABpxpppapa
CGAACATCATCCTTGC-300.1.3,Parent_of_exc_duct_pore_DB_1_3,,270.0,270-330,ABpxpaaaap
CGAATGTCAGACGCCT-300.1.3,Ciliated_non_amphid_neuron,,260.0,210-270,ABpxpaaapp
CGACCTTAGGATGTAT-300.1.3,,,260.0,210-270,ABpxpppaap
CGACCTTGTAGGCTGA-300.1.3,,,190.0,170-210,ABpxpppaa
CGACTTCAGAGACTAT-300.1.3,,,300.0,270-330,ABpxpppppa
CGACTTCAGTTGTAGA-300.1.3,,,300.0,270-330,ABpxpapaap
CGACTTCGTACATCCA-300.1.3,,,195.0,170-210,ABpxppaaa
CGAGAAGAGACTAAGT-300.1.3,,,190.0,170-210,ABpxpaaap
CGAGAAGAGAGTAATC-300.1.3,,,260.0,210-270,ABpxppapap
CGAGAAGGTCCGAAGA-300.1.3,,,275.0,270-330,ABpxpapaaa
CGAGCACAGCGTAGTG-300.1.3,,,285.0,270-330,ABpxppapaa
CGAGCCAAGTACGACG-300.1.3,Parent_of_exc_duct_pore_DB_1_3,,270.0,270-330,ABpxpaaaap
CGATCGGCACGAAACG-300.1.3,,,260.0,210-270,ABpxppppap
CGATCGGCATGTAGTC-300.1.3,Ciliated_non_amphid_neuron,,225.0,210-270,ABpxpaaapa
CGATCGGCATGTTGAC-300.1.3,,RIC_parent,300.0,270-330,ABpxppaaaap
CGATCGGTCATTGCGA-300.1.3,,,230.0,210-270,ABpxpaapap
CGATGGCAGACTCGGA-300.1.3,,,295.0,270-330,ABpxppappp
CGATGTACATCCCACT-300.1.3,,,300.0,270-330,ABpxppapap
CGATGTAGTCACTGGC-300.1.3,Ciliated_amphid_neuron,Neuroblast_ASH_RIB,285.0,270-330,ABpxpaappa
CGATGTAGTCCGAAGA-300.1.3,Ciliated_non_amphid_neuron,,270.0,270-330,ABpxpaaapp
CGATTGAAGTTCGCGC-300.1.3,,,170.0,170-210,ABpxpppaa
CGCGGTACAGTGAGTG-300.1.3,,Neuroblast_PVC_LUA,330.0,330-390,ABpxpppaapa
CGCGGTATCAAGGTAA-300.1.3,Ciliated_amphid_neuron,Neuroblast_ASH_RIB,265.0,210-270,ABpxpaappa
CGCGTTTAGTGGAGTC-300.1.3,Ciliated_amphid_neuron,,200.0,170-210,ABpxpaaaap
CGCGTTTCACCACGTG-300.1.3,,,200.0,170-210,ABpxpppap
CGCTATCCAATCGAAA-300.1.3,,,230.0,210-270,ABpxppppap
CGCTATCGTTCGTGAT-300.1.3,,,195.0,170-210,ABpxpaapp
CGCTATCTCGAGGTAG-300.1.3,,RIM_parent,280.0,270-330,ABpxppaapa
CGCTTCACAAGCCGCT-300.1.3,,,275.0,270-330,ABpxpapaaa
CGGACGTAGGGTTTCT-300.1.3,,,290.0,270-330,ABpxppapap
CGGAGCTGTGATGTCT-300.1.3,,,260.0,210-270,ABpxppapap
CGGAGCTGTTCAGCGC-300.1.3,,,245.0,210-270,ABpxppppaa
CGGAGCTTCCAAGCCG-300.1.3,,,170.0,170-210,ABpxppppaa
CGGAGTCCACACCGCA-300.1.3,Ciliated_amphid_neuron,ASH,380.0,330-390,ABpxpaappaa
CGGAGTCCACCCATGG-300.1.3,,,275.0,270-330,ABpxppappp
CGGAGTCCAGTAAGCG-300.1.3,,,300.0,270-330,ABpxpapapa
CGGCTAGCAGGGTACA-300.1.3,,,200.0,170-210,ABpxpaapa
CGGGTCACACGCGAAA-300.1.3,,,170.0,170-210,ABpxpppaa
CGGGTCAGTAGCGCAA-300.1.3,,AMso_parent,280.0,270-330,ABpxpaapap
CGGTTAAAGCGCCTTG-300.1.3,,,260.0,210-270,ABpxppppaa
CGTAGGCGTAGCCTCG-300.1.3,,,300.0,270-330,ABpxpapaap
CGTCAGGAGAATGTTG-300.1.3,,,260.0,210-270,ABpxppaapa
CGTCAGGGTTTCCACC-300.1.3,,,260.0,210-270,ABpxpppaaa
CGTCCATCACAGGTTT-300.1.3,Ciliated_amphid_neuron,Neuroblast_AWC_SAAVx,260.0,210-270,ABpxpaaaaa
CGTCCATCATTGCGGC-300.1.3,,,230.0,210-270,ABpxppppp
CGTCCATGTAGTACCT-300.1.3,,,180.0,170-210,ABpxpppaa
CGTCTACAGGGAGTAA-300.1.3,,,270.0,270-330,ABpxpapapp
CGTCTACCATAGACTC-300.1.3,,,220.0,210-270,ABpxppppaa
CGTCTACTCAGCATGT-300.1.3,Ciliated_amphid_neuron,,225.0,210-270,ABpxpaaaa
CGTGTAATCTTGCATT-300.1.3,,RIC_parent,300.0,270-330,ABpxppaaaap
CGTGTCTGTCCAAGTT-300.1.3,Ciliated_non_amphid_neuron,,260.0,210-270,ABpxpaaapp
CGTGTCTTCAGTCAGT-300.1.3,,,220.0,210-270,ABpxpppaap
CGTTAGAAGAGAACAG-300.1.3,Parent_of_exc_gland_AVK,,280.0,270-330,ABpxpapapa
CGTTAGACACAGTCGC-300.1.3,,,300.0,270-330,ABpxppapaa
CGTTCTGGTCTGCAAT-300.1.3,Parent_of_exc_duct_pore_DB_1_3,,265.0,210-270,ABpxpaaaap
CGTTCTGTCTGAGTGT-300.1.3,Ciliated_non_amphid_neuron,,260.0,210-270,ABpxpaaapp
CGTTGGGAGGATATAC-300.1.3,,,230.0,210-270,ABpxpaaapa
CGTTGGGCACGACGAA-300.1.3,,,195.0,170-210,ABpxpapaa
CGTTGGGGTAGGAGTC-300.1.3,,,300.0,270-330,ABpxpppppa
CGTTGGGGTCCGCTGA-300.1.3,Parent_of_exc_gland_AVK,,230.0,210-270,ABpxpapapa
CTAACTTAGTGCCATT-300.1.3,,,280.0,270-330,ABpxppaaaa
CTAAGACCAAGGACAC-300.1.3,Ciliated_amphid_neuron,AWC,360.0,330-390,ABpxpaaaaap
CTAAGACCAAGTTGTC-300.1.3,,,215.0,210-270,ABpxppapap
CTAATGGAGCTAGGCA-300.1.3,,,275.0,270-330,ABpxpapaap
CTAATGGAGGAACTGC-300.1.3,,Parent_of_PVP_and_rect_V,330.0,330-390,ABpxppppaa
CTAATGGCATCCCACT-300.1.3,Parent_of_exc_gland_AVK,RIM_parent,275.0,270-330,ABpxppaapa
CTAATGGTCAAGATCC-300.1.3,Ciliated_non_amphid_neuron,,245.0,210-270,ABpxpaappp
CTACACCGTCTTCAAG-300.1.3,,,320.0,270-330,ABpxppaapp
CTACACCTCAGAAATG-300.1.3,,,190.0,170-210,ABpxpaaapa
CTACATTGTTGTACAC-300.1.3,,,320.0,270-330,ABpxppapaa
CTACCCAGTATGGTTC-300.1.3,,,190.0,170-210,ABpxpapap
CTACGTCGTTCGTTGA-300.1.3,,,260.0,210-270,ABpxpaaaap
CTAGAGTTCCCGACTT-300.1.3,,,275.0,270-330,ABpxpapapp
CTAGCCTAGGGTTCCC-300.1.3,,,260.0,210-270,ABpxppppaa
CTAGCCTTCTGGTATG-300.1.3,,,260.0,210-270,ABpxppaaaa
CTCACACCACGCGAAA-300.1.3,,Parents_of_U_F_B_DVA,270.0,270-330,ABpxppppap
CTCACACGTTAAGGGC-300.1.3,,,260.0,210-270,ABpxpapaap
CTCAGAAGTGCTCTTC-300.1.3,,AMso_parent,260.0,210-270,ABpxpaapap
CTCAGAAGTGTGTGCC-300.1.3,,,275.0,270-330,ABpxppapap
CTCATTACAGACGCTC-300.1.3,Ciliated_non_amphid_neuron,,260.0,210-270,ABpxpaaapp
CTCATTATCACAAACC-300.1.3,,,190.0,170-210,ABpxpppaaa
CTCGAAATCAGAGGTG-300.1.3,GLR,,300.0,270-330,ABpxpapaap
CTCGAGGGTCTGATTG-300.1.3,Ciliated_non_amphid_neuron,,260.0,210-270,ABpxpaappp
CTCGAGGTCTAGAGTC-300.1.3,Glia,AMso,350.0,330-390,ABpxpaapapa
CTCGGAGGTGACCAAG-300.1.3,,,185.0,170-210,ABpxppaaa
CTCGGGAGTGTAATGA-300.1.3,,,260.0,210-270,ABpxpaapaa
CTCGGGATCACGAAGG-300.1.3,Ciliated_non_amphid_neuron,,205.0,170-210,ABpxpaappp
CTCGTCAAGTAGATGT-300.1.3,,,190.0,170-210,ABpxpppaaa
CTCGTCACACCGTTGG-300.1.3,,,265.0,210-270,ABpxpapaaa
CTCTAATGTATAGTAG-300.1.3,,RIM_parent,285.0,270-330,ABpxppaapa
CTCTAATTCAATACCG-300.1.3,,,260.0,210-270,ABpxpaapaa
CTCTACGCAAACCCAT-300.1.3,,,260.0,210-270,ABpxpaapa
CTCTGGTAGCGTTTAC-300.1.3,,,200.0,170-210,ABpxppppap
CTCTGGTGTATGCTTG-300.1.3,,,270.0,270-330,ABpxppaaaa
CTGATAGTCGAGAGCA-300.1.3,,,190.0,170-210,ABpxppapp
CTGCGGACATGCTGGC-300.1.3,,,270.0,270-330,ABpxpaapaa
CTGCTGTTCATCTGTT-300.1.3,,Parents_of_PHsh_hyp8_hyp9,280.0,270-330,ABpxpppapa
CTGGTCTTCAACGCTA-300.1.3,,,285.0,270-330,ABpxppaaaa
CTGTGCTAGCCTTGAT-300.1.3,,,260.0,210-270,ABpxpaapaa
CTGTGCTAGCGCTCCA-300.1.3,,RIM_parent,270.0,270-330,ABpxppaapa
CTGTGCTCACAGGTTT-300.1.3,,,230.0,210-270,ABpxpaaapa
CTGTGCTGTCATGCCG-300.1.3,,,290.0,270-330,ABpxppaaaa
CTTACCGAGACCTAGG-300.1.3,,Parents_of_PHsh_hyp8_hyp9,270.0,270-330,ABpxpppapa
CTTACCGTCATGTCTT-300.1.3,,,230.0,210-270,ABpxppappp
CTTACCGTCTGAAAGA-300.1.3,,,230.0,210-270,ABpxpaaapa
CTTAGGAAGGCGTACA-300.1.3,,,220.0,210-270,ABpxpaaaap
CTTCTCTCACAGGTTT-300.1.3,,,260.0,210-270,ABpxppaaaa
CTTCTCTGTATAGGTA-300.1.3,,Parents_of_U_F_B_DVA,270.0,270-330,ABpxppppap
CTTCTCTGTCCAACTA-300.1.3,Ciliated_amphid_neuron,Neuroblast_AWC_SAAVx,245.0,210-270,ABpxpaaaaa
CTTGGCTAGCCACCTG-300.1.3,,,190.0,170-210,ABpxpppaaa
CTTTGCGGTAAGGGAA-300.1.3,,,200.0,170-210,ABpxpaaaa
GAAACTCAGCGTTTAC-300.1.3,,,295.0,270-330,ABpxpapaaa
GAAACTCTCACGAAGG-300.1.3,,,295.0,270-330,ABpxppappa
GAAATGACATCCAACA-300.1.3,,,320.0,270-330,ABpxppappp
GAACATCTCTACTATC-300.1.3,,,210.0,210-270,ABpxpaaapp
GAACCTACATGATCCA-300.1.3,,Parent_of_tail_spike_and_hyp10,260.0,210-270,ABpxpppppp
GAACCTAGTGATGTCT-300.1.3,,,195.0,170-210,ABpxppappp
GAACGGACACATGACT-300.1.3,,,200.0,170-210,ABpxppapap
GAACGGAGTAGCGCTC-300.1.3,Ciliated_non_amphid_neuron,,245.0,210-270,ABpxpaaapp
GACACGCGTTCGCGAC-300.1.3,Ciliated_non_amphid_neuron,,245.0,210-270,ABpxpaaapp
GACAGAGCAGTGGGAT-300.1.3,,,270.0,270-330,ABpxpapaap
GACAGAGTCAACACCA-300.1.3,,,300.0,270-330,ABpxpaaapa
GACCTGGAGTATGACA-300.1.3,Ciliated_amphid_neuron,,205.0,170-210,ABpxpaaaa
GACGCGTAGATCACGG-300.1.3,,,230.0,210-270,ABpxppppaa
GACGGCTAGACAAGCC-300.1.3,,,220.0,210-270,ABpxpppaaa
GACGGCTGTACCCAAT-300.1.3,Ciliated_non_amphid_neuron,,220.0,210-270,ABpxpaappp
GACGTGCTCGGCGGTT-300.1.3,,,200.0,170-210,ABpxppppp
GACGTTAAGGATATAC-300.1.3,,Parents_of_PHsh_hyp8_hyp9,270.0,270-330,ABpxpppapa
GACGTTACACGAAGCA-300.1.3,,,265.0,210-270,ABpxpapapa
GACTACAAGCCATCGC-300.1.3,Parent_of_exc_gland_AVK,,260.0,210-270,ABpxpapapa
GACTACAGTCACACGC-300.1.3,,RIC_parent,300.0,270-330,ABpxppaaaap
GACTGCGCAAGCCATT-300.1.3,,,190.0,170-210,ABpxpapaa
GACTGCGGTCATTAGC-300.1.3,,,265.0,210-270,ABpxpppaaa
GACTGCGTCGCTAGCG-300.1.3,,,230.0,210-270,ABpxpaaapa
GAGCAGAGTCGAACAG-300.1.3,,,270.0,270-330,ABpxpapaaa
GAGGTGAAGTCAATAG-300.1.3,,,280.0,270-330,ABpxppappa
GAGGTGATCTGCGTAA-300.1.3,,,225.0,210-270,ABpxpppaaa
GAGTCCGGTCACAAGG-300.1.3,,,270.0,270-330,ABpxpaapaa
GATCAGTCACGACGAA-300.1.3,Ciliated_amphid_neuron,Neuroblast_AWC_SAAVx,260.0,210-270,ABpxpaaaaa
GATCGTAAGTTTCCTT-300.1.3,,,300.0,270-330,ABpxpapaaa
GATCGTATCTCAAACG-300.1.3,,,290.0,270-330,ABpxppapaa
GATCTAGAGTACGACG-300.1.3,,RIM_parent,260.0,210-270,ABpxppaapa
GATGAAAAGACAGACC-300.1.3,,,270.0,270-330,ABpxpapaap
GATGAGGGTTGACGTT-300.1.3,,Parents_of_PHsh_hyp8_hyp9,275.0,270-330,ABpxpppaap
GATGAGGTCACAACGT-300.1.3,,,220.0,210-270,ABpxpaaapa
GATTCAGTCCCAACGG-300.1.3,Ciliated_non_amphid_neuron,,260.0,210-270,ABpxpaaapp
GCAAACTTCTGTTTGT-300.1.3,Parent_of_exc_gland_AVK,,270.0,270-330,ABpxpapapa
GCACATAGTCCGAAGA-300.1.3,,,265.0,210-270,ABpxpaapap
GCACTCTTCTGTCAAG-300.1.3,,,285.0,270-330,ABpxpppaaa
GCAGCCAAGTGGACGT-300.1.3,,,170.0,170-210,ABpxppppa
GCAGCCAAGTGTGAAT-300.1.3,,Neuroblast_PVC_LUA,345.0,330-390,ABpxpppaapa
GCAGTTACACAGAGGT-300.1.3,,,210.0,210-270,ABpxppppaa
GCAGTTAGTTTAGGAA-300.1.3,,,170.0,170-210,ABpxppapa
GCATACACACTTCTGC-300.1.3,,,180.0,170-210,ABpxpppap
GCCAAATAGAGTAAGG-300.1.3,,AMso_parent,260.0,210-270,ABpxpaapap
GCCTCTAAGGACAGCT-300.1.3,Ciliated_amphid_neuron,ASH,345.0,330-390,ABpxpaappaa
GCCTCTACATTATCTC-300.1.3,,,280.0,270-330,ABpxpaapaa
GCCTCTAGTTACTGAC-300.1.3,,,275.0,270-330,ABpxppapap
GCGACCACATCTCCCA-300.1.3,Ciliated_amphid_neuron,,200.0,170-210,ABpxpaaaap
GCGAGAAAGATGGCGT-300.1.3,Ciliated_non_amphid_neuron,,260.0,210-270,ABpxpaaapp
GCGCAACAGGCGCTCT-300.1.3,,,270.0,270-330,ABpxpapapp
GCGCAACGTAACGACG-300.1.3,,,275.0,270-330,ABpxppapaa
GCGCAACTCAACACTG-300.1.3,,,220.0,210-270,ABpxpaaapp
GCGCAGTCATGGGACA-300.1.3,,,275.0,270-330,ABpxppappa
GCGCAGTTCCAAAGTC-300.1.3,,,215.0,210-270,ABpxpaaaa
GCGCAGTTCCGCAAGC-300.1.3,,,260.0,210-270,ABpxpaaapp
GCGCCAAAGAAACCAT-300.1.3,,,260.0,210-270,ABpxppappp
GCGCGATGTGTCTGAT-300.1.3,,,270.0,270-330,ABpxpaapaa
GCTCCTACAGTAAGAT-300.1.3,,,300.0,270-330,ABpxpapaaa
GCTCCTATCCTAGGGC-300.1.3,Ciliated_non_amphid_neuron,,245.0,210-270,ABpxpaappp
GCTCTGTAGCGTAATA-300.1.3,,,280.0,270-330,ABpxpppaaa
GCTGCAGGTGTGGCTC-300.1.3,,,280.0,270-330,ABpxppppp
GCTGCTTTCTCTGCTG-300.1.3,,,210.0,210-270,ABpxppapa
GCTTCCACACCATCCT-300.1.3,,,205.0,170-210,ABpxppaaaa
GCTTGAATCTGTACGA-300.1.3,,,260.0,210-270,ABpxppaapa
GCTTGAATCTTGAGAC-300.1.3,,Neuroblast_PVC_LUA,290.0,270-330,ABpxpppaapa
GGAAAGCGTCGAATCT-300.1.3,,,265.0,210-270,ABpxppaapp
GGAACTTGTTGTTTGG-300.1.3,,,300.0,270-330,ABpxpapaaa
GGAACTTTCGTCCGTT-300.1.3,,,270.0,270-330,ABpxpapaaa
GGAACTTTCGTCTGAA-300.1.3,Ciliated_amphid_neuron,Neuroblast_AWC_SAAVx,245.0,210-270,ABpxpaaaaa
GGAATAACACTGTTAG-300.1.3,,RIC_parent,310.0,270-330,ABpxppaaaap
GGAATAAGTCCGACGT-300.1.3,,,230.0,210-270,ABpxpaaapp
GGAATAATCAGCCTAA-300.1.3,,,245.0,210-270,ABpxppaapp
GGAATAATCCAAATGC-300.1.3,Ciliated_amphid_neuron,,200.0,170-210,ABpxpaaaap
GGAATAATCGAATGCT-300.1.3,,,200.0,170-210,ABpxppppap
GGACAAGGTTCGTGAT-300.1.3,,,275.0,270-330,ABpxppapap
GGACAGATCCCTTGTG-300.1.3,,,300.0,270-330,ABpxpppppa
GGACATTAGCTAAGAT-300.1.3,,,190.0,170-210,ABpxppaa
GGACATTTCAGAGCTT-300.1.3,,,270.0,270-330,ABpxpapaaa
GGACGTCAGGCCCTTG-300.1.3,,,275.0,270-330,ABpxppappa
GGACGTCCACAGATTC-300.1.3,,,225.0,210-270,ABpxpaaapa
GGACGTCGTCCCTTGT-300.1.3,,AMso_parent,260.0,210-270,ABpxpaapap
GGAGCAATCTTGCAAG-300.1.3,,,230.0,210-270,ABpxppppap
GGATGTTTCATGCATG-300.1.3,,,285.0,270-330,ABpxpapapp
GGATTACGTGAAATCA-300.1.3,,RIM_parent,270.0,270-330,ABpxppaapa
GGATTACGTTAAGTAG-300.1.3,,,210.0,210-270,ABpxpppppp
GGATTACGTTATTCTC-300.1.3,,,245.0,210-270,ABpxpapaaa
GGCAATTGTCTCCACT-300.1.3,,,290.0,270-330,ABpxpaaapa
GGCCGATTCATGGTCA-300.1.3,,,185.0,170-210,ABpxppapa
GGCCGATTCCTTCAAT-300.1.3,,AMso_parent,285.0,270-330,ABpxpaapap
GGCGACTTCTTCCTTC-300.1.3,,,210.0,210-270,ABpxppppaa
GGCTCGAAGAGACTAT-300.1.3,,,205.0,170-210,ABpxpaaaaa
GGCTCGATCGCAAGCC-300.1.3,Ciliated_amphid_neuron,Neuroblast_ASH_RIB,275.0,270-330,ABpxpaappa
GGGAATGTCGGCTACG-300.1.3,,,300.0,270-330,ABpxpaaapa
GGGACCTAGCCCGAAA-300.1.3,,,270.0,270-330,ABpxpapaaa
GGGAGATAGCCTCGTG-300.1.3,,,290.0,270-330,ABpxppaaaa
GGGAGATCAGGAACGT-300.1.3,,,200.0,170-210,ABpxppppp
GGGATGAAGACAAGCC-300.1.3,,,200.0,170-210,ABpxppapap
GGGATGACATAGGATA-300.1.3,,,275.0,270-330,ABpxpppaaa
GGGCACTCAGTCACTA-300.1.3,,,260.0,210-270,ABpxppaaaa
GGGCATCCATCTACGA-300.1.3,,,200.0,170-210,ABpxpppaaa
GGGTTGCGTGCCTTGG-300.1.3,,,260.0,210-270,ABpxpapaaa
GGTGAAGGTAGTACCT-300.1.3,,,285.0,270-330,ABpxppaaaa
GGTGCGTAGGCTCTTA-300.1.3,,,275.0,270-330,ABpxpapapa
GGTGCGTTCCTAGTGA-300.1.3,,,270.0,270-330,ABpxpppaaa
GGTGTTATCCCTCAGT-300.1.3,,,300.0,270-330,ABpxppapap
GTAACGTAGAGTACCG-300.1.3,,,230.0,210-270,ABpxppapaa
GTAACGTAGCAGCCTC-300.1.3,,Parents_of_PHsh_hyp8_hyp9,270.0,270-330,ABpxpppapa
GTAACGTCACCGGAAA-300.1.3,,,300.0,270-330,ABpxpapaap
GTACGTAAGAGTGAGA-300.1.3,,,260.0,210-270,ABpxpaapaa
GTACTCCAGGATGGTC-300.1.3,,,290.0,270-330,ABpxpaaaap
GTAGGCCCAAGTCTGT-300.1.3,,,180.0,170-210,ABpxpppaa
GTAGTCATCAAACCGT-300.1.3,Ciliated_non_amphid_neuron,,260.0,210-270,ABpxpaaapp
GTATTCTTCTGTCTAT-300.1.3,,,270.0,270-330,ABpxppppap
GTCAAGTGTTCTGGTA-300.1.3,,,275.0,270-330,ABpxpppaap
GTCACAATCCTCTAGC-300.1.3,,RIM_parent,275.0,270-330,ABpxppaapa
GTCATTTAGACTACAA-300.1.3,,,230.0,210-270,ABpxpppapa
GTCCTCAAGAGGGATA-300.1.3,,AMso_parent,290.0,270-330,ABpxpaapap
GTCGGGTCAAGTACCT-300.1.3,,,285.0,270-330,ABpxppaaaa
GTCGTAAAGATAGGAG-300.1.3,,,300.0,270-330,ABpxpppaaa
GTCGTAAAGTGTCCAT-300.1.3,,,180.0,170-210,ABpxpppa
GTCGTAAGTACCATCA-300.1.3,,,300.0,270-330,ABpxppapaa
GTCTTCGAGTTTCCTT-300.1.3,,RIC_parent,300.0,270-330,ABpxppaaaap
GTCTTCGCAGTAAGCG-300.1.3,,,275.0,270-330,ABpxppapaa
GTCTTCGGTTCCCGAG-300.1.3,,,170.0,170-210,ABpxppaapp
GTGAAGGCATCAGTAC-300.1.3,,RIM_parent,260.0,210-270,ABpxppaapa
GTGAAGGGTAGCGTGA-300.1.3,,,210.0,210-270,ABpxpaaaap
GTGCATAGTTCGCTAA-300.1.3,,,300.0,270-330,ABpxpppppa
GTGCGGTGTCTAGCCG-300.1.3,,,190.0,170-210,ABpxppapa
GTGCGGTGTCTGCAAT-300.1.3,,,300.0,270-330,ABpxpppppa
GTGCGGTTCCGCATAA-300.1.3,,,260.0,210-270,ABpxpppaap
GTGCTTCTCCACGAAT-300.1.3,,,270.0,270-330,ABpxpppppa
GTGCTTCTCTCTTATG-300.1.3,,,230.0,210-270,ABpxpppaap
GTGGGTCAGCAGGTCA-300.1.3,,,270.0,270-330,ABpxpaaapa
GTGTGCGAGTGGGTTG-300.1.3,,,260.0,210-270,ABpxppappa
GTGTTAGGTTAAAGAC-300.1.3,,,300.0,270-330,ABpxppappp
GTGTTAGTCCACGAAT-300.1.3,,RIM_parent,300.0,270-330,ABpxppaapa
GTTAAGCAGGTGCACA-300.1.3,Ciliated_amphid_neuron,Neuroblast_AWC_SAAVx,260.0,210-270,ABpxpaaaaa
GTTAAGCGTCTGGAGA-300.1.3,,,170.0,170-210,ABpxpppap
GTTAAGCGTGTCTGAT-300.1.3,,,300.0,270-330,ABpxpapapa
GTTACAGGTAATTGGA-300.1.3,,,285.0,270-330,ABpxpapaap
GTTACAGTCTGATTCT-300.1.3,Ciliated_amphid_neuron,Neuroblast_ASH_RIB,270.0,270-330,ABpxpaappa
GTTCGGGCATACAGCT-300.1.3,,Neuroblast_PVC_LUA,300.0,270-330,ABpxpppaapa
GTTCTCGGTCTAAACC-300.1.3,,RIM_parent,270.0,270-330,ABpxppaapa
GTTTCTAGTCCGAAGA-300.1.3,,,195.0,170-210,ABpxppappa
TAAGAGACATGTTCCC-300.1.3,Ciliated_amphid_neuron,Neuroblast_AWC_SAAVx,260.0,210-270,ABpxpaaaaa
TAAGCGTAGATCACGG-300.1.3,,,210.0,210-270,ABpxppaapa
TACACGAAGATACACA-300.1.3,,,270.0,270-330,ABpxppapap
TACAGTGCAGCCTTGG-300.1.3,,,260.0,210-270,ABpxppappa
TACAGTGGTTCCGTCT-300.1.3,,,260.0,210-270,ABpxpppppa
TACAGTGTCCAGAAGG-300.1.3,,,200.0,170-210,ABpxpapapp
TACAGTGTCTGAAAGA-300.1.3,Ciliated_amphid_neuron,Neuroblast_AWC_SAAVx,210.0,210-270,ABpxpaaaaa
TACCTATAGGGTCTCC-300.1.3,Ciliated_non_amphid_neuron,,260.0,210-270,ABpxpaappp
TACCTATCATTCCTGC-300.1.3,,DB,300.0,270-330,ABpxpaaaap
TACCTATTCAACCAAC-300.1.3,,,270.0,270-330,ABpxppappa
TACCTATTCCATGAGT-300.1.3,Ciliated_amphid_neuron,Neuroblast_AWC_SAAVx,270.0,270-330,ABpxpaaaaa
TACCTATTCTTACCTA-300.1.3,Pharyngeal_neuron,,225.0,210-270,ABpxpppa
TACCTTAGTATCGCAT-300.1.3,,,205.0,170-210,ABpxpaaapp
TACCTTAGTCCATCCT-300.1.3,,,175.0,170-210,ABpxppapa
TACGGATCATCCGGGT-300.1.3,,,245.0,210-270,ABpxppapaa
TACTCATAGCTACCGC-300.1.3,,Parent_of_tail_spike_and_hyp10,270.0,270-330,ABpxpppppp
TACTCATAGCTGTCTA-300.1.3,Parent_of_exc_gland_AVK,,260.0,210-270,ABpxpapapa
TACTCGCGTATTAGCC-300.1.3,,,300.0,270-330,ABpxppapaa
TACTTACCACAGAGGT-300.1.3,,,290.0,270-330,ABpxpapapp
TACTTACGTACCGAGA-300.1.3,,,200.0,170-210,ABpxppppp
TACTTACTCTCGATGA-300.1.3,,,270.0,270-330,ABpxpaaaaa
TACTTGTAGAAACGAG-300.1.3,Parent_of_exc_gland_AVK,,280.0,270-330,ABpxpapapa
TACTTGTGTAGGGACT-300.1.3,,,260.0,210-270,ABpxpaaapa
TAGACCAGTCCCTACT-300.1.3,Ciliated_amphid_neuron,Neuroblast_AWC_SAAVx,230.0,210-270,ABpxpaaaaa
TAGACCAGTTATCGGT-300.1.3,,,260.0,210-270,ABpxpaapaa
TAGACCAGTTGATTCG-300.1.3,,,300.0,270-330,ABpxppappa
TAGAGCTAGGGCTTCC-300.1.3,Parent_of_exc_gland_AVK,,260.0,210-270,ABpxpapapa
TAGAGCTCACTATCTT-300.1.3,,,300.0,270-330,ABpxppapap
TAGCCGGCACAACGCC-300.1.3,,,260.0,210-270,ABpxppaapp
TAGCCGGCATAGGATA-300.1.3,,Parents_of_PHsh_hyp8_hyp9,270.0,270-330,ABpxpppapa
TAGGCATGTTTGACTG-300.1.3,,,290.0,270-330,ABpxpapaaa
TAGTGGTTCCCAGGTG-300.1.3,Ciliated_amphid_neuron,ASH,345.0,330-390,ABpxpaappaa
TAGTTGGGTCATGCCG-300.1.3,,,290.0,270-330,ABpxpaaapa
TAGTTGGGTTGATTCG-300.1.3,,RIC_parent,300.0,270-330,ABpxppaaaap
TATCAGGCAGGATTGG-300.1.3,,,270.0,270-330,ABpxpaapaa
TATCAGGGTACTTCTT-300.1.3,,,230.0,210-270,ABpxpppapa
TATCAGGGTCGATTGT-300.1.3,,,300.0,270-330,ABpxpppppa
TATTACCAGACCGGAT-300.1.3,,,260.0,210-270,ABpxpppppp
TATTACCAGGACACCA-300.1.3,,AMso_parent,290.0,270-330,ABpxpaapap
TATTACCCACGGTGTC-300.1.3,Ciliated_amphid_neuron,Neuroblast_AWC_SAAVx,260.0,210-270,ABpxpaaaaa
TCAACGAGTGATAAGT-300.1.3,,,280.0,270-330,ABpxpppppa
TCACAAGAGATCCCGC-300.1.3,Ciliated_non_amphid_neuron,,270.0,270-330,ABpxpaappp
TCACAAGCAAGCCGTC-300.1.3,,,220.0,210-270,ABpxppppaa
TCACAAGGTGCTCTTC-300.1.3,,Parent_of_tail_spike_and_hyp10,230.0,210-270,ABpxpppppp
TCACAAGTCAAAGTAG-300.1.3,Parent_of_exc_gland_AVK,,260.0,210-270,ABpxpapapa
TCACAAGTCTTGGGTA-300.1.3,,,230.0,210-270,ABpxpaapaa
TCACGAAAGCCACGCT-300.1.3,,,230.0,210-270,ABpxppaaaa
TCACGAATCGTATCAG-300.1.3,,,200.0,170-210,ABpxpaaap
TCAGATGAGTACGCCC-300.1.3,,,200.0,170-210,ABpxpppaa
TCAGATGTCGTCTGAA-300.1.3,,,220.0,210-270,ABpxpppaap
TCAGCAAGTAAACACA-300.1.3,,,270.0,270-330,ABpxpapaap
TCAGCAAGTTTACTCT-300.1.3,,,265.0,210-270,ABpxpaapaa
TCAGCAATCACCGTAA-300.1.3,,,260.0,210-270,ABpxpppaa
TCAGCAATCTTGAGGT-300.1.3,,RIC_parent,245.0,210-270,ABpxppaaaap
TCAGCTCAGAGACTTA-300.1.3,,AMso_parent,265.0,210-270,ABpxpaapap
TCAGCTCCACCGAAAG-300.1.3,Ciliated_amphid_neuron,Neuroblast_ASH_RIB,260.0,210-270,ABpxpaappa
TCAGGATCACAGGAGT-300.1.3,,,230.0,210-270,ABpxppaaaa
TCAGGATGTTCGCGAC-300.1.3,,,195.0,170-210,ABpxppaaa
TCATTACGTTCCATGA-300.1.3,,,205.0,170-210,ABpxpaaaap
TCCACACAGGAGTCTG-300.1.3,,,270.0,270-330,ABpxppaapp
TCCACACCAGGCAGTA-300.1.3,,RIC_parent,280.0,270-330,ABpxppaaaap
TCCCGATCAGCTGTTA-300.1.3,,RIC_parent,300.0,270-330,ABpxppaaaap
TCCCGATGTGTTCGAT-300.1.3,,,200.0,170-210,ABpxppppp
TCGAGGCGTGACCAAG-300.1.3,,,200.0,170-210,ABpxppaaa
TCGAGGCTCGCTTAGA-300.1.3,,,285.0,270-330,ABpxpaaapa
TCGGGACCATTCTTAC-300.1.3,,,190.0,170-210,ABpxppapa
TCGGGACGTAATCACC-300.1.3,,,270.0,270-330,ABpxpapaaa
TCGGTAAAGGCTCTTA-300.1.3,Ciliated_non_amphid_neuron,,260.0,210-270,ABpxpaaapp
TCGTAGAAGACACTAA-300.1.3,,RIM,310.0,270-330,ABpxppaapap
TCGTAGAAGGGCTCTC-300.1.3,,,230.0,210-270,ABpxpppppp
TCTATTGTCCGCATAA-300.1.3,,,230.0,210-270,ABpxpppapa
TCTCATAAGCGATCCC-300.1.3,,,260.0,210-270,ABpxpppaap
TCTCATAAGTGGTCCC-300.1.3,,,190.0,170-210,ABpxppapa
TCTCATAGTATGAAAC-300.1.3,,,300.0,270-330,ABpxppapap
TCTCATATCAGCTGGC-300.1.3,,,230.0,210-270,ABpxppappp
TCTCATATCCTAGAAC-300.1.3,,,200.0,170-210,ABpxppaaaa
TCTCATATCTGTCAAG-300.1.3,Ciliated_amphid_neuron,Neuroblast_AWC_SAAVx,265.0,210-270,ABpxpaaaaa
TCTTTCCGTAAGCACG-300.1.3,,,300.0,270-330,ABpxppapaa
TCTTTCCTCTCAAACG-300.1.3,,,170.0,170-210,ABpxpppaa
TGAAAGAAGCAGACTG-300.1.3,,,260.0,210-270,ABpxppaaaa
TGACAACGTTTGTTTC-300.1.3,,Parents_of_U_F_B_DVA,260.0,210-270,ABpxppppap
TGACGGCTCACCACCT-300.1.3,,,170.0,170-210,ABpxpppap
TGACTAGGTCATATCG-300.1.3,Ciliated_amphid_neuron,Neuroblast_AWC_SAAVx,260.0,210-270,ABpxpaaaaa
TGACTTTGTTCAGCGC-300.1.3,,RIC_parent,320.0,270-330,ABpxppaaaap
TGAGCATGTTCTCATT-300.1.3,,,195.0,170-210,ABpxppaaaa
TGAGCATTCGACCAGC-300.1.3,,,260.0,210-270,ABpxppappa
TGAGCATTCGGCGGTT-300.1.3,Parent_of_exc_gland_AVK,,265.0,210-270,ABpxpapapa
TGAGCCGCAGGCTGAA-300.1.3,,,220.0,210-270,ABpxppppaa
TGAGCCGGTACAGACG-300.1.3,,,295.0,270-330,ABpxppaapp
TGAGGGAAGCATGGCA-300.1.3,,,200.0,170-210,ABpxpaaaa
TGAGGGACAGCAGTTT-300.1.3,Ciliated_non_amphid_neuron,,260.0,210-270,ABpxpaaapp
TGATTTCAGGCATGGT-300.1.3,,,300.0,270-330,ABpxppapap
TGCACCTTCCCAAGAT-300.1.3,,,260.0,210-270,ABpxpapaap
TGCCAAAAGCCTCGTG-300.1.3,,,300.0,270-330,ABpxpapaap
TGCCAAAAGGGCATGT-300.1.3,Parent_of_exc_gland_AVK,,275.0,270-330,ABpxpapapa
TGCCAAAGTATAGGGC-300.1.3,,,215.0,210-270,ABpxppapap
TGCCCATAGTATCTCG-300.1.3,,,230.0,210-270,ABpxpppaap
TGCCCATTCGCTGATA-300.1.3,,,190.0,170-210,ABpxpapap
TGCCCTATCTCATTCA-300.1.3,,,270.0,270-330,ABpxppappa
TGCGGGTGTCACCCAG-300.1.3,,,190.0,170-210,ABpxppaaa
TGCGTGGTCGCCTGTT-300.1.3,,,285.0,270-330,ABpxppaaaa
TGCTGCTCACTACAGT-300.1.3,,,270.0,270-330,ABpxpppaap
TGGACGCCAAGGTTTC-300.1.3,,Parent_of_PVP_and_rect_V,330.0,330-390,ABpxppppaa
TGGCCAGAGCGATGAC-300.1.3,,,260.0,210-270,ABpxpppppa
TGGCCAGCAAGCCGCT-300.1.3,,Parents_of_Y_DA6_DA7_DA9,265.0,210-270,ABpxpppaaa
TGGCCAGTCGTCACGG-300.1.3,,AMso_parent,260.0,210-270,ABpxpaapap
TGGCGCAGTAGAGTGC-300.1.3,Ciliated_non_amphid_neuron,,260.0,210-270,ABpxpaaapp
TGGCTGGAGGCCCTCA-300.1.3,,,290.0,270-330,ABpxppapaa
TGGCTGGCAATCCGAT-300.1.3,,,285.0,270-330,ABpxpapaaa
TGGCTGGTCGCAAGCC-300.1.3,,,230.0,210-270,ABpxpaaapa
TGGGAAGCACCAGGTC-300.1.3,,,245.0,210-270,ABpxpapaa
TGGGAAGCAGCTGCAC-300.1.3,,,170.0,170-210,ABpxpppap
TGGGAAGGTTGCGCAC-300.1.3,,,170.0,170-210,ABpxppapa
TGGGCGTCAACGATGG-300.1.3,,,270.0,270-330,ABpxpppaap
TGTATTCTCTCTTGAT-300.1.3,,RIC_parent,300.0,270-330,ABpxppaaaap
TGTCCCAGTCGTCTTC-300.1.3,,,200.0,170-210,ABpxpaaap
TGTCCCATCCGAGCCA-300.1.3,,,220.0,210-270,ABpxpppaaa
TGTGGTACAATCACAC-300.1.3,Ciliated_amphid_neuron,Neuroblast_ASH_RIB,260.0,210-270,ABpxpaappa
TGTGGTAGTTAGAACA-300.1.3,,,260.0,210-270,ABpxppaaa
TGTTCCGAGGCCCTCA-300.1.3,,,190.0,170-210,ABpxppppap
TGTTCCGCACCAGGCT-300.1.3,,Parents_of_U_F_B_DVA,270.0,270-330,ABpxppppap
TGTTCCGCATATGAGA-300.1.3,,AMso_parent,260.0,210-270,ABpxpaapap
TTAGGACCACATTAGC-300.1.3,Ciliated_non_amphid_neuron,,260.0,210-270,ABpxpaaapp
TTAGGACCATGTAGTC-300.1.3,,,220.0,210-270,ABpxppppap
TTAGGCAAGCCTATGT-300.1.3,,,210.0,210-270,ABpxppppaa
TTATGCTAGAGCCCAA-300.1.3,,RIM_parent,295.0,270-330,ABpxppaapa
TTCCCAGAGCTACCTA-300.1.3,,,190.0,170-210,ABpxppppp
TTCCCAGCACCGCTAG-300.1.3,,,200.0,170-210,ABpxppppp
TTCCCAGGTTCAGCGC-300.1.3,Ciliated_amphid_neuron,Neuroblast_ASH_RIB,260.0,210-270,ABpxpaappa
TTCGAAGCAGACAAGC-300.1.3,,,170.0,170-210,ABpxpppaaa
TTCTACAAGGACACCA-300.1.3,,RIC_parent,300.0,270-330,ABpxppaaaap
TTCTCCTAGAGTGAGA-300.1.3,,,170.0,170-210,ABpxppppa
TTCTCCTAGGATGGTC-300.1.3,,Parents_of_PHsh_hyp8_hyp9,270.0,270-330,ABpxpppapa
TTCTCCTGTACCGTAT-300.1.3,,,270.0,270-330,ABpxpapaaa
TTGAACGCACGAGGTA-300.1.3,,,260.0,210-270,ABpxpaaapa
TTGACTTCAGCTCCGA-300.1.3,,,280.0,270-330,ABpxppaaaa
TTGCCGTAGATCGATA-300.1.3,,AMso_parent,285.0,270-330,ABpxpaapap
TTGCGTCTCAACGCTA-300.1.3,,,220.0,210-270,ABpxpaapa
TTGCGTCTCAGCTGGC-300.1.3,,,300.0,270-330,ABpxpapaaa
TTGGCAATCATGCATG-300.1.3,,,300.0,270-330,ABpxppappp
TTTATGCCAGCCTTGG-300.1.3,,,260.0,210-270,ABpxppaaa
TTTATGCGTGTTAAGA-300.1.3,,,190.0,170-210,ABpxppappp
TTTATGCTCGGATGTT-300.1.3,,,245.0,210-270,ABpxppaaaa
TTTGCGCTCTGCGACG-300.1.3,,AMso_parent,285.0,270-330,ABpxpaapap
TTTGTCACAAACTGCT-300.1.3,,,260.0,210-270,ABpxpapaaa
TTTGTCAGTCGTTGTA-300.1.3,,,260.0,210-270,ABpxppappa
AAAGATGAGTTGCAGG-400.2.1,,,285.0,270-330,ABpxppaaaa
AAAGATGGTGACGCCT-400.2.1,Glia,AMso,370.0,330-390,ABpxpaapapa
AAAGATGGTGGCTCCA-400.2.1,Ciliated_amphid_neuron,Neuroblast_ASH_RIB,245.0,210-270,ABpxpaappa
AAAGCAAAGGACATTA-400.2.1,,,275.0,270-330,ABpxpapaaa
AAAGCAAAGTGAACAT-400.2.1,,,285.0,270-330,ABpxppaaaa
AAAGCAACATGATCCA-400.2.1,,,300.0,270-330,ABpxppppaa
AAAGCAATCTACTCAT-400.2.1,Glia,AMso,365.0,330-390,ABpxpaapapa
AAAGTAGGTTGGTAAA-400.2.1,Ciliated_amphid_neuron,ASH,380.0,330-390,ABpxpaappaa
AAAGTAGTCGGCTTGG-400.2.1,,,270.0,270-330,ABpxppaaa
AAATGCCGTGCACCAC-400.2.1,,Parents_of_U_F_B_DVA,280.0,270-330,ABpxppppap
AAATGCCGTTATCGGT-400.2.1,Ciliated_amphid_neuron,ASH,390.0,390-450,ABpxpaappaa
AACACGTGTAAGGATT-400.2.1,,,175.0,170-210,ABpxpaapp
AACACGTGTAATCGTC-400.2.1,,,190.0,170-210,ABpxppapp
AACCATGGTACTCTCC-400.2.1,Excretory_gland,,355.0,330-390,ABpxpapapaa
AACGTTGCACAGAGGT-400.2.1,Parent_of_exc_duct_pore_DB_1_3,,270.0,270-330,ABpxpaaaap
AACTCAGAGGCCGAAT-400.2.1,,,260.0,210-270,ABpxpppppa
AACTGGTTCCGCAAGC-400.2.1,Ciliated_amphid_neuron,AWC,440.0,390-450,ABpxpaaaaap
AAGCCGCCAGCGTCCA-400.2.1,,RIM_parent,260.0,210-270,ABpxppaapa
AAGGAGCAGTTTCCTT-400.2.1,,,285.0,270-330,ABpxppppap
AAGGAGCTCTGCCCTA-400.2.1,,,300.0,270-330,ABpxppaaaa
AAGGCAGGTGTGCGTC-400.2.1,,,190.0,170-210,ABpxppappp
AAGGCAGTCCGCGCAA-400.2.1,Ciliated_non_amphid_neuron,,260.0,210-270,ABpxpaaapp
AAGGTTCCAGGCTGAA-400.2.1,,Parents_of_U_F_B_DVA,245.0,210-270,ABpxppppap
AATCCAGAGTCCTCCT-400.2.1,Ciliated_non_amphid_neuron,,230.0,210-270,ABpxpaaapp
AATCCAGAGTCTCAAC-400.2.1,,,260.0,210-270,ABpxpppapa
AATCCAGCACCAGTTA-400.2.1,Ciliated_non_amphid_neuron,,220.0,210-270,ABpxpaappp
AATCCAGCATTCTCAT-400.2.1,Ciliated_non_amphid_neuron,,265.0,210-270,ABpxpaappp
AATCGGTCACACCGCA-400.2.1,,SIA,370.0,330-390,ABpxpapaapa/ABpxpapappa
AATCGGTTCATCACCC-400.2.1,,,300.0,270-330,ABpxpppppa
ACACCCTAGTAGATGT-400.2.1,Ciliated_amphid_neuron,Neuroblast_AWC_SAAVx,245.0,210-270,ABpxpaaaaa
ACACCCTCAAGTCTAC-400.2.1,,Neuroblast_PVC_LUA,290.0,270-330,ABpxpppaapa
ACACCGGTCATTGCCC-400.2.1,,,280.0,270-330,ABpxpapapp
ACACCGGTCCACTCCA-400.2.1,,DB,340.0,330-390,ABpxpaaaap
ACACTGAAGGTGTTAA-400.2.1,Glia,AMso,410.0,390-450,ABpxpaapapa
ACACTGATCACGCGGT-400.2.1,Ciliated_amphid_neuron,ASH,350.0,330-390,ABpxpaappaa
ACAGCCGAGCCTATGT-400.2.1,Ciliated_amphid_neuron,Neuroblast_AWC_SAAVx,295.0,270-330,ABpxpaaaaa
ACAGCCGGTCGGATCC-400.2.1,,,270.0,270-330,ABpxpapaaa
ACAGCCGGTGCTGTAT-400.2.1,Ciliated_amphid_neuron,Neuroblast_AWC_SAAVx,260.0,210-270,ABpxpaaaaa
ACAGCCGTCTAACCGA-400.2.1,Glia,AMso,365.0,330-390,ABpxpaapapa
ACAGCTAAGATGCCAG-400.2.1,,,200.0,170-210,ABpxpapaa
ACAGCTACACGTCTCT-400.2.1,,,205.0,170-210,ABpxpaaaa
ACATACGAGGGCTCTC-400.2.1,,,230.0,210-270,ABpxppaapp
ACATACGAGGGCTTCC-400.2.1,Ciliated_amphid_neuron,Neuroblast_ASH_RIB,280.0,270-330,ABpxpaappa
ACATACGGTTCATGGT-400.2.1,,,320.0,270-330,ABpxppapaa
ACATCAGGTTTACTCT-400.2.1,,RIC_parent,330.0,330-390,ABpxppaaaap
ACATCAGGTTTGGCGC-400.2.1,Ciliated_amphid_neuron,ASH,350.0,330-390,ABpxpaappaa
ACCAGTATCGCATGAT-400.2.1,,,300.0,270-330,ABpxppapap
ACCAGTATCGGAATCT-400.2.1,,Parent_of_tail_spike_and_hyp10,260.0,210-270,ABpxpppppp
ACCAGTATCTTCCTTC-400.2.1,Excretory_gland,,390.0,390-450,ABpxpapapaa
ACCCACTTCCTAGAAC-400.2.1,Ciliated_amphid_neuron,ASH,425.0,390-450,ABpxpaappaa
ACCGTAAAGGACATTA-400.2.1,,,300.0,270-330,ABpxpapaap
ACCTTTAGTGATGTGG-400.2.1,,,210.0,210-270,ABpxpaaaap
ACCTTTAGTGTTGAGG-400.2.1,,,190.0,170-210,ABpxppppa
ACGAGCCCACAAGTAA-400.2.1,,,295.0,270-330,ABpxppappa
ACGAGCCGTGCCTGGT-400.2.1,,,200.0,170-210,ABpxppapap
ACGATACGTCAACATC-400.2.1,,,245.0,210-270,ABpxpaaaa
ACGCAGCAGCGGATCA-400.2.1,Ciliated_amphid_neuron,Neuroblast_AWC_SAAVx,265.0,210-270,ABpxpaaaaa
ACGCAGCAGGCTCAGA-400.2.1,Ciliated_non_amphid_neuron,,260.0,210-270,ABpxpaappp
ACGCAGCTCGCGCCAA-400.2.1,,,350.0,330-390,ABpxpapaap
ACGCCGACATCACAAC-400.2.1,,Neuroblast_PVC_LUA,300.0,270-330,ABpxpppaapa
ACGGAGAGTATAATGG-400.2.1,Ciliated_amphid_neuron,ASH,390.0,390-450,ABpxpaappaa
ACGGCCAAGGCAATTA-400.2.1,,Neuroblast_PVC_LUA,300.0,270-330,ABpxpppaapa
ACGGCCAGTTCCACAA-400.2.1,Ciliated_amphid_neuron,Neuroblast_ASH_RIB,260.0,210-270,ABpxpaappa
ACGGGCTAGGAGTCTG-400.2.1,,,285.0,270-330,ABpxpaaapa
ACGTCAATCACTTCAT-400.2.1,,,195.0,170-210,ABpxpaaap
ACGTCAATCCTGCAGG-400.2.1,,,260.0,210-270,ABpxppappp
ACTATCTGTCCAAGTT-400.2.1,,,300.0,270-330,ABpxppapaa
ACTGAACCATAGAAAC-400.2.1,,RIC_parent,310.0,270-330,ABpxppaaaap
ACTGAGTAGAACAACT-400.2.1,,,300.0,270-330,ABpxppaapp
ACTGATGCAACTGGCC-400.2.1,Ciliated_amphid_neuron,Neuroblast_AWC_SAAVx,220.0,210-270,ABpxpaaaaa
ACTGATGCAATGAATG-400.2.1,,RIV,350.0,330-390,ABpxpaapaaa
ACTGCTCGTAATTGGA-400.2.1,Ciliated_amphid_neuron,AWC,405.0,390-450,ABpxpaaaaap
ACTGTCCCAATGCCAT-400.2.1,Ciliated_amphid_neuron,Neuroblast_AWC_SAAVx,270.0,270-330,ABpxpaaaaa
ACTGTCCCAGCTTAAC-400.2.1,Ciliated_amphid_neuron,Neuroblast_AWC_SAAVx,220.0,210-270,ABpxpaaaaa
ACTGTCCTCACAATGC-400.2.1,,,285.0,270-330,ABpxppaaaa
ACTGTCCTCGTTGCCT-400.2.1,,,310.0,270-330,ABpxppapaa
ACTTACTCATTGTGCA-400.2.1,Excretory_gland,,420.0,390-450,ABpxpapapaa
ACTTACTTCAGCTCGG-400.2.1,,,300.0,270-330,ABpxppapap
ACTTACTTCGCATGAT-400.2.1,,AVK,365.0,330-390,ABpxpapapap
ACTTGTTTCCGCAGTG-400.2.1,,RIV,370.0,330-390,ABpxpaapaaa
ACTTTCAAGCGAAGGG-400.2.1,,,260.0,210-270,ABpxpapap
ACTTTCAGTTACTGAC-400.2.1,Glia,AMso,350.0,330-390,ABpxpaapapa
ACTTTCATCACGACTA-400.2.1,,,285.0,270-330,ABpxpapaaa
ACTTTCATCCCGGATG-400.2.1,,,205.0,170-210,ABpxpaaaap
ACTTTCATCTATGTGG-400.2.1,,Parents_of_U_F_B_DVA,260.0,210-270,ABpxppppap
AGAATAGGTCCGAATT-400.2.1,,,260.0,210-270,ABpxpapaaa
AGAATAGTCGGGAGTA-400.2.1,,RIM,450.0,450-510,ABpxppaapap
AGACGTTAGGCTAGGT-400.2.1,,AMso_parent,260.0,210-270,ABpxpaapap
AGACGTTGTTAGGGTG-400.2.1,,AIY,430.0,390-450,ABpxpapaaap
AGAGCGAGTAAGTTCC-400.2.1,,,300.0,270-330,ABpxppappp
AGAGCTTTCCGTCATC-400.2.1,Ciliated_amphid_neuron,Neuroblast_ASH_RIB,265.0,210-270,ABpxpaappa
AGAGTGGCAGACGCTC-400.2.1,Ciliated_non_amphid_neuron,,215.0,210-270,ABpxpaappp
AGAGTGGCAGGCAGTA-400.2.1,Ciliated_amphid_neuron,ASH,380.0,330-390,ABpxpaappaa
AGATCTGGTATAGGTA-400.2.1,Ciliated_amphid_neuron,Neuroblast_AWC_SAAVx,230.0,210-270,ABpxpaaaaa
AGATTGCAGCCACCTG-400.2.1,,,270.0,270-330,ABpxpaapaa
AGATTGCCAAGCGATG-400.2.1,Ciliated_amphid_neuron,Neuroblast_AWC_SAAVx,270.0,270-330,ABpxpaaaaa
AGATTGCGTGATGATA-400.2.1,,,260.0,210-270,ABpxpaaaap
AGATTGCTCAGCCTAA-400.2.1,,,260.0,210-270,ABpxpppppa
AGCAGCCTCTTCGGTC-400.2.1,,Neuroblast_PVC_LUA,300.0,270-330,ABpxpppaapa
AGCGGTCCATAGGATA-400.2.1,Excretory_duct_and_pore,,335.0,330-390,ABpxpaaaapa
AGCGGTCGTGGAAAGA-400.2.1,,,260.0,210-270,ABpxppappa
AGCGTATTCCCTCAGT-400.2.1,,,190.0,170-210,ABpxpppapa
AGCGTCGCATCGGTTA-400.2.1,,,265.0,210-270,ABpxpapapp
AGCGTCGGTTGAGGTG-400.2.1,,,215.0,210-270,ABpxppppaa
AGCTCCTGTAGCGCAA-400.2.1,Ciliated_non_amphid_neuron,,260.0,210-270,ABpxpaaapp
AGCTCCTGTGTGAAAT-400.2.1,,,210.0,210-270,ABpxpaapa
AGCTCTCGTCTCCACT-400.2.1,Excretory_duct_and_pore,,335.0,330-390,ABpxpaaaapa
AGCTCTCTCCAGTAGT-400.2.1,,,265.0,210-270,ABpxpapaa
AGCTTGACATTCCTGC-400.2.1,,,280.0,270-330,ABpxppaaaa
AGGCCACCACACATGT-400.2.1,Ciliated_amphid_neuron,ASH,380.0,330-390,ABpxpaappaa
AGGGAGTTCGGAATCT-400.2.1,,Neuroblast_PVC_LUA,300.0,270-330,ABpxpppaapa
AGGTCATAGGACATTA-400.2.1,,,260.0,210-270,ABpxpaapaa
AGGTCATGTCAAGCGA-400.2.1,,AMso_parent,285.0,270-330,ABpxpaapap
AGGTCATTCTGCGTAA-400.2.1,,,210.0,210-270,ABpxpaapap
AGGTCCGAGGTGACCA-400.2.1,,DA,310.0,270-330,ABpxpppaaa
AGTAGTCCACCAGATT-400.2.1,,,170.0,170-210,ABpxppppa
AGTAGTCGTTCGAATC-400.2.1,,,190.0,170-210,ABpxpaaapa
AGTCTTTTCGGCCGAT-400.2.1,,,210.0,210-270,ABpxppppap
AGTGAGGCATGTCGAT-400.2.1,,AVK,370.0,330-390,ABpxpapapap
AGTGGGAAGTTGAGAT-400.2.1,,,230.0,210-270,ABpxppappp
AGTGTCAAGCGATTCT-400.2.1,Ciliated_amphid_neuron,Neuroblast_ASH_RIB,265.0,210-270,ABpxpaappa
AGTTGGTGTACCGGCT-400.2.1,,,270.0,270-330,ABpxpppaap
AGTTGGTTCCCTCAGT-400.2.1,,Neuroblast_PVC_LUA,320.0,270-330,ABpxpppaapa
ATAACGCCAGACTCGC-400.2.1,,,300.0,270-330,ABpxpppppa
ATAACGCTCATCTGCC-400.2.1,,,300.0,270-330,ABpxppaapp
ATAAGAGAGTCCGTAT-400.2.1,,,270.0,270-330,ABpxpaapaa
ATAAGAGCACGACTCG-400.2.1,,,300.0,270-330,ABpxppapaa
ATAGACCAGACCCACC-400.2.1,,Neuroblast_PVC_LUA,300.0,270-330,ABpxpppaapa
ATAGACCGTAAGTGTA-400.2.1,,,260.0,210-270,ABpxpaapaa
ATCATCTAGAATAGGG-400.2.1,Parent_of_exc_duct_pore_DB_1_3,,270.0,270-330,ABpxpaaaap
ATCATGGAGACCACGA-400.2.1,,Neuroblast_PVC_LUA,300.0,270-330,ABpxpppaapa
ATCCACCAGTGGTAGC-400.2.1,Ciliated_amphid_neuron,Neuroblast_ASH_RIB,280.0,270-330,ABpxpaappa
ATCCGAACAGCAGTTT-400.2.1,,RIC_parent,340.0,330-390,ABpxppaaaap
ATCGAGTTCAATCTCT-400.2.1,,,290.0,270-330,ABpxpapaap
ATCTACTCAGTAACGG-400.2.1,,,210.0,210-270,ABpxppapap
ATCTACTTCGTCCAGG-400.2.1,Ciliated_amphid_neuron,Neuroblast_ASH_RIB,270.0,270-330,ABpxpaappa
ATGAGGGGTTATTCTC-400.2.1,,,230.0,210-270,ABpxpppaap
ATGCGATCATTTGCCC-400.2.1,Ciliated_non_amphid_neuron,,270.0,270-330,ABpxpaappp
ATGCGATTCTGCTGTC-400.2.1,Ciliated_non_amphid_neuron,,260.0,210-270,ABpxpaaapp
ATGTGTGAGCTCAACT-400.2.1,,Parents_of_PHsh_hyp8_hyp9,265.0,210-270,ABpxpppapa
ATGTGTGAGGATGTAT-400.2.1,,,230.0,210-270,ABpxppppaa
ATGTGTGCACGGCCAT-400.2.1,,,270.0,270-330,ABpxppappa
ATGTGTGGTTCAACCA-400.2.1,Glia,AMso,360.0,330-390,ABpxpaapapa
ATGTGTGTCTCAAACG-400.2.1,Ciliated_amphid_neuron,Neuroblast_ASH_RIB,270.0,270-330,ABpxpaappa
ATTACTCGTTCCTCCA-400.2.1,Excretory_gland,,330.0,330-390,ABpxpapapaa
ATTCTACAGTGGCACA-400.2.1,,,165.0,130-170,ABpxpaapa
ATTCTACCATTACCTT-400.2.1,,,300.0,270-330,ABpxppappp
ATTCTACGTGTTTGGT-400.2.1,,,190.0,170-210,ABpxpapap
CAACCAAGTGGCGAAT-400.2.1,Parent_of_exc_duct_pore_DB_1_3,,270.0,270-330,ABpxpaaaap
CAACCAATCGTGGGAA-400.2.1,Ciliated_amphid_neuron,Neuroblast_ASH_RIB,285.0,270-330,ABpxpaappa
CAACCTCCATCGATGT-400.2.1,,,270.0,270-330,ABpxpaapaa
CAACCTCGTGATAAAC-400.2.1,Ciliated_amphid_neuron,AWC,405.0,390-450,ABpxpaaaaap
CAACTAGCAAGTTAAG-400.2.1,Excretory_gland,,350.0,330-390,ABpxpapapaa
CAACTAGCATCTACGA-400.2.1,,,290.0,270-330,ABpxppapap
CAAGAAAAGTGTTAGA-400.2.1,Ciliated_amphid_neuron,Neuroblast_AWC_SAAVx,270.0,270-330,ABpxpaaaaa
CAAGAAAGTTACCAGT-400.2.1,Ciliated_amphid_neuron,ASH,390.0,390-450,ABpxpaappaa
CAAGGCCCAATCCAAC-400.2.1,,,290.0,270-330,ABpxpaaapa
CAAGTTGGTCGCGAAA-400.2.1,,RIM,350.0,330-390,ABpxppaapap
CACAAACCACATTCGA-400.2.1,,,260.0,210-270,ABpxpapaaa
CACAAACGTCGATTGT-400.2.1,Ciliated_non_amphid_neuron,,300.0,270-330,ABpxpaappp
CACAAACTCTGAGGGA-400.2.1,,Neuroblast_PVC_LUA,300.0,270-330,ABpxpppaapa
CACACAAGTCCAACTA-400.2.1,,,320.0,270-330,ABpxppapaa
CACACAAGTCCGAGTC-400.2.1,Ciliated_amphid_neuron,AWC,415.0,390-450,ABpxpaaaaap
CACACTCGTACCGTAT-400.2.1,,,190.0,170-210,ABpxpaapap
CACACTCGTAGGGACT-400.2.1,,Parent_of_PVP_and_rect_V,320.0,270-330,ABpxppppaa
CACACTCGTATGCTTG-400.2.1,Excretory_gland,,390.0,390-450,ABpxpapapaa
CACACTCGTGCACGAA-400.2.1,,,300.0,270-330,ABpxpppaaa
CACAGTAAGGTAGCCA-400.2.1,,SIA,425.0,390-450,ABpxpapaapa/ABpxpapappa
CACATAGAGTCTCGGC-400.2.1,,RIM,350.0,330-390,ABpxppaapap
CACATAGCACGAAGCA-400.2.1,Glia,AMso,350.0,330-390,ABpxpaapapa
CACATAGTCACTTATC-400.2.1,Ciliated_amphid_neuron,ASH,380.0,330-390,ABpxpaappaa
CACATAGTCATTGCCC-400.2.1,Ciliated_amphid_neuron,AWC,435.0,390-450,ABpxpaaaaap
CACATTTTCACGCATA-400.2.1,,RIC_parent,320.0,270-330,ABpxppaaaap
CACCACTAGCAAATCA-400.2.1,,,285.0,270-330,ABpxpapapp
CACCACTAGCGCTCCA-400.2.1,,RIC_parent,340.0,330-390,ABpxppaaaap
CACCACTCATGTAGTC-400.2.1,,RIM_parent,270.0,270-330,ABpxppaapa
CACCAGGCAGGTCGTC-400.2.1,,AMso_parent,290.0,270-330,ABpxpaapap
CACCAGGTCTCCTATA-400.2.1,Glia,AMso,360.0,330-390,ABpxpaapapa
CACCTTGAGTCCGGTC-400.2.1,,,285.0,270-330,ABpxppapaa
CACCTTGCATCCAACA-400.2.1,,Neuroblast_PVC_LUA,300.0,270-330,ABpxpppaapa
CACCTTGTCAACGAAA-400.2.1,,RIC_parent,320.0,270-330,ABpxppaaaap
CACCTTGTCGGCGGTT-400.2.1,,RIC_parent,325.0,270-330,ABpxppaaaap
CACTCCAAGATAGCAT-400.2.1,,RIC_parent,310.0,270-330,ABpxppaaaap
CACTCCACACCTCGGA-400.2.1,Ciliated_amphid_neuron,ASH,405.0,390-450,ABpxpaappaa
CAGAATCGTAAGGGAA-400.2.1,Ciliated_non_amphid_neuron,,270.0,270-330,ABpxpaappp
CAGAATCGTACAGTGG-400.2.1,Excretory_gland,,420.0,390-450,ABpxpapapaa
CAGATCAAGAGCTTCT-400.2.1,Ciliated_amphid_neuron,AWC,400.0,390-450,ABpxpaaaaap
CAGCAGCAGCTACCTA-400.2.1,,,245.0,210-270,ABpxppppaa
CAGCAGCTCGCGTAGC-400.2.1,,,290.0,270-330,ABpxpapaaa
CAGCATATCACGACTA-400.2.1,,AIM,350.0,330-390,ABpxpaapppa
CAGCCGATCAACTCTT-400.2.1,Excretory_gland,,350.0,330-390,ABpxpapapaa
CAGCGACGTGACTACT-400.2.1,,RIC_parent,330.0,330-390,ABpxppaaaap
CAGCGACTCAGTTCGA-400.2.1,Ciliated_amphid_neuron,AWC,415.0,390-450,ABpxpaaaaap
CAGCTGGAGCTAACAA-400.2.1,,,260.0,210-270,ABpxpppaap
CAGGTGCAGACCTAGG-400.2.1,,,295.0,270-330,ABpxppappa
CAGGTGCCAGTAAGAT-400.2.1,,,320.0,270-330,ABpxppapap
CAGGTGCCATCACAAC-400.2.1,Parent_of_exc_gland_AVK,,275.0,270-330,ABpxpapapa
CAGGTGCTCATTATCC-400.2.1,,Parent_of_tail_spike_and_hyp10,270.0,270-330,ABpxpppppp
CAGTAACAGTGTTGAA-400.2.1,,,260.0,210-270,ABpxpppaaa
CAGTAACTCTACCTGC-400.2.1,,,260.0,210-270,ABpxppappp
CAGTCCTCAAGTAGTA-400.2.1,,,220.0,210-270,ABpxppppp
CAGTCCTGTCACTGGC-400.2.1,Glia,AMso,490.0,450-510,ABpxpaapapa
CATATGGCACAGATTC-400.2.1,,,275.0,270-330,ABpxpapaaa
CATATGGCACTAGTAC-400.2.1,,RIM,450.0,450-510,ABpxppaapap
CATATGGCAGCCAGAA-400.2.1,,,230.0,210-270,ABpxppppaa
CATATGGCATCGGTTA-400.2.1,Ciliated_amphid_neuron,ASH,370.0,330-390,ABpxpaappaa
CATATGGGTTCCATGA-400.2.1,,,220.0,210-270,ABpxpppapa
CATATGGTCTTACCTA-400.2.1,,,290.0,270-330,ABpxpapapp
CATCAAGAGTGCCATT-400.2.1,,,215.0,210-270,ABpxppapaa
CATCAAGCAAGTAATG-400.2.1,,DB,300.0,270-330,ABpxpaaaap
CATCGAAAGAGACGAA-400.2.1,,,230.0,210-270,ABpxpppapa
CATCGAAGTGTATGGG-400.2.1,,RIC_parent,300.0,270-330,ABpxppaaaap
CATCGGGTCAGTTGAC-400.2.1,Ciliated_amphid_neuron,AWC,410.0,390-450,ABpxpaaaaap
CATGACAAGTTATCGC-400.2.1,,,295.0,270-330,ABpxppapap
CATGACACAAGAAAGG-400.2.1,,,260.0,210-270,ABpxpppaaa
CATGACAGTGAAAGAG-400.2.1,Ciliated_amphid_neuron,ASH,345.0,330-390,ABpxpaappaa
CATGACATCAAGGTAA-400.2.1,,,220.0,210-270,ABpxpaaapp
CATGACATCCAAACTG-400.2.1,,RIM_parent,285.0,270-330,ABpxppaapa
CATGCCTTCTGCGACG-400.2.1,,,275.0,270-330,ABpxpaapaa
CATGGCGAGTGTGAAT-400.2.1,Ciliated_non_amphid_neuron,,225.0,210-270,ABpxpaappp
CATGGCGCAGCCTTGG-400.2.1,,,260.0,210-270,ABpxppaaaa
CATTATCAGCCATCGC-400.2.1,,,300.0,270-330,ABpxpapaap
CATTATCAGTCGCCGT-400.2.1,Excretory_duct_and_pore,,330.0,330-390,ABpxpaaaapa
CATTATCCATAGACTC-400.2.1,Ciliated_amphid_neuron,AWC,450.0,450-510,ABpxpaaaaap
CATTATCGTACCGGCT-400.2.1,,,260.0,210-270,ABpxppappa
CATTCGCAGGCATGTG-400.2.1,Ciliated_amphid_neuron,AWC,425.0,390-450,ABpxpaaaaap
CATTCGCCAAAGTGCG-400.2.1,Ciliated_amphid_neuron,Neuroblast_AWC_SAAVx,245.0,210-270,ABpxpaaaaa
CCACGGACAGCTTAAC-400.2.1,,RIV,350.0,330-390,ABpxpaapaaa
CCACGGAGTGTGCGTC-400.2.1,Ciliated_amphid_neuron,ASH,380.0,330-390,ABpxpaappaa
CCACTACCAAGACGTG-400.2.1,,,170.0,170-210,ABpxpppaa
CCACTACGTTTAAGCC-400.2.1,,,310.0,270-330,ABpxppapaa
CCACTACTCAGGATCT-400.2.1,,RIC_parent,300.0,270-330,ABpxppaaaap
CCACTACTCGTTACAG-400.2.1,,,260.0,210-270,ABpxpapaap
CCAGCGAAGCAATATG-400.2.1,,,215.0,210-270,ABpxpaapa
CCAGCGAAGGTAAACT-400.2.1,,,260.0,210-270,ABpxppapaa
CCAGCGATCGCGGATC-400.2.1,Parent_of_exc_gland_AVK,,270.0,270-330,ABpxpapapa
CCATGTCCAAGCGAGT-400.2.1,,,320.0,270-330,ABpxppappp
CCATTCGTCAGCACAT-400.2.1,,RIC_parent,340.0,330-390,ABpxppaaaap
CCCAATCAGTACGCCC-400.2.1,,,285.0,270-330,ABpxpppaaa
CCCAGTTGTAGGGACT-400.2.1,,,295.0,270-330,ABpxpapaaa
CCCAGTTGTGATGTCT-400.2.1,,,170.0,170-210,ABpxppaa
CCCTCCTAGATCTGAA-400.2.1,,,260.0,210-270,ABpxpppaap
CCCTCCTCACGGACAA-400.2.1,Parent_of_exc_gland_AVK,,270.0,270-330,ABpxpapapa
CCCTCCTGTCTGGTCG-400.2.1,,,210.0,210-270,ABpxpppaaa
CCGGGATAGTGGGTTG-400.2.1,,,300.0,270-330,ABpxppaapp
CCGGGATCAATGGTCT-400.2.1,,,200.0,170-210,ABpxppppa
CCGGTAGCACAGACTT-400.2.1,Ciliated_amphid_neuron,ASH,500.0,450-510,ABpxpaappaa
CCGTACTAGTTCGATC-400.2.1,Ciliated_amphid_neuron,AWC,360.0,330-390,ABpxpaaaaap
CCGTACTCAACTGCTA-400.2.1,,,300.0,270-330,ABpxppappp
CCGTACTGTATAAACG-400.2.1,,,205.0,170-210,ABpxppapap
CCGTGGAAGAGCCTAG-400.2.1,,,275.0,270-330,ABpxppaapp
CCGTGGAGTATCTGCA-400.2.1,Ciliated_amphid_neuron,ASH,380.0,330-390,ABpxpaappaa
CCTAAAGGTTGATTCG-400.2.1,,,260.0,210-270,ABpxpppaap
CCTACACGTCGCTTCT-400.2.1,,,230.0,210-270,ABpxpppapa
CCTACACTCAGTTGAC-400.2.1,,,200.0,170-210,ABpxpppaap
CCTACACTCTTGTCAT-400.2.1,Ciliated_amphid_neuron,ASH,380.0,330-390,ABpxpaappaa
CCTACCACATGAAGTA-400.2.1,,,300.0,270-330,ABpxpapaaa
CCTAGCTAGTAGCGGT-400.2.1,,,260.0,210-270,ABpxpapaaa
CCTAGCTCAACGATGG-400.2.1,Excretory_gland,,480.0,450-510,ABpxpapapaa
CCTCAGTAGTGCGTGA-400.2.1,Ciliated_amphid_neuron,Neuroblast_ASH_RIB,260.0,210-270,ABpxpaappa
CCTCAGTTCAGGCAAG-400.2.1,Ciliated_amphid_neuron,,180.0,170-210,ABpxpapaa
CCTCTGAAGGCATGGT-400.2.1,,,225.0,210-270,ABpxpaapap
CCTCTGACACCGAATT-400.2.1,,,190.0,170-210,ABpxppappp
CCTCTGAGTAAAGTCA-400.2.1,Ciliated_non_amphid_neuron,,260.0,210-270,ABpxpaaapp
CCTCTGAGTGCAACGA-400.2.1,,,225.0,210-270,ABpxppappp
CCTTACGCAATCAGAA-400.2.1,,,175.0,170-210,ABpxpppaa
CCTTACGGTATAGGTA-400.2.1,,,300.0,270-330,ABpxppapaa
CCTTACGTCGTCACGG-400.2.1,,,210.0,210-270,ABpxpaapaa
CCTTCGACAGACGCAA-400.2.1,,,260.0,210-270,ABpxppapaa
CCTTCGACATCTGGTA-400.2.1,,,265.0,210-270,ABpxpaapaa
CCTTCGAGTATGCTTG-400.2.1,Ciliated_amphid_neuron,ASH,380.0,330-390,ABpxpaappaa
CCTTCGATCGGTGTTA-400.2.1,,,300.0,270-330,ABpxpapaap
CCTTCGATCTATCGCC-400.2.1,,,200.0,170-210,ABpxpppaaa
CCTTTCTGTGGCTCCA-400.2.1,,RIC_parent,345.0,330-390,ABpxppaaaap
CGAACATCATGGTAGG-400.2.1,,,230.0,210-270,ABpxppaapp
CGAATGTGTACCATCA-400.2.1,,,290.0,270-330,ABpxpapaaa
CGACTTCGTCTGCCAG-400.2.1,,,245.0,210-270,ABpxppappp
CGAGAAGGTATATGAG-400.2.1,,RIC_parent,260.0,210-270,ABpxppaaaap
CGAGCACGTACAGTTC-400.2.1,Ciliated_amphid_neuron,Neuroblast_AWC_SAAVx,245.0,210-270,ABpxpaaaaa
CGAGCCACATGAGCGA-400.2.1,Parent_of_exc_gland_AVK,,260.0,210-270,ABpxpapapa
CGATGGCAGGTGATTA-400.2.1,Ciliated_amphid_neuron,ASH,350.0,330-390,ABpxpaappaa
CGATGGCGTAGCTCCG-400.2.1,,SIA,350.0,330-390,ABpxpapaapa/ABpxpapappa
CGATGTACACCGCTAG-400.2.1,,,290.0,270-330,ABpxpapapp
CGATGTACACTACAGT-400.2.1,,,300.0,270-330,ABpxppapaa
CGATTGACAAATTGCC-400.2.1,,,320.0,270-330,ABpxppappp
CGATTGATCACATAGC-400.2.1,Pharyngeal_neuron,,265.0,210-270,ABpxppppaa
CGCCAAGCATCCGCGA-400.2.1,,,260.0,210-270,ABpxpapapp
CGCGGTAAGCCCAACC-400.2.1,,,215.0,210-270,ABpxpaapp
CGCGGTACACACCGCA-400.2.1,,,225.0,210-270,ABpxppappp
CGCGTTTAGTCAATAG-400.2.1,,RIC_parent,290.0,270-330,ABpxppaaaap
CGCGTTTTCACCATAG-400.2.1,,AVK,500.0,450-510,ABpxpapapap
CGCTATCTCCAAATGC-400.2.1,,Parents_of_Y_DA6_DA7_DA9,270.0,270-330,ABpxpppaaa
CGCTATCTCTCTGTCG-400.2.1,,,285.0,270-330,ABpxpapaaa
CGCTATCTCTTGTATC-400.2.1,,,205.0,170-210,ABpxpppp
CGCTGGAGTCGAATCT-400.2.1,,,285.0,270-330,ABpxpapapa
CGCTGGAGTCTTGTCC-400.2.1,,RIC_parent,345.0,330-390,ABpxppaaaap
CGCTTCACACGAAAGC-400.2.1,,,245.0,210-270,ABpxppaap
CGCTTCAGTACAGCAG-400.2.1,,,265.0,210-270,ABpxpppaaa
CGCTTCAGTCCGAACC-400.2.1,,,210.0,210-270,ABpxppppaa
CGGACACCAATAGAGT-400.2.1,Ciliated_amphid_neuron,AWC,425.0,390-450,ABpxpaaaaap
CGGACGTAGCAAATCA-400.2.1,,Neuroblast_PVC_LUA,300.0,270-330,ABpxpppaapa
CGGACGTTCTTTAGGG-400.2.1,Ciliated_non_amphid_neuron,,270.0,270-330,ABpxpaappp
CGGAGCTGTCAGAAGC-400.2.1,,,290.0,270-330,ABpxppaaaa
CGGCTAGGTTACGGAG-400.2.1,,,265.0,210-270,ABpxppapaa
CGTAGCGAGCCAGTTT-400.2.1,,,260.0,210-270,ABpxppappp
CGTAGCGGTATAATGG-400.2.1,,,290.0,270-330,ABpxppappa
CGTAGCGTCAGGCGAA-400.2.1,,,300.0,270-330,ABpxpppppa
CGTCTACCAAGTTCTG-400.2.1,,AVB,385.0,330-390,ABpxpaapaap
CGTCTACCACACCGAC-400.2.1,,,380.0,330-390,ABpxppppaa
CGTCTACCACTACAGT-400.2.1,,Parents_of_U_F_B_DVA,270.0,270-330,ABpxppppap
CGTGAGCCAGGGAGAG-400.2.1,,,260.0,210-270,ABpxppapaa
CGTTGGGAGTGGACGT-400.2.1,,AMso_parent,280.0,270-330,ABpxpaapap
CGTTGGGCAGGGCATA-400.2.1,,,265.0,210-270,ABpxpapaap
CGTTGGGTCCTTTCTC-400.2.1,,RIV,350.0,330-390,ABpxpaapaaa
CTAACTTCAGGGCATA-400.2.1,,,200.0,170-210,ABpxpaaapa
CTAACTTGTTAGATGA-400.2.1,,,225.0,210-270,ABpxppaapp
CTAACTTTCTTCAACT-400.2.1,Parent_of_exc_gland_AVK,,290.0,270-330,ABpxpapapa
CTAAGACGTATATGAG-400.2.1,,,280.0,270-330,ABpxppaaaa
CTAAGACTCTCGTATT-400.2.1,,,270.0,270-330,ABpxpaapaa
CTAATGGAGCCGGTAA-400.2.1,,,300.0,270-330,ABpxppaapa
CTACCCAAGCCACTAT-400.2.1,Ciliated_amphid_neuron,ASH,350.0,330-390,ABpxpaappaa
CTACCCAGTGCAGACA-400.2.1,,Neuroblast_PVC_LUA,320.0,270-330,ABpxpppaapa
CTACCCATCAGCAACT-400.2.1,,,200.0,170-210,ABpxpapaa
CTACGTCAGGGCTTGA-400.2.1,,,200.0,170-210,ABpxppapp
CTACGTCGTACGCACC-400.2.1,Ciliated_amphid_neuron,AWC,350.0,330-390,ABpxpaaaaap
CTACGTCGTATGAAAC-400.2.1,Ciliated_amphid_neuron,,200.0,170-210,ABpxpaaaa
CTAGAGTAGAGGTAGA-400.2.1,Ciliated_amphid_neuron,ASH,350.0,330-390,ABpxpaappaa
CTAGAGTCATGCCTTC-400.2.1,,,265.0,210-270,ABpxppappp
CTAGCCTCAGAGCCAA-400.2.1,,Parents_of_U_F_B_DVA,270.0,270-330,ABpxppppap
CTAGCCTCATCACAAC-400.2.1,,,285.0,270-330,ABpxppaapp
CTAGCCTGTCACCTAA-400.2.1,,AVK,415.0,390-450,ABpxpapapap
CTAGTGACAAGCCATT-400.2.1,,,320.0,270-330,ABpxppapaa
CTAGTGACAATCGAAA-400.2.1,,Neuroblast_PVC_LUA,300.0,270-330,ABpxpppaapa
CTCACACAGCGATCCC-400.2.1,,Parent_of_tail_spike_and_hyp10,230.0,210-270,ABpxpppppp
CTCACACCATAAGACA-400.2.1,,,260.0,210-270,ABpxppaapa
CTCATTACAACTGCTA-400.2.1,,,265.0,210-270,ABpxpapaap
CTCCTAGGTTCGCGAC-400.2.1,,,295.0,270-330,ABpxpapapp
CTCCTAGTCTTGTTTG-400.2.1,Ciliated_amphid_neuron,AWC,415.0,390-450,ABpxpaaaaap
CTCGAAATCGATCCCT-400.2.1,,,170.0,170-210,ABpxpppaaa
CTCGAGGAGAGAACAG-400.2.1,,RIM_parent,300.0,270-330,ABpxppaapa
CTCGAGGAGGATGGAA-400.2.1,,RIV,365.0,330-390,ABpxpaapaaa
CTCGAGGCAAAGAATC-400.2.1,Glia,AMso,350.0,330-390,ABpxpaapapa
CTCGAGGCAAGCGTAG-400.2.1,,SIA,370.0,330-390,ABpxpapaapa/ABpxpapappa
CTCGAGGGTGAAAGAG-400.2.1,Excretory_gland,,345.0,330-390,ABpxpapapaa
CTCGGAGAGGACAGAA-400.2.1,Ciliated_non_amphid_neuron,,270.0,270-330,ABpxpaappp
CTCGTACGTGTGACGA-400.2.1,Parent_of_exc_gland_AVK,,290.0,270-330,ABpxpapapa
CTCGTCAAGACTACAA-400.2.1,,,240.0,210-270,ABpxppappp
CTCGTCAAGGATGGAA-400.2.1,,,300.0,270-330,ABpxppapap
CTCGTCAAGGCAGGTT-400.2.1,,RIC_parent,310.0,270-330,ABpxppaaaap
CTCGTCAGTATAGGTA-400.2.1,Ciliated_amphid_neuron,,260.0,210-270,ABpxpaapaa
CTCGTCAGTGCTCTTC-400.2.1,,,205.0,170-210,ABpxpaaaa
CTCTAATAGCGTGAGT-400.2.1,,,260.0,210-270,ABpxpppppa
CTCTAATGTCCTAGCG-400.2.1,,AVK,425.0,390-450,ABpxpapapap
CTCTAATGTCGGCTCA-400.2.1,,Parent_of_tail_spike_and_hyp10,230.0,210-270,ABpxpppppp
CTCTGGTAGGATGGTC-400.2.1,,,260.0,210-270,ABpxpapaap
CTGAAGTAGCAGGCTA-400.2.1,,RIC_parent,335.0,330-390,ABpxppaaaap
CTGATAGTCAGTCCCT-400.2.1,,,300.0,270-330,ABpxppapaa
CTGCCTATCCTTGGTC-400.2.1,,,230.0,210-270,ABpxppappa
CTGCGGAAGCCGCCTA-400.2.1,,,185.0,170-210,ABpxppaaa
CTGCGGAAGCGGATCA-400.2.1,Glia,AMso,350.0,330-390,ABpxpaapapa
CTGCTGTCATGGTCAT-400.2.1,Ciliated_amphid_neuron,Neuroblast_AWC_SAAVx,265.0,210-270,ABpxpaaaaa
CTGCTGTGTCACAAGG-400.2.1,Ciliated_amphid_neuron,ASH,400.0,390-450,ABpxpaappaa
CTGGTCTAGGGTGTGT-400.2.1,,,185.0,170-210,ABpxpppaaa
CTGGTCTAGTGTTAGA-400.2.1,,,245.0,210-270,ABpxpppaap
CTGGTCTAGTTAACGA-400.2.1,,,280.0,270-330,ABpxppappp
CTGGTCTGTAAGGATT-400.2.1,,,270.0,270-330,ABpxpppaaa
CTGGTCTTCACTCCTG-400.2.1,,,220.0,210-270,ABpxpapapa
CTGGTCTTCGCACTCT-400.2.1,,,270.0,270-330,ABpxpppaaa
CTGTTTAAGGACGAAA-400.2.1,,Parent_of_tail_spike_and_hyp10,220.0,210-270,ABpxpppppp
CTGTTTAGTCCGTCAG-400.2.1,Ciliated_amphid_neuron,Neuroblast_ASH_RIB,275.0,270-330,ABpxpaappa
CTGTTTATCAACCATG-400.2.1,,Neuroblast_PVC_LUA,300.0,270-330,ABpxpppaapa
CTTAACTGTATAGTAG-400.2.1,,,290.0,270-330,ABpxppapap
CTTACCGAGTTTAGGA-400.2.1,,RIM_parent,230.0,210-270,ABpxppaapa
CTTAGGATCTAACGGT-400.2.1,,,270.0,270-330,ABpxpapapp
CTTCTCTCATAACCTG-400.2.1,Ciliated_amphid_neuron,AWC,415.0,390-450,ABpxpaaaaap
CTTTGCGTCGGTTAAC-400.2.1,,,285.0,270-330,ABpxppapa
GAAACTCAGCAGATCG-400.2.1,,RIC_parent,300.0,270-330,ABpxppaaaap
GAAACTCGTCGACTAT-400.2.1,,,340.0,330-390,ABpxppapaa
GAACATCAGGCCCTCA-400.2.1,Ciliated_amphid_neuron,AWC,450.0,450-510,ABpxpaaaaap
GAACATCGTATAAACG-400.2.1,,AVB,335.0,330-390,ABpxpaapaap
GAACATCGTCCGACGT-400.2.1,Ciliated_amphid_neuron,,245.0,210-270,ABpxpapap
GAACGGAGTGCTCTTC-400.2.1,,RIM_parent,300.0,270-330,ABpxppaapa
GAAGCAGAGATGTGGC-400.2.1,,,260.0,210-270,ABpxppap
GAAGCAGAGCAGGCTA-400.2.1,,,260.0,210-270,ABpxpaapaa
GAAGCAGTCCGTAGGC-400.2.1,,Parents_of_PHsh_hyp8_hyp9,270.0,270-330,ABpxpppapa
GAATAAGAGTGATCGG-400.2.1,,,190.0,170-210,ABpxpapaa
GAATAAGCATTAGCCA-400.2.1,,,270.0,270-330,ABpxpaapaa
GACACGCCACGCGAAA-400.2.1,,,270.0,270-330,ABpxppaaa
GACAGAGCACACCGCA-400.2.1,,Neuroblast_PVC_LUA,300.0,270-330,ABpxpppaapa
GACAGAGGTGGCAAAC-400.2.1,Excretory_duct_and_pore,,335.0,330-390,ABpxpaaaapa
GACAGAGTCGCCATAA-400.2.1,,,300.0,270-330,ABpxppapaa
GACAGAGTCTACTCAT-400.2.1,,,190.0,170-210,ABpxpaappp
GACCAATAGATCCCGC-400.2.1,,,200.0,170-210,ABpxpaapa
GACCTGGAGCAACGGT-400.2.1,Parent_of_exc_gland_AVK,,295.0,270-330,ABpxpapapa
GACGCGTCACGCATCG-400.2.1,Ciliated_amphid_neuron,AWC,365.0,330-390,ABpxpaaaaap
GACGTTAAGAGTTGGC-400.2.1,,,275.0,270-330,ABpxpppaaa
GACGTTACAAAGGTGC-400.2.1,,Parents_of_U_F_B_DVA,270.0,270-330,ABpxppppap
GACTAACAGTGGTAGC-400.2.1,,RIC_parent,300.0,270-330,ABpxppaaaap
GACTACACATGTCGAT-400.2.1,,Parents_of_PHsh_hyp8_hyp9,270.0,270-330,ABpxpppapa
GAGCAGAAGATGGGTC-400.2.1,,,270.0,270-330,ABpxppappa
GAGTCCGTCATGCATG-400.2.1,,,290.0,270-330,ABpxppappa
GATCAGTAGGACAGCT-400.2.1,,,300.0,270-330,ABpxppaapp
GATCAGTAGGCGATAC-400.2.1,Ciliated_amphid_neuron,Neuroblast_AWC_SAAVx,265.0,210-270,ABpxpaaaaa
GATCAGTCAACGCACC-400.2.1,Parent_of_exc_gland_AVK,,265.0,210-270,ABpxpapapa
GATCGATCAAGCCGTC-400.2.1,Glia,AMso,330.0,330-390,ABpxpaapapa
GATCGATCAGCTCGAC-400.2.1,,,260.0,210-270,ABpxpaapaa
GATCGCGAGTACGCGA-400.2.1,Ciliated_amphid_neuron,ASH,405.0,390-450,ABpxpaappaa
GATCGTAAGAATTGTG-400.2.1,,Parents_of_PHsh_hyp8_hyp9,270.0,270-330,ABpxpppapa
GATCGTAGTGCGCTTG-400.2.1,,,225.0,210-270,ABpxppaapp
GATCTAGCAAGTACCT-400.2.1,,RIC_parent,330.0,330-390,ABpxppaaaap
GATCTAGGTTGTTTGG-400.2.1,Ciliated_amphid_neuron,AWC,380.0,330-390,ABpxpaaaaap
GATGAGGCACGGCTAC-400.2.1,Ciliated_amphid_neuron,Neuroblast_ASH_RIB,260.0,210-270,ABpxpaappa
GATGAGGTCACGGTTA-400.2.1,,,200.0,170-210,ABpxppppp
GATGCTAAGTGGGATC-400.2.1,,,140.0,130-170,ABpxpaap
GATTCAGGTCGCTTCT-400.2.1,,,285.0,270-330,ABpxppappp
GATTCAGGTTCAGACT-400.2.1,,Parents_of_Y_DA6_DA7_DA9,300.0,270-330,ABpxpppaaa
GATTCAGTCAAAGACA-400.2.1,,AIM,370.0,330-390,ABpxpaapppa
GCAAACTAGTGGAGTC-400.2.1,,,295.0,270-330,ABpxppapaa
GCAAACTCAAGGTTTC-400.2.1,,,300.0,270-330,ABpxppappp
GCAAACTCAGTATAAG-400.2.1,,,295.0,270-330,ABpxppaapp
GCAAACTCATATGAGA-400.2.1,,,230.0,210-270,ABpxpppaaa
GCACATAAGCCAGGAT-400.2.1,,,270.0,270-330,ABpxpaapaa
GCACATAAGTCATGCT-400.2.1,,,300.0,270-330,ABpxppapaa
GCACTCTAGACAATAC-400.2.1,,,300.0,270-330,ABpxppappp
GCACTCTAGGTAGCTG-400.2.1,,RIM_parent,300.0,270-330,ABpxppaapa
GCACTCTCACCTTGTC-400.2.1,,,300.0,270-330,ABpxppaapp
GCATACAAGACAATAC-400.2.1,,SIA,360.0,330-390,ABpxpapaapa/ABpxpapappa
GCATACAAGCTGAACG-400.2.1,,PVP,350.0,330-390,ABpxppppaaa
GCATACAAGGTGCACA-400.2.1,,,260.0,210-270,ABpxpppaap
GCATACACATACCATG-400.2.1,,,260.0,210-270,ABpxppappp
GCATACATCGAGCCCA-400.2.1,,Parents_of_U_F_B_DVA,260.0,210-270,ABpxppppap
GCATGATAGCTCCCAG-400.2.1,,,220.0,210-270,ABpxppppp
GCATGCGAGGATGGTC-400.2.1,,RIM_parent,245.0,210-270,ABpxppaapa
GCCAAATCACTTCTGC-400.2.1,,,285.0,270-330,ABpxpapaap
GCCAAATGTACACCGC-400.2.1,,,260.0,210-270,ABpxpppaaa
GCCTCTACAGATGGCA-400.2.1,,Parents_of_PHsh_hyp8_hyp9,245.0,210-270,ABpxpppapa
GCGCAACCAATGAAAC-400.2.1,,RIC,420.0,390-450,ABpxppaaaapp
GCGCAACCATGACGGA-400.2.1,,,300.0,270-330,ABpxppapaa
GCGCAACTCTAACTCT-400.2.1,,,225.0,210-270,ABpxppappa
GCGCAGTGTACAGTGG-400.2.1,,Neuroblast_PVC_LUA,300.0,270-330,ABpxpppaapa
GCGCAGTTCTGGTGTA-400.2.1,,,215.0,210-270,ABpxpapapp
GCGCCAACACACGCTG-400.2.1,,,230.0,210-270,ABpxpppaap
GCGCCAACATACCATG-400.2.1,,,220.0,210-270,ABpxppppaa
GCGCCAACATTAACCG-400.2.1,Ciliated_amphid_neuron,Neuroblast_AWC_SAAVx,260.0,210-270,ABpxpaaaaa
GCGCGATTCCATGAGT-400.2.1,,RIC_parent,335.0,330-390,ABpxppaaaap
GCGCGATTCCCAAGAT-400.2.1,,Parents_of_U_F_B_DVA,270.0,270-330,ABpxppppap
GCGGGTTGTTCGGGCT-400.2.1,,,230.0,210-270,ABpxpppaap
GCTCCTAAGGATGCGT-400.2.1,Ciliated_amphid_neuron,ASH,430.0,390-450,ABpxpaappaa
GCTCCTACAGGGTATG-400.2.1,,Neuroblast_PVC_LUA,300.0,270-330,ABpxpppaapa
GCTCCTAGTCGCATAT-400.2.1,Ciliated_amphid_neuron,AWC,350.0,330-390,ABpxpaaaaap
GCTCTGTTCTGCGACG-400.2.1,Ciliated_amphid_neuron,AWC,410.0,390-450,ABpxpaaaaap
GCTGCGACAGCCAGAA-400.2.1,Ciliated_non_amphid_neuron,,225.0,210-270,ABpxpaappp
GCTGGGTAGCGGCTTC-400.2.1,,,290.0,270-330,ABpxpaaapa
GCTGGGTAGTGTTTGC-400.2.1,,,300.0,270-330,ABpxpppppa
GCTTCCAAGACTCGGA-400.2.1,,,195.0,170-210,ABpxpppaa
GCTTCCACACATTAGC-400.2.1,Ciliated_non_amphid_neuron,,220.0,210-270,ABpxpaappp
GCTTGAAAGCTCAACT-400.2.1,Glia,AMso,350.0,330-390,ABpxpaapapa
GGAAAGCGTTGGTTTG-400.2.1,,,340.0,330-390,ABpxpapaaa
GGAATAAAGGAGTTTA-400.2.1,,,290.0,270-330,ABpxppapap
GGACAAGTCAGTCCCT-400.2.1,,RIC_parent,340.0,330-390,ABpxppaaaap
GGACAGAAGTACGTTC-400.2.1,,,185.0,170-210,ABpxpppaap
GGACATTCACCGATAT-400.2.1,,,245.0,210-270,ABpxpapapp
GGAGCAAGTGCGAAAC-400.2.1,,RIM_parent,310.0,270-330,ABpxppaapa
GGATGTTCACAGGCCT-400.2.1,,,265.0,210-270,ABpxppppaa
GGATTACCAAGCCGTC-400.2.1,,AIM,350.0,330-390,ABpxpaapppa
GGCAATTGTGTCGCTG-400.2.1,,,200.0,170-210,ABpxpaapap
GGCAATTTCAAAGACA-400.2.1,,,270.0,270-330,ABpxppappa
GGCAATTTCTCGAGTA-400.2.1,,Parent_of_PVP_and_rect_V,330.0,330-390,ABpxppppaa
GGCGACTTCAATAAGG-400.2.1,,AVB,380.0,330-390,ABpxpaapaap
GGCTCGACATGCATGT-400.2.1,Excretory_gland,,350.0,330-390,ABpxpapapaa
GGCTCGATCCCTCAGT-400.2.1,,RIM_parent,260.0,210-270,ABpxppaapa
GGCTGGTAGGCTAGAC-400.2.1,,Neuroblast_PVC_LUA,325.0,270-330,ABpxpppaapa
GGCTGGTTCTGTTTGT-400.2.1,,,180.0,170-210,ABpxppppp
GGGAATGAGGAGTAGA-400.2.1,,,300.0,270-330,ABpxpapaap
GGGAATGCACTCTGTC-400.2.1,Parent_of_exc_duct_pore_DB_1_3,,280.0,270-330,ABpxpaaaap
GGGAATGGTTAAGACA-400.2.1,,,270.0,270-330,ABpxpppapa
GGGACCTAGTAGCGGT-400.2.1,,RIC_parent,300.0,270-330,ABpxppaaaap
GGGACCTGTTGAGGTG-400.2.1,,,210.0,210-270,ABpxppaa
GGGAGATTCCAAACTG-400.2.1,,,240.0,210-270,ABpxpaaapa
GGGAGATTCTCGATGA-400.2.1,,Parents_of_U_F_B_DVA,245.0,210-270,ABpxppppap
GGGCATCCATCCCATC-400.2.1,Ciliated_non_amphid_neuron,,270.0,270-330,ABpxpaaapp
GGGTCTGCACAGCCCA-400.2.1,,,280.0,270-330,ABpxppaaaa
GGGTCTGCACATGACT-400.2.1,Ciliated_amphid_neuron,AWC,365.0,330-390,ABpxpaaaaap
GGGTTGCAGGGCTTCC-400.2.1,,,260.0,210-270,ABpxppppaa
GGGTTGCTCTGAAAGA-400.2.1,,,280.0,270-330,ABpxppappa
GGTGCGTCAGTATGCT-400.2.1,Ciliated_non_amphid_neuron,,270.0,270-330,ABpxpaaapp
GGTGCGTGTCATACTG-400.2.1,,,210.0,210-270,ABpxpaapap
GGTGCGTTCGGCTTGG-400.2.1,,RIC_parent,300.0,270-330,ABpxppaaaap
GTAACGTTCCGTAGGC-400.2.1,,AVB,405.0,390-450,ABpxpaapaap
GTAACTGCACAGACAG-400.2.1,Ciliated_amphid_neuron,Neuroblast_ASH_RIB,245.0,210-270,ABpxpaappa
GTAACTGGTTTGACTG-400.2.1,Ciliated_amphid_neuron,ASH,340.0,330-390,ABpxpaappaa
GTACTCCGTAAGGGCT-400.2.1,Glia,AMso,430.0,390-450,ABpxpaapapa
GTACTCCGTCAGGACA-400.2.1,Ciliated_amphid_neuron,ASH,415.0,390-450,ABpxpaappaa
GTACTCCGTTGGTTTG-400.2.1,Ciliated_non_amphid_neuron,,270.0,270-330,ABpxpaaapp
GTACTCCTCTTCAACT-400.2.1,Ciliated_non_amphid_neuron,,215.0,210-270,ABpxpaappp
GTACTTTGTTCGTGAT-400.2.1,,,300.0,270-330,ABpxppappa
GTACTTTTCGAGAGCA-400.2.1,,,185.0,170-210,ABpxppaaa
GTACTTTTCGCGTTTC-400.2.1,Parent_of_exc_duct_pore_DB_1_3,,270.0,270-330,ABpxpaaaap
GTATCTTAGGCCCGTT-400.2.1,Excretory_duct_and_pore,,320.0,270-330,ABpxpaaaapa
GTATTCTAGAATGTGT-400.2.1,Glia,AMso,440.0,390-450,ABpxpaapapa
GTATTCTAGAATTCCC-400.2.1,,,270.0,270-330,ABpxpapaap
GTATTCTGTCGAATCT-400.2.1,,,265.0,210-270,ABpxpppppa
GTATTCTGTGGGTATG-400.2.1,Excretory_gland,,380.0,330-390,ABpxpapapaa
GTCAAGTAGAAACGAG-400.2.1,Parent_of_exc_duct_pore_DB_1_3,DB,320.0,270-330,ABpxpaaaap
GTCAAGTAGATCCCGC-400.2.1,,,230.0,210-270,ABpxppppaa
GTCAAGTTCGACGGAA-400.2.1,,,200.0,170-210,ABpxpaapap
GTCACAAAGCACCGCT-400.2.1,,DA,335.0,330-390,ABpxpppppa
GTCACGGTCTGTTTGT-400.2.1,,,260.0,210-270,ABpxpaapaa
GTCATTTGTCCGAACC-400.2.1,,Neuroblast_PVC_LUA,300.0,270-330,ABpxpppaapa
GTCCTCATCATGTCTT-400.2.1,,,280.0,270-330,ABpxppappa
GTCGTAAAGACTACAA-400.2.1,,,270.0,270-330,ABpxpapaap
GTCTCGTAGTGGGCTA-400.2.1,,,270.0,270-330,ABpxppaaaa
GTCTTCGGTAAGTGTA-400.2.1,,,260.0,210-270,ABpxpaaaap
GTGAAGGAGGAGTACC-400.2.1,,,210.0,210-270,ABpxpppaaa
GTGCAGCAGCAATATG-400.2.1,,,300.0,270-330,ABpxpapaaa
GTGCAGCTCGTTGCCT-400.2.1,Ciliated_non_amphid_neuron,,270.0,270-330,ABpxpaappp
GTGCTTCAGGAGTCTG-400.2.1,,Neuroblast_PVC_LUA,300.0,270-330,ABpxpppaapa
GTGCTTCCACAAGCCC-400.2.1,,RIC_parent,340.0,330-390,ABpxppaaaap
GTGCTTCGTGATAAGT-400.2.1,,,245.0,210-270,ABpxppaapa
GTGCTTCGTTATGTGC-400.2.1,,,200.0,170-210,ABpxpaapa
GTGGGTCAGTGACTCT-400.2.1,,,245.0,210-270,ABpxppaapp
GTTAAGCCACACCGAC-400.2.1,,Parents_of_PHsh_hyp8_hyp9,260.0,210-270,ABpxpppapa
GTTAAGCGTAAGAGAG-400.2.1,,,290.0,270-330,ABpxppappa
GTTCATTCACACCGAC-400.2.1,,,300.0,270-330,ABpxppaapp
GTTCATTCACAGACAG-400.2.1,,,260.0,210-270,ABpxpaaaap
GTTCGGGGTGCACTTA-400.2.1,,,300.0,270-330,ABpxpapaaa
GTTCGGGTCCCGACTT-400.2.1,,,300.0,270-330,ABpxpppppa
GTTCTCGAGGTACTCT-400.2.1,Ciliated_amphid_neuron,Neuroblast_AWC_SAAVx,270.0,270-330,ABpxpaaaaa
GTTCTCGCAGCAGTTT-400.2.1,,Neuroblast_PVC_LUA,300.0,270-330,ABpxpppaapa
GTTTCTAAGTTACGGG-400.2.1,,,300.0,270-330,ABpxpapaap
GTTTCTATCCACGACG-400.2.1,,,190.0,170-210,ABpxppaap
TAAACCGTCAATAAGG-400.2.1,,Parents_of_U_F_B_DVA,265.0,210-270,ABpxppppap
TAAGAGAAGTGCCAGA-400.2.1,Ciliated_non_amphid_neuron,,260.0,210-270,ABpxpaaapp
TAAGAGACACACGCTG-400.2.1,,,290.0,270-330,ABpxppaaaa
TAAGCGTCAACTGGCC-400.2.1,Ciliated_non_amphid_neuron,,295.0,270-330,ABpxpaappp
TAAGCGTTCTTACCTA-400.2.1,Parent_of_exc_gland_AVK,,280.0,270-330,ABpxpapapa
TACACGAAGCAGCGTA-400.2.1,,DB,340.0,330-390,ABpxpaaaap
TACACGAGTGGCTCCA-400.2.1,,,265.0,210-270,ABpxppaaa
TACAGTGGTATGGTTC-400.2.1,,,200.0,170-210,ABpxpaapa
TACAGTGGTCGCTTTC-400.2.1,,,300.0,270-330,ABpxppappp
TACCTATAGCGTCAAG-400.2.1,,,300.0,270-330,ABpxpapaaa
TACCTATGTTACTGAC-400.2.1,Ciliated_amphid_neuron,Neuroblast_ASH_RIB,260.0,210-270,ABpxpaappa
TACCTTAGTCTCCACT-400.2.1,,,270.0,270-330,ABpxpapaap
TACGGGCTCTTGCAAG-400.2.1,,,215.0,210-270,ABpxpppaaa
TACGGTAGTTCAGACT-400.2.1,Ciliated_amphid_neuron,AWC,380.0,330-390,ABpxpaaaaap
TACTCATAGACCACGA-400.2.1,,,310.0,270-330,ABpxppapap
TACTCATAGGACCACA-400.2.1,,,300.0,270-330,ABpxppapap
TACTCATAGGCCATAG-400.2.1,Ciliated_amphid_neuron,Neuroblast_AWC_SAAVx,245.0,210-270,ABpxpaaaaa
TACTCGCCACTGTCGG-400.2.1,,,220.0,210-270,ABpxpppapa
TACTCGCGTTGATTGC-400.2.1,,,220.0,210-270,ABpxpppaap
TACTTACAGCACACAG-400.2.1,Ciliated_non_amphid_neuron,,220.0,210-270,ABpxpaappp
TAGACCAGTCACCTAA-400.2.1,,,270.0,270-330,ABpxpapaaa
TAGAGCTAGACAAAGG-400.2.1,,,260.0,210-270,ABpxpapaa
TAGAGCTGTGGTACAG-400.2.1,,,290.0,270-330,ABpxpapaaa
TAGCCGGCAGCCTTGG-400.2.1,,,245.0,210-270,ABpxppaaaa
TAGGCATAGGCTAGGT-400.2.1,,DB,300.0,270-330,ABpxpaaaap
TAGGCATAGGCTCAGA-400.2.1,Ciliated_amphid_neuron,ASH,350.0,330-390,ABpxpaappaa
TAGGCATGTTTGACTG-400.2.1,,Neuroblast_PVC_LUA,330.0,330-390,ABpxpppaapa
TAGTGGTCACTCTGTC-400.2.1,,Neuroblast_PVC_LUA,300.0,270-330,ABpxpppaapa
TATCAGGCATACAGCT-400.2.1,,,245.0,210-270,ABpxppppaa
TATCTCATCGTCCGTT-400.2.1,,RIC_parent,310.0,270-330,ABpxppaaaap
TATGCCCAGAGCTGGT-400.2.1,,,200.0,170-210,ABpxpapap
TATGCCCAGCGTCTAT-400.2.1,,,220.0,210-270,ABpxpppaap
TATGCCCCATGCTGGC-400.2.1,,,260.0,210-270,ABpxpppaap
TATGCCCGTGTGACCC-400.2.1,,,300.0,270-330,ABpxpppppa
TATTACCAGCAGGTCA-400.2.1,Parent_of_exc_gland_AVK,,260.0,210-270,ABpxpapapa
TATTACCTCGCCTGAG-400.2.1,,,280.0,270-330,ABpxppapap
TCAATCTCACATAACC-400.2.1,,,300.0,270-330,ABpxppappa
TCAATCTGTACTCAAC-400.2.1,,RIC_parent,340.0,330-390,ABpxppaaaap
TCACAAGGTTGCTCCT-400.2.1,,DB,335.0,330-390,ABpxpaaaap
TCAGATGCATAACCTG-400.2.1,Ciliated_non_amphid_neuron,,260.0,210-270,ABpxpaaapp
TCAGCAAAGTGGTAGC-400.2.1,,,280.0,270-330,ABpxppaaaa
TCAGCAATCTGGTGTA-400.2.1,,,230.0,210-270,ABpxpppaap
TCAGCTCAGGCGTACA-400.2.1,,,260.0,210-270,ABpxpaaaap
TCAGCTCAGTACTTGC-400.2.1,,,260.0,210-270,ABpxppaaa
TCAGCTCGTGTCAATC-400.2.1,,,265.0,210-270,ABpxpaapap
TCAGGATAGTGGTAGC-400.2.1,,,210.0,210-270,ABpxppppaa
TCAGGATCACTTCTGC-400.2.1,,RIC_parent,285.0,270-330,ABpxppaaaap
TCAGGATCATTACCTT-400.2.1,,Neuroblast_PVC_LUA,330.0,330-390,ABpxpppaapa
TCAGGATGTTACGGAG-400.2.1,Ciliated_non_amphid_neuron,,260.0,210-270,ABpxpaaapp
TCAGGTAGTGTCCTCT-400.2.1,,,300.0,270-330,ABpxppappp
TCAGGTATCCATGCTC-400.2.1,,,290.0,270-330,ABpxppapaa
TCATTACAGATCCGAG-400.2.1,,AVB,390.0,390-450,ABpxpaapaap
TCATTACCATCGGAAG-400.2.1,,,175.0,170-210,ABpxppaap
TCATTTGAGGCGCTCT-400.2.1,,,310.0,270-330,ABpxppappp
TCATTTGCAGGCAGTA-400.2.1,Ciliated_amphid_neuron,Neuroblast_AWC_SAAVx,245.0,210-270,ABpxpaaaaa
TCATTTGGTAGTGAAT-400.2.1,Ciliated_amphid_neuron,Neuroblast_ASH_RIB,260.0,210-270,ABpxpaappa
TCCACACTCACCCTCA-400.2.1,,SIA,490.0,450-510,ABpxpapaapa/ABpxpapappa
TCCACACTCCTAGGGC-400.2.1,,,260.0,210-270,ABpxpppaap
TCCCGATAGAACAACT-400.2.1,,Parents_of_Y_DA6_DA7_DA9,280.0,270-330,ABpxpppaaa
TCCCGATAGATCACGG-400.2.1,,,300.0,270-330,ABpxppapaa
TCCCGATGTGTGTGCC-400.2.1,,,300.0,270-330,ABpxppapaa
TCGCGAGAGCCCGAAA-400.2.1,,,295.0,270-330,ABpxppapaa
TCGCGAGTCCGTTGTC-400.2.1,,SIA,400.0,390-450,ABpxpapaapa/ABpxpapappa
TCGGGACAGGTAAACT-400.2.1,,,260.0,210-270,ABpxpapaaa
TCGGGACCAATCCGAT-400.2.1,Ciliated_amphid_neuron,ASH,375.0,330-390,ABpxpaappaa
TCGGTAACATCGGAAG-400.2.1,,,295.0,270-330,ABpxpaaapa
TCGTACCCAAGTAATG-400.2.1,,,190.0,170-210,ABpxpaappp
TCGTAGATCGGTGTCG-400.2.1,,,200.0,170-210,ABpxppapap
TCTATTGTCCGCGCAA-400.2.1,,,300.0,270-330,ABpxppapap
TCTCATAGTTATGTGC-400.2.1,,,280.0,270-330,ABpxpaaapa
TCTCTAATCGTCTGAA-400.2.1,,,270.0,270-330,ABpxpapapp
TCTGAGATCTACTTAC-400.2.1,,,260.0,210-270,ABpxpppppa
TCTGGAAAGAGTCGGT-400.2.1,Ciliated_amphid_neuron,ASH,360.0,330-390,ABpxpaappaa
TCTTCGGCAAGTAATG-400.2.1,,,270.0,270-330,ABpxpaaaaa
TCTTCGGTCGCGCCAA-400.2.1,,,200.0,170-210,ABpxpaapap
TCTTTCCCAAAGGTGC-400.2.1,,,260.0,210-270,ABpxpppppa
TCTTTCCTCGTCTGCT-400.2.1,,,260.0,210-270,ABpxpppaaa
TGAAAGAAGAGGGCTT-400.2.1,,AMso_parent,285.0,270-330,ABpxpaapap
TGAAAGAAGCGTAGTG-400.2.1,,,295.0,270-330,ABpxppaapp
TGACGGCTCCCGACTT-400.2.1,,Parents_of_U_F_B_DVA,270.0,270-330,ABpxppppap
TGACGGCTCTTGAGAC-400.2.1,,,210.0,210-270,ABpxpaaaap
TGACTAGCAAGCTGAG-400.2.1,,Parents_of_PHsh_hyp8_hyp9,260.0,210-270,ABpxpppapa
TGACTAGTCAAGGTAA-400.2.1,,,200.0,170-210,ABpxppappp
TGACTAGTCCACGTGG-400.2.1,,RIM_parent,300.0,270-330,ABpxppaapa
TGACTAGTCTTACCTA-400.2.1,Ciliated_non_amphid_neuron,,230.0,210-270,ABpxpaaapp
TGACTTTTCGTTACAG-400.2.1,,,260.0,210-270,ABpxpaapaa
TGAGAGGCACGCTTTC-400.2.1,,,300.0,270-330,ABpxppappa
TGAGAGGTCCTCTAGC-400.2.1,,,200.0,170-210,ABpxpaaapa
TGAGCCGGTACTTGAC-400.2.1,,,300.0,270-330,ABpxpapaap
TGAGCCGTCAGGCGAA-400.2.1,,,300.0,270-330,ABpxpapaaa
TGAGGGAAGAAGGCCT-400.2.1,Ciliated_amphid_neuron,,185.0,170-210,ABpxpaaaap
TGAGGGAGTTTCCACC-400.2.1,,,260.0,210-270,ABpxppaaaa
TGATTTCCATCTACGA-400.2.1,Ciliated_non_amphid_neuron,,260.0,210-270,ABpxpaappp
TGCACCTCATTGAGCT-400.2.1,,,260.0,210-270,ABpxppapaa
TGCCCTACACATCCAA-400.2.1,Ciliated_amphid_neuron,AWC,370.0,330-390,ABpxpaaaaap
TGCCCTAGTTACGACT-400.2.1,Ciliated_non_amphid_neuron,,260.0,210-270,ABpxpaappp
TGCTGCTGTAGCAAAT-400.2.1,,,205.0,170-210,ABpxpaaapp
TGGACGCCAGGGTTAG-400.2.1,,AMso_parent,260.0,210-270,ABpxpaapap
TGGCCAGGTCGCGGTT-400.2.1,,,180.0,170-210,ABpxppapp
TGGCGCAAGTCAAGGC-400.2.1,,,215.0,210-270,ABpxppapap
TGGCGCAGTCCATCCT-400.2.1,,,200.0,170-210,ABpxppaaa
TGGCTGGCAACACCTA-400.2.1,,,210.0,210-270,ABpxppppa
TGGCTGGGTCCATGAT-400.2.1,Ciliated_non_amphid_neuron,,260.0,210-270,ABpxpaaapp
TGGCTGGTCGAGAGCA-400.2.1,Ciliated_amphid_neuron,,190.0,170-210,ABpxpaaaa
TGGGAAGCATCCGTGG-400.2.1,,RIC_parent,335.0,330-390,ABpxppaaaap
TGGGAAGTCCCTAATT-400.2.1,,,280.0,270-330,ABpxpppaap
TGGGCGTGTGATGCCC-400.2.1,,,300.0,270-330,ABpxppapaa
TGGGCGTTCAGGCCCA-400.2.1,Ciliated_amphid_neuron,AWC,425.0,390-450,ABpxpaaaaap
TGGGCGTTCCTGTAGA-400.2.1,,,275.0,270-330,ABpxpapaaa
TGGTTAGTCTTTAGGG-400.2.1,,Parents_of_PHsh_hyp8_hyp9,265.0,210-270,ABpxpppapa
TGGTTCCAGTAGCCGA-400.2.1,,DB,300.0,270-330,ABpxpaaaap
TGGTTCCAGTCGTACT-400.2.1,Parent_of_exc_duct_pore_DB_1_3,DB,300.0,270-330,ABpxpaaaap
TGGTTCCCAAGTCTAC-400.2.1,,,285.0,270-330,ABpxpapapp
TGGTTCCCAGAAGCAC-400.2.1,Ciliated_amphid_neuron,ASH,380.0,330-390,ABpxpaappaa
TGGTTCCGTCGACTAT-400.2.1,Ciliated_amphid_neuron,Neuroblast_AWC_SAAVx,270.0,270-330,ABpxpaaaaa
TGGTTCCGTTGGACCC-400.2.1,,,245.0,210-270,ABpxppaaa
TGTCCCAGTAGCGCTC-400.2.1,,,295.0,270-330,ABpxppaapp
TGTGGTACACCGATAT-400.2.1,Glia,AMso,330.0,330-390,ABpxpaapapa
TGTGGTACAGCTGCAC-400.2.1,,RIC,420.0,390-450,ABpxppaaaapp
TGTGGTACATCATCCC-400.2.1,,,300.0,270-330,ABpxppappp
TGTGGTAGTGTAACGG-400.2.1,,RIM_parent,260.0,210-270,ABpxppaapa
TGTGTTTTCACTATTC-400.2.1,,RIC_parent,340.0,330-390,ABpxppaaaap
TGTTCCGAGACTAAGT-400.2.1,Ciliated_amphid_neuron,ASH,350.0,330-390,ABpxpaappaa
TGTTCCGGTATTCGTG-400.2.1,,,190.0,170-210,ABpxpaapa
TGTTCCGGTGATGATA-400.2.1,Glia,AMso,440.0,390-450,ABpxpaapapa
TTAGGACGTCCCTACT-400.2.1,,RIC_parent,355.0,330-390,ABpxppaaaap
TTAGGACGTGAGTATA-400.2.1,,Parents_of_Y_DA6_DA7_DA9,270.0,270-330,ABpxpppaaa
TTAGGCACAAGAGGCT-400.2.1,,,170.0,170-210,ABpxpaappa
TTAGGCAGTATAAACG-400.2.1,,,195.0,170-210,ABpxppppaa
TTAGTTCGTTCCATGA-400.2.1,,,285.0,270-330,ABpxppaaaa
TTATGCTTCAAAGACA-400.2.1,,,220.0,210-270,ABpxpaaaap
TTCCCAGGTCTGATTG-400.2.1,,,230.0,210-270,ABpxpppapa
TTCCCAGTCATCATTC-400.2.1,,,260.0,210-270,ABpxppappa
TTCGGTCTCAACCATG-400.2.1,,,260.0,210-270,ABpxpapaaa
TTCTACATCAAACCAC-400.2.1,,,210.0,210-270,ABpxppppaa
TTCTTAGAGGAGTCTG-400.2.1,,,270.0,270-330,ABpxpaapaa
TTCTTAGAGGCCATAG-400.2.1,Ciliated_amphid_neuron,ASH,405.0,390-450,ABpxpaappaa
TTCTTAGCATGTTCCC-400.2.1,,RIM_parent,270.0,270-330,ABpxppaapa
TTCTTAGGTTCCACGG-400.2.1,,,170.0,170-210,ABpxppppap
TTGACTTGTTAGTGGG-400.2.1,,,270.0,270-330,ABpxppaaaa
TTGCCGTCACATCCGG-400.2.1,Ciliated_non_amphid_neuron,,265.0,210-270,ABpxpaaapp
TTGCCGTTCGAGAGCA-400.2.1,,,300.0,270-330,ABpxppapap
TTGCGTCAGGATGTAT-400.2.1,,DB,310.0,270-330,ABpxpaaaap
TTGCGTCAGTCAAGGC-400.2.1,,Neuroblast_PVC_LUA,300.0,270-330,ABpxpppaapa
TTGCGTCCATAGAAAC-400.2.1,Ciliated_non_amphid_neuron,,260.0,210-270,ABpxpaaapp
TTGGAACAGTACCGGA-400.2.1,,Parent_of_tail_spike_and_hyp10,220.0,210-270,ABpxpppppp
TTGGAACGTCACCTAA-400.2.1,,,175.0,170-210,ABpxppapp
TTGGCAAAGGTCATCT-400.2.1,,,175.0,170-210,ABpxpaaa
TTGGCAACAGCAGTTT-400.2.1,,,260.0,210-270,ABpxpapapa
TTGGCAAGTAAATGAC-400.2.1,,,230.0,210-270,ABpxpppaap
TTGGCAAGTTCAGTAC-400.2.1,,Neuroblast_PVC_LUA,300.0,270-330,ABpxpppaapa
TTGTAGGAGATCGGGT-400.2.1,,RIM_parent,270.0,270-330,ABpxppaapa
TTGTAGGAGTCACGCC-400.2.1,,,280.0,270-330,ABpxppaapp
TTGTAGGGTGTGCGTC-400.2.1,Ciliated_non_amphid_neuron,,260.0,210-270,ABpxpaaapp
TTTACTGAGTGTTAGA-400.2.1,Excretory_duct_and_pore,,330.0,330-390,ABpxpaaaapa
TTTACTGGTAGCTCCG-400.2.1,Ciliated_amphid_neuron,Neuroblast_AWC_SAAVx,260.0,210-270,ABpxpaaaaa
TTTATGCTCAGCTTAG-400.2.1,,,300.0,270-330,ABpxpapaaa
TTTCCTCCACTAGTAC-400.2.1,,,195.0,170-210,ABpxppaaa
TTTCCTCCAGCCTTTC-400.2.1,,,170.0,170-210,ABpxpaaaa
TTTCCTCGTCTAAACC-400.2.1,,,280.0,270-330,ABpxpaapaa
TTTGCGCCAAGAAGAG-400.2.1,,,200.0,170-210,ABpxpapaa
TTTGTCAGTGTGCCTG-400.2.1,,RIV,360.0,330-390,ABpxpaapaaa
AAACCTGAGATGTGTA-400.2.2,Ciliated_non_amphid_neuron,,260.0,210-270,ABpxpaappp
AAACCTGCAAGCTGAG-400.2.2,,RIV,360.0,330-390,ABpxpaapaaa
AAACCTGCACTCAGGC-400.2.2,Ciliated_non_amphid_neuron,,260.0,210-270,ABpxpaaapp
AAACCTGCAGATGAGC-400.2.2,Ciliated_amphid_neuron,Neuroblast_AWC_SAAVx,260.0,210-270,ABpxpaaaaa
AAACCTGTCACTTCAT-400.2.2,Excretory_duct_and_pore,,330.0,330-390,ABpxpaaaapa
AAACCTGTCATTGCCC-400.2.2,,AMso_parent,280.0,270-330,ABpxpaapap
AAACCTGTCTTACCTA-400.2.2,,,300.0,270-330,ABpxppapaa
AAACGGGGTGCTCTTC-400.2.2,Excretory_duct_and_pore,,320.0,270-330,ABpxpaaaapa
AAACGGGTCCGAACGC-400.2.2,Ciliated_amphid_neuron,ASH,345.0,330-390,ABpxpaappaa
AAAGATGAGAATTGTG-400.2.2,,,285.0,270-330,ABpxppaaaa
AAAGATGCAATCACAC-400.2.2,,,200.0,170-210,ABpxppappp
AAAGATGTCATCGCTC-400.2.2,Ciliated_amphid_neuron,Neuroblast_ASH_RIB,260.0,210-270,ABpxpaappa
AAAGCAAGTTGAGTTC-400.2.2,,,220.0,210-270,ABpxppappp
AAAGCAATCCTCATTA-400.2.2,Ciliated_amphid_neuron,Neuroblast_AWC_SAAVx,230.0,210-270,ABpxpaaaaa
AAAGCAATCTAACCGA-400.2.2,,,230.0,210-270,ABpxppppap
AAAGCAATCTCTGTCG-400.2.2,,RIC_parent,320.0,270-330,ABpxppaaaap
AAAGTAGCAACACGCC-400.2.2,,,240.0,210-270,ABpxppappa
AAAGTAGTCTTTACGT-400.2.2,,,285.0,270-330,ABpxpapaap
AAATGCCAGAAGGTTT-400.2.2,,,280.0,270-330,ABpxppaaaa
AAATGCCTCTTACCGC-400.2.2,Ciliated_amphid_neuron,Neuroblast_ASH_RIB,230.0,210-270,ABpxpaappa
AACACGTAGATCCCGC-400.2.2,Glia,AMso,350.0,330-390,ABpxpaapapa
AACACGTGTGTCAATC-400.2.2,,,260.0,210-270,ABpxpaaaaa
AACCATGCAACACCCG-400.2.2,Excretory_duct_and_pore,,330.0,330-390,ABpxpaaaapa
AACCGCGGTCTAGCGC-400.2.2,,RME_LR_parent,300.0,270-330,ABpxppaaa
AACGTTGCAGACTCGC-400.2.2,,,220.0,210-270,ABpxppppap
AACGTTGGTCATTAGC-400.2.2,,Neuroblast_PVC_LUA,300.0,270-330,ABpxpppaapa
AACTCAGGTTGATTGC-400.2.2,,Parents_of_PHsh_hyp8_hyp9,260.0,210-270,ABpxpppapa
AACTCCCAGTGCCATT-400.2.2,,,230.0,210-270,ABpxppppaa
AACTCTTCAAGGTTTC-400.2.2,Ciliated_amphid_neuron,ASH,415.0,390-450,ABpxpaappaa
AACTCTTCATCATCCC-400.2.2,,,285.0,270-330,ABpxpapaap
AACTCTTGTGTGAATA-400.2.2,Ciliated_amphid_neuron,AWC,425.0,390-450,ABpxpaaaaap
AACTGGTTCCCTGACT-400.2.2,Ciliated_amphid_neuron,Neuroblast_AWC_SAAVx,230.0,210-270,ABpxpaaaaa
AACTGGTTCCTATTCA-400.2.2,Ciliated_non_amphid_neuron,,260.0,210-270,ABpxpaaapp
AAGACCTAGTATTGGA-400.2.2,,,220.0,210-270,ABpxppppap
AAGACCTGTACTCTCC-400.2.2,,Neuroblast_PVC_LUA,320.0,270-330,ABpxpppaapa
AAGACCTGTCACCTAA-400.2.2,Ciliated_non_amphid_neuron,,260.0,210-270,ABpxpaaapp
AAGACCTGTCGGCACT-400.2.2,Excretory_gland,,350.0,330-390,ABpxpapapaa
AAGCCGCAGATGTGGC-400.2.2,Ciliated_non_amphid_neuron,,230.0,210-270,ABpxppaapa
AAGGAGCCAGTATCTG-400.2.2,,RIC_parent,300.0,270-330,ABpxppaaaap
AAGGAGCTCTCGGACG-400.2.2,,,230.0,210-270,ABpxpppapa
AAGGCAGCATCAGTCA-400.2.2,Parent_of_exc_duct_pore_DB_1_3,,330.0,330-390,ABpxpaaaap
AAGGCAGTCGCAAGCC-400.2.2,Ciliated_amphid_neuron,Neuroblast_AWC_SAAVx,260.0,210-270,ABpxpaaaaa
AAGGTTCAGTCTTGCA-400.2.2,Ciliated_amphid_neuron,ASH,390.0,390-450,ABpxpaappaa
AAGGTTCCAAGAAGAG-400.2.2,,RIM_parent,295.0,270-330,ABpxppaapa
AAGGTTCTCGTTTGCC-400.2.2,Ciliated_amphid_neuron,Neuroblast_ASH_RIB,290.0,270-330,ABpxpaappa
AAGTCTGCAATCGAAA-400.2.2,Ciliated_amphid_neuron,Neuroblast_AWC_SAAVx,260.0,210-270,ABpxpaaaaa
AATCCAGAGCATCATC-400.2.2,,,260.0,210-270,ABpxppappa
AATCCAGCATGCCTTC-400.2.2,,SIA,370.0,330-390,ABpxpapaapa/ABpxpapappa
AATCCAGCATTGAGCT-400.2.2,Ciliated_amphid_neuron,Neuroblast_AWC_SAAVx,285.0,270-330,ABpxpaaaaa
AATCCAGGTGTGAAAT-400.2.2,,,260.0,210-270,ABpxppapaa
AATCGGTAGACTGTAA-400.2.2,Ciliated_amphid_neuron,AWC,405.0,390-450,ABpxpaaaaap
AATCGGTCATCACCCT-400.2.2,,,300.0,270-330,ABpxppapap
AATCGGTGTACGCTGC-400.2.2,,,300.0,270-330,ABpxppapaa
ACACCAACACCAGATT-400.2.2,,AVK,435.0,390-450,ABpxpapapap
ACACCAAGTCTCCATC-400.2.2,Glia,AMso,350.0,330-390,ABpxpaapapa
ACACCAAGTTAAAGAC-400.2.2,Ciliated_non_amphid_neuron,,265.0,210-270,ABpxpaappp
ACACCCTGTCACTTCC-400.2.2,,,330.0,330-390,ABpxppapaa
ACACCGGCACGAAATA-400.2.2,,,320.0,270-330,ABpxpapaaa
ACACCGGGTAAGCACG-400.2.2,,,260.0,210-270,ABpxpaapaa
ACACCGGGTACAGCAG-400.2.2,,,260.0,210-270,ABpxpppaap
ACACTGATCAGCGATT-400.2.2,,,295.0,270-330,ABpxppaapp
ACATACGAGGCCGAAT-400.2.2,,,190.0,170-210,ABpxppaaa
ACATACGCATTAGCCA-400.2.2,,RIV,370.0,330-390,ABpxpaapaaa
ACATACGTCATGTCCC-400.2.2,,,260.0,210-270,ABpxppappa
ACATCAGCAGACAAGC-400.2.2,,RIC_parent,350.0,330-390,ABpxppaaaap
ACATGGTAGGGTATCG-400.2.2,,,270.0,270-330,ABpxppapaa
ACATGGTAGTGCTGCC-400.2.2,,,260.0,210-270,ABpxpppppa
ACATGGTCACAGCGTC-400.2.2,,RIM,450.0,450-510,ABpxppaapap
ACATGGTCAGTACACT-400.2.2,,,215.0,210-270,ABpxpaaap
ACATGGTTCGGCTACG-400.2.2,,,260.0,210-270,ABpxpppaap
ACCAGTAAGCGTTTAC-400.2.2,,,290.0,270-330,ABpxpaapaa
ACCCACTAGCGTGAGT-400.2.2,,,295.0,270-330,ABpxppaapp
ACCCACTCAAGTTGTC-400.2.2,,,280.0,270-330,ABpxpapapp
ACCCACTCAGATCTGT-400.2.2,,,200.0,170-210,ABpxppappp
ACCGTAACAGTAGAGC-400.2.2,,,260.0,210-270,ABpxppappa
ACCGTAAGTTCGGCAC-400.2.2,,Parents_of_PHsh_hyp8_hyp9,270.0,270-330,ABpxpppapa
ACCGTAATCAGAGACG-400.2.2,,,290.0,270-330,ABpxppappp
ACCGTAATCTATCCTA-400.2.2,Parent_of_exc_duct_pore_DB_1_3,,270.0,270-330,ABpxpaaaap
ACCTTTACACCAGCAC-400.2.2,,,300.0,270-330,ABpxppappp
ACCTTTATCGGTGTTA-400.2.2,,,170.0,170-210,ABpxpppaa
ACGAGCCCACACCGCA-400.2.2,Glia,AMso,370.0,330-390,ABpxpaapapa
ACGAGGACAAGTCTAC-400.2.2,,,210.0,210-270,ABpxpppaap
ACGAGGATCTGGAGCC-400.2.2,,DD,350.0,330-390,ABpxppappp
ACGATACCAGAAGCAC-400.2.2,,AMso_parent,290.0,270-330,ABpxpaapap
ACGATACTCCTCATTA-400.2.2,,Parents_of_U_F_B_DVA,270.0,270-330,ABpxppppap
ACGATGTAGCTAAACA-400.2.2,,,285.0,270-330,ABpxppaaaa
ACGATGTAGTAGCGGT-400.2.2,,,220.0,210-270,ABpxpppapa
ACGATGTTCATCGCTC-400.2.2,,,260.0,210-270,ABpxpapaaa
ACGATGTTCGGCTACG-400.2.2,,Neuroblast_PVC_LUA,300.0,270-330,ABpxpppaapa
ACGATGTTCTCCTATA-400.2.2,,PVP,350.0,330-390,ABpxppppaaa
ACGCAGCGTATTCTCT-400.2.2,,PVP,350.0,330-390,ABpxppppaaa
ACGCAGCTCATGTAGC-400.2.2,,,260.0,210-270,ABpxpppapa
ACGCCGACAAAGCAAT-400.2.2,,,180.0,170-210,ABpxpppaa
ACGGCCAGTAAGTTCC-400.2.2,,,200.0,170-210,ABpxpaaaap
ACGGGCTCAGCTTCGG-400.2.2,,,300.0,270-330,ABpxpapaap
ACGGGTCCAGTACACT-400.2.2,,,190.0,170-210,ABpxppapp
ACGTCAAAGGGCATGT-400.2.2,,Neuroblast_PVC_LUA,300.0,270-330,ABpxpppaapa
ACGTCAACACATCCGG-400.2.2,,,265.0,210-270,ABpxppapaa
ACGTCAAGTGTGGTTT-400.2.2,,,300.0,270-330,ABpxpapaap
ACTATCTCAAACCTAC-400.2.2,Ciliated_non_amphid_neuron,,230.0,210-270,ABpxpaappp
ACTATCTGTAATTGGA-400.2.2,,,205.0,170-210,ABpxpaapap
ACTATCTTCGTTGCCT-400.2.2,,,175.0,170-210,ABpxpaap
ACTGAACAGCACACAG-400.2.2,,,170.0,170-210,ABpxpaapp
ACTGAACAGGTGTTAA-400.2.2,,RIC_parent,340.0,330-390,ABpxppaaaap
ACTGAACTCGCGGATC-400.2.2,Excretory_duct_and_pore,,330.0,330-390,ABpxpaaaapa
ACTGAGTAGAGCAATT-400.2.2,,,260.0,210-270,ABpxppappp
ACTGAGTCAGGGTTAG-400.2.2,,,260.0,210-270,ABpxppappa
ACTGAGTGTAAGCACG-400.2.2,,,210.0,210-270,ABpxpaaaap
ACTGATGGTCTGGTCG-400.2.2,,,300.0,270-330,ABpxpapapp
ACTGATGGTGCACTTA-400.2.2,,,290.0,270-330,ABpxpapapp
ACTGCTCCAAGCCATT-400.2.2,Ciliated_non_amphid_neuron,,205.0,170-210,ABpxppappp
ACTGCTCTCAGAGGTG-400.2.2,,,260.0,210-270,ABpxpaapaa
ACTGTCCAGCGTGTCC-400.2.2,,,260.0,210-270,ABpxppaaa
ACTGTCCAGGTCATCT-400.2.2,,,270.0,270-330,ABpxpppaaa
ACTTACTGTAAGCACG-400.2.2,Ciliated_amphid_neuron,ASH,340.0,330-390,ABpxpaappaa
ACTTACTTCAACGCTA-400.2.2,Ciliated_non_amphid_neuron,,260.0,210-270,ABpxpaaapa
ACTTGTTAGAATCTCC-400.2.2,,,290.0,270-330,ABpxppappa
ACTTGTTTCACGAAGG-400.2.2,,,280.0,270-330,ABpxpaaapa
ACTTTCAGTCATCGGC-400.2.2,,,300.0,270-330,ABpxpapapp
ACTTTCATCCCAACGG-400.2.2,,,230.0,210-270,ABpxppppap
ACTTTCATCCCTAACC-400.2.2,,,200.0,170-210,ABpxppapa
ACTTTCATCGGGAGTA-400.2.2,,,250.0,210-270,ABpxppaaaa
AGAATAGCAGATCTGT-400.2.2,,,260.0,210-270,ABpxppaaaa
AGACGTTAGTTAACGA-400.2.2,,RIM_parent,260.0,210-270,ABpxppaapa
AGACGTTCAAGGACTG-400.2.2,,,265.0,210-270,ABpxppapaa
AGACGTTGTATAGGGC-400.2.2,,SIB,360.0,330-390,ABpxpapaapp/ABpxppaaaaa
AGAGCTTTCTTCTGGC-400.2.2,,,300.0,270-330,ABpxpapaaa
AGAGTGGCAGTCTTCC-400.2.2,,,260.0,210-270,ABpxpppaap
AGATCTGCAGGATTGG-400.2.2,,,285.0,270-330,ABpxpaaapa
AGCAGCCAGACGCAAC-400.2.2,,,245.0,210-270,ABpxpaapaa
AGCAGCCAGAGCTGGT-400.2.2,Parent_of_exc_duct_pore_DB_1_3,,275.0,270-330,ABpxpaaaap
AGCAGCCTCAACCAAC-400.2.2,Ciliated_amphid_neuron,ASH,390.0,390-450,ABpxpaappaa
AGCATACAGAGTCTGG-400.2.2,,,300.0,270-330,ABpxppappp
AGCATACGTCGAAAGC-400.2.2,,AVK,385.0,330-390,ABpxpapapap
AGCATACTCCCTAATT-400.2.2,,,260.0,210-270,ABpxppaaaa
AGCCTAAAGACTGGGT-400.2.2,,,210.0,210-270,ABpxpaaaa
AGCCTAATCTGCTTGC-400.2.2,,,260.0,210-270,ABpxppaapp
AGCGGTCAGAAGGTGA-400.2.2,,RIC_parent,300.0,270-330,ABpxppaaaap
AGCGGTCCATATGGTC-400.2.2,,,275.0,270-330,ABpxpapapa
AGCGGTCTCATCATTC-400.2.2,,DB,340.0,330-390,ABpxpaaaap
AGCGTATCAACTTGAC-400.2.2,,RIM_parent,300.0,270-330,ABpxppaapa
AGCGTATGTGTGAAAT-400.2.2,,Parent_of_PVP_and_rect_V,330.0,330-390,ABpxppppaa
AGCTCCTAGGGTGTGT-400.2.2,,,290.0,270-330,ABpxppapap
AGCTCCTTCAAACCGT-400.2.2,,,260.0,210-270,ABpxppappp
AGGCCACAGTCAAGCG-400.2.2,,,310.0,270-330,ABpxppapaa
AGGCCACGTTTGTGTG-400.2.2,,,220.0,210-270,ABpxpppaap
AGGGAGTCAGATCTGT-400.2.2,Parent_of_exc_duct_pore_DB_1_3,,300.0,270-330,ABpxpaaaap
AGGGAGTGTTGGTGGA-400.2.2,,,230.0,210-270,ABpxpaaapa
AGGGATGTCCGAATGT-400.2.2,,Neuroblast_PVC_LUA,320.0,270-330,ABpxpppaapa
AGGGATGTCCGCATCT-400.2.2,,RIM,405.0,390-450,ABpxppaapap
AGGGTGAGTCAAACTC-400.2.2,Ciliated_amphid_neuron,ASH,360.0,330-390,ABpxpaappaa
AGGGTGATCACAGTAC-400.2.2,,Parents_of_PHsh_hyp8_hyp9,260.0,210-270,ABpxpppapa
AGGTCATGTCTAAAGA-400.2.2,,,320.0,270-330,ABpxppappp
AGGTCATGTCTAGGTT-400.2.2,Ciliated_amphid_neuron,Neuroblast_AWC_SAAVx,230.0,210-270,ABpxpaaaaa
AGGTCCGCAAGGACAC-400.2.2,,,280.0,270-330,ABpxpaapaa
AGGTCCGGTCCATCCT-400.2.2,Ciliated_amphid_neuron,AWC,360.0,330-390,ABpxpaaaaap
AGGTCCGTCCTTAATC-400.2.2,,Neuroblast_PVC_LUA,300.0,270-330,ABpxpppaapa
AGGTCCGTCGGCTACG-400.2.2,,,270.0,270-330,ABpxpaapaa
AGTAGTCAGAGGTAGA-400.2.2,,Neuroblast_PVC_LUA,325.0,270-330,ABpxpppaapa
AGTAGTCTCGGCATCG-400.2.2,,Neuroblast_PVC_LUA,300.0,270-330,ABpxpppaapa
AGTCTTTCAAGCGTAG-400.2.2,,,280.0,270-330,ABpxppaapp
AGTGGGATCCGCTGTT-400.2.2,,,195.0,170-210,ABpxppaaa
AGTGTCAGTCACTTCC-400.2.2,,RIC_parent,345.0,330-390,ABpxppaaaap
AGTTGGTCAGTGGGAT-400.2.2,,,260.0,210-270,ABpxppppp
ATAACGCCAACCGCCA-400.2.2,,Parents_of_U_F_B_DVA,295.0,270-330,ABpxppppap
ATAACGCGTATAAACG-400.2.2,,,210.0,210-270,ABpxpaapap
ATAAGAGAGGCTCTTA-400.2.2,,,295.0,270-330,ABpxpaaapa
ATAGACCCAAGGACTG-400.2.2,,,260.0,210-270,ABpxpapaaa
ATAGACCCATTAGGCT-400.2.2,,,170.0,170-210,ABpxppppap
ATCACGAAGCGTCTAT-400.2.2,Parent_of_exc_duct_pore_DB_1_3,,270.0,270-330,ABpxpaaaap
ATCACGAAGCTCCTTC-400.2.2,,,260.0,210-270,ABpxpppaap
ATCACGACAGTCCTTC-400.2.2,,,285.0,270-330,ABpxppapaa
ATCATCTGTGAAATCA-400.2.2,,AVK,420.0,390-450,ABpxpapapap
ATCATCTGTTTGACAC-400.2.2,,,190.0,170-210,ABpxpapaa
ATCATGGAGGTCGGAT-400.2.2,,,275.0,270-330,ABpxppaaaa
ATCATGGGTAGAGCTG-400.2.2,,,205.0,170-210,ABpxpapaa
ATCATGGTCCGAATGT-400.2.2,Ciliated_amphid_neuron,Neuroblast_AWC_SAAVx,270.0,270-330,ABpxpaaaaa
ATCCACCAGACTCGGA-400.2.2,,,230.0,210-270,ABpxppaapp
ATCCACCAGAGCTATA-400.2.2,,Neuroblast_PVC_LUA,300.0,270-330,ABpxpppaapa
ATCCGAACAGTCAGCC-400.2.2,Parent_of_exc_duct_pore_DB_1_3,,270.0,270-330,ABpxpaaaap
ATCCGAAGTAGCGATG-400.2.2,,,270.0,270-330,ABpxpaappp
ATCGAGTAGATGGCGT-400.2.2,,,285.0,270-330,ABpxpapaap
ATCGAGTCACGAAATA-400.2.2,,,205.0,170-210,ABpxppaaaa
ATCGAGTGTAGCAAAT-400.2.2,,,210.0,210-270,ABpxpaaaa
ATCTACTGTACCGTAT-400.2.2,,,210.0,210-270,ABpxpppppp
ATCTACTGTTCCATGA-400.2.2,,,195.0,170-210,ABpxpapaa
ATCTGCCAGAGCTGGT-400.2.2,,,215.0,210-270,ABpxpapapp
ATCTGCCCAGTTTACG-400.2.2,,Parents_of_U_F_B_DVA,270.0,270-330,ABpxppppap
ATGAGGGAGATAGGAG-400.2.2,,RIV,350.0,330-390,ABpxpaapaaa
ATGCGATGTTGAGGTG-400.2.2,,,230.0,210-270,ABpxppaapp
ATGCGATTCGCACTCT-400.2.2,Ciliated_amphid_neuron,ASH,390.0,390-450,ABpxpaappaa
ATGGGAGAGGACCACA-400.2.2,Parent_of_exc_duct_pore_DB_1_3,,275.0,270-330,ABpxpaaaap
ATGGGAGGTTTGCATG-400.2.2,,,270.0,270-330,ABpxpaapaa
ATGTGTGCATGGTCAT-400.2.2,,,230.0,210-270,ABpxppppap
ATGTGTGGTCTTGTCC-400.2.2,,,270.0,270-330,ABpxpapapp
ATGTGTGGTGACGCCT-400.2.2,Parent_of_exc_gland_AVK,,260.0,210-270,ABpxpapapa
ATTACTCCAAAGCGGT-400.2.2,,,280.0,270-330,ABpxpaaapa
ATTACTCGTACCATCA-400.2.2,,,290.0,270-330,ABpxppaapp
ATTATCCCAATTGCTG-400.2.2,Ciliated_amphid_neuron,Neuroblast_AWC_SAAVx,270.0,270-330,ABpxpaaaaa
ATTATCCTCACCTCGT-400.2.2,,,230.0,210-270,ABpxppppaa
ATTCTACGTCACAAGG-400.2.2,,,300.0,270-330,ABpxpapaap
ATTCTACGTGTGAATA-400.2.2,Ciliated_non_amphid_neuron,,270.0,270-330,ABpxpaappp
ATTGGACAGGGTCTCC-400.2.2,,,180.0,170-210,ABpxpapapp
ATTGGACCATACAGCT-400.2.2,,,300.0,270-330,ABpxpapaaa
ATTGGACGTTATGTGC-400.2.2,Ciliated_amphid_neuron,ASH,380.0,330-390,ABpxpaappaa
ATTGGACTCATTTGGG-400.2.2,,Neuroblast_PVC_LUA,300.0,270-330,ABpxpppaapa
ATTGGTGAGCTGAACG-400.2.2,,,220.0,210-270,ABpxppaapp
ATTGGTGAGTCAAGCG-400.2.2,,PVP,350.0,330-390,ABpxppppaaa
ATTGGTGCACCACGTG-400.2.2,,,265.0,210-270,ABpxppaaaa
ATTGGTGTCTTGAGGT-400.2.2,,,295.0,270-330,ABpxppappp
ATTTCTGAGGATGTAT-400.2.2,Glia,AMso,350.0,330-390,ABpxpaapapa
ATTTCTGAGGCATGGT-400.2.2,,,285.0,270-330,ABpxpapaap
ATTTCTGGTACCCAAT-400.2.2,,,195.0,170-210,ABpxpaaap
CAACCTCCACACCGAC-400.2.2,,,285.0,270-330,ABpxppappp
CAACCTCCATAGAAAC-400.2.2,,AVB,335.0,330-390,ABpxpaapaap
CAACTAGTCTCTAAGG-400.2.2,,,290.0,270-330,ABpxpppaap
CAAGAAAGTAGGGACT-400.2.2,,,230.0,210-270,ABpxppaapp
CAAGAAATCGATGAGG-400.2.2,,,260.0,210-270,ABpxppaaaa
CAAGATCAGAACAACT-400.2.2,,,215.0,210-270,ABpxpaapap
CAAGATCTCAGAGGTG-400.2.2,Ciliated_amphid_neuron,AWC,380.0,330-390,ABpxpaaaaap
CAAGGCCAGTAGGCCA-400.2.2,,,300.0,270-330,ABpxpapaaa
CAAGGCCGTCTAAAGA-400.2.2,Pharyngeal_neuron,,270.0,270-330,ABpxpaapaa
CAAGGCCTCACGAAGG-400.2.2,,RIC_parent,330.0,330-390,ABpxppaaaap
CAAGGCCTCGCGATCG-400.2.2,,,245.0,210-270,ABpxpaaapa
CAAGTTGCACCAGGTC-400.2.2,Parent_of_exc_gland_AVK,,280.0,270-330,ABpxpapapa
CACAAACAGCTCCTCT-400.2.2,,RIC_parent,345.0,330-390,ABpxppaaaap
CACAAACAGCTTTGGT-400.2.2,,RIV,380.0,330-390,ABpxpaapaaa
CACAAACCATTCGACA-400.2.2,,,200.0,170-210,ABpxpppap
CACAAACGTGACAAAT-400.2.2,,RIC_parent,340.0,330-390,ABpxppaaaap
CACACAAAGGGCTTGA-400.2.2,,,230.0,210-270,ABpxpaapap
CACACCTTCAGTTAGC-400.2.2,,,220.0,210-270,ABpxppppaa
CACACTCAGTAAGTAC-400.2.2,Parent_of_exc_gland_AVK,,280.0,270-330,ABpxpapapa
CACAGGCGTTGCTCCT-400.2.2,,Parents_of_Y_DA6_DA7_DA9,300.0,270-330,ABpxpppaaa
CACATAGGTGTGACCC-400.2.2,Ciliated_non_amphid_neuron,,230.0,210-270,ABpxpaaapp
CACATTTCACAAGTAA-400.2.2,,,260.0,210-270,ABpxpaaaap
CACATTTCACATCCGG-400.2.2,Glia,AMso,360.0,330-390,ABpxpaapapa
CACATTTGTATGGTTC-400.2.2,,,225.0,210-270,ABpxppappp
CACATTTGTTGCTCCT-400.2.2,,Neuroblast_PVC_LUA,300.0,270-330,ABpxpppaapa
CACCACTAGATGGCGT-400.2.2,,Parents_of_PHsh_hyp8_hyp9,260.0,210-270,ABpxpppapa
CACCACTTCGCCAGCA-400.2.2,,SIA,415.0,390-450,ABpxpapaapa/ABpxpapappa
CACCAGGGTCTTGCGG-400.2.2,,,260.0,210-270,ABpxpppppa
CACCTTGCAAGCGTAG-400.2.2,,,260.0,210-270,ABpxpppapa
CACTCCACATGCCCGA-400.2.2,,,295.0,270-330,ABpxpapapa
CACTCCAGTACCATCA-400.2.2,,,320.0,270-330,ABpxpapaaa
CAGAATCCACCGTTGG-400.2.2,,,265.0,210-270,ABpxpppppa
CAGAATCCAGATGGGT-400.2.2,,,215.0,210-270,ABpxppapa
CAGAATCTCCAGATCA-400.2.2,,,210.0,210-270,ABpxpppaaa
CAGAATCTCCATGAAC-400.2.2,,RIC_parent,340.0,330-390,ABpxppaaaap
CAGAGAGTCCAATGGT-400.2.2,,,310.0,270-330,ABpxppappp
CAGCAGCGTTCAGACT-400.2.2,,,300.0,270-330,ABpxppappp
CAGCATACACCATGTA-400.2.2,,,285.0,270-330,ABpxppaaaa
CAGCATATCAAACCGT-400.2.2,Ciliated_amphid_neuron,Neuroblast_ASH_RIB,270.0,270-330,ABpxpaappa
CAGCCGACATGAGCGA-400.2.2,Ciliated_amphid_neuron,ASH,385.0,330-390,ABpxpaappaa
CAGCCGAGTTCCACGG-400.2.2,,RIC_parent,335.0,330-390,ABpxppaaaap
CAGCGACAGGACCACA-400.2.2,,,280.0,270-330,ABpxpapapp
CAGCTAAAGTGCGTGA-400.2.2,Glia,AMso,350.0,330-390,ABpxpaapapa
CAGCTAATCACTCTTA-400.2.2,,,295.0,270-330,ABpxpapapa
CAGCTGGGTCTAACGT-400.2.2,,SIA,390.0,390-450,ABpxpapaapa/ABpxpapappa
CAGCTGGTCATGTGGT-400.2.2,,,220.0,210-270,ABpxpppaaa
CAGGTGCGTCATCCCT-400.2.2,,,275.0,270-330,ABpxppaapp
CAGGTGCTCTCAACTT-400.2.2,,,300.0,270-330,ABpxppapaa
CAGTCCTGTAGTACCT-400.2.2,,,245.0,210-270,ABpxppaaa
CAGTCCTGTGTCTGAT-400.2.2,,,300.0,270-330,ABpxppapaa
CATATGGAGGGTATCG-400.2.2,,,190.0,170-210,ABpxpppaaa
CATATGGAGTTACGGG-400.2.2,,,190.0,170-210,ABpxppappp
CATATGGGTGACTACT-400.2.2,,RIC_parent,280.0,270-330,ABpxppaaaap
CATATTCGTAGCCTAT-400.2.2,,,220.0,210-270,ABpxpppapa
CATATTCGTGACGCCT-400.2.2,Excretory_duct_and_pore,,340.0,330-390,ABpxpaaaapa
CATCAAGGTGCCTGCA-400.2.2,Ciliated_amphid_neuron,AWC,350.0,330-390,ABpxpaaaaap
CATCAGAAGCACACAG-400.2.2,,,295.0,270-330,ABpxpaaapa
CATCAGAGTCGGATCC-400.2.2,,,260.0,210-270,ABpxpapaaa
CATCCACAGTGCGATG-400.2.2,,RIM_parent,300.0,270-330,ABpxppaapa
CATCGAACAGCTTCGG-400.2.2,,,290.0,270-330,ABpxppappa
CATCGGGGTGGTCCGT-400.2.2,Pharyngeal_neuron,,320.0,270-330,ABpxppaapa
CATCGGGTCGGTGTTA-400.2.2,,,175.0,170-210,ABpxppapa
CATGACATCCACGAAT-400.2.2,,,260.0,210-270,ABpxpppppa
CATGCCTCACTTCTGC-400.2.2,Ciliated_amphid_neuron,Neuroblast_ASH_RIB,265.0,210-270,ABpxpaappa
CATGCCTGTAGAGTGC-400.2.2,,,320.0,270-330,ABpxppapaa
CATTATCGTCGCCATG-400.2.2,,,200.0,170-210,ABpxpppapa
CATTCGCCACACATGT-400.2.2,,,285.0,270-330,ABpxpaaapa
CATTCGCGTTCAGCGC-400.2.2,,,180.0,170-210,ABpxppppap
CCACCTAGTATATGGA-400.2.2,Ciliated_amphid_neuron,ASH,380.0,330-390,ABpxpaappaa
CCACGGAGTCTCAACA-400.2.2,,,295.0,270-330,ABpxpaaapp
CCACGGATCAGGTAAA-400.2.2,,RIC_parent,340.0,330-390,ABpxppaaaap
CCACGGATCTATGTGG-400.2.2,Ciliated_non_amphid_neuron,,260.0,210-270,ABpxpaappp
CCACGGATCTTAGCCC-400.2.2,Parent_of_exc_gland_AVK,,285.0,270-330,ABpxpapapa
CCAGCGACATACCATG-400.2.2,Ciliated_amphid_neuron,ASH,450.0,450-510,ABpxpaappaa
CCAGCGAGTGGTCTCG-400.2.2,,,295.0,270-330,ABpxppappp
CCAGCGATCTGTTTGT-400.2.2,,,300.0,270-330,ABpxpapaaa
CCATGTCGTTGCTCCT-400.2.2,Ciliated_amphid_neuron,ASH,370.0,330-390,ABpxpaappaa
CCATTCGCATTCCTGC-400.2.2,,,170.0,170-210,ABpxppapa
CCATTCGTCGCGGATC-400.2.2,,Neuroblast_PVC_LUA,300.0,270-330,ABpxpppaapa
CCCAATCGTACCATCA-400.2.2,,,300.0,270-330,ABpxppapaa
CCCAATCGTTCACCTC-400.2.2,,,190.0,170-210,ABpxpppaa
CCCAGTTCAGATAATG-400.2.2,Ciliated_amphid_neuron,ASH,490.0,450-510,ABpxpaappaa
CCCAGTTGTTCCGGCA-400.2.2,,,300.0,270-330,ABpxpppppa
CCCATACAGAGCTGGT-400.2.2,,Parents_of_PHsh_hyp8_hyp9,270.0,270-330,ABpxpppapa
CCCATACCACGAGAGT-400.2.2,,Neuroblast_PVC_LUA,320.0,270-330,ABpxpppaapa
CCCTCCTCATTGGTAC-400.2.2,,,245.0,210-270,ABpxppappp
CCCTCCTTCAGGTAAA-400.2.2,Ciliated_amphid_neuron,AWC,420.0,390-450,ABpxpaaaaap
CCGGGATAGAGACGAA-400.2.2,,,245.0,210-270,ABpxppaapp
CCGGTAGTCCCTTGTG-400.2.2,,,260.0,210-270,ABpxpppaaa
CCGTACTCAAGTCTGT-400.2.2,,RIM,450.0,450-510,ABpxppaapap
CCGTGGAGTATAGGGC-400.2.2,,RIC_parent,330.0,330-390,ABpxppaaaap
CCGTGGAGTCCAGTTA-400.2.2,Ciliated_amphid_neuron,Neuroblast_AWC_SAAVx,265.0,210-270,ABpxpaaaaa
CCGTGGATCTCTGTCG-400.2.2,,,260.0,210-270,ABpxpppppa
CCGTTCAAGTGAACGC-400.2.2,Parent_of_exc_gland_AVK,RIM_parent,270.0,270-330,ABpxppaapa
CCGTTCACACCAGGCT-400.2.2,,,300.0,270-330,ABpxpapapp
CCGTTCAGTTCCAACA-400.2.2,,,270.0,270-330,ABpxpapaaa
CCTACACAGAAGGTGA-400.2.2,Ciliated_amphid_neuron,ASH,380.0,330-390,ABpxpaappaa
CCTACCAAGAACTGTA-400.2.2,,,290.0,270-330,ABpxppapap
CCTACCAAGACTCGGA-400.2.2,,,265.0,210-270,ABpxppppaa
CCTACCACAAGTCTGT-400.2.2,,,275.0,270-330,ABpxpaapaa
CCTACCATCGACAGCC-400.2.2,Ciliated_non_amphid_neuron,,210.0,210-270,ABpxpppaap
CCTACCATCGGCTACG-400.2.2,,RIC_parent,300.0,270-330,ABpxppaaaap
CCTAGCTGTTGGTGGA-400.2.2,,SIA,385.0,330-390,ABpxpapaapa/ABpxpapappa
CCTATTAGTTTCCACC-400.2.2,,,300.0,270-330,ABpxppappp
CCTATTATCCTATTCA-400.2.2,,RIM_parent,270.0,270-330,ABpxppaapa
CCTCAGTTCTAACCGA-400.2.2,Ciliated_non_amphid_neuron,,260.0,210-270,ABpxpaappp
CCTCTGATCAAAGTAG-400.2.2,,,190.0,170-210,ABpxpppaap
CCTCTGATCTTGGGTA-400.2.2,,Parents_of_PHsh_hyp8_hyp9,260.0,210-270,ABpxpppapa
CCTTACGAGTGAAGAG-400.2.2,,,320.0,270-330,ABpxppapap
CCTTACGGTTCGCGAC-400.2.2,,,155.0,130-170,ABpxppppap
CCTTACGTCGATGAGG-400.2.2,Ciliated_non_amphid_neuron,,260.0,210-270,ABpxpaaapp
CCTTCCCAGATCACGG-400.2.2,,,260.0,210-270,ABpxppppaa
CCTTCCCCACGGTAGA-400.2.2,,,280.0,270-330,ABpxppaaaa
CCTTCCCGTAGATTAG-400.2.2,Ciliated_amphid_neuron,,295.0,270-330,ABpxppppaa
CCTTTCTCAAACTGTC-400.2.2,Ciliated_non_amphid_neuron,,260.0,210-270,ABpxpaappp
CGAACATAGACTAGGC-400.2.2,Excretory_duct_and_pore,,490.0,450-510,ABpxpaaaapa
CGAACATAGGACGAAA-400.2.2,Glia,AMso,440.0,390-450,ABpxpaapapa
CGAACATGTGTAATGA-400.2.2,,,320.0,270-330,ABpxpapaaa
CGAACATTCGAACTGT-400.2.2,,,270.0,270-330,ABpxpapaap
CGACCTTGTCTAAAGA-400.2.2,,,260.0,210-270,ABpxpaapaa
CGACTTCGTGCACGAA-400.2.2,Ciliated_amphid_neuron,AWC,415.0,390-450,ABpxpaaaaap
CGACTTCGTTCCATGA-400.2.2,,,260.0,210-270,ABpxpaapaa
CGACTTCTCTACCAGA-400.2.2,,,290.0,270-330,ABpxpapaaa
CGAGAAGAGAATTGTG-400.2.2,Ciliated_amphid_neuron,Neuroblast_ASH_RIB,260.0,210-270,ABpxpaappa
CGAGAAGAGTGCTGCC-400.2.2,,,260.0,210-270,ABpxpapaaa
CGAGAAGGTCGTCTTC-400.2.2,,,290.0,270-330,ABpxppaaaa
CGAGAAGGTGGTTTCA-400.2.2,,,280.0,270-330,ABpxpppapa
CGAGAAGTCTACCAGA-400.2.2,,,280.0,270-330,ABpxpapapp
CGAGCACGTCTAAACC-400.2.2,,,310.0,270-330,ABpxppapaa
CGAGCACTCTTGCATT-400.2.2,Ciliated_amphid_neuron,AWC,450.0,450-510,ABpxpaaaaap
CGAGCCACACTTAAGC-400.2.2,,,185.0,170-210,ABpxpapap
CGAGCCACATGGTCAT-400.2.2,,,300.0,270-330,ABpxpapaaa
CGAGCCAGTGACTCAT-400.2.2,,,290.0,270-330,ABpxppaaaa
CGATCGGGTAGCCTAT-400.2.2,,,300.0,270-330,ABpxppappa
CGATCGGGTCTCGTTC-400.2.2,Ciliated_amphid_neuron,Neuroblast_AWC_SAAVx,260.0,210-270,ABpxpaaaaa
CGATGGCTCCAAGCCG-400.2.2,,,300.0,270-330,ABpxpapaaa
CGATGTAAGCGTGAGT-400.2.2,,,190.0,170-210,ABpxppppp
CGATGTAGTACTCTCC-400.2.2,,,260.0,210-270,ABpxppapaa
CGATGTAGTATAAACG-400.2.2,,,170.0,170-210,ABpxpaapp
CGATGTAGTTACGTCA-400.2.2,Glia,AMso,365.0,330-390,ABpxpaapapa
CGATTGAAGATAGGAG-400.2.2,,RIC_parent,300.0,270-330,ABpxppaaaap
CGATTGAGTCGGATCC-400.2.2,,,300.0,270-330,ABpxpapaaa
CGCCAAGAGAGCTGGT-400.2.2,,,185.0,170-210,ABpxppaaa
CGCCAAGAGGCCCTCA-400.2.2,,,280.0,270-330,ABpxppaaaa
CGCCAAGCAGCTGCTG-400.2.2,Ciliated_amphid_neuron,AWC,385.0,330-390,ABpxpaaaaap
CGCGGTAGTAAGGGCT-400.2.2,,,270.0,270-330,ABpxppappa
CGCGTTTAGCTGTTCA-400.2.2,,Neuroblast_PVC_LUA,325.0,270-330,ABpxpppaapa
CGCGTTTCAAGGTGTG-400.2.2,,,270.0,270-330,ABpxppaaaa
CGCGTTTTCCTTAATC-400.2.2,,,220.0,210-270,ABpxpppaap
CGCTATCTCGCCAGCA-400.2.2,Ciliated_amphid_neuron,Neuroblast_ASH_RIB,260.0,210-270,ABpxpaappa
CGCTGGAAGAGCAATT-400.2.2,,,180.0,170-210,ABpxpppp
CGCTGGATCTTGTTTG-400.2.2,,,220.0,210-270,ABpxpaaaap
CGCTTCAAGGCTAGAC-400.2.2,,,295.0,270-330,ABpxppaapp
CGCTTCAGTAGAGGAA-400.2.2,,,280.0,270-330,ABpxpapapp
CGCTTCATCTGTCAAG-400.2.2,,,295.0,270-330,ABpxppappp
CGGACACAGCCGGTAA-400.2.2,Ciliated_amphid_neuron,,230.0,210-270,ABpxpapaa
CGGACGTTCTCGGACG-400.2.2,,RIC_parent,280.0,270-330,ABpxppaaaap
CGGACTGTCATGTAGC-400.2.2,,Parents_of_PHsh_hyp8_hyp9,280.0,270-330,ABpxpppapa
CGGACTGTCTACCTGC-400.2.2,,,220.0,210-270,ABpxpppapa
CGGAGCTAGATATGCA-400.2.2,Ciliated_amphid_neuron,AWC,435.0,390-450,ABpxpaaaaap
CGGAGCTCATCTACGA-400.2.2,,,190.0,170-210,ABpxppaaa
CGGAGCTTCCAGAAGG-400.2.2,,RIC_parent,280.0,270-330,ABpxppaaaap
CGGAGTCAGGTGGGTT-400.2.2,,,260.0,210-270,ABpxpapaaa
CGGAGTCTCTTAGAGC-400.2.2,,,195.0,170-210,ABpxpaaapp
CGGCTAGAGCGCCTCA-400.2.2,Ciliated_amphid_neuron,Neuroblast_AWC_SAAVx,280.0,270-330,ABpxpaaaaa
CGGCTAGCACCTGGTG-400.2.2,,,300.0,270-330,ABpxppaapp
CGGCTAGCAGCATGAG-400.2.2,,,250.0,210-270,ABpxppappp
CGGCTAGGTCATCCCT-400.2.2,Parent_of_exc_duct_pore_DB_1_3,,270.0,270-330,ABpxpaaaap
CGGCTAGTCCACGCAG-400.2.2,,Parents_of_U_F_B_DVA,245.0,210-270,ABpxppppap
CGGCTAGTCCCAACGG-400.2.2,Ciliated_amphid_neuron,AWC,415.0,390-450,ABpxpaaaaap
CGGGTCAAGATGCCAG-400.2.2,,,220.0,210-270,ABpxpapapp
CGGGTCACACGTTGGC-400.2.2,Excretory_duct_and_pore,,320.0,270-330,ABpxpaaaapa
CGGGTCAGTTGTCTTT-400.2.2,,,300.0,270-330,ABpxppappp
CGGGTCATCTACTCAT-400.2.2,,DB,310.0,270-330,ABpxpaaaap
CGGTTAAGTCCAGTAT-400.2.2,Ciliated_amphid_neuron,Neuroblast_AWC_SAAVx,275.0,270-330,ABpxpaaaaa
CGGTTAATCATAAAGG-400.2.2,,,190.0,170-210,ABpxppaap
CGTAGCGCAGCCTGTG-400.2.2,,RIC_parent,330.0,330-390,ABpxppaaaap
CGTAGCGGTAGGGACT-400.2.2,,,200.0,170-210,ABpxppppaa
CGTAGCGGTCATACTG-400.2.2,,,295.0,270-330,ABpxpapaaa
CGTCACTAGAATAGGG-400.2.2,,SIA,365.0,330-390,ABpxpapaapa/ABpxpapappa
CGTCACTCAGTCTTCC-400.2.2,,,200.0,170-210,ABpxppppp
CGTCACTTCACTCCTG-400.2.2,Ciliated_amphid_neuron,Neuroblast_AWC_SAAVx,285.0,270-330,ABpxpaaaaa
CGTCAGGCAAACCCAT-400.2.2,,,230.0,210-270,ABpxpppppp
CGTCCATAGATCGGGT-400.2.2,Excretory_gland,,335.0,330-390,ABpxpapapaa
CGTCCATGTATCGCAT-400.2.2,,RIM_parent,270.0,270-330,ABpxppaapa
CGTGAGCAGAATTCCC-400.2.2,Ciliated_amphid_neuron,ASH,390.0,390-450,ABpxpaappaa
CGTGAGCTCCATGAGT-400.2.2,,,260.0,210-270,ABpxpaapa
CGTGTAAAGTTTAGGA-400.2.2,,Parent_of_tail_spike_and_hyp10,220.0,210-270,ABpxpppppp
CGTGTAATCCAGTAGT-400.2.2,,,320.0,270-330,ABpxppapaa
CGTGTAATCTAACTCT-400.2.2,,,225.0,210-270,ABpxpppaaa
CGTTAGACAGGTGGAT-400.2.2,,RIC_parent,300.0,270-330,ABpxppaaaap
CGTTAGAGTATAGTAG-400.2.2,,,220.0,210-270,ABpxpaaaa
CGTTCTGCAATTGCTG-400.2.2,,RIV,380.0,330-390,ABpxpaapaaa
CGTTGGGAGACTGGGT-400.2.2,Ciliated_non_amphid_neuron,,260.0,210-270,ABpxpaaapp
CTAAGACGTACAGACG-400.2.2,Excretory_gland,,375.0,330-390,ABpxpapapaa
CTAATGGAGGCATGTG-400.2.2,Ciliated_non_amphid_neuron,,300.0,270-330,ABpxpaappp
CTACACCCACATGGGA-400.2.2,,,320.0,270-330,ABpxppappp
CTACACCCACGGCTAC-400.2.2,,,195.0,170-210,ABpxppapa
CTACACCTCCTAGTGA-400.2.2,,,260.0,210-270,ABpxppppaa
CTACATTCAAGTAGTA-400.2.2,Ciliated_amphid_neuron,,230.0,210-270,ABpxpaaaap
CTACATTCATCGGACC-400.2.2,,,220.0,210-270,ABpxpppaaa
CTACATTGTTAAGGGC-400.2.2,,,280.0,270-330,ABpxppappa
CTACATTTCCCATTAT-400.2.2,,,230.0,210-270,ABpxpppaap
CTACCCACAGGAATCG-400.2.2,,,185.0,170-210,ABpxpaaapa
CTACGTCAGCTAAACA-400.2.2,,RIV,370.0,330-390,ABpxpaapaaa
CTACGTCCACGGACAA-400.2.2,,,275.0,270-330,ABpxpaapaa
CTACGTCCAGCTGTAT-400.2.2,,RIC_parent,350.0,330-390,ABpxppaaaap
CTAGCCTCAACGCACC-400.2.2,,,290.0,270-330,ABpxpapapp
CTAGCCTCAATGGTCT-400.2.2,Ciliated_amphid_neuron,AWC,370.0,330-390,ABpxpaaaaap
CTAGCCTGTATGCTTG-400.2.2,,,260.0,210-270,ABpxpppaap
CTCACACCACGACTCG-400.2.2,,,220.0,210-270,ABpxpppaaa
CTCACACTCGCAAACT-400.2.2,,Parents_of_PHsh_hyp8_hyp9,260.0,210-270,ABpxpppapa
CTCAGAACAAGGCTCC-400.2.2,,,260.0,210-270,ABpxpppppa
CTCAGAAGTGGGTCAA-400.2.2,,Parents_of_U_F_B_DVA,270.0,270-330,ABpxppppap
CTCAGAATCTGTTTGT-400.2.2,,,230.0,210-270,ABpxppapaa
CTCATTACAACTGGCC-400.2.2,,,230.0,210-270,ABpxppaapp
CTCATTACAATGGACG-400.2.2,,,170.0,170-210,ABpxpppaa
CTCATTACATACCATG-400.2.2,Parent_of_exc_gland_AVK,,260.0,210-270,ABpxpapapa
CTCCTAGCACGGACAA-400.2.2,Ciliated_non_amphid_neuron,,260.0,210-270,ABpxpaaaap
CTCCTAGGTGAGGGAG-400.2.2,,,290.0,270-330,ABpxpapaaa
CTCGAAAAGACTACAA-400.2.2,Excretory_gland,,325.0,270-330,ABpxpapapaa
CTCGAAACACCAGGCT-400.2.2,,,190.0,170-210,ABpxpppaaa
CTCGAAATCCCGACTT-400.2.2,,,295.0,270-330,ABpxpppaaa
CTCGAGGAGCTCAACT-400.2.2,,RIC_parent,300.0,270-330,ABpxppaaaap
CTCGAGGAGGCGATAC-400.2.2,,DA,300.0,270-330,ABpxpppaaa
CTCGGAGCATGGAATA-400.2.2,,,300.0,270-330,ABpxppaapp
CTCGGAGCATTTGCCC-400.2.2,,,180.0,170-210,ABpxppaap
CTCGGGAAGATGTAAC-400.2.2,,Neuroblast_PVC_LUA,340.0,330-390,ABpxpppaapa
CTCGGGAGTATGAAAC-400.2.2,,,290.0,270-330,ABpxppapaa
CTCGTACAGAGTAAGG-400.2.2,,Neuroblast_PVC_LUA,300.0,270-330,ABpxpppaapa
CTCGTACAGGCATGGT-400.2.2,,,260.0,210-270,ABpxppapaa
CTCGTACGTGAGCGAT-400.2.2,Ciliated_amphid_neuron,ASH,440.0,390-450,ABpxpaappaa
CTCGTCAAGCGATTCT-400.2.2,,,300.0,270-330,ABpxppaapp
CTCGTCAAGTGCGATG-400.2.2,,,270.0,270-330,ABpxpaappp
CTCGTCAGTGGGTATG-400.2.2,Parent_of_exc_gland_AVK,,260.0,210-270,ABpxpapapa
CTCGTCAGTTAGATGA-400.2.2,,,285.0,270-330,ABpxppaaaa
CTCTAATGTTTGACAC-400.2.2,Ciliated_amphid_neuron,ASH,350.0,330-390,ABpxpaappaa
CTCTACGCATCCTTGC-400.2.2,,,170.0,170-210,ABpxppapa
CTCTACGGTTAAGAAC-400.2.2,,,170.0,170-210,ABpxpppaap
CTCTGGTAGCTGTCTA-400.2.2,,,195.0,170-210,ABpxppapa
CTGAAACCATTGAGCT-400.2.2,,RIC_parent,335.0,330-390,ABpxppaaaap
CTGAAACGTGATGATA-400.2.2,Ciliated_non_amphid_neuron,,245.0,210-270,ABpxpaaapp
CTGAAGTAGTGACATA-400.2.2,,,320.0,270-330,ABpxpapaaa
CTGATAGCATTAGGCT-400.2.2,,,185.0,170-210,ABpxppaap
CTGATAGGTAGATTAG-400.2.2,,,175.0,170-210,ABpxppppa
CTGATAGTCTTGTTTG-400.2.2,,,300.0,270-330,ABpxpapaap
CTGATCCCACCAACCG-400.2.2,,,320.0,270-330,ABpxppapaa
CTGATCCTCAATAAGG-400.2.2,,,260.0,210-270,ABpxpppppa
CTGATCCTCACTCTTA-400.2.2,,Parents_of_PHsh_hyp8_hyp9,265.0,210-270,ABpxpppapa
CTGCCTAAGCTGCAAG-400.2.2,,,205.0,170-210,ABpxpppaaa
CTGCCTATCCTCCTAG-400.2.2,,,210.0,210-270,ABpxppapaa
CTGCGGAAGCGAGAAA-400.2.2,,,280.0,270-330,ABpxppaaaa
CTGCGGAGTTGTCGCG-400.2.2,Excretory_duct_and_pore,,330.0,330-390,ABpxpaaaapa
CTGCTGTAGAGTCGGT-400.2.2,,,260.0,210-270,ABpxpppaap
CTGCTGTAGTGCCATT-400.2.2,Parent_of_exc_gland_AVK,,270.0,270-330,ABpxpapapa
CTGGTCTCATAGGATA-400.2.2,Ciliated_amphid_neuron,AWC,350.0,330-390,ABpxpaaaaap
CTGTGCTCACGCCAGT-400.2.2,,,190.0,170-210,ABpxppaaa
CTGTGCTTCCAACCAA-400.2.2,,,270.0,270-330,ABpxpaapaa
CTTAACTAGGTAGCTG-400.2.2,,,270.0,270-330,ABpxpppaaa
CTTAACTGTAGAAAGG-400.2.2,,Parents_of_Y_DA6_DA7_DA9,275.0,270-330,ABpxpppaaa
CTTAGGAAGACGCTTT-400.2.2,,RIM_parent,265.0,210-270,ABpxppaapa
CTTAGGACATTGAGCT-400.2.2,Pharyngeal_neuron,,280.0,270-330,ABpxpppaaa
CTTAGGAGTCTGGTCG-400.2.2,,,190.0,170-210,ABpxpaapp
CTTAGGATCTGTCTAT-400.2.2,,Neuroblast_PVC_LUA,300.0,270-330,ABpxpppaapa
CTTCTCTGTTTCCACC-400.2.2,Ciliated_amphid_neuron,Neuroblast_AWC_SAAVx,230.0,210-270,ABpxpaaaaa
CTTTGCGTCAGGATCT-400.2.2,,,300.0,270-330,ABpxppappa
GAAACTCTCAAGCCTA-400.2.2,,AVB,340.0,330-390,ABpxpaapaap
GAAACTCTCTTCGGTC-400.2.2,,,260.0,210-270,ABpxppappp
GAAATGACAATAAGCA-400.2.2,Excretory_gland,,425.0,390-450,ABpxpapapaa
GAAATGACATTGCGGC-400.2.2,,,300.0,270-330,ABpxpppaaa
GAACATCAGCGATGAC-400.2.2,,RIV,380.0,330-390,ABpxpaapaaa
GAACATCAGTGTACTC-400.2.2,,,295.0,270-330,ABpxppaapp
GAACCTAAGGTGACCA-400.2.2,Ciliated_amphid_neuron,Neuroblast_ASH_RIB,260.0,210-270,ABpxpaappa
GAACCTATCACTCCTG-400.2.2,Excretory_duct_and_pore,DB,320.0,270-330,ABpxpaaaapa
GAACGGAGTAGAAGGA-400.2.2,,,230.0,210-270,ABpxppppaa
GAACGGATCTTTACGT-400.2.2,Ciliated_amphid_neuron,AWC,410.0,390-450,ABpxpaaaaap
GAAGCAGCAAGTTGTC-400.2.2,,RIC_parent,340.0,330-390,ABpxppaaaap
GAAGCAGCAGGATTGG-400.2.2,Ciliated_non_amphid_neuron,,230.0,210-270,ABpxpaaapp
GAAGCAGCATTCCTGC-400.2.2,,,260.0,210-270,ABpxpapapp
GAAGCAGTCAGTTAGC-400.2.2,,,285.0,270-330,ABpxpaaapa
GAATAAGCACAGGAGT-400.2.2,Parent_of_exc_gland_AVK,,290.0,270-330,ABpxpapapa
GAATGAAAGGTGTTAA-400.2.2,Excretory_gland,,345.0,330-390,ABpxpapapaa
GAATGAACAAGCTGGA-400.2.2,,RIC_parent,340.0,330-390,ABpxppaaaap
GAATGAATCCATGAAC-400.2.2,Parent_of_exc_gland_AVK,,245.0,210-270,ABpxpapapa
GACACGCCAGATCCAT-400.2.2,,,185.0,170-210,ABpxpppaa
GACACGCGTACGAAAT-400.2.2,,,170.0,170-210,ABpxppppap
GACACGCGTCTTGTCC-400.2.2,,,190.0,170-210,ABpxppppap
GACAGAGTCTTTAGGG-400.2.2,Glia,AMso,350.0,330-390,ABpxpaapapa
GACCAATCAATAAGCA-400.2.2,,,260.0,210-270,ABpxpppppa
GACCAATTCCTAAGTG-400.2.2,,Parent_of_tail_spike_and_hyp10,265.0,210-270,ABpxpppppp
GACCTGGCAGGCAGTA-400.2.2,,,185.0,170-210,ABpxpppa
GACGCGTTCCACGTGG-400.2.2,,,220.0,210-270,ABpxpppapa
GACGGCTGTGTGACGA-400.2.2,,,230.0,210-270,ABpxpppaap
GACGTGCAGGGTTTCT-400.2.2,,,170.0,170-210,ABpxpppap
GACGTTAAGTGTACCT-400.2.2,,,200.0,170-210,ABpxppaaa
GACGTTACAGGTCCAC-400.2.2,,,265.0,210-270,ABpxpaapap
GACGTTAGTATAGGGC-400.2.2,,,230.0,210-270,ABpxpaaapa
GACGTTAGTTACCAGT-400.2.2,,Parent_of_tail_spike_and_hyp10,230.0,210-270,ABpxpppppp
GACTAACAGGGTCGAT-400.2.2,,,200.0,170-210,ABpxpppap
GACTAACAGTCATCCA-400.2.2,,,280.0,270-330,ABpxpaaapa
GACTAACCATATGGTC-400.2.2,,,280.0,270-330,ABpxpapaaa
GACTAACGTAGGACAC-400.2.2,,,195.0,170-210,ABpxppaap
GACTACACAGCGTTCG-400.2.2,Ciliated_amphid_neuron,AWC,405.0,390-450,ABpxpaaaaap
GACTACATCCTTTACA-400.2.2,,,270.0,270-330,ABpxpapaap
GACTGCGCACATTAGC-400.2.2,Ciliated_non_amphid_neuron,,265.0,210-270,ABpxpaappp
GAGCAGACACCTTGTC-400.2.2,,,290.0,270-330,ABpxpapapp
GAGGTGACATTCTCAT-400.2.2,Ciliated_amphid_neuron,AWC,405.0,390-450,ABpxpaaaaap
GAGGTGAGTGTGCCTG-400.2.2,,RIM_parent,290.0,270-330,ABpxppaapa
GAGTCCGAGCTCTCGG-400.2.2,,,270.0,270-330,ABpxpaapaa
GATCAGTAGTGCAAGC-400.2.2,Ciliated_amphid_neuron,Neuroblast_ASH_RIB,260.0,210-270,ABpxpaappa
GATCAGTTCCAACCAA-400.2.2,Ciliated_amphid_neuron,AWC,390.0,390-450,ABpxpaaaaap
GATCGATAGAAGGGTA-400.2.2,,Neuroblast_PVC_LUA,320.0,270-330,ABpxpppaapa
GATCGATGTAGAGCTG-400.2.2,,Parents_of_U_F_B_DVA,280.0,270-330,ABpxppppap
GATCGCGGTCTTGATG-400.2.2,,,205.0,170-210,ABpxppapap
GATCGCGTCAGCTTAG-400.2.2,,,245.0,210-270,ABpxppappa
GATCTAGGTATGCTTG-400.2.2,,Neuroblast_PVC_LUA,340.0,330-390,ABpxpppaapa
GATCTAGGTCCAGTGC-400.2.2,,,190.0,170-210,ABpxpapaa
GATCTAGGTCGCTTTC-400.2.2,,Parent_of_tail_spike_and_hyp10,225.0,210-270,ABpxpppppp
GATGAGGAGTGCCATT-400.2.2,,,275.0,270-330,ABpxppapap
GATGAGGGTGTAAGTA-400.2.2,,,170.0,170-210,ABpxpaapaa
GATGAGGTCCGCAGTG-400.2.2,,,280.0,270-330,ABpxpaaapa
GCAAACTCAGCGTCCA-400.2.2,,,280.0,270-330,ABpxpppppp
GCAAACTTCGGCGCAT-400.2.2,,Neuroblast_PVC_LUA,300.0,270-330,ABpxpppaapa
GCAATCACAACACCTA-400.2.2,,SIA,380.0,330-390,ABpxpapaapa/ABpxpapappa
GCACATACACAAGCCC-400.2.2,,,230.0,210-270,ABpxpapaap
GCACTCTCAGGGTACA-400.2.2,Ciliated_amphid_neuron,,205.0,170-210,ABpxpaaaa
GCAGCCAAGTCCCACG-400.2.2,Excretory_duct_and_pore,,335.0,330-390,ABpxpaaaapa
GCAGTTAAGTCACGCC-400.2.2,Glia,AMso,350.0,330-390,ABpxpaapapa
GCAGTTATCGGAAATA-400.2.2,Ciliated_amphid_neuron,,165.0,130-170,ABpxpppaap
GCAGTTATCTGGCGAC-400.2.2,,RIM_parent,270.0,270-330,ABpxppaapa
GCATACACAAGGTGTG-400.2.2,,,185.0,170-210,ABpxpaaapa
GCATACACATCTATGG-400.2.2,Ciliated_amphid_neuron,Neuroblast_AWC_SAAVx,225.0,210-270,ABpxpaaaaa
GCATACAGTTCAGACT-400.2.2,,,225.0,210-270,ABpxpaapap
GCATGATAGTACTTGC-400.2.2,Ciliated_amphid_neuron,ASH,350.0,330-390,ABpxpaappaa
GCATGCGAGATGTAAC-400.2.2,,SIA,360.0,330-390,ABpxpapaapa/ABpxpapappa
GCATGCGAGCCGGTAA-400.2.2,,Parents_of_PHsh_hyp8_hyp9,270.0,270-330,ABpxpppapa
GCATGCGCAACACGCC-400.2.2,Ciliated_amphid_neuron,AWC,365.0,330-390,ABpxpaaaaap
GCATGTAAGTAGTGCG-400.2.2,Ciliated_amphid_neuron,AWC,350.0,330-390,ABpxpaaaaap
GCATGTATCATCTGCC-400.2.2,,,320.0,270-330,ABpxppapap
GCCAAATAGACTAGGC-400.2.2,,,300.0,270-330,ABpxppappa
GCCAAATGTTTGTTTC-400.2.2,,,265.0,210-270,ABpxppaaaa
GCCAAATTCCACGAAT-400.2.2,Glia,AMso,350.0,330-390,ABpxpaapapa
GCCTCTAAGTTGCAGG-400.2.2,,,260.0,210-270,ABpxpaapaa
GCCTCTACAAATACAG-400.2.2,,,200.0,170-210,ABpxpaapa
GCCTCTACAGTGGAGT-400.2.2,,,275.0,270-330,ABpxppapap
GCCTCTATCCTCAACC-400.2.2,,,190.0,170-210,ABpxpppap
GCGAGAAGTGCTTCTC-400.2.2,,Parents_of_U_F_B_DVA,270.0,270-330,ABpxppppap
GCGAGAATCGCGATCG-400.2.2,,,190.0,170-210,ABpxpppapa
GCGCAACTCTGCTGCT-400.2.2,,,265.0,210-270,ABpxpppppa
GCGCAGTGTCAGTGGA-400.2.2,,,190.0,170-210,ABpxpppaap
GCGCAGTGTCATTAGC-400.2.2,,,225.0,210-270,ABpxppappa
GCGCAGTTCTTATCTG-400.2.2,,,280.0,270-330,ABpxpapaap
GCGCCAAGTAAGTAGT-400.2.2,,AVK,415.0,390-450,ABpxpapapap
GCGCGATTCAACACAC-400.2.2,Ciliated_non_amphid_neuron,,300.0,270-330,ABpxpaappp
GCGCGATTCGCGCCAA-400.2.2,,Neuroblast_PVC_LUA,320.0,270-330,ABpxpppaapa
GCTCCTACAAGAGGCT-400.2.2,,,260.0,210-270,ABpxpppaaa
GCTCCTACACTTCGAA-400.2.2,,AVK,435.0,390-450,ABpxpapapap
GCTCCTAGTCCCGACA-400.2.2,,,265.0,210-270,ABpxpaapaa
GCTCTGTCAAGAAGAG-400.2.2,,,220.0,210-270,ABpxpaappp
GCTCTGTCAGTAACGG-400.2.2,,,270.0,270-330,ABpxpaapaa
GCTCTGTCATTACGAC-400.2.2,,SIA,435.0,390-450,ABpxpapaapa/ABpxpapappa
GCTGCAGAGGGAACGG-400.2.2,,RIM_parent,300.0,270-330,ABpxppaapa
GCTGCAGAGTCATGCT-400.2.2,Parent_of_exc_duct_pore_DB_1_3,,270.0,270-330,ABpxpaaaap
GCTGCGAAGTCAAGCG-400.2.2,,,300.0,270-330,ABpxppapaa
GCTGCGACATGTCGAT-400.2.2,,,300.0,270-330,ABpxppaapp
GCTGCTTCAACACCTA-400.2.2,,,285.0,270-330,ABpxpapapp
GCTGCTTTCAGTTTGG-400.2.2,Ciliated_non_amphid_neuron,,225.0,210-270,ABpxpaapap
GCTGGGTAGGACAGCT-400.2.2,,,210.0,210-270,ABpxpaapa
GCTGGGTAGGTCGGAT-400.2.2,,,270.0,270-330,ABpxppappa
GCTTCCAAGAACTGTA-400.2.2,,,320.0,270-330,ABpxppappp
GCTTCCAGTGGTAACG-400.2.2,,,310.0,270-330,ABpxpapaaa
GCTTGAAGTCCAGTAT-400.2.2,Parent_of_exc_gland_AVK,,300.0,270-330,ABpxpapapa
GGAAAGCTCGCTGATA-400.2.2,Ciliated_amphid_neuron,Neuroblast_ASH_RIB,270.0,270-330,ABpxpaappa
GGAACTTAGAGGTAGA-400.2.2,Parent_of_exc_duct_pore_DB_1_3,DB,300.0,270-330,ABpxpaaaap
GGAACTTTCTCCTATA-400.2.2,,,280.0,270-330,ABpxpaaapa
GGAATAAAGAGACTAT-400.2.2,,,265.0,210-270,ABpxppapaa
GGAATAACATTTCAGG-400.2.2,,AMso_parent,270.0,270-330,ABpxpaapap
GGAATAAGTGCGAAAC-400.2.2,Ciliated_amphid_neuron,Neuroblast_AWC_SAAVx,210.0,210-270,ABpxpaaaaa
GGACAAGAGCCACTAT-400.2.2,Ciliated_amphid_neuron,AWC,350.0,330-390,ABpxpaaaaap
GGACAAGAGTGAAGAG-400.2.2,,,220.0,210-270,ABpxpppaap
GGACAGAAGGTAGCCA-400.2.2,Ciliated_amphid_neuron,ASH,370.0,330-390,ABpxpaappaa
GGACAGATCCAAACAC-400.2.2,Ciliated_non_amphid_neuron,,260.0,210-270,ABpxpaaapp
GGACAGATCTCACATT-400.2.2,,,260.0,210-270,ABpxppapaa
GGACATTGTCCATGAT-400.2.2,,AVK,490.0,450-510,ABpxpapapap
GGACGTCGTCATTAGC-400.2.2,,RIC_parent,330.0,330-390,ABpxppaaaap
GGAGCAATCTCTGTCG-400.2.2,,,200.0,170-210,ABpxpaapaa
GGATGTTAGCGACGTA-400.2.2,,Parent_of_tail_spike_and_hyp10,220.0,210-270,ABpxpppppp
GGATGTTGTTGTGGAG-400.2.2,,,220.0,210-270,ABpxppppaa
GGCAATTGTTACAGAA-400.2.2,,,260.0,210-270,ABpxppappp
GGCAATTTCTCAAGTG-400.2.2,,RIC_parent,335.0,330-390,ABpxppaaaap
GGCCGATAGTGGAGTC-400.2.2,,,230.0,210-270,ABpxppaapp
GGCGACTCAAGCCGTC-400.2.2,,,270.0,270-330,ABpxppaapp
GGCTCGAAGCCACTAT-400.2.2,,,260.0,210-270,ABpxpapaaa
GGCTCGAAGGGATCTG-400.2.2,,,270.0,270-330,ABpxpppaaa
GGCTCGACAATCGAAA-400.2.2,Ciliated_amphid_neuron,Neuroblast_AWC_SAAVx,260.0,210-270,ABpxpaaaaa
GGCTCGACAATGGATA-400.2.2,,,300.0,270-330,ABpxppapaa
GGCTCGACAATGTTGC-400.2.2,,AMso_parent,260.0,210-270,ABpxpaapap
GGCTCGACATGTTGAC-400.2.2,Ciliated_amphid_neuron,ASH,345.0,330-390,ABpxpaappaa
GGCTCGATCTCGCTTG-400.2.2,,RIC_parent,320.0,270-330,ABpxppaaaap
GGCTGGTGTCTCATCC-400.2.2,,,300.0,270-330,ABpxpapaaa
GGGAATGAGAGTAATC-400.2.2,,,190.0,170-210,ABpxpapapp
GGGAATGAGGATGGAA-400.2.2,,,260.0,210-270,ABpxpapaaa
GGGACCTTCTAACTTC-400.2.2,,AMso_parent,260.0,210-270,ABpxpaapap
GGGAGATGTTACGACT-400.2.2,,,200.0,170-210,ABpxpppppa
GGGATGAAGCCAGTAG-400.2.2,,,190.0,170-210,ABpxppaaa
GGGCACTCACTGTGTA-400.2.2,,Parents_of_PHsh_hyp8_hyp9,260.0,210-270,ABpxpppapa
GGGCATCTCACAGGCC-400.2.2,,,265.0,210-270,ABpxpaaaap
GGGTCTGAGGGTGTTG-400.2.2,,,180.0,170-210,ABpxpapapp
GGGTCTGCATGAGCGA-400.2.2,,,310.0,270-330,ABpxppapaa
GGGTTGCCAAGCTGAG-400.2.2,Ciliated_amphid_neuron,ASH,350.0,330-390,ABpxpaappaa
GGGTTGCCACGGTAGA-400.2.2,,,310.0,270-330,ABpxppappp
GGTATTGAGCGCCTTG-400.2.2,,,300.0,270-330,ABpxppaapp
GGTATTGAGTAACCCT-400.2.2,,,260.0,210-270,ABpxppappp
GGTATTGGTATAAACG-400.2.2,Ciliated_amphid_neuron,AWC,490.0,450-510,ABpxpaaaaap
GGTGAAGGTAGAGTGC-400.2.2,,Parents_of_U_F_B_DVA,270.0,270-330,ABpxppppap
GTAACGTAGATCCCAT-400.2.2,,,285.0,270-330,ABpxppappa
GTACGTAAGTTTCCTT-400.2.2,,,300.0,270-330,ABpxppapaa
GTACGTACAACCGCCA-400.2.2,Ciliated_non_amphid_neuron,,260.0,210-270,ABpxpaaapp
GTACTCCAGCTAGCCC-400.2.2,,AMso_parent,260.0,210-270,ABpxpaapap
GTACTCCAGCTGTTCA-400.2.2,,AVB,380.0,330-390,ABpxpaapaap
GTACTCCCATGGTCAT-400.2.2,,,270.0,270-330,ABpxpaapaa
GTACTCCGTTCCACTC-400.2.2,,Parent_of_tail_spike_and_hyp10,230.0,210-270,ABpxpppppp
GTACTCCTCACCTCGT-400.2.2,,,275.0,270-330,ABpxppapap
GTACTTTCATCGTCGG-400.2.2,Ciliated_amphid_neuron,Neuroblast_AWC_SAAVx,215.0,210-270,ABpxpaaaaa
GTACTTTTCCTCTAGC-400.2.2,,,180.0,170-210,ABpxpapap
GTAGTCAAGGAGTACC-400.2.2,,RIC_parent,300.0,270-330,ABpxppaaaap
GTAGTCAGTTATCCGA-400.2.2,,,260.0,210-270,ABpxppaaaa
GTATCTTAGCCGGTAA-400.2.2,Ciliated_amphid_neuron,ASH,440.0,390-450,ABpxpaappaa
GTATCTTAGCTGTTCA-400.2.2,,,245.0,210-270,ABpxpaapaa
GTATCTTGTTTAAGCC-400.2.2,Ciliated_amphid_neuron,Neuroblast_AWC_SAAVx,265.0,210-270,ABpxpaaaaa
GTATCTTTCAGCTCGG-400.2.2,,RIC_parent,320.0,270-330,ABpxppaaaap
GTATTCTAGATCCCAT-400.2.2,,,300.0,270-330,ABpxppapaa
GTATTCTCAAGCGTAG-400.2.2,,Neuroblast_PVC_LUA,300.0,270-330,ABpxpppaapa
GTATTCTTCTATCCCG-400.2.2,,,245.0,210-270,ABpxpapapa
GTCAAGTAGAATAGGG-400.2.2,,,230.0,210-270,ABpxpppaap
GTCAAGTAGGAGTTTA-400.2.2,,RIM_parent,230.0,210-270,ABpxpaappa
GTCAAGTGTGGCTCCA-400.2.2,,AMso_parent,300.0,270-330,ABpxpaapap
GTCACAAAGTGTTAGA-400.2.2,Ciliated_amphid_neuron,ASH,345.0,330-390,ABpxpaappaa
GTCACAACAATTCCTT-400.2.2,,,230.0,210-270,ABpxppaapp
GTCACAAGTGCACGAA-400.2.2,,,200.0,170-210,ABpxpaaaap
GTCACAATCAGAGCTT-400.2.2,Ciliated_amphid_neuron,AWC,345.0,330-390,ABpxpaaaaap
GTCACAATCGCGATCG-400.2.2,,,260.0,210-270,ABpxppapaa
GTCACGGGTACAAGTA-400.2.2,,,270.0,270-330,ABpxpapaap
GTCACGGTCTTGCCGT-400.2.2,,,300.0,270-330,ABpxppapap
GTCATTTCAATCTGCA-400.2.2,,,245.0,210-270,ABpxppappp
GTCATTTCACTTAAGC-400.2.2,,RIM_parent,245.0,210-270,ABpxppaapa
GTCATTTTCTCCAGGG-400.2.2,Ciliated_non_amphid_neuron,,265.0,210-270,ABpxpaaapp
GTCCTCACAAACAACA-400.2.2,,,275.0,270-330,ABpxpaapaa
GTCCTCACATGGTCTA-400.2.2,Parent_of_exc_duct_pore_DB_1_3,DB,295.0,270-330,ABpxpaaaap
GTCCTCATCCCTCAGT-400.2.2,,,300.0,270-330,ABpxppappp
GTCGGGTCATACTACG-400.2.2,,,195.0,170-210,ABpxppaap
GTCGGGTTCGGATGGA-400.2.2,Ciliated_amphid_neuron,AWC,385.0,330-390,ABpxpaaaaap
GTCGTAAGTCCAGTGC-400.2.2,Ciliated_non_amphid_neuron,,260.0,210-270,ABpxpaaapp
GTCTCGTTCGCAAACT-400.2.2,,RIM_parent,300.0,270-330,ABpxppaapa
GTCTTCGAGGTACTCT-400.2.2,,AVK,435.0,390-450,ABpxpapapap
GTCTTCGAGTGTACGG-400.2.2,,,180.0,170-210,ABpxppaap
GTCTTCGCATTCTCAT-400.2.2,,,300.0,270-330,ABpxppapaa
GTGAAGGAGAGGTTGC-400.2.2,,Neuroblast_PVC_LUA,300.0,270-330,ABpxpppaapa
GTGAAGGAGCCTCGTG-400.2.2,,,195.0,170-210,ABpxpapap
GTGCAGCAGCCGGTAA-400.2.2,,AVK,375.0,330-390,ABpxpapapap
GTGCAGCGTGTGGCTC-400.2.2,,Neuroblast_PVC_LUA,300.0,270-330,ABpxpppaapa
GTGCAGCGTTCGGGCT-400.2.2,,,290.0,270-330,ABpxppapap
GTGCAGCTCGTCGTTC-400.2.2,Ciliated_non_amphid_neuron,,230.0,210-270,ABpxpaaapp
GTGCATACAAGTACCT-400.2.2,,Parents_of_PHsh_hyp8_hyp9,270.0,270-330,ABpxpppapa
GTGCTTCAGCAATATG-400.2.2,,,300.0,270-330,ABpxppapaa
GTGCTTCAGGTGTGGT-400.2.2,,,265.0,210-270,ABpxpppaaa
GTGCTTCCATGACGGA-400.2.2,,,265.0,210-270,ABpxpaapaa
GTGCTTCGTTGTGGCC-400.2.2,Ciliated_amphid_neuron,Neuroblast_ASH_RIB,260.0,210-270,ABpxpaappa
GTGCTTCTCGGCTTGG-400.2.2,,,270.0,270-330,ABpxppapaa
GTGGGTCTCAAACCAC-400.2.2,,,230.0,210-270,ABpxpppaap
GTGTGCGCAGCTTCGG-400.2.2,,Parents_of_PHsh_hyp8_hyp9,260.0,210-270,ABpxpppapa
GTGTGCGTCCCTGACT-400.2.2,,,275.0,270-330,ABpxppaaaa
GTGTGCGTCGCCCTTA-400.2.2,,,220.0,210-270,ABpxpppaap
GTTACAGTCACTATTC-400.2.2,,RIC_parent,335.0,330-390,ABpxppaaaap
GTTACAGTCTCGATGA-400.2.2,,,200.0,170-210,ABpxppaap
GTTCATTCACGCGAAA-400.2.2,,,285.0,270-330,ABpxpapaap
GTTCATTTCAGTTAGC-400.2.2,,,210.0,210-270,ABpxppppap
GTTCGGGAGACAGGCT-400.2.2,,Parents_of_PHsh_hyp8_hyp9,265.0,210-270,ABpxpppapa
GTTCGGGAGAGGTTAT-400.2.2,Ciliated_amphid_neuron,,205.0,170-210,ABpxpaaaap
GTTCGGGAGTACGTTC-400.2.2,,RIM_parent,260.0,210-270,ABpxppaapa
GTTCGGGTCCTAGTGA-400.2.2,,RIV,350.0,330-390,ABpxpaapaaa
GTTCTCGAGAGCTGCA-400.2.2,Ciliated_amphid_neuron,AWC,375.0,330-390,ABpxpaaaaap
GTTCTCGTCCCTGACT-400.2.2,Ciliated_amphid_neuron,Neuroblast_ASH_RIB,280.0,270-330,ABpxpaappa
GTTCTCGTCGGTGTTA-400.2.2,Glia,AMso,330.0,330-390,ABpxpaapapa
GTTTCTAGTTCTCATT-400.2.2,,,300.0,270-330,ABpxpppaaa
TAAACCGAGCTCCCAG-400.2.2,,,130.0,130-170,ABpxpapa
TAAACCGAGTGGTAAT-400.2.2,,RIC_parent,300.0,270-330,ABpxppaaaap
TAAGAGAAGGGCTCTC-400.2.2,,,265.0,210-270,ABpxppaapa
TACACGAGTAAGTAGT-400.2.2,,,300.0,270-330,ABpxpapaap
TACAGTGAGAAGCCCA-400.2.2,,,300.0,270-330,ABpxppapaa
TACAGTGAGAGCTATA-400.2.2,Glia,AMso,350.0,330-390,ABpxpaapapa
TACCTATGTACCGTAT-400.2.2,,,300.0,270-330,ABpxppappp
TACGGATGTACGAAAT-400.2.2,Parent_of_exc_gland_AVK,,260.0,210-270,ABpxpapapa
TACGGATTCTCATTCA-400.2.2,,,300.0,270-330,ABpxpppppa
TACGGGCGTCTAGTGT-400.2.2,,,210.0,210-270,ABpxpppaaa
TACGGTAAGACATAAC-400.2.2,Ciliated_amphid_neuron,ASH,380.0,330-390,ABpxpaappaa
TACGGTAAGGCGACAT-400.2.2,,,245.0,210-270,ABpxppappp
TACGGTACATGCCCGA-400.2.2,,,265.0,210-270,ABpxpaaaap
TACGGTATCCTGTACC-400.2.2,,Neuroblast_PVC_LUA,300.0,270-330,ABpxpppaapa
TACGGTATCTGGTATG-400.2.2,,,185.0,170-210,ABpxpapap
TACTCATAGGACTGGT-400.2.2,,,295.0,270-330,ABpxpapapp
TACTCGCGTCTAAACC-400.2.2,,,300.0,270-330,ABpxpapaaa
TACTTGTGTCCGAACC-400.2.2,Ciliated_amphid_neuron,Neuroblast_AWC_SAAVx,260.0,210-270,ABpxpaaaaa
TAGACCAAGTGGCACA-400.2.2,,Neuroblast_PVC_LUA,335.0,330-390,ABpxpppaapa
TAGACCACACTTAACG-400.2.2,,,170.0,170-210,ABpxpppaa
TAGACCAGTCCAGTTA-400.2.2,Ciliated_amphid_neuron,Neuroblast_ASH_RIB,285.0,270-330,ABpxpaappa
TAGAGCTGTACAGTTC-400.2.2,Ciliated_amphid_neuron,AWC,450.0,450-510,ABpxpaaaaap
TAGAGCTGTATAAACG-400.2.2,,,270.0,270-330,ABpxpaapa
TAGAGCTGTCGCATCG-400.2.2,,,260.0,210-270,ABpxpaapaa
TAGAGCTTCGGCTTGG-400.2.2,,,260.0,210-270,ABpxpppapa
TAGAGCTTCGTGGTCG-400.2.2,,,200.0,170-210,ABpxpppaaa
TAGCCGGAGGCTAGAC-400.2.2,,,230.0,210-270,ABpxppppaa
TAGCCGGCATGTTGAC-400.2.2,,,260.0,210-270,ABpxpaapaa
TAGGCATAGGCTATCT-400.2.2,,,230.0,210-270,ABpxpppaaa
TAGGCATAGTCATGCT-400.2.2,,RIM,350.0,330-390,ABpxppaapap
TAGGCATCATGCCTAA-400.2.2,Glia,AMso,350.0,330-390,ABpxpaapapa
TAGGCATGTCGGGTCT-400.2.2,,,270.0,270-330,ABpxpaaaaa
TAGTGGTAGTACGACG-400.2.2,,,290.0,270-330,ABpxppapaa
TAGTTGGAGCTGCAAG-400.2.2,,,270.0,270-330,ABpxpppaap
TAGTTGGTCACAAACC-400.2.2,Glia,AMso,330.0,330-390,ABpxpaapapa
TATCTCAAGGACAGCT-400.2.2,,,260.0,210-270,ABpxpaapaa
TATCTCAAGGCTAGAC-400.2.2,,Neuroblast_PVC_LUA,300.0,270-330,ABpxpppaapa
TATCTCATCGGAATCT-400.2.2,,,225.0,210-270,ABpxpaappp
TATCTCATCGTTACGA-400.2.2,,Neuroblast_PVC_LUA,300.0,270-330,ABpxpppaapa
TATGCCCGTATAGGTA-400.2.2,,,185.0,170-210,ABpxppppa
TATTACCTCGGTGTCG-400.2.2,Ciliated_non_amphid_neuron,,260.0,210-270,ABpxpaappp
TCAACGAGTCTTCTCG-400.2.2,,,290.0,270-330,ABpxppaaaa
TCAACGATCACGCATA-400.2.2,,,200.0,170-210,ABpxppaaa
TCAATCTAGCAATATG-400.2.2,,,265.0,210-270,ABpxppaaa
TCAATCTCACTTAACG-400.2.2,Ciliated_amphid_neuron,,230.0,210-270,ABpxpaapaa
TCACAAGGTGAGTATA-400.2.2,,AMso_parent,260.0,210-270,ABpxpaapap
TCAGATGCACGCATCG-400.2.2,Glia,AMso,450.0,450-510,ABpxpaapapa
TCAGCAAAGATGCCTT-400.2.2,Ciliated_amphid_neuron,,180.0,170-210,ABpxpaaap
TCAGCTCCATTTGCTT-400.2.2,,SIA,350.0,330-390,ABpxpapaapa/ABpxpapappa
TCAGGATTCCCTTGCA-400.2.2,Parent_of_exc_duct_pore_DB_1_3,DB,275.0,270-330,ABpxpaaaap
TCATTTGAGTGGGTTG-400.2.2,,,260.0,210-270,ABpxppappp
TCATTTGGTCTCTTAT-400.2.2,Ciliated_amphid_neuron,ASH,390.0,390-450,ABpxpaappaa
TCATTTGTCTCAAGTG-400.2.2,,,320.0,270-330,ABpxppappp
TCCACACTCAGGCGAA-400.2.2,,,210.0,210-270,ABpxppppaa
TCCACACTCCTAGGGC-400.2.2,,,290.0,270-330,ABpxppappa
TCGAGGCGTTCTGAAC-400.2.2,,,200.0,170-210,ABpxppapp
TCGCGAGAGAGGACGG-400.2.2,Glia,AMso,330.0,330-390,ABpxpaapapa
TCGCGAGTCGCGCCAA-400.2.2,Parent_of_exc_gland_AVK,,270.0,270-330,ABpxpapapa
TCGCGTTAGGCTCTTA-400.2.2,Ciliated_amphid_neuron,AWC,490.0,450-510,ABpxpaaaaap
TCGGGACAGCCCGAAA-400.2.2,,,300.0,270-330,ABpxppapap
TCGGGACCACATAACC-400.2.2,,,260.0,210-270,ABpxppapaa
TCGGGACGTAGGACAC-400.2.2,,,300.0,270-330,ABpxpapaap
TCGGTAAGTCCTGCTT-400.2.2,,,200.0,170-210,ABpxpaapap
TCGTACCAGTGGGCTA-400.2.2,,,170.0,170-210,ABpxppppa
TCGTACCCAGGCGATA-400.2.2,,,260.0,210-270,ABpxpapaaa
TCGTAGACACGGCTAC-400.2.2,,Neuroblast_PVC_LUA,340.0,330-390,ABpxpppaapa
TCGTAGATCTCTTGAT-400.2.2,,AVK,365.0,330-390,ABpxpapapap
TCTCATAAGGCACATG-400.2.2,Excretory_gland,,375.0,330-390,ABpxpapapaa
TCTCATAGTATAAACG-400.2.2,,,285.0,270-330,ABpxpapapp
TCTCTAAGTTACGGAG-400.2.2,,,265.0,210-270,ABpxpppaaa
TCTCTAATCCTTAATC-400.2.2,,,260.0,210-270,ABpxpppaaa
TCTGGAAAGGGTGTGT-400.2.2,,,180.0,170-210,ABpxppaap
TCTTCGGCATGACATC-400.2.2,,PVP,350.0,330-390,ABpxppppaaa
TCTTCGGTCCGCATAA-400.2.2,,,230.0,210-270,ABpxppppaa
TCTTTCCCATGTCCTC-400.2.2,Ciliated_amphid_neuron,Neuroblast_AWC_SAAVx,290.0,270-330,ABpxpaaaaa
TCTTTCCTCGGTGTTA-400.2.2,,,300.0,270-330,ABpxppappa
TGAAAGAAGATATGCA-400.2.2,,,190.0,170-210,ABpxppapa
TGAAAGAAGCAGGTCA-400.2.2,Ciliated_amphid_neuron,Neuroblast_ASH_RIB,260.0,210-270,ABpxpaappa
TGAAAGATCAGCCTAA-400.2.2,,RIC_parent,260.0,210-270,ABpxppaaaap
TGAAAGATCGACAGCC-400.2.2,,,300.0,270-330,ABpxpapaaa
TGACAACTCTATCCTA-400.2.2,,,270.0,270-330,ABpxpapapp
TGACGGCAGAAGGTGA-400.2.2,,,260.0,210-270,ABpxppappp
TGACGGCGTCCGAGTC-400.2.2,Ciliated_amphid_neuron,AWC,405.0,390-450,ABpxpaaaaap
TGACTAGCATTTGCCC-400.2.2,,,260.0,210-270,ABpxpaapaa
TGACTAGGTGTTTGGT-400.2.2,,,300.0,270-330,ABpxppapaa
TGACTAGGTTTGTGTG-400.2.2,Ciliated_amphid_neuron,Neuroblast_AWC_SAAVx,260.0,210-270,ABpxpaaaaa
TGACTTTCAAACGCGA-400.2.2,Excretory_duct_and_pore,,330.0,330-390,ABpxpaaaapa
TGACTTTTCCGGGTGT-400.2.2,,,300.0,270-330,ABpxppappp
TGAGAGGTCTTCAACT-400.2.2,,,185.0,170-210,ABpxppaaa
TGAGCATCAAGGCTCC-400.2.2,,,300.0,270-330,ABpxpppaaa
TGAGCATTCAGTGTTG-400.2.2,,RIM_parent,270.0,270-330,ABpxppaapa
TGAGCATTCGTCGTTC-400.2.2,,,245.0,210-270,ABpxppappa
TGAGGGAAGCGTCAAG-400.2.2,Ciliated_amphid_neuron,Neuroblast_ASH_RIB,285.0,270-330,ABpxpaappa
TGAGGGAGTCTTGATG-400.2.2,Ciliated_amphid_neuron,Neuroblast_AWC_SAAVx,245.0,210-270,ABpxpaaaaa
TGAGGGATCTCGATGA-400.2.2,,Parent_of_PVP_and_rect_V,345.0,330-390,ABpxppppaa
TGATTTCAGAGTGACC-400.2.2,,,195.0,170-210,ABpxppaapp
TGATTTCTCTAACTCT-400.2.2,,RIM,440.0,390-450,ABpxppaapap
TGCCAAACAGTCACTA-400.2.2,Glia,AMso,365.0,330-390,ABpxpaapapa
TGCCAAATCCTATGTT-400.2.2,,Neuroblast_PVC_LUA,300.0,270-330,ABpxpppaapa
TGCCCATAGGAGTCTG-400.2.2,Ciliated_amphid_neuron,ASH,350.0,330-390,ABpxpaappaa
TGCCCATGTAGCGCAA-400.2.2,Glia,AMso,350.0,330-390,ABpxpaapapa
TGCCCTACAGAGTGTG-400.2.2,,RIM_parent,295.0,270-330,ABpxppaapa
TGCCCTATCATCATTC-400.2.2,,,300.0,270-330,ABpxppaapp
TGCGCAGTCATTCACT-400.2.2,,,260.0,210-270,ABpxpppppa
TGCGCAGTCCGCGTTT-400.2.2,,RIV,350.0,330-390,ABpxpaapaaa
TGCGGGTAGTTTAGGA-400.2.2,,Neuroblast_PVC_LUA,300.0,270-330,ABpxpppaapa
TGCGGGTTCGCAAACT-400.2.2,,,190.0,170-210,ABpxppaaa
TGCGGGTTCGTGGGAA-400.2.2,,AVB,325.0,270-330,ABpxpaapaap
TGCGTGGAGTCTCGGC-400.2.2,,AVB,355.0,330-390,ABpxpaapaap
TGCGTGGTCGGAAATA-400.2.2,Excretory_gland,,400.0,390-450,ABpxpapapaa
TGCTACCAGGCGACAT-400.2.2,,,230.0,210-270,ABpxpaaapa
TGCTACCTCCTCAACC-400.2.2,Ciliated_amphid_neuron,Neuroblast_ASH_RIB,270.0,270-330,ABpxpaappa
TGCTACCTCTCATTCA-400.2.2,,,270.0,270-330,ABpxpaapaa
TGGACGCTCTTTACGT-400.2.2,Ciliated_amphid_neuron,AWC,360.0,330-390,ABpxpaaaaap
TGGCCAGAGCTCTCGG-400.2.2,,,260.0,210-270,ABpxppappa
TGGCCAGGTGCTAGCC-400.2.2,,,205.0,170-210,ABpxppapap
TGGCTGGAGCTAGCCC-400.2.2,,,195.0,170-210,ABpxppaaa
TGGCTGGCAATCACAC-400.2.2,,,275.0,270-330,ABpxpppaaa
TGGGAAGCATTGGCGC-400.2.2,,,245.0,210-270,ABpxppappp
TGGGCGTTCTTCAACT-400.2.2,,RIC_parent,350.0,330-390,ABpxppaaaap
TGGTTAGTCGTTTAGG-400.2.2,,,280.0,270-330,ABpxpapaap
TGGTTCCCATCGATTG-400.2.2,,,300.0,270-330,ABpxppaapp
TGGTTCCTCTCCGGTT-400.2.2,Ciliated_amphid_neuron,ASH,415.0,390-450,ABpxpaappaa
TGTCCCAAGATACACA-400.2.2,,,215.0,210-270,ABpxppapap
TGTCCCAAGCAATATG-400.2.2,,RIM,400.0,390-450,ABpxppaapap
TGTCCCAAGTGGTCCC-400.2.2,,AVK,400.0,390-450,ABpxpapapap
TGTGGTAAGCTAACAA-400.2.2,Ciliated_amphid_neuron,ASH,470.0,450-510,ABpxpaappaa
TGTGGTACACAACTGT-400.2.2,,,285.0,270-330,ABpxppapap
TTAACTCAGATCGATA-400.2.2,Ciliated_amphid_neuron,ASH,450.0,450-510,ABpxpaappaa
TTAGGACCAATGGTCT-400.2.2,,,345.0,330-390,ABpxpapaap
TTAGGACGTGTGCGTC-400.2.2,,,265.0,210-270,ABpxppappp
TTAGGACTCAGGCGAA-400.2.2,,,230.0,210-270,ABpxpaappp
TTAGGCACACATTAGC-400.2.2,,AMso_parent,260.0,210-270,ABpxpaapap
TTAGGCACAGACGCTC-400.2.2,,,275.0,270-330,ABpxppapaa
TTAGGCAGTGTCAATC-400.2.2,,,280.0,270-330,ABpxpppaaa
TTAGTTCGTCTAGCCG-400.2.2,,,200.0,170-210,ABpxpppapa
TTAGTTCGTCTCACCT-400.2.2,,Parents_of_PHsh_hyp8_hyp9,265.0,210-270,ABpxpppapa
TTAGTTCTCCTATGTT-400.2.2,,,275.0,270-330,ABpxpppaaa
TTATGCTCACAGGAGT-400.2.2,,,190.0,170-210,ABpxpppap
TTCCCAGAGCTACCTA-400.2.2,,,275.0,270-330,ABpxpapapp
TTCGAAGAGCGATAGC-400.2.2,Glia,AMso,345.0,330-390,ABpxpaapapa
TTCGAAGTCAACACCA-400.2.2,,,310.0,270-330,ABpxppapaa
TTCTACACACTGTTAG-400.2.2,,,290.0,270-330,ABpxppapaa
TTCTCAAAGAAGGACA-400.2.2,Ciliated_non_amphid_neuron,,270.0,270-330,ABpxpaappp
TTCTCAAAGTGGAGAA-400.2.2,,,270.0,270-330,ABpxppaaaa
TTCTCAAGTATTCTCT-400.2.2,,,215.0,210-270,ABpxpaapap
TTCTTAGGTTGGGACA-400.2.2,,AVK,420.0,390-450,ABpxpapapap
TTGAACGAGAGCAATT-400.2.2,,,295.0,270-330,ABpxppappa
TTGAACGTCAGAAATG-400.2.2,,RIC_parent,300.0,270-330,ABpxppaaaap
TTGAACGTCTTGCAAG-400.2.2,Pharyngeal_muscle,pm3_pm4_pm5,550.0,510-580,ABpxppppaa
TTGACTTCAGTTAACC-400.2.2,,,270.0,270-330,ABpxpaaaaa
TTGACTTCAGTTCATG-400.2.2,,Parents_of_PHsh_hyp8_hyp9,270.0,270-330,ABpxpppapa
TTGCGTCAGCGACGTA-400.2.2,,Neuroblast_PVC_LUA,300.0,270-330,ABpxpppaapa
TTGGAACTCTTGACGA-400.2.2,Pharyngeal_gland,g2,490.0,450-510,ABpxpaaaap
TTGGCAACACTCGACG-400.2.2,Ciliated_non_amphid_neuron,,260.0,210-270,ABpxpaaapp
TTTATGCGTTGGAGGT-400.2.2,,,285.0,270-330,ABpxppaapp
TTTCCTCCAATAGAGT-400.2.2,Ciliated_amphid_neuron,ASH,350.0,330-390,ABpxpaappaa
TTTGCGCCACGTCTCT-400.2.2,Glia,AMso,490.0,450-510,ABpxpaapapa
TTTGCGCTCAAGCCTA-400.2.2,Excretory_duct_and_pore,,320.0,270-330,ABpxpaaaapa
TTTGGTTAGATACACA-400.2.2,,,290.0,270-330,ABpxppappa
TTTGGTTCAAGAAAGG-400.2.2,,,265.0,210-270,ABpxpapaaa
TTTGGTTGTTGGTGGA-400.2.2,,,230.0,210-270,ABpxppaapp
TTTGTCAAGGATGGTC-400.2.2,,,290.0,270-330,ABpxpapaaa
AAACCTGAGACAATAC-400.2.3,Ciliated_amphid_neuron,,270.0,270-330,ABpxppppaa
AAACGGGGTTGGTGGA-400.2.3,,,200.0,170-210,ABpxppapa
AAAGATGAGACATAAC-400.2.3,,,310.0,270-330,ABpxppappp
AAAGATGCACGAGAGT-400.2.3,,,285.0,270-330,ABpxpaaapa
AAAGATGCAGACGCCT-400.2.3,,,200.0,170-210,ABpxpaaaap
AAAGCAAAGAATGTGT-400.2.3,,,295.0,270-330,ABpxppaapp
AAAGCAACACAAGCCC-400.2.3,,RIC_parent,300.0,270-330,ABpxppaaaap
AAAGCAACAGTCACTA-400.2.3,,,270.0,270-330,ABpxpppppa
AAAGCAATCCGCAAGC-400.2.3,Ciliated_amphid_neuron,Neuroblast_AWC_SAAVx,270.0,270-330,ABpxpaaaaa
AAAGTAGAGACTCGGA-400.2.3,,DB,300.0,270-330,ABpxpaaaap
AAAGTAGCAATGGACG-400.2.3,,,300.0,270-330,ABpxpapaaa
AAAGTAGCACGCTTTC-400.2.3,Glia,AMso,360.0,330-390,ABpxpaapapa
AAAGTAGGTGACAAAT-400.2.3,,,300.0,270-330,ABpxpapaaa
AAAGTAGTCCGCATAA-400.2.3,,,280.0,270-330,ABpxpaaapa
AAAGTAGTCCGTCATC-400.2.3,,Parents_of_U_F_B_DVA,260.0,210-270,ABpxppppap
AAAGTAGTCCGTTGCT-400.2.3,,RIC_parent,340.0,330-390,ABpxppaaaap
AAATGCCAGGCTAGGT-400.2.3,,,280.0,270-330,ABpxppapap
AAATGCCGTAAAGTCA-400.2.3,Ciliated_non_amphid_neuron,,245.0,210-270,ABpxpaaapp
AAATGCCGTTAGGGTG-400.2.3,,Parents_of_PHsh_hyp8_hyp9,270.0,270-330,ABpxpppapa
AACACGTAGAGGTACC-400.2.3,Ciliated_amphid_neuron,AWC,345.0,330-390,ABpxpaaaaap
AACACGTCACGAAACG-400.2.3,,RIM_parent,270.0,270-330,ABpxppaapa
AACACGTGTATAGGTA-400.2.3,Ciliated_non_amphid_neuron,,300.0,270-330,ABpxpaappp
AACCATGTCCTTGCCA-400.2.3,,,220.0,210-270,ABpxpppaap
AACCGCGCACACGCTG-400.2.3,,,220.0,210-270,ABpxpaaap
AACCGCGGTACAGCAG-400.2.3,,,285.0,270-330,ABpxppaaaa
AACCGCGTCCAGAGGA-400.2.3,,,300.0,270-330,ABpxpapaap
AACGTTGCAATCCAAC-400.2.3,,,245.0,210-270,ABpxppappa
AACGTTGGTAAGTTCC-400.2.3,,,295.0,270-330,ABpxppaapp
AACGTTGGTATCTGCA-400.2.3,,,260.0,210-270,ABpxppappa
AACGTTGTCCGCATAA-400.2.3,,,265.0,210-270,ABpxppappa
AACTCAGAGAAGGTTT-400.2.3,,,200.0,170-210,ABpxppappp
AACTCAGTCGTCTGCT-400.2.3,Ciliated_amphid_neuron,Neuroblast_AWC_SAAVx,260.0,210-270,ABpxpaaaaa
AACTCTTTCGAGGTAG-400.2.3,,,310.0,270-330,ABpxppappp
AACTGGTAGTCTCGGC-400.2.3,,,230.0,210-270,ABpxppppaa
AACTGGTCATTCTTAC-400.2.3,,,265.0,210-270,ABpxppaaaa
AAGACCTCATGTAAGA-400.2.3,Ciliated_amphid_neuron,ASH,350.0,330-390,ABpxpaappaa
AAGCCGCAGATGTTAG-400.2.3,,,220.0,210-270,ABpxpaaapp
AAGCCGCGTCCGTTAA-400.2.3,,,205.0,170-210,ABpxppappp
AAGGCAGAGTTGAGAT-400.2.3,,,270.0,270-330,ABpxpaapaa
AAGGCAGGTGATGTGG-400.2.3,,,285.0,270-330,ABpxppappa
AAGGTTCAGTGTCTCA-400.2.3,,,290.0,270-330,ABpxppappa
AAGGTTCCAGTTTACG-400.2.3,Ciliated_amphid_neuron,AWC,350.0,330-390,ABpxpaaaaap
AAGTCTGAGCAATATG-400.2.3,Ciliated_amphid_neuron,AWC,380.0,330-390,ABpxpaaaaap
AAGTCTGTCTGAAAGA-400.2.3,,,295.0,270-330,ABpxpaaapa
AATCGGTAGATCTGCT-400.2.3,,,230.0,210-270,ABpxppaapp
AATCGGTAGTTCGATC-400.2.3,Ciliated_amphid_neuron,Neuroblast_ASH_RIB,265.0,210-270,ABpxpaappa
AATCGGTTCGGTCCGA-400.2.3,,Parents_of_Y_DA6_DA7_DA9,270.0,270-330,ABpxpppaaa
ACACCAATCAGGTTCA-400.2.3,,,160.0,130-170,ABpxpppa
ACACTGAAGGGAGTAA-400.2.3,Ciliated_non_amphid_neuron,,275.0,270-330,ABpxpaapap
ACACTGAAGTGAATTG-400.2.3,,RIC_parent,310.0,270-330,ABpxppaaaap
ACACTGACACGGTAAG-400.2.3,Ciliated_amphid_neuron,AWC,450.0,450-510,ABpxpaaaaap
ACACTGATCACCTTAT-400.2.3,,,300.0,270-330,ABpxpppaaa
ACACTGATCTATCCCG-400.2.3,,RIM_parent,300.0,270-330,ABpxppaapa
ACACTGATCTGATTCT-400.2.3,Ciliated_amphid_neuron,ASH,390.0,390-450,ABpxpaappaa
ACAGCCGTCCTCAATT-400.2.3,,Parent_of_tail_spike_and_hyp10,225.0,210-270,ABpxpppppp
ACAGCTATCCACTCCA-400.2.3,,Parents_of_PHsh_hyp8_hyp9,260.0,210-270,ABpxpppapa
ACAGCTATCTACGAGT-400.2.3,,,320.0,270-330,ABpxppapaa
ACATACGGTCGAGTTT-400.2.3,,,260.0,210-270,ABpxppaaaa
ACATACGTCATCTGCC-400.2.3,,Parents_of_PHsh_hyp8_hyp9,265.0,210-270,ABpxpppapa
ACATCAGAGTTATCGC-400.2.3,,,200.0,170-210,ABpxpaaap
ACATCAGGTAGCGCAA-400.2.3,Ciliated_amphid_neuron,Neuroblast_AWC_SAAVx,260.0,210-270,ABpxpaaaaa
ACATCAGTCTCGCTTG-400.2.3,Ciliated_amphid_neuron,ASH,380.0,330-390,ABpxpaappaa
ACATGGTAGCGTGAAC-400.2.3,,Parents_of_U_F_B_DVA,260.0,210-270,ABpxppppap
ACATGGTTCAACCATG-400.2.3,Ciliated_amphid_neuron,Neuroblast_AWC_SAAVx,290.0,270-330,ABpxpaaaaa
ACATGGTTCTCGCTTG-400.2.3,,,230.0,210-270,ABpxppaapp
ACCAGTACACCAGATT-400.2.3,,,200.0,170-210,ABpxpppapa
ACCAGTAGTGGTCCGT-400.2.3,,,220.0,210-270,ABpxpppaap
ACCCACTAGCTGTCTA-400.2.3,Ciliated_non_amphid_neuron,,270.0,270-330,ABpxpaappp
ACCCACTAGTGCCATT-400.2.3,,,170.0,170-210,ABpxppapa
ACCCACTTCCACGTTC-400.2.3,,,175.0,170-210,ABpxppaaaa
ACCGTAATCACGATGT-400.2.3,,,300.0,270-330,ABpxppaapp
ACCTTTACAGGGTTAG-400.2.3,,,220.0,210-270,ABpxpaaapp
ACCTTTAGTGGCAAAC-400.2.3,,DA,345.0,330-390,ABpxppapap
ACGAGCCGTATATCCG-400.2.3,,,170.0,170-210,ABpxppppaa
ACGAGGACAGCTCCGA-400.2.3,,,260.0,210-270,ABpxppaaaa
ACGAGGATCACAAACC-400.2.3,,,205.0,170-210,ABpxpppaaa
ACGATACCACATGGGA-400.2.3,,,285.0,270-330,ABpxpppaaa
ACGATACCAGTTTACG-400.2.3,,,260.0,210-270,ABpxppappp
ACGATACCATGACGGA-400.2.3,,,195.0,170-210,ABpxpppaap
ACGATACTCACTTACT-400.2.3,Ciliated_non_amphid_neuron,,300.0,270-330,ABpxpppaap
ACGATACTCTTCGGTC-400.2.3,Parent_of_exc_gland_AVK,,260.0,210-270,ABpxpapapa
ACGATGTGTAGCGCTC-400.2.3,,,200.0,170-210,ABpxpaapa
ACGCCAGAGGAGCGAG-400.2.3,,,180.0,170-210,ABpxppaap
ACGCCAGAGGGTTCCC-400.2.3,Ciliated_amphid_neuron,Neuroblast_ASH_RIB,260.0,210-270,ABpxpaappa
ACGCCAGGTCACCTAA-400.2.3,,AVK,410.0,390-450,ABpxpapapap
ACGCCGACAGTAAGCG-400.2.3,,,300.0,270-330,ABpxpapaap
ACGGAGAGTGTTGGGA-400.2.3,,,270.0,270-330,ABpxppappp
ACGGCCAAGTTGTAGA-400.2.3,,,245.0,210-270,ABpxpaapaa
ACGGCCACAGTCCTTC-400.2.3,,AMso_parent,280.0,270-330,ABpxpaapap
ACGGGCTAGACTACAA-400.2.3,,,245.0,210-270,ABpxpppaaa
ACGGGCTTCATAAAGG-400.2.3,,,230.0,210-270,ABpxpppapa
ACGGGTCCACTGTTAG-400.2.3,,,170.0,170-210,ABpxppppp
ACGGGTCTCTCCCTGA-400.2.3,,,260.0,210-270,ABpxpppppa
ACGTCAAAGTAATCCC-400.2.3,Ciliated_amphid_neuron,ASH,415.0,390-450,ABpxpaappaa
ACGTCAATCAAGAAGT-400.2.3,Ciliated_non_amphid_neuron,,260.0,210-270,ABpxpaaapa
ACTATCTAGCCCAGCT-400.2.3,,,220.0,210-270,ABpxpaaapa
ACTATCTCAGTTCATG-400.2.3,Glia,AMso,330.0,330-390,ABpxpaapapa
ACTGAACGTCGATTGT-400.2.3,Ciliated_non_amphid_neuron,,230.0,210-270,ABpxpaaapp
ACTGAACTCAGTGTTG-400.2.3,Excretory_gland,,380.0,330-390,ABpxpapapaa
ACTGAACTCGGGAGTA-400.2.3,,,270.0,270-330,ABpxpppppa
ACTGAGTCAGATTGCT-400.2.3,,,280.0,270-330,ABpxpaapaa
ACTGATGTCAATACCG-400.2.3,Ciliated_non_amphid_neuron,,225.0,210-270,ABpxpaappp
ACTGCTCCAAGCCCAC-400.2.3,,,295.0,270-330,ABpxppaapp
ACTGCTCCATGTAAGA-400.2.3,Ciliated_non_amphid_neuron,,270.0,270-330,ABpxpaappp
ACTGCTCGTCGGGTCT-400.2.3,,,260.0,210-270,ABpxpppppa
ACTGTCCTCTTGAGGT-400.2.3,Ciliated_amphid_neuron,AWC,385.0,330-390,ABpxpaaaaap
ACTTACTCAATTCCTT-400.2.3,,Neuroblast_PVC_LUA,300.0,270-330,ABpxpppaapa
ACTTACTTCTTGTTTG-400.2.3,,Parents_of_Y_DA6_DA7_DA9,270.0,270-330,ABpxpppaaa
ACTTGTTCATGGTAGG-400.2.3,,RIM_parent,280.0,270-330,ABpxppaapa
ACTTTCAAGCGAAGGG-400.2.3,,AVB,350.0,330-390,ABpxpaapaap
ACTTTCAGTATCAGTC-400.2.3,,,210.0,210-270,ABpxppapaa
AGAATAGAGTTCCACA-400.2.3,Ciliated_amphid_neuron,ASH,385.0,330-390,ABpxpaappaa
AGACGTTAGCACAGGT-400.2.3,,,240.0,210-270,ABpxpaaaap
AGACGTTAGGCTAGAC-400.2.3,,,310.0,270-330,ABpxppapaa
AGAGCGAAGCTTTGGT-400.2.3,Parent_of_exc_duct_pore_DB_1_3,DB,300.0,270-330,ABpxpaaaap
AGAGCGATCACCCGAG-400.2.3,,,170.0,170-210,ABpxppppp
AGAGCGATCTTTACAC-400.2.3,,,290.0,270-330,ABpxppapaa
AGAGCTTCATCAGTCA-400.2.3,,,275.0,270-330,ABpxpapaaa
AGAGCTTGTGTCCTCT-400.2.3,,Neuroblast_PVC_LUA,335.0,330-390,ABpxpppaapa
AGATCTGCATATGCTG-400.2.3,,,300.0,270-330,ABpxpppppa
AGATCTGGTAGCTTGT-400.2.3,,RIM_parent,270.0,270-330,ABpxppaapa
AGATCTGTCAGGCCCA-400.2.3,,AVK,450.0,450-510,ABpxpapapap
AGATCTGTCCAAACAC-400.2.3,,,170.0,170-210,ABpxpaap
AGATTGCAGGCTAGCA-400.2.3,,,270.0,270-330,ABpxpppaaa
AGCATACAGAGCTGCA-400.2.3,Excretory_gland,,490.0,450-510,ABpxpapapaa
AGCATACCAATGGAAT-400.2.3,ABarpaaa_lineage,,190.0,170-210,ABpxpppapa
AGCGGTCAGCTAGGCA-400.2.3,,,200.0,170-210,ABpxpaaapa
AGCGGTCGTCAACATC-400.2.3,,,320.0,270-330,ABpxppaapp
AGCGGTCGTTAGATGA-400.2.3,,Parents_of_U_F_B_DVA,290.0,270-330,ABpxppppap
AGCGGTCTCTACTCAT-400.2.3,Glia,AMso,410.0,390-450,ABpxpaapapa
AGCGTATTCGAACTGT-400.2.3,,,290.0,270-330,ABpxppapaa
AGCGTATTCGGCGCTA-400.2.3,,,260.0,210-270,ABpxpppapa
AGCTCCTTCCACTCCA-400.2.3,,,170.0,170-210,ABpxpaapp
AGCTCTCAGGCCCGTT-400.2.3,,,170.0,170-210,ABpxppapap
AGCTTGAAGCCGATTT-400.2.3,,,260.0,210-270,ABpxpapaaa
AGCTTGAGTAGCTGCC-400.2.3,,Parents_of_PHsh_hyp8_hyp9,270.0,270-330,ABpxpppapa
AGGCCGTGTCCTCTTG-400.2.3,Parent_of_exc_duct_pore_DB_1_3,,270.0,270-330,ABpxpaaaap
AGGGAGTTCTTGTACT-400.2.3,Parent_of_exc_gland_AVK,,280.0,270-330,ABpxpapapa
AGGGATGCAGTACACT-400.2.3,,,245.0,210-270,ABpxppaapp
AGGGATGTCGCCTGTT-400.2.3,,RIC_parent,350.0,330-390,ABpxppaaaap
AGGGTGAAGATCACGG-400.2.3,,,200.0,170-210,ABpxpapap
AGGGTGAGTTTCCACC-400.2.3,,,260.0,210-270,ABpxppappa
AGGTCATCAGGGTTAG-400.2.3,Parent_of_exc_duct_pore_DB_1_3,,285.0,270-330,ABpxpaaaap
AGGTCATCAGTGAGTG-400.2.3,,,275.0,270-330,ABpxppappp
AGGTCATGTATTACCG-400.2.3,,,220.0,210-270,ABpxppppp
AGGTCCGAGAGCTTCT-400.2.3,Ciliated_amphid_neuron,Neuroblast_AWC_SAAVx,270.0,270-330,ABpxpaaaaa
AGGTCCGCATATACGC-400.2.3,,Neuroblast_PVC_LUA,300.0,270-330,ABpxpppaapa
AGTAGTCCACCGAATT-400.2.3,,AMso_parent,260.0,210-270,ABpxpaapap
AGTAGTCCATGGTTGT-400.2.3,,,230.0,210-270,ABpxppaapp
AGTAGTCGTGGACGAT-400.2.3,Ciliated_amphid_neuron,AWC,405.0,390-450,ABpxpaaaaap
AGTAGTCGTTGTGGCC-400.2.3,Ciliated_non_amphid_neuron,,260.0,210-270,ABpxpaaapp
AGTAGTCTCAGAGCTT-400.2.3,,,300.0,270-330,ABpxpppppa
AGTCTTTAGATGAGAG-400.2.3,Ciliated_amphid_neuron,ASH,350.0,330-390,ABpxpaappaa
AGTCTTTAGCTTATCG-400.2.3,,AMso_parent,285.0,270-330,ABpxpaapap
AGTCTTTGTGGTAACG-400.2.3,,,230.0,210-270,ABpxpppaap
AGTGAGGAGGAATCGC-400.2.3,,Parents_of_U_F_B_DVA,300.0,270-330,ABpxppppap
AGTGAGGGTTCACCTC-400.2.3,,SIB,405.0,390-450,ABpxpapaapp/ABpxppaaaaa
AGTGTCAGTTGGTGGA-400.2.3,,,260.0,210-270,ABpxpppppa
AGTTGGTTCTGTTTGT-400.2.3,,Parent_of_tail_spike_and_hyp10,230.0,210-270,ABpxpppppp
ATAACGCTCAGAGACG-400.2.3,,,245.0,210-270,ABpxppaaaa
ATAGACCTCAACACCA-400.2.3,,RIC_parent,350.0,330-390,ABpxppaaaap
ATCACGACAAGCTGTT-400.2.3,,,285.0,270-330,ABpxpapapp
ATCACGACAGCGATCC-400.2.3,,RIC_parent,330.0,330-390,ABpxppaaaap
ATCACGATCCGGGTGT-400.2.3,Ciliated_amphid_neuron,ASH,385.0,330-390,ABpxpaappaa
ATCATCTAGAATCTCC-400.2.3,,,270.0,270-330,ABpxpppaaa
ATCATCTGTGCGATAG-400.2.3,,,265.0,210-270,ABpxppaaa
ATCATCTTCTGAAAGA-400.2.3,,,265.0,210-270,ABpxppapaa
ATCATGGGTGGTCTCG-400.2.3,,,180.0,170-210,ABpxpppaap
ATCCACCCAGCCACCA-400.2.3,,,285.0,270-330,ABpxpapaap
ATCCGAAAGGACGAAA-400.2.3,,,230.0,210-270,ABpxppaapp
ATCTACTAGATAGTCA-400.2.3,Ciliated_non_amphid_neuron,,230.0,210-270,ABpxpaaapp
ATCTGCCCATACGCCG-400.2.3,,,280.0,270-330,ABpxppapaa
ATCTGCCGTCCGAGTC-400.2.3,,,260.0,210-270,ABpxppaaaa
ATCTGCCTCACTTATC-400.2.3,,RIM_parent,260.0,210-270,ABpxppaapa
ATGAGGGTCACAGGCC-400.2.3,Glia,AMso,350.0,330-390,ABpxpaapapa
ATGCGATAGGTTACCT-400.2.3,,RIB,390.0,390-450,ABpxpaappap
ATGGGAGAGACAGAGA-400.2.3,,,260.0,210-270,ABpxpppppa
ATGGGAGCATCGACGC-400.2.3,,,285.0,270-330,ABpxppapaa
ATGGGAGCATTGCGGC-400.2.3,Ciliated_amphid_neuron,Neuroblast_AWC_SAAVx,260.0,210-270,ABpxpaaaaa
ATGGGAGTCCGGGTGT-400.2.3,,RIM_parent,270.0,270-330,ABpxppaapa
ATGTGTGGTTATGCGT-400.2.3,Ciliated_amphid_neuron,ASH,380.0,330-390,ABpxpaappaa
ATTATCCGTTCAGGCC-400.2.3,,,260.0,210-270,ABpxpppaap
ATTCTACCAGTTAACC-400.2.3,,,300.0,270-330,ABpxpapapa
ATTCTACTCTCGTTTA-400.2.3,,Neuroblast_PVC_LUA,320.0,270-330,ABpxpppaapa
ATTGGACTCCCTTGTG-400.2.3,Ciliated_amphid_neuron,AWC,405.0,390-450,ABpxpaaaaap
ATTGGTGAGATACACA-400.2.3,,,230.0,210-270,ABpxpppaap
ATTGGTGCATGACATC-400.2.3,,,290.0,270-330,ABpxppaapp
ATTTCTGCAAGCCATT-400.2.3,,,295.0,270-330,ABpxpaaapa
ATTTCTGGTATAGTAG-400.2.3,,RIM_parent,275.0,270-330,ABpxppaapa
ATTTCTGTCCATGAAC-400.2.3,,RIC_parent,340.0,330-390,ABpxppaaaap
CAACCAAGTAAGTAGT-400.2.3,,RIC_parent,290.0,270-330,ABpxppaaaap
CAACCAAGTAGCTAAA-400.2.3,,Neuroblast_PVC_LUA,300.0,270-330,ABpxpppaapa
CAACCTCAGTGGGATC-400.2.3,,,290.0,270-330,ABpxppaapp
CAACTAGGTGCTGTAT-400.2.3,,,170.0,170-210,ABpxppapa
CAAGAAAAGGTGTGGT-400.2.3,,,320.0,270-330,ABpxppaapp
CAAGAAAGTGTTTGTG-400.2.3,,AVB,330.0,330-390,ABpxpaapaap
CAAGAAAGTTCCATGA-400.2.3,,,300.0,270-330,ABpxppapaa
CAAGAAATCTGTGCAA-400.2.3,,AVK,415.0,390-450,ABpxpapapap
CAAGATCAGTTCCACA-400.2.3,Ciliated_amphid_neuron,,220.0,210-270,ABpxpaapaa
CAAGATCCAGTCTTCC-400.2.3,,,245.0,210-270,ABpxpppp
CAAGGCCTCGTGACAT-400.2.3,Ciliated_non_amphid_neuron,,270.0,270-330,ABpxpaappp
CAAGTTGAGGCGATAC-400.2.3,,,320.0,270-330,ABpxppaapp
CAAGTTGGTATAGGGC-400.2.3,,RIC_parent,300.0,270-330,ABpxppaaaap
CAAGTTGGTCATGCCG-400.2.3,,,270.0,270-330,ABpxpaapaa
CAAGTTGGTCGAACAG-400.2.3,Parent_of_exc_gland_AVK,,300.0,270-330,ABpxpapapa
CACAAACCACAGACTT-400.2.3,,RIM_parent,260.0,210-270,ABpxppaapa
CACAAACGTGCACTTA-400.2.3,,,210.0,210-270,ABpxpppaap
CACACAACACCCATGG-400.2.3,,,200.0,170-210,ABpxpaaaa
CACACAACACGACTCG-400.2.3,,Neuroblast_PVC_LUA,300.0,270-330,ABpxpppaapa
CACACAAGTATAGGGC-400.2.3,Excretory_gland,PVQ_parent,380.0,330-390,ABpxpapapaa
CACACCTAGGCATGTG-400.2.3,,AVK,500.0,450-510,ABpxpapapap
CACACCTGTTATCCGA-400.2.3,,,290.0,270-330,ABpxppaaaa
CACAGGCAGATCCCAT-400.2.3,Ciliated_amphid_neuron,Neuroblast_ASH_RIB,260.0,210-270,ABpxpaappa
CACAGGCCATCTATGG-400.2.3,,,190.0,170-210,ABpxpaaapa
CACAGGCGTCGCATCG-400.2.3,,,300.0,270-330,ABpxppapaa
CACAGGCTCTCGGACG-400.2.3,,,280.0,270-330,ABpxppappp
CACAGTAAGACACTAA-400.2.3,,,300.0,270-330,ABpxpppppa
CACATAGCACACTGCG-400.2.3,Ciliated_amphid_neuron,Neuroblast_AWC_SAAVx,270.0,270-330,ABpxpaaaaa
CACCAGGAGAATTCCC-400.2.3,,,130.0,130-170,ABpxpapa
CACCAGGCAGGCTGAA-400.2.3,,Parents_of_PHsh_hyp8_hyp9,270.0,270-330,ABpxpppapa
CACCTTGAGGCCCGTT-400.2.3,,,320.0,270-330,ABpxppappa
CACCTTGCAGGTCGTC-400.2.3,,AMso_parent,280.0,270-330,ABpxpaapap
CACCTTGGTTCAGCGC-400.2.3,,,290.0,270-330,ABpxpppppa
CACTCCAAGGATATAC-400.2.3,,,300.0,270-330,ABpxppapap
CACTCCACACAACGCC-400.2.3,,,230.0,210-270,ABpxpppaap
CACTCCACACCCATTC-400.2.3,,,225.0,210-270,ABpxpaappp
CAGAATCAGTGGTAAT-400.2.3,,,300.0,270-330,ABpxpapapp
CAGAGAGGTACGCACC-400.2.3,Ciliated_amphid_neuron,AWC,420.0,390-450,ABpxpaaaaap
CAGAGAGGTTGTGGCC-400.2.3,,,175.0,170-210,ABpxppappp
CAGATCACACCTCGGA-400.2.3,,,200.0,170-210,ABpxppaaaa
CAGATCAGTAGCTAAA-400.2.3,Ciliated_amphid_neuron,Neuroblast_AWC_SAAVx,230.0,210-270,ABpxpaaaaa
CAGCAGCAGCCATCGC-400.2.3,,,265.0,210-270,ABpxppppaa
CAGCAGCAGCTCCCAG-400.2.3,,,260.0,210-270,ABpxpaapaa
CAGCAGCTCGCCAAAT-400.2.3,,Parents_of_U_F_B_DVA,270.0,270-330,ABpxppppap
CAGCATAAGATATGCA-400.2.3,Ciliated_amphid_neuron,Neuroblast_ASH_RIB,270.0,270-330,ABpxpaappa
CAGCATAAGGAGCGAG-400.2.3,,,225.0,210-270,ABpxppaapp
CAGCATAAGTATCGAA-400.2.3,,AIN_parent,300.0,270-330,ABpxppppaa
CAGCATAGTACCGGCT-400.2.3,,,190.0,170-210,ABpxppapa
CAGCCGAAGTCACGCC-400.2.3,Ciliated_non_amphid_neuron,,270.0,270-330,ABpxpaappp
CAGCCGACAAGTTGTC-400.2.3,Ciliated_amphid_neuron,,200.0,170-210,ABpxpppaa
CAGCGACTCTTGCATT-400.2.3,,RIM_parent,290.0,270-330,ABpxppaapa
CAGGTGCAGCGATGAC-400.2.3,Ciliated_amphid_neuron,Neuroblast_AWC_SAAVx,230.0,210-270,ABpxpaaaaa
CAGGTGCAGGGTTCCC-400.2.3,,RIC_parent,340.0,330-390,ABpxppaaaap
CAGTAACAGGATGGAA-400.2.3,,DB,300.0,270-330,ABpxpaaaap
CAGTAACCAGCCTATA-400.2.3,,Parents_of_PHsh_hyp8_hyp9,270.0,270-330,ABpxpppapa
CAGTAACCAGCTGTTA-400.2.3,,,265.0,210-270,ABpxppappp
CAGTAACGTGCACCAC-400.2.3,,PVP,350.0,330-390,ABpxppppaaa
CAGTCCTCAGCTTAAC-400.2.3,,,170.0,170-210,ABpxppapa
CATATGGAGTGGAGAA-400.2.3,,AVK,490.0,450-510,ABpxpapapap
CATATGGGTGGAAAGA-400.2.3,,,260.0,210-270,ABpxpppppa
CATATTCGTTCGCTAA-400.2.3,,,245.0,210-270,ABpxpaaapa
CATCAAGTCGAATGCT-400.2.3,Ciliated_amphid_neuron,Neuroblast_AWC_SAAVx,325.0,270-330,ABpxpaaaaa
CATCAGAAGACATAAC-400.2.3,Ciliated_non_amphid_neuron,,260.0,210-270,ABpxpaappp
CATCAGAAGCTACCGC-400.2.3,,,170.0,170-210,ABpxpppaa
CATCAGACACAGGAGT-400.2.3,Ciliated_non_amphid_neuron,,225.0,210-270,ABpxpaappp
CATCAGAGTCGAGTTT-400.2.3,Excretory_duct_and_pore,,330.0,330-390,ABpxpaaaapa
CATCAGAGTGCACTTA-400.2.3,Excretory_gland,,345.0,330-390,ABpxpapapaa
CATCAGATCAACGGCC-400.2.3,Glia,AMso,330.0,330-390,ABpxpaapapa
CATCCACCAGATAATG-400.2.3,,,310.0,270-330,ABpxppappp
CATCGAAAGGACTGGT-400.2.3,,,265.0,210-270,ABpxpaapaa
CATCGAACAAACCTAC-400.2.3,Ciliated_non_amphid_neuron,,260.0,210-270,ABpxpaaapp
CATCGAACACAGTCGC-400.2.3,,,230.0,210-270,ABpxpaapap
CATCGAACAGAAGCAC-400.2.3,,,200.0,170-210,ABpxpapaa
CATCGGGAGGAACTGC-400.2.3,,,280.0,270-330,ABpxpaapaa
CATGCCTAGTTTCCTT-400.2.3,,,265.0,210-270,ABpxppappp
CATGCCTGTCGACTGC-400.2.3,,,260.0,210-270,ABpxpaappp
CATGCCTGTGCCTGGT-400.2.3,Excretory_duct_and_pore,,320.0,270-330,ABpxpaaaapa
CATGGCGCACCGCTAG-400.2.3,,RIM_parent,280.0,270-330,ABpxppaapa
CATTATCTCGGATGTT-400.2.3,Ciliated_non_amphid_neuron,,220.0,210-270,ABpxpaappp
CCAATCCCACACTGCG-400.2.3,Ciliated_non_amphid_neuron,,260.0,210-270,ABpxpaaapp
CCAATCCTCGTCCAGG-400.2.3,,,205.0,170-210,ABpxppppaa
CCACCTACATCAGTAC-400.2.3,,,275.0,270-330,ABpxpppaaa
CCACCTACATTCACTT-400.2.3,Parent_of_exc_gland_AVK,,290.0,270-330,ABpxpapapa
CCACCTAGTACAGTTC-400.2.3,,,270.0,270-330,ABpxpaapaa
CCACCTAGTCTCATCC-400.2.3,,Parents_of_U_F_B_DVA,290.0,270-330,ABpxppppap
CCACCTATCCTGTACC-400.2.3,,AVB,370.0,330-390,ABpxpaapaap
CCACGGAAGTACGCCC-400.2.3,,AVB,325.0,270-330,ABpxpaapaap
CCACTACAGAAGGACA-400.2.3,,RIV,360.0,330-390,ABpxpaapaaa
CCACTACCACTCGACG-400.2.3,Ciliated_amphid_neuron,,205.0,170-210,ABpxppppaa
CCACTACCACTGTGTA-400.2.3,,,260.0,210-270,ABpxppaaa
CCACTACTCACTGGGC-400.2.3,Ciliated_amphid_neuron,Neuroblast_ASH_RIB,260.0,210-270,ABpxpaappa
CCACTACTCTGCGACG-400.2.3,,RIM_parent,300.0,270-330,ABpxppaapa
CCAGCGAAGTTGTAGA-400.2.3,,RIC_parent,300.0,270-330,ABpxppaaaap
CCAGCGAGTAAACCTC-400.2.3,,,270.0,270-330,ABpxpapaap
CCAGCGAGTCGCTTTC-400.2.3,,,265.0,210-270,ABpxppapaa
CCATGTCTCCGTAGTA-400.2.3,,,200.0,170-210,ABpxpppaaa
CCATTCGGTTTGTTTC-400.2.3,,,295.0,270-330,ABpxpapaaa
CCCAATCAGAGAGCTC-400.2.3,,SIA,335.0,330-390,ABpxpapaapa/ABpxpapappa
CCCAATCAGCAGGCTA-400.2.3,,,290.0,270-330,ABpxppaapp
CCCAATCCAAGTCTAC-400.2.3,,,260.0,210-270,ABpxppapaa
CCCAATCCAGGGTTAG-400.2.3,,,270.0,270-330,ABpxpapapp
CCCAGTTCAAACCCAT-400.2.3,,,245.0,210-270,ABpxppaaa
CCCAGTTTCCAAACTG-400.2.3,Ciliated_non_amphid_neuron,,230.0,210-270,ABpxpaaapp
CCCAGTTTCCGAGCCA-400.2.3,,,220.0,210-270,ABpxpaaapa
CCCATACCATGAACCT-400.2.3,,,220.0,210-270,ABpxpppaap
CCCATACCATGCCTAA-400.2.3,,,265.0,210-270,ABpxppppaa
CCCATACTCCCATTAT-400.2.3,Ciliated_amphid_neuron,AWC,380.0,330-390,ABpxpaaaaap
CCCATACTCGCGCCAA-400.2.3,,,180.0,170-210,ABpxppppap
CCCTCCTCAGGTGGAT-400.2.3,Ciliated_non_amphid_neuron,,220.0,210-270,ABpxpaapp
CCCTCCTCAGTATGCT-400.2.3,Ciliated_amphid_neuron,Neuroblast_AWC_SAAVx,230.0,210-270,ABpxpaaaaa
CCCTCCTGTCTCTCGT-400.2.3,,,300.0,270-330,ABpxppappp
CCCTCCTGTGAGGGAG-400.2.3,,,245.0,210-270,ABpxppppaa
CCGGTAGCACGAGAGT-400.2.3,,RIC_parent,375.0,330-390,ABpxppaaaap
CCGGTAGGTGCGATAG-400.2.3,Parent_of_exc_gland_AVK,,260.0,210-270,ABpxpapapa
CCGGTAGGTTGTACAC-400.2.3,Ciliated_amphid_neuron,Neuroblast_ASH_RIB,270.0,270-330,ABpxpaappa
CCGTTCACAGACGTAG-400.2.3,,,260.0,210-270,ABpxppappp
CCTAAAGAGAGCTGGT-400.2.3,,,275.0,270-330,ABpxppaaaa
CCTAAAGAGTGGAGAA-400.2.3,Excretory_gland,,350.0,330-390,ABpxpapapaa
CCTACACCACCTTGTC-400.2.3,,RIC_parent,300.0,270-330,ABpxppaaaap
CCTACACGTAAGGGCT-400.2.3,,AMso_parent,280.0,270-330,ABpxpaapap
CCTACACGTTAAAGAC-400.2.3,Ciliated_amphid_neuron,ASH,400.0,390-450,ABpxpaappaa
CCTACCATCACCCGAG-400.2.3,Ciliated_amphid_neuron,Neuroblast_AWC_SAAVx,260.0,210-270,ABpxpaaaaa
CCTAGCTCACAGCCCA-400.2.3,,,320.0,270-330,ABpxppapap
CCTAGCTTCAGTCCCT-400.2.3,,,280.0,270-330,ABpxpapaap
CCTATTAGTCAATACC-400.2.3,,Neuroblast_PVC_LUA,300.0,270-330,ABpxpppaapa
CCTTACGTCAAACCAC-400.2.3,Ciliated_non_amphid_neuron,,260.0,210-270,ABpxpaappp
CCTTCCCGTAACGTTC-400.2.3,Pharyngeal_neuron,,300.0,270-330,ABpxppappa
CCTTCGATCATAGCAC-400.2.3,,RIM,350.0,330-390,ABpxppaapap
CGAACATAGATATACG-400.2.3,,AMso_parent,275.0,270-330,ABpxpaapap
CGAATGTAGCTAAGAT-400.2.3,,,200.0,170-210,ABpxpppaa
CGAATGTTCATGTAGC-400.2.3,,,270.0,270-330,ABpxppapaa
CGACCTTCAAGCCCAC-400.2.3,,RIC_parent,300.0,270-330,ABpxppaaaap
CGACCTTCAGCCTATA-400.2.3,,,260.0,210-270,ABpxppappp
CGACCTTGTCTTTCAT-400.2.3,,,290.0,270-330,ABpxppaapp
CGACCTTGTTATGTGC-400.2.3,,RIC_parent,335.0,330-390,ABpxppaaaap
CGACTTCCAGCATACT-400.2.3,,RIC,435.0,390-450,ABpxppaaaapp
CGACTTCGTGGGTATG-400.2.3,,,200.0,170-210,ABpxpppap
CGACTTCTCAGGCCCA-400.2.3,Parent_of_exc_duct_pore_DB_1_3,,270.0,270-330,ABpxpaaaap
CGAGAAGAGCTGGAAC-400.2.3,,SIA,380.0,330-390,ABpxpapaapa/ABpxpapappa
CGAGAAGCAATCAGAA-400.2.3,,,280.0,270-330,ABpxpppaap
CGAGAAGCACATCCAA-400.2.3,Ciliated_non_amphid_neuron,,300.0,270-330,ABpxpaappp
CGAGAAGTCTTCAACT-400.2.3,,,285.0,270-330,ABpxpppaaa
CGAGCCACACTGTTAG-400.2.3,,Parents_of_Y_DA6_DA7_DA9,270.0,270-330,ABpxpppaaa
CGATGGCAGAGCTGGT-400.2.3,,,260.0,210-270,ABpxppapaa
CGATGGCAGTGTGGCA-400.2.3,,,300.0,270-330,ABpxppappp
CGATGTACATGCCCGA-400.2.3,,,260.0,210-270,ABpxpppppa
CGATGTACATTTCACT-400.2.3,Ciliated_non_amphid_neuron,,260.0,210-270,ABpxpaaapp
CGATGTATCACGCGGT-400.2.3,,,185.0,170-210,ABpxpaaapp
CGATTGAAGAGTACAT-400.2.3,Ciliated_amphid_neuron,AWC,470.0,450-510,ABpxpaaaaap
CGATTGAAGTGCCATT-400.2.3,,AVK,500.0,450-510,ABpxpapapap
CGATTGACACAACTGT-400.2.3,,SIB,400.0,390-450,ABpxpapaapp/ABpxppaaaaa
CGATTGACATCAGTCA-400.2.3,,,260.0,210-270,ABpxpapaaa
CGATTGAGTCGAGATG-400.2.3,,AMso_parent,280.0,270-330,ABpxpaapap
CGCCAAGTCTCTTATG-400.2.3,,Parent_of_tail_spike_and_hyp10,230.0,210-270,ABpxpppppp
CGCGGTATCTTCCTTC-400.2.3,Ciliated_amphid_neuron,Neuroblast_AWC_SAAVx,260.0,210-270,ABpxpaaaaa
CGCGTTTAGAAGCCCA-400.2.3,,,195.0,170-210,ABpxpaapap
CGCTATCCAGACAGGT-400.2.3,,,270.0,270-330,ABpxpaapaa
CGCTGGAAGAGGTTAT-400.2.3,Ciliated_non_amphid_neuron,,260.0,210-270,ABpxpaaapp
CGCTTCAAGTTAGGTA-400.2.3,Ciliated_amphid_neuron,AWC,355.0,330-390,ABpxpaaaaap
CGCTTCATCAGCTCGG-400.2.3,,,260.0,210-270,ABpxppppaa
CGGACACAGCGACGTA-400.2.3,,,270.0,270-330,ABpxpaapaa
CGGACACCACATTCGA-400.2.3,,Neuroblast_PVC_LUA,335.0,330-390,ABpxpppaapa
CGGACACTCTGCAAGT-400.2.3,Ciliated_amphid_neuron,AWC,375.0,330-390,ABpxpaaaaap
CGGAGCTAGCTGTCTA-400.2.3,,,245.0,210-270,ABpxppppaa
CGGAGCTAGTATCGAA-400.2.3,,Parents_of_PHsh_hyp8_hyp9,270.0,270-330,ABpxpppaap
CGGAGCTAGTATCTCG-400.2.3,,,260.0,210-270,ABpxpaapaa
CGGAGCTCACCAGCAC-400.2.3,,Parent_of_tail_spike_and_hyp10,245.0,210-270,ABpxpppppp
CGGCTAGAGGCTATCT-400.2.3,,RIM_parent,290.0,270-330,ABpxppaapa
CGGCTAGTCATAGCAC-400.2.3,,,300.0,270-330,ABpxppappa
CGGGTCAAGATAGCAT-400.2.3,Ciliated_amphid_neuron,Neuroblast_ASH_RIB,230.0,210-270,ABpxpaappa
CGGGTCACAGCATACT-400.2.3,,RIC_parent,335.0,330-390,ABpxppaaaap
CGGGTCACATAAGACA-400.2.3,Parent_of_exc_duct_pore_DB_1_3,,270.0,270-330,ABpxpaaaap
CGGTTAAGTACTTAGC-400.2.3,Parent_of_exc_gland_AVK,,295.0,270-330,ABpxpapapa
CGGTTAATCATGTAGC-400.2.3,,,200.0,170-210,ABpxppppa
CGTAGCGCATCGATTG-400.2.3,,,270.0,270-330,ABpxpaaaaa
CGTCACTAGCAGGCTA-400.2.3,,Parents_of_PHsh_hyp8_hyp9,270.0,270-330,ABpxpppapa
CGTCACTCAGCCAGAA-400.2.3,,,285.0,270-330,ABpxpaapaa
CGTCACTTCTATCCCG-400.2.3,,,280.0,270-330,ABpxppppaa
CGTCAGGCAAATACAG-400.2.3,,,270.0,270-330,ABpxpppaap
CGTCCATCATACAGCT-400.2.3,,,290.0,270-330,ABpxppappa
CGTCCATGTCGTTGTA-400.2.3,,Parents_of_Y_DA6_DA7_DA9,260.0,210-270,ABpxpppaaa
CGTCTACAGACAGAGA-400.2.3,,,200.0,170-210,ABpxppapp
CGTCTACGTATTCGTG-400.2.3,,Parents_of_U_F_B_DVA,270.0,270-330,ABpxppppap
CGTGAGCCACAGACAG-400.2.3,,,260.0,210-270,ABpxppaapp
CGTGAGCGTGTTGGGA-400.2.3,Ciliated_amphid_neuron,ASH,440.0,390-450,ABpxpaappaa
CGTGAGCTCGTTACGA-400.2.3,,,225.0,210-270,ABpxpppaaa
CGTGTAAAGGACATTA-400.2.3,Ciliated_amphid_neuron,AWC,425.0,390-450,ABpxpaaaaap
CGTGTAATCCTGCCAT-400.2.3,,RIM_parent,300.0,270-330,ABpxppaapa
CGTGTCTAGCCAGAAC-400.2.3,Glia,AMso,360.0,330-390,ABpxpaapapa
CGTGTCTAGTTCCACA-400.2.3,,,295.0,270-330,ABpxpapaaa
CGTTAGACAATGCCAT-400.2.3,,RIC_parent,285.0,270-330,ABpxppaaaap
CGTTCTGGTTAAGAAC-400.2.3,Ciliated_non_amphid_neuron,,260.0,210-270,ABpxpaaapp
CGTTCTGGTTAAGACA-400.2.3,Ciliated_amphid_neuron,Neuroblast_AWC_SAAVx,205.0,170-210,ABpxpaaaaa
CTAACTTCATGTCTCC-400.2.3,,Parent_of_tail_spike_and_hyp10,265.0,210-270,ABpxpppppp
CTAAGACCAAACTGCT-400.2.3,,,275.0,270-330,ABpxppapaa
CTAATGGCATGACGGA-400.2.3,Parent_of_exc_duct_pore_DB_1_3,,270.0,270-330,ABpxpaaaap
CTAATGGGTATGCTTG-400.2.3,,,300.0,270-330,ABpxppaapp
CTAATGGGTGTGTGCC-400.2.3,Parent_of_exc_gland_AVK,,285.0,270-330,ABpxpapapa
CTACACCAGCCCAATT-400.2.3,Ciliated_amphid_neuron,AWC,375.0,330-390,ABpxpaaaaap
CTACACCGTCTCAACA-400.2.3,,,230.0,210-270,ABpxpaapaa
CTACACCTCAAGGTAA-400.2.3,Ciliated_amphid_neuron,ASH,345.0,330-390,ABpxpaappaa
CTACACCTCTGTCCGT-400.2.3,Parent_of_exc_gland_AVK,,270.0,270-330,ABpxpapapa
CTACATTCACAAGCCC-400.2.3,,,130.0,130-170,ABpxpaaa
CTACCCATCCGGGTGT-400.2.3,Ciliated_amphid_neuron,Neuroblast_ASH_RIB,290.0,270-330,ABpxpaappa
CTAGCCTAGTTGTCGT-400.2.3,,,170.0,170-210,ABpxppaa
CTAGCCTCATCCCATC-400.2.3,,Parents_of_Y_DA6_DA7_DA9,295.0,270-330,ABpxpppaaa
CTAGTGAAGGGATGGG-400.2.3,Ciliated_non_amphid_neuron,,230.0,210-270,ABpxpaappp
CTAGTGAGTCGACTGC-400.2.3,,RIC,375.0,330-390,ABpxppaaaapp
CTCACACGTTAAGTAG-400.2.3,,,200.0,170-210,ABpxpppaap
CTCAGAACATGCCCGA-400.2.3,,,180.0,170-210,ABpxpppaa
CTCAGAATCACAGGCC-400.2.3,,AVK,390.0,390-450,ABpxpapapap
CTCAGAATCATATCGG-400.2.3,,,300.0,270-330,ABpxppappa
CTCATTAGTCATCCCT-400.2.3,,,180.0,170-210,ABpxppppp
CTCATTAGTTCCTCCA-400.2.3,,,270.0,270-330,ABpxppaapp
CTCGAAAGTAGTGAAT-400.2.3,Excretory_duct_and_pore,,320.0,270-330,ABpxpaaaapa
CTCGAAATCCCAGGTG-400.2.3,,,220.0,210-270,ABpxpaaaap
CTCGAGGCACTTGGAT-400.2.3,,,270.0,270-330,ABpxpapaaa
CTCGAGGGTAAACACA-400.2.3,,SIA,500.0,450-510,ABpxpapaapa/ABpxpapappa
CTCGAGGTCACTTACT-400.2.3,,Parents_of_U_F_B_DVA,270.0,270-330,ABpxppppap
CTCGAGGTCTGAGGGA-400.2.3,Ciliated_amphid_neuron,Neuroblast_ASH_RIB,280.0,270-330,ABpxpaappa
CTCGGGAAGACTCGGA-400.2.3,,,300.0,270-330,ABpxppappp
CTCGGGATCAAACGGG-400.2.3,,,270.0,270-330,ABpxpapaap
CTCGTACCACGGATAG-400.2.3,,,200.0,170-210,ABpxpppaaa
CTCGTCAAGCTATGCT-400.2.3,,,230.0,210-270,ABpxppappp
CTCGTCAAGGGATGGG-400.2.3,,,245.0,210-270,ABpxpaaapp
CTCGTCAGTTCCACTC-400.2.3,Ciliated_amphid_neuron,ASH,450.0,450-510,ABpxpaappaa
CTCGTCATCCTCTAGC-400.2.3,Ciliated_amphid_neuron,Neuroblast_AWC_SAAVx,230.0,210-270,ABpxpaaaaa
CTCTACGAGGAGTTGC-400.2.3,,,260.0,210-270,ABpxppapap
CTCTGGTTCAACTCTT-400.2.3,,,200.0,170-210,ABpxpapaa
CTGAAACCATCGGGTC-400.2.3,Glia,AMso,330.0,330-390,ABpxpaapapa
CTGAAGTAGCAGGTCA-400.2.3,,,185.0,170-210,ABpxppaaa
CTGAAGTAGTATCGAA-400.2.3,,,220.0,210-270,ABpxpppaaa
CTGAAGTGTTCGCTAA-400.2.3,,,230.0,210-270,ABpxppppaa
CTGAAGTTCCTTTACA-400.2.3,,,260.0,210-270,ABpxpppaap
CTGATAGAGACTCGGA-400.2.3,Glia,AMso,350.0,330-390,ABpxpaapapa
CTGATAGAGCGAGAAA-400.2.3,Ciliated_amphid_neuron,ASH,350.0,330-390,ABpxpaappaa
CTGATAGGTCAAAGCG-400.2.3,Ciliated_amphid_neuron,,190.0,170-210,ABpxpaappp
CTGATAGTCAAACGGG-400.2.3,,,260.0,210-270,ABpxpapapp
CTGATCCCAGGCTCAC-400.2.3,,Neuroblast_PVC_LUA,320.0,270-330,ABpxpppaapa
CTGATCCGTCGACTGC-400.2.3,Pharyngeal_neuron,,300.0,270-330,ABpxpaaaaa
CTGCCTATCGGGAGTA-400.2.3,,Parent_of_tail_spike_and_hyp10,270.0,270-330,ABpxpppppp
CTGCGGAAGGGTGTTG-400.2.3,,Parents_of_U_F_B_DVA,270.0,270-330,ABpxppppap
CTGCGGATCAACGGGA-400.2.3,,,300.0,270-330,ABpxpapaaa
CTGGTCTAGTGGGATC-400.2.3,,,295.0,270-330,ABpxppappa
CTGGTCTGTCTTGCGG-400.2.3,,RIM,430.0,390-450,ABpxppaapap
CTGGTCTTCGCGTTTC-400.2.3,,,170.0,170-210,ABpxpppa
CTGTGCTAGACAGGCT-400.2.3,,,215.0,210-270,ABpxppppa
CTGTGCTAGCACACAG-400.2.3,,AVB,390.0,390-450,ABpxpaapaap
CTGTTTAAGAATGTGT-400.2.3,,,260.0,210-270,ABpxppaaaa
CTTAACTCAAGTAGTA-400.2.3,,,310.0,270-330,ABpxppappp
CTTAACTTCGACCAGC-400.2.3,,,270.0,270-330,ABpxpaapaa
CTTACCGAGCCGCCTA-400.2.3,,,270.0,270-330,ABpxpapaap
CTTACCGGTTACCGAT-400.2.3,,,290.0,270-330,ABpxppaapp
CTTAGGATCAGAAATG-400.2.3,Ciliated_amphid_neuron,ASH,380.0,330-390,ABpxpaappaa
CTTGGCTAGAACTGTA-400.2.3,,,270.0,270-330,ABpxpaapaa
CTTGGCTCAGCTGTTA-400.2.3,Parent_of_exc_gland_AVK,,270.0,270-330,ABpxpapapa
CTTTGCGAGAGTACCG-400.2.3,Ciliated_amphid_neuron,AWC,440.0,390-450,ABpxpaaaaap
CTTTGCGGTCGCGTGT-400.2.3,,,185.0,170-210,ABpxppaaa
GAAACTCTCATCTGCC-400.2.3,,,230.0,210-270,ABpxppapaa
GAAATGACACCTGGTG-400.2.3,,,300.0,270-330,ABpxpapaap
GAACATCCAGCATGAG-400.2.3,,,230.0,210-270,ABpxpppaap
GAACATCTCAACGCTA-400.2.3,,,260.0,210-270,ABpxppppaa
GAACATCTCTCTTGAT-400.2.3,,,260.0,210-270,ABpxppppaa
GAACCTAGTCAAAGAT-400.2.3,,,260.0,210-270,ABpxpapaa
GAACGGACACGAAGCA-400.2.3,Ciliated_amphid_neuron,Neuroblast_ASH_RIB,260.0,210-270,ABpxpaappa
GAAGCAGAGTCTTGCA-400.2.3,,,230.0,210-270,ABpxppaapp
GAAGCAGCATGATCCA-400.2.3,Parent_of_exc_gland_AVK,,245.0,210-270,ABpxpapapa
GAAGCAGGTCTTCGTC-400.2.3,,Neuroblast_PVC_LUA,300.0,270-330,ABpxpppaapa
GAAGCAGTCTAACGGT-400.2.3,,,300.0,270-330,ABpxppapaa
GAATAAGAGTTTAGGA-400.2.3,Parent_of_exc_duct_pore_DB_1_3,,270.0,270-330,ABpxpaaaap
GAATAAGGTAGGGTAC-400.2.3,,,320.0,270-330,ABpxpapaaa
GAATAAGTCGACGGAA-400.2.3,,SIB,370.0,330-390,ABpxpapaapp/ABpxppaaaaa
GACACGCCACGAAATA-400.2.3,Ciliated_amphid_neuron,Neuroblast_AWC_SAAVx,230.0,210-270,ABpxpaaaaa
GACAGAGTCGGGAGTA-400.2.3,,RIM_parent,260.0,210-270,ABpxppaapa
GACCAATAGGCTCATT-400.2.3,,,265.0,210-270,ABpxpaapaa
GACCAATTCTTTACAC-400.2.3,,,260.0,210-270,ABpxpapaap
GACCTGGAGCCATCGC-400.2.3,,,295.0,270-330,ABpxpapapp
GACCTGGCAAGGACTG-400.2.3,,,200.0,170-210,ABpxpppap
GACCTGGTCGAATGCT-400.2.3,,,230.0,210-270,ABpxpppaaa
GACGCGTAGAGGTTGC-400.2.3,,,260.0,210-270,ABpxpaapaa
GACGCGTCAGGCGATA-400.2.3,Ciliated_amphid_neuron,,275.0,270-330,ABpxpppapa
GACGCGTTCACGCGGT-400.2.3,,RIC_parent,325.0,270-330,ABpxppaaaap
GACGCGTTCTATCGCC-400.2.3,,,210.0,210-270,ABpxpaaaap
GACGGCTGTATCTGCA-400.2.3,Ciliated_amphid_neuron,Neuroblast_ASH_RIB,260.0,210-270,ABpxpaappa
GACGGCTGTGGTGTAG-400.2.3,,,210.0,210-270,ABpxpppaap
GACGGCTTCAGAGCTT-400.2.3,,,300.0,270-330,ABpxppaapp
GACGGCTTCTCTGTCG-400.2.3,,,260.0,210-270,ABpxppapaa
GACGTGCAGTGTTGAA-400.2.3,Glia,AMso,450.0,450-510,ABpxpaapapa
GACGTGCCACACAGAG-400.2.3,,RIM_parent,275.0,270-330,ABpxppaapa
GACGTTACAAGGCTCC-400.2.3,,,270.0,270-330,ABpxpaapaa
GACTAACAGTTCGCAT-400.2.3,,,190.0,170-210,ABpxppaap
GACTAACGTTTGGCGC-400.2.3,Ciliated_amphid_neuron,AWC,350.0,330-390,ABpxpaaaaap
GACTAACTCCAATGGT-400.2.3,,,300.0,270-330,ABpxppapap
GAGCAGATCAGCTTAG-400.2.3,,Parents_of_Y_DA6_DA7_DA9,265.0,210-270,ABpxpppaaa
GAGGTGAGTATCACCA-400.2.3,,RIM_parent,260.0,210-270,ABpxppaapa
GAGGTGATCAGTCAGT-400.2.3,,,230.0,210-270,ABpxpaaaap
GAGTCCGCATACCATG-400.2.3,Parent_of_exc_gland_AVK,,275.0,270-330,ABpxpapapa
GAGTCCGTCCGTAGGC-400.2.3,Ciliated_amphid_neuron,Neuroblast_AWC_SAAVx,280.0,270-330,ABpxpaaaaa
GATCAGTCAGCTCGCA-400.2.3,,,320.0,270-330,ABpxpapapa
GATCAGTGTGCACGAA-400.2.3,,,230.0,210-270,ABpxpaaapa
GATCAGTGTTCCCTTG-400.2.3,,Parents_of_U_F_B_DVA,270.0,270-330,ABpxppppap
GATCAGTTCAGGCGAA-400.2.3,,,300.0,270-330,ABpxppappp
GATCGATCAGCCACCA-400.2.3,,,300.0,270-330,ABpxppapaa
GATCGATGTAGATTAG-400.2.3,Ciliated_amphid_neuron,ASH,350.0,330-390,ABpxpaappaa
GATCGATGTAGCCTCG-400.2.3,,,285.0,270-330,ABpxppappa
GATCGATGTGGCAAAC-400.2.3,,,180.0,170-210,ABpxpaapa
GATCGCGGTTCGGCAC-400.2.3,,,195.0,170-210,ABpxpapaa
GATCGTACAAAGGTGC-400.2.3,Ciliated_amphid_neuron,ASH,355.0,330-390,ABpxpaappaa
GATCGTACAGAGCCAA-400.2.3,,,130.0,130-170,ABpxpapa
GATCGTAGTACTTGAC-400.2.3,,,210.0,210-270,ABpxppappp
GATGAAAAGATATGGT-400.2.3,Parent_of_exc_duct_pore_DB_1_3,,270.0,270-330,ABpxpaaaap
GATGAAAAGGACACCA-400.2.3,,Parents_of_PHsh_hyp8_hyp9,270.0,270-330,ABpxpppapa
GATGAAAAGGTGCTTT-400.2.3,,,300.0,270-330,ABpxppappa
GATGAAACACGAAAGC-400.2.3,,,190.0,170-210,ABpxppaap
GATGAAAGTCTAGTGT-400.2.3,,,285.0,270-330,ABpxpapapp
GATGAGGAGACGCAAC-400.2.3,,,275.0,270-330,ABpxpaapap
GATGCTAGTACAAGTA-400.2.3,,,300.0,270-330,ABpxppappp
GCAAACTCAAATTGCC-400.2.3,,RIC,485.0,450-510,ABpxppaaaapp
GCAATCACAATAGCAA-400.2.3,,,285.0,270-330,ABpxpaaapa
GCACATAAGCTGGAAC-400.2.3,,,260.0,210-270,ABpxpaapaa
GCACATACATAACCTG-400.2.3,,,270.0,270-330,ABpxpppaap
GCACATAGTATAGGTA-400.2.3,Ciliated_amphid_neuron,Neuroblast_ASH_RIB,265.0,210-270,ABpxpaappa
GCACATATCACGGTTA-400.2.3,,,300.0,270-330,ABpxpapapp
GCACATATCGTGGACC-400.2.3,,,245.0,210-270,ABpxppaaa
GCACATATCTTCGAGA-400.2.3,,RIC_parent,310.0,270-330,ABpxppaaaap
GCACTCTTCAGCTCTC-400.2.3,,Parents_of_U_F_B_DVA,270.0,270-330,ABpxppppap
GCAGCCACAGATGGCA-400.2.3,Ciliated_amphid_neuron,Neuroblast_ASH_RIB,260.0,210-270,ABpxpaappa
GCAGCCAGTACCGTAT-400.2.3,Ciliated_amphid_neuron,,220.0,210-270,ABpxpaaapa
GCAGTTACATCGATTG-400.2.3,,RIM_parent,230.0,210-270,ABpxppaapa
GCAGTTATCATTGCCC-400.2.3,Parent_of_exc_gland_AVK,,260.0,210-270,ABpxpapapa
GCAGTTATCTAGAGTC-400.2.3,Ciliated_non_amphid_neuron,,260.0,210-270,ABpxpaappp
GCATGATGTTGTCTTT-400.2.3,Ciliated_amphid_neuron,ASH,420.0,390-450,ABpxpaappaa
GCATGTAGTCACAAGG-400.2.3,Ciliated_amphid_neuron,Neuroblast_AWC_SAAVx,280.0,270-330,ABpxpaaaaa
GCATGTATCCAGTATG-400.2.3,Ciliated_non_amphid_neuron,,260.0,210-270,ABpxpaaapp
GCCAAATGTTTAGCTG-400.2.3,,,260.0,210-270,ABpxpppppa
GCCTCTAGTCTGGTCG-400.2.3,Ciliated_non_amphid_neuron,,215.0,210-270,ABpxpaappp
GCCTCTAGTTCAGACT-400.2.3,,RIC_parent,300.0,270-330,ABpxppaaaap
GCGACCATCCGTCAAA-400.2.3,,PVP,350.0,330-390,ABpxppppaaa
GCGAGAAAGGACAGCT-400.2.3,Ciliated_non_amphid_neuron,,260.0,210-270,ABpxpaaapp
GCGAGAAAGTGAACAT-400.2.3,,,260.0,210-270,ABpxpppppa
GCGAGAAAGTTCGCGC-400.2.3,,,300.0,270-330,ABpxppappp
GCGAGAAGTGTGCGTC-400.2.3,,Neuroblast_PVC_LUA,345.0,330-390,ABpxpppaapa
GCGCAACAGCGATATA-400.2.3,,,200.0,170-210,ABpxppapap
GCGCAACAGTCATGCT-400.2.3,,,265.0,210-270,ABpxpapaap
GCGCAACCACGGTTTA-400.2.3,Glia,AMso,365.0,330-390,ABpxpaapapa
GCGCAACCAGCTGTAT-400.2.3,Ciliated_amphid_neuron,AWC,420.0,390-450,ABpxpaaaaap
GCGCAACGTCGTTGTA-400.2.3,,,200.0,170-210,ABpxpapaa
GCGCAGTAGACGCTTT-400.2.3,,SIA,350.0,330-390,ABpxpapaapa/ABpxpapappa
GCGCAGTTCAGTTCGA-400.2.3,,AVK,375.0,330-390,ABpxpapapap
GCGCCAATCCTAGTGA-400.2.3,,,180.0,170-210,ABpxpaapa
GCGCGATGTAACGACG-400.2.3,,,265.0,210-270,ABpxppappa
GCGCGATGTAAGTGGC-400.2.3,Excretory_duct_and_pore,,330.0,330-390,ABpxpaaaapa
GCGCGATTCACCACCT-400.2.3,,,300.0,270-330,ABpxppapaa
GCTCCTATCAATACCG-400.2.3,,,260.0,210-270,ABpxpaapaa
GCTCTGTAGATGTGTA-400.2.3,Ciliated_non_amphid_neuron,,280.0,270-330,ABpxpaappp
GCTCTGTAGGCTCTTA-400.2.3,Ciliated_amphid_neuron,Neuroblast_ASH_RIB,285.0,270-330,ABpxpaappa
GCTGCGAAGCCCAACC-400.2.3,Excretory_gland,,450.0,450-510,ABpxpapapaa
GCTGCGAAGGTGACCA-400.2.3,,,270.0,270-330,ABpxppppaa
GCTGCGATCACATACG-400.2.3,,Parents_of_PHsh_hyp8_hyp9,265.0,210-270,ABpxpppapa
GCTGCTTTCGCTTAGA-400.2.3,Ciliated_amphid_neuron,Neuroblast_AWC_SAAVx,230.0,210-270,ABpxpaaaaa
GCTGGGTTCTTGACGA-400.2.3,,,285.0,270-330,ABpxppappa
GCTTGAACACCATCCT-400.2.3,,,260.0,210-270,ABpxppppaa
GGAAAGCAGAAACCTA-400.2.3,,Parent_of_tail_spike_and_hyp10,220.0,210-270,ABpxpppppp
GGAACTTTCTCTAGGA-400.2.3,,,290.0,270-330,ABpxppapap
GGAATAATCCGCTGTT-400.2.3,,,215.0,210-270,ABpxpaaaap
GGACAGACAATGTTGC-400.2.3,,,190.0,170-210,ABpxpppaaa
GGACATTCATTCTCAT-400.2.3,,,180.0,170-210,ABpxppapa
GGACATTTCACAGTAC-400.2.3,,,280.0,270-330,ABpxpapapa
GGACGTCAGGCCCTCA-400.2.3,,,180.0,170-210,ABpxpppaaa
GGAGCAATCCAGTAGT-400.2.3,Ciliated_amphid_neuron,ASH,350.0,330-390,ABpxpaappaa
GGAGCAATCTGCAAGT-400.2.3,,,260.0,210-270,ABpxppaaaa
GGATGTTAGACTTGAA-400.2.3,Ciliated_amphid_neuron,ASH,405.0,390-450,ABpxpaappaa
GGATGTTCATCGATTG-400.2.3,,,300.0,270-330,ABpxppappp
GGATGTTCATGCATGT-400.2.3,,,270.0,270-330,ABpxpaaaaa
GGATTACTCTGCGTAA-400.2.3,Ciliated_non_amphid_neuron,,260.0,210-270,ABpxpaaapp
GGCAATTGTCTTGCGG-400.2.3,,,195.0,170-210,ABpxppapp
GGCGACTTCAAGATCC-400.2.3,,,270.0,270-330,ABpxppaaa
GGCGTGTTCACCAGGC-400.2.3,,,300.0,270-330,ABpxppappa
GGCGTGTTCTCGTTTA-400.2.3,,,295.0,270-330,ABpxppaapp
GGCTGGTAGCTCCTCT-400.2.3,,RIC_parent,330.0,330-390,ABpxppaaaap
GGCTGGTTCGGAGGTA-400.2.3,,Neuroblast_PVC_LUA,300.0,270-330,ABpxpppaapa
GGGACCTGTGCTAGCC-400.2.3,Ciliated_amphid_neuron,Neuroblast_AWC_SAAVx,220.0,210-270,ABpxpaaaaa
GGGATGAAGCAGGTCA-400.2.3,,,270.0,270-330,ABpxpapaap
GGGATGAGTACTCGCG-400.2.3,Excretory_duct_and_pore,,330.0,330-390,ABpxpaaaapa
GGGATGATCGGCGCTA-400.2.3,,,175.0,170-210,ABpxpaaap
GGGCACTGTTACGTCA-400.2.3,,AMso_parent,260.0,210-270,ABpxpaapap
GGGCACTTCTGAGGGA-400.2.3,,,180.0,170-210,ABpxpppaa
GGGCATCGTTGAGTTC-400.2.3,Ciliated_amphid_neuron,Neuroblast_AWC_SAAVx,230.0,210-270,ABpxpaaaaa
GGGTCTGAGGATGGAA-400.2.3,,Parent_of_tail_spike_and_hyp10,270.0,270-330,ABpxpppppp
GGGTCTGAGTATCGAA-400.2.3,,,230.0,210-270,ABpxpaaapp
GGGTCTGCATGTCTCC-400.2.3,,,280.0,270-330,ABpxppppap
GGGTTGCAGCAAATCA-400.2.3,,RIM_parent,275.0,270-330,ABpxppaapa
GGTATTGAGTGGGTTG-400.2.3,Ciliated_non_amphid_neuron,,270.0,270-330,ABpxpaappp
GGTGAAGCAGGGCATA-400.2.3,,,270.0,270-330,ABpxppapaa
GGTGCGTGTTGGAGGT-400.2.3,,,200.0,170-210,ABpxpppap
GGTGCGTTCCAAGTAC-400.2.3,Parent_of_exc_duct_pore_DB_1_3,,270.0,270-330,ABpxpaaaap
GGTGTTACAATAGCGG-400.2.3,,,260.0,210-270,ABpxppapa
GGTGTTACACACCGCA-400.2.3,Ciliated_amphid_neuron,ASH,350.0,330-390,ABpxpaappaa
GTAACGTGTACCGAGA-400.2.3,Ciliated_amphid_neuron,ASH,380.0,330-390,ABpxpaappaa
GTAACGTGTTCATGGT-400.2.3,,,270.0,270-330,ABpxpapaap
GTAACTGAGTACCGGA-400.2.3,,,260.0,210-270,ABpxpaapaa
GTAACTGGTCGCGGTT-400.2.3,,,300.0,270-330,ABpxpapaaa
GTACGTATCGATAGAA-400.2.3,,Parents_of_PHsh_hyp8_hyp9,265.0,210-270,ABpxpppapa
GTACGTATCGCGCCAA-400.2.3,Ciliated_amphid_neuron,Neuroblast_ASH_RIB,270.0,270-330,ABpxpaappa
GTACTCCTCCCTCAGT-400.2.3,,,275.0,270-330,ABpxppappa
GTACTCCTCGCTTAGA-400.2.3,Ciliated_amphid_neuron,Neuroblast_ASH_RIB,260.0,210-270,ABpxpaappa
GTACTTTAGACACTAA-400.2.3,Parent_of_exc_gland_AVK,,275.0,270-330,ABpxpapapa
GTACTTTAGGGCACTA-400.2.3,,,260.0,210-270,ABpxppaaa
GTACTTTGTGCTCTTC-400.2.3,,,300.0,270-330,ABpxppapaa
GTACTTTGTTATCGGT-400.2.3,Ciliated_non_amphid_neuron,,220.0,210-270,ABpxpaappp
GTACTTTTCATCTGTT-400.2.3,Ciliated_amphid_neuron,,200.0,170-210,ABpxpaaaap
GTAGGCCCACTGTGTA-400.2.3,,,260.0,210-270,ABpxpapaa
GTAGTCAAGACAAGCC-400.2.3,,,300.0,270-330,ABpxpapapp
GTAGTCATCAAGAAGT-400.2.3,,,205.0,170-210,ABpxppapaa
GTATCTTAGAAAGTGG-400.2.3,,,210.0,210-270,ABpxppppap
GTATTCTGTGAGGCTA-400.2.3,Glia,AMso,355.0,330-390,ABpxpaapapa
GTCACAAAGAGTACAT-400.2.3,,,270.0,270-330,ABpxpppaaa
GTCACAAAGTGCGTGA-400.2.3,,AVB,385.0,330-390,ABpxpaapaap
GTCACAACAATCGAAA-400.2.3,,,265.0,210-270,ABpxppapap
GTCACGGAGAGGTAGA-400.2.3,,,300.0,270-330,ABpxpapaap
GTCACGGGTTACAGAA-400.2.3,,Parents_of_U_F_B_DVA,290.0,270-330,ABpxppppap
GTCATTTTCATTATCC-400.2.3,,,290.0,270-330,ABpxpapaap
GTCGGGTGTCCGAGTC-400.2.3,,,180.0,170-210,ABpxpppaaa
GTCGGGTTCATCTGTT-400.2.3,,,275.0,270-330,ABpxpppaaa
GTCGTAAAGCCCTAAT-400.2.3,Excretory_duct_and_pore,,325.0,270-330,ABpxpaaaapa
GTCTTCGAGTCAATAG-400.2.3,Ciliated_non_amphid_neuron,,260.0,210-270,ABpxpaappp
GTGAAGGAGTGGGTTG-400.2.3,,,300.0,270-330,ABpxppappp
GTGAAGGCATATGGTC-400.2.3,,RIC_parent,340.0,330-390,ABpxppaaaap
GTGAAGGGTCTCCATC-400.2.3,,Parents_of_PHsh_hyp8_hyp9,265.0,210-270,ABpxpppapa
GTGCAGCTCCACTCCA-400.2.3,,,225.0,210-270,ABpxppaapa
GTGCATACAAACCCAT-400.2.3,,RIC_parent,275.0,270-330,ABpxppaaaap
GTGCGGTAGCTAGCCC-400.2.3,,AVK,415.0,390-450,ABpxpapapap
GTGCTTCAGCGATGAC-400.2.3,,,265.0,210-270,ABpxpppppa
GTGCTTCAGTTTAGGA-400.2.3,,,190.0,170-210,ABpxpapaa
GTGGGTCTCCTTTCGG-400.2.3,,,290.0,270-330,ABpxppapaa
GTGTGCGCACCTCGGA-400.2.3,,,300.0,270-330,ABpxppapaa
GTGTGCGCATATACGC-400.2.3,Parent_of_exc_duct_pore_DB_1_3,,290.0,270-330,ABpxpaaaap
GTGTGCGTCGGATGGA-400.2.3,,,260.0,210-270,ABpxpapaap
GTGTTAGAGAAACCGC-400.2.3,Parent_of_exc_gland_AVK,,295.0,270-330,ABpxpapapa
GTGTTAGAGAGCTGGT-400.2.3,,,280.0,270-330,ABpxpapapp
GTGTTAGTCCTTTCGG-400.2.3,,,265.0,210-270,ABpxppapaa
GTTAAGCTCGCGATCG-400.2.3,,,265.0,210-270,ABpxpaaaap
GTTACAGCACAAGACG-400.2.3,Ciliated_non_amphid_neuron,,260.0,210-270,ABpxpaappp
GTTACAGCACCCTATC-400.2.3,,,340.0,330-390,ABpxppapaa
GTTCTCGAGACTACAA-400.2.3,,RIC_parent,300.0,270-330,ABpxppaaaap
GTTCTCGCAATAGAGT-400.2.3,,RIC_parent,340.0,330-390,ABpxppaaaap
GTTCTCGCACTTACGA-400.2.3,,Parents_of_Y_DA6_DA7_DA9,270.0,270-330,ABpxpppaaa
GTTCTCGCATGCCTAA-400.2.3,,,225.0,210-270,ABpxppaapp
TAAACCGTCAAAGACA-400.2.3,Ciliated_amphid_neuron,Neuroblast_ASH_RIB,270.0,270-330,ABpxpaappa
TAAGAGAAGTCGAGTG-400.2.3,,,310.0,270-330,ABpxpapaaa
TAAGAGACAGTCGATT-400.2.3,Glia,AMso,425.0,390-450,ABpxpaapapa
TAAGAGACATTTCAGG-400.2.3,,,275.0,270-330,ABpxppaaaa
TAAGAGAGTTGATTGC-400.2.3,Ciliated_non_amphid_neuron,,270.0,270-330,ABpxpaappp
TAAGAGAGTTGGTAAA-400.2.3,,,260.0,210-270,ABpxpapaaa
TAAGAGATCCTATTCA-400.2.3,,,300.0,270-330,ABpxppapaa
TAAGAGATCGACAGCC-400.2.3,,AVK,435.0,390-450,ABpxpapapap
TAAGCGTCACAAGTAA-400.2.3,,,335.0,330-390,ABpxppapaa
TAAGCGTGTACAGTGG-400.2.3,,,300.0,270-330,ABpxppapap
TAAGTGCAGCAATATG-400.2.3,,,280.0,270-330,ABpxpaaapa
TACACGACACCGTTGG-400.2.3,,,285.0,270-330,ABpxppaaaa
TACACGACAGGCTCAC-400.2.3,,,290.0,270-330,ABpxppapap
TACACGAGTAGTACCT-400.2.3,,,260.0,210-270,ABpxpaapap
TACACGAGTCGCATAT-400.2.3,,,245.0,210-270,ABpxppaaa
TACAGTGTCCGCAGTG-400.2.3,,,240.0,210-270,ABpxpapapp
TACCTATAGAATGTTG-400.2.3,,,170.0,170-210,ABpxpppaap
TACCTATGTAATTGGA-400.2.3,,,275.0,270-330,ABpxppappa
TACCTATGTGACGGTA-400.2.3,Ciliated_amphid_neuron,Neuroblast_ASH_RIB,260.0,210-270,ABpxpaappa
TACCTTAAGCATGGCA-400.2.3,,,195.0,170-210,ABpxppappp
TACCTTAAGCCGTCGT-400.2.3,,,225.0,210-270,ABpxpppaaa
TACCTTAAGTACGATA-400.2.3,Ciliated_non_amphid_neuron,,295.0,270-330,ABpxpaappp
TACGGATAGATCTGAA-400.2.3,,,300.0,270-330,ABpxppappa
TACGGATGTCTCCCTA-400.2.3,Ciliated_amphid_neuron,,170.0,170-210,ABpxpaaap
TACGGGCAGGCACATG-400.2.3,,,300.0,270-330,ABpxpapaaa
TACGGGCCATACGCTA-400.2.3,,PVP,350.0,330-390,ABpxppppaaa
TACGGTACAATTCCTT-400.2.3,,,170.0,170-210,ABpxpppaaa
TACTCATAGACAGGCT-400.2.3,Glia,AMso,360.0,330-390,ABpxpaapapa
TACTCATCAGCGAACA-400.2.3,,,185.0,170-210,ABpxpppaap
TACTCATTCTCTGTCG-400.2.3,,,265.0,210-270,ABpxpppaaa
TACTTACAGTGTACTC-400.2.3,Ciliated_amphid_neuron,Neuroblast_AWC_SAAVx,270.0,270-330,ABpxpaaaaa
TACTTACCACCATGTA-400.2.3,,,270.0,270-330,ABpxpppapa
TACTTACGTGCGGTAA-400.2.3,Ciliated_amphid_neuron,AWC,370.0,330-390,ABpxpaaaaap
TACTTACTCACCGGGT-400.2.3,,,320.0,270-330,ABpxppappa
TAGACCAAGCACCGCT-400.2.3,,,230.0,210-270,ABpxpaaaap
TAGAGCTTCGCAGGCT-400.2.3,,,180.0,170-210,ABpxpppaaa
TAGCCGGCACGTAAGG-400.2.3,,,260.0,210-270,ABpxppappa
TAGCCGGCAGGTTTCA-400.2.3,,,260.0,210-270,ABpxpaappp
TAGCCGGGTCAGTGGA-400.2.3,,,260.0,210-270,ABpxppaapp
TAGCCGGGTCTAGTGT-400.2.3,,Parent_of_tail_spike_and_hyp10,220.0,210-270,ABpxpppppp
TAGGCATAGAGTTGGC-400.2.3,Excretory_gland,,415.0,390-450,ABpxpapapaa
TAGTGGTCAAGTACCT-400.2.3,Ciliated_non_amphid_neuron,,220.0,210-270,ABpxpaappp
TAGTGGTTCCCTAATT-400.2.3,,,225.0,210-270,ABpxppappp
TAGTTGGAGTCTCGGC-400.2.3,,Parents_of_PHsh_hyp8_hyp9,270.0,270-330,ABpxpppapa
TAGTTGGCATATGAGA-400.2.3,Ciliated_non_amphid_neuron,,225.0,210-270,ABpxpaappp
TAGTTGGTCCACGCAG-400.2.3,,,300.0,270-330,ABpxppappp
TATCAGGGTTGATTGC-400.2.3,Ciliated_non_amphid_neuron,,245.0,210-270,ABpxpaappp
TATCTCACATATGAGA-400.2.3,,,195.0,170-210,ABpxppaaa
TATGCCCAGATGTAAC-400.2.3,,RIM,405.0,390-450,ABpxppaapap
TCAACGAAGATCGGGT-400.2.3,Ciliated_non_amphid_neuron,,260.0,210-270,ABpxpaappp
TCAACGACACAACTGT-400.2.3,Ciliated_amphid_neuron,AWC,375.0,330-390,ABpxpaaaaap
TCACAAGCAGCTGTTA-400.2.3,,Parents_of_U_F_B_DVA,300.0,270-330,ABpxppppap
TCACGAAAGGTGCACA-400.2.3,,,295.0,270-330,ABpxpapapp
TCACGAAGTATGGTTC-400.2.3,,,270.0,270-330,ABpxpppppp
TCAGCAAAGCAACGGT-400.2.3,Ciliated_amphid_neuron,Neuroblast_AWC_SAAVx,230.0,210-270,ABpxpaaaaa
TCAGCAACAAGCCTAT-400.2.3,,Parents_of_U_F_B_DVA,270.0,270-330,ABpxppppap
TCAGCAACACTAAGTC-400.2.3,,RIM_parent,245.0,210-270,ABpxppaapa
TCAGCAATCAACGCTA-400.2.3,,Parents_of_PHsh_hyp8_hyp9,270.0,270-330,ABpxpppapa
TCAGCAATCCCTTGCA-400.2.3,,,285.0,270-330,ABpxppapap
TCAGCTCCAATAGCAA-400.2.3,,,290.0,270-330,ABpxpapaaa
TCAGCTCGTATTAGCC-400.2.3,,AMso_parent,260.0,210-270,ABpxpaapap
TCAGCTCGTCTACCTC-400.2.3,,,200.0,170-210,ABpxppappp
TCAGGATAGTGAATTG-400.2.3,,,285.0,270-330,ABpxppaapp
TCAGGTACACCACGTG-400.2.3,,DA,300.0,270-330,ABpxpppaaa
TCAGGTAGTGTTGAGG-400.2.3,,,200.0,170-210,ABpxppppa
TCATTACAGAGACTAT-400.2.3,,,280.0,270-330,ABpxppapaa
TCATTACAGTATTGGA-400.2.3,,,190.0,170-210,ABpxpaapap
TCATTACCAGGCTCAC-400.2.3,,,265.0,210-270,ABpxpaapaa
TCATTTGAGCCGGTAA-400.2.3,Ciliated_amphid_neuron,Neuroblast_AWC_SAAVx,270.0,270-330,ABpxpaaaaa
TCATTTGAGGCGTACA-400.2.3,,,300.0,270-330,ABpxpapaaa
TCATTTGAGGTGCTAG-400.2.3,,RIC_parent,300.0,270-330,ABpxppaaaap
TCATTTGTCACTTCAT-400.2.3,,,300.0,270-330,ABpxppappp
TCATTTGTCGGTCCGA-400.2.3,,RIM_parent,280.0,270-330,ABpxppaapa
TCCACACAGTACTTGC-400.2.3,Ciliated_amphid_neuron,,230.0,210-270,ABpxpaaaap
TCCACACCAATGAATG-400.2.3,,,300.0,270-330,ABpxpapaap
TCCACACTCCCACTTG-400.2.3,Ciliated_amphid_neuron,AWC,340.0,330-390,ABpxpaaaaap
TCCCGATCATGCAATC-400.2.3,Ciliated_non_amphid_neuron,,270.0,270-330,ABpxpaappp
TCCCGATTCCTTGGTC-400.2.3,,Parents_of_U_F_B_DVA,270.0,270-330,ABpxppppap
TCGAGGCCACCGATAT-400.2.3,,,310.0,270-330,ABpxppapaa
TCGCGAGCAACTGGCC-400.2.3,Glia,AMso,450.0,450-510,ABpxpaapapa
TCGCGTTCACACATGT-400.2.3,Ciliated_non_amphid_neuron,,260.0,210-270,ABpxpaaapp
TCGCGTTCACCCAGTG-400.2.3,,,245.0,210-270,ABpxpaaaap
TCGTACCTCGCGTTTC-400.2.3,,,195.0,170-210,ABpxppaap
TCGTAGACACCAGATT-400.2.3,,RIV,355.0,330-390,ABpxpaapaaa
TCGTAGAGTGACAAAT-400.2.3,,,195.0,170-210,ABpxpaaapa
TCGTAGATCCGCGCAA-400.2.3,,RIC_parent,300.0,270-330,ABpxppaaaap
TCTATTGGTAGGGTAC-400.2.3,,,225.0,210-270,ABpxpaaaap
TCTCATAAGCGGATCA-400.2.3,,,190.0,170-210,ABpxpapap
TCTCATACACGGCCAT-400.2.3,,,280.0,270-330,ABpxppappa
TCTCATACATGCCTTC-400.2.3,,Neuroblast_PVC_LUA,340.0,330-390,ABpxpppaapa
TCTCTAACATATACCG-400.2.3,Ciliated_non_amphid_neuron,,260.0,210-270,ABpxpaaapp
TCTCTAATCATGTGGT-400.2.3,,RIM_parent,295.0,270-330,ABpxppaapa
TCTGAGAAGAGGTAGA-400.2.3,,,300.0,270-330,ABpxppappp
TCTGAGACAGGTGGAT-400.2.3,,Parents_of_U_F_B_DVA,285.0,270-330,ABpxppppap
TCTGGAACAAAGTGCG-400.2.3,Ciliated_non_amphid_neuron,,260.0,210-270,ABpxpaaapp
TCTGGAAGTGAGTGAC-400.2.3,,,300.0,270-330,ABpxppapap
TCTGGAATCGGTCTAA-400.2.3,,,230.0,210-270,ABpxpapapa
TCTTCGGAGAGCAATT-400.2.3,,,195.0,170-210,ABpxppaaa
TCTTCGGCACCGAATT-400.2.3,,,300.0,270-330,ABpxppappa
TCTTCGGCATGCAACT-400.2.3,,RIM_parent,245.0,210-270,ABpxppaapa
TCTTCGGGTAAGGATT-400.2.3,Glia,AMso,330.0,330-390,ABpxpaapapa
TCTTTCCCACCACGTG-400.2.3,,,170.0,170-210,ABpxpppap
TGAAAGAAGATGCCTT-400.2.3,,,260.0,210-270,ABpxppaaaa
TGAAAGAAGCTACCGC-400.2.3,,,230.0,210-270,ABpxppppaa
TGAAAGATCGCGCCAA-400.2.3,Parent_of_exc_gland_AVK,,260.0,210-270,ABpxpapapa
TGACAACAGAGGGCTT-400.2.3,,,270.0,270-330,ABpxpaapaa
TGACAACCAGCTGTAT-400.2.3,Glia,AMso,490.0,450-510,ABpxpaapapa
TGACAACTCGTGGGAA-400.2.3,,,190.0,170-210,ABpxpppaa
TGACGGCCACAGGTTT-400.2.3,,,260.0,210-270,ABpxppapap
TGACGGCGTTCGCGAC-400.2.3,,,170.0,170-210,ABpxpppap
TGACTAGGTCTCTTTA-400.2.3,,,260.0,210-270,ABpxpppppa
TGAGAGGCACTTACGA-400.2.3,,Neuroblast_PVC_LUA,300.0,270-330,ABpxpppaapa
TGAGAGGTCGCCAGCA-400.2.3,,,265.0,210-270,ABpxpaapaa
TGAGCATGTCCAAGTT-400.2.3,,,200.0,170-210,ABpxpppaaa
TGAGCCGAGGTCGGAT-400.2.3,,,260.0,210-270,ABpxpppaaa
TGAGCCGAGTGTACCT-400.2.3,,,230.0,210-270,ABpxpapaaa
TGAGCCGCAGGCTGAA-400.2.3,,,260.0,210-270,ABpxppapap
TGAGCCGGTAAATGAC-400.2.3,,,300.0,270-330,ABpxppppap
TGAGGGAAGAGTAAGG-400.2.3,,,260.0,210-270,ABpxppapaa
TGAGGGATCCATGAAC-400.2.3,,,300.0,270-330,ABpxppappp
TGATTTCAGATGCGAC-400.2.3,,Parent_of_tail_spike_and_hyp10,220.0,210-270,ABpxpppppp
TGATTTCAGGTTACCT-400.2.3,Ciliated_amphid_neuron,AWC,410.0,390-450,ABpxpaaaaap
TGATTTCCATCACGTA-400.2.3,Ciliated_amphid_neuron,Neuroblast_ASH_RIB,240.0,210-270,ABpxpaappa
TGCACCTAGACATAAC-400.2.3,,,300.0,270-330,ABpxppapaa
TGCACCTTCAAACCAC-400.2.3,,,245.0,210-270,ABpxppppaa
TGCCAAAAGAAGGACA-400.2.3,,,260.0,210-270,ABpxpppppp
TGCCAAATCAAGATCC-400.2.3,,,285.0,270-330,ABpxppaapp
TGCCCATAGACGACGT-400.2.3,,,210.0,210-270,ABpxppapap
TGCCCATAGATCGATA-400.2.3,Ciliated_amphid_neuron,ASH,390.0,390-450,ABpxpaappaa
TGCCCATAGTGGAGTC-400.2.3,,,290.0,270-330,ABpxpaaapa
TGCCCATGTGCTCTTC-400.2.3,,AVB,390.0,390-450,ABpxpaapaap
TGCCCTAAGATGCCAG-400.2.3,,,220.0,210-270,ABpxppppap
TGCCCTATCTCTGTCG-400.2.3,,RIM_parent,280.0,270-330,ABpxppaapa
TGCGCAGGTAAAGTCA-400.2.3,Parent_of_exc_gland_AVK,,280.0,270-330,ABpxpapapa
TGCGCAGTCAACACAC-400.2.3,,Parents_of_U_F_B_DVA,270.0,270-330,ABpxppppap
TGCGGGTGTTACGGAG-400.2.3,Ciliated_non_amphid_neuron,,260.0,210-270,ABpxpaaapp
TGCGTGGAGCACACAG-400.2.3,,,310.0,270-330,ABpxpapaaa
TGCGTGGTCTTCGGTC-400.2.3,,Neuroblast_PVC_LUA,300.0,270-330,ABpxpppaapa
TGCTACCAGCGTTTAC-400.2.3,Parent_of_exc_gland_AVK,,300.0,270-330,ABpxpapapa
TGCTACCTCTCAACTT-400.2.3,,AMso_parent,260.0,210-270,ABpxpaapap
TGCTGCTGTTAAGTAG-400.2.3,,AIM,395.0,390-450,ABpxpaapppa
TGCTGCTTCACGATGT-400.2.3,,,290.0,270-330,ABpxppapaa
TGGACGCAGATCGGGT-400.2.3,Ciliated_amphid_neuron,Neuroblast_AWC_SAAVx,260.0,210-270,ABpxpaaaaa
TGGACGCCATGACATC-400.2.3,,,245.0,210-270,ABpxppaapa
TGGCCAGAGATGTAAC-400.2.3,Ciliated_amphid_neuron,ASH,490.0,450-510,ABpxpaappaa
TGGCCAGCATTGCGGC-400.2.3,Ciliated_amphid_neuron,ASH,350.0,330-390,ABpxpaappaa
TGGCCAGTCAAACAAG-400.2.3,,,215.0,210-270,ABpxpaaap
TGGCCAGTCGTAGGTT-400.2.3,,Neuroblast_PVC_LUA,310.0,270-330,ABpxpppaapa
TGGCGCACATGACGGA-400.2.3,,,220.0,210-270,ABpxppppp
TGGCTGGCAGACAGGT-400.2.3,,,285.0,270-330,ABpxppappa
TGGGAAGAGTATCGAA-400.2.3,Ciliated_amphid_neuron,Neuroblast_AWC_SAAVx,215.0,210-270,ABpxpaaaaa
TGGGAAGCAATGGAAT-400.2.3,,,245.0,210-270,ABpxppaaaa
TGGGCGTTCCGTACAA-400.2.3,,,190.0,170-210,ABpxpaaap
TGGTTAGAGACACTAA-400.2.3,,,260.0,210-270,ABpxpaapaa
TGGTTAGGTTGTGGAG-400.2.3,,,300.0,270-330,ABpxpaaapa
TGGTTAGTCGCATGGC-400.2.3,,AVK,375.0,330-390,ABpxpapapap
TGGTTCCAGATGCCTT-400.2.3,,,290.0,270-330,ABpxppapap
TGGTTCCGTAGCGCTC-400.2.3,,,215.0,210-270,ABpxppapaa
TGGTTCCTCGAACTGT-400.2.3,,,220.0,210-270,ABpxpppppp
TGGTTCCTCTTTACGT-400.2.3,Ciliated_amphid_neuron,ASH,350.0,330-390,ABpxpaappaa
TGTATTCTCTCATTCA-400.2.3,Excretory_duct_and_pore,,330.0,330-390,ABpxpaaaapa
TGTCCCAAGCCAGGAT-400.2.3,,,270.0,270-330,ABpxpapapp
TGTCCCATCAGTCAGT-400.2.3,,,230.0,210-270,ABpxppapa
TGTCCCATCGGATGGA-400.2.3,,,260.0,210-270,ABpxppappp
TGTGGTAAGCAGATCG-400.2.3,,RIB,450.0,450-510,ABpxpaappap
TGTTCCGGTCAGAATA-400.2.3,Ciliated_amphid_neuron,Neuroblast_AWC_SAAVx,275.0,270-330,ABpxpaaaaa
TGTTCCGGTCGTTGTA-400.2.3,,,270.0,270-330,ABpxpaapaa
TGTTCCGTCTTCCTTC-400.2.3,Excretory_duct_and_pore,,320.0,270-330,ABpxpaaaapa
TTAGGACAGAGATGAG-400.2.3,,Parents_of_U_F_B_DVA,300.0,270-330,ABpxppppap
TTAGGACAGATGCCTT-400.2.3,Ciliated_non_amphid_neuron,,225.0,210-270,ABpxpaappp
TTATGCTAGCTGCAAG-400.2.3,,,245.0,210-270,ABpxpaaapa
TTATGCTCAGATAATG-400.2.3,Ciliated_non_amphid_neuron,,205.0,170-210,ABpxpaappp
TTATGCTGTCGACTAT-400.2.3,,,230.0,210-270,ABpxppapp
TTCCCAGAGAAGGGTA-400.2.3,,RIC_parent,280.0,270-330,ABpxppaaaap
TTCGGTCAGGTACTCT-400.2.3,,,260.0,210-270,ABpxppppap
TTCTACAGTGTTAAGA-400.2.3,,Parents_of_PHsh_hyp8_hyp9,270.0,270-330,ABpxpppapa
TTCTACATCGGAATCT-400.2.3,,Parent_of_tail_spike_and_hyp10,225.0,210-270,ABpxppppp
TTCTCAACACCATGTA-400.2.3,,,225.0,210-270,ABpxppapa
TTCTCAACAGTGAGTG-400.2.3,,,295.0,270-330,ABpxppappa
TTCTCCTAGACTTTCG-400.2.3,Parent_of_exc_gland_AVK,,260.0,210-270,ABpxpapapa
TTCTCCTCAATCTGCA-400.2.3,,,295.0,270-330,ABpxppapaa
TTCTCCTCAGCTGCTG-400.2.3,Parent_of_exc_duct_pore_DB_1_3,,320.0,270-330,ABpxpaaaap
TTCTCCTGTAGCGTAG-400.2.3,,,220.0,210-270,ABpxppapp
TTCTTAGTCAACACCA-400.2.3,Glia,AMso,425.0,390-450,ABpxpaapapa
TTGAACGAGCGTCTAT-400.2.3,,,200.0,170-210,ABpxppaapp
TTGAACGGTGACAAAT-400.2.3,,Parents_of_PHsh_hyp8_hyp9,270.0,270-330,ABpxpppapa
TTGACTTCATATGCTG-400.2.3,Ciliated_amphid_neuron,AWC,395.0,390-450,ABpxpaaaaap
TTGACTTTCGTGGGAA-400.2.3,,,300.0,270-330,ABpxpppppa
TTGACTTTCTTACCTA-400.2.3,,,170.0,170-210,ABpxpppaaa
TTGCCGTGTACCAGTT-400.2.3,,RIC_parent,300.0,270-330,ABpxppaaaap
TTGCGTCAGCGATGAC-400.2.3,,,300.0,270-330,ABpxpapapp
TTGCGTCAGGACGAAA-400.2.3,,,220.0,210-270,ABpxpaaapp
TTGGAACAGAGTCGGT-400.2.3,,,320.0,270-330,ABpxpapaaa
TTGGAACCAGACGCCT-400.2.3,,,290.0,270-330,ABpxpaaapa
TTGGAACGTTCGTCTC-400.2.3,,,260.0,210-270,ABpxpapaap
TTGTAGGTCGCCGTGA-400.2.3,,RIC_parent,370.0,330-390,ABpxppaaaap
TTTACTGAGCGAGAAA-400.2.3,,,310.0,270-330,ABpxppapaa
TTTACTGAGGAGCGAG-400.2.3,Excretory_gland,,470.0,450-510,ABpxpapapaa
TTTACTGCAGTTTACG-400.2.3,,Parents_of_U_F_B_DVA,290.0,270-330,ABpxppppap
TTTACTGCATCCAACA-400.2.3,Ciliated_amphid_neuron,ASH,360.0,330-390,ABpxpaappaa
TTTATGCAGGGTTCCC-400.2.3,,,290.0,270-330,ABpxppapap
TTTATGCCATTATCTC-400.2.3,,,190.0,170-210,ABpxpppppa
TTTCCTCGTACAGTTC-400.2.3,,RIC_parent,345.0,330-390,ABpxppaaaap
TTTGGTTAGAATCTCC-400.2.3,Parent_of_exc_gland_AVK,,290.0,270-330,ABpxpapapa
TTTGTCAAGTGTTTGC-400.2.3,,Neuroblast_PVC_LUA,320.0,270-330,ABpxpppaapa
AAAGTAGGTCCGTCAG-500.1.1,,PVP,470.0,450-510,ABpxppppaaa
AAAGTAGGTTCTGAAC-500.1.1,,RIV,360.0,330-390,ABpxpaapaaa
AAATGCCAGCAGCCTC-500.1.1,,RIC_parent,350.0,330-390,ABpxppaaaap
AAATGCCGTCTTCAAG-500.1.1,Ciliated_amphid_neuron,AWC,380.0,330-390,ABpxpaaaaap
AACCATGGTGAAAGAG-500.1.1,,Neuroblast_PVC_LUA,320.0,270-330,ABpxpppaapa
AACCGCGCATGACGGA-500.1.1,,AVB,380.0,330-390,ABpxpaapaap
AACGTTGCAATGAATG-500.1.1,Excretory_gland,,355.0,330-390,ABpxpapapaa
AACTCAGTCGCAGGCT-500.1.1,,SIB,450.0,450-510,ABpxpapaapp/ABpxppaaaaa
AACTCCCGTCGCGAAA-500.1.1,Ciliated_amphid_neuron,ASH,365.0,330-390,ABpxpaappaa
AACTCTTAGAACAATC-500.1.1,,AVK,470.0,450-510,ABpxpapapap
AAGCCGCAGTCGTACT-500.1.1,,SIA,365.0,330-390,ABpxpapaapa/ABpxpapappa
AAGGAGCAGGTCGGAT-500.1.1,Glia,AMso,360.0,330-390,ABpxpaapapa
AAGGAGCCACAGGCCT-500.1.1,,SIA,470.0,450-510,ABpxpapaapa/ABpxpapappa
AAGGCAGTCCGAGCCA-500.1.1,,AVB,385.0,330-390,ABpxpaapaap
AATCCAGAGAGTAATC-500.1.1,Ciliated_amphid_neuron,AWC,490.0,450-510,ABpxpaaaaap
AATCCAGAGCGTTGCC-500.1.1,,RIB,500.0,450-510,ABpxpaappap
AATCGGTAGAGCTGCA-500.1.1,Ciliated_amphid_neuron,AWC,490.0,450-510,ABpxpaaaaap
ACACCAATCCCTAACC-500.1.1,,Neuroblast_PVC_LUA,330.0,330-390,ABpxpppaapa
ACACCGGCAAGAAAGG-500.1.1,Ciliated_amphid_neuron,AWC,440.0,390-450,ABpxpaaaaap
ACCAGTAAGCGTCAAG-500.1.1,,SIB,400.0,390-450,ABpxpapaapp/ABpxppaaaaa
ACCCACTAGACATAAC-500.1.1,Ciliated_amphid_neuron,AWC,420.0,390-450,ABpxpaaaaap
ACGATACTCCAAACTG-500.1.1,,SIB,425.0,390-450,ABpxpapaapp/ABpxppaaaaa
ACGCCAGAGGCCGAAT-500.1.1,,RIC,370.0,330-390,ABpxppaaaapp
ACGCCGACAAACAACA-500.1.1,,AVB,370.0,330-390,ABpxpaapaap
ACGCCGAGTAAATGAC-500.1.1,,RIC_parent,335.0,330-390,ABpxppaaaap
ACGCCGATCAGCAACT-500.1.1,Excretory_gland,,390.0,390-450,ABpxpapapaa
ACGGCCACATTGGCGC-500.1.1,,SIA,375.0,330-390,ABpxpapaapa/ABpxpapappa
ACGGGTCCACATGTGT-500.1.1,,PVP,360.0,330-390,ABpxppppaaa
ACGTCAAAGCACAGGT-500.1.1,Ciliated_amphid_neuron,AWC,420.0,390-450,ABpxpaaaaap
ACTATCTCAGCCTTTC-500.1.1,,SIB,490.0,450-510,ABpxpapaapp/ABpxppaaaaa
ACTGATGAGTAATCCC-500.1.1,,SIB,375.0,330-390,ABpxpapaapp/ABpxppaaaaa
ACTGTCCGTTACCAGT-500.1.1,,,300.0,270-330,ABpxpppaaa
AGACGTTCAGCGTCCA-500.1.1,Ciliated_amphid_neuron,AWC,420.0,390-450,ABpxpaaaaap
AGAGTGGAGAAGGGTA-500.1.1,,AVK,390.0,390-450,ABpxpapapap
AGAGTGGTCCTAGAAC-500.1.1,Ciliated_amphid_neuron,AWC,500.0,450-510,ABpxpaaaaap
AGATCTGTCTCGAGTA-500.1.1,,RIC,420.0,390-450,ABpxppaaaapp
AGCAGCCTCCGAATGT-500.1.1,,SIA,360.0,330-390,ABpxpapaapa/ABpxpapappa
AGCGTATCACAGACTT-500.1.1,,AIM,400.0,390-450,ABpxpaapppa
AGCTCCTAGACTTGAA-500.1.1,,AVB,370.0,330-390,ABpxpaapaap
AGCTCCTGTCCATCCT-500.1.1,,SIB,490.0,450-510,ABpxpapaapp/ABpxppaaaaa
AGCTCTCCAAGGGTCA-500.1.1,Ciliated_amphid_neuron,AWC,450.0,450-510,ABpxpaaaaap
AGCTTGAGTAGAAAGG-500.1.1,,SIB,425.0,390-450,ABpxpapaapp/ABpxppaaaaa
AGGCCGTTCAGAGGTG-500.1.1,,RIV,355.0,330-390,ABpxpaapaaa
AGGGAGTCATAGAAAC-500.1.1,,RIC_parent,370.0,330-390,ABpxppaaaap
AGTGTCAAGAGTGACC-500.1.1,,SIB,400.0,390-450,ABpxpapaapp/ABpxppaaaaa
AGTGTCACACCCTATC-500.1.1,,SIA,350.0,330-390,ABpxpapaapa/ABpxpapappa
ATAACGCGTATAGTAG-500.1.1,,SIA,350.0,330-390,ABpxpapaapa/ABpxpapappa
ATAGACCGTCAAACTC-500.1.1,,AIM,380.0,330-390,ABpxpaapppa
ATCACGAGTAAATGTG-500.1.1,Ciliated_amphid_neuron,ASH,440.0,390-450,ABpxpaappaa
ATCCACCAGCGTCTAT-500.1.1,,AIM,370.0,330-390,ABpxpaapppa
ATCGAGTCACAACTGT-500.1.1,,SIB,395.0,390-450,ABpxpapaapp/ABpxppaaaaa
ATCTACTAGCTCTCGG-500.1.1,Excretory_gland,,490.0,450-510,ABpxpapapaa
ATGCGATTCAAGAAGT-500.1.1,Ciliated_amphid_neuron,AWC,450.0,450-510,ABpxpaaaaap
ATGGGAGTCGACGGAA-500.1.1,,SIA,500.0,450-510,ABpxpapaapa/ABpxpapappa
ATTACTCTCTGTACGA-500.1.1,,RIC,435.0,390-450,ABpxppaaaapp
ATTTCTGCATAGAAAC-500.1.1,,,310.0,270-330,ABpxpapaap
ATTTCTGGTAAGTTCC-500.1.1,,AVK,490.0,450-510,ABpxpapapap
ATTTCTGTCGGAAATA-500.1.1,,AVB,390.0,390-450,ABpxpaapaap
CAACCAACACAGGTTT-500.1.1,,AIM,425.0,390-450,ABpxpaapppa
CAACCAAGTAGAAAGG-500.1.1,Ciliated_amphid_neuron,Neuroblast_AWC_SAAVx,295.0,270-330,ABpxpaaaaa
CAACTAGTCGATGAGG-500.1.1,,RIC_parent,350.0,330-390,ABpxppaaaap
CAACTAGTCGTCTGCT-500.1.1,Excretory_gland,,410.0,390-450,ABpxpapapaa
CAAGTTGCAAGGACAC-500.1.1,,RIC,435.0,390-450,ABpxppaaaapp
CACACAACACTGTCGG-500.1.1,Excretory_gland,,355.0,330-390,ABpxpapapaa
CACACCTCAAAGTGCG-500.1.1,Ciliated_amphid_neuron,ASH,490.0,450-510,ABpxpaappaa
CACAGGCCAGGACCCT-500.1.1,,SIA,420.0,390-450,ABpxpapaapa/ABpxpapappa
CACAGTATCTGCAGTA-500.1.1,Excretory_gland,,385.0,330-390,ABpxpapapaa
CACATAGAGACTAGGC-500.1.1,Ciliated_amphid_neuron,ASH,370.0,330-390,ABpxpaappaa
CACATAGGTATATCCG-500.1.1,Glia,AMso,360.0,330-390,ABpxpaapapa
CACATTTTCCAAAGTC-500.1.1,Glia,AMso,425.0,390-450,ABpxpaapapa
CACCACTAGGCTAGGT-500.1.1,,AVB,380.0,330-390,ABpxpaapaap
CACCACTCAGGTGCCT-500.1.1,,,260.0,210-270,ABpxpppaap
CACCACTCAGTCACTA-500.1.1,Glia,AMso,360.0,330-390,ABpxpaapapa
CACCACTTCGACAGCC-500.1.1,,RIC,395.0,390-450,ABpxppaaaapp
CACCAGGAGCTGCCCA-500.1.1,,AVB,405.0,390-450,ABpxpaapaap
CACCTTGGTGCGAAAC-500.1.1,,RIC,455.0,450-510,ABpxppaaaapp
CACCTTGGTTCCAACA-500.1.1,Ciliated_amphid_neuron,AWC,405.0,390-450,ABpxpaaaaap
CACTCCATCCACGAAT-500.1.1,,AVB,375.0,330-390,ABpxpaapaap
CAGAATCCAATGACCT-500.1.1,,SIA,350.0,330-390,ABpxpapaapa/ABpxpapappa
CAGAATCCAGTATCTG-500.1.1,Ciliated_amphid_neuron,AWC,450.0,450-510,ABpxpaaaaap
CAGATCAAGCTCTCGG-500.1.1,,AVK,470.0,450-510,ABpxpapapap
CAGATCACAGGACCCT-500.1.1,Ciliated_amphid_neuron,ASH,490.0,450-510,ABpxpaappaa
CAGCAGCAGAGGTAGA-500.1.1,Excretory_gland,,500.0,450-510,ABpxpapapaa
CAGCATAGTGCATCTA-500.1.1,,AVB,390.0,390-450,ABpxpaapaap
CAGCATATCATAGCAC-500.1.1,,AVK,400.0,390-450,ABpxpapapap
CAGCCGAGTCGCATCG-500.1.1,,SIA,450.0,450-510,ABpxpapaapa/ABpxpapappa
CAGCGACAGGGCACTA-500.1.1,Ciliated_amphid_neuron,ASH,490.0,450-510,ABpxpaappaa
CAGCGACTCAGAGCTT-500.1.1,,RIM,450.0,450-510,ABpxppaapap
CAGCTGGCACAGAGGT-500.1.1,Excretory_gland,,440.0,390-450,ABpxpapapaa
CAGCTGGGTCAACATC-500.1.1,,AIM,415.0,390-450,ABpxpaapppa
CAGTAACCACGGTAAG-500.1.1,,RIV,370.0,330-390,ABpxpaapaaa
CAGTCCTAGGAATGGA-500.1.1,,RIB,390.0,390-450,ABpxpaappap
CAGTCCTCACGTGAGA-500.1.1,,RIC_parent,345.0,330-390,ABpxppaaaap
CATCAGAAGAAAGTGG-500.1.1,,AVB,385.0,330-390,ABpxpaapaap
CATCCACGTGCGGTAA-500.1.1,,SIA,400.0,390-450,ABpxpapaapa/ABpxpapappa
CATCGGGGTAAATACG-500.1.1,,RIV,375.0,330-390,ABpxpaapaaa
CATCGGGTCATCGGAT-500.1.1,,SIB,380.0,330-390,ABpxpapaapp/ABpxppaaaaa
CATCGGGTCTTCGAGA-500.1.1,Ciliated_amphid_neuron,AWC,420.0,390-450,ABpxpaaaaap
CATGACAGTCCGAATT-500.1.1,,SIB,425.0,390-450,ABpxpapaapp/ABpxppaaaaa
CATGACAGTGCTAGCC-500.1.1,,AVK,425.0,390-450,ABpxpapapap
CATGACATCTGCGTAA-500.1.1,,SIA,385.0,330-390,ABpxpapaapa/ABpxpapappa
CATGGCGAGTCACGCC-500.1.1,,SIB,390.0,390-450,ABpxpapaapp/ABpxppaaaaa
CATGGCGCACGGTAGA-500.1.1,,Neuroblast_PVC_LUA,340.0,330-390,ABpxpppaapa
CATTATCTCCCTTGCA-500.1.1,,PVP,470.0,450-510,ABpxppppaaa
CATTCGCGTCGGCACT-500.1.1,,,300.0,270-330,ABpxpppppa
CATTCGCGTTCACGGC-500.1.1,,RIC,410.0,390-450,ABpxppaaaapp
CCACCTAGTAAGAGGA-500.1.1,,Neuroblast_PVC_LUA,330.0,330-390,ABpxpppaapa
CCACCTAGTAGCGATG-500.1.1,Excretory_gland,,470.0,450-510,ABpxpapapaa
CCACCTAGTAGTACCT-500.1.1,,RIC,435.0,390-450,ABpxppaaaapp
CCACCTATCATATCGG-500.1.1,,PVP,450.0,450-510,ABpxppppaaa
CCACTACCACGAAGCA-500.1.1,Ciliated_amphid_neuron,AWC,405.0,390-450,ABpxpaaaaap
CCACTACTCCTCATTA-500.1.1,Excretory_gland,,470.0,450-510,ABpxpapapaa
CCAGCGACACGACGAA-500.1.1,Excretory_gland,,350.0,330-390,ABpxpapapaa
CCATGTCCATCGGAAG-500.1.1,,SIB,395.0,390-450,ABpxpapaapp/ABpxppaaaaa
CCATTCGCACGAGGTA-500.1.1,,AVK,420.0,390-450,ABpxpapapap
CCCAATCCACAAGACG-500.1.1,,RIV,385.0,330-390,ABpxpaapaaa
CCCAGTTTCAGAAATG-500.1.1,,AIM,395.0,390-450,ABpxpaapppa
CCCATACAGGCTAGCA-500.1.1,,AVB,365.0,330-390,ABpxpaapaap
CCCATACGTAAGGGAA-500.1.1,,AVB,375.0,330-390,ABpxpaapaap
CCCATACGTTGTCGCG-500.1.1,,RIV,360.0,330-390,ABpxpaapaaa
CCCATACTCACATAGC-500.1.1,,PVP,350.0,330-390,ABpxppppaaa
CCCATACTCTTGACGA-500.1.1,Ciliated_amphid_neuron,AWC,420.0,390-450,ABpxpaaaaap
CCGGTAGCATGGATGG-500.1.1,,SIB,390.0,390-450,ABpxpapaapp/ABpxppaaaaa
CCGGTAGTCCAGATCA-500.1.1,,AIM,355.0,330-390,ABpxpaapppa
CCGTGGAGTACCGTTA-500.1.1,,Neuroblast_PVC_LUA,325.0,270-330,ABpxpppaapa
CCTACACGTCCTCCAT-500.1.1,,SIB,385.0,330-390,ABpxpapaapp/ABpxppaaaaa
CCTAGCTAGCTAGGCA-500.1.1,Ciliated_amphid_neuron,AWC,420.0,390-450,ABpxpaaaaap
CCTAGCTAGTCCCACG-500.1.1,Excretory_duct_and_pore,,335.0,330-390,ABpxpaaaapa
CCTAGCTCAAACGCGA-500.1.1,,AIY,490.0,450-510,ABpxpapaaap
CCTAGCTTCCAGGGCT-500.1.1,,SIB,355.0,330-390,ABpxpapaapp/ABpxppaaaaa
CCTATTAAGCTAAACA-500.1.1,Ciliated_amphid_neuron,AWC,420.0,390-450,ABpxpaaaaap
CCTCAGTGTCTAGAGG-500.1.1,Ciliated_amphid_neuron,ASH,400.0,390-450,ABpxpaappaa
CCTCTGAAGAGCTGGT-500.1.1,,RIV,360.0,330-390,ABpxpaapaaa
CCTCTGAAGTTAAGTG-500.1.1,,RIC,420.0,390-450,ABpxppaaaapp
CCTTTCTGTTGTGGCC-500.1.1,,Neuroblast_PVC_LUA,340.0,330-390,ABpxpppaapa
CGAATGTGTTCCACGG-500.1.1,,PVP,450.0,450-510,ABpxppppaaa
CGACCTTAGTGAACAT-500.1.1,Ciliated_amphid_neuron,ASH,380.0,330-390,ABpxpaappaa
CGACCTTGTGTTCTTT-500.1.1,,SIB,410.0,390-450,ABpxpapaapp/ABpxppaaaaa
CGACTTCTCCTAGGGC-500.1.1,Ciliated_amphid_neuron,ASH,490.0,450-510,ABpxpaappaa
CGAGAAGAGAAGGTGA-500.1.1,,SIA,415.0,390-450,ABpxpapaapa/ABpxpapappa
CGAGAAGCAGCGTTCG-500.1.1,,RIM,415.0,390-450,ABpxppaapap
CGAGAAGCATGCGCAC-500.1.1,,SIA,490.0,450-510,ABpxpapaapa/ABpxpapappa
CGATCGGCAGTGGGAT-500.1.1,,PVP,450.0,450-510,ABpxppppaaa
CGATTGACAAGCCATT-500.1.1,,RIV,360.0,330-390,ABpxpaapaaa
CGATTGACAGATCTGT-500.1.1,,RIC,450.0,450-510,ABpxppaaaapp
CGCGGTATCCTTGACC-500.1.1,,,300.0,270-330,ABpxppapaa
CGCGGTATCGAATGCT-500.1.1,,AVB,390.0,390-450,ABpxpaapaap
CGCGTTTGTTGCGCAC-500.1.1,,AIY,460.0,450-510,ABpxpapaaap
CGCTATCAGCCGTCGT-500.1.1,,RIC_parent,350.0,330-390,ABpxppaaaap
CGCTATCTCCTATGTT-500.1.1,Ciliated_amphid_neuron,ASH,350.0,330-390,ABpxpaappaa
CGCTTCATCGCGTTTC-500.1.1,,AIM,380.0,330-390,ABpxpaapppa
CGGAGCTTCACTTCAT-500.1.1,,,290.0,270-330,ABpxppaapp
CGGAGTCGTAAAGGAG-500.1.1,,RIV,350.0,330-390,ABpxpaapaaa
CGGTTAACAGGGTACA-500.1.1,Excretory_gland,,425.0,390-450,ABpxpapapaa
CGTAGCGAGGAATTAC-500.1.1,,PVP,450.0,450-510,ABpxppppaaa
CGTAGCGGTTTGACTG-500.1.1,Excretory_gland,,490.0,450-510,ABpxpapapaa
CGTAGGCTCGGTTAAC-500.1.1,,SIA,470.0,450-510,ABpxpapaapa/ABpxpapappa
CGTCACTAGAAACGCC-500.1.1,Excretory_gland,,490.0,450-510,ABpxpapapaa
CGTCAGGAGTAAGTAC-500.1.1,,,325.0,270-330,ABpxppappp
CGTCAGGCAGCTCCGA-500.1.1,,AIM,350.0,330-390,ABpxpaapppa
CGTCTACAGTAGATGT-500.1.1,,AVK,500.0,450-510,ABpxpapapap
CGTGTAACATTGAGCT-500.1.1,Ciliated_amphid_neuron,AWC,410.0,390-450,ABpxpaaaaap
CGTGTAAGTAGCGTCC-500.1.1,,,345.0,330-390,ABpxpppaaa
CGTGTCTCACGGATAG-500.1.1,Excretory_gland,,380.0,330-390,ABpxpapapaa
CGTTAGAAGGCTCTTA-500.1.1,,SIA,400.0,390-450,ABpxpapaapa/ABpxpapappa
CGTTAGACAGGTCCAC-500.1.1,,AVK,500.0,450-510,ABpxpapapap
CGTTAGATCTTCAACT-500.1.1,,RIC,395.0,390-450,ABpxppaaaapp
CGTTCTGAGAGCTTCT-500.1.1,Ciliated_amphid_neuron,ASH,405.0,390-450,ABpxpaappaa
CGTTCTGCACTTAACG-500.1.1,,PVP,450.0,450-510,ABpxppppaaa
CTAACTTCACTTGGAT-500.1.1,,PVP,350.0,330-390,ABpxppppaaa
CTAATGGGTGCCTTGG-500.1.1,,SIA,470.0,450-510,ABpxpapaapa/ABpxpapappa
CTACATTTCAACCAAC-500.1.1,,Neuroblast_PVC_LUA,340.0,330-390,ABpxpppaapa
CTACCCAGTGGTTTCA-500.1.1,Ciliated_amphid_neuron,ASH,470.0,450-510,ABpxpaappaa
CTAGAGTGTGCACCAC-500.1.1,,RIV,370.0,330-390,ABpxpaapaaa
CTAGCCTGTAGAAGGA-500.1.1,,SIB,415.0,390-450,ABpxpapaapp/ABpxppaaaaa
CTAGTGAAGAGTGACC-500.1.1,,RIM,390.0,390-450,ABpxppaapap
CTAGTGATCCAAGCCG-500.1.1,,SIB,400.0,390-450,ABpxpapaapp/ABpxppaaaaa
CTAGTGATCCGATATG-500.1.1,,AVK,415.0,390-450,ABpxpapapap
CTCACACAGTGAAGAG-500.1.1,,SIA,365.0,330-390,ABpxpapaapa/ABpxpapappa
CTCCTAGCAGATGAGC-500.1.1,,AIY,490.0,450-510,ABpxpapaaap
CTCGAGGGTGTGAATA-500.1.1,Glia,AMso,350.0,330-390,ABpxpaapapa
CTCGGAGAGCTAGTGG-500.1.1,Glia,AMso,425.0,390-450,ABpxpaapapa
CTCGGGATCTGTTTGT-500.1.1,,AVK,455.0,450-510,ABpxpapapap
CTCGTACAGCAACGGT-500.1.1,,RIC,385.0,330-390,ABpxppaaaapp
CTCGTCACACATTAGC-500.1.1,,AIM,405.0,390-450,ABpxpaapppa
CTCTACGGTCTCATCC-500.1.1,,SIB,350.0,330-390,ABpxpapaapp/ABpxppaaaaa
CTCTACGTCCCAACGG-500.1.1,,RIB,395.0,390-450,ABpxpaappap
CTCTGGTAGCCCTAAT-500.1.1,,RIM,345.0,330-390,ABpxppaapap
CTGAAACAGCTGTTCA-500.1.1,,SIA,490.0,450-510,ABpxpapaapa/ABpxpapappa
CTGAAACAGTTCGCGC-500.1.1,Ciliated_amphid_neuron,ASH,450.0,450-510,ABpxpaappaa
CTGAAACCAGCGAACA-500.1.1,,RIM,450.0,450-510,ABpxppaapap
CTGAAACTCCGCGCAA-500.1.1,,AIY,460.0,450-510,ABpxpapaaap
CTGATAGAGTACACCT-500.1.1,,AVB,405.0,390-450,ABpxpaapaap
CTGATAGGTCGCGAAA-500.1.1,,AVB,325.0,270-330,ABpxpaapaap
CTGATCCCAATGGACG-500.1.1,,AVB,420.0,390-450,ABpxpaapaap
CTGCGGATCGGAAACG-500.1.1,Excretory_gland,,420.0,390-450,ABpxpapapaa
CTGGTCTAGCTTTGGT-500.1.1,Ciliated_amphid_neuron,ASH,350.0,330-390,ABpxpaappaa
CTGTTTAGTTCGAATC-500.1.1,Excretory_gland,,470.0,450-510,ABpxpapapaa
CTTAACTAGTAGCGGT-500.1.1,,SIB,470.0,450-510,ABpxpapaapp/ABpxppaaaaa
CTTAACTTCGTAGATC-500.1.1,,RIM,490.0,450-510,ABpxppaapap
CTTACCGAGCGTGTCC-500.1.1,,SIB,500.0,450-510,ABpxpapaapp/ABpxppaaaaa
CTTACCGAGGTGTTAA-500.1.1,,,300.0,270-330,ABpxppapaa
CTTAGGAGTCAGTGGA-500.1.1,,SIA,365.0,330-390,ABpxpapaapa/ABpxpapappa
CTTAGGAGTGGGTCAA-500.1.1,,RIV,360.0,330-390,ABpxpaapaaa
CTTAGGAGTGTGGCTC-500.1.1,Ciliated_amphid_neuron,ASH,375.0,330-390,ABpxpaappaa
CTTGGCTGTTTGCATG-500.1.1,,SIA,350.0,330-390,ABpxpapaapa/ABpxpapappa
GAAACTCGTTAAGATG-500.1.1,Ciliated_amphid_neuron,ASH,450.0,450-510,ABpxpaappaa
GAAATGAAGGGATGGG-500.1.1,,AVB,400.0,390-450,ABpxpaapaap
GAAATGACAGCATGAG-500.1.1,,AIY,440.0,390-450,ABpxpapaaap
GAAATGACAGGAATCG-500.1.1,,RIM,350.0,330-390,ABpxppaapap
GAACATCTCCGTAGTA-500.1.1,,SIB,490.0,450-510,ABpxpapaapp/ABpxppaaaaa
GAACCTAGTATTCGTG-500.1.1,,SIA,350.0,330-390,ABpxpapaapa/ABpxpapappa
GAACGGACAAGGCTCC-500.1.1,,AVK,415.0,390-450,ABpxpapapap
GAAGCAGAGGGCTTCC-500.1.1,,SIB,450.0,450-510,ABpxpapaapp/ABpxppaaaaa
GAATGAAAGAGCTATA-500.1.1,Ciliated_amphid_neuron,AWC,360.0,330-390,ABpxpaaaaap
GACCAATTCAAGCCTA-500.1.1,,RIM,400.0,390-450,ABpxppaapap
GACGGCTTCTTGAGGT-500.1.1,,SIA,420.0,390-450,ABpxpapaapa/ABpxpapappa
GACGTGCAGGCTCTTA-500.1.1,,SIA,355.0,330-390,ABpxpapaapa/ABpxpapappa
GACGTGCCAAGTTCTG-500.1.1,,SIB,470.0,450-510,ABpxpapaapp/ABpxppaaaaa
GACGTTAAGCAGCGTA-500.1.1,Ciliated_amphid_neuron,AWC,410.0,390-450,ABpxpaaaaap
GACGTTAAGGAGTTGC-500.1.1,,RIC_parent,340.0,330-390,ABpxppaaaap
GACGTTAGTCTGATCA-500.1.1,,SIA,390.0,390-450,ABpxpapaapa/ABpxpapappa
GACTAACAGACTAGAT-500.1.1,,RIC_parent,380.0,330-390,ABpxppaaaap
GAGTCCGCAATCAGAA-500.1.1,,AVK,435.0,390-450,ABpxpapapap
GAGTCCGGTGCCTTGG-500.1.1,,RIB,390.0,390-450,ABpxpaappap
GATCAGTTCCCTCAGT-500.1.1,Pharyngeal_neuron,,270.0,270-330,ABpxpppaaa
GATCGATAGCTGTTCA-500.1.1,,RIV,365.0,330-390,ABpxpaapaaa
GATCGATGTTGATTGC-500.1.1,,RIV,370.0,330-390,ABpxpaapaaa
GATGAAAAGTGGTAGC-500.1.1,,RIM,350.0,330-390,ABpxppaapap
GCAAACTAGACGACGT-500.1.1,,Neuroblast_PVC_LUA,330.0,330-390,ABpxpppaapa
GCAAACTCACGAAAGC-500.1.1,,Neuroblast_PVC_LUA,300.0,270-330,ABpxpppaapa
GCAAACTCATGGATGG-500.1.1,Ciliated_amphid_neuron,AWC,360.0,330-390,ABpxpaaaaap
GCAAACTTCCAATGGT-500.1.1,,SIA,375.0,330-390,ABpxpapaapa/ABpxpapappa
GCAATCACAAGTTCTG-500.1.1,,SIA,350.0,330-390,ABpxpapaapa/ABpxpapappa
GCACTCTGTATAGGGC-500.1.1,Ciliated_amphid_neuron,ASH,380.0,330-390,ABpxpaappaa
GCACTCTGTTCGTTGA-500.1.1,Ciliated_amphid_neuron,AWC,395.0,390-450,ABpxpaaaaap
GCACTCTTCGCCAGCA-500.1.1,Excretory_gland,,490.0,450-510,ABpxpapapaa
GCAGCCACAGTATGCT-500.1.1,,AVK,425.0,390-450,ABpxpapapap
GCATACAGTGTTCGAT-500.1.1,,AVB,385.0,330-390,ABpxpaapaap
GCATACATCCGTCATC-500.1.1,Ciliated_amphid_neuron,AWC,440.0,390-450,ABpxpaaaaap
GCATGATAGCCGCCTA-500.1.1,,RIM,360.0,330-390,ABpxppaapap
GCATGCGTCCTGCTTG-500.1.1,,SIA,395.0,390-450,ABpxpapaapa/ABpxpapappa
GCATGTACAGCGATCC-500.1.1,,SIA,355.0,330-390,ABpxpapaapa/ABpxpapappa
GCGAGAAAGGGATACC-500.1.1,,SIB,410.0,390-450,ABpxpapaapp/ABpxppaaaaa
GCGAGAACAGATGGCA-500.1.1,,DB,340.0,330-390,ABpxpaaaap
GCGCAACGTTAAGTAG-500.1.1,,AVB,385.0,330-390,ABpxpaapaap
GCGCCAATCATGCTCC-500.1.1,,AIM,385.0,330-390,ABpxpaapppa
GCGCGATTCCGCATAA-500.1.1,,SIA,375.0,330-390,ABpxpapaapa/ABpxpapappa
GCGGGTTGTTAAAGAC-500.1.1,Ciliated_amphid_neuron,ASH,405.0,390-450,ABpxpaappaa
GCTCTGTAGTACTTGC-500.1.1,,RIC,405.0,390-450,ABpxppaaaapp
GCTCTGTTCCTCTAGC-500.1.1,Excretory_duct_and_pore,,310.0,270-330,ABpxpaaaapa
GCTGCGATCTCTTGAT-500.1.1,,RIM,430.0,390-450,ABpxppaapap
GCTGGGTCAAGGCTCC-500.1.1,Excretory_gland,,500.0,450-510,ABpxpapapaa
GCTGGGTCACGGTTTA-500.1.1,,AVK,470.0,450-510,ABpxpapapap
GCTGGGTTCAGTTGAC-500.1.1,,AVK,450.0,450-510,ABpxpapapap
GCTTGAAGTTGCGCAC-500.1.1,Ciliated_amphid_neuron,ASH,450.0,450-510,ABpxpaappaa
GGAAAGCGTGCACCAC-500.1.1,,PVP,450.0,450-510,ABpxppppaaa
GGAAAGCGTGCTAGCC-500.1.1,,,300.0,270-330,ABpxpppaaa
GGAACTTGTCTTGTCC-500.1.1,,SIB,500.0,450-510,ABpxpapaapp/ABpxppaaaaa
GGAATAAAGGACGAAA-500.1.1,Excretory_gland,,490.0,450-510,ABpxpapapaa
GGACAAGAGTCCTCCT-500.1.1,,RIM,405.0,390-450,ABpxppaapap
GGACAAGGTCTCCACT-500.1.1,,SIA,385.0,330-390,ABpxpapaapa/ABpxpapappa
GGACAGAGTGTGAATA-500.1.1,,RIM,350.0,330-390,ABpxppaapap
GGACGTCGTCAGGACA-500.1.1,,,300.0,270-330,ABpxppappp
GGACGTCGTCTAGGTT-500.1.1,Excretory_gland,,420.0,390-450,ABpxpapapaa
GGACGTCTCTAGCACA-500.1.1,Ciliated_amphid_neuron,AWC,420.0,390-450,ABpxpaaaaap
GGAGCAAAGTAGTGCG-500.1.1,,,265.0,210-270,ABpxpaaaaa
GGAGCAACAACTTGAC-500.1.1,,Neuroblast_PVC_LUA,320.0,270-330,ABpxpppaapa
GGAGCAACAATCTGCA-500.1.1,,RIM,415.0,390-450,ABpxppaapap
GGATGTTCAAACCTAC-500.1.1,,AVB,375.0,330-390,ABpxpaapaap
GGATTACGTCGCTTTC-500.1.1,,RIC_parent,300.0,270-330,ABpxppaaaap
GGCCGATCATGGGACA-500.1.1,,Neuroblast_PVC_LUA,300.0,270-330,ABpxpppaapa
GGGAATGGTACGACCC-500.1.1,Excretory_gland,,390.0,390-450,ABpxpapapaa
GGGAGATTCAACGGGA-500.1.1,,AVK,395.0,390-450,ABpxpapapap
GGGATGAAGTCAAGCG-500.1.1,Glia,AMso,370.0,330-390,ABpxpaapapa
GGGCACTAGTCTCCTC-500.1.1,,AIM,350.0,330-390,ABpxpaapppa
GGGCACTCAACCGCCA-500.1.1,Excretory_gland,,385.0,330-390,ABpxpapapaa
GGGCATCAGGGATACC-500.1.1,,RIM,390.0,390-450,ABpxppaapap
GGGCATCGTCCGAACC-500.1.1,Ciliated_amphid_neuron,AWC,415.0,390-450,ABpxpaaaaap
GGGTTGCCAGTAGAGC-500.1.1,,AVK,405.0,390-450,ABpxpapapap
GGGTTGCGTCCAGTTA-500.1.1,,SIB,395.0,390-450,ABpxpapaapp/ABpxppaaaaa
GGTATTGCATGTTCCC-500.1.1,Ciliated_amphid_neuron,AWC,405.0,390-450,ABpxpaaaaap
GGTATTGTCTGGCGTG-500.1.1,,RIC_parent,350.0,330-390,ABpxppaaaap
GGTGCGTCACAGACTT-500.1.1,,SIA,390.0,390-450,ABpxpapaapa/ABpxpapappa
GGTGCGTTCGTTGACA-500.1.1,,,270.0,270-330,ABpxpaapaa
GTACTTTTCGGAATCT-500.1.1,Excretory_gland,,365.0,330-390,ABpxpapapaa
GTAGGCCAGATGTAAC-500.1.1,,AIM,385.0,330-390,ABpxpaapppa
GTAGGCCGTTACGCGC-500.1.1,,SIB,400.0,390-450,ABpxpapaapp/ABpxppaaaaa
GTATCTTCAAACAACA-500.1.1,Excretory_gland,,355.0,330-390,ABpxpapapaa
GTCAAGTAGACTTGAA-500.1.1,,SIA,405.0,390-450,ABpxpapaapa/ABpxpapappa
GTCAAGTGTCCGAGTC-500.1.1,Excretory_gland,,450.0,450-510,ABpxpapapaa
GTCACAATCTCATTCA-500.1.1,,SIB,450.0,450-510,ABpxpapaapp/ABpxppaaaaa
GTCACGGAGCTGAAAT-500.1.1,Excretory_gland,,490.0,450-510,ABpxpapapaa
GTCACGGAGGGTCTCC-500.1.1,,SIA,500.0,450-510,ABpxpapaapa/ABpxpapappa
GTCACGGTCCGATATG-500.1.1,,SIA,490.0,450-510,ABpxpapaapa/ABpxpapappa
GTCCTCAGTTGCCTCT-500.1.1,Ciliated_amphid_neuron,AWC,360.0,330-390,ABpxpaaaaap
GTCGTAAGTAAGTGTA-500.1.1,,Neuroblast_PVC_LUA,330.0,330-390,ABpxpppaapa
GTCTTCGGTTCCCGAG-500.1.1,,RIV,360.0,330-390,ABpxpaapaaa
GTCTTCGTCCCATTTA-500.1.1,,RIC_parent,350.0,330-390,ABpxppaaaap
GTGCATAAGTTAAGTG-500.1.1,,,260.0,210-270,ABpxpapaap
GTGCTTCTCGGAGGTA-500.1.1,,AIM,385.0,330-390,ABpxpaapppa
GTGTGCGAGGGTGTTG-500.1.1,Ciliated_amphid_neuron,AWC,490.0,450-510,ABpxpaaaaap
GTTACAGAGTGTACCT-500.1.1,,RIM,340.0,330-390,ABpxppaapap
GTTACAGCACTGTTAG-500.1.1,,Neuroblast_PVC_LUA,320.0,270-330,ABpxpppaapa
GTTACAGCATACGCTA-500.1.1,Glia,AMso,365.0,330-390,ABpxpaapapa
GTTCATTTCGGTCTAA-500.1.1,,RIC_parent,365.0,330-390,ABpxppaaaap
GTTCTCGCAGATCCAT-500.1.1,,SIA,390.0,390-450,ABpxpapaapa/ABpxpapappa
TAAACCGCATTTCAGG-500.1.1,Excretory_gland,,490.0,450-510,ABpxpapapaa
TAAGAGACACACCGAC-500.1.1,Glia,AMso,450.0,450-510,ABpxpaapapa
TAAGCGTGTAATTGGA-500.1.1,Ciliated_amphid_neuron,ASH,370.0,330-390,ABpxpaappaa
TACACGACAAAGTCAA-500.1.1,,AVK,470.0,450-510,ABpxpapapap
TACACGACACGGTAAG-500.1.1,,AIY,440.0,390-450,ABpxpapaaap
TACACGACAGTATCTG-500.1.1,Excretory_gland,,470.0,450-510,ABpxpapapaa
TACACGAGTGCACGAA-500.1.1,,SIA,420.0,390-450,ABpxpapaapa/ABpxpapappa
TACCTTAGTAAAGTCA-500.1.1,,SIA,370.0,330-390,ABpxpapaapa/ABpxpapappa
TACGGTATCGAATCCA-500.1.1,,SIA,450.0,450-510,ABpxpapaapa/ABpxpapappa
TACTCATCACCAGGTC-500.1.1,Ciliated_amphid_neuron,AWC,440.0,390-450,ABpxpaaaaap
TACTCGCAGGGATGGG-500.1.1,,RIB,385.0,330-390,ABpxpaappap
TACTCGCAGGGCTTCC-500.1.1,,RIM,440.0,390-450,ABpxppaapap
TACTTACTCGCGTTTC-500.1.1,,RIM,500.0,450-510,ABpxppaapap
TACTTACTCGCTTGTC-500.1.1,,SIA,425.0,390-450,ABpxpapaapa/ABpxpapappa
TAGACCACAATAACGA-500.1.1,,AVK,490.0,450-510,ABpxpapapap
TAGACCAGTGTATGGG-500.1.1,,RIM,420.0,390-450,ABpxppaapap
TAGAGCTAGCAGATCG-500.1.1,,AVB,390.0,390-450,ABpxpaapaap
TAGAGCTTCTGGAGCC-500.1.1,Glia,AMso,330.0,330-390,ABpxpaapapa
TAGCCGGCAGAGTGTG-500.1.1,,DA,335.0,330-390,ABpxppapap
TAGGCATTCGCGCCAA-500.1.1,,AIY,430.0,390-450,ABpxpapaaap
TAGTTGGAGAGGTTAT-500.1.1,Glia,AMso,350.0,330-390,ABpxpaapapa
TAGTTGGGTTCAACCA-500.1.1,,AIM,350.0,330-390,ABpxpaapppa
TATCTCAAGGATGTAT-500.1.1,,,270.0,270-330,ABpxpapapp
TATCTCAAGTGTTTGC-500.1.1,,RIC,435.0,390-450,ABpxppaaaapp
TATCTCACAAGTTCTG-500.1.1,,AVB,390.0,390-450,ABpxpaapaap
TCAACGACACATAACC-500.1.1,,RIM,440.0,390-450,ABpxppaapap
TCACAAGCAATGGAGC-500.1.1,,RIM,440.0,390-450,ABpxppaapap
TCACGAAAGTTAGGTA-500.1.1,,SIA,435.0,390-450,ABpxpapaapa/ABpxpapappa
TCACGAAGTAAGTGTA-500.1.1,Ciliated_amphid_neuron,AWC,450.0,450-510,ABpxpaaaaap
TCAGATGTCTTGCCGT-500.1.1,,AIY,440.0,390-450,ABpxpapaaap
TCAGCTCCACGAGGTA-500.1.1,Excretory_gland,,355.0,330-390,ABpxpapapaa
TCAGCTCTCTGGAGCC-500.1.1,,RIC_parent,345.0,330-390,ABpxppaaaap
TCAGGTAGTGAGGCTA-500.1.1,,SIA,355.0,330-390,ABpxpapaapa/ABpxpapappa
TCAGGTAGTTAGTGGG-500.1.1,,SIA,500.0,450-510,ABpxpapaapa/ABpxpapappa
TCAGGTATCACATACG-500.1.1,,RIV,370.0,330-390,ABpxpaapaaa
TCATTACCAAGGCTCC-500.1.1,,SIB,440.0,390-450,ABpxpapaapp/ABpxppaaaaa
TCATTACCAGCATGAG-500.1.1,,RIC,435.0,390-450,ABpxppaaaapp
TCATTTGGTCTAGGTT-500.1.1,,RIM,440.0,390-450,ABpxppaapap
TCGAGGCCAGGGCATA-500.1.1,,AVB,390.0,390-450,ABpxpaapaap
TCGAGGCGTCACTTCC-500.1.1,,SIA,415.0,390-450,ABpxpapaapa/ABpxpapappa
TCGAGGCTCCTTGCCA-500.1.1,,RIC_parent,330.0,330-390,ABpxppaaaap
TCGCGAGCAAGGGTCA-500.1.1,,SIA,370.0,330-390,ABpxpapaapa/ABpxpapappa
TCGGGACAGCCACGTC-500.1.1,,SIB,385.0,330-390,ABpxpapaapp/ABpxppaaaaa
TCGGTAAAGATACACA-500.1.1,,AVB,385.0,330-390,ABpxpaapaap
TCGGTAAGTTCTGGTA-500.1.1,,AIY,490.0,450-510,ABpxpapaaap
TCGTAGAAGTACATGA-500.1.1,,RIV,355.0,330-390,ABpxpaapaaa
TCGTAGACACCAGGCT-500.1.1,Excretory_gland,,415.0,390-450,ABpxpapapaa
TCTATTGTCAGAGACG-500.1.1,,SIB,395.0,390-450,ABpxpapaapp/ABpxppaaaaa
TCTCATACAGTTAACC-500.1.1,,PVP,450.0,450-510,ABpxppppaaa
TCTGAGATCAGTGCAT-500.1.1,,AVK,450.0,450-510,ABpxpapapap
TCTTCGGGTTCCCGAG-500.1.1,,AVK,415.0,390-450,ABpxpapapap
TCTTTCCAGGTCGGAT-500.1.1,,PVP,450.0,450-510,ABpxppppaaa
TGAAAGACACTCAGGC-500.1.1,Excretory_duct_and_pore,,335.0,330-390,ABpxpaaaapa
TGAAAGATCGAGGTAG-500.1.1,Ciliated_amphid_neuron,ASH,370.0,330-390,ABpxpaappaa
TGACAACGTCCGCTGA-500.1.1,,Neuroblast_PVC_LUA,345.0,330-390,ABpxpppaapa
TGACTAGTCGTGGACC-500.1.1,,SIA,370.0,330-390,ABpxpapaapa/ABpxpapappa
TGACTTTGTTGGAGGT-500.1.1,,Neuroblast_PVC_LUA,320.0,270-330,ABpxpppaapa
TGAGAGGCAATCTACG-500.1.1,,SIA,365.0,330-390,ABpxpapaapa/ABpxpapappa
TGAGCCGAGGCATTGG-500.1.1,,AIY,440.0,390-450,ABpxpapaaap
TGAGCCGCAGGCTGAA-500.1.1,,RIM,450.0,450-510,ABpxppaapap
TGAGGGAGTGATGATA-500.1.1,,AVK,470.0,450-510,ABpxpapapap
TGCACCTTCCTTGGTC-500.1.1,,AVK,420.0,390-450,ABpxpapapap
TGCCAAATCTGCTTGC-500.1.1,Glia,AMso,360.0,330-390,ABpxpaapapa
TGCCCATAGTAAGTAC-500.1.1,,,340.0,330-390,ABpxpapaaa
TGCCCATCATTACGAC-500.1.1,,RIB,450.0,450-510,ABpxpaappap
TGCTACCCAATCGAAA-500.1.1,,,300.0,270-330,ABpxpapaap
TGGGAAGCAGACGCTC-500.1.1,,RIC_parent,335.0,330-390,ABpxppaaaap
TGGGAAGGTACTCAAC-500.1.1,,RIM,350.0,330-390,ABpxppaapap
TGGGAAGTCTGGTATG-500.1.1,,AVK,360.0,330-390,ABpxpapapap
TGGGCGTCACGTCTCT-500.1.1,,AVK,365.0,330-390,ABpxpapapap
TGGTTAGAGGAATTAC-500.1.1,,AVB,370.0,330-390,ABpxpaapaap
TGGTTCCGTGCTTCTC-500.1.1,Glia,AMso,490.0,450-510,ABpxpaapapa
TGGTTCCTCGAATCCA-500.1.1,,AVB,380.0,330-390,ABpxpaapaap
TGGTTCCTCGTCGTTC-500.1.1,,RIM,450.0,450-510,ABpxppaapap
TGTCCCACAGACACTT-500.1.1,,AIM,355.0,330-390,ABpxpaapppa
TGTCCCACAGGTCTCG-500.1.1,,Neuroblast_PVC_LUA,325.0,270-330,ABpxpppaapa
TGTGGTAGTTCTCATT-500.1.1,Ciliated_amphid_neuron,ASH,430.0,390-450,ABpxpaappaa
TGTGGTATCCTACAGA-500.1.1,,AVB,400.0,390-450,ABpxpaapaap
TGTGTTTAGAGTAATC-500.1.1,,RIB,390.0,390-450,ABpxpaappap
TGTTCCGCAATCTACG-500.1.1,Ciliated_amphid_neuron,AWC,450.0,450-510,ABpxpaaaaap
TTAACTCTCACATAGC-500.1.1,,RIC,415.0,390-450,ABpxppaaaapp
TTAGGACAGCTGCGAA-500.1.1,,AIY,460.0,450-510,ABpxpapaaap
TTAGGACCAAGGACTG-500.1.1,,PVP,360.0,330-390,ABpxppppaaa
TTAGGACCACCCATGG-500.1.1,,SIA,425.0,390-450,ABpxpapaapa/ABpxpapappa
TTAGGACGTTAGAACA-500.1.1,Excretory_gland,,410.0,390-450,ABpxpapapaa
TTATGCTGTCAGCTAT-500.1.1,,AVB,390.0,390-450,ABpxpaapaap
TTCGGTCAGCTTTGGT-500.1.1,,RIM,380.0,330-390,ABpxppaapap
TTCTCCTGTTCTCATT-500.1.1,,RIC_parent,350.0,330-390,ABpxppaaaap
TTGCCGTCATCCAACA-500.1.1,Ciliated_amphid_neuron,AWC,470.0,450-510,ABpxpaaaaap
TTGCGTCAGAACAACT-500.1.1,Excretory_duct_and_pore,,320.0,270-330,ABpxpaaaapa
TTGCGTCAGTGATCGG-500.1.1,,,340.0,330-390,ABpxpapaaa
TTGCGTCCAAACCCAT-500.1.1,,RIB,390.0,390-450,ABpxpaappap
TTGCGTCCAGACACTT-500.1.1,,RIM,405.0,390-450,ABpxppaapap
TTTATGCGTTAAGTAG-500.1.1,,,245.0,210-270,ABpxppappp
TTTGCGCTCGGTTCGG-500.1.1,,RIM,350.0,330-390,ABpxppaapap
TTTGGTTTCCCACTTG-500.1.1,,RIM,390.0,390-450,ABpxppaapap
TTTGTCAAGCCAGGAT-500.1.1,Ciliated_amphid_neuron,AWC,415.0,390-450,ABpxpaaaaap
TTTGTCAAGCGTGAGT-500.1.1,,SIB,395.0,390-450,ABpxpapaapp/ABpxppaaaaa
TTTGTCACAAGGGTCA-500.1.1,,RIC_parent,340.0,330-390,ABpxppaaaap
AAACCTGGTAGCCTCG-500.1.2,Ciliated_amphid_neuron,AWC,415.0,390-450,ABpxpaaaaap
AAAGCAACACATGGGA-500.1.2,,RIM,440.0,390-450,ABpxppaapap
AACACGTAGAAACGCC-500.1.2,Excretory_gland,,490.0,450-510,ABpxpapapaa
AACTCTTGTGAAATCA-500.1.2,,,300.0,270-330,ABpxpppppa
AACTGGTCAGTGAGTG-500.1.2,,PVP,365.0,330-390,ABpxppppaaa
AACTTTCTCAAACCAC-500.1.2,Excretory_gland,,490.0,450-510,ABpxpapapaa
AAGACCTCAACCGCCA-500.1.2,,AVK,415.0,390-450,ABpxpapapap
AATCCAGGTGAAGGCT-500.1.2,,RIM,390.0,390-450,ABpxppaapap
ACACTGATCTAACGGT-500.1.2,,AIM,360.0,330-390,ABpxpaapppa
ACAGCCGTCAGTTGAC-500.1.2,,RIC,380.0,330-390,ABpxppaaaapp
ACATACGAGATGTCGG-500.1.2,,PVP,450.0,450-510,ABpxppppaaa
ACCGTAAAGGACTGGT-500.1.2,,Neuroblast_PVC_LUA,340.0,330-390,ABpxpppaapa
ACGGCCAAGCTCAACT-500.1.2,,,270.0,270-330,ABpxppappa
ACGGCCATCCGCGTTT-500.1.2,Excretory_gland,,380.0,330-390,ABpxpapapaa
ACGGGCTGTTACTGAC-500.1.2,,RIC_parent,370.0,330-390,ABpxppaaaap
ACGGGTCAGTTCCACA-500.1.2,,SIB,450.0,450-510,ABpxpapaapp/ABpxppaaaaa
ACGGGTCTCATCGCTC-500.1.2,,RIM,425.0,390-450,ABpxppaapap
ACTTTCAGTGGTCCGT-500.1.2,,AVB,385.0,330-390,ABpxpaapaap
AGAATAGTCAACTCTT-500.1.2,,SIB,415.0,390-450,ABpxpapaapp/ABpxppaaaaa
AGATCTGAGGACGAAA-500.1.2,Glia,AMso,490.0,450-510,ABpxpaapapa
AGCATACTCCGAAGAG-500.1.2,,AVK,490.0,450-510,ABpxpapapap
AGCGGTCGTCTTGATG-500.1.2,Ciliated_amphid_neuron,ASH,450.0,450-510,ABpxpaappaa
AGCTCCTTCGTCACGG-500.1.2,,RIM,380.0,330-390,ABpxppaapap
AGCTCTCTCATGCTCC-500.1.2,,SIA,370.0,330-390,ABpxpapaapa/ABpxpapappa
AGTAGTCTCAACGGGA-500.1.2,,RIC_parent,350.0,330-390,ABpxppaaaap
AGTGTCACAGTCAGAG-500.1.2,Glia,AMso,350.0,330-390,ABpxpaapapa
ATCCGAATCCTCGCAT-500.1.2,,SIA,415.0,390-450,ABpxpapaapa/ABpxpapappa
ATCGAGTGTCAAACTC-500.1.2,,RIB,500.0,450-510,ABpxpaappap
ATGGGAGGTGAACCTT-500.1.2,,SIA,490.0,450-510,ABpxpapaapa/ABpxpapappa
ATTACTCCAGGTCCAC-500.1.2,,RIV,355.0,330-390,ABpxpaapaaa
ATTTCTGTCGTACGGC-500.1.2,,PVP,435.0,390-450,ABpxppppaaa
CAACTAGAGGTGCAAC-500.1.2,Excretory_gland,,450.0,450-510,ABpxpapapaa
CAAGATCCATCGGAAG-500.1.2,Excretory_gland,,410.0,390-450,ABpxpapapaa
CACAAACGTACCGAGA-500.1.2,,AIM,350.0,330-390,ABpxpaapppa
CACACAAGTAGCGTCC-500.1.2,,,270.0,270-330,ABpxppppaa
CACACTCCAGCTATTG-500.1.2,,Neuroblast_PVC_LUA,340.0,330-390,ABpxpppaapa
CACCACTTCAAACAAG-500.1.2,,AIM,350.0,330-390,ABpxpaapppa
CAGAGAGCAAGCTGGA-500.1.2,,RIV,370.0,330-390,ABpxpaapaaa
CAGCAGCGTGGTTTCA-500.1.2,,RIC,470.0,450-510,ABpxppaaaapp
CAGCTGGGTAGTAGTA-500.1.2,,RIC_parent,350.0,330-390,ABpxppaaaap
CAGTAACCAGCCAGAA-500.1.2,,RIB,470.0,450-510,ABpxpaappap
CAGTAACCATCTGGTA-500.1.2,Ciliated_amphid_neuron,ASH,390.0,390-450,ABpxpaappaa
CATATGGAGGTGCAAC-500.1.2,,PVP,355.0,330-390,ABpxppppaaa
CATATGGTCTTGTACT-500.1.2,,,335.0,330-390,ABpxppapaa
CATCAGAGTTCCATGA-500.1.2,,RIC_parent,300.0,270-330,ABpxppaaaap
CCAATCCGTTCGCTAA-500.1.2,Ciliated_amphid_neuron,AWC,500.0,450-510,ABpxpaaaaap
CCCAGTTTCTGTCTAT-500.1.2,,AVB,405.0,390-450,ABpxpaapaap
CCCTCCTAGGACACCA-500.1.2,,Neuroblast_PVC_LUA,335.0,330-390,ABpxpppaapa
CCCTCCTCACTGCCAG-500.1.2,,RIC_parent,350.0,330-390,ABpxppaaaap
CCGTGGAAGAAACGAG-500.1.2,,RIM,450.0,450-510,ABpxppaapap
CCGTTCAGTAAGAGGA-500.1.2,,RIM,440.0,390-450,ABpxppaapap
CCTACACCAGATAATG-500.1.2,,SIA,380.0,330-390,ABpxpapaapa/ABpxpapappa
CCTATTATCAGCGATT-500.1.2,,RIC_parent,360.0,330-390,ABpxppaaaap
CCTCAGTTCTGGTTCC-500.1.2,Ciliated_amphid_neuron,AWC,410.0,390-450,ABpxpaaaaap
CCTTCGACAGGAATGC-500.1.2,,SIA,360.0,330-390,ABpxpapaapa/ABpxpapappa
CGAACATAGATCCCGC-500.1.2,Excretory_gland,,365.0,330-390,ABpxpapapaa
CGATCGGCATGCCACG-500.1.2,,Neuroblast_PVC_LUA,340.0,330-390,ABpxpppaapa
CGATGGCGTGTTGAGG-500.1.2,,AIM,365.0,330-390,ABpxpaapppa
CGCCAAGAGCACGCCT-500.1.2,,SIB,405.0,390-450,ABpxpapaapp/ABpxppaaaaa
CGGAGTCCAGGACCCT-500.1.2,Glia,AMso,450.0,450-510,ABpxpaapapa
CGGAGTCGTTTCGCTC-500.1.2,,Neuroblast_PVC_LUA,300.0,270-330,ABpxpppaapa
CGTAGCGTCTACGAGT-500.1.2,,AIY,490.0,450-510,ABpxpapaaap
CGTCACTGTGAAAGAG-500.1.2,,RIC_parent,345.0,330-390,ABpxppaaaap
CGTCTACCACAGCCCA-500.1.2,,SIA,365.0,330-390,ABpxpapaapa/ABpxpapappa
CGTGTCTCACAGGTTT-500.1.2,Excretory_gland,,400.0,390-450,ABpxpapapaa
CGTTAGATCTGTCAAG-500.1.2,,AIM,405.0,390-450,ABpxpaapppa
CTAACTTCACTAGTAC-500.1.2,Glia,AMso,450.0,450-510,ABpxpaapapa
CTAAGACCACGTTGGC-500.1.2,,RIM,420.0,390-450,ABpxppaapap
CTACACCAGTGAACGC-500.1.2,Excretory_gland,,420.0,390-450,ABpxpapapaa
CTACACCCAATAACGA-500.1.2,Excretory_gland,,390.0,390-450,ABpxpapapaa
CTACACCGTCAGAATA-500.1.2,,PVP,450.0,450-510,ABpxppppaaa
CTAGCCTTCAGTCCCT-500.1.2,Excretory_gland,,385.0,330-390,ABpxpapapaa
CTAGTGACAGTCTTCC-500.1.2,Glia,AMso,415.0,390-450,ABpxpaapapa
CTCGAAACACAGACTT-500.1.2,Ciliated_amphid_neuron,Neuroblast_AWC_SAAVx,295.0,270-330,ABpxpaaaaa
CTCGGGACAGGTTTCA-500.1.2,,RIV,380.0,330-390,ABpxpaapaaa
CTGAAGTAGATAGGAG-500.1.2,Excretory_gland,,410.0,390-450,ABpxpapapaa
CTGCGGACATATACCG-500.1.2,,SIA,365.0,330-390,ABpxpapaapa/ABpxpapappa
CTGCTGTTCGGAGCAA-500.1.2,Ciliated_amphid_neuron,AWC,490.0,450-510,ABpxpaaaaap
CTGCTGTTCTTGTACT-500.1.2,Excretory_gland,,490.0,450-510,ABpxpapapaa
CTGGTCTCAAACAACA-500.1.2,,AVK,410.0,390-450,ABpxpapapap
CTGTGCTAGGGAACGG-500.1.2,,,210.0,210-270,ABpxppppp
GAACCTAAGGACAGCT-500.1.2,,RIC,420.0,390-450,ABpxppaaaapp
GACAGAGTCAGCTCTC-500.1.2,,SIB,395.0,390-450,ABpxpapaapp/ABpxppaaaaa
GACCAATTCAGAAATG-500.1.2,,AVB,360.0,330-390,ABpxpaapaap
GACCTGGAGATGCCTT-500.1.2,,,300.0,270-330,ABpxpppppa
GACCTGGTCCCTAACC-500.1.2,,AIM,360.0,330-390,ABpxpaapppa
GAGTCCGAGGTGATAT-500.1.2,Ciliated_non_amphid_neuron,,270.0,270-330,ABpxpaaapp
GATCAGTCAGCTGCAC-500.1.2,Ciliated_amphid_neuron,ASH,440.0,390-450,ABpxpaappaa
GATCGTATCACCATAG-500.1.2,,SIB,395.0,390-450,ABpxpapaapp/ABpxppaaaaa
GATGAGGGTCATGCCG-500.1.2,,AIM,360.0,330-390,ABpxpaapppa
GATTCAGGTACTTCTT-500.1.2,,PVP,370.0,330-390,ABpxppppaaa
GCATGCGCAATGGTCT-500.1.2,,Neuroblast_PVC_LUA,340.0,330-390,ABpxpppaapa
GCGACCACATTGGTAC-500.1.2,Excretory_gland,,415.0,390-450,ABpxpapapaa
GCGACCATCGGACAAG-500.1.2,,SIA,345.0,330-390,ABpxpapaapa/ABpxpapappa
GCGCAGTCACCAGGCT-500.1.2,Ciliated_amphid_neuron,AWC,380.0,330-390,ABpxpaaaaap
GCTCTGTTCAACACCA-500.1.2,,DB,300.0,270-330,ABpxpppaaa
GCTGCAGAGATCGATA-500.1.2,,AVK,420.0,390-450,ABpxpapapap
GGACAGAGTACGCTGC-500.1.2,Excretory_gland,,415.0,390-450,ABpxpapapaa
GGAGCAAGTACTTAGC-500.1.2,,PVP,450.0,450-510,ABpxppppaaa
GGGAATGCAAGAAGAG-500.1.2,,SIA,400.0,390-450,ABpxpapaapa/ABpxpapappa
GGTGAAGAGTGGACGT-500.1.2,,,245.0,210-270,ABpxppaaaa
GGTGTTAAGGCATGTG-500.1.2,,SIA,375.0,330-390,ABpxpapaapa/ABpxpapappa
GTAGTCAAGATGAGAG-500.1.2,Excretory_gland,,470.0,450-510,ABpxpapapaa
GTAGTCAAGTGACATA-500.1.2,Ciliated_amphid_neuron,AWC,410.0,390-450,ABpxpaaaaap
GTATCTTAGCTAACTC-500.1.2,,SIB,410.0,390-450,ABpxpapaapp/ABpxppaaaaa
GTCATTTAGTGTCTCA-500.1.2,,PVP,350.0,330-390,ABpxppppaaa
GTGCAGCCACTTCTGC-500.1.2,Ciliated_amphid_neuron,AWC,420.0,390-450,ABpxpaaaaap
GTTAAGCAGTTGAGTA-500.1.2,,AIM,355.0,330-390,ABpxpaapppa
GTTCATTGTCTCCACT-500.1.2,,RIM,415.0,390-450,ABpxppaapap
TACAGTGTCGGTTCGG-500.1.2,Excretory_gland,,450.0,450-510,ABpxpapapaa
TACCTTAAGGAGTTTA-500.1.2,,RIC_parent,350.0,330-390,ABpxppaaaap
TACTCATAGTCAAGCG-500.1.2,Ciliated_amphid_neuron,AWC,350.0,330-390,ABpxpaaaaap
TACTTGTCAAGAGTCG-500.1.2,,AVK,490.0,450-510,ABpxpapapap
TACTTGTTCGCCGTGA-500.1.2,Ciliated_amphid_neuron,AWC,470.0,450-510,ABpxpaaaaap
TAGGCATCATCACCCT-500.1.2,,AVB,375.0,330-390,ABpxpaapaap
TATCTCATCCAAACTG-500.1.2,,AVB,400.0,390-450,ABpxpaapaap
TCAATCTAGATGTTAG-500.1.2,Ciliated_amphid_neuron,AWC,380.0,330-390,ABpxpaaaaap
TCAGCAAAGAGCCCAA-500.1.2,,SIA,380.0,330-390,ABpxpapaapa/ABpxpapappa
TCAGCAATCTGGTATG-500.1.2,,RIC_parent,335.0,330-390,ABpxppaaaap
TCCACACGTCGAGTTT-500.1.2,,AVK,500.0,450-510,ABpxpapapap
TCCCGATCATCAGTCA-500.1.2,Ciliated_amphid_neuron,ASH,500.0,450-510,ABpxpaappaa
TCGAGGCGTTTGTTGG-500.1.2,Excretory_gland,,490.0,450-510,ABpxpapapaa
TCGGGACTCGTCTGAA-500.1.2,,SIA,405.0,390-450,ABpxpapaapa/ABpxpapappa
TCTCTAAGTGAGGCTA-500.1.2,,PVP,350.0,330-390,ABpxppppaaa
TCTTTCCCATGTCTCC-500.1.2,,SIA,355.0,330-390,ABpxpapaapa/ABpxpapappa
TGAGAGGTCTTGACGA-500.1.2,,SIA,375.0,330-390,ABpxpapaapa/ABpxpapappa
TGAGCATTCTTAGAGC-500.1.2,,,300.0,270-330,ABpxpppppa
TGAGGGAAGAATTCCC-500.1.2,Ciliated_amphid_neuron,AWC,450.0,450-510,ABpxpaaaaap
TGCACCTCATATACCG-500.1.2,,RIV,380.0,330-390,ABpxpaapaaa
TGCACCTTCAGCTCGG-500.1.2,,AVB,405.0,390-450,ABpxpaapaap
TGCCAAATCAGTTAGC-500.1.2,,SIA,365.0,330-390,ABpxpapaapa/ABpxpapappa
TGCCCATGTATTCTCT-500.1.2,,AIM,360.0,330-390,ABpxpaapppa
TGCGTGGTCCGTAGTA-500.1.2,,PVP,360.0,330-390,ABpxppppaaa
TGCTGCTCAGTATGCT-500.1.2,,AVB,385.0,330-390,ABpxpaapaap
TGGCTGGAGATGCCAG-500.1.2,Ciliated_amphid_neuron,AWC,395.0,390-450,ABpxpaaaaap
TGTATTCAGTATCGAA-500.1.2,Ciliated_amphid_neuron,AWC,470.0,450-510,ABpxpaaaaap
TGTCCCAGTTACAGAA-500.1.2,,RIC_parent,345.0,330-390,ABpxppaaaap
TGTTCCGCACTCTGTC-500.1.2,,AVK,375.0,330-390,ABpxpapapap
TTAGGACAGCAGCCTC-500.1.2,,SIB,395.0,390-450,ABpxpapaapp/ABpxppaaaaa
TTAGGACCATGGTCTA-500.1.2,Excretory_gland,,420.0,390-450,ABpxpapapaa
TTAGGACTCTTTACAC-500.1.2,,RIB,400.0,390-450,ABpxpaappap
TTCGAAGCACCGATAT-500.1.2,,SIA,385.0,330-390,ABpxpapaapa/ABpxpapappa
TTCTACAAGTTTCCTT-500.1.2,Glia,AMso,450.0,450-510,ABpxpaapapa
TTCTCAACACAGACAG-500.1.2,Ciliated_amphid_neuron,AWC,425.0,390-450,ABpxpaaaaap
TTCTCAAGTACCGCTG-500.1.2,,RIM,415.0,390-450,ABpxppaapap
TTCTCAAGTAGAGTGC-500.1.2,,RIB,415.0,390-450,ABpxpaappap
AACTCAGTCGTCGTTC-500.1.3,,RIM,390.0,390-450,ABpxppaapap
ACGCCGACAGACAAGC-500.1.3,,AVB,405.0,390-450,ABpxpaapaap
ACTTACTTCCGTAGGC-500.1.3,Excretory_gland,,440.0,390-450,ABpxpapapaa
ACTTGTTAGGAGCGAG-500.1.3,,PVP,355.0,330-390,ABpxppppaaa
AGCGTATCAGAGTGTG-500.1.3,,Neuroblast_PVC_LUA,325.0,270-330,ABpxpppaapa
CAAGATCGTGTCGCTG-500.1.3,,AVB,370.0,330-390,ABpxpaapaap
CAAGGCCCACCGAATT-500.1.3,,PVP,350.0,330-390,ABpxppppaaa
CACACTCAGGACTGGT-500.1.3,,RIV,380.0,330-390,ABpxpaapaaa
CAGAATCCAGACTCGC-500.1.3,Ciliated_amphid_neuron,ASH,375.0,330-390,ABpxpaappaa
CAGTAACTCATCGCTC-500.1.3,,AVK,470.0,450-510,ABpxpapapap
CATCGAAGTTCCGTCT-500.1.3,,,260.0,210-270,ABpxpppaap
CATCGGGAGACAAGCC-500.1.3,,RIB,385.0,330-390,ABpxpaappap
CCCAGTTGTACGCACC-500.1.3,,RIC_parent,355.0,330-390,ABpxppaaaap
CCGGTAGCACCCAGTG-500.1.3,,AIM,355.0,330-390,ABpxpaapppa
CCTTACGAGATGGCGT-500.1.3,,AVK,500.0,450-510,ABpxpapapap
CGCTATCTCAGGCCCA-500.1.3,,AVB,370.0,330-390,ABpxpaapaap
CGGCTAGAGCTGATAA-500.1.3,,RIC,385.0,330-390,ABpxppaaaapp
CGGCTAGCATGCGCAC-500.1.3,Ciliated_amphid_neuron,AWC,490.0,450-510,ABpxpaaaaap
CGTGTCTGTAAATACG-500.1.3,,SIA,350.0,330-390,ABpxpapaapa/ABpxpapappa
GAACCTATCTAAGCCA-500.1.3,,PVP,470.0,450-510,ABpxppppaaa
GACAGAGAGGCATGGT-500.1.3,Ciliated_amphid_neuron,AWC,410.0,390-450,ABpxpaaaaap
GACGGCTCAGCCTTTC-500.1.3,,,300.0,270-330,ABpxppapap
GACGTTACACGGCCAT-500.1.3,Ciliated_amphid_neuron,AWC,415.0,390-450,ABpxpaaaaap
GCGACCAAGAGACTAT-500.1.3,Excretory_gland,,470.0,450-510,ABpxpapapaa
GGAGCAAGTTTAAGCC-500.1.3,,Neuroblast_PVC_LUA,340.0,330-390,ABpxpppaapa
GGCAATTAGTTGTAGA-500.1.3,Ciliated_amphid_neuron,AWC,410.0,390-450,ABpxpaaaaap
GGGTCTGTCTACTCAT-500.1.3,,PVP,450.0,450-510,ABpxppppaaa
GTAGGCCAGCACCGTC-500.1.3,Ciliated_amphid_neuron,ASH,435.0,390-450,ABpxpaappaa
GTTCATTCAGCTGTGC-500.1.3,Excretory_gland,,450.0,450-510,ABpxpapapaa
TACACGAAGCTAGTTC-500.1.3,,RIM,490.0,450-510,ABpxppaapap
TACGGATAGAACAACT-500.1.3,,RIV,385.0,330-390,ABpxpaapaaa
TAGCCGGCAGCTGTGC-500.1.3,,SIA,405.0,390-450,ABpxpapaapa/ABpxpapappa
TAGGCATCAATCAGAA-500.1.3,,SIA,395.0,390-450,ABpxpapaapa/ABpxpapappa
TAGTGGTGTGCCTTGG-500.1.3,Excretory_gland,,440.0,390-450,ABpxpapapaa
TCGCGTTAGACTTTCG-500.1.3,,Neuroblast_PVC_LUA,340.0,330-390,ABpxpppaapa
TCGCGTTTCAAACCGT-500.1.3,,RIC_parent,300.0,270-330,ABpxppaaaap
TCGTAGATCTTGACGA-500.1.3,,RIV,385.0,330-390,ABpxpaapaaa
TCTGGAAGTCGAAAGC-500.1.3,Ciliated_amphid_neuron,ASH,390.0,390-450,ABpxpaappaa
TGCTGCTTCCTTTCGG-500.1.3,,RIC_parent,350.0,330-390,ABpxppaaaap
TGGCGCAAGATGGCGT-500.1.3,,RIC_parent,335.0,330-390,ABpxppaaaap
TGGCTGGAGTGTACGG-500.1.3,,RIM,420.0,390-450,ABpxppaapap
TGTATTCAGGCTCAGA-500.1.3,,RIB,395.0,390-450,ABpxpaappap
TGTCCCAAGGGTTTCT-500.1.3,Glia,AMso,410.0,390-450,ABpxpaapapa
TTAGGCACATCTCGCT-500.1.3,,SIA,360.0,330-390,ABpxpapaapa/ABpxpapappa
TTCGAAGCATGGTAGG-500.1.3,Glia,AMso,410.0,390-450,ABpxpaapapa
AAAGATGAGCGCTCCA-500.2.1,,AVB,390.0,390-450,ABpxpaapaap
ACACTGATCCCTAATT-500.2.1,,Neuroblast_PVC_LUA,340.0,330-390,ABpxpppaapa
ACCAGTACAGTTAACC-500.2.1,Ciliated_amphid_neuron,ASH,410.0,390-450,ABpxpaappaa
AGATCTGAGTCTTGCA-500.2.1,Ciliated_amphid_neuron,ASH,375.0,330-390,ABpxpaappaa
AGCTCCTTCGGAGGTA-500.2.1,,RIC_parent,340.0,330-390,ABpxppaaaap
ATTGGACAGCTGCCCA-500.2.1,,DD,345.0,330-390,ABpxppappp
CAACCTCGTCGCGTGT-500.2.1,,RIC_parent,325.0,270-330,ABpxppaaaap
CAAGATCTCTCATTCA-500.2.1,,RIB,490.0,450-510,ABpxpaappap
CACAGGCGTCGAGATG-500.2.1,Ciliated_amphid_neuron,ASH,490.0,450-510,ABpxpaappaa
CAGAATCCATCACAAC-500.2.1,Excretory_gland,,490.0,450-510,ABpxpapapaa
CAGATCACATCGATGT-500.2.1,Ciliated_amphid_neuron,AWC,490.0,450-510,ABpxpaaaaap
CATATGGGTCTGATTG-500.2.1,Excretory_gland,,490.0,450-510,ABpxpapapaa
CATCCACAGTGGGTTG-500.2.1,,AVK,500.0,450-510,ABpxpapapap
CCAGCGAGTACACCGC-500.2.1,,RIC,370.0,330-390,ABpxppaaaapp
CCTACACGTAAGGGCT-500.2.1,,AVB,355.0,330-390,ABpxpaapaap
CCTCAGTAGGGCATGT-500.2.1,,,330.0,330-390,ABpxppppap
CCTTTCTAGCACCGCT-500.2.1,Glia,AMso,330.0,330-390,ABpxpaapapa
CGATGGCAGAGCCTAG-500.2.1,Glia,AMso,490.0,450-510,ABpxpaapapa
CGCTGGAGTAGAAGGA-500.2.1,Ciliated_amphid_neuron,AWC,450.0,450-510,ABpxpaaaaap
CGTCTACGTAGAAAGG-500.2.1,,AIY,490.0,450-510,ABpxpapaaap
CTGCCTACAACTGCGC-500.2.1,,RIC_parent,335.0,330-390,ABpxppaaaap
CTGCCTATCTTTCCTC-500.2.1,,,245.0,210-270,ABpxpaapap
CTGCGGACACAGAGGT-500.2.1,Glia,AMso,490.0,450-510,ABpxpaapapa
GACAGAGAGCCGGTAA-500.2.1,Ciliated_amphid_neuron,AWC,450.0,450-510,ABpxpaaaaap
GATCAGTCAACACCTA-500.2.1,Ciliated_amphid_neuron,AWC,410.0,390-450,ABpxpaaaaap
GCAATCATCCCTCAGT-500.2.1,,AVK,470.0,450-510,ABpxpapapap
GCAGCCACAAGAGTCG-500.2.1,,,360.0,330-390,ABpxppappp
GCATACATCTTGTATC-500.2.1,Glia,AMso,490.0,450-510,ABpxpaapapa
GGACAAGCACCTCGTT-500.2.1,,DD,370.0,330-390,ABpxppappp
GGAGCAACAGACGCCT-500.2.1,Glia,AMso,355.0,330-390,ABpxpaapapa
GGCGTGTTCTGCTTGC-500.2.1,Ciliated_amphid_neuron,AWC,470.0,450-510,ABpxpaaaaap
GGTGTTACACAGGAGT-500.2.1,,AVB,395.0,390-450,ABpxpaapaap
GGTGTTAGTGCACGAA-500.2.1,Ciliated_amphid_neuron,ASH,410.0,390-450,ABpxpaappaa
GTAACGTCAGCCTTTC-500.2.1,Ciliated_amphid_neuron,AWC,450.0,450-510,ABpxpaaaaap
GTAGGCCTCCCGACTT-500.2.1,Glia,AMso,410.0,390-450,ABpxpaapapa
TACGGTATCATGCAAC-500.2.1,,AVK,490.0,450-510,ABpxpapapap
TACTCGCAGGAATCGC-500.2.1,Ciliated_amphid_neuron,AWC,450.0,450-510,ABpxpaaaaap
TCAACGATCCTCAACC-500.2.1,Excretory_gland,,470.0,450-510,ABpxpapapaa
TCAGGTAAGGTGTGGT-500.2.1,,AVK,455.0,450-510,ABpxpapapap
TCTATTGAGGAGCGAG-500.2.1,Excretory_gland,,400.0,390-450,ABpxpapapaa
TGACGGCAGGTTCCTA-500.2.1,Ciliated_amphid_neuron,AWC,450.0,450-510,ABpxpaaaaap
TGCTGCTCACATGGGA-500.2.1,,AVK,455.0,450-510,ABpxpapapap
TGGACGCCATTGCGGC-500.2.1,Ciliated_amphid_neuron,ASH,440.0,390-450,ABpxpaappaa
TGTTCCGAGCTAGTCT-500.2.1,,RIM,405.0,390-450,ABpxppaapap
TTGAACGGTCACCCAG-500.2.1,Ciliated_amphid_neuron,AWC,405.0,390-450,ABpxpaaaaap
TTTCCTCGTCCGAGTC-500.2.1,,RIM,390.0,390-450,ABpxppaapap
AAACGGGCAGCTTCGG-500.2.2,,AVK,470.0,450-510,ABpxpapapap
AAAGTAGAGCTAGTTC-500.2.2,,Neuroblast_PVC_LUA,340.0,330-390,ABpxpppaapa
AACTGGTGTAGCGTAG-500.2.2,,AVK,450.0,450-510,ABpxpapapap
AAGGCAGGTTCGTTGA-500.2.2,,SIB,350.0,330-390,ABpxpapaapp/ABpxppaaaaa
ACGCCGAGTCTGATTG-500.2.2,,RIC_parent,340.0,330-390,ABpxppaaaap
AGAGTGGGTCCAGTGC-500.2.2,,AVK,435.0,390-450,ABpxpapapap
AGCAGCCCATGTAGTC-500.2.2,Excretory_gland,,390.0,390-450,ABpxpapapaa
AGCTCTCTCGCGATCG-500.2.2,,AVK,420.0,390-450,ABpxpapapap
AGGTCATTCAACACCA-500.2.2,Excretory_gland,,450.0,450-510,ABpxpapapaa
AGTAGTCGTACCGTAT-500.2.2,Excretory_gland,,450.0,450-510,ABpxpapapaa
AGTAGTCGTCTTGATG-500.2.2,Excretory_gland,,420.0,390-450,ABpxpapapaa
AGTTGGTCAGTACACT-500.2.2,,Neuroblast_PVC_LUA,340.0,330-390,ABpxpppaapa
ATCTACTCATCTACGA-500.2.2,,AVK,410.0,390-450,ABpxpapapap
ATTGGACAGTTCCACA-500.2.2,,RIM,450.0,450-510,ABpxppaapap
CACAGTAGTGCACGAA-500.2.2,,SIA,395.0,390-450,ABpxpapaapa/ABpxpapappa
CACAGTATCAACGGGA-500.2.2,,AVB,395.0,390-450,ABpxpaapaap
CAGAGAGCATCGGGTC-500.2.2,,SIA,370.0,330-390,ABpxpapaapa/ABpxpapappa
CAGATCAAGATGTGTA-500.2.2,,RIC_parent,345.0,330-390,ABpxppaaaap
CAGCAGCCACGCTTTC-500.2.2,Ciliated_amphid_neuron,ASH,490.0,450-510,ABpxpaappaa
CAGCTAATCCAATGGT-500.2.2,,SIA,450.0,450-510,ABpxpapaapa/ABpxpapappa
CCACCTATCTCTTGAT-500.2.2,Excretory_gland,,410.0,390-450,ABpxpapapaa
CCGGTAGTCACGAAGG-500.2.2,,RIB,490.0,450-510,ABpxpaappap
CCTAAAGAGATCGATA-500.2.2,,AVK,500.0,450-510,ABpxpapapap
CCTAAAGTCAAAGTAG-500.2.2,Glia,AMso,410.0,390-450,ABpxpaapapa
CCTACCATCTTTACGT-500.2.2,,PVP,450.0,450-510,ABpxppppaaa
CGAATGTTCATGTGGT-500.2.2,Ciliated_amphid_neuron,AWC,490.0,450-510,ABpxpaaaaap
CGACTTCAGAAGAAGC-500.2.2,Ciliated_amphid_neuron,ASH,500.0,450-510,ABpxpaappaa
CGCGGTAGTAAAGGAG-500.2.2,,DD,355.0,330-390,ABpxppappp
CGCGTTTAGTACGCCC-500.2.2,,SIA,380.0,330-390,ABpxpapaapa/ABpxpapappa
CGCTTCACAACTGCTA-500.2.2,Ciliated_amphid_neuron,ASH,450.0,450-510,ABpxpaappaa
CGGACTGAGGTTCCTA-500.2.2,Ciliated_amphid_neuron,AWC,420.0,390-450,ABpxpaaaaap
CGGCTAGAGACTAGAT-500.2.2,,AVK,500.0,450-510,ABpxpapapap
CGGCTAGCATGCTAGT-500.2.2,,RIC,390.0,390-450,ABpxppaaaapp
CGGGTCAAGCGTTTAC-500.2.2,,SIB,395.0,390-450,ABpxpapaapp/ABpxppaaaaa
CGTCAGGTCCATGAGT-500.2.2,,AVK,490.0,450-510,ABpxpapapap
CGTTCTGTCCGAATGT-500.2.2,,AVB,405.0,390-450,ABpxpaapaap
CTAAGACCAAGGTTCT-500.2.2,,AVK,460.0,450-510,ABpxpapapap
CTGATAGTCACATAGC-500.2.2,,AVK,410.0,390-450,ABpxpapapap
CTGGTCTGTACGCACC-500.2.2,,SIA,380.0,330-390,ABpxpapaapa/ABpxpapappa
CTTAGGAGTGCACCAC-500.2.2,,,300.0,270-330,ABpxppappa
CTTTGCGTCCGTAGGC-500.2.2,Ciliated_amphid_neuron,AWC,395.0,390-450,ABpxpaaaaap
GAATGAACAACACGCC-500.2.2,Glia,AMso,490.0,450-510,ABpxpaapapa
GACCTGGCACGGTTTA-500.2.2,Ciliated_amphid_neuron,AWC,365.0,330-390,ABpxpaaaaap
GACCTGGTCTCTGAGA-500.2.2,,AVK,455.0,450-510,ABpxpapapap
GACGTTATCTCCTATA-500.2.2,,AVK,490.0,450-510,ABpxpapapap
GACTGCGGTACTCGCG-500.2.2,Excretory_gland,,500.0,450-510,ABpxpapapaa
GACTGCGTCCGCAGTG-500.2.2,Glia,AMso,490.0,450-510,ABpxpaapapa
GATCGATCAGGCTCAC-500.2.2,Excretory_duct_and_pore,,450.0,450-510,ABpxpaaaapa
GATGAAATCGCGATCG-500.2.2,Ciliated_amphid_neuron,AWC,385.0,330-390,ABpxpaaaaap
GCATGATTCAACACCA-500.2.2,Excretory_gland,,390.0,390-450,ABpxpapapaa
GCATGCGCAGCTATTG-500.2.2,Excretory_gland,,390.0,390-450,ABpxpapapaa
GGACATTTCATGCAAC-500.2.2,,SIA,380.0,330-390,ABpxpapaapa/ABpxpapappa
GGAGCAAAGATGTGGC-500.2.2,Ciliated_amphid_neuron,AWC,450.0,450-510,ABpxpaaaaap
GGAGCAACAGCTATTG-500.2.2,,AVK,490.0,450-510,ABpxpapapap
GGCGACTGTAGGCATG-500.2.2,Ciliated_amphid_neuron,AWC,500.0,450-510,ABpxpaaaaap
GTACGTACAGTAAGAT-500.2.2,,RIC_parent,360.0,330-390,ABpxppaaaap
GTCAAGTAGATGCCAG-500.2.2,,RIC_parent,345.0,330-390,ABpxppaaaap
GTCGTAAAGTAGCCGA-500.2.2,Ciliated_amphid_neuron,ASH,490.0,450-510,ABpxpaappaa
GTGCATATCGGTCCGA-500.2.2,,AVK,440.0,390-450,ABpxpapapap
GTTCATTGTCTCTTTA-500.2.2,Ciliated_amphid_neuron,AWC,395.0,390-450,ABpxpaaaaap
GTTTCTAAGCTGATAA-500.2.2,,,490.0,450-510,ABpxppapaa
TAGACCAAGACAAGCC-500.2.2,,RIM,480.0,450-510,ABpxppaapap
TAGTGGTAGTGGGTTG-500.2.2,,RIM,450.0,450-510,ABpxppaapap
TCACAAGAGGAATCGC-500.2.2,,AVB,390.0,390-450,ABpxpaapaap
TCACGAACAGGGATTG-500.2.2,,SIA,395.0,390-450,ABpxpapaapa/ABpxpapappa
TCACGAATCAAGCCTA-500.2.2,,PVP,500.0,450-510,ABpxppppaaa
TCAGATGAGCTCCTTC-500.2.2,Ciliated_amphid_neuron,AWC,415.0,390-450,ABpxpaaaaap
TCAGGTAGTCCAACTA-500.2.2,,DA,380.0,330-390,ABpxppapap
TCATTACCAGACGTAG-500.2.2,,SIA,375.0,330-390,ABpxpapaapa/ABpxpapappa
TCGAGGCAGACTACAA-500.2.2,Ciliated_amphid_neuron,AWC,420.0,390-450,ABpxpaaaaap
TCGAGGCTCGCGGATC-500.2.2,,AVK,470.0,450-510,ABpxpapapap
TCTTCGGTCCATTCTA-500.2.2,Excretory_gland,,450.0,450-510,ABpxpapapaa
TGATTTCAGAGAGCTC-500.2.2,,AVB,420.0,390-450,ABpxpaapaap
TGTGTTTTCTGCCCTA-500.2.2,Excretory_gland,,500.0,450-510,ABpxpapapaa
TGTTCCGTCTACTTAC-500.2.2,Ciliated_amphid_neuron,ASH,380.0,330-390,ABpxpaappaa
TTCTCCTCACTTCGAA-500.2.2,,Neuroblast_PVC_LUA,325.0,270-330,ABpxpppaapa
AAACCTGTCAAACCGT-r17,,,295.0,270-330,ABpxppaapp
AAACGGGCAGCTTCGG-r17,,RIB,490.0,450-510,ABpxpaappap
AAACGGGTCTTGCCGT-r17,,,300.0,270-330,ABpxppapaa
AAAGATGAGTTTCCTT-r17,,,270.0,270-330,ABpxpapaaa
AAAGATGCACTCTGTC-r17,,RIM_parent,300.0,270-330,ABpxppaapa
AAAGCAACAAGTCTAC-r17,Ciliated_amphid_neuron,ASH,380.0,330-390,ABpxpaappaa
AAAGCAAGTACTCGCG-r17,,,145.0,130-170,ABpxpaaa
AAAGCAAGTGTTCGAT-r17,,RIC,375.0,330-390,ABpxppaaaapp
AAATGCCCATGCATGT-r17,,,190.0,170-210,ABpxpapa
AAATGCCGTGCAGACA-r17,Ciliated_amphid_neuron,Parents_of_PHsh_hyp8_hyp9,245.0,210-270,ABpxpppapa
AAATGCCTCTCTGAGA-r17,Ciliated_amphid_neuron,,215.0,210-270,ABpxpaaap
AACACGTGTCTTGATG-r17,Ciliated_amphid_neuron,AWC,410.0,390-450,ABpxpaaaaap
AACACGTTCAAAGACA-r17,,AIM,395.0,390-450,ABpxpaapppa
AACACGTTCTTACCTA-r17,,,260.0,210-270,ABpxppaapp
AACCATGAGCATCATC-r17,,,170.0,170-210,ABpxpppa
AACCATGCACAGATTC-r17,,,205.0,170-210,ABpxppap
AACCATGCATCACGAT-r17,,,120.0,100-130,ABpxpppap
AACCATGTCATTGCCC-r17,Ciliated_amphid_neuron,AWC,365.0,330-390,ABpxpaaaaap
AACCGCGAGTTTGCGT-r17,,Parents_of_PHsh_hyp8_hyp9,270.0,270-330,ABpxpppapa
AACGTTGAGCTGGAAC-r17,,,300.0,270-330,ABpxppappa
AACGTTGCAGCTCCGA-r17,,,290.0,270-330,ABpxpapapp
AACGTTGCAGGTCTCG-r17,Excretory_gland,,350.0,330-390,ABpxpapapaa
AACGTTGGTCGGGTCT-r17,,,300.0,270-330,ABpxpapaaa
AACGTTGGTTGTTTGG-r17,Parent_of_exc_duct_pore_DB_1_3,,270.0,270-330,ABpxpaaaap
AACTCAGAGCGATCCC-r17,,,295.0,270-330,ABpxpapapp
AACTCAGAGTGTACCT-r17,Ciliated_amphid_neuron,,225.0,210-270,ABpxpaaapa
AACTCAGGTTGGTAAA-r17,Ciliated_amphid_neuron,,260.0,210-270,ABpxpaaaa
AACTCAGTCACAATGC-r17,,,260.0,210-270,ABpxpapaa
AACTCCCAGGACACCA-r17,Excretory_gland,,470.0,450-510,ABpxpapapaa
AACTCTTAGCCCAATT-r17,Ciliated_amphid_neuron,,205.0,170-210,ABpxpaap
AACTCTTCACGTTGGC-r17,,Neuroblast_PVC_LUA,320.0,270-330,ABpxpppaapa
AACTCTTGTCTAGGTT-r17,,,260.0,210-270,ABpxppppap
AACTGGTAGTCCATAC-r17,,,210.0,210-270,ABpxppaap
AACTGGTGTAAATACG-r17,,AVK,500.0,450-510,ABpxpapapap
AACTGGTTCTCAAGTG-r17,,,180.0,170-210,ABpxpaaaa
AACTTTCCACGTCTCT-r17,,,190.0,170-210,ABpxppaaa
AACTTTCCATCCCACT-r17,,,230.0,210-270,ABpxppaapp
AACTTTCTCTCGTATT-r17,,,300.0,270-330,ABpxppapap
AAGACCTAGGCGATAC-r17,,,300.0,270-330,ABpxpapaaa
AAGACCTGTCAACATC-r17,,RIM_parent,300.0,270-330,ABpxppaapa
AAGCCGCAGGCCGAAT-r17,,,205.0,170-210,ABpxppaaa
AAGCCGCCACGTGAGA-r17,Ciliated_non_amphid_neuron,,300.0,270-330,ABpxpppp
AAGCCGCGTCAGATAA-r17,Ciliated_non_amphid_neuron,,200.0,170-210,ABpxpaaa
AAGGAGCGTCTGGAGA-r17,,,200.0,170-210,ABpxppaaa
AAGGAGCTCACTCCTG-r17,,,170.0,170-210,ABpxpppa
AAGGTTCAGGTTACCT-r17,Parent_of_exc_gland_AVK,,290.0,270-330,ABpxpapapa
AAGTCTGAGAACAACT-r17,,,200.0,170-210,ABpxpaappp
AAGTCTGAGAGCTGCA-r17,,,240.0,210-270,ABpxppppap
AATCCAGAGTAGATGT-r17,,,195.0,170-210,ABpxpaaa
AATCCAGCATACTCTT-r17,,,210.0,210-270,ABpxpppap
AATCCAGTCGGTTAAC-r17,,,130.0,130-170,ABpxppap
AATCGGTCACAAGTAA-r17,Ciliated_amphid_neuron,ASH,380.0,330-390,ABpxpaappaa
AATCGGTCACTGTCGG-r17,,,195.0,170-210,ABpxppap
AATCGGTGTGGCGAAT-r17,,,130.0,130-170,ABpxpaa
ACACCAAGTATAGTAG-r17,,,185.0,170-210,ABpxpaapa
ACACCGGGTTGATTCG-r17,,SIA,370.0,330-390,ABpxpapaapa/ABpxpapappa
ACACCGGTCCTAAGTG-r17,,,230.0,210-270,ABpxpapaa
ACACCGGTCTACTATC-r17,,RIC_parent,335.0,330-390,ABpxppaaaap
ACAGCCGAGACCCACC-r17,,,125.0,100-130,ABpxppp
ACAGCCGAGAGTGAGA-r17,Ciliated_amphid_neuron,ASH,490.0,450-510,ABpxpaappaa
ACAGCTACAGGCAGTA-r17,,,270.0,270-330,ABpxpapaap
ACATACGTCGTAGGTT-r17,,,260.0,210-270,ABpxppapaa
ACATCAGAGAGGACGG-r17,,,200.0,170-210,ABpxppppp
ACATCAGTCCAAACAC-r17,,,130.0,130-170,ABpxpppp
ACATCAGTCCAGGGCT-r17,,,260.0,210-270,ABpxpaapaa
ACATCAGTCGCTGATA-r17,,,210.0,210-270,ABpxpaapaa
ACCAGTACATGGATGG-r17,,,130.0,130-170,ABpxpapa
ACCAGTAGTGATGTGG-r17,,AVB,385.0,330-390,ABpxpaapaap
ACCGTAATCGCGCCAA-r17,,,170.0,170-210,ABpxppap
ACGAGCCCATCAGTAC-r17,,,200.0,170-210,ABpxppappp
ACGATACTCCGTCAAA-r17,,,230.0,210-270,ABpxpapapa
ACGATGTCACATCCAA-r17,,,260.0,210-270,ABpxppaaa
ACGCAGCTCTCTGAGA-r17,,,200.0,170-210,ABpxppp
ACGCCAGCATCGGAAG-r17,,,300.0,270-330,ABpxpaappp
ACGCCAGTCTGCTTGC-r17,,,220.0,210-270,ABpxppaap
ACGCCGACATACAGCT-r17,Ciliated_amphid_neuron,,260.0,210-270,ABpxpaapa
ACGGAGAAGTCGTACT-r17,,,120.0,100-130,ABpxpp
ACGGAGACAATCCAAC-r17,,,180.0,170-210,ABpxppppp
ACGGCCAAGATCTGCT-r17,,,260.0,210-270,ABpxpppaap
ACGGCCAGTAAACACA-r17,,,130.0,130-170,ABpxpapa
ACGGCCATCTGAAAGA-r17,,,200.0,170-210,ABpxppppp
ACGGGCTTCTCTTATG-r17,,,130.0,130-170,ABpxpap
ACGGGTCAGAGTACAT-r17,,,200.0,170-210,ABpxpapap
ACGGGTCCAGCGTCCA-r17,,,285.0,270-330,ABpxpaapaa
ACGGGTCCATCGTCGG-r17,,,160.0,130-170,ABpxpaap
ACGGGTCTCCTAGGGC-r17,,,300.0,270-330,ABpxppaa
ACGGGTCTCGGAAACG-r17,,,300.0,270-330,ABpxppappa
ACGTCAAAGATGGGTC-r17,,,180.0,170-210,ABpxppppp
ACGTCAAAGTTAACGA-r17,,,275.0,270-330,ABpxpapapp
ACGTCAACAATAGCAA-r17,,,200.0,170-210,ABpxppapp
ACTATCTAGGCCGAAT-r17,Ciliated_non_amphid_neuron,,260.0,210-270,ABpxpaaapp
ACTATCTAGTCGTTTG-r17,,,285.0,270-330,ABpxpapaaa
ACTATCTTCGATGAGG-r17,,,200.0,170-210,ABpxpaaap
ACTATCTTCGGAGCAA-r17,,,260.0,210-270,ABpxpaapap
ACTGAACAGGCGCTCT-r17,,,170.0,170-210,ABpxpppap
ACTGAGTCAGAGCCAA-r17,Ciliated_non_amphid_neuron,,260.0,210-270,ABpxpaaapp
ACTGAGTCATTATCTC-r17,,AIM,370.0,330-390,ABpxpaapppa
ACTGAGTGTCAGAGGT-r17,,RIV,360.0,330-390,ABpxpaapaaa
ACTGAGTGTTCCAACA-r17,,,120.0,100-130,ABpxpp
ACTGAGTTCGTCTGCT-r17,,,155.0,130-170,ABpxppapp
ACTGAGTTCTTACCGC-r17,Ciliated_amphid_neuron,,260.0,210-270,ABpxpaaa
ACTGATGCAAGGCTCC-r17,,,170.0,170-210,ABpxppapp
ACTGATGCATCCTTGC-r17,,,300.0,270-330,ABpxpapaaa
ACTGATGGTCACCCAG-r17,,,185.0,170-210,ABpxppppa
ACTGATGTCATATCGG-r17,,AIM,385.0,330-390,ABpxpaapppa
ACTGATGTCCTTCAAT-r17,Ciliated_non_amphid_neuron,,270.0,270-330,ABpxppaapp
ACTGCTCAGATCTGCT-r17,,,270.0,270-330,ABpxpaapaa
ACTGTCCTCAAGGCTT-r17,Ciliated_amphid_neuron,,265.0,210-270,ABpxpaaapa
ACTGTCCTCCGAGCCA-r17,,,270.0,270-330,ABpxpapapp
ACTTACTAGGTGGGTT-r17,,,290.0,270-330,ABpxpppaaa
ACTTACTAGTGTACCT-r17,,,170.0,170-210,ABpxpaaa
ACTTACTCATGCCTAA-r17,,,170.0,170-210,ABpxppapa
ACTTACTGTATTCTCT-r17,,SIA,345.0,330-390,ABpxpapaapa/ABpxpapappa
ACTTACTGTGTTCTTT-r17,,,290.0,270-330,ABpxppapa
ACTTGTTGTGGGTATG-r17,,,170.0,170-210,ABpxppapa
ACTTTCATCCTACAGA-r17,,,190.0,170-210,ABpxppppa
ACTTTCATCCTATTCA-r17,,,355.0,330-390,ABpxppapap
AGAATAGCAGGACGTA-r17,,,280.0,270-330,ABpxppap
AGAATAGTCATAACCG-r17,,,270.0,270-330,ABpxpaapaa
AGACGTTGTAAATGTG-r17,,,215.0,210-270,ABpxpaaap
AGAGCGAAGTTCGCGC-r17,,,170.0,170-210,ABpxpppap
AGAGCGACAGGCGATA-r17,,,130.0,130-170,ABpxpaa
AGAGCGAGTCTTCAAG-r17,,,190.0,170-210,ABpxppapa
AGAGCTTAGGAGCGAG-r17,,,170.0,170-210,ABpxpaap
AGAGCTTGTATGAATG-r17,,,280.0,270-330,ABpxpaapaa
AGAGTGGAGGCATGGT-r17,,,165.0,130-170,ABpxpaap
AGAGTGGGTCTCTTAT-r17,Ciliated_non_amphid_neuron,,270.0,270-330,ABpxpaappp
AGATCTGAGTGACATA-r17,,,325.0,270-330,ABpxppapaa
AGATTGCCACTACAGT-r17,ABarpaaa_lineage,,180.0,170-210,ABpxpaaap
AGATTGCGTAGCGTCC-r17,,Neuroblast_PVC_LUA,310.0,270-330,ABpxpppaapa
AGATTGCTCCCTCTTT-r17,,,245.0,210-270,ABpxppaaaa
AGCAGCCAGGTGATAT-r17,,,170.0,170-210,ABpxpapa
AGCAGCCCATTAACCG-r17,,,260.0,210-270,ABpxppaaa
AGCATACCAAACGCGA-r17,,AMso_parent,285.0,270-330,ABpxpaapap
AGCATACCATGCTAGT-r17,,,155.0,130-170,ABpxppapp
AGCCTAATCTTAGAGC-r17,,AMso_parent,260.0,210-270,ABpxpaapap
AGCGGTCGTATAAACG-r17,,RIM_parent,270.0,270-330,ABpxppaapa
AGCGGTCTCACCAGGC-r17,,,265.0,210-270,ABpxpaapaa
AGCGTCGCATTGGTAC-r17,,,270.0,270-330,ABpxpaaaaa
AGCTCCTAGTGAACGC-r17,,,270.0,270-330,ABpxpaaaa
AGCTCCTCAAGCCCAC-r17,,,130.0,130-170,ABpxppa
AGCTCCTCACACAGAG-r17,,AMso_parent,285.0,270-330,ABpxpaapap
AGCTCTCAGCGGCTTC-r17,,,130.0,130-170,ABpxpap
AGCTTGAAGTATCGAA-r17,Ciliated_non_amphid_neuron,,340.0,330-390,ABpxpaappp
AGCTTGACATACGCTA-r17,,RIC_parent,300.0,270-330,ABpxppaaaap
AGCTTGATCTAACTTC-r17,,,190.0,170-210,ABpxppppp
AGCTTGATCTAGAGTC-r17,,RIC_parent,320.0,270-330,ABpxppaaaap
AGCTTGATCTTGTTTG-r17,,,300.0,270-330,ABpxpapaap
AGGCCACAGTCTCCTC-r17,,,270.0,270-330,ABpxpapaaa
AGGCCACCATGTTGAC-r17,,AIM,490.0,450-510,ABpxpaapppa
AGGCCACGTCGCTTTC-r17,,AIM,415.0,390-450,ABpxpaapppa
AGGCCACGTGACGCCT-r17,,,280.0,270-330,ABpxpaaaaa
AGGCCACTCTGATTCT-r17,Pharyngeal_neuron,,310.0,270-330,ABpxppaaa
AGGCCGTCAAGGTTTC-r17,Ciliated_non_amphid_neuron,,275.0,270-330,ABpxpaappp
AGGGAGTGTACATGTC-r17,Ciliated_amphid_neuron,,220.0,210-270,ABpxpaapaa
AGGGAGTGTACCATCA-r17,,RIM,440.0,390-450,ABpxppaapap
AGGGATGAGTGATCGG-r17,,,275.0,270-330,ABpxpapapp
AGGGATGGTACCCAAT-r17,,,295.0,270-330,ABpxpapaap
AGGGATGGTCTCTCGT-r17,,,190.0,170-210,ABpxpppap
AGGGATGTCGCCGTGA-r17,,SIA,480.0,450-510,ABpxpapaapa/ABpxpapappa
AGGGTGAAGCTCAACT-r17,,RIB,500.0,450-510,ABpxpaappap
AGGGTGAGTCAGATAA-r17,,,125.0,100-130,ABpxppp
AGGTCATAGTTTCCTT-r17,Ciliated_non_amphid_neuron,,260.0,210-270,ABpxpaappp
AGGTCATGTAAATACG-r17,,,295.0,270-330,ABpxpapaap
AGGTCATGTCGCTTTC-r17,Excretory_gland,,335.0,330-390,ABpxpapapaa
AGGTCCGCACCATGTA-r17,,,195.0,170-210,ABpxpppap
AGGTCCGGTCGGATCC-r17,,,285.0,270-330,ABpxppaaaa
AGGTCCGTCTGGCGAC-r17,,,185.0,170-210,ABpxppppp
AGTAGTCAGCCGTCGT-r17,,,275.0,270-330,ABpxpaapaa
AGTAGTCCATCTCCCA-r17,,,295.0,270-330,ABpxppappp
AGTAGTCTCATAGCAC-r17,,,260.0,210-270,ABpxpppaap
AGTCTTTAGTGCCAGA-r17,Parent_of_exc_gland_AVK,,275.0,270-330,ABpxpapapa
AGTCTTTGTGCACTTA-r17,,,295.0,270-330,ABpxpapapa
AGTGAGGCAGTCCTTC-r17,,,220.0,210-270,ABpxpppap
AGTGAGGGTCTAAAGA-r17,,,130.0,130-170,ABpxpaaa
AGTGGGACAAACCTAC-r17,,,190.0,170-210,ABpxppaaa
AGTGGGACACGTGAGA-r17,,,300.0,270-330,ABpxppapaa
AGTGGGATCCAGAAGG-r17,,RIC_parent,310.0,270-330,ABpxppaaaap
AGTGTCAGTTCAGCGC-r17,,,270.0,270-330,ABpxpapaa
AGTGTCATCTAACTCT-r17,,SIB,420.0,390-450,ABpxpapaapp/ABpxppaaaaa
AGTTGGTCAATGTTGC-r17,,,160.0,130-170,ABpxpapap
AGTTGGTCAGCGTCCA-r17,,,130.0,130-170,ABpxppa
ATAACGCAGGCTCATT-r17,,,170.0,170-210,ABpxppap
ATAACGCAGTACGACG-r17,,,185.0,170-210,ABpxpaaaap
ATAACGCCAGATGGGT-r17,,,290.0,270-330,ABpxppapaa
ATAACGCCATACTCTT-r17,,SIB,395.0,390-450,ABpxpapaapp/ABpxppaaaaa
ATAACGCGTGTTTGTG-r17,,,175.0,170-210,ABpxppapa
ATAAGAGGTTACAGAA-r17,Body_wall_muscle,,200.0,170-210,ABpxpppppa
ATAGACCAGCGCCTCA-r17,,,170.0,170-210,ABpxpppa
ATAGACCGTTGTCGCG-r17,Ciliated_amphid_neuron,Neuroblast_AWC_SAAVx,225.0,210-270,ABpxpaaaaa
ATAGACCTCGTCACGG-r17,Ciliated_amphid_neuron,Neuroblast_AWC_SAAVx,260.0,210-270,ABpxpaaaaa
ATCACGAGTCTTCAAG-r17,,,130.0,130-170,ABpxppa
ATCATCTAGGACCACA-r17,Ciliated_non_amphid_neuron,,260.0,210-270,ABpxpaappp
ATCATCTGTGTAAGTA-r17,,,220.0,210-270,ABpxpppap
ATCATCTGTTATCGGT-r17,,,225.0,210-270,ABpxpapap
ATCATGGAGCCCAACC-r17,,,260.0,210-270,ABpxppppaa
ATCATGGTCTCCGGTT-r17,,,200.0,170-210,ABpxppaaa
ATCCACCAGATCGGGT-r17,,,290.0,270-330,ABpxppaapp
ATCCACCCACTAAGTC-r17,,,185.0,170-210,ABpxppapa
ATCCACCTCACGCATA-r17,Ciliated_amphid_neuron,Neuroblast_AWC_SAAVx,260.0,210-270,ABpxpaaaaa
ATCCGAAAGCTAAACA-r17,Ciliated_amphid_neuron,,220.0,210-270,ABpxpaaaa
ATGAGGGAGACCCACC-r17,,AVB,330.0,330-390,ABpxpaapaap
ATGAGGGCATGCTAGT-r17,,SIA,415.0,390-450,ABpxpapaapa/ABpxpapappa
ATGAGGGGTTACCAGT-r17,,,225.0,210-270,ABpxppap
ATGAGGGTCTTGCAAG-r17,,,200.0,170-210,ABpxpppa
ATGCGATCATGTCCTC-r17,,,230.0,210-270,ABpxppapa
ATGCGATGTGTCTGAT-r17,,,310.0,270-330,ABpxpaaapp
ATGGGAGAGCATGGCA-r17,Parent_of_exc_duct_pore_DB_1_3,,270.0,270-330,ABpxpaaaap
ATGTGTGGTCGAAAGC-r17,,,170.0,170-210,ABpxppppa
ATGTGTGTCCAAATGC-r17,,AVK,375.0,330-390,ABpxpapapap
ATTACTCAGGGCATGT-r17,Ciliated_amphid_neuron,,260.0,210-270,ABpxpaapa
ATTACTCAGTGGGTTG-r17,,,175.0,170-210,ABpxpaapa
ATTACTCCAAGGCTCC-r17,,,175.0,170-210,ABpxpaaapa
ATTACTCTCAACCAAC-r17,,RIM_parent,290.0,270-330,ABpxppaapa
ATTACTCTCAGCTGGC-r17,Parent_of_exc_duct_pore_DB_1_3,,285.0,270-330,ABpxpaaaap
ATTATCCGTCCGAGTC-r17,,,185.0,170-210,ABpxppapa
ATTATCCGTGCCTGGT-r17,Excretory_duct_and_pore,,400.0,390-450,ABpxpaaaapa
ATTCTACAGTCATGCT-r17,Ciliated_amphid_neuron,Neuroblast_AWC_SAAVx,265.0,210-270,ABpxpaaaaa
ATTCTACTCCACTGGG-r17,Ciliated_non_amphid_neuron,,260.0,210-270,ABpxpaaapp
ATTCTACTCGAATGCT-r17,Parent_of_exc_gland_AVK,,260.0,210-270,ABpxpapapa
ATTGGACCAACACCCG-r17,,RIV,360.0,330-390,ABpxpaapaaa
ATTGGACGTAACGTTC-r17,,,195.0,170-210,ABpxppppa
ATTTCTGAGCGCTCCA-r17,,,180.0,170-210,ABpxppapa
ATTTCTGCACGGTAAG-r17,,,215.0,210-270,ABpxpaaa
ATTTCTGGTCCATGAT-r17,,,260.0,210-270,ABpxpppppa
CAACCAACAAACCCAT-r17,,,285.0,270-330,ABpxppaapp
CAACCAACACACCGAC-r17,Excretory_gland,,345.0,330-390,ABpxpapapaa
CAACCAACATTCTTAC-r17,,RIM_parent,275.0,270-330,ABpxppaapa
CAACCAATCATGCAAC-r17,,,265.0,210-270,ABpxpppaaa
CAACCTCAGCGTGAAC-r17,,,270.0,270-330,ABpxpapaap
CAACTAGAGCTGCAAG-r17,Excretory_gland,,500.0,450-510,ABpxpapapaa
CAACTAGAGCTGGAAC-r17,Ciliated_amphid_neuron,ASH,380.0,330-390,ABpxpaappaa
CAACTAGGTCTCCATC-r17,,,285.0,270-330,ABpxppapp
CAACTAGGTTATCACG-r17,Pharyngeal_neuron,,290.0,270-330,ABpxpaaaaa
CAACTAGGTTGAGTTC-r17,,,130.0,130-170,ABpxpapa
CAAGAAAAGATGCCAG-r17,,,130.0,130-170,ABpxpap
CAAGAAAGTAAATACG-r17,Parent_of_exc_gland_AVK,,320.0,270-330,ABpxpapapa
CAAGAAAGTGTGTGCC-r17,Pharyngeal_muscle,pm3_pm4_pm5,330.0,330-390,ABpxpppppa
CAAGAAAGTTCAACCA-r17,,,130.0,130-170,ABpxppap
CAAGAAATCATGTGGT-r17,Parent_of_exc_duct_pore_DB_1_3,,280.0,270-330,ABpxpaaaap
CAAGAAATCCAGTAGT-r17,Ciliated_amphid_neuron,,225.0,210-270,ABpxpaapaa
CAAGATCTCTTTAGGG-r17,Ciliated_amphid_neuron,Neuroblast_ASH_RIB,270.0,270-330,ABpxpaappa
CAAGTTGCATGGGACA-r17,,,185.0,170-210,ABpxpppap
CAAGTTGCATGGTCTA-r17,,,185.0,170-210,ABpxppap
CAAGTTGCATTGCGGC-r17,Ciliated_amphid_neuron,,215.0,210-270,ABpxpaaap
CACAAACGTGATGTGG-r17,Ciliated_amphid_neuron,,210.0,210-270,ABpxpaaaa
CACAAACTCCGTACAA-r17,,SIA,355.0,330-390,ABpxpapaapa/ABpxpapappa
CACACAAAGTAGTGCG-r17,,,170.0,170-210,ABpxppap
CACACAAGTTGTGGAG-r17,,,270.0,270-330,ABpxpaapaa
CACACCTAGCATGGCA-r17,,,160.0,130-170,ABpxpaa
CACACCTAGTCCAGGA-r17,,,205.0,170-210,ABpxppapa
CACACCTCATGTAAGA-r17,,,280.0,270-330,ABpxppaaa
CACAGGCAGATCGATA-r17,Ciliated_non_amphid_neuron,,260.0,210-270,ABpxpaappp
CACAGGCAGCGTAGTG-r17,,,180.0,170-210,ABpxpaaap
CACAGGCAGGAGTCTG-r17,,,320.0,270-330,ABpxpppaaa
CACAGGCCAACTGCGC-r17,Ciliated_non_amphid_neuron,,230.0,210-270,ABpxpppa
CACAGGCCACAAGTAA-r17,,,265.0,210-270,ABpxpaapaa
CACAGGCCAGCATGAG-r17,Ciliated_non_amphid_neuron,,285.0,270-330,ABpxpaap
CACAGGCTCACATAGC-r17,,,220.0,210-270,ABpxpaapa
CACAGGCTCCTCGCAT-r17,,,300.0,270-330,ABpxppapap
CACAGTAAGATCGGGT-r17,Ciliated_non_amphid_neuron,,260.0,210-270,ABpxpaaapp
CACAGTAGTAGCCTAT-r17,,,170.0,170-210,ABpxppppa
CACAGTATCGGAATCT-r17,,,185.0,170-210,ABpxppppa
CACATAGGTGCAACTT-r17,,,280.0,270-330,ABpxpapapp
CACATTTAGACTTTCG-r17,,,160.0,130-170,ABpxpaaa
CACCACTAGGCCCTTG-r17,,,200.0,170-210,ABpxpaaapa
CACCACTCAAGTCTGT-r17,Ciliated_non_amphid_neuron,,260.0,210-270,ABpxpaaapp
CACCACTTCACCATAG-r17,,,300.0,270-330,ABpxppappa
CACCAGGAGGGCTTCC-r17,,,275.0,270-330,ABpxpapapp
CACCAGGGTCCAGTTA-r17,,,300.0,270-330,ABpxpapaap
CACCAGGTCGGGAGTA-r17,,,170.0,170-210,ABpxpppa
CACCTTGTCCTCCTAG-r17,,,230.0,210-270,ABpxppaap
CACTCCAAGTCGATAA-r17,,,300.0,270-330,ABpxpapaaa
CAGAATCAGCCGGTAA-r17,,,265.0,210-270,ABpxppappa
CAGAGAGAGGTGATAT-r17,,,285.0,270-330,ABpxpapaap
CAGATCATCGGACAAG-r17,,SIA,395.0,390-450,ABpxpapaapa/ABpxpapappa
CAGCAGCAGAGTCGGT-r17,Ciliated_non_amphid_neuron,,265.0,210-270,ABpxpaappp
CAGCATACAGACAAAT-r17,,DB,370.0,330-390,ABpxpaaaap
CAGCATAGTGGAAAGA-r17,,,270.0,270-330,ABpxpapaap
CAGCCGACACATCCAA-r17,,SIB,395.0,390-450,ABpxpapaapp/ABpxppaaaaa
CAGCCGAGTCGGATCC-r17,,,275.0,270-330,ABpxppapap
CAGCGACAGGATATAC-r17,,SIA,355.0,330-390,ABpxpapaapa/ABpxpapappa
CAGCGACCAGCTCCGA-r17,Arcade_cell,ant_arc_V,500.0,450-510,ABpxppapap
CAGCGACGTTGAGGTG-r17,,,170.0,170-210,ABpxpaapa
CAGCTAAAGCGCTCCA-r17,,DD,345.0,330-390,ABpxppappp
CAGCTAAAGCTTTGGT-r17,,,205.0,170-210,ABpxpaaap
CAGCTAAAGTTGAGTA-r17,,,300.0,270-330,ABpxppappp
CAGCTAACAAGAGTCG-r17,,,200.0,170-210,ABpxppppp
CAGCTAAGTGCACTTA-r17,Ciliated_amphid_neuron,,220.0,210-270,ABpxpaaaa
CAGCTAAGTTACAGAA-r17,,AMso_parent,280.0,270-330,ABpxpaapap
CAGCTGGAGACTGTAA-r17,,,195.0,170-210,ABpxppaaa
CAGGTGCAGGACTGGT-r17,,,190.0,170-210,ABpxpapap
CAGTCCTCAAACGCGA-r17,Ciliated_amphid_neuron,,210.0,210-270,ABpxppaaa
CAGTCCTGTCTAACGT-r17,,,130.0,130-170,ABpxppa
CATATGGGTAAGTGGC-r17,,,155.0,130-170,ABpxpaa
CATATTCTCATGTGGT-r17,Ciliated_amphid_neuron,ASH,390.0,390-450,ABpxpaappaa
CATCAAGCAAACAACA-r17,,,195.0,170-210,ABpxppaap
CATCAAGCAGTGGGAT-r17,Ciliated_amphid_neuron,,230.0,210-270,ABpxpaapa
CATCAAGCATCTGGTA-r17,,,130.0,130-170,ABpxppp
CATCAAGGTGTGTGCC-r17,Ciliated_non_amphid_neuron,,270.0,270-330,ABpxpaaapp
CATCAAGGTTTGCATG-r17,,,175.0,170-210,ABpxpppa
CATCAAGTCCAAGCCG-r17,,,185.0,170-210,ABpxppppa
CATCAAGTCTACTCAT-r17,Ciliated_amphid_neuron,ASH,450.0,450-510,ABpxpaappaa
CATCAGAAGTTGTCGT-r17,,,280.0,270-330,ABpxppappp
CATCAGACAAGGGTCA-r17,Glia,AMso,340.0,330-390,ABpxpaapapa
CATCAGAGTTCGGGCT-r17,Ciliated_amphid_neuron,ASH,490.0,450-510,ABpxpaappaa
CATCCACAGTTAACGA-r17,,,185.0,170-210,ABpxppaap
CATCCACTCGGCATCG-r17,,,185.0,170-210,ABpxpapap
CATCGGGAGAACAACT-r17,,,205.0,170-210,ABpxpaaapa
CATCGGGTCCATGAGT-r17,,,185.0,170-210,ABpxpppp
CATGCCTAGAAGCCCA-r17,Ciliated_amphid_neuron,Neuroblast_AWC_SAAVx,245.0,210-270,ABpxpaaaaa
CATGCCTAGCCCAATT-r17,,,300.0,270-330,ABpxppappa
CATGCCTCAAGGCTCC-r17,Ciliated_non_amphid_neuron,,260.0,210-270,ABpxpaaapp
CATGGCGAGTCGATAA-r17,Ciliated_amphid_neuron,Neuroblast_AWC_SAAVx,220.0,210-270,ABpxpaaaaa
CATGGCGGTGCGAAAC-r17,,,280.0,270-330,ABpxpapapp
CATTATCAGAAGCCCA-r17,Ciliated_amphid_neuron,,245.0,210-270,ABpxpaapp
CATTATCGTTGTGGAG-r17,,,190.0,170-210,ABpxpaappp
CATTCGCAGTAGTGCG-r17,,,100.0,100-130,ABpxp
CATTCGCCAAGCGTAG-r17,Ciliated_amphid_neuron,,260.0,210-270,ABpxpaaaap
CATTCGCTCAGCATGT-r17,,,180.0,170-210,ABpxppaa
CATTCGCTCGCCGTGA-r17,Ciliated_amphid_neuron,Neuroblast_AWC_SAAVx,245.0,210-270,ABpxpaaaaa
CCAATCCAGTGGACGT-r17,Ciliated_non_amphid_neuron,,260.0,210-270,ABpxpaaap
CCAATCCGTCTAGTGT-r17,Pharyngeal_neuron,,350.0,330-390,ABpxppppap
CCAATCCTCACCCGAG-r17,,,215.0,210-270,ABpxpaapa
CCAATCCTCGGTCCGA-r17,,,275.0,270-330,ABpxppapa
CCAATCCTCTACTTAC-r17,Ciliated_non_amphid_neuron,,260.0,210-270,ABpxpaaapp
CCAATCCTCTGAAAGA-r17,,,190.0,170-210,ABpxpapap
CCACCTAGTAGAGCTG-r17,,,300.0,270-330,ABpxppapaa
CCACGGAAGACTTTCG-r17,,AMso_parent,265.0,210-270,ABpxpaapap
CCACGGAAGCAGATCG-r17,,,170.0,170-210,ABpxppppaa
CCACGGAGTCTCCACT-r17,,RIC_parent,335.0,330-390,ABpxppaaaap
CCACGGAGTGATAAAC-r17,Ciliated_amphid_neuron,,160.0,130-170,ABpxpppaap
CCACGGATCAACACAC-r17,Pharyngeal_muscle,pm7,330.0,330-390,ABpxppapa
CCACTACAGACTACAA-r17,Excretory_gland,,375.0,330-390,ABpxpapapaa
CCACTACAGAGCTATA-r17,,,170.0,170-210,ABpxpppp
CCACTACAGAGCTTCT-r17,,,230.0,210-270,ABpxpaaapp
CCACTACCAGTCACTA-r17,,,300.0,270-330,ABpxppapap
CCACTACGTACTTAGC-r17,,,155.0,130-170,ABpxpaaa
CCACTACGTATGAATG-r17,,,200.0,170-210,ABpxppaap
CCAGCGAAGCTGCCCA-r17,Pharyngeal_neuron,,330.0,330-390,ABpxpaapap
CCAGCGACAAGTTCTG-r17,,,190.0,170-210,ABpxpppaap
CCAGCGACACGAAGCA-r17,,,230.0,210-270,ABpxpppppp
CCAGCGAGTATCGCAT-r17,Ciliated_non_amphid_neuron,,270.0,270-330,ABpxpaappp
CCAGCGATCTGGAGCC-r17,,,185.0,170-210,ABpxppapp
CCATTCGTCTTGCCGT-r17,Ciliated_amphid_neuron,Neuroblast_AWC_SAAVx,265.0,210-270,ABpxpaaaaa
CCCAATCCACCCATGG-r17,,,155.0,130-170,ABpxpaaa
CCCAGTTGTCATTAGC-r17,,,280.0,270-330,ABpxpppaaa
CCCATACAGATATGCA-r17,,,195.0,170-210,ABpxpppap
CCCATACCATCCTAGA-r17,,,210.0,210-270,ABpxpaapa
CCCTCCTAGACATAAC-r17,,,265.0,210-270,ABpxppappa
CCCTCCTAGAGTCGGT-r17,,SIB,490.0,450-510,ABpxpapaapp/ABpxppaaaaa
CCCTCCTAGTATCGAA-r17,Ciliated_amphid_neuron,,230.0,210-270,ABpxpaaaa
CCCTCCTGTAAATGTG-r17,,,190.0,170-210,ABpxpaaaa
CCCTCCTTCTGATACG-r17,,,165.0,130-170,ABpxpaap
CCGGGATCATCCTAGA-r17,,,270.0,270-330,ABpxpapaap
CCGGTAGTCAGCTGGC-r17,,,155.0,130-170,ABpxpaaa
CCGGTAGTCGCGCCAA-r17,,,160.0,130-170,ABpxpaaa
CCGTACTAGCACAGGT-r17,,AMso_parent,265.0,210-270,ABpxpaapap
CCGTACTAGCGACGTA-r17,,,200.0,170-210,ABpxpppap
CCGTACTCAAGCTGGA-r17,,RIC_parent,355.0,330-390,ABpxppaaaap
CCGTGGAGTCAGATAA-r17,,,290.0,270-330,ABpxppapa
CCGTTCACATGGATGG-r17,,,290.0,270-330,ABpxpapaaa
CCGTTCATCATCACCC-r17,,,160.0,130-170,ABpxpaaa
CCTAAAGAGCAGATCG-r17,Excretory_duct_and_pore,,330.0,330-390,ABpxpaaaapa
CCTACACAGACCTAGG-r17,,,290.0,270-330,ABpxppappa
CCTACACAGTCCCACG-r17,,RIM_parent,260.0,210-270,ABpxppaapa
CCTACCACACAGAGGT-r17,,,130.0,130-170,ABpxpapa
CCTACCAGTAGTAGTA-r17,,,190.0,170-210,ABpxppaap
CCTAGCTGTTCGCTAA-r17,,,195.0,170-210,ABpxpaaapa
CCTCAGTAGAGTGAGA-r17,,,260.0,210-270,ABpxpapaap
CCTCAGTGTGCCTGGT-r17,,,100.0,100-130,ABpxp
CCTCAGTGTTACCGAT-r17,,AIY,470.0,450-510,ABpxpapaaap
CCTTACGAGAGGTTAT-r17,Ciliated_non_amphid_neuron,,260.0,210-270,ABpxpaaapp
CCTTACGCAGATGGGT-r17,,,275.0,270-330,ABpxpppaap
CCTTACGGTTCCACTC-r17,,,190.0,170-210,ABpxpaaap
CCTTACGTCTTGCATT-r17,,,190.0,170-210,ABpxpapap
CCTTCCCAGAGGACGG-r17,Parent_of_exc_duct_pore_DB_1_3,,270.0,270-330,ABpxpaaaap
CCTTCCCAGATCGGGT-r17,,,200.0,170-210,ABpxpapaa
CCTTCCCCAATGTAAG-r17,,,215.0,210-270,ABpxpppap
CCTTCCCCACAGATTC-r17,,,260.0,210-270,ABpxpapaaa
CCTTCGAGTGCAGACA-r17,,,300.0,270-330,ABpxppapaa
CCTTCGATCGCCTGTT-r17,Ciliated_non_amphid_neuron,,270.0,270-330,ABpxpaappp
CCTTTCTAGACGCTTT-r17,Ciliated_amphid_neuron,AWC,440.0,390-450,ABpxpaaaaap
CCTTTCTAGTGGTAAT-r17,,,190.0,170-210,ABpxppappp
CCTTTCTCAAGCCTAT-r17,,,180.0,170-210,ABpxpapap
CCTTTCTCAAGTTCTG-r17,Parent_of_exc_gland_AVK,,280.0,270-330,ABpxpapapa
CGAACATCACATAACC-r17,,,245.0,210-270,ABpxpaapap
CGAATGTAGCGATGAC-r17,,,260.0,210-270,ABpxppappp
CGAATGTCAGGGAGAG-r17,,,160.0,130-170,ABpxpaaaa
CGAATGTTCGTATCAG-r17,,,260.0,210-270,ABpxpapaa
CGACCTTGTAGCTGCC-r17,Pharyngeal_neuron,,300.0,270-330,ABpxpapapa
CGACCTTTCAACGCTA-r17,Ciliated_amphid_neuron,ASH,395.0,390-450,ABpxpaappaa
CGACCTTTCTACTTAC-r17,,,290.0,270-330,ABpxpaapaa
CGACTTCCAGATCGGA-r17,,,170.0,170-210,ABpxpaap
CGACTTCTCTGCAGTA-r17,,RIC_parent,370.0,330-390,ABpxppaaaap
CGAGCACAGAGTACAT-r17,Ciliated_amphid_neuron,ASH,390.0,390-450,ABpxpaappaa
CGAGCACAGTGTACTC-r17,,,220.0,210-270,ABpxpaaap
CGAGCACCACTCTGTC-r17,,,245.0,210-270,ABpxppppap
CGAGCACGTTGGAGGT-r17,,,170.0,170-210,ABpxppaaa
CGATGGCAGTGCCAGA-r17,,,260.0,210-270,ABpxppppaa
CGATGTAGTGTGACCC-r17,,,290.0,270-330,ABpxpap
CGATTGACAAGACGTG-r17,,,260.0,210-270,ABpxpaaapa
CGCCAAGAGTTCGCAT-r17,Ciliated_amphid_neuron,ASH,410.0,390-450,ABpxpaappaa
CGCCAAGGTAGAGGAA-r17,Ciliated_amphid_neuron,AWC,435.0,390-450,ABpxpaaaaap
CGCCAAGGTCTAGTGT-r17,,,175.0,170-210,ABpxpapap
CGCGGTATCATGCTCC-r17,,RIC_parent,330.0,330-390,ABpxppaaaap
CGCGTTTCACAAGACG-r17,,,225.0,210-270,ABpxpaaapa
CGCGTTTGTTCTGAAC-r17,,DD,485.0,450-510,ABpxppapaa
CGCTGGAAGACCGGAT-r17,Ciliated_non_amphid_neuron,,260.0,210-270,ABpxpaaapp
CGCTGGATCACGCATA-r17,,,290.0,270-330,ABpxpaaapa
CGCTGGATCTGTCTAT-r17,,,200.0,170-210,ABpxpaaap
CGCTTCAAGCAGACTG-r17,,,120.0,100-130,ABpxppa
CGCTTCAAGCGCTTAT-r17,,,205.0,170-210,ABpxpppap
CGCTTCAAGTTGTAGA-r17,,,275.0,270-330,ABpxppaapp
CGCTTCACAAGTTCTG-r17,,,300.0,270-330,ABpxppapaa
CGCTTCACACCATGTA-r17,Ciliated_amphid_neuron,ASH,440.0,390-450,ABpxpaappaa
CGCTTCATCCGCGCAA-r17,,,245.0,210-270,ABpxppapa
CGGACACAGTGTACTC-r17,,,170.0,170-210,ABpxpppap
CGGACACCAGGGAGAG-r17,,,300.0,270-330,ABpxppapaa
CGGACACGTATGCTTG-r17,,PVP,350.0,330-390,ABpxppppaaa
CGGACGTTCGGCCGAT-r17,,RIM_parent,260.0,210-270,ABpxppaapa
CGGACTGCATGGTTGT-r17,,,130.0,130-170,ABpxpapa
CGGACTGTCTCTGCTG-r17,Ciliated_non_amphid_neuron,,260.0,210-270,ABpxpaaapp
CGGAGCTTCGGTCTAA-r17,,,195.0,170-210,ABpxppppa
CGGAGTCCAATGTTGC-r17,,,190.0,170-210,ABpxpppap
CGGAGTCGTCAAGCGA-r17,,AIY,415.0,390-450,ABpxpapaaap
CGGAGTCTCATGTGGT-r17,,,270.0,270-330,ABpxpapaap
CGGCTAGAGTATTGGA-r17,,,175.0,170-210,ABpxppppap
CGGCTAGAGTGTTTGC-r17,,,220.0,210-270,ABpxppppp
CGGCTAGGTAGCTGCC-r17,,,185.0,170-210,ABpxpapap
CGGCTAGTCTGTTGAG-r17,,,200.0,170-210,ABpxpppap
CGGGTCAAGCGCTCCA-r17,,RIM_parent,300.0,270-330,ABpxppaapa
CGGGTCAAGCTGTCTA-r17,,,300.0,270-330,ABpxppapap
CGGTTAACATTGTGCA-r17,,,200.0,170-210,ABpxpapaa
CGGTTAATCACTCCTG-r17,Ciliated_amphid_neuron,,225.0,210-270,ABpxpaaaa
CGTAGGCAGTTAGCGG-r17,,,120.0,100-130,ABpxpp
CGTCACTAGACCTTTG-r17,Glia,AMso,425.0,390-450,ABpxpaapapa
CGTCACTAGGCTACGA-r17,,,120.0,100-130,ABpxppp
CGTCACTAGTGCGATG-r17,Ciliated_amphid_neuron,,245.0,210-270,ABpxpaaaa
CGTCAGGTCAAAGACA-r17,,AVK,420.0,390-450,ABpxpapapap
CGTCCATAGGCTACGA-r17,,AMso_parent,280.0,270-330,ABpxpaapap
CGTCCATTCACATAGC-r17,,,300.0,270-330,ABpxppapap
CGTCCATTCGCTAGCG-r17,,,280.0,270-330,ABpxpapapp
CGTCTACCAGTGGAGT-r17,,Neuroblast_PVC_LUA,325.0,270-330,ABpxpppaapa
CGTGAGCCAAACGTGG-r17,Ciliated_amphid_neuron,,225.0,210-270,ABpxpaaaap
CGTGAGCCAACACCCG-r17,,,230.0,210-270,ABpxpaaapa
CGTGTAACAAAGCGGT-r17,,,300.0,270-330,ABpxpapapa
CGTGTCTAGAAGGCCT-r17,,,130.0,130-170,ABpxpppa
CGTGTCTGTGACCAAG-r17,,,165.0,130-170,ABpxppapp
CGTGTCTTCTCTTGAT-r17,,,300.0,270-330,ABpxppaapp
CGTTAGAAGGCGCTCT-r17,,,225.0,210-270,ABpxpaaapp
CGTTCTGAGACACGAC-r17,,,260.0,210-270,ABpxpppapa
CGTTCTGGTCTCTCGT-r17,,,130.0,130-170,ABpxppp
CGTTCTGTCTACTTAC-r17,,,300.0,270-330,ABpxppappp
CGTTGGGTCGAATCCA-r17,,,275.0,270-330,ABpxppaaa
CTAACTTCACATGTGT-r17,,,130.0,130-170,ABpxpapa
CTAACTTGTTGAACTC-r17,Ciliated_non_amphid_neuron,,215.0,210-270,ABpxpaappp
CTAATGGCAAACGTGG-r17,,,260.0,210-270,ABpxpaaaap
CTAATGGCACGTAAGG-r17,Ciliated_amphid_neuron,Neuroblast_AWC_SAAVx,260.0,210-270,ABpxpaaaaa
CTAATGGTCAGTTGAC-r17,Ciliated_non_amphid_neuron,,300.0,270-330,ABpxpaappp
CTACACCCACCATGTA-r17,,,200.0,170-210,ABpxppapp
CTACATTAGATGTGTA-r17,,,230.0,210-270,ABpxppaapp
CTACATTCAGATCGGA-r17,,RIC_parent,335.0,330-390,ABpxppaaaap
CTACATTCAGTCAGAG-r17,Ciliated_non_amphid_neuron,,230.0,210-270,ABpxpaappp
CTACATTGTAGGGTAC-r17,,,280.0,270-330,ABpxppappp
CTACCCAGTGCCTGGT-r17,,,130.0,130-170,ABpxppp
CTACCCAGTTGGTTTG-r17,,,145.0,130-170,ABpxpaaa
CTACCCATCCATGAGT-r17,,,230.0,210-270,ABpxpapaaa
CTACGTCAGTAACCCT-r17,,,225.0,210-270,ABpxpppap
CTACGTCCAAGCCTAT-r17,,,275.0,270-330,ABpxpppppp
CTACGTCTCCCAAGAT-r17,,RIC_parent,335.0,330-390,ABpxppaaaap
CTAGAGTCAATAAGCA-r17,,AMso_parent,260.0,210-270,ABpxpaapap
CTAGAGTGTAAGTGTA-r17,,,190.0,170-210,ABpxppppp
CTAGCCTGTAGCCTAT-r17,,,120.0,100-130,ABpxppa
CTAGCCTTCTGGTGTA-r17,,RIV,350.0,330-390,ABpxpaapaaa
CTAGTGAGTAGCGTAG-r17,,RIC,395.0,390-450,ABpxppaaaapp
CTCACACCATTCACTT-r17,,,295.0,270-330,ABpxpapapp
CTCACACTCTGACCTC-r17,,,190.0,170-210,ABpxpppaa
CTCAGAACACCCTATC-r17,Pharyngeal_neuron,,290.0,270-330,ABpxpaapaa
CTCATTATCCCTTGTG-r17,,,130.0,130-170,ABpxppa
CTCCTAGTCGCTTGTC-r17,,,165.0,130-170,ABpxpppa
CTCGAAAAGTCAATAG-r17,,,260.0,210-270,ABpxppaaaa
CTCGAAAGTTCGCGAC-r17,,,310.0,270-330,ABpxppapaa
CTCGAGGAGCTAGGCA-r17,Excretory_gland,,355.0,330-390,ABpxpapapaa
CTCGAGGGTTGGAGGT-r17,,,170.0,170-210,ABpxppapp
CTCGGAGCATACGCTA-r17,,,200.0,170-210,ABpxppapa
CTCGGAGGTCGAGATG-r17,,,300.0,270-330,ABpxppaapp
CTCGGAGTCTCTTATG-r17,,ALA,700.0,> 650,ABpxpppaa
CTCGGGAAGGAGTACC-r17,,,230.0,210-270,ABpxpaaapa
CTCGGGAAGTGGTAGC-r17,,,285.0,270-330,ABpxppapa
CTCGGGACATGCTAGT-r17,Ciliated_non_amphid_neuron,,260.0,210-270,ABpxpaaapp
CTCGGGATCAGAGACG-r17,,,130.0,130-170,ABpxppaa
CTCGTCAAGACGCTTT-r17,,,190.0,170-210,ABpxppppa
CTCGTCAAGCGATAGC-r17,Ciliated_amphid_neuron,,260.0,210-270,ABpxpaapa
CTCTAATAGAAACCTA-r17,Ciliated_non_amphid_neuron,,300.0,270-330,ABpxpaappp
CTCTAATAGTGTCCCG-r17,Ciliated_non_amphid_neuron,,230.0,210-270,ABpxpaaap
CTCTAATGTGATGTGG-r17,,,165.0,130-170,ABpxpaaa
CTCTAATGTTCAGTAC-r17,,,260.0,210-270,ABpxpppppa
CTCTGGTTCGAACGGA-r17,,,300.0,270-330,ABpxppappa
CTGAAACGTACTCGCG-r17,,,190.0,170-210,ABpxppapp
CTGAAACTCCACGTTC-r17,Pharyngeal_neuron,,195.0,170-210,ABpxpaaap
CTGATAGCACGCGAAA-r17,Ciliated_amphid_neuron,,220.0,210-270,ABpxpaaaap
CTGATCCCATGAAGTA-r17,Pharyngeal_neuron,,300.0,270-330,ABpxpapaaa
CTGCCTATCCAAATGC-r17,,,130.0,130-170,ABpxpapa
CTGCCTATCGTACCGG-r17,,,205.0,170-210,ABpxppppap
CTGCCTATCGTAGATC-r17,,,195.0,170-210,ABpxppapp
CTGCGGAGTATAGGTA-r17,,,165.0,130-170,ABpxpppa
CTGCGGAGTGATGTCT-r17,,,200.0,170-210,ABpxpaapa
CTGCGGATCTAACTTC-r17,,SIA,340.0,330-390,ABpxpapaapa/ABpxpapappa
CTGCTGTAGTTTGCGT-r17,,,195.0,170-210,ABpxppaap
CTGCTGTGTCCAGTGC-r17,,,270.0,270-330,ABpxpaapaa
CTGCTGTTCTTGAGAC-r17,,,285.0,270-330,ABpxppaa
CTGGTCTGTAGCACGA-r17,,RIM_parent,260.0,210-270,ABpxppaapa
CTGTGCTAGAGGTTAT-r17,,RIV,370.0,330-390,ABpxpaapaaa
CTGTGCTCAAGTCTAC-r17,Parent_of_exc_duct_pore_DB_1_3,,330.0,330-390,ABpxpaaaap
CTGTGCTGTCCGCTGA-r17,,RIC_parent,300.0,270-330,ABpxppaaaap
CTGTGCTTCTCAAACG-r17,,,260.0,210-270,ABpxppaapp
CTGTTTAGTGTATGGG-r17,,,170.0,170-210,ABpxppppp
CTGTTTAGTTATTCTC-r17,,,230.0,210-270,ABpxppappp
CTTAACTAGTAGGCCA-r17,,AIM,365.0,330-390,ABpxpaapppa
CTTAACTCACCACCAG-r17,,,270.0,270-330,ABpxpapaaa
CTTACCGAGTCTCCTC-r17,,,170.0,170-210,ABpxppapp
CTTAGGAAGATGTAAC-r17,,,260.0,210-270,ABpxppaaa
CTTAGGAAGTACGCGA-r17,,Parent_of_tail_spike_and_hyp10,225.0,210-270,ABpxpppppp
CTTAGGAGTACAGTTC-r17,,,180.0,170-210,ABpxppapp
CTTCTCTAGGTGCAAC-r17,,,195.0,170-210,ABpxppppa
CTTCTCTGTAGGAGTC-r17,,,190.0,170-210,ABpxpaapap
CTTTGCGAGGAACTGC-r17,,,170.0,170-210,ABpxppaap
CTTTGCGGTTATGTGC-r17,,,285.0,270-330,ABpxpaapaa
GAAACTCAGGTGGGTT-r17,Ciliated_amphid_neuron,ASH,380.0,330-390,ABpxpaappaa
GAAACTCCAAACCTAC-r17,,,290.0,270-330,ABpxppapp
GAAATGACAATGTAAG-r17,,,85.0,< 100,ABpxpppaaa
GAAATGACATAGACTC-r17,Ciliated_amphid_neuron,Neuroblast_AWC_SAAVx,260.0,210-270,ABpxpaaaaa
GAAATGATCACGATGT-r17,,,120.0,100-130,ABpxpa
GAAATGATCCTCAATT-r17,,,170.0,170-210,ABpxpppp
GAACATCCATGAACCT-r17,,PVP,350.0,330-390,ABpxppppaaa
GAACCTAAGTCGTTTG-r17,,,265.0,210-270,ABpxppaaa
GAACCTATCAATCACG-r17,,,160.0,130-170,ABpxpaapp
GAACGGACAGTAACGG-r17,,,160.0,130-170,ABpxpaaa
GAAGCAGTCCAAAGTC-r17,Parent_of_exc_duct_pore_DB_1_3,,270.0,270-330,ABpxpaaaap
GAATAAGTCCCTTGCA-r17,,,245.0,210-270,ABpxppapap
GAATGAAGTCCGAACC-r17,,Neuroblast_PVC_LUA,320.0,270-330,ABpxpppaapa
GAATGAAGTCGGCATC-r17,,,160.0,130-170,ABpxpaaa
GAATGAATCACGGTTA-r17,,,120.0,100-130,ABpxpa
GACACGCAGGCATGTG-r17,,,130.0,130-170,ABpxpap
GACACGCCACGGCTAC-r17,,,270.0,270-330,ABpxpapaaa
GACACGCCACGTTGGC-r17,,,310.0,270-330,ABpxppaapp
GACACGCTCTACCTGC-r17,,,300.0,270-330,ABpxppapaa
GACAGAGGTCCGACGT-r17,,,270.0,270-330,ABpxpaapaa
GACAGAGGTGTCCTCT-r17,Excretory_gland,,425.0,390-450,ABpxpapapaa
GACAGAGTCAAGCCTA-r17,,,190.0,170-210,ABpxppaap
GACAGAGTCCAAAGTC-r17,,,180.0,170-210,ABpxpppap
GACCAATAGACACTAA-r17,,Neuroblast_PVC_LUA,310.0,270-330,ABpxpppaapa
GACCAATAGACTAGAT-r17,,,130.0,130-170,ABpxpppa
GACCAATGTCATACTG-r17,,,290.0,270-330,ABpxppaapp
GACCTGGAGCAGGTCA-r17,,SIA,375.0,330-390,ABpxpapaapa/ABpxpapappa
GACCTGGAGTCATCCA-r17,,,185.0,170-210,ABpxppapp
GACGCGTAGGATGGAA-r17,,,260.0,210-270,ABpxpapap
GACGGCTTCACATAGC-r17,,,110.0,100-130,ABpxp
GACGGCTTCATAACCG-r17,,RIC_parent,330.0,330-390,ABpxppaaaap
GACGGCTTCCTATGTT-r17,,,195.0,170-210,ABpxppapa
GACGTGCAGAGACTTA-r17,Pharyngeal_neuron,,215.0,210-270,ABpxppapa
GACGTGCTCTGGTTCC-r17,,,230.0,210-270,ABpxpppaap
GACGTTAAGTGGTAGC-r17,Pharyngeal_muscle,pm7,330.0,330-390,ABpxppap
GACGTTAGTTCCACTC-r17,,,200.0,170-210,ABpxpapaa
GACTAACTCCTAAGTG-r17,,,230.0,210-270,ABpxpapa
GACTGCGTCGAACGGA-r17,,,310.0,270-330,ABpxppapaa
GAGCAGAGTCCAAGTT-r17,,,170.0,170-210,ABpxppppa
GAGGTGACAACCGCCA-r17,,,230.0,210-270,ABpxppaaa
GATCAGTAGATAGCAT-r17,,,210.0,210-270,ABpxpaappp
GATCAGTGTACGCACC-r17,,,260.0,210-270,ABpxppappa
GATCGCGGTAATTGGA-r17,,RIC_parent,360.0,330-390,ABpxppaaaap
GATCGCGTCTGCTGTC-r17,,,195.0,170-210,ABpxppappp
GATCGTAAGAAACGAG-r17,,,270.0,270-330,ABpxpaapaa
GATCGTACATTATCTC-r17,,,275.0,270-330,ABpxppapaa
GATCGTAGTCCATCCT-r17,,,180.0,170-210,ABpxpaaaa
GATCGTATCGGTCTAA-r17,,,185.0,170-210,ABpxpppap
GATCTAGGTAATTGGA-r17,,,185.0,170-210,ABpxpaapa
GATGAAACAGGTCGTC-r17,,,170.0,170-210,ABpxpppaa
GATGAAAGTGCGATAG-r17,Ciliated_amphid_neuron,,170.0,170-210,ABpxpaap
GATGAGGCAGTGGAGT-r17,,,200.0,170-210,ABpxpaaap
GATGAGGTCACCCTCA-r17,,,300.0,270-330,ABpxppappa
GATGAGGTCGGTGTCG-r17,Ciliated_amphid_neuron,Neuroblast_AWC_SAAVx,245.0,210-270,ABpxpaaaaa
GATGCTAAGAGCTGGT-r17,,,300.0,270-330,ABpxppapap
GATTCAGAGGAGTTGC-r17,,SIA,440.0,390-450,ABpxpapaapa/ABpxpapappa
GATTCAGCAAGTCATC-r17,,RIV,360.0,330-390,ABpxpaapaaa
GATTCAGGTCCAAGTT-r17,,,260.0,210-270,ABpxpppppa
GATTCAGGTTGAGGTG-r17,Parent_of_exc_duct_pore_DB_1_3,,295.0,270-330,ABpxpaaaap
GCAAACTTCCTAGGGC-r17,,,230.0,210-270,ABpxpaapa
GCAAACTTCTGCGACG-r17,Excretory_gland,,350.0,330-390,ABpxpapapaa
GCAATCATCCATGAAC-r17,,,170.0,170-210,ABpxppaa
GCAATCATCGGTCCGA-r17,,RIM_parent,310.0,270-330,ABpxppaapa
GCACATACATCACGAT-r17,Ciliated_non_amphid_neuron,,245.0,210-270,ABpxpaaapp
GCACATATCTGTCTAT-r17,,,170.0,170-210,ABpxpaaapp
GCAGCCAAGAGAGCTC-r17,,,290.0,270-330,ABpxppaaaa
GCAGTTACAAAGGTGC-r17,,,300.0,270-330,ABpxpapaaa
GCAGTTAGTTCGTTGA-r17,,,100.0,100-130,ABpxp
GCATACACAGGTGGAT-r17,Parent_of_exc_duct_pore_DB_1_3,,300.0,270-330,ABpxpaaaap
GCATACACATTCCTCG-r17,Pharyngeal_neuron,,300.0,270-330,ABpxpaaaaa
GCATACATCTCACATT-r17,,,260.0,210-270,ABpxpapaaa
GCATGATAGATCACGG-r17,,,190.0,170-210,ABpxpapap
GCATGATAGTACACCT-r17,,RIM,350.0,330-390,ABpxppaapap
GCATGATGTGCTGTAT-r17,Ciliated_amphid_neuron,,260.0,210-270,ABpxpaaaa
GCATGCGTCCCTCTTT-r17,,RIS,725.0,> 650,ABpxppaa
GCATGTAAGTGGGCTA-r17,Ciliated_amphid_neuron,,235.0,210-270,ABpxpaaaa
GCCAAATGTAGTACCT-r17,,,320.0,270-330,ABpxppapap
GCCTCTAAGTAACCCT-r17,Ciliated_non_amphid_neuron,,260.0,210-270,ABpxpaappp
GCCTCTAGTAGTAGTA-r17,,AVB,370.0,330-390,ABpxpaapaap
GCCTCTATCCTTTACA-r17,,RIM,360.0,330-390,ABpxppaapap
GCGAGAAAGGATGCGT-r17,,,280.0,270-330,ABpxpppaaa
GCGAGAATCGCCTGAG-r17,,,190.0,170-210,ABpxpapaa
GCGAGAATCTGTTTGT-r17,,,280.0,270-330,ABpxpapaaa
GCGCAACTCATGTGGT-r17,,RIM_parent,265.0,210-270,ABpxppaapa
GCGCAACTCTAAGCCA-r17,,,230.0,210-270,ABpxppaaa
GCGCAGTAGTCTCGGC-r17,,,300.0,270-330,ABpxppapap
GCGCCAAGTTACTGAC-r17,,,260.0,210-270,ABpxpapaa
GCGCCAATCCACGAAT-r17,Glia,AMso,350.0,330-390,ABpxpaapapa
GCGCGATCACAACTGT-r17,,SIA,360.0,330-390,ABpxpapaapa/ABpxpapappa
GCGCGATGTGTGGTTT-r17,Ciliated_amphid_neuron,AWC,345.0,330-390,ABpxpaaaaap
GCGCGATTCGGTCCGA-r17,,,190.0,170-210,ABpxpaaap
GCGGGTTTCAACGGCC-r17,Ciliated_amphid_neuron,AWC,415.0,390-450,ABpxpaaaaap
GCTCCTAGTATGAATG-r17,,,285.0,270-330,ABpxppaaaa
GCTCCTATCATGCAAC-r17,,,270.0,270-330,ABpxpppaaa
GCTCTGTGTACGCTGC-r17,Pharyngeal_neuron,,270.0,270-330,ABpxpaappa
GCTCTGTTCAACTCTT-r17,,,215.0,210-270,ABpxppppp
GCTGCAGAGAAGGCCT-r17,,,260.0,210-270,ABpxpapaap
GCTGCAGCACTGAAGG-r17,,AVK,390.0,390-450,ABpxpapapap
GCTGCAGGTAAAGTCA-r17,,,275.0,270-330,ABpxppap
GCTGCGAAGGCATGTG-r17,,,290.0,270-330,ABpxpapapp
GCTGCGACACCAGCAC-r17,,,260.0,210-270,ABpxppappa
GCTGCTTAGTTCGCGC-r17,,,210.0,210-270,ABpxppppa
GCTGCTTGTCTCTTTA-r17,,,120.0,100-130,ABpxpa
GCTTCCAAGATATACG-r17,,,290.0,270-330,ABpxppapap
GCTTCCAGTGTGAAAT-r17,,SIA,355.0,330-390,ABpxpapaapa/ABpxpapappa
GCTTCCATCGCCAGCA-r17,,,170.0,170-210,ABpxppapp
GCTTGAAGTACTTCTT-r17,,,190.0,170-210,ABpxppaaa
GCTTGAATCCAGGGCT-r17,,,260.0,210-270,ABpxpapap
GCTTGAATCTGTCTAT-r17,,,295.0,270-330,ABpxpaaaap
GGAACTTTCGTCTGCT-r17,,,270.0,270-330,ABpxpapaaa
GGAATAAAGTATTGGA-r17,Ciliated_amphid_neuron,Neuroblast_ASH_RIB,275.0,270-330,ABpxpaappa
GGACAAGAGCGATATA-r17,,,300.0,270-330,ABpxpapaap
GGACAGACAGGGATTG-r17,,AMso_parent,265.0,210-270,ABpxpaapap
GGACATTCAGAAGCAC-r17,,,180.0,170-210,ABpxppapp
GGACGTCAGATGTGGC-r17,,,125.0,100-130,ABpxppp
GGAGCAATCCTTCAAT-r17,,,200.0,170-210,ABpxpppap
GGATGTTGTAGCGCTC-r17,,,180.0,170-210,ABpxppapp
GGATGTTGTCAATGTC-r17,,,130.0,130-170,ABpxppp
GGCAATTCAGGTCTCG-r17,,,270.0,270-330,ABpxppap
GGCAATTTCAGTGCAT-r17,,,300.0,270-330,ABpxppapap
GGCCGATCAGTCGTGC-r17,Excretory_gland,,355.0,330-390,ABpxpapapaa
GGCCGATCATGGAATA-r17,,SIB,415.0,390-450,ABpxpapaapp/ABpxppaaaaa
GGCCGATTCAGCCTAA-r17,,,260.0,210-270,ABpxpapaap
GGCGACTTCGTACGGC-r17,,AVK,490.0,450-510,ABpxpapapap
GGCGTGTCACAGACAG-r17,,SIA,355.0,330-390,ABpxpapaapa/ABpxpapappa
GGCGTGTGTCCTAGCG-r17,,,160.0,130-170,ABpxpapa
GGCGTGTGTTATGCGT-r17,,,215.0,210-270,ABpxppppaa
GGCGTGTTCCCAACGG-r17,,,195.0,170-210,ABpxpapaa
GGCTCGAAGGACATTA-r17,Excretory_gland,,470.0,450-510,ABpxpapapaa
GGCTCGACAAGCCTAT-r17,,AVB,390.0,390-450,ABpxpaapaap
GGCTGGTGTCCAAGTT-r17,,,300.0,270-330,ABpxpapaap
GGGAATGAGAGGTTAT-r17,,RIV,350.0,330-390,ABpxpaapaaa
GGGAATGGTCTGGTCG-r17,,,200.0,170-210,ABpxppaaa
GGGACCTAGCAACGGT-r17,,,230.0,210-270,ABpxppaapp
GGGAGATCACGCGAAA-r17,,RIC_parent,330.0,330-390,ABpxppaaaap
GGGCATCAGGATGGTC-r17,,,200.0,170-210,ABpxpapaa
GGGCATCGTCATACTG-r17,,,340.0,330-390,ABpxpppaap
GGGTCTGGTCATCCCT-r17,,RIM,440.0,390-450,ABpxppaapap
GGGTCTGTCCTAGAAC-r17,,,300.0,270-330,ABpxppapaa
GGGTTGCCAAGCGAGT-r17,,,260.0,210-270,ABpxppppap
GGTATTGCACACGCTG-r17,,,220.0,210-270,ABpxppaaa
GGTATTGCAGGGAGAG-r17,,,120.0,100-130,ABpxpap
GGTATTGCATGTTGAC-r17,,,185.0,170-210,ABpxppapa
GGTATTGGTCACCTAA-r17,,,300.0,270-330,ABpxppapaa
GGTATTGTCCTCCTAG-r17,Ciliated_amphid_neuron,,230.0,210-270,ABpxpaapa
GGTGAAGCACGTTGGC-r17,,,160.0,130-170,ABpxppaa
GGTGAAGCAGACAGGT-r17,,,130.0,130-170,ABpxppa
GGTGAAGGTGAAAGAG-r17,,,130.0,130-170,ABpxpppp
GGTGCGTTCCTTCAAT-r17,,,300.0,270-330,ABpxppapaa
GGTGTTACACACGCTG-r17,,,195.0,170-210,ABpxpapaa
GTAACGTCAGCCTATA-r17,,AMso_parent,230.0,210-270,ABpxpaapap
GTAACGTGTCGCGTGT-r17,,,210.0,210-270,ABpxpaaapa
GTAACGTTCATCATTC-r17,,,265.0,210-270,ABpxpppppa
GTAACGTTCCGTAGTA-r17,,,280.0,270-330,ABpxpapapp
GTAACTGCACGAAAGC-r17,,CAN,640.0,580-650,ABpxpppa
GTACGTAAGGAATCGC-r17,,,180.0,170-210,ABpxpaaap
GTACTCCGTTCCAACA-r17,Ciliated_amphid_neuron,AWC,390.0,390-450,ABpxpaaaaap
GTACTTTAGCTAACTC-r17,,,130.0,130-170,ABpxpapa
GTACTTTCACATCCAA-r17,Ciliated_amphid_neuron,,240.0,210-270,ABpxpaaaa
GTACTTTGTGTGCCTG-r17,,RIC_parent,340.0,330-390,ABpxppaaaap
GTAGGCCAGCTACCGC-r17,,,310.0,270-330,ABpxpppaaa
GTAGGCCAGTGAACAT-r17,,,260.0,210-270,ABpxpppppa
GTAGGCCCACCGGAAA-r17,,,200.0,170-210,ABpxpaaapp
GTAGTCAAGCGGATCA-r17,,,160.0,130-170,ABpxpapap
GTAGTCACAGCTGCTG-r17,,,180.0,170-210,ABpxpapap
GTAGTCACATGCATGT-r17,,,160.0,130-170,ABpxpaap
GTAGTCATCCAAGTAC-r17,,,230.0,210-270,ABpxppapp
GTATCTTAGCAAATCA-r17,Ciliated_amphid_neuron,,205.0,170-210,ABpxpaaaa
GTATCTTCAAGTCATC-r17,,,200.0,170-210,ABpxpaappp
GTATCTTTCGTAGGAG-r17,,,285.0,270-330,ABpxpppaap
GTATTCTTCTCTGAGA-r17,,,130.0,130-170,ABpxpapa
GTCACAACACTACAGT-r17,,,170.0,170-210,ABpxppppa
GTCACAACAGTCGTGC-r17,,AMso_parent,290.0,270-330,ABpxpaapap
GTCACAAGTAATCACC-r17,,,130.0,130-170,ABpxppaa
GTCACGGGTGCTTCTC-r17,,,155.0,130-170,ABpxppaa
GTCACGGGTGGTAACG-r17,,,330.0,330-390,ABpxppapaa
GTCACGGTCAGGTAAA-r17,,,285.0,270-330,ABpxpaapaa
GTCATTTAGGCAATTA-r17,Ciliated_amphid_neuron,AWC,355.0,330-390,ABpxpaaaaap
GTCATTTCATCCTAGA-r17,,,270.0,270-330,ABpxppapaa
GTCATTTGTGACTCAT-r17,,,260.0,210-270,ABpxppaaa
GTCCTCAAGTAGTGCG-r17,,,130.0,130-170,ABpxppaa
GTCCTCACAGCCTTTC-r17,,,120.0,100-130,ABpxppp
GTCCTCAGTCGGGTCT-r17,,,200.0,170-210,ABpxpppa
GTCGTAACATTGAGCT-r17,,,170.0,170-210,ABpxppppp
GTCTCGTGTTATTCTC-r17,Ciliated_non_amphid_neuron,,260.0,210-270,ABpxpaaapp
GTCTCGTTCTACTCAT-r17,,,320.0,270-330,ABpxppapaa
GTCTCGTTCTAGAGTC-r17,Excretory_gland,,345.0,330-390,ABpxpapapaa
GTCTTCGAGAGTGAGA-r17,,,120.0,100-130,ABpxpp
GTCTTCGAGTTGTCGT-r17,,,295.0,270-330,ABpxppapap
GTCTTCGTCAATCTCT-r17,,,130.0,130-170,ABpxppapp
GTGAAGGAGACGCAAC-r17,,,280.0,270-330,ABpxppppaa
GTGCAGCAGGCAGTCA-r17,,,205.0,170-210,ABpxpaapa
GTGCAGCCAACGCACC-r17,,,185.0,170-210,ABpxpppap
GTGCAGCGTAGCCTAT-r17,,,275.0,270-330,ABpxpapaaa
GTGCAGCTCTCGTATT-r17,,,270.0,270-330,ABpxppaaa
GTGCATAAGAAACCAT-r17,,,295.0,270-330,ABpxpppp
GTGCATAAGTGGGTTG-r17,,,130.0,130-170,ABpxpppa
GTGCTTCAGCCCAGCT-r17,Ciliated_non_amphid_neuron,,265.0,210-270,ABpxpaappp
GTGCTTCAGTTTAGGA-r17,,,270.0,270-330,ABpxppapap
GTGCTTCCATGACATC-r17,,RIC_parent,350.0,330-390,ABpxppaaaap
GTGCTTCGTATGAAAC-r17,,,185.0,170-210,ABpxpppa
GTGCTTCGTCTAGCGC-r17,,,200.0,170-210,ABpxpppaap
GTGCTTCGTTCCACGG-r17,Ciliated_amphid_neuron,,260.0,210-270,ABpxpaaaa
GTGGGTCAGATGCCAG-r17,Ciliated_amphid_neuron,,235.0,210-270,ABpxpaapa
GTGGGTCCAAGGTTCT-r17,,,190.0,170-210,ABpxppapa
GTGGGTCGTGATGCCC-r17,,,170.0,170-210,ABpxppapp
GTGTGCGAGACGCTTT-r17,Pharyngeal_neuron,MC,490.0,450-510,ABpxppppp
GTTAAGCAGATCCTGT-r17,,,170.0,170-210,ABpxppap
GTTAAGCCACTCAGGC-r17,,RIC,395.0,390-450,ABpxppaaaapp
GTTCATTCACGCCAGT-r17,,,285.0,270-330,ABpxppaa
GTTCGGGAGTGGTAGC-r17,,,275.0,270-330,ABpxppappp
GTTCGGGGTTCGAATC-r17,,,260.0,210-270,ABpxpppppa
GTTCTCGCAACTGGCC-r17,,,300.0,270-330,ABpxpppaaa
GTTCTCGCACTTCTGC-r17,,,185.0,170-210,ABpxpaapa
GTTCTCGCATGGATGG-r17,,,180.0,170-210,ABpxpapap
GTTTCTAAGCCGATTT-r17,,,200.0,170-210,ABpxppaaa
GTTTCTAGTAGCTGCC-r17,,,170.0,170-210,ABpxppppa
TAAACCGAGATCACGG-r17,,,100.0,100-130,ABpxp
TAAACCGTCGAGGTAG-r17,,,215.0,210-270,ABpxppppp
TAAACCGTCGCTAGCG-r17,Excretory_gland,,355.0,330-390,ABpxpapapaa
TAAGAGACACGCTTTC-r17,,SIA,340.0,330-390,ABpxpapaapa/ABpxpapappa
TAAGAGATCCGGGTGT-r17,Excretory_gland,,450.0,450-510,ABpxpapapaa
TAAGTGCAGACTTGAA-r17,,,295.0,270-330,ABpxpapapp
TAAGTGCGTGGTCTCG-r17,,AVB,340.0,330-390,ABpxpaapaap
TACACGATCATGGTCA-r17,,,190.0,170-210,ABpxppap
TACAGTGGTGTTTGGT-r17,,,145.0,130-170,ABpxppaa
TACAGTGTCAAACCAC-r17,Ciliated_amphid_neuron,,260.0,210-270,ABpxpaapaa
TACAGTGTCATGTCTT-r17,,,290.0,270-330,ABpxpppppa
TACCTATCAATTCCTT-r17,,,260.0,210-270,ABpxpapaa
TACCTATCATATGCTG-r17,,,200.0,170-210,ABpxppapa
TACCTTACACTCTGTC-r17,,,290.0,270-330,ABpxppappa
TACGGATCAAGCCTAT-r17,,,260.0,210-270,ABpxpapaaa
TACGGATCACGACTCG-r17,Ciliated_amphid_neuron,,260.0,210-270,ABpxpaapaa
TACGGATTCACTTATC-r17,,,200.0,170-210,ABpxppppa
TACGGATTCCGTAGGC-r17,,,170.0,170-210,ABpxppapp
TACGGTAAGTCCATAC-r17,Ciliated_non_amphid_neuron,,265.0,210-270,ABpxpaappp
TACGGTAGTCTAAACC-r17,Ciliated_non_amphid_neuron,,265.0,210-270,ABpxpaappp
TACGGTAGTGCCTGCA-r17,Ciliated_amphid_neuron,AWC,395.0,390-450,ABpxpaaaaap
TACTCATTCACATACG-r17,Ciliated_amphid_neuron,Neuroblast_ASH_RIB,275.0,270-330,ABpxpaappa
TACTCATTCTGTCCGT-r17,,,185.0,170-210,ABpxppaap
TACTCGCAGGACATTA-r17,Excretory_gland,,470.0,450-510,ABpxpapapaa
TACTCGCAGTTACCCA-r17,,,160.0,130-170,ABpxpaaa
TACTCGCTCCTAGGGC-r17,Ciliated_amphid_neuron,AWC,415.0,390-450,ABpxpaaaaap
TACTTACCACTATCTT-r17,Ciliated_amphid_neuron,AWC,440.0,390-450,ABpxpaaaaap
TACTTGTAGGGTCGAT-r17,,,295.0,270-330,ABpxpapaaa
TACTTGTGTACGCTGC-r17,,,215.0,210-270,ABpxpaapp
TACTTGTGTCCTGCTT-r17,,,170.0,170-210,ABpxppppp
TACTTGTGTCGGGTCT-r17,,,130.0,130-170,ABpxppapp
TAGACCAAGCGTGAGT-r17,Ciliated_non_amphid_neuron,,260.0,210-270,ABpxpaaapa
TAGAGCTGTTAAGAAC-r17,Glia,AMso,355.0,330-390,ABpxpaapapa
TAGAGCTTCCAAAGTC-r17,,,290.0,270-330,ABpxppapaa
TAGCCGGCATGGAATA-r17,,,170.0,170-210,ABpxpppaa
TAGCCGGTCGCCCTTA-r17,,,230.0,210-270,ABpxpapaaa
TAGGCATAGTGACTCT-r17,Parent_of_exc_duct_pore_DB_1_3,,270.0,270-330,ABpxpaaaap
TAGTGGTTCATGGTCA-r17,,,190.0,170-210,ABpxpapap
TATCAGGAGACGCTTT-r17,,,180.0,170-210,ABpxppapp
TATCAGGCACGTTGGC-r17,,RIB,395.0,390-450,ABpxpaappap
TATCAGGCACTGTCGG-r17,,,295.0,270-330,ABpxppapaa
TATCAGGGTTTAAGCC-r17,,,275.0,270-330,ABpxpaapaa
TATCTCAAGCCCAACC-r17,,,200.0,170-210,ABpxpapaa
TATCTCATCCGAGCCA-r17,,,220.0,210-270,ABpxpapapp
TATGCCCCATGCAATC-r17,,,205.0,170-210,ABpxppappa
TATTACCAGTTAGCGG-r17,,,290.0,270-330,ABpxppaapp
TATTACCAGTTGAGTA-r17,Ciliated_amphid_neuron,Neuroblast_ASH_RIB,270.0,270-330,ABpxpaappa
TATTACCCAAGCGCTC-r17,,Parents_of_PHsh_hyp8_hyp9,270.0,270-330,ABpxpppapa
TCAATCTGTCGGCACT-r17,,,275.0,270-330,ABpxppaaaa
TCAATCTTCCAGAGGA-r17,,,185.0,170-210,ABpxpaapa
TCACAAGTCCTTGCCA-r17,,SIB,405.0,390-450,ABpxpapaapp/ABpxppaaaaa
TCACGAACACGTTGGC-r17,,RIC,395.0,390-450,ABpxppaaaapp
TCAGATGCACCAGGTC-r17,,,215.0,210-270,ABpxpapaa
TCAGATGCAGTAACGG-r17,,,290.0,270-330,ABpxpaapaa
TCAGATGGTCCGAAGA-r17,,,200.0,170-210,ABpxpppap
TCAGATGTCGATAGAA-r17,Ciliated_amphid_neuron,Neuroblast_AWC_SAAVx,260.0,210-270,ABpxpaaaaa
TCAGCAAGTCGGCACT-r17,,,270.0,270-330,ABpxppappa
TCAGCAATCAATACCG-r17,,,300.0,270-330,ABpxpapaap
TCAGCTCAGCAGATCG-r17,,RIM,390.0,390-450,ABpxppaapap
TCAGCTCCAAGTAATG-r17,,,230.0,210-270,ABpxppaapp
TCAGCTCCACATAACC-r17,,,130.0,130-170,ABpxpppa
TCAGCTCCACGAGGTA-r17,,RIC,435.0,390-450,ABpxppaaaapp
TCAGCTCCATACAGCT-r17,,,265.0,210-270,ABpxpaaaaa
TCAGCTCCATTAGCCA-r17,,,300.0,270-330,ABpxpapaap
TCAGCTCGTACAAGTA-r17,,AVA,775.0,> 650,ABpxpppap
TCAGGATCAGTATGCT-r17,Excretory_duct_and_pore,,450.0,450-510,ABpxpaaaapa
TCAGGATTCAAAGTAG-r17,,PVP,360.0,330-390,ABpxppppaaa
TCAGGATTCTAAGCCA-r17,,,300.0,270-330,ABpxppapap
TCAGGATTCTCCTATA-r17,Ciliated_non_amphid_neuron,,265.0,210-270,ABpxpaaapp
TCAGGTATCACTGGGC-r17,,,200.0,170-210,ABpxppaaa
TCATTACAGGGCTTGA-r17,,AMso_parent,280.0,270-330,ABpxpaapap
TCATTACGTTCAGCGC-r17,,,130.0,130-170,ABpxpaaa
TCATTTGAGAGTGACC-r17,,PVP,450.0,450-510,ABpxppppaaa
TCATTTGTCATTATCC-r17,,,200.0,170-210,ABpxppaap
TCCACACAGTACTTGC-r17,,,200.0,170-210,ABpxpppap
TCCACACAGTTACGGG-r17,,,230.0,210-270,ABpxppaapp
TCCACACCACATTCGA-r17,,,200.0,170-210,ABpxpapap
TCCACACCACTAGTAC-r17,,,260.0,210-270,ABpxpaapaa
TCCCGATAGCTAACTC-r17,,,265.0,210-270,ABpxppapp
TCCCGATAGCTAGTCT-r17,Ciliated_amphid_neuron,AWC,410.0,390-450,ABpxpaaaaap
TCCCGATAGTTTGCGT-r17,,SIB,410.0,390-450,ABpxpapaapp/ABpxppaaaaa
TCCCGATCAACTTGAC-r17,,,130.0,130-170,ABpxpap
TCGAGGCAGAGGACGG-r17,,,265.0,210-270,ABpxpppppa
TCGCGAGGTACGAAAT-r17,,,260.0,210-270,ABpxpapap
TCGCGAGGTGCAACGA-r17,,,280.0,270-330,ABpxppaaaa
TCGCGTTGTACAAGTA-r17,,,200.0,170-210,ABpxppapa
TCGGGACAGCCGGTAA-r17,,,180.0,170-210,ABpxpaaap
TCGGGACGTGGCAAAC-r17,,,230.0,210-270,ABpxppppap
TCGGTAAAGCTCCCAG-r17,,,130.0,130-170,ABpxppaa
TCGGTAAAGTACGTAA-r17,,,175.0,170-210,ABpxppppa
TCGTACCAGACAAGCC-r17,,,290.0,270-330,ABpxpapaap
TCGTAGATCACTTACT-r17,,,265.0,210-270,ABpxpapaaa
TCTATTGGTCATCCCT-r17,,,300.0,270-330,ABpxppapaa
TCTCATATCATTGCCC-r17,Ciliated_non_amphid_neuron,,335.0,330-390,ABpxpapapp
TCTCTAACATCGGACC-r17,,SIB,390.0,390-450,ABpxpapaapp/ABpxppaaaaa
TCTGAGAGTGCCTGTG-r17,Ciliated_amphid_neuron,Neuroblast_AWC_SAAVx,275.0,270-330,ABpxpaaaaa
TCTGGAACAGCTATTG-r17,Glia,AMso,330.0,330-390,ABpxpaapapa
TCTGGAAGTCGCATCG-r17,,,290.0,270-330,ABpxppapaa
TCTGGAAGTTATCCGA-r17,Parent_of_exc_gland_AVK,,270.0,270-330,ABpxpapapa
TGAAAGAAGAAGCCCA-r17,,,245.0,210-270,ABpxppappa
TGAAAGACACCATCCT-r17,,,200.0,170-210,ABpxpapaa
TGAAAGATCACCGGGT-r17,,,260.0,210-270,ABpxpapap
TGACAACCACGTCAGC-r17,,,230.0,210-270,ABpxppapa
TGACGGCCATACCATG-r17,,AIM,490.0,450-510,ABpxpaapppa
TGACTTTGTTGCGTTA-r17,,,170.0,170-210,ABpxppp
TGAGAGGCAGGTCCAC-r17,,,285.0,270-330,ABpxpapapp
TGAGAGGGTCCGAATT-r17,,,130.0,130-170,ABpxpaaa
TGAGAGGTCGGCATCG-r17,,,130.0,130-170,ABpxpppp
TGAGCATGTAGCGCTC-r17,,RIC,620.0,580-650,ABpxpppa
TGAGCATGTCGCGTGT-r17,,,190.0,170-210,ABpxppppp
TGAGCATTCACGCATA-r17,,,270.0,270-330,ABpxpaapaa
TGAGCCGCAGGGTATG-r17,,,245.0,210-270,ABpxppppap
TGAGCCGGTGATAAAC-r17,Glia,AMso,350.0,330-390,ABpxpaapapa
TGAGGGAAGTGGAGAA-r17,,,140.0,130-170,ABpxpaap
TGATTTCAGCTAGTTC-r17,,RIV,350.0,330-390,ABpxpaapaaa
TGATTTCCACGGCTAC-r17,,SIB,405.0,390-450,ABpxpapaapp/ABpxppaaaaa
TGATTTCTCGTGGACC-r17,,,265.0,210-270,ABpxppappp
TGCACCTCAAACGTGG-r17,,,180.0,170-210,ABpxppppaa
TGCCCATCAGCCTTTC-r17,,,125.0,100-130,ABpxppa
TGCCCATCAGTGACAG-r17,,RIM_parent,275.0,270-330,ABpxppaapa
TGCCCTAAGTGACTCT-r17,,,170.0,170-210,ABpxpapap
TGCCCTATCAGCGACC-r17,Ciliated_non_amphid_neuron,,260.0,210-270,ABpxpaaapp
TGCGCAGAGAGACTTA-r17,,,190.0,170-210,ABpxppppa
TGCGCAGAGAGTAAGG-r17,,,130.0,130-170,ABpxpppp
TGCGCAGAGGCAGTCA-r17,,,160.0,130-170,ABpxpaap
TGCGCAGAGTCCGTAT-r17,,,170.0,170-210,ABpxpppp
TGCGCAGCAGTGACAG-r17,,Neuroblast_PVC_LUA,300.0,270-330,ABpxpppaapa
TGCGCAGGTCTCGTTC-r17,Ciliated_amphid_neuron,Neuroblast_AWC_SAAVx,270.0,270-330,ABpxpaaaaa
TGCGCAGTCTTGAGAC-r17,,,270.0,270-330,ABpxpapaap
TGCGTGGCACCGATAT-r17,,,270.0,270-330,ABpxpppaaa
TGCGTGGGTCTTTCAT-r17,,,230.0,210-270,ABpxppapa
TGCGTGGTCCTCTAGC-r17,Ciliated_amphid_neuron,Neuroblast_ASH_RIB,270.0,270-330,ABpxpaappa
TGCGTGGTCGCCATAA-r17,Ciliated_amphid_neuron,AWC,395.0,390-450,ABpxpaaaaap
TGCTACCCACATGACT-r17,,,275.0,270-330,ABpxpapapp
TGCTGCTAGCGAAGGG-r17,Ciliated_non_amphid_neuron,,260.0,210-270,ABpxpaaapp
TGCTGCTAGCGTAATA-r17,,,300.0,270-330,ABpxppapp
TGGACGCCACAGTCGC-r17,Ciliated_non_amphid_neuron,,260.0,210-270,ABpxpaaapp
TGGACGCCAGGCGATA-r17,,,150.0,130-170,ABpxpppa
TGGCCAGCAGCCTATA-r17,,RIV,365.0,330-390,ABpxpaapaaa
TGGCCAGTCTCAACTT-r17,,,190.0,170-210,ABpxpaapaa
TGGCGCAAGGATGTAT-r17,,,245.0,210-270,ABpxppppap
TGGCTGGAGGCTCATT-r17,Ciliated_non_amphid_neuron,,260.0,210-270,ABpxpaaapp
TGGCTGGGTCATATGC-r17,,,170.0,170-210,ABpxpppa
TGGCTGGTCAAGGCTT-r17,,,180.0,170-210,ABpxpapaa
TGGGAAGCAAGCGAGT-r17,,,165.0,130-170,ABpxpppap
TGGGCGTAGCGCCTTG-r17,,,185.0,170-210,ABpxppapp
TGGGCGTTCTGCTGCT-r17,Ciliated_amphid_neuron,Neuroblast_AWC_SAAVx,280.0,270-330,ABpxpaaaaa
TGGTTAGCAATGTTGC-r17,,,260.0,210-270,ABpxpapaap
TGGTTAGGTGTTCGAT-r17,,,290.0,270-330,ABpxppaaaa
TGGTTAGTCTGTACGA-r17,Ciliated_non_amphid_neuron,,260.0,210-270,ABpxpaaapp
TGGTTCCAGGGAAACA-r17,,,260.0,210-270,ABpxppaaa
TGGTTCCCATCGATGT-r17,,,170.0,170-210,ABpxpppa
TGTATTCCAATCGAAA-r17,,,300.0,270-330,ABpxpapapa
TGTATTCGTATAAACG-r17,,,190.0,170-210,ABpxppppa
TGTATTCTCATCTGCC-r17,,,170.0,170-210,ABpxpppa
TGTGTTTAGTCATCCA-r17,,,190.0,170-210,ABpxppppa
TGTGTTTCACAAGTAA-r17,,,170.0,170-210,ABpxppaap
TGTTCCGAGTGGTAAT-r17,,,145.0,130-170,ABpxpaa
TTAACTCAGACACGAC-r17,Parent_of_exc_gland_AVK,,265.0,210-270,ABpxpapapa
TTAACTCAGTTACCCA-r17,,RIC_parent,310.0,270-330,ABpxppaaaap
TTAACTCGTAAAGTCA-r17,,AVK,470.0,450-510,ABpxpapapap
TTAGGCAAGAAACCGC-r17,,,180.0,170-210,ABpxppppp
TTATGCTAGAGCTATA-r17,,,130.0,130-170,ABpxppa
TTATGCTCAGGAATCG-r17,,,200.0,170-210,ABpxppaap
TTATGCTTCCTGCCAT-r17,Glia,ILsh_OLLsh_OLQsh,490.0,450-510,ABpxppppa
TTATGCTTCCTTGCCA-r17,Ciliated_non_amphid_neuron,,265.0,210-270,ABpxpaaapp
TTCCCAGCACATGGGA-r17,,,130.0,130-170,ABpxppaa
TTCCCAGGTTCAGCGC-r17,,,225.0,210-270,ABpxpaapa
TTCCCAGGTTGAGGTG-r17,,,200.0,170-210,ABpxppaa
TTCCCAGTCGAGAACG-r17,Ciliated_non_amphid_neuron,,210.0,210-270,ABpxpaappp
TTCGAAGTCACTTCAT-r17,,,205.0,170-210,ABpxpaaap
TTCGGTCTCCTGTACC-r17,,,300.0,270-330,ABpxppapaa
TTCTCAATCCTTTCTC-r17,,,120.0,100-130,ABpxpp
TTCTCAATCGGTGTCG-r17,,,145.0,130-170,ABpxpaaa
TTGAACGAGTACGATA-r17,,,120.0,100-130,ABpxppa
TTGAACGCAGCGAACA-r17,,,170.0,170-210,ABpxppapa
TTGACTTAGTCCGTAT-r17,,Parent_of_tail_spike_and_hyp10,230.0,210-270,ABpxpppppp
TTGACTTGTCTCCATC-r17,Glia,AMso,450.0,450-510,ABpxpaapapa
TTGCCGTAGCTTATCG-r17,,SIA,370.0,330-390,ABpxpapaapa/ABpxpapappa
TTGCCGTGTCCAGTTA-r17,Parent_of_exc_gland_AVK,,270.0,270-330,ABpxpapaap
TTGCCGTGTCTGCGGT-r17,Ciliated_non_amphid_neuron,OLL,640.0,580-650,ABpxppppa
TTGCGTCCAAACGCGA-r17,,,200.0,170-210,ABpxpaapa
TTGGCAAAGTTAGCGG-r17,Ciliated_amphid_neuron,,245.0,210-270,ABpxpaaa
TTGGCAATCCACGTGG-r17,,,260.0,210-270,ABpxppappp
TTGTAGGAGGGTCTCC-r17,,Neuroblast_PVC_LUA,300.0,270-330,ABpxpppaapa
TTGTAGGGTCGCGAAA-r17,,,145.0,130-170,ABpxpppa
TTTACTGAGATAGGAG-r17,Glia,AMso,350.0,330-390,ABpxpaapapa
TTTACTGCATACTACG-r17,,AVB,335.0,330-390,ABpxpaapaap
TTTACTGCATGAAGTA-r17,,,170.0,170-210,ABpxpppppa
TTTCCTCGTCCGAACC-r17,,,195.0,170-210,ABpxpaappp
TTTGCGCCAGTGAGTG-r17,,,280.0,270-330,ABpxppaaa
TTTGCGCGTCATACTG-r17,,,270.0,270-330,ABpxpapaap
TTTGCGCGTCTCCATC-r17,,,190.0,170-210,ABpxppap
TTTGGTTCAGCTATTG-r17,,,170.0,170-210,ABpxppaa
TTTGGTTCATGGTAGG-r17,Ciliated_amphid_neuron,ASH,375.0,330-390,ABpxpaappaa
TTTGGTTGTAAATACG-r17,,AMso_parent,260.0,210-270,ABpxpaapap
TTTGTCACATTAGGCT-r17,Parent_of_exc_gland_AVK,,290.0,270-330,ABpxpapapa
TTTGTCAGTCGAACAG-r17,,,210.0,210-270,ABpxpaaap
TTTGTCATCGCCTGAG-r17,,,245.0,210-270,ABpxpaapa
AAACCTGAGATCCCGC-b01,,Neuroblast_PVC_LUA,320.0,270-330,ABpxpppaapa
AAACCTGAGTGACTCT-b01,,,210.0,210-270,ABpxpppapa
AAACCTGCACAGACAG-b01,,RIC_parent,335.0,330-390,ABpxppaaaap
AAACGGGAGGTACTCT-b01,,,210.0,210-270,ABpxppppap
AAAGATGGTCCATCCT-b01,,,245.0,210-270,ABpxpaaapp
AAAGCAAAGGCAGTCA-b01,Ciliated_non_amphid_neuron,,260.0,210-270,ABpxpaaapp
AAAGCAATCAACGCTA-b01,,,190.0,170-210,ABpxpppap
AAAGTAGGTCCAGTTA-b01,,,230.0,210-270,ABpxpaaapp
AAATGCCAGATAGGAG-b01,,,200.0,170-210,ABpxppapa
AAATGCCGTCTTCTCG-b01,,,185.0,170-210,ABpxppppa
AACACGTAGCATGGCA-b01,Ciliated_non_amphid_neuron,BAG,550.0,510-580,ABpxpppapa
AACACGTAGCCAGTTT-b01,,,260.0,210-270,ABpxpppapa
AACACGTCAATGAAAC-b01,,,275.0,270-330,ABpxpaapaa
AACACGTGTCTGCAAT-b01,,,170.0,170-210,ABpxpppap
AACCATGAGATAGCAT-b01,,SIA,385.0,330-390,ABpxpapaapa/ABpxpapappa
AACCATGCAATACGCT-b01,,,170.0,170-210,ABpxpppa
AACCATGTCCGTAGGC-b01,,AVL,725.0,> 650,ABpxpaappp
AACGTTGCAAGTCATC-b01,,,130.0,130-170,ABpxpppp
AACGTTGGTTCAACCA-b01,Parent_of_exc_gland_AVK,,280.0,270-330,ABpxpapapa
AACTCAGGTTAGAACA-b01,,,120.0,100-130,ABpxppa
AACTCAGTCTGTCTAT-b01,,,150.0,130-170,ABpxppaa
AACTCCCAGATGCCAG-b01,,,300.0,270-330,ABpxpapapa
AACTCCCAGTACGATA-b01,,,200.0,170-210,ABpxpppap
AACTCTTCAAAGCAAT-b01,,,185.0,170-210,ABpxppaaa
AACTGGTTCACGCATA-b01,,,295.0,270-330,ABpxppaapa
AACTGGTTCTGTACGA-b01,,,280.0,270-330,ABpxpapaap
AACTTTCAGGGCTCTC-b01,,,120.0,100-130,ABpxppp
AACTTTCAGTGTGGCA-b01,,,170.0,170-210,ABpxpapap
AACTTTCCACAGCGTC-b01,,,200.0,170-210,ABpxpapap
AACTTTCGTAGCTAAA-b01,,,120.0,100-130,ABpxppp
AAGACCTAGTCTCCTC-b01,Ciliated_amphid_neuron,Neuroblast_AWC_SAAVx,280.0,270-330,ABpxpaaaaa
AAGCCGCAGTCCGTAT-b01,,,190.0,170-210,ABpxpapap
AAGCCGCAGTTAGCGG-b01,,,200.0,170-210,ABpxppppap
AAGCCGCGTAAGAGAG-b01,,,230.0,210-270,ABpxpaaaap
AAGGAGCGTATGCTTG-b01,Ciliated_amphid_neuron,AWC,400.0,390-450,ABpxpaaaaap
AAGGTTCAGACCACGA-b01,,,300.0,270-330,ABpxppaapp
AATCCAGAGACGACGT-b01,,,190.0,170-210,ABpxpppap
AATCCAGAGGCATGGT-b01,,,130.0,130-170,ABpxpap
AATCCAGAGTGTCTCA-b01,,,130.0,130-170,ABpxppp
AATCCAGTCTTGGGTA-b01,,,180.0,170-210,ABpxppaap
AATCGGTAGCTACCTA-b01,,,170.0,170-210,ABpxpapaa
AATCGGTCACTGAAGG-b01,,AIM,435.0,390-450,ABpxpaapppa
ACACCAAAGAATTCCC-b01,,PVP,470.0,450-510,ABpxppppaaa
ACACCAACATAGAAAC-b01,,RIC_parent,335.0,330-390,ABpxppaaaap
ACACCCTCACCGGAAA-b01,,,185.0,170-210,ABpxpaapa
ACACCCTTCTGCAGTA-b01,,,170.0,170-210,ABpxpapap
ACACTGATCCCTAATT-b01,Ciliated_amphid_neuron,ASH,450.0,450-510,ABpxpaappaa
ACAGCCGGTGGTCCGT-b01,,,230.0,210-270,ABpxpapaa
ACAGCTAAGGACTGGT-b01,,Neuroblast_PVC_LUA,300.0,270-330,ABpxpppaapa
ACATCAGAGAGCTGGT-b01,,,195.0,170-210,ABpxppappp
ACATCAGAGCTAACAA-b01,,,170.0,170-210,ABpxpapaa
ACATCAGAGGCCCTCA-b01,,,190.0,170-210,ABpxpaapa
ACATCAGCAGTGGGAT-b01,Ciliated_non_amphid_neuron,,265.0,210-270,ABpxppapa
ACATGGTAGACAAGCC-b01,,,220.0,210-270,ABpxppaaa
ACCAGTACACAGTCGC-b01,,,120.0,100-130,ABpxppp
ACCAGTAGTAAACCTC-b01,,,130.0,130-170,ABpxpapaa
ACCAGTAGTAATAGCA-b01,Ciliated_non_amphid_neuron,,260.0,210-270,ABpxpaaapp
ACCAGTATCCTGCCAT-b01,,,155.0,130-170,ABpxppaa
ACCAGTATCTACCAGA-b01,,,300.0,270-330,ABpxpaapaa
ACCAGTATCTATCGCC-b01,Ciliated_amphid_neuron,ASH,380.0,330-390,ABpxpaappaa
ACCGTAACAAGAGGCT-b01,,,290.0,270-330,ABpxppappa
ACCGTAATCCTCTAGC-b01,,,150.0,130-170,ABpxpaap
ACCTTTAAGGCCGAAT-b01,Ciliated_amphid_neuron,ASH,380.0,330-390,ABpxpaappaa
ACCTTTAAGTAGCCGA-b01,,,170.0,170-210,ABpxpaapp
ACGAGCCAGAACTGTA-b01,,,210.0,210-270,ABpxppppa
ACGAGCCCACGTCTCT-b01,,,195.0,170-210,ABpxpapapp
ACGAGCCGTGTCCTCT-b01,,,175.0,170-210,ABpxppppaa
ACGAGGACAATTGCTG-b01,,,330.0,330-390,ABpxpapaaa
ACGAGGACATTCGACA-b01,,,190.0,170-210,ABpxpapapa
ACGAGGAGTCGGATCC-b01,,,170.0,170-210,ABpxpapap
ACGATGTTCGCTAGCG-b01,,,200.0,170-210,ABpxppapa
ACGCAGCCAGACGCCT-b01,,,200.0,170-210,ABpxpppap
ACGCAGCTCAAACGGG-b01,,,170.0,170-210,ABpxppppp
ACGCCAGAGCTTCGCG-b01,,,200.0,170-210,ABpxppaap
ACGCCAGAGTTCCACA-b01,,,180.0,170-210,ABpxpapaa
ACGCCAGGTTTGTTGG-b01,,,225.0,210-270,ABpxpaapap
ACGCCGAAGAACTCGG-b01,,,160.0,130-170,ABpxpppp
ACGCCGACATGCATGT-b01,,,180.0,170-210,ABpxpppaaa
ACGGAGACATGTTCCC-b01,Ciliated_amphid_neuron,AFD,640.0,580-650,ABpxpaappp
ACGGAGAGTATGAATG-b01,,,285.0,270-330,ABpxpapaap
ACGGCCAAGCAGCCTC-b01,,,270.0,270-330,ABpxpapaap
ACGGCCAGTCAGATAA-b01,,,310.0,270-330,ABpxppappp
ACGGCCAGTTTGTTTC-b01,,,160.0,130-170,ABpxppaa
ACGGCCATCCAGAAGG-b01,,,300.0,270-330,ABpxppapaa
ACGGGCTAGCTGCGAA-b01,Excretory_gland,,420.0,390-450,ABpxpapapaa
ACGGGCTCAATGTTGC-b01,Ciliated_non_amphid_neuron,,260.0,210-270,ABpxpaappp
ACGGGCTCACGCTTTC-b01,,,195.0,170-210,ABpxpaapp
ACGGGCTGTCGTTGTA-b01,,,160.0,130-170,ABpxpppp
ACGGGTCAGAGGACGG-b01,,,170.0,170-210,ABpxpppa
ACGGGTCGTCGACTAT-b01,,,285.0,270-330,ABpxppaaaa
ACGGGTCTCAGGTAAA-b01,,RIC_parent,320.0,270-330,ABpxppaaaap
ACGTCAAAGTGGAGTC-b01,,,120.0,100-130,ABpxpp
ACGTCAAGTCGTGGCT-b01,,,245.0,210-270,ABpxppaapp
ACTATCTAGACATAAC-b01,,,130.0,130-170,ABpxpppp
ACTGAACAGAATTCCC-b01,,,245.0,210-270,ABpxpaapp
ACTGAACAGAGTGAGA-b01,,I5,585.0,580-650,ABpxppaa
ACTGAGTGTCTGATTG-b01,Ciliated_amphid_neuron,Neuroblast_ASH_RIB,270.0,270-330,ABpxpaappa
ACTGTCCAGGATGCGT-b01,,,260.0,210-270,ABpxpaapaa
ACTGTCCTCCGCGGTA-b01,,,300.0,270-330,ABpxppapaa
ACTTACTCAATGCCAT-b01,,,280.0,270-330,ABpxppapaa
ACTTGTTAGGTAAACT-b01,,,260.0,210-270,ABpxppppap
ACTTGTTAGTAACCCT-b01,,,170.0,170-210,ABpxppaa
ACTTGTTCAAAGAATC-b01,,,180.0,170-210,ABpxpppa
ACTTTCAAGTAGTGCG-b01,,,150.0,130-170,ABpxppapp
ACTTTCACAGGAATCG-b01,,,155.0,130-170,ABpxpaap
ACTTTCAGTACGCACC-b01,,,190.0,170-210,ABpxpppap
ACTTTCATCACCGGGT-b01,,,220.0,210-270,ABpxpppppa
AGAATAGCAGGCTGAA-b01,,,130.0,130-170,ABpxpppp
AGAATAGGTTCCAACA-b01,Ciliated_amphid_neuron,Neuroblast_ASH_RIB,285.0,270-330,ABpxpaappa
AGAATAGTCAACACGT-b01,,RIM_parent,275.0,270-330,ABpxpaappa
AGAATAGTCCAAGTAC-b01,Ciliated_amphid_neuron,Neuroblast_AWC_SAAVx,230.0,210-270,ABpxpaaaaa
AGAGCGACAATGGAGC-b01,,,185.0,170-210,ABpxppapp
AGAGCGACACTAAGTC-b01,,Neuroblast_PVC_LUA,325.0,270-330,ABpxpppaapa
AGAGCGATCGGTTAAC-b01,Glia,AMso,490.0,450-510,ABpxpaapapa
AGAGCGATCTCTGCTG-b01,,,270.0,270-330,ABpxpaappp
AGAGCGATCTTACCTA-b01,,,155.0,130-170,ABpxppapp
AGAGCTTAGGATCGCA-b01,,,330.0,330-390,ABpxpapaaa
AGAGCTTCAATACGCT-b01,,Parent_of_tail_spike_and_hyp10,225.0,210-270,ABpxpppppp
AGAGCTTGTTCAGACT-b01,Ciliated_amphid_neuron,Neuroblast_AWC_SAAVx,245.0,210-270,ABpxpaaaaa
AGAGTGGCATGCCTAA-b01,Excretory_gland,,350.0,330-390,ABpxpapapaa
AGAGTGGGTTTACTCT-b01,,RIC_parent,325.0,270-330,ABpxppaaaap
AGAGTGGTCGCCATAA-b01,,,130.0,130-170,ABpxppp
AGATCTGCATGTAGTC-b01,Ciliated_non_amphid_neuron,,230.0,210-270,ABpxpaaapa
AGATCTGTCTAGCACA-b01,,,180.0,170-210,ABpxppaaa
AGATTGCAGGACTGGT-b01,Ciliated_non_amphid_neuron,,245.0,210-270,ABpxpaaapp
AGATTGCGTGGAAAGA-b01,,,260.0,210-270,ABpxppaaa
AGCAGCCCATACAGCT-b01,,RIC_parent,350.0,330-390,ABpxppaaaap
AGCATACGTAGCGATG-b01,Ciliated_amphid_neuron,Neuroblast_ASH_RIB,270.0,270-330,ABpxpaappa
AGCGGTCAGAGGTAGA-b01,,RIC_parent,330.0,330-390,ABpxppaaaap
AGCGGTCAGTTGTCGT-b01,,,210.0,210-270,ABpxpaaaap
AGCGGTCCACTTAACG-b01,,AVG,520.0,510-580,ABpxppapa
AGCGGTCCATTACCTT-b01,,SIA,405.0,390-450,ABpxpapaapa/ABpxpapappa
AGCGTATAGAAGGCCT-b01,,,220.0,210-270,ABpxpaaaap
AGCGTATAGTTGTCGT-b01,,,170.0,170-210,ABpxpppap
AGCGTATGTAGATTAG-b01,,,190.0,170-210,ABpxpaaapa
AGCGTCGGTGCGGTAA-b01,,,120.0,100-130,ABpxpa
AGCTCCTAGAATCTCC-b01,,,230.0,210-270,ABpxppaapp
AGCTCCTAGCTCCCAG-b01,,,130.0,130-170,ABpxpapa
AGCTCCTGTGTTCGAT-b01,Ciliated_amphid_neuron,AWC,410.0,390-450,ABpxpaaaaap
AGCTCCTGTTTGTTTC-b01,,,170.0,170-210,ABpxpppa
AGCTCCTTCGCCATAA-b01,,,230.0,210-270,ABpxpaaapp
AGCTCTCAGTCCCACG-b01,,,120.0,100-130,ABpxpa
AGCTCTCCACATCCGG-b01,,,285.0,270-330,ABpxpaaapp
AGCTCTCTCAAACCAC-b01,Glia,AMso,450.0,450-510,ABpxpaapapa
AGCTCTCTCTACCTGC-b01,,,190.0,170-210,ABpxppppa
AGGCCACTCGGCGCTA-b01,,,260.0,210-270,ABpxpppppa
AGGCCGTTCGGTCCGA-b01,,,205.0,170-210,ABpxpaapa
AGGGAGTCAATGGAGC-b01,,,190.0,170-210,ABpxpapaa
AGGGAGTCACTACAGT-b01,,,185.0,170-210,ABpxpaap
AGGGAGTCAGTCGTGC-b01,,,320.0,270-330,ABpxppapa
AGGGAGTTCCAAGCCG-b01,,,170.0,170-210,ABpxppapa
AGGGAGTTCCGATATG-b01,Ciliated_amphid_neuron,ASH,450.0,450-510,ABpxpaappaa
AGGGATGGTCTCTTAT-b01,,,170.0,170-210,ABpxppppa
AGGGATGGTCTGATTG-b01,Ciliated_non_amphid_neuron,,245.0,210-270,ABpxppaapa
AGGGATGGTTAAGGGC-b01,,,175.0,170-210,ABpxpaap
AGGGTGAAGCGTTGCC-b01,,,295.0,270-330,ABpxpapapp
AGGTCATAGACAGAGA-b01,,,260.0,210-270,ABpxpppppp
AGGTCATAGTTCGCAT-b01,,,100.0,100-130,ABpxp
AGGTCATCATTGGGCC-b01,Ciliated_non_amphid_neuron,,245.0,210-270,ABpxpaaapp
AGTAGTCTCCAAAGTC-b01,,,195.0,170-210,ABpxppaaa
AGTGAGGCAAGCTGGA-b01,,,260.0,210-270,ABpxppppaa
AGTGAGGTCGCCAGCA-b01,,,200.0,170-210,ABpxpaaaap
AGTGGGAGTTACCGAT-b01,Ciliated_non_amphid_neuron,,260.0,210-270,ABpxpaappp
AGTGTCACATTCTTAC-b01,Glia,AMso,370.0,330-390,ABpxpaapapa
ATAACGCTCCCTAATT-b01,,SIA,500.0,450-510,ABpxpapaapa/ABpxpapappa
ATAACGCTCGTTACAG-b01,,,340.0,330-390,ABpxppappp
ATAAGAGTCCGTAGTA-b01,,,150.0,130-170,ABpxpaap
ATAGACCCACCGGAAA-b01,,,285.0,270-330,ABpxpaapaa
ATAGACCGTAGGCATG-b01,,,270.0,270-330,ABpxpapaaa
ATAGACCGTCACAAGG-b01,Excretory_duct_and_pore,,395.0,390-450,ABpxpaaaapa
ATCACGAAGACTCGGA-b01,,,320.0,270-330,ABpxppapaa
ATCACGATCGTCACGG-b01,,,190.0,170-210,ABpxppaaa
ATCATGGTCACAATGC-b01,,Neuroblast_PVC_LUA,320.0,270-330,ABpxpppaapa
ATCCACCAGAGTGAGA-b01,,,300.0,270-330,ABpxppappa
ATCCACCCAAACCCAT-b01,,,100.0,100-130,ABpxp
ATCCACCCACATGTGT-b01,,,300.0,270-330,ABpxppappp
ATCCACCTCCGCGGTA-b01,,RIM_parent,300.0,270-330,ABpxppaapa
ATCCGAATCATTGCGA-b01,,,225.0,210-270,ABpxpaapap
ATCCGAATCTCATTCA-b01,,,170.0,170-210,ABpxppaapp
ATCGAGTCAAGCGCTC-b01,,,160.0,130-170,ABpxpapa
ATCGAGTCAGCTGCTG-b01,,,130.0,130-170,ABpxpapa
ATCTACTAGGTTACCT-b01,,,290.0,270-330,ABpxppapaa
ATCTGCCAGACAAGCC-b01,,,180.0,170-210,ABpxppppp
ATCTGCCCAGTAGAGC-b01,,,285.0,270-330,ABpxpaapaa
ATCTGCCTCATTATCC-b01,,RIM,415.0,390-450,ABpxppaapap
ATCTGCCTCTTCTGGC-b01,,AVB,360.0,330-390,ABpxpaapaap
ATCTGCCTCTTGTATC-b01,,RIV,380.0,330-390,ABpxpaapaaa
ATGAGGGTCCAGTATG-b01,,,170.0,170-210,ABpxppaaaa
ATGCGATAGGGCTCTC-b01,,,150.0,130-170,ABpxpppa
ATGCGATAGGGTCTCC-b01,,Parents_of_U_F_B_DVA,285.0,270-330,ABpxppppap
ATGCGATCATGCATGT-b01,,,260.0,210-270,ABpxpppap
ATGCGATGTCTAGAGG-b01,,,265.0,210-270,ABpxpaapaa
ATGGGAGCACATTAGC-b01,,,330.0,330-390,ABpxppapap
ATGGGAGGTAAGTAGT-b01,,,220.0,210-270,ABpxpppaaa
ATGGGAGTCGCTTGTC-b01,,,260.0,210-270,ABpxpaaapp
ATGTGTGAGTGTCCAT-b01,,,160.0,130-170,ABpxpppa
ATGTGTGGTACCGTAT-b01,,,195.0,170-210,ABpxpapaa
ATGTGTGGTTGCGTTA-b01,,URB_and_possibly_URA,585.0,580-650,ABpxpppa
ATGTGTGTCAACGAAA-b01,,,280.0,270-330,ABpxppapaa
ATTACTCAGACTGGGT-b01,Glia,AMso,450.0,450-510,ABpxpaapapa
ATTATCCCATCGGTTA-b01,,RIC_parent,290.0,270-330,ABpxppaaaap
ATTCTACCACGGTAGA-b01,,,160.0,130-170,ABpxppaa
ATTCTACCAGTTAACC-b01,,,230.0,210-270,ABpxpaaapa
ATTCTACGTAGAGCTG-b01,,,190.0,170-210,ABpxpaaaa
ATTCTACGTTGACGTT-b01,,,300.0,270-330,ABpxppappp
ATTCTACTCCACGTTC-b01,,,260.0,210-270,ABpxppappp
ATTGGACAGGATCGCA-b01,,,195.0,170-210,ABpxppapp
ATTGGACCAGCTTCGG-b01,,,270.0,270-330,ABpxpppppa
ATTGGACGTAAAGTCA-b01,,,185.0,170-210,ABpxpaapp
ATTGGTGAGGACTGGT-b01,,,155.0,130-170,ABpxpppa
ATTTCTGAGAAGGTGA-b01,Glia,AMso,490.0,450-510,ABpxpaapapa
ATTTCTGAGACTTTCG-b01,,,195.0,170-210,ABpxpapaa
ATTTCTGCAAGTTAAG-b01,,,165.0,130-170,ABpxppap
CAACCAACACAGCCCA-b01,,,180.0,170-210,ABpxpppaaa
CAACCAACACCATCCT-b01,,,270.0,270-330,ABpxpaapaa
CAACCTCAGAAACGCC-b01,Excretory_gland,,390.0,390-450,ABpxpapapaa
CAACCTCAGGAGTACC-b01,,,185.0,170-210,ABpxppapa
CAACTAGCAACACCCG-b01,,,205.0,170-210,ABpxpapaa
CAACTAGGTTGTTTGG-b01,,,265.0,210-270,ABpxpppaap
CAACTAGTCACTATTC-b01,,,130.0,130-170,ABpxpppp
CAAGAAACATGCCTAA-b01,Ciliated_amphid_neuron,ASH,395.0,390-450,ABpxpaappaa
CAAGAAAGTATGGTTC-b01,Ciliated_amphid_neuron,,260.0,210-270,ABpxpppaaa
CAAGATCGTACATGTC-b01,,,190.0,170-210,ABpxppaaa
CAAGGCCGTAAAGGAG-b01,,,130.0,130-170,ABpxpaaaap
CAAGTTGAGATAGTCA-b01,,Parent_of_tail_spike_and_hyp10,220.0,210-270,ABpxpppppp
CAAGTTGCACTGTGTA-b01,,,265.0,210-270,ABpxpaaapp
CAAGTTGGTACCCAAT-b01,,,470.0,450-510,ABpxppaa
CAAGTTGTCCCTTGCA-b01,,,300.0,270-330,ABpxpapaap
CAAGTTGTCCTCATTA-b01,,,195.0,170-210,ABpxppaa
CACAAACGTTCAGGCC-b01,,,245.0,210-270,ABpxpaappp
CACAAACTCGTTTGCC-b01,,,190.0,170-210,ABpxpaapa
CACACAACATAGAAAC-b01,,,210.0,210-270,ABpxppaap
CACACCTAGGATGCGT-b01,,,190.0,170-210,ABpxpppap
CACACCTAGTACTTGC-b01,,,195.0,170-210,ABpxpppa
CACACCTCATTGGCGC-b01,,,290.0,270-330,ABpxppaaaa
CACACCTTCCGAAGAG-b01,,,170.0,170-210,ABpxppappp
CACAGTAAGAGTGAGA-b01,,,230.0,210-270,ABpxpaaaap
CACAGTAAGGAGCGTT-b01,,,270.0,270-330,ABpxppappp
CACAGTAGTCGCGAAA-b01,,,285.0,270-330,ABpxppapaa
CACATTTAGACGACGT-b01,Ciliated_amphid_neuron,Neuroblast_AWC_SAAVx,245.0,210-270,ABpxpaaaaa
CACCAGGAGAAGGCCT-b01,,RIV,385.0,330-390,ABpxpaapaaa
CACCAGGAGTTTAGGA-b01,,Neuroblast_PVC_LUA,330.0,330-390,ABpxpppaapa
CACTCCATCCTGTACC-b01,,,170.0,170-210,ABpxpapap
CAGAATCCATGCCTTC-b01,,,170.0,170-210,ABpxpaap
CAGAATCTCACGGTTA-b01,,DB,335.0,330-390,ABpxppapaa
CAGAGAGCACACATGT-b01,Ciliated_non_amphid_neuron,,275.0,270-330,ABpxpaappp
CAGAGAGGTGTTCTTT-b01,,,160.0,130-170,ABpxppapp
CAGCAGCAGGAGTCTG-b01,,,230.0,210-270,ABpxpaaaap
CAGCATAGTGGTAACG-b01,,,245.0,210-270,ABpxpaappp
CAGCATAGTTTGTGTG-b01,,,200.0,170-210,ABpxpaappp
CAGCATATCACCATAG-b01,,,210.0,210-270,ABpxpaapp
CAGCATATCGGTGTCG-b01,,,180.0,170-210,ABpxppaap
CAGCATATCGGTTCGG-b01,,,195.0,170-210,ABpxpaapa
CAGCCGAAGAGTAATC-b01,,,270.0,270-330,ABpxpapapp
CAGCCGAGTTAGTGGG-b01,,RIC_parent,310.0,270-330,ABpxppaaaap
CAGCCGATCTTGTCAT-b01,,,295.0,270-330,ABpxppaapp
CAGCTAATCTTCAACT-b01,,,205.0,170-210,ABpxpaapa
CAGCTGGAGCCAGAAC-b01,,,260.0,210-270,ABpxppppap
CAGGTGCGTGACTCAT-b01,,,130.0,130-170,ABpxppaa
CAGTAACAGACCACGA-b01,Ciliated_non_amphid_neuron,,230.0,210-270,ABpxpaappp
CAGTAACCAGACAAGC-b01,,,280.0,270-330,ABpxppappa
CAGTAACGTATCGCAT-b01,,,175.0,170-210,ABpxpaapp
CAGTAACGTCTTCGTC-b01,,,195.0,170-210,ABpxpaapp
CAGTCCTGTAGCCTAT-b01,,,260.0,210-270,ABpxpapaa
CAGTCCTGTTCGGGCT-b01,,,180.0,170-210,ABpxpppa
CATATGGGTAAGCACG-b01,,,170.0,170-210,ABpxppppa
CATATTCGTGAACCTT-b01,,,285.0,270-330,ABpxpppaaa
CATCAGATCAAGGTAA-b01,,,190.0,170-210,ABpxppapa
CATCCACAGATGTTAG-b01,,,280.0,270-330,ABpxppappa
CATCCACGTCTCCACT-b01,,,170.0,170-210,ABpxpppap
CATCGAACACTAGTAC-b01,,AVA,670.0,> 650,ABpxppaaa
CATCGAACAGTGAGTG-b01,,,215.0,210-270,ABpxpaaaa
CATCGAATCGGCCGAT-b01,,SIA,470.0,450-510,ABpxpapaapa/ABpxpapappa
CATGACAGTCTTGCGG-b01,,,280.0,270-330,ABpxpaapaa
CATGGCGAGTTCCACA-b01,,RIC_parent,355.0,330-390,ABpxppaaaap
CATGGCGCACAGACAG-b01,Ciliated_non_amphid_neuron,,270.0,270-330,ABpxpaappp
CATGGCGGTAGCGATG-b01,,,190.0,170-210,ABpxpppap
CATGGCGTCCAGGGCT-b01,,,260.0,210-270,ABpxppapap
CATTATCGTCTGGAGA-b01,,AMso_parent,260.0,210-270,ABpxpaapap
CATTATCTCGTACCGG-b01,,,180.0,170-210,ABpxpaap
CATTCGCAGAAGGTTT-b01,,,175.0,170-210,ABpxppapa
CATTCGCGTTACCAGT-b01,,,210.0,210-270,ABpxpppppp
CATTCGCTCGTACCGG-b01,,,215.0,210-270,ABpxppap
CCAATCCGTCAAAGAT-b01,,,275.0,270-330,ABpxpaapap
CCAATCCTCGGAAACG-b01,,,140.0,130-170,ABpxppaa
CCAATCCTCGGCTTGG-b01,,AMso_parent,245.0,210-270,ABpxpaapap
CCACCTATCAATCTCT-b01,,,130.0,130-170,ABpxppp
CCACTACCACACTGCG-b01,,,170.0,170-210,ABpxppaaa
CCACTACCATAGGATA-b01,,,130.0,130-170,ABpxpaap
CCACTACGTCTAACGT-b01,,,160.0,130-170,ABpxpaaa
CCACTACTCTCCCTGA-b01,,,190.0,170-210,ABpxpppap
CCAGCGAAGGACAGCT-b01,,,200.0,170-210,ABpxppppp
CCAGCGACAAACGTGG-b01,,,195.0,170-210,ABpxppappa
CCAGCGACACGAAATA-b01,,,190.0,170-210,ABpxppappp
CCAGCGACATTGCGGC-b01,,,300.0,270-330,ABpxppapaa
CCATGTCAGGTGCAAC-b01,,RIM_parent,295.0,270-330,ABpxppaapa
CCATGTCAGGTGCTTT-b01,,,220.0,210-270,ABpxpppa
CCATGTCGTTGGTAAA-b01,,,170.0,170-210,ABpxppppp
CCATGTCTCACCGGGT-b01,,,190.0,170-210,ABpxpapap
CCATTCGAGCGCCTCA-b01,,AVK,415.0,390-450,ABpxpapapap
CCATTCGCACCGTTGG-b01,,,155.0,130-170,ABpxpaa
CCATTCGCACGCTTTC-b01,,,185.0,170-210,ABpxpaapa
CCATTCGGTGTTTGTG-b01,,,200.0,170-210,ABpxpppap
CCCAATCAGCGTGTCC-b01,Ciliated_amphid_neuron,Neuroblast_AWC_SAAVx,215.0,210-270,ABpxpaaaaa
CCCAATCCAGGCGATA-b01,,,155.0,130-170,ABpxpaap
CCCAATCGTCATCGGC-b01,,RIV,375.0,330-390,ABpxpaapaaa
CCCAATCGTTCGTCTC-b01,,,300.0,270-330,ABpxpaaaap
CCCAGTTAGTGTGGCA-b01,Ciliated_non_amphid_neuron,,270.0,270-330,ABpxpaappp
CCCAGTTAGTGTTTGC-b01,,RIC_parent,340.0,330-390,ABpxppaaaap
CCCAGTTGTGATGCCC-b01,,,245.0,210-270,ABpxpaapap
CCCAGTTTCAGCAACT-b01,,Parent_of_tail_spike_and_hyp10,230.0,210-270,ABpxppppap
CCCAGTTTCGAATCCA-b01,,RIM_parent,270.0,270-330,ABpxpapapa
CCCATACCACACCGCA-b01,,,175.0,170-210,ABpxppaa
CCCATACTCCTCCTAG-b01,,,230.0,210-270,ABpxppapa
CCCATACTCTGCTGCT-b01,,,190.0,170-210,ABpxppaap
CCCTCCTCATCCCATC-b01,,,200.0,170-210,ABpxppaaa
CCGGGATCACGTGAGA-b01,,,260.0,210-270,ABpxpaaaap
CCGGGATGTAGCACGA-b01,Ciliated_amphid_neuron,Neuroblast_AWC_SAAVx,240.0,210-270,ABpxpaaaaa
CCGTACTAGTCTTGCA-b01,,,160.0,130-170,ABpxpppa
CCGTACTGTAGCCTAT-b01,,,265.0,210-270,ABpxpaap
CCGTACTGTCCAACTA-b01,,,130.0,130-170,ABpxpppp
CCGTACTTCCACTCCA-b01,,,185.0,170-210,ABpxppaap
CCGTGGAAGTCATGCT-b01,Pharyngeal_neuron,,310.0,270-330,ABpxpaapaa
CCGTGGACAGTATGCT-b01,,,270.0,270-330,ABpxpppaap
CCGTTCACAGATGGCA-b01,,,160.0,130-170,ABpxpaap
CCGTTCATCCTCAACC-b01,,,225.0,210-270,ABpxppa
CCTAAAGAGAGCTGCA-b01,,,300.0,270-330,ABpxppapap
CCTAAAGGTCAAGCGA-b01,Ciliated_non_amphid_neuron,,275.0,270-330,ABpxpaappp
CCTACACAGTACGCGA-b01,,,195.0,170-210,ABpxpaaa
CCTACCACATTTCAGG-b01,,,190.0,170-210,ABpxppppp
CCTACCAGTCATCGGC-b01,,,160.0,130-170,ABpxpapap
CCTAGCTCAGGTGCCT-b01,,,270.0,270-330,ABpxpaapaa
CCTAGCTCATGAAGTA-b01,,,280.0,270-330,ABpxppaaaa
CCTAGCTTCCAAGTAC-b01,,,180.0,170-210,ABpxppapp
CCTAGCTTCCCTGACT-b01,,,130.0,130-170,ABpxpapa
CCTCTGAGTTGTGGCC-b01,,,220.0,210-270,ABpxpppppp
CCTTACGGTAGCGTAG-b01,,,130.0,130-170,ABpxpapa
CCTTCCCCAGGATCGA-b01,,,190.0,170-210,ABpxppppp
CCTTCCCGTCAATGTC-b01,,,270.0,270-330,ABpxpaapaa
CCTTCCCGTGACTCAT-b01,Ciliated_non_amphid_neuron,,245.0,210-270,ABpxpaaapp
CCTTCGAAGACACTAA-b01,,,270.0,270-330,ABpxppaa
CCTTCGACACAGAGGT-b01,,,260.0,210-270,ABpxpppapa
CCTTCGACACGACTCG-b01,,,200.0,170-210,ABpxppppaa
CCTTCGAGTCGGCTCA-b01,Glia,AMso,490.0,450-510,ABpxpaapapa
CCTTCGAGTTCGTCTC-b01,,,220.0,210-270,ABpxppppap
CCTTCGATCAAACAAG-b01,,AVB,390.0,390-450,ABpxpaapaap
CCTTCGATCAACACCA-b01,,,165.0,130-170,ABpxpppp
CCTTCGATCTATCCTA-b01,,,225.0,210-270,ABpxpaapa
CCTTTCTAGCCAGTAG-b01,,,180.0,170-210,ABpxppapp
CCTTTCTTCTTGTACT-b01,,,300.0,270-330,ABpxpppaaa
CGAATGTCACTCGACG-b01,,,210.0,210-270,ABpxpaapp
CGACTTCTCAACGCTA-b01,,AIM,410.0,390-450,ABpxpaapppa
CGAGAAGCACACAGAG-b01,,,195.0,170-210,ABpxpapaa
CGAGAAGTCAACACCA-b01,,RIC_parent,325.0,270-330,ABpxppaaaap
CGAGAAGTCTTGTATC-b01,Excretory_duct_and_pore,,325.0,270-330,ABpxpaaaapa
CGAGCACAGCACAGGT-b01,,,170.0,170-210,ABpxppppa
CGAGCACGTCTAGTGT-b01,,,170.0,170-210,ABpxpapaap
CGAGCACGTGTGAAAT-b01,,,165.0,130-170,ABpxpaaa
CGAGCACTCTGTCTCG-b01,,,180.0,170-210,ABpxppppa
CGAGCCAAGACCTAGG-b01,,,190.0,170-210,ABpxpaapa
CGAGCCAAGCTAAGAT-b01,,,300.0,270-330,ABpxpapapp
CGATGGCAGTGGGTTG-b01,,,120.0,100-130,ABpxpp
CGATGTAAGATAGGAG-b01,,,205.0,170-210,ABpxpaapp
CGATGTATCTAACTTC-b01,,,260.0,210-270,ABpxpapaa
CGATGTATCTCAAACG-b01,,,260.0,210-270,ABpxpppp
CGATTGACAGACTCGC-b01,,,190.0,170-210,ABpxppppp
CGATTGATCTTAACCT-b01,,,270.0,270-330,ABpxpaaaap
CGCCAAGGTCGACTGC-b01,,,300.0,270-330,ABpxppppap
CGCCAAGTCCAGTAGT-b01,,,130.0,130-170,ABpxpppp
CGCGGTAGTGACGGTA-b01,,,160.0,130-170,ABpxppppp
CGCGTTTTCCTTGCCA-b01,,,265.0,210-270,ABpxpppppa
CGCGTTTTCTATCCTA-b01,,AVB,390.0,390-450,ABpxpaapaap
CGGACACGTCAGCTAT-b01,,RIC_parent,370.0,330-390,ABpxppaaaap
CGGACACTCTCCTATA-b01,,,270.0,270-330,ABpxpaaaaa
CGGACGTAGCAGCGTA-b01,,,230.0,210-270,ABpxppaaaa
CGGACGTGTTCACCTC-b01,,,130.0,130-170,ABpxppa
CGGAGTCTCGAATGCT-b01,,,260.0,210-270,ABpxpaaapp
CGGCTAGAGCCACGTC-b01,,,585.0,580-650,ABpxppapap
CGGCTAGAGGGCTTGA-b01,Ciliated_amphid_neuron,,245.0,210-270,ABpxpaaaa
CGGGTCAAGCAGGTCA-b01,,,230.0,210-270,ABpxpppaap
CGGGTCAAGGGCTTGA-b01,,,300.0,270-330,ABpxppappa
CGGGTCAAGTGTGAAT-b01,,,130.0,130-170,ABpxppp
CGGGTCACAGACGCTC-b01,,,195.0,170-210,ABpxpapaa
CGGGTCAGTTCTCATT-b01,,,190.0,170-210,ABpxpapapa
CGGGTCATCCAAACAC-b01,,,120.0,100-130,ABpxppa
CGGGTCATCGCCGTGA-b01,,,245.0,210-270,ABpxpaaapp
CGGTTAACAGTTAACC-b01,,,300.0,270-330,ABpxppapaa
CGGTTAATCACTTACT-b01,,RIC_parent,330.0,330-390,ABpxppaaaap
CGGTTAATCGCCGTGA-b01,Ciliated_amphid_neuron,ASH,370.0,330-390,ABpxpaappaa
CGTCACTAGGTGCACA-b01,,,180.0,170-210,ABpxppppa
CGTCACTTCCTAGGGC-b01,,,320.0,270-330,ABpxppaa
CGTCAGGCAAGGTTTC-b01,,,130.0,130-170,ABpxpppp
CGTCAGGTCCAATGGT-b01,,,160.0,130-170,ABpxpppa
CGTCCATAGAATGTGT-b01,,,130.0,130-170,ABpxppapp
CGTCCATAGTTCGATC-b01,,,290.0,270-330,ABpxppappp
CGTCTACCAGCCTGTG-b01,,,210.0,210-270,ABpxpaapp
CGTCTACTCAAGGTAA-b01,,,170.0,170-210,ABpxpapap
CGTGTCTCAGACGCAA-b01,,,200.0,170-210,ABpxppppp
CGTGTCTGTGCGAAAC-b01,,,180.0,170-210,ABpxppppp
CGTGTCTTCATGCAAC-b01,,,180.0,170-210,ABpxpppa
CGTTAGACAATCGAAA-b01,,,160.0,130-170,ABpxpapa
CGTTCTGCACAGACAG-b01,,AVK,450.0,450-510,ABpxpapapap
CGTTCTGCATCACCCT-b01,,,275.0,270-330,ABpxpaapaa
CTAAGACAGGTAGCTG-b01,,,260.0,210-270,ABpxpapapp
CTAAGACCACCTCGGA-b01,,,170.0,170-210,ABpxppap
CTAAGACCATCCAACA-b01,,,230.0,210-270,ABpxpaaaap
CTAAGACGTTCAACCA-b01,,,260.0,210-270,ABpxpaapp
CTAATGGAGGAGTTTA-b01,,,300.0,270-330,ABpxppapap
CTAATGGGTACATGTC-b01,,Parents_of_PHsh_hyp8_hyp9,275.0,270-330,ABpxpppapa
CTAATGGGTTGAACTC-b01,,,275.0,270-330,ABpxpaaaap
CTAATGGTCCCTAACC-b01,,,300.0,270-330,ABpxpapaaa
CTACACCAGCTCAACT-b01,,,140.0,130-170,ABpxppapp
CTACACCTCCCTCTTT-b01,,,220.0,210-270,ABpxpppppp
CTACACCTCTGCAAGT-b01,,,205.0,170-210,ABpxpaapa
CTACATTAGACTAGAT-b01,,,170.0,170-210,ABpxpppap
CTACATTAGATCGATA-b01,,,185.0,170-210,ABpxppapp
CTACATTAGCAATCTC-b01,,,265.0,210-270,ABpxpaapa
CTACATTTCACTATTC-b01,,,265.0,210-270,ABpxppaapp
CTACATTTCGAATGCT-b01,,,175.0,170-210,ABpxpaaap
CTACCCAAGGCTATCT-b01,,,160.0,130-170,ABpxpapap
CTACCCAAGGTGATAT-b01,,PVT,700.0,> 650,ABpxppapaa
CTACCCACACCGATAT-b01,Excretory_gland,,490.0,450-510,ABpxpapapaa
CTACCCACAGATGGGT-b01,Glia,AMso,425.0,390-450,ABpxpaapapa
CTACGTCAGTTAACGA-b01,,Parents_of_PHsh_hyp8_hyp9,270.0,270-330,ABpxpppapa
CTACGTCCAGGGTACA-b01,,,285.0,270-330,ABpxppapa
CTACGTCCATTTCACT-b01,,,150.0,130-170,ABpxpppa
CTACGTCTCGCGCCAA-b01,,,225.0,210-270,ABpxppaa
CTAGAGTGTTAAAGTG-b01,,,195.0,170-210,ABpxpapaa
CTAGTGAAGGAATCGC-b01,,,170.0,170-210,ABpxppaa
CTAGTGACAGTATAAG-b01,Ciliated_non_amphid_neuron,,260.0,210-270,ABpxpaaapp
CTCAGAAGTGATGTGG-b01,,,130.0,130-170,ABpxppp
CTCATTAGTGCAGACA-b01,,,175.0,170-210,ABpxpaaaa
CTCATTATCAGGTTCA-b01,,,170.0,170-210,ABpxppppp
CTCATTATCCTATTCA-b01,,,280.0,270-330,ABpxppappp
CTCATTATCCTCATTA-b01,,Parent_of_tail_spike_and_hyp10,230.0,210-270,ABpxpppppp
CTCGAAACACCAACCG-b01,,,265.0,210-270,ABpxpppaap
CTCGAAAGTGCGATAG-b01,,,200.0,170-210,ABpxppppp
CTCGGAGCATACTACG-b01,,RIC_parent,295.0,270-330,ABpxppaaaap
CTCGGAGTCACTCCTG-b01,Ciliated_amphid_neuron,ASH,380.0,330-390,ABpxpaappaa
CTCGTACGTAACGTTC-b01,,,160.0,130-170,ABpxpaaa
CTCGTCACAAATACAG-b01,,,310.0,270-330,ABpxppappa
CTCGTCACAAGAAAGG-b01,,,260.0,210-270,ABpxppapaa
CTCGTCAGTACTCAAC-b01,,,215.0,210-270,ABpxppaaaa
CTCTAATCACAGCGTC-b01,,,260.0,210-270,ABpxpppppa
CTCTACGTCGCGATCG-b01,,SIA,550.0,510-580,ABpxppaa
CTCTGGTAGGATGCGT-b01,,,175.0,170-210,ABpxpaaaap
CTGAAACAGCGATATA-b01,,,270.0,270-330,ABpxpppapa
CTGAAACTCAGTCCCT-b01,,RIC_parent,335.0,330-390,ABpxppaaaap
CTGAAGTTCCCTCTTT-b01,,Parent_of_tail_spike_and_hyp10,230.0,210-270,ABpxpppppp
CTGCCTACACGAAGCA-b01,,RIC,385.0,330-390,ABpxppaaaapp
CTGCCTAGTCGATTGT-b01,,,200.0,170-210,ABpxpppaaa
CTGCGGACAAGCGAGT-b01,,AVK,490.0,450-510,ABpxpapapap
CTGCTGTAGCTTATCG-b01,,,245.0,210-270,ABpxppppaa
CTGCTGTAGGAGCGTT-b01,,,190.0,170-210,ABpxppppa
CTGCTGTCAATAGCGG-b01,,,130.0,130-170,ABpxpapa
CTGCTGTGTCGCGAAA-b01,,,190.0,170-210,ABpxpaapp
CTGCTGTTCAAGATCC-b01,,,160.0,130-170,ABpxppaa
CTGCTGTTCCCAGGTG-b01,,,260.0,210-270,ABpxppaaaa
CTGCTGTTCCTTTCTC-b01,,,130.0,130-170,ABpxpap
CTGGTCTAGGCTACGA-b01,,,210.0,210-270,ABpxpppap
CTGGTCTCAAGCCCAC-b01,,,170.0,170-210,ABpxpaap
CTGGTCTCAATGGTCT-b01,Ciliated_non_amphid_neuron,,260.0,210-270,ABpxpaappp
CTGGTCTCACCAGTTA-b01,,RIC_parent,340.0,330-390,ABpxppaaaap
CTGGTCTCAGTTAACC-b01,,,300.0,270-330,ABpxpppaa
CTGTTTAGTTTAGGAA-b01,,,150.0,130-170,ABpxppaa
CTTAACTCACTGTGTA-b01,,,170.0,170-210,ABpxppppa
CTTAACTGTCTCTTTA-b01,,,190.0,170-210,ABpxppppp
CTTACCGAGGAGTTGC-b01,,,265.0,210-270,ABpxpaaaaa
CTTACCGCATTATCTC-b01,,,190.0,170-210,ABpxpaaap
CTTACCGGTAAGAGGA-b01,,,300.0,270-330,ABpxppappp
CTTACCGTCGGAAACG-b01,,,185.0,170-210,ABpxpaaapp
CTTAGGAAGCCACTAT-b01,,,300.0,270-330,ABpxppapaa
CTTAGGACAATAACGA-b01,,,195.0,170-210,ABpxpaapa
CTTAGGACACGCCAGT-b01,Ciliated_amphid_neuron,ASH,490.0,450-510,ABpxpaappaa
CTTCTCTAGAGGTAGA-b01,,,120.0,100-130,ABpxpp
CTTCTCTCAGTGACAG-b01,,,300.0,270-330,ABpxppapap
CTTCTCTTCCTTCAAT-b01,Glia,AMso,490.0,450-510,ABpxpaapapa
CTTCTCTTCGTGGGAA-b01,Hypodermis,hyp1_hyp2,640.0,580-650,ABpxpppp
CTTGGCTAGTACATGA-b01,,SIA,440.0,390-450,ABpxpapaapa/ABpxpapappa
CTTGGCTGTCATACTG-b01,,,300.0,270-330,ABpxppapap
CTTGGCTGTGTGCCTG-b01,,,300.0,270-330,ABpxppapaa
CTTTGCGGTTCAGGCC-b01,,,325.0,270-330,ABpxpapaa
CTTTGCGTCTTATCTG-b01,,,200.0,170-210,ABpxppaaa
GAAACTCAGCGATTCT-b01,,,160.0,130-170,ABpxpapa
GAAACTCGTAAACACA-b01,,,195.0,170-210,ABpxpapap
GAAACTCGTGCGAAAC-b01,,,300.0,270-330,ABpxpapaap
GAAACTCTCAAGAAGT-b01,,Parent_of_tail_spike_and_hyp10,230.0,210-270,ABpxpppppp
GAACATCCAGCCTTGG-b01,,,170.0,170-210,ABpxpppp
GAACCTAAGCGTAGTG-b01,,,215.0,210-270,ABpxppaa
GAACCTACACCAGATT-b01,,,260.0,210-270,ABpxpppppa
GAACCTATCATTGCGA-b01,,,270.0,270-330,ABpxpapapp
GAACGGAAGATGTTAG-b01,,,270.0,270-330,ABpxppaapp
GAACGGAGTATGAATG-b01,,RIM,415.0,390-450,ABpxppaapap
GAAGCAGAGCCGCCTA-b01,,,205.0,170-210,ABpxpaapa
GAAGCAGAGTTACGGG-b01,,,260.0,210-270,ABpxpapaaa
GAAGCAGCAGGGTACA-b01,,,120.0,100-130,ABpxpaa
GAAGCAGCATCGATGT-b01,,,175.0,170-210,ABpxpapaa
GAAGCAGGTGAGCGAT-b01,,SIA,415.0,390-450,ABpxpapaapa/ABpxpapappa
GAAGCAGTCACCCTCA-b01,,,130.0,130-170,ABpxppaa
GAAGCAGTCATATCGG-b01,,,185.0,170-210,ABpxpppa
GAAGCAGTCTAACTGG-b01,,,280.0,270-330,ABpxppapaa
GAATAAGTCGAGGTAG-b01,,AVK,420.0,390-450,ABpxpapapap
GAATGAAAGCAATCTC-b01,,AVK,390.0,390-450,ABpxpapapap
GAATGAACAATAGAGT-b01,,,165.0,130-170,ABpxpppa
GACACGCAGAGTCGGT-b01,,,185.0,170-210,ABpxppaa
GACACGCAGGAATCGC-b01,,,270.0,270-330,ABpxppaapp
GACACGCGTACCGAGA-b01,,,275.0,270-330,ABpxpaapaa
GACACGCTCCTTAATC-b01,,,155.0,130-170,ABpxppapp
GACAGAGGTACCGCTG-b01,,Neuroblast_PVC_LUA,300.0,270-330,ABpxpppaapa
GACAGAGTCCTCGCAT-b01,Ciliated_non_amphid_neuron,,260.0,210-270,ABpxpaaapp
GACGCGTCAGGAATCG-b01,,,270.0,270-330,ABpxppppaa
GACGTGCCATTCTTAC-b01,,,130.0,130-170,ABpxppa
GACGTGCGTCAAGCGA-b01,,,265.0,210-270,ABpxpapapp
GACGTGCGTCCGAACC-b01,,,260.0,210-270,ABpxpaaaaa
GACGTGCTCCATGCTC-b01,,,230.0,210-270,ABpxppppaa
GACGTTACATCGGTTA-b01,,,130.0,130-170,ABpxpaa
GACTAACGTCTGCCAG-b01,,,200.0,170-210,ABpxpaaaa
GACTACACACAAGTAA-b01,,,190.0,170-210,ABpxppaap
GACTACAGTGACTCAT-b01,,,190.0,170-210,ABpxpppa
GACTGCGCACCACGTG-b01,,RIC_parent,340.0,330-390,ABpxppaaaap
GACTGCGTCACCTTAT-b01,,,205.0,170-210,ABpxppppa
GAGTCCGAGGTAGCTG-b01,,,190.0,170-210,ABpxppaap
GAGTCCGGTGGCCCTA-b01,,,270.0,270-330,ABpxpaapaa
GATCAGTTCTTGTCAT-b01,,,190.0,170-210,ABpxpaaaa
GATCGATTCCGCGGTA-b01,,,270.0,270-330,ABpxpapapp
GATCGCGAGGGTGTGT-b01,,,180.0,170-210,ABpxpapapp
GATCGCGGTACGAAAT-b01,,AVB,375.0,330-390,ABpxpaapaap
GATCGTAAGAAGGGTA-b01,,,270.0,270-330,ABpxppappa
GATCTAGAGGCCATAG-b01,,,170.0,170-210,ABpxppaaa
GATCTAGCAAGCCGTC-b01,,,170.0,170-210,ABpxppapa
GATCTAGGTGACGCCT-b01,Ciliated_non_amphid_neuron,,260.0,210-270,ABpxpaaapp
GATCTAGGTTATGCGT-b01,,,335.0,330-390,ABpxppapaa
GATCTAGTCGGCTTGG-b01,,,130.0,130-170,ABpxppaa
GATGAAAAGGCATGGT-b01,,,210.0,210-270,ABpxpapap
GATGAGGCACCGAATT-b01,,Parent_of_tail_spike_and_hyp10,225.0,210-270,ABpxpppppp
GATGAGGCATGGGAAC-b01,,,160.0,130-170,ABpxpaaaa
GATGCTATCTCGTATT-b01,,,300.0,270-330,ABpxppapaa
GATTCAGAGGCTAGGT-b01,,,200.0,170-210,ABpxppaaa
GATTCAGTCCGTCATC-b01,,,180.0,170-210,ABpxppapa
GCAAACTAGTGCGTGA-b01,,,195.0,170-210,ABpxpppa
GCAATCACAAACCTAC-b01,,,300.0,270-330,ABpxppapaa
GCAATCACATGCCCGA-b01,,,170.0,170-210,ABpxppapp
GCAATCAGTCACCCAG-b01,,,280.0,270-330,ABpxpaapaa
GCAATCATCCCTCAGT-b01,Ciliated_amphid_neuron,AWC,450.0,450-510,ABpxpaaaaap
GCACATAAGCGCCTTG-b01,,RIC_parent,330.0,330-390,ABpxppaaaap
GCAGCCAAGGCAGGTT-b01,,,150.0,130-170,ABpxpppa
GCAGCCACAAACTGTC-b01,,,180.0,170-210,ABpxppapa
GCAGCCATCACTCCTG-b01,,SIA,370.0,330-390,ABpxpapaapa/ABpxpapappa
GCAGTTAAGCGCCTCA-b01,,,185.0,170-210,ABpxppapp
GCAGTTAGTTTGGGCC-b01,,,155.0,130-170,ABpxpapa
GCATACATCGTAGGAG-b01,,,180.0,170-210,ABpxpapap
GCATGATGTAGGGACT-b01,,,270.0,270-330,ABpxpaapaa
GCATGTACAAGTCATC-b01,,,200.0,170-210,ABpxppppap
GCATGTACATGTCTCC-b01,,,215.0,210-270,ABpxpppaa
GCCAAATCAGCTGCAC-b01,,,150.0,130-170,ABpxpaap
GCCTCTACACAGAGGT-b01,Pharyngeal_neuron,,310.0,270-330,ABpxpapaap
GCGACCATCCCAAGTA-b01,,,150.0,130-170,ABpxpppa
GCGACCATCGTACGGC-b01,,,170.0,170-210,ABpxppppp
GCGAGAACACACCGCA-b01,,,210.0,210-270,ABpxpaaa
GCGAGAAGTATGGTTC-b01,,Parents_of_U_F_B_DVA,290.0,270-330,ABpxppppap
GCGCAACGTTAAGTAG-b01,,,200.0,170-210,ABpxpapap
GCGCGATCAAGAGGCT-b01,,,160.0,130-170,ABpxppaa
GCGCGATCATCCCATC-b01,,,120.0,100-130,ABpxpa
GCGCGATCATCTACGA-b01,Excretory_gland,,590.0,580-650,ABpxpppaaa
GCTCTGTAGCGCCTTG-b01,,,130.0,130-170,ABpxpaaa
GCTCTGTTCCAACCAA-b01,Ciliated_amphid_neuron,AWC,450.0,450-510,ABpxpaaaaap
GCTGCAGAGTACGACG-b01,,,185.0,170-210,ABpxpapaa
GCTGCAGGTTCGTGAT-b01,,,160.0,130-170,ABpxpppa
GCTGCGACAAGTACCT-b01,,,130.0,130-170,ABpxppppp
GCTGGGTAGGTGACCA-b01,Ciliated_amphid_neuron,AWC,430.0,390-450,ABpxpaaaaap
GCTGGGTCATTTGCCC-b01,Ciliated_non_amphid_neuron,,270.0,270-330,ABpxppappp
GCTGGGTGTGAACCTT-b01,,,110.0,100-130,ABpxp
GCTTCCACAAGCCGCT-b01,,,270.0,270-330,ABpxpapapp
GCTTCCAGTGAGGGTT-b01,,,195.0,170-210,ABpxpaapa
GCTTCCAGTGTAACGG-b01,,,195.0,170-210,ABpxppappp
GCTTCCATCTGGCGAC-b01,,,185.0,170-210,ABpxpppap
GCTTGAAAGTCTCCTC-b01,Ciliated_amphid_neuron,ASH,380.0,330-390,ABpxpaappaa
GCTTGAACACACTGCG-b01,Pharyngeal_neuron,,260.0,210-270,ABpxppapaa
GCTTGAACACGGACAA-b01,Ciliated_amphid_neuron,Neuroblast_AWC_SAAVx,260.0,210-270,ABpxpaaaaa
GCTTGAACAGCCTTTC-b01,,,170.0,170-210,ABpxppap
GCTTGAAGTTCGGGCT-b01,Ciliated_amphid_neuron,AWC,420.0,390-450,ABpxpaaaaap
GGAAAGCGTCATGCCG-b01,Ciliated_amphid_neuron,,750.0,> 650,ABpxppaap
GGAACTTAGAAACGCC-b01,,,190.0,170-210,ABpxppppaa
GGAACTTCAATTCCTT-b01,,,260.0,210-270,ABpxpapaa
GGAACTTGTACCGAGA-b01,,,190.0,170-210,ABpxppaa
GGAATAACACGAAACG-b01,,AVK,480.0,450-510,ABpxpapapap
GGAATAATCCGCGCAA-b01,,,100.0,100-130,ABpxp
GGAATAATCTATCGCC-b01,,,170.0,170-210,ABpxpppap
GGACAGACACTAGTAC-b01,Parent_of_exc_duct_pore_DB_1_3,DB,310.0,270-330,ABpxpaaaap
GGACATTCAACTTGAC-b01,,,130.0,130-170,ABpxppap
GGACATTGTGATAAGT-b01,,,300.0,270-330,ABpxppapaa
GGACGTCAGAGCAATT-b01,,,310.0,270-330,ABpxppppap
GGACGTCTCTATGTGG-b01,,,175.0,170-210,ABpxpaap
GGAGCAAAGTGGGATC-b01,,,185.0,170-210,ABpxppaaaa
GGATTACAGCTTTGGT-b01,Parent_of_exc_gland_AVK,,265.0,210-270,ABpxpapapa
GGATTACCACCCATGG-b01,,,130.0,130-170,ABpxppp
GGATTACCATTGAGCT-b01,,,190.0,170-210,ABpxpaappp
GGATTACTCACATGCA-b01,,,120.0,100-130,ABpxpa
GGCAATTAGATCGGGT-b01,,,175.0,170-210,ABpxppppa
GGCAATTAGGTGCACA-b01,,,200.0,170-210,ABpxpaaaa
GGCAATTCACTTAAGC-b01,,,195.0,170-210,ABpxpaaap
GGCAATTCATTCCTCG-b01,,,295.0,270-330,ABpxpapaaa
GGCCGATAGTCGTACT-b01,Ciliated_non_amphid_neuron,,270.0,270-330,ABpxpaappp
GGCCGATCAGTTCCCT-b01,,,180.0,170-210,ABpxpapap
GGCGACTGTACTCTCC-b01,,,170.0,170-210,ABpxpppap
GGCGACTGTCAAAGCG-b01,,,170.0,170-210,ABpxppppa
GGCGACTGTCCAACTA-b01,,,160.0,130-170,ABpxppppp
GGCGACTTCAACGAAA-b01,,,300.0,270-330,ABpxpapaaa
GGCGTGTCAGCGTCCA-b01,Ciliated_non_amphid_neuron,,260.0,210-270,ABpxpaaapp
GGCTCGAGTTACGCGC-b01,,,170.0,170-210,ABpxppppp
GGCTCGATCGAACGGA-b01,Ciliated_amphid_neuron,ASH,425.0,390-450,ABpxpaappaa
GGCTGGTAGCCCGAAA-b01,,,290.0,270-330,ABpxpppaaa
GGCTGGTCACAACGCC-b01,,,300.0,270-330,ABpxppappp
GGCTGGTGTATATGGA-b01,,Parent_of_tail_spike_and_hyp10,230.0,210-270,ABpxpppppp
GGGACCTGTACAAGTA-b01,Ciliated_amphid_neuron,,230.0,210-270,ABpxpaaaa
GGGAGATAGGACAGAA-b01,,Parent_of_tail_spike_and_hyp10,270.0,270-330,ABpxpppppp
GGGAGATAGTGGTAAT-b01,Excretory_gland,,490.0,450-510,ABpxpapapaa
GGGATGAGTAAATGTG-b01,,,195.0,170-210,ABpxpapaa
GGGCATCGTAGCTGCC-b01,,,250.0,210-270,ABpxppappp
GGGCATCGTTACGTCA-b01,,RIC,410.0,390-450,ABpxppaaaapp
GGGTCTGCACAAGTAA-b01,,,300.0,270-330,ABpxppappa
GGGTCTGGTTCCACTC-b01,,,120.0,100-130,ABpxpa
GGGTTGCAGAGTCGGT-b01,,,300.0,270-330,ABpxppapaa
GGGTTGCAGATGAGAG-b01,Ciliated_non_amphid_neuron,,260.0,210-270,ABpxpaaapp
GGGTTGCAGGGAGTAA-b01,,AVK,460.0,450-510,ABpxpapapap
GGGTTGCAGGGATACC-b01,,,245.0,210-270,ABpxppapa
GGGTTGCGTAAATGAC-b01,,RIC,375.0,330-390,ABpxppaaaapp
GGTGCGTCAAGTCTGT-b01,,Parents_of_U_F_B_DVA,290.0,270-330,ABpxppppap
GGTGCGTCAATGGATA-b01,,,155.0,130-170,ABpxpaaa
GTAACGTGTATCTGCA-b01,Ciliated_amphid_neuron,ASH,375.0,330-390,ABpxpaappaa
GTAACGTTCAGAGGTG-b01,,,300.0,270-330,ABpxppapa
GTACGTAGTACCTACA-b01,,,225.0,210-270,ABpxppapa
GTACTCCGTGGTTTCA-b01,,,200.0,170-210,ABpxppap
GTACTCCGTTGCGTTA-b01,,,260.0,210-270,ABpxppppaa
GTACTTTGTGAGGCTA-b01,,,300.0,270-330,ABpxpppppa
GTAGGCCCATGGTCTA-b01,,,195.0,170-210,ABpxpaaap
GTAGGCCGTGCTAGCC-b01,Ciliated_non_amphid_neuron,,260.0,210-270,ABpxpaaap
GTAGGCCGTTTGCATG-b01,,,245.0,210-270,ABpxpaaapp
GTAGTCATCCAAGTAC-b01,,,200.0,170-210,ABpxppappp
GTATCTTGTGCGCTTG-b01,Glia,AMso,450.0,450-510,ABpxpaapapa
GTATCTTTCAACGGCC-b01,,,260.0,210-270,ABpxpppppa
GTATTCTAGGTGCAAC-b01,,,260.0,210-270,ABpxpaappp
GTCAAGTTCCCGACTT-b01,,,180.0,170-210,ABpxppaap
GTCACAACACCGGAAA-b01,,,170.0,170-210,ABpxppppa
GTCACAAGTCGCTTTC-b01,,,130.0,130-170,ABpxpppa
GTCACAAGTTACGGAG-b01,,,275.0,270-330,ABpxppaaaa
GTCACGGCATTGGTAC-b01,,,200.0,170-210,ABpxpaapa
GTCACGGTCAAACCGT-b01,,Neuroblast_PVC_LUA,320.0,270-330,ABpxpppaapa
GTCACGGTCTACTCAT-b01,,DD,585.0,580-650,ABpxppapaa
GTCATTTAGGCGATAC-b01,,,210.0,210-270,ABpxpaaap
GTCATTTAGTGGAGAA-b01,,,160.0,130-170,ABpxppppa
GTCATTTCAACTGCGC-b01,,,320.0,270-330,ABpxpapaaa
GTCATTTGTCATATCG-b01,,,270.0,270-330,ABpxpapapp
GTCATTTGTTCCATGA-b01,,,270.0,270-330,ABpxpaapaa
GTCCTCAAGAGTACAT-b01,,,295.0,270-330,ABpxpppppa
GTCCTCAAGTGTTTGC-b01,,,160.0,130-170,ABpxpaaa
GTCCTCATCCACGACG-b01,,,240.0,210-270,ABpxpapapp
GTCCTCATCGCCGTGA-b01,,,300.0,270-330,ABpxppapaa
GTCGGGTAGAAACCGC-b01,,AVB,385.0,330-390,ABpxpaapaap
GTCGGGTTCTCTGTCG-b01,,,150.0,130-170,ABpxpaap
GTCTCGTAGATCCTGT-b01,,,230.0,210-270,ABpxppppap
GTCTCGTAGGTTACCT-b01,,,175.0,170-210,ABpxppap
GTCTCGTCACAGACAG-b01,,,180.0,170-210,ABpxpaapap
GTCTTCGCAAGGCTCC-b01,Ciliated_amphid_neuron,ASH,490.0,450-510,ABpxpaappaa
GTCTTCGCACATAACC-b01,,,265.0,210-270,ABpxpapaaa
GTCTTCGTCAAAGACA-b01,,PVP,450.0,450-510,ABpxppppaaa
GTGAAGGAGACTAAGT-b01,,,195.0,170-210,ABpxppapp
GTGAAGGAGCTAAGAT-b01,Ciliated_amphid_neuron,AWC,440.0,390-450,ABpxpaaaaap
GTGAAGGCATTCTCAT-b01,,,190.0,170-210,ABpxpaapa
GTGCATACATCAGTCA-b01,,,300.0,270-330,ABpxppappp
GTGCATACATCGATGT-b01,,,130.0,130-170,ABpxppp
GTGCGGTGTCTCTTTA-b01,,,320.0,270-330,ABpxpapapa
GTGCGGTTCATGTCCC-b01,,,160.0,130-170,ABpxpppp
GTGCGGTTCGGCATCG-b01,,,170.0,170-210,ABpxpapaa
GTGCGGTTCGGTGTTA-b01,,,130.0,130-170,ABpxpppa
GTGGGTCTCGGCGGTT-b01,Ciliated_amphid_neuron,,230.0,210-270,ABpxpapaaa
GTGTGCGAGACTAGAT-b01,,,170.0,170-210,ABpxpapap
GTGTGCGCAATGGACG-b01,,,190.0,170-210,ABpxppppa
GTGTGCGTCGATAGAA-b01,,,280.0,270-330,ABpxpaapaa
GTGTTAGCACCTATCC-b01,Ciliated_amphid_neuron,ASH,470.0,450-510,ABpxpaappaa
GTGTTAGGTACAGACG-b01,,,260.0,210-270,ABpxpapaaa
GTGTTAGTCGTTTATC-b01,,,265.0,210-270,ABpxppaaaa
GTTAAGCAGTGTGAAT-b01,,AMso_parent,285.0,270-330,ABpxpaapap
GTTAAGCCAGTTCATG-b01,,,290.0,270-330,ABpxpaapaa
GTTCATTAGATCCGAG-b01,Glia,AMso,430.0,390-450,ABpxpaapapa
GTTCGGGAGACTAAGT-b01,,,190.0,170-210,ABpxpapaa
GTTCGGGAGGGAGTAA-b01,,RIM_parent,270.0,270-330,ABpxppaapa
GTTCTCGGTTTGACAC-b01,,,245.0,210-270,ABpxpaaaa
TAAACCGAGGCAATTA-b01,,,185.0,170-210,ABpxpaaaap
TAAGAGATCATGTCTT-b01,,,190.0,170-210,ABpxppapa
TAAGCGTAGAACTCGG-b01,,SIA,375.0,330-390,ABpxpapaapa/ABpxpapappa
TAAGCGTGTTCTGAAC-b01,,,180.0,170-210,ABpxppppp
TAAGTGCTCTCGGACG-b01,,,265.0,210-270,ABpxpapapp
TACACGATCGGCGGTT-b01,,Parents_of_PHsh_hyp8_hyp9,270.0,270-330,ABpxpppapa
TACAGTGAGCGCTTAT-b01,,RIB,490.0,450-510,ABpxpaappap
TACAGTGCACCATCCT-b01,,,270.0,270-330,ABpxpapaaa
TACCTATAGTTAGGTA-b01,,,180.0,170-210,ABpxpppap
TACCTATCAGGAATGC-b01,,,225.0,210-270,ABpxpaaaa
TACCTATCATCCTAGA-b01,,,275.0,270-330,ABpxpppaaa
TACCTATGTCGCTTTC-b01,,,185.0,170-210,ABpxppapa
TACCTATGTTATGTGC-b01,Ciliated_amphid_neuron,Neuroblast_ASH_RIB,275.0,270-330,ABpxpaappa
TACCTATTCGCTTGTC-b01,,,210.0,210-270,ABpxpaapa
TACCTTAAGCTCAACT-b01,,,225.0,210-270,ABpxppaap
TACCTTAAGGCCCGTT-b01,,,270.0,270-330,ABpxpaapaa
TACCTTAAGGTAGCCA-b01,,,325.0,270-330,ABpxppappa
TACCTTAGTTCCCGAG-b01,,,195.0,170-210,ABpxpaapp
TACGGATAGCCCAATT-b01,Glia,AMso,490.0,450-510,ABpxpaapapa
TACGGATGTCTTGTCC-b01,,RIM,440.0,390-450,ABpxppaapap
TACGGGCCAGTCAGCC-b01,,,130.0,130-170,ABpxppp
TACGGTAAGACTCGGA-b01,,,265.0,210-270,ABpxpaapaa
TACGGTAGTCGGCATC-b01,,,200.0,170-210,ABpxpppaap
TACTCATCAATACGCT-b01,,,245.0,210-270,ABpxpaaaap
TACTCATCACCGTTGG-b01,,,285.0,270-330,ABpxpaapaa
TACTCATGTCATACTG-b01,,Parent_of_tail_spike_and_hyp10,230.0,210-270,ABpxppppp
TACTCGCAGCTAACTC-b01,,,185.0,170-210,ABpxppaap
TACTCGCCAAGCGCTC-b01,,,150.0,130-170,ABpxpaa
TACTCGCCAGCTGTGC-b01,,,170.0,170-210,ABpxppppp
TACTCGCTCTTATCTG-b01,Glia,AMso,430.0,390-450,ABpxpaapapa
TACTTACTCTGCGTAA-b01,,,260.0,210-270,ABpxpppaaa
TACTTGTAGCACACAG-b01,,,185.0,170-210,ABpxppapa
TACTTGTAGTCATCCA-b01,,,350.0,330-390,ABpxpapaaa
TACTTGTCAGTAAGCG-b01,,,190.0,170-210,ABpxpaapa
TAGACCACATGCAACT-b01,,,190.0,170-210,ABpxppapa
TAGACCAGTAACGACG-b01,Excretory_gland,,375.0,330-390,ABpxpapapaa
TAGAGCTAGCCGGTAA-b01,,,205.0,170-210,ABpxpaaaa
TAGAGCTCATGGTAGG-b01,,,355.0,330-390,ABpxppappp
TAGCCGGGTGGAAAGA-b01,,,180.0,170-210,ABpxppaap
TAGGCATGTATAAACG-b01,,,200.0,170-210,ABpxpaapa
TAGTTGGAGAAACCTA-b01,,,185.0,170-210,ABpxpaapp
TAGTTGGTCCTAGTGA-b01,Ciliated_amphid_neuron,,260.0,210-270,ABpxpaaaa
TATCAGGAGCCAGGAT-b01,,,270.0,270-330,ABpxpaaaaa
TATCAGGGTGCATCTA-b01,,,180.0,170-210,ABpxpapaa
TATCAGGTCGGCTACG-b01,,,225.0,210-270,ABpxpaapa
TATCTCACACGGCGTT-b01,,,170.0,170-210,ABpxppppa
TATCTCAGTGTGAATA-b01,,,265.0,210-270,ABpxppap
TATGCCCAGGATGGAA-b01,,,320.0,270-330,ABpxppapaa
TATGCCCTCTGTCTAT-b01,,,285.0,270-330,ABpxpapaap
TATTACCAGACGCAAC-b01,,,200.0,170-210,ABpxpppapa
TATTACCTCGCCCTTA-b01,Ciliated_non_amphid_neuron,,230.0,210-270,ABpxpaappp
TCAACGAAGATCGATA-b01,,,170.0,170-210,ABpxpaap
TCAACGAGTGTGGCTC-b01,,,185.0,170-210,ABpxpapap
TCAATCTCATGCCCGA-b01,,,160.0,130-170,ABpxppap
TCAATCTGTGCCTGTG-b01,,,180.0,170-210,ABpxppapp
TCAATCTTCTTGCCGT-b01,,,245.0,210-270,ABpxpapapa
TCACAAGAGTGACTCT-b01,,,130.0,130-170,ABpxpapa
TCACAAGCAAGAGGCT-b01,,,170.0,170-210,ABpxppppa
TCACAAGGTTCCCGAG-b01,,Neuroblast_PVC_LUA,335.0,330-390,ABpxpppaapa
TCACGAAAGACAGAGA-b01,,,160.0,130-170,ABpxpapa
TCACGAACACTTAAGC-b01,,,170.0,170-210,ABpxppapap
TCACGAAGTTGTCTTT-b01,,,160.0,130-170,ABpxpaaa
TCACGAATCTACGAGT-b01,,,190.0,170-210,ABpxppapa
TCAGATGGTAGAGTGC-b01,,,295.0,270-330,ABpxppappa
TCAGATGTCATTGCGA-b01,,,160.0,130-170,ABpxpaaa
TCAGCAAAGACCCACC-b01,,,130.0,130-170,ABpxpppp
TCAGCTCCACGAAATA-b01,Glia,AMso,450.0,450-510,ABpxpaapapa
TCAGCTCGTCGATTGT-b01,,,215.0,210-270,ABpxpppa
TCAGCTCGTTGGACCC-b01,Ciliated_amphid_neuron,Neuroblast_AWC_SAAVx,265.0,210-270,ABpxpaaaaa
TCAGCTCTCAACTCTT-b01,,,180.0,170-210,ABpxpppaa
TCAGGATTCAATAAGG-b01,Ciliated_amphid_neuron,Neuroblast_AWC_SAAVx,235.0,210-270,ABpxpaaaaa
TCATTACCAAGTCATC-b01,,,160.0,130-170,ABpxpaap
TCATTACGTCCAGTGC-b01,Pharyngeal_neuron,,260.0,210-270,ABpxpaaaaa
TCATTTGAGATAGGAG-b01,,,190.0,170-210,ABpxpppap
TCATTTGTCAGGCCCA-b01,,DVA,285.0,270-330,ABpxpapaap
TCATTTGTCTCGCATC-b01,,,130.0,130-170,ABpxpaap
TCCACACAGATCCTGT-b01,,,130.0,130-170,ABpxpaaapa
TCCACACAGGTGCACA-b01,,,190.0,170-210,ABpxpapaa
TCCACACTCACGCGGT-b01,,RIV,415.0,390-450,ABpxpaapaaa
TCGAGGCCATCGATGT-b01,,,260.0,210-270,ABpxppapaa
TCGAGGCCATTCCTCG-b01,,,190.0,170-210,ABpxpapaa
TCGCGAGCAAACAACA-b01,,,130.0,130-170,ABpxpaaa
TCGCGAGCAAGCTGAG-b01,,,280.0,270-330,ABpxppaaaa
TCGCGAGGTAATAGCA-b01,Parent_of_exc_gland_AVK,,275.0,270-330,ABpxpapapa
TCGCGTTCAGATCTGT-b01,,,300.0,270-330,ABpxpaapap
TCGGTAAAGTGTTAGA-b01,Ciliated_non_amphid_neuron,,260.0,210-270,ABpxpaaapp
TCGGTAATCTTGTCAT-b01,,,130.0,130-170,ABpxpppp
TCGTACCAGCAAATCA-b01,Ciliated_amphid_neuron,Neuroblast_AWC_SAAVx,265.0,210-270,ABpxpaaaaa
TCGTACCAGTCTCGGC-b01,,,280.0,270-330,ABpxppaapp
TCGTACCCACAAGCCC-b01,,,245.0,210-270,ABpxppaapp
TCGTACCTCCGTAGTA-b01,,,245.0,210-270,ABpxppapp
TCGTAGAAGAGTTGGC-b01,,,220.0,210-270,ABpxpaaaap
TCGTAGACAGGTTTCA-b01,Excretory_duct_and_pore,,330.0,330-390,ABpxpaaaapa
TCGTAGAGTAAGAGGA-b01,,Parent_of_PVP_and_rect_V,330.0,330-390,ABpxppppaa
TCTATTGCAACTGCGC-b01,,,190.0,170-210,ABpxpaaapp
TCTATTGCATTAACCG-b01,,,200.0,170-210,ABpxpapapp
TCTATTGGTACCGTAT-b01,,,245.0,210-270,ABpxpaappp
TCTCATAAGTCCATAC-b01,,,170.0,170-210,ABpxppapp
TCTCATAGTGGCCCTA-b01,,,230.0,210-270,ABpxpaaapp
TCTCTAAGTCAATGTC-b01,,,190.0,170-210,ABpxppaaa
TCTCTAAGTCCAACTA-b01,,,140.0,130-170,ABpxpppapa
TCTGAGACAATCTACG-b01,,,270.0,270-330,ABpxpapapp
TCTGAGACAGGTCGTC-b01,,,220.0,210-270,ABpxpppaap
TCTGAGAGTCTACCTC-b01,,RIM,350.0,330-390,ABpxppaapap
TCTGGAAAGAGGGATA-b01,,,300.0,270-330,ABpxppapa
TCTGGAAGTCTCCACT-b01,,,260.0,210-270,ABpxppapaa
TCTTCGGAGACCTTTG-b01,,,200.0,170-210,ABpxpppap
TCTTCGGTCTCACATT-b01,,,260.0,210-270,ABpxppaaaa
TCTTTCCTCCCTTGTG-b01,,,295.0,270-330,ABpxppppa
TGAAAGAGTAGTAGTA-b01,,,330.0,330-390,ABpxppappp
TGACAACAGGACAGCT-b01,,,260.0,210-270,ABpxpaapaa
TGACAACGTACATGTC-b01,,,190.0,170-210,ABpxppapp
TGACGGCCAAACGCGA-b01,,SIB,380.0,330-390,ABpxpapaapp/ABpxppaaaaa
TGACTAGAGAGGTTGC-b01,,RIM_parent,300.0,270-330,ABpxppaapa
TGACTAGAGGACATTA-b01,,,120.0,100-130,ABpxpp
TGACTTTAGTGGCACA-b01,,,160.0,130-170,ABpxpppa
TGACTTTCAAGCGAGT-b01,,,300.0,270-330,ABpxpapaaa
TGACTTTGTACACCGC-b01,,,120.0,100-130,ABpxpa
TGACTTTTCGAATCCA-b01,Excretory_gland,,490.0,450-510,ABpxpapapaa
TGAGAGGCACCAGATT-b01,,,155.0,130-170,ABpxpapa
TGAGAGGCACGCATCG-b01,,,220.0,210-270,ABpxpppapa
TGAGCATGTAAGTGGC-b01,,,180.0,170-210,ABpxpppap
TGAGCATGTATGAAAC-b01,Ciliated_amphid_neuron,ASH,385.0,330-390,ABpxpaappaa
TGAGCCGAGCACAGGT-b01,,,200.0,170-210,ABpxppapa
TGAGCCGGTTGTGGCC-b01,,,230.0,210-270,ABpxppaap
TGAGGGACAATCACAC-b01,,,130.0,130-170,ABpxppa
TGATTTCCAGACGTAG-b01,,,160.0,130-170,ABpxpppa
TGATTTCCAGGGTATG-b01,,,160.0,130-170,ABpxpaap
TGATTTCGTACGCACC-b01,,,160.0,130-170,ABpxppaa
TGATTTCTCCAGAAGG-b01,Ciliated_amphid_neuron,AWC,400.0,390-450,ABpxpaaaaap
TGCACCTAGGTAGCCA-b01,Ciliated_amphid_neuron,AWC,405.0,390-450,ABpxpaaaaap
TGCACCTGTACGCTGC-b01,Ciliated_non_amphid_neuron,,260.0,210-270,ABpxpaappp
TGCCAAAAGACAAAGG-b01,,,130.0,130-170,ABpxppaa
TGCCAAAAGACTAGAT-b01,,,215.0,210-270,ABpxpppaap
TGCCAAAGTCGCTTTC-b01,,,190.0,170-210,ABpxpppa
TGCCCATAGAGGTAGA-b01,,,300.0,270-330,ABpxppapap
TGCCCATAGATCGGGT-b01,,,190.0,170-210,ABpxppaap
TGCCCATAGGGAACGG-b01,Ciliated_non_amphid_neuron,,260.0,210-270,ABpxpaaapp
TGCCCATGTTAAGTAG-b01,,,160.0,130-170,ABpxpppa
TGCCCATTCGCATGAT-b01,,,155.0,130-170,ABpxpaaa
TGCCCATTCTGACCTC-b01,,RIM,320.0,270-330,ABpxppaapap
TGCCCTACAATGGAAT-b01,,AIM,435.0,390-450,ABpxpaapppa
TGCCCTAGTTCATGGT-b01,,,270.0,270-330,ABpxpapaap
TGCCCTATCTACTCAT-b01,Ciliated_amphid_neuron,Neuroblast_AWC_SAAVx,275.0,270-330,ABpxpaaaaa
TGCCCTATCTATCGCC-b01,,PVP,450.0,450-510,ABpxppppaaa
TGCCCTATCTTTCCTC-b01,,,300.0,270-330,ABpxpaapaa
TGCGCAGCAACTGCGC-b01,,,190.0,170-210,ABpxppaap
TGCTACCAGCCGTCGT-b01,,,190.0,170-210,ABpxppp
TGCTACCGTGATGTGG-b01,,RIC_parent,330.0,330-390,ABpxppaaaap
TGGACGCTCACGGTTA-b01,,,100.0,100-130,ABpxp
TGGCCAGGTCCGAATT-b01,,,100.0,100-130,ABpxp
TGGCGCAAGGTTACCT-b01,,,120.0,100-130,ABpxpa
TGGCGCAGTCGATTGT-b01,,RIM_parent,300.0,270-330,ABpxppaapa
TGGCGCATCAACCATG-b01,,,190.0,170-210,ABpxpapaa
TGGGAAGGTAATCACC-b01,,,190.0,170-210,ABpxppppa
TGGGAAGGTCATGCCG-b01,,,230.0,210-270,ABpxpppaap
TGGGCGTCATTCTTAC-b01,,,275.0,270-330,ABpxpaapaa
TGGTTAGAGAACTCGG-b01,Ciliated_non_amphid_neuron,,260.0,210-270,ABpxpaaapp
TGGTTAGAGCTGCAAG-b01,Pharyngeal_neuron,,350.0,330-390,ABpxpapaaa
TGGTTAGAGTCAAGCG-b01,Ciliated_amphid_neuron,ASH,490.0,450-510,ABpxpaappaa
TGGTTAGCAAATTGCC-b01,,,215.0,210-270,ABpxpaaapp
TGGTTAGGTTAGGGTG-b01,Ciliated_non_amphid_neuron,,260.0,210-270,ABpxpaaapp
TGGTTCCAGAAGGACA-b01,,,300.0,270-330,ABpxppapaa
TGGTTCCAGAGTCGGT-b01,Ciliated_non_amphid_neuron,,260.0,210-270,ABpxpaaapp
TGGTTCCAGTTGTAGA-b01,,AVB,390.0,390-450,ABpxpaapaap
TGGTTCCGTCTAGCCG-b01,Glia,AMso,360.0,330-390,ABpxpaapapa
TGTATTCAGGACTGGT-b01,,,190.0,170-210,ABpxpaapa
TGTATTCCACATGTGT-b01,,,200.0,170-210,ABpxpaaaa
TGTATTCGTCAAAGAT-b01,Parent_of_exc_gland_AVK,,260.0,210-270,ABpxpapapa
TGTGGTAAGGATGTAT-b01,,,190.0,170-210,ABpxppappp
TGTGGTACAATAGAGT-b01,,,180.0,170-210,ABpxpppap
TGTGGTAGTGTCTGAT-b01,,,190.0,170-210,ABpxppapp
TGTGGTATCAGTTAGC-b01,,,120.0,100-130,ABpxpa
TGTGTTTCAGCCTTTC-b01,,,200.0,170-210,ABpxpppapa
TGTGTTTGTACCGTAT-b01,,Parents_of_PHsh_hyp8_hyp9,275.0,270-330,ABpxpppapa
TGTGTTTTCACTGGGC-b01,,Parents_of_PHsh_hyp8_hyp9,275.0,270-330,ABpxpppapa
TGTTCCGAGAAGAAGC-b01,,,220.0,210-270,ABpxpapap
TGTTCCGAGAAGGACA-b01,,,310.0,270-330,ABpxppapaa
TGTTCCGCATCGATTG-b01,Ciliated_non_amphid_neuron,,260.0,210-270,ABpxpaaapp
TGTTCCGTCTCGGACG-b01,,,230.0,210-270,ABpxpaappp
TTAACTCGTCAGATAA-b01,,,170.0,170-210,ABpxppppa
TTAACTCGTTCCATGA-b01,,,320.0,270-330,ABpxpaaaap
TTAGGACGTCCTAGCG-b01,,,120.0,100-130,ABpxppp
TTAGGCAAGAAACCTA-b01,Parent_of_exc_gland_AVK,,270.0,270-330,ABpxpapapa
TTATGCTAGCATGGCA-b01,Parent_of_exc_duct_pore_DB_1_3,,270.0,270-330,ABpxpaaaap
TTATGCTAGTAGGCCA-b01,,,130.0,130-170,ABpxpppa
TTATGCTCAAAGGAAG-b01,,AVK,460.0,450-510,ABpxpapapap
TTATGCTTCTGCAAGT-b01,,,165.0,130-170,ABpxpppa
TTCCCAGTCAGCGACC-b01,Ciliated_amphid_neuron,ASH,370.0,330-390,ABpxpaappaa
TTCGAAGAGATCCCGC-b01,,,155.0,130-170,ABpxpppa
TTCGAAGCATTGGCGC-b01,,,140.0,130-170,ABpxpaap
TTCGAAGTCCTCCTAG-b01,,Neuroblast_PVC_LUA,330.0,330-390,ABpxpppaapa
TTCTACAGTGAACCTT-b01,,,170.0,170-210,ABpxppap
TTCTCAACAGCATACT-b01,,,180.0,170-210,ABpxpaaa
TTCTCAATCAACACTG-b01,Parent_of_exc_gland_AVK,,265.0,210-270,ABpxpapapa
TTCTCCTGTCGCATCG-b01,,,210.0,210-270,ABpxpapap
TTCTCCTTCACTTCAT-b01,,,270.0,270-330,ABpxpaapaa
TTCTCCTTCGGAGCAA-b01,,AMso_parent,260.0,210-270,ABpxpaapap
TTCTTAGTCATAACCG-b01,,,120.0,100-130,ABpxpa
TTCTTAGTCTTAGCCC-b01,,,190.0,170-210,ABpxpaaa
TTGAACGCACCAGGTC-b01,Ciliated_amphid_neuron,ASH,490.0,450-510,ABpxpaappaa
TTGAACGGTCTAACGT-b01,Ciliated_amphid_neuron,,220.0,210-270,ABpxpapaaa
TTGACTTAGGCAGGTT-b01,,Neuroblast_PVC_LUA,300.0,270-330,ABpxpppaapa
TTGACTTGTACATGTC-b01,Ciliated_non_amphid_neuron,,260.0,210-270,ABpxpaaapp
TTGACTTTCCGTACAA-b01,,,225.0,210-270,ABpxpaaa
TTGCCGTAGATATGCA-b01,Ciliated_amphid_neuron,Neuroblast_AWC_SAAVx,245.0,210-270,ABpxpaaaaa
TTGCCGTCATATGCTG-b01,,,185.0,170-210,ABpxppap
TTGGAACTCGTGGGAA-b01,,,300.0,270-330,ABpxppapap
TTGGCAACAGCTTCGG-b01,,Neuroblast_PVC_LUA,335.0,330-390,ABpxpppaapa
TTGGCAAGTCACCCAG-b01,,,190.0,170-210,ABpxppppa
TTGGCAATCCTACAGA-b01,,,175.0,170-210,ABpxpaap
TTGTAGGAGATGTCGG-b01,,,170.0,170-210,ABpxpapap
TTTACTGAGCAACGGT-b01,,,185.0,170-210,ABpxppaap
TTTCCTCTCTGTCCGT-b01,,,150.0,130-170,ABpxpaap
TTTGGTTAGGGTGTGT-b01,,,205.0,170-210,ABpxppapa
TTTGGTTTCCAAAGTC-b01,,,195.0,170-210,ABpxppapp
AAAGATGCAAGCCATT-b02,,,185.0,170-210,ABpxpaaa
AAATGCCAGCTGTCTA-b02,,,210.0,210-270,ABpxppppaa
AACACGTAGTCACGCC-b02,,PVP,470.0,450-510,ABpxppppaaa
AACTCAGAGGTGCTAG-b02,,,170.0,170-210,ABpxpppap
AAGACCTAGGCTAGGT-b02,,,290.0,270-330,ABpxpapaaa
AAGACCTTCTTCGGTC-b02,,,290.0,270-330,ABpxpapaap
AAGGTTCGTGCGGTAA-b02,,,170.0,170-210,ABpxpppaap
AATCGGTTCACTATTC-b02,,RIM_parent,270.0,270-330,ABpxpapap
ACACCAACACAGACTT-b02,,,185.0,170-210,ABpxpaapp
ACACTGACAAACAACA-b02,Ciliated_non_amphid_neuron,,280.0,270-330,ABpxppappp
ACACTGATCCGTTGCT-b02,,,190.0,170-210,ABpxpppap
ACATCAGTCACCACCT-b02,,RIB,500.0,450-510,ABpxpaappap
ACATCAGTCAGTTGAC-b02,,,270.0,270-330,ABpxpapapp
ACCCACTCATGCTGGC-b02,,SIA,365.0,330-390,ABpxpapaapa/ABpxpapappa
ACGAGCCTCGATCCCT-b02,,,140.0,130-170,ABpxppa
ACGATGTGTCCGAAGA-b02,,RIC_parent,260.0,210-270,ABpxppaaaap
ACGATGTTCACAACGT-b02,,RIB,550.0,510-580,ABpxppapa
ACGCCAGGTCCATCCT-b02,,,270.0,270-330,ABpxppaapa
ACGCCGACACCGCTAG-b02,Glia,AMso,425.0,390-450,ABpxpaapapa
ACGCCGACATGCCTTC-b02,,,265.0,210-270,ABpxpaapaa
ACGGCCAGTGACAAAT-b02,,,260.0,210-270,ABpxppaaaa
ACGGGCTCAATAGAGT-b02,,,205.0,170-210,ABpxpaaap
ACTGCTCGTCCGAGTC-b02,,,195.0,170-210,ABpxppapa
ACTTACTGTTTGTTGG-b02,,,190.0,170-210,ABpxpppap
ACTTGTTAGAAGGACA-b02,,,185.0,170-210,ABpxpaapp
AGACGTTAGTGAATTG-b02,,,160.0,130-170,ABpxpapa
AGATCTGTCGTCCAGG-b02,,,260.0,210-270,ABpxpapaa
AGATTGCAGGACAGAA-b02,,,190.0,170-210,ABpxppppp
AGCAGCCGTGATGTCT-b02,,,275.0,270-330,ABpxpapapp
AGCCTAAAGAGTAATC-b02,,,190.0,170-210,ABpxppaap
AGCCTAATCGTCCGTT-b02,,,290.0,270-330,ABpxppaaa
AGCTCCTAGGTCATCT-b02,,,170.0,170-210,ABpxppppa
AGGGATGAGGGATCTG-b02,,,340.0,330-390,ABpxppappp
AGGGATGTCGAGCCCA-b02,,,290.0,270-330,ABpxppappa
AGGTCATAGAAGGTGA-b02,,,200.0,170-210,ABpxpppap
AGGTCATAGTGGTAGC-b02,,,260.0,210-270,ABpxpapaap
ATCATCTAGGCCATAG-b02,,,245.0,210-270,ABpxpaaa
ATCATGGGTGGTCCGT-b02,,,130.0,130-170,ABpxppaa
ATCATGGTCATGTCCC-b02,Ciliated_amphid_neuron,ASH,450.0,450-510,ABpxpaappaa
ATCTGCCCATCCCACT-b02,Ciliated_amphid_neuron,ASH,390.0,390-450,ABpxpaappaa
ATGAGGGAGTGATCGG-b02,,,195.0,170-210,ABpxppppaa
ATGCGATCAGCGTCCA-b02,,,260.0,210-270,ABpxpppaap
CAAGAAAGTATGCTTG-b02,,SIA,350.0,330-390,ABpxpapaapa/ABpxpapappa
CAAGGCCAGTAACCCT-b02,,PVP,470.0,450-510,ABpxppppaaa
CAAGGCCTCAACTCTT-b02,Parent_of_exc_gland_AVK,,290.0,270-330,ABpxpapapa
CAAGGCCTCAGCCTAA-b02,Ciliated_amphid_neuron,,260.0,210-270,ABpxpaaaa
CACACAATCGCGTTTC-b02,,,170.0,170-210,ABpxpppap
CACACTCAGGACCACA-b02,,,190.0,170-210,ABpxpaapaa
CACATAGCACTATCTT-b02,,,185.0,170-210,ABpxpaaap
CACCTTGAGGCGCTCT-b02,,,220.0,210-270,ABpxppappp
CAGCAGCGTTCGTGAT-b02,,,320.0,270-330,ABpxppappa
CAGCCGAAGCGTAATA-b02,,,190.0,170-210,ABpxppaaa
CAGCCGAAGGCTAGAC-b02,,,260.0,210-270,ABpxppappa
CAGCGACAGCCAGGAT-b02,,,200.0,170-210,ABpxppaap
CAGCGACAGTCCGTAT-b02,,,170.0,170-210,ABpxppappp
CAGCTGGCACAGATTC-b02,,,180.0,170-210,ABpxpppa
CAGTCCTTCCTTGGTC-b02,,Parent_of_tail_spike_and_hyp10,230.0,210-270,ABpxpppppp
CATATGGAGAGCTTCT-b02,,,195.0,170-210,ABpxpaaap
CATATTCAGGATTCGG-b02,Glia,AMso,370.0,330-390,ABpxpaapapa
CATATTCGTTCAGACT-b02,,,270.0,270-330,ABpxpapaap
CATCAAGAGTTTAGGA-b02,,,200.0,170-210,ABpxpapaa
CATCCACTCCAAATGC-b02,,,170.0,170-210,ABpxpapap
CATCCACTCTGCGTAA-b02,,,270.0,270-330,ABpxpppaaa
CATCGGGAGCACCGCT-b02,Ciliated_amphid_neuron,AWC,405.0,390-450,ABpxpaaaaap
CATGGCGTCTAGCACA-b02,,RIM,450.0,450-510,ABpxppaapap
CATTCGCGTGAGGGTT-b02,,,190.0,170-210,ABpxpaapp
CCACCTAGTGAGTGAC-b02,,,205.0,170-210,ABpxpaaap
CCACGGAAGACGCAAC-b02,,,260.0,210-270,ABpxppaapp
CCCATACCAGTGGAGT-b02,Ciliated_amphid_neuron,,265.0,210-270,ABpxpaapaa
CCCTCCTAGGATGCGT-b02,,,260.0,210-270,ABpxpaappa
CCCTCCTCAGGGATTG-b02,Ciliated_non_amphid_neuron,,260.0,210-270,ABpxpaaapp
CCGGTAGGTTCTCATT-b02,,,170.0,170-210,ABpxppapa
CCGTTCACACTTGGAT-b02,,,290.0,270-330,ABpxppaaaa
CCTACACAGATGTAAC-b02,,Parents_of_U_F_B_DVA,265.0,210-270,ABpxppppap
CCTACCACATCATCCC-b02,,,215.0,210-270,ABpxpaapa
CCTATTATCCCAAGTA-b02,,,170.0,170-210,ABpxpppppp
CCTTCCCTCAACGCTA-b02,,,215.0,210-270,ABpxpaaaap
CCTTCCCTCACCATAG-b02,Ciliated_non_amphid_neuron,,270.0,270-330,ABpxppppap
CCTTTCTGTAGCTGCC-b02,,,300.0,270-330,ABpxppapap
CGAACATAGATCGATA-b02,,,245.0,210-270,ABpxppaapp
CGAACATCAATACGCT-b02,,,220.0,210-270,ABpxppppp
CGACCTTAGTACGTTC-b02,Ciliated_amphid_neuron,ASH,490.0,450-510,ABpxpaappaa
CGACCTTTCAAGCCTA-b02,,,290.0,270-330,ABpxppappa
CGATCGGAGCGATCCC-b02,Excretory_gland,,420.0,390-450,ABpxpapapaa
CGATGTAGTCCTGCTT-b02,,,195.0,170-210,ABpxppapp
CGATGTATCATTTGGG-b02,,,300.0,270-330,ABpxppappa
CGATTGACAGATCGGA-b02,,,230.0,210-270,ABpxpapaa
CGCGTTTAGAGTACAT-b02,,,260.0,210-270,ABpxpppppp
CGCGTTTGTTTGGGCC-b02,Ciliated_amphid_neuron,ASH,380.0,330-390,ABpxpaappaa
CGCTGGAAGCTCCTTC-b02,Excretory_gland,,420.0,390-450,ABpxpapapaa
CGCTTCACACAGGTTT-b02,,AVK,405.0,390-450,ABpxpapapap
CGGACGTAGAGATGAG-b02,Excretory_gland,,355.0,330-390,ABpxpapapaa
CGTAGCGCATCAGTAC-b02,,,175.0,170-210,ABpxpppaaa
CGTCACTTCAATAAGG-b02,,,190.0,170-210,ABpxpapaa
CGTCAGGGTCTTCAAG-b02,,RMD,620.0,580-650,ABpxpppaaa
CGTGAGCGTTCGGCAC-b02,,,220.0,210-270,ABpxpaaapa
CGTGTAAAGATCCCGC-b02,,AVL,550.0,510-580,ABpxpppa
CGTGTCTCAATCTACG-b02,,,200.0,170-210,ABpxpppaap
CGTGTCTTCCACGTTC-b02,,,280.0,270-330,ABpxpapapp
CTAACTTCACCATGTA-b02,,,170.0,170-210,ABpxpaapp
CTAGCCTTCTGCTTGC-b02,,,170.0,170-210,ABpxppaa
CTAGTGAGTACGCACC-b02,,,170.0,170-210,ABpxpapaa
CTCACACAGTCAAGGC-b02,,,170.0,170-210,ABpxpppa
CTCGAGGAGGCAAAGA-b02,,,490.0,450-510,ABpxppapa
CTCGGGAGTCTCTCGT-b02,,,160.0,130-170,ABpxpapa
CTCTAATTCGGAATCT-b02,,RIC_parent,340.0,330-390,ABpxppaaaap
CTGAAGTCATTGTGCA-b02,,,175.0,170-210,ABpxpppa
CTGATAGGTCACCCAG-b02,,,290.0,270-330,ABpxppapap
CTGATAGGTCTAGTGT-b02,,RIC_parent,335.0,330-390,ABpxppaaaap
CTGATAGTCCAAATGC-b02,,,200.0,170-210,ABpxppppap
CTGCCTAAGCATGGCA-b02,,,190.0,170-210,ABpxpapaa
CTGCCTAGTTTACTCT-b02,,SIA,425.0,390-450,ABpxpapaapa/ABpxpapappa
CTGCGGATCGCGTTTC-b02,,,200.0,170-210,ABpxpaaap
CTTAACTGTATCACCA-b02,Glia,AMso,490.0,450-510,ABpxpaapapa
CTTCTCTCATGCCTTC-b02,,,270.0,270-330,ABpxpapapp
CTTCTCTGTGGTCCGT-b02,,CAN,510.0,510-580,ABpxpppa
GAAATGAAGATATGGT-b02,,,195.0,170-210,ABpxppapp
GAACCTAAGACCGGAT-b02,,,185.0,170-210,ABpxppppaa
GAACCTAAGCTAACTC-b02,,,190.0,170-210,ABpxpaapp
GAACCTATCCGATATG-b02,,RIC_parent,310.0,270-330,ABpxppaaaap
GAACGGAAGTAATCCC-b02,,,170.0,170-210,ABpxppapa
GACACGCCACGAAAGC-b02,,,200.0,170-210,ABpxpapaa
GACGTTAAGCCAGGAT-b02,,,310.0,270-330,ABpxppapaa
GACGTTACAACTTGAC-b02,,,260.0,210-270,ABpxpppaaa
GAGGTGAAGACAGGCT-b02,Pharyngeal_neuron,M1_parent,300.0,270-330,ABpxppappa
GAGGTGAGTCCGAGTC-b02,Pharyngeal_neuron,,320.0,270-330,ABpxpapaaa
GAGTCCGTCCGTCAAA-b02,,,260.0,210-270,ABpxppaaa
GATCAGTCAATGAAAC-b02,,,230.0,210-270,ABpxpppaap
GATCAGTCACCGCTAG-b02,,AMso_parent,230.0,210-270,ABpxpaapap
GATCGCGCACTCTGTC-b02,,,260.0,210-270,ABpxpaaapp
GATCTAGTCCGTTGTC-b02,,,190.0,170-210,ABpxpppap
GCAATCATCAGAGGTG-b02,,,290.0,270-330,ABpxpaapaa
GCACATACATGATCCA-b02,Ciliated_amphid_neuron,ASH,390.0,390-450,ABpxpaappaa
GCATGCGAGAAGGACA-b02,,,150.0,130-170,ABpxppaa
GCCTCTAGTACTTAGC-b02,Ciliated_non_amphid_neuron,,260.0,210-270,ABpxpaaapp
GCGCGATGTTAAGGGC-b02,Ciliated_amphid_neuron,AWC,425.0,390-450,ABpxpaaaaap
GCTCCTACAGATGGCA-b02,Ciliated_non_amphid_neuron,,270.0,270-330,ABpxpaappp
GCTGCAGGTACGCTGC-b02,,,230.0,210-270,ABpxpppaap
GCTGCAGGTTGATTGC-b02,,,180.0,170-210,ABpxppaaa
GCTGCGAAGTCCATAC-b02,,,190.0,170-210,ABpxpppaa
GCTGCGACACATGACT-b02,,,170.0,170-210,ABpxpapap
GCTGCTTAGGAACTGC-b02,,,260.0,210-270,ABpxpaaaap
GGAATAAAGCGATCCC-b02,,,300.0,270-330,ABpxppappp
GGACGTCAGGACAGCT-b02,,,190.0,170-210,ABpxppaap
GGATGTTAGTAGGTGC-b02,Pharyngeal_neuron,,200.0,170-210,ABpxppaapp
GGATTACCAGGGATTG-b02,,AMso_parent,280.0,270-330,ABpxpaapap
GGCAATTGTCATATCG-b02,,Neuroblast_PVC_LUA,320.0,270-330,ABpxpppaapa
GGCGACTAGGCACATG-b02,,,290.0,270-330,ABpxppappa
GGGAGATGTACCATCA-b02,Ciliated_amphid_neuron,Neuroblast_AWC_SAAVx,245.0,210-270,ABpxpaaaaa
GGGCATCAGTCCTCCT-b02,,,170.0,170-210,ABpxpaaaa
GGGTCTGCAATAGCAA-b02,,,295.0,270-330,ABpxppaapp
GGTGCGTCAGACGCTC-b02,,,170.0,170-210,ABpxpppaaa
GGTGTTATCGTACCGG-b02,,,260.0,210-270,ABpxppaaa
GTAACGTCATTCTTAC-b02,,,190.0,170-210,ABpxpppap
GTAACTGAGATCGATA-b02,,AIM,440.0,390-450,ABpxpaapppa
GTACTCCGTTCCACAA-b02,,,275.0,270-330,ABpxpaaaaa
GTACTTTGTATATGAG-b02,,,340.0,330-390,ABpxppappa
GTATCTTGTAAGTGGC-b02,,,120.0,100-130,ABpxpaa
GTATTCTAGCCAACAG-b02,,,270.0,270-330,ABpxppaapp
GTATTCTAGCTCAACT-b02,,,200.0,170-210,ABpxppap
GTCACGGCAGTCAGAG-b02,Parent_of_exc_duct_pore_DB_1_3,,295.0,270-330,ABpxpaaaap
GTCCTCACAAGCTGGA-b02,,,200.0,170-210,ABpxpppaap
GTCGTAAGTCTAAACC-b02,,,270.0,270-330,ABpxppapa
GTCTCGTCAATGGAAT-b02,,,285.0,270-330,ABpxppppap
GTCTCGTTCGCCAGCA-b02,,,185.0,170-210,ABpxpapap
GTCTTCGCACACAGAG-b02,,,270.0,270-330,ABpxpapapp
GTGCAGCTCAAACGGG-b02,,,190.0,170-210,ABpxppppa
GTGCATAAGAGTCGGT-b02,,,280.0,270-330,ABpxpaapaa
GTTAAGCAGTGCTGCC-b02,,,200.0,170-210,ABpxppppap
GTTCTCGCATACGCTA-b02,,,230.0,210-270,ABpxppaaaa
TAAACCGAGCTAGTGG-b02,,,120.0,100-130,ABpxpa
TAAACCGGTCGACTGC-b02,,,230.0,210-270,ABpxppppap
TAAGAGACAGATGAGC-b02,Pharyngeal_neuron,,250.0,210-270,ABpxpapaaa
TACACGATCGTACGGC-b02,,,190.0,170-210,ABpxppaap
TACGGATTCTGGTTCC-b02,,,330.0,330-390,ABpxppappp
TAGCCGGAGTTGTAGA-b02,,,340.0,330-390,ABpxpaapp
TAGTGGTTCTTTACAC-b02,,,190.0,170-210,ABpxpapap
TATTACCAGACCACGA-b02,,,195.0,170-210,ABpxppapa
TATTACCCACCGATAT-b02,Ciliated_amphid_neuron,AWC,430.0,390-450,ABpxpaaaaap
TCAATCTTCGGAGCAA-b02,,,265.0,210-270,ABpxppaaaa
TCACGAATCAGCTCGG-b02,,SIA,425.0,390-450,ABpxpapaapa/ABpxpapappa
TCACGAATCTCTGCTG-b02,,RIC_parent,340.0,330-390,ABpxppaaaap
TCAGCTCCATCGATTG-b02,,,190.0,170-210,ABpxppppaa
TCAGGATTCACAACGT-b02,,,230.0,210-270,ABpxpppapa
TCCCGATTCCTGCTTG-b02,,,200.0,170-210,ABpxppappa
TCGCGAGCATAGACTC-b02,,,200.0,170-210,ABpxpaaaap
TCGGTAAGTCCGTCAG-b02,,,210.0,210-270,ABpxppappp
TCGTACCAGGGATGGG-b02,,DVA,700.0,> 650,ABpxppapa
TCGTACCCATGATCCA-b02,,,190.0,170-210,ABpxppppp
TCGTAGATCAAGGTAA-b02,Glia,AMso,430.0,390-450,ABpxpaapapa
TGACTAGGTAAGTGGC-b02,,,195.0,170-210,ABpxpaapa
TGACTAGGTTGTTTGG-b02,,,160.0,130-170,ABpxppppp
TGACTTTGTTCCTCCA-b02,Ciliated_non_amphid_neuron,,260.0,210-270,ABpxpaaapp
TGAGAGGGTCGCCATG-b02,,,200.0,170-210,ABpxpapaap
TGAGCATCATCGGACC-b02,,,310.0,270-330,ABpxppappp
TGAGCATTCGGCGGTT-b02,Ciliated_non_amphid_neuron,,260.0,210-270,ABpxpaaapp
TGATTTCCATCTCCCA-b02,,,300.0,270-330,ABpxpapaaa
TGCCCATGTCGCGAAA-b02,,,160.0,130-170,ABpxpaap
TGCGCAGTCAGCGATT-b02,,Parent_of_tail_spike_and_hyp10,225.0,210-270,ABpxpppppp
TGCGCAGTCTCCTATA-b02,,,170.0,170-210,ABpxpppa
TGGACGCTCGCTTAGA-b02,,,185.0,170-210,ABpxppaap
TGGGCGTGTATCGCAT-b02,,,165.0,130-170,ABpxpppa
TGGGCGTTCGAATGGG-b02,,,230.0,210-270,ABpxpppppp
TGTATTCAGACGCAAC-b02,,,170.0,170-210,ABpxppppa
TGTCCCAAGAGGTAGA-b02,Ciliated_amphid_neuron,Neuroblast_AWC_SAAVx,275.0,270-330,ABpxpaaaaa
TGTGGTACAATAGCGG-b02,,,210.0,210-270,ABpxpppapa
TGTTCCGCATACCATG-b02,,AVK,375.0,330-390,ABpxpapapap
TTAGTTCCATAAAGGT-b02,,,160.0,130-170,ABpxppaa
TTCTCCTAGGCTCATT-b02,,,195.0,170-210,ABpxpaapa
TTCTTAGGTCACCCAG-b02,,,230.0,210-270,ABpxpaaapp
TTGAACGTCATCGATG-b02,,DA,550.0,510-580,ABpxppppaa
TTGCCGTTCCTTTACA-b02,Ciliated_amphid_neuron,ASH,390.0,390-450,ABpxpaappaa
TTGCGTCGTTGATTGC-b02,,,290.0,270-330,ABpxppaapp
TTGGAACTCCCGACTT-b02,,,190.0,170-210,ABpxppapa
TTGTAGGAGGGATACC-b02,Ciliated_amphid_neuron,,270.0,270-330,ABpxpaaaap
TTGTAGGCAAGCGATG-b02,,,175.0,170-210,ABpxppaaa
AGACGTTCAATAAGCA-500.2.1,Ciliated_amphid_neuron,ASH,425.0,390-450,ABpxpaappaa
AGAGTGGGTCGAAAGC-500.2.1,Ciliated_amphid_neuron,ASH,435.0,390-450,ABpxpaappaa
AGCGGTCAGGTGTTAA-500.2.1,Ciliated_amphid_neuron,ASH,375.0,330-390,ABpxpaappaa
ATGCGATGTTCGCGAC-500.2.1,Ciliated_amphid_neuron,ASH,490.0,450-510,ABpxpaappaa
GCGCCAATCGGTTCGG-500.2.1,Ciliated_amphid_neuron,ASH,470.0,450-510,ABpxpaappaa
GTCATTTGTTTGCATG-500.2.1,Ciliated_amphid_neuron,ASH,410.0,390-450,ABpxpaappaa
TGCTACCTCTACCAGA-500.2.1,Ciliated_amphid_neuron,AWC,470.0,450-510,ABpxpaaaaap
TTAGTTCGTCTGCGGT-500.2.1,Ciliated_amphid_neuron,ASH,440.0,390-450,ABpxpaappaa
CGCGGTATCTTTAGTC-500.2.2,Ciliated_amphid_neuron,ASH,490.0,450-510,ABpxpaappaa
AAGTCTGGTCGGCATC-b01,Ciliated_amphid_neuron,ASH,380.0,330-390,ABpxpaappaa
AGGCCACCAGGACGTA-b01,Ciliated_amphid_neuron,ASH,400.0,390-450,ABpxpaappaa
ATTATCCGTGTGGCTC-b01,Ciliated_amphid_neuron,AWC,450.0,450-510,ABpxpaaaaap
CGATTGATCACATACG-b01,Ciliated_amphid_neuron,ASH,400.0,390-450,ABpxpaappaa
CTTAACTGTTCAGGCC-b01,Ciliated_amphid_neuron,ASH,420.0,390-450,ABpxpaappaa
GCGCAGTCAGTATGCT-b01,Ciliated_amphid_neuron,ASH,490.0,450-510,ABpxpaappaa
GCGCGATAGGACATTA-b01,Ciliated_amphid_neuron,ASH,375.0,330-390,ABpxpaappaa
GGATTACTCCCGACTT-b01,Ciliated_amphid_neuron,ASH,385.0,330-390,ABpxpaappaa
GGGTTGCGTAGAGTGC-b01,Ciliated_amphid_neuron,ASH,385.0,330-390,ABpxpaappaa
GTGCTTCGTGTGACGA-b01,Ciliated_amphid_neuron,ASH,400.0,390-450,ABpxpaappaa
GTTAAGCGTTAAGGGC-b01,Ciliated_amphid_neuron,AWC,450.0,450-510,ABpxpaaaaap
TACTCGCCACGTAAGG-b01,Ciliated_amphid_neuron,ASH,440.0,390-450,ABpxpaappaa
TCCACACCACACAGAG-b01,Ciliated_amphid_neuron,AWC,385.0,330-390,ABpxpaaaaap
TGGCGCACATCCTAGA-b01,Ciliated_amphid_neuron,ASH,415.0,390-450,ABpxpaappaa
TGGCTGGGTGAGGCTA-b01,Ciliated_amphid_neuron,ASH,395.0,390-450,ABpxpaappaa
TGGCTGGTCTGCTGTC-b01,Ciliated_amphid_neuron,ASH,440.0,390-450,ABpxpaappaa
CACTCCAAGCCTTGAT-b02,Ciliated_amphid_neuron,ASH,490.0,450-510,ABpxpaappaa
CCATTCGGTGTGAAAT-b02,Ciliated_amphid_neuron,AWC,490.0,450-510,ABpxpaaaaap
CGTAGCGCACCCTATC-b02,Ciliated_amphid_neuron,ASH,390.0,390-450,ABpxpaappaa
GACACGCCAGCTTCGG-b02,Ciliated_amphid_neuron,AWC,420.0,390-450,ABpxpaaaaap
GGACAGAAGAAGGTTT-b02,Ciliated_amphid_neuron,AWC,430.0,390-450,ABpxpaaaaap
GTAGTCACACTCAGGC-b02,Ciliated_amphid_neuron,ASH,415.0,390-450,ABpxpaappaa
TAGAGCTAGTACGCGA-b02,Ciliated_amphid_neuron,ASH,400.0,390-450,ABpxpaappaa
AACACGTCAGGAATGC-500.1.1,,RIV,430.0,390-450,ABpxpaapaaa
AACTCCCTCCAAGTAC-500.1.1,,RIV,450.0,450-510,ABpxpaapaaa
ACGCCGAAGACTAGAT-500.1.1,,RIV,500.0,450-510,ABpxpaapaaa
ATCCGAAAGGTAGCCA-500.1.1,,SIB,440.0,390-450,ABpxpapaapp/ABpxppaaaaa
CACAAACCAATAGCAA-500.1.1,,SIB,500.0,450-510,ABpxpapaapp/ABpxppaaaaa
CACAGGCAGTGATCGG-500.1.1,,RIV,420.0,390-450,ABpxpaapaaa
CACCAGGAGCTAGGCA-500.1.1,,SIA,350.0,330-390,ABpxpapaapa/ABpxpapappa
CAGAGAGTCCCTTGCA-500.1.1,,SIB,490.0,450-510,ABpxpapaapp/ABpxppaaaaa
CATGGCGCAAAGGCGT-500.1.1,,SIB,450.0,450-510,ABpxpapaapp/ABpxppaaaaa
CCCTCCTGTGCCTGTG-500.1.1,,SIB,450.0,450-510,ABpxpapaapp/ABpxppaaaaa
CCGGGATCAAGGCTCC-500.1.1,,AIY,470.0,450-510,ABpxpapaaap
CCTAAAGGTTTGGGCC-500.1.1,,RIV,425.0,390-450,ABpxpaapaaa
CCTCTGACATGCTAGT-500.1.1,,RIV,430.0,390-450,ABpxpaapaaa
CGATTGAGTTGTGGAG-500.1.1,,SIB,385.0,330-390,ABpxpapaapp/ABpxppaaaaa
CGTAGCGTCAATCACG-500.1.1,,AIM,480.0,450-510,ABpxpaapppa
CGTGTCTGTAGCTGCC-500.1.1,,RIV,500.0,450-510,ABpxpaapaaa
CTAGAGTGTAGCCTAT-500.1.1,,SIB,425.0,390-450,ABpxpapaapp/ABpxppaaaaa
GATCGTATCGCGTTTC-500.1.1,,SIB,425.0,390-450,ABpxpapaapp/ABpxppaaaaa
GCATGCGCAATTGCTG-500.1.1,,SIB,420.0,390-450,ABpxpapaapp/ABpxppaaaaa
GGACGTCAGTCTCAAC-500.1.1,,RIV,500.0,450-510,ABpxpaapaaa
GGTGCGTAGATGCCAG-500.1.1,,RIB,490.0,450-510,ABpxpaappap
GTACGTACACTTAAGC-500.1.1,,RIV,500.0,450-510,ABpxpaapaaa
GTCACAAAGCAGCGTA-500.1.1,,SIB,405.0,390-450,ABpxpapaapp/ABpxppaaaaa
TAAACCGCAATTCCTT-500.1.1,,RIV,425.0,390-450,ABpxpaapaaa
TACGGTATCCAAGCCG-500.1.1,,SIB,380.0,330-390,ABpxpapaapp/ABpxppaaaaa
TACTTACAGACTGGGT-500.1.1,,AIM,410.0,390-450,ABpxpaapppa
TAGAGCTTCCAGGGCT-500.1.1,,AVB,355.0,330-390,ABpxpaapaap
TCAGCAACAAACTGCT-500.1.1,,SIA,400.0,390-450,ABpxpapaapa/ABpxpapappa
TCCCGATAGAGTAAGG-500.1.1,,SIB,440.0,390-450,ABpxpapaapp/ABpxppaaaaa
TCGTACCGTAAGTGTA-500.1.1,,RIV,450.0,450-510,ABpxpaapaaa
TCGTAGATCATTGCCC-500.1.1,,RIV,415.0,390-450,ABpxpaapaaa
TCTGGAAAGTCATGCT-500.1.1,,SIB,390.0,390-450,ABpxpapaapp/ABpxppaaaaa
TGTTCCGCATTCGACA-500.1.1,,RIV,420.0,390-450,ABpxpaapaaa
TTTATGCAGAGAACAG-500.1.1,,SIB,415.0,390-450,ABpxpapaapp/ABpxppaaaaa
AAGGAGCCATTACGAC-500.1.2,,RIV,450.0,450-510,ABpxpaapaaa
AAGTCTGGTATCAGTC-500.1.2,,SIB,420.0,390-450,ABpxpapaapp/ABpxppaaaaa
ACATACGAGTCTTGCA-500.1.2,,RIV,420.0,390-450,ABpxpaapaaa
ACATGGTAGACCCACC-500.1.2,,SIB,395.0,390-450,ABpxpapaapp/ABpxppaaaaa
ACCTTTAGTGGCTCCA-500.1.2,,SIB,450.0,450-510,ABpxpapaapp/ABpxppaaaaa
ATCATCTAGAAACCAT-500.1.2,,RIV,470.0,450-510,ABpxpaapaaa
ATTCTACAGCTCAACT-500.1.2,,SIA,365.0,330-390,ABpxpapaapa/ABpxpapappa
ATTGGACCACCCTATC-500.1.2,,SIB,350.0,330-390,ABpxpapaapp/ABpxppaaaaa
CACCAGGAGAACAATC-500.1.2,,RIV,380.0,330-390,ABpxpaapaaa
CAGCCGAAGCGATTCT-500.1.2,,SIB,350.0,330-390,ABpxpapaapp/ABpxppaaaaa
CCTATTATCTTGAGAC-500.1.2,,SIA,480.0,450-510,ABpxpapaapa/ABpxpapappa
CGATGTAGTGGACGAT-500.1.2,,AVB,380.0,330-390,ABpxpaapaap
CGCCAAGGTCTACCTC-500.1.2,,SIB,500.0,450-510,ABpxpapaapp/ABpxppaaaaa
CTCGAAATCGGACAAG-500.1.2,,SIB,420.0,390-450,ABpxpapaapp/ABpxppaaaaa
CTTACCGGTATGAATG-500.1.2,,PVP,370.0,330-390,ABpxppppaaa
GAAATGAGTACAGTGG-500.1.2,,RIV,425.0,390-450,ABpxpaapaaa
GCCTCTAAGGACAGAA-500.1.2,,RIM,390.0,390-450,ABpxppaapap
GCGGGTTAGCTGTTCA-500.1.2,,RIV,420.0,390-450,ABpxpaapaaa
GCGGGTTCACGTCTCT-500.1.2,,RIV,360.0,330-390,ABpxpaapaaa
GTACTCCGTAGAGGAA-500.1.2,,SIB,415.0,390-450,ABpxpapaapp/ABpxppaaaaa
GTCAAGTGTCCTCTTG-500.1.2,,RIV,410.0,390-450,ABpxpaapaaa
GTTCGGGCACCTTGTC-500.1.2,,AVB,385.0,330-390,ABpxpaapaap
TACTTGTAGACTTGAA-500.1.2,,SIA,470.0,450-510,ABpxpapaapa/ABpxpapappa
TATCAGGCAGCAGTTT-500.1.2,,SIA,490.0,450-510,ABpxpapaapa/ABpxpapappa
TCAACGACATACCATG-500.1.2,,RIM,380.0,330-390,ABpxppaapap
TCAGCTCGTACCGTAT-500.1.2,,RIC_parent,300.0,270-330,ABpxppaaaap
TGACGGCCACCAGGTC-500.1.2,,SIA,385.0,330-390,ABpxpapaapa/ABpxpapappa
TGCTACCGTATAGTAG-500.1.2,,RIV,470.0,450-510,ABpxpaapaaa
TGGCTGGCACCAGTTA-500.1.2,,SIB,390.0,390-450,ABpxpapaapp/ABpxppaaaaa
TGGTTAGTCTGGAGCC-500.1.2,,SIB,420.0,390-450,ABpxpapaapp/ABpxppaaaaa
TTGTAGGCAAGACGTG-500.1.2,,SIB,385.0,330-390,ABpxpapaapp/ABpxppaaaaa
ACATACGCATACCATG-500.1.3,,SIB,350.0,330-390,ABpxpapaapp/ABpxppaaaaa
ATGGGAGAGGTAGCTG-500.1.3,,SIA,415.0,390-450,ABpxpapaapa/ABpxpapappa
CTGAAACTCTGTTTGT-500.1.3,,RIV,430.0,390-450,ABpxpaapaaa
GGCGACTGTTTCGCTC-500.1.3,,SIB,420.0,390-450,ABpxpapaapp/ABpxppaaaaa
GGGTTGCGTTCTGGTA-500.1.3,,SIA,435.0,390-450,ABpxpapaapa/ABpxpapappa
GTAGTCAGTACTTCTT-500.1.3,,SIB,420.0,390-450,ABpxpapaapp/ABpxppaaaaa
TCAGCAACACGAAACG-500.1.3,,SIB,415.0,390-450,ABpxpapaapp/ABpxppaaaaa
TGCGCAGCACGTCTCT-500.1.3,,SIB,415.0,390-450,ABpxpapaapp/ABpxppaaaaa
TTGCCGTGTATTACCG-500.1.3,,AIM,360.0,330-390,ABpxpaapppa
ACATGGTCACGTCTCT-400.2.1,,RIV,450.0,450-510,ABpxpaapaaa
CCTTTCTCAGCTATTG-400.2.1,,RIV,380.0,330-390,ABpxpaapaaa
GGTGTTAGTCTTGCGG-400.2.1,,RIV,430.0,390-450,ABpxpaapaaa
ACTGAGTAGCCAGAAC-400.2.2,,RIV,420.0,390-450,ABpxpaapaaa
CTTAGGAAGGGTTCCC-400.2.2,,RIV,425.0,390-450,ABpxpaapaaa
TAGACCAAGAGGTAGA-400.2.2,,RIV,415.0,390-450,ABpxpaapaaa
CAAGATCCACTCGACG-400.2.3,,RIV,415.0,390-450,ABpxpaapaaa
CTTACCGTCCCGGATG-400.2.3,,RIV,395.0,390-450,ABpxpaapaaa
GCATGTAAGTGACATA-400.2.3,,RIV,385.0,330-390,ABpxpaapaaa
TTGGCAAAGCTAGCCC-300.1.3,,RIV,420.0,390-450,ABpxpaapaaa
AAAGATGGTGAAAGAG-500.2.1,,AVB,405.0,390-450,ABpxpaapaap
AACACGTCAGACGCCT-500.2.1,,RIM,450.0,450-510,ABpxppaapap
AATCCAGAGCCAGAAC-500.2.1,,RIB,390.0,390-450,ABpxpaappap
ACAGCCGAGAGGTTAT-500.2.1,,RIV,490.0,450-510,ABpxpaapaaa
ACATACGGTCCCGACA-500.2.1,,RIM,450.0,450-510,ABpxppaapap
ACATCAGAGAGTAATC-500.2.1,,AVB,400.0,390-450,ABpxpaapaap
ACCAGTATCACTATTC-500.2.1,,RIM,450.0,450-510,ABpxppaapap
ACCTTTACATTGGCGC-500.2.1,,AVB,365.0,330-390,ABpxpaapaap
AGCAGCCGTCTCAACA-500.2.1,,SIA,490.0,450-510,ABpxpapaapa/ABpxpapappa
AGCTTGATCAGCACAT-500.2.1,,AVK,435.0,390-450,ABpxpapapap
ATGGGAGGTGTTGGGA-500.2.1,,SIB,395.0,390-450,ABpxpapaapp/ABpxppaaaaa
ATTACTCGTCTAGGTT-500.2.1,,AVB,385.0,330-390,ABpxpaapaap
ATTCTACTCCTGCCAT-500.2.1,,RIM,440.0,390-450,ABpxppaapap
CAACCAAAGCGTTGCC-500.2.1,,AIM,370.0,330-390,ABpxpaapppa
CACCTTGGTTAAGGGC-500.2.1,,AVK,415.0,390-450,ABpxpapapap
CAGCTGGTCAACTCTT-500.2.1,,SIB,435.0,390-450,ABpxpapaapp/ABpxppaaaaa
CATCGAAAGGGTCTCC-500.2.1,,SIB,415.0,390-450,ABpxpapaapp/ABpxppaaaaa
CCATTCGAGAGCAATT-500.2.1,,RIM,450.0,450-510,ABpxppaapap
CCGGTAGCAGCGATCC-500.2.1,,RIV,380.0,330-390,ABpxpaapaaa
CCTTCGATCAAGGCTT-500.2.1,,AIY,430.0,390-450,ABpxpapaaap
CGATTGATCCTAGTGA-500.2.1,,SIB,450.0,450-510,ABpxpapaapp/ABpxppaaaaa
CGCTATCTCCACGTGG-500.2.1,,AVB,420.0,390-450,ABpxpaapaap
CGCTGGAAGAGCCTAG-500.2.1,,RIV,470.0,450-510,ABpxpaapaaa
CGTCCATGTTAAAGTG-500.2.1,,AIM,410.0,390-450,ABpxpaapppa
CGTGAGCCATCAGTCA-500.2.1,,RIM,455.0,450-510,ABpxppaapap
CGTTCTGCACATCCAA-500.2.1,,AVK,425.0,390-450,ABpxpapapap
CTAATGGCAAACCTAC-500.2.1,,SIB,420.0,390-450,ABpxpapaapp/ABpxppaaaaa
CTCACACGTTATGCGT-500.2.1,,AVB,420.0,390-450,ABpxpaapaap
CTCGAAAAGTTGTAGA-500.2.1,,AIM,400.0,390-450,ABpxpaapppa
CTCGTACGTAACGCGA-500.2.1,,AVB,400.0,390-450,ABpxpaapaap
CTCGTCAAGATCCTGT-500.2.1,,AVK,420.0,390-450,ABpxpapapap
CTCGTCAGTACCATCA-500.2.1,,SIA,480.0,450-510,ABpxpapaapa/ABpxpapappa
CTCTAATTCAACCAAC-500.2.1,,RIM,480.0,450-510,ABpxppaapap
CTCTACGGTCAGAATA-500.2.1,,SIA,490.0,450-510,ABpxpapaapa/ABpxpapappa
CTGAAGTCACCTCGGA-500.2.1,,SIB,395.0,390-450,ABpxpapaapp/ABpxppaaaaa
CTTCTCTGTAAGGGAA-500.2.1,,AVB,400.0,390-450,ABpxpaapaap
CTTGGCTGTCTCCATC-500.2.1,,RIB,395.0,390-450,ABpxpaappap
GACAGAGGTTTAGCTG-500.2.1,,RIM,405.0,390-450,ABpxppaapap
GAGGTGAAGGCTCATT-500.2.1,,SIB,385.0,330-390,ABpxpapaapp/ABpxppaaaaa
GATCGATCAAAGGTGC-500.2.1,,RIC_parent,320.0,270-330,ABpxppaaaap
GATCGTATCATGCATG-500.2.1,,AVK,435.0,390-450,ABpxpapapap
GATGAGGGTTGCGTTA-500.2.1,,AVB,390.0,390-450,ABpxpaapaap
GCAATCAAGCTAGGCA-500.2.1,,PVP,450.0,450-510,ABpxppppaaa
GCATACACAAAGTCAA-500.2.1,,AVK,470.0,450-510,ABpxpapapap
GCATACATCAATCTCT-500.2.1,,AIM,380.0,330-390,ABpxpaapppa
GCGCGATCAGCTCGAC-500.2.1,,AVK,490.0,450-510,ABpxpapapap
GGATGTTCACGGCTAC-500.2.1,,AVB,390.0,390-450,ABpxpaapaap
GGTGCGTTCGCACTCT-500.2.1,,RIB,390.0,390-450,ABpxpaappap
GGTGTTAAGCGTAGTG-500.2.1,,RIM,370.0,330-390,ABpxppaapap
GTACTCCTCTGCAGTA-500.2.1,,SIA,385.0,330-390,ABpxpapaapa/ABpxpapappa
GTAGGCCGTACCGTAT-500.2.1,,SIA,440.0,390-450,ABpxpapaapa/ABpxpapappa
GTCACAAAGACAAAGG-500.2.1,,SIB,405.0,390-450,ABpxpapaapp/ABpxppaaaaa
GTGCATACATTAGGCT-500.2.1,,AVB,395.0,390-450,ABpxpaapaap
GTGCATAGTTCACCTC-500.2.1,,AVK,400.0,390-450,ABpxpapapap
GTTTCTACAGATTGCT-500.2.1,,RIV,450.0,450-510,ABpxpaapaaa
TCACGAACAGTGGGAT-500.2.1,,RIM,400.0,390-450,ABpxppaapap
TCAGATGAGCCTTGAT-500.2.1,,AVB,405.0,390-450,ABpxpaapaap
TCTGGAAAGCTCCTTC-500.2.1,,RIM,500.0,450-510,ABpxppaapap
TGCCCTACATTCCTGC-500.2.1,,RIB,390.0,390-450,ABpxpaappap
TGCGCAGAGGCTAGCA-500.2.1,,SIB,420.0,390-450,ABpxpapaapp/ABpxppaaaaa
TGCGCAGTCTGCTGCT-500.2.1,,SIB,405.0,390-450,ABpxpapaapp/ABpxppaaaaa
TTGAACGTCCAGAAGG-500.2.1,,RIV,490.0,450-510,ABpxpaapaaa
AACCGCGGTACAGTTC-500.2.2,,AVB,380.0,330-390,ABpxpaapaap
AACGTTGGTTCGCTAA-500.2.2,,AVB,395.0,390-450,ABpxpaapaap
ACACCCTGTGTTGAGG-500.2.2,,SIB,395.0,390-450,ABpxpapaapp/ABpxppaaaaa
ACGAGGATCATCGCTC-500.2.2,,AVB,375.0,330-390,ABpxpaapaap
ACGATACAGTCCTCCT-500.2.2,,AVK,450.0,450-510,ABpxpapapap
ACGGCCAAGGAATGGA-500.2.2,,RIB,490.0,450-510,ABpxpaappap
AGATTGCGTATAGGTA-500.2.2,,AVB,360.0,330-390,ABpxpaapaap
AGCAGCCCAGTGAGTG-500.2.2,,AVB,390.0,390-450,ABpxpaapaap
AGGCCACGTCACACGC-500.2.2,,AVB,385.0,330-390,ABpxpaapaap
CACATTTCACAGGTTT-500.2.2,,SIA,395.0,390-450,ABpxpapaapa/ABpxpapappa
CAGCAGCTCTAACGGT-500.2.2,,AVK,420.0,390-450,ABpxpapapap
CATATGGCATTCTCAT-500.2.2,,SIA,370.0,330-390,ABpxpapaapa/ABpxpapappa
CATCGAACACTGTGTA-500.2.2,,AVB,385.0,330-390,ABpxpaapaap
CATGACAGTACCATCA-500.2.2,,SIB,410.0,390-450,ABpxpapaapp/ABpxppaaaaa
CATTCGCTCGGAAACG-500.2.2,,PVP,500.0,450-510,ABpxppppaaa
CCAGCGAAGTCGATAA-500.2.2,,RIB,395.0,390-450,ABpxpaappap
CCAGCGATCACCGGGT-500.2.2,,SIB,415.0,390-450,ABpxpapaapp/ABpxppaaaaa
CCCTCCTCAATGCCAT-500.2.2,,AVB,390.0,390-450,ABpxpaapaap
CCGGGATCACCTCGTT-500.2.2,,RIV,425.0,390-450,ABpxpaapaaa
CGAGCACAGACTTTCG-500.2.2,,AVK,470.0,450-510,ABpxpapapap
CGAGCACCAGCTGGCT-500.2.2,,SIB,405.0,390-450,ABpxpapaapp/ABpxppaaaaa
CGATCGGGTCTTGTCC-500.2.2,,SIA,480.0,450-510,ABpxpapaapa/ABpxpapappa
CGGAGTCAGAGATGAG-500.2.2,,AIM,435.0,390-450,ABpxpaapppa
CGGCTAGCAAAGAATC-500.2.2,,PVP,435.0,390-450,ABpxppppaaa
CGGCTAGGTCGAACAG-500.2.2,,SIB,405.0,390-450,ABpxpapaapp/ABpxppaaaaa
CGGCTAGGTGTTAAGA-500.2.2,,AIM,395.0,390-450,ABpxpaapppa
CGTCTACTCCAGATCA-500.2.2,,RIV,425.0,390-450,ABpxpaapaaa
CGTTAGAAGGCGCTCT-500.2.2,,RIM,390.0,390-450,ABpxppaapap
CTGATCCTCTACTCAT-500.2.2,,RIV,430.0,390-450,ABpxpaapaaa
GACCTGGGTACAAGTA-500.2.2,,AVK,410.0,390-450,ABpxpapapap
GACTGCGAGATGCCAG-500.2.2,,RIV,420.0,390-450,ABpxpaapaaa
GATCGATGTTAAGATG-500.2.2,,SIA,420.0,390-450,ABpxpapaapa/ABpxpapappa
GATCGTATCACTCTTA-500.2.2,,RIM,455.0,450-510,ABpxppaapap
GCAAACTCACTTGGAT-500.2.2,,RIV,450.0,450-510,ABpxpaapaaa
GCAATCATCTATGTGG-500.2.2,,SIB,420.0,390-450,ABpxpapaapp/ABpxppaaaaa
GCCAAATCAGGAACGT-500.2.2,,AVB,395.0,390-450,ABpxpaapaap
GCTGGGTTCGGAGGTA-500.2.2,,AVK,500.0,450-510,ABpxpapapap
GGAGCAAGTTACCAGT-500.2.2,,RIV,440.0,390-450,ABpxpaapaaa
GGGACCTAGGCTCTTA-500.2.2,,AIM,460.0,450-510,ABpxpaapppa
GGTGCGTGTACATGTC-500.2.2,,SIA,470.0,450-510,ABpxpapaapa/ABpxpapappa
GTCCTCATCCAAACTG-500.2.2,,RIV,410.0,390-450,ABpxpaapaaa
GTTCATTGTCTTGATG-500.2.2,,SIA,435.0,390-450,ABpxpapaapa/ABpxpapappa
TACAGTGTCACCATAG-500.2.2,,SIA,415.0,390-450,ABpxpapaapa/ABpxpapappa
TAGACCACAGCCTGTG-500.2.2,,AVK,420.0,390-450,ABpxpapapap
TAGAGCTAGATTACCC-500.2.2,,RIM,385.0,330-390,ABpxppaapap
TAGGCATAGACTACAA-500.2.2,,RIM,450.0,450-510,ABpxppaapap
TAGTTGGTCAGAAATG-500.2.2,,AVK,500.0,450-510,ABpxpapapap
TCAGATGAGCACCGTC-500.2.2,,AVB,405.0,390-450,ABpxpaapaap
TCAGCAACAGGGATTG-500.2.2,,AVB,435.0,390-450,ABpxpaapaap
TCTGGAAAGAAACCGC-500.2.2,,RIM,450.0,450-510,ABpxppaapap
TCTTTCCAGTTCCACA-500.2.2,,SIA,415.0,390-450,ABpxpapaapa/ABpxpapappa
TGGACGCAGCTGCAAG-500.2.2,,RIB,410.0,390-450,ABpxpaappap
TGTCCCAAGCCAGGAT-500.2.2,,AVB,390.0,390-450,ABpxpaapaap
TTCGGTCCATTGTGCA-500.2.2,,AIM,350.0,330-390,ABpxpaapppa
AAACCTGCAAGCGAGT-r17,,RIB,490.0,450-510,ABpxpaappap
AACGTTGAGTCATCCA-r17,,SIB,420.0,390-450,ABpxpapaapp/ABpxppaaaaa
ACATCAGCACCATCCT-r17,,SIB,480.0,450-510,ABpxpapaapp/ABpxppaaaaa
ACGATACGTCATACTG-r17,,AVK,370.0,330-390,ABpxpapapap
ACTTTCATCAACCATG-r17,,RIV,420.0,390-450,ABpxpaapaaa
AGACGTTTCGCGATCG-r17,,SIB,410.0,390-450,ABpxpapaapp/ABpxppaaaaa
AGAGCGAGTCAGAGGT-r17,,RIV,415.0,390-450,ABpxpaapaaa
AGCGTATTCATGTGGT-r17,,AVB,360.0,330-390,ABpxpaapaap
AGTGTCAAGATGGGTC-r17,,RIV,470.0,450-510,ABpxpaapaaa
CAACCAATCCGTCATC-r17,,PVP,480.0,450-510,ABpxppppaaa
CACCTTGTCAAACCAC-r17,,RIV,410.0,390-450,ABpxpaapaaa
CAGAATCGTATCGCAT-r17,,AVK,390.0,390-450,ABpxpapapap
CCTCTGAAGCGTCAAG-r17,,RIV,380.0,330-390,ABpxpaapaaa
CGAGAAGTCATTATCC-r17,,SIB,355.0,330-390,ABpxpapaapp/ABpxppaaaaa
CGCTTCACAGTCTTCC-r17,,RIM,405.0,390-450,ABpxppaapap
CGGACGTAGAATGTTG-r17,,SIA,380.0,330-390,ABpxpapaapa/ABpxpapappa
GACGCGTTCGTGACAT-r17,,AIM,365.0,330-390,ABpxpaapppa
GACGTGCGTTATCGGT-r17,,RIV,420.0,390-450,ABpxpaapaaa
GCGCAGTGTATTCGTG-r17,,AVB,360.0,330-390,ABpxpaapaap
GGACGTCTCCGTAGTA-r17,,PVP,410.0,390-450,ABpxppppaaa
TCAGCAAGTAAAGTCA-r17,,RIV,425.0,390-450,ABpxpaapaaa
TGGGAAGGTTTAGCTG-r17,,SIB,385.0,330-390,ABpxpapaapp/ABpxppaaaaa
TTGCGTCCATTAGCCA-r17,,SIB,470.0,450-510,ABpxpapaapp/ABpxppaaaaa
AAAGCAATCTGCTGTC-b01,,AVK,470.0,450-510,ABpxpapapap
AAAGTAGAGCTAGCCC-b01,,RIV,370.0,330-390,ABpxpaapaaa
AACCGCGAGACAAGCC-b01,,AVB,375.0,330-390,ABpxpaapaap
AGCATACGTAGTAGTA-b01,,PVP,450.0,450-510,ABpxppppaaa
AGCTCTCGTTCTCATT-b01,,RIV,500.0,450-510,ABpxpaapaaa
AGTGTCACACCGAAAG-b01,,AVK,435.0,390-450,ABpxpapapap
ATCTACTAGGCCCTTG-b01,,AIM,355.0,330-390,ABpxpaapppa
CACAAACGTGCATCTA-b01,,RIV,410.0,390-450,ABpxpaapaaa
CACACAATCACGGTTA-b01,,RIV,380.0,330-390,ABpxpaapaaa
CAGCAGCGTTGGTAAA-b01,,RIM,405.0,390-450,ABpxppaapap
CAGCTGGGTAAATGAC-b01,,AVK,400.0,390-450,ABpxpapapap
CCACGGACAGGAACGT-b01,,RIM,460.0,450-510,ABpxppaapap
CCACTACCAAGACACG-b01,,AVB,325.0,270-330,ABpxpaapaap
CCGGTAGTCATAGCAC-b01,,RIV,470.0,450-510,ABpxpaapaaa
CCTACACGTTGTCTTT-b01,,AVB,395.0,390-450,ABpxpaapaap
CGAGCACAGATTACCC-b01,,AVK,390.0,390-450,ABpxpapapap
CGATGGCTCTACGAGT-b01,,RIV,415.0,390-450,ABpxpaapaaa
CGATTGACATCGACGC-b01,,SIB,420.0,390-450,ABpxpapaapp/ABpxppaaaaa
CGCCAAGGTCATGCCG-b01,,RIV,430.0,390-450,ABpxpaapaaa
CGGGTCATCTCCAACC-b01,,RIM,405.0,390-450,ABpxppaapap
CGTCTACGTTTAGCTG-b01,,RIV,360.0,330-390,ABpxpaapaaa
CGTGAGCGTTCGGGCT-b01,,PVP,420.0,390-450,ABpxppppaaa
CGTTAGATCCGCTGTT-b01,,RIM,365.0,330-390,ABpxppaapap
CTAATGGGTAAACACA-b01,,AVK,415.0,390-450,ABpxpapapap
CTAATGGTCAAGGTAA-b01,,AIM,435.0,390-450,ABpxpaapppa
CTCCTAGGTCAAAGAT-b01,,AVB,355.0,330-390,ABpxpaapaap
CTGCCTACATCTACGA-b01,,AVB,390.0,390-450,ABpxpaapaap
CTGGTCTCATTCACTT-b01,,RIM,390.0,390-450,ABpxppaapap
CTTAGGAGTGCATCTA-b01,,AVK,490.0,450-510,ABpxpapapap
GACAGAGGTCACTTCC-b01,,AVB,405.0,390-450,ABpxpaapaap
GACTAACTCAGTACGT-b01,,RIV,500.0,450-510,ABpxpaapaaa
GATCAGTGTAAGTGTA-b01,,AVK,365.0,330-390,ABpxpapapap
GCATGATGTCCGTGAC-b01,,AIM,350.0,330-390,ABpxpaapppa
GCGCCAAGTTCAGACT-b01,,SIB,420.0,390-450,ABpxpapaapp/ABpxppaaaaa
GGAATAACAACGATCT-b01,,AVB,390.0,390-450,ABpxpaapaap
GGACATTGTTTCCACC-b01,,AVK,390.0,390-450,ABpxpapapap
GGCCGATTCAGCAACT-b01,,AVK,415.0,390-450,ABpxpapapap
GGGAATGCAATCCGAT-b01,,RIM,450.0,450-510,ABpxppaapap
GGGACCTCAACAACCT-b01,,AVK,470.0,450-510,ABpxpapapap
GTAGTCAAGCTCAACT-b01,,AIM,370.0,330-390,ABpxpaapppa
GTAGTCACAAGTACCT-b01,,AIM,405.0,390-450,ABpxpaapppa
GTATTCTTCGGACAAG-b01,,SIB,400.0,390-450,ABpxpapaapp/ABpxppaaaaa
GTTTCTATCAGGATCT-b01,,RIV,450.0,450-510,ABpxpaapaaa
TAAGTGCGTTCGTTGA-b01,,SIA,420.0,390-450,ABpxpapaapa/ABpxpapappa
TACGGATTCTTTCCTC-b01,,RIV,490.0,450-510,ABpxpaapaaa
TCACAAGGTGATGTCT-b01,,RIM,385.0,330-390,ABpxppaapap
TGACTAGTCCTCGCAT-b01,,RIV,420.0,390-450,ABpxpaapaaa
TGCCAAAAGAGTCGGT-b01,,AVB,370.0,330-390,ABpxpaapaap
TGCCCTACACGGCGTT-b01,,RIV,430.0,390-450,ABpxpaapaaa
TGGACGCAGTAATCCC-b01,,AVK,490.0,450-510,ABpxpapapap
TGTCCCAAGTTTGCGT-b01,,RIV,415.0,390-450,ABpxpaapaaa
TGTGGTATCAGCTTAG-b01,,AIM,420.0,390-450,ABpxpaapppa
TTTATGCAGTACGTAA-b01,,RIV,500.0,450-510,ABpxpaapaaa
AACTCCCAGTCGTTTG-b02,,RIM,415.0,390-450,ABpxppaapap
AAGACCTCATCAGTAC-b02,,SIB,490.0,450-510,ABpxpapaapp/ABpxppaaaaa
ACTGTCCGTGTCAATC-b02,,AIM,400.0,390-450,ABpxpaapppa
AGGCCGTAGCTCTCGG-b02,,RIV,470.0,450-510,ABpxpaapaaa
ATAAGAGCACTTACGA-b02,,RIV,500.0,450-510,ABpxpaapaaa
ATCGAGTAGTCTTGCA-b02,,SIB,395.0,390-450,ABpxpapaapp/ABpxppaaaaa
CACACTCCAGAGTGTG-b02,,RIV,380.0,330-390,ABpxpaapaaa
CACATAGCACTACAGT-b02,,SIA,450.0,450-510,ABpxpapaapa/ABpxpapappa
CGCGTTTAGCTCCTTC-b02,,SIA,390.0,390-450,ABpxpapaapa/ABpxpapappa
CGTCACTAGTCGTACT-b02,,AVK,435.0,390-450,ABpxpapapap
CTCAGAACACTGAAGG-b02,,SIB,415.0,390-450,ABpxpapaapp/ABpxppaaaaa
GAATAAGGTGGTCCGT-b02,,RIV,450.0,450-510,ABpxpaapaaa
GACGTGCTCCTTGGTC-b02,,SIA,395.0,390-450,ABpxpapaapa/ABpxpapappa
GACGTTATCATGTAGC-b02,,RIM,450.0,450-510,ABpxppaapap
GCAAACTCAATGAAAC-b02,,AVB,360.0,330-390,ABpxpaapaap
GTCAAGTCAAGTTAAG-b02,,RIV,500.0,450-510,ABpxpaapaaa
TCACGAACACAAGACG-b02,,SIA,375.0,330-390,ABpxpapaapa/ABpxpapappa
TGACGGCCAATAAGCA-b02,,SIA,440.0,390-450,ABpxpapaapa/ABpxpapappa
TGTCCCAAGTGAATTG-b02,,AVK,425.0,390-450,ABpxpapapap
TTGGCAACAGGCGATA-b02,,AVK,425.0,390-450,ABpxpapapap
CACCAGGGTTCGCGAC-500.1.1,Excretory_gland,,400.0,390-450,ABpxpapapaa
GAATGAAGTATTAGCC-500.1.1,Excretory_duct_and_pore,,490.0,450-510,ABpxpaaaapa
GTGCTTCGTGCTTCTC-500.1.1,Excretory_duct_and_pore,,490.0,450-510,ABpxpaaaapa
TCTCTAAGTAGGGACT-500.1.1,Excretory_duct_and_pore,,415.0,390-450,ABpxpaaaapa
TGCGGGTAGGCGCTCT-500.1.1,Excretory_duct_and_pore,,490.0,450-510,ABpxpaaaapa
TTTGGTTGTTGCGCAC-500.1.1,Excretory_duct_and_pore,,400.0,390-450,ABpxpaaaapa
TGGGAAGAGCTAACTC-500.1.2,Excretory_gland,,470.0,450-510,ABpxpapapaa
AACGTTGGTAGCGCAA-400.2.1,Excretory_duct_and_pore,,410.0,390-450,ABpxpaaaapa
CAGGTGCTCGCTTGTC-400.2.1,Excretory_duct_and_pore,,410.0,390-450,ABpxpaaaapa
CGATCGGCATCACCCT-400.2.1,Excretory_duct_and_pore,,410.0,390-450,ABpxpaaaapa
CTACATTCATTCCTGC-400.2.1,Excretory_duct_and_pore,,410.0,390-450,ABpxpaaaapa
CTTACCGTCGGTCTAA-400.2.1,Excretory_duct_and_pore,,415.0,390-450,ABpxpaaaapa
GACTGCGCATGTCGAT-400.2.1,Excretory_duct_and_pore,,400.0,390-450,ABpxpaaaapa
GTATTCTCAGCTCGCA-400.2.1,Excretory_duct_and_pore,,470.0,450-510,ABpxpaaaapa
GTCGGGTGTAGTAGTA-400.2.1,Excretory_duct_and_pore,,405.0,390-450,ABpxpaaaapa
TGACAACGTCGCTTCT-400.2.1,Excretory_duct_and_pore,,405.0,390-450,ABpxpaaaapa
TGAGGGAGTAGAAAGG-400.2.1,Excretory_duct_and_pore,,450.0,450-510,ABpxpaaaapa
ACTGAGTGTCCTCTTG-400.2.2,Excretory_duct_and_pore,,410.0,390-450,ABpxpaaaapa
CGGAGTCCACAAGCCC-400.2.2,Excretory_duct_and_pore,,405.0,390-450,ABpxpaaaapa
CTCATTATCTGGGCCA-400.2.2,Excretory_duct_and_pore,,450.0,450-510,ABpxpaaaapa
CTCGAGGTCCAAAGTC-400.2.2,Excretory_duct_and_pore,,420.0,390-450,ABpxpaaaapa
GGAGCAATCGCTGATA-400.2.2,Excretory_duct_and_pore,,400.0,390-450,ABpxpaaaapa
GTCACAAGTCGGCATC-400.2.2,Excretory_duct_and_pore,,405.0,390-450,ABpxpaaaapa
TACTCGCTCCTGCAGG-400.2.2,Excretory_duct_and_pore,,405.0,390-450,ABpxpaaaapa
TCATTACTCCGCGCAA-400.2.2,Excretory_duct_and_pore,,490.0,450-510,ABpxpaaaapa
ACGAGGAAGTGCTGCC-400.2.3,Excretory_duct_and_pore,,410.0,390-450,ABpxpaaaapa
ATGCGATTCTAACTTC-400.2.3,Excretory_duct_and_pore,,410.0,390-450,ABpxpaaaapa
TGGCGCAGTGCTCTTC-400.2.3,Excretory_duct_and_pore,,410.0,390-450,ABpxpaaaapa
TTATGCTTCGACCAGC-400.2.3,Excretory_duct_and_pore,,410.0,390-450,ABpxpaaaapa
AGAGCGAAGTCGAGTG-300.1.1,Excretory_duct_and_pore,,400.0,390-450,ABpxpaaaapa
GAACATCGTCTAACGT-300.1.2,Excretory_duct_and_pore,,410.0,390-450,ABpxpaaaapa
GTCACAAGTTACCGAT-300.1.3,Excretory_duct_and_pore,,410.0,390-450,ABpxpaaaapa
AATCGGTTCACTTACT-500.2.1,Excretory_gland,,490.0,450-510,ABpxpapapaa
ATAACGCCACGGCTAC-500.2.1,Excretory_gland,,490.0,450-510,ABpxpapapaa
ATCACGAAGATCCTGT-500.2.1,Excretory_duct_and_pore,,490.0,450-510,ABpxpaaaapa
CACACTCAGACAATAC-500.2.1,Excretory_gland,,490.0,450-510,ABpxpapapaa
CACAGTAAGCGTTTAC-500.2.1,Excretory_duct_and_pore,,450.0,450-510,ABpxpaaaapa
CCAGCGATCGCGATCG-500.2.1,Excretory_duct_and_pore,,450.0,450-510,ABpxpaaaapa
CCTAAAGTCTTGAGGT-500.2.1,Excretory_duct_and_pore,,450.0,450-510,ABpxpaaaapa
CCTTCGATCGTCCGTT-500.2.1,Excretory_duct_and_pore,,490.0,450-510,ABpxpaaaapa
CTCTGGTCACTTACGA-500.2.1,Glia,AMso,430.0,390-450,ABpxpaapapa
GATTCAGGTTTCCACC-500.2.1,Excretory_gland,,490.0,450-510,ABpxpapapaa
GCGCAACTCCAATGGT-500.2.1,Glia,AMso,450.0,450-510,ABpxpaapapa
GGACATTAGTGTTTGC-500.2.1,Excretory_gland,,500.0,450-510,ABpxpapapaa
GGACATTCACCACGTG-500.2.1,Excretory_gland,,470.0,450-510,ABpxpapapaa
TAGAGCTCAGGACGTA-500.2.1,Excretory_gland,,490.0,450-510,ABpxpapapaa
TCACGAAGTACTTCTT-500.2.1,Excretory_duct_and_pore,,430.0,390-450,ABpxpaaaapa
TGCGTGGAGGCGCTCT-500.2.1,Glia,AMso,490.0,450-510,ABpxpaapapa
TGGCCAGCAAGACACG-500.2.1,Excretory_gland,,490.0,450-510,ABpxpapapaa
TTGTAGGAGGTGCTTT-500.2.1,Excretory_gland,,420.0,390-450,ABpxpapapaa
ACTATCTAGTGTTTGC-500.2.2,Excretory_gland,,480.0,450-510,ABpxpapapaa
AGTAGTCGTATATCCG-500.2.2,Excretory_duct_and_pore,,450.0,450-510,ABpxpaaaapa
ATCATCTCAAGGGTCA-500.2.2,Excretory_gland,,490.0,450-510,ABpxpapapaa
CATCGGGCAAGCTGAG-500.2.2,Excretory_gland,,470.0,450-510,ABpxpapapaa
CGAGCCATCACAACGT-500.2.2,Excretory_duct_and_pore,,490.0,450-510,ABpxpaaaapa
CTGAAACCATCGGTTA-500.2.2,Excretory_gland,,490.0,450-510,ABpxpapapaa
GCATGATCATCGGACC-500.2.2,Excretory_duct_and_pore,,450.0,450-510,ABpxpaaaapa
GGAGCAAGTAGGCTGA-500.2.2,Excretory_duct_and_pore,,490.0,450-510,ABpxpaaaapa
TAAGCGTTCTCTGCTG-500.2.2,Excretory_duct_and_pore,,425.0,390-450,ABpxpaaaapa
TCTGAGACATTCTTAC-500.2.2,Excretory_duct_and_pore,,415.0,390-450,ABpxpaaaapa
TGCTACCCAATCCGAT-500.2.2,Excretory_duct_and_pore,,490.0,450-510,ABpxpaaaapa
ACTGAGTTCCCTAACC-r17,Excretory_duct_and_pore,,450.0,450-510,ABpxpaaaapa
AGCAGCCGTTAAGAAC-r17,Excretory_duct_and_pore,,400.0,390-450,ABpxpaaaapa
CTAAGACTCAGCATGT-r17,Excretory_gland,,420.0,390-450,ABpxpapapaa
TCGCGAGCAAGACGTG-r17,Excretory_gland,,470.0,450-510,ABpxpapapaa
TGAGAGGTCCTAGTGA-r17,Excretory_gland,,500.0,450-510,ABpxpapapaa
AAAGATGGTCGCATAT-b01,Glia,AMso,450.0,450-510,ABpxpaapapa
CGATCGGAGGTAGCTG-b01,Excretory_gland,,470.0,450-510,ABpxpapapaa
CGCTTCACACAGGAGT-b01,Excretory_duct_and_pore,,490.0,450-510,ABpxpaaaapa
CTCTACGTCCGCATCT-b01,Excretory_gland,,420.0,390-450,ABpxpapapaa
GAACCTACAATGGTCT-b01,Glia,AMso,490.0,450-510,ABpxpaapapa
GTACGTAGTTCGCGAC-b01,Excretory_duct_and_pore,,490.0,450-510,ABpxpaaaapa
GTTCTCGCAACTGGCC-b01,Excretory_gland,,420.0,390-450,ABpxpapapaa
TAAGAGATCAATAAGG-b01,Glia,AMso,490.0,450-510,ABpxpaapapa
TATTACCAGTCCCACG-b01,Excretory_gland,,500.0,450-510,ABpxpapapaa
TGAGAGGGTCTAGCCG-b01,Excretory_duct_and_pore,,490.0,450-510,ABpxpaaaapa
TGCTACCAGGCGCTCT-b01,Glia,AMso,450.0,450-510,ABpxpaapapa
TGTGTTTCAAACTGTC-b01,Excretory_gland,,355.0,330-390,ABpxpapapaa
TTTGCGCGTAGCTAAA-b01,Glia,AMso,410.0,390-450,ABpxpaapapa
TTTGTCATCGTGACAT-b01,Glia,AMso,490.0,450-510,ABpxpaapapa
ATAAGAGGTCTTGCGG-b02,Excretory_gland,,385.0,330-390,ABpxpapapaa
ATTGGTGAGCGGCTTC-b02,Glia,AMso,490.0,450-510,ABpxpaapapa
CACCTTGAGAATGTGT-b02,Excretory_gland,,500.0,450-510,ABpxpapapaa
CAGCTAAAGGCCGAAT-b02,Excretory_gland,,420.0,390-450,ABpxpapapaa
CGGAGCTAGGAATGGA-b02,Excretory_gland,,480.0,450-510,ABpxpapapaa
GGAATAATCGGTTAAC-b02,Glia,AMso,420.0,390-450,ABpxpaapapa
TCAGCTCTCCTTTACA-b02,Excretory_gland,,490.0,450-510,ABpxpapapaa
TACAGTGGTGATGTGG-500.1.1,,Parents_of_U_F_B_DVA,290.0,270-330,ABpxppppap
CGGAGTCTCACATAGC-400.2.1,,Parents_of_U_F_B_DVA,270.0,270-330,ABpxppppap
CTTTGCGCAAGACGTG-400.2.2,,Parents_of_U_F_B_DVA,290.0,270-330,ABpxppppap
GATCAGTAGCGATCCC-400.2.2,,Parent_of_PVP_and_rect_V,330.0,330-390,ABpxppppaa
GCACTCTCACGAAACG-400.2.2,,Parents_of_U_F_B_DVA,270.0,270-330,ABpxppppap
GGATGTTAGTCGTACT-400.2.2,,Parent_of_PVP_and_rect_V,330.0,330-390,ABpxppppaa
GGTGCGTCATTAGGCT-400.2.2,,Parents_of_U_F_B_DVA,280.0,270-330,ABpxppppap
TAAGTGCGTCAAACTC-400.2.3,,Parents_of_U_F_B_DVA,270.0,270-330,ABpxppppap
CTGAAACGTCAAAGAT-300.1.2,,Parents_of_U_F_B_DVA,275.0,270-330,ABpxppppap
CGGACACCATACAGCT-300.1.3,,Parent_of_PVP_and_rect_V,350.0,330-390,ABpxppppaa
GTCAAGTAGAGCTTCT-300.1.3,,Parents_of_U_F_B_DVA,265.0,210-270,ABpxppppap
TCAGCAAAGCCAGGAT-300.1.3,,Parents_of_U_F_B_DVA,260.0,210-270,ABpxppppap
TCGTACCGTAAGTAGT-300.1.3,,Parents_of_U_F_B_DVA,270.0,270-330,ABpxppppap
TTGGAACTCAACACGT-b01,,Parent_of_PVP_and_rect_V,350.0,330-390,ABpxppppaa
CGGGTCATCAGTCCCT-500.1.1,,Parent_of_PVP_and_rect_V,350.0,330-390,ABpxppppaa
TACGGTAGTCTCTCGT-500.1.1,,Parent_of_PVP_and_rect_V,350.0,330-390,ABpxppppaa
ACTTACTTCGCACTCT-400.2.1,,Parent_of_PVP_and_rect_V,355.0,330-390,ABpxppppaa
AGTCTTTTCTATGTGG-400.2.1,,Parent_of_PVP_and_rect_V,345.0,330-390,ABpxppppaa
CTCGGAGGTTTAGGAA-400.2.1,,Parents_of_U_F_B_DVA,300.0,270-330,ABpxppppap
GCTCTGTTCTTTACAC-400.2.1,,Parent_of_PVP_and_rect_V,345.0,330-390,ABpxppppaa
TGGTTAGGTATATGGA-400.2.1,,Parent_of_PVP_and_rect_V,350.0,330-390,ABpxppppaa
AACACGTGTTGACGTT-400.2.2,,Parent_of_PVP_and_rect_V,350.0,330-390,ABpxppppaa
AGATTGCTCAGCGATT-400.2.2,,Parent_of_PVP_and_rect_V,370.0,330-390,ABpxppppaa
AGGCCACCAGACTCGC-400.2.2,,Parent_of_PVP_and_rect_V,325.0,270-330,ABpxppppaa
CCCAGTTAGTGCTGCC-400.2.2,,Parent_of_PVP_and_rect_V,355.0,330-390,ABpxppppaa
CTCATTAAGTTAACGA-400.2.2,,Parent_of_PVP_and_rect_V,345.0,330-390,ABpxppppaa
GCAATCAAGGAATGGA-400.2.2,,Parent_of_PVP_and_rect_V,330.0,330-390,ABpxppppaa
TATTACCAGGGCATGT-400.2.2,,Parent_of_PVP_and_rect_V,350.0,330-390,ABpxppppaa
TGTTCCGAGACTACAA-400.2.2,,Parent_of_PVP_and_rect_V,345.0,330-390,ABpxppppaa
TTCCCAGAGCTGCCCA-400.2.2,,Parent_of_PVP_and_rect_V,345.0,330-390,ABpxppppaa
TTCTTAGGTCGAAAGC-400.2.2,,Parent_of_PVP_and_rect_V,340.0,330-390,ABpxppppaa
TTTGTCAAGCGATCCC-400.2.2,,Parent_of_PVP_and_rect_V,350.0,330-390,ABpxppppaa
ATTGGACCAAACAACA-400.2.3,,Parents_of_U_F_B_DVA,290.0,270-330,ABpxppppap
CGTCCATGTCGGCATC-400.2.3,,Parent_of_PVP_and_rect_V,365.0,330-390,ABpxppppaa
CTGAAGTTCTCGCATC-400.2.3,,Parent_of_PVP_and_rect_V,370.0,330-390,ABpxppppaa
TCGGGACCAACACGCC-400.2.3,,Parent_of_PVP_and_rect_V,350.0,330-390,ABpxppppaa
TGCACCTAGAACAATC-400.2.3,,Parent_of_PVP_and_rect_V,365.0,330-390,ABpxppppaa
TGCTGCTGTACCGCTG-400.2.3,,Parent_of_PVP_and_rect_V,365.0,330-390,ABpxppppaa
TAGACCATCGCAAGCC-300.1.2,,Parent_of_PVP_and_rect_V,370.0,330-390,ABpxppppaa
TGCGGGTGTACGCTGC-300.1.2,,Parent_of_PVP_and_rect_V,320.0,270-330,ABpxppppaa
ATCACGAGTGAGTATA-300.1.3,,Parent_of_PVP_and_rect_V,340.0,330-390,ABpxppppaa
CGCGGTAGTGCGGTAA-300.1.3,,Parent_of_PVP_and_rect_V,330.0,330-390,ABpxppppaa
GACGTGCCAGCTTCGG-300.1.3,,Parent_of_PVP_and_rect_V,325.0,270-330,ABpxppppaa
GCTGCTTCAGCGTCCA-300.1.3,,Parent_of_PVP_and_rect_V,380.0,330-390,ABpxppppaa
TTCGAAGTCACCAGGC-300.1.3,,Parent_of_PVP_and_rect_V,350.0,330-390,ABpxppppaa
CCACCTACACTCTGTC-500.2.2,,Parent_of_PVP_and_rect_V,350.0,330-390,ABpxppppaa
CACACCTAGTAGGTGC-b01,,Parents_of_U_F_B_DVA,270.0,270-330,ABpxppppap
CGCTGGAAGACTGTAA-b01,,Parent_of_PVP_and_rect_V,350.0,330-390,ABpxppppaa
GATTCAGAGAAACGCC-b01,,Parent_of_PVP_and_rect_V,330.0,330-390,ABpxppppaa
GGAATAACATTAGGCT-b01,,Parent_of_PVP_and_rect_V,325.0,270-330,ABpxppppaa
