-4.862958896177107526e-01 8.733189107550846098e-01
-4.812107491156609185e-01 8.762013447516908693e-01
-4.834456204376089694e-01 8.736511123921311128e-01
-5.019159821152335832e-01 8.629596975198228215e-01
-4.908998663522163852e-01 8.699021781379241425e-01
-4.797322123985265363e-01 8.750235930545406937e-01
-4.841945695162530039e-01 8.739816605951297168e-01
-4.854313523331071911e-01 8.733800296742405544e-01
-4.786306502928162621e-01 8.757625243658740954e-01
-4.877838122256320519e-01 8.722864562524951237e-01
-4.923380472509978345e-01 8.686508879728469523e-01
-4.887008687118834516e-01 8.709343279421163375e-01
-4.974384503464320817e-01 8.664935933201332041e-01
-4.845680049013783575e-01 8.732801903778730779e-01
-4.885040504035579878e-01 8.718705721050299395e-01
-4.914910206124049608e-01 8.695104250544137825e-01
-4.869858869341957552e-01 8.719150186712851802e-01
-4.762383503448982536e-01 8.758590226985005778e-01
-5.079865670998369165e-01 8.573245516323773074e-01
-4.869722938333801432e-01 8.731833099460314385e-01
-4.828638133078342887e-01 8.743681387715094289e-01
-4.998340046084199795e-01 8.651624358953352578e-01
-4.959011071857005737e-01 8.676223530332741740e-01
-4.934147732517852880e-01 8.678870675905755450e-01
-4.899578940160806972e-01 8.710465512224551121e-01
-4.825247983389229778e-01 8.756128252670557499e-01
-4.732475908791357599e-01 8.768851020489057957e-01
-5.944067586308098283e-01 7.914657247303280574e-01
-4.839739927515782081e-01 8.666669369104714749e-01
-4.476246568007519883e-02 -7.592774152774641738e-01
-8.839303202257138281e-01 2.626894782293485719e-01
-5.339099108740573696e-01 8.106734844738435752e-01
7.850522449953885040e-01 -4.947711857691361459e-01
-7.602397566155367770e-01 6.051418897215224968e-01
6.963423447181832371e-01 3.670963196125210937e-01
4.478382356871029590e-01 6.641957502951840731e-01
-8.060282338432698257e-01 4.952312905011851951e-01
-6.689021854362713349e-01 -5.375060001027119894e-01
-6.780463653832681237e-01 6.556589269963032374e-01
-4.190971258626589591e-01 8.939216244907473019e-01
-4.900177901142001025e-01 8.599270382664407908e-01
-5.488217795413353750e-01 7.085196178587852556e-01
-3.891589176806877770e-01 9.089928577624644124e-01
-5.928295886279695281e-01 7.575629513299629858e-01
-4.388806610369173078e-01 8.916234896336905358e-01
-4.433551626913712629e-01 8.902856305309532203e-01
-5.130588683946389894e-01 8.360472192936851954e-01
-4.720732751733044408e-01 8.583359835082814415e-01
-4.056729084771512062e-01 9.020023332914133274e-01
-4.215241030211314133e-01 8.993728806427147004e-01
-3.474778391703943481e-02 7.507870057760333005e-01
-3.612189015719067808e-01 9.141718379013584750e-01
-4.110439103069706279e-01 8.974020740125067119e-01
-4.748275483940118669e-01 8.469011799881296376e-01
-3.773179484476970602e-01 -4.537096710063420191e-01
-4.954953134060751663e-01 8.567660711176527943e-01
-3.302911664889622845e-01 9.359870547850854816e-01
-3.509933551433681576e-01 9.263562170764693127e-01
-2.020477550581287283e-03 9.073023820960154362e-01
-4.187773886153043357e-01 9.032079038379998703e-01
-4.252112670765549884e-01 8.982983637528322296e-01
-4.939162354688656498e-01 8.452640484749316396e-01
-5.938425739611550291e-01 6.049234328234391889e-01
-3.964868954173423887e-01 8.906638836841491713e-01
-5.030348207505613845e-01 8.424310000670530707e-01
-4.287692345212112954e-01 8.885432424054279243e-01
-4.002685728904216145e-01 9.080398958857013314e-01
-5.734342863114290090e-01 7.894550858905832191e-01
-4.436248752090822256e-01 8.863049095246878784e-01
-5.195535569426570355e-01 8.299077622330022219e-01
-5.297070122615705756e-01 8.273481483665973135e-01
-4.024068320336584570e-01 9.036950215996961688e-01
-4.859106652886044375e-01 8.674283321074144348e-01
-4.624667118435112911e-01 8.760849279485953822e-01
-3.954497842536587315e-01 9.104044242709844470e-01
-4.474607931600337318e-01 8.863827938498165526e-01
-4.784118991630987860e-01 8.669015768408708800e-01
-4.835508458640193075e-01 8.617257520175833907e-01
-4.121186541686680527e-01 9.044215134330729766e-01
-3.831942612100256995e-01 9.090635920305832895e-01
-4.548077445702461419e-01 8.834903808411977977e-01
-3.686292554916021924e-01 9.253884950081117111e-01
-1.037119480192697230e-01 9.190424997335085999e-01
-5.155216708051523211e-01 8.483902725100062048e-01
-5.344351730893175390e-01 7.869055366739020618e-01
-5.555662644442422859e-01 8.042221997104533893e-01
-4.342666710083154524e-01 8.956387273199898358e-01
-4.350023312842073442e-01 8.914287568013107288e-01
-3.778586676012310464e-01 9.128656830711003867e-01
-6.477271237303161566e-01 7.351019580970308276e-01
-4.508686050859125882e-01 8.854421863144218419e-01
-3.358291742351678932e-01 3.873635030916998123e-01
-1.678301737780261427e-01 9.578151502655792848e-01
-4.641204389184546142e-01 8.703899305133647735e-01
-4.999588169721570496e-01 8.073712351304437318e-01
-3.272276160422057933e-01 9.066331026815860339e-01
-5.442166624434507938e-01 8.202829752521260120e-01
4.815479886461885295e-01 4.126939313277834254e-01
-4.753279142309405625e-01 8.744528447323263176e-01
-4.569316839298445121e-01 8.741217457370750177e-01
-3.111612725760191100e-01 8.871165188180499817e-01
-4.287061391341930872e-01 8.963002995563346120e-01
-5.478960503002195948e-01 7.544099062297853209e-01
-5.045958169564176421e-01 8.588525050356590196e-01
-3.693271932853601780e-01 8.985890457475748105e-01
3.037353222791566720e-01 8.986264294741806991e-01
4.196438393547326506e-01 8.959636689064720549e-01
8.195216895319170636e-01 -1.419141209275172517e-02
8.812001097343504785e-01 3.992770329164302967e-01
-7.884457676701121798e-02 -9.671227681128953257e-01
7.166780890676576199e-01 6.630285968178930567e-01
-5.397361608969676317e-01 8.234735790247698084e-01
2.151446424196969409e-01 9.489366856472072342e-01
-4.608873121905704973e-01 8.561585087798972982e-01
-7.979382935083555450e-01 5.476369025457444861e-01
-1.979720053369872501e-01 9.778402878563552392e-01
-6.356949414538414223e-01 7.633848341417448502e-01
1.224871617030826171e-01 9.795526368050795352e-01
5.299431743674084538e-01 7.833270212608576255e-01
-6.975263460655218850e-01 -5.161550441919225962e-01
-5.796281703948981123e-01 7.950603605899799753e-01
-2.274469223736511059e-02 9.878601394074845166e-01
-6.794173874251603351e-01 7.003042000209919182e-01
6.862908722242310189e-01 -5.257419446678247565e-01
5.472687482712847162e-02 9.962245895759159753e-01
-1.534074773494273902e-01 9.758674990634759183e-01
-5.024304662397330867e-01 8.515850224080270259e-01
-8.865924629763958231e-01 1.911243102433271279e-01
-3.541515242051727075e-01 1.293543205339078850e-01
-8.979705752160546117e-01 2.475656551200908773e-01
-1.656932424721598851e-01 2.600861733730204239e-01
-8.115753283181590394e-01 5.360691981620089308e-01
-7.455778520493545614e-01 5.773989001469295168e-01
-7.598186997456791714e-01 6.065643798112438922e-01
-8.473349140955537262e-01 4.976269469276871082e-01
-4.246220494190513506e-01 6.023666176415292117e-01
-8.931010325346216971e-01 3.506552173420456331e-01
-8.328330362339139148e-01 5.142941199176892519e-01
-8.596250111611215550e-01 3.686352790779576782e-01
-1.154552622672669060e-01 6.739489447242689169e-01
-7.873161212381205587e-01 5.707105125910749699e-01
-4.749003991768476762e-01 7.000889269662446956e-01
-6.450952903108136960e-01 6.807964971933996301e-01
-4.683243226451490049e-01 7.630387522879328310e-01
-7.830919053347437098e-01 5.840140641110016517e-01
-5.936104697836632749e-01 7.374153398143503679e-01
-8.946674128610730969e-01 2.913283559358236241e-01
-7.601384595512561404e-01 -2.350990216045739933e-01
-6.652598409746942609e-01 -3.234319920869520582e-01
-7.327641746774482545e-01 6.403614906363028769e-01
-7.479629963859779629e-01 6.236047574937554350e-01
4.491368326952110968e-01 6.601570735741798535e-01
-7.153278334858153009e-01 6.534451867329269525e-01
-8.826087523649106537e-01 3.654790922981033252e-01
-8.222307573955789373e-01 5.480291482460167840e-01
-8.428313850503617033e-01 4.262859221518595088e-01
-8.571601184993675737e-01 4.441248367125884555e-01
-9.212469388657660296e-01 3.143541825218019170e-01
-8.756189792481965384e-01 4.125379919706628762e-01
-8.705934245473934130e-01 3.992898947343264116e-01
-1.960500741414610837e-01 8.491703722849900382e-01
-8.597390494836729680e-01 4.345470686368234081e-01
-8.646094767653952351e-01 4.254497892998409525e-01
-8.352517708212339187e-01 5.044704350211178800e-01
-8.346037754098125649e-01 4.695276368608939377e-01
-8.135218641379238225e-02 -2.338128495569020415e-01
-8.429564904893329658e-01 2.758344089528415588e-01
-9.072000665455963730e-01 1.583076498150338129e-01
-7.821738203101245013e-01 5.619924905518340896e-01
-8.106972189022685349e-01 5.229873474499843189e-01
-7.202194744088977751e-01 9.946303252968401176e-02
2.444057698426907177e-01 -1.623688850656302696e-01
-7.191451100229543369e-01 6.164996410011880368e-01
-4.166705635416250719e-01 -1.034602410004525769e-01
-8.493142260241254293e-01 4.618308322245359143e-01
-5.599582910266681646e-01 6.853228478705049032e-01
-7.644371221621215629e-01 5.969589292799380997e-01
-7.696326326156510689e-01 5.718204648617557506e-01
-7.890669614631606876e-01 5.330911436122881542e-01
-2.831230949369586969e-01 5.826579369790040319e-01
-3.113123203151233476e-01 -5.016802065911656339e-01
-8.629961075004627391e-01 -1.636714195395702343e-01
-8.586839438169926453e-01 4.542010152448371363e-01
-4.400891404562236597e-01 7.961264957614220261e-01
-7.410962555952413933e-01 5.972431179533751466e-01
-8.308700495801116803e-01 4.793950855379065512e-01
-8.458174466982329998e-01 1.915717859067253281e-01
-3.627167095196877633e-01 7.091698413621779773e-01
-5.600795701783554126e-01 -4.398789449485004388e-01
1.560195006776067539e-01 3.241850816570485683e-01
-8.862546507554314168e-01 3.140934417691642055e-01
-8.906780434992666029e-01 3.826673690102102565e-01
-8.517909658923156213e-01 4.851318325159836853e-01
-7.993955350108883362e-01 5.564181453272021294e-01
-2.337371746736941203e-01 -3.020453817266522956e-01
-8.639236681320490163e-01 4.089039898952847585e-01
-8.297127796364206498e-01 3.893639901731708042e-01
6.045728006440146372e-03 -6.000841878570057492e-02
-8.081972056641645308e-01 2.327258638171987581e-01
-6.015274988134151624e-01 7.034410689554738694e-01
-3.982041660085822721e-01 7.215619044972750862e-01
-6.439152668192833495e-01 7.258492874661659489e-01
-8.769621490028608468e-01 3.887092518710062450e-01
-8.305293208128960991e-01 4.518291011814282165e-01
-5.763386764436361220e-01 5.511093403742556296e-01
-8.188555481941494074e-01 3.292871529448544998e-01
-7.994260776745606423e-01 5.147168635597189068e-01
-7.737465668206255920e-01 5.932744506318210487e-01
-6.922669065801373423e-01 6.002519900460191460e-01
-7.460024454397010674e-01 5.613597806382306654e-01
-5.553277423054677753e-01 7.176346684911873997e-01
-5.118622294929701111e-01 8.151269633386889479e-01
-7.861253304719338919e-01 5.482993380763379054e-01
-8.253373675956373612e-01 5.287187106700793615e-01
-7.482884957014426242e-01 5.302899029522047947e-01
-6.218981137430189543e-01 7.024993469835077997e-01
-8.206043975045734795e-01 4.941100440341046340e-01
2.833523034105605437e-02 5.242198167476960213e-01
-8.496370108746423844e-01 4.724400689863637037e-01
-5.813758957751505863e-01 -1.488172694971265086e-01
-6.536173554555776422e-01 6.024356689103942397e-01
-2.488124345282717031e-01 4.635779060318725442e-01
-7.417738468797101525e-01 6.315173629465775651e-01
-6.502359456575520502e-01 6.580375168736291025e-01
-7.889453262057904981e-01 4.812562111123375730e-01
-7.081855996311610113e-01 6.294863851110535924e-01
-5.325693003861577957e-01 7.351028673176533967e-01
-8.024388243887861094e-01 5.438580147348611726e-01
4.452402981068729892e-01 2.140317843775694784e-01
-8.654196829587187390e-01 2.529418632827732175e-02
-9.253089274844112921e-01 -5.634409661730037377e-02
-6.154196891481122922e-01 6.448042072438303629e-01
-8.312579477127484129e-01 4.918329879062859344e-01
-5.786972220958291890e-01 6.357131537600758664e-01
-7.028093130511027242e-01 6.497650436926283302e-01
-8.059781158573747772e-01 5.745094525837045607e-01
3.762181271983211506e-01 1.603200247361100117e-02
-8.126778854135037200e-01 5.053917766391027300e-01
-8.305100513875836032e-01 5.207678699896722829e-01
-5.639887351751539102e-01 7.635477408929577381e-01
-9.330889784207061499e-01 2.296515023889247886e-01
-5.102907816598608592e-01 7.536979311920433133e-01
-9.044342585372268095e-01 2.630006523593503287e-01
-7.567627897404340942e-01 -7.654530850108643737e-03
-9.182832686880373352e-01 1.232816875726943512e-01
-8.789450382115329141e-01 3.288438905901355236e-01
-9.338810134618763525e-01 1.876766995452474052e-01
-8.950831477814150672e-01 6.881938282560652598e-02
-7.239278653994889456e-01 5.973836600576724054e-01
-7.504080928658006799e-01 6.128230021169790431e-01
-6.782810377989550998e-01 6.718327332209496072e-01
-4.600639399783299499e-01 8.859405713110062308e-01
-4.694753741521763835e-01 8.807753943735304736e-01
-4.664354744491927551e-01 8.783948303401952762e-01
-4.477264869449963935e-01 8.892377882996708172e-01
-4.645367165435336787e-01 8.840056306050854129e-01
-4.715358356120994410e-01 8.810220678238873671e-01
-4.930972433391456189e-01 8.631466299539285458e-01
-4.639957147294503370e-01 8.843360186885456109e-01
-4.910773831177615012e-01 8.440598448881817539e-01
-4.590005898721353783e-01 8.855931282071923816e-01
-4.789660995235497931e-01 8.643648567098463076e-01
-4.627306043555994841e-01 8.841392612883829383e-01
-4.916521387227006379e-01 8.331352498541467755e-01
-4.604367722878617841e-01 8.857495432562425552e-01
-4.460381836905889519e-01 8.908011880102112423e-01
-4.330992426346838564e-01 8.903574506777746089e-01
-4.703356186777322701e-01 8.809762849283643282e-01
-4.401554996020965449e-01 8.913800962819524720e-01
-4.525977737067405360e-01 8.892957631735560753e-01
-4.432575271833300579e-01 8.908490323819528989e-01
-4.631935301642989833e-01 8.829345611855532461e-01
-4.747860641121390834e-01 8.784941192573385571e-01
-4.609926864982587524e-01 8.695608314339232647e-01
-4.619866260545820169e-01 8.842120401086092096e-01
-4.483947086717651187e-01 8.671904865952937413e-01
-4.570370923273449071e-01 8.882404403834940343e-01
-4.578893343287812057e-01 8.870516093145057734e-01
-4.725605950293144675e-01 8.787597825191294509e-01
-4.501363620719888159e-01 8.900595700815836508e-01
-4.586928947020145197e-01 8.865232260183439905e-01
-4.647324878824658501e-01 8.836060302294539426e-01
-4.734846214723471558e-01 8.785325888116833903e-01
-4.727425675774070690e-01 8.800787063119153153e-01
-4.695714900218972421e-01 8.786849137943211208e-01
-4.531487758782424269e-01 8.874311904057561318e-01
-4.559387937481159669e-01 8.866286160131890970e-01
-4.680083034877505210e-01 8.828065490521308512e-01
-4.630225332547452388e-01 8.847173710592401985e-01
-4.777476771697160007e-01 8.732308353164742742e-01
-4.455381046720281457e-01 8.838244158432363440e-01
-4.835475765767795475e-01 8.611726227969599412e-01
-4.793507734168483414e-01 8.707070063103964364e-01
-4.368936315683190075e-01 8.881391604260644446e-01
-4.594562548655842238e-01 8.864641724076968154e-01
-4.546937713962466154e-01 8.875137348548263194e-01
-4.542884271936809548e-01 8.887671990394730992e-01
-4.764163442550605754e-01 8.744313419196448889e-01
-4.566854662456716896e-01 8.865971813948012592e-01
-4.660506173671058461e-01 8.833316482340214382e-01
-4.518888459362668253e-01 8.895734596463419352e-01
-4.664648186034625055e-01 8.831365814734273290e-01
-4.681449743623017357e-01 8.812260309089103849e-01
-4.756622647502525836e-01 8.763388188874045026e-01
-4.580863728545633839e-01 8.861580191138923590e-01
-4.549396122823174404e-01 8.861584477184958342e-01
-4.669762143211743655e-01 8.824045186311152422e-01
-4.589341834141519305e-01 8.829925109277644291e-01
-4.653729791506570623e-01 8.836535219326641100e-01
-4.510380032468382372e-01 8.858576346767245147e-01
-4.635090991597832222e-01 8.842220213343165991e-01
-4.655060002558126797e-01 8.829922868242646716e-01
-4.623750366369610010e-01 8.855517988437658916e-01
-4.727638886007273222e-01 8.761290812447077858e-01
-4.562975606171703058e-01 8.846687171545124517e-01
-4.267479239720038398e-01 9.017354069975553887e-01
-4.696425357171846726e-01 8.818201887782808335e-01
-4.617786386319994163e-01 8.850271916322680621e-01
-4.655682212833207601e-01 8.625449455767182361e-01
-4.664335442198900838e-01 8.809868729052231506e-01
-4.757645483364121852e-01 8.698994954536429791e-01
-4.669207517146520270e-01 8.832479861903248519e-01
-4.492376118277804919e-01 8.860322417080241930e-01
-4.641061791608696585e-01 8.815969757215379454e-01
-4.688647610640780394e-01 8.824432524539658207e-01
-4.611142126545192954e-01 8.856657876174593991e-01
-4.870097583511121542e-01 8.505546111763350181e-01
-4.609339417899761537e-01 8.846665993789383231e-01
-4.601435041824102901e-01 8.846358609790427874e-01
-2.613119184626477853e-01 -9.210889490999046858e-01
7.799704573073045211e-01 6.184079794310647360e-01
4.497005747288274624e-01 8.457470453223868700e-01
5.039208230071234862e-01 -7.810599344902250385e-01
9.460523819860140460e-01 1.277524750917443178e-02
-5.470338099668468068e-01 8.358922259831306212e-01
1.200830925585914116e-01 9.160360655884645098e-01
9.919687007548583235e-01 -1.084254033584671206e-01
9.957760778018208692e-01 -8.700134528630995567e-02
9.954689826557349130e-01 -9.341301835685149324e-02
9.982929803231408439e-01 -4.831038039030863263e-02
9.947274214130867875e-01 -9.756777828322024670e-02
9.967317982119442421e-01 -6.234235143959257486e-02
-5.855876372601842572e-01 7.658872206530710214e-01
4.540674595327877650e-01 -1.055626912294261727e-01
-8.045389875878827812e-01 4.799362282677498426e-01
-4.578040410856445419e-01 7.880527702121195022e-01
-3.989316439038100848e-01 8.505313648243473246e-01
-4.523305983818314280e-01 8.573897753931620791e-01
-6.549717420972416271e-01 7.145900940106901800e-01
-5.611457813626425928e-01 8.027877290516527431e-01
-5.049061391187019687e-01 8.492990561589255361e-01
-7.512758425126948580e-01 6.098549817158347430e-01
-6.130136427407584243e-01 7.535978120253257195e-01
-3.911037676899539739e-01 9.023071345594871895e-01
-6.152961373850724947e-01 7.363080501692973456e-01
-6.280931532805398287e-01 6.974779238824653227e-01
3.012683650661865387e-01 6.197030711110492751e-01
-7.686297380507544075e-01 2.167671367930147919e-01
-6.519062112503493100e-01 6.750920958734304422e-01
4.728381511600379117e-01 1.123835078779469726e-01
-6.854499310850830085e-01 6.982369832459838221e-01
-4.596643266904473779e-01 -3.447733640191191773e-01
-8.071100791551041320e-01 2.863675433226969269e-01
-5.768626697392201796e-01 7.742517075683108541e-01
1.969366176448944794e-01 6.896663799713783627e-01
-5.393018656459320770e-01 7.941578956946305778e-01
-1.896426623912200737e-01 9.246522030246444590e-01
1.221730812289927998e-01 1.100641121608313538e-01
-7.085632987266647920e-01 6.805074928621260844e-01
3.543381933933356653e-01 -4.364473680548098811e-01
-5.345629121545603102e-01 7.694374040458570319e-01
-8.277263828013843305e-01 -5.640087442581647598e-02
-8.336589399142424472e-01 4.643815270912966531e-01
-2.988529681305981955e-01 8.607428720054032256e-01
-7.896261122347267847e-01 4.378424567597959394e-01
-4.246122199468321812e-01 8.228305245584015548e-01
-5.655308463885792003e-01 -6.655850043172743813e-02
-7.011286216467671473e-01 6.365621209693129723e-01
3.662539058014806503e-01 8.229904550597575419e-01
-6.148829449279223924e-01 7.099717030440879650e-01
-8.464576575135428493e-01 3.203981469017305739e-01
-7.918057045139366146e-01 5.209348388861360091e-01
-7.890955643228940719e-01 5.712230979110092255e-01
-5.985492089814612449e-01 7.650746662837055734e-01
3.581086076686225694e-01 3.047015069136371768e-01
-7.901589805954913892e-01 -1.495215193529598752e-01
-7.671631580980001752e-01 5.496797458689798299e-01
-8.375555782018828666e-01 3.863965321723603075e-02
-6.317174302846843004e-01 7.445719897798395159e-01
-6.028569970973156611e-01 6.243023224491590639e-01
-6.982624328926513302e-01 6.539317426656480192e-01
-4.831799300586107071e-01 7.627688259455950304e-01
-5.602409714718741274e-01 7.195004220745654377e-01
-7.524056885589680554e-01 5.818772362915040075e-01
-5.136574719521207477e-01 8.206217016883230464e-01
-7.279883978544982037e-01 6.112901743178695835e-01
-8.072090268893291620e-01 3.356412138469796469e-01
-1.422933305777184521e-01 9.168498021603713743e-01
-6.715311967759759471e-01 6.731614876520538582e-01
-8.104821402038915323e-01 3.869514699583557205e-01
-7.405273320167466977e-01 5.895124280354007151e-01
-6.557278752489078544e-01 6.454472843601887222e-01
-6.284491056247553109e-01 7.263399192269838212e-01
-7.338677870271922421e-01 6.293279647471979876e-01
1.679328399330365651e-01 8.391382762289161246e-01
-6.926564700671576924e-01 6.787039479393177643e-01
-3.118667789236204135e-01 -2.902200157377165524e-01
-2.266069811730435091e-01 7.131966462271176199e-02
-7.672449076130521961e-01 5.118356511810508991e-01
-7.707381443197833804e-01 5.350045695730214490e-01
-3.536934557714834226e-01 4.621956427214334306e-01
-6.687610685939064936e-01 7.019459432808518029e-01
6.550738755756119192e-01 5.365287467132784371e-01
-5.817390629687155812e-01 7.241169340447621838e-01
-7.510267400758494638e-01 5.661254022392004925e-01
-5.183350731473316264e-01 7.355368951208725026e-01
-6.390441747291210062e-01 7.260026153682970218e-01
-6.014248053375192971e-01 7.538016855475808686e-01
-6.115373572962943260e-01 6.755014003017291158e-01
-6.028858211615745200e-01 7.307862196182506320e-01
-5.620838656141674550e-01 2.175147525449518948e-01
-4.784369733266799485e-01 8.275324911659934779e-01
-7.648530237096680118e-01 4.880481461302400570e-01
-7.491366380068249509e-01 6.164483057215732753e-01
-7.173889445876977522e-01 6.601398921267498388e-01
-6.821570654240987075e-01 6.127282169765380093e-01
-2.425449142165874150e-01 7.398615154727010701e-01
-6.481557405669219341e-01 6.963189793513236969e-01
3.655923488436442215e-01 4.621286256534974379e-01
-7.731328367179272076e-01 5.936302359402773066e-01
-3.425907436209031931e-01 5.918744361209909988e-01
-3.641339497433987438e-01 -1.315640728608106526e-02
-5.576614054247285290e-01 7.458357001354777305e-01
-1.056994468017142669e-01 8.801855280704925510e-01
-4.499821010623981099e-01 8.207889270214137056e-01
-6.406740008091634797e-01 7.167248628221246642e-01
-8.342976731463289664e-01 2.396036273260783167e-01
-8.179747292771265554e-01 4.421944039418965744e-01
-5.201559882230250009e-01 8.069331411965738887e-01
-7.146127321774515817e-01 5.918594226133283565e-01
-2.608921821215827164e-01 9.179129296157686468e-01
1.002158786086136816e-01 9.117665938645402868e-01
-9.127585192594858121e-01 1.881154686071122017e-01
-5.718298108394842538e-01 7.859015903184657370e-01
-8.055233934773808890e-01 5.435206039303449588e-01
-4.993872415573750723e-01 7.944494295974691145e-01
-7.994304275716950237e-01 4.965419380785946468e-01
-3.698242652601456126e-01 8.378827861705456792e-01
-7.223439810137293193e-01 6.550469275176162842e-01
-5.357460186330489371e-01 8.099087732269228956e-01
-7.255149840390074933e-01 6.376079257787472532e-01
1.128075771852833122e-02 -4.741532306732174074e-01
-8.234312948532084286e-01 4.205354824959808835e-01
-8.600715223396560027e-01 3.772403601897570957e-01
-7.190896257648159429e-01 3.334236585791611196e-01
-7.046919642705675724e-01 -3.596181751649474845e-01
-4.290810654056045337e-01 8.715046804934878377e-01
-1.217016231035335516e-01 -2.017514548224423054e-01
-5.591606772802667491e-01 7.774138362676575875e-01
-1.810623829883630312e-02 9.957198956323481953e-01
8.327198093612784291e-01 5.357702752328538098e-01
-7.906092393817690800e-01 -5.233336460088187092e-01
-4.672053077600359372e-01 8.751963365161409270e-01
-5.782581560881795424e-01 7.957556091013772148e-01
-9.792917342793640290e-02 9.893356328372797659e-01
2.882282546859698535e-01 9.206507693020898886e-01
7.480341631567064553e-01 -6.082147593140485586e-01
-4.252466194408490163e-01 9.049471399391237902e-01
3.930675873763760375e-01 8.638920013104973705e-01
3.451997955387108297e-01 9.148358856161441510e-01
1.909108005014985843e-01 9.785846808478155801e-01
4.576627277973768781e-01 8.364494325863476298e-01
8.675078787374014555e-02 9.957551656657588346e-01
1.310185463011159790e-01 9.747218353357135490e-01
-2.622962735403929213e-01 -8.787617117606371098e-01
3.639181322163120291e-01 -9.133431673690114438e-01
5.663809736607706702e-01 8.207622704160877358e-01
8.916504891456433768e-01 3.301607831625105183e-01
2.924179138588341165e-02 9.788887931810104082e-01
9.307482982519774684e-01 -2.446362595496787695e-01
6.390720878532671900e-01 7.199725722683862905e-01
7.222470253770129078e-01 6.248683174780835792e-01
2.440553455504575753e-01 9.477928416055196870e-01
9.340625181119551756e-01 9.102858609628852737e-02
-5.205216925409033024e-01 8.507006203084855889e-01
4.285393494874218390e-01 8.842747102411074867e-01
7.955254024921715184e-01 -4.985188533586149551e-01
8.441246713914111188e-01 3.357312445415198132e-01
-4.953576221361434273e-01 8.677705194674839584e-01
6.508532114601766061e-01 7.472930883467835406e-01
4.103350110485123325e-01 -9.057414525514440040e-01
9.546551106794866071e-01 2.885354470865227339e-01
-2.048184949669997479e-01 9.784425491599325619e-01
4.810251970911412767e-01 8.740046744204682527e-01
7.621873008105468639e-01 6.400588234825185241e-01
2.845862982140073272e-01 9.570791240319003190e-01
-5.746350390477450443e-01 7.945623147116884777e-01
9.279055278429176878e-01 -3.691427326743371151e-01
8.365051960258589325e-01 4.899193530864616730e-01
7.473508207076569043e-01 -5.437181210649367769e-01
3.126282282366589782e-01 9.402337656393845444e-01
1.816061934400343691e-01 -9.826177304053386186e-01
-9.604364993638682402e-02 -9.883191686421053390e-01
-2.287907197058415831e-01 -9.612686701615730245e-01
3.397552114296027714e-02 -9.902103721473888287e-01
2.125827230476048935e-01 -9.728685428110379618e-01
-4.022834552046591905e-01 -9.022913297935604149e-01
2.558908428886694786e-01 -9.648520515366508787e-01
1.288268542727935562e-01 -9.820709701030790884e-01
-2.387239674182204674e-01 9.525595967459984381e-01
8.932369562976806288e-01 2.735287935455913977e-01
1.692542091049342723e-01 -8.280898956802194011e-01
-9.041631999655799223e-01 2.353145457566228060e-01
3.393614757725572223e-02 9.212565531616655479e-01
-8.292071167535196574e-01 1.653325542940354831e-01
-9.020075506786520148e-01 7.110757090831859584e-02
-4.721125645255310754e-01 -8.153792829727509739e-01
-8.881429563763775237e-01 -3.278614185957197669e-01
-3.766603123055801694e-01 8.054651846084437405e-01
-4.705333506266899390e-01 8.435982896844147483e-01
8.150509257675602193e-01 7.365945211616617416e-02
9.428176120212365952e-01 -1.184961522207391843e-01
-6.711684289424102445e-01 -7.135186749541136964e-01
-3.741168842614603363e-02 9.689602818673352935e-01
3.440085810383758935e-01 -8.629080227358409960e-01
9.062389077099958223e-01 1.449829272672828184e-01
-9.009421779277050624e-02 9.788685691810209422e-01
2.835201158847252545e-01 8.891421459058727050e-01
-4.135604854166986533e-01 8.954801014987204821e-01
-5.773809844680354297e-01 7.723588213324074081e-01
-6.718525129800280160e-01 6.587257117149407648e-01
4.818855835941084909e-01 8.396563502409990498e-01
2.715410162168392563e-03 -7.344693890608285924e-01
-2.733550542208154077e-01 8.994290087014021884e-01
-7.537943269462480389e-01 -5.318773604776008135e-01
6.816854806532715028e-01 6.954038016637853481e-01
-5.060791537569433451e-01 7.741486697213429968e-01
-7.224350483073535001e-01 4.845414299340665143e-01
-3.752826929412277912e-01 9.041991945207438208e-01
7.402967380985451262e-01 6.039679279275225188e-01
-6.082403808369545306e-01 6.930198259281776796e-01
7.118757831970856653e-02 9.913218664993814766e-01
-7.657965065682619255e-01 -1.304394700987907829e-01
2.695272251406188313e-01 9.358075900249041013e-01
-5.913589829504791728e-01 6.020476673302204151e-01
-4.803775699130883869e-01 7.837999359219846029e-01
-6.400672660618342627e-03 9.897379354483865077e-01
-9.872458701214750221e-01 1.072116804699956754e-03
7.732141064578166301e-01 2.432469446313572092e-01
-9.077643217619458804e-01 -2.060066674821441624e-01
-8.662767920166767333e-01 3.717525998442409718e-01
4.212788503326094225e-01 8.410844059146310725e-01
-6.173356115126458210e-01 7.349362870683233684e-01
-4.193132360051958774e-01 7.856520619868472277e-01
8.735978885985620224e-01 4.226800407166819151e-01
5.652867473190620329e-01 7.065456783800100338e-01
6.555240450646114825e-01 5.639674695120259207e-01
-9.294576078704172017e-01 -1.089622382921415777e-01
3.447920344147453742e-01 8.416654614947656210e-01
3.043578247993942720e-01 -5.004137653318826429e-01
-1.613252010554322158e-01 9.764365996127630787e-01
-5.358959573030418477e-01 7.628741162587496794e-01
1.840947139030244817e-01 9.668114871457953452e-01
-2.113490246497419234e-01 -9.018683694558136121e-01
6.913595042809589364e-01 4.617031748997558749e-01
7.641934259681916197e-01 5.138163571728668888e-01
8.669267193696383877e-01 -1.949537383631040968e-02
3.015037058260562342e-01 8.432812928889399373e-01
-3.016304323010340349e-01 8.863281707405616938e-01
6.772388568475390391e-01 -3.030368499531724824e-01
-9.281349133918471717e-01 1.601079591975873295e-01
-5.546566783939549383e-01 7.039562506373401307e-01
4.431705178212465568e-01 7.695059215769484151e-01
8.752568444997873565e-01 -2.766365983137801798e-01
5.179770394541000078e-01 -7.850106745348867099e-01
7.764019550753779031e-01 3.544561482709769340e-01
3.865475127218377382e-01 8.285370575342675403e-01
5.056568455280181507e-01 7.634662065552374477e-01
-4.930086878289983710e-01 6.902536758205155554e-01
-4.722575157739632989e-01 -5.552399145268379632e-01
-2.744066561157607609e-01 -7.558366917830328102e-01
-7.987794363306206513e-01 -4.165090657060678825e-01
-8.477100446848536697e-01 4.552936780273251216e-01
1.140333355577588803e-01 9.809737934544455751e-01
-7.988744434682515383e-01 5.441201746365667002e-01
2.297194022838742744e-01 9.448895851319455419e-01
1.629123932292441679e-01 8.735540344712281469e-01
-1.301295868339333479e-02 -9.239631727228424518e-01
-9.083697684879692424e-01 3.118186948375405443e-01
-6.167474628440938744e-01 -4.778739861202901396e-01
-7.105464788195077208e-01 6.026487534829425563e-01
3.553718027068020757e-01 9.210477700095244247e-01
-1.901488805149720573e-01 9.472554963983921272e-01
8.526763966594987920e-01 -4.448420075828387055e-01
3.192893912829802144e-02 9.762903464181380553e-01
6.853867617943774082e-01 -4.914184475803472507e-01
6.101668654230594235e-01 6.831878253347085650e-01
6.633018635469393187e-01 -6.537152247042787856e-01
1.520106579926273904e-01 9.596119336180298776e-01
5.577129477014513004e-01 7.537097595834414410e-01
-5.227313329150228283e-01 8.421993466772859094e-01
-4.480342005876218892e-01 8.767384361430626827e-01
-3.430233598770731085e-01 -9.393201355147783316e-01
-4.986490716998691619e-01 -8.661038833274632420e-01
-5.111937398940896715e-01 -8.593695620575750871e-01
-4.732093704354243813e-01 8.789935031131691501e-01
-4.422002515993793126e-01 8.900712818820705197e-01
-4.949981717871234643e-01 8.637350723911234596e-01
-4.748405243107304274e-01 8.788130462906196261e-01
-4.510320339921273236e-01 8.890960764403729177e-01
-4.971304893674722836e-01 8.584772007897537582e-01
-4.711024626990082398e-01 8.802959260336724601e-01
-4.585787144177922436e-01 8.837073430960975529e-01
-4.917985490293323436e-01 8.674507014363314061e-01
-4.710249486365714056e-01 8.788559132369155869e-01
-4.765568478554227938e-01 8.776423775426744900e-01
-4.551805832302752153e-01 8.870670174508219485e-01
-4.576122087077296174e-01 8.850663227650364950e-01
-4.497379443145076983e-01 8.857515113776970317e-01
-4.749064071749820592e-01 8.777050612367309768e-01
-4.816795476453635816e-01 8.738483042970015546e-01
-4.776550669202669908e-01 8.691191170268864896e-01
-4.878620972539440270e-01 8.682327531463597259e-01
-5.104806914957836783e-01 8.274154218934558491e-01
-4.326596557157695311e-01 8.907343927343613910e-01
-4.663165403413019883e-01 8.820797121450335565e-01
-4.673501622119479171e-01 8.821576082893554105e-01
-4.755770483154633244e-01 8.774297955796684922e-01
-4.695939131225856933e-01 8.808433046760326679e-01
-4.680900364048488083e-01 8.815740003704284344e-01
-4.774677569503997243e-01 8.773085860242091361e-01
-4.687622718289136681e-01 8.791777460721376114e-01
-5.008453021342497147e-01 8.492981080662294069e-01
-4.658663163703269938e-01 8.836949074388217307e-01
-4.555818509006177019e-01 8.843620604124703410e-01
-4.460802609791153506e-01 8.895622624438965786e-01
-4.807472017781295182e-01 8.740405061898989247e-01
-4.756224880025502477e-01 8.747765649948493483e-01
-4.790485789712422005e-01 8.749634724222323801e-01
-4.720650997742580901e-01 8.766603063709038635e-01
-4.599728390112190479e-01 8.827011575103975716e-01
-4.784332148719377398e-01 8.755372513533399292e-01
-4.818868398809910691e-01 8.709645141935911106e-01
-5.085493742194495681e-01 8.442185120669487564e-01
-4.849861245191002257e-01 8.731816170013571021e-01
-4.621149255377237641e-01 8.843977574835263367e-01
-4.776939360093500064e-01 8.760609567317803048e-01
-4.703838696943287712e-01 8.805461206632513305e-01
-4.898378370674777993e-01 8.187038170144085303e-01
-4.528577811733243697e-01 8.846300657969888848e-01
-4.642293450903826613e-01 8.841611834581952767e-01
-4.831043636399262597e-01 8.732327335437356508e-01
-4.401386560615044852e-01 8.787692243312900109e-01
-5.210709125112467088e-01 8.128027867836133957e-01
-4.897943724396721654e-01 8.612065096468022318e-01
-4.667706749748661288e-01 8.806788731301046225e-01
-4.725442280060010436e-01 8.791225400339504059e-01
-4.645759427322861401e-01 8.824545174342933729e-01
-4.690516944095613483e-01 8.816762362971748423e-01
-4.722208833104724057e-01 8.799743399122456067e-01
-4.908584732763643932e-01 8.577018614710611999e-01
-4.800287482159073527e-01 8.748116718108993606e-01
-5.021727487230667197e-01 8.558794794618023172e-01
-4.857206785614919253e-01 8.649459928415466070e-01
-4.739316596657676683e-01 8.786142903836211548e-01
-4.609235192659763558e-01 8.853174956215491553e-01
-4.881622252089043434e-01 8.709757403380492535e-01
-4.625322663477359764e-01 8.831505432958732804e-01
-4.299804896218523131e-01 8.947946989321111655e-01
-3.738918627143171247e-01 9.137703539280964682e-01
-4.087896609883241994e-01 9.074026966038866160e-01
-5.336600502027427639e-01 8.289663944881998647e-01
-4.800728351257724791e-01 8.645790373911095283e-01
-4.634306800620656697e-01 8.754753492344329313e-01
-5.103104609853373885e-01 8.347841600071925772e-01
-4.412996507156576875e-01 8.896235547947629607e-01
-5.481256353406002146e-01 7.799357901131598325e-01
-4.353262399050835674e-01 8.934029662924154458e-01
-4.987655234345618749e-01 8.520495647408560247e-01
-5.589817050116318020e-01 8.163645364793311598e-01
-4.499723109421321920e-01 8.862534573476494870e-01
-7.427003144232340315e-01 1.805532942282351005e-01
-1.838327826521499453e-01 1.282390519915129097e-02
-4.769375363693396652e-01 8.706212226825448264e-01
-5.252213302901402869e-01 8.441721318417911846e-01
-5.831676301175825472e-01 7.771521346153922316e-01
-3.941017652988441089e-01 9.113141694889422828e-01
-4.436297211035444277e-01 8.840457148732120407e-01
-4.885748538592535328e-01 8.624002491405220461e-01
4.748376825606100970e-01 5.859511447677373530e-01
-4.120736680159880483e-01 8.961221856053563917e-01
-5.288322095704057757e-01 8.036149060191867255e-01
-6.082438184581224760e-01 7.490304900339013194e-01
-4.887990528767953702e-01 8.368604954113462169e-01
-4.197669430010338987e-01 8.999240387444809031e-01
-4.003216258795660454e-01 9.072043763183603726e-01
-3.851395028699120537e-01 9.144094432130066563e-01
-3.607790834167544647e-01 9.234607820677371848e-01
-8.564629999046347031e-02 9.056052247195602867e-01
-6.619975857707783851e-01 7.182976022250638914e-01
-4.260786138260292955e-01 8.976907778701126439e-01
-4.936703342477778422e-01 8.603265973629723451e-01
-5.072867194046725148e-01 8.471205308079277074e-01
-4.812315935524015820e-01 8.599329532760624506e-01
-4.569899013447215608e-01 8.746748782498937613e-01
-4.217041227389821123e-01 8.892222339558101263e-01
7.504538249275246597e-01 -4.824109117034446337e-01
5.622363782506551999e-01 8.263245331787136827e-01
-5.580560514954129303e-01 8.266233903251692938e-01
6.410188892656519810e-01 7.458470367683791569e-01
8.113202870310791681e-01 5.694223881633649897e-01
3.997635472793233807e-02 9.990074759246880820e-01
9.739190519504437038e-01 -1.170708018132511213e-01
8.986977217525650152e-01 4.115615521689633960e-01
-4.538050261793738493e-01 8.511402820641740252e-01
7.250469279634448316e-01 6.871269416108848338e-01
-9.842355224907135824e-02 -9.321852179873580946e-01
4.136127655721708041e-01 9.072549567566032813e-01
-8.644090782664507477e-01 -3.867225558431947041e-01
-5.165462568955633271e-01 -8.127427311959087852e-01
2.223477759375677709e-01 9.545877673718847767e-01
4.046474423432575018e-01 -8.826890347785311119e-01
3.473979337062696460e-01 9.374107493343249997e-01
4.886755851711377385e-01 8.664961720660585565e-01
9.918916417454451961e-01 1.153712212160958178e-01
1.062498159949946813e-01 9.882662138467587232e-01
-6.110684485484245698e-01 7.878979501333933655e-01
1.568914389937555165e-01 9.838703712169944993e-01
-5.810366706214383781e-01 -8.137569981143676356e-01
-3.680895259137518805e-01 -9.285777059337895212e-01
-3.402492590221002922e-01 -9.400651960951221797e-01
-5.492683700603534502e-01 -8.355747246350992974e-01
-3.041004186985416524e-01 -9.525716406496939070e-01
-1.964477027594101199e-01 -9.707516808502457684e-01
-6.108639833802937957e-01 7.497584730550745924e-01
-4.752907121978331428e-01 8.270432299915984053e-01
4.869868040704105061e-01 4.199062112912984590e-01
4.311535776101803052e-01 -8.173254313729431952e-02
-6.389127463105760407e-01 7.390960568953121035e-01
-5.868975869748682683e-01 7.638788927539666984e-01
-5.385650658720084749e-01 8.146894554388331988e-01
-5.683882490693105138e-01 7.868608751666489320e-01
-3.098710419739762467e-01 9.421525725087237513e-01
-3.418678093810002538e-01 9.354157520740253862e-01
8.981500232874756184e-01 -2.989336916765418239e-01
5.059017339876705766e-01 -7.780510978140202649e-01
-2.870760154189725410e-01 9.569033829960656989e-01
-7.192069292251156432e-01 6.567307210639845572e-01
-6.004957028453996593e-01 7.691171572860120431e-01
-6.663143127040688229e-01 7.074783654065328609e-01
-4.041979563289972432e-01 9.079378277946411613e-01
-8.837355249814280445e-01 3.670118265591549300e-01
-3.636599302111097609e-01 9.242662829001122571e-01
1.119282192247673807e-01 9.647737374323579473e-01
-8.680733163905509642e-01 -3.761512841769489857e-01
4.296137566266018670e-02 9.767888402929446601e-01
-5.503959866908122445e-01 8.242959468618643593e-01
5.451575834584589941e-01 7.649134141039097834e-01
-4.735766889088245390e-01 8.792181227246915753e-01
-2.644772567943589059e-01 9.556057218068835235e-01
2.068973361706138436e-01 9.594633694436021099e-01
7.735078972211978376e-01 5.947229328053590391e-01
-4.475583128578267122e-01 8.809472353843535997e-01
3.817135647399050313e-01 8.007529469269948352e-01
-2.151969772622040755e-01 9.730718591308206156e-01
-1.878555380245659767e-01 9.724944863320094113e-01
-5.269113026450213955e-01 8.307591879829450132e-01
-8.364756231755561267e-01 5.397961973669701541e-01
-5.156102786569551899e-01 8.538056295732839862e-01
-8.539855919913665050e-02 9.933921943140736621e-01
-3.297807329753825734e-01 -9.214308956605110623e-01
3.093772492434836985e-01 8.962798059945784601e-01
-5.887239996332412906e-01 8.056298957754106649e-01
-6.421688085183608896e-01 7.489018566047161984e-01
-4.890217243460490693e-01 8.611718387740134872e-01
-1.375792098818518806e-02 9.941336991747155016e-01
7.611366304592102061e-01 2.033091477730661067e-01
-3.226538535254776519e-01 9.233027391647196103e-01
-1.626106474045119210e-01 9.720868334907101227e-01
-2.418675382079745195e-01 9.632929236643744675e-01
-3.760960603739813557e-01 9.127087609585926575e-01
-5.318486980923429197e-01 8.112840822373434957e-01
-4.656955630149812175e-01 8.820095068272789662e-01
-4.556714154840098563e-01 8.878459209384578221e-01
-4.356656597246170715e-01 8.888258449831812902e-01
-4.620716746347440784e-01 8.849860708449480695e-01
-4.204357307123562371e-01 8.913579197878496174e-01
-4.499672367596123657e-01 8.910056064349787253e-01
-4.549338412781182006e-01 8.882163890616302515e-01
-4.643825963234122223e-01 8.828273688342507253e-01
-4.737881976110265847e-01 8.788561857899376273e-01
-4.321714610658793920e-01 8.888080456582927447e-01
-4.261131743582265985e-01 8.884655816560768082e-01
-4.613595963452352677e-01 8.847859986367185847e-01
-4.423721163003872525e-01 8.932131483959450113e-01
-4.436794037670328539e-01 8.926636186096714720e-01
-4.671404441942698105e-01 8.767731896487879206e-01
-4.620608252217153211e-01 8.827534516056274594e-01
-4.604816886171553825e-01 8.853215871507567059e-01
-4.430071444825519622e-01 8.904727021764913264e-01
-4.919622449069794845e-01 8.451213797832758390e-01
-4.985506452971629754e-01 8.596331143348352466e-01
-4.553994685473269910e-01 8.851540403228521647e-01
-4.798162052765533314e-01 8.704916429410630707e-01
-4.388253251122500309e-01 8.935902720639136154e-01
-4.476802372171075350e-01 8.911381567152600880e-01
-4.953805250527693049e-01 7.783138326736859236e-01
-4.598719625030481817e-01 8.853052108400411013e-01
-4.678535623744089489e-01 8.816120710087084200e-01
-4.545899312466905040e-01 8.865095835153654624e-01
-4.686370090357341311e-01 8.808996572551865967e-01
-4.630598553599248324e-01 8.844025452332197057e-01
-4.712344355831185605e-01 8.758357624493637861e-01
-3.960336859837782497e-01 8.817226658654748750e-01
-4.475139245062015325e-01 8.885056212959608901e-01
-4.745272594410268607e-01 8.768932711511071565e-01
-4.790598147445930266e-01 8.738098891785095468e-01
-4.631340353088717610e-01 8.817797178598227870e-01
-4.389139043485891789e-01 8.188363368836173439e-01
-4.408240446909118537e-01 8.601182094449977278e-01
-4.612329009813869174e-01 8.834386642004121715e-01
-4.582368659298951541e-01 8.819630082489274825e-01
-4.452550780518856333e-01 8.882074910186738004e-01
-4.411395151282735405e-01 8.942922221691683715e-01
-4.242199226845668192e-01 8.978845690090084819e-01
-4.531656903683238258e-01 8.895841634529477737e-01
-4.278137295520419436e-01 8.969595710845544856e-01
-4.543347179528242075e-01 8.892586853095970634e-01
-4.893108611347976034e-01 8.614041305690780526e-01
-4.512704622353955197e-01 8.896994861727163251e-01
-4.705610738154197281e-01 8.795770267237092988e-01
-4.741894071916788467e-01 8.734461041877864540e-01
-4.657060062352653684e-01 8.835699757524798637e-01
-4.461474366228468935e-01 8.926782122222393090e-01
-4.350868003385892635e-01 8.984116509290204222e-01
-4.769450223871095074e-01 8.727274565937488404e-01
-4.948759103433653661e-01 8.318254676013101534e-01
-4.797405991152972060e-01 8.571097291157780962e-01
-4.501432264845389164e-01 8.895351438320894255e-01
-4.099805321646606271e-01 8.936771443910994650e-01
-4.579175993828006330e-01 8.853665836660160604e-01
-5.167941196880780907e-01 8.426787176409723523e-01
-4.858326748361331271e-01 8.644481059562387770e-01
-4.672428576803197009e-01 8.704932984589126566e-01
-4.717222490222421349e-01 8.787703423824821947e-01
-4.667671135835361751e-01 8.814310812181347377e-01
-4.997965906536634417e-01 8.478318631282856233e-01
-4.812288719573445395e-01 8.138446221540617254e-01
-4.594115232327304343e-01 8.863323864157315324e-01
-4.464560470853289886e-01 8.915371077506100139e-01
-4.815693415158029955e-01 8.646988769878491965e-01
-4.573149926991683101e-01 8.871266224110393450e-01
-4.487619524980395735e-01 8.902984951314611983e-01
-5.311877870550308911e-01 8.285435813261289306e-01
-4.526217366833618638e-01 8.899543451838463071e-01
-4.638131211330262516e-01 8.839082531968294187e-01
-4.155335046818576794e-01 8.928711099941221141e-01
-4.590141017151857517e-01 8.849802400638872024e-01
-4.903317871906259229e-01 8.566079050703306885e-01
-4.651529305045657425e-01 8.807052109439895693e-01
-4.761976770615100607e-01 8.761586245503211190e-01
-4.514504093035370258e-01 8.868639691057855767e-01
-4.305440404140429833e-01 8.932220162695760912e-01
-4.570422418219503014e-01 8.876275006296824310e-01
-4.801703261986959292e-01 8.691606294267772981e-01
-4.697747382941032113e-01 8.805345549159944163e-01
-4.668817601502378567e-01 8.789215277976800689e-01
-4.566016240874063437e-01 8.849899110435850424e-01
-4.583196073534858139e-01 8.868259583867583729e-01
-4.356555846355747441e-01 8.933976878176727032e-01
-4.529771324046688585e-01 8.864241375633948872e-01
9.954623295529170246e-01 -8.382683247625502543e-02
9.977627266288340291e-01 -4.710203588388811591e-02
9.963464321611408270e-01 -7.279094970644743590e-02
9.944429796623178719e-01 -9.645964389775674164e-02
9.923682040019699002e-01 -1.169458586325467647e-01
9.958748294344406116e-01 -7.859106745184354925e-02
9.923096326036778825e-01 -1.033775982369238289e-01
9.972776212686255137e-01 -6.372882980331770475e-02
-1.848114748452129863e-01 -7.130194953447044348e-01
-8.438899464606850476e-01 3.494467595945007221e-01
-8.869397459417697194e-01 3.983758950167274882e-01
-6.795068605750226309e-01 -5.048632808311390718e-01
-3.462780922554720697e-01 -2.704567689120994656e-01
-7.477054335475077362e-01 6.081460757407418649e-01
-8.136115088391381311e-01 4.786638793133604075e-01
-8.020640281111790504e-01 5.376951394342016632e-01
6.000375376444427866e-01 5.451504228947151587e-01
-7.813254310537760539e-01 5.560135045702450096e-01
-7.542225794515322601e-01 -2.241027317167083033e-01
-5.444137579420997852e-01 8.062323707667614636e-01
6.178758676464342070e-01 1.670703146692257002e-01
-6.611588012192204378e-01 -6.182123793048295290e-01
-9.251893602319102294e-01 7.369769423161465910e-03
1.311201102784525785e-01 9.233109508586839764e-01
2.671027818128346443e-01 8.759993233722057626e-01
-8.996039133936348797e-01 3.095365344559016796e-01
8.085341785056350261e-01 4.078329330033740596e-02
-8.963660625971739959e-01 1.672752022592001453e-01
-4.137275882848466257e-01 7.385994368657105014e-01
3.213060370255975684e-01 -8.359946649532454810e-01
-8.628662534938585926e-01 4.381659633915177543e-01
-9.223747630959264754e-01 2.471792340758479367e-01
-8.496908703014676156e-01 2.559637445448523230e-01
-5.678747147912893700e-01 6.922779507970993063e-01
-3.260440196403587704e-02 7.157009239372607023e-01
-6.153911770321063290e-01 7.050022028916498318e-01
8.142973737837089221e-01 3.146778832172614226e-01
-9.128308848556925259e-01 6.322391971421728596e-02
1.000329294839806954e-01 -4.925506394993241499e-01
-9.541937796903123825e-01 1.453250548959467703e-01
-8.105878021334632644e-01 5.084602736403577294e-01
-7.990653156049951633e-01 -2.025412624519792176e-02
-4.761114635273246409e-01 -5.416133576934651916e-01
-9.251469077621992110e-01 8.858781017860194174e-02
-7.928523234117050844e-01 4.318966565256162071e-01
-5.049568150812046019e-01 7.629812274258410687e-01
-8.414554276817290956e-01 3.974161191912863322e-01
-4.942561232532340920e-01 5.167664014370801917e-01
4.685978638981443956e-01 -4.252450367246722873e-01
-4.716337612685531644e-01 6.867140067227486266e-01
-8.517929747702693843e-01 2.211933366392075384e-01
-9.167359269570229952e-01 2.014053946684621066e-01
6.236711635622744776e-01 -7.703021726049820439e-02
-8.719406844378101429e-01 -3.255095407361640603e-01
-9.472099618915923447e-01 -1.028832766298157092e-01
-8.029929655173750902e-01 -3.634527171009480639e-01
-5.968984398687354753e-01 5.309619001642326142e-01
-5.540374140336874476e-01 7.488550588808283726e-01
-8.315614461335283369e-01 3.028898565468660653e-01
5.336323017779536215e-01 6.355213295163656406e-01
-5.527285352480534319e-01 -7.445832391249239679e-01
-8.096170904922973532e-01 1.000179476291878644e-01
-7.312818793798899764e-01 6.491277455795485540e-01
-8.460367801775512397e-01 3.627013643816227872e-02
3.770478149736772311e-01 6.735548670009556815e-01
-3.928620610357072551e-01 -7.441706744037321908e-01
-5.934118976904778631e-01 7.390583039287702549e-01
-9.138958692026139278e-04 -6.419748198109620496e-01
2.368175885799148894e-01 7.375286607200979283e-01
-7.132935639138090478e-01 -4.523030715043760419e-01
-4.205807592171217912e-01 8.622741312999403496e-01
6.806828696265528889e-01 -4.091121267597258582e-01
-2.647125293213072328e-01 -7.278774306804360883e-01
-8.923195907608598709e-01 1.236969887479040797e-01
-4.425639531163171880e-01 8.048933172562480198e-01
-7.722323079898394393e-01 5.903926920933827427e-01
6.624873984350867495e-01 4.481940841274275611e-01
4.243052927591118850e-01 -6.100811639705256972e-01
-9.211041970313057492e-01 2.857549359178890303e-01
-2.202670969029911496e-02 -9.559556026831717013e-01
-9.486711653926893639e-01 -3.432026788231466730e-02
6.280985793523121696e-01 -2.103661326259955722e-01
-8.893280498632042397e-01 -2.547657570592272713e-01
-3.550573894692261590e-01 8.269737766666584999e-01
-9.554326246298945335e-01 -1.792863204946563427e-01
-1.428948746632476841e-01 8.812153473078582211e-01
-7.687926254405554882e-01 -4.148272161922014201e-01
-4.850044764676934017e-01 8.247195538250178259e-01
-1.727693827236738144e-01 7.854499204069409490e-01
-8.237612338941888712e-01 4.592606585942315411e-01
-9.106672226597087860e-01 3.555420449876635636e-01
-8.863437854046125608e-01 -1.516427030412878518e-01
4.818187374643744803e-01 -8.762364779321619723e-01
4.953588628863384580e-01 -8.667338486684698085e-01
4.614796835726025503e-01 -8.765550974939161355e-01
4.871875115570423187e-01 -8.712303810681605309e-01
5.331979488055483829e-01 -8.431508540505073812e-01
5.121073451206097360e-01 -8.545477029897005083e-01
6.193324817501538737e-01 -7.777659710104934954e-01
2.110091205373256784e-01 -9.184951578606598277e-01
-1.530584483742226110e-01 9.839923993538615132e-01
3.853675867435865099e-01 9.212744485463565391e-01
-2.503789428277881923e-02 9.991999108920621708e-01
2.000205345091862486e-01 9.722489350252553342e-01
9.003026755698548822e-01 1.684606393880011543e-01
5.899732555622080321e-01 7.893695919010854656e-01
-5.558934093233194318e-01 8.152835124561780278e-01
-3.239879257656398948e-01 9.427310509508639580e-01
-8.325187890283489156e-02 9.850806335112930467e-01
3.147363602162285279e-01 9.411439056583793539e-01
1.514648558180384241e-01 9.755344229052930194e-01
6.564357072908591495e-02 9.874020965637719804e-01
-2.043455654612984784e-01 9.775504920783507634e-01
-1.105551719385435838e-01 9.893443691246907035e-01
-2.919384830297689915e-01 9.523137929281770830e-01
2.511399827038069965e-01 9.504802821905871113e-01
-4.915327127368105398e-01 8.655170290222339302e-01
-1.895351786863084531e-01 9.765858802795537308e-01
-2.201325993145199500e-01 9.697248814187198196e-01
-1.322814535792795898e-01 9.855466941852164542e-01
3.462012055567223467e-02 9.803172018014010280e-01
-6.704128917705284296e-01 -4.146093785456499425e-01
-2.358944356915929630e-01 -9.703866322395968691e-01
-1.727910270821886862e-01 9.839614464556637463e-01
-5.662256249212456460e-02 9.877648993761709573e-01
-2.405432865270775988e-01 9.700616827880033100e-01
7.296878932875388024e-01 6.789054210295287772e-01
-8.385660858246718474e-01 3.726945468127395578e-01
7.680267647772720530e-01 4.423405654631050177e-01
8.788296637775374620e-01 -2.510324492264124907e-01
-2.650869716463086223e-01 9.536854877572744638e-01
-8.938119505221587824e-01 1.083257219205065042e-01
-3.688911179592044287e-01 9.041442139796666000e-01
5.255692894443335546e-03 9.951051215704777020e-01
4.064539227722873682e-01 -7.640661072963519374e-01
4.800164339256649537e-01 8.625957632590709467e-01
-5.198402837357737338e-01 8.409016177761482469e-01
-6.515658342329945230e-01 7.513061873780179090e-01
1.079934836234351103e-01 9.890853922364071238e-01
-3.543848006714204746e-01 9.245379375076884232e-01
-4.644174271640565954e-01 8.849144519342047044e-01
-5.849384800992354361e-01 7.800602744504996355e-01
-5.816505187761443763e-01 7.830668004999813414e-01
-6.109802523122220830e-01 7.633758296217084682e-01
-5.451377704618428632e-01 7.985557894024567505e-01
-5.994025126063083908e-01 7.952493617985992858e-01
-4.870287168614266249e-01 8.290824609518960830e-01
-6.308852820144796869e-01 7.633706330154303998e-01
-6.271115071444993694e-01 7.660856393969071032e-01
-6.757304032058371046e-01 6.889324258789538691e-01
-6.355070931089192854e-01 7.639893316017031255e-01
-6.526575393534322922e-01 7.490034028234092700e-01
-5.687695841328455071e-01 7.914221961157545948e-01
-5.994278393473932987e-01 7.804038811604327996e-01
-6.234292346377532379e-01 7.725792975059777579e-01
-6.733727512726781494e-01 6.993395895363950787e-01
-5.912027404307108602e-01 7.916538476561237880e-01
-6.412777842899172187e-01 7.569489624978794629e-01
-6.898249469196054973e-01 7.120730360382525603e-01
-7.213637022569813206e-01 6.439667693980946073e-01
-4.401753982952974487e-01 7.604895289793237589e-01
-6.941152595196004027e-01 7.006270006345178825e-01
-5.042827408823188362e-01 8.039019853245555902e-01
-5.657993053553780349e-01 8.047657071134930451e-01
-7.112251592252417653e-01 6.555755921203756387e-01
-7.125006302999982166e-01 6.089209757671854018e-01
-6.956020548889797483e-01 6.745143075437157743e-01
-5.939312330136157225e-01 7.867333979934212351e-01
-6.644491889795314243e-01 7.321207140524149670e-01
-6.369157406145150579e-01 7.583054872475927244e-01
-5.641231904918632134e-01 7.702597562183428614e-01
-6.308343488244624320e-01 7.588859253281329265e-01
-6.753659419884595616e-01 7.208754532109823421e-01
-6.500744598798412488e-01 7.445869318889987154e-01
-5.140136975245814810e-01 8.224539701076684084e-01
-5.276973740760173559e-01 8.064139612515793809e-01
-6.359369625193324049e-01 7.350074702380797742e-01
-6.346771611152193238e-01 7.193146096387919020e-01
-6.053572071467947513e-01 7.749840532682981120e-01
-5.867467713501566262e-01 8.042339791432436824e-01
-6.405062829460996809e-01 7.466949317253929186e-01
-6.577686418495366505e-01 7.378084273787043346e-01
-6.792815201548940696e-01 7.121230390720648673e-01
-5.028174454162650520e-01 7.371285426732524515e-01
-5.561707930390147325e-01 7.958266800663565954e-01
-6.686444150181191093e-01 7.281559849522727390e-01
-5.565091422309934588e-01 8.143446088852183129e-01
-6.190823937773752839e-01 7.678014154499185340e-01
-6.602189068673378625e-01 7.353540251022014917e-01
-6.271802106904688090e-01 7.702535261498065777e-01
-6.203126047591638326e-01 7.740707534968208625e-01
-6.714887380571696873e-01 7.257086044828545690e-01
-6.166318533255958911e-01 7.826593517061168903e-01
-6.532642152316688877e-01 7.405796968899934773e-01
-6.507024700741184109e-01 7.355701412939437134e-01
-6.046898759355660014e-01 7.925375623852535245e-01
-6.441360626679246693e-01 7.546670844243487108e-01
-6.162233191583060821e-01 7.779614230297156041e-01
-6.114044676395776756e-01 7.889648950396792593e-01
-6.964449601886170127e-01 6.847596497942843863e-01
-6.346111302242747332e-01 7.535632178739960496e-01
-6.492645105080375734e-01 7.524469158375702849e-01
-6.246878867875992336e-01 7.619983298613156597e-01
-6.080600577499378767e-01 7.821973632783884023e-01
3.643343927565923512e-01 9.240096677839185757e-01
-3.499694966216816971e-01 -8.621714430944831253e-01
5.575100730463677934e-01 7.951521992989099008e-01
9.085096074059791083e-02 9.756281927810410703e-01
-9.315413713080097358e-01 6.573347729198147915e-02
-5.048955933579899469e-01 8.541827840615378031e-01
9.557304247201044989e-01 2.348643563301442416e-01
-3.773407684663410144e-01 8.968258004151454799e-01
8.260235313032163879e-03 9.968472164983335215e-01
8.950574991678494907e-01 6.774955794791936992e-02
6.463910952450668823e-01 6.974364613268564383e-01
9.089603522370167665e-01 -3.409629764854064660e-01
7.665299332180314229e-01 -5.762772278942415172e-01
-9.071222396666172028e-01 2.953082886794269890e-01
-1.136832901340566887e-01 9.566872958607891553e-01
-9.129569987296549671e-01 -2.215567567180787290e-01
7.390537273437195465e-01 6.551615669496201333e-01
8.198165176160351342e-01 4.943113959444140337e-01
9.189261865365941917e-01 3.874826332605553758e-01
5.288661513715658263e-02 -9.380214961121652317e-01
1.827971689255438736e-01 -6.018928961047895765e-01
9.094356202492956953e-01 -9.768804931958773030e-02
-4.425183833992810678e-01 8.904877374471431573e-01
-5.931073966676995157e-01 -6.835768980072879364e-01
1.282333911312140418e-01 9.712656104719979977e-01
-2.822942168545567940e-02 9.994676860124095397e-01
1.731871014984184276e-01 9.803313028953472008e-01
2.065200521498340158e-01 9.529864213623155944e-01
4.030952136641229866e-01 9.032379488245412258e-01
2.495589581779022181e-01 9.466741159745768464e-01
6.039568983075747077e-01 7.525871986371814870e-01
2.904873090573343308e-01 9.444589290830309736e-01
5.140682896140698344e-02 9.862678895454493055e-01
5.167828892110603034e-01 8.364452057656835970e-01
-8.258805294988035284e-01 -4.950343107481227634e-01
4.915092718683837791e-01 -8.224303849262890598e-01
3.173243417078070450e-01 9.170080700520188977e-01
-5.684497979653895250e-01 8.201026060182891042e-01
4.657019884840267188e-01 8.818283265037993868e-01
7.427460412266838619e-01 5.501419231469798499e-01
-6.369837719753312921e-01 6.913945943032245856e-01
-8.797700034476213515e-01 1.167166344819059731e-01
-3.510623819292600922e-01 2.255736497887850245e-01
-4.863455520663891862e-01 7.560774895268365103e-01
-7.518153995886099894e-01 5.960045895200163368e-01
-8.526686450440982279e-01 4.924592608553454154e-01
-9.164438884294193732e-01 2.812975177029582441e-01
3.261334157510538678e-01 -7.250074380824141074e-02
-7.655806751274591981e-01 5.438534786176466573e-01
-8.546798181257576621e-01 4.821186141209756193e-01
-7.303159970403845236e-01 6.192001330394768521e-01
-8.153499971095691246e-01 5.236202439776044271e-01
-7.451217483053450552e-01 6.192578723830223231e-01
-8.810272568415669081e-01 2.847959221125746510e-01
-9.218516353612994374e-01 2.661199584987434807e-01
-4.787991844537046182e-01 -4.822730334748790426e-01
-8.835142928298854725e-01 2.160692805844412478e-01
-8.958187848809042730e-01 3.317685590504177995e-01
-6.502956623513965750e-01 6.450452063864492436e-01
-5.935009509466886435e-01 7.283534193130305479e-01
-7.458463310988565631e-01 6.056997434552366943e-01
-8.868383171033883405e-01 4.433317384915331227e-01
-9.574170207687519030e-01 2.341830850813227671e-01
-8.365852911715787599e-01 4.824664912181177989e-01
-8.898318445918871333e-01 4.060102881813117959e-01
-6.265600795048660299e-01 7.325969143434118980e-01
-8.950008673667442238e-01 3.572095140464968122e-01
-4.220069885883410699e-01 7.459821642007420373e-01
-5.907323308931904382e-01 7.675718465472183283e-01
2.505417073874917633e-01 4.811872564059267998e-01
-8.602485961485292210e-01 4.166224350898608542e-01
-7.957433303667926783e-01 5.656489862457358964e-01
-6.994561033672569428e-01 -3.580996291463811043e-01
-8.955957138420994612e-01 3.196816898282782704e-01
-8.375860454923910181e-01 5.281769959978221962e-01
-9.460347167921547840e-01 5.928424676397781035e-02
-6.986690473691765657e-01 6.569956559265974771e-01
-3.312623096000941736e-01 5.446489361027291309e-01
-9.209731546585530060e-01 2.967108258617704442e-01
6.909866618624123102e-01 4.281652250137587545e-01
-9.143367252084465546e-01 3.702544297898093806e-01
-7.730879892494388894e-01 5.795768596885485513e-01
-8.864013388514364600e-01 3.704448228725363834e-01
-9.225523260550010374e-01 3.468701980418838482e-01
-9.622664378085930004e-01 1.754190439547354541e-01
-8.452956412088584726e-01 -1.003699498875382928e-01
-8.266776328241073335e-01 5.209255748696061117e-01
-8.635243854212950598e-01 4.791004994240967152e-01
-8.557746971610853404e-01 5.079519892718261653e-01
-8.570990187717184572e-01 3.673359776352583261e-01
-7.807977937480173880e-01 5.624865383104530325e-01
-8.655368771175817599e-01 4.335108270297219901e-01
-8.475240463330193652e-01 4.653185665804390192e-01
-2.113063236943782119e-01 -4.553563572587414066e-01
-8.106845559019458802e-01 5.555457482297420091e-01
-5.215403218579779399e-01 -1.383312256954474240e-01
-6.137883754344927167e-01 6.930727621803075555e-01
-5.942808227124765086e-01 -7.230567987518841944e-02
-7.954329672037399046e-01 5.761236779323022361e-01
-8.222617484951116884e-01 5.054295515550624174e-01
-5.140670971138214806e-01 5.551439806924737264e-01
6.361380758468569707e-02 -4.264420871385981027e-01
-8.322175742662709652e-01 5.010299258436553549e-01
-8.122365816529055760e-01 5.334218670437630427e-01
-9.073628907926438725e-01 3.879156186571042775e-01
-7.855667707383096054e-01 3.447477034599301660e-01
-8.661695092231984638e-01 4.672585407484632358e-01
-8.328003553004147408e-01 4.537395774935947257e-01
-6.122418954440226324e-01 5.265938449637750374e-01
-8.704211352497175369e-01 4.614300586426265394e-01
-9.055387668453114269e-01 1.413380103086553097e-01
-8.455522265421331340e-01 5.380665118117304753e-03
-7.580557160368279757e-01 5.864773598735509852e-01
-7.700145389103826288e-01 6.057172310062912679e-01
-5.895010493172857524e-01 6.064138224199530081e-01
-7.275313961129280527e-01 5.915792484919681904e-01
-7.161591407112407603e-01 6.326456110253408927e-01
-7.807689875280571234e-01 5.221241690601753360e-01
-2.086881366191374043e-01 3.204560504989873992e-01
-8.616954998286222578e-01 4.518216200514552083e-01
-4.821184124757261213e-01 8.109355122582901920e-01
4.961569512168569063e-02 5.780459682168125751e-02
-7.983567356017753358e-01 5.194863537370082440e-01
-8.229711160477426457e-01 4.876810854365566383e-01
-8.881430621651809076e-01 1.932202119553020625e-01
-7.929760348745183984e-01 5.454878716332676181e-01
-8.875040139075445200e-01 4.267522084245904401e-01
-8.670174271413914058e-01 3.960736664769167192e-01
-5.300809074577759183e-01 7.079925518953673613e-01
-8.658650348879314285e-01 5.538172675781608684e-02
-8.772321301910803726e-01 2.406471956742206042e-01
-7.343928434781438197e-01 6.411031915569973538e-01
-8.219916923263440589e-01 -4.202614815694115380e-02
-7.884041524014863134e-01 5.830108282684293153e-01
-8.324169860675105781e-01 5.441827522575285458e-01
-8.721109971740611533e-01 4.457685556570995522e-01
-7.111097326866661072e-01 6.402031595454583668e-01
-3.076120138194823328e-01 -9.580882162870211008e-03
-8.027143558722134031e-01 5.557195601658923012e-01
-7.512332129087381238e-01 -1.757909841079355051e-01
-9.185381402284332752e-01 3.159994898862895085e-01
-8.842158760541626306e-01 4.152918470489937453e-01
-8.428377313526657089e-01 5.167675289410023076e-01
-8.929098794575655029e-01 3.985258852889711489e-01
-5.407422623539661632e-01 7.576235527574944895e-01
-8.407690976229820201e-01 4.986558930816408219e-01
-7.793764038512006609e-01 5.994276975311390032e-01
-3.952529024297545823e-01 6.922326269058716175e-01
-8.167321261897760865e-01 5.470917612143515463e-01
-8.357802635608133635e-01 4.717616097859658186e-01
-8.620034830233282985e-01 4.711499399520462372e-01
9.882307492028342688e-01 -1.325323007595279601e-01
-6.405586909650833327e-01 7.671838007041238416e-01
-1.274702787294219597e-01 -9.899755195050821133e-01
-7.145551434356521847e-01 6.940866840058005360e-01
-5.882056408240123879e-01 7.997091787033701049e-01
-6.664431933901713290e-01 7.333975147434573794e-01
-5.449617001187825327e-01 8.381180507739499630e-01
-6.110611942151916720e-01 7.798214462937808067e-01
-6.352936458569233835e-01 7.551576343003720826e-01
-3.688010756766702536e-01 9.196334411526478902e-01
-5.229160757130614512e-02 9.426812765563503671e-01
-6.649994392265606846e-01 7.423684319830228251e-01
7.015671949305228861e-01 5.837850071092463844e-03
-7.393929647866605004e-01 6.502818850364640024e-01
-8.176837451668612644e-01 2.635462616442439399e-01
-5.001982681122407737e-01 8.625185724265089782e-01
-2.813559279780259437e-01 9.468065194219242864e-01
-4.725735696382731277e-01 8.671507000008376043e-01
-3.743439720250517078e-01 9.131296135535127423e-01
-5.386489034360082417e-01 8.261637380152323518e-01
-5.695045652409812531e-01 8.186062892959701243e-01
-5.075179329162294861e-01 8.499050510466995556e-01
-4.341180620696269976e-01 -1.404411581071042248e-01
-5.183221062083405162e-01 8.486153838580413611e-01
-3.855976135904151669e-01 9.139641661871970024e-01
-4.862156266354543122e-01 8.565873718454906083e-01
5.165597704310159743e-01 7.474596246159975754e-01
-3.980220474985344259e-01 9.097985016861066532e-01
-1.420931157006638697e-02 -4.201836383439242484e-01
-6.155595790413299628e-01 7.746861538683483817e-01
-3.256140729964048242e-01 9.332206444853732297e-01
-5.835564763365969077e-01 8.061592103900231399e-01
-6.821175339020827399e-01 6.935715907722644902e-01
-5.496243807877437826e-01 8.205182665628086847e-01
-6.023365089406774731e-01 7.945141432017355232e-01
-3.117056765128818907e-01 9.350083535284110514e-01
-1.990658813867995369e-01 9.500580173379973292e-01
-4.663212010288005360e-01 8.719528052530658435e-01
-3.412257590682321040e-01 9.316378393416910875e-01
-4.237459013014333031e-01 8.942986295756052417e-01
2.895131334638070819e-01 9.425642374902238885e-01
-7.984947975995123626e-01 5.085507762368082219e-01
-6.981202324648941859e-01 6.421847783708747870e-02
-5.289476538852511123e-01 8.371515640946692871e-01
-3.580291791875666041e-01 9.319730560029211297e-01
-4.132758285795946618e-01 9.089393736078733577e-01
-4.602022888550182378e-01 8.760090845745348576e-01
-4.810085519709531576e-01 8.642816301458775552e-01
4.977603054247889403e-01 8.594164988307958497e-01
7.386148641192299413e-01 -6.059376607344819643e-01
5.570479032603080638e-01 8.153128783524071777e-01
4.381064691525227706e-01 8.978880738686870755e-01
9.231953532890053715e-01 2.201270005806846841e-01
6.769189480968175188e-01 7.086022373324392110e-01
9.624348136829611322e-01 5.765412870617467149e-03
9.019803323813462281e-01 3.953366569709542144e-01
6.313603640565654818e-01 7.706310325984548903e-01
8.422407540957723704e-01 5.270879821071521310e-01
7.604796859132039177e-01 6.269761315441140237e-01
9.100132053878663418e-01 -2.825830722053830346e-01
1.101932738783507615e-01 9.853148483752240949e-01
4.201358708985589163e-01 -8.591794297090399324e-01
1.465758700785657342e-01 -9.005772989950644458e-01
9.552837263266519274e-01 -2.894315290992909295e-01
-1.971716104298752992e-01 9.791029575639050853e-01
-3.244851822534041141e-01 9.271594130488961527e-01
-1.572798467043804993e-01 9.722522429616292650e-01
5.604811159515468155e-01 7.926264108209162274e-01
-8.212847675141169423e-01 -4.580423069791407231e-01
6.936080080411110016e-01 -6.867584806498197025e-01
9.871030437296837157e-01 1.198696296563593611e-01
1.157525341045699402e-01 9.852938228773325813e-01
-9.869503456026352817e-01 1.379362893624315189e-01
-5.133137012480218919e-01 -8.532195402253927030e-01
2.211848790746336890e-01 9.737075283496091638e-01
1.617982123763017366e-01 9.760909735175007373e-01
3.823851202207184663e-01 9.075739331305440194e-01
3.088856369925264689e-01 9.448221740580177164e-01
8.441955418612223649e-01 3.802861723542177441e-01
1.599189988521129702e-02 9.961458113736130215e-01
-5.287439851329571727e-01 8.402206011536306196e-01
-6.109682452662361651e-01 7.682586723763080716e-01
6.709833922712102883e-01 7.105357097667783783e-01
4.802858002450259289e-01 8.668272880082095178e-01
7.775737161524474139e-01 6.048020809938595699e-01
-3.402561206549045703e-02 9.944304816036881878e-01
6.741552289973476442e-02 9.929962124035036641e-01
-3.928817054857938196e-01 3.568427974812353742e-01
-4.504756884775475423e-01 8.455120082700721129e-01
-7.173780874934124752e-01 6.076722295804640739e-01
-6.530581269611004380e-01 7.280900787400861329e-01
-6.621103040264819661e-01 7.365295838124409356e-01
-5.377232500051035702e-01 5.613786569072848343e-01
-4.152295283411184812e-01 7.933469117972841156e-01
-6.050575782493243793e-01 7.668105525789193910e-01
-6.080753688600657458e-01 3.224055204434797539e-01
-6.929298790735596292e-01 6.793759390851189517e-01
-5.455618943458161452e-01 7.923404484376135315e-01
-8.516846740312388198e-01 4.727410024182525095e-01
-7.472720639410340704e-01 5.850728222862606742e-01
-3.172357143250837397e-01 1.900119234094031495e-01
-5.260155147936609321e-01 8.262940319854713556e-01
-5.343921755483567182e-01 8.035718953125798869e-01
-4.924740027440506762e-01 7.996224006203427326e-01
-7.224302573445213760e-01 6.472083789020076638e-01
-4.685150074704237388e-01 7.157730363881726898e-01
-6.110023286308197132e-01 7.822960309813650204e-01
-7.092054251745913973e-01 6.520713367559399787e-01
-6.748156943178458267e-01 7.287288230965196512e-01
-7.053375029681615560e-01 6.902092708646980768e-01
-6.140970382117960646e-01 7.704990741912436381e-01
-6.607799590226310915e-01 7.242513041254614592e-01
-7.709236838253591406e-01 5.776255629801863023e-01
-5.849455955455101774e-01 7.944072436979251473e-01
-6.135771781717569429e-01 7.765248502736152858e-01
-6.413858681361890302e-01 7.482343649240799088e-01
-6.251829410492806272e-01 7.733585552978307076e-01
-6.476961702682965116e-01 7.343672269713209522e-01
-6.447796563573369166e-01 7.465722522929542082e-01
-5.141878497536754855e-01 8.359923155220133628e-01
-6.229354272786028490e-01 7.643758349382958617e-01
-4.827909295983106586e-01 8.379242383632897750e-01
-6.374539811372326170e-01 7.521454803240825715e-01
-6.527052448128213280e-01 7.355288633024480438e-01
-6.595192974989300128e-01 5.147899431967891681e-01
-4.708620326502768183e-01 7.607798166482356850e-01
-6.042245822470665439e-01 7.795307226392985678e-01
-6.654866468532747437e-01 7.328401329560847444e-01
-3.866066600470948744e-01 8.430560731749897618e-01
-5.776435968777001717e-01 7.937658535474141352e-01
-5.773375822171572525e-01 7.620049125466569206e-01
-7.012568281591419206e-01 6.616590117838088148e-01
-5.996734334281647039e-01 7.851938598236047895e-01
-6.250088456279410121e-01 5.875768005441029951e-01
-6.455642041208968784e-01 7.133900284472033393e-01
-3.598172469872400470e-01 6.937048233364146999e-01
-6.572915005315721482e-01 7.297641811994647343e-01
-7.479488378052563391e-01 6.531777239820962810e-01
-6.682122485885042540e-01 7.048556525064869627e-01
-6.999488892017171615e-01 6.726782280322399776e-01
-7.264854128013432666e-01 6.285930856919951237e-01
-5.961350352450497381e-01 7.866134508909429224e-01
-5.197636428740618486e-01 7.466406923337821633e-01
-6.274514987857646720e-01 7.623740448175914119e-01
-6.162249858738403363e-01 7.523528015031489824e-01
-6.164449133105597278e-01 7.638257250307283197e-01
-5.637412131505865620e-01 7.897840838511610562e-01
-6.338358831443519081e-01 7.617258838134314258e-01
-5.670578590963174515e-01 8.018177908995202108e-01
-6.221528744482573980e-01 7.582822449284121191e-01
-5.628870488965656005e-01 8.124986654650565576e-01
-6.420090561780749105e-01 7.523505318992982360e-01
-6.307787030741831558e-01 7.414847733022734699e-01
-6.310264275568921999e-01 7.565474916651939719e-01
-6.463661169793040173e-01 7.442149255063391644e-01
-4.208232530404497629e-01 8.552649525450131129e-01
-6.622293134205541332e-01 7.185816755749716567e-01
-6.301904428296929428e-01 7.474088381263314096e-01
-6.445865227561226041e-01 7.363448696492159717e-01
-6.598026693644915008e-01 6.660539984370640321e-01
-6.929221981745803394e-01 5.973516977833327468e-01
-6.063861283127545132e-01 7.138060252101381398e-01
-5.625639460078287746e-01 6.623724149597181032e-01
-6.511419698173285253e-01 6.925563724861423243e-01
-5.517385392438055591e-01 7.469464814201051128e-01
-5.744199631636850434e-01 7.812191548399076702e-01
-6.826086745670906231e-01 7.076763280499875908e-01
-6.109690870241721861e-01 7.565366876451775635e-01
-5.946641044255966957e-01 7.459537676615520807e-01
-4.418097268534164623e-01 5.845145511466819377e-01
-6.849243268997770029e-01 6.784237691690255811e-01
-3.104132186669503746e-01 5.953314549643760056e-01
-5.597168541303561007e-01 7.723927655579098106e-01
-6.513066930516075992e-01 7.426428444331547585e-01
-6.728955810183480102e-01 7.206932436692011779e-01
-6.387441853680360104e-01 7.380728365736237695e-01
-6.206994547368489545e-01 7.427291315607359445e-01
-6.965450305413574128e-01 6.940789599451420155e-01
-5.510839344765993131e-01 8.071808705390872696e-01
-5.462334170256305521e-01 8.240204546740964586e-01
-5.012569107992120854e-01 8.416152689420899335e-01
-4.564402907821730193e-01 8.231172098008726623e-01
-6.964467919770664928e-01 6.270499152781880969e-01
6.810467613711834733e-02 -8.730239166142628182e-02
-5.156866747005269674e-02 2.855684618531911800e-01
-6.858095652294958766e-01 7.122852139166292451e-01
-5.728977761935858393e-01 7.969400284742581553e-01
-6.684183822069218461e-01 7.243349154097475928e-01
-5.863553881086388531e-01 7.790928947659609971e-01
-7.655732264906174311e-01 6.266326512719809783e-01
-7.827805216663652477e-01 5.466153901317351016e-01
-6.935526504799067737e-01 7.001276263370977970e-01
-6.357703958195340954e-01 7.575668242421217391e-01
-6.782441311872505763e-01 7.166269054319794884e-01
-5.926125687990738689e-01 7.766098395048414149e-01
-5.942180723680271504e-01 7.684264929006495715e-01
-6.896925381502773122e-01 7.055404015042473498e-01
-7.254161983519885615e-01 6.708800664429187544e-01
-6.565997745669867047e-01 7.419822096688840629e-01
-6.806942708755565619e-01 7.149196790543956848e-01
-6.010784411164969976e-01 7.714433044619020130e-01
-5.896223518786284368e-01 7.923675464582207173e-01
-5.183764223384457193e-01 8.055217172449410379e-01
-6.845338263370828180e-01 6.957944106173425958e-01
-7.119943922656042368e-01 6.792432080120222038e-01
-6.776809581831163554e-01 6.848849158625784916e-01
-4.688733006800380188e-01 8.797561357304707341e-01
-4.396857948664185112e-01 8.937342500647171839e-01
-5.007717484575131550e-01 8.570886452658872390e-01
-5.103758414775779739e-01 8.381379174657206388e-01
-4.653372451896075623e-01 8.826207787913094016e-01
-4.670023293366292738e-01 8.774659571962488691e-01
-4.434831113820518755e-01 8.947870691720379854e-01
-3.756125452771860718e-01 8.924745033484653423e-01
-4.765168047533865359e-01 8.745631589818825269e-01
-4.998475001134299878e-01 7.809869627741271580e-01
-4.831712872375894530e-01 8.355492370371876421e-01
-4.474729942580289999e-01 8.903761885387273534e-01
-4.602612507840263545e-01 8.840785468141603154e-01
-4.790025533842180994e-01 8.501775991253579523e-01
-4.654569225927992493e-01 8.791034799901995545e-01
-4.860143775875566674e-01 8.583925326653722987e-01
-4.581862813637660459e-01 8.812639240126356466e-01
-4.593585588246179574e-01 8.847376217086804218e-01
-4.317381720657308408e-01 8.981912860216887395e-01
-4.569764235467304037e-01 8.869038497395387299e-01
-3.904151545143197399e-01 8.999157499937036064e-01
-4.583884417924862786e-01 8.843170891323332006e-01
-4.543271141050676531e-01 8.861041087073674438e-01
-4.622809785971964125e-01 8.850190628273525428e-01
-4.369272824421278067e-01 8.966658047915629925e-01
-4.724284631652619915e-01 8.658770389847306737e-01
-4.170966151039749437e-01 9.046893387426961919e-01
-4.774290303853821471e-01 8.667182474211790888e-01
-4.332140732595322064e-01 8.968697223260536644e-01
-4.635191209914791832e-01 8.812466418229990550e-01
-4.789131078800881736e-01 8.718949219321988631e-01
-4.427281678925094610e-01 7.603025108477413641e-01
-4.420664463936032074e-01 8.883641507579780328e-01
-4.585995776669428148e-01 8.859176473917638184e-01
-4.947182473470314035e-01 8.192437300278172518e-01
-4.502112068633959963e-01 8.902078304382313734e-01
-2.289813352791449652e-01 6.661755170901937362e-01
-4.671009701789839430e-01 8.810552047553458221e-01
-4.807459951128542630e-01 8.624759108078337011e-01
-4.427402764998514817e-01 8.930366864823561235e-01
-4.494397269628893632e-01 8.909162999481845535e-01
-4.980994921555084165e-01 8.459268693015356000e-01
-5.262060461582146464e-01 8.218475880030134961e-01
-4.944215828432090287e-01 8.655381476079627712e-01
-4.210225699930910670e-01 9.042738573844861794e-01
-4.609428907882498483e-01 8.825107195074650690e-01
-4.525120387599184113e-01 8.881685296138672747e-01
-4.713395122862852893e-01 8.765751771602304787e-01
-4.522607945891719550e-01 8.893178544626901827e-01
-5.749901735768365718e-01 8.171157966862223621e-01
-4.533418404571347149e-01 8.863231368470275706e-01
-4.510606997276772057e-01 8.898458252868496343e-01
-4.257124635624586761e-01 8.966747939884971430e-01
-4.535170637151607620e-01 8.889013804383855133e-01
-4.547387897310923854e-01 8.880589383930234115e-01
-4.624723121114341917e-01 8.823644395965606346e-01
-4.343735020905367117e-01 8.940527826794372190e-01
-4.573314881704587664e-01 8.857343919390603393e-01
-4.376127804265572685e-01 8.947507489452637408e-01
-4.477188979110588996e-01 8.884318874939594046e-01
-4.554823179847442560e-01 8.876810200367986070e-01
-4.553823602491240408e-01 8.842287600828480088e-01
-4.396957633414798616e-01 8.959238863881141546e-01
-4.512113956153077088e-01 8.886670385954332785e-01
-4.559958930600358507e-01 8.868016710479630360e-01
-4.164664810230635505e-01 8.947934334694868097e-01
-4.698270973711899945e-01 8.734492419523099960e-01
-4.465200651244814467e-01 8.908595118131367174e-01
-4.220830739545164967e-01 8.997515475796369344e-01
-4.481585569948374204e-01 8.926350974564107865e-01
-4.454667124073338758e-01 8.925092213592124013e-01
-4.261060158693929512e-01 9.026995070847453340e-01
-4.738369573610892727e-01 8.758622314847588353e-01
-4.078074995140466563e-01 9.060040228627717074e-01
-4.461985871308812301e-01 8.920015500704283617e-01
-4.410240909103777529e-01 8.922168207271158336e-01
-4.283194307381502641e-01 8.970444762468383626e-01
-4.440298237431472006e-01 8.920025646463370927e-01
-4.349124504805509384e-01 8.972018857639820766e-01
-4.619878412940233714e-01 8.758758057789506335e-01
-4.365260431229373017e-01 8.930962633581547294e-01
-3.985266834280689618e-01 9.032474739827142107e-01
-4.445566698817350892e-01 8.931433363826720706e-01
-4.414079866981793776e-01 8.950329337372112670e-01
-4.123190726788792948e-01 9.043220944084707780e-01
-4.297360683945150028e-01 8.999699223256136804e-01
-4.490498663237496579e-01 8.895324317845313411e-01
-4.504702623095959702e-01 8.856854901223253362e-01
9.132186109156624765e-01 -3.210709491257404125e-01
9.733314945333211288e-01 1.586525133332369331e-01
8.966687605809898765e-01 3.875801821574544337e-01
-4.801742835152341682e-01 -8.680605742096521027e-01
8.845970762904715734e-01 3.813399298939591509e-01
9.419470685346000849e-01 1.783457819488181995e-01
9.448135582118940556e-01 -6.100801743030739854e-02
6.578170600374476651e-01 6.997682335391103292e-01
1.413841820703323482e-01 9.812397741914421490e-01
-5.920046137863418378e-01 8.054247886308709692e-01
3.995961972603137013e-01 9.095937105786640053e-01
4.573111665352313365e-02 9.929761782389238123e-01
5.333798947186870754e-01 8.341377621528113240e-01
8.740059671135078645e-01 -3.597799577344479305e-01
3.004922435107343359e-01 9.324071762241680217e-01
9.357483642566068183e-02 9.863714322582366467e-01
-6.364848498309440272e-02 -9.754519028486406951e-01
3.929022792492199434e-01 -9.159066604053164307e-01
-4.637099541732058738e-01 8.851637783817869476e-01
6.008242783264035047e-01 7.558528846846899185e-01
1.908535906826756834e-01 9.778712354586716060e-01
4.582708698313786022e-01 8.739423405884378937e-01
3.303365509464513683e-01 9.033175740610509541e-01
-7.989941635602467729e-01 -5.264570094609496431e-01
-8.676754577757033252e-03 9.970212468711907583e-01
8.009214509794055914e-01 5.081952258012411017e-01
7.314545605588884669e-01 -6.113620789318515714e-01
2.387706573456310211e-01 9.590180769786433856e-01
7.585157138746441152e-01 6.280994540832552930e-01
-5.177861323546691930e-01 8.512686345993415449e-01
-9.440117941099368526e-01 -3.549932315346934764e-02
7.346079099604827523e-01 6.753408416739298259e-01
8.192198501483378970e-02 9.959907837860767499e-01
5.005218048710508710e-02 9.976808831191392724e-01
5.510204709481467678e-01 8.109775454420126151e-01
-4.799305550686688293e-01 8.734138433720383121e-01
-4.490685991788724851e-01 8.911979258337324739e-01
-4.656446483036766892e-01 8.814516519721216081e-01
-4.750949468571904477e-01 8.666791178081584279e-01
-4.783647026605914454e-01 8.066955450845051390e-01
-4.173814820799599534e-01 8.935589672846439013e-01
-4.368427713422769476e-01 8.946976613144682622e-01
-4.904929071786259809e-01 8.479771149793945417e-01
-4.549561938333580025e-01 8.886734694406357438e-01
-4.681259088204593466e-01 8.800867971631834985e-01
-4.356863985064887146e-01 8.912845572776924019e-01
-4.813757387793974329e-01 8.509192556076797809e-01
-4.229197596750420285e-01 8.944548402519102437e-01
-4.463192153895877423e-01 8.920822153715981528e-01
-4.255440327841876202e-01 8.901443337412913159e-01
-4.379877717061914644e-01 8.566218776450562622e-01
-4.413124814297755827e-01 8.919596600888867188e-01
-4.622650745646624815e-01 8.818469409540923287e-01
-4.705090347077853785e-01 8.384819825980481811e-01
-4.800786140518152889e-01 8.613533057931268555e-01
-4.387233860124357676e-01 8.932763430462318244e-01
-4.544686927582243241e-01 8.811871340858369317e-01
-4.574750022091653157e-01 8.866644536829541012e-01
-4.611808825911511978e-01 8.851654133394066815e-01
-4.601235974839077425e-01 8.827720422094734731e-01
-4.426879437953599727e-01 8.909784946401880790e-01
-4.459275187322019329e-01 8.895856663034452660e-01
-4.561122884567190838e-01 8.877831656671277827e-01
-4.586730981437716625e-01 8.864888859454387315e-01
-4.945352566955715234e-01 8.369043375537839058e-01
-4.631213950574573635e-01 8.847082973894275781e-01
-4.358474536042741265e-01 8.707730213112810924e-01
-4.445288078440308155e-01 8.862039766993147216e-01
-4.533868320314001221e-01 8.854996878600117638e-01
-4.488947951377049161e-01 8.887544445210440180e-01
-4.638741991622772343e-01 8.826690872450164704e-01
-4.528479934245530081e-01 8.890599552643277947e-01
-4.588509944877259272e-01 8.848413372706493973e-01
-4.735378935897937569e-01 8.757728034805494222e-01
-4.571159531632185691e-01 8.868320722509196452e-01
-4.445374789441154939e-01 8.927436714184845412e-01
-4.506225109250113214e-01 8.895330665919333191e-01
-4.561540329510008207e-01 8.869274314996781206e-01
-4.326271251516445315e-01 8.959879200008544764e-01
-4.687756477257097876e-01 8.798566290311448101e-01
-4.478379233550441874e-01 8.905469108298829095e-01
-4.710711968778211745e-01 8.778197363771362838e-01
-4.674224583953257572e-01 8.813453277765592730e-01
-4.521706333581013149e-01 8.894966952976665064e-01
-4.641095239472370348e-01 8.813961593878680834e-01
-4.171172941020032665e-01 8.831770255473744280e-01
-4.629326469185991999e-01 8.713326322741050678e-01
-4.695068376910470076e-01 8.793029867835252533e-01
-4.580624890572193575e-01 8.867198767086437172e-01
-4.495617220191258645e-01 8.863535229420830275e-01
-4.654965783870408935e-01 8.756829585839382979e-01
-4.653457144196337936e-01 8.503797614521306780e-01
-4.561333398828801844e-01 8.856050929114929193e-01
-4.515766948754650345e-01 8.876743761544229061e-01
-4.621586966514685257e-01 8.837128714230948479e-01
-5.299607470001038712e-01 8.250982686242676056e-01
-4.566851039566701687e-01 8.877480635519128249e-01
-4.580420194130837008e-01 8.857332582521125763e-01
-4.541612385547751929e-01 8.890727714174671004e-01
-4.299843123148477941e-01 8.927309930984954622e-01
-4.538546796388509552e-01 8.874762265020283980e-01
-4.602021846028735985e-01 8.840758425607023741e-01
-4.887386419501075219e-01 8.597713644560156521e-01
-4.711748089295746400e-01 8.684593281964396727e-01
-4.639869177422829560e-01 8.841797786533858172e-01
-4.598104821714719681e-01 8.851945491693975487e-01
-4.654047829504658895e-01 8.822524760335351823e-01
-4.727560357355027332e-01 8.731087605650041938e-01
-4.514245727023813437e-01 8.892120826775361531e-01
-4.736520165392988369e-01 8.591687369847679223e-01
-4.700861962242032233e-01 8.788397180116969132e-01
-4.593791096495910553e-01 8.861590867743076583e-01
-4.665820586199443953e-01 8.785932497123227769e-01
-4.666971314441379359e-01 8.806146975998776494e-01
-4.498767019615310669e-01 8.897940860040647326e-01
-4.716475794641057928e-01 8.755157805846015551e-01
-4.804065443658852019e-01 8.670870885365894454e-01
-4.620347352988501965e-01 8.850109790590252601e-01
-4.768326926952234368e-01 8.735867572547715287e-01
-4.402297136859394389e-01 8.876868904950863115e-01
-4.439589418085678196e-01 8.903459006464837788e-01
-4.634922770169808692e-01 8.788199495616869639e-01
-4.687553080597401944e-01 8.716319910278423899e-01
-4.606922830549582959e-01 8.858092611124822602e-01
-4.546570363729979247e-01 8.863109027196847123e-01
-4.661697841856207725e-01 8.835911588002828276e-01
-4.718462267413485178e-01 8.770829594096454240e-01
-4.648032268821385982e-01 8.841087692742601867e-01
-4.613287370747543581e-01 8.842609570307686795e-01
-4.599537987630716307e-01 8.860879491831696875e-01
-4.473925997943006827e-01 8.894562984174658737e-01
-4.476948897033629082e-01 8.501362128932449247e-01
-4.530438297520055224e-01 8.880735836370419189e-01
-4.553886563586343472e-01 8.881871594003806214e-01
-4.628256321521211358e-01 8.835762068358676835e-01
-4.346567368964390776e-01 8.854459957473682641e-01
-4.608512834466159114e-01 8.839953191189898751e-01
-4.732958887534250425e-01 8.799424453033979354e-01
-4.965432000667506784e-01 8.611730619785340490e-01
-4.615676397742049519e-01 8.837515948248310105e-01
-4.707134587066431064e-01 8.811683010180645370e-01
-4.667414553337242977e-01 8.823929911908714452e-01
-4.742424146318042211e-01 8.791049960742978175e-01
-4.938328547510335564e-01 8.641346424721366715e-01
-4.677602553665898277e-01 8.829764398175200535e-01
-4.835720154719662656e-01 8.718131096103818312e-01
-4.767945380076301087e-01 8.760829490053322344e-01
-4.685519295817246466e-01 8.817025734715019381e-01
-4.684145432674245990e-01 8.823276461858884367e-01
-4.718376689770274468e-01 8.809687925490192750e-01
-4.769992602563282169e-01 8.775290367367333255e-01
-4.755202511640816421e-01 8.785801794193954795e-01
-4.660345226098198124e-01 8.778569915764088405e-01
-4.795189623438293469e-01 8.738379779326242991e-01
-4.758467491171309849e-01 8.780568141074414079e-01
-4.502678755138650457e-01 8.857654914884217634e-01
-4.738077262343067253e-01 8.791269772115726244e-01
-4.661409263438930362e-01 8.829945558758890423e-01
-4.775513859894718882e-01 8.769569483863333126e-01
-4.644897453501070639e-01 8.838740877754589498e-01
-4.730139790177377290e-01 8.792626534274105010e-01
-4.536139038137027568e-01 8.864957579156738099e-01
-4.674154853443763802e-01 8.807013995434326281e-01
-5.101767513292371214e-01 8.550520700981265598e-01
-4.464635708709364659e-01 8.896544251798292890e-01
-4.877299991378081234e-01 8.531293078160618881e-01
-4.862625414169702842e-01 8.681719047096680963e-01
-4.801770973645564933e-01 8.752314815829709271e-01
-5.013964154232201098e-01 8.356816248122634905e-01
-4.838544530405383681e-01 8.706489407948748704e-01
-4.789302621763500412e-01 8.759989541375401423e-01
-4.590727926213090671e-01 8.852840388297679164e-01
-4.589962077512782512e-01 8.817398498035887711e-01
-4.893573191231701536e-01 8.668553026992823485e-01
-4.843718387227616828e-01 8.622120217366709971e-01
-4.782654806865294095e-01 8.763034792097968984e-01
-4.650059785831648362e-01 8.822641385155176597e-01
-4.815607029705242792e-01 8.747319681734503360e-01
-4.713503603141019904e-01 8.800772612852818533e-01
-4.626452742154318343e-01 8.840018191524430247e-01
-4.697920303669883002e-01 8.806263309750025359e-01
-4.652815943129257059e-01 8.835716851185957399e-01
-4.749261915895026109e-01 8.777685954724412376e-01
-4.701594697349066321e-01 8.817132058228791536e-01
-4.688255745468872804e-01 8.811339069810261160e-01
-4.720414544135169144e-01 8.795134795738022149e-01
-4.562736645920328349e-01 8.859508158932674071e-01
-4.635727181730975865e-01 8.824205489251893963e-01
-4.578845028186198096e-01 8.840937922209639588e-01
-4.771660911669939886e-01 8.634911372986381339e-01
-4.762576926519010989e-01 8.777508980831499885e-01
-4.794246142507082586e-01 8.755416773262475472e-01
-4.804883221524274828e-01 8.729438593361009691e-01
-4.709956757930534033e-01 8.759840494742255901e-01
-4.533704011039976223e-01 8.836025497310866506e-01
-4.821413128597602515e-01 8.728284948532151200e-01
-4.725701448287557560e-01 8.804861516650116515e-01
-4.746691576394974632e-01 8.787469265173124544e-01
-4.708980821818989360e-01 8.805146243134415185e-01
9.984560055093474329e-01 -5.280714425281880092e-02
9.939928966523469134e-01 8.519234427985057645e-02
8.930009149337743146e-01 -3.551917383884020674e-01
8.337636135877323218e-01 -5.401951332359520297e-01
9.752177556424760363e-01 -1.833219736393225663e-01
9.975543287470052256e-01 -1.509085241270708561e-02
9.886558132582652370e-01 -1.022757823497563445e-01
9.900426757812389456e-01 -1.161735508584651605e-01
9.639136580275705635e-01 -2.194929686265645052e-01
9.901059072445849152e-01 -1.331827763232709960e-01
9.968937651353683149e-01 -3.596377092053405777e-02
8.893897818497416008e-01 3.565865063163584647e-01
2.504572847669256919e-01 9.593523196804901731e-01
-8.651251549347138692e-01 -3.402491568525076171e-01
7.366222003784436145e-01 6.304702128896163549e-01
2.101815188525361366e-01 9.692697828737919519e-01
-6.151753649020719195e-01 7.700776179955457490e-01
3.412235554835360007e-01 9.297302252029927550e-01
8.492834707111903692e-01 -1.077961727540612535e-01
-7.107705035412553718e-01 6.831139322253455548e-01
4.830526636094941706e-01 8.608470370855024756e-01
2.997373909750028487e-01 9.409421273886424686e-01
3.726358964101600946e-01 8.864937118877095346e-01
4.240080532157025628e-01 8.996202790093547064e-01
-4.981275208049368991e-02 -8.382864645177483531e-01
-5.135466029254410758e-01 -7.588028786975746787e-01
5.290098765155866190e-01 8.106856785161586920e-01
8.469891331761550957e-01 -4.754713282566576105e-01
-2.380613452682312815e-03 9.879308357366443083e-01
-5.436883262742263634e-01 8.344977087459545251e-01
5.444274899341426666e-02 9.899624930813347712e-01
9.846276591112945731e-01 1.223013080093757338e-01
1.443316643315981085e-01 9.675286062409191867e-01
4.611246599645711375e-01 -8.488962384139403516e-01
6.543949169977286706e-01 6.993948426758116454e-01
5.969311425440276819e-01 7.666705030136045096e-01
1.169897623920455598e-01 9.908529416051129468e-01
8.227502648627976756e-01 5.400481168160943257e-01
-3.293954419704172021e-01 9.433005461504840872e-01
-2.571893884040805101e-01 9.566188952782168631e-01
-3.475563513847139685e-01 9.325439737329348500e-01
-5.166196822467676864e-01 8.256693234070470178e-01
-3.990169354622584152e-01 9.057834557598931635e-01
-3.727906459017831242e-01 9.192901305359535424e-01
-4.146418454918420760e-01 8.998291749379154769e-01
1.274977431445999676e-01 9.213214514668934818e-01
-4.944370695289216355e-01 8.583066218060534380e-01
-5.379605262139738331e-01 8.033249719434670810e-01
-7.371494661173341179e-01 6.248644566860042104e-01
-3.951197163267996526e-01 9.177831079608930187e-01
-4.873898126644007345e-01 8.578279741352821119e-01
-4.382501822302405370e-01 8.877715866176654202e-01
-4.263164249183005183e-01 8.878230692419438741e-01
-5.856752464232855004e-01 7.714064509454842122e-01
-3.163456099334893135e-01 9.439562677851183192e-01
-2.691426620117400859e-01 9.588614931975165678e-01
6.633266475963599529e-01 1.949504677393079366e-01
3.813708687256252561e-01 -2.870941779344722833e-01
-4.598222773215606130e-01 8.708735157107010405e-01
-6.447431966581779195e-01 -4.506964383404207797e-01
-5.038271984924151958e-01 8.420258609154634977e-01
-3.261470303963936446e-01 9.336822435610353521e-01
-6.259462277659496587e-01 7.448148732510182501e-01
-2.328907059104446398e-01 9.585318989521915967e-01
-5.357222363553960642e-01 8.399322307729986115e-01
-4.698646781890170598e-01 8.782916581274726742e-01
-4.033203195390559492e-01 9.058153663122177068e-01
-3.554815839932385924e-01 9.292529736140023866e-01
-5.622531145212001924e-01 7.935066206644219022e-01
-4.263461699679637618e-01 8.937176104985072866e-01
-2.895677896592938061e-01 9.475479460364263362e-01
-5.442605922495837856e-01 8.255841533387988651e-01
-2.115380536184154753e-02 9.670897897091088602e-01
-3.946802734742413388e-01 9.089376994219325878e-01
-3.320867143963600610e-01 9.344630253112411467e-01
-6.259273849172057869e-01 7.177726699631996610e-01
-3.886937891039607962e-01 9.096651261508325037e-01
-1.485550627259157042e-01 9.762125703789616971e-01
-5.594721436389639146e-01 8.157205504232639681e-01
-3.759734321018270431e-01 9.227761615216242275e-01
-6.432167596875335569e-01 6.917395620749529073e-01
-4.546523855073580367e-01 8.492700695086430329e-01
-4.724811672466002754e-01 8.610131818068650356e-01
-4.457735982332544644e-01 8.694317331759209289e-01
3.921208382115094759e-02 9.715921726218570420e-01
-3.372251742942227182e-01 9.324639785006584303e-01
6.166200842833655660e-01 7.259508405309179624e-01
-7.651554206285426929e-01 4.678985522191610458e-01
-8.031469898224591342e-01 3.507776832383654453e-01
-3.512225556082194111e-01 9.303882483975858264e-01
-4.557857238614180795e-01 3.838692824091279321e-01
-5.614107468973784654e-01 -2.354943801347226737e-02
-4.184476574092019230e-01 8.939762243360956928e-01
-5.749237445300324767e-01 7.854348103833411754e-01
-4.331911144881863129e-01 8.919248915894795182e-01
-5.045057179681445847e-01 8.539436992935381943e-01
-6.029642282050968749e-01 7.572864329119466387e-01
-3.810951419605086432e-01 9.117228831633190644e-01
-4.064586233942893423e-01 9.049628520871700887e-01
-3.688190538599427915e-01 9.215568386313574001e-01
-3.620111919662828415e-01 9.296535622135851940e-01
-4.814940179058041503e-01 8.616707610251564953e-01
-1.720921616304815771e-01 9.731655466721774728e-01
-4.045648250453880435e-01 8.935336103794813134e-01
-9.581645181290171509e-02 9.862807239922883884e-01
3.838393949673647443e-01 4.289163337223516614e-01
-9.378975495347251501e-01 1.338912829293472384e-01
-3.059851299751322196e-01 9.449787869548370578e-01
-8.167082504355580030e-02 -3.030447821668321162e-01
-3.813467432287635517e-01 9.201432323281778514e-01
-3.076397965883432839e-01 9.383795048249574666e-01
-3.424613891014710587e-01 9.332582184935516167e-01
-5.560272915136664773e-01 7.291320049114412560e-01
-4.748812766330242074e-01 8.706181505985537417e-01
3.889536147357270379e-01 9.028654892980331192e-01
-3.670569486420821592e-01 9.251546147240259366e-01
-2.035614911430157770e-01 9.579283621137517635e-01
-4.893567309157962342e-01 8.299565013424304860e-01
-6.044561408034221373e-02 9.675790495024225724e-01
-2.986632594061742751e-01 9.481800593316291881e-01
-2.816693921004132517e-01 9.560540028894324305e-01
-3.872973882353466513e-01 9.190024145549361423e-01
-1.920873975163385761e-01 9.728408629022531340e-01
2.380367562730315301e-01 9.595737962490076267e-01
-2.753378164088103319e-01 9.475931640879436957e-01
-3.586008335337952380e-01 9.225822640989032042e-01
-2.203008254092700124e-01 9.719771452854391036e-01
-5.198157484371450643e-01 8.485393647678457496e-01
-4.203898132520194619e-01 8.978708467240705815e-01
-6.688565087419958699e-01 6.323067556250795418e-01
-2.464237700395887076e-01 9.578571772401166529e-01
-4.108746301435868831e-01 9.001033271986821349e-01
-1.190145195725315075e-01 9.618025192775963017e-01
-3.194797333541963269e-01 9.374391437786343539e-01
-6.902559211440335574e-01 6.976814494428985602e-01
7.113469661276033973e-01 6.731579522279803607e-01
8.943086350289627395e-01 4.107162754468651200e-01
9.466387284296234883e-01 -1.755021215847332450e-01
-1.597447643698726993e-01 9.843989328096204305e-01
1.065847208344970348e-01 9.911269302406701120e-01
-5.791230195694606619e-01 7.805908909921828176e-01
4.536478957143910695e-01 8.774704131442302435e-01
-6.418907811117773310e-01 6.892400012411116217e-01
1.604309053502998295e-01 9.672749220413344728e-01
-5.722766846977371813e-01 -6.394634203668986272e-01
-1.338858246023089948e-01 9.812399084515344150e-01
1.944143181919769092e-01 -7.985293384801142036e-01
-2.537227268856604434e-01 9.632147084045868946e-01
-1.030879109665087529e-01 9.905377746544073991e-01
5.772720504405944864e-01 -5.485831238819914857e-01
7.758431820514871680e-01 6.219399509428691353e-01
5.268417329932066906e-01 8.424979796242199059e-01
1.930780133185471814e-01 9.505788414699480882e-01
-2.015359063823352059e-01 9.631696325547559612e-01
-5.595376636596125497e-01 8.271701172027214888e-01
-3.750129374703609075e-02 9.972729670071468489e-01
8.888210193601475684e-01 2.451871729884278761e-01
3.900304660511800803e-01 9.100474596246141967e-01
-1.847302875500835828e-01 9.819455723335704933e-01
1.164183698953076031e-02 9.905488502049847321e-01
-8.407771061049590378e-01 5.383806046512786825e-01
-3.269601561912106047e-01 9.441657060794140799e-01
3.270288387489343473e-01 9.141546139161877971e-01
-2.853618854651017722e-01 9.523796755828284333e-01
9.684858756196278451e-01 1.600099712221070281e-02
1.325213794962956104e-01 9.498306576789796729e-01
-6.256697342682179253e-01 7.534507218152693975e-01
2.398074548080603996e-01 9.497433357099734907e-01
-3.692782030885695121e-01 9.214519605115503165e-01
-1.377504759251249773e-02 9.974339193067014442e-01
6.967064613199559775e-02 9.945485713452670851e-01
3.661979525202177510e-02 9.938045526252725637e-01
6.803047722276819309e-01 7.229253161830252461e-01
-9.342143694567254242e-01 -3.432592062403895805e-01
2.943687684003059579e-01 9.525242166215148742e-01
8.426428840953077426e-01 4.588447687589012891e-01
-7.175315100532352053e-02 9.874246419248845497e-01
-2.966406060200518779e-01 -9.409791393164186335e-01
-2.217019917369792148e-01 9.613666477352437179e-01
-5.142130900484390699e-01 8.452333286225223175e-01
-8.645061300993285291e-01 3.771155767877974463e-01
-9.340759466332168026e-01 2.224668298697375368e-01
8.768197776819892653e-01 -3.210059560509911369e-01
-4.803515965052450043e-01 8.601078982658786343e-01
-4.510941249616222670e-01 8.717078773869113562e-01
5.983917835543891561e-01 7.937725618934136085e-01
-6.275048796583662103e-01 7.189909882561340559e-01
-8.515956967542100964e-01 4.553371409344483811e-01
-6.128666047663201555e-01 7.090669290943767411e-01
-6.751875917919544223e-01 7.002079972552184284e-01
-7.013223468584063314e-01 6.756974246767711856e-01
-6.624813072120487867e-01 -9.115413091686574987e-02
-4.780826232594090341e-01 7.099173781970721242e-01
-3.064654498218297718e-01 4.268807258953845607e-01
-8.426353366012411250e-01 3.084069707799361737e-01
-3.550998538244179437e-01 7.278473279234095594e-01
-6.172349183513547999e-01 7.486833391339672295e-01
-8.243798755744944362e-01 4.206424675477708486e-01
-2.300400366438561384e-01 6.161026145617614080e-01
-5.222463670975356909e-01 7.518130711868368232e-01
-6.714879692427619950e-01 7.051052104081694250e-01
-1.488408747332161941e-01 8.835949872004518202e-01
-8.221474833035049556e-01 2.153941242140554879e-01
-4.728542725620729081e-01 -2.906880471067735949e-01
-5.632083047125455710e-01 -2.190127905049170376e-01
-6.237906359874055839e-01 7.314013645431698407e-01
-6.230000886716302588e-01 6.917317860071361402e-01
-8.315850508131329422e-01 4.775889324620044563e-01
-6.162739890929629372e-01 7.295418597810601202e-01
-6.917977613775688761e-02 4.435074001252631848e-01
-5.594122309269453641e-01 6.448460810588364511e-01
-6.064291460449271476e-01 7.556854695592183369e-01
-4.341262619821883439e-01 7.868596815503194897e-01
-5.749810398182281235e-01 7.418943221899493290e-01
-3.638401448418790429e-01 6.671402676736772897e-01
-4.026515446033805956e-01 8.384420460553057008e-01
-4.846633671429021462e-01 8.140438064499353477e-01
-8.204811189304499486e-01 5.853515782362351400e-02
-5.449288414926596325e-01 3.776154487344599714e-02
-4.557773193128123457e-01 7.850017104137846369e-01
-5.940539595289733299e-01 7.306708590821638927e-01
-4.160451621356823226e-01 7.465074423703492723e-01
-5.279850021186337505e-01 7.115320525076709313e-01
-3.301486112614788748e-01 7.851934677319609701e-01
-5.870852173709736332e-01 7.398393374317462357e-01
-7.159463527975525876e-01 6.684612952538626640e-01
-8.442511204723991414e-01 4.728938558396520997e-01
-4.107739035046720777e-01 -1.609004053875654761e-01
-8.415559021841243492e-01 3.408099602408263817e-01
-5.511966705296350577e-01 7.369826743083068843e-01
-5.362512755244881468e-01 7.385855549784796636e-01
-9.102619029862766276e-01 3.289741962091095595e-01
-5.561236720330264838e-01 8.046860490184820636e-01
-8.456713072714348023e-01 1.760827382626626303e-01
-8.171502718860197412e-01 2.646415112970990635e-01
3.350218716431878074e-01 1.771942552587457143e-01
2.611469770760735942e-01 7.737297690274290707e-01
-7.056678741835029633e-01 6.662125774956356716e-01
-6.803131238760488086e-01 3.579411290342913166e-01
-8.078101294926072207e-01 5.258724474873101018e-01
-8.384049957981624113e-01 4.875633450498040311e-01
-8.672864689375485714e-01 3.355413917926207135e-01
-7.659855100211355738e-01 5.824539237516561663e-01
-7.771941590921712661e-01 5.810298548272170294e-01
-7.909969833589606258e-01 5.188733385388428765e-01
-7.116204060466292391e-01 6.558222295318266726e-01
-7.241506148042597957e-01 6.565172656659142847e-01
-7.609092320768796602e-01 6.037481360964376265e-01
8.331687884064553282e-03 -1.078056814544818276e-01
-8.251969895553156187e-01 5.169719785885830143e-01
-7.682907770329882036e-01 5.698888633562748662e-01
-7.004245586816016944e-01 6.339968368208741545e-01
-6.660002764552992449e-01 -1.979646083752054087e-01
-6.576458890707020943e-01 5.864440417637509784e-01
-4.497357518718820280e-01 7.201466212536770106e-01
-7.484333701730483401e-01 6.121850798039156771e-01
-7.365697804677261429e-01 6.376187573536471476e-01
2.736049648807946724e-02 5.723742334253161257e-01
-6.915883572481990038e-01 6.844268132755545464e-01
-7.880782761829240313e-01 3.009350431419825500e-01
-7.557625680409385538e-01 6.093822994846695984e-01
-6.783930127270776378e-01 6.842101331428777078e-01
-7.644869451841619368e-01 6.101695663646498069e-01
-8.524624084109999611e-01 3.639389081883683263e-01
-3.712936312057043553e-01 8.437535666759613528e-01
-7.736433321793920737e-01 5.484531251511517436e-01
-8.360901957966460074e-02 -3.528424476035829094e-01
-8.450668779313267320e-01 3.779673850735231211e-01
-7.060857489245767615e-01 5.976534675481213199e-01
-8.134490607626890801e-01 5.069047894246314634e-01
4.521130714067462808e-01 6.244009112538998485e-01
-5.728499593416058744e-01 7.767104960394390911e-01
-7.078626547096321664e-01 6.121954228870553072e-01
-5.170806693186472680e-01 7.753066540329973666e-01
-8.254879448951826237e-01 4.947838325148988248e-01
-4.869883026197882603e-01 3.013007421596339275e-01
-6.990801951079983478e-01 6.443908685854327079e-01
-5.338002059509312502e-01 6.129606451203472028e-01
-6.790225883209783930e-01 6.943471739247318864e-01
-3.610947371740006462e-01 5.066377426492816305e-01
-6.679136352428440837e-01 6.600453260264219635e-01
-5.970419482192992344e-01 7.001480625747856790e-01
-1.171658865680685058e-01 7.278993120492845970e-01
-7.262875089251883409e-01 6.321556623884582171e-01
-8.172177361175990695e-01 5.451290620079966009e-01
-8.112735594505146031e-01 5.173241843148130847e-01
-7.407995052182319018e-01 6.187542248423505420e-01
-7.670084285790873535e-01 5.921389833089523158e-01
-2.774204824462093155e-01 2.529677611776433022e-01
-9.364520736858846783e-01 1.078248424616147366e-01
-7.219878051955702647e-01 4.858647328757997319e-01
-7.831209057854598976e-01 6.060382994125143030e-01
-7.249608840548456001e-01 6.434964686763606778e-01
-7.782169008993761183e-01 5.362610265917534536e-01
-7.494028929474362277e-01 6.216988453774986434e-01
-7.115819376093031057e-01 6.729935448357724503e-01
-8.249888292610970675e-01 4.111548395264505995e-01
-7.151172324921630796e-01 6.372626255674622708e-01
-7.525767691382470037e-01 5.176680879025774562e-01
7.411996273169183524e-01 3.858490465766991478e-02
-7.458398489741525639e-01 6.278830584111648738e-01
-7.602847426318221080e-01 6.328251246787736095e-01
-6.515712214250305445e-01 7.215546955525991013e-01
-7.902537506569519143e-01 5.443400973574735735e-01
-6.864417869163949026e-01 6.847522684009210714e-01
-7.566376399421624876e-01 6.184816022715204920e-01
-7.761446120283882477e-01 5.919635091329904508e-01
-8.684512901349991099e-01 4.304549256230340015e-01
-6.608245108497402542e-01 6.959023618759383467e-01
-4.533705120982010617e-01 6.450331784592959750e-01
-2.722465508033107828e-01 -1.613291063839936701e-01
-5.618001850494728222e-01 7.604995154470930441e-01
-1.329843843173857953e-01 5.567316690892267772e-01
-1.949962573547812938e-01 2.413642038817925568e-03
-6.531693861729735984e-01 6.927517276308543526e-01
-6.430225349872593643e-01 7.182567789920515366e-01
-7.760299112533185495e-01 1.548228295956806666e-01
-6.694202271548297389e-01 5.202256580576291034e-01
-6.343908417700501179e-01 7.065375983540707061e-01
-8.278918547853640897e-01 -3.857866706418077579e-02
-7.212340625469866318e-01 6.651293891450565932e-01
2.489236297814566012e-01 4.660061998481751511e-01
-8.302230126561768175e-01 4.361960954364265119e-01
-6.054266297910508854e-01 7.333460599131266244e-01
-7.310628115887178868e-01 5.981109373443280752e-01
6.507982054710642617e-02 2.848580924669527614e-01
-6.941607284806879941e-01 6.771425137181367182e-01
-6.456562260774848516e-01 6.541583499985008654e-01
-8.365607379439351510e-01 4.968952678672640122e-01
-5.671533094580856194e-01 7.217413938815334662e-01
-7.812385107063343215e-01 4.631450710669922088e-01
-5.768871045466256176e-01 6.721515803544255707e-01
-7.294679101719854231e-01 6.503029423696540245e-01
-6.293988222697246560e-01 2.006450741166580787e-01
-7.455912565399152037e-01 6.424852488496327618e-01
-8.199792989131059473e-01 4.001516333003359849e-01
-7.919813464024187954e-01 5.807936458479383557e-01
-2.439114727404043115e-01 7.841646565715491013e-01
-6.946723121776771093e-01 6.544280705753510174e-01
-6.724986818946280254e-01 6.768665455124119879e-01
-7.573655942869094160e-01 5.961349762618494141e-01
-8.289657984071147068e-01 5.093939244335052852e-01
-8.062994558355177643e-01 5.673071078950394641e-01
-7.992748063981350848e-01 4.959257583409835135e-01
-7.391600792772888839e-01 6.291117409251080206e-01
-8.814058221085075973e-01 3.831276544835239828e-01
-8.736486376216764382e-01 4.128563449914987582e-01
-7.913358797370817488e-01 5.618623310450928665e-01
-8.476442280316925926e-01 4.619536423258825963e-01
-4.728304153452391190e-01 7.841234461173305359e-01
-5.918670452714802632e-01 7.636175823332503887e-01
-7.410003887155907076e-01 5.698089054584952740e-01
-7.663715669534348907e-01 5.985116548263994529e-01
-7.786102060061170782e-01 5.654145103669040440e-01
-7.406935148520827905e-01 6.499148698588439466e-01
-7.792456976876811492e-01 3.664089921883324497e-01
-7.979275017578388862e-01 5.536157406759217858e-01
-6.997733478402755614e-01 6.836796268907705532e-01
-9.023928914773916565e-01 2.922414002677050648e-01
-7.957170173036808292e-01 5.734623383492568616e-01
-8.226174696278836240e-01 5.331415692127010608e-01
-9.173820700625667790e-01 2.470147132255937072e-01
-8.120838407701602701e-01 5.570213864015388650e-01
-7.843561793796531845e-01 5.766592587240294554e-01
-8.008457920304475897e-01 5.365030219986285376e-01
-8.771847991257509802e-01 3.984639367436695334e-01
-8.554252929559976737e-01 2.732640433829153226e-01
-8.561284694466093637e-01 4.439125038913829258e-01
-6.413247759426831118e-01 6.959379191365717698e-01
-7.664359550446621094e-01 3.643128753302148776e-02
-8.051018383798335121e-01 1.849858057778166753e-01
1.956701437768887664e-01 -2.321900688684039316e-01
-5.184140223044574336e-01 8.228391505266999806e-01
-3.934222632276989096e-01 7.826816417663980952e-01
-2.822030463709473413e-01 6.655231814208321106e-01
-5.375331254930729719e-01 7.783916300597305549e-01
-8.936634087513217750e-01 -2.109635124939942541e-01
-5.398553186124710468e-01 4.785419645569812253e-01
-6.632796980072190873e-01 7.097801797623956022e-01
-8.146868293416210660e-01 4.589950545501746970e-01
-5.012423705801669627e-01 7.776587930992695519e-01
-6.395820401076666162e-01 7.273778164889134201e-01
-6.823868795903377527e-02 1.599667601428279573e-01
-4.446981249705758144e-01 8.552309236547811500e-01
-3.229482961339670832e-01 -4.807441074593651331e-01
-4.403707967844934235e-01 1.915872242993776065e-01
-8.252409034726119197e-01 2.321423293220034323e-01
8.543645896195314338e-01 -3.820843510056839420e-01
-5.791135632578988668e-01 7.658825948860520372e-01
-7.215334248519736926e-01 6.097770067274376204e-01
1.193580516464901736e-01 9.472612740150588850e-01
-1.008087907248501891e-01 -5.080756028243461619e-01
-9.421913096979592783e-01 1.646778256466900070e-01
-5.779015977571115847e-01 -5.645146133440402947e-01
-4.020068545483450051e-01 8.614050552036179864e-01
-3.439596528561498223e-01 -6.184669462503330495e-01
-8.536512902073554176e-01 -3.142061324352938834e-01
1.771734406356367253e-01 9.105840520646237835e-01
-6.312461679862121366e-01 6.893735197959978134e-01
-9.211577267099068100e-01 -1.949328652574802145e-01
-1.182636724506186676e-01 9.171104691737639314e-01
5.907389569115637507e-01 4.320050005677431582e-01
-8.171130601071499022e-01 4.903798977038649753e-01
6.878512342579949923e-01 3.638552302770960423e-01
-7.039149189233796511e-01 6.207491338404756975e-01
-2.347249713212224906e-02 9.381372545457499212e-01
5.817314093407945919e-01 -5.367547275097130921e-01
8.887569079840144104e-01 2.606697554687570917e-01
-3.886755574255823520e-01 8.057363538415099891e-01
-8.987049847991197549e-01 3.733255781755022706e-01
4.230428438574670991e-02 9.550783308561516805e-01
-7.788479371971480658e-01 5.164892608475708524e-01
-9.861831271954101252e-01 -2.842586747142327938e-02
-7.144970452707558595e-01 6.719813461780043129e-01
-9.101700469900704249e-01 3.139769255593546915e-01
-9.483329741081285569e-01 9.393325449440351194e-02
-8.482471983870282228e-01 4.056837450478554818e-01
-8.334265800886329068e-01 3.290420188787331335e-01
4.852879936298555297e-01 7.740889961312091838e-01
-8.825161016082840870e-01 -9.548351500285250093e-02
5.945631933417862003e-01 6.742386477505876718e-02
-7.744974840663766402e-01 5.556903532792972777e-01
-8.712859507534568282e-01 1.891463220112516719e-01
-5.621423339234141725e-01 6.976798869271481074e-01
-6.286302043466395206e-01 7.322212482843982739e-01
-2.152793350923704607e-01 -9.278243320635851665e-01
-5.498590425401811421e-01 7.641505577828345830e-01
-4.451008217441363435e-01 8.109533060098711443e-01
-2.141709124420740074e-01 8.778711244163649452e-01
-6.101878489551311180e-01 6.462811760291158336e-01
2.283114452581246068e-02 -4.248674694319398149e-01
-7.433327490459383791e-01 5.646847152134750747e-01
3.819049307097670543e-01 7.804464401979386290e-01
-4.342136303706289335e-01 8.592277573976563332e-01
-8.396130809849375876e-01 2.676461067068637845e-01
-8.564606854805781877e-01 4.377107112586933746e-01
3.813407007650828628e-01 -8.215584600739841425e-01
-8.792580351668640715e-01 2.100590032580073457e-02
-4.821940607344284424e-01 7.640101764538808071e-01
-6.055066709073219089e-01 7.576501519831767562e-01
4.670802186055120209e-01 6.650002567051915836e-01
2.472832773781447890e-01 8.778161707457795560e-01
-7.451081950375474383e-01 -1.990264338526705479e-01
-5.169405946984557687e-01 8.321302727135290178e-01
-4.000059809838851788e-01 9.131315637719074063e-01
3.401604575136639164e-01 -4.550067713409237657e-01
3.272501521959739756e-01 8.407558449220060570e-01
5.198296968028861542e-01 5.868643436009632897e-01
-5.985418958916678411e-01 -3.242839743896240856e-01
-9.228592414375793584e-01 2.475863625769115783e-01
8.299404757027836754e-02 -8.569466714283844322e-01
-5.575634166441835182e-01 8.010463611218318070e-01
-4.908498529164349589e-01 -8.098810839167345232e-01
2.200363421152590482e-01 7.929443462600770376e-01
-3.470458957003101919e-01 9.227255177546005438e-01
-7.496383786880731481e-01 6.074543932517769695e-01
-1.482104193629253108e-01 9.679742037760163953e-01
-6.836647538918595446e-01 -5.213354690069864628e-01
-5.997534494730664134e-01 7.271113550660601721e-01
-7.858914277914710311e-01 -4.128058664263067890e-01
-5.283310939978601573e-01 7.935918565954223070e-01
-4.672575447474244803e-01 8.475848510951354831e-01
-4.892763419289384852e-01 8.348140442646859727e-01
6.366974518765928792e-01 -1.370749940958941038e-01
8.942814753917297521e-01 2.697292706631890160e-03
-8.227844496053954293e-01 4.580867179321489457e-01
-1.810943746963619982e-01 9.327171065599285660e-01
-8.148756035199254955e-01 5.386373770183682241e-01
-3.019253436926911394e-01 8.943662279699832185e-01
6.268678883424667614e-01 5.808492910694275091e-01
-5.756245903899652738e-01 8.150381774350200503e-01
9.379179826294128386e-01 -2.718683203247204694e-01
1.155768642069811142e-01 9.926336915972194808e-01
-7.026722822663090673e-01 7.107838718050120130e-01
8.917374167361961090e-01 4.187951089340096189e-01
6.660353907878057145e-01 -6.651751522815149142e-01
-8.945421863664225759e-01 -3.773933212419033345e-01
-6.223962296052439058e-02 9.703101557250531917e-01
5.998714519013512714e-01 7.567949275411817167e-01
8.723226717064341829e-01 3.322329159430181811e-01
1.297007228692673708e-01 9.582936463018297824e-01
2.853513776957068426e-01 9.231468289247181103e-01
5.482220760643009561e-01 8.176356934715479641e-01
2.034100662693200390e-01 9.365688759084774828e-01
8.015119155702180587e-01 -5.926534194157763169e-01
7.909993386267832882e-01 6.022264895165024834e-01
-8.605867930575559210e-01 1.725784095963366627e-01
-5.925052048193859555e-01 -7.416379231417451479e-01
3.657464453049211889e-02 9.798408853325059065e-01
-7.926504815557711137e-01 -5.790325382181905622e-01
-7.745315917957473761e-01 -4.434715119949632078e-01
9.904475195670091603e-01 3.515051783742856317e-02
-1.992228563708358935e-01 -9.324103559353847936e-01
3.474987867262448876e-02 -8.733984770697730271e-01
9.272090359942547488e-01 -2.072693676542643193e-01
7.501277397576033845e-01 -3.968742196854392890e-01
9.323856501850592560e-01 1.435454053988764744e-01
1.978393838389964077e-01 -9.566697682417412141e-01
-8.805221704829611085e-01 -6.887459056524312950e-02
-9.391572640083402090e-01 2.772803055172177733e-01
-9.180502287505157843e-01 -2.159550492939358857e-01
-3.518136852365048584e-01 -9.316395116885491934e-01
9.061810365903427700e-01 -3.676494690504491514e-01
-9.310009881839957924e-01 3.541511155599341709e-02
9.330886600848833368e-01 2.463849780668011247e-01
-5.032069580835827338e-01 8.467903011234066968e-01
5.348222746913307013e-01 -7.065514986045413615e-01
-6.789807489849107869e-01 -6.592344088884316555e-01
3.262222194197015868e-01 8.628003010576397180e-01
4.743453895003520437e-01 8.708826549723160948e-01
6.834376734747159565e-01 7.177766475146544201e-01
9.641236028331495733e-01 -9.591733469292226810e-02
-6.028351661446910287e-02 -9.285313772136389865e-01
7.211474954805003890e-01 6.528826278272004124e-01
4.673924923676974763e-01 -8.125667558604341423e-01
3.258544428688481265e-01 -9.152426065793988208e-01
8.245041189099339141e-01 5.145606657688602814e-01
-4.814650846614327295e-01 -8.430295873036859344e-01
-4.754242216250036956e-01 8.549044115094965868e-01
-4.159569835302880381e-01 9.014999827376608543e-01
-4.894496938075836301e-01 8.614702739856013869e-01
-4.766297444218842716e-01 8.718663691918308034e-01
-6.181680499963615461e-01 6.821587559496714581e-01
-6.137152404102127479e-01 5.552475667215382993e-01
-5.358442529361605589e-01 8.239952809863433369e-01
-4.389328734745671645e-01 8.908811284207108772e-01
-4.260479044554236205e-01 8.994043668120338397e-01
-2.880922406140260308e-02 8.432218213893251102e-01
-4.434638392834206466e-01 8.882359587125585598e-01
-4.272463221093377173e-01 8.935537900636033593e-01
-3.655532336568012020e-01 9.167823900265084092e-01
-3.916107385417072484e-01 9.117455844469543047e-01
-4.303613724832002774e-01 8.922379157040110087e-01
-5.394612504076641279e-01 8.108024887026014094e-01
-4.137762705675982478e-01 9.045585904886163098e-01
-4.973247097773824121e-01 8.480900091852624501e-01
-4.059790144464937023e-01 9.078476850864701797e-01
-5.746952076727996905e-01 7.417519583555517437e-01
-4.296158787667863077e-01 8.982745591284370112e-01
-4.461725280362068835e-01 8.864821724889361265e-01
-4.638266432852034549e-01 8.787793810673868444e-01
-5.220545385538991612e-01 8.394539315791779144e-01
-4.368517017718383522e-01 8.918549495974547048e-01
-5.175172791817279627e-01 8.308003228531891660e-01
-4.862290910019116397e-01 8.636988439977164589e-01
-5.048480105840336130e-01 8.326273803189901956e-01
-3.378728578268481719e-01 9.295481556879782170e-01
-3.741111164695823943e-01 9.178359742664140564e-01
-3.788763356486107847e-01 9.178694563507037163e-01
-3.808418962357046911e-01 9.145514141218801241e-01
-4.598622202229027955e-01 8.663379096798178303e-01
-4.835809765917147285e-01 8.495288020225102432e-01
-3.944238366441632504e-01 9.101445871237581198e-01
-1.478558043432410818e-01 9.492439059245979527e-01
-5.466487648090455620e-01 8.042379736775152610e-01
-3.855485012255212007e-01 9.101839121704894398e-01
-4.221880900062241482e-01 8.943063334933755160e-01
-5.260962271203168950e-01 8.267399508506559913e-01
-4.770448135566489611e-01 8.662905072931252892e-01
-4.103445640813984108e-01 9.016336762760136514e-01
-4.406089769319478378e-01 8.892678973192598146e-01
-4.519328325310678629e-01 8.832287474262603411e-01
1.200265060955294366e-01 5.034826723303231777e-01
-5.013667336485093662e-01 8.553195777829437629e-01
-4.230572860143030356e-01 9.001907317601892666e-01
-4.011456160352737110e-01 8.980969512972127866e-01
-1.894889893719713114e-01 9.268313566916690505e-01
-4.443325553558006291e-01 8.831608474531820185e-01
-5.146323246137755048e-01 7.968170700955838903e-01
2.675837351189627733e-01 5.405158039669941128e-02
-4.074788023325013886e-01 9.019804784449118040e-01
-5.113450617627622874e-01 8.451757753195550116e-01
-3.581285413460195688e-01 9.243137464767473555e-01
-8.469198171874540160e-01 9.618545986993166930e-02
-3.482544566815244935e-01 9.253321372910285891e-01
-3.053958134560951776e-01 9.297422991635443390e-01
-4.499479089525768583e-01 8.864863098011989129e-01
-4.575887794496589223e-01 8.733656922110526466e-01
-4.356855725948733937e-01 8.949554538951248750e-01
-3.617084943664996555e-01 9.185232849838015357e-01
-2.752905336394704250e-01 9.037181112393560811e-01
-4.326544178927630435e-01 8.966929807122936413e-01
-4.173571815016212105e-01 8.983448783103129553e-01
-4.534747672028252574e-01 8.814429504936337478e-01
-4.010990571253875703e-01 9.098320851521052299e-01
-2.181480990890515559e-01 2.847039422102991546e-01
-6.127251756692035922e-01 6.495296679172282150e-01
-4.167215499981494209e-01 4.291918601882444562e-01
-5.744217300412964855e-01 7.826353705969615326e-01
-8.443658315945285278e-03 7.148483268935739154e-01
-1.344502577075312455e-01 8.714349599349274778e-01
-3.162041391814178759e-01 9.168854956312854076e-01
-3.234700587738432165e-01 9.338663463287820710e-01
-4.934390662575301456e-01 8.571612046055266942e-01
-5.601975792111310026e-01 7.883761851580709523e-01
-4.663471445426652373e-01 8.699221133866494871e-01
-6.158013716957467798e-01 7.286926027750860735e-01
-5.071779287527209412e-01 8.500810839208080560e-01
-3.192921759070834614e-02 9.492054300926323629e-01
-3.972981649891239031e-01 9.083374624226943084e-01
-4.112739296479703266e-01 9.072105145046513996e-01
-6.026865757089242548e-01 7.637997782386273249e-01
-5.487445067799868736e-01 7.630303376956765193e-01
-3.308623440885025691e-01 9.209760029512330526e-01
-4.206723125300873001e-01 9.025754395601699454e-01
-4.015530031173934478e-01 9.056852520813335472e-01
-3.708136573739193032e-01 9.175016599989607169e-01
-3.872092235545936956e-01 9.136671272965900537e-01
-4.825192192055029472e-01 8.680321080511630427e-01
-3.715231317991616322e-01 8.895405248602781256e-01
-4.714965053895195379e-01 8.775137688895070509e-01
-4.627979434936527747e-01 8.830249263314433605e-01
-4.594938139252889853e-01 8.854329380110264047e-01
-5.177108054533408055e-01 8.346995905286483941e-01
-4.188260239026245224e-01 9.019827155017910991e-01
-5.012512605703705049e-01 8.473261274871370929e-01
-4.602656464015705828e-01 8.831647288015713748e-01
-4.507663917294089106e-01 8.898310399444648855e-01
-4.279858275567322012e-01 8.988106367748303072e-01
-4.462984574737204335e-01 8.894601941773585541e-01
-4.456378686199804484e-01 8.910091467805766330e-01
-4.148182284770915440e-01 8.971154812573409743e-01
-4.812781454442550122e-01 8.658101268453813892e-01
-5.494929798463479287e-01 7.914934125760256789e-01
-4.357293120040831025e-01 8.972594523119653553e-01
-4.320207145854232933e-01 8.973137777152796479e-01
-4.439797261874346979e-01 8.922112209030401697e-01
-4.003730179724359073e-01 9.028717248122780648e-01
-4.839902309461153185e-01 8.274680841178468915e-01
-4.664619087003404330e-01 8.823140009205383549e-01
-4.732468882140057898e-01 8.748445811202774092e-01
-4.635569850164704131e-01 8.813188567552175945e-01
-3.878768605404087078e-01 8.763162175529192188e-01
-4.416791780156558711e-01 8.914120332752057951e-01
-4.383684121951771928e-01 8.961130351182414744e-01
-4.445283551933135180e-01 8.909026862226033794e-01
-4.904921337677623505e-01 8.586091289994283171e-01
-4.556933928515929377e-01 8.843761223042422293e-01
-4.649318186020842125e-01 8.542076731066837736e-01
-4.299428620692168357e-01 8.980919995656241328e-01
-4.532705314224243498e-01 8.891959190372583643e-01
-4.550907383606867529e-01 8.853335904832805303e-01
-4.784760671895606499e-01 8.714161728730114298e-01
-4.611877085372908525e-01 8.827227505723772571e-01
-4.872617904150626789e-01 7.872383647788560035e-01
-4.553708635942330663e-01 8.878865348486576492e-01
-4.946361064160219589e-01 8.509806163254211020e-01
-4.496749086065599532e-01 8.862144145572491416e-01
-4.522144519948516073e-01 8.885629845327451815e-01
-4.421713455924630165e-01 8.939253352627932747e-01
-4.689813032009751970e-01 8.795067249594292758e-01
-4.656687137442681035e-01 8.787783848442005663e-01
-4.490548086125448757e-01 8.905657375929099118e-01
-3.935206994172819606e-01 9.003100809859445608e-01
-4.220730962419814158e-01 8.928237355149218901e-01
-4.448853634209860020e-01 8.919493537194217447e-01
-4.566041763728764802e-01 8.871452671231367937e-01
-4.431428033733808558e-01 8.933143174006938914e-01
-4.332843100466590713e-01 8.877609164520580132e-01
-4.511948397939235522e-01 8.872805062178774627e-01
-4.512611180996651816e-01 8.890736363332539804e-01
-4.036458097691967839e-01 8.937972450044207040e-01
-4.395958247988219769e-01 8.909651921310166589e-01
-4.764408789670252498e-01 8.735553416061831999e-01
-4.544574218294911150e-01 8.884355995265265094e-01
-4.587273596441329149e-01 8.840529229242862774e-01
-4.480856664038067039e-01 8.873270838304671004e-01
-4.497771291081617551e-01 8.897762337231881480e-01
-4.578264152051876867e-01 8.852967426929105876e-01
-4.635033797411507450e-01 8.764860817451289865e-01
-2.894803398980387854e-01 2.946614502865483876e-01
-4.337630896098780831e-01 8.926561328733472189e-01
-4.523072218372746756e-01 8.847229534672117479e-01
-4.526876564661138636e-01 8.870195343267772703e-01
-4.992899511053534023e-01 8.145230438423812780e-01
-4.405640627153489808e-01 8.935100676622517168e-01
-4.377871156154174437e-01 8.936904062267837512e-01
-4.395086459478632634e-01 8.948692651882895754e-01
-4.579420380902086141e-01 8.868498614596945773e-01
-4.367598691527959653e-01 8.888795403314220245e-01
-4.552578687087088238e-01 8.815092416335686965e-01
-4.543861905614030583e-01 8.865978086063112107e-01
-4.210150285091304734e-01 8.983776917861907574e-01
-4.340187157537817586e-01 8.967672686256338288e-01
-4.465657906587198744e-01 8.914880919248074909e-01
-4.607971756805171459e-01 8.845609987281400910e-01
-4.644712363022450718e-01 8.799667670199485814e-01
-4.168209914490763612e-01 8.448493460180426240e-01
-4.257458020412349664e-01 8.753289136213130428e-01
-4.397946753475488468e-01 8.351116349281491047e-01
-4.570743271874974645e-01 7.898606268513338469e-01
-4.842790884797794626e-01 8.625493885727910648e-01
-4.487946913975249252e-01 8.891906261677878787e-01
-4.477192988241283644e-01 8.913801234542425567e-01
-4.722390945702716336e-01 8.616997851085538285e-01
-3.792905080940277562e-01 8.943009871268093880e-01
-4.775558839294253843e-01 8.479144815259661572e-01
-4.093033748919001069e-01 8.974022361060857156e-01
-4.156662717297522902e-01 9.029887576841039154e-01
-4.699577801724196813e-01 8.750506955851068414e-01
-4.251875376887134794e-01 8.994537098408500464e-01
-4.650310491037306093e-01 8.695443684058505873e-01
-4.285375014423512541e-01 8.941506303171051773e-01
-4.478284227593044564e-01 8.903005678953693769e-01
-7.119425559249329405e-01 6.799182748430673273e-01
-5.978758748347655638e-01 7.737614321590884359e-01
-6.661391467276077671e-01 7.041806894307345299e-01
-7.874351460522897028e-01 5.887993810149170226e-01
-6.157730861711948611e-01 7.575996791159332888e-01
-4.143264721285146168e-02 -5.744585883949050731e-02
-1.896479085851250912e-01 4.671803237743528125e-01
-7.481931163623272152e-01 3.472853167482747860e-01
-7.411290763115401248e-01 5.679817876795326681e-01
-8.668710418346791124e-01 2.403811965217831081e-01
-7.597762263348820655e-01 6.234296378363637370e-01
-6.422089697079497173e-01 7.217448368159643524e-01
-7.291565006341191868e-01 6.456415831429430652e-01
-6.136919705346357556e-01 7.338697276956314131e-01
-7.378663283219957236e-01 6.381305563231678413e-01
-6.835308354031801592e-01 6.946196044736923092e-01
-2.267936061728335617e-01 -2.226096154044782671e-01
-5.589749214585987280e-01 -8.435043836096975389e-02
-7.460723163514203504e-01 6.037767399784048639e-01
-5.797935865646908216e-01 7.896901008444996428e-01
-6.040824836679157261e-01 7.705956527579332915e-01
-5.887464177718264580e-01 7.854466119879549568e-01
-5.970976824390378246e-01 7.576619692961258368e-01
-7.623942127740827024e-01 5.626648076185274405e-01
-5.166441756074088287e-01 7.996545302185261717e-01
1.985205038289524770e-01 6.094830079227731012e-01
-4.277889387576494507e-01 -2.092071552410047774e-01
-5.375545865687502145e-01 7.934976893157772437e-01
-4.892545891654339618e-01 8.448677218242566234e-01
-1.510157659578791056e-01 9.216855442525334619e-01
-6.601392629504414522e-01 7.242348860505657404e-01
-4.929622546005928418e-01 8.241787982955015579e-01
-6.199180135458494112e-01 7.528440846027322220e-01
-3.942423716126006727e-01 8.700707272579148999e-01
-4.644386865615338089e-01 8.666640133942508095e-01
-6.992955512138682161e-01 6.165414882058926072e-01
-6.303565283470835556e-01 7.413045466632238734e-01
-6.418509918840179518e-01 7.411642942473650741e-01
-5.047862120832898869e-01 7.503783839877360418e-01
-6.234161580941293135e-01 7.504328861572487908e-01
-5.080050165462749456e-01 8.101928734672919630e-01
-5.701413350233304200e-01 7.930776359256189734e-01
-4.774468531947812511e-01 7.923743760037268435e-01
-5.288415569768960545e-01 7.955276122908963021e-01
-7.187323416081760064e-01 5.331707647076575629e-01
-4.553424513872179613e-01 3.222114847468047771e-01
-4.618619102878521732e-01 6.838122349030923974e-01
-6.438956859715568859e-01 7.006293939355094924e-01
-5.374395775361739958e-01 7.552018485419257354e-01
-4.354854541542940716e-02 6.794964475543453508e-01
-6.361746820087935683e-01 7.454457535652356803e-01
-6.655541643855378275e-01 6.729505996584174143e-01
-6.536116314677197225e-01 7.215316339376949273e-01
-7.168082812307625673e-01 6.330001792184350995e-01
-6.042143276300793175e-01 6.908065423904203861e-01
-4.259259298028886254e-01 8.587237931172206906e-01
-8.009975654626828589e-01 4.880996303403171699e-01
-4.028401973278962211e-01 7.843396655781462723e-01
-7.155314957919078900e-01 6.663450165624084098e-01
-6.969355794958786987e-01 6.889779539059519564e-01
-4.565290240441789438e-01 8.269103875462102682e-01
-7.406139653596270911e-01 6.210621834964341614e-01
-7.182487291681562969e-01 6.042749859522459355e-01
-6.352197490773587862e-01 7.293370195721924354e-01
-6.379643774722317806e-01 6.639605456210807555e-01
-5.816167733880918123e-01 7.725437390731059173e-01
-6.716847986790908109e-01 7.154028865715448271e-01
-6.802099624417297097e-01 6.990513129005939685e-01
-5.483282409456540218e-01 4.127227410153916920e-01
-6.893390058424982980e-01 6.831221430511604797e-01
-4.394823960798807660e-01 7.883012310935226807e-01
-6.540167241184566826e-01 7.410124197624649023e-01
-3.849786927533877523e-01 8.307733496645273163e-01
-8.751924707075681154e-01 4.230380129219447616e-01
3.586252049785088603e-01 1.451985648602291401e-01
-5.916595461139255718e-01 7.619657629747333960e-01
-6.460710102878505223e-01 7.334918286205877047e-01
-5.797082424902021414e-01 7.028552158450318554e-01
-6.092938855191085690e-01 7.626801855431590837e-01
-5.672317375595397060e-01 7.793223353655240881e-01
-7.874312525617893632e-01 5.483412794189624906e-01
-6.768038225582886369e-01 7.097953018757255927e-01
-6.213784555155043021e-01 7.664896598917205761e-01
-6.332971144158391352e-01 7.514308827268907365e-01
-5.538565019587257110e-01 7.741017727367791590e-01
1.907389570589718419e-01 4.091759016584809450e-01
-5.523054985691396856e-01 8.047498726847941430e-01
-6.808721805476647404e-01 7.090222395674169453e-01
-5.316942979612839792e-01 8.171591331080836351e-01
-6.032723989998546310e-01 7.435200069468843598e-01
8.143298214209895858e-02 1.043982109813668957e-01
-6.543615705770658986e-01 7.290549252361812060e-01
-7.343993653862848081e-01 6.683267274357820309e-01
-7.363015727778918773e-01 1.716249840879280897e-01
-2.868690598823892546e-01 6.996509213226798085e-01
-8.229214237917671371e-01 4.557861593909082187e-01
-7.958322949946176061e-01 5.126677660285112736e-01
-7.765133035314113474e-01 5.261917223769120300e-01
-8.384521569050126244e-01 3.338115154313255895e-01
-7.063036866301305450e-01 6.573047146689408038e-01
-7.593884343501486889e-01 5.931117911816413679e-01
-3.397679461668466350e-01 8.380312655414418055e-01
-6.692749141110544420e-01 7.214886220355960500e-01
-5.604616812461079567e-01 8.020234503262909653e-01
-6.883719047297748306e-01 6.957550256484429374e-01
-7.026268296922638656e-01 6.683074441086421791e-01
-7.208272474053351031e-01 6.557161858541710187e-01
-7.056122065378582775e-01 6.831532469597205726e-01
7.124036543677393640e-02 9.972381310849672831e-01
5.035579234442393026e-02 9.980328040808056356e-01
1.112474136344704517e-01 9.917719704916290180e-01
-9.171058427459205520e-02 9.934176897347070101e-01
1.250102077610507068e-01 9.918515100865202827e-01
-6.682371833130430414e-04 9.938277581739412003e-01
-1.718558179177540057e-02 9.948919827282055595e-01
-4.964400755213729810e-02 9.982040558922130602e-01
-3.965079670118848987e-01 9.170947185218388809e-01
8.218349424187461338e-02 9.959380064815526179e-01
3.770078716927465629e-02 9.979912135435340392e-01
9.433180957102783870e-02 9.951598040267983780e-01
5.976774791775722045e-02 9.970263466284959852e-01
2.009539031608111731e-02 9.980789519017970735e-01
7.214535981160845324e-02 9.931343749492401729e-01
1.313912101104671992e-01 9.907065218439231602e-01
2.212438821837181824e-01 9.727488653478997271e-01
1.505655443114518183e-02 9.998254748460783103e-01
-4.419026501220590930e-01 8.944011595775653856e-01
-3.703267893020490420e-01 9.126049498361413770e-01
-4.180102173833862289e-01 9.037428080657290419e-01
-4.448066672839693370e-01 8.930023198657766059e-01
-4.154629955593703294e-01 9.048248226395830818e-01
-4.498874001938289457e-01 8.863617363510090108e-01
-4.341124869324122781e-01 8.979189744296384168e-01
-4.402943617353939354e-01 8.898785785063509923e-01
-5.111408042632623605e-01 8.271289797189155246e-01
-4.082734541531081174e-01 9.101257208331945403e-01
-4.244287235073480602e-01 9.027228185102531555e-01
-3.921072399581426171e-01 8.323522122688261637e-01
-3.992367954779296735e-01 9.069749444037532582e-01
-3.863231559539465065e-01 9.121815234278103368e-01
-4.389000615900118252e-01 8.952130789421721691e-01
-4.370678683750178206e-01 8.971499736832541094e-01
-4.112939704866573898e-01 9.054408387216813514e-01
-4.358525285534980420e-01 8.923675085972549992e-01
-4.328582739851652983e-01 8.992969009031261951e-01
-4.383642108185399899e-01 8.960096320672138459e-01
-4.348278179339602478e-01 8.955540288237339164e-01
-5.251452044859841184e-01 7.963198395150071773e-01
-4.338909474295940538e-01 8.941205388855604230e-01
-4.233432468678342553e-01 8.995334444955139785e-01
-4.213995307139790092e-01 8.986441571142798068e-01
-4.128523259634291342e-01 9.007194993617236856e-01
-4.265744608448958641e-01 9.022362260664889000e-01
-4.365427090339566440e-01 8.949097692549847771e-01
-4.298388843083922883e-01 8.995953429310191707e-01
-4.315603374525746605e-01 8.984858168055379624e-01
-4.373033282218085072e-01 8.959902664633053737e-01
-4.389822596191289006e-01 8.915961623470757269e-01
-4.729601079833414268e-01 8.681817427874874982e-01
-5.388552331953058161e-01 7.646165464256232669e-01
-4.675572517123156580e-01 8.496917053066711523e-01
-4.584658716167955284e-01 8.845312889844709758e-01
-4.462643327250470637e-01 8.879448600924279011e-01
-4.552511977462036508e-01 8.862500986292051186e-01
-4.736324289332495829e-01 8.608000765562346945e-01
-4.542149055543901470e-01 8.709155602095324245e-01
-4.661647501122445081e-01 8.769471718271411032e-01
-4.576179113461865677e-01 8.849457047825796119e-01
-4.508823871333682565e-01 8.891079051087995566e-01
-4.449257617876097859e-01 8.845355243998912487e-01
-4.602724853803845106e-01 8.721275619540896917e-01
-4.547699531314373655e-01 8.820866357098964272e-01
-4.477361397791184139e-01 8.906243040200526595e-01
-4.535025435888075940e-01 8.886651056809663496e-01
-4.550129398428503502e-01 8.881548401117616010e-01
-4.498519187858787682e-01 8.894513772987351352e-01
-4.699948855990115915e-01 8.753136460509861605e-01
-4.270004085266398408e-01 8.989710305324448703e-01
-4.457087943504347560e-01 8.917980975977334301e-01
-4.652733912546505590e-01 8.783720767157476850e-01
-4.278358200123931754e-01 8.039126269958878357e-01
-4.291482681845714131e-01 9.010208915076051150e-01
-4.020596829529223815e-01 8.965068632692061446e-01
-4.603780576685344017e-01 8.847107901792192752e-01
-4.357299530835188617e-01 8.972695008954754137e-01
-4.609648762485850648e-01 8.826965652019768127e-01
-4.322816420448833963e-01 8.892446336342710866e-01
-4.254242914524081765e-01 8.976387913129522111e-01
-4.429685351096460111e-01 8.938256806573066093e-01
-4.062805516639897974e-01 8.575993411755579166e-01
-4.251376841949890406e-01 8.993179206859363006e-01
-4.280197668132479927e-01 8.978270394618799166e-01
-4.414747339832015838e-01 8.923895992888309925e-01
-4.344801687789457967e-01 8.969283117764182967e-01
-4.438255878485745098e-01 8.925934139617227592e-01
-5.058821112558413713e-01 8.383382662168482602e-01
-4.629971107616475678e-01 8.790254235735107669e-01
-4.293602560731615281e-01 8.972762919839161189e-01
-4.404353461366163347e-01 8.948989100462898527e-01
-3.751013875333828462e-01 7.992096443589162824e-01
-3.638549529553675721e-01 8.455600307659273396e-01
-4.752131588261208073e-01 8.576366902055531094e-01
-4.832909910003328480e-01 8.567448886649772222e-01
-4.533203314381199500e-01 8.840299907442800142e-01
-4.611670215999173483e-01 8.407369182819942610e-01
-4.511689339262952569e-01 8.823624548644313226e-01
-3.955189957469308903e-01 8.941620026273311428e-01
-4.655296213561867513e-01 7.618757748604524371e-01
-4.403369808653703754e-01 8.933368106099111028e-01
-3.874218172001059890e-01 7.790970263070489121e-01
-4.791327484814255078e-01 8.465151485537535381e-01
-4.436634806742978943e-01 8.912795373479509564e-01
-4.726500253398387974e-01 8.743857953849201170e-01
-3.705940901117990016e-01 8.806857283810169967e-01
-4.072158004102082729e-01 8.994647768267362009e-01
-4.469892772621432697e-01 8.908271021669159628e-01
-3.861740394542609867e-01 8.750445585455870479e-01
-4.361134679983588169e-01 8.501441944917751403e-01
-4.032544660501183320e-01 9.048641337401456264e-01
-4.321147922828005861e-01 8.943721358088637663e-01
-4.241658096769665987e-01 8.924640008821400627e-01
-4.377576065754758550e-01 8.939077805042814351e-01
-4.627146797655912192e-01 8.818979149769445858e-01
-4.504941999036396472e-01 8.842318157796555944e-01
-4.464404429827225074e-01 8.916938259787358101e-01
-3.770731506088447760e-01 8.897555708482520753e-01
-4.628228604431360305e-01 8.172249156151391025e-01
-4.614582985919570279e-01 8.662033103664751321e-01
-4.479188054229105709e-01 8.885768622438660058e-01
-4.429428455819170440e-01 8.929167879685195874e-01
-4.327294749599680523e-01 8.974096433488575331e-01
-4.451531705634144132e-01 8.921324065063670483e-01
-4.451029374131005856e-01 8.898393522208267736e-01
-4.576086250732659400e-01 8.758348425773038182e-01
-4.772115445682861834e-01 8.669676335323029948e-01
-4.483010758214717173e-01 8.872632827724415971e-01
-4.433835769869239329e-01 8.884415722934283499e-01
-4.518983406040695816e-01 8.889613760673744647e-01
-4.766054324242237628e-01 8.305078507553940170e-01
-4.485141381730212706e-01 8.905527005366986604e-01
-4.955500614190952446e-01 8.454125860013713689e-01
-4.112426500118649408e-01 8.977178389785748225e-01
-4.560185653519391313e-01 8.855398813871735442e-01
-4.183601786408265855e-01 9.016754727178933893e-01
-4.529406230600512839e-01 8.860955900124771745e-01
-4.494640703288579897e-01 8.903117990211398824e-01
-4.519562094545354625e-01 8.877465633514307619e-01
-4.434971508836673681e-01 8.180659380942629788e-01
-4.180155890094301441e-01 8.879663701531076425e-01
-3.920348413378728081e-01 9.036667379316373205e-01
-4.306468767825162858e-01 8.964864832663669292e-01
-4.150275439652073017e-01 8.995825356930546857e-01
-3.811069985076567801e-01 9.021297288480346621e-01
-4.394792132931759632e-01 8.949468183154850598e-01
-4.412528101856051932e-01 8.945941223513115270e-01
-4.200936540132030883e-01 9.016937433281809744e-01
-4.215753081700820970e-01 9.013787118485191430e-01
-4.078484304067870880e-01 -9.130168823633860731e-01
-2.932901569048226853e-01 9.555336201865052281e-01
-2.483806006283307277e-01 9.675439546451556350e-01
-1.259731848880426552e-01 9.919989708511796067e-01
1.348362154720903761e-01 9.908678996910600389e-01
-5.696293085600241390e-01 -8.218653755534409688e-01
5.485420925592614932e-02 9.978773003052380242e-01
2.976445479360634860e-01 9.546767292245310621e-01
-5.986731593059539946e-01 -8.002469355814721963e-01
-5.057943759233838321e-01 -8.625371634829465117e-01
-4.215233300732822985e-01 -9.065072605367603398e-01
-3.620326505352119972e-02 9.993439954291114535e-01
-6.389163311609034057e-01 -7.691998274338892605e-01
-5.716792794214912155e-01 -8.200385363863171850e-01
-6.832064043919505725e-01 -7.302122462637687939e-01
-2.565690465654994479e-01 9.630548544693916524e-01
-5.221583743200544081e-01 -8.528480912912549394e-01
2.738035905526059466e-01 9.616462743760066934e-01
7.330831997835530744e-01 6.789897267622363453e-01
9.961460006699704994e-01 -8.693170395425170449e-02
-4.557115891189349455e-01 -8.900878707186626881e-01
-5.789203528250910225e-01 -8.149322935220157937e-01
-1.786087894651699481e-01 9.810405652286386946e-01
-4.119297025072035656e-01 9.108308715739313888e-01
3.135341580259443095e-01 9.495459912179373685e-01
-3.123318743070021553e-01 9.498907609233698812e-01
-1.030455009549229722e-01 9.942697278199491562e-01
-4.117447142679824257e-01 9.112675017470095451e-01
-1.238975703946011420e-01 9.921842229599276974e-01
-4.350410610727248883e-01 8.997539795166727972e-01
1.471450839793112808e-01 9.790004747281566555e-01
-4.427991495839110891e-01 8.966165999904806005e-01
-4.984685706239453951e-01 8.666094515469980886e-01
2.845604716488264740e-01 9.580580365383363217e-01
-4.153554312937113302e-01 -9.096572609884254756e-01
-3.718208848312158366e-01 9.282890109364465570e-01
-3.027129547430741918e-01 9.524680976815392830e-01
-4.630306093114344157e-01 -8.862898832808834282e-01
5.214392065377133623e-01 8.377421518476740880e-01
-3.793502654035449395e-01 9.240443241694034082e-01
-2.614270038261705120e-01 9.650433284316358717e-01
-6.098145931901941541e-01 -7.924736536077482407e-01
-4.025007559519770406e-01 9.146525681566237687e-01
-3.227301873138366251e-01 -9.464559144418105419e-01
-1.033536011715009417e-01 9.927766881904522833e-01
-7.879862688184720021e-01 6.156749775003674818e-01
4.520486848100976895e-01 8.878582809632132866e-01
-5.001444270313352147e-01 -8.658032900827713485e-01
-5.992311072812638306e-01 -8.001524651695169910e-01
-5.580528628621878040e-01 -8.298020567953322546e-01
