-7.516107617992672241e-01 -1.136481909045888028e-01 -4.918014849400776378e-01
-4.384740908566315820e-01 3.231069888060043027e-01 -5.835102848716846591e-01
-2.465169340232308548e-01 -1.697290092542736162e-01 -6.958487457748854244e-01
5.211875540441152695e-04 2.130565111999593864e-02 -8.409798529101154552e-01
-3.502010424953632128e-01 -1.449973936158759080e-01 -8.930138355886786394e-01
-4.504712928469929434e-01 -4.000631141733517193e-01 -7.425025546285158873e-01
1.252517886970173078e-01 3.010777175650968251e-01 -8.395822599102004125e-01
-5.867918176700036570e-01 -2.818334400112599836e-01 -1.422100262082759692e-01
-4.628308532274921228e-01 2.809847997875992154e-01 -7.944598988328527289e-01
-5.936300912692019649e-01 2.644158340624238046e-01 -6.179361096342570470e-01
-2.961077626815961095e-01 6.188804278165506260e-03 -8.860023042683878858e-01
-2.784822892532448635e-01 3.532926936130940110e-01 -8.538384047382672204e-01
-1.388079366949033222e-01 1.186752611980506772e-01 -9.363066277215589261e-01
-4.048614782993945616e-01 -1.123946013019989226e-01 -8.397188312020819057e-01
-2.267807634881502943e-01 -3.417569561682867740e-01 -7.753664336647778654e-01
-3.162262329176444564e-01 5.251491402444410372e-01 -5.980194284854406517e-01
-4.081644548620387281e-01 -2.782102507732132080e-01 -8.124804317431151279e-01
-7.917815005949871976e-01 5.586941479591071152e-02 -5.097881834242334875e-01
-7.418781825704783284e-01 -1.949224679161821461e-01 -5.372235532166893535e-01
-6.145888092442461925e-01 2.111839255767125334e-01 -6.890663423883571781e-01
-5.188014704485113260e-01 -4.169163372521118016e-01 -6.189587494921595656e-01
-3.950467913710546952e-01 -1.425865548966053220e-01 -8.772298557968851718e-01
-2.936460838420730801e-01 7.728026764829851181e-02 -8.893413294463581309e-01
-4.512246300794475196e-01 3.759068019601779498e-01 -3.432431977192749173e-01
-5.352275863647071308e-01 -2.534292925898181670e-01 -7.433649315063253216e-01
-6.426815938046546162e-01 -2.767662537416097357e-01 -6.602393899240602826e-01
-1.002557454673183232e-02 -2.965151021670805465e-01 -5.694392343012850688e-01
-5.875337723452569438e-01 -1.928961746276731393e-01 -7.297425686126247646e-01
-4.840549444335150997e-01 2.163628732201225979e-01 -7.912872659241464435e-01
-6.613604343300540922e-01 -1.684240072011581324e-01 -6.635081662238677680e-01
-7.086946031710075200e-01 -8.718764621760229094e-02 -6.337204707025229089e-01
-6.503333505626377464e-01 -3.312927821088899605e-01 -1.173792908456101763e-01
-3.516647600049543354e-01 -2.106716457450383967e-02 -9.029671273345263316e-01
-4.799443865079817129e-01 -3.503219067646231449e-02 -8.567351437262152869e-01
-6.736932548227196893e-01 1.094590657503432957e-01 -4.332534547400332947e-01
-6.122627906680847554e-01 -1.644056617003178677e-01 -5.296677767996923469e-01
-5.390432676935835721e-01 3.951926219662781070e-02 -8.115868499026248628e-01
-5.331357349032094239e-01 5.987206011053404497e-02 -8.126759639661500501e-01
-4.015133128865049361e-01 -1.761290298858996239e-01 -4.047908148912877091e-01
-4.610799985681677260e-01 3.578040069372612764e-01 -7.265541262469311645e-01
-5.498960297478128201e-01 6.402610520718234055e-02 -8.001284033763831349e-01
-4.992717969042174686e-01 1.604040275102003310e-01 -7.969047399813439236e-01
-6.369259673217964046e-01 -1.567854924751533874e-01 -6.474992759246156471e-01
-5.172253646090034795e-01 8.695139992190684119e-02 -8.303246958372665354e-01
-5.037781670008236734e-01 -1.635120361009689549e-01 -7.835996274520790061e-01
-5.188507227881532513e-01 2.624035824721481294e-02 -8.228366793667338808e-01
-5.335523916466905492e-01 4.916213769533010064e-02 -8.173736334333125964e-01
-6.909358470076087944e-01 7.704475805952927525e-02 -6.396887426468773619e-01
-5.099752627943648919e-01 3.911768484416982411e-02 -8.323590906298100611e-01
-4.450887153104020610e-01 1.643849782095424816e-01 -8.184211241043389817e-01
-5.415892279889312766e-01 7.710290790344165313e-02 -8.096777360406515189e-01
-5.275630489301931236e-01 3.459722620027718548e-02 -8.210664842470855040e-01
-6.052107025779888128e-01 -1.339534486454070916e-01 -7.497920599325682556e-01
-6.605395025674558607e-01 -8.558444866179617735e-04 -6.438494649651863577e-01
-5.271896111348652880e-01 7.592648534335047494e-02 -8.174817869772826873e-01
-4.505936727538515929e-01 -1.480739345039116805e-01 -8.378050152452904964e-01
-4.062841657371527027e-01 -7.554485768233654142e-02 -8.829520166423129313e-01
-1.905459329372128641e-01 -1.300226833229587431e-01 -8.486464879927330118e-01
-6.652827827063151345e-01 1.630586760207285990e-01 -6.027098106061274940e-01
-4.664428731516658821e-01 2.453494900629156206e-01 -7.995903028246886812e-01
-6.322482783196686773e-01 1.758491306964479750e-01 -7.133132765229993622e-01
-3.658158626318874784e-01 2.088054243913938235e-01 -7.774277091642897153e-01
-4.564233362196084554e-01 -7.517264590401984137e-02 -8.529170270250439057e-01
-4.850568912634022900e-01 -2.809087760115700286e-02 -3.379083049180139908e-01
-8.124493584194302301e-03 -1.448240026482960074e-01 -6.139239435726846494e-01
-5.158442053891171275e-01 5.651548872848050770e-02 -8.265457069750623553e-01
-5.455789540917694858e-01 5.432861138398167172e-02 -8.099685740331468153e-01
-4.138518046125574945e-01 8.621236191091871670e-02 -8.780859395285219859e-01
-5.386247119114819792e-01 2.622452526306922604e-01 -5.494327240048961780e-01
-3.450581224769846411e-01 -1.933479584074992985e-01 -8.004512785121582485e-01
-5.213293067746564979e-01 4.668872753778573192e-02 -8.225865729036858642e-01
-5.415233946376687424e-01 1.830117297507448948e-01 -7.540374085400944892e-01
-5.608277439893549765e-01 2.311743427687832919e-01 -7.040925596905576178e-01
-5.432038654283781742e-01 -3.098769898648249255e-01 -5.943365600934956694e-01
-4.903880967123132040e-01 -7.449981557664765719e-02 -8.407705530422905360e-01
1.090522835292137387e-02 3.131815220648282994e-01 -2.713499476046326020e-01
-6.831649336893572677e-01 -4.900274095524923684e-02 -5.349872962314510261e-01
-4.305467354837423932e-01 -2.264689826912707760e-01 -7.505771433478423127e-01
-5.568091646590194177e-01 -2.228890023971154266e-01 -7.542309844207902847e-01
-4.563233441254730405e-01 2.817253297145075330e-01 -4.063838628451750812e-01
-3.631770255841540451e-01 -1.272531666791819616e-01 -8.383542493659125183e-01
-4.108546093475670125e-01 1.018997610234054739e-02 -8.852758952297392625e-01
-5.066179509154126182e-01 4.939458585744965075e-02 -8.446906355997856330e-01
-3.267482657607655439e-01 1.154064072163641930e-01 -8.575444599994630490e-01
-3.456612827286528189e-01 5.149743598066301026e-02 -8.894672695430044795e-01
-3.786216178327314053e-01 1.550759427290672177e-01 -8.571431661953560210e-01
-6.625983312172769590e-01 -6.397532521265647532e-02 -6.706471249053548300e-01
-2.200280913697271468e-01 3.104654400150217430e-01 -7.424371156462876709e-01
-3.006773227130606352e-01 -3.388567711165175744e-01 -6.756211237458136232e-01
-5.593399146524081766e-01 -3.759118531910937006e-02 -7.990998065623724500e-01
-2.252158728654574393e-01 1.280728552469469206e-02 -8.535967111539023433e-01
-4.348262153078795156e-01 5.174626070569460223e-02 -8.545720004625995125e-01
-5.339675511272674591e-01 9.726569888382224915e-02 -8.136175680690990175e-01
-5.409385418842034277e-01 -8.316616796599811401e-02 -8.211953543008413403e-01
-5.183003591935746446e-01 7.601928317710346383e-02 -8.347699843444991163e-01
-5.244107970424133347e-01 -3.531608013939014495e-02 -8.310956845303946183e-01
-5.510455930682199854e-01 3.650155526506884685e-02 -8.031312093352598325e-01
-8.725862131854184023e-02 1.270423316315682227e-01 -8.296966043536337931e-01
-4.986044665391590747e-01 6.912217512690213561e-02 -8.479627655292817368e-01
-4.404646484133062923e-01 -9.465430606818883708e-03 -8.539375789973049358e-01
-6.022138096867113433e-01 -2.518098090151119420e-02 -7.804045190993327274e-01
-5.300267713152752025e-01 2.589521090757392063e-02 -8.149610102759706765e-01
-5.007227757335217522e-01 -1.233726532033573436e-01 -8.192648216377025339e-01
-5.278214269479799547e-01 6.305772388692007513e-02 -8.233974815536403424e-01
-3.016218011613377437e-01 -2.525334477148563281e-02 -9.373544343328088502e-01
-2.166295973966532173e-01 -2.962360991110067898e-01 -8.664507880810730089e-01
-1.001893102983570233e-01 2.132808433843361717e-01 -7.672852425010220356e-01
-7.047371790678149672e-01 -1.142728732641516698e-01 -6.647388898833005433e-01
-7.612684913350946658e-01 1.306341689686729146e-01 -5.386983976248715944e-01
-7.671859900667592491e-01 -7.073195483030814135e-02 -5.482402649816152662e-01
-4.061414494984344481e-01 -2.905067944407846436e-02 -8.451237624830583162e-01
-6.660003124162650057e-01 1.526165664992302218e-01 -6.825654934520820616e-01
-5.044955266109820702e-01 3.243612421558128567e-01 -6.768038669152018905e-01
-7.312384325262579754e-01 1.171086203567747591e-01 -6.385710071389331111e-01
-4.104462245053251968e-01 -2.363851720725578254e-01 -7.982554371768033619e-01
-6.289076172316482305e-01 -4.243390934797531266e-01 -3.790067018779620378e-01
-7.003270328827683189e-01 -2.114182786105162637e-01 -5.924420915309337454e-01
-7.148209701047583131e-01 -2.625929226672461814e-02 -6.728751286315809432e-01
-4.033339648026987856e-01 1.927243586067988457e-01 -8.230711777802706131e-01
-5.998273265099144380e-01 1.940014418575246868e-01 -7.358750124932472714e-01
-6.105241127534822843e-01 -2.165463132434625737e-01 -7.145191069966294606e-01
-2.101268455249786782e-01 -6.861600074034503172e-02 -8.704952532690318767e-01
-7.803523771082778726e-01 4.858019869419252096e-02 -3.014684446557586717e-01
-6.768378552085964062e-01 2.587373299707043106e-01 -6.010220992201604773e-01
-2.321602001025616369e-01 2.874242506523899121e-01 -2.548086025860555326e-01
-7.446158088962286925e-01 2.153762136085420748e-02 -6.280699101148788932e-01
-5.589980642814945666e-01 -3.554699593273982217e-01 -6.813431095115854985e-01
2.043787357214447709e-01 -2.040652156510850898e-02 -2.214928421708627915e-01
-3.651615489730090647e-01 -1.652914439337884733e-01 -8.827508929906072721e-01
-6.987630804944139351e-01 -2.003554169647843164e-01 -5.542894808980179944e-01
-4.837141718731991502e-01 2.756420859147917790e-01 -7.662716772095755635e-01
-2.669629100969573843e-01 -1.676244894547087097e-02 -9.011265020171403961e-01
-6.886505848770478888e-01 -8.149388700241544381e-02 -6.649183514193252043e-01
-3.353561886649652490e-01 -2.030738525639277925e-01 -8.436055797647290522e-01
-7.513821584620117289e-01 -5.565486923887730773e-03 -5.404249685339823639e-01
-4.679161928704398399e-01 -3.841901919873690896e-01 -6.575643712551071385e-01
-6.411275654610806285e-01 -2.033207791748474491e-01 -5.832803440748542123e-02
-6.378876948951268666e-01 -1.639410011943319978e-01 -7.015242168119762978e-01
-6.046504823479667001e-01 1.942292776091470441e-01 -7.070147442286073280e-01
-4.908038638374979667e-01 -2.654945067659727487e-01 -7.706283481749561792e-01
-5.854155471481241602e-01 -1.821071425708285785e-01 -7.413771403125440917e-01
-4.076145086420310815e-01 9.095877986690197037e-02 -8.431866228899710380e-01
-1.577589686372158906e-01 3.046075998033350163e-01 -7.508256199248136697e-01
-4.240603141144645982e-01 -1.388422982844828013e-01 -8.530046552095889023e-01
-4.215230658126187246e-01 -5.203780909167980695e-02 -8.753019770479015804e-01
-6.997935941702890794e-01 3.009195959292734757e-01 -4.892661158110222508e-01
-6.048912297788202608e-01 -2.683910593555072777e-01 -6.685561151645723621e-01
9.028747871976817996e-02 -3.569406762298810709e-01 -6.770373172644692517e-01
-3.404888449702394015e-01 2.122339501420467400e-01 -8.577837422906723353e-01
-5.890974229516945382e-01 -2.061555026594037165e-01 -6.742633282852678045e-01
-5.257606569549628794e-01 -2.134375098803833193e-01 -7.439406412722108231e-01
-5.982285647818182950e-01 1.198025861631560052e-01 -7.249637203148503461e-01
-2.048307748947630624e-01 -3.972923532734655705e-01 -4.369704107608284871e-01
-5.818860005692624293e-01 -2.947509819426755162e-02 -7.842302644286864854e-01
-5.339253828333169194e-01 -6.769322977222341775e-02 -8.171887523720936519e-01
-7.165542265236160002e-01 -2.355596997765914968e-01 -3.862082466436470574e-01
-3.661201057715032792e-01 -3.005086082403128911e-01 -7.686204835680144898e-01
-6.408900580560873417e-01 -2.002114541267203951e-02 -7.210616283764894607e-01
-5.312370958507698360e-01 9.570412757447856189e-02 -7.831758003323870954e-01
-6.523261966707711856e-01 -9.607291542710109933e-02 -7.118649263310429243e-01
-5.788721386036734806e-01 -1.053460292002482007e-01 -7.809699587790785991e-01
-4.532995611471370978e-01 -6.886010250768771768e-02 -8.498311070201204354e-01
-4.450362606841352653e-01 2.523657285339427347e-01 -7.008800508132249085e-01
-5.348824353755353700e-01 1.936541216276989330e-02 -8.136582860030681097e-01
-4.322839905881815659e-01 2.332412443660866058e-02 -8.614448628523844187e-01
-4.853635678004910581e-01 -3.830723599524811784e-01 -5.238113849029623070e-01
-6.554500099866615859e-01 -1.768188687425824024e-01 -6.229665866569348287e-01
-5.378992928886904279e-01 1.322295743913383115e-01 -1.468085801858104444e-01
-2.564245809883211047e-01 4.316133265075960401e-01 -5.319596469962621921e-01
-3.015053090426115245e-01 -1.528242774808463711e-02 -9.104345071407895507e-01
-6.759687053915641730e-01 -2.876323362955707230e-02 -6.754700258582049255e-01
-4.368061694200710554e-01 -2.614719258504188959e-02 -8.660747000235748949e-01
-4.077695210654556646e-01 5.386270552227893221e-02 -8.391397078723780156e-01
-3.078555863975453444e-01 9.118072252942012457e-02 -8.395102526126808629e-01
-7.134151646360362697e-01 -1.119661487291515045e-01 -5.396620614889748868e-01
-4.949382681632580328e-01 -1.082059584286370196e-01 -8.226102525274601174e-01
-3.352938057183885712e-01 -2.135006467346095005e-01 -8.021449129950034562e-01
-2.833372068285512912e-01 -1.718861616557144645e-01 -8.628782732394959520e-01
-5.539727361178017340e-01 1.262630623334128344e-01 -7.586824698652356869e-01
-4.128352501546665998e-01 -1.252803144923127776e-01 -8.563164092331407851e-01
-5.766529352435715294e-01 1.469436901481709079e-01 -6.681869038519031578e-01
-4.607547326294408885e-01 -1.107619311948205704e-01 -8.432656069449473435e-01
-5.935895281674891111e-01 -1.983841395979250022e-01 -7.375221979508241876e-01
-4.523118216274175651e-01 1.268982709422440402e-01 -8.580110764561172942e-01
-4.775621079083099962e-01 2.402049644340414555e-02 -8.333127332343858162e-01
-6.181100505559622427e-01 -1.425531028984952930e-01 -7.272075148946937073e-01
-4.680614260923854353e-01 -3.917282858586403765e-02 -8.357679396909504232e-01
-5.935195805840304262e-01 -1.375851372461319444e-01 -7.658119141158384879e-01
-4.869095476245128840e-01 -1.133820756689842696e-02 -8.485582216762433960e-01
-5.033078654188225531e-01 -7.671981095866318989e-02 -8.253574543467793179e-01
-6.049470063651761764e-01 -6.875873697082920954e-02 -7.635392435932647492e-01
-5.502704023065069228e-01 -1.174887498648235495e-01 -7.817142644188768141e-01
-4.333412941789237527e-01 -9.573689975173536870e-02 -8.584013592722209429e-01
-4.611667065898534812e-01 -1.486407900804828652e-01 -8.349525231862151564e-01
-3.183529748924199820e-01 -6.683856352539534196e-02 -8.544216109424028760e-01
-5.633892697500868518e-01 -1.720134126589353829e-01 -7.618471589397188826e-01
-5.397204844160298221e-01 -1.268473452293943371e-01 -8.052560715721270856e-01
-5.087250206969780031e-01 -3.082454687790254708e-02 -8.246815884861836699e-01
-6.280865097961252363e-01 -1.490719415931150427e-01 -6.804671354024952601e-01
-6.860128453292535511e-01 1.429778971011502753e-01 -5.756685344580608765e-01
-1.562604284662358900e-01 1.913844324736786451e-01 -7.969814977201018502e-01
-3.922964657970676727e-01 -8.427383159987767922e-03 -8.915463546439437170e-01
-4.112393736717822046e-01 -1.766719212977273523e-01 -8.375462837826233020e-01
-6.515592508839894714e-01 3.246589890133003836e-02 -6.968377596200581170e-01
-5.067498702044688219e-01 -1.934363216260824581e-01 -7.743283386819125313e-01
-6.931550208767475185e-01 -7.544625129875714986e-02 -6.300713467777703247e-01
-7.512443019450066872e-01 -5.892836581650557834e-03 -4.519490828472899069e-01
-5.475740717634598465e-01 -2.739256727452485940e-01 -7.219969002023320925e-01
-5.323274175455430246e-01 -1.750581524157230895e-01 -7.900287738927044279e-01
-3.860810689463744505e-01 1.168539102707499555e-01 -8.815793219767261713e-01
-4.743076868584087946e-01 7.910325908554968755e-02 -8.241102780450518805e-01
-4.891515005194387311e-01 -5.412596561492635794e-02 -8.374292903439631841e-01
-4.671957633817189204e-01 4.569655638890675331e-02 -8.383191161260253876e-01
-5.771265731639462215e-01 -4.705495340151795262e-04 -7.843921318749147442e-01
-5.122694332254773553e-01 3.985629459616033682e-02 -8.318808375711882475e-01
-5.057028330035443497e-01 -1.479555669152554098e-01 -8.189745316029708455e-01
-5.553352401624861434e-01 1.359174664246738141e-02 -7.986030696360802983e-01
-4.712902564280117557e-01 -2.490957592319277825e-01 -7.519470545918998106e-01
-4.812023084871239198e-01 -8.752600046006760171e-02 -8.320896096261166663e-01
-6.082869006158037051e-01 -6.630440638716585296e-03 -7.581226116820589667e-01
-3.601429326725870128e-01 -1.519315871017320463e-01 -8.601986890185298051e-01
-6.946814017216647041e-01 4.271879812116868153e-02 -5.898149714385682030e-01
1.154920992322724660e-01 5.423515759033699368e-02 -6.597350730893184467e-01
-1.489193609802361429e-01 1.666640089792481225e-02 -3.133766654250051964e-01
-5.525618010866496510e-01 -3.721811532932087219e-02 -8.019926347832719848e-01
-4.336607430874878100e-01 -2.223145797054428552e-01 -8.052236211152931089e-01
-3.704559716924361035e-01 2.803803423541677275e-02 -8.676806466711239896e-01
-1.586737218799555982e-01 -1.446720023571933071e-02 -8.993574736614974308e-01
-3.715435915714438431e-01 -8.996737329456709620e-02 -8.620301792768944038e-01
-5.789195872105862284e-01 -5.859499017542700583e-02 -7.766107497003682525e-01
-4.783410758950152331e-01 -1.869189952618982853e-01 -8.158260493414982717e-01
-5.733245409565351780e-01 4.124868823699427006e-02 -7.779115895044897977e-01
-5.448890132495871619e-01 1.840505410201368208e-01 -7.274374524430712308e-01
-6.587184269487905697e-01 2.194608358082028587e-02 -6.586920803194429297e-01
-5.771474628739647894e-01 3.036127249762505809e-01 -6.542294107375911105e-01
-5.078894826388270500e-01 1.410087896268691632e-01 -8.176141255808454522e-01
-6.515155440026303424e-01 -9.968337465878591985e-02 -6.603256733598492634e-01
-4.589326935306219379e-01 -3.624191597698371847e-01 -6.716795373491949439e-01
-6.547809042194908669e-01 1.284259673217401365e-01 -6.565378251004025945e-01
-4.840429683012164030e-01 2.145494775605337745e-01 -8.081032898249300711e-01
-4.346595516147642724e-01 -5.358724453022383621e-02 -8.386501818085989601e-01
-6.633556088827721187e-01 2.288727679436924622e-01 -4.204898321265094774e-01
-3.967489290379971889e-01 -6.190782806705578956e-02 -8.723428801908438279e-01
-5.588358858217856717e-01 -6.340478898704508814e-02 -8.043178255375789121e-01
-5.435187469745320632e-01 -9.052391028765870151e-02 -8.036263227338223958e-01
-5.233219905847052988e-01 -9.513487958559435631e-02 -8.151835338231824268e-01
-5.129677130277969788e-01 -6.056808255813020403e-03 -8.351594976000712434e-01
-4.550339315965140630e-01 -1.982263555586251651e-03 -8.544310483549091284e-01
-6.314386626687720216e-01 -2.953446555899647552e-01 -5.977947883699373799e-01
-5.088989702761441691e-01 -1.162131541294177256e-01 -8.075252844851823486e-01
-5.200090928912536326e-01 7.108103172637447731e-02 -7.980966664195527915e-01
-2.151082504452891397e-01 -1.218855886749338202e-01 -7.733858619651408084e-01
-5.412178558564880726e-01 -1.865318751817945583e-02 -8.122855006498281849e-01
-4.853543745195405545e-01 -1.323889321459732760e-01 -8.161985551847565912e-01
-1.676273880395865168e-01 -2.905333609316063104e-01 -7.556917686284398972e-01
-3.129687314917095065e-01 -8.775117042941038559e-02 -8.678871729689631165e-01
-3.800487713507668119e-01 -2.567003829137722362e-02 -8.382927516407372437e-01
-4.650974785014205803e-01 -1.861108012906141987e-02 -8.514434442524232427e-01
-4.185086975752596028e-01 -3.555791422114455008e-02 -8.724460918539541643e-01
-4.457528770249983285e-01 -8.392024027167718780e-02 -8.567142413369004394e-01
-3.542345830304504117e-01 -1.848642137994153667e-01 -8.547751153444785865e-01
-4.324138090589850214e-01 7.548159293093553712e-02 -8.158043531484934219e-01
-4.587917046761029738e-01 1.097241876091006874e-02 -8.533501845511809458e-01
-4.953888341932246586e-01 -9.466281325976012850e-02 -8.326875248754949110e-01
-5.710457019918370181e-01 -4.917314265314730315e-02 -7.839330747359347651e-01
-5.354512504119898209e-01 -6.751566019398533638e-03 -8.181485187360044709e-01
-4.807379177679633742e-01 4.956765449136133622e-02 -8.157969753286248293e-01
-3.683982195229995038e-01 -4.944992694166461256e-02 -8.686942155728291093e-01
-2.661445364872516706e-01 2.531859152214461020e-02 -8.050636343417717500e-01
-5.194824724205518995e-01 -1.849250241949696588e-02 -8.357605729489282487e-01
-6.009938002512675848e-01 -1.562516544269966223e-01 -6.977541425995692492e-01
-4.847519804381610342e-01 -2.098608165438261425e-02 -8.372737450447343965e-01
-5.524976499014543352e-01 -4.063798605539348241e-02 -7.975594814515133413e-01
-4.883593830427236382e-01 -5.109752315361301006e-02 -8.483063788984103182e-01
-4.824215726553585659e-01 -5.483411985876332495e-02 -8.378514283999555223e-01
-5.161587824378173206e-01 -7.800599536044904025e-02 -8.138975245666021374e-01
-3.359041552469368974e-01 -1.101133102133843890e-02 -8.596416084227143095e-01
-2.676029997238031921e-01 -1.706027716495159829e-01 -9.059978518385926050e-01
-4.959605890398511296e-01 -1.156474528765027987e-01 -8.285641066259906706e-01
-4.413322838716083329e-01 -3.244074073563688043e-02 -8.650221229555803415e-01
-4.874880243830947424e-01 -1.372070288045805497e-02 -8.391242012663705507e-01
-5.066222938161027978e-01 -6.150223269834457530e-03 -8.342544150138110348e-01
-4.509059680261055525e-01 -1.285619738504682058e-02 -8.572042929778015408e-01
-4.459917414007640857e-01 -2.133467567717220806e-02 -8.565767449259316102e-01
-5.519246514291787920e-01 -2.636740164215782903e-02 -7.910540958356176988e-01
-4.645712023479313668e-01 -3.900621507678026412e-04 -8.518090873983997779e-01
-6.075585119749403740e-01 -2.301949550922632037e-01 -3.019797153172008586e-01
-3.862037198613605393e-01 -5.623122468591239959e-02 -8.589448289411121262e-01
-4.686639228222175269e-01 -2.158765782641048070e-01 -8.090776339217143898e-01
-5.120458202363892264e-01 -1.088752337679499416e-01 -8.127863358947881034e-01
-4.102948071207383474e-01 -1.991131962514311113e-02 -8.581630795198061934e-01
-4.893837276139439418e-01 9.342458398936645536e-03 -8.272112322205544821e-01
-5.200336925853410452e-01 -3.017983796276534070e-02 -8.216311608197698346e-01
-4.374419736264681391e-01 -6.263472960248020471e-02 -8.635448479608569539e-01
-4.947541873085969932e-01 2.498552034443956432e-02 -8.309945240690869150e-01
-5.133498790344447338e-01 -1.548213116476719955e-02 -8.171224740045432977e-01
-5.415992750670727274e-01 -4.276051127864489987e-02 -8.102216971587228311e-01
-5.397469488743023014e-01 7.825639999226519095e-02 -7.886660440512763826e-01
-3.982773294207219705e-01 -3.032863621254774239e-02 -8.662325706590744412e-01
-5.097067961531086544e-01 -3.225467315269238411e-02 -8.246636019349589120e-01
-4.900524123398166676e-01 -3.370463131835124693e-02 -8.311034125185209342e-01
-4.401419071690006457e-01 -1.045467937842117778e-01 -8.340865063692859405e-01
-4.757033848178660040e-01 -2.909095946694271323e-02 -8.561014977189826958e-01
-4.530355252884052386e-01 -3.706076354143246210e-01 -5.918521506605691762e-01
-5.610133853914337498e-01 1.596696125145839751e-01 -6.229305009198210508e-01
-5.070505916606679042e-01 -6.695324063352259270e-02 -8.264594291793025960e-01
-5.064002421547941779e-01 -4.169187527801923587e-02 -8.309068890961511800e-01
-5.306714588227927631e-01 -9.283895903675508376e-02 -8.186512470484739179e-01
-3.522981742242256575e-01 -4.694150995158651030e-02 -8.546077757306769218e-01
-4.756462288360910895e-01 -6.262776581833200129e-02 -8.504665628086928164e-01
-5.164252303653196208e-01 1.412301136367492133e-02 -8.347519251284960529e-01
-5.203332002725179484e-01 -4.125290295523406647e-02 -8.300076887777176893e-01
-5.150558557725947173e-01 5.888028042739728435e-02 -8.089170083520210719e-01
-4.206325851659144521e-01 -9.803000840807997093e-03 -8.661166281141871037e-01
-4.824275525218283955e-01 -1.800855237251386409e-01 -8.157635825361559956e-01
-4.701091045911094390e-01 1.584062463588234784e-02 -8.333991491508832006e-01
-4.287916252188379018e-01 -4.363023179262325024e-02 -8.618618095738902474e-01
-4.211240795003413084e-01 1.448367598064645781e-02 -8.551562640739659438e-01
-4.555697294642396811e-01 -8.840180634702336782e-02 -8.489306974794459393e-01
-4.818368012501580977e-01 3.089753220068442233e-02 -8.308484214793637745e-01
-5.120686606905233695e-01 -5.530067917872229927e-02 -8.289900292502138113e-01
-4.841221973110337862e-01 -7.959843086130914680e-02 -8.274829336117894840e-01
-5.176792144552130326e-01 2.862504462503209432e-02 -8.231246255411123203e-01
-4.984160133407626314e-01 -7.859581742716829911e-02 -8.293357656131600253e-01
-4.612860691593463347e-01 4.136705836165244926e-02 -8.335544063137467763e-01
-4.873728783466431680e-01 -3.589665047501938017e-02 -8.437316215937457065e-01
-4.898268804122233866e-01 -3.094425456030419283e-02 -8.377023496590164653e-01
-3.595230900355690928e-01 4.367643017947651918e-02 -8.059059390796583511e-01
-5.917066248037815557e-01 1.129629751809466676e-01 -6.926136467642991512e-01
-4.284529201351834904e-01 -6.365620181493951424e-02 -8.487002461323064351e-01
-4.880623906110378996e-01 1.373873876576328082e-03 -8.402264759841512332e-01
-4.454818288947043903e-01 2.235254414742201060e-02 -8.262935542990937909e-01
-4.820287403999117815e-01 -2.680610175280718696e-02 -8.459877729618935360e-01
-3.526274451274614141e-01 3.006185957243116547e-01 -5.464469770116553438e-01
-6.346090806673493345e-01 -1.110501790741921929e-01 -7.145766845060026462e-01
-4.473495735830432252e-01 -3.108285959214564242e-02 -8.511259674412391396e-01
-5.351427404603107396e-01 -1.914110988707535752e-02 -8.075853174089231423e-01
-3.130502538518196154e-01 -2.522571974346693446e-01 -8.159929796594628248e-01
-3.988854287053527625e-01 -7.373753293640794571e-02 -8.599731302704384239e-01
-6.198116041324772674e-01 -1.998376015445053056e-01 -6.623113792641045494e-01
-4.140164819469052682e-01 7.702604220027783888e-02 -8.522497492733945856e-01
-4.705708917222417575e-01 -1.167830373184889324e-02 -8.494467237332430365e-01
-4.863001698898517522e-01 -1.401831589038581571e-01 -8.207106184600305721e-01
-5.818486822349417942e-01 -3.150930283698694795e-02 -7.783478266403430768e-01
-3.972167788586797865e-01 5.772488259519693160e-03 -8.607696812624487936e-01
-4.603233218069840982e-01 -3.718527644292195233e-02 -8.523477707899507205e-01
-5.006543377386499794e-01 -2.903451568922435500e-02 -8.378217743757009339e-01
-4.579140846812489452e-01 -2.494167597756827975e-02 -8.497157786430333815e-01
-5.161557565311194473e-01 -3.017146702496489429e-03 -8.178713966884230135e-01
-5.196956168921270658e-01 1.230219831897092220e-01 -7.855135393786276676e-01
-4.496314308796277026e-01 -7.159993788882861032e-02 -8.569358202044202732e-01
-4.046379473587940478e-01 -6.137508322581607112e-02 -8.634750884733161103e-01
-4.717817192692751460e-01 -3.908405284203557493e-04 -8.384489234399604696e-01
-4.510747683684654952e-01 -1.139090760521841578e-01 -8.416473463517949449e-01
-3.896109377009788766e-01 -1.587773495505273302e-01 -7.986648876929387519e-01
-3.948072425298437271e-01 2.166407534909841823e-02 -8.433594251853182566e-01
-3.565305031907844979e-01 -1.306493599364560443e-01 -8.522075011994304505e-01
-4.962677107950368982e-01 -6.625163656773459808e-02 -8.410471711058987720e-01
-1.394463548371938089e-01 -7.099879607764948697e-02 -6.573138363633860282e-01
-4.587115678442144628e-01 -5.666543636619015764e-03 -8.430563259685190935e-01
-2.427056055444677396e-01 -4.666389983242540396e-01 -5.039041173621194858e-01
-4.442191833414691482e-01 -4.451646488786327460e-02 -8.584986246727585035e-01
-4.677488509736121292e-01 -3.528044322293825280e-02 -8.479943381041749051e-01
-5.211861980565460906e-01 -5.154569057897099432e-02 -8.058339272417820442e-01
-3.655262334697305660e-01 4.016891991524474542e-02 -8.532614154290509845e-01
-4.352612218489776974e-01 -1.346361422973983979e-01 -8.430993056720922363e-01
-5.780326912243727300e-01 -1.011368679736838888e-01 -7.821798883055575136e-01
-4.702298459358562610e-01 -1.256102522557306089e-01 -8.261949986213426023e-01
-4.201932949435088216e-01 -9.727614042898280466e-02 -8.503880568643588100e-01
-4.382550305655074641e-01 -9.739937806430221806e-03 -8.450591352817639068e-01
-5.342965924907736586e-01 -2.951978539665421619e-02 -8.073225194757531753e-01
-3.735999871147001050e-01 8.484591541353421473e-02 -8.143424256869906674e-01
-5.162639343798280933e-01 -4.891877181974386979e-02 -8.156516864380978227e-01
-2.381281160171760114e-01 -6.293215700183819872e-02 -8.328575387719847622e-01
-4.252324086109962042e-01 -2.877730624513078622e-02 -8.553880071848792843e-01
-5.331537533395208639e-01 -2.125185792090756309e-01 -7.532115207464263884e-01
1.775629065004782209e-02 1.980657254293347047e-01 -8.071932784092602509e-01
-4.324302367575419970e-01 -1.948726197992553533e-02 -8.530846287705506903e-01
-4.717273323446629640e-01 -5.445558725695236885e-02 -8.419248498880219644e-01
-3.066820859725400417e-01 7.536308555637431794e-02 -8.469807298301118559e-01
-4.506488430945617130e-01 -4.997247698250849302e-02 -8.526331138427380996e-01
-4.121147808613285224e-01 -4.394842017254510513e-02 -8.601786442065706417e-01
-3.098204428525036525e-01 -1.190024760128694514e-01 -8.329055447974026416e-01
-4.941132456281477348e-01 -4.274992970103735218e-02 -8.360873913241324562e-01
-4.619450084295128600e-01 -9.524670495913198365e-02 -8.437153814733407975e-01
-4.272609449816389127e-01 -2.614667437710571640e-01 -7.989627678142595668e-01
-4.771777590257676449e-01 1.476855303631028314e-02 -8.433360306318903321e-01
-4.807997368603122434e-01 -4.128339560026982047e-02 -8.409773546030870905e-01
-5.471552692036013577e-01 1.867958043617570785e-02 -7.998942037629093171e-01
-5.348022638646979798e-01 -1.403351784711351913e-01 -7.961020636268254513e-01
-5.286399938196082449e-01 -1.153593058465407712e-03 -8.068228668127168657e-01
-5.375959459036651067e-01 -7.696582174750923877e-02 -8.082398363584800682e-01
-4.641713986854156815e-01 -7.347105030773143364e-02 -8.537875628194468991e-01
-2.609720654748602930e-01 -3.174110290668713530e-01 -7.080007213427775836e-01
-4.284485558847309083e-01 4.203337365900485650e-02 -8.527752155187068306e-01
-5.012382445005009179e-01 -2.165913527319047738e-01 -7.795123778724735164e-01
-4.567477528118985552e-01 6.724216520097152372e-02 -8.165780391699033469e-01
-4.812084503169771210e-01 -6.875978141129167331e-02 -8.454661061591589588e-01
-5.010518608762336568e-01 -5.812190050493518112e-02 -8.293916586457799056e-01
-4.657866326868198015e-01 -5.698896575362800976e-02 -8.533554424370276559e-01
-4.183045338600626661e-01 -5.569716362409796867e-02 -8.570163209959856809e-01
-4.373852219385465090e-01 -1.698713082254838802e-01 -8.256636192253000717e-01
-4.451933022634795845e-01 5.496581783237609181e-02 -8.261040169664707333e-01
-4.108483529268227019e-01 -1.949427017048739608e-01 -8.283937681521659213e-01
-4.711008473149336240e-01 -4.274790175386915941e-02 -8.533030323815602447e-01
-4.704473318486682154e-01 -7.297317909967930560e-02 -8.430254016449175714e-01
-4.589907285424948413e-01 -1.044810346720045496e-01 -8.397701864812746608e-01
-5.006253986742755790e-01 -1.299425259930033216e-01 -8.119283289939891457e-01
-5.039187366968103099e-01 -8.904887681481205020e-02 -8.245649172853741771e-01
-4.724765311158727887e-01 -1.475383012882212908e-01 -8.146628894457286219e-01
-4.452866583717224325e-01 8.888241348551251947e-03 -8.443043481138329254e-01
-4.495663418825104896e-01 -3.556465461000968969e-02 -8.580127422864888276e-01
-4.527798835740201033e-01 -5.764628963547287904e-02 -8.607121552049881164e-01
-6.001794061965045612e-01 -7.534145372257237960e-02 -7.692377301037409687e-01
-4.790043253587016325e-01 -7.569805671846960640e-03 -8.462257429273984943e-01
-3.951692599377485959e-01 -9.681743985274725295e-02 -8.569406205144197708e-01
-4.283297188307327308e-01 -8.254201003705229078e-02 -8.613175186888833990e-01
-4.878745378875907202e-01 -7.651981357812497053e-02 -8.332085277353767916e-01
-5.084830535414686103e-01 -2.739470635235335405e-01 -7.672054982449766358e-01
-3.891057348328948451e-01 1.430065386022670859e-01 -7.993990243258065620e-01
-3.565597455241956149e-01 -8.698987777903903484e-02 -8.652381787046444783e-01
-4.630606533710365236e-01 -5.063449785779620266e-02 -8.592346685290048747e-01
-3.199964223310970413e-01 3.114359266105229743e-02 -8.058743881450878277e-01
-3.676464215516009326e-01 -6.137847459718248806e-03 -8.623620263850908518e-01
-3.853240120851091910e-01 -1.522331736229013133e-01 -8.513648905355019059e-01
-4.640121424296413388e-01 -7.847603775464791209e-02 -8.447338081055694170e-01
-4.349376289072403035e-01 -5.341419319306883740e-02 -8.613217951204280576e-01
-4.726536793495124678e-01 -1.101606002569930770e-01 -8.415016901468359567e-01
-4.779431495709081656e-01 -8.308225582045698776e-02 -8.410177380764292110e-01
-4.887513702323266207e-01 9.065054524440087358e-02 -8.185013356733850109e-01
-6.439494802129783757e-01 -3.210029271170294907e-02 -6.995677421732182655e-01
-1.008987475293915692e-01 -2.353197564560578214e-01 -8.324759294425043699e-01
-4.646685444195382542e-01 7.558637622164993131e-02 -7.744118428043076374e-01
-5.287041097124562938e-01 9.339230055981076126e-03 -8.138156566617102960e-01
-5.073231920350369517e-01 3.645295734897029821e-02 -8.243310789237167091e-01
-4.975098137087378691e-01 -3.759405301826108936e-02 -8.495136535805809519e-01
-5.647020174520941405e-01 -2.810745616776582079e-01 -6.922613186136212793e-01
-5.523720718906374172e-01 -7.200616214604424470e-03 -7.911332832901594170e-01
-5.709098811963583264e-01 -7.169264978189121562e-02 -7.843607099934447602e-01
-4.938495696115069999e-01 -4.194093056616214621e-03 -8.331422507173661396e-01
-4.206686355344660400e-01 -1.390201523304375464e-01 -8.350864978662632110e-01
-3.119843055813970034e-01 -3.195721739073151269e-02 -8.273306488587842678e-01
-4.935776073897175098e-01 -5.775773005273801552e-02 -8.394848412272318816e-01
-3.893317037042989814e-01 -2.037875444970726480e-01 -7.600015695560172757e-01
-5.132243501260622676e-01 -2.782450296208524229e-02 -8.144517277367959718e-01
-4.946117101533999971e-01 -1.644735563510822673e-02 -8.375479275503431298e-01
-4.760714500948929895e-01 1.539534681709543995e-01 -7.482700391762078240e-01
-3.998081997366503826e-01 1.704436876080052399e-01 -6.884189167725698333e-01
-5.393785323292561440e-01 -5.849587658836771092e-02 -7.943786374511168091e-01
-6.624328638678742553e-01 -1.268088278923048262e-01 -6.171180072845172671e-01
-5.243958750260306889e-01 -6.436219679464579013e-02 -8.254668237330746727e-01
-5.010412264334211940e-01 -2.319076347778988717e-02 -8.313055296476538070e-01
-4.814297514001774081e-01 -1.017493337960509447e-01 -8.320724903911763670e-01
-4.971655335054717129e-01 9.537544109050369659e-03 -8.157370295769750257e-01
-4.561440812010828516e-01 -1.462029669102496987e-01 -8.341688885751076254e-01
-5.242065131683231183e-01 -7.592172674982720915e-02 -8.009555763848396071e-01
-2.577086203884252913e-01 1.421888213113461918e-01 -7.472848996841900959e-01
-3.802104270727967306e-01 -1.017349530835370414e-01 -8.626888417212678073e-01
-4.224559095743388171e-01 -1.123248064810569852e-01 -8.514214787554003072e-01
-4.087773029527001500e-01 -1.268102473010815634e-01 -8.721116757267832753e-01
-4.364453620388664135e-01 1.067663676283997914e-01 -7.964769878893048771e-01
-4.354126350134573942e-01 5.386862037957978848e-03 -8.510183179429404721e-01
-4.252645398655826026e-01 -3.484113196560162384e-01 -7.795623646283038610e-01
-7.200437424497180272e-01 -9.118817657944136568e-02 -4.958258973514247936e-01
-5.112397475370055178e-01 -1.730351891794053021e-01 -7.970315747480448687e-01
-5.605337414291802212e-01 -2.542456339886716571e-02 -7.616720889536426897e-01
-5.899307712543446769e-01 -1.610629554492495341e-01 -7.550461545029444332e-01
-5.428062403177380535e-01 -1.823158809664710278e-01 -7.789276578415496033e-01
-4.990314401865882932e-01 -8.812243469579719712e-03 -8.199781515569445345e-01
-5.938252954082385848e-01 -2.053489393788513473e-01 -7.308238910089766005e-01
-3.885710166724187231e-01 -2.004620896180755313e-02 -8.598004542599348987e-01
-5.714460827217162642e-01 -1.480481701216769530e-01 -7.732310739122212340e-01
-4.762610182149251692e-01 -8.809656267039986388e-02 -8.363849129806659732e-01
-4.386663453547550162e-01 -8.036563187026635538e-03 -8.652284839669074357e-01
-6.397385253536895799e-01 -9.482429894086126521e-02 -6.667451420276025997e-01
-5.296058522290398862e-01 1.774573902409199710e-01 -7.230655978533095940e-01
-5.293808459580646719e-01 -5.163611094331920642e-02 -8.138702947428305690e-01
-5.212935073302987776e-01 -1.178812878479318510e-01 -8.047629882965008363e-01
-6.295956427261721888e-01 -3.068266455967447737e-01 -5.735681948088959814e-01
-6.449851386142845255e-01 7.101691218986633247e-02 -3.958960635193226607e-01
-5.556133199432268244e-01 -7.898205932177899957e-02 -8.047903076474779427e-01
-4.672133679669023820e-01 -2.265795918728086278e-02 -8.466267374226683629e-01
-4.388793569328560129e-01 -9.319488522107254036e-02 -8.541955325325878423e-01
-1.187409711232167153e-01 1.967790451908771887e-01 -1.298814262393322427e-01
-5.079985948396579243e-01 -7.500570669070177887e-02 -8.212441842673857684e-01
-6.485052170336842448e-01 9.781872947406481875e-03 -6.448692220084415450e-01
-4.143143963957699460e-01 -7.111404065858822898e-02 -8.636282988647998593e-01
-5.515026788525946300e-01 -6.208881143399567343e-02 -7.892584654081251649e-01
-7.043875228371346831e-01 8.795338957233624078e-02 -5.792320399596211367e-01
-4.533136741962457972e-01 2.560956891028792065e-02 -8.442881089174927300e-01
-4.064723298669110085e-01 3.016400068391312042e-02 -8.573153935761103073e-01
-5.542096338234053787e-01 -1.012622398270939389e-01 -7.944855110654452934e-01
-5.560534634995748515e-01 -1.272016303037031837e-01 -7.906393694298069486e-01
-4.806055563663928498e-01 -1.578568736815747766e-03 -8.201384178216724052e-01
-4.117317738816219097e-01 -4.317271654726763386e-03 -8.249551258742082727e-01
-5.330656883363094067e-01 -1.033946655344149118e-01 -8.039953684077966178e-01
-5.939456330700654263e-01 -1.174469565798619691e-01 -7.512492041423279865e-01
-7.405645751487439643e-01 -1.949080093550076276e-01 -4.664189820009259080e-01
-2.250246143651647435e-01 -1.460471820720563585e-01 -8.894873938262510826e-01
-5.511001527358150298e-01 -3.566817043325995473e-01 -6.813889545775173584e-01
-4.034393135531749164e-01 -2.750967116196945117e-01 -8.520167469258418391e-01
-1.054905986753108121e-01 -2.957985967320429510e-01 -7.738567820966555377e-01
-7.886130825221062679e-01 -1.795471275799783717e-01 -4.607331478207973841e-01
-6.414753246680062748e-01 -3.663251183521804011e-01 -6.283972727850782869e-01
-8.471855646709677279e-01 3.037245975721920010e-01 2.119280825544102298e-01
-9.748711134484708829e-01 9.948211382644903122e-02 5.231804301325407303e-02
-5.042780048482378152e-01 -4.818744379923214916e-01 -5.293077462077560025e-01
-4.446322320764836133e-01 -5.597859696948262465e-02 -8.466932492312205794e-01
-6.645937830659516266e-01 -1.700655099657916169e-01 -6.783368352710665850e-01
-1.360139600020510986e-01 1.210979052360979524e-01 -8.458668573160663673e-01
-5.647789574483162989e-01 1.690408809250495692e-01 -7.208400938701858829e-01
-3.355095596031241328e-02 -3.880777839310369792e-01 -2.153491370207613262e-02
-5.375558978443648606e-01 -2.315500792948725350e-01 -7.684251876941260440e-01
-3.961993911250247802e-01 -1.004837680385711474e-01 -8.567203480781776515e-01
-5.890158583218556565e-01 -2.767707877840888675e-01 -6.922478980812357685e-01
-4.292979351957623146e-01 1.246456363042793142e-01 -7.864649677971972119e-01
-3.712412885646645955e-01 2.442624226095946663e-03 -8.587452138478580688e-01
-4.346136966363509657e-01 -3.487355581364572354e-01 -7.328470042077652735e-01
-3.746670837088573180e-01 2.580298872423087420e-01 -7.216836359193841144e-01
-7.198017755729299028e-01 -2.629153264611859275e-01 -5.725719102696277263e-01
-2.695954375779904821e-01 -8.085453504328607433e-02 -8.709286241523884753e-01
-1.368994711571016876e-01 -3.132373352420790846e-01 -7.522974079366441247e-01
-6.857918613122633289e-01 -9.655851471183868329e-02 -6.531136640647065006e-01
-5.902000609049755653e-01 -1.840641791979326092e-01 -7.241987908267008001e-01
-5.977715867667928729e-01 3.592744103587607873e-01 -3.976078687001602385e-01
-4.642605407986162280e-01 -2.287429348198059820e-01 -8.085514768024389953e-01
-3.736823755699216765e-01 -2.250479611353310982e-01 -8.428927257167412312e-01
-4.504602689657395964e-01 -1.327136171393997754e-01 -8.294549615338843163e-01
-7.122168579227931007e-01 1.440492349935060812e-01 -5.918178880168598610e-01
-8.273832213059841845e-01 -4.034510205052811715e-02 -4.146605547647724821e-01
-7.409376381292740454e-01 -2.154342086624076377e-02 -5.965810698785075639e-01
-6.175451221621838238e-01 2.698687261782197200e-01 -6.734902495594897731e-01
-7.135901465779669328e-01 3.105072820889364094e-01 -5.869371730702520606e-01
-5.210157317336837624e-01 3.158059533467176827e-01 -7.529178288308405742e-01
-6.057374271397630849e-01 4.142972063578482245e-01 -3.284910623961515008e-01
-1.187789398466232160e-01 4.047719636339698335e-01 -7.038397503421244261e-01
-3.941657744707318667e-01 2.809202728045386843e-01 -8.009328089870072498e-01
-7.115048902429340627e-01 -2.685942327090860005e-01 -4.291842911408383365e-01
-4.530115828198509331e-01 -2.049252214805150074e-01 -8.369137133320616595e-01
1.508976765956065724e-01 2.368581482644226133e-01 -2.685420502074108984e-01
-5.336504994255997225e-01 -3.143801575924797254e-01 -7.407431977073922758e-01
-2.977224544033496567e-01 -1.818418943533012255e-01 -8.722411880599788558e-01
-1.510123734894653069e-01 -2.036670167522103836e-01 -8.947417242525911307e-01
-3.267527855177678187e-01 9.426851475750980258e-02 -9.055461808032153614e-01
-4.977016295650107947e-01 -4.651483841540265951e-01 -4.531070557174224911e-01
1.059925469595516673e-01 -1.581885996131689176e-01 -7.687822482887951558e-01
-5.681448086638535289e-01 -2.493695679495533390e-01 -7.273563870570453060e-01
-8.216844098985591760e-01 -7.644930486143996888e-03 -4.158049661495448746e-01
-2.425641969350874616e-01 2.419424177952398392e-01 -8.238716306390392319e-01
-6.769605448275440862e-01 -1.810746937071461560e-01 -6.500017478341820754e-01
-4.162313173812386968e-01 -2.614750259403679777e-01 -8.199858051970300155e-01
-5.896023934945286982e-01 3.219316482235742294e-01 -6.004161752776765448e-01
-3.297134178158968032e-01 -1.350784299661844101e-01 -9.007613311374595977e-01
-2.973213562749745797e-01 -1.048672386168728321e-01 -9.077568547920727982e-01
-2.932963475619917437e-01 -4.510961812959162764e-01 -4.447128173228606096e-01
-1.705019450084581945e-01 2.722673335128731331e-01 -8.756101312569998241e-01
-7.239679102352216677e-01 -3.338508582592301654e-01 -3.880514528299110477e-01
-7.473873127910947156e-01 -1.312126579666291482e-01 -6.082547822304100738e-01
-7.707038780379014131e-01 -1.802927278151136015e-01 -5.618807231761213661e-01
-3.236140333433789595e-01 -5.645896170113736678e-01 -2.885847415355315415e-01
-7.344981960495975404e-01 -2.360806310632866667e-01 -5.827704256092972601e-01
-6.033221804849595582e-01 -3.818563489312718495e-01 -6.425752770228623234e-01
-3.490155676879057589e-01 -8.939583711439381963e-02 -9.123785900140726213e-01
-4.665130268821254811e-02 -3.498131292459165653e-01 -7.176329097757262465e-01
-3.501320071759773112e-01 2.258066478777067121e-01 -8.883033667558736246e-01
-3.907632901966299754e-01 2.794414929103101741e-01 -8.386205140239634259e-01
-1.809806657669859598e-01 1.956381644957572996e-01 -9.453857766694387932e-01
-3.393976469091012915e-01 1.142633798253982064e-01 -9.110175964440695440e-01
-1.556914068455002020e-01 9.069397968839415514e-01 3.321691423194289006e-01
-5.489173664333766300e-01 3.459318471725361110e-01 -6.341295182827741961e-01
-2.674315572132680008e-01 1.211157249986708623e-01 -8.788203130405003449e-01
-2.759901048829896397e-01 -1.564287532726287566e-01 -8.827728195902121433e-01
5.641162060872805667e-02 7.684760120871218965e-03 2.371574457578846662e-01
-3.217029568162926290e-01 -5.009205890750288992e-01 -6.544309299381986245e-01
-5.857966410641551880e-01 -3.016169669355204253e-01 -7.073770142215645151e-01
1.447326891655214241e-02 -2.843635134631321004e-01 -4.757146140683043978e-01
-2.352002842188866683e-01 7.531220859548710955e-02 -9.179640437177802870e-01
-2.963162013976267106e-01 3.098718217643938733e-01 -8.758661678975158127e-01
-4.951610143068695402e-01 -5.124324028407060139e-01 -1.160397927789346972e-01
-2.825321402266370296e-01 -2.290379699676341543e-02 -8.726885580724749181e-01
-4.167696513428730265e-01 -1.431667326530579321e-01 -8.736925262428478778e-01
-3.778365879462233234e-01 -2.783193172837151730e-01 -7.961950473137220374e-01
-4.331659233350945160e-01 1.837931643578302049e-02 -8.219980936491918522e-01
-4.836906623703596253e-01 -4.127892467386604092e-02 -8.579362624495407985e-01
-5.086427231750563216e-01 -2.297700633174278376e-02 -8.449766372459364128e-01
-4.784027154297999518e-01 -2.301295287712986151e-02 -8.585818999698769938e-01
-4.850465497605663812e-01 -2.174752676270529442e-02 -8.583557784138737823e-01
-4.597806398971566177e-01 1.474703575636356415e-02 -8.598209456273465667e-01
-4.751930442225322793e-01 4.119361928072523549e-02 -8.350640980381442979e-01
-4.335673789523284416e-01 -7.294620407338300860e-02 -8.350836484394188464e-01
-4.806152604677668139e-01 -4.501912723207480982e-02 -8.568935318517421074e-01
-4.430697503822657035e-01 1.561050426425855502e-02 -8.407609756672697054e-01
-5.034697005187391827e-01 -1.545608916988542962e-02 -8.503906027670585788e-01
-5.012719819544874111e-01 -2.392036466305408685e-02 -8.542426773874253199e-01
-4.889940205814616858e-01 -3.948782393100233601e-02 -8.577126262105341237e-01
-4.984582734073990662e-01 -1.867166364836904749e-02 -8.504807885801083378e-01
-4.517414687373524917e-01 -2.702905781411122157e-02 -8.582745307163222037e-01
-5.111597430974148537e-01 -2.022212553546208838e-02 -8.466894336186682191e-01
-5.082132112937879365e-01 -1.600703396739380779e-02 -8.454295382710251827e-01
-5.108877589743526793e-01 -3.183732759255789024e-02 -8.458534819401050120e-01
-5.074875571759566162e-01 -5.614921522753734545e-02 -8.484534978443855069e-01
-5.283189422758308718e-01 -2.649392026363974612e-02 -8.331261554433100347e-01
-5.014351439620557960e-01 8.995333742344475275e-03 -8.372783341957837910e-01
-4.934969059218060616e-01 2.861764844856160006e-02 -8.332833184127174109e-01
-4.898757485416372903e-01 -2.987179238263210426e-02 -8.549094951265613362e-01
-4.845932506953066765e-01 -7.526003424124858010e-02 -8.487351297072346368e-01
-4.958518976414171830e-01 -7.458086235241868922e-02 -8.351525965086507020e-01
-5.164547443474925004e-01 -2.415069714913474150e-02 -8.447967831124251203e-01
-4.919520323313043009e-01 -2.969561809536742231e-02 -8.600417461218463622e-01
-4.961823778518696937e-01 -4.140744521607911399e-03 -8.061807565276641885e-01
-5.021043391553975388e-01 -2.902010957620761514e-02 -8.545146182221018405e-01
-4.929449103315503011e-01 -1.454623430313405769e-02 -8.508258555165469916e-01
-4.884289666598848334e-01 6.097941735894001070e-03 -8.452649654041595184e-01
-4.642539921295167349e-01 -2.569580735352798573e-02 -8.592065490501834546e-01
-4.566223577649859977e-01 -5.453304221126711870e-02 -8.358666288124328991e-01
-4.997741814606967981e-01 -1.375550997741310615e-02 -8.501043329882751465e-01
-4.788347947416931594e-01 2.299965944159414882e-02 -8.513312541045024995e-01
-4.468830766554525713e-01 -4.886036067334953437e-02 -8.536374815470543220e-01
-4.985648477735132311e-01 1.787061258574471241e-03 -8.452666829038151253e-01
-4.543390099705021390e-01 -8.574513244994443062e-02 -7.837925912238037363e-01
-4.604634886591121856e-01 5.385019863207546678e-03 -8.550693922583282314e-01
-4.935040840446971444e-01 -5.850619563329625961e-02 -8.473310487221560328e-01
-4.796915325016507525e-01 -3.927194256653027127e-02 -8.593308269825297163e-01
-5.008251372565640791e-01 -5.456925816931745138e-02 -8.435277101150028267e-01
-5.310198040334733749e-01 -1.991030059760913115e-02 -8.244146803180063543e-01
-4.994699233785097059e-01 -3.907602192036872812e-02 -8.519807317092976673e-01
-4.838886720024068722e-01 1.722920543847570110e-02 -8.282476237607787617e-01
-5.207830715487785644e-01 -1.720923822814673931e-02 -8.377131385226088689e-01
-5.040784800480686556e-01 -4.314439013381442950e-02 -8.475613697901999144e-01
-4.614459682577761179e-01 -1.005999255803936288e-01 -8.116120033220647345e-01
-4.906316397384286598e-01 7.653548927374832127e-04 -8.521111762054233152e-01
-4.737373406416609534e-01 -2.527830088929641436e-02 -8.522583226360336273e-01
-5.296554803529713862e-01 -6.660026683070371413e-03 -8.168301046113392028e-01
-4.695222343313406599e-01 -3.597152097814863142e-02 -8.480883088399661096e-01
-4.960263190587272386e-01 -2.480575853250014187e-02 -8.555305623708334695e-01
-5.263280920040911415e-01 -1.027014373020937801e-02 -8.247450945543710610e-01
-5.167017779936333710e-01 -5.156843385470578217e-02 -8.427174370103739376e-01
-4.793956024981368413e-01 -7.482255731772594065e-02 -8.348823776871105995e-01
-5.195788428096485001e-01 -4.352115161535910492e-02 -8.400352804314644706e-01
-5.034045373762084941e-01 -7.097846646648217628e-02 -8.329016460840351632e-01
-5.186466929300420636e-01 -5.260859124723120395e-02 -8.333160402065298289e-01
-5.113695267750235640e-01 -2.131373821059567505e-02 -8.257359239582029442e-01
-4.806547055087415088e-01 -7.639239225270898215e-02 -7.875236155849689723e-01
-5.105314059354081335e-01 -5.442666903808524026e-02 -8.361283538539883153e-01
-5.325334264193251066e-01 -3.654411211370577062e-02 -8.215291351262637987e-01
-5.073671393893472992e-01 -3.739262782172649707e-02 -8.480872492874029778e-01
-5.009064344501377164e-01 -1.003738058129141110e-02 -8.465595316411407278e-01
-5.218112772311355174e-01 -1.617588440124097249e-02 -8.244202950249865935e-01
-5.132833312180594687e-01 -4.621803885136098466e-02 -8.380317522141489395e-01
-5.126572986193098647e-01 -3.118665233267468168e-02 -8.378983811149902650e-01
-5.151991856971791517e-01 1.833328488902046319e-02 -8.207134918114662447e-01
-4.651785738784715019e-01 2.163307698041099913e-03 -8.422075315509414128e-01
-4.957752173000128382e-01 -4.521040997679747625e-02 -8.502965154837462958e-01
-5.136948583532201518e-01 -2.828052746083885294e-02 -8.345558469622389453e-01
-5.144114940217719978e-01 -5.103338290744222766e-02 -8.281948421771345714e-01
-5.336260797990338700e-01 -4.062490134778233564e-02 -8.145191288997554180e-01
-5.036744384922283713e-01 -6.053011374227727087e-02 -8.320407441291930439e-01
-5.218448145426263229e-01 -3.829536813841001586e-02 -8.244673196521608016e-01
-4.825157359815246960e-01 -6.593783138724723658e-02 -8.270848833557593593e-01
-5.154344821336932503e-01 -4.278405432799605584e-02 -8.422900055918056683e-01
-4.325539349491349661e-01 -2.451166808611710685e-02 -7.050406441006992209e-01
-5.184189127438320055e-01 -4.640685248115688361e-02 -8.272421764641918474e-01
-5.188404358669582717e-01 -2.485802108259557372e-02 -8.308411703368934198e-01
-5.239976686029764741e-01 -6.865567041442460772e-02 -8.036420367004661891e-01
-4.906197355662877957e-01 -7.402857400348798050e-03 -8.498162259646281358e-01
-4.667922755771379273e-01 -4.347352606884048731e-02 -8.544992373178532663e-01
-4.679717519127412628e-01 -7.286248476743022173e-02 -8.537604169377996932e-01
-4.654859045395085548e-01 -7.733256075907214699e-02 -8.173036453748860897e-01
-5.170340802922124279e-01 -4.552429081398388228e-02 -8.344821608899292142e-01
-5.283214263593245530e-01 -1.897691840650702136e-02 -8.166839095336574372e-01
-5.050570708024220146e-01 -3.916086987803502756e-02 -8.482988978469887531e-01
-5.070871733013404548e-01 -2.252441255534155112e-02 -8.509523404409676806e-01
-4.893815382370079736e-01 -2.375449376604696350e-02 -8.524131096323633860e-01
-4.962554558256191406e-01 -4.621592208661201573e-02 -8.465407761465623127e-01
-5.164666844323014816e-01 -3.785929233516754921e-02 -8.398728194478651821e-01
-4.672364643217834512e-01 1.994002561346635422e-02 -8.030503115602909414e-01
-5.071401827772761273e-01 -5.850243209480726625e-02 -8.403627344446544800e-01
-5.058050133384304203e-01 -3.464463100495650955e-02 -8.482683211338759577e-01
-5.093191396824001682e-01 -4.308399504600463753e-02 -8.418187194232085169e-01
-5.173190811908808806e-01 -3.272299541629578035e-02 -8.378118702878383228e-01
-5.246885185385533612e-01 -7.108441596534008367e-02 -8.197272878817998265e-01
-5.151497430637274055e-01 -1.167569320149160726e-02 -8.384976496568631310e-01
-5.100452338382882589e-01 -4.601556791374181166e-02 -8.469801774839297304e-01
-4.919768808793772430e-01 -7.403389298575505095e-02 -8.435571678269535578e-01
-5.080269919921500676e-01 -2.571833229915900312e-02 -8.479838704147955042e-01
-4.189169846556757282e-01 -3.529647434369134751e-02 -7.912306639536385022e-01
-4.942977976887537039e-01 -3.356931016034126608e-02 -8.573615505145258942e-01
-4.578984575020448311e-01 -1.755388953357766083e-02 -8.218468431022094567e-01
-5.112075188500755374e-01 -3.989240014151550391e-03 -8.379093053423360971e-01
-5.418175128014908193e-01 -2.750270780125467149e-02 -8.043366605861942409e-01
-4.916517932227566501e-01 -5.262739378752834263e-02 -8.550365629206252427e-01
-5.060246790027875807e-01 -2.179322837459127249e-02 -8.395134282508772694e-01
-5.036732454687098404e-01 -2.910511437156935999e-02 -8.489681769059425065e-01
-5.030325775865067683e-01 -6.876105302624981042e-02 -8.131214304264179349e-01
-5.105898717195460623e-01 -2.823739383639502568e-02 -8.455408518376699156e-01
-5.015780732013578325e-01 -4.042003480841133839e-02 -8.520854213105270025e-01
-4.955632535379270176e-01 7.134868423621607350e-03 -8.325640149054965855e-01
-4.953449607040617542e-01 -8.276125384028540366e-03 -8.366808754568820783e-01
-5.221821360284156777e-01 -3.231653747716367597e-02 -8.327651247145992919e-01
-4.975228549973144121e-01 -3.449978925097544474e-02 -8.551352100993357963e-01
-5.050953892542272561e-01 -3.257288306053979926e-02 -8.485027016484453233e-01
-5.034646336666019906e-01 -2.466316834667765454e-02 -8.513215851019643177e-01
-5.247586155782900663e-01 -1.694976089469553762e-02 -8.012733205169914052e-01
-5.073941749964455683e-01 8.451254202793861622e-03 -8.277194612139963104e-01
-4.953469075144606437e-01 -2.838571387946430338e-02 -8.567325093668313185e-01
-4.524812027997449082e-01 -5.610358358743183088e-02 -7.573863074583807586e-01
-4.889961086537356061e-01 -1.854013060025719306e-02 -8.569058039974304375e-01
-5.175566306237237013e-01 -1.561435602975641893e-02 -8.336843712355669345e-01
-5.124360284901132712e-01 -6.541956621370159652e-02 -8.245055734948748549e-01
-4.998458588619327236e-01 -2.884972803439380187e-02 -8.499015147733721687e-01
-4.999619952054449867e-01 -1.181086402626213214e-02 -8.417355897445321089e-01
-5.007238304846175492e-01 -3.260626598397328019e-02 -8.534591641016816554e-01
-5.099063331223382400e-01 -1.054456764900217093e-02 -8.357976619699226672e-01
-4.541555302141499495e-01 -3.562845731707354330e-02 -8.568301089429122275e-01
-4.771854836640967990e-01 -5.423312551835918205e-02 -8.482264179424742201e-01
-5.237542951170458538e-01 -2.355291470482289568e-02 -8.370906746658816067e-01
-5.126130312663537136e-01 -6.516847257202151855e-02 -8.423789241915549120e-01
-4.778680128532065141e-01 -3.547603060836327510e-02 -8.584814048645244000e-01
-5.156029534562411865e-01 -2.271807604928923179e-03 -8.247174533662976481e-01
-5.172753660037552326e-01 -2.796342538031239625e-02 -8.406972975935872450e-01
-5.173590632312893289e-01 -8.801007028295310120e-02 -8.256100849368190886e-01
-5.073989031131175276e-01 -4.790610472310646156e-02 -8.459624844039570490e-01
-5.013814317878598770e-01 -1.717083069208800907e-03 -8.411612286758957113e-01
-5.037039259671444169e-01 -4.437800792391856375e-02 -8.528546912423000670e-01
-5.181430750506265115e-01 -4.247590167866247685e-02 -8.297517790399444593e-01
-5.099979321507955854e-01 -2.912026344070462944e-02 -8.498608288317918147e-01
-5.003753881114573199e-01 -1.716824589070941459e-02 -8.483132390280804236e-01
-5.063511264682623025e-01 -3.247950512242991916e-02 -8.544344521920185231e-01
-4.967846738289688480e-01 -6.223376843336728137e-02 -8.469036663349115424e-01
-5.114772759749746101e-01 3.368284833115770417e-03 -8.291724002603452215e-01
-4.278231278170597784e-01 -4.823195490082229919e-02 -8.296219240860426281e-01
-4.982607943243951842e-01 2.848917356152158228e-02 -8.191416730743258379e-01
-4.508063203175992073e-01 -1.137702598798154448e-02 -8.447243950107414800e-01
-4.168721265555979660e-01 -1.270499915860843487e-01 -8.239517017215487460e-01
-4.122237439445529117e-01 -2.317748569795601704e-02 -8.611143017731964777e-01
-4.818837872462176652e-01 -5.307450462711422318e-02 -8.555811416844497641e-01
-5.007466959232519388e-01 -3.491079233018453548e-02 -8.524801958709344873e-01
-5.122496321173202194e-01 -5.182253335269713934e-02 -8.157388303374772942e-01
-5.128223775195539513e-01 -3.766476140497652947e-02 -8.432827612516206051e-01
-5.220379927540597098e-01 -4.830731915437926419e-03 -8.330620961887826859e-01
-5.229623596149547415e-01 -2.218137263009564361e-02 -8.329335052947435258e-01
-4.814438109707062652e-01 -1.816684393561076791e-02 -8.583157241671428572e-01
-4.794933614435714642e-01 -1.155885933167829539e-02 -8.575238575140712305e-01
-5.020554113035532451e-01 -6.512349727224911455e-02 -8.404166547761223738e-01
-4.935019413974205404e-01 -4.893592545125589888e-02 -8.480160392096096622e-01
-4.977100707899037579e-01 -4.243971321545830094e-02 -8.542728872488764003e-01
-4.692094782936903630e-01 -5.853636711190753072e-02 -8.220089419251522811e-01
-4.955119706110553968e-01 -5.464060669656061603e-02 -8.508772115814067227e-01
-5.120343827578421880e-01 -2.059564264370676925e-02 -8.424581133429401847e-01
-4.699891257850339898e-01 -6.291923275156341422e-02 -8.396892389083304709e-01
-5.094714823168962070e-01 -2.681091982895102491e-02 -8.433325017618978903e-01
-4.704702111070657167e-01 -4.160521894903241279e-03 -8.403708200845819709e-01
-5.183324031760609962e-01 -4.164635777229939995e-02 -8.340430468430679589e-01
-5.079827260547643553e-01 -5.351308655962878219e-02 -8.296974309250870760e-01
-5.013732908018582179e-01 -5.904025665476522050e-02 -8.428370142204857363e-01
-5.126562078697468605e-01 -5.444240825402198863e-02 -8.405399703614560014e-01
-4.848414886635253329e-01 -5.907648966499671334e-02 -8.536166065353717469e-01
-4.854864437474190608e-01 -1.564697484611609832e-02 -8.447559967448142748e-01
-5.203989859558957320e-01 -3.403404604205339384e-02 -8.286138786151768798e-01
-5.036720334882677230e-01 -2.081832127459661355e-02 -8.465510257979901310e-01
-4.165905472190502001e-01 -6.074261538373487354e-03 -8.075579570386094419e-01
-4.868033938406080008e-01 -1.541863813270283323e-02 -8.517830128337728901e-01
-4.924164554062114840e-01 1.751091487071335454e-02 -8.407013638920785015e-01
-5.045228418581806373e-01 -5.523508580882327372e-03 -8.424268293279004727e-01
-5.112103530402811735e-01 -2.835070053040924729e-02 -8.398692438970314367e-01
-4.854289343075814944e-01 -1.049256130287517727e-02 -8.542868657902422669e-01
-5.188867925679491178e-01 -3.777328367964079975e-02 -8.329562530132688103e-01
-4.881208621176379991e-01 -5.933426104374776855e-02 -8.391295174767205989e-01
-4.851847812699339735e-01 -3.819072409452458662e-03 -8.466883698705914840e-01
-4.979418006298540478e-01 -4.890710190719151085e-02 -8.541923079264419627e-01
-4.866966310811679519e-01 -4.431117708303645986e-02 -8.382480186423786339e-01
-4.911928200852194171e-01 -3.022759872189777902e-02 -8.517499226908719079e-01
-4.908562874421154576e-01 -4.653190294774742219e-02 -8.505660426059085122e-01
-4.882937097353292066e-01 -4.358297947541482642e-02 -8.612458573064661893e-01
-3.913243725551557306e-01 -4.256625507188551566e-02 -8.191699286207072550e-01
-4.858953564887512622e-01 -2.495635475259262367e-02 -8.607344579231036574e-01
-4.629508758000848156e-01 4.097186798090090600e-03 -8.259270712428294914e-01
-4.837644611261002758e-01 -2.878072196421004730e-02 -8.596658575047601003e-01
-4.012469286144482727e-01 2.778061854239901457e-02 -7.789682199161557241e-01
-4.769227961967691942e-01 2.779110643792758947e-02 -8.072608688034486057e-01
-5.260165187417231714e-01 -6.177934316222831457e-02 -8.328905353871050021e-01
-4.964097746188209648e-01 -1.214666082556456993e-02 -8.444087335591513588e-01
-5.075463726812440290e-01 -3.255377160877240272e-02 -8.463838281603147662e-01
-5.183717082842977941e-01 -5.583673074532965325e-02 -8.225947859996772804e-01
-5.249975770589132562e-01 -2.512049421066365334e-02 -8.242601192953196154e-01
-4.891495249373027931e-01 -3.317282973857104550e-02 -8.598682147128741127e-01
-4.587709737409331190e-01 -1.893631938764748709e-02 -8.585170134856484614e-01
-4.940566796858817944e-01 -1.864894075091748024e-02 -8.539739542087446678e-01
-5.074056500690765636e-01 -4.241903745959515332e-02 -8.450945205640093549e-01
-4.897105055473899293e-01 -1.755148946404708199e-02 -8.505066813085994104e-01
-5.073829029879896035e-01 -1.507106971985634584e-02 -8.388312729214396635e-01
-5.110088295592996044e-01 -5.020866875316616629e-03 -8.283196431013276628e-01
-5.106373051516771566e-01 -4.189197425557891763e-02 -8.448978648385985224e-01
-4.734809401388492267e-01 -8.048662070210816158e-03 -8.689239059126789844e-01
-4.551171633639632397e-01 2.709413466524203742e-02 -8.292472447304277683e-01
-4.297088240434834838e-01 -4.270666838204124904e-02 -8.552616107485028207e-01
-4.555460757146870820e-01 -9.131004368476607069e-02 -8.452266656015043900e-01
-5.127618445688414406e-01 1.764512837375623380e-02 -8.367189181044405455e-01
-4.947093456019245883e-01 -2.266567152647497307e-02 -8.509639864958480349e-01
-4.944328488816657208e-01 -4.938636637998292805e-03 -8.432343584653353430e-01
-5.028076481471486225e-01 -1.682330625882172762e-02 -8.395525840764522796e-01
-4.277987777106603273e-01 -2.052323289073497339e-03 -8.286152604798455723e-01
-5.022111685803329895e-01 -4.620904885064117812e-02 -8.408254556701323379e-01
-4.515378335635699680e-01 -3.195406270041613317e-02 -8.248929752915757918e-01
-4.738541150080438635e-01 4.839020657090160361e-03 -8.531160266642946466e-01
-4.824322433441400326e-01 -4.376370422165287190e-03 -8.531792870021486230e-01
-4.993905069397661656e-01 -1.698909261072200846e-02 -8.550708119584907729e-01
-5.057159808216229457e-01 6.046366410286927763e-04 -8.383508349534231074e-01
-4.986733427435252608e-01 -2.606388031589712898e-02 -8.542594517772426066e-01
-4.642309012686649528e-01 -1.499224402432973793e-02 -8.539094507774523946e-01
-4.976267141879940903e-01 -2.813208300298545433e-02 -8.462738966312393085e-01
-5.082003506855012898e-01 2.940966237654665198e-03 -8.102170463619824403e-01
-5.241468865472472816e-01 -4.848672303831522146e-02 -8.177608262503309744e-01
-5.286415062639698847e-01 -2.469457849980245898e-03 -8.108202774529770229e-01
-4.839875050347591245e-01 1.479724224683058803e-03 -8.414530601785686903e-01
-4.989927343420842987e-01 -1.742828389518135540e-02 -8.457759922046866885e-01
-5.171639835434109767e-01 -1.646370811008504229e-02 -8.417636563465722421e-01
-4.826478461390161789e-01 -3.270442782364667289e-02 -8.612150609832978088e-01
-4.956770462459519355e-01 6.808628991895427501e-03 -8.116839266039347356e-01
-5.321579777122490418e-01 -2.816250323774992237e-02 -8.247839181001024311e-01
-5.077802480353682535e-01 -3.965972238285592200e-02 -8.482290848740595690e-01
-5.279871307457713048e-01 -3.718537774366027782e-02 -8.260387559515556255e-01
-4.957509607275504826e-01 -7.461253919292387682e-02 -8.235118017983793504e-01
-4.890283985660650035e-01 -6.321621095515325695e-02 -8.467780545722118912e-01
-5.081061465862752868e-01 -5.169099828558298276e-02 -8.437114435863544148e-01
-4.917014735161541750e-01 -2.225479273603148123e-02 -8.577071660320505497e-01
-4.734255706178303602e-01 -4.089939761413711322e-02 -8.578350419003900607e-01
-5.120696354280601659e-01 -1.540138847022685942e-02 -8.372818145346806462e-01
-5.017850008989066524e-01 -5.019096400103691819e-02 -8.478729680875403130e-01
-4.758875667991789848e-01 -5.265514857648921632e-02 -8.093722566004455388e-01
-4.694354067608839665e-01 -5.355618008086918819e-02 -8.503471594308203985e-01
-4.855674169685207930e-01 -2.398478272772985170e-02 -8.538431791412871563e-01
-4.813505495346994678e-01 -8.237495659721656704e-03 -8.300605026267785513e-01
-4.638479869475474748e-01 -3.580513437545661259e-02 -8.568696763523969695e-01
-4.617763429544894938e-01 -6.476256547773802386e-02 -8.378058588259649220e-01
-4.933436274512863484e-01 -7.934416056401773568e-03 -8.426705143673661746e-01
-4.881197085021790616e-01 -4.725597175314133480e-02 -8.528874201159848401e-01
-4.953296142293480142e-01 -2.640387484727020791e-03 -8.229747528292382652e-01
-4.901744083565642840e-01 -4.098524611467274648e-02 -8.536911672377093252e-01
-4.371344252777249473e-01 -4.209718435991848841e-03 -8.791580989697262982e-01
-4.656538122925835688e-01 -4.964878421356861554e-02 -8.531540701460449405e-01
-4.921902357552994656e-01 -1.068030117504980593e-02 -8.543664934002508371e-01
-4.975929261291244798e-01 -3.086896507340088427e-02 -8.549134239940796576e-01
-5.079449864059827346e-01 -1.050954122449639268e-02 -8.416084235427625515e-01
-5.091649232135471159e-01 -3.804193466033012339e-02 -8.461688579995110260e-01
-5.047185681943983093e-01 -3.620821657951375089e-02 -8.503230748385054438e-01
-5.198208126950625285e-01 -2.943582221895701609e-02 -8.088417074181492028e-01
-4.875919162888057157e-01 -5.473901767659366396e-02 -8.513395267524858090e-01
-5.149057016589068114e-01 -1.305864442814985010e-02 -8.314195275993322420e-01
-4.961783581185463254e-01 -4.167644572916531093e-02 -8.469507376487049877e-01
-4.963133331370948587e-01 -3.937022916757608459e-02 -8.558030684499475793e-01
-5.017718944899794975e-01 -4.706165961389874308e-02 -8.487635496753509479e-01
-5.129692769063590729e-01 -3.101227891935217501e-02 -8.439516753645855962e-01
-5.011718823135339340e-01 -4.193009672215945033e-02 -8.454932249789984811e-01
-5.131646682314762176e-01 -2.122397052112235880e-02 -8.396321597262710323e-01
-5.057721353672439690e-01 -5.012711118477056194e-02 -8.497992926132706959e-01
-5.022360408034703960e-01 -3.664982294801018975e-02 -8.511704188434161544e-01
-5.118878184859055880e-01 -3.990567843745115861e-02 -8.395400043818295188e-01
-5.063588372383184266e-01 -1.879813062356866862e-02 -8.447477214330352258e-01
-5.112533241661237904e-01 -3.311302505822415893e-02 -8.264223357021376337e-01
-4.560091863254310818e-01 2.887903002764268673e-02 -7.888247783335335939e-01
-4.806964807848640997e-01 -8.495803992813383276e-03 -8.532574238313727077e-01
-5.007719528611442872e-01 -6.107318480378694757e-03 -8.370887880847157625e-01
-5.131327188335855771e-01 -4.877513047616997832e-02 -8.401250908357346114e-01
-5.465926826658663584e-01 -3.509502887248910907e-02 -8.033581333902491961e-01
-5.317731557469767001e-01 -5.390176150786653297e-02 -8.209668106159158096e-01
-5.126077006761824428e-01 -3.527151916960291622e-02 -8.439600870659688114e-01
-4.763290333081131034e-01 -1.760139877995029259e-02 -8.525196934607781607e-01
-4.709568763323269680e-01 -3.082987407823392645e-02 -8.556131446415691233e-01
-4.922919336195236140e-01 -3.672035141646919770e-02 -8.522145020541271876e-01
-5.006591375992112125e-01 -3.943858654229345090e-02 -8.490017058329468735e-01
-5.372184765614915758e-01 -1.195804166106161602e-02 -8.153049479459252291e-01
-5.058959494869575968e-01 -2.715443826950942469e-02 -8.501856927959364763e-01
-5.149765444360169253e-01 -3.421128141408212586e-02 -8.415517169291621968e-01
-5.426413008203512245e-01 -6.538262504049464907e-02 -8.011274299364282703e-01
-5.209434039471779743e-01 -3.490465425215496381e-02 -8.377505739402236751e-01
-5.167882767718509074e-01 -2.486743777015778395e-02 -8.384560939208508534e-01
-5.107451166951502142e-01 -3.565583167279973847e-02 -8.489363914915226683e-01
-4.774985241354962606e-01 -3.181698024736894642e-02 -8.606906292884139997e-01
-4.332013449422158491e-01 -7.235758265849173698e-02 -8.090565744152991012e-01
-5.129942536771625594e-01 4.092779427037169897e-03 -8.196193589168351279e-01
-5.223869400263633223e-01 -1.568934410727038792e-02 -8.312855197051108869e-01
-5.387364215787900923e-01 -4.965817163755956165e-02 -8.078435067051570329e-01
-5.069275829628950847e-01 -2.907339883479317932e-02 -8.499201960331429495e-01
-5.265965152663515392e-01 -4.233176869998474950e-02 -8.137061907151332818e-01
-5.201901024979113108e-01 -2.957880117987031487e-02 -8.355058399186560125e-01
-4.942707500878718574e-01 -1.196995209061352435e-02 -8.477629724809415679e-01
-5.153425801323142652e-01 -2.259928504487626957e-02 -8.341047311238803941e-01
-5.325422370939303374e-01 -4.724395073885659380e-02 -8.265945060496914243e-01
-5.284024489653887935e-01 -3.835290004362867933e-02 -8.338285977987796027e-01
-5.120084635255639505e-01 -6.210153652073429481e-03 -8.205706880436238748e-01
-4.997137084920901251e-01 -4.113493234082176569e-02 -8.195027585590116681e-01
-4.754975027730613535e-01 -4.573071501896838753e-02 -8.541983008315873205e-01
-4.938680694408978389e-01 -4.571204404469081384e-02 -8.546989614772394495e-01
-4.393356057809628679e-01 -1.430388720954216437e-02 -8.384552462024413844e-01
-4.708673511742463291e-01 -6.072327856341407266e-03 -8.550705981969001224e-01
-5.283971360138628448e-01 9.771769274824364249e-03 -8.221369862493353997e-01
-4.799869233319615791e-01 5.705488334611155937e-04 -8.511673341652761238e-01
-5.205313052410087682e-01 -6.328357840253638969e-03 -8.263967506903088234e-01
-4.608308813098285772e-01 -4.400665185769536691e-02 -8.487102233882545255e-01
-4.690142142923384161e-01 -1.809844315928363714e-02 -8.574391714571485412e-01
-4.963108304217586642e-01 -4.675189106363665872e-03 -8.500565467861581626e-01
-4.603930583728701453e-01 -3.199280796943174826e-02 -7.777775249801327506e-01
-4.916017302857484950e-01 -3.908038025332855048e-02 -8.592083667738004138e-01
-4.552058463186980930e-01 -2.678439004339137897e-02 -8.407539343066486870e-01
-4.822443412752159264e-01 -4.443801153674506454e-02 -8.532283302405124781e-01
-4.342533150641776363e-01 -3.264906112133143107e-02 -8.202580191780134422e-01
-5.337732122246280353e-01 -2.975805279610677437e-02 -8.151846649926720589e-01
-5.014300408914895701e-01 -6.180362242536153322e-02 -8.226604133972321709e-01
-5.048825058144340572e-01 -1.527794422288754686e-02 -8.461308044929449768e-01
-4.991628746914489878e-01 -5.861990583428900586e-02 -8.476187422362437829e-01
-5.353929376898883818e-01 -1.957417961456284217e-02 -8.086854680846403687e-01
-4.680381122213831957e-01 -1.284044024525744787e-02 -8.430388974476707986e-01
-5.185322071718697634e-01 -3.482705515017635745e-03 -8.446001613104991979e-01
-5.033894800974935135e-01 -4.673686956139329329e-02 -8.457464069120335104e-01
-4.848349278740372026e-01 -3.420175855989388697e-02 -8.560011577555212137e-01
-4.889847595362002974e-01 -4.895941573599726926e-02 -8.453728825178583595e-01
-4.811330345677997111e-01 -6.089702889548981313e-02 -8.440210654621912445e-01
-4.885380570351646745e-01 -3.834690248483529212e-02 -8.437674585250419801e-01
-1.799843810002702688e-02 -5.179253849754911210e-02 4.688317268249000969e-02
-6.710285896774289549e-01 -2.993109011017637267e-01 -5.753855747158466150e-01
-4.124815009370880192e-01 3.510608266867210059e-01 -7.504572842782680775e-01
-2.670936745666118162e-01 3.252788373849160863e-02 -9.037011533037103694e-01
-3.431683201991034271e-01 -2.862460583408396597e-01 -8.248133828205396201e-01
-6.973817303202665130e-01 9.555092123523553638e-02 -3.758770434338631894e-01
-2.007441231010108629e-01 -6.129799366756774059e-01 -5.594020056187792855e-01
-6.820457078569942544e-01 -3.715906389812808630e-01 -5.578850548854467073e-01
-5.014221839281360893e-01 -3.254450316878539917e-01 -7.365650610873140103e-01
-7.570677665509587539e-01 -1.681276976624501707e-01 -5.208866243587730871e-01
-1.688144698177466985e-01 -4.263063823886359960e-01 -7.127055095858852996e-01
-5.523511019525875199e-01 3.532253489357004561e-01 -5.478378206962876140e-01
-7.194284413596641059e-01 -2.071671834353496222e-01 -5.871291319277889276e-01
-5.581946714134722320e-01 -2.707300562955721190e-01 -7.369116861033561117e-01
-3.440628601342594073e-01 -2.459743407636834911e-01 -8.664143052098919329e-01
-3.900200584459350694e-01 -4.784798149071931572e-01 -4.952053441542457746e-01
-2.786331878116916072e-01 -5.438773450830725054e-01 -5.174921293519054721e-01
-7.600337495419183798e-01 -2.320739237743506267e-01 -5.118015901888919306e-01
-5.947389178684555633e-01 -3.371273991490607580e-01 -6.901596636953023500e-01
-6.730903913074882672e-01 -2.754438817503445103e-01 -6.549913618362747103e-01
-4.996437327677713536e-01 -4.694069122672192562e-01 -5.897346246334252973e-01
-6.669160915991104721e-01 -2.747124222302576579e-01 -5.760207040609386375e-01
-5.232062197190213704e-01 -4.175431164936385664e-01 -5.794290168319802259e-01
-5.977905001995570400e-01 -1.518422014560696642e-01 -7.467416112181459731e-01
-4.198222376584205828e-01 -4.352028137567449939e-02 -8.619279581629123443e-01
-3.270247711518107780e-01 -9.609827217814574662e-02 -8.849750348861988858e-01
-4.122561477767981430e-01 -1.716839511839760579e-01 -8.549904035841375816e-01
-7.241155515190634828e-01 -9.169384534735547376e-02 -5.968528802912835829e-01
-7.365163826139203840e-01 6.407745820869384379e-02 -6.138064647993045631e-01
-6.308758157454901205e-01 2.013583680104051310e-01 -6.897184615842432143e-01
-6.191243738075493663e-01 -2.536544455367076845e-01 -6.898481330061999595e-01
-1.380549349667781756e-01 2.768238044022115485e-01 -7.923414506862807016e-01
-4.656080001857527684e-01 4.465821461661650948e-01 -5.083641174096620308e-01
-4.701604881350869847e-01 -1.197320104132395813e-01 -8.409408203201892418e-01
-6.675336842198600351e-01 -1.535925363825363932e-01 -6.605149741192015700e-01
-5.203290704891027074e-01 -2.676471738449592297e-01 -7.338842427495191334e-01
-4.778345135546430145e-01 -2.056695580864905393e-01 -8.027543364000672144e-01
-5.721213483842541025e-01 -1.938254773250232821e-01 -7.580000147413291645e-01
-3.397058139659975828e-01 2.574661695391900623e-02 -8.755695130846492535e-01
-7.451789892472361343e-01 1.220237197082468944e-01 -4.604500794613390346e-01
-4.359316231589030477e-01 1.110926833160219979e-01 -8.434628093894187550e-01
-5.745661799613911436e-01 -3.785372324921586484e-01 -1.006638625180215907e-01
7.087315328848851903e-02 -3.160128518066023240e-01 -6.950008020837011857e-01
-3.371254808161097127e-01 -2.917621843174637575e-01 -8.062039895388870558e-01
-6.877550116378570166e-01 -7.116917304060887961e-02 -6.691338543131206684e-01
-4.924958339750846736e-01 2.364289717128909007e-01 -7.529215848242495346e-01
-7.846551319780564748e-01 -1.538166378200995221e-01 -3.996604441221445758e-01
-7.443914352985596672e-01 1.584013558102605190e-01 -6.035842059730482934e-01
1.139519685171830610e-01 1.381183986073760972e-01 -6.901347564213011765e-01
-3.110097852646296346e-01 -5.549193802921821572e-02 -9.248559195515935194e-01
-5.074657695076915109e-01 -5.288664122863703243e-01 -6.494046193202406281e-01
5.306367922921144398e-02 -5.657806799890220395e-01 -7.903482088168034547e-01
-3.353878706794297671e-01 -4.919854174849061512e-01 -7.857795161833801556e-01
1.395183476887131568e-01 3.300519377386565978e-01 9.296085243762598482e-01
-7.912978650946358439e-01 -3.796593833357826409e-01 -4.500852934918366799e-01
-6.712656801019879493e-01 -3.529995401094133678e-01 -5.840072539231594417e-01
-7.448921289406745805e-01 3.465286654507290093e-02 -5.634817138962033845e-01
-8.277740180864532338e-01 -1.451348775170107630e-01 -4.759700603997105706e-01
-6.825655621350587010e-01 -1.645939358275094189e-01 -1.466883721930769824e-01
-7.562107963183125614e-01 -2.670463174862995892e-01 -5.493692150171928246e-01
1.219178489787404313e-01 9.358073534439968148e-04 -4.619477778025702364e-01
-3.397669760508774117e-01 -5.561018728766982111e-01 -5.049357273716411632e-01
-7.462393049382529675e-01 -3.821781622782633447e-01 -4.368235390284724295e-01
-7.482690029321076297e-01 -1.799731362423350467e-01 -5.793772919901980512e-01
-6.326628627261393634e-01 -3.016553126880529567e-01 -6.618567602927606375e-01
-4.150242282845194031e-01 -2.123616433478721366e-01 -7.987510922461065199e-01
-5.640038446778850023e-01 2.241395746609607109e-01 -4.249436723735346977e-01
-5.103223566452183002e-01 -2.415174279778483646e-01 -7.674978318937263344e-01
-7.340400114555277744e-01 -9.467784625119261832e-02 -6.098462109133732101e-01
-5.748977403015249621e-01 -3.134649160111577793e-01 -7.140822826295394332e-01
-5.218397826964030761e-01 -4.152257073883313665e-01 -6.702960992913644667e-01
-2.138677439878503006e-01 -1.885304975196866739e-01 -7.969392140045470363e-01
-3.261398849048541826e-01 -9.055926502723556926e-01 -6.712207343921049174e-02
-7.985874775651242707e-01 3.411578014198173303e-01 4.448967324224485931e-01
-3.533891510069751551e-01 -6.452843428435432738e-02 -9.160199289587810378e-01
-1.364586478403234937e-01 -1.330525665905345767e-01 -8.940079491812543688e-01
4.003577902741634609e-01 1.419008976925958607e-02 -9.037188709778836149e-01
-8.292758530807479156e-01 -5.168274210683793113e-01 -1.655657290546904137e-01
-7.854704366717411013e-01 -1.402733945855443864e-01 -5.774102449545088778e-01
-8.326063842306005158e-01 1.774768846079453344e-01 -4.549430261797373087e-01
-7.286069252580787969e-01 -3.671074903550206048e-01 -5.520102523079170043e-01
-8.097408690027686484e-01 9.290774150268515941e-02 -5.345206786224229178e-01
-6.730695707360355717e-01 -4.885468036967929861e-01 -5.015295315300108969e-01
-2.030866360243798185e-01 -5.718654511608773916e-01 -7.762402432908058758e-01
-3.537807413751221097e-01 -1.684813722578854533e-01 -9.020487494406863593e-01
-1.956785287327541534e-01 -1.421863200247232284e-01 -8.770144041183628447e-01
6.289415969396536243e-02 -1.656271255870647441e-01 -9.145883308723578020e-01
-4.645000061588117624e-01 4.599892053802295266e-01 -7.301952488692675658e-01
-5.740558826759519784e-01 4.117122682038755754e-01 -6.859753924040103978e-01
-4.370141129660818358e-01 4.128395895512185776e-01 -7.680348612064736846e-01
-5.216659812871299318e-01 3.498697899863567051e-01 -7.337013609952416360e-01
-5.091641814295035928e-01 4.497386998460075613e-01 -7.118531620542513094e-01
-5.266283807480701684e-01 4.121527359598288198e-01 -7.176502647232751997e-01
-4.909251638390093042e-01 4.240338175139146681e-01 -7.298895169196271127e-01
-5.525258152403434986e-01 5.073927128967132827e-01 -6.364719700627483601e-01
-3.468883642326843764e-01 4.083739361026363923e-01 -7.663059382428558663e-01
-4.808813413368542844e-01 5.032743077296197853e-01 -6.934467132192314587e-01
-4.872855999495244728e-01 3.841834250347667679e-01 -7.568958629010732464e-01
-5.336083741917414525e-01 4.483655313397674758e-01 -7.001092305731643206e-01
-5.570098825725526837e-01 4.426412872547198507e-01 -6.699599143371144372e-01
-5.189282907521280963e-01 4.679735555978320471e-01 -7.007651383693286329e-01
-4.516605905549176958e-01 3.920774492022536251e-01 -7.753116033535124574e-01
-4.955902012611476115e-01 4.548115289859314125e-01 -7.195391358915547153e-01
-4.431477185335435665e-01 4.711598500971306835e-01 -7.425580830452203074e-01
-5.337648686441665014e-01 5.038004079043127970e-01 -6.657489909905592862e-01
-4.996395366752079403e-01 4.964255463007375968e-01 -6.913925216236107563e-01
-5.223329127795014459e-01 4.153352371722266456e-01 -7.227305080290358230e-01
-3.741605352181496258e-01 -3.833592470974876709e-02 -9.106256036372430973e-01
-7.551208302711726050e-01 -2.532503389287067974e-01 -5.969095369573244048e-01
-7.464154352187413188e-01 -1.994183956996938567e-01 -6.116472295584283181e-01
-7.595259168332748612e-01 -2.748673838762567545e-01 -5.607979922590661248e-01
-7.389267498227788389e-01 -2.374224484297335347e-01 -6.210432852446408081e-01
-7.713266892775316741e-01 -2.038840200203490272e-01 -5.629768156512123811e-01
-7.101559616963407096e-02 3.386088732791714961e-01 -7.801070406213838071e-01
-5.530458187800810776e-01 3.267721972147519804e-01 -6.724978628066244912e-01
-5.310779888314481889e-01 -3.366550042942437759e-01 -6.914404472603015162e-01
-2.339380514051457305e-01 -3.134079787824080032e-01 -8.004624939732557509e-01
-7.788275246545621755e-01 -2.430633810548735174e-01 -3.690831103162233728e-01
-5.447106648892255931e-01 -3.608775434202197152e-01 -7.096534920478536623e-01
-4.784017080352981899e-01 -3.066182612301017185e-01 -8.030659981881079768e-01
6.465937362700655555e-01 -4.915559646445865072e-01 -5.575389427400588849e-01
-1.939737507193954325e-01 -8.757525999062705513e-02 -9.589631697505356378e-01
-6.777408261417001700e-01 -3.521811398859376885e-01 -5.519674459988005433e-01
-7.832711229674890197e-01 -8.717387243350593895e-02 -5.548000148918732499e-01
-3.888143889851400359e-01 -2.488348730167692646e-01 -8.615598211018317132e-01
-4.637262219345504866e-01 -4.232940063760928240e-01 -6.992093083747680238e-01
-1.025038144748752350e-01 2.207397660678249440e-01 -9.510142842715998412e-01
-5.172292399147756514e-01 -3.275541124656261016e-01 -7.705130849761058220e-01
-7.795398478615540583e-01 5.982796357849651248e-01 6.666683067636569593e-02
-4.514731778047437749e-01 -2.061120477590964659e-02 -8.807930587198489203e-01
-4.473780677012459406e-01 -3.595569442835517410e-02 -8.853609005885871852e-01
-4.826807078040651899e-01 -2.579444778449330872e-02 -8.599371486192455283e-01
-4.592637073864719310e-01 -8.527218596520740393e-03 -8.681577524003339930e-01
-4.168940221885663600e-01 -5.085625986616349251e-03 -8.855266418649002658e-01
-4.531599904054202654e-01 -7.090177308325315564e-02 -8.648905626848297779e-01
-4.428412997273293294e-01 3.826791125540108217e-03 -8.730788532190199014e-01
-4.711006968168612308e-01 -3.172501681204904084e-02 -8.672327607973991936e-01
-4.685059615624822538e-01 -1.220524920877836227e-02 -8.680220841416598221e-01
-4.614521177806260588e-01 -2.005250979848368850e-02 -8.742073651734545425e-01
-4.720575499083994875e-01 -5.744246944828233087e-02 -8.657332870533217539e-01
-4.846633888363570120e-01 -4.238939771990080790e-02 -8.578490608289799368e-01
-4.743204912143728080e-01 -4.812626495186116127e-02 -8.612591943795573357e-01
-4.886749039984029652e-01 -3.417700629212258590e-02 -8.516299736926614683e-01
-4.658208365527689021e-01 -3.934809317136577639e-02 -8.697185341863596930e-01
-4.735102894728754341e-01 -3.673200234844257051e-03 -8.611942374051320126e-01
-4.575874806678307816e-01 -4.278254182097232516e-02 -8.771818058202751622e-01
-4.638119936340993621e-01 -5.651932530553465533e-02 -8.683291717416109501e-01
-4.665390922189752709e-01 -3.359635172049436208e-02 -8.708226350445585906e-01
-4.365175822670740446e-01 -7.438829575354299027e-03 -8.846510942073785300e-01
-4.522396603169522855e-01 -1.059582132486043722e-02 -8.715679491359948905e-01
-4.481777028376544014e-01 -4.316157547093511793e-02 -8.796845127757555449e-01
-4.577728617383834964e-01 -3.463925184820219882e-02 -8.747411286888704396e-01
-4.767535055385670462e-01 -1.974531098398367435e-02 -8.567709224640096544e-01
-4.769577479355380789e-01 -3.295040067652492410e-02 -8.611379125442933935e-01
-4.359421243203040475e-01 -6.619494703170286654e-02 -8.778046146753979428e-01
-4.854773484135855854e-01 -1.341066006279063687e-02 -8.554120664480052705e-01
-4.522546671404932273e-01 -2.677837810076247674e-02 -8.846193792744327933e-01
-4.713130864083783234e-01 -4.306853044037502187e-02 -8.674595422365006803e-01
-4.704238915902808071e-01 -2.401278522321241907e-02 -8.691088001776566818e-01
-4.025212659643802038e-01 -3.068203021705238551e-02 -8.934302558512926540e-01
-4.232526810565448439e-01 -3.087009195631282635e-02 -8.898638636324861517e-01
-4.604688687851273277e-01 -2.852619236391591012e-02 -8.752816089231476582e-01
-4.656274367508569378e-01 -4.686304441161370099e-02 -8.745195132979682873e-01
-4.522966203231115756e-01 -5.852443836086407974e-02 -8.816500301537323336e-01
-7.028381975991799813e-01 -3.023556692964510240e-01 -6.228270869370895468e-01
-2.986349195057423356e-01 9.238369312627824417e-03 -9.122494086969380467e-01
1.682618525258621489e-01 1.113728550440779980e-01 -4.661549221407995103e-01
-3.009507362304228995e-01 -3.411071898005669373e-02 -9.336822611277233452e-01
-2.355521931275271486e-01 -3.963779188772729167e-01 -8.521290372901800803e-01
-2.701840973604433538e-01 1.646621163615925865e-01 -9.320022077370614388e-01
8.483668355250399973e-01 8.922651673299648867e-02 5.017403254775208987e-01
-7.745821648670458970e-01 5.448686833164846366e-01 -2.393285414771047781e-01
-8.827042843275380024e-01 -2.758241195816431013e-01 -3.293676221559638240e-01
-3.733384150373485477e-01 9.154437893677328519e-01 4.392744474927984255e-02
-5.240521069082693106e-01 -6.591492485156515979e-01 -4.952878134348011607e-01
-5.071855594721385030e-01 5.805817176048907458e-01 -6.233631427227881439e-01
-5.747179905922663590e-01 -4.084636167614146274e-01 -6.752733708802135526e-01
-2.794858243067807613e-01 -7.303582952142422258e-01 -5.930649183631744314e-01
-7.849601141367354984e-01 2.719731666519859536e-01 -5.138777167956724012e-01
-4.003978837499487797e-01 2.429268884019975538e-01 8.659882893690822314e-01
-4.685468887614613331e-01 -2.603405316587898977e-01 -8.218028596798044871e-01
-8.951428496357147768e-01 3.531247744616239359e-01 2.488127876016101026e-01
-7.211769879787631732e-01 2.750382410016276036e-01 -6.036660458311976507e-01
1.662411383943503407e-01 5.304059973891405572e-02 -9.727798929686185536e-01
-2.113427376270518576e-01 2.724752902327066129e-01 -8.770847165841707538e-01
-3.400838198426813785e-01 -8.801663937471371213e-02 -8.672072018427109397e-01
-2.675476008950362639e-01 -3.397565926809393844e-01 -7.416321936636504075e-01
-6.955217333957067760e-01 1.321699224871187260e-02 -9.768699125934457439e-02
-3.931464334626675328e-01 5.582379866046441874e-01 -7.137629318930622802e-01
-3.924415693919141024e-01 -5.774726380068421205e-01 -6.888278548825440550e-01
9.923353281733873210e-01 -7.471511150254760147e-02 -6.488078761533584704e-02
-7.866089281463701788e-01 -2.165914156498131016e-01 5.492109102186260028e-01
-1.163606787843860235e-01 -1.755022878766461514e-01 9.738835484846534163e-01
-6.370877780104987620e-01 -4.141806224248392732e-01 -3.912779287834446396e-01
-5.467614316929779728e-01 -3.059965304704365119e-01 -7.456662439867624004e-01
-2.530453720988088961e-01 -3.101368946166485618e-01 -8.095824012937834491e-01
-7.387225971755119469e-02 -2.271629051375327613e-02 -9.792118206317125262e-01
-8.092096150049653547e-01 -2.672252742645259832e-02 -5.552299922244851027e-01
-3.290100226725589661e-01 -2.934982464606132879e-01 -8.820298385364048199e-01
4.547803107676358092e-01 -7.624627266248383828e-01 -4.454165567185090491e-01
-7.536437038923521348e-01 -4.781908525640252150e-01 3.871890753738015389e-01
-5.175136823392315621e-01 -7.395570384116733065e-01 2.694784784103834707e-01
-6.202854334128830027e-01 6.035232586146674905e-01 -4.830159755479461747e-01
-7.724989389038252607e-01 -2.618474424924392419e-01 -5.498140479507920286e-01
-9.303499935637979945e-01 -3.296382557915615852e-01 6.773741618964034331e-03
-3.763443449376941974e-01 2.787015256760043691e-01 -8.516203311574785939e-01
6.247350569815868226e-01 7.748434332990224993e-01 -3.414881945610703101e-02
-2.221440052577154656e-01 1.624098300653456506e-02 -9.535970819573407198e-01
-6.867836372833283631e-01 5.566645375619261316e-01 4.279491053974945891e-01
-9.630152297746834567e-01 -1.505305507671372278e-01 -1.113919056806874364e-01
-3.413999921741017185e-01 -3.691804854427369054e-01 -8.408695678451921784e-01
-4.230824454038839000e-01 -4.094759546454670995e-01 -7.780388638999055084e-01
-1.827708976630466886e-01 4.500666753278769194e-01 -8.557014853891230510e-01
-9.295622269492870293e-01 1.543191637064482979e-01 -2.044127021776283304e-01
-4.649580410648015971e-01 2.943802778565037803e-01 -8.040139303889243250e-01
1.885093405688741397e-01 7.537262265782506132e-01 6.237170013870706464e-01
-3.162863469648466985e-01 -1.537433373093446409e-01 -9.087558809625138068e-01
-4.020537062496919445e-01 -2.151151942388258020e-01 -8.690641333275657132e-01
-2.157310414818055036e-02 9.206901716124326479e-03 -5.702942657934938486e-01
-6.995513506329943398e-01 -3.960188920714543537e-01 -4.663332573120807512e-01
-5.409581151714312197e-01 -3.516612374887587711e-01 -7.104934866654800674e-01
-7.308677808357849637e-01 -1.767473821072315932e-01 -5.752511643185924672e-01
-8.591275769404682627e-01 2.900619926727735897e-03 -4.821504061273995667e-01
1.349264942279252422e-01 4.294122845138818034e-01 -8.125835652137728404e-01
-7.294154212385304615e-04 5.321804900215169054e-01 -6.570168753367463532e-01
2.300772389634147541e-01 5.370389913710585938e-01 -6.794317307170225639e-01
1.896407273353427902e-01 2.301804362917660718e-01 -8.731932510079897236e-01
-4.842653097372316695e-02 4.434753908475791984e-01 -8.116083392109313399e-01
-1.802660414555984358e-01 2.639470880653966289e-01 -9.017871339696277300e-01
-3.815859384696917989e-01 4.178939418026557662e-01 -6.451036485898270501e-01
-1.521350042731719199e-01 9.265366264465960122e-02 -9.636337243999160140e-01
-3.136298863081784516e-01 6.238996956033798086e-02 -9.247617148578136659e-01
-8.147137804256416871e-01 -1.916278527281604083e-01 -5.097074884313852472e-01
-5.968311254181407621e-01 -4.957714213257608526e-01 -5.896512096709686235e-01
-9.012592446546225933e-01 -1.028010608568845352e-01 3.479908727381616496e-01
-3.618702746623700950e-01 -1.718967106332645600e-01 -8.948499621592147513e-01
-8.903194206641746877e-01 -1.331455663971897740e-01 -3.841796618236896221e-01
-2.785056616694077114e-01 -1.132956272874681147e-01 -9.366736511525317610e-01
2.590257480470485249e-02 3.344284588331724040e-01 -9.147672775607249562e-01
-4.625658505603836845e-01 -3.296148013569906166e-01 -8.004425248280755412e-01
-2.649589627132940550e-01 2.946303390989891691e-01 -8.968078635426586231e-01
-6.438517031729800166e-01 -4.024604273000642607e-01 -6.096418673178122249e-01
-6.876238817256760671e-02 -3.647412136841318153e-01 -9.000057340493550218e-01
-5.003617808480039786e-01 -4.206298165459876892e-01 -7.292566188456400811e-01
-6.282502409068096982e-01 4.044022878254637798e-01 -6.240806061475634436e-01
-3.868881440600073218e-01 -2.997484930251870794e-01 -8.283949175135975063e-01
-5.684539413635701921e-01 -4.364443498791185094e-01 -5.712146971347662472e-01
-6.328459350102215719e-01 -3.197899901329594452e-01 -6.855124236100933466e-01
-5.607442674228810819e-01 -4.434486289599428588e-01 -5.675029163302744983e-01
-5.591734064058455633e-01 -3.326120460149614710e-01 -7.366809491559600520e-01
-2.555659697088317750e-01 8.107226083251705129e-01 -4.770646147491551803e-01
1.700211083986196414e-01 2.948475340199652739e-01 -9.288097740077264630e-01
-8.345979739767378502e-02 -1.858750638489246876e-01 -9.539501852602007004e-01
-5.081718040145691839e-01 7.819135201223470499e-01 2.877149534441091894e-01
4.224078473904994135e-01 -7.779457003047310915e-01 4.590215938359905046e-01
-2.251753612545354666e-01 -2.033321645460106630e-01 -9.378320371068619155e-01
-2.964802151624341686e-01 -2.150166922497523114e-01 -9.077692585306491591e-01
-2.844259452847794356e-01 -5.599635378890484017e-01 7.184543229170533563e-01
-6.979395175259007766e-01 -7.039680690344957137e-01 -6.695283652034803024e-02
-5.722013461200159412e-01 -3.414132666832215279e-01 -7.169293981571815966e-01
-8.340645493775468156e-01 -9.366606186350291685e-02 -5.166878971916775143e-01
-9.592813919157802127e-01 -1.818334342645250845e-01 1.138659487561487216e-01
-9.614409814322718573e-01 2.405142876690344600e-01 -2.066970103088581687e-02
-4.057259055375838641e-01 -3.133027746642896294e-01 -8.399744776268642799e-01
-3.924934810102421734e-01 -2.271493279849113311e-01 -8.688897466081405563e-01
-8.917848576756981505e-01 3.685556353333393487e-01 -1.971458939952219214e-01
4.404136458162959400e-01 4.502332718150930391e-01 -7.640577708872948737e-01
-2.027768845666499120e-01 -2.960838733028089975e-01 -9.139770723249321938e-01
-9.957082832542471507e-02 4.746088288218840850e-02 -3.923270927918720563e-01
-6.996431609884161684e-01 -1.562465804956490734e-01 -5.926255833840844423e-01
-3.231751164125005737e-01 4.232740760823250348e-02 -8.273324419038537991e-01
-1.060153766300567235e-01 -3.020946913638702935e-01 -4.347812869533260183e-01
-4.605204342663025696e-01 2.467714400331218749e-01 -5.718984466703311842e-01
-4.443768092827103389e-01 1.886041621703148097e-01 -7.884986587053833818e-01
-5.829615730389636763e-01 1.850576039464990885e-01 -6.911690218564686683e-01
-6.747105266780107913e-01 1.198815620970591356e-01 -5.060531249543930299e-01
-6.372599819770320417e-01 9.157437156891194696e-02 -7.092560431979074709e-01
-4.961553695361953786e-01 2.838434309775082071e-02 -5.522937256143720663e-01
-4.948421334343240385e-01 2.003373396650615368e-01 -7.645442506225953450e-01
-3.739739599561891503e-01 1.036519675844538718e-01 -7.923983544613323327e-01
-5.701434445396147410e-01 1.503884470992910560e-01 -6.764832332710960516e-01
-3.568172688102912438e-01 2.427455561435881426e-01 -5.813446565367446084e-01
-5.978950627974709553e-01 1.392341390138991386e-01 -7.065520547315500277e-01
-3.486362872477420383e-01 1.013426629528577372e-01 -6.808787269606074721e-01
-6.066802591744481221e-01 1.299354607880878754e-01 -6.738288765776303535e-01
-5.164736446524880176e-01 8.837620391893989723e-04 -7.992946747564532162e-01
-5.048891638214179078e-01 7.889704521278612104e-02 -7.964824166262745031e-01
-4.300444657159863682e-01 1.575653419434209779e-01 -7.869325255253437623e-01
-5.211980846930083233e-01 1.192155758028282247e-01 -7.941585207413516256e-01
-4.443893334112786198e-01 9.946677575979810670e-02 -8.038221625567766315e-01
-5.703445396675304035e-01 8.962296142088432838e-02 -7.518044273659189036e-01
-5.286329358885296648e-01 1.220310509779592989e-02 -7.389246820508864610e-01
-5.518350682652651829e-01 2.222430630682104280e-01 -7.050458540705043520e-01
-4.636137436779559362e-01 8.384460031135397562e-02 -8.135961499581145784e-01
-5.280422735381223864e-01 1.857711248264556358e-01 -7.304826739195516838e-01
-3.951020736925850430e-01 7.531020712308261755e-02 -8.391881061489075977e-01
-4.164268486337609487e-01 -1.437113615399521725e-02 -6.588866825802146554e-01
-6.042025482950267312e-01 1.641573469116752448e-01 -5.804108622585372190e-01
-3.734059102665914787e-01 2.761265102039053287e-01 -5.329442264279222741e-01
-5.982019311550754725e-01 7.301781719176164698e-02 -7.549101211818531887e-01
-5.132290415457567700e-01 -2.949623265383861936e-02 -7.291790661605263013e-01
-5.241097072911700128e-01 2.017623481228800475e-01 -7.678223132668002826e-01
-6.048846054897627500e-01 2.561722948732473443e-02 -6.853083529747804326e-01
-4.472460461270055254e-01 2.160414851511845702e-01 -7.356605167710205118e-01
-6.195501157913680945e-01 5.565583259914200220e-02 -7.334379494817986345e-01
-5.166021856414352298e-01 1.721393468079594410e-02 -7.748208105499735376e-01
-6.085349752065939422e-01 1.271068215486683695e-01 -7.382787143154706522e-01
-6.446916762118856115e-01 3.357746970839509126e-02 -6.213890330693500053e-01
-5.757169884263518833e-01 1.005957313255171903e-01 -7.618245551442265340e-01
-5.060689727699502205e-01 9.031484881174814405e-02 -7.991183958803860232e-01
-5.458132473015616659e-01 6.553119519916832114e-02 -7.827619613627538886e-01
-4.860007102520014222e-01 7.862492536908197160e-02 -8.025431042077714183e-01
-5.612832799892201185e-01 3.455185305265336126e-02 -7.987305239881029584e-01
-5.483147500815721553e-01 1.399070124900822776e-01 -7.485822472282097628e-01
-6.073690450368717242e-01 3.662556759172785892e-02 -7.474030622207501473e-01
-5.658067989309463197e-01 2.054183796274473561e-01 -7.209171923921946501e-01
-5.179995799518847255e-01 1.443483421152514101e-01 -7.847433287226907028e-01
-5.420811842034893857e-01 1.586822591827020679e-01 -7.651610397997424817e-01
-5.295858034410703130e-01 1.460794129509924433e-01 -7.869562273476831127e-01
-3.926003331732195734e-01 6.307108682995261895e-02 -7.665613519420332311e-01
-4.086714871863305065e-01 8.549627469330337015e-02 -7.663001731775052061e-01
-5.414657313540571781e-01 1.674979171857254034e-01 -7.560008670642652806e-01
-6.103005076423806408e-01 -1.082071901943209707e-01 -6.075584682418243565e-01
-5.969878151516921916e-01 1.320057546033585015e-02 -5.894522315642631849e-01
-6.111345877824493344e-01 7.085203000011140728e-02 -7.379337706834659949e-01
-5.641550537275398236e-01 1.114399700081247224e-01 -7.596889211960926591e-01
-5.309487982062528477e-01 1.256441053198056879e-01 -7.943459607441855086e-01
-5.856024153119898656e-01 9.502659645315754411e-02 -7.494564123676994427e-01
-5.559786551993930459e-01 5.169730898878589082e-02 -7.488005082044082439e-01
-5.549853670683297935e-01 4.885651990878429884e-02 -7.878384326222495071e-01
-5.326983794796278371e-01 1.395095107598557649e-01 -7.676395872821206723e-01
-3.743148358442404677e-01 2.241288910351151020e-01 -7.263695083178197676e-01
-3.524258216955297729e-01 -8.271035577003761630e-02 -6.215986374635591449e-01
-3.835212706950798522e-01 1.688776890266304453e-01 -7.716712088865587127e-01
-3.344966621113246164e-01 -5.699712857661659582e-02 -7.645770974549490617e-01
-5.697039546915138031e-01 1.609588749538078678e-01 -7.288031487340197456e-01
-2.496745831781041203e-01 -1.372829972749891117e-02 -7.126221817690232552e-01
-6.197691411935996042e-01 9.066827170753728737e-02 -6.775293497889670613e-01
-4.967448266707987781e-01 1.096181667186356679e-01 -7.888042512620058178e-01
-5.324551674317227201e-01 2.086905641085183005e-01 -6.975467312343343051e-01
-5.264439899220531016e-01 1.823141418429068961e-01 -7.765018519246693618e-01
-4.951624019516250308e-01 1.437899869814737719e-01 -8.010842908737323409e-01
-5.739136681698142617e-01 2.000551950146288449e-01 -6.894474103318105618e-01
-5.388064739128926028e-01 2.474640837227410906e-01 -6.486269234746500079e-01
-4.605931457859142597e-01 1.451231258587913631e-01 -7.800746889789411664e-01
-4.378186589736909884e-01 1.147942773472362399e-01 -8.088918083218676891e-01
-5.471453552044280855e-01 1.026631626804515446e-01 -7.852042766291910114e-01
-6.030978976438409189e-01 1.032616629731690355e-01 -7.439184447366493647e-01
-5.252532933501066204e-01 1.018553342719630689e-01 -7.952667399405386472e-01
-6.470740800315869512e-01 1.168571160572490220e-01 -6.804063434952472011e-01
-5.387690866318090022e-01 1.246159430616187030e-01 -7.775599753219080146e-01
-6.573926852733777970e-01 7.295402035867154522e-02 -6.983537121583806018e-01
-6.029974885409533636e-01 1.637765592071686316e-01 -6.867517953115166440e-01
-6.217590612214385359e-01 1.213848536214311991e-01 -7.154472367256261567e-01
-6.234205834001462776e-01 1.472315714974942735e-01 -7.106717112382857637e-01
-5.569583089174173773e-01 1.925215718171128521e-01 -7.279374335580547362e-01
-4.183066468292416795e-01 -6.326833390503298904e-02 -8.036226276823400516e-01
-5.387755910768535772e-01 1.341500444429700734e-01 -7.766499970925853091e-01
-5.563962666202665330e-01 1.506300199225251712e-01 -7.398077543964871605e-01
-5.921140819891080875e-01 1.400691137098540040e-01 -7.501040274684941389e-01
-5.474605291903299475e-01 8.125149879719022195e-02 -8.014952015157958964e-01
-5.220414162858885154e-01 1.665503282772669291e-01 -8.018622211996364602e-01
-3.391236183275395666e-01 2.736631123300402035e-01 -7.832070930759965632e-01
-6.355464560205869029e-01 1.684044363059158389e-01 -6.204533642180951603e-01
-5.546249381061004735e-01 1.364559735127496842e-01 -7.697827742031178033e-01
-5.769209377727391175e-01 3.405340553057038117e-02 -7.720039147467339102e-01
-4.160114274450582017e-01 3.261567537600190692e-02 -8.204311673728460486e-01
-5.878298093948052250e-01 1.539552342356586556e-01 -7.279669196508302687e-01
-5.045002000861484870e-01 2.439258552167544170e-01 -6.782160533278940306e-01
-4.651490147341167947e-01 -2.046117807835697369e-02 -8.234344478654528343e-01
-3.306711195615702481e-01 5.876164598328475347e-02 -7.416575707455645983e-01
-4.664313924405255052e-01 3.139695335790695929e-01 -6.644882341976328100e-01
-3.689113599663688126e-01 1.224370769656960289e-01 -6.026132708909642810e-01
-3.275202449882623768e-01 1.495440888920854250e-01 -7.082462124068107379e-01
-5.360560805301562981e-01 1.079255408972365771e-01 -7.356330565701942881e-01
-5.071174368911296471e-01 3.930845215695568523e-02 -7.858386456611332616e-01
-4.879128956061349887e-01 7.675646960124793416e-02 -8.167178575310262145e-01
-5.999581233452557782e-01 1.711101114497891873e-01 -7.144549057180877849e-01
-4.788292679540485652e-01 2.071468902830201353e-01 -7.612207045027988839e-01
-5.551031269286066383e-01 -1.727791187370913972e-02 -7.602006174459424725e-01
-5.506182568172000025e-01 1.547321292707408147e-01 -7.818859238281455903e-01
-5.011201425370314100e-01 2.731059457082186254e-02 -7.977280919460031372e-01
-6.093715031001578630e-01 3.742019126634661685e-02 -7.233229542938452994e-01
-6.318896630729997632e-01 6.808613323891035685e-02 -6.492174821053070533e-01
-5.498143249573708147e-01 7.858168919001677633e-02 -7.739959601925726629e-01
-4.616422286208340942e-01 1.212118244548937712e-01 -8.033684599441720531e-01
-5.338505934831752064e-01 1.758611597586173022e-03 -3.568846822280958286e-01
-6.106798583741078756e-01 5.926917521739353406e-02 -6.831912998561699979e-01
-5.814208396863397299e-01 -3.139693676164118097e-02 -6.547029333447225152e-01
-5.171648884405937174e-01 1.319351910996695021e-01 -7.970177306131530637e-01
-4.799125352012029166e-01 -8.542477550072806458e-03 -7.834848946422736660e-01
-5.716095399230047835e-01 1.611577090939325385e-01 -7.126195717686530928e-01
-5.188463177989881547e-01 1.109045817736088457e-01 -7.748317654398414467e-01
-4.816791413318640136e-01 8.016458054553431134e-02 -7.876573741057473210e-01
-4.656479764623521755e-01 9.156831724012641505e-02 -7.479859986027446173e-01
-3.225518854941188951e-01 8.602069949133610283e-02 -4.736714398178251129e-01
-5.458368437128873207e-01 4.450031865546420079e-02 -5.114948665548503248e-01
-4.828123846233084993e-01 6.236381962425676523e-02 -7.925871098935906023e-01
-5.784895279843601523e-01 -3.680344455883358123e-02 -6.968840551323246535e-01
-4.760263649917536588e-01 9.975509960399810139e-02 -8.107341113572247293e-01
-5.545704955396409952e-01 4.418824582834292997e-02 -7.381432369641273139e-01
-4.606040489927308856e-01 9.910681938669334279e-02 -7.987730515746684912e-01
-5.717545041840779163e-01 1.800313051248922380e-01 -6.886153091873938870e-01
-5.266844124303576846e-01 1.849235197199225467e-01 -7.491419831391861184e-01
-2.754103377328490088e-01 1.346561414906920495e-01 -7.871993968466696190e-01
-5.010131131423053441e-01 -7.434105911988937720e-02 -6.556547455804327962e-01
-5.042100519831597127e-01 5.815254628716864937e-02 -7.995575608915503896e-01
-4.011037592870225210e-01 3.458876748169887466e-02 -4.603885950217113110e-01
-5.979029175360726089e-01 -9.928490377568916989e-03 -7.104348505093016630e-01
-5.541777822225120165e-01 9.517192144359420958e-02 -7.704550466071717896e-01
-6.096662344674345091e-01 9.314906656998409029e-02 -7.216651094944200873e-01
-5.111272186174679044e-01 4.077791748006476952e-02 -7.685233828730706485e-01
-5.763871285987407500e-01 5.969223546957590915e-02 -5.213773641452872365e-01
-4.633416084003285085e-01 1.200786461650061032e-01 -7.546494393901599373e-01
-6.509058189946885786e-01 8.170398080880098002e-02 -5.867696960001886897e-01
-5.351948749342525513e-01 1.023397473075106506e-01 -7.876294435117481285e-01
-5.868493197998766453e-01 7.127112463257388730e-02 -7.648879977425102616e-01
-4.922517836265008495e-01 2.776155205338245308e-02 -8.303497128952325168e-01
-4.712167850607001385e-01 2.578084739538197834e-01 -6.937447749728975488e-01
-3.723214218988858404e-01 1.441589194547895081e-01 -4.849683275455942688e-01
-4.363387033473402066e-01 1.944593252111484483e-02 -8.035907314079255848e-01
-5.325506916694746629e-01 2.371247113964026487e-01 -5.536817192535949950e-01
-3.758726562941627769e-01 9.741192658098289658e-02 -7.404469364359621553e-01
-5.876503194821198761e-01 2.009047284217518325e-01 -5.341602723755695115e-01
-3.755561973688230637e-01 2.078051939885590949e-01 -6.901578565234971485e-01
-4.249091792598725936e-01 2.369680769330060888e-01 -6.434216243784410816e-01
-5.808621367546614733e-01 1.375278014303313867e-01 -7.399577987652944389e-01
-5.613763409560206252e-01 -6.563126712776429228e-02 -6.515504928958139041e-01
-6.032463059924569881e-01 1.166738021100242745e-01 -6.716199856843505511e-01
-5.764484318904505855e-01 1.378787520452815496e-01 -6.045744982967620196e-01
-3.632408515784676384e-01 7.461634162086618408e-03 -7.085910662418177797e-01
-4.625142856568137395e-01 1.677615153024770156e-01 -7.914238600256587874e-01
-5.541522996018070080e-01 1.739399357787315969e-01 -7.388607823622322934e-01
-4.113345980762642684e-01 1.437199965673084667e-01 -7.517031664181954564e-01
-6.464110189640428494e-01 8.981931148939537035e-02 -6.785437406846422936e-01
-4.029881027410457395e-01 3.998270955675718198e-03 -5.306210652098367619e-01
-5.434692738240638477e-01 1.608615903628332344e-01 -5.055894197389707578e-01
-4.269852276650215606e-01 -3.355368619546182218e-03 -6.006059793530486024e-01
-5.998075190354918984e-01 9.614301916404196027e-03 -7.363892104667174587e-01
-6.427946508761610556e-01 6.069217068226992647e-03 -6.098830130912001879e-01
-4.373318267981939345e-01 5.980687901349095170e-02 -7.678348177586885592e-01
-4.634272940275922514e-01 4.739143829286941029e-02 -7.564206834084610254e-01
-4.563726730534642950e-01 1.937070015426577974e-01 -7.529380296744955237e-01
-4.249410544863764794e-01 1.972855446191358608e-01 -7.035082720465588579e-01
-4.384978731577913735e-01 -6.731543645781619400e-02 -6.604624440305281174e-01
-4.935918622921652288e-01 2.187664793333412849e-01 -7.028444704850104197e-01
-4.924969718726858736e-01 1.798371862915432440e-01 -7.289982005845773161e-01
-4.561623058042066359e-01 2.036937977401840350e-01 -5.705995774547224508e-01
-5.345328950157292036e-01 1.212919818302817393e-01 -7.590375995806197817e-01
-5.090096176691184526e-01 -6.320407813522277429e-02 -6.185448577711093465e-01
-5.598541146718513106e-01 2.667429561168871768e-02 -6.452934495491228217e-01
-5.227573714222151224e-01 1.981159481373668263e-01 -7.479206872512392801e-01
-6.288427375163015975e-01 1.735742266764432884e-01 -6.921750271639945939e-01
-5.228485127074276040e-01 1.455590351629558188e-01 -7.360210376095860374e-01
-5.651167560395080613e-01 1.750947222204022879e-01 -4.192734433307703235e-01
-5.947775756857919260e-01 1.111200424855806890e-01 -7.318627246034677958e-01
-4.701486282791795812e-01 1.441804385881263750e-01 -7.563629884715473706e-01
-5.641289740364113792e-01 1.424826315052761527e-01 -7.721337684476757834e-01
-4.346050125148094856e-01 2.584612533029974624e-01 -6.182511072852191480e-01
-5.745926373277242538e-01 3.461667384067460690e-02 -6.920422527646186150e-01
-5.049272282745160823e-01 1.255531827095329733e-01 -7.505406990034483306e-01
-5.176818327183483337e-01 1.504283877059197916e-01 -7.587302626895074953e-01
-4.632881551376367146e-01 1.847230182760118966e-01 -7.269291052722914870e-01
-5.860206761425065247e-01 1.203726584273707989e-01 -7.475483336331596451e-01
-4.759277657848992593e-01 2.081414188220302719e-01 -5.288409142824763709e-01
-5.070590723902934638e-01 -5.269127820969034953e-02 -5.507608197161074637e-01
-5.697669255472433969e-01 2.441670500076809358e-01 -6.810358656206869643e-01
-4.647646560474706923e-01 -1.023147710207050406e-02 -7.614596360265344366e-01
-5.378020240813997654e-01 -1.088908246165007782e-01 -6.935721451923266834e-01
-4.183020571200600224e-01 -7.408101210318045193e-02 -7.113126139004073423e-01
-2.878535278514443574e-01 -1.875003785277342197e-02 -5.226046647515090182e-01
-4.390636410305812087e-01 2.170342902822005871e-01 -7.699951763148855655e-01
-4.458616286091014458e-01 7.700981841207535372e-02 -7.948834379407518913e-01
-2.839118452215428356e-01 1.520302827217014374e-01 -6.497125388903096654e-01
-5.853538442246608575e-01 -4.487185079902875420e-03 -6.192209682497974432e-01
-5.696353656810719812e-01 -4.540031599659243716e-02 -5.845652278824123860e-01
-6.264603666361945322e-01 -5.176752838841892218e-02 -6.426138498329276860e-01
-5.905694723165485494e-01 6.699819128845697913e-02 -7.208841468804085828e-01
-5.655104487002221569e-01 1.914636025719853585e-01 -6.387380775865949545e-01
-3.593625894877746085e-01 6.108882524380630785e-02 -7.098625665348653468e-01
-5.158506332987214948e-01 7.895074089178075183e-02 -7.581744019870449991e-01
-4.145097252310380731e-01 -3.767984042757516888e-02 -7.520058009684226219e-01
-5.025076809784528864e-01 8.679702447749864172e-03 -6.043274217343700405e-01
-6.012418908376350180e-01 1.371810487181152893e-01 -7.256080067352915774e-01
-5.690430473679658485e-01 1.280245667498151885e-01 -7.188715366776431415e-01
-4.893297881815620309e-01 1.284291789229236383e-02 -7.479823070314091105e-01
-3.158062448737229411e-01 1.869195136065406604e-01 -7.820124888630882731e-01
-6.588333340359313617e-01 5.578295301545385665e-02 -6.625013329990874222e-01
-4.086225139494743530e-01 1.018937174724818678e-01 -8.018394489581333051e-01
-4.941345195151074510e-01 -1.997394586273752715e-01 -5.865962655005739768e-01
-5.568896502934441717e-01 1.122944558974233245e-02 -7.832001495654637990e-01
-4.883761276916427918e-01 2.278927738082589180e-02 -7.695696436170708088e-01
-5.338473370997884881e-01 1.244976848379164974e-01 -7.067007082485483593e-01
-4.375328421563139392e-01 8.009737187981959272e-02 -8.360246082316523664e-01
-4.636317621729041938e-01 1.722634344531111250e-02 -7.670958984315817686e-01
-4.796757564246058037e-01 3.843673526309474009e-02 -8.045057335149164990e-01
-2.632600811278816844e-01 4.750024711792841942e-02 -6.478980398690087350e-01
-4.499038762745099507e-01 2.093751903883294962e-01 -6.842504065463139717e-01
-4.978170619815997511e-01 1.520957475230006184e-01 -7.830224534366548861e-01
-5.010091399816636315e-01 9.691822220752342731e-02 -8.025073289064056370e-01
-4.156372337295259345e-01 9.334256163459637989e-02 -5.970488024934769156e-01
-4.575556405456081555e-01 8.162307823134345997e-02 -5.497811611701974854e-01
-4.915394863485251231e-01 2.392894726059326682e-01 -7.467114895116936379e-01
-4.096078007015341860e-01 2.057909876167104968e-01 -6.546998529470889894e-01
-4.106846522147405421e-01 1.637128607728681462e-01 -7.883917928929348173e-01
-6.676143821213443852e-01 1.010540837187210161e-01 -6.349655219060643674e-01
-5.560338679871409395e-01 5.238719068527637746e-02 -6.888151739217680536e-01
-6.214636329031328899e-01 8.203390340235748590e-02 -7.204658206180405422e-01
-6.242499498092393129e-01 7.757356703867521186e-02 -6.339338298309242781e-01
-5.838159535143534473e-01 1.778387032976471230e-02 -7.717449866604154662e-01
-4.991539330690257792e-01 1.208750002598358853e-01 -7.669464514324989546e-01
-4.898594815763590571e-01 1.552682977513150653e-01 -7.428138639672731136e-01
-4.114809578011329738e-01 6.304297292377322726e-02 -7.859970812495756798e-01
-6.734716574013367429e-01 1.328366250524747050e-01 -6.293624086731447465e-01
-4.474100968101651921e-01 1.395527010076131891e-01 -7.254036415502816970e-01
-3.741503585391151021e-01 1.318096782463153982e-01 -6.790669538064645350e-01
-5.703486892303392120e-01 1.554152591296224795e-01 -6.410671302751851375e-01
-5.834808442180893229e-01 -1.319649131329263814e-01 -4.794858533141813650e-01
-4.702068641149634853e-01 6.101780327743777654e-02 -8.044709949609849531e-01
-4.913708131981827654e-01 1.269428644070925150e-01 -7.902026753665963854e-01
-5.702134535556427908e-01 1.176829252118676145e-01 -7.376904083162256764e-01
-4.913539135278982006e-01 5.996421203142356104e-02 -7.568645540218580381e-01
-6.011542655183963468e-01 5.787826597099388765e-02 -7.511158239961240879e-01
-5.585096233167395896e-01 1.272125860506238548e-01 -7.611662920790696063e-01
-3.818047496271574914e-01 1.813549253693946539e-01 -6.143223904547703285e-01
-4.467549905657900999e-01 2.362783686940976846e-01 -4.469184444902499220e-01
-4.031489701480088228e-01 1.452882038632524742e-01 -7.058626182411692485e-01
-4.584113084853447817e-01 -2.745794874672495556e-02 -7.305828087428034578e-01
-6.167329889408870169e-01 1.041884745472187734e-01 -6.493108392742754642e-01
-4.968091595002996907e-01 2.173646147107856919e-01 -6.185945718413256023e-01
-5.144009288485764664e-01 1.776149461325311485e-01 -7.361286923666515714e-01
-4.648386489248768627e-01 -8.093547794577145293e-02 -5.986122811999852189e-01
-5.522705786164987529e-01 1.831314116383484236e-01 -6.720573911461776850e-01
-5.698003033238967507e-01 2.171287406694271394e-01 -5.942246390061062256e-01
-5.928079514718848086e-01 9.779351393620076827e-02 -7.162214048449080384e-01
-5.340821889897342523e-01 1.682467605415224887e-01 -7.700228441756478137e-01
-4.809398402891689184e-01 1.137486470180650855e-01 -8.131708174692935387e-01
-3.982903767580234788e-01 -3.201332521846263213e-02 -7.134453098604049970e-01
-5.028828920935197733e-01 6.482181694797395366e-02 -7.809297988951662273e-01
-4.778885256295533623e-01 1.316143512463274212e-01 -7.959545788479308603e-01
-5.125751925739610027e-01 9.256424940025564929e-02 -7.871352000738227606e-01
-5.752752139070067550e-01 1.253028521071012369e-01 -7.761533673303191438e-01
-4.339493279995799702e-01 1.130456147049429538e-01 -7.378238122661339160e-01
-5.413655505731173045e-01 1.130724616538659327e-01 -7.614689923716880804e-01
-5.802922267111951804e-01 1.214356580694359311e-01 -7.591717884098397873e-01
-5.457061998678960357e-01 9.167781867670798945e-02 -6.016518610451518922e-01
-5.113878201846092653e-01 1.564878586515016101e-01 -7.779896772222456569e-01
-5.059172949037041844e-01 2.124146871034280903e-01 -6.997323276972737816e-01
-4.068502507960893855e-01 2.083132067195870296e-01 -7.621275644489124979e-01
-5.186827419244892656e-01 2.201007432241171569e-01 -7.179373585489671195e-01
-4.106750568962914683e-01 3.119113718211771746e-02 -7.394108172934975576e-01
-4.589251625609205298e-01 1.754410279556674612e-01 -7.622042610059389656e-01
-3.749451056193812137e-01 1.607776158729739557e-01 -6.448603006093481804e-01
-6.728579255796668379e-01 6.494212134616049459e-02 -6.011947980958446403e-01
-6.299386753516111881e-01 -2.572547552029848922e-04 -6.890681313801517716e-01
-5.351462497522492257e-01 8.764324763538133833e-02 -7.561446634080223328e-01
-5.648239004190646062e-01 1.153192296659178856e-01 -7.811938556143349643e-01
-4.271792719775015512e-01 1.636720065177670047e-01 -7.450648110370240440e-01
-5.639755357200800789e-01 1.732300892083524502e-01 -7.079007720360508404e-01
-5.226594871063453551e-01 1.109271818093530704e-01 -7.894756610488101733e-01
-5.725000330172899110e-01 7.578931203633097746e-02 -7.713495316680522018e-01
-6.593508232387397250e-01 2.818018404904214149e-03 -6.499680902114761682e-01
-5.240307806085866549e-01 7.122643741135394058e-02 -7.832697208693810698e-01
-5.915385236390889867e-01 8.973167998165766657e-02 -7.724866465423448902e-01
-5.657649510473817811e-01 6.087964416897756470e-02 -7.810909607895172302e-01
-5.967955494200780642e-01 1.501352280733757316e-01 -6.472648705818289105e-01
-5.326358193553797360e-01 8.716722913537314210e-02 -7.888572889104824570e-01
-5.824653765433038810e-01 5.395640136949297894e-02 -7.827251806677731905e-01
-5.386935882245871277e-01 5.821273296157510047e-02 -7.947443390538713182e-01
-4.949881137460551139e-01 1.663233505229051723e-01 -7.798557311121543378e-01
-6.115652364826654752e-01 1.255120718508069833e-01 -6.890472419880782073e-01
-5.496926540595827859e-01 2.078253134416318537e-01 -6.176172619060873448e-01
-6.208624091474185258e-01 1.058693766528232966e-01 -7.175598944632854970e-01
-6.216011449209181139e-01 2.024806156237039523e-01 -6.417123496187261411e-01
-4.942731948382236840e-01 9.063516078729672021e-02 -7.838919692012877860e-01
-6.216842115167828808e-01 1.426695010137755404e-01 -6.545817208864698200e-01
-5.218321546804040034e-01 7.703243117129894568e-02 -7.937787297960272603e-01
-5.774973893456368801e-01 1.757695864371833783e-01 -7.194932089677772424e-01
-5.092844835424494843e-01 1.330248926357205930e-01 -8.049507638371314888e-01
-4.900383634283325129e-01 -8.804966730927543672e-02 -7.739928778474564064e-01
-4.311100836330952202e-01 2.682969961237492706e-02 -7.116407019634013453e-01
-5.293133156932648964e-01 5.045643839669089470e-02 -7.766897386914738410e-01
-5.890290158869621040e-01 1.164930638474030306e-01 -7.110481700806490224e-01
-5.371464971205586192e-01 7.528494267666273332e-02 -7.902301799602509114e-01
-4.599300088022506561e-01 1.354924046453370445e-01 -8.062749289850905665e-01
-4.725783461209813741e-01 1.665770361159776558e-01 -8.037583922688710247e-01
-5.738980146560618278e-01 8.875128665018652829e-02 -7.734579034591817503e-01
-6.295988296185359712e-01 -2.865819224688705494e-02 -6.995756709577088950e-01
-5.325096819685893879e-01 3.727827524853841168e-02 -8.052582997957713484e-01
-5.133786981031525087e-01 6.639660526407623053e-02 -8.011155208720973642e-01
-4.849037703345498440e-01 2.419262274644508326e-01 -6.361378293694340824e-01
-5.329893729943714353e-01 2.350825232030262849e-02 -7.692518611664758144e-01
-3.844520389624694889e-01 5.425092650289947693e-02 -6.075652457462200617e-01
-5.733493712163344469e-01 1.413112620924054930e-01 -7.591920740691309177e-01
-5.555643629857116572e-01 9.483562128528548463e-02 -7.838372937447035671e-01
-5.904682357085624389e-01 4.518777329189480052e-02 -7.670539056878112882e-01
-4.781470749469585169e-01 1.966365271362420508e-02 -7.989169753493494675e-01
-4.408697392040211160e-01 2.894242499743662766e-01 -7.364339986995854792e-01
-4.228655698914691174e-01 2.185366838492843605e-02 -7.761946572815291434e-01
-4.984961997556571767e-01 2.239080726677484534e-01 -6.421597691840259525e-01
-4.498907828316103252e-01 3.880143280835714192e-02 -8.224050137979190822e-01
-4.677235467541966396e-01 -4.975672675426494329e-02 -6.820741078114396228e-01
-3.947108976988107365e-01 1.322581076877037964e-01 -8.298174212711592057e-01
-5.216948483424387328e-01 2.642589013873130610e-01 -6.212520369082727978e-01
-6.166945445993724517e-01 1.505464030702748091e-01 -5.096776365025255107e-01
-4.506910750228691476e-01 -1.409695669446510147e-01 -7.062224146070074093e-01
-6.555353831937353881e-01 2.495287474536174097e-02 -6.902344942957190366e-01
-6.107222427853475910e-01 1.423405710375431343e-01 -5.906251613632171882e-01
-6.692717687547120597e-01 5.037308276525283290e-02 -5.311009907653733153e-01
-3.800908770080719812e-01 1.827082587515447415e-02 -7.899569726052945162e-01
-4.773374225854941644e-01 1.585463363188241159e-01 -7.867801944992061092e-01
-5.691694987503258529e-01 1.482564710598816282e-01 -7.382535528723725982e-01
-4.922953449227514544e-01 1.146114973397012599e-01 -7.411476472649719538e-01
-3.613013716226913807e-01 -1.889821301161935183e-02 -5.963834414223554425e-01
-5.963772033370604575e-01 2.110491831515476369e-01 -6.653125660869029234e-01
-4.941638738218012694e-01 1.055008271116350399e-01 -8.071293558372495403e-01
-5.722010943584875386e-01 -2.928961955994566560e-02 -7.349796621013404696e-01
-5.828260667387658023e-01 9.821562449325355049e-02 -5.550509105388748976e-01
-4.330458277871567785e-01 1.523784672736836210e-01 -8.185279106404951266e-01
-3.268956647990479691e-01 2.248481910965808434e-02 -7.814352694992281467e-01
-5.370661223591850497e-01 2.145847363810596542e-01 -7.320104162866096775e-01
-5.475565593954582200e-01 1.137678067031131918e-01 -7.736079477035064933e-01
-5.698353168787574363e-01 1.730084869617021237e-01 -7.486499533676944651e-01
-5.936923051325726508e-01 2.447729672675525228e-02 -7.513682692865676360e-01
-6.668932473572716235e-01 -1.106099839603649250e-02 -5.622767783536442021e-01
-3.811304251026011447e-01 1.308372333609865712e-01 -7.104834546117098082e-01
-4.961041745214871956e-01 1.930915338496932421e-01 -7.830351647405922044e-01
-5.493152222477267754e-01 1.886206255016267541e-01 -7.499200865491308932e-01
-6.069584271178976032e-01 9.507056232139798890e-02 -7.579098105825127218e-01
-5.687473624590846377e-01 6.639577706994607975e-02 -7.430693428937239498e-01
-5.685885230137259772e-01 7.336344348468397392e-02 -7.864788922121377368e-01
-5.674748528779752776e-01 1.585919337368724147e-01 -7.649870561441491912e-01
-4.971813083449089787e-01 2.100690181338396856e-01 -7.248179487246195762e-01
-7.341804417715764863e-01 -1.402079378770731966e-01 -5.880890357899293264e-01
-6.853090884343854272e-01 -7.839972029038286272e-02 -2.285828261266560080e-01
-4.672893033709858979e-01 -2.307274922561610431e-01 -6.710064722531043913e-01
-6.537689945857328988e-01 -1.019805095650029581e-01 -5.953565695975011618e-01
-6.105305862276471096e-01 2.666031816870682580e-01 -5.007504699368086065e-01
-4.309850785480913715e-01 1.527790136368860074e-01 -7.650913439862647714e-01
-7.278520322583992286e-01 4.868729144351661292e-02 -5.864645552699710995e-01
-5.494183616416509208e-01 1.752132693175709743e-01 -7.085079134837529713e-01
-5.738238644314914705e-01 -8.214595030138197029e-02 -4.025876561332197290e-01
-3.631118921406650824e-01 -4.603438191481599995e-02 -7.853017106469245556e-01
-1.368417678034174745e-01 8.176433930638221659e-02 -6.068963094287334048e-01
-6.566501211073993982e-01 1.667856720796850323e-01 -6.697126552040139069e-01
-5.578936752135305044e-01 4.133735585052866757e-03 -8.044401088728632132e-01
-5.566131319802255506e-01 -4.539400652355508013e-03 -8.052342071328548734e-01
-5.706667818987284369e-01 4.247569389004409585e-02 -7.982523630214539700e-01
-5.642087542924331123e-01 2.851617539098454113e-02 -8.048562927435078951e-01
-5.653259767177686301e-01 5.442768953043358032e-02 -8.039175482445976018e-01
-5.629835366974557109e-01 4.557703505204183103e-02 -7.884103204274907073e-01
-5.426532017401997088e-01 8.810629939511230302e-02 -7.981079152838630453e-01
-5.684535091782799698e-01 6.271534071530836252e-02 -7.764694782988205146e-01
-5.729446904108669303e-01 3.882686493804003713e-02 -7.894708207066328809e-01
-5.679225930699700609e-01 3.437044397022792630e-02 -8.037557666363391862e-01
-4.619902490321295407e-01 -2.048409191424637159e-03 -8.368759563309108307e-01
-5.715966730742411128e-01 2.483467106345683267e-02 -8.056455918294908036e-01
-5.428846654456231935e-01 2.245397198248707052e-02 -8.240535478628282506e-01
-5.822690679796174162e-01 3.061075247928771170e-02 -7.934082348549795771e-01
-5.648406571008141031e-01 4.094211872352563480e-02 -8.085951047171680006e-01
-5.666843320096481840e-01 2.015903802632964398e-02 -8.031190225724218479e-01
-5.655388999796987504e-01 1.262087070118967334e-03 -7.987747017492397017e-01
-5.571221829995028907e-01 6.406217445562713275e-02 -8.010250449992223354e-01
-5.210441203350927308e-01 4.563915939822214829e-02 -7.911259542829456315e-01
-5.512155582043901658e-01 5.489830258771994514e-02 -8.100525470722378385e-01
-5.722593903193465836e-01 1.175014790795278485e-02 -8.041713873613604013e-01
-5.633545604164800213e-01 5.611909432585572566e-02 -7.972424529230777157e-01
-5.203221645218126801e-01 2.907402189208901921e-02 -8.287730381659711432e-01
-5.621622493569644607e-01 5.740755593914695365e-02 -8.081347086227799181e-01
-5.499158764508943475e-01 4.822165949750775032e-02 -8.179137192694359015e-01
-5.500306077304825125e-01 5.968669203922144506e-02 -8.058428007983649000e-01
-5.526544941553749313e-01 3.612644620950736934e-02 -8.208383451140053300e-01
-5.430730346475670656e-01 3.543542330111630091e-03 -8.069783631438917082e-01
-5.416476290989625797e-01 5.979988253493145195e-02 -8.122528436015362674e-01
-6.023819167077452130e-01 2.892075666419494442e-02 -7.779862471063206941e-01
-5.686781209533734449e-01 6.872578777005002026e-02 -7.954220832948607489e-01
-5.466431869382203379e-01 1.953619879469517540e-02 -8.205004928540747811e-01
-5.464517709353906572e-01 3.409411025285748187e-02 -8.235769168195604673e-01
-5.502317499963281788e-01 9.141623750124495268e-03 -8.151686723998076145e-01
-5.185849751311134570e-01 6.831056701965132483e-02 -8.220773167032160433e-01
-5.205875384056435351e-01 5.248855611125485127e-02 -8.228005680184791171e-01
-5.451741836711364586e-01 2.925064157168671963e-02 -8.248891714259343200e-01
-5.317969943917458808e-01 4.898054183245813265e-03 -8.246990714868571715e-01
-4.691004852047891971e-01 9.249087242142134402e-02 -8.065405223726235251e-01
-5.358894872525998831e-01 -1.106294877897666916e-02 -8.152059453543329948e-01
-5.365002881153844161e-01 4.738360898681996669e-02 -8.228415223058851424e-01
-5.468322421789233445e-01 -6.753302243648318624e-03 -8.081386621418533700e-01
-5.293641798885980743e-01 3.152379602578154333e-02 -8.176470466121382730e-01
-5.225615461352834945e-01 1.704112642886956158e-02 -8.246139737760500577e-01
-5.467179494073377555e-01 4.138963173195087109e-02 -8.229441516920343869e-01
-5.342716383996815033e-01 6.632343495257732313e-02 -8.131076146373271696e-01
-5.233214794756777533e-01 1.628544554361055149e-02 -8.102739242971019884e-01
-5.159263360546424426e-01 3.761895647144310184e-02 -8.201547348983431185e-01
-5.309948345969054406e-01 5.515176977721016061e-02 -8.183602083869028210e-01
-5.530735772951816953e-01 1.908896808276626042e-02 -8.159471134654728841e-01
-5.664272668430311297e-01 1.329523232064463469e-02 -8.062041165591184999e-01
-5.576597144111274940e-01 2.191037144316945393e-02 -8.141591975657321845e-01
-5.567368306792147559e-01 2.016569277325916745e-02 -8.041782844077383086e-01
-5.423348162244470139e-01 6.269864652084629342e-02 -8.004635937582691430e-01
-5.605093182689739884e-01 9.961386242068997685e-03 -8.093471926723009302e-01
-5.564105894227243665e-01 4.083719253304966823e-02 -8.123335498596333526e-01
-5.723102696813578971e-01 2.575212577460676833e-02 -7.849525326784496659e-01
-5.575660602719207937e-01 3.527114555176837779e-02 -8.123035134309765093e-01
-4.912835552227745040e-01 4.905047257044367615e-02 -8.388151783345296764e-01
-5.515511523387786053e-01 2.173256239288079081e-02 -8.186879030306511984e-01
-5.319976971311372038e-01 2.398527259731886990e-02 -8.185463056851549624e-01
-4.570976598755454590e-01 1.288377176626859522e-01 -7.262856801853827537e-01
-5.220407143308042341e-01 4.163622678884824901e-02 -8.090823796338585394e-01
-5.610521343792370663e-01 1.811967196844280897e-02 -8.077903312393613922e-01
-5.377351907084710891e-01 3.790974190351020789e-02 -8.261952826428083929e-01
-5.456943094102846281e-01 5.057860976092861532e-02 -8.195069966863411937e-01
-5.374407728512385907e-01 1.477267006109202196e-02 -8.200173309980216541e-01
-5.355807740496976166e-01 2.592359230754216412e-02 -8.261798248956526702e-01
-5.028766557195378795e-01 1.610126946277584681e-02 -8.250699779633374753e-01
-5.425876402408280619e-01 3.785565204012536489e-02 -8.220421737195621192e-01
-4.274839446745244964e-01 5.304003963693653539e-02 -8.063406666856691718e-01
-5.331469527239555140e-01 4.893455889323469060e-02 -8.094217342663773129e-01
-5.608736201335254856e-01 3.731595897611717644e-02 -8.080421137954107991e-01
-5.623842030885742860e-01 3.272060406021293222e-02 -8.077536406572238814e-01
-5.636915267782383054e-01 4.369613121911231773e-02 -7.951095114641935080e-01
-5.584089453456960728e-01 3.454234154790689765e-02 -8.014838560549505386e-01
-5.524621267101990085e-01 6.702586996704205935e-02 -7.860681680506711455e-01
-5.478058331927717628e-01 4.148976627183083299e-02 -8.161149255735201669e-01
-5.467856250222223879e-01 4.501201439280186345e-02 -8.146909313896879556e-01
-5.645499825086739420e-01 3.314171154785183759e-02 -7.954352538932137895e-01
-5.585046567070287571e-01 4.805819117126817336e-02 -7.984360545130102516e-01
-5.529637047270891115e-01 4.325425656053071694e-02 -8.190371300685265199e-01
-5.626857928728991043e-01 2.094693159370871263e-02 -7.964962701456981264e-01
-5.550620695951508088e-01 1.542113948320710665e-02 -8.082789595076805833e-01
-5.739539177844770190e-01 3.135859089757596363e-02 -7.995705620829776095e-01
-5.560780067696351470e-01 4.461216310339825158e-02 -8.070309134041195875e-01
-5.500185818638708701e-01 1.778892603230188343e-02 -8.049833061637715614e-01
-5.679714637810960864e-01 4.708831756062561297e-02 -7.936856685585963467e-01
-5.578446523391447087e-01 2.472427033976659638e-02 -8.073900075954967281e-01
-5.353843508855419264e-01 6.949632815907874628e-02 -7.937758295730182878e-01
-5.477107293664829069e-01 2.678059103846685760e-02 -8.170210602397932620e-01
-5.405787141711215771e-01 4.385689382692267019e-02 -8.219002744381513903e-01
-5.403979744037492594e-01 5.016222681572451991e-02 -8.120305826270913796e-01
-5.647917436497200683e-01 2.748094843199535078e-02 -8.100192018057764676e-01
-5.502030622274767246e-01 3.415816599986397362e-02 -8.106679096190444467e-01
-5.560398049371629847e-01 5.012403165850046194e-02 -8.131009275888194665e-01
-5.670208938668305221e-01 3.207885142302616815e-02 -8.096855915139403725e-01
-5.535468026886137816e-01 4.581006203635284296e-02 -8.164592337464903204e-01
-5.462214927842580225e-01 5.804352517456924654e-02 -8.167611414357544009e-01
-5.639281259438412297e-01 3.657767487929512729e-02 -8.151679625919406869e-01
-5.739009761106603769e-01 9.058365256184603559e-03 -7.923858224876418888e-01
-5.571264746796381617e-01 5.969947548950111510e-02 -7.906528701902194589e-01
-5.456523931709511555e-01 4.235953495253880208e-03 -8.230490076902914343e-01
-5.561548166406397042e-01 3.802008060001928896e-02 -8.161946373777342334e-01
-5.569326446852262968e-01 1.129267421616952927e-02 -8.152771090157698852e-01
-5.626504518890599327e-01 2.094011029200028989e-02 -8.110137153005370081e-01
-5.558065883198303192e-01 5.356622717705670361e-02 -8.082813245840096972e-01
-5.388995945797687703e-01 3.075155995122234170e-02 -8.229675256251911541e-01
-5.581852252441267259e-01 2.555148582902417795e-02 -8.169636939889975968e-01
-5.713290199696109406e-01 2.503641925751550618e-02 -7.965272384754348289e-01
-5.167889664279727846e-01 -8.902844631637487141e-03 -8.313188527428284624e-01
-5.317093920484724512e-01 3.558382135482281855e-02 -8.239448576822092640e-01
-5.997757483020018654e-01 5.259970798944267611e-02 -7.807852131641138671e-01
-5.586137160490193265e-01 2.957077174287187429e-02 -8.166154271166745637e-01
-5.532869302032487058e-01 7.058086321623055492e-02 -8.085615178264918823e-01
-5.619803323146724816e-01 4.764625674326222055e-02 -8.108680904419497404e-01
-5.713619444895042809e-01 2.652231755019811982e-03 -7.896692056345673283e-01
-5.480671169406473586e-01 3.115196305400678295e-02 -8.198742122794993037e-01
-5.750159897651208052e-01 3.785016652368305284e-02 -7.962550034410044164e-01
-5.506922282088200227e-01 3.350277664306651471e-02 -8.168999097753674166e-01
-5.684713392587193992e-01 2.903425324501274912e-02 -8.005057355109018724e-01
-5.758592698113820241e-01 2.004323459237107585e-02 -7.973533918278911115e-01
-5.746477363497464186e-01 5.030633529168988122e-02 -8.033625736460694444e-01
-5.670461355816249771e-01 6.232950139004057519e-03 -8.040348496183249427e-01
-5.829339367100644376e-01 4.217213203253154102e-02 -7.842709768331145304e-01
-5.686560213035416478e-01 4.364723682550709222e-02 -8.057016136239130155e-01
-5.573329188330982120e-01 3.451172919368687003e-02 -8.190548624127959032e-01
-5.596672252360782585e-01 2.956798124530258393e-02 -8.108700875073315828e-01
-5.454851829392413087e-01 1.368833174973291093e-02 -8.186495148521516496e-01
-5.679255816430722748e-01 3.742493688005583963e-02 -8.063831526571658692e-01
-5.620351121017198581e-01 4.727202074286498273e-02 -8.062551566357557542e-01
-5.284865981474778929e-01 4.817797674044003303e-02 -8.229746864407356810e-01
-5.570832097068985078e-01 4.302102198231958635e-02 -8.143623644611195367e-01
-5.803619676697814311e-01 2.010201811078312847e-02 -7.838989021144088243e-01
-5.750126662209144035e-01 5.377504538176587634e-02 -7.939874256271109987e-01
-5.536758670323692622e-01 2.697340898784090016e-02 -8.205837121499219844e-01
-6.927882441492518861e-01 -1.254065512302482699e-01 -5.192082627928015226e-01
-4.751920658895871785e-01 3.235706028710075843e-01 -5.019560401126473836e-01
-2.805951793854143395e-01 -2.107678513181604485e-01 -6.732780738628332262e-01
-5.113040557128770702e-01 4.894537975752268066e-02 -8.239662782424942433e-01
-4.692101258060231705e-01 2.326658538995015901e-01 -7.475206280386264002e-01
-3.579893891354162805e-01 -2.247431135322283391e-01 -5.476190065636211690e-01
-9.545971775570577522e-02 1.164830474846052649e-01 -5.649766899581570856e-01
-5.248496502581838641e-01 1.955898642519409980e-01 -5.674501189920725386e-01
-4.605482545586464527e-01 2.851141619833477692e-02 -8.511262873751364033e-01
-3.268798623947049009e-01 1.550750170730191002e-01 -8.098603660515200087e-01
-3.234094377724728298e-01 -1.005581588304157864e-01 -8.058154103982092531e-01
-4.382552601470106612e-01 1.029885658522083219e-01 -8.292474723212506227e-01
-3.920871362995353993e-01 3.116954497187217950e-03 -8.394178414007348321e-01
-6.467496180940310868e-01 -1.902265548704161827e-02 -4.979866716823051487e-01
-3.096551117703762457e-01 -7.052927315328257063e-02 -8.284788308580109950e-01
-4.463680341229030457e-01 3.002289997678592726e-01 -6.501117223765844333e-01
-5.688993453072962447e-01 -2.241292403997100502e-01 -4.684246016773442878e-01
-6.386544906269493449e-01 1.854962609969245946e-01 -6.523237701846306136e-01
-5.979342992388662070e-01 1.513739096724188993e-01 -7.245337526814091822e-01
-4.824018848997640441e-01 2.846433739620822800e-01 -4.425480853700719530e-01
-6.891326944537297106e-01 -4.480629655808982675e-02 -5.421705897752892023e-01
-4.620316279987756736e-01 -1.759141564097467247e-01 -4.420791928727919595e-01
-6.773884813217042611e-01 9.829681067945010564e-02 -5.757892068451735401e-01
-2.360184408127486699e-01 7.575744758498498266e-02 -8.018665418310834125e-01
-5.053670686056662698e-01 2.020411779955996467e-01 -7.358638133886182819e-01
-6.001980922218911330e-01 4.149216032958460282e-02 -7.634296882247580962e-01
-4.366252711239821394e-01 1.119564738274743398e-01 -7.803974804290629841e-01
-3.293996631523818386e-01 -8.851139687076944873e-02 -7.473546147365731640e-01
-5.674494652925636817e-01 4.673474628910984086e-02 -7.691935656387677289e-01
-6.076525318391668984e-01 6.399176447991050676e-02 -5.064184492912935376e-01
-5.819165019583173448e-01 -9.659273874266746662e-02 -3.904506178741170008e-01
-5.038193996739821490e-01 1.425803999039648162e-01 -7.532935232570733275e-01
-4.851770675050335324e-01 -3.314638147258973377e-02 -8.145940905890250994e-01
-4.581028845859949072e-01 -8.935125520170586477e-02 -7.446228244536268193e-01
-5.286819397660563746e-01 3.335488398682289607e-02 -8.055782121810111107e-01
-5.082547473042271502e-01 1.837296292010810045e-02 -8.123070561280827384e-01
-5.032278128666072270e-01 4.297772874069962640e-02 -8.104271749321939611e-01
-4.941626659420795820e-01 4.789421610304867710e-02 -7.982301486655287714e-01
-4.210102979283255054e-01 -2.947542738865183837e-02 -8.228396609500030490e-01
-5.487614586164540897e-01 5.160868064595869331e-02 -7.940610251956367049e-01
-5.368716186071514906e-01 3.574903468510273741e-02 -7.958421150736054717e-01
-5.019527100401824926e-01 9.361686036864863558e-02 -7.935740024078399291e-01
-4.718597359595914642e-01 -4.448010930220066411e-02 -7.967216313311875631e-01
-3.488109528178621743e-01 -2.158123426002409029e-01 -6.050854031951835577e-01
-5.527405709881313411e-01 1.185643378143158427e-01 -7.355833708095936840e-01
-3.928245696479599758e-01 -1.589017343870376825e-02 -7.720412463061468999e-01
-5.335421472475266880e-01 1.280089880272671787e-01 -7.793259260073726047e-01
-6.138044159773039521e-01 3.471678787207081035e-02 -7.441545187201774603e-01
-3.992059666064744494e-01 1.039438894393107521e-01 -8.210187245235573972e-01
-3.593493776415820351e-01 6.776126075398025694e-02 -7.782417440235752659e-01
-3.509465677045745524e-01 6.243458246144300422e-02 -8.454668217502222527e-01
-5.158811248855673659e-01 5.462543776293871112e-02 -8.171475425001932802e-01
-4.175879395414247020e-01 3.411457182478964262e-02 -7.962491743009735279e-01
-4.564812831320059217e-01 2.191037323885737520e-01 -7.258423514219102257e-01
-5.259689927427069200e-01 2.162524803655248851e-01 -6.366378398191034904e-01
-4.348267103140712186e-01 -6.916058695716439941e-02 -7.786679239382265916e-01
-5.694893801886952156e-01 -1.283683049483440031e-01 -7.284395989661578419e-01
-5.434688457003551409e-01 9.389912521488086306e-02 -7.839898862521955669e-01
-4.783379499163613047e-01 1.636227104095183404e-01 -7.504607217924295082e-01
-4.810377893804442806e-01 9.674497621898532629e-02 -7.989441998604355222e-01
-4.892021395596654609e-01 7.710463114945025065e-02 -8.026398220830812669e-01
-5.301832105023951414e-01 -1.178319968610896506e-03 -8.052578312899557611e-01
-5.104726626098283759e-01 3.864221089214612843e-03 -8.084211715655612585e-01
-5.287812385631978085e-01 1.896113763182439571e-01 -7.024507241016163528e-01
-5.026578905240914885e-01 1.124314646781016808e-01 -8.018185884194073410e-01
-5.188011087890060935e-01 1.214957143331886341e-01 -7.834917968517779441e-01
-4.436152056898495788e-01 4.635247145639183330e-02 -8.382137558162344737e-01
-4.923234370313570030e-01 9.739239518081115043e-02 -7.810273792388429115e-01
-4.428837966081395350e-01 4.337435372998029587e-02 -8.062897847285861452e-01
-4.667836981006731056e-01 6.064776074001432954e-02 -7.957852527907240958e-01
-3.044653128140716869e-01 2.192243608873258032e-01 -7.457450435352812601e-01
-4.558435262211046335e-01 1.084725646602301280e-01 -8.026095006109769114e-01
-6.432626426063688951e-01 -2.565953042408691820e-02 -6.842099196262771965e-01
-4.998913748910172594e-01 1.449176554554334473e-01 -7.066903461727508384e-01
-4.468389846408283295e-01 -2.351310394749874313e-02 -8.192099522592465322e-01
-5.426493260010495367e-01 1.146906636035334437e-01 -7.626896201649542295e-01
-6.722378141684408615e-01 -1.695914485607137936e-02 -6.517148039774675050e-01
-5.184390420389524134e-01 7.630593880475104729e-02 -7.918989635277552397e-01
-4.809571353411910000e-01 1.148470292932331493e-01 -7.735570991312992195e-01
-4.975532114570460629e-01 6.312910347738814876e-02 -8.119637182739520842e-01
-6.025090801345387437e-01 5.021214105233454128e-02 -7.558680840563859471e-01
-5.277702532778819622e-01 1.428030044496378555e-02 -7.998497096781130855e-01
-5.427042990923840460e-01 2.435851694528371469e-01 -5.100497515212587540e-01
-2.652401532775474080e-01 1.888629188400931525e-01 -6.260083349545612075e-01
-6.285616660927023647e-01 1.282165653559269314e-01 -6.843920536389908049e-01
-5.792826758262076270e-01 9.909639418988226700e-02 -7.503505956121352405e-01
-5.350977119598405718e-01 1.385899309507015731e-01 -7.421463790189970489e-01
-3.942216082539005129e-01 1.065391996367551636e-01 -3.673657150743536159e-01
-5.685588798600436089e-01 -1.664031361359571970e-01 -6.268725126347982624e-01
-5.985264285350128111e-01 1.075923365136131730e-02 -7.590979936977934051e-01
-5.688613223547298592e-01 7.240134807533954442e-02 -7.678156760731207342e-01
-5.461982653211782113e-01 5.914686931485729771e-02 -7.775393712796140333e-01
-5.506619088491876424e-01 4.553034255408165004e-02 -7.796403974382736246e-01
-4.428158296870696176e-01 -1.807130723444156095e-01 -6.861556499945625776e-01
-4.955153237542042066e-01 1.395025572636697346e-02 -7.772465522563154483e-01
-5.136348998526415466e-01 -1.219917398065334807e-01 -7.867926290878455298e-01
-5.241141638163286931e-01 5.331292990971276541e-02 -8.035372835758787247e-01
-5.250334927976962884e-01 6.486249070699612318e-02 -8.046115639003351694e-01
-5.528148708594927685e-01 7.672550027823639429e-02 -7.892425542834271557e-01
-5.120038947253819916e-01 2.717625177822960078e-02 -7.986589778366293135e-01
-4.568645544100764511e-01 2.424030198118294968e-02 -7.938199227060758201e-01
-5.857421337214795409e-01 2.405053607798994866e-02 -7.673234109402735648e-01
-5.114526657830648082e-01 6.799328578784931409e-02 -8.106824016861687854e-01
-5.185876294302645961e-01 -1.584628990612733657e-01 -6.836185988098929522e-01
-6.266858370968765302e-01 9.127967756339457062e-02 -7.091975368846281658e-01
-4.829042459358863226e-01 4.317745946977234045e-02 -8.200618322429156226e-01
-5.775832485552264695e-01 -3.884521095639741767e-02 -7.640731799573292626e-01
-5.012110715669088057e-01 7.218380008760726108e-02 -7.920851114197082765e-01
-4.845271813882612300e-01 5.730038287817584147e-02 -8.110111843432130652e-01
-5.444045096937856210e-01 9.759898708409765755e-02 -7.093587964503937915e-01
-4.258200181373683613e-01 1.025624606517868895e-02 -5.815529973747085579e-01
-5.549615428028334962e-01 1.458149684024357406e-01 -7.214820023761492340e-01
-5.329658872428741923e-01 1.531170332741064732e-01 -7.724594567296457770e-01
-4.042186566663906744e-01 1.247843900338130585e-01 -7.279353876441989613e-01
-4.651827890600102045e-01 7.759820727477947933e-02 -8.058314822877298278e-01
-4.213319736936751991e-01 1.778125208096122400e-01 -7.784407739090430933e-01
-4.026366293806538099e-01 2.022430798468498325e-01 -6.760135290339391867e-01
-6.157744190440885834e-01 -1.185388671926522475e-01 -5.635767668547757570e-01
-4.465918583037234990e-01 8.880536065249160227e-02 -8.006126852630915947e-01
-4.366122850879464168e-01 1.199478040764855730e-01 -7.691339931361947935e-01
-5.103212179458326281e-01 8.206483399359217057e-02 -8.027108163738734259e-01
-6.504128164134651557e-01 3.033010875934407172e-02 -6.632358250303118652e-01
-5.285922672802638722e-01 1.003587674812417285e-01 -7.916114864541333729e-01
-6.475867961378251048e-01 -9.517530461237122541e-02 -6.364137533345686215e-01
-6.515693285438062254e-01 5.736532877921894646e-02 -5.897232047303199165e-01
-6.151348498811903820e-01 -1.138052893515199560e-01 -6.908839940505767663e-01
-6.674255633318549874e-01 1.152081380614296130e-01 -6.466815879124222510e-01
-5.945879945995270477e-01 1.344266771535861105e-01 -7.395390092127641646e-01
-4.685837115869337377e-01 1.442554063289403221e-01 -7.678348405939722232e-01
-5.653723446844513001e-01 8.190474937446950987e-02 -7.777866848076855355e-01
-4.881471661078972124e-01 2.379248757819593663e-02 -8.231325838403837913e-01
-5.645837823252249921e-01 -1.498301380792167910e-02 -7.716400613681515530e-01
-5.606068115477274016e-01 1.323799050438733554e-02 -7.906721953697252170e-01
-3.991868168623865509e-01 1.351351965888818452e-01 -8.059756041032913876e-01
-4.615077748842335015e-01 -1.963330940276677983e-01 -4.988465754536379748e-01
-2.116166733877627992e-01 4.228502212492060708e-03 -5.994663221574920708e-01
-4.817281465874511670e-01 4.366911068335166748e-03 -8.210808630798021035e-01
-5.574597504299940720e-01 3.517535089508487534e-02 -7.943302336616645531e-01
-6.399397109629598734e-01 1.701503823160337436e-01 -5.683232441360258624e-01
-4.587252972350414071e-01 -1.651246689260809641e-01 -7.923301822969343045e-01
-4.800757398172839641e-01 6.963755677600323712e-02 -8.242784138601315647e-01
-4.609322952583697619e-01 1.797950106126462722e-02 -8.257100845347256080e-01
-5.381597505690504102e-01 6.815736856455223425e-02 -7.958233480733495346e-01
-6.802475581006371952e-01 -3.066320182841905315e-02 -5.517915679827923858e-01
-3.659395413910388473e-01 4.184246799431210438e-03 -8.306388459661374624e-01
-4.837539731384156161e-01 1.230723829137676528e-01 -7.973274067138987897e-01
-5.707619011327511593e-01 1.367072332194711470e-01 -6.250788153098538746e-01
-5.618452799819777521e-01 6.718764229054072223e-02 -7.832572546525206070e-01
-5.994897010107388402e-01 1.825564342751095637e-01 -6.892214798088359684e-01
-5.325174243825590015e-01 8.831958801948586180e-02 -7.935794982994699431e-01
-5.595969502137256857e-01 1.013934066145058682e-01 -7.672465752783064197e-01
-2.637176819922057991e-01 2.998057382455563205e-02 -7.691988167264751652e-01
-4.302969593938065218e-01 6.756327327105905722e-02 -8.136703265445578426e-01
-5.920992766130148688e-01 -5.358357686072675458e-02 -2.604868767818873110e-01
-4.318073282077054542e-01 2.651266473423961045e-01 -7.005680607328473863e-01
-6.593697801101779943e-01 1.643156588299805043e-01 -6.301562569932931401e-01
-1.918829245556714913e-01 7.306427052032257730e-02 -6.889287633325826832e-01
-5.341478224142429676e-01 -2.812286916205863907e-01 -6.070523865080483805e-01
-7.245272222323388966e-01 -1.025965853349122409e-01 -6.042638839126804884e-01
-6.754482101579867281e-01 5.216176929068697121e-02 -3.954141555779508432e-01
-6.802099075582600518e-01 1.774025021717305362e-01 -6.097622524261657739e-01
-7.311512270793172341e-01 -5.916876972830738268e-02 -5.146963111382129030e-01
-2.738427311466435921e-01 -2.614507540967803134e-01 -4.623485821294082698e-01
-4.307416667441368863e-01 2.872420716902396309e-01 -6.786586321638502506e-01
-6.881928846026086344e-01 1.984047301005671948e-01 -4.557615107662488230e-01
-6.899261888739499637e-01 -2.037529275146172658e-01 -5.244829058925651877e-01
-6.790297862118290784e-01 1.354287565387234105e-01 -6.723525457813201989e-01
-6.755626031986479152e-01 -5.607168721304190556e-02 -6.938694612548476082e-01
-6.295841681064254791e-01 -1.642826250673858068e-02 -2.116271154419485656e-01
-7.123742815989643207e-01 5.330531818806516844e-03 -5.835456305023781765e-01
-6.575216393149279082e-01 2.299680586029706486e-01 -5.819274529779421279e-01
-5.700349995432305583e-01 5.255835799879771814e-02 -7.987117508547421085e-01
-5.535899309140851487e-01 7.292685665814976903e-02 -8.045131633514592817e-01
-5.721603628715460355e-01 3.783386980214652889e-02 -8.027200902591468124e-01
-5.610850574876730112e-01 5.460988082822504364e-02 -8.087091453037970057e-01
-5.739294385778088703e-01 2.472811541606796323e-02 -7.974450917092249513e-01
-6.128266225630939479e-01 9.591698272533815892e-03 -7.569696224439442789e-01
-5.718661295065010641e-01 8.869152098109553406e-03 -7.974113469049596281e-01
-5.788430890257724171e-01 7.320995226864558669e-02 -7.836846140490166812e-01
-5.754928789533811928e-01 5.697738919974677796e-02 -7.862814403797582230e-01
-5.494869483471147564e-01 1.928129639060943701e-02 -8.136863390982305155e-01
-5.364078892989208036e-01 1.759518633301849003e-02 -8.074546038447104612e-01
-5.683473927065563203e-01 6.991670715501979716e-02 -7.804876675823104737e-01
-4.621932115474428615e-01 1.418866666163589099e-02 -8.055386817071678029e-01
-5.598973271053406808e-01 7.193044937230018421e-02 -7.797585362373026241e-01
-5.977886051704193182e-01 1.035676319021897919e-02 -7.585093976678963790e-01
-5.025487940467897596e-01 -5.639333168898126580e-02 -7.590408418875411733e-01
-5.831196965628877571e-01 5.118490800664798890e-02 -7.921414486789059017e-01
-5.470066711608294607e-01 5.342032737989678426e-02 -8.106788629899498444e-01
-5.462382536061199945e-01 4.826285423604442359e-04 -8.113177654485197454e-01
-5.570839621406449282e-01 3.425432105249659465e-02 -8.148066214501110682e-01
-4.896530301928657125e-01 4.263804198961150538e-02 -7.868472276215220385e-01
-5.171793526496140103e-01 5.637922818119757429e-02 -8.034602513415264324e-01
-5.789060033718377296e-01 5.990472066995735506e-02 -7.797994132966389325e-01
-5.812334099481344385e-01 3.540661560900513344e-02 -7.899344526562239732e-01
-5.657710044774938440e-01 6.537408423140805835e-02 -7.951808861360836200e-01
-5.214414997848312305e-01 1.163190049246195547e-02 -8.258647742768736588e-01
-5.680389600490118873e-01 2.872445192559469618e-02 -8.035890602345042710e-01
-5.686197390457888856e-01 4.202520913544147835e-03 -8.024199738513855262e-01
-5.214637691428545274e-01 1.268956678594555243e-01 -6.383438419594998914e-01
-5.865864549733582622e-01 4.482639408082171595e-02 -7.758310373888900324e-01
-5.511302672487615739e-01 4.256632256325858232e-02 -8.097954546591176195e-01
-5.614771926658255197e-01 1.116704358620875942e-01 -7.604058080652192908e-01
-5.630511213101250245e-01 -3.815869307512557290e-02 -7.775216772795289222e-01
-5.738916338088165814e-01 6.023456615770213934e-02 -7.884775165261695973e-01
-5.647222637611784002e-01 4.529258739887034868e-02 -8.068127059479802687e-01
-5.826754724287265264e-01 2.670754822626584743e-02 -7.930291447082604694e-01
-5.639445599078475313e-01 5.309200497939877555e-02 -6.135199245656384193e-01
-5.561897302374706475e-01 8.936310963502729077e-02 -7.736681107801932633e-01
-5.661167897863070841e-01 5.587157287251331289e-02 -7.876587631927401967e-01
-5.498598519551760599e-01 3.022956336731019364e-02 -8.081072614316739955e-01
-5.315473898396682051e-01 3.536875578465555059e-02 -8.215505980156976307e-01
-5.775746058833020058e-01 4.001923124986592195e-02 -7.972131395403312393e-01
-5.376994196777434842e-01 8.260795979499170605e-02 -7.938922348419304997e-01
-5.572192998864677893e-01 7.347283729531610408e-02 -7.886683489866009866e-01
-4.698230114899816789e-01 6.003001189777310703e-02 -7.336348486900351462e-01
-5.862979602914663024e-01 1.051423588938287801e-01 -7.645318362061244155e-01
-5.926428873881143256e-01 4.605360233159856709e-02 -7.820873323159179824e-01
-5.303568380020067252e-01 2.139078661117215993e-02 -8.127026717953760304e-01
-4.483249754163199929e-01 -6.525291363680078838e-02 -7.366493114814777199e-01
-5.937248048258483291e-01 7.156833704979534416e-02 -7.657626502586183381e-01
-5.902638716835747479e-01 7.487291001165183313e-02 -6.802415839875023407e-01
-4.650872794024643042e-01 6.694562011986360944e-03 -7.198266071630919916e-01
-5.173012896265067884e-01 -4.001384679422102970e-03 -8.147151340759899441e-01
-5.694645044549835333e-01 3.724976727617770877e-02 -8.063988614864568971e-01
-6.157920740838203066e-01 -1.187262333571636845e-02 -6.796379345557138629e-01
-6.141416756027978652e-01 2.315579304927590717e-02 -7.669657206684517003e-01
-5.533854883146264170e-01 4.849793547104593039e-02 -8.160738421883714233e-01
-5.701118463876302389e-01 4.850403680526425149e-02 -7.972382143934689802e-01
-5.242838351533064545e-01 6.056131835427389781e-02 -8.072398656720010113e-01
-5.777445327786053797e-01 4.040999552128964750e-02 -7.856436556767758539e-01
-5.569182095475956329e-01 -3.484886105894926048e-03 -7.124473992550296453e-01
-5.617734897365829205e-01 8.208932486051881416e-02 -7.842748946419437761e-01
-5.875553706072736970e-01 2.925608014615960553e-02 -7.903722677254031437e-01
-5.109898762880747958e-01 1.675762103057313809e-02 -8.156885471702649548e-01
-5.530760531969577398e-01 9.617302028135751857e-02 -7.808232009078559521e-01
-5.712777163211678610e-01 4.207726200772713560e-02 -7.931368803922462796e-01
-4.986838635595297609e-01 1.021075826298483008e-01 -7.728116333341182864e-01
-5.399341732237047387e-01 5.452271710185345455e-02 -8.133265289820865718e-01
-5.614852537079590977e-01 6.229057091642092869e-02 -7.968070263913983320e-01
-5.732456510590200338e-01 4.665822804076719815e-02 -8.004545393985921242e-01
-5.424155837990893847e-01 1.601914052603748972e-01 -7.167570620875739484e-01
-5.549786743370095365e-01 -4.158775088399321862e-02 -7.963214701949064001e-01
-5.518746368074822772e-01 1.161480539545504953e-01 -7.853141512150153547e-01
-4.046750836424111708e-01 1.415192617398323416e-01 -5.814635977733959571e-01
-5.843452075645281241e-01 -3.416654482971948764e-02 -7.671261729638592097e-01
-5.407487014061499453e-01 9.812871467635143896e-02 -7.475744911649694346e-01
-5.563679221832331656e-01 3.572082940764985393e-02 -8.104156184471437152e-01
-5.465132320612834382e-01 4.501773223698110615e-02 -8.099073864605937922e-01
-5.744596530041000682e-01 7.834156121136184869e-02 -7.731855901265248798e-01
-4.560695658234563687e-01 4.034216662468816106e-03 -7.771050421361263005e-01
-5.975374577709765544e-01 3.965619103669237866e-02 -7.739994071870796022e-01
-5.037777413879260813e-01 5.913790523260414184e-02 -8.009472330951404873e-01
-5.901475232949376926e-01 8.880821763556907833e-02 -7.177856615220036263e-01
-5.765171652622635978e-01 4.974767275922928333e-02 -7.938008576216777357e-01
-5.695396524939018157e-01 2.900736836187247161e-02 -8.003494250441824942e-01
-5.512104630349954348e-01 -1.770750039580161472e-02 -7.985185221040953518e-01
-5.623199805142991003e-01 2.358913016656322885e-04 -8.035356646041247330e-01
-5.559735419966891357e-01 1.482860784446577394e-02 -8.047591946528331874e-01
-4.603351282795794530e-01 6.712007674892239706e-02 -7.945401325171400631e-01
-5.447766107359350851e-01 4.870824796764180835e-03 -8.226250099604567323e-01
-5.874581023214475728e-01 3.099410791604927107e-02 -7.680864905245474716e-01
-6.014471532255707409e-01 -1.533723394896464171e-02 -7.495395956716753849e-01
-5.416852450223973436e-01 2.408082270888949744e-02 -8.135984004397374125e-01
-5.716471767999391496e-01 1.873468251697643985e-02 -7.992925073837472416e-01
-5.769418731711335457e-01 2.172637399516596721e-02 -7.940501665201655790e-01
-5.458962794079704750e-01 2.636441285023751607e-02 -8.159620486919932913e-01
-5.754929564378894469e-01 8.390284626767141596e-02 -7.785906309645643786e-01
-5.557585090222503243e-01 4.214701969871822995e-02 -8.112303269733820432e-01
-5.822379587409518553e-01 5.188038833576774644e-02 -7.825920531218267806e-01
-5.787423351408789163e-01 4.712567489351100064e-02 -7.915770242659527778e-01
-5.942643387501446162e-01 3.119827161982116973e-02 -7.623772099949357450e-01
-5.299021232736746967e-01 5.183909528619651957e-02 -7.072496413370807922e-01
-5.976096443416993864e-01 9.441055381179022654e-03 -7.756878078715576663e-01
-5.715452215403050706e-01 6.260229131761919918e-02 -7.926107725701947437e-01
-5.420342747624997681e-01 2.814436179129108095e-02 -8.214108576800249750e-01
-5.773157301116890183e-01 1.185827260881435613e-01 -7.319671033286418993e-01
-5.539900032966994514e-01 3.221525969570235987e-02 -8.111453304496091254e-01
-4.882853940741516130e-01 6.829697503047547913e-02 -8.152095748575600709e-01
-5.459546609036337594e-01 3.327275630741019508e-02 -8.153398760763878039e-01
-5.774346731779731456e-01 -1.367504375197407980e-02 -7.760080841388280470e-01
-5.668587802976270407e-01 3.675557460865000459e-02 -8.034431887792625737e-01
-5.319588824996381859e-01 2.887557076261772909e-02 -8.020566680713577812e-01
-5.869750688911234970e-01 1.334871314163673522e-02 -7.803698863045029910e-01
-5.587788032148457429e-01 8.830919239999285297e-02 -7.948535496880763107e-01
-5.526273294907856348e-01 7.518124175832097134e-02 -7.906217993061588345e-01
-5.825964808196538725e-01 -3.869161157106134393e-03 -7.839361376928607461e-01
-5.772502811945142698e-01 -9.772301793467533595e-03 -7.897698685356241421e-01
-5.922282886475949137e-01 2.178358042665186345e-02 -7.855117874305359571e-01
-5.787626806248992173e-01 6.573917707660180410e-02 -7.840618860843945326e-01
-5.506257483580427881e-01 3.438386903955217150e-02 -8.120426017764104110e-01
-5.859248353802625209e-01 3.707487614729641084e-02 -7.830181770251780637e-01
-6.060398894606776610e-01 3.323641181609972989e-02 -7.382603200877038141e-01
-5.342838411607383486e-01 2.998913989227209448e-02 -8.143036341000087219e-01
-5.310768344905449911e-01 -3.679843799583400188e-02 -7.200117905978957733e-01
-5.831405521857273566e-01 -2.063619012707485975e-02 -7.270945412648550654e-01
-5.577594109951485857e-01 1.940117899194227988e-02 -8.009003999491434156e-01
-5.516839402636325440e-01 1.000069861983883014e-02 -8.044657036002808015e-01
-5.586129738571383729e-01 2.418349651513291079e-02 -8.091184134988799181e-01
-5.763235772871415641e-01 4.130624190923663092e-02 -7.909670984809152872e-01
-5.618528174667311026e-01 1.387275914006357892e-02 -8.020212517883325010e-01
-5.553425737395255579e-01 5.253209006705862605e-02 -8.112396213685446611e-01
-5.988141401557079968e-01 1.640946303926207536e-02 -7.740947632598793593e-01
-5.320344994915050529e-01 1.192394710260928081e-01 -7.540734613950221821e-01
-5.448727554233832038e-01 6.404973615025041749e-03 -7.971859052209153695e-01
-5.596313723216018721e-01 4.874503653277773019e-02 -8.053899613868111818e-01
-5.675631187072686101e-01 1.024024886482435004e-01 -7.756480056773430443e-01
-5.203536605551358774e-01 9.017119880068860671e-02 -7.630623591800526073e-01
-5.381993274996885734e-01 4.964829657995678547e-02 -8.086597764866795268e-01
-5.811419907860190248e-01 7.672899803122611162e-02 -7.649760351374275125e-01
-5.574805287864171843e-01 3.123195133169288235e-02 -8.080320275146470888e-01
-5.509112300282433816e-01 1.821970047678006174e-02 -8.018765856054942409e-01
-5.599996184391559106e-01 1.044323585641956237e-01 -6.890460325130334240e-01
-5.917914954573788577e-01 9.647386345914695308e-03 -7.822388998588399867e-01
-5.877379820861193815e-01 7.668915539065652986e-02 -7.347500156000087435e-01
-5.585768683916814137e-01 3.998642160121952671e-02 -8.147071346156756766e-01
-5.694174198704972101e-01 6.764564377874397738e-02 -7.873392495825772830e-01
-5.737467449515242235e-01 5.422130262337170048e-02 -7.946231040314988281e-01
-5.987159282379314051e-01 3.351149875954650276e-02 -7.761287382485143604e-01
-5.977242647816557453e-01 8.055444882776681415e-02 -7.619490322779555180e-01
-5.873580828907394302e-01 6.133868256885807030e-02 -7.734224679510275369e-01
-5.578736556275740721e-01 2.686376613279276016e-02 -8.033071965312583718e-01
-5.885687750140672359e-01 5.804848955124022880e-02 -7.271055535535005943e-01
-5.601585180611569070e-01 6.780131408018380545e-02 -7.569468896516678980e-01
-5.584171506087510783e-01 4.324549679261741053e-02 -8.048837124280014965e-01
-5.609069668691303301e-01 -7.378948852076418728e-03 -7.897055565059832860e-01
-5.704909496929444490e-01 5.960615865721047291e-02 -7.971868685827215861e-01
-5.522156266076453379e-01 2.523844297899480171e-02 -8.131753327703342693e-01
-5.469725901021883496e-01 4.015212498049567508e-02 -8.075680078529334782e-01
-5.813007924270751081e-01 6.431782812311775607e-03 -7.959623273178262348e-01
-5.523085248171056838e-01 3.416576996248323062e-02 -8.093938305261129118e-01
-4.089124010759213057e-01 4.177789051813941140e-02 -7.184591878718139535e-01
-5.843107885604547080e-01 2.440965834656740399e-02 -7.709925466381192249e-01
-5.629553616179727715e-01 3.905720040298655410e-02 -8.047145613066619685e-01
-6.134768877297441803e-01 3.856250167558635672e-02 -7.588723121589159293e-01
-5.603338422675158137e-01 3.642291723884844012e-02 -8.081313021450571288e-01
-4.874636185146687950e-01 8.130263402469874168e-02 -7.055194180136853399e-01
-5.268596770967962639e-01 2.989582123493088675e-02 -8.106150519226539286e-01
-5.939792388702088699e-01 -4.982250936486471403e-03 -7.609900670207835338e-01
-5.641570851849990742e-01 6.895810437592095332e-02 -7.905739232110678971e-01
-5.704694449925248323e-01 3.174763282800753539e-02 -8.021334182746228114e-01
-5.534348700098503659e-01 4.389904611863878342e-02 -8.010432098969522130e-01
-5.948592648564039465e-01 5.229855764846781663e-02 -7.612469173473956907e-01
-4.721833957188435460e-01 1.047792140677471784e-01 -7.901254372153775352e-01
-5.651435426922233329e-01 3.277319838314610850e-02 -8.080335841074286485e-01
-5.593060041301002316e-01 7.051206007645294260e-02 -8.064027262955647535e-01
-5.881520476518687923e-01 5.198299173584652183e-02 -7.803089686331792230e-01
-5.517574260852353696e-01 -2.747348860163316159e-03 -8.070892077000695330e-01
-6.001697170614072041e-01 4.316244806462887079e-02 -7.695916635910347026e-01
-5.497200316496406725e-01 6.037135471025539823e-02 -8.039955121753159517e-01
-5.627056484047043838e-01 2.296974689691272040e-02 -8.031221308345938281e-01
-5.505541317385233002e-01 8.471399028527601405e-02 -7.695322280001373194e-01
-5.809447305001749218e-01 8.263598366746140872e-03 -7.874350945422443626e-01
-5.621493960723320527e-01 2.822516258399500322e-02 -8.056994147824994013e-01
-5.794046281421737499e-01 2.126952241538026742e-02 -7.878167866064665903e-01
-5.464050273980259886e-01 -1.175052555697150489e-02 -8.108970152947628796e-01
-5.352096019398079330e-01 6.614554824510307518e-02 -8.122996828179649409e-01
-5.437269125874499842e-01 5.468808577265855952e-02 -8.205014316045188272e-01
-5.482694756344481668e-01 1.436833290813471602e-02 -8.064745300444506881e-01
-5.695865935961837989e-01 7.099049508914345719e-02 -8.038206471643881690e-01
-5.688059951520189061e-01 2.375687327257363854e-02 -8.050671246978339246e-01
-5.914646348147465371e-01 4.529778679565207855e-02 -7.688838131999541359e-01
-5.654194900158718839e-01 6.417818871605592002e-02 -7.998173258061942459e-01
-5.654491705685185110e-01 4.187557488140283141e-02 -8.028079261576586134e-01
-4.920035855313117934e-01 9.449730641153562816e-02 -8.096551382357893845e-01
-5.892508901328197268e-01 -1.860979985586442556e-03 -7.833470716329731243e-01
-5.552695835624028575e-01 1.225110008398429696e-03 -7.970313499134320523e-01
-5.796938930797059797e-01 4.514502844194874520e-02 -7.833045253224514282e-01
-5.686898945738465549e-01 2.061349569282595190e-02 -7.998867971043269742e-01
-5.617566414743151437e-01 5.909988727432215899e-02 -8.038572962899362961e-01
-5.628437695053283285e-01 2.855488868115023740e-02 -8.096895358890506822e-01
-5.538911839812892257e-01 2.390037428316429263e-02 -8.079340948742221862e-01
-5.826375528653315872e-01 4.549007524160145199e-02 -7.903158931390518172e-01
-5.273139439891476599e-01 5.725928653552115992e-03 -8.078951413689809957e-01
-5.593629744724697428e-01 4.186200417658043210e-02 -8.103473155036707842e-01
-5.100965954370171307e-01 4.824309448296058844e-02 -8.077298390528390160e-01
-5.940354740017955715e-01 1.344100447592207724e-02 -7.448900795940238684e-01
-5.196234777419879158e-01 1.065902872163591308e-01 -7.894681412451662883e-01
-5.783446453220992822e-01 -4.004345278871889423e-03 -7.922392215910785129e-01
-5.724817076380315228e-01 2.838344072190199588e-02 -7.949798461668758920e-01
-5.574508072783166401e-01 2.853988938832900668e-02 -8.107809086569849333e-01
-5.661141907038741428e-01 1.691459223072394602e-02 -8.100257735715284957e-01
-5.206424799400296566e-01 6.341328662924798631e-02 -8.240380944481026093e-01
-5.583043586162634853e-01 5.384839998157028851e-02 -7.974497385683155803e-01
-5.627472494354752719e-01 3.553080638611282732e-02 -8.059828022276928072e-01
-5.857112276480065383e-01 -9.828328113729974114e-03 -7.740644244538917862e-01
-5.881632195303697630e-01 7.013832397919105011e-02 -7.739111282535404701e-01
-5.520148209211790391e-01 5.516731470459330239e-02 -8.155484232378685805e-01
-3.944019325944372323e-01 2.495605358026355483e-02 -7.828229505530541754e-01
-5.814215084475099493e-01 5.455077667457081114e-02 -7.545203631143592160e-01
-6.069018344999961290e-01 5.028674142174946460e-02 -7.404326968175690693e-01
-5.387404016310796129e-01 3.630703525102870616e-02 -8.181079337665499995e-01
-5.704470067492348750e-01 7.279996650096362543e-02 -7.898273197784237976e-01
-5.784792586789988533e-01 5.374980613328261131e-02 -7.920827442389168915e-01
-5.665742380963804115e-01 5.263321972189711345e-02 -7.955566915530587480e-01
-5.608539514546213578e-01 3.223400894197466643e-02 -7.981556170137277251e-01
-5.748476440785622588e-01 3.183148601569023989e-02 -7.894252969641425421e-01
-5.794816432519207527e-01 2.563678843644134203e-02 -7.977777317259666656e-01
-5.663620813893300854e-01 3.248709171577147947e-02 -8.032681579770741820e-01
-5.755118181266454247e-01 2.606609631395268023e-02 -7.863712885519137386e-01
-5.587066528309707625e-01 2.441152667920577779e-02 -8.061205470218710811e-01
-5.949355334125219219e-01 6.317401955927079427e-02 -7.719112413721177512e-01
-5.456995743388862730e-01 2.182107614962060932e-02 -8.140726079720320696e-01
-6.093308076812379293e-01 3.641274515898977604e-02 -6.689313944990722405e-01
-5.659620047453648439e-01 1.772105369802657454e-02 -7.995005956285414772e-01
-6.074466990848493841e-01 5.231623712392490660e-02 -7.598247563983122621e-01
-5.770238622251001592e-01 8.396782094941923624e-02 -7.608608235580575085e-01
-5.593672831644996846e-01 7.179360356240917229e-02 -7.970770488990596148e-01
-5.550280705109914559e-01 5.470229241481646548e-02 -8.059864586859696312e-01
-5.655314152741316436e-01 2.027785212041444129e-02 -7.809531546707280114e-01
-5.648295111815697656e-01 5.363698578185550729e-03 -7.910586553161994550e-01
-5.832339848300220897e-01 6.863601318099891990e-02 -7.803323459046729305e-01
-5.687954102698331571e-01 3.649412844587083399e-02 -7.906398284035986990e-01
-6.025999139156145157e-01 3.460961574590965678e-02 -7.510518768826475178e-01
-5.546161202238765187e-01 6.637584363813489596e-02 -7.968142846768213605e-01
-5.889431363045475321e-01 5.924911592627345874e-02 -7.819223225146927359e-01
-5.134670413417482537e-01 -1.044762400350605913e-02 -5.573089112166980108e-01
-4.554398693369583473e-01 -4.689347031001204341e-02 -7.995093811081372959e-01
-5.534906442622636868e-01 6.518016832538527094e-02 -7.913546009949649074e-01
-5.633424023273940762e-01 -1.796152693240591139e-02 -7.910138012226775039e-01
-5.487265800264955473e-01 8.752368657360454218e-02 -7.953359382992774007e-01
-5.703083712580597764e-01 1.398223970919496538e-02 -7.986516035255262214e-01
-5.624293210083322059e-01 1.080165147001057278e-02 -8.070939699221033603e-01
-5.482616542863331111e-01 3.652275739592879267e-02 -8.157396049867541299e-01
-5.805170538998699614e-01 3.697824261904612830e-02 -7.955210252150840544e-01
-5.018836461437119478e-01 2.614883276177655536e-02 -8.085731517282845893e-01
-5.607210078348791038e-01 4.787106706838062387e-02 -8.129786990079748144e-01
-5.910536542775696178e-01 2.572731564464149703e-02 -7.772199875546381698e-01
-4.943752060159586903e-01 9.322622888491206850e-03 -8.361942053014950194e-01
-5.300402878303752674e-01 -1.147076784197534338e-02 -8.150788642622681657e-01
-5.335107210169039993e-01 4.316001831691952673e-02 -8.140650645232293536e-01
-4.934777332913301007e-01 -4.732310569936543782e-02 -6.876201278632603220e-01
-5.516155025107358778e-01 2.091043088564359387e-02 -8.094322827615071381e-01
-5.217062811355854812e-01 9.629316475630704530e-02 -7.328870401983195171e-01
-5.471479696227551370e-01 4.744147722442648013e-02 -8.017835623533672296e-01
-5.699443510748971597e-01 4.677086876862411591e-02 -7.933098250799723861e-01
-5.570857099180006600e-01 6.398616394453177092e-02 -8.015542398436673599e-01
-5.502120940516149750e-01 4.149063711842708446e-02 -8.181794261361867715e-01
-5.418598802302236894e-01 3.984082840412347948e-02 -8.155370529949945713e-01
-5.337488995975646633e-01 9.222502423293076068e-02 -7.974478924436013694e-01
-5.230955028285158015e-01 7.677397853448385268e-02 -8.158539837933059813e-01
-5.328756022808348591e-01 5.283417754069495709e-02 -8.113958324843758563e-01
-5.178926131543590827e-01 3.817347605831378221e-02 -8.229395158963573875e-01
-4.765648625451320841e-01 5.452627984247759851e-02 -8.176839882849792351e-01
-5.454257777258058049e-01 6.493220139688928028e-02 -8.050748463684485046e-01
-5.410607901342260329e-01 5.885480517270923195e-02 -8.120219590136000809e-01
-5.393048086941005792e-01 9.873993718482358684e-02 -7.987828659717378654e-01
-5.360058877981849212e-01 5.030752753909056851e-02 -8.210744964663696521e-01
-4.987977579584476628e-01 -1.958459425263614148e-02 -7.734347363996545432e-01
-5.456871181955151862e-01 4.492531917142317255e-02 -8.161692804610073404e-01
-5.656720755223013652e-01 5.597014390420877034e-02 -8.001860181303992459e-01
-5.880727098579686674e-01 4.194786546815497223e-03 -7.669448395123726891e-01
-5.817116968026988522e-01 5.867890299330901643e-02 -7.899370236077495333e-01
-5.544884633120126249e-01 3.788353691243222243e-02 -8.092906638531410790e-01
-5.669715630388111327e-01 4.109500366506493169e-02 -7.998355795256042455e-01
-4.824395186150228776e-01 1.479047779104407934e-01 -7.661872354284618991e-01
-5.428216293330313524e-01 7.105441958360000920e-02 -8.017047725500656696e-01
-5.461405592962526034e-01 3.902987149296789637e-02 -8.180589051634695741e-01
-5.341509753182875908e-01 2.510793696192183469e-02 -8.231672505754584757e-01
-5.298568616356629235e-01 4.971974614924930258e-02 -8.195851232396385022e-01
-4.595439112988661812e-01 3.465402419829008429e-02 -8.073852928873835877e-01
-5.234061533677287770e-01 4.538266275346739681e-02 -8.173939624775626855e-01
-5.189042415298850131e-01 2.776616552162513435e-02 -8.210205925164248963e-01
-5.402162651153542550e-01 3.191966510739809720e-02 -8.122921033710238659e-01
-5.551869514504808034e-01 1.186774460148807588e-02 -8.128711855439572087e-01
-5.345419069709301807e-01 5.489930246291366278e-03 -8.029476103157999756e-01
-5.910169347582617805e-01 3.165684923347191621e-02 -7.745515623560972340e-01
-5.741883440124909699e-01 9.848182009054146091e-02 -7.480121984787777567e-01
-5.397831523693696898e-01 4.293953810920615038e-02 -8.199754869433401039e-01
-5.438612937933999802e-01 8.205307495662716999e-02 -8.070841488933214736e-01
-5.347163371712861935e-01 7.742911842748863294e-02 -8.140652740506005847e-01
-4.895882824843043046e-01 9.392893709033201324e-03 -8.117875987655718273e-01
-5.041678141033800742e-01 7.258793331992527409e-02 -8.119215552848251249e-01
-4.878018058523323486e-01 -1.403353483875668765e-02 -8.130114151619641794e-01
-5.156762423304914744e-01 5.149363866767577708e-02 -8.175940188486147120e-01
-5.478258179582184972e-01 5.904701496942121181e-02 -8.105107173457106740e-01
-5.207565565973395483e-01 8.018986706229697115e-02 -7.960497652681675085e-01
-4.911627620346647460e-01 4.218721027069070872e-02 -8.186667843127737321e-01
-5.255943926678898759e-01 3.942034760240363533e-02 -8.128618490493455528e-01
-5.718188817965207393e-01 5.735445085809031535e-02 -7.924654098348918874e-01
-4.251111365647113338e-01 9.206584816957037731e-02 -7.570106404448402326e-01
-5.182117692543785070e-01 7.934708523307524436e-03 -8.108114051884985907e-01
-5.332125649362957631e-01 -8.782655924073953096e-03 -8.012361826536874565e-01
-5.857003213915333850e-01 4.358749174874412824e-02 -7.828293414935023620e-01
-5.221263171506665968e-01 7.201185289621601926e-02 -7.638992618943167834e-01
-5.490386261815610736e-01 7.622495963911982142e-02 -8.019945373501321528e-01
-5.991382168090424454e-01 -7.184822817717450389e-04 -7.734341778862694472e-01
-5.648038240224314555e-01 5.180221748930217973e-02 -8.044784549920049876e-01
-5.897704625259381217e-01 3.704688642208318894e-02 -7.771357764942042889e-01
-5.739873289185164484e-01 3.324835977466767539e-02 -8.003414701409433674e-01
-5.759781659367378959e-01 1.527921228397160699e-02 -7.958044552952934225e-01
-5.880877951369951617e-01 5.505187993217475900e-02 -7.722232707979453936e-01
-5.425936237436820297e-01 1.319912537262066601e-02 -8.103871457541342860e-01
-5.518265207684851514e-01 2.706249325144484408e-02 -8.170619361422265525e-01
-5.686554910216590208e-01 -2.308687879962458001e-02 -7.760942326867233954e-01
-5.659032647050761256e-01 4.738837024770098383e-02 -8.008982465430127817e-01
-5.747527082649988017e-01 4.442134623989790754e-02 -7.974571001166340656e-01
-5.364802071589478416e-01 1.289737842071186566e-02 -8.136990433112143428e-01
-5.793927442949252660e-01 3.113300819605782990e-02 -7.836650544663934514e-01
-6.022548114801020702e-01 5.601409721238018169e-02 -7.511716678812323522e-01
-5.766131719459818283e-01 8.728009841898581866e-02 -7.900744237020961291e-01
-5.514922400348710729e-01 -5.482647740639672029e-02 -6.512440494494978749e-01
-5.679402061594743811e-01 -1.008113452444461301e-02 -7.995109108488877014e-01
-5.743221450220298285e-01 6.576361543152710321e-02 -7.753447579131076406e-01
-5.613598315059534771e-01 4.181981826820996284e-02 -8.058749345675625397e-01
-5.805660876483937916e-01 1.566393464996314322e-02 -7.923431456302687526e-01
-4.664203842756775575e-01 9.184009524263553326e-02 -7.904523647223523630e-01
-6.117383734914715321e-01 1.170691338314253233e-01 -4.590114939729573185e-01
-6.430845268905875933e-01 1.112667146331113438e-01 -5.557315135634477432e-01
-4.677851554156121638e-01 2.869298657003296893e-01 -6.088372514135486080e-01
-4.475050040829441356e-01 1.228085669729047785e-01 -8.076216549810285583e-01
-3.534345639538575279e-01 1.810953160928053807e-01 -7.886761372135902004e-01
-3.456843299331561203e-01 6.500356946249614964e-02 -8.381153324568372254e-01
-6.300364047862367922e-01 2.155935066690251312e-01 -6.087099833666286264e-01
-5.917141196911026579e-01 2.069373708686652880e-01 -7.130034509151299549e-01
-2.560215396118537545e-01 -1.138410660997022095e-01 -7.988234754914385061e-01
-2.311313060031166267e-01 3.805510800994310050e-01 -5.793472204997186514e-01
-5.277897899820108707e-01 1.303145527042518237e-01 -7.613414869430493725e-01
-6.298674446601958410e-01 1.510939442486003981e-01 -6.724343673121299103e-01
-5.401283678378657749e-01 -5.472012295918361052e-02 -4.512711528663542748e-01
-5.786029171156494844e-01 1.445625886391138648e-01 -7.576864369740211602e-01
-4.234899211916201001e-01 1.780187077313382660e-01 -7.579131008443287243e-01
-4.789142319593428510e-01 1.897455377341835669e-01 -7.122621101524834186e-01
-5.287611964928222719e-01 1.976106092478697729e-01 -7.428238615780784482e-01
-5.144372594025505840e-01 2.128043384473778388e-01 -5.063270404591343476e-01
-4.662904524782466864e-01 1.534824151114165258e-01 -7.516558864111990701e-01
-5.380342328139086083e-01 1.610557273635608300e-01 -7.601251957441098606e-01
-2.602274339910383705e-01 -2.231874425132319983e-02 -1.650909311362362963e-01
-2.958674746208611039e-01 -5.379673812681871892e-02 -5.248186176086176991e-01
-4.171536820579775928e-01 8.355116662609596290e-02 -8.027860644945344903e-01
-6.007462488864965255e-01 1.422372983805148261e-01 -7.088227015781223272e-01
-2.485030646727973414e-01 9.662102789200806285e-02 -7.095163952911486271e-01
-4.376318336856962476e-01 2.690927021645122541e-01 -7.346771327968119047e-01
-4.284560456764952008e-01 2.922821529837888246e-02 -7.906289619399573532e-01
-4.899773318688385171e-01 1.625916071764604010e-01 -7.855212661897494897e-01
-4.447946787115204526e-01 6.297659792394259826e-02 -8.203670533656611807e-01
-5.168993190200406040e-01 -2.505839416472499526e-01 -6.480433789323155613e-01
-5.901909874242489140e-01 2.079546205072690945e-01 -6.716355406276928175e-01
-6.928715647642856856e-01 5.953806954260185830e-02 -5.905129848631849310e-01
-3.980195838261086916e-01 2.077749856538102791e-01 -7.015141299548852682e-01
-6.339742346002985585e-01 -1.322913881857775420e-01 -5.945841340513544626e-01
-3.551752617596263817e-01 -6.133447125749481171e-02 -8.019087253229268963e-01
-5.101849366358188753e-01 4.216052644994549431e-02 -2.908108367943011974e-01
-7.248981579738997816e-01 -6.358786238290202453e-02 -5.147474848079709453e-01
-3.719496677758208913e-01 1.840665999686807996e-02 -8.267997702405959215e-01
-2.668060598310547094e-01 1.805290338597679289e-01 -5.478925824239974096e-01
-4.605599166356354468e-01 -2.184914833958788993e-01 -5.747398922310247293e-01
-5.606151399512989686e-01 1.833531170957588274e-01 -6.403239929131765429e-01
-7.461394320147302084e-01 4.859173242676110421e-02 -6.077348385041775325e-01
-7.439837424445173708e-01 -1.351135838425612107e-02 -5.631842844748775612e-01
-5.635996808996003304e-01 -1.257797189532841586e-01 -3.784890666122101566e-01
-3.058275395753937698e-01 1.663506931792161914e-01 -6.238108149230473520e-01
-6.172243159494364972e-01 2.084985099058309921e-01 -6.216440773707119227e-01
-6.231828760147959390e-01 2.140764447321129582e-01 -5.561753021901388871e-01
-6.848491421211513330e-01 -1.399620025153733294e-01 -4.015546300631571142e-01
-7.237408328633109234e-01 9.091775573897747931e-02 -6.318807196583507979e-01
-4.926036097344875242e-01 1.856584124288791493e-01 -3.617379690989577234e-01
-7.055510788913988973e-01 -1.423031564763337919e-01 -5.619812223979837595e-01
-3.381074567478540294e-01 1.413261015151110744e-01 -8.183223096407105102e-01
-4.998112181871603443e-01 2.527119669387408729e-01 -6.955382205377903526e-01
-5.960018604483893201e-01 5.986060471345428652e-02 -2.890619339545928979e-01
-2.507976673664586431e-01 -1.439292262791466437e-01 -8.390048474281722735e-01
-5.167900603190137554e-01 -3.379872010662337001e-01 -6.159534881028390085e-01
-5.820720358560101948e-01 -2.219148534143050300e-01 -5.396311709544299173e-01
-7.159981149847292059e-01 4.404646237900937400e-02 -5.744093734830459930e-01
-2.360425948820328024e-01 1.045138815722889275e-01 -7.535588293059140019e-01
-5.503110168097620214e-01 2.560621765451047138e-01 -5.599109627577510961e-01
-6.901081041470181754e-01 1.894020728290373712e-01 -6.566778106082522548e-01
-6.907020120691883536e-01 9.106103864760141386e-02 -6.718158267457737809e-01
-5.534971161092190339e-01 1.506102919105755666e-01 -7.800698249701518705e-01
-5.147742095913039329e-01 2.139200802297063775e-01 -7.890733353767248603e-01
-5.070590843934946745e-01 1.561370771836882165e-01 -8.102082237145536991e-01
-7.078433351909099169e-01 2.613730549091585961e-02 -6.589699171016177859e-01
-6.012278289560223365e-01 1.675618976474339272e-01 -7.357453362434422939e-01
-6.483255841407218334e-01 2.263598872507976423e-01 -6.780532552719578110e-01
-7.426937707054416249e-01 -6.360607373990130597e-02 -6.187392139445632155e-01
-7.312021256507017508e-01 -7.174132625654878331e-03 -6.213073838387648262e-01
-6.303888098114056593e-01 1.495739826370012793e-01 -7.122528925539548528e-01
-6.448196331391483627e-01 1.119543569019072343e-01 -7.134321382159800606e-01
-6.639980337926669751e-01 -8.375349630075738794e-02 -7.084585924703411530e-01
-4.536837609589829956e-01 6.676045587020570937e-02 -8.535678871507673682e-01
-3.337343147988304226e-01 1.502366279475843003e-01 -8.136998176233131153e-01
-7.082051967871640930e-01 -1.278465499429960739e-02 -6.628993187496031725e-01
-7.090180646461533565e-01 -1.063081075699981448e-01 -5.868542549395021624e-01
-5.186116158118695418e-01 1.260979997771239369e-01 -3.568746436647198816e-01
-2.662865924874064372e-01 2.026087734591728792e-02 -7.917866435775051670e-01
-4.144219446023126863e-01 -8.748819775139293764e-02 -8.439051238600631111e-01
-3.444983573037833091e-01 -1.164834617577742565e-01 -8.127984494018810624e-01
-4.731136516099188061e-01 3.237906538538114914e-02 -8.569742489850499245e-01
-4.361311980995689064e-01 -1.966172756914683767e-02 -8.564961972830670289e-01
-2.814187539235324387e-01 1.133622509932604577e-01 -4.710385980067107736e-01
-3.798480017532235298e-01 -5.963556151250831369e-03 -8.298178941451329615e-01
-4.224272965316462347e-01 -3.537152014645540965e-01 -6.963044287705809632e-01
-4.036163543324133851e-01 8.247640285196432275e-02 -8.559409105586929245e-01
-5.069897426756618808e-01 1.642419585667483691e-03 -8.439982918491097941e-01
-4.366699732205204798e-01 -7.082403005854677469e-02 -8.435411209036861591e-01
-4.841673191081201089e-01 -1.386400222787572377e-02 -8.566678292076617129e-01
-5.012562122805643838e-01 -2.205323800586505081e-02 -8.460768757232870474e-01
-4.844888961928714988e-01 -2.670031458999476762e-02 -8.536999939697956785e-01
-4.832499937085500408e-01 -7.703318368774622615e-02 -8.518766476212051852e-01
-3.518828007120610168e-01 -1.198534506689143131e-01 -8.101137142380356870e-01
-4.459594890804743916e-01 -8.045464230497191560e-02 -8.599509215725802402e-01
-4.586466625667435237e-01 -7.139734907558896448e-02 -8.494223546602808206e-01
-4.338979428441281927e-01 -1.309363924734637807e-01 -8.312774867971340909e-01
-4.707064711293531545e-01 -1.974338347924447790e-01 -7.331979133424773032e-01
-4.690516067779186837e-01 -1.233826710176971903e-01 -8.383146284966915829e-01
-2.137410931580147055e-01 -1.103475699641659619e-01 -7.100983604408104277e-01
-4.818313695833136290e-01 -4.222590173336693981e-02 -8.579631888130347939e-01
-2.111525389243321671e-01 3.840853612248260746e-02 -7.157208617151170627e-01
-5.137251400422520042e-01 -8.551353298363456590e-02 -8.165762727932596166e-01
-4.572580012781581882e-01 -5.417598307235532012e-02 -8.594326156323438548e-01
-4.474296968458883472e-01 -4.627536062707841846e-02 -8.670436407743381535e-01
-2.981570725987569004e-01 -7.691371544918218506e-02 -8.321593907832860459e-01
-4.019560694358785269e-01 -1.623280446107260300e-01 -8.273400869892333365e-01
-5.123051171788800540e-01 -1.050488049214848285e-02 -8.325939295676182406e-01
-5.315021870484823996e-01 -3.537744362641468548e-02 -8.186557750114186183e-01
-4.978318057227599236e-01 2.352808715699357053e-03 -8.492901500688593286e-01
-5.017050285727594483e-01 -4.224203329589885231e-02 -8.449075755884413175e-01
-4.469769216757105146e-01 5.212325442368587886e-02 -8.248927551281043380e-01
-4.515475208109221983e-01 -1.584872093384525893e-01 -7.942304107945946656e-01
-4.522071711425567631e-01 2.121785662583873175e-02 -8.577484416736610440e-01
-4.192260627078572277e-01 -2.789244547743515920e-02 -8.622269040843481003e-01
-3.044524010224109456e-01 9.261801892660372071e-02 -8.184941033648994724e-01
-3.903533779094549017e-01 -1.365530580852974789e-02 -8.639245319659142330e-01
-4.641542394336299893e-01 6.154092286581638524e-03 -8.629877225582756051e-01
-4.142146135837679877e-01 -5.578779493429344288e-02 -8.590355834743800267e-01
-4.725041852889973470e-01 -2.193319499757456076e-02 -8.643863856495882514e-01
-3.994321209832336073e-01 -3.755500668448169543e-02 -8.857655089750366972e-01
-4.689504256253086978e-01 8.652972787392272658e-02 -8.283974791149429917e-01
-4.196382556284337095e-01 1.724781809292202234e-02 -8.646007882332568117e-01
-4.436579451790624851e-01 -1.763239597428492957e-03 -8.743161735564545234e-01
-4.382565298511639229e-01 -1.560084428562996152e-02 -8.637127908627191264e-01
-4.571191457638342226e-01 -2.164121373163549814e-02 -8.602951084777551438e-01
-4.585298815328416877e-01 -3.904284917744363370e-02 -8.571008433803244397e-01
-3.040538336406150011e-01 -3.435870126041692951e-02 -4.346823847076501934e-01
-4.659356683950051092e-01 -3.425337447521954737e-02 -8.653727074448788192e-01
-3.660061547998545994e-01 5.482771735355076309e-02 -8.743034077636472334e-01
-4.762609424155428428e-01 8.535841281594775884e-03 -8.519052102427172590e-01
-3.939535556228520030e-01 1.703818310866145325e-01 -6.456333615091552902e-01
-4.081638052704800179e-01 -7.173253614094061981e-02 -8.494059437584757788e-01
-4.611151319461934128e-01 -8.200837902635602431e-03 -8.571157046771453736e-01
-5.092666477184117912e-01 -1.678614529924502274e-01 -6.000211430400592683e-01
-3.320759110672503733e-01 -1.703419664892865185e-02 -8.536937658345979951e-01
-4.179630931984174569e-01 8.597275234615101014e-02 -8.586386788313062901e-01
-4.197365189489506987e-01 1.513736118157270605e-01 -8.016438796376788023e-01
-4.439313773689238518e-01 8.409728836028583163e-03 -8.642837363743040013e-01
-4.237562157318650047e-01 -1.087833471283859883e-02 -8.780968648539732024e-01
-4.320920983500211587e-01 -4.306931329779513373e-02 -8.652789027871552463e-01
-4.528750157677959853e-01 -2.596620973288811529e-02 -8.716565721025314462e-01
-3.917846374098009066e-01 -5.952489644909821770e-02 -8.419421612813509093e-01
-4.274676362694208032e-01 -6.322032996742220357e-02 -8.542968687949621387e-01
-5.034117199293542955e-01 3.939275436165123184e-02 -8.342958701400485788e-01
-3.686686993625174491e-01 -2.476032589100423953e-01 -7.278071595844303188e-01
-4.671629654766501494e-01 -1.764232240243074692e-02 -8.682690085479163322e-01
-4.702738596269515070e-01 -2.575184435962361157e-02 -8.684418354034173504e-01
-4.864233287315662957e-01 -3.865545755945087175e-02 -8.587991651782179714e-01
-5.150762847630362407e-01 -2.178318690380254274e-02 -8.361256775598848723e-01
-4.539977183879833622e-01 -3.452379519974236449e-02 -8.751600252053647333e-01
-4.764544606890028233e-01 1.420066409986558628e-02 -8.494673082879560244e-01
-4.753073746757170426e-01 -4.043842430547064243e-02 -8.686052729581310583e-01
-4.890864016535987346e-01 -2.115767182798250143e-02 -8.634359382636103142e-01
-4.783421250950531944e-01 -1.948981279674546693e-02 -8.647381311924285940e-01
-4.722789167212845807e-01 -4.275563745918906783e-02 -8.623596540267385313e-01
-4.770382600505638782e-01 -4.152497038269069990e-02 -8.641970477093330327e-01
-4.676016054168535829e-01 5.039379008694957161e-03 -8.155475772521050271e-01
-4.439143893901359994e-01 -1.346471347774210814e-03 -8.620559594167356288e-01
-5.080014846844729259e-01 -3.452533578773519379e-02 -8.295300044821254382e-01
-4.055598177274427618e-01 8.704451634140832061e-03 -8.391386256770171359e-01
-4.957328498169293884e-01 -4.122956158244393821e-02 -8.519620418778603987e-01
-4.527119436191294755e-01 -5.920451136580828083e-02 -8.567349728008551990e-01
-4.751472766666474667e-01 -1.001441824353940281e-02 -8.563542491235058840e-01
-4.400339096912359582e-01 -3.277083475868084600e-02 -8.667396834068976652e-01
-4.954340864833456926e-01 -1.014733800592478030e-02 -8.332811265026142111e-01
-5.060714807137129956e-01 -3.181692167685488959e-02 -8.366575905888921083e-01
-4.472623825411619070e-01 -6.672241655774896474e-02 -8.261800957190028605e-01
-4.934287484828182024e-01 -6.364233861459457631e-02 -8.304428743004385050e-01
-5.017133952275234510e-01 -4.199382941088146415e-02 -8.353804296127863571e-01
-4.854239588241777148e-01 -3.049182270768350730e-02 -8.642136065387282517e-01
-4.893008090915494379e-01 -2.088380170482691603e-02 -8.529838843083401567e-01
-4.844824045159040193e-01 2.105460343954980440e-02 -8.347011711401333134e-01
-4.890527431989113438e-01 -1.446006284014309147e-02 -8.508955631515476847e-01
-4.726578336219359744e-01 -1.635532227185306636e-02 -8.669951172858687549e-01
-4.504410509111240191e-01 -9.938205087414898539e-03 -8.609201777323444160e-01
-4.931126072515810699e-01 -1.250318687315445966e-02 -8.601905037070657345e-01
-4.953121073792307594e-01 -1.300691662498591229e-02 -8.556201810657465545e-01
-4.917931118526609469e-01 -3.006624500976522868e-02 -8.064377862292682053e-01
-4.732626021359402912e-01 -7.564047941869066205e-02 -8.370252979832490947e-01
-4.930073542115286922e-01 -2.750915450548585897e-03 -8.574028149156117662e-01
-4.640807445448499324e-01 -6.232124507146748205e-02 -8.068657198066341296e-01
-5.021699563809597366e-01 -1.927314932904388226e-02 -8.499511681951120723e-01
-4.406948767511713605e-01 -2.429872469179689479e-02 -8.654727613369074257e-01
-4.713687518723075343e-01 2.380174098996608745e-03 -8.599124007590166485e-01
-4.899915402651628393e-01 -3.158737453449456112e-02 -8.608109106475664296e-01
-4.659066105695889304e-01 -6.018105167944170358e-02 -8.550139167337588164e-01
-4.833394289344519756e-01 1.009600621176292949e-02 -8.545741786202120105e-01
-4.968334688474349559e-01 -5.216763094633809772e-02 -8.452940372788955159e-01
-4.560552147027664427e-01 -2.186150889439180539e-02 -8.724997298567938042e-01
-4.893871676894703260e-01 -5.657176738317441084e-02 -8.464283554279523614e-01
-4.748209652992217977e-01 -3.062836001508576975e-02 -8.672643644086257542e-01
-4.727783906255271784e-01 -5.556131392964054616e-02 -8.638414945119611277e-01
-4.605517441190688510e-01 -7.911182238967376379e-02 -8.386906949304141490e-01
-5.005019144125123498e-01 5.046042424973811065e-03 -8.305693886886154065e-01
-4.923145002676356796e-01 -2.383451970863945807e-02 -8.346063688970781769e-01
-4.593896635360572578e-01 -1.426146396835331620e-02 -8.655030480536938242e-01
-4.905958307750358238e-01 -3.914860909146687662e-02 -8.520822335671104364e-01
-4.714695134436943103e-01 -5.579358098946421429e-02 -8.280846592163835229e-01
-4.901018151489065500e-01 -4.200037367785064424e-02 -8.594241206391586285e-01
-4.893596884601387198e-01 -3.571030928261735571e-02 -8.576765574747282628e-01
-4.837939431700760129e-01 -5.242386296038357811e-03 -8.510844083561741602e-01
-4.714679335143196481e-01 -8.184819622479832732e-03 -8.619672557562297888e-01
-4.577095888204043561e-01 -4.740697057089540006e-02 -8.660966949573476459e-01
-4.940681930915948872e-01 -6.077752230901117131e-02 -8.488685977376415615e-01
-5.017031975440672253e-01 -4.668532966769096265e-02 -8.423339950014877564e-01
-4.806222118821318889e-01 -6.159278436344663848e-02 -8.528945133692820146e-01
-4.753916421753483501e-01 -4.911211921825096860e-02 -8.611210916534011162e-01
-4.827574389686137835e-01 -5.988917579815864617e-02 -8.362375686909014894e-01
-4.660606795230438637e-01 -6.207819486387412822e-02 -8.512695570284942725e-01
-4.787372109197227110e-01 7.755769716005835382e-03 -8.313463835241299282e-01
-4.391711201340133264e-01 2.945700294589740850e-02 -8.497563657536638670e-01
-4.837753491238547809e-01 -5.439460282030533778e-02 -8.595738890924504716e-01
-4.925567188779845229e-01 -4.883401356718686595e-03 -8.448160163073415996e-01
-4.911562422231002256e-01 -3.855112504516387817e-02 -8.586410141041826982e-01
-4.626737630673297130e-01 -6.880325510559245905e-02 -8.375665630699956621e-01
-4.908657255040689837e-01 -4.760475130805689320e-02 -8.568362199688898118e-01
-4.599244991610305644e-01 -6.965377693484857413e-02 -8.486277187485820050e-01
-4.842576589556622513e-01 -4.388877931259173304e-02 -8.506964509126362373e-01
-4.123926850811454603e-01 -5.832649635669765603e-02 -8.059435095283944417e-01
-5.000994606018537292e-01 -4.487195312310564982e-02 -8.495556557092784900e-01
-4.601501955635617924e-01 2.108569941150833377e-02 -8.576491902809891821e-01
-5.141991563784248376e-01 -4.272486781175313664e-02 -8.265443801721975570e-01
-4.409958171059492615e-01 -2.430858313405831125e-02 -8.499389446546948834e-01
-4.548136197400883263e-01 -1.256784311493299756e-02 -8.659934535941175016e-01
-4.435009801960453357e-01 -3.844299136229971381e-02 -8.426820369370139341e-01
-4.814528990377544004e-01 -3.198065695922131663e-02 -8.675568981398147361e-01
-4.365289703599924964e-01 1.201398677982549318e-02 -8.431790998357374667e-01
-4.465791280369629801e-01 -3.514524132042866345e-02 -8.646899599004662651e-01
-4.627659546641577637e-01 -3.808562725894413387e-02 -8.669716459230083494e-01
-4.537123137548405571e-01 -3.410508121139715215e-02 -8.574273471980830008e-01
-4.679470500454263604e-01 -4.557786969456190107e-02 -8.635662725048358634e-01
-4.777068903220885177e-01 -3.557025448989462046e-02 -8.597516745025806095e-01
-4.808313601577076657e-01 -4.127246570238554679e-02 -8.640832101557051059e-01
-4.745628463382064455e-01 -4.483438086835562358e-02 -8.591133591689787963e-01
-4.810556592733911119e-01 6.734677008405770549e-04 -8.576772976822912842e-01
-4.862515563503064242e-01 -5.115322598848589392e-02 -8.579459220419752841e-01
-4.837479495497828408e-01 -5.680894153622579462e-02 -8.587652144867655712e-01
-4.786084547196129413e-01 -5.271322440575147011e-02 -8.610062253059004300e-01
-4.181027775169354754e-01 -1.767297408891906800e-03 -8.519886579559277084e-01
-4.971450910774345422e-01 -3.609032095775729920e-02 -8.476696954154031571e-01
-4.701872840160652434e-01 -5.291017130983235311e-02 -8.650253809552942430e-01
-4.901379009861031588e-01 -1.071967281287023463e-03 -8.417248581217485759e-01
-4.571923985836316984e-01 -5.679730498455513171e-02 -8.612516638140969016e-01
-4.783173527835445360e-01 -6.439962656015953829e-03 -8.654589698698659239e-01
-4.837771942662383862e-01 -3.784662270066536244e-02 -8.627839420797582815e-01
-4.541161619342425348e-01 3.514206754740586969e-02 -8.291207491950176589e-01
-5.036518171388090215e-01 -1.741054488659750724e-02 -8.225705681187976959e-01
-4.515731921536858540e-01 -1.863564620297966656e-02 -8.719784509349056689e-01
-4.946699096962673403e-01 -1.616886938083526848e-02 -8.493737424394783853e-01
-4.837476893183711990e-01 -2.574187801131854608e-02 -8.646426828588057445e-01
-4.720766759597976314e-01 -4.396469626335521713e-02 -8.667088659299770903e-01
-4.722499767263985126e-01 -6.078802428112445311e-02 -8.386385156313630462e-01
-4.237510354919316602e-01 -5.551487340355131667e-02 -8.182324363584171367e-01
-4.510774401443357617e-01 -7.243420681376340486e-02 -8.079870888877502821e-01
-4.840580767640011439e-01 -4.237061061715045873e-02 -8.626819287808714654e-01
-3.890958459762819954e-01 -4.386097104950166525e-02 -8.125323438177776136e-01
-4.425906714884892956e-01 -5.581972628126092434e-02 -8.507737464804717709e-01
-4.446428225243949095e-01 -5.870717295795754853e-02 -8.572056776294184610e-01
-4.868405122476557323e-01 -7.120118166098142465e-02 -8.382299319602750654e-01
-4.209826041195858237e-01 -2.003475901405959644e-02 -8.485135022680184713e-01
-4.633845213307679067e-01 -3.904747824427170361e-02 -8.615672837304085840e-01
-4.886082594413723168e-01 -2.971277784924982249e-02 -8.608623833457580421e-01
-4.865184845789490842e-01 -3.705796275664255401e-02 -8.627047371517251317e-01
-4.430065919634531002e-01 -1.223820362352720167e-02 -8.610526137516388845e-01
-4.709367022963051874e-01 1.224504684196965794e-02 -8.543843927546987960e-01
-4.085632370737397601e-01 -5.392538541728342932e-02 -8.325261100364779177e-01
-4.909750768247456709e-01 -7.024768016306134899e-02 -8.257873314486693372e-01
-4.909711872032668789e-01 -2.290030863821971782e-02 -8.476518452474994803e-01
-4.478573077193616636e-01 -2.419174128511840730e-02 -8.645910318819651774e-01
-4.517795707158922536e-01 -6.388747981521770980e-02 -8.501743512656130264e-01
-4.875106674067349877e-01 -4.755510798444628762e-02 -8.219014120473000506e-01
-4.893275701380498388e-01 -5.277049550189249344e-02 -8.573453678504050490e-01
-4.819751165850419405e-01 -3.412956644848579024e-02 -8.648974342027059281e-01
-4.613119195991786103e-01 2.184762999756170720e-02 -8.403098900753528389e-01
-4.689959781611393597e-01 -6.508735358685531665e-03 -8.597309532619451522e-01
-4.820890330748658359e-01 -1.566401291344334673e-02 -8.673877759647344865e-01
-4.680488791615345368e-01 -3.021096168795155482e-02 -8.707118343117775661e-01
-4.711986863883819709e-01 -1.291874131928756435e-02 -8.489539311682620104e-01
-4.803053953613842797e-01 -4.563350616321299597e-02 -8.566659796013361694e-01
-4.747159133783593332e-01 -1.471668055353462373e-02 -8.603697019437336335e-01
-4.719867394046140530e-01 -4.883728928519865536e-02 -8.626856660237760543e-01
-4.639454898157350793e-01 -4.569297231627592049e-03 -8.529139109478501846e-01
-4.670722657472004546e-01 -5.543332659085912356e-02 -8.594955275021529673e-01
-4.634306138164614453e-01 -3.237933497408691796e-02 -8.680279587867867352e-01
-4.832874848008916202e-01 -4.093834992278138490e-02 -8.563528309806990313e-01
-4.744564749877144827e-01 2.883946297642392409e-02 -8.370225045979861056e-01
-4.429110028668327148e-01 -1.180956822288096661e-02 -8.522706022273335291e-01
-4.750045746848911010e-01 -2.846424022537805132e-02 -8.633322321567581392e-01
-4.532538605817303945e-01 -2.006623514554051538e-02 -8.660700341669084201e-01
-4.629596228257531476e-01 -1.128180607923278365e-02 -8.731520909908792039e-01
-4.707280824609434977e-01 -2.987527297522060699e-02 -8.674452629342673804e-01
-4.910487851870337650e-01 -1.630679274294478259e-02 -8.555705439013766567e-01
-4.704859880778607395e-01 2.443895311480816235e-02 -8.458032491696393373e-01
-4.506190651369192945e-01 -4.913544399203820939e-02 -8.087600593288500894e-01
-4.941673741891266514e-01 -4.497575183434614904e-02 -8.509458824080690098e-01
-5.011780744580310865e-01 -2.262292292755268414e-02 -8.580295476974403313e-01
-4.601264802895422834e-01 -2.671132806763264547e-02 -8.725285530083194407e-01
-4.437883422388687049e-01 -4.992219227372390877e-02 -8.649567229167116622e-01
-4.552345647349632096e-01 -2.958875544994833684e-03 -8.624726296931021219e-01
-4.587957187565554484e-01 -5.524959764087837566e-02 -8.563898509650608171e-01
-4.968996115020802851e-01 -2.801936854240163685e-02 -8.412479398148012821e-01
-4.745161283505953120e-01 -7.362529305787089695e-02 -8.275353164746427348e-01
-4.782007247601922639e-01 -4.049985333571661655e-02 -8.565721048667391813e-01
-4.256282473835698021e-01 -9.511080289598862134e-03 -7.795174950531417180e-01
-4.873187704527479625e-01 -6.290385534540571255e-02 -8.440022191523197659e-01
-4.664143550813709682e-01 -2.419319936425555137e-02 -8.686518693683354941e-01
-4.696169226303705813e-01 -4.008771258979321878e-02 -8.462124118736026324e-01
-4.364672304184795126e-01 -4.700219175962017104e-02 -8.601398394146194670e-01
-4.431710543098373867e-01 -4.304201876872656984e-02 -8.662051006215432114e-01
-4.693471309841745764e-01 -1.354970367036751298e-02 -8.679507913323144530e-01
-4.864330832004124527e-01 -1.774271730258930591e-02 -8.621169052113987208e-01
-4.830960187791264460e-01 -2.107815603535153140e-02 -8.679085055812211236e-01
-5.027231819582533845e-01 -2.586150482964377426e-02 -8.455860394222487475e-01
-4.510174248615656523e-01 -7.177601089627005937e-02 -8.459184180790426666e-01
-4.802312810910411844e-01 -1.856328367401680057e-02 -8.595986603096070766e-01
-4.920672990322052520e-01 -4.629254667884329794e-02 -8.532224199127871334e-01
-4.356593480257193174e-01 -3.068590836253822646e-02 -8.509468563940290053e-01
-4.796444288538522782e-01 -1.363989928176022673e-02 -8.573676240999859033e-01
-4.619616505146298402e-01 -2.837137240762305571e-02 -8.647210064638924942e-01
-4.863205740079798445e-01 -4.832525013835799535e-03 -8.599850576556918869e-01
-4.826127312146279436e-01 -1.008331217111681395e-02 -8.578639840306550024e-01
-4.684974028865675488e-01 -2.793364865420347107e-02 -8.695737966803234187e-01
-4.670087496102630076e-01 -4.598783747420598020e-03 -8.467766007080168578e-01
-4.943217238594323493e-01 -1.478553289211304283e-03 -8.336912302731920299e-01
-4.833841740381322194e-01 -9.192630576768680804e-04 -8.524582473798202331e-01
-4.568546983539417683e-01 -4.460659214660126631e-02 -8.526342647093382299e-01
-4.919359550193401209e-01 -4.081524435382184735e-02 -8.312348217962575170e-01
-4.632680551211265096e-01 -2.011879145794166421e-02 -8.705396870938194587e-01
-4.920723137995220986e-01 -5.278876330646051912e-02 -8.527403802108523001e-01
-4.357681560204991755e-01 -4.593061672555827368e-02 -8.455089765298414717e-01
-4.416625424066426553e-01 -1.809295221292740383e-02 -8.551066853071598306e-01
-4.573607275356764701e-01 4.284999255934478934e-05 -8.617279665167828506e-01
-4.635452080162393851e-01 6.546977745959067785e-03 -8.592269013705441383e-01
-4.750492868385134404e-01 -3.396805256008036261e-02 -8.665946006105275101e-01
-4.500537475646745333e-01 -1.350844713886898731e-02 -8.655272219940625122e-01
-4.461739052508198466e-01 -2.986553401927036222e-02 -8.602519469874699842e-01
-4.513912577926709191e-01 -1.142245242711058132e-03 -8.670963681679284552e-01
-4.261298689483417612e-01 -2.837634138303932879e-02 -8.596017845390134804e-01
-4.835506199311692677e-01 -3.282825413384333341e-02 -8.633859745871790281e-01
-4.766237113833508565e-01 -2.482997708718666027e-02 -8.692461967114619714e-01
-4.684184347738393206e-01 -4.203177081144193750e-02 -8.698866201792834207e-01
-4.808043021564541442e-01 -2.657418645100469851e-02 -8.654047455988780335e-01
-4.757967820283369731e-01 -5.458124429246397763e-02 -8.401458150980529727e-01
-4.710616089249835547e-01 -3.621890872124844396e-02 -8.703374195163164906e-01
-4.955953996714341225e-01 -3.039181812296045879e-02 -8.530230569626086057e-01
-4.490338206702346180e-01 -4.930883980543888934e-02 -8.598218674416832075e-01
-4.137307202270008588e-01 1.393669940263385885e-02 -7.935446677149123884e-01
-4.647909579408124325e-01 -3.591042896017983960e-02 -8.717694641032869285e-01
-3.955467431489009811e-01 -1.584376337044385644e-02 -8.095452243582003105e-01
-4.642652979446147965e-01 -3.304786527164036564e-02 -8.624909198245716002e-01
-4.884299634055088157e-01 -3.355422190327555371e-02 -8.651396426720004973e-01
-4.776061674072723529e-01 -2.798048609514603921e-02 -8.617790593245846509e-01
-5.064679759582999541e-01 -9.855359273973633011e-03 -8.333819835002798104e-01
-4.687851170089206709e-01 -2.258451506854057891e-02 -8.695199227180797630e-01
-5.040658638211248377e-01 -3.824961025203027585e-03 -8.207485692126094134e-01
-4.588270443245521246e-01 -3.927607722974390397e-02 -8.647247170633921565e-01
-3.927993492630855732e-01 -1.302349197281462215e-02 -8.345723158612782244e-01
-4.288325433088994720e-01 -1.702729853455351577e-02 -8.656834719325012806e-01
-4.555845721769442025e-01 -1.739749914539051590e-02 -8.669037579529260684e-01
-4.957641208285107348e-01 -2.785564756804119468e-02 -8.595229068699907771e-01
-4.448947386068001775e-01 -1.870494030945730329e-02 -8.639449236696653545e-01
-4.745004428156046616e-01 -1.368468625083579110e-02 -8.679901701595429397e-01
-4.270961381372414545e-01 -3.483338005584767083e-02 -8.592613308340936173e-01
-4.364043851522774187e-01 -2.399014790514199941e-02 -8.670623189454882418e-01
-4.870134334453185554e-01 -6.231698305433169827e-02 -8.503137618347123006e-01
-4.463169313240697988e-01 -2.691760617502718389e-02 -8.705379822398906509e-01
-4.952183595492449797e-01 -2.810250789825076423e-02 -8.554492372846443926e-01
-4.606592748119582303e-01 -5.178155389914207429e-02 -8.675324478345206591e-01
-4.421609226090121303e-01 3.167986031706729387e-04 -8.359566142315759674e-01
-4.717805958626124507e-01 -2.732419129904049143e-02 -8.672149286865392659e-01
-4.776056451984954654e-01 -3.169451348179674194e-02 -8.684354170330155220e-01
-4.977934673874249150e-01 -4.891377560980433165e-02 -8.299071558971456986e-01
-4.636990984549568262e-01 -2.967326941769257709e-02 -8.714368548977817763e-01
-4.790493405928070159e-01 -3.977118537129317039e-02 -8.632300964956732825e-01
-4.812994649127493862e-01 -3.821887525569728217e-02 -8.677658337895979290e-01
-4.778093352689763429e-01 -4.888421926376954052e-02 -8.479110928619072451e-01
-4.850746024163818393e-01 -2.670034443947149824e-02 -8.613416055416187600e-01
-5.000624323393423332e-01 -4.198495223997583681e-02 -8.424537384018226938e-01
-4.740262650358026408e-01 -2.122208199271923348e-02 -8.690188338727189432e-01
-4.818921153570134286e-01 -1.339240180459711459e-02 -8.596391845652093799e-01
-4.715631436993195647e-01 -1.723386462751324427e-02 -8.699649208112660848e-01
-4.631928108608722727e-01 -2.036252375914624629e-02 -8.680158858423121515e-01
-4.563401737618009157e-01 -5.519254823582271305e-03 -8.496526174714865709e-01
-4.382690490759080237e-01 -3.519061010434350410e-04 -8.525765269561526027e-01
-4.601696623049242318e-01 -9.794509091870297682e-03 -8.625018110069396782e-01
-4.758570884998231665e-01 -1.257218433616138012e-02 -8.658919883487637970e-01
-4.631746876431220294e-01 -1.448290276820057669e-02 -8.610015914797921610e-01
-4.700639856238750247e-01 -6.009766532549841618e-03 -8.672003521160559503e-01
-4.951332849996815666e-01 -9.321747441484919822e-03 -8.462953468529992307e-01
-4.705661944421305476e-01 -3.402864345185882544e-02 -8.690264782677280531e-01
-4.892408346924327356e-01 -9.438569991179295710e-03 -8.354562537782478371e-01
-4.925409005994240697e-01 -4.162173827191825715e-02 -8.546866630842377965e-01
-4.520428953653365944e-01 8.038923613695510978e-03 -8.568588486408684757e-01
-4.569249699617535243e-01 -4.888080163008482609e-02 -8.582199719035596974e-01
-4.727397289509004952e-01 -3.350974814040738950e-03 -8.475671951385109759e-01
-4.755386529043567068e-01 -3.779279047194693437e-03 -8.597423148596750053e-01
-4.412320487937915758e-01 -3.883166318014249357e-02 -8.605049437528191625e-01
-4.743209926785922903e-01 -1.892622710622122659e-02 -8.668409391697617927e-01
-4.677800878839706855e-01 -5.043714164469102063e-02 -8.625163324833481360e-01
-4.690602641785147076e-01 8.635487946598777512e-03 -8.601834384854669668e-01
-4.788567278060509302e-01 -6.978964174267721088e-02 -8.415715743900628043e-01
-4.824075273130478680e-01 -1.995650414696664363e-02 -8.614433416349794870e-01
-5.146237387617442760e-01 -3.208739190645046313e-02 -8.422652982493771257e-01
-4.642215215343640788e-01 -4.858294560773764731e-02 -8.596760284092047621e-01
-4.421568559560413725e-01 -5.510975912006973315e-02 -8.609115610541420160e-01
-4.866590610917271298e-01 -4.492709675850731221e-02 -8.601339629334560088e-01
-4.570063238892013713e-01 -6.058240206879063339e-02 -8.562562968397778862e-01
-4.023528773781823165e-01 -4.756583195771161426e-02 -8.237354854247301850e-01
-4.977058730686603205e-01 -2.070874973890178897e-02 -8.277247124780976462e-01
-4.704426897933424168e-01 -4.014938071595167135e-02 -8.648384537813041950e-01
-4.493638481046077215e-01 -2.851098477334138709e-02 -8.669256905450815065e-01
-4.591903264531488338e-01 -4.556850908282188140e-02 -8.616680810968374571e-01
-4.250089043284823731e-01 5.408683426131584947e-03 -8.320523774125064831e-01
-4.883410200099472798e-01 -2.490794934155544579e-02 -8.593884088519159192e-01
-4.810860931557119358e-01 -2.545126858011153431e-02 -8.684694275595530311e-01
-4.525116094883964157e-01 -3.521287308823972586e-03 -8.519908856233869843e-01
-4.827333629346420296e-01 -2.487608959671936196e-02 -8.614177849205552073e-01
-4.838132792732818821e-01 -3.129100869051926193e-02 -8.514127080721359819e-01
-4.847733854945705523e-01 -1.550060974837687289e-02 -8.565638173543503875e-01
-4.939504466545672212e-01 -3.257394882807324032e-02 -8.582173902680458877e-01
-4.637391627608128952e-01 -2.637173925721963963e-02 -8.599144209754955304e-01
-4.335638084551334814e-01 -5.283574083636145141e-02 -8.577306094108070322e-01
-4.656975538588543628e-01 -3.791495483615359846e-02 -8.636233938898953966e-01
-4.748116283139119376e-01 -2.668807531061410943e-02 -8.675903724736627742e-01
-4.869979517157848048e-01 -2.075291374517242507e-02 -8.591928596064659640e-01
-4.363424304343206384e-01 -1.042993497286919813e-01 -8.476485567655138720e-01
-4.211359292064117965e-01 -5.524306055257131171e-02 -8.512180453319204698e-01
-4.345259701838643518e-01 -7.103095872872931815e-02 -8.111705502450483607e-01
-4.508339978057684938e-01 -3.630299632251771103e-02 -8.689034855054167394e-01
-4.202034810637586548e-01 -1.822028951573696418e-02 -8.383838345335195008e-01
-4.632858747176196168e-01 -4.636968297354446961e-02 -8.672949773546811958e-01
-4.609830500243176643e-01 -6.194392936406706296e-02 -8.500499104703129749e-01
-4.533580193486400067e-01 -7.757730910586531359e-02 -8.449615300563997344e-01
-4.736595411482566464e-01 -3.714505270299230111e-02 -8.636115607438453745e-01
-4.261198286435940452e-01 -8.172359860290337452e-02 -8.252424647225954368e-01
-4.313061917743100659e-01 -6.152159304007960572e-02 -8.457284774886275613e-01
-4.778709469314553759e-01 -6.225037416826948583e-02 -8.558440387640356972e-01
-4.442935994010501211e-01 -4.578141795835721957e-03 -8.563806786078581590e-01
-4.682886966037830834e-01 -5.185724462828841114e-02 -8.534147558583793369e-01
-4.758151465694817062e-01 -4.341185215977468731e-02 -8.626582178897163056e-01
-4.573942806204913669e-01 -5.118133232302434638e-03 -8.682128556261412555e-01
-4.801813234439187839e-01 -1.636099985227822823e-02 -8.684590349086420691e-01
-4.482085253607711595e-01 1.613656937816809397e-02 -8.452964542471531617e-01
-4.510685848727004621e-01 -4.211618358369177001e-02 -8.739707141283972192e-01
-4.790811065008135361e-01 -3.744359489971059440e-02 -8.509421365083476019e-01
-4.177555383723604576e-01 -2.317788581769886919e-02 -8.244508215841896970e-01
-4.791997878718471937e-01 -2.461350788702755532e-02 -8.553166776719483000e-01
-4.045069783081383652e-01 -2.956244155174235846e-02 -8.581200538955756629e-01
-4.613344145463467161e-01 -6.249120707282374704e-02 -8.607509319587727248e-01
-4.677056647244275944e-01 -7.731240550595724903e-02 -8.220786821927580368e-01
-4.270969787923094563e-01 -5.280844660832097887e-02 -7.872340570596559894e-01
-4.483863871841443638e-01 1.570170542360726368e-02 -8.316943932132769834e-01
-4.292793160909157968e-01 -6.566870588877722625e-02 -8.370797766439085352e-01
-4.803431279919059271e-01 -6.520433813432817416e-02 -8.505937861241046338e-01
-4.788352579412191168e-01 -4.595352207716987825e-02 -8.631125093126905679e-01
-4.250082830123660949e-01 -5.604241530276249383e-02 -8.371114585541464814e-01
-4.944469929737033143e-01 -5.672343748465733665e-02 -8.449658134012030253e-01
-4.398371289556620711e-01 -5.985344858373683324e-02 -8.395075058088354858e-01
-4.646782379183493905e-01 -1.428442793453614350e-02 -8.651262890696612695e-01
-5.006842928770529610e-01 -5.656803479709959781e-02 -8.415390497960122396e-01
-4.798526002742722896e-01 -4.743901818869934034e-02 -8.645450194328601068e-01
-4.749785146940590508e-01 -7.226549562872749792e-03 -8.475759676093631567e-01
-4.507852649715117233e-01 -4.798766603411466075e-02 -8.660022580135944281e-01
-4.698923436811998644e-01 -1.837160391059151562e-02 -8.648207814768765767e-01
-4.309358725063228146e-01 2.677626816990896427e-02 -8.033964898408271216e-01
-4.692703878544055573e-01 -3.286113236407804672e-02 -8.640278621892817368e-01
-4.509798565257546743e-01 -7.651182691177080275e-02 -8.292480348939527124e-01
-4.778971407656245063e-01 -2.216965020756658800e-02 -8.682493584482277038e-01
-4.737040423461457150e-01 -8.486070837133286374e-03 -8.692779682834572696e-01
-4.987180632455641693e-01 -2.013698333099821908e-02 -8.428481205886533267e-01
-4.774034186883757136e-01 -3.100849771544885239e-02 -8.661015182096487575e-01
-4.564105964345208655e-01 -3.050393242243787731e-02 -8.627081541677589227e-01
-4.332844767502838090e-01 9.772150876404704298e-03 -8.027477439278388749e-01
-4.743802530533557937e-01 -5.918700879483441979e-02 -8.590583136420422150e-01
-4.659955493738046628e-01 -6.542091545252132212e-02 -8.519272709185439219e-01
-4.739619015526070345e-01 -4.542048334454404368e-02 -8.220522224400328426e-01
-4.356560638769435001e-01 -3.558991589706773234e-02 -8.590074059530005135e-01
-4.862099600087799178e-01 5.219580144190134365e-03 -8.439649367285559922e-01
-4.227718530685878884e-01 -4.595223025406810352e-02 -8.551527464457628902e-01
-4.589315045753532551e-01 -2.278591570476221420e-02 -8.638233753657129643e-01
-5.024249876988429175e-01 -5.499313671026148653e-02 -8.347668796663806345e-01
-4.101377185653976576e-01 -4.217813046173102959e-02 -8.507130933839008868e-01
-4.740750901850873666e-01 -2.187801569578140884e-02 -8.598338882830516283e-01
-4.719004319341529308e-01 -5.222797377918755174e-02 -8.581182107062033104e-01
-4.752675061976768256e-01 -3.074663946301220765e-02 -8.604751375352573950e-01
-4.858915054344874473e-01 -5.243994501001861264e-02 -8.528190931841667100e-01
-4.660527773940177365e-01 -6.872908234856710263e-02 -8.432964713112428567e-01
-4.561810321932651680e-01 1.224480513565797540e-02 -8.489960980454311912e-01
-4.839205923817220811e-01 -1.076153976861249709e-02 -8.656520552019654202e-01
-4.532198900107187178e-01 -2.655450974370401895e-02 -8.701661153063453558e-01
-5.217032971426004417e-01 -1.728049658717218870e-02 -8.325763964889274504e-01
-4.973770878052085620e-01 -3.907746879074040780e-02 -8.476908797753095470e-01
-4.851132606007710901e-01 -4.516410883181971869e-02 -8.624255638570090809e-01
-4.374806891873691539e-01 -1.050654637532589565e-02 -8.738058122739931211e-01
-5.000095746700777832e-01 -2.870441010561347248e-02 -8.493614788742479549e-01
-4.875148060109198989e-01 -2.928701517582435812e-02 -8.543534286353846596e-01
-4.611842765001343269e-01 -3.762159146159234357e-02 -8.702208462629681396e-01
-4.804516220197038168e-01 -2.373869264593547745e-02 -8.646168225147654596e-01
-4.860878370244424707e-01 -5.209531342966883943e-03 -8.479443152498475911e-01
-4.940080284752934592e-01 -2.238338525398171630e-02 -8.581470150529659779e-01
-4.647290380074186600e-01 -4.133529442264866766e-02 -8.656488521425916849e-01
-4.647318873942666295e-01 4.055793007164003902e-04 -8.615741835764975098e-01
-4.805225681076482624e-01 1.040087630744989701e-02 -8.445724509725321960e-01
-4.829923726729853928e-01 -3.060835475963382193e-02 -8.664521431403762186e-01
-4.504704537824826827e-01 -5.435110662731191394e-02 -8.606756902418591926e-01
-4.130684215756298405e-01 -1.531344421640773792e-02 -8.023763276325484028e-01
-4.332535219992602049e-01 2.470759072523964154e-03 -8.487736552473148510e-01
-4.632190731554576280e-01 1.269227332369926922e-02 -7.992811464412722389e-01
-4.950417710830967710e-01 -3.740714197155797782e-02 -8.550023837017437511e-01
-5.013194401008158607e-01 -3.408684718476635150e-02 -8.542922754986553846e-01
-4.682023520961560714e-01 -2.241581515814767764e-02 -8.636945147494885511e-01
-4.874303540489103859e-01 3.790617372266039641e-03 -8.192190781271274647e-01
-4.913540475903835358e-01 -4.858201166616457622e-02 -8.483982435781922682e-01
-5.012077622873989391e-01 -3.288713377663839144e-02 -8.423536926490006183e-01
-4.907792172899926864e-01 4.738341630286035250e-03 -8.335280877649032805e-01
-3.970786090364289977e-01 1.943983627139576550e-02 -8.142593724208857520e-01
-4.550487014261387353e-01 -3.341932528718805084e-02 -8.658747600438408965e-01
-4.493697060231412466e-01 -4.342598668459633077e-02 -8.629597247272410288e-01
-4.882416506467932571e-01 -3.582090141763305535e-02 -8.601690338533304336e-01
-4.658850166093045364e-01 -7.724341070394242538e-03 -8.613370938397005849e-01
-4.921560261215291443e-01 -3.180013561050395315e-02 -8.520444755277704063e-01
-4.368039293979552040e-01 -1.341634432446538357e-02 -8.585147548314442378e-01
