8.893620967864990234e-01,-1.228104755282402039e-01
2.254184037446975708e-01,7.474135756492614746e-01
-4.250775575637817383e-01,-5.702169537544250488e-01
-8.729217201471328735e-02,-5.397362709045410156e-01
6.000887751579284668e-01,3.507458791136741638e-02
8.448002934455871582e-01,-7.510606199502944946e-02
-5.569067597389221191e-01,-7.704167962074279785e-01
-2.782021462917327881e-01,5.678378939628601074e-01
-4.084816873073577881e-01,-5.527333617210388184e-01
3.146203160285949707e-01,1.955177262425422668e-02
-5.068303346633911133e-01,-7.419152855873107910e-01
2.885802984237670898e-01,-5.150666236877441406e-01
-4.752027094364166260e-01,-7.438075542449951172e-01
-1.208422854542732239e-01,4.590101540088653564e-01
-4.805839359760284424e-01,-7.467719912528991699e-01
8.558805584907531738e-01,-8.522151410579681396e-02
3.036909699440002441e-01,-1.153436228632926941e-01
-6.407114267349243164e-01,-6.656153202056884766e-01
8.138025403022766113e-01,-6.983229517936706543e-02
-4.506089091300964355e-01,-7.637798190116882324e-01
3.124411702156066895e-01,1.912354528903961182e-01
-5.383648872375488281e-01,-7.691572308540344238e-01
-4.379612207412719727e-01,1.670934110879898071e-01
-4.211441278457641602e-01,-6.036790013313293457e-01
2.694158852100372314e-01,6.416957378387451172e-01
-2.782028019428253174e-01,5.675159096717834473e-01
-6.037921905517578125e-01,-7.660632133483886719e-01
2.303649634122848511e-01,1.750654578208923340e-01
1.942952722311019897e-01,9.743111133575439453e-01
2.299149334430694580e-01,-1.814029216766357422e-01
3.186590075492858887e-01,1.104803830385208130e-01
1.871779710054397583e-01,9.713643789291381836e-01
4.693966731429100037e-02,3.807668015360832214e-02
4.691309630870819092e-01,-2.533124089241027832e-01
-4.612827301025390625e-01,1.424243897199630737e-01
7.046907395124435425e-02,1.214696168899536133e-01
-6.419677138328552246e-01,-6.840525865554809570e-01
1.156336069107055664e-01,9.111293554306030273e-01
1.293985843658447266e-01,2.353967912495136261e-02
4.437850713729858398e-01,-1.348733622580766678e-02
-9.468963742256164551e-02,1.705499589443206787e-01
8.617200255393981934e-01,-9.454320371150970459e-02
-5.155015587806701660e-01,1.720673143863677979e-01
-3.080996274948120117e-01,8.902201056480407715e-02
-8.240206539630889893e-02,3.646222651004791260e-01
-8.822143077850341797e-01,3.974342048168182373e-01
1.959460228681564331e-01,7.912287116050720215e-01
8.086220026016235352e-01,-6.415846198797225952e-02
-4.561031162738800049e-01,-7.641379237174987793e-01
1.888529956340789795e-01,-1.322279870510101318e-01
8.878854103386402130e-03,5.149264261126518250e-02
2.949874401092529297e-01,-4.516031742095947266e-01
1.254501938819885254e-01,9.348984360694885254e-01
3.181646168231964111e-01,2.498706728219985962e-01
-8.695293962955474854e-02,-5.404917001724243164e-01
2.072302997112274170e-01,7.773805856704711914e-01
2.410808056592941284e-01,7.839055061340332031e-01
3.004095256328582764e-01,-2.514136731624603271e-01
-2.514129877090454102e-01,-7.973653674125671387e-01
2.175310105085372925e-01,3.778519332408905029e-01
4.224408864974975586e-01,-3.784739375114440918e-01
5.517950281500816345e-02,5.346261858940124512e-01
2.337471097707748413e-01,-8.719074539840221405e-03
-4.570365846157073975e-01,1.394250690937042236e-01
1.394268870353698730e-01,9.350166916847229004e-01
-4.839315712451934814e-01,1.565677076578140259e-01
-6.066340804100036621e-01,3.345173597335815430e-01
-5.021744370460510254e-01,1.691352874040603638e-01
-2.515477836132049561e-01,9.692580252885818481e-02
8.531389385461807251e-02,7.979805022478103638e-02
3.171002268791198730e-01,7.221949100494384766e-01
9.145902842283248901e-02,8.813520073890686035e-01
1.396384388208389282e-01,1.649404317140579224e-01
-1.322836875915527344e-01,7.193495333194732666e-02
-4.617831110954284668e-01,-7.260189652442932129e-01
-6.754279732704162598e-01,-3.032616972923278809e-01
2.965540159493684769e-03,3.740509450435638428e-01
2.187864929437637329e-01,1.802709698677062988e-01
8.894845247268676758e-01,-1.228994056582450867e-01
-4.207919538021087646e-01,1.351111233234405518e-01
7.485424876213073730e-01,1.944080227985978127e-03
8.075041770935058594e-01,-7.160864770412445068e-02
1.091423556208610535e-01,-1.258180588483810425e-01
-6.051606535911560059e-01,2.200266271829605103e-01
4.292671382427215576e-01,-4.194861352443695068e-01
1.467632502317428589e-01,8.315486907958984375e-01
-6.051356196403503418e-01,2.199651300907135010e-01
-4.017233550548553467e-01,-7.237879037857055664e-01
-6.117925047874450684e-01,3.040121197700500488e-01
1.290994584560394287e-01,8.626946806907653809e-01
4.080816209316253662e-01,4.519235715270042419e-02
1.491471230983734131e-01,9.563601016998291016e-01
2.269989550113677979e-01,8.717529177665710449e-01
-2.781455814838409424e-01,5.673549771308898926e-01
2.482002526521682739e-01,-1.198374666273593903e-02
2.242264002561569214e-01,8.626824617385864258e-01
8.859915137290954590e-01,-1.170036271214485168e-01
-4.883182942867279053e-01,-7.690210342407226562e-01
4.081730842590332031e-01,4.551979899406433105e-02
-5.146648287773132324e-01,1.801979690790176392e-01
-2.780057191848754883e-01,5.677539110183715820e-01
-4.223760962486267090e-01,-7.273004651069641113e-01
-5.114738941192626953e-01,1.777972280979156494e-01
-1.775901168584823608e-01,7.659059017896652222e-02
4.726203382015228271e-01,4.506810382008552551e-02
-4.680995345115661621e-01,-7.662965655326843262e-01
1.990428119897842407e-01,9.719590544700622559e-01
7.176674008369445801e-01,2.876344509422779083e-02
1.840414851903915405e-01,7.401882410049438477e-01
2.023579329252243042e-01,8.232437968254089355e-01
-5.683832764625549316e-01,-7.689182758331298828e-01
8.233422040939331055e-01,-8.977739512920379639e-02
1.674008965492248535e-01,9.425097703933715820e-02
-6.065536141395568848e-01,3.346095681190490723e-01
1.527426987886428833e-01,9.582730531692504883e-01
-6.313214898109436035e-01,-7.367252707481384277e-01
3.318529427051544189e-01,-1.328124403953552246e-01
8.229429125785827637e-01,-9.603834152221679688e-02
-6.752949953079223633e-01,-3.032492399215698242e-01
2.022733837366104126e-01,7.898047566413879395e-01
-3.548444807529449463e-01,1.706708967685699463e-02
4.379331171512603760e-01,2.173169702291488647e-01
-3.944737315177917480e-01,-7.124978303909301758e-01
4.780467152595520020e-01,-4.393720030784606934e-01
7.113280892372131348e-01,1.440218389034271240e-01
-2.822077274322509766e-01,5.465948581695556641e-01
8.236693143844604492e-01,-8.379437029361724854e-02
-6.066104769706726074e-01,3.345943391323089600e-01
1.114669218659400940e-01,2.541915178298950195e-01
-4.255127310752868652e-01,-5.705472230911254883e-01
8.464805483818054199e-01,-6.288992613554000854e-02
2.039466947317123413e-01,9.675164818763732910e-01
-4.050235450267791748e-01,-7.162364125251770020e-01
-4.084466397762298584e-01,-7.305869460105895996e-01
-6.419849991798400879e-01,-6.866841316223144531e-01
-3.198991119861602783e-01,1.140574961900711060e-01
3.862836360931396484e-01,-3.300071656703948975e-01
1.499634832143783569e-01,8.380073308944702148e-01
1.643551737070083618e-01,1.730872690677642822e-02
1.990580111742019653e-01,9.719467163085937500e-01
4.773477911949157715e-01,-4.382961690425872803e-01
3.062894344329833984e-01,1.224546879529953003e-01
2.247950583696365356e-01,1.801668852567672729e-01
7.996891736984252930e-01,-5.768446251749992371e-02
1.295046210289001465e-01,9.313102364540100098e-01
-6.346287727355957031e-01,-7.291246056556701660e-01
2.369241267442703247e-01,-2.127665281295776367e-01
-5.616893172264099121e-01,1.969667226076126099e-01
4.784041643142700195e-01,2.123953104019165039e-01
-2.781148254871368408e-01,5.668203830718994141e-01
3.924844861030578613e-01,-6.340026855468750000e-02
3.664877414703369141e-01,4.466666579246520996e-01
-1.302507668733596802e-01,-5.215634703636169434e-01
3.224071562290191650e-01,1.085495054721832275e-01
2.594686448574066162e-01,3.157135471701622009e-02
-6.049726009368896484e-01,2.200395762920379639e-01
-6.411318182945251465e-01,-6.991547942161560059e-01
-4.595236182212829590e-01,-6.926290392875671387e-01
3.614324703812599182e-02,4.174947142601013184e-01
-6.049076318740844727e-01,2.201520651578903198e-01
2.759406566619873047e-01,-5.238954424858093262e-01
2.755613625049591064e-01,-5.236071944236755371e-01
-6.046772599220275879e-01,2.199145555496215820e-01
1.096921563148498535e-01,8.644938468933105469e-01
1.787246763706207275e-01,-9.875182807445526123e-02
3.988473117351531982e-01,-3.233343362808227539e-01
4.407025873661041260e-01,-3.995228409767150879e-01
-6.053982973098754883e-01,2.205287069082260132e-01
1.240617036819458008e-01,8.764210343360900879e-01
3.250243514776229858e-02,7.536902558058500290e-04
-5.519741773605346680e-01,-7.723819017410278320e-01
-4.595278799533843994e-01,-7.666188478469848633e-01
3.181765675544738770e-01,4.484827443957328796e-02
1.494438797235488892e-01,2.496036142110824585e-02
-6.047095060348510742e-01,2.199333608150482178e-01
2.301615625619888306e-01,3.114205896854400635e-01
5.581334829330444336e-01,1.880394518375396729e-01
8.742138147354125977e-01,-1.035536378622055054e-01
8.136581182479858398e-01,-6.848655641078948975e-02
-4.696657359600067139e-01,-7.382131218910217285e-01
-4.073439836502075195e-01,1.255559027194976807e-01
-5.285009145736694336e-01,1.962149590253829956e-01
3.739055991172790527e-01,-3.257387280464172363e-01
4.279380738735198975e-01,-3.818859159946441650e-01
-6.290780305862426758e-01,-7.409639358520507812e-01
3.125259578227996826e-01,1.862200200557708740e-01
-3.736803829669952393e-01,1.185598447918891907e-01
-5.058965682983398438e-01,-7.554204463958740234e-01
8.589623123407363892e-02,1.119275391101837158e-02
1.524139642715454102e-01,8.405124545097351074e-01
2.717179059982299805e-01,-5.203905105590820312e-01
-8.781728148460388184e-01,3.956110179424285889e-01
-3.627133741974830627e-02,-5.855237320065498352e-02
-5.833830833435058594e-01,-7.704008817672729492e-01
2.294801920652389526e-01,-1.227372288703918457e-01
-5.793061256408691406e-01,-7.708115577697753906e-01
4.782423973083496094e-01,-4.397677779197692871e-01
2.038440406322479248e-01,-1.562644690275192261e-01
-3.233923316001892090e-01,7.032234221696853638e-02
-9.866115450859069824e-02,1.654511094093322754e-01
2.717233300209045410e-01,-5.205397605895996094e-01
1.116931959986686707e-01,2.539521157741546631e-01
-4.688220024108886719e-01,1.451053321361541748e-01
1.879138201475143433e-01,-2.828550636768341064e-01
2.250190079212188721e-01,1.801290363073348999e-01
1.495535224676132202e-01,9.567645192146301270e-01
4.407876431941986084e-01,3.648049831390380859e-01
-2.795537710189819336e-01,5.435274243354797363e-01
-1.366804093122482300e-01,-2.739464938640594482e-01
-4.085065424442291260e-01,-5.812692642211914062e-01
-5.791945457458496094e-01,-3.742626905441284180e-01
2.384181469678878784e-01,-1.479095965623855591e-01
9.589847922325134277e-02,2.021955251693725586e-01
1.475555300712585449e-01,4.109299927949905396e-02
-6.420775651931762695e-01,-6.868739128112792969e-01
-4.084815084934234619e-01,-7.263526916503906250e-01
-5.301260948181152344e-01,-7.625054717063903809e-01
5.510396957397460938e-01,-7.808936834335327148e-01
6.662855148315429688e-01,6.944978237152099609e-02
3.546040058135986328e-01,3.896551132202148438e-01
-4.068685770034790039e-01,-4.947206079959869385e-01
2.071463167667388916e-01,9.635139107704162598e-01
-6.061568856239318848e-01,2.210728824138641357e-01
1.942834705114364624e-01,9.743080139160156250e-01
1.518200431019067764e-02,4.180757403373718262e-01
-6.941994428634643555e-01,-3.080283403396606445e-01
-6.047466993331909180e-01,2.199635058641433716e-01
-4.771997928619384766e-01,-7.590922713279724121e-01
4.780416190624237061e-01,-4.396888911724090576e-01
2.781282663345336914e-01,1.125096604228019714e-01
2.196134179830551147e-01,7.393861413002014160e-01
4.157997369766235352e-01,-4.069947898387908936e-01
-3.621581569314002991e-02,4.304841533303260803e-02
1.667160391807556152e-01,-4.215208441019058228e-02
5.992916226387023926e-02,-9.202191233634948730e-02
1.676481813192367554e-01,8.210107088088989258e-01
-4.512816965579986572e-01,-7.633873224258422852e-01
-6.056337356567382812e-01,2.207097113132476807e-01
-4.562503099441528320e-01,-4.526294767856597900e-01
-5.281374603509902954e-02,-5.697624683380126953e-01
1.414975970983505249e-01,9.507249593734741211e-01
-5.540028810501098633e-01,-7.719770073890686035e-01
-2.785235345363616943e-01,5.675203800201416016e-01
2.290959507226943970e-01,7.341355681419372559e-01
2.008990347385406494e-01,9.703262448310852051e-01
-1.374795287847518921e-02,-1.795563399791717529e-01
-2.779333591461181641e-01,5.655746459960937500e-01
-5.048492178320884705e-02,2.604286000132560730e-02
-5.666988492012023926e-01,-7.719243764877319336e-01
5.139139890670776367e-01,8.650239557027816772e-03
2.205217480659484863e-01,7.352048754692077637e-01
-5.145768523216247559e-01,-7.602570056915283203e-01
8.864940404891967773e-01,-1.201315224170684814e-01
5.511091351509094238e-01,-7.810049057006835938e-01
2.053192704916000366e-01,9.656048417091369629e-01
1.008881777524948120e-01,8.999815583229064941e-01
8.373460769653320312e-01,-5.426269769668579102e-02
-2.755266726016998291e-01,1.138720437884330750e-01
3.237521648406982422e-01,3.258567303419113159e-02
-4.651136994361877441e-01,-7.357218265533447266e-01
5.652856826782226562e-01,2.273507565259933472e-01
-1.015342175960540771e-01,1.044148206710815430e-01
-4.563890397548675537e-01,-7.333159446716308594e-01
-2.958435937762260437e-02,2.022077515721321106e-02
-9.490511566400527954e-02,2.759178876876831055e-01
-2.780461311340332031e-01,5.670790076255798340e-01
1.554152816534042358e-01,9.595102667808532715e-01
-6.052042841911315918e-01,2.202949374914169312e-01
-2.779950201511383057e-01,5.670024156570434570e-01
2.064189612865447998e-01,9.645115733146667480e-01
2.460992485284805298e-01,1.064827293157577515e-01
1.700359880924224854e-01,2.187479585409164429e-01
2.753897607326507568e-01,-5.249264240264892578e-01
-6.141371130943298340e-01,-7.626783251762390137e-01
1.360842436552047729e-01,9.463264942169189453e-01
4.292991757392883301e-01,-4.185609221458435059e-01
1.495609879493713379e-01,9.567341208457946777e-01
1.539882421493530273e-01,1.584855467081069946e-01
4.771209359169006348e-01,-4.380513131618499756e-01
1.924366205930709839e-01,8.079985380172729492e-01
2.606417052447795868e-02,3.790193498134613037e-01
-5.430471897125244141e-01,1.878163069486618042e-01
-3.668995201587677002e-01,1.279369890689849854e-01
3.627493977546691895e-01,-3.401305973529815674e-01
2.125622481107711792e-01,9.547700881958007812e-01
4.782882928848266602e-01,-4.395959079265594482e-01
-3.049214482307434082e-01,6.689103785902261734e-03
1.495735496282577515e-01,9.567822813987731934e-01
2.243242263793945312e-01,1.809591650962829590e-01
6.311310529708862305e-01,1.754258759319782257e-02
2.994685620069503784e-02,3.725579008460044861e-02
-2.772109806537628174e-01,5.668431520462036133e-01
-3.120511770248413086e-01,1.069788634777069092e-01
-6.194995641708374023e-01,-5.815880894660949707e-01
1.579925715923309326e-01,9.603209495544433594e-01
-6.059518456459045410e-01,-7.644044160842895508e-01
4.780398905277252197e-01,-4.393697977066040039e-01
-6.047005057334899902e-01,2.199293226003646851e-01
1.534128487110137939e-01,9.585550427436828613e-01
-2.779670357704162598e-01,5.667952895164489746e-01
9.043576568365097046e-02,8.797773718833923340e-01
6.122560501098632812e-01,2.280612587928771973e-01
1.837379634380340576e-01,9.693217873573303223e-01
-4.108557105064392090e-01,-6.786755919456481934e-01
-6.347196698188781738e-01,-7.286410331726074219e-01
4.722067415714263916e-01,-2.320022881031036377e-01
-3.664351701736450195e-01,-6.659100055694580078e-01
5.137906968593597412e-02,5.235225707292556763e-02
-4.204201102256774902e-01,-6.307375431060791016e-01
-2.279489338397979736e-01,-2.981402277946472168e-01
4.711273685097694397e-02,-1.399319022893905640e-01
-6.093976497650146484e-01,-7.637747526168823242e-01
1.945101469755172729e-01,8.003082871437072754e-01
-7.795903086662292480e-02,-1.173920854926109314e-01
-2.517133951187133789e-01,-7.976617813110351562e-01
-6.064522862434387207e-01,3.345841765403747559e-01
4.375182986259460449e-01,2.985256910324096680e-01
-4.702359437942504883e-01,1.475156247615814209e-01
3.137920796871185303e-01,-2.848860621452331543e-01
4.409157633781433105e-01,3.835773169994354248e-01
8.352688550949096680e-01,-1.545889973640441895e-01
-6.049780249595642090e-01,2.200681120157241821e-01
2.307099252939224243e-01,7.199862599372863770e-01
1.023312062025070190e-01,8.917822837829589844e-01
2.842257320880889893e-01,3.457618355751037598e-01
2.162734866142272949e-01,7.570419907569885254e-01
-4.573131501674652100e-01,-7.663385868072509766e-01
3.139888644218444824e-01,3.192272186279296875e-01
-5.194196701049804688e-01,-7.721628546714782715e-01
-4.075198769569396973e-01,-7.187029719352722168e-01
-6.028064489364624023e-01,2.190030366182327271e-01
4.746499657630920410e-01,-4.404457509517669678e-01
3.620827794075012207e-01,-4.163677990436553955e-01
3.729242682456970215e-01,-3.109477460384368896e-01
-4.361352026462554932e-01,-6.933676004409790039e-01
-5.673736929893493652e-01,-7.674420475959777832e-01
3.343345820903778076e-01,9.422976523637771606e-02
2.045254260301589966e-01,9.668359756469726562e-01
-4.798342883586883545e-01,1.697546541690826416e-01
1.818363666534423828e-01,1.030749157071113586e-01
1.941912323236465454e-01,9.742784500122070312e-01
1.229303777217864990e-01,9.195901751518249512e-01
7.782038450241088867e-01,-1.576482206583023071e-01
-1.942975670099258423e-01,5.105738639831542969e-01
-5.005137324333190918e-01,1.743073761463165283e-01
4.747730493545532227e-01,-4.406327307224273682e-01
1.604207605123519897e-01,8.410663604736328125e-01
2.243315577507019043e-01,1.801280975341796875e-01
-5.757765173912048340e-01,-7.714960575103759766e-01
6.871541142463684082e-01,1.688021868467330933e-01
-4.207714796066284180e-01,-4.866512119770050049e-01
1.529778391122817993e-01,9.583227634429931641e-01
1.804733090102672577e-02,3.498842120170593262e-01
-5.127436518669128418e-01,-3.109625279903411865e-01
7.904372215270996094e-01,-3.231895714998245239e-02
8.893563747406005859e-01,-1.229165270924568176e-01
2.361065894365310669e-01,7.272489070892333984e-01
2.016406953334808350e-01,7.957139015197753906e-01
5.788013935089111328e-01,6.730432063341140747e-02
4.128924310207366943e-01,-3.977060317993164062e-01
1.342265456914901733e-01,1.472638845443725586e-01
-3.099583685398101807e-01,-7.196366190910339355e-01
-6.060595512390136719e-01,-7.648179531097412109e-01
-4.473480880260467529e-01,-7.604144215583801270e-01
1.790805011987686157e-01,2.695017457008361816e-01
-6.049275398254394531e-01,2.200088500976562500e-01
-3.970075845718383789e-01,-7.114360332489013672e-01
4.411731064319610596e-01,-4.234800040721893311e-01
-9.653417021036148071e-02,-1.072571873664855957e-01
4.519645273685455322e-01,-4.306558966636657715e-01
5.259272456169128418e-01,1.132985949516296387e-01
3.168359398841857910e-01,1.057263463735580444e-01
1.214169338345527649e-01,9.009398519992828369e-02
-2.782381474971771240e-01,5.674412250518798828e-01
4.674167037010192871e-01,-2.614825069904327393e-01
2.708025276660919189e-01,1.625099331140518188e-01
-6.815457940101623535e-01,-3.046554625034332275e-01
2.558067142963409424e-01,-1.354859583079814911e-02
3.794053196907043457e-01,-4.702409207820892334e-01
8.841078281402587891e-01,-1.146537512540817261e-01
-6.049201488494873047e-01,2.199660837650299072e-01
1.346318721771240234e-01,8.560126423835754395e-01
1.942811757326126099e-01,9.743169546127319336e-01
3.637883663177490234e-01,-3.245925903320312500e-01
8.163207769393920898e-02,6.867412477731704712e-02
-3.962453901767730713e-01,-7.126412987709045410e-01
-6.141114234924316406e-01,-7.626850605010986328e-01
4.163310825824737549e-01,4.071847796440124512e-01
5.614630579948425293e-01,-7.855912446975708008e-01
8.895405530929565430e-01,-1.228973269462585449e-01
-5.099963545799255371e-01,-7.523301839828491211e-01
1.748435348272323608e-01,-1.210328191518783569e-01
6.120394468307495117e-01,2.281100004911422729e-01
-2.778255045413970947e-01,5.671704411506652832e-01
4.780360162258148193e-01,-4.395329058170318604e-01
2.817868441343307495e-02,3.450185358524322510e-01
-4.863880276679992676e-01,-7.524015903472900391e-01
-9.505284428596496582e-01,-1.940310597419738770e-01
-4.293715655803680420e-01,1.376158446073532104e-01
2.189615964889526367e-01,-4.227463304996490479e-01
1.512478291988372803e-01,9.570153951644897461e-01
-5.947620272636413574e-01,-7.675001621246337891e-01
2.078504115343093872e-01,7.748747467994689941e-01
1.464542597532272339e-01,8.425891995429992676e-01
1.990743130445480347e-01,9.719288945198059082e-01
-3.916229903697967529e-01,1.254104822874069214e-01
8.420533537864685059e-01,-6.126888096332550049e-02
-2.494792491197586060e-01,9.826567769050598145e-02
7.708710432052612305e-01,-7.728758268058300018e-03
2.822268009185791016e-01,8.805168420076370239e-02
-3.638345301151275635e-01,-5.996761322021484375e-01
2.045321315526962280e-01,9.668608307838439941e-01
-2.290251851081848145e-01,4.408076703548431396e-01
4.781986176967620850e-01,3.494830429553985596e-01
2.753512263298034668e-01,-3.141344711184501648e-02
-6.048136949539184570e-01,2.199481129646301270e-01
1.014383509755134583e-01,8.310181498527526855e-01
-5.724071860313415527e-01,-7.701865434646606445e-01
-5.763117074966430664e-01,-7.706699371337890625e-01
1.825168430805206299e-01,8.439221382141113281e-01
5.511508584022521973e-01,-7.810534834861755371e-01
-3.187048435211181641e-01,-3.349861204624176025e-01
2.119678705930709839e-01,9.559506177902221680e-01
2.566099762916564941e-01,-5.018805265426635742e-01
-5.438573360443115234e-01,-7.663124799728393555e-01
-6.378850340843200684e-01,-6.678417921066284180e-01
-2.953819632530212402e-01,1.098873317241668701e-01
1.638240665197372437e-01,1.500277370214462280e-01
-4.750977754592895508e-01,-7.535630464553833008e-01
-5.765066742897033691e-01,2.029144167900085449e-01
-4.063358604907989502e-01,-5.200126767158508301e-01
2.291401326656341553e-01,7.147721648216247559e-01
2.578888535499572754e-01,1.707635968923568726e-01
-6.141145229339599609e-01,-7.626816630363464355e-01
8.144885897636413574e-01,-6.675902754068374634e-02
-6.159362792968750000e-01,-3.106932342052459717e-01
1.746613532304763794e-01,8.096572756767272949e-01
-6.054023504257202148e-01,-7.655411958694458008e-01
7.584450244903564453e-01,4.482942447066307068e-02
5.510670542716979980e-01,-7.809439897537231445e-01
-2.779186367988586426e-01,5.669702291488647461e-01
-4.973651766777038574e-01,1.672451347112655640e-01
2.818352580070495605e-01,6.223133802413940430e-01
1.253495067358016968e-01,9.298343658447265625e-01
2.956662178039550781e-01,5.869638919830322266e-01
2.101540267467498779e-01,8.391656875610351562e-01
2.071101963520050049e-01,7.657654881477355957e-01
2.068931609392166138e-01,9.638972282409667969e-01
2.175826579332351685e-01,7.556400895118713379e-01
1.271645277738571167e-01,8.540811538696289062e-01
-2.517190575599670410e-01,-7.977388501167297363e-01
-3.815875351428985596e-01,-6.942657232284545898e-01
5.329810380935668945e-01,3.321235626935958862e-02
5.616993308067321777e-01,-7.859132289886474609e-01
3.078278899192810059e-01,-2.350149154663085938e-01
4.398478269577026367e-01,1.459375768899917603e-01
2.760455384850502014e-02,2.058163434267044067e-01
-6.757078170776367188e-01,-3.034752011299133301e-01
9.927209466695785522e-02,8.843491077423095703e-01
-6.942415237426757812e-01,-3.080168068408966064e-01
1.260545253753662109e-01,-1.031967550516128540e-01
-6.046984195709228516e-01,-7.656503915786743164e-01
-5.194394588470458984e-01,-6.381511092185974121e-01
2.099404297769069672e-02,5.855401232838630676e-02
-6.141435503959655762e-01,-7.626769542694091797e-01
-4.598153233528137207e-01,1.400278657674789429e-01
-6.045162677764892578e-01,2.198670059442520142e-01
1.157577633857727051e-01,8.742856383323669434e-01
4.851503297686576843e-02,3.304920196533203125e-01
7.573006153106689453e-01,3.355101495981216431e-02
-3.706621527671813965e-01,-6.761000752449035645e-01
3.593194782733917236e-01,1.979201883077621460e-01
8.896459937095642090e-01,-1.229117512702941895e-01
4.059868156909942627e-01,1.372566223144531250e-01
8.779227733612060547e-01,-1.103367805480957031e-01
-4.183943942189216614e-02,-2.977145910263061523e-01
2.064215093851089478e-01,9.645197987556457520e-01
1.989372372627258301e-01,9.720286130905151367e-01
-6.315179467201232910e-01,-7.363027334213256836e-01
1.963308900594711304e-01,8.081831336021423340e-01
4.363216161727905273e-01,-4.094349741935729980e-01
8.243606686592102051e-01,-8.975647389888763428e-02
-5.462149977684020996e-01,1.919589191675186157e-01
-6.242870092391967773e-01,-7.498511672019958496e-01
-9.505745172500610352e-01,-1.940427273511886597e-01
2.034603655338287354e-01,-2.023423016071319580e-01
2.187858521938323975e-01,-3.280973061919212341e-02
-6.018885970115661621e-01,-7.666894197463989258e-01
-5.589187145233154297e-01,-7.705119252204895020e-01
-5.539640784263610840e-01,-7.706973552703857422e-01
8.798177838325500488e-01,-1.087731122970581055e-01
-2.626962065696716309e-01,5.550265908241271973e-01
-8.383672684431076050e-03,4.206882417201995850e-01
1.487892568111419678e-01,3.338682651519775391e-01
-4.444074332714080811e-01,-2.604545056819915771e-01
2.301453500986099243e-01,8.927837610244750977e-01
2.468700855970382690e-01,-4.809724688529968262e-01
5.030132532119750977e-01,6.385252624750137329e-02
-4.008099734783172607e-01,1.230379492044448853e-01
-5.060808062553405762e-01,-7.281118035316467285e-01
9.221244603395462036e-02,-3.654374182224273682e-01
-4.791563153266906738e-01,-7.654979825019836426e-01
2.802873849868774414e-01,4.544884432107210159e-03
-2.790704667568206787e-01,5.542390942573547363e-01
2.791405320167541504e-01,4.584233164787292480e-01
4.252082407474517822e-01,-4.075809419155120850e-01
-4.012050330638885498e-01,1.230286359786987305e-01
5.615838170051574707e-01,-7.857528924942016602e-01
2.291567176580429077e-01,-3.609015643596649170e-01
4.861659109592437744e-01,2.257599830627441406e-01
-4.561394155025482178e-01,-7.657710909843444824e-01
3.458227813243865967e-01,-1.291498914361000061e-02
1.497541666030883789e-01,9.568935036659240723e-01
3.673425614833831787e-01,2.400574535131454468e-01
2.136805355548858643e-01,2.185108214616775513e-01
8.895550966262817383e-01,-1.228828504681587219e-01
-5.293650031089782715e-01,-7.715971469879150391e-01
2.345245778560638428e-01,-2.815711200237274170e-01
1.889768093824386597e-01,-7.285794615745544434e-02
5.615206956863403320e-01,-7.856721282005310059e-01
8.896452784538269043e-01,-1.228933855891227722e-01
-6.016698479652404785e-01,-7.667846679687500000e-01
-2.617039680480957031e-01,7.795169204473495483e-02
1.159877404570579529e-01,9.256227612495422363e-01
1.232164353132247925e-01,8.750488758087158203e-01
4.590570032596588135e-01,2.087882757186889648e-01
-6.205768585205078125e-01,-7.536793947219848633e-01
-4.084894359111785889e-01,-7.263899445533752441e-01
-2.771715223789215088e-01,5.668019652366638184e-01
2.295123785734176636e-01,8.979201316833496094e-01
2.067159712314605713e-01,9.641354084014892578e-01
-2.780136168003082275e-01,5.670596957206726074e-01
1.263586729764938354e-01,9.306179881095886230e-01
7.228177040815353394e-02,7.448877673596143723e-03
-3.574208915233612061e-01,9.025121480226516724e-02
4.113659262657165527e-01,3.488755822181701660e-01
-2.881576865911483765e-02,2.401488721370697021e-01
-3.724807640537619591e-03,-5.123675987124443054e-02
-4.263546466827392578e-01,1.336207985877990723e-01
-6.366334557533264160e-01,-6.427642703056335449e-01
8.461331129074096680e-01,-1.450917869806289673e-01
6.483151316642761230e-01,7.082861382514238358e-03
-4.999618530273437500e-01,-7.646955251693725586e-01
5.614647269248962402e-01,-7.855945229530334473e-01
3.442922234535217285e-01,3.634285628795623779e-01
-5.244731307029724121e-01,-7.571046948432922363e-01
1.207425370812416077e-01,8.894754052162170410e-01
-6.056180000305175781e-01,-7.643025517463684082e-01
2.221464216709136963e-01,2.295834571123123169e-02
-4.521688818931579590e-01,-7.553555965423583984e-01
-4.009150564670562744e-01,-6.718229651451110840e-01
2.867950797080993652e-01,-2.048415541648864746e-01
4.969087243080139160e-01,-2.032054960727691650e-01
3.815761804580688477e-01,2.578774392604827881e-01
-4.621004164218902588e-01,-7.493646144866943359e-01
-5.123976469039916992e-01,-7.615658640861511230e-01
-6.755662560462951660e-01,-3.033800423145294189e-01
-5.008966922760009766e-01,-7.565502524375915527e-01
-1.253352761268615723e-01,4.227634370326995850e-01
-5.418112874031066895e-01,-7.676419019699096680e-01
4.300707280635833740e-01,-4.204896986484527588e-01
4.803946614265441895e-01,8.394110202789306641e-02
-5.565090775489807129e-01,-7.701687216758728027e-01
3.152202367782592773e-01,1.229517385363578796e-01
-6.140854954719543457e-01,-7.626835107803344727e-01
4.780813455581665039e-01,-4.376336038112640381e-01
-5.956116914749145508e-01,-7.681118249893188477e-01
4.301589429378509521e-01,-4.205462038516998291e-01
1.546612288802862167e-02,3.571875393390655518e-01
2.281529456377029419e-01,7.178341150283813477e-01
1.316857486963272095e-01,9.425933957099914551e-01
2.270229607820510864e-01,9.105274677276611328e-01
-9.505641460418701172e-01,-1.940399408340454102e-01
-5.071874260902404785e-01,-7.569901943206787109e-01
4.255805611610412598e-01,3.667685389518737793e-01
2.245345413684844971e-01,1.798923313617706299e-01
-4.807722866535186768e-01,-7.641530036926269531e-01
4.235028922557830811e-01,1.721126735210418701e-01
-6.255537867546081543e-01,-6.024948954582214355e-01
-5.016961693763732910e-01,-7.686531543731689453e-01
1.996397078037261963e-01,-3.276204168796539307e-01
-6.347475647926330566e-01,-7.285401821136474609e-01
-4.584768712520599365e-01,-7.363705039024353027e-01
7.951084971427917480e-01,-6.090485677123069763e-02
4.597317278385162354e-01,-4.293371140956878662e-01
7.216988801956176758e-01,1.253950446844100952e-01
-2.754645347595214844e-01,5.210655331611633301e-01
5.615765452384948730e-01,-7.857351303100585938e-01
2.519167065620422363e-01,-4.808770120143890381e-02
1.995235532522201538e-01,7.966763377189636230e-01
2.830875515937805176e-01,1.530414223670959473e-01
1.631617248058319092e-01,8.316619992256164551e-01
1.257146149873733521e-01,2.313335984945297241e-01
1.267079263925552368e-01,8.702664375305175781e-01
3.458313345909118652e-01,-4.690869748592376709e-01
2.595198750495910645e-01,6.747882366180419922e-01
2.287497818470001221e-01,8.777855038642883301e-01
1.518767625093460083e-01,7.130320668220520020e-01
3.446049094200134277e-01,-3.035589456558227539e-01
6.225137114524841309e-01,1.170711591839790344e-01
2.065925002098083496e-01,9.643083810806274414e-01
2.757113277912139893e-01,-1.271437108516693115e-01
6.854122132062911987e-02,1.944989264011383057e-01
1.946314722299575806e-01,8.377104997634887695e-01
7.852984070777893066e-01,-1.996319182217121124e-02
-4.003699123859405518e-01,1.231880336999893188e-01
-6.752335429191589355e-01,-3.032786846160888672e-01
-1.451455652713775635e-01,8.490598201751708984e-02
-5.427642725408077240e-03,5.149547010660171509e-02
-2.516237795352935791e-01,-7.978579998016357422e-01
-1.876854002475738525e-01,6.040629930794239044e-03
7.650277018547058105e-01,-1.056438609957695007e-01
-6.135553121566772461e-01,-7.629313468933105469e-01
1.985515654087066650e-01,8.121199607849121094e-01
4.034751653671264648e-01,4.333087801933288574e-01
1.234094649553298950e-01,8.773950338363647461e-01
8.251524567604064941e-01,-9.258135408163070679e-02
8.893726468086242676e-01,-1.224852055311203003e-01
1.534662842750549316e-01,9.586297869682312012e-01
-4.658172130584716797e-01,1.534127891063690186e-01
-4.469709098339080811e-01,-7.519841194152832031e-01
4.460709989070892334e-01,-4.283664226531982422e-01
-6.421146392822265625e-01,-6.868435740470886230e-01
5.510751605033874512e-01,-7.809337377548217773e-01
1.242725327610969543e-01,4.952938109636306763e-02
2.451919466257095337e-01,-3.663939610123634338e-02
1.291117519140243530e-01,8.628870844841003418e-01
1.859437674283981323e-01,8.113532662391662598e-01
-4.306191205978393555e-01,-7.182585000991821289e-01
-6.049485206604003906e-01,2.199901640415191650e-01
4.247899949550628662e-01,4.162220358848571777e-01
4.691842794418334961e-01,-2.535242140293121338e-01
6.487701535224914551e-01,1.829545646905899048e-01
2.301635146141052246e-01,8.925868272781372070e-01
-4.545784294605255127e-01,-7.563923001289367676e-01
1.475676447153091431e-01,9.549540281295776367e-01
2.375540435314178467e-01,-4.309549033641815186e-01
-5.821425914764404297e-01,-7.698237895965576172e-01
-6.057195663452148438e-01,2.211119830608367920e-01
4.584015309810638428e-01,-2.638108134269714355e-01
-6.053990721702575684e-01,2.199873924255371094e-01
-5.439665317535400391e-01,-7.728884816169738770e-01
3.162993788719177246e-01,1.893521845340728760e-01
-3.986021280288696289e-01,-7.166917920112609863e-01
2.078269422054290771e-01,3.824039176106452942e-02
1.983243525028228760e-01,9.724237918853759766e-01
-8.621986210346221924e-02,6.809317320585250854e-02
1.612299382686614990e-01,8.359691500663757324e-01
-9.560676664113998413e-02,-1.074354946613311768e-01
1.529559493064880371e-01,9.583165049552917480e-01
6.911032199859619141e-01,1.626878678798675537e-01
7.108454108238220215e-01,1.405041962862014771e-01
-5.969696640968322754e-01,-7.677987813949584961e-01
8.872762322425842285e-01,-1.226770505309104919e-01
5.910919308662414551e-01,1.593655198812484741e-01
-8.817922472953796387e-01,3.972298800945281982e-01
3.481423482298851013e-02,-3.811250925064086914e-01
-1.659303307533264160e-01,3.718559071421623230e-02
-3.820919990539550781e-01,7.769864052534103394e-02
1.250433772802352905e-01,9.359079003334045410e-01
-4.514167606830596924e-01,1.585535109043121338e-01
2.475075721740722656e-01,7.073326110839843750e-01
2.619230151176452637e-01,1.535885185003280640e-01
4.708302617073059082e-01,-2.456483840942382812e-01
-9.265293180942535400e-02,-1.025884523987770081e-01
9.023339301347732544e-02,8.791376948356628418e-01
8.807818889617919922e-01,-1.109844446182250977e-01
-4.887852072715759277e-01,1.647774130105972290e-01
-4.006653130054473877e-01,1.230046078562736511e-01
8.889439105987548828e-01,-1.232147589325904846e-01
-6.332571804523468018e-02,5.427466034889221191e-01
6.115621328353881836e-01,2.285099774599075317e-01
1.529157459735870361e-01,9.582476615905761719e-01
1.495741158723831177e-01,9.567785859107971191e-01
8.245134353637695312e-01,-7.939337939023971558e-02
3.073246479034423828e-01,-1.451287120580673218e-01
8.895422816276550293e-01,-1.228738799691200256e-01
8.669400811195373535e-01,-1.243166625499725342e-01
4.859825670719146729e-01,3.379141390323638916e-01
9.037639200687408447e-02,8.795944452285766602e-01
-4.411207437515258789e-01,-7.336854338645935059e-01
2.121832072734832764e-01,9.554044604301452637e-01
5.615457892417907715e-01,-7.857019901275634766e-01
-6.140909194946289062e-01,-7.626781463623046875e-01
5.066698789596557617e-01,1.172007024288177490e-01
-5.187397003173828125e-01,-7.614380717277526855e-01
-4.189140796661376953e-01,-7.107532024383544922e-01
-5.586198568344116211e-01,-7.686564922332763672e-01
3.061949014663696289e-01,1.930457800626754761e-01
-4.001184999942779541e-01,-5.225840806961059570e-01
8.301453590393066406e-01,-4.694462940096855164e-02
3.935983479022979736e-01,4.678979516029357910e-01
-5.456951260566711426e-01,-7.686236500740051270e-01
3.959884941577911377e-01,3.251643478870391846e-01
1.947233974933624268e-01,2.872985303401947021e-01
-3.823407292366027832e-01,-6.922892928123474121e-01
5.614532232284545898e-01,-7.855778336524963379e-01
-4.838456511497497559e-01,-7.576982975006103516e-01
1.878401637077331543e-01,9.717062711715698242e-01
-4.142449498176574707e-01,-6.513104438781738281e-01
2.042324244976043701e-01,9.671920537948608398e-01
-4.443853795528411865e-01,1.320586502552032471e-01
5.728199705481529236e-02,2.229210734367370605e-02
-9.161143563687801361e-03,9.107613563537597656e-02
8.580800890922546387e-01,-9.592857956886291504e-02
-1.813544631004333496e-01,4.902946054935455322e-01
-1.423946321010589600e-01,3.911677896976470947e-01
-3.424926400184631348e-01,-4.742581248283386230e-01
2.719616889953613281e-01,-5.211146473884582520e-01
-4.556429386138916016e-01,-7.656297087669372559e-01
-6.752840280532836914e-01,-3.032140135765075684e-01
1.943290829658508301e-01,9.743387699127197266e-01
3.120918869972229004e-01,8.950488269329071045e-02
1.171861141920089722e-01,9.065214991569519043e-01
-6.096100807189941406e-01,-7.635130286216735840e-01
-6.090181469917297363e-01,-7.636032104492187500e-01
-4.572357535362243652e-01,-7.662647366523742676e-01
4.234751760959625244e-01,-4.121761322021484375e-01
-5.734026432037353516e-01,-7.715981602668762207e-01
1.224719285964965820e-01,9.060894250869750977e-01
1.504839658737182617e-01,9.573391675949096680e-01
2.718535661697387695e-01,-5.208061337471008301e-01
-5.061771869659423828e-01,-7.553716897964477539e-01
4.784411191940307617e-01,-4.398913085460662842e-01
-3.802937567234039307e-01,-6.943917870521545410e-01
-5.658106803894042969e-01,-7.714689373970031738e-01
5.015833377838134766e-01,2.174218446016311646e-01
-4.573355317115783691e-01,-7.663617134094238281e-01
1.195579320192337036e-01,9.207782149314880371e-01
-5.731962323188781738e-01,-7.710787057876586914e-01
4.782390296459197998e-01,-4.396835565567016602e-01
1.951643377542495728e-01,-3.757223784923553467e-01
1.635762453079223633e-01,9.392635524272918701e-02
4.301366806030273438e-01,-4.206195771694183350e-01
-8.003933727741241455e-02,-9.200169891119003296e-02
8.103352785110473633e-01,-4.011328518390655518e-02
1.731984466314315796e-01,9.646732211112976074e-01
-5.423435568809509277e-01,-7.658364176750183105e-01
-4.079922735691070557e-01,-7.178177237510681152e-01
2.074512094259262085e-01,7.876995019614696503e-03
2.187614291906356812e-01,1.790571808815002441e-01
-6.907922029495239258e-02,-2.730466425418853760e-01
1.589806079864501953e-01,9.607579708099365234e-01
1.877852380275726318e-01,9.716841578483581543e-01
-4.405748546123504639e-01,-7.003875970840454102e-01
4.313201606273651123e-01,3.981012403964996338e-01
6.361008882522583008e-01,2.853746525943279266e-02
1.938047558069229126e-01,8.184718489646911621e-01
-1.046462580561637878e-01,1.423906683921813965e-01
-4.824647307395935059e-01,1.560100913047790527e-01
2.885165810585021973e-01,-1.901223510503768921e-01
1.249831914901733398e-01,8.692046403884887695e-01
-8.715064078569412231e-02,-5.410180091857910156e-01
-1.672745943069458008e-01,-1.429425626993179321e-01
2.318495810031890869e-01,1.069689542055130005e-01
-6.076328754425048828e-01,-7.645136713981628418e-01
4.293900132179260254e-01,-4.196300208568572998e-01
-6.493571400642395020e-01,-2.947990894317626953e-01
9.811408817768096924e-02,8.946897983551025391e-01
1.166091649793088436e-03,5.709144473075866699e-02
8.663913011550903320e-01,-1.022269502282142639e-01
-3.975675702095031738e-01,-7.105978131294250488e-01
6.123870015144348145e-01,2.282296717166900635e-01
8.168596029281616211e-01,-9.619127959012985229e-02
8.422411978244781494e-02,1.080420240759849548e-01
1.916838437318801880e-01,9.731459021568298340e-01
-4.222375750541687012e-01,1.337950974702835083e-01
-7.016393542289733887e-01,6.575850844383239746e-01
9.040267020463943481e-02,8.796444535255432129e-01
1.943223178386688232e-01,9.743063449859619141e-01
7.497954964637756348e-01,-2.423864975571632385e-02
-6.287169456481933594e-01,-7.417555451393127441e-01
-2.779140472412109375e-01,5.669492483139038086e-01
4.852643236517906189e-02,3.323761820793151855e-01
-2.518017590045928955e-01,-7.985767722129821777e-01
3.979933857917785645e-01,2.179722338914871216e-01
-4.010988175868988037e-01,1.224346756935119629e-01
-6.239815950393676758e-01,-7.504446506500244141e-01
-6.262794733047485352e-01,-7.463995814323425293e-01
-4.387495219707489014e-01,1.356515735387802124e-01
8.825193643569946289e-01,-1.273791790008544922e-01
-5.254917144775390625e-01,1.762549281120300293e-01
-6.313485652208328247e-02,3.487862348556518555e-01
-4.945506453514099121e-01,-7.421071529388427734e-01
-6.420575380325317383e-01,-6.866542100906372070e-01
8.852926492691040039e-01,-1.157638430595397949e-01
8.465267419815063477e-01,-6.446074694395065308e-02
4.301471710205078125e-01,-4.206086993217468262e-01
-4.504224658012390137e-01,-7.601556181907653809e-01
4.380179345607757568e-01,3.828015923500061035e-01
8.397113084793090820e-01,-1.163601726293563843e-01
1.181537285447120667e-01,9.291498064994812012e-01
8.159138560295104980e-01,-8.117159456014633179e-02
1.989786326885223389e-01,7.969075441360473633e-01
-6.034172773361206055e-01,-7.660278677940368652e-01
-3.827366828918457031e-01,-6.948162317276000977e-01
-7.015108466148376465e-01,6.574562788009643555e-01
7.449803948402404785e-01,-5.907533317804336548e-02
4.732923805713653564e-01,2.103546857833862305e-01
2.290591746568679810e-01,1.620386987924575806e-01
1.706991642713546753e-01,7.458063960075378418e-01
3.928776681423187256e-01,4.467988908290863037e-01
9.039747714996337891e-02,8.795900940895080566e-01
-9.423716925084590912e-03,-2.000648714601993561e-02
1.429372876882553101e-01,8.517606854438781738e-01
1.943082511425018311e-01,9.743136167526245117e-01
-4.276770651340484619e-01,-6.621644496917724609e-01
4.267055392265319824e-01,-4.183652997016906738e-01
-2.530577778816223145e-01,-7.893272638320922852e-01
8.789294362068176270e-01,-1.108551621437072754e-01
2.118270248174667358e-01,9.554165601730346680e-01
-2.984272688627243042e-02,4.016162455081939697e-01
-4.572497010231018066e-01,-7.662618160247802734e-01
4.676812887191772461e-01,-2.670417129993438721e-01
2.760698497295379639e-01,-5.245243906974792480e-01
3.327613472938537598e-01,3.549673780798912048e-02
-2.810010015964508057e-01,4.483864009380340576e-01
2.240097671747207642e-01,1.797493547201156616e-01
-1.332880258560180664e-01,1.590438485145568848e-01
2.244948744773864746e-01,1.800021380186080933e-01
6.021562814712524414e-01,1.444614678621292114e-01
-4.025695919990539551e-01,-5.046928524971008301e-01
3.840937316417694092e-01,-9.042099863290786743e-02
2.246803492307662964e-01,1.800738871097564697e-01
5.614690184593200684e-01,-7.855976223945617676e-01
-5.887821316719055176e-01,-7.690674066543579102e-01
8.713072538375854492e-01,-1.167532950639724731e-01
-5.566121935844421387e-01,-7.712951302528381348e-01
-4.693592190742492676e-01,-1.501501798629760742e-01
-2.516820728778839111e-01,-7.979270219802856445e-01
-6.064416170120239258e-01,3.349723219871520996e-01
2.461082339286804199e-01,5.019596964120864868e-02
1.946466118097305298e-01,9.741324186325073242e-01
1.253842413425445557e-01,2.327908724546432495e-01
-4.011123776435852051e-01,-7.111143469810485840e-01
9.102895110845565796e-02,8.808873891830444336e-01
1.536620706319808960e-01,9.587268829345703125e-01
-2.770962715148925781e-01,5.668990612030029297e-01
1.559290569275617599e-02,1.964080780744552612e-01
-6.265887022018432617e-01,-7.452292442321777344e-01
-3.888322114944458008e-01,-4.659888446331024170e-01
-6.420585513114929199e-01,-6.870363950729370117e-01
-6.239560842514038086e-01,-7.504923939704895020e-01
1.613244563341140747e-01,-7.229028642177581787e-02
4.890759885311126709e-01,2.121696472167968750e-01
2.521539628505706787e-01,-4.815883189439773560e-02
4.645972847938537598e-01,-4.310569465160369873e-01
1.885306537151336670e-01,1.502005606889724731e-01
6.195198297500610352e-01,2.147911190986633301e-01
4.421038925647735596e-01,-4.143174588680267334e-01
3.376860320568084717e-01,4.877863526344299316e-01
4.517408907413482666e-01,2.636562585830688477e-01
4.748801887035369873e-01,-4.409528970718383789e-01
-6.141428947448730469e-01,-7.626907229423522949e-01
-8.818326592445373535e-01,3.972499072551727295e-01
-5.386381149291992188e-01,-3.916859328746795654e-01
-5.240075588226318359e-01,1.820038408041000366e-01
2.308159619569778442e-01,4.302463829517364502e-01
1.923870295286178589e-01,-6.274998933076858521e-02
2.724183797836303711e-01,-5.210625529289245605e-01
3.268103003501892090e-01,2.240132689476013184e-01
4.189342260360717773e-01,4.276593923568725586e-01
1.210978925228118896e-01,8.881548047065734863e-01
8.861082196235656738e-01,-1.172032207250595093e-01
4.264813959598541260e-01,-4.169600605964660645e-01
1.360566765069961548e-01,-2.264349013566970825e-01
2.585150003433227539e-01,-2.303995788097381592e-01
-4.983541369438171387e-01,-7.621139287948608398e-01
8.256130814552307129e-01,-7.981759309768676758e-02
4.624125659465789795e-01,2.047290652990341187e-01
2.686969339847564697e-01,1.326767504215240479e-01
6.781819462776184082e-01,1.724683940410614014e-01
1.539054065942764282e-01,-1.277973949909210205e-01
9.133060276508331299e-02,1.801445037126541138e-01
-6.046841144561767578e-01,2.199145406484603882e-01
9.069252014160156250e-02,8.801261186599731445e-01
8.018019795417785645e-01,-7.964430004358291626e-02
1.529508978128433228e-01,9.583239555358886719e-01
1.739793419837951660e-01,1.855441182851791382e-01
5.615589022636413574e-01,-7.857264280319213867e-01
7.931110262870788574e-01,-1.177231594920158386e-01
4.143892824649810791e-01,-4.023742675781250000e-01
5.728163942694664001e-02,1.178588345646858215e-01
5.615158081054687500e-01,-7.856656312942504883e-01
1.942937225103378296e-01,9.743126034736633301e-01
-5.274782776832580566e-01,2.195917516946792603e-01
6.116164922714233398e-01,2.285304963588714600e-01
4.293537139892578125e-01,-4.187495708465576172e-01
-6.936038732528686523e-01,-3.078587353229522705e-01
-4.680153727531433105e-01,1.561012268066406250e-01
4.733178317546844482e-01,2.104032337665557861e-01
2.141356766223907471e-01,7.648752331733703613e-01
-5.946802496910095215e-01,2.132462710142135620e-01
3.308164477348327637e-01,7.563789188861846924e-02
-9.734111838042736053e-03,1.375067979097366333e-02
1.528356075286865234e-01,9.582604765892028809e-01
7.806879281997680664e-01,-1.656869053840637207e-02
8.778925538063049316e-01,-1.251330822706222534e-01
3.904011547565460205e-01,7.187288999557495117e-02
-5.681005120277404785e-01,-7.701160907745361328e-01
7.964205145835876465e-01,-4.358508437871932983e-02
4.621785879135131836e-01,-2.563544809818267822e-01
3.167589902877807617e-01,1.054166778922080994e-01
1.178799346089363098e-01,2.593204975128173828e-01
-5.522450208663940430e-01,1.906009018421173096e-01
2.044121026992797852e-01,9.670000672340393066e-01
-5.525690317153930664e-01,-7.722365260124206543e-01
2.467960566282272339e-01,7.071478962898254395e-01
-5.824601650238037109e-01,-7.707478404045104980e-01
1.929244697093963623e-01,7.983881235122680664e-01
-5.773476958274841309e-01,-7.693673372268676758e-01
6.125982403755187988e-01,2.282019108533859253e-01
5.018618702888488770e-01,2.882355153560638428e-01
4.293005168437957764e-01,-4.194698929786682129e-01
1.964859664440155029e-01,7.984634637832641602e-01
-3.458881676197052002e-01,1.426229774951934814e-01
1.146059781312942505e-01,9.005220532417297363e-01
4.689909517765045166e-01,-2.535160183906555176e-01
-4.148542881011962891e-01,1.290285736322402954e-01
-8.672425895929336548e-02,-5.408511161804199219e-01
-4.553260505199432373e-01,-7.658092975616455078e-01
7.846096158027648926e-01,-9.045947343111038208e-02
-5.770784020423889160e-01,-7.694085836410522461e-01
2.169178128242492676e-01,8.506989479064941406e-01
3.076964616775512695e-01,-2.992419302463531494e-01
2.252580374479293823e-01,1.798421442508697510e-01
-2.780702412128448486e-01,5.674953460693359375e-01
6.374831795692443848e-01,1.012462452054023743e-01
2.018521130084991455e-01,7.922125458717346191e-01
-6.420603990554809570e-01,-6.863173842430114746e-01
4.471912086009979248e-01,-4.113043248653411865e-01
-4.472619593143463135e-01,-7.622981667518615723e-01
-6.066521406173706055e-01,3.345888853073120117e-01
4.210535883903503418e-01,4.222488999366760254e-01
4.478931128978729248e-01,-4.256980419158935547e-01
-5.307320952415466309e-01,-7.608352303504943848e-01
1.114862933754920959e-01,5.750677734613418579e-02
5.337537527084350586e-01,2.914480268955230713e-01
-7.018519043922424316e-01,6.577996015548706055e-01
-2.780862152576446533e-01,5.670956373214721680e-01
-4.714103341102600098e-01,-7.074697017669677734e-01
8.860161304473876953e-01,-1.177647411823272705e-01
-5.678734183311462402e-01,-7.720524668693542480e-01
5.731359124183654785e-01,-1.304905116558074951e-01
2.253310233354568481e-01,7.248044610023498535e-01
5.808529853820800781e-01,-5.024367477744817734e-03
-4.457355439662933350e-01,-6.915177106857299805e-01
2.122403681278228760e-01,9.554485678672790527e-01
3.457298576831817627e-01,-1.104966364800930023e-02
4.624916017055511475e-01,-2.589293420314788818e-01
2.754255533218383789e-01,-5.236292481422424316e-01
5.510829091072082520e-01,-7.809640765190124512e-01
-8.340124040842056274e-02,2.368648350238800049e-01
-5.708209276199340820e-01,-7.695814967155456543e-01
2.264731526374816895e-01,-3.899785280227661133e-01
1.061606407165527344e-02,8.335230499505996704e-02
2.168443202972412109e-01,5.753476023674011230e-01
8.257127404212951660e-01,-8.084173500537872314e-02
6.086831092834472656e-01,4.701579734683036804e-02
2.165696322917938232e-01,8.928883075714111328e-02
-2.779533267021179199e-01,5.670939087867736816e-01
4.075556993484497070e-01,4.561475664377212524e-02
-5.368051528930664062e-01,1.864382028579711914e-01
3.746376037597656250e-01,1.196355372667312622e-02
-6.094689965248107910e-01,-5.491911172866821289e-01
4.772688746452331543e-01,-4.378838241100311279e-01
-3.360556662082672119e-01,-6.144422292709350586e-01
4.081883430480957031e-01,4.542748630046844482e-02
4.081335067749023438e-01,4.603897035121917725e-02
6.546408534049987793e-01,6.842998415231704712e-02
-4.916786551475524902e-01,1.951500475406646729e-01
3.744052350521087646e-01,3.272981941699981689e-01
-4.419380128383636475e-01,-7.434865832328796387e-01
5.713298916816711426e-01,1.528894454240798950e-01
-4.789352715015411377e-01,1.635461151599884033e-01
-2.272746264934539795e-01,6.127551943063735962e-02
-5.374642014503479004e-01,-7.716812491416931152e-01
3.450180590152740479e-01,-1.386229973286390305e-02
-5.998333096504211426e-01,2.168678343296051025e-01
2.919090390205383301e-01,2.014013081789016724e-01
3.735803440213203430e-02,7.154432535171508789e-01
5.615608096122741699e-01,-7.857222557067871094e-01
2.222575843334197998e-01,1.946472078561782837e-01
2.443038523197174072e-01,5.101636648178100586e-01
3.421766161918640137e-01,2.497040107846260071e-02
1.192374974489212036e-01,9.071581959724426270e-01
2.405880093574523926e-01,3.222507983446121216e-02
6.925330758094787598e-01,-2.312615513801574707e-02
1.990373879671096802e-01,9.719731807708740234e-01
3.070327043533325195e-01,-5.022315979003906250e-01
2.380060851573944092e-01,-2.062270641326904297e-01
8.299205899238586426e-01,-1.530786007642745972e-01
2.040081024169921875e-01,7.376863360404968262e-01
-3.880016803741455078e-01,-7.045666575431823730e-01
-6.045463681221008301e-01,2.198619842529296875e-01
-5.430710911750793457e-01,-7.653864622116088867e-01
-6.378558278083801270e-01,-7.157871723175048828e-01
4.443086385726928711e-01,3.721269071102142334e-01
2.516253590583801270e-01,-4.774297028779983521e-02
1.877231150865554810e-01,9.716563820838928223e-01
-2.782735228538513184e-01,5.661759972572326660e-01
8.225178718566894531e-01,-8.005495369434356689e-02
-5.832656025886535645e-01,-4.370027482509613037e-01
-3.653107881546020508e-01,-6.711425781250000000e-01
-3.574825227260589600e-01,1.136557161808013916e-01
2.756170928478240967e-01,-5.234868526458740234e-01
-4.202463626861572266e-01,-4.765226244926452637e-01
-4.895231723785400391e-01,1.579262018203735352e-01
8.035467267036437988e-01,-5.491268262267112732e-02
4.248690605163574219e-01,4.162267446517944336e-01
5.510348677635192871e-01,-7.808957695960998535e-01
4.692170619964599609e-01,-2.541010081768035889e-01
5.510906577110290527e-01,-7.809698581695556641e-01
-3.734605610370635986e-01,-6.810436248779296875e-01
2.044174522161483765e-01,9.670169353485107422e-01
3.784625232219696045e-01,-3.386701941490173340e-01
-3.755753040313720703e-01,1.534632444381713867e-01
4.058772623538970947e-01,1.589464396238327026e-01
-5.885002613067626953e-01,2.099184989929199219e-01
8.284058570861816406e-01,-8.528745174407958984e-02
1.871904879808425903e-01,9.713749885559082031e-01
4.678077399730682373e-01,-2.666531205177307129e-01
1.950379610061645508e-01,9.740142822265625000e-01
4.082014560699462891e-01,4.554842039942741394e-02
2.166679650545120239e-01,8.427771925926208496e-01
4.645564556121826172e-01,-2.553889751434326172e-01
-2.550030052661895752e-01,1.073054000735282898e-01
2.703672349452972412e-01,-1.974537670612335205e-01
2.299600541591644287e-01,8.917962312698364258e-01
-5.437645912170410156e-01,-7.683961987495422363e-01
2.225042432546615601e-01,7.221082448959350586e-01
-2.070014923810958862e-01,1.094172224402427673e-01
3.237447738647460938e-01,-2.844439148902893066e-01
8.175486922264099121e-01,-8.260802179574966431e-02
1.247073188424110413e-01,8.751471042633056641e-01
4.256832897663116455e-01,-4.144458770751953125e-01
7.114644050598144531e-01,1.432601362466812134e-01
2.754504680633544922e-01,-5.235478878021240234e-01
-5.470728874206542969e-01,-7.693401575088500977e-01
-6.057758927345275879e-01,2.209841758012771606e-01
-5.339083075523376465e-01,-7.664355039596557617e-01
-5.779565572738647461e-01,-7.673950195312500000e-01
-3.966065943241119385e-01,-7.143456339836120605e-01
1.194203868508338928e-01,8.944489955902099609e-01
4.300639629364013672e-01,-4.204675257205963135e-01
-3.970127999782562256e-01,-7.152974009513854980e-01
-4.014253318309783936e-01,1.225982233881950378e-01
-5.415889620780944824e-01,-7.647204399108886719e-01
-7.014749646186828613e-01,6.574204564094543457e-01
2.275202423334121704e-01,8.713929653167724609e-01
4.781592190265655518e-01,-4.398240149021148682e-01
1.321267783641815186e-01,8.361886739730834961e-01
-6.349706053733825684e-01,-6.293571591377258301e-01
8.832673430442810059e-01,-1.174559071660041809e-01
6.301511526107788086e-01,1.116903796792030334e-01
1.881745457649230957e-01,6.077902913093566895e-01
1.128832101821899414e-01,9.160329699516296387e-01
-4.517105817794799805e-01,1.366023570299148560e-01
2.718978822231292725e-01,-5.209463834762573242e-01
4.274229705333709717e-01,-4.166751503944396973e-01
3.908322155475616455e-01,-3.658647835254669189e-01
-6.249002218246459961e-01,-5.907614827156066895e-01
-2.517178356647491455e-01,-7.977635860443115234e-01
-6.046838760375976562e-01,2.199116349220275879e-01
1.777262836694717407e-01,8.110533952713012695e-01
2.718183696269989014e-01,-5.204839110374450684e-01
2.361100912094116211e-01,7.275665402412414551e-01
-5.680727958679199219e-01,-7.717159390449523926e-01
2.717358767986297607e-01,-5.203926563262939453e-01
2.983937859535217285e-01,-2.147268056869506836e-01
1.287070512771606445e-01,1.260352903045713902e-03
-4.897515475749969482e-01,-7.532582879066467285e-01
2.181301712989807129e-01,7.574465274810791016e-01
-5.315596461296081543e-01,-7.680823802947998047e-01
-6.048974990844726562e-01,2.201547771692276001e-01
-6.317096352577209473e-01,-6.221588850021362305e-01
3.289140164852142334e-01,-9.071893990039825439e-02
3.405031263828277588e-01,-1.096640154719352722e-02
-4.738374948501586914e-01,-7.684872746467590332e-01
-4.521429538726806641e-01,-7.581425905227661133e-01
-4.273014962673187256e-01,-7.257164716720581055e-01
9.037333726882934570e-02,8.794796466827392578e-01
3.091453909873962402e-01,8.609890937805175781e-02
-6.347437500953674316e-01,-7.285001277923583984e-01
8.271316289901733398e-01,-9.118365496397018433e-02
4.062605798244476318e-01,4.043169021606445312e-01
3.527800142765045166e-01,-1.925097554922103882e-01
7.112378478050231934e-01,1.441974788904190063e-01
-8.943571448326110840e-01,-1.993688791990280151e-01
1.942815184593200684e-01,9.743081331253051758e-01
-6.053482890129089355e-01,2.200028449296951294e-01
-4.051414728164672852e-01,-7.102165818214416504e-01
-6.050153374671936035e-01,2.198083102703094482e-01
-2.781695127487182617e-01,5.665330290794372559e-01
2.069263756275177002e-01,7.784740924835205078e-01
5.903339385986328125e-01,2.329048812389373779e-01
1.229373738169670105e-01,8.816054463386535645e-01
-9.505581259727478027e-01,-1.940383315086364746e-01
4.689556956291198730e-01,-2.536322176456451416e-01
8.251422047615051270e-01,-9.254740923643112183e-02
-5.416269898414611816e-01,-7.647243738174438477e-01
1.943165361881256104e-01,9.743181467056274414e-01
-2.797105908393859863e-01,5.267495512962341309e-01
-6.140851378440856934e-01,-7.626719474792480469e-01
4.106642901897430420e-01,-3.969683647155761719e-01
2.697167098522186279e-01,6.420890092849731445e-01
1.588619947433471680e-01,9.607218503952026367e-01
5.749781727790832520e-01,2.197246849536895752e-01
-8.818513154983520508e-01,3.972584605216979980e-01
6.121211051940917969e-01,2.282092869281768799e-01
3.111351728439331055e-01,3.075926303863525391e-01
8.373444676399230957e-01,-1.341926008462905884e-01
-3.982909917831420898e-01,-4.515365660190582275e-01
3.537558913230895996e-01,-1.607161574065685272e-02
-8.729049563407897949e-02,-5.403388738632202148e-01
-5.211580395698547363e-01,-7.692451477050781250e-01
-2.780041396617889404e-01,5.674566626548767090e-01
7.802348136901855469e-01,-4.035589471459388733e-02
-8.817905783653259277e-01,3.972291648387908936e-01
-2.792230248451232910e-01,5.674285888671875000e-01
1.478753536939620972e-01,9.546165466308593750e-01
1.537517905235290527e-01,9.595920890569686890e-02
1.776643991470336914e-01,1.337553411722183228e-01
-5.471907258033752441e-01,-7.674098610877990723e-01
-2.491747885942459106e-01,1.090912744402885437e-01
-6.238810420036315918e-01,-7.506473064422607422e-01
4.376044571399688721e-01,1.856645196676254272e-01
4.286598563194274902e-01,-4.194160103797912598e-01
-5.543112754821777344e-01,-7.680080533027648926e-01
1.942989379167556763e-01,9.743215441703796387e-01
9.031744301319122314e-02,8.793818354606628418e-01
1.160643771290779114e-01,-5.034977942705154419e-02
-2.369438409805297852e-01,7.683851569890975952e-02
3.453790843486785889e-01,-1.058301422744989395e-02
3.705693781375885010e-01,4.035450518131256104e-01
3.513772189617156982e-01,-3.856583684682846069e-02
5.005616545677185059e-01,2.378353625535964966e-01
1.798994392156600952e-01,1.093040220439434052e-02
-6.140884160995483398e-01,-7.626649141311645508e-01
-4.715364873409271240e-01,-7.671601176261901855e-01
1.949610263109207153e-01,7.983335256576538086e-01
-4.621902704238891602e-01,-5.591120719909667969e-01
-4.043917953968048096e-01,1.245255842804908752e-01
2.115206271409988403e-01,9.565784335136413574e-01
-4.732041358947753906e-01,-7.460755109786987305e-01
2.532132267951965332e-01,6.439733505249023438e-01
-8.818227052688598633e-01,3.972450196743011475e-01
-5.542449355125427246e-01,-7.687764167785644531e-01
4.750843346118927002e-01,-4.406509995460510254e-01
-6.414397954940795898e-01,-6.804979443550109863e-01
-5.356155633926391602e-01,1.815861016511917114e-01
-8.869614452123641968e-02,9.465719014406204224e-02
-6.340709328651428223e-01,-7.303910255432128906e-01
2.280725389719009399e-01,-1.092274487018585205e-01
-4.075472354888916016e-01,-5.552244186401367188e-01
2.104435674846172333e-02,1.208916157484054565e-01
8.894933462142944336e-01,-1.228857636451721191e-01
8.277508616447448730e-01,-8.119699358940124512e-02
4.864280521869659424e-01,8.584370464086532593e-02
-5.141965746879577637e-01,-7.545583248138427734e-01
-5.871577858924865723e-01,-3.168560266494750977e-01
-2.576326765120029449e-02,-4.952708631753921509e-02
-6.399405598640441895e-01,-6.885824203491210938e-01
1.826305985450744629e-01,9.687396287918090820e-01
1.915037930011749268e-01,7.853541970252990723e-01
2.724241614341735840e-01,-1.641762107610702515e-01
3.815375640988349915e-02,3.051203489303588867e-02
2.130415737628936768e-01,1.815522909164428711e-01
-2.151336520910263062e-01,5.266718864440917969e-01
8.241890668869018555e-01,-9.005960077047348022e-02
-4.329706430435180664e-01,1.283810287714004517e-01
2.015946805477142334e-01,8.474655747413635254e-01
8.799688220024108887e-01,-1.088526025414466858e-01
3.463261425495147705e-01,-1.192959621548652649e-01
-5.977434515953063965e-01,2.192169278860092163e-01
2.970274984836578369e-01,5.464218258857727051e-01
4.169702529907226562e-01,-4.042607247829437256e-01
1.628236472606658936e-02,-1.096100136637687683e-01
8.894252777099609375e-01,-1.228658482432365417e-01
-4.126947522163391113e-01,-7.007358074188232422e-01
-1.872378885746002197e-01,1.087840050458908081e-01
2.352540343999862671e-01,-1.108079776167869568e-01
8.275786042213439941e-02,1.249933019280433655e-01
2.200156897306442261e-01,8.629383444786071777e-01
1.523823142051696777e-01,9.581305384635925293e-01
8.175524473190307617e-01,-7.156641036272048950e-02
2.300394326448440552e-01,8.863881826400756836e-01
7.164325118064880371e-01,1.737529784440994263e-02
5.594066977500915527e-01,2.089873254299163818e-01
3.072573244571685791e-01,-5.077007412910461426e-01
4.780479073524475098e-01,-4.395470023155212402e-01
-6.409021615982055664e-01,-6.643337011337280273e-01
2.572359442710876465e-01,5.735073089599609375e-01
3.057141005992889404e-01,3.425911068916320801e-02
-4.394344389438629150e-01,1.329966336488723755e-01
-4.731637835502624512e-01,-7.684344649314880371e-01
1.082516983151435852e-01,1.656841486692428589e-02
-5.415886640548706055e-01,-7.651404142379760742e-01
2.438972294330596924e-01,-4.447590410709381104e-01
8.734651803970336914e-01,-1.030765697360038757e-01
-3.114685714244842529e-01,9.991195797920227051e-02
2.229508459568023682e-01,6.781077384948730469e-01
8.877669572830200195e-01,-1.217237263917922974e-01
-2.439545392990112305e-01,7.028589397668838501e-02
-3.971943557262420654e-01,1.226992532610893250e-01
3.129106760025024414e-01,-1.017522439360618591e-01
-2.810870110988616943e-01,4.478963017463684082e-01
6.634972691535949707e-01,1.793139278888702393e-01
-7.784961163997650146e-02,8.849434554576873779e-02
-3.838827833533287048e-02,-8.503717929124832153e-02
-4.016000330448150635e-01,1.232871785759925842e-01
5.615254640579223633e-01,-7.856749892234802246e-01
4.286926388740539551e-01,4.070630669593811035e-01
2.050512880086898804e-01,7.822102308273315430e-01
-5.060887932777404785e-01,-7.549887895584106445e-01
4.008780419826507568e-01,-4.794162809848785400e-01
-4.164887666702270508e-01,-7.299081087112426758e-01
-6.287510991096496582e-01,-7.417445182800292969e-01
-4.247686564922332764e-01,-6.829716563224792480e-01
-1.161735951900482178e-01,2.134923636913299561e-02
4.689442813396453857e-01,-2.539904117584228516e-01
3.999775052070617676e-01,3.060158789157867432e-01
2.467914074659347534e-01,6.910268664360046387e-01
4.299651682376861572e-01,2.857033610343933105e-01
-5.779511928558349609e-01,-7.705143094062805176e-01
1.943181902170181274e-01,9.743083119392395020e-01
4.909110814332962036e-02,3.833997622132301331e-02
1.172801628708839417e-01,9.010207056999206543e-01
3.533919453620910645e-01,-2.868335545063018799e-01
-4.818827211856842041e-01,-7.487014532089233398e-01
-2.875257134437561035e-01,-3.361255228519439697e-01
8.240655660629272461e-01,-8.438325673341751099e-02
2.352545559406280518e-01,-2.811550199985504150e-01
-5.577537417411804199e-01,-7.699566483497619629e-01
4.780211448669433594e-01,-4.395435452461242676e-01
6.375281214714050293e-01,-3.221438527107238770e-01
8.492239117622375488e-01,-8.692638576030731201e-02
8.088350296020507812e-01,-2.887882851064205170e-02
-4.791650176048278809e-01,-6.962865591049194336e-01
2.045435160398483276e-01,-1.018004305660724640e-02
1.836317777633666992e-01,8.161143064498901367e-01
1.926903724670410156e-01,-1.389908790588378906e-01
8.449871540069580078e-01,-7.607807219028472900e-02
-4.279251098632812500e-01,-7.358667850494384766e-01
1.216260045766830444e-01,8.812229037284851074e-01
-6.028966903686523438e-01,-5.362037420272827148e-01
-5.972538590431213379e-01,3.050104379653930664e-01
-2.779309153556823730e-01,5.669738650321960449e-01
2.757749855518341064e-01,-5.237976312637329102e-01
-9.877165406942367554e-02,2.293324656784534454e-02
8.185923695564270020e-01,-7.627455145120620728e-02
8.893088698387145996e-01,-1.228399053215980530e-01
-5.532168149948120117e-01,-7.687369585037231445e-01
-1.861633732914924622e-02,6.139152869582176208e-02
2.079596668481826782e-01,7.763153314590454102e-01
4.783093631267547607e-01,-4.397836327552795410e-01
8.894789814949035645e-01,-1.228299438953399658e-01
-4.741854667663574219e-01,1.628843396902084351e-01
-2.654613554477691650e-01,3.582865893840789795e-01
1.964675337076187134e-01,8.297740817070007324e-01
1.183490380644798279e-01,9.116005301475524902e-01
2.198689430952072144e-01,7.420848011970520020e-01
1.987986564636230469e-01,7.951568365097045898e-01
-5.736855268478393555e-01,-7.683700919151306152e-01
8.261986374855041504e-01,-9.087102860212326050e-02
2.997002005577087402e-02,2.737644016742706299e-01
-1.457716077566146851e-01,-1.839061677455902100e-01
3.870570659637451172e-01,9.091068059206008911e-02
3.493166863918304443e-01,5.025661364197731018e-02
-4.004363119602203369e-01,1.230786964297294617e-01
-6.420835852622985840e-01,-6.863057017326354980e-01
4.506919682025909424e-01,2.936879098415374756e-01
2.754078507423400879e-01,-5.237928628921508789e-01
-4.038062691688537598e-01,-5.171639919281005859e-01
-3.234132528305053711e-01,-7.463757991790771484e-01
2.058175951242446899e-01,9.652161598205566406e-01
8.699103444814682007e-02,2.058373838663101196e-01
-6.239896416664123535e-01,-7.504630684852600098e-01
-7.014775872230529785e-01,6.574235558509826660e-01
5.614666342735290527e-01,-7.855942249298095703e-01
7.659009099006652832e-01,-1.146764308214187622e-02
3.007755875587463379e-01,1.469928622245788574e-01
-8.641193807125091553e-02,-5.409905910491943359e-01
-6.059154272079467773e-01,2.208778709173202515e-01
-9.505500197410583496e-01,-1.940379142761230469e-01
3.947898447513580322e-01,-3.712293505668640137e-01
-3.747940957546234131e-01,-6.890702247619628906e-01
-2.779519259929656982e-01,5.669540762901306152e-01
1.483855247497558594e-01,9.557853341102600098e-01
-4.693783819675445557e-01,-7.630065679550170898e-01
-4.987590014934539795e-01,1.631492823362350464e-01
2.768395543098449707e-01,-5.212410092353820801e-01
3.087426424026489258e-01,-9.491768479347229004e-02
-2.516871392726898193e-01,-7.986538410186767578e-01
3.034569509327411652e-02,-1.627028733491897583e-01
-6.346489191055297852e-01,-7.288913130760192871e-01
1.073528006672859192e-01,9.128344058990478516e-01
-2.780066728591918945e-01,5.670554041862487793e-01
-2.783349752426147461e-01,5.674419403076171875e-01
-5.960899591445922852e-01,-7.652063965797424316e-01
-4.966622591018676758e-01,-7.655149698257446289e-01
5.615414977073669434e-01,-7.856951951980590820e-01
1.335116475820541382e-01,8.578708767890930176e-01
-4.157291948795318604e-01,-6.535276770591735840e-01
1.495160162448883057e-01,9.567378163337707520e-01
-1.658173054456710815e-01,-2.721326947212219238e-01
2.717763483524322510e-01,-5.211914777755737305e-01
8.651679158210754395e-01,-1.297966092824935913e-01
2.200522720813751221e-01,-1.397383213043212891e-01
9.878961741924285889e-02,4.187798798084259033e-01
2.975583970546722412e-01,4.250889420509338379e-01
-4.364522397518157959e-01,1.333007663488388062e-01
4.714078307151794434e-01,-4.362009763717651367e-01
1.521151512861251831e-01,8.437644839286804199e-01
3.396003320813179016e-02,4.108563363552093506e-01
2.396743893623352051e-01,-2.038399726152420044e-01
5.614950656890869141e-01,-7.856376171112060547e-01
1.943104416131973267e-01,9.743071198463439941e-01
1.942915916442871094e-01,9.743117690086364746e-01
-6.873521022498607635e-03,-5.599991418421268463e-03
2.822886407375335693e-01,6.219477653503417969e-01
1.462973654270172119e-01,1.370061039924621582e-01
3.650522604584693909e-02,4.172481894493103027e-01
1.754540503025054932e-01,7.973041534423828125e-01
6.120140552520751953e-01,2.283686995506286621e-01
2.245296686887741089e-01,1.785155087709426880e-01
-3.947460353374481201e-01,-7.041510343551635742e-01
-4.892303347587585449e-01,-7.510306239128112793e-01
-5.516622662544250488e-01,-7.683442831039428711e-01
1.495050042867660522e-01,9.567064642906188965e-01
-5.912284851074218750e-01,-7.687185406684875488e-01
-6.753596067428588867e-01,-3.031922876834869385e-01
1.700722873210906982e-01,2.581747472286224365e-01
3.730350732803344727e-01,1.747593879699707031e-01
-8.818986415863037109e-01,3.972813189029693604e-01
-5.455075502395629883e-01,-7.705680131912231445e-01
-6.055360436439514160e-01,2.233345657587051392e-01
-1.266988962888717651e-01,9.650996327400207520e-02
4.661357700824737549e-01,-2.563129663467407227e-01
4.192830622196197510e-01,3.634543418884277344e-01
-6.141200065612792969e-01,-7.626872062683105469e-01
-4.048905074596405029e-01,-7.143899798393249512e-01
1.910942196846008301e-01,8.013222217559814453e-01
2.056001573801040649e-01,7.757893800735473633e-01
4.360317885875701904e-01,-4.241651296615600586e-01
-4.434535503387451172e-01,1.301865726709365845e-01
-4.477093517780303955e-01,-7.600359320640563965e-01
-2.004223018884658813e-01,5.023339390754699707e-01
6.233929395675659180e-01,1.184567138552665710e-01
-1.206633597612380981e-01,-6.406204104423522949e-01
2.739660739898681641e-01,8.283602446317672729e-02
-9.621975570917129517e-02,-1.076226755976676941e-01
1.101174876093864441e-01,1.307370364665985107e-01
-2.456583082675933838e-02,3.403347730636596680e-01
8.367630839347839355e-01,-5.491166561841964722e-02
2.664957940578460693e-01,6.573569774627685547e-01
-6.415635347366333008e-01,-6.671233177185058594e-01
-4.480490088462829590e-01,1.333210021257400513e-01
-5.111747384071350098e-01,-7.517223954200744629e-01
1.995782405138015747e-01,9.714900255203247070e-01
-8.817994594573974609e-01,3.972349464893341064e-01
3.049145042896270752e-01,3.252761065959930420e-01
1.857336759567260742e-01,9.704347848892211914e-01
2.548826336860656738e-01,2.108153402805328369e-01
1.068388074636459351e-01,9.129706621170043945e-01
9.039597213268280029e-02,8.796232938766479492e-01
-4.796646535396575928e-01,1.664212197065353394e-01
2.045293599367141724e-01,9.668617248535156250e-01
8.131760358810424805e-01,-6.536909937858581543e-02
4.234645664691925049e-01,-4.121790826320648193e-01
-4.000735878944396973e-01,1.231798976659774780e-01
1.529542505741119385e-01,9.583197236061096191e-01
2.062726318836212158e-01,9.646569490432739258e-01
2.060206234455108643e-01,7.788023352622985840e-01
1.212150007486343384e-01,-6.468971818685531616e-02
1.618685722351074219e-01,8.309068083763122559e-01
1.305626183748245239e-01,9.409322142601013184e-01
-4.942426085472106934e-01,-7.488349080085754395e-01
-4.278031885623931885e-01,-7.496345639228820801e-01
1.945019662380218506e-01,-1.976463645696640015e-01
2.592145502567291260e-01,1.814688593149185181e-01
-6.239926815032958984e-01,-7.504367828369140625e-01
-3.754539787769317627e-01,-6.893409490585327148e-01
1.950874775648117065e-01,9.740062355995178223e-01
3.583125397562980652e-02,5.282981395721435547e-01
-5.524269938468933105e-01,1.933586597442626953e-01
-6.070215106010437012e-01,-7.639502882957458496e-01
1.910785138607025146e-01,8.215450048446655273e-01
-8.630872964859008789e-01,3.893230855464935303e-01
8.461359739303588867e-01,-7.359456270933151245e-02
8.310788869857788086e-01,-8.492198586463928223e-02
8.802378773689270020e-01,-1.095597222447395325e-01
-4.572442471981048584e-01,-7.662728428840637207e-01
2.070139348506927490e-01,9.637935161590576172e-01
1.529834419488906860e-01,9.583334922790527344e-01
1.488463878631591797e-01,9.561784863471984863e-01
1.496899425983428955e-01,9.568769931793212891e-01
2.257626354694366455e-01,-2.879103720188140869e-01
7.141745090484619141e-01,-1.082988381385803223e-01
2.374072074890136719e-01,3.149971961975097656e-01
5.615136623382568359e-01,-7.856577038764953613e-01
-4.123511612415313721e-01,-6.660010218620300293e-01
2.447119355201721191e-01,1.194899305701255798e-01
7.494869232177734375e-01,7.546775043010711670e-02
1.270605176687240601e-01,8.595122694969177246e-01
-4.737006425857543945e-01,-7.605432271957397461e-01
2.057162821292877197e-01,9.653679132461547852e-01
6.053744554519653320e-01,1.227873489260673523e-01
-4.433778524398803711e-01,1.623216122388839722e-01
-5.935519933700561523e-01,-7.674946188926696777e-01
-4.198615252971649170e-01,-6.289899945259094238e-01
-5.376469492912292480e-01,2.649154067039489746e-01
-2.153111062943935394e-02,1.598727107048034668e-01
-5.452878475189208984e-01,-7.645955085754394531e-01
2.151397168636322021e-01,8.350047469139099121e-01
4.143441021442413330e-01,-4.129854738712310791e-01
1.294185221195220947e-01,9.406414031982421875e-01
-4.952066838741302490e-01,-7.540161609649658203e-01
6.686605811119079590e-01,1.849822998046875000e-01
-4.472373723983764648e-01,1.393612623214721680e-01
1.841121017932891846e-01,8.144824504852294922e-01
-4.290661513805389404e-01,1.319537907838821411e-01
5.067922472953796387e-01,1.931115239858627319e-02
4.691402316093444824e-01,-2.530538141727447510e-01
4.031800329685211182e-01,-2.699370682239532471e-01
2.940176725387573242e-01,-2.281989902257919312e-01
3.598245680332183838e-01,-3.194744288921356201e-01
4.284206628799438477e-01,-4.183026254177093506e-01
-5.626828074455261230e-01,1.951441764831542969e-01
6.896285712718963623e-02,2.380633205175399780e-01
1.254687905311584473e-01,9.338963627815246582e-01
9.432419389486312866e-02,1.180715560913085938e-01
1.943087130784988403e-01,9.743157625198364258e-01
4.015998840332031250e-01,4.063908159732818604e-01
1.960490345954895020e-01,8.181794285774230957e-01
2.475422173738479614e-01,-1.810941696166992188e-01
3.074042201042175293e-01,6.196925789117813110e-02
5.054895877838134766e-01,3.012228310108184814e-01
8.494228124618530273e-01,-1.318347454071044922e-01
2.152632325887680054e-01,7.627651691436767578e-01
1.533044427633285522e-01,8.369694352149963379e-01
-4.686619937419891357e-01,-7.375673651695251465e-01
2.754254341125488281e-01,-5.233337283134460449e-01
1.960785984992980957e-01,7.594970464706420898e-01
-3.636826872825622559e-01,-6.628633737564086914e-01
-2.473481893539428711e-01,1.506678294390439987e-02
-3.617382049560546875e-01,-6.616325378417968750e-01
5.224533081054687500e-01,1.448166072368621826e-01
2.301320880651473999e-01,8.928247094154357910e-01
2.127514481544494629e-01,9.544460773468017578e-01
8.897063136100769043e-01,-1.229666024446487427e-01
-6.420212984085083008e-01,-6.847398877143859863e-01
3.386189341545104980e-01,-5.151142552495002747e-02
3.918986022472381592e-01,-3.701032102108001709e-01
3.964414447546005249e-02,3.073606491088867188e-01
-5.111508965492248535e-01,1.777756512165069580e-01
-4.552218317985534668e-01,1.575267016887664795e-01
4.240370094776153564e-01,-4.132218956947326660e-01
2.064714878797531128e-01,9.638316035270690918e-01
-4.071648120880126953e-01,1.254894733428955078e-01
-1.065054559148848057e-03,-4.991330504417419434e-01
3.188266456127166748e-01,4.640936851501464844e-01
-4.807035326957702637e-01,1.549527347087860107e-01
5.601788759231567383e-01,-7.832719683647155762e-01
5.615349411964416504e-01,-7.856913805007934570e-01
1.454138755798339844e-01,8.394752144813537598e-01
8.448370099067687988e-01,-7.541006058454513550e-02
2.119155526161193848e-01,7.550845742225646973e-01
2.243154793977737427e-01,1.799960583448410034e-01
1.578421331942081451e-02,9.693355858325958252e-02
2.434329837560653687e-01,-1.824790984392166138e-01
5.339092612266540527e-01,4.862186312675476074e-02
8.683995604515075684e-01,-9.690178930759429932e-02
4.289212822914123535e-01,-4.157694876194000244e-01
2.298828512430191040e-01,8.928676843643188477e-01
-6.048465371131896973e-01,2.198775410652160645e-01
-1.231510043144226074e-01,4.839047789573669434e-01
-7.919090390205383301e-01,2.497274875640869141e-01
3.461651504039764404e-01,3.915139734745025635e-01
-7.904689908027648926e-01,2.501543164253234863e-01
1.840049475431442261e-01,7.351775169372558594e-01
-6.021335124969482422e-01,-7.653906941413879395e-01
3.034793138504028320e-01,-2.067280709743499756e-01
2.085839211940765381e-01,7.730686664581298828e-01
5.511186718940734863e-01,-7.809975147247314453e-01
1.561773717403411865e-01,9.596920013427734375e-01
1.334086507558822632e-01,9.442782998085021973e-01
2.753982543945312500e-01,-5.238683223724365234e-01
-6.069999337196350098e-01,3.351688086986541748e-01
-5.664924383163452148e-01,-7.717764377593994141e-01
-5.835041403770446777e-01,-7.666989564895629883e-01
8.881275057792663574e-01,-1.199690476059913635e-01
-8.713769167661666870e-02,-5.408029556274414062e-01
5.614984035491943359e-01,-7.856377363204956055e-01
8.862467408180236816e-01,-1.172067448496818542e-01
-4.449577331542968750e-01,-7.612254023551940918e-01
-2.199350297451019287e-01,5.175447463989257812e-01
-7.896771430969238281e-01,2.501204013824462891e-01
1.975585371255874634e-01,8.109767436981201172e-01
-5.550192594528198242e-01,-7.713883519172668457e-01
8.797942399978637695e-01,-1.097067221999168396e-01
-4.809780716896057129e-01,1.531320512294769287e-01
-5.939263701438903809e-01,-7.671440839767456055e-01
1.513543576002120972e-01,9.568828940391540527e-01
-5.048399567604064941e-01,-7.578603029251098633e-01
2.778559625148773193e-01,6.214119791984558105e-01
-4.213378131389617920e-01,-7.445220351219177246e-01
-1.057521104812622070e-01,4.616625607013702393e-01
-4.281986653804779053e-01,1.322338134050369263e-01
-2.380266487598419189e-01,1.189646795392036438e-01
-6.050575971603393555e-01,2.199865728616714478e-01
6.418327689170837402e-01,-9.049910120666027069e-03
1.943933516740798950e-01,8.049808740615844727e-01
3.062309622764587402e-01,-1.066864505410194397e-01
1.628428995609283447e-01,-2.604975737631320953e-02
3.079161643981933594e-01,9.686746448278427124e-02
9.044445306062698364e-02,8.797017335891723633e-01
4.784655570983886719e-01,2.769088745117187500e-01
-4.425223171710968018e-01,1.344218850135803223e-01
-5.608146786689758301e-01,-7.719278335571289062e-01
2.534281611442565918e-01,1.782485097646713257e-01
2.718535959720611572e-01,-5.207861065864562988e-01
4.785426557064056396e-01,-4.399596452713012695e-01
8.228449225425720215e-01,-5.734233930706977844e-02
2.456332892179489136e-01,-5.314758419990539551e-02
4.301330447196960449e-01,-4.206072092056274414e-01
2.064169198274612427e-01,9.645098447799682617e-01
2.203498482704162598e-01,8.589154481887817383e-01
2.879683971405029297e-01,-1.999352276325225830e-01
4.077087342739105225e-01,4.503837227821350098e-02
3.599079847335815430e-01,4.488081112504005432e-02
1.495082229375839233e-01,9.567209482192993164e-01
-2.120313346385955811e-01,5.122769474983215332e-01
-3.425087034702301025e-02,3.616513013839721680e-01
1.943086385726928711e-01,9.743151068687438965e-01
8.245939016342163086e-01,-9.218905866146087646e-02
3.120416402816772461e-01,1.898798495531082153e-01
1.461897939443588257e-01,9.537919759750366211e-01
1.219903454184532166e-01,9.307089447975158691e-01
8.771244287490844727e-01,-1.083615347743034363e-01
1.719409972429275513e-01,1.886135339736938477e-01
1.179174631834030151e-01,8.861287832260131836e-01
-4.461103379726409912e-01,-7.297494411468505859e-01
-5.556899905204772949e-01,-7.703918218612670898e-01
6.804340481758117676e-01,2.809595875442028046e-02
2.345853149890899658e-01,-2.600218355655670166e-01
-9.466216564178466797e-01,-1.934833079576492310e-01
3.379967212677001953e-01,2.067910134792327881e-02
2.125694006681442261e-01,9.547426700592041016e-01
1.209372729063034058e-01,8.881248235702514648e-01
-5.059109330177307129e-01,-7.555928230285644531e-01
6.122543215751647949e-01,2.280554473400115967e-01
-5.107262730598449707e-01,-7.520157098770141602e-01
-5.016412734985351562e-01,-7.667361497879028320e-01
-2.779608964920043945e-01,5.670595169067382812e-01
2.753481566905975342e-01,-5.234413743019104004e-01
-4.656161665916442871e-01,-7.649701833724975586e-01
1.214527711272239685e-01,9.307168722152709961e-01
8.838449716567993164e-01,-1.151231974363327026e-01
-9.397818706929683685e-03,1.311636343598365784e-02
1.092438846826553345e-01,3.386045992374420166e-02
2.381496727466583252e-01,2.491007596254348755e-01
-4.183333814144134521e-01,-6.668068766593933105e-01
4.288619756698608398e-01,3.554631769657135010e-01
-4.990251064300537109e-01,1.631516665220260620e-01
-2.780762016773223877e-01,5.667696595191955566e-01
3.568849861621856689e-01,1.816463619470596313e-01
9.506187587976455688e-02,8.856322169303894043e-01
3.497269749641418457e-01,-4.022304117679595947e-01
4.077026844024658203e-01,4.451931267976760864e-02
3.438567221164703369e-01,-8.669776469469070435e-02
-5.957161188125610352e-01,-7.681463956832885742e-01
-5.292827486991882324e-01,1.821190118789672852e-01
-4.594238698482513428e-01,-7.669340372085571289e-01
-6.002759337425231934e-01,-7.662103772163391113e-01
-2.053287178277969360e-01,5.170216560363769531e-01
3.476555645465850830e-01,2.876008749008178711e-01
-5.444967150688171387e-01,-7.723401784896850586e-01
1.175111457705497742e-01,-3.227091431617736816e-01
1.530413180589675903e-01,9.583532810211181641e-01
-6.051967740058898926e-01,2.200397253036499023e-01
2.115801125764846802e-01,7.533854842185974121e-01
2.190637737512588501e-01,-1.454792916774749756e-01
5.331966280937194824e-01,2.444866597652435303e-01
-5.394819378852844238e-01,-7.678385972976684570e-01
-6.263411641120910645e-01,-6.020129919052124023e-01
6.137261390686035156e-01,2.273852229118347168e-01
2.196668088436126709e-01,7.464891076087951660e-01
-6.076607108116149902e-01,-7.647393941879272461e-01
-6.664150357246398926e-01,-3.036015331745147705e-01
1.303088366985321045e-01,-1.687179133296012878e-02
-6.420708894729614258e-01,-6.867316961288452148e-01
5.506212711334228516e-01,2.301749289035797119e-01
7.130712270736694336e-01,1.424758583307266235e-01
-5.921977162361145020e-01,-7.681398391723632812e-01
-4.573505818843841553e-01,-7.663370966911315918e-01
5.654114484786987305e-01,2.729144096374511719e-01
3.770680427551269531e-01,3.944979235529899597e-02
1.114860922098159790e-01,2.543898820877075195e-01
2.387566417455673218e-01,6.600843667984008789e-01
-4.174385964870452881e-01,-7.183055281639099121e-01
1.794010847806930542e-01,9.669806957244873047e-01
1.529396474361419678e-01,9.583259820938110352e-01
4.474328458309173584e-01,3.253106176853179932e-01
-6.141475439071655273e-01,-7.626610398292541504e-01
4.654724895954132080e-01,-2.587556540966033936e-01
3.806778490543365479e-01,-3.471772074699401855e-01
9.038630872964859009e-02,8.795573115348815918e-01
1.114728897809982300e-01,2.538584172725677490e-01
-4.818094074726104736e-01,-7.196244597434997559e-01
-2.554088234901428223e-01,7.837972044944763184e-02
4.520051777362823486e-01,-4.332596659660339355e-01
-3.085393905639648438e-01,-5.261238217353820801e-01
5.614704489707946777e-01,-7.855989336967468262e-01
-6.041518449783325195e-01,-7.659853100776672363e-01
-4.952113628387451172e-01,-7.500264048576354980e-01
1.838563829660415649e-01,-1.211060732603073120e-01
-2.036985754966735840e-01,4.857765138149261475e-01
3.330104351043701172e-01,-2.302508950233459473e-01
2.057294249534606934e-01,9.653314352035522461e-01
2.112653106451034546e-01,2.185204029083251953e-01
4.478610754013061523e-01,-4.288952350616455078e-01
1.989160776138305664e-01,2.555969953536987305e-01
5.639408826828002930e-01,2.254957705736160278e-01
1.878533363342285156e-01,9.717279672622680664e-01
-4.556950628757476807e-01,-7.656655311584472656e-01
2.488077282905578613e-01,4.335637670010328293e-03
1.104141101241111755e-01,9.052439928054809570e-01
-1.036649849265813828e-02,4.842531867325305939e-03
3.523715734481811523e-01,-4.263855051249265671e-03
-5.257676243782043457e-01,-7.655213475227355957e-01
2.053080052137374878e-01,9.656161665916442871e-01
-6.048810482025146484e-01,2.201211005449295044e-01
2.328814566135406494e-01,7.301921844482421875e-01
-4.792478680610656738e-01,-7.676401734352111816e-01
2.087908238172531128e-01,9.611101746559143066e-01
-6.727396845817565918e-01,-3.000156283378601074e-01
8.474242687225341797e-01,-1.098050847649574280e-01
4.801948964595794678e-01,7.496528327465057373e-02
-4.509416222572326660e-01,1.370463520288467407e-01
2.375418692827224731e-01,-2.588819563388824463e-01
3.545105755329132080e-01,4.453661143779754639e-01
3.951743543148040771e-01,2.223802208900451660e-01
-6.236587762832641602e-01,-6.076156497001647949e-01
-2.398113906383514404e-01,1.254953593015670776e-01
3.174234330654144287e-01,8.460258692502975464e-02
5.029166936874389648e-01,2.427403628826141357e-01
2.303588688373565674e-01,1.903814226388931274e-01
1.934543997049331665e-01,4.352838397026062012e-01
-6.067682504653930664e-01,3.347617983818054199e-01
4.080581367015838623e-01,4.536527395248413086e-02
-4.328201413154602051e-01,-6.514153480529785156e-01
6.189265251159667969e-01,1.198630183935165405e-01
-3.567026555538177490e-01,1.365935504436492920e-01
-5.160915255546569824e-01,-3.341690599918365479e-01
2.519442141056060791e-01,-4.786122590303421021e-02
-9.505713582038879395e-01,-1.940415352582931519e-01
1.635600440204143524e-02,1.660843789577484131e-01
2.746410369873046875e-01,-5.150753855705261230e-01
-2.516189515590667725e-01,-7.981027960777282715e-01
1.152326017618179321e-01,1.750735491514205933e-01
4.284379482269287109e-01,-4.182950854301452637e-01
-4.578526318073272705e-01,-7.303369641304016113e-01
8.899006247520446777e-01,-1.230124086141586304e-01
1.087564527988433838e-01,-3.255935907363891602e-01
8.174760937690734863e-01,-7.295857369899749756e-02
-6.786120124161243439e-03,1.470888853073120117e-01
2.866419851779937744e-01,1.861057877540588379e-01
4.678261876106262207e-01,-2.587539553642272949e-01
2.455016821622848511e-01,6.868294477462768555e-01
-4.841678775846958160e-03,-1.553881168365478516e-01
-4.434139728546142578e-01,1.299164146184921265e-01
-1.700187325477600098e-01,3.235891833901405334e-02
2.239338308572769165e-01,1.804843395948410034e-01
-4.266687631607055664e-01,1.645613163709640503e-01
2.045698761940002441e-01,9.668128490447998047e-01
-2.132272571325302124e-01,-3.301561251282691956e-02
-7.906268239021301270e-01,2.504368424415588379e-01
-4.398694336414337158e-01,-7.274149656295776367e-01
2.038799375295639038e-01,7.820587158203125000e-01
3.522324264049530029e-01,2.548823058605194092e-01
1.944523304700851440e-01,8.293925523757934570e-01
-5.534221529960632324e-01,-7.723299264907836914e-01
-6.052930951118469238e-01,2.203798741102218628e-01
2.299436330795288086e-01,8.939148187637329102e-01
1.585757583379745483e-01,-2.552989870309829712e-02
2.208369076251983643e-01,1.818093210458755493e-01
-2.807573676109313965e-01,4.480603933334350586e-01
2.786304056644439697e-01,-1.993792653083801270e-01
-6.459437012672424316e-01,-3.252485692501068115e-01
2.296321839094161987e-01,8.829937577247619629e-01
-3.845223188400268555e-01,-6.974928975105285645e-01
2.145975828170776367e-01,1.873034387826919556e-01
-1.645408011972904205e-02,1.745532602071762085e-01
8.855342864990234375e-01,-1.178596541285514832e-01
-4.890973865985870361e-01,-7.496014237403869629e-01
2.196764945983886719e-01,-6.373718380928039551e-02
-4.473087787628173828e-01,-7.615843415260314941e-01
2.105399668216705322e-01,7.643111944198608398e-01
1.414549648761749268e-01,8.449922204017639160e-01
2.119513750076293945e-01,9.559096693992614746e-01
1.921477913856506348e-01,8.079860210418701172e-01
3.798005282878875732e-01,-3.973549604415893555e-01
-4.777804017066955566e-01,-7.103816270828247070e-01
-5.305442214012145996e-01,-7.645406723022460938e-01
8.894854784011840820e-01,-1.228515356779098511e-01
9.036583453416824341e-02,8.795910477638244629e-01
-4.194678068161010742e-01,-7.431435585021972656e-01
4.633261263370513916e-01,-2.610507011413574219e-01
4.780387878417968750e-01,-4.393850862979888916e-01
2.002975642681121826e-01,8.071837425231933594e-01
2.444996386766433716e-01,7.075734734535217285e-01
1.998298019170761108e-01,7.924419641494750977e-01
2.669964134693145752e-01,2.437503784894943237e-01
-7.409808784723281860e-02,-5.895935893058776855e-01
8.065692186355590820e-01,-5.736307427287101746e-02
2.232693433761596680e-01,1.423243880271911621e-01
8.725421428680419922e-01,-1.026181951165199280e-01
1.496529430150985718e-01,9.568650126457214355e-01
2.242815792560577393e-01,1.801694631576538086e-01
6.567171216011047363e-02,1.439357101917266846e-01
6.186511516571044922e-01,2.133564949035644531e-01
2.931977808475494385e-01,1.845879405736923218e-01
-6.756221055984497070e-01,-3.034086525440216064e-01
4.293765723705291748e-01,-4.197550714015960693e-01
1.200253814458847046e-01,4.162762314081192017e-02
-4.199381172657012939e-01,-6.719757914543151855e-01
-6.409569382667541504e-01,-6.695135831832885742e-01
8.266082406044006348e-01,-1.348012834787368774e-01
3.403567075729370117e-01,4.874025881290435791e-01
6.802011132240295410e-01,1.550713777542114258e-01
-4.026305973529815674e-01,-5.204901695251464844e-01
1.651093959808349609e-01,-9.368954598903656006e-02
1.529040634632110596e-01,9.583031535148620605e-01
2.268694490194320679e-01,7.411572337150573730e-01
8.892735838890075684e-01,-1.229687109589576721e-01
-6.643234193325042725e-02,2.642274200916290283e-01
1.460036188364028931e-01,-3.436749279499053955e-01
3.245150148868560791e-01,9.974068403244018555e-02
-6.239904165267944336e-01,-7.504471540451049805e-01
3.942325115203857422e-01,-3.544794619083404541e-01
-9.579023718833923340e-02,-1.072721704840660095e-01
2.246579080820083618e-01,1.818717718124389648e-01
6.615768373012542725e-02,5.375786125659942627e-02
2.246475815773010254e-01,1.800222694873809814e-01
-4.273233711719512939e-01,-7.383034825325012207e-01
8.571172952651977539e-01,-7.872927933931350708e-02
-4.563496112823486328e-01,1.411410123109817505e-01
-3.747362792491912842e-01,2.492886036634445190e-02
-5.940356850624084473e-01,-7.653159499168395996e-01
2.125384211540222168e-01,9.548490047454833984e-01
8.251293301582336426e-01,-9.257539361715316772e-02
1.943002641201019287e-01,9.743221998214721680e-01
2.301398813724517822e-01,8.924957513809204102e-01
4.676799774169921875e-01,-2.663336098194122314e-01
1.572906374931335449e-01,9.599894881248474121e-01
3.192679286003112793e-01,4.974090456962585449e-01
-4.596829116344451904e-01,-7.666468024253845215e-01
-5.732929110527038574e-01,-7.704497575759887695e-01
5.906225740909576416e-02,1.883103847503662109e-01
-6.814337968826293945e-01,-3.043378591537475586e-01
-6.052285432815551758e-01,2.201454490423202515e-01
-2.736014425754547119e-01,4.747010469436645508e-01
-6.141313910484313965e-01,-7.626805305480957031e-01
3.276603519916534424e-01,2.268759012222290039e-01
-5.737639069557189941e-01,-7.710512876510620117e-01
-4.737618938088417053e-02,9.149146080017089844e-02
-6.321012377738952637e-01,-7.351750731468200684e-01
-5.770283937454223633e-01,-7.703340649604797363e-01
-4.007794857025146484e-01,1.226864382624626160e-01
8.224304318428039551e-01,-4.401016235351562500e-02
4.080577790737152100e-01,4.535108432173728943e-02
3.173682689666748047e-01,4.295504689216613770e-01
2.254984825849533081e-01,1.794345229864120483e-01
4.658770263195037842e-01,-2.563838362693786621e-01
1.101624593138694763e-01,1.421300917863845825e-01
3.669399395585060120e-02,4.115241467952728271e-01
1.905684471130371094e-01,2.551671266555786133e-01
8.455592989921569824e-01,-1.313775032758712769e-01
4.784902334213256836e-01,-4.394424259662628174e-01
8.893453478813171387e-01,-1.229025050997734070e-01
1.565237492322921753e-01,9.592424631118774414e-01
2.045439332723617554e-01,9.668455123901367188e-01
-2.594208717346191406e-01,-7.460848093032836914e-01
8.205702304840087891e-01,-7.875947654247283936e-02
-4.014296531677246094e-01,1.231765151023864746e-01
2.300888150930404663e-01,8.933907747268676758e-01
-5.664774775505065918e-01,-7.720997929573059082e-01
-3.876129388809204102e-01,-6.982554793357849121e-01
-6.049439907073974609e-01,2.199525088071823120e-01
-5.783410072326660156e-01,2.045781463384628296e-01
2.125119864940643311e-01,9.547909498214721680e-01
-3.789949715137481689e-01,-6.944596767425537109e-01
2.214460223913192749e-01,1.252700984477996826e-01
-4.545162618160247803e-01,-7.608195543289184570e-01
2.301263809204101562e-01,8.927922248840332031e-01
7.718100398778915405e-02,1.226225793361663818e-01
1.110092476010322571e-01,2.537437081336975098e-01
7.346842437982559204e-02,8.070175349712371826e-02
-4.370759725570678711e-01,1.708877831697463989e-01
-5.766142606735229492e-01,-7.711716294288635254e-01
-4.573303163051605225e-01,-7.663729786872863770e-01
2.519778609275817871e-01,-4.873577132821083069e-02
1.617116630077362061e-01,3.559162840247154236e-03
1.249736398458480835e-01,1.436688452959060669e-01
3.770001977682113647e-02,-2.123559266328811646e-01
6.101530194282531738e-01,2.296584099531173706e-01
1.227406412363052368e-01,9.293987751007080078e-01
-5.558357238769531250e-01,-7.706784605979919434e-01
1.314468085765838623e-01,9.425616860389709473e-01
2.753473818302154541e-01,-5.233048796653747559e-01
2.566104531288146973e-01,-5.005667209625244141e-01
1.974713951349258423e-01,8.458651900291442871e-01
-5.491850972175598145e-01,-7.713647484779357910e-01
-6.045608520507812500e-01,2.198744565248489380e-01
8.400920629501342773e-01,-1.298391073942184448e-01
-2.779307961463928223e-01,5.669312477111816406e-01
3.424925208091735840e-01,-2.935294806957244873e-02
8.075942397117614746e-01,-5.811730772256851196e-02
1.893309652805328369e-01,8.281972408294677734e-01
2.306603491306304932e-01,-1.096602901816368103e-01
5.614917278289794922e-01,-7.856428623199462891e-01
-5.959191918373107910e-01,-7.674063444137573242e-01
2.063620835542678833e-01,7.871570587158203125e-01
-6.052687168121337891e-01,2.199645340442657471e-01
-4.616340100765228271e-01,-7.546269893646240234e-01
1.197390928864479065e-01,8.934273123741149902e-01
-6.753968596458435059e-01,-3.032123148441314697e-01
1.193499937653541565e-01,9.294118285179138184e-01
1.329778432846069336e-01,8.469208478927612305e-01
4.448570907115936279e-01,-4.276528656482696533e-01
-4.972702264785766602e-01,1.748748123645782471e-01
3.749824464321136475e-01,4.476540908217430115e-02
-5.992125272750854492e-01,-7.648989558219909668e-01
6.732423901557922363e-01,6.254573911428451538e-02
-5.184534788131713867e-01,-7.567985653877258301e-01
-2.502713203430175781e-01,-1.487086713314056396e-02
-3.148643374443054199e-01,-4.334919154644012451e-01
1.280335336923599243e-01,8.347887396812438965e-01
2.162644863128662109e-01,-1.678812503814697266e-01
2.102842628955841064e-01,7.718139290809631348e-01
2.655871510505676270e-01,6.487772464752197266e-01
4.285405874252319336e-01,-4.185307621955871582e-01
-6.941949129104614258e-01,-3.082621991634368896e-01
5.907225608825683594e-01,1.223528683185577393e-01
8.258571028709411621e-01,-8.295980840921401978e-02
4.355396926403045654e-01,2.709123492240905762e-01
-5.140501856803894043e-01,-7.579008340835571289e-01
6.556624174118041992e-01,-3.506792709231376648e-02
4.690072834491729736e-01,-2.533743977546691895e-01
-5.569195151329040527e-01,-3.555161654949188232e-01
2.228444665670394897e-01,7.333918213844299316e-01
-5.225122347474098206e-02,2.839695513248443604e-01
3.871513307094573975e-01,-4.366194605827331543e-01
1.408608257770538330e-01,-4.823964089155197144e-03
5.694622993469238281e-01,2.235557138919830322e-01
1.999616324901580811e-01,8.230960965156555176e-01
1.415192484855651855e-01,9.508301019668579102e-01
8.662097454071044922e-01,-9.595201164484024048e-02
8.201340436935424805e-01,-7.556586712598800659e-02
1.496180295944213867e-01,9.567894339561462402e-01
2.302010357379913330e-01,8.924482464790344238e-01
1.977336257696151733e-01,2.058357233181595802e-03
8.251202702522277832e-01,-9.255904704332351685e-02
-6.123608946800231934e-01,-7.631419301033020020e-01
3.251026570796966553e-01,6.118946149945259094e-02
-5.702047348022460938e-01,-7.693497538566589355e-01
1.857302635908126831e-01,9.704315662384033203e-01
2.518776655197143555e-01,-4.865784943103790283e-02
2.042431086301803589e-01,9.672106504440307617e-01
-2.779724895954132080e-01,5.655206441879272461e-01
4.239024519920349121e-01,-4.142850637435913086e-01
-5.186924934387207031e-01,-2.195378988981246948e-01
-6.163489222526550293e-01,-7.400646805763244629e-01
2.311527580022811890e-01,7.121416926383972168e-01
4.650603532791137695e-01,-4.371618628501892090e-01
1.893346756696701050e-01,9.722657799720764160e-01
2.283567786216735840e-01,7.413198351860046387e-01
2.094630151987075806e-01,7.751412391662597656e-01
8.124949336051940918e-01,-6.523170322179794312e-02
2.114113420248031616e-02,1.179411485791206360e-01
-4.450303912162780762e-01,-7.081853151321411133e-01
3.536166548728942871e-01,4.883486926555633545e-01
1.219169497489929199e-01,9.234244823455810547e-01
-2.679924666881561279e-01,-2.923729121685028076e-01
3.838167786598205566e-01,-4.327023923397064209e-01
1.600150950253009796e-02,1.488709449768066406e-01
2.320822924375534058e-01,-1.110581010580062866e-01
-4.139095842838287354e-01,-5.278547406196594238e-01
-6.755599975585937500e-01,-3.033401668071746826e-01
7.158809304237365723e-01,-7.555200718343257904e-03
1.497217714786529541e-01,9.568393230438232422e-01
-5.915667414665222168e-01,-7.661594748497009277e-01
3.062928915023803711e-01,5.435533523559570312e-01
1.496072411537170410e-01,9.568000435829162598e-01
-2.141901552677154541e-01,4.737823605537414551e-01
-6.058576703071594238e-01,2.210387587547302246e-01
1.615866273641586304e-01,8.229021430015563965e-01
-6.052593588829040527e-01,2.203966528177261353e-01
-1.836201548576354980e-01,1.807464100420475006e-02
-5.311176776885986328e-01,1.841812133789062500e-01
8.894191980361938477e-01,-1.226849630475044250e-01
1.839198470115661621e-01,8.140892386436462402e-01
4.695093929767608643e-01,-2.538343667984008789e-01
1.666354835033416748e-01,8.393155932426452637e-01
-4.656618237495422363e-01,1.459612995386123657e-01
-5.655289888381958008e-01,-4.442882835865020752e-01
3.111378103494644165e-02,-2.281800843775272369e-02
5.511056184768676758e-01,-7.809872031211853027e-01
-6.141215562820434570e-01,-7.626918554306030273e-01
3.702669590711593628e-02,3.386376053094863892e-02
1.857218146324157715e-01,9.704603552818298340e-01
-5.878120660781860352e-01,-7.660694122314453125e-01
-6.045098900794982910e-01,2.198673486709594727e-01
-4.493645131587982178e-01,1.359480768442153931e-01
1.417905539274215698e-01,8.466959595680236816e-01
-2.802959084510803223e-01,5.264939665794372559e-01
-5.616179704666137695e-01,-7.720128893852233887e-01
8.894839286804199219e-01,-1.228698119521141052e-01
-5.859303474426269531e-01,-7.669868469238281250e-01
2.754302024841308594e-01,-5.233517885208129883e-01
-7.462059706449508667e-02,3.425492718815803528e-02
-2.517062723636627197e-01,-7.977296113967895508e-01
-6.302293539047241211e-01,-7.390079498291015625e-01
-5.050200223922729492e-01,-1.432711035013198853e-01
4.780413806438446045e-01,-4.395303130149841309e-01
8.134107589721679688e-01,-6.617817282676696777e-02
-6.054055690765380859e-01,2.204470336437225342e-01
3.353720903396606445e-01,1.070069819688796997e-01
-2.780678868293762207e-01,5.670625567436218262e-01
-2.781116366386413574e-01,5.671600103378295898e-01
1.502139568328857422e-01,9.563831686973571777e-01
-5.943291783332824707e-01,2.131822109222412109e-01
3.018392324447631836e-01,-8.867886662483215332e-02
-6.346853971481323242e-01,-7.288839221000671387e-01
-5.437859296798706055e-01,-7.635117769241333008e-01
6.123332977294921875e-01,-3.158139586448669434e-01
-4.947885572910308838e-01,-7.699210643768310547e-01
1.695626527070999146e-01,8.064416050910949707e-01
1.943269073963165283e-01,9.743217229843139648e-01
-9.505428075790405273e-01,-1.940345317125320435e-01
-8.818869590759277344e-01,3.972755372524261475e-01
-4.779508411884307861e-01,1.535875946283340454e-01
1.164890229701995850e-01,9.265266656875610352e-01
-4.552243947982788086e-01,-7.652706503868103027e-01
4.245740175247192383e-01,4.161010086536407471e-01
-9.505961537361145020e-01,-1.940483301877975464e-01
2.468269616365432739e-01,7.081323862075805664e-01
1.970330923795700073e-01,7.986260652542114258e-01
1.979975849390029907e-01,9.725725054740905762e-01
3.160235881805419922e-01,1.040718853473663330e-01
-6.046753525733947754e-01,2.199242860078811646e-01
-8.819873929023742676e-01,3.973246514797210693e-01
9.745783358812332153e-02,8.539856076240539551e-01
3.090834915637969971e-01,-1.150234416127204895e-01
4.692404866218566895e-01,-2.541780173778533936e-01
-5.349521040916442871e-01,2.120447009801864624e-01
-4.542073905467987061e-01,1.377770453691482544e-01
-5.803180932998657227e-01,-6.808212995529174805e-01
2.014328688383102417e-01,8.162062764167785645e-01
-1.023122668266296387e-01,-3.026542440056800842e-02
-5.513685345649719238e-01,1.898307651281356812e-01
8.025671243667602539e-01,-2.191375568509101868e-02
1.943053454160690308e-01,9.743161797523498535e-01
-4.931038022041320801e-01,1.655568331480026245e-01
-3.820411562919616699e-01,-6.948177814483642578e-01
-5.601816177368164062e-01,-7.722805142402648926e-01
1.454044729471206665e-01,7.779482752084732056e-02
-5.939617753028869629e-01,-7.672379016876220703e-01
-5.213966369628906250e-01,-7.652242183685302734e-01
-5.760703682899475098e-01,-7.668726444244384766e-01
1.943039745092391968e-01,9.743087887763977051e-01
-6.052037477493286133e-01,2.200611084699630737e-01
2.683956325054168701e-01,-5.193496346473693848e-01
1.116629391908645630e-01,2.541033923625946045e-01
-1.295684725046157837e-01,-6.656078696250915527e-01
3.378198444843292236e-01,-2.729322314262390137e-01
-4.780940711498260498e-01,1.858148276805877686e-01
4.529738426208496094e-02,5.249767303466796875e-01
-6.077071428298950195e-01,-7.641865611076354980e-01
7.268286347389221191e-01,-1.315372139215469360e-01
7.880937457084655762e-01,-5.104804784059524536e-02
-5.664371848106384277e-01,1.962823867797851562e-01
2.532398402690887451e-01,8.502968400716781616e-02
1.839391589164733887e-01,8.520220518112182617e-01
1.190277040004730225e-01,8.763830065727233887e-01
-2.518793940544128418e-01,-7.980999946594238281e-01
8.139953017234802246e-01,-6.640819460153579712e-02
2.520889043807983398e-01,-4.828153923153877258e-02
1.575816869735717773e-01,1.419404298067092896e-01
1.240837499499320984e-01,-1.002602726221084595e-01
4.243654906749725342e-01,4.168330132961273193e-01
-2.803460359573364258e-01,5.276498794555664062e-01
8.125326037406921387e-01,-4.312907531857490540e-02
-6.048901081085205078e-01,2.201531380414962769e-01
-3.283667564392089844e-01,1.167585700750350952e-01
6.729518771171569824e-01,6.774383783340454102e-02
1.467673033475875854e-01,8.443893790245056152e-01
5.614445805549621582e-01,-7.855659723281860352e-01
1.774782091379165649e-01,-1.034627705812454224e-01
3.379560410976409912e-01,4.908023476600646973e-01
1.119776144623756409e-01,9.051347970962524414e-01
-5.513195395469665527e-01,-3.123193085193634033e-01
1.049213036894798279e-01,-8.570061624050140381e-02
3.192047178745269775e-01,-2.994237840175628662e-01
8.805224299430847168e-01,-1.105127334594726562e-01
2.895027995109558105e-01,3.492352962493896484e-01
-3.921102285385131836e-01,-7.110912203788757324e-01
8.896037936210632324e-01,-1.228949427604675293e-01
-5.566953420639038086e-01,-7.719867825508117676e-01
3.764220178127288818e-01,1.970641911029815674e-01
2.325728684663772583e-01,-2.337607294321060181e-01
-1.425110697746276855e-01,-6.025913730263710022e-02
-4.201771020889282227e-01,-7.335903048515319824e-01
2.247913032770156860e-01,-4.559125900268554688e-01
3.174128532409667969e-01,1.315458118915557861e-01
3.287803530693054199e-01,-1.372940987348556519e-01
2.032273262739181519e-02,-3.990389779210090637e-02
-1.094357669353485107e-01,8.803293853998184204e-02
-1.863911002874374390e-01,5.697374790906906128e-02
-2.781396210193634033e-01,5.676127672195434570e-01
5.895279049873352051e-01,1.619675010442733765e-01
3.053257763385772705e-01,1.298277527093887329e-01
8.747178316116333008e-01,-1.028846651315689087e-01
-4.960031509399414062e-01,-6.399459242820739746e-01
1.898113191127777100e-01,-1.433643102645874023e-01
-3.998900949954986572e-01,-7.174283266067504883e-01
-1.366740912199020386e-01,4.305597394704818726e-02
2.287366688251495361e-01,8.775728344917297363e-01
-5.147100090980529785e-01,1.718914657831192017e-01
3.453502357006072998e-01,-1.168841961771249771e-02
2.051578015089035034e-01,9.657729268074035645e-01
-6.757532358169555664e-01,-3.034940063953399658e-01
-5.480167269706726074e-01,1.927473247051239014e-01
3.594776988029479980e-01,-3.210066854953765869e-01
5.049792528152465820e-01,2.234861701726913452e-01
1.137144118547439575e-01,8.885959386825561523e-01
8.894253969192504883e-01,-1.228781044483184814e-01
-5.863252282142639160e-01,-2.847141921520233154e-01
2.521577477455139160e-01,-4.818737879395484924e-02
4.782069921493530273e-01,-4.398134648799896240e-01
-9.642057865858078003e-02,-1.073356270790100098e-01
8.893639445304870605e-01,-1.228570938110351562e-01
5.298244953155517578e-01,-3.594802320003509521e-01
-5.299404263496398926e-01,-7.677841186523437500e-01
2.754466533660888672e-01,-5.238227844238281250e-01
-5.970645546913146973e-01,-7.676824927330017090e-01
-5.406609773635864258e-01,-7.586420178413391113e-01
-5.599231719970703125e-01,1.944622099399566650e-01
1.118477806448936462e-01,2.519032955169677734e-01
3.136911988258361816e-01,1.921615153551101685e-01
1.568257361650466919e-01,9.598250389099121094e-01
-4.006758332252502441e-01,1.230669245123863220e-01
2.016272842884063721e-01,7.935319542884826660e-01
-6.993468105792999268e-02,-8.327588438987731934e-02
8.893287777900695801e-01,-1.227403953671455383e-01
2.006391137838363647e-01,7.908939719200134277e-01
-7.695040702819824219e-01,-2.615195512771606445e-01
1.494994461536407471e-01,9.567197561264038086e-01
2.247607409954071045e-01,1.813829839229583740e-01
-5.989897251129150391e-01,-7.675229907035827637e-01
2.661513984203338623e-01,2.470869868993759155e-01
-3.505614399909973145e-02,-7.715038955211639404e-02
1.251546740531921387e-01,9.357901811599731445e-01
2.521632015705108643e-01,-1.862239390611648560e-01
-6.046463251113891602e-01,2.199269682168960571e-01
-1.438269112259149551e-02,2.920536696910858154e-01
1.729886084794998169e-01,8.091523051261901855e-01
-5.093751549720764160e-01,-7.557244300842285156e-01
2.092481553554534912e-01,4.065433740615844727e-01
1.494509726762771606e-01,9.599033743143081665e-02
-5.616273283958435059e-01,-7.689470648765563965e-01
2.246486246585845947e-01,1.798302233219146729e-01
5.549759045243263245e-02,2.098420113325119019e-01
-6.420401930809020996e-01,-6.846972107887268066e-01
-5.791918635368347168e-01,-7.710566520690917969e-01
2.681528031826019287e-02,9.662894159555435181e-02
-3.749198019504547119e-01,-4.979479312896728516e-01
-4.387625157833099365e-01,1.737494170665740967e-01
1.143071800470352173e-01,2.470531910657882690e-01
8.753637075424194336e-01,-1.316617578268051147e-01
4.190823733806610107e-01,-4.085144996643066406e-01
-6.127671599388122559e-01,-7.631822824478149414e-01
8.893648982048034668e-01,-1.227735131978988647e-01
1.553785055875778198e-01,9.594873189926147461e-01
1.496103703975677490e-01,9.568036794662475586e-01
1.977937668561935425e-01,9.727104306221008301e-01
4.158078134059906006e-01,2.669470310211181641e-01
-6.047559976577758789e-01,2.199246734380722046e-01
-5.450955629348754883e-01,-7.661108970642089844e-01
1.623093336820602417e-01,9.614275693893432617e-01
6.731424480676651001e-02,5.881140232086181641e-01
-6.024469733238220215e-01,2.184830605983734131e-01
2.471458613872528076e-01,1.661399453878402710e-01
8.895276188850402832e-01,-1.228512227535247803e-01
4.270039498805999756e-01,3.626698851585388184e-01
2.119877040386199951e-01,9.558863043785095215e-01
2.901324927806854248e-01,8.220174163579940796e-02
8.778215050697326660e-01,-1.099190860986709595e-01
2.235534489154815674e-01,8.871071785688400269e-02
5.858375430107116699e-01,2.358125448226928711e-01
2.185947597026824951e-01,-1.965755410492420197e-02
9.506472200155258179e-02,8.653390407562255859e-01
-3.915778696537017822e-01,-7.049877047538757324e-01
-2.792138159275054932e-01,5.454881191253662109e-01
2.268897145986557007e-01,9.107419252395629883e-01
5.720560550689697266e-01,1.499830633401870728e-01
-4.452370107173919678e-01,-7.616861462593078613e-01
8.364332318305969238e-01,-6.568247079849243164e-02
2.097550481557846069e-01,7.683345675468444824e-01
-2.780742943286895752e-01,5.674668550491333008e-01
2.246005684137344360e-01,1.800409257411956787e-01
2.877208292484283447e-01,1.989783942699432373e-01
2.757738530635833740e-01,-5.233908295631408691e-01
-6.097138524055480957e-01,-7.629144191741943359e-01
-4.084137976169586182e-01,-7.231249809265136719e-01
-6.048724651336669922e-01,2.201258689165115356e-01
1.850841045379638672e-01,7.641828656196594238e-01
-6.411896347999572754e-01,-6.622230410575866699e-01
-8.938434720039367676e-02,-5.095404982566833496e-01
2.339965254068374634e-01,-4.400739967823028564e-01
2.789831757545471191e-01,-1.275753974914550781e-01
4.019308835268020630e-02,4.013424515724182129e-01
1.550289988517761230e-02,2.720231413841247559e-01
-3.898231983184814453e-01,1.589838862419128418e-01
2.467392534017562866e-01,-3.486795350909233093e-02
5.782238245010375977e-01,2.335695922374725342e-01
-2.796577811241149902e-01,5.267276763916015625e-01
-1.329113543033599854e-02,1.079563498497009277e-01
3.967443108558654785e-01,4.046618044376373291e-01
3.410204946994781494e-01,-1.806697100400924683e-01
1.219025999307632446e-01,8.655133247375488281e-01
1.777779310941696167e-01,8.168247938156127930e-01
1.204497367143630981e-01,-3.659965097904205322e-02
2.245937883853912354e-01,7.364891171455383301e-01
2.846646904945373535e-01,1.783328503370285034e-01
-5.900112390518188477e-01,-7.664799690246582031e-01
5.511896014213562012e-01,-7.810248732566833496e-01
-6.437347531318664551e-01,-3.485165834426879883e-01
1.128729581832885742e-01,8.195696026086807251e-02
2.268308550119400024e-01,-2.836410999298095703e-01
3.212767839431762695e-01,-1.905396729707717896e-01
-3.538155257701873779e-01,-5.794982910156250000e-01
4.590969383716583252e-01,3.241781517863273621e-02
1.171935349702835083e-01,9.041396379470825195e-01
2.075298577547073364e-01,2.215911000967025757e-01
-6.017739772796630859e-01,-7.661291956901550293e-01
-2.779698967933654785e-01,5.672027468681335449e-01
-6.031170487403869629e-01,2.188808917999267578e-01
2.703729569911956787e-01,6.343315839767456055e-01
3.409947156906127930e-01,-2.466410957276821136e-02
8.880919814109802246e-01,-1.199821382761001587e-01
4.294888675212860107e-01,-4.197309017181396484e-01
6.067485809326171875e-01,1.715330332517623901e-01
-5.982981324195861816e-01,-7.674978375434875488e-01
1.820238530635833740e-01,9.678605794906616211e-01
2.626202404499053955e-01,-3.441385030746459961e-01
-6.053364872932434082e-01,-7.649932503700256348e-01
-9.506116509437561035e-01,-1.940519362688064575e-01
2.078880071640014648e-01,7.735882997512817383e-01
-4.168951511383056641e-01,-7.407796382904052734e-01
-2.140319496393203735e-01,2.801826298236846924e-01
8.468965888023376465e-01,-7.327866554260253906e-02
7.810651063919067383e-01,-8.990863338112831116e-03
8.841297626495361328e-01,-1.179976388812065125e-01
2.201024144887924194e-01,7.334100008010864258e-01
3.263498842716217041e-01,-1.064638942480087280e-01
-5.704904794692993164e-01,-7.716540098190307617e-01
-2.719350904226303101e-02,7.870932221412658691e-01
-2.782076001167297363e-01,5.672008395195007324e-01
2.300902754068374634e-01,8.934291601181030273e-01
3.955274522304534912e-01,-3.952528536319732666e-01
-6.057469844818115234e-01,3.253574073314666748e-01
-6.346498131752014160e-01,-7.285639643669128418e-01
-6.055547595024108887e-01,2.209918498992919922e-01
-4.286425709724426270e-01,1.340644806623458862e-01
4.292936623096466064e-01,-4.194573462009429932e-01
4.787431955337524414e-01,-4.399716258049011230e-01
1.047335267066955566e-01,1.497000008821487427e-01
3.544810712337493896e-01,-2.947399914264678955e-01
4.690900743007659912e-01,-2.536030709743499756e-01
8.275917768478393555e-01,-4.525132477283477783e-02
-3.968684971332550049e-01,8.245608210563659668e-02
-8.819938302040100098e-01,3.973271250724792480e-01
3.433011770248413086e-01,-1.438104063272476196e-01
4.125732183456420898e-01,-3.972207009792327881e-01
-9.696097671985626221e-02,-1.070687249302864075e-01
-8.708594739437103271e-02,-5.408573150634765625e-01
7.032122611999511719e-01,-1.432532817125320435e-01
3.136688768863677979e-01,1.308156400918960571e-01
3.102533817291259766e-01,1.917621195316314697e-01
5.510688424110412598e-01,-7.809329628944396973e-01
-5.594342947006225586e-01,1.972336769104003906e-01
-4.010832011699676514e-01,1.231456622481346130e-01
-4.078477919101715088e-01,-4.918983280658721924e-01
-5.431976914405822754e-01,1.836077272891998291e-01
8.893626928329467773e-01,-1.228556334972381592e-01
-7.015583515167236328e-01,6.575039029121398926e-01
3.782135844230651855e-01,-3.427284061908721924e-01
-5.070333480834960938e-01,-7.526287436485290527e-01
-6.050047278404235840e-01,2.200637012720108032e-01
2.247750014066696167e-01,1.798105239868164062e-01
5.252379924058914185e-02,4.830937832593917847e-02
1.462429165840148926e-01,-3.712655901908874512e-01
-4.931117892265319824e-01,1.629074215888977051e-01
2.048369348049163818e-01,7.813321948051452637e-01
2.111826986074447632e-01,7.182902693748474121e-01
-5.227507948875427246e-01,-7.702490687370300293e-01
4.303535819053649902e-01,-4.208943843841552734e-01
2.991770803928375244e-01,9.134531021118164062e-02
1.434984356164932251e-01,1.134399399161338806e-01
-4.009906053543090820e-01,1.232190653681755066e-01
-3.912867009639739990e-01,-6.992934346199035645e-01
4.062108099460601807e-01,-4.449867010116577148e-01
1.529864519834518433e-01,9.583409428596496582e-01
8.263210654258728027e-01,-8.942109346389770508e-02
-6.934430599212646484e-01,-3.076384067535400391e-01
1.213640719652175903e-01,9.328356385231018066e-01
7.326194643974304199e-02,4.043699428439140320e-02
2.301151007413864136e-01,8.931374549865722656e-01
5.718379616737365723e-01,2.387330830097198486e-01
5.510402917861938477e-01,-7.809090018272399902e-01
-2.771441042423248291e-01,5.425159335136413574e-01
-5.950088500976562500e-01,2.677002847194671631e-01
-2.778801321983337402e-01,5.672987103462219238e-01
-2.780460119247436523e-01,5.655582547187805176e-01
4.783540666103363037e-01,-4.398567080497741699e-01
6.794863939285278320e-01,1.750387996435165405e-01
2.585438191890716553e-01,8.382347226142883301e-02
-4.146489799022674561e-01,-7.346208095550537109e-01
-6.140967607498168945e-01,-7.626748085021972656e-01
-4.454948008060455322e-02,-5.352329015731811523e-01
1.154511719942092896e-01,7.843413352966308594e-01
8.878335356712341309e-01,-1.200478300452232361e-01
-5.993391871452331543e-01,2.184998691082000732e-01
8.836936950683593750e-01,-1.139562353491783142e-01
2.195871025323867798e-01,2.460985481739044189e-01
-5.047795549035072327e-02,3.946153819561004639e-01
-5.742895603179931641e-01,-7.709225416183471680e-01
-1.110662296414375305e-01,2.731248140335083008e-01
2.573705315589904785e-01,-1.831651479005813599e-01
-4.221953749656677246e-01,-3.909538090229034424e-01
1.883579641580581665e-01,-7.775232195854187012e-02
-4.101817607879638672e-01,-7.335024476051330566e-01
4.268131554126739502e-01,3.879303932189941406e-01
-4.984758496284484863e-01,1.661821603775024414e-01
1.154973544180393219e-02,-1.664580106735229492e-01
-3.953084051609039307e-01,-7.132318615913391113e-01
-6.053688526153564453e-01,2.201478928327560425e-01
1.494648009538650513e-01,9.567051529884338379e-01
-5.406469702720642090e-01,-7.648162245750427246e-01
-4.891602694988250732e-01,-7.357267141342163086e-01
-5.996389389038085938e-01,2.167194485664367676e-01
3.635394573211669922e-01,-3.237336575984954834e-01
1.475485116243362427e-01,2.098092436790466309e-01
-5.998180508613586426e-01,-7.649478912353515625e-01
1.984030157327651978e-01,7.586462497711181641e-01
8.623978495597839355e-01,-1.357287019491195679e-01
8.285519480705261230e-01,-1.483571976423263550e-01
2.045370340347290039e-01,9.667997360229492188e-01
1.323260217905044556e-01,9.486021474003791809e-03
2.661627344787120819e-02,3.788572549819946289e-01
-3.065876066684722900e-01,9.110868722200393677e-02
4.986837804317474365e-01,2.079634517431259155e-01
3.220216035842895508e-01,3.694135844707489014e-01
1.506855636835098267e-01,9.574614763259887695e-01
-8.837907016277313232e-02,-5.412127375602722168e-01
-2.778866589069366455e-01,5.669115185737609863e-01
-5.646342039108276367e-01,-2.370715737342834473e-01
-6.312810182571411133e-01,-7.368687987327575684e-01
-4.519947469234466553e-01,-7.028417587280273438e-01
4.749027788639068604e-01,-4.406173825263977051e-01
-5.484487414360046387e-01,1.915437132120132446e-01
2.814951241016387939e-01,-2.773298621177673340e-01
-2.800158262252807617e-01,5.268762707710266113e-01
3.529139757156372070e-01,4.395527541637420654e-01
-9.614685177803039551e-02,-1.076192408800125122e-01
2.312135845422744751e-01,-3.475591540336608887e-01
6.121093034744262695e-01,2.283252775669097900e-01
2.509546279907226562e-01,1.793765574693679810e-01
1.501267310231924057e-02,-1.811933144927024841e-02
-2.782061994075775146e-01,5.655168294906616211e-01
-9.580397605895996094e-02,-1.067799478769302368e-01
-5.593453720211982727e-02,2.980136275291442871e-01
3.382767140865325928e-01,4.758828580379486084e-01
5.083163976669311523e-01,1.623958796262741089e-01
2.873494625091552734e-01,2.287642806768417358e-01
2.249713242053985596e-01,-1.686169058084487915e-01
3.230936527252197266e-01,8.600790053606033325e-02
-4.349459707736968994e-01,-7.556217908859252930e-01
2.197929620742797852e-01,8.428758382797241211e-01
4.303106069564819336e-01,-4.209690093994140625e-01
2.153292596340179443e-01,9.486169815063476562e-01
-6.618576049804687500e-01,-2.994106411933898926e-01
8.685987591743469238e-01,-9.827574342489242554e-02
-5.419544577598571777e-01,-7.660172581672668457e-01
1.222241073846817017e-01,9.218987226486206055e-01
3.076931536197662354e-01,8.027995377779006958e-02
-3.821340799331665039e-01,-6.978909373283386230e-01
-5.058054924011230469e-01,-7.621876001358032227e-01
-5.275210738182067871e-01,1.922030150890350342e-01
3.164384067058563232e-01,1.046193242073059082e-01
8.426192402839660645e-01,-1.316108852624893188e-01
3.467147350311279297e-01,-1.657018810510635376e-02
-3.515999615192413330e-01,1.353373676538467407e-01
-5.924513339996337891e-01,2.115537077188491821e-01
8.798711895942687988e-01,-1.091894358396530151e-01
-4.813798666000366211e-01,-7.679800391197204590e-01
4.751051962375640869e-01,-4.407837986946105957e-01
4.282708466053009033e-01,-1.846055388450622559e-01
-6.275699138641357422e-01,-7.440114617347717285e-01
3.090298175811767578e-01,1.374983787536621094e-01
1.870593875646591187e-01,7.853003740310668945e-01
5.267350375652313232e-02,1.680743843317031860e-01
-2.759290933609008789e-01,4.653625786304473877e-01
-4.120910763740539551e-01,-5.907316803932189941e-01
2.723481655120849609e-01,-5.213012695312500000e-01
2.029241770505905151e-01,7.843684554100036621e-01
-5.181723237037658691e-01,-7.615849971771240234e-01
-6.045002341270446777e-01,-7.656773328781127930e-01
-5.756217837333679199e-01,-7.715617418289184570e-01
3.246755301952362061e-01,4.882185459136962891e-01
-5.891160368919372559e-01,-7.667379975318908691e-01
-8.818526268005371094e-01,3.972600698471069336e-01
3.924817740917205811e-01,-3.724810481071472168e-01
4.232170879840850830e-01,-4.108303487300872803e-01
2.456932663917541504e-01,6.825949549674987793e-01
8.117727637290954590e-01,-6.397116184234619141e-02
2.088811099529266357e-01,7.712214589118957520e-01
2.520572543144226074e-01,-4.822557047009468079e-02
-5.566757917404174805e-01,-7.705854177474975586e-01
-2.470886409282684326e-01,9.241800010204315186e-02
-2.734060287475585938e-01,5.121910572052001953e-01
-3.873001933097839355e-01,-6.986511945724487305e-01
-4.792716205120086670e-01,-7.687042951583862305e-01
-4.160609543323516846e-01,-7.375367879867553711e-01
8.882156014442443848e-01,-1.200483441352844238e-01
2.245881110429763794e-01,1.817171275615692139e-01
-6.748497486114501953e-01,-3.030690848827362061e-01
1.341459751129150391e-01,8.572764992713928223e-01
8.215872049331665039e-01,-7.639306038618087769e-02
-3.947201371192932129e-01,-7.132887840270996094e-01
-5.463323593139648438e-01,-7.704263925552368164e-01
-3.371806815266609192e-02,2.263367921113967896e-01
-7.904936671257019043e-01,2.502656877040863037e-01
-2.926580011844635010e-01,3.690412640571594238e-02
-3.553563058376312256e-01,1.386678665876388550e-01
4.371117055416107178e-01,3.238285481929779053e-01
2.894289195537567139e-01,-1.447013616561889648e-01
-4.240918755531311035e-01,1.330876797437667847e-01
7.779033482074737549e-02,1.445701569318771362e-01
-9.506005048751831055e-01,-1.940501332283020020e-01
2.002541124820709229e-01,3.189000859856605530e-02
7.421426177024841309e-01,-4.770995676517486572e-02
2.137073576450347900e-01,9.524312019348144531e-01
-6.100512146949768066e-01,-3.092938065528869629e-01
-6.198368668556213379e-01,-5.768582224845886230e-01
1.535241007804870605e-01,8.045550584793090820e-01
3.631075918674468994e-01,-1.209596917033195496e-02
-4.474247992038726807e-01,-7.600661516189575195e-01
-5.321987271308898926e-01,-7.640773653984069824e-01
-4.401085078716278076e-01,-7.151008248329162598e-01
1.494329124689102173e-01,9.565919041633605957e-01
8.831118941307067871e-01,-1.132961586117744446e-01
-1.259227991104125977e-01,-6.449536085128784180e-01
4.080837070941925049e-01,4.572819918394088745e-02
1.209933459758758545e-01,8.881482481956481934e-01
-4.557900726795196533e-01,-7.657834291458129883e-01
-2.517615556716918945e-01,-7.981520891189575195e-01
-2.800006866455078125e-01,5.268418788909912109e-01
-5.961759686470031738e-01,-7.663443684577941895e-01
-5.761067867279052734e-01,-7.715739607810974121e-01
4.153563976287841797e-01,-3.109681904315948486e-01
-8.717639744281768799e-02,-5.410056114196777344e-01
1.819638460874557495e-01,9.683235883712768555e-01
3.895994126796722412e-01,3.611701726913452148e-01
-5.522596240043640137e-01,-7.708589434623718262e-01
8.179532885551452637e-01,-7.898132503032684326e-02
-1.496539860963821411e-01,4.761458039283752441e-01
2.222370952367782593e-01,-5.962351337075233459e-02
-4.585864543914794922e-01,1.394629031419754028e-01
-3.951178789138793945e-01,-7.080585956573486328e-01
-5.192096829414367676e-01,-7.730723619461059570e-01
-2.780230343341827393e-01,5.675103068351745605e-01
-4.691537618637084961e-01,-7.619316577911376953e-01
4.605875015258789062e-01,2.695044577121734619e-01
-9.506041407585144043e-01,-1.940509974956512451e-01
2.279552519321441650e-01,7.212817668914794922e-01
2.119201868772506714e-01,-5.185693874955177307e-02
8.484434485435485840e-01,-1.325708478689193726e-01
-5.542540550231933594e-01,-7.711390852928161621e-01
-5.760617852210998535e-01,-7.691377401351928711e-01
-4.388851821422576904e-01,1.838966906070709229e-01
2.020034193992614746e-01,9.681279659271240234e-01
-6.056725978851318359e-01,-7.650299072265625000e-01
8.852899670600891113e-01,-1.158114746212959290e-01
-4.785279929637908936e-01,1.731698513031005859e-01
1.976060122251510620e-01,8.266045451164245605e-01
3.916784226894378662e-01,4.124702811241149902e-01
-5.266358256340026855e-01,1.784515678882598877e-01
5.511500239372253418e-01,-7.810497879981994629e-01
1.895101070404052734e-01,7.344616204500198364e-02
1.292504221200942993e-01,9.406747817993164062e-01
-4.874612390995025635e-01,1.596452742815017700e-01
-6.941253542900085449e-01,-3.080959916114807129e-01
2.121526598930358887e-01,7.685522437095642090e-01
1.627057343721389771e-01,-8.311169221997261047e-03
-6.048722267150878906e-01,2.199376523494720459e-01
-4.821054935455322266e-01,1.697490513324737549e-01
1.163998916745185852e-01,9.244786500930786133e-01
7.114864587783813477e-01,1.440687924623489380e-01
7.255724072456359863e-01,7.190046459436416626e-02
-6.141000986099243164e-01,-7.626798748970031738e-01
-5.467815995216369629e-01,-7.669222354888916016e-01
-5.095858573913574219e-01,-7.570208907127380371e-01
-8.641438186168670654e-02,-5.413814187049865723e-01
1.050844565033912659e-01,9.036915302276611328e-01
4.375778734683990479e-01,1.275210827589035034e-01
-6.047652959823608398e-01,2.199392765760421753e-01
8.238644599914550781e-01,-7.959942519664764404e-02
-4.662661850452423096e-01,-4.362932443618774414e-01
-4.658938348293304443e-01,1.477795541286468506e-01
-6.238922476768493652e-01,-7.506161332130432129e-01
1.915200054645538330e-01,-4.214011877775192261e-02
-4.975108206272125244e-01,-7.508056759834289551e-01
-6.346172094345092773e-01,-7.290312051773071289e-01
-3.522737622261047363e-01,-1.846735924482345581e-01
-6.942672133445739746e-01,-3.081828653812408447e-01
3.103572428226470947e-01,1.753415763378143311e-01
-3.948447108268737793e-01,-7.133645415306091309e-01
-5.495473742485046387e-01,1.930151134729385376e-01
1.183006688952445984e-01,9.008310437202453613e-01
2.753487527370452881e-01,-5.240784287452697754e-01
9.966545552015304565e-02,8.980944156646728516e-01
1.921720653772354126e-01,8.058215975761413574e-01
1.810097694396972656e-01,9.676619172096252441e-01
2.200865745544433594e-01,7.470365166664123535e-01
-5.297910571098327637e-01,-7.622179388999938965e-01
4.654345214366912842e-01,-2.576616108417510986e-01
-4.564517140388488770e-01,-7.634795308113098145e-01
1.917293518781661987e-01,-1.049963175319135189e-03
8.895960450172424316e-01,-1.229065880179405212e-01
3.780348896980285645e-01,2.253324091434478760e-01
-6.314598917961120605e-01,-7.365313172340393066e-01
8.896833062171936035e-01,-1.229307428002357483e-01
1.225824952125549316e-01,9.317984580993652344e-01
8.846660256385803223e-01,-1.173994690179824829e-01
-6.050285100936889648e-01,-7.656337022781372070e-01
-4.154901206493377686e-01,-5.197156667709350586e-01
2.193778157234191895e-01,8.221158385276794434e-01
3.526780605316162109e-01,8.982454240322113037e-02
2.128132581710815430e-01,8.388242721557617188e-01
-5.612693428993225098e-01,-7.717250585556030273e-01
1.496153175830841064e-01,9.567943811416625977e-01
-4.598883986473083496e-01,-7.665845155715942383e-01
-2.994991838932037354e-01,-1.291978061199188232e-01
1.475379019975662231e-01,8.432085514068603516e-01
2.826380729675292969e-01,-4.636643528938293457e-01
3.155484795570373535e-01,-3.524763286113739014e-01
7.442333698272705078e-01,-2.220807075500488281e-01
-5.610653162002563477e-01,-7.711283564567565918e-01
1.761296987533569336e-01,3.067861497402191162e-01
-9.426232576370239258e-01,-1.931048631668090820e-01
-4.547311961650848389e-01,-7.449526190757751465e-01
4.768062531948089600e-01,-4.392651021480560303e-01
4.702974483370780945e-02,-1.526908874511718750e-01
2.755936682224273682e-01,-5.237393379211425781e-01
2.681450247764587402e-01,6.498615145683288574e-01
-4.917021989822387695e-01,-7.512991428375244141e-01
-2.780359387397766113e-01,5.663146376609802246e-01
4.564904794096946716e-02,5.866286903619766235e-02
1.115427017211914062e-01,2.537057697772979736e-01
-1.753152757883071899e-01,4.727840125560760498e-01
5.615059137344360352e-01,-7.856587171554565430e-01
1.391548663377761841e-01,1.705761402845382690e-01
-7.015520930290222168e-01,6.574974060058593750e-01
2.177869379520416260e-01,7.521404623985290527e-01
1.572505831718444824e-01,8.161464333534240723e-01
1.520180553197860718e-01,8.684886097908020020e-01
1.959140002727508545e-01,8.269641399383544922e-01
5.511309504508972168e-01,-7.810196280479431152e-01
8.292527794837951660e-01,-4.487403854727745056e-02
2.951966822147369385e-01,1.348263770341873169e-01
8.031519055366516113e-01,-5.452901870012283325e-02
1.423082649707794189e-01,9.500574469566345215e-01
-6.056830883026123047e-01,2.204474508762359619e-01
-5.608559846878051758e-01,-7.674552798271179199e-01
-5.665828585624694824e-01,-5.844595432281494141e-01
-7.902609109878540039e-01,2.502939999103546143e-01
1.639272868633270264e-01,9.620679020881652832e-01
-5.179290771484375000e-01,1.795514672994613647e-01
-3.996351659297943115e-01,-7.202238440513610840e-01
1.999253332614898682e-01,-1.740262210369110107e-01
8.262125253677368164e-01,-7.874460518360137939e-02
2.569775879383087158e-01,-2.788536846637725830e-01
1.576178818941116333e-01,5.167846679687500000e-01
3.687545284628868103e-02,4.122458696365356445e-01
2.525176405906677246e-01,-4.854587092995643616e-02
2.614090591669082642e-02,4.522728323936462402e-01
-4.162777364253997803e-01,-6.840801239013671875e-01
-8.819232583045959473e-01,3.972935080528259277e-01
3.241792917251586914e-01,-1.114958673715591431e-01
1.031557023525238037e-01,1.253002285957336426e-01
-5.783334374427795410e-01,-7.700086832046508789e-01
9.045001864433288574e-02,8.797526955604553223e-01
-4.186975061893463135e-01,-7.131709456443786621e-01
3.122021853923797607e-01,1.888410449028015137e-01
8.831732273101806641e-01,-1.136832013726234436e-01
-5.563123822212219238e-01,-7.697362899780273438e-01
-6.417614221572875977e-01,-6.764490604400634766e-01
8.770774602890014648e-01,-1.093000918626785278e-01
2.715355455875396729e-01,6.340088248252868652e-01
4.395745992660522461e-01,3.250551521778106689e-01
-5.466968417167663574e-01,2.097033411264419556e-01
8.237786293029785156e-01,-9.222937375307083130e-02
2.979165613651275635e-01,5.858500003814697266e-01
-3.991515636444091797e-01,-5.013916492462158203e-01
-5.967524051666259766e-01,-7.671583294868469238e-01
-4.284971952438354492e-01,1.348638683557510376e-01
-6.058121323585510254e-01,2.213311642408370972e-01
1.218722835183143616e-01,8.835664391517639160e-01
-2.781766355037689209e-01,5.667567849159240723e-01
-3.978178501129150391e-01,-7.157485485076904297e-01
1.544697731733322144e-01,9.590408802032470703e-01
1.510696560144424438e-01,8.372878432273864746e-01
4.131285846233367920e-01,3.315617740154266357e-01
-5.718025565147399902e-01,-7.707530856132507324e-01
9.032987803220748901e-02,8.794242739677429199e-01
-6.305128335952758789e-01,-7.384221553802490234e-01
3.399506807327270508e-01,-5.228465888649225235e-04
2.292810231447219849e-01,7.331112623214721680e-01
5.615218281745910645e-01,-7.856692075729370117e-01
1.544121354818344116e-01,9.590427875518798828e-01
-5.992035865783691406e-01,-7.673017382621765137e-01
-3.534634113311767578e-01,-6.588814258575439453e-01
-6.043050885200500488e-01,2.195753306150436401e-01
1.041104495525360107e-01,8.939066529273986816e-01
4.651090204715728760e-01,-2.567147612571716309e-01
-4.864798486232757568e-01,-7.528913617134094238e-01
4.750057756900787354e-01,-4.410494267940521240e-01
-5.841205120086669922e-01,-7.703925371170043945e-01
8.588920235633850098e-01,-8.338905125856399536e-02
7.499541640281677246e-01,1.534339273348450661e-03
-9.506095647811889648e-01,-1.940523386001586914e-01
8.837175369262695312e-01,-1.148276999592781067e-01
-2.254001982510089874e-02,3.939175605773925781e-01
-5.598685741424560547e-01,-7.713649272918701172e-01
-2.778525352478027344e-01,5.672287344932556152e-01
3.137273788452148438e-01,1.288039535284042358e-01
4.292946457862854004e-01,1.396852433681488037e-01
-1.181806251406669617e-01,9.517276287078857422e-02
1.646504551172256470e-01,8.625203371047973633e-01
4.647665619850158691e-01,-2.577525377273559570e-01
8.893663287162780762e-01,-1.228583827614784241e-01
2.301670014858245850e-01,8.930538892745971680e-01
-7.645987719297409058e-02,8.375111222267150879e-02
4.293483197689056396e-01,-4.181385040283203125e-01
-2.796275317668914795e-01,5.364425778388977051e-01
-6.243416666984558105e-01,-7.497696280479431152e-01
8.518524169921875000e-01,-7.761213928461074829e-02
4.699081480503082275e-01,-3.071163594722747803e-01
7.317878007888793945e-01,1.079470384865999222e-02
4.661678373813629150e-01,2.688851952552795410e-01
-4.011501967906951904e-01,1.232351884245872498e-01
-3.724022805690765381e-01,1.456370204687118530e-01
3.037708103656768799e-01,-3.143799304962158203e-02
3.205828666687011719e-01,-2.555267512798309326e-01
-5.888803601264953613e-01,-7.696744799613952637e-01
1.191808357834815979e-01,9.049409031867980957e-01
5.524575114250183105e-01,2.456549257040023804e-01
1.872041821479797363e-01,9.491258859634399414e-01
-9.689718484878540039e-02,-1.077374666929244995e-01
9.745237976312637329e-02,8.520752191543579102e-01
4.145018756389617920e-01,3.460353910923004150e-01
-4.243434071540832520e-01,-7.334948182106018066e-01
-9.505277276039123535e-01,-1.940308660268783569e-01
-3.507415056228637695e-01,-3.467202186584472656e-01
3.037636280059814453e-01,1.703470647335052490e-01
2.249518930912017822e-01,1.797376871109008789e-01
6.456716060638427734e-01,8.230800181627273560e-02
-8.818725943565368652e-01,3.972688317298889160e-01
-5.358541011810302734e-01,-7.724786400794982910e-01
3.785930275917053223e-01,-3.407742083072662354e-01
-5.415500998497009277e-01,-7.731043100357055664e-01
4.058499261736869812e-02,-2.279510200023651123e-01
2.059392780065536499e-01,9.651560783386230469e-01
4.780323505401611328e-01,-4.393840432167053223e-01
5.676845312118530273e-01,2.546738684177398682e-01
-5.963745713233947754e-01,-7.670527100563049316e-01
8.889882564544677734e-01,-1.216799691319465637e-01
2.958769202232360840e-01,1.923357248306274414e-01
1.145970448851585388e-01,9.242715835571289062e-01
-5.942558050155639648e-01,-7.680698037147521973e-01
-5.937863588333129883e-01,-7.683727145195007324e-01
1.581009775400161743e-01,-1.008724123239517212e-01
2.755315899848937988e-01,-5.235526561737060547e-01
2.004919797182083130e-01,6.512681841850280762e-01
-6.755722165107727051e-01,-3.033882081508636475e-01
1.942983865737915039e-01,9.743201732635498047e-01
4.514026939868927002e-01,-4.189437329769134521e-01
-2.010299265384674072e-01,5.294038057327270508e-01
-5.796641111373901367e-01,-7.693067193031311035e-01
1.233351081609725952e-01,8.768345117568969727e-01
8.808782696723937988e-01,-1.289850473403930664e-01
1.178417578339576721e-01,9.283036589622497559e-01
-4.476706385612487793e-01,1.709081083536148071e-01
1.942945420742034912e-01,9.743069410324096680e-01
2.920844554901123047e-01,3.485823273658752441e-01
2.090426087379455566e-01,2.795056104660034180e-01
-4.011947810649871826e-01,1.230131015181541443e-01
-8.818706274032592773e-01,3.972682654857635498e-01
-3.868101835250854492e-01,-6.996176242828369141e-01
1.374491155147552490e-01,8.589286208152770996e-01
8.782838582992553711e-01,-1.069660931825637817e-01
-6.283136606216430664e-01,-7.420817017555236816e-01
8.230940103530883789e-01,-7.650501281023025513e-02
-2.517069280147552490e-01,-7.975836992263793945e-01
-6.097912788391113281e-01,-5.765584111213684082e-01
-6.417020559310913086e-01,-6.836403012275695801e-01
1.226750537753105164e-01,8.642921447753906250e-01
-5.665487647056579590e-01,-3.961922228336334229e-01
5.510671734809875488e-01,-7.809462547302246094e-01
2.245428562164306641e-01,8.665723800659179688e-01
9.915409982204437256e-02,1.846021860837936401e-01
-4.120642542839050293e-01,-7.346362471580505371e-01
-5.880487561225891113e-01,2.097281962633132935e-01
-6.942349672317504883e-01,-3.082110285758972168e-01
-2.211226224899291992e-01,5.120684504508972168e-01
-7.015284895896911621e-01,6.574729084968566895e-01
8.846669197082519531e-01,-1.148729845881462097e-01
2.716802954673767090e-01,-5.204600095748901367e-01
1.625344008207321167e-01,9.613995552062988281e-01
8.875580877065658569e-02,8.690871596336364746e-01
4.909881353378295898e-01,2.113234400749206543e-01
-6.140614151954650879e-01,-7.626717686653137207e-01
1.362671256065368652e-01,-1.190238222479820251e-01
-9.599737077951431274e-02,-1.072961911559104919e-01
-5.892459750175476074e-01,-7.695780396461486816e-01
-5.200130939483642578e-01,-7.596762776374816895e-01
-7.014970183372497559e-01,6.574429869651794434e-01
1.181265562772750854e-01,-3.665401786565780640e-02
-5.426375269889831543e-01,-7.726623415946960449e-01
3.759405314922332764e-01,3.727458044886589050e-02
1.216969639062881470e-01,8.751993179321289062e-01
3.094365298748016357e-01,8.027733862400054932e-02
8.712389469146728516e-01,-1.317554712295532227e-01
-7.016258835792541504e-01,6.575711965560913086e-01
8.836972117424011230e-01,-1.148253008723258972e-01
8.336350321769714355e-01,-4.836304485797882080e-02
2.041531801223754883e-01,9.655628800392150879e-01
4.081307351589202881e-01,4.573653265833854675e-02
7.636596560478210449e-01,4.834267869591712952e-02
5.739518404006958008e-01,1.788907647132873535e-01
2.717133164405822754e-01,-5.208799242973327637e-01
5.614667534828186035e-01,-7.855958342552185059e-01
2.301372587680816650e-01,8.930710554122924805e-01
1.037072613835334778e-01,-7.657335698604583740e-02
-2.779564857482910156e-01,5.670958757400512695e-01
-6.050292849540710449e-01,-7.656759619712829590e-01
-3.637507259845733643e-01,-6.731314063072204590e-01
3.824249804019927979e-01,3.711463510990142822e-01
8.179061412811279297e-01,-6.987648457288742065e-02
-5.953134894371032715e-01,-5.263976454734802246e-01
-6.398766040802001953e-01,-6.522458791732788086e-01
1.194681599736213684e-01,9.188399314880371094e-01
1.755592077970504761e-01,8.261079788208007812e-01
-4.330432415008544922e-01,1.377014815807342529e-01
8.166455030441284180e-01,-3.984298184514045715e-02
-2.180461138486862183e-01,1.157070100307464600e-01
-4.282428026199340820e-01,-3.338395357131958008e-01
-5.403323769569396973e-01,-7.638183832168579102e-01
-5.891591906547546387e-01,-7.692111134529113770e-01
7.295384258031845093e-02,6.212121993303298950e-02
-5.675791501998901367e-01,-7.699924707412719727e-01
-5.417540073394775391e-01,-7.685282230377197266e-01
2.048390060663223267e-01,7.793484330177307129e-01
1.961293071508407593e-01,9.735043644905090332e-01
4.077208042144775391e-01,4.546202346682548523e-02
2.212418019771575928e-01,7.238934040069580078e-01
2.088818103075027466e-01,7.729609012603759766e-01
-5.428814888000488281e-01,1.880367249250411987e-01
6.719536781311035156e-01,6.654030829668045044e-02
2.203266024589538574e-01,8.131178021430969238e-01
1.025389879941940308e-01,1.700967550277709961e-01
1.880249679088592529e-01,8.132559061050415039e-01
3.053514659404754639e-01,2.041799128055572510e-01
8.896845579147338867e-01,-1.229288950562477112e-01
5.614811182022094727e-01,-7.856156826019287109e-01
-5.001542568206787109e-01,-7.530558109283447266e-01
2.146366238594055176e-01,7.156456708908081055e-01
4.270773530006408691e-01,-3.877443075180053711e-01
2.004820294678211212e-02,2.402614802122116089e-01
2.258423119783401489e-01,3.960950970649719238e-01
2.244997024536132812e-01,-1.059588044881820679e-01
8.537005186080932617e-01,-8.090057969093322754e-02
5.414085388183593750e-01,2.224133312702178955e-01
5.511075854301452637e-01,-7.810057401657104492e-01
5.614798665046691895e-01,-7.856115102767944336e-01
1.555889993906021118e-01,9.507640600204467773e-01
4.302935302257537842e-01,-4.207575619220733643e-01
2.190812826156616211e-01,8.627476096153259277e-01
2.162598520517349243e-01,-1.148391067981719971e-01
-1.644991785287857056e-01,8.763250894844532013e-03
-5.332651734352111816e-01,-7.642877101898193359e-01
4.907607734203338623e-01,5.453746020793914795e-02
-3.728354275226593018e-01,1.122791990637779236e-01
-3.357273638248443604e-01,-5.186948776245117188e-01
-4.595709443092346191e-01,-7.661892771720886230e-01
1.568256467580795288e-01,2.259694039821624756e-01
8.861551880836486816e-01,-1.246362179517745972e-01
9.698791801929473877e-02,8.652662038803100586e-01
-3.836196362972259521e-01,-6.955494284629821777e-01
8.358145952224731445e-01,-6.138950958847999573e-02
-4.199928939342498779e-01,-7.117390036582946777e-01
-4.025118947029113770e-01,-5.036428570747375488e-01
1.990422159433364868e-01,9.719652533531188965e-01
1.126259043812751770e-01,9.199505448341369629e-01
2.022038958966732025e-02,9.234829805791378021e-03
-6.048731803894042969e-01,2.195926010608673096e-01
8.336725831031799316e-01,-6.535039842128753662e-02
4.048832133412361145e-02,2.874310314655303955e-01
9.038872271776199341e-02,8.796553015708923340e-01
-5.138337016105651855e-01,-7.541550993919372559e-01
2.361690104007720947e-01,6.998143792152404785e-01
-6.937520503997802734e-01,-3.079365789890289307e-01
2.868766486644744873e-01,-2.049719095230102539e-01
-5.947157144546508789e-01,-7.676429748535156250e-01
2.045405656099319458e-01,9.668599963188171387e-01
-5.721760988235473633e-01,-7.703974843025207520e-01
7.797744274139404297e-01,8.091085590422153473e-03
-5.927470326423645020e-01,-7.685442566871643066e-01
3.830487728118896484e-01,5.055705457925796509e-02
2.097591608762741089e-01,8.240190893411636353e-02
-4.045289456844329834e-01,-5.187957286834716797e-01
1.857594996690750122e-01,8.072865605354309082e-01
-6.141492128372192383e-01,-7.627169489860534668e-01
8.356840610504150391e-01,-5.892670527100563049e-02
2.504603266716003418e-01,6.939935684204101562e-01
8.879361152648925781e-01,-1.202561706304550171e-01
1.942870020866394043e-01,9.743059277534484863e-01
-2.097609341144561768e-01,-7.430179715156555176e-01
1.524640768766403198e-01,1.550399512052536011e-01
-5.538963079452514648e-01,-7.664813995361328125e-01
9.031519293785095215e-02,8.793815970420837402e-01
3.460967242717742920e-01,-1.226507313549518585e-02
4.715974032878875732e-01,-3.912746608257293701e-01
-5.401373505592346191e-01,-5.929247736930847168e-01
8.890379071235656738e-01,-1.214468255639076233e-01
-1.441611945629119873e-01,2.857241630554199219e-01
1.970987617969512939e-01,8.118761777877807617e-01
1.496979445219039917e-01,9.568489789962768555e-01
1.843481957912445068e-01,9.697180986404418945e-01
3.843888044357299805e-01,4.239917919039726257e-02
8.482033014297485352e-01,-1.346374303102493286e-01
-6.031547784805297852e-01,-7.661049365997314453e-01
-5.537650585174560547e-01,-7.705554366111755371e-01
-4.123404622077941895e-01,-6.665332317352294922e-01
-6.558665037155151367e-01,-3.048168718814849854e-01
1.116213500499725342e-01,2.539329826831817627e-01
1.942853033542633057e-01,9.743148088455200195e-01
2.302987426519393921e-01,8.887755274772644043e-01
-4.522419273853302002e-01,-7.632110118865966797e-01
-9.506529569625854492e-01,-1.940628141164779663e-01
1.943183392286300659e-01,9.743213653564453125e-01
8.894892334938049316e-01,-1.228971183300018311e-01
2.089855968952178955e-01,1.064326316118240356e-01
-6.767022609710693359e-01,-3.254810869693756104e-01
4.213954210281372070e-01,4.041028916835784912e-01
-2.779359221458435059e-01,5.672391057014465332e-01
6.625459790229797363e-01,7.432777434587478638e-02
3.704846799373626709e-01,3.850226700305938721e-01
-4.810430109500885010e-01,-7.435844540596008301e-01
8.787534236907958984e-01,-1.278838217258453369e-01
4.287476539611816406e-01,-4.172639846801757812e-01
2.007548660039901733e-01,7.878198027610778809e-01
-6.297075152397155762e-01,-7.401514053344726562e-01
-4.728053808212280273e-01,-7.354202866554260254e-01
8.804652690887451172e-01,-1.094929650425910950e-01
-9.558566659688949585e-02,-1.074298173189163208e-01
-6.048039793968200684e-01,-7.656719684600830078e-01
-3.329415023326873779e-01,9.908454120159149170e-02
1.915239244699478149e-01,8.022330403327941895e-01
-3.965494930744171143e-01,1.217498704791069031e-01
7.128725647926330566e-01,1.373418122529983521e-01
-2.571863532066345215e-01,1.791801601648330688e-01
4.304354786872863770e-01,-4.210658967494964600e-01
-8.730307221412658691e-02,-9.228888154029846191e-02
1.635068506002426147e-01,2.414514776319265366e-03
2.254016995429992676e-01,3.683150932192802429e-02
-6.057639122009277344e-01,2.200459986925125122e-01
8.370549082756042480e-01,-9.814844280481338501e-02
1.200361326336860657e-01,9.177388548851013184e-01
3.091811537742614746e-01,1.545718125998973846e-02
-5.542289018630981445e-01,-7.715046405792236328e-01
-4.327273666858673096e-01,-7.545292973518371582e-01
1.667723655700683594e-01,8.289589881896972656e-01
-6.030974984169006348e-01,-7.662726044654846191e-01
8.867371082305908203e-01,-1.196581646800041199e-01
-2.366219758987426758e-01,4.966651201248168945e-01
-6.346933841705322266e-01,-7.286978363990783691e-01
4.816374778747558594e-01,3.078739345073699951e-01
2.233100384473800659e-01,1.894381493330001831e-01
2.906309366226196289e-01,1.413735449314117432e-01
-6.951110064983367920e-02,-9.668150544166564941e-02
-4.238926768302917480e-01,-7.148929834365844727e-01
2.125344276428222656e-01,9.548408389091491699e-01
2.759432196617126465e-01,-5.236459970474243164e-01
1.596322804689407349e-01,8.330595493316650391e-01
1.245617568492889404e-01,2.260232903063297272e-02
-9.608601778745651245e-02,-1.073498576879501343e-01
1.243984848260879517e-01,1.458474714308977127e-02
1.239536255598068237e-01,8.761958479881286621e-01
8.289977908134460449e-01,-1.023821234703063965e-01
1.758597195148468018e-01,-1.153380274772644043e-01
3.123326301574707031e-01,-5.124932527542114258e-01
-5.384330749511718750e-01,-7.693802118301391602e-01
2.045301795005798340e-01,9.668617844581604004e-01
7.116978764533996582e-01,1.432138234376907349e-01
3.539036810398101807e-01,2.297163009643554688e-01
-6.055172681808471680e-01,2.202865779399871826e-01
-2.517176568508148193e-01,-7.980263829231262207e-01
-5.265351533889770508e-01,1.823215782642364502e-01
2.274753302335739136e-01,7.178757190704345703e-01
-6.421296596527099609e-01,-6.834218502044677734e-01
-3.932122290134429932e-01,-7.122170329093933105e-01
-2.778734266757965088e-01,5.671074390411376953e-01
1.200803667306900024e-01,9.180272817611694336e-01
3.416066467761993408e-01,3.453756570816040039e-01
8.893783092498779297e-01,-1.228174790740013123e-01
-2.469011992216110229e-01,5.519205331802368164e-01
7.888068556785583496e-01,-2.986859902739524841e-02
8.872894644737243652e-01,-1.189531832933425903e-01
4.304580986499786377e-01,-4.199322164058685303e-01
-5.115002393722534180e-01,-7.568818330764770508e-01
-4.858177304267883301e-01,-7.483171224594116211e-01
-4.549505412578582764e-01,1.377835869789123535e-01
4.697699248790740967e-01,-2.455518543720245361e-01
-6.141046881675720215e-01,-7.626861333847045898e-01
4.604771137237548828e-01,-3.855569362640380859e-01
1.834421604871749878e-01,8.196033835411071777e-01
-6.936429142951965332e-01,-3.079223334789276123e-01
1.495043784379959106e-01,9.566987752914428711e-01
-7.906116247177124023e-01,2.502449154853820801e-01
4.781154096126556396e-01,-4.397132992744445801e-01
1.875865012407302856e-01,9.715735316276550293e-01
-3.819785714149475098e-01,-7.010297179222106934e-01
-6.079155206680297852e-01,-7.645007371902465820e-01
4.783566892147064209e-01,-4.398667216300964355e-01
-5.839564800262451172e-01,-7.675339579582214355e-01
-4.224758744239807129e-01,-6.134442687034606934e-01
-6.520938873291015625e-01,-2.992675006389617920e-01
8.216572403907775879e-01,-7.782132178544998169e-02
-5.654112100601196289e-01,-7.723607420921325684e-01
-4.189598858356475830e-01,-6.264190673828125000e-01
1.963512450456619263e-01,8.042312264442443848e-01
-6.049097180366516113e-01,2.201592922210693359e-01
1.235456019639968872e-01,8.726601004600524902e-01
4.331677258014678955e-01,-4.083305895328521729e-01
-9.615595638751983643e-02,-1.074276268482208252e-01
2.755688428878784180e-01,-5.235766172409057617e-01
1.042537614703178406e-01,-2.588611096143722534e-03
-6.420069336891174316e-01,-6.847370862960815430e-01
2.014620602130889893e-01,2.236646413803100586e-01
-5.910667777061462402e-01,2.104433327913284302e-01
8.287389874458312988e-01,-5.123987048864364624e-02
1.241785734891891479e-01,9.349533319473266602e-01
5.615334510803222656e-01,-7.856869697570800781e-01
-4.900531172752380371e-01,1.703586876392364502e-01
-3.995648622512817383e-01,-7.146540880203247070e-01
1.982330679893493652e-01,9.024366140365600586e-01
-3.986079990863800049e-01,-7.166961431503295898e-01
2.885532975196838379e-01,7.996396720409393311e-02
-5.762309432029724121e-01,-7.693812847137451172e-01
-4.242004454135894775e-01,8.978445827960968018e-02
4.680975377559661865e-01,-2.573115527629852295e-01
4.216590523719787598e-01,1.620746552944183350e-01
1.230520829558372498e-01,9.270402193069458008e-01
-5.298550724983215332e-01,1.821324527263641357e-01
-6.060833930969238281e-01,-7.646738290786743164e-01
2.523061633110046387e-01,-4.829062148928642273e-02
-5.008835792541503906e-01,-7.679964900016784668e-01
-6.238870620727539062e-01,-7.506154179573059082e-01
6.060659289360046387e-01,2.305158823728561401e-01
-4.435491263866424561e-01,-7.576681375503540039e-01
8.218995332717895508e-01,-8.896507322788238525e-02
3.199432492256164551e-01,-1.133895888924598694e-01
1.267559528350830078e-01,9.370346665382385254e-01
4.247902333736419678e-01,4.162233173847198486e-01
-9.506001472473144531e-01,-1.940492242574691772e-01
-6.751888990402221680e-01,-3.032146096229553223e-01
8.251636028289794922e-01,-7.935626059770584106e-02
3.360996842384338379e-01,2.859446406364440918e-01
8.893074393272399902e-01,-1.224560663104057312e-01
-6.054939627647399902e-01,2.205988466739654541e-01
-4.475068151950836182e-01,1.407594531774520874e-01
9.128782898187637329e-02,8.809967637062072754e-01
-4.037922918796539307e-01,-4.656712412834167480e-01
-2.622174918651580811e-01,4.667546451091766357e-01
-5.539888143539428711e-01,-7.702806591987609863e-01
1.514157950878143311e-01,2.650877833366394043e-01
1.085973009467124939e-01,8.935538530349731445e-01
1.497327536344528198e-01,9.561362266540527344e-01
2.124765515327453613e-01,9.549228549003601074e-01
-9.506260752677917480e-01,-1.940575391054153442e-01
-7.749673724174499512e-01,2.460887581110000610e-01
-7.018406987190246582e-01,6.577885746955871582e-01
1.671376377344131470e-01,8.252454400062561035e-01
-4.689555168151855469e-01,1.453358232975006104e-01
-4.985633790493011475e-01,-7.637963294982910156e-01
2.335911542177200317e-01,-1.120135486125946045e-01
-4.111474156379699707e-01,-5.781720280647277832e-01
7.121391296386718750e-01,1.431199163198471069e-01
-5.427229404449462891e-01,-7.726126313209533691e-01
1.210328191518783569e-01,8.892475366592407227e-01
1.401748359203338623e-01,9.477097988128662109e-01
-3.640180230140686035e-01,-6.333451271057128906e-01
2.718207240104675293e-01,-5.209158658981323242e-01
-9.506767988204956055e-01,-1.940699517726898193e-01
1.723480224609375000e-01,9.374941140413284302e-02
-5.449827909469604492e-01,-7.718300819396972656e-01
4.143575429916381836e-01,-4.023954868316650391e-01
1.735101789236068726e-01,8.185908794403076172e-01
-4.996871352195739746e-01,-7.445698380470275879e-01
8.754678368568420410e-01,-1.303848922252655029e-01
-4.034502208232879639e-01,-7.207406163215637207e-01
2.267901599407196045e-01,1.719733625650405884e-01
4.669546782970428467e-01,-4.053864181041717529e-01
2.247992157936096191e-01,7.444598674774169922e-01
5.615251660346984863e-01,-7.856721878051757812e-01
-5.547580122947692871e-01,-7.707528471946716309e-01
-3.462654352188110352e-01,1.081031262874603271e-01
8.832414448261260986e-02,8.732068538665771484e-01
1.652054190635681152e-01,2.640222609043121338e-01
-4.609936773777008057e-01,-7.670143246650695801e-01
1.861254423856735229e-01,9.707430005073547363e-01
-5.229433774948120117e-01,2.264238148927688599e-01
4.677032828330993652e-01,-2.668010294437408447e-01
-6.270205974578857422e-02,4.866755306720733643e-01
-6.151888966560363770e-01,-5.616735219955444336e-01
-6.071180701255798340e-01,2.232622951269149780e-01
8.287831544876098633e-01,-8.109191805124282837e-02
-4.170583486557006836e-01,-5.558096170425415039e-01
-5.058229565620422363e-01,-7.657389044761657715e-01
-4.573372006416320801e-01,-7.663786411285400391e-01
8.271190524101257324e-01,-8.776775747537612915e-02
1.971877366304397583e-01,1.734476089477539062e-01
9.499124251306056976e-03,8.230646140873432159e-03
-8.818106055259704590e-01,3.972389400005340576e-01
-4.860953986644744873e-01,1.723401546478271484e-01
1.351851690560579300e-02,3.736452758312225342e-01
-5.680598616600036621e-01,-7.709023952484130859e-01
-3.677285909652709961e-01,-6.745427846908569336e-01
-5.177845358848571777e-01,1.762597560882568359e-01
-7.014945745468139648e-01,6.574396491050720215e-01
-8.818498849868774414e-01,3.972577154636383057e-01
2.402012497186660767e-01,-1.209144219756126404e-01
3.658326864242553711e-01,-3.392779529094696045e-01
-5.453350543975830078e-01,-7.692046761512756348e-01
6.916322112083435059e-01,-7.706503570079803467e-02
6.116515398025512695e-01,2.284690588712692261e-01
1.496378183364868164e-01,9.568185210227966309e-01
8.895823955535888672e-01,-1.228964403271675110e-01
4.191116313450038433e-04,6.861469149589538574e-02
-2.779115438461303711e-01,5.669425725936889648e-01
2.734653651714324951e-01,-7.609966676682233810e-03
3.164306879043579102e-01,1.057480201125144958e-01
-2.779826521873474121e-01,5.671383142471313477e-01
2.662530839443206787e-01,5.533742308616638184e-01
-4.557901918888092041e-01,-7.657814621925354004e-01
-4.350821375846862793e-01,-4.405115544795989990e-01
1.959497109055519104e-02,3.436126410961151123e-01
-5.442352294921875000e-01,-7.729197740554809570e-01
1.222052574157714844e-01,-4.899064078927040100e-02
-6.610356569290161133e-01,-2.900250554084777832e-01
3.977762162685394287e-01,1.129884365946054459e-02
2.088141441345214844e-01,7.715038657188415527e-01
3.213314414024353027e-01,9.551918506622314453e-02
4.303207993507385254e-01,-4.207524061203002930e-01
2.041467577219009399e-01,9.673046469688415527e-01
2.234297990798950195e-01,-2.228579670190811157e-01
2.245299816131591797e-01,1.801727563142776489e-01
1.244168877601623535e-01,1.577448546886444092e-01
-5.489709973335266113e-01,1.922580599784851074e-01
-4.809996187686920166e-01,1.549636870622634888e-01
1.208369433879852295e-01,8.876451253890991211e-01
1.544661372900009155e-01,9.590701460838317871e-01
1.733888089656829834e-01,9.648401737213134766e-01
1.405699253082275391e-01,1.966367959976196289e-01
8.229557275772094727e-01,-7.688376307487487793e-02
2.997907400131225586e-01,5.843340158462524414e-01
-9.476910345256328583e-03,-1.439515799283981323e-01
1.181430667638778687e-01,9.281316399574279785e-01
2.716146707534790039e-01,-5.203560590744018555e-01
4.077867269515991211e-01,4.574415832757949829e-02
2.518416941165924072e-01,-4.846814274787902832e-02
1.281805932521820068e-01,9.394734501838684082e-01
1.280863881111145020e-01,9.391100406646728516e-01
-6.155222058296203613e-01,-5.596046447753906250e-01
2.122533321380615234e-01,9.554322957992553711e-01
-2.781866192817687988e-01,5.665422677993774414e-01
3.683467209339141846e-01,4.276445209980010986e-01
-3.750190734863281250e-01,-6.879209876060485840e-01
4.776074588298797607e-01,-4.391717612743377686e-01
-7.906383872032165527e-01,2.502872645854949951e-01
-2.748803496360778809e-01,3.659515082836151123e-02
1.764061897993087769e-01,5.976840108633041382e-02
2.301128357648849487e-01,8.933843374252319336e-01
-4.906958639621734619e-01,1.722344905138015747e-01
3.151334524154663086e-01,1.910562366247177124e-01
2.740512192249298096e-01,6.179124712944030762e-01
9.030137956142425537e-02,8.793409466743469238e-01
8.474238514900207520e-01,-6.359745562076568604e-02
-2.975972890853881836e-01,-7.162065505981445312e-01
-4.583214223384857178e-01,1.399713754653930664e-01
2.658920586109161377e-01,-1.969837397336959839e-02
-5.538941025733947754e-01,-7.719042301177978516e-01
4.833752214908599854e-01,1.540206968784332275e-01
4.875161349773406982e-01,-4.115594327449798584e-01
-4.281984567642211914e-01,-7.432526350021362305e-01
-6.347216963768005371e-01,-7.285808920860290527e-01
-5.980508327484130859e-01,-7.675068974494934082e-01
2.052941024303436279e-01,7.802527546882629395e-01
-7.146969437599182129e-02,2.814457416534423828e-01
2.111071050167083740e-01,8.566626906394958496e-01
2.763521075248718262e-01,-5.221071243286132812e-01
3.004095256328582764e-01,1.578462868928909302e-01
3.071445524692535400e-01,1.885187625885009766e-01
-7.014086842536926270e-01,6.573536992073059082e-01
-6.051227450370788574e-01,2.200433164834976196e-01
9.811862558126449585e-02,1.852042675018310547e-01
4.004398360848426819e-02,4.126155376434326172e-01
4.357673823833465576e-01,-4.218659698963165283e-01
-9.727125614881515503e-02,-1.082479879260063171e-01
3.460522294044494629e-01,-1.299341395497322083e-02
2.045082002878189087e-01,9.669186472892761230e-01
-6.037568449974060059e-01,-7.661319971084594727e-01
-5.051507949829101562e-01,1.740454286336898804e-01
2.140564024448394775e-01,-3.951669335365295410e-01
2.041998803615570068e-01,7.852694988250732422e-01
-5.218229293823242188e-01,-7.604302763938903809e-01
3.934722840785980225e-01,4.499265849590301514e-01
4.722213149070739746e-01,-2.321436107158660889e-01
-6.778472661972045898e-02,-5.894536972045898438e-01
4.781697392463684082e-01,-4.394112825393676758e-01
-8.680573105812072754e-02,-5.408173799514770508e-01
2.247880548238754272e-01,1.801900714635848999e-01
-6.053941249847412109e-01,2.202097326517105103e-01
-5.366916060447692871e-01,-7.677870392799377441e-01
2.543256878852844238e-01,1.869915574789047241e-01
8.874398469924926758e-01,-1.200856119394302368e-01
4.051904976367950439e-01,-2.673869729042053223e-01
2.301260232925415039e-01,8.931699395179748535e-01
-4.717392623424530029e-01,-7.455753684043884277e-01
3.243928253650665283e-01,-4.811285063624382019e-02
1.515697389841079712e-01,9.573861956596374512e-01
-2.543941438198089600e-01,5.527427792549133301e-01
-4.405211210250854492e-01,1.158245652914047241e-01
6.119344234466552734e-01,2.282814681529998779e-01
-5.488266944885253906e-01,-7.694092392921447754e-01
5.304278135299682617e-01,2.305960096418857574e-02
9.036177396774291992e-02,8.794912695884704590e-01
-4.700124859809875488e-01,-7.644116878509521484e-01
4.211425781250000000e-02,3.883383870124816895e-01
4.080606400966644287e-01,4.536492004990577698e-02
1.029066890478134155e-01,-1.883897930383682251e-02
3.214493095874786377e-01,5.237455964088439941e-01
1.112165004014968872e-01,2.538647353649139404e-01
-6.291339993476867676e-01,-7.410002946853637695e-01
-5.059701800346374512e-01,1.714402437210083008e-01
1.896251589059829712e-01,9.724399447441101074e-01
-5.376978516578674316e-01,-7.686839103698730469e-01
3.276873230934143066e-01,5.025143027305603027e-01
-4.728206992149353027e-01,1.507591754198074341e-01
-5.571056604385375977e-01,-7.660588622093200684e-01
2.021052688360214233e-01,9.691963791847229004e-01
3.036529421806335449e-01,1.595637500286102295e-01
-6.934921145439147949e-01,-3.079346716403961182e-01
-4.068889617919921875e-01,-5.373830199241638184e-01
-5.121476650238037109e-01,-7.607117295265197754e-01
3.393139541149139404e-01,-2.373213618993759155e-01
3.625114858150482178e-01,4.481671750545501709e-01
1.690520495176315308e-01,-1.176765486598014832e-01
-5.016216039657592773e-01,-7.574130892753601074e-01
8.803469538688659668e-01,-1.094674244523048401e-01
5.615453720092773438e-01,-7.857069373130798340e-01
-5.155919790267944336e-01,-7.608525753021240234e-01
1.495149284601211548e-01,9.567258358001708984e-01
-2.780108451843261719e-01,5.671049952507019043e-01
3.137854039669036865e-01,4.021238386631011963e-01
4.081821143627166748e-01,4.543890058994293213e-02
4.120446741580963135e-01,-3.933585286140441895e-01
2.216775566339492798e-01,5.031976699829101562e-01
1.960515081882476807e-01,8.186891078948974609e-01
2.757993340492248535e-01,-5.239320397377014160e-01
-7.015819549560546875e-01,6.575274467468261719e-01
-6.350510716438293457e-01,-7.275918126106262207e-01
-2.930108904838562012e-01,1.010119989514350891e-01
-1.691993772983551025e-01,-4.567891061305999756e-01
1.691857725381851196e-01,1.698899567127227783e-01
1.299853175878524780e-01,9.384531378746032715e-01
-5.753828883171081543e-01,2.017006576061248779e-01
3.065708577632904053e-01,5.500955581665039062e-01
3.001860082149505615e-01,-2.390722334384918213e-01
-9.550172090530395508e-02,-1.073355823755264282e-01
-4.225454628467559814e-01,-7.460461258888244629e-01
-6.077858805656433105e-01,-7.644774913787841797e-01
2.088493108749389648e-01,9.611378312110900879e-01
-4.579899609088897705e-01,1.428066045045852661e-01
2.039032280445098877e-01,6.790900975465774536e-02
-6.067950725555419922e-01,3.349929153919219971e-01
-6.229837536811828613e-01,-7.518388032913208008e-01
-6.420299410820007324e-01,-6.879339814186096191e-01
1.059384271502494812e-01,9.108351469039916992e-01
8.805724382400512695e-01,-1.102981492877006531e-01
-5.210240483283996582e-01,-7.567359805107116699e-01
4.788681864738464355e-01,-4.392385482788085938e-01
2.041522264480590820e-01,7.857410311698913574e-01
8.604702353477478027e-01,-8.513646572828292847e-02
-6.045179367065429688e-01,-7.658234238624572754e-01
4.780309498310089111e-01,-4.395220279693603516e-01
2.033990323543548584e-01,7.893306016921997070e-01
1.226544976234436035e-01,1.197905689477920532e-01
-2.779381275177001953e-01,5.658009648323059082e-01
-4.070310294628143311e-01,-5.428262948989868164e-01
9.043174982070922852e-02,8.798832893371582031e-01
1.511680334806442261e-01,9.576092362403869629e-01
-6.421007513999938965e-01,-6.862872242927551270e-01
6.941310763359069824e-01,1.568285375833511353e-01
3.677084445953369141e-01,3.071628212928771973e-01
3.172955513000488281e-01,1.035222411155700684e-01
-4.444252848625183105e-01,-7.610711455345153809e-01
-5.427542328834533691e-01,-7.646377682685852051e-01
-4.282247126102447510e-01,-6.697725653648376465e-01
4.141413271427154541e-01,-3.975973725318908691e-01
6.787847280502319336e-01,1.749944686889648438e-01
1.786106377840042114e-01,1.262339055538177490e-01
8.891800045967102051e-01,-1.224428713321685791e-01
-4.171056449413299561e-01,-3.551485240459442139e-01
1.220566183328628540e-01,9.230931401252746582e-01
1.340968012809753418e-01,8.577396273612976074e-01
9.464216232299804688e-02,8.790120482444763184e-01
-5.081530213356018066e-01,-7.573910951614379883e-01
8.863816857337951660e-01,-1.171591505408287048e-01
8.148848414421081543e-01,-7.168313115835189819e-02
4.221897423267364502e-01,3.272410333156585693e-01
-5.071522593498229980e-01,-7.546532750129699707e-01
2.240019291639328003e-01,-2.063609212636947632e-01
-4.502007365226745605e-01,-5.915037989616394043e-01
1.115465387701988220e-01,2.537083923816680908e-01
-4.572986364364624023e-01,-7.663343548774719238e-01
4.690614044666290283e-01,-2.542108297348022461e-01
2.497296631336212158e-01,-1.525227725505828857e-01
4.080766141414642334e-01,4.536335915327072144e-02
9.039209038019180298e-02,8.793448805809020996e-01
-1.759584806859493256e-02,2.108135670423507690e-01
3.834671974182128906e-01,-4.212043881416320801e-01
3.359762728214263916e-01,4.991489052772521973e-01
6.221077442169189453e-01,2.152641266584396362e-01
4.505819380283355713e-01,-2.542883455753326416e-01
1.224844679236412048e-01,8.829921483993530273e-01
-2.700951695442199707e-01,-4.359550774097442627e-03
-4.175514280796051025e-01,-7.334237694740295410e-01
1.246357262134552002e-01,8.870155811309814453e-01
1.547002196311950684e-01,9.589657187461853027e-01
8.687807917594909668e-01,-9.678594022989273071e-02
1.475738883018493652e-01,9.551202654838562012e-01
3.075723946094512939e-01,1.949699074029922485e-01
-3.990934193134307861e-01,-7.148305177688598633e-01
-1.228239312767982483e-01,3.876034617424011230e-01
3.697697520256042480e-01,4.378648102283477783e-01
1.820078492164611816e-02,3.673857450485229492e-01
-6.060173511505126953e-01,2.213651239871978760e-01
-6.240801811218261719e-01,-7.502391934394836426e-01
8.894981741905212402e-01,-1.228960901498794556e-01
-2.803898751735687256e-01,5.271283388137817383e-01
-4.694273769855499268e-01,1.632373929023742676e-01
4.293039441108703613e-01,-4.196318089962005615e-01
-6.005034446716308594e-01,-7.656263113021850586e-01
1.197319328784942627e-01,8.930516242980957031e-01
-2.517308890819549561e-01,-7.980920076370239258e-01
-5.560128092765808105e-01,-7.704814076423645020e-01
3.161452338099479675e-02,-4.790990352630615234e-01
1.961286664009094238e-01,-6.715781241655349731e-02
1.618501171469688416e-02,8.915903419256210327e-02
1.931654959917068481e-01,2.214928418397903442e-01
1.178448349237442017e-01,9.053494334220886230e-01
-7.016017436981201172e-01,6.575484871864318848e-01
2.725263833999633789e-01,-5.216464996337890625e-01
8.766756653785705566e-01,-1.148513630032539368e-01
9.052373468875885010e-02,8.798944354057312012e-01
-7.925296574831008911e-02,2.903416007757186890e-02
2.247277647256851196e-01,1.802068799734115601e-01
3.748424947261810303e-01,-1.009075865149497986e-01
-2.517976760864257812e-01,-7.977935671806335449e-01
-6.066952347755432129e-01,3.347100019454956055e-01
1.495046764612197876e-01,9.567045569419860840e-01
1.867936402559280396e-01,3.477804660797119141e-01
1.483089625835418701e-01,9.557585716247558594e-01
1.978680044412612915e-01,3.580711483955383301e-01
-5.179293155670166016e-01,1.795546561479568481e-01
1.117455288767814636e-01,2.179270088672637939e-01
2.244920730590820312e-01,1.802219152450561523e-01
1.187476888298988342e-01,9.077713489532470703e-01
-4.524116814136505127e-01,-7.626549601554870605e-01
-3.943243920803070068e-01,-6.998713612556457520e-01
-1.329474896192550659e-01,-1.821732968091964722e-01
-6.057978272438049316e-01,2.211523801088333130e-01
4.650956988334655762e-01,2.850551605224609375e-01
1.313807368278503418e-01,9.418453574180603027e-01
4.711294546723365784e-02,3.693988919258117676e-01
1.542290598154067993e-01,9.588793516159057617e-01
3.886129260063171387e-01,-3.788236379623413086e-01
-6.053652763366699219e-01,2.201750725507736206e-01
-2.779234051704406738e-01,5.673646926879882812e-01
1.582689881324768066e-01,9.603148102760314941e-01
3.867073357105255127e-01,4.031703472137451172e-01
-5.925301909446716309e-01,-7.685852050781250000e-01
-5.667641162872314453e-01,-7.718744277954101562e-01
-2.679126262664794922e-01,4.678588211536407471e-01
-5.909861326217651367e-01,2.146911770105361938e-01
4.785309731960296631e-01,-4.399624466896057129e-01
-5.348881483078002930e-01,-7.655335068702697754e-01
-4.018803834915161133e-01,-7.206874489784240723e-01
1.378301084041595459e-01,8.556022644042968750e-01
-6.271373033523559570e-01,-6.048964858055114746e-01
4.076426029205322266e-01,4.485617950558662415e-02
6.018690466880798340e-01,2.258666902780532837e-01
-5.757319927215576172e-01,-7.716076374053955078e-01
1.257190108299255371e-01,9.272680878639221191e-01
2.808981835842132568e-01,4.311651363968849182e-02
-4.698212146759033203e-01,-7.620012164115905762e-01
2.304110378026962280e-01,-1.074397191405296326e-01
-5.258483886718750000e-01,1.810229867696762085e-01
-5.733404755592346191e-01,-7.702882289886474609e-01
8.851722478866577148e-01,-1.161235943436622620e-01
2.624780237674713135e-01,-1.804063767194747925e-01
-1.814806610345840454e-01,-1.665455251932144165e-01
3.056784570217132568e-01,1.541638374328613281e-01
1.943094134330749512e-01,9.743258953094482422e-01
1.950952857732772827e-01,9.739977717399597168e-01
3.532098531723022461e-01,1.538335233926773071e-01
-6.052160859107971191e-01,2.200677692890167236e-01
-3.598397970199584961e-02,-6.573806982487440109e-03
4.271610379219055176e-01,4.074461460113525391e-01
-5.593582987785339355e-01,-7.712698578834533691e-01
8.724467158317565918e-01,-1.329475492238998413e-01
8.272901922464370728e-02,-5.488573759794235229e-02
2.382176369428634644e-01,3.070198595523834229e-01
4.775472283363342285e-01,-4.375072717666625977e-01
-3.101928532123565674e-01,7.464377582073211670e-02
2.027213126420974731e-01,1.676501184701919556e-01
8.894872665405273438e-01,-1.227506175637245178e-01
9.036295861005783081e-02,8.794859647750854492e-01
-4.532240033149719238e-01,1.373245865106582642e-01
1.594890058040618896e-01,6.351817846298217773e-01
-1.506754904985427856e-01,8.774162083864212036e-02
2.376300394535064697e-01,7.118675112724304199e-01
-5.325618386268615723e-01,-3.719483315944671631e-01
-6.030707359313964844e-01,-7.630980610847473145e-01
-6.069840192794799805e-01,-2.823214530944824219e-01
7.981251478195190430e-01,-4.350117221474647522e-02
4.176884293556213379e-01,-4.028162062168121338e-01
5.614947080612182617e-01,-7.856324911117553711e-01
-6.002109050750732422e-01,-7.663853168487548828e-01
-4.003390371799468994e-01,1.229680180549621582e-01
2.810094058513641357e-01,5.281121134757995605e-01
-4.573562443256378174e-01,-7.663972973823547363e-01
1.876778453588485718e-01,8.132030963897705078e-01
-2.814026176929473877e-01,-2.852131128311157227e-01
4.680548310279846191e-01,-2.562685310840606689e-01
4.691936373710632324e-01,-1.941207349300384521e-01
-8.819196224212646484e-01,3.972919583320617676e-01
-6.937496066093444824e-01,-3.079422712326049805e-01
-4.427848160266876221e-01,-7.596724629402160645e-01
-4.409029483795166016e-01,-7.225218415260314941e-01
8.896632194519042969e-01,-1.229157820343971252e-01
3.176157772541046143e-01,1.103336885571479797e-01
7.120651006698608398e-01,1.433625072240829468e-01
8.413959145545959473e-01,-7.433936744928359985e-02
1.494552046060562134e-01,9.566854238510131836e-01
2.754921615123748779e-01,-5.236144661903381348e-01
7.397121936082839966e-02,-4.691434279084205627e-02
1.683935672044754028e-01,6.744187325239181519e-02
-8.817925453186035156e-01,3.972316682338714600e-01
4.959810376167297363e-01,2.276817411184310913e-01
-2.517082095146179199e-01,-7.975789904594421387e-01
9.044986218214035034e-02,8.798512816429138184e-01
1.952868103981018066e-01,9.739044904708862305e-01
1.956482529640197754e-01,2.536103129386901855e-02
-1.082234159111976624e-01,3.848691657185554504e-02
-6.293783783912658691e-01,-7.370473146438598633e-01
-4.954394698143005371e-01,-7.621560096740722656e-01
1.377495974302291870e-01,4.456377625465393066e-01
2.251504808664321899e-01,1.802199929952621460e-01
-5.975251197814941406e-01,2.392562478780746460e-01
2.066215574741363525e-01,8.026679158210754395e-01
2.756430804729461670e-01,-5.237909555435180664e-01
4.425656795501708984e-01,-4.145171940326690674e-01
1.908013820648193359e-01,9.728866815567016602e-01
-4.775691330432891846e-01,1.538807302713394165e-01
3.529298678040504456e-02,4.055571556091308594e-01
-4.504624307155609131e-01,1.394612342119216919e-01
2.263200432062149048e-01,1.801030039787292480e-01
8.883147835731506348e-01,-1.202933043241500854e-01
2.948749959468841553e-01,-1.889959126710891724e-01
4.291518926620483398e-01,-4.194761216640472412e-01
-2.800213396549224854e-01,5.267889499664306641e-01
-2.785406112670898438e-01,5.667879581451416016e-01
4.179270565509796143e-01,4.238572418689727783e-01
8.310842514038085938e-02,8.484452962875366211e-01
5.212849974632263184e-01,2.206821590662002563e-01
2.393895387649536133e-01,1.570691727101802826e-02
-4.057452976703643799e-01,-5.228143334388732910e-01
8.288177847862243652e-01,-8.699132502079010010e-02
1.942941993474960327e-01,9.743257164955139160e-01
8.489223718643188477e-01,-1.326486617326736450e-01
-6.345859766006469727e-01,-7.291389107704162598e-01
3.903157711029052734e-01,3.401067480444908142e-02
8.224326372146606445e-01,-7.724983245134353638e-02
4.146564900875091553e-01,-4.092879295349121094e-01
2.245118468999862671e-01,1.804276108741760254e-01
-2.784140408039093018e-01,-7.811309695243835449e-01
-4.897976815700531006e-01,-7.644377946853637695e-01
4.311381489969789982e-04,1.356477886438369751e-01
6.090535596013069153e-02,8.060792088508605957e-02
1.800877600908279419e-01,8.220605254173278809e-01
2.986448705196380615e-01,1.194366216659545898e-01
-2.517454922199249268e-01,-7.979376316070556641e-01
4.552863538265228271e-01,3.660461604595184326e-01
3.665008544921875000e-01,4.326210618019104004e-01
-4.257466197013854980e-01,1.784279197454452515e-01
1.526039540767669678e-01,9.582084417343139648e-01
1.620564758777618408e-01,8.233248591423034668e-01
2.109496444463729858e-01,2.086086273193359375e-01
2.294995784759521484e-01,8.792190551757812500e-01
4.301861524581909180e-01,-4.206427335739135742e-01
9.091817587614059448e-02,8.807125687599182129e-01
3.211541175842285156e-01,-1.047768369317054749e-01
8.716788142919540405e-02,1.815761029720306396e-01
2.153107821941375732e-01,9.483851194381713867e-01
1.193195488303899765e-02,8.717643469572067261e-02
4.051040709018707275e-01,4.446042329072952271e-02
2.059241533279418945e-01,9.651899337768554688e-01
1.496567875146865845e-01,9.567964076995849609e-01
2.034639716148376465e-01,9.680117964744567871e-01
3.083627223968505859e-01,-1.150491461157798767e-01
4.385184943675994873e-01,6.418970972299575806e-02
2.719004154205322266e-01,-5.208978652954101562e-01
-6.420141458511352539e-01,-6.864603757858276367e-01
-1.745090484619140625e-01,-2.478836029767990112e-01
1.610517203807830811e-01,8.376449942588806152e-01
-6.942533254623413086e-01,-3.080607652664184570e-01
3.446546494960784912e-01,-1.634984090924263000e-02
4.169068634510040283e-01,3.701698780059814453e-01
-5.904099941253662109e-01,-7.667047977447509766e-01
3.173858672380447388e-02,4.023430943489074707e-01
-2.600878477096557617e-01,5.575509071350097656e-01
4.264497756958007812e-01,-4.167172610759735107e-01
-4.560574889183044434e-01,-7.657305598258972168e-01
-6.028091907501220703e-01,-7.663183808326721191e-01
-7.014243006706237793e-01,6.573689579963684082e-01
4.081812500953674316e-01,4.539348930120468140e-02
3.189615905284881592e-01,-2.349165976047515869e-01
1.174730211496353149e-01,8.742916584014892578e-01
1.840383708477020264e-01,9.695377945899963379e-01
1.457935422658920288e-01,9.523688554763793945e-01
9.045077860355377197e-02,8.799198269844055176e-01
2.961140573024749756e-01,5.467085838317871094e-01
-3.940514028072357178e-01,-7.021896243095397949e-01
-4.096447490155696869e-03,1.009593307971954346e-01
7.551044225692749023e-01,-3.389440476894378662e-03
5.311321616172790527e-01,2.635905444622039795e-01
2.333291918039321899e-01,-2.597609460353851318e-01
1.329381465911865234e-01,-1.138093993067741394e-01
4.618465602397918701e-01,6.325803697109222412e-02
-3.999416232109069824e-01,-7.179130911827087402e-01
1.114178746938705444e-01,2.538363039493560791e-01
-8.818066120147705078e-01,3.972371816635131836e-01
-2.771981656551361084e-01,5.666022300720214844e-01
2.159671932458877563e-01,-3.547538816928863525e-02
-3.702520430088043213e-01,-6.695499420166015625e-01
3.104013800621032715e-01,1.913579404354095459e-01
-3.864093422889709473e-01,-6.947647929191589355e-01
-4.140211641788482666e-01,-5.080614686012268066e-01
-6.055739521980285645e-01,3.354913890361785889e-01
-6.048830151557922363e-01,2.199878692626953125e-01
-2.808450460433959961e-01,4.486242234706878662e-01
1.502502243965864182e-02,4.590346291661262512e-02
2.069950997829437256e-01,9.637501239776611328e-01
1.635977923870086670e-01,8.221638798713684082e-01
-4.112736582756042480e-01,-6.288359761238098145e-01
-1.912959516048431396e-01,-7.053132057189941406e-01
-4.167587757110595703e-01,-7.410812973976135254e-01
-5.389119386672973633e-01,-7.690680027008056641e-01
2.622737288475036621e-01,6.759887933731079102e-01
5.615698099136352539e-01,-7.857339382171630859e-01
-4.207697808742523193e-01,-7.123167514801025391e-01
-5.762922167778015137e-01,-7.702103853225708008e-01
3.107354640960693359e-01,5.367077589035034180e-01
-4.004320204257965088e-01,1.230296045541763306e-01
1.495930105447769165e-01,9.568024873733520508e-01
-5.390154123306274414e-01,-7.729467153549194336e-01
8.886998891830444336e-01,-1.225287094712257385e-01
3.843311369419097900e-01,3.678447604179382324e-01
-6.141069531440734863e-01,-7.626751661300659180e-01
8.796553015708923340e-01,-1.170112192630767822e-01
9.134427458047866821e-02,8.818507790565490723e-01
2.157474458217620850e-01,7.571946978569030762e-01
2.047753483057022095e-01,3.468706309795379639e-01
-4.418593645095825195e-01,1.305073350667953491e-01
2.659021615982055664e-01,2.050883024930953979e-01
9.593477845191955566e-02,1.698834747076034546e-01
-9.597167372703552246e-02,-1.073843166232109070e-01
-5.093883275985717773e-01,1.701062768697738647e-01
-4.804195761680603027e-01,-7.345548868179321289e-01
4.412826001644134521e-01,-4.218364953994750977e-01
2.239378690719604492e-01,7.255706787109375000e-01
3.318181335926055908e-01,-1.361535638570785522e-01
-6.068668365478515625e-01,-7.643779516220092773e-01
1.231859028339385986e-01,8.612442016601562500e-01
1.878139525651931763e-01,9.717097282409667969e-01
-5.474040508270263672e-01,-4.530052244663238525e-01
9.697787463665008545e-02,8.917787671089172363e-01
5.615173578262329102e-01,-7.856655716896057129e-01
1.518359780311584473e-01,9.579649567604064941e-01
-4.864150285720825195e-01,1.572299450635910034e-01
-8.461931347846984863e-02,-5.425711870193481445e-01
-5.674200654029846191e-01,-7.643163800239562988e-01
3.365056216716766357e-01,-2.013777047395706177e-01
-6.753254532814025879e-01,-3.032818138599395752e-01
-5.959839224815368652e-01,-7.680376768112182617e-01
-5.049681663513183594e-01,-7.576892375946044922e-01
-5.437254309654235840e-01,-7.663238048553466797e-01
1.495051234960556030e-01,9.566989541053771973e-01
4.084666371345520020e-01,4.520697891712188721e-02
4.302992820739746094e-01,-4.207580685615539551e-01
4.929214119911193848e-01,2.134803086519241333e-01
1.563527137041091919e-01,9.598947167396545410e-01
-5.475840568542480469e-01,-7.642420530319213867e-01
-6.236661672592163086e-01,-5.989691615104675293e-01
-6.928554773330688477e-01,-3.074026107788085938e-01
-4.930520653724670410e-01,-7.601045966148376465e-01
3.766103982925415039e-01,-1.830996721982955933e-01
-4.648334980010986328e-01,-7.642137408256530762e-01
1.489875167608261108e-01,8.226598501205444336e-01
2.126396149396896362e-01,9.537798762321472168e-01
-6.042832732200622559e-01,2.195521444082260132e-01
3.862806260585784912e-01,3.828547000885009766e-01
2.145767807960510254e-01,7.617136240005493164e-01
-4.065289497375488281e-01,-5.261166095733642578e-01
1.525410264730453491e-01,9.581832885742187500e-01
8.889367580413818359e-01,-1.233018636703491211e-01
5.555573105812072754e-01,2.516773045063018799e-01
1.525855213403701782e-01,9.582945108413696289e-01
2.717818319797515869e-01,-5.206652283668518066e-01
-5.911332368850708008e-01,-7.659519314765930176e-01
4.782053530216217041e-01,-4.396409392356872559e-01
-5.450839996337890625e-01,-7.729399800300598145e-01
-2.903382182121276855e-01,-5.229305028915405273e-01
-6.939369440078735352e-01,-3.077899515628814697e-01
4.754241704940795898e-01,-4.409377574920654297e-01
2.046451717615127563e-02,4.334588348865509033e-01
-6.934752464294433594e-01,-3.077526390552520752e-01
-4.997813403606414795e-01,-7.689390778541564941e-01
1.430944800376892090e-01,9.510556459426879883e-01
1.943109035491943359e-01,9.743157625198364258e-01
2.709787189960479736e-01,-1.382001191377639771e-01
1.990805715322494507e-01,9.719283580780029297e-01
3.635022044181823730e-01,-2.749393880367279053e-01
8.156864643096923828e-01,-9.623721987009048462e-02
-5.722036585211753845e-02,-5.820791721343994141e-01
-6.914158463478088379e-01,-3.064982891082763672e-01
2.082621753215789795e-01,9.608188867568969727e-01
-5.805991888046264648e-01,-7.705960869789123535e-01
-2.797727584838867188e-01,5.270974636077880859e-01
-9.628988057374954224e-02,-1.075656786561012268e-01
3.089852929115295410e-01,2.036054432392120361e-01
-5.871792435646057129e-01,-7.656174898147583008e-01
-4.005599915981292725e-01,1.228238344192504883e-01
-3.832988440990447998e-01,-4.194243550300598145e-01
-2.792642712593078613e-01,5.656676292419433594e-01
-6.050630807876586914e-01,2.202623039484024048e-01
7.939920425415039062e-01,-4.089933633804321289e-02
-4.388446509838104248e-01,1.619821786880493164e-01
-4.686893224716186523e-01,1.477395594120025635e-01
4.282805621623992920e-01,3.884235024452209473e-01
-5.839723944664001465e-01,-4.989514350891113281e-01
-5.829095244407653809e-01,-7.684625983238220215e-01
-4.138407111167907715e-01,-7.330689430236816406e-01
-4.234524667263031006e-01,-7.452835440635681152e-01
8.135458827018737793e-01,-6.623585522174835205e-02
-6.282715797424316406e-01,-7.422423362731933594e-01
-6.037764549255371094e-01,-5.443783998489379883e-01
-5.879875421524047852e-01,2.113965749740600586e-01
2.139247804880142212e-01,7.428919672966003418e-01
4.184716939926147461e-01,-4.115087091922760010e-01
-6.021748185157775879e-01,-7.663951516151428223e-01
3.702744096517562866e-02,4.173445105552673340e-01
-3.751735091209411621e-01,-6.712866425514221191e-01
4.830436110496520996e-01,1.831081807613372803e-01
2.774609327316284180e-01,9.123218059539794922e-02
-6.038437485694885254e-01,-7.660406827926635742e-01
-6.413593888282775879e-01,-6.934772729873657227e-01
-2.243282347917556763e-01,-1.889139264822006226e-01
2.076756954193115234e-01,-6.456702202558517456e-02
1.491243392229080200e-01,8.426005840301513672e-01
3.641217947006225586e-01,-3.560956716537475586e-01
-6.936240792274475098e-01,-3.082037866115570068e-01
2.571917697787284851e-02,-6.175081431865692139e-02
1.999879926443099976e-01,8.100563883781433105e-01
-5.799750089645385742e-01,-7.669526934623718262e-01
4.687960743904113770e-01,-2.536008358001708984e-01
-4.593129754066467285e-01,1.399419009685516357e-01
1.826964914798736572e-01,8.109578490257263184e-01
-6.266968250274658203e-01,-2.940149605274200439e-01
8.353544473648071289e-01,-9.139371663331985474e-02
-5.488632917404174805e-01,-7.654970288276672363e-01
8.754792064428329468e-02,8.613129854202270508e-01
-4.287745654582977295e-01,-7.508414983749389648e-01
-3.917349576950073242e-01,-7.027415037155151367e-01
-2.368867099285125732e-01,-3.340492248535156250e-01
2.340693920850753784e-01,-1.118755042552947998e-01
1.757325977087020874e-01,2.429882586002349854e-01
-4.960681498050689697e-01,-7.536638975143432617e-01
4.498389959335327148e-01,-4.246710836887359619e-01
3.836058080196380615e-01,4.095336794853210449e-01
8.895410299301147461e-01,-1.228732243180274963e-01
4.780341386795043945e-01,-4.393703341484069824e-01
-5.461817979812622070e-01,-7.654467821121215820e-01
-6.346772313117980957e-01,-7.288537621498107910e-01
1.983646452426910400e-01,9.723886847496032715e-01
-4.786303639411926270e-01,1.544657200574874878e-01
-5.427125096321105957e-01,1.880330294370651245e-01
-9.638015925884246826e-02,-1.075276210904121399e-01
4.117594361305236816e-01,3.225947022438049316e-01
1.534803807735443115e-01,2.091771364212036133e-01
2.069570422172546387e-01,9.636821150779724121e-01
1.276591420173645020e-01,4.005305469036102295e-02
8.752809166908264160e-01,-1.039069369435310364e-01
4.301934838294982910e-01,-4.207279682159423828e-01
1.071093231439590454e-01,8.758533596992492676e-01
1.865385174751281738e-01,2.389066666364669800e-02
-3.223433494567871094e-01,-2.843649089336395264e-01
3.169763088226318359e-01,1.066687107086181641e-01
-3.960147500038146973e-01,-6.829178333282470703e-01
8.864698410034179688e-01,-1.171569004654884338e-01
1.383133828639984131e-01,8.489728569984436035e-01
1.522449553012847900e-01,9.581230282783508301e-01
-5.973741412162780762e-01,-7.676886916160583496e-01
-6.323474645614624023e-01,-7.345299720764160156e-01
-3.628640174865722656e-01,-7.474698424339294434e-01
2.805007696151733398e-01,9.313461929559707642e-02
4.079406261444091797e-01,4.534116759896278381e-02
-4.456351324915885925e-02,1.959916055202484131e-01
1.388646215200424194e-01,3.314047306776046753e-02
2.539680004119873047e-01,6.016244878992438316e-05
1.158826649188995361e-01,9.256520271301269531e-01
1.111970543861389160e-01,2.542418837547302246e-01
-5.758790969848632812e-01,-7.715827226638793945e-01
4.750784337520599365e-01,-4.406980276107788086e-01
2.875281274318695068e-01,9.830579161643981934e-02
-4.601769745349884033e-01,-7.667574882507324219e-01
7.777327895164489746e-01,5.466173402965068817e-03
-4.912711083889007568e-01,1.600524038076400757e-01
3.230648338794708252e-01,1.185904294252395630e-01
-8.074329793453216553e-02,-6.251191496849060059e-01
-6.141218543052673340e-01,-7.626851201057434082e-01
4.027115404605865479e-01,3.734196722507476807e-01
4.078941643238067627e-01,4.496049508452415466e-02
1.512474566698074341e-01,8.453574180603027344e-01
2.520150840282440186e-01,-4.869949817657470703e-02
3.979974985122680664e-01,-4.790679216384887695e-01
4.254949688911437988e-01,-4.148039221763610840e-01
-9.379176795482635498e-02,3.480530530214309692e-02
1.630536466836929321e-01,9.618411064147949219e-01
1.010107174515724182e-01,8.640497326850891113e-01
-2.779848873615264893e-01,5.672475695610046387e-01
-5.791261196136474609e-01,-7.709820270538330078e-01
-6.013923287391662598e-01,2.175416350364685059e-01
3.398961126804351807e-01,4.950827956199645996e-01
-4.547844827175140381e-01,1.445417702198028564e-01
1.424680799245834351e-01,8.408256769180297852e-01
2.286401540040969849e-01,8.761157393455505371e-01
-6.651256084442138672e-01,-2.985998690128326416e-01
4.610369205474853516e-01,-3.577668666839599609e-01
7.122817039489746094e-01,1.431528031826019287e-01
2.279657870531082153e-01,7.207880616188049316e-01
9.034615755081176758e-02,8.795350193977355957e-01
-6.819134950637817383e-01,-3.047584891319274902e-01
8.373529911041259766e-01,-5.426445230841636658e-02
-5.754051208496093750e-01,-7.716871500015258789e-01
8.787564188241958618e-02,3.076236695051193237e-02
-5.169580578804016113e-01,-3.175446689128875732e-01
-6.052318215370178223e-01,2.201652079820632935e-01
-3.818002045154571533e-01,-6.952652335166931152e-01
1.544477492570877075e-01,9.590339064598083496e-01
4.203452169895172119e-01,-4.222553670406341553e-01
-3.868886530399322510e-01,-4.354097247123718262e-01
2.406086325645446777e-01,7.227922081947326660e-01
-2.297236472368240356e-01,1.080217882990837097e-01
3.696570396423339844e-01,3.137824833393096924e-01
-6.347375512123107910e-01,-7.286327481269836426e-01
-4.877641499042510986e-01,1.699192225933074951e-01
-3.377560079097747803e-01,-3.234412670135498047e-01
-6.346054673194885254e-01,-7.290375828742980957e-01
2.245420813560485840e-01,1.802974790334701538e-01
8.782600164413452148e-01,-1.270563900470733643e-01
1.843571662902832031e-01,9.697516560554504395e-01
1.495832949876785278e-01,9.567524790763854980e-01
2.451934814453125000e-01,-4.890590608119964600e-01
1.198040619492530823e-01,8.902694582939147949e-01
-3.581577837467193604e-01,-3.889966607093811035e-01
8.819802403450012207e-01,-1.149950101971626282e-01
5.615667104721069336e-01,-7.857301235198974609e-01
6.106151342391967773e-01,2.292436659336090088e-01
-9.583774209022521973e-02,-1.074459925293922424e-01
3.531332314014434814e-01,3.371592238545417786e-02
4.415911436080932617e-02,1.181787326931953430e-01
-5.995820164680480957e-01,-7.667008042335510254e-01
4.747051000595092773e-01,-4.406040310859680176e-01
-2.780384123325347900e-01,5.671817660331726074e-01
5.272808074951171875e-01,-3.973375633358955383e-02
4.294312298297882080e-01,3.844674527645111084e-01
9.863950312137603760e-02,-6.132392212748527527e-02
-4.017637968063354492e-01,1.235608533024787903e-01
2.572529911994934082e-01,1.139325127005577087e-01
-6.076600551605224609e-01,-5.451372265815734863e-01
1.731943786144256592e-01,8.212177157402038574e-01
5.405851602554321289e-01,2.388159036636352539e-01
-6.010548472404479980e-01,-7.660976648330688477e-01
-3.138066828250885010e-01,-6.353003382682800293e-01
-5.760689973831176758e-01,-7.715789079666137695e-01
8.137965202331542969e-01,-6.628675758838653564e-02
-5.461216568946838379e-01,-7.675555348396301270e-01
-4.329579174518585205e-01,-3.620917201042175293e-01
-5.206678509712219238e-01,-3.228025138378143311e-01
1.813459545373916626e-01,8.398767113685607910e-01
-6.420430541038513184e-01,-6.846923828125000000e-01
8.232660889625549316e-01,-8.954338729381561279e-02
5.451032519340515137e-01,2.244629412889480591e-01
8.792163729667663574e-01,-1.110109910368919373e-01
-8.818531036376953125e-01,3.972600400447845459e-01
2.030168920755386353e-01,1.502391882240772247e-02
3.362384811043739319e-02,5.564486980438232422e-01
8.867577910423278809e-01,-1.230824664235115051e-01
-4.628922045230865479e-01,-6.533892750740051270e-01
1.865490823984146118e-01,8.242551088333129883e-01
-5.318495035171508789e-01,1.782526969909667969e-01
5.777800828218460083e-02,3.419865295290946960e-02
4.219007194042205811e-01,4.178429245948791504e-01
8.836718201637268066e-01,-1.145479455590248108e-01
7.324796915054321289e-01,-3.310072049498558044e-02
-6.008082628250122070e-01,-7.651463747024536133e-01
5.273201465606689453e-01,2.174008935689926147e-01
-6.141192317008972168e-01,-7.626382112503051758e-01
-4.148005247116088867e-01,-6.163129806518554688e-01
-4.057241678237915039e-01,-5.662788748741149902e-01
3.175635933876037598e-01,5.389173030853271484e-01
5.542293190956115723e-01,2.317121028900146484e-01
-5.250277519226074219e-01,-7.641067504882812500e-01
-6.347243189811706543e-01,-7.288960218429565430e-01
1.118011251091957092e-01,2.541212439537048340e-01
-2.402325421571731567e-01,7.843999564647674561e-02
2.337665259838104248e-01,1.979119628667831421e-01
1.762127578258514404e-01,7.095075398683547974e-02
-1.262233257293701172e-01,3.830735683441162109e-01
1.263265758752822876e-01,2.726500481367111206e-02
-5.159483551979064941e-01,-7.694140076637268066e-01
5.614878535270690918e-01,-7.856230139732360840e-01
3.502515852451324463e-01,2.755691111087799072e-01
-5.659064650535583496e-01,-7.718418836593627930e-01
8.894541263580322266e-01,-1.229444146156311035e-01
3.814642131328582764e-02,2.492550387978553772e-02
-4.998867511749267578e-01,-7.670182585716247559e-01
-8.858301490545272827e-02,-6.212317198514938354e-02
-8.711483329534530640e-02,-5.407645702362060547e-01
2.244722098112106323e-01,7.361302971839904785e-01
1.114768162369728088e-01,8.335449546575546265e-02
-6.046801805496215820e-01,2.199193537235260010e-01
-8.723942935466766357e-02,-5.406906604766845703e-01
-6.052310466766357422e-01,2.201468348503112793e-01
7.025466561317443848e-01,1.520023196935653687e-01
-4.164260029792785645e-01,1.167672574520111084e-01
-9.639661014080047607e-02,-1.074559241533279419e-01
-4.751276671886444092e-01,1.531120985746383667e-01
1.568372398614883423e-01,9.600097537040710449e-01
-9.949092753231525421e-03,1.662710607051849365e-01
-5.852293968200683594e-01,-7.697940468788146973e-01
-2.809123396873474121e-01,4.480125308036804199e-01
5.942372679710388184e-01,1.788059324026107788e-01
1.242606490850448608e-01,9.287089705467224121e-01
-3.424518108367919922e-01,1.344737559556961060e-01
2.021308243274688721e-01,7.898430824279785156e-01
7.011514902114868164e-01,1.490486115217208862e-01
-4.126559495925903320e-01,-6.240181326866149902e-01
3.365849554538726807e-01,4.805164933204650879e-01
-6.156896948814392090e-01,-5.665406584739685059e-01
7.930321097373962402e-01,-1.716644689440727234e-02
3.158937096595764160e-01,-1.318875104188919067e-01
-6.054489612579345703e-01,2.204379141330718994e-01
-5.409042835235595703e-01,-7.651553750038146973e-01
-6.935659050941467285e-01,-3.078759908676147461e-01
2.245135307312011719e-01,1.803025305271148682e-01
-4.459977149963378906e-01,-7.251902222633361816e-01
8.292449712753295898e-01,-9.097017347812652588e-02
1.113830581307411194e-01,2.542007565498352051e-01
8.220623731613159180e-01,-7.487483322620391846e-02
6.110130548477172852e-01,2.288311868906021118e-01
6.124046444892883301e-01,2.282040119171142578e-01
-4.790213406085968018e-01,-7.685579061508178711e-01
2.034620493650436401e-01,8.337494730949401855e-01
4.284141361713409424e-01,-4.182739257812500000e-01
-4.070836305618286133e-01,-5.427402853965759277e-01
-5.071019530296325684e-01,1.691220551729202271e-01
-5.774607062339782715e-01,-7.714486718177795410e-01
4.135351181030273438e-01,-3.982476294040679932e-01
2.756272256374359131e-01,-5.236284732818603516e-01
-5.614072084426879883e-01,-7.690647244453430176e-01
-6.065559387207031250e-01,3.344101905822753906e-01
7.831997871398925781e-01,-2.690425701439380646e-02
2.250485271215438843e-01,1.801068186759948730e-01
-5.937752723693847656e-01,2.127844840288162231e-01
-6.098559498786926270e-01,-7.634981274604797363e-01
-6.756675839424133301e-01,-3.034386932849884033e-01
3.313546776771545410e-01,-2.178907841444015503e-01
4.352232515811920166e-01,3.210223317146301270e-01
1.186922490596771240e-01,9.295027852058410645e-01
-7.015885114669799805e-01,6.575343608856201172e-01
8.173377513885498047e-01,-6.993015855550765991e-02
4.048138260841369629e-01,-3.835690319538116455e-01
9.067932516336441040e-02,8.800057768821716309e-01
3.061700761318206787e-01,-1.138316467404365540e-01
8.797717094421386719e-01,-1.091669276356697083e-01
1.877877116203308105e-01,9.716833233833312988e-01
-2.515913248062133789e-01,-7.977306246757507324e-01
-4.868753254413604736e-01,1.585946977138519287e-01
-5.473228171467781067e-02,1.023982912302017212e-01
3.017089068889617920e-01,1.873899996280670166e-01
1.124380528926849365e-01,9.219078421592712402e-01
-9.724973142147064209e-02,-1.081440448760986328e-01
2.366083413362503052e-01,7.069489359855651855e-01
4.142926633358001709e-01,-4.021917879581451416e-01
6.770395636558532715e-01,1.590488255023956299e-01
5.567383170127868652e-01,2.327328026294708252e-01
8.659924268722534180e-01,-9.611507505178451538e-02
4.691424667835235596e-01,-2.538196146488189697e-01
-4.525155425071716309e-01,1.369961500167846680e-01
-5.245193243026733398e-01,-7.617608904838562012e-01
-4.007785618305206299e-01,1.226213425397872925e-01
4.675155580043792725e-01,-4.371280074119567871e-01
-6.239787340164184570e-01,-7.504442334175109863e-01
3.627219051122665405e-02,1.373041421175003052e-01
4.080682396888732910e-01,4.535917937755584717e-02
5.614812970161437988e-01,-7.856146693229675293e-01
1.307712942361831665e-01,2.924868762493133545e-01
-2.830884456634521484e-01,2.202617377042770386e-02
-4.496362507343292236e-01,1.647827476263046265e-01
-5.456193089485168457e-01,-7.706791162490844727e-01
8.300810456275939941e-01,-8.465606719255447388e-02
8.445861339569091797e-01,-1.042759492993354797e-01
1.348745822906494141e-01,-3.363798260688781738e-01
-4.008028507232666016e-01,1.231859847903251648e-01
-4.510253667831420898e-01,1.374271512031555176e-01
1.185385733842849731e-01,9.051339030265808105e-01
8.662644028663635254e-01,-1.104048043489456177e-01
6.501554250717163086e-01,3.134378418326377869e-02
3.008106946945190430e-01,1.648868918418884277e-01
2.238935530185699463e-01,2.777854502201080322e-01
1.663194298744201660e-01,9.627935290336608887e-01
-4.195111989974975586e-01,-7.395210266113281250e-01
2.265399694442749023e-01,8.703032135963439941e-01
8.490534126758575439e-02,-9.467312134802341461e-03
5.675355195999145508e-01,1.917816251516342163e-01
-2.777240872383117676e-01,5.661201477050781250e-01
-5.850889086723327637e-01,-3.439764678478240967e-01
8.893887996673583984e-01,-1.226904317736625671e-01
1.498111337423324585e-01,9.569377303123474121e-01
-3.837765753269195557e-01,-6.941307187080383301e-01
8.856013417243957520e-02,8.661108613014221191e-01
3.021647334098815918e-01,2.064267694950103760e-01
-3.984671235084533691e-01,-7.165625095367431641e-01
-6.419128775596618652e-01,-6.893910169601440430e-01
9.037760645151138306e-02,8.794796466827392578e-01
2.052375227212905884e-01,7.817344069480895996e-01
-7.015487551689147949e-01,6.574957370758056641e-01
2.321857959032058716e-01,-2.336800694465637207e-01
4.783388972282409668e-01,-4.398004412651062012e-01
-5.119705796241760254e-01,-7.588055729866027832e-01
2.250261008739471436e-01,1.801082342863082886e-01
-5.160672068595886230e-01,-7.578653097152709961e-01
8.895235061645507812e-01,-1.227723360061645508e-01
-4.364043474197387695e-01,-6.718686819076538086e-01
-4.006064832210540771e-01,1.230451837182044983e-01
-3.815915286540985107e-01,-6.942818760871887207e-01
8.895362615585327148e-01,-1.228862553834915161e-01
2.848440706729888916e-01,1.140798777341842651e-01
1.120639741420745850e-01,2.524724006652832031e-01
2.103434205055236816e-01,2.018363028764724731e-01
2.689816653728485107e-01,-5.631390213966369629e-02
4.248206317424774170e-01,4.162294864654541016e-01
2.116927057504653931e-01,9.564083814620971680e-01
-2.787663042545318604e-01,5.680741667747497559e-01
3.763169944286346436e-01,4.416418671607971191e-01
1.407826989889144897e-01,1.223157420754432678e-01
3.612790405750274658e-01,2.293116450309753418e-01
-3.845912516117095947e-01,-6.937853097915649414e-01
-5.201504826545715332e-01,-7.697489857673645020e-01
3.603842556476593018e-01,3.886640369892120361e-01
1.201636716723442078e-01,8.725610375404357910e-01
-9.505747556686401367e-01,-1.940429657697677612e-01
1.933226734399795532e-01,1.028856486082077026e-01
-4.587643444538116455e-01,-7.667744159698486328e-01
8.894591927528381348e-01,-1.228551417589187622e-01
1.304903775453567505e-01,9.409788846969604492e-01
1.161818653345108032e-01,9.259700775146484375e-01
5.980335474014282227e-01,1.444815397262573242e-01
-6.263340115547180176e-01,-6.020152568817138672e-01
7.115480899810791016e-01,1.431090980768203735e-01
8.144246339797973633e-01,-7.929673790931701660e-02
-1.643572449684143066e-01,1.919481456279754639e-01
5.614672303199768066e-01,-7.855983972549438477e-01
3.728758394718170166e-01,-3.111863434314727783e-01
-9.508848786354064941e-01,-1.941228359937667847e-01
2.794487178325653076e-01,-3.692102385684847832e-03
-2.475797384977340698e-01,5.523651242256164551e-01
-7.901942729949951172e-01,2.502846419811248779e-01
-9.635768830776214600e-02,-1.078327298164367676e-01
1.496923267841339111e-01,9.568274021148681641e-01
2.517037987709045410e-01,-1.543260961771011353e-01
2.069084793329238892e-01,9.638403058052062988e-01
-5.033652186393737793e-01,-7.564280033111572266e-01
6.001968383789062500e-01,2.311902493238449097e-01
-5.224303007125854492e-01,-7.614347338676452637e-01
-5.297618508338928223e-01,-7.602036595344543457e-01
1.483683586120605469e-01,4.738599434494972229e-02
1.715396493673324585e-01,8.142109513282775879e-01
2.027331739664077759e-01,9.685775041580200195e-01
-2.093367651104927063e-02,4.313605129718780518e-01
4.531003534793853760e-01,-4.274293184280395508e-01
1.314138323068618774e-01,9.419410228729248047e-01
-2.369249463081359863e-01,1.029178649187088013e-01
2.526476979255676270e-01,-1.831670850515365601e-01
-4.425952136516571045e-01,-7.596327662467956543e-01
5.400272011756896973e-01,-4.041448235511779785e-01
-4.983050227165222168e-01,1.652968674898147583e-01
2.795084714889526367e-01,8.776756376028060913e-02
9.041029214859008789e-02,8.797365427017211914e-01
-5.811853408813476562e-01,-7.708519697189331055e-01
-3.999568521976470947e-01,-7.068661451339721680e-01
1.216234937310218811e-01,2.972767055034637451e-01
3.915791511535644531e-01,-3.468669950962066650e-01
8.136893510818481445e-01,-6.643378734588623047e-02
2.737450003623962402e-01,-5.225995182991027832e-01
1.494444459676742554e-01,9.566888809204101562e-01
2.254935950040817261e-01,7.181969881057739258e-01
1.802098304033279419e-01,-1.156386956572532654e-01
-4.408313632011413574e-01,-7.578684687614440918e-01
4.149647951126098633e-01,-4.035003483295440674e-01
5.511181354522705078e-01,-7.810099720954895020e-01
-5.634421706199645996e-01,-7.724485397338867188e-01
1.845146715641021729e-01,9.697145223617553711e-01
-3.084790110588073730e-01,1.035709455609321594e-01
-5.268948078155517578e-01,-7.605175375938415527e-01
5.186067819595336914e-01,1.635200530290603638e-01
-5.022737979888916016e-01,-7.555059790611267090e-01
8.797184824943542480e-01,-1.090006530284881592e-01
1.110268011689186096e-01,9.188479781150817871e-01
-5.921679735183715820e-01,-7.689485549926757812e-01
8.221556991338729858e-02,2.843141257762908936e-01
2.569061815738677979e-01,1.819273829460144043e-01
2.323130518198013306e-01,7.055941224098205566e-01
-5.558887720108032227e-01,-7.683041691780090332e-01
1.303842514753341675e-01,9.052965044975280762e-01
-5.969272255897521973e-01,-7.677352428436279297e-01
8.732765316963195801e-01,-1.008762195706367493e-01
4.751762747764587402e-01,-4.408413171768188477e-01
-4.091351032257080078e-01,-6.802874803543090820e-01
-4.435458481311798096e-01,-7.180753350257873535e-01
-2.516866922378540039e-01,-7.981174588203430176e-01
8.432292938232421875e-01,-7.124105840921401978e-02
-4.129884541034698486e-01,-7.337238788604736328e-01
8.895302414894104004e-01,-1.228572130203247070e-01
3.872810304164886475e-01,4.318397343158721924e-01
-5.563647747039794922e-01,-7.697608470916748047e-01
-2.726520597934722900e-01,4.610013961791992188e-01
-5.700115486979484558e-02,-5.715637207031250000e-01
-9.581219404935836792e-02,1.034194752573966980e-01
1.942104101181030273e-01,9.742817878723144531e-01
1.205185055732727051e-01,9.066789746284484863e-01
-5.947350859642028809e-01,2.134425044059753418e-01
-5.112817883491516113e-01,-3.208689093589782715e-01
-6.346071958541870117e-01,-7.291601300239562988e-01
2.717554867267608643e-01,-5.205932259559631348e-01
-4.526078999042510986e-01,1.489914208650588989e-01
-7.904251217842102051e-01,2.504040896892547607e-01
4.299190044403076172e-01,-4.201278090476989746e-01
-1.622482202947139740e-02,-1.057778298854827881e-01
8.743140697479248047e-01,-1.312262564897537231e-01
5.615782141685485840e-01,-7.857475876808166504e-01
1.788882315158843994e-01,2.359243929386138916e-01
6.122052073478698730e-01,2.281675636768341064e-01
-5.421717762947082520e-01,-7.647691965103149414e-01
5.511655807495117188e-01,-7.810721993446350098e-01
3.358803987503051758e-01,-1.928394585847854614e-01
-3.151608407497406006e-01,8.209773153066635132e-02
2.071549743413925171e-01,9.635789394378662109e-01
2.079002559185028076e-01,7.768562436103820801e-01
1.344542801380157471e-01,8.543104529380798340e-01
-4.716057479381561279e-01,-7.099913358688354492e-01
2.513774037361145020e-01,-5.013078823685646057e-02
2.731296420097351074e-01,7.793024778366088867e-01
-6.287387609481811523e-01,-7.418813109397888184e-01
-6.050201058387756348e-01,2.201514691114425659e-01
2.866166532039642334e-01,-2.039177715778350830e-01
-5.325198173522949219e-01,1.795351952314376831e-01
-5.614476203918457031e-01,-7.703163027763366699e-01
-1.312783360481262207e-01,-1.977401226758956909e-01
4.611679315567016602e-01,-3.935290277004241943e-01
1.417975574731826782e-01,9.498108625411987305e-01
-6.048961877822875977e-01,2.201750129461288452e-01
4.779262244701385498e-01,-4.392379522323608398e-01
1.990474313497543335e-01,9.719972014427185059e-01
1.760568171739578247e-01,9.653065800666809082e-01
2.033217698335647583e-01,7.882625460624694824e-01
-1.518985182046890259e-01,-4.850875586271286011e-02
2.005832940340042114e-01,7.955908775329589844e-01
1.653204560279846191e-01,1.085906997323036194e-01
2.092049717903137207e-01,7.727116942405700684e-01
1.232282072305679321e-01,8.750697374343872070e-01
-3.798961937427520752e-01,-6.929808259010314941e-01
4.144977331161499023e-01,2.253285050392150879e-01
2.635590732097625732e-01,-1.239246204495429993e-01
-5.717381238937377930e-01,-7.707536816596984863e-01
-4.991723001003265381e-01,-7.484464049339294434e-01
6.022491455078125000e-01,1.046477779746055603e-01
-2.408883720636367798e-01,1.440290175378322601e-02
-9.283693507313728333e-03,-1.970729082822799683e-01
2.065761685371398926e-01,-1.359866261482238770e-01
-4.220536947250366211e-01,1.174743548035621643e-01
1.908090710639953613e-01,8.049963712692260742e-01
-6.752144098281860352e-01,-3.030697107315063477e-01
-1.453379751183092594e-03,-4.878555536270141602e-01
-5.635155439376831055e-01,-7.647268176078796387e-01
2.112800776958465576e-01,-3.242366611957550049e-01
4.782748222351074219e-01,-4.396977722644805908e-01
-6.049507260322570801e-01,2.199252396821975708e-01
4.254484772682189941e-01,-4.150352478027343750e-01
4.455799758434295654e-01,-1.327621787786483765e-01
-2.802079916000366211e-01,5.272426605224609375e-01
2.215169370174407959e-01,1.603003144264221191e-01
5.328562855720520020e-01,1.697424501180648804e-01
1.922064423561096191e-01,8.060281872749328613e-01
1.120914742350578308e-01,2.541047930717468262e-01
3.917651176452636719e-01,3.615151047706604004e-01
-6.053638458251953125e-01,2.201754748821258545e-01
8.884989023208618164e-01,-1.204044446349143982e-01
-9.506773948669433594e-01,-1.940693408250808716e-01
1.195472255349159241e-01,9.123302102088928223e-01
-2.982382476329803467e-02,6.968594342470169067e-02
-5.989207029342651367e-01,-7.674126029014587402e-01
-5.210037231445312500e-01,-7.688452005386352539e-01
-6.941174268722534180e-01,-3.079412579536437988e-01
4.572556316852569580e-01,7.489011436700820923e-02
2.041559219360351562e-01,9.672908782958984375e-01
2.518878281116485596e-01,-4.826297238469123840e-02
-6.135034561157226562e-01,2.448738217353820801e-01
8.229519128799438477e-01,-7.688142359256744385e-02
3.644793033599853516e-01,8.615630120038986206e-02
1.476586014032363892e-01,9.551237225532531738e-01
6.505348682403564453e-01,1.855372488498687744e-01
2.939914464950561523e-01,3.921627253293991089e-02
-9.563960134983062744e-02,-1.112871468067169189e-01
4.104899466037750244e-01,-3.968412578105926514e-01
-5.182299613952636719e-01,1.792344152927398682e-01
-5.514454841613769531e-01,-7.652762532234191895e-01
-4.380640387535095215e-01,-6.782076954841613770e-01
-6.141203641891479492e-01,-7.626870870590209961e-01
-4.013924896717071533e-01,1.232318505644798279e-01
1.921893954277038574e-01,8.119773864746093750e-01
9.035775065422058105e-02,8.795410990715026855e-01
6.690001487731933594e-01,-9.919373691082000732e-02
-6.754070520401000977e-01,-3.034062981605529785e-01
7.285329699516296387e-01,8.891457319259643555e-02
4.747270345687866211e-01,-4.405933916568756104e-01
1.537041366100311279e-01,9.581958055496215820e-01
2.062056064605712891e-01,-2.568229138851165771e-01
2.604965865612030029e-01,-1.757478415966033936e-01
-2.776704728603363037e-01,5.655770897865295410e-01
-6.141263842582702637e-01,-7.626768946647644043e-01
8.190888762474060059e-01,-7.416835427284240723e-02
5.616935491561889648e-01,-7.859066128730773926e-01
-6.356559991836547852e-01,-7.241020798683166504e-01
4.361905753612518311e-01,-4.211775362491607666e-01
4.484230279922485352e-01,2.884499430656433105e-01
4.892166852951049805e-01,3.170267939567565918e-01
5.694976449012756348e-01,2.404335588216781616e-01
5.345323085784912109e-01,2.863492071628570557e-01
-5.978038907051086426e-01,-7.656423449516296387e-01
8.666289448738098145e-01,-9.635055065155029297e-02
3.877441883087158203e-01,3.974981904029846191e-01
1.469992399215698242e-01,8.424210548400878906e-01
2.067599147558212280e-01,9.633607268333435059e-01
2.186272591352462769e-01,-1.811763942241668701e-01
8.704973012208938599e-02,1.814699321985244751e-01
4.688140451908111572e-01,-2.541375756263732910e-01
-5.558722615242004395e-01,-7.707108259201049805e-01
2.081026732921600342e-01,9.622331857681274414e-01
1.538370847702026367e-01,-1.092495024204254150e-02
2.491506189107894897e-01,7.007475495338439941e-01
-6.141080260276794434e-01,-7.626833319664001465e-01
-6.239809393882751465e-01,-7.504422664642333984e-01
1.249714344739913940e-01,9.360736608505249023e-01
2.298819124698638916e-01,8.944631218910217285e-01
-6.062480807304382324e-01,2.221364825963973999e-01
-4.229134321212768555e-01,-7.158022522926330566e-01
8.754330873489379883e-01,-1.039586886763572693e-01
-4.477359652519226074e-01,-7.622752189636230469e-01
2.422526329755783081e-01,-1.131985429674386978e-02
1.443302184343338013e-01,8.300206661224365234e-01
4.544366598129272461e-01,-4.222070574760437012e-01
1.526468247175216675e-01,1.992273628711700439e-01
-4.286890029907226562e-01,-3.651323020458221436e-01
-4.498418271541595459e-01,1.658998429775238037e-01
1.138701066374778748e-01,6.144249439239501953e-02
-6.065614819526672363e-01,2.215272635221481323e-01
1.157761961221694946e-01,9.084867238998413086e-01
3.953702747821807861e-01,4.048692584037780762e-01
8.851788640022277832e-01,-1.161120682954788208e-01
3.974450826644897461e-01,-3.776467144489288330e-01
-5.346980690956115723e-01,1.822924017906188965e-01
-2.801866829395294189e-01,5.273023843765258789e-01
8.065909147262573242e-01,-5.735339596867561340e-02
6.125783920288085938e-01,2.281823605298995972e-01
2.435817718505859375e-01,1.141512170433998108e-01
2.061913907527923584e-01,8.346303105354309082e-01
-5.933166146278381348e-01,2.126795351505279541e-01
1.083434000611305237e-01,5.233859419822692871e-01
-5.809073448181152344e-01,-7.679940462112426758e-01
-2.576470375061035156e-01,5.556257367134094238e-01
4.300025999546051025e-01,-4.202916324138641357e-01
2.756821513175964355e-01,-5.238019227981567383e-01
-3.359155654907226562e-01,-2.796728610992431641e-01
-3.269504904747009277e-01,1.701144278049468994e-01
2.113785743713378906e-01,9.569062590599060059e-01
8.684396147727966309e-01,-1.327525526285171509e-01
-5.334218740463256836e-01,-7.669626474380493164e-01
-4.365411102771759033e-01,-7.308201789855957031e-01
-9.607258439064025879e-02,-1.071859672665596008e-01
-6.053774952888488770e-01,2.199900448322296143e-01
6.536774337291717529e-02,4.225406646728515625e-01
-7.955293357372283936e-02,2.898193299770355225e-01
4.078471362590789795e-01,4.499784484505653381e-02
-6.055386066436767578e-01,2.203665524721145630e-01
7.222262769937515259e-02,-1.054389029741287231e-02
1.996707767248153687e-01,7.967173457145690918e-01
6.501871943473815918e-01,8.320450782775878906e-02
-6.379344463348388672e-01,-6.433019042015075684e-01
-5.804479122161865234e-01,-7.701689600944519043e-01
1.556681841611862183e-01,8.399375081062316895e-01
1.497380286455154419e-01,9.568849802017211914e-01
1.529558897018432617e-01,9.583083987236022949e-01
-9.581381827592849731e-02,-1.074501723051071167e-01
3.033038675785064697e-01,1.275192350149154663e-01
2.297582775354385376e-01,8.869796991348266602e-01
4.042317718267440796e-02,2.957008481025695801e-01
8.613206148147583008e-01,-8.937174826860427856e-02
4.779857397079467773e-01,-4.395089447498321533e-01
2.102425843477249146e-01,9.562447667121887207e-01
7.066307663917541504e-01,1.459439247846603394e-01
-4.472496211528778076e-01,-4.289142191410064697e-01
2.030696123838424683e-01,7.817878127098083496e-01
-6.051374077796936035e-01,2.201207876205444336e-01
1.950863599777221680e-01,9.740039110183715820e-01
2.117512524127960205e-01,7.661051750183105469e-01
8.893606066703796387e-01,-1.228539347648620605e-01
1.878365576267242432e-01,9.717068672180175781e-01
-5.889997482299804688e-01,-7.689967751502990723e-01
3.973216414451599121e-01,2.387811988592147827e-01
7.602206468582153320e-01,4.001840204000473022e-02
2.115117460489273071e-01,9.565982818603515625e-01
3.410006761550903320e-01,-2.658346593379974365e-01
1.908884793519973755e-01,7.678403258323669434e-01
4.099532961845397949e-01,-3.969686627388000488e-01
3.709162771701812744e-01,-4.245966076850891113e-01
6.716573238372802734e-01,1.789367794990539551e-01
1.522457450628280640e-01,9.580715894699096680e-01
3.337512314319610596e-01,1.969479781109839678e-04
-7.070088386535644531e-02,-5.916960835456848145e-01
2.011498659849166870e-01,9.694644808769226074e-01
1.442767828702926636e-01,9.520455598831176758e-01
-6.060094833374023438e-01,2.214325815439224243e-01
2.090613394975662231e-01,7.676259875297546387e-01
4.718622658401727676e-03,1.559512764215469360e-01
9.445647150278091431e-02,-2.041494846343994141e-01
3.237532377243041992e-01,7.265228778123855591e-02
1.356617212295532227e-01,8.544862270355224609e-01
4.679031670093536377e-01,-2.604148089885711670e-01
1.573444753885269165e-01,9.601395130157470703e-01
-6.346646547317504883e-01,-7.289577126502990723e-01
4.101900756359100342e-01,-3.966821730136871338e-01
1.493634730577468872e-01,9.555261731147766113e-01
1.438734084367752075e-01,2.018949836492538452e-01
2.040074765682220459e-01,7.849544882774353027e-01
-5.083026885986328125e-01,-7.574614286422729492e-01
5.961169600486755371e-01,2.292621880769729614e-01
8.439587950706481934e-01,-6.065988168120384216e-02
4.766739308834075928e-01,-4.365636110305786133e-01
-4.323818683624267578e-01,-7.377446293830871582e-01
-4.983934164047241211e-01,-7.696701288223266602e-01
3.315005302429199219e-01,3.623153567314147949e-01
1.551491916179656982e-01,8.247227072715759277e-01
2.396503239870071411e-01,7.152147889137268066e-01
-6.394619345664978027e-01,-6.535519957542419434e-01
-4.052700698375701904e-01,-5.234614014625549316e-01
1.300581097602844238e-01,8.520926833152770996e-01
-8.818466067314147949e-01,3.972573876380920410e-01
-4.728994369506835938e-01,-7.352529168128967285e-01
2.715697586536407471e-01,-5.206185579299926758e-01
1.260127425193786621e-01,8.741970658302307129e-01
2.822686731815338135e-01,1.551831513643264771e-01
-6.028513312339782715e-01,2.186246961355209351e-01
4.081021547317504883e-01,4.572742804884910583e-02
-4.448215067386627197e-01,-7.606230974197387695e-01
2.095526307821273804e-01,-4.063279628753662109e-01
3.874618709087371826e-01,-4.078370332717895508e-01
6.116057038307189941e-01,-9.729598648846149445e-03
9.052064269781112671e-02,8.799614310264587402e-01
8.853942751884460449e-01,-1.160916984081268311e-01
6.839188188314437866e-02,8.738300204277038574e-02
9.029752016067504883e-02,8.793231248855590820e-01
-2.297673970460891724e-01,-2.363445907831192017e-01
3.091339766979217529e-01,1.910853683948516846e-01
-6.048304438591003418e-01,2.199068665504455566e-01
1.241895332932472229e-01,9.345838427543640137e-01
-7.016173005104064941e-01,6.575628519058227539e-01
-9.505643248558044434e-01,-1.940398216247558594e-01
3.737718239426612854e-02,4.065228402614593506e-01
-4.385190308094024658e-01,-7.168750166893005371e-01
-4.364902079105377197e-01,-7.129901051521301270e-01
1.219654306769371033e-01,9.205652475357055664e-01
-5.918371081352233887e-01,-7.681148052215576172e-01
-4.715586900711059570e-01,1.492167562246322632e-01
2.122395187616348267e-01,9.554573297500610352e-01
-5.317062735557556152e-01,-7.645009160041809082e-01
2.011381387710571289e-01,7.930749654769897461e-01
-3.639401197433471680e-01,-6.679196357727050781e-01
7.772762179374694824e-01,-3.676389809697866440e-03
-7.182726263999938965e-02,-6.215217337012290955e-02
4.027827680110931396e-01,-3.822535872459411621e-01
-2.784444391727447510e-01,5.651853680610656738e-01
3.017824292182922363e-01,5.290148258209228516e-01
4.277031719684600830e-01,-4.174138009548187256e-01
8.568143248558044434e-01,-8.346939086914062500e-02
-5.991133451461791992e-01,-7.673979997634887695e-01
-2.778835296630859375e-01,5.672714710235595703e-01
8.354901522397994995e-02,1.425768248736858368e-02
4.160383045673370361e-01,-4.033071100711822510e-01
4.132031798362731934e-01,-3.973800837993621826e-01
-1.685566604137420654e-01,6.039756163954734802e-02
8.884319663047790527e-01,-1.205551028251647949e-01
2.042116075754165649e-01,7.829535007476806641e-01
-4.261821508407592773e-01,-6.775436401367187500e-01
1.984104067087173462e-01,9.723601341247558594e-01
5.615059733390808105e-01,-7.856497764587402344e-01
8.803059458732604980e-01,-1.094590052962303162e-01
-1.170330792665481567e-01,4.143977165222167969e-01
8.269658088684082031e-01,-4.919619485735893250e-02
4.513811767101287842e-01,-4.090386629104614258e-01
1.495927125215530396e-01,9.567988514900207520e-01
-4.567846357822418213e-01,-7.475528120994567871e-01
4.033380448818206787e-01,-4.178994297981262207e-01
4.783141911029815674e-01,-4.397465586662292480e-01
1.921232491731643677e-01,2.738511264324188232e-01
2.063091546297073364e-01,9.643149971961975098e-01
3.162980079650878906e-01,1.040968820452690125e-01
2.020839452743530273e-01,7.939292788505554199e-01
-4.636334478855133057e-01,-7.279422283172607422e-01
8.803139328956604004e-01,-1.094717904925346375e-01
6.330112814903259277e-01,2.100140452384948730e-01
4.301558136940002441e-01,-4.206686913967132568e-01
-6.048647761344909668e-01,2.199006974697113037e-01
8.893997669219970703e-01,-1.228388920426368713e-01
2.590558826923370361e-01,6.558857560157775879e-01
-9.430766105651855469e-01,-1.931620687246322632e-01
-5.108164548873901367e-01,-7.593726515769958496e-01
1.223321780562400818e-01,9.267274141311645508e-01
-4.538293182849884033e-01,-7.645398378372192383e-01
2.792017757892608643e-01,3.043876886367797852e-01
4.751850068569183350e-01,-4.411266446113586426e-01
2.104891389608383179e-01,-3.121575117111206055e-01
1.746392846107482910e-01,4.407238960266113281e-02
2.137779891490936279e-01,9.524400830268859863e-01
-4.009314477443695068e-01,1.228895932435989380e-01
2.008859217166900635e-01,9.703289866447448730e-01
-3.889704644680023193e-01,-6.953827738761901855e-01
5.511552691459655762e-01,-7.810503244400024414e-01
7.122009396553039551e-01,1.432255357503890991e-01
-4.404211342334747314e-01,-6.926226019859313965e-01
1.277778744697570801e-01,9.302778244018554688e-01
8.883963227272033691e-01,-1.200704798102378845e-01
-2.305203974246978760e-01,5.405356287956237793e-01
5.615881681442260742e-01,-7.857583165168762207e-01
2.103968411684036255e-01,7.704801559448242188e-01
2.007520049810409546e-01,7.930076718330383301e-01
-7.896793633699417114e-02,2.859704196453094482e-01
1.942303329706192017e-01,9.742916226387023926e-01
1.942823976278305054e-01,9.743104577064514160e-01
1.877878606319427490e-01,9.716874361038208008e-01
-4.009838700294494629e-01,1.231990233063697815e-01
4.548299014568328857e-01,-4.313595294952392578e-01
1.916801929473876953e-01,7.861365675926208496e-01
4.745642542839050293e-01,-4.403249025344848633e-01
-5.198821425437927246e-01,-7.569734454154968262e-01
4.888561069965362549e-01,2.100462317466735840e-01
-5.844129920005798340e-01,-7.667813897132873535e-01
-2.734161913394927979e-01,5.009238719940185547e-01
7.960036993026733398e-01,-7.932080328464508057e-02
-4.701637625694274902e-01,-7.390528321266174316e-01
-5.646695941686630249e-02,8.847767114639282227e-02
1.952866613864898682e-01,9.738775491714477539e-01
3.831917643547058105e-01,-2.680023312568664551e-01
2.733195424079895020e-01,6.097478866577148438e-01
4.525445401668548584e-01,-2.364625397603958845e-04
4.415178894996643066e-01,3.842864930629730225e-01
-2.781175076961517334e-01,5.671826004981994629e-01
-9.502041339874267578e-02,5.297791212797164917e-02
2.198876440525054932e-01,-1.785760372877120972e-01
-5.572103261947631836e-01,-7.722139954566955566e-01
-5.491783618927001953e-01,1.969055086374282837e-01
7.588773500174283981e-03,1.881836652755737305e-01
-6.926935315132141113e-01,-3.074524700641632080e-01
-9.618714451789855957e-02,-1.075090765953063965e-01
8.895254731178283691e-01,-1.228595972061157227e-01
-5.796180963516235352e-01,-7.658430337905883789e-01
-5.870348215103149414e-01,3.370257616043090820e-01
8.751751184463500977e-01,-1.044377461075782776e-01
-6.754870414733886719e-01,-3.030793964862823486e-01
4.539522528648376465e-01,-1.066657900810241699e-02
-9.506051540374755859e-01,-1.940502226352691650e-01
5.821124315261840820e-01,1.335127055644989014e-01
1.998858898878097534e-01,9.712355136871337891e-01
7.731911540031433105e-01,-1.348764151334762573e-01
2.393835335969924927e-01,1.539399847388267517e-02
1.798564791679382324e-01,2.933888137340545654e-01
-6.051760911941528320e-01,2.200619876384735107e-01
-5.312643647193908691e-01,-3.936723470687866211e-01
1.878380328416824341e-01,9.717284440994262695e-01
4.666940867900848389e-01,1.503087813034653664e-03
-2.780626416206359863e-01,5.670548081398010254e-01
4.273146092891693115e-01,-4.169623851776123047e-01
-5.420632958412170410e-01,1.981344968080520630e-01
1.737901568412780762e-01,1.686498075723648071e-01
-2.289635688066482544e-02,-5.560861825942993164e-01
5.833373665809631348e-01,1.433026343584060669e-01
1.748378425836563110e-01,8.074516057968139648e-01
3.674236834049224854e-01,-3.983114361763000488e-01
6.219585537910461426e-01,2.048718780279159546e-01
1.186553239822387695e-01,8.564621210098266602e-01
-4.931895732879638672e-01,1.757498234510421753e-01
-4.705992043018341064e-01,1.720454245805740356e-01
-3.868050277233123779e-01,-7.022295594215393066e-01
1.264896094799041748e-01,8.754596710205078125e-01
-4.869801402091979980e-01,-7.236728072166442871e-01
9.308428317308425903e-02,4.047494754195213318e-02
-4.185802042484283447e-01,-5.306246280670166016e-01
-5.546680092811584473e-01,-7.711218595504760742e-01
1.209741644561290741e-02,-2.154215723276138306e-01
1.901627331972122192e-01,-1.410433948040008545e-01
-1.972667686641216278e-02,-1.031808182597160339e-01
8.450216054916381836e-01,-7.686783373355865479e-02
4.286914467811584473e-01,-4.175496399402618408e-01
2.923413813114166260e-01,-4.385957419872283936e-01
4.072740077972412109e-01,-4.010986387729644775e-01
1.264544278383255005e-01,1.217417567968368530e-01
-6.036832332611083984e-01,-7.660968303680419922e-01
-5.937050580978393555e-01,2.124835699796676636e-01
8.873150944709777832e-01,-1.189860031008720398e-01
2.524051666259765625e-01,-4.820314422249794006e-02
4.168432578444480896e-02,3.343509733676910400e-01
8.450106978416442871e-01,-8.591241389513015747e-02
6.467199921607971191e-01,7.181645929813385010e-02
-7.903658151626586914e-01,2.503065764904022217e-01
2.092909067869186401e-01,7.688453793525695801e-01
6.125724315643310547e-01,2.281684875488281250e-01
8.304979801177978516e-01,-8.995871245861053467e-02
3.518149256706237793e-01,-7.090760767459869385e-02
-6.060388088226318359e-01,2.213711738586425781e-01
6.788763403892517090e-01,1.749185621738433838e-01
-9.494971632957458496e-01,-1.938682198524475098e-01
-5.967735648155212402e-01,2.146148830652236938e-01
-5.961663722991943359e-01,-7.671135067939758301e-01
1.219719350337982178e-01,8.845113515853881836e-01
-6.229979991912841797e-01,-7.518313527107238770e-01
1.525232195854187012e-01,9.582568407058715820e-01
-6.420040130615234375e-01,-6.846326589584350586e-01
4.301478862762451172e-01,-4.206081032752990723e-01
2.173433899879455566e-01,7.486918568611145020e-01
5.613973736763000488e-01,-7.855340242385864258e-01
-4.845229685306549072e-01,-7.467218637466430664e-01
-4.609636664390563965e-01,-7.667416334152221680e-01
8.060193061828613281e-01,-5.650509521365165710e-02
8.022598028182983398e-01,-3.520744293928146362e-02
4.067083597183227539e-01,-3.949528634548187256e-01
-5.052357167005538940e-02,4.887451604008674622e-02
-3.978244960308074951e-02,-5.326463580131530762e-01
4.280005693435668945e-01,2.070915699005126953e-01
1.990298181772232056e-01,9.719668030738830566e-01
-6.751019954681396484e-01,-3.032243847846984863e-01
3.395896404981613159e-02,8.296180516481399536e-02
3.698501586914062500e-01,4.487124085426330566e-01
9.034135192632675171e-02,8.795486092567443848e-01
5.614817738533020020e-01,-7.856171131134033203e-01
-6.042411923408508301e-01,2.195565849542617798e-01
3.814035654067993164e-01,-4.377839863300323486e-01
4.164797961711883545e-01,3.600407838821411133e-01
2.014291882514953613e-01,7.967227101325988770e-01
2.244716733694076538e-01,1.803926080465316772e-01
2.252864837646484375e-01,1.804518401622772217e-01
-5.753356814384460449e-01,-7.716918587684631348e-01
8.868414759635925293e-01,-1.220694407820701599e-01
-5.047777295112609863e-01,-7.665657401084899902e-01
2.133214026689529419e-01,9.530646204948425293e-01
4.499250352382659912e-01,-4.185108542442321777e-01
1.968244910240173340e-01,8.049777150154113770e-01
5.120312571525573730e-01,2.543951570987701416e-01
-6.050907373428344727e-01,-7.645438313484191895e-01
3.877184092998504639e-01,-3.771730363368988037e-01
-6.937429308891296387e-01,-3.081027865409851074e-01
2.318670451641082764e-01,-1.157730445265769958e-01
6.037431359291076660e-01,2.576987072825431824e-02
5.511131286621093750e-01,-7.810094952583312988e-01
-8.352512121200561523e-02,9.874494373798370361e-02
-6.054838895797729492e-01,2.208720594644546509e-01
4.144464731216430664e-01,-4.022465050220489502e-01
2.301612198352813721e-01,8.925995230674743652e-01
-5.755027532577514648e-01,-7.699555158615112305e-01
1.913745701313018799e-01,9.731742739677429199e-01
-5.004269480705261230e-01,1.739616990089416504e-01
-2.780744731426239014e-01,5.656316876411437988e-01
1.195867881178855896e-01,9.138282537460327148e-01
8.303706347942352295e-02,4.436278715729713440e-02
6.122329831123352051e-01,2.281593978404998779e-01
4.243209064006805420e-01,-4.138218760490417480e-01
-9.506872892379760742e-01,-1.940727829933166504e-01
4.102867245674133301e-01,-3.965308964252471924e-01
-6.752714514732360840e-01,-3.033018112182617188e-01
-5.374976396560668945e-01,1.861485838890075684e-01
1.036371812224388123e-01,9.059931039810180664e-01
2.246887087821960449e-01,-3.323736488819122314e-01
-3.375970199704170227e-02,4.084902703762054443e-01
1.996601372957229614e-01,7.922615408897399902e-01
-5.904844999313354492e-01,-3.566044270992279053e-01
1.237689852714538574e-01,8.779531121253967285e-01
-6.750723719596862793e-01,-3.030507564544677734e-01
-5.522395968437194824e-01,-7.670501470565795898e-01
1.534874737262725830e-01,9.583013653755187988e-01
1.233978420495986938e-01,8.780274391174316406e-01
-4.105443358421325684e-01,-5.192500948905944824e-01
-5.726262927055358887e-01,-7.704754471778869629e-01
2.083607912063598633e-01,8.517069220542907715e-01
-4.184007346630096436e-01,-7.378481626510620117e-01
-5.950487256050109863e-01,-7.683433890342712402e-01
4.749644398689270020e-01,-4.411229193210601807e-01
-5.751066803932189941e-01,-7.706788778305053711e-01
-6.347032189369201660e-01,-7.288795113563537598e-01
5.614450573921203613e-01,-7.855689525604248047e-01
2.521805763244628906e-01,-4.823381081223487854e-02
1.958441287279129028e-01,8.071169853210449219e-01
-5.454582571983337402e-01,-7.690479159355163574e-01
1.207697242498397827e-01,9.317045807838439941e-01
2.244949340820312500e-01,1.796504110097885132e-01
8.881178498268127441e-01,-1.199695691466331482e-01
1.943262219429016113e-01,9.743111133575439453e-01
8.229921758174896240e-02,8.379030823707580566e-01
8.144556879997253418e-01,-6.699531525373458862e-02
2.120250016450881958e-01,-2.782386541366577148e-01
-6.047310829162597656e-01,2.199400514364242554e-01
1.178169995546340942e-01,9.228484034538269043e-01
-6.056538820266723633e-01,2.204316109418869019e-01
-5.483563542366027832e-01,1.927139610052108765e-01
5.036599934101104736e-03,-1.870117187500000000e-01
-5.369657874107360840e-01,-7.675256133079528809e-01
-4.073256850242614746e-01,-7.197163105010986328e-01
-5.122491717338562012e-01,-7.590103149414062500e-01
-5.119954347610473633e-01,-7.382924556732177734e-01
8.261448740959167480e-01,-9.175452589988708496e-02
4.293937385082244873e-01,-4.187671244144439697e-01
-5.857512950897216797e-01,-7.699281573295593262e-01
-6.420905590057373047e-01,-6.867784857749938965e-01
3.106995224952697754e-01,7.282710820436477661e-02
4.440490007400512695e-01,-4.263425171375274658e-01
-4.892067611217498779e-01,-7.517728209495544434e-01
1.522225327789783478e-02,-2.041018605232238770e-01
2.009935379028320312e-01,7.938245534896850586e-01
-2.306450754404067993e-01,-2.684057950973510742e-01
-4.095636606216430664e-01,-6.799952387809753418e-01
4.938118159770965576e-01,4.976426437497138977e-02
2.053605318069458008e-01,7.737260460853576660e-01
3.576240837574005127e-01,-3.472891151905059814e-01
4.081774353981018066e-01,4.537498578429222107e-02
8.295906186103820801e-01,-9.039296954870223999e-02
-7.895517349243164062e-01,2.503100931644439697e-01
-5.432811975479125977e-01,-7.682379484176635742e-01
2.125358283519744873e-01,9.548478722572326660e-01
-5.472841262817382812e-01,-7.710596323013305664e-01
-5.984448790550231934e-01,-7.667108774185180664e-01
-6.022298336029052734e-01,-7.655587792396545410e-01
4.024150967597961426e-01,-3.322593569755554199e-01
2.088260948657989502e-01,-1.788263916969299316e-01
1.942029297351837158e-01,9.742795825004577637e-01
-6.939890980720520020e-01,-3.080115318298339844e-01
6.746292710304260254e-01,1.754155009984970093e-01
3.955051302909851074e-01,-2.850022912025451660e-01
-2.780271470546722412e-01,5.653933286666870117e-01
-2.245034128427505493e-01,-2.449727356433868408e-01
1.963917165994644165e-01,7.983602285385131836e-01
1.859528720378875732e-01,9.706606864929199219e-01
2.717339992523193359e-01,-5.209151506423950195e-01
6.304531544446945190e-02,6.617599725723266602e-02
9.044197946786880493e-02,8.797082304954528809e-01
-8.820098042488098145e-01,3.973369896411895752e-01
1.535075306892395020e-01,9.586542248725891113e-01
-6.048467159271240234e-01,2.199227362871170044e-01
5.357789397239685059e-01,7.107614725828170776e-02
1.241992264986038208e-01,9.348351359367370605e-01
-5.032407045364379883e-01,-7.521975636482238770e-01
-5.924876928329467773e-01,-7.685959935188293457e-01
-4.239586889743804932e-01,1.320689916610717773e-01
6.122566461563110352e-01,2.280544191598892212e-01
8.627471923828125000e-01,-9.248939901590347290e-02
2.030243128538131714e-01,-1.923508346080780029e-01
1.942801624536514282e-01,9.743111133575439453e-01
-6.000804901123046875e-01,2.168389260768890381e-01
5.615302920341491699e-01,-7.856808304786682129e-01
2.318492233753204346e-01,-3.404018282890319824e-02
-2.780989408493041992e-01,5.676482319831848145e-01
-4.916934370994567871e-01,-7.592833042144775391e-01
3.332824409008026123e-01,4.855256080627441406e-01
-2.801449894905090332e-01,5.268160104751586914e-01
-3.137772679328918457e-01,5.239560008049011230e-01
-5.261399745941162109e-01,2.564547359943389893e-01
1.107077673077583313e-01,2.491610497236251831e-01
-4.216802716255187988e-01,-7.347368597984313965e-01
-2.781645953655242920e-01,5.673456788063049316e-01
-9.505340456962585449e-01,-1.940323263406753540e-01
1.842367947101593018e-01,-4.926982149481773376e-02
4.300617277622222900e-01,-4.205287694931030273e-01
1.858670562505722046e-01,9.705392122268676758e-01
1.995480805635452271e-01,7.965390086174011230e-01
-2.780503928661346436e-01,5.670614242553710938e-01
-6.346780061721801758e-01,-7.288531064987182617e-01
2.297749519348144531e-01,1.722225397825241089e-01
4.782283604145050049e-01,-4.396616220474243164e-01
1.208937391638755798e-01,2.405606806278228760e-01
1.960510015487670898e-01,-1.318642646074295044e-01
-6.141405701637268066e-01,-7.626968622207641602e-01
1.159058809280395508e-01,5.395311862230300903e-02
2.268472611904144287e-01,4.202383011579513550e-02
-6.050698161125183105e-01,-7.656740546226501465e-01
5.958133339881896973e-01,2.130373120307922363e-01
2.438003122806549072e-01,1.621100455522537231e-01
-4.137657880783081055e-01,-7.311421036720275879e-01
-3.939149975776672363e-01,-7.125525474548339844e-01
1.544019579887390137e-01,9.590584635734558105e-01
4.669062793254852295e-01,-4.332190752029418945e-01
1.334507614374160767e-01,8.575918078422546387e-01
-6.052080988883972168e-01,2.202843427658081055e-01
1.567387431859970093e-01,-8.943776600062847137e-03
7.038765549659729004e-01,-8.318510651588439941e-02
-6.939836144447326660e-01,-3.080689311027526855e-01
8.849465847015380859e-01,-1.157442256808280945e-01
1.061305105686187744e-01,2.355367243289947510e-01
-8.818824291229248047e-01,3.972738087177276611e-01
1.352516114711761475e-01,8.359355330467224121e-01
1.918727457523345947e-01,2.763321399688720703e-01
2.301360815763473511e-01,8.930485248565673828e-01
1.642568260431289673e-01,8.302048444747924805e-01
2.294728010892868042e-01,8.981881141662597656e-01
5.615121722221374512e-01,-7.856621146202087402e-01
-6.046860218048095703e-01,2.199159860610961914e-01
-8.159059286117553711e-02,-5.758960247039794922e-01
6.297793984413146973e-01,1.914868801832199097e-01
2.118109166622161865e-01,7.688593864440917969e-01
4.013268351554870605e-01,3.550559282302856445e-01
-6.241120100021362305e-01,-7.495667934417724609e-01
1.892449110746383667e-01,-1.396701335906982422e-01
5.834192633628845215e-01,1.456824243068695068e-01
2.301321774721145630e-01,8.929014205932617188e-01
-1.927936971187591553e-01,5.094188451766967773e-01
3.434439301490783691e-01,-1.987051963806152344e-02
4.043424725532531738e-01,-3.865637183189392090e-01
2.673375308513641357e-01,6.486385464668273926e-01
-2.250908464193344116e-01,-1.676367074251174927e-01
-2.801797986030578613e-01,5.271252989768981934e-01
-4.729906842112541199e-02,3.647462427616119385e-01
1.114371195435523987e-01,2.538233697414398193e-01
-6.141410470008850098e-01,-7.626953125000000000e-01
-8.702223747968673706e-02,-5.410189032554626465e-01
-5.493842363357543945e-01,-7.696826457977294922e-01
-9.582313895225524902e-02,-1.077530682086944580e-01
-6.755790114402770996e-01,-3.033878505229949951e-01
3.034820854663848877e-01,9.213049709796905518e-02
2.759931683540344238e-01,-5.236591100692749023e-01
4.391908049583435059e-01,3.616270720958709717e-01
-1.777984350919723511e-01,-6.871573328971862793e-01
3.591490536928176880e-02,4.164858758449554443e-01
4.397416114807128906e-01,-4.133915901184082031e-01
4.290517568588256836e-01,1.424385309219360352e-01
4.294618070125579834e-01,-4.196977615356445312e-01
1.791460961103439331e-01,2.011135071516036987e-01
-6.760549545288085938e-01,-3.034450411796569824e-01
-5.623089149594306946e-02,3.872024118900299072e-01
-6.141276359558105469e-01,-7.626920342445373535e-01
3.630849123001098633e-01,4.522038996219635010e-01
7.917482852935791016e-01,-1.321423053741455078e-01
3.110491437837481499e-03,3.047817386686801910e-02
-2.702940106391906738e-01,4.712993204593658447e-01
3.639549389481544495e-02,3.952913582324981689e-01
-8.704093843698501587e-02,-5.406885147094726562e-01
2.016530781984329224e-01,7.928025126457214355e-01
2.304019927978515625e-01,8.890927433967590332e-01
-6.141006350517272949e-01,-7.626738548278808594e-01
-4.091712832450866699e-01,-5.722293853759765625e-01
-2.801055610179901123e-01,5.268508195877075195e-01
2.558620572090148926e-01,1.359476745128631592e-01
1.705917865037918091e-01,-7.110597193241119385e-02
1.166763752698898315e-01,8.070604801177978516e-01
2.436576336622238159e-01,1.724641919136047363e-01
4.585855603218078613e-01,3.661540746688842773e-01
4.687627553939819336e-01,-2.536581158638000488e-01
2.276079356670379639e-01,-3.807844817638397217e-01
2.517961561679840088e-01,-4.871112480759620667e-02
-5.457370281219482422e-01,-7.700974345207214355e-01
-6.938407421112060547e-01,-3.080638051033020020e-01
4.931607544422149658e-01,2.359694987535476685e-01
3.185360133647918701e-01,4.520280659198760986e-01
8.852947950363159180e-01,-1.158905252814292908e-01
1.943123042583465576e-01,9.743131399154663086e-01
5.615389347076416016e-01,-7.856947779655456543e-01
8.490001559257507324e-01,-7.464265823364257812e-02
-4.005129039287567139e-01,1.228148415684700012e-01
-6.064441800117492676e-01,3.344656825065612793e-01
-5.430138111114501953e-01,1.880679279565811157e-01
8.533034324645996094e-01,-9.023811668157577515e-02
1.952425390481948853e-01,1.179695725440979004e-01
1.278502792119979858e-01,9.377267956733703613e-01
2.487826794385910034e-01,6.777341365814208984e-01
-2.532638311386108398e-01,1.043506339192390442e-01
3.234762251377105713e-01,-2.669404447078704834e-01
-5.306276082992553711e-01,-7.655631303787231445e-01
1.284430176019668579e-01,1.358732432126998901e-01
-3.978676795959472656e-01,-4.604558944702148438e-01
3.885518610477447510e-01,-2.690606117248535156e-01
3.173664808273315430e-01,1.094839423894882202e-01
2.247559130191802979e-01,1.802165806293487549e-01
3.029064834117889404e-01,3.819426298141479492e-01
-4.902448654174804688e-01,1.648902148008346558e-01
8.809282779693603516e-01,-1.275927722454071045e-01
1.992576122283935547e-01,7.988353371620178223e-01
2.784503996372222900e-01,-5.234456658363342285e-01
-6.755148172378540039e-01,-3.034154474735260010e-01
3.164553940296173096e-01,1.054553762078285217e-01
-6.022228002548217773e-01,-7.665551900863647461e-01
9.054297208786010742e-02,8.800008296966552734e-01
-1.398017704486846924e-01,4.333979785442352295e-01
2.114132344722747803e-01,7.429475337266921997e-02
1.989676058292388916e-01,8.078582286834716797e-01
2.105438411235809326e-01,2.116774469614028931e-01
1.943104714155197144e-01,9.743238091468811035e-01
2.522055804729461670e-01,-4.898922517895698547e-02
1.890437006950378418e-01,-1.190538629889488220e-01
2.856598496437072754e-01,-4.119611382484436035e-01
3.881010711193084717e-01,4.820855259895324707e-01
-4.523293972015380859e-01,-7.625675797462463379e-01
-5.919085741043090820e-01,-7.657248377799987793e-01
5.615544915199279785e-01,-7.857166528701782227e-01
-6.065284609794616699e-01,3.345341384410858154e-01
-4.625409543514251709e-01,-4.297910928726196289e-01
-2.782281041145324707e-01,5.667499899864196777e-01
3.975874185562133789e-01,4.191473424434661865e-01
4.075933098793029785e-01,4.490764066576957703e-02
-4.393117427825927734e-01,-5.961812734603881836e-01
-8.817946910858154297e-01,3.972311615943908691e-01
-6.049429178237915039e-01,2.199473679065704346e-01
-5.121767520904541016e-01,3.181745409965515137e-01
8.419418707489967346e-03,-7.806621491909027100e-02
-6.051895022392272949e-01,2.218531668186187744e-01
1.475902348756790161e-01,9.551455974578857422e-01
1.045359075069427490e-01,2.932504564523696899e-02
-7.276614755392074585e-02,-5.324234962463378906e-01
-5.405021309852600098e-01,-7.652155160903930664e-01
4.246561825275421143e-01,4.166102707386016846e-01
-5.508168339729309082e-01,-7.707796096801757812e-01
-4.359026253223419189e-01,1.476457715034484863e-01
3.478039205074310303e-01,4.239354729652404785e-01
-2.247146517038345337e-01,-4.400784969329833984e-01
3.726172745227813721e-01,3.506354391574859619e-01
3.922089040279388428e-01,4.243611693382263184e-01
8.794903159141540527e-01,-1.090699508786201477e-01
8.185634613037109375e-01,-6.919679790735244751e-02
1.369964033365249634e-01,8.426892757415771484e-01
-5.354110002517700195e-01,1.815424114465713501e-01
9.029599279165267944e-02,8.793200850486755371e-01
2.921651601791381836e-01,6.086656451225280762e-01
-2.516564428806304932e-01,-7.977341413497924805e-01
2.107952535152435303e-01,9.579322934150695801e-01
8.851377367973327637e-01,-1.157696545124053955e-01
6.251108646392822266e-01,1.178170144557952881e-01
2.157638818025588989e-01,3.509502410888671875e-01
-2.782701849937438965e-01,5.677002668380737305e-01
8.729769587516784668e-01,-1.302036792039871216e-01
-6.421241164207458496e-01,-6.834163069725036621e-01
-4.571292102336883545e-01,1.641887277364730835e-01
1.548219472169876099e-01,9.584410190582275391e-01
-9.506660103797912598e-01,-1.940737366676330566e-01
6.891016364097595215e-01,-2.334612049162387848e-02
-6.011258363723754883e-01,-7.668153047561645508e-01
2.983400523662567139e-01,1.625783294439315796e-01
-5.175708532333374023e-01,1.801542788743972778e-01
8.252205252647399902e-01,-9.249358624219894409e-02
2.243638783693313599e-01,1.801996827125549316e-01
2.132256329059600830e-01,7.654567360877990723e-01
-5.540176033973693848e-01,-7.703016400337219238e-01
1.820538192987442017e-01,9.679284691810607910e-01
-5.293042063713073730e-01,-7.711791396141052246e-01
3.834686279296875000e-01,-3.518956005573272705e-01
8.756283521652221680e-01,-1.313920766115188599e-01
-3.973180651664733887e-01,-7.153714895248413086e-01
-4.841204285621643066e-01,1.464763283729553223e-01
5.615196824073791504e-01,-7.856638431549072266e-01
-4.527645111083984375e-01,1.369322389364242554e-01
-6.140401363372802734e-01,-7.626930475234985352e-01
2.168572694063186646e-01,1.955454051494598389e-01
-5.064336210489273071e-02,-5.672425031661987305e-01
8.895359039306640625e-01,-1.228989437222480774e-01
-1.025174744427204132e-02,4.477145150303840637e-02
-2.913620471954345703e-01,1.124252527952194214e-01
8.779798150062561035e-01,-1.302912831306457520e-01
5.614532828330993652e-01,-7.855778336524963379e-01
-4.893532693386077881e-01,-7.715325355529785156e-01
-2.779645621776580811e-01,5.678945183753967285e-01
1.482084989547729492e-01,9.556731581687927246e-01
4.596221446990966797e-01,1.973578333854675293e-01
2.187264263629913330e-01,7.487924098968505859e-01
7.416738271713256836e-01,-1.037615258246660233e-02
-6.141135096549987793e-01,-7.627004981040954590e-01
-4.144807159900665283e-01,1.028366014361381531e-01
2.431558221578598022e-01,-4.696210920810699463e-01
2.336280494928359985e-01,8.468446880578994751e-02
8.237515389919281006e-02,-1.364661497063934803e-03
-9.585341811180114746e-02,-1.075450479984283447e-01
2.115162461996078491e-01,7.676163911819458008e-01
2.302266061305999756e-01,8.916939496994018555e-01
-5.710625648498535156e-01,-7.715197801589965820e-01
-3.953672349452972412e-01,1.192158535122871399e-01
-6.010763049125671387e-01,-7.657216787338256836e-01
7.992298603057861328e-01,-6.184667348861694336e-02
8.490423113107681274e-02,-4.777037501335144043e-01
-3.894852101802825928e-01,-7.061691880226135254e-01
-4.974732995033264160e-01,-7.638028860092163086e-01
-5.664173960685729980e-01,-7.712547779083251953e-01
-6.141273379325866699e-01,-7.626895308494567871e-01
4.441098868846893311e-01,3.895519673824310303e-01
1.250668764114379883e-01,9.282469153404235840e-01
1.087214704602956772e-02,7.996040582656860352e-02
3.675685822963714600e-01,-3.582932949066162109e-01
8.253015875816345215e-01,-9.239827841520309448e-02
8.217442631721496582e-01,-9.018286317586898804e-02
2.274797558784484863e-01,7.178770303726196289e-01
2.846577949821949005e-02,1.748936772346496582e-01
8.896021842956542969e-01,-1.228982731699943542e-01
2.227371633052825928e-01,7.413135170936584473e-01
1.430501341819763184e-01,6.427472829818725586e-02
8.751059770584106445e-01,-1.127955317497253418e-01
4.749848842620849609e-01,-4.410303831100463867e-01
-5.597004890441894531e-01,-7.706601023674011230e-01
-4.575369060039520264e-01,-7.665724754333496094e-01
-4.428139328956604004e-01,1.457154154777526855e-01
4.533980190753936768e-01,-4.294528961181640625e-01
8.895708918571472168e-01,-1.229121163487434387e-01
-5.390073657035827637e-01,-7.724666595458984375e-01
2.467386573553085327e-01,6.968037486076354980e-01
-3.168353140354156494e-01,1.313045918941497803e-01
-5.014346241950988770e-01,-7.554705142974853516e-01
-6.141052842140197754e-01,-7.626791596412658691e-01
-5.407599210739135742e-01,-7.663975358009338379e-01
-5.080172419548034668e-01,-7.708013057708740234e-01
-7.905647754669189453e-01,2.503463625907897949e-01
-4.135940372943878174e-01,-7.301592826843261719e-01
2.385680824518203735e-01,1.593632251024246216e-01
1.185435205698013306e-01,9.049359560012817383e-01
-3.841163814067840576e-01,-6.950247287750244141e-01
3.985709846019744873e-01,4.220530092716217041e-01
1.744162291288375854e-01,9.650001525878906250e-01
8.892106413841247559e-01,-1.225885748863220215e-01
1.129716038703918457e-01,8.627499938011169434e-01
7.833516597747802734e-01,-2.977595850825309753e-02
1.307836025953292847e-01,9.406090974807739258e-01
-6.052908301353454590e-01,2.204878032207489014e-01
7.798888683319091797e-01,-8.700368553400039673e-02
-6.174306273460388184e-01,-6.166402697563171387e-01
5.039993524551391602e-01,1.882392019033432007e-01
3.258136510848999023e-01,2.059781849384307861e-01
5.495828390121459961e-01,1.790678501129150391e-01
-4.514338672161102295e-01,-7.542391419410705566e-01
4.984057843685150146e-01,1.668738275766372681e-01
-3.985809683799743652e-01,-7.141215205192565918e-01
1.214586794376373291e-01,8.822618126869201660e-01
-4.371358752250671387e-01,-7.560840845108032227e-01
2.299302369356155396e-01,-1.077757999300956726e-01
-5.420185327529907227e-01,-7.685857415199279785e-01
-2.882088124752044678e-01,-7.340798974037170410e-01
-3.961994647979736328e-01,-7.156483530998229980e-01
3.342139720916748047e-01,-2.139733880758285522e-01
-3.929229974746704102e-01,-7.119421362876892090e-01
-2.778826355934143066e-01,5.668355822563171387e-01
1.476213485002517700e-01,5.405019503086805344e-03
2.073220908641815186e-02,-3.281908342614769936e-03
5.614743828773498535e-01,-7.856050133705139160e-01
2.736257910728454590e-01,6.283057928085327148e-01
-6.071835160255432129e-01,-7.645555734634399414e-01
-5.668458342552185059e-01,-7.719072103500366211e-01
-6.172723174095153809e-01,-5.744673013687133789e-01
-6.050074100494384766e-01,2.199589163064956665e-01
-5.456045866012573242e-01,-7.708056569099426270e-01
3.014569878578186035e-01,2.514868080615997314e-01
2.053130865097045898e-01,9.656180739402770996e-01
5.615865588188171387e-01,-7.857559323310852051e-01
-4.553358852863311768e-01,-7.660176753997802734e-01
4.301108419895172119e-01,-4.205269217491149902e-01
-4.574660956859588623e-01,-7.663609385490417480e-01
2.278148531913757324e-01,-1.095646023750305176e-01
2.170422971248626709e-01,7.505522966384887695e-01
-4.187215566635131836e-01,-5.709934234619140625e-01
-3.878195956349372864e-02,4.207225143909454346e-02
-5.382159948348999023e-01,2.043791711330413818e-01
2.301396876573562622e-01,8.923133611679077148e-01
9.957115352153778076e-02,1.435183286666870117e-01
-8.740520477294921875e-02,-5.411332845687866211e-01
2.792031466960906982e-01,1.474243253469467163e-01
2.035822868347167969e-01,8.286688327789306641e-01
3.795196413993835449e-01,4.081123694777488708e-02
-4.516847133636474609e-01,-7.628139853477478027e-01
-2.779947519302368164e-01,5.665818452835083008e-01
-5.572043061256408691e-01,-7.723776102066040039e-01
-5.392451882362365723e-01,-7.690470814704895020e-01
-7.899807095527648926e-01,2.501977682113647461e-01
1.945897489786148071e-01,5.955678969621658325e-02
2.562176585197448730e-01,2.046016901731491089e-01
8.630099296569824219e-01,-9.110065549612045288e-02
2.140399664640426636e-01,2.052141726016998291e-01
-3.269333541393280029e-01,1.286287754774093628e-01
1.355355232954025269e-01,-3.803796172142028809e-01
2.052513957023620605e-01,9.659915566444396973e-01
-4.004886448383331299e-01,1.285993307828903198e-01
-6.050063967704772949e-01,2.200656235218048096e-01
2.871777713298797607e-01,-1.270691156387329102e-01
2.022502422332763672e-01,9.690812230110168457e-01
3.688487112522125244e-01,-1.692169904708862305e-01
-3.521937131881713867e-01,1.349868774414062500e-01
4.302940070629119873e-01,-4.207527041435241699e-01
-6.051525473594665527e-01,2.204985916614532471e-01
4.028844833374023438e-01,4.365225136280059814e-01
3.187445700168609619e-01,1.006075739860534668e-01
2.308566123247146606e-01,-8.805265277624130249e-02
8.541623950004577637e-01,-8.358342945575714111e-02
8.227986097335815430e-01,-7.594411820173263550e-02
-4.453261792659759521e-01,-7.284252643585205078e-01
-2.381604462862014771e-01,9.545060247182846069e-02
-5.908361077308654785e-01,-7.678872942924499512e-01
2.287390530109405518e-01,8.775604367256164551e-01
8.752724528312683105e-01,-1.039041876792907715e-01
-5.038853287696838379e-01,-7.465121150016784668e-01
-4.437720179557800293e-01,1.327864825725555420e-01
4.142768085002899170e-01,-4.023278653621673584e-01
4.217045307159423828e-01,-2.981626093387603760e-01
-4.926422536373138428e-01,1.709311604499816895e-01
1.957495361566543579e-01,7.885118126869201660e-01
1.857288628816604614e-01,9.704680442810058594e-01
-9.506870508193969727e-01,-1.940716058015823364e-01
4.005947113037109375e-01,-4.473410546779632568e-01
8.895264267921447754e-01,-1.229164749383926392e-01
8.127484321594238281e-01,-6.465446949005126953e-02
-6.275885105133056641e-01,-6.044028401374816895e-01
1.867734342813491821e-01,7.758601307868957520e-01
-4.512160122394561768e-01,1.366496831178665161e-01
-9.505449533462524414e-01,-1.940349638462066650e-01
-6.010187864303588867e-01,-7.653322815895080566e-01
1.313936710357666016e-01,9.356687664985656738e-01
9.050345420837402344e-02,8.797758221626281738e-01
-5.242530107498168945e-01,-7.601988911628723145e-01
1.199356615543365479e-01,9.159407019615173340e-01
-3.938780725002288818e-01,-7.102526426315307617e-01
-5.838938951492309570e-01,-7.697754502296447754e-01
2.754105031490325928e-01,-5.234209299087524414e-01
2.372462898492813110e-01,-4.494485557079315186e-01
1.597949415445327759e-01,9.607994556427001953e-01
-2.779244482517242432e-01,5.670472979545593262e-01
-5.580888986587524414e-01,1.936005949974060059e-01
5.475401282310485840e-01,2.623455822467803955e-01
-2.780575454235076904e-01,5.672122240066528320e-01
1.973388530313968658e-02,-2.379030436277389526e-01
-3.553285002708435059e-01,9.572401642799377441e-02
1.876251250505447388e-01,9.716067910194396973e-01
-9.506261348724365234e-01,-1.940568089485168457e-01
-5.668717622756958008e-01,-7.707861065864562988e-01
-4.086055234074592590e-02,3.051024973392486572e-01
2.300740927457809448e-01,8.927491903305053711e-01
-5.463079214096069336e-01,-7.726256251335144043e-01
4.300823807716369629e-01,-4.204894304275512695e-01
-6.298310160636901855e-01,-7.398284673690795898e-01
1.998885273933410645e-01,9.712336659431457520e-01
2.108991742134094238e-01,4.894629865884780884e-02
-5.950330495834350586e-01,-7.673571705818176270e-01
5.615806579589843750e-01,-7.857472896575927734e-01
8.357785940170288086e-01,-7.458391785621643066e-02
6.123151183128356934e-01,2.281782627105712891e-01
2.357095777988433838e-01,7.219901084899902344e-01
2.045468538999557495e-01,9.668447375297546387e-01
6.759199500083923340e-01,6.081529334187507629e-02
-6.096968650817871094e-01,-7.642003297805786133e-01
4.293321073055267334e-01,-4.185389876365661621e-01
4.780303239822387695e-01,-4.395312666893005371e-01
1.163898967206478119e-02,5.794403702020645142e-02
1.335197538137435913e-01,9.447376728057861328e-01
-3.916575014591217041e-01,-6.958158612251281738e-01
1.047490164637565613e-01,8.779911398887634277e-01
1.542259305715560913e-01,9.588750600814819336e-01
1.815364360809326172e-01,8.041215538978576660e-01
3.125104010105133057e-01,1.923973560333251953e-01
-4.014248251914978027e-01,1.227444559335708618e-01
-5.139815211296081543e-01,-7.529907822608947754e-01
-5.406825542449951172e-01,-7.652684450149536133e-01
2.119721174240112305e-01,9.532195329666137695e-01
4.024664685130119324e-02,-1.504345089197158813e-01
-6.001510024070739746e-01,-7.651182413101196289e-01
-5.029747486114501953e-01,-7.548491358757019043e-01
-4.053055047988891602e-01,-5.799979567527770996e-01
-3.939162790775299072e-01,-5.665354728698730469e-01
4.128749370574951172e-01,-2.185855805873870850e-01
-6.065953969955444336e-01,3.349108099937438965e-01
3.248403966426849365e-01,-1.204257458448410034e-02
-5.969809889793395996e-01,-7.674723863601684570e-01
-6.141316890716552734e-01,-7.627314925193786621e-01
2.125234007835388184e-01,9.548643231391906738e-01
-3.871133923530578613e-01,-6.906038522720336914e-01
1.420426815748214722e-01,9.510286450386047363e-01
8.377135992050170898e-01,-1.297090500593185425e-01
1.578339785337448120e-01,8.406782746315002441e-01
-1.893139928579330444e-01,5.092067718505859375e-01
3.229841589927673340e-01,-6.877472251653671265e-02
-5.617264509201049805e-01,-7.700826525688171387e-01
-8.818839192390441895e-01,3.972744643688201904e-01
-4.222090542316436768e-01,1.315479725599288940e-01
3.165748417377471924e-01,1.053527593612670898e-01
3.227183818817138672e-01,-1.217207685112953186e-01
3.462556898593902588e-01,-2.145683579146862030e-02
-3.970469534397125244e-01,-4.979559183120727539e-01
8.894351124763488770e-01,-1.228732839226722717e-01
-5.925167202949523926e-01,-7.688331007957458496e-01
-6.050481796264648438e-01,2.200363129377365112e-01
-5.679448843002319336e-01,-4.448279142379760742e-01
4.707101583480834961e-01,-2.401133626699447632e-01
2.211320698261260986e-01,4.605883732438087463e-02
5.399527549743652344e-01,6.926559656858444214e-02
4.005181193351745605e-01,-3.827107250690460205e-01
-5.803035199642181396e-02,2.491759359836578369e-01
5.420250296592712402e-01,2.353980690240859985e-01
1.878468394279479980e-01,9.717133045196533203e-01
9.042222797870635986e-02,8.796040415763854980e-01
-4.400419890880584717e-01,1.374969482421875000e-01
-8.818814754486083984e-01,3.972730636596679688e-01
-2.007222026586532593e-01,1.012140959501266479e-01
4.248396456241607666e-01,4.162322878837585449e-01
-5.044324398040771484e-01,-7.578676939010620117e-01
2.256212383508682251e-01,-2.965274751186370850e-01
-9.505426883697509766e-01,-1.940347999334335327e-01
6.000835448503494263e-02,3.348846733570098877e-01
2.291235774755477905e-01,7.146014571189880371e-01
-7.014566659927368164e-01,6.574018001556396484e-01
-4.008992910385131836e-01,1.225417703390121460e-01
5.834485292434692383e-01,4.811050370335578918e-02
8.780810236930847168e-01,-1.274393200874328613e-01
-5.692634582519531250e-01,-7.705327272415161133e-01
-3.792403042316436768e-01,-6.932968497276306152e-01
1.283351629972457886e-01,8.699849247932434082e-01
4.816818833351135254e-01,2.120009511709213257e-01
1.733874231576919556e-01,9.648399353027343750e-01
5.614423751831054688e-01,-7.855644226074218750e-01
3.172720372676849365e-01,1.867736876010894775e-01
4.291438460350036621e-01,-4.192632436752319336e-01
-3.899872303009033203e-01,-7.067579030990600586e-01
8.250659108161926270e-01,-9.259656816720962524e-02
1.030431464314460754e-01,1.823445111513137817e-01
5.680406093597412109e-02,-6.555642175953835249e-05
3.851269483566284180e-01,4.484084546566009521e-01
8.836060166358947754e-01,-1.144905313849449158e-01
-5.327111482620239258e-01,1.946081668138504028e-01
8.834534883499145508e-01,-1.259922236204147339e-01
8.226471543312072754e-01,-9.254897385835647583e-02
1.361481845378875732e-01,9.429395198822021484e-01
4.584661424160003662e-01,-4.290416836738586426e-01
-4.204400777816772461e-01,-7.355724573135375977e-01
-2.780037522315979004e-01,5.676289200782775879e-01
9.037294238805770874e-02,8.795869350433349609e-01
4.646139144897460938e-01,-2.565614581108093262e-01
7.639902830123901367e-02,4.031670838594436646e-02
3.166035711765289307e-01,1.053830310702323914e-01
2.256087511777877808e-01,8.685362935066223145e-01
8.402234315872192383e-01,-6.214014068245887756e-02
3.124012351036071777e-01,1.656503975391387939e-01
-3.691133856773376465e-01,1.129358783364295959e-01
5.511025786399841309e-01,-7.809949517250061035e-01
8.781297206878662109e-01,-1.068329960107803345e-01
-2.517107427120208740e-01,-7.979835867881774902e-01
-2.808118760585784912e-01,4.481303989887237549e-01
-4.948493242263793945e-01,1.713467538356781006e-01
2.113844752311706543e-01,7.683810591697692871e-01
1.286830008029937744e-01,8.648114800453186035e-01
4.712155163288116455e-01,-2.152208834886550903e-01
-5.376966595649719238e-01,-3.862866163253784180e-01
1.302962452173233032e-01,1.569703803397715092e-03
8.897610306739807129e-01,-1.229471415281295776e-01
1.858830600976943970e-01,9.705650806427001953e-01
-5.682234764099121094e-01,-7.718379497528076172e-01
3.752893507480621338e-01,2.992201149463653564e-01
3.425682485103607178e-01,-2.410173788666725159e-02
4.432662129402160645e-01,3.095265626907348633e-01
6.206609010696411133e-01,2.218834012746810913e-01
-6.024503707885742188e-01,-7.659342288970947266e-01
-6.100987792015075684e-01,-7.640954256057739258e-01
-8.822619915008544922e-01,3.974564969539642334e-01
-6.055074334144592285e-01,-7.650632858276367188e-01
5.409134924411773682e-02,1.221456006169319153e-01
3.712303042411804199e-01,1.508393045514822006e-02
1.109080463647842407e-01,2.540011703968048096e-01
-5.973195433616638184e-01,-7.670947909355163574e-01
8.886313438415527344e-02,-4.441505298018455505e-03
9.530083835124969482e-02,-3.831638097763061523e-01
1.990518867969512939e-01,8.038597702980041504e-01
1.943597048521041870e-01,9.742956757545471191e-01
2.250421047210693359e-01,1.801185607910156250e-01
2.913656830787658691e-01,-3.067289292812347412e-01
3.467234969139099121e-01,6.834707409143447876e-02
-4.023361504077911377e-01,-5.008245706558227539e-01
-5.132207870483398438e-01,2.023265659809112549e-01
8.422176837921142578e-01,-1.268640756607055664e-01
-3.781159520149230957e-01,-6.477445363998413086e-01
9.425833076238632202e-02,9.963866323232650757e-02
3.309798240661621094e-01,-2.456917166709899902e-01
2.532709836959838867e-01,-3.559897840023040771e-02
1.871717423200607300e-01,9.713482260704040527e-01
-3.285696804523468018e-01,1.171315237879753113e-01
8.222023248672485352e-01,-8.016497641801834106e-02
-5.847229361534118652e-01,-7.696684002876281738e-01
2.247503697872161865e-01,1.801123619079589844e-01
4.969763457775115967e-01,2.054066509008407593e-01
-4.913813471794128418e-01,1.652421802282333374e-01
-6.057490706443786621e-01,-7.653980851173400879e-01
3.799247145652770996e-01,4.834025725722312927e-02
-6.413535475730895996e-01,-6.732659339904785156e-01
1.430278271436691284e-01,9.427770972251892090e-01
-5.847310423851013184e-01,-7.668024301528930664e-01
1.171592026948928833e-01,9.269806146621704102e-01
4.111096262931823730e-02,3.581667542457580566e-01
-5.399910211563110352e-01,1.858749687671661377e-01
6.219208836555480957e-01,1.184835582971572876e-01
3.316721916198730469e-01,5.238336920738220215e-01
-6.049773693084716797e-01,2.199290841817855835e-01
4.164828658103942871e-01,-4.053739011287689209e-01
-9.504725933074951172e-01,-1.940243691205978394e-01
8.872736096382141113e-01,-1.231955811381340027e-01
-4.008945226669311523e-01,-6.900199651718139648e-01
3.200891911983489990e-01,1.240732222795486450e-01
-9.506337046623229980e-01,-1.940578967332839966e-01
4.174898564815521240e-01,-4.057133197784423828e-01
-6.030298471450805664e-01,-7.646848559379577637e-01
2.786143422126770020e-01,3.331340849399566650e-01
2.611400187015533447e-01,5.052574872970581055e-01
-2.248466946184635162e-02,9.517991542816162109e-02
1.943057030439376831e-01,9.743263125419616699e-01
-2.779033780097961426e-01,5.668950080871582031e-01
-7.015221714973449707e-01,6.574679613113403320e-01
2.090316414833068848e-01,7.683888673782348633e-01
-2.858250215649604797e-02,-1.607049554586410522e-01
-4.699489176273345947e-01,-7.255795598030090332e-01
-2.517421245574951172e-01,-7.980474233627319336e-01
4.576731324195861816e-01,-4.307830333709716797e-01
3.323769867420196533e-01,-3.338798880577087402e-01
3.337283730506896973e-01,5.674563050270080566e-01
-7.793701440095901489e-02,3.952431082725524902e-01
-2.950313389301300049e-01,-2.817638814449310303e-01
-5.444101095199584961e-01,-7.689309120178222656e-01
-6.046925783157348633e-01,2.199202626943588257e-01
1.495551317930221558e-01,9.567540884017944336e-01
9.431780874729156494e-02,8.805289268493652344e-01
2.793342173099517822e-01,2.292318940162658691e-01
6.444904208183288574e-01,9.064033627510070801e-02
8.893043398857116699e-01,-1.227279528975486755e-01
-4.906989037990570068e-01,1.693084388971328735e-01
4.416511356830596924e-01,3.086822330951690674e-01
6.792457699775695801e-01,1.749704629182815552e-01
-6.047166585922241211e-01,2.199323326349258423e-01
-2.800446152687072754e-01,5.269101262092590332e-01
-5.354502797126770020e-01,1.830861419439315796e-01
-5.656755566596984863e-01,-7.704397439956665039e-01
2.167627960443496704e-02,2.410904504358768463e-02
-6.114522814750671387e-01,-5.694542527198791504e-01
-8.819259405136108398e-01,3.972950875759124756e-01
-6.818181872367858887e-01,-3.047127425670623779e-01
4.656919240951538086e-01,-2.566701173782348633e-01
3.014229834079742432e-01,4.656260013580322266e-01
2.301255017518997192e-01,8.932536244392395020e-01
-4.237125515937805176e-01,1.340132206678390503e-01
1.490018665790557861e-01,9.562698602676391602e-01
8.668494820594787598e-01,-1.004725098609924316e-01
-6.943729519844055176e-01,-3.085233569145202637e-01
4.247728586196899414e-01,4.160684049129486084e-01
5.268332362174987793e-01,2.473943978548049927e-01
1.208482962101697922e-02,1.844555437564849854e-01
1.393537521362304688e-01,9.490454196929931641e-01
3.186967670917510986e-01,5.274381637573242188e-01
-9.561379998922348022e-02,-1.074383929371833801e-01
2.521193325519561768e-01,-4.852543398737907410e-02
-5.823948979377746582e-01,2.056608498096466064e-01
4.780417978763580322e-01,-4.395331740379333496e-01
2.027418911457061768e-01,9.685752987861633301e-01
1.877994537353515625e-01,9.716946482658386230e-01
-5.757849812507629395e-01,-7.714962959289550781e-01
2.830390036106109619e-01,-2.704038918018341064e-01
3.151836395263671875e-01,-2.384007275104522705e-01
2.224260419607162476e-01,-1.407343745231628418e-01
2.328483313322067261e-01,6.840490698814392090e-01
1.523469239473342896e-01,9.578911662101745605e-01
1.980447620153427124e-01,8.073013424873352051e-01
-6.029092073440551758e-01,-7.663162946701049805e-01
-4.147900044918060303e-01,-7.383407950401306152e-01
-8.704586327075958252e-02,-5.406842827796936035e-01
5.259603857994079590e-01,6.969846785068511963e-02
3.442548811435699463e-01,-3.420830070972442627e-01
1.215663403272628784e-01,9.259003400802612305e-01
1.973681747913360596e-01,8.113257288932800293e-01
1.609192341566085815e-01,4.995608329772949219e-02
-5.657177567481994629e-01,-4.661284089088439941e-01
-5.973870754241943359e-01,-2.673783600330352783e-01
2.739524841308593750e-01,-5.216846466064453125e-01
2.056836634874343872e-01,3.678687512874603271e-01
1.663898378610610962e-01,8.255060911178588867e-01
-6.058055162429809570e-01,2.210711240768432617e-01
2.246938049793243408e-01,1.795014739036560059e-01
-2.796969115734100342e-01,5.265420675277709961e-01
-4.773147404193878174e-01,-4.511497616767883301e-01
-2.781189382076263428e-01,5.672364234924316406e-01
-6.032618880271911621e-01,-7.661666274070739746e-01
-5.609737634658813477e-01,-7.699157595634460449e-01
4.082044064998626709e-01,4.542849585413932800e-02
-4.211928546428680420e-01,-6.020371243357658386e-02
-4.573543965816497803e-01,-7.663719058036804199e-01
-5.956669449806213379e-01,-7.671481966972351074e-01
-4.007151424884796143e-01,-5.125691890716552734e-01
-1.928359866142272949e-01,5.128709673881530762e-01
3.162404596805572510e-01,1.053328216075897217e-01
2.248556464910507202e-01,4.797966685146093369e-03
-2.727739885449409485e-02,4.216575995087623596e-02
-4.241745173931121826e-01,-7.350004315376281738e-01
-4.523620307445526123e-01,-7.183266282081604004e-01
-4.078013002872467041e-01,1.270725578069686890e-01
4.551767706871032715e-01,6.551615893840789795e-02
-5.098951458930969238e-01,-7.516317367553710938e-01
-2.777578830718994141e-01,5.430097579956054688e-01
-6.940368413925170898e-01,-3.080137968063354492e-01
2.786184549331665039e-01,3.791045844554901123e-01
-3.393863141536712646e-01,1.398645192384719849e-01
2.175185829401016235e-01,7.562844157218933105e-01
5.511295199394226074e-01,-7.810330390930175781e-01
4.750987291336059570e-01,-4.406668543815612793e-01
-5.473760962486267090e-01,-7.691487073898315430e-01
3.060691654682159424e-01,1.005615815520286560e-01
3.465891182422637939e-01,4.671855568885803223e-01
4.299952387809753418e-01,-4.202550649642944336e-01
2.247968018054962158e-01,1.825645864009857178e-01
2.737590968608856201e-01,-5.200001597404479980e-01
6.510660648345947266e-01,8.761916309595108032e-02
1.244000643491744995e-01,8.744125366210937500e-01
2.797592878341674805e-01,3.100048601627349854e-01
1.340135633945465088e-01,8.547381162643432617e-01
-5.282784700393676758e-01,-7.641772627830505371e-01
-6.938894987106323242e-01,-3.080286383628845215e-01
-5.015834569931030273e-01,1.714042276144027710e-01
-4.627544879913330078e-01,-7.305823564529418945e-01
-6.260535717010498047e-01,-6.034684181213378906e-01
-6.052837967872619629e-01,-7.656561136245727539e-01
4.174185991287231445e-01,-4.065844118595123291e-01
-3.344644606113433838e-01,1.345559209585189819e-01
5.997967720031738281e-01,1.427958756685256958e-01
-4.153253138065338135e-01,-7.351679801940917969e-01
8.153612613677978516e-01,-7.133009284734725952e-02
3.447947800159454346e-01,-1.442968100309371948e-02
8.890997171401977539e-01,-1.222020536661148071e-01
1.003966331481933594e-01,8.905726671218872070e-01
3.164966702461242676e-01,1.049503087997436523e-01
2.744138836860656738e-01,6.428482383489608765e-02
6.103697419166564941e-01,4.884491115808486938e-02
2.980211675167083740e-01,1.861918717622756958e-01
-1.355620026588439941e-01,8.071757853031158447e-02
-6.937885880470275879e-01,-3.076909780502319336e-01
-6.140978336334228516e-01,-7.626727223396301270e-01
5.895618200302124023e-01,1.382467597723007202e-01
3.134385943412780762e-01,5.107648372650146484e-01
-5.708570480346679688e-01,-7.661690115928649902e-01
4.445206820964813232e-01,-4.154481887817382812e-01
-9.506592750549316406e-01,-1.940646320581436157e-01
-4.583388864994049072e-01,1.439889669418334961e-01
2.347338479012250900e-03,-2.753563523292541504e-01
-6.098767369985580444e-02,2.307739704847335815e-01
2.883619666099548340e-01,8.709230273962020874e-02
4.082114100456237793e-01,4.561204090714454651e-02
7.939817309379577637e-01,-1.637315750122070312e-02
-9.506081938743591309e-01,-1.940517723560333252e-01
2.070682644844055176e-01,9.636314511299133301e-01
1.159042418003082275e-01,9.218442440032958984e-01
-6.065332293510437012e-01,3.346299231052398682e-01
1.574013382196426392e-01,9.602467417716979980e-01
1.563752442598342896e-02,2.864719629287719727e-01
-1.720658093690872192e-01,-7.154074907302856445e-01
1.310241967439651489e-01,1.194511167705059052e-02
-4.811027944087982178e-01,-7.663251161575317383e-01
1.759033799171447754e-01,5.085060745477676392e-02
4.780247211456298828e-01,-4.387890100479125977e-01
2.622939348220825195e-01,3.377654850482940674e-01
1.529753804206848145e-01,9.582083225250244141e-01
2.736444771289825439e-01,6.275691986083984375e-01
-6.059710383415222168e-01,2.202159911394119263e-01
3.124077022075653076e-01,3.169732540845870972e-02
8.460523486137390137e-01,-1.368431895971298218e-01
8.749834895133972168e-01,-1.047594994306564331e-01
-3.839541673660278320e-01,-6.985561251640319824e-01
-9.801135957241058350e-02,-1.074906811118125916e-01
-4.472981691360473633e-01,-7.591784000396728516e-01
8.880656361579895020e-01,-1.200845763087272644e-01
3.542084991931915283e-01,2.510356307029724121e-01
2.125303447246551514e-01,9.548754096031188965e-01
9.603506326675415039e-02,4.629326239228248596e-02
4.683101475238800049e-01,-2.562401890754699707e-01
2.897236943244934082e-01,-2.024765908718109131e-01
2.099137008190155029e-01,9.595367908477783203e-01
-7.899892926216125488e-01,2.503569424152374268e-01
-4.784831106662750244e-01,-7.386297583580017090e-01
-5.306253433227539062e-01,-7.686308622360229492e-01
8.852630853652954102e-01,-1.156759709119796753e-01
8.881649374961853027e-01,-1.201310828328132629e-01
-8.697441965341567993e-02,-5.405697226524353027e-01
8.779536485671997070e-01,-1.077641770243644714e-01
5.614469051361083984e-01,-7.855691909790039062e-01
-5.763145685195922852e-01,-7.715571522712707520e-01
-2.798565924167633057e-01,5.273154973983764648e-01
2.855656445026397705e-01,1.747829020023345947e-01
1.133496314287185669e-01,-3.499656021595001221e-01
-2.780968248844146729e-01,5.657492280006408691e-01
8.887520432472229004e-01,-1.233769059181213379e-01
2.237089872360229492e-01,9.218831658363342285e-01
2.301399409770965576e-01,8.930086493492126465e-01
4.145999550819396973e-01,-4.025445580482482910e-01
4.679010212421417236e-01,-2.666030228137969971e-01
5.615556240081787109e-01,-7.857100963592529297e-01
2.155481725931167603e-01,-3.793831467628479004e-01
1.107432022690773010e-01,2.493381351232528687e-01
-6.000909805297851562e-01,-4.916993379592895508e-01
4.132392406463623047e-01,-4.008684456348419189e-01
-2.790525257587432861e-01,5.267207026481628418e-01
-9.634804725646972656e-02,-1.069253459572792053e-01
7.444096356630325317e-02,1.599871516227722168e-01
4.288822412490844727e-01,-4.187492430210113525e-01
-8.818048834800720215e-01,3.972360193729400635e-01
2.051739990711212158e-01,7.775877118110656738e-01
-9.582050889730453491e-02,-1.074996218085289001e-01
3.990517854690551758e-01,2.148219496011734009e-01
-5.880273580551147461e-01,-7.696476578712463379e-01
4.124163091182708740e-01,4.733411595225334167e-02
-1.952105313539505005e-01,5.246043205261230469e-01
2.058234512805938721e-01,9.649136066436767578e-01
8.870229125022888184e-01,-1.185733526945114136e-01
-4.165404736995697021e-01,1.282182484865188599e-01
-4.572516381740570068e-01,-7.662800550460815430e-01
-4.340557456016540527e-01,1.345368176698684692e-01
6.072371006011962891e-01,1.161192208528518677e-01
-4.010362029075622559e-01,1.223768666386604309e-01
1.942886561155319214e-01,9.743093848228454590e-01
2.870424389839172363e-01,8.259924501180648804e-02
2.035479992628097534e-01,9.564105868339538574e-01
4.905376434326171875e-01,2.159344255924224854e-01
8.260693550109863281e-01,-4.760608077049255371e-02
3.458626866340637207e-01,-3.920161165297031403e-03
9.031587839126586914e-02,8.793805837631225586e-01
3.528959155082702637e-01,3.275228738784790039e-01
2.518416941165924072e-01,-4.797799140214920044e-02
4.229564964771270752e-02,1.411765217781066895e-01
-2.439089715480804443e-01,-3.639935553073883057e-01
1.224344521760940552e-01,9.317099452018737793e-01
-4.613351225852966309e-01,1.472648680210113525e-01
2.340993732213973999e-01,-4.402681589126586914e-01
-6.065189838409423828e-02,9.362464398145675659e-02
-1.570701226592063904e-02,3.039144277572631836e-01
1.170567870140075684e-01,8.735429048538208008e-01
-5.491487979888916016e-01,-7.688729763031005859e-01
-4.009669125080108643e-01,1.232171207666397095e-01
9.040889143943786621e-02,8.797404170036315918e-01
2.357664257287979126e-01,1.988008767366409302e-01
-4.352583885192871094e-01,1.640269905328750610e-01
-4.335593581199645996e-01,1.230431422591209412e-01
1.010266989469528198e-01,8.947505950927734375e-01
3.673934936523437500e-01,-1.599400788545608521e-01
8.837894536554813385e-03,8.174094557762145996e-02
-2.438892982900142670e-02,3.984769284725189209e-01
1.273267567157745361e-01,8.680826425552368164e-01
3.890597224235534668e-01,3.730443120002746582e-02
2.756634056568145752e-01,-5.237321257591247559e-01
-4.901788830757141113e-01,-7.145424485206604004e-01
-6.050344109535217285e-01,2.199539095163345337e-01
-2.263122587464749813e-04,1.338329315185546875e-01
-6.054450273513793945e-01,2.201953679323196411e-01
5.985515713691711426e-01,1.463937312364578247e-01
2.058935761451721191e-01,8.107626438140869141e-01
8.752484917640686035e-01,-1.311029642820358276e-01
1.590965092182159424e-01,-2.717441180720925331e-03
1.942841708660125732e-01,9.743095040321350098e-01
-5.552929043769836426e-01,-7.705547213554382324e-01
8.336321115493774414e-01,-5.049267038702964783e-02
-6.239963173866271973e-01,-7.504521608352661133e-01
-5.598095711320638657e-03,5.973765626549720764e-03
1.978683173656463623e-01,7.780883908271789551e-01
-3.130641579627990723e-01,-4.114905297756195068e-01
2.248412370681762695e-01,1.802009642124176025e-01
1.320446878671646118e-01,3.483858108520507812e-01
2.442189455032348633e-01,6.874873638153076172e-01
-5.010142922401428223e-01,1.732452213764190674e-01
-6.131491661071777344e-01,-7.618588209152221680e-01
2.235405594110488892e-01,8.700197339057922363e-01
-5.122160911560058594e-01,-7.587363719940185547e-01
-4.573384821414947510e-01,-7.663723826408386230e-01
5.615054965019226074e-01,-7.856493592262268066e-01
8.248879313468933105e-01,-9.251502901315689087e-02
-2.781535983085632324e-01,5.670602321624755859e-01
2.246569246053695679e-01,1.806077063083648682e-01
-2.780620455741882324e-01,5.671678185462951660e-01
-4.445956647396087646e-01,1.320276558399200439e-01
-6.141263246536254883e-01,-7.626657485961914062e-01
-2.176843285560607910e-01,1.596479304134845734e-02
-4.276650846004486084e-01,1.365517824888229370e-01
3.764792382717132568e-01,4.202630817890167236e-01
-7.016168832778930664e-01,6.575633883476257324e-01
2.373477816581726074e-01,2.985830605030059814e-01
-6.240057349205017090e-01,-7.504258751869201660e-01
-9.186165034770965576e-02,-6.139419674873352051e-01
-5.849099159240722656e-01,-7.701802253723144531e-01
-6.757358312606811523e-01,-3.034180402755737305e-01
-1.874899715185165405e-01,-2.013412564992904663e-01
9.044630825519561768e-02,8.797912597656250000e-01
-3.928591609001159668e-01,-7.013942599296569824e-01
3.418415188789367676e-01,-2.370664104819297791e-02
5.615124702453613281e-01,-7.856631278991699219e-01
-8.742766082286834717e-02,-5.407271981239318848e-01
5.615010261535644531e-01,-7.856435179710388184e-01
2.301981002092361450e-01,8.927824497222900391e-01
-4.441771805286407471e-01,-7.611268758773803711e-01
5.349861979484558105e-01,2.673316895961761475e-01
2.317846119403839111e-01,-2.411512881517410278e-01
3.159561753273010254e-01,1.043453514575958252e-01
2.622890770435333252e-01,6.761001348495483398e-01
-5.775014162063598633e-01,-3.699588179588317871e-01
3.316327333450317383e-01,-2.071649767458438873e-03
-5.851016044616699219e-01,-7.703598737716674805e-01
3.882968127727508545e-01,-3.728993833065032959e-01
-6.054090261459350586e-01,2.199707329273223877e-01
1.311514228582382202e-01,3.166847676038742065e-02
5.537921190261840820e-01,1.187123581767082214e-01
2.301383167505264282e-01,8.931617736816406250e-01
4.362766146659851074e-01,-3.437430262565612793e-01
-6.007183194160461426e-01,-7.655389308929443359e-01
9.042820334434509277e-02,8.797792792320251465e-01
-6.287819147109985352e-01,-7.417681217193603516e-01
-5.705249905586242676e-01,-7.714195847511291504e-01
1.943068057298660278e-01,9.743193387985229492e-01
-5.469015240669250488e-01,-7.678415179252624512e-01
-6.140933036804199219e-01,-7.626555562019348145e-01
-2.526711523532867432e-01,4.850198924541473389e-01
-6.063429117202758789e-01,-7.652726769447326660e-01
-5.145684480667114258e-01,1.744473278522491455e-01
2.192050367593765259e-01,7.397273778915405273e-01
-6.049515604972839355e-01,2.199561148881912231e-01
-6.058189272880554199e-01,2.202581912279129028e-01
1.912144571542739868e-01,1.746456325054168701e-02
2.802873253822326660e-01,-1.904077976942062378e-01
1.529538482427597046e-01,9.583200216293334961e-01
3.162936866283416748e-01,8.398981392383575439e-02
8.136401772499084473e-01,-8.081404119729995728e-02
1.221642270684242249e-01,9.146348237991333008e-01
6.477294117212295532e-02,3.868703171610832214e-02
3.450532257556915283e-01,4.610384702682495117e-01
-9.506687521934509277e-01,-1.940668374300003052e-01
3.070699274539947510e-01,1.930725872516632080e-01
8.013211488723754883e-01,-1.670300811529159546e-01
8.894396424293518066e-01,-1.228500083088874817e-01
4.558183550834655762e-01,-2.347008883953094482e-01
1.978095620870590210e-01,8.103145360946655273e-01
2.243806719779968262e-01,1.808019280433654785e-01
4.300786554813385010e-01,-4.204970896244049072e-01
-5.635553598403930664e-01,-7.709768414497375488e-01
1.982522755861282349e-01,8.098538517951965332e-01
3.162470161914825439e-01,-2.462686002254486084e-01
2.247760742902755737e-01,1.801413297653198242e-01
-5.008082985877990723e-01,-7.682626843452453613e-01
1.982571333646774292e-01,-4.425818566232919693e-03
9.031762927770614624e-02,8.793817758560180664e-01
4.091742932796478271e-01,4.071032702922821045e-01
-4.943909943103790283e-01,-7.518250346183776855e-01
-2.779509723186492920e-01,5.669390559196472168e-01
8.731288909912109375e-01,-1.015057340264320374e-01
3.815504908561706543e-01,-2.901169061660766602e-01
5.510356426239013672e-01,-7.808950543403625488e-01
5.674340724945068359e-01,1.933616399765014648e-01
1.214233040809631348e-01,9.220578074455261230e-01
-4.557775259017944336e-01,-7.655074596405029297e-01
8.570192456245422363e-01,-1.235859468579292297e-01
-3.913379013538360596e-01,-3.811279237270355225e-01
-3.897164165973663330e-01,-7.042336463928222656e-01
1.190424524247646332e-02,-3.300342336297035217e-02
-5.360501408576965332e-01,1.823208928108215332e-01
-4.331130087375640869e-01,-3.070143759250640869e-01
-6.313045620918273926e-01,-7.368946075439453125e-01
2.012769430875778198e-01,-1.428315490484237671e-01
1.130463778972625732e-01,1.934786885976791382e-01
3.326593637466430664e-01,4.007960855960845947e-02
3.890210092067718506e-01,3.075628355145454407e-02
2.084876745939254761e-01,7.737640142440795898e-01
-4.029939174652099609e-01,-7.249044775962829590e-01
1.731095910072326660e-01,2.360746078193187714e-02
3.080099821090698242e-01,5.615400075912475586e-01
1.093000248074531555e-01,8.642196059226989746e-01
8.126362562179565430e-01,-7.642877101898193359e-02
2.045457512140274048e-01,9.668479561805725098e-01
-4.608310759067535400e-01,-7.642578482627868652e-01
9.962148219347000122e-02,-1.484704464673995972e-01
1.733939200639724731e-01,2.264606207609176636e-01
4.699166119098663330e-01,1.828571259975433350e-01
2.334634512662887573e-01,3.049449026584625244e-01
4.524076879024505615e-01,-4.301060438156127930e-01
2.115149945020675659e-01,9.566386342048645020e-01
2.743401229381561279e-01,2.479626238346099854e-01
-6.141170859336853027e-01,-7.626839280128479004e-01
2.300802469253540039e-01,8.935594558715820312e-01
3.891248404979705811e-01,3.522475063800811768e-01
-5.067964196205139160e-01,-7.502709627151489258e-01
6.048092842102050781e-01,6.847114115953445435e-02
-5.776667594909667969e-01,-7.696242928504943848e-01
1.172256171703338623e-01,9.274141192436218262e-01
2.086000889539718628e-01,5.946255102753639221e-02
6.313462257385253906e-01,4.483567550778388977e-02
3.277232944965362549e-01,5.415509343147277832e-01
-2.775256037712097168e-01,5.672566294670104980e-01
-2.780821323394775391e-01,5.657870173454284668e-01
-7.899121642112731934e-01,2.502073049545288086e-01
3.461792320013046265e-02,4.118869006633758545e-01
-5.970872640609741211e-01,-7.606934309005737305e-01
4.630791842937469482e-01,2.830470204353332520e-01
5.166419148445129395e-01,9.244161844253540039e-02
-4.015337228775024414e-01,1.226251050829887390e-01
-3.602214753627777100e-01,-6.591635346412658691e-01
2.249137461185455322e-01,1.799658238887786865e-01
5.998442769050598145e-01,1.465268731117248535e-01
-5.781595706939697266e-01,2.041344195604324341e-01
-5.195341110229492188e-01,-7.567599415779113770e-01
4.648862481117248535e-01,2.256593108177185059e-01
-6.238919496536254883e-01,-7.505987882614135742e-01
5.511755347251892090e-01,-7.810718417167663574e-01
-3.842965066432952881e-01,1.478488147258758545e-01
4.728087186813354492e-01,-4.379443824291229248e-01
1.389775872230529785e-01,8.530693054199218750e-01
4.258249998092651367e-01,-4.149957299232482910e-01
-2.779410481452941895e-01,5.669050216674804688e-01
1.878317296504974365e-01,9.717136025428771973e-01
-7.899205088615417480e-01,2.504494488239288330e-01
1.943043917417526245e-01,9.743078947067260742e-01
8.370097875595092773e-01,-1.530616283416748047e-01
4.213328361511230469e-01,3.799977898597717285e-01
1.724565625190734863e-01,9.374796599149703979e-02
-9.488646686077117920e-02,-8.129206299781799316e-02
8.251603841781616211e-01,-7.812140882015228271e-02
1.146436855196952820e-01,2.501966655254364014e-01
-3.578190207481384277e-01,6.339322775602340698e-02
2.301605492830276489e-01,8.925719261169433594e-01
5.202971696853637695e-01,2.156153470277786255e-01
4.785948991775512695e-01,-4.346451759338378906e-01
5.223906040191650391e-01,2.455851733684539795e-01
4.748033881187438965e-01,-4.407676160335540771e-01
-4.132018387317657471e-01,-4.739674329757690430e-01
2.078284472227096558e-01,7.416486144065856934e-01
-6.239943504333496094e-01,-7.504154443740844727e-01
4.648269116878509521e-01,-2.565041184425354004e-01
2.067447453737258911e-01,7.783014774322509766e-01
1.120052412152290344e-01,6.894972920417785645e-02
2.249084264039993286e-01,1.793994605541229248e-01
-4.092594683170318604e-01,-7.156148552894592285e-01
8.893637061119079590e-01,-1.228553131222724915e-01
2.245951741933822632e-01,1.785518527030944824e-01
5.890731513500213623e-02,1.635320782661437988e-01
2.196187227964401245e-01,-4.432408884167671204e-02
-6.093188524246215820e-01,-5.515137314796447754e-01
2.785904109477996826e-01,2.676854133605957031e-01
-3.864779770374298096e-01,-6.896681189537048340e-01
-3.695065677165985107e-01,-3.962540328502655029e-01
1.551158130168914795e-01,9.594621658325195312e-01
1.096873432397842407e-01,9.164626598358154297e-01
1.268565356731414795e-01,8.674140572547912598e-01
6.967703104019165039e-01,3.306835144758224487e-02
1.919917166233062744e-01,5.910692811012268066e-01
3.485615849494934082e-01,-1.538452506065368652e-01
3.073541522026062012e-01,-8.964570611715316772e-02
-2.518144547939300537e-01,1.004271134734153748e-01
-6.050417423248291016e-01,2.202348560094833374e-01
4.752609133720397949e-01,-4.414464235305786133e-01
-5.075641274452209473e-01,-7.583079934120178223e-01
4.414592385292053223e-01,-4.134215712547302246e-01
-2.848094142973423004e-02,1.048491969704627991e-01
8.770793080329895020e-01,-1.085072830319404602e-01
-5.033761858940124512e-01,-7.706236243247985840e-01
4.265099763870239258e-01,-4.169796109199523926e-01
-6.067692637443542480e-01,3.348484635353088379e-01
-6.066475510597229004e-01,3.347257077693939209e-01
-6.348108053207397461e-01,-6.292258501052856445e-01
1.877750456333160400e-01,9.716849923133850098e-01
3.807842135429382324e-01,2.584203779697418213e-01
2.413324266672134399e-01,-1.578178256750106812e-01
-4.010350406169891357e-01,-7.170099616050720215e-01
-5.416551232337951660e-01,-7.653681039810180664e-01
-7.319571822881698608e-02,7.420352846384048462e-02
1.225325837731361389e-01,8.774363994598388672e-01
2.759338915348052979e-01,-5.238176584243774414e-01
1.204381659626960754e-01,1.047668531537055969e-01
6.117808222770690918e-01,2.283428013324737549e-01
-5.362899899482727051e-01,-7.727585434913635254e-01
-4.573339819908142090e-01,-7.663669586181640625e-01
5.614868402481079102e-01,-7.856256365776062012e-01
1.738363504409790039e-01,8.351548314094543457e-01
2.497616857290267944e-01,2.981913387775421143e-01
3.169889748096466064e-01,2.000533044338226318e-01
8.894219994544982910e-01,-1.228742524981498718e-01
3.165516555309295654e-01,1.054783985018730164e-01
5.615460872650146484e-01,-7.857046723365783691e-01
-5.718103647232055664e-01,-7.718545198440551758e-01
1.211282387375831604e-01,8.647745251655578613e-01
-6.421043872833251953e-01,-6.749439239501953125e-01
6.088648438453674316e-01,2.278045266866683960e-01
3.971484005451202393e-01,3.724597096443176270e-01
1.496848165988922119e-01,9.568257331848144531e-01
-5.793461799621582031e-01,-7.709634304046630859e-01
-6.052139997482299805e-01,3.344489634037017822e-01
6.112320423126220703e-01,2.286892980337142944e-01
3.619291633367538452e-02,3.955137431621551514e-01
-4.108128249645233154e-01,-7.318248748779296875e-01
2.301662415266036987e-01,8.925786018371582031e-01
1.107195839285850525e-01,2.539401352405548096e-01
3.361338973045349121e-01,8.653185330331325531e-03
1.950876563787460327e-01,9.740086793899536133e-01
3.387900292873382568e-01,3.460343182086944580e-02
-6.052176356315612793e-01,2.201462537050247192e-01
2.748308777809143066e-01,-5.235610604286193848e-01
-4.038259983062744141e-01,-7.130648493766784668e-01
1.144413650035858154e-01,8.786405324935913086e-01
2.132830321788787842e-01,9.533055424690246582e-01
-4.481022357940673828e-01,-7.577537298202514648e-01
-9.579735249280929565e-02,-1.074676290154457092e-01
-4.066636562347412109e-01,-5.251293182373046875e-01
-5.167700648307800293e-01,-4.198837876319885254e-01
-6.065298318862915039e-01,3.343517780303955078e-01
-3.378943800926208496e-01,2.902496159076690674e-01
2.460433244705200195e-01,-3.581505119800567627e-01
1.612274497747421265e-01,8.330934643745422363e-01
8.755242228507995605e-01,-1.046746075153350830e-01
3.063835799694061279e-01,1.633272022008895874e-01
-5.533865094184875488e-01,-7.725739479064941406e-01
-8.817976117134094238e-01,3.972325026988983154e-01
-4.088392257690429688e-01,-6.957297325134277344e-01
1.865189820528030396e-01,8.096427321434020996e-01
-4.646519720554351807e-01,-7.650670409202575684e-01
-4.463456869125366211e-01,-6.830027699470520020e-01
-5.625446438789367676e-01,-7.690084576606750488e-01
8.295915722846984863e-01,-4.588001966476440430e-02
4.328678846359252930e-01,3.988047540187835693e-01
-9.506407380104064941e-01,-1.940620392560958862e-01
3.496820107102394104e-02,-1.531944274902343750e-01
-8.919677138328552246e-02,-4.029242321848869324e-02
-1.109605953097343445e-01,-2.037500292062759399e-01
1.866564601659774780e-01,-1.119649335741996765e-01
2.560724020004272461e-01,2.579102525487542152e-03
-4.861738085746765137e-01,-7.699927091598510742e-01
7.806955277919769287e-02,1.351368725299835205e-01
1.243854463100433350e-01,9.339371323585510254e-01
-1.180050149559974670e-01,-8.345223218202590942e-02
3.438747227191925049e-01,-1.995339430868625641e-02
1.870017498731613159e-01,3.198925554752349854e-01
-9.318897500634193420e-03,3.681770563125610352e-01
-9.648186713457107544e-02,-1.081779152154922485e-01
-6.415022611618041992e-01,-6.873190402984619141e-01
4.781627058982849121e-01,-4.395918548107147217e-01
-4.208865761756896973e-01,-6.089935302734375000e-01
3.163059055805206299e-01,1.095964759588241577e-01
2.786904573440551758e-01,1.223915908485651016e-02
-5.792342424392700195e-01,-7.693125605583190918e-01
5.557685494422912598e-01,2.026224881410598755e-01
1.185422837734222412e-01,9.233360886573791504e-01
1.943002790212631226e-01,9.743178486824035645e-01
2.811589650809764862e-02,3.390905857086181641e-01
1.877909302711486816e-01,9.716874361038208008e-01
-9.505816102027893066e-01,-1.940462440252304077e-01
-5.794682502746582031e-01,2.137982249259948730e-01
-5.266448259353637695e-01,1.828363239765167236e-01
6.412571072578430176e-01,9.196146577596664429e-02
3.131718933582305908e-01,4.832307994365692139e-01
5.614793300628662109e-01,-7.856100201606750488e-01
-8.686695247888565063e-02,-5.407348275184631348e-01
-4.119726121425628662e-01,-5.569777488708496094e-01
-3.634491264820098877e-01,-6.731549501419067383e-01
8.631830215454101562e-01,-9.293305128812789917e-02
2.056961357593536377e-01,9.651217460632324219e-01
-7.014582753181457520e-01,6.574034690856933594e-01
2.319587618112564087e-01,1.712474822998046875e-01
1.782920509576797485e-01,-4.988571405410766602e-01
8.893154859542846680e-01,-1.227400079369544983e-01
1.990599781274795532e-01,9.719472527503967285e-01
-5.903136134147644043e-01,-7.667587995529174805e-01
-5.212606191635131836e-01,3.348390758037567139e-01
4.456939995288848877e-01,3.642933666706085205e-01
1.490688920021057129e-01,9.562270045280456543e-01
-4.542725086212158203e-01,1.438902765512466431e-01
2.495227605104446411e-01,-4.738276004791259766e-01
-6.050430536270141602e-01,2.201403826475143433e-01
7.671820521354675293e-01,3.585929423570632935e-02
-6.047407984733581543e-01,-7.657167315483093262e-01
8.202286958694458008e-01,-8.333190530538558960e-02
-5.000362396240234375e-01,-7.542028427124023438e-01
-4.051357507705688477e-01,-5.226758122444152832e-01
-5.036875009536743164e-01,-7.510028481483459473e-01
-2.780518233776092529e-01,5.670372247695922852e-01
-6.420164704322814941e-01,-6.847428679466247559e-01
-9.506484866142272949e-01,-1.940623670816421509e-01
-4.172375425696372986e-02,1.354630291461944580e-01
2.673075497150421143e-01,6.376278996467590332e-01
8.625642061233520508e-01,-9.102600067853927612e-02
-4.080542027950286865e-01,-4.518426358699798584e-01
-5.203564763069152832e-01,-4.155380129814147949e-01
-2.100084573030471802e-01,5.198020339012145996e-01
-3.690677285194396973e-01,-6.768020391464233398e-01
3.960521817207336426e-01,-3.598355352878570557e-01
4.501808583736419678e-01,-3.512499928474426270e-01
-2.517337799072265625e-01,-7.977582812309265137e-01
2.768149375915527344e-01,6.425400376319885254e-01
-5.920324921607971191e-01,-7.690510749816894531e-01
4.315394535660743713e-02,1.417788714170455933e-01
-6.141330599784851074e-01,-7.626988887786865234e-01
5.615474581718444824e-01,-7.857041954994201660e-01
-2.337779253721237183e-01,9.753864258527755737e-02
-5.551445484161376953e-01,-7.711406946182250977e-01
-2.715849876403808594e-01,-2.658761441707611084e-01
7.580146193504333496e-01,4.871192574501037598e-02
1.878084689378738403e-01,9.716935157775878906e-01
-6.141276955604553223e-01,-7.626587152481079102e-01
-9.593952447175979614e-02,-1.082339137792587280e-01
-6.420310735702514648e-01,-6.865358352661132812e-01
1.114398688077926636e-01,2.543134391307830811e-01
2.101063579320907593e-01,2.031110823154449463e-01
-4.707075059413909912e-01,-7.688227891921997070e-01
-6.045135259628295898e-01,2.198540717363357544e-01
2.072498798370361328e-01,7.538022994995117188e-01
3.192819654941558838e-01,5.195717215538024902e-01
-4.565383195877075195e-01,-7.344923019409179688e-01
3.552815318107604980e-01,3.950163424015045166e-01
-9.584686160087585449e-02,-1.074713990092277527e-01
-9.583020210266113281e-02,-1.075700968503952026e-01
1.126683875918388367e-01,-2.167338132858276367e-01
-4.185470044612884521e-01,-7.423086762428283691e-01
6.077538058161735535e-02,-1.486297696828842163e-02
3.187598288059234619e-01,1.104946434497833252e-01
5.794569849967956543e-02,2.215787172317504883e-01
-3.788020610809326172e-01,-6.926370263099670410e-01
2.714839279651641846e-01,-5.206987857818603516e-01
9.037117660045623779e-02,8.796182870864868164e-01
-8.816763758659362793e-01,3.971755802631378174e-01
2.248737215995788574e-01,1.799648553133010864e-01
1.127719432115554810e-01,9.119985699653625488e-01
1.868671178817749023e-01,8.189541697502136230e-01
-3.816824257373809814e-01,-6.883809566497802734e-01
1.318841129541397095e-01,9.423028230667114258e-01
1.792265474796295166e-01,9.665970802307128906e-01
1.044615954160690308e-01,9.084278941154479980e-01
2.327279150485992432e-01,1.820133924484252930e-01
8.092399239540100098e-01,-7.753663510084152222e-02
-4.032785594463348389e-01,-5.190620422363281250e-01
4.594080150127410889e-01,2.589627802371978760e-01
-1.922340095043182373e-01,5.156502127647399902e-01
3.866764605045318604e-01,2.482091933488845825e-01
-2.948915064334869385e-01,1.166692823171615601e-01
-4.601399004459381104e-01,-7.655777335166931152e-01
-6.623102724552154541e-02,2.233881503343582153e-01
-4.896308481693267822e-01,1.582141965627670288e-01
-4.874581098556518555e-01,1.703714281320571899e-01
-1.522787809371948242e-01,-2.012591361999511719e-01
-6.756814718246459961e-01,-3.034734427928924561e-01
2.772552669048309326e-01,1.615491807460784912e-01
2.753549814224243164e-01,-5.244311094284057617e-01
1.284837126731872559e-01,9.400321245193481445e-01
4.211554229259490967e-01,-4.036495387554168701e-01
-8.708881586790084839e-02,-5.406337380409240723e-01
-5.553419589996337891e-01,-7.700044512748718262e-01
1.942857205867767334e-01,9.743134379386901855e-01
8.183363676071166992e-01,-8.940102905035018921e-02
-1.737948954105377197e-01,9.645306318998336792e-02
-6.753175854682922363e-01,-3.032043576240539551e-01
-3.673312067985534668e-01,6.229820847511291504e-02
-5.345875024795532227e-01,-7.714688181877136230e-01
4.245488941669464111e-01,4.168849587440490723e-01
4.576773345470428467e-01,-4.306917488574981689e-01
2.032271772623062134e-01,7.684786319732666016e-01
3.429231345653533936e-01,4.939139187335968018e-01
9.043462574481964111e-02,8.800824880599975586e-01
-2.781500816345214844e-01,5.658918023109436035e-01
7.855100035667419434e-01,-1.685226894915103912e-02
-6.046699881553649902e-01,2.199110090732574463e-01
8.895724415779113770e-01,-1.226182281970977783e-01
8.198991417884826660e-01,-9.254030138254165649e-02
1.499957442283630371e-01,7.834440469741821289e-01
4.648500084877014160e-01,-4.176711142063140869e-01
-7.901229858398437500e-01,2.502511441707611084e-01
-5.180326104164123535e-01,1.710090339183807373e-01
-4.826930761337280273e-01,1.564353704452514648e-01
7.567576169967651367e-01,1.226394961122423410e-04
-4.282842576503753662e-01,-4.333089292049407959e-01
-5.832461714744567871e-01,-7.682600021362304688e-01
2.031664252281188965e-01,7.895841598510742188e-01
-5.649799108505249023e-01,-7.721071243286132812e-01
2.715221345424652100e-01,-5.181998610496520996e-01
7.042688131332397461e-01,1.478132754564285278e-01
-4.573267400264739990e-01,-7.663688659667968750e-01
4.302220344543457031e-01,-4.211025238037109375e-01
1.745809167623519897e-01,8.551100492477416992e-01
-5.224930495023727417e-02,2.842403352260589600e-01
-4.920233488082885742e-01,1.817566603422164917e-01
-2.777872979640960693e-01,5.655170083045959473e-01
-7.913444638252258301e-01,2.499137371778488159e-01
1.951105594635009766e-01,-2.335671335458755493e-01
-9.505532979965209961e-01,-1.940395683050155640e-01
1.112215667963027954e-01,2.539004385471343994e-01
-2.780199050903320312e-01,5.669828653335571289e-01
-5.915290713310241699e-01,2.265152633190155029e-01
3.167831599712371826e-01,1.054264679551124573e-01
3.019702732563018799e-01,1.872324198484420776e-01
8.893330097198486328e-01,-1.228909045457839966e-01
-5.343312621116638184e-01,1.849861890077590942e-01
-3.999168276786804199e-01,-3.416021168231964111e-01
8.120406866073608398e-01,-3.752085939049720764e-02
-2.119402289390563965e-01,3.468285128474235535e-02
8.846552968025207520e-01,-1.149367913603782654e-01
4.634083062410354614e-02,3.875593245029449463e-01
-5.089285373687744141e-01,1.768348664045333862e-01
8.772242665290832520e-01,-1.076101660728454590e-01
-9.645856171846389771e-02,-1.073046773672103882e-01
3.388673961162567139e-01,4.693208634853363037e-01
8.837010860443115234e-01,-1.149182319641113281e-01
-3.044837713241577148e-01,-7.358965873718261719e-01
-6.048349738121032715e-01,2.199015766382217407e-01
-6.064651012420654297e-01,3.345319032669067383e-01
5.260809659957885742e-01,1.027893871068954468e-01
-5.080185532569885254e-01,-7.658389210700988770e-01
-4.573265612125396729e-01,-7.663626074790954590e-01
-3.884740173816680908e-01,-7.016294598579406738e-01
-3.735813200473785400e-01,-6.848459839820861816e-01
3.439709544181823730e-01,-2.062457986176013947e-02
-3.738737851381301880e-02,2.698293030261993408e-01
2.232090197503566742e-02,-6.917584687471389771e-02
1.203826069831848145e-01,-3.462796509265899658e-01
6.384085863828659058e-02,-1.471558511257171631e-01
-5.305009484291076660e-01,-7.633483409881591797e-01
1.006306987255811691e-02,9.780517220497131348e-02
9.032597392797470093e-02,8.794245719909667969e-01
-9.580376744270324707e-02,-1.071645990014076233e-01
8.228029012680053711e-01,-8.192852884531021118e-02
8.249149918556213379e-01,-9.118764102458953857e-02
-5.871976017951965332e-01,-7.687485218048095703e-01
8.884520530700683594e-01,-1.228951737284660339e-01
-2.774411737918853760e-01,5.669987797737121582e-01
1.529199630022048950e-01,8.374122977256774902e-01
1.650544106960296631e-01,9.620786309242248535e-01
-5.605708360671997070e-01,-7.675455212593078613e-01
4.319601058959960938e-01,-4.222492873668670654e-01
2.102996259927749634e-01,7.739117741584777832e-01
-4.012686312198638916e-01,1.232652962207794189e-01
7.227470278739929199e-01,-1.881609261035919189e-01
1.199196130037307739e-01,8.922540545463562012e-01
2.922637760639190674e-01,-1.424324810504913330e-01
5.077623724937438965e-01,-3.731482326984405518e-01
6.087741851806640625e-01,2.301600724458694458e-01
-6.312593817710876465e-01,-7.368435859680175781e-01
4.718056321144104004e-01,-2.214930802583694458e-01
-5.099281296133995056e-02,-5.676300525665283203e-01
8.487657904624938965e-01,-8.556742221117019653e-02
-2.517054677009582520e-01,-7.977987527847290039e-01
1.529713720083236694e-01,9.583047628402709961e-01
-8.818020224571228027e-01,3.972344994544982910e-01
-4.201902151107788086e-01,-7.335925102233886719e-01
1.943150460720062256e-01,9.743148088455200195e-01
1.943043619394302368e-01,9.743043184280395508e-01
-6.087164878845214844e-01,-7.644565701484680176e-01
-4.227214455604553223e-01,-6.065855026245117188e-01
2.439793944358825684e-01,1.620347946882247925e-01
1.981714963912963867e-01,8.143395185470581055e-01
8.108336329460144043e-01,-7.496978342533111572e-02
-6.312289237976074219e-01,-7.366769313812255859e-01
-7.903668284416198730e-01,2.502448856830596924e-01
-5.739317536354064941e-01,-7.708921432495117188e-01
-4.444633126258850098e-01,-7.601237297058105469e-01
-5.320660471916198730e-01,-7.621159553527832031e-01
8.827210664749145508e-01,-1.129237711429595947e-01
-6.047037839889526367e-01,2.199281454086303711e-01
-5.761641263961791992e-01,-3.111172616481781006e-01
2.978540658950805664e-01,-8.906833082437515259e-02
4.301463067531585693e-01,-4.205968379974365234e-01
4.778152704238891602e-01,-4.395472407341003418e-01
8.097169995307922363e-01,-8.667461574077606201e-02
8.182598352432250977e-01,-6.990702450275421143e-02
-9.505760073661804199e-01,-1.940429210662841797e-01
5.511429905891418457e-01,-7.810253500938415527e-01
1.183462888002395630e-01,9.285731315612792969e-01
3.628989458084106445e-01,8.279400318861007690e-02
-5.793768167495727539e-01,-7.709790468215942383e-01
6.882025599479675293e-01,2.026820741593837738e-02
1.529279202222824097e-01,9.582973718643188477e-01
4.750126898288726807e-01,-4.413377344608306885e-01
2.186658829450607300e-01,-5.082452297210693359e-01
4.239111840724945068e-01,-3.460988402366638184e-01
-4.158351719379425049e-01,-6.752125620841979980e-01
4.782217442989349365e-01,-4.397601783275604248e-01
4.144705832004547119e-01,-4.022591412067413330e-01
-6.048053503036499023e-01,2.199418842792510986e-01
-8.762873709201812744e-02,-5.411909818649291992e-01
1.988551318645477295e-01,-1.326511502265930176e-01
3.435894250869750977e-01,-1.833620667457580566e-02
3.500012159347534180e-01,-3.047576546669006348e-01
3.468445241451263428e-01,3.246213495731353760e-01
8.185730576515197754e-01,-7.267396152019500732e-02
3.102851808071136475e-01,4.264567494392395020e-01
-9.506847858428955078e-01,-1.940720081329345703e-01
2.303332388401031494e-01,8.888123035430908203e-01
2.647667825222015381e-01,6.580045819282531738e-01
1.116092428565025330e-01,2.538782358169555664e-01
-5.493986606597900391e-01,-7.702018022537231445e-01
-4.138796329498291016e-01,1.303590983152389526e-01
2.044429928064346313e-01,9.669728875160217285e-01
4.784148633480072021e-01,-4.398268461227416992e-01
2.125355303287506104e-01,9.548443555831909180e-01
-5.059267878532409668e-01,-7.575106620788574219e-01
3.342058062553405762e-01,-2.827521879225969315e-03
-2.803246676921844482e-01,5.272064805030822754e-01
1.787631958723068237e-02,2.845063246786594391e-02
1.065843701362609863e-01,9.110558629035949707e-01
-2.778952717781066895e-01,5.670855045318603516e-01
-4.683154821395874023e-01,-7.649174928665161133e-01
6.309310793876647949e-01,2.127653509378433228e-01
-4.509750306606292725e-01,-7.562004923820495605e-01
2.561694979667663574e-01,5.011602118611335754e-02
-6.347488760948181152e-01,-7.286301255226135254e-01
-7.014577984809875488e-01,6.574026942253112793e-01
8.892745375633239746e-01,-1.228735968470573425e-01
-9.506414532661437988e-01,-1.940620988607406616e-01
3.780989050865173340e-01,4.527702033519744873e-01
5.513928532600402832e-01,-7.684119939804077148e-01
-5.703502893447875977e-01,-7.701648473739624023e-01
-8.819308876991271973e-01,3.972969949245452881e-01
6.395823955535888672e-01,4.609523713588714600e-02
8.892818689346313477e-01,-1.223623603582382202e-01
-4.009106159210205078e-01,1.230024918913841248e-01
2.063728719949722290e-01,9.640252590179443359e-01
-3.562750816345214844e-01,1.260762512683868408e-01
-5.920430421829223633e-01,-7.690149545669555664e-01
3.472229242324829102e-01,4.700385034084320068e-01
-5.768906474113464355e-01,-7.714222669601440430e-01
5.083028674125671387e-01,2.429062277078628540e-01
-5.518345236778259277e-01,-7.722273468971252441e-01
-3.941790461540222168e-01,-7.009118199348449707e-01
2.101100236177444458e-01,7.628815174102783203e-01
2.045270651578903198e-01,9.668781161308288574e-01
-5.290743112564086914e-01,-7.658674120903015137e-01
-4.307574629783630371e-01,-6.939150691032409668e-01
9.820450097322463989e-02,1.769200414419174194e-01
2.325862795114517212e-01,-4.050649106502532959e-01
4.750403463840484619e-01,-4.407376050949096680e-01
1.980134695768356323e-01,8.155104517936706543e-01
-5.359008312225341797e-01,-7.678127288818359375e-01
2.245411425828933716e-01,1.809191107749938965e-01
-5.915465354919433594e-01,-7.686526775360107422e-01
2.084190547466278076e-01,7.736143469810485840e-01
-6.048923730850219727e-01,2.201300263404846191e-01
-4.289766848087310791e-01,-7.389218807220458984e-01
5.614812374114990234e-01,-7.856144309043884277e-01
-5.150843858718872070e-01,-7.559122443199157715e-01
3.449416160583496094e-01,-1.370529830455780029e-02
-5.900591611862182617e-01,2.148924320936203003e-01
-4.756379425525665283e-01,-7.457798719406127930e-01
7.900116443634033203e-01,-3.123707138001918793e-02
8.670215606689453125e-01,-9.572403132915496826e-02
-5.747777223587036133e-01,-7.712373137474060059e-01
2.081191837787628174e-01,7.747771143913269043e-01
-5.446327924728393555e-01,-7.684066891670227051e-01
3.210282698273658752e-02,-1.606558449566364288e-02
-4.087171852588653564e-01,-7.152665257453918457e-01
7.918431162834167480e-01,-3.313631191849708557e-02
8.825936317443847656e-01,-1.133762821555137634e-01
2.159352302551269531e-01,7.619715929031372070e-01
1.187909916043281555e-01,9.073213934898376465e-01
8.417631387710571289e-01,-9.612979739904403687e-02
3.060814738273620605e-01,9.059059619903564453e-02
-2.062872797250747681e-01,1.034664362668991089e-01
2.246871292591094971e-01,1.802533268928527832e-01
-5.423772335052490234e-01,-7.726390361785888672e-01
-4.120167493820190430e-01,1.272320300340652466e-01
8.809503912925720215e-01,-1.104501411318778992e-01
-6.046195030212402344e-01,-7.657297849655151367e-01
3.361572921276092529e-01,-4.095908254384994507e-02
2.260710000991821289e-01,-2.213705331087112427e-01
-1.406917069107294083e-02,1.322416123002767563e-02
-4.003417491912841797e-01,1.231350824236869812e-01
-4.434191286563873291e-01,-7.463200688362121582e-01
5.208606719970703125e-01,8.829824626445770264e-02
-5.250442028045654297e-01,1.794792711734771729e-01
3.240857645869255066e-02,3.341839909553527832e-01
4.782654643058776855e-01,-4.394100904464721680e-01
1.524903327226638794e-01,9.576574563980102539e-01
-6.420833468437194824e-01,-6.866098642349243164e-01
-6.048926115036010742e-01,2.201490402221679688e-01
1.293146163225173950e-01,9.369931817054748535e-01
3.369265496730804443e-01,5.557352304458618164e-01
8.895099163055419922e-01,-1.228859052062034607e-01
1.093554347753524780e-01,8.859592080116271973e-01
8.252412080764770508e-01,-9.262491017580032349e-02
-4.572432935237884521e-01,1.412982493638992310e-01
4.650915265083312988e-01,2.802349328994750977e-01
-1.023788452148437500e-01,3.882744014263153076e-01
1.965278983116149902e-01,4.608363807201385498e-01
3.776187598705291748e-01,-3.334548175334930420e-01
-9.625115245580673218e-02,-1.075702235102653503e-01
3.017474412918090820e-01,2.785580419003963470e-02
2.565138339996337891e-01,-5.003007650375366211e-01
2.247169613838195801e-01,1.802643090486526489e-01
5.615203380584716797e-01,-7.856668233871459961e-01
2.455757558345794678e-01,1.275467425584793091e-01
4.174908399581909180e-01,3.677799701690673828e-01
4.425316452980041504e-01,-4.293111562728881836e-01
7.942031323909759521e-02,2.378624230623245239e-01
2.758376300334930420e-01,-5.238053798675537109e-01
-1.009541228413581848e-01,5.823725461959838867e-02
-6.035246253013610840e-01,-7.656757831573486328e-01
-5.619297027587890625e-01,1.960522085428237915e-01
4.302759170532226562e-01,-4.207358360290527344e-01
2.140738368034362793e-01,7.426357269287109375e-01
-5.139963030815124512e-01,-7.020530104637145996e-01
3.169702887535095215e-01,1.634297221899032593e-01
-6.240354180335998535e-01,-7.503691315650939941e-01
-5.751804113388061523e-01,-7.679998278617858887e-01
-4.009872078895568848e-01,1.230124756693840027e-01
-6.414004564285278320e-01,-6.739919781684875488e-01
1.106469407677650452e-01,8.403841406106948853e-02
8.230332136154174805e-01,-7.682520896196365356e-02
-5.772670507431030273e-01,-7.715396285057067871e-01
5.614534616470336914e-01,-7.855777740478515625e-01
1.943227797746658325e-01,9.743073582649230957e-01
-2.731950283050537109e-01,9.368753433227539062e-02
-6.064816117286682129e-01,3.349722325801849365e-01
2.250965386629104614e-01,1.804629564285278320e-01
1.910889893770217896e-01,9.616081416606903076e-02
4.780924916267395020e-01,-4.380001127719879150e-01
-4.277335405349731445e-01,1.358066499233245850e-01
-4.660551548004150391e-01,-7.360527515411376953e-01
7.248279452323913574e-01,-1.141033843159675598e-01
2.014267593622207642e-01,7.598697543144226074e-01
8.845433592796325684e-01,-1.226595938205718994e-01
1.315998844802379608e-02,-9.510280564427375793e-03
-7.899868488311767578e-01,2.502323091030120850e-01
-6.333416700363159180e-01,-7.326506376266479492e-01
1.468155384063720703e-01,8.424512743949890137e-01
2.691313922405242920e-01,-1.301680207252502441e-01
9.214662760496139526e-02,4.186615347862243652e-03
8.249200582504272461e-01,-8.991107344627380371e-02
-5.394672751426696777e-01,-5.899808406829833984e-01
-5.864717811346054077e-02,-8.677306585013866425e-03
8.126226663589477539e-01,-7.000530511140823364e-02
2.085163593292236328e-01,8.349853157997131348e-01
4.102157056331634521e-01,-3.964178562164306641e-01
2.307478040456771851e-01,-3.447140753269195557e-02
-5.245430767536163330e-02,2.885938584804534912e-01
4.830756485462188721e-01,-4.178838729858398438e-01
7.380399107933044434e-01,-9.820618666708469391e-03
-4.006468355655670166e-01,1.230586692690849304e-01
1.850522011518478394e-01,8.093305230140686035e-01
1.518492996692657471e-01,-1.824777387082576752e-02
1.491847187280654907e-01,9.564032554626464844e-01
-3.991313278675079346e-01,-4.282778799533843994e-01
-4.135509729385375977e-01,-7.363557815551757812e-01
2.168984860181808472e-01,6.983245611190795898e-01
-5.877777934074401855e-01,-7.663759589195251465e-01
-2.629145681858062744e-01,8.727630227804183960e-02
4.556973576545715332e-01,2.924663126468658447e-01
5.615219473838806152e-01,-7.856721282005310059e-01
3.049131035804748535e-01,-1.345023512840270996e-01
8.874969482421875000e-01,-1.241057217121124268e-01
-5.768170356750488281e-01,-7.715113162994384766e-01
-6.047071814537048340e-01,2.198412567377090454e-01
-5.594397783279418945e-01,-7.713624238967895508e-01
-2.516342997550964355e-01,-7.979897856712341309e-01
-2.780811488628387451e-01,5.655408501625061035e-01
6.341590285301208496e-01,2.116986215114593506e-01
-4.572353661060333252e-01,-7.662661671638488770e-01
-4.572394490242004395e-01,-7.662613987922668457e-01
-7.310505956411361694e-02,3.397284150123596191e-01
4.677869975566864014e-01,-2.665928602218627930e-01
6.122590303421020508e-01,2.281957864761352539e-01
8.450559973716735840e-01,-1.332192420959472656e-01
-6.006029248237609863e-01,-7.661553025245666504e-01
-6.048631668090820312e-01,2.199417501688003540e-01
-2.956417202949523926e-01,1.042309924960136414e-01
4.632445871829986572e-01,-4.249246120452880859e-01
1.494834423065185547e-01,9.567065238952636719e-01
-6.044625043869018555e-01,-7.657961249351501465e-01
-2.516744136810302734e-01,-7.977572679519653320e-01
-4.574261605739593506e-01,-7.664400339126586914e-01
-5.915724039077758789e-01,2.243251949548721313e-01
-4.024809896945953369e-01,-4.892379939556121826e-01
2.247626185417175293e-01,1.798110604286193848e-01
1.990072131156921387e-01,8.018156290054321289e-01
-6.067538857460021973e-01,-7.650142908096313477e-01
-3.316316902637481689e-01,1.339910030364990234e-01
-4.049378037452697754e-01,-5.084150433540344238e-01
7.119188904762268066e-01,1.433316916227340698e-01
4.246066808700561523e-01,4.161381721496582031e-01
-6.121078729629516602e-01,3.040560483932495117e-01
-5.224854946136474609e-01,-7.610095739364624023e-01
-7.014467716217041016e-01,6.573911905288696289e-01
5.916901230812072754e-01,2.163622826337814331e-01
-4.003794193267822266e-01,1.231769844889640808e-01
7.120900154113769531e-01,1.433006972074508667e-01
3.991847038269042969e-01,2.920625209808349609e-01
7.109492421150207520e-01,1.439864933490753174e-01
-5.941269993782043457e-01,-7.683119177818298340e-01
1.357906311750411987e-01,7.980869412422180176e-01
-3.363551199436187744e-02,5.312196165323257446e-02
3.040030300617218018e-01,3.897387087345123291e-01
1.450629532337188721e-01,9.529942274093627930e-01
4.567123353481292725e-01,3.603478372097015381e-01
-5.667787194252014160e-01,-7.717243432998657227e-01
4.373578354716300964e-02,-4.840876758098602295e-01
2.274249494075775146e-01,8.683106303215026855e-01
-2.436577826738357544e-01,-2.636494636535644531e-01
-2.458596229553222656e-01,4.557481706142425537e-01
5.928817391395568848e-02,7.592365890741348267e-02
3.577069612219929695e-03,-6.620761752128601074e-02
-4.662935137748718262e-01,3.118638098239898682e-01
-5.990296602249145508e-01,2.155848294496536255e-01
8.707008957862854004e-01,-1.182746440172195435e-01
1.878112852573394775e-01,9.717104434967041016e-01
1.810190230607986450e-01,-4.733069241046905518e-02
4.650126099586486816e-01,1.298598051071166992e-01
-6.046773195266723633e-01,2.199329137802124023e-01
8.894655704498291016e-01,-1.228442788124084473e-01
8.412268757820129395e-02,6.572708487510681152e-02
-5.385019779205322266e-01,-7.703365683555603027e-01
1.658290475606918335e-01,7.998436689376831055e-01
-4.192136228084564209e-01,-3.971555531024932861e-01
8.352401852607727051e-01,-5.503662303090095520e-02
7.700110226869583130e-02,1.226380541920661926e-01
4.738990664482116699e-01,-2.765328288078308105e-01
-1.829601377248764038e-01,9.612036496400833130e-02
2.182819992303848267e-01,7.376977801322937012e-01
7.110277414321899414e-01,1.439934521913528442e-01
3.999838829040527344e-01,-3.872979283332824707e-01
2.307303249835968018e-01,-3.348174393177032471e-01
-4.350100755691528320e-01,1.184541881084442139e-01
-8.819832801818847656e-01,3.973220288753509521e-01
2.213277816772460938e-01,7.499740719795227051e-01
3.695464134216308594e-01,-4.141657650470733643e-01
-9.507603645324707031e-01,-1.940942406654357910e-01
4.207994043827056885e-01,-3.047255426645278931e-02
4.750666618347167969e-01,-4.407347738742828369e-01
-4.891910552978515625e-01,1.939871460199356079e-01
-5.662182569503784180e-01,-7.717471122741699219e-01
4.287558794021606445e-01,-4.175649583339691162e-01
1.208314597606658936e-01,8.946121335029602051e-01
-3.549270033836364746e-01,1.093278303742408752e-01
-4.164591431617736816e-01,-7.343967556953430176e-01
2.062355428934097290e-01,7.730740308761596680e-01
2.232106924057006836e-01,1.950005143880844116e-01
-4.697098433971405029e-01,-7.680209279060363770e-01
3.556057810783386230e-01,-2.489270567893981934e-01
1.496323943138122559e-01,9.568217396736145020e-01
1.933867037296295166e-01,8.215860724449157715e-01
2.226534485816955566e-01,7.289701700210571289e-01
-4.169724881649017334e-01,-7.343164682388305664e-01
-4.190264344215393066e-01,-6.394576430320739746e-01
5.165230035781860352e-01,8.479592390358448029e-03
4.693618714809417725e-01,2.859143614768981934e-01
-4.000937640666961670e-01,1.231891289353370667e-01
-6.934955120086669922e-01,-3.077539503574371338e-01
6.377175450325012207e-01,9.943784028291702271e-02
3.119471371173858643e-01,9.949647635221481323e-02
4.881806671619415283e-01,2.024132311344146729e-01
2.854757905006408691e-01,-1.916235983371734619e-01
2.433582991361618042e-01,1.440669447183609009e-01
4.042851328849792480e-01,4.090404808521270752e-01
-4.285094439983367920e-01,1.345543861389160156e-01
8.143285512924194336e-01,-6.654851138591766357e-02
8.529371023178100586e-01,-1.071996316313743591e-01
7.535232305526733398e-01,3.904313594102859497e-02
4.690350592136383057e-01,-2.535242140293121338e-01
-9.506974816322326660e-01,-1.940743327140808105e-01
1.172166317701339722e-01,9.267180562019348145e-01
-4.878451824188232422e-01,-3.885806202888488770e-01
2.299712896347045898e-01,8.850222229957580566e-01
3.165735006332397461e-01,1.053855270147323608e-01
2.109468132257461548e-01,7.686563134193420410e-01
-9.506425857543945312e-01,-1.940601617097854614e-01
-6.057140827178955078e-01,-7.648973464965820312e-01
2.258792817592620850e-01,8.638235330581665039e-01
-5.477682948112487793e-01,1.995466053485870361e-01
1.642500758171081543e-01,9.620676040649414062e-01
8.894650936126708984e-01,-1.228947341442108154e-01
2.293623834848403931e-01,8.838464021682739258e-01
-6.030722260475158691e-01,-7.663392424583435059e-01
-4.491313695907592773e-01,-7.049509286880493164e-01
-4.611751735210418701e-01,-7.430931329727172852e-01
2.249995470046997070e-01,1.801410764455795288e-01
4.181098341941833496e-01,-4.075032174587249756e-01
2.399516552686691284e-01,5.004966259002685547e-01
2.075851112604141235e-01,-4.799843579530715942e-02
8.005787730216979980e-01,-6.265132874250411987e-02
3.154066801071166992e-01,5.568717718124389648e-01
8.581916093826293945e-01,-9.424342215061187744e-02
2.700157761573791504e-01,5.228390097618103027e-01
2.248267978429794312e-01,-4.283931553363800049e-01
1.324893832206726074e-01,8.521555662155151367e-01
4.781719446182250977e-01,-4.396739900112152100e-01
-6.057751178741455078e-01,2.212522923946380615e-01
-4.072811901569366455e-01,-7.220936417579650879e-01
1.986044496297836304e-01,1.459458321332931519e-01
2.253366112709045410e-01,7.222602963447570801e-01
6.122204661369323730e-01,2.282041460275650024e-01
4.691593945026397705e-01,-2.535668313503265381e-01
-8.819769620895385742e-01,3.973192572593688965e-01
9.738269448280334473e-02,6.768687963485717773e-01
-4.566895365715026855e-01,1.762847751379013062e-01
-6.017844676971435547e-01,-7.662652134895324707e-01
4.306222796440124512e-01,-4.214997589588165283e-01
-4.746745526790618896e-01,-7.415810823440551758e-01
5.972236394882202148e-01,1.228704601526260376e-01
-4.572413265705108643e-01,-7.662646770477294922e-01
-4.263449013233184814e-01,-6.600180268287658691e-01
2.523090839385986328e-01,-1.685844361782073975e-01
8.227037787437438965e-01,-8.877868205308914185e-02
8.609802126884460449e-01,-8.699562400579452515e-02
1.954196393489837646e-01,7.672256827354431152e-01
8.129338622093200684e-01,-6.609961390495300293e-02
4.356141388416290283e-01,2.990811169147491455e-01
1.844447255134582520e-01,1.161436885595321655e-01
1.494516432285308838e-01,9.566763043403625488e-01
-9.505865573883056641e-01,-1.940454244613647461e-01
1.580101400613784790e-01,8.250486850738525391e-01
1.534133404493331909e-01,8.475429415702819824e-01
4.547458291053771973e-01,-4.343529641628265381e-01
-4.374078288674354553e-02,2.590075321495532990e-02
-6.046667098999023438e-01,2.199117243289947510e-01
5.461840331554412842e-02,8.879981935024261475e-02
1.337002068758010864e-01,1.163795366883277893e-01
-6.345943212509155273e-01,-7.291185259819030762e-01
1.340893059968948364e-01,8.576529026031494141e-01
-6.049082279205322266e-01,2.201559692621231079e-01
1.989839226007461548e-01,9.720212817192077637e-01
5.615006089210510254e-01,-7.856392860412597656e-01
3.073928058147430420e-01,1.894583404064178467e-01
1.802448034286499023e-01,-1.774998158216476440e-01
2.164402455091476440e-01,7.389892935752868652e-01
2.243233025074005127e-01,1.801274418830871582e-01
-8.818168044090270996e-01,3.972418904304504395e-01
-6.286998987197875977e-01,-7.417142987251281738e-01
4.287942349910736084e-01,-4.181753695011138916e-01
9.038104116916656494e-02,8.795672655105590820e-01
2.308852523565292358e-01,-4.704589247703552246e-01
5.439649820327758789e-01,-3.751167356967926025e-01
8.893657326698303223e-01,-1.228602826595306396e-01
-8.527905344963073730e-01,3.852515220642089844e-01
2.247429788112640381e-01,1.797478646039962769e-01
-5.759187936782836914e-01,-7.713027596473693848e-01
2.754932641983032227e-01,-5.239093899726867676e-01
-4.573912024497985840e-01,-7.663243412971496582e-01
3.804014921188354492e-01,4.365306198596954346e-01
-3.554578721523284912e-01,8.662106841802597046e-02
8.850404620170593262e-01,-1.160529032349586487e-01
3.479989171028137207e-01,3.929880559444427490e-01
3.145526647567749023e-01,1.947378665208816528e-01
3.154994845390319824e-01,9.962304681539535522e-02
1.523598432540893555e-01,9.580850005149841309e-01
2.957776188850402832e-01,-5.019555091857910156e-01
-9.671622514724731445e-02,-1.080330461263656616e-01
7.418096661567687988e-01,9.682541713118553162e-03
-5.050638914108276367e-01,1.737329065799713135e-01
3.772178888320922852e-01,4.210092723369598389e-01
-6.079363226890563965e-01,-7.645245194435119629e-01
4.081934392452239990e-01,4.539042711257934570e-02
1.112367957830429077e-01,2.538675069808959961e-01
3.505602106451988220e-02,1.017367690801620483e-01
1.943352073431015015e-01,9.743111133575439453e-01
2.206025570631027222e-01,2.010628283023834229e-01
-4.364447295665740967e-01,-7.461464405059814453e-01
-5.289924144744873047e-01,-7.650653123855590820e-01
-2.720279097557067871e-01,2.946405857801437378e-02
3.330533504486083984e-01,4.906216263771057129e-01
-2.780450582504272461e-01,5.670550465583801270e-01
-4.821640849113464355e-01,1.549852192401885986e-01
-6.141463518142700195e-01,-7.627096772193908691e-01
1.668352782726287842e-01,3.927626088261604309e-02
2.179142534732818604e-01,-4.838954284787178040e-02
8.892893195152282715e-01,-1.226842105388641357e-01
4.302112758159637451e-01,-4.208625853061676025e-01
-4.002307355403900146e-01,1.231796368956565857e-01
-5.270162224769592285e-01,1.768650859594345093e-01
2.303949296474456787e-01,8.888887166976928711e-01
2.300762683153152466e-01,8.938599824905395508e-01
1.114221587777137756e-01,2.546570897102355957e-01
-4.433458447456359863e-01,-6.183279752731323242e-01
4.300813674926757812e-01,-4.204742908477783203e-01
1.470707636326551437e-02,1.329197734594345093e-01
-6.066148281097412109e-01,-7.643300890922546387e-01
-4.385261535644531250e-01,-7.567207813262939453e-01
6.122464537620544434e-01,2.281700074672698975e-01
-5.060283541679382324e-01,-7.584325671195983887e-01
3.044801950454711914e-01,2.020684629678726196e-01
2.748678326606750488e-01,-5.230346322059631348e-01
2.117330431938171387e-01,8.659006357192993164e-01
-4.826257228851318359e-01,1.560055613517761230e-01
1.326275616884231567e-01,9.102903306484222412e-02
-1.819199472665786743e-01,-8.964353054761886597e-02
1.258690357208251953e-01,9.174899011850357056e-02
5.492568016052246094e-01,2.258420735597610474e-01
-5.558451414108276367e-01,-7.709540128707885742e-01
1.367104202508926392e-01,8.563125729560852051e-01
8.803353905677795410e-01,-1.094743758440017700e-01
1.696641445159912109e-01,8.071091771125793457e-01
7.311990261077880859e-01,1.833301223814487457e-02
-4.877158999443054199e-01,1.578362584114074707e-01
2.366921156644821167e-01,6.833892464637756348e-01
1.390916258096694946e-01,8.505455255508422852e-01
-4.661468267440795898e-01,-7.654968500137329102e-01
4.688698947429656982e-01,-2.539258897304534912e-01
1.877827346324920654e-01,9.716898798942565918e-01
5.872035622596740723e-01,1.233678311109542847e-02
3.037067949771881104e-01,2.683703005313873291e-01
3.078182637691497803e-01,5.629525780677795410e-01
1.529536545276641846e-01,9.583173990249633789e-01
1.419064253568649292e-01,8.537319898605346680e-01
-4.496047496795654297e-01,1.370037645101547241e-01
3.072352111339569092e-01,1.884809881448745728e-01
1.184037178754806519e-01,8.982213735580444336e-01
-3.205726668238639832e-02,2.877327501773834229e-01
8.826948404312133789e-01,-1.147496402263641357e-01
5.307289958000183105e-01,2.454401701688766479e-01
-1.850384473800659180e-02,-5.499899387359619141e-01
8.229560852050781250e-01,-9.045426547527313232e-02
-2.781174182891845703e-01,5.672588944435119629e-01
1.581081748008728027e-01,9.603469371795654297e-01
-5.189776420593261719e-01,-7.652382254600524902e-01
-5.282674431800842285e-01,-7.715305685997009277e-01
4.761436879634857178e-01,-4.392030537128448486e-01
-6.948148459196090698e-02,-3.653739020228385925e-02
1.145066693425178528e-01,9.072413444519042969e-01
3.105935752391815186e-01,1.926508247852325439e-01
2.152921259403228760e-01,7.584266066551208496e-01
8.740297555923461914e-01,-1.034455150365829468e-01
6.124075055122375488e-01,2.281032651662826538e-01
-4.864075481891632080e-01,-7.584028840065002441e-01
4.659807682037353516e-01,-2.577264606952667236e-01
-4.695269465446472168e-01,-7.668994069099426270e-01
1.484790146350860596e-01,8.390833139419555664e-01
1.164913102984428406e-01,9.265294075012207031e-01
8.895582556724548340e-01,-1.228754520416259766e-01
4.690117835998535156e-01,-2.540327608585357666e-01
1.495007723569869995e-01,9.566963315010070801e-01
2.545877099037170410e-01,1.767387092113494873e-01
5.567108392715454102e-01,-8.982776105403900146e-02
2.687861323356628418e-01,-5.195595026016235352e-01
-4.401885569095611572e-01,-6.573617458343505859e-01
1.566873043775558472e-01,9.598406553268432617e-01
5.510758161544799805e-01,-7.809488773345947266e-01
4.007033109664916992e-01,-3.830403983592987061e-01
-6.274619698524475098e-01,-6.063816547393798828e-01
8.684547543525695801e-01,-9.672087430953979492e-02
-2.989684343338012695e-01,1.183092892169952393e-01
-5.370968580245971680e-01,1.864804923534393311e-01
2.755971550941467285e-01,-5.238671898841857910e-01
2.941689193248748779e-01,2.429630309343338013e-01
4.212975800037384033e-01,-4.121414124965667725e-01
4.024212658405303955e-01,-3.856911361217498779e-01
3.849844634532928467e-01,-3.518002629280090332e-01
3.967376649379730225e-01,3.809411227703094482e-01
1.857106387615203857e-01,9.704439640045166016e-01
1.968514025211334229e-01,7.674447894096374512e-01
-6.062340736389160156e-01,-7.648990750312805176e-01
6.815267205238342285e-01,5.571997538208961487e-02
4.652358889579772949e-01,3.513115346431732178e-01
7.927917838096618652e-01,-5.967028811573982239e-02
-6.059744954109191895e-01,-7.646545767784118652e-01
7.781186103820800781e-01,-2.648661099374294281e-02
-2.050496041774749756e-01,5.195401310920715332e-01
1.916961967945098877e-01,9.731184244155883789e-01
-4.499727189540863037e-01,-7.521663308143615723e-01
4.903441369533538818e-01,1.037916690111160278e-01
2.032669782638549805e-01,7.871805429458618164e-01
-2.422377653419971466e-02,6.671251356601715088e-02
9.030763804912567139e-02,8.793236613273620605e-01
-5.616391301155090332e-01,2.039930969476699829e-01
-2.780142426490783691e-01,5.673933029174804688e-01
-6.089763045310974121e-01,-3.124424219131469727e-01
-4.078904986381530762e-01,-3.844204246997833252e-01
8.687095046043395996e-01,-1.335294693708419800e-01
8.751553297042846680e-01,-1.048317700624465942e-01
2.006362229585647583e-01,4.427821189165115356e-02
-8.817479610443115234e-01,3.972088098526000977e-01
4.695111215114593506e-01,-2.974094748497009277e-01
-5.978572368621826172e-01,-7.664489150047302246e-01
4.079627394676208496e-01,4.483447223901748657e-02
3.655089735984802246e-01,-4.110212624073028564e-01
-6.046279668807983398e-01,2.198921740055084229e-01
2.378186285495758057e-01,2.731535024940967560e-02
2.303715050220489502e-01,7.071441411972045898e-01
7.696825265884399414e-01,-1.868258416652679443e-02
-4.413064718246459961e-01,-6.841284036636352539e-01
3.156291544437408447e-01,3.998790681362152100e-01
4.301449656486511230e-01,-4.206514656543731689e-01
-2.778012752532958984e-01,5.657103061676025391e-01
-1.874461174011230469e-01,1.303829997777938843e-01
-5.878784656524658203e-01,2.144227474927902222e-01
-5.620849728584289551e-01,-7.721843123435974121e-01
-2.155411094427108765e-01,9.904256463050842285e-02
1.492269188165664673e-01,9.563808441162109375e-01
2.904501259326934814e-01,-1.845129281282424927e-01
-4.802907705307006836e-01,1.615295559167861938e-01
3.322508037090301514e-01,-3.008855879306793213e-01
-5.442045927047729492e-01,-7.721737027168273926e-01
2.115118354558944702e-01,9.566418528556823730e-01
2.141710817813873291e-01,6.909792423248291016e-01
1.434005051851272583e-01,9.512711167335510254e-01
-4.938455522060394287e-01,1.707911342382431030e-01
2.057347893714904785e-01,9.653017520904541016e-01
2.186131626367568970e-01,7.437688112258911133e-01
-3.226272761821746826e-01,6.020054221153259277e-02
2.104976177215576172e-01,9.572261571884155273e-01
5.615058541297912598e-01,-7.856461405754089355e-01
6.123846173286437988e-01,2.281795293092727661e-01
3.538292646408081055e-01,4.864899516105651855e-01
4.586511850357055664e-01,-7.710579037666320801e-02
3.159334361553192139e-01,1.043795049190521240e-01
4.264310002326965332e-02,1.817856878042221069e-01
4.374912977218627930e-01,-2.633946835994720459e-01
7.398013472557067871e-01,1.061760783195495605e-01
-4.124827980995178223e-01,-5.554238557815551758e-01
5.510963797569274902e-01,2.237798571586608887e-01
-4.143666923046112061e-01,-6.679744124412536621e-01
2.755378484725952148e-01,-5.237507820129394531e-01
-4.738323092460632324e-01,-7.503086328506469727e-01
-3.590216934680938721e-01,-3.943159580230712891e-01
4.538222551345825195e-01,-4.337460994720458984e-01
1.543832123279571533e-01,9.589844942092895508e-01
3.185244202613830566e-01,1.163347736001014709e-01
-4.194089174270629883e-01,-5.184428691864013672e-01
8.895027041435241699e-01,-1.228828281164169312e-01
3.736434131860733032e-02,2.272611856460571289e-02
-4.739176034927368164e-01,1.611597836017608643e-01
1.586720943450927734e-01,2.477431446313858032e-01
3.819836080074310303e-01,4.678115546703338623e-01
4.296660721302032471e-01,-4.197224378585815430e-01
5.106056332588195801e-01,2.461994588375091553e-01
-6.420379877090454102e-01,-6.865704655647277832e-01
2.420354634523391724e-01,-3.651702404022216797e-02
-5.467267036437988281e-01,-7.679159045219421387e-01
4.079886972904205322e-01,4.552362114191055298e-02
-2.778902649879455566e-01,5.668812990188598633e-01
-2.029909379780292511e-02,3.871316909790039062e-01
1.115525513887405396e-01,2.537264525890350342e-01
8.896508216857910156e-01,-1.228957846760749817e-01
-6.935372352600097656e-01,-3.078633844852447510e-01
1.881602257490158081e-01,3.783673048019409180e-02
4.654493331909179688e-01,-2.565437257289886475e-01
1.465981602668762207e-01,-2.033727169036865234e-01
-6.934957504272460938e-01,-3.078049123287200928e-01
1.114619970321655273e-01,2.538890242576599121e-01
2.509054541587829590e-01,6.943200230598449707e-01
2.973310947418212891e-01,1.960744708776473999e-01
-3.570478036999702454e-02,1.219476088881492615e-01
-4.828232824802398682e-01,1.566112488508224487e-01
-9.506347775459289551e-01,-1.940582692623138428e-01
4.780644178390502930e-01,-4.395865499973297119e-01
1.071599572896957397e-01,8.988783955574035645e-01
2.759136855602264404e-01,-5.241285562515258789e-01
-5.781168341636657715e-01,-7.667685151100158691e-01
1.439778208732604980e-01,9.475820064544677734e-01
6.076607704162597656e-01,2.288056015968322754e-01
2.511065304279327393e-01,2.256458997726440430e-01
-6.051903963088989258e-01,2.201664745807647705e-01
-5.364573001861572266e-01,-7.681091427803039551e-01
-6.087150573730468750e-01,-7.644112110137939453e-01
-4.250360429286956787e-01,-6.222280859947204590e-01
9.211882948875427246e-02,1.397448480129241943e-01
2.385900765657424927e-01,-1.053965464234352112e-01
3.192981481552124023e-01,5.165030956268310547e-01
7.692546397447586060e-02,1.169996187090873718e-01
6.052645444869995117e-01,3.390840440988540649e-02
1.129897311329841614e-01,1.983784586191177368e-01
1.943138986825942993e-01,9.743115305900573730e-01
2.275941967964172363e-01,8.743529915809631348e-01
-3.400286436080932617e-01,-2.862801849842071533e-01
3.563565015792846680e-01,8.173713833093643188e-02
1.873714774847030640e-01,-1.571186482906341553e-01
1.271389126777648926e-01,1.653938740491867065e-01
6.074082851409912109e-01,2.285612970590591431e-01
-2.960709631443023682e-01,1.262140870094299316e-01
-6.420741677284240723e-01,-6.864684224128723145e-01
-6.339657306671142578e-01,-7.302114963531494141e-01
-5.992177724838256836e-01,-7.673433423042297363e-01
-5.439374446868896484e-01,-7.726230621337890625e-01
2.387890219688415527e-01,-1.245495453476905823e-01
8.745341897010803223e-01,-1.028629764914512634e-01
-8.643770962953567505e-02,3.443796038627624512e-01
-3.808036148548126221e-01,-6.957681179046630859e-01
3.612801805138587952e-02,4.119826555252075195e-01
8.686125874519348145e-01,-1.328193247318267822e-01
2.110558450222015381e-01,7.641630768775939941e-01
-6.748530268669128418e-01,-3.030758202075958252e-01
-6.239782571792602539e-01,-7.498911619186401367e-01
-2.933824360370635986e-01,3.045853674411773682e-01
-5.046435594558715820e-01,-7.571114897727966309e-01
1.987790614366531372e-01,7.780281305313110352e-01
8.894132971763610840e-01,-1.228590086102485657e-01
4.307957291603088379e-01,-4.211062788963317871e-01
4.082679376006126404e-02,6.630875170230865479e-02
8.862917423248291016e-01,-1.171559020876884460e-01
-4.917485415935516357e-01,-7.504643797874450684e-01
4.498828053474426270e-01,-4.276401698589324951e-01
4.301468729972839355e-01,-4.206068515777587891e-01
-6.054587960243225098e-01,2.208485752344131470e-01
1.949384957551956177e-01,2.648207545280456543e-02
-5.957937240600585938e-01,-7.663039565086364746e-01
2.044356316328048706e-01,9.670312404632568359e-01
-9.506832957267761230e-01,-1.940712630748748779e-01
2.523546814918518066e-01,-4.915762692689895630e-02
2.730878591537475586e-01,-5.207634568214416504e-01
2.280846685171127319e-01,-1.094916760921478271e-01
-5.530930757522583008e-01,1.906481981277465820e-01
-3.425465151667594910e-02,1.320888567715883255e-02
-4.009471535682678223e-01,1.230345219373703003e-01
-2.896675765514373779e-01,8.977904170751571655e-02
2.207403928041458130e-01,1.520029604434967041e-01
-5.886036157608032227e-01,2.084471285343170166e-01
-7.906515002250671387e-01,2.501715123653411865e-01
-6.050807833671569824e-01,-7.653813362121582031e-01
-9.675719588994979858e-02,-1.079730689525604248e-01
-4.304061233997344971e-01,-7.529482841491699219e-01
-2.782631814479827881e-01,5.673583745956420898e-01
-6.420171856880187988e-01,-6.847482919692993164e-01
-7.225463632494211197e-03,-5.219358801841735840e-01
-5.958653092384338379e-01,-7.656348943710327148e-01
-1.147089451551437378e-01,1.371308565139770508e-01
4.303481876850128174e-01,-4.209825098514556885e-01
-2.765741050243377686e-01,2.763136103749275208e-02
1.544127762317657471e-01,9.590509533882141113e-01
-7.906157374382019043e-01,2.502509951591491699e-01
-4.346787557005882263e-02,6.243423558771610260e-03
8.468196988105773926e-01,-9.504891186952590942e-02
-9.557613730430603027e-02,-1.073840782046318054e-01
1.467695087194442749e-01,8.439633846282958984e-01
1.296470761299133301e-01,8.639891743659973145e-01
8.717709779739379883e-01,-1.018057391047477722e-01
-8.817654848098754883e-01,3.972171247005462646e-01
-1.362970769405364990e-01,3.685229718685150146e-01
-4.860180318355560303e-01,-7.700234651565551758e-01
1.167884916067123413e-01,5.860792994499206543e-01
-9.541941434144973755e-02,-1.069848239421844482e-01
3.359867632389068604e-01,1.794416904449462891e-01
2.522312402725219727e-01,-4.789025709033012390e-02
8.779250383377075195e-01,-1.069984361529350281e-01
1.321819275617599487e-01,9.418482780456542969e-01
1.990745514631271362e-01,-1.420708000659942627e-01
2.900194823741912842e-01,3.245542049407958984e-01
5.351809859275817871e-01,2.502951323986053467e-01
1.168239340186119080e-01,9.264432787895202637e-01
3.230578303337097168e-01,-1.571157425642013550e-01
9.038998186588287354e-02,8.796656131744384766e-01
1.509104818105697632e-01,9.571816921234130859e-01
5.614600777626037598e-01,-7.855863571166992188e-01
-5.758808851242065430e-01,-7.678232192993164062e-01
-3.165493607521057129e-01,-6.050571203231811523e-01
-5.405311584472656250e-01,2.149250060319900513e-01
1.495871692895889282e-01,9.567753076553344727e-01
8.729407787322998047e-01,-1.007337272167205811e-01
1.495521366596221924e-01,9.567710161209106445e-01
-4.225369691848754883e-01,1.339566111564636230e-01
-4.003609120845794678e-01,1.232176125049591064e-01
1.675353199243545532e-01,-1.556132286787033081e-01
-6.069842576980590820e-01,-7.638264894485473633e-01
4.780492782592773438e-01,-4.393926858901977539e-01
8.146245479583740234e-01,-4.881706088781356812e-02
1.897794157266616821e-01,-2.904317378997802734e-01
-4.945324063301086426e-01,-7.510457038879394531e-01
3.161877095699310303e-01,1.051525250077247620e-01
4.748699069023132324e-01,-4.409911930561065674e-01
2.125352472066879272e-01,9.548906087875366211e-01
1.495296061038970947e-01,9.567530751228332520e-01
1.165755391120910645e-01,9.267608523368835449e-01
1.943073421716690063e-01,9.743223786354064941e-01
3.167714178562164307e-01,1.054511517286300659e-01
-3.724770247936248779e-01,-6.804712414741516113e-01
-5.654179453849792480e-01,1.963354498147964478e-01
-5.258554220199584961e-01,-7.700729966163635254e-01
3.228074610233306885e-01,4.178945347666740417e-02
2.247420102357864380e-01,1.798515617847442627e-01
4.246309399604797363e-01,4.159124195575714111e-01
8.062822818756103516e-01,-5.720883235335350037e-02
-6.347472667694091797e-01,-7.287024855613708496e-01
5.684496760368347168e-01,2.165452092885971069e-01
1.942857503890991211e-01,9.743180871009826660e-01
-4.417133629322052002e-01,-7.411426305770874023e-01
2.261375635862350464e-01,7.228793501853942871e-01
-5.759728550910949707e-01,-7.694389820098876953e-01
4.009720087051391602e-01,4.949335008859634399e-02
-5.239626765251159668e-01,-7.656310200691223145e-01
2.604368925094604492e-01,6.775509715080261230e-01
-7.900771498680114746e-01,2.501176595687866211e-01
-6.347033977508544922e-01,-7.287016510963439941e-01
-2.748953998088836670e-01,5.024643540382385254e-01
6.542493104934692383e-01,8.231295645236968994e-02
4.064641594886779785e-01,-1.857704371213912964e-01
-6.064575910568237305e-01,3.345395922660827637e-01
6.123321056365966797e-01,2.281291931867599487e-01
1.239103153347969055e-01,9.271716475486755371e-01
2.065989673137664795e-01,9.643270969390869141e-01
1.071382835507392883e-01,-5.319365262985229492e-01
-5.826199650764465332e-01,-7.708988785743713379e-01
-6.756299734115600586e-01,-3.032126128673553467e-01
2.295348048210144043e-01,-3.377720713615417480e-01
1.669122278690338135e-01,-2.292710542678833008e-01
3.437679409980773926e-01,1.200997829437255859e-01
3.155141174793243408e-01,-1.207253336906433105e-01
4.321572184562683105e-01,-4.202871322631835938e-01
6.127132773399353027e-01,2.281312942504882812e-01
3.164049470797181129e-03,3.367298841476440430e-01
1.965098530054092407e-01,2.135654091835021973e-01
8.072326183319091797e-01,-5.817756429314613342e-02
-2.779552042484283447e-01,5.669282078742980957e-01
-1.845545470714569092e-01,-4.175989925861358643e-01
1.837208718061447144e-01,-1.196554526686668396e-01
1.528525799512863159e-01,9.582594633102416992e-01
6.935774683952331543e-01,1.561098694801330566e-01
-1.381870061159133911e-01,7.218080107122659683e-03
4.037944674491882324e-01,-4.066106975078582764e-01
1.885978579521179199e-01,-1.391008198261260986e-01
4.673473238945007324e-01,-1.071172803640365601e-01
-5.506929755210876465e-01,-7.670043706893920898e-01
2.247491329908370972e-01,1.803936362266540527e-01
8.715438246726989746e-01,-1.004806384444236755e-01
8.386654257774353027e-01,-9.379182010889053345e-02
-3.440414965152740479e-01,9.602468460798263550e-02
-9.505724310874938965e-01,-1.940423995256423950e-01
-5.095082521438598633e-01,-7.592788338661193848e-01
1.378933042287826538e-01,2.595549821853637695e-01
2.097104936838150024e-01,1.820577979087829590e-01
-1.826827079057693481e-01,5.248818919062614441e-02
3.018273115158081055e-01,-4.899995923042297363e-01
-6.054501533508300781e-01,2.203540354967117310e-01
-3.545984029769897461e-01,-6.592211127281188965e-01
5.545281171798706055e-01,9.106034040451049805e-02
-6.420652866363525391e-01,-6.866546273231506348e-01
-5.432023406028747559e-01,-7.648658156394958496e-01
-5.617322921752929688e-01,1.987611204385757446e-01
-2.773678600788116455e-01,5.677852630615234375e-01
2.324332445859909058e-01,-1.701864898204803467e-01
3.747952282428741455e-01,2.653255760669708252e-01
4.299851655960083008e-01,-4.205099344253540039e-01
2.734201848506927490e-01,-5.220759510993957520e-01
7.511972635984420776e-02,3.468101620674133301e-01
-4.908096194267272949e-01,1.733932197093963623e-01
-5.052703619003295898e-01,-7.548927664756774902e-01
-4.306060969829559326e-01,-4.867519438266754150e-01
8.630340546369552612e-02,-6.469133659265935421e-04
3.080395460128784180e-01,2.494401186704635620e-01
1.343076378107070923e-01,8.607323169708251953e-01
-4.008567631244659424e-01,1.229665502905845642e-01
-9.506198167800903320e-01,-1.940546482801437378e-01
6.953965425491333008e-01,1.577436625957489014e-01
-4.858602881431579590e-01,-7.677928805351257324e-01
-2.000539451837539673e-01,-4.379305616021156311e-02
3.454909026622772217e-01,4.789306223392486572e-01
-2.434617727994918823e-01,4.092211425304412842e-01
-5.643994212150573730e-01,1.993212699890136719e-01
8.284598588943481445e-01,-8.672831207513809204e-02
1.352919042110443115e-01,9.448975324630737305e-01
-5.733783841133117676e-01,2.010558694601058960e-01
1.329183131456375122e-01,8.589400053024291992e-01
1.495568007230758667e-01,9.567763805389404297e-01
1.138320472091436386e-02,-1.377371251583099365e-01
2.286323606967926025e-01,8.759064078330993652e-01
1.595015525817871094e-01,8.557934761047363281e-01
-9.309355020523071289e-01,-1.928450614213943481e-01
1.340896189212799072e-01,9.425166845321655273e-01
-6.047706007957458496e-01,-7.651649713516235352e-01
2.525391578674316406e-01,-4.735110700130462646e-02
4.783721864223480225e-01,-4.398219287395477295e-01
5.151885747909545898e-01,3.034689128398895264e-01
1.869366466999053955e-01,1.980310380458831787e-01
1.390378922224044800e-01,8.502754569053649902e-01
1.008284986019134521e-01,1.296122092753648758e-02
-5.202552676200866699e-01,-7.664473652839660645e-01
-4.166866540908813477e-01,-6.667529940605163574e-01
-6.050861477851867676e-01,2.200169861316680908e-01
5.061543583869934082e-01,4.084412753582000732e-02
-4.859223365783691406e-01,-7.392380237579345703e-01
-6.356945633888244629e-01,-7.228553891181945801e-01
-2.780547142028808594e-01,5.670682191848754883e-01
4.174186587333679199e-01,-4.055040180683135986e-01
-1.871179044246673584e-01,-2.141567468643188477e-01
8.265143632888793945e-01,-9.564422070980072021e-02
-2.778383195400238037e-01,5.669096112251281738e-01
1.184582263231277466e-01,9.032755494117736816e-01
1.239825189113616943e-01,2.252862155437469482e-01
8.454501628875732422e-01,-1.072666123509407043e-01
5.614613890647888184e-01,-7.855874896049499512e-01
1.248712539672851562e-01,9.343328475952148438e-01
-2.095565944910049438e-01,5.280846357345581055e-01
2.874357998371124268e-01,7.783870398998260498e-02
-6.057372689247131348e-01,2.211715877056121826e-01
4.674561619758605957e-01,-2.642996013164520264e-01
-4.458970725536346436e-01,-7.164025306701660156e-01
1.028642058372497559e-01,8.915162682533264160e-01
3.988808989524841309e-01,1.944863498210906982e-01
-2.253139913082122803e-01,9.244687110185623169e-02
-4.101964235305786133e-01,-5.261258482933044434e-01
-6.751755475997924805e-01,-3.031990528106689453e-01
-5.304495692253112793e-01,-7.705642580986022949e-01
6.534773111343383789e-01,7.930986583232879639e-02
2.950025796890258789e-01,-4.032248631119728088e-02
-1.802337467670440674e-01,2.720227837562561035e-02
-4.007026553153991699e-01,1.230635493993759155e-01
1.872255355119705200e-01,9.713891744613647461e-01
-4.014261960983276367e-01,-7.028872966766357422e-01
8.418564684689044952e-03,4.163294732570648193e-01
8.136730790138244629e-01,-6.717876344919204712e-02
-2.282495200634002686e-01,5.200781822204589844e-01
1.164462119340896606e-01,9.264841079711914062e-01
-9.632503986358642578e-02,-1.078198477625846863e-01
5.615299940109252930e-01,-7.856817245483398438e-01
1.125172227621078491e-01,9.172379970550537109e-01
2.518584132194519043e-01,-4.839852079749107361e-02
-4.575196802616119385e-01,1.397305130958557129e-01
-1.438590288162231445e-01,9.733876585960388184e-02
9.837152063846588135e-02,8.708150386810302734e-01
-5.651872754096984863e-01,1.989953070878982544e-01
9.041680395603179932e-02,8.796911835670471191e-01
2.766167819499969482e-01,-1.712940186262130737e-01
-5.433359742164611816e-01,1.881094574928283691e-01
7.421260327100753784e-02,2.393918298184871674e-02
6.208837628364562988e-01,1.177854090929031372e-01
2.755751609802246094e-01,-5.237722992897033691e-01
-6.038647890090942383e-01,-7.660582661628723145e-01
2.022721916437149048e-01,7.915003895759582520e-01
1.319995820522308350e-01,-9.210927039384841919e-02
2.041920572519302368e-01,9.633318185806274414e-01
7.116808891296386719e-01,1.439369916915893555e-01
8.320678472518920898e-01,-5.431860685348510742e-02
2.301938682794570923e-01,8.922891020774841309e-01
-4.728418588638305664e-01,1.493404060602188110e-01
-5.404732227325439453e-01,-7.684810757637023926e-01
-4.073439240455627441e-01,-5.180490016937255859e-01
2.430022507905960083e-01,7.112509608268737793e-01
2.115489244461059570e-01,9.565533995628356934e-01
3.189997375011444092e-01,-4.708469212055206299e-01
-1.590531505644321442e-02,2.865640521049499512e-01
-3.820016980171203613e-01,-5.375425219535827637e-01
-4.536461830139160156e-01,1.394173502922058105e-01
1.495577841997146606e-01,9.567778706550598145e-01
8.552665710449218750e-01,-8.403116464614868164e-02
6.124367117881774902e-01,2.282013893127441406e-01
8.190895915031433105e-01,-7.398963719606399536e-02
-4.885983467102050781e-01,-7.515475153923034668e-01
5.511709451675415039e-01,-7.810771465301513672e-01
-5.719534158706665039e-01,-7.710219025611877441e-01
2.087166309356689453e-01,5.802002549171447754e-01
1.522281467914581299e-01,9.580798149108886719e-01
-4.302517473697662354e-01,-7.533494830131530762e-01
-6.146430373191833496e-01,-2.867358624935150146e-01
-5.282360911369323730e-01,-7.643053531646728516e-01
-5.239177867770195007e-02,2.837912142276763916e-01
1.529532074928283691e-01,9.583213925361633301e-01
-3.757795393466949463e-01,1.151352673768997192e-01
-3.985087573528289795e-01,-7.108982801437377930e-01
2.520722150802612305e-01,-4.867243766784667969e-02
1.495670527219772339e-01,9.564269781112670898e-01
2.823585271835327148e-01,-4.539128392934799194e-02
3.610205650329589844e-01,1.165574863553047180e-01
3.521483242511749268e-01,4.684519171714782715e-01
1.943080127239227295e-01,9.743131995201110840e-01
-6.387637257575988770e-01,-3.044533133506774902e-01
2.275022566318511963e-01,5.738478526473045349e-02
-4.776687920093536377e-01,-7.364608049392700195e-01
-2.516222298145294189e-01,-7.979825139045715332e-01
4.397880434989929199e-01,3.067294359207153320e-01
-5.793738365173339844e-01,-4.410355389118194580e-01
-3.942670226097106934e-01,8.571894466876983643e-02
-4.093153774738311768e-01,-6.316176056861877441e-01
-1.776761561632156372e-01,8.805218338966369629e-02
4.077210724353790283e-01,4.321390390396118164e-01
3.167524635791778564e-01,1.047475263476371765e-01
2.719255089759826660e-01,-5.208767056465148926e-01
-2.771798968315124512e-01,5.670599341392517090e-01
4.054600596427917480e-01,4.321347773075103760e-01
-5.325309634208679199e-01,-3.157535791397094727e-01
5.652142763137817383e-01,2.118096500635147095e-01
4.306271672248840332e-01,-4.182150959968566895e-01
-6.051996946334838867e-01,2.203908860683441162e-01
6.550611555576324463e-02,5.216816067695617676e-02
-2.799820899963378906e-01,5.268123745918273926e-01
-6.051955819129943848e-01,2.200461477041244507e-01
-8.819296956062316895e-01,3.972962796688079834e-01
7.669896483421325684e-01,1.638391241431236267e-02
2.890901640057563782e-02,7.407970726490020752e-02
4.043689966201782227e-01,4.008100330829620361e-01
4.372365772724151611e-01,-4.232725203037261963e-01
1.977267414331436157e-01,8.122322559356689453e-01
8.339473009109497070e-01,-9.015046805143356323e-02
1.167082637548446655e-01,8.970165848731994629e-01
5.033165216445922852e-01,1.134799718856811523e-01
-5.673987865447998047e-01,-7.708802223205566406e-01
-5.391327142715454102e-01,-7.703440189361572266e-01
1.111909896135330200e-01,2.538747191429138184e-01
1.150324493646621704e-01,8.839056491851806641e-01
9.045981615781784058e-02,8.798500895500183105e-01
2.002348601818084717e-01,2.181836515665054321e-01
3.768099844455718994e-01,1.644083261489868164e-01
1.247553080320358276e-01,9.295251965522766113e-01
1.902024298906326294e-01,8.031017184257507324e-01
3.462284505367279053e-01,-1.232156250625848770e-02
-5.969540476799011230e-01,-7.677736282348632812e-01
1.181370839476585388e-01,9.283264875411987305e-01
1.473785489797592163e-01,9.550073146820068359e-01
4.301482439041137695e-01,-4.205918014049530029e-01
-5.076273344457149506e-03,-3.799296915531158447e-02
3.095023930072784424e-01,-2.196910977363586426e-01
-4.442985355854034424e-01,-7.604471445083618164e-01
-4.823366105556488037e-01,1.555467844009399414e-01
-6.092385649681091309e-01,-7.629615068435668945e-01
1.890558302402496338e-01,8.062057495117187500e-01
8.895382285118103027e-01,-1.228728294372558594e-01
2.324036210775375366e-01,-2.691154778003692627e-01
5.615285634994506836e-01,-7.856756448745727539e-01
8.303130269050598145e-01,-8.960105478763580322e-02
-2.779655754566192627e-01,5.669820308685302734e-01
-6.337168812751770020e-01,-6.217113733291625977e-01
1.818239837884902954e-01,7.313812971115112305e-01
-5.813351869583129883e-01,-7.707765698432922363e-01
-6.063445210456848145e-01,3.345376253128051758e-01
6.108927726745605469e-01,2.291017472743988037e-01
-4.149584472179412842e-01,-5.348008275032043457e-01
2.429185062646865845e-01,-2.629251778125762939e-01
3.149348199367523193e-01,-2.642128467559814453e-01
-4.102790653705596924e-01,-7.146179676055908203e-01
-6.066187620162963867e-01,3.347414731979370117e-01
-5.618293285369873047e-01,-7.692860960960388184e-01
2.005822062492370605e-01,7.955882549285888672e-01
3.966265022754669189e-01,3.776769936084747314e-01
4.337550997734069824e-01,-4.248480498790740967e-01
-6.420615315437316895e-01,-6.848354339599609375e-01
3.170969784259796143e-01,1.067186072468757629e-01
-4.480206668376922607e-01,-7.621776461601257324e-01
4.249346852302551270e-01,4.164356887340545654e-01
-6.078246831893920898e-01,-7.645013928413391113e-01
9.677549451589584351e-02,8.726403862237930298e-02
2.066168338060379028e-01,-9.660306572914123535e-02
2.589119374752044678e-01,6.808144450187683105e-01
1.048045754432678223e-01,1.738822609186172485e-01
1.941261142492294312e-01,7.870596647262573242e-01
3.252901136875152588e-01,-7.360892742872238159e-02
-1.836238615214824677e-02,3.385600149631500244e-01
4.297015964984893799e-01,-4.198812842369079590e-01
-4.584358036518096924e-01,1.395033001899719238e-01
-3.960967957973480225e-01,-6.560446619987487793e-01
3.240097686648368835e-02,1.494373083114624023e-01
5.056652054190635681e-02,3.347924947738647461e-01
-2.781476080417633057e-01,5.671532750129699707e-01
4.285614788532257080e-01,-4.171450436115264893e-01
5.928025394678115845e-02,1.795910298824310303e-01
-6.069000959396362305e-01,3.345582783222198486e-01
-6.047229766845703125e-01,2.199301123619079590e-01
-5.072125196456909180e-01,1.683541238307952881e-01
-2.775308489799499512e-01,5.671674013137817383e-01
1.056924760341644287e-01,-1.727698743343353271e-02
-8.718346059322357178e-02,-5.407835245132446289e-01
2.294870465993881226e-01,8.983243107795715332e-01
-8.741502463817596436e-02,-5.411452054977416992e-01
1.983674317598342896e-01,9.724020361900329590e-01
8.338269591331481934e-01,-5.234535411000251770e-02
3.288547992706298828e-01,9.234923124313354492e-02
2.893418446183204651e-02,1.507650464773178101e-01
-5.517554879188537598e-01,-7.634080052375793457e-01
-6.386195421218872070e-01,-6.568111181259155273e-01
1.033719629049301147e-01,-8.351732045412063599e-02
2.431613653898239136e-01,-2.904318273067474365e-01
8.814630508422851562e-01,-1.118349879980087280e-01
7.134813815355300903e-02,-2.946884036064147949e-01
-2.779588699340820312e-01,5.675556063652038574e-01
-4.591627120971679688e-01,1.398804336786270142e-01
1.942578703165054321e-01,3.315501511096954346e-01
1.819003224372863770e-01,-8.883196860551834106e-02
-5.467261672019958496e-01,1.865016520023345947e-01
-2.759264707565307617e-01,4.973421990871429443e-01
-2.780409455299377441e-01,5.670685768127441406e-01
-5.528047084808349609e-01,1.937202066183090210e-01
-1.118906959891319275e-01,-5.228896737098693848e-01
2.647649049758911133e-01,6.723490953445434570e-01
7.197972536087036133e-01,1.350922435522079468e-01
-2.283689975738525391e-01,4.418609440326690674e-01
-5.112626552581787109e-01,1.773694455623626709e-01
3.825602531433105469e-01,-3.520488142967224121e-01
1.495358049869537354e-01,9.567740559577941895e-01
4.609927237033843994e-01,3.571231663227081299e-01
1.986578106880187988e-01,7.962171435356140137e-01
1.210732012987136841e-01,8.897291421890258789e-01
4.709262251853942871e-01,1.222579553723335266e-01
2.602338790893554688e-01,6.572906374931335449e-01
4.097995162010192871e-01,2.300047427415847778e-01
8.509854674339294434e-01,-1.019643992185592651e-01
-4.014281928539276123e-01,1.232419461011886597e-01
1.185261383652687073e-01,9.070718884468078613e-01
-4.168633520603179932e-01,1.770328730344772339e-01
4.781707525253295898e-01,-4.398466646671295166e-01
8.894450068473815918e-01,-1.228803843259811401e-01
-5.064522624015808105e-01,-7.621520161628723145e-01
2.301410734653472900e-01,8.929920196533203125e-01
4.783570170402526855e-01,-4.397912621498107910e-01
-7.903455495834350586e-01,2.504530251026153564e-01
-3.942662775516510010e-01,-7.134461402893066406e-01
8.893476724624633789e-01,-1.227776408195495605e-01
2.301451712846755981e-01,8.929715752601623535e-01
1.183431595563888550e-01,1.929377466440200806e-01
1.206212937831878662e-01,9.179248213768005371e-01
-4.120938777923583984e-01,-7.355647087097167969e-01
-6.020863056182861328e-01,-7.657299637794494629e-01
4.749715328216552734e-01,-4.406568109989166260e-01
-4.563429653644561768e-01,-7.540970444679260254e-01
-2.516416311264038086e-01,-7.981371283531188965e-01
-3.944393098354339600e-01,-7.087825536727905273e-01
-9.506819248199462891e-01,-1.940715461969375610e-01
-9.143374860286712646e-02,3.220391273498535156e-01
2.348370552062988281e-01,-1.864168643951416016e-01
8.796640038490295410e-01,-1.087437048554420471e-01
-5.714797973632812500e-01,-7.702098488807678223e-01
2.869756519794464111e-01,6.016232967376708984e-01
-6.046532988548278809e-01,2.199483960866928101e-01
-4.547122716903686523e-01,-7.654269933700561523e-01
1.496175974607467651e-01,9.568231105804443359e-01
5.200903415679931641e-01,2.338836193084716797e-01
2.375799715518951416e-01,7.224140763282775879e-01
-2.001582980155944824e-01,-2.685424685478210449e-01
-4.215905368328094482e-01,-5.343970060348510742e-01
-4.718168973922729492e-01,-7.171115279197692871e-01
7.160245180130004883e-01,-1.603001207113265991e-01
3.329642117023468018e-01,4.908148646354675293e-01
1.984479278326034546e-01,8.009368181228637695e-01
-6.137894392013549805e-01,-7.628303170204162598e-01
4.242165088653564453e-01,-4.135414361953735352e-01
1.898926943540573120e-01,8.044555783271789551e-01
-5.664510726928710938e-01,-7.719541788101196289e-01
6.460002064704895020e-01,3.985545411705970764e-02
8.180878758430480957e-01,-7.438937574625015259e-02
-6.141235828399658203e-01,-7.626948952674865723e-01
5.512129664421081543e-01,1.418262124061584473e-01
5.835361406207084656e-02,6.106516718864440918e-01
3.745113611221313477e-01,4.018627852201461792e-02
-6.751490235328674316e-01,-3.034644126892089844e-01
2.996907830238342285e-01,-1.149463802576065063e-01
1.427222788333892822e-01,8.491638302803039551e-01
-6.378025412559509277e-01,-7.155635356903076172e-01
3.817327618598937988e-01,-3.985001146793365479e-01
-8.736728131771087646e-02,-5.411130785942077637e-01
3.206248283386230469e-01,-3.456731736660003662e-01
1.561779081821441650e-01,9.809044003486633301e-02
-6.045861244201660156e-01,2.198901921510696411e-01
7.475329637527465820e-01,3.285280545242130756e-04
-1.949747055768966675e-01,3.995477855205535889e-01
1.146135702729225159e-01,8.755481839179992676e-01
-5.574552416801452637e-01,-7.715510129928588867e-01
2.034369856119155884e-01,7.643912434577941895e-01
8.674799203872680664e-01,-1.339188665151596069e-01
-6.065187454223632812e-01,3.345966041088104248e-01
3.609170317649841309e-01,-3.794622719287872314e-01
-5.168519020080566406e-01,-7.516977190971374512e-01
1.920285671949386597e-01,8.158519268035888672e-01
-6.932364106178283691e-01,-3.077359497547149658e-01
-4.573489725589752197e-01,-7.663822174072265625e-01
-4.366904497146606445e-02,1.258870661258697510e-01
-6.030620932579040527e-01,-7.663393020629882812e-01
4.690981209278106689e-01,-4.262927770614624023e-01
-4.241089820861816406e-01,1.331053823232650757e-01
-7.015628218650817871e-01,6.575081348419189453e-01
7.146994471549987793e-01,-6.770481355488300323e-03
2.058586329221725464e-01,7.827236056327819824e-01
-4.834759831428527832e-01,1.715615242719650269e-01
3.197393119335174561e-01,-1.133900582790374756e-01
-6.020764112472534180e-01,2.179597765207290649e-01
-2.211980074644088745e-01,5.359622240066528320e-01
1.118854880332946777e-01,2.541670203208923340e-01
-2.779796421527862549e-01,5.671711564064025879e-01
1.942875832319259644e-01,9.743125438690185547e-01
-5.340994000434875488e-01,-7.626057863235473633e-01
2.010595053434371948e-01,7.920815348625183105e-01
1.990336030721664429e-01,9.719669818878173828e-01
2.041760981082916260e-01,9.672583937644958496e-01
-4.704707860946655273e-01,1.524748355150222778e-01
1.432563215494155884e-01,9.498764276504516602e-01
-4.569337368011474609e-01,-7.076919078826904297e-01
-6.240085959434509277e-01,-7.504367232322692871e-01
-5.892592072486877441e-01,-7.679511904716491699e-01
-1.291254907846450806e-01,9.532851725816726685e-02
5.615607500076293945e-01,-7.857216596603393555e-01
5.510923862457275391e-01,-7.809742689132690430e-01
-4.273043572902679443e-01,1.448247879743576050e-01
2.296498268842697144e-01,8.702643513679504395e-01
8.894009590148925781e-01,-1.229537352919578552e-01
1.189021766185760498e-01,8.858147859573364258e-01
4.084501266479492188e-01,4.541893303394317627e-02
4.074012935161590576e-01,-3.917550742626190186e-01
4.363290071487426758e-01,-4.220798909664154053e-01
-4.228246808052062988e-01,-7.358568310737609863e-01
-4.439083933830261230e-01,-7.611612677574157715e-01
-6.056656837463378906e-01,2.208219170570373535e-01
4.230509102344512939e-01,-4.121347069740295410e-01
-2.517049908638000488e-01,-7.975438237190246582e-01
1.636482626199722290e-01,1.178860589861869812e-01
1.183191463351249695e-01,9.293308854103088379e-01
-6.370761394500732422e-01,-2.778724431991577148e-01
7.927730679512023926e-01,-1.712662726640701294e-02
-1.652071774005889893e-01,1.334542874246835709e-02
2.002977430820465088e-01,8.074135780334472656e-01
-1.829970814287662506e-02,-5.202902555465698242e-01
2.331726849079132080e-01,-3.228419721126556396e-01
-4.142482578754425049e-02,1.615917682647705078e-02
-5.620618462562561035e-01,-5.083610415458679199e-01
-3.764939010143280029e-01,1.185749322175979614e-01
-5.778301358222961426e-01,-7.708162069320678711e-01
-3.626472055912017822e-01,-6.689357161521911621e-01
1.300331801176071167e-01,9.374276995658874512e-01
1.175988018512725830e-01,8.825382590293884277e-01
4.916175305843353271e-01,1.904296278953552246e-01
3.168905079364776611e-01,9.339635819196701050e-02
-4.963583648204803467e-01,-7.567807435989379883e-01
1.759615838527679443e-01,2.096076905727386475e-01
1.437342464923858643e-01,1.981204003095626831e-01
1.110683754086494446e-01,2.534401714801788330e-01
2.251814901828765869e-01,7.414163351058959961e-01
-6.000477671623229980e-01,2.168592214584350586e-01
4.869123399257659912e-01,2.467993944883346558e-01
2.282709032297134399e-01,-3.622238636016845703e-01
1.094368398189544678e-01,1.400109678506851196e-01
1.248645558953285217e-01,9.329399466514587402e-01
-3.853959143161773682e-01,-6.905447840690612793e-01
-6.271180510520935059e-01,-7.353072166442871094e-01
2.125508189201354980e-01,9.548006653785705566e-01
7.681261301040649414e-01,-2.380537055432796478e-02
3.107541501522064209e-01,-7.406186312437057495e-02
5.398536324501037598e-01,2.778586745262145996e-01
1.195420920848846436e-01,9.136161208152770996e-01
-6.341226696968078613e-01,-7.304316163063049316e-01
2.628883905708789825e-02,1.638756245374679565e-01
-4.997386336326599121e-01,1.835889369249343872e-01
-1.155191436409950256e-01,3.542900085449218750e-02
-6.066597104072570801e-01,2.214238792657852173e-01
1.622050553560256958e-01,7.596947252750396729e-02
2.523494660854339600e-01,-4.853711649775505066e-02
2.239493876695632935e-01,7.422877550125122070e-01
-5.108052492141723633e-01,1.775993853807449341e-01
-5.910636186599731445e-01,2.104605734348297119e-01
8.644272089004516602e-01,-1.159984841942787170e-01
-4.331432580947875977e-01,-7.165493965148925781e-01
2.297763675451278687e-01,7.152605652809143066e-01
3.384432792663574219e-01,5.021433830261230469e-01
-9.597331285476684570e-02,-1.077366098761558533e-01
-5.490826964378356934e-01,-7.712713479995727539e-01
1.857449859380722046e-01,9.704991579055786133e-01
-6.347284317016601562e-01,-7.286396026611328125e-01
-1.145328730344772339e-01,-5.981352925300598145e-01
6.759762018918991089e-02,1.236515492200851440e-01
2.799130976200103760e-01,1.216728799045085907e-02
-6.127632260322570801e-01,-7.631620764732360840e-01
1.383702754974365234e-01,9.475259780883789062e-01
-5.756550431251525879e-01,-7.674685716629028320e-01
3.850611448287963867e-01,1.820089966058731079e-01
1.876780837774276733e-01,9.716181159019470215e-01
8.506830930709838867e-01,-8.354342728853225708e-02
1.202628090977668762e-01,1.618813127279281616e-01
2.965313792228698730e-01,2.128550112247467041e-01
1.871904730796813965e-01,9.713746309280395508e-01
2.034558653831481934e-01,9.679741859436035156e-01
2.671703398227691650e-01,8.175954967737197876e-02
4.687506258487701416e-01,-2.550376355648040771e-01
-5.068789720535278320e-01,-7.587751746177673340e-01
2.097967714071273804e-01,-1.696145683526992798e-01
4.321838319301605225e-01,-4.187038540840148926e-01
1.889345347881317139e-01,9.721730351448059082e-01
4.247559010982513428e-01,4.165765643119812012e-01
2.056754529476165771e-01,9.652075171470642090e-01
-8.880549110472202301e-03,1.195413544774055481e-01
5.349518656730651855e-01,2.774152159690856934e-01
-4.395528435707092285e-01,-7.577545046806335449e-01
-4.925480484962463379e-01,-7.703074812889099121e-01
4.181991815567016602e-01,-4.082608222961425781e-01
-5.754923224449157715e-01,-7.709168195724487305e-01
-2.802637815475463867e-01,1.105591729283332825e-01
4.354757964611053467e-01,3.557894229888916016e-01
7.542911767959594727e-01,-3.218102967366576195e-03
5.253596305847167969e-01,2.272108793258666992e-01
9.035510569810867310e-02,8.795301914215087891e-01
8.340341448783874512e-01,-9.159910678863525391e-02
1.489575654268264771e-01,8.415521979331970215e-01
4.301451742649078369e-01,-4.206068515777587891e-01
-6.050443053245544434e-01,2.200085073709487915e-01
2.218669801950454712e-01,3.506291508674621582e-01
8.892493247985839844e-01,-1.222939938306808472e-01
4.658049046993255615e-01,-2.573919594287872314e-01
2.047429978847503662e-01,2.018659263849258423e-01
1.219104528427124023e-01,8.661301732063293457e-01
-9.506772160530090332e-01,-1.940689384937286377e-01
-6.101568937301635742e-01,-7.635359764099121094e-01
-5.297446846961975098e-01,-3.110016584396362305e-01
-5.183558464050292969e-01,-7.542477250099182129e-01
2.761878967285156250e-01,3.239051997661590576e-02
1.961187720298767090e-01,8.026999831199645996e-01
2.508153319358825684e-01,-1.963851898908615112e-01
-2.933477163314819336e-01,-2.663455903530120850e-01
-6.052348613739013672e-01,2.203924208879470825e-01
3.776048123836517334e-01,5.511207878589630127e-02
2.571662366390228271e-01,6.673423051834106445e-01
-6.411433219909667969e-01,-6.694582104682922363e-01
-2.781313359737396240e-01,-3.432868719100952148e-01
9.036327153444290161e-02,8.794739842414855957e-01
4.713825285434722900e-01,-2.150976508855819702e-01
-5.978943109512329102e-01,-7.675405144691467285e-01
1.012505516409873962e-01,1.500981301069259644e-01
-5.009192824363708496e-01,1.740559637546539307e-01
8.895033597946166992e-01,-1.228496506810188293e-01
-5.425904393196105957e-01,-7.727192640304565430e-01
-5.274416804313659668e-01,-7.583811283111572266e-01
-3.124307990074157715e-01,1.202920153737068176e-01
-6.312831044197082520e-01,-7.365927696228027344e-01
-6.055488586425781250e-01,2.202813029289245605e-01
3.493338823318481445e-01,-3.308935090899467468e-03
3.388871848583221436e-01,2.583349049091339111e-01
4.080508351325988770e-01,4.537346214056015015e-02
-5.503434538841247559e-01,-7.705647945404052734e-01
2.138271182775497437e-01,9.521168470382690430e-01
8.145326375961303711e-01,-6.672775745391845703e-02
8.895690441131591797e-01,-1.228482723236083984e-01
-8.740203827619552612e-02,-5.411187410354614258e-01
-5.402188897132873535e-01,-7.569997906684875488e-01
-6.141235828399658203e-01,-7.627034783363342285e-01
-5.012063980102539062e-01,2.735976278781890869e-01
4.294305145740509033e-01,-4.196873307228088379e-01
3.347025811672210693e-01,-5.507827922701835632e-02
-1.415778994560241699e-01,-2.791162431240081787e-01
-4.543953537940979004e-01,-7.398023009300231934e-01
-2.868055701255798340e-01,-3.082854747772216797e-01
2.656367123126983643e-01,6.642991900444030762e-01
-5.539063811302185059e-01,-7.700777053833007812e-01
2.063900083303451538e-01,9.640139937400817871e-01
-4.436370730400085449e-01,-7.351514697074890137e-01
-4.054120779037475586e-01,-5.226398110389709473e-01
9.040671586990356445e-02,8.797237873077392578e-01
-4.384773671627044678e-01,1.356045752763748169e-01
4.691907465457916260e-01,-2.528986930847167969e-01
1.914816945791244507e-01,9.756629914045333862e-02
1.869727224111557007e-01,9.712057709693908691e-01
1.216474100947380066e-01,9.240460395812988281e-01
1.055052950978279114e-01,8.688002228736877441e-01
-4.004127085208892822e-01,1.234507635235786438e-01
-6.049283742904663086e-01,-7.625363469123840332e-01
4.648728668689727783e-01,-2.586919069290161133e-01
2.182376980781555176e-01,9.409136176109313965e-01
-6.141562461853027344e-01,-7.627073526382446289e-01
-1.922054216265678406e-02,5.012546107172966003e-02
6.116096973419189453e-01,2.285021096467971802e-01
1.895641684532165527e-01,8.352441787719726562e-01
6.122561693191528320e-01,2.281631529331207275e-01
6.552166491746902466e-02,3.130249679088592529e-02
-4.562472999095916748e-01,-7.425193190574645996e-01
-4.441569745540618896e-01,1.453980505466461182e-01
5.510883927345275879e-01,-7.809744477272033691e-01
8.838629722595214844e-01,-1.144496574997901917e-01
4.750941991806030273e-01,-4.408959150314331055e-01
3.613467514514923096e-01,2.961068451404571533e-01
4.593451321125030518e-01,2.973925173282623291e-01
7.984181642532348633e-01,-4.692398384213447571e-02
8.212983012199401855e-01,-9.479330480098724365e-02
3.974390327930450439e-01,-3.666323125362396240e-01
-5.504992008209228516e-01,2.125028520822525024e-01
2.103449255228042603e-01,7.686905264854431152e-01
-6.239756345748901367e-01,-7.504910230636596680e-01
1.195791140198707581e-01,8.821517825126647949e-01
1.933049410581588745e-01,2.505281269550323486e-01
8.781729936599731445e-01,-1.067956164479255676e-01
-6.750058531761169434e-01,-3.030574321746826172e-01
2.138941884040832520e-01,7.663661837577819824e-01
-3.980030119419097900e-01,-5.761699676513671875e-01
-4.674005210399627686e-01,1.545792818069458008e-01
9.036616235971450806e-02,8.795689344406127930e-01
1.161304414272308350e-01,8.814077377319335938e-01
6.533829569816589355e-01,8.222299814224243164e-02
4.019221961498260498e-01,-3.845536410808563232e-01
-3.981872797012329102e-01,-7.040807604789733887e-01
-6.420520544052124023e-01,-6.862788796424865723e-01
-3.443320691585540771e-01,-1.246949061751365662e-01
-5.646840929985046387e-01,-7.678828239440917969e-01
-4.076312184333801270e-01,-5.434837341308593750e-01
1.316130906343460083e-01,9.423875808715820312e-01
2.135486900806427002e-01,7.630919814109802246e-01
1.961895376443862915e-01,8.092423677444458008e-01
-5.565203428268432617e-01,-7.724224328994750977e-01
-1.282709687948226929e-01,-2.623580396175384521e-01
-4.007650613784790039e-01,1.229459419846534729e-01
-3.817550837993621826e-01,-5.047860145568847656e-01
-3.927452862262725830e-01,-6.031705737113952637e-01
-1.265356037765741348e-02,-1.334714740514755249e-01
-4.953218102455139160e-01,1.808703392744064331e-01
2.421589195728302002e-01,-1.196898147463798523e-01
-5.616533160209655762e-01,-3.231096267700195312e-01
2.060927003622055054e-01,9.645813107490539551e-01
8.197631239891052246e-01,-9.092077612876892090e-02
1.411095112562179565e-01,1.115673556923866272e-01
1.116685792803764343e-01,2.543987333774566650e-01
-2.516367137432098389e-01,-7.981784343719482422e-01
1.599195450544357300e-01,8.432319164276123047e-01
9.966775029897689819e-02,3.795323194935917854e-03
8.857012987136840820e-01,-1.178853735327720642e-01
9.480277448892593384e-02,8.848876953125000000e-01
3.162472844123840332e-01,1.050326675176620483e-01
-5.634074807167053223e-01,1.945441216230392456e-01
-4.317495822906494141e-01,-7.370579242706298828e-01
3.701287209987640381e-01,4.348342716693878174e-01
-2.798881530761718750e-01,5.266079902648925781e-01
4.079228937625885010e-01,-3.943044543266296387e-01
1.469375640153884888e-01,9.542216658592224121e-01
-2.371865212917327881e-01,1.343530267477035522e-01
-9.505313038825988770e-01,-1.940316557884216309e-01
-3.922470808029174805e-01,-7.111456990242004395e-01
-1.867893785238265991e-01,1.454508900642395020e-01
8.896028995513916016e-01,-1.228970363736152649e-01
2.055353373289108276e-01,7.674551606178283691e-01
1.515240222215652466e-01,9.575741291046142578e-01
3.583590984344482422e-01,3.607270717620849609e-01
4.705141782760620117e-01,1.094255670905113220e-01
-5.040101408958435059e-01,-7.560674548149108887e-01
3.015817999839782715e-01,3.772591054439544678e-01
8.851754069328308105e-01,-1.160418987274169922e-01
-5.965111851692199707e-01,-3.091341257095336914e-01
-5.496111512184143066e-01,-7.714271545410156250e-01
-5.071420669555664062e-01,1.963820159435272217e-01
-6.043207049369812012e-01,2.195052057504653931e-01
-5.407457947731018066e-01,-7.680447101593017578e-01
-3.291024863719940186e-01,-4.976797699928283691e-01
-9.622757136821746826e-02,-1.077437400817871094e-01
-6.050585508346557617e-01,2.200660407543182373e-01
4.690774977207183838e-01,-2.536254227161407471e-01
4.167280793190002441e-01,-4.055578410625457764e-01
3.778937160968780518e-01,4.625878110527992249e-02
3.151897788047790527e-01,1.088655740022659302e-01
1.679433137178421021e-01,1.892389506101608276e-01
-3.883514404296875000e-01,-7.055955529212951660e-01
9.121949225664138794e-02,8.811423778533935547e-01
-5.499197244644165039e-01,2.890975177288055420e-01
-2.516771256923675537e-01,-7.975688576698303223e-01
1.431331336498260498e-01,9.510437250137329102e-01
-6.002625226974487305e-01,-7.644435763359069824e-01
-1.191155314445495605e-01,-6.142847239971160889e-03
8.894829154014587402e-01,-1.227135211229324341e-01
-6.067998409271240234e-01,3.347603380680084229e-01
2.248379290103912354e-01,1.798752248287200928e-01
-3.964520394802093506e-01,-4.743549227714538574e-01
-6.055719852447509766e-01,2.200803607702255249e-01
6.386789679527282715e-01,-4.128579050302505493e-02
-5.874858498573303223e-01,-7.697539329528808594e-01
-5.865080952644348145e-01,-7.702000737190246582e-01
-3.708406686782836914e-01,-6.792526841163635254e-01
-6.264593601226806641e-01,-6.021355986595153809e-01
1.558779031038284302e-01,9.595922231674194336e-01
1.087101921439170837e-01,8.527220487594604492e-01
-2.809373736381530762e-01,4.481393396854400635e-01
4.238266944885253906e-01,-4.140959382057189941e-01
4.586465954780578613e-01,1.344044139841571450e-04
4.244079589843750000e-01,4.166757464408874512e-01
-9.620964527130126953e-02,-1.070397347211837769e-01
2.301296591758728027e-01,8.927524089813232422e-01
4.485677182674407959e-01,-4.243053793907165527e-01
-6.941348910331726074e-01,-3.080461323261260986e-01
5.511720776557922363e-01,-7.810623645782470703e-01
1.391463279724121094e-01,2.118466347455978394e-01
1.637483686208724976e-01,2.412429004907608032e-01
-6.275758147239685059e-01,-7.439747452735900879e-01
-4.357074499130249023e-01,-7.532457709312438965e-01
1.109633296728134155e-01,8.892448544502258301e-01
-5.728778839111328125e-01,-7.716216444969177246e-01
-3.769401609897613525e-01,1.398526728153228760e-01
-4.491621851921081543e-01,-5.620630979537963867e-01
-5.409156084060668945e-01,-7.728755474090576172e-01
8.807079195976257324e-01,-1.105847209692001343e-01
-4.233440160751342773e-01,1.340256333351135254e-01
-4.010209441184997559e-01,1.233322396874427795e-01
2.301085591316223145e-01,8.932104706764221191e-01
8.849225044250488281e-01,-1.158395558595657349e-01
3.139988780021667480e-01,5.580124258995056152e-01
9.039561450481414795e-02,8.795784115791320801e-01
4.689733982086181641e-01,-2.533660531044006348e-01
3.782736882567405701e-02,4.146576821804046631e-01
4.044012725353240967e-01,-3.863880336284637451e-01
2.474030107259750366e-02,-3.605142980813980103e-02
-5.930612087249755859e-01,-7.682847380638122559e-01
-3.880491554737091064e-01,-6.921982765197753906e-01
-5.140293240547180176e-01,-7.676069140434265137e-01
-4.608900845050811768e-01,-7.659547328948974609e-01
-6.420701146125793457e-01,-6.866661310195922852e-01
2.299602329730987549e-01,8.942652344703674316e-01
-2.778861522674560547e-01,5.674729943275451660e-01
7.836301922798156738e-01,-1.503610238432884216e-02
-5.766552090644836426e-01,-7.712131738662719727e-01
1.191590428352355957e-01,9.125137925148010254e-01
4.780397713184356689e-01,-4.393884241580963135e-01
-9.508423209190368652e-01,-1.941131204366683960e-01
5.181097611784934998e-02,5.228390172123908997e-02
-4.682084619998931885e-01,-7.676711082458496094e-01
-5.191401839256286621e-01,-7.626846432685852051e-01
-4.029591679573059082e-01,-4.506382048130035400e-01
8.214125633239746094e-01,-7.777389138936996460e-02
-4.574420154094696045e-01,-7.663242220878601074e-01
2.247692048549652100e-01,1.800432056188583374e-01
-4.054470956325531006e-01,-5.290955305099487305e-01
-6.064862608909606934e-01,3.342815041542053223e-01
-5.875844359397888184e-01,-7.691627144813537598e-01
-4.731759428977966309e-01,1.455674767494201660e-01
1.216635778546333313e-01,9.217486381530761719e-01
2.326611876487731934e-01,7.019438147544860840e-01
-4.636285006999969482e-01,1.438350677490234375e-01
2.301380783319473267e-01,8.929798603057861328e-01
-2.781256437301635742e-01,5.673093199729919434e-01
5.615414977073669434e-01,-7.856964468955993652e-01
1.870898008346557617e-01,-7.207921892404556274e-02
5.976586937904357910e-01,1.445125639438629150e-01
2.414087206125259399e-01,1.528234630823135376e-01
6.116034388542175293e-01,2.285131961107254028e-01
2.676069438457489014e-01,-5.136422514915466309e-01
-4.814136028289794922e-01,-7.472502589225769043e-01
-4.405975639820098877e-01,-7.582355737686157227e-01
-8.819431662559509277e-01,3.973028957843780518e-01
5.474319458007812500e-01,2.119267582893371582e-01
-5.752450823783874512e-01,-7.716174721717834473e-01
1.363540440797805786e-01,8.541793823242187500e-01
-6.048872470855712891e-01,2.201278209686279297e-01
-4.239199459552764893e-01,1.331555396318435669e-01
3.396598696708679199e-01,3.466704189777374268e-01
2.252512574195861816e-01,1.794813126325607300e-01
2.239619344472885132e-01,9.183245897293090820e-01
2.001239359378814697e-01,8.074796199798583984e-01
8.634413480758666992e-01,-9.719996154308319092e-02
4.268773794174194336e-01,-4.168471693992614746e-01
1.122185140848159790e-01,3.860596567392349243e-02
6.122685670852661133e-01,2.281536757946014404e-01
4.443887472152709961e-01,-4.302189052104949951e-01
3.355485796928405762e-01,5.179779529571533203e-01
-3.288012146949768066e-01,1.174159273505210876e-01
3.209662437438964844e-01,-1.046521365642547607e-01
-5.612270832061767578e-01,1.965448856353759766e-01
3.287690281867980957e-01,1.014171168208122253e-01
-5.486375689506530762e-01,1.922032833099365234e-01
5.696719884872436523e-01,1.957003176212310791e-01
1.107736602425575256e-01,2.416827976703643799e-01
-5.663484930992126465e-01,-7.703109979629516602e-01
1.495495140552520752e-01,9.567358493804931641e-01
-6.044298410415649414e-01,2.196269929409027100e-01
2.763439416885375977e-01,-5.243667960166931152e-01
3.007334768772125244e-01,5.556864142417907715e-01
8.946094661951065063e-02,6.752948164939880371e-01
-4.983663558959960938e-01,-7.624072432518005371e-01
8.894847035408020020e-01,-1.228939592838287354e-01
8.853056430816650391e-01,-1.171471029520034790e-01
2.118417322635650635e-01,9.561740756034851074e-01
-6.263250708580017090e-01,-7.460828423500061035e-01
8.704978227615356445e-01,-1.000132784247398376e-01
1.429679840803146362e-01,9.520046710968017578e-01
2.488348782062530518e-01,9.674630314111709595e-02
4.287993311882019043e-01,-4.173384010791778564e-01
-3.521462976932525635e-01,-6.492393612861633301e-01
-2.780463695526123047e-01,5.677762031555175781e-01
-2.685859203338623047e-01,-2.790434360504150391e-01
2.112632095813751221e-01,9.565065503120422363e-01
2.417983114719390869e-01,-3.113144077360630035e-02
1.481014639139175415e-01,9.555584192276000977e-01
2.111047059297561646e-01,8.391006588935852051e-01
-4.850362539291381836e-01,1.660313606262207031e-01
1.969246566295623779e-01,7.860167622566223145e-01
-6.363447010517120361e-02,3.482708334922790527e-02
1.472016423940658569e-01,9.549756050109863281e-01
-4.609849750995635986e-01,1.683225631713867188e-01
4.410110116004943848e-01,-2.246805876493453979e-01
-4.941256344318389893e-01,1.707787811756134033e-01
9.035742282867431641e-02,8.794825077056884766e-01
-3.418789505958557129e-01,-2.911691963672637939e-01
4.080573916435241699e-01,4.536671191453933716e-02
6.079548597335815430e-01,1.334787011146545410e-01
4.302262961864471436e-01,-4.207740426063537598e-01
8.314957618713378906e-01,-9.408345073461532593e-02
-6.052990555763244629e-01,2.199861556291580200e-01
8.642137050628662109e-01,-1.217338666319847107e-01
2.757085859775543213e-01,-5.238409638404846191e-01
3.183054029941558838e-01,7.236741483211517334e-02
7.601886391639709473e-01,4.879216104745864868e-02
-1.342840045690536499e-01,4.495141208171844482e-01
-5.079461932182312012e-01,-7.644923329353332520e-01
3.852841854095458984e-01,-3.755221366882324219e-01
4.291636049747467041e-01,-4.190914332866668701e-01
-8.819893598556518555e-01,3.973249495029449463e-01
9.037140011787414551e-02,8.795291185379028320e-01
1.962107867002487183e-01,7.992428541183471680e-01
4.780381321907043457e-01,-4.395340085029602051e-01
5.510773062705993652e-01,-7.809451818466186523e-01
-4.429341256618499756e-01,-7.559413909912109375e-01
2.816017568111419678e-01,1.925409883260726929e-01
2.294025719165802002e-01,6.094301939010620117e-01
1.329360008239746094e-01,8.624066114425659180e-01
-5.448535680770874023e-01,-3.249998390674591064e-01
1.876728087663650513e-01,9.716511964797973633e-01
8.649037480354309082e-01,-9.431022405624389648e-02
6.983154416084289551e-01,3.528378531336784363e-02
3.169670701026916504e-01,1.066539734601974487e-01
1.569538265466690063e-01,1.024248003959655762e-01
-4.070923626422882080e-01,-5.054218173027038574e-01
-5.426669120788574219e-01,-7.729427218437194824e-01
4.027465581893920898e-01,3.768171742558479309e-02
-2.515128850936889648e-01,-7.968167066574096680e-01
1.588868349790573120e-01,9.607667326927185059e-01
-3.831352591514587402e-01,1.427325159311294556e-01
4.080449342727661133e-01,4.536030068993568420e-02
2.108659744262695312e-01,7.646239399909973145e-01
-6.938470602035522461e-01,-3.078566193580627441e-01
-4.326592981815338135e-01,-6.539757847785949707e-01
-4.220704734325408936e-01,-6.548086404800415039e-01
-4.091113507747650146e-01,-7.092689871788024902e-01
9.756384789943695068e-02,8.915380835533142090e-01
4.782267212867736816e-01,-4.396767318248748779e-01
2.244401127099990845e-01,1.800215989351272583e-01
-4.523694217205047607e-01,1.385287642478942871e-01
4.709079861640930176e-01,-2.411598861217498779e-01
3.497611284255981445e-01,-1.154892221093177795e-01
3.897565305233001709e-01,-3.619795739650726318e-01
-9.611649066209793091e-02,-1.079154387116432190e-01
1.863763034343719482e-01,9.705409407615661621e-01
-6.346954703330993652e-01,-7.287189364433288574e-01
-3.181049525737762451e-01,-3.074862957000732422e-01
1.877777725458145142e-01,3.960129246115684509e-02
2.403057962656021118e-01,-8.612370491027832031e-02
2.877731323242187500e-01,-1.830921620130538940e-01
1.232511475682258606e-01,9.327721595764160156e-01
-5.102328658103942871e-01,1.742098033428192139e-01
2.248554378747940063e-01,1.793231815099716187e-01
-3.218447789549827576e-02,4.768123924732208252e-01
4.782729446887969971e-01,-4.396775960922241211e-01
-4.520725011825561523e-01,1.380042880773544312e-01
3.782463669776916504e-01,-3.789030015468597412e-01
-5.296552777290344238e-01,2.944116890430450439e-01
-2.790539860725402832e-01,5.688943862915039062e-01
2.071337401866912842e-01,9.634791612625122070e-01
8.526219129562377930e-01,-1.099804416298866272e-01
4.452954232692718506e-01,-4.269329607486724854e-01
-2.453695535659790039e-01,1.413926184177398682e-01
1.616141200065612793e-01,8.316480517387390137e-01
2.001395672559738159e-01,7.982007861137390137e-01
2.249152213335037231e-01,1.799904853105545044e-01
2.192248851060867310e-01,1.060049086809158325e-01
2.305904179811477661e-01,1.511760503053665161e-01
4.082062542438507080e-01,4.538005590438842773e-02
2.011671960353851318e-01,8.233926892280578613e-01
-6.421985626220703125e-01,-6.818658113479614258e-01
8.894166946411132812e-01,-1.228649765253067017e-01
1.556306034326553345e-01,8.172934651374816895e-01
2.319307029247283936e-01,-2.337446957826614380e-01
8.638992309570312500e-01,-9.290459007024765015e-02
-1.170582370832562447e-03,-3.137475252151489258e-01
-5.998265147209167480e-01,-7.648926377296447754e-01
-6.029164791107177734e-01,-7.662818431854248047e-01
-4.005590081214904785e-01,1.230346933007240295e-01
4.294546842575073242e-01,-4.197961390018463135e-01
1.490051895380020142e-01,-1.103171929717063904e-01
8.859964609146118164e-01,-1.183901354670524597e-01
1.148278787732124329e-01,-3.511894047260284424e-01
2.022845447063446045e-01,7.919237613677978516e-01
3.561189174652099609e-01,-3.328702449798583984e-01
-6.050627827644348145e-01,2.201065719127655029e-01
-2.780638635158538818e-01,5.675581693649291992e-01
2.300125658512115479e-01,8.941953778266906738e-01
-6.025203466415405273e-01,3.142760396003723145e-01
-8.341030031442642212e-02,1.397255808115005493e-01
-5.692178606986999512e-01,-7.700578570365905762e-01
4.211988151073455811e-01,2.121829241514205933e-01
1.988186091184616089e-01,7.891844511032104492e-01
-5.796864628791809082e-01,-7.688398957252502441e-01
1.120419874787330627e-01,2.539814114570617676e-01
-5.270664095878601074e-01,-7.675700187683105469e-01
2.018545418977737427e-01,7.916648983955383301e-01
-5.857054591178894043e-01,-7.693860530853271484e-01
-6.163480877876281738e-01,-7.600961327552795410e-01
3.198165297508239746e-01,-1.482534110546112061e-01
-8.770292252302169800e-02,-5.409116148948669434e-01
-4.776390790939331055e-01,-6.987104415893554688e-01
2.227135747671127319e-01,7.243570089340209961e-01
2.825298607349395752e-01,-1.606150269508361816e-01
8.781034946441650391e-01,-1.092933267354965210e-01
1.847599148750305176e-01,8.221258521080017090e-01
4.437477886676788330e-01,-2.809459865093231201e-01
-3.887593150138854980e-01,-4.064772129058837891e-01
8.065693378448486328e-01,-3.938628733158111572e-02
3.005630373954772949e-01,1.852677166461944580e-01
-4.211077690124511719e-01,-6.785523295402526855e-01
4.008127450942993164e-01,-3.801372647285461426e-01
1.284285038709640503e-01,9.375888705253601074e-01
3.931038379669189453e-01,1.399830877780914307e-01
-4.510518610477447510e-01,1.384594738483428955e-01
5.626279860734939575e-02,1.192004010081291199e-01
1.987126320600509644e-01,8.003374934196472168e-01
8.340053558349609375e-01,-5.310465395450592041e-02
4.749829173088073730e-01,-4.409283697605133057e-01
1.114021837711334229e-01,9.183204174041748047e-01
-4.471293389797210693e-01,-7.581182718276977539e-01
-5.979210138320922852e-01,-3.085590004920959473e-01
-6.386075019836425781e-01,-7.103151082992553711e-01
-4.947665333747863770e-01,-7.533539533615112305e-01
1.223803758621215820e-01,9.333708882331848145e-01
1.185884103178977966e-01,9.061432480812072754e-01
4.923811554908752441e-02,1.581076383590698242e-01
-9.827692806720733643e-02,9.441308677196502686e-03
8.891743421554565430e-01,-1.225117892026901245e-01
2.710036635398864746e-01,-7.584684342145919800e-02
1.942940950393676758e-01,9.743214249610900879e-01
2.283254712820053101e-01,8.759442567825317383e-01
1.985665261745452881e-01,7.964069843292236328e-01
-3.714437782764434814e-01,-6.802244186401367188e-01
1.522658616304397583e-01,9.563882946968078613e-01
8.893215060234069824e-01,-1.229386925697326660e-01
-3.655413091182708740e-01,1.385343819856643677e-01
2.054650187492370605e-01,7.818546295166015625e-01
4.604045450687408447e-01,2.581118047237396240e-01
-5.481318831443786621e-01,1.919117271900177002e-01
-2.781456410884857178e-01,4.745118618011474609e-01
-4.010187983512878418e-01,1.231541633605957031e-01
-8.817627429962158203e-01,3.972157537937164307e-01
-5.432186722755432129e-01,-7.598665952682495117e-01
-4.207179546356201172e-01,-6.489199995994567871e-01
3.864052593708038330e-01,-2.704904973506927490e-01
-4.451104402542114258e-01,-6.813192367553710938e-01
2.772224843502044678e-01,1.856581419706344604e-01
1.297867596149444580e-01,9.382197260856628418e-01
1.871696710586547852e-01,9.713598489761352539e-01
8.129370212554931641e-01,-6.585570424795150757e-02
1.382643878459930420e-01,4.129010066390037537e-02
-4.665757715702056885e-01,1.541151106357574463e-01
8.248526453971862793e-01,-7.942575216293334961e-02
4.786098003387451172e-01,-4.400302767753601074e-01
8.140877485275268555e-01,-6.647875905036926270e-02
2.086922973394393921e-01,9.607812762260437012e-01
3.525033891201019287e-01,1.215529441833496094e-01
3.513422012329101562e-01,-3.678596019744873047e-01
1.940943896770477295e-01,9.742346405982971191e-01
2.244964987039566040e-01,7.263377308845520020e-01
2.522698342800140381e-01,4.261540472507476807e-01
8.883008956909179688e-01,-1.202114447951316833e-01
2.754554748535156250e-01,-5.234468579292297363e-01
1.940921992063522339e-01,9.742323160171508789e-01
2.057142853736877441e-01,-9.534258395433425903e-02
1.206965073943138123e-01,8.759557008743286133e-01
-2.516269087791442871e-01,-7.977821230888366699e-01
9.045118838548660278e-02,8.797886371612548828e-01
3.383609354496002197e-01,6.821878254413604736e-02
1.892007142305374146e-01,8.087642192840576172e-01
-6.910078525543212891e-01,-3.068643510341644287e-01
-5.769076943397521973e-01,2.017537206411361694e-01
1.360046565532684326e-01,8.587984442710876465e-01
-4.611166417598724365e-01,1.520103216171264648e-01
4.229654967784881592e-01,-4.126284420490264893e-01
-6.069048643112182617e-01,3.348164260387420654e-01
-4.182378053665161133e-01,-7.425451278686523438e-01
1.736732870340347290e-01,1.322000622749328613e-01
4.894642531871795654e-01,2.124796509742736816e-01
-2.775260806083679199e-01,5.672588348388671875e-01
7.469451427459716797e-01,2.193580439779907465e-04
1.983237862586975098e-01,9.724195599555969238e-01
-4.512361884117126465e-01,1.366379261016845703e-01
2.498005181550979614e-01,6.934438943862915039e-01
1.161354929208755493e-01,-2.841584011912345886e-02
-6.387931108474731445e-01,-6.575360298156738281e-01
4.601307213306427002e-02,-2.570997774600982666e-01
-4.909451603889465332e-01,-7.424187660217285156e-01
8.546121418476104736e-02,-3.490391373634338379e-01
-8.818496465682983398e-01,3.972576856613159180e-01
2.071234434843063354e-01,7.505691051483154297e-01
-4.414225220680236816e-01,-5.800298973917961121e-02
-5.796588063240051270e-01,-7.712678313255310059e-01
3.163439333438873291e-01,-1.002617329359054565e-01
-5.679903626441955566e-01,-7.720484733581542969e-01
8.472796678543090820e-01,-1.337608695030212402e-01
-6.062879562377929688e-01,-7.649078369140625000e-01
-6.141372919082641602e-01,-7.626994848251342773e-01
-7.899240851402282715e-01,2.502234876155853271e-01
-2.765880227088928223e-01,-4.297813475131988525e-01
3.439174592494964600e-01,7.808935642242431641e-02
-5.615026354789733887e-01,1.960270255804061890e-01
5.510616898536682129e-01,-7.809269428253173828e-01
-6.036890149116516113e-01,-7.660961747169494629e-01
2.508569955825805664e-01,1.769468337297439575e-01
-6.058360338211059570e-01,-7.642217278480529785e-01
2.115613073110580444e-01,7.666149735450744629e-01
3.260573148727416992e-01,1.131780669093132019e-01
-3.943388462066650391e-01,-7.090191245079040527e-01
-2.886186167597770691e-02,7.318079471588134766e-02
-4.706784784793853760e-01,-7.584094405174255371e-01
-5.708402395248413086e-01,-7.692611217498779297e-01
1.153752580285072327e-01,9.120680093765258789e-01
3.329965770244598389e-01,4.706653952598571777e-01
-3.722009658813476562e-01,-6.854452490806579590e-01
-2.361935079097747803e-01,-2.424940168857574463e-01
-4.429695010185241699e-01,1.615928262472152710e-01
-1.720693111419677734e-01,1.397217065095901489e-01
6.122571229934692383e-01,2.280618548393249512e-01
4.783780872821807861e-01,-4.396792054176330566e-01
2.025171220302581787e-01,1.191468909382820129e-01
3.285130858421325684e-01,-2.540293335914611816e-02
-4.554421901702880859e-01,-3.041884899139404297e-01
-4.720847010612487793e-01,2.126394957304000854e-01
2.069770544767379761e-01,9.638210535049438477e-01
-1.739226728677749634e-01,4.431894794106483459e-02
-2.780174016952514648e-01,5.671552419662475586e-01
-3.747876584529876709e-01,-6.849144101142883301e-01
2.294070571660995483e-01,7.132163643836975098e-01
-6.140452027320861816e-01,-7.626579403877258301e-01
2.522846758365631104e-01,-4.893946275115013123e-02
3.439752161502838135e-01,4.954184405505657196e-04
8.880481123924255371e-01,-1.199568361043930054e-01
2.154386788606643677e-01,7.595928311347961426e-01
1.489192545413970947e-01,9.562010169029235840e-01
-3.950204253196716309e-01,-7.137200236320495605e-01
-3.359378501772880554e-02,2.520671784877777100e-01
-2.896325290203094482e-01,3.434230014681816101e-02
-4.782477915287017822e-01,1.633574664592742920e-01
2.053287029266357422e-01,7.840003967285156250e-01
-1.837272047996520996e-01,9.452521800994873047e-02
-8.818503618240356445e-01,3.972581624984741211e-01
-3.935872614383697510e-01,-7.123239636421203613e-01
2.000201046466827393e-01,2.102896273136138916e-01
4.848667383193969727e-01,9.134445339441299438e-02
1.458740532398223877e-01,9.525599479675292969e-01
1.760971397161483765e-01,8.138939738273620605e-01
8.231443762779235840e-01,-7.629860937595367432e-02
2.158486098051071167e-01,9.470573067665100098e-01
-7.014580965042114258e-01,6.574032306671142578e-01
4.292471408843994141e-01,-4.197618663311004639e-01
4.566916227340698242e-01,3.299077749252319336e-01
2.169792354106903076e-01,1.885306984186172485e-01
-3.915272057056427002e-01,-7.045218944549560547e-01
-5.580784082412719727e-01,-7.712259292602539062e-01
-4.008477628231048584e-01,1.230321601033210754e-01
-5.888667702674865723e-01,-7.695531249046325684e-01
1.811240464448928833e-01,8.172448873519897461e-01
8.860014081001281738e-01,-1.166862547397613525e-01
4.977955520153045654e-01,2.515725493431091309e-01
-5.566532611846923828e-01,1.966666728258132935e-01
4.684260785579681396e-01,-2.947705388069152832e-01
4.776754081249237061e-01,-4.389984607696533203e-01
-4.464072585105895996e-01,1.427346467971801758e-01
3.704628348350524902e-02,3.799539804458618164e-02
2.257123030722141266e-02,2.560283243656158447e-01
3.292825818061828613e-01,-1.533856838941574097e-01
1.177372783422470093e-01,9.284897446632385254e-01
2.704125456511974335e-02,2.113050818443298340e-01
-1.122058928012847900e-01,3.957690000534057617e-01
1.950726658105850220e-01,9.740130901336669922e-01
1.239663437008857727e-01,8.631491661071777344e-01
1.996185183525085449e-01,8.099411725997924805e-01
-5.517243742942810059e-01,-7.713096737861633301e-01
-6.239985227584838867e-01,-7.503958940505981445e-01
3.495531380176544189e-01,4.816032648086547852e-01
2.127690017223358154e-01,7.617468833923339844e-01
9.044317156076431274e-02,8.796958327293395996e-01
8.897049427032470703e-01,-1.229261010885238647e-01
1.480536013841629028e-01,9.555457234382629395e-01
2.097327411174774170e-01,7.660543918609619141e-01
-4.012343585491180420e-01,1.228222772479057312e-01
3.857481181621551514e-01,-4.201796054840087891e-01
1.488519310951232910e-01,9.559631347656250000e-01
8.894744515419006348e-01,-1.228304654359817505e-01
-6.419138312339782715e-01,-6.827739477157592773e-01
8.351632356643676758e-01,-8.634418994188308716e-02
-4.992488324642181396e-01,-7.541190981864929199e-01
2.324889153242111206e-01,7.068704962730407715e-01
4.143887162208557129e-01,-4.020043909549713135e-01
-2.779430150985717773e-01,5.673680305480957031e-01
1.726398169994354248e-01,9.375655651092529297e-02
3.121378719806671143e-01,-7.175426185131072998e-02
2.130277901887893677e-01,3.564673662185668945e-01
1.511033922433853149e-01,9.561787247657775879e-01
2.247843742370605469e-01,1.802773326635360718e-01
-4.997314512729644775e-01,-7.518968582153320312e-01
2.113863080739974976e-01,7.683539986610412598e-01
1.005451101809740067e-02,5.176548659801483154e-02
1.979101300239562988e-01,8.113325238227844238e-01
2.249876260757446289e-01,1.798659116029739380e-01
-2.779472172260284424e-01,5.670167207717895508e-01
7.678950428962707520e-01,-2.075378969311714172e-02
6.243746280670166016e-01,1.165720894932746887e-01
2.024229764938354492e-01,7.904726862907409668e-01
1.141963079571723938e-01,8.931151032447814941e-01
3.291756510734558105e-01,9.605603665113449097e-02
6.423203349113464355e-01,8.849172294139862061e-02
-2.779490053653717041e-01,5.669438242912292480e-01
-5.982153415679931641e-01,-7.675999402999877930e-01
2.250012308359146118e-01,1.798391789197921753e-01
6.746392250061035156e-01,1.696959435939788818e-01
2.345347851514816284e-01,6.730930181220173836e-04
-5.055657625198364258e-01,-7.555550336837768555e-01
-3.823981285095214844e-01,-6.937867403030395508e-01
1.275310385972261429e-02,4.464870393276214600e-01
-4.610469937324523926e-01,1.472857892513275146e-01
-2.707334756851196289e-01,5.144383907318115234e-01
-2.516830265522003174e-01,-7.978504300117492676e-01
-6.025092005729675293e-01,-7.665163278579711914e-01
-4.775296747684478760e-01,-7.663446664810180664e-01
8.894174098968505859e-01,-1.228477284312248230e-01
6.590494513511657715e-01,-9.209116548299789429e-02
3.503075242042541504e-01,4.628093838691711426e-01
-2.617076635360717773e-01,1.111374422907829285e-01
3.638866841793060303e-01,1.003077402710914612e-01
-4.025433957576751709e-01,1.239795014262199402e-01
1.489653885364532471e-01,9.563028812408447266e-01
-2.640343606472015381e-01,5.610086321830749512e-01
1.235718205571174622e-01,8.940142393112182617e-01
1.973474621772766113e-01,8.019829392433166504e-01
8.453910946846008301e-01,-7.367030531167984009e-02
-6.141670346260070801e-01,-7.626330852508544922e-01
6.723371893167495728e-02,3.146477043628692627e-01
3.995530903339385986e-01,-3.784555494785308838e-01
9.040635079145431519e-02,8.796765208244323730e-01
1.521815955638885498e-01,9.579802155494689941e-01
5.510550141334533691e-01,-7.809524536132812500e-01
3.308877050876617432e-01,2.652616798877716064e-01
-6.275017261505126953e-01,-6.053187251091003418e-01
-9.495007805526256561e-03,1.407562494277954102e-01
-1.920818686485290527e-01,4.271264374256134033e-02
-4.861897230148315430e-01,-7.606575489044189453e-01
-5.578326582908630371e-01,-3.298127353191375732e-01
-6.934081315994262695e-01,-3.078001737594604492e-01
2.759860157966613770e-01,-5.239140987396240234e-01
-4.902822971343994141e-01,1.615566611289978027e-01
2.301280945539474487e-01,8.931134939193725586e-01
-4.604402780532836914e-01,1.557568609714508057e-01
5.999845266342163086e-01,1.444874703884124756e-01
3.429802060127258301e-01,-3.585741296410560608e-02
3.477039337158203125e-01,-3.772813379764556885e-01
-5.151539444923400879e-01,-7.698127627372741699e-01
1.603611409664154053e-01,5.172539129853248596e-02
2.300997972488403320e-01,8.934134840965270996e-01
1.915246248245239258e-01,8.018851280212402344e-01
-8.673485368490219116e-02,-5.407174229621887207e-01
1.240370199084281921e-01,8.735798597335815430e-01
4.751394093036651611e-01,-4.407118856906890869e-01
1.324994713068008423e-01,9.433540105819702148e-01
-9.473747760057449341e-02,-6.112980842590332031e-01
-6.210139989852905273e-01,-7.546365857124328613e-01
1.232854649424552917e-01,9.257972240447998047e-01
4.690591394901275635e-01,-2.533203959465026855e-01
-5.445719957351684570e-01,-7.672023773193359375e-01
-5.311274528503417969e-01,-7.654137611389160156e-01
-6.067030429840087891e-01,2.205011099576950073e-01
8.833650946617126465e-01,-1.137519106268882751e-01
-2.778134942054748535e-01,5.671421885490417480e-01
9.460862725973129272e-02,8.876052498817443848e-01
-6.060525774955749512e-01,2.210317254066467285e-01
1.943066567182540894e-01,9.743247032165527344e-01
-6.057901978492736816e-01,2.210778146982192993e-01
4.315766096115112305e-01,4.020820260047912598e-01
3.178703188896179199e-01,2.054910510778427124e-01
4.189337193965911865e-01,-3.959624171257019043e-01
-7.015569210052490234e-01,6.575030684471130371e-01
8.771420717239379883e-01,-1.137165650725364685e-01
-8.817946314811706543e-01,3.972310125827789307e-01
4.780313074588775635e-01,-4.395269155502319336e-01
-4.133457541465759277e-01,-4.716432690620422363e-01
2.053282707929611206e-01,9.656701683998107910e-01
-5.674333572387695312e-01,-7.700404524803161621e-01
-4.816730916500091553e-01,1.554515510797500610e-01
2.041185200214385986e-01,7.817940711975097656e-01
3.785620927810668945e-01,-3.547385931015014648e-01
2.064601033926010132e-01,7.779117822647094727e-01
2.982059121131896973e-01,1.510957926511764526e-01
1.200358495116233826e-01,9.161856770515441895e-01
1.138202175498008728e-01,3.077227175235748291e-01
2.941109240055084229e-01,5.643363595008850098e-01
4.041470587253570557e-01,4.142886996269226074e-01
-5.083218216896057129e-01,-7.593322992324829102e-01
2.021730244159698486e-01,7.886308431625366211e-01
2.107404470443725586e-01,2.101344615221023560e-01
-5.830593109130859375e-01,-7.678390741348266602e-01
6.541021168231964111e-02,-2.771187806501984596e-03
2.192428112030029297e-01,9.189857542514801025e-02
5.533840060234069824e-01,2.676815912127494812e-02
-5.604907870292663574e-01,-7.717804908752441406e-01
2.119552493095397949e-01,7.684100270271301270e-01
7.112470865249633789e-01,1.440179795026779175e-01
2.520884275436401367e-01,-4.850345849990844727e-02
-4.267242252826690674e-01,-5.781805515289306641e-01
3.995876908302307129e-01,-3.813441693782806396e-01
7.933123707771301270e-01,-4.346552118659019470e-02
-6.055061221122741699e-01,2.205861806869506836e-01
2.300517410039901733e-01,8.914778232574462891e-01
-4.414421319961547852e-01,-7.419365644454956055e-01
-5.082547664642333984e-01,-7.712555527687072754e-01
2.055296301841735840e-01,-5.230366811156272888e-02
2.527836859226226807e-01,-4.982151687145233154e-01
-4.640290439128875732e-01,-7.424868941307067871e-01
-6.275628209114074707e-01,-7.440530061721801758e-01
-5.940691828727722168e-01,-7.653354406356811523e-01
-3.698474168777465820e-01,4.271174594759941101e-02
-4.910614490509033203e-01,1.720213294029235840e-01
-4.951173067092895508e-01,-7.536290287971496582e-01
2.010702639818191528e-01,7.950606942176818848e-01
4.386908710002899170e-01,-1.492496877908706665e-01
-4.770821630954742432e-01,-7.618373036384582520e-01
1.950870454311370850e-01,9.740056395530700684e-01
-9.626758843660354614e-02,-1.076853498816490173e-01
3.161334395408630371e-01,1.044083908200263977e-01
3.070115149021148682e-01,-3.398339152336120605e-01
-4.007545411586761475e-01,1.230359598994255066e-01
-6.052846908569335938e-01,-7.655724287033081055e-01
5.601546764373779297e-01,2.100708484649658203e-01
7.981825470924377441e-01,-5.956060066819190979e-02
1.495017558336257935e-01,9.567047357559204102e-01
2.051726132631301880e-01,9.647562503814697266e-01
-5.029227733612060547e-01,1.870460361242294312e-01
-4.112678468227386475e-01,-6.270385384559631348e-01
1.896158754825592041e-01,-2.105678059160709381e-02
8.000885248184204102e-01,-4.970531165599822998e-02
2.027368694543838501e-01,2.004105597734451294e-01
2.004282027482986450e-01,7.908022999763488770e-01
-6.391183733940124512e-01,-6.542746424674987793e-01
-6.239763498306274414e-01,-7.505329847335815430e-01
1.505777239799499512e-01,-7.576580345630645752e-02
-2.440610826015472412e-01,-2.462750077247619629e-01
-5.180139541625976562e-01,-7.602231502532958984e-01
3.091110289096832275e-01,1.374942064285278320e-01
1.943197399377822876e-01,9.743054509162902832e-01
1.153421401977539062e-01,8.666376471519470215e-01
8.230150938034057617e-01,-9.044618159532546997e-02
-7.014493346214294434e-01,6.573944091796875000e-01
-2.804765403270721436e-01,5.269867181777954102e-01
4.340396821498870850e-01,-3.233908116817474365e-01
4.448322355747222900e-01,-4.289988577365875244e-01
-4.223291575908660889e-01,1.617925912141799927e-01
-6.409735083580017090e-01,-6.701464653015136719e-01
2.193654924631118774e-01,7.485486865043640137e-01
2.284237928688526154e-02,1.850033253431320190e-01
-4.003128111362457275e-01,1.233899742364883423e-01
8.793746829032897949e-01,-1.085970625281333923e-01
1.529395133256912231e-01,9.582993984222412109e-01
-4.919921159744262695e-01,-7.516734004020690918e-01
-6.879126280546188354e-02,-2.927135676145553589e-03
9.043972194194793701e-02,8.796975612640380859e-01
-6.018484234809875488e-01,-7.661436200141906738e-01
4.874047935009002686e-01,-4.177789688110351562e-01
2.554060220718383789e-01,9.795478545129299164e-03
5.615916848182678223e-01,-7.857626080513000488e-01
8.880432248115539551e-01,-1.199196577072143555e-01
2.438459396362304688e-01,2.063573151826858521e-01
3.002549111843109131e-01,1.319284886121749878e-01
7.632086277008056641e-01,3.260330855846405029e-02
8.572393059730529785e-01,-1.022469252347946167e-01
-6.346786618232727051e-01,-7.288814783096313477e-01
1.469760686159133911e-01,9.547567963600158691e-01
4.789149463176727295e-01,-4.269444942474365234e-01
-4.706196784973144531e-01,-7.232605218887329102e-01
8.772206306457519531e-01,-1.067704558372497559e-01
-4.156966805458068848e-01,-6.750453114509582520e-01
3.128131628036499023e-01,1.906625479459762573e-01
-5.044336244463920593e-02,-5.675043463706970215e-01
-4.546679258346557617e-01,1.384017318487167358e-01
4.148782193660736084e-01,-3.995825052261352539e-01
1.998863220214843750e-01,9.712440371513366699e-01
-2.779433131217956543e-01,5.670859217643737793e-01
-9.622886031866073608e-02,-1.077229380607604980e-01
8.774867653846740723e-01,-1.082887947559356689e-01
-3.972556889057159424e-01,1.213651001453399658e-01
1.136320456862449646e-01,8.502063155174255371e-01
-6.046837568283081055e-01,2.199180722236633301e-01
4.293659627437591553e-01,-4.192698001861572266e-01
-6.050704717636108398e-01,2.202686220407485962e-01
4.632470905780792236e-01,-4.339720904827117920e-01
-4.078349769115447998e-01,-7.257502079010009766e-01
-7.015497088432312012e-01,6.574954390525817871e-01
6.527474615722894669e-03,5.758151877671480179e-03
-6.057138442993164062e-01,2.208319753408432007e-01
-5.369207859039306641e-01,-7.691646218299865723e-01
1.989505738019943237e-01,7.983132600784301758e-01
-6.751111149787902832e-01,-3.031541109085083008e-01
3.524089157581329346e-01,-1.187952458858489990e-01
2.277819067239761353e-01,8.766492605209350586e-01
-4.940824806690216064e-01,-4.042376875877380371e-01
8.877944946289062500e-01,-1.198108717799186707e-01
2.247154414653778076e-01,1.803251802921295166e-01
-4.270609319210052490e-01,1.115007475018501282e-01
2.288040667772293091e-01,7.122948169708251953e-01
-4.926829040050506592e-01,-7.518473863601684570e-01
1.976078003644943237e-02,4.294777214527130127e-01
1.973486095666885376e-01,8.040540218353271484e-01
-6.347331404685974121e-01,-7.287130355834960938e-01
4.314009547233581543e-01,-4.200358390808105469e-01
1.485385000705718994e-01,8.444565534591674805e-01
-5.203714370727539062e-01,-4.277420043945312500e-01
1.990446150302886963e-01,9.719632863998413086e-01
4.475544393062591553e-01,-2.903673350811004639e-01
8.877493739128112793e-01,-1.233370900154113770e-01
-2.160714417695999146e-01,5.201691389083862305e-01
4.301407337188720703e-01,-4.206042587757110596e-01
3.029796481132507324e-01,-1.761278063058853149e-01
2.338576912879943848e-01,1.744055896997451782e-01
-2.801388204097747803e-01,-1.622603237628936768e-01
2.705017030239105225e-01,1.831611245870590210e-01
7.795329689979553223e-01,-4.480092227458953857e-02
2.303124964237213135e-01,8.836564421653747559e-01
7.076084613800048828e-02,1.467190086841583252e-01
1.817293018102645874e-01,7.585033029317855835e-02
8.872448205947875977e-01,-1.193996369838714600e-01
-5.716385841369628906e-01,1.994902938604354858e-01
2.014056742191314697e-01,-2.033938914537429810e-01
-5.145839452743530273e-01,-7.579738497734069824e-01
4.287920296192169189e-01,-4.173705279827117920e-01
-5.559617280960083008e-01,-7.709274291992187500e-01
1.495103836059570312e-01,9.567271471023559570e-01
1.252790093421936035e-01,8.663346171379089355e-01
8.251428604125976562e-01,-9.249043464660644531e-02
2.197088003158569336e-01,2.502658963203430176e-01
4.082692563533782959e-01,4.506830498576164246e-02
-5.165149569511413574e-01,1.698166877031326294e-01
2.726772725582122803e-01,-5.202765464782714844e-01
-2.306252531707286835e-02,3.570356965065002441e-01
-4.081489145755767822e-01,-4.166930913925170898e-01
1.500065624713897705e-01,9.570118784904479980e-01
-4.609315991401672363e-01,-7.274295091629028320e-01
3.175271153450012207e-01,1.245428919792175293e-01
-5.851468443870544434e-01,-2.941470742225646973e-01
1.541536003351211548e-01,8.336515426635742188e-01
9.036956727504730225e-02,8.794857263565063477e-01
4.291979372501373291e-01,-4.194450378417968750e-01
5.615627169609069824e-01,-7.857232093811035156e-01
9.037109464406967163e-02,8.794851303100585938e-01
-4.675236344337463379e-01,3.088118731975555420e-01
-5.920308232307434082e-01,-7.687231898307800293e-01
6.007667183876037598e-01,2.305970788002014160e-01
-5.289590954780578613e-01,-7.714353203773498535e-01
4.782193303108215332e-01,-4.396508932113647461e-01
-5.356651544570922852e-01,-7.632246613502502441e-01
2.437970191240310669e-01,-1.711926609277725220e-01
8.270950913429260254e-01,-8.421115577220916748e-02
8.523722290992736816e-01,-9.989780187606811523e-02
-4.928533732891082764e-01,-7.508218288421630859e-01
4.302086830139160156e-01,-4.202727973461151123e-01
3.001560270786285400e-01,7.780773192644119263e-02
-6.046781539916992188e-01,2.199128866195678711e-01
3.094032173976302147e-03,6.203262135386466980e-02
1.246083229780197144e-01,9.343960285186767578e-01
4.296615719795227051e-01,3.491389155387878418e-01
2.001240253448486328e-01,7.958398461341857910e-01
-6.073398590087890625e-01,-7.632842659950256348e-01
-5.229579657316207886e-02,2.858480215072631836e-01
-3.770388662815093994e-01,-6.877854466438293457e-01
1.974572688341140747e-01,9.728274941444396973e-01
7.345014810562133789e-01,-1.122120302170515060e-02
-9.506179094314575195e-01,-1.940537691116333008e-01
3.621825575828552246e-01,3.531354665756225586e-02
-5.336591601371765137e-01,2.606616616249084473e-01
8.224027752876281738e-01,-7.787237316370010376e-02
2.299121618270874023e-01,-3.905171453952789307e-01
-4.669403731822967529e-01,1.648804694414138794e-01
2.119662910699844360e-01,9.559615254402160645e-01
-5.533873438835144043e-01,1.944333165884017944e-01
6.189535260200500488e-01,1.232858970761299133e-01
6.098458766937255859e-01,1.304016262292861938e-01
-6.074230074882507324e-01,-7.644006013870239258e-01
4.650077819824218750e-01,1.296685039997100830e-01
-5.647780895233154297e-01,-7.715538740158081055e-01
-5.833220481872558594e-01,-7.702911496162414551e-01
-4.649854600429534912e-01,2.752220034599304199e-01
8.028954267501831055e-01,-5.405510962009429932e-02
6.612929105758666992e-01,1.809989809989929199e-01
4.081019759178161621e-01,4.569590091705322266e-02
-1.375100389122962952e-02,3.733575716614723206e-02
1.222650632262229919e-01,8.850110173225402832e-01
7.207182645797729492e-01,1.335835009813308716e-01
-6.051860451698303223e-01,2.202853709459304810e-01
-6.049014925956726074e-01,2.201610654592514038e-01
-4.809605479240417480e-01,-4.290229678153991699e-01
-4.996346533298492432e-01,-7.666496038436889648e-01
4.532756209373474121e-01,-4.302031099796295166e-01
-3.813209831714630127e-01,-6.722430586814880371e-01
-3.235242888331413269e-02,9.179195016622543335e-02
6.382868289947509766e-01,1.005331277847290039e-01
4.665339887142181396e-01,-3.267682492733001709e-01
1.495342254638671875e-01,9.566864371299743652e-01
1.006461679935455322e-01,-1.076826527714729309e-01
2.725004553794860840e-01,1.891345530748367310e-01
3.171822428703308105e-01,1.035116538405418396e-01
2.106207311153411865e-01,1.642014235258102417e-01
-2.780573964118957520e-01,5.672272443771362305e-01
3.662755191326141357e-01,2.815085649490356445e-01
-6.283802986145019531e-01,-7.423077225685119629e-01
-4.402816295623779297e-01,-7.557708621025085449e-01
-6.140947937965393066e-01,-7.626768350601196289e-01
-3.946788311004638672e-01,-7.118816971778869629e-01
4.237341582775115967e-01,4.049271047115325928e-01
1.495468467473983765e-01,9.567525386810302734e-01
4.175562262535095215e-01,-4.069185554981231689e-01
2.093507647514343262e-01,7.751260399818420410e-01
2.029065638780593872e-01,-1.927074790000915527e-02
4.300796389579772949e-01,-4.204784333705902100e-01
8.371742814779281616e-02,-1.446774005889892578e-01
8.783735036849975586e-01,-1.071965172886848450e-01
2.213340997695922852e-01,7.502685189247131348e-01
8.894176483154296875e-01,-1.228574141860008240e-01
-6.374076604843139648e-01,-7.166422009468078613e-01
-5.869616866111755371e-01,-7.660076022148132324e-01
-6.056836247444152832e-01,2.202005535364151001e-01
1.086091175675392151e-01,6.230737268924713135e-02
-5.964385867118835449e-01,-6.068391799926757812e-01
2.562200129032135010e-01,1.910890936851501465e-01
1.104916930198669434e-01,2.538520693778991699e-01
7.889775633811950684e-01,-5.954402685165405273e-02
-6.238985061645507812e-01,-7.505767941474914551e-01
2.815280258655548096e-01,-1.595705747604370117e-01
1.087324470281600952e-01,9.639224968850612640e-03
-8.819276094436645508e-01,3.972953557968139648e-01
4.329360425472259521e-01,-4.194728434085845947e-01
-9.505779743194580078e-01,-1.940435022115707397e-01
-4.947496652603149414e-01,-7.528305649757385254e-01
-4.721290767192840576e-01,1.613819450139999390e-01
6.122254133224487305e-01,1.219767034053802490e-01
3.150837719440460205e-01,4.099252223968505859e-01
2.247942686080932617e-01,1.802165657281875610e-01
-2.779330015182495117e-01,5.671305060386657715e-01
3.133001327514648438e-01,1.336087137460708618e-01
1.942963302135467529e-01,9.743231534957885742e-01
8.894222378730773926e-01,-1.227659732103347778e-01
1.496165245771408081e-01,9.568087458610534668e-01
-5.256274938583374023e-01,-7.626501321792602539e-01
2.079884558916091919e-01,7.141214609146118164e-01
-3.921080529689788818e-01,-6.875468492507934570e-01
-1.896427869796752930e-01,9.700348228216171265e-02
-4.998812079429626465e-01,-4.391376376152038574e-01
-5.343169569969177246e-01,-7.662088871002197266e-01
1.207763701677322388e-01,8.993103504180908203e-01
2.148097902536392212e-01,9.494324922561645508e-01
3.436056971549987793e-01,-1.095606014132499695e-01
-5.674266815185546875e-01,-7.703515291213989258e-01
7.634330391883850098e-01,4.001788422465324402e-02
-5.274399518966674805e-01,-3.188086152076721191e-01
2.044128924608230591e-01,9.670028090476989746e-01
-6.412711143493652344e-01,-6.697273850440979004e-01
-3.847833871841430664e-01,-6.894546151161193848e-01
-5.618221163749694824e-01,-7.718396186828613281e-01
2.303781956434249878e-01,1.840943545103073120e-01
4.365012943744659424e-01,-4.215916991233825684e-01
5.614075660705566406e-01,-7.855225801467895508e-01
8.774241209030151367e-01,-1.078170016407966614e-01
1.657443195581436157e-01,6.202127039432525635e-02
-6.077564358711242676e-01,-7.643404603004455566e-01
-6.238947510719299316e-01,-7.506076097488403320e-01
-4.983127415180206299e-01,1.652969717979431152e-01
4.294050037860870361e-01,-4.196869730949401855e-01
-6.047683954238891602e-01,-7.653318643569946289e-01
-4.549501836299896240e-01,1.663470715284347534e-01
1.688727587461471558e-01,-8.348102867603302002e-02
1.974114030599594116e-01,8.034709095954895020e-01
1.266713254153728485e-03,2.985099256038665771e-01
1.889376491308212280e-01,1.550123691558837891e-01
-6.225061416625976562e-01,-7.514552474021911621e-01
8.360242247581481934e-01,-5.848507210612297058e-02
-7.905520796775817871e-01,2.501847743988037109e-01
1.106155961751937866e-01,9.178992509841918945e-01
2.156792134046554565e-01,8.478807210922241211e-01
-9.505589008331298828e-01,-1.940416544675827026e-01
-6.057532429695129395e-01,2.214885652065277100e-01
-5.788036584854125977e-01,-7.696219682693481445e-01
2.498676441609859467e-02,1.054616346955299377e-01
-2.339645177125930786e-01,-7.097062468528747559e-01
-5.443984866142272949e-01,-7.689286470413208008e-01
-3.986800014972686768e-01,-7.166755199432373047e-01
3.193680346012115479e-01,1.100157871842384338e-01
-3.411978185176849365e-01,-3.526467978954315186e-01
-1.466975957155227661e-01,-4.512792825698852539e-01
-5.337621569633483887e-01,1.838032603263854980e-01
-9.661149978637695312e-02,-1.076286137104034424e-01
-3.028515577316284180e-01,1.047954559326171875e-01
2.301225960254669189e-01,8.928248882293701172e-01
3.161401748657226562e-01,1.044311150908470154e-01
1.470563411712646484e-01,9.548043608665466309e-01
4.539538621902465820e-01,1.888342499732971191e-01
2.721194326877593994e-01,-4.376718997955322266e-01
-9.630928188562393188e-02,-1.073492169380187988e-01
2.404289245605468750e-01,2.366358041763305664e-01
1.597529649734497070e-01,9.608475565910339355e-01
3.414353132247924805e-01,-3.329200297594070435e-02
8.176056742668151855e-01,-7.988583296537399292e-02
-1.263972669839859009e-01,6.189551204442977905e-02
1.166953220963478088e-01,9.247260093688964844e-01
-6.057086586952209473e-01,2.205513119697570801e-01
-3.862166106700897217e-01,-6.856290102005004883e-01
-6.401626467704772949e-01,-6.570771336555480957e-01
8.236791491508483887e-01,-9.273605793714523315e-02
5.181355476379394531e-01,2.138745188713073730e-01
-4.575256407260894775e-01,-7.664365172386169434e-01
-1.222777888178825378e-01,5.858102440834045410e-02
1.518212109804153442e-01,9.573141932487487793e-01
5.510292053222656250e-01,2.481781840324401855e-01
7.226627469062805176e-01,2.709955349564552307e-02
-5.370251536369323730e-01,1.854270100593566895e-01
-6.053971648216247559e-01,2.201018184423446655e-01
-2.780201435089111328e-01,5.674194097518920898e-01
4.020820558071136475e-01,3.976542949676513672e-01
-8.818958997726440430e-01,3.972799479961395264e-01
-2.402097880840301514e-01,5.493388772010803223e-01
6.325615048408508301e-01,1.813135296106338501e-01
8.709208369255065918e-01,-1.004956886172294617e-01
-1.146973744034767151e-01,4.215959906578063965e-01
4.285811781883239746e-01,-4.187124967575073242e-01
3.610379993915557861e-02,4.152179658412933350e-01
-4.007349312305450439e-01,1.230539605021476746e-01
-6.049898266792297363e-01,2.200915515422821045e-01
8.769238591194152832e-01,-1.093878149986267090e-01
-4.241982400417327881e-01,-5.953671336174011230e-01
-4.174260497093200684e-01,-5.621659159660339355e-01
8.776350617408752441e-01,-1.067728251218795776e-01
-3.162023127079010010e-01,1.038985177874565125e-01
-1.393690984696149826e-02,-2.302191108465194702e-01
8.251599669456481934e-01,-9.222453832626342773e-02
2.044370770454406738e-01,9.669811129570007324e-01
1.304222643375396729e-01,9.416459798812866211e-01
-3.580045104026794434e-01,1.361030042171478271e-01
-6.053002476692199707e-01,2.201066166162490845e-01
2.301588952541351318e-01,8.926443457603454590e-01
1.610401719808578491e-01,-5.230375751852989197e-02
-3.513208925724029541e-01,-8.163450285792350769e-03
-5.781802535057067871e-01,-7.656933069229125977e-01
1.469925045967102051e-01,9.539086222648620605e-01
-4.609811604022979736e-01,-7.619723677635192871e-01
8.895304799079895020e-01,-1.227704212069511414e-01
-6.068631410598754883e-01,-7.646887898445129395e-01
1.877581626176834106e-01,9.716653227806091309e-01
9.033913165330886841e-02,8.794442415237426758e-01
8.893942236900329590e-01,-1.229449436068534851e-01
-4.479701817035675049e-01,-6.003721952438354492e-01
2.167718559503555298e-01,7.585554122924804688e-01
-5.605382919311523438e-01,-7.719472050666809082e-01
5.585000514984130859e-01,2.509043812751770020e-01
-6.238752603530883789e-01,-5.921061635017395020e-01
2.356911748647689819e-01,7.191122770309448242e-01
-6.240065693855285645e-01,-7.503806352615356445e-01
8.276978135108947754e-01,-8.860816806554794312e-02
-6.041297912597656250e-01,-7.653862237930297852e-01
-5.696637630462646484e-01,-7.722189426422119141e-01
6.398236751556396484e-01,4.597802832722663879e-02
-8.537697046995162964e-02,4.046510159969329834e-01
4.080571830272674561e-01,4.537513107061386108e-02
4.009164273738861084e-01,-3.804755508899688721e-01
-6.247500181198120117e-01,-6.283991932868957520e-01
-1.030709445476531982e-01,4.785512685775756836e-01
5.510108470916748047e-01,-7.808607220649719238e-01
-4.005396962165832520e-01,1.228196248412132263e-01
1.455835551023483276e-01,-2.208372503519058228e-01
-6.439473032951354980e-01,-2.941363751888275146e-01
-7.384040206670761108e-02,-2.205934226512908936e-01
-4.234271049499511719e-01,-6.752906441688537598e-01
8.893833756446838379e-01,-1.228879168629646301e-01
1.223989501595497131e-01,9.333710074424743652e-01
8.853017091751098633e-01,-1.171440780162811279e-01
2.153316438198089600e-01,7.591421604156494141e-01
-4.083510637283325195e-01,-7.270358800888061523e-01
-6.939232349395751953e-01,-3.078232407569885254e-01
-6.046527624130249023e-01,2.199087440967559814e-01
-3.779640495777130127e-01,1.203545853495597839e-01
2.070777416229248047e-01,7.766011953353881836e-01
-2.780905365943908691e-01,5.672515034675598145e-01
-9.506422877311706543e-01,-1.940607875585556030e-01
-5.171297192573547363e-01,1.843210458755493164e-01
-5.948559641838073730e-01,2.142389714717864990e-01
-2.894929647445678711e-01,-4.388786852359771729e-01
-3.886310458183288574e-01,-7.048645019531250000e-01
4.786849617958068848e-01,1.423457711935043335e-01
1.228587925434112549e-01,9.327800869941711426e-01
2.889099121093750000e-01,3.088149726390838623e-01
-6.244415044784545898e-01,-7.498061060905456543e-01
1.937018483877182007e-01,7.985413074493408203e-01
-4.719534814357757568e-01,-7.670863270759582520e-01
3.962121307849884033e-01,-4.094538986682891846e-01
-5.760731697082519531e-01,-7.714555859565734863e-01
-5.563626885414123535e-01,-7.700679302215576172e-01
-9.779447317123413086e-02,2.997937798500061035e-01
2.873299419879913330e-01,5.834091305732727051e-01
-4.444789290428161621e-01,1.355943232774734497e-01
8.620860427618026733e-02,-2.087823599576950073e-01
-6.458275485783815384e-03,2.646821141242980957e-01
2.298515290021896362e-01,8.882259130477905273e-01
2.039809674024581909e-01,9.671739935874938965e-01
6.125971078872680664e-01,2.281944155693054199e-01
2.972849905490875244e-01,-1.926434040069580078e-01
2.969142496585845947e-01,1.508307158946990967e-01
1.206811144948005676e-01,1.452720910310745239e-01
2.650909423828125000e-01,-3.088333010673522949e-01
6.291550397872924805e-01,1.062334626913070679e-01
-4.576716721057891846e-01,-7.580618262290954590e-01
9.043309837579727173e-02,8.797767162322998047e-01
-4.554394781589508057e-01,-4.351470768451690674e-01
9.042865037918090820e-02,8.796970844268798828e-01
-6.046953201293945312e-01,2.199248075485229492e-01
-5.077322944998741150e-02,2.945888340473175049e-01
2.098771929740905762e-01,9.595707654953002930e-01
3.033916354179382324e-01,-2.704787254333496094e-01
4.240655601024627686e-01,-4.140131771564483643e-01
2.617314085364341736e-02,-2.413970530033111572e-01
3.316229581832885742e-01,4.744822382926940918e-01
2.262777090072631836e-01,-2.316233813762664795e-01
8.285993337631225586e-01,-7.919665426015853882e-02
-1.971133500337600708e-01,-6.506594419479370117e-01
4.081930816173553467e-01,4.540878906846046448e-02
1.506119072437286377e-01,9.574350118637084961e-01
2.750136852264404297e-01,-5.233882665634155273e-01
-4.399912655353546143e-01,-7.586300373077392578e-01
-4.259972274303436279e-01,-7.498606443405151367e-01
-4.011054635047912598e-01,1.229609102010726929e-01
-2.445122301578521729e-01,1.072552949190139771e-01
8.241201043128967285e-01,-7.639279216527938843e-02
-2.904310226440429688e-01,3.764583468437194824e-01
-8.819255232810974121e-01,3.972946107387542725e-01
1.942712515592575073e-01,9.743098020553588867e-01
8.785250186920166016e-01,-1.073115691542625427e-01
3.163297474384307861e-01,1.053722873330116272e-01
9.063427895307540894e-02,8.800700306892395020e-01
4.667932093143463135e-01,3.597172200679779053e-01
-3.202071040868759155e-02,1.585293561220169067e-01
5.924237370491027832e-01,2.303016334772109985e-01
1.248216256499290466e-01,8.752615451812744141e-01
-4.396645426750183105e-01,-6.750358939170837402e-01
2.893723547458648682e-01,1.793467700481414795e-01
-2.772064208984375000e-01,5.666043162345886230e-01
2.237106859683990479e-01,-3.516061604022979736e-01
-3.919640481472015381e-01,-6.894956827163696289e-01
1.517909765243530273e-01,8.637446761131286621e-01
-3.881905078887939453e-01,1.748910397291183472e-01
-6.141467094421386719e-01,-7.626571655273437500e-01
-6.059100627899169922e-01,2.212356626987457275e-01
2.868610024452209473e-01,1.481122225522994995e-01
1.530931442975997925e-01,9.584720134735107422e-01
8.810927867889404297e-01,-1.111254468560218811e-01
5.978110060095787048e-02,8.695006370544433594e-02
1.911541819572448730e-02,6.371477991342544556e-02
-5.073021650314331055e-01,-7.578387260437011719e-01
-4.615118354558944702e-02,-3.931810557842254639e-01
1.173239871859550476e-01,9.273121953010559082e-01
-2.779681682586669922e-01,5.675006508827209473e-01
4.235811531543731689e-01,4.156157970428466797e-01
1.112291812896728516e-01,2.537053823471069336e-01
1.416595727205276489e-01,5.380908772349357605e-02
1.191168352961540222e-01,9.130109548568725586e-01
-9.575197100639343262e-02,-1.071780845522880554e-01
3.410048782825469971e-01,-3.997177779674530029e-01
1.707167774438858032e-01,9.640611410140991211e-01
-3.034435212612152100e-01,-4.286640584468841553e-01
-3.675309121608734131e-01,1.183508783578872681e-01
-8.818990588188171387e-01,3.972820639610290527e-01
-5.362429618835449219e-01,-7.637897133827209473e-01
-3.619483709335327148e-01,-6.686207056045532227e-01
5.056723952293395996e-01,1.424238979816436768e-01
8.192430734634399414e-01,-9.528052806854248047e-02
6.056358814239501953e-01,-1.775218993425369263e-01
1.496570557355880737e-01,9.568719863891601562e-01
-9.636237472295761108e-02,-1.078252196311950684e-01
-4.437088668346405029e-01,1.543356478214263916e-01
-3.888863921165466309e-01,-4.297629594802856445e-01
-2.796589434146881104e-01,5.268197059631347656e-01
-6.239720582962036133e-01,-7.504415512084960938e-01
-4.807360768318176270e-01,-7.235473990440368652e-01
8.163106441497802734e-01,-6.878433376550674438e-02
-5.817796587944030762e-01,2.075627893209457397e-01
-2.376000434160232544e-01,1.109445765614509583e-01
9.387883543968200684e-02,8.862568736076354980e-01
1.467589735984802246e-01,9.542640447616577148e-01
3.610889911651611328e-01,-4.004331827163696289e-01
2.161846756935119629e-01,7.530255913734436035e-01
-2.033975422382354736e-01,5.795772671699523926e-01
1.426310688257217407e-01,8.484523892402648926e-01
-2.516690790653228760e-01,-7.975617051124572754e-01
2.296222001314163208e-01,1.269714832305908203e-01
5.484862327575683594e-01,7.475696504116058350e-02
-4.122774899005889893e-01,-7.361269593238830566e-01
-4.543030261993408203e-01,-7.584564089775085449e-01
-5.704576373100280762e-01,-7.711197137832641602e-01
-3.885100483894348145e-01,-7.053936123847961426e-01
-5.491549968719482422e-01,-7.716864347457885742e-01
2.060949057340621948e-01,7.790548801422119141e-01
-9.612191468477249146e-02,-1.074213534593582153e-01
-6.059716939926147461e-01,-7.653639912605285645e-01
8.881868720054626465e-01,-1.200542673468589783e-01
-5.439368635416030884e-02,3.755697607994079590e-01
1.113607287406921387e-01,2.528361976146697998e-01
-6.129530072212219238e-01,-7.622423768043518066e-01
6.889599561691284180e-01,1.623975932598114014e-01
-1.339375078678131104e-01,4.513489902019500732e-01
1.526225805282592773e-01,1.286117285490036011e-01
-8.110718429088592529e-02,-1.128879860043525696e-01
2.126802355051040649e-01,9.545595049858093262e-01
2.092792242765426636e-01,1.309638917446136475e-01
3.862712979316711426e-01,3.791606426239013672e-02
-2.688094675540924072e-01,1.094540283083915710e-01
1.732308417558670044e-01,3.929395973682403564e-02
8.455202579498291016e-01,-1.372137069702148438e-01
8.008762001991271973e-01,-4.901624843478202820e-02
2.719837725162506104e-01,6.496167182922363281e-01
4.692820012569427490e-01,-2.539418339729309082e-01
4.653612673282623291e-01,-2.565816938877105713e-01
-6.053932905197143555e-01,2.198785543441772461e-01
4.158729612827301025e-01,3.287221789360046387e-01
1.975138634443283081e-01,7.826736569404602051e-01
2.522115111351013184e-01,-4.787094146013259888e-02
8.797168135643005371e-01,-1.090066879987716675e-01
-4.223999083042144775e-01,-6.544626951217651367e-01
3.367884159088134766e-01,4.860173165798187256e-01
-2.781912088394165039e-01,5.671463608741760254e-01
4.692067503929138184e-01,-2.534266114234924316e-01
-5.622645020484924316e-01,-7.695293426513671875e-01
5.911209583282470703e-01,1.595236659049987793e-01
4.080352187156677246e-01,-3.948965370655059814e-01
4.292888939380645752e-01,-4.194477200508117676e-01
4.780135452747344971e-01,-4.369306564331054688e-01
-4.295288324356079102e-01,-7.048889398574829102e-01
-9.636718034744262695e-02,-1.075375601649284363e-01
-3.649277687072753906e-01,2.725313603878021240e-01
-3.937315940856933594e-01,-7.113887071609497070e-01
-4.621056318283081055e-01,1.773335188627243042e-01
5.615528225898742676e-01,-7.857057452201843262e-01
-1.270082313567399979e-02,9.415494650602340698e-02
8.647861480712890625e-01,-9.454271942377090454e-02
1.987243592739105225e-01,7.992902994155883789e-01
-8.819208145141601562e-01,3.972919285297393799e-01
-6.049960851669311523e-01,2.200774997472763062e-01
-1.831847876310348511e-01,-6.557790935039520264e-02
-6.238661408424377441e-01,-7.506665587425231934e-01
-6.068110466003417969e-01,-7.650467157363891602e-01
1.529832333326339722e-01,9.582648873329162598e-01
4.230693578720092773e-01,-4.121584296226501465e-01
-5.386300086975097656e-01,-7.664809823036193848e-01
4.928094744682312012e-01,5.254464969038963318e-02
5.118905305862426758e-01,2.543399930000305176e-01
5.202141404151916504e-01,8.100339025259017944e-02
-6.032465696334838867e-01,-7.633531689643859863e-01
1.942930072546005249e-01,9.743241667747497559e-01
-2.815522849559783936e-01,4.486780762672424316e-01
4.220231994986534119e-02,1.222435832023620605e-01
-5.969779491424560547e-01,-7.677765488624572754e-01
-5.800695419311523438e-01,-7.713193297386169434e-01
1.886027306318283081e-01,-1.404182799160480499e-02
-4.634464979171752930e-01,1.699449717998504639e-01
3.197434544563293457e-01,1.081568300724029541e-01
2.134472429752349854e-01,7.592918276786804199e-01
2.260235249996185303e-01,1.133889406919479370e-01
2.089566439390182495e-01,7.728402614593505859e-01
1.113993898034095764e-01,2.540781497955322266e-01
2.125180363655090332e-01,9.549534916877746582e-01
-5.342645049095153809e-01,-7.635438442230224609e-01
3.135787844657897949e-01,1.912533044815063477e-01
2.071430832147598267e-01,9.634611606597900391e-01
-5.928279757499694824e-01,-7.685059309005737305e-01
4.635127186775207520e-01,-2.582558691501617432e-01
1.485536992549896240e-01,-3.788338229060173035e-02
9.395357221364974976e-02,8.861331939697265625e-01
1.943056732416152954e-01,9.743301272392272949e-01
-5.366249680519104004e-01,-7.675023674964904785e-01
1.844322085380554199e-01,7.975215315818786621e-01
8.895375132560729980e-01,-1.228508204221725464e-01
-4.439291357994079590e-01,1.540621817111968994e-01
-5.930284857749938965e-01,2.122748494148254395e-01
-6.055635213851928711e-01,2.201174050569534302e-01
-3.913263082504272461e-01,1.102079898118972778e-01
2.913968265056610107e-01,5.725396275520324707e-01
4.278769195079803467e-01,2.256914228200912476e-01
8.895765542984008789e-01,-1.229168996214866638e-01
6.254357099533081055e-02,3.774376586079597473e-02
1.942902207374572754e-01,9.743186831474304199e-01
-3.936549425125122070e-01,2.179584652185440063e-02
-2.782278358936309814e-01,5.676986575126647949e-01
5.350178107619285583e-02,2.861304581165313721e-01
4.358513355255126953e-01,-4.184475243091583252e-01
8.272764086723327637e-01,-4.100628942251205444e-02
-2.288077324628829956e-01,-2.476545274257659912e-01
2.385235577821731567e-01,7.264783978462219238e-01
-3.824779689311981201e-01,-6.953903436660766602e-01
1.219788789749145508e-01,8.814745545387268066e-01
-5.755233764648437500e-01,2.019943594932556152e-01
-1.053416579961776733e-01,1.540765315294265747e-01
2.810935080051422119e-01,-5.226659774780273438e-01
8.877926468849182129e-01,-1.198728978633880615e-01
2.359655350446701050e-01,-1.146541759371757507e-01
-9.506123065948486328e-01,-1.940526962280273438e-01
-4.007891714572906494e-01,1.230221018195152283e-01
-6.141107678413391113e-01,-7.626770734786987305e-01
4.539723694324493408e-01,-4.340364336967468262e-01
-5.992348194122314453e-01,-7.672715187072753906e-01
3.248648345470428467e-01,5.431401133537292480e-01
-2.898612320423126221e-01,6.263618916273117065e-02
-4.513131976127624512e-01,-7.273352146148681641e-01
8.886666893959045410e-01,-1.233115419745445251e-01
2.301521152257919312e-01,8.924422264099121094e-01
1.137785091996192932e-01,-1.873190999031066895e-01
-6.420519948005676270e-01,-6.864004135131835938e-01
1.058574169874191284e-01,7.082803547382354736e-02
9.029857069253921509e-02,8.793213367462158203e-01
2.252480834722518921e-01,1.799106746912002563e-01
1.274389475584030151e-01,8.689240217208862305e-01
2.060637623071670532e-02,3.306705653667449951e-01
4.083641469478607178e-01,4.535911232233047485e-02
1.442231535911560059e-01,8.513177037239074707e-01
-4.452170133590698242e-01,-6.966264247894287109e-01
2.338394969701766968e-01,1.744081377983093262e-01
8.033662438392639160e-01,-9.369190037250518799e-02
7.538682222366333008e-01,5.459708347916603088e-02
-2.779411673545837402e-01,5.670801401138305664e-01
-6.050870418548583984e-01,-7.655866146087646484e-01
4.523885846138000488e-01,-4.321786165237426758e-01
-2.459180206060409546e-01,1.107792407274246216e-01
4.538896977901458740e-01,-3.678483963012695312e-01
7.942426204681396484e-01,-4.008325934410095215e-02
1.260945051908493042e-01,8.796353936195373535e-01
-6.049395203590393066e-01,2.199521511793136597e-01
1.134359538555145264e-01,8.847824931144714355e-01
2.063273340463638306e-01,9.646850228309631348e-01
-5.719109773635864258e-01,-7.699921727180480957e-01
1.183726191520690918e-01,9.018399119377136230e-01
-3.151699304580688477e-01,-2.522132694721221924e-01
-6.010628342628479004e-01,-7.655765414237976074e-01
-6.030161976814270020e-01,-7.662904858589172363e-01
8.463351726531982422e-01,-1.366429477930068970e-01
-5.336259007453918457e-01,-3.103760182857513428e-01
4.300945103168487549e-01,-4.204730689525604248e-01
8.787873387336730957e-01,-1.294947266578674316e-01
-6.941152811050415039e-01,-3.083527386188507080e-01
8.895804882049560547e-01,-1.228961423039436340e-01
4.988990724086761475e-02,1.769353896379470825e-01
9.038123488426208496e-02,8.796153664588928223e-01
8.931238204240798950e-02,1.381052732467651367e-01
-6.031707525253295898e-01,-7.662845253944396973e-01
1.226351857185363770e-01,9.332329630851745605e-01
4.721350073814392090e-01,-2.320491522550582886e-01
5.610061287879943848e-01,1.076984405517578125e-01
-3.948430418968200684e-01,-7.114316821098327637e-01
-4.542069435119628906e-01,-7.588399648666381836e-01
1.677790135145187378e-01,9.630101323127746582e-01
-6.314511895179748535e-01,-7.350108623504638672e-01
2.003914415836334229e-01,7.880061268806457520e-01
-6.935253739356994629e-01,-3.077121376991271973e-01
6.613117456436157227e-02,7.372018694877624512e-02
2.250009477138519287e-01,1.798072159290313721e-01
-2.144130319356918335e-01,5.082620382308959961e-01
4.176186025142669678e-01,-4.068695902824401855e-01
4.429791495203971863e-02,2.910169959068298340e-01
2.650070488452911377e-01,6.460269093513488770e-01
-6.418498158454895020e-01,-6.755679249763488770e-01
4.950170814990997314e-01,-1.393032521009445190e-01
-5.668343901634216309e-01,-7.652552723884582520e-01
2.674450278282165527e-01,1.236853897571563721e-01
8.115469478070735931e-03,-1.321297436952590942e-01
-5.622488260269165039e-01,-7.705533504486083984e-01
5.134969353675842285e-01,-7.465891838073730469e-01
-6.244748234748840332e-01,-5.921295285224914551e-01
2.635201811790466309e-01,-2.220229506492614746e-01
3.418213129043579102e-01,-2.437657676637172699e-02
2.279066145420074463e-01,7.440567612648010254e-01
-5.074986815452575684e-01,1.669564247131347656e-01
-9.505416750907897949e-01,-1.940344274044036865e-01
2.715960443019866943e-01,-5.204854011535644531e-01
-5.231308341026306152e-01,-7.679432630538940430e-01
-4.999240934848785400e-01,-7.518249154090881348e-01
-4.001307189464569092e-01,-7.159480452537536621e-01
1.419551223516464233e-01,8.509662747383117676e-01
3.222216963768005371e-01,4.020172171294689178e-03
3.152378201484680176e-01,1.041436344385147095e-01
-6.049686670303344727e-01,2.197892665863037109e-01
-4.910685122013092041e-01,-7.514945268630981445e-01
1.308788508176803589e-01,-2.129676640033721924e-01
2.887654900550842285e-01,-1.526891738176345825e-01
4.295372068881988525e-01,-4.200151264667510986e-01
-6.348938345909118652e-01,-7.283767461776733398e-01
-7.015973329544067383e-01,6.575438380241394043e-01
3.137219548225402832e-01,-2.613530755043029785e-01
-8.820020556449890137e-01,3.973307311534881592e-01
-6.312604546546936035e-01,-7.368407249450683594e-01
-6.420834660530090332e-01,-6.868566274642944336e-01
-6.239470243453979492e-01,-7.505005002021789551e-01
-4.573391377925872803e-01,-7.663676142692565918e-01
5.615647435188293457e-01,-7.857279777526855469e-01
-5.707938075065612793e-01,-7.688354253768920898e-01
-9.579576551914215088e-02,-1.075129359960556030e-01
-4.727756679058074951e-01,-7.673769593238830566e-01
2.289129644632339478e-01,-7.041200995445251465e-02
-4.918684065341949463e-01,1.945375353097915649e-01
4.318379163742065430e-01,-4.214824736118316650e-01
8.894336223602294922e-01,-1.228719726204872131e-01
5.438362956047058105e-01,1.514350809156894684e-02
8.811754584312438965e-01,-1.113008335232734680e-01
2.910563349723815918e-01,-1.947261244058609009e-01
2.153299003839492798e-01,9.485998749732971191e-01
4.301421642303466797e-01,-4.206038713455200195e-01
4.596253931522369385e-01,2.780709862709045410e-01
8.848379254341125488e-01,-1.149414479732513428e-01
-5.192171931266784668e-01,-7.598989009857177734e-01
8.888149857521057129e-01,-1.222319453954696655e-01
-5.018389225006103516e-01,1.703909337520599365e-01
1.725367903709411621e-01,1.743385791778564453e-01
1.990326493978500366e-01,7.939270734786987305e-01
3.259604275226593018e-01,4.954998791217803955e-01
9.038399159908294678e-02,8.796199560165405273e-01
8.756774067878723145e-01,-1.045889630913734436e-01
-4.509186148643493652e-01,-7.560786604881286621e-01
-4.969861805438995361e-01,1.863478869199752808e-01
1.242495700716972351e-01,9.349007010459899902e-01
-4.451225399971008301e-01,-7.513935565948486328e-01
3.188911974430084229e-01,-2.188855260610580444e-01
2.250101566314697266e-01,1.801061332225799561e-01
4.360380768775939941e-01,3.080468773841857910e-01
1.262631714344024658e-01,9.252020120620727539e-01
2.591193914413452148e-01,-3.505563735961914062e-01
2.763545513153076172e-01,-5.238423943519592285e-01
8.053794503211975098e-01,-5.550992116332054138e-02
8.266164660453796387e-01,-8.166886121034622192e-02
-6.099864095449447632e-02,-5.805209279060363770e-01
1.468983739614486694e-01,1.423310786485671997e-01
6.834590341895818710e-03,6.026666238903999329e-02
4.295721948146820068e-01,-4.195432960987091064e-01
4.495673179626464844e-01,3.400118052959442139e-01
-6.934682726860046387e-01,-3.076492547988891602e-01
-6.744615435600280762e-01,-3.027977943420410156e-01
3.311879634857177734e-01,4.843724668025970459e-01
-2.375143021345138550e-02,3.402734547853469849e-02
5.614800453186035156e-01,-7.856109142303466797e-01
-4.601993858814239502e-01,-7.668174505233764648e-01
4.272215068340301514e-01,-4.174279868602752686e-01
-4.221461713314056396e-01,-7.454546093940734863e-01
-6.233785152435302734e-01,-5.842025876045227051e-01
-4.238504916429519653e-02,-4.060101509094238281e-01
3.762505650520324707e-01,4.193598628044128418e-01
-4.728770256042480469e-01,1.508622020483016968e-01
-6.051809787750244141e-01,2.198942899703979492e-01
8.728407025337219238e-01,-1.003808602690696716e-01
1.222685873508453369e-01,8.778280615806579590e-01
-5.011000633239746094e-01,-7.439994812011718750e-01
-4.235534667968750000e-01,1.359380632638931274e-01
4.781935513019561768e-01,-4.395698308944702148e-01
8.890398740768432617e-01,-1.217563152313232422e-01
-3.854510188102722168e-01,1.323798298835754395e-01
2.515150606632232666e-01,-4.762694239616394043e-02
3.644900023937225342e-01,4.564976096153259277e-01
-4.036487042903900146e-01,1.486926525831222534e-01
4.048601388931274414e-01,-4.002012908458709717e-01
2.049428969621658325e-01,7.778487801551818848e-01
-5.154704451560974121e-01,2.038519084453582764e-01
3.087593615055084229e-01,1.840106546878814697e-01
3.815332949161529541e-01,3.408693522214889526e-02
-5.040987730026245117e-01,-7.565354704856872559e-01
2.000568211078643799e-01,9.710691571235656738e-01
1.202991604804992676e-01,9.194562435150146484e-01
-6.230056881904602051e-01,-7.518345713615417480e-01
1.416085362434387207e-01,7.372214198112487793e-01
1.406001597642898560e-01,8.355212211608886719e-01
-2.047265172004699707e-01,-1.207492896355688572e-03
-5.854334831237792969e-01,-7.701539397239685059e-01
8.898107409477233887e-01,-1.228890493512153625e-01
2.726548612117767334e-01,-5.215688943862915039e-01
-4.377892315387725830e-01,-7.463760375976562500e-01
-5.967701077461242676e-01,2.146231085062026978e-01
2.194484928622841835e-03,3.483494222164154053e-01
2.359355539083480835e-01,7.221761941909790039e-01
4.441103339195251465e-01,1.328869760036468506e-01
1.735426187515258789e-01,-3.984951972961425781e-01
-4.699031412601470947e-01,1.440282166004180908e-01
-4.017219543457031250e-01,1.358623355627059937e-01
-1.006065160036087036e-01,4.537118375301361084e-01
-6.056802868843078613e-01,-7.641797661781311035e-01
2.756365835666656494e-01,-5.234530568122863770e-01
3.404556512832641602e-01,-4.474937319755554199e-01
-6.265158057212829590e-01,-6.033264398574829102e-01
8.592076301574707031e-01,-9.779888391494750977e-02
8.249498009681701660e-01,-7.978747040033340454e-02
8.287336826324462891e-01,-7.821609824895858765e-02
2.446913719177246094e-01,-1.898166686296463013e-01
8.043068647384643555e-01,-5.624395981431007385e-02
1.556809097528457642e-01,9.594401717185974121e-01
4.301855862140655518e-01,-4.206877946853637695e-01
-5.567963123321533203e-01,1.941290348768234253e-01
1.733708083629608154e-01,7.899374759290367365e-05
-6.652568280696868896e-02,3.986598923802375793e-02
-6.063901782035827637e-01,2.212013155221939087e-01
2.248974293470382690e-01,1.799538880586624146e-01
5.614984631538391113e-01,-7.856363058090209961e-01
-5.519770979881286621e-01,-7.700858116149902344e-01
-2.779527902603149414e-01,5.672724246978759766e-01
1.551425606012344360e-01,1.703510433435440063e-01
1.395736187696456909e-01,4.013479128479957581e-02
-4.010040163993835449e-01,1.232079640030860901e-01
-4.458033740520477295e-01,-6.993077397346496582e-01
-4.271928966045379639e-01,-6.656343340873718262e-01
2.517554461956024170e-01,-4.814492166042327881e-02
8.774085640907287598e-01,-1.086547002196311951e-01
-9.621316194534301758e-02,-1.074676737189292908e-01
2.353850901126861572e-01,-1.162865385413169861e-01
-3.639064133167266846e-01,-6.737359166145324707e-01
-3.831026256084442139e-01,-6.961335539817810059e-01
-2.462447732686996460e-01,1.236225068569183350e-01
-5.338941812515258789e-01,-7.678633928298950195e-01
-6.065006852149963379e-01,3.348151445388793945e-01
1.326109319925308228e-01,8.238099217414855957e-01
5.130699276924133301e-01,9.492927230894565582e-03
7.638735175132751465e-01,-7.402437273412942886e-03
-8.819184303283691406e-01,3.972906768321990967e-01
-5.370892882347106934e-01,1.864824891090393066e-01
-6.314143538475036621e-01,-7.364364266395568848e-01
-1.838327385485172272e-02,3.216591849923133850e-02
3.097454309463500977e-01,4.593069553375244141e-01
9.030038118362426758e-02,8.794140815734863281e-01
-6.754831671714782715e-01,-3.031148016452789307e-01
9.042043238878250122e-02,8.795091509819030762e-01
4.483891129493713379e-01,-4.287736713886260986e-01
9.812907874584197998e-02,2.935746870934963226e-02
8.656474947929382324e-01,-9.606074541807174683e-02
-4.519472718238830566e-01,-7.640215754508972168e-01
-5.411463975906372070e-01,-7.702144980430603027e-01
3.032772429287433624e-02,2.787532508373260498e-01
-4.092909097671508789e-01,1.063170507550239563e-01
2.847937941551208496e-01,-1.285255849361419678e-01
1.943071782588958740e-01,9.743162989616394043e-01
2.002920955419540405e-01,-1.030662208795547485e-01
6.756636500358581543e-02,1.249045580625534058e-01
3.767804503440856934e-01,-4.984274506568908691e-01
1.112979725003242493e-01,2.544017136096954346e-01
-6.141448020935058594e-01,-7.626948356628417969e-01
-3.477787971496582031e-01,1.272695958614349365e-01
1.982908248901367188e-01,8.207015395164489746e-01
-4.575105905532836914e-01,1.756576299667358398e-01
1.872354149818420410e-01,9.714138507843017578e-01
7.674381732940673828e-01,-5.862378515303134918e-03
-2.771692574024200439e-01,4.755599498748779297e-01
-4.034512042999267578e-01,-7.251754999160766602e-01
8.893676400184631348e-01,-1.228599995374679565e-01
3.170582354068756104e-01,1.069026142358779907e-01
2.640843689441680908e-01,3.219499718397855759e-03
2.298224568367004395e-01,7.156384587287902832e-01
-5.915493965148925781e-01,-7.690183520317077637e-01
2.758369743824005127e-01,-5.237995386123657227e-01
3.781880736351013184e-01,-3.484965860843658447e-01
-9.506012201309204102e-01,-1.940491497516632080e-01
-6.049026846885681152e-01,2.201581597328186035e-01
1.051255539059638977e-01,9.053509831428527832e-01
2.292934358119964600e-01,6.909753084182739258e-01
4.667353034019470215e-01,-4.329087436199188232e-01
-4.978607296943664551e-01,-7.558574676513671875e-01
1.130270659923553467e-01,2.433132529258728027e-01
-9.597415477037429810e-02,-1.073314622044563293e-01
8.266278505325317383e-01,-1.342066079378128052e-01
3.215703666210174561e-01,4.387752413749694824e-01
8.301979899406433105e-01,-8.938256651163101196e-02
1.544140428304672241e-01,9.590458869934082031e-01
-4.668579995632171631e-01,1.477072089910507202e-01
-6.755051016807556152e-01,-3.032926023006439209e-01
2.348969280719757080e-01,-4.411469101905822754e-01
1.573783010244369507e-01,-3.379479423165321350e-02
1.568734645843505859e-01,9.598705768585205078e-01
1.496272832155227661e-01,9.564825296401977539e-01
4.024479687213897705e-01,-3.841429650783538818e-01
-2.798859477043151855e-01,5.265913009643554688e-01
-4.011419117450714111e-01,1.231110990047454834e-01
2.301263362169265747e-01,8.937602043151855469e-01
-3.816871345043182373e-01,-6.899943947792053223e-01
2.630654275417327881e-01,1.892723888158798218e-01
4.780318439006805420e-01,-4.393766224384307861e-01
7.797917723655700684e-01,-3.119175136089324951e-02
6.730281114578247070e-01,1.770995706319808960e-01
2.001469880342483521e-01,8.072049021720886230e-01
-2.600777745246887207e-01,1.051176041364669800e-01
-8.818356990814208984e-01,3.972508311271667480e-01
3.948675990104675293e-01,2.888365685939788818e-01
4.117718935012817383e-01,-4.051053822040557861e-01
3.727053701877593994e-01,-3.126245141029357910e-01
1.093174964189529419e-01,1.117215603590011597e-01
2.615064084529876709e-01,-7.526771724224090576e-02
2.905563414096832275e-01,2.213258445262908936e-01
6.122490167617797852e-01,2.281743586063385010e-01
-5.319757461547851562e-01,-7.674423456192016602e-01
1.109572052955627441e-01,7.443994283676147461e-01
4.244690537452697754e-01,-4.131870269775390625e-01
-2.779898643493652344e-01,5.672343969345092773e-01
-6.377598643302917480e-01,-7.154684662818908691e-01
-4.068150818347930908e-01,-7.298055887222290039e-01
2.458013892173767090e-01,-1.410802453756332397e-01
-4.521819651126861572e-01,1.866611242294311523e-01
-6.055157184600830078e-01,-7.655776739120483398e-01
2.128120809793472290e-01,7.078211307525634766e-01
5.018591284751892090e-01,7.332617044448852539e-02
8.098218441009521484e-01,-2.886038832366466522e-02
3.763204813003540039e-01,4.432202279567718506e-01
4.307301938533782959e-01,-4.199530184268951416e-01
8.252955079078674316e-01,-9.253296256065368652e-02
-1.620949357748031616e-01,5.320981144905090332e-02
2.088111191987991333e-01,7.734065651893615723e-01
6.444323062896728516e-01,2.069729566574096680e-01
-5.072922110557556152e-01,-7.609326243400573730e-01
-4.492854475975036621e-01,1.527766734361648560e-01
-2.792865633964538574e-01,5.361174941062927246e-01
-4.058374762535095215e-01,-4.598689079284667969e-01
-6.009324789047241211e-01,-7.658225297927856445e-01
3.293206691741943359e-01,3.493075072765350342e-02
4.219609797000885010e-01,3.469056785106658936e-01
9.092628955841064453e-02,8.807298541069030762e-01
-3.761436343193054199e-01,-6.886960268020629883e-01
8.385314345359802246e-01,-5.467493832111358643e-02
-6.065262556076049805e-01,3.344734609127044678e-01
-5.423179864883422852e-01,-7.669170498847961426e-01
3.589292466640472412e-01,-1.773977428674697876e-01
4.274892807006835938e-01,-4.187239110469818115e-01
2.059680819511413574e-01,9.651206731796264648e-01
-6.746507883071899414e-01,-3.030872941017150879e-01
2.758725881576538086e-01,-5.235669016838073730e-01
3.866098523139953613e-01,3.421657383441925049e-01
-2.414590120315551758e-01,2.078936249017715454e-01
2.015036642551422119e-01,7.802802324295043945e-01
4.236178696155548096e-01,-2.024160474538803101e-01
7.493657469749450684e-01,-5.231684818863868713e-02
2.757348716259002686e-01,-5.238263010978698730e-01
2.341070622205734253e-01,-1.140688806772232056e-01
1.735157221555709839e-01,1.030252575874328613e-01
-6.177148818969726562e-01,-5.683255195617675781e-01
5.614766478538513184e-01,-7.856085300445556641e-01
3.389085829257965088e-01,-2.884996533393859863e-01
5.615577101707458496e-01,-7.857177257537841797e-01
8.301943540573120117e-01,-5.710495635867118835e-02
-5.853459239006042480e-01,2.063652276992797852e-01
-4.427442550659179688e-01,-7.518646717071533203e-01
1.686277687549591064e-01,2.186666429042816162e-01
2.819420993328094482e-01,1.899437308311462402e-01
1.091059222817420959e-01,1.410203278064727783e-01
-5.137659907341003418e-01,1.726958453655242920e-01
4.703631699085235596e-01,-4.380197525024414062e-01
4.635571539402008057e-01,-4.155191779136657715e-01
1.691776216030120850e-01,-1.375052332878112793e-01
3.550128340721130371e-01,4.765554666519165039e-01
4.174901545047760010e-01,-4.149838089942932129e-01
3.499388694763183594e-01,-2.083481997251510620e-01
-3.753997087478637695e-01,-4.405161440372467041e-01
3.150388300418853760e-01,-1.931195855140686035e-01
4.879931509494781494e-01,2.514750063419342041e-01
4.237944483757019043e-01,-4.141329228878021240e-01
4.273514263331890106e-03,-2.945639789104461670e-01
5.615625977516174316e-01,-7.857270836830139160e-01
-4.143604636192321777e-01,-7.312324643135070801e-01
3.146903514862060547e-01,8.709816634654998779e-02
-6.064317822456359863e-01,3.348206281661987305e-01
3.519943356513977051e-02,9.086599200963973999e-02
1.942785084247589111e-01,9.743047356605529785e-01
5.095029622316360474e-02,1.535825580358505249e-01
2.719208598136901855e-01,-5.207843184471130371e-01
2.844310104846954346e-01,1.826458424329757690e-01
3.094739317893981934e-01,2.685232162475585938e-01
-2.780572772026062012e-01,5.662811994552612305e-01
1.742328852415084839e-01,8.291831016540527344e-01
-2.732658982276916504e-01,5.632999539375305176e-01
3.857125341892242432e-01,-3.478238284587860107e-01
2.153167873620986938e-01,7.564392685890197754e-01
2.519941627979278564e-01,-4.784081876277923584e-02
8.580948710441589355e-01,-9.618245810270309448e-02
4.150828719139099121e-01,-4.131934940814971924e-01
-5.455175042152404785e-01,-7.723827362060546875e-01
3.097133338451385498e-01,1.894878596067428589e-01
2.020221054553985596e-01,7.946485877037048340e-01
2.007456868886947632e-01,7.794959545135498047e-01
3.098726570606231689e-01,5.842820405960083008e-01
1.356685608625411987e-01,8.996602892875671387e-01
-4.219886064529418945e-01,1.649235934019088745e-01
4.075466990470886230e-01,4.559494927525520325e-02
3.078402280807495117e-01,2.073275744915008545e-01
-3.285016417503356934e-01,1.373761743307113647e-01
4.323302507400512695e-01,-4.228282272815704346e-01
4.751828014850616455e-01,-4.412034451961517334e-01
4.295910596847534180e-01,-4.198996424674987793e-01
8.893664479255676270e-01,-1.228553429245948792e-01
3.137415051460266113e-01,9.931061416864395142e-03
-7.165217399597167969e-02,4.155602455139160156e-01
4.290254712104797363e-01,-4.190750420093536377e-01
1.900534778833389282e-01,7.979928851127624512e-01
-4.873611629009246826e-01,-7.531872391700744629e-01
-1.802602112293243408e-01,-3.405078053474426270e-01
3.183251917362213135e-01,1.072000563144683838e-01
-6.057156920433044434e-01,-7.652871012687683105e-01
3.260432481765747070e-01,-3.579816222190856934e-01
1.872713714838027954e-01,7.452843189239501953e-01
1.204517483711242676e-01,8.466824889183044434e-01
-5.070502161979675293e-01,-4.012084007263183594e-01
8.893035054206848145e-01,-1.223552450537681580e-01
2.314745336771011353e-01,-1.095592305064201355e-01
4.369906485080718994e-01,2.958869934082031250e-01
2.313238680362701416e-01,4.557677805423736572e-01
-2.182661294937133789e-01,5.355129241943359375e-01
1.806204468011856079e-01,1.071315184235572815e-01
-6.464042067527770996e-01,-3.013682365417480469e-01
-3.835326135158538818e-01,-6.986314654350280762e-01
-5.072860121726989746e-01,-7.558881044387817383e-01
6.264863014221191406e-01,1.165913119912147522e-01
-4.178729653358459473e-01,-3.248662054538726807e-01
-2.280930578708648682e-01,9.841980040073394775e-02
-4.574513137340545654e-01,-7.663609385490417480e-01
-6.346884369850158691e-01,-7.288495302200317383e-01
8.277751207351684570e-01,-9.112563729286193848e-02
3.586026430130004883e-01,4.327100813388824463e-01
7.193317413330078125e-01,1.354715079069137573e-01
2.165599763393402100e-01,7.499877810478210449e-01
4.691231548786163330e-01,-2.539838850498199463e-01
3.011793494224548340e-01,-1.751610189676284790e-01
6.121292710304260254e-01,2.282542139291763306e-01
8.231967687606811523e-01,-8.564629405736923218e-02
2.582427263259887695e-01,4.253034889698028564e-01
1.249462142586708069e-01,9.360194206237792969e-01
-5.722181797027587891e-01,-7.705994248390197754e-01
-8.733315765857696533e-02,-5.413551926612854004e-01
4.650356471538543701e-01,-4.319939613342285156e-01
1.323534399271011353e-01,9.305099248886108398e-01
2.375644147396087646e-01,6.955793499946594238e-01
2.295230776071548462e-01,1.160862743854522705e-01
-2.106420397758483887e-01,1.004082411527633667e-01
2.013896852731704712e-01,7.767144441604614258e-01
1.506048887968063354e-01,9.574376940727233887e-01
-2.811746597290039062e-01,4.470556080341339111e-01
-6.140779256820678711e-01,-7.626785039901733398e-01
-8.728384226560592651e-02,-5.406919121742248535e-01
2.018199712038040161e-01,2.601443827152252197e-01
-2.780838608741760254e-01,5.673899650573730469e-01
2.220825850963592529e-01,7.424765825271606445e-01
8.055058717727661133e-01,-5.556951463222503662e-02
3.195404410362243652e-01,5.470823645591735840e-01
-5.399262905120849609e-01,-7.658266425132751465e-01
8.251227736473083496e-01,-9.254141896963119507e-02
2.038916796445846558e-01,9.675549268722534180e-01
6.054717674851417542e-02,1.118136122822761536e-01
1.932288706302642822e-01,7.909315824508666992e-01
-4.274791777133941650e-01,-7.275924682617187500e-01
-2.516920566558837891e-01,-7.977413535118103027e-01
5.759694576263427734e-01,2.324673682451248169e-01
3.268192112445831299e-01,1.087620258331298828e-01
1.448140144348144531e-01,9.532936811447143555e-01
-4.099772572517395020e-01,-4.550077617168426514e-01
-6.141407489776611328e-01,-7.626869678497314453e-01
1.859020674601197243e-03,1.956631243228912354e-01
-8.817641139030456543e-01,3.972164690494537354e-01
-6.050648093223571777e-01,2.202551662921905518e-01
1.505791842937469482e-01,9.574047923088073730e-01
-6.047403216361999512e-01,-7.656380534172058105e-01
-5.279114842414855957e-01,-7.677538990974426270e-01
1.762441992759704590e-01,-1.239296197891235352e-01
2.092807292938232422e-01,7.688640356063842773e-01
2.565074563026428223e-01,-1.234543398022651672e-01
3.734990358352661133e-01,-2.446106076240539551e-02
8.894851207733154297e-01,-1.227823868393898010e-01
-5.139229297637939453e-01,-7.720625400543212891e-01
6.940866708755493164e-01,1.441805809736251831e-01
-4.438618719577789307e-01,-7.338138818740844727e-01
2.267289757728576660e-01,-2.361459136009216309e-01
4.617448151111602783e-01,-2.549958527088165283e-01
3.885606825351715088e-01,-3.601303994655609131e-01
4.082003533840179443e-01,4.559441655874252319e-02
8.857594728469848633e-01,-1.254909336566925049e-01
1.207597777247428894e-01,8.895720839500427246e-01
-5.426831245422363281e-01,-7.724912166595458984e-01
2.020853459835052490e-01,7.917193174362182617e-01
2.106739282608032227e-01,1.386257261037826538e-01
-2.800971269607543945e-01,5.267773866653442383e-01
-5.329264998435974121e-01,-7.672172784805297852e-01
-3.854347467422485352e-01,-7.007286548614501953e-01
6.003020703792572021e-02,1.879618465900421143e-01
1.316333264112472534e-01,-4.521332383155822754e-01
2.527301311492919922e-01,1.238500252366065979e-01
-6.070626378059387207e-01,3.348006606101989746e-01
2.074817121028900146e-01,7.716041803359985352e-01
1.275272220373153687e-01,8.691173791885375977e-01
5.615137815475463867e-01,-7.856616377830505371e-01
-4.348025918006896973e-01,-3.075408339500427246e-01
1.949025988578796387e-01,6.944529414176940918e-01
6.123749017715454102e-01,2.281399518251419067e-01
1.292007416486740112e-02,2.182701975107192993e-01
-6.346070170402526855e-01,-7.291690111160278320e-01
-5.488914847373962402e-01,1.920425444841384888e-01
-5.428824424743652344e-01,-7.668038606643676758e-01
4.779270589351654053e-01,-4.400230944156646729e-01
1.657795459032058716e-01,9.625992178916931152e-01
9.444148093461990356e-02,1.632086783647537231e-01
-5.462130308151245117e-01,-7.719044685363769531e-01
8.734846711158752441e-01,-1.145654618740081787e-01
-5.191064476966857910e-01,-7.566374540328979492e-01
-5.269570946693420410e-01,-7.690950632095336914e-01
1.140398457646369934e-01,1.553494185209274292e-01
4.088904559612274170e-01,4.442181438207626343e-02
1.853633224964141846e-01,8.185649514198303223e-01
-4.573538005352020264e-01,-7.663959860801696777e-01
1.773428767919540405e-01,8.169968724250793457e-01
1.965317875146865845e-01,3.575277626514434814e-01
4.292044341564178467e-01,3.804788291454315186e-01
2.860659956932067871e-01,-2.044233232736587524e-01
-4.547355473041534424e-01,1.377678662538528442e-01
-5.493091940879821777e-01,1.923015117645263672e-01
1.216383092105388641e-02,-5.021159648895263672e-01
-1.849952638149261475e-01,1.680241078138351440e-01
-4.560253024101257324e-01,-7.660294771194458008e-01
1.943258345127105713e-01,9.743126034736633301e-01
-3.796959221363067627e-01,-6.931356191635131836e-01
-6.249679923057556152e-01,-5.925247073173522949e-01
-5.722371339797973633e-01,-7.715252637863159180e-01
1.965603679418563843e-01,8.053277730941772461e-01
1.545543968677520752e-01,9.589135646820068359e-01
-6.940945982933044434e-01,-3.084053695201873779e-01
-6.008711457252502441e-01,-7.665821313858032227e-01
-4.169769585132598877e-01,-6.309397220611572266e-01
4.780361354351043701e-01,-4.394054412841796875e-01
-5.331364274024963379e-01,-7.694953083992004395e-01
1.816440969705581665e-01,8.226462602615356445e-01
-4.593046307563781738e-01,-7.661600708961486816e-01
8.761983513832092285e-01,-1.043972894549369812e-01
-2.780241966247558594e-01,5.673959255218505859e-01
-3.771677613258361816e-01,-6.879625916481018066e-01
-4.190680682659149170e-01,-7.418891191482543945e-01
-9.505603313446044922e-01,-1.940389871597290039e-01
4.288972020149230957e-01,3.589441776275634766e-01
3.043911457061767578e-01,1.840948872268199921e-02
6.697617173194885254e-01,1.770185977220535278e-01
2.485512793064117432e-01,5.790738388895988464e-02
1.942887008190155029e-01,9.743187427520751953e-01
8.895363807678222656e-01,-1.229271739721298218e-01
-7.336404174566268921e-02,-1.004546508193016052e-01
2.867040038108825684e-01,-2.016314566135406494e-01
2.134957462549209595e-01,1.643101274967193604e-01
2.492716163396835327e-01,6.778364777565002441e-01
-9.505673646926879883e-01,-1.940407752990722656e-01
2.147422581911087036e-01,7.407692670822143555e-01
2.077130377292633057e-01,9.627579450607299805e-01
-4.418645501136779785e-01,-7.596163749694824219e-01
1.542780101299285889e-01,8.376010656356811523e-01
-5.097125172615051270e-01,-7.655802369117736816e-01
-5.275817513465881348e-01,-7.724380493164062500e-01
4.678057134151458740e-01,-2.593568563461303711e-01
-5.092430710792541504e-01,1.766469478607177734e-01
1.943084597587585449e-01,9.743285179138183594e-01
7.109304070472717285e-01,1.442984491586685181e-01
-5.729150772094726562e-01,-7.703065276145935059e-01
1.336623430252075195e-01,9.379550814628601074e-01
1.529722362756729126e-01,9.583711028099060059e-01
8.161569833755493164e-01,-3.329145163297653198e-02
2.278597503900527954e-01,2.873415052890777588e-01
5.650328993797302246e-01,2.105910480022430420e-01
1.457719653844833374e-01,8.397008180618286133e-01
-6.046766638755798340e-01,2.200236171483993530e-01
-5.836682915687561035e-01,-7.702424526214599609e-01
-3.958398997783660889e-01,-7.070155143737792969e-01
1.913030296564102173e-01,2.036200165748596191e-01
-5.448474884033203125e-01,-7.723008990287780762e-01
-4.876130223274230957e-01,-7.660067081451416016e-01
2.026419490575790405e-01,-1.547935456037521362e-01
5.615435242652893066e-01,-7.857051491737365723e-01
7.226510643959045410e-01,1.279238164424896240e-01
8.393471837043762207e-01,-5.488066002726554871e-02
1.871308386325836182e-01,-1.072140038013458252e-01
2.103877216577529907e-01,9.584307670593261719e-01
-4.004031717777252197e-01,1.235191226005554199e-01
3.960924446582794189e-01,3.413422405719757080e-01
-4.263722896575927734e-01,1.336287409067153931e-01
4.783210754394531250e-01,-4.398856759071350098e-01
3.419333100318908691e-01,-1.417672820389270782e-02
3.058732450008392334e-01,1.404778808355331421e-01
9.734442085027694702e-02,8.630113601684570312e-01
-5.962116718292236328e-01,-7.671591639518737793e-01
1.545363813638687134e-01,9.588357806205749512e-01
3.889765739440917969e-01,3.508802503347396851e-02
-5.910485386848449707e-01,2.104437798261642456e-01
1.356949061155319214e-01,-8.311517536640167236e-02
2.519159615039825439e-01,-4.804487153887748718e-02
2.250075042247772217e-01,1.800171434879302979e-01
-3.875686824321746826e-01,-7.050064206123352051e-01
2.042567431926727295e-01,8.329741954803466797e-01
-5.620472431182861328e-01,-7.721176147460937500e-01
1.445460319519042969e-01,9.522233605384826660e-01
-4.572384953498840332e-01,-7.662679553031921387e-01
-5.366622805595397949e-01,1.848398149013519287e-01
6.592484563589096069e-02,4.279969334602355957e-01
-4.665972292423248291e-01,-7.649617195129394531e-01
2.234636247158050537e-01,9.619650244712829590e-02
4.935690462589263916e-01,2.120854705572128296e-01
-7.901290655136108398e-01,2.504523098468780518e-01
7.427514791488647461e-01,7.595296204090118408e-02
1.111210063099861145e-01,9.115521311759948730e-01
2.206135839223861694e-01,7.512357831001281738e-01
5.510396957397460938e-01,-7.809056043624877930e-01
-9.401767253875732422e-01,-1.929740309715270996e-01
2.062169760465621948e-01,1.253129448741674423e-02
8.880553841590881348e-01,-1.226723864674568176e-01
2.409963756799697876e-01,6.014684215188026428e-02
-1.598317176103591919e-01,7.634938508272171021e-02
-5.294222235679626465e-01,-7.610039114952087402e-01
3.263334631919860840e-01,-2.609108090400695801e-01
-1.456441432237625122e-01,9.887368232011795044e-02
-6.172059178352355957e-01,-3.121340870857238770e-01
2.084793150424957275e-01,7.693093419075012207e-01
-5.940389633178710938e-01,-7.671431303024291992e-01
-4.471137821674346924e-01,1.394754648208618164e-01
-5.991244316101074219e-01,-4.913394749164581299e-01
4.585646986961364746e-01,2.993286848068237305e-01
2.125739902257919312e-01,9.547230601310729980e-01
1.491807997226715088e-01,9.564298391342163086e-01
-7.088268548250198364e-02,9.144895523786544800e-02
-6.293458491563796997e-02,5.488061159849166870e-02
-2.783151865005493164e-01,5.673968791961669922e-01
2.280351519584655762e-01,-3.611325621604919434e-01
8.803486824035644531e-01,-1.094764024019241333e-01
-4.995781481266021729e-01,-7.548635601997375488e-01
-6.420656442642211914e-01,-6.863026618957519531e-01
4.300092160701751709e-01,-4.203674793243408203e-01
2.955265641212463379e-01,-2.021848261356353760e-01
8.253781795501708984e-01,-7.960148900747299194e-02
2.079032957553863525e-01,7.822554111480712891e-01
-2.781637609004974365e-01,5.657759308815002441e-01
3.063737750053405762e-01,1.871664226055145264e-01
-8.818188905715942383e-01,3.972428739070892334e-01
-6.240949630737304688e-01,-7.502477765083312988e-01
9.793324023485183716e-02,3.658634796738624573e-02
-7.018011212348937988e-01,6.577486991882324219e-01
-6.346871256828308105e-01,-7.288892865180969238e-01
4.080803394317626953e-01,4.536096006631851196e-02
2.665042281150817871e-01,-1.494627445936203003e-01
8.252677917480468750e-01,-9.160228073596954346e-02
-4.005697667598724365e-01,1.232494860887527466e-01
1.213373839855194092e-01,8.867670297622680664e-01
2.181740552186965942e-01,1.834523677825927734e-01
-4.574417769908905029e-01,-7.664289474487304688e-01
4.301379024982452393e-01,-4.205644130706787109e-01
1.843177378177642822e-01,7.952868342399597168e-01
8.608836531639099121e-01,-1.334764212369918823e-01
4.250022172927856445e-01,-4.138871729373931885e-01
3.196753859519958496e-01,5.678173303604125977e-01
8.895214796066284180e-01,-1.228972226381301880e-01
1.940836608409881592e-01,9.742284417152404785e-01
-2.778678238391876221e-01,5.669717192649841309e-01
2.782413065433502197e-01,2.492589056491851807e-01
6.126812696456909180e-01,2.278111875057220459e-01
-2.761835604906082153e-02,3.779658973217010498e-01
2.247625738382339478e-01,1.792191565036773682e-01
-1.261166036128997803e-01,2.487117797136306763e-01
2.180701196193695068e-01,9.410666227340698242e-01
2.103749364614486694e-01,8.344229459762573242e-01
2.044215202331542969e-01,9.670155644416809082e-01
-5.869053602218627930e-01,-7.699513435363769531e-01
8.306400775909423828e-01,-8.997283130884170532e-02
7.763498425483703613e-01,-4.191607981920242310e-02
-5.436482429504394531e-01,-3.547915518283843994e-01
5.780821442604064941e-01,2.311266958713531494e-01
3.627798855304718018e-01,2.809734344482421875e-01
8.314259648323059082e-01,-8.545631170272827148e-02
3.016299605369567871e-01,1.124350652098655701e-01
4.224734902381896973e-01,-4.112133979797363281e-01
2.315300107002258301e-01,-6.892531365156173706e-02
-4.440942704677581787e-01,-7.598652839660644531e-01
-4.483258128166198730e-01,1.411215364933013916e-01
6.400529295206069946e-02,1.310807168483734131e-01
1.115958243608474731e-01,2.541180551052093506e-01
2.300994843244552612e-01,8.933957815170288086e-01
-1.070002093911170959e-01,3.767350316047668457e-01
2.698900103569030762e-01,6.386120915412902832e-01
-9.505856037139892578e-01,-1.940459758043289185e-01
5.510225892066955566e-01,-7.808781266212463379e-01
3.533829003572463989e-02,4.139885008335113525e-01
-3.921296000480651855e-01,-5.011150836944580078e-01
-2.516341507434844971e-01,-7.976382374763488770e-01
2.758570313453674316e-01,-5.238358378410339355e-01
-4.315631091594696045e-02,8.324446529150009155e-02
3.980317115783691406e-01,4.024485945701599121e-01
7.885544300079345703e-01,-1.909680068492889404e-01
-5.616531372070312500e-01,-7.684792280197143555e-01
-4.649030268192291260e-01,-7.313047647476196289e-01
2.521104514598846436e-01,-4.847851768136024475e-02
1.427827030420303345e-01,9.506633877754211426e-01
-9.608929604291915894e-02,-1.071732714772224426e-01
-5.900370478630065918e-01,-7.690328955650329590e-01
-3.404616415500640869e-01,9.891034662723541260e-02
2.254545092582702637e-01,-2.529412209987640381e-01
4.082676172256469727e-01,4.527847468852996826e-02
-5.769288539886474609e-01,-7.714900374412536621e-01
-3.452414870262145996e-01,-4.145030975341796875e-01
-1.948609799146652222e-01,2.709246873855590820e-01
2.294685691595077515e-01,8.981718420982360840e-01
1.226829811930656433e-01,8.005925267934799194e-02
4.746861457824707031e-01,-4.381004571914672852e-01
1.614655405282974243e-01,-4.720799326896667480e-01
8.187360763549804688e-01,-4.007610306143760681e-02
-9.505897164344787598e-01,-1.940474212169647217e-01
7.766817808151245117e-01,-8.225425146520137787e-03
4.780479073524475098e-01,-4.395446181297302246e-01
2.082521468400955200e-01,6.948271393775939941e-01
-5.762927532196044922e-01,-7.714921236038208008e-01
1.943242251873016357e-01,9.743129014968872070e-01
-4.320638179779052734e-01,-6.392017006874084473e-01
2.050416618585586548e-01,9.653991460800170898e-01
2.301250249147415161e-01,8.927859663963317871e-01
1.382523328065872192e-01,9.918515384197235107e-02
-6.135863661766052246e-01,-7.627667188644409180e-01
-4.234304428100585938e-01,-4.802962839603424072e-01
-6.023965477943420410e-01,-7.633855342864990234e-01
6.125943064689636230e-01,2.282693982124328613e-01
6.877084970474243164e-01,1.430826634168624878e-01
-5.843930244445800781e-01,-7.683161497116088867e-01
3.534217476844787598e-01,-2.866986989974975586e-01
4.918800890445709229e-01,2.071603089570999146e-01
-5.948165655136108398e-01,2.133552432060241699e-01
-4.741878509521484375e-01,-3.301324844360351562e-01
-6.745304167270660400e-02,-5.905667543411254883e-01
1.194923073053359985e-01,9.304255247116088867e-01
-4.112596511840820312e-01,-7.338205575942993164e-01
-4.340468943119049072e-01,1.260475963354110718e-01
-6.054575443267822266e-01,2.201212793588638306e-01
9.103700518608093262e-02,-1.728695183992385864e-01
1.155506446957588196e-01,-3.342504054307937622e-02
1.919130682945251465e-01,1.325249522924423218e-01
7.460269927978515625e-01,7.664795703021809459e-05
2.002969831228256226e-01,7.942115664482116699e-01
-2.781421840190887451e-01,5.673083066940307617e-01
-5.832270383834838867e-01,-7.662442922592163086e-01
8.772478699684143066e-01,-1.208210736513137817e-01
4.154359996318817139e-01,3.412133455276489258e-01
-5.481974780559539795e-02,4.154262244701385498e-01
-5.427318215370178223e-01,-7.729040980339050293e-01
8.267410993576049805e-01,-8.869355916976928711e-02
2.160054147243499756e-01,-1.731429249048233032e-01
-6.100813746452331543e-01,3.196389675140380859e-01
8.717717528343200684e-01,-1.017362251877784729e-01
1.362871974706649780e-01,4.085480794310569763e-02
2.468264400959014893e-01,1.596457511186599731e-01
-9.506601691246032715e-01,-1.940656304359436035e-01
1.937143057584762573e-01,8.268448710441589355e-01
-6.313564181327819824e-01,-7.367090582847595215e-01
2.063986808061599731e-01,8.337234258651733398e-01
4.653269052505493164e-01,-2.548858523368835449e-01
8.244986534118652344e-01,-8.976598083972930908e-02
-4.195451438426971436e-01,-5.062044858932495117e-01
2.157160937786102295e-01,-3.478765860199928284e-02
8.273716568946838379e-01,-9.122756868600845337e-02
-6.009190678596496582e-01,-7.655512690544128418e-01
9.029392153024673462e-02,8.793135881423950195e-01
2.269892394542694092e-01,1.698691844940185547e-01
-6.048234701156616211e-01,2.198574841022491455e-01
-2.571949064731597900e-01,4.763529598712921143e-01
-2.783290743827819824e-01,5.675820112228393555e-01
1.373833864927291870e-01,3.845818936824798584e-01
-5.312624573707580566e-01,-7.615005970001220703e-01
3.535338640213012695e-01,1.972605586051940918e-01
-4.552955329418182373e-01,-7.630958557128906250e-01
1.942723542451858521e-01,9.743017554283142090e-01
4.013105034828186035e-01,2.100159041583538055e-02
6.106376051902770996e-01,2.290692329406738281e-01
-5.745103955268859863e-01,-7.695431709289550781e-01
2.301070392131805420e-01,8.933911323547363281e-01
8.075251579284667969e-01,-5.823426693677902222e-02
-2.784272730350494385e-01,5.676196217536926270e-01
-7.902999520301818848e-01,2.503290176391601562e-01
2.522827684879302979e-01,-4.846832156181335449e-02
2.862096726894378662e-01,3.332057595252990723e-02
6.535233259201049805e-01,1.794302314519882202e-01
2.285500466823577881e-01,-5.545993894338607788e-02
1.221358776092529297e-01,9.248053431510925293e-01
1.166477054357528687e-01,9.258655309677124023e-01
-2.768803536891937256e-01,5.673931241035461426e-01
-6.141495108604431152e-01,-7.626799941062927246e-01
1.288315355777740479e-01,9.404121637344360352e-01
4.711488634347915649e-02,1.005123257637023926e-01
-5.726702213287353516e-01,2.004003673791885376e-01
2.333777099847793579e-01,7.323731184005737305e-01
-4.496225416660308838e-01,1.647905260324478149e-01
2.381675988435745239e-01,-6.669668108224868774e-02
-4.949467480182647705e-01,-7.393923401832580566e-01
3.233731091022491455e-01,7.221000641584396362e-02
-6.050817370414733887e-01,2.204737663269042969e-01
1.582611352205276489e-01,1.664527803659439087e-01
8.292583227157592773e-01,-5.075711756944656372e-02
2.290910929441452026e-01,-2.781839668750762939e-01
8.893657922744750977e-01,-1.228597462177276611e-01
1.370315253734588623e-01,9.461134076118469238e-01
9.022527188062667847e-02,8.792126774787902832e-01
-2.772079408168792725e-01,5.655646920204162598e-01
1.666059643030166626e-01,9.534557163715362549e-02
-5.441012978553771973e-01,-7.691927552223205566e-01
-3.996807336807250977e-01,-5.829821825027465820e-01
4.712086915969848633e-01,1.090534105896949768e-01
-4.077886343002319336e-01,-5.555184483528137207e-01
1.456163674592971802e-01,9.525526762008666992e-01
-5.069923400878906250e-01,1.776257008314132690e-01
1.477746069431304932e-01,9.550318121910095215e-01
1.114196106791496277e-01,2.540452778339385986e-01
1.313107907772064209e-01,8.599918484687805176e-01
4.314334988594055176e-01,3.741840124130249023e-01
-6.921558380126953125e-01,-3.073380887508392334e-01
-4.549480378627777100e-01,-6.487115621566772461e-01
2.301575243473052979e-01,8.928899168968200684e-01
-1.285349428653717041e-01,6.901942938566207886e-02
2.877947688102722168e-01,1.990947723388671875e-01
4.218048751354217529e-01,-4.096994698047637939e-01
-4.574701488018035889e-01,-7.664144039154052734e-01
-6.051014661788940430e-01,2.199882119894027710e-01
-4.995226562023162842e-01,-7.635764479637145996e-01
-5.884714126586914062e-01,-7.678971886634826660e-01
2.169294506311416626e-01,1.771597862243652344e-01
8.896058201789855957e-01,-1.229102984070777893e-01
3.801461160182952881e-01,-3.561256825923919678e-01
-5.267677903175354004e-01,-7.602317929267883301e-01
2.646687626838684082e-01,-1.417899280786514282e-01
-2.600455582141876221e-01,5.095140933990478516e-01
-5.265036821365356445e-01,-7.638561129570007324e-01
4.782839417457580566e-01,-4.391400814056396484e-01
-5.667190551757812500e-01,-7.720754146575927734e-01
2.748580873012542725e-01,-5.229571461677551270e-01
8.238362073898315430e-01,-9.404782950878143311e-02
2.161810100078582764e-01,-2.505720593035221100e-02
2.102322131395339966e-01,7.697037458419799805e-01
8.894053697586059570e-01,-1.228602007031440735e-01
8.463661074638366699e-01,-1.372308284044265747e-01
2.004987001419067383e-01,1.735087633132934570e-01
8.895608186721801758e-01,-1.229411885142326355e-01
-1.756708770990371704e-01,3.012260496616363525e-01
8.227646350860595703e-01,-8.857700228691101074e-02
8.611411452293395996e-01,-8.907582610845565796e-02
1.212939247488975525e-01,9.305976033210754395e-01
-9.559848159551620483e-02,8.948119729757308960e-02
1.189182102680206299e-01,9.057799577713012695e-01
4.143952131271362305e-01,-4.023626446723937988e-01
1.511307209730148315e-01,9.575139880180358887e-01
-3.844925165176391602e-01,-6.982980370521545410e-01
2.268031984567642212e-01,-1.131286770105361938e-01
6.935701966285705566e-01,1.580160409212112427e-01
-4.522516131401062012e-01,-7.183914184570312500e-01
8.177816867828369141e-01,-9.021306037902832031e-02
-4.076611697673797607e-01,-7.159519791603088379e-01
2.153414934873580933e-01,9.484127163887023926e-01
-9.712257981300354004e-02,-1.072003170847892761e-01
2.953104376792907715e-01,5.718953609466552734e-01
-6.345242261886596680e-01,-6.290490031242370605e-01
2.128094583749771118e-01,8.388630747795104980e-01
-4.066218137741088867e-01,-5.250284671783447266e-01
-2.506375610828399658e-01,-2.218686491250991821e-01
-3.672765493392944336e-01,-6.663830280303955078e-01
-5.130349993705749512e-01,-7.563017606735229492e-01
4.724205434322357178e-01,1.862183511257171631e-01
1.271630078554153442e-01,9.338212609291076660e-01
2.757410407066345215e-01,-5.238355994224548340e-01
8.895519971847534180e-01,-1.229896470904350281e-01
6.113988161087036133e-01,2.289976030588150024e-01
3.685652017593383789e-01,4.437916576862335205e-01
-4.573322832584381104e-01,-7.663744091987609863e-01
1.187759563326835632e-01,9.036950469017028809e-01
1.311808675527572632e-01,-1.063618808984756470e-01
-5.187167525291442871e-01,-3.213592469692230225e-01
6.374188661575317383e-01,2.073785513639450073e-01
4.044883251190185547e-01,-4.056043922901153564e-01
-4.438810944557189941e-01,-7.058200240135192871e-01
4.748754203319549561e-01,-4.365026652812957764e-01
-4.355348348617553711e-01,-7.559579014778137207e-01
8.758100867271423340e-01,-1.230208948254585266e-01
1.642405092716217041e-01,8.299533128738403320e-01
7.871585488319396973e-01,-1.233310028910636902e-01
-1.649191230535507202e-01,3.260859847068786621e-02
-2.463801801204681396e-01,-2.240479886531829834e-01
-4.800755679607391357e-01,1.549891382455825806e-01
-4.479373693466186523e-01,-7.618968486785888672e-01
2.573471963405609131e-01,1.428881734609603882e-01
-4.471480548381805420e-01,-6.993330717086791992e-01
3.361170589923858643e-01,9.724723175168037415e-03
-8.715955018997192383e-01,3.928147852420806885e-01
-5.440427064895629883e-01,-7.667651772499084473e-01
2.330483496189117432e-01,-2.531415820121765137e-01
-3.024663627147674561e-01,3.462749421596527100e-01
-1.148425489664077759e-01,4.090767800807952881e-01
-6.852621585130691528e-02,8.648687601089477539e-02
-3.515146672725677490e-01,-3.369285762310028076e-01
5.069538354873657227e-01,8.873431943356990814e-03
-8.818519115447998047e-01,3.972589075565338135e-01
4.600825905799865723e-01,2.782648503780364990e-01
-4.120214879512786865e-01,-7.354611754417419434e-01
-5.824290513992309570e-01,-7.704507112503051758e-01
1.576941609382629395e-01,8.363950848579406738e-01
4.302376508712768555e-01,-4.209032058715820312e-01
-3.730604350566864014e-01,-6.863030791282653809e-01
4.682277441024780273e-01,-2.566557526588439941e-01
-9.505878686904907227e-01,-1.940461248159408569e-01
-2.066070139408111572e-01,1.034471020102500916e-01
2.466598004102706909e-01,7.080073356628417969e-01
2.770423591136932373e-01,6.122270226478576660e-01
-3.718616962432861328e-01,-4.620528817176818848e-01
-6.050857901573181152e-01,2.199581563472747803e-01
2.256872802972793579e-01,1.676542460918426514e-01
-4.275805875658988953e-02,2.573843896389007568e-01
4.229493141174316406e-01,4.210228025913238525e-01
-6.240389347076416016e-01,-7.503439784049987793e-01
4.079792797565460205e-01,4.515502974390983582e-02
-8.690480887889862061e-02,-5.410314798355102539e-01
2.372482717037200928e-01,-3.269160538911819458e-02
-4.596591591835021973e-01,-7.665871381759643555e-01
8.555526286363601685e-02,1.818541139364242554e-01
-5.431850552558898926e-01,-7.660030126571655273e-01
-6.007671952247619629e-01,-7.654101252555847168e-01
-4.006684124469757080e-01,1.231460273265838623e-01
8.862231373786926270e-01,-1.172090619802474976e-01
6.129423975944519043e-01,2.282509058713912964e-01
8.894676566123962402e-01,-1.227865740656852722e-01
-5.882391333580017090e-01,-7.694786190986633301e-01
2.248524129390716553e-01,1.799534410238265991e-01
3.993127644062042236e-01,-3.783651292324066162e-01
4.535687565803527832e-01,2.873587012290954590e-01
-6.940278410911560059e-01,-3.079009354114532471e-01
1.139883324503898621e-01,2.489214986562728882e-01
-9.505991935729980469e-01,-1.940489411354064941e-01
2.301424145698547363e-01,8.930268287658691406e-01
7.335344702005386353e-02,-2.663054689764976501e-02
1.939732208847999573e-02,1.005078926682472229e-01
5.517087578773498535e-01,2.445231974124908447e-01
7.730990648269653320e-01,8.750257082283496857e-03
1.496093571186065674e-01,9.568072557449340820e-01
1.494867056608200073e-01,9.567468166351318359e-01
4.674720168113708496e-01,-2.508485317230224609e-01
-4.574834704399108887e-01,-7.664285898208618164e-01
1.818037182092666626e-01,8.174047470092773438e-01
8.867969512939453125e-01,-1.184734627604484558e-01
1.209295317530632019e-01,9.219492673873901367e-01
4.325223267078399658e-01,-4.211560785770416260e-01
4.677810668945312500e-01,-2.672445476055145264e-01
1.103237122297286987e-01,-3.143795579671859741e-02
-3.042357861995697021e-01,2.630693316459655762e-01
8.248949646949768066e-01,-9.251876920461654663e-02
-2.426524311304092407e-01,5.429733991622924805e-01
-6.066216826438903809e-01,3.348420262336730957e-01
2.314118444919586182e-01,8.903506994247436523e-01
2.115583866834640503e-01,2.525912821292877197e-01
-4.228900074958801270e-01,-7.466631531715393066e-01
1.576839685440063477e-01,-2.554648369550704956e-02
1.871906816959381104e-01,9.713849425315856934e-01
-5.992212295532226562e-01,2.268592119216918945e-01
-5.196959972381591797e-01,-7.704012393951416016e-01
1.988637149333953857e-01,2.669788599014282227e-01
-5.982180833816528320e-01,-7.675524950027465820e-01
2.280351072549819946e-01,-3.892234265804290771e-01
2.760539352893829346e-01,-5.218352675437927246e-01
9.040831029415130615e-02,8.795455098152160645e-01
1.356702484190464020e-02,1.400642544031143188e-01
-5.747459530830383301e-01,-7.675753235816955566e-01
4.361639618873596191e-01,-3.205293715000152588e-01
-4.028378725051879883e-01,-7.086565494537353516e-01
1.942040473222732544e-01,9.742838740348815918e-01
-9.506372809410095215e-01,-1.940587013959884644e-01
-2.695296704769134521e-01,5.143122673034667969e-01
2.125354707241058350e-01,9.548453092575073242e-01
7.951408028602600098e-01,-1.876487396657466888e-02
9.055320918560028076e-02,8.792233467102050781e-01
3.873552083969116211e-01,4.467521980404853821e-02
2.124966681003570557e-01,9.548896551132202148e-01
2.294461131095886230e-01,8.981613516807556152e-01
1.276492774486541748e-01,7.809504270553588867e-01
-5.873253345489501953e-01,-7.663182616233825684e-01
1.579925566911697388e-01,8.417596220970153809e-01
-4.061653614044189453e-01,-7.114456295967102051e-01
-4.694626331329345703e-01,-7.441504597663879395e-01
3.491626679897308350e-01,4.293092787265777588e-01
7.552202045917510986e-02,-9.125144034624099731e-02
-5.444849133491516113e-01,-7.647705078125000000e-01
2.994831502437591553e-01,2.929696142673492432e-01
-6.094054579734802246e-01,-7.628909945487976074e-01
6.124061346054077148e-01,2.281911224126815796e-01
-2.996170520782470703e-01,2.374402061104774475e-02
1.943117380142211914e-01,9.743191599845886230e-01
-4.735122025012969971e-01,1.615995913743972778e-01
-7.219093292951583862e-02,6.892815232276916504e-02
1.064588651061058044e-01,9.111399650573730469e-01
2.748986780643463135e-01,-5.233003497123718262e-01
4.291757941246032715e-01,-4.191668331623077393e-01
2.408942133188247681e-01,-2.926926910877227783e-01
-1.856810152530670166e-01,-6.745595932006835938e-01
3.321210741996765137e-01,-2.968510985374450684e-01
8.472846746444702148e-01,-1.346636414527893066e-01
8.882164955139160156e-01,-1.201935634016990662e-01
-7.015433311462402344e-01,6.574886441230773926e-01
8.304662108421325684e-01,-8.821898698806762695e-02
-2.777173817157745361e-01,5.671373605728149414e-01
4.781476259231567383e-01,-4.395554661750793457e-01
-4.603230655193328857e-01,-7.661574482917785645e-01
-3.714268505573272705e-01,9.677163511514663696e-02
-6.068453192710876465e-01,3.346949219703674316e-01
-5.397426486015319824e-01,-1.273146569728851318e-01
-6.068936586380004883e-01,3.346591293811798096e-01
-4.043374359607696533e-01,-5.159322619438171387e-01
1.244064271450042725e-01,8.751968145370483398e-01
1.085290610790252686e-01,9.148697853088378906e-01
-4.352751001715660095e-02,3.893306553363800049e-01
-6.420274376869201660e-01,-6.846229434013366699e-01
1.417725086212158203e-01,8.506841659545898438e-01
-5.462321043014526367e-01,-7.726873159408569336e-01
-4.716928601264953613e-01,1.675917804241180420e-01
-5.207539200782775879e-01,-3.239518404006958008e-01
-5.472431182861328125e-01,-7.705422639846801758e-01
2.224042415618896484e-01,1.880969703197479248e-01
-5.146016478538513184e-01,1.730018705129623413e-01
3.886144459247589111e-01,1.623718440532684326e-02
3.199121952056884766e-01,1.172434836626052856e-01
1.634186655282974243e-01,-1.140845045447349548e-01
3.010894954204559326e-01,4.312834739685058594e-01
7.620537877082824707e-01,-2.104216068983078003e-02
4.083112478256225586e-01,4.525634273886680603e-02
4.379271566867828369e-01,-4.062147140502929688e-01
6.559807062149047852e-01,1.713893115520477295e-01
8.241603374481201172e-01,-7.718263566493988037e-02
-2.793295383453369141e-01,5.570251941680908203e-01
-4.433271884918212891e-01,-6.224333643913269043e-01
1.927100867033004761e-01,8.459650874137878418e-01
6.625238060951232910e-02,-4.478268027305603027e-01
-3.925764858722686768e-01,-7.103007435798645020e-01
-6.058568358421325684e-01,2.212361097335815430e-01
3.286926150321960449e-01,-1.371332705020904541e-01
1.943108737468719482e-01,9.743042588233947754e-01
-4.763425588607788086e-01,-7.441138625144958496e-01
-4.401670694351196289e-01,1.516063511371612549e-01
8.263318538665771484e-01,-9.108911454677581787e-02
8.852781057357788086e-01,-1.158114075660705566e-01
-6.053513288497924805e-01,2.201363146305084229e-01
2.970704138278961182e-01,-2.289985865354537964e-01
8.104918003082275391e-01,-2.817637659609317780e-02
3.042649626731872559e-01,1.101098433136940002e-01
-5.149761438369750977e-01,1.793066561222076416e-01
-5.349690914154052734e-01,1.857520043849945068e-01
1.535688638687133789e-01,9.586046338081359863e-01
2.170302867889404297e-01,7.407001852989196777e-01
1.943246573209762573e-01,9.743108153343200684e-01
3.418417572975158691e-01,-2.465028129518032074e-02
-2.457906156778335571e-01,-5.352097004652023315e-02
2.281947433948516846e-01,8.756181001663208008e-01
2.016552537679672241e-01,7.928074598312377930e-01
3.180579543113708496e-01,1.086175516247749329e-01
-4.902318418025970459e-01,-7.526372671127319336e-01
2.664258480072021484e-01,6.584886312484741211e-01
2.563947737216949463e-01,-2.581539452075958252e-01
1.987909227609634399e-01,7.927736043930053711e-01
4.281154870986938477e-01,-4.181257784366607666e-01
1.887413561344146729e-01,-1.201671287417411804e-01
-6.421831250190734863e-01,-6.864467859268188477e-01
-1.992680430412292480e-01,-2.457131147384643555e-01
4.062656462192535400e-01,-3.843847513198852539e-01
1.966234892606735229e-01,7.982116341590881348e-01
-5.923002362251281738e-01,2.179292589426040649e-01
-5.170665383338928223e-01,-7.581024169921875000e-01
4.696269929409027100e-01,-2.451737374067306519e-01
-1.878825202584266663e-02,1.357650756835937500e-01
-4.379368424415588379e-01,-3.374755978584289551e-01
4.301075637340545654e-01,-4.193273186683654785e-01
-4.641904234886169434e-01,-7.634042501449584961e-01
2.073845565319061279e-01,7.778343558311462402e-01
-4.718625843524932861e-01,1.501336693763732910e-01
-5.901860594749450684e-01,-7.689634561538696289e-01
4.224366843700408936e-01,1.301645636558532715e-01
2.340010702610015869e-01,-1.565349102020263672e-01
-6.935988664627075195e-01,-3.079122304916381836e-01
2.667708098888397217e-01,2.156916856765747070e-01
8.454302549362182617e-01,-7.209700345993041992e-02
-3.647595271468162537e-02,-5.137065052986145020e-01
-4.574517011642456055e-01,-7.663505673408508301e-01
-5.637200474739074707e-01,2.018891423940658569e-01
-5.838468074798583984e-01,-6.840326189994812012e-01
1.303372085094451904e-01,8.621103167533874512e-01
4.784064590930938721e-01,-4.396913945674896240e-01
-3.954955041408538818e-01,-4.627839326858520508e-01
-5.713340640068054199e-01,-7.710604667663574219e-01
1.994123607873916626e-01,2.412611097097396851e-01
1.313381642103195190e-01,8.617540597915649414e-01
-4.653858393430709839e-02,3.030901253223419189e-01
1.341089606285095215e-01,8.577488064765930176e-01
-3.969702422618865967e-01,-7.148051857948303223e-01
2.179517745971679688e-01,3.621552884578704834e-01
7.862954139709472656e-01,-2.282463572919368744e-02
-4.726999402046203613e-01,1.497487872838973999e-01
1.942791193723678589e-01,9.743182063102722168e-01
-5.439984202384948730e-01,-7.728877067565917969e-01
1.496257185935974121e-01,9.567956924438476562e-01
-5.307509303092956543e-01,-7.724193930625915527e-01
2.044409662485122681e-01,9.669843316078186035e-01
-4.707896113395690918e-01,-7.520671486854553223e-01
-5.131597518920898438e-01,-7.562747597694396973e-01
2.704285979270935059e-01,1.522248685359954834e-01
-5.027141571044921875e-01,-7.644858956336975098e-01
-6.030586957931518555e-01,-7.663043737411499023e-01
-5.770746469497680664e-01,-7.713482379913330078e-01
7.142727375030517578e-01,1.407816708087921143e-01
-2.218716740608215332e-01,-6.856526732444763184e-01
-3.434681594371795654e-01,-2.651599645614624023e-01
-6.415845155715942383e-01,-6.801934838294982910e-01
-4.728512465953826904e-01,1.493378430604934692e-01
-9.556228667497634888e-02,-1.073997467756271362e-01
-6.016561388969421387e-01,-7.665768265724182129e-01
8.435547351837158203e-01,-7.584328204393386841e-02
3.815529942512512207e-01,-3.640449643135070801e-01
-3.486111462116241455e-01,-2.934568226337432861e-01
-4.559704661369323730e-01,-7.652983069419860840e-01
-4.409792125225067139e-01,-3.205271661281585693e-01
-4.947204291820526123e-01,-7.463822364807128906e-01
-7.919951677322387695e-01,2.511556446552276611e-01
7.914078831672668457e-01,-3.458700701594352722e-02
-5.942206382751464844e-01,-7.683175206184387207e-01
1.954595297574996948e-01,8.356124162673950195e-01
2.225109934806823730e-01,-1.569267660379409790e-01
-3.718567788600921631e-01,-3.287037312984466553e-01
1.974759399890899658e-01,7.830227613449096680e-01
-4.708513021469116211e-01,-7.425721287727355957e-01
2.314898669719696045e-01,-1.116245090961456299e-01
-3.953918814659118652e-01,-7.111195325851440430e-01
2.178803086280822754e-01,-3.963968157768249512e-01
-6.347544789314270020e-01,-7.287433147430419922e-01
4.287540316581726074e-01,-4.126198291778564453e-01
2.198575139045715332e-01,7.392835617065429688e-01
3.001210093498229980e-01,7.098982483148574829e-02
1.058732196688652039e-01,8.144880086183547974e-02
-5.504508614540100098e-01,-7.718366384506225586e-01
4.244759678840637207e-01,4.159481823444366455e-01
-6.067558526992797852e-01,-7.647408246994018555e-01
4.054563939571380615e-01,4.408974945545196533e-02
-6.029363870620727539e-01,-7.654557228088378906e-01
-4.673493504524230957e-01,-7.031776309013366699e-01
-4.528087377548217773e-01,-7.642369270324707031e-01
8.027429133653640747e-02,1.771540790796279907e-01
2.102547734975814819e-01,7.698913216590881348e-01
5.615429878234863281e-01,-7.856961488723754883e-01
2.761979401111602783e-01,-5.238744616508483887e-01
-4.546382427215576172e-01,-7.034829258918762207e-01
1.035685166716575623e-01,7.244189381599426270e-01
-6.419799327850341797e-01,-6.865525245666503906e-01
-4.098156094551086426e-01,1.266037374734878540e-01
-9.725157916545867920e-02,-1.073671951889991760e-01
-4.662663042545318604e-01,1.478408724069595337e-01
1.341526508331298828e-01,8.573704361915588379e-01
-4.719044268131256104e-01,-7.679609060287475586e-01
-6.934089064598083496e-01,-3.077935576438903809e-01
5.983479022979736328e-01,1.464495062828063965e-01
-9.506868124008178711e-01,-1.940718442201614380e-01
1.773575246334075928e-01,1.080848127603530884e-01
1.588592380285263062e-01,9.607373476028442383e-01
1.990222334861755371e-01,9.719799757003784180e-01
8.647850751876831055e-01,-9.307084977626800537e-02
-5.406202673912048340e-01,-7.684284448623657227e-01
2.284743189811706543e-01,7.147090435028076172e-01
2.171278297901153564e-01,7.567806243896484375e-01
2.045404613018035889e-01,9.667813777923583984e-01
-9.506618380546569824e-01,-1.940651684999465942e-01
-3.860049545764923096e-01,1.329864263534545898e-01
3.799691200256347656e-01,4.332744181156158447e-01
5.223878622055053711e-01,2.448804378509521484e-01
4.549741148948669434e-01,-4.309470653533935547e-01
1.480209529399871826e-01,9.554159045219421387e-01
-5.334677696228027344e-01,-7.662811875343322754e-01
7.741249799728393555e-01,-5.753152444958686829e-02
2.050319463014602661e-01,7.828812003135681152e-01
-4.433792233467102051e-01,-7.578817605972290039e-01
8.824680447578430176e-01,-1.272800266742706299e-01
-3.872525393962860107e-01,-6.882836818695068359e-01
2.125638872385025024e-01,9.547877311706542969e-01
-4.812331795692443848e-01,1.551378518342971802e-01
1.942736357450485229e-01,9.743068218231201172e-01
3.110363781452178955e-01,-2.855837345123291016e-01
-5.672368407249450684e-01,1.993628144264221191e-01
-4.573286771774291992e-01,-7.663635611534118652e-01
-6.063836812973022461e-01,3.343876004219055176e-01
-4.375089406967163086e-01,-7.350763678550720215e-01
1.274556964635848999e-01,-4.876580536365509033e-01
8.760243654251098633e-01,-1.043421179056167603e-01
2.408117949962615967e-01,5.641192793846130371e-01
-4.468738436698913574e-01,-6.852878332138061523e-01
-4.326262176036834717e-01,-7.544088959693908691e-01
-2.781876921653747559e-01,5.673126578330993652e-01
4.722147285938262939e-01,5.124681163579225540e-03
-9.597325697541236877e-04,3.016833774745464325e-02
-8.002240210771560669e-02,1.870378851890563965e-01
1.951148658990859985e-01,-1.178975999355316162e-01
-3.747532144188880920e-02,-1.133754774928092957e-01
4.285029768943786621e-01,-4.185113012790679932e-01
-5.406867861747741699e-01,-7.675505280494689941e-01
4.180733859539031982e-01,-4.069907367229461670e-01
4.238523542881011963e-01,-4.142750799655914307e-01
1.198586896061897278e-01,2.589101195335388184e-01
8.901219069957733154e-02,-3.568477332592010498e-01
2.125326246023178101e-01,9.548038840293884277e-01
-4.408793747425079346e-01,-7.017990350723266602e-01
-5.740103125572204590e-01,-7.705855965614318848e-01
-2.780057191848754883e-01,5.674868226051330566e-01
8.893120884895324707e-01,-1.228422448039054871e-01
5.902460217475891113e-01,1.606711447238922119e-01
-4.813581109046936035e-01,-4.255333244800567627e-01
-4.222292080521583557e-02,2.858198881149291992e-01
4.495238363742828369e-01,-4.235451519489288330e-01
9.863264113664627075e-02,-4.988409280776977539e-01
1.204442381858825684e-01,9.181623458862304688e-01
-6.247271895408630371e-01,-7.202883362770080566e-01
-5.359855294227600098e-01,1.865722090005874634e-01
1.417597085237503052e-01,-1.311697182245552540e-03
1.990373879671096802e-01,9.719662666320800781e-01
3.381149172782897949e-01,5.221841931343078613e-01
-3.953642547130584717e-01,-5.160149931907653809e-01
-4.608551263809204102e-01,-3.482729196548461914e-01
8.883307576179504395e-01,-1.202826499938964844e-01
6.458948850631713867e-01,8.242558687925338745e-02
4.297456145286560059e-01,3.551809787750244141e-01
1.762846559286117554e-01,1.387134343385696411e-01
-5.859781503677368164e-01,-7.667864561080932617e-01
7.108778357505798340e-01,1.436770111322402954e-01
-4.976896643638610840e-01,-7.531955838203430176e-01
-3.567771911621093750e-01,-3.379390835762023926e-01
-3.886950016021728516e-01,-7.039573788642883301e-01
-4.824827313423156738e-01,-7.481275200843811035e-01
1.116142421960830688e-01,2.539354860782623291e-01
2.779441773891448975e-01,-1.916841119527816772e-01
-5.466924309730529785e-01,-7.711108326911926270e-01
4.011805355548858643e-01,2.364347428083419800e-01
-6.141614913940429688e-01,-7.625966072082519531e-01
2.207301408052444458e-01,-2.248375862836837769e-01
-5.928645730018615723e-01,-7.683670520782470703e-01
5.521749854087829590e-01,6.339047849178314209e-02
8.134121298789978027e-01,-6.608638167381286621e-02
8.851494789123535156e-01,-1.161176785826683044e-01
2.368566840887069702e-01,1.802918016910552979e-01
-6.092233061790466309e-01,-7.641670703887939453e-01
1.183855235576629639e-01,9.059224128723144531e-01
-4.823930859565734863e-01,-7.254739403724670410e-01
2.095538824796676636e-01,7.689243555068969727e-01
-5.983633399009704590e-01,-7.671072483062744141e-01
3.800087571144104004e-01,-3.614824712276458740e-01
1.707715541124343872e-01,-2.975588291883468628e-02
-3.974414467811584473e-01,-4.753336906433105469e-01
1.459943801164627075e-01,8.413441777229309082e-01
2.920802533626556396e-01,-3.187237083911895752e-01
1.265401691198348999e-01,9.340023994445800781e-01
-6.941174268722534180e-01,-3.078964948654174805e-01
-5.345994234085083008e-01,-7.654269337654113770e-01
1.910656392574310303e-01,8.147426843643188477e-01
1.311007440090179443e-01,9.419111013412475586e-01
-2.799038589000701904e-01,5.268957018852233887e-01
2.295518517494201660e-01,8.976297974586486816e-01
1.166910827159881592e-01,9.271803498268127441e-01
-4.174121022224426270e-01,-5.054356455802917480e-01
-4.700838625431060791e-01,1.598956435918807983e-01
1.601076126098632812e-01,1.651000529527664185e-01
-4.707992076873779297e-01,-7.355262041091918945e-01
1.496736556291580200e-01,9.568485617637634277e-01
4.623409807682037354e-01,2.476715892553329468e-01
2.716922573745250702e-02,-1.794180087745189667e-02
-4.210980534553527832e-01,1.186365336179733276e-01
4.431854188442230225e-01,3.094506263732910156e-01
-6.027888655662536621e-01,-7.660480141639709473e-01
4.179991185665130615e-01,-4.076280593872070312e-01
-4.203002154827117920e-01,-7.337080240249633789e-01
4.390653073787689209e-01,3.820545077323913574e-01
-4.275540113449096680e-01,-7.512517571449279785e-01
2.249620556831359863e-01,1.801888048648834229e-01
2.298646718263626099e-01,8.861202597618103027e-01
5.677442550659179688e-01,2.321267724037170410e-01
1.849927306175231934e-01,-8.550398796796798706e-02
9.040729701519012451e-02,8.796597719192504883e-01
1.309113949537277222e-01,9.416899085044860840e-01
-6.053475737571716309e-01,2.201873511075973511e-01
-4.278788864612579346e-01,-7.497143149375915527e-01
1.839366853237152100e-01,7.741676568984985352e-01
4.175072610378265381e-01,-4.056864380836486816e-01
-6.007879376411437988e-01,-7.658824920654296875e-01
2.045312374830245972e-01,9.668529629707336426e-01
6.175638437271118164e-01,2.124193161725997925e-01
-4.738060534000396729e-01,1.652221828699111938e-01
1.930565536022186279e-01,6.245996057987213135e-02
4.039155542850494385e-01,3.841753005981445312e-01
2.301124334335327148e-01,8.933517932891845703e-01
8.189495801925659180e-01,-7.389572262763977051e-02
7.155749201774597168e-01,1.399818658828735352e-01
2.920134067535400391e-01,5.681282281875610352e-01
-5.514408349990844727e-01,-7.711968421936035156e-01
-3.996614515781402588e-01,-7.179347276687622070e-01
4.179880023002624512e-01,-4.075562059879302979e-01
-6.049754619598388672e-01,2.201198041439056396e-01
-2.777046561241149902e-01,5.669862031936645508e-01
1.842557340860366821e-01,8.096149563789367676e-01
-5.840345025062561035e-01,2.068500965833663940e-01
3.438509702682495117e-01,4.866687953472137451e-01
3.212222456932067871e-01,-1.039588302373886108e-01
2.308467626571655273e-01,8.830412030220031738e-01
-4.501700699329376221e-01,-7.442889213562011719e-01
3.800836503505706787e-01,-3.293475210666656494e-01
-5.633234381675720215e-01,-7.709159851074218750e-01
-7.013959288597106934e-01,6.573411822319030762e-01
-6.060444116592407227e-01,2.209767401218414307e-01
3.683183342218399048e-02,4.113573133945465088e-01
-4.308947920799255371e-01,1.301578134298324585e-01
-3.883201777935028076e-01,-6.976951956748962402e-01
2.124509662389755249e-01,2.304387092590332031e-01
-5.589026808738708496e-01,-7.723796367645263672e-01
-6.093857288360595703e-01,-5.465283989906311035e-01
-2.780260145664215088e-01,5.654040575027465820e-01
1.854657232761383057e-01,1.681549251079559326e-01
1.250597238540649414e-01,8.734995722770690918e-01
-3.900842964649200439e-01,-6.129408478736877441e-01
-4.394138157367706299e-01,1.365217417478561401e-01
-4.525358080863952637e-01,1.619485318660736084e-01
4.709592163562774658e-01,-2.434175759553909302e-01
2.301140874624252319e-01,8.933638930320739746e-01
1.486642211675643921e-01,9.416574835777282715e-01
8.072429895401000977e-01,-5.817752331495285034e-02
2.276552319526672363e-01,-4.098136350512504578e-02
-6.420792341232299805e-01,-6.867060661315917969e-01
2.046185582876205444e-01,7.832673788070678711e-01
5.599660277366638184e-01,2.395974099636077881e-01
1.522637903690338135e-01,9.581274390220642090e-01
-7.690454274415969849e-02,1.268142461776733398e-01
-5.720846652984619141e-01,-7.709238529205322266e-01
1.236240118741989136e-01,8.756136894226074219e-01
1.319531053304672241e-01,9.423626661300659180e-01
-5.736271739006042480e-01,-7.694171071052551270e-01
-4.900543689727783203e-01,-7.556706666946411133e-01
-6.053689122200012207e-01,2.207054495811462402e-01
4.301451444625854492e-01,-4.206056892871856689e-01
1.942803561687469482e-01,9.743034839630126953e-01
-4.041634500026702881e-01,-4.608876109123229980e-01
1.114733666181564331e-01,2.539272010326385498e-01
-2.909924089908599854e-01,8.888871222734451294e-02
-5.663195252418518066e-01,-7.704110741615295410e-01
2.119037657976150513e-01,9.560018777847290039e-01
1.320804357528686523e-01,9.418014287948608398e-01
-5.300137400627136230e-01,-7.632153630256652832e-01
-2.779234051704406738e-01,5.669106245040893555e-01
-5.945380926132202148e-01,-7.672675848007202148e-01
-6.759392023086547852e-01,-3.035663366317749023e-01
1.118238940834999084e-01,1.021914929151535034e-01
2.301492989063262939e-01,8.931998610496520996e-01
-1.436469852924346924e-01,-8.491740562021732330e-03
8.712903261184692383e-01,-1.086432933807373047e-01
2.326355129480361938e-01,-7.854142040014266968e-02
5.241698026657104492e-01,2.253235131502151489e-01
8.305353522300720215e-01,-7.502911239862442017e-02
8.673903942108154297e-01,-9.663068503141403198e-02
-6.046778559684753418e-01,-7.657128572463989258e-01
1.294341534376144409e-01,8.623217940330505371e-01
-6.934901475906372070e-01,-3.077324032783508301e-01
-5.303241610527038574e-01,-7.658737897872924805e-01
-4.736041650176048279e-02,1.581736207008361816e-01
-6.244036555290222168e-01,-5.987852811813354492e-01
4.040122926235198975e-01,-3.946064412593841553e-01
2.444719225168228149e-01,3.078107237815856934e-01
4.507608115673065186e-01,-7.136020660400390625e-01
3.166749477386474609e-01,2.351930886507034302e-01
-4.078530371189117432e-01,-7.310317754745483398e-01
4.301797151565551758e-01,-4.206126034259796143e-01
8.893592357635498047e-01,-1.228538379073143005e-01
-6.238744258880615234e-01,-7.506473660469055176e-01
2.316265255212783813e-01,-1.981320828199386597e-01
-5.823066830635070801e-01,-7.662967443466186523e-01
-6.239881515502929688e-01,-7.504479289054870605e-01
-5.778928995132446289e-01,2.040552049875259399e-01
2.106079310178756714e-01,7.691892981529235840e-01
-6.046931743621826172e-01,2.199079096317291260e-01
-3.643909692764282227e-01,-6.715456247329711914e-01
-1.145869195461273193e-01,1.310785394161939621e-02
4.159499704837799072e-01,4.213337898254394531e-01
-2.780625522136688232e-01,5.656136274337768555e-01
-4.250967502593994141e-01,-7.481531500816345215e-01
1.343644261360168457e-01,2.412336319684982300e-01
6.920305490493774414e-01,5.291321873664855957e-02
-7.901437282562255859e-01,2.502065598964691162e-01
-6.046594381332397461e-01,2.199067473411560059e-01
-4.793596863746643066e-01,-7.658255696296691895e-01
1.210734024643898010e-01,8.844463229179382324e-01
7.112035155296325684e-01,1.440342366695404053e-01
1.961537450551986694e-01,3.582386672496795654e-01
-6.239091753959655762e-01,-7.505639791488647461e-01
1.115335449576377869e-01,2.538558840751647949e-01
4.130191504955291748e-01,2.784706056118011475e-01
-4.572492837905883789e-01,-7.662858963012695312e-01
2.755492031574249268e-01,-5.239531993865966797e-01
-5.836999416351318359e-01,-7.702654004096984863e-01
2.011253535747528076e-01,-1.408033072948455811e-01
1.845320165157318115e-01,8.060030341148376465e-01
1.266585886478424072e-01,9.379466772079467773e-01
4.747623205184936523e-01,-4.389921426773071289e-01
2.522582411766052246e-01,-4.840775951743125916e-02
-4.509120881557464600e-01,-7.099578380584716797e-01
8.132244348526000977e-01,-6.536585092544555664e-02
8.008556813001632690e-02,1.408634334802627563e-01
4.506930112838745117e-01,-5.846527218818664551e-02
-2.084292769432067871e-01,-1.282388623803853989e-02
8.275782465934753418e-01,-8.472045511007308960e-02
-3.663991689682006836e-01,-6.656484007835388184e-01
2.856120765209197998e-01,1.170113962143659592e-02
-4.790133833885192871e-01,-7.134266495704650879e-01
3.729172050952911377e-01,-2.629659138619899750e-02
-2.782422900199890137e-01,5.680305957794189453e-01
-5.184965729713439941e-01,1.953644156455993652e-01
3.107252120971679688e-01,1.948118954896926880e-01
-4.870513379573822021e-01,1.648947149515151978e-01
1.287074834108352661e-01,9.355463981628417969e-01
3.126395344734191895e-01,1.864742338657379150e-01
1.488902866840362549e-01,9.562297463417053223e-01
-6.378024816513061523e-01,-7.157835364341735840e-01
-6.063624024391174316e-01,3.343204557895660400e-01
8.300591707229614258e-01,-8.274774998426437378e-02
4.300798773765563965e-01,-4.205114841461181641e-01
1.198085844516754150e-01,9.119202494621276855e-01
2.256368547677993774e-01,6.493651121854782104e-02
4.236990511417388916e-01,4.132774472236633301e-01
-4.998077154159545898e-01,-7.640938162803649902e-01
8.898777365684509277e-01,-1.229979470372200012e-01
3.666047751903533936e-01,-2.864387631416320801e-01
-4.704033136367797852e-01,-7.664552927017211914e-01
4.021537601947784424e-01,4.048691987991333008e-01
-5.945874452590942383e-01,2.133853137493133545e-01
5.614891052246093750e-01,-7.856273651123046875e-01
-9.506807923316955566e-01,-1.940710544586181641e-01
4.706633687019348145e-01,-2.453179210424423218e-01
2.258688062429428101e-01,7.222571372985839844e-01
-5.720559358596801758e-01,-7.719191908836364746e-01
-6.410604119300842285e-01,-6.628403663635253906e-01
-5.977226495742797852e-01,2.159637212753295898e-01
-5.378377437591552734e-01,-7.657369971275329590e-01
-6.216001510620117188e-01,-7.518378496170043945e-01
1.948548555374145508e-01,-7.940869033336639404e-02
2.086067795753479004e-01,7.678370475769042969e-01
-4.009412527084350586e-01,-4.513992667198181152e-01
-5.635318756103515625e-01,-7.708991169929504395e-01
2.531774044036865234e-01,6.903693675994873047e-01
2.714726328849792480e-01,-5.202952027320861816e-01
-4.090390205383300781e-01,-4.915045499801635742e-01
1.529610008001327515e-01,9.583547711372375488e-01
3.754964470863342285e-02,-5.259090662002563477e-01
-5.919612050056457520e-01,-7.689719796180725098e-01
2.052986621856689453e-01,9.659668803215026855e-01
5.810729265213012695e-01,1.402118355035781860e-01
1.923354268074035645e-01,-1.357014924287796021e-01
4.783811867237091064e-01,-4.397242963314056396e-01
-4.888974428176879883e-01,-7.497479319572448730e-01
2.363205403089523315e-01,1.739113926887512207e-01
1.237730830907821655e-01,9.277148842811584473e-01
8.753934502601623535e-01,-1.306098401546478271e-01
8.073445558547973633e-01,-5.804710462689399719e-02
-3.425680696964263916e-01,1.075116917490959167e-01
1.689965650439262390e-02,3.490287065505981445e-01
4.265297353267669678e-01,-4.169611930847167969e-01
-5.061604380607604980e-01,-7.552425265312194824e-01
-5.069343000650405884e-02,3.846106827259063721e-01
4.780328869819641113e-01,-4.393808245658874512e-01
1.726423501968383789e-01,1.037384942173957825e-01
8.893646001815795898e-01,-1.228577122092247009e-01
-6.033636927604675293e-01,-7.652608752250671387e-01
-6.262249946594238281e-01,-7.463970184326171875e-01
8.230037093162536621e-01,-7.717221975326538086e-02
-5.386094450950622559e-01,-7.706321477890014648e-01
-2.811203598976135254e-01,4.480401277542114258e-01
1.260927021503448486e-01,8.703342676162719727e-01
8.251128345727920532e-02,2.024965286254882812e-01
1.273147612810134888e-01,9.338317513465881348e-01
9.688595682382583618e-02,8.796858191490173340e-01
6.869544982910156250e-01,1.562651619315147400e-02
1.943239420652389526e-01,9.743080139160156250e-01
2.041030824184417725e-01,9.673335552215576172e-01
1.589045077562332153e-01,9.607484340667724609e-01
1.998945623636245728e-01,9.712176322937011719e-01
8.577493429183959961e-01,-9.646182507276535034e-02
5.615946650505065918e-01,-7.857610583305358887e-01
-5.138854384422302246e-01,1.735897064208984375e-01
5.538165941834449768e-02,-9.379275888204574585e-02
-7.901306152343750000e-01,2.501168847084045410e-01
-2.468201369047164917e-01,-7.802947163581848145e-01
1.983779221773147583e-01,9.723603129386901855e-01
-6.047092080116271973e-01,2.199257016181945801e-01
-6.049022674560546875e-01,2.201627045869827271e-01
4.706873595714569092e-01,-2.463137954473495483e-01
-3.962954580783843994e-01,-4.620343446731567383e-01
3.146328926086425781e-01,7.906068861484527588e-02
7.168279029428958893e-03,-1.268747001886367798e-01
1.809530705213546753e-01,-1.808870434761047363e-01
-5.180332660675048828e-01,1.883086264133453369e-01
4.278171956539154053e-01,4.117380380630493164e-01
5.148716568946838379e-01,2.280356884002685547e-01
3.878433704376220703e-01,4.210304617881774902e-01
-5.968726277351379395e-01,-7.667065858840942383e-01
8.783567547798156738e-01,-1.074632182717323303e-01
4.969044923782348633e-01,1.055280789732933044e-01
2.345527708530426025e-01,-2.234113365411758423e-01
3.611752986907958984e-01,4.340422451496124268e-01
4.775460660457611084e-01,-4.385776221752166748e-01
2.300171554088592529e-01,8.937957286834716797e-01
2.275120913982391357e-01,7.364028096199035645e-01
9.031397849321365356e-02,8.793776035308837891e-01
1.936759501695632935e-01,9.734991788864135742e-01
8.812830448150634766e-01,-1.195515915751457214e-01
-5.243642330169677734e-01,1.820153146982192993e-01
-6.262308359146118164e-01,-7.460581660270690918e-01
1.146201267838478088e-01,-3.329536020755767822e-01
1.890704482793807983e-01,9.722500443458557129e-01
2.541520297527313232e-01,-2.264535725116729736e-01
-6.275557875633239746e-01,-7.440713644027709961e-01
1.387378722429275513e-01,8.517503738403320312e-01
-6.239807009696960449e-01,-7.504252791404724121e-01
-5.450791716575622559e-01,-7.689883708953857422e-01
8.841951489448547363e-01,-1.150992214679718018e-01
7.694216966629028320e-01,-5.983079783618450165e-03
-5.034803152084350586e-01,-7.708919644355773926e-01
2.871335148811340332e-01,-4.910164698958396912e-02
7.854377627372741699e-01,-2.154668606817722321e-02
-2.904824912548065186e-01,-7.952003479003906250e-01
-6.074073910713195801e-01,-7.620904445648193359e-01
-5.766825079917907715e-01,-7.713384628295898438e-01
-6.239661574363708496e-01,-7.504850625991821289e-01
-7.018300294876098633e-01,6.577796936035156250e-01
2.056749910116195679e-01,9.652467370033264160e-01
1.947917938232421875e-01,1.848881840705871582e-01
2.035767734050750732e-01,7.524861097335815430e-01
1.509491205215454102e-01,9.574440121650695801e-01
3.316277861595153809e-01,6.156344339251518250e-02
6.123422980308532715e-01,2.281614691019058228e-01
4.689378738403320312e-01,-2.548547983169555664e-01
2.682061195373535156e-01,1.015832126140594482e-01
3.221738338470458984e-01,1.341089308261871338e-01
-5.721036791801452637e-01,-7.715685367584228516e-01
-6.058176159858703613e-01,2.208009958267211914e-01
-5.427810549736022949e-01,-7.726095914840698242e-01
8.593178391456604004e-01,-9.485082328319549561e-02
-8.817986845970153809e-01,3.972332775592803955e-01
8.147276639938354492e-01,-6.680048257112503052e-02
3.495707511901855469e-01,-6.092180497944355011e-03
-5.463715791702270508e-01,-7.657682299613952637e-01
-9.506304860115051270e-01,-1.940567791461944580e-01
-5.340604782104492188e-01,1.838354617357254028e-01
3.707453906536102295e-01,-3.021892309188842773e-01
3.696354925632476807e-01,3.758623003959655762e-01
-5.916031002998352051e-01,2.115112692117691040e-01
-2.779897153377532959e-01,5.671464800834655762e-01
4.077326357364654541e-01,-3.964839875698089600e-01
4.081678390502929688e-01,4.554742574691772461e-02
2.663525044918060303e-01,-1.549808531999588013e-01
7.506936788558959961e-02,3.331498056650161743e-02
-4.484314620494842529e-01,-7.618570923805236816e-01
2.247662693262100220e-01,1.802474707365036011e-01
9.038262069225311279e-02,8.795533180236816406e-01
-4.406426548957824707e-01,-7.388674020767211914e-01
1.176878139376640320e-01,-3.300001323223114014e-01
-5.109316706657409668e-01,-7.574210762977600098e-01
-5.004265904426574707e-01,-7.446410655975341797e-01
-6.140944361686706543e-01,-7.626831531524658203e-01
-6.036531925201416016e-01,-7.661694288253784180e-01
1.544269621372222900e-01,9.590029120445251465e-01
8.544746637344360352e-01,-8.350868523120880127e-02
-5.739089474081993103e-02,-9.603226929903030396e-02
7.319638729095458984e-01,1.100300066173076630e-02
2.230889052152633667e-01,6.058731079101562500e-01
6.123604774475097656e-01,2.282187342643737793e-01
-4.764208197593688965e-01,1.560247242450714111e-01
4.515995383262634277e-01,-4.313978254795074463e-01
1.858776658773422241e-01,9.705711007118225098e-01
-1.907525509595870972e-01,7.436118274927139282e-02
5.350231193006038666e-03,-5.311947464942932129e-01
4.343293011188507080e-01,6.388238817453384399e-02
2.756743729114532471e-01,-5.240750908851623535e-01
2.791577875614166260e-01,2.670655548572540283e-01
-4.365049302577972412e-01,-7.349746227264404297e-01
-9.196472764015197754e-01,-1.942885071039199829e-01
2.244554609060287476e-01,1.807790249586105347e-01
-3.321643173694610596e-01,3.757382929325103760e-01
6.123253703117370605e-01,2.282065302133560181e-01
4.304317831993103027e-01,-4.210622012615203857e-01
-6.141086220741271973e-01,-7.626770138740539551e-01
-6.378687620162963867e-01,-7.158257961273193359e-01
8.257208466529846191e-01,-8.032513409852981567e-02
1.494921892881393433e-01,9.567277431488037109e-01
2.115083783864974976e-01,9.566357731819152832e-01
-6.046503186225891113e-01,2.196287363767623901e-01
2.978967428207397461e-01,-1.772421896457672119e-01
8.474755883216857910e-01,-1.347115337848663330e-01
8.893396854400634766e-01,-1.227856799960136414e-01
-6.065322756767272949e-01,3.344733119010925293e-01
2.179593443870544434e-01,-2.044934779405593872e-02
-5.115239024162292480e-01,-7.488981485366821289e-01
-4.797952175140380859e-01,-7.319713830947875977e-01
-4.549944996833801270e-01,1.399735659360885620e-01
-5.570814609527587891e-01,1.950039267539978027e-01
-1.150288730859756470e-01,4.030869305133819580e-01
9.682828933000564575e-02,8.928756713867187500e-01
1.807707734405994415e-02,1.145526617765426636e-01
3.774966895580291748e-01,-1.411168184131383896e-02
-5.443578362464904785e-01,-7.705996036529541016e-01
-6.141389012336730957e-01,-7.626897096633911133e-01
3.627206683158874512e-01,-1.571579128503799438e-01
-3.980695307254791260e-01,-7.154517769813537598e-01
9.038240462541580200e-02,8.796242475509643555e-01
8.137118816375732422e-01,-6.642855703830718994e-02
-5.124412178993225098e-01,-3.839567005634307861e-01
-3.306457996368408203e-01,3.991482555866241455e-01
-2.780680060386657715e-01,5.676118731498718262e-01
-6.084551811218261719e-01,-7.647690176963806152e-01
1.702944934368133545e-01,1.769068688154220581e-01
-6.054456233978271484e-01,2.201365083456039429e-01
-1.050863489508628845e-01,4.011336863040924072e-01
8.970282971858978271e-02,8.779596686363220215e-01
8.781921863555908203e-01,-1.300288438796997070e-01
-3.159860372543334961e-01,1.129678338766098022e-01
2.626491189002990723e-01,5.473504662513732910e-01
1.990343630313873291e-01,9.719739556312561035e-01
2.239153385162353516e-01,1.367304921150207520e-01
1.894502639770507812e-01,1.473457664251327515e-01
4.347412884235382080e-01,2.752102315425872803e-01
1.117299869656562805e-01,2.540542185306549072e-01
-8.819583058357238770e-01,3.973102867603302002e-01
-4.049469232559204102e-01,-5.190600156784057617e-01
4.267608523368835449e-01,-4.149621129035949707e-01
-5.979921817779541016e-01,-7.676699161529541016e-01
1.259257197380065918e-01,9.265071749687194824e-01
-3.961745798587799072e-01,-5.099942684173583984e-01
4.398003220558166504e-01,3.180850148200988770e-01
2.110386788845062256e-01,7.694910764694213867e-01
1.566879004240036011e-01,8.294214606285095215e-01
8.240727782249450684e-01,-9.363488852977752686e-02
-4.557055830955505371e-01,-7.656667232513427734e-01
-5.589572787284851074e-01,-7.712926268577575684e-01
-5.613461732864379883e-01,-7.707163095474243164e-01
-4.680601358413696289e-01,1.648479104042053223e-01
-5.175880193710327148e-01,-7.695911526679992676e-01
1.494974941015243530e-01,9.567186236381530762e-01
-6.261855363845825195e-01,-6.028454303741455078e-01
2.074628472328186035e-01,9.631699919700622559e-01
8.256450891494750977e-01,-9.249227494001388550e-02
-6.140648722648620605e-01,-7.626993656158447266e-01
1.237042993307113647e-01,9.343122243881225586e-01
8.494654297828674316e-01,-1.171318516135215759e-01
-3.995504379272460938e-01,-7.177783250808715820e-01
-2.524800598621368408e-01,6.688327342271804810e-02
4.321206510066986084e-01,3.796614706516265869e-01
3.309017717838287354e-01,4.992698431015014648e-01
4.076206982135772705e-01,4.545392468571662903e-02
2.087365835905075073e-01,9.579018354415893555e-01
-3.865626752376556396e-01,-6.870101690292358398e-01
6.070027872920036316e-02,3.428611755371093750e-01
-3.693138957023620605e-01,-6.687002778053283691e-01
7.974568605422973633e-01,-2.198481746017932892e-02
-5.931936502456665039e-01,-7.682953476905822754e-01
5.614553093910217285e-01,-7.855798602104187012e-01
-6.058195233345031738e-01,2.211888879537582397e-01
2.753271907567977905e-02,1.298120468854904175e-01
1.172491833567619324e-01,7.959443926811218262e-01
2.232001274824142456e-01,1.798841059207916260e-01
4.347524046897888184e-01,1.054799556732177734e-01
-4.580623283982276917e-02,3.679083287715911865e-01
4.616285562515258789e-01,-4.333679378032684326e-01
2.039461880922317505e-01,-1.938121765851974487e-01
2.344108968973159790e-01,-1.837247610092163086e-01
-7.056269049644470215e-02,4.387215971946716309e-01
2.519303858280181885e-01,-4.861989989876747131e-02
8.235441446304321289e-01,-8.795628696680068970e-02
-6.753757596015930176e-01,-3.032264113426208496e-01
2.666002810001373291e-01,6.620565652847290039e-01
-5.817853212356567383e-01,-7.662868499755859375e-01
-3.584609031677246094e-01,1.486539989709854126e-01
2.408362776041030884e-01,1.556157022714614868e-01
-1.445027291774749756e-01,-3.136911094188690186e-01
-6.057326197624206543e-01,2.209818214178085327e-01
2.015585005283355713e-01,7.925249934196472168e-01
-5.654194951057434082e-01,1.959909498691558838e-01
4.776491224765777588e-01,-4.394809007644653320e-01
2.026921510696411133e-01,9.686917662620544434e-01
-6.032998561859130859e-01,-7.654595971107482910e-01
4.086934626102447510e-01,-1.411403878591954708e-03
-2.828215360641479492e-01,4.317693710327148438e-01
3.231716752052307129e-01,5.105386376380920410e-01
2.001184374094009399e-01,7.978776097297668457e-01
4.072628617286682129e-01,4.060046970844268799e-01
-4.437661767005920410e-01,1.365738213062286377e-01
1.494676470756530762e-01,9.566780328750610352e-01
5.614744424819946289e-01,-7.856107950210571289e-01
5.850886702537536621e-01,8.140794187784194946e-02
-6.056919097900390625e-01,2.210592180490493774e-01
6.288836002349853516e-01,8.146088570356369019e-02
3.906633853912353516e-01,-3.804039359092712402e-01
-2.780481874942779541e-01,5.669872760772705078e-01
-2.455846220254898071e-01,4.922539889812469482e-01
-2.782854437828063965e-01,5.672797560691833496e-01
-4.005459845066070557e-01,1.228317990899085999e-01
2.855920195579528809e-01,-1.170113235712051392e-01
1.434305459260940552e-01,9.515815377235412598e-01
4.683339595794677734e-01,-2.617697715759277344e-01
-6.052088141441345215e-01,2.202621102333068848e-01
1.797504872083663940e-01,1.526443064212799072e-01
-3.225491642951965332e-01,-3.928450345993041992e-01
8.046702146530151367e-01,-6.572497636079788208e-02
3.448207378387451172e-01,-1.301235519349575043e-02
2.134465426206588745e-01,7.451167106628417969e-01
-1.298086196184158325e-01,9.402208775281906128e-02
2.169010043144226074e-01,9.441955685615539551e-01
3.556718826293945312e-01,2.497007846832275391e-01
2.524196505546569824e-01,-4.822867363691329956e-02
8.895392417907714844e-01,-1.228843480348587036e-01
1.701193004846572876e-01,9.638588428497314453e-01
-9.620220214128494263e-02,-1.076477020978927612e-01
-3.035459518432617188e-01,-3.131487667560577393e-01
-4.009786248207092285e-01,-7.038845419883728027e-01
-5.683360099792480469e-01,1.977749317884445190e-01
-6.047024130821228027e-01,2.199299484491348267e-01
-6.420955061912536621e-01,-6.866658329963684082e-01
2.243073582649230957e-01,1.804190576076507568e-01
-6.036992669105529785e-01,-7.661138176918029785e-01
4.780474305152893066e-01,-4.395250976085662842e-01
-6.029122471809387207e-01,2.193439155817031860e-01
-2.777591049671173096e-01,5.654498338699340820e-01
3.165661692619323730e-01,1.052054241299629211e-01
1.132430285215377808e-01,8.948286175727844238e-01
9.046299755573272705e-02,8.797703981399536133e-01
-3.811541795730590820e-01,-6.765319108963012695e-01
-5.734531879425048828e-01,-7.717818021774291992e-01
7.575257420539855957e-01,4.786543175578117371e-02
-3.976657390594482422e-01,-7.159961462020874023e-01
-3.521701693534851074e-01,1.209751144051551819e-01
-2.771801948547363281e-01,5.680989027023315430e-01
-5.896546244621276855e-01,-7.688556313514709473e-01
3.186564445495605469e-01,1.220293566584587097e-01
7.764096260070800781e-01,-6.563091184943914413e-03
9.036432951688766479e-02,8.795763850212097168e-01
4.341543614864349365e-01,-4.126762151718139648e-01
-6.346712112426757812e-01,-7.289503812789916992e-01
4.748351275920867920e-01,-4.408544301986694336e-01
5.028778314590454102e-01,2.294044792652130127e-01
-4.011188149452209473e-01,1.226728111505508423e-01
-5.129797458648681641e-01,-7.508271932601928711e-01
-5.893793702125549316e-01,-7.695690393447875977e-01
-5.818050503730773926e-01,-7.692975997924804688e-01
1.249009147286415100e-01,4.924131184816360474e-02
8.747240900993347168e-01,-1.044409871101379395e-01
-3.392875492572784424e-01,1.013634428381919861e-01
7.781009078025817871e-01,-9.931243024766445160e-03
4.696875512599945068e-01,-2.977276444435119629e-01
-6.420887708663940430e-01,-6.867104768753051758e-01
-2.803945243358612061e-01,4.482075870037078857e-01
-4.879138469696044922e-01,-7.524459362030029297e-01
3.907556831836700439e-01,9.069475531578063965e-02
3.345747888088226318e-01,-2.249715328216552734e-01
-1.940179765224456787e-01,-2.755002379417419434e-01
-5.787777304649353027e-01,-7.709707617759704590e-01
2.289218306541442871e-01,8.758817911148071289e-01
-4.313248395919799805e-01,1.689158529043197632e-01
2.298067510128021240e-01,8.964899182319641113e-01
3.563689887523651123e-01,8.175843209028244019e-02
8.552896976470947266e-02,-2.917782664299011230e-01
9.037972986698150635e-02,8.795509338378906250e-01
5.433100089430809021e-02,-2.102293521165847778e-01
1.990558356046676636e-01,9.719460606575012207e-01
-4.858699738979339600e-01,-7.282609939575195312e-01
-1.821456700563430786e-01,-1.218092516064643860e-01
2.716871798038482666e-01,-5.207444429397583008e-01
-4.929066598415374756e-01,-7.422165274620056152e-01
-5.774018764495849609e-01,-7.704099416732788086e-01
2.401133328676223755e-01,7.166061401367187500e-01
-2.784744203090667725e-01,5.672704577445983887e-01
-4.078919291496276855e-01,-7.309699654579162598e-01
4.167852699756622314e-01,3.883412480354309082e-01
8.231369853019714355e-01,-7.946939766407012939e-02
4.708724021911621094e-01,-2.432516068220138550e-01
-4.003564417362213135e-01,-7.180615067481994629e-01
-6.051534414291381836e-01,2.199679315090179443e-01
