5.383274401538074017e-04 -5.710145458579063416e-03
7.280425634235143661e-04 -6.653388962149620056e-03
3.269622800871729851e-03 9.016674943268299103e-03
1.531853573396801949e-03 1.936441520228981972e-03
4.967179847881197929e-04 -3.930842503905296326e-03
5.004846025258302689e-04 -4.921547602862119675e-03
6.076506339013576508e-03 2.257071249186992645e-02
-4.943563835695385933e-04 -4.187714308500289917e-03
2.897823229432106018e-03 7.494217716157436371e-03
5.502515705302357674e-04 -3.499383572489023209e-03
4.893906880170106888e-03 1.723838970065116882e-02
3.672401362564414740e-04 -3.673244500532746315e-03
4.762175027281045914e-03 1.635787822306156158e-02
2.147659979527816176e-04 -4.490163642913103104e-03
4.837187007069587708e-03 1.666482351720333099e-02
5.251839756965637207e-04 -5.322984885424375534e-03
4.922476364299654961e-04 -3.628930309787392616e-03
4.531702026724815369e-03 1.514974515885114670e-02
3.991276316810399294e-04 -4.845236428081989288e-03
4.521501716226339340e-03 1.532976701855659485e-02
5.600881995633244514e-04 -3.477102844044566154e-03
6.253361236304044724e-03 2.285961993038654327e-02
-9.993227649829350412e-06 -2.979349810630083084e-03
3.034171182662248611e-03 8.541592396795749664e-03
6.147793028503656387e-04 -5.042554344981908798e-03
-1.962899696081876755e-04 -3.893104847520589828e-03
6.560729350894689560e-03 2.511918731033802032e-02
5.069398903287947178e-04 -3.407215466722846031e-03
7.811902323737740517e-04 -1.176960859447717667e-02
4.851249686907976866e-04 -3.527351422235369682e-03
5.627914797514677048e-04 -3.443472087383270264e-03
8.373107411898672581e-04 -1.164949126541614532e-02
5.277725285850465298e-04 -2.851968631148338318e-03
5.012844922021031380e-04 -4.038619808852672577e-03
-5.557595159189077094e-06 -2.695182105526328087e-03
5.708016688004136086e-04 -3.215011907741427422e-03
4.945333581417798996e-03 1.695176027715206146e-02
7.441978668794035912e-04 -9.207015857100486755e-03
4.498036287259310484e-04 -3.349035279825329781e-03
5.032091285102069378e-04 -4.247650969773530960e-03
-6.601788918487727642e-04 -3.191309049725532532e-03
5.200594896450638771e-04 -5.389865487813949585e-03
-3.302711993455886841e-04 -3.127747680991888046e-03
2.217013388872146606e-04 -2.913977019488811493e-03
1.958777866093441844e-04 -3.936635330319404602e-03
-8.056551218032836914e-02 1.561331469565629959e-02
7.300768047571182251e-04 -7.315704133361577988e-03
4.951488226652145386e-04 -5.235988181084394455e-03
4.961488302797079086e-03 1.697648502886295319e-02
4.638651735149323940e-04 -3.115635830909013748e-03
4.782432806678116322e-04 -2.700987737625837326e-03
4.619259561877697706e-04 -3.357636509463191032e-03
8.066209848038852215e-04 -1.024893298745155334e-02
6.323013221845030785e-04 -3.793406300246715546e-03
1.616325578652322292e-03 2.629621187224984169e-03
7.406761287711560726e-04 -7.326525170356035233e-03
4.058109770994633436e-04 -7.878637872636318207e-03
4.922198131680488586e-04 -3.614492714405059814e-03
3.059002570807933807e-03 8.360886946320533752e-03
6.033137906342744827e-04 -3.698216052725911140e-03
4.606196307577192783e-04 -3.837260650470852852e-03
5.666806246154010296e-04 -5.548914894461631775e-03
4.537331988103687763e-04 -3.800525562837719917e-03
2.727320133999455720e-05 -2.741369884461164474e-03
4.641451232600957155e-04 -9.308865293860435486e-03
-9.165727533400058746e-05 -2.656198106706142426e-03
-2.707744482904672623e-03 -2.721959725022315979e-03
-2.411338355159386992e-04 -2.933466108515858650e-03
2.152656525140628219e-04 -2.969075459986925125e-03
5.857549840584397316e-04 -3.137497464194893837e-03
6.870951619930565357e-04 -8.499853312969207764e-03
8.166726329363882542e-04 -9.192950092256069183e-03
4.104315012227743864e-04 -3.579027950763702393e-03
3.815949312411248684e-04 -2.681590383872389793e-03
4.370508249849081039e-03 1.461964566260576248e-02
1.631753752008080482e-03 2.108317334204912186e-03
2.247924421681091189e-04 -4.141757264733314514e-03
4.325768386479467154e-04 -3.498755861073732376e-03
5.342970835044980049e-04 -5.695030093193054199e-03
8.096078090602532029e-05 -3.075662767514586449e-03
5.587062914855778217e-04 -4.743775818496942520e-03
4.451200366020202637e-04 -4.732488654553890228e-03
4.605853173416107893e-04 -3.051947103813290596e-03
-1.129403826780617237e-03 -3.401663387194275856e-03
4.431405395735055208e-04 -3.910309635102748871e-03
7.502180524170398712e-04 -7.966382429003715515e-03
-6.546708755195140839e-04 -3.051601350307464600e-03
4.528340417891740799e-03 1.486311759799718857e-02
-2.862668130546808243e-03 -3.017748240381479263e-03
6.628208793699741364e-04 -7.468199823051691055e-03
5.409960285760462284e-04 -4.180671647191047668e-03
7.849267567507922649e-04 -1.120739895850419998e-02
7.648401660844683647e-04 -8.539612405002117157e-03
-7.507050759159028530e-04 -4.063597880303859711e-03
4.925937391817569733e-04 -3.726233728229999542e-03
7.928194827400147915e-04 -8.695509284734725952e-03
5.585007020272314548e-04 -5.908810999244451523e-03
5.192603450268507004e-03 1.844855770468711853e-02
5.114093073643743992e-04 -3.739160019904375076e-03
-2.298986801179125905e-04 -2.861986169591546059e-03
-3.030708467122167349e-04 -4.024181514978408813e-03
4.656370263546705246e-03 1.512336451560258865e-02
-2.729302505031228065e-04 -3.084373660385608673e-03
3.547015076037496328e-04 -2.794553525745868683e-03
5.101907299831509590e-04 -3.770820330828428268e-03
5.633097607642412186e-03 1.957765594124794006e-02
1.127651543356478214e-03 -1.799862831830978394e-02
5.251787370070815086e-04 -4.393137991428375244e-03
6.652596639469265938e-04 -6.221641320735216141e-03
7.680574781261384487e-04 -8.123690262436866760e-03
5.758102517575025558e-03 2.154917456209659576e-02
4.391222610138356686e-04 -5.281920079141855240e-03
5.253160488791763783e-04 -3.147234674543142319e-03
-2.844198374077677727e-03 -2.865290036424994469e-03
7.470312993973493576e-04 -1.095074601471424103e-02
5.970881320536136627e-03 2.202050574123859406e-02
4.783894692081958055e-04 -3.879913361743092537e-03
4.294778336770832539e-04 -5.084845703095197678e-03
1.639487571083009243e-03 2.115444745868444443e-03
6.617849576286971569e-04 -6.624822970479726791e-03
4.833941638935357332e-04 -1.742350985296070576e-03
4.199525865260511637e-04 -3.698413958773016930e-03
3.834507195279002190e-03 1.222687121480703354e-02
3.291821922175586224e-04 -3.485696855932474136e-03
5.230640526860952377e-04 -4.041838459670543671e-03
-1.823982223868370056e-03 -3.695743856951594353e-03
4.992019385099411011e-04 -5.374467931687831879e-03
-3.939891234040260315e-03 -2.618245780467987061e-03
7.477856124751269817e-04 -2.860486740246415138e-03
3.395766485482454300e-03 9.630808606743812561e-03
5.166963092051446438e-04 -4.948495421558618546e-03
1.218361663632094860e-03 -1.915782503783702850e-02
3.778284881263971329e-03 1.141369901597499847e-02
4.329840186983346939e-03 1.410204172134399414e-02
5.211444571614265442e-03 1.851704902946949005e-02
1.915750326588749886e-04 -2.564157824963331223e-03
4.739702271763235331e-04 -3.828758373856544495e-03
7.856186130084097385e-04 -8.519832976162433624e-03
4.528147401288151741e-04 -3.502167761325836182e-03
1.098767155781388283e-03 -1.751736737787723541e-02
3.420689026825129986e-04 -3.681232221424579620e-03
5.145232426002621651e-04 -3.640979295596480370e-03
5.172176170162856579e-04 -3.686808515340089798e-03
-2.736035385169088840e-04 -4.465376492589712143e-03
6.883629830554127693e-04 -9.614394977688789368e-03
5.877673625946044922e-03 2.156416513025760651e-02
4.766792408190667629e-04 -3.528821282088756561e-03
-6.124375504441559315e-04 -3.176543395966291428e-03
8.041033288463950157e-04 -1.984638627618551254e-03
-6.106315413489937782e-04 -3.979177679866552353e-03
5.597470444627106190e-04 -4.156681708991527557e-03
6.428543129004538059e-04 -4.150087945163249969e-03
2.366638043895363808e-03 4.935008939355611801e-03
5.714024300687015057e-04 -3.646237775683403015e-03
4.515158652793616056e-04 -3.388949902728199959e-03
-9.406515746377408504e-04 -3.193110693246126175e-03
5.113691091537475586e-03 1.823825947940349579e-02
3.855850081890821457e-03 1.266003213822841644e-02
4.554905463010072708e-04 -4.262325819581747055e-03
-7.436755113303661346e-04 -2.935917815193533897e-03
3.308605519123375416e-04 -3.771767718717455864e-03
2.842740505002439022e-04 -3.761934349313378334e-03
-7.779850275255739689e-04 -3.310857340693473816e-03
8.473288617096841335e-04 -9.392465464770793915e-03
4.745518672280013561e-04 -3.135313512757420540e-03
4.670529451686888933e-04 -3.651859238743782043e-03
4.155112255830317736e-04 -3.672717139124870300e-03
-1.147074275650084019e-03 -3.243980463594198227e-03
7.573901093564927578e-04 -8.754870854318141937e-03
3.107602533418685198e-04 -2.565927803516387939e-03
5.543598905205726624e-03 2.047970518469810486e-02
5.209140479564666748e-03 1.800884865224361420e-02
4.946811241097748280e-04 -3.547252854332327843e-03
5.799860809929668903e-04 -3.432315308600664139e-03
-7.195970392785966396e-04 -2.965189982205629349e-03
7.092100568115711212e-04 -3.303859615698456764e-03
6.131127011030912399e-04 -4.250585567206144333e-03
5.121147842146456242e-04 -5.318671930581331253e-03
4.863202339038252831e-04 -5.044258665293455124e-03
4.769291263073682785e-03 1.631160639226436615e-02
8.833051833789795637e-05 -3.382506547495722771e-03
-4.380085156299173832e-04 -2.854431513696908951e-03
4.697088152170181274e-04 -3.764854278415441513e-03
4.323916800785809755e-04 -3.905208548530936241e-03
5.824412684887647629e-03 2.181831374764442444e-02
5.502878339029848576e-04 -3.470215946435928345e-03
9.277951903641223907e-05 -2.890954259783029556e-03
5.060031544417142868e-03 1.792362518608570099e-02
5.353232263587415218e-04 -3.067358164116740227e-03
7.401846232824027538e-04 -8.058643899857997894e-03
4.760559822898358107e-04 -3.379182191565632820e-03
-7.002335786819458008e-02 1.274348609149456024e-02
5.004352424293756485e-04 -2.859355183318257332e-03
6.235081702470779419e-03 2.363521233201026917e-02
3.995408187620341778e-04 -2.937983721494674683e-03
6.363983731716871262e-03 2.402809448540210724e-02
3.805182932410389185e-04 -4.123250022530555725e-03
4.861814668402075768e-04 -3.306475235149264336e-03
2.685546642169356346e-04 -2.316057216376066208e-03
-1.451872638426721096e-03 -3.353980835527181625e-03
4.556740750558674335e-04 -3.812801092863082886e-03
7.049178821034729481e-04 -3.071597078815102577e-03
-4.036117752548307180e-05 -2.879851264879107475e-03
4.544655967038124800e-04 -3.466453636065125465e-03
4.558464861474931240e-04 -3.263975260779261589e-03
7.804653723724186420e-04 -1.118997205048799515e-02
5.589472712017595768e-04 -3.733977675437927246e-03
-8.799814386293292046e-04 -3.770177951082587242e-03
1.077382825314998627e-03 -7.741393055766820908e-04
3.277332987636327744e-03 9.341157972812652588e-03
2.186547266319394112e-03 4.304032772779464722e-03
4.500727518461644650e-04 -3.857079427689313889e-03
5.671397666446864605e-04 -2.979592187330126762e-03
5.330852582119405270e-04 -3.436936996877193451e-03
5.323060788214206696e-03 1.893179863691329956e-02
4.592320416122674942e-03 1.508100237697362900e-02
5.440253298729658127e-03 1.972766779363155365e-02
-8.201368898153305054e-02 1.585729606449604034e-02
5.527560715563595295e-04 -4.345225170254707336e-03
5.791835137642920017e-04 -3.841541940346360207e-03
2.555076498538255692e-03 5.520117934793233871e-03
1.173164113424718380e-03 -1.776830665767192841e-02
-1.733474084176123142e-03 -3.021565498784184456e-03
8.126841858029365540e-04 -1.206668093800544739e-02
3.465002228040248156e-04 -4.352497402578592300e-03
2.001320244744420052e-03 3.107241820544004440e-03
-1.131143653765320778e-03 -3.412163583561778069e-03
4.798690322786569595e-03 1.671588420867919922e-02
3.920910821761935949e-04 -4.139972385019063950e-03
5.154781392775475979e-04 -3.289094893261790276e-03
6.504559423774480820e-04 -6.026576273143291473e-03
4.425215302035212517e-04 -3.969894256442785263e-03
4.404897917993366718e-04 -2.589060226455330849e-03
5.614633555524051189e-04 -3.567525185644626617e-03
2.838911605067551136e-04 -3.275920636951923370e-03
7.785109919495880604e-04 -8.245043456554412842e-03
4.996657837182283401e-03 1.701366156339645386e-02
-1.684612827375531197e-03 -3.036383073776960373e-03
2.396746538579463959e-03 5.028044339269399643e-03
1.582765486091375351e-03 2.788537414744496346e-03
7.753486279398202896e-04 -1.066368538886308670e-02
6.006334908306598663e-03 2.221476100385189056e-02
-5.996641702950000763e-04 -4.007301758974790573e-03
6.639551720581948757e-04 -6.179478950798511505e-03
1.160824671387672424e-03 -1.839901693165302277e-02
-7.686078315600752831e-04 -2.937617246061563492e-03
-9.845518507063388824e-04 -4.123669117689132690e-03
4.497228364925831556e-04 -2.780137350782752037e-03
5.979840643703937531e-03 2.236885949969291687e-02
5.019863019697368145e-04 -3.913362044841051102e-03
6.584701477549970150e-04 -6.031364668160676956e-03
5.532680545002222061e-03 1.989782042801380157e-02
5.193431279622018337e-04 -5.414734128862619400e-03
-8.200650662183761597e-02 1.589239947497844696e-02
1.198468846268951893e-03 -1.851177588105201721e-02
7.758522406220436096e-04 -9.153200313448905945e-03
5.515849334187805653e-04 -5.138006061315536499e-03
1.244113518623635173e-04 -2.750933403149247169e-03
5.363960517570376396e-04 -3.607836551964282990e-03
4.637332167476415634e-03 1.577799767255783081e-02
5.803918465971946716e-04 -3.604192752391099930e-03
3.777600068133324385e-04 -2.776633016765117645e-03
4.614242818206548691e-03 1.547076553106307983e-02
6.650458672083914280e-04 -2.197936410084366798e-03
-6.633372977375984192e-04 -3.921513911336660385e-03
-2.500315895304083824e-04 -3.889770247042179108e-03
7.680564885959029198e-04 -1.136389374732971191e-02
-1.141549320891499519e-03 -2.998053794726729393e-03
-3.078029840253293514e-04 -4.320605657994747162e-03
1.196951139718294144e-03 -1.825411245226860046e-02
4.578670486807823181e-04 -3.720860928297042847e-03
4.903711960650980473e-04 -3.214991418644785881e-03
3.304951824247837067e-04 -3.739205421879887581e-03
7.030836772173643112e-03 2.703429386019706726e-02
7.598961237818002701e-04 -1.027847547084093094e-02
4.006603558082133532e-04 -3.637651447206735611e-03
7.628491148352622986e-04 -1.105608046054840088e-02
4.353034310042858124e-04 -2.862739609554409981e-03
4.175824287813156843e-04 -3.992164507508277893e-03
7.574782939627766609e-04 -7.850094698369503021e-03
2.882524859160184860e-04 -3.883988829329609871e-03
-4.434415604919195175e-04 -3.134630387648940086e-03
8.614307444076985121e-05 -3.111408092081546783e-03
4.174764908384531736e-04 -3.669485216960310936e-03
9.783438872545957565e-04 -1.350775640457868576e-02
3.354792424943298101e-04 -3.581201890483498573e-03
5.285534425638616085e-04 -1.822524587623775005e-03
8.022989495657384396e-04 -1.156560331583023071e-02
4.203527641948312521e-04 -3.587020095437765121e-03
5.173005629330873489e-04 -4.080788232386112213e-03
4.535863699857145548e-04 -2.837812295183539391e-03
-2.234299608971923590e-05 -4.124280065298080444e-03
3.171877324348315597e-05 -3.042107913643121719e-03
3.386852797120809555e-03 9.663403965532779694e-03
7.480389904230833054e-04 -1.112084742635488510e-02
6.301334593445062637e-03 2.407409437000751495e-02
3.428235359024256468e-04 -3.650532104074954987e-03
-7.594356429763138294e-04 -3.059507580474019051e-03
7.771319942548871040e-04 -1.138069666922092438e-02
-4.681610153056681156e-04 -4.245425574481487274e-03
7.604488055221736431e-04 -8.527377620339393616e-03
5.804621614515781403e-04 -3.607501974329352379e-03
8.543949807062745094e-04 -1.218418404459953308e-02
3.977836575359106064e-03 1.245279330760240555e-02
5.664282012730836868e-03 2.044548094272613525e-02
4.933252930641174316e-04 -3.959463443607091904e-03
3.264007391408085823e-03 9.358662180602550507e-03
5.762365180999040604e-04 -2.727868733927607536e-03
3.516073571518063545e-03 1.047040428966283798e-02
1.479812897741794586e-03 1.469611888751387596e-03
6.558843306265771389e-04 -2.335174474865198135e-03
6.662339437752962112e-03 2.556944824755191803e-02
7.271331269294023514e-04 -7.546765264123678207e-03
4.369761445559561253e-04 -3.034744877368211746e-03
3.135010134428739548e-03 9.448170661926269531e-03
-3.052463056519627571e-03 -3.010334679856896400e-03
5.651072133332490921e-04 -3.524715080857276917e-03
-2.377659438934642822e-05 -3.067633602768182755e-03
4.151190805714577436e-04 -3.654521191492676735e-03
6.313183112069964409e-04 -4.219272173941135406e-03
4.889704869128763676e-04 -5.092585925012826920e-03
-9.964064229279756546e-04 -2.948693232610821724e-03
6.594207952730357647e-04 -6.023155525326728821e-03
7.636937662027776241e-04 -8.854298852384090424e-03
6.058183498680591583e-04 -3.639660077169537544e-03
6.740585668012499809e-04 -6.473813205957412720e-03
4.490036983042955399e-03 1.548263337463140488e-02
6.096978322602808475e-04 -3.594249719753861427e-03
5.302039440721273422e-03 1.908677257597446442e-02
4.293081816285848618e-03 1.381962839514017105e-02
-9.079183219000697136e-04 -3.246486652642488480e-03
3.563377540558576584e-04 -3.709903452545404434e-03
2.034305362030863762e-04 -3.242384875193238258e-03
4.754670371767133474e-04 -3.900733543559908867e-03
3.401412395760416985e-03 1.063795667141675949e-02
5.950346123427152634e-03 2.222426608204841614e-02
5.542120779864490032e-04 -3.662309842184185982e-03
1.233789138495922089e-03 -1.922076195478439331e-02
-1.853231369750574231e-04 -2.903345972299575806e-03
5.225752247497439384e-04 -3.155390033498406410e-03
8.868813165463507175e-04 -1.279018912464380264e-02
7.667070021852850914e-04 -9.936364367604255676e-03
5.460269167087972164e-04 -5.500022321939468384e-03
6.713404582114890218e-05 -4.061503335833549500e-03
-1.780248858267441392e-04 -2.654082840308547020e-03
3.666100383270531893e-04 -3.760027699172496796e-03
7.300646393559873104e-04 -7.998890243470668793e-03
4.452895664144307375e-04 -3.412180347368121147e-03
6.336973048746585846e-03 2.386172674596309662e-02
5.240885075181722641e-04 -3.941906616091728210e-03
2.641238970682024956e-03 6.052119657397270203e-03
7.626465521752834320e-04 -1.099452562630176544e-02
3.395825042389333248e-04 -3.835398936644196510e-03
1.628435798920691013e-03 1.841164776124060154e-03
4.080038634128868580e-04 -4.267524927854537964e-03
4.996552015654742718e-04 -5.299580283463001251e-03
7.448425749316811562e-04 -6.920371670275926590e-03
7.593751652166247368e-04 -7.603215519338846207e-03
5.588893545791506767e-04 -4.195247776806354523e-03
4.097544297110289335e-04 -3.513339208438992500e-03
5.374132888391613960e-04 -3.461855696514248848e-03
3.615768393501639366e-03 1.083446107804775238e-02
6.657932884991168976e-03 2.553041651844978333e-02
4.866391420364379883e-03 1.657067053020000458e-02
4.053949087392538786e-04 -3.632679115980863571e-03
-7.367526995949447155e-04 -3.013155888766050339e-03
4.177201539278030396e-03 1.327248290181159973e-02
3.723182599060237408e-04 -3.755135927349328995e-03
6.527486839331686497e-04 -6.711030378937721252e-03
3.350326442159712315e-04 -3.567198989912867546e-03
5.197853897698223591e-04 -4.138089716434478760e-03
5.278046010062098503e-04 -3.560226643458008766e-03
5.730001721531152725e-04 -2.901781583204865456e-03
-1.970929006347432733e-04 -4.127129912376403809e-03
4.779645823873579502e-04 -3.747561248019337654e-03
5.642987671308219433e-04 -3.627700731158256531e-03
2.001110231503844261e-03 2.919351216405630112e-03
4.580589593388140202e-04 -3.620147937908768654e-03
3.986731753684580326e-04 -3.820332000032067299e-03
5.189033108763396740e-04 -5.445269867777824402e-03
-7.498090271838009357e-04 -3.206292632967233658e-03
7.414250285364687443e-04 -8.264009840786457062e-03
8.853874169290065765e-04 -1.309596374630928040e-02
4.092575691174715757e-04 -3.715258091688156128e-03
5.448012962006032467e-04 -3.233981784433126450e-03
3.939446061849594116e-03 1.254275068640708923e-02
6.650856230407953262e-03 2.561103925108909607e-02
6.082637701183557510e-04 -4.236135631799697876e-03
-6.285225600004196167e-02 1.104406174272298813e-02
5.172997480258345604e-04 -5.522367544472217560e-03
4.901694133877754211e-03 1.732312329113483429e-02
4.845333169214427471e-04 -3.003701800480484962e-03
5.817923229187726974e-04 -3.620672738179564476e-03
-6.182947254274040461e-05 -4.101729486137628555e-03
3.312356420792639256e-04 -3.553105751052498817e-03
3.619264170993119478e-04 -4.132199101150035858e-03
4.823263268917798996e-03 1.676594279706478119e-02
2.701654331758618355e-03 4.936104174703359604e-03
-5.042280463385395706e-05 -3.144325921311974525e-03
-2.116516930982470512e-03 -3.463472472503781319e-03
7.642430136911571026e-04 -1.113355532288551331e-02
6.915451027452945709e-03 2.629056386649608612e-02
7.043777150101959705e-04 -6.963872816413640976e-03
7.728583295829594135e-04 -8.477701805531978607e-03
1.135878148488700390e-03 -1.811405830085277557e-02
5.271951522445306182e-05 -3.077003173530101776e-03
5.168779753148555756e-04 -4.959341604262590408e-03
2.229059173259884119e-04 -3.141935216262936592e-03
3.326449659653007984e-04 -4.285299219191074371e-03
4.677886900026351213e-04 -3.470916766673326492e-03
3.271266119554638863e-03 9.145908989012241364e-03
1.209794078022241592e-03 -1.888524554669857025e-02
-1.068268553353846073e-03 -3.091632388532161713e-03
5.850271554663777351e-04 -3.903337987139821053e-03
4.809388483408838511e-04 -3.793371608480811119e-03
-6.921511958353221416e-04 -2.878886880353093147e-03
7.739164284430444241e-04 -8.126214146614074707e-03
5.929047241806983948e-03 2.231084369122982025e-02
5.643153563141822815e-03 2.128428034484386444e-02
7.374139968305826187e-04 -8.092951029539108276e-03
-7.920324802398681641e-02 1.529259514063596725e-02
1.449535833671689034e-03 1.377862994559109211e-03
1.128256437368690968e-03 -1.625094749033451080e-02
4.501469375099986792e-04 -3.657516324892640114e-03
6.266474258154630661e-03 2.290487289428710938e-02
4.806481767445802689e-03 1.639182679355144501e-02
1.744768524076789618e-04 -3.110831836238503456e-03
5.211977404542267323e-04 -3.842875361442565918e-03
4.902576562017202377e-03 1.697277091443538666e-02
-4.937252379022538662e-04 -3.248949768021702766e-03
2.431204542517662048e-03 5.745104048401117325e-03
6.193724111653864384e-04 -5.568589549511671066e-03
5.078821559436619282e-04 -3.347314428538084030e-03
6.184946279972791672e-03 2.376676350831985474e-02
4.656416713260114193e-04 -5.124648101627826691e-03
1.722626853734254837e-03 2.454295987263321877e-03
7.866877131164073944e-04 -8.170620538294315338e-03
6.329561118036508560e-03 2.433167397975921631e-02
4.845868679694831371e-04 -3.988935146480798721e-03
-8.949652314186096191e-02 1.728256605565547943e-02
-4.199883842375129461e-04 -4.214991815388202667e-03
-1.439460174879059196e-04 -3.240800695493817329e-03
5.865402636118233204e-04 -4.714234266430139542e-03
8.050265023484826088e-04 -1.042733527719974518e-02
5.787759437225759029e-04 -4.372663795948028564e-03
7.282232400029897690e-04 -7.760904729366302490e-03
7.075677276588976383e-04 -6.954139564186334610e-03
1.189360860735177994e-03 -1.808125525712966919e-02
6.602871580980718136e-04 -6.266582757234573364e-03
8.168959175236523151e-04 -9.070163592696189880e-03
3.335295012220740318e-03 1.028269995003938675e-02
3.400939982384443283e-03 1.027373131364583969e-02
5.177315324544906616e-04 -3.978671040385961533e-03
-5.325174331665039062e-02 9.128765203058719635e-03
4.831299302168190479e-04 -3.890880616381764412e-03
4.665955784730613232e-04 -3.501277416944503784e-03
4.032975120935589075e-04 -3.499543759971857071e-03
1.817781361751258373e-03 2.517505083233118057e-03
8.353329030796885490e-04 -9.577555581927299500e-03
1.821279875002801418e-03 2.665941603481769562e-03
4.121283127460628748e-04 -3.093407489359378815e-03
6.214697379618883133e-03 2.380833402276039124e-02
4.294692073017358780e-03 1.376115530729293823e-02
3.011853259522467852e-04 -2.724891528487205505e-03
6.906324531883001328e-03 2.655350603163242340e-02
-2.674339157238136977e-05 -2.897144062444567680e-03
-8.279947214759886265e-04 -2.932183910161256790e-03
7.450270932167768478e-04 -8.510929532349109650e-03
3.314557834528386593e-04 -3.736768383532762527e-03
4.675676755141466856e-04 -4.304127767682075500e-03
3.875618800520896912e-03 1.173286698758602142e-02
5.683641647920012474e-04 -3.597242059186100960e-03
5.422468530014157295e-04 -5.794150289148092270e-03
5.053606582805514336e-04 -4.073836375027894974e-03
5.751484422944486141e-04 -6.071802228689193726e-03
4.456630558706820011e-04 -2.441182732582092285e-03
1.259093056432902813e-03 -1.915662549436092377e-02
1.015911228023469448e-03 -1.627288572490215302e-02
5.941415205597877502e-03 2.217538468539714813e-02
7.510742289014160633e-04 -7.823618128895759583e-03
4.265868919901549816e-04 -3.980941139161586761e-03
4.770111117977648973e-04 -5.543725099414587021e-03
-6.009588250890374184e-04 -3.082234878093004227e-03
5.912998691201210022e-03 2.242607809603214264e-02
2.970776055008172989e-03 5.560470744967460632e-03
4.814793355762958527e-04 -3.433200530707836151e-03
4.647310415748506784e-04 -3.258307464420795441e-03
6.514789070934057236e-03 2.499401196837425232e-02
6.095486227422952652e-03 2.262900024652481079e-02
5.684220232069492340e-03 2.100839838385581970e-02
5.601653247140347958e-04 -5.747905932366847992e-03
-1.681967696640640497e-04 -3.930835984647274017e-03
4.201011324767023325e-04 -5.568557418882846832e-03
4.836938751395791769e-04 -4.213818814605474472e-03
1.540466793812811375e-03 1.174005563370883465e-03
8.734623552300035954e-04 -1.015690434724092484e-02
4.535025800578296185e-04 -3.727400675415992737e-03
5.588818457908928394e-04 -4.080408252775669098e-03
5.718145257560536265e-05 -3.258541924878954887e-03
4.606045316904783249e-03 1.573520712554454803e-02
8.521885611116886139e-04 -1.527296495623886585e-03
5.310325883328914642e-03 1.853409409523010254e-02
4.979218356311321259e-04 -3.463387722149491310e-03
-9.726842981763184071e-04 -4.215590190142393112e-03
6.588101387023925781e-04 -4.279031883925199509e-03
3.744717978406697512e-04 -3.678275737911462784e-03
6.154887523734942079e-05 -3.208220703527331352e-03
-5.435508117079734802e-02 9.246826171875000000e-03
4.896156606264412403e-04 -3.798796795308589935e-03
5.645877681672573090e-04 -3.499079495668411255e-03
4.255786072462797165e-03 1.459900569170713425e-02
5.242066690698266029e-04 -3.902101423591375351e-03
7.723807939328253269e-04 -1.125118508934974670e-02
5.110010388307273388e-04 -3.442963352426886559e-03
5.443982081487774849e-04 -3.631590865552425385e-03
5.273866117931902409e-04 -5.626181140542030334e-03
6.269344594329595566e-03 2.260512486100196838e-02
4.527120036073029041e-04 -3.477703547105193138e-03
4.652838397305458784e-04 -3.204441163688898087e-03
-6.270653009414672852e-02 1.105005573481321335e-02
5.261615733616054058e-04 -5.617107730358839035e-03
6.565042305737733841e-03 2.518389374017715454e-02
1.985467388294637203e-04 -3.442656947299838066e-03
7.938198396004736423e-04 -9.778640232980251312e-03
7.911121356301009655e-04 -9.068734943866729736e-03
5.666122888214886189e-04 -3.370831720530986786e-03
6.605782546103000641e-03 2.526853419840335846e-02
4.108575172722339630e-03 1.322334446012973785e-02
-1.419754553353413939e-04 -4.166267346590757370e-03
8.663958287797868252e-04 -1.068841293454170227e-02
1.235617091879248619e-03 -1.878873072564601898e-02
-2.092745125992223620e-04 -4.189951810985803604e-03
7.868853863328695297e-04 -1.023501995950937271e-02
5.865764687769114971e-04 -3.095302032306790352e-03
1.615695509826764464e-04 -2.491961000487208366e-03
5.840809899382293224e-04 -4.032927565276622772e-03
3.949758247472345829e-04 -3.976988140493631363e-03
4.070920404046773911e-04 -3.239455400034785271e-03
-1.752282514644321054e-05 -3.259446471929550171e-03
4.315189085900783539e-03 1.385127753019332886e-02
4.956710617989301682e-04 -5.145088303834199905e-03
5.702208145521581173e-04 -4.420393612235784531e-03
5.349643528461456299e-03 1.896221935749053955e-02
-6.535217165946960449e-02 1.156800240278244019e-02
6.155514856800436974e-04 -4.094629082828760147e-03
5.437050946056842804e-03 1.957652159035205841e-02
7.190675241872668266e-04 -8.453869260847568512e-03
6.478907074779272079e-03 2.468552067875862122e-02
4.828652599826455116e-04 -3.825615160167217255e-03
5.303894635289907455e-03 1.815309934318065643e-02
3.755103796720504761e-03 1.148976758122444153e-02
3.965715877711772919e-04 -3.075322136282920837e-03
4.677991673815995455e-04 -3.769438713788986206e-03
5.653963889926671982e-04 -3.724467009305953979e-03
4.871352575719356537e-03 1.665047742426395416e-02
4.877781495451927185e-03 1.736754365265369415e-02
1.714924233965575695e-03 1.890354789793491364e-03
5.067999474704265594e-03 1.793361082673072815e-02
1.306386693613603711e-04 -3.803182393312454224e-03
6.041221320629119873e-03 2.215203829109668732e-02
3.654089523479342461e-04 -3.428411437198519707e-03
4.487969272304326296e-04 -3.975115716457366943e-03
5.989158060401678085e-03 2.229231037199497223e-02
5.076459492556750774e-04 -3.412312595173716545e-03
6.728735286742448807e-03 2.587831392884254456e-02
3.525681968312710524e-04 -3.484400920569896698e-03
6.344426888972520828e-03 2.418937347829341888e-02
3.559478791430592537e-04 -3.670690348371863365e-03
3.481257299426943064e-04 -4.110287409275770187e-03
6.640249048359692097e-04 -6.121434736996889114e-03
7.514327880926430225e-04 -9.980846196413040161e-03
9.353528730571269989e-04 -1.186401676386594772e-02
2.889162395149469376e-03 5.403121467679738998e-03
4.894721787422895432e-03 1.741674356162548065e-02
5.767534603364765644e-04 -3.934957087039947510e-03
4.441080673132091761e-04 -3.778709331527352333e-03
4.832490812987089157e-03 1.681390963494777679e-02
5.495715304277837276e-04 -3.920488990843296051e-03
3.888269653543829918e-03 1.198958326131105423e-02
5.318709649145603180e-03 1.892164535820484161e-02
4.233117506373673677e-04 -3.573278430849313736e-03
5.441171582788228989e-03 1.977871172130107880e-02
4.824738483875989914e-03 1.617479324340820312e-02
4.912828444503247738e-04 -4.689185880124568939e-03
3.349791222717612982e-04 -3.638863563537597656e-03
5.068993777967989445e-04 -4.138413351029157639e-03
-8.283873903565108776e-04 -3.616377245634794235e-03
-5.142683163285255432e-02 8.413881063461303711e-03
4.506091354414820671e-04 -3.714028978720307350e-03
7.574885385110974312e-04 -7.667457219213247299e-03
4.995166091248393059e-04 -2.938822144642472267e-03
7.143080583773553371e-04 -7.747727446258068085e-03
5.751642747782170773e-04 -3.136596642434597015e-03
7.459312328137457371e-04 -8.568935096263885498e-03
4.234010702930390835e-04 -3.552723675966262817e-03
6.104173371568322182e-04 -5.024650599807500839e-03
7.511300500482320786e-04 -8.483429439365863800e-03
7.465933449566364288e-04 -8.086461573839187622e-03
4.611268814187496901e-04 -3.772880882024765015e-03
5.696543958038091660e-04 -4.142628517001867294e-03
1.222878112457692623e-03 -1.852913759648799896e-02
4.725238541141152382e-04 -3.665674710646271706e-03
3.594280860852450132e-04 -3.543082624673843384e-03
7.454979931935667992e-04 -8.117004297673702240e-03
3.824284940492361784e-04 -4.266020841896533966e-03
9.107284859055653214e-05 -3.517796285450458527e-03
1.663220231421291828e-03 2.026307396590709686e-03
3.562030615285038948e-04 -3.017078852280974388e-03
5.222699837759137154e-04 -2.562735695391893387e-03
3.604648634791374207e-03 1.104889996349811554e-02
5.559928249567747116e-04 -2.139430260285735130e-03
4.574166669044643641e-04 -4.853984806686639786e-03
6.854700855910778046e-03 2.638373896479606628e-02
7.705368334427475929e-04 -8.010019548237323761e-03
5.489333998411893845e-04 -3.936484456062316895e-03
7.311415392905473709e-04 -8.513998240232467651e-03
4.558172076940536499e-04 -5.212384276092052460e-03
5.519138649106025696e-04 -5.863491445779800415e-03
7.712401566095650196e-04 -1.133108977228403091e-02
-8.775025344220921397e-05 -2.896969206631183624e-03
4.839528352022171021e-03 1.635967195034027100e-02
3.742721164599061012e-04 -3.836570307612419128e-03
5.138519220054149628e-03 1.822072640061378479e-02
-7.562572509050369263e-02 1.452859770506620407e-02
5.401879898272454739e-04 -2.951624570414423943e-03
4.667690081987529993e-04 -3.602122655138373375e-03
6.873711245134472847e-04 -7.720357272773981094e-03
7.485009846277534962e-04 -7.870038971304893494e-03
4.393814131617546082e-03 1.454356778413057327e-02
-1.234255498275160789e-03 -3.206444904208183289e-03
6.030488875694572926e-04 -4.205675330013036728e-03
4.780731687787920237e-04 -3.856661729514598846e-03
5.346342222765088081e-04 -4.394850693643093109e-03
7.404679199680685997e-04 -8.553227409720420837e-03
4.321620333939790726e-03 1.480393018573522568e-02
7.496945327147841454e-04 -1.056684274226427078e-02
4.446241946425288916e-04 -3.608178114518523216e-03
6.700037512928247452e-03 2.511764690279960632e-02
-1.690586679615080357e-03 -2.956016454845666885e-03
4.727109917439520359e-04 -3.771319519728422165e-03
-1.000557327643036842e-03 -3.423757385462522507e-03
5.696763284504413605e-03 2.088351547718048096e-02
5.351941217668354511e-04 -3.356243483722209930e-03
3.755352692678570747e-03 1.181961316615343094e-02
4.540796217042952776e-04 -3.697833744809031487e-03
9.710683370940387249e-04 -1.556795649230480194e-02
3.378016117494553328e-04 -3.020721487700939178e-03
7.659785333089530468e-04 -8.330171927809715271e-03
2.616094134282320738e-04 -3.026521299034357071e-03
7.250201888382434845e-04 -1.056535076349973679e-02
5.598935531452298164e-04 -3.800818696618080139e-03
5.925407167524099350e-04 -4.104095511138439178e-03
5.889885593205690384e-03 2.244310081005096436e-02
4.827268712688237429e-04 -5.108747631311416626e-03
5.738866748288273811e-04 -4.005355294793844223e-03
-8.254258334636688232e-02 1.598854921758174896e-02
9.558984893374145031e-04 -1.369187724776566029e-03
4.886957467533648014e-04 -2.535445149987936020e-03
8.565266762161627412e-05 -2.933834213763475418e-03
7.965796394273638725e-04 -1.034860499203205109e-02
-1.237111428054049611e-04 -3.073708387091755867e-03
6.975599681027233601e-04 -6.100588012486696243e-03
4.525688418652862310e-04 -3.494078060612082481e-03
4.626140289474278688e-04 -3.726990660652518272e-03
4.003515059594064951e-04 -2.808612305670976639e-03
8.008260047063231468e-04 -8.731174282729625702e-03
5.077950190752744675e-04 -5.300559569150209427e-03
-9.830501221586018801e-05 -2.896466990932822227e-03
1.156712314696051180e-04 -3.228406421840190887e-03
5.212253890931606293e-04 -5.499697290360927582e-03
3.643753298092633486e-04 -5.100624170154333115e-03
6.322092958725988865e-04 -3.852929687127470970e-03
7.426619995385408401e-04 -1.094907801598310471e-02
8.074446232058107853e-04 -1.161440461874008179e-02
4.833643324673175812e-04 -5.317752715200185776e-03
4.892012802883982658e-04 -3.639998845756053925e-03
5.570366047322750092e-04 -5.934446584433317184e-03
5.026349681429564953e-04 -5.315310321748256683e-03
5.929015460424125195e-04 -3.919273149222135544e-03
8.289354736916720867e-04 -9.144680574536323547e-03
4.066934809088706970e-03 1.353471912443637848e-02
1.048137433826923370e-03 -1.502490602433681488e-02
-5.408946424722671509e-02 8.990330621600151062e-03
6.138245575129985809e-03 2.360938303172588348e-02
5.213604890741407871e-04 -3.781464649364352226e-03
5.219624843448400497e-03 1.869479194283485413e-02
4.245738033205270767e-03 1.383244059979915619e-02
6.183722056448459625e-03 2.301680855453014374e-02
5.314807640388607979e-04 -3.244768362492322922e-03
2.523685339838266373e-03 5.678375717252492905e-03
4.631213669199496508e-04 -4.334824159741401672e-03
5.984434974379837513e-04 -4.266286268830299377e-03
5.045501515269279480e-03 1.856130734086036682e-02
5.626447964459657669e-04 -3.982266876846551895e-03
5.221515311859548092e-04 -5.096692591905593872e-03
3.825061721727252007e-03 1.152396854013204575e-02
-5.716677755117416382e-02 9.713337756693363190e-03
4.939612466841936111e-03 1.724934205412864685e-02
8.442863472737371922e-04 -1.165095064789056778e-02
3.459539264440536499e-03 1.044096983969211578e-02
1.213775598444044590e-03 -1.905922964215278625e-02
4.196591180516406894e-05 -2.746190177276730537e-03
5.153895472176373005e-04 -2.876184182241559029e-03
4.082875675521790981e-04 -3.713289508596062660e-03
5.167785566300153732e-04 -5.455448757857084274e-03
9.067822975339367986e-05 -3.997728228569030762e-03
1.462082145735621452e-04 -3.662947798147797585e-03
1.121538574807345867e-03 -8.635086123831570148e-04
4.002331115771085024e-04 -3.357962938025593758e-03
4.473198670893907547e-03 1.527388487011194229e-02
1.731709227897226810e-03 2.232997911050915718e-03
7.491483120247721672e-04 -1.165462285280227661e-02
4.608523158822208643e-04 -3.068493911996483803e-03
7.601626566611230373e-04 -9.243272244930267334e-03
6.364163011312484741e-03 2.436504885554313660e-02
6.589281838387250900e-03 2.521640993654727936e-02
4.671402275562286377e-03 1.603928208351135254e-02
3.823473525699228048e-04 -3.476479323580861092e-03
5.677781533449888229e-03 2.130091749131679535e-02
7.705966709181666374e-04 -9.784428402781486511e-03
7.400788017548620701e-04 -1.074505504220724106e-02
4.103848186787217855e-04 -3.410082776099443436e-03
4.577152896672487259e-03 1.616317033767700195e-02
3.443511377554386854e-04 -3.649110905826091766e-03
3.537876997143030167e-03 1.084159966558218002e-02
6.046270020306110382e-03 2.261296845972537994e-02
5.678426241502165794e-04 -3.544157603755593300e-03
4.882240202277898788e-03 1.685411110520362854e-02
7.850412512198090553e-04 -9.880575351417064667e-03
6.102021783590316772e-03 2.298165857791900635e-02
3.311128821223974228e-04 -3.557420568540692329e-03
4.969257279299199581e-04 -3.669830271974205971e-03
5.652871332131326199e-04 -3.051638836041092873e-03
2.782268857117742300e-04 -3.613780951127409935e-03
2.924174186773598194e-04 -2.942296443507075310e-03
5.034899804741144180e-04 -4.569891840219497681e-03
8.555950480513274670e-04 -1.242342218756675720e-02
6.200702395290136337e-03 2.278724871575832367e-02
4.223174415528774261e-03 1.370411831885576248e-02
4.863107751589268446e-04 -3.374938154593110085e-03
4.109452711418271065e-04 -3.563502570614218712e-03
1.726223708828911185e-04 -2.306490670889616013e-03
7.904993835836648941e-04 -1.171623542904853821e-02
8.521223207935690880e-04 -1.165574602782726288e-02
3.864965401589870453e-03 1.245462428778409958e-02
6.223362870514392853e-04 -4.157471004873514175e-03
5.450349417515099049e-04 -4.145353566855192184e-03
7.015503942966461182e-04 -7.504335604608058929e-03
3.339411050546914339e-04 -3.114121267572045326e-03
-1.799410674721002579e-04 -2.967649139463901520e-03
4.720680008176714182e-04 -3.740276442840695381e-03
7.167016738094389439e-04 -8.141787722706794739e-03
1.527404761873185635e-03 1.981006236746907234e-03
6.274878396652638912e-04 -2.952696057036519051e-03
5.377808702178299427e-04 -3.267169930040836334e-03
6.274554878473281860e-03 2.407241426408290863e-02
3.839692508336156607e-04 -3.477494698017835617e-03
1.620374037884175777e-03 1.666264608502388000e-03
8.248097146861255169e-04 -9.552668780088424683e-03
6.721973768435418606e-04 -1.888856058940291405e-03
4.939489881508052349e-04 -5.094314925372600555e-03
3.682064358144998550e-03 1.166588813066482544e-02
5.773010780103504658e-04 -3.625063691288232803e-03
4.355062555987387896e-04 -4.856728017330169678e-03
-1.578365569002926350e-03 -3.427714342251420021e-03
8.869417943060398102e-04 -1.254922803491353989e-02
5.267222149996086955e-06 -3.205138258635997772e-03
5.913662025704979897e-04 -4.033504519611597061e-03
8.081367705017328262e-04 -9.008815512061119080e-03
7.388322264887392521e-04 -1.158081460744142532e-02
4.904627567157149315e-04 -5.177675746381282806e-03
5.768642295151948929e-03 2.165644615888595581e-02
-5.069506005384027958e-04 -4.431694746017456055e-03
2.298484323546290398e-04 -3.844772465527057648e-03
3.257331671193242073e-03 9.925219230353832245e-03
6.182776996865868568e-04 -3.222721861675381660e-03
5.440793393063358963e-05 -3.403453156352043152e-03
6.195718422532081604e-03 2.367227151989936829e-02
6.056988146156072617e-03 2.291452139616012573e-02
2.174871224269736558e-05 -3.038512542843818665e-03
5.275349249131977558e-04 -5.491318181157112122e-03
-2.792278246488422155e-04 -2.795556560158729553e-03
1.413053541909903288e-04 -4.043010529130697250e-03
4.942131228744983673e-03 1.724143140017986298e-02
4.903180059045553207e-03 1.730362325906753540e-02
6.013690144754946232e-04 -6.310107652097940445e-03
5.294946022331714630e-04 -4.988559056073427200e-03
3.419653221499174833e-04 -3.230949398130178452e-03
4.612468183040618896e-03 1.543156430125236511e-02
5.691225524060428143e-04 -3.832906717434525490e-03
4.938481724821031094e-04 -5.376585759222507477e-03
7.523579406552016735e-04 -9.477486833930015564e-03
4.583829431794583797e-04 -5.082091316580772400e-03
7.731646182946860790e-04 -7.983102463185787201e-03
6.616574712097644806e-03 2.534934319555759430e-02
3.579935524612665176e-03 1.099068392068147659e-02
5.944632575847208500e-04 -4.056458827108144760e-03
4.764336044900119305e-04 -4.652834031730890274e-03
5.570140201598405838e-04 -3.762525506317615509e-03
4.397685988806188107e-04 -3.611416090279817581e-03
6.598033360205590725e-04 -6.504682358354330063e-03
5.909660831093788147e-04 -4.023659974336624146e-03
7.982811075635254383e-04 -8.833995088934898376e-03
9.658813942223787308e-04 -8.389695431105792522e-04
7.456688326783478260e-04 -8.293504826724529266e-03
7.829699898138642311e-04 -1.200373284518718719e-02
3.507985500618815422e-03 1.057696249336004257e-02
4.521434311755001545e-04 -4.117755685001611710e-03
3.578504547476768494e-03 1.066380459815263748e-02
5.508504109457135201e-04 -5.819492042064666748e-03
1.142847002483904362e-03 -1.667376048862934113e-02
3.024217730853706598e-04 -4.334796220064163208e-03
4.931204486638307571e-03 1.686439663171768188e-02
4.834720166400074959e-04 -3.943596035242080688e-03
2.915475633926689625e-04 -3.580584190785884857e-03
4.949271096847951412e-04 -3.841077443212270737e-03
-4.815416410565376282e-03 -3.079687710851430893e-03
4.260928835719823837e-04 -3.545472398400306702e-03
2.429066225886344910e-04 -2.885492285713553429e-03
4.399865574669092894e-04 -3.159121377393603325e-03
6.035059923306107521e-04 -4.329230170696973801e-03
2.431897912174463272e-03 5.559612065553665161e-03
5.050142062827944756e-04 -3.914324566721916199e-03
4.307797644287347794e-04 -3.615007735788822174e-03
-5.141827836632728577e-02 8.658723905682563782e-03
6.060835905373096466e-03 2.296157553791999817e-02
5.297266761772334576e-04 -5.553670693188905716e-03
5.605826154351234436e-03 2.085702493786811829e-02
1.189985778182744980e-03 4.964126273989677429e-04
3.291278379037976265e-03 9.917935356497764587e-03
-2.860363572835922241e-03 -3.021056996658444405e-03
4.904037341475486755e-04 -3.401089925318956375e-03
6.136213196441531181e-04 -1.068154908716678619e-02
6.118443561717867851e-04 -3.287283936515450478e-03
3.975718282163143158e-03 1.263846457004547119e-02
8.710516849532723427e-04 -9.865989908576011658e-03
7.401481852866709232e-04 -1.086914911866188049e-02
-1.103472823160700500e-05 -3.797447076067328453e-03
3.805067390203475952e-04 -3.588742809370160103e-03
6.232876796275377274e-03 2.349785715341567993e-02
2.152566099539399147e-03 4.659473896026611328e-03
5.398275330662727356e-03 1.907368190586566925e-02
6.401560734957456589e-03 2.445258945226669312e-02
5.050486070103943348e-04 -3.428640309721231461e-03
5.594857502728700638e-04 -3.685390576720237732e-03
4.393999115563929081e-04 -3.539448138326406479e-03
3.223132516723126173e-04 -3.551592584699392319e-03
3.978075692430138588e-04 -3.561936784535646439e-03
5.347687401808798313e-04 -3.667863784357905388e-03
3.502856416162103415e-04 -3.514918265864253044e-03
6.236005574464797974e-04 -4.122909624129533768e-03
6.398382829502224922e-04 -3.177623962983489037e-03
3.502709441818296909e-04 -3.731958568096160889e-03
6.727236323058605194e-03 2.584744617342948914e-02
-8.201847970485687256e-02 1.560161635279655457e-02
2.432349370792508125e-03 5.189930554479360580e-03
-3.732594777829945087e-04 -2.749840030446648598e-03
6.600129418075084686e-04 -4.845108371227979660e-03
4.331894742790609598e-04 -3.168206661939620972e-03
3.655530745163559914e-04 -3.695737803354859352e-03
5.798787460662424564e-04 -3.489164868369698524e-03
5.987180047668516636e-04 -4.229060374200344086e-03
7.436149753630161285e-04 -8.774248883128166199e-03
5.959036061540246010e-04 -6.330151576548814774e-03
3.949613310396671295e-04 -3.822162980213761330e-03
2.507247845642268658e-04 -3.096306463703513145e-03
4.622452543117105961e-04 -3.758965758606791496e-03
5.712531507015228271e-03 1.997252181172370911e-02
5.035787471570074558e-04 -5.442897323518991470e-03
5.091834464110434055e-04 -3.490630537271499634e-03
5.074732471257448196e-04 -3.210711292922496796e-03
4.937475314363837242e-04 -3.960675094276666641e-03
5.664232885465025902e-04 -3.420141991227865219e-03
6.164693040773272514e-04 -2.906618872657418251e-03
-1.057510962709784508e-03 -3.171636257320642471e-03
7.626735023222863674e-04 -8.696863427758216858e-03
4.856521554756909609e-04 -5.358917638659477234e-03
7.884273654781281948e-04 -1.155627984553575516e-02
5.513418582268059254e-04 -3.600273979827761650e-03
-5.978794023394584656e-02 1.040014531463384628e-02
4.476564063224941492e-04 -4.870133474469184875e-03
4.138265503570437431e-04 -3.799187717959284782e-03
5.777454935014247894e-04 -3.065028926357626915e-03
-6.622935831546783447e-02 1.161943469196557999e-02
7.605810533277690411e-04 -1.145820505917072296e-02
-1.037142123095691204e-03 -3.272823523730039597e-03
5.738342879340052605e-04 -3.592521185055375099e-03
4.027511749882251024e-04 -3.628885373473167419e-03
2.008345443755388260e-03 2.993199974298477173e-03
-1.648796460358425975e-04 -3.059611888602375984e-03
5.508899339474737644e-04 -3.591936314478516579e-03
6.838542176410555840e-04 -6.499751936644315720e-03
-6.504989578388631344e-04 -3.286676947027444839e-03
5.116922548040747643e-04 -3.477903082966804504e-03
7.726639159955084324e-04 -2.075658645480871201e-03
7.671745843254029751e-04 -1.118516176939010620e-02
4.009662661701440811e-04 -4.485492128878831863e-03
5.378699279390275478e-04 -5.546371918171644211e-03
5.733652506023645401e-04 -3.788172034546732903e-03
6.086194887757301331e-03 2.278186194598674774e-02
4.779622831847518682e-04 -5.074988119304180145e-03
4.499082278925925493e-04 -3.501325147226452827e-03
5.492192576639354229e-04 -3.545119427144527435e-03
5.335162859410047531e-04 -3.138109343126416206e-03
-4.617842787411063910e-04 -2.854832448065280914e-03
1.274055801331996918e-03 -1.991940662264823914e-02
6.111938506364822388e-03 2.248011901974678040e-02
7.329409127123653889e-04 -6.132053676992654800e-03
6.549603305757045746e-03 2.477751299738883972e-02
7.700555142946541309e-04 -7.928560487926006317e-03
5.706780124455690384e-03 2.150618098676204681e-02
5.074752261862158775e-04 -3.349439473822712898e-03
6.228290149010717869e-04 -3.885553218424320221e-03
3.846403269562870264e-04 -3.648798912763595581e-03
6.986162625253200531e-04 -7.160093635320663452e-03
2.604220935609191656e-05 -3.031424479559063911e-03
7.177118095569312572e-04 -8.565571159124374390e-03
4.884629743173718452e-04 -3.931873477995395660e-03
6.338620005408301950e-05 -3.033540910109877586e-03
1.317220041528344154e-03 1.311668893322348595e-03
4.857920575886964798e-03 1.650613918900489807e-02
4.639358667191118002e-04 -4.482137970626354218e-03
5.941977258771657944e-03 2.237992733716964722e-02
7.635147776454687119e-04 -8.327922783792018890e-03
5.281707854010164738e-04 -3.629642538726329803e-03
4.150529275648295879e-04 -3.270542249083518982e-03
-9.740737732499837875e-05 -3.732571378350257874e-03
5.599423311650753021e-04 -4.295979160815477371e-03
7.526802946813404560e-04 -7.623993791639804840e-03
4.641035571694374084e-03 1.615490950644016266e-02
3.355543885845690966e-04 -3.558190073817968369e-03
4.700213205069303513e-03 1.588375680148601532e-02
-2.723849378526210785e-03 -2.769033657386898994e-03
6.109002279117703438e-04 -4.302657209336757660e-03
3.480785526335239410e-04 -3.306148108094930649e-03
5.808859597891569138e-03 2.092892676591873169e-02
4.820812901016324759e-04 -2.943181898444890976e-03
5.589341162703931332e-04 -3.659006441012024879e-03
5.764886154793202877e-04 -3.926844336092472076e-03
-4.984429688192903996e-04 -4.058994352817535400e-03
4.311640746891498566e-03 1.441266667097806931e-02
5.283420905470848083e-04 -5.583595484495162964e-03
6.259532645344734192e-03 2.348189055919647217e-02
2.911949995905160904e-04 -3.241342492401599884e-03
6.582215428352355957e-04 -6.046373862773180008e-03
5.368042038753628731e-04 -4.302978049963712692e-03
4.231783095747232437e-03 1.384850777685642242e-02
1.015185262076556683e-03 -1.454390212893486023e-02
5.052590859122574329e-04 -3.732559271156787872e-03
4.241745918989181519e-04 -3.361299401149153709e-03
-5.867044674232602119e-04 -3.461950225755572319e-03
-7.449290901422500610e-02 1.440385356545448303e-02
-4.398092569317668676e-04 -4.107313696295022964e-03
5.311611108481884003e-03 1.988426782190799713e-02
4.193305503576993942e-04 -3.477374790236353874e-03
5.682389019057154655e-04 -2.552659483626484871e-03
6.422583246603608131e-04 -5.023270379751920700e-03
4.841730406042188406e-04 -5.261637270450592041e-03
5.830137524753808975e-04 -4.308504518121480942e-03
5.171549855731427670e-04 -3.066156757995486259e-03
-3.040033334400504827e-04 -3.955812193453311920e-03
5.142104346305131912e-04 -3.754503326490521431e-03
-4.477763432078063488e-04 -3.107735887169837952e-03
5.457533989101648331e-04 -3.851124085485935211e-03
2.858792431652545929e-03 7.220329716801643372e-03
4.241890565026551485e-04 -4.098041448742151260e-03
2.718194155022501945e-03 6.251208484172821045e-03
5.238301237113773823e-04 -3.725888207554817200e-03
5.447181174531579018e-04 -3.778291167691349983e-03
5.191311356611549854e-04 -4.041953012347221375e-03
-2.982020087074488401e-04 -3.409245982766151428e-03
5.073609645478427410e-04 -3.318591741845011711e-03
4.436168819665908813e-03 1.498267333954572678e-02
5.408849101513624191e-04 -3.818100085482001305e-03
-1.583829289302229881e-04 -3.106272080913186073e-03
2.617611608002334833e-04 -2.398724434897303581e-03
5.548030603677034378e-03 2.031222358345985413e-02
5.775353056378662586e-04 -4.155598115175962448e-03
-8.156568510457873344e-04 -3.182404208928346634e-03
5.765711539424955845e-04 -3.812819719314575195e-03
6.157138268463313580e-04 -7.321704179048538208e-03
-5.297483131289482117e-02 8.807361125946044922e-03
4.623302374966442585e-04 -3.838108386844396591e-03
5.843112594448029995e-04 -4.763954319059848785e-03
5.071305786259472370e-04 -3.486405825242400169e-03
7.356716669164597988e-04 -8.925865404307842255e-03
4.778661241289228201e-04 -3.579543204978108406e-03
4.991078167222440243e-04 -4.476706497371196747e-03
1.104837050661444664e-03 -1.765519008040428162e-02
3.564337675925344229e-04 -3.558506723493337631e-03
4.908085684292018414e-04 -3.694765735417604446e-03
4.596106009557843208e-04 -4.841306712478399277e-03
6.164013175293803215e-04 -6.436503957957029343e-03
3.621288808062672615e-03 1.133698970079421997e-02
-6.023072055540978909e-04 -2.934796502813696861e-03
5.721694324165582657e-03 2.104285731911659241e-02
4.904319997876882553e-03 1.771062053740024567e-02
5.967898759990930557e-04 -3.923560492694377899e-03
4.429770051501691341e-04 -3.526014275848865509e-03
8.452051552012562752e-04 -1.170829404145479202e-02
-1.450587296858429909e-03 -3.802123013883829117e-03
4.579537489917129278e-04 -4.730846267193555832e-03
2.312981057912111282e-03 4.836454987525939941e-03
3.299805801361799240e-03 9.220099076628684998e-03
5.097042958368547261e-05 -3.208526875823736191e-03
3.054515400435775518e-04 -3.363803029060363770e-03
2.282276982441544533e-03 4.967945627868175507e-03
-1.346691278740763664e-04 -2.806906355544924736e-03
4.029225674457848072e-04 -4.662019666284322739e-03
5.980991409160196781e-04 -4.148370586335659027e-03
-8.022601157426834106e-02 1.553392689675092697e-02
5.004864651709794998e-04 -4.032190423458814621e-03
-8.690121024847030640e-02 1.669236086308956146e-02
3.950928337872028351e-03 1.192518882453441620e-02
1.205496722832322121e-03 -1.890941709280014038e-02
4.060347564518451691e-04 -3.289731219410896301e-03
4.323636676417663693e-05 -3.018783172592520714e-03
5.365402321331202984e-04 -3.481032326817512512e-03
-6.608039257116615772e-04 -3.121114568784832954e-03
4.450382548384368420e-04 -4.918397869914770126e-03
8.322747889906167984e-04 -1.162635907530784607e-02
4.756090347655117512e-04 -3.853724338114261627e-03
7.342132157646119595e-04 -1.188334822654724121e-02
5.311816348694264889e-04 -3.816592507064342499e-03
7.663095602765679359e-04 -8.268466219305992126e-03
4.593095800373703241e-04 -3.663530107587575912e-03
2.338752092327922583e-04 -2.872259821742773056e-03
4.581209504976868629e-04 -3.417888889089226723e-03
8.450452005490660667e-04 -9.840487502515316010e-03
5.592448171228170395e-03 2.051150240004062653e-02
6.310159806162118912e-04 -5.869301501661539078e-03
7.277743134181946516e-05 -2.596859121695160866e-03
4.417656746227294207e-04 -3.573328489437699318e-03
4.273166705388575792e-04 -4.636801779270172119e-03
7.998932851478457451e-04 -9.203858673572540283e-03
3.888842766173183918e-04 -3.498752135783433914e-03
5.259971949271857738e-04 -3.751431358978152275e-03
2.911117917392402887e-04 -3.407426644116640091e-03
6.151727400720119476e-03 2.264956384897232056e-02
-1.789239351637661457e-03 -3.067127196118235588e-03
5.520498380064964294e-03 2.006720006465911865e-02
5.784720648080110550e-03 2.176466956734657288e-02
3.928317688405513763e-03 1.226835697889328003e-02
7.848028908483684063e-04 -9.376256726682186127e-03
3.879466676153242588e-04 -3.634317312389612198e-03
4.031796474009752274e-03 1.267277635633945465e-02
5.874843191122636199e-05 -3.245897823944687843e-03
5.499130114912986755e-03 2.019007876515388489e-02
6.435907562263309956e-04 -4.313263110816478729e-03
8.165687904693186283e-04 -8.973359130322933197e-03
3.691454476211220026e-04 -4.002603702247142792e-03
7.691975915804505348e-04 -8.546397089958190918e-03
3.891300177201628685e-03 1.244386844336986542e-02
5.190707743167877197e-04 -5.408386234194040298e-03
5.666863871738314629e-04 -4.197961650788784027e-03
6.805415614508092403e-04 -6.262360606342554092e-03
8.021650137379765511e-04 -9.731747210025787354e-03
-1.724761932564433664e-05 -2.727010985836386681e-03
3.956363070756196976e-04 -3.368514589965343475e-03
4.632021591532975435e-04 -4.004802554845809937e-03
4.311281081754714251e-04 -3.423128975555300713e-03
3.134802682325243950e-03 8.548746816813945770e-03
3.564161481335759163e-03 1.058034505695104599e-02
-7.730289944447577000e-04 -3.019437193870544434e-03
7.541890954598784447e-04 -7.968170568346977234e-03
4.315976111683994532e-04 -3.511777846142649651e-03
6.981062470003962517e-04 -6.443349178880453110e-03
6.275692954659461975e-03 2.345672249794006348e-02
4.399699682835489511e-04 -3.639262635260820389e-03
4.285370232537388802e-04 -3.537092125043272972e-03
4.512114392127841711e-04 -3.730923635885119438e-03
5.043776705861091614e-03 1.754689216613769531e-02
7.246978930197656155e-04 -6.768989376723766327e-03
5.613330751657485962e-03 2.047827094793319702e-02
-8.254520944319665432e-04 -3.452047705650329590e-03
3.784667933359742165e-03 1.202097907662391663e-02
4.574895137920975685e-04 -3.580936463549733162e-03
5.442925030365586281e-04 -4.107412882149219513e-03
5.359324626624584198e-03 1.888285391032695770e-02
5.050085484981536865e-03 1.723879948258399963e-02
4.443050362169742584e-03 1.441519428044557571e-02
8.026433060877025127e-04 -8.866495452821254730e-03
5.628734943456947803e-04 -3.649837570264935493e-03
5.729608703404664993e-03 2.083327621221542358e-02
4.919983330182731152e-04 -5.501648876816034317e-03
5.828181747347116470e-04 -3.959438297897577286e-03
4.778027359861880541e-04 -3.740742104128003120e-03
5.317766917869448662e-04 -4.106285050511360168e-03
2.613143995404243469e-03 4.607862792909145355e-03
8.376470068469643593e-04 -1.234849262982606888e-02
-7.987815770320594311e-04 -3.268550150096416473e-03
3.796069649979472160e-03 1.229110918939113617e-02
-7.756888517178595066e-04 -3.135379170998930931e-03
-1.458222628571093082e-03 -3.890068037435412407e-03
7.068015984259545803e-04 -7.098095491528511047e-03
5.682293558493256569e-04 -3.315523033961653709e-03
7.583742844872176647e-04 -8.829742670059204102e-03
2.611112548038363457e-03 4.870015662163496017e-03
4.767055215779691935e-04 -3.824006998911499977e-03
4.662437713705003262e-04 -5.372210871428251266e-03
6.096550729125738144e-03 2.241303771734237671e-02
7.383158081211149693e-04 -1.125867851078510284e-02
-1.033028122037649155e-03 -4.046611953526735306e-03
5.951100494712591171e-03 2.284215390682220459e-02
4.129915905650705099e-04 -3.691645571961998940e-03
6.297799991443753242e-04 -4.837325308471918106e-03
7.729318458586931229e-04 -1.146582420915365219e-02
5.392301827669143677e-04 -3.518016543239355087e-03
-8.059570193290710449e-02 1.560657378286123276e-02
5.548696499317884445e-04 -3.597320057451725006e-03
5.124545423313975334e-04 -3.754994599148631096e-03
5.421238602139055729e-04 -5.620006937533617020e-03
2.399104880169034004e-03 5.303701385855674744e-03
5.077114910818636417e-04 -3.922956064343452454e-03
1.566473161801695824e-03 1.988017000257968903e-03
5.469525232911109924e-03 1.965238526463508606e-02
-2.386875130468979478e-04 -4.223357886075973511e-03
5.115996464155614376e-04 -4.767920356243848801e-03
-7.837265729904174805e-02 1.513189822435379028e-02
-3.605658130254596472e-04 -4.033992998301982880e-03
7.977305795066058636e-04 -1.149257831275463104e-02
5.617578863166272640e-04 -3.372602397575974464e-03
5.425460403785109520e-04 -3.372464096173644066e-03
5.570943932980298996e-03 2.041341178119182587e-02
2.164990437449887395e-04 -2.980052027851343155e-03
5.847625434398651123e-03 2.237348817288875580e-02
5.240900791250169277e-04 -3.166467649862170219e-03
4.458262119442224503e-04 -3.659586654976010323e-03
5.469068419188261032e-03 2.020303905010223389e-02
7.674909429624676704e-04 -1.160512771457433701e-02
7.802221225574612617e-04 -8.618111722171306610e-03
4.846366355195641518e-04 -2.974392380565404892e-03
2.033027558354660869e-04 -3.250821493566036224e-03
5.304674850776791573e-04 -3.891738364472985268e-03
5.621752352453768253e-04 -4.125185776501893997e-03
4.649531038012355566e-04 -4.088018089532852173e-03
6.802728166803717613e-04 -2.904710359871387482e-03
4.188283637631684542e-04 -2.909727394580841064e-03
6.342825945466756821e-03 2.430127747356891632e-02
4.938631318509578705e-03 1.724646240472793579e-02
6.817274843342602253e-04 -7.074514403939247131e-03
3.495906013995409012e-03 9.929843246936798096e-03
9.848869376583024859e-05 -3.385771065950393677e-03
1.088162884116172791e-03 -1.565950736403465271e-02
4.846711177378892899e-03 1.666329056024551392e-02
7.125796983018517494e-04 -6.033093668520450592e-03
-8.128599077463150024e-02 1.561715546995401382e-02
6.147992331534624100e-03 2.263965643942356110e-02
3.173563163727521896e-04 -3.766864072531461716e-03
4.614283796399831772e-03 1.569657213985919952e-02
-3.703860566020011902e-04 -3.126306924968957901e-03
3.166230453643947840e-04 -2.718217903748154640e-03
5.887428764253854752e-03 2.174167148768901825e-02
4.181754193268716335e-04 -3.338004462420940399e-03
2.626287750899791718e-03 6.834687665104866028e-03
9.358385577797889709e-04 -1.278786337934434414e-03
5.308268009684979916e-04 -5.659375805407762527e-03
5.080393166281282902e-04 -5.487781018018722534e-03
5.649722297675907612e-04 -3.679948858916759491e-03
5.198698025196790695e-03 1.846745237708091736e-02
1.724207890219986439e-03 2.381070284172892570e-03
8.150087669491767883e-04 -1.743292901664972305e-03
5.564129911363124847e-03 1.959484256803989410e-02
8.532389765605330467e-04 -1.215874589979648590e-02
6.839844863861799240e-04 -6.977741140872240067e-03
4.807040677405893803e-04 -3.628492821007966995e-03
6.762191187590360641e-04 -2.035510959103703499e-03
4.832269914913922548e-04 -3.362202551215887070e-03
1.304398174397647381e-04 -4.059524275362491608e-03
4.788605147041380405e-04 -5.552936345338821411e-03
6.877203122712671757e-05 -2.940889215096831322e-03
7.521581719629466534e-04 -8.280009031295776367e-03
5.227008368819952011e-04 -5.402972921729087830e-03
4.969959845766425133e-04 -3.858550451695919037e-03
-9.463109890930354595e-04 -3.333269618451595306e-03
6.109364330768585205e-04 -4.631202202290296555e-03
3.970441466663032770e-04 -3.490341128781437874e-03
2.675300929695367813e-04 -3.277110401540994644e-03
4.888391704298555851e-04 -5.200942512601613998e-03
3.244287101551890373e-03 1.037464663386344910e-02
2.745094243437051773e-04 -2.986684208735823631e-03
4.272448422852903605e-04 -3.316834103316068649e-03
4.986323183402419090e-04 -2.908384194597601891e-03
7.672695210203528404e-04 -8.462266065180301666e-03
7.781782769598066807e-04 -1.139965374022722244e-02
4.744970938190817833e-04 -5.040638148784637451e-03
7.801174651831388474e-04 -8.838200010359287262e-03
5.621212185360491276e-04 -4.587728064507246017e-03
6.354809156619012356e-04 -2.972194226458668709e-03
3.703200491145253181e-04 -3.768100636079907417e-03
3.573367430362850428e-04 -3.768978174775838852e-03
4.473216366022825241e-03 1.493655983358621597e-02
6.396375247277319431e-04 -5.450612399727106094e-03
4.959029029123485088e-04 -3.818074241280555725e-03
8.199521835194900632e-05 -2.740192227065563202e-03
5.086619406938552856e-03 1.782841235399246216e-02
4.990416346117854118e-04 -2.991961548104882240e-03
6.336532067507505417e-03 2.313711680471897125e-02
4.405514919199049473e-04 -3.566893050447106361e-03
5.121731664985418320e-04 -5.283831153064966202e-03
1.968111901078373194e-04 -2.768640173599123955e-03
6.274896441027522087e-04 -5.395122803747653961e-03
5.457693478092551231e-04 -5.793078802525997162e-03
1.401746412739157677e-04 -2.739856950938701630e-03
1.248288572242017835e-05 -3.158581908792257309e-03
4.679325502365827560e-04 -3.620995208621025085e-03
-5.030482076108455658e-03 -3.077888861298561096e-03
5.329636624082922935e-04 -4.014715086668729782e-03
3.945260541513562202e-04 -3.075944725424051285e-03
1.152199809439480305e-03 -9.847475448623299599e-04
7.795949204592034221e-05 -3.049574559554457664e-03
-5.082884803414344788e-02 8.499035611748695374e-03
5.584273603744804859e-04 -3.875469090417027473e-03
6.863129092380404472e-04 -6.915233563631772995e-03
5.386661738157272339e-03 1.892465353012084961e-02
3.769989998545497656e-04 -3.977465908974409103e-03
4.621504805982112885e-03 1.514834817498922348e-02
6.395255681127309799e-03 2.405634336173534393e-02
3.692200873047113419e-03 1.168630924075841904e-02
3.262013779021799564e-04 -2.547789830714464188e-03
4.549672594293951988e-04 -3.656351007521152496e-03
5.634285626001656055e-04 -4.012423567473888397e-03
6.496327696368098259e-04 -5.537201184779405594e-03
5.877722287550568581e-04 -4.021280910819768906e-03
5.913663655519485474e-03 2.235986292362213135e-02
7.636848022229969501e-04 -1.193633582442998886e-02
5.367603152990341187e-04 -2.985724247992038727e-03
7.635518559254705906e-04 -9.159764274954795837e-03
4.741132433991879225e-04 -3.834700677543878555e-03
4.699417389929294586e-03 1.633970998227596283e-02
1.666486496105790138e-03 2.438981318846344948e-03
4.625705478247255087e-04 -5.280352197587490082e-03
4.800732131116092205e-04 -3.705082926899194717e-03
5.997753702104091644e-03 2.236121520400047302e-02
3.572290297597646713e-04 -3.699732013046741486e-03
3.998470783699303865e-04 -4.255216568708419800e-03
4.787996876984834671e-04 -4.834187217056751251e-03
5.178027786314487457e-04 -4.579086787998676300e-03
5.184262525290250778e-03 1.760975271463394165e-02
5.046146106906235218e-04 -3.442946122959256172e-03
7.337058777920901775e-04 -7.761038374155759811e-03
4.398387100081890821e-04 -3.292517038062214851e-03
5.171154625713825226e-04 -5.240117199718952179e-03
4.644357133656740189e-03 1.529114600270986557e-02
7.594819180667400360e-04 -8.795953355729579926e-03
2.634719712659716606e-03 6.364017724990844727e-03
-2.198979491367936134e-03 -2.857508836314082146e-03
-1.791248796507716179e-04 -4.140072967857122421e-03
3.610975982155650854e-04 -3.532260423526167870e-03
2.445208374410867691e-04 -2.738225739449262619e-03
4.448471299838274717e-04 -4.788715858012437820e-03
5.034386413171887398e-04 -5.343043245375156403e-03
6.121813785284757614e-03 2.256946824491024017e-02
5.716450978070497513e-04 -2.787346020340919495e-03
6.088631344027817249e-04 -6.027565803378820419e-03
2.794948813971132040e-04 -3.683725604787468910e-03
5.677857552655041218e-04 -6.049393210560083389e-03
-1.211401468026451766e-04 -2.771112602204084396e-03
6.531469352921703830e-06 -3.853403031826019287e-03
7.424585055559873581e-04 -7.974611595273017883e-03
8.097794489003717899e-04 -9.962609969079494476e-03
6.231248844414949417e-04 -5.776426754891872406e-03
7.908219704404473305e-04 -8.007493801414966583e-03
6.505697034299373627e-03 2.448934316635131836e-02
4.912981530651450157e-04 -5.650687031447887421e-03
3.815697855316102505e-04 -3.901145653799176216e-03
1.363891060464084148e-03 3.225448017474263906e-04
4.926276742480695248e-04 -3.314314642921090126e-03
5.113460356369614601e-04 -3.525989828631281853e-03
8.126033935695886612e-05 -3.200803417712450027e-03
5.085594486445188522e-03 1.783279888331890106e-02
5.491844494827091694e-04 -4.322099965065717697e-03
3.016506670974195004e-04 -3.454558318480849266e-03
2.301738830283284187e-03 5.168051924556493759e-03
3.577678231522440910e-03 1.072898879647254944e-02
1.228817272931337357e-03 -1.882887072861194611e-02
5.279064062051475048e-04 -2.990615321323275566e-03
6.014239042997360229e-03 2.297405712306499481e-02
6.084209308028221130e-04 -4.129504784941673279e-03
-5.395289510488510132e-02 9.131106548011302948e-03
5.426805582828819752e-04 -4.593137651681900024e-03
5.192916723899543285e-04 -3.903712145984172821e-03
1.153852324932813644e-03 -3.973509592469781637e-04
-1.399162109009921551e-03 -3.215418430045247078e-03
2.770498394966125488e-03 5.061309784650802612e-03
4.354125412646681070e-04 -3.718338208273053169e-03
3.698149230331182480e-03 1.131234876811504364e-02
-5.315149319358170033e-04 -4.359580110758543015e-03
7.501448271796107292e-04 -1.067167054861783981e-02
4.721507430076599121e-03 1.640429534018039703e-02
-2.328097325516864657e-04 -2.885758643969893456e-03
4.141859826631844044e-04 -3.753132186830043793e-03
4.650430055335164070e-04 -3.613749518990516663e-03
3.376102773472666740e-03 1.026588119566440582e-02
4.190964682493358850e-04 -2.915899502113461494e-03
6.084220483899116516e-03 2.232723496854305267e-02
8.167439955286681652e-04 -9.770366363227367401e-03
-2.283378125866875052e-04 -4.248235374689102173e-03
-4.980831872671842575e-04 -4.054978955537080765e-03
5.958241410553455353e-03 2.267993055284023285e-02
5.539721809327602386e-03 1.968513429164886475e-02
-5.548985302448272705e-02 9.229321032762527466e-03
8.055341313593089581e-04 -9.038821794092655182e-03
3.932251594960689545e-03 1.187108084559440613e-02
7.659755647182464600e-04 -1.096692588180303574e-02
1.711622346192598343e-03 1.797700999304652214e-03
4.260669229552149773e-04 -3.603701479732990265e-03
4.921302897855639458e-04 -5.336731206625699997e-03
4.833847342524677515e-04 -3.459777915850281715e-03
4.259315319359302521e-04 -4.566127434372901917e-03
6.593334255740046501e-04 -4.022029694169759750e-03
-2.449776184221263975e-05 -2.978766802698373795e-03
4.031432908959686756e-04 -3.893354674801230431e-03
7.496976177208125591e-04 -8.159180171787738800e-03
4.642323474399745464e-04 -4.071283154189586639e-03
5.001336103305220604e-04 -3.943906631320714951e-03
-6.073588132858276367e-02 1.068769209086894989e-02
7.702030707150697708e-04 -1.194019149988889694e-02
8.830277365632355213e-04 -1.309515722095966339e-02
7.554141920991241932e-04 -1.880974159575998783e-03
6.222993251867592335e-04 -5.127931013703346252e-03
5.462288390845060349e-04 -3.027303144335746765e-03
4.613466735463589430e-04 -4.186331294476985931e-03
7.421341724693775177e-04 -7.565067149698734283e-03
5.966785829514265060e-04 -3.904575482010841370e-03
4.609302850440144539e-04 -3.653215710073709488e-03
3.712751669809222221e-03 1.177796348929405212e-02
5.075952503830194473e-03 1.757161878049373627e-02
5.745078902691602707e-03 2.115987613797187805e-02
7.641024421900510788e-04 -1.094099599868059158e-02
6.555576343089342117e-03 2.493800967931747437e-02
1.676142099313437939e-03 2.187115373089909554e-03
5.307759274728596210e-04 -3.724572947248816490e-03
5.268068634904921055e-04 -3.241365309804677963e-03
-8.296189457178115845e-02 1.602357253432273865e-02
6.070912815630435944e-03 2.243664674460887909e-02
-2.235104795545339584e-03 -3.076438559219241142e-03
3.353181527927517891e-04 -2.787271281704306602e-03
4.304741160012781620e-04 -3.423386020585894585e-03
5.670471000485122204e-04 -3.828366985544562340e-03
6.480006035417318344e-03 2.494061179459095001e-02
4.020607564598321915e-03 1.309868972748517990e-02
7.539055077359080315e-04 -7.723178248852491379e-03
7.303520687855780125e-04 -7.190882228314876556e-03
3.436983388382941484e-04 -3.601350355893373489e-03
5.828988651046529412e-05 -2.988907741382718086e-03
4.546201322227716446e-03 1.552199292927980423e-02
2.462731208652257919e-05 -4.050210118293762207e-03
5.716478917747735977e-04 -4.241649527102708817e-03
2.057934645563364029e-03 4.700727295130491257e-03
3.347936435602605343e-04 -3.073469037190079689e-03
2.689263492356985807e-04 -2.924067666754126549e-03
6.146887899376451969e-04 -2.751699183136224747e-03
1.635273220017552376e-04 -3.921916242688894272e-03
5.434631602838635445e-04 -5.072739440947771072e-03
6.198371993377804756e-04 -5.193186923861503601e-03
5.026351194828748703e-03 1.696344651281833649e-02
3.080266105826012790e-05 -2.738495822995901108e-03
5.566556006669998169e-03 1.973221264779567719e-02
1.140605891123414040e-03 -1.813332550227642059e-02
-7.612646371126174927e-02 1.417547743767499924e-02
5.406955606304109097e-04 -3.993236459791660309e-03
8.489044848829507828e-04 -1.197276823222637177e-02
4.968554130755364895e-04 -3.188601462170481682e-03
8.137745317071676254e-04 -9.672724641859531403e-03
8.343388908542692661e-04 -9.279344230890274048e-03
-1.920542272273451090e-04 -2.904210006818175316e-03
1.203204505145549774e-03 -1.878066174685955048e-02
4.514677275437861681e-04 -5.050654523074626923e-03
3.738829982466995716e-04 -3.247380023822188377e-03
7.225738954730331898e-05 -3.406848991289734840e-03
7.651988416910171509e-04 -1.120304130017757416e-02
1.202562940306961536e-03 -1.838925480842590332e-02
6.797327660024166107e-04 -6.725026294589042664e-03
5.894108908250927925e-04 -3.441299078986048698e-03
8.470794418826699257e-04 -9.127510711550712585e-03
7.663253927603363991e-04 -1.013016048818826675e-02
4.986829590052366257e-03 1.716580241918563843e-02
4.443955142050981522e-03 1.483983173966407776e-02
4.942986997775733471e-04 -3.351957071572542191e-03
5.328602856025099754e-04 -3.462983993813395500e-03
6.645190063863992691e-03 2.535865642130374908e-02
3.602377837523818016e-03 1.098107732832431793e-02
8.044408750720322132e-04 -1.288382057100534439e-02
3.938547451980412006e-04 -4.690972156822681427e-03
-4.613608471117913723e-04 -3.015428781509399414e-03
6.690991576761007309e-03 2.550406567752361298e-02
7.326042396016418934e-04 -7.765186484903097153e-03
-7.006762921810150146e-02 1.256139483302831650e-02
5.559148848988115788e-04 -5.384618882089853287e-03
4.697684780694544315e-04 -5.105368327349424362e-03
5.263147759251296520e-04 -5.478911567479372025e-03
4.631139803677797318e-03 1.586838252842426300e-02
1.141510438174009323e-03 -1.729866862297058105e-02
7.847199449315667152e-04 -1.158884353935718536e-02
7.637194939889013767e-04 -1.080628670752048492e-02
7.683282019570469856e-04 -1.121190562844276428e-02
4.544149560388177633e-04 -3.512651659548282623e-03
5.236057331785559654e-04 -5.245381966233253479e-03
5.545869353227317333e-04 -3.510090755298733711e-03
-5.152845010161399841e-02 8.613578043878078461e-03
3.980070818215608597e-03 1.231972686946392059e-02
6.081904866732656956e-04 -3.097123466432094574e-03
5.358575144782662392e-04 -4.542250651866197586e-03
7.877086172811686993e-04 -8.741719648241996765e-03
4.795511253178119659e-03 1.648753881454467773e-02
1.187291927635669708e-03 -1.830334216356277466e-02
5.392930470407009125e-04 -3.880564356222748756e-03
-6.585042865481227636e-05 -2.949586603790521622e-03
6.162753328680992126e-03 2.345167845487594604e-02
3.381430869922041893e-03 1.002008654177188873e-02
-3.002875309903174639e-04 -3.630524734035134315e-03
3.422076406423002481e-04 -3.184590954333543777e-03
6.080588325858116150e-03 2.250564284622669220e-02
7.972131134010851383e-04 -8.562520146369934082e-03
2.803532988764345646e-04 -3.848843509331345558e-03
7.189124589785933495e-04 -9.449354372918605804e-03
4.765642806887626648e-03 1.681612432003021240e-02
5.694809369742870331e-04 -3.690625308081507683e-03
-7.795957935741171241e-05 -3.148325718939304352e-03
7.238599937409162521e-04 -7.614154368638992310e-03
3.547129745129495859e-05 -2.761949785053730011e-03
5.374289466999471188e-04 -4.076002631336450577e-03
4.851382982451468706e-04 -3.897177288308739662e-03
5.232811090536415577e-04 -3.990437835454940796e-03
4.234563093632459641e-04 -3.525184001773595810e-03
4.217143286950886250e-04 -3.728392068296670914e-03
3.882797318510711193e-04 -3.581120632588863373e-03
-4.269002820365130901e-04 -3.153461962938308716e-03
6.323617999441921711e-04 -4.378860350698232651e-03
8.048540912568569183e-04 -1.051134336739778519e-02
5.425025010481476784e-04 -3.167039249092340469e-03
7.905533420853316784e-04 -1.211158093065023422e-02
6.337066879495978355e-04 -4.197790287435054779e-03
6.967209046706557274e-04 -7.359710056334733963e-03
4.954164032824337482e-04 -3.667965298518538475e-03
5.027834558859467506e-04 -3.975210711359977722e-03
5.953591899015009403e-04 -3.747806884348392487e-03
5.239176680333912373e-04 -5.712924990803003311e-03
7.673071813769638538e-04 -7.189916446805000305e-03
7.952630403451621532e-04 -8.724226616322994232e-03
4.306473303586244583e-03 1.464538183063268661e-02
3.167566901538521051e-04 -3.542530350387096405e-03
7.094364846125245094e-04 -6.951963528990745544e-03
2.912020077928900719e-03 7.689917460083961487e-03
1.799012825358659029e-04 -2.823191694915294647e-03
3.730471944436430931e-03 1.127277966588735580e-02
5.868547596037387848e-04 -4.076843149960041046e-03
8.548006881028413773e-04 -1.008864305913448334e-02
1.029937877319753170e-03 -1.427734084427356720e-02
5.475280340760946274e-04 -5.848397966474294662e-03
4.902922548353672028e-03 1.709812879562377930e-02
4.990525776520371437e-04 -3.789882641285657883e-03
3.780770639423280954e-04 -3.413229947909712791e-03
4.588152223732322454e-04 -3.255032934248447418e-03
-2.843101974576711655e-04 -2.820288995280861855e-03
8.639397128717973828e-05 -2.927670255303382874e-03
4.108374123461544514e-04 -3.657673019915819168e-03
1.175900106318295002e-03 -1.781283877789974213e-02
9.381512791151180863e-05 -3.376915119588375092e-03
1.083124778233468533e-03 8.078086539171636105e-04
6.280194502323865891e-04 -5.201013293117284775e-03
-1.262094592675566673e-04 -3.007781924679875374e-03
-4.790076613426208496e-02 7.469419389963150024e-03
-5.811093375086784363e-02 9.997193701565265656e-03
7.783887558616697788e-04 -8.397665806114673615e-03
5.074386135675013065e-04 -4.996044095605611801e-03
6.633459706790745258e-04 -6.067979615181684494e-03
4.874779842793941498e-04 -3.852179273962974548e-03
6.050388910807669163e-04 -3.864485537633299828e-03
4.686407337430864573e-04 -3.491402370855212212e-03
6.572458078153431416e-04 -3.203545697033405304e-03
5.834194598719477654e-04 -5.845771636813879013e-03
3.766451845876872540e-04 -3.346720011904835701e-03
9.201273787766695023e-04 -1.113228313624858856e-02
-7.042523939162492752e-04 -3.141248133033514023e-03
2.707287785597145557e-04 -4.901762586086988449e-03
-3.791783528868108988e-04 -3.886621911078691483e-03
5.117492401041090488e-04 -3.490611445158720016e-03
-3.706017159856855869e-04 -3.739701118320226669e-03
6.811796338297426701e-04 -6.644136272370815277e-03
6.384698208421468735e-03 2.428164333105087280e-02
3.872291708830744028e-04 -3.046040190383791924e-03
7.059810450300574303e-04 -6.982480641454458237e-03
-7.866912335157394409e-02 1.505241729319095612e-02
7.911926950328052044e-04 -1.176478341221809387e-02
7.571217720396816730e-04 -1.014878600835800171e-02
2.713506692089140415e-04 -3.366947406902909279e-03
-2.709402702748775482e-03 -2.757176989689469337e-03
6.202805321663618088e-03 2.321916632354259491e-02
6.743120029568672180e-03 2.543291822075843811e-02
5.527683533728122711e-04 -5.855418741703033447e-03
1.470437971875071526e-03 2.048365073278546333e-03
-5.078160390257835388e-02 8.494039066135883331e-03
5.193385295569896698e-04 -5.462143104523420334e-03
4.205683246254920959e-03 1.419780403375625610e-02
3.659125286503694952e-05 -4.022077657282352448e-03
-5.366844707168638706e-04 -3.995997365564107895e-03
7.652074564248323441e-04 -7.974291220307350159e-03
5.857952870428562164e-03 2.175643295049667358e-02
5.184723995625972748e-04 -5.429303273558616638e-03
-8.303859431180171669e-06 -2.714769681915640831e-03
6.005313247442245483e-03 2.287251316010951996e-02
7.926241960376501083e-04 -1.135040726512670517e-02
4.972246941179037094e-03 1.761385984718799591e-02
6.696126074530184269e-04 -5.241377279162406921e-03
4.655524622648954391e-03 1.531341858208179474e-02
2.334488672204315662e-04 -4.423611797392368317e-03
4.414576324052177370e-05 -3.086462849751114845e-03
1.997168583329766989e-04 -2.598601859062910080e-03
-7.962511735968291759e-04 -3.169502597302198410e-03
5.244389758445322514e-04 -4.306279588490724564e-03
7.023945800028741360e-04 -7.192440330982208252e-03
5.122791044414043427e-04 -3.526842687278985977e-03
4.286092298571020365e-04 -3.454395569860935211e-03
5.089314654469490051e-04 -3.949611447751522064e-03
7.752420497126877308e-04 -8.625304326415061951e-03
5.188725190237164497e-04 -3.183587454259395599e-03
6.405037856893613935e-05 -3.049965016543865204e-03
6.314741913229227066e-03 2.341984398663043976e-02
4.888808471150696278e-04 -3.221936291083693504e-03
4.147025756537914276e-04 -3.313936060294508934e-03
3.429964126553386450e-04 -3.857552772387862206e-03
5.236428114585578442e-04 -4.878987558186054230e-03
5.076692323200404644e-04 -3.776811994612216949e-03
3.964139323215931654e-04 -4.002818372100591660e-03
1.189974020235240459e-03 -1.817452348768711090e-02
8.402602979913353920e-04 -9.217782877385616302e-03
3.519772435538470745e-04 -3.413299797102808952e-03
5.314691807143390179e-04 -3.886878723278641701e-03
5.335673340596258640e-04 -3.597760573029518127e-03
7.844679639674723148e-04 -1.099344622343778610e-02
8.914573118090629578e-05 -4.000040702521800995e-03
1.117620631703175604e-04 -3.942612092941999435e-03
7.575656054541468620e-04 -1.159508433192968369e-02
4.373907577246427536e-04 -5.105900112539529800e-03
5.264739738777279854e-04 -3.410399192944169044e-03
7.439022301696240902e-04 -1.040909159928560257e-02
8.225425262935459614e-04 -1.031294465065002441e-02
5.289227119646966457e-04 -5.700639914721250534e-03
6.180751370266079903e-04 -3.609711304306983948e-03
6.808835314586758614e-04 -7.969220168888568878e-03
4.517402499914169312e-03 1.509468350559473038e-02
5.644954275339841843e-03 2.089143730700016022e-02
5.435188068076968193e-04 -4.190412815660238266e-03
4.575285129249095917e-04 -3.488911781460046768e-03
2.723129931837320328e-03 4.880554974079132080e-03
4.983469261787831783e-04 -3.597531700506806374e-03
9.615618037059903145e-04 -1.333428174257278442e-02
8.115628734230995178e-04 -9.556644596159458160e-03
5.122499074786901474e-03 1.807639561593532562e-02
5.704179638996720314e-04 -3.576749935746192932e-03
5.004522390663623810e-03 1.774638891220092773e-02
5.054778885096311569e-03 1.792643964290618896e-02
-4.115991469006985426e-04 -4.081210121512413025e-03
3.683346149045974016e-04 -3.535819705575704575e-03
4.797274246811866760e-03 1.669868826866149902e-02
7.513504824601113796e-04 -9.672890417277812958e-03
5.432441248558461666e-04 -5.674416199326515198e-03
8.233700646087527275e-04 -1.774446805939078331e-03
4.733812529593706131e-04 -3.045842284336686134e-03
4.684443993028253317e-04 -3.414867212995886803e-03
3.565093269571661949e-03 1.115298643708229065e-02
5.504992441274225712e-04 -3.718645079061388969e-03
-2.860257518477737904e-04 -2.934266580268740654e-03
-7.161336252465844154e-04 -3.954653162509202957e-03
5.601552547886967659e-04 -3.493964672088623047e-03
7.634060457348823547e-04 -8.705510757863521576e-03
4.988037399016320705e-04 -3.841573605313897133e-03
5.168632487766444683e-04 -3.830717643722891808e-03
5.637675058096647263e-04 -3.875568043440580368e-03
5.956880282610654831e-03 2.273539081215858459e-02
-3.680391528178006411e-04 -3.116825828328728676e-03
4.639679566025733948e-03 1.611200906336307526e-02
6.542642600834369659e-03 2.495028451085090637e-02
1.242775178980082273e-04 -4.042556509375572205e-03
4.727897176053375006e-04 -3.312227781862020493e-03
5.638032685965299606e-03 2.067085355520248413e-02
4.401443875394761562e-04 -3.169710282236337662e-03
7.826344226486980915e-04 -1.164724770933389664e-02
-8.629092480987310410e-04 -3.295188071206212044e-03
6.547623779624700546e-04 -6.279196590185165405e-03
4.677497781813144684e-04 -3.347045276314020157e-03
6.180500495247542858e-04 -3.686860669404268265e-03
5.601258482784032822e-03 2.055746316909790039e-02
3.787978785112500191e-03 1.193501055240631104e-02
5.670309765264391899e-04 -3.635582514107227325e-03
6.760497926734387875e-04 -6.357124075293540955e-03
6.342580076307058334e-03 2.437110431492328644e-02
1.666238997131586075e-03 2.212766557931900024e-03
5.103192524984478951e-04 -2.960819983854889870e-03
4.415650852024555206e-03 1.551972515881061554e-02
5.121860303916037083e-04 -3.141171298921108246e-03
5.238644080236554146e-04 -4.184191580861806870e-03
6.455610971897840500e-03 2.448233962059020996e-02
4.125027917325496674e-03 1.424052566289901733e-02
5.996362306177616119e-04 -4.742557182908058167e-03
5.127222393639385700e-04 -3.628676990047097206e-03
7.488867267966270447e-04 -2.881368156522512436e-03
6.098059820942580700e-04 -5.121713969856500626e-03
4.408211912959814072e-03 1.436644326895475388e-02
8.135460666380822659e-04 -1.154909189790487289e-02
7.925199461169540882e-04 -1.161702349781990051e-02
5.571055226027965546e-04 -4.060774575918912888e-03
6.994661409407854080e-03 2.689524553716182709e-02
4.532096209004521370e-04 -3.557620337232947350e-03
4.588938027154654264e-04 -3.832855960354208946e-03
8.002155809663236141e-04 -8.904369547963142395e-03
6.887773051857948303e-04 -3.417222294956445694e-03
4.787822719663381577e-03 1.602482236921787262e-02
1.856540184235200286e-04 -3.211845178157091141e-03
3.662725212052464485e-04 -3.859085263684391975e-03
2.546024043112993240e-03 5.155528429895639420e-03
-5.461611971259117126e-02 9.070391766726970673e-03
6.011117715388536453e-03 2.308462373912334442e-02
4.864281509071588516e-03 1.701207831501960754e-02
4.989240551367402077e-04 -3.427219809964299202e-03
-1.001521741272881627e-05 -4.347761161625385284e-03
4.864384827669709921e-04 -3.660684451460838318e-03
1.274866983294487000e-03 -1.959269121289253235e-02
5.548001499846577644e-04 -3.557135816663503647e-03
3.906629572156816721e-04 -3.722842782735824585e-03
4.236619570292532444e-04 -3.737451042979955673e-03
5.772441509179770947e-04 -3.585817757993936539e-03
8.756741299293935299e-04 -1.213405840098857880e-02
4.439820069819688797e-03 1.520171668380498886e-02
4.845233925152570009e-04 -3.736491780728101730e-03
7.763661560602486134e-04 -9.248184040188789368e-03
6.564417853951454163e-04 -2.394442912191152573e-03
4.999939701519906521e-04 -3.692382713779807091e-03
5.578678101301193237e-03 2.029539830982685089e-02
1.209524343721568584e-03 -1.868107542395591736e-02
-8.221718599088490009e-04 -2.935932949185371399e-03
6.653807940892875195e-04 -6.165292579680681229e-03
5.369714926928281784e-03 1.888990961015224457e-02
1.199735328555107117e-03 -1.781523972749710083e-02
1.641970011405646801e-03 1.831383095122873783e-03
5.151875084266066551e-04 -5.623536650091409683e-03
5.356068722903728485e-04 -3.980071283876895905e-03
2.420989585516508669e-05 -2.953211078420281410e-03
4.940473590977489948e-04 -3.687007585540413857e-03
5.691412370651960373e-04 -3.858407028019428253e-03
5.379352951422333717e-04 -3.095630556344985962e-03
3.884087549522519112e-03 1.227366365492343903e-02
8.396003249799832702e-05 -2.781372750177979469e-03
5.288342945277690887e-04 -3.512421855702996254e-03
6.081349565647542477e-04 -3.761228639632463455e-03
3.977268643211573362e-04 -3.425276139751076698e-03
6.223937380127608776e-04 -4.982226062566041946e-03
-2.914267824962735176e-03 -2.862423192709684372e-03
5.564918974414467812e-04 -3.891224507242441177e-03
3.628568025305867195e-03 1.089575421065092087e-02
5.439878441393375397e-04 -3.954212181270122528e-03
5.969242192804813385e-05 -2.698264317587018013e-03
1.684921560809016228e-03 2.355236094444990158e-03
4.713158705271780491e-04 -3.568966174498200417e-03
2.875818638131022453e-03 5.370986647903919220e-03
6.338525563478469849e-04 -2.340260194614529610e-03
3.659016219899058342e-04 -3.830811707302927971e-03
3.539133584126830101e-03 1.088585983961820602e-02
5.429413286037743092e-04 -2.991101704537868500e-03
4.028433468192815781e-04 -3.661314025521278381e-03
4.259580746293067932e-03 1.422145869582891464e-02
5.810669972561299801e-04 -6.199484691023826599e-03
9.067416976904496551e-05 -3.071968210861086845e-03
4.651808412745594978e-04 -5.320705939084291458e-03
3.314103523734956980e-04 -2.832584315910935402e-03
5.039345705881714821e-04 -3.047812497243285179e-03
4.651518247555941343e-04 -3.746748436242341995e-03
6.487286882475018501e-04 -5.584785714745521545e-03
5.300428601913154125e-04 -2.929271897301077843e-03
3.732673576450906694e-05 -2.640473190695047379e-03
2.715349837671965361e-04 -2.821974689140915871e-03
4.563112161122262478e-04 -3.452460281550884247e-03
-1.472448493586853147e-04 -2.929977141320705414e-03
1.268647843971848488e-03 -1.967231184244155884e-02
-1.098890090361237526e-03 -2.564142225310206413e-03
-3.722306864801794291e-04 -3.782884683459997177e-03
4.491237923502922058e-03 1.494175661355257034e-02
7.946280529722571373e-04 -7.915056310594081879e-03
5.436647334136068821e-04 -3.642394440248608589e-03
8.316156454384326935e-04 -8.831845596432685852e-03
5.921175237745046616e-03 2.176957391202449799e-02
-1.503181178122758865e-03 -2.797132357954978943e-03
9.152050479315221310e-04 -1.101578772068023682e-02
4.754340625368058681e-04 -3.152907127514481544e-03
4.931358271278440952e-04 -3.325594589114189148e-03
-4.806369077414274216e-03 -3.059906885027885437e-03
4.149707383476197720e-04 -3.533351002261042595e-03
2.324697328731417656e-03 4.479782190173864365e-03
7.233100477606058121e-04 -8.156451396644115448e-03
3.487811191007494926e-03 1.077724806964397430e-02
4.647350287996232510e-04 -3.313635243102908134e-03
3.125067451037466526e-04 -3.320811549201607704e-03
5.373949534259736538e-04 -5.679008550941944122e-03
4.953216295689344406e-03 1.733475923538208008e-02
4.561515233945101500e-04 -3.255805466324090958e-03
4.555024672299623489e-03 1.545641291886568069e-02
7.011978887021541595e-04 -6.769719533622264862e-03
7.677687099203467369e-04 -8.396026678383350372e-03
1.131516182795166969e-03 -1.626951619982719421e-02
7.557774079032242298e-04 -7.818326354026794434e-03
4.575710627250373363e-04 -5.154177546501159668e-03
4.600934684276580811e-03 1.552257779985666275e-02
4.894694313406944275e-03 1.762194745242595673e-02
5.617605638690292835e-04 -5.998066160827875137e-03
7.965342956595122814e-04 -8.924392051994800568e-03
3.889513202011585236e-03 1.282626483589410782e-02
4.576867795549333096e-04 -3.664759220555424690e-03
2.903079730458557606e-04 -2.994851674884557724e-03
7.453842554241418839e-04 -7.815354503691196442e-03
6.671926239505410194e-04 -5.857089534401893616e-03
7.450866978615522385e-04 -7.622175849974155426e-03
4.592020413838326931e-04 -4.105226602405309677e-03
1.921630348078906536e-03 3.827661741524934769e-03
4.179676761850714684e-04 -4.837392829358577728e-03
5.166660994291305542e-04 -3.038736060261726379e-03
5.264165229164063931e-04 -5.379059351980686188e-03
7.790894014760851860e-04 -1.131321210414171219e-02
5.328353145159780979e-04 -3.529608016833662987e-03
4.253071674611419439e-04 -2.890808740630745888e-03
5.624488112516701221e-04 -3.876681672409176826e-03
5.804614629596471786e-04 -3.412930993363261223e-03
1.846660044975578785e-03 2.191587351262569427e-03
4.174118803348392248e-04 -3.719617146998643875e-03
5.746747483499348164e-04 -3.492489457130432129e-03
3.867809195071458817e-03 1.227612607181072235e-02
4.685957450419664383e-03 1.560469996184110641e-02
5.151670193299651146e-04 -5.396087188273668289e-03
6.153360009193420410e-04 -4.156996496021747589e-03
5.120508139953017235e-04 -4.438897594809532166e-03
2.393306698650121689e-03 5.602973513305187225e-03
4.389970854390412569e-04 -2.953548450022935867e-03
8.109150803647935390e-04 -1.188328396528959274e-02
6.486343918368220329e-04 -6.031177472323179245e-03
4.850169934798032045e-04 -5.122050642967224121e-03
-2.660369209479540586e-04 -3.727924777194857597e-03
3.514161289785988629e-05 -3.392743412405252457e-03
4.921139334328472614e-04 -3.150986973196268082e-03
6.460571195930242538e-03 2.459872700273990631e-02
4.708733467850834131e-04 -3.718656022101640701e-03
1.785450294846668839e-04 -2.746152691543102264e-03
4.436302406247705221e-04 -3.575504291802644730e-03
5.037375958636403084e-04 -2.733621979132294655e-03
5.119022680446505547e-04 -3.532291855663061142e-03
4.540353082120418549e-03 1.509741786867380142e-02
5.443693371489644051e-04 -5.338412709534168243e-03
2.863984718715073541e-06 -2.922144951298832893e-03
3.919838345609605312e-04 -2.305865753442049026e-03
6.755822338163852692e-03 2.568887919187545776e-02
9.410195634700357914e-04 -1.316417939960956573e-02
4.331896780058741570e-04 -5.066816695034503937e-03
8.093102369457483292e-04 -1.225827168673276901e-02
7.901422213762998581e-04 -9.069003164768218994e-03
4.670965136028826237e-04 -3.770826617255806923e-03
8.078511455096304417e-04 -1.185608375817537308e-02
6.484240875579416752e-04 -4.282962530851364136e-03
4.842353984713554382e-03 1.687067374587059021e-02
6.517169531434774399e-03 2.448697760701179504e-02
7.184402202256023884e-04 -2.456311369314789772e-03
1.676809391938149929e-03 2.013229299336671829e-03
-7.871818961575627327e-04 -2.966909902170300484e-03
-2.444415586069226265e-03 -3.544983221217989922e-03
6.460939999669790268e-03 2.477205172181129456e-02
5.294961156323552132e-04 -3.614861285313963890e-03
6.109743379056453705e-03 2.299200370907783508e-02
3.815794480033218861e-04 -2.926382236182689667e-03
5.870866123586893082e-03 2.180904336273670197e-02
6.357663776725530624e-03 2.399005554616451263e-02
5.312587745720520616e-05 -3.342118579894304276e-03
5.359701463021337986e-04 -4.876695107668638229e-03
5.211757961660623550e-04 -3.684340044856071472e-03
6.185958627611398697e-04 -3.677957691252231598e-03
5.062854615971446037e-04 -3.668475663289427757e-03
4.569173324853181839e-04 -3.635335247963666916e-03
4.935801844112575054e-04 -2.982509322464466095e-03
4.426120140124112368e-04 -4.035804886370897293e-03
4.084627144038677216e-04 -3.844091901555657387e-03
4.784864722751080990e-04 -5.281179212033748627e-03
3.852478403132408857e-04 -4.170398693531751633e-03
5.018178489990532398e-04 -5.331065971404314041e-03
7.993858889676630497e-04 -1.128043979406356812e-02
1.244703191332519054e-03 -1.939412578940391541e-02
3.313145833089947701e-03 9.576431475579738617e-03
4.529077268671244383e-04 -5.337707232683897018e-03
6.466915510827675462e-05 -3.199752187356352806e-03
8.140575955621898174e-04 -9.687687270343303680e-03
5.285132210701704025e-03 1.980147697031497955e-02
3.781967097893357277e-03 1.178307924419641495e-02
-7.131147431209683418e-04 -3.222707659006118774e-03
-6.437311531044542789e-04 -2.920749830082058907e-03
1.054785447195172310e-03 -1.507773809134960175e-02
3.742463421076536179e-03 1.144223753362894058e-02
5.783407250419259071e-04 -3.257109783589839935e-03
4.865722265094518661e-03 1.660021208226680756e-02
8.283171337097883224e-04 -9.689855389297008514e-03
4.712625232059508562e-04 -2.533461432904005051e-03
7.029594853520393372e-04 -2.651655115187168121e-03
5.269268294796347618e-04 -3.684797324240207672e-03
6.662411760771647096e-05 -3.029383253306150436e-03
6.132952403277158737e-03 2.312382683157920837e-02
4.460441879928112030e-03 1.535204239189624786e-02
4.387137014418840408e-04 -3.504134481772780418e-03
4.312849196139723063e-04 -3.309898078441619873e-03
5.766148678958415985e-04 -3.336653113365173340e-03
2.715846057981252670e-04 -3.255920251831412315e-03
5.920297116972506046e-04 -3.675590734928846359e-03
6.810327759012579918e-04 -8.832353167235851288e-03
5.866303574293851852e-03 2.178914844989776611e-02
7.722984883002936840e-04 -1.033448241651058197e-02
4.040462372358888388e-04 -3.784537315368652344e-03
4.527941346168518066e-04 -3.830736270174384117e-03
8.027176954783499241e-04 -8.898302912712097168e-03
5.868394859135150909e-03 2.168388478457927704e-02
-8.312072022818028927e-04 -3.314780304208397865e-03
4.532595630735158920e-04 -4.964680410921573639e-03
-7.122261449694633484e-04 -4.218956455588340759e-03
4.893777077086269855e-04 -3.655689768493175507e-03
4.824461066164076328e-04 -5.322244949638843536e-03
7.165815914049744606e-04 -7.653245702385902405e-03
4.261739377398043871e-04 -3.266253042966127396e-03
-6.647662073373794556e-02 1.180825848132371902e-02
7.362428586930036545e-03 2.799053490161895752e-02
7.747811032459139824e-04 -7.633454166352748871e-03
-8.935968508012592793e-04 -3.210992319509387016e-03
5.162349902093410492e-03 1.767716929316520691e-02
7.711846265010535717e-04 -9.169711731374263763e-03
1.692060381174087524e-03 2.166269812732934952e-03
7.839458994567394257e-04 -9.845955297350883484e-03
7.295022369362413883e-04 -7.934987545013427734e-03
3.489192458800971508e-04 -3.777822945266962051e-03
-2.260144829051569104e-04 -3.185777924954891205e-03
5.342662334442138672e-04 -3.770626150071620941e-03
6.442259065806865692e-03 2.452428266406059265e-02
5.196454585529863834e-04 -4.094957839697599411e-03
5.372127052396535873e-03 1.920029520988464355e-02
-8.514205110259354115e-04 -2.379608340561389923e-03
1.740211271680891514e-03 1.737570855766534805e-03
7.977454806677997112e-04 -8.832711726427078247e-03
3.411620564293116331e-04 -2.729385392740368843e-03
7.495079771615564823e-04 -7.267252076417207718e-03
6.574146100319921970e-04 -5.051193758845329285e-03
3.977171436417847872e-04 -3.611599327996373177e-03
2.115584444254636765e-03 3.259580116719007492e-03
5.238066078163683414e-04 -3.809649962931871414e-03
4.767398058902472258e-04 -5.215851124376058578e-03
5.863973055966198444e-04 -3.487116657197475433e-03
5.145836621522903442e-03 1.836330071091651917e-02
5.672267288900911808e-04 -4.778118338435888290e-03
4.818205197807401419e-04 -3.848276333883404732e-03
2.063676482066512108e-03 3.834835719317197800e-03
6.287739961408078671e-04 -5.782591644674539566e-03
-1.188885944429785013e-04 -4.375945311039686203e-03
3.566574305295944214e-04 -3.199940547347068787e-03
5.288723623380064964e-04 -3.600653260946273804e-03
5.724408547393977642e-04 -3.728891024366021156e-03
7.906871614977717400e-04 -8.352654986083507538e-03
7.683208677917718887e-04 -1.054624188691377640e-02
5.615143454633653164e-04 -5.666019860655069351e-03
4.785495402757078409e-04 -5.075418390333652496e-03
7.782205939292907715e-04 -1.131307892501354218e-02
7.771015516482293606e-04 -8.920555002987384796e-03
4.695194656960666180e-04 -3.395788837224245071e-03
4.703183367382735014e-04 -5.404747556895017624e-03
6.400942802429199219e-03 2.462352067232131958e-02
4.635012592189013958e-04 -3.573040245100855827e-03
6.197889801114797592e-03 2.320806123316287994e-02
8.583193994127213955e-04 -1.212882623076438904e-02
4.866912495344877243e-04 -3.713052719831466675e-03
1.193309202790260315e-03 -1.873612031340599060e-02
-9.552845149300992489e-04 -4.111617337912321091e-03
4.039735358674079180e-04 -3.899496048688888550e-03
1.298239338211715221e-03 7.771839154884219170e-04
6.656858604401350021e-03 2.496674098074436188e-02
6.567655364051461220e-04 -5.849372595548629761e-03
3.851655346807092428e-04 -3.715869970619678497e-03
8.752198773436248302e-04 -1.217508409172296524e-02
6.865946925245225430e-04 -6.192239932715892792e-03
7.249127957038581371e-04 -7.244011387228965759e-03
4.220638948027044535e-04 -4.584364127367734909e-03
4.155140195507556200e-04 -2.690496388822793961e-03
4.086753353476524353e-03 1.334642898291349411e-02
6.166296079754829407e-04 -4.197464790195226669e-03
7.673116633668541908e-04 -9.786709211766719818e-03
1.317954156547784805e-03 1.089783385396003723e-03
3.684651455841958523e-04 -3.287890227511525154e-03
4.083109379280358553e-04 -3.087465418502688408e-03
4.261490830685943365e-04 -3.269236767664551735e-03
2.307248068973422050e-03 5.552462767809629440e-03
1.767535461112856865e-03 2.243767259642481804e-03
5.221292376518249512e-04 -4.258585162460803986e-03
7.813092670403420925e-04 -1.135733257979154587e-02
6.136463023722171783e-03 2.331581898033618927e-02
6.375111406669020653e-04 -4.803461488336324692e-03
7.307112100534141064e-04 -1.051278319209814072e-02
-8.003209950402379036e-05 -4.132231231778860092e-03
-2.132347784936428070e-03 -2.913188189268112183e-03
7.980273803696036339e-04 -8.371386677026748657e-03
-1.239608740434050560e-03 -3.181685227900743484e-03
4.792204126715660095e-04 -2.238641725853085518e-03
-4.100652004126459360e-04 -3.201894462108612061e-03
5.171069060452282429e-04 -5.472050979733467102e-03
8.062106207944452763e-04 -8.522447198629379272e-03
4.808698140550404787e-04 -3.865873673930764198e-03
7.266102475114166737e-04 -7.887807674705982208e-03
-5.556196992984041572e-05 -2.472314517945051193e-03
2.419576281681656837e-03 5.462910979986190796e-03
5.542562576010823250e-04 -3.226040396839380264e-03
-8.963768184185028076e-02 1.729020662605762482e-02
6.288552656769752502e-03 2.421516738831996918e-02
5.277809104882180691e-04 -2.682331949472427368e-03
8.517795940861105919e-04 -1.197910495102405548e-02
6.135332398116588593e-03 2.320397086441516876e-02
-8.925051661208271980e-04 -3.043251810595393181e-03
-4.862161586061120033e-05 -2.981345402076840401e-03
7.852895651012659073e-04 -8.569121360778808594e-03
-2.176879439502954483e-03 -3.595234593376517296e-03
6.056081503629684448e-03 2.257519774138927460e-02
5.385298281908035278e-04 -5.749079398810863495e-03
6.395160686224699020e-03 2.419378980994224548e-02
2.996267867274582386e-04 -3.479894949123263359e-03
5.595503607764840126e-04 -1.547520281746983528e-03
3.405740018934011459e-03 1.016326341778039932e-02
6.185594014823436737e-03 2.314558438956737518e-02
1.107961987145245075e-03 1.314598484896123409e-04
3.576382296159863472e-04 -3.865559352561831474e-03
4.556641797535121441e-04 -5.127318203449249268e-03
-1.309473998844623566e-03 -3.343340940773487091e-03
5.812250310555100441e-04 -3.801746992394328117e-03
-4.174944187980145216e-04 -4.240438342094421387e-03
-8.307698881253600121e-04 -4.040357191115617752e-03
7.825308712199330330e-04 -1.122822612524032593e-02
-5.958627443760633469e-04 -3.317180788144469261e-03
4.772981046698987484e-04 -3.590644802898168564e-03
5.272680427879095078e-03 1.930618844926357269e-02
6.010706070810556412e-03 2.212214842438697815e-02
3.724224225152283907e-04 -3.982699941843748093e-03
5.619751755148172379e-03 1.991911232471466064e-02
7.676640525460243225e-04 -7.897170260548591614e-03
7.827550289221107960e-04 -1.226571295410394669e-02
2.939604222774505615e-03 5.493025295436382294e-03
-8.146998286247253418e-02 1.577762141823768616e-02
-1.251019566552713513e-04 -2.802843693643808365e-03
7.686464232392609119e-04 -9.567537344992160797e-03
4.566395189613103867e-03 1.559897605329751968e-02
5.803999374620616436e-04 -4.086059052497148514e-03
3.180165076628327370e-03 5.921513773500919342e-03
7.078926428221166134e-04 -6.106995977461338043e-03
6.897559505887329578e-04 -7.087741047143936157e-03
9.760039974935352802e-04 -1.564668677747249603e-02
4.901113570667803288e-04 -3.656205022707581520e-03
-8.373031741939485073e-04 -3.412804566323757172e-03
-8.652720600366592407e-02 1.665664650499820709e-02
8.042083354666829109e-04 -8.715618401765823364e-03
4.712444788310676813e-04 -3.853180212900042534e-03
4.581109096761792898e-04 -3.696224885061383247e-03
-5.372612504288554192e-04 -3.384912153705954552e-03
3.041189847863279283e-05 -2.891208278015255928e-03
5.068414378911256790e-03 1.777306757867336273e-02
7.759658037684857845e-04 -8.235628716647624969e-03
7.592820911668241024e-04 -1.523063285276293755e-03
-2.883359265979379416e-04 -3.139331471174955368e-03
5.440927925519645214e-04 -4.841813817620277405e-03
7.892316789366304874e-04 -1.208759844303131104e-02
-1.222242572112008929e-04 -2.694727154448628426e-03
3.822299651801586151e-03 1.186297461390495300e-02
5.880706012248992920e-03 2.193225547671318054e-02
5.119433626532554626e-04 -3.281599842011928558e-03
5.948883946985006332e-03 2.266023494303226471e-02
5.459229461848735809e-03 1.962378807365894318e-02
6.341035477817058563e-03 2.380995452404022217e-02
7.763442699797451496e-04 -1.186335925012826920e-02
-8.551490609534084797e-04 -3.061309922486543655e-03
5.370994331315159798e-04 -3.278444753959774971e-03
6.559028406627476215e-04 -2.824547933414578438e-03
2.831203397363424301e-03 7.586929015815258026e-03
4.738201387226581573e-04 -3.778788261115550995e-03
-2.059218095382675529e-04 -3.479113103821873665e-03
4.786025383509695530e-04 -4.797283094376325607e-03
6.208513397723436356e-03 2.373798377811908722e-02
4.751339438371360302e-04 -4.878211300820112228e-03
5.003616679459810257e-04 -4.423544742166996002e-03
-4.954779287800192833e-04 -3.116672392934560776e-03
4.625929286703467369e-04 -3.684852272272109985e-03
7.365568890236318111e-04 -8.272992447018623352e-03
7.321719895116984844e-04 -8.394718170166015625e-03
3.043232019990682602e-03 9.260652586817741394e-03
4.542991227935999632e-04 -5.054152570664882660e-03
4.824450297746807337e-04 -3.792495932430028915e-03
5.919828545302152634e-04 -3.385104238986968994e-03
4.138415097258985043e-04 -3.084043040871620178e-03
5.676702712662518024e-04 -3.970838617533445358e-03
-1.574496389366686344e-03 -3.470189636573195457e-03
5.428681033663451672e-04 -5.000862758606672287e-03
-7.975104963406920433e-04 -3.197868354618549347e-03
1.424423389835283160e-04 -3.151640063151717186e-03
5.351412110030651093e-04 -4.078689962625503540e-03
7.782321772538125515e-04 -8.525531738996505737e-03
-5.603453516960144043e-02 9.269054047763347626e-03
5.526031018234789371e-04 -3.759379731491208076e-03
5.941524868831038475e-04 -4.301089327782392502e-03
7.648624596185982227e-04 -9.171687066555023193e-03
1.791294198483228683e-03 2.351263538002967834e-03
5.206114146858453751e-04 -2.900491934269666672e-03
3.754367353394627571e-04 -3.210041671991348267e-03
5.034786881878972054e-04 -5.263158585876226425e-03
5.786770489066839218e-04 -3.516073804348707199e-03
3.755159210413694382e-03 1.182670146226882935e-02
5.583060556091368198e-04 -5.948779638856649399e-03
5.260093137621879578e-03 1.954264566302299500e-02
6.085965433157980442e-04 -3.753992030397057533e-03
4.665649612434208393e-04 -3.500009654089808464e-03
-3.396617714315652847e-03 -2.245540264993906021e-03
4.264306277036666870e-03 1.405197102576494217e-02
4.671620554290711880e-04 -3.255852730944752693e-03
5.179034778848290443e-04 -3.436293452978134155e-03
4.637433739844709635e-04 -3.777851117774844170e-03
1.499653735663741827e-04 -3.334575099870562553e-03
4.399954050313681364e-04 -2.725318074226379395e-03
2.181965101044625044e-04 -3.161400556564331055e-03
-1.736280537443235517e-04 -3.821877529844641685e-03
5.706258234567940235e-04 -4.067058209329843521e-03
5.073239444755017757e-04 -3.391587408259510994e-03
5.547931068576872349e-04 -5.640175659209489822e-03
4.013650119304656982e-03 1.267977058887481689e-02
4.256474203430116177e-04 -3.057741327211260796e-03
3.761959727853536606e-03 1.192576065659523010e-02
4.185503057669848204e-04 -2.336165634915232658e-03
8.001804817467927933e-04 -8.981744758784770966e-03
-3.090636455453932285e-04 -2.991506131365895271e-03
5.309560219757258892e-04 -3.949454985558986664e-03
1.223719911649823189e-03 -1.898611523211002350e-02
1.945559401065111160e-03 2.818391891196370125e-03
-1.054925029166042805e-03 -3.315740264952182770e-03
4.280083521734923124e-04 -3.757222788408398628e-03
5.554560339078307152e-04 -3.289630869403481483e-03
8.443306433036923409e-04 -9.906447492539882660e-03
5.099509726278483868e-04 -5.432727281004190445e-03
1.461778068915009499e-03 1.453048316761851311e-03
4.271455982234328985e-04 -3.240852616727352142e-03
3.568906395230442286e-04 -3.840127494186162949e-03
3.472880052868276834e-04 -3.368654986843466759e-03
4.879292391706258059e-04 -5.192047916352748871e-03
4.590238677337765694e-04 -4.625903442502021790e-03
5.976771004498004913e-03 2.164911665022373199e-02
2.377892233198508620e-04 -3.553714603185653687e-03
6.273644044995307922e-03 2.385377883911132812e-02
5.972445476800203323e-03 2.173413708806037903e-02
-4.286305629648268223e-04 -3.163967747241258621e-03
6.142541533336043358e-04 -2.968056127429008484e-03
5.729335825890302658e-04 -3.503850894048810005e-03
7.811096729710698128e-04 -1.188952103257179260e-02
8.367090049432590604e-05 -3.376520005986094475e-03
6.905170157551765442e-04 -7.006973959505558014e-03
7.877480820752680302e-04 -1.556322677060961723e-03
5.718137254007160664e-04 -6.086106877774000168e-03
7.235313532873988152e-04 -7.356290239840745926e-03
2.539520151913166046e-03 4.461427219212055206e-03
7.453646394424140453e-04 -1.068427041172981262e-02
3.877489652950316668e-04 -3.017234383150935173e-03
5.923307966440916061e-03 2.265196852385997772e-02
5.955267115496098995e-04 -3.218438941985368729e-03
5.598386051133275032e-04 -3.723422996699810028e-03
7.433262653648853302e-04 -9.716429747641086578e-03
4.522484668996185064e-04 -3.472141455858945847e-03
-6.622393266297876835e-04 -2.991630695760250092e-03
3.205559041816741228e-04 -4.307085182517766953e-03
7.228595786727964878e-04 -7.078161928802728653e-03
5.107657518237829208e-03 1.815219968557357788e-02
5.031421314924955368e-04 -3.684434341266751289e-03
5.786331603303551674e-04 -3.280717413872480392e-03
6.067998707294464111e-03 2.258584834635257721e-02
5.047903396189212799e-04 -3.479714505374431610e-03
4.200803523417562246e-04 -3.573280759155750275e-03
4.701988305896520615e-03 1.619523391127586365e-02
6.277020089328289032e-03 2.369048260152339935e-02
5.648658843711018562e-04 -2.905724802985787392e-03
2.394466660916805267e-03 5.220649298280477524e-03
1.396517018292797729e-05 -3.140285843983292580e-03
5.767105612903833389e-04 -2.887711627408862114e-03
4.986555431969463825e-04 -5.221802741289138794e-03
4.122817772440612316e-04 -3.917100373655557632e-03
6.214075721800327301e-03 2.391752041876316071e-02
5.365209653973579407e-04 -5.684868432581424713e-03
7.821299950592219830e-04 -1.162200979888439178e-02
7.586361607536673546e-04 -1.095022447407245636e-02
9.328921441920101643e-04 -1.495953276753425598e-02
5.717986496165394783e-04 -4.006559494882822037e-03
-7.546024280600249767e-04 -3.167897928506135941e-03
5.202753469347953796e-03 1.906318590044975281e-02
8.237185538746416569e-04 -1.205727178603410721e-02
6.620629574172198772e-04 -7.610684260725975037e-03
-8.134943200275301933e-04 -3.266416722908616066e-03
5.204750923439860344e-04 -3.402246860787272453e-03
5.601711454801261425e-04 -5.977989174425601959e-03
5.788795533590018749e-04 -3.931431099772453308e-03
1.117674517445266247e-03 -1.601685769855976105e-02
4.646676243282854557e-04 -3.400753252208232880e-03
5.129097844474017620e-04 -5.394906271249055862e-03
5.379586946219205856e-04 -3.816835582256317139e-03
6.149557302705943584e-04 -3.760853549465537071e-03
4.762816242873668671e-04 -3.976886626332998276e-03
7.749873911961913109e-04 -8.469567634165287018e-03
3.915153909474611282e-03 1.249257754534482956e-02
-8.354131714440882206e-04 -3.550961147993803024e-03
8.779469062574207783e-04 -1.089121215045452118e-02
5.508143221959471703e-04 -3.819481935352087021e-03
4.502177704125642776e-03 1.519028469920158386e-02
5.405646516010165215e-04 -5.267828702926635742e-03
7.280389545485377312e-04 -7.121072616428136826e-03
-2.330612769583240151e-04 -3.957046661525964737e-03
5.093393847346305847e-04 -2.631087787449359894e-03
5.916577647440135479e-04 -3.444854170083999634e-03
2.769232960417866707e-04 -3.680977271869778633e-03
5.940727889537811279e-03 2.257134392857551575e-02
4.474172368645668030e-03 1.455540116876363754e-02
-8.139472920447587967e-04 -3.031842410564422607e-03
7.684999727644026279e-04 -7.702595088630914688e-03
4.544957075268030167e-03 1.491378154605627060e-02
1.663962844759225845e-03 2.549310913309454918e-03
4.470508429221808910e-04 -3.537814831361174583e-03
4.266049363650381565e-04 -3.467368427664041519e-03
4.437413590494543314e-04 -3.987748641520738602e-03
2.931086637545377016e-04 -3.466792404651641846e-03
-3.750137693714350462e-06 -2.745677251368761063e-03
4.537447530310600996e-04 -3.579424694180488586e-03
5.692837876267731190e-04 -3.709592856466770172e-03
-1.189111615531146526e-03 -3.719837404787540436e-03
4.160530806984752417e-04 -3.549264511093497276e-03
5.445928545668721199e-04 -3.767348593100905418e-03
4.895544261671602726e-04 -3.870564512908458710e-03
7.691580685786902905e-04 -8.537529036402702332e-03
8.099977276287972927e-04 -8.404423482716083527e-03
3.793053328990936279e-04 -3.437974723055958748e-03
6.344282301142811775e-04 -5.813741590827703476e-03
5.352948792278766632e-04 -3.549033775925636292e-03
6.276245228946208954e-03 2.370987832546234131e-02
-7.933340221643447876e-02 1.481663994491100311e-02
2.454005880281329155e-03 4.687692504376173019e-03
5.110747297294437885e-04 -3.392829792574048042e-03
3.555033472366631031e-04 -3.961845301091670990e-03
4.747100756503641605e-04 -3.741101128980517387e-03
2.934693126007914543e-03 7.086958270519971848e-03
5.372245796024799347e-04 -3.957367036491632462e-03
7.565778796561062336e-04 -9.141429327428340912e-03
5.580868455581367016e-04 -3.267223713919520378e-03
6.549166049808263779e-03 2.500500343739986420e-02
-4.203751741442829370e-04 -4.077130928635597229e-03
-7.340201991610229015e-04 -3.244299441576004028e-03
6.581193883903324604e-04 -5.128760356456041336e-03
4.943294916301965714e-04 -3.724488196894526482e-03
5.149280186742544174e-04 -5.432588513940572739e-03
4.118581127841025591e-04 -3.720256732776761055e-03
5.695067811757326126e-04 -4.079983104020357132e-03
6.211855914443731308e-03 2.377267926931381226e-02
8.477732772007584572e-04 -1.217324752360582352e-02
4.357024736236780882e-04 -3.560332814231514931e-03
6.168263033032417297e-03 2.360780164599418640e-02
2.828733529895544052e-03 5.281730089336633682e-03
7.589804008603096008e-04 -7.474025711417198181e-03
4.101124126464128494e-03 1.342255063354969025e-02
-7.460028398782014847e-03 -2.216449938714504242e-03
5.012805922888219357e-04 -4.893326200544834137e-03
4.255240783095359802e-04 -4.256449174135923386e-03
5.278324242681264877e-04 -5.537932738661766052e-03
6.974254501983523369e-04 -6.550640799105167389e-03
4.802822950296103954e-04 -3.721120534464716911e-03
6.142254918813705444e-03 2.305179834365844727e-02
7.579023949801921844e-04 -7.558968849480152130e-03
-1.043016556650400162e-03 -4.093793686479330063e-03
8.152882801368832588e-04 -9.804266504943370819e-03
4.501633229665458202e-04 -3.744042711332440376e-03
-4.207216203212738037e-03 -2.704790793359279633e-03
5.853862501680850983e-03 2.131744846701622009e-02
-1.854283036664128304e-03 -3.174638375639915466e-03
4.032395281683420762e-06 -3.056655405089259148e-03
3.769868053495883942e-04 -3.461432876065373421e-03
3.862189478240907192e-04 -4.170438274741172791e-03
5.831650341860949993e-04 -3.189347451552748680e-03
4.140370874665677547e-04 -3.487691981717944145e-03
4.785916826222091913e-04 -3.859877819195389748e-03
5.352173466235399246e-04 -4.985854495316743851e-03
1.643939467612653971e-04 -2.327310852706432343e-03
-8.173144608736038208e-02 1.582145690917968750e-02
4.899670020677149296e-04 -3.913174383342266083e-03
3.789909242186695337e-04 -3.324395976960659027e-03
2.166654303437098861e-04 -2.650804352015256882e-03
1.591836567968130112e-03 2.025496447458863258e-03
5.262625054456293583e-04 -4.487688187509775162e-03
5.182115128263831139e-04 -3.188594942912459373e-03
5.591692170128226280e-04 -3.413908882066607475e-03
-7.663639634847640991e-02 1.470729243010282516e-02
-4.903242806904017925e-04 -2.985314233228564262e-03
4.165165228187106550e-05 -3.121536457911133766e-03
2.335634315386414528e-03 5.223928950726985931e-03
-3.747280279640108347e-04 -3.511822316795587540e-03
5.572858499363064766e-04 -5.927332211285829544e-03
5.888174637220799923e-04 -4.013145808130502701e-03
4.049476410727947950e-04 -3.549346001818776131e-03
4.431093577295541763e-03 1.552456431090831757e-02
-8.035198552533984184e-04 -3.097014734521508217e-03
4.732865199912339449e-04 -3.808646230027079582e-03
4.587856237776577473e-04 -3.160045249387621880e-03
6.461779121309518814e-04 -2.483642194420099258e-03
-2.150853833882138133e-04 -2.858031308278441429e-03
7.837287848815321922e-04 -7.465062662959098816e-03
7.619846728630363941e-04 -6.896156817674636841e-03
5.338773131370544434e-03 1.925378665328025818e-02
4.510526778176426888e-04 -4.235937725752592087e-03
4.476393805816769600e-04 -3.111595986410975456e-03
5.850167945027351379e-04 -3.389410441741347313e-03
1.616104418644681573e-04 -3.344174940139055252e-03
3.774263896048069000e-03 1.191001757979393005e-02
4.333911347202956676e-04 -4.238240886479616165e-03
7.171885226853191853e-04 -1.042673364281654358e-02
4.550995945464819670e-04 -5.167284980416297913e-03
1.877630245871841908e-03 2.102691913023591042e-03
7.854367722757160664e-04 -9.924957528710365295e-03
5.328085971996188164e-04 -2.891365671530365944e-03
8.168570930138230324e-04 -9.729020297527313232e-03
5.964884185232222080e-04 -3.529579145833849907e-03
-7.671251147985458374e-02 1.482508145272731781e-02
-5.881142569705843925e-04 -3.438765183091163635e-03
-1.854292349889874458e-03 -3.049761056900024414e-03
-6.219995702849701047e-05 -3.982804249972105026e-03
-9.405257878825068474e-04 -4.072075244039297104e-03
3.396787215024232864e-04 -4.000319167971611023e-03
5.336223402991890907e-04 -3.395867068320512772e-03
5.445090937428176403e-04 -3.657204331830143929e-03
4.631705582141876221e-03 1.513493526726961136e-02
6.305483635514974594e-03 2.416926994919776917e-02
1.200327416881918907e-03 8.009382872842252254e-04
6.759472889825701714e-04 -6.694810464978218079e-03
5.698672030121088028e-04 -6.030637305229902267e-03
-1.352771534584462643e-03 -3.085385542362928391e-03
5.091938073746860027e-04 -5.336246918886899948e-03
5.930024199187755585e-04 -3.254882292822003365e-03
2.805900876410305500e-04 -4.137365147471427917e-03
6.009611301124095917e-03 2.264053374528884888e-02
-3.791738301515579224e-03 -2.629552036523818970e-03
4.832654376514256001e-04 -3.692584577947854996e-03
2.023514825850725174e-03 3.563714679330587387e-03
6.113298004493117332e-04 -3.970826044678688049e-03
4.304755944758653641e-03 1.401167362928390503e-02
5.876475479453802109e-04 -3.951890859752893448e-03
-2.176294947275891900e-04 -2.914402401074767113e-03
-5.134497769176959991e-04 -3.021967830136418343e-03
3.902482800185680389e-03 1.237641368061304092e-02
-8.316863677464425564e-04 -2.927117282524704933e-03
7.300903671421110630e-04 -1.039886381477117538e-02
5.772692617028951645e-03 2.112109214067459106e-02
4.854014143347740173e-03 1.681037992238998413e-02
-9.556989534758031368e-04 -3.247895045205950737e-03
4.240438865963369608e-04 -3.600420895963907242e-03
3.952243423555046320e-04 -3.631670260801911354e-03
5.949990823864936829e-03 2.254482544958591461e-02
7.134108454920351505e-04 -7.008071523159742355e-03
5.122463335283100605e-04 -5.337862297892570496e-03
4.896453465335071087e-04 -5.258123856037855148e-03
1.237393356859683990e-03 -1.926637254655361176e-02
4.261864523869007826e-04 -3.239340614527463913e-03
3.576937306206673384e-04 -3.956503700464963913e-03
3.254647017456591129e-04 -2.543285256251692772e-03
6.403704173862934113e-04 -3.439415944740176201e-03
5.719625623896718025e-04 -4.386436194181442261e-03
7.798208971507847309e-04 -1.137998327612876892e-02
1.746209803968667984e-03 1.909944345243275166e-03
-4.608659073710441589e-04 -4.109974950551986694e-03
1.263857935555279255e-03 6.012319354340434074e-04
5.716978572309017181e-03 2.133706770837306976e-02
4.518851637840270996e-03 1.493699941784143448e-02
3.609367122408002615e-04 -3.722498426213860512e-03
-3.670698497444391251e-04 -3.042159834876656532e-03
4.250365891493856907e-04 -3.347799880430102348e-03
-1.512873335741460323e-03 -3.436312777921557426e-03
6.666139815934002399e-04 -4.249065648764371872e-03
3.445081820245832205e-04 -3.381027840077877045e-03
4.670833877753466368e-04 -3.660174552351236343e-03
5.799219361506402493e-04 -3.486292669549584389e-03
4.849059041589498520e-04 -3.268305212259292603e-03
3.693390463013201952e-04 -2.791032893583178520e-03
-9.106675279326736927e-04 -3.927747253328561783e-03
2.899401006288826466e-04 -3.123898291960358620e-03
-3.574744332581758499e-04 -4.336472600698471069e-03
6.127292872406542301e-04 -3.976797685027122498e-03
5.665363278239965439e-04 -3.850609762594103813e-03
6.227025296539068222e-04 -3.752311924472451210e-03
5.096837994642555714e-04 -3.447767579928040504e-03
5.107419565320014954e-04 -3.457530401647090912e-03
4.095692187547683716e-03 1.369116175919771194e-02
7.845800719223916531e-04 -8.444082923233509064e-03
4.336018173489719629e-04 -4.083904903382062912e-03
1.020670984871685505e-03 -1.368196401745080948e-02
1.680190325714647770e-03 1.968411961570382118e-03
5.555725656449794769e-04 -5.666647572070360184e-03
6.161484401673078537e-03 2.254658006131649017e-02
7.288218475878238678e-04 -9.327675215899944305e-03
4.840387846343219280e-04 -3.346230601891875267e-03
3.774054115638136864e-03 1.138826739042997360e-02
4.953471943736076355e-03 1.769663766026496887e-02
-4.008276737295091152e-04 -2.964125946164131165e-03
5.141110741533339024e-04 -3.731103613972663879e-03
4.772686515934765339e-04 -5.222952459007501602e-03
4.673992807511240244e-04 -3.512300550937652588e-03
7.852703856769949198e-05 -2.483362331986427307e-03
-3.750555042643100023e-04 -2.892831107601523399e-03
5.151579971425235271e-04 -5.354534834623336792e-03
5.166275892406702042e-03 1.809865050017833710e-02
3.553896967787295580e-04 -3.765743924304842949e-03
5.164063768461346626e-04 -3.435468766838312149e-03
5.516645964235067368e-03 2.081078849732875824e-02
5.847915308550000191e-04 -3.502588253468275070e-03
7.456115563400089741e-04 -7.581931538879871368e-03
6.299770902842283249e-04 -2.398926764726638794e-03
-2.626299392431974411e-03 -3.541663289070129395e-03
2.847052412107586861e-03 7.716859690845012665e-03
3.792023053392767906e-04 -3.268617903813719749e-03
6.722435937263071537e-04 -6.776740774512290955e-03
5.617236252874135971e-03 2.002421021461486816e-02
6.328224670141935349e-03 2.423487789928913116e-02
5.629695951938629150e-03 2.109131217002868652e-02
6.758939707651734352e-04 -5.114718805998563766e-03
6.251571699976921082e-03 2.370505779981613159e-02
-7.983510941267013550e-02 1.511611230671405792e-02
3.972137928940355778e-04 -3.651886479929089546e-03
3.684991388581693172e-04 -3.593215486034750938e-03
6.732876645401120186e-04 -5.495726596564054489e-03
4.441952332854270935e-04 -5.002694670110940933e-03
6.479422445408999920e-04 -6.358987651765346527e-03
4.486385732889175415e-04 -3.659356152638792992e-03
5.560353863984346390e-03 2.063404582440853119e-02
1.773010590113699436e-04 -2.689525019377470016e-03
-1.488951034843921661e-03 -3.243552753701806068e-03
3.522030543535947800e-03 1.092791091650724411e-02
4.422761034220457077e-03 1.552218385040760040e-02
4.608811810612678528e-03 1.518363319337368011e-02
5.558242555707693100e-04 -5.880959797650575638e-03
4.618780221790075302e-04 -3.757151076570153236e-03
7.525395485572516918e-04 -2.377980388700962067e-03
7.145935087464749813e-04 -7.976263761520385742e-03
4.683698934968560934e-04 -5.024047102779150009e-03
3.861497854813933372e-03 1.241204421967267990e-02
5.541509017348289490e-03 2.036302722990512848e-02
2.145080798072740436e-04 -3.940763417631387711e-03
-3.694154438562691212e-04 -3.790093585848808289e-03
3.111899713985621929e-04 -2.392038237303495407e-03
9.663408127380535007e-05 -2.895605517551302910e-03
6.281787063926458359e-04 -3.562821075320243835e-03
4.745272744912654161e-04 -3.758888458833098412e-03
2.185945731980609708e-06 -2.751195337623357773e-03
4.801155882887542248e-04 -2.933443756774067879e-03
2.941000275313854218e-03 5.449012853205204010e-03
5.311076529324054718e-04 -3.581586061045527458e-03
4.990545567125082016e-04 -4.637294448912143707e-03
1.002809847705066204e-03 -1.313468720763921738e-02
1.744345878250896931e-03 2.476829336956143379e-03
2.819110406562685966e-03 7.627501618117094040e-03
7.739044376648962498e-04 -7.979309186339378357e-03
5.318318726494908333e-04 -3.923841752111911774e-03
4.722589626908302307e-03 1.603578403592109680e-02
5.659980699419975281e-03 2.052220702171325684e-02
4.210989456623792648e-03 1.387815177440643311e-02
7.666694582439959049e-04 -1.094773598015308380e-02
5.360645009204745293e-04 -5.583457648754119873e-03
2.634495263919234276e-03 6.850574165582656860e-03
5.328963161446154118e-04 -3.862609388306736946e-03
7.291715592145919800e-04 -8.562364615499973297e-03
4.916367586702108383e-03 1.689006574451923370e-02
2.784825861454010010e-03 7.555310148745775223e-03
-1.094585750252008438e-03 -3.557260846719145775e-03
6.570610683411359787e-03 2.500326558947563171e-02
5.849790759384632111e-03 2.199169993400573730e-02
5.426366114988923073e-04 -3.912617918103933334e-03
1.455086283385753632e-03 1.924294629134237766e-03
8.137575932778418064e-04 -1.172250322997570038e-02
5.742957000620663166e-04 -3.864109283313155174e-03
6.021485198289155960e-03 2.225943654775619507e-02
4.540479858405888081e-04 -4.938427358865737915e-03
1.474155724281445146e-04 -4.263012204319238663e-03
5.257097072899341583e-04 -3.623889526352286339e-03
-1.768173751770518720e-05 -2.980803837999701500e-03
3.953663632273674011e-03 1.267497986555099487e-02
5.703541915863752365e-03 2.060256898403167725e-02
-8.187198545783758163e-05 -4.120720084756612778e-03
4.719772376120090485e-03 1.638835296034812927e-02
5.554396775551140308e-04 -4.143306985497474670e-03
2.912295283749699593e-03 5.402118898928165436e-03
6.953712436370551586e-04 -5.691621918231248856e-03
4.611581680364906788e-04 -3.192341420799493790e-03
5.239887395873665810e-04 -5.714080296456813812e-03
5.797159392386674881e-03 2.150675654411315918e-02
6.354225333780050278e-03 2.397127635776996613e-02
-1.700515567790716887e-04 -3.423228394240140915e-03
1.282011624425649643e-03 -2.005861885845661163e-02
5.973169580101966858e-03 2.270072326064109802e-02
5.796593613922595978e-04 -6.082316394895315170e-03
-9.483924804953858256e-05 -3.100347705185413361e-03
7.655703229829668999e-04 -8.138544857501983643e-03
6.156340241432189941e-04 -4.047586116939783096e-03
-3.410303615964949131e-04 -3.090989543125033379e-03
-7.468400895595550537e-02 1.441365107893943787e-02
5.266157095320522785e-04 -3.408205695450305939e-03
7.684969459660351276e-04 -1.014206930994987488e-02
-2.394041657680645585e-04 -3.095982363447546959e-03
1.944447518326342106e-03 2.803092822432518005e-03
7.053562439978122711e-04 -6.825039628893136978e-03
4.184042627457529306e-04 -2.905530622228980064e-03
-7.950956933200359344e-04 -3.465834306553006172e-03
-1.352037652395665646e-04 -2.916891593486070633e-03
7.741558365523815155e-04 -9.562774561345577240e-03
5.249739624559879303e-04 -4.090297501534223557e-03
5.315666785463690758e-04 -4.472598899155855179e-03
6.817481014877557755e-03 2.624919265508651733e-02
6.394759286195039749e-03 2.343427948653697968e-02
5.140809807926416397e-03 1.826736144721508026e-02
1.634032465517520905e-03 2.153360517695546150e-03
7.620102260261774063e-04 -8.964522741734981537e-03
4.643300198949873447e-04 -3.389334073290228844e-03
-7.444605580531060696e-04 -3.173523116856813431e-03
4.853596619796007872e-04 -5.217373371124267578e-03
2.425460377708077431e-03 5.016468465328216553e-03
-4.969758811057545245e-05 -3.105730516836047173e-03
6.129999645054340363e-03 2.342899329960346222e-02
4.744912148453295231e-04 -3.176275407895445824e-03
4.334240220487117767e-03 1.517662126570940018e-02
5.637984257191419601e-03 2.068838290870189667e-02
1.072159386239945889e-03 -1.445220841560512781e-04
2.050909213721752167e-03 3.131499513983726501e-03
5.770453717559576035e-04 -3.814660711213946342e-03
3.679993096739053726e-03 1.158309727907180786e-02
-6.305336137302219868e-04 -3.149032825604081154e-03
7.029816624708473682e-04 -8.459687232971191406e-03
2.818230132106691599e-04 -3.519567893818020821e-03
8.520212722942233086e-04 -9.949428029358386993e-03
6.884769536554813385e-04 -7.229057606309652328e-03
8.444507839158177376e-04 -1.208555139601230621e-02
6.813944783061742783e-04 -6.366294808685779572e-03
5.743200890719890594e-03 2.088165469467639923e-02
4.512256127782166004e-04 -3.581026801839470863e-03
4.892399068921804428e-03 1.672775112092494965e-02
4.837055166717618704e-04 -3.125501098111271858e-03
5.630922969430685043e-04 -6.014693994075059891e-03
6.409471970982849598e-04 -3.190874587744474411e-03
5.827947054058313370e-03 2.178841270506381989e-02
5.167650524526834488e-04 -5.520422011613845825e-03
7.902560173533856869e-04 -1.012828294187784195e-02
5.116514512337744236e-04 -5.380893126130104065e-03
5.575445480644702911e-03 2.136614359915256500e-02
2.665256848558783531e-03 6.729332730174064636e-03
8.352622971870005131e-04 -8.821799419820308685e-03
5.685347714461386204e-04 -3.542308695614337921e-03
7.061557262204587460e-04 -7.468513678759336472e-03
5.475909914821386337e-03 2.038839273154735565e-02
7.504041423089802265e-04 -1.087438594549894333e-02
5.303457845002412796e-03 1.831370778381824493e-02
4.405984509503468871e-05 -3.186596324667334557e-03
7.211531628854572773e-04 -7.928797043859958649e-03
4.351497627794742584e-04 -3.677756991237401962e-03
5.658500595018267632e-04 -2.746310550719499588e-03
4.065957036800682545e-04 -3.929279744625091553e-03
6.220635026693344116e-03 2.321216836571693420e-02
4.219489637762308121e-04 -3.884476842358708382e-03
2.688669366762042046e-03 4.812598694115877151e-03
6.116772536188364029e-03 2.184989303350448608e-02
3.562813799362629652e-04 -3.716361243277788162e-03
4.910704446956515312e-04 -3.234323114156723022e-03
2.845534181687980890e-04 -3.437136998400092125e-03
5.977438413538038731e-04 -4.982251673936843872e-03
4.572687204927206039e-03 1.592158153653144836e-02
-9.099519229494035244e-04 -3.995157312601804733e-03
3.588313993532210588e-04 -2.956174546852707863e-03
5.976724205538630486e-04 -2.698387019336223602e-03
1.332108513452112675e-04 -4.024526569992303848e-03
-5.995693430304527283e-02 1.054272986948490143e-02
4.140746023040264845e-04 -3.280552336946129799e-03
5.763638764619827271e-04 -3.923072945326566696e-03
6.544026546180248260e-04 -6.198320537805557251e-03
7.345383055508136749e-04 -7.837224751710891724e-03
8.069575997069478035e-04 -9.012334980070590973e-03
7.624762947671115398e-04 -8.131990209221839905e-03
-7.827165722846984863e-02 1.487504504621028900e-02
5.476100486703217030e-04 -4.966621752828359604e-03
4.912594449706375599e-04 -3.324557794257998466e-03
4.427861713338643312e-04 -5.032449960708618164e-03
7.623015553690493107e-04 -1.068840455263853073e-02
-1.206196728162467480e-03 -3.182459389790892601e-03
5.729196593165397644e-03 2.126857638359069824e-02
4.208981059491634369e-03 1.301916129887104034e-02
-4.319960135035216808e-04 -4.067430272698402405e-03
7.609167369082570076e-04 -1.115622930228710175e-02
-3.438235726207494736e-04 -2.971627982333302498e-03
4.169024992734193802e-03 1.341780554503202438e-02
5.608077626675367355e-04 -3.361261682584881783e-03
5.149763892404735088e-04 -5.505953915417194366e-03
4.473035514820367098e-04 -3.678376087918877602e-03
6.225121906027197838e-04 -5.676036700606346130e-03
4.259724810253828764e-04 -3.863126737996935844e-03
4.696101241279393435e-04 -3.781858831644058228e-03
4.350685630924999714e-04 -4.650602117180824280e-03
4.064826760441064835e-03 1.283297501504421234e-02
-7.614467293024063110e-02 1.460501551628112793e-02
4.580658860504627228e-04 -3.671358339488506317e-03
5.296309827826917171e-04 -2.905209548771381378e-03
6.323277484625577927e-03 2.388015389442443848e-02
8.160936995409429073e-04 -9.053515270352363586e-03
4.093100316822528839e-03 1.338327582925558090e-02
5.162665620446205139e-04 -3.161447122693061829e-03
5.129699711687862873e-04 -5.397770553827285767e-03
6.349680013954639435e-03 2.359918877482414246e-02
4.537375643849372864e-03 1.526465918868780136e-02
4.755812115035951138e-04 -4.933396354317665100e-03
5.695986910723149776e-04 -4.731301218271255493e-03
5.777810001745820045e-04 -3.832964459434151649e-03
-2.321848645806312561e-03 -2.839310793206095695e-03
4.604824061971157789e-04 -5.277255084365606308e-03
6.382018327713012695e-04 -5.287915468215942383e-03
2.342574065551161766e-03 5.106151569634675980e-03
5.631591193377971649e-03 2.146313339471817017e-02
-5.713143764296546578e-05 -3.138755215331912041e-03
-1.763325883075594902e-03 -3.150863805785775185e-03
7.984292460605502129e-04 -9.383077733218669891e-03
-1.063617062754929066e-03 -3.938810899853706360e-03
4.084090236574411392e-03 1.326904911547899246e-02
7.617010269314050674e-04 -1.122050732374191284e-02
8.078200044110417366e-04 -8.807661943137645721e-03
5.601858138106763363e-04 -4.003596492111682892e-03
5.853347480297088623e-03 2.197735197842121124e-02
7.998676155693829060e-04 -8.791400119662284851e-03
6.267000921070575714e-03 2.344284392893314362e-02
5.153035745024681091e-04 -3.758759470656514168e-03
6.887011113576591015e-04 -6.429859437048435211e-03
-5.043392255902290344e-02 8.506507612764835358e-03
7.245552260428667068e-04 -1.072174403816461563e-02
6.623636465519666672e-03 2.527217194437980652e-02
3.039858536794781685e-03 8.132035844027996063e-03
-5.368479760363698006e-04 -3.184482455253601074e-03
7.785284542478621006e-04 -9.070223197340965271e-03
4.020252963528037071e-04 -3.201171522960066795e-03
5.324271973222494125e-03 1.859031431376934052e-02
3.557215095497667789e-04 -3.907786682248115540e-03
6.817825604230165482e-03 2.581501007080078125e-02
5.169209907762706280e-04 -5.093269981443881989e-03
5.477062077261507511e-04 -4.692884162068367004e-03
2.637590980157256126e-03 4.876313731074333191e-03
4.895720630884170532e-04 -5.150998011231422424e-03
4.759999283123761415e-04 -3.974827937781810760e-03
6.539792753756046295e-03 2.438168041408061981e-02
-3.604680532589554787e-04 -3.706385614350438118e-03
5.467935116030275822e-04 -3.345119301229715347e-03
5.361497169360518456e-04 -3.494925796985626221e-03
2.600692387204617262e-04 -2.925900276750326157e-03
8.050608448684215546e-04 -9.057535789906978607e-03
4.782869364134967327e-04 -3.720260690897703171e-03
5.249231471680104733e-04 -5.583452526479959488e-03
8.844030671752989292e-04 -1.029618922621011734e-02
3.122157941106706858e-04 -3.082610201090574265e-03
4.126775602344423532e-04 -3.716374048963189125e-03
-8.967153844423592091e-04 -4.175066947937011719e-03
5.990670528262853622e-03 2.274926193058490753e-02
5.065088625997304916e-04 -4.946025554090738297e-03
4.588774172589182854e-04 -4.105252213776111603e-03
5.567700718529522419e-04 -4.515060689300298691e-03
6.210285937413573265e-04 -3.747977083548903465e-03
3.181709689670242369e-05 -3.098939778283238411e-03
6.481973832705989480e-05 -3.277555108070373535e-03
4.851401026826351881e-04 -3.590371226891875267e-03
3.971049154642969370e-04 -3.348240396007895470e-03
6.437089294195175171e-03 2.442229166626930237e-02
7.636231021024286747e-04 -9.241371415555477142e-03
6.345100700855255127e-04 -3.736111801117658615e-03
1.106353709474205971e-03 -1.615336164832115173e-02
3.415617975406348705e-04 -2.862028777599334717e-03
7.937585469335317612e-04 -8.511320687830448151e-03
5.765018286183476448e-04 -3.972021397203207016e-03
4.452932160347700119e-03 1.473428867757320404e-02
2.867321018129587173e-03 5.236963275820016861e-03
1.822706894017755985e-03 2.708163345232605934e-03
5.545055610127747059e-04 -3.432434750720858574e-03
5.219976883381605148e-04 -3.644101321697235107e-03
5.323097575455904007e-04 -3.972381819039583206e-03
-8.281784504652023315e-02 1.604088768362998962e-02
5.921878386288881302e-03 2.145838178694248199e-02
3.952496044803410769e-04 -3.345605917274951935e-03
5.730394273996353149e-03 2.091398090124130249e-02
-3.759576939046382904e-04 -3.116993699222803116e-03
1.229323795996606350e-03 -1.883968524634838104e-02
-6.380065315170213580e-05 -3.700241912156343460e-03
5.972482613287866116e-04 -3.863931866362690926e-03
6.222028285264968872e-03 2.371570281684398651e-02
5.517743411473929882e-04 -5.852747708559036255e-03
5.324149969965219498e-04 -3.231959184631705284e-03
7.753869867883622646e-04 -9.452172555029392242e-03
6.575133185833692551e-03 2.496758103370666504e-02
6.515083834528923035e-03 2.480673417448997498e-02
4.838851455133408308e-04 -3.139078151434659958e-03
2.942731371149420738e-04 -3.496982622891664505e-03
7.010955014266073704e-04 -6.480098702013492584e-03
1.665528165176510811e-03 2.084449864923954010e-03
7.715515675954520702e-04 -1.165415253490209579e-02
3.227950946893543005e-04 -3.720152890309691429e-03
1.292291271965950727e-04 -4.435498733073472977e-03
6.402005907148122787e-03 2.414820529520511627e-02
7.386374054476618767e-04 -8.542174473404884338e-03
4.622227279469370842e-04 -4.871862009167671204e-03
6.996933370828628540e-04 -8.770825341343879700e-03
-5.487482849275693297e-05 -3.356765955686569214e-03
8.110937778837978840e-04 -1.226708106696605682e-02
5.231644609011709690e-04 -3.900892334058880806e-03
6.089081289246678352e-04 -3.123332979157567024e-03
7.227049354696646333e-05 -3.196434350684285164e-03
-7.778199017047882080e-02 1.490253955125808716e-02
3.715442959219217300e-03 1.149134710431098938e-02
7.280133431777358055e-04 -8.190928027033805847e-03
5.370267899706959724e-04 -5.514942109584808350e-03
5.729831289499998093e-03 2.156521193683147430e-02
4.841443733312189579e-04 -5.286437459290027618e-03
3.233659081161022186e-03 9.666403755545616150e-03
3.517132485285401344e-03 1.011495012789964676e-02
4.768001846969127655e-03 1.656658016145229340e-02
7.316955015994608402e-04 -8.167074061930179596e-03
2.132088178768754005e-03 4.243242554366588593e-03
-8.505109697580337524e-02 1.646833680570125580e-02
7.485559908673167229e-04 -8.352138102054595947e-03
4.912407603114843369e-04 -2.873507328331470490e-03
4.344753921031951904e-03 1.404573582112789154e-02
-6.552156410180032253e-04 -3.285499755293130875e-03
2.115897834300994873e-03 3.265442326664924622e-03
-5.684747520717792213e-05 -4.149064887315034866e-03
5.790217546746134758e-04 -3.941041417419910431e-03
5.769531126134097576e-04 -6.052509415894746780e-03
4.256207903381437063e-04 -3.673763480037450790e-03
7.877363241277635098e-04 -1.170299015939235687e-02
7.857951568439602852e-04 -8.564032614231109619e-03
5.711519042961299419e-04 -3.795064520090818405e-03
6.494069006294012070e-03 2.486659027636051178e-02
4.030986747238785028e-04 -3.897698596119880676e-03
3.734388155862689018e-04 -3.011881839483976364e-03
5.314567126333713531e-03 2.017225138843059540e-02
5.236612632870674133e-03 1.890077814459800720e-02
5.916585796512663364e-04 -4.016018938273191452e-03
4.902309156022965908e-04 -3.493417054414749146e-03
5.873154848814010620e-03 2.158739604055881500e-02
5.189917283132672310e-04 -3.774181008338928223e-03
7.255768869072198868e-04 -8.318164385855197906e-03
4.871269338764250278e-04 -3.906247438862919807e-03
4.873684956692159176e-04 -5.138330627232789993e-03
5.969796911813318729e-04 -4.073061980307102203e-03
5.030884640291333199e-04 -5.292278248816728592e-03
5.205073975957930088e-04 -4.871235229074954987e-03
1.184774213470518589e-03 -1.836014166474342346e-02
5.294787115417420864e-04 -3.848692867904901505e-03
5.374978063628077507e-04 -4.686519969254732132e-03
4.999675438739359379e-04 -4.067142494022846222e-03
5.781225627288222313e-04 -2.750821644440293312e-03
-5.304181948304176331e-02 9.002797305583953857e-03
8.406981942243874073e-04 -9.967091493308544159e-03
5.034562200307846069e-04 -3.209439804777503014e-03
-2.712541900109499693e-04 -3.912499174475669861e-03
6.155962590128183365e-03 2.362884767353534698e-02
3.081211354583501816e-03 8.332477882504463196e-03
5.543321603909134865e-04 -3.810771042481064796e-03
4.716693656519055367e-04 -5.201976746320724487e-03
2.916097873821854591e-03 7.558123674243688583e-03
4.042116925120353699e-03 1.316933054476976395e-02
7.940670475363731384e-04 -9.910786524415016174e-03
7.246250170283019543e-04 -7.793693803250789642e-03
-3.984518571087392047e-06 -3.267622785642743111e-03
5.326375248841941357e-04 -4.807847086340188980e-03
3.019653377123177052e-04 -3.121301531791687012e-03
1.719648833386600018e-03 2.198467496782541275e-03
5.735004786401987076e-03 2.097363956272602081e-02
6.327157374471426010e-03 2.403371036052703857e-02
3.233627649024128914e-04 -3.823966486379504204e-03
6.253709085285663605e-03 2.335621230304241180e-02
5.170405842363834381e-03 1.891040615737438202e-02
6.842295406386256218e-04 -6.725233513861894608e-03
8.855835767462849617e-04 -1.420111302286386490e-02
5.336480680853128433e-04 -3.887295024469494820e-03
7.640231051482260227e-04 -7.298786193132400513e-03
6.960651371628046036e-04 -6.685537751764059067e-03
-4.068244597874581814e-04 -3.122074063867330551e-03
5.247771623544394970e-04 -4.018886480480432510e-03
2.391029556747525930e-04 -7.145173382014036179e-03
5.926737212575972080e-04 -2.967224456369876862e-03
7.467779796570539474e-04 -7.759905420243740082e-03
5.814401665702462196e-04 -3.497077617794275284e-03
5.298121832311153412e-04 -5.657924339175224304e-03
-5.309668928384780884e-02 8.897898718714714050e-03
5.224607884883880615e-03 1.837473176419734955e-02
7.280911668203771114e-04 -5.882473196834325790e-03
4.352553223725408316e-04 -3.805181942880153656e-03
2.198228175984695554e-04 -4.236116074025630951e-03
6.757435039617121220e-04 -3.782272804528474808e-03
4.306856135372072458e-04 -3.322509117424488068e-03
5.171045195311307907e-04 -5.137348081916570663e-03
5.446892464533448219e-04 -3.469546791166067123e-03
-7.148768007755279541e-02 1.385262608528137207e-02
-5.515501648187637329e-02 8.989874273538589478e-03
9.813110809773206711e-04 -1.399638596922159195e-02
3.720862732734531164e-04 -3.741600085049867630e-03
7.559725199826061726e-04 -8.402125909924507141e-03
5.038883537054061890e-04 -3.508640220388770103e-03
5.452434998005628586e-04 -2.477633301168680191e-03
6.037299521267414093e-03 2.210554480552673340e-02
4.612072953023016453e-04 -3.719920758157968521e-03
1.754398690536618233e-04 -2.911077113822102547e-03
2.733666216954588890e-03 6.709686946123838425e-03
4.360087681561708450e-03 1.499407924711704254e-02
3.282537218183279037e-04 -3.381165210157632828e-03
4.750962252728641033e-04 -5.012125708162784576e-03
7.958396454341709614e-04 -8.709716610610485077e-03
3.765878267586231232e-03 1.132661942392587662e-02
5.137126427143812180e-04 -4.960585851222276688e-03
4.444740712642669678e-03 1.454589236527681351e-02
2.468356862664222717e-03 5.567283369600772858e-03
1.100508263334631920e-03 -1.758055016398429871e-02
7.929852581582963467e-04 -9.649997577071189880e-03
3.271058376412838697e-04 -3.374264109879732132e-03
-8.106359746307134628e-04 -3.033465938642621040e-03
4.939542268402874470e-04 -4.762611351907253265e-03
4.426623054314404726e-04 -3.815235802903771400e-03
8.115700911730527878e-04 -9.037036448717117310e-03
5.387165118008852005e-03 1.914733462035655975e-02
6.416967371478676796e-04 -5.719562992453575134e-03
1.940375426784157753e-03 2.942950464785099030e-03
4.291888326406478882e-04 -3.500355174764990807e-03
6.773095112293958664e-03 2.549675293266773224e-02
1.240944257006049156e-03 -1.927128061652183533e-02
5.730749573558568954e-03 2.150481939315795898e-02
5.171785014681518078e-04 -4.938694648444652557e-03
6.399294361472129822e-03 2.437544055283069611e-02
5.067037418484687805e-04 -3.873617853969335556e-03
4.977775970473885536e-04 -3.082167590036988258e-03
2.525715855881571770e-03 5.940731614828109741e-03
7.293525268323719501e-04 -7.599855307489633560e-03
6.755170412361621857e-03 2.577512152493000031e-02
4.952524905093014240e-04 -4.730993416160345078e-03
7.085656397975981236e-04 -5.928480532020330429e-03
4.874196602031588554e-04 -5.140392575412988663e-03
7.980397786013782024e-04 -1.192936301231384277e-02
3.026887075975537300e-03 8.191352710127830505e-03
4.999633529223501682e-04 -3.147557377815246582e-03
5.533047020435333252e-03 2.051797136664390564e-02
8.187142666429281235e-04 -9.031611494719982147e-03
5.079291877336800098e-04 -3.746411297470331192e-03
4.569515294861048460e-04 -3.748732153326272964e-03
3.989268094301223755e-03 1.244754903018474579e-02
5.880265380255877972e-04 -6.244502495974302292e-03
-4.054086457472294569e-05 -2.428686711937189102e-03
6.998079479672014713e-04 -7.363821379840373993e-03
7.613361231051385403e-04 -1.104430854320526123e-02
8.697063894942402840e-04 -1.234616339206695557e-02
5.377625348046422005e-04 -3.847151761874556541e-03
5.001020035706460476e-04 -5.368170794099569321e-03
6.534081418067216873e-03 2.499802224338054657e-02
6.059225182980298996e-03 2.245576493442058563e-02
3.973643295466899872e-03 1.232722215354442596e-02
1.616415684111416340e-03 2.285540802404284477e-03
7.376996800303459167e-04 -2.671416383236646652e-03
8.418630459345877171e-04 -1.247959118336439133e-02
7.853035931475460529e-04 -8.969569578766822815e-03
4.942500498145818710e-03 1.679070480167865753e-02
3.210976952686905861e-03 6.006686482578516006e-03
7.751182420179247856e-04 -1.197029557079076767e-02
5.339327617548406124e-04 -5.690766498446464539e-03
5.391216836869716644e-04 -2.930970164015889168e-03
2.492119790986180305e-03 4.304453730583190918e-03
5.689859972335398197e-04 -3.986118361353874207e-03
-1.869478728622198105e-04 -3.936188295483589172e-03
5.411896854639053345e-04 -4.073177929967641830e-03
6.113558192737400532e-04 -4.125393927097320557e-03
4.811784252524375916e-03 1.650279387831687927e-02
5.485584842972457409e-04 -5.625288467854261398e-03
4.139223310630768538e-04 -3.743856912478804588e-03
7.314684335142374039e-04 -7.369124330580234528e-03
5.817779805511236191e-03 2.183525264263153076e-02
4.875210113823413849e-03 1.670934632420539856e-02
5.455540958791971207e-04 -5.666698794811964035e-03
1.541926467325538397e-04 -2.723131794482469559e-03
6.453518755733966827e-03 2.478054165840148926e-02
6.395843956852331758e-05 -2.865635324269533157e-03
7.702519651502370834e-04 -7.984855212271213531e-03
9.402982686879113317e-05 -3.261966165155172348e-03
5.231239483691751957e-04 -4.138613585382699966e-03
-4.227220080792903900e-03 -2.367829205468297005e-03
3.696478670462965965e-04 -3.642923897132277489e-03
5.892152330488897860e-05 -2.647530753165483475e-03
4.416507144924253225e-04 -3.436860162764787674e-03
4.429784603416919708e-04 -3.335211658850312233e-03
-1.138773863203823566e-03 -2.943689236417412758e-03
4.958515637554228306e-04 -5.446918774396181107e-03
7.724185124970972538e-04 -9.791243821382522583e-03
5.035956855863332748e-04 -3.769302740693092346e-03
5.294532515108585358e-03 1.967850141227245331e-02
4.777073860168457031e-03 1.590611785650253296e-02
7.564623374491930008e-04 -8.143944665789604187e-03
6.452432833611965179e-03 2.476872690021991730e-02
5.252390401437878609e-04 -5.588033702224493027e-03
-1.744842593325302005e-04 -4.146729130297899246e-03
5.463368259370326996e-03 1.994457468390464783e-02
6.057138671167194843e-04 -3.814672352746129036e-03
4.006702511105686426e-04 -3.547958098351955414e-03
5.286930827423930168e-04 -2.932550152763724327e-03
1.316233305260539055e-03 1.831800036597996950e-04
4.270359408110380173e-03 1.391377113759517670e-02
1.054192311130464077e-03 -1.476323790848255157e-02
2.957978867925703526e-04 -3.542088437825441360e-03
7.550016744062304497e-04 -8.330594748258590698e-03
4.012235440313816071e-04 -2.946021035313606262e-03
1.902438816614449024e-04 -2.725832862779498100e-03
4.399627505335956812e-04 -3.459479194134473801e-03
7.741522858850657940e-04 -8.968054316937923431e-03
4.646902089007198811e-04 -5.140887107700109482e-03
4.715646209660917521e-04 -3.263243241235613823e-03
3.691176534630358219e-04 -3.918744623661041260e-03
5.207733716815710068e-03 1.907381042838096619e-02
1.204965985380113125e-03 -1.881282217800617218e-02
5.068899481557309628e-04 -4.174197558313608170e-03
5.932449130341410637e-04 -3.685883246362209320e-03
-1.170757343061268330e-03 -3.074737032875418663e-03
3.379660658538341522e-03 1.024567242711782455e-02
-4.546423733700066805e-04 -2.851593075320124626e-03
6.003125454299151897e-04 -5.326937418431043625e-03
4.564530681818723679e-03 1.569924317300319672e-02
4.073543008416891098e-03 1.297442428767681122e-02
-2.164658071706071496e-04 -4.390286281704902649e-03
8.139843121170997620e-04 -1.021013502031564713e-02
7.772966055199503899e-04 -2.930938033387064934e-03
5.303611978888511658e-04 -5.646162666380405426e-03
-1.623841967557382304e-06 -4.400657955557107925e-03
3.994733269792050123e-04 -4.664325620979070663e-03
5.274644354358315468e-04 -5.572581198066473007e-03
3.796607197728008032e-04 -3.087857505306601524e-03
5.117416381835937500e-03 1.822823286056518555e-02
4.858291707932949066e-03 1.686104945838451385e-02
-1.020404761220561340e-05 -2.817190717905759811e-03
4.796909342985600233e-04 -3.857301082462072372e-03
6.136522628366947174e-03 2.362185530364513397e-02
4.195430665276944637e-04 -3.967150580137968063e-03
7.152063190005719662e-04 -7.587962783873081207e-03
2.112469868734478951e-03 3.252114867791533470e-03
7.650826591998338699e-04 -1.091225165873765945e-02
-3.771734773181378841e-04 -3.916353452950716019e-03
3.474240656942129135e-04 -3.751565236598253250e-03
8.548671612516045570e-04 -1.180034037679433823e-02
3.861731849610805511e-03 1.177592389285564423e-02
6.224105600267648697e-03 2.389552071690559387e-02
3.405754396226257086e-04 -3.612346248701214790e-03
6.856949534267187119e-03 2.583584934473037720e-02
3.550041699782013893e-03 1.037371624261140823e-02
1.827582716941833496e-03 2.490557031705975533e-03
4.741234879475086927e-04 -5.393183790147304535e-03
5.895418580621480942e-03 2.204412408173084259e-02
3.593393368646502495e-03 1.064687408506870270e-02
7.449081749655306339e-04 -7.723164744675159454e-03
-1.287358580157160759e-03 -3.050924278795719147e-03
7.216673111543059349e-04 -8.239695802330970764e-03
4.228498146403580904e-04 -3.693650709465146065e-03
3.055291017517447472e-04 -3.074318170547485352e-03
2.582900924608111382e-04 -3.398130880668759346e-03
4.645471926778554916e-04 -2.740566618740558624e-03
5.003642756491899490e-03 1.750582084059715271e-02
4.059341154061257839e-04 -3.626106772571802139e-03
-5.395165644586086273e-04 -3.063706681132316589e-03
4.929953720420598984e-04 -4.611589945852756500e-03
7.765737827867269516e-04 -9.966650977730751038e-03
-5.590704455971717834e-02 9.424791671335697174e-03
-2.028272574534639716e-04 -2.751569496467709541e-03
3.906313795596361160e-03 1.246856339275836945e-02
8.854020852595567703e-04 -1.088663842529058456e-02
3.826172556728124619e-03 1.192031800746917725e-02
5.722388741560280323e-04 -3.556656418368220329e-03
6.599177140742540359e-03 2.475016936659812927e-02
2.787203411571681499e-04 -2.273801714181900024e-03
4.822371993213891983e-04 -3.891963977366685867e-03
5.801160586997866631e-04 -3.696909174323081970e-03
7.899149204604327679e-04 -1.012057065963745117e-02
-4.840658511966466904e-04 -3.197769168764352798e-03
6.377884652465581894e-03 2.440411411225795746e-02
4.333200049586594105e-04 -3.497453173622488976e-03
4.877655766904354095e-03 1.731186546385288239e-02
5.852050613611936569e-03 2.226669713854789734e-02
5.984911113046109676e-04 -3.508363384753465652e-03
4.389662295579910278e-03 1.484114956110715866e-02
4.009978147223591805e-04 -4.744784440845251083e-03
4.843154165428131819e-04 -3.925239667296409607e-03
7.878122851252555847e-04 -1.007840037345886230e-02
6.195909809321165085e-04 -4.327759146690368652e-03
2.893495839089155197e-03 5.403526592999696732e-03
1.634459244087338448e-03 2.110063564032316208e-03
4.490472492761909962e-04 -4.895757418125867844e-03
5.226115463301539421e-04 -3.611772786825895309e-03
5.157291307114064693e-04 -5.464983172714710236e-03
-1.507649431005120277e-03 -3.047670936211943626e-03
-7.323179306695237756e-05 -3.445726586505770683e-03
7.659280090592801571e-04 -8.643247187137603760e-03
2.117880620062351227e-03 4.654950927942991257e-03
-1.746533205732703209e-03 -3.692737082019448280e-03
6.290032528340816498e-03 2.328990027308464050e-02
3.702122776303440332e-04 -3.728821873664855957e-03
7.637427188456058502e-04 -8.864593692123889923e-03
7.918637711554765701e-04 -1.113267987966537476e-02
1.003255485557019711e-03 -1.424096431583166122e-02
3.040315583348274231e-03 5.604375153779983521e-03
-3.896006674040108919e-04 -3.678111359477043152e-03
6.090520182624459267e-04 -4.154899157583713531e-03
7.347157807089388371e-04 -7.823023013770580292e-03
-5.635017805616371334e-05 -2.796672983095049858e-03
5.349972285330295563e-03 1.890176162123680115e-02
4.442902863956987858e-04 -3.464218694716691971e-03
3.061217255890369415e-03 8.460088633000850677e-03
5.144062452018260956e-04 -4.141571465879678726e-03
5.326732061803340912e-03 1.948514766991138458e-02
7.558877114206552505e-04 -8.917500264942646027e-03
8.464878192171454430e-04 -1.144576072692871094e-02
3.575160400941967964e-03 1.053749956190586090e-02
4.123554972466081381e-04 -3.425124334171414375e-03
2.677274867892265320e-03 4.977173171937465668e-03
5.202672909945249557e-04 -3.264924744144082069e-03
5.658569745719432831e-03 2.082520723342895508e-02
4.153663176111876965e-04 -3.829755587503314018e-03
7.118888897821307182e-04 -7.576239295303821564e-03
5.211110692471265793e-03 1.829477772116661072e-02
5.348225822672247887e-04 -5.621576216071844101e-03
4.620894789695739746e-03 1.510704215615987778e-02
4.770335217472165823e-04 -3.650560742244124413e-03
3.200343053322285414e-04 -3.542342921718955040e-03
6.598238833248615265e-04 -6.099964957684278488e-03
-5.360341444611549377e-02 8.834453299641609192e-03
5.486855749040842056e-03 2.036579884588718414e-02
1.613256754353642464e-04 -3.590104635804891586e-03
7.937749032862484455e-04 -8.616439066827297211e-03
3.567098174244165421e-04 -3.493376076221466064e-03
4.706874955445528030e-03 1.638435386121273041e-02
8.396490011364221573e-04 -1.183284819126129150e-02
-3.538591554388403893e-04 -3.716555889695882797e-03
4.614316567312926054e-04 -3.785167820751667023e-03
-2.608320937724784017e-05 -4.279162269085645676e-03
3.018874442204833031e-03 8.325389586389064789e-03
-2.551159355789422989e-03 -2.912056166678667068e-03
5.102841532789170742e-04 -5.524415522813796997e-03
3.282246412709355354e-03 9.074647910892963409e-03
5.554254166781902313e-03 1.978802867233753204e-02
4.570565652102231979e-03 1.577112823724746704e-02
4.855867300648242235e-04 -5.450829863548278809e-03
5.006655119359493256e-04 -3.219804260879755020e-03
6.085771601647138596e-04 -2.898711245507001877e-03
-8.311895281076431274e-02 1.604151725769042969e-02
-2.285364898853003979e-04 -2.988394582644104958e-03
3.236737975385040045e-04 -4.198901820927858353e-03
5.949479527771472931e-03 2.234373986721038818e-02
3.318969858810305595e-03 9.249369613826274872e-03
-3.916465211659669876e-04 -3.338692709803581238e-03
5.825944826938211918e-04 -3.968953154981136322e-03
-8.828984200954437256e-02 1.705086603760719299e-02
4.301043227314949036e-04 -3.279985859990119934e-03
4.271196958143264055e-04 -3.632076084613800049e-03
5.507705267518758774e-03 2.022412605583667755e-02
4.013383004348725080e-04 -4.512459505349397659e-03
5.846171407029032707e-04 -3.679076675325632095e-03
7.359360461123287678e-04 -1.064126845449209213e-02
5.237412406131625175e-04 -5.596948321908712387e-03
6.508965161629021168e-04 -2.125635743141174316e-03
-1.569276209920644760e-04 -3.975739702582359314e-03
4.625662404578179121e-04 -3.384404582902789116e-03
4.925667890347540379e-04 -3.381471615284681320e-03
-4.939609789289534092e-04 -4.288928583264350891e-03
6.431209621950984001e-04 -4.922548774629831314e-03
4.449558909982442856e-03 1.520780194550752640e-02
2.282222965732216835e-03 4.651625175029039383e-03
3.510606766212731600e-04 -3.779104910790920258e-03
6.259440444409847260e-03 2.287395484745502472e-02
4.258768749423325062e-04 -3.243718529120087624e-03
1.673985505476593971e-03 1.526020932942628860e-03
5.266508087515830994e-04 -3.854240989312529564e-03
7.331355009227991104e-04 -7.230446208268404007e-03
5.248081288300454617e-04 -3.425972769036889076e-03
3.964633215218782425e-04 -3.710228018462657928e-03
1.248429762199521065e-03 -1.961177587509155273e-02
4.898859187960624695e-04 -3.565034130588173866e-03
4.580911190714687109e-04 -3.478144761174917221e-03
5.590562359429895878e-04 -3.366239136084914207e-03
-4.303588357288390398e-04 -2.752516884356737137e-03
-8.264399366453289986e-05 -2.639657584950327873e-03
7.833613199181854725e-04 -9.202284738421440125e-03
8.093104697763919830e-04 -1.193978637456893921e-02
8.300428744405508041e-04 -1.202122122049331665e-02
4.788748337887227535e-04 -3.603676101192831993e-03
4.705047758761793375e-04 -4.981751088052988052e-03
6.378219695761799812e-04 -5.281393881887197495e-03
-2.909989852923899889e-04 -2.982164500281214714e-03
7.890103734098374844e-04 -9.862292557954788208e-03
4.105582193005830050e-04 -3.703737398609519005e-03
5.238486337475478649e-04 -3.674509236589074135e-03
4.131730820517987013e-04 -3.308444982394576073e-03
8.018780499696731567e-04 -1.050850749015808105e-02
7.221458363346755505e-04 -9.462304413318634033e-03
3.046731697395443916e-03 8.267563767731189728e-03
1.057635992765426636e-03 -1.508432999253273010e-02
-1.407354953698813915e-03 -3.856423776596784592e-03
5.697535816580057144e-04 -4.119746387004852295e-03
3.272650297731161118e-03 9.554682299494743347e-03
3.764355788007378578e-04 -3.678844077512621880e-03
-4.005186492577195168e-04 -4.035825841128826141e-03
1.978088403120636940e-04 -3.323032520711421967e-03
5.438695661723613739e-04 -3.412307240068912506e-03
8.273465209640562534e-04 -9.843225590884685516e-03
-1.375377178192138672e-04 -3.275003051385283470e-03
5.404323455877602100e-04 -3.366589546203613281e-03
6.768920575268566608e-04 -5.567830055952072144e-03
7.991145248524844646e-04 -8.771312423050403595e-03
4.962020320817828178e-04 -4.621885251253843307e-03
2.955584088340401649e-03 8.146760053932666779e-03
-1.473580960009712726e-05 -2.854292979463934898e-03
4.627572197932749987e-04 -3.494228702038526535e-03
5.822132341563701630e-03 2.161878533661365509e-02
5.074179498478770256e-04 -4.004369955509901047e-03
3.602769284043461084e-04 -3.730997443199157715e-03
4.612979013472795486e-03 1.515633612871170044e-02
5.834501236677169800e-03 2.132224477827548981e-02
7.322647608816623688e-03 2.789335325360298157e-02
7.246694294735789299e-04 -7.133409846574068069e-03
1.495224205427803099e-05 -3.772282740101218224e-03
8.299482287839055061e-04 -9.326724335551261902e-03
3.381757414899766445e-04 -3.564693033695220947e-03
5.140614230185747147e-04 -3.802172141149640083e-03
5.867129657417535782e-04 -3.540340345352888107e-03
5.976537941023707390e-04 -4.054539836943149567e-03
-7.247845060192048550e-04 -2.916724886745214462e-03
5.499260732904076576e-04 -2.951124915853142738e-03
4.351246752776205540e-04 -3.846302162855863571e-03
3.595939197111874819e-04 -3.628888400271534920e-03
3.469319490250200033e-04 -3.344990080222487450e-03
5.196614074520766735e-04 -3.857951844111084938e-03
1.184467109851539135e-03 -1.849388517439365387e-02
6.286899093538522720e-03 2.414038404822349548e-02
-1.771634415490552783e-04 -3.065708326175808907e-03
4.622561973519623280e-04 -3.527291351929306984e-03
6.913078250363469124e-04 -6.876761559396982193e-03
5.456425715237855911e-03 1.954036019742488861e-02
6.235003238543868065e-04 -4.423613660037517548e-03
4.908671253360807896e-04 -3.938068635761737823e-03
1.891370979137718678e-03 3.909603692591190338e-03
3.402508154977113008e-04 -3.658819245174527168e-03
1.854894682765007019e-03 2.934605116024613380e-03
4.625191504601389170e-04 -3.664069809019565582e-03
-8.332982542924582958e-04 -3.291537286713719368e-03
5.467769689857959747e-03 2.003610692918300629e-02
4.533919272944331169e-04 -3.214456606656312943e-03
5.026768776588141918e-04 -5.314546637237071991e-03
4.255551029928028584e-04 -3.437796141952276230e-03
8.522824500687420368e-04 -1.012405566871166229e-02
5.155640654265880585e-03 1.780962012708187103e-02
4.622578853741288185e-04 -3.442042041569948196e-03
7.518514757975935936e-04 -1.080017909407615662e-02
-1.207377590617397800e-05 -4.498963244259357452e-03
1.606069563422352076e-04 -2.526841592043638229e-03
5.768334958702325821e-04 -3.712257137522101402e-03
5.950578954070806503e-03 2.192012406885623932e-02
5.173607496544718742e-04 -4.042172338813543320e-03
7.829007226973772049e-04 -8.642942644655704498e-03
4.906801506876945496e-03 1.706550084054470062e-02
4.398982855491340160e-04 -3.843525191769003868e-03
4.951424198225140572e-04 -3.611323656514286995e-03
4.144765844102948904e-04 -3.216559765860438347e-03
6.333293276838958263e-04 -4.643093794584274292e-03
6.761679542250931263e-04 -3.009621985256671906e-03
5.980757065117359161e-03 2.243162691593170166e-02
-1.728908828226849437e-04 -3.039171220734715462e-03
8.719147881492972374e-04 -1.195939909666776657e-02
5.808381829410791397e-03 2.126974239945411682e-02
6.058915751054883003e-04 -4.517877008765935898e-03
-1.973372491193003953e-05 -2.971353242173790932e-03
6.041078828275203705e-03 2.237293496727943420e-02
1.229957095347344875e-03 -1.940481923520565033e-02
5.706943920813500881e-04 -3.389028599485754967e-03
1.748009584844112396e-03 2.045362722128629684e-03
2.670794259756803513e-03 6.511621642857789993e-03
5.423342809081077576e-03 1.936762779951095581e-02
4.705169994849711657e-04 -3.812233684584498405e-03
5.380819784477353096e-04 -3.764449385926127434e-03
5.008091684430837631e-04 -3.258360782638192177e-03
5.304125137627124786e-03 1.884974353015422821e-02
5.776272155344486237e-04 -5.943563301116228104e-03
-5.852523446083068848e-02 1.020861137658357620e-02
5.044629797339439392e-03 1.804623939096927643e-02
7.519885548390448093e-04 -1.077790372073650360e-02
-6.317946244962513447e-04 -3.794066840782761574e-03
4.900933126918971539e-04 -3.925873897969722748e-03
5.276195006445050240e-04 -3.838979639112949371e-03
4.389500536490231752e-04 -3.848587628453969955e-03
6.293689366430044174e-04 -6.086351349949836731e-03
7.212838390842080116e-04 -7.667005062103271484e-03
3.289773885626345873e-04 -3.824528073891997337e-03
6.055973353795707226e-04 -4.131572786718606949e-03
5.247559864073991776e-03 1.904228702187538147e-02
2.181141753681004047e-04 -2.624242799356579781e-03
1.860917545855045319e-03 2.435245551168918610e-03
4.777421418111771345e-04 -2.976932795718312263e-03
7.424377254210412502e-04 -9.999036788940429688e-03
-5.006753490306437016e-04 -2.944907173514366150e-03
6.010396755300462246e-04 -4.227288533002138138e-03
4.966831766068935394e-04 -3.694733604788780212e-03
2.199632435804232955e-04 -2.821979578584432602e-03
4.690112080425024033e-03 1.570326276123523712e-02
6.349404342472553253e-03 2.435435727238655090e-02
1.182762207463383675e-03 -1.744946837425231934e-02
-2.820970803441014141e-05 -2.983558690175414085e-03
4.907231195829808712e-04 -3.178077982738614082e-03
-2.640332095324993134e-03 -2.699939999729394913e-03
6.304755341261625290e-03 2.409743331372737885e-02
5.536696407943964005e-03 1.975459977984428406e-02
7.864335784688591957e-04 -9.392000734806060791e-03
5.252612172625958920e-04 -5.467806942760944366e-03
5.511131603270769119e-03 1.969420723617076874e-02
3.577233292162418365e-04 -3.924645483493804932e-03
7.651231135241687298e-04 -7.510878611356019974e-03
5.420533125288784504e-04 -5.325002130120992661e-03
6.339267361909151077e-03 2.427354082465171814e-02
3.520778263919055462e-04 -3.752654418349266052e-03
6.844534655101597309e-04 -6.865009665489196777e-03
5.397754139266908169e-04 -3.207338042557239532e-03
-9.340060059912502766e-04 -4.059412982314825058e-03
2.627027919515967369e-03 6.613086909055709839e-03
7.980288937687873840e-04 -8.837923407554626465e-03
7.334901602007448673e-04 -1.063604839146137238e-02
4.822408780455589294e-03 1.683112233877182007e-02
5.395390908233821392e-04 -3.570140805095434189e-03
5.328895640559494495e-04 -3.880484029650688171e-03
4.757353453896939754e-04 -3.175297984853386879e-03
4.302794579416513443e-03 1.450016535818576813e-02
5.444081500172615051e-03 2.006467059254646301e-02
3.818404395133256912e-03 1.194927375763654709e-02
4.291162476874887943e-04 -3.798692254349589348e-03
5.346540710888803005e-04 -3.517234930768609047e-03
4.317750572226941586e-04 -3.040765412151813507e-03
5.754795856773853302e-04 -6.113658193498849869e-03
1.945545081980526447e-03 3.423377871513366699e-03
8.029214222915470600e-04 -1.025530882179737091e-02
7.010416593402624130e-04 -7.872671820223331451e-03
7.788383518345654011e-04 -8.780098520219326019e-03
4.875493701547384262e-03 1.720588095486164093e-02
6.045588525012135506e-04 -6.354907993227243423e-03
4.569524899125099182e-04 -4.760105628520250320e-03
5.866225110366940498e-04 -3.999187611043453217e-03
5.219859536737203598e-03 1.841982454061508179e-02
5.336889880709350109e-04 -3.262573620304465294e-03
3.827551146969199181e-03 1.151350233703851700e-02
7.562907412648200989e-04 -2.532373880967497826e-03
5.302592180669307709e-03 1.824032515287399292e-02
4.417984164319932461e-04 -3.572734072804450989e-03
4.687787732109427452e-04 -3.457067999988794327e-03
4.925164976157248020e-04 -3.592556808143854141e-03
8.241978939622640610e-04 -9.071796201169490814e-03
1.786089706001803279e-04 -3.403825219720602036e-03
4.163918201811611652e-04 -3.609619336202740669e-03
6.517820875160396099e-04 -4.367356654256582260e-03
5.116811371408402920e-04 -3.552070353180170059e-03
4.500022914726287127e-04 -3.722715657204389572e-03
7.551477174274623394e-04 -8.843518793582916260e-03
5.762501386925578117e-04 -1.870672800578176975e-03
4.595871549099683762e-03 1.505515631288290024e-02
8.320742053911089897e-04 -9.976969100534915924e-03
7.477167528122663498e-04 -1.163585856556892395e-02
5.411467864178121090e-04 -5.470247007906436920e-03
7.595171919092535973e-04 -1.072222087532281876e-02
5.701995105482637882e-04 -3.306479658931493759e-03
4.001161549240350723e-03 1.269123237580060959e-02
1.190471666632220149e-04 -4.189589526504278183e-03
5.873049958609044552e-04 -4.263304639607667923e-03
3.429962671361863613e-04 -4.181556403636932373e-03
-1.914021559059619904e-03 -3.068061778321862221e-03
6.393562071025371552e-03 2.437017858028411865e-02
4.923653905279934406e-04 -5.247648805379867554e-03
-1.578601193614304066e-03 -3.406045958399772644e-03
-7.464525697287172079e-05 -2.810209291055798531e-03
4.612163756974041462e-04 -4.092904273420572281e-03
6.433238275349140167e-03 2.446513064205646515e-02
7.635186775587499142e-04 -9.066589176654815674e-03
3.112472360953688622e-03 9.210640564560890198e-03
6.011817138642072678e-03 2.237451449036598206e-02
1.048404956236481667e-03 4.829267854802310467e-04
4.787312645930796862e-04 -3.248942084610462189e-03
4.313553508836776018e-04 -3.189817769452929497e-03
3.890843072440475225e-04 -3.831190755590796471e-03
7.873835274949669838e-04 -9.511717595160007477e-03
5.832653259858489037e-04 -3.970768302679061890e-03
3.758359234780073166e-04 -3.267671912908554077e-03
5.035569192841649055e-04 -5.242907442152500153e-03
7.932317093946039677e-04 -8.933859877288341522e-03
4.415137227624654770e-04 -2.803800161927938461e-03
4.279802960809320211e-04 -3.613587468862533569e-03
4.822628397960215807e-04 -3.755110548809170723e-03
3.487661480903625488e-03 1.028649043291807175e-02
-2.645420143380761147e-03 -2.633217023685574532e-03
8.054091013036668301e-04 -1.148100476711988449e-02
5.903794080950319767e-04 -3.140643006190657616e-03
7.665348821319639683e-04 -1.086648553609848022e-02
6.365096196532249451e-04 -3.639344125986099243e-03
-3.760930558200925589e-04 -2.832147991284728050e-03
5.086834426037967205e-04 -2.585900016129016876e-03
4.288378404453396797e-04 -3.553269896656274796e-03
7.571634487248957157e-04 -9.267875924706459045e-03
4.759193398058414459e-03 1.617384143173694611e-02
3.704694332554936409e-03 1.153621450066566467e-02
1.238454366102814674e-03 1.992668112507089972e-04
-1.980503555387258530e-03 -3.053079592064023018e-03
5.788992857560515404e-04 -3.676138818264007568e-03
7.460868800990283489e-04 -9.926485829055309296e-03
4.702652222476899624e-04 -3.421976929530501366e-03
7.576673524454236031e-04 -1.115503441542387009e-02
4.543125687632709742e-04 -3.594038076698780060e-03
-8.988180197775363922e-04 -3.131641773506999016e-03
-3.343214630149304867e-04 -3.952511586248874664e-03
7.637662347406148911e-04 -1.140618883073329926e-02
5.376945482566952705e-04 -3.717258339747786522e-03
6.348557770252227783e-03 2.414816059172153473e-02
5.880333948880434036e-03 2.196870557963848114e-02
-5.042605916969478130e-04 -3.721757559105753899e-03
-8.677004952915012836e-04 -3.352043684571981430e-03
3.403355658520013094e-04 -3.696302184835076332e-03
5.917897913604974747e-03 2.174171432852745056e-02
4.000992979854345322e-03 1.281458605080842972e-02
7.061517098918557167e-04 -7.922227494418621063e-03
3.409604774788022041e-03 1.049593463540077209e-02
5.212165997363626957e-04 -3.832340007647871971e-03
5.544954328797757626e-04 -3.407509298995137215e-03
6.115484517067670822e-03 2.296126261353492737e-02
7.200224208645522594e-04 -9.518479928374290466e-03
4.575696075335144997e-04 -3.387077013030648232e-03
4.548255819827318192e-03 1.575871929526329041e-02
4.349611408542841673e-04 -3.480819752439856529e-03
-3.403994487598538399e-04 -3.253277391195297241e-03
6.169971544295549393e-03 2.323593571782112122e-02
5.633298424072563648e-04 -5.918491631746292114e-03
4.304538597352802753e-04 -3.419634420424699783e-03
7.488029659725725651e-04 -1.118406304158270359e-03
5.924226716160774231e-04 -3.298632334917783737e-03
7.365037454292178154e-04 -1.128945872187614441e-02
8.413448231294751167e-04 -1.348097994923591614e-02
5.663909250870347023e-04 -3.773001953959465027e-03
-8.853184408508241177e-04 -3.368090838193893433e-03
9.130623657256364822e-04 -1.121796667575836182e-03
5.825640400871634483e-04 -3.970456309616565704e-03
5.755477584898471832e-03 2.143493294715881348e-02
5.041511030867695808e-04 -5.296507850289344788e-03
4.442768404260277748e-04 -3.009358886629343033e-03
4.674667434301227331e-04 -3.666290082037448883e-03
4.098201752640306950e-04 -3.587872488424181938e-03
2.914065844379365444e-04 -2.315234160050749779e-03
4.446151433512568474e-04 -3.343712771311402321e-03
5.709652905352413654e-04 -6.068961229175329208e-03
7.987308781594038010e-04 -8.756373077630996704e-03
-5.491338743013329804e-05 -2.969494089484214783e-03
8.899256936274468899e-04 -4.439655691385269165e-03
3.116735315416008234e-04 -2.938653808087110519e-03
6.748323212377727032e-04 -5.812381859868764877e-03
2.459512325003743172e-03 5.326304584741592407e-03
6.241690367460250854e-03 2.371886186301708221e-02
1.492061419412493706e-03 1.299035619013011456e-03
4.808575613424181938e-04 -5.058158189058303833e-03
4.364185151644051075e-04 -3.780634375289082527e-03
-4.900870844721794128e-02 8.099253289401531219e-03
6.225458346307277679e-03 2.377981506288051605e-02
4.640338011085987091e-05 -3.214942058548331261e-03
5.637161666527390480e-04 -4.221634939312934875e-03
4.471475724130868912e-03 1.548700127750635147e-02
7.807355723343789577e-04 -8.176385425031185150e-03
1.835260889492928982e-03 2.741369418799877167e-03
4.789016675204038620e-04 -3.863920690491795540e-03
5.191981326788663864e-04 -4.152349662035703659e-03
-7.767061144113540649e-02 1.490946300327777863e-02
2.135042566806077957e-03 3.307740436866879463e-03
4.511329345405101776e-03 1.525697112083435059e-02
4.458053503185510635e-03 1.479181926697492599e-02
5.748781841248273849e-04 -6.142694503068923950e-03
5.249234964139759541e-04 -3.552757669240236282e-03
5.220125894993543625e-04 -4.107365384697914124e-03
4.780816088896244764e-04 -4.746625199913978577e-03
6.967039662413299084e-04 -9.922369383275508881e-03
3.100947069469839334e-04 -3.469349816441535950e-03
3.897049173247069120e-04 -3.176156198605895042e-03
4.319377767387777567e-04 -3.261232981458306313e-03
-7.937487959861755371e-02 1.480360049754381180e-02
5.889654858037829399e-04 -3.469419665634632111e-03
3.170485608279705048e-03 9.427082724869251251e-03
7.724866736680269241e-04 -8.680921979248523712e-03
8.623676258139312267e-04 -1.384293287992477417e-02
4.683829320129007101e-04 -3.194210119545459747e-03
3.195187891833484173e-04 -3.006598679348826408e-03
5.990948993712663651e-03 2.232671901583671570e-02
5.239168647676706314e-03 1.853246800601482391e-02
6.045658374205231667e-04 -6.280308589339256287e-03
5.116813117638230324e-04 -3.638610243797302246e-03
-4.109548870474100113e-03 -2.412864472717046738e-03
7.932239677757024765e-04 -8.229160681366920471e-03
3.420964640099555254e-04 -3.665985772386193275e-03
3.341050178278237581e-04 -3.539643250405788422e-03
8.673138800077140331e-04 -1.200888305902481079e-02
-1.347145553154405206e-05 -2.685484476387500763e-03
4.029921838082373142e-04 -3.856569295749068260e-03
-1.156572398031130433e-05 -2.785724354907870293e-03
4.705651372205466032e-04 -3.887218190357089043e-03
5.389659199863672256e-04 -5.701533053070306778e-03
4.289344942662864923e-04 -3.371777711436152458e-03
4.533568571787327528e-04 -3.979051951318979263e-03
-1.724521280266344547e-03 -3.415184793993830681e-03
-1.502029830589890480e-03 -3.908717539161443710e-03
5.973977968096733093e-04 -4.163336940109729767e-03
8.428210276179015636e-04 -9.143563918769359589e-03
6.131464615464210510e-04 -3.609508275985717773e-03
4.740830336231738329e-04 -3.736699465662240982e-03
2.725115278735756874e-03 6.468735169619321823e-03
4.956924240104854107e-04 -5.508118774741888046e-03
7.713576778769493103e-04 -1.157365180552005768e-02
5.273086717352271080e-04 -5.740914959460496902e-03
5.898833274841308594e-03 2.164982631802558899e-02
5.205073393881320953e-04 -3.762641223147511482e-03
4.419625038281083107e-04 -4.839082248508930206e-03
4.318958381190896034e-04 -3.910059574991464615e-03
4.444566147867590189e-04 -3.307722741737961769e-03
3.538118908181786537e-03 1.070558559149503708e-02
5.413613747805356979e-03 1.910386234521865845e-02
3.159384359605610371e-04 -2.955695148557424545e-03
4.356247372925281525e-04 -2.815349726006388664e-03
7.498998893424868584e-04 -7.939128205180168152e-03
4.920975188724696636e-04 -3.841919824481010437e-03
3.655149601399898529e-03 1.117123849689960480e-02
6.318789091892540455e-04 -4.203152377158403397e-03
5.808529094792902470e-04 -4.217796027660369873e-03
-1.731459342408925295e-04 -3.131973091512918472e-03
7.446089293807744980e-04 -1.088646613061428070e-02
7.111373124644160271e-04 -7.613737601786851883e-03
4.308642237447202206e-04 -3.875921480357646942e-03
8.077662205323576927e-04 -9.059828706085681915e-03
3.597870818339288235e-04 -3.347532358020544052e-03
7.877968600951135159e-04 -8.902592584490776062e-03
4.773747932631522417e-04 -3.692906582728028297e-03
7.529979920946061611e-04 -2.431632252410054207e-03
9.800127008929848671e-04 -1.303421892225742340e-02
6.285716081038117409e-04 -2.060991479083895683e-03
5.272006383165717125e-04 -3.845909610390663147e-03
1.196765690110623837e-03 -1.831415854394435883e-02
8.084676810540258884e-04 -1.175822969526052475e-02
1.283181365579366684e-03 -2.017184533178806305e-02
4.420837212819606066e-04 -3.438610583543777466e-03
4.916384350508451462e-04 -3.637760179117321968e-03
4.447537357918918133e-04 -3.798200283199548721e-03
5.035412963479757309e-03 1.765019446611404419e-02
1.559744123369455338e-03 1.141795772127807140e-03
7.525668479502201080e-04 -8.213279768824577332e-03
1.906145713292062283e-03 2.754663117229938507e-03
5.051688058301806450e-04 -3.776641096919775009e-03
5.740512860938906670e-04 -3.486147616058588028e-03
6.244752090424299240e-03 2.364378236234188080e-02
3.052075335290282965e-04 -4.064768087118864059e-03
-4.409419852891005576e-05 -4.171041306108236313e-03
3.912665415555238724e-04 -3.839440643787384033e-03
4.699876997619867325e-03 1.601707376539707184e-02
6.474706809967756271e-03 2.484197169542312622e-02
6.052663084119558334e-04 -4.125687759369611740e-03
5.230573588050901890e-04 -3.820579033344984055e-03
5.052714841440320015e-04 -3.920873627066612244e-03
7.198008242994546890e-04 -8.112644776701927185e-03
8.583302842453122139e-04 -1.221378054469823837e-02
7.032252033241093159e-04 -1.048873551189899445e-02
7.765134796500205994e-04 -8.598224259912967682e-03
5.619626608677208424e-04 -4.332785494625568390e-03
3.783588996157050133e-03 1.201662886887788773e-02
9.036565315909683704e-04 -1.554426038637757301e-03
4.961093654856085777e-04 -4.201255738735198975e-03
6.306886207312345505e-04 -3.824652172625064850e-03
4.754487890750169754e-04 -3.621686249971389771e-03
4.532491147983819246e-04 -3.097247332334518433e-03
5.437799845822155476e-04 -3.803236410021781921e-03
3.981684800237417221e-03 1.250771712511777878e-02
7.976802298799157143e-04 -2.179617527872323990e-03
-7.888206094503402710e-02 1.517818029969930649e-02
-4.316818012739531696e-05 -4.169901832938194275e-03
4.912550793960690498e-04 -3.408603835850954056e-03
3.401975845918059349e-03 9.972429834306240082e-03
5.364945391193032265e-04 -3.305545542389154434e-03
3.867524210363626480e-03 1.167414151132106781e-02
2.609879244118928909e-03 6.266353651881217957e-03
-2.733525121584534645e-03 -3.111639292910695076e-03
-8.626429480500519276e-04 -2.946447115391492844e-03
-4.649465903639793396e-03 -3.137761959806084633e-03
5.035552894696593285e-04 -2.640704158693552017e-03
1.231613452546298504e-03 -1.855460740625858307e-02
7.367476355284452438e-04 -7.844570092856884003e-03
3.219063626602292061e-03 9.762241505086421967e-03
2.943876665085554123e-03 7.906451821327209473e-03
4.495467059314250946e-03 1.480106264352798462e-02
6.339102517813444138e-03 2.321131154894828796e-02
7.066450780257582664e-04 -6.002339068800210953e-03
-5.483635887503623962e-02 9.219691157341003418e-03
4.419295117259025574e-03 1.460748258978128433e-02
6.337766069918870926e-03 2.389644086360931396e-02
6.480058655142784119e-04 -4.645187873393297195e-03
8.298252214444801211e-05 -3.293407149612903595e-03
7.291475776582956314e-04 -1.045674365013837814e-02
5.448779556900262833e-03 1.985217630863189697e-02
5.192582029849290848e-04 -5.475287791341543198e-03
5.791428848169744015e-04 -3.894413122907280922e-03
6.932426709681749344e-03 2.669054269790649414e-02
5.256774602457880974e-04 -5.495004355907440186e-03
7.631130865775048733e-04 -8.748329244554042816e-03
6.755709764547646046e-04 -6.479345262050628662e-03
5.793639575131237507e-04 -3.316274611279368401e-03
1.050515566021203995e-04 -2.855092519894242287e-03
5.499053513631224632e-04 -3.443161491304636002e-03
5.169358337298035622e-04 -3.109441371634602547e-03
2.205027703894302249e-04 -2.823850838467478752e-03
-2.286982489749789238e-04 -2.868675626814365387e-03
5.067614838480949402e-03 1.722868159413337708e-02
3.384468436706811190e-04 -3.564981278032064438e-03
6.580079207196831703e-04 -5.994041915982961655e-03
4.602624103426933289e-04 -3.569619264453649521e-03
6.445702631026506424e-03 2.466950193047523499e-02
7.824497297406196594e-04 -8.720977231860160828e-03
8.124209125526249409e-04 -1.121946796774864197e-02
2.657579723745584488e-03 6.085424218326807022e-03
7.761838496662676334e-04 -9.064339101314544678e-03
-5.264205485582351685e-02 8.880072273313999176e-03
7.632996421307325363e-04 -1.115803327411413193e-02
-1.252393558388575912e-04 -2.751945517957210541e-03
1.269621890969574451e-03 1.414138125255703926e-03
6.313690915703773499e-03 2.350644022226333618e-02
5.243706982582807541e-04 -3.978380002081394196e-03
1.711313379928469658e-03 1.980773871764540672e-03
6.134176626801490784e-03 2.339656837284564972e-02
4.846821539103984833e-03 1.715653017163276672e-02
5.387587472796440125e-03 1.981660723686218262e-02
8.056899532675743103e-04 -1.154496707022190094e-02
5.450547905638813972e-04 -3.911619074642658234e-03
3.973368438892066479e-04 -3.777089528739452362e-03
5.579147255048155785e-04 -3.675727639347314835e-03
7.910898420959711075e-04 -1.173474639654159546e-02
5.759176332503557205e-03 2.116715908050537109e-02
4.008186981081962585e-03 1.255902741104364395e-02
1.637457753531634808e-03 1.666886033490300179e-03
5.156772676855325699e-03 1.817033253610134125e-02
5.410643643699586391e-04 -3.756926627829670906e-03
5.610203370451927185e-03 1.939816027879714966e-02
7.384826312772929668e-04 -7.908221334218978882e-03
1.066400436684489250e-03 -1.517547760158777237e-02
-6.168871186673641205e-04 -2.828059950843453407e-03
5.292093846946954727e-04 -3.880485659465193748e-03
7.336584967561066151e-04 -7.104197051376104355e-03
2.485025906935334206e-03 5.913472734391689301e-03
7.928226259537041187e-04 -1.158640533685684204e-02
4.874450096394866705e-04 -5.123159382492303848e-03
5.643483600579202175e-04 -3.456809325143694878e-03
7.732558879069983959e-04 -1.130368746817111969e-02
4.071963776368647814e-04 -3.445971058681607246e-03
6.301970686763525009e-03 2.391363494098186493e-02
3.078606096096336842e-04 -3.298190422356128693e-03
6.326640956103801727e-03 2.323525957763195038e-02
2.467891201376914978e-03 5.148206371814012527e-03
1.937617897056043148e-03 2.857310930266976357e-03
3.272203612141311169e-04 -3.483223961666226387e-03
3.295882779639214277e-04 -4.687327891588211060e-03
1.800065743736922741e-03 2.216371241956949234e-03
5.217482335865497589e-03 1.859451271593570709e-02
7.519323844462633133e-04 -1.046088151633739471e-02
7.863853243179619312e-04 -1.214062888175249100e-02
5.094889784231781960e-04 -3.593628294765949249e-03
1.113812089897692204e-03 -1.774385012686252594e-02
4.642453568521887064e-04 -3.843286307528614998e-03
4.696011310443282127e-04 -5.146553739905357361e-03
1.584010780788958073e-03 2.524499082937836647e-03
1.705200877040624619e-03 1.958451233804225922e-03
1.179774641059339046e-03 -1.757585816085338593e-02
6.039383355528116226e-03 2.280657924711704254e-02
-1.222995459102094173e-03 -3.617279464378952980e-03
2.651871764101088047e-04 -3.090187674388289452e-03
5.646068020723760128e-04 -3.362011397257447243e-03
6.630775053054094315e-03 2.507641538977622986e-02
2.643239531607832760e-05 -3.335485002025961876e-03
1.970461802557110786e-03 3.659267909824848175e-03
-9.007643093355000019e-04 -4.243574570864439011e-03
-1.250831177458167076e-03 -3.192367963492870331e-03
5.145818577148020267e-04 -5.200679879635572433e-03
-2.181839590775780380e-05 -2.783693373203277588e-03
-1.064062962541356683e-04 -3.046577796339988708e-03
5.731623386964201927e-04 -3.929323982447385788e-03
2.738499315455555916e-03 6.574177183210849762e-03
6.830700207501649857e-03 2.576787024736404419e-02
4.423515871167182922e-03 1.446777209639549255e-02
4.280725028365850449e-03 1.409743912518024445e-02
4.298298154026269913e-04 -4.772651940584182739e-03
6.209630519151687622e-03 2.331671677529811859e-02
2.986491890624165535e-03 7.767841219902038574e-03
-9.534069686196744442e-04 -2.943448489531874657e-03
7.301099831238389015e-04 -6.916545331478118896e-03
4.203898133710026741e-04 -3.469149349257349968e-03
6.456768140196800232e-03 2.474431507289409637e-02
4.597198567353188992e-04 -4.191788379102945328e-03
3.393272869288921356e-03 9.805256500840187073e-03
5.687888478860259056e-04 -3.824626561254262924e-03
4.360458988230675459e-04 -3.183317370712757111e-03
6.479579489678144455e-03 2.486631087958812714e-02
5.201808176934719086e-03 1.862331107258796692e-02
7.618973031640052795e-04 -1.391154713928699493e-03
5.045556463301181793e-04 -3.613637760281562805e-03
7.411377155221998692e-04 -8.101972751319408417e-03
4.911654395982623100e-04 -3.908664453774690628e-03
2.747166203334927559e-03 6.495102774351835251e-03
4.312264500185847282e-04 -3.112446051090955734e-03
7.389402016997337341e-04 -7.655598223209381104e-03
6.277386099100112915e-03 2.364055626094341278e-02
4.796169814653694630e-04 -3.867284860461950302e-03
-4.261999492882750928e-06 -2.665730658918619156e-03
7.656094967387616634e-04 -7.971844635903835297e-03
1.576365786604583263e-03 1.668251585215330124e-03
4.727850609924644232e-04 -5.305383354425430298e-03
5.526725668460130692e-03 2.037941105663776398e-02
8.009980665519833565e-04 -8.538534864783287048e-03
4.612689837813377380e-03 1.535097602754831314e-02
3.717438317835330963e-03 1.176542695611715317e-02
1.722078770399093628e-03 2.042399719357490540e-03
4.229705664329230785e-04 -3.327221842482686043e-03
4.934330936521291733e-04 -3.059940179809927940e-03
4.930529277771711349e-03 1.718862354755401611e-02
4.281528235878795385e-04 -3.879989264532923698e-03
5.213174154050648212e-04 -3.540020436048507690e-03
5.566051113419234753e-04 -5.913487169891595840e-03
3.147089446429163218e-04 -3.878738032653927803e-03
6.198858376592397690e-03 2.289572544395923615e-02
5.640805698931217194e-03 2.061215043067932129e-02
1.003758981823921204e-03 -1.608773693442344666e-02
-8.378766506211832166e-05 -3.117422340437769890e-03
-5.741280037909746170e-04 -3.332009073346853256e-03
2.556705730967223644e-04 -2.842381596565246582e-03
5.996589898131787777e-04 -4.255335312336683273e-03
4.319681902416050434e-04 -3.729566233232617378e-03
1.155991922132670879e-03 -1.734447665512561798e-02
4.346953646745532751e-04 -2.912283642217516899e-03
5.367703852243721485e-04 -5.489984527230262756e-03
3.886033082380890846e-04 -3.717604093253612518e-03
7.534677279181778431e-04 -8.451689034700393677e-03
4.814138228539377451e-04 -3.230285132303833961e-03
1.507600303739309311e-03 1.138887600973248482e-03
5.501644918695092201e-04 -3.496117424219846725e-03
3.826984204351902008e-03 1.208916120231151581e-02
5.976692773401737213e-04 -6.288827862590551376e-03
8.010109304450452328e-04 -8.778301998972892761e-03
7.971973391249775887e-04 -1.166147086769342422e-02
6.317013408988714218e-03 2.409260720014572144e-02
5.610472057014703751e-03 2.082220837473869324e-02
3.809472778812050819e-03 1.161566749215126038e-02
5.442167748697102070e-04 -3.398156724870204926e-03
5.347000551410019398e-04 -3.874607151374220848e-03
-5.761021020589396358e-05 -3.350589657202363014e-03
5.538504919968545437e-04 -3.369087353348731995e-03
4.932852461934089661e-04 -3.810914931818842888e-03
7.798295118845999241e-04 -9.599622339010238647e-03
8.425410487689077854e-04 -2.077687764540314674e-03
6.207655649632215500e-03 2.342738769948482513e-02
3.685139236040413380e-04 -3.876567352563142776e-03
4.441597848199307919e-04 -3.509890288114547729e-03
4.892810247838497162e-03 1.702421344816684723e-02
4.497299669310450554e-04 -4.403738304972648621e-03
-1.554871560074388981e-04 -2.439513104036450386e-03
5.700782057829201221e-04 -3.704337868839502335e-03
1.764361863024532795e-03 3.589219413697719574e-03
6.100802682340145111e-03 2.342425845563411713e-02
5.013998015783727169e-04 -3.601016243919730186e-03
5.345013923943042755e-04 -3.965901676565408707e-03
7.264196174219250679e-04 -7.975413464009761810e-03
4.128164146095514297e-04 -3.298242343589663506e-03
4.066152905579656363e-04 -3.826117841526865959e-03
3.955599386245012283e-04 -3.641567425802350044e-03
3.772808704525232315e-04 -2.745852572843432426e-03
7.808402879163622856e-04 -1.151119451969861984e-02
7.474361336790025234e-04 -8.233159780502319336e-03
-1.557043724460527301e-04 -4.136329982429742813e-03
5.827274173498153687e-03 2.196653001010417938e-02
-7.300288998521864414e-04 -3.330582054331898689e-03
5.438358639366924763e-04 -3.816159209236502647e-03
-8.594761311542242765e-05 -3.241031896322965622e-03
7.962434901855885983e-04 -8.682138286530971527e-03
7.637655944563448429e-04 -8.520220406353473663e-03
1.651807571761310101e-03 1.875429996289312840e-03
4.009742406196892262e-04 -3.985533025115728378e-03
5.263776401989161968e-04 -4.179408308118581772e-03
6.861555157229304314e-04 -6.247355137020349503e-03
7.709858473390340805e-04 -8.591882884502410889e-03
1.871303888037800789e-03 2.606639871373772621e-03
5.530804628506302834e-04 -5.290200468152761459e-03
6.483910139650106430e-03 2.444859221577644348e-02
4.155189672019332647e-04 -3.593476023524999619e-03
1.739507075399160385e-03 2.418563701212406158e-03
-1.025207573547959328e-03 -3.293624613434076309e-03
3.257491625845432281e-03 9.935837239027023315e-03
7.694171508774161339e-04 -1.137336622923612595e-02
3.878317074850201607e-04 -3.439977765083312988e-03
1.853866386227309704e-03 3.459356958046555519e-03
6.936988793313503265e-04 -6.052322685718536377e-03
2.771886647678911686e-04 -2.933398121967911720e-03
5.552025395445525646e-04 -3.804477863013744354e-03
4.750813357532024384e-03 1.730318553745746613e-02
-2.053908101515844464e-04 -2.870864933356642723e-03
1.796803553588688374e-03 2.670546295121312141e-03
5.561090074479579926e-03 2.038275822997093201e-02
4.734220274258404970e-04 -3.328978549689054489e-03
4.964216495864093304e-04 -5.236607044935226440e-03
8.594883838668465614e-04 -1.220253948122262955e-02
7.694051600992679596e-04 -1.100693829357624054e-02
5.177094717510044575e-04 -3.217790508642792702e-03
7.490867865271866322e-04 -8.830219507217407227e-03
1.796749769710004330e-03 2.594983438029885292e-03
4.705516912508755922e-04 -4.894993267953395844e-03
-5.277860537171363831e-02 8.807484991848468781e-03
5.999717977829277515e-04 -3.758455626666545868e-03
2.964142768178135157e-04 -3.236055141314864159e-03
5.334302550181746483e-04 -3.976164851337671280e-03
3.986898227594792843e-04 -2.640074817463755608e-03
6.665677297860383987e-03 2.544877491891384125e-02
3.425568575039505959e-04 -3.557041054591536522e-03
-3.198402409907430410e-04 -3.992646001279354095e-03
4.613296769093722105e-04 -3.532363567501306534e-03
5.603304016403853893e-04 -3.791962983086705208e-03
5.401463131420314312e-04 -3.180430270731449127e-03
-4.919590082863578573e-06 -3.328828839585185051e-03
5.673114792443811893e-04 -3.722019027918577194e-03
2.801838563755154610e-03 7.272271439433097839e-03
7.871749112382531166e-04 -8.401902392506599426e-03
6.021538283675909042e-04 -3.657881636172533035e-03
6.304026581346988678e-03 2.411288022994995117e-02
3.643051022663712502e-03 1.070420444011688232e-02
6.127522327005863190e-03 2.311210893094539642e-02
4.499240021687000990e-04 -5.069316830486059189e-03
5.891625303775072098e-03 2.168802358210086823e-02
2.535763429477810860e-03 5.733443424105644226e-03
1.685155555605888367e-03 2.187289763242006302e-03
7.352421525865793228e-04 -8.032642304897308350e-03
4.832743201404809952e-03 1.682495698332786560e-02
4.684530431404709816e-04 -5.372393410652875900e-03
5.474417121149599552e-04 -3.477938706055283546e-03
5.505837034434080124e-04 -5.755061749368906021e-03
-7.887824624776840210e-02 1.497271470725536346e-02
4.609058087226003408e-04 -3.388924058526754379e-03
5.331893335096538067e-04 -4.903766326606273651e-03
5.161234876140952110e-04 -5.439515691250562668e-03
4.179028328508138657e-03 1.345770806074142456e-02
6.933918921276926994e-04 -7.425395306199789047e-03
-3.596263995859771967e-04 -3.015192691236734390e-03
6.414856179617345333e-04 -2.449271967634558678e-03
5.795183824375271797e-04 -4.090443253517150879e-03
5.305119557306170464e-04 -5.558811128139495850e-03
4.855628940276801586e-04 -4.598282277584075928e-03
6.391262635588645935e-03 2.441781386733055115e-02
5.705257644876837730e-04 -3.803763305768370628e-03
6.880015134811401367e-03 2.617762982845306396e-02
3.156722057610750198e-03 9.093183092772960663e-03
3.235754091292619705e-03 8.667210116982460022e-03
6.319030653685331345e-04 -4.793191328644752502e-03
5.334885208867490292e-04 -3.364653093740344048e-03
5.474885459989309311e-03 1.969025470316410065e-02
5.773290991783142090e-03 2.114880271255970001e-02
6.513894768431782722e-04 -2.940672915428876877e-03
2.791893202811479568e-04 -2.574020298197865486e-03
4.389394598547369242e-04 -3.684921190142631531e-03
4.978159558959305286e-04 -3.152883611619472504e-03
5.941798372077755630e-05 -4.008407238870859146e-03
3.950491372961550951e-04 -3.629463026300072670e-03
5.848776083439588547e-03 2.098507620394229889e-02
-5.325268954038619995e-02 8.700165897607803345e-03
5.374094471335411072e-04 -3.876729868352413177e-03
6.414501462131738663e-03 2.397132478654384613e-02
5.218700971454381943e-04 -5.547088105231523514e-03
5.766911199316382408e-04 -2.706857398152351379e-03
4.889207426458597183e-03 1.739237830042839050e-02
6.711537134833633900e-04 -2.083942526951432228e-03
1.586576341651380062e-03 2.631994429975748062e-03
7.165524293668568134e-04 -6.630705669522285461e-03
6.054943660274147987e-04 -3.092570463195443153e-03
-7.980763912200927734e-04 -3.240373451262712479e-03
1.428292831405997276e-03 1.733648008666932583e-03
-1.207791734486818314e-03 -3.535634605213999748e-03
5.315169109962880611e-04 -3.916294313967227936e-03
9.535876597510650754e-05 -2.925027627497911453e-03
1.624696160433813930e-04 -2.752568339928984642e-03
-1.095222542062401772e-04 -2.895183861255645752e-03
7.612958434037864208e-04 -1.132166292518377304e-02
5.733745638281106949e-04 -2.226609038189053535e-03
6.114647258073091507e-03 2.311406657099723816e-02
-5.450716242194175720e-03 -2.774952445179224014e-03
5.720322951674461365e-04 -3.902241354808211327e-03
7.746316841803491116e-04 -9.993758983910083771e-03
6.779777322662994266e-05 -2.956565003842115402e-03
6.362495478242635727e-04 -6.476324051618576050e-03
6.085716886445879936e-04 -4.163251724094152451e-03
3.640842856839299202e-03 1.087273377925157547e-02
6.598480977118015289e-04 -4.280334804207086563e-03
2.943846862763166428e-03 7.860656827688217163e-03
5.424002883955836296e-04 -4.759856499731540680e-03
4.611307522282004356e-04 -3.616306930780410767e-03
-1.194317592307925224e-03 -3.203102154657244682e-03
6.209795363247394562e-03 2.274009212851524353e-02
2.057697856798768044e-03 3.160588908940553665e-03
4.457346512936055660e-04 -3.503568936139345169e-03
4.083599429577589035e-03 1.364694349467754364e-02
4.828253586310893297e-04 -5.378995090723037720e-03
6.945344503037631512e-04 -3.006832441315054893e-03
4.746917693410068750e-04 -5.179352592676877975e-03
5.546488100662827492e-04 -3.379261121153831482e-03
5.737031460739672184e-04 -3.635586006566882133e-03
5.533607676625251770e-03 1.951124332845211029e-02
7.631977205164730549e-04 -8.176883682608604431e-03
3.691890451591461897e-04 -3.436252940446138382e-03
2.604972571134567261e-03 6.438781972974538803e-03
-2.555620740167796612e-04 -2.918604062870144844e-03
6.372131872922182083e-03 2.403792180120944977e-02
3.883307217620313168e-04 -3.488428192213177681e-03
2.824699040502309799e-04 -3.466182621195912361e-03
6.004472263157367706e-03 2.234563790261745453e-02
-3.086942946538329124e-03 -3.046925878152251244e-03
4.750224179588258266e-04 -4.518616478890180588e-03
4.761402378790080547e-04 -3.689961740747094154e-03
-6.220621871761977673e-04 -3.133491612970829010e-03
6.441847886890172958e-03 2.472698315978050232e-02
1.819322351366281509e-03 2.526334021240472794e-03
5.064470460638403893e-04 -3.972157835960388184e-03
5.291712586767971516e-04 -3.568928223103284836e-03
7.811292307451367378e-04 -9.794727899134159088e-03
6.146485684439539909e-04 -4.181236959993839264e-03
4.828806559089571238e-04 -5.370193161070346832e-03
4.912483273074030876e-04 -3.828463843092322350e-03
8.037243387661874294e-04 -9.118355810642242432e-03
4.217388050165027380e-04 -3.744114190340042114e-03
5.234972923062741756e-04 -5.456584040075540543e-03
8.570179925300180912e-04 -1.187610626220703125e-02
3.365597687661647797e-03 1.017712801694869995e-02
-2.216939465142786503e-04 -2.798004308715462685e-03
3.487976791802793741e-04 -2.693169983103871346e-03
5.307759856805205345e-04 -3.694773185998201370e-03
7.963819080032408237e-04 -9.612170048058032990e-03
3.472100652288645506e-04 -3.444392234086990356e-03
6.363811553455889225e-04 -5.519191268831491470e-03
4.103402898181229830e-04 -3.759173443540930748e-03
5.151791265234351158e-04 -4.390017595142126083e-03
5.818994250148534775e-04 -3.343327436596155167e-03
5.609981599263846874e-04 -5.677282810211181641e-03
4.620323306880891323e-04 -3.723072120919823647e-03
3.312446278869174421e-05 -2.946295309811830521e-03
5.247217137366533279e-03 1.893872395157814026e-02
5.742646317230537534e-05 -3.367469646036624908e-03
3.627578262239694595e-04 -3.581098979339003563e-03
6.598798092454671860e-03 2.517793513834476471e-02
3.303103148937225342e-04 -2.834582468494772911e-03
5.290026310831308365e-04 -3.875442547723650932e-03
-5.486317351460456848e-02 9.083585813641548157e-03
3.507711517158895731e-04 -3.620812669396400452e-03
4.945151740685105324e-04 -2.185401739552617073e-03
-8.558487752452492714e-05 -3.207990899682044983e-03
5.753819365054368973e-03 2.111347392201423645e-02
4.815164720639586449e-04 -5.195054225623607635e-03
5.189412040635943413e-04 -5.309791304171085358e-03
2.416890638414770365e-04 -3.642540425062179565e-03
4.124422048334963620e-05 -3.236361546441912651e-03
1.848303509177640080e-05 -2.807336393743753433e-03
7.781983586028218269e-04 -9.378877468407154083e-03
5.115459789521992207e-04 -5.312598776072263718e-03
5.443546688184142113e-04 -4.134952090680599213e-03
5.868683801963925362e-04 -3.491735551506280899e-03
4.883521469309926033e-04 -3.992111887782812119e-03
8.472262998111546040e-04 -1.241707522422075272e-02
4.364482127130031586e-03 1.428319979459047318e-02
7.998852524906396866e-04 -9.005314670503139496e-03
5.640868330374360085e-04 -3.320779185742139816e-03
5.621246527880430222e-04 -3.928546793758869171e-03
-9.093736298382282257e-04 -3.997860942035913467e-03
2.117536030709743500e-03 3.858491545543074608e-03
5.703727947548031807e-04 -6.065557245165109634e-03
6.945101195015013218e-04 -1.003222633153200150e-02
3.292672336101531982e-03 9.806499816477298737e-03
8.235678542405366898e-04 -8.925233967602252960e-03
5.508883623406291008e-04 -3.183498512953519821e-03
4.014153964817523956e-03 1.263694930821657181e-02
5.541473627090454102e-03 1.964146457612514496e-02
8.117102552205324173e-04 -9.013417176902294159e-03
7.013495196588337421e-04 -6.973558105528354645e-03
5.685627111233770847e-04 -3.874835558235645294e-03
4.697851836681365967e-04 -3.442300250753760338e-03
3.214020398445427418e-04 -3.703487804159522057e-03
5.650055594742298126e-03 2.010385133326053619e-02
4.219613038003444672e-04 -3.272211411967873573e-03
4.992868285626173019e-03 1.790937781333923340e-02
5.939279799349606037e-04 -6.315024569630622864e-03
3.817473072558641434e-03 1.156855374574661255e-02
1.139004743890836835e-04 -3.424459369853138924e-03
3.378660185262560844e-03 1.033084467053413391e-02
5.259759491309523582e-04 -5.607701372355222702e-03
5.598060670308768749e-04 -3.394213039427995682e-03
5.966348689980804920e-04 -2.958740107715129852e-03
4.077178600709885359e-04 -3.613589098677039146e-03
5.200405139476060867e-04 -3.785515204071998596e-03
6.054237019270658493e-04 -4.167773295193910599e-03
1.045451499521732330e-03 -1.507745962589979172e-02
-3.199890197720378637e-04 -3.934969194233417511e-03
5.598189891315996647e-04 -3.839081153273582458e-03
5.785765824839472771e-04 -2.580244559794664383e-03
5.781399668194353580e-04 -3.342427080497145653e-03
3.589017782360315323e-03 1.097929663956165314e-02
5.493904463946819305e-03 1.980240456759929657e-02
5.924573633819818497e-04 -3.787048161029815674e-03
6.844417075626552105e-04 -7.759850937873125076e-03
2.847942290827631950e-03 5.295002367347478867e-03
5.385073600336909294e-04 -3.476432291790843010e-03
4.687363747507333755e-03 1.622352562844753265e-02
5.650084931403398514e-04 -6.025407463312149048e-03
8.257861481979489326e-04 -1.079731155186891556e-02
7.440406479872763157e-04 -9.233213961124420166e-03
5.565182655118405819e-04 -3.986057825386524200e-03
3.747661132365465164e-03 1.151509303599596024e-02
5.492656491696834564e-04 -4.045934882014989853e-03
4.190344188828021288e-04 -4.911544732749462128e-03
-4.936419427394866943e-04 -3.390929661691188812e-03
-5.663274973630905151e-02 9.839095175266265869e-03
4.670637717936187983e-04 -3.738547908142209053e-03
2.672403817996382713e-03 4.997506272047758102e-03
5.032364279031753540e-04 -3.666347824037075043e-03
5.799991413368843496e-05 -3.910685889422893524e-03
-3.969329991377890110e-04 -3.982937894761562347e-03
2.386556152487173676e-04 -2.714361064136028290e-03
7.578004733659327030e-04 -1.094045583158731461e-02
4.964711843058466911e-04 -3.677092259749770164e-03
1.207113848067820072e-03 -1.819959469139575958e-02
5.554518196731805801e-03 1.974822022020816803e-02
6.309595773927867413e-04 -3.871188266202807426e-03
5.747768096625804901e-03 2.080111764371395111e-02
5.613422952592372894e-03 2.030299603939056396e-02
4.448363906703889370e-04 -3.414741950109601021e-03
7.593357586301863194e-04 -7.963229902088642120e-03
1.264599501155316830e-03 -1.993843913078308105e-02
3.393620427232235670e-04 -4.679809324443340302e-03
4.001698398496955633e-04 -3.802980063483119011e-03
8.456170908175408840e-04 -1.108028739690780640e-02
2.632027026265859604e-04 -2.755402820184826851e-03
4.450475389603525400e-04 -3.356259083375334740e-03
4.825751762837171555e-03 1.624251157045364380e-02
3.259787918068468571e-04 -3.516521537676453590e-03
-1.663960720179602504e-04 -3.084054915234446526e-03
4.995152703486382961e-04 -3.774501848965883255e-03
8.571438957005739212e-04 -9.570650756359100342e-03
6.290191784501075745e-03 2.380632236599922180e-02
4.534067120403051376e-03 1.475740037858486176e-02
3.971598634961992502e-04 -4.015820100903511047e-03
4.589107411447912455e-04 -3.853252623230218887e-03
4.809354431927204132e-04 -5.464436952024698257e-03
3.633729065768420696e-04 -3.201357554644346237e-03
7.815217832103371620e-04 -1.110982522368431091e-02
6.389774498529732227e-04 -5.875329487025737762e-03
4.782232281286269426e-04 -3.143340116366744041e-03
4.375756718218326569e-03 1.461696438491344452e-02
4.023880755994468927e-04 -3.780486294999718666e-03
-8.669399470090866089e-02 1.670659705996513367e-02
5.784382577985525131e-03 2.156975865364074707e-02
8.543242001906037331e-04 -1.209458336234092712e-02
1.604142016731202602e-04 -2.428971463814377785e-03
6.073302123695611954e-03 2.209930308163166046e-02
5.022662808187305927e-04 -4.007124807685613632e-03
4.669741261750459671e-03 1.647441275417804718e-02
5.403379327617585659e-04 -5.592720117419958115e-03
7.583244587294757366e-04 -9.147851727902889252e-03
5.986890289932489395e-03 2.278426103293895721e-02
4.517582419794052839e-04 -4.173194989562034607e-03
4.774489498231559992e-04 -3.921259194612503052e-03
6.576403393410146236e-04 -6.003863643854856491e-03
5.382536910474300385e-03 1.996802166104316711e-02
7.966874982230365276e-04 -9.935821406543254852e-03
6.666588131338357925e-03 2.539991214871406555e-02
5.453108460642397404e-04 -5.518485326319932938e-03
3.591357381083071232e-04 -3.836987772956490517e-03
3.883549943566322327e-03 1.210879348218441010e-02
4.697697702795267105e-03 1.561786420643329620e-02
3.409063909202814102e-03 1.042930968105792999e-02
4.899580962955951691e-04 -4.766323138028383255e-03
3.914210014045238495e-03 1.277692709118127823e-02
5.255942232906818390e-04 -5.587888881564140320e-03
6.340845720842480659e-04 -4.525273572653532028e-03
5.699961911886930466e-03 2.115290984511375427e-02
-3.137670690193772316e-03 -3.181330626830458641e-03
2.010617405176162720e-03 4.369994625449180603e-03
3.534541756380349398e-04 -2.652154071256518364e-03
8.454742492176592350e-04 -1.221223268657922745e-02
7.551533635705709457e-04 -9.224883280694484711e-03
-7.295875111594796181e-04 -3.291483502835035324e-03
1.679737120866775513e-03 2.562799258157610893e-03
6.141343154013156891e-03 2.261159196496009827e-02
3.571313282009214163e-04 -3.517864271998405457e-03
-2.529987250454723835e-04 -3.208772512152791023e-03
-4.384391650091856718e-04 -4.037882201373577118e-03
3.698519431054592133e-04 -3.411382436752319336e-03
3.190118295606225729e-04 -3.014544956386089325e-03
4.958162317052483559e-04 -5.205891560763120651e-03
-5.776231363415718079e-02 9.861218743026256561e-03
3.675652551464736462e-04 -3.587456885725259781e-03
5.428673466667532921e-04 -3.532044822350144386e-03
5.900143645703792572e-03 2.165885269641876221e-02
-7.388605922460556030e-02 1.428882777690887451e-02
4.776171117555350065e-04 -3.845266997814178467e-03
2.502392744645476341e-04 -2.972599351778626442e-03
1.162031898275017738e-03 -1.765234209597110748e-02
7.255070377141237259e-04 -7.205509580671787262e-03
7.381336763501167297e-04 -8.280540816485881805e-03
4.443023819476366043e-03 1.488436851650476456e-02
4.619329702109098434e-04 -3.574284026399254799e-03
7.475878810510039330e-04 -8.675302378833293915e-03
5.969115532934665680e-03 2.246947214007377625e-02
-6.907610222697257996e-04 -3.145318012684583664e-03
4.841267073061317205e-04 -3.787484252825379372e-03
-2.886967558879405260e-04 -3.216013778001070023e-03
5.984009709209203720e-03 2.239971421658992767e-02
1.259674318134784698e-03 3.993869177065789700e-04
4.185744037386029959e-04 -3.778440877795219421e-03
7.729579810984432697e-04 -1.054831687361001968e-02
-9.480973822064697742e-04 -3.257581731304526329e-03
3.400182176847010851e-04 -3.758486127480864525e-03
1.106020528823137283e-03 -1.767322048544883728e-02
8.374021272175014019e-04 -1.213879510760307312e-02
7.172126788645982742e-04 -7.153379265218973160e-03
-5.404281429946422577e-03 -1.925313030369579792e-03
7.386355428025126457e-04 -7.552576716989278793e-03
4.803315969184041023e-04 -2.975803101435303688e-03
6.892311503179371357e-04 -6.745595950633287430e-03
7.187818409875035286e-04 -8.277746848762035370e-03
3.481171792373061180e-03 1.051828637719154358e-02
6.162955542095005512e-04 -3.808590117841959000e-03
4.846024385187774897e-04 -3.803361672908067703e-03
5.644425284117460251e-03 2.116839587688446045e-02
4.550130106508731842e-03 1.579356379806995392e-02
5.610834923572838306e-04 -4.342308733612298965e-03
1.791605973266996443e-05 -3.119778120890259743e-03
-5.914808716624975204e-04 -2.919564023613929749e-03
4.843272618018090725e-04 -3.374697174876928329e-03
7.241283310577273369e-05 -2.812532708048820496e-03
7.564903935417532921e-04 -7.814047858119010925e-03
1.711818855255842209e-03 2.319129416719079018e-03
8.481356198899447918e-04 -6.155833834782242775e-04
6.155674345791339874e-03 2.302755042910575867e-02
3.735832578968256712e-04 -3.373417537659406662e-03
3.412739315535873175e-04 -3.750717965885996819e-03
-7.215791265480220318e-04 -3.113334067165851593e-03
3.469471412245184183e-04 -3.408260643482208252e-03
4.521637165453284979e-04 -3.596635302528738976e-03
-1.906073885038495064e-03 -3.413092112168669701e-03
5.730385310016572475e-04 -3.162397304549813271e-03
5.880564567632973194e-04 -3.963141236454248428e-03
7.059462368488311768e-04 -7.327106315642595291e-03
6.909723742865025997e-04 -2.654136158525943756e-03
5.906916921958327293e-04 -3.929664380848407745e-03
-9.453139500692486763e-04 -3.265949198976159096e-03
5.514068761840462685e-04 -5.827021319419145584e-03
2.954558236524462700e-03 5.521479528397321701e-03
7.597195217385888100e-04 -9.311335161328315735e-03
2.571759105194360018e-04 -2.697600517421960831e-03
6.492895074188709259e-03 2.479860000312328339e-02
5.933341570198535919e-03 2.141008526086807251e-02
1.880808733403682709e-03 2.747915452346205711e-03
5.367815028876066208e-04 -3.954460378736257553e-03
1.209478126838803291e-03 -1.899689808487892151e-02
4.396906879264861345e-04 -3.509246511384844780e-03
-2.826757496222853661e-03 -2.977220341563224792e-03
4.905533278360962868e-04 -5.175993777811527252e-03
4.997431533411145210e-04 -3.984145820140838623e-03
7.994428742676973343e-04 -1.121771894395351410e-02
5.793579039163887501e-04 -3.686031559482216835e-03
5.232154508121311665e-04 -3.528548637405037880e-03
2.755884488578885794e-04 -2.467086771503090858e-03
4.111958260182291269e-04 -3.725552000105381012e-03
-1.090903388103470206e-04 -2.995321992784738541e-03
6.058426108211278915e-03 2.240849472582340240e-02
3.721877234056591988e-03 1.123770046979188919e-02
6.235976703464984894e-03 2.397618070244789124e-02
3.085366915911436081e-05 -3.276970935985445976e-03
7.404034258797764778e-04 -7.601024117320775986e-03
7.617423543706536293e-04 -8.386750705540180206e-03
4.815683059860020876e-04 -4.537147935479879379e-03
1.609208993613719940e-03 2.089108806103467941e-03
5.298617179505527020e-04 -4.113833885639905930e-03
2.573983219917863607e-04 -3.869111882522702217e-03
7.808376103639602661e-04 -1.209447812288999557e-02
4.484051605686545372e-04 -3.535101423040032387e-03
4.906583926640450954e-04 -3.578169038519263268e-03
-9.292146423831582069e-04 -4.036854952573776245e-03
6.256701890379190445e-03 2.401612140238285065e-02
4.570049059111624956e-04 -4.838382825255393982e-03
-5.719530582427978516e-02 9.876679629087448120e-03
5.597592331469058990e-03 2.019680105149745941e-02
4.145712591707706451e-04 -3.800590755417943001e-03
5.468519520945847034e-04 -3.659882117062807083e-03
6.182259530760347843e-04 -4.019369836896657944e-03
6.578742177225649357e-04 -3.171207383275032043e-03
6.063454784452915192e-04 -4.120834171772003174e-03
6.293815560638904572e-03 2.398308366537094116e-02
5.085237789899110794e-04 -5.150383803993463516e-03
5.574626266025006771e-04 -3.834378672763705254e-03
7.553531904704868793e-04 -8.291788399219512939e-03
1.179848099127411842e-03 -1.778792589902877808e-02
4.966878332197666168e-04 -3.630944993346929550e-03
5.392250604927539825e-04 -2.634648932144045830e-03
4.358989826869219542e-04 -3.532713977620005608e-03
5.472710821777582169e-03 2.027095109224319458e-02
1.157692051492631435e-03 -1.740094833076000214e-02
4.144632257521152496e-04 -3.637633752077817917e-03
6.398704135790467262e-04 -5.482658743858337402e-03
6.306981667876243591e-03 2.426351793110370636e-02
6.304617039859294891e-03 2.402070537209510803e-02
7.266385364346206188e-04 -9.406168945133686066e-03
8.327040704898536205e-04 -1.009129732847213745e-02
-1.956597901880741119e-03 -2.986159641295671463e-03
4.500722978264093399e-03 1.494402904063463211e-02
5.309137632139027119e-04 -5.366360768675804138e-03
4.393839742988348007e-03 1.489553693681955338e-02
4.699721466749906540e-04 -3.628570353612303734e-03
7.617415394634008408e-04 -8.113149553537368774e-03
2.716237213462591171e-04 -3.610487096011638641e-03
5.225965869612991810e-04 -3.502968465909361839e-03
1.801226870156824589e-03 3.308648476377129555e-03
-7.579169323435053229e-05 -2.834396902471780777e-03
3.576955641619861126e-04 -3.533061128109693527e-03
-1.795949763618409634e-03 -3.166259499266743660e-03
7.716175168752670288e-04 -9.137774817645549774e-03
4.992242902517318726e-04 -3.576885676011443138e-03
5.105417221784591675e-04 -5.373673513531684875e-03
4.562869726214557886e-04 -3.919271752238273621e-03
-3.613509470596909523e-04 -2.952288137748837471e-03
-1.148258335888385773e-03 -4.260141868144273758e-03
4.320127773098647594e-04 -4.941085819154977798e-03
5.420341040007770061e-04 -3.361292649060487747e-03
4.603404377121478319e-04 -3.656029701232910156e-03
7.618744275532662868e-04 -8.242434822022914886e-03
-7.033155998215079308e-04 -3.194867866113781929e-03
5.895461072213947773e-04 -5.061109084635972977e-03
6.283051799982786179e-03 2.370717376470565796e-02
1.996069295273628086e-05 -4.171561915427446365e-03
4.298949206713587046e-04 -3.989503718912601471e-03
3.874695976264774799e-04 -4.073571879416704178e-03
1.467377063818275928e-03 8.553110528737306595e-04
-3.676523920148611069e-04 -2.706551225855946541e-03
1.114849816076457500e-03 -1.608230359852313995e-02
5.039289244450628757e-04 -5.353413987904787064e-03
5.193558055907487869e-03 1.890416443347930908e-02
4.789478145539760590e-03 1.576946862041950226e-02
1.876069873105734587e-04 -2.709780819714069366e-03
-1.314858673140406609e-03 -2.987515879794955254e-03
3.836170362774282694e-04 -3.905481193214654922e-03
3.523956402204930782e-04 -3.537705633789300919e-03
4.940059734508395195e-04 -3.637619083747267723e-03
-1.242689904756844044e-03 -3.236376447603106499e-03
5.456808139570057392e-04 -3.000445198267698288e-03
7.186448783613741398e-04 -7.363320793956518173e-03
5.167147028259932995e-04 -4.048365168273448944e-03
4.502402618527412415e-03 1.452583167701959610e-02
6.250086240470409393e-03 2.362147159874439240e-02
7.411863771267235279e-04 -8.124688640236854553e-03
7.880564080551266670e-04 -1.133370120078325272e-02
7.214375655166804790e-04 -1.047571562230587006e-02
2.597524435259401798e-04 -2.922019688412547112e-03
6.266848067753016949e-04 -3.231406910344958305e-03
7.612233166582882404e-04 -8.656195364892482758e-03
4.398554447107017040e-04 -3.874774556607007980e-03
5.074319778941571712e-04 -5.053972359746694565e-03
3.689404111355543137e-04 -3.951977007091045380e-03
1.164170098491013050e-03 -1.711568236351013184e-02
5.217795260250568390e-04 -4.178758244961500168e-03
2.375580836087465286e-03 4.837039392441511154e-03
7.430891273543238640e-04 -7.427023723721504211e-03
-9.875005343928933144e-04 -3.234692150726914406e-03
8.159883436746895313e-04 -1.308418158441781998e-02
6.307029980234801769e-04 -6.349314004182815552e-03
5.147792981006205082e-04 -5.471058189868927002e-03
8.681661565788090229e-04 -1.202698145061731339e-02
6.365855224430561066e-03 2.417452074587345123e-02
5.335196619853377342e-04 -3.338333684951066971e-03
4.903303342871367931e-04 -4.288668744266033173e-03
1.185357919894158840e-03 -1.722287759184837341e-02
4.639740218408405781e-04 -3.689824603497982025e-03
7.557840435765683651e-04 -7.456275634467601776e-03
3.583961806725710630e-04 -3.701384179294109344e-03
3.773647476918995380e-04 -3.310408908873796463e-03
6.057390710338950157e-04 -3.735672915354371071e-03
7.453949656337499619e-04 -1.089110039174556732e-02
5.542868748307228088e-04 -4.074324388056993484e-03
1.679181354120373726e-03 3.395676147192716599e-03
1.302123884670436382e-03 -2.042525261640548706e-02
7.880945922806859016e-04 -1.099430583417415619e-02
-2.511493163183331490e-03 -3.014767775312066078e-03
7.577302749268710613e-04 -7.427291478961706161e-03
4.041990323457866907e-04 -2.592995064333081245e-03
1.470158167649060488e-04 -3.499138401821255684e-03
4.630553885363042355e-04 -3.426149720326066017e-03
7.473470759578049183e-04 -8.309552446007728577e-03
4.760150914080440998e-04 -3.793347626924514771e-03
7.745230104774236679e-04 -1.152136921882629395e-02
5.851319991052150726e-03 2.153228595852851868e-02
4.280710127204656601e-04 -3.847233718261122704e-03
7.828424568288028240e-04 -1.101334299892187119e-02
5.208701477386057377e-04 -3.316512098535895348e-03
6.765977595932781696e-04 -6.793996784836053848e-03
5.591143388301134109e-03 1.979736052453517914e-02
6.139407050795853138e-04 -3.833349095657467842e-03
5.095444503240287304e-04 -4.854066297411918640e-03
4.121694364584982395e-04 -3.386818105354905128e-03
4.861496854573488235e-03 1.623205095529556274e-02
5.230671260505914688e-03 1.854666136205196381e-02
5.318983457982540131e-04 -4.023686051368713379e-03
7.329717045649886131e-04 -7.811918854713439941e-03
6.359548424370586872e-04 -5.638484377413988113e-03
4.382900428026914597e-03 1.450623385608196259e-02
2.405508188530802727e-03 5.593886133283376694e-03
7.999818772077560425e-04 -8.760638535022735596e-03
-7.983891665935516357e-02 1.508046593517065048e-02
4.649944603443145752e-03 1.588701270520687103e-02
4.171993350610136986e-04 -3.727249801158905029e-03
7.323035970330238342e-04 -8.464339189231395721e-03
5.931617342866957188e-04 -3.477489342913031578e-03
-7.204065914265811443e-04 -2.837459091097116470e-03
5.326850805431604385e-04 -3.892285749316215515e-03
4.934466909617185593e-03 1.667174138128757477e-02
4.297517589293420315e-04 -2.967074746266007423e-03
3.951722464989870787e-04 -3.053816501051187515e-03
5.205287015996873379e-04 -4.276826046407222748e-03
7.524250540882349014e-04 -8.509775623679161072e-03
5.759633495472371578e-04 -6.039046216756105423e-03
4.992765607312321663e-04 -3.082983894273638725e-03
8.295380976051092148e-04 -9.070458821952342987e-03
1.321243471466004848e-03 7.869892579037696123e-05
5.500568659044802189e-04 -3.364856820553541183e-03
-9.300754754804074764e-04 -3.324533579871058464e-03
7.700446294620633125e-04 -9.885082021355628967e-03
5.910917534492909908e-04 -4.025436937808990479e-03
3.050914499908685684e-03 5.703631788492202759e-03
4.417703894432634115e-04 -3.943005111068487167e-03
4.444566555321216583e-03 1.461911574006080627e-02
4.520644899457693100e-03 1.466953475028276443e-02
7.100303773768246174e-04 -9.069075807929039001e-03
6.270895246416330338e-03 2.381976321339607239e-02
-1.670021447353065014e-04 -2.829230157658457756e-03
1.055995817296206951e-03 -1.508170180022716522e-02
5.657693371176719666e-03 2.062249183654785156e-02
6.720417295582592487e-04 -6.851493380963802338e-03
2.938724355772137642e-03 7.861743681132793427e-03
4.543685936369001865e-04 -4.355139099061489105e-03
4.266441392246633768e-04 -2.412145026028156281e-03
4.011931596323847771e-04 -3.664069110527634621e-03
-9.353675995953381062e-04 -3.812571521848440170e-03
5.653303232975304127e-04 -4.140622448176145554e-03
3.825659805443137884e-04 -3.511553164571523666e-03
5.021467804908752441e-04 -4.880461376160383224e-03
6.556589622050523758e-03 2.507061138749122620e-02
-7.084576063789427280e-04 -4.049689508974552155e-03
4.716294060926884413e-04 -3.108046716079115868e-03
4.433259891811758280e-04 -3.845033934339880943e-03
4.086423432454466820e-04 -3.519481280818581581e-03
3.897174610756337643e-04 -2.663911320269107819e-03
5.400142981670796871e-04 -5.722451023757457733e-03
6.380269187502563000e-04 -6.473041605204343796e-03
3.819421632215380669e-03 1.206753496080636978e-02
1.023913966491818428e-03 -1.640226505696773529e-02
-5.330730602145195007e-02 8.945443667471408844e-03
5.376930348575115204e-04 -5.562495440244674683e-03
1.144801426562480628e-04 -3.942191135138273239e-03
5.047578015364706516e-04 -4.721533041447401047e-03
3.260876401327550411e-04 -3.471293719485402107e-03
7.813621195964515209e-04 -1.124065276235342026e-02
4.613302648067474365e-03 1.557296700775623322e-02
3.124694339931011200e-04 -3.508949186652898788e-03
3.796715463977307081e-04 -4.115286748856306076e-03
4.081793013028800488e-04 -3.580360673367977142e-03
1.182448235340416431e-03 -1.797722093760967255e-02
5.040229298174381256e-04 -3.678128356114029884e-03
7.027425453998148441e-04 -7.040613796561956406e-03
5.013507790863513947e-03 1.694358512759208679e-02
5.532464128918945789e-04 -5.720790941268205643e-03
5.712610436603426933e-04 -3.731992328539490700e-03
3.780867846217006445e-04 -3.475798992440104485e-03
-7.051566499285399914e-04 -3.018346382305026054e-03
5.210561212152242661e-04 -5.530149675905704498e-03
6.237789057195186615e-04 -4.902087617665529251e-03
2.709752647206187248e-03 4.843694623559713364e-03
5.681722424924373627e-03 2.054074406623840332e-02
7.653351640328764915e-04 -9.848586283624172211e-03
4.633960314095020294e-03 1.579600386321544647e-02
5.468207527883350849e-04 -3.826319240033626556e-03
3.204389940947294235e-04 -3.609444247558712959e-03
4.784455231856554747e-04 -3.587682498618960381e-03
5.746093229390680790e-04 -3.658920992165803909e-03
9.936462156474590302e-04 -1.363894995301961899e-02
1.018363691400736570e-04 -3.263420425355434418e-03
1.226810389198362827e-03 -1.942653022706508636e-02
3.716132603585720062e-03 1.146821212023496628e-02
-7.629798352718353271e-02 1.466532610356807709e-02
5.142630543559789658e-04 -4.064202774316072464e-03
3.388822544366121292e-03 1.026502158492803574e-02
6.912240060046315193e-04 -9.489076212048530579e-03
5.930642364546656609e-04 -6.278614513576030731e-03
4.076365075889043510e-05 -4.251793026924133301e-03
-5.535798147320747375e-02 9.382020682096481323e-03
6.720380042679607868e-04 -6.482589524239301682e-03
6.890723016113042831e-04 -7.013420574367046356e-03
2.923565916717052460e-04 -3.860698547214269638e-03
8.818876813165843487e-04 -1.282837521284818649e-02
8.340265485458076000e-04 -1.235304493457078934e-02
8.320929482579231262e-04 -1.154286786913871765e-02
6.456192204495891929e-05 -3.317031078040599823e-03
3.679826913867145777e-04 -3.931790124624967575e-03
6.959017482586205006e-04 -6.951931864023208618e-03
2.735559537541121244e-04 -3.799765603616833687e-03
5.385023541748523712e-03 1.924448646605014801e-02
5.369050777517259121e-04 -3.347651800140738487e-03
6.517510395497083664e-03 2.455787919461727142e-02
-3.130939789116382599e-03 -3.987227566540241241e-03
4.515670589171350002e-04 -4.878590349107980728e-03
4.245073068886995316e-03 1.401034276932477951e-02
3.545809886418282986e-04 -2.917496254667639732e-03
8.351283031515777111e-04 -1.338395010679960251e-02
5.504705477505922318e-04 -3.695633495226502419e-03
4.441110941115766764e-04 -4.791631828993558884e-03
5.065064178779721260e-04 -3.565066028386354446e-03
6.012995727360248566e-04 -3.983369562774896622e-03
-3.136403101962059736e-04 -3.981981426477432251e-03
3.848816850222647190e-04 -2.474541310220956802e-03
5.108106997795403004e-04 -3.632371779531240463e-03
6.363218650221824646e-03 2.381041459739208221e-02
-9.863246232271194458e-04 -2.944944193586707115e-03
3.900240408256649971e-04 -3.298244904726743698e-03
1.646194839850068092e-03 1.624307944439351559e-03
2.632490068208426237e-04 -2.824875293299555779e-03
5.491425981745123863e-04 -5.851039197295904160e-03
6.237023044377565384e-03 2.346539124846458435e-02
-4.843885253649204969e-04 -2.659874735400080681e-03
5.239336751401424408e-04 -5.353579763323068619e-03
1.913749380037188530e-03 2.729819854721426964e-03
5.099271656945347786e-04 -3.790992079302668571e-03
3.049292368814349174e-03 5.704045295715332031e-03
5.484165740199387074e-04 -3.909930121153593063e-03
1.156326732598245144e-03 -1.838432438671588898e-02
5.114651867188513279e-04 -5.187620874494314194e-03
4.392842820379883051e-04 -3.448373405262827873e-03
4.745543992612510920e-04 -3.878738963976502419e-03
-9.024880127981305122e-04 -3.033204004168510437e-03
2.475648419931530952e-03 5.120380315929651260e-03
8.332506986334919930e-04 -1.134951226413249969e-02
5.816176999360322952e-04 -4.301403649151325226e-03
-6.494859117083251476e-04 -3.841965459287166595e-03
3.903986362274736166e-04 -3.534118179231882095e-03
-8.375811157748103142e-04 -3.349698847159743309e-03
4.966410342603921890e-04 -3.108158474788069725e-03
1.234460156410932541e-03 1.286477083340287209e-03
6.194539018906652927e-04 -4.344459157437086105e-03
6.901145679876208305e-04 -7.220103871077299118e-03
2.911863557528704405e-04 -3.510138951241970062e-03
5.813843454234302044e-04 -4.020205698907375336e-03
7.758211577311158180e-04 -8.555512875318527222e-03
-1.341003662673756480e-04 -2.991943387314677238e-03
-1.687597250565886497e-05 -2.887661801651120186e-03
3.778459504246711731e-03 1.160004269331693649e-02
8.033138001337647438e-04 -9.392240084707736969e-03
4.973122850060462952e-03 1.708163134753704071e-02
5.385526455938816071e-04 -3.137236693874001503e-03
2.793283900246024132e-03 7.123410701751708984e-03
5.920800846070051193e-03 2.190667390823364258e-02
-5.423883558250963688e-04 -3.193374490365386009e-03
5.316616734489798546e-04 -3.387138480320572853e-03
2.157835260732099414e-04 -2.785207238048315048e-03
4.965497646480798721e-04 -4.935598000884056091e-03
3.751716576516628265e-04 -3.386613447219133377e-03
3.621906798798590899e-04 -3.387831384316086769e-03
4.218421236146241426e-04 -3.320321207866072655e-03
5.621034069918096066e-04 -3.119512461125850677e-03
6.267577875405550003e-03 2.405846305191516876e-02
-7.485243258997797966e-04 -3.323044860735535622e-03
5.288774846121668816e-04 -5.579825956374406815e-03
4.573754558805376291e-04 -3.662531729787588120e-03
3.582546196412295103e-04 -3.884684760123491287e-03
4.702537844423204660e-04 -4.734581336379051208e-03
5.163205205462872982e-04 -3.894682042300701141e-03
-3.829681372735649347e-04 -3.920113667845726013e-03
7.386762299574911594e-04 -7.265295367687940598e-03
5.525159067474305630e-04 -3.393088467419147491e-03
4.836894804611802101e-04 -5.404813215136528015e-03
4.916540347039699554e-04 -3.763391869142651558e-03
-1.939750858582556248e-03 -2.825017552822828293e-03
5.537985707633197308e-04 -3.739830106496810913e-03
2.820115070790052414e-03 5.075057502835988998e-03
-6.591363926418125629e-04 -3.137290012091398239e-03
6.681894883513450623e-03 2.545459941029548645e-02
7.861945196054875851e-04 -9.233126416802406311e-03
6.403897423297166824e-03 2.452075667679309845e-02
7.955387700349092484e-04 -1.163012813776731491e-02
4.927232395857572556e-03 1.704929769039154053e-02
3.920221643056720495e-04 -3.696624655276536942e-03
7.031483692117035389e-04 -6.702442653477191925e-03
-6.192085519433021545e-02 1.082128286361694336e-02
4.815758671611547470e-03 1.672784797847270966e-02
4.402992781251668930e-03 1.525069680064916611e-02
4.555833875201642513e-04 -4.896576516330242157e-03
5.250721587799489498e-04 -4.703796003013849258e-03
3.994058643002063036e-04 -3.592971246689558029e-03
4.028189287055283785e-04 -2.837431384250521660e-03
1.260633231140673161e-03 1.096302759833633900e-03
6.499493611045181751e-04 -2.770270686596632004e-03
1.083345385268330574e-03 -1.733063906431198120e-02
1.702842535451054573e-03 2.212175866588950157e-03
3.627697587944567204e-04 -2.478619338944554329e-03
5.477976519614458084e-04 -3.822172060608863831e-03
8.241687901318073273e-04 -9.071220643818378448e-03
-5.790017917752265930e-02 1.001092046499252319e-02
-6.270740414038300514e-04 -2.970493398606777191e-03
4.150953027419745922e-04 -3.357460722327232361e-03
5.720828776247799397e-04 -3.895877394825220108e-03
6.957309087738394737e-04 -7.177897263318300247e-03
4.784076299984008074e-04 -3.458709223195910454e-03
4.528565914370119572e-04 -3.608602331951260567e-03
6.057841237634420395e-03 2.284908108413219452e-02
5.354768363758921623e-04 -5.668349564075469971e-03
5.775377620011568069e-03 2.061136439442634583e-02
9.884295286610722542e-04 -1.328217610716819763e-02
3.586581151466816664e-04 -3.658636240288615227e-03
6.839978741481900215e-04 -7.113481871783733368e-03
5.890298052690923214e-04 -3.384973620995879173e-03
6.107824854552745819e-03 2.329840883612632751e-02
4.497698973864316940e-04 -3.661441151052713394e-03
1.748835435137152672e-03 2.281216904520988464e-03
4.364210471976548433e-04 -3.376672044396400452e-03
5.069313338026404381e-04 -4.031688906252384186e-03
-8.333753049373626709e-02 1.614602468907833099e-02
3.269380249548703432e-04 -2.959354082122445107e-03
-1.432896940968930721e-03 -3.301667049527168274e-03
4.000557237304747105e-04 -3.713313257321715355e-03
8.005907293409109116e-04 -9.228307753801345825e-03
6.141423247754573822e-03 2.311453782021999359e-02
8.860990637913346291e-04 -1.253579184412956238e-02
-1.451246498618274927e-04 -3.067100187763571739e-03
-9.496497805230319500e-04 -4.130038898438215256e-03
7.690299535170197487e-04 -9.625750593841075897e-03
3.168312250636518002e-04 -3.605137113481760025e-03
5.538999103009700775e-04 -3.465479705482721329e-03
4.058762278873473406e-04 -3.768304595723748207e-03
2.890501404181122780e-03 5.378304049372673035e-03
4.194922221358865499e-04 -3.813053481280803680e-03
1.677804044447839260e-03 2.161627169698476791e-03
-3.653132880572229624e-04 -2.935471246019005775e-03
7.859869510866701603e-04 -9.312902577221393585e-03
4.550897865556180477e-04 -3.618834773078560829e-03
3.075209679082036018e-04 -4.432971589267253876e-03
7.474548183381557465e-04 -7.580700330436229706e-03
2.075727330520749092e-03 3.990727476775646210e-03
7.966639823280274868e-04 -9.256755001842975616e-03
1.670603756792843342e-03 2.120371209457516670e-03
5.811932962387800217e-03 2.143552340567111969e-02
7.925108075141906738e-04 -1.163789071142673492e-02
8.052744087763130665e-04 -9.365912526845932007e-03
2.759444992989301682e-03 6.892112549394369125e-03
6.028474308550357819e-03 2.268074639141559601e-02
8.109388872981071472e-04 -8.785642683506011963e-03
4.521930124610662460e-03 1.481372397392988205e-02
6.163555197417736053e-03 2.350754849612712860e-02
3.499998711049556732e-04 -3.667467040941119194e-03
6.291881669312715530e-03 2.370391786098480225e-02
5.832890048623085022e-03 2.132263220846652985e-02
-6.861609965562820435e-02 1.229912322014570236e-02
4.636053636204451323e-04 -3.640692215412855148e-03
7.526722038164734840e-04 -7.841717451810836792e-03
5.991220474243164062e-03 2.203392982482910156e-02
7.378751761280000210e-04 -9.382450021803379059e-03
4.798444279003888369e-04 -3.790645161643624306e-03
5.342714139260351658e-04 -5.643506068736314774e-03
7.367791840806603432e-04 -1.159195136278867722e-02
6.755932699888944626e-04 -8.458846248686313629e-03
4.758385184686630964e-04 -5.335197318345308304e-03
4.002682690043002367e-04 -3.433595411479473114e-03
-7.474687881767749786e-04 -3.195541910827159882e-03
7.775815902277827263e-04 -9.547712281346321106e-03
-7.769343210384249687e-04 -3.361491952091455460e-03
-6.016799598000943661e-04 -2.672357019037008286e-03
2.506100863683968782e-04 -2.886622212827205658e-03
5.940716248005628586e-03 2.177671156823635101e-02
4.150354769080877304e-03 1.335537154227495193e-02
5.358635913580656052e-03 1.906741410493850708e-02
5.332252010703086853e-03 1.873873919248580933e-02
4.765741468872874975e-04 -5.388640332967042923e-03
4.027030372526496649e-04 -3.643349045887589455e-03
6.083914078772068024e-03 2.305114269256591797e-02
4.782907664775848389e-03 1.692361012101173401e-02
4.633683711290359497e-04 -3.567354287952184677e-03
4.866738745477050543e-04 -3.807756118476390839e-03
4.945125896483659744e-03 1.722335815429687500e-02
-4.896952304989099503e-04 -2.809094497933983803e-03
6.616818718612194061e-04 -6.720463279634714127e-03
1.557891257107257843e-03 1.802128390409052372e-03
3.388475626707077026e-03 1.052091829478740692e-02
5.175838014110922813e-04 -3.955000080168247223e-03
7.365408237092196941e-04 -7.283356506377458572e-03
3.756290243472903967e-04 -3.426670329645276070e-03
5.477366503328084946e-04 -3.938740584999322891e-03
4.666375461965799332e-04 -5.218838807195425034e-03
-4.315578844398260117e-04 -4.010839387774467468e-03
5.343942437320947647e-03 1.960503682494163513e-02
1.097881002351641655e-03 -1.552496943622827530e-02
5.568646825850009918e-03 2.056244760751724243e-02
6.699127610772848129e-03 2.557276934385299683e-02
6.277877837419509888e-03 2.397970296442508698e-02
4.661752900574356318e-04 -3.863303689286112785e-03
4.444797814358025789e-04 -3.071774728596210480e-03
8.697206503711640835e-04 -1.251405756920576096e-02
1.656673965044319630e-03 1.923915464431047440e-03
5.585391190834343433e-04 -3.615150926634669304e-03
4.956556367687880993e-04 -3.912976477295160294e-03
-1.069412101060152054e-03 -3.874782705679535866e-03
1.291150460019707680e-03 3.762152045965194702e-04
8.058236562646925449e-04 -8.224200457334518433e-03
8.398507488891482353e-04 -1.180612202733755112e-02
4.403327184263616800e-04 -3.562337253242731094e-03
4.474329762160778046e-04 -2.484745578840374947e-03
7.747011259198188782e-04 -8.716465905308723450e-03
-8.280601352453231812e-02 1.597432047128677368e-02
7.582860998809337616e-04 -1.111821364611387253e-02
-8.208563667722046375e-04 -3.402660600841045380e-03
5.723279900848865509e-04 -4.444804508239030838e-03
7.449397817254066467e-04 -9.684345684945583344e-03
4.796502646058797836e-03 1.676516979932785034e-02
6.471989210695028305e-03 2.464027330279350281e-02
7.972144521772861481e-05 -3.068794962018728256e-03
5.946099408902227879e-04 -3.799124853685498238e-03
5.475548096001148224e-04 -5.530554335564374924e-03
4.770755767822265625e-04 -3.494375152513384819e-03
8.414726471528410912e-04 -1.244437601417303085e-02
-6.525896606035530567e-04 -2.787231234833598137e-03
-5.307853594422340393e-02 9.021531790494918823e-03
4.583672271110117435e-04 -3.543660743162035942e-03
-3.974749706685543060e-04 -4.214108921587467194e-03
4.892366006970405579e-03 1.712958142161369324e-02
6.278958753682672977e-04 -4.562349524348974228e-03
-1.762655796483159065e-03 -3.368270350620150566e-03
-3.008984494954347610e-04 -4.063811618834733963e-03
-4.477017559111118317e-03 -2.457789378240704536e-03
5.928685422986745834e-04 -3.048142883926630020e-03
4.159240517765283585e-03 1.374762412160634995e-02
-7.287102635018527508e-04 -4.096390679478645325e-03
2.955608069896697998e-03 5.441980902105569839e-03
5.452317418530583382e-04 -3.411874873563647270e-03
3.904665063600987196e-04 -3.358218120411038399e-03
8.712355047464370728e-04 -1.226470712572336197e-02
6.914861733093857765e-04 -7.020059507340192795e-03
-4.526054544840008020e-04 -4.010463133454322815e-03
5.430797114968299866e-03 1.987092755734920502e-02
4.585119313560426235e-04 -3.568860935047268867e-03
3.279829688835889101e-04 -3.568035783246159554e-03
5.914490902796387672e-04 -3.149286611005663872e-03
4.445738741196691990e-04 -3.139893990010023117e-03
5.856001283973455429e-03 2.253433875739574432e-02
5.245074280537664890e-04 -3.594846697524189949e-03
4.328140930738300085e-04 -3.292687237262725830e-03
6.318686995655298233e-03 2.426000870764255524e-02
6.003023590892553329e-04 -3.763956250622868538e-03
5.015598144382238388e-04 -3.307844744995236397e-03
4.576306324452161789e-03 1.490099914371967316e-02
3.989185206592082977e-03 1.268073637038469315e-02
7.414071587845683098e-04 -1.096539665013551712e-02
4.324786132201552391e-04 -4.033934324979782104e-03
7.887023966759443283e-04 -8.685137145221233368e-03
-1.045962679199874401e-03 -3.139079315587878227e-03
3.730363387148827314e-04 -3.583987476304173470e-03
3.787585010286420584e-04 -4.422582220286130905e-03
1.987624214962124825e-03 2.973800990730524063e-03
5.334254237823188305e-04 -5.601967684924602509e-03
6.426171166822314262e-04 -2.505084732547402382e-03
-7.631773501634597778e-02 1.478910725563764572e-02
7.263307925313711166e-04 -7.864821702241897583e-03
4.893374280072748661e-04 -3.922306466847658157e-03
8.258555899374186993e-04 -9.787099435925483704e-03
8.283103234134614468e-04 -8.830148726701736450e-03
8.210797095671296120e-04 -1.003757491707801819e-02
-5.876246839761734009e-02 1.023666933178901672e-02
-8.283981005661189556e-04 -3.316387068480253220e-03
2.049461938440799713e-03 4.188571590930223465e-03
5.084626609459519386e-04 -3.900509094819426537e-03
7.342214230448007584e-04 -7.022975943982601166e-03
6.369026377797126770e-04 -4.146046005189418793e-03
5.999003071337938309e-03 2.258954010903835297e-02
4.587635921780019999e-04 -3.470125840976834297e-03
5.897461087442934513e-04 -4.106938838958740234e-03
8.811969310045242310e-04 -1.041626743972301483e-02
6.153902359073981643e-05 -4.325136076658964157e-03
5.248296074569225311e-04 -3.871622495353221893e-03
3.972997656092047691e-04 -3.657180117443203926e-03
5.779961938969790936e-04 -4.889829549938440323e-03
8.081189589574933052e-04 -1.354082603938877583e-03
-1.355407643131911755e-03 -3.798396326601505280e-03
7.513058517361059785e-05 -3.943140152841806412e-03
7.088259444572031498e-04 -2.735248766839504242e-03
6.221737246960401535e-03 2.384547889232635498e-02
1.542867277748882771e-03 1.942337257787585258e-03
5.909082945436239243e-03 2.169286459684371948e-02
1.865311787696555257e-04 -2.702740021049976349e-03
1.821581274271011353e-03 2.506761346012353897e-03
4.904544330202043056e-04 -3.507219022139906883e-03
3.577694587875157595e-04 -3.884730860590934753e-03
5.582956364378333092e-04 -3.754940815269947052e-03
2.881402615457773209e-03 7.678798399865627289e-03
4.520015500020235777e-04 -4.147429019212722778e-03
2.894515928346663713e-04 -3.417384112253785133e-03
4.875818849541246891e-04 -3.771442687138915062e-03
4.096623451914638281e-04 -3.695877967402338982e-03
4.345147171989083290e-04 -3.747055772691965103e-03
1.971734687685966492e-03 2.689823973923921585e-03
2.616514102555811405e-04 -4.010302945971488953e-03
6.840236950665712357e-03 2.633759006857872009e-02
6.529879756271839142e-04 -4.349366761744022369e-03
4.432008718140423298e-04 -4.952538758516311646e-03
4.268146294634789228e-04 -3.055719193071126938e-03
-3.208754351362586021e-03 -4.029771313071250916e-03
4.212202038615942001e-04 -3.813603660091757774e-03
1.121005741879343987e-03 -6.472154927905648947e-05
6.771194748580455780e-04 -6.846517324447631836e-03
7.405949872918426991e-04 -8.455689996480941772e-03
6.558143068104982376e-03 2.523634210228919983e-02
3.162726061418652534e-03 8.896591141819953918e-03
-1.261448720470070839e-03 -3.632214153185486794e-03
4.579348315019160509e-04 -3.668647259473800659e-03
5.914400098845362663e-04 -3.693947801366448402e-03
7.621809490956366062e-04 -8.283115923404693604e-03
6.682414095848798752e-04 -2.370684640482068062e-03
6.174843874759972095e-04 -3.827010048553347588e-03
4.796799621544778347e-04 -3.882839810103178024e-03
4.559356893878430128e-04 -3.595611546188592911e-03
4.489262355491518974e-04 -3.738190745934844017e-03
5.588645581156015396e-03 2.054983749985694885e-02
1.815294730477035046e-03 2.415890805423259735e-03
5.441758548840880394e-04 -3.197481622919440269e-03
6.498449947685003281e-04 -4.884356167167425156e-03
5.528943729586899281e-04 -5.841590464115142822e-03
7.568313158117234707e-04 -1.167985051870346069e-02
-5.154356360435485840e-02 8.744641207158565521e-03
5.114814266562461853e-04 -4.879770334810018539e-03
7.246746827149763703e-05 -3.611350664868950844e-03
-2.739316783845424652e-03 -2.736457623541355133e-03
-4.309358191676437855e-04 -3.201978979632258415e-03
4.968906869180500507e-04 -5.274978000670671463e-03
5.222326144576072693e-04 -3.755650948733091354e-03
7.982631213963031769e-04 -1.054893061518669128e-02
6.568943499587476254e-04 -5.528108216822147369e-03
2.234387065982446074e-04 -2.882401924580335617e-03
4.943655803799629211e-04 -3.711358411237597466e-03
5.452035460621118546e-03 1.976039074361324310e-02
5.952177452854812145e-04 -3.501205705106258392e-03
2.223880030214786530e-03 4.606181755661964417e-03
4.787492798641324043e-04 -3.782439045608043671e-03
5.334478919394314289e-04 -3.646029625087976456e-03
4.005168739240616560e-04 -3.405576338991522789e-03
6.211881991475820541e-04 -3.963182680308818817e-03
-1.060980794136412442e-04 -3.243292216211557388e-03
4.991173627786338329e-04 -5.260716192424297333e-03
7.144564297050237656e-04 -7.355127483606338501e-03
3.581218188628554344e-04 -3.791404655203223228e-03
1.720657921396195889e-03 2.201804425567388535e-03
4.799509770236909389e-04 -3.221210790798068047e-03
6.354660727083683014e-03 2.437526173889636993e-02
8.097403915598988533e-04 -9.131453000009059906e-03
2.107904292643070221e-04 -4.027510061860084534e-03
5.275505827739834785e-04 -3.450671210885047913e-03
7.617140072397887707e-04 -7.924709469079971313e-03
4.220781847834587097e-04 -3.605293110013008118e-03
7.700784481130540371e-04 -1.185751054435968399e-02
4.657476383727043867e-04 -3.680075751617550850e-03
4.114803450647741556e-04 -3.101517446339130402e-03
4.390288377180695534e-04 -3.285314189270138741e-03
5.584076279774308205e-04 -4.028516355901956558e-03
4.732615314424037933e-03 1.600597426295280457e-02
6.487094331532716751e-03 2.462440915405750275e-02
-5.812175571918487549e-02 1.000767573714256287e-02
-2.595164580270648003e-03 -2.694126218557357788e-03
2.380101243034005165e-03 4.955485463142395020e-03
-1.392684527672827244e-03 -3.985480871051549911e-03
5.944772274233400822e-04 -3.992760088294744492e-03
5.203307955525815487e-04 -3.755498211830854416e-03
3.562036203220486641e-03 1.046540681272745132e-02
-7.868321239948272705e-02 1.517053227871656418e-02
-7.316072005778551102e-04 -2.912727417424321175e-03
-9.075111709535121918e-03 -1.662345835939049721e-03
6.297053769230842590e-04 -2.783733187243342400e-03
-1.843561301939189434e-03 -3.174339188262820244e-03
8.169572101905941963e-04 -1.134080626070499420e-02
4.875809245277196169e-04 -3.145261202007532120e-03
2.905731089413166046e-04 2.011866163229569793e-04
5.634883884340524673e-03 2.063412033021450043e-02
6.009642384015023708e-04 -4.187775775790214539e-03
5.471422802656888962e-03 2.021318860352039337e-02
-8.618598803877830505e-05 -3.006584243848919868e-03
5.429032607935369015e-04 -3.806581255048513412e-03
2.220597118139266968e-03 3.736378857865929604e-03
5.245594657026231289e-04 -3.674506908282637596e-03
5.611507222056388855e-04 -4.133698064833879471e-03
5.549635970965027809e-04 -5.728663410991430283e-03
4.759349394589662552e-04 -5.072140134871006012e-03
7.563331164419651031e-04 -8.175177499651908875e-03
-3.884877078235149384e-04 -3.205895423889160156e-03
8.033211925067007542e-04 -8.809303864836692810e-03
6.290542660281062126e-04 -5.011163651943206787e-03
3.451398573815822601e-03 1.061763055622577667e-02
1.059683738276362419e-03 -1.539399009197950363e-02
5.382002564147114754e-04 -5.659032147377729416e-03
5.572126829065382481e-04 -4.111680202186107635e-03
6.313190679065883160e-04 -3.275965107604861259e-03
-2.758978516794741154e-04 -4.056185949593782425e-03
5.366016412153840065e-04 -5.632329732179641724e-03
5.101131275296211243e-03 1.755374856293201447e-02
-1.560374803375452757e-04 -2.862476045265793800e-03
7.469150004908442497e-04 -1.169084478169679642e-02
2.811513142660260201e-03 5.128909833729267120e-03
5.058238748461008072e-04 -4.468065220862627029e-03
6.642171647399663925e-03 2.537355199456214905e-02
5.913011846132576466e-04 -3.593982895836234093e-03
-3.406672040000557899e-04 -2.829919802024960518e-03
4.530195728875696659e-04 -5.173674318939447403e-03
4.351317766122519970e-04 -3.438302315771579742e-03
7.034715381450951099e-04 -6.747142411768436432e-03
6.773758679628372192e-03 2.504757605493068695e-02
8.173962705768644810e-04 -1.169410161674022675e-02
5.641492549329996109e-03 2.047744765877723694e-02
4.631938936654478312e-04 -3.874016925692558289e-03
5.014325142838060856e-04 -5.279990378767251968e-03
3.952997270971536636e-03 1.244978420436382294e-02
-7.357369759120047092e-05 -2.874225843697786331e-03
-5.221921578049659729e-02 8.640242740511894226e-03
-4.113596787647111341e-06 -2.898092381656169891e-03
6.504044868052005768e-03 2.502461150288581848e-02
4.781901370733976364e-04 -3.218566998839378357e-03
1.847436302341520786e-03 3.272089874371886253e-03
5.450519965961575508e-04 -5.823318846523761749e-03
4.623866989277303219e-04 -2.693696878850460052e-03
1.678898406680673361e-04 -3.055268665775656700e-03
5.009744199924170971e-04 -5.242718383669853210e-03
-5.990420281887054443e-02 1.049557607620954514e-02
5.257574375718832016e-03 1.861110702157020569e-02
-8.713180432096123695e-05 -4.062466323375701904e-03
7.711411453783512115e-04 -1.083803176879882812e-02
6.443398888222873211e-04 -3.992782905697822571e-03
7.016680319793522358e-04 -6.758154369890689850e-03
4.967225831933319569e-04 -4.731197375804185867e-03
6.319615058600902557e-03 2.432522363960742950e-02
1.483462256146594882e-04 -2.870986005291342735e-03
4.328102222643792629e-04 -3.638048190623521805e-03
5.094498046673834324e-04 -3.338290611281991005e-03
4.458844487089663744e-04 -2.948743756860494614e-03
2.434842026559635997e-04 -2.865019487217068672e-03
6.513228872790932655e-04 -6.371089257299900055e-03
8.713416755199432373e-04 -9.996916167438030243e-03
6.141652818769216537e-03 2.305901795625686646e-02
1.360746246064081788e-04 -3.321826923638582230e-03
6.058778613805770874e-03 2.313637174665927887e-02
4.973257309757173061e-04 -4.861201159656047821e-03
9.026749175973236561e-04 -8.580948633607476950e-05
3.633369924500584602e-03 1.145112235099077225e-02
5.353963933885097504e-03 1.905002258718013763e-02
5.767640192061662674e-03 2.152761444449424744e-02
6.124319043010473251e-03 2.356297709047794342e-02
5.333181470632553101e-04 -4.165119491517543793e-03
7.254920783452689648e-04 -9.408566169440746307e-03
2.886777510866522789e-04 -3.901841817423701286e-03
3.830504429060965776e-04 -3.266369225457310677e-03
4.498483322095125914e-04 -5.104454234242439270e-03
3.254621115047484636e-04 -4.942752886563539505e-03
6.353179342113435268e-04 -5.649199709296226501e-03
3.964878560509532690e-04 -3.346270183101296425e-03
4.713440139312297106e-04 -5.022259894758462906e-03
7.437093881890177727e-04 -6.899384781718254089e-03
4.784511693287640810e-04 -2.831530524417757988e-03
5.215179990045726299e-04 -5.405996926128864288e-03
3.467439673840999603e-04 -3.761082421988248825e-03
6.081214640289545059e-03 2.264582365751266479e-02
4.792841617017984390e-03 1.648579351603984833e-02
-3.697300053318031132e-05 -3.125745803117752075e-03
3.787631867453455925e-04 -3.624062053859233856e-03
5.318608600646257401e-04 -5.672411993145942688e-03
5.879316013306379318e-03 2.147197350859642029e-02
6.483576144091784954e-04 -5.516551434993743896e-03
6.296255014603957534e-05 -3.031627973541617393e-03
5.171381402760744095e-03 1.832014881074428558e-02
6.208333652466535568e-03 2.388568781316280365e-02
5.732743535190820694e-03 2.102964557707309723e-02
5.640023853629827499e-03 2.017659321427345276e-02
-3.991675039287656546e-04 -4.000118002295494080e-03
4.424582235515117645e-03 1.464308053255081177e-02
5.034368950873613358e-04 -3.491059876978397369e-03
6.974189309403300285e-04 -8.397649973630905151e-03
3.252567024901509285e-03 8.928120136260986328e-03
5.454886704683303833e-04 -3.905588760972023010e-03
8.638587896712124348e-04 -1.247438043355941772e-02
5.301704513840377331e-04 -5.592073779553174973e-03
8.092183852568268776e-04 -8.952195756137371063e-03
5.169568466953933239e-04 -4.539331886917352676e-03
7.924969540908932686e-04 -1.029014587402343750e-02
-1.125125214457511902e-03 -3.424879629164934158e-03
5.065467557869851589e-04 -5.135685205459594727e-03
4.188318271189928055e-03 1.327896770089864731e-02
5.605430924333631992e-04 -3.872009227052330971e-03
5.794321186840534210e-04 -3.726172260940074921e-03
6.113191484473645687e-04 -4.107457585632801056e-03
4.935090895742177963e-03 1.665255986154079437e-02
5.474684294313192368e-04 -3.935507498681545258e-03
4.076347220689058304e-03 1.309078652411699295e-02
8.006856660358607769e-04 -9.317266754806041718e-03
4.709103610366582870e-03 1.572039909660816193e-02
4.385613137856125832e-04 -3.359532216563820839e-03
6.154024042189121246e-03 2.264553867280483246e-02
3.252364927902817726e-03 9.402366355061531067e-03
4.113000817596912384e-03 1.331738941371440887e-02
4.822322225663810968e-04 -3.897864604368805885e-03
3.494754433631896973e-03 1.086135208606719971e-02
-2.664824132807552814e-04 -4.138791002333164215e-03
3.914904373232275248e-04 -3.455731784924864769e-03
7.827655645087361336e-04 -1.830107183195650578e-03
-4.809225723147392273e-02 8.197266608476638794e-03
6.774442736059427261e-04 -5.506130866706371307e-03
6.691312417387962341e-03 2.567685581743717194e-02
6.135632283985614777e-03 2.292751148343086243e-02
3.383435308933258057e-03 9.756777435541152954e-03
-8.214655681513249874e-04 -2.845623763278126717e-03
5.536808632314205170e-03 2.043098211288452148e-02
6.096736760810017586e-04 -3.479810897260904312e-03
1.217658165842294693e-03 -1.880843006074428558e-02
-5.263101309537887573e-02 8.813239634037017822e-03
4.031468182802200317e-03 1.380212604999542236e-02
3.501629980746656656e-04 -3.756705671548843384e-03
4.743836820125579834e-03 1.637772098183631897e-02
3.697388747241348028e-04 -3.264030907303094864e-03
7.343736942857503891e-04 -7.108876947313547134e-03
3.276646370068192482e-03 9.150243364274501801e-03
3.591374843381345272e-04 -2.559861633926630020e-03
-5.142267909832298756e-04 -3.666978329420089722e-03
8.590667275711894035e-04 -9.835002012550830841e-03
4.973062896169722080e-04 -2.896232530474662781e-03
1.489208545535802841e-03 1.462794141843914986e-03
4.265332245267927647e-04 -3.611913649365305901e-03
7.452961872331798077e-04 -7.918585091829299927e-03
5.342333461157977581e-04 -3.945330157876014709e-03
4.105244763195514679e-03 1.388286706060171127e-02
-6.127821980044245720e-04 -4.429485648870468140e-03
6.405937485396862030e-03 2.394370362162590027e-02
5.130938254296779633e-03 1.876598969101905823e-02
-3.939324524253606796e-04 -4.139556083828210831e-03
5.341607611626386642e-04 -3.485783701762557030e-03
5.671575781889259815e-04 -3.416710766032338142e-03
5.302995559759438038e-04 -5.289329681545495987e-03
4.833301645703613758e-04 -3.427808638662099838e-03
8.725214138394221663e-05 -3.028566949069499969e-03
6.273919716477394104e-04 -3.040441777557134628e-03
1.260071294382214546e-03 -1.947505027055740356e-02
4.462933065951801836e-05 -3.033305285498499870e-03
-8.394376491196453571e-04 -3.184719476848840714e-03
5.013672052882611752e-04 -3.885316662490367889e-03
1.195845310576260090e-03 -1.890196278691291809e-02
4.696664109360426664e-04 -3.757298924028873444e-03
8.542990690330043435e-05 -2.834059763699769974e-03
3.871906083077192307e-04 -3.653747495263814926e-03
-1.143194152973592281e-03 -3.175520105287432671e-03
5.977398832328617573e-04 -4.259377252310514450e-03
4.990467568859457970e-04 -3.276404924690723419e-03
4.518478526733815670e-04 -3.391690319404006004e-03
4.927116679027676582e-04 -4.885072819888591766e-03
4.873844736721366644e-04 -5.339482333511114120e-03
4.595256876200437546e-03 1.529853604733943939e-02
2.295844606123864651e-04 -3.487023757770657539e-03
6.701383274048566818e-03 2.548514120280742645e-02
7.553877658210694790e-04 -8.523769676685333252e-03
5.405682604759931564e-04 -5.538417957723140717e-03
5.693442653864622116e-03 1.996718160808086395e-02
1.295526726607931778e-05 -2.985827857628464699e-03
4.164576821494847536e-04 -3.824309213086962700e-03
5.056585650891065598e-04 -3.831875044852495193e-03
-2.021226246142759919e-04 -2.943573519587516785e-03
7.485711830668151379e-04 -7.573037873953580856e-03
8.767438703216612339e-04 -1.239926554262638092e-02
2.942486200481653214e-03 5.507487338036298752e-03
3.812499926425516605e-04 -4.006031434983015060e-03
5.516157834790647030e-04 -5.893095396459102631e-03
4.973908653482794762e-04 -5.536785814911127090e-03
3.503615735098719597e-03 1.053542550653219223e-02
7.506093825213611126e-04 -7.462647277861833572e-03
4.254790837876498699e-05 -3.169598057866096497e-03
2.763715106993913651e-03 5.168209783732891083e-03
6.425396539270877838e-03 2.436659485101699829e-02
7.266348693519830704e-04 -1.009190920740365982e-02
7.704229792580008507e-04 -8.671828545629978180e-03
5.266210995614528656e-03 1.889793202280998230e-02
8.297477033920586109e-04 -1.024342887103557587e-02
3.645023796707391739e-03 1.136687304824590683e-02
6.074295844882726669e-03 2.300517447292804718e-02
2.825152187142521143e-04 -3.456980455666780472e-03
4.455360758583992720e-04 -3.638908267021179199e-03
8.746777311898767948e-04 -1.283745095133781433e-02
-1.250997156603261828e-04 -3.914555534720420837e-03
-4.523310635704547167e-04 -3.365028649568557739e-03
5.935025401413440704e-04 -3.881842130795121193e-03
-4.354937991593033075e-04 -3.850008593872189522e-03
-5.929354811087250710e-04 -2.973691094666719437e-03
1.789642701623961329e-04 -3.105590818449854851e-03
8.321590721607208252e-04 -1.134879421442747116e-02
3.148611867800354958e-03 5.834877956658601761e-03
6.015826947987079620e-03 2.249429561197757721e-02
5.699539906345307827e-05 -3.746344242244958878e-03
8.418945944868028164e-04 -9.806615300476551056e-03
5.358275491744279861e-03 1.974831335246562958e-02
3.803957370109856129e-04 -3.642078721895813942e-03
5.614881403744220734e-03 2.100157551467418671e-02
1.136203762143850327e-03 -1.806135103106498718e-02
4.699662677012383938e-04 -3.157518571242690086e-03
5.852075293660163879e-03 2.227257564663887024e-02
-5.358337238430976868e-02 8.948227390646934509e-03
5.163376918062567711e-04 -5.007445346564054489e-03
5.699893808923661709e-04 -3.588331164792180061e-03
7.142957183532416821e-04 -6.297074258327484131e-03
1.193829812109470367e-03 -1.861577108502388000e-02
5.332615692168474197e-04 -4.130990244448184967e-03
6.207821890711784363e-03 2.388062141835689545e-02
3.738024679478257895e-04 -3.755694720894098282e-03
3.512152761686593294e-04 -3.761746920645236969e-03
4.985028645023703575e-04 -2.651663729920983315e-03
7.638806127943098545e-04 -1.020982582122087479e-02
3.633423941209912300e-03 1.141141261905431747e-02
7.626831065863370895e-04 -8.610245771706104279e-03
7.471829303540289402e-04 -1.097310986369848251e-02
6.752181798219680786e-04 -6.965640000998973846e-03
5.791943403892219067e-04 -3.569913096725940704e-03
1.053760861395858228e-04 -3.354667453095316887e-03
5.706795025616884232e-03 2.053949423134326935e-02
5.856031086295843124e-03 2.146057970821857452e-02
1.128008472733199596e-03 -1.622132025659084320e-02
2.305605157744139433e-04 -3.654483007267117500e-03
6.924925372004508972e-03 2.637735009193420410e-02
5.007964558899402618e-03 1.768369786441326141e-02
3.014984540641307831e-03 8.299892768263816833e-03
2.956193173304200172e-03 7.394327316433191299e-03
5.075823864899575710e-04 -3.699365071952342987e-03
-2.943932544440031052e-03 -2.899262588471174240e-03
5.046118749305605888e-04 -3.770978422835469246e-03
7.011390756815671921e-03 2.669732831418514252e-02
6.126283667981624603e-03 2.358233183622360229e-02
1.066025928594172001e-03 -1.498678885400295258e-02
3.625552868470549583e-03 1.106210425496101379e-02
7.832100964151322842e-04 -1.083044894039630890e-02
4.737682756967842579e-04 -5.174842663109302521e-03
7.378452573902904987e-04 -8.114928379654884338e-03
5.784196400782093406e-05 -4.349671304225921631e-03
4.034688463434576988e-04 -3.268128260970115662e-03
6.688753608614206314e-03 2.489360235631465912e-02
-7.511936873197555542e-02 1.453390903770923615e-02
-4.494140284805325791e-06 -3.289241576567292213e-03
4.863762878812849522e-04 -3.447564551606774330e-03
4.612562479451298714e-04 -3.727465402334928513e-03
4.880292399320751429e-04 -3.637030255049467087e-03
2.263624686747789383e-03 5.013563204556703568e-03
5.388319841586053371e-04 -5.756507162004709244e-03
6.231313105672597885e-03 2.370974235236644745e-02
-8.562683360651135445e-04 -3.413178259506821632e-03
2.619653940200805664e-03 6.548399571329355240e-03
4.994059563614428043e-04 -4.104248248040676117e-03
4.589208692777901888e-04 -3.182367887347936630e-03
4.994675982743501663e-04 -3.831977490335702896e-03
3.759757091756910086e-04 -3.472008742392063141e-03
3.901346935890614986e-04 -3.524119034409523010e-03
5.722015048377215862e-04 -3.551701316609978676e-03
8.551988867111504078e-04 -1.183175854384899139e-02
8.193896501325070858e-04 -9.161771275103092194e-03
4.681650898419320583e-05 -2.970032859593629837e-03
-8.431980013847351074e-02 1.628257334232330322e-02
2.483985153958201408e-04 -2.891372889280319214e-03
6.013516103848814964e-04 -4.205562639981508255e-03
5.234935786575078964e-03 1.858572475612163544e-02
4.116115160286426544e-04 -3.445546142756938934e-03
2.731387037783861160e-03 5.052116699516773224e-03
3.464548208285123110e-04 -3.874612972140312195e-03
6.594440201297402382e-04 -5.721918307244777679e-03
5.852889153175055981e-04 -3.985368646681308746e-03
2.006658178288489580e-05 -3.354482585564255714e-03
5.952756619080901146e-04 -4.313223063945770264e-03
4.760147130582481623e-04 -5.035569425672292709e-03
5.919341929256916046e-03 2.219565026462078094e-02
3.821406979113817215e-03 1.165438722819089890e-02
7.316794944927096367e-04 -8.378650993108749390e-03
5.502416170202195644e-04 -3.406931180506944656e-03
8.166192565113306046e-04 -1.189033593982458115e-02
-5.748230218887329102e-02 9.803269989788532257e-03
5.299206241033971310e-04 -3.262775484472513199e-03
4.285894101485610008e-04 -3.801897866651415825e-03
4.009877797216176987e-03 1.264387369155883789e-02
4.578190564643591642e-04 -5.216160323470830917e-03
6.502951146103441715e-04 -2.871179953217506409e-03
5.608533392660319805e-04 -2.935549709945917130e-03
6.316607468761503696e-04 -4.738122224807739258e-03
5.539059056900441647e-04 -5.775316618382930756e-03
-3.434186510276049376e-04 -3.245443571358919144e-03
5.082533461973071098e-04 -5.369982216507196426e-03
4.143753612879663706e-04 -4.729886073619127274e-03
7.476672763004899025e-04 -1.047292724251747131e-02
4.407787055242806673e-04 -4.082941450178623199e-03
4.517158027738332748e-03 1.478250604122877121e-02
-1.004425357677973807e-04 -4.009641706943511963e-03
7.724804454483091831e-04 -8.575906045734882355e-03
4.653839860111474991e-04 -3.676570951938629150e-03
3.270882007200270891e-04 -3.661733819171786308e-03
6.872488884255290031e-04 -2.747137332335114479e-03
7.778916624374687672e-04 -8.608698844909667969e-03
4.778231086675077677e-04 -4.567723721265792847e-03
5.082213901914656162e-04 -3.116641892120242119e-03
1.744412875268608332e-04 -3.465265734121203423e-03
-8.137044310569763184e-02 1.570214889943599701e-02
5.342439981177449226e-04 -5.481852684170007706e-03
3.294416004791855812e-03 1.004453189671039581e-02
-4.533455707132816315e-03 -3.132658777758479118e-03
-1.641623821342363954e-04 -3.313411260023713112e-03
6.821285351179540157e-04 -6.492933258414268494e-03
7.809622911736369133e-04 -8.960532955825328827e-03
5.142937297932803631e-04 -4.110033623874187469e-03
2.025620546191930771e-03 3.386146156117320061e-03
4.545773554127663374e-04 -3.767308779060840607e-03
5.484158173203468323e-04 -5.858013406395912170e-03
8.337759063579142094e-04 -1.172986254096031189e-02
6.040622014552354813e-03 2.258400432765483856e-02
5.391346639953553677e-04 -3.548502223566174507e-03
5.209889495745301247e-04 -3.912147600203752518e-03
5.890427855774760246e-04 -4.712028428912162781e-03
5.309976986609399319e-04 -4.337980877608060837e-03
6.237486377358436584e-03 2.382808923721313477e-02
6.319069769233465195e-03 2.431348338723182678e-02
-8.891296386718750000e-02 1.724351383745670319e-02
6.141302175819873810e-03 2.352732606232166290e-02
4.755046684294939041e-04 -2.947485772892832756e-03
5.272034322842955589e-04 -3.853266127407550812e-03
7.729179342277348042e-04 -2.905250526964664459e-03
6.133892573416233063e-03 2.337906882166862488e-02
5.393945612013339996e-04 -2.979433862492442131e-03
2.122805162798613310e-04 -3.268373897299170494e-03
7.176846847869455814e-04 -7.392615079879760742e-03
7.559953955933451653e-04 -1.206390280276536942e-02
4.794624110218137503e-04 -3.268783679232001305e-03
4.275075334589928389e-04 -3.690226469188928604e-03
5.622627213597297668e-04 -3.539165016263723373e-03
2.548487856984138489e-03 5.824637133628129959e-03
-3.400396963115781546e-04 -3.459243336692452431e-03
4.626412119250744581e-04 -5.130923353135585785e-03
3.528076689690351486e-03 1.028877124190330505e-02
5.552320508286356926e-04 -2.786541823297739029e-03
5.443114787340164185e-04 -3.485507797449827194e-03
5.162545712664723396e-04 -3.903161268681287766e-03
8.463312988169491291e-04 -1.151269301772117615e-02
1.312741806032136083e-04 -3.105271607637405396e-03
5.046809674240648746e-04 -5.199987906962633133e-03
6.581853609532117844e-03 2.486652322113513947e-02
4.338935250416398048e-04 -3.013337496668100357e-03
5.386993871070444584e-04 -3.577084979042410851e-03
-1.998832303797826171e-04 -3.118940396234393120e-03
7.069074548780918121e-03 2.713521756231784821e-02
5.110779893584549427e-04 -3.540014382451772690e-03
4.496015608310699463e-03 1.511872466653585434e-02
4.578289517667144537e-04 -9.384877048432826996e-03
6.672981195151805878e-03 2.516438439488410950e-02
7.480107014998793602e-04 -9.300758130848407745e-03
4.480145289562642574e-04 -3.754117526113986969e-03
-2.441973192617297173e-04 -2.863343805074691772e-03
5.797761259600520134e-04 -4.147202707827091217e-03
6.706880521960556507e-04 -4.585804417729377747e-03
-7.292830268852412701e-04 -3.160145133733749390e-03
4.127412976231426001e-04 -3.778914455324411392e-03
2.626412315294146538e-03 4.744247999042272568e-03
4.978456418029963970e-04 -5.276056006550788879e-03
3.982304129749536514e-03 1.230863574892282486e-02
6.132806302048265934e-04 -3.414186649024486542e-03
2.780663082376122475e-03 5.186910741031169891e-03
3.964250208809971809e-04 -3.679803339764475822e-03
6.366907618939876556e-03 2.430691383779048920e-02
4.823548952117562294e-04 -3.863756777718663216e-03
7.197096711024641991e-04 -5.187130998820066452e-03
4.071587172802537680e-04 -3.321843454614281654e-03
7.937084301374852657e-04 -1.208087988197803497e-02
-2.701594785321503878e-04 -4.064782988280057907e-03
5.999782006256282330e-04 -4.093620926141738892e-03
6.676018238067626953e-04 -6.546270102262496948e-03
-1.013530418276786804e-03 -2.953337971121072769e-03
4.509678110480308533e-03 1.537349354475736618e-02
3.402119036763906479e-03 1.042392663657665253e-02
3.171981079503893852e-04 -3.441689303144812584e-03
4.777714784722775221e-04 -3.826727159321308136e-03
6.197925540618598461e-04 -5.399317480623722076e-03
2.077597018796950579e-04 -3.805696032941341400e-03
1.356352004222571850e-03 5.135271348990499973e-04
5.446861963719129562e-03 2.002178877592086792e-02
-8.423472754657268524e-04 -3.324979450553655624e-03
7.922613294795155525e-04 -1.135150995105504990e-02
8.094537188299000263e-04 -9.127469733357429504e-03
4.949501017108559608e-04 -3.037344198673963547e-03
5.418251384980976582e-04 -3.956599626690149307e-03
5.587557679973542690e-04 -5.941129755228757858e-03
-1.893838198157027364e-04 -3.006202634423971176e-03
5.858321092091500759e-04 -4.090488422662019730e-03
5.753768491558730602e-04 -3.484967630356550217e-03
-7.945303805172443390e-04 -2.985724713653326035e-03
-1.631863880902528763e-03 -3.480782965198159218e-03
-3.415473620407283306e-04 -3.106978721916675568e-03
5.838129203766584396e-03 2.179017476737499237e-02
4.612473421730101109e-04 -3.238187404349446297e-03
3.337827045470476151e-03 9.360441006720066071e-03
-8.099772781133651733e-02 1.538397185504436493e-02
2.305388683453202248e-03 3.951372578740119934e-03
4.381528706289827824e-04 -3.488480113446712494e-03
6.465291371569037437e-04 -4.491867031902074814e-03
8.854757761582732201e-04 -1.061530411243438721e-02
-1.574392445036210120e-05 -3.321324475109577179e-03
7.494349265471100807e-04 -1.063859369605779648e-02
5.276962183415889740e-04 -5.556550342589616776e-03
1.843124162405729294e-03 2.515322063118219376e-03
6.122018094174563885e-04 -4.233913961797952652e-03
5.927320453338325024e-04 -3.570919623598456383e-03
3.617829352151602507e-04 -3.382995957508683205e-03
7.695740205235779285e-04 -1.052673067897558212e-02
6.180044147185981274e-04 -4.534870386123657227e-03
2.729156112764030695e-04 -2.972363494336605072e-03
4.473314038477838039e-04 -3.617623122408986092e-03
-5.827632267028093338e-04 -3.169605974107980728e-03
3.483672044239938259e-04 -3.827130887657403946e-03
1.334224129095673561e-03 -2.093058452010154724e-02
8.592584636062383652e-04 -1.178820244967937469e-02
6.150700151920318604e-03 2.319613471627235413e-02
4.442581848707050085e-04 -3.691184101626276970e-03
4.456503083929419518e-04 -3.511760383844375610e-03
4.417881427798420191e-04 -3.985445015132427216e-03
6.774509092792868614e-04 -5.899555049836635590e-03
7.715641404502093792e-04 -1.123735588043928146e-02
6.375350640155375004e-04 -6.637375801801681519e-03
5.950894206762313843e-03 2.279120683670043945e-02
4.271002020686864853e-03 1.394913438707590103e-02
1.462925691157579422e-03 1.847146661020815372e-03
5.041174008511006832e-04 -3.809090703725814819e-03
3.793768119066953659e-04 -3.510907059535384178e-03
7.683444418944418430e-04 -9.802323766052722931e-03
7.003000355325639248e-04 -7.335634436458349228e-03
4.854397557210177183e-04 -3.035522997379302979e-03
2.464830409735441208e-03 5.771272350102663040e-03
1.278926967643201351e-03 7.375722634606063366e-04
4.190022009424865246e-04 -3.552627982571721077e-03
6.431265501305460930e-04 -3.577521769329905510e-03
7.334597175940871239e-04 -7.968385703861713409e-03
-1.782830455340445042e-03 -3.211996750906109810e-03
4.815181600861251354e-04 -3.775873454287648201e-03
-1.428776187822222710e-03 -3.616734640672802925e-03
2.890199888497591019e-03 7.430666591972112656e-03
-7.642689743079245090e-04 -4.118072334676980972e-03
6.722941529005765915e-03 2.576023340225219727e-02
6.410262081772089005e-03 2.384977787733078003e-02
5.357753252610564232e-04 -3.898369148373603821e-03
6.567140226252377033e-04 -1.370846875943243504e-03
4.464971832931041718e-03 1.540705002844333649e-02
6.990843918174505234e-03 2.661605365574359894e-02
2.405377104878425598e-03 5.669618956744670868e-03
1.296575792366638780e-04 -4.182520322501659393e-03
5.083038122393190861e-04 -3.626843448728322983e-03
4.463499062694609165e-04 -3.560804994776844978e-03
3.700728993862867355e-04 -3.035887377336621284e-03
4.369268193840980530e-03 1.453228574246168137e-02
4.188096150755882263e-03 1.389637868851423264e-02
-2.458732978993793949e-06 -3.310699481517076492e-03
5.708395619876682758e-04 -3.742508357390761375e-03
5.445478018373250961e-03 1.926641538739204407e-02
-1.744432840496301651e-03 -3.475460456684231758e-03
1.945687923580408096e-03 2.909014699980616570e-03
6.307077710516750813e-04 -3.973163664340972900e-03
1.678511325735598803e-04 -3.029093844816088676e-03
6.216032197698950768e-04 -5.922513548284769058e-03
-7.505135983228683472e-02 1.453720498830080032e-02
3.676430787891149521e-04 -3.849510336294770241e-03
6.176033988595008850e-03 2.276545204222202301e-02
4.943247768096625805e-04 -3.873626468703150749e-03
6.140796467661857605e-04 -3.982684109359979630e-03
3.484982589725404978e-04 -3.316840855404734612e-03
4.373847041279077530e-04 -3.632783191278576851e-03
4.165486025158315897e-04 -3.858055919408798218e-03
5.315502639859914780e-04 -4.159668460488319397e-03
8.130047935992479324e-04 -9.280494414269924164e-03
5.064584547653794289e-04 -3.712852951139211655e-03
7.277837139554321766e-04 -8.092510513961315155e-03
5.772053729742765427e-03 2.095911465585231781e-02
1.871353946626186371e-03 2.812710590660572052e-03
-2.065201406367123127e-04 -2.708555199205875397e-03
4.703161772340536118e-03 1.579180918633937836e-02
3.703212598338723183e-03 1.150473579764366150e-02
5.925696343183517456e-03 2.272100001573562622e-02
3.872991655953228474e-04 -3.633445128798484802e-03
4.665129745262674987e-05 -3.018659772351384163e-03
5.657035508193075657e-04 -4.019870888441801071e-03
4.166361410170793533e-03 1.356987655162811279e-02
4.928865237161517143e-04 -5.121852271258831024e-03
5.265483050607144833e-04 -3.904696786776185036e-03
5.439723609015345573e-04 -5.743718706071376801e-03
7.886891835369169712e-04 -9.080048650503158569e-03
5.018566735088825226e-04 -3.663513110950589180e-03
3.767911402974277735e-04 -3.061276627704501152e-03
4.471002612262964249e-04 -4.259808454662561417e-03
5.461898981593549252e-04 -3.488349728286266327e-03
1.318108988925814629e-04 -2.967926906421780586e-03
2.172132488340139389e-03 3.616633126512169838e-03
6.470891647040843964e-03 2.479348704218864441e-02
5.314336158335208893e-04 -3.769526258111000061e-03
6.543609197251498699e-04 -4.263125825673341751e-03
6.012099795043468475e-03 2.250828407704830170e-02
2.506433520466089249e-04 -3.506420878693461418e-03
3.210633061826229095e-03 5.986227653920650482e-03
-1.745748340908903629e-05 -2.774211345240473747e-03
-4.631560586858540773e-04 -1.434801728464663029e-03
5.396729102358222008e-04 -2.822922077029943466e-03
5.815427284687757492e-04 -3.558414056897163391e-03
5.511677009053528309e-04 -3.880945732817053795e-03
5.802271189168095589e-04 -5.103710107505321503e-03
2.871131291612982750e-03 5.324976053088903427e-03
1.157088787294924259e-03 -1.758464425802230835e-02
7.632541237398982048e-04 -9.526919573545455933e-03
-2.765754936262965202e-03 -2.804603427648544312e-03
7.905860547907650471e-04 -1.172645390033721924e-02
4.143600817769765854e-04 -3.494668286293745041e-03
2.775112167000770569e-03 7.372927386313676834e-03
4.403216589707881212e-04 -3.674032399430871010e-03
4.991979338228702545e-03 1.752479188144207001e-02
4.727760679088532925e-04 -3.212928073480725288e-03
3.728132287506014109e-04 -3.335334127768874168e-03
4.975090851075947285e-04 -3.958295099437236786e-03
6.988903041929006577e-04 -1.111646741628646851e-02
6.522201583720743656e-04 -5.031537264585494995e-03
-1.049923128448426723e-03 -2.997728064656257629e-03
4.974969197064638138e-04 -3.629637882113456726e-03
4.966126289218664169e-04 -5.200205836445093155e-03
5.106539465487003326e-04 -5.277249496430158615e-03
3.609047271311283112e-03 1.123035699129104614e-02
3.500140737742185593e-04 -3.402728121727705002e-03
4.904487170279026031e-03 1.633260585367679596e-02
5.206303321756422520e-04 -5.505375098437070847e-03
5.362476222217082977e-04 -3.518304089084267616e-03
9.646886610426008701e-04 -1.352893095463514328e-02
4.501276416704058647e-04 -2.816998865455389023e-03
4.539481305982917547e-04 -3.633776446804404259e-03
4.072141309734433889e-04 -3.305834252387285233e-03
1.209446811117231846e-03 -1.780680380761623383e-02
-3.715679049491882324e-04 -3.658944973722100258e-03
4.148776642978191376e-03 1.422940846532583237e-02
5.619472824037075043e-03 2.033963799476623535e-02
5.685096839442849159e-04 -5.928894970566034317e-03
5.350281135179102421e-04 -5.668422672897577286e-03
1.573347253724932671e-03 1.990343211218714714e-03
5.335027235560119152e-04 -5.539646837860345840e-03
-5.727636069059371948e-02 9.709166362881660461e-03
6.458744406700134277e-03 2.436721511185169220e-02
-8.230103412643074989e-04 -4.076313693076372147e-03
5.405095289461314678e-04 -3.465049900114536285e-03
1.698900887276977301e-04 -3.020183648914098740e-03
-9.142464841715991497e-04 -3.942536655813455582e-03
5.263629136607050896e-04 -5.551858805119991302e-03
9.545549983158707619e-04 -1.224333234131336212e-02
8.544278680346906185e-04 -9.982557035982608795e-03
4.210814076941460371e-04 -3.822104074060916901e-03
4.815154825337231159e-04 -3.957415930926799774e-03
-5.990102514624595642e-02 1.046200376003980637e-02
4.750702937599271536e-04 -3.702120855450630188e-03
6.546689546667039394e-04 -2.973655704408884048e-03
2.551181707531213760e-03 5.786932539194822311e-03
4.057314072269946337e-04 -3.741612425073981285e-03
-1.890564220957458019e-03 -3.418691456317901611e-03
1.724341127555817366e-04 -2.819697139784693718e-03
5.072253406979143620e-04 -2.958763390779495239e-03
4.287586780264973640e-04 -3.816671436652541161e-03
-8.642811328172683716e-02 1.675458997488021851e-02
6.884440081194043159e-04 -6.857841275632381439e-03
2.916376979555934668e-04 -2.788722980767488480e-03
5.658856243826448917e-04 -3.911199513822793961e-03
6.298131775110960007e-03 2.390605024993419647e-02
5.310642882250249386e-04 -3.790556453168392181e-03
7.105640543159097433e-05 -4.753415007144212723e-03
1.239590579643845558e-03 -1.899361051619052887e-02
5.226294160820543766e-04 -5.528675392270088196e-03
4.511299994192086160e-05 -2.898452803492546082e-03
5.122650414705276489e-03 1.761599257588386536e-02
8.456796786049380898e-05 -2.855099039152264595e-03
5.187048809602856636e-04 -3.787099150940775871e-03
7.780509622534736991e-05 -3.207813017070293427e-03
7.467981195077300072e-04 -1.118095126003026962e-02
4.743441240862011909e-04 -3.458114340901374817e-03
1.152852317318320274e-03 -1.706876046955585480e-02
5.601489101536571980e-04 -3.505546133965253830e-03
5.280653131194412708e-04 -4.930888302624225616e-03
4.962640232406556606e-04 -3.647661069408059120e-03
7.959489012137055397e-04 -8.680273778736591339e-03
5.241233156993985176e-04 -3.949826117604970932e-03
4.368156951386481524e-04 -3.370758844539523125e-03
6.516722496598958969e-04 -2.303250832483172417e-03
1.791080925613641739e-03 2.237503416836261749e-03
8.219599840231239796e-04 -1.027935277670621872e-02
-4.876822276855818927e-05 -2.766635036095976830e-03
4.756041162181645632e-04 -3.763066371902823448e-03
5.222577019594609737e-04 -3.963796887546777725e-03
1.917012414196506143e-04 -3.840698162093758583e-03
8.402824751101434231e-04 -9.627675637602806091e-03
5.567233543843030930e-03 2.057843469083309174e-02
5.462772605824284256e-05 -3.271704306825995445e-03
7.667462923564016819e-04 -8.591249585151672363e-03
4.967452259734272957e-04 -4.245704971253871918e-03
1.863197576312813908e-05 -2.910695038735866547e-03
1.568505831528455019e-05 -2.741058357059955597e-03
7.690538186579942703e-04 -8.938174694776535034e-03
4.906048416160047054e-04 -3.910172730684280396e-03
7.992376340553164482e-04 -1.883487449958920479e-03
4.790372331626713276e-04 -3.700797678902745247e-03
7.459130720235407352e-04 -8.500009775161743164e-03
5.050064646638929844e-04 -3.748874645680189133e-03
2.845765848178416491e-04 -3.277778159826993942e-03
4.588483367115259171e-03 1.555246766656637192e-02
-7.890972192399203777e-04 -3.242314560338854790e-03
4.635289369616657495e-04 -2.785173244774341583e-03
-1.295057241804897785e-03 -3.502477426081895828e-03
5.795633769594132900e-04 -4.112748894840478897e-03
7.897148025222122669e-04 -8.308819495141506195e-03
5.159269785508513451e-04 -5.413007456809282303e-03
4.588861484080553055e-04 -3.759316168725490570e-03
8.766789105720818043e-04 -1.294509414583444595e-02
5.851977504789829254e-03 2.173396944999694824e-02
5.521273124031722546e-04 -5.139252170920372009e-03
6.097166799008846283e-03 2.323360741138458252e-02
5.600230069831013680e-04 -2.773092128336429596e-03
7.510015857405960560e-04 -7.388004567474126816e-03
1.767810550518333912e-03 2.440828597173094749e-03
4.341564199421554804e-04 -3.334654262289404869e-03
4.876984166912734509e-04 -4.096800461411476135e-03
6.235269829630851746e-04 -5.212558433413505554e-03
-2.165704354410991073e-04 -2.986721694469451904e-03
6.620770320296287537e-03 2.537005953490734100e-02
7.209579925984144211e-04 -8.144549094140529633e-03
5.713786929845809937e-03 2.019008994102478027e-02
4.669631365686655045e-03 1.609797030687332153e-02
-5.952756106853485107e-02 1.037562265992164612e-02
4.696208925452083349e-04 -5.368923302739858627e-03
-8.949117618612945080e-04 -4.085739608854055405e-03
4.156790964771062136e-04 -3.458626102656126022e-03
-2.849687880370765924e-04 -4.081396851688623428e-03
1.361156755592674017e-04 -2.844721544533967972e-03
5.898877512663602829e-03 2.265060134232044220e-02
6.871260120533406734e-05 -2.988879103213548660e-03
-2.461091571603901684e-05 -3.199273953214287758e-03
5.452556652016937733e-04 -3.892176086083054543e-03
5.941065028309822083e-04 -4.048046655952930450e-03
5.059898248873651028e-04 -4.045939072966575623e-03
5.892865359783172607e-03 2.245537750422954559e-02
1.810399000532925129e-03 3.708232892677187920e-03
6.244860123842954636e-03 2.366798743605613708e-02
1.727603143081068993e-03 2.111831679940223694e-03
9.977362351492047310e-04 -7.506388938054442406e-04
8.205944322980940342e-04 -9.237167425453662872e-03
3.921786788851022720e-03 1.232458837330341339e-02
5.198808503337204456e-04 -3.932302352041006088e-03
-5.790291354060173035e-02 1.015029847621917725e-02
1.672891317866742611e-03 2.235064283013343811e-03
-5.476261675357818604e-02 9.313753806054592133e-03
7.963067037053406239e-04 -9.105080738663673401e-03
4.413137212395668030e-03 1.472098659723997116e-02
5.783071392215788364e-04 -3.935637883841991425e-03
4.666668828576803207e-04 -3.593014553189277649e-03
4.751434607896953821e-04 -3.471551463007926941e-03
7.077560876496136189e-04 -6.037272512912750244e-03
2.012938959524035454e-03 3.688215976580977440e-03
5.009025335311889648e-04 -3.624516306445002556e-03
6.011660676449537277e-03 2.279731072485446930e-02
4.210302431602030993e-04 -3.838237142190337181e-03
-1.240569166839122772e-03 -3.384643467143177986e-03
4.824057978112250566e-04 -3.244928549975156784e-03
5.675347056239843369e-04 -4.049937706440687180e-03
8.054231293499469757e-04 -9.523325599730014801e-03
4.458527837414294481e-04 -3.933126106858253479e-03
6.228912156075239182e-03 2.377892285585403442e-02
7.755664992146193981e-04 -8.714730851352214813e-03
5.604518577456474304e-03 2.101065032184123993e-02
6.131192203611135483e-03 2.296858094632625580e-02
7.581824320368468761e-04 -1.168503612279891968e-02
6.420488469302654266e-03 2.353643998503684998e-02
6.643422413617372513e-03 2.547636069357395172e-02
-1.104190829209983349e-03 -3.148503601551055908e-03
6.423869635909795761e-03 2.467714995145797729e-02
-2.551735669840127230e-04 -2.933530136942863464e-03
6.277470965869724751e-04 -5.835698451846837997e-03
-7.675488595850765705e-04 -2.942218910902738571e-03
-1.032570609822869301e-03 -3.137975931167602539e-03
4.479081253521144390e-04 -3.209902672097086906e-03
4.528186691459268332e-04 -3.560141194611787796e-03
7.575078634545207024e-04 -1.103751268237829208e-02
4.853559366893023252e-04 -3.574418602511286736e-03
4.546656855382025242e-04 -5.021984223276376724e-03
7.014910224825143814e-04 -9.249045513570308685e-03
3.396516258362680674e-04 -3.545545274391770363e-03
5.599065334536135197e-04 -4.068599548190832138e-03
3.069391474127769470e-03 5.746237002313137054e-03
5.173212848603725433e-04 -3.109880024567246437e-03
5.154833779670298100e-04 -5.251696333289146423e-03
5.650378298014402390e-04 -6.019786000251770020e-03
4.563434631563723087e-04 -3.688637865707278252e-03
6.846517790108919144e-04 -7.190449628978967667e-03
4.425325314514338970e-04 -3.428203286603093147e-03
3.214914177078753710e-04 -3.045494901016354561e-03
6.331162061542272568e-03 2.364439517259597778e-02
6.707354914397001266e-04 -7.000672630965709686e-03
4.239385307300835848e-04 -3.545069368556141853e-03
4.830679099541157484e-04 -3.897520946338772774e-03
5.315113347023725510e-03 1.891668885946273804e-02
4.573213518597185612e-04 -3.841980593279004097e-03
8.235817076638340950e-04 -9.024037979543209076e-03
5.518982652574777603e-04 -3.861310193315148354e-03
4.967557732015848160e-03 1.727379858493804932e-02
-5.816303892061114311e-04 -4.375732503831386566e-03
5.124942399561405182e-04 -5.199594423174858093e-03
5.122030270285904408e-04 -3.779707942157983780e-03
-7.931295782327651978e-02 1.530385389924049377e-02
6.117983139120042324e-04 -4.202195443212985992e-03
7.433750433847308159e-04 -9.460215456783771515e-03
4.030569456517696381e-03 1.383260916918516159e-02
5.074388463981449604e-04 -5.561105906963348389e-03
1.795056392438709736e-03 2.518425462767481804e-03
3.729129908606410027e-03 1.162851694971323013e-02
4.076110781170427799e-04 -3.047559410333633423e-03
-3.891360829584300518e-04 -2.962500555440783501e-03
1.672380487434566021e-03 2.066891174763441086e-03
5.943706259131431580e-03 2.219915576279163361e-02
4.517064662650227547e-04 -3.299903357401490211e-03
5.583382444456219673e-04 -3.412806196138262749e-03
4.798449808731675148e-04 -3.446132643148303032e-03
5.027313600294291973e-04 -3.641824005171656609e-03
6.887164199724793434e-04 -6.805607583373785019e-03
3.895896952599287033e-03 1.260296348482370377e-02
4.764174518641084433e-04 -3.597408533096313477e-03
5.505794542841613293e-04 -4.144341219216585159e-03
7.486292743124067783e-04 -8.308020420372486115e-03
4.154627968091517687e-04 -4.677140153944492340e-03
1.220528385601937771e-03 -1.901159435510635376e-02
5.034766159951686859e-03 1.742227375507354736e-02
4.564363334793597460e-04 -3.446120070293545723e-03
3.334154607728123665e-04 -3.439487423747777939e-03
6.456708069890737534e-04 -3.992374520748853683e-03
6.035546539351344109e-04 -3.474078373983502388e-03
3.933848929591476917e-04 -3.723834175616502762e-03
1.102305483072996140e-03 -1.589178852736949921e-02
5.652062827721238136e-04 -3.291039727628231049e-03
6.581535562872886658e-03 2.533480152487754822e-02
8.048745803534984589e-04 -9.643521159887313843e-03
5.267806700430810452e-04 -3.691791789606213570e-03
4.976248368620872498e-03 1.750740222632884979e-02
5.927621969021856785e-04 -4.238484892994165421e-03
6.915871519595384598e-03 2.602093480527400970e-02
7.827928056940436363e-04 -9.772986173629760742e-03
5.518211401067674160e-04 -3.451634431257843971e-03
5.305371596477925777e-04 -3.994408529251813889e-03
6.384573644027113914e-04 -4.697518423199653625e-03
-4.361495084594935179e-04 -4.124604631215333939e-03
-1.413040095940232277e-03 -3.797220066189765930e-03
-3.825446183327585459e-04 -3.935145679861307144e-03
4.513610037975013256e-04 -4.138525109738111496e-03
6.804460659623146057e-03 2.586486563086509705e-02
6.020122673362493515e-04 -3.877442562952637672e-03
5.257593584246933460e-04 -3.747147275134921074e-03
8.242907642852514982e-05 -2.972132060676813126e-03
3.205668414011597633e-03 9.445776231586933136e-03
4.575481289066374302e-04 -3.633976913988590240e-03
5.768732517026364803e-04 -4.125257954001426697e-03
-5.159013671800494194e-04 -3.113842103630304337e-03
5.333012901246547699e-03 1.902489364147186279e-02
5.870980094186961651e-04 -3.419446060433983803e-03
6.264675874263048172e-03 2.391230501234531403e-02
-7.606271654367446899e-02 1.448686048388481140e-02
5.523992513190023601e-05 -2.884591463953256607e-03
3.597922914195805788e-04 -3.827095031738281250e-03
7.575924973934888840e-04 -8.369315415620803833e-03
3.705330600496381521e-04 -3.483003471046686172e-03
-2.310690033482387662e-04 -4.009811673313379288e-03
8.920799009501934052e-04 -1.237540133297443390e-02
-3.713294863700866699e-04 -3.873482812196016312e-03
8.091945783235132694e-04 -1.240521203726530075e-02
4.849428078159689903e-04 -5.072779953479766846e-03
6.582452915608882904e-04 -4.327678587287664413e-03
5.431771860457956791e-04 -3.254568204283714294e-03
4.764771074405871332e-05 -2.903639338910579681e-03
5.118364351801574230e-04 -5.470337811857461929e-03
6.890128715895116329e-04 -2.886004513129591942e-03
3.516335564199835062e-04 -1.955864485353231430e-03
7.532165036536753178e-04 -8.730254136025905609e-03
5.756321479566395283e-04 -3.539613680914044380e-03
3.209193819202482700e-04 -3.307857317849993706e-03
5.894821370020508766e-04 -3.599764080718159676e-03
3.683859249576926231e-04 -3.826912259683012962e-03
2.538034226745367050e-03 5.352410022169351578e-03
7.169434102252125740e-04 -6.888678763061761856e-03
5.996937397867441177e-03 2.285867556929588318e-02
4.324205510783940554e-04 -3.438999177888035774e-03
7.547521963715553284e-04 -7.510730065405368805e-03
4.597057413775473833e-04 -3.033068496733903885e-03
4.574182676151394844e-04 -3.651037346571683884e-03
3.932184539735317230e-03 1.272553578019142151e-02
5.092683713883161545e-04 -5.412972532212734222e-03
4.868646792601794004e-04 -3.587762126699090004e-03
6.862915470264852047e-04 -2.494738902896642685e-03
5.283201462589204311e-04 -3.584301564842462540e-03
2.904679393395781517e-03 7.574647665023803711e-03
5.511087365448474884e-04 -3.424981376156210899e-03
3.729077754542231560e-03 1.132341288030147552e-02
1.956821652129292488e-03 3.545245854184031487e-03
8.113785879686474800e-04 -1.202203053981065750e-02
8.598298882134258747e-04 -1.023003365844488144e-02
7.205089204944670200e-04 -8.277530781924724579e-03
5.632172687910497189e-04 -4.461329896003007889e-03
6.642420776188373566e-04 -5.536071490496397018e-03
5.518051912076771259e-04 -3.504906781017780304e-03
4.681264399550855160e-04 -3.544441424310207367e-03
1.998241350520402193e-04 -2.948181703686714172e-03
-8.865636191330850124e-04 -3.028646111488342285e-03
3.414545208215713501e-04 -3.765469882637262344e-03
4.537772387266159058e-03 1.606477797031402588e-02
3.061438328586518764e-04 -3.534526797011494637e-03
3.791947674471884966e-04 -3.493055934086441994e-03
5.359717761166393757e-04 -5.653747823089361191e-03
5.541380960494279861e-03 1.978941261768341064e-02
3.880408767145127058e-04 -3.604281460866332054e-03
-2.580736763775348663e-03 -2.613408491015434265e-03
-2.820611698552966118e-03 -2.881358610466122627e-03
4.114352166652679443e-03 1.316448301076889038e-02
8.261975017376244068e-04 -1.144183427095413208e-02
5.723812500946223736e-04 -3.969354555010795593e-03
4.947687848471105099e-04 -3.593694651499390602e-03
3.825561609119176865e-03 1.222341880202293396e-02
5.938695743680000305e-03 2.179737947881221771e-02
2.711244451347738504e-04 -3.167717251926660538e-03
7.411541300825774670e-04 -8.543591015040874481e-03
3.562381316442042589e-04 -3.717415733262896538e-03
4.540139925666153431e-04 -3.168958239257335663e-03
5.943539435975253582e-04 -3.934768494218587875e-03
5.925137549638748169e-03 2.161592431366443634e-02
4.694429691880941391e-03 1.619510538876056671e-02
-6.066020950675010681e-02 1.061206869781017303e-02
7.708667544648051262e-04 -8.440006524324417114e-03
6.291813333518803120e-04 -3.604771336540579796e-03
5.326201207935810089e-04 -3.300748998299241066e-03
5.155736580491065979e-04 -5.488777067512273788e-03
4.989727167412638664e-04 -3.387695411220192909e-03
-4.823690280318260193e-02 8.114560507237911224e-03
5.836525000631809235e-03 2.193548716604709625e-02
7.302577141672372818e-04 -8.120760321617126465e-03
4.140386823564767838e-03 1.389988418668508530e-02
5.613449029624462128e-04 -3.748347517102956772e-03
6.219733622856438160e-04 -4.050916526466608047e-03
7.795805577188730240e-04 -1.134731993079185486e-02
6.586563773453235626e-03 2.487748675048351288e-02
-2.512233797460794449e-03 -2.600546460598707199e-03
5.561675643548369408e-04 -3.221679013222455978e-03
4.232004866935312748e-04 -3.837173106148838997e-03
4.217639099806547165e-03 1.376875955611467361e-02
8.792665903456509113e-04 -1.008189283311367035e-02
6.497413269244134426e-04 -3.021087264642119408e-03
5.067193997092545033e-04 -3.644279902800917625e-03
8.270813268609344959e-04 -1.326320227235555649e-02
5.411261809058487415e-04 -4.193619359284639359e-03
-1.105334958992898464e-03 -3.078130772337317467e-03
3.944518684875220060e-04 -3.629730083048343658e-03
3.578138072043657303e-03 1.139755919575691223e-02
7.459976477548480034e-04 -8.530265651643276215e-03
1.049290061928331852e-03 -1.455526426434516907e-02
4.560714587569236755e-03 1.513690128922462463e-02
1.735714758979156613e-04 -2.665098058059811592e-03
2.514146734029054642e-03 6.095945835113525391e-03
2.393208676949143410e-03 4.953246098011732101e-03
-2.826321870088577271e-03 -2.785627963021397591e-03
-1.079583307728171349e-04 -3.539526136592030525e-03
4.655351222027093172e-04 -3.555305302143096924e-03
7.892809808254241943e-04 -8.539412170648574829e-03
5.425938288681209087e-04 -5.579344928264617920e-03
6.093884585425257683e-04 -3.250770503655076027e-03
5.914501380175352097e-03 2.190027013421058655e-02
-7.214771956205368042e-02 1.395060215145349503e-02
4.073189105838537216e-03 1.290491316467523575e-02
7.606251165270805359e-04 -7.984273135662078857e-03
5.617607850581407547e-03 1.949170231819152832e-02
4.194965120404958725e-03 1.356050651520490646e-02
6.522709969431161880e-03 2.415020391345024109e-02
5.041668773628771305e-04 -4.661281127482652664e-03
5.845601554028689861e-04 -4.006374627351760864e-03
2.836751751601696014e-03 5.217772442847490311e-03
2.616182900965213776e-04 -3.053182736039161682e-03
2.900082326959818602e-04 -1.948765828274190426e-03
1.385073992423713207e-03 2.796791086439043283e-04
4.889536066912114620e-04 -3.504881868138909340e-03
4.906792310066521168e-04 -3.832363523542881012e-03
5.421930924057960510e-03 1.922021061182022095e-02
5.209240480326116085e-04 -3.076688153669238091e-03
7.904182421043515205e-04 -1.025575399398803711e-02
1.907076803036034107e-04 -2.997907809913158417e-03
5.126155447214841843e-04 -3.798427293077111244e-03
6.574767176061868668e-04 -2.788011683151125908e-03
3.390090132597833872e-04 -3.854128997772932053e-03
2.152898232452571392e-04 -2.925252309069037437e-03
5.434732884168624878e-03 1.912950165569782257e-02
3.405092866159975529e-04 -3.815664444118738174e-03
3.325619501993060112e-03 9.391179308295249939e-03
5.206114146858453751e-04 -3.311595413833856583e-03
5.059250397607684135e-04 -3.390411147847771645e-03
6.302860565483570099e-03 2.379291690886020660e-02
5.876516224816441536e-04 -3.977045882493257523e-03
7.684995653107762337e-04 -9.390912950038909912e-03
7.738278363831341267e-04 -1.179820951074361801e-02
3.653153835330158472e-04 -4.291117191314697266e-03
8.314723963849246502e-04 -1.150815840810537338e-02
3.046354977414011955e-03 5.621779244393110275e-03
-1.247332780621945858e-03 -2.868463285267353058e-03
-4.833227139897644520e-04 -3.117618616670370102e-03
5.286724190227687359e-04 -3.933080006390810013e-03
6.040596053935587406e-04 -3.970156423747539520e-03
-5.175416544079780579e-02 8.324285969138145447e-03
1.334658358246088028e-03 1.509912544861435890e-03
2.654595067724585533e-03 6.806730292737483978e-03
2.805003197863698006e-03 6.467160303145647049e-03
5.199852748773992062e-04 -5.227257497608661652e-03
1.223263447172939777e-03 -1.880059577524662018e-02
6.151077686809003353e-04 -4.196892026811838150e-03
4.650566261261701584e-04 -3.381177084520459175e-03
5.916506052017211914e-04 -2.820067806169390678e-03
5.551648209802806377e-04 -5.886064842343330383e-03
1.128640724346041679e-03 -1.799282990396022797e-02
6.441295612603425980e-03 2.444684132933616638e-02
-7.534428033977746964e-03 -1.925229909829795361e-03
5.686593940481543541e-04 -3.816301235929131508e-03
7.596433279104530811e-04 -1.090293657034635544e-02
-4.596222788677550852e-05 -2.868509385734796524e-03
4.427217354532331228e-04 -3.547169966623187065e-03
-7.742593879811465740e-04 -3.208544570952653885e-03
5.022844998165965080e-04 -4.813183099031448364e-03
5.880737677216529846e-03 2.257792837917804718e-02
3.881167212966829538e-04 -4.415902309119701385e-03
5.279183853417634964e-03 1.859518513083457947e-02
2.198033733293414116e-03 4.764417652040719986e-03
5.025541875511407852e-03 1.772655174136161804e-02
-6.942516192793846130e-04 -3.990485798567533493e-03
4.733282607048749924e-03 1.637586578726768494e-02
2.667292021214962006e-03 4.959580954164266586e-03
1.393984712194651365e-04 -3.174475394189357758e-03
5.794474855065345764e-04 -4.534279461950063705e-03
5.344345699995756149e-04 -5.377076566219329834e-03
2.278331900015473366e-03 4.892780911177396774e-03
2.572678029537200928e-03 5.740676075220108032e-03
1.085454132407903671e-04 -4.061563871800899506e-03
3.530451562255620956e-03 1.042338367551565170e-02
5.014022463001310825e-04 -4.104020074009895325e-03
4.093633324373513460e-04 -3.644997254014015198e-03
3.183271735906600952e-03 9.475841186940670013e-03
6.490778760053217411e-04 -5.201966501772403717e-03
5.275602452456951141e-03 2.008727751672267914e-02
7.820734754204750061e-04 -1.623216085135936737e-03
5.730452947318553925e-03 2.205863222479820251e-02
-5.086086317896842957e-02 8.482019416987895966e-03
3.085919597651809454e-04 -2.345780842006206512e-03
5.877553485333919525e-03 2.177749946713447571e-02
1.284723053686320782e-03 3.697617794387042522e-04
5.085886805318295956e-04 -4.813109058886766434e-03
8.210773230530321598e-04 -1.131406612694263458e-02
6.498337257653474808e-03 2.492734231054782867e-02
2.422076941002160311e-04 -3.024175530299544334e-03
4.899540916085243225e-03 1.718808710575103760e-02
6.934687262400984764e-04 -2.852634526789188385e-03
4.239012778270989656e-04 -3.495482495054602623e-03
5.087791476398706436e-03 1.788798533380031586e-02
-7.179353269748389721e-04 -3.137707710266113281e-03
7.468978874385356903e-04 -7.194024976342916489e-03
6.598629406653344631e-04 -4.703554790467023849e-03
4.622033331543207169e-03 1.536177657544612885e-02
5.249858950264751911e-04 -4.178332164883613586e-03
2.329700655536726117e-04 -2.934881485998630524e-03
2.438690717099234462e-04 -3.202569903805851936e-03
2.280464832438156009e-04 -3.218080848455429077e-03
4.674511030316352844e-03 1.537864934653043747e-02
5.040685064159333706e-04 -3.291934728622436523e-03
5.548329208977520466e-04 -3.601714735850691795e-03
4.955033073201775551e-04 -2.899851882830262184e-03
3.546437481418251991e-03 1.071655564010143280e-02
4.284903407096862793e-04 -3.313090885058045387e-03
7.324239122681319714e-04 -8.189055137336254120e-03
-8.299110829830169678e-02 1.548731233924627304e-02
4.543887334875762463e-04 -3.312145359814167023e-03
4.379700112622231245e-04 -8.054678328335285187e-03
7.877634488977491856e-04 -8.416133001446723938e-03
3.380327718332409859e-03 1.018555834889411926e-02
7.548623834736645222e-04 -1.023116521537303925e-02
8.456973009742796421e-04 -1.223006192594766617e-02
7.646105950698256493e-04 -9.063641540706157684e-03
5.975746898911893368e-04 -3.107468597590923309e-03
3.568660758901387453e-04 -4.845675546675920486e-03
2.728358143940567970e-03 6.443195976316928864e-03
5.130379577167332172e-04 -3.314956789836287498e-03
8.270444232039153576e-05 -4.320369567722082138e-03
5.720882909372448921e-04 -3.442407818511128426e-03
1.735432888381183147e-04 -2.950801746919751167e-03
5.476458463817834854e-03 1.889215409755706787e-02
2.441218530293554068e-04 -3.481302876025438309e-03
-1.552058820379897952e-04 -2.835810184478759766e-03
-1.152887271018698812e-04 -2.994221635162830353e-03
1.407956704497337341e-03 1.238681143149733543e-03
2.034422010183334351e-03 3.148152027279138565e-03
4.952726303599774837e-04 -3.959092777222394943e-03
2.677270094864070415e-04 -3.592014778405427933e-03
7.814361597411334515e-04 -1.031530741602182388e-02
3.912878746632486582e-04 -3.595567308366298676e-03
1.547288848087191582e-03 1.950060366652905941e-03
6.469949148595333099e-03 2.397485263645648956e-02
8.747068932279944420e-04 -1.300550810992717743e-02
1.427779934601858258e-04 -4.866314586251974106e-03
3.241653612349182367e-04 -2.624034881591796875e-03
1.685157418251037598e-03 2.130405511707067490e-03
2.583463792689144611e-04 -2.293621888384222984e-03
5.674876272678375244e-03 2.072004415094852448e-02
6.069500814191997051e-04 -4.266259260475635529e-03
3.751552430912852287e-04 -3.550941823050379753e-03
7.184528512880206108e-04 -6.976858247071504593e-03
5.744342925027012825e-04 -4.207633901387453079e-03
7.604138227179646492e-04 -8.464466780424118042e-03
-9.643413941375911236e-04 -4.188682418316602707e-03
4.647121240850538015e-04 -4.775947891175746918e-03
-6.349073955789208412e-04 -3.014955902472138405e-03
5.410018493421375751e-04 -5.730718374252319336e-03
4.742780583910644054e-04 -5.249181762337684631e-03
8.181859157048165798e-04 -8.696732111275196075e-03
4.103411338292062283e-04 -3.499811282381415367e-03
-3.838539414573460817e-04 -3.994836471974849701e-03
-2.826660638675093651e-04 -2.914841519668698311e-03
-1.512623712187632918e-04 -2.820958616212010384e-03
5.383574753068387508e-04 -4.659540951251983643e-03
2.407654654234647751e-03 4.916263278573751450e-03
6.258604582399129868e-03 2.367783151566982269e-02
6.855624960735440254e-04 -6.889967713505029678e-03
6.099727004766464233e-03 2.283913269639015198e-02
3.481656895019114017e-04 -3.510158974677324295e-03
6.527039222419261932e-04 -3.516279393807053566e-03
4.404662176966667175e-03 1.518960949033498764e-02
3.830978821497410536e-04 -3.833762602880597115e-03
7.667189929634332657e-04 -8.668457157909870148e-03
-2.738115144893527031e-04 -4.149308428168296814e-03
-1.835166476666927338e-04 -3.426621900871396065e-03
-9.282737155444920063e-04 -4.007752519100904465e-03
-4.115878255106508732e-04 -4.032480530440807343e-03
5.590607179328799248e-04 -3.638250287622213364e-03
2.715858630836009979e-03 4.954919684678316116e-03
7.774844998493790627e-04 -2.462340984493494034e-03
-1.584746991284191608e-03 -4.439444746822118759e-03
-9.370872285217046738e-04 -3.539418336004018784e-03
5.019035888835787773e-04 -3.394093830138444901e-03
5.579848657362163067e-04 -3.545479150488972664e-03
5.432931939139962196e-04 -5.792012438178062439e-03
-3.868336498271673918e-04 -3.324841847643256187e-03
1.682027825154364109e-03 2.424948150292038918e-03
4.984151455573737621e-04 -4.549136385321617126e-03
3.065825731027871370e-04 -2.430387074127793312e-03
5.310943233780562878e-04 -5.553451832383871078e-03
4.582448455039411783e-04 -3.663345472887158394e-03
-2.748710976447910070e-04 -3.141453489661216736e-03
4.912903532385826111e-04 -5.118652246892452240e-03
2.552537480369210243e-04 -2.848998643457889557e-03
6.294068880379199982e-04 -4.092652350664138794e-03
5.166938644833862782e-04 -5.411810707300901413e-03
3.353412030264735222e-03 9.654966183006763458e-03
-7.035938906483352184e-04 -2.984354505315423012e-03
-2.513219602406024933e-03 -2.569059142842888832e-03
5.333464941941201687e-04 -3.795560216531157494e-03
5.333598703145980835e-03 1.908573135733604431e-02
5.040343850851058960e-03 1.730761677026748657e-02
3.724346170201897621e-03 1.184350904077291489e-02
3.754330798983573914e-03 1.129008457064628601e-02
5.055257934145629406e-04 -3.777181496843695641e-03
-3.032320455531589687e-05 -3.967381082475185394e-03
4.929198184981942177e-04 -3.270504763349890709e-03
-2.851792378351092339e-04 -3.156715072691440582e-03
5.226107314229011536e-04 -2.946803811937570572e-03
5.395340733230113983e-03 1.964359171688556671e-02
5.126179312355816364e-04 -2.968909917399287224e-03
8.187379571609199047e-04 -9.058376774191856384e-03
2.306468959432095289e-04 -2.804995048791170120e-03
4.235103842802345753e-04 -4.706386942416429520e-03
4.380410537123680115e-04 -4.993780050426721573e-03
5.899316165596246719e-03 2.233149111270904541e-02
5.300570046529173851e-04 -5.522278603166341782e-03
-2.653812407515943050e-04 -4.032875411212444305e-03
7.101743831299245358e-04 -7.676692679524421692e-03
8.153764647431671619e-04 -1.196385547518730164e-02
6.638259161263704300e-03 2.478096634149551392e-02
3.936123393941670656e-04 -3.779778722673654556e-03
5.806455737911164761e-04 -5.579505581408739090e-03
2.620342274894937873e-05 -3.418365493416786194e-03
4.426470841281116009e-04 -4.652366973459720612e-03
6.926271598786115646e-04 -8.179367519915103912e-03
4.875903832726180553e-04 -3.626520978286862373e-03
3.480917948763817549e-04 -3.821209305897355080e-03
5.908223101869225502e-04 -3.660052781924605370e-03
5.754585377871990204e-03 2.146681025624275208e-02
4.987137508578598499e-04 -3.994837403297424316e-03
1.810119138099253178e-03 3.568062093108892441e-03
5.374166066758334637e-04 -5.630658008158206940e-03
3.414853941649198532e-03 1.044746115803718567e-02
7.871481939218938351e-04 -1.164845656603574753e-02
-8.403306454420089722e-02 1.622411049902439117e-02
4.726401064544916153e-03 1.561622880399227142e-02
7.588361040689051151e-04 -1.183447428047657013e-02
8.071455522440373898e-04 -1.236826274544000626e-02
6.394156254827976227e-03 2.457516454160213470e-02
3.221766557544469833e-03 9.314900264143943787e-03
4.738423449452966452e-04 -3.660934744402766228e-03
7.540637161582708359e-04 -7.930255495011806488e-03
3.094497078564018011e-04 -4.956800956279039383e-03
5.982724949717521667e-03 2.220488153398036957e-02
-3.594674344640225172e-04 -3.921489696949720383e-03
6.098724901676177979e-03 2.295416966080665588e-02
4.542663693428039551e-03 1.525318436324596405e-02
5.942207761108875275e-03 2.156968414783477783e-02
5.872184410691261292e-04 -6.113374605774879456e-03
-7.630865438841283321e-04 -3.132870886474847794e-03
1.836487790569663048e-03 2.355848439037799835e-03
5.066851153969764709e-04 -3.956630825996398926e-03
3.881244920194149017e-04 -3.801918355748057365e-03
3.808265028055757284e-04 -3.802415216341614723e-03
3.525731735862791538e-04 -4.398131277412176132e-03
4.519380454439669847e-04 -4.945440217852592468e-03
3.104569623246788979e-03 5.796252749860286713e-03
-7.582164555788040161e-02 1.447233650833368301e-02
7.916664471849799156e-04 -9.886458516120910645e-03
5.409974837675690651e-04 -3.594443434849381447e-03
6.035891361534595490e-03 2.280726842582225800e-02
5.102804861962795258e-04 -4.187457263469696045e-03
8.105364977382123470e-04 -1.186559163033962250e-02
3.582861099857836962e-04 -3.727657720446586609e-03
4.980908706784248352e-04 -2.730754902586340904e-03
4.414184659253805876e-04 -3.707315772771835327e-03
3.745004301890730858e-03 1.169393584132194519e-02
3.558190946932882071e-04 -3.842420876026153564e-03
3.945280332118272781e-04 -3.810684429481625557e-03
-7.279737037606537342e-04 -3.072585677728056908e-03
1.774573349393904209e-03 2.325489418581128120e-03
4.436645540408790112e-04 -3.149887314066290855e-03
4.919714992865920067e-04 -3.658045316115021706e-03
4.458822950255125761e-04 -3.620485309511423111e-03
5.655710701830685139e-04 -3.613269887864589691e-03
4.916052566841244698e-04 -5.173106212168931961e-03
6.347311427816748619e-04 -3.657293738797307014e-03
2.801250433549284935e-03 5.210046190768480301e-03
7.857730961404740810e-04 -8.960462175309658051e-03
6.194736342877149582e-04 -4.981067962944507599e-03
6.372958887368440628e-04 -2.987361745908856392e-03
5.575291346758604050e-03 2.054872736334800720e-02
1.371713096887106076e-05 -3.165418049320578575e-03
1.197968260385096073e-03 -1.873501949012279510e-02
2.836058847606182098e-04 -3.625422483310103416e-03
9.705012198537588120e-04 -1.357345841825008392e-02
5.408875178545713425e-03 1.926643587648868561e-02
5.536584067158401012e-04 -3.747274866327643394e-03
-1.838544849306344986e-03 -3.532698610797524452e-03
4.857633030042052269e-04 -2.527751959860324860e-03
7.870880072005093098e-04 -9.359037503600120544e-03
-2.885437570512294769e-04 -3.995717968791723251e-03
5.272359587252140045e-03 1.842223480343818665e-02
5.729531403630971909e-04 -3.533313050866127014e-03
4.761071410030126572e-03 1.607218198478221893e-02
5.459951353259384632e-04 -3.147055394947528839e-03
5.535684525966644287e-03 2.001826092600822449e-02
5.764858797192573547e-04 -3.925560507923364639e-03
5.013805930502712727e-04 -5.330226384103298187e-03
2.991981571540236473e-03 5.505186505615711212e-03
5.861269310116767883e-04 -4.178509581834077835e-03
-4.047242179512977600e-02 5.449916701763868332e-03
6.025843787938356400e-03 2.263674512505531311e-02
-7.641006261110305786e-02 1.476787682622671127e-02
5.470333853736519814e-04 -4.199789371341466904e-03
5.704693612642586231e-04 -6.060160230845212936e-03
1.043953670887276530e-04 -3.200950566679239273e-03
1.194478245452046394e-03 -1.814285293221473694e-02
5.406602213042788208e-05 -3.127062227576971054e-03
5.217426456511020660e-03 1.983884535729885101e-02
5.988219636492431164e-04 -4.138501826673746109e-03
6.138520780950784683e-03 2.312884666025638580e-02
6.035297410562634468e-04 -3.697589272633194923e-03
6.002051755785942078e-03 2.218895778059959412e-02
3.704760456457734108e-03 1.167455315589904785e-02
7.087819976732134819e-04 -6.790854036808013916e-03
1.249199965968728065e-03 -1.945897378027439117e-02
5.033402703702449799e-03 1.824528723955154419e-02
4.324124660342931747e-03 1.398020517081022263e-02
4.846907104365527630e-04 -3.077261382713913918e-03
4.960667574778199196e-04 -3.686687443405389786e-03
3.364813746884465218e-04 -3.790832357481122017e-03
7.394842687062919140e-04 -7.805868983268737793e-03
6.038489751517772675e-03 2.199422940611839294e-02
4.211763443890959024e-04 -3.601623466238379478e-03
6.010436452925205231e-03 2.278014272451400757e-02
7.103706593625247478e-04 -7.022422738373279572e-03
-7.629671599715948105e-04 -2.954667899757623672e-03
3.954580053687095642e-03 1.314224582165479660e-02
-5.273096263408660889e-02 8.513400331139564514e-03
5.207573994994163513e-03 1.859117113053798676e-02
4.904819070361554623e-04 -3.628786187618970871e-03
-9.294596384279429913e-04 -3.130115801468491554e-03
4.919387400150299072e-03 1.689303852617740631e-02
3.970248217228800058e-04 -4.318338818848133087e-03
5.322240176610648632e-04 -5.325310863554477692e-03
5.836857482790946960e-03 2.196823805570602417e-02
6.388768670149147511e-04 -6.335011217743158340e-03
5.942888092249631882e-03 2.187160775065422058e-02
4.270024073775857687e-04 -3.273488953709602356e-03
3.896979149430990219e-03 1.259750500321388245e-02
3.764515859074890614e-04 -4.392901435494422913e-03
5.267519154585897923e-04 -5.486512556672096252e-03
6.845393800176680088e-04 -6.448260508477687836e-03
7.255779346451163292e-04 -8.815862238407135010e-03
4.925479879602789879e-04 -5.553224589675664902e-03
5.086194723844528198e-04 -3.649658057838678360e-03
2.880380488932132721e-04 -2.653199480846524239e-03
4.162749391980469227e-04 -3.463617758825421333e-03
5.630799103528261185e-03 2.060415595769882202e-02
4.919409911963157356e-05 -3.134711645543575287e-03
5.417520296759903431e-04 -5.642746109515428543e-03
6.368015427142381668e-03 2.445367164909839630e-02
5.074639338999986649e-04 -3.821595804765820503e-03
5.158314015716314316e-04 -3.674501320347189903e-03
5.368444835767149925e-04 -2.142210956662893295e-03
8.514604269294068217e-05 -3.177807899191975594e-03
4.703584592789411545e-03 1.570536009967327118e-02
5.316260503605008125e-04 -3.865359351038932800e-03
-3.428176569286733866e-04 -3.184770466759800911e-03
3.923776966985315084e-04 -4.691833630204200745e-03
3.650837461464107037e-04 -3.899026429280638695e-03
7.213128847070038319e-04 -1.162884850054979324e-02
5.097681190818548203e-03 1.794189587235450745e-02
-9.365114383399486542e-04 -3.258993616327643394e-03
7.839106256142258644e-04 -1.036736276000738144e-02
6.650694413110613823e-04 -5.347412545233964920e-03
5.564648308791220188e-04 -5.930044222623109818e-03
7.945938268676400185e-04 -9.148675017058849335e-03
4.722663725260645151e-04 -5.416268482804298401e-03
-5.058180613559670746e-05 -2.813761122524738312e-03
5.716728628613054752e-04 -3.707408672198653221e-03
2.272144047310575843e-04 -3.956343978643417358e-03
6.875257240608334541e-04 -5.063754506409168243e-03
4.724562750197947025e-04 -3.996782004833221436e-03
3.418925043661147356e-04 -3.321073483675718307e-03
5.987948970869183540e-04 -3.899353789165616035e-03
3.721214889083057642e-04 -3.362890565767884254e-03
4.418097669258713722e-04 -3.456447040662169456e-03
-5.464065074920654297e-02 9.221579879522323608e-03
5.136444233357906342e-04 -3.577920375391840935e-03
5.701311165466904640e-04 -3.886238206177949905e-03
3.888418723363429308e-04 -3.805134678259491920e-03
4.693607334047555923e-04 -3.796254051849246025e-03
2.854627382475882769e-04 -3.661740804091095924e-03
3.412187797948718071e-04 -2.618685597553849220e-03
6.404649931937456131e-03 2.452012524008750916e-02
-5.688386736437678337e-04 -3.176618833094835281e-03
4.130529123358428478e-04 -3.807912115007638931e-03
6.220695795491337776e-04 -6.167402956634759903e-03
5.149463191628456116e-03 1.795439608395099640e-02
5.797158810310065746e-04 -3.472800133749842644e-03
6.164273712784051895e-03 2.346093393862247467e-02
5.978741683065891266e-03 2.248504944145679474e-02
1.051995932357385755e-04 -3.243535989895462990e-03
4.551358986645936966e-03 1.534803397953510284e-02
5.782290827482938766e-04 -3.184135537594556808e-03
5.041853291913866997e-04 -5.348362028598785400e-03
5.625750869512557983e-03 2.123394049704074860e-02
-5.717610195279121399e-02 9.657763876020908356e-03
7.714628591202199459e-04 -1.206814125180244446e-02
1.820772158680483699e-04 -3.278465010225772858e-03
-2.708043204620480537e-03 -2.807931508868932724e-03
4.488900012802332640e-04 -3.311652690172195435e-03
5.472418270073831081e-04 -3.563833888620138168e-03
3.610363055486232042e-04 -3.773822681978344917e-03
-5.055831570643931627e-05 -3.120323177427053452e-03
5.017526447772979736e-03 1.702573895454406738e-02
4.540333175100386143e-04 -4.474940709769725800e-03
7.450104458257555962e-04 -6.904039531946182251e-03
5.256978911347687244e-04 -5.554105155169963837e-03
6.221202784217894077e-04 -2.415690338239073753e-03
-3.800517879426479340e-04 -3.998741973191499710e-03
5.976162385195493698e-03 2.209192141890525818e-02
7.062620716169476509e-04 -7.821470499038696289e-03
5.454194615595042706e-04 -3.523524617776274681e-03
2.555453393142670393e-04 -3.626596648246049881e-03
4.734169924631714821e-04 -5.388467572629451752e-03
3.997053019702434540e-03 1.221845950931310654e-02
6.544943898916244507e-04 -1.930644270032644272e-03
4.697373369708657265e-04 -4.925908055156469345e-03
7.980989757925271988e-04 -8.571265265345573425e-03
4.179525130894035101e-04 -3.803893690928816795e-03
4.557636857498437166e-04 -3.379396395757794380e-03
-2.659207384567707777e-04 -4.251629579812288284e-03
3.783821011893451214e-04 -3.882361343130469322e-03
4.816665314137935638e-04 -4.663750063627958298e-03
8.743002399569377303e-05 -3.275439608842134476e-03
7.389457896351814270e-04 -7.771119009703397751e-03
4.128206346649676561e-04 -3.127361182123422623e-03
7.644877769052982330e-04 -1.090186927467584610e-02
2.250624354928731918e-03 4.627683665603399277e-03
4.436999093741178513e-03 1.455165352672338486e-02
6.650821305811405182e-04 -6.168195046484470367e-03
6.370574235916137695e-03 2.412651479244232178e-02
2.801596128847450018e-04 -2.638765145093202591e-03
5.730387638323009014e-04 -3.675685729831457138e-03
-5.442851781845092773e-02 9.263006038963794708e-03
5.082390853203833103e-04 -3.839534940198063850e-03
4.798432346433401108e-04 -5.078996066004037857e-03
5.964001175016164780e-03 2.257077768445014954e-02
-6.551248952746391296e-04 -3.033164655789732933e-03
5.738542880862951279e-03 2.131144329905509949e-02
3.896559821441769600e-03 1.243478618562221527e-02
-7.959280046634376049e-04 -4.353197291493415833e-03
5.683588678948581219e-04 -3.726601134985685349e-03
4.962358623743057251e-03 1.708903536200523376e-02
4.737187642604112625e-03 1.627484150230884552e-02
2.014295314438641071e-04 -4.076148848980665207e-03
5.000434466637670994e-04 -4.111716523766517639e-03
5.810700822621583939e-04 -3.777759382501244545e-03
5.154514801688492298e-04 -5.568222608417272568e-03
6.181690841913223267e-03 2.360690198838710785e-02
-7.874313159845769405e-04 -3.017899580299854279e-03
2.739398623816668987e-04 -2.950469264760613441e-03
2.397641083007329144e-06 -3.390403231605887413e-03
7.774197147227823734e-04 -1.109778601676225662e-02
6.287905853241682053e-03 2.414028160274028778e-02
3.158904379233717918e-03 9.573374874889850616e-03
5.300648976117372513e-03 1.847094111144542694e-02
-1.017214846797287464e-03 -3.345513949170708656e-03
2.732294611632823944e-03 6.245814729481935501e-03
4.514869651757180691e-04 -3.606385085731744766e-03
6.954000564292073250e-04 -7.177099119871854782e-03
5.959552247077226639e-03 2.288135886192321777e-02
9.504947229288518429e-05 -3.089961828663945198e-03
2.668805187568068504e-03 6.162145640701055527e-03
5.343945813365280628e-04 -3.917055204510688782e-03
5.950512131676077843e-04 -4.163387231528759003e-03
-3.104750998318195343e-03 -2.960274927318096161e-03
5.806910805404186249e-03 2.092525176703929901e-02
5.624389159493148327e-04 -3.835414070636034012e-03
6.212010048329830170e-04 -4.252926446497440338e-03
8.212960528908297420e-05 -3.064036369323730469e-03
5.247322260402143002e-04 -4.162619356065988541e-03
5.561641301028430462e-04 -4.062206018716096878e-03
5.564377643167972565e-04 -4.002714995294809341e-03
6.374411284923553467e-03 2.426283247768878937e-02
7.774044643156230450e-04 -8.288682438433170319e-03
5.048579769209027290e-04 -2.697778400033712387e-03
6.455581169575452805e-04 -3.691158955916762352e-03
8.664387278258800507e-04 -1.211019512265920639e-02
6.199519266374409199e-04 -4.022018518298864365e-03
5.895741749554872513e-03 2.207181975245475769e-02
1.156275859102606773e-03 8.201610762625932693e-04
7.907663239166140556e-04 -8.770368993282318115e-03
1.256530988030135632e-03 2.375089243287220597e-04
-5.073915235698223114e-04 -3.649034770205616951e-03
6.260884110815823078e-04 -2.547572832554578781e-03
3.402581496629863977e-04 -2.964635845273733139e-03
-8.776409667916595936e-04 -3.485636552795767784e-03
-5.834332550875842571e-04 -3.172016004100441933e-03
5.039378884248435497e-04 -5.336399655789136887e-03
8.457619114778935909e-04 -1.169623900204896927e-02
5.629908409900963306e-04 -3.700859379023313522e-03
5.560848512686789036e-04 -3.683886723592877388e-03
-1.367195975035429001e-03 -2.991910325363278389e-03
5.552885122597217560e-04 -5.927763879299163818e-03
6.078308215364813805e-04 -2.969397464767098427e-03
5.424283444881439209e-03 1.982819475233554840e-02
7.725574541836977005e-04 -8.195781148970127106e-03
2.098183147609233856e-03 3.994698170572519302e-03
5.009707529097795486e-04 -4.712692461907863617e-03
5.422050016932189465e-04 -3.268949221819639206e-03
4.570624441839754581e-04 -4.034729208797216415e-03
3.535410796757787466e-04 -2.574520884081721306e-03
7.594832568429410458e-04 -6.984557025134563446e-03
5.064758588559925556e-04 -3.968233242630958557e-03
4.474672896321862936e-04 -3.651435952633619308e-03
4.409319662954658270e-04 -3.429518314078450203e-03
7.179965177783742547e-05 -2.747817896306514740e-03
-8.477131277322769165e-02 1.643493771553039551e-02
7.178130326792597771e-04 -6.585263647139072418e-03
3.397700202185660601e-04 -3.277955576777458191e-03
2.608742797747254372e-03 4.803306888788938522e-03
5.268367822282016277e-04 -3.924161661416292191e-03
3.320371615700423717e-04 -3.622456220909953117e-03
-2.319404884474352002e-04 -3.623664379119873047e-03
5.935189314186573029e-03 2.224717289209365845e-02
4.158219671808183193e-04 -3.751176176592707634e-03
7.775378180667757988e-04 -9.188617579638957977e-03
1.804296334739774466e-04 -3.107098862528800964e-03
4.490733612328767776e-03 1.465759892016649246e-02
7.049912819638848305e-04 -7.087072823196649551e-03
4.853481077589094639e-04 -3.525946522131562233e-03
4.550610668957233429e-03 1.587045378983020782e-02
4.994898336008191109e-04 -3.945000469684600830e-03
7.455819286406040192e-04 -1.077492814511060715e-02
7.559006335213780403e-04 -8.032330311834812164e-03
6.703592953272163868e-04 -6.230998784303665161e-03
4.298486281186342239e-03 1.396745536476373672e-02
3.360277274623513222e-03 9.251389652490615845e-03
5.270834080874919891e-04 -4.016765858978033066e-03
5.535442614927887917e-04 -3.479319158941507339e-03
5.786542533314786851e-05 -3.351565450429916382e-03
2.136353868991136551e-03 3.297174116596579552e-03
5.383630632422864437e-04 -4.214794840663671494e-03
4.591111501213163137e-04 -3.486816538497805595e-03
5.502761341631412506e-04 -3.686590585857629776e-03
4.675229720305651426e-04 -3.698114072903990746e-03
5.929849576205015182e-04 -3.518466837704181671e-03
5.878367228433489799e-04 -4.004848655313253403e-03
2.603445136628579348e-05 -3.059641690924763680e-03
4.456404712982475758e-04 -4.950239323079586029e-03
4.695842508226633072e-04 -4.827275406569242477e-03
4.683262668550014496e-04 -4.325792659074068069e-03
4.706331528723239899e-04 -3.797824494540691376e-03
2.856694161891937256e-03 5.343067925423383713e-03
7.447371026501059532e-04 -9.288383647799491882e-03
2.239614259451627731e-03 4.303293768316507339e-03
7.253214134834706783e-04 -8.219003677368164062e-03
5.083678988739848137e-04 -3.421456087380647659e-03
7.256651879288256168e-04 -7.054164540022611618e-03
3.182203974574804306e-03 5.949547979980707169e-03
6.037111859768629074e-03 2.306157723069190979e-02
8.025560528039932251e-04 -8.801766671240329742e-03
-1.251160749234259129e-03 -3.368724836036562920e-03
8.230558014474809170e-04 -1.205796096473932266e-02
5.331434658728539944e-04 -5.680433008819818497e-03
8.136054384522140026e-04 -9.190956130623817444e-03
6.789378356188535690e-03 2.606129087507724762e-02
4.424407612532377243e-03 1.460740435868501663e-02
4.579430446028709412e-03 1.552475243806838989e-02
4.365412751212716103e-04 -3.511394839733839035e-03
4.261904105078428984e-04 -3.933523781597614288e-03
5.439859232865273952e-04 -5.213988944888114929e-03
4.948965506628155708e-04 -3.534917254000902176e-03
4.797134897671639919e-04 -4.730305634438991547e-03
6.573079735971987247e-04 -4.682383965700864792e-03
5.225496133789420128e-04 -5.300706718116998672e-03
6.474656984210014343e-04 -4.883665125817060471e-03
4.738864663522690535e-04 -3.670864272862672806e-03
7.628968451172113419e-04 -8.397050201892852783e-03
3.192937874700874090e-04 -3.827501088380813599e-03
-2.206759061664342880e-03 -2.811623737215995789e-03
4.308578092604875565e-03 1.397863961756229401e-02
3.992370911873877048e-04 -3.207685425877571106e-03
6.484402110800147057e-04 -5.903088953346014023e-03
6.083433399908244610e-04 -3.942565992474555969e-03
4.658234829548746347e-04 -3.754777833819389343e-03
-7.880558818578720093e-02 1.525502279400825500e-02
6.108063389547169209e-04 -6.206468213349580765e-03
-1.222300925292074680e-04 -3.235567826777696609e-03
6.165662314742803574e-03 2.357154153287410736e-02
3.524095809552818537e-04 -3.518067300319671631e-03
4.736743867397308350e-03 1.624971441924571991e-02
5.440873792394995689e-04 -3.943757619708776474e-03
5.036255344748497009e-03 1.728721335530281067e-02
3.578854724764823914e-03 1.106357201933860779e-02
4.851132689509540796e-04 -3.584954654797911644e-03
4.526601405814290047e-04 -5.361208226531744003e-03
5.437326035462319851e-04 -5.330037791281938553e-03
7.139701629057526588e-04 -7.005622610449790955e-03
4.025043745059520006e-04 -4.982539918273687363e-03
5.545179592445492744e-04 -3.767359303310513496e-03
5.849359440617263317e-04 -3.464234760031104088e-03
7.649454637430608273e-04 -1.089506223797798157e-02
2.992491237819194794e-03 5.601248703896999359e-03
7.282785372808575630e-04 -7.765258662402629852e-03
7.960097864270210266e-04 -8.792229928076267242e-03
3.777306119445711374e-04 -4.021711647510528564e-03
4.180802206974476576e-04 -3.047404345124959946e-03
-9.789576288312673569e-04 -2.951503265649080276e-03
7.479185587726533413e-04 -1.810662215575575829e-03
6.106425425969064236e-04 -3.225481370463967323e-03
5.834091454744338989e-03 2.144762314856052399e-02
7.167470175772905350e-04 -8.049634285271167755e-03
-1.203678548336029053e-03 -2.928045578300952911e-03
1.042916323058307171e-03 -1.670474745333194733e-02
-5.503148585557937622e-02 9.326972998678684235e-03
5.525659071281552315e-04 -3.370521590113639832e-03
3.849123895633965731e-04 -3.409262513741850853e-03
6.361256237141788006e-04 -5.699343979358673096e-03
5.036453367210924625e-04 -3.436860628426074982e-03
-7.964501529932022095e-02 1.533459778875112534e-02
5.965239368379116058e-03 2.241147495806217194e-02
3.701969399116933346e-04 -3.556580981239676476e-03
7.482158835045993328e-04 -8.321747183799743652e-03
4.438635369297116995e-04 -3.204656299203634262e-03
3.442383604124188423e-04 -3.895204514265060425e-03
5.060618859715759754e-04 -5.393259227275848389e-03
-7.285221666097640991e-02 1.310002245008945465e-02
4.425061051733791828e-04 -3.443356137722730637e-03
6.042414344847202301e-03 2.278271131217479706e-02
2.858871594071388245e-04 -3.701223758980631828e-03
4.970879759639501572e-03 1.717136986553668976e-02
5.357685149647295475e-04 -3.806164255365729332e-03
2.368237765040248632e-04 -2.913696458563208580e-03
5.843279650434851646e-04 -6.103377789258956909e-03
5.451234173960983753e-04 -4.191379528492689133e-03
5.473631899803876877e-04 -3.358925692737102509e-03
5.483353161253035069e-04 -3.295197384431958199e-03
7.783512119203805923e-04 -1.147618051618337631e-02
4.568993754219263792e-04 -3.631099825724959373e-03
2.071161579806357622e-04 -2.779746893793344498e-03
5.304281366989016533e-04 -4.515840206295251846e-03
-1.601885596755892038e-04 -2.971484092995524406e-03
6.388392066583037376e-04 -4.181603901088237762e-03
6.589895114302635193e-03 2.529015019536018372e-02
5.221668398007750511e-04 -3.740721149370074272e-03
6.315309437923133373e-04 -2.588242059573531151e-03
5.311773857101798058e-04 -2.771483734250068665e-03
7.428302778862416744e-04 -1.176869124174118042e-02
4.088683635927736759e-04 -3.342263167724013329e-03
4.539846908301115036e-03 1.510209217667579651e-02
5.970357917249202728e-03 2.167387306690216064e-02
2.958092663902789354e-04 -2.487103454768657684e-03
5.724018556065857410e-04 -4.214044660329818726e-03
-4.578600055538117886e-04 -4.151837434619665146e-03
-9.434266394237056375e-05 -2.825887873768806458e-03
6.571946665644645691e-03 2.531046234071254730e-02
4.742604214698076248e-04 -3.200737992301583290e-03
4.525073163677006960e-04 -3.297592280432581902e-03
5.406878772191703320e-04 -5.727709271013736725e-03
3.787420573644340038e-04 -3.560917684808373451e-03
1.324713957728818059e-04 -3.456700127571821213e-03
-3.362137649673968554e-04 -3.063833108171820641e-03
6.920666783116757870e-04 -7.947117090225219727e-03
8.272958802990615368e-04 -9.968252852559089661e-03
7.691938662901520729e-04 -2.538227709010243416e-03
3.386386670172214508e-03 1.002829801291227341e-02
4.137223295401781797e-04 -3.800970269367098808e-03
5.523578147403895855e-04 -2.819848246872425079e-03
6.144670303910970688e-03 2.347926050424575806e-02
4.816060885787010193e-03 1.602105423808097839e-02
5.493516218848526478e-04 -3.394035156816244125e-03
5.372878164052963257e-03 1.907991990447044373e-02
5.660033784806728363e-04 -3.368752542883157730e-03
3.370661870576441288e-04 -3.485657740384340286e-03
8.102576248347759247e-04 -9.027045220136642456e-03
-8.747467654757201672e-05 -2.902571810409426689e-03
6.129364483058452606e-04 -3.170508425682783127e-03
7.436020532622933388e-04 -1.604474033229053020e-03
4.271668731234967709e-04 -3.160402877256274223e-03
5.774606252089142799e-04 -3.413544967770576477e-03
6.005913484841585159e-03 2.232984267175197601e-02
7.387390942312777042e-04 -8.185477927327156067e-03
5.448893643915653229e-04 -5.673716776072978973e-03
7.405534270219504833e-04 -7.669515907764434814e-03
5.378357018344104290e-04 -4.539011977612972260e-03
-1.264862803509458899e-04 -2.739229239523410797e-03
6.349979666993021965e-04 -5.489345639944076538e-03
7.954376633279025555e-04 -8.738079108297824860e-03
5.689476616680622101e-03 1.974250935018062592e-02
4.688228073064237833e-04 -4.018496721982955933e-03
8.308526012115180492e-04 -1.145556196570396423e-02
4.751338565256446600e-04 -3.981332294642925262e-03
5.234790733084082603e-04 -3.318115603178739548e-03
6.345380097627639771e-04 -4.531532526016235352e-03
8.141469443216919899e-04 -1.193773653358221054e-02
7.357060676440596581e-04 -8.241958916187286377e-03
4.214566797600127757e-05 -2.911833580583333969e-03
5.143990274518728256e-04 -3.394416067749261856e-03
6.956320139579474926e-04 -8.322111330926418304e-03
-2.608844624774064869e-05 -3.737451974302530289e-03
5.164039321243762970e-04 -5.386098287999629974e-03
6.104997009970247746e-04 -3.736231010407209396e-03
1.208723057061433792e-03 1.513008959591388702e-03
4.530030710157006979e-04 -5.403726827353239059e-03
-3.977809683419764042e-04 -4.055423196405172348e-03
8.029222954064607620e-04 -1.191154401749372482e-02
5.171282216906547546e-03 1.866908743977546692e-02
5.923594348132610321e-03 2.149436250329017639e-02
2.272927085869014263e-04 -3.377331420779228210e-03
3.756192163564264774e-04 -3.082391805946826935e-03
7.961174705997109413e-04 -9.079810231924057007e-03
5.597727140411734581e-04 -3.449720097705721855e-03
7.387227378785610199e-04 -7.190514355897903442e-03
4.891095450147986412e-04 -5.058604292571544647e-03
5.877833464182913303e-04 -3.821622347459197044e-03
4.570584744215011597e-03 1.594683714210987091e-02
4.582023539114743471e-04 -3.605881938710808754e-03
5.080968141555786133e-03 1.765142008662223816e-02
7.955732871778309345e-04 -8.661951869726181030e-03
8.001701789908111095e-04 -9.842468425631523132e-03
5.401086527854204178e-04 -5.753984209150075912e-03
4.771638778038322926e-04 -3.812517039477825165e-03
7.432844722643494606e-04 -1.067958958446979523e-02
4.883288056589663029e-04 -3.000442637130618095e-03
5.150257493369281292e-04 -4.210248589515686035e-03
4.413047863636165857e-04 -3.364340402185916901e-03
4.716088064014911652e-03 1.558818854391574860e-02
7.941470830701291561e-04 -1.170809380710124969e-02
-8.490420132875442505e-02 1.626803353428840637e-02
3.984956420026719570e-04 -3.611220046877861023e-03
3.563271835446357727e-03 1.083012297749519348e-02
5.294616566970944405e-04 -5.284334067255258560e-03
1.254545350093394518e-04 -2.755826804786920547e-03
-5.891716573387384415e-04 -3.076599212363362312e-03
2.396823256276547909e-04 -3.451297758147120476e-03
5.276035517454147339e-04 -3.420177148655056953e-03
4.566541174426674843e-04 -4.156582057476043701e-03
4.305195761844515800e-04 -3.780891187489032745e-03
4.355300916358828545e-04 -3.654166590422391891e-03
5.868402658961713314e-04 -4.183273762464523315e-03
8.343299850821495056e-04 -1.177356205880641937e-02
8.079575491137802601e-04 -6.078136619180440903e-03
6.297967862337827682e-03 2.415675297379493713e-02
5.337453330866992474e-04 -4.253004211932420731e-03
6.077571888454258442e-04 -4.033636301755905151e-03
4.762251919601112604e-04 -4.661811981350183487e-03
6.206396501511335373e-03 2.370666712522506714e-02
5.131519865244626999e-04 -4.516768269240856171e-03
7.215511868707835674e-05 -4.109586123377084732e-03
8.631480159237980843e-04 -1.230336073786020279e-02
4.337424412369728088e-03 1.473750453442335129e-02
5.409992299973964691e-04 -4.019136074930429459e-03
6.978259771130979061e-04 -6.959582678973674774e-03
7.762680761516094208e-04 -1.914877328090369701e-03
8.313122671097517014e-04 -9.183272719383239746e-03
-9.014952811412513256e-04 -3.460813313722610474e-03
-4.544974071905016899e-04 -3.994948696345090866e-03
1.769550377503037453e-03 2.321084961295127869e-03
1.929379068315029144e-03 3.500348655506968498e-03
4.857383610215038061e-04 -5.110297817736864090e-03
5.193661781959235668e-04 -5.401310510933399200e-03
4.851319827139377594e-04 -3.229558933526277542e-03
-8.447039127349853516e-02 1.581829600036144257e-02
4.428141983225941658e-04 -3.992820158600807190e-03
6.501799449324607849e-03 2.476188912987709045e-02
5.435813218355178833e-04 -3.936583176255226135e-03
4.062388325110077858e-04 -3.224250162020325661e-03
-7.592791225761175156e-04 -3.280558623373508453e-03
4.769521183334290981e-04 -3.668543649837374687e-03
7.072142907418310642e-04 -6.279716733843088150e-03
5.397306522354483604e-04 -4.589026328176259995e-03
4.038069397211074829e-03 1.289598923176527023e-02
4.595127829816192389e-04 -4.060954786837100983e-03
3.817428660113364458e-04 -3.563103964552283287e-03
-9.577617747709155083e-04 -4.129778128117322922e-03
2.262784255435690284e-04 -2.764977747574448586e-03
-9.165153605863451958e-04 -3.004933940246701241e-03
6.415206938982009888e-03 2.401471883058547974e-02
2.749424893409013748e-04 -2.814044710248708725e-03
7.958314963616430759e-04 -1.100773178040981293e-02
4.573144833557307720e-04 -3.687325399369001389e-03
-1.080053989426232874e-04 -2.860521432012319565e-03
4.540853842627257109e-04 -3.655222477391362190e-03
5.780802108347415924e-03 2.119230106472969055e-02
1.047354773618280888e-03 -1.513893995434045792e-02
6.064027547836303711e-04 -6.160756107419729233e-03
7.681284332647919655e-04 -1.082473807036876678e-02
-2.422289253445342183e-04 -2.762535354122519493e-03
1.221334794536232948e-03 -1.871956326067447662e-02
6.566737429238855839e-04 -6.133568473160266876e-03
2.797716879285871983e-04 -2.410739194601774216e-03
1.158306840807199478e-03 -1.701413653790950775e-02
-6.013419851660728455e-02 1.029043458402156830e-02
5.900288815610110760e-04 -3.833701834082603455e-03
6.610195268876850605e-04 -5.206505768001079559e-03
4.955243784934282303e-04 -3.909222781658172607e-03
5.355498287826776505e-04 -3.729251911863684654e-03
3.560069890227168798e-04 -3.331809304654598236e-03
4.887370741926133633e-04 -3.803931176662445068e-03
5.135642713867127895e-04 -4.378581885248422623e-03
2.910441951826214790e-03 7.597069256007671356e-03
5.621685995720326900e-04 -3.468967275694012642e-03
3.739231033250689507e-03 1.160321198403835297e-02
2.836069616023451090e-04 -3.589778905734419823e-03
4.706102889031171799e-03 1.623691432178020477e-02
2.193165011703968048e-03 3.983191214501857758e-03
3.591697895899415016e-04 -3.942586015909910202e-03
7.712126243859529495e-04 -1.146280393004417419e-02
4.477284383028745651e-04 -4.101083148270845413e-03
2.760954434052109718e-03 6.953374017030000687e-03
5.477991653606295586e-04 -5.853523965924978256e-03
6.693436298519372940e-04 -2.373658120632171631e-03
-1.805159990908578038e-04 -3.270221641287207603e-03
3.869184874929487705e-04 -3.819366451352834702e-03
6.128782406449317932e-04 -5.046209320425987244e-03
4.321269807405769825e-04 -3.858030308037996292e-03
7.703310111537575722e-04 -2.406568266451358795e-03
5.502359010279178619e-03 1.946108229458332062e-02
4.278325068298727274e-04 -3.701808862388134003e-03
5.847803782671689987e-03 2.153237536549568176e-02
5.315300077199935913e-04 -3.764611901715397835e-03
-8.502656128257513046e-04 -3.905435791239142418e-03
3.200033097527921200e-04 -4.242998547852039337e-03
6.923644687049090862e-04 -2.681696321815252304e-03
5.954406224191188812e-04 -6.349445320665836334e-03
1.750285970047116280e-03 2.216125838458538055e-03
4.447993705980479717e-04 -3.324850695207715034e-03
4.435810842551290989e-04 -3.531711874529719353e-03
4.676876415032893419e-04 -3.773538395762443542e-03
1.980996225029230118e-03 3.084293100982904434e-03
7.421007030643522739e-04 -2.796255983412265778e-03
6.925787311047315598e-04 -5.958945024758577347e-03
5.327420076355338097e-04 -3.283107187598943710e-03
1.360135647701099515e-04 -3.171263029798865318e-03
-9.801917622098699212e-05 -2.513976069167256355e-03
2.653575502336025238e-03 4.947823937982320786e-03
3.663303505163639784e-04 -4.001909866929054260e-03
7.386876968666911125e-04 -8.711050264537334442e-03
3.095385327469557524e-04 -3.522844286635518074e-03
6.619213148951530457e-03 2.479075267910957336e-02
5.387591081671416759e-04 -9.728888049721717834e-03
5.578021518886089325e-04 -3.305613528937101364e-03
5.584465689025819302e-04 -3.504046238958835602e-03
-9.053371031768620014e-04 -2.853568177670240402e-03
6.225790362805128098e-03 2.267125807702541351e-02
6.486660335212945938e-03 2.491660974919795990e-02
3.602522192522883415e-03 1.077458914369344711e-02
5.563492886722087860e-04 -2.789944177493453026e-03
4.523250681813806295e-04 -3.319608280435204506e-03
6.244797841645777225e-04 -4.819634836167097092e-03
4.685936146415770054e-04 -2.880035201087594032e-03
5.133351078256964684e-04 -4.073653370141983032e-03
4.784036718774586916e-04 -2.490757266059517860e-03
7.911992142908275127e-04 -1.231481041759252548e-02
8.946849266067147255e-04 -1.019158214330673218e-02
1.561985118314623833e-03 1.581144984811544418e-03
5.559580749832093716e-04 -3.766133449971675873e-03
5.121369613334536552e-04 -3.776479512453079224e-03
6.101114558987319469e-04 -3.130198223516345024e-03
5.914557841606438160e-04 -3.666531760245561600e-03
2.175637200707569718e-04 -3.098296467214822769e-03
4.564110189676284790e-03 1.589656434953212738e-02
5.975670181214809418e-03 2.210707403719425201e-02
6.343522574752569199e-03 2.418945357203483582e-02
5.875153932720422745e-03 2.170583978295326233e-02
5.088026518933475018e-04 -3.716604318469762802e-03
5.379783688113093376e-04 -5.485093686729669571e-03
2.879596722777932882e-04 -3.985739778727293015e-03
3.656818531453609467e-03 1.121202204376459122e-02
4.422069469001144171e-04 -4.029396455734968185e-03
5.174971884116530418e-04 -5.396801512688398361e-03
6.561299669556319714e-04 -6.406850647181272507e-03
1.720024156384170055e-03 2.041932661086320877e-03
5.935394670814275742e-03 2.249814383685588837e-02
-8.329548873007297516e-03 -1.958442153409123421e-03
4.923221189528703690e-03 1.748161576688289642e-02
7.141565438359975815e-04 -7.070153951644897461e-03
5.220114835537970066e-04 -5.560989491641521454e-03
3.603764052968472242e-04 -3.383345669135451317e-03
4.939459031447768211e-04 -2.714067231863737106e-03
5.675242282450199127e-04 -5.964866839349269867e-03
4.981601145118474960e-03 1.742472499608993530e-02
3.432990924920886755e-04 -3.724680980667471886e-03
3.825089952442795038e-04 -3.569296095520257950e-03
-1.919991103932261467e-03 -2.926977816969156265e-03
4.784971242770552635e-04 -3.318423405289649963e-03
6.298958789557218552e-03 2.398282475769519806e-02
1.219434663653373718e-03 -1.909368298947811127e-02
2.828113269060850143e-03 5.278275813907384872e-03
4.646613961085677147e-04 -3.669010009616613388e-03
3.623470256570726633e-04 -3.827518317848443985e-03
3.979693574365228415e-04 -3.166187787428498268e-03
-4.443592915777117014e-04 -3.206658642739057541e-03
-1.253640803042799234e-04 -3.637965302914381027e-03
5.224400592851452529e-05 -2.950031543150544167e-03
1.754623663146048784e-04 -3.123111557215452194e-03
4.926807596348226070e-04 -3.159997053444385529e-03
-4.210561455693095922e-04 -3.472926327958703041e-03
-3.838078991975635290e-04 -3.900296054780483246e-03
6.349373143166303635e-03 2.431221678853034973e-02
2.375148760620504618e-04 -2.784157637506723404e-03
4.498258233070373535e-03 1.499723270535469055e-02
-8.559898706153035164e-04 -4.165387712419033051e-03
5.151078570634126663e-03 1.793744973838329315e-02
1.228503300808370113e-03 1.262151985429227352e-03
6.496671121567487717e-03 2.473481558263301849e-02
3.411217476241290569e-04 -3.322196658700704575e-03
3.990887780673801899e-04 -3.746709786355495453e-03
6.041846791049465537e-05 -3.217678517103195190e-03
7.530868169851601124e-04 -1.114785764366388321e-02
-3.919251030310988426e-04 -3.902354743331670761e-03
7.505005341954529285e-04 -2.162527292966842651e-03
4.868339165113866329e-04 -5.054832901805639267e-03
1.324896002188324928e-04 -2.538247033953666687e-03
7.857130840420722961e-04 -8.462817408144474030e-03
7.591102621518075466e-04 -8.657197467982769012e-03
4.916105535812675953e-04 -5.015353672206401825e-03
-8.666489273309707642e-02 1.637714914977550507e-02
8.737706230022013187e-05 -3.861505538225173950e-03
5.485414993017911911e-03 1.935496553778648376e-02
1.424814690835773945e-04 -4.456225782632827759e-03
2.579754218459129333e-04 -2.951503032818436623e-03
5.841100937686860561e-04 -3.581243799999356270e-03
4.096456104889512062e-04 -3.404192626476287842e-03
5.145178292877972126e-04 -5.319414660334587097e-03
7.611872279085218906e-04 -1.025194581598043442e-02
4.718674754258245230e-04 -3.357631852850317955e-03
5.169965443201363087e-04 -3.955902066081762314e-03
5.669733509421348572e-04 -3.626096993684768677e-03
7.561313686892390251e-04 -9.389213286340236664e-03
4.840874171350151300e-04 -3.663818817585706711e-03
7.587092113681137562e-04 -8.492475375533103943e-03
7.745596230961382389e-04 -1.121199131011962891e-02
-5.659646540880203247e-02 9.695745073258876801e-03
6.233848165720701218e-03 2.336892671883106232e-02
2.706886036321520805e-03 6.050541531294584274e-03
-2.407566877081990242e-03 -2.904466819018125534e-03
7.814011769369244576e-04 -1.117929350584745407e-02
5.136880790814757347e-04 -5.209932103753089905e-03
6.869058706797659397e-04 -9.848761372268199921e-03
-8.355259524250868708e-06 -3.029256360605359077e-03
4.854521102970466018e-05 -3.180858911946415901e-03
4.190218751318752766e-04 -3.083229064941406250e-03
6.855897139757871628e-03 2.609898522496223450e-02
2.709118707571178675e-04 -3.349007805809378624e-03
4.911142168566584587e-04 -4.510961938649415970e-03
4.638731479644775391e-04 -3.044984536245465279e-03
5.335496272891759872e-03 1.864023320376873016e-02
4.946547560393810272e-04 -3.699259832501411438e-03
3.796457604039460421e-04 -3.879119409248232841e-03
1.137327868491411209e-03 -1.602613180875778198e-02
7.688229088671505451e-04 -1.095673162490129471e-02
7.261842838488519192e-04 -8.989639580249786377e-03
7.609611493535339832e-04 -1.165280304849147797e-02
5.635377601720392704e-04 -3.670057049021124840e-03
3.445298410952091217e-03 1.001703459769487381e-02
-5.264647188596427441e-04 -3.138327971100807190e-03
5.460231099277734756e-03 1.977869682013988495e-02
5.215334240347146988e-04 -3.858320182189345360e-03
4.868353425990790129e-04 -3.740636864677071571e-03
5.974817322567105293e-04 -4.162399563938379288e-03
4.165256978012621403e-04 -4.583827219903469086e-03
5.198551341891288757e-03 1.893724128603935242e-02
5.712939891964197159e-04 -3.608634928241372108e-03
8.130837813951075077e-04 -1.210970617830753326e-02
4.693177528679370880e-03 1.560875773429870605e-02
6.675942568108439445e-04 -5.850025918334722519e-03
6.147322710603475571e-03 2.312369458377361298e-02
5.278010503388941288e-04 -3.669479396194219589e-03
5.560161545872688293e-03 2.008095383644104004e-02
6.920588784851133823e-04 -5.577567033469676971e-03
-4.395344294607639313e-04 -4.137621261179447174e-03
5.439273081719875336e-03 1.992817223072052002e-02
-1.857681665569543839e-03 -3.526301821693778038e-03
5.436305073089897633e-04 -4.135725554078817368e-03
4.150921886321157217e-04 -3.542202292010188103e-03
-2.738399663940072060e-03 -2.758418908342719078e-03
6.019464926794171333e-04 -3.801892278715968132e-03
7.774412515573203564e-04 -1.007231045514345169e-02
1.220420701429247856e-03 -1.844325661659240723e-02
8.246296783909201622e-04 -6.672442541457712650e-04
6.392740644514560699e-03 2.423459850251674652e-02
1.769518712535500526e-03 1.616693451069295406e-03
4.627928719855844975e-04 -3.584102727472782135e-03
4.890477284789085388e-04 -3.649547463282942772e-03
4.789681406691670418e-04 -3.251150948926806450e-03
4.726679762825369835e-04 -3.805057611316442490e-03
4.055865574628114700e-04 -3.700455650687217712e-03
5.507827736437320709e-04 -3.442294662818312645e-03
2.069519396172836423e-04 -3.927988000214099884e-03
4.538533685263246298e-04 -3.904689569026231766e-03
4.172193876001983881e-04 -4.547079093754291534e-03
-6.126792286522686481e-04 -4.444401711225509644e-03
9.312405600212514400e-04 -1.449317787773907185e-03
5.170760559849441051e-04 -3.522009123116731644e-03
7.586524588987231255e-04 -1.103800628334283829e-02
5.559063865803182125e-04 -3.760241437703371048e-03
3.589746193028986454e-04 -3.132839454337954521e-03
3.732688492164015770e-04 -3.636030014604330063e-03
4.408161039464175701e-04 -3.377033164724707603e-03
4.708719206973910332e-04 -3.837920958176255226e-03
6.180159281939268112e-03 2.282477542757987976e-02
4.643141000997275114e-04 -3.665080294013023376e-03
5.458713858388364315e-04 -5.611700471490621567e-03
5.116664688102900982e-04 -5.686247255653142929e-03
1.492544251959770918e-04 -3.107480239123106003e-03
3.047010861337184906e-03 5.644340068101882935e-03
4.695822950452566147e-03 1.669838838279247284e-02
3.559486358426511288e-04 -3.720836713910102844e-03
4.680939309764653444e-04 -3.478742437437176704e-03
2.640363236423581839e-04 -2.829409204423427582e-03
4.532712046056985855e-04 -3.933088853955268860e-03
-1.212409464642405510e-03 -3.296090988442301750e-03
3.113781334832310677e-03 8.107583969831466675e-03
5.100451526232063770e-04 -4.233673680573701859e-03
5.031808745115995407e-03 1.778586208820343018e-02
5.538844503462314606e-03 2.039445564150810242e-02
-7.175520877353847027e-04 -3.204438369721174240e-03
-1.521770464023575187e-04 -3.973035607486963272e-03
4.651120107155293226e-04 -3.405019640922546387e-03
5.584643222391605377e-04 -3.549487562850117683e-03
4.235463566146790981e-04 -3.877001116052269936e-03
3.877170092891901731e-04 -3.398905741050839424e-03
3.788816684391349554e-04 -3.917565569281578064e-03
-3.072465187869966030e-04 -3.236397402361035347e-03
4.922170657664537430e-03 1.740404590964317322e-02
2.621180145069956779e-03 6.278515327721834183e-03
4.151317116338759661e-04 -3.093707142397761345e-03
5.354069871827960014e-04 -3.359261667355895042e-03
7.243200670927762985e-04 -8.147013373672962189e-03
6.545859650941565633e-05 -3.409449942409992218e-03
2.934697316959500313e-03 5.422583781182765961e-03
5.373604362830519676e-04 -3.745161928236484528e-03
5.004014819860458374e-03 1.767301559448242188e-02
5.079223192296922207e-04 -1.740517094731330872e-03
5.909468163736164570e-04 -4.108482506126165390e-03
-4.353160038590431213e-03 -2.582703717052936554e-03
-7.106378907337784767e-04 -3.126044524833559990e-03
4.564165137708187103e-04 -5.045844241976737976e-03
7.722547743469476700e-04 -1.054616365581750870e-02
-5.115416133776307106e-04 -3.212699899449944496e-03
7.446095114573836327e-04 -8.356940001249313354e-03
7.541533559560775757e-04 -1.081458572298288345e-02
-6.764197023585438728e-04 -2.792025916278362274e-03
8.081751293502748013e-04 -8.901133202016353607e-03
7.695514941588044167e-04 -8.649866096675395966e-03
2.686286577954888344e-03 4.747432190924882889e-03
8.050579344853758812e-04 -1.070008147507905960e-02
6.572669837623834610e-03 2.519847825169563293e-02
4.516846092883497477e-04 -3.596016904339194298e-03
3.483382170088589191e-04 -3.807950997725129128e-03
5.547840846702456474e-04 -3.733674529939889908e-03
4.858865286223590374e-04 -3.682686947286128998e-03
7.523822132498025894e-04 -8.271341212093830109e-03
5.489111063070595264e-04 -3.371047554537653923e-03
5.900543648749589920e-03 2.125532552599906921e-02
3.723839763551950455e-03 1.167323160916566849e-02
-8.605527109466493130e-04 -3.125442424789071083e-03
5.387359997257590294e-04 -4.065894056111574173e-03
4.838548600673675537e-03 1.657751016318798065e-02
5.129809025675058365e-03 1.862817443907260895e-02
-4.227936151437461376e-04 -3.996569197624921799e-03
3.863453166559338570e-04 -3.510344075039029121e-03
6.267889984883368015e-04 -2.527580130845308304e-03
4.117877397220581770e-04 -4.712318535894155502e-03
-3.506550565361976624e-04 -3.930612001568078995e-03
7.392873521894216537e-04 -8.928346447646617889e-03
5.896105431020259857e-04 -3.217545570805668831e-03
4.690929781645536423e-04 -5.176007747650146484e-03
-5.271431431174278259e-02 8.642436936497688293e-03
8.107700850814580917e-04 -1.035220175981521606e-02
-2.457221398799447343e-06 -4.173167981207370758e-03
4.873567959293723106e-04 -3.810669295489788055e-03
-1.765883993357419968e-03 -3.296664915978908539e-03
4.319164727348834276e-04 -3.487167414277791977e-03
4.458169452846050262e-03 1.487687416374683380e-02
7.521946681663393974e-04 -8.741765283048152924e-03
5.297692259773612022e-04 -3.376177744939923286e-03
2.866377180907875299e-04 -2.933767158538103104e-03
2.934411633759737015e-03 7.888731546700000763e-03
1.713789999485015869e-03 2.144802361726760864e-03
5.673803854733705521e-03 2.051773853600025177e-02
5.244560306891798973e-04 -3.937404602766036987e-03
4.421337507665157318e-04 -3.202290972694754601e-03
3.635480825323611498e-04 -2.216832013800740242e-03
9.173359285341575742e-05 -3.025673329830169678e-03
8.289725519716739655e-04 -1.154571212828159332e-02
3.603861434385180473e-03 1.136115938425064087e-02
1.809572859201580286e-04 -4.394594114273786545e-03
4.944309475831687450e-04 -5.064514931291341782e-03
9.689909347798675299e-05 -4.195091780275106430e-03
7.685668533667922020e-04 -9.458192624151706696e-03
2.473171625752002001e-04 -2.933459589257836342e-03
-5.157757177948951721e-02 8.577456697821617126e-03
7.599471719004213810e-04 -9.168631397187709808e-03
2.937575627584010363e-04 -3.620937000960111618e-03
-4.314340912969782948e-05 -2.569970907643437386e-03
3.039809816982597113e-04 -2.731935353949666023e-03
7.377885049208998680e-04 -8.185876533389091492e-03
-7.480053463950753212e-04 -3.067928599193692207e-03
8.126189350150525570e-04 -9.093829430639743805e-03
4.174995119683444500e-04 -3.324692836031317711e-03
-4.121522360946983099e-04 -3.081424161791801453e-03
4.300271975807845592e-04 -3.533623414114117622e-03
5.377639899961650372e-04 -3.923300653696060181e-03
3.549295652192085981e-04 -3.816819982603192329e-03
6.457250565290451050e-03 2.479132078588008881e-02
6.938948645256459713e-04 -6.971477996557950974e-03
5.154971149750053883e-04 -3.121386049315333366e-03
1.152892131358385086e-03 -1.765467971563339233e-02
5.135343526490032673e-04 -4.016520455479621887e-03
4.887126851826906204e-04 -4.489307757467031479e-03
8.601666777394711971e-04 -9.743280708789825439e-03
-6.420054705813527107e-05 -3.117929911240935326e-03
5.362119060009717941e-03 1.969221793115139008e-02
2.613706747069954872e-03 6.067054811865091324e-03
6.659265491180121899e-04 -5.835064221173524857e-03
1.079181674867868423e-03 -1.555550377815961838e-02
2.584439935162663460e-04 -3.637625835835933685e-03
1.191421615658327937e-04 -3.872017608955502510e-03
3.120295004919171333e-03 8.101955056190490723e-03
-4.813434202333155554e-07 -2.820632187649607658e-03
7.495718891732394695e-04 -1.075060199946165085e-02
5.582005833275616169e-04 -5.442744586616754532e-03
5.627786158584058285e-04 -3.643155796453356743e-03
4.688438202720135450e-04 -4.921202547848224640e-03
4.954123403877019882e-03 1.728061586618423462e-02
-8.211955428123474121e-02 1.582673005759716034e-02
6.055543199181556702e-03 2.266103774309158325e-02
8.874617633409798145e-04 -3.992397803813219070e-03
7.750178338028490543e-04 -1.133113540709018707e-02
4.189599771052598953e-03 1.398964505642652512e-02
1.506364089436829090e-03 1.437984523363411427e-03
5.585870239883661270e-03 2.019241824746131897e-02
-2.380513760726898909e-04 -4.227348603308200836e-03
7.797069847583770752e-04 -1.140862330794334412e-02
4.465476740733720362e-05 -2.663596766069531441e-03
4.216902889311313629e-03 1.360798440873622894e-02
4.384246130939573050e-04 -3.587773768231272697e-03
7.202025153674185276e-04 -1.087021362036466599e-02
4.846758383791893721e-04 -3.893424989655613899e-03
5.589253269135951996e-04 -3.618831979110836983e-03
6.460527074523270130e-04 -4.363432060927152634e-03
7.774251862429082394e-04 -1.195194013416767120e-02
1.735860831104218960e-03 2.410442568361759186e-03
5.140942521393299103e-04 -3.801327664405107498e-03
5.121123511344194412e-03 1.736302673816680908e-02
3.393922932446002960e-03 1.033835858106613159e-02
5.527163157239556313e-04 -4.415390081703662872e-03
2.357561374083161354e-03 5.128721706569194794e-03
2.170340885641053319e-04 -2.310114214196801186e-03
3.596358001232147217e-03 1.046562194824218750e-02
2.644845226313918829e-04 -2.882044995203614235e-03
6.019959691911935806e-04 -4.144344478845596313e-03
5.222315085120499134e-04 -3.590003587305545807e-03
4.001620109193027020e-04 -3.712909296154975891e-03
-8.809507562546059489e-05 -4.364290274679660797e-03
6.053262623026967049e-04 -4.382302518934011459e-03
1.659998553805053234e-03 2.252528909593820572e-03
5.639098817482590675e-04 -3.918034955859184265e-03
3.526576037984341383e-04 -3.587168874219059944e-03
-1.231247442774474621e-03 -3.554614959284663200e-03
5.785896792076528072e-04 -3.106540767475962639e-03
-1.222777762450277805e-03 -3.745385445654392242e-03
-8.888698648661375046e-04 -3.019641852006316185e-03
-7.628800719976425171e-02 1.476883422583341599e-02
4.681190475821495056e-04 -4.610855598002672195e-03
5.137717234902083874e-04 -3.462289925664663315e-03
6.305706920102238655e-04 -4.242617171257734299e-03
3.633538144640624523e-04 -3.735289676114916801e-03
7.530912989750504494e-04 -7.849722169339656830e-03
4.795687855221331120e-04 -5.286674946546554565e-03
7.708607590757310390e-04 -9.100086987018585205e-03
5.287324311211705208e-04 -3.350116778165102005e-03
6.116908043622970581e-03 2.289838343858718872e-02
5.168291274458169937e-03 1.891555450856685638e-02
7.061396026983857155e-04 -2.637751866132020950e-03
7.914082962088286877e-04 -9.012127295136451721e-03
8.424565312452614307e-04 -9.460417553782463074e-03
4.269322089385241270e-04 -3.327780170366168022e-03
5.254253046587109566e-04 -3.201392944902181625e-03
7.510759169235825539e-04 -9.787805378437042236e-03
7.983607938513159752e-04 -8.192053064703941345e-03
4.943799576722085476e-04 -3.641186514869332314e-03
5.941365379840135574e-03 2.268006652593612671e-02
7.677046232856810093e-04 -9.596285410225391388e-03
8.000226225703954697e-04 -1.123099401593208313e-02
3.943011397495865822e-04 -3.795529482886195183e-03
1.163318287581205368e-03 -8.576703839935362339e-05
4.654246731661260128e-04 -3.858044976368546486e-03
4.712556954473257065e-03 1.597298122942447662e-02
-7.271440699696540833e-05 -2.755839843302965164e-03
7.091033272445201874e-03 2.717107161879539490e-02
6.460321019403636456e-04 -6.687966641038656235e-03
5.688459496013820171e-04 -6.062353961169719696e-03
4.704033199232071638e-04 -3.540650242939591408e-03
-5.136304348707199097e-02 8.527952246367931366e-03
4.739860887639224529e-04 -5.297848023474216461e-03
-8.282061899080872536e-04 -3.950705286115407944e-03
3.360266098752617836e-03 1.039476227015256882e-02
7.002122001722455025e-04 -6.544492207467556000e-03
5.573613569140434265e-03 2.104176580905914307e-02
-2.898866543546319008e-03 -3.067513462156057358e-03
6.241012597456574440e-04 -3.910115454345941544e-03
2.608157228678464890e-03 6.798458751291036606e-03
4.884579684585332870e-04 -3.719066502526402473e-03
4.299372958485037088e-04 -3.595588263124227524e-03
3.868402214720845222e-03 1.248529180884361267e-02
-2.639501588419079781e-03 -2.719797194004058838e-03
6.695123389363288879e-03 2.500117383897304535e-02
6.784930010326206684e-04 -6.945154629647731781e-03
6.010571960359811783e-04 -3.956743981689214706e-03
4.275297396816313267e-04 -4.051478113979101181e-03
4.746288992464542389e-03 1.654352620244026184e-02
4.889291594736278057e-04 -3.486059606075286865e-03
4.365168977528810501e-03 1.485759485512971878e-02
5.875094793736934662e-04 -4.108935128897428513e-03
6.179518066346645355e-03 2.372167818248271942e-02
5.347951664589345455e-04 -2.821457572281360626e-03
5.217376165091991425e-04 -3.387425560504198074e-03
6.587490206584334373e-04 -5.439795088022947311e-03
3.798216930590569973e-04 -3.586631035432219505e-03
7.435009465552866459e-04 -7.470243144780397415e-03
4.959016223438084126e-04 -3.765539498999714851e-03
2.787096018437296152e-04 -3.953927662223577499e-03
4.268139600753784180e-04 -3.911721985787153244e-03
-1.536893796583171934e-05 -2.885712776333093643e-03
3.226434113457798958e-03 9.673128835856914520e-03
4.777709837071597576e-04 -2.464865334331989288e-03
3.771851188503205776e-04 -4.003662616014480591e-03
-7.526789559051394463e-04 -3.998639527708292007e-03
4.246424068696796894e-04 -3.823122475296258926e-03
1.287435647100210190e-03 -1.092072998289950192e-04
-3.102207323536276817e-03 -3.050436964258551598e-03
-6.988721434026956558e-04 -2.973801456391811371e-03
-2.704539510887116194e-04 -2.930518472567200661e-03
6.820128328399732709e-05 -4.300178028643131256e-03
4.692022630479186773e-04 -3.865943755954504013e-03
1.739517087116837502e-03 2.287220675498247147e-03
8.138090488500893116e-04 -9.970204904675483704e-03
1.476331497542560101e-03 1.909516635350883007e-03
1.016604597680270672e-03 -1.629514060914516449e-02
5.585390608757734299e-04 -5.209965165704488754e-03
5.701709305867552757e-04 -3.620690898969769478e-03
3.887143393512815237e-04 -3.281679237261414528e-03
6.090467795729637146e-03 2.251872420310974121e-02
4.662319552153348923e-03 1.566943153738975525e-02
5.762478685937821865e-04 -3.437884151935577393e-03
4.712246009148657322e-04 -3.625210374593734741e-03
5.241372855380177498e-04 -5.503722932189702988e-03
6.958800076972693205e-05 -3.012413159012794495e-03
-2.548667835071682930e-04 -4.207951016724109650e-03
-5.216265344643034041e-05 -3.046691883355379105e-03
4.714415699709206820e-04 -4.178992938250303268e-03
4.692502843681722879e-04 -3.151426557451486588e-03
-3.834044618997722864e-04 -2.802825067192316055e-03
-2.086834050714969635e-03 -3.665155498310923576e-03
-3.572718997020274401e-04 -4.281089175492525101e-03
-4.162016266491264105e-04 -2.854974009096622467e-03
1.752801239490509033e-03 2.312706317752599716e-03
7.102665258571505547e-04 -6.025330629199743271e-03
5.527182947844266891e-04 -4.409504588693380356e-03
-2.403050748398527503e-04 -3.391639096662402153e-03
-3.277465293649584055e-04 -2.914956305176019669e-03
4.001858760602772236e-04 -3.423308953642845154e-03
7.772027747705578804e-04 -1.112443953752517700e-02
5.985709140077233315e-04 -4.000847693532705307e-03
7.091585430316627026e-04 -7.286077365279197693e-03
7.594354683533310890e-04 -9.050433523952960968e-03
5.855148774571716785e-04 -4.058886785060167313e-03
6.567362579517066479e-04 -5.840567406266927719e-03
5.175294936634600163e-04 -3.431883174926042557e-03
4.681887512560933828e-04 -5.219856742769479752e-03
9.893807873595505953e-05 -3.086674027144908905e-03
7.840773905627429485e-04 -9.502797387540340424e-03
-1.961029338417574763e-04 -3.165718633681535721e-03
3.727571456693112850e-04 -4.038856830447912216e-03
5.522804567590355873e-04 -5.876332987099885941e-03
5.151242949068546295e-03 1.826644316315650940e-02
7.779905572533607483e-04 -9.188147261738777161e-03
3.951889229938387871e-04 -4.273300524801015854e-03
-4.190964973531663418e-04 -3.966834396123886108e-03
4.298550542443990707e-03 1.387278269976377487e-02
5.526698078028857708e-04 -5.846560467034578323e-03
7.963990210555493832e-04 -9.261763654649257660e-03
5.781938671134412289e-04 -3.140551038086414337e-03
7.451604469679296017e-04 -9.323835372924804688e-03
4.328237380832433701e-03 1.422604080289602280e-02
5.994587671011686325e-03 2.291790954768657684e-02
4.215058579575270414e-04 -3.801843617111444473e-03
4.732787609100341797e-03 1.621881499886512756e-02
3.252595895901322365e-03 9.913203306496143341e-03
3.819516161456704140e-03 1.206940412521362305e-02
3.209912683814764023e-03 5.952144507318735123e-03
-4.020901542389765382e-05 -4.011198878288269043e-03
4.878987383563071489e-04 -3.558030119165778160e-03
5.302813369780778885e-04 -5.480430088937282562e-03
6.454668939113616943e-03 2.420024201273918152e-02
6.285800482146441936e-04 -4.866975825279951096e-03
-6.917616701684892178e-04 -3.179276362061500549e-03
4.371946211904287338e-03 1.497633568942546844e-02
7.829233072698116302e-04 -1.126867998391389847e-02
6.402822909876704216e-04 -3.393644001334905624e-03
6.790322950109839439e-04 -6.078343838453292847e-03
1.644068630412220955e-03 1.812590635381639004e-03
3.203630214557051659e-03 8.604923263192176819e-03
4.758338443934917450e-03 1.608642004430294037e-02
5.281311459839344025e-04 -5.063644144684076309e-03
6.423911545425653458e-04 -4.631360992789268494e-03
7.008514949120581150e-04 -7.228607311844825745e-03
6.396352313458919525e-03 2.461961098015308380e-02
3.882794408127665520e-04 -3.537372220307588577e-03
7.635614019818603992e-04 -7.915339432656764984e-03
5.692952312529087067e-03 2.134305797517299652e-02
5.784034146927297115e-04 -4.085165448486804962e-03
4.561469249892979860e-04 -5.183132831007242203e-03
6.389609072357416153e-03 2.460211515426635742e-02
5.077362293377518654e-04 -3.555465722456574440e-03
3.844657330773770809e-04 -5.257796961814165115e-03
5.449483869597315788e-04 -3.861972363665699959e-03
1.730380929075181484e-03 2.188311889767646790e-03
4.589311720337718725e-04 -3.662840696051716805e-03
7.439049077220261097e-04 -8.210404776036739349e-03
5.137141793966293335e-03 1.845031045377254486e-02
3.888132632710039616e-04 -3.709234530106186867e-03
1.537845120765268803e-03 1.987597206607460976e-03
4.413585411384701729e-04 -3.841516328975558281e-03
5.372451851144433022e-04 -3.014495596289634705e-03
-8.215638808906078339e-04 -3.450279589742422104e-03
5.550292553380131721e-04 -4.634294193238019943e-03
-8.082874119281768799e-04 -3.183507593348622322e-03
7.819514721632003784e-04 -8.869879879057407379e-03
6.078296341001987457e-03 2.262315340340137482e-02
6.621471256949007511e-04 -6.534103304147720337e-03
4.926854744553565979e-04 -5.198005586862564087e-03
-2.568686148151755333e-03 -2.622285392135381699e-03
4.215955850668251514e-04 -3.810054156929254532e-03
5.524277221411466599e-03 1.965796016156673431e-02
7.257042452692985535e-04 -7.661118172109127045e-03
1.708559226244688034e-03 1.998877618461847305e-03
4.520455375313758850e-03 1.554767508059740067e-02
5.618367576971650124e-04 -2.427653409540653229e-03
6.077493075281381607e-03 2.332598716020584106e-02
3.532425325829535723e-04 -3.742538392543792725e-03
5.519469141290755942e-06 -2.959343371912837029e-03
6.093964329920709133e-04 -4.153744783252477646e-03
5.454513011500239372e-04 -4.428555257618427277e-03
6.916704587638378143e-04 -6.923001725226640701e-03
-9.946041245711967349e-05 -2.906917594373226166e-03
4.908260307274758816e-04 -3.798214485868811607e-03
-6.366919842548668385e-04 -3.151879413053393364e-03
8.626784256193786860e-05 -4.016967024654150009e-03
6.274930201470851898e-04 -3.021993441507220268e-03
-6.404112791642546654e-04 -4.045474343001842499e-03
8.163300226442515850e-04 -1.219202112406492233e-02
5.337958224117755890e-03 1.932715997099876404e-02
7.041859789751470089e-04 -7.149399723857641220e-03
1.072550541721284389e-03 -1.714865490794181824e-02
1.265175873413681984e-03 -1.985950022935867310e-02
-1.343200565315783024e-04 -3.022043500095605850e-03
7.823907071724534035e-04 -1.108525320887565613e-02
4.648409318178892136e-03 1.558174937963485718e-02
5.569245200604200363e-03 2.121520042419433594e-02
6.135069765150547028e-03 2.329824492335319519e-02
3.099600726272910833e-04 -2.692745765671133995e-03
-5.230265855789184570e-02 8.557012304663658142e-03
-7.894629240036010742e-02 1.523221749812364578e-02
-2.146538827219046652e-05 -2.761342795565724373e-03
7.833777344785630703e-04 -8.792763575911521912e-03
5.278457538224756718e-04 -5.585862323641777039e-03
7.395530119538307190e-04 -8.656165562570095062e-03
5.513057694770395756e-04 -3.931296057999134064e-03
4.349175433162599802e-04 -3.895696718245744705e-03
3.953095292672514915e-04 -3.431088058277964592e-03
4.817944951355457306e-03 1.593562588095664978e-02
4.136201925575733185e-03 1.395045872777700424e-02
-1.512739108875393867e-03 -3.244285937398672104e-03
3.721771354321390390e-04 -3.465909045189619064e-03
3.246552078053355217e-03 9.714214131236076355e-03
4.982234095223248005e-04 -3.289890009909868240e-03
7.722048903815448284e-04 -9.670182131230831146e-03
1.351857557892799377e-03 1.135989557951688766e-03
5.092641222290694714e-04 -4.565678071230649948e-03
4.987986176274716854e-04 -2.050800248980522156e-03
7.242941646836698055e-04 -7.496729027479887009e-03
1.152124372310936451e-03 5.851379828527569771e-04
4.517250345088541508e-04 -3.550585592165589333e-03
5.626379279419779778e-04 -2.407920081168413162e-03
2.704839687794446945e-03 6.799784488976001740e-03
1.252265064977109432e-04 -2.739008981734514236e-03
6.130461115390062332e-03 2.308613434433937073e-02
3.187494818121194839e-03 8.823344483971595764e-03
7.935653557069599628e-04 -1.052806340157985687e-02
7.470465498045086861e-04 -8.671817369759082794e-03
5.483581335283815861e-04 -3.712786594405770302e-03
5.108173936605453491e-04 -3.661657217890024185e-03
5.202540662139654160e-03 1.830419152975082397e-02
4.511917359195649624e-04 -2.882414730265736580e-03
5.606112536042928696e-04 -3.875976428389549255e-03
7.052434957586228848e-04 -3.004505066201090813e-03
6.380727281793951988e-04 -6.036180071532726288e-03
-7.608808809891343117e-04 -3.114893101155757904e-03
6.273689214140176773e-04 -3.835609415546059608e-03
4.837115120608359575e-04 -3.877775743603706360e-03
4.718916316051036119e-04 -2.985355211421847343e-03
7.930624415166676044e-04 -1.034251600503921509e-02
3.778805956244468689e-03 1.174197439104318619e-02
5.719927139580249786e-03 2.048039250075817108e-02
1.024780329316854477e-03 -1.437120884656906128e-02
5.176429986022412777e-04 -4.497892688959836960e-03
4.503157397266477346e-04 -3.501138882711529732e-03
5.680565373040735722e-04 -3.629355924203991890e-03
7.585661369375884533e-04 -9.345603175461292267e-03
5.715869832783937454e-03 2.110431157052516937e-02
5.571263027377426624e-04 -2.878442173823714256e-03
-1.787000364856794477e-04 -3.270879155024886131e-03
3.720560926012694836e-04 -2.902222564443945885e-03
-2.010130789130926132e-03 -3.152769757434725761e-03
5.108899786137044430e-04 -3.043890697881579399e-03
4.410735564306378365e-04 -3.506075823679566383e-03
6.606980459764599800e-04 -6.159914191812276840e-03
-2.153113455278798938e-04 -2.975800074636936188e-03
-6.991578266024589539e-04 -3.378145396709442139e-03
5.185244372114539146e-04 -5.514021962881088257e-03
4.622170235961675644e-03 1.525581534951925278e-02
5.883583799004554749e-04 -5.202498752623796463e-03
5.639279261231422424e-04 -3.923806827515363693e-03
2.339589264011010528e-04 -2.978988457471132278e-03
5.866945721209049225e-03 2.165641263127326965e-02
8.673025295138359070e-04 -1.226083934307098389e-02
5.438663531094789505e-03 1.977369561791419983e-02
1.982137328013777733e-03 3.091472666710615158e-03
5.697135347872972488e-04 -2.973614493384957314e-03
4.556732601486146450e-04 -3.263928461819887161e-03
6.586630363017320633e-03 2.534583583474159241e-02
7.261018618009984493e-04 -9.801845066249370575e-03
6.128000561147928238e-03 2.306579425930976868e-02
5.679161404259502888e-04 -3.621924202889204025e-03
8.429671288467943668e-04 -1.168364007025957108e-02
5.442359833978116512e-04 -5.502319429069757462e-03
4.822553601115942001e-04 -2.801563357934355736e-03
5.479824612848460674e-04 -3.466293215751647949e-03
8.437732467427849770e-04 -1.174758281558752060e-02
1.255518640391528606e-03 -1.975223608314990997e-02
5.532302311621606350e-04 -3.476778045296669006e-03
4.875052836723625660e-04 -3.867595456540584564e-03
5.162024870514869690e-03 1.834936439990997314e-02
3.728590381797403097e-04 -3.201411338523030281e-03
1.089868528652004898e-04 -3.612931119278073311e-03
8.823219686746597290e-04 -1.218720339238643646e-02
6.064033950679004192e-04 -4.197522532194852829e-03
1.165444031357765198e-03 -1.788604818284511566e-02
7.003826904110610485e-04 -6.400168873369693756e-03
5.846774438396096230e-04 -3.995456267148256302e-03
4.585107788443565369e-03 1.544414833188056946e-02
5.010054912418127060e-03 1.774470508098602295e-02
3.947797522414475679e-04 -3.811361268162727356e-03
5.908987484872341156e-03 2.231311053037643433e-02
1.239123957930132747e-04 -3.483667504042387009e-03
5.959229893051087856e-04 -4.795054439455270767e-03
5.006773862987756729e-04 -4.329185001552104950e-03
5.736315506510436535e-04 -3.625576151534914970e-03
8.062782580964267254e-04 -8.871653117239475250e-03
4.927412956021726131e-04 -5.398795939981937408e-03
7.378858281299471855e-04 -8.143384940922260284e-03
3.464962355792522430e-04 -3.262851387262344360e-03
-8.294678991660475731e-04 -3.024965291842818260e-03
5.828350549563765526e-04 -3.417420433834195137e-03
5.456514772959053516e-04 -5.797118414193391800e-03
4.431686247698962688e-04 -3.525668755173683167e-03
3.857182164210826159e-04 -3.385031362995505333e-03
7.310690707527101040e-04 -8.055484853684902191e-03
3.151822602376341820e-03 5.898393224924802780e-03
5.905824247747659683e-03 2.259250544011592865e-02
1.779397483915090561e-03 2.472921740263700485e-03
5.408691242337226868e-03 1.921849697828292847e-02
5.169066716916859150e-04 -3.980375826358795166e-03
7.286330219358205795e-04 -7.545259315520524979e-03
4.490986175369471312e-04 -3.350604092702269554e-03
1.205314300023019314e-03 1.542282116133719683e-04
-1.017727423459291458e-03 -3.110999241471290588e-03
5.491654155775904655e-04 -3.641420975327491760e-03
6.569246761500835419e-04 -5.533850286155939102e-03
4.663100931793451309e-03 1.563663780689239502e-02
1.848809653893113136e-03 2.491286257281899452e-03
7.878940668888390064e-04 -8.694992400705814362e-03
4.951420705765485764e-04 -3.960354253649711609e-03
6.291526369750499725e-03 2.400462329387664795e-02
4.615580546669661999e-04 -2.804813208058476448e-03
-2.727981773205101490e-04 -2.949793590232729912e-03
5.300288321450352669e-04 -5.663585849106311798e-03
5.650111474096775055e-03 2.068751305341720581e-02
5.469325929880142212e-03 1.965106092393398285e-02
1.198411555378697813e-04 -2.927156863734126091e-03
6.067351438105106354e-03 2.258937060832977295e-02
-1.273985020816326141e-03 -3.281768411397933960e-03
5.182908498682081699e-04 -3.790088696405291557e-03
5.670160753652453423e-04 -3.197797574102878571e-03
5.620148149318993092e-04 -3.870405955240130424e-03
5.511329043656587601e-03 2.032241970300674438e-02
9.842455619946122169e-04 -1.336552761495113373e-02
4.663387371692806482e-04 -5.108545068651437759e-03
5.489413742907345295e-04 -5.845473613590002060e-03
1.654391642659902573e-03 1.968829659745097160e-03
6.115830037742853165e-03 2.230529487133026123e-02
6.167470477521419525e-03 2.373648993670940399e-02
-4.796344786882400513e-03 -2.553374273702502251e-03
4.416013252921402454e-04 -3.973526880145072937e-03
4.882905050180852413e-04 -3.695213235914707184e-03
1.328608719632029533e-03 1.448278198949992657e-04
4.529043566435575485e-03 1.520989555865526199e-02
1.563444500789046288e-03 1.523271435871720314e-03
6.254693144001066685e-04 -5.192656069993972778e-03
5.991473328322172165e-03 2.219138294458389282e-02
1.205040956847369671e-03 -1.830075122416019440e-02
4.549159668385982513e-03 1.528018899261951447e-02
2.665339736267924309e-03 6.500315852463245392e-03
7.700370624661445618e-04 -8.598252199590206146e-03
-1.846598206611815840e-05 -2.923455554991960526e-03
4.975197953172028065e-04 -4.020410589873790741e-03
5.032276385463774204e-04 -3.313057124614715576e-03
8.603066671639680862e-04 -1.201277878135442734e-02
7.276422111317515373e-04 -9.225035086274147034e-03
7.645170553587377071e-04 -8.459123782813549042e-03
7.984216063050553203e-05 -3.577623050659894943e-03
5.706324707716703415e-03 2.141534723341464996e-02
4.429329419508576393e-04 -3.583918092772364616e-03
9.910607477650046349e-04 -1.310847233980894089e-02
6.475794129073619843e-03 2.492167055606842041e-02
4.124912084080278873e-04 -3.028681734576821327e-03
5.557310651056468487e-04 -3.395717125385999680e-03
8.284771465696394444e-04 -8.806790225207805634e-03
5.786348483525216579e-04 -3.788875881582498550e-03
5.192519165575504303e-04 -2.963407197967171669e-03
4.303613211959600449e-03 1.440556161105632782e-02
1.350739476038143039e-04 -2.719716867431998253e-03
-8.588279783725738525e-02 1.661494933068752289e-02
5.494545330293476582e-04 -5.702378693968057632e-03
3.489723894745111465e-04 -3.688805969431996346e-03
5.229660891927778721e-04 -3.782471409067511559e-03
6.130413967184722424e-04 -3.232497489079833031e-03
4.056383622810244560e-04 -4.469483625143766403e-03
4.608917515724897385e-04 -5.254990421235561371e-03
4.784395860042423010e-04 -4.043892491608858109e-03
-9.109324309974908829e-04 -3.404536051675677299e-03
7.321402081288397312e-04 -7.248000241816043854e-03
6.247278302907943726e-03 2.388018928468227386e-02
7.683950825594365597e-04 -9.151400998234748840e-03
5.872922483831644058e-04 -3.394542727619409561e-03
5.617485730908811092e-04 -5.761495791375637054e-03
1.662520691752433777e-03 1.843317644670605659e-03
7.439405308105051517e-04 -7.062076590955257416e-03
2.789265243336558342e-03 7.224337197840213776e-03
-1.560991804581135511e-04 -2.972112037241458893e-03
7.592436159029603004e-04 -8.398884907364845276e-03
7.034873706288635731e-04 -8.154750801622867584e-03
5.331299034878611565e-04 -4.192307125777006149e-03
4.616271471604704857e-04 -4.018613602966070175e-03
4.403381608426570892e-03 1.427033543586730957e-02
4.823174793273210526e-03 1.695694401860237122e-02
7.837835000827908516e-04 -1.108465366996824741e-03
5.926028359681367874e-03 2.215619385242462158e-02
2.668792381882667542e-03 6.468653213232755661e-03
7.859411416575312614e-04 -1.046781521290540695e-02
6.251904414966702461e-04 -6.103631108999252319e-03
7.663052529096603394e-04 -7.947871461510658264e-03
5.878185853362083435e-03 2.196526154875755310e-02
1.368197845295071602e-03 5.589209031313657761e-04
9.790257172426208854e-05 -3.209986258298158646e-03
2.291929442435503006e-03 4.558997694402933121e-03
3.636890556663274765e-03 1.071196328848600388e-02
2.232152182841673493e-04 -3.224564716219902039e-03
-1.608004968147724867e-04 -3.166307695209980011e-03
4.430169938132166862e-04 -3.365109907463192940e-03
1.740452949889004230e-03 2.285412512719631195e-03
1.181132509373128414e-03 -1.803330518305301666e-02
4.021559725515544415e-04 -4.637168720364570618e-03
4.504993848968297243e-04 -3.464883193373680115e-03
7.484433590434491634e-04 -2.903876127675175667e-03
3.380419220775365829e-03 1.015220768749713898e-02
7.718057604506611824e-04 -8.504748344421386719e-03
5.698619061149656773e-04 -3.407538868486881256e-03
5.337424809113144875e-04 -5.603972822427749634e-03
8.267716038972139359e-04 -9.437527507543563843e-03
4.826381627935916185e-04 -3.399113891646265984e-03
-4.761526361107826233e-04 -3.107375232502818108e-03
4.619577899575233459e-03 1.543590053915977478e-02
6.120011094026267529e-04 -4.062470514327287674e-03
-1.718697720207273960e-03 -3.345157252624630928e-03
4.513458989094942808e-04 -3.800220089033246040e-03
7.909428095445036888e-04 -1.116121001541614532e-02
2.671219990588724613e-04 -3.218589350581169128e-03
2.811400918290019035e-03 5.184462293982505798e-03
4.083426203578710556e-03 1.307733077555894852e-02
6.506012141471728683e-05 -2.732001245021820068e-03
5.749108386225998402e-04 -6.141640711575746536e-03
7.514008902944624424e-04 -7.331135217100381851e-03
8.325975504703819752e-04 -1.205753907561302185e-02
5.647304933518171310e-04 -4.199602641165256500e-03
4.585145507007837296e-04 -4.031412303447723389e-03
4.209981765598058701e-03 1.479555014520883560e-02
3.181431675329804420e-04 -4.398238845169544220e-03
5.587683408521115780e-04 -5.874143913388252258e-03
1.784207648597657681e-03 2.660991391167044640e-03
5.204782821238040924e-03 1.915357820689678192e-02
-3.157992323394864798e-04 -3.558213822543621063e-03
-6.678022327832877636e-04 -3.130630124360322952e-03
5.612384527921676636e-03 2.059212699532508850e-02
1.659493078477680683e-03 2.715726615861058235e-03
2.085815649479627609e-04 -2.499755937606096268e-03
-9.521610918454825878e-04 -3.254929790273308754e-03
4.932920564897358418e-04 -3.977211657911539078e-03
4.372999828774482012e-04 -3.856610739603638649e-03
5.431601312011480331e-04 -3.840300021693110466e-03
4.901358624920248985e-04 -3.464517649263143539e-03
5.100488197058439255e-04 -3.070452017709612846e-03
3.456372302025556564e-03 1.099690049886703491e-02
7.832836708985269070e-04 -8.968221023678779602e-03
-1.591220148839056492e-03 -2.907563932240009308e-03
3.328279592096805573e-03 9.790981188416481018e-03
8.061624248512089252e-04 -1.116860657930374146e-02
6.180638447403907776e-03 2.354320697486400604e-02
3.571134875528514385e-04 -2.441657707095146179e-03
5.585845210589468479e-04 -5.942304618656635284e-03
-3.020971780642867088e-03 -2.673101378604769707e-03
4.405706713441759348e-04 -3.515588818117976189e-03
2.242184244096279144e-03 4.795327782630920410e-03
-8.370751165784895420e-04 -3.149760654196143150e-03
5.146516487002372742e-04 -4.526664968580007553e-03
6.133199669420719147e-03 2.321014925837516785e-02
6.372659932821989059e-03 2.416556142270565033e-02
3.519213525578379631e-03 1.032207906246185303e-02
3.774987300857901573e-03 1.179144997149705887e-02
7.923090015538036823e-04 -1.168237067759037018e-02
8.136053220368921757e-04 -8.558216504752635956e-03
-4.967774730175733566e-03 -3.121110610663890839e-03
3.980729088652879000e-04 -3.903953358530998230e-03
5.533248186111450195e-04 -4.078064579516649246e-03
5.958779947832226753e-04 -4.139055963605642319e-03
2.874661586247384548e-04 -3.132184967398643494e-03
8.400173974223434925e-04 -9.730225428938865662e-03
3.745522408280521631e-04 -3.472703043371438980e-03
1.849220250733196735e-03 2.677232725545763969e-03
-7.871742546558380127e-02 1.497004739940166473e-02
6.368924514390528202e-04 -3.294837195426225662e-03
5.136493127793073654e-04 -2.594512188807129860e-03
6.272050552070140839e-03 2.369421534240245819e-02
4.503610078245401382e-03 1.518136356025934219e-02
7.867024978622794151e-04 -9.132037870585918427e-03
6.248591933399438858e-03 2.349853143095970154e-02
9.060831507667899132e-05 -2.736899536103010178e-03
2.751794876530766487e-03 7.288718130439519882e-03
5.919531919062137604e-03 2.157427556812763214e-02
5.437739891931414604e-04 -5.640077870339155197e-03
-7.859705510782077909e-05 -3.347141435369849205e-03
1.093713144655339420e-04 -3.280566073954105377e-03
8.193059475161135197e-04 -9.783147834241390228e-03
5.029867170378565788e-04 -5.305292550474405289e-03
6.021144799888134003e-04 -4.863587208092212677e-03
7.114317850209772587e-04 -7.928299717605113983e-03
4.656706878449767828e-04 -3.751297714188694954e-03
4.460385243874043226e-04 -4.017208702862262726e-03
4.187184968031942844e-04 -3.795547410845756531e-03
5.553743103519082069e-04 -2.674720017239451408e-03
6.515287794172763824e-03 2.475415728986263275e-02
3.812430892139673233e-03 1.135170366615056992e-02
5.704121198505163193e-03 2.026492916047573090e-02
5.302125588059425354e-03 1.860873587429523468e-02
5.125110037624835968e-03 1.810909621417522430e-02
8.137583499774336815e-04 -9.810982272028923035e-03
-2.324804954696446657e-04 -3.896014299243688583e-03
4.395876312628388405e-04 -4.333640914410352707e-03
6.968253757804632187e-03 2.623269893229007721e-02
7.434863364323973656e-04 -9.169546887278556824e-03
2.373408642597496510e-04 -3.779507474973797798e-03
2.802357776090502739e-03 5.193810909986495972e-03
5.387465935200452805e-04 -2.681110287085175514e-03
5.199651233851909637e-03 1.816943846642971039e-02
5.189807619899511337e-03 1.866115629673004150e-02
1.956043066456913948e-03 3.784741507843136787e-03
4.713538801297545433e-04 -5.383456125855445862e-03
4.273359663784503937e-03 1.472993846982717514e-02
4.384693165775388479e-04 -3.541859332472085953e-03
2.415314549580216408e-03 5.640535615384578705e-03
-3.075348678976297379e-03 -3.038519062101840973e-03
6.901264656335115433e-03 2.590656466782093048e-02
-7.205026486190035939e-05 -2.774302847683429718e-03
7.643313147127628326e-04 -9.632667526602745056e-03
6.420206627808511257e-04 -5.637084133923053741e-03
1.539678487461060286e-05 -2.910588635131716728e-03
8.518010727129876614e-04 -1.010727416723966599e-02
-2.961292047984898090e-04 -3.995311912149190903e-03
-5.499207228422164917e-02 9.172886610031127930e-03
4.916668985970318317e-04 -3.451749915257096291e-03
5.724919028580188751e-04 -4.058296792209148407e-03
4.955179174430668354e-04 -3.440345870330929756e-03
5.334909074008464813e-04 -3.307022387161850929e-03
4.182791162747889757e-04 -3.620055271312594414e-03
4.827052354812622070e-03 1.671970076858997345e-02
4.204933531582355499e-03 1.417329441756010056e-02
-8.069796860218048096e-02 1.561298966407775879e-02
5.680361064150929451e-04 -3.633131971582770348e-03
6.191451568156480789e-03 2.329376898705959320e-02
8.062458946369588375e-04 -8.741999976336956024e-03
-7.569822482764720917e-04 -3.122577443718910217e-03
5.841409438289701939e-05 -2.972216112539172173e-03
5.238376907072961330e-04 -3.862310200929641724e-03
4.621199332177639008e-04 -3.721159650012850761e-03
9.211383294314146042e-04 -1.171294413506984711e-02
7.487381226383149624e-04 -7.631408050656318665e-03
5.313457804732024670e-04 -5.585642065852880478e-03
4.044713277835398912e-04 -3.657088149338960648e-03
4.603527486324310303e-04 -2.435585251078009605e-03
5.994036910124123096e-04 -3.890414955094456673e-03
3.795023367274552584e-04 -3.628552192822098732e-03
5.898194503970444202e-04 -4.218504298478364944e-03
1.711124932626262307e-04 -2.961302641779184341e-03
4.517001216299831867e-04 -3.527431515976786613e-03
-4.791012324858456850e-04 -3.089930396527051926e-03
5.124342278577387333e-04 -3.411026671528816223e-03
-6.605368689633905888e-04 -3.269698703661561012e-03
5.600118893198668957e-04 -3.919453825801610947e-03
5.981635185889899731e-04 -2.918189857155084610e-03
6.448931060731410980e-03 2.410393580794334412e-02
7.620275137014687061e-04 -1.124061923474073410e-02
-6.344123394228518009e-04 -3.115389961749315262e-03
3.045795601792633533e-04 -3.638441441580653191e-03
6.402644212357699871e-04 -4.781849682331085205e-03
6.153158610686659813e-04 -6.405588239431381226e-03
4.717465955764055252e-03 1.665423810482025146e-02
5.417875945568084717e-04 -5.736430641263723373e-03
5.703707574866712093e-04 -6.016329396516084671e-03
1.102399895898997784e-03 -1.583255827426910400e-02
5.851632449775934219e-03 2.206488884985446930e-02
4.966276464983820915e-04 -5.155235063284635544e-03
7.633001659996807575e-04 -1.063989754766225815e-02
4.666513705160468817e-04 -3.370720427483320236e-03
4.208018654026091099e-04 -3.846136387437582016e-03
2.734879497438669205e-03 6.291572935879230499e-03
-3.594174631871283054e-04 -4.271747544407844543e-03
1.378797809593379498e-03 6.409636698663234711e-04
1.152198994532227516e-03 -1.685621775686740875e-02
4.517372290138155222e-04 -3.727497532963752747e-03
7.963466341607272625e-04 -1.130042318254709244e-02
7.694320520386099815e-04 -8.340657688677310944e-03
-1.044694436131976545e-04 -2.769665326923131943e-03
7.568030850961804390e-04 -7.670809980481863022e-03
5.053019267506897449e-04 -2.629205118864774704e-03
7.722880109213292599e-04 -1.083480007946491241e-02
6.756754373782314360e-06 -3.033113433048129082e-03
5.430073942989110947e-04 -4.241361748427152634e-03
-1.876561145763844252e-04 -2.894541947171092033e-03
7.494789897464215755e-04 -8.238565176725387573e-03
1.516518415883183479e-03 1.310706255026161671e-03
5.127661279402673244e-04 -3.744152374565601349e-03
5.702052731066942215e-04 -4.060748964548110962e-03
3.544708597473800182e-04 -3.453818382695317268e-03
4.054091696161776781e-04 -4.912506323307752609e-03
-8.574202656745910645e-04 -3.049153601750731468e-03
5.201724707148969173e-04 -5.431049969047307968e-03
2.969646593555808067e-04 -3.545284038409590721e-03
5.136571126058697701e-04 -3.995514474809169769e-03
4.907369730062782764e-04 -4.560673143714666367e-03
1.651034544920548797e-04 -3.977009095251560211e-03
5.091079045087099075e-03 1.817224919795989990e-02
4.102514649275690317e-04 -3.786935703828930855e-03
4.506887635216116905e-04 -3.902917960658669472e-03
-7.757084071636199951e-02 1.502036955207586288e-02
7.973377942107617855e-04 -8.883157745003700256e-03
6.844403687864542007e-04 -7.083741482347249985e-03
3.543451020959764719e-04 -3.792054252699017525e-03
-8.031547814607620239e-02 1.534326281398534775e-02
4.169942345470190048e-03 1.411370281130075455e-02
5.002756952308118343e-04 -3.627234371379017830e-03
6.217863410711288452e-04 -5.630791652947664261e-03
7.251218194141983986e-04 -8.168727159500122070e-03
1.714979298412799835e-03 2.422918332740664482e-03
8.296831510961055756e-04 -1.147731766104698181e-02
4.942710511386394501e-04 -4.962821491062641144e-03
5.392386228777468204e-04 -4.403110127896070480e-03
5.599216092377901077e-04 -3.613349515944719315e-03
5.258242599666118622e-04 -3.130282973870635033e-03
2.618699101731181145e-03 5.933743435889482498e-03
5.901343654841184616e-03 2.157467603683471680e-02
5.027653533034026623e-04 -3.745667170733213425e-03
3.401166526600718498e-03 1.000818610191345215e-02
8.320211782120168209e-04 -1.233090087771415710e-02
5.600057556875981390e-05 -2.904479391872882843e-03
5.153851234354078770e-04 -3.714979626238346100e-03
7.687182514928281307e-04 -7.269073743373155594e-03
2.178921364247798920e-03 3.334552980959415436e-03
3.468374488875269890e-03 1.051341928541660309e-02
3.324999241158366203e-03 1.007871143519878387e-02
3.562456462532281876e-03 1.156663335859775543e-02
8.003978873603045940e-04 -9.261365048587322235e-03
3.334756183903664351e-04 -3.499964950606226921e-03
4.475642926990985870e-04 -3.574076807126402855e-03
2.495844091754406691e-05 -2.942033577710390091e-03
5.122107686474919319e-04 -4.125671461224555969e-03
4.848336975555866957e-04 -4.143331199884414673e-03
4.125924024265259504e-04 -3.556290874257683754e-03
3.000120050273835659e-04 -2.726226812228560448e-03
8.147701155394315720e-04 -9.719246998429298401e-03
5.848198663443326950e-03 2.126426436007022858e-02
1.659759553149342537e-03 1.800523954443633556e-03
5.895022768527269363e-04 -3.140562213957309723e-03
4.569549346342682838e-04 -3.969438839703798294e-03
5.292645655572414398e-04 -3.539862344041466713e-03
7.296954281628131866e-04 -9.431184269487857819e-03
-2.709548280108720064e-04 -3.076319349929690361e-03
4.493462911341339350e-04 -3.614302491769194603e-03
3.415723040234297514e-04 -4.809266887605190277e-03
3.557307354640215635e-04 -3.897526068612933159e-03
-1.186540794151369482e-05 -2.989006927236914635e-03
2.773837477434426546e-04 -3.274021670222282410e-03
-6.662452360615134239e-04 -2.996649360284209251e-03
-2.726704988162964582e-04 -4.037750419229269028e-03
1.172992284409701824e-03 -1.780144125223159790e-02
5.086442106403410435e-04 -5.551860202103853226e-03
2.890100295189768076e-04 -3.355361055582761765e-03
2.169312501791864634e-04 -2.598823281005024910e-03
7.793302065692842007e-04 -8.463890291750431061e-03
6.483850884251296520e-04 -6.671766750514507294e-03
4.815378924831748009e-04 -3.249200759455561638e-03
5.629698280245065689e-04 -3.404731163755059242e-03
4.578292719088494778e-04 -3.591888118535280228e-03
4.977099015377461910e-04 -3.601125208660960197e-03
7.497670012526214123e-04 -7.915439084172248840e-03
5.130660720169544220e-03 1.753381267189979553e-02
5.562320584431290627e-04 -5.939286202192306519e-03
7.233435753732919693e-04 -7.725435774773359299e-03
4.472109721973538399e-04 -3.293092828243970871e-03
5.322040524333715439e-04 -5.428914912045001984e-03
3.593129513319581747e-04 -2.946922555565834045e-03
6.214375607669353485e-03 2.368718758225440979e-02
6.484421435743570328e-03 2.479231171309947968e-02
1.198932586703449488e-04 -3.347471822053194046e-03
3.956785367336124182e-04 -3.577177878469228745e-03
4.799761518370360136e-04 -3.154350211843848228e-03
5.343491793610155582e-04 -5.603632424026727676e-03
1.427688694093376398e-04 -3.041351214051246643e-03
6.605932139791548252e-04 -6.648926995694637299e-03
3.698895452544093132e-04 -3.366450779139995575e-03
-7.816074648872017860e-04 -3.085591597482562065e-03
-1.716590923024341464e-04 -4.161601886153221130e-03
8.497695671394467354e-04 -1.036170776933431625e-02
-2.702942350879311562e-03 -2.826978685334324837e-03
2.868507581297308207e-04 -2.847986761480569839e-03
6.160365883260965347e-03 2.303421124815940857e-02
5.590143264271318913e-04 -3.254221985116600990e-03
7.635533693246543407e-04 -7.794889155775308609e-03
5.738215986639261246e-03 2.163871750235557556e-02
7.634718203917145729e-04 -2.500366885215044022e-03
5.447772331535816193e-03 1.972849108278751373e-02
6.906518829055130482e-04 -7.001451682299375534e-03
6.034645251929759979e-03 2.278219722211360931e-02
6.196282804012298584e-03 2.375959604978561401e-02
4.815406282432377338e-04 -3.732727374881505966e-03
1.742712454870343208e-03 2.332036383450031281e-03
4.152017179876565933e-03 1.394297275692224503e-02
7.218886748887598515e-04 -6.729108281433582306e-03
5.624016048386693001e-04 -3.852684050798416138e-03
5.213969852775335312e-04 -5.435880273580551147e-03
6.980599719099700451e-04 -7.501061540096998215e-03
4.844941431656479836e-04 -3.859953256323933601e-03
1.903048483654856682e-03 3.404546761885285378e-03
5.322921206243336201e-04 -4.775215871632099152e-03
5.405322299338877201e-04 -3.464649198576807976e-03
3.998874686658382416e-03 1.273023895919322968e-02
4.276770050637423992e-04 -3.757626749575138092e-03
7.756808772683143616e-04 -1.028578728437423706e-02
5.401795497164130211e-04 -3.461648011580109596e-03
-4.754805559059605002e-05 -2.962494967505335808e-03
4.626353329513221979e-04 -2.634478732943534851e-03
7.134777260944247246e-04 -7.329166866838932037e-03
5.107397446408867836e-04 -4.796347580850124359e-03
2.828568394761532545e-04 -3.835257142782211304e-03
7.604785496369004250e-04 -9.247944690287113190e-03
4.368041642010211945e-03 1.474125497043132782e-02
1.753361313603818417e-03 2.213632920756936073e-03
5.430856253951787949e-03 1.948527991771697998e-02
4.734653979539871216e-03 1.660963334143161774e-02
7.701772847212851048e-04 -9.890998713672161102e-03
7.766353082843124866e-04 -9.324980899691581726e-03
5.039186216890811920e-04 -2.683558035641908646e-03
3.734945203177630901e-04 -2.878078026697039604e-03
4.918362246826291084e-04 -5.186961498111486435e-03
4.947479465045034885e-04 -3.774899290874600410e-03
8.210135856643319130e-04 -1.229522842913866043e-02
7.551098824478685856e-04 -8.474731817841529846e-03
7.115869666449725628e-04 -7.291206624358892441e-03
3.257694654166698456e-03 9.378242306411266327e-03
6.645834073424339294e-04 -1.121409330517053604e-02
5.504004075191915035e-04 -5.783092696219682693e-03
1.243623846676200628e-04 -2.678955905139446259e-03
6.759768584743142128e-04 -6.590138655155897141e-03
5.221702740527689457e-04 -3.295857924968004227e-03
-3.668603894766420126e-04 -2.835190854966640472e-03
-4.385085310786962509e-03 -3.217483172193169594e-03
1.011376807582564652e-04 -3.341531846672296524e-03
-7.545622438192367554e-02 1.435059215873479843e-02
6.205608136951923370e-03 2.275587990880012512e-02
3.705525305122137070e-03 1.126713212579488754e-02
4.675626696553081274e-04 -3.707428695634007454e-03
3.989652264863252640e-03 1.258903276175260544e-02
4.845131188631057739e-04 -3.752880496904253960e-03
7.644284050911664963e-04 -1.014281343668699265e-02
8.432610193267464638e-04 -1.178856939077377319e-02
4.516863264143466949e-04 -5.114530678838491440e-03
4.030649724882096052e-04 -3.188574220985174179e-03
-1.399099128320813179e-04 -3.265040926635265350e-03
4.865682858508080244e-04 -5.229943431913852692e-03
3.768558963201940060e-04 -4.082852508872747421e-03
4.734525282401591539e-04 -5.331876222044229507e-03
1.096146763302385807e-03 -1.620444096624851227e-02
5.356952897273004055e-04 -3.688888391479849815e-03
3.417548723518848419e-04 -3.204963402822613716e-03
8.808816783130168915e-04 -1.265489682555198669e-02
6.812619394622743130e-04 -6.007574032992124557e-03
5.277133313938975334e-04 -3.406999167054891586e-03
5.520945414900779724e-04 -5.833665840327739716e-03
2.824729599524289370e-04 -3.303343430161476135e-03
8.480357355438172817e-04 -1.218139193952083588e-02
4.556384228635579348e-04 -3.641811897978186607e-03
7.267261389642953873e-04 -8.397518657147884369e-03
3.030054736882448196e-03 8.469030261039733887e-03
7.560758967883884907e-04 -8.507879450917243958e-03
4.972788738086819649e-04 -3.613084089010953903e-03
7.368405349552631378e-04 -7.663430646061897278e-03
1.949194585904479027e-03 2.688841661438345909e-03
-5.323876393958926201e-04 -3.209208371117711067e-03
7.291989750228822231e-04 -8.235731162130832672e-03
-6.519066664623096585e-05 -3.059532260522246361e-03
4.167608567513525486e-04 -3.989176824688911438e-03
-2.721506869420409203e-03 -2.625008812174201012e-03
4.240921232849359512e-03 1.397453807294368744e-02
5.527772591449320316e-04 -3.538279095664620399e-03
5.595022230409085751e-04 -3.627206897363066673e-03
-1.389145327266305685e-04 -3.954418003559112549e-03
5.764247616752982140e-04 -4.824486561119556427e-03
9.949818486347794533e-04 -1.594869792461395264e-02
-1.024345351652300451e-06 -2.960843732580542564e-03
6.315449718385934830e-04 -5.325362551957368851e-03
4.954037722200155258e-04 -3.246627748012542725e-03
4.623608198016881943e-03 1.523605640977621078e-02
4.877602041233330965e-04 -6.586606148630380630e-03
5.148194264620542526e-03 1.770327799022197723e-02
3.672369057312607765e-04 -2.741568023338913918e-03
-7.825634628534317017e-02 1.515608374029397964e-02
7.443024078384041786e-04 -7.142638321965932846e-03
5.863830447196960449e-04 -1.158744678832590580e-03
5.988950841128826141e-03 2.264777198433876038e-02
4.885614034719765186e-04 -3.798328107222914696e-03
6.041720509529113770e-03 2.262522280216217041e-02
4.974335315637290478e-04 -5.363105330616235733e-03
6.733588874340057373e-03 2.583088912069797516e-02
6.077072583138942719e-03 2.336012199521064758e-02
-4.130767774768173695e-04 -3.854828653857111931e-03
2.041881438344717026e-03 3.588162129744887352e-03
5.099222762510180473e-04 -3.509992267936468124e-03
-3.986944211646914482e-04 -3.282770514488220215e-03
-8.173330128192901611e-02 1.574192568659782410e-02
6.315009668469429016e-03 2.424150519073009491e-02
4.664665902964770794e-04 -3.584806574508547783e-03
6.370031740516424179e-03 2.428212761878967285e-02
6.547962548211216927e-04 -6.381458137184381485e-03
5.041094846092164516e-04 -3.276327624917030334e-03
4.068242851644754410e-03 1.281262468546628952e-02
8.296304440591484308e-05 -3.469548420980572701e-03
4.409626126289367676e-03 1.525275595486164093e-02
5.629848223179578781e-03 2.111184224486351013e-02
7.482983055524528027e-04 -9.133274666965007782e-03
6.138677708804607391e-04 -4.256663378328084946e-03
3.524847561493515968e-03 1.041180454194545746e-02
1.258083852007985115e-03 1.311850355705246329e-04
-3.220998041797429323e-05 -2.856963314116001129e-03
2.717084134928882122e-04 -3.157648490741848946e-03
5.864352569915354252e-04 -3.638786729425191879e-03
4.218568501528352499e-04 -4.478907678276300430e-03
5.441550165414810181e-04 -3.460189094766974449e-03
4.901416250504553318e-04 -3.630992956459522247e-03
1.734313671477138996e-03 2.310540527105331421e-03
-2.830357407219707966e-04 -3.317871363833546638e-03
1.204857020638883114e-03 -1.812479831278324127e-02
4.861903435084968805e-04 -2.586161484941840172e-03
-5.080476403236389160e-04 -4.379276186227798462e-03
3.537402255460619926e-03 1.053164619952440262e-02
6.540864706039428711e-04 -5.812989082187414169e-03
6.614427082240581512e-03 2.535060420632362366e-02
4.351013922132551670e-04 -3.542869817465543747e-03
5.078590475022792816e-04 -3.672951366752386093e-03
5.166436312720179558e-04 -5.472258664667606354e-03
7.223638822324573994e-04 -6.922110915184020996e-03
7.330782827921211720e-04 -1.045200042426586151e-02
3.759754821658134460e-03 1.206087507307529449e-02
4.793184925802052021e-04 -3.610227722674608231e-03
4.522477975115180016e-04 -2.493896987289190292e-03
-6.783810385968536139e-05 -3.293969668447971344e-03
7.453138823620975018e-04 -7.354022469371557236e-03
3.066452627535909414e-04 -2.869434421882033348e-03
-8.185892552137374878e-02 1.572482660412788391e-02
3.506376175209879875e-03 1.094481162726879120e-02
3.450434014666825533e-04 -3.556670155376195908e-03
5.480628460645675659e-04 -3.881628625094890594e-03
8.010435849428176880e-04 -1.111581828445196152e-02
7.577938376925885677e-04 -7.903152145445346832e-03
4.933899617753922939e-04 -5.381195805966854095e-03
1.010745181702077389e-03 -1.354343537241220474e-02
6.095740245655179024e-04 -4.159729462116956711e-03
4.617327358573675156e-04 -4.128261934965848923e-03
5.692146951332688332e-04 -3.648963291198015213e-03
3.889667859766632318e-04 -3.495993325486779213e-03
3.660568734630942345e-03 1.130232121795415878e-02
6.015297025442123413e-03 2.238407544791698456e-02
5.517886893358081579e-05 -3.200930310413241386e-03
6.167066283524036407e-03 2.340874075889587402e-02
7.585036219097673893e-04 -7.993286475539207458e-03
5.805033724755048752e-04 -6.099509075284004211e-03
6.420214776881039143e-04 -4.195235669612884521e-03
-6.906163180246949196e-04 -3.232145216315984726e-03
4.308148927520960569e-04 -3.813753370195627213e-03
3.272575559094548225e-04 -3.650955390185117722e-03
-7.327898492803797126e-05 -2.875830046832561493e-03
5.549808847717940807e-04 -2.673446200788021088e-03
4.147400904912501574e-04 -3.747055539861321449e-03
4.448616236913949251e-04 -3.514928044751286507e-03
6.719921948388218880e-04 -8.408604189753532410e-03
3.787399909924715757e-04 -3.556740935891866684e-03
1.230068301083520055e-04 -4.052298609167337418e-03
8.100689155980944633e-04 -1.296651177108287811e-02
6.924220942892134190e-04 -7.710749749094247818e-03
7.680546841584146023e-04 -8.016427978873252869e-03
5.661154631525278091e-03 2.090908773243427277e-02
6.270540412515401840e-03 2.396370656788349152e-02
5.443913396447896957e-04 -3.986101597547531128e-03
7.190441829152405262e-04 -6.552579812705516815e-03
7.785516208969056606e-04 -8.767255581915378571e-03
5.358171765692532063e-04 -5.722658708691596985e-03
7.653819047845900059e-04 -1.084440574049949646e-02
7.500703795813024044e-04 -7.260945625603199005e-03
8.776172035140916705e-05 -3.181424690410494804e-03
3.854503447655588388e-04 -3.302666591480374336e-03
7.880254415795207024e-04 -1.088807359337806702e-02
5.783624364994466305e-04 -6.150555796921253204e-03
4.796997178345918655e-03 1.647282950580120087e-02
4.880738852079957724e-04 -5.300798919051885605e-03
5.087038502097129822e-03 1.775853335857391357e-02
6.700200610794126987e-04 -5.974239669740200043e-03
4.118743236176669598e-04 -3.669276600703597069e-03
-1.690296776359900832e-04 -3.954451996833086014e-03
5.217245779931545258e-04 -3.202352905645966530e-03
4.997318028472363949e-04 -3.739875508472323418e-03
6.281115347519516945e-04 -3.315138863399624825e-03
7.972824387252330780e-04 -1.117040961980819702e-02
4.519697977229952812e-04 -3.539777360856533051e-03
4.889282397925853729e-03 1.705659739673137665e-02
7.396159344352781773e-04 -7.208112161606550217e-03
5.472243065014481544e-04 -2.615880221128463745e-03
7.311092340387403965e-04 -7.633864413946866989e-03
4.599728272296488285e-04 -3.637457033619284630e-03
-3.162253706250339746e-04 -4.030826035887002945e-03
4.939789068885147572e-04 -4.285099450498819351e-03
5.495410296134650707e-04 -4.024636000394821167e-03
6.481438758783042431e-04 -6.543237250298261642e-03
7.723753806203603745e-04 -9.046960622072219849e-03
5.073449574410915375e-04 -3.435611026361584663e-03
5.533538642339408398e-04 -4.353685770183801651e-03
-9.254619362764060497e-05 -4.510836675763130188e-03
6.269128527492284775e-03 2.398903295397758484e-02
4.810386744793504477e-04 -3.396531566977500916e-03
5.245507927611470222e-04 -4.083918407559394836e-03
4.959302023053169250e-04 -3.659291891381144524e-03
5.242883227765560150e-03 1.826285012066364288e-02
3.616509726271033287e-03 1.087662018835544586e-02
3.470851515885442495e-04 -4.718856886029243469e-03
-7.343214383581653237e-05 -3.028850303962826729e-03
-2.435812639305368066e-04 -4.301288630813360214e-03
3.243291284888982773e-03 9.789623320102691650e-03
6.036479491740465164e-03 2.311548218131065369e-02
5.268855951726436615e-03 1.848463714122772217e-02
5.411613965407013893e-04 -5.766888614743947983e-03
5.025010905228555202e-04 -4.308408591896295547e-03
6.099989404901862144e-04 -3.957173787057399750e-03
2.720368793234229088e-04 -2.802920993417501450e-03
5.327532417140901089e-04 -3.486162517219781876e-03
-5.163313289813231677e-06 -3.562784520909190178e-03
7.303896709345281124e-04 -1.034832745790481567e-02
9.018748096423223615e-05 -4.116511438041925430e-03
8.665138739161193371e-04 -1.044372469186782837e-02
6.570253754034638405e-04 -6.744038313627243042e-03
5.547751788981258869e-04 -5.446647293865680695e-03
6.238421890884637833e-03 2.391445636749267578e-02
4.800797032658010721e-04 -4.529276397079229355e-03
4.334187251515686512e-04 -3.716322127729654312e-03
7.478790357708930969e-04 -8.361871354281902313e-03
7.799916202202439308e-04 -1.145826745778322220e-02
-7.260186225175857544e-02 1.406167726963758469e-02
4.201011615805327892e-04 -4.689593799412250519e-03
3.447864903137087822e-03 1.064990554004907608e-02
4.485473327804356813e-04 -2.864382928237318993e-03
2.268920798087492585e-04 -3.435432678088545799e-03
5.385165102779865265e-03 1.889254897832870483e-02
1.711045741103589535e-03 2.565885661169886589e-03
1.659029163420200348e-03 1.709428383037447929e-03
2.292035496793687344e-04 -3.617730457335710526e-03
-1.628599420655518770e-04 -3.068222664296627045e-03
8.617728599347174168e-04 -1.003719493746757507e-02
-6.003522139508277178e-05 -2.863024361431598663e-03
5.551145295612514019e-04 -3.987547941505908966e-03
4.898381303064525127e-04 -3.773881122469902039e-03
3.802053106483072042e-04 -3.758412320166826248e-03
6.058926228433847427e-03 2.177072875201702118e-02
4.058023623656481504e-04 -3.203240456059575081e-03
8.361124200746417046e-04 -1.004656869918107986e-02
7.341095479205250740e-04 -7.626767270267009735e-03
1.331527018919587135e-03 1.664613140746951103e-03
7.906914688646793365e-04 -8.918152190744876862e-03
3.712119068950414658e-04 -3.707044990733265877e-03
7.796589634381234646e-04 -1.041916385293006897e-02
1.517259748652577400e-03 4.009012132883071899e-03
7.077425252646207809e-03 2.708426117897033691e-02
7.672213832847774029e-04 -9.896753355860710144e-03
4.750440421048551798e-04 -3.842954523861408234e-03
5.531726405024528503e-03 2.037769369781017303e-02
5.535262171179056168e-03 2.001764252781867981e-02
-1.245521591044962406e-03 -3.202558262273669243e-03
5.503492429852485657e-04 -5.767228081822395325e-03
-1.546877465443685651e-04 -4.188220016658306122e-03
7.748816860839724541e-04 -8.918709121644496918e-03
-1.531809568405151367e-03 -2.932080533355474472e-03
7.356276037171483040e-04 -1.124866865575313568e-02
-1.743733766488730907e-03 -2.977456897497177124e-03
5.880040116608142853e-04 -4.049673676490783691e-03
5.522799328900873661e-04 -3.424875671043992043e-03
4.244184819981455803e-04 -3.354562446475028992e-03
6.218877970241010189e-04 -4.221501760184764862e-03
5.260484758764505386e-04 -5.503076128661632538e-03
-8.020157366991043091e-02 1.547721493989229202e-02
3.560131881386041641e-04 -3.866592189297080040e-03
2.377729164436459541e-03 5.066267680376768112e-03
1.162833767011761665e-03 -1.793527044355869293e-02
5.509397946298122406e-03 2.063155733048915863e-02
-1.267788320546969771e-04 -2.960584359243512154e-03
7.452835561707615852e-04 -7.458254229277372360e-03
4.433162393979728222e-04 -3.678871784359216690e-03
6.564563955180346966e-04 -6.447541993111371994e-03
6.174542359076440334e-04 -3.698484972119331360e-03
7.880367920733988285e-04 -9.765788912773132324e-03
5.190329975448548794e-04 -3.882641904056072235e-03
6.123139173723757267e-04 -4.910690244287252426e-03
5.461411783471703529e-04 -3.851835383102297783e-03
5.359945353120565414e-03 1.912924647331237793e-02
7.597441435791552067e-04 -7.639782037585973740e-03
4.098071367479860783e-04 -3.581200959160923958e-03
6.305758375674486160e-03 2.373508550226688385e-02
4.824757925234735012e-04 -3.297391813248395920e-03
4.582459223456680775e-04 -3.711199620738625526e-03
5.286480300128459930e-04 -4.246741533279418945e-03
6.184361875057220459e-03 2.308613620698451996e-02
7.002773927524685860e-04 -6.815984845161437988e-03
5.061542033217847347e-04 -3.928280435502529144e-03
4.545272386167198420e-04 -3.546470543369650841e-03
3.215930657461285591e-03 9.168172255158424377e-03
4.883130895905196667e-04 -3.877640236169099808e-03
1.537442149128764868e-04 -4.540373571217060089e-03
-1.725514302961528301e-03 -3.074378008022904396e-03
9.398111142218112946e-04 -1.085746474564075470e-02
4.667688161134719849e-03 1.562489382922649384e-02
5.232422146946191788e-03 1.868586428463459015e-02
4.600813554134219885e-04 -3.387571545317769051e-03
4.274229577276855707e-04 -3.446563845500349998e-03
4.618960432708263397e-03 1.566827856004238129e-02
5.989157594740390778e-03 2.260397002100944519e-02
6.460689939558506012e-03 2.454819716513156891e-02
4.634310316760092974e-04 -1.911065075546503067e-03
-1.430225674994289875e-04 -3.055864013731479645e-03
4.900441970676183701e-03 1.708605885505676270e-02
7.003064383752644062e-04 -7.013722788542509079e-03
5.363066447898745537e-04 -4.147587344050407410e-03
4.747170023620128632e-03 1.667454093694686890e-02
7.467382238246500492e-04 -1.200849935412406921e-02
2.172421227442100644e-04 -2.909222384914755821e-03
4.709963686764240265e-04 -3.336574649438261986e-03
3.339853428769856691e-04 -3.389402758330106735e-03
1.624014694243669510e-04 -3.288089763373136520e-03
6.364643573760986328e-03 2.439344860613346100e-02
5.995042156428098679e-04 -4.183745477348566055e-03
4.914242308586835861e-04 -4.880283959209918976e-03
7.656529778614640236e-04 -1.089738961309194565e-02
1.197171164676547050e-03 -1.842636615037918091e-02
-1.849604013841599226e-04 -3.400859422981739044e-03
3.598542185500264168e-03 1.076960749924182892e-02
4.834934370592236519e-04 -3.254145849496126175e-03
4.168191808275878429e-04 -4.808801691979169846e-03
4.780791059602051973e-04 -3.814355004578828812e-03
7.364340708591043949e-04 -7.428280077874660492e-03
4.430820699781179428e-03 1.462794095277786255e-02
6.495840847492218018e-03 2.478281408548355103e-02
4.211026243865489960e-04 -2.914781449362635612e-03
1.288724597543478012e-03 2.115586685249581933e-04
5.183824803680181503e-03 1.864123158156871796e-02
5.232582334429025650e-04 -3.467588452622294426e-03
7.118715438991785049e-04 -1.102884113788604736e-02
8.159285644069314003e-04 -9.065446443855762482e-03
4.212619678582996130e-04 -5.293216556310653687e-03
6.003846065141260624e-04 -4.082012921571731567e-03
-2.163691911846399307e-03 -3.621323266997933388e-03
4.714318783953785896e-04 -3.704753005877137184e-03
3.895736881531774998e-04 -3.630103776231408119e-03
-3.922315590898506343e-05 -2.988947555422782898e-03
4.744861274957656860e-03 1.596927456557750702e-02
6.955700227990746498e-04 -6.565574556589126587e-03
4.947315319441258907e-04 -3.529387060552835464e-03
4.325216286815702915e-05 -3.413175931200385094e-03
5.352330626919865608e-04 -5.542712751775979996e-03
8.136478136293590069e-04 -1.178334094583988190e-02
4.859766922891139984e-03 1.691720820963382721e-02
5.116370739415287971e-04 -2.488850150257349014e-03
8.196827839128673077e-04 -9.160252287983894348e-03
6.346795242279767990e-03 2.427172102034091949e-02
3.341463161632418633e-04 -3.864414524286985397e-03
4.588000592775642872e-04 -3.611692460253834724e-03
-5.971814692020416260e-02 1.020684745162725449e-02
5.566358449868857861e-04 -5.891701672226190567e-03
4.774645203724503517e-04 -3.927894402295351028e-03
5.071737687103450298e-04 -4.045379348099231720e-03
4.724971659015864134e-04 -4.262969829142093658e-03
4.857796884607523680e-04 -5.504885222762823105e-03
5.807965528219938278e-03 2.124854549765586853e-02
7.152209291234612465e-04 -1.012525800615549088e-02
3.532799892127513885e-04 -3.419355489313602448e-03
4.687044769525527954e-03 1.582582481205463409e-02
5.008892039768397808e-04 -5.206621252000331879e-03
3.905105404555797577e-03 1.221418008208274841e-02
5.260588368400931358e-04 -3.257557516917586327e-03
1.852388610132038593e-03 3.984977491199970245e-03
-3.323621740491944365e-06 -2.980030840262770653e-03
4.028031835332512856e-04 -3.605247708037495613e-03
1.138117630034685135e-03 -1.810865849256515503e-02
-1.285615871893242002e-04 -4.173892084509134293e-03
7.689750782446935773e-05 -2.676813397556543350e-03
5.451699253171682358e-04 -5.740531720221042633e-03
1.702922745607793331e-04 -3.298492403700947762e-03
7.829842506907880306e-04 -8.488442748785018921e-03
-8.801406365819275379e-04 -3.089778358116745949e-03
4.342384054325520992e-04 -3.896973561495542526e-03
-1.284524099901318550e-03 -3.320659045130014420e-03
3.851793298963457346e-04 -3.704867092892527580e-03
4.397337790578603745e-03 1.436621788889169693e-02
6.285817362368106842e-04 -4.271628800779581070e-03
5.765986861661076546e-04 -2.348439069464802742e-03
-1.523848157376050949e-03 -2.969999797642230988e-03
5.858466494828462601e-03 2.139419876039028168e-02
7.199918036349117756e-04 -7.353964261710643768e-03
1.679466920904815197e-03 2.170091727748513222e-03
5.013308837078511715e-04 -3.887633327394723892e-03
8.067348389886319637e-04 -8.958509191870689392e-03
2.336147008463740349e-03 4.763183183968067169e-03
5.378291243687272072e-04 -5.695690400898456573e-03
4.125315172132104635e-04 -3.484988119453191757e-03
3.710096643771976233e-05 -2.832978265359997749e-03
6.648800917901098728e-04 -6.106776185333728790e-03
4.404593724757432938e-03 1.534402649849653244e-02
2.427378494758158922e-04 -4.161133896559476852e-03
6.687098648399114609e-04 -6.880441214889287949e-03
5.082274321466684341e-03 1.851193048059940338e-02
4.008438554592430592e-04 -3.552698064595460892e-03
7.790899253450334072e-04 -8.543125353753566742e-03
2.485200297087430954e-03 5.513695068657398224e-03
1.098533277399837971e-03 -1.752716675400733948e-02
4.364108317531645298e-04 -3.465526970103383064e-03
5.324154626578092575e-04 -5.645419936627149582e-03
9.239336941391229630e-05 -3.931188024580478668e-03
3.858029085677117109e-04 -3.621168667450547218e-03
4.722550802398473024e-04 -3.851212793961167336e-03
5.198650760576128960e-04 -3.549290820956230164e-03
7.972281891852617264e-04 -1.888805301859974861e-03
5.391398444771766663e-04 -3.213167190551757812e-03
4.988605505786836147e-04 -5.140708759427070618e-03
8.860660018399357796e-04 -1.005687844008207321e-02
6.358381360769271851e-04 -2.511191880330443382e-03
4.867464303970336914e-04 -3.526473417878150940e-03
5.131490761414170265e-04 -5.449101328849792480e-03
-4.773710970766842365e-04 -3.081698203459382057e-03
4.301175940781831741e-04 -3.219662001356482506e-03
5.141382571309804916e-03 1.837817020714282990e-02
4.203338176012039185e-04 -3.808947047218680382e-03
5.896180868148803711e-03 2.192815020680427551e-02
7.594645139761269093e-04 -1.084840577095746994e-02
7.089148857630789280e-04 -8.015017956495285034e-03
4.471897264011204243e-04 -5.142671521753072739e-03
4.425584920682013035e-04 -3.466373309493064880e-03
4.944698303006589413e-04 -3.629463957622647285e-03
-2.629903319757431746e-04 -3.115189727395772934e-03
3.642684896476566792e-04 -3.166049718856811523e-03
-1.026517420541495085e-04 -4.173830617219209671e-03
2.024916931986808777e-03 3.300341079011559486e-03
7.501071668229997158e-04 -1.091643795371055603e-02
4.451094660907983780e-03 1.483427453786134720e-02
5.132554797455668449e-04 -3.360364120453596115e-03
1.269956002943217754e-03 4.642236453946679831e-04
8.118539699353277683e-04 -8.762390352785587311e-03
7.547572022303938866e-04 -8.399751968681812286e-03
4.682541766669601202e-04 -4.155755974352359772e-03
-5.325984582304954529e-02 8.865124545991420746e-03
7.722082082182168961e-04 -8.610403165221214294e-03
-7.414156571030616760e-03 -1.869749277830123901e-03
6.118218414485454559e-03 2.330172806978225708e-02
6.201246869750320911e-04 -3.900978947058320045e-03
5.902347154915332794e-03 2.153171598911285400e-02
3.676495107356458902e-04 -4.025796893984079361e-03
5.787365604192018509e-03 2.114232815802097321e-02
4.663194704335182905e-04 -3.379976842552423477e-03
4.913543816655874252e-04 -5.384788848459720612e-03
5.239762249402701855e-04 -5.304314661771059036e-03
4.590496420860290527e-03 1.596261374652385712e-02
4.310167278163135052e-04 -4.023111891001462936e-03
5.318864132277667522e-04 -3.722985740751028061e-03
-8.830751175992190838e-04 -2.981077181175351143e-03
5.857762880623340607e-04 -2.049474045634269714e-03
7.692390354350209236e-04 -1.003090571612119675e-02
5.098408437334001064e-04 -3.379331436008214951e-03
6.905659683980047703e-04 -7.069502025842666626e-03
6.627976894378662109e-03 2.535910531878471375e-02
-3.074412525165826082e-04 -4.250088706612586975e-03
3.367628669366240501e-03 9.655440226197242737e-03
9.201368666253983974e-04 -1.473163254559040070e-02
5.271877162158489227e-04 -4.630562383681535721e-03
2.849335316568613052e-03 5.322992801666259766e-03
5.313650472089648247e-04 -3.585864091292023659e-03
-1.302221789956092834e-03 -3.275506664067506790e-03
4.614111676346510649e-04 -4.935837350785732269e-03
4.133887123316526413e-04 -3.348499303683638573e-03
-8.702545892447233200e-05 -2.853865269571542740e-03
1.029612845741212368e-03 -1.479348074644804001e-02
-4.868544929195195436e-04 -3.037232439965009689e-03
5.878026131540536880e-04 -4.264764487743377686e-03
5.909885512664914131e-04 -4.251449834555387497e-03
6.760073360055685043e-03 2.591708488762378693e-02
5.051166517660021782e-04 -3.605133853852748871e-03
5.871216300874948502e-03 2.196218259632587433e-02
6.554866209626197815e-03 2.485634200274944305e-02
-5.576941184699535370e-04 -3.781660227105021477e-03
4.021543718408793211e-04 -4.663338419049978256e-03
5.934995715506374836e-04 -3.596924943849444389e-03
5.158454878255724907e-04 -3.763971850275993347e-03
6.613860023207962513e-04 -2.081207232549786568e-03
7.088839192874729633e-04 -8.299465291202068329e-03
5.165055044926702976e-04 -4.128335509449243546e-03
-1.238230615854263306e-03 -3.464700188487768173e-03
-8.462499827146530151e-04 -3.164545400068163872e-03
2.341563580557703972e-03 4.848946817219257355e-03
5.416187923401594162e-03 1.923487707972526550e-02
3.797024255618453026e-04 -3.750172210857272148e-03
3.825972089543938637e-03 1.141486875712871552e-02
3.800396807491779327e-04 -2.596337813884019852e-03
5.582389421761035919e-04 -4.104167688637971878e-03
4.535536281764507294e-04 -3.950288053601980209e-03
7.337323040701448917e-04 -1.046031806617975235e-02
5.435493076220154762e-04 -3.590681357309222221e-03
4.487193946260958910e-04 -3.612363012507557869e-03
5.185955087654292583e-04 -3.527671098709106445e-03
4.502636147662997246e-04 -3.650316502898931503e-03
-4.630284383893013000e-04 -4.021639470010995865e-03
5.415154737420380116e-04 -3.763245418667793274e-03
6.223504897207021713e-03 2.345390804111957550e-02
5.143853835761547089e-03 1.736992783844470978e-02
6.031343713402748108e-03 2.322206273674964905e-02
3.913093358278274536e-03 1.230899710208177567e-02
5.673113046213984489e-04 -3.874705871567130089e-03
7.607640000060200691e-04 -1.092771161347627640e-02
4.131897876504808664e-04 -3.852423047646880150e-03
7.074273307807743549e-04 -6.780978292226791382e-03
4.662159481085836887e-04 -3.234552452340722084e-03
3.780472034122794867e-04 -3.503842977806925774e-03
4.087162378709763288e-04 -3.059361362829804420e-03
5.810780567117035389e-04 -5.932739935815334320e-03
7.236465462483465672e-04 -6.809661630541086197e-03
5.094147636555135250e-04 -5.420907400548458099e-03
5.496070254594087601e-03 1.970778219401836395e-02
6.341588683426380157e-03 2.394565008580684662e-02
-7.839803001843392849e-04 -3.153038676828145981e-03
5.456950166262686253e-04 -2.944229403510689735e-03
4.034151323139667511e-03 1.284051034599542618e-02
4.639865364879369736e-04 -3.769124392420053482e-03
7.199341780506074429e-04 -2.881372114643454552e-03
4.765164339914917946e-04 -4.675732459872961044e-03
6.174464244395494461e-03 2.360397763550281525e-02
4.939681966789066792e-04 -3.863367484882473946e-03
5.157575360499322414e-04 -3.184556495398283005e-03
-8.900506794452667236e-02 1.726180315017700195e-02
3.217896446585655212e-04 -3.641082206740975380e-03
3.129413817077875137e-03 5.826853215694427490e-03
4.461712669581174850e-03 1.559104491025209427e-02
-1.487010158598423004e-04 -3.094682935625314713e-03
5.400141235440969467e-04 -3.949818667024374008e-03
5.339067429304122925e-04 -4.092817194759845734e-03
4.497578775044530630e-04 -3.346771700307726860e-03
-1.194262178614735603e-03 -4.655120894312858582e-03
5.529975169338285923e-04 -3.551486879587173462e-03
8.380212821066379547e-04 -1.262521557509899139e-02
5.270146066322922707e-04 -5.565409082919359207e-03
7.932389271445572376e-04 -1.156123168766498566e-02
5.712559912353754044e-03 2.068128436803817749e-02
6.071053212508559227e-04 -5.894738249480724335e-03
3.987651783972978592e-03 1.214205008000135422e-02
2.892081975005567074e-04 -3.024413017556071281e-03
2.561317523941397667e-03 5.997917149215936661e-03
5.888827145099639893e-03 2.147328853607177734e-02
8.111195056699216366e-04 -9.765147231519222260e-03
1.025924924761056900e-03 -1.380709093064069748e-02
4.943550447933375835e-04 -3.766363952308893204e-03
6.229734048247337341e-03 2.328268066048622131e-02
4.440504708327353001e-04 -4.124810919165611267e-03
1.674997503869235516e-03 1.956895226612687111e-03
1.280468539334833622e-03 -2.001840248703956604e-02
4.601855762302875519e-03 1.552566885948181152e-02
3.359766444191336632e-03 1.047410350292921066e-02
5.923623219132423401e-03 2.212373912334442139e-02
4.958360805176198483e-04 -3.549913875758647919e-03
4.138508229516446590e-04 -3.525390522554516792e-03
-6.008830666542053223e-02 1.029888819903135300e-02
5.176154663786292076e-04 -5.408107303082942963e-03
4.635726509150117636e-04 -2.874263562262058258e-03
6.303198169916868210e-03 2.416578680276870728e-02
5.751225166022777557e-03 2.197533287107944489e-02
-2.009645832004025578e-04 -2.900977153331041336e-03
4.334144759923219681e-04 -3.842007601633667946e-03
6.485300604254007339e-03 2.478330582380294800e-02
-7.030038250377401710e-05 -3.074173582717776299e-03
4.676622920669615269e-04 -3.202204359695315361e-03
6.268982542678713799e-04 -6.343256682157516479e-03
3.641000366769731045e-04 -3.549291985109448433e-03
5.120552959851920605e-04 -3.499993123114109039e-03
6.581996101886034012e-03 2.514390833675861359e-02
5.720228655263781548e-04 -5.308526568114757538e-03
-3.867395862471312284e-04 -3.923082724213600159e-03
7.916914764791727066e-04 -9.528532624244689941e-03
7.773887482471764088e-04 -8.501523174345493317e-03
2.894561039283871651e-03 5.308532156050205231e-03
-3.056547138839960098e-03 -2.893179887905716896e-03
6.318653933703899384e-03 2.382854558527469635e-02
4.653721116483211517e-04 -2.991719404235482216e-03
3.006772138178348541e-03 8.401563391089439392e-03
5.400815047323703766e-03 1.990169845521450043e-02
3.983322065323591232e-03 1.270899735391139984e-02
4.786029167007654905e-04 -3.140317043289542198e-03
1.762390369549393654e-03 2.519832924008369446e-03
5.062147974967956543e-04 -3.540225559845566750e-03
-3.717254439834505320e-04 -3.200274892151355743e-03
3.477420541457831860e-04 -3.299294505268335342e-03
1.312461099587380886e-04 -2.549243858084082603e-03
8.792963344603776932e-04 -1.042648497968912125e-02
4.544921685010194778e-04 -3.286397550255060196e-03
7.318433490581810474e-04 -1.028747949749231339e-02
5.524627631530165672e-04 -3.610696643590927124e-03
4.678177356254309416e-04 -3.822241909801959991e-03
2.814256295096129179e-04 -3.195454832166433334e-03
5.838592187501490116e-04 -3.512308467179536819e-03
7.963428506627678871e-04 -1.181328203529119492e-02
4.856732557527720928e-04 -3.661433234810829163e-03
3.514389682095497847e-04 -4.592522047460079193e-03
3.392366052139550447e-04 -2.834155457094311714e-03
7.640526746399700642e-04 -9.441826492547988892e-03
-1.760133309289813042e-03 -2.941782120615243912e-03
3.182602813467383385e-03 9.372660890221595764e-03
4.252664744853973389e-03 1.400972716510295868e-02
4.494828172028064728e-04 -5.074856337159872055e-03
6.143758073449134827e-04 -4.026506561785936356e-03
4.772922489792108536e-03 1.657043769955635071e-02
3.474212426226586103e-04 -2.739869989454746246e-03
7.806879584677517414e-04 -1.102029532194137573e-02
6.337872473523020744e-04 -3.199762431904673576e-03
5.239917663857340813e-04 -4.253344144672155380e-03
-3.960717585869133472e-04 -2.998124109581112862e-03
-8.546909666620194912e-04 -2.969102934002876282e-03
-3.678701468743383884e-04 -4.090073052793741226e-03
5.762108485214412212e-04 -3.879943862557411194e-03
-8.131105452775955200e-02 1.569322682917118073e-02
2.829464756359811872e-05 -4.100995603948831558e-03
5.043745040893554688e-04 -4.139258526265621185e-03
5.354885361157357693e-04 -5.520505364984273911e-03
1.923766249092295766e-04 -3.927148878574371338e-03
3.817028773482888937e-04 -3.383331466466188431e-03
4.141421522945165634e-04 -3.867065068334341049e-03
6.599262269446626306e-05 -3.349363105371594429e-03
-9.369075996801257133e-04 -3.344999160617589951e-03
5.262133199721574783e-04 -5.459843669086694717e-03
3.059993963688611984e-03 8.690321817994117737e-03
3.145611844956874847e-03 8.837079629302024841e-03
5.487900925800204277e-04 -5.582998041063547134e-03
1.431090495316311717e-04 -3.122232388705015182e-03
4.995600320398807526e-04 -6.256739143282175064e-03
4.000990884378552437e-04 -4.684864077717065811e-03
1.283409539610147476e-03 -2.003405801951885223e-02
7.590182940475642681e-04 -1.011720951646566391e-02
1.182275373139418662e-04 -2.952640177682042122e-03
-8.398328209295868874e-04 -3.189328126609325409e-03
8.452159818261861801e-04 -9.813833050429821014e-03
5.587514024227857590e-04 -3.621155861765146255e-03
7.648563478142023087e-04 -8.158325217664241791e-04
6.520022172480821609e-03 2.452917397022247314e-02
7.615496288053691387e-04 -1.082456018775701523e-02
4.600584041327238083e-03 1.584705896675586700e-02
5.576653638854622841e-04 -5.935945548117160797e-03
6.482550408691167831e-03 2.485204301774501801e-02
8.469918975606560707e-04 -1.129370741546154022e-02
7.896095048636198044e-04 -8.779058232903480530e-03
5.921345436945557594e-04 -6.316837389022111893e-03
3.672077320516109467e-03 1.088522933423519135e-02
6.906769704073667526e-04 -6.551275961101055145e-03
5.892554763704538345e-03 2.205167897045612335e-02
6.116445874795317650e-04 -3.724382026121020317e-03
3.468432463705539703e-03 1.053932122886180878e-02
6.611998542211949825e-04 -5.934443790465593338e-03
6.083772052079439163e-03 2.313098497688770294e-02
4.164178972132503986e-04 -4.647386725991964340e-03
6.585728842765092850e-03 2.510966919362545013e-02
5.622044671326875687e-03 2.105883508920669556e-02
5.443413974717259407e-04 -4.201885312795639038e-03
2.638864389155060053e-04 -3.985602874308824539e-03
5.536402459256350994e-04 -3.931256942451000214e-03
3.744681016542017460e-04 -3.558216616511344910e-03
4.148916807025671005e-03 1.357792504131793976e-02
1.140307285822927952e-04 -4.724486265331506729e-03
-9.000806510448455811e-02 1.745684631168842316e-02
5.703332863049581647e-05 -3.190636169165372849e-03
3.643581003416329622e-04 -3.160668071359395981e-03
1.766483183018863201e-03 1.975512597709894180e-03
3.702546237036585808e-04 -1.935792854055762291e-03
3.359444672241806984e-03 1.061573717743158340e-02
5.311876884661614895e-04 -5.643357522785663605e-03
7.602162077091634274e-04 -9.680661372840404510e-03
5.478734965436160564e-04 -5.765719804912805557e-03
6.806233432143926620e-04 -6.611232645809650421e-03
4.040140658617019653e-03 1.306951325386762619e-02
1.947192824445664883e-03 2.857108367606997490e-03
-7.298832060769200325e-04 -3.301423043012619019e-03
-3.187177298968890682e-06 -3.006310202181339264e-03
6.800019182264804840e-04 -6.707462947815656662e-03
-1.857733150245621800e-04 -3.804007079452276230e-03
2.881563035771250725e-03 5.352256353944540024e-03
-2.710241242311894894e-04 -3.256196388974785805e-03
-7.628884632140398026e-04 -3.310325322672724724e-03
2.332621952518820763e-03 4.374038893729448318e-03
4.018842242658138275e-03 1.259492803364992142e-02
6.299382657743990421e-04 -3.787323134019970894e-03
7.973267347551882267e-04 -1.019351091235876083e-02
5.225677741691470146e-04 -3.403474343940615654e-03
6.596931256353855133e-03 2.513560093939304352e-02
7.645284058526158333e-04 -7.954377681016921997e-03
5.263123195618391037e-03 1.836743950843811035e-02
4.551320453174412251e-04 -3.608210477977991104e-03
5.787755828350782394e-03 2.181282453238964081e-02
5.757082253694534302e-03 2.128372900187969208e-02
1.630974729778245091e-04 -3.780581057071685791e-03
6.254360778257250786e-04 -4.972098395228385925e-03
6.430532084777951241e-05 -3.109117737039923668e-03
4.555184859782457352e-04 -3.366028424352407455e-03
3.584784280974417925e-04 -4.002039786428213120e-03
8.153592352755367756e-04 -9.449034929275512695e-03
1.289841369725763798e-03 -2.017741277813911438e-02
5.698319291695952415e-04 -3.502383595332503319e-03
4.810687678400427103e-04 -3.537079552188515663e-03
5.638929433189332485e-04 -3.299659816548228264e-03
4.539714427664875984e-04 -2.844443544745445251e-03
4.445248632691800594e-04 -3.603681223466992378e-03
5.440774257294833660e-04 -3.999420907348394394e-03
5.153585225343704224e-03 1.754825748503208160e-02
7.810996030457317829e-04 -8.701548911631107330e-03
2.404388505965471268e-03 4.994633141905069351e-03
7.391368271782994270e-04 -8.308082818984985352e-03
-8.626735652796924114e-04 -3.031871048733592033e-03
-2.767595287878066301e-04 -4.158987198024988174e-03
1.193669624626636505e-03 -1.768336072564125061e-02
4.750604275614023209e-04 -3.811949864029884338e-03
4.121759557165205479e-04 -3.796799108386039734e-03
-5.339882918633520603e-04 -3.065869910642504692e-03
6.262553506530821323e-04 -3.942785318940877914e-03
4.871703858952969313e-04 -3.458435181528329849e-03
5.270732799544930458e-04 -5.590706132352352142e-03
2.613649237900972366e-03 6.700033787637948990e-03
5.259413737803697586e-04 -3.732127137482166290e-03
8.095859084278345108e-04 -1.175528392195701599e-02
3.456129925325512886e-04 -3.357806941494345665e-03
4.637255333364009857e-03 1.562995649874210358e-02
4.307210911065340042e-03 1.425317209213972092e-02
8.406458800891414285e-05 -3.190405666828155518e-03
2.788059646263718605e-04 -2.860408741980791092e-03
4.973070463165640831e-04 -5.172503646463155746e-03
-7.171805016696453094e-03 -2.389998175203800201e-03
-9.039308875799179077e-02 1.752961985766887665e-02
8.860674570314586163e-04 -1.299398578703403473e-02
5.796431796625256538e-04 -5.954512860625982285e-03
4.963203100487589836e-04 -3.440103260800242424e-03
7.468356052413582802e-04 -8.393811061978340149e-03
5.969484336674213409e-04 -3.855473594740033150e-03
3.565999795682728291e-04 -2.430011052638292313e-03
6.102599436417222023e-04 -3.470752155408263206e-03
7.412132690660655499e-04 -8.556589484214782715e-03
3.891092259436845779e-03 1.239445246756076813e-02
4.678886616602540016e-04 -3.266039770096540451e-03
-1.116884988732635975e-03 -4.356089513748884201e-03
4.791065875906497240e-04 -3.705729264765977859e-03
3.856298746541142464e-03 1.229037996381521225e-02
8.204174228012561798e-04 -9.407327510416507721e-03
-3.027250641025602818e-04 -3.454501740634441376e-03
6.588666699826717377e-03 2.527025155723094940e-02
-1.777276745997369289e-03 -3.024326637387275696e-03
4.519210779108107090e-04 -4.248342011123895645e-03
7.656586822122335434e-04 -1.129418332129716873e-02
4.988638102076947689e-04 -5.203005392104387283e-03
3.535762662068009377e-04 -2.565902424976229668e-03
4.499649221543222666e-04 -2.950765192508697510e-03
5.293807946145534515e-03 1.895831711590290070e-02
7.326652994379401207e-04 -1.988983014598488808e-03
7.790389936417341232e-04 -9.733514860272407532e-03
-9.909491927828639746e-05 -3.474763128906488419e-03
5.812544841319322586e-04 -4.012805409729480743e-03
7.205446599982678890e-04 -2.672304399311542511e-03
5.068921600468456745e-04 -3.042993601411581039e-03
7.736071711406111717e-04 -9.624180383980274200e-03
1.407518138876184821e-04 -3.022378077730536461e-03
4.120746452827006578e-04 -3.801688086241483688e-03
8.097454556263983250e-04 -1.181796193122863770e-02
2.048197900876402855e-03 3.570499829947948456e-03
7.386186916846781969e-05 -3.169727278873324394e-03
-7.926554977893829346e-02 1.512535288929939270e-02
5.745529197156429291e-03 2.090624719858169556e-02
3.041159827262163162e-03 7.903036661446094513e-03
5.641124444082379341e-04 -3.965776879340410233e-03
4.290592332836240530e-04 -4.987454973161220551e-03
4.549071018118411303e-04 -4.261133261024951935e-03
7.358641596511006355e-04 -1.065216399729251862e-02
3.320272662676870823e-04 -3.305471269413828850e-03
-1.217434983118437231e-04 -2.980401040986180305e-03
2.066833898425102234e-03 3.950456622987985611e-03
-3.669912694022059441e-04 -4.225516691803932190e-03
6.209810730069875717e-03 2.368999086320400238e-02
5.023630335927009583e-03 1.731478981673717499e-02
4.524271935224533081e-04 -5.066068377345800400e-03
-4.998237127438187599e-04 -3.161322325468063354e-03
1.163724737125448883e-04 -2.833582228049635887e-03
7.940481882542371750e-04 -9.108670987188816071e-03
7.529427530243992805e-04 -1.058083586394786835e-02
4.722207959275692701e-04 -3.590845270082354546e-03
6.576447631232440472e-04 -6.265296600759029388e-03
-8.507290040142834187e-04 -5.622601136565208435e-03
7.527935667894780636e-04 -8.338526822626590729e-03
3.657199908047914505e-03 1.156812347471714020e-02
5.039939424023032188e-04 -3.262890735641121864e-03
5.208889488130807877e-04 -3.997463267296552658e-03
4.338573198765516281e-03 1.429616287350654602e-02
4.639727529138326645e-03 1.588478870689868927e-02
5.934191402047872543e-03 2.226088009774684906e-02
3.877222072333097458e-03 1.222617644816637039e-02
5.540051031857728958e-03 2.043292298913002014e-02
6.640036008320748806e-04 -6.594415754079818726e-03
1.458675706089707091e-05 -2.804604358971118927e-03
5.943967960774898529e-03 2.284121699631214142e-02
5.420718807727098465e-04 -5.728298332542181015e-03
-1.794258241716306657e-05 -3.965537529438734055e-03
6.405338062904775143e-04 -2.772846026346087456e-03
6.534663029015064240e-03 2.504189684987068176e-02
5.860992241650819778e-04 -3.891294123604893684e-03
2.185622870456427336e-04 -4.335871897637844086e-03
5.677560693584382534e-04 -3.012697445228695869e-03
4.864717484451830387e-04 -2.660511527210474014e-03
9.876034455373883247e-04 -1.360755041241645813e-02
3.637634217739105225e-04 -3.536790609359741211e-03
5.542351864278316498e-04 -3.926361445337533951e-03
2.318255865247920156e-04 -2.855914877727627754e-03
4.902330692857503891e-04 -3.118805587291717529e-03
4.968175780959427357e-04 -4.997557960450649261e-03
4.469506966415792704e-04 -4.863851703703403473e-03
6.223168456926941872e-04 -5.105230957269668579e-03
4.955524927936494350e-04 -3.995631821453571320e-03
4.724123864434659481e-04 -3.664761316031217575e-03
-1.003327430225908756e-03 -3.096625441685318947e-03
5.225166678428649902e-04 -3.739722073078155518e-03
7.065208628773689270e-04 -7.091465871781110764e-03
4.482180520426481962e-04 -3.630521707236766815e-03
5.037396331317722797e-04 -5.239605903625488281e-03
3.101790323853492737e-03 8.195290341973304749e-03
5.644129705615341663e-04 -3.860698081552982330e-03
-1.011849846690893173e-03 -3.945347387343645096e-03
4.913168959319591522e-04 -3.999654203653335571e-03
5.929974839091300964e-03 2.213012613356113434e-02
5.875011556781828403e-04 -4.152054898440837860e-03
1.954837644007056952e-04 -3.680831985548138618e-03
4.581455432344228029e-04 -4.089585039764642715e-03
3.632335283327847719e-04 -3.778970800340175629e-03
4.370181355625391006e-03 1.433520577847957611e-02
2.576936676632612944e-04 -2.982310950756072998e-03
-7.351626436502556317e-07 -3.701747627928853035e-03
4.024255089461803436e-03 1.267909631133079529e-02
-1.703329326119273901e-04 -3.463800530880689621e-03
-5.639255791902542114e-02 9.165410883724689484e-03
5.666029755957424641e-04 -2.406206680461764336e-03
5.106001626700162888e-04 -5.130442790687084198e-03
7.622120901942253113e-04 -7.735437713563442230e-03
-8.285625278949737549e-02 1.603333838284015656e-02
-8.810139261186122894e-04 -3.061753930523991585e-03
5.957441753707826138e-04 -1.766212750226259232e-03
6.164034828543663025e-03 2.350356988608837128e-02
6.424814928323030472e-03 2.470416203141212463e-02
7.575579802505671978e-04 -1.097424607723951340e-02
3.878900897689163685e-04 -3.511745715513825417e-03
5.535363219678401947e-03 2.020568959414958954e-02
5.495114019140601158e-04 -4.109174478799104691e-03
5.798126803711056709e-04 -3.784284228459000587e-03
5.067284801043570042e-04 -3.697858657687902451e-03
6.185763049870729446e-03 2.352399006485939026e-02
7.629166357219219208e-04 -1.145675778388977051e-02
-4.442247562110424042e-03 -3.273255424574017525e-03
6.473149405792355537e-04 -2.361002610996365547e-03
5.777645390480756760e-03 2.206954732537269592e-02
5.561035592108964920e-03 2.106906473636627197e-02
4.846264491789042950e-04 -3.935259301215410233e-03
-1.076884727808646858e-04 -3.186843125149607658e-03
4.968759603798389435e-04 -3.235365264117717743e-03
7.556545897386968136e-04 -7.440546993166208267e-03
4.527223063632845879e-04 -3.310319036245346069e-03
6.551138358190655708e-04 -6.470394320785999298e-03
6.018912536092102528e-04 -2.923753112554550171e-03
1.036518719047307968e-03 -1.477076299488544464e-02
6.079826503992080688e-03 2.222441695630550385e-02
5.586495390161871910e-04 -3.323863726109266281e-03
1.208991627208888531e-03 -1.825446449220180511e-02
6.609282456338405609e-03 2.515846490859985352e-02
4.455758607946336269e-04 -3.488167654722929001e-03
5.363280070014297962e-04 -3.498374484479427338e-03
8.370312280021607876e-04 -9.638420306146144867e-03
7.871928391978144646e-04 -1.199960522353649139e-02
5.396993830800056458e-03 1.966967247426509857e-02
7.765944465063512325e-04 -7.973644882440567017e-03
6.019865977577865124e-04 -6.407107226550579071e-03
-4.062462903675623238e-05 -3.277012147009372711e-03
-6.874635582789778709e-04 -3.322009230032563210e-03
-7.733802776783704758e-04 -2.992286812514066696e-03
1.194618380395695567e-04 -2.928541274741292000e-03
6.414005765691399574e-04 -4.834542982280254364e-03
6.170991691760718822e-04 -3.890679683536291122e-03
5.668277153745293617e-04 -6.048498675227165222e-03
5.151290679350495338e-04 -2.697124844416975975e-03
8.634793921373784542e-04 -1.273233443498611450e-02
4.541956586763262749e-04 -1.896636094897985458e-03
-3.169083211105316877e-04 -4.044597037136554718e-03
3.797402314376085997e-04 -3.754381323233246803e-03
3.182596410624682903e-04 -3.340813331305980682e-03
5.374830798245966434e-04 -4.861298948526382446e-03
1.372076221741735935e-03 5.154449027031660080e-04
7.197555387392640114e-04 -6.315928883850574493e-03
3.335180459544062614e-03 9.674096480011940002e-03
7.450431003235280514e-04 -8.725140243768692017e-03
-6.067673675715923309e-04 -3.171145217493176460e-03
-3.888767969328910112e-05 -3.494678065180778503e-03
4.145269049331545830e-04 -3.958190325647592545e-03
5.401323433034121990e-04 -5.732725374400615692e-03
4.538626235444098711e-04 -3.427690127864480019e-03
3.054291242733597755e-03 5.696510896086692810e-03
9.645846148487180471e-05 -3.421150380745530128e-03
6.807143799960613251e-03 2.620244771242141724e-02
3.913946275133639574e-04 -3.831537673249840736e-03
6.392301991581916809e-03 2.448117733001708984e-02
5.910108448006212711e-04 -4.480103030800819397e-03
2.879377861972898245e-04 -2.485540462657809258e-03
4.178297705948352814e-03 1.394493225961923599e-02
5.147168412804603577e-04 -5.445719230920076370e-03
8.139902492985129356e-04 -9.378642775118350983e-03
4.823064664378762245e-04 -3.406887408345937729e-03
4.778298083692789078e-03 1.669734343886375427e-02
3.821580903604626656e-04 -3.585005179047584534e-03
8.293036371469497681e-04 -9.103965945541858673e-03
4.490867140702903271e-04 -3.093081293627619743e-03
7.294651004485785961e-04 -8.337092585861682892e-03
3.133810532744973898e-04 -3.741054330021142960e-03
5.338132614269852638e-04 -3.897648770362138748e-03
7.799857412464916706e-04 -8.714346215128898621e-03
3.981649409979581833e-03 1.290561445057392120e-02
4.817142325919121504e-04 -3.659274661913514137e-03
4.078725178260356188e-04 -4.843827337026596069e-03
5.120733403600752354e-04 -4.047761205583810806e-03
-5.367351695895195007e-04 -4.159078933298587799e-03
6.383786909282207489e-03 2.448890730738639832e-02
3.932442050427198410e-04 -3.981547895818948746e-03
2.471315965522080660e-04 -2.774036256596446037e-03
4.130251763854175806e-04 -3.853522473946213722e-03
4.298186977393925190e-04 -4.823996685445308685e-03
7.807015208527445793e-04 -9.232713840901851654e-03
-8.158578420989215374e-04 -3.001802833750844002e-03
7.458203472197055817e-04 -8.606221526861190796e-03
1.191940857097506523e-03 -1.827589422464370728e-02
6.205526180565357208e-03 2.328997477889060974e-02
8.588751661591231823e-04 -1.025985646992921829e-02
1.526307081803679466e-03 1.253081019967794418e-03
6.270929705351591110e-03 2.391592599451541901e-02
6.219996139407157898e-03 2.382338792085647583e-02
5.043234559707343578e-04 -5.395826883614063263e-03
1.856860821135342121e-03 2.829498378559947014e-03
3.630092251114547253e-04 -3.382547991350293159e-03
5.187889910303056240e-04 -5.481055472046136856e-03
1.985831419005990028e-03 3.073646454140543938e-03
5.618386203423142433e-04 -5.994051229208707809e-03
7.104234537109732628e-04 -2.725614933297038078e-03
7.649635663256049156e-04 -8.443945087492465973e-03
4.447387182153761387e-04 -2.461210591718554497e-03
6.500090938061475754e-03 2.494850941002368927e-02
8.317942265421152115e-04 -1.072582416236400604e-02
5.054697394371032715e-04 -4.058928694576025009e-03
5.265124491415917873e-04 -4.231121391057968140e-03
4.049100447446107864e-03 1.274244673550128937e-02
4.847629927098751068e-03 1.652559079229831696e-02
8.183930767700076103e-04 -1.191920321434736252e-02
5.931670311838388443e-03 2.203054539859294891e-02
7.230916526168584824e-04 -7.295083254575729370e-03
1.835211180150508881e-03 2.346500987187027931e-03
5.355775356292724609e-04 -2.920776605606079102e-03
4.830229154322296381e-04 -3.815909614786505699e-03
4.940846338286064565e-05 -4.215838387608528137e-03
4.477596667129546404e-04 -4.062069114297628403e-03
4.656144301407039165e-04 -4.786345176398754120e-03
6.627775146625936031e-04 -5.279927048832178116e-03
4.809360485523939133e-03 1.639012992382049561e-02
4.996626521460711956e-04 -4.091037437319755554e-03
6.492680404335260391e-03 2.432416006922721863e-02
4.412744019646197557e-04 -3.569711931049823761e-03
-4.118380311410874128e-04 -3.102221526205539703e-03
6.082282867282629013e-03 2.249918691813945770e-02
-1.424980722367763519e-02 -4.297376726754009724e-04
3.558360971510410309e-03 1.062480546534061432e-02
4.944388056173920631e-04 -3.543257014825940132e-03
5.115420790389180183e-04 -3.817578312009572983e-03
7.300269207917153835e-04 -6.540088914334774017e-03
-2.607589412946254015e-04 -2.907798858359456062e-03
2.720506628975272179e-03 5.010073073208332062e-03
4.616262449417263269e-04 -3.860489698126912117e-03
5.987248849123716354e-03 2.173213474452495575e-02
5.198493599891662598e-03 1.807626895606517792e-02
3.839475801214575768e-03 1.225911546498537064e-02
7.571320747956633568e-04 -8.478838950395584106e-03
5.454851780086755753e-04 -3.960474859923124313e-03
5.332067376002669334e-04 -3.509939648211002350e-03
-7.246281602419912815e-04 -2.764724427834153175e-03
4.882794339209794998e-03 1.705200038850307465e-02
3.696656203828752041e-04 -3.748669521883130074e-03
4.659625119529664516e-04 -3.606505692005157471e-03
4.167153674643486738e-04 -3.809293499216437340e-03
5.312713328748941422e-03 1.915064267814159393e-02
6.252277526073157787e-04 -4.255954641848802567e-03
4.489493148867040873e-04 -3.513125004246830940e-03
-7.847892493009567261e-02 1.521151792258024216e-02
6.118361372500658035e-03 2.278701402246952057e-02
5.102958530187606812e-03 1.818774454295635223e-02
6.328792311251163483e-03 2.414545416831970215e-02
4.496350884437561035e-03 1.551050040870904922e-02
-5.346866324543952942e-02 9.007495827972888947e-03
5.803703330457210541e-03 2.174072712659835815e-02
2.464852877892553806e-04 -2.763824304565787315e-03
5.070406477898359299e-03 1.780740916728973389e-02
4.595102800521999598e-04 -3.331565763801336288e-03
-2.880824904423207045e-04 -3.576351562514901161e-03
3.159809566568583250e-04 -3.336693625897169113e-03
5.329471896402537823e-04 -5.677608773112297058e-03
5.171041702851653099e-04 -4.116564989089965820e-03
5.038488307036459446e-04 -5.276832263916730881e-03
4.905077512376010418e-04 -3.774472279474139214e-03
9.549679234623908997e-04 -1.248154230415821075e-02
3.747020673472434282e-04 -3.644685959443449974e-03
5.584704340435564518e-04 -3.587670391425490379e-03
5.458642845042049885e-04 -5.711043719202280045e-03
6.238505244255065918e-03 2.266076207160949707e-02
5.295895389281213284e-04 -5.552286282181739807e-03
-1.553090987727046013e-04 -3.098478075116872787e-03
5.815094336867332458e-04 -3.975912462919950485e-03
7.893113652244210243e-04 -7.962360978126525879e-03
6.722773541696369648e-04 -4.438833799213171005e-03
7.770491065457463264e-04 -8.699327707290649414e-03
5.314255831763148308e-04 -5.480220075696706772e-03
4.694622941315174103e-03 1.586074382066726685e-02
-1.988557196455076337e-04 -3.368144854903221130e-03
7.398246671073138714e-04 -9.533553384244441986e-03
4.496656358242034912e-03 1.523194648325443268e-02
4.625273577403277159e-04 -3.640111070126295090e-03
4.546460113488137722e-04 -3.586026607081294060e-03
5.685669602826237679e-04 -4.570698365569114685e-03
7.100616930983960629e-04 -9.772976860404014587e-03
4.774837289005517960e-04 -3.881763201206922531e-03
3.692066238727420568e-04 -4.021573811769485474e-03
4.755948903039097786e-04 -5.159278865903615952e-03
4.616595106199383736e-04 -5.010625813156366348e-03
1.560439821332693100e-03 2.689517568796873093e-03
5.516920355148613453e-04 -3.129657357931137085e-03
4.707690968643873930e-04 -2.750074956566095352e-03
4.288342606741935015e-04 -3.845120780169963837e-03
5.537278484553098679e-04 -4.087943583726882935e-03
1.699425862170755863e-03 2.017202321439981461e-03
1.606018398888409138e-03 1.707083894871175289e-03
6.122696213424205780e-04 -4.422700032591819763e-03
1.932852173922583461e-04 -3.326324513182044029e-03
-5.020310729742050171e-02 8.618952706456184387e-03
4.882003180682659149e-03 1.695641689002513885e-02
4.017508472315967083e-04 -3.886219114065170288e-03
4.636630415916442871e-03 1.526419352740049362e-02
3.202918218448758125e-03 9.264802560210227966e-03
1.187233487144112587e-03 2.210264792665839195e-04
5.944274016655981541e-04 -4.261905793100595474e-03
-1.765737688401713967e-04 -3.624092321842908859e-03
-7.844910724088549614e-04 -3.248072462156414986e-03
5.175184924155473709e-04 -5.117318592965602875e-03
7.205807487480342388e-04 -8.342237211763858795e-03
5.009920801967382431e-03 1.737220585346221924e-02
-4.472814180189743638e-05 -2.994970884174108505e-03
3.371467464603483677e-04 -3.850369015708565712e-03
5.447288858704268932e-04 -5.772396922111511230e-03
1.397533487761393189e-04 -2.798995003104209900e-03
4.424672515597194433e-04 -3.561369841918349266e-03
5.699782632291316986e-04 -4.014716017991304398e-03
-4.444892692845314741e-05 -3.007516497746109962e-03
3.741502296179533005e-04 -3.597188973799347878e-03
7.606458384543657303e-04 -7.477027364075183868e-03
-3.569803666323423386e-04 -3.560613375157117844e-03
5.570518551394343376e-04 -3.536829026415944099e-03
5.199777660891413689e-04 -3.750233910977840424e-03
5.558194592595100403e-03 1.961114071309566498e-02
1.172912656329572201e-03 -1.860960386693477631e-02
7.708701887167990208e-04 -9.685583412647247314e-03
6.270860787481069565e-03 2.404301613569259644e-02
6.671915180049836636e-04 -6.626376882195472717e-03
7.223938591778278351e-04 -7.877472788095474243e-03
-9.889129549264907837e-03 -1.578303519636392593e-03
6.044469773769378662e-03 2.292720228433609009e-02
5.206093774177134037e-04 -5.535508971661329269e-03
4.194760113023221493e-04 -3.614773740991950035e-03
4.808234050869941711e-03 1.602515392005443573e-02
-6.248048157431185246e-04 -3.181956475600600243e-03
2.665275824256241322e-04 -3.792625153437256813e-03
6.445565377362072468e-04 -5.723752547055482864e-03
5.656079156324267387e-04 -3.495290409773588181e-03
5.781298386864364147e-05 -3.134252270683646202e-03
-1.112934569391654804e-05 -2.643800806254148483e-03
-4.174136483925394714e-05 -3.142133587971329689e-03
2.386260021012276411e-04 -4.483345896005630493e-03
6.599578540772199631e-03 2.519016526639461517e-02
2.828271244652569294e-04 -3.509407630190253258e-03
4.759511502925306559e-04 -2.786368597298860550e-03
3.706766990944743156e-03 1.131101418286561966e-02
5.152694066055119038e-04 -5.488820374011993408e-03
4.636060912162065506e-04 -5.023472942411899567e-03
4.867138923145830631e-04 -5.106786265969276428e-03
4.481447103898972273e-04 -3.344003809615969658e-03
3.705479612108319998e-04 -4.723290912806987762e-03
7.657016976736485958e-04 -1.132001448422670364e-02
3.877529525198042393e-04 -3.618849674239754677e-03
-4.812370170839130878e-04 -3.410139121115207672e-03
4.494004242587834597e-04 -3.487736685201525688e-03
4.804179479833692312e-04 -2.250784542411565781e-03
-1.741946209222078323e-03 -2.955865347757935524e-03
4.544629191514104605e-04 -3.527917666360735893e-03
-5.292938277125358582e-02 8.926111273467540741e-03
5.544140003621578217e-03 2.043470926582813263e-02
-2.213398402091115713e-04 -4.367594607174396515e-03
5.367677076719701290e-04 -3.042218275368213654e-03
4.357754369266331196e-04 -3.045083023607730865e-03
6.185328675201162696e-05 -3.277403768151998520e-03
4.169836174696683884e-03 1.370403449982404709e-02
3.941314760595560074e-03 1.244955137372016907e-02
4.537429776974022388e-04 -3.749429481104016304e-03
5.366135155782103539e-04 -5.596089176833629608e-03
4.185447760391980410e-04 -3.397339023649692535e-03
4.504511016421020031e-04 -3.442121203988790512e-03
3.014683257788419724e-03 8.122239261865615845e-03
3.815497970208525658e-03 1.174424961209297180e-02
2.486414741724729538e-04 -3.044212935492396355e-03
5.829689092934131622e-03 2.127453498542308807e-02
-2.527167554944753647e-03 -2.542288042604923248e-03
7.638318929821252823e-04 -8.227451704442501068e-03
5.099584814161062241e-04 -4.001525230705738068e-03
5.526077584363520145e-04 -4.726000130176544189e-03
-7.141838222742080688e-02 1.383598521351814270e-02
-4.698865523096174002e-04 -3.065818687900900841e-03
6.040504202246665955e-03 2.251987531781196594e-02
6.437094416469335556e-04 -2.490803832188248634e-03
6.368379690684378147e-04 -3.915816545486450195e-03
8.466215804219245911e-04 -9.292100556194782257e-03
1.639678259380161762e-03 2.121832454577088356e-03
8.589274948462843895e-04 -9.519076906144618988e-03
3.491844690870493650e-04 -3.722743131220340729e-03
5.059539107605814934e-04 -2.961600665003061295e-03
5.428978474810719490e-04 -5.516077391803264618e-03
4.903529305011034012e-03 1.670223847031593323e-02
5.522981751710176468e-03 2.025433816015720367e-02
3.002594457939267159e-04 -3.473431803286075592e-03
1.511923765065148473e-04 -2.714876085519790649e-03
4.547679272945970297e-04 -3.529508830979466438e-03
8.008461445569992065e-04 -1.229643076658248901e-02
5.312867579050362110e-04 -3.277653362601995468e-03
5.605153855867683887e-04 -2.578162122517824173e-03
3.639754722826182842e-04 -3.890802385285496712e-03
5.849031731486320496e-04 -3.002812853083014488e-03
6.386626511812210083e-03 2.456531301140785217e-02
1.568216976011171937e-04 -3.291782224550843239e-03
7.841135375201702118e-04 -8.312913589179515839e-03
-1.337307621724903584e-04 -3.434011014178395271e-03
8.199083385989069939e-04 -1.141454465687274933e-02
5.353307351469993591e-04 -4.630650859326124191e-03
-4.486431833356618881e-03 -3.215828444808721542e-03
4.197428934276103973e-03 1.367162168025970459e-02
5.144514725543558598e-04 -5.521095823496580124e-03
5.272789858281612396e-04 -3.427030984312295914e-03
4.793746920768171549e-04 -3.471503499895334244e-03
6.590587436221539974e-04 -5.914007313549518585e-03
6.372963543981313705e-03 2.424565888941287994e-02
3.387027245480567217e-04 -3.647623816505074501e-03
4.708695632871240377e-04 -3.808384528383612633e-03
2.949645975604653358e-03 5.514194257557392120e-03
-8.368317503482103348e-04 -2.995439106598496437e-03
7.389559759758412838e-04 -8.739468641579151154e-03
6.945042405277490616e-04 -6.179825402796268463e-03
3.256973286624997854e-04 -3.623071359470486641e-03
5.317741073668003082e-03 1.873576268553733826e-02
6.014349637553095818e-04 -3.078410401940345764e-03
3.222559753339737654e-04 -3.241167403757572174e-03
5.095028900541365147e-04 -4.932765848934650421e-03
6.603322108276188374e-04 -4.120164550840854645e-03
4.819727619178593159e-04 -5.357515998184680939e-03
8.029908058233559132e-04 -1.186219789087772369e-02
-5.710428013117052615e-05 -2.963165519759058952e-03
1.711370423436164856e-03 2.254620194435119629e-03
4.375715507194399834e-04 -3.535462310537695885e-03
4.940110957249999046e-04 -3.467006841674447060e-03
7.933449232950806618e-04 -1.164561882615089417e-02
7.417569286189973354e-04 -1.119133178144693375e-02
4.240330599714070559e-04 -3.758929204195737839e-03
-8.376963087357580662e-04 -3.875926835462450981e-03
-2.560791290306951851e-05 -3.352336119860410690e-03
8.884691633284091949e-04 -1.068681012839078903e-02
3.480038372799754143e-03 1.044552493840456009e-02
4.794273118022829294e-04 -3.062468254938721657e-03
3.646886907517910004e-04 -3.784099128097295761e-03
5.288176471367478371e-04 -4.611220210790634155e-03
5.737247993238270283e-04 -3.748431568965315819e-03
7.218709215521812439e-04 -7.505809422582387924e-03
1.688151096459478140e-04 -2.786562778055667877e-03
-9.089682251214981079e-02 1.761042326688766479e-02
5.354150780476629734e-04 -3.714746562764048576e-03
3.877550479955971241e-04 -3.650819184258580208e-03
4.765866906382143497e-04 -3.798969555646181107e-03
5.221593892201781273e-04 -3.151135286316275597e-03
4.631695337593555450e-04 -3.423978108912706375e-03
5.505759618245065212e-04 -3.576377639546990395e-03
5.568125634454190731e-04 -3.582323901355266571e-03
5.706469994038343430e-03 2.070249989628791809e-02
8.038615924306213856e-04 -8.500752039253711700e-03
2.983295999001711607e-04 -3.387328702956438065e-03
-1.934061525389552116e-03 -4.448327235877513885e-03
5.168079398572444916e-03 1.863976381719112396e-02
4.586696624755859375e-03 1.513544376939535141e-02
4.382593033369630575e-04 -3.176646772772073746e-03
-2.496108354534953833e-04 -3.087776713073253632e-03
6.005177274346351624e-03 2.305952459573745728e-02
6.528135272674262524e-04 -5.519139580428600311e-03
5.264252540655434132e-04 -3.941093105822801590e-03
5.396652268245816231e-04 -4.786552395671606064e-03
5.854821647517383099e-04 -3.962225280702114105e-03
3.985433722846210003e-04 -3.641662187874317169e-03
4.749189829453825951e-04 -5.452699959278106689e-03
2.721349010244011879e-04 -2.631504321470856667e-03
6.743739359080791473e-04 -6.646361667662858963e-03
5.618315772153437138e-04 -3.719607135280966759e-03
5.075899418443441391e-03 1.819219440221786499e-02
-1.086571428459137678e-04 -3.018373390659689903e-03
-8.468409068882465363e-04 -4.201518837362527847e-03
2.236996311694383621e-03 4.628138616681098938e-03
6.226511672139167786e-03 2.368032746016979218e-02
5.342185613699257374e-04 -3.632653271779417992e-03
5.624323384836316109e-04 -3.846370382234454155e-03
8.108033798635005951e-04 -9.144229814410209656e-03
3.457829356193542480e-03 1.022013835608959198e-02
5.008210428059101105e-04 -4.726654849946498871e-03
-3.039385890588164330e-03 -3.001665230840444565e-03
5.487567745149135590e-03 2.011680416762828827e-02
5.203374312259256840e-04 -4.157363437116146088e-03
3.411740181036293507e-04 -3.732253564521670341e-03
1.195025746710598469e-03 -1.827650703489780426e-02
1.743025146424770355e-03 2.309569157660007477e-03
2.795993350446224213e-04 -3.337412606924772263e-03
5.884777638129889965e-04 -4.319476429373025894e-03
-8.741236291825771332e-03 -1.729227253235876560e-03
7.210519397631287575e-04 -7.140889298170804977e-03
4.570856981445103884e-04 -3.799427300691604614e-03
3.971162659581750631e-04 -4.623574670404195786e-03
3.532060363795608282e-04 -3.703872906044125557e-03
4.408965178299695253e-04 -3.420230234041810036e-03
5.537804681807756424e-04 -3.303370438516139984e-03
3.035979578271508217e-03 8.110470138490200043e-03
-5.328027904033660889e-02 8.509686216711997986e-03
3.981123736593872309e-04 -3.409420140087604523e-03
-5.232426896691322327e-02 8.655178360641002655e-03
4.983619437552988529e-04 -4.718644078820943832e-03
-4.820961912628263235e-04 -3.013451816514134407e-03
4.692748654633760452e-03 1.571534015238285065e-02
3.954409330617636442e-04 -3.609116422012448311e-03
4.747754719574004412e-04 -3.655598964542150497e-03
4.513835301622748375e-04 -2.943946281448006630e-03
-2.265924558741971850e-04 -2.886249450966715813e-03
3.406301839277148247e-04 -3.897021757438778877e-03
3.454036195762455463e-04 -3.726224182173609734e-03
4.643934953492134809e-04 -3.296779934316873550e-03
6.246801931411027908e-04 -4.524915944784879684e-03
4.084563697688281536e-04 -3.659215057268738747e-03
4.293163656257092953e-04 -3.503606421872973442e-03
1.984275877475738525e-03 3.495639190077781677e-03
4.752975364681333303e-04 -3.725355491042137146e-03
6.193394656293094158e-04 -4.023591522127389908e-03
4.095848998986184597e-04 -3.863889491185545921e-03
4.079401842318475246e-04 -3.281847806647419930e-03
-5.530046671628952026e-02 9.402955882251262665e-03
4.543640650808811188e-03 1.489596161991357803e-02
5.174097605049610138e-04 -3.850569715723395348e-03
-2.631275681778788567e-03 -2.681633224710822105e-03
4.777488065883517265e-04 -2.828662749379873276e-03
8.444366976618766785e-04 -1.247138343751430511e-02
5.011578323319554329e-04 -3.334193257614970207e-03
3.970327379647642374e-04 -3.607463790103793144e-03
4.915499011985957623e-04 -3.193693468347191811e-03
6.005901377648115158e-04 -3.692213911563158035e-03
-1.263433136045932770e-03 -4.240467213094234467e-03
7.388173835352063179e-04 -7.983443327248096466e-03
-7.979092515597585589e-06 -3.737904829904437065e-03
4.677001852542161942e-04 -3.802547929808497429e-03
7.139149820432066917e-04 -6.917887832969427109e-03
4.752734384965151548e-04 -3.789777169004082680e-03
4.828918899875134230e-04 -4.875567276030778885e-03
3.851157380267977715e-04 -3.796156728640198708e-03
5.849758628755807877e-03 2.152366563677787781e-02
5.317876348271965981e-04 -3.274505725130438805e-03
7.213810458779335022e-04 -7.256114855408668518e-03
7.175761274993419647e-04 -7.159427739679813385e-03
6.476323469541966915e-04 -5.668162833899259567e-03
6.818180554546415806e-04 -8.728503249585628510e-03
1.472223902965197340e-05 -2.669602399691939354e-03
5.562237929552793503e-04 -3.919261973351240158e-03
5.810963921248912811e-04 -3.537891199812293053e-03
4.327721399022266269e-05 -2.904352964833378792e-03
4.087931592948734760e-04 -3.885377431288361549e-03
3.500848542898893356e-04 -3.982492256909608841e-03
4.169832682237029076e-04 -3.746486036106944084e-03
5.446670111268758774e-04 -5.797976162284612656e-03
4.958535428158938885e-04 -3.625729586929082870e-03
3.146400558762252331e-04 -4.197931382805109024e-03
4.460093914531171322e-04 -3.903813194483518600e-03
6.486224592663347721e-04 -6.651232019066810608e-03
5.330915097147226334e-03 1.863870956003665924e-02
2.051485003903508186e-03 3.085181349888443947e-03
5.582055891864001751e-04 -2.760889474302530289e-03
6.388393230736255646e-03 2.449763379991054535e-02
4.106624692212790251e-04 -3.334632841870188713e-03
7.735569379292428493e-04 -6.787423510104417801e-03
7.659686962142586708e-04 -8.457348681986331940e-03
2.078581601381301880e-03 4.082344472408294678e-03
5.541624268516898155e-04 -5.881839897483587265e-03
4.171506443526595831e-04 -3.388082375749945641e-03
6.000782595947384834e-04 -4.104132764041423798e-03
6.215673638507723808e-04 -4.696464631706476212e-03
-1.310699531131831463e-06 -4.124594852328300476e-03
5.148716154508292675e-04 -3.208880778402090073e-03
1.632360275834798813e-03 2.050926908850669861e-03
3.501941682770848274e-03 1.084530353546142578e-02
5.082316230982542038e-03 1.798790693283081055e-02
5.656544817611575127e-04 -4.047617781907320023e-03
1.723983208648860455e-03 2.198287285864353180e-03
2.340769715374335647e-04 -2.875509206205606461e-03
4.668336827307939529e-03 1.610880717635154724e-02
5.513318348675966263e-03 2.018532902002334595e-02
4.903881344944238663e-04 -5.497393663972616196e-03
6.246609846130013466e-04 -3.964162431657314301e-03
5.120631540194153786e-04 -4.216667730361223221e-03
6.524065975099802017e-04 -6.253019906580448151e-03
4.767581995110958815e-04 -3.826493397355079651e-03
4.601282416842877865e-04 -3.625557757914066315e-03
5.850653978995978832e-04 -3.539450466632843018e-03
4.321482265368103981e-04 -4.722415935248136520e-03
5.446578143164515495e-04 -3.691086778417229652e-03
7.777072605676949024e-04 -1.006366312503814697e-02
5.939196329563856125e-03 2.233026362955570221e-02
1.633548410609364510e-03 2.127861371263861656e-03
4.307711205910891294e-04 -3.970480524003505707e-03
6.838397239334881306e-04 -9.631247259676456451e-03
6.490830564871430397e-04 -5.769507959485054016e-03
5.346775287762284279e-04 -3.193718148395419121e-03
2.676036965567618608e-04 -3.130908124148845673e-03
6.724518607370555401e-04 -6.662665400654077530e-03
7.060218486003577709e-04 -1.024875417351722717e-02
-4.964094143360853195e-03 -3.088542493060231209e-03
6.656388286501169205e-03 2.558350376784801483e-02
1.700291875749826431e-03 2.226226963102817535e-03
4.144858685322105885e-04 -3.675897838547825813e-03
-8.895738865248858929e-04 -4.300810862332582474e-03
7.117809145711362362e-04 -6.617879960685968399e-03
4.508419369813054800e-04 -4.925133194774389267e-03
6.106476066634058952e-04 -4.540268331766128540e-03
5.637983791530132294e-03 2.069842256605625153e-02
4.766884376294910908e-04 -5.066476296633481979e-03
1.239280449226498604e-03 -1.948018930852413177e-02
4.947188426740467548e-04 -2.804465824738144875e-03
7.106433622539043427e-04 -7.297268602997064590e-03
4.051337484270334244e-03 1.340304687619209290e-02
3.460022155195474625e-03 1.049479376524686813e-02
5.680657341144979000e-04 -3.677289932966232300e-03
4.722035955637693405e-04 -3.143280046060681343e-03
7.670499035157263279e-04 -1.063185185194015503e-02
2.094779163599014282e-03 4.152212291955947876e-03
6.392208393663167953e-03 2.454279363155364990e-02
5.184083129279315472e-04 -2.630369970574975014e-03
-8.540104329586029053e-02 1.615541242063045502e-02
-7.324303733184933662e-04 -3.000108525156974792e-03
8.046132279559969902e-04 -1.169459428638219833e-02
6.224119104444980621e-03 2.387024462223052979e-02
5.675915628671646118e-03 2.047141268849372864e-02
4.596169455908238888e-04 -3.138614352792501450e-03
5.926386220380663872e-04 -5.756874568760395050e-03
4.481741343624889851e-04 -3.539272816851735115e-03
4.899165942333638668e-04 -4.012981429696083069e-03
6.039685104042291641e-04 -6.426741369068622589e-03
5.291917361319065094e-03 1.895404793322086334e-02
5.467463633976876736e-04 -4.035771824419498444e-03
4.297459032386541367e-03 1.436860207468271255e-02
5.083719152025878429e-04 -3.536904463544487953e-03
5.192091921344399452e-04 -3.802660154178738594e-03
4.305962356738746166e-04 -3.734107594937086105e-03
5.288963438943028450e-04 -3.734111320227384567e-03
4.986916319467127323e-04 -5.271883215755224228e-03
7.298208656720817089e-04 -8.601046167314052582e-03
5.719136912375688553e-03 2.088981308043003082e-02
6.566794472746551037e-04 -6.609277799725532532e-03
5.544885061681270599e-04 -3.779646707698702812e-03
-1.591810141690075397e-03 -3.462176304310560226e-03
5.322178825736045837e-03 1.931031793355941772e-02
3.366629593074321747e-03 1.037634070962667465e-02
1.073224004358053207e-03 -1.144994981586933136e-03
8.052251650951802731e-04 -8.180807926692068577e-04
5.437670624814927578e-04 -3.365242620930075645e-03
-2.745643490925431252e-03 -2.785400953143835068e-03
7.408941164612770081e-04 -7.391468156129121780e-03
7.693928782828152180e-04 -8.707165718078613281e-03
-5.890407413244247437e-02 1.006237231194972992e-02
1.743877190165221691e-03 2.197687281295657158e-03
6.780463154427707195e-04 -5.967724602669477463e-03
5.600432632490992546e-04 -3.481823718175292015e-03
4.569728625938296318e-04 -3.090027719736099243e-03
6.067235954105854034e-03 2.227881364524364471e-02
-4.544719413388520479e-04 -2.902303356677293777e-03
5.603573285043239594e-03 2.060217969119548798e-02
3.614690212998539209e-04 -3.932508174329996109e-03
7.760524749755859375e-04 -1.134063117206096649e-02
5.776326870545744896e-04 -3.156937891617417336e-03
6.275422405451536179e-03 2.312082424759864807e-02
5.175896803848445415e-04 -5.342386197298765182e-03
5.577946547418832779e-03 1.992687396705150604e-02
6.343626882880926132e-03 2.299087308347225189e-02
6.568703684024512768e-04 -2.866754308342933655e-03
4.805957141797989607e-04 -3.494001226499676704e-03
7.307758205570280552e-04 -7.726884447038173676e-03
4.790765698999166489e-03 1.652827858924865723e-02
7.666971650905907154e-04 -8.153616450726985931e-03
6.555123254656791687e-04 -3.607722232118248940e-03
5.660526221618056297e-04 -3.793465672060847282e-03
4.859697655774652958e-04 -3.797533456236124039e-03
3.413792455830844119e-06 -3.073757980018854141e-03
-5.933777429163455963e-04 -3.221726277843117714e-03
1.250474248081445694e-03 1.239977544173598289e-03
-2.904865250457078218e-04 -3.253364469856023788e-03
4.832793958485126495e-03 1.650712452828884125e-02
7.658295216970145702e-04 -1.204286981374025345e-02
3.751343581825494766e-03 1.152335852384567261e-02
3.332612337544560432e-03 9.783119894564151764e-03
6.101522129029035568e-03 2.284993790090084076e-02
6.760078249499201775e-04 -7.060318719595670700e-03
8.040842949412763119e-04 -1.187564432621002197e-02
2.094333991408348083e-03 3.267228603363037109e-03
6.318912841379642487e-03 2.414668351411819458e-02
2.996185328811407089e-03 8.575112558901309967e-03
3.764567663893103600e-04 -4.066608380526304245e-03
5.581864621490240097e-03 2.025907859206199646e-02
8.381466614082455635e-04 -8.896911516785621643e-03
4.436566028743982315e-03 1.533145457506179810e-02
5.663576303049921989e-04 -5.753771401941776276e-03
-3.078364243265241385e-04 -4.157938063144683838e-03
3.780770115554332733e-03 1.116759609431028366e-02
4.378606565296649933e-03 1.444953680038452148e-02
3.104659961536526680e-03 5.807638168334960938e-03
6.015290855430066586e-04 -4.151544999331235886e-03
4.908360424451529980e-04 -3.554638940840959549e-03
5.827052518725395203e-04 -3.850983222946524620e-03
5.283545469865202904e-04 -3.288755193352699280e-03
8.396868361160159111e-04 -1.252959389239549637e-02
5.588591448031365871e-04 -5.957121960818767548e-03
5.845780833624303341e-04 -4.194869659841060638e-03
3.864830359816551208e-04 -3.132659243419766426e-03
4.912897129543125629e-04 -3.133612452074885368e-03
6.790898623876273632e-04 -5.358851514756679535e-03
3.002822864800691605e-03 5.619521718472242355e-03
6.860804278403520584e-04 -6.483502220362424850e-03
1.139829168096184731e-03 -1.719841174781322479e-02
4.340585321187973022e-03 1.459733955562114716e-02
7.841725600883364677e-04 -8.487544953823089600e-03
5.557563155889511108e-03 1.988413929939270020e-02
5.570265930145978928e-03 2.022463083267211914e-02
4.449100815691053867e-04 -3.617002861574292183e-03
-2.098406257573515177e-04 -2.603855915367603302e-03
8.216797141358256340e-04 -1.256174594163894653e-02
5.294243455864489079e-04 -3.747969400137662888e-03
6.200994830578565598e-03 2.332947403192520142e-02
6.934709381312131882e-04 -9.762180037796497345e-03
7.477912586182355881e-04 -1.091371476650238037e-02
5.719371838495135307e-04 -5.102331750094890594e-03
5.111537175253033638e-04 -4.083884879946708679e-03
5.733080324716866016e-04 -3.737180959433317184e-03
7.713960949331521988e-04 -8.362605236470699310e-03
-6.889224168844521046e-04 -3.183082677423954010e-03
6.262485869228839874e-03 2.369324117898941040e-02
3.844456048682332039e-03 1.234448608011007309e-02
4.133288166485726833e-04 -4.116197582334280014e-03
5.883306730538606644e-03 2.157371491193771362e-02
5.111409351229667664e-03 1.807360723614692688e-02
5.385131807997822762e-04 -3.514846786856651306e-03
-5.416079610586166382e-02 9.376102127134799957e-03
5.386903067119419575e-04 -4.395758267492055893e-03
5.291008274070918560e-04 -4.952082876116037369e-03
4.996310453861951828e-04 -3.728268668055534363e-03
1.116449711844325066e-03 -1.623885706067085266e-02
8.011110912775620818e-05 -3.300093347206711769e-03
5.758154438808560371e-04 -3.823988838121294975e-03
-4.271565921953879297e-05 -3.195716300979256630e-03
3.237938799429684877e-04 -3.476806683465838432e-03
5.333596491254866123e-04 -3.807141445577144623e-03
5.101849092170596123e-04 -3.243407234549522400e-03
7.600580574944615364e-04 -8.300078101456165314e-03
5.993165541440248489e-03 2.284345217049121857e-02
7.622293778695166111e-04 -1.197467092424631119e-02
5.144925671629607677e-04 -3.757816273719072342e-03
-6.599913467653095722e-04 -3.239830955862998962e-03
4.913341836072504520e-04 -3.032895037904381752e-03
4.294585960451513529e-04 -3.375148866325616837e-03
5.120069254189729691e-04 -3.503728425130248070e-03
3.506084904074668884e-03 1.078985258936882019e-02
7.470996933989226818e-04 -8.016870357096195221e-03
5.888407584279775620e-03 2.202547341585159302e-02
7.697319961152970791e-04 -1.076717860996723175e-02
4.355995915830135345e-03 1.494371425360441208e-02
-3.326703154016286135e-04 -3.098840359598398209e-03
5.201595486141741276e-04 -3.774057142436504364e-03
5.500959232449531555e-03 1.908421330153942108e-02
4.259406996425241232e-04 -3.561130724847316742e-03
5.457893130369484425e-04 -3.542072372511029243e-03
-4.197869566269218922e-04 -4.104250110685825348e-03
5.069880280643701553e-04 -4.511073231697082520e-03
7.890360429883003235e-04 -9.462715126574039459e-03
7.569257286377251148e-04 -7.195449899882078171e-03
-8.031059801578521729e-02 1.552526839077472687e-02
2.699860837310552597e-03 4.843722563236951828e-03
6.042416789568960667e-04 -3.303205827251076698e-03
5.023907870054244995e-04 -5.323396995663642883e-03
5.069251055829226971e-04 -3.659241134300827980e-03
3.332081832922995090e-04 -2.942830789834260941e-03
5.177218001335859299e-03 1.878756098449230194e-02
4.366104549262672663e-04 -3.619937691837549210e-03
2.796378103084862232e-04 -2.865083748474717140e-03
1.721579697914421558e-03 2.664634725078940392e-03
7.037220639176666737e-04 -6.967089604586362839e-03
6.454089656472206116e-03 2.453101053833961487e-02
-7.175925566116347909e-05 -3.129707882180809975e-03
2.607596572488546371e-03 6.222699768841266632e-03
5.499553517438471317e-04 -3.509583882987499237e-03
1.037218491546809673e-03 -1.453947369009256363e-02
7.229067850857973099e-04 -1.031085848808288574e-02
3.738262748811393976e-04 -2.675078576430678368e-03
-3.486182322376407683e-05 -3.176806028932332993e-03
-5.712911952286958694e-04 -3.900523297488689423e-03
4.658227844629436731e-04 -3.660701913759112358e-03
5.215184064581990242e-04 -5.430267192423343658e-03
4.969515837728977203e-03 1.752925664186477661e-02
5.030057393014431000e-03 1.769383437931537628e-02
3.965066862292587757e-04 -3.616429865360260010e-03
4.525748081505298615e-04 -3.447919385507702827e-03
4.691635549534112215e-04 -5.102685652673244476e-03
7.214284269139170647e-04 -7.305147591978311539e-03
-9.356779046356678009e-04 -4.043899476528167725e-03
5.030214088037610054e-04 -3.258681390434503555e-03
-7.897578179836273193e-02 1.530341710895299911e-02
6.472584791481494904e-03 2.469225041568279266e-02
3.957578446716070175e-04 -3.587476909160614014e-03
6.193044828251004219e-04 -4.202215932309627533e-03
5.729508120566606522e-03 2.100601606070995331e-02
5.005222628824412823e-04 -3.675484796985983849e-03
4.237815446685999632e-04 -2.961702411994338036e-03
4.648019385058432817e-04 -5.438228137791156769e-03
4.723260281025432050e-05 -3.396515967324376106e-03
7.594767375849187374e-04 -8.909630589187145233e-03
4.433201393112540245e-04 -3.393150400370359421e-03
4.756941925734281540e-03 1.642354018986225128e-02
3.798864199779927731e-04 -3.574310103431344032e-03
7.815854041837155819e-04 -7.973279803991317749e-03
4.959981306456029415e-04 -5.202021449804306030e-03
3.816949320025742054e-04 -3.566258121281862259e-03
6.810133927501738071e-04 -5.857510026544332504e-03
5.147634656168520451e-04 -5.485247354954481125e-03
8.692980045452713966e-04 -1.245181821286678314e-02
-6.170262349769473076e-05 -3.998978063464164734e-03
5.356743931770324707e-04 -3.765824483707547188e-03
5.828220164403319359e-04 -3.574366215616464615e-03
3.110026882495731115e-04 -4.128166008740663528e-03
4.925886169075965881e-04 -3.781050676479935646e-03
2.563445596024394035e-04 -3.308375831693410873e-03
9.886324405670166016e-04 -1.303298026323318481e-02
8.045452414080500603e-04 -8.628724142909049988e-03
1.231151516549289227e-03 -1.927965506911277771e-02
6.042413879185914993e-03 2.292125299572944641e-02
4.781302995979785919e-04 -5.340705160051584244e-03
5.186700145713984966e-04 -4.725655540823936462e-03
1.798550947569310665e-03 2.612032694742083549e-03
5.976100801490247250e-04 -3.509577130898833275e-03
5.483541171997785568e-04 -3.626842284575104713e-03
4.997922223992645741e-04 -5.502398125827312469e-03
4.585268616210669279e-04 -3.561252728104591370e-03
3.686439013108611107e-04 -3.672018414363265038e-03
4.646637826226651669e-04 -3.700594417750835419e-03
4.439763259142637253e-03 1.504039950668811798e-02
-1.083161041606217623e-04 -3.144455142319202423e-03
4.807594523299485445e-04 -3.045607823878526688e-03
6.397063261829316616e-04 -2.462833654135465622e-03
8.188027422875165939e-04 -9.783457964658737183e-03
2.098353143082931638e-04 -3.852776018902659416e-03
6.456108530983328819e-04 -5.149128381162881851e-03
3.185854759067296982e-03 5.956420209258794785e-03
-8.223045617341995239e-02 1.593755185604095459e-02
4.597981169354170561e-04 -4.206937272101640701e-03
2.474620705470442772e-03 5.635038483887910843e-03
3.228866728022694588e-03 9.719612076878547668e-03
3.248787834309041500e-04 -3.840143326669931412e-03
5.049002356827259064e-04 -2.564142923802137375e-03
5.458601517602801323e-04 -3.731924109160900116e-03
4.609851457644253969e-04 -4.813056439161300659e-03
6.051746662706136703e-03 2.250318974256515503e-02
4.541112110018730164e-03 1.545320078730583191e-02
4.381838953122496605e-04 -3.764928318560123444e-03
7.659830152988433838e-04 -1.056275144219398499e-02
3.095189167652279139e-04 -3.126322757452726364e-03
5.870727356523275375e-03 2.229093573987483978e-02
2.114829985657706857e-04 -2.993496367707848549e-03
4.259166016709059477e-04 -3.512370400130748749e-03
5.213256226852536201e-04 -3.755019744858145714e-03
5.639315582811832428e-03 2.129426784813404083e-02
1.690307166427373886e-03 2.370937727391719818e-03
-6.181658711284399033e-03 -2.219439949840307236e-03
8.223091717809438705e-04 -9.996434673666954041e-03
5.012857145629823208e-04 -2.973524620756506920e-03
4.209274484310299158e-04 -4.377237055450677872e-03
6.451931549236178398e-04 -2.808155026286840439e-03
5.277187447063624859e-04 -4.790618550032377243e-03
2.796507906168699265e-03 5.173175595700740814e-03
5.930021870881319046e-04 -5.125327501446008682e-03
3.355966182425618172e-04 -3.998872824013233185e-03
7.188753806985914707e-04 -6.204714532941579819e-03
6.227388978004455566e-03 2.351365052163600922e-02
7.791600073687732220e-04 -1.225494872778654099e-02
3.539644880220293999e-03 1.074170693755149841e-02
1.229137415066361427e-03 -1.897617056965827942e-02
8.289195247925817966e-04 -9.687701240181922913e-03
5.471514305099844933e-04 -2.913634292781352997e-03
6.676937919110059738e-03 2.563406340777873993e-02
2.578917890787124634e-03 5.984087474644184113e-03
6.513577420264482498e-03 2.477391622960567474e-02
5.656403372995555401e-04 -3.502874169498682022e-03
6.097914883866906166e-04 -4.239232745021581650e-03
6.350209470838308334e-03 2.397094666957855225e-02
4.352824762463569641e-04 -3.474370809271931648e-03
5.626599304378032684e-04 -3.755075158551335335e-03
-7.013320573605597019e-04 -3.209820948541164398e-03
1.568477251566946507e-03 2.178112976253032684e-03
1.698216539807617664e-03 3.408523974940180779e-03
7.715300889685750008e-04 -9.759476408362388611e-03
4.391735419631004333e-03 1.418525725603103638e-02
1.468585542170330882e-04 -2.925120759755373001e-03
-9.959344752132892609e-04 -3.445548005402088165e-03
4.103019018657505512e-04 -3.549722023308277130e-03
5.501394625753164291e-04 -3.101887414231896400e-03
5.496611702255904675e-04 -3.296171547845005989e-03
5.576208932325243950e-04 -4.676152486354112625e-03
7.042049546726047993e-04 -7.158942986279726028e-03
-5.388784920796751976e-04 -3.803152125328779221e-03
6.202005781233310699e-03 2.336185984313488007e-02
5.425199051387608051e-04 -5.800343118607997894e-03
5.647940561175346375e-04 -3.841683734208345413e-03
4.943952080793678761e-04 -3.512247931212186813e-03
5.535324104130268097e-03 2.022712677717208862e-02
4.958091303706169128e-04 -5.682171788066625595e-03
4.975207266397774220e-04 -3.418841864913702011e-03
-3.073629457503557205e-03 -3.055252833291888237e-03
5.044827703386545181e-04 -5.188384559005498886e-03
4.171048640273511410e-04 -3.101133275777101517e-03
5.595537950284779072e-04 -3.766347421333193779e-03
3.032236825674772263e-03 5.641441792249679565e-03
8.333545411005616188e-04 -8.953321725130081177e-03
5.872647743672132492e-03 2.191255614161491394e-02
7.680856506340205669e-04 -8.237282745540142059e-03
4.366360371932387352e-04 -3.555953735485672951e-03
4.447042883839458227e-04 -4.941895604133605957e-03
2.481497591361403465e-03 5.762609187513589859e-03
4.431839915923774242e-04 -3.251649904996156693e-03
4.836796724703162909e-04 -5.418551620095968246e-03
6.435046438127756119e-03 2.457651123404502869e-02
7.996366475708782673e-04 -8.731571957468986511e-03
4.449445696081966162e-04 -3.475201083347201347e-03
-7.017746684141457081e-04 -3.462649183347821236e-03
-1.504111220128834248e-03 -3.145199036225676537e-03
-2.608771028462797403e-04 -4.054968710988759995e-03
3.553000278770923615e-04 -3.899543546140193939e-03
5.224037915468215942e-03 1.901275292038917542e-02
4.479640047065913677e-04 -2.712548710405826569e-03
5.206192377954721451e-03 1.778393983840942383e-02
8.564912131987512112e-04 -1.258186623454093933e-02
5.070850602351129055e-04 -3.878222312778234482e-03
6.132705602794885635e-04 -3.823000472038984299e-03
6.315256934612989426e-03 2.375448681414127350e-02
8.375286706723272800e-04 -1.005731988698244095e-02
4.677010001614689827e-04 -5.129072349518537521e-03
-6.460955046350136399e-05 -4.074255935847759247e-03
-4.173543711658567190e-04 -4.079491365700960159e-03
4.299583961255848408e-04 -3.432363737374544144e-03
4.712680820375680923e-04 -3.486906643956899643e-03
5.675341235473752022e-04 -3.872503293678164482e-03
4.622807609848678112e-04 -3.391005098819732666e-03
8.156132535077631474e-04 -1.032762788236141205e-02
7.363187032751739025e-04 -9.154837578535079956e-03
-9.508492803433910012e-05 -3.983488306403160095e-03
5.858025047928094864e-03 2.244441770017147064e-02
7.197865634225308895e-04 -9.596050716936588287e-03
6.606407696381211281e-04 -2.452429383993148804e-03
-5.910295876674354076e-04 -3.214151598513126373e-03
7.975618354976177216e-04 -7.170741911977529526e-03
-5.075707667856477201e-05 -3.004570491611957550e-03
4.330484371166676283e-04 -3.187704598531126976e-03
4.867466166615486145e-03 1.686779595911502838e-02
5.652348045259714127e-04 -3.685949137434363365e-03
-2.067616907879710197e-03 -3.036943264305591583e-03
4.797517322003841400e-04 -2.996442606672644615e-03
5.194285768084228039e-04 -4.801332019269466400e-03
4.932736046612262726e-04 -3.705792827531695366e-03
5.343471420928835869e-04 -5.677346140146255493e-03
8.326196111738681793e-04 -1.106239762157201767e-02
7.702936418354511261e-04 -8.432218804955482483e-03
-1.014433510135859251e-04 -4.167283419519662857e-03
5.342677468433976173e-04 -3.226712113246321678e-03
6.147721316665410995e-03 2.267903089523315430e-02
2.835099352523684502e-03 7.229386828839778900e-03
4.901416832581162453e-04 -4.058092832565307617e-03
2.726702718064188957e-03 6.928898394107818604e-03
6.992890848778188229e-04 -1.024235226213932037e-02
-3.085956559516489506e-04 -3.022904274985194206e-03
7.887173560447990894e-04 -1.138577237725257874e-02
6.420389399863779545e-04 -2.851627301424741745e-03
7.453433936461806297e-04 -8.325432427227497101e-03
6.103490595705807209e-04 -3.918837755918502808e-03
1.634541666135191917e-03 1.784654916264116764e-03
4.099736921489238739e-03 1.284630410373210907e-02
8.728039683774113655e-04 -1.009593717753887177e-02
2.627414360176771879e-04 -2.904219785705208778e-03
5.349178100004792213e-04 -3.491415176540613174e-03
3.761951229535043240e-04 -3.540664678439497948e-03
4.932723473757505417e-03 1.713471673429012299e-02
-8.267770172096788883e-04 -2.992133377119898796e-03
5.301977507770061493e-03 1.875680126249790192e-02
6.663370411843061447e-03 2.527556568384170532e-02
4.819181922357529402e-04 -3.544936887919902802e-03
5.495803779922425747e-04 -5.755562335252761841e-03
4.204476426821202040e-04 -3.811613190919160843e-03
5.674404557794332504e-03 2.033776789903640747e-02
4.821625188924372196e-04 -3.586705541238188744e-03
-2.809736644849181175e-03 -3.481758991256356239e-03
6.006407551467418671e-03 2.180982753634452820e-02
3.391107602510601282e-04 -3.642605151981115341e-03
6.201580166816711426e-03 2.325881272554397583e-02
3.550868132151663303e-04 -3.709594486281275749e-03
4.495938483159989119e-04 -5.084185861051082611e-03
4.490956489462405443e-04 -3.125237068161368370e-03
6.912761018611490726e-04 -6.869974546134471893e-03
5.055874353274703026e-04 -5.389415659010410309e-03
4.928922862745821476e-04 -5.229897331446409225e-03
5.044527351856231689e-04 -3.274205839261412621e-03
5.468018935061991215e-04 -5.825577769428491592e-03
4.544358489511068910e-06 -3.592806169763207436e-03
3.606168902479112148e-04 -4.501812160015106201e-03
5.449351738207042217e-04 -5.416245199739933014e-03
7.794178673066198826e-04 -9.725359268486499786e-03
3.595471789594739676e-04 -2.663967432454228401e-03
7.599893142469227314e-04 -9.263840503990650177e-03
4.285677568987011909e-04 -3.830175148323178291e-03
7.775238482281565666e-04 -1.134496554732322693e-02
3.281383542343974113e-03 9.988018311560153961e-03
4.985664272680878639e-04 -3.548250533640384674e-03
5.306409439072012901e-04 -4.344839602708816528e-03
4.597356542944908142e-03 1.529041398316621780e-02
4.205337609164416790e-04 -4.823204595595598221e-03
4.136691801249980927e-03 1.332498341798782349e-02
9.487010538578033447e-04 -1.267099566757678986e-02
3.307760634925216436e-04 -3.463359316810965538e-03
6.538520683534443378e-04 -4.953050985932350159e-03
3.905879566445946693e-03 1.253082323819398880e-02
7.374329725280404091e-04 -8.046509698033332825e-03
2.664436819031834602e-03 6.381724029779434204e-03
1.364094787277281284e-03 1.166383619420230389e-03
3.386270953342318535e-03 1.018412224948406219e-02
5.748640280216932297e-03 2.062739618122577667e-02
5.626580095849931240e-04 -3.579643554985523224e-03
7.625955040566623211e-04 -9.917785413563251495e-03
3.775712975766509771e-04 -4.030221607536077499e-03
5.169368232600390911e-04 -5.502096842974424362e-03
6.106683285906910896e-04 -3.790989750996232033e-03
5.692310514859855175e-04 -3.778072306886315346e-03
4.496957175433635712e-03 1.548176165670156479e-02
7.699997513554990292e-04 -9.344092570245265961e-03
5.732819554395973682e-04 -3.334084758535027504e-03
1.658544410020112991e-03 2.270443830639123917e-03
5.602590972557663918e-04 -3.907560836523771286e-03
4.718670388683676720e-04 -3.591932356357574463e-03
4.654119722545146942e-03 1.532165240496397018e-02
3.516457218211144209e-04 -3.441828070208430290e-03
4.011539276689291000e-03 1.353579759597778320e-02
5.485945148393511772e-04 -5.877713207155466080e-03
7.465119706466794014e-04 -8.065975271165370941e-03
4.227084573358297348e-04 -4.502974450588226318e-03
3.295043134130537510e-04 -3.299242816865444183e-03
1.614418695680797100e-03 1.539635821245610714e-03
-7.649641338502988219e-05 -2.865465357899665833e-03
4.826548043638467789e-03 1.638037525117397308e-02
5.591331282630562782e-04 -3.045713528990745544e-03
4.247249569743871689e-03 1.385127287358045578e-02
5.082272691652178764e-04 -3.693388309329748154e-03
-7.836992293596267700e-02 1.437812112271785736e-02
5.508477333933115005e-03 2.023620530962944031e-02
4.540298541542142630e-04 -3.386575728654861450e-03
-1.338611170649528503e-02 -8.922743727453052998e-04
1.521539670648053288e-04 -4.046672955155372620e-03
3.705954586621373892e-04 -2.807756653055548668e-03
1.651058788411319256e-03 1.959871267899870872e-03
5.214128177613019943e-04 -4.021374508738517761e-03
-8.430786430835723877e-02 1.629435271024703979e-02
5.824550753459334373e-04 -3.756435820832848549e-03
4.210232291370630264e-03 1.379022002220153809e-02
6.084522232413291931e-03 2.300215885043144226e-02
7.332513341680169106e-04 -7.950054481625556946e-03
3.542904159985482693e-04 -3.353681648150086403e-03
3.450842108577489853e-03 9.965809993445873260e-03
4.368153458926826715e-04 -3.521735547110438347e-03
2.549221506342291832e-03 4.742708522826433182e-03
3.023081517312675714e-04 -2.863078378140926361e-03
6.443740567192435265e-04 -5.611076485365629196e-03
6.507634534500539303e-04 -4.808114841580390930e-03
2.274934202432632446e-03 4.584616981446743011e-03
-6.552665727213025093e-04 -2.760608680546283722e-03
4.433040739968419075e-04 -3.615401452407240868e-03
-2.288820687681436539e-04 -3.546283580362796783e-03
6.094976561143994331e-04 -4.280725959688425064e-03
5.850960966199636459e-03 2.230378985404968262e-02
5.252506816759705544e-04 -3.851298009976744652e-03
1.758786151185631752e-03 2.312315162271261215e-03
4.786152858287096024e-04 -3.574702423065900803e-03
5.121475551277399063e-03 1.770474389195442200e-02
6.311465986073017120e-04 -2.535462612286210060e-03
6.335091311484575272e-03 2.313615567982196808e-02
6.432938855141401291e-03 2.447062171995639801e-02
6.359050894388929009e-05 -3.226012689992785454e-03
5.124867893755435944e-04 -5.413446109741926193e-03
5.966636235825717449e-04 -3.863542340695858002e-03
6.012913654558360577e-04 -6.388978101313114166e-03
6.095245946198701859e-03 2.315122634172439575e-02
4.758314462378621101e-04 -3.703604685142636299e-03
4.162602417636662722e-04 -3.624788019806146622e-03
5.661771283484995365e-04 -3.617018228396773338e-03
1.848406856879591942e-03 2.430358435958623886e-03
5.781877553090453148e-04 -3.155583748593926430e-03
2.788695972412824631e-03 5.209242459386587143e-03
7.938314811326563358e-04 -9.343697689473628998e-03
4.058365884702652693e-04 -3.010386601090431213e-03
8.311159326694905758e-04 -1.503116916865110397e-03
5.898184026591479778e-04 -4.007893614470958710e-03
4.581944376695901155e-04 -4.341833293437957764e-03
8.057031081989407539e-04 -1.161225419491529465e-02
7.140313973650336266e-04 -1.009938493371009827e-02
4.417045856826007366e-04 -3.537616925314068794e-03
5.013182759284973145e-03 1.737007685005664825e-02
6.909058429300785065e-04 -7.311251480132341385e-03
5.721777561120688915e-04 -6.037184037268161774e-03
7.884472724981606007e-04 -9.982947260141372681e-03
3.504095657262951136e-04 -3.566415747627615929e-03
4.893787554465234280e-04 -3.877548268064856529e-03
4.965226980857551098e-04 -3.288996173068881035e-03
-8.687898516654968262e-03 -1.795787829905748367e-03
4.393317212816327810e-04 -5.209204740822315216e-03
8.429558511124923825e-05 -3.908680286258459091e-03
-2.646197332069277763e-03 -2.722088713198900223e-03
9.210933931171894073e-04 -1.073670107871294022e-02
5.307230749167501926e-04 -3.884473582729697227e-03
4.663525149226188660e-03 1.548770442605018616e-02
4.933479358442127705e-04 -3.183522494509816170e-03
8.321804925799369812e-04 -1.156538072973489761e-02
-1.675470732152462006e-03 -3.083804622292518616e-03
5.870702676475048065e-03 2.115040458738803864e-02
4.194503126200288534e-04 -3.703900845721364021e-03
6.614400539547204971e-03 2.521699294447898865e-02
4.621751140803098679e-04 -3.806537715718150139e-03
3.512761322781443596e-04 -3.637138754129409790e-03
7.794950506649911404e-04 -8.675481192767620087e-03
6.166888633742928505e-04 -4.156889859586954117e-03
6.362043786793947220e-03 2.392757683992385864e-02
4.288738709874451160e-04 -3.776105586439371109e-03
4.421469289809465408e-03 1.428317744284868240e-02
8.609322831034660339e-04 -1.243562437593936920e-02
3.039768431335687637e-03 5.689736921340227127e-03
-1.414469908922910690e-03 -3.614214248955249786e-03
9.713737526908516884e-04 -1.360757742077112198e-02
5.360263166949152946e-04 -4.783567972481250763e-03
8.192957029677927494e-04 -9.070062078535556793e-03
5.269781686365604401e-04 -3.664445132017135620e-03
1.016602269373834133e-03 -1.440989505499601364e-02
8.505764417350292206e-04 -1.036577392369508743e-02
7.027479005046188831e-04 -7.259317208081483841e-03
6.434889510273933411e-03 2.434074878692626953e-02
7.491912692785263062e-04 -8.221213705837726593e-03
4.550739657133817673e-03 1.482279784977436066e-02
4.429502878338098526e-03 1.505124568939208984e-02
5.606555496342480183e-04 -4.154017195105552673e-03
4.360525053925812244e-04 -2.958202501758933067e-03
5.919026676565408707e-03 2.182082831859588623e-02
5.113710067234933376e-04 -3.737214719876646996e-03
6.627711933106184006e-03 2.537320740520954132e-02
5.571894580498337746e-04 -3.553218906745314598e-03
2.300768683198839426e-04 -2.687969477847218513e-03
7.668204489164054394e-04 -1.180922333151102066e-02
-1.384382194373756647e-04 -2.878267085179686546e-03
3.278922522440552711e-04 -3.072662744671106339e-03
7.999159861356019974e-04 -9.508234448730945587e-03
3.875031834468245506e-04 -3.458785824477672577e-03
4.405426152516156435e-04 -3.862608456984162331e-03
4.399033496156334877e-04 -3.387399483472108841e-03
2.617949154227972031e-03 6.593770347535610199e-03
4.509111458901315928e-04 -3.573695663362741470e-03
5.152614903636276722e-04 -5.539552308619022369e-03
5.908351158723235130e-04 -6.248382851481437683e-03
5.563062732107937336e-04 -3.793523646891117096e-03
4.700488061644136906e-04 -5.217166617512702942e-03
-6.348208262352272868e-05 -4.178716801106929779e-03
3.824676095973700285e-04 -4.132246132940053940e-03
4.877218045294284821e-03 1.696296036243438721e-02
1.821171172196045518e-04 -2.541074063628911972e-03
-2.597078680992126465e-03 -2.636368386447429657e-03
1.180379535071551800e-03 5.062472191639244556e-04
-3.070414066314697266e-03 -3.010556567460298538e-03
2.573608886450529099e-03 5.935214925557374954e-03
7.395598804578185081e-04 -8.535068482160568237e-03
7.906059618107974529e-04 -9.420670568943023682e-03
4.214590881019830704e-04 -3.955054096877574921e-03
4.784879274666309357e-03 1.647966168820858002e-02
7.767131319269537926e-04 -8.712437003850936890e-03
5.788924172520637512e-03 2.131186984479427338e-02
-1.165835055871866643e-04 -2.931253984570503235e-03
2.053477801382541656e-03 3.596239490434527397e-03
5.873623304069042206e-03 2.160175330936908722e-02
4.062229709234088659e-04 -3.488631453365087509e-03
-2.970711793750524521e-04 -2.849670592695474625e-03
4.871322016697376966e-04 -3.639978822320699692e-03
4.604053683578968048e-04 -3.679296234622597694e-03
4.812314873561263084e-04 -3.250702982768416405e-03
5.936355446465313435e-04 -3.630810184404253960e-03
4.635122313629835844e-04 -4.591625183820724487e-03
5.294253933243453503e-04 -3.863211954012513161e-03
3.564057697076350451e-04 -3.141315421089529991e-03
5.020315293222665787e-04 -3.413998056203126907e-03
4.385362844914197922e-04 -4.667525645345449448e-03
-1.518064411357045174e-03 -3.761484520509839058e-03
3.810021094977855682e-03 1.178925577551126480e-02
8.319427724927663803e-04 -8.975836448371410370e-03
8.684548665769398212e-04 -2.582209890533704311e-05
3.237467957660555840e-03 9.887663647532463074e-03
-1.767210545949637890e-03 -3.075995715335011482e-03
4.482369404286146164e-04 -3.561114193871617317e-03
7.704645395278930664e-04 -1.195166073739528656e-02
4.715804941952228546e-03 1.613912358880043030e-02
-5.211901225266046822e-05 -2.821950009092688560e-03
4.764876211993396282e-04 -5.375712644308805466e-03
5.257714656181633472e-04 -5.515313241630792618e-03
-9.007674525491893291e-04 -2.811225131154060364e-03
4.471305001061409712e-04 -3.433558391407132149e-03
4.877044411841779947e-04 -4.458742216229438782e-03
5.068891914561390877e-04 -3.631602972745895386e-03
-3.277144278399646282e-04 -2.379273530095815659e-03
-4.946985282003879547e-04 -3.269012086093425751e-03
7.967269630171358585e-04 -1.167106255888938904e-02
6.905076443217694759e-04 -6.172899156808853149e-03
7.423295755870640278e-04 -1.153390668332576752e-02
5.086587043479084969e-04 -3.812861163169145584e-03
2.936602686531841755e-04 -2.792493440210819244e-03
7.517312769778072834e-04 -8.437912911176681519e-03
7.005610968917608261e-04 -7.153667043894529343e-03
4.970885929651558399e-04 -3.292867681011557579e-03
4.969705827534198761e-03 1.733185537159442902e-02
6.466416525654494762e-04 -5.431520286947488785e-03
4.424816579557955265e-04 -3.640639362856745720e-03
6.344430730678141117e-04 -6.405176129192113876e-03
4.447064129635691643e-04 -4.137842450290918350e-03
4.936529439873993397e-04 -3.356083529070019722e-03
4.921369254589080811e-03 1.728826761245727539e-02
7.530701113864779472e-04 -5.586118903011083603e-03
4.462241486180573702e-04 -3.798121120780706406e-03
7.001986377872526646e-04 -7.223846856504678726e-03
-9.193280129693448544e-04 -3.163028042763471603e-03
5.525941029191017151e-03 1.981401816010475159e-02
5.043306737206876278e-04 -3.993008751422166824e-03
4.229978367220610380e-04 -2.739726100116968155e-03
1.843933714553713799e-03 2.564724301919341087e-03
4.112490860279649496e-04 -3.751964541152119637e-03
5.245858803391456604e-03 1.810215972363948822e-02
6.676201592199504375e-04 -6.647381000220775604e-03
-2.056335215456783772e-04 -2.891907235607504845e-03
6.529706530272960663e-03 2.474038116633892059e-02
5.676407017745077610e-04 -3.729076357558369637e-03
5.007413565181195736e-04 -3.522281069308519363e-03
2.130633220076560974e-03 3.290212480351328850e-03
5.908136954531073570e-04 -3.469235030934214592e-03
5.246745422482490540e-04 -5.242669954895973206e-03
7.043437217362225056e-04 -1.072011189535260201e-03
5.161702632904052734e-03 1.780915632843971252e-02
-9.742754627950489521e-04 -2.988023450598120689e-03
5.146447569131851196e-03 1.797231473028659821e-02
7.111119921319186687e-04 -8.018329739570617676e-03
3.596737515181303024e-04 -3.946265671402215958e-03
2.343429718166589737e-03 4.786544013768434525e-03
5.661338102072477341e-03 2.127413637936115265e-02
4.890976124443113804e-04 -4.122273530811071396e-03
7.233008509501814842e-04 -8.200793527066707611e-03
-1.179016326204873621e-04 -4.843991715461015701e-03
7.672967622056603432e-04 -8.576328866183757782e-03
3.693075384944677353e-03 1.167955156415700912e-02
6.558776367455720901e-04 -3.694296581670641899e-03
4.238710389472544193e-04 -4.258805885910987854e-03
-8.284144860226660967e-05 -2.800396643579006195e-03
8.528056787326931953e-04 -1.257140748202800751e-02
6.335113197565078735e-03 2.341959066689014435e-02
7.689273334108293056e-04 -1.118830218911170959e-02
5.677024833858013153e-03 2.058871462941169739e-02
1.121926121413707733e-03 -1.755145005881786346e-02
4.222102928906679153e-03 1.452553737908601761e-02
5.207537673413753510e-03 1.862904429435729980e-02
4.947892739437520504e-04 -3.768400289118289948e-03
5.134661681950092316e-03 1.823786273598670959e-02
5.972343031316995621e-03 2.291993983089923859e-02
6.235687993466854095e-03 2.350347489118576050e-02
5.176390404812991619e-04 -4.115055315196514130e-03
2.796128159388899803e-03 7.366980426013469696e-03
1.475137542001903057e-03 1.407824340276420116e-03
4.956545773893594742e-03 1.690705865621566772e-02
-1.056615583365783095e-04 -2.870307071134448051e-03
3.806184686254709959e-04 -3.280913690105080605e-03
7.147048134356737137e-03 2.728101424872875214e-02
4.941662773489952087e-04 -4.985806997865438461e-03
4.104349936824291945e-04 -3.366642165929079056e-03
1.687266398221254349e-03 2.377813681960105896e-03
4.543522838503122330e-03 1.547106914222240448e-02
1.654216437600553036e-03 1.600239658728241920e-03
4.878784529864788055e-03 1.679049246013164520e-02
-4.247890610713511705e-04 -3.985458053648471832e-03
4.226727178320288658e-04 -4.479066003113985062e-03
6.695575546473264694e-03 2.550346776843070984e-02
7.625675061717629433e-04 -8.248554542660713196e-03
4.588820738717913628e-04 -3.864940255880355835e-03
1.551132183521986008e-03 1.549358130432665348e-03
7.375474669970571995e-04 -7.390073500573635101e-03
4.654142074286937714e-03 1.588287949562072754e-02
4.180649702902883291e-04 -3.387168981134891510e-03
3.884299891069531441e-03 1.211023889482021332e-02
4.580185341183096170e-04 -3.605073783546686172e-03
5.256157834082841873e-03 1.911329291760921478e-02
4.166486614849418402e-04 -3.678120439872145653e-03
6.737001240253448486e-04 -6.153244059532880783e-03
4.947128472849726677e-04 -3.250393783673644066e-03
5.440508830361068249e-04 -2.795991720631718636e-03
5.774286575615406036e-03 2.130678296089172363e-02
5.899742245674133301e-04 -4.071294330060482025e-03
6.728462874889373779e-03 2.580974623560905457e-02
5.230247625149786472e-04 -3.808404086157679558e-03
6.001996807754039764e-03 2.292345650494098663e-02
4.550837446004152298e-03 1.521130185574293137e-02
4.992306232452392578e-03 1.700943335890769958e-02
6.383074214681982994e-04 -2.974539529532194138e-03
6.988824461586773396e-04 -6.798917893320322037e-03
-5.634119734168052673e-02 9.202162735164165497e-03
3.846680920105427504e-04 -3.843162441626191139e-03
4.490719176828861237e-03 1.486080046743154526e-02
6.558994646184146404e-04 -7.068999111652374268e-03
5.237356293946504593e-03 1.854145899415016174e-02
7.582087710034102201e-05 -3.230523085221648216e-03
3.316331130918115377e-04 -3.255019662901759148e-03
-7.818383164703845978e-05 -3.014290705323219299e-03
7.597887306474149227e-04 -8.499901741743087769e-03
4.882568493485450745e-03 1.713048294186592102e-02
1.641049981117248535e-03 1.570348860695958138e-03
5.871990579180419445e-04 -4.204778466373682022e-03
2.997793955728411674e-03 5.595535039901733398e-03
5.049558822065591812e-04 -3.223541891202330589e-03
7.896958268247544765e-04 -1.169533655047416687e-02
1.081572845578193665e-03 -1.730741932988166809e-02
5.719414912164211273e-04 -5.720847751945257187e-03
5.978763103485107422e-03 2.194662205874919891e-02
6.548092933371663094e-04 -5.434284452348947525e-03
6.456979317590594292e-04 -6.177819333970546722e-03
1.239881152287125587e-03 -1.929050125181674957e-02
3.324148477986454964e-03 6.217702291905879974e-03
8.386249828618019819e-05 -2.948484150692820549e-03
5.279793986119329929e-04 -3.763402579352259636e-03
6.082059699110686779e-04 -3.658394096419215202e-03
3.343228308949619532e-04 -3.633517771959304810e-03
7.664527511224150658e-04 -1.090647373348474503e-02
5.597276613116264343e-03 2.037692815065383911e-02
5.390346632339060307e-04 -4.651707597076892853e-03
6.937094731256365776e-04 -6.957973353564739227e-03
4.948152229189872742e-03 1.657139509916305542e-02
4.926843103021383286e-04 -5.188019480556249619e-03
3.389039775356650352e-03 1.024318393319845200e-02
1.026343787088990211e-03 -1.442452985793352127e-02
-9.055541886482387781e-05 -2.987442770972847939e-03
8.497778326272964478e-04 -1.237899623811244965e-02
4.618734819814562798e-04 -3.857131348922848701e-03
-6.328474846668541431e-04 -2.982148202136158943e-03
4.825400188565254211e-03 1.645863614976406097e-02
-2.368885092437267303e-03 -2.748653292655944824e-03
4.423033911734819412e-03 1.472750492393970490e-02
9.068461949937045574e-04 -3.403924347367137671e-04
5.282024503685534000e-04 -5.371525883674621582e-03
7.727204356342554092e-04 -4.771001171320676804e-03
4.159871488809585571e-03 1.326477620750665665e-02
4.727423656731843948e-03 1.575041562318801880e-02
-4.687113396357744932e-04 -3.995680715888738632e-03
4.604377900250256062e-04 -3.456174395978450775e-03
5.718171596527099609e-04 -2.401268575340509415e-03
6.104523781687021255e-04 -4.056232981383800507e-03
5.214926786720752716e-04 -3.702198620885610580e-03
2.218531881226226687e-04 -3.105452982708811760e-03
3.766395966522395611e-04 -3.875229740515351295e-03
5.935267545282840729e-03 2.177946828305721283e-02
4.633652279153466225e-04 -4.137549549341201782e-03
4.306504270061850548e-04 -4.050401039421558380e-03
7.252222276292741299e-04 -2.868772484362125397e-03
3.807002794928848743e-04 -2.752621890977025032e-03
9.756729705259203911e-04 -1.367947738617658615e-02
4.386545624583959579e-03 1.416209619492292404e-02
5.977332126349210739e-03 2.253413386642932892e-02
-2.185755001846700907e-04 -4.111990798264741898e-03
5.400771042332053185e-04 -5.757298320531845093e-03
5.954097141511738300e-04 -4.189944360405206680e-03
2.375167328864336014e-03 4.954537376761436462e-03
-1.150200405390933156e-04 -3.930564969778060913e-03
3.223384846933186054e-04 -3.877495648339390755e-03
1.163408625870943069e-03 5.836947821080684662e-04
7.745140464976429939e-04 -9.702170267701148987e-03
5.944797769188880920e-03 2.166838385164737701e-02
-5.100734997540712357e-04 -3.098885994404554367e-03
4.785642959177494049e-04 -3.256518859416246414e-03
1.110611017793416977e-03 -1.775592565536499023e-02
5.733188008889555931e-04 -4.354955628514289856e-03
2.453679451718926430e-03 5.674984306097030640e-03
2.089577028527855873e-03 3.530391259118914604e-03
5.868203588761389256e-04 -6.220667622983455658e-03
5.380123620852828026e-04 -4.224925301969051361e-03
5.806835251860320568e-04 -3.794733667746186256e-03
5.109067424200475216e-04 -3.188939532265067101e-03
5.863843951374292374e-03 2.198965102434158325e-02
5.027798470109701157e-04 -3.838573582470417023e-03
5.093394313007593155e-03 1.792149245738983154e-02
1.756266457960009575e-03 2.336296252906322479e-03
3.947923891246318817e-03 1.241087261587381363e-02
4.806245211511850357e-03 1.659579761326313019e-02
6.209588609635829926e-04 -2.651903312653303146e-03
4.787278594449162483e-04 -3.570465603843331337e-03
5.730274133384227753e-03 2.112270332872867584e-02
6.447927444241940975e-04 -3.843389451503753662e-03
6.010624580085277557e-03 2.304510027170181274e-02
4.000196931883692741e-04 -3.091820748522877693e-03
6.360271945595741272e-03 2.420110069215297699e-02
5.066848825663328171e-04 -3.904856275767087936e-03
4.336482379585504532e-04 -4.794807173311710358e-03
5.060248076915740967e-04 -5.314611829817295074e-03
5.229305243119597435e-04 -3.533247159793972969e-03
6.294320803135633469e-03 2.412132360041141510e-02
7.651614723727107048e-04 -9.360237047076225281e-03
4.763992503285408020e-03 1.625709235668182373e-02
6.344980210997164249e-04 -6.216729991137981415e-03
6.140002515166997910e-03 2.347204089164733887e-02
4.416370938997715712e-04 -3.892448963597416878e-03
4.792423569597303867e-04 -3.155256155878305435e-03
2.132380381226539612e-03 4.515451844781637192e-03
7.327565690502524376e-04 -8.023444563150405884e-03
3.773113712668418884e-04 -3.924188669770956039e-03
7.612184854224324226e-04 -9.928745217621326447e-03
1.964361639693379402e-03 3.017634153366088867e-03
5.382140167057514191e-03 1.945725642144680023e-02
7.961170049384236336e-04 -8.383059874176979065e-03
7.616243092343211174e-04 -1.011759508401155472e-02
-2.068073954433202744e-03 -3.439616179093718529e-03
9.006244363263249397e-04 -1.106791198253631592e-02
7.969053694978356361e-04 -9.914165362715721130e-03
2.786954864859580994e-03 7.274497766047716141e-03
-8.703891944605857134e-05 -3.057391149923205376e-03
4.945804830640554428e-04 -3.203043248504400253e-03
4.474955145269632339e-03 1.525804772973060608e-02
7.316889823414385319e-04 -1.055241003632545471e-02
5.739122861996293068e-04 -3.351715160533785820e-03
5.146519397385418415e-04 -2.451243111863732338e-03
-5.829507790622301400e-05 -2.956818789243698120e-03
5.225499626249074936e-04 -4.152601584792137146e-03
6.857555359601974487e-03 2.628730051219463348e-02
4.335237317718565464e-04 -3.933384548872709274e-03
4.495404660701751709e-03 1.486439444124698639e-02
6.065920460969209671e-04 -4.066474735736846924e-03
4.573355894535779953e-03 1.513592805713415146e-02
4.412641574162989855e-04 -3.517564851790666580e-03
7.867794483900070190e-04 -8.937803097069263458e-03
5.665897624567151070e-04 -3.191944444552063942e-03
4.342860775068402290e-04 -3.277463838458061218e-03
7.734650280326604843e-04 -8.665150962769985199e-03
8.090257178992033005e-04 -1.077809371054172516e-02
-1.098353648558259010e-03 -3.175197634845972061e-03
4.759018309414386749e-03 1.570424064993858337e-02
7.067226688377559185e-04 -7.013090420514345169e-03
3.944216587115079165e-04 -3.594765206798911095e-03
6.305545102804899216e-03 2.403929270803928375e-02
1.244993065483868122e-03 -1.941021345555782318e-02
6.278537330217659473e-04 -4.011943005025386810e-03
-7.691769860684871674e-05 -2.770688850432634354e-03
4.393433919176459312e-04 -3.896220820024609566e-03
6.064055487513542175e-04 -3.718194318935275078e-03
8.228482911363244057e-04 -9.856243617832660675e-03
4.577357321977615356e-04 -5.136528983712196350e-03
5.266148364171385765e-04 -4.248276352882385254e-03
6.222865777090191841e-04 -4.682269413024187088e-03
5.738692358136177063e-03 2.120438776910305023e-02
4.020185209810733795e-03 1.286335941404104233e-02
4.009099211543798447e-04 -3.774990327656269073e-03
-1.217493787407875061e-03 -3.187106223776936531e-03
-1.000812844722531736e-04 -3.995129372924566269e-03
7.342325407080352306e-04 -7.699028123170137405e-03
-6.490134983323514462e-04 -3.073109313845634460e-03
5.744450027123093605e-04 -4.055719822645187378e-03
4.825482319574803114e-04 -3.673519939184188843e-03
8.136407122947275639e-04 -9.153456427156925201e-03
4.321743268519639969e-03 1.453273277729749680e-02
4.352769756224006414e-04 -3.638712922111153603e-03
6.013244856148958206e-03 2.247178368270397186e-02
6.226198747754096985e-04 -4.166824743151664734e-03
-1.752817188389599323e-03 -2.972201211377978325e-03
4.305071488488465548e-04 -3.916910383850336075e-03
6.031833254382945597e-05 -2.697551855817437172e-03
3.650636877864599228e-03 1.133627630770206451e-02
4.149253072682768106e-04 -3.824841463938355446e-03
6.041158922016620636e-03 2.250302210450172424e-02
2.618335420265793800e-03 6.566889584064483643e-03
-9.461232693865895271e-04 -4.035815130919218063e-03
4.672273935284465551e-04 -2.932727802544832230e-03
8.095903904177248478e-04 -9.443068876862525940e-03
3.200796199962496758e-03 8.457447402179241180e-03
-3.768278111238032579e-05 -3.027799772098660469e-03
-8.237967267632484436e-05 -3.294183406978845596e-03
5.144375027157366276e-04 -4.124020691961050034e-03
8.250167011283338070e-04 -9.864930063486099243e-03
7.844252977520227432e-04 -9.529319591820240021e-03
4.318615538068115711e-04 -4.876527935266494751e-03
4.973761388100683689e-04 -3.644376760348677635e-03
5.492374300956726074e-03 1.940770074725151062e-02
6.345870788209140301e-04 -6.337492261081933975e-03
5.801499355584383011e-04 -3.554976545274257660e-03
8.038196247071027756e-04 -1.175685133785009384e-02
4.118684737477451563e-04 -2.334732562303543091e-03
6.459122523665428162e-03 2.423875965178012848e-02
7.085715187713503838e-04 -8.176642470061779022e-03
8.144909515976905823e-04 -1.078034285455942154e-02
6.131011992692947388e-03 2.307519875466823578e-02
4.940416198223829269e-03 1.728353090584278107e-02
-1.005108351819217205e-03 -3.238786477595567703e-03
3.906009951606392860e-04 -3.614803310483694077e-03
8.675441495142877102e-04 -1.285226363688707352e-02
2.206085715442895889e-03 4.626057576388120651e-03
7.867514505051076412e-04 -2.501627197489142418e-03
3.235687327105551958e-04 -2.404006430879235268e-03
6.223164033144712448e-03 2.327629551291465759e-02
1.041710376739501953e-03 -1.496844552457332611e-02
7.710829377174377441e-04 -1.032853312790393829e-02
5.495914723724126816e-03 1.987485028803348541e-02
-6.645310786552727222e-04 -3.925363533198833466e-03
6.903738714754581451e-03 2.625448815524578094e-02
1.681326655671000481e-03 2.225677715614438057e-03
5.728807300329208374e-04 -3.172931261360645294e-03
7.490746211260557175e-04 -8.828159421682357788e-03
4.734840767923742533e-04 -2.028801245614886284e-03
5.075668450444936752e-04 -5.232595838606357574e-03
4.912578151561319828e-04 -3.422731999307870865e-03
5.867135478183627129e-04 -3.425745293498039246e-03
5.039600655436515808e-04 -5.131687037646770477e-03
5.278876051306724548e-04 -5.288614425808191299e-03
6.302454043179750443e-03 2.411459200084209442e-02
7.105916738510131836e-04 -8.057661354541778564e-03
1.707540825009346008e-03 1.987080089747905731e-03
5.481052678078413010e-03 1.994128711521625519e-02
3.097082953900098801e-04 -3.579534124583005905e-03
3.672685939818620682e-03 1.102139800786972046e-02
3.702623071148991585e-04 -3.554100170731544495e-03
5.300166667439043522e-04 -3.399000270292162895e-03
-1.994514092803001404e-02 7.462922367267310619e-04
4.853951686527580023e-04 -3.444174770265817642e-03
4.424756858497858047e-03 1.443324983119964600e-02
3.809353802353143692e-04 -3.542145714163780212e-03
5.030135507695376873e-04 -5.340170115232467651e-03
6.609868723899126053e-03 2.526041492819786072e-02
5.078040412627160549e-04 -3.445360576733946800e-03
6.435959134250879288e-03 2.425169199705123901e-02
5.843904335051774979e-03 2.229511737823486328e-02
-7.451858255080878735e-04 -3.179398598149418831e-03
7.386244251392781734e-04 -7.170856930315494537e-03
-7.096962654031813145e-04 -3.288275096565485001e-03
3.026566235348582268e-03 8.246352896094322205e-03
5.130193894729018211e-04 -2.248808275908231735e-03
6.021886947564780712e-04 -4.230525810271501541e-03
-8.936466765590012074e-04 -4.445126745849847794e-03
4.846993368119001389e-03 1.601267047226428986e-02
5.919748218730092049e-04 -3.200226230546832085e-03
5.527526955120265484e-04 -4.438393283635377884e-03
-4.168559680692851543e-04 -4.075246397405862808e-03
-7.358370930887758732e-04 -3.099793801084160805e-03
5.418834742158651352e-03 1.906522363424301147e-02
7.818499580025672913e-04 -9.225033223628997803e-03
5.372288869693875313e-04 -4.167934879660606384e-03
6.825559539720416069e-04 -3.461129963397979736e-03
5.720552988350391388e-03 2.189426124095916748e-02
7.195314392447471619e-04 -2.901173662394285202e-03
5.917417583987116814e-04 -4.000968299806118011e-03
4.639976657927036285e-03 1.592628099024295807e-02
2.933057548943907022e-04 -3.371995175257325172e-03
6.629384588450193405e-03 2.512325346469879150e-02
4.804606724064797163e-04 -3.515059826895594597e-03
7.726573967374861240e-04 -8.148161694407463074e-03
7.611069595441222191e-04 -9.983167983591556549e-03
3.784337022807449102e-04 -3.707172116264700890e-03
4.591803008224815130e-04 -3.738029859960079193e-03
4.322034306824207306e-03 1.433445978909730911e-02
4.412171838339418173e-04 -4.788293503224849701e-03
5.321379867382347584e-04 -3.136260900646448135e-03
5.311286658979952335e-04 -3.887662198394536972e-03
6.716831703670322895e-04 -1.717779785394668579e-03
4.797013243660330772e-04 -5.257112905383110046e-03
3.203504253178834915e-03 8.981345221400260925e-03
4.651343915611505508e-04 -3.542005550116300583e-03
4.731309134513139725e-03 1.594254747033119202e-02
4.914904711768031120e-04 -3.829946974292397499e-03
-3.390267665963619947e-04 -4.163384437561035156e-03
-3.561044868547469378e-04 -2.926932182163000107e-03
5.361653747968375683e-04 -3.215974662452936172e-03
-9.354914072901010513e-05 -2.934294985607266426e-03
7.673831423744559288e-04 -1.011669728904962540e-02
5.772426375187933445e-04 -3.590222448110580444e-03
7.832642295397818089e-04 -1.114241778850555420e-02
5.560962017625570297e-03 2.002847939729690552e-02
-3.606059122830629349e-03 -2.731409389525651932e-03
4.864474176429212093e-04 -5.019668955355882645e-03
3.534280695021152496e-04 -3.723257221281528473e-03
7.082941592670977116e-04 -8.645526133477687836e-03
5.076462402939796448e-04 -3.874686080962419510e-03
5.867698928341269493e-04 -4.038437269628047943e-03
5.180377513170242310e-03 1.832578517496585846e-02
5.176064441911876202e-04 -5.511108785867691040e-03
4.571942845359444618e-04 -3.738922532647848129e-03
5.262088030576705933e-03 1.841448247432708740e-02
5.740239284932613373e-04 -3.979121800512075424e-03
-7.332308450713753700e-04 -3.164800815284252167e-03
-5.594115704298019409e-02 9.402015246450901031e-03
2.773226005956530571e-03 5.165033042430877686e-03
4.872480640187859535e-04 -3.903370583429932594e-03
6.192593136802315712e-04 -5.655701737850904465e-03
6.193910259753465652e-03 2.331581525504589081e-02
4.493049345910549164e-03 1.491511799395084381e-02
-8.032277692109346390e-04 -3.033939981833100319e-03
5.807556677609682083e-03 2.128757722675800323e-02
6.503339391201734543e-03 2.478304132819175720e-02
4.641574632842093706e-04 -3.192976349964737892e-03
6.685755215585231781e-04 -6.492942105978727341e-03
1.979210181161761284e-03 4.089509136974811554e-03
6.590076256543397903e-03 2.460941486060619354e-02
6.962131010368466377e-04 -5.976017098873853683e-03
4.239471163600683212e-04 -3.526492509990930557e-03
2.358111552894115448e-03 5.536005832254886627e-03
7.754578837193548679e-04 -1.109865959733724594e-02
1.183404354378581047e-03 5.935239023528993130e-04
5.603115539997816086e-03 2.132466062903404236e-02
1.166234374977648258e-03 -1.809604652225971222e-02
5.240247701294720173e-04 -3.603372955694794655e-03
4.672135692089796066e-04 -3.288452746346592903e-03
3.334042849019169807e-04 -3.613232169300317764e-03
4.315291531383991241e-03 1.496157143265008926e-02
4.996604984626173973e-04 -3.342580515891313553e-03
7.787695503793656826e-04 -1.001584157347679138e-02
5.067865713499486446e-04 -5.403577350080013275e-03
4.383649502415210009e-04 -4.773806780576705933e-03
1.607892045285552740e-04 -2.961938269436359406e-03
4.654640797525644302e-04 -3.422344801947474480e-03
3.994207654614001513e-04 -3.941816277801990509e-03
4.922830499708652496e-03 1.746494695544242859e-02
3.780275583267211914e-04 -4.280186723917722702e-03
3.333540225867182016e-04 -3.563872305676341057e-03
5.416364874690771103e-04 -3.312427317723631859e-03
5.216274294070899487e-04 -5.552593152970075607e-03
6.245424970984458923e-03 2.385855652391910553e-02
5.907073616981506348e-03 2.243064716458320618e-02
4.438608884811401367e-04 -4.758648108690977097e-03
5.212746560573577881e-03 1.906410418450832367e-02
-4.945500288158655167e-03 -3.084824886173009872e-03
8.009781595319509506e-04 -9.222536347806453705e-03
5.069948965683579445e-04 -2.594313817098736763e-03
7.496536709368228912e-04 -9.758971631526947021e-03
7.505445973947644234e-04 -8.504133671522140503e-03
5.491276970133185387e-04 -4.482612479478120804e-03
7.146359421312808990e-04 -1.125309336930513382e-02
1.243442064151167870e-03 -1.957545243203639984e-02
8.032501791603863239e-04 -1.191621739417314529e-02
1.158251892775297165e-03 -1.840172894299030304e-02
5.061377305537462234e-04 -5.074920132756233215e-03
-5.336796492338180542e-02 8.869784884154796600e-03
-3.649037680588662624e-04 -3.117744810879230499e-03
4.455227754078805447e-04 -2.923977095633745193e-03
-4.322364402469247580e-04 -4.121381789445877075e-03
3.223653882741928101e-03 9.298312477767467499e-03
1.064533949829638004e-03 -1.698696985840797424e-02
-7.853770512156188488e-04 -3.076177090406417847e-03
-9.242484811693429947e-04 -2.974388422444462776e-03
5.218775477260351181e-04 -4.194305278360843658e-03
2.325372770428657532e-03 4.967332351952791214e-03
5.122374859638512135e-04 -3.328155726194381714e-03
4.152291221544146538e-04 -3.084670752286911011e-03
4.206873127259314060e-04 -3.587511600926518440e-03
-3.710348682943731546e-04 -3.248161170631647110e-03
5.766881513409316540e-04 -3.933293744921684265e-03
5.755943129770457745e-04 -3.691432764753699303e-03
5.660380702465772629e-04 -3.992870915681123734e-03
6.354740820825099945e-03 2.418966963887214661e-02
5.181452725082635880e-04 -5.314605310559272766e-03
5.384727264754474163e-04 -3.627912839874625206e-03
5.045539001002907753e-04 -3.578326664865016937e-03
5.239942111074924469e-04 -3.834714414551854134e-03
3.359442634973675013e-04 -3.620118601247668266e-03
8.060994441621005535e-04 -9.696649387478828430e-03
6.363046122714877129e-04 -5.981569644063711166e-03
8.162147714756429195e-04 -8.907844312489032745e-03
8.293329738080501556e-04 -1.236587576568126678e-02
5.210479139350354671e-04 -5.432755220681428909e-03
-3.264001570641994476e-04 -3.055819077417254448e-03
6.292097736150026321e-03 2.372573502361774445e-02
1.648628676775842905e-05 -3.155290847644209862e-03
8.394896867685019970e-04 -1.171740703284740448e-02
4.793968691956251860e-04 -3.656770102679729462e-03
5.897398106753826141e-03 2.225088886916637421e-02
7.135740597732365131e-04 -7.907064631581306458e-03
5.533323157578706741e-03 2.107556536793708801e-02
5.722705740481615067e-03 2.099388092756271362e-02
5.124051822349429131e-04 -5.393106490373611450e-03
5.433898768387734890e-04 -4.700699821114540100e-03
5.525191314518451691e-03 1.971702836453914642e-02
4.948488785885274410e-04 -3.718490712344646454e-03
4.972750321030616760e-04 -4.963187500834465027e-03
5.022053606808185577e-03 1.833710260689258575e-02
6.371037568897008896e-03 2.440359443426132202e-02
6.151041481643915176e-03 2.325562015175819397e-02
5.940918345004320145e-03 2.253115177154541016e-02
6.057096179574728012e-04 -4.103325773030519485e-03
1.237167045474052429e-03 -1.906570419669151306e-02
4.897118778899312019e-04 -3.306891070678830147e-03
7.294900133274495602e-04 -6.996046751737594604e-03
7.861862541176378727e-04 -1.151010114699602127e-02
5.101246060803532600e-04 -3.424664493650197983e-03
5.767256370745599270e-04 -3.632057458162307739e-03
4.503041855059564114e-04 -3.610126441344618797e-03
5.523430299945175648e-04 -3.304350888356566429e-03
5.286779487505555153e-04 -3.672108286991715431e-03
6.140238139778375626e-03 2.311756275594234467e-02
-1.598487375304102898e-03 -3.268719185143709183e-03
6.325463298708200455e-03 2.326486818492412567e-02
5.170952645130455494e-04 -5.193794611841440201e-03
-7.878796756267547607e-02 1.514504570513963699e-02
4.731641092803329229e-04 -5.347498692572116852e-03
5.129745113663375378e-04 -3.779606427997350693e-03
5.338856950402259827e-03 1.968420110642910004e-02
2.979997545480728149e-03 5.577397998422384262e-03
-4.422835772857069969e-04 -3.213760908693075180e-03
4.800222232006490231e-04 -3.879610681906342506e-03
6.009145290590822697e-04 -3.895726520568132401e-03
-6.246471311897039413e-04 -2.840471919625997543e-03
-7.493875455111265182e-04 -4.227161407470703125e-03
3.763647691812366247e-04 -3.447845811024308205e-03
5.118628614582121372e-04 -3.750372910872101784e-03
4.200838448014110327e-04 -3.272795584052801132e-03
4.388553497847169638e-04 -3.596125869080424309e-03
4.814929328858852386e-03 1.638784818351268768e-02
4.240206908434629440e-04 -3.575117560103535652e-03
7.537023629993200302e-04 -8.417864330112934113e-03
4.310724325478076935e-03 1.429780106991529465e-02
3.203452215529978275e-04 -3.047165693715214729e-03
5.570441950112581253e-03 1.973342336714267731e-02
5.202239379286766052e-03 1.824456267058849335e-02
6.932593882083892822e-03 2.665666490793228149e-02
5.793759599328041077e-03 2.220373786985874176e-02
8.072258206084370613e-04 -1.194018777459859848e-02
5.014071357436478138e-04 -4.961578641086816788e-03
-1.611556654097512364e-04 -3.087237244471907616e-03
5.365445977076888084e-04 -4.246626514941453934e-03
6.051972159184515476e-04 -5.320147611200809479e-03
5.533307557925581932e-04 -3.449338721111416817e-03
-1.357458822894841433e-04 -2.964099403470754623e-03
3.104761708527803421e-04 -3.491710405796766281e-03
8.337966282851994038e-04 -1.172981318086385727e-02
2.944055886473506689e-04 -2.755597466602921486e-03
1.201995299197733402e-03 1.007274608127772808e-03
5.531692295335233212e-04 -3.900466253980994225e-03
2.993587695527821779e-04 -3.532533068209886551e-03
4.504331736825406551e-04 -3.565864404663443565e-03
4.547460470348596573e-03 1.499483548104763031e-02
2.534111728891730309e-03 4.354693926870822906e-03
3.679013752844184637e-04 -3.521038219332695007e-03
-5.416315980255603790e-04 -4.067141097038984299e-03
5.810374277643859386e-04 -3.552188863977789879e-03
3.203320375178009272e-04 -3.600030904635787010e-03
6.618693936616182327e-03 2.548447065055370331e-02
5.207655020058155060e-03 1.876492984592914581e-02
4.848266835324466228e-04 -5.238698795437812805e-03
7.448748219758272171e-04 -1.063536666333675385e-02
1.119372667744755745e-03 -1.613276265561580658e-02
-8.248668746091425419e-04 -3.173897508531808853e-03
4.657880635932087898e-04 -3.723316593095660210e-03
4.678522527683526278e-04 -5.029926076531410217e-03
5.091547500342130661e-04 -5.383535288274288177e-03
-2.694564405828714371e-03 -2.605833346024155617e-03
4.366995126474648714e-04 -3.536393400281667709e-03
5.095229018479585648e-03 1.803137734532356262e-02
4.477529786527156830e-03 1.532069407403469086e-02
-3.011872195202158764e-06 -2.759848255664110184e-03
-4.921369836665689945e-04 -3.304796991869807243e-03
1.472951698815450072e-04 -3.929896280169487000e-03
7.663797005079686642e-04 -8.933495730161666870e-03
5.872138426639139652e-04 -2.532581565901637077e-03
5.484881694428622723e-04 -3.858070587739348412e-03
5.716025829315185547e-03 2.108242921531200409e-02
6.255169864743947983e-03 2.400632016360759735e-02
4.887196118943393230e-04 -3.940733149647712708e-03
3.874664194881916046e-03 1.245877053588628769e-02
7.757673738524317741e-04 -8.622764609754085541e-03
4.516296612564474344e-04 -5.114804487675428391e-03
2.481471747159957886e-03 5.227469839155673981e-03
-4.241678980179131031e-04 -4.151912406086921692e-03
-2.140013966709375381e-04 -3.985498566180467606e-03
6.682934705168008804e-03 2.570435591042041779e-02
5.199995939619839191e-04 -3.754460485652089119e-03
-7.307987543754279613e-04 -2.820122521370649338e-03
1.798017183318734169e-04 -3.569922177121043205e-03
8.590867510065436363e-04 -9.386197663843631744e-03
5.035942303948104382e-04 -5.305297207087278366e-03
2.589962386991828680e-04 -2.794351661577820778e-03
6.353327771648764610e-04 -4.795354325324296951e-03
1.076556160114705563e-03 -1.721808500587940216e-02
5.752575816586613655e-04 -3.194663440808653831e-03
5.444446578621864319e-04 -3.274589776992797852e-03
5.292334244586527348e-04 -3.531063441187143326e-03
7.344651967287063599e-04 -2.682116813957691193e-03
-8.662883192300796509e-02 1.655602641403675079e-02
2.251477213576436043e-03 5.385002586990594864e-03
4.074663156643509865e-04 -3.337568603456020355e-03
5.885887891054153442e-03 2.243486419320106506e-02
7.340332376770675182e-04 -9.722628630697727203e-03
2.605245681479573250e-03 5.892428103834390640e-03
5.567879998125135899e-04 -4.449364729225635529e-03
7.071743020787835121e-04 -6.903213448822498322e-03
7.724771858192980289e-04 -8.388826623558998108e-03
3.947023942600935698e-04 -4.349520429968833923e-03
4.166816361248493195e-03 1.426571607589721680e-02
6.213258951902389526e-03 2.309568412601947784e-02
5.585177335888147354e-03 2.078306302428245544e-02
-7.640245166840031743e-05 -2.983689540997147560e-03
5.853387527167797089e-03 2.075881510972976685e-02
7.860572659410536289e-04 -1.121926680207252502e-02
4.021863453090190887e-03 1.253936532884836197e-02
1.222479157149791718e-03 -1.828452199697494507e-02
4.457593313418328762e-04 -5.084941629320383072e-03
6.552907172590494156e-03 2.518286556005477905e-02
7.442221394740045071e-04 -9.551658295094966888e-03
5.405351403169333935e-04 -5.918031558394432068e-03
3.735926933586597443e-03 1.177207753062248230e-02
1.933419116539880633e-04 -3.066435456275939941e-03
6.015459657646715641e-04 -3.964699339121580124e-03
6.273849285207688808e-04 -4.282291978597640991e-03
4.956916091032326221e-04 -3.847118932753801346e-03
1.146163325756788254e-03 -1.693220622837543488e-02
3.710333490744233131e-03 1.127749588340520859e-02
4.099802754353731871e-04 -4.200505092740058899e-03
3.384918905794620514e-03 9.220877662301063538e-03
5.464428686536848545e-04 -4.921242129057645798e-03
6.504861172288656235e-03 2.476530894637107849e-02
-5.654316768050193787e-02 9.478322230279445648e-03
-1.811533933505415916e-03 -3.115756437182426453e-03
3.123572096228599548e-04 -2.861240645870566368e-03
7.580290548503398895e-04 -7.917811162769794464e-03
4.699472628999501467e-04 -3.280833829194307327e-03
4.768898943439126015e-04 -4.092586226761341095e-03
9.289819718105718493e-05 -3.943186253309249878e-03
3.785582375712692738e-04 -3.714574966579675674e-03
4.794717533513903618e-04 -3.448949428275227547e-03
4.737226408906280994e-04 -3.458991879597306252e-03
2.849791490007191896e-04 -4.326836671680212021e-03
4.533409955911338329e-04 -3.672775113955140114e-03
4.692045040428638458e-04 -5.412674508988857269e-03
1.752688549458980560e-03 2.271075965836644173e-03
5.844294792041182518e-04 -4.903233610093593597e-03
6.329341791570186615e-03 2.383854426443576813e-02
7.565466512460261583e-05 -3.003050340339541435e-03
5.629016086459159851e-04 -3.430856391787528992e-03
1.945827971212565899e-03 3.045080462470650673e-03
-2.405987819656729698e-03 -2.903898712247610092e-03
7.323937024921178818e-04 -7.356294430792331696e-03
-5.016982322558760643e-04 -2.888842020183801651e-03
3.591303247958421707e-04 -3.802519757300615311e-03
1.254130504094064236e-03 -1.977231167256832123e-02
6.377969402819871902e-03 2.440659701824188232e-02
5.188674549572169781e-04 -3.802282270044088364e-03
-5.379799287766218185e-03 -2.917311619967222214e-03
6.293004262261092663e-04 -4.428674466907978058e-03
7.119831861928105354e-04 -7.271094247698783875e-03
6.352511118166148663e-04 -4.279328510165214539e-03
3.741710679605603218e-05 -2.720312448218464851e-03
7.566349813714623451e-04 -1.076180581003427505e-02
-6.170032173395156860e-02 1.083816960453987122e-02
5.491493502631783485e-04 -3.853754838928580284e-03
-1.853459980338811874e-03 -3.206533147022128105e-03
5.672802799381315708e-04 -4.142418038100004196e-03
4.749539948534220457e-04 -3.969882149249315262e-03
-8.853424806147813797e-04 -4.316179081797599792e-03
-2.387948188697919250e-04 -4.272314719855785370e-03
-2.857290965039283037e-04 -3.821556223556399345e-03
1.228767650900408626e-04 -3.310326486825942993e-03
5.384808173403143883e-04 -3.790372749790549278e-03
7.546423003077507019e-04 -1.045528054237365723e-02
4.733491514343768358e-04 -3.835827810689806938e-03
-1.289165229536592960e-03 -3.277899231761693954e-03
5.015986389480531216e-04 -3.156255232170224190e-03
1.345583470538258553e-03 4.148753941990435123e-04
4.898026236332952976e-04 -4.904821515083312988e-03
5.051690968684852123e-04 -3.741330001503229141e-03
7.626943988725543022e-04 -7.328243926167488098e-03
2.305867528775706887e-04 -2.921788720414042473e-03
9.537110454402863979e-04 -1.254313625395298004e-02
5.487602320499718189e-04 -3.604774829000234604e-03
4.604345012921839952e-04 -3.733275458216667175e-03
4.982310347259044647e-04 -5.298793781548738480e-03
8.507503662258386612e-04 -1.241603400558233261e-02
3.483919717837125063e-04 -3.412698628380894661e-03
1.490115420892834663e-03 1.183069311082363129e-03
3.612427040934562683e-03 1.143549010157585144e-02
-5.988324410282075405e-04 -3.060065675526857376e-03
-8.829600992612540722e-04 -3.412043210119009018e-03
5.338467657566070557e-03 1.866876147687435150e-02
4.520901420619338751e-04 -3.286371240392327309e-03
6.193920969963073730e-03 2.378227561712265015e-02
3.064029733650386333e-04 -3.282734891399741173e-03
-8.058231323957443237e-04 -3.158007049933075905e-03
-9.242843370884656906e-04 -4.138545598834753036e-03
5.056234076619148254e-04 -3.410548903048038483e-03
7.533404859714210033e-04 -8.825947530567646027e-03
8.347422699443995953e-04 -9.281069971621036530e-03
3.269482636824250221e-03 9.479649364948272705e-03
6.489840336143970490e-03 2.440907992422580719e-02
4.588926385622471571e-04 -4.133098758757114410e-03
3.816052805632352829e-03 1.214013621211051941e-02
1.627853926038369536e-04 -3.036266658455133438e-03
-7.003476493991911411e-04 -4.061717074364423752e-03
6.738099269568920135e-03 2.559643425047397614e-02
5.724478978663682938e-04 -3.428916446864604950e-03
4.676374664995819330e-04 -4.317458719015121460e-03
7.754513644613325596e-04 -8.609347976744174957e-03
4.024035297334194183e-04 -3.727078437805175781e-03
5.941496696323156357e-03 2.179370447993278503e-02
3.349506296217441559e-04 -3.851057263091206551e-03
5.476544611155986786e-04 -3.241461236029863358e-03
5.717018575523979962e-05 -3.299025818705558777e-03
5.405420437455177307e-03 1.908101327717304230e-02
6.707937922328710556e-03 2.546801790595054626e-02
6.689737550914287567e-03 2.524386905133724213e-02
5.251005641184747219e-04 -2.966663567349314690e-03
5.084137665107846260e-04 -5.292495246976613998e-03
1.138419429480563849e-05 -2.800348913297057152e-03
5.453580524772405624e-04 -4.758356139063835144e-03
4.207747406326234341e-04 -3.863642690703272820e-03
4.398110788315534592e-03 1.543730124831199646e-02
-4.756153095513582230e-03 -3.068528603762388229e-03
5.289720837026834488e-03 1.836762391030788422e-02
4.906404064968228340e-04 -3.234783653169870377e-03
4.632776835933327675e-04 -3.765710163861513138e-03
1.412012963555753231e-03 6.886296323500573635e-04
6.024332717061042786e-03 2.272374741733074188e-02
8.960741688497364521e-04 -1.010037120431661606e-02
-2.451587060932070017e-04 -2.840491477400064468e-03
9.010557550936937332e-04 -1.118210889399051666e-02
5.356121109798550606e-04 -3.547463566064834595e-03
5.640310700982809067e-04 -3.078411798924207687e-03
7.760318694636225700e-04 -8.673300966620445251e-03
6.898299325257539749e-04 -2.295098034664988518e-03
1.102207810617983341e-03 -1.758393645286560059e-02
4.500597715377807617e-03 1.543354801833629608e-02
8.595493854954838753e-04 -1.010390813462436199e-03
4.332545504439622164e-04 -3.652655286714434624e-03
5.197859834879636765e-03 1.810252852737903595e-02
5.877969786524772644e-03 2.211458422243595123e-02
6.261480739340186119e-04 -5.395256914198398590e-03
-3.042705939151346684e-04 -4.034545272588729858e-03
4.628819879144430161e-03 1.530871447175741196e-02
5.676593864336609840e-04 -3.785578766837716103e-03
4.535796178970485926e-04 -4.891234450042247772e-03
5.190787487663328648e-04 -4.170204512774944305e-03
3.352077212184667587e-03 1.055686734616756439e-02
-7.562935352325439453e-04 -3.126928582787513733e-03
