-8.095749880039795343e+00 -5.502464699406684367e+00
-3.231259581931375635e+00 9.314515003176319752e+00
6.731923108690344826e+00 -4.081446764901317970e+00
4.395147043610688087e+00 -3.763032223612470695e+00
-3.919506075558412128e+00 2.765508758826324520e+00
-7.958101201577323813e+00 -6.206645722093092621e-01
5.942086112517135366e-01 -1.172427994244820937e+01
-1.480640489618931355e+00 -3.860065846021938363e+00
6.616237798295214745e+00 -3.765880156995117467e+00
-8.760184482435785513e-01 2.605933215417584936e+00
4.398337889412706758e+00 -9.150999423660405085e+00
3.162652159587624023e+00 -4.467392337763518739e+00
6.798718651739783958e+00 -1.023929856115777248e+01
3.396483323118792974e-01 2.376498012493791112e+00
6.766894927655468628e+00 -1.045960059366204575e+01
-9.957193220389154220e+00 -1.169527549441836012e+00
-6.398265783150924868e-01 -6.878593024756191054e-01
3.463049035111656071e+00 -7.501929752458663891e+00
-7.327989899745551483e+00 -8.947122961011642062e-01
9.650447082184307135e+00 -1.065943655371482457e+01
-2.833934184548727586e+00 4.154834976407152602e+00
2.790309470009089576e+00 -1.227840158504763757e+01
5.896710565585777886e+00 2.376849850137733977e+00
6.609231243482686757e+00 -4.797750235581870193e+00
-1.422205078834496650e+00 7.988874153258487709e+00
-2.534497584675908133e+00 -3.336245421782500387e+00
-5.420756313700326956e+00 -1.159316182791617855e+01
-3.191255789048071723e+00 2.278938027632764651e+00
1.189559591089477841e+01 6.469665055517554997e+00
8.301422379877252400e-01 -1.011531666593706025e-01
-3.801161497969427483e+00 2.434236638216209947e+00
1.231420780297532147e+01 8.664094949518714728e+00
1.704426646524461519e+00 2.794504649584223177e+00
3.875279617392068943e+00 1.048687393756270847e+00
7.204122908893235255e+00 6.298959273580966745e+00
1.062388786336233570e+00 4.966260402434626187e+00
2.558331084084329632e+00 -8.201182586748496206e+00
4.123778913740395069e+00 1.330209760032479949e+01
6.509562499860488058e-03 9.277210429172004780e-01
-3.355784471071327602e+00 -4.086192315852388290e-02
2.903042992640741726e+00 1.266038705084958416e+00
-9.997255822353059429e+00 -1.885508647732575316e+00
8.969517468409675232e+00 4.409318959022855644e+00
4.979405601780558577e+00 3.340071527116738270e+00
-7.336743097636024835e-01 -1.045001162630280062e-01
-1.527123238601621402e+01 -2.954173239903241655e+00
-8.800588589255445848e-01 1.045778318192855671e+01
-7.034457994968984273e+00 -3.178505968348167565e-01
8.945101068883525741e+00 -1.109069259672431684e+01
9.234201440006915007e-01 8.889421341773412477e-01
2.688065225138471792e+00 3.979627566590773213e+00
2.035653307512141019e+00 -3.248399307463524011e+00
4.686521877292431526e+00 1.284986018448602962e+01
-7.350846280477466577e-01 5.314912372944273322e+00
4.530446172693300966e+00 -3.361941050531482400e+00
-2.387886348549252524e+00 9.733968216255876271e+00
1.260841240901409366e+00 4.780119914466061104e+00
3.989519054734042003e-02 -1.418537749763414180e+00
4.355108924394362369e+00 -6.138505737739676782e+00
1.663891174044301868e+00 7.601845236928940430e+00
2.905592151030457870e+00 -3.692281591543104646e+00
1.143772737342358292e+00 5.952576527867493361e+00
-1.374338264659726194e+00 1.104539666438450585e+00
6.396192606008340498e+00 5.966301291575507371e+00
4.580521708053380436e+00 7.943396598949216347e+00
8.225825706468953058e+00 5.488374221041202539e+00
1.008682533830564587e+01 -1.230001784735491821e+00
8.069148356515157161e+00 3.733818688605488045e+00
4.988940858749160157e+00 4.145516149592322286e+00
1.089753640567074688e+00 3.907002334771934038e+00
3.417803733101986374e+00 8.067903797643451114e+00
9.551268283624321231e-01 1.523118746961181280e+01
-1.053006116990542473e+00 7.299231097905768684e-02
3.835787830041738733e+00 2.284589392297807997e+00
6.161247864985928580e+00 -8.564329954418136381e+00
8.641414080460137370e+00 -1.134094629678751520e+00
1.606508911412784180e+00 2.832619267934932683e+00
-9.374618402906744752e-01 1.356086802158704030e+00
-6.604967679125671509e+00 -7.042623960441122932e+00
6.266369045810654903e+00 3.882793600788130295e+00
-6.659044204497244657e+00 2.096273262582394548e+00
-5.859598073955090136e+00 -1.049363660905338058e+00
5.204881498452890165e-01 2.702489711080688362e-01
1.116436545189347029e+01 1.903630119624515560e+00
3.272531322562912681e+00 -4.642667060843074900e+00
1.854422467767387894e-01 1.122667321763720238e+01
1.099374836908869746e+01 3.059994772722053558e+00
9.946543040562600524e+00 -7.970518536836833867e+00
9.424046160879838041e+00 -4.246437251823237946e-01
1.713510517743348283e+00 1.309339370047021234e+01
-3.931144472927092348e+00 1.514533509229202934e+00
6.886374588323734613e+00 1.011608950531620010e+01
1.986313343705983891e+00 1.037613650842767754e+01
2.398787376034635169e-02 -2.876160331279573601e+00
-1.100894644945337619e+00 3.580741339145893098e-01
1.606536308600182927e+00 1.048236022097749753e+01
-1.132808455559671934e+01 -5.053159605985880987e+00
6.079624561419871398e+00 -1.341374970131530908e+01
-5.815198709441289360e+00 4.751850082069360437e-01
8.142874837892591700e+00 2.453103160650353942e+00
-1.256394149672478644e+00 -3.162243816965037535e+00
8.395917017592539722e+00 -8.084999613770850857e+00
7.694525403821783627e+00 2.859761305690945221e+00
4.549986717728625507e+00 4.234156042255377450e+00
-5.748355105062335824e+00 1.377225727699828095e+00
7.952608047886357667e+00 -1.219740618340288307e+01
1.439159786139387620e+01 7.633487235568375162e+00
-7.072432168693059573e+00 3.747823766501491516e+00
9.078913329293283319e-01 8.700000721727997544e+00
-4.164852449780000881e-02 1.137913376659019171e+01
-3.474520685330190761e-01 -1.214785920013713039e+01
-6.422177694697675854e+00 -2.968440549736276690e+00
-9.295365513100385668e-02 3.044483377183810457e+00
1.029676659092992530e+01 -1.406850811505539811e+00
9.240187884936228002e+00 1.147216577540398674e+01
-2.347181453119829619e+00 -7.090172737163015881e+00
-1.652223745203030170e+00 -1.354229002222985700e+00
-4.622708697079310092e+00 -3.252836902735162905e+00
9.249213109167595093e+00 -1.172143504862025898e+00
-3.421775374521707214e+00 1.138671872747495506e+01
5.473050622082862304e+00 2.355309109370920417e+00
-3.286962057774598933e-01 4.618912220805387214e+00
9.854431563596673271e+00 -6.345055978470811375e+00
-5.522002902579151717e-01 -5.740206439579724318e+00
-7.590971964403114391e+00 3.791004664171025773e+00
2.828915264210703828e+00 -2.765805436687531760e+00
-6.551006389443345235e+00 -1.481049770502108842e+00
8.912079692524859098e+00 -7.494417134911618428e-01
2.740180706311103442e+00 7.441637507992195033e+00
7.286632396575369874e+00 -4.779690444115180625e+00
-8.363739257834325258e+00 2.388591390989574514e-01
1.474053433302532845e+01 1.002069998578575927e+01
7.030154733072268236e+00 -5.706427891482312553e+00
9.562808002577710909e+00 -7.746142983439439078e+00
1.176015877122505993e+00 -9.013873841259613329e+00
5.736505812358505096e+00 2.510309341477685585e+00
2.408466611495745369e+00 -3.086432759245778978e+00
-8.240150366942794458e-01 1.381426604611846720e+01
1.091339765891668478e-01 3.058222411773902638e-01
1.493167410480469748e+01 7.402968041982839864e+00
4.568519832221804577e-01 -5.696371412972331072e+00
-3.474936981975466743e+00 1.739003494801466543e+00
-1.460846808826667065e+00 1.743288610269168037e+00
-6.134556647187482170e+00 -6.062431758742860000e-01
4.943614822310232526e+00 9.904864548427770643e+00
-1.298877629299887815e+00 -8.559084274251889113e+00
1.765916827218538820e+00 -7.635303140845092207e-01
9.915264086158407153e+00 3.714746825488891346e+00
-3.030700172173986573e+00 3.385480917457458716e+00
-6.252999053591445922e-01 -3.119064547192582637e+00
4.948298959694213961e-02 2.023021688194006629e+00
-5.092519254939824602e-01 6.532751633971374261e+00
5.394195747703676602e+00 -2.428878276320129537e+00
-2.920502982328114339e+00 3.047021785297165941e+00
-1.449897522042270737e+00 1.853851626364911853e-01
1.106344803260202703e+01 1.399054547621156663e+00
5.832690364923541759e-01 -8.839021281536478369e+00
6.018369299880915513e+00 -7.936760930711338702e+00
1.712550060359691040e+00 5.703202078518539331e+00
1.151975868206656450e+01 2.170185717121861035e+00
3.617931020952589893e+00 -5.290921996315448794e+00
4.277869269485055526e+00 -4.086483020403735900e+00
1.150874178246303003e+01 3.421889301070359490e+00
8.143992601130672915e-01 1.268608862148517780e+01
7.417413330931813542e-01 1.607137318612381072e-01
2.533516835442155557e+00 -2.450121522567094257e+00
2.708227634644828630e+00 -4.792697683771292461e+00
9.182669449038918685e+00 8.143621810502326142e-01
2.588928320829497753e+00 1.272293634253686356e+01
2.691996327168083791e+00 2.604428282012740237e+00
1.662886826124603035e+00 -1.459104165110886520e+01
8.616425050351272930e+00 -1.284927592520362971e+01
-1.733224289687832709e+00 1.699465869184684008e+00
6.990403300679504106e-01 2.487260800676895034e+00
1.055252935697060934e+01 3.174675422190567975e+00
1.686540790463766815e+00 6.324355360054004116e+00
-3.882272753935535725e+00 5.777715889085330403e+00
-1.022328223119351698e+01 -2.520562619060433551e+00
-7.338922895896798693e+00 -6.907232486061909427e-01
7.068591806481904882e+00 -1.004687095340917935e+01
4.951810763340805721e+00 6.428476044863426608e+00
7.456943595171523498e+00 1.767494059230955150e+00
-1.431590633779216803e+00 -2.635719765016542926e+00
1.563937194674581477e+00 -3.188447116599525177e+00
-2.693862053834775949e+00 -7.565751958646039554e+00
-2.902798263066543427e+00 3.729350130113817219e+00
4.926735824480691583e+00 3.858756380311698653e+00
4.386888184169549731e+00 -1.057170160901321765e+01
8.634949915198760761e-01 3.545561979710482259e+00
-5.302918060418424506e-01 1.347216338076614761e+01
3.696825217530881336e+00 -2.126973577976317475e+00
-1.102987382065965249e+01 1.501419855639540168e+00
3.334642545489988397e+00 1.426952442258380138e+00
-2.810424386683830988e+00 -1.427972719645083721e+01
6.975136367329396458e-01 -7.738709367765693736e-01
-2.188640074462812279e+00 -1.362097312421783712e+01
-2.262210455168361389e-01 -7.959400005808414669e+00
1.636987641620883727e+00 8.198611174659217182e-01
5.305641700925552762e+00 3.886858462905623757e+00
3.209821724710137936e+00 5.230344638018390863e-02
3.914604558569073411e+00 -2.021047662154993763e+00
2.676760276597266675e+00 6.130814712766141206e+00
7.632689447401793892e+00 6.124490936265440943e+00
2.943409506494066186e+00 3.137645775574006146e-01
-2.935520000433130328e+00 1.553967571586232221e+00
8.558779220800138532e+00 9.204894980824668949e+00
-3.024033742287373538e+00 5.619841709829401566e+00
1.862651815947876432e+00 -1.974047696294673138e+00
-1.083774754006906260e+00 1.133238988833700889e+00
6.674416954224164478e+00 -4.369060291551766895e+00
7.641758903716674212e+00 -1.961042656521475358e+00
-5.262911418324449642e-01 -9.054092811806357943e-01
1.809778151966479065e+00 4.723273156456786026e+00
8.424493344065144829e-01 2.226155073642342330e+00
6.843988449508449090e-01 -9.296323479021193492e+00
7.861684922596896996e+00 -7.551903722060969493e+00
2.940731947807893043e+00 -1.073927137989962688e+01
-1.390309816519824615e+01 -2.511035666954243073e+00
-4.668404678955918818e+00 3.557113307470845864e+00
-2.998910332536955381e-01 5.455418983367773755e+00
5.363292589491449824e+00 -1.996628630590835396e+00
1.030973764038401796e+01 8.234257786985484273e+00
9.327487681292602417e+00 6.578789995151247683e-02
1.275437121064027046e+01 5.258547020309943143e+00
1.380043158056587727e+00 3.626385746158674372e+00
1.010512808763652792e+01 -4.116864604960876584e+00
1.017718563583978586e+01 1.254805359826665967e+00
6.713095391571418880e+00 -1.121807807495495268e+01
8.085842865775494381e-01 -7.082672515864150142e+00
-2.409634540762010335e+00 2.639270489216304139e+00
-1.024192897306766437e+00 9.239655285472013091e+00
1.186533431037789299e+00 -4.045210540010805822e+00
3.426650214325646093e+00 4.417690558894177499e+00
5.004553319557856206e-01 1.416602223428586438e+00
2.033416938887258052e+00 6.839226684427075487e-01
-4.812269090747007261e-01 1.211155190775581225e+01
9.797867475552285654e+00 -1.104233409346892891e+01
8.847524834419367323e+00 6.294998910415843252e-01
7.521760445088957248e+00 -2.238743120552759258e+00
3.993443988938190081e+00 -3.930697539970104959e+00
7.217942201047045536e+00 1.172716441898173123e+01
1.805502687235251980e+00 -1.459257761315044100e+01
-6.377665192306624098e-01 -2.885064609470678221e+00
-3.595315623697830976e+00 9.377954238458933389e+00
1.526172818493848560e+01 8.766723366240539050e+00
2.664788931159390639e+00 -7.394963350489377474e-01
-2.412991499680190888e+00 -5.672457593321099445e+00
3.234300445059913542e+00 3.515993746926333152e+00
1.584466378712949819e-01 -1.394499580447754283e+01
-1.280862567194635426e+00 2.057018883339591486e+00
-1.244050108971006985e+00 9.041760840704037960e+00
3.871586801100086017e+00 -1.182671376159811238e+01
-7.646530686135586841e+00 -4.146581427174665713e+00
-1.533097413788292407e+01 -2.447454892195522369e+00
1.115953355474056785e+01 1.027771002799473088e+01
2.651319447500291027e+00 1.577000732283071649e+01
-8.749082315593335935e+00 1.295220941564593886e+00
4.288014429731795474e+00 2.352956333727637794e+00
-2.656139535424435483e+00 9.875694479681160765e-01
5.642840131684089044e+00 -8.825990975020658880e+00
-3.735189480411408525e+00 4.878382708461709960e+00
3.208708130991518637e+00 3.735722231678656247e+00
7.273324502611308695e+00 -9.191155670329177241e+00
3.007130087375863070e+00 2.854569458499629064e+00
3.604562259525414536e+00 8.675411257536900234e-01
-1.796449353082115508e+00 -3.402142907173260067e+00
9.641192460093035876e+00 1.337789369512791104e+01
1.054892543956335516e+01 1.048059604603122308e+00
-8.935689382567052474e-01 -2.253548753539073246e+00
1.091250759417518701e+01 8.791270401558861636e+00
-1.948679948304675946e+00 4.134426052019027353e-01
-3.386640506914816440e-01 3.875412515215561626e+00
4.155145360874999305e+00 -5.695797747867189287e+00
-7.414741249786112931e+00 -8.634074789900086699e+00
6.374555768057777350e+00 1.171880025424075100e+01
1.734889944622066027e+00 -4.825258688955953446e+00
7.336747518748579111e+00 9.967455298786424223e+00
1.260018115525174842e+00 4.364516052997779560e+00
1.649141300165564372e+00 -4.236733230781625892e+00
-3.118103616802704092e+00 1.320426031976234071e+01
2.555944568541633100e+00 5.057953352149994863e+00
9.732244399565718851e+00 3.671698955419018695e+00
5.699857204412465350e+00 5.387233365907072802e+00
-3.902870478392478915e-01 -3.538357147061475860e+00
7.003773190811974025e+00 7.805979153533163739e+00
-3.526370192065374498e-01 -6.428702775620592114e+00
5.215683260462588677e+00 3.187318790722813766e+00
9.450446289636659003e+00 9.741972735211593459e+00
-2.683380993103535950e+00 2.468636630026935230e-01
-2.509508258366828226e+00 1.949423996005924753e+00
2.672166361990137684e+00 3.228359943715832348e+00
-1.257849723282176591e+00 -1.589438548905538040e+00
6.295039224987398541e+00 4.251092616944553093e+00
5.714481023182134578e+00 -5.134734337043876273e+00
9.871402163449557676e+00 1.361133100842554278e+01
-4.768671951241642226e+00 -9.606419443447935080e+00
-4.471776979694313398e-02 -5.962453725308591856e+00
1.167048459834301966e+01 2.646550287703133275e+00
8.559107840204438489e+00 1.225883880518457048e+01
-1.589898554802658071e+00 -3.904209721242537512e+00
-4.839022297914480353e-01 1.659535116369060859e+01
-5.231373532755172029e+00 4.711976548551819910e+00
1.181637420452356579e+01 1.090010012263445383e+01
7.992196148806241851e+00 -6.497576297439846549e+00
1.729802196650232979e-02 -8.536144435802949459e+00
4.238199324279356084e+00 2.615333882814403932e+00
8.400824048207521599e+00 -4.302288138131494577e+00
1.722540839660817946e+00 4.546223414252549055e+00
7.342061602049072100e+00 -5.630403259919042114e+00
5.042295932785365586e+00 1.800561584207042154e-01
2.528266112613952732e+00 1.523415756177956881e+00
-6.034701760212822563e+00 -1.032221369241664988e+01
-1.764498554038520295e+00 1.241251738104161539e+01
2.756401609216701853e+00 2.765250709507383942e+00
3.201234342239521080e+00 -7.003498435806430500e+00
1.127996533892387454e+01 -1.486247072839673278e+00
-1.192268528941057282e+00 5.670218370192184665e+00
6.771398477651962011e+00 4.328014862742608493e+00
2.970492140454200625e-01 -1.809331067421281691e+00
-3.793262467410728700e+00 6.821256125625827060e+00
-3.279903909369891846e+00 -4.319119550431627985e+00
1.036350323075322954e+01 1.065556835926934065e+00
-2.644505486040135356e+00 9.019286654136358550e+00
2.301311536869246943e+00 1.533420585580525142e+01
6.668538391992153702e-01 5.856091567464067893e+00
-2.677277583635693237e+00 9.806936317494633570e+00
9.567108849981911689e+00 -1.269279072906443773e+01
-5.186362229958523251e-01 5.891812970794674698e+00
4.974290642793121719e+00 -1.441126523168049900e+01
9.265841684933000977e+00 -7.467390784151910488e+00
9.162243484242324598e+00 1.837607942870078226e+00
5.101148530775680978e-01 -5.524617379266415718e+00
2.150951032215556058e+00 -3.164021193113294217e+00
1.927354369392665134e+00 -2.582898453687919371e+00
7.127591970147629574e+00 -7.094170490577717203e+00
-2.819679259939158154e-03 -1.083453101552121112e+01
-4.457656936238480583e+00 2.103566465298890353e+00
1.265034429389262982e+01 1.049675625014799785e+01
7.100967594090748847e+00 2.030471924681490403e+00
-1.114211544340990123e+00 3.412711344105797906e+00
1.360814397338686632e+01 5.315019303662618100e+00
4.298487576694490997e+00 1.068112657331752224e+01
-4.086650043858334413e+00 -1.867872038986186922e+00
2.654837065026813270e-01 -6.122859463504843891e-01
8.018392915783222108e+00 2.567964343493930990e+00
6.951817660395844811e-01 -4.908858661438729065e+00
1.199192376880494848e+00 1.172205516603018083e+01
-1.489214157283311080e+00 1.590813172990298785e+00
-8.366584166505327547e-01 -1.475664297549866966e+01
-7.120224033888243653e+00 3.886245791859283205e+00
7.078467364985135291e+00 -2.038869605569095800e+00
7.621735431907003644e+00 1.231096000316779993e+01
-1.175031121369833675e+00 1.281665749051473124e+00
5.805661258308758121e+00 5.953755677028135240e-01
-7.747207204287298588e+00 1.113022595088532185e+00
-6.367987533298638425e+00 -5.849852829630510342e+00
-3.960284920142944642e+00 8.792946352825479650e+00
-3.724511782802298221e+00 1.133480089534368318e+01
-3.317665656314277012e+00 3.007631150939218401e+00
1.749534971597143107e-01 -3.863438490337448794e+00
6.639333539755561953e-01 3.787428108617015621e+00
6.652013441060596222e+00 -7.561412235517367186e+00
-5.393142977313333475e+00 -1.005374745244720280e+01
9.448605607789531291e+00 -1.107885281010056211e+01
-5.612216586240577065e-01 3.470675003088679489e+00
1.098665099696497371e+01 2.637139973995937137e+00
9.942202371697606011e+00 -6.873337691056500276e+00
1.026812269067660655e+00 -5.526405173199403720e+00
1.609622828429554620e+00 8.475425386596988631e+00
1.040304932776648483e+00 -6.711664448958115869e+00
-2.082781967909413723e+00 4.835834169511973535e+00
-4.936881412196609809e+00 1.531766408998270101e+00
5.656370458664955470e-01 3.650553994554052384e+00
-2.914851772961436716e+00 -2.823923236814720905e+00
3.442631447279348222e+00 -1.240623385877528406e+00
-4.512235542866438465e-01 4.197288946303092239e+00
9.605443542307781968e+00 -2.922758753706437673e+00
-1.115755094898831068e+00 -4.719844516017434599e-01
3.786723524605695612e+00 -6.066196788337942181e+00
-1.014778312160866314e+01 -4.417089751986808643e+00
1.139884489355078578e+01 3.833458232113410080e+00
1.408968233162074313e+00 1.298772878643885242e+01
1.318600084131645112e+01 5.033615081834978078e+00
3.481819989753032196e-01 -2.321790926701575497e+00
8.255581914150426082e-01 2.812960127508274510e+00
9.155877327008639099e+00 -6.390445911570438398e+00
-8.360696364944304904e+00 -9.799146061288658061e+00
-4.282089540483059037e-02 5.797823347953278805e+00
-8.994555596902864991e+00 2.677649346727545510e+00
-8.235698653563279237e+00 -7.629749436627960790e+00
4.749958451440675411e+00 -1.005585021393431155e+01
8.224484595399566000e-01 1.648837470487276580e+00
-5.539726227107773404e+00 4.987412432665186302e+00
-2.948837445361859877e-01 -1.183765547375822402e+00
-6.124991060802673637e-01 -6.671161646910707788e+00
-9.254975493613298854e-01 1.708195985688338858e+00
6.486262563518348401e+00 -1.084920704488115106e+01
1.249031478765342662e+01 -2.491399572556340924e+00
6.910179833505754488e+00 4.478817195229978232e+00
2.395528341476100831e+00 -2.418289827878309151e+00
7.476027572038860036e+00 1.071719416597949248e+01
-3.042082292231412133e+00 -1.153668907965706580e+01
-2.743185046939197402e+00 1.016784764988278944e+01
1.382774713601503613e+00 1.168871990577516584e+01
1.452658776797868612e+01 7.736323105269303113e+00
5.499717797822187393e+00 4.462278780694863833e+00
-8.366769317679583651e+00 -6.334721103409216014e-02
5.180816459899358684e+00 3.568729846710811948e+00
-5.989394373203772659e+00 5.692818032872466461e-01
-3.326819280040127946e+00 3.857961594683518292e-01
7.932953110839591204e+00 -3.888089381337426431e+00
1.325316370651368914e+01 1.015713104937129430e+01
2.119475898495935873e+00 -1.895179943603700234e+00
-4.006090381249357790e+00 6.584016523664632636e+00
-2.174872878019602052e+00 -9.463464552785217920e-01
1.277423415963558995e+01 2.949604643639375912e+00
-4.605914456542176683e-01 1.272178295741714038e+01
-1.235724822075213725e+00 -1.254245055631104577e+01
-1.866374996884347048e+00 -1.272242110882151067e+01
1.410091762297762452e+00 1.071901394538756591e+01
-1.450587726885690643e+01 -1.360884211697585000e+00
5.687696247104891967e+00 5.174131621891766564e-01
8.438679224907334131e+00 7.181000897782065628e+00
3.942923506185891380e+00 -9.455598117353231080e-01
2.461536295469816338e+00 -1.024027143339039370e+01
2.996875814470638666e+00 -8.298147189514702760e+00
4.339049565707354894e+00 2.789596132095319536e+00
-4.919397662746663458e-01 2.039061374708836638e+00
6.558969687162852225e+00 -1.052654295956296515e+01
9.356352839936773691e+00 2.978902335198600149e+00
6.511868481474873960e+00 -2.937130243370957849e+00
4.190033882982314994e-04 8.782100047915372798e+00
-3.033002414434669891e+00 1.525818646827845626e+00
-6.912122386209436975e+00 -9.258700706943120196e+00
-9.849641741329660860e+00 -2.561973744772677586e-01
7.232729213820384473e+00 -4.164010910265018572e-01
-1.349132179223839323e+00 1.261637121752554158e+01
-6.978162669112119687e+00 -1.164213364683584295e+01
-6.078118367463129168e+00 1.740466058958613171e+00
-1.305320733906738617e+01 -3.628495774116391015e+00
-1.663617993644822546e+00 -3.528520776067580300e+00
7.529929383241257490e+00 4.607627184622724137e+00
-1.678621792972142091e+00 7.952013587330839961e+00
5.132957549037369560e+00 1.135721352640952198e+01
-5.254360049061832516e-01 7.825863374519044235e+00
6.462342177541194332e-02 1.160032086249609584e+01
-7.187215711128409623e-01 9.396059578803127366e+00
1.058057288741435364e+01 8.788337564059032658e+00
-4.054567929803458703e+00 9.854078565689720293e+00
1.556026328423958827e+00 1.207849837869886400e+01
3.249598341987541161e+00 -8.368091378988800955e+00
9.284826442558351545e+00 -4.498381723216996697e+00
-2.239575840523676309e+00 2.520531659454737117e+00
-9.749926926539696836e+00 4.367272986967934756e+00
-5.834982651921389873e-01 -1.206554754451413025e+00
-2.809668992155025524e-01 3.271572146403081138e+00
-1.444497644739064057e+00 3.372739007562621794e-01
9.450833874331502571e+00 -2.413976606564935068e+00
1.749757852713947237e+00 1.430279021853646171e+01
9.912371516748343936e+00 -3.246695075039259581e+00
1.187658973256722428e+00 1.357049251813432056e+00
-5.522622477222177473e+00 -1.051643845351902762e+01
5.447555147678709631e+00 -6.633503827699111177e+00
2.639457125071789090e+00 2.943397765607418837e+00
-7.151301303416369493e+00 -8.595114068422082809e+00
7.715203524304809157e+00 6.008206536436304646e+00
1.064739985871573857e+01 1.596853686635182346e+00
1.656200474809396805e+00 1.446430036720985512e+01
-5.464161818729130760e-01 2.603758947922354405e+00
-6.530391370848562360e+00 1.379123402004700072e+00
9.145663095807947229e+00 -4.609618087470316539e+00
-2.748559371345603797e+00 3.605785063395509304e+00
-8.659122705481390625e+00 -7.705872114327562805e+00
-1.876854457812895172e+00 1.997854078058402205e+00
-9.065135311855003764e+00 -3.935150705642298075e+00
3.583489914433825252e+00 1.143166889794116292e+00
1.156387154548518303e+01 8.546086337356738838e+00
1.338377861468932473e+01 6.768569389329673669e+00
-2.405981945528694155e+00 -8.139065565154117721e+00
-2.198022631513885106e+00 1.313550933416906474e+01
7.516471592722596684e-01 -3.936847088947369233e+00
-7.754144626923172190e+00 -2.991908320066024807e+00
8.797807740467552762e+00 2.335205022738425118e+00
-3.970303568095210789e+00 -7.057571845859329507e+00
1.540784205835567100e+01 -2.098140755945209490e-01
2.069620531894195370e+00 5.772658492210432923e-01
-3.543382443641115431e-01 1.746239307081005609e+00
-5.726807970902598299e+00 -1.333270350654968439e+01
7.549155581335470488e-01 -1.248681450953987238e+01
1.632805002680111750e+00 -1.317122282144638490e+01
-1.167329980879769380e+01 -2.534779368449601389e+00
1.146755460257796733e-01 -1.811171679974967752e+00
2.254582611273789006e+00 4.546367174886828622e+00
-1.308830858046390100e+00 3.735751027789450340e+00
6.842107805942780452e+00 -1.228246416721338496e+00
3.444789987688448907e+00 9.629435514600544366e+00
4.121287727870157624e+00 -8.507075291809750306e-01
-3.587378894294976028e+00 1.924930518854919059e+00
5.056580698158884779e+00 7.138234614233347486e+00
4.235913427832218581e+00 -8.407249194526267289e+00
3.518736551108909261e+00 -6.562946196382937192e-01
6.650877044588275666e+00 -1.166692301799958642e+01
-8.769610468049670038e-01 2.504811716269673916e+00
3.340709079417781835e-01 -2.099395443158293073e+00
1.430629849816839050e+00 7.995409741028889350e+00
-3.380993190527246117e-01 -4.378335327730129123e+00
5.203991764570463197e+00 7.173820244165147741e+00
-9.543593950843414220e+00 4.924226254581111739e+00
2.320696979061519283e+00 -2.869201685475986086e-01
-3.175437108774284756e+00 4.164540687492587878e+00
9.243242642174623214e+00 -1.159605847893636188e+01
-3.774629218072860670e+00 -1.518037595470395518e+00
8.823445101554632686e+00 1.072344508968962984e+01
-3.962926799708901271e-01 4.419483832563867232e+00
2.239484684799167569e-01 4.983617536558758943e+00
-7.472162675729010495e+00 -6.856213894186809377e+00
4.185334982843942342e+00 -1.389421306398552147e+01
2.995085918451406926e+00 -4.770290825854312522e-01
7.908808365004212915e-01 1.798316873112768777e+00
-1.016371843444729173e+01 2.390720632597447715e+00
-7.691139048572031456e+00 -7.477291974899778815e+00
-5.721980008339206059e+00 -1.374234330715455066e+01
3.511864489325328353e+00 3.698491285880943558e+00
4.418368893888632520e+00 1.521958701562458316e+01
2.620151845086921671e+00 1.159918793039681617e+01
-2.462396177612902637e+00 3.897838461488132733e+00
-5.451404291522202072e+00 -8.442625116225235260e+00
8.925228732586280245e+00 -7.213576490975610156e+00
4.219516694325093908e-01 -1.138092602536727505e+00
4.583239053861783319e+00 8.394199488846680879e+00
1.072926582705876442e+01 8.577055325348059256e+00
-2.670078001691940539e+00 -3.174340211194027095e+00
5.154084992628916950e+00 1.114130091920297794e+01
1.349938591959626732e+00 3.946109258601010694e+00
4.995025683788379744e+00 4.002408855624512540e+00
2.971852381598889814e-02 5.852768376795910221e+00
4.534458086586397041e-01 1.936422419223265079e+00
3.125938711887953581e+00 4.903421437122340798e+00
4.822599552493369579e+00 4.407103793069525821e+00
4.223802515385854051e+00 -6.507372635454257370e+00
-3.832480097726207457e+00 -3.867874883830225485e+00
-3.695384980850220824e+00 1.614002765314659804e+00
5.291062601522575903e+00 -1.222072241885092936e+01
-1.009441772721777397e+01 2.632324863441689367e+00
-9.615564260540396813e-01 5.923794118901464678e+00
3.145251564715918491e+00 -1.005348113746149252e+01
3.217868358737947965e+00 1.259724720451374935e+01
-3.942287592917526950e+00 -9.262889419760506726e+00
-1.895548124846067051e+00 -4.421526226608789578e-01
7.672976354398001853e+00 -9.528932848776564768e+00
7.727494662464201802e+00 -5.882968132365301805e+00
1.001286640250018456e+00 -6.907992489947438752e-01
2.370945002263991075e+00 2.066608015954438660e+00
2.124481848095828018e-01 5.509424761056204822e+00
6.945460962984220110e+00 -1.017875744904407398e+01
4.812540333841532458e+00 -1.218003245699237880e+01
7.882821675115781801e+00 -1.409380998509513150e+00
5.228315983365872555e+00 -1.146863146885551288e+01
1.272643269502110153e+00 4.016241879525989100e-01
1.939256309170011683e+00 -1.183939443255641066e+01
1.827560968370009586e+00 -6.575843653023310864e+00
-6.472000085842201100e-01 3.080778368844521609e+00
3.527456380354265786e-01 -1.212237997065348516e+01
-4.676082788354443132e+00 2.071372979930044878e+00
-6.906100586487893267e+00 -1.043828015414322330e+01
4.252655487017965030e-01 -4.598610218116612636e+00
-4.592407475378140980e+00 -1.338337029718445947e+01
1.993955517753288831e+00 -5.202485547522724296e+00
-6.875515899190900448e-01 1.983329779295282647e+00
-6.850798245749362136e-01 8.988047084644527729e+00
6.859524023679488103e+00 1.304339303689671503e+01
5.597880261981766914e+00 8.628069766927209727e+00
1.468509820134281618e+01 -6.083572794787711624e-01
4.079910771179134699e+00 -1.113881525476732826e+01
-7.862213839835578977e-01 6.483282565290615196e+00
-1.236695358829271507e+00 1.214868046575489524e+00
6.914391295310626795e+00 -1.151931376980141764e+01
-5.060910985304214460e-01 3.113288542601426290e+00
5.120011677230229097e+00 -5.653507767373011639e+00
5.987545759840743109e+00 -1.248120958209305620e+01
1.812893976745142410e+00 -1.901261261022573756e-01
-5.936119297270036066e-01 -8.957370736360102725e+00
7.013079483014356796e+00 -9.077162852001604776e+00
-5.679104968476818449e+00 -3.430206428204161107e-01
1.536673946756266673e+00 -5.222177130245861498e+00
-6.761844006032249332e+00 2.336228224306314161e+00
1.932807930717146849e+00 -2.080163065704603742e+00
-7.564145851361162798e+00 4.370974604146087295e+00
-2.872625121108145496e+00 -2.062174016760071282e+00
-2.066384756571097547e+00 1.169724908533725838e+01
-8.906729908419708241e-01 3.135896941323900400e+00
1.097315434852006444e+00 1.120439216637955049e+01
9.028893013680350244e-01 5.443343573961096027e+00
2.768319790745384257e+00 1.112296460112482066e+01
1.830186745200614862e+00 -4.144381079624549713e+00
-2.185927225381135042e+00 8.620833582994949396e+00
2.583769751655447422e+00 1.050692261438909902e+01
1.720122535467821123e+00 7.372977038535716510e+00
1.036384520151910404e+00 -2.361032117009382869e+00
-5.087418414659505395e+00 5.002707988826077923e+00
1.111270975912860592e+01 8.286842120137951184e+00
-4.800972782481170986e-01 -1.165723284178716845e+00
-5.898361232191070558e-01 2.283972650669872539e+00
8.819528476585559718e-01 1.122197939428494351e+01
-8.209822018882119821e+00 1.415584882746521611e+00
4.546891740987021535e+00 5.634073672439345870e+00
8.770920109446944224e+00 -8.453980180107579789e-01
2.845083377851233220e+00 3.860572027946854057e+00
2.347756520719842310e+00 2.396848467458672971e+00
2.318940632677572555e+00 -7.521932982983019045e+00
3.639504131973571699e+00 2.299782908511748492e+00
-3.917051034654312147e+00 -1.296016004845787606e+00
-7.745474918718859847e+00 -1.155257556607068992e+01
-1.262520120491165354e+00 1.224920505001576920e+01
-2.690206928605975989e+00 7.283745611005613796e+00
2.898755569583389757e+00 1.232185630535652088e+01
-5.110823560495707518e+00 -3.434882504039578066e+00
-9.914393915735825402e+00 -6.675019157139511883e+00
8.558327203749785284e+00 1.307985474680490334e+01
6.970284157681812864e+00 3.878951911758281135e+00
7.728908344758337989e+00 -1.000278201859712368e+01
1.723993594730243828e+00 -6.682528562383523330e+00
9.023723541605630505e-01 -9.330341147192189766e+00
-1.397010432501268262e+01 -4.852896570383261610e-01
4.474135627992119613e-01 4.449223592441706288e+00
-9.982247245266274716e-01 2.863649271501299554e-01
2.236293114310626162e+00 1.225812646036665754e+01
-2.116155738748398907e+00 1.361337606349035667e+01
8.575694530526321913e+00 -8.933379817843828619e+00
9.265970335001432190e+00 1.404556114634183617e+00
-3.940745005501340881e+00 7.620397036459580775e+00
4.997876856242647214e+00 9.944959311013208403e-01
-4.860093414648429366e+00 2.210360873189180175e+00
3.113025013741280489e+00 9.113057658361638502e+00
7.253982331435072872e+00 -1.060896476358199614e+01
6.274464346830532335e+00 1.030345634969367374e+01
3.851023260043840768e+00 -1.201892238526941936e+00
-8.043931810106135227e-01 -1.296907462622696627e+01
8.732788868239174107e+00 -5.675448741448153867e-02
2.522610885196931996e+00 -2.145498880920287732e+00
1.146478560427361160e+01 2.472956789811859846e+00
2.599772884515601845e+00 -1.488845557994226176e+01
-2.804590792919358311e+00 3.953466158124314678e+00
9.466062709776830175e+00 -5.934311433399988012e+00
-1.156519835119008910e+00 -3.664637888497748741e-02
1.258469003794871632e+01 6.256081195902772230e+00
3.038165536487085649e+00 3.451559582981563068e+00
8.279456691644557775e-01 1.165461299050961586e+01
3.699943725286306773e+00 4.583836701623001275e+00
8.110972609464665695e+00 1.233182767611952713e+01
-6.067155627559129627e+00 2.791426206631776541e+00
-5.587698384360218817e+00 2.558093666284770418e+00
-3.979134345956030216e+00 -1.343877746874820289e+01
-6.902144806742223082e+00 -4.854760738276840293e+00
-4.189815416761883071e+00 6.286607333854251856e+00
-1.487244179994457483e+01 -2.297063461367183201e+00
3.632380592140438846e+00 -1.948849044627724236e+00
4.021378252923531349e+00 4.769621207042070488e+00
5.642134951522589148e+00 1.612372088179446994e+00
6.270789328714453603e+00 1.336110361754818321e+01
6.919664510847213457e+00 3.746778178284411620e+00
-4.230351573773470264e+00 8.469421086579151492e+00
-2.003267309834222853e+00 1.248809157285484028e+00
4.559047951120329678e+00 2.136389697247211394e+00
3.349994800726715738e+00 3.375842908694208777e+00
-2.464332920272674254e+00 1.434838045197590795e+01
-1.040840023951236404e+01 -3.718393413230519418e+00
7.538020595379935962e+00 4.499786767109820396e+00
4.561068859795884833e+00 5.321959559201646428e+00
-5.108383984227228503e+00 -5.567991612385473132e+00
-1.271831482886988732e-02 3.793177238777030169e+00
-3.311018381220025120e+00 4.704677071240628727e+00
8.403520466964710778e+00 1.121515226420957845e+01
9.322158112717733758e+00 9.483368721015303038e+00
-8.870148488742430004e+00 -1.976561206315064156e+00
-1.694136573659197828e-02 -3.672589594989246753e-01
-7.723851860259212998e+00 -7.218089293103642667e+00
-6.784058549004510219e+00 -4.212253800662186798e+00
-3.701133406096803302e+00 6.320271706966476444e+00
-9.561065927220830929e-01 1.481808284457679470e+01
7.940943670151001221e+00 -8.910005243209475623e+00
8.472835806121061353e+00 8.098222673382201364e+00
-7.820780810873806388e+00 5.467205120199402302e+00
-7.365616104653186724e+00 -9.973373830399173912e+00
5.428488426428822455e-01 4.207253674136911314e+00
4.126581886739279170e+00 -1.191284816293566529e+01
7.897932659630601648e+00 -7.973064161456300702e+00
3.673663381007909456e-01 -1.115886753360494232e+01
-1.364388917831897308e+00 4.685545227230488052e+00
6.011214517620222964e+00 -2.305986712409266559e+00
-7.707469372305123301e+00 2.062659712021787661e-01
-2.086664486571015775e+00 6.850074309391278149e+00
1.644379028793164998e+00 -1.158154195271279896e+01
5.283331523092948956e-01 5.515537596854190205e+00
-1.989891354842721616e-01 4.279502691345558496e+00
7.749133317575153335e+00 -5.440777992457399570e+00
-8.512268971697052322e+00 2.874658540010041285e+00
6.625145415185675901e+00 -1.142176673993437852e+01
1.234217101931136185e+01 7.020855440408610981e+00
6.887637135015101997e+00 -5.959628701111569171e+00
1.407176770337331462e+01 1.025752585719657084e+01
6.508304179038423953e+00 6.101191576836423991e+00
1.823033289333208185e+00 2.963066258499245986e+00
9.414108016445081883e-01 2.016645001467309573e-01
-9.492963510975593877e+00 -2.688408592024043475e+00
-2.066710637560596753e-01 -9.589340069272165312e-01
1.095096639419613549e+00 2.806421104045147552e-01
3.802847460153562675e+00 3.426052812285836913e-01
4.355822617974463462e+00 -2.239335484312399593e+00
9.146870419520675810e+00 -1.117592154093328993e+01
8.539499837663216297e+00 -1.887990944596349419e+00
9.916444656641679956e+00 5.625373577597101438e+00
-1.433733121255874376e+00 2.643745640258381879e+00
3.652945259287134760e+00 1.099788604241349432e+01
-5.821333438805548433e+00 -9.481233700452168733e+00
-4.970454715633394471e+00 -9.351366497020624280e+00
8.859462147116508035e+00 -1.133650960499726779e+01
-6.141456941364360489e-01 -4.509750896942859910e+00
-5.168652629490720907e-01 -1.342900512737693575e+01
3.807941605529382656e+00 1.092400234720683905e+01
9.118038908200031045e+00 1.033528534274720201e+01
4.623095319764353839e+00 -2.289456701773438851e+00
4.570046981681768372e+00 -1.075679718196998458e+01
8.996858648453699425e-01 -7.221033760878589725e+00
9.998963284328075574e+00 -4.791079729681380073e+00
-1.239492304087050911e-01 -1.408617861434037799e+01
-3.855145020308365034e+00 4.075329571501876913e+00
8.651211082767506610e+00 -1.218525457436543036e+01
4.932224205250763660e+00 1.347614758497613430e+01
-1.382609820902278130e+00 -1.294251739157461856e+01
5.493975499375020055e-01 -7.227010293583341571e+00
3.525163589908683281e+00 2.239187674316360788e-01
1.156359932754637665e+00 4.139152790175351093e+00
1.793547272530116032e+00 -5.134982140132709816e+00
3.873207513791007806e+00 4.626771301814856407e+00
-6.781970497182878255e+00 8.311810095682653499e-01
1.171096977361158764e+01 1.198949530014019693e+01
1.729300165165101433e+00 -1.069122024868249632e+01
9.302509787875948177e+00 -8.144423210258587176e+00
-7.366514458707942303e-01 1.449083411201951499e+00
4.928556573698886778e-01 1.631784753120142817e+00
3.740636324535139501e+00 1.409544596028286856e+00
1.071377598739921133e+01 1.321650754208851986e+01
1.191324689197592157e+01 7.695721447489284550e+00
7.269513216002541078e+00 -7.416684963831842836e+00
-3.406161523286404869e+00 7.117429829811566577e+00
-4.576650221678582930e+00 2.478260053611915481e+00
-6.125299936215464897e-02 1.189638798940341147e+01
2.646493962976167236e+00 2.678256038665943528e+00
8.163045246093956209e+00 4.935051162815456749e+00
-4.183171674372934135e-01 -2.274724425172111264e+00
1.949593877942137787e+00 1.362103568791815000e+01
4.892771982393073316e+00 -3.533590671136357830e+00
4.195095706666151614e+00 1.834326825979077258e+00
-3.290261422568178662e-01 2.559122832692123595e+00
-5.666534291573045223e+00 -1.007916822942677015e+01
1.260035993615211902e+00 -4.829445988409491797e+00
7.833020347842819753e+00 -2.067972131914126432e-01
2.005846213303727144e+00 1.547345438252721728e+01
3.200830727605586290e+00 2.326929658472234319e+00
-7.468193125809603039e+00 -2.687622533557208371e+00
8.817419418642140627e+00 -6.551753680158259208e+00
-6.070725824012288108e+00 5.297364973933062160e+00
-4.832292711067355917e+00 -2.794461986710679469e+00
9.575370743423465836e-01 1.567919856069660778e+00
1.324094711236481814e+01 6.452030523854518584e+00
5.585657700355924682e+00 4.693092253100615174e+00
-3.912297428011649369e+00 -6.146688875795989659e+00
-5.409879144606923873e-01 1.549569253468911079e+01
9.526549171338874800e+00 5.780622129436359558e+00
-6.035333052426388178e+00 -4.399938664288454565e-02
-3.236185077076964234e+00 -7.927081649847179889e+00
-4.544253565236886505e-01 -2.568587060015097734e+00
-9.683685601349195649e-01 2.089138966560752042e+00
3.497931472580022572e+00 -7.902789618325269494e+00
-8.325459950512864582e-01 4.500587809157104324e+00
5.639631223228954937e+00 6.267310510132843682e+00
-5.468395767487828074e+00 -7.669896467015263397e+00
-3.794228452843053656e+00 -7.431247065899032833e+00
6.232665944971821581e+00 4.480005646230100780e+00
-4.755342131227333624e+00 -4.479078239290911867e+00
9.291726932659928551e+00 4.572038770371025684e+00
1.383997441155388586e+00 9.339522714292129713e-02
5.086889449854533396e+00 -9.454550764567793308e+00
1.493788332806536889e+00 -8.850502873521163494e+00
-1.169538052550244878e+01 -4.828502435800552384e+00
-8.494145790576641986e+00 3.251288669974928269e-01
1.167666390174286084e+00 -5.436708931247226317e+00
8.795796222260948483e+00 -9.675030324412595917e+00
-3.583081055742283638e+00 6.586293908857498991e+00
-5.417086686532288198e+00 -4.355900141189395391e+00
5.460675412551303509e+00 1.433156946964169620e+01
-5.799244778182344184e+00 -1.822408353711963747e+00
-8.847021069689962047e-01 1.100858755921107779e+01
-5.171356878912294341e+00 -1.145658841078831713e+01
9.476594033648412463e+00 -5.161752156052953566e+00
-3.312805117125399157e+00 -5.966255420233460782e+00
-4.142566557065567423e+00 -5.699060043599512015e-01
-2.012216115116929327e+00 4.181694287311116476e+00
-2.537354614611118997e+00 1.209209332972555284e+00
6.260874847380549779e-01 8.413280310789303940e+00
-2.468612658937560322e+00 7.338064732052258954e+00
-5.202660307159057140e-01 1.530038210993821046e+01
2.491960912216302226e+00 2.078183239225117607e+00
7.356951049286806210e-01 1.320224991335403431e+01
1.091733383952071357e+01 6.267382454246930301e+00
5.825080157817577486e+00 -4.957349643281324880e+00
9.161354372917945854e-01 -4.473991860378076169e+00
5.111226067510480142e+00 -7.274089378398857164e+00
-9.155442555906425639e+00 -4.334391382317521746e+00
8.563252100108476483e+00 8.460909811177005579e+00
2.240400681828830787e-01 2.301674491982586446e+00
8.035349202923935508e+00 -1.108457435788082179e+01
2.651545707888462555e+00 -2.393091711098277674e+00
4.680590788106393063e+00 -4.530831229493840873e+00
-5.988372902579868207e-01 -1.378612149298348966e+00
3.375660525177548443e+00 -1.675852209270315862e+00
-7.884575428269233743e-01 1.669513285808594816e+00
3.859819471623261222e+00 2.104520094422670073e+00
-1.407031154578561205e+00 2.271005406895261647e+00
-6.122502350177687624e+00 6.659601915118484428e+00
6.962592051475875898e+00 -2.227440667017139830e+00
-2.991004635758796049e+00 -1.931511385992118468e+00
-1.997385989845682941e+00 5.223585902369115574e-01
-8.590745054508948542e+00 5.234517644293415373e+00
-2.869492698410566422e+00 -1.219045774836903639e+01
-6.329456702411688340e+00 -3.391656964039432065e+00
5.371212743660178646e-01 -1.321052275222705141e+01
6.268844412332144955e+00 1.033017047891557239e+00
3.845255606543471760e+00 -7.361025107544863388e+00
1.050737573432340177e+01 -1.474128611748618978e+00
-5.933534663810677845e-01 2.180587534656998283e+00
8.173245634231697920e+00 3.668532677190547542e+00
1.042047992310701554e+00 5.320018628014595130e+00
8.423266308364240729e+00 -6.864754977223691768e+00
7.654526562587958827e-01 1.615009597092319993e+01
9.242492441053514085e+00 1.218400866621743717e+01
-1.108613253635086560e+00 -1.851832379650296234e+00
4.451488936837071364e-01 1.511745921138710314e+00
-3.487788698178467151e+00 -7.671073908618552650e+00
6.951178885430167931e+00 -1.952288148830134906e+00
9.720822115762584037e-01 -8.443819009308064949e+00
-5.587798326506848490e+00 -7.134538577100311585e+00
1.113487992310076002e+00 1.285022698986114653e+00
-2.806519761379354438e+00 4.555254752240941230e+00
-2.907854494774971155e+00 -1.700314985188537520e+00
1.546278231078701104e+00 -5.962233227534089686e+00
-9.176181456031202721e-01 1.088836736674969830e+00
-4.778245057152196829e+00 3.298362812061978566e+00
1.561823577053541134e+00 -4.654938237516051736e+00
-5.413616252612967195e-01 7.907453983931578279e+00
-1.308750574368796160e+00 4.088542222495636480e+00
1.235212123152354291e+00 -7.186857940211207385e+00
-7.118048362126871531e+00 -9.156962110828011703e+00
-1.298674028158943905e+01 -2.821911672065012811e-01
6.619917353531440618e+00 -2.086290414121512171e+00
8.568618583867268157e+00 1.854463441581954752e+00
5.055371436422119169e-01 5.823187018957860062e+00
-7.959388511408062028e-01 1.468280274274982311e-01
4.465572178276124404e+00 -2.984581324670839919e+00
-9.130677667282018906e-01 4.695877132700960743e+00
-1.936644591701267570e+00 7.072079864109171332e+00
3.414972652681705245e+00 1.180374790495136317e+01
-1.058726703029888228e+01 -5.240279096201513553e+00
-8.753539641888441469e-01 -5.776172531691558198e+00
3.426134846184574201e+00 1.580756183988847319e+00
9.320841923717206878e-01 -2.601574230027627888e-01
6.011442500545564727e+00 -1.024807644535358975e+01
-8.131480069241829867e+00 -2.352826771377327653e+00
-1.739088771332042871e+00 3.776751735033570423e+00
3.426518486279697684e-02 2.796804443549531616e+00
-5.913703059333311529e+00 2.397744132151441665e+00
1.609716760319290119e+00 2.106888371474046728e+00
1.507784781704741617e+00 5.951469844925893149e+00
9.755680891649861408e+00 1.424500622994673282e+00
1.011044439943590278e+00 1.615262826241207961e+01
-5.506844673303984194e+00 -1.523698584061390582e+00
8.373817033451199876e+00 1.228828173203341656e+01
4.629231714094569905e-01 4.623481034130069389e+00
-9.792490757353679243e+00 3.210468141060683678e+00
-3.277779814183352514e+00 -3.169097231438016138e+00
-2.252379371869579927e+00 -5.589380988514748516e+00
1.450143563406188774e+00 3.926952892053988897e+00
-1.049352239551480359e+01 3.594118812368909843e+00
1.184210040300552613e+01 5.642791498090246272e+00
7.241280698986041209e+00 1.865329371011446469e+00
-5.216469355287037146e+00 4.962223276264873029e+00
6.191041453313279597e-01 -4.564153112166276394e+00
1.088561515283772962e+01 -3.614446756014231710e+00
7.118600137172159670e+00 3.757969674403069948e+00
-2.012082016129275175e+00 4.074963267462077710e+00
-4.480871329336745035e+00 9.831435200320713719e+00
1.006147773413490398e+01 4.279171353883812756e+00
-3.487258407953267358e+00 2.229172199503751450e+00
2.984955832938204434e+00 2.497417375476335355e+00
8.381473058439194546e+00 1.185041205006305809e+01
-6.723194272068002242e+00 1.007003220983166303e+00
-5.729495731471600628e+00 -4.091659269397069032e+00
-4.414203042873068306e+00 2.304040181918022512e+00
-4.729493629442783620e-01 -1.137811683175212885e+01
-7.797928321738037738e+00 6.755675376366139240e-01
3.119344618315517348e+00 -7.054901146444036986e-01
-3.140373065997987378e+00 2.414864772267355963e+00
1.448331814200153334e+00 5.343827360268063487e+00
1.017922167444749526e+01 4.016701648837664784e+00
1.328157620444094178e+01 1.080678451930092621e+01
1.724737266356977106e+00 -1.414906268093850272e+01
-3.192526166279940014e+00 8.141819453542256113e+00
-2.453379358702201696e+00 -1.382861160568647030e+01
-5.015264370057439525e-01 1.020867580486066117e+01
-1.404182359860238982e+00 -1.137022213934776182e+01
-5.513977367169654364e+00 4.357933726653491213e+00
-2.534439151786878508e+00 5.943248644868020847e+00
1.446551297982066275e+00 -4.924213029003608355e+00
-1.518822101451273054e+00 1.086042829773971263e+01
5.993342850723752058e+00 5.080707588768650140e+00
3.478463744283923909e+00 1.382644544095264116e+01
4.017065758775415496e+00 7.859118087832970279e-01
5.718918855811808477e+00 4.674176772646326583e+00
3.802056540892812642e+00 -1.810554110160448538e+00
8.946139212988581946e+00 -1.055106819758954906e+01
-5.969532878756301564e+00 -8.800622454192409405e-01
-1.505054120960449771e+00 -1.175892942943032438e+01
1.052718506674501286e+00 1.090034725442703767e+01
2.079213925914024319e+00 -1.258596512704362791e+00
-3.522889855302515194e+00 -1.654502446570763341e-01
-2.309656951832464333e+00 -2.818508332218401247e+00
-4.804145628869862072e+00 3.807057542541901096e+00
-2.201738944209308269e+00 1.117890628052862390e+01
2.027988821343441828e+00 -8.528005239173159779e+00
1.350480141492423014e+00 -4.381611523032639788e+00
9.681084587275179842e+00 -1.021730057055368945e+01
9.958393562381992581e+00 -1.572808628933150654e+00
-4.240188205722306591e+00 7.468574589584567214e+00
2.376985091168716924e+00 -4.842728939744830541e+00
2.845281196735432783e+00 -9.792395993286625355e+00
1.664854059218082938e+00 4.016736216545530702e+00
-4.353044915435271278e+00 6.634988443000225722e+00
-4.006383645714697295e+00 -5.737705377736372014e+00
-1.469623423690115560e+00 -4.145712505967731332e+00
5.692072816978417826e+00 -8.002690712116358185e+00
-9.715299203310999943e+00 -5.176670054470363880e+00
-6.537419593934818973e-01 -1.442909820232834939e+01
2.306459470318030225e-01 3.707323603777064602e-01
1.559146969682020656e-01 8.829883412873694937e+00
-2.687622226084407373e+00 5.369915754706950928e-01
6.186093988344876671e+00 -7.397744472065429733e+00
8.133215836844366109e+00 7.873555457931730395e+00
-4.513052542194527561e+00 -1.578154502803094550e+00
2.951264540023927463e+00 -1.713992969626359386e+00
4.256054231252363707e+00 -3.620080714519760434e+00
-1.522696891057534252e+01 -1.535726077287716151e+00
3.069535325575270868e+00 6.562100101563956844e-01
-4.397435045626065242e-01 -1.153207777621699748e+01
3.225296672091020778e+00 -9.110753237354075607e-01
2.384403731075228183e+00 4.930466867902199013e+00
7.487144054486183364e-01 6.752178095134622637e+00
-7.739359621679514412e+00 -2.315229936977697633e+00
-3.982435542832071462e+00 2.471306362283437252e+00
-6.779797189492362541e-01 2.624806910489228429e+00
-2.249471658311785749e+00 -3.486672232732822785e+00
-5.988241931349629787e+00 1.085850179919711084e-01
8.625386588017159184e+00 2.878908241813822766e+00
-2.268395665071232692e+00 -2.683316117423013569e-01
5.815360058302180946e+00 -3.238985973318053713e+00
1.245756755768813395e+00 -5.247986571236074482e+00
6.187862509675694511e+00 -1.854282954056857946e+00
-5.230516593725536900e+00 1.946520580260398606e-02
-5.234441002729987247e+00 1.657311590571050486e+00
-4.980843641871636862e+00 3.668977694355163521e+00
7.043285399883628450e+00 1.151407401686102894e+00
-9.235012900393757551e-01 5.621045394574336385e+00
7.432619492079729717e+00 -9.546701175739473300e+00
-3.970667356937082726e+00 5.460940321313961121e+00
7.329616405652891409e+00 3.316685678380541624e+00
5.074493894718023590e+00 2.644244371841963037e+00
3.282897543705142862e+00 -1.460422135820569345e+01
-3.616202770079313566e+00 -1.166286353529486286e+00
9.170297107161688999e+00 2.256471377127114319e+00
-9.668873190801783313e-01 3.541788391668251101e+00
9.347583828617150870e-01 6.374566513616112040e+00
-7.915328549590088691e+00 5.262196219544524212e+00
-1.753837352900210034e+00 2.125817080871273301e+00
-3.238053099824311776e-01 6.762787584819056619e+00
-4.018284625908995267e+00 3.361552599373035521e-01
3.659153136181356736e+00 1.129950315617999834e+01
-1.509554661647203089e+00 6.522889522309798238e-01
-3.137482844641958923e+00 1.071075336943305034e+00
1.426346600499197059e+01 6.976656974821374924e+00
3.273717931450016216e+00 -4.311092868700419523e+00
2.423860509317907308e+00 3.863238593384698549e-01
-2.837950605684577354e+00 -5.088785517223962884e+00
1.376167980401678204e+00 8.484570908198724837e+00
1.085953947037486600e+01 -5.722795039870704592e+00
1.103987933821237277e+01 3.001394942477777938e+00
1.342753068761647572e+00 -1.054755242412655925e+01
-5.988310585170995154e-02 -9.341835903899426086e+00
-2.792982667574900102e+00 6.147431551342881662e+00
-1.876238632153362840e+00 -1.192946669551059102e+00
1.266607635938846776e+01 8.082075410844279162e+00
1.518021537192205450e+00 -2.817240183347108129e+00
-6.316128916297710560e+00 -1.062369911420927071e+00
6.870422457855046794e+00 -2.480413187992815960e+00
8.170109431891455998e+00 -3.536681329642698657e+00
5.115218107562930605e+00 4.652272356767219286e+00
5.486280662497139637e+00 -3.539841893300160969e+00
6.730915207454780891e+00 -1.182719776776630871e+00
8.240160092534710046e+00 4.551812166605831322e+00
-8.135893305394604980e+00 4.378516550726768708e-01
-4.138443003992392732e+00 7.282613665616327836e+00
-1.428208129418669792e+01 -2.740211528729778134e+00
4.873954351292844933e+00 4.232210804965650941e-01
-1.263622052658031869e+01 -2.354370242889352483e+00
8.628222385102690239e+00 -4.554268436714847823e+00
1.404649027903363923e+01 1.045745189615385051e+01
2.833995882177164916e-01 -2.966635004615355786e+00
5.456876754375547200e+00 3.512178562683502925e+00
-6.037237728487988564e-01 3.262046531687427198e+00
1.054143773987238752e+01 2.938626919961591089e+00
-8.588735911449072447e+00 -2.912761958893495873e+00
1.267091059967468603e+01 8.695033853093685039e+00
3.914532996477018578e+00 -1.754347312986240137e+00
9.208631455390017706e+00 5.966462466642963314e+00
-5.391576417769701202e+00 -3.582959892249019673e-01
6.786503662143472670e-01 1.064981892659655571e+01
2.909126727172956617e+00 -1.145801083745987325e+00
5.587036736438322215e+00 3.492094434643867817e+00
8.974495157892372621e-01 -7.086665226647012039e-01
3.371126328171579534e+00 1.012000824553685518e+01
1.809165726351460002e+00 -1.214381902108223876e+01
-1.224969413038965227e+00 8.544556454288471770e+00
3.826480501726881034e+00 1.577012908428435667e+00
4.735818615471922288e-01 -2.021052676808991144e+00
-6.322777849149286311e+00 -1.998903178193789376e+00
2.730071510178064820e+00 1.137908013223093207e+01
-6.777710648124983805e-01 -4.699224315213505143e+00
-6.791649125531236564e+00 2.646278519030875298e+00
4.866190392466338110e+00 -4.614980952676830839e+00
1.466785128775149882e+00 -1.248588912763917058e+01
8.955676749916344548e+00 2.344900826030725804e-01
3.017573158273363365e+00 -1.187173695460007927e+01
-1.226396769210614357e+00 -1.070446518365016786e+01
9.103174124605319051e+00 -5.577259558859272381e+00
3.608563043689949179e+00 1.322405855311343892e+01
1.417252767773134359e+00 -5.634225351517020641e+00
9.110813101031746797e+00 -5.920065919824245348e+00
5.065239421163538758e+00 6.927430590381799647e+00
1.559030981677471672e+00 -1.027156250846748797e+01
-3.058730975009665176e+00 -3.296882522900018930e+00
1.873993497551554199e+00 9.754112559417382755e+00
-3.583753283104190029e-02 -7.284674919707232021e+00
1.650073265230026953e+00 9.828232077790856280e+00
4.616349342072178175e+00 -7.040863380727851784e+00
-7.218672960431018026e+00 -3.712114946489809331e+00
-5.266963480909788942e+00 4.003065188700069221e+00
1.007865963405771614e+00 7.212392706930171649e+00
3.593834936003722280e+00 1.427652738100336549e+01
7.336034070440094368e+00 5.990864143973179345e+00
4.475044183687278299e+00 -1.888420096114924451e+00
3.284315850294857952e+00 -3.683730439054322403e+00
1.051119946498681346e+00 -2.756333670092622867e+00
5.718930404464694028e+00 -4.646636045455490915e+00
4.797548100301709084e+00 -7.275837534987513067e+00
1.062961615848911023e+01 2.532222027097159156e+00
5.550500671902868222e-01 1.019368547308981299e+01
4.307601997789021198e+00 -1.690451986742712354e+00
-4.216628936485130374e+00 8.860287092782511920e+00
-1.598874117340499112e-01 -1.356597992135383635e+01
4.320878247128227656e+00 -1.474949969278840367e+00
4.547880031473703899e-01 -1.077156870198648919e+00
7.242369613096173442e-01 -2.546123334420116735e-01
5.557559082815199503e+00 -1.079239317828312039e+01
-2.367384436771702294e+00 9.407423435276676571e+00
3.038531353325864881e+00 -1.213169074284471272e+01
1.175308477236297477e+01 3.178966768832642398e+00
4.610570735685408650e+00 -6.773543926414199667e+00
-2.370376534557856463e+00 -1.718545722358128802e-01
-3.196751998441310860e+00 -7.412767815447458553e-01
6.783645607449935611e+00 -1.312274883525775948e+01
8.169370672447660908e+00 -1.075215014401608826e+01
7.708887323850481366e+00 -7.748188459065909584e+00
-5.270462962866073742e-01 1.477082407283521981e+01
-2.263175887818822396e+00 2.036512220975805310e+00
-5.732065600124143234e-01 -8.312431879570684856e+00
-7.326482589171559923e+00 -3.682204227913565830e+00
-2.044933817734229109e+00 6.602807406940192969e+00
-1.551187521597795271e+00 -1.545472951952044482e+00
-7.680083199061748189e+00 3.663659356990111249e+00
1.025713117876860103e+01 -2.407006643785111866e+00
1.317477964690481684e+01 5.268722057853388208e+00
1.163946332527768313e+01 3.761581528063360214e+00
8.588766688913258562e+00 -7.951231346435139180e+00
1.201033741967034452e+01 2.377440543657262761e+00
2.246577782793564459e+00 -2.852337942612841015e+00
-1.223401122369684568e+00 1.081282043607056131e+01
-3.678766589532424636e+00 5.115231541038451901e+00
3.078409251879494324e+00 1.206137267801809010e+01
1.507247939382069646e+01 -1.699664729684174258e+00
3.766387346427245042e+00 9.314615044837821767e-01
-5.905726814900712718e+00 -3.832408945029414316e+00
1.531638201305404845e+00 -1.002693535375376932e+01
8.677988605050234838e+00 4.265824611016007850e+00
2.331060437264703467e+00 -2.103749650236322211e+00
-6.561959797346955447e+00 -9.503478319433275701e+00
-2.055900157192694699e+00 -4.531065072765253277e+00
3.771769543517913270e-01 8.037609259883021551e+00
1.084138440170347195e+01 1.304719268171961843e+01
-4.020327302655409163e+00 5.790524731766611310e+00
-1.473737843928320856e+01 -2.241347512928521191e+00
-6.561296288531953458e+00 4.869907623332273339e+00
-2.788988688551214512e+00 4.251076489968076189e+00
-4.302334547654025343e+00 -2.644741011849647716e+00
7.306880003192591566e+00 -1.562506114871177187e+00
-3.925878761330284128e+00 -1.393253941160122578e+00
4.816052493940009782e+00 -2.833777599920447532e+00
4.680974405412136718e+00 -1.332055646714334429e+01
-9.658594222716992972e-01 -2.356038308711534413e+00
-5.927767391115160933e+00 1.911755326337428729e-01
-1.361337707019588095e+01 -3.125859417337514490e+00
-2.980640565641935691e+00 -4.224635221685465680e+00
5.624952272540939546e+00 1.019619093014091504e+01
-4.983054133085578208e-01 2.898872511026945098e+00
-8.766959761255103123e-01 3.656599957690894520e+00
1.967794112009971563e+00 -1.091144138045431333e+01
4.664874822921258435e+00 3.494970035122677121e+00
-5.864854033397156385e+00 -7.915401337804140347e+00
-1.401041974367027265e+00 3.248206829603346613e+00
1.387999457227332867e+00 -3.096262436596763923e+00
9.796304930579232684e-01 -1.140729923064684215e+01
1.138618783377259369e+01 6.384086022784721592e+00
-1.098093581435781951e+00 1.497578871106292198e+01
1.413047826818659036e+00 2.497826799301268164e+00
3.174911368537538081e+00 3.116071087991311384e+00
-3.938819012207435577e+00 -1.114949936744464631e+00
-5.885893903951797679e-01 4.747039349369716277e+00
-1.930146405363035056e+00 -1.350215329415445920e-01
-2.612474398413983767e+00 4.008700616016127150e+00
-7.215660134825928607e-01 1.260949815571314803e+00
-5.991020741402790506e+00 -8.930039685112538095e+00
7.045846395449222754e+00 -1.219689246053945553e+01
-2.015778596351900376e+00 1.240704154962826777e+01
6.468931854103829870e+00 -5.037898398157877544e+00
4.493692472091439072e+00 6.205911578649000226e+00
8.868693959000095717e+00 7.510337038314077063e+00
6.599141595920204217e+00 -1.027962200739796117e+01
-2.189850092012955773e+00 7.944800588212522996e+00
-1.310616181518613210e+01 -1.519265020662281751e+00
9.602006003014565971e-01 -1.071993812341747443e+01
1.042615065038806410e+00 -4.957089844350208274e+00
3.342543636033012078e+00 -8.621461955393007415e+00
9.435443935833680129e+00 4.375606100014215016e+00
3.294875049382400611e+00 2.885631831498955080e+00
-2.180760055020920962e+00 -9.100705172825296785e+00
7.228175135123291462e-01 -3.777590725778540853e-02
7.462087056924310069e+00 -3.756271683464939226e+00
4.127395480091465174e+00 4.169843359962728258e+00
-7.317545133872660479e+00 -6.756153915782116215e+00
-8.041975981184634747e+00 -2.179236769913906357e+00
-1.312131953967367037e+00 3.476271741507987567e+00
3.742457546807809177e+00 -9.457474305805400050e+00
6.478714341090779705e+00 1.167373416217973442e-01
2.517908404110748677e+00 2.203899157905397477e+00
1.501254154506656446e+00 -7.630879748149480335e+00
1.245514936344366141e+01 1.120366600088369680e+01
-1.193978073623579661e+00 1.119986042334601528e+01
-4.645993149049636450e-01 2.766913921229838605e-02
2.381088365356811565e+00 3.401822160833174458e+00
-1.761198966863381621e+00 2.249570706811927945e+00
-8.644488052536003497e-01 -4.502295777480143091e-01
-7.332010923996920226e+00 -3.120860236830681256e+00
6.157844443207114438e+00 6.117619797020880767e+00
1.523226942673681750e+00 1.116204729203641932e+01
-1.152486934569226840e+01 -2.802156216883297191e+00
-7.663910836030933815e-01 2.039614982241679808e-01
8.638225234146617026e+00 1.189400788387579899e+00
9.031583081349366104e-02 6.993620014069260371e+00
-3.980522341977854039e-01 -4.025412918989486499e+00
2.161721537064715370e+00 2.054837042180875262e+00
-7.107452071083006473e+00 -5.659917883651725212e+00
8.611537574814132512e+00 -7.079249580290923660e+00
4.390129601121295799e+00 2.915925839438702205e+00
-4.985117257320637041e-01 -6.295658311661397333e-01
1.995228039915833085e+00 4.733557487397988872e+00
1.918655201408221211e+00 1.098010689690918085e+01
9.156988922536310582e+00 1.110272406656565281e+01
-7.757483532741874299e+00 -6.489731225116135427e-01
2.518048922113305110e+00 9.680247908081758723e+00
-5.790612162564316101e+00 2.736392419649028795e+00
-3.485974433682617502e+00 4.392420845901635396e+00
3.460781458390942866e+00 -5.455471601996202402e+00
-4.164650594779993609e-02 -6.247936389275778879e+00
3.679189136880826716e+00 -8.070800579545068132e+00
-1.578708585386301211e+00 5.341844149305757128e+00
-3.103755621272451748e+00 -4.396863089728444973e-01
6.328875797810346704e+00 4.577804730682647261e+00
6.819932299210704763e+00 -1.251609707215487965e+01
1.363719839499677677e+00 2.350698418197271433e+00
2.506760053205392857e+00 -1.009913996302006467e+01
3.767604111030855574e+00 -1.316033920315098804e+00
-1.022349236030581743e+01 -2.266696059249988515e+00
5.023712316907813502e+00 4.517659372250305339e+00
-6.081613786456148141e-01 8.255378223880178723e+00
-7.462685621068710695e+00 -4.913027393909617402e+00
4.681817965208227683e+00 2.092123783631845146e+00
5.221572612860174267e+00 4.801846554192293226e+00
-1.968512373070437915e+00 -1.585503708595674910e+00
2.310390004400288078e+00 -1.279694464536941689e+00
-5.620066770485385277e+00 2.907404720801334719e+00
3.175549557505350506e+00 2.809538505688099708e+00
2.999577677674841070e+00 1.666577050121465398e+00
5.292930236600931870e+00 5.557714233394858816e+00
-8.073753772465417811e+00 4.664474845363982602e+00
-3.276231488779738577e+00 7.344489861222224469e+00
-2.427985576020433189e+00 1.071934215682228064e+01
4.977698680630018302e+00 -1.028715011698000481e+01
2.558296920877883185e+00 -6.710265336317864815e+00
7.517681056472542700e+00 -7.559240070324867666e+00
-3.122276145560245020e+00 -7.579733916580384090e+00
7.769970822841346880e+00 -6.919602689443004273e+00
3.740200183949180524e+00 2.934940680473189012e+00
5.237161668872077236e+00 6.969770083266229044e-01
-6.745756760801094876e-01 4.228159988326872565e+00
-2.443842127354070914e+00 8.443841402061197599e+00
-7.968608961383698563e-01 5.135808828580036511e+00
-2.222696900549952836e+00 -1.314046781557601840e+01
9.764313094353854083e+00 6.777972505315017493e+00
1.653892150363016622e+00 2.951303940714718799e+00
3.605394376623954678e+00 1.351339487305133602e+01
5.730214843642809086e-01 -2.498936268878489741e+00
6.112044106325780213e+00 -1.063893738846443249e+01
6.342626709070763980e+00 2.688524578759901584e-01
-8.177930229222518221e+00 -1.992183569458313208e+00
2.035498375314443109e+00 -7.723230584289193512e-01
4.168434274692545127e-01 -1.193806508686161472e+01
4.264257249818602657e-01 -6.570713396005429807e+00
-2.236208686143232427e+00 -4.901698628515549494e+00
-6.513358609540655486e+00 -1.811459281731835569e+00
-7.375634383423418150e+00 1.388118650858144676e+00
4.901785948818045746e+00 -8.357700207574930928e+00
-1.921716477133356971e-01 1.482472097317721227e+00
5.617939284332544581e-02 1.064478617801631444e+01
6.797898073119650331e-01 1.350792081412552248e+00
-9.756322778325994705e+00 -7.356408797098958896e-01
8.649874613611093110e+00 -8.399381029162409362e+00
2.547347219719259037e+00 1.364565426580010410e+01
5.135458040493491083e+00 -1.762097316330473173e+00
7.526104413560327444e+00 1.234940927690890006e-01
-9.416097885181441418e-01 -2.743369402118561062e+00
5.177548302517799961e+00 -3.401706219788297680e+00
3.603440605333566804e+00 2.711814489012378537e+00
-6.830576141771564025e+00 -1.113752789527782339e+00
-7.576086411360478223e+00 -5.461402093475864028e+00
1.308617302948444472e+00 -1.160753821687687370e+01
2.006201574395468423e+00 4.250446834030970678e+00
-3.954600319901150574e+00 1.091962070169009813e+01
-6.640706614622279846e-04 -5.302858240436645332e+00
-9.335113893348751191e+00 -7.406706682646099438e+00
7.568562264584342891e+00 3.864818036414287672e+00
2.368273852677308167e+00 5.394938349787266052e-01
3.589086245758334459e-01 1.153937464158635606e+01
4.318898457009311187e+00 1.386165440195883036e+01
-1.440260597812606402e+00 9.276915929906168756e+00
-2.520948702488498672e+00 1.176446687292895987e+01
-9.639711390885048470e-01 -1.111054314531072329e+01
-7.539480711121092860e+00 -3.364667277746189455e+00
-2.121303570547141693e-01 1.099948302223956453e+00
1.808264104150749230e+00 1.214177061771541277e+00
-4.677279986967339376e+00 1.920695573722022820e+00
-2.770079296753937825e+00 1.441259833820630165e+00
4.896708702117902767e+00 5.454890899577311103e+00
1.476052374962127933e+00 -8.446956343172184134e+00
7.952019651082008478e-01 4.502286795194905267e+00
5.435131834854511901e+00 -4.102064529789769765e+00
6.741917517867713094e+00 -1.797617600026875984e+00
6.089347150737038028e+00 -6.859394306777002903e+00
1.162052697546789126e+01 8.985063501067108049e+00
1.292439982932871434e+00 4.594682146670010070e+00
-5.323079525141319657e+00 -8.205099306457565689e+00
-3.445036920410056602e+00 -4.194184790253261852e+00
-9.028782771724717549e+00 4.888020995058213636e+00
-5.886487434788815420e+00 1.963308484043370994e+00
-3.659376427076764582e+00 1.118271644890842520e+00
4.011784861062254848e+00 5.344960593289640460e-01
1.009074332898573090e+01 3.273273581566413237e-01
1.261084651509994181e+01 -2.296942224021166545e+00
-1.585161196134499795e+00 -3.341998709490233477e+00
8.816837811166392314e+00 -5.534488027841169000e+00
-1.234968305972962144e+00 -3.305335186336527009e+00
6.441026242721804351e+00 9.982107010350397047e+00
7.161564380433478760e+00 -1.168508507295543808e+01
8.687345434443992431e+00 5.582253848299332688e+00
3.575431066852778006e+00 -4.700005441027909292e+00
-2.194721009126658906e-01 -2.331167465100068281e-01
3.108345506256758650e+00 -7.639139823296381415e+00
2.272843080051599074e+00 1.420222841711361816e+00
-1.023100985945741392e+00 -8.247428208059293553e+00
3.352198719253623338e+00 1.560221781807874208e+01
-2.408010577397612373e+00 -2.982865601374626863e+00
-1.346970885170572396e+00 -3.977913864980349601e+00
-3.126576430129645257e+00 -1.059886769980893995e+01
5.696080069256317380e+00 -1.236895911088504008e+01
-8.073271091110541420e+00 6.150242258774143878e+00
1.839306272823241439e+00 1.228472111330096084e+01
7.401903571303963147e+00 -5.797016977196759235e+00
8.259948333671106369e+00 9.732417975057739312e+00
3.767270862862760694e+00 4.605016287465183433e-01
4.701338141337816801e+00 -2.033416062514509903e+00
-5.793713990794790547e+00 -4.272329983985166280e+00
5.827517459983869719e-01 8.710163813349446338e-01
1.326141847254776573e+00 5.621123181187732243e+00
1.074303670184758142e+00 7.575035717419415171e+00
6.596852348962749524e+00 5.720161768452194373e+00
1.946206446907069676e+00 -6.437100621899265462e+00
3.856864706792926811e-01 1.277525190744644945e+01
2.129914449788413489e+00 6.111207453069795292e+00
2.221930826980104356e+00 -4.195248940032526574e-01
-1.027637105602735446e+01 2.831742041454790915e+00
1.013270214037494199e+01 6.933743150710041547e+00
1.136277504861541665e+01 5.008280733998365264e+00
3.002307006399930867e+00 2.181395952785698977e+00
-2.065994170843418853e+00 8.122199081547313071e+00
1.442202175482800997e-01 4.322594339401333308e+00
1.758648090771821160e+00 6.139285176506207087e+00
-9.442273520231422301e-01 1.128435963745609527e+01
-5.857469829208266532e+00 5.283427291813320714e+00
-3.571415888889375001e+00 -1.502489798391959841e+00
7.976463661639543012e+00 -6.708877941410503531e+00
6.333717432935284108e+00 -1.026602785503579618e+01
1.623087962258302985e+00 -1.193942394819491071e+01
7.248086771645127158e+00 1.055017637747391568e+01
-3.285927231181014374e+00 -1.233399676519488786e+01
9.563084860522859998e+00 -2.190799641613276894e+00
6.533643286790787874e-01 4.910355401888664595e+00
-1.578909914641209999e+00 3.460083521763194891e+00
-1.357066768856135219e+01 -2.877583412542956687e+00
1.504051199939011818e+00 -1.309394810050246427e+01
8.159990963555971533e+00 -1.177081762528901440e-02
3.613176045615415610e+00 3.422505031068153958e+00
2.128523665773662810e+00 -1.087337636679749808e+00
-4.739922161966431680e-01 6.295774134435899505e+00
-7.497799402786555767e+00 -9.877227750493803526e+00
9.014315820052997807e+00 -8.139351005854113197e+00
-1.646254594178185204e+00 1.164612584446256882e+01
-1.050056988354323151e+00 9.876197645197636987e+00
1.612534358731155582e+00 -6.877700048540527966e+00
6.504295439102921961e+00 5.206812631012997628e+00
8.821842916706216897e+00 -1.034021306848665667e+01
7.621750084645394496e-01 -6.256384903121369190e-01
-5.256306086507372299e+00 5.187315944000888912e+00
4.149076154337603128e+00 -5.398411977319144128e+00
-1.735189704803174582e+00 1.829413642402348827e+00
4.133980806360719740e+00 6.389137273461622968e+00
1.028828051432108870e+00 4.336982676394592673e+00
1.792791759372587057e+00 3.281255948847643378e+00
-8.397022113961861933e+00 7.320023145352039240e-01
-2.249210524420445889e+00 8.065698269158206202e+00
3.073376150750157798e+00 -7.342464848741101946e+00
6.920878996406517381e+00 5.946376223787363635e+00
3.875856263045400318e+00 -9.618426847285014958e+00
1.457056570278825269e+01 8.245743507361016356e+00
-1.169893548581626419e+01 8.375489679880021576e-01
-1.519525185263367106e+00 4.566645230600805405e+00
1.231611331662996633e+01 9.533360138692007268e+00
-1.455189920033375994e+00 3.616129825043341128e+00
3.409024920095947486e+00 1.627538397041248075e+01
-7.402140166754966888e-01 1.568399482790461796e+01
7.731869450111974018e+00 3.465335188587137072e+00
1.332273039898955957e+01 9.947583348019854554e+00
-1.009800916668137027e+01 1.709446526914987496e-01
4.658935518334978987e-01 -3.746191704943509837e+00
4.996407764582636801e+00 5.160376053370587357e+00
7.932974717487937255e+00 1.181672642030886244e+01
1.097875246920143688e+01 8.986798564269813383e+00
-3.327430616880236336e+00 1.102089215968899616e+01
8.097398324505726830e-01 2.069400417608918019e+00
5.822697768621279968e-01 1.184077991209929337e+01
6.179255052184529973e+00 1.261352623905892578e+01
5.526829294431212958e+00 -9.288692522016267716e+00
1.044444625985949493e+01 -9.566736812639959453e+00
8.635691044859342691e-01 -8.317811349921255815e-01
-1.596870170784085774e+00 2.314781692200719387e+00
-4.704581212131989432e+00 -8.332961592373662185e+00
9.017172621164853297e+00 -4.731922886079678037e+00
9.380660069229762144e+00 5.234962699024398702e+00
1.469000812466479067e+00 4.651119527989957980e+00
9.023312890323396118e+00 2.605522117985200836e+00
-4.637591856426598547e+00 -9.145343910211192195e+00
-1.125543081740949969e+00 1.308461298128599282e+01
-9.541157059734986845e+00 1.927054086503399599e+00
-7.880729677670437638e+00 -5.912712436010184730e-02
-8.705846797974242435e+00 -2.590206625950192798e+00
-1.085930309586113651e+01 -3.419030092182153258e+00
8.634449322804494287e+00 -1.122830889009488153e+01
1.085139740269970865e+01 7.981566808076017594e+00
8.471939069437381065e+00 1.168428523205262870e+01
7.975616558606527740e+00 1.028543903249131120e+01
8.109494207678597633e+00 1.009300713353974466e+01
3.440411365645027253e+00 -2.286760654622551903e-01
-4.343383702228912568e+00 -1.427573374988380550e+00
4.234579004863189833e-01 5.556321431163832258e+00
-7.864189555272637300e+00 3.737924724208625982e+00
7.251734982496070181e+00 -6.103190844344189792e+00
-3.482840294660896618e-01 3.477278821510943807e+00
-7.524028161864501740e+00 2.433560784366416652e+00
8.900347988962955537e-01 1.343579209000523988e+01
6.770135036359186564e+00 -1.093576224236758598e+01
1.194848104243665787e+01 9.467307919346286127e+00
-4.842384919022729051e+00 5.672216010939274966e+00
6.938444596711172530e+00 2.275319471280508932e+00
-3.679455499269343566e+00 -1.195810916238030508e+01
6.776341318294578642e+00 -5.365627322125195775e+00
7.339163930173189243e+00 1.696899959445313133e+00
2.279598782033880777e+00 1.297965207552811640e+00
8.182811881920705188e-01 -9.992377938087493305e+00
1.023270453003486402e+00 1.039670527026415314e+01
8.558614256068575177e-01 -4.024951823745191781e+00
6.562331621017683858e+00 1.361925323602200066e+01
5.549312207608651626e+00 -1.136795758622826291e+01
-6.601525587998562372e+00 4.136689367577752741e+00
7.224085320274382660e+00 5.304705547084797246e+00
-2.446982362877277772e+00 1.291973968995114674e+01
6.565782546656272700e+00 5.574841304001189712e+00
-5.378410226233756308e-01 1.646857159587771680e+00
5.031557817108192054e+00 1.312978513737893982e+00
1.707312414339873241e+00 -1.524066750977652873e+00
7.053312882949365203e-01 -1.372473670781261701e+00
-1.111615282503749746e+00 -3.255262353878591863e+00
5.380586785536001226e-02 -5.413340437364135838e+00
8.286572715414093793e+00 3.386901159866858801e+00
2.925311240954636460e+00 4.098415302550329820e+00
5.435976258389505489e+00 1.286861533565701698e+01
6.044973016283771150e-01 3.954699891894492669e+00
1.070418865007685127e+01 5.534058310630315169e+00
-2.302106289369851844e+00 6.850423343043256175e+00
-8.852943485677043922e-01 1.234577331962270641e+01
5.706750008886709580e-01 1.034693536644486045e+00
-2.384361196027635632e+00 2.484819838846866191e-02
-3.087355751583026109e+00 5.870740894133888332e+00
-6.812110437540981778e+00 -4.071784561387647550e+00
-2.230080806320972275e+00 9.253781196814433230e+00
2.640996898853826824e-01 1.228954712275686134e+01
6.248381189378891420e+00 -9.382155013548587164e+00
4.937965063877243210e+00 -3.936607497191912053e+00
-7.468442890959844926e-02 8.647422867298537597e+00
7.331565058699326620e+00 -3.242593071122643167e+00
4.239996537354363326e+00 4.087596441327902674e+00
8.412566986303991357e+00 -3.991388446758319830e+00
-5.383197374320570994e+00 2.757814630539177081e+00
3.912424569416845355e+00 9.838656820706241035e+00
6.540782066668592520e+00 7.797957107063448134e+00
-7.359932917735873659e+00 -7.644420981335321663e+00
2.086422480027199544e+00 -8.682143352092335675e+00
-3.303594657569944193e+00 -1.872331834846158394e+00
-6.302246764961016989e-01 -3.578497812914813281e+00
1.198647634733914558e+00 3.329925939505762322e+00
8.090877347728797631e+00 1.664048758194991429e+00
6.359602828938744956e+00 2.530798714889877843e+00
2.463228651232500233e-01 -4.164242785983818251e+00
1.023807335012074127e+01 9.445132964324013614e+00
4.646592829233058275e+00 6.330065138734356722e+00
3.950207406812968447e+00 -2.702879522504685550e+00
8.895767769478936104e-01 6.005199377921448978e+00
7.712684429312037793e+00 3.074822959176005899e+00
-3.925061635310414410e+00 2.201061594961879475e+00
-9.799040894455799844e+00 3.860270757494788096e+00
-7.215053491940883745e-01 1.402567077183359601e+01
-7.652573755797493327e+00 -7.414900582326676703e-01
-1.520118449342285905e+00 8.167633511903295229e+00
-2.178527812584134971e+00 -1.204753105000676561e+00
8.343219460265614840e-02 1.115582613933525424e+00
8.862946306423898912e-01 4.414393810194743306e-01
-7.513514831475840428e-01 1.527612867510271144e+00
-9.992397565995513986e+00 -1.562827657574921369e+00
7.854962792514130765e-01 -4.253857445273928839e+00
2.905047018243727575e+00 8.750781980829481554e+00
9.630891017465652126e+00 2.773414278174307412e+00
1.292547937113956158e-01 2.080519219994924729e+00
1.158687672759974063e+01 -8.064221481358312404e-01
-3.129052569833573050e-01 5.901519159976024831e+00
1.138958507538353260e+01 -5.647794157974711515e-01
1.991805708828927601e-01 8.402926848315241060e+00
-3.735077046512524923e+00 -8.987820195800541256e+00
-1.295503752906937978e+00 -8.484492156640601745e-01
-1.898722268881917419e+00 1.039919769971954011e+01
-1.318354612720021457e+01 -9.466350057778484262e-01
9.723052837167125872e+00 1.257803322868216789e+01
6.971051931800109180e+00 1.260300842451113645e+01
5.415119488029704442e+00 -3.792586690431547058e+00
1.049818877131509609e+01 -1.837852236496775982e+00
-3.609379647967750349e-01 -1.445620228168306909e+01
-1.669112111905274753e+00 -1.075673144770203749e+01
-1.123690928715736170e+01 -6.226242605263612617e+00
4.765039825613643920e+00 -4.100605136110589299e+00
-8.372080461298544662e+00 4.540468246946809394e+00
-1.040044356152561811e+01 -4.766088788154402067e+00
9.799548954741695184e+00 -1.054430017779903750e+01
5.500418877259324324e-01 -6.707228190013834190e-01
9.644906388521864216e+00 3.052776051874470098e-01
-6.827905130461005001e-01 1.096344565965367046e+01
7.556283895627444736e-01 -1.368535610134081359e+01
-1.024713663666748253e+01 -3.824829924629134847e+00
7.387207506633241216e+00 3.422155719427528275e+00
-3.421853218713147182e+00 -1.192039090687564062e+01
6.623250482291909158e+00 1.124316122548972707e+01
4.880370764722168353e+00 -1.160858362013989620e+01
-1.162483106496683405e+00 7.892727412268575549e+00
1.059675813161723035e+01 -8.442384243567966351e+00
3.843325193755665059e-01 1.700329322114053410e+00
5.746926340376406372e+00 4.903997481011473702e+00
4.830268388356656395e+00 2.688502539299810312e+00
1.157052716559960892e+01 2.390851988405352735e+00
-3.463240420569340561e+00 1.857755330427212748e+00
-1.796631056611148525e+00 1.190104198341783714e+01
7.645104913894168464e-02 5.873008973046182080e-01
-4.012105421752218959e-01 1.148787888390317757e+00
-3.735811535471770917e+00 8.591255436230196829e-02
2.178679673334141809e-01 1.488943710653673413e+01
-2.539875454978951730e+00 5.525128985865157993e+00
6.357368750518261002e+00 6.466471303125405079e+00
9.221405334893494343e-01 -1.375201847387036302e+01
-7.946579963192857976e-01 3.424252274528411633e+00
4.464925353899078964e+00 -2.162631183185031336e+00
9.326299008251354161e-02 -7.521895450665301297e+00
-7.122509217813618676e+00 1.016761534621254404e-01
-6.324030231729294016e-01 3.276636080958004182e-01
5.939263813477613230e-01 -5.823195753475186365e+00
1.111217042871470539e+01 8.594145654384021782e+00
1.615266780143699288e+00 1.021164431931536321e+01
9.297399743449529241e-01 1.301214006113880606e+00
-4.325453394057030110e+00 -1.263640070058086762e+00
-3.733127034350658846e+00 7.695799160939128525e-01
7.286484410524452393e+00 8.798479404849647523e+00
1.175292020638714741e+00 7.264447677042644713e-01
1.892435679211273980e+00 1.926670031255569127e+00
1.072109016805853976e+01 5.688646644100723293e+00
-5.755194433745736582e+00 -3.511748645509001232e+00
-2.738546911035856457e+00 3.340041913191452938e+00
6.432040364576422142e+00 1.143600667609655375e+01
4.692912262408199808e+00 1.375151142730968346e+01
-9.223525051829637889e+00 -3.551117604741528488e+00
3.067763501199394227e-01 4.329891760209989116e+00
2.837103276763718540e+00 1.422789764051406003e+01
7.730802837817571493e+00 -8.845544925953094051e+00
9.253889260853456200e-01 -1.234848496543255436e+01
-4.918506757399778273e+00 2.736929179745786200e+00
1.534276920342499739e+00 -1.055690652051436640e+00
1.175831821340714356e+01 -2.345126324123332662e+00
-4.360807879520549157e+00 -6.610331683518951840e-01
7.105871779321243586e+00 7.924867927568051584e+00
3.041448576504650170e+00 1.342732200092286732e+01
4.703116748509103218e+00 -1.076785371612014686e+01
-5.363775025247915273e+00 4.827142265665263388e+00
4.196571615160541668e+00 -9.573954025441340221e+00
5.738919938682686350e+00 -1.311256789456563254e+01
-2.588230071922136055e+00 -4.410802282867699375e+00
4.384233550917868705e+00 -3.173085568433585468e+00
7.542716968912600350e+00 -1.183534363880649565e+01
5.406539316087996205e+00 1.341848687775625670e+01
-8.325085011639654198e+00 -3.869131964452042105e+00
2.389756176250921627e+00 2.577263399523018084e+00
1.177764214953793909e+00 3.127222487357121050e+00
-1.839874549377901181e+00 3.981344524343459756e+00
7.532115201441826002e+00 -6.302269339977279117e+00
-7.024397115786293888e-01 6.239070098647553131e+00
8.874271956316885479e+00 4.834674831699515174e+00
7.924967091887937798e-01 -1.820572674841914651e+00
-7.527602658862347917e-01 3.825985939230766686e+00
1.313905452050112777e+00 1.555630135662569025e+01
1.253702722965448046e+00 -1.769239608696193455e+00
-4.888978447925842019e+00 -1.206654469279769604e+00
4.620952064641596357e-01 2.453703400960423497e+00
-4.477761552446219540e+00 -1.418325783944196594e+01
8.699947349287921128e+00 3.550580459363400276e+00
8.631748874938240945e+00 -1.261334943114618845e+01
-4.043443301969567472e+00 -1.107597483487515788e+01
1.016905282000825972e+00 1.170395477907518300e+00
-1.880311836387215940e-01 4.532661511951096678e+00
2.597942954263857462e+00 -1.397452064794263116e+01
1.987315358249100772e+00 -8.692154233169226973e-01
9.124202563082823403e+00 1.077494780803613317e+01
1.095274382969195415e+01 2.051817630477565491e+00
-6.404135076725574471e-01 9.609657079071403984e+00
8.793750654045829895e-01 6.777996318451073865e-01
-3.576961407947470306e+00 5.318683595678761478e+00
2.206080573389651356e+00 -1.201520885858540666e+01
4.823410427611865892e+00 -6.324330777180229290e+00
-5.829177561860703349e+00 3.973175463058483903e+00
-1.960961016192137585e+00 9.332772010861956957e+00
-6.632473175082824746e+00 -1.130377087963710458e+01
6.718401828028770950e+00 -8.562432531746241859e-02
2.149141549471294432e+00 3.879978445200360060e+00
1.473471321012891799e+00 -9.041311711649923311e+00
-3.297616261346410393e+00 5.243355893016320657e+00
-7.516965013510631621e+00 3.141322630615596800e+00
-2.537044645518657493e+00 -1.289590314166503404e+01
9.157592442188422055e+00 -1.269224822570777533e+01
-3.574587838763526371e+00 7.294985747103889473e+00
-4.178221091888509875e+00 -2.057629511625348739e-01
3.047789919759084754e+00 7.703005789562570094e+00
2.433181719441692564e-02 8.274416836137971742e+00
8.817423727155967228e+00 -8.207554341699166756e+00
1.115049726781445827e+01 1.090009596947216863e+01
8.934541652137994561e+00 1.149814399024293010e+01
-2.295565427105088485e+00 5.366666413797748447e+00
-7.524182634343402398e+00 -8.791889113826902857e+00
3.095817315364226552e+00 -1.129572091857042881e+00
-1.087935836779623688e+00 -2.677369468192772217e+00
-1.273702599662763779e+00 1.598939991945774608e+01
9.860880390969660736e-01 5.179593867654607386e+00
5.193602370060431461e+00 -8.019964323121426375e+00
4.045831146483060969e+00 4.550839097213062345e+00
2.477149633530927098e+00 -6.441242047988154695e+00
4.668432793851848395e+00 -1.219653487759312094e-01
-7.813093804039973556e+00 5.912098432702600270e+00
-6.370119669102871640e+00 -1.180571345148525708e+01
5.563719805763186699e+00 -1.031779478210522427e+01
1.130351564414816767e+00 -1.845331829832800447e-02
1.192631471652357833e+00 -5.980509027920616338e-01
-1.212272666655220821e+00 -1.859324015031329269e+00
1.183031242700817032e+01 9.209956557132096933e+00
1.106092297096647137e+00 4.831367940261070970e+00
1.879642009771879341e+00 -6.100179327368476123e+00
-2.509693327807453134e+00 1.765318112678056162e+00
-4.041436778968267696e+00 4.473650671376936394e+00
1.284884616074565677e+01 7.313853997998619683e+00
9.274059651839275276e+00 -1.143833686451525367e+01
-2.015136274434375263e+00 6.063199648487432869e-01
3.150082058044177291e+00 1.413038053310229003e+01
2.860354834649592615e+00 2.452825956259566897e+00
-4.762023864583547095e+00 -1.545637478068956572e+00
3.185408732597370118e+00 -1.224772258696376781e+01
1.155272032033956719e+01 1.032286182541090191e+01
1.101793175090314669e+01 1.774319376248983060e+00
-3.782657407928345261e+00 9.362911297040128034e+00
6.219330957064286736e+00 -1.237432334923856203e+01
9.708331983985212688e+00 7.892458557951192333e+00
8.159981275143064039e+00 -1.225185634860718409e+00
-7.808933619381833502e+00 -4.149778469422754412e+00
-1.668361117976681074e+00 3.935783746117599069e+00
6.888638498170826630e+00 6.484328549510281370e+00
2.651935009771154483e+00 2.090531885375105092e-01
-3.395693365317271617e-01 6.333496462107822467e+00
-1.262693660885112035e+00 4.862041362965195290e+00
5.198981899676329732e+00 -6.826040844242648120e+00
4.845562452351679816e+00 2.498294021097458018e+00
-3.014969932753370774e+00 1.947891132650441559e+00
-1.929836782224443548e+00 5.493964668183711986e+00
-1.661184641677389662e+00 9.903769138917226655e-01
-7.566352919572398583e-02 6.135125734081335658e+00
1.061781200872397868e+01 -1.450314205226671316e+00
-5.383520159819290107e+00 6.516356745889354540e-01
6.568885322783788006e+00 -5.878256310881969426e+00
-6.071046314399142219e+00 6.206652492445084768e+00
6.238999782005960171e+00 2.964565056727999082e+00
6.484890798486003582e+00 -2.564285184744742319e-01
-1.569912625239259452e+00 -4.904226475154715437e-01
1.507093248360410165e+01 -9.196607310434777860e-01
2.111860037532861778e+00 2.856871213466825044e+00
3.662284030898400378e+00 -3.130141472192623286e+00
2.412321156269733535e+00 -7.639051710746438850e+00
1.500246230343347253e+00 4.790029899356243348e+00
1.182190890456529919e+00 -4.937543237229779614e+00
7.064389786065083499e+00 -8.876869423160027139e+00
-6.934222837960871466e+00 -7.277451660118179788e+00
2.254650546126204969e+00 -1.032305229496460974e+00
-8.755020634489055098e+00 -1.616783063093567341e+00
1.692304984236814303e+00 3.006139665539314443e+00
-6.830534044470786270e-01 4.036183255498521305e+00
3.975699382281351113e+00 -1.016029048204302176e+00
-2.335477640959675583e+00 8.651074119219876124e+00
2.531930062306797957e+00 1.314396516909590362e+00
6.528996446191486669e+00 6.231890187209122800e+00
3.157615194736347775e+00 1.434873297884202703e+00
-3.368073845932949339e+00 1.016874274036833503e+00
6.708506866345818054e+00 2.257598669421716053e+00
1.275749931736519471e+01 9.413687221506679137e+00
5.452317968583274777e+00 1.383393194195535525e+00
1.161276858030685766e+01 -9.866071064224112286e-01
7.897500977547465162e+00 -8.753350345514965269e+00
-1.655411388126555527e+00 1.048270085025189324e+01
-3.299297999849853280e+00 4.267312379920698007e+00
-3.439222597714704510e-01 1.147395657360056731e+01
2.138802581150118787e+00 -1.428303821782130534e+01
8.640352280660483331e+00 8.996741220764832292e-01
4.003336300023825345e+00 8.419078481156022420e+00
5.826497454940500198e-01 2.552129942933054618e+00
-1.633678121775632430e+00 7.095049440852830847e-01
2.890751921629441945e+00 -9.857793359977370384e-01
6.712413087468416251e-01 -3.588359662032710728e-01
8.105842688181573052e+00 -1.916733762862407042e+00
3.075409393153275772e+00 1.048931485722301460e+01
9.512363953712950959e+00 -5.465927521218135965e+00
-1.100503711351084490e+00 2.157153556200847699e+00
1.945326020221174401e+00 2.267910327480803900e+00
-8.750371292695012571e+00 -4.887800944489601562e+00
5.817577948158808354e+00 -1.084314018136834967e+01
-2.544411567215293934e-01 1.336668092040007583e+00
1.017084528194734361e+01 -1.122622035951481578e+01
-1.367643884527549147e+00 9.666141542360419336e+00
-1.797701260043841343e-01 1.370567516667411034e+01
8.422838632833766326e+00 7.770314540670639758e+00
-3.356745032711831556e+00 1.302565626706205570e+01
4.097062842554760387e+00 -1.524287875171266293e+00
5.533448284867383826e+00 -8.402070849822921517e+00
3.682787981668242949e+00 -1.157983821595425056e+01
-9.136493051701572554e+00 -8.079400871155710817e+00
-6.932270983250268248e-01 1.629461930898075295e+01
1.046405439164265516e+01 -8.655321562915393230e+00
2.049001493792773410e+00 -1.409784164713032029e+00
-1.366148193473170833e-02 -5.614702708319930125e+00
-8.422181853901926640e-01 1.139934939754461141e+01
-3.311091575055436387e+00 8.740113837073929304e+00
-1.236141523871450154e+00 1.042986473772169376e+01
-2.501124013220758613e+00 1.841165213149135615e+00
4.562143693261118571e+00 -4.076369815558031462e+00
-8.584926872907900020e+00 4.309795894507135183e-01
-1.520022831863718116e+00 2.965277845971982185e+00
-9.838679659777744391e+00 -2.262850401615585927e+00
9.075464175401737776e+00 9.820591734668820294e+00
-3.897161126810118059e-01 3.435252488938600024e+00
1.483587853708291826e+00 3.607812944849747794e+00
-4.724414945661264298e+00 3.146845107856316215e+00
-1.382490433055386880e+00 4.264928620778489332e+00
8.499469059667683624e+00 -1.587694778327735090e+00
2.782170111064315332e+00 -4.960076813506644200e+00
1.460006753895321252e-01 3.270969650479715440e+00
7.429942913226088130e+00 -6.869737547854818160e+00
3.627662754548571122e+00 -7.347006193469833413e+00
-4.328385462108286674e+00 -3.177646192916157908e+00
-9.299093344672886285e-01 7.147235820818902852e+00
-4.548603628861322079e+00 2.607420110129257118e+00
6.281366879767475098e+00 -3.162342704940790394e+00
1.902107753513487376e+00 2.730948733704267273e+00
8.822016136595880909e+00 1.095763825233818167e+01
-4.001197852323587156e+00 9.428587804045527321e+00
-5.580659474351931770e+00 -5.391429323939264329e+00
2.792144772534399078e+00 1.536086219139574327e+00
2.117547880822229001e+00 -2.080801085703287256e+00
-3.869536954979636345e+00 9.915286689169084955e-01
-4.790781296489761587e+00 -7.446993627240831692e+00
1.079876805043161081e+00 -1.859383172907392856e+00
3.916593229973010626e+00 3.376419374059581369e+00
-2.400834194470363503e+00 2.109531650948515580e+00
1.456800010652455013e+00 3.148517038940914503e+00
-1.995132242180456039e+00 1.399717762064226045e+00
7.624485790500219906e+00 -8.743586897970796912e+00
-9.863237251675322170e+00 1.755830330671659667e-01
6.840089556485297706e+00 5.728566643642524880e+00
5.663798054625300615e+00 3.927002113511075088e+00
-2.907949822143390151e+00 -1.024398904957215883e+01
7.465696001897532241e+00 7.993325476381533790e+00
-5.478389476533854996e+00 -2.447490829289707293e+00
1.155303271692044298e+01 5.838884966712615920e+00
2.987578863619058112e+00 9.534800675450258112e+00
3.888414497553167148e+00 -1.671145812840424849e+00
1.042272302000120554e+01 1.152121163073568688e+01
7.940418419873180866e-01 7.685109969191712409e+00
7.550949673089222713e+00 -1.256092296326812274e+01
-1.103587089156309764e+00 -1.198202680263734266e+01
3.046497384572813605e+00 5.696642034322272785e+00
9.005093000209454246e+00 -1.998084237412029562e+00
1.129358458439864599e+01 1.738799130647658009e+00
2.928097902500925720e+00 -1.455599741120794821e+00
-6.490334574011021651e+00 -8.596981497111571002e+00
-4.052694500356914808e+00 3.611124072568508314e+00
-1.056784027873435727e+00 -1.367703369255037593e+01
1.806383095202497735e+00 3.422987508715318761e+00
-2.336064701197962279e+00 -8.584754277141398049e+00
-1.870684990050695662e+00 -1.238032351637994388e+01
5.587369885271304071e+00 7.021389795375781340e+00
-6.986249852638862556e+00 9.059002667214594018e-01
-4.247349918711385008e+00 7.755249352672806129e-01
1.331752616390750266e+00 7.529398069106321145e+00
-3.174629570388538546e+00 7.741324398654915173e-01
3.337582099925911816e+00 -8.968544102269426777e-02
1.008119272944232758e+00 4.487819198736963777e+00
1.675833579396861728e+00 6.006711298255415166e+00
-2.816274786361441240e+00 4.812940648356976436e-01
-6.163728561924450844e+00 -3.570307191828536286e+00
-8.119658623104815121e-01 -7.758109341140009718e+00
-6.129300940064550396e+00 -6.137176672532650201e+00
9.006470389085299288e+00 1.014465075511182413e+01
1.300071071900679698e+01 9.584519056409524396e+00
5.574471887190085795e+00 -6.877415919886816553e+00
-7.882844621263142670e+00 -1.950280595086917312e+00
5.323906011587561160e+00 6.012073599958844383e+00
3.452102439198210693e+00 8.557755228334496422e+00
-1.713657585244824921e-01 -1.490000713226107898e+01
8.822138371851611538e+00 -5.906175214491399039e+00
1.104945170045316161e+01 3.293196987402236875e+00
1.008919006592975975e+01 2.599703212636143235e+00
8.050489274874754742e+00 8.273126177383399948e+00
9.543031338661867480e+00 -4.938318737399360892e+00
-3.416395125459646964e-01 2.750471015425214105e+00
8.254075194942382510e+00 -1.091213288492289735e+01
3.694160392498459622e+00 1.025454969532004590e+01
2.090954044466147188e+00 4.091889696234188634e+00
3.001307385919483650e+00 7.353402459630332011e+00
-9.255937245401982261e-02 4.825754241948030376e+00
6.183612255181859751e+00 1.835951413102341112e+00
-1.566916149346341713e+00 -1.331364578443422531e+01
9.735633847360107396e+00 -1.229276637781677373e+01
-1.393183906148913964e+00 -1.127657679998844253e+00
1.161153051029817918e-01 1.530182790456233455e-01
-1.233324853837288043e-01 4.708533969716191869e+00
2.261222436097011901e+00 3.919361161878045507e-01
-4.914716996422666462e+00 4.443154158598569659e+00
5.613812203324982875e+00 1.265454102950325854e+01
7.935975879204679728e-01 -1.278913210026217762e+01
7.407298901976986372e+00 1.339236059857466721e+01
4.637334744057631575e+00 -3.102317779054762692e+00
4.528342680724222191e+00 -1.092682061811204752e+00
1.100915781090005208e+00 1.052045660527433490e+01
1.563902715525695042e+00 -1.374739069832911476e+01
9.586302385611563892e+00 2.276025633514557889e+00
-4.300733874450662242e+00 -4.095480983905901873e+00
4.676076106015594203e-01 -1.858484878811158980e+00
-3.831952459029673630e+00 -1.974971925973178166e+00
-9.707707592829242671e+00 4.515363207609814911e-01
-2.414361743883171596e-01 1.264097526516199288e+01
-4.325128934987726992e-01 -7.598972178946334921e-01
-9.659538578585678437e+00 2.032348947812176121e+00
-2.715702955486479553e+00 -1.204031194954241535e+01
-6.357082767356634356e-01 1.009577663750543941e+01
1.008677358484261255e+01 2.117298789758830679e+00
6.878182511043981151e+00 -1.041674059594143209e+01
3.471931647877350979e+00 1.399771993078863375e+01
8.907011647944248267e+00 -1.507004604256492408e+00
5.340684476460624275e+00 1.453363512040559158e+01
-7.943058177645673235e-01 1.433982917070984975e+01
1.539954196019837962e+00 -6.097616292018241069e+00
7.484180945279466535e+00 2.795468354271573919e+00
-3.759423631476052297e+00 2.456926823468699728e-01
-3.349672910026332939e+00 -9.960625748936953627e+00
-6.123437606166721281e+00 3.882695525658810709e+00
3.346718944414870389e+00 -9.794999603911408670e+00
4.401902064240353241e+00 6.298354978936657744e-01
5.084670972714733672e+00 -4.048177117079426734e-02
1.892899862077237039e+00 1.008296535434967822e+01
1.800304973442836243e+00 4.870837279015279853e-01
-2.401009081320280902e+00 1.016570887084156105e+01
-8.141827710405662444e-01 8.285216577289055806e+00
5.655039354470711155e-01 -5.193617148252697824e+00
1.133298809286971753e+01 -3.806428978913571459e+00
-4.328576760642763865e+00 5.027437591488650881e+00
-7.192124503661081469e+00 -2.005951290044476920e+00
-1.971696325279078676e+00 5.007446723871375127e+00
4.258235350662810781e+00 -1.126283366148449616e+01
-4.190611913050907411e+00 -2.890062241210113181e-02
3.224090364637939743e+00 1.285628055818623494e+00
6.040296423346175558e+00 -1.419171363853086287e+00
-9.222407495452332737e-01 9.244555106647345255e+00
2.533791403423394595e+00 2.282958387988538451e+00
2.409806727943125892e+00 -3.955352034763110591e+00
-3.202532285466332951e-01 1.586171693693954943e+00
-4.660571580570887384e+00 5.688114317339434400e+00
-6.315348372754083783e-01 1.267757941324151005e+01
7.143795214714726782e+00 1.193665396976087578e+01
-1.035309926437766492e+01 -1.013303357810399818e+00
-7.099479149271679113e+00 -1.404112141533787828e+00
7.487080360822640834e+00 1.013203826790394935e+01
3.077011697465207085e+00 9.804044088900431220e+00
-6.936777204583707279e-01 7.477250064200814395e-01
-5.440829574657533030e+00 -4.020244039705855421e+00
-7.262423998755236809e+00 -1.088495797210745053e+01
-3.314039432632806648e+00 3.518409645654887313e-02
-3.330433942301429528e-01 -1.087075278202371464e+01
1.191437087452967170e+01 1.000317155800595437e+01
-1.246837687361888269e+00 -9.082447703527666283e-01
1.441779409832494885e+01 1.048913534019384208e+01
-2.362050573354733007e+00 -5.848259333902052326e+00
-1.074734657982099106e+00 -5.980688513591328359e+00
6.763558270747575207e+00 4.234451103532071992e-01
-2.750339352496497636e+00 -7.378491161151001343e+00
1.475604458128931373e+00 8.144844884447785205e+00
2.414842542096035771e+00 -5.152319603190973041e+00
1.278649747770834999e+01 6.742094792594058639e+00
-4.359815415804482619e+00 9.179949293297935853e+00
-2.843531297895850241e+00 1.109884564402968898e+01
-8.105832443788756336e+00 -2.156031703733212179e-01
2.225415533639726107e+00 4.035735136618474606e+00
7.127462065148905346e+00 -7.525569699107115262e+00
-1.885949809405408351e+00 7.382124087088902442e+00
5.184335460737830914e+00 1.237292104907581347e+01
4.705048411451804746e+00 -5.447279682387938804e-01
1.693456790168210047e+00 -4.377788479710320146e+00
1.660886634207017210e+00 3.085048430316194246e+00
-2.805859336958433370e-01 -1.330672329401368259e+00
7.265036460151771180e+00 -2.849875721417775676e+00
8.910992531065497602e+00 -2.221536558502458902e+00
-5.205915296023814420e+00 1.991505918396234476e+00
7.680752539645058441e+00 1.061485247216504213e+01
-2.505046573798846321e+00 -1.000441345722168762e+01
-7.477639366632288231e-01 7.355830479765789853e+00
8.062853996893215580e+00 9.927501219264494026e+00
1.692053093539459319e+00 -1.273827439404164319e-01
7.701187150130316184e+00 -3.895637300033374384e-01
2.003707412629071871e-01 1.105083782715614049e+01
9.963383206382030011e+00 8.168726079927280948e-01
4.550487696667770088e+00 2.368053645354515346e+00
8.842834206157746735e+00 2.923695652985585536e+00
-8.721724798016341040e+00 -5.614618445249380585e+00
-2.210537921869954736e-01 1.187706703599071112e+01
4.340590633499624929e+00 3.696073974985367716e-01
2.061446450123583518e-01 1.273916734657826488e+01
7.984995186343517126e+00 5.812985685900869726e+00
6.993632612546720750e+00 -3.079334576667383416e+00
1.084055928893457699e+00 2.524577797514486743e+00
-1.285551818836295901e+01 -3.252727312444494867e+00
-8.337645119998031262e+00 -1.021381409128581730e+01
2.056669643896720245e+00 2.594561217236551531e+00
1.156766346678931789e+01 9.679951520615462712e+00
-2.090170404437466267e+00 -9.991413121018663190e+00
1.171475716020371749e+01 1.527681405145277171e+00
6.542465326771854883e+00 3.982996895065508358e+00
2.929931115433311861e-01 1.301562024273874485e+01
3.257570978692012176e+00 -1.778205509772565307e+00
7.060641821229640680e-01 -1.442060373859226097e+01
-7.372927383491001407e+00 -7.455769889246090187e+00
-2.090002641375637626e+00 -1.055029641819469788e+01
5.112131636541651147e+00 -4.125807720369581766e+00
4.000514106989819574e+00 9.103830253421244523e-01
4.211061016549777491e+00 -7.635953980008016728e+00
-2.661355617471435231e+00 -7.913715019729449907e+00
6.507526589954752971e+00 1.387714925390538090e+00
-5.483190622830856897e-01 -7.323447914333273800e+00
-8.496088505615922770e+00 -1.892023992242803376e-01
9.624840973710862002e+00 1.141135184453796025e+00
-4.064553699565044198e+00 2.922363361778514523e+00
-1.588112628851054753e+00 -3.625215293240414471e+00
-1.570031358058196214e-01 -3.344527903225057663e+00
6.807913599387333647e+00 1.155366355321704219e+01
9.959846996916034811e+00 4.355406656103913754e+00
-2.337183061158434771e+00 -2.069545104134688618e+00
-1.117519817557931727e+00 -9.022841263710640547e+00
1.331391718374326905e+00 -1.031269115498867706e+01
-8.554818217952925297e-01 -4.913523889031749192e+00
6.054129387843958376e+00 -1.321247193462327907e+01
-1.022407098496190159e+00 1.168394061563683728e+01
9.618758759775410283e+00 6.017619392551216251e+00
1.431654804434529282e+01 -5.859863153697405513e-01
-1.460692555135782378e+01 -2.716778310673599872e+00
7.749837609332231203e+00 4.555135134316469880e+00
4.981697375542875506e+00 1.525900213745683764e+01
9.022782827994136667e+00 -1.096828961828824234e+01
-2.594848170786654418e+00 6.278280299603788528e+00
1.484240944997261735e+01 -2.332993123655681345e+00
-4.494066918103613695e+00 8.383607048127217354e+00
-2.119470270611789608e+00 1.195501323494146639e+01
1.226103854397451620e+01 6.405101110902748474e+00
-4.786474319503496666e+00 3.429460089732629391e-01
9.203442764998769121e+00 2.053289557891069261e+00
-1.266017810932924981e+01 -3.051802694399212701e+00
-1.316291608689954540e+00 1.336126283479466537e+01
-7.015084313898282131e-01 -1.727631547250811472e+00
4.879501979520921573e+00 -2.144807710015927960e-01
7.999615037628765357e+00 1.879669062402934188e+00
7.013248898568257950e+00 6.171858467340666010e+00
4.253371626086511093e+00 -9.179178870100260568e+00
5.548903305325052493e-01 1.045955952593248739e+01
3.255268869138210341e+00 1.703851656717557894e+00
8.523132874536004877e+00 3.924739772525333681e+00
-6.952380794739087655e+00 1.370281204538602138e+00
1.102605981936373070e+01 5.990601318150854837e+00
7.585577149708369937e+00 4.324884208467978830e+00
9.969900417290524786e+00 -5.542037349297940452e+00
8.881746076283604241e-01 -1.463991696770803586e+01
1.371755777671060106e-01 2.544543956514715877e+00
-3.329116884806697207e+00 -1.139680884039558073e+01
4.382077701919739887e+00 -1.241088104856162211e+01
-7.196242578647196186e-01 -1.039648031448819943e+01
1.090386445914493763e+01 5.405364503016182098e+00
1.240099317365602261e+01 1.736660520697234089e+00
3.688580444059110341e+00 -1.113559572251897167e+00
3.112889241207760893e+00 6.865510697219021630e+00
4.345626504000484225e+00 -5.554559078919893089e+00
-1.385194206682339724e+00 -2.428412800054518428e+00
6.806311951598493337e+00 1.548452755324249308e+00
3.619768238853033893e-01 5.169439701383080177e+00
-5.060065281647132984e+00 -9.649376300216465197e+00
-4.131216728812542982e+00 -1.983226636500368567e+00
-5.819458811195251435e+00 1.152244885040861755e+00
8.816872544249601873e+00 4.036286097099347714e+00
-2.379244518836231670e+00 3.636785160074887391e-01
1.506926245337958603e+00 1.233773090810126583e+01
1.884638933197106070e+00 1.433574811702668583e+01
3.065887068265762849e+00 -7.480953274654704721e+00
-9.842710130895559573e+00 7.497576220326694976e-03
-1.556183283720825816e+00 -9.713231636305968975e-01
-2.666761640869894090e-01 4.458981905986827421e+00
9.611279603267942617e-01 2.063155519458465204e+00
-2.830985229705012873e+00 7.467513094033528809e+00
3.756729118061725270e+00 -2.565057292349243401e+00
-6.780564821318634472e+00 4.599574531326745541e-01
1.180637433970662897e+01 2.279110133455835907e+00
5.390518468282267328e+00 3.983944743576981029e+00
-6.103050472408067861e+00 4.388918144228459717e+00
1.394435727610384923e+00 1.185119843653614069e+01
-6.283559865169110914e+00 2.788471465315338627e+00
5.010050405620884995e-01 8.601631509599430014e-01
-1.159459746562826687e+00 7.346196809666418304e+00
3.281086797623412377e+00 1.374169001055576089e+01
6.089331118632932416e+00 -4.515353303757347128e-03
1.853925331984347835e+00 2.308659002665349291e+00
-1.735739686063776099e-01 -2.394998213487769423e+00
-1.065960256626401836e+01 -3.855784116852420951e+00
2.339572675421145165e-01 5.206414016057020255e+00
1.098875747588000884e+01 -6.443632078419572196e+00
-7.033168306319401708e+00 -6.482909265144729538e+00
1.082311387377553391e+00 -1.396192495948777257e+01
-3.643208254952325920e+00 3.680752570020338066e+00
1.620741495678421407e+00 -2.657114440873658556e-01
2.828598236941961108e+00 4.836867623322471665e-01
7.678966647081539421e+00 -7.900155999278289265e+00
3.249571829999252870e+00 -2.334726990874565367e+00
-9.623985319336313404e-01 2.825537123739866985e+00
-1.327545860926375054e+00 -1.475042055377358219e+00
2.375376195739011376e+00 1.503972591968135708e+00
3.507491472589098436e+00 2.854647002806655731e+00
3.886279560104904718e+00 2.497741843587126809e+00
-1.532897232833851042e+00 -2.572166331187058841e+00
-5.802814356861929923e+00 7.073314495748538988e+00
-2.820063867397199164e+00 2.028487620563971916e+00
-1.094748973343885368e+01 -1.356115140541472863e+00
5.510964895783205364e+00 -6.476741296181499408e+00
1.992692797031253349e+00 4.164458193807759612e-01
8.822279039448391202e+00 -6.900616037646502221e+00
3.443561038108045036e+00 3.069640405885942336e+00
2.085408800193093715e+00 9.838220674356177753e+00
9.331996353417117973e+00 4.790184413259113150e+00
-3.885920033006111218e+00 -4.458233830309049073e-01
1.176278385773585100e+01 1.053400380961292981e+01
9.566770187812100090e+00 -2.753792917274313634e+00
8.396328451095405043e+00 3.007286268210369595e+00
-7.336943701949152352e-01 -2.768609138315229146e+00
-2.940816358799696051e+00 4.656557850509456919e+00
2.845347961648734270e+00 1.356443365073434570e+01
-6.717073167206488726e+00 -6.490893560917979421e+00
7.059389322552479307e+00 -3.397026817147559274e-01
-1.602351446279339120e+00 -3.480019774190019066e-01
3.839229535278215200e-01 -7.300834283329519003e+00
3.981333535118968037e+00 7.287910814121653758e+00
-7.265348484974238019e+00 -5.704980803427494251e+00
-1.283997316934682553e+00 -4.171664227483124598e+00
3.787656540470315747e+00 -1.349762517114171523e+01
4.833941671632736359e+00 -4.069386862413635342e+00
-3.174831484822368655e+00 -1.253312039606256612e+01
2.056048533330562034e+00 -9.799380633923261641e+00
9.197200687671736929e+00 3.748135987604235275e+00
2.519948064422028011e+00 5.924255209845919801e+00
-2.382171645413455607e+00 3.839853733506275013e+00
9.638186632323845870e+00 1.148861557699330049e+01
4.916300655230116057e+00 5.278551540261254615e+00
-2.216026267295652552e+00 1.132930383186821111e+01
3.490057046182335476e+00 2.230106680561525945e+00
-9.272960026629267105e+00 -6.423356432202296240e+00
-2.750310767853056060e+00 1.189378724537107779e+01
9.940580526533846495e+00 -2.245970281626026299e+00
7.874488164265037504e+00 9.822321052236592465e+00
-2.674172100374387462e+00 1.620284250275912941e+00
-4.950561054045225617e+00 -1.331664125532528686e+01
2.232352361687664488e-01 5.719488080701413679e+00
-1.266108817248577378e-01 3.126607196824017498e-02
6.600797837536362955e+00 1.374276498296598881e+01
1.364159460234977694e-01 -1.318100705543590934e+00
1.191792628867018422e+01 3.333728083336758186e+00
1.168848253473938836e+00 2.075529599310689033e+00
3.717163825562337376e-01 9.762078358186004223e+00
4.064386772702000883e+00 -1.050691233379620826e+01
1.586260722846102311e+00 5.426531850961775483e+00
4.784361069324503113e-01 2.724578338318351278e+00
3.036326122459629961e-01 -1.155145546557127645e+01
-2.108195225921946303e+00 2.783414725942474632e+00
4.948485848170630641e-02 2.522448685813711844e+00
2.509516047951145357e+00 -8.840244222948486552e+00
-2.144784768922103346e+00 -1.462715584972056249e+01
2.470638679706473440e+00 4.928384451783484721e+00
5.581105970959080231e+00 -2.046159331873976583e+00
6.212939892337271175e+00 3.071585453655715892e+00
2.476741286286585186e+00 5.498309309249710175e+00
-4.309505585859804810e+00 -5.209893698114800742e+00
-1.414898025226671407e+00 -6.152133395632266577e+00
-7.772562738455425446e+00 -1.125386500667010203e+01
-8.432934425778832122e+00 -5.450292350153495669e+00
9.589359330010625015e+00 1.312622132735133640e+01
7.761452471245018359e+00 1.077092285574805075e+01
1.165335492294848407e+01 6.088151842865072716e+00
-1.474045806456094398e+00 5.326512073421816318e+00
1.198540252503323700e+01 2.738111783443091696e+00
2.091070052029604387e+00 -1.172007539005819865e+01
1.062521951119414609e+01 1.152409166639183979e+01
2.577925313305705846e+00 6.638987919922007208e+00
9.431122524507948413e+00 2.604428411859635695e+00
-2.499066715202822753e+00 2.274738651521929444e+00
-8.995080152774693971e+00 -7.597182113611291143e+00
-7.060818770294517988e-01 6.609375841102735016e+00
8.085755535582032749e+00 7.312050574965543781e+00
-2.578131560595529059e+00 1.368858548221010718e+00
-9.536024892073740489e+00 -3.899524225705486735e+00
-2.176240642500703260e+00 4.413990281483286537e-01
-4.265784247134441820e+00 4.326804747684540153e+00
-3.887639258102134066e-01 3.948608418332494874e-01
-1.228115997511698199e+00 1.446661629948890848e+01
9.460618343358529359e+00 -6.765783392360926740e+00
2.229077449237108155e+00 -1.669567712865636988e+00
5.202833971505584465e+00 8.591079203656336816e+00
-4.125111961591112930e+00 5.533554208481146652e+00
1.003429709752202292e+01 -9.977296397022250574e+00
-8.296891893293432574e+00 -4.896747387050739420e-01
-2.691537957609519527e+00 1.042401199393767897e+01
-2.860766059865575084e+00 -3.217182294963390810e+00
-1.009958870494429117e+00 2.777411578323100372e+00
-7.836678899084443817e-01 4.803730946609056751e+00
4.939076361507253488e+00 -4.791664379652094574e+00
-3.995230870223842157e+00 -8.376905351370384167e+00
6.885462525466297556e+00 -8.077058422841544072e+00
1.080413197772885603e+01 2.300660097355502032e+00
4.839123130988505217e-01 9.886431171208561963e+00
4.237702951114497907e+00 -7.088125969412465643e+00
4.626184869621514650e+00 -1.776711938128308743e+00
4.189645477229363202e+00 -5.092301784585515634e-01
7.931709805313814921e-02 -2.474170373495161446e-01
8.989625749526254372e-01 5.712354106911842422e+00
-1.379259512137386012e-01 1.093086559247219203e+00
5.965505556929528552e+00 2.480268592464626387e+00
-1.674162893602253899e+00 -5.562973557472854491e-01
-3.422797450176668033e+00 4.098057339489117545e+00
2.875275305791920477e+00 -2.344370623357189931e+00
1.193237582737050273e+00 1.922763601486331630e+00
-2.097775928192725292e+00 6.249791397962143336e+00
-2.390253763199430725e+00 -2.682414042403169052e+00
7.907057048776283681e-01 1.385407782947686428e+01
-3.166082241726581592e-01 1.068791977652120551e+01
1.152988491210978017e+00 1.666575911388301634e+00
-2.387681144289130586e+00 8.985228152256031109e+00
-2.443599127237511492e+00 2.395587790169357856e+00
-2.169576415442701744e+00 -1.094804022468249372e+01
-1.185743842022271011e+01 4.977856337694405164e-01
8.808078086698531095e+00 -2.525866329330189508e+00
1.175689309169718033e+00 3.916919906063392354e+00
2.161567659084871362e+00 -6.923620860921829712e-01
-2.282859972108814084e+00 -1.930578889414241717e+00
5.917696877337482952e+00 -2.179322543309930804e+00
-3.425492486128441705e+00 1.552053218051276273e+00
3.952625349532251864e+00 1.378948309342650447e+01
1.450890162081761137e+00 4.247150316885804244e+00
-4.253426725095707184e+00 -1.114631850425566917e+01
-2.763554111963829607e-01 -2.593512147140968782e+00
9.575610309796925179e+00 3.027814074143006629e+00
-1.509421513318898178e-01 7.937173551243282610e+00
-3.659765576824418165e+00 -2.045997855087805295e+00
-1.011198905611356835e+01 -5.654327112837128411e+00
3.294385764658324334e+00 -5.433139727724816126e+00
-5.826205417193673242e+00 6.260838433621945143e+00
-5.240782131179845038e+00 -1.369868478134375600e+01
1.183327991606836171e+01 1.122568395981456746e+01
1.588057830227616707e+00 -1.920670034451157804e+00
-4.975766301619526821e+00 -1.029919474944307645e+01
1.539357075667733810e+01 -1.237389232222256386e+00
-2.982216331829660394e+00 1.083530967839224601e+01
1.002515957554283510e+01 -8.567631982342055252e+00
2.844429020469342984e+00 3.089668666119148033e-01
-8.839197557943293759e+00 -2.130041520222482332e-01
-7.544171389596654009e+00 1.472692872566820910e+00
-7.571980788272275831e+00 -3.899620434004464897e+00
7.743535647884460804e-01 9.021731527950445084e+00
-2.924986634547195319e+00 -2.354618760330548621e+00
-6.065196643002752630e-01 -1.366066940036599853e+01
7.533560901949011068e+00 5.207776561331421306e+00
4.185364603423635255e-01 -3.130829548750156288e+00
4.284211297721294720e+00 8.716914849143496014e+00
2.431616786722240686e+00 -3.372640886180280351e+00
7.658681939808256622e+00 -1.111063651863228585e-01
-5.200270870600606776e-02 -9.081236256384032757e+00
8.394480787377084141e+00 6.162785241611887788e-01
5.884305282470704057e+00 4.636288607271583651e+00
2.740714296671562078e+00 -4.428531723594607783e+00
4.177272997221699868e-01 -7.883283247290198581e+00
8.485481278854725140e-01 4.951596522276795476e+00
-1.133160661153595594e+00 -2.878585808923599831e+00
4.685992308832500619e+00 6.985932871582127834e-01
-7.879348573116065069e+00 2.649612922810540283e-01
6.404530193881514677e+00 3.937367449913753870e+00
-1.454852140181265874e+01 -2.392373283661903827e+00
-1.755832234691545590e+00 -1.933005091349235594e+00
1.895833991197235641e-02 -3.403627151427658148e+00
3.585007831942420342e+00 3.863094602263051680e+00
4.615569821102224246e+00 -3.572447164340144088e+00
-1.208556329267596485e+00 -4.189921338343141066e-01
-3.562872146083193137e+00 3.076187894619025087e+00
-1.609187939631836484e+00 4.404239466722812857e+00
-1.394640452702754452e+01 -9.482896015116348831e-01
8.929224966802902230e+00 2.399107513652987134e+00
5.324203224400426038e+00 4.505929530491168400e+00
6.795898594122299130e+00 -1.947664253869443085e+00
8.849737307178646262e+00 4.975115597297293135e+00
-7.427557598461466348e+00 -5.729937928938160674e+00
-3.480657091340748188e+00 -5.429696487885652623e+00
-1.673647905311121509e+00 -3.150128348352150276e+00
4.820402234782423356e+00 -1.023929780971336179e+01
1.193621933342038588e+01 2.113631526213914480e+00
-3.501449095619158847e+00 -7.663751802016713910e-01
1.502127980982389088e+00 1.342249662671281207e+00
2.725388352249221491e+00 -3.337718980167652671e-01
7.936018343671880970e+00 3.661057444672031203e+00
-1.585405995450621219e+00 1.006362580508541882e+01
6.790090834850989188e-01 8.704290678037187590e+00
4.498139115955395617e+00 -1.332102547945187609e+01
1.312153128351729592e+00 -5.082609748730905430e+00
-8.174014330033794185e-01 2.788504305915127990e+00
-8.699548122007993989e-01 5.026416943730012576e+00
4.091704378217060345e+00 5.354845710851628304e+00
9.005550482810996016e+00 -6.077546474791250652e+00
2.199261346606993239e+00 -4.383289701641994718e+00
8.142573541917252911e+00 1.261362231167936443e+01
-6.305333811891018492e+00 -2.589451259942236572e+00
8.259004529613141798e+00 -2.484070169585650856e+00
6.025491825523739742e+00 1.502151118772166960e+01
7.364504105018466751e-01 3.781870851558045921e+00
3.776091993830666294e+00 8.806266344823663772e+00
-3.023982682295945690e+00 4.919970252706255209e+00
-1.390024475497899559e+01 -2.062167166969426813e+00
1.295599511408504378e+00 -1.403234580460104741e+00
7.610695911675885661e+00 5.585075970010260349e-01
-1.860944849126495493e+00 -2.250898193004439385e+00
-1.824160574284219738e+00 -6.123102714047159445e+00
-4.441156707973838991e-01 -6.279296942473427734e+00
-6.274563546384011481e+00 3.764499075277377926e+00
-2.173896971658104693e+00 2.190507643890396317e+00
9.767204373638914916e+00 -8.243243859744261215e+00
-6.561994542606014669e+00 -9.318993424671125680e+00
4.266908579946029789e+00 -1.965780575346661507e+00
-3.400434926094960675e-01 1.111291674890755665e+01
-9.560628270175241639e+00 -5.323067981971774998e+00
9.192879148725101146e+00 1.144589404144021216e+00
-1.007780004744380520e+01 -4.272617193429386617e+00
2.527487083750800667e-01 5.314373340691123992e+00
-7.991734328358954809e-01 8.027233395426616180e-01
-1.359605690006640444e+00 -1.308987224823522943e+01
2.974129950756883911e+00 1.480996372205875877e+00
6.299340894216547415e-01 -5.368551673986379225e-01
5.870514938164505203e+00 -1.214064776323023453e+00
5.450646465467832158e-01 2.298372464999113518e+00
1.055612907197941830e+01 -7.672403724777451473e+00
-3.103968530503845802e+00 6.583665625694344214e+00
8.111655662964251334e+00 4.622621976033724600e+00
3.083361283603458514e+00 -1.469437441067265038e-01
9.769694196107339579e+00 -6.532293662483057872e+00
1.152204215922228947e+01 1.327426611100600118e+00
8.606224784465757338e+00 9.492918196417035048e+00
1.836490287302150692e+00 -1.022591334197011825e+01
5.325145444294214769e+00 -9.594090656062801870e+00
9.616146826674205172e+00 1.979090470940274571e+00
-4.079787519469517398e-02 -1.751944630363891475e+00
-5.496511282797762465e-01 1.760099797993877502e+00
-2.822098772983169912e+00 -9.559391546751715651e+00
3.517016211030339901e-01 1.014583146073681519e+01
-3.607753826786516793e+00 -3.332520551815021381e+00
-2.957737406446227624e+00 -3.404607248107096584e+00
1.230068267617820510e+01 1.043149911942025021e+01
3.389641328733768444e-01 8.166961616117823786e-01
2.143913593950614871e+00 2.498504169483407811e+00
4.999402783085449720e+00 1.814743185112409396e+00
-2.651614918722781766e+00 4.464759752984824637e+00
-2.943276553971031717e+00 5.477445149459720497e+00
8.936548266536046725e+00 1.039501748423821503e+01
4.992566776987860777e+00 -9.833157865575191670e-01
-1.765301620622154788e+00 -4.134333392087301995e+00
6.667125641550575743e+00 1.240521338937562890e+00
-2.637877441673242451e+00 -8.383356479388561766e+00
6.567910389864723975e+00 -8.040651219418574414e+00
6.756159683449144415e-01 -6.761607016596297370e+00
8.749362674222966874e+00 3.117094667469851199e+00
8.396579661902853209e-01 -1.464758293086150909e+00
3.100081344782183557e+00 -2.805906571931790605e+00
-1.714665543089853028e-01 6.968006742764620398e+00
4.384263504928967770e+00 7.076328567698679350e+00
2.280346773759607704e+00 7.906012647569089502e-01
-5.197418707357682521e+00 5.759533920023258702e+00
-1.600776766341770019e+00 2.492547464875083829e+00
2.254336381800511546e+00 2.897744529907481326e+00
-2.214430436755327136e+00 -6.303872026405719531e+00
3.851503521434120891e+00 6.213921321910516937e+00
3.281350643604946438e+00 8.793911961193497939e-01
2.487563840227875467e-01 7.367494435440304024e+00
-2.402592348540671274e+00 3.032782689091364059e+00
-1.339400581854473860e+00 5.085105417554701468e+00
6.419722236474645349e-01 6.621721155540970412e-03
-2.153276096602458889e+00 1.389237338945957134e+00
1.057246263274513964e+01 -9.810928310057359880e+00
1.214351543190779870e+00 1.026464142698870496e+01
8.586721123554871271e-01 -4.998785235922896142e+00
6.201845812659719570e+00 8.274463901802887378e+00
7.623756260743046909e+00 -1.077631282044251224e-02
-1.052695624541058450e+01 -1.584156326024802608e+00
2.518862782021013658e+00 -1.075532365877934637e+01
4.532687460064164675e+00 1.124295441926573247e+01
-4.544652274449156315e-01 9.326097611413306510e-01
9.155425759499722815e+00 -4.226299737391253863e+00
4.901336465679334786e+00 -1.262600196353043103e+01
7.993511677298320350e+00 2.789652877681488619e+00
-4.570496776439236797e+00 6.342030188349976338e-01
-5.180281192065450568e+00 -2.735727029233459895e+00
-3.705590636905410129e+00 -1.028458960227998542e+00
5.840349426831397572e+00 2.169854944770566174e+00
9.472284970493134892e+00 3.863333523286328397e+00
-1.094431664407541227e+01 -3.118522335571559001e+00
6.645222916825367143e+00 -1.266438300591929256e+01
9.520674834556633881e-01 -6.376985578076463490e+00
5.398014501204312365e-01 -3.909610437356622059e-01
-3.257953437061301916e+00 -8.399348459321421601e+00
-3.988594223715112630e+00 3.076350226996796167e+00
-4.777428997392297316e-01 9.566404941205567170e+00
2.845440071547570504e+00 5.601252270717270498e+00
3.175876370152498573e+00 -1.271288679228188556e+00
6.827814930262067428e+00 -4.471068941292836385e+00
5.033961169710347683e+00 -2.458329140695026283e+00
-2.284595549994291375e+00 1.084894744417800894e+01
4.651764569747664169e+00 -1.180717770805085287e+01
-5.241831794134273359e+00 -1.100669583787930250e+01
-6.099317703910098754e-01 -1.512294971370469199e+01
-2.004636390758662845e+00 7.775405588374586507e+00
-2.643411293222134084e+00 -1.109043390065799173e+01
-1.263218163395447569e+01 -9.145158959207029536e-02
-1.207583143322751296e+00 -4.072784374514116124e+00
-7.606702627294593955e-02 -4.685299079526505039e+00
-1.167999968945728106e+00 7.806009376268659317e+00
-9.508161450005596649e+00 1.732194228766480160e-01
-3.168838756075195828e+00 1.035015647484707202e+01
-2.658994588027951966e+00 -1.580833813112966224e+00
1.118660783925244040e+00 -1.269043952803089681e+01
5.215434995826968567e+00 2.900297999092645629e+00
3.517251997519232010e+00 -8.694762849753494560e-01
9.628395920305033329e+00 -5.625413160259267187e+00
6.614249907529062611e+00 -1.245785067735996243e+01
9.454760939964904409e+00 -8.935485871350246967e+00
-1.124413768770796906e+01 -6.613657920573037252e+00
-2.700173702126239750e+00 2.324213536177821560e+00
2.662198763778976573e+00 -1.384097972091362871e+00
1.063011189579643911e+00 1.290267264507551559e+01
-7.391434385084970415e+00 -1.346409566930911517e+00
1.075594307502325719e+01 -6.852826403967212876e+00
1.895159830045097582e+00 -1.285282882783054248e+01
1.541271972762441322e+00 2.369721908938974497e+00
1.155981195273827034e+01 -5.352410223789313415e-01
5.347096663077635093e+00 2.316842475187211647e+00
6.086816828096381471e+00 2.680895890426229222e+00
-9.004831710886823659e-01 5.397224709031880785e+00
-1.104677790940198356e+00 -6.937832261895384711e-01
6.385920703470934434e+00 4.781711022966578462e+00
9.481454581394623826e-01 3.597703915540368502e+00
1.387244855407806554e+01 -2.316403778400419888e+00
2.876318724463078694e-02 2.273247874687540193e+00
-4.560162985708582362e+00 5.022762729918851532e-01
5.676934336593101094e+00 7.916247498864389165e+00
6.510379768472656536e+00 -1.048804740045298362e-01
6.050405934256356311e+00 -4.919294628497735467e+00
9.921285591837207818e-01 9.706439746692828052e+00
-3.938148120659883400e+00 -1.574423308353438244e+00
9.168213064711144611e+00 -1.066402950800894978e+01
2.952547387778113208e+00 -1.119636500716259242e+01
7.793053708616817232e+00 -8.499609112182508142e+00
6.930566212177144081e+00 1.032666447795571507e+01
-1.080880515713374201e+01 -3.996808846529459558e+00
4.885393643002876374e+00 -5.494449960718971404e+00
-5.869992533137957658e+00 6.678297674255039285e-01
2.876988427684841643e+00 1.398700842158933888e+01
9.566785395409857173e+00 -1.175814593418255072e+01
3.852772117576284128e+00 -5.442410399693407896e+00
2.824442497306558053e+00 -3.268549595936395935e+00
-3.200050926105806326e+00 -1.075105261795706468e+01
-1.660058629594410862e+00 -1.449543706117691499e+01
2.283061942797324662e+00 -1.922093093759467131e+00
5.098676409803242215e+00 -3.917538578576792219e+00
1.229497634596138589e+01 1.155468072184688388e+01
-1.472725652387656847e+00 5.472729125454129040e+00
1.390600016661198257e+00 -1.373863323796074987e+01
-5.973251690491010457e+00 -1.270433758630805432e+00
-3.259423420641018865e-01 4.397504066650414489e-01
3.828995107397675790e-01 2.211477020419214679e+00
6.753855184007449886e+00 5.854387946012150401e+00
9.381420942237429728e+00 -7.131506686980779719e+00
4.382831684392956006e+00 -1.402274373559077603e+01
-1.431340933701912510e+00 -2.148474456906261931e+00
6.995531392204950905e+00 -1.131088942678427145e+01
-2.042656990930918681e+00 5.267449654097692502e+00
1.363491471400886645e+01 -1.898778657845739515e+00
-6.092704224509650768e-01 8.732470811616842354e+00
2.874119099546594280e-01 1.559057549291600786e+00
-6.386890470670183007e+00 -4.156728824642748954e+00
1.074939323467262620e+00 -1.351986775244388994e+01
-1.628469490041620338e+00 -1.153654376640157331e+01
5.754079859518920870e+00 2.716479300540570740e+00
1.336317254829088341e+01 9.591417924756701296e+00
-4.434247045789813768e+00 -9.247354209387973256e+00
-1.176438328636193908e+01 -4.414441629988209215e+00
7.302784112388228444e+00 3.729241168981140664e+00
1.149236803722211431e-01 1.107739519067227008e+01
-1.695711875841712901e+00 7.086349058790706756e+00
8.281609418375172282e+00 3.891350036630162990e+00
-1.419560723524175749e+01 -1.445769789925783311e+00
-8.134914600678562202e-01 3.283943342355368777e+00
7.093802032436554938e+00 1.358118563235730036e+01
8.064141013375120792e+00 4.729971721260660011e+00
9.631098789034584939e+00 -3.749534002468293714e+00
-4.212800542299654616e+00 1.059092548615574891e+01
-5.484529012650231072e-01 1.268893270105428739e+00
1.124474495419733699e+01 4.120764849027239940e+00
7.294154012172051615e+00 2.331540630479687515e+00
4.327511120774333087e+00 1.488082776817137010e+01
-7.832734126653461360e+00 3.483676503438073446e+00
-5.450716401704386982e+00 1.944464469785632588e+00
-8.105593586597592548e+00 -1.010002694372444054e+01
1.701016837844541829e+00 -1.103404740588564437e+01
4.095922934161620788e+00 -1.015247603213341954e+01
5.490893576513851571e+00 -2.872133311392834010e+00
2.693374638295716661e+00 1.496982279422721085e+01
-3.425584665669983320e+00 2.435402046490689365e+00
1.226335071330101734e+01 2.866330623543718037e+00
-7.130795195721827184e+00 -1.728017085968807764e+00
7.437674716643758011e+00 -1.876439811980071148e+00
6.813058302806479283e+00 4.085365769710182171e+00
-5.695911044654533129e+00 -7.302144520993317123e+00
3.293539591935728539e-01 2.571975347957527802e+00
5.234076430925307832e+00 -1.010793869818465751e+01
-1.400187019071206906e+00 -8.703644269878278550e+00
5.210617095132477949e+00 9.589544715914593009e-01
1.038639441352102644e+01 -4.093625082385488057e+00
-1.613461791435151449e+00 1.988261986141343751e+00
9.997136654454806148e+00 -6.053560859294317531e+00
9.360217141190071644e+00 2.275922364778258267e+00
3.627371856563408770e+00 1.228202126840652930e+01
5.058620639114781881e+00 -4.486467272581050381e+00
2.300442390171523854e+00 1.638255379871344886e+01
-9.196489534609121330e-01 1.251797588385857551e+01
1.209895212178740387e+01 1.131201122668202963e+01
-2.232287579601702543e+00 9.518434558191909645e+00
2.790477268296079227e+00 -1.097881669340960364e+01
3.009790149147881788e+00 -1.325219392065689172e+00
7.877792229932941481e+00 -1.103634700093094345e+01
-1.427503230553915647e-01 2.631491085464253921e+00
-8.059709945019861266e+00 -7.544756348291147496e+00
-1.293645763797886539e-01 4.083812273632531742e+00
-2.288511851940755015e+00 -8.003925513444212214e+00
-7.864629329029585669e+00 -8.093691493857843255e+00
5.232509461200582912e+00 1.358809280641175299e+01
-8.349225120276532408e+00 -4.354254148814009184e+00
-5.573739913849831140e+00 -1.188341254052020091e+01
7.395496157749454014e+00 -3.366498360359921893e+00
1.011226097974448068e+00 1.015268837143638692e+01
-4.481018610545996594e+00 1.816509010021748249e+00
3.547245515455453302e-01 1.052254650757684473e+01
5.615438963482750623e-01 -1.303123494926421522e+01
7.828349808054670511e+00 1.028546683732037970e+01
7.230539265053431919e+00 -1.108433554486923001e+01
3.562637417638991000e+00 -8.146597193750657051e-02
1.156087076068546438e+00 1.251388436178842767e+01
2.504648734079670813e+00 -2.676955707269132123e+00
2.173424131793698422e+00 -2.244816792168213393e+00
-9.939101093851250290e-01 -4.727153348092480556e+00
2.861222979786983145e-01 -1.350770867272443176e+01
-2.197259886089230729e+00 3.264801298716182298e+00
1.120337823915436815e+01 -2.375178359088632174e+00
5.531777372658654990e+00 -1.104442678489089147e+01
1.729992154104650570e+00 -6.915185076266135766e+00
1.742464257558592244e+00 2.072169693444772864e+00
5.399384358871204270e+00 -4.673063187695367660e+00
-1.650641495985402551e+00 8.297777142118086147e+00
6.252016747466922375e+00 -1.092862277463934895e+01
-2.123773092442338584e+00 -6.470806410292785138e+00
2.096033682077217186e+00 2.254129048569613047e+00
2.727179783237240862e+00 6.373715930712399391e+00
4.474293667639535343e-02 3.215680179654594600e-02
-9.937920484807568400e+00 2.362285170639466525e+00
-4.616632843967102273e-01 2.322282790034104316e+00
-3.591725884046953698e+00 -5.007006701206273114e+00
-3.086657674360837156e+00 9.397800467498884203e+00
1.239747531243503786e+00 9.428602694075237878e+00
2.376108336635567753e+00 1.039204339691068846e+01
-3.978396561842953427e-01 1.194480585924348048e+01
-1.280324668020235279e+01 -3.316657791177686776e-01
-7.096753006387952922e+00 6.546205987115946145e-01
-3.787850216041005691e+00 1.856698638657006795e+00
-7.448345071702984654e+00 2.437538750742601346e-01
5.619075713743765910e+00 9.627342869016263904e+00
1.051465105556536095e+01 8.026091550484028003e-01
2.209718309894790345e-01 -1.124360448174302540e+01
6.048633864969088947e+00 -6.240662273677384242e+00
1.206643736155077029e+01 -1.217448759029896022e-01
1.122089162478836855e+01 1.247664892022856087e+01
8.570243457764526340e+00 2.209631790541671581e+00
1.069490334539096921e+01 -7.084014856275483218e+00
1.639964998864943846e+00 1.057792779083073231e+00
-8.314845618064596877e+00 -1.706675950579583434e+00
1.368700236785896918e+00 -1.104627964454126587e+00
2.365221353002854715e-02 4.504290100438250732e+00
2.056726360562798561e+00 6.860708177707591560e+00
-2.782564404439162420e+00 -1.367412653277494394e+00
1.202280480270760732e+00 5.110200551914659606e+00
7.146190723539588951e+00 -6.794280836594658979e+00
-1.379717779447453552e+01 -6.595427718257035332e-01
-1.756315503959688717e+00 -1.353047192522361941e+00
4.358182424242598718e-01 4.335238683625126654e+00
-2.066112803407730514e+00 -1.243162640368881178e+01
-1.170943156260280671e-01 1.477450719101182841e+01
8.091440163063092328e+00 -7.210816175523262928e+00
-3.186774382956718110e+00 3.877602721116371942e+00
-9.760519904009020919e+00 -4.638938027258647345e+00
4.913904495189084232e-01 -1.137864729465542446e+01
3.122585184936052194e+00 -7.928593868788262888e+00
-8.731700574657971003e+00 -3.363576310674783354e+00
-1.261700262497533531e+00 7.984607358994002091e+00
-9.899496243619374525e-01 5.810016342158150771e+00
8.000499196451952955e+00 1.392148435568344444e+00
-4.869555607669159514e+00 -3.868216767722116423e+00
1.316494014351413222e+00 6.773238571961086585e+00
6.225120475531165098e+00 -2.055581093279260418e+00
-3.862666503296246834e+00 -1.151813483643778824e+01
6.800719239936320548e+00 5.358800817137664652e+00
9.116697655092174557e+00 1.195686256382978013e-01
2.653978279569656262e+00 1.349034267517827601e+01
1.373751396799205438e+00 -2.522205250429830237e+00
1.038100588306688721e+01 -7.602705265210699892e+00
8.990984751329168745e+00 1.253900569701342782e+01
-2.817583419737005324e-01 1.387636451685809469e+01
-1.427979289612394398e+00 4.767839570014043460e+00
-6.303781374784527269e-01 -1.256188982155441991e+01
-6.835946940478838663e-01 1.452841437125261947e+01
-2.568610012138262011e+00 -7.320593844186177535e+00
-3.134816726480272653e+00 3.256714507291114113e-02
-2.927851903291493141e+00 9.059140429120283500e+00
-9.225941197027752949e+00 5.593890285690350517e+00
8.882697073246667685e+00 1.335638334543058292e+01
-4.369304204466819108e+00 -1.272531766056906122e+01
8.311537334744791394e+00 -2.927105019663080121e+00
1.019415283740072198e+01 3.111495344938567165e+00
2.277896343601084617e+00 1.474346479512347940e+01
3.542152386513639506e+00 -9.687499690113035022e-01
6.406637072260668475e+00 -1.132718128104633060e+01
3.345782351643666885e-01 -5.175664504884202266e+00
-2.794512128310691956e+00 -1.340997782996041821e+01
-1.028274004015184140e+01 -2.434019332803244173e-01
-7.211058132726071435e+00 2.810162142468324298e+00
1.347225939458300914e+01 -2.064079966083444351e+00
-9.653562482567345171e+00 -4.495492264151646822e+00
1.606929832676304404e+00 3.269386255356975468e+00
2.034407140422535287e-01 -1.338171272161947911e+01
-1.972217512492670632e+00 -3.676981080645103983e+00
-2.592506046944136777e+00 2.652244580706569543e+00
-3.446784191377927797e+00 2.778560360858694178e+00
3.503526335170484174e+00 2.540992607244713319e+00
2.081173361369363928e+00 9.271899385636569235e+00
2.480090217006121645e+00 -1.120569749493818490e+00
-7.238532886614100548e+00 -5.331782738893135587e+00
3.558405346456999574e+00 9.397407649487888648e+00
3.062718970759626291e+00 3.262374133097149187e+00
1.634726432304546728e+00 -4.099843507490982475e+00
1.113116530654824743e+00 -2.059296972716959662e+00
-4.207896937311550900e+00 -7.377392503996399675e+00
-8.568630105098646865e+00 -5.792490802690775098e-01
2.550266848470031711e+00 -3.693696457782122522e+00
-6.335453449713993379e+00 2.861208382252727223e+00
-1.785034342028645415e+00 5.459358161451659974e+00
5.615642384525503239e+00 6.572949605385805860e+00
4.301642725253746136e+00 4.685121563568260150e+00
-2.522989835676913817e+00 -5.836093412432957761e-01
-1.037016585777223110e+00 -2.485041678683243660e+00
-3.105910482179722987e+00 -1.433282107349127976e+01
3.810453608149916516e+00 1.227068240544562272e+01
-3.914445956519728487e+00 5.585914228555320271e+00
8.823534528345911454e+00 9.057444273676210855e+00
3.895617355518471658e+00 5.413985052456190772e+00
-9.265890611295152235e-01 1.289297384833408344e+01
-1.405133710179614082e-01 6.299179581442105658e+00
7.234585998774750948e+00 -8.263312506086913700e+00
1.238627762387218745e+01 -2.313381812547784300e+00
5.649158738492193521e+00 1.923989947643109377e-01
-2.224572094040684345e+00 3.116143497601057799e+00
-1.444935200796805486e+00 2.006545827049187825e+00
-5.395426593368044088e+00 4.217967799607773571e+00
-1.452146305453462638e+01 -2.598267792221041095e+00
3.694802790978603202e+00 -1.416585881199109309e+01
-1.164496239191165294e+00 -3.042217976218209774e+00
3.644026592344021598e+00 -1.461969968917866325e+01
2.426488627991265634e+00 -1.052890781725847713e+00
1.184726617091437539e+01 8.702365346351946584e+00
2.576014309818006609e+00 -4.383184516902713490e+00
-4.569566610534181450e+00 5.953123479891425873e+00
-3.531713368890066373e+00 -1.149618538498592102e+01
-1.018830984776424131e+01 -6.446307835672801190e+00
-1.579637009864496289e+00 4.481384629286372601e+00
4.275079654653935357e+00 1.610774232990078403e+01
-3.233092561591758507e+00 -1.205402755452685248e+01
-4.042235526872763884e+00 -1.327710054403900841e+01
1.378792133187662250e+00 9.024519498970423603e-01
5.164517830010471933e+00 -4.881720403756607318e+00
2.679300243524183611e-01 8.538147928559371991e+00
8.757080064989390067e+00 -1.710761509855253992e+00
1.159688231836907413e+01 5.575832704959943875e+00
2.655901284735020518e+00 -4.145808953122211094e+00
1.465022940940213125e+00 1.624350074490259921e+00
-2.011490425077834931e+00 -1.163946408277838707e+01
2.654886985334858895e+00 1.248689166989397314e+01
-4.930905024870725128e+00 -5.739476429372774469e+00
5.405377287423528188e+00 1.492583176338371764e+01
5.716980669435226758e+00 3.130723912313593260e+00
1.190032452057752721e+01 5.910246440591382822e+00
-1.939391768301370167e+00 5.181052925935889952e+00
1.105453343697856861e+00 6.153135648952720693e+00
4.920822757296444472e+00 6.630958622190080476e+00
-1.355551157429638742e+01 -7.863083494271914109e-01
9.638616810152193182e+00 -5.874559814410229563e+00
2.183149898476214990e+00 1.168775080378850717e+01
-1.162712690961934392e+01 -2.017290454834091307e+00
-3.152764654768426045e+00 -7.726000409064423202e+00
-9.124822349447480718e+00 -1.681113881418677458e+00
4.170048772751080435e+00 -7.490914989008495617e+00
5.463495448568367330e+00 -4.870655812596467626e+00
2.088749610169736926e+00 -8.113232767793686406e+00
1.203773357646371389e+00 1.338414601562470274e+01
7.266347639172325401e+00 -2.317780590895570203e+00
-1.542056016787575956e+01 -2.080649543427893988e+00
1.915033276428098841e+00 1.048421135069300014e+01
1.866912158013062317e+00 5.275699768352763108e+00
8.905527744137890167e+00 -7.487680159666192381e+00
9.100111057119526947e+00 3.203067768449348041e+00
1.137893251935406980e+01 -4.354351187147928570e+00
1.012547565248339332e+00 -8.618881751233687938e-01
-3.656085925308507623e+00 -5.273982759141856214e+00
-1.176585001798132879e+01 -4.193559997167978004e+00
4.907082803681156236e+00 -1.719463833183985324e+00
1.065014093004143625e+01 1.249914080070402989e+01
-2.823658510308843184e+00 1.411912242890922364e+01
-3.550992574806834501e+00 4.304449139592072093e+00
-5.904855319170235539e+00 -9.682549746559663717e+00
1.603452115994701277e+00 6.901901305174800161e-01
1.024716946106514204e+00 2.529373344140678270e+00
-3.208664057269920100e+00 -1.486950010591619176e+01
3.695454638766151323e+00 -1.118731794185758943e+01
-3.568652843365931471e+00 -4.109132942289915214e+00
1.065970677958862911e+00 2.164813776878628193e+00
2.750341701910644421e+00 -1.436966657287031879e+01
-3.620966647594581200e+00 -1.525917332380721247e-01
2.091202209685541824e+00 1.355554073030880424e+01
-2.747703819773835043e+00 1.057890471724893366e+00
-4.420207229474356403e+00 -4.381882605231990802e+00
-3.343615920353009141e+00 -6.156393773568573202e+00
-1.002838551002324152e+01 -4.619309375089625469e+00
-8.917652490690633371e+00 5.992836568201667102e-01
1.184894293400980736e+01 1.034272715932257114e+01
-4.661665271044436842e+00 -1.053111591162930960e+00
-7.796716633422288822e+00 2.327870969857317895e+00
-4.425323761499456943e+00 1.940763503442840321e+00
4.373442906193643509e+00 -2.556959316446634212e+00
-9.204855868600947844e+00 4.247404324861163261e+00
4.305571192748897325e+00 9.522138624907341864e+00
1.535655933107888282e+00 1.834975410705516730e+00
-1.352106709892584302e+00 -2.882555389224252806e+00
-6.039592423847435221e+00 -1.187831596969782844e+01
8.399736532768617536e+00 -3.117802084207816460e+00
-1.866797970038112986e+00 5.631928232507699583e+00
-8.823325988594644897e+00 -9.311063586589177765e-01
5.674876482908700837e+00 -3.739553753677227199e+00
4.447086484017884089e+00 -7.295225566751578405e+00
4.941366705892926703e+00 1.325275912381857779e+01
-5.482500147767972454e-01 1.295398334033359333e+01
6.670103923145138225e+00 4.732167984208366818e+00
-6.670365018764518261e+00 6.463205346592583167e-01
3.073074513288799992e+00 3.097347140141191613e+00
6.155105063987305059e+00 2.687779917339121472e-01
2.104933480795709855e+00 -1.047439134842089814e+01
-3.025214100832387842e+00 -1.295356449444553881e+01
2.832577291874581737e-01 -3.651933839212516131e-01
-1.759480518287297457e-01 -1.225953566935643835e+01
2.695459271381523081e+00 -1.254270237756330530e+01
-8.416143147420717119e-01 1.025519800509647972e+01
1.126857048026249686e+01 6.062804229696566516e+00
-4.761030107041821502e+00 1.398723778243865068e+00
-7.583868134181042109e-01 8.701233587663267599e+00
-2.189845901517596172e+00 9.067120968502933920e+00
8.945546740255956308e+00 5.170279906222980948e+00
-6.322459144164437106e+00 4.485187570145482638e+00
1.735034092883608547e+00 2.537659070930908367e+00
1.565872865799174285e+00 4.155305991954068467e+00
-2.570363046362158066e+00 1.339436507177583380e+01
-2.085858939688954639e+00 4.975220240458238408e+00
-8.190738127488536691e+00 -7.492429787277496089e+00
-8.772631797008024535e+00 5.839212840436537988e+00
5.084584665837309281e+00 -1.081712682704818995e+01
-7.698975143991281245e-01 8.076427434180718734e+00
2.846281051045687516e+00 -3.984505712113860731e+00
5.105442967593437631e-01 2.028733873475902172e+00
1.235941412643696724e+00 6.533566692910325102e+00
-1.472408425703365387e-01 -1.262055634843207985e-01
-9.236228039865254758e+00 -6.736319959874408347e-01
-3.694965962183050845e+00 5.306235273734507096e+00
-1.567329053547666362e+01 -2.351669531787070166e+00
-7.355238552431906385e+00 5.019010414111380491e+00
7.120316329865820748e+00 9.293991820350267830e+00
1.178136618802410274e+00 -6.037431849615599866e+00
1.781055510611704973e+00 1.098337975167678948e+01
4.496426302890075277e-01 5.727357075331485081e-01
3.156371426590189877e+00 1.593825191642685990e+00
2.550824185890876006e+00 -1.111063469666735770e+01
-3.843338650209600971e+00 5.246634714935830557e-01
3.988407789512292911e+00 4.201739817266133770e+00
7.189426334350325298e+00 -1.795543082458361583e+00
7.943516174329919188e+00 -1.141853601806124630e+01
-2.354120888842419768e-01 7.622744335798149473e-01
-5.447123302507367093e+00 -5.230682404901327409e+00
-1.064020033427252876e-01 1.349081607802124871e+01
8.366376780560580428e+00 -5.101847714021197966e+00
-7.775445472461501417e+00 -2.227326330408606336e-01
8.545183782245809212e+00 -8.178671019890062510e+00
6.513758733545014223e+00 -1.885339477587846480e+00
1.471145366218519435e+01 7.100953514550899293e+00
3.856217065079129647e+00 1.530837915309349917e+01
1.819435322522905185e+00 1.358728347165258254e+00
1.199924838333020993e+01 1.816662741057185615e+00
-6.560145857295554883e+00 -6.519738109361000733e-01
-2.272997679113005279e-02 3.699307801428632470e+00
-1.043607851529730679e+00 1.653157243505289031e+01
3.956975609857138920e+00 -9.471147663001305617e+00
1.229751624851464609e+00 8.315296217571276571e+00
1.081346227824798234e+01 -3.525540277327737559e+00
6.001889713763539635e-01 -1.236791809848694967e+00
-1.238309738027017826e+00 -1.227305162207919409e+01
1.295695774980536008e+01 9.229035725228298404e+00
-6.835487166877241005e-01 -1.285834805173201545e+01
-8.666310386422978240e+00 1.954597041378963285e+00
-3.876147030918209335e+00 -1.359446610564216584e+01
-4.584682310229957203e+00 -3.134860055682213154e-01
4.874747583714328369e-01 3.398832212240010087e+00
7.540802139548820726e+00 -2.580779766996919911e+00
-4.260060423125136553e-01 1.044205126467532452e+01
-5.189217551861895927e+00 -9.223827831288216927e+00
-7.434086750115578290e+00 -7.706752665172329764e-02
-2.972586794214747030e+00 7.908793387407314412e+00
-8.887081833931658181e+00 -4.950630680358822033e+00
1.251780207135642620e+01 5.244926791261065091e+00
4.507335568327638597e+00 -5.918027212007128668e+00
4.012405010850955689e-02 3.573190240151830732e+00
6.035503769555878861e-01 -1.105248297220659559e+01
-2.567440237739657682e+00 1.563145033314996013e+01
-4.247639320642056404e+00 -1.473233750056022195e+00
3.236294153141708874e-01 -2.405335231137870178e+00
5.870604149325171939e+00 -6.493726748764025558e+00
-1.113071562797112790e+01 -6.996509479578064017e+00
3.428429232255882031e+00 1.748051419531314599e+00
-1.721902286772998503e+00 1.298910206809141776e+01
8.276590611461791980e+00 1.065936446650059111e+01
1.237358500573443187e+01 1.079342502503793355e+01
-3.821991014995904212e+00 -7.962723105944810587e-02
-4.835036146922011113e+00 -4.218776764069921192e+00
-4.796851353297628684e+00 -1.154793595761139713e+01
1.099037339888304432e+00 -1.325308166740320281e+01
7.553269707165790159e+00 -6.077810558436661736e+00
7.493269525592074487e+00 -7.211841539469590057e-01
2.841306529195472219e+00 5.968242177635100454e+00
1.248762572711616414e+01 4.777145281738472526e+00
2.720161546111536044e+00 9.500102894727197267e+00
9.207180961311106415e+00 -1.095123240498870842e+01
1.454864896878588354e+01 1.833962781375307605e-01
1.035446931096477030e+01 7.047526159113115973e+00
-7.269891844401179526e+00 -6.994357103801805309e+00
-5.459227211923749490e-01 4.182414759567407714e+00
9.277648695515589239e+00 -1.336518409822938125e+00
-1.758202130151520048e+00 6.560321379556008026e+00
-2.276815665178379078e+00 -3.117932698516854284e+00
-5.988719765893126379e+00 4.660724195615964405e+00
-1.320755919190188754e+00 6.543633180781060155e+00
5.866834436532564645e+00 -9.161033454296028111e+00
-5.028054233177623900e+00 -4.049071573655297129e+00
6.137915353967376975e-01 -4.257145949386719863e+00
-1.953473153676934970e+00 1.099248714082136402e+01
-2.902377882964620071e+00 -8.322338538240908079e+00
6.290225765005243552e+00 -9.581659603292528971e+00
-1.105281477616238917e+01 -3.355838374709523286e+00
3.551573869477368195e+00 4.286534183942245946e+00
-6.361002405837471230e+00 -1.226137759740422695e+01
4.919115186878480372e+00 2.993415645697916183e+00
-2.179918476147684636e+00 1.258120050141923940e+01
4.556866442338640688e+00 4.914669644292703587e+00
-6.902003324021686481e+00 2.334043392313243537e+00
4.365985796421965937e+00 1.399589012005493682e+00
2.722297898189409260e+00 -6.491724546012177299e+00
3.366314888842115050e+00 3.127248881371917921e+00
-1.868844160445707614e-01 5.008379627797858724e-01
-1.551772468476389388e+00 -2.664336674046352202e-02
9.718055130370608197e+00 9.439734310099073822e-01
-7.386461696256872322e+00 -3.362512123819652476e+00
4.538975130913986966e+00 1.164213421821055228e+01
-3.090637644370984205e+00 -1.998626481137872613e-01
8.532833224013839368e-01 -1.407600904686731091e+01
1.084946026704425215e+01 -9.886069848765892232e+00
4.872579737373178843e-01 1.094533985267927001e+01
-6.303859831048598927e+00 -1.310112844517854036e+01
-8.585962547562779434e+00 -5.186682985440273619e+00
1.508125059339979313e+00 -6.460862110492467947e-01
-8.432381389775059910e-01 -8.922640067340545045e+00
-2.098471938246535551e+00 5.838795798363575429e+00
-2.556034638968496697e+00 6.181186839994546878e-01
-1.824293488811068009e+00 2.537240337326612583e+00
4.252266677380324822e+00 3.620443407930077129e+00
8.790058111808544794e+00 -8.020936386326621204e+00
7.268244008927432276e+00 7.442612157995460720e+00
5.150360511444442402e+00 -4.719928357899380700e+00
1.211840901610688803e+00 9.777469394095307464e+00
1.295885324245124037e+00 1.360406090925146527e+00
3.843916439412415009e+00 4.302498243341388751e+00
5.490706436070835750e-02 3.891422222049387702e-01
3.249843300463155948e+00 1.153382573829593127e+01
-5.617742682908881235e+00 -2.481819749762125937e+00
1.086098173264956834e+00 1.915375626863562664e+00
3.218823797757732752e+00 -6.051626378965078601e+00
2.910015493068662362e+00 -1.242640088982312108e+01
1.325519801798646924e+01 1.037304964818090447e+01
-6.474117023523794145e+00 2.252623318764071403e+00
-2.771569483248891963e+00 5.135985244489752688e+00
1.070238986988325181e+01 6.130280818073723381e-01
3.262736213807669650e+00 -7.330394463083204748e+00
8.984759255421456814e+00 3.165751523085063912e+00
9.685015632535136365e-02 8.661982525241652908e+00
2.331034453805848283e+00 -8.013015811743274597e+00
8.584358474899559610e+00 -6.341804132321049892e+00
-1.959199075696682391e+00 -2.463638421980216986e+00
4.861503866854715028e+00 1.256724674460901703e+01
3.156924185023934903e-01 4.763124122223095114e+00
-8.940462999530684129e+00 -6.374233128053916175e+00
-9.964577419672591141e-01 -1.312325826468158096e+00
-7.898400339231384848e+00 9.791537058078015887e-01
-1.021506231567217604e+01 -5.375981033064483938e+00
2.843517403724217019e+00 -4.340840757780959791e+00
3.851812464662084601e+00 -1.038161490858029801e+01
6.251156778725182939e+00 -1.048854133041753123e+01
7.305301897122744137e+00 6.137293213351093790e+00
4.696415171475557315e+00 1.291658725800359342e+00
-7.846729051612761907e+00 -1.024803943780972482e+01
2.315665334862884617e+00 -3.593487596927853023e+00
-4.682444723934634512e-01 1.125175684707416046e+01
1.132480106526026731e+01 -4.067823367821400637e+00
6.621544419322269448e+00 9.945751886379582629e+00
1.042077396710907955e+01 -5.175860355440026206e-01
-8.827884769213695249e-02 -7.790077545437918971e+00
1.228995286161032219e+01 7.950719955720378707e+00
9.122744412146277071e+00 -4.901547209183934939e+00
-6.422832281503269236e+00 -9.896407464311874236e+00
2.886272382186992891e-01 -7.616486981240231380e+00
-1.869184449537135695e+00 -1.103750939698522693e+01
7.087069174660260984e+00 -5.323791981907125326e+00
8.010432378149399568e+00 -1.102018105369302337e+00
-8.809962695957606726e+00 -2.188534242190182333e+00
-2.007440507501792315e-01 -1.518589452106487947e+01
7.250347335004169835e+00 -5.425771068740690595e+00
-2.816186613655939919e+00 1.278617917320242903e+01
9.522328758313813424e+00 1.062441024835091730e+00
2.056227346338383999e+00 1.335850981532403559e+01
1.237665199276316352e+00 -3.560014873928016854e+00
3.281138957005591106e+00 5.242382220725038344e+00
5.025150215346103622e+00 -3.820471385063413550e+00
1.151257629132267146e+00 2.207874012118570040e+00
2.283550060333224163e+00 -8.805098303738626342e+00
-1.299560169377684371e+00 1.853699936078499366e+00
1.056314856100184940e+01 3.828463955887369874e+00
-6.880131233319563222e+00 -8.418514292062420634e-02
6.135696672793899076e+00 1.399941763985671450e+01
-8.697123846726746876e+00 3.502662521897352388e+00
7.931695714934459573e+00 3.163361965101580520e+00
8.907367371704660641e+00 -6.779916699184075135e+00
4.446771984340174733e+00 1.049779917314840461e+01
8.304105399472938132e+00 -6.172539006279052387e+00
-1.528903230684288017e+00 3.227083803637742054e+00
-8.955211296834657553e-01 -1.350685099912244347e+01
5.902914971621632034e+00 3.048834306432901986e+00
4.324717257479526289e+00 -1.013120383425808013e+00
-1.664657887938709058e+00 4.273244781543731996e+00
5.217333900964415072e+00 1.255646096431923375e+01
8.379024232377531689e+00 4.209230486373135349e+00
-4.783414440989283811e+00 -1.007803194210842257e+01
-3.050308894138203719e+00 -1.794440630742867748e+00
5.428239705095903922e+00 -1.296216518975045950e+01
-5.131882089960351223e+00 -6.922748920739855372e+00
-3.942800694692471630e+00 4.632689669184593129e+00
9.225695415068674521e+00 -9.968860585833189347e+00
-5.967535354094398059e+00 -2.556540212908793741e+00
-1.113685034029515908e+00 -8.291820992928441436e-01
4.856076152770938847e+00 1.107212325468692882e+01
-4.081518643588520234e+00 7.490638049248900643e+00
1.464927773077199902e+01 -9.696152009881278122e-01
8.855695115715430887e+00 -1.259585093571361725e+00
-8.553753932906817070e+00 -1.666235027155710036e+00
-1.889140660276697581e+00 5.321012224401340696e+00
-9.418523757269264607e+00 -6.028905736518558989e+00
9.552545939363030314e+00 4.465466411630762966e-01
6.812051818982359563e+00 5.596505240204732168e+00
3.431610005494397653e-01 1.563476133106142285e+01
6.865968526815505513e+00 -1.731137589221794393e+00
2.479815188076188726e+00 -1.886613906506764415e+00
1.058368086584806633e+00 -1.294510283673683659e+01
-1.200690203555019986e+00 1.803969005934305203e+00
2.325219712406398909e+00 1.363821834795506405e+01
6.990672103424123485e+00 1.217880965274246208e+01
8.171268715077225409e+00 7.798968221109987553e+00
1.315536333442654993e+01 -2.175762568268718056e+00
9.134350167808953813e+00 4.248606810042637183e-01
-3.729559963266182887e+00 -5.959517569007769744e+00
-8.965001802382472906e-01 1.316480983169555863e+01
7.876926932399090475e+00 6.259760298977494308e+00
5.492657718359672536e+00 -1.163856544050919872e+01
-5.266057732657979384e-01 -3.769825436116258088e-01
7.213328834643973231e+00 -4.565626941596116595e+00
-7.092623884599584372e+00 2.742857166513358980e+00
2.834171945003308934e+00 -1.482645401479013536e+01
3.378902106993496357e+00 1.219541894448448360e+01
6.445522204575041769e+00 1.278403076776206326e+01
8.645686041806589728e+00 -3.606166589077409057e+00
4.151076201975234525e+00 -2.169691075324433172e+00
1.448790479115852037e+01 -2.073983176686215124e+00
-2.006166062404595440e-01 4.128820958907886585e+00
2.287025886766053340e+00 -1.401720226124757041e+01
-1.657149311278211634e+00 -5.438992443491230233e+00
-1.204463485267823097e+00 1.382274742986959915e+01
5.057574831441009167e+00 -9.670530398999495958e+00
-5.757545426004359257e+00 -4.900643413866603737e+00
9.089974812306303775e+00 -7.869513054315200762e+00
-1.616934263763463608e+00 5.632902212929151442e-02
1.157604250220935826e+00 -3.654464933749166367e+00
-4.384312256122838924e+00 9.551141703907267910e+00
-7.480027169688368005e+00 4.093559271622532414e+00
7.294676213674599063e-01 -1.312541298783568067e+01
2.969402428507788905e+00 5.077458190685073092e+00
-2.614853057984187767e+00 1.374929843159999798e+01
-1.037002351421503876e+00 2.260030861013740289e+00
7.253474621655876753e+00 -1.201621970478992019e+01
1.250208772607721919e+01 9.402461215865766775e+00
7.246617849243733644e+00 9.010408952352116918e-01
3.810788810227291989e+00 -2.386539999967320025e+00
1.996038518996861466e+00 1.810086911216899352e+00
5.617673610230818682e+00 -4.331789901314504476e+00
8.946424575889777131e+00 -3.625619192586828632e-01
-7.849096927704461990e+00 -2.075918056407901613e+00
7.529274084783017074e+00 -4.345217137103846383e+00
5.332794144148083504e+00 -1.266689697210523313e+01
9.001420236729668289e+00 -1.294894063461604006e+01
-6.729760577322149828e+00 -2.274094019863049265e+00
6.614757800951216460e-01 4.045355626771407032e+00
2.321532999823720189e+00 1.787698989041308195e+00
-1.340039995547181206e+01 -2.246352529242604312e+00
7.254399655247167011e+00 2.648975608293665740e+00
-7.539428527274548708e-01 2.509454736684991083e+00
-6.915740636758720417e-01 -1.221278440967626189e+01
7.751332549438067154e+00 -3.801769208037478087e+00
8.344024636781377069e+00 4.847838125751596117e+00
-3.325061681005943903e+00 -5.534756656567635602e+00
-1.327530405141462388e+01 -3.664633905062522512e+00
-6.913169948737148962e-01 -1.553482079395059223e+00
-8.447411072766339846e-01 -2.623568719074371725e+00
2.284279200893936324e+00 -1.222633272058815734e+01
-4.808095874498453881e+00 -1.883334081113417824e+00
-4.616970437922138792e+00 4.095843619058717522e+00
8.530048026623051172e+00 1.029990716965710007e+01
-7.829190902882615433e+00 -7.869793860705268429e+00
3.053544345677420502e+00 2.779864875717783068e+00
-1.595904219042916905e+00 -2.793565636144231590e+00
-1.794266803552823086e+00 4.964597501468440144e-01
-5.161508928308249367e+00 1.198957412154614932e+00
-5.606658940844575501e-01 -2.635877311819118773e+00
2.915070264177532233e-01 6.795760150077297723e+00
9.129729108907604029e+00 -1.137632970598901672e+01
7.412316826358077648e+00 -1.511887566120313275e+00
8.170859127855215620e-01 3.145163673231924584e+00
3.412446223045368932e+00 -1.485268209936258543e+01
1.999632104075887984e+00 1.715907310639655847e+00
7.149141656086673180e+00 -9.363236735421707202e-01
-3.173490386721726786e+00 1.195324492735707844e+00
-2.667242298031297310e+00 1.072122264776412059e+01
-1.905071030779278862e+00 2.458212966394574650e+00
2.275601434046763849e+00 -4.674669063596621932e+00
1.431225055602516427e+01 9.768860481112602301e+00
2.309454070011933258e+00 -5.753721675893631871e-02
-3.542298246427360020e+00 1.013501431228648553e+00
1.074308083466353203e+00 4.650849570461560667e+00
8.991992565145945804e+00 3.328409313871394382e+00
7.576066059054313406e+00 4.863201824606554702e+00
3.146242207989733863e+00 1.240786038495988208e+01
9.125235624258472455e+00 1.308233428646844665e+01
1.190725370027200114e+01 1.206646803551925373e+01
-1.232661215044840608e+00 1.516746787162311094e-01
-7.912708504232202955e+00 -1.534058159010633249e+00
1.026735448170406517e+00 6.770309300937265462e+00
3.086024238339343917e+00 1.803405622250015883e+00
4.827007972125962887e+00 1.318659258259651779e+01
4.897044274064509040e+00 -2.265414434716244596e+00
-4.882398258328864316e+00 9.823367502574344989e-01
-2.267740852655226735e+00 -1.826175985610001939e+00
6.713694140402523658e+00 1.342108145500166216e+01
6.254038296267149910e+00 1.272616566560536455e+01
5.968133070092656034e+00 -4.323055506879063259e+00
7.913551845147997810e+00 7.947184471009355100e+00
1.200958294275718208e+00 -2.800915828774332983e+00
-1.125498063850715269e+00 6.164900224584205723e+00
8.119423504164274163e+00 -4.142767006595222234e+00
4.566778844216108912e-01 -4.906921499949861598e+00
1.121393111555220301e+01 -5.172077745493792733e-01
3.594239494902752075e+00 4.731869710370819604e+00
-5.248349587743278422e-01 3.204995484663760053e+00
4.229591637354036315e+00 9.345781968158629383e+00
7.732242026541450208e+00 3.685151861958232189e+00
-3.300930336276437060e+00 3.921574169828721423e+00
1.033199571382678317e-01 7.409297438179292428e+00
-2.952249847358654922e+00 1.506290267834136110e+01
-8.991473397685581403e+00 8.476886928407062483e-01
5.862010376581642923e+00 -6.000872027650974161e+00
7.063943692746651237e+00 5.059658846158536782e+00
-1.663119629834418411e+00 1.223553041596859570e-01
1.194907477831589127e+00 -1.435096335269731682e+01
-7.085029290927132850e-01 5.004950188966050817e+00
6.254934895625916536e-01 -3.819175600988442110e+00
8.474506520883087646e+00 -8.662179873468968339e+00
-7.581808334390882642e-01 -8.519571070003673086e+00
-3.697483996451397914e+00 -1.234157832790771003e+01
-1.541893117831633075e+00 1.000640090941842253e+01
1.009831004121511278e+00 1.312979896597662455e+00
1.701198675674147509e+00 1.006068951810615175e+01
3.606563919817146413e+00 -3.789212573428416775e+00
-4.098012724293047526e+00 1.689869435260856534e+00
-2.896659718423873819e+00 4.407491009462502163e+00
-3.448163837100501450e+00 -3.933333007642365153e+00
1.247578831873687122e+01 2.311618001968161362e+00
2.252893615181773779e+00 5.219596303787234604e+00
1.536678204265695458e+00 6.729110034031866583e+00
8.260346096968010920e-01 -6.159047222972936275e+00
4.028933368833579998e+00 7.072056863804422555e+00
-4.138110773709308354e+00 -1.682791214818868841e+00
1.355610887130181830e+01 9.983592794641481305e+00
-6.424634425589433206e+00 -1.292838929560527461e+01
7.971251993570474426e+00 2.955667471017926484e+00
3.756642100388893013e+00 6.568397799449452075e-03
-1.883625486189236975e+00 1.007213205959344648e+01
3.529497578647287970e+00 -1.112655030804883793e+01
-1.818895049249375617e+00 6.941029752483118820e+00
4.044697677370148625e+00 3.086883227849870792e+00
4.124916833811053785e+00 -4.456025140088138770e+00
-3.301869934966272235e-01 -5.286348961995292584e+00
4.940042612134852185e+00 -1.925020311945734308e+00
-3.573939779195344446e+00 -1.015340054483667265e+00
1.257124105040968054e+01 3.131817143423609728e+00
2.988204016922457740e+00 -1.267276864063928699e+01
-1.796543369801847811e+00 2.695391564891687963e+00
-8.622425863094889564e+00 -4.958517195125015320e+00
1.610998701675232514e+00 -1.150362934580827279e+00
3.382466577840400390e+00 8.746309428840090661e+00
6.485929739578081943e+00 -9.963062452547772452e+00
-2.130390357673529245e+00 -4.195223764808012623e-01
7.346539652552785071e+00 1.198555180554837563e+01
-1.436501830715927741e-02 -1.318865077641508676e-01
6.361649828107892368e+00 3.427174017537769846e+00
-5.605576521202660700e+00 5.268066201170333862e+00
1.547619753323662195e+00 -1.214525079426245568e+01
-2.478526672943081266e+00 2.495912983372633676e+00
-1.747603873212466352e+00 1.508686557778569792e+01
7.116244123743011407e+00 -1.192055827085976460e+01
2.130085451442733646e+00 5.637495887639586201e+00
-5.576738200741477414e+00 3.003084281892471133e-02
1.312832131295200933e+00 2.437026793504758704e+00
-8.717942362047982341e-01 6.627897859788489221e+00
3.221799702738883830e+00 6.668152454478391888e+00
-2.984550705423098638e+00 -7.965142077537927356e+00
8.252143280071331688e+00 5.217489767407437640e+00
1.161118769580812682e+01 6.628518138280416139e+00
2.781746986057690663e+00 -1.273770202707198429e+01
-1.541156378854674214e-01 6.829734825429564893e+00
7.336834876861537680e+00 4.455294614341523740e+00
3.510097742048240987e-01 -1.060419090505077833e+01
1.452195219844279883e+01 9.367091027979702389e+00
-2.904120497335560991e+00 3.180423259101597733e+00
8.705571858253652096e+00 -2.354486131239942548e+00
6.837926049205409029e+00 -3.144193736041685838e+00
4.486718797895845157e+00 -1.194071778339956325e+01
-2.175482287679045168e+00 -2.203753676962115104e+00
-1.062017828556677035e+00 6.443457109803305549e+00
1.280528715290984998e+00 1.727453991579480208e+00
5.356450045635456902e+00 -1.193566598584415317e+01
-1.128452539250123010e+01 -2.567530080643279256e+00
-1.005543604681789205e+01 3.378442719302627406e+00
4.034551895438099223e+00 -1.162915929284020500e+01
7.737240434615140217e+00 1.001643824486993317e+01
-6.968334087552618961e-01 -3.007366011492277114e+00
-2.271940750767616368e+00 5.617368782363589830e+00
-5.496664218230994159e+00 8.981605561021794859e-01
9.837062836095609164e-01 -3.317444372971033228e+00
7.533059182766623785e-01 7.239454457831328682e+00
-2.886343125696375633e-01 1.167399445803871316e+01
4.527903339553692952e+00 -5.590523647480595493e+00
-3.789409566631733561e+00 -6.234852074507190700e+00
-3.920788645720891807e-01 -9.020456377672825710e+00
4.709391344420534864e+00 3.950804110026016946e+00
5.943026672320240955e+00 -1.109261983180838351e+00
1.624997303944313853e-01 3.517254107449750311e+00
5.674960230321238974e+00 1.122946899648953689e+01
1.014336495467411048e+01 3.815467254437388878e+00
1.086798694287013645e-01 7.581795997916942476e+00
2.199744879493267802e-01 -1.429969124452991291e+00
3.753446307840759388e+00 5.153981048864488379e+00
9.506210918587115088e+00 -9.352651979742878652e+00
-5.513939134340592574e+00 -1.033839702473433064e+01
9.593074155180078222e+00 7.752459590179054061e+00
6.835460190138038072e+00 4.912395913980463824e+00
-3.953497869227750594e-01 2.208212185105716152e+00
1.006645430906377925e+01 -1.683282443533908213e+00
-5.802334678228757703e+00 -7.500052654290400689e+00
6.312467728362519681e-01 -9.101119481381157783e+00
2.880561273302743697e+00 1.581178143002432002e+01
-1.118011422838840119e+01 -3.599488794205632392e+00
3.176896344530995009e+00 -9.454756281848570865e+00
-1.122311744148435597e+00 -6.120937384169573114e+00
-2.579234270114264316e+00 1.058973959304279511e+01
-8.948293943494114444e+00 -8.359901183518911871e-01
-5.407568991274763981e+00 -1.124312173988516150e+01
-6.498943910436123517e-01 -5.647707023164209694e+00
-4.197851293580685095e+00 1.197274514196947770e+01
1.078086785486288557e+00 3.515683282827747114e+00
-1.538899471858793611e+00 -5.614299380912587623e+00
6.767317918214433625e+00 -3.555377534198742584e+00
-2.285090490138755648e+00 1.593795119803175275e+01
8.558170146712946291e+00 1.083419492609569623e+01
1.938869165893146063e+00 -8.798158382879238459e+00
-6.337502857803507084e+00 3.139471409229961374e+00
-3.348671733820820506e-01 4.910279815939196268e+00
-2.458423744694033797e+00 1.622274109999213731e+00
9.891885690305553425e+00 -1.036316570463208464e+01
1.246083429047842861e+00 -1.009668975273849334e+01
7.121202997147695335e+00 -6.936026025761930391e+00
9.531259578573129110e-01 -3.523844228217897445e+00
-6.565918902853970174e+00 3.668136780884164061e+00
-6.599804240717375148e-01 2.423003667129788319e+00
-8.852750270782770770e+00 -5.941787577724987557e+00
5.381446149989084660e+00 -4.484517171351748988e-01
4.686375331097940133e+00 1.108194763186926224e+01
1.412772590804248107e+00 1.270815559509221160e+01
1.039843491055135072e+00 1.382210981427394358e+01
5.017347273832214682e+00 -1.121152462707940423e+01
-1.169194501547279152e+01 -5.753320501656666863e+00
-6.853415543561836465e+00 -8.403500314121498116e-01
2.086316961792752112e-01 6.188594265222178592e+00
4.194040346949163833e+00 -1.003976004599789995e+01
1.610929416431157835e+00 -1.291287175931236583e-02
6.445868192794258711e+00 -5.476414057608277375e+00
2.991760928604244807e+00 6.101594641809972686e+00
7.473358086522583044e+00 -1.086681635281129132e+01
4.588344135195010942e+00 -2.890036379910305708e-01
-1.116851663917136361e-01 5.485376315584640228e-01
-6.063948155641553761e+00 3.178590241361906044e-01
-5.980992515550718203e-01 1.431827300870658881e+01
3.041993096209458347e+00 4.059859952249641246e+00
1.718757806342825933e+00 -3.703800117289317129e+00
-8.371059973467901427e-01 7.753794453934117037e+00
-5.437884141331280397e+00 3.497738338334109631e+00
2.883285612929991082e+00 -1.939379725754153960e-01
2.786100207353637170e+00 1.311170419373548945e+01
4.496204619352406340e+00 2.289308507142030713e+00
9.933187173659558056e+00 -8.431660516573151298e+00
3.366098005451583219e+00 1.202921809661586572e+01
9.113968295288122690e+00 1.181378759484615237e+01
-1.019149910867453812e+01 -1.374990898017256269e+00
7.006068847256289089e+00 1.065315215293121831e+01
-1.277079428504120928e+00 4.187021110541746971e+00
8.692394407275550350e+00 -6.819233338489324225e+00
1.610591081638727662e+00 4.364422537244052602e-01
-1.477085020879946198e+00 6.858254817922117219e+00
1.045246832368748491e+00 3.420435564573167220e+00
8.612295582739251998e+00 1.150287095539580945e-02
-4.283034880754318152e+00 -8.186782846524122803e+00
-7.512164899571208920e+00 -6.429857668660228676e+00
3.438962381085918896e+00 -2.163798401981472441e+00
6.421585959121324905e+00 2.714221644125214716e+00
3.078284088862281997e+00 -4.268669594297155534e+00
-3.202534495084100818e+00 -1.021994179597759533e+01
3.354588423280830067e+00 1.291356046183861928e+01
4.005353213450642436e+00 -7.538270666163789713e+00
5.014938387074375781e-01 -1.245260575196033059e+01
3.958807066636176319e+00 -2.441764965573204105e+00
1.850653455436942763e-01 2.213894089421111655e+00
1.634736103969222087e+00 1.955443577518861442e+00
-1.757463667223139847e+00 4.246268818259049116e-01
4.112197139017345293e+00 1.350429806587642645e+01
-3.457056481142448234e+00 -5.103317191660853958e+00
5.043823449249818403e+00 -2.598338267343800023e+00
-7.246353442258009814e+00 -3.472463608085697206e+00
-7.208287960059407695e-03 1.682059123733043648e+01
3.292603189153802568e+00 3.875417135144175518e+00
-3.020496112323504345e+00 -3.411340749871429878e-01
-3.196224355631058778e+00 -2.163296574216924117e+00
2.991394177073688709e+00 -6.586931782677456049e+00
1.107032986737026903e+01 -1.679793116185104740e+00
6.757444155825830912e+00 1.005354223689272430e+01
2.305937909847594725e+00 5.591092987158937433e+00
6.120515286608179117e+00 9.668211273483640511e+00
1.796477974979003633e+00 7.059918941243636503e+00
8.462745229903852362e+00 2.757140108523123523e+00
1.306486245526227385e+00 5.093733291683956388e+00
-1.411515198983260833e+00 6.455014528350180303e-01
4.240859471386676738e+00 1.316702846534240656e+01
8.312370277783180939e+00 -1.030545131779756218e+01
8.362530722701988495e+00 -5.836838887341332160e+00
3.249776759952886618e+00 1.803709114578969208e+00
8.840348818961967226e+00 4.322154112673696202e-01
-1.155993171472426084e+00 5.552208531117471146e+00
6.409782424036420068e+00 1.252128753447212794e+01
2.892602815716488251e+00 4.781098939994144814e+00
8.820160203055063874e+00 1.218650777349597014e+01
1.651410261608735830e+00 -3.307907355220998991e+00
1.257673663176515788e+01 1.522433055116663603e+00
-2.776849051663751844e+00 -4.314713785173410976e+00
9.980613498370162873e+00 1.258120430718366123e+01
-1.432551977656115305e+00 5.856960692738021557e+00
-3.684234262875294874e+00 -1.313123653575588712e+01
4.460001010230632557e-01 -1.494248155199167805e+01
1.271637333278486715e+00 -1.118414118748934039e+00
1.002163776215294000e+01 3.586779887311228876e+00
-4.389317148158827231e-01 -6.657087996331869206e+00
1.885336193740690502e+00 -1.153930559215362983e+01
9.638210065586145348e+00 -7.447037018943376552e+00
1.518973683678701114e+00 1.255912796064402492e+01
5.434462174150812785e+00 -5.966745111540346258e+00
-5.065329194007568425e+00 -1.345523857079624186e+00
-4.686446291721819257e+00 4.905339350859538428e+00
-1.059840678489926136e+00 -1.492636609072417109e+01
4.724081112167425545e+00 1.080565093758963258e+01
-1.967664543901477048e+00 -4.570189134826570590e-03
7.281483434327804538e+00 -1.144114394259607792e+01
-3.370051934428716645e-01 -1.736182012608192271e-01
8.596370658451096602e+00 5.288814925453131366e+00
-1.417447083897217519e+00 -1.226898846128865905e+01
-9.410841726987268174e+00 -4.444495311497060896e+00
3.640109464692465324e-01 -3.099360405335779278e-01
4.446561887739702179e+00 1.662952536391858027e+00
-2.388002134791257003e+00 3.324250043298696777e+00
1.072819641008893932e+01 5.928673386740504370e+00
1.060025421716609983e+01 6.130921384986217859e+00
-1.043729281912110007e+00 4.169709433255111897e+00
1.138491397215335432e+01 2.834043722113192665e+00
3.469457881815294353e+00 1.469449652479230428e+00
-2.457318015367063513e+00 6.970078556011142012e+00
5.101397922500677806e-01 -1.275786273390268200e+01
-4.624676531882449204e+00 -5.245109480229600329e+00
2.066407764095882005e+00 1.717775408304763829e+00
-2.309150993398285223e+00 4.461633688574620393e+00
3.479886475790453515e-01 -3.941321048583165343e+00
5.553496545815866270e+00 2.548333496077458626e+00
6.569083483356899511e-02 1.605087406180635945e+00
-9.907962649736386851e+00 -7.201322239167171624e+00
-1.470972716284046022e+00 1.467476063177888079e+01
7.077055398381089546e+00 4.009800811589556702e+00
5.791803881637381801e-01 5.952758325777655735e+00
4.397513655552678813e+00 3.470852297856688473e+00
-2.762162372921458608e+00 8.495487730657254488e+00
5.857904482267580981e+00 -2.261575077709538473e+00
-3.625622216821856814e+00 -9.107109979208354744e+00
7.190962148394390852e+00 1.386729667414521028e-01
-9.331040093546301151e+00 1.393486173327898925e+00
2.659460336653378221e+00 -4.003509740921822768e+00
-7.489744608384961921e+00 5.230544211800532750e+00
-4.211889778531181072e+00 -1.129568848526288427e+01
4.716352804353835637e+00 5.742770600785291002e+00
8.533194198292077814e-01 7.019111205552257537e+00
8.126795204981062781e+00 -1.260791340836773955e+01
-2.122608259146251619e+00 1.331337071890724388e+01
5.026140911351273388e+00 4.307550339655036309e-01
4.413507459099912822e+00 -4.887993615294649041e-01
3.371593008451847506e+00 3.979164512588040381e+00
-1.383985688918586909e+01 -1.104159499375953590e+00
1.116898272462670327e+01 -4.192648151091487030e+00
1.068483695356234975e+01 -1.065205937949455439e+01
8.278631872017108151e+00 -9.006735539411208080e+00
-8.513338075824069762e+00 -7.880136969711100114e+00
-4.280839357507924881e+00 1.823683698899474015e+00
-7.512155462395705641e+00 3.328581749997284955e+00
-6.647673984257551183e+00 -1.114541268129970675e+00
7.903236175630189209e+00 9.110722468622832082e+00
5.247811095935055903e+00 -3.616409108782356441e+00
1.680628757704214937e+00 2.597607019997177247e+00
-8.001544152108176489e-01 1.831719972877276392e+00
-1.184362060590424015e+01 6.676570885680568335e-01
-1.676554883104397042e+00 4.129286329121041099e+00
3.884160550364974540e+00 -6.871596217035824239e+00
5.159553876078654122e-01 1.585575698977797998e+01
1.067472703173494786e+01 5.808838549873783563e+00
-4.735010675099357580e-01 2.404357236769909534e+00
3.843399134165276898e+00 3.219221611091143131e+00
-2.551188978643316396e+00 -9.258038642433076504e+00
5.647177491663830651e+00 -1.185144729113622475e+01
1.954614784327082688e+00 6.067278902079285885e+00
-1.968026933963942238e+00 1.624705532563750277e+00
6.492315745563946194e+00 6.803450070599896815e-01
-4.250191787886102579e-02 1.085960571722920598e+01
4.653497924784987028e+00 -4.993367654219652785e+00
1.149652292692982414e+00 -4.673602982290120167e+00
1.188846729638623678e+01 6.103633946022966938e+00
6.983721922800721238e+00 4.199014410864012170e+00
2.158314725310672699e+00 5.938870914274994917e+00
7.229635625407769162e+00 5.734834982976442674e+00
-4.170519481763280467e+00 4.025664550271113584e-01
-1.031671307881335764e+01 -5.989667045562970138e+00
-6.850182137892317780e-01 -8.405875631027434070e-01
3.622738018850137021e+00 -4.502164012491110867e+00
4.151280557272453819e+00 -2.066409478071172146e+00
2.482634507744625019e+00 -2.893519772594128181e+00
-2.311117308400121306e+00 7.166578502623727864e+00
-2.751239578534449670e+00 1.317772034011448490e+01
-1.374293840572200498e+00 4.426556722323058857e+00
-1.228569525144278529e+00 8.779207229691109449e-01
7.548636263603047070e+00 -2.829950344297073261e+00
-7.081862071793698199e+00 -2.568873538191132067e+00
1.203286693919519834e+01 5.343606178594810352e+00
-6.436386568086732929e+00 -4.369173472875784725e+00
-1.228533880746093487e+00 -8.338443608804977814e+00
-4.911239102300409165e+00 -8.779335250666447932e-01
-8.007084713437071954e+00 -1.044395081687625959e+00
5.847666662735991894e-01 -4.058657447054130785e+00
-1.503980653897404984e+00 1.514897147698165636e+00
4.998204178852632573e+00 -7.827315900351892175e+00
6.170681604651260699e+00 -1.209443293502557637e+01
2.205754301366142478e+00 2.398583023479540444e+00
2.122878697576910056e+00 4.536857601655451155e+00
-1.718425445410498797e+00 1.345995121829230001e+01
-4.170095888158257935e+00 -1.369148959915602870e-01
2.830780432177300021e+00 -8.519219298596501844e+00
-3.562515909264451164e+00 6.959249926324746482e+00
-1.485946208063837481e+00 6.474904954893407449e+00
6.730063389228654103e+00 4.596073642316567565e+00
9.631680751961988918e+00 1.116624599083770342e+01
7.916219759169110803e-01 1.072002223871288606e+01
-2.318675905285164429e+00 6.947887217208317256e-01
2.155183276433186634e+00 9.539851395138452261e+00
1.515654479782612141e+00 -6.413532234501093221e+00
5.048051689623641591e-01 1.681061398706582821e+01
-2.545880567863667121e+00 -2.188317793148281343e+00
2.483983026924038384e+00 5.123196975065808623e+00
6.275535911482607254e+00 8.126614239775305393e+00
2.830828388547093510e+00 3.980228665342472105e+00
-4.748752951687388091e+00 -6.913555530301285224e-01
1.140059467021361073e+01 9.275111022749905842e+00
8.101502736557371520e+00 9.712834996821532840e+00
1.453631038906708639e+01 9.724695215211429655e+00
-1.463045754601677739e+00 -1.807189434404006478e+00
-1.878362040393016796e+00 2.618979781314156430e+00
5.073127448242514603e+00 -2.206963499712033094e+00
1.616437240945081122e+00 -8.541223780830662804e+00
4.275878535901170174e+00 2.026387942865950809e+00
6.593223318281691281e-01 1.220169586994276401e+01
1.058143973446327735e+01 -3.701096308332588958e+00
-3.870575610869885441e+00 -2.220266663747911817e+00
-1.827155910736313338e+00 6.064245940142369840e+00
-2.312023486575180087e+00 -1.050087254772745204e+01
1.557495967137510373e+00 4.369787451902083397e+00
-2.497851901068352254e-01 -1.672890128313758717e+00
1.679223649523440831e-01 -6.274703438347267515e+00
8.392299686774611800e+00 -1.082933204162660346e+01
-5.648214045829738517e+00 -1.256024457758901036e+01
-3.517089791830400269e+00 -5.677757259706446291e+00
-5.527148427942720765e+00 2.020174894239592789e-01
-9.280958863801215264e-01 -1.425996877569735588e+00
1.474127765480765628e+00 1.429889025726773788e+01
1.248084873783601623e+01 1.099195982337980482e+01
5.477662747772074070e+00 9.393609428428185026e+00
-1.627904486366340331e+00 1.533196132575151083e+01
2.234142141128408754e-01 7.007633441171076782e+00
9.014932017157613942e+00 -6.604299083144618443e+00
1.858470362929447672e+00 1.811925722054396504e+00
-5.994198212820644578e+00 2.181047537053867558e+00
-3.670999563842850755e+00 5.718835823227789383e+00
2.464161159018367631e+00 -4.041626681968805701e-01
1.842221639372231934e+00 1.455702820747252879e+00
-2.863424302114685460e+00 2.711549386309790588e+00
8.668109389382570029e+00 -6.052569916067677802e+00
3.577103611635546798e+00 6.285479456303723289e+00
-1.358597735550647556e+01 -1.558728599410366567e+00
-9.343893896138244504e-01 -2.026526468601556275e+00
-1.627973340788781420e-01 2.332284351618333584e+00
7.589994911519946541e+00 -4.554998396190004684e+00
-3.089723461839356311e+00 4.382377504131829582e+00
8.134073732297123271e+00 -5.045943183474747684e+00
7.010042963923479142e+00 -2.594889809798873515e+00
8.068869884974146700e+00 -1.783555124123499036e+00
1.028953644640025722e+01 1.580237560818366971e+00
3.277569619574696169e+00 -1.434071463022730031e+00
2.538252354074218342e+00 3.820857326375261209e+00
1.064453104290284990e+01 7.960461382140042730e+00
-1.477458433747786071e+00 1.388014358173976071e+01
6.648249509445456340e+00 -5.548655197701310549e+00
4.830860122135820056e+00 -5.813776724847909527e+00
9.740778428591930549e+00 -8.994706054860611033e+00
3.011643501345734997e+00 -1.302590352739818691e+01
-3.319047464970851458e+00 8.153977105833465799e+00
-8.739709731771990064e+00 5.059306682621291351e+00
7.465187350680555056e+00 -8.319238683421559699e+00
-1.501069872698382657e+00 -1.248096199708461818e+01
-4.823320427287186574e-01 8.250200436824485450e+00
5.140206435884511649e+00 5.576245461603724252e+00
8.868564375869741667e+00 9.642814771392384188e+00
3.935918758917406279e+00 -1.451844760433245973e+01
-6.702455252635822092e+00 -4.462040844442657139e+00
-2.360817357138364603e+00 5.855965892422251073e+00
-8.194273858323327886e+00 -9.406827168492617020e+00
-7.374403641683906052e+00 -3.898903368621282617e+00
1.030417218367417176e+00 1.665288292457346486e+01
-3.147035150135830683e+00 9.995659715990909078e+00
1.564725960261852622e+00 6.139133607285454985e+00
6.182349606910917394e+00 5.312885681858100284e+00
-7.269794702737792935e-01 3.948955830062256034e+00
9.774800759892384727e-01 3.915369958911503190e+00
3.778458266182579628e+00 4.758063135142107214e+00
9.058863504813588818e+00 3.985945396107703598e+00
5.469688678900176626e+00 -8.754907126243022475e+00
1.718404328764490785e+00 -4.982111234183344450e+00
8.672845726538434830e-02 9.005429482027862420e+00
-2.687286416141550838e+00 -2.452681728307267495e+00
-4.828035815582743417e+00 -1.029772719211075582e+01
7.523427561492442850e-01 1.367770128568087529e+01
1.237684748399348500e+01 7.351829733626228602e+00
6.103388461657901054e+00 -3.174446027384477897e+00
2.089779715888975709e+00 1.606625598458998994e+01
-8.516656883160500513e+00 4.083661869962361024e+00
9.605367380249138165e+00 1.079445224084386723e+01
8.429877901805076235e+00 5.565672669389830851e+00
3.734507327431448864e+00 -4.056253876448228546e+00
2.476514030935683952e-01 -1.077438727206750180e+01
2.627095849948760109e-01 -9.118853973224587683e-01
8.137535041355317134e+00 -6.392763778943417741e-01
-4.336155550602079245e+00 -1.392519912400241466e+01
4.976212883979432178e+00 -1.178065750056824079e+01
1.278553593670342048e+00 -1.125037255945473191e+01
7.377351192872334984e+00 1.029538349723822854e+01
-4.654505308594703017e+00 -4.769409619505227821e-02
2.327263263078795497e+00 -6.385743475761715082e+00
-3.093207777830359273e+00 4.583683877276104823e+00
9.960698708626551934e+00 1.321600106242184935e+01
1.280519251424489413e+00 -1.081170316894886518e+01
5.329926040791288067e+00 -6.459723446722549056e+00
8.326526398864997347e+00 -1.899380847241149084e+00
5.947906211361214446e+00 -1.222128907092331751e+01
2.177203012597573650e+00 2.371587762600406712e-01
7.373429485505005765e+00 -1.164383014524692328e+01
9.350753679723509126e-01 1.004841159677010864e+01
7.755946971619645858e+00 8.279266821692424116e+00
1.071780030115177951e+01 2.758589617483443668e+00
-2.709659395196672094e+00 5.664155137489077951e+00
-2.511710321904879528e+00 1.000164217234191710e+01
7.948450554733986095e+00 -3.049740732069865956e+00
9.685081083510148403e+00 1.056440938745514480e+01
-5.080468519759138601e+00 -5.328247251314447652e+00
-3.585948253162741128e+00 4.492886234180674343e+00
9.923840494050045535e+00 1.062715537767017970e+01
4.665121296202900503e+00 -1.633872158830403043e+00
-2.668884957461601370e+00 -1.060504827505781300e+01
-9.815907108662096370e-01 -6.569460066404393395e+00
2.755988168407268457e+00 -1.515402344451148764e+01
5.378434351953132797e+00 -9.323579017845605721e-01
1.044365750008355320e+01 -3.378323785826895076e+00
7.907480531715509464e-01 -7.522151114857633658e+00
1.809140804594055574e+00 4.413961661861740104e+00
8.995708207451125205e+00 -2.990072000247918638e+00
5.491634824129258519e+00 -1.308288260907741041e+01
6.092601310642749013e+00 1.096006448744560657e+01
1.049625650426850676e+01 6.850706508598445765e+00
7.111794998700532444e-01 4.134933282274212418e-01
1.519317910834388741e+01 7.827343550436379083e+00
5.795021686274046679e-01 -2.813391510037015042e+00
-3.983827228768239248e+00 -2.858971295657315892e+00
4.102291774092630128e+00 -3.594262023505581993e+00
8.772368535121097821e+00 -2.002138122800640740e+00
9.812160177626639168e+00 8.935674572540545313e+00
-1.861565580806773479e+00 -1.354901893082071496e+01
2.903971410394541319e+00 -2.455189854825535534e+00
3.856296978087341731e+00 5.683361656460867550e+00
-1.535172811556286820e+00 4.945535673311058034e+00
-2.009503701676160770e+00 -1.033155431970208227e+01
5.782031574194457235e+00 7.053804028822241001e+00
5.881366281799373041e+00 -3.764109106058468601e-01
-2.320239716801199226e+00 -5.378506104181016489e+00
1.019271123337552787e+01 8.452228503576429963e-01
-7.438276875841740576e+00 7.923468349053079951e-01
6.327004996375549695e+00 2.223805910296557276e+00
7.765821466578500143e+00 5.396837325056074164e+00
-2.249235654676718710e+00 5.946379123606895689e+00
5.797314254290435898e+00 -2.950476460697117442e+00
-1.851597065061173053e+00 -1.139646071443356767e+01
9.111281898989009420e+00 -8.197712987947864960e+00
1.005313912503109641e+01 -8.764407966686379226e+00
-8.945647700794934210e+00 6.205521570731926256e-02
-3.109410008484092991e+00 -6.995799782066975503e+00
5.807835281332131672e+00 -3.748717661621805419e+00
9.572208719191982240e+00 1.770790555289058821e+00
2.992144004607007468e-01 9.677062912689518015e+00
1.124097674255872814e+00 -3.930730223430868975e+00
-5.293739305395654071e+00 -1.245333102158054039e+01
9.854803444998931905e-01 5.556716762029012990e+00
8.255194757172873210e+00 -4.393524169981161798e+00
-2.732759595959682208e+00 3.167977693958705654e+00
-2.305948263516738095e+00 1.600136663433523010e+00
-5.842810644526214681e+00 -1.234557355007538426e+01
4.772509121065318105e-01 -9.102334619448905428e+00
4.617661675646044905e+00 1.787886835607440439e+00
1.831138525085293789e-01 1.627421807545458732e+00
5.980716611904274282e-01 1.294951161832522324e+01
1.346114766034216093e+00 -2.316184712641982557e+00
6.927029746805321686e+00 -6.210857736848653943e+00
9.005504901266424556e-01 2.141487435699561903e+00
-1.453601238053885636e+00 1.206987818049150007e+01
-1.405841619912990836e+00 -1.017680659212543937e+01
5.375900987457865376e+00 7.716236896193849892e-01
7.498793642728516673e+00 5.913965949989423265e+00
-2.068730073740691733e+00 1.279954846395724921e+01
7.651239991813939767e+00 -1.297637324147696170e+00
-8.069024094705444128e+00 -3.401841794701915056e+00
9.752289945000048865e-01 -1.089230794833905946e+01
-2.298095129823559013e+00 1.295538607734096104e+01
1.064617135741274012e+01 -9.335046602514591285e+00
9.260142959091782089e+00 -6.508299686323353761e+00
4.257553148059371573e+00 2.715351379973815482e-01
-9.309411691405092837e-01 -9.003272285756749316e-01
-4.129703422617432285e-01 3.730216626245286271e+00
5.911666158093718870e+00 -1.066032256808307466e+01
1.922766721222242792e+00 -4.302477835790319283e+00
-1.634943591136228891e+00 6.675200350771623548e+00
-7.916925555928466807e+00 -5.680220191849295830e+00
7.226225548528404374e-01 -5.524781427808319378e+00
7.330348279214914387e-01 -1.072554355377378776e+01
-1.040338946397464825e+00 -9.314192860077806557e+00
1.284414255349625655e+01 6.417141994915363412e+00
7.198765819813557343e+00 3.694021540819212746e+00
9.627145969076593701e+00 4.044325973230852078e+00
3.799453623783795919e+00 5.943605224135729337e+00
8.524839674186179828e-01 5.139129616092350972e+00
-9.082068417764237456e-01 1.465519464867793609e+00
1.026971180545450402e+01 8.757845596863170101e+00
7.408743330550692230e-01 1.722179439854669702e+00
-1.088471214651119290e+01 -1.840985674164125285e+00
2.786233569969902568e+00 -6.353586578410316932e+00
1.285479564668869923e+00 1.442838120070416075e+01
-3.642429867785614839e-01 2.399776398071703287e+00
4.902359115207760354e+00 9.334783008835942919e-01
-3.636161958825927520e+00 1.476199987302282635e+00
7.358517128284636222e+00 -6.533445407001464034e+00
-1.139900995692803498e+01 -5.754567096392175785e+00
1.955416973490535226e-01 1.361039514549135632e+01
9.931732214442918760e+00 1.089694215780046527e+01
-4.506802266788352718e+00 -1.395197532704570342e+01
-2.069257817221120899e+00 -8.481776199883743317e+00
6.093885877344699331e+00 -7.493313976664669696e+00
-1.651118180770754007e+00 2.785923217640899008e+00
-4.665132144674660530e+00 -8.303412486195512754e-01
2.607079987337776572e+00 1.169866609086053444e+00
-2.105198704792368702e-01 2.723820378439444578e+00
-1.846065092799329399e+00 2.407140067497255675e-01
4.620916760870858120e+00 1.522532161556704011e+01
3.654488629138970435e+00 6.106491291938031196e+00
-1.646295160573496341e+00 -1.523473473632210329e+01
4.503448527354936282e-01 -5.251723185219371537e+00
-2.988015068643535166e+00 -1.529915029055855039e-02
7.740455565405686578e+00 -1.245013841632509966e+01
-8.209940883152802016e+00 1.956562383691070384e+00
8.725797754773385151e+00 5.836449097635028949e+00
-3.879232099034470860e+00 2.667629954131365722e+00
3.386686789662455954e+00 -4.434805843093078792e+00
-7.285396963722442720e+00 -8.876999419975536654e+00
-1.791849769918499868e+00 5.845893879409661764e+00
-4.771181072557013181e+00 -9.699466853339355765e-01
1.382409327287659861e+00 1.150253314707439678e+01
-2.525976852545011475e+00 -1.811498962966194171e+00
2.313413121857907928e+00 -5.892885303531078200e+00
-2.287689304175108407e-01 -4.894636063367342693e+00
3.345951501318024324e+00 3.619249145479527474e+00
1.098047130985623454e+01 1.248348747221814392e+01
1.540831733735750442e+00 1.152038706863899620e+01
-6.758593244761388341e-01 -1.930264961453168393e+00
-1.693607666224122843e+00 -1.476951917159092709e+01
1.074525469500955133e+01 3.338103893293281832e+00
-1.607879389383619184e+00 7.728722441446698177e+00
7.399397091713377783e+00 5.274305696527076925e+00
9.442894208676438916e-01 1.172873424716515878e+01
2.270925851320409805e+00 1.012627645280425526e+01
7.966790648737750224e+00 -1.806420028627423457e-01
1.999961422061111715e+00 -4.493792995178559124e+00
-7.628667493530351784e+00 2.931718224117215055e+00
-1.908714555707681448e+00 9.201471133076369213e+00
-1.492984276204681215e+00 1.657733278626944085e+01
9.452114174194839791e+00 -2.644493579561133956e+00
-9.139795524425549544e+00 3.337082463213710271e-01
-1.796989532824761815e+00 -1.414252339506577805e+01
1.176936364480851704e+00 4.471519164159509785e-01
6.052518931397986357e+00 -4.785517123024247144e-01
1.233490463944091964e+01 8.143918902638394020e-01
9.888091515583504076e+00 -5.008388797069430964e+00
8.852081664537530870e+00 1.303642811214326436e+01
2.553943137645502404e+00 -3.895624877754626514e+00
6.623857581220489621e+00 -3.761339657052377161e-01
-4.301604858910407003e+00 8.661413874305898375e+00
4.803960044524899331e+00 2.000708586681320789e+00
-1.041334571652176022e+00 4.369780113102911479e+00
-8.437383373706688339e-01 -9.498793370121603630e+00
6.971957824100167400e+00 2.501605381568038577e+00
5.416037441800052754e+00 -1.775675536686806555e-01
-1.734894441971522427e+00 -9.295265349636069985e+00
-1.875949622235687730e+00 2.337313487619089525e+00
-5.238601595689425849e+00 -4.647953335219420445e+00
1.211334204250464808e+01 1.062016590581147568e+01
7.974452469351137829e+00 9.254378733018835845e+00
3.436468893512933942e+00 -1.064926622575121495e+00
3.035517766452070276e+00 1.323131050469320158e+01
5.804237937076688780e+00 8.711030374407699450e-02
-7.889931361907397189e+00 -3.848259798447990487e+00
-8.172271675720354622e+00 4.280773109582236557e+00
-4.979733256366229988e+00 4.523411210531238957e+00
2.955669091150136207e+00 5.345484512967881408e+00
8.739805303995665797e-01 2.313248385590016554e+00
1.276735666443280959e+00 3.277744902818927386e+00
-4.067596508957820767e+00 -1.181476817768657384e+01
-3.136685482627838972e-01 -5.571065564263440351e+00
-2.494501263048606532e+00 -3.996173385644956610e+00
-1.516902723848113865e+00 8.046166555003398946e-01
-1.289336440035293574e+00 6.773155779145609401e+00
1.587500683454351913e+00 2.485491533161211297e+00
5.642267624474151866e+00 5.970685765793309230e+00
-1.911186902670221344e-01 3.766161264205869497e+00
5.658028421812140607e+00 -3.189327740576804793e+00
-1.580466168234732072e+00 1.357457704798202514e+01
-2.929986886697627302e+00 5.197798294983545730e+00
-4.741556757812909417e+00 -1.120198333452367123e+01
7.381367533353326849e+00 -3.896340116601805903e+00
-1.480311575462786244e+00 -1.488833589178951122e+01
-9.541347732209889188e+00 -4.430127292924817550e-01
1.559987719553583840e+00 -1.124070743279720297e+01
5.562447159146351794e+00 -2.610602027249564916e+00
5.877932635787641580e+00 -5.250073142236815205e-01
9.470896084906880175e-01 1.148694964493535586e+01
2.386488895643648078e+00 -8.579229652286031182e+00
-6.860431283205637776e+00 -2.694711265105514286e+00
-3.343325349722730433e+00 5.488623332058781834e+00
-9.296537483625639808e+00 -4.019375744161163944e+00
-1.301049226480607324e+01 9.589051188825765959e-02
-1.009796542503635042e+00 6.615598316617025132e-01
1.931380492804944726e+00 5.295104281786811917e+00
-6.729595606955336429e+00 -4.878876329393349032e+00
6.268973302558559446e+00 -6.748732552929902262e+00
-1.462620851606136751e-01 1.247497579507594168e+01
7.974438559005994520e+00 4.081753191490032684e+00
1.406007264407265867e+00 2.243746256045968224e+00
-3.186699154235334230e+00 7.238751411730195429e+00
-1.062199047929939333e+01 -4.240830670340551833e+00
-4.324643592907169598e+00 3.102009925060514317e-01
-4.219742463212708294e+00 -1.018612429500029393e+01
-4.646672812358001892e+00 3.835206674557953832e+00
-5.034333068437573111e+00 -7.899135948287975495e+00
6.834764797967195271e+00 -5.010100415841570509e+00
7.239139098009692574e+00 -3.883574721733639823e+00
-4.380639686543636585e-02 7.317004965991785070e+00
-3.600590492126679809e+00 3.895007113396534049e+00
3.796013578831967994e+00 -1.199440557924654982e+01
-1.406358935294856227e+00 -8.233920519639410074e+00
2.389654395185192293e+00 7.215990988417240182e+00
4.640258932662076674e+00 2.986480725234908817e+00
-3.256779274509629563e+00 6.777232481201779235e-01
2.494522072027602067e-01 3.454922163034344518e+00
1.561582705121099979e+00 3.157784594675469014e-01
-1.248640705617517638e-01 2.059320959260510508e-01
4.757781049283429375e+00 -1.348727057718378930e+01
-6.721034767227578755e+00 3.820928408401566667e+00
9.055773067584511615e-01 4.722800057382755767e+00
-1.443103263709658302e-01 -1.378832944380890879e+01
-6.120127761859270876e+00 -6.309262019929496645e+00
1.911819642118536722e+00 3.579608611219573966e+00
5.691445333110925375e+00 -1.286621238234487308e+01
3.762280794626633007e+00 2.645476015504089951e+00
4.508390997071539452e+00 -4.935549394685491364e+00
-4.768815514219775231e-01 8.971183990211720527e+00
5.445221976387734086e-01 3.765915487369845494e+00
9.247978145413659590e+00 1.639611470420751393e+00
4.116147563061551828e+00 -2.990134006657992227e+00
1.153263256123022806e+01 1.763122765958081484e+00
-6.905677273704087682e+00 3.673403105948645830e+00
5.834312229934408123e+00 4.512940130500459723e+00
3.260854472213650990e+00 3.980150721273269632e+00
7.751048379407080802e+00 5.005241806894554557e+00
9.997962548801917038e+00 1.344291643274125825e+01
3.203623430618391055e+00 3.023830144019846511e+00
-2.351170259162570719e+00 -1.336907798171079165e+01
1.626190236335417039e+00 -7.151162133869685134e-01
-4.519502691007220463e+00 5.052016437040387054e+00
5.129735352952778271e+00 1.206829088956598817e+01
5.765792026214412225e+00 5.071915052636508214e+00
-2.521720053604220801e+00 1.137921198472585793e+01
-5.128000545365707374e+00 3.002374581705759216e+00
6.856885587271836613e+00 -5.232243839640416283e+00
-1.462312852868885016e-01 7.543482290717218319e+00
5.977455946972981771e+00 -4.617967539741280270e+00
-8.037129475964558623e+00 2.393825384482503260e+00
-8.776908087345254295e-01 -1.688629637539746264e+00
1.174512355315250822e+01 4.035587481059237369e-01
2.132156117860226185e+00 -1.062789175853247414e+01
1.110897504898820287e+01 -3.904020497685867674e+00
-3.175354491877453889e+00 3.301903855183442316e-01
7.647090337132006255e+00 -9.061322064690330080e+00
-7.728383609095074824e+00 -3.765819486612181244e+00
2.637054325237138119e+00 7.246879981558380202e+00
-9.260458845192610866e+00 -1.045840582761454529e+00
-4.405317508800046689e+00 4.714191072970203678e+00
-5.790011694241843365e+00 4.713267357572879845e+00
7.057600854333110796e+00 -1.343767419839166699e+01
9.642619509283405221e-02 1.190125402719342240e+01
3.602661291915315034e-01 -5.349915572141756392e+00
6.677139701489474888e+00 -3.303656000907759793e+00
8.749339526862240035e+00 4.934077069149378936e+00
-1.611326938325527092e+00 -1.429981378017706639e+01
1.502148688464328696e-01 -3.226319957726299759e+00
4.660647965260877434e+00 -4.325257726128226565e+00
2.735427439850083298e-01 -1.143554981042617769e+01
1.087352168881518644e+01 -1.020297434801143321e+00
-6.146287741589057774e+00 7.249077659986927769e-01
-3.993997861989738052e+00 7.795515894321282113e-01
9.851633105482441977e+00 4.003500801387134267e+00
-6.214650625713490584e+00 -1.026405164910181256e+01
9.666484465742353649e+00 -2.496491696623337475e+00
-1.216241365586141487e+00 -2.313191637003540357e+00
-4.650749241542421197e-01 5.605415879841987525e+00
5.514374219019313905e+00 1.522663177068584162e+01
-3.572435175803543306e+00 -4.840524427530739082e+00
-8.959131501702197298e+00 -6.069123964649008052e-01
-4.504582519193889301e-01 -1.916355517092941607e+00
8.240195065498080451e-01 1.549627154907686233e+01
-2.499868079074386573e-01 -6.061518562883014827e-01
-1.127555916178865125e+01 -3.423100292960847391e+00
1.264484078598195893e+01 7.852972880383154219e+00
2.675648697785491414e+00 -6.985786415510539804e+00
8.260506181544112536e+00 4.354181523321294378e+00
2.941236149917723530e+00 3.118315959286984462e+00
-3.336529301427440419e+00 2.639081166654855704e+00
3.898511681825531650e+00 1.609766339730938611e+01
3.900392207214321338e+00 6.672151786597043888e+00
-1.686945663474288759e+00 8.604915220971529166e+00
-2.127251512101392628e+00 -5.956559766225074881e+00
-4.870380912757275027e+00 1.754799858445019289e+00
-3.443036139944180896e+00 4.912500751986608627e+00
-9.603720884015778836e+00 -1.859043218343607196e+00
3.905907261915958717e+00 2.466948906295605426e-01
7.048581518040459848e+00 6.491694670403670209e+00
3.384863692217090936e+00 -1.100539457784256392e+01
5.107971124199945478e+00 6.747465117013859093e+00
-5.256175859295447728e-01 -5.518435616384624431e+00
-4.829518686297910257e+00 -8.611739970872688943e+00
1.687354068446828226e+00 2.425307596445121394e+00
-5.464169766189960420e+00 5.026407635135066165e-01
-7.990182940918556298e+00 5.442632046571715065e+00
-1.337468269428994772e+00 2.343122269083164344e+00
5.064661410912119521e+00 3.554087596376740876e+00
6.705638713173972754e+00 2.663547780132199616e+00
2.593269632470869279e+00 -1.314301121766589553e+01
-8.294216668423743499e+00 -2.156592529887377374e+00
-5.780679332127958148e+00 -2.433979995534496510e+00
1.542605096264610953e+00 -8.931615295102490748e-01
5.437554426734196866e+00 6.585579001385506004e+00
6.842406353252915352e+00 6.174931655070872161e+00
3.883230668082768400e+00 1.334689782840809436e+01
-6.582575793834586797e+00 -3.125283857897762196e+00
-4.436387511679301454e+00 2.930816210704401570e+00
-1.936361634591953429e+00 4.513372641799199947e+00
-2.122732334951408895e+00 3.979925436407640849e+00
1.142384990417757962e+01 1.294385707903789040e+01
9.323752756223083082e+00 -8.566880630329226420e+00
1.855515878073099811e+00 9.914113097448590040e+00
1.292596761089370050e+00 3.445536720842598655e+00
-4.613534778703764161e+00 6.545099593741087851e+00
-2.488169183277684215e+00 -6.111865635574812217e+00
7.208075218974986598e+00 -1.264620182713068752e+00
-1.003552151261117587e+01 -7.088201225456085552e+00
8.947282260177018998e+00 1.058684788036896762e+01
8.217941981826932363e+00 -4.753235915580834359e+00
-1.808365303668369339e+00 1.385401886880071132e+01
-1.888726514475343454e-01 5.564937519515544828e+00
8.468036130381307203e+00 -6.246260080844335150e+00
8.588157315591490315e-01 -8.718125968685411564e+00
-6.145986393902969080e-01 1.501661575649910318e+01
-3.036313898595060845e+00 1.109436766873960778e+01
-3.736473445189150144e+00 -5.683396823813057885e+00
1.193600159584931708e+00 -9.327198428365846006e-01
-5.501112964667763394e-02 -6.778795158949985300e+00
4.156411830104237204e+00 -1.148062684003230771e+01
-2.983835190968623596e+00 1.173727346597608578e+00
3.745547438316627620e+00 -1.060214023387685778e+01
-1.049016079671611834e+01 -7.342797857315190413e+00
6.381262510969316182e+00 -6.143378607265149505e+00
4.653566837807226797e+00 5.539110685642590681e+00
9.585365915047235674e+00 -4.684931905221187520e+00
-7.113255221011969276e+00 -6.780212760271551176e+00
-1.857446508959087250e+00 3.621311681178746689e+00
1.978926193139990408e+00 5.567560391765047356e+00
-2.880847045863959011e+00 -1.227866886668121382e-01
-1.218189328254695836e+00 6.735622051891188011e-01
-3.635064274419351538e+00 7.442464467688918006e+00
8.640964554915118612e+00 7.264745885024921357e+00
-2.767912894969704940e+00 -3.923062675436307156e+00
-1.065821115468054137e+00 6.700263690010971551e+00
1.389036460156932273e+00 2.952515776201395159e+00
-1.208790238998299627e+00 4.605887349855632529e+00
8.654552310115306568e+00 -5.275771380055581439e+00
4.324557931395555777e+00 -1.315457165974138043e+01
1.308313768775049707e-02 6.351941794736774227e+00
1.780145116785691428e+00 1.359236310360659949e+01
1.404706688385019042e+01 -1.482413254395272606e+00
-8.793987816864357043e-01 3.799380688445527010e+00
8.526488303869108165e+00 -1.303485186513863958e+01
-8.367694157782034736e+00 -7.092506476558317452e+00
6.014392459284970904e+00 1.343844326368194864e+01
5.138628791683717445e+00 1.556362871575768736e+01
-5.175707706635563454e+00 6.370089078785871273e+00
5.321558550010769828e+00 -5.809848196516790964e+00
-6.839604368203018758e+00 2.840714721112139962e+00
-6.254440711914426743e+00 -1.501863720972123728e+00
3.918199146205419758e+00 1.335210595287761537e+00
-8.803084993228342370e+00 2.682348204996191310e+00
6.975381188483327222e-01 -2.470168015210040480e+00
1.445194164368702161e+01 -7.833159050152853353e-02
-9.125402124118561220e-01 5.764102659895500302e-01
1.185076413530022688e+00 -2.587695294285295433e-01
1.185854076912930744e+01 -5.345789026218824569e-01
3.695742750841917612e+00 4.471646499998742641e+00
8.727715664326050060e+00 1.015246227379399713e+01
-1.098024160156582385e-01 8.983941555975776261e-01
1.057703799278947976e+01 8.274016262398296462e+00
4.802891829596461548e+00 -1.058518672228828272e+01
-4.736977876857856096e+00 5.373165916108859186e+00
3.364455069975704760e+00 -1.136811013849358254e+01
2.852010841388498807e+00 -1.003522809575261476e+01
4.782228731886814521e-01 2.887010831556416246e+00
-2.453538648499642427e+00 1.359588702203728339e+01
1.438020448433251097e+01 9.137159622107377643e+00
-1.921019709946251985e-01 3.209615638758188894e+00
2.126736549225780593e+00 -5.192631336191076308e+00
5.942590944018742327e+00 1.363768449336797417e+01
4.750039192802208987e+00 2.847047625053862330e+00
1.275330044860330414e+00 -7.176366708660106841e-01
9.109119352114271706e+00 -9.925156597136167491e+00
-1.339727055027333469e+00 -6.363805077331471161e+00
8.399391647473789746e+00 3.268216788370434056e+00
-3.201311840608858539e+00 4.847076937776542693e-01
-5.982807647135330864e-01 1.703799364849636078e+01
-2.237081871175881975e+00 -1.401447326699986284e+01
8.121660536405627795e+00 -7.776357909324162598e+00
-1.825051410531876694e+00 1.300987673309875747e+00
1.312814317543541165e+00 -3.238457718966946342e+00
-9.360695556542664164e+00 -7.423228684429469260e-01
4.930995861675076419e+00 -2.703148613139291001e+00
8.296312259771248421e+00 1.006913022179217521e+01
4.609894922940154793e-01 8.966926540104122267e+00
1.070761016120176157e+00 1.790378853708310292e+00
9.093798654187560615e+00 -9.352766919304086102e+00
-6.330392358144351084e-01 -4.135535280765449073e+00
-1.276866865534707607e+01 -2.862200158216140267e+00
4.441429830227965336e-01 -1.526768728324428182e+01
1.206732275881853944e+01 1.020000693160732830e+01
5.327757793464138025e+00 2.719832411600431321e+00
2.862106763925867270e+00 -1.046750515155710914e+01
-4.337562212270782425e+00 1.638597291416821644e+00
5.208667510438172776e+00 -1.045627721360822093e+01
-1.026648307162036389e+01 -2.894225039678612443e+00
3.825187188860746268e+00 1.572170440619839482e+01
-4.140133498907454523e+00 -1.437816448125803959e+01
-2.802706506015033572e-01 3.139374333114807403e+00
-3.695874001045501789e+00 5.984073127412115056e-01
1.244059396647259730e+00 7.690587796095836204e+00
6.225567382696578500e-01 -1.140372321220183416e+01
4.115651819139105605e+00 1.186983311316013001e+01
-3.817400397158350334e+00 -1.318437892233954223e+01
-1.106863368383117141e+01 -1.237314801053286617e+00
1.103373964767892401e+00 -6.410643296065881458e+00
7.951766261798261404e+00 -6.342056465333178572e+00
7.394373533144868560e+00 -8.507578119320664101e+00
3.420503304840952108e+00 -8.211264439139577931e+00
-7.252277661135743791e+00 -1.093844256734101794e+00
1.019628867678837914e+01 -8.043300795120842395e+00
-8.688958530816956127e+00 -6.347931768917615791e+00
-1.067669122132850479e+00 6.221488981509875060e+00
9.003615843623327120e-01 -1.153420671242499118e+01
2.671244041721153817e+00 -1.187631022927062796e+00
4.633004377512873084e+00 -4.825223494796699875e+00
2.727169289552141329e+00 3.147573604447518658e+00
1.371246547922632608e+01 5.612208116736922214e+00
3.863843256950103555e+00 1.129846329612261968e+01
9.620382635424892470e+00 3.249517108212645500e+00
6.316388044534439139e+00 -8.957034653956152948e-02
-1.803321857465557398e+00 -8.384184018720763021e+00
4.554692114438104511e+00 -1.275039062044824867e+00
7.127617992896197130e+00 4.586516052391121256e+00
1.076984376945566879e+01 -1.130118408160469129e-01
2.068896425770124781e-01 -5.697246028163301723e+00
2.663296128049361222e+00 9.620092662288759477e-01
-4.562202235556391372e+00 -4.422316519848472183e+00
-1.001056832150693587e+01 5.086074909239171049e+00
-2.167954139353579723e+00 9.970922978187223007e-02
-6.315520019281351871e+00 4.915166912498158069e+00
2.232092873164047919e+00 -1.114794119396916727e+01
-1.404271277930892303e+01 -1.778205663017518035e+00
-1.516738202206451058e+00 -1.676603939337029114e+00
3.997563282888438430e+00 2.576044936463243396e+00
1.036864229838136353e+01 8.477132794875156918e+00
-1.982096283032318329e+00 9.569539408534453173e+00
1.893575024608983526e+00 1.161804423707521572e+01
5.731936450835573460e+00 -8.430386929769692728e+00
2.748937080101181984e-01 -8.214699226692423473e-01
2.502691689617017268e+00 8.388837348087928802e+00
-2.983025949620492945e+00 -7.754705736005832684e+00
1.176507313671141119e+01 3.620947813776193236e+00
-7.656628008077182024e-01 -9.847857100860060164e-01
8.440267982069480368e+00 4.746677031520516010e+00
7.257803455486242644e-03 -1.162220414673244839e+01
3.995587517505732933e+00 1.088542630435557657e+00
2.963815526709927095e+00 -4.323600613925472125e+00
5.538024109045556642e+00 1.094805279164911482e+01
8.535545943188107998e+00 1.427590027109504556e+00
2.829975061712822759e-01 -5.530733249185261435e+00
1.429811138073331733e+01 7.170794312032846562e+00
1.136911102901908954e+01 1.156321033192986825e+01
-2.659860554667483612e+00 1.114019571874223224e+01
3.550947363844858984e+00 1.684705302636436697e+00
-3.130728182326813158e+00 1.231017227340132614e+01
1.048674917637445470e+00 3.820437513481464098e+00
-3.287327964540188940e+00 1.011194313858811533e+01
2.272845465451204916e+00 1.317796032922157501e+01
9.725492692284340990e+00 -4.783685595155340309e+00
-2.420602566074732120e+00 5.116797674307495214e+00
5.002192447003380726e-01 -1.212590133779231749e+00
-7.182481015500097321e-01 -1.180100080296424814e+01
4.926571448241435114e+00 -9.604099327755932336e+00
-4.280009631253579805e+00 4.109714370697640007e+00
4.924205340439163692e+00 3.114578418376662938e+00
2.984501063149003208e+00 -6.052818004828868226e-01
7.280928024364230478e-01 5.161903296817678122e-01
6.060423564778599115e+00 4.626307703967210472e+00
-1.159161097595895695e+00 1.105924994117025761e+01
9.046956369694003186e+00 -1.787394803852842440e+00
3.643834724323748109e+00 -1.328076613288134533e+00
-3.033118911920674177e-01 -1.009844524063317017e+01
1.324599020611425315e+00 -2.059281812156341207e+00
-7.378853938163988380e-01 -7.033867788077858840e+00
1.218994532312400025e+01 3.251970312437416410e+00
2.375893515210202728e-02 -5.158795683936649112e+00
1.804816525371392144e+00 1.427369797506679583e-01
2.678876844112950018e+00 -2.592056366167532211e+00
-8.961087078287490737e-01 2.963422372087839651e+00
-4.110290141432475508e+00 5.100162388701580340e+00
-1.160233599267247451e+00 1.203047612037940084e+01
2.851973074574196687e+00 7.585500036581125372e+00
-2.795996460488841873e+00 5.784645331209314456e+00
1.213527443881596746e+01 3.004531101436721752e+00
-1.079581663002333514e+01 -6.362131367651286951e+00
1.533942371917041392e+01 -9.724574165075577925e-01
4.190089239068417015e+00 1.199829188526990897e+01
3.146986767048432831e+00 2.515458762415834659e+00
-4.595775452544412332e+00 -1.256725541447174699e+01
4.424853993417984910e+00 -1.347955194777563115e+01
1.025163149897057835e+01 -3.501177092961070603e+00
-1.218164697546552544e+00 2.982706821867601832e+00
1.427120161170420687e+01 1.066796165010923225e+01
-2.613861324314851409e+00 -1.976644480587192776e+00
8.697100009487012784e+00 -3.967457398654379297e-01
-7.615376720168487878e+00 -1.450561918110307769e+00
-3.032510453540224304e+00 8.314186790727459142e-01
6.113773175901515700e+00 1.046336752056327235e+01
-5.354601132231584515e+00 3.725218659749706784e+00
-2.090323116429067873e+00 3.786172195649031846e-01
3.918970111523882416e+00 3.110392956235664474e+00
-2.074896328134394619e+00 -5.157449319780798902e+00
6.906423218412289344e+00 3.292911191004507909e+00
7.266372165620641477e-01 -1.029887409443732871e+01
6.720527632044752231e+00 -6.179779242925259375e+00
-7.069057829915694313e+00 -9.616685464398740280e+00
6.001081522913982447e+00 6.657126532668285357e+00
-1.270881808717746031e+00 1.094549530057899389e+01
-2.466500529749443782e+00 1.516486261833436622e+01
-1.986434522246718348e+00 -2.947049868311339971e-01
8.834712210152225964e+00 -1.025394338334312705e+00
-5.362992410607959393e+00 1.845303696505664171e+00
2.238546690588717691e+00 -4.115945811109218866e+00
8.707362649567096824e+00 1.130536547908821809e+01
2.998244103754851952e+00 -3.120684596059740468e+00
1.267422214679688963e+00 2.402057370757215704e-01
-1.902480699675099363e+00 -5.687335201903078286e+00
-6.689889846512005356e+00 -8.818180175451777458e+00
-7.076526593112135721e+00 -1.171988961924529837e+00
-9.993077542419195325e+00 3.958838134151931865e+00
-1.490138042259212536e-01 -8.855590656023686336e+00
2.487970319017590803e+00 -5.228450522377213083e+00
-3.836473733268882524e-01 5.346413504733719790e+00
-3.437968364996000226e+00 6.087582696703432994e+00
-3.782632244568811863e+00 4.303350631958087646e+00
-4.570588580159810732e+00 6.972752615803807785e+00
-3.541045076374479184e+00 -1.050457865970229676e+01
-1.060120554277136229e+01 -1.197293799154638405e+00
-9.548576994100694826e-01 6.061230682780412771e+00
9.485313197131581830e-01 1.217761529322403113e+01
9.997139625883816549e+00 9.209160083001652453e+00
5.994002129573398063e-01 1.286801554035985617e-01
1.842049431977938800e+00 5.406604544130113155e+00
4.144794545056194934e+00 1.765282296174854049e-01
9.806094994501463047e-01 -1.280821314633898211e+01
1.013122094380153904e+01 7.982825485028039125e+00
-2.732204070704295495e-01 -8.499595900541649929e-01
-3.062328274252438032e+00 8.621706246151566333e+00
-7.359530706476916428e+00 -9.369906459021196454e+00
-4.876564814122429148e+00 -7.156327005735444224e+00
5.801812852761291772e+00 1.312638358523452098e+01
4.801632881347161153e+00 9.061650126627359469e+00
8.833891497884948762e+00 -2.512061552902829509e-01
7.090236146662304506e+00 -8.260220076198102390e+00
-1.094034422572352128e+01 -9.753878215125051376e-01
1.049544608734783679e+01 -1.111196967899243049e+01
-2.073521941705359417e+00 -1.471802656021413414e-01
-8.033619993124915815e-02 1.213754759418985252e+01
1.966868548175405129e+00 -4.092617234388089109e+00
8.339803013948092758e-01 4.165821395285609796e+00
6.488489354723236069e+00 -7.131849224183347546e-01
6.855685267741844946e+00 2.338503096445026852e+00
2.719284320885985151e-01 1.250272852140751789e+00
8.562539702890585858e+00 4.326623841232078438e-01
3.259883854109397738e+00 1.432668310059507277e+01
-1.467662042917423637e+00 6.243660218263070938e+00
-1.080133638676205621e+01 -4.777185894260525423e+00
2.768126502235325415e+00 -4.092489224106592438e+00
9.313605330539070692e+00 4.373650651647582599e+00
1.980689970601649197e+00 -1.893629360133508133e+00
-9.578975946169473232e+00 7.133632137129729545e-01
-6.449227601955847433e+00 5.163033924223726423e+00
-2.153606112429170771e+00 1.719663687886773262e+00
6.962621716239838499e-01 1.148248096751129133e+01
9.717957162493259915e+00 2.979938619347205719e+00
8.260063321746209386e-01 5.607017130401476201e+00
-1.714038384053530262e+00 -1.129147825485052437e+01
-4.716829112554559167e-01 -1.318232094060788562e+00
3.559273553268624379e+00 -5.910470215567038998e+00
3.851585497613422060e+00 -3.935808887700298353e+00
4.520192813341943783e+00 8.531563001567754601e-01
5.225479104402964481e+00 1.771192809804926993e+00
8.917743569249676483e+00 7.714055948311077771e+00
-4.907930216370704812e+00 -4.779432762088807962e+00
3.097271739598895568e+00 -1.243874811674169933e+01
7.333362409156396922e+00 -7.873263229745335323e+00
3.489082951216405437e+00 3.403934250229319058e+00
9.840008874785807436e+00 6.803742679373101510e-01
1.715724123724668315e+00 4.976236061240660646e+00
1.745219218786033588e+00 1.649971834286192651e+00
-5.181987236561659493e+00 -9.188421443052398052e-01
1.085215507500885401e+01 3.298294045917560813e-01
1.414376363386976587e+00 3.795788030896799725e+00
-1.850005032634378432e+00 1.145348101181929579e+01
-5.474426022803746683e+00 4.073806222344299677e+00
4.268013474655990791e+00 -6.866194258084082236e+00
-2.058598733904207112e+00 -1.294187022637370710e+01
1.348286917726554679e-01 1.333446635685631954e+01
7.615756561844796657e+00 9.808168292873979510e+00
7.790907542770588279e+00 1.203820009660653056e+01
3.784288003847095627e+00 5.486233986268034712e+00
-1.953344399856711044e+00 3.026660062887093883e+00
3.092487694837699141e+00 1.036398275790561740e+01
2.492428619272179513e-01 2.489302368669871868e+00
-9.990754307727113925e+00 -6.940641027468349433e-01
1.014998786338486836e+00 -7.412351802391057731e+00
9.105917994272109794e+00 8.894260662442924570e+00
-6.120637274336205635e+00 2.567571898428258059e+00
6.376073137242735278e+00 -9.913576581513607877e-01
-2.356332062152601381e+00 1.095602454418251881e+01
1.221153534675148933e+01 1.014573371431342297e+00
1.007513312543875372e+01 5.914377517473344170e+00
-2.867010131951110985e+00 8.855955051874005335e+00
-7.714064401158719164e+00 -5.771002371407506715e+00
1.280218268260960457e+01 7.586283831352830020e+00
-3.151142893730487948e+00 -1.328741392158871193e+01
-6.036944004580505063e-02 4.339719060382591920e+00
-6.244612737461794794e+00 1.581007055438755859e+00
8.780495191993958670e+00 7.877354659515710011e+00
-3.198107608571960636e-01 -2.013534321570984442e+00
3.160718982843502278e-01 9.987206069707994516e+00
2.755575771696941456e-01 -3.322271312890467954e+00
2.864556537336827358e+00 -3.826604185041889483e+00
-5.367583303943047390e+00 3.399991638924843684e+00
8.994704442846776615e+00 1.121573535001661881e+01
-2.756301771880654172e+00 -4.620577442645651400e-01
4.324999862055883604e+00 -4.709048308583580145e+00
1.381159379235075590e+01 9.022685181712052582e+00
6.110241993860795695e+00 1.070141612305081402e+01
7.995045969960423271e+00 1.545879806919874810e-01
-3.398178474254573533e+00 1.069821328357699919e+01
2.021059117045989950e+00 3.275105794752699584e+00
2.456059283345918054e+00 2.234196400514855962e-01
-1.978302987794444245e+00 9.112970020739702415e-01
1.190218581188910107e+00 1.273612253496133384e+01
4.195519746993154442e+00 -9.255057272746518571e-01
1.016648711761354207e+01 1.247910886894503513e+01
-1.654311957187156956e+00 -8.428998825798959871e+00
-1.182846919746491032e+00 -4.420211934288010625e+00
7.192919855587177835e+00 1.237544366496402048e+01
7.509657336408802619e-01 4.327233782997073064e+00
-3.197746976686327791e+00 1.143976144433151099e+01
4.403955116795921221e+00 -1.076961749316141237e+01
-3.685300907848605423e+00 4.084712288043683692e+00
-8.791692589206572706e+00 2.553752415639782836e-01
7.598103543882130939e-01 -5.074258866014983660e+00
6.388788802778492482e+00 -8.367873845514210984e+00
6.233087235508498303e+00 -1.347215893396443320e+01
-2.134554885791039691e+00 5.579511786407109319e+00
3.620761536239926470e-01 1.203030860758567044e+01
-2.686411220705498426e+00 8.156246488581665233e+00
4.116808703753573440e+00 -7.402115970211645468e+00
6.348313039245485179e+00 -2.596305340776107418e+00
-1.095217409601763614e-01 1.420165491533217228e+01
-1.275041763891512048e+01 1.020622000160510690e-01
6.752569382677932275e+00 -9.540920018464865038e+00
4.349510581494850037e+00 -1.236983951752389732e+00
2.401980327687505135e+00 1.260963987042356571e+01
-9.161093210532198494e-01 4.887618976254540115e+00
1.057422612016697272e+01 2.274098753735581013e+00
-5.587591896405895930e+00 8.501788767955444914e-01
9.499847365250953857e+00 -1.079713008253620465e+01
2.195402533710105963e+00 -2.586299017619406282e+00
2.853393188102213873e+00 -3.513549964270883841e+00
-2.702568979709989438e+00 1.381457579198859920e+00
4.687288455866002179e-01 1.656803069750358048e+01
-1.032941568915579467e+01 -4.542056674179165476e+00
4.099738671962554482e-01 3.197834673913991566e+00
-2.223015806356000379e+00 1.448962199056697742e+01
3.834815634506404169e+00 6.348139433928629005e-01
-2.554348791690595366e+00 4.175648358088889012e+00
9.495639679290329482e+00 2.096867099541879220e+00
5.826998555326691864e+00 1.394612658095982560e+01
-3.586697148301136284e+00 -5.514983512473834004e+00
1.396336328136733052e+01 -1.538557402557471643e-01
1.737540254276150442e+00 6.747436496224073821e+00
7.988006990704463739e+00 -8.418231667241400373e+00
7.337151150419978229e+00 -7.594497505921893321e+00
4.307940708827811882e+00 1.115447399285412367e+01
-2.718871297985004709e+00 -1.142981740581062589e+01
7.854603370127088091e+00 5.007674283382134384e+00
7.904565663359540473e+00 7.611223471482770009e+00
2.657271642247222676e+00 -1.152039790646734296e+01
-2.624035005121171160e+00 1.181933562254818604e+01
7.066765679639815723e+00 -3.381776911554319476e+00
-7.836170818026503504e+00 1.785571093583210533e+00
3.082424318581173051e+00 1.388918844466959568e+00
-5.589858521581108075e-01 -3.846270381266835514e+00
1.238576874343999323e+00 -2.319228633051225064e+00
9.207372798517987622e-01 6.604519663854956590e+00
8.111813695796500356e-01 -4.800337995500325583e+00
-8.718877302214542269e+00 -4.502646182482512582e-01
-5.014704926434974119e+00 -1.358979308498368077e+01
-2.444720053898363221e-01 -3.319020184953312747e+00
1.067480426894841239e+00 3.091790088391265900e+00
2.071346998237214798e+00 -3.839484478195657857e+00
1.448123040829636610e+00 -3.699524811682631587e+00
4.355706207843046407e+00 4.284759821506465727e+00
-1.009167543851066995e+01 -6.109223866338640008e+00
-1.721616225864368799e+00 1.069869702497256370e+01
6.900255169136007893e+00 -6.795992322510056027e+00
1.339942501809350972e+01 6.533321743923632852e+00
-8.891672505389072612e+00 5.586995946450850958e+00
-1.128188460363196555e+01 -2.931118381172322707e+00
1.104975415251360449e+00 5.749639273233109193e-01
-6.697120591212168073e+00 -1.495595823372263336e-02
5.663208978715229547e-01 -3.455789482206004237e+00
9.085038354180637654e+00 9.316234932829148718e+00
6.585196652587978150e+00 -9.508164485826736012e+00
1.682555643734922945e+00 -3.607661572776982517e+00
-3.990246970589235720e-01 -7.884922300713201437e+00
-1.738002972341731400e+00 3.005909070011812290e+00
1.051011862537426467e+01 9.379458400837288323e+00
-4.675811569530634593e+00 4.716811878456789731e-01
-4.355122560322339353e+00 1.170467689830511837e+01
6.403694691378365000e+00 -8.736729339701101438e+00
-1.050597583009053615e+01 -3.241949457899715892e+00
-5.345485250618742690e+00 3.883183637885129436e+00
1.949939930744322369e+00 -5.581467134356254967e+00
9.960520183669096639e+00 2.597329827139046809e+00
-7.967547060703911832e+00 -5.549578484889699403e+00
1.536052393630358559e-01 8.126789823754537068e+00
1.159607187738434853e+01 -2.537397260043528391e+00
3.861752035855729126e+00 -1.014799305745839852e+01
4.807815174837119621e+00 1.147837766384110125e+01
7.977562956643172498e+00 -9.984122250798888487e+00
2.134095642228290846e-01 4.194256352886848838e+00
8.266514547693015746e-02 -6.709367857359768372e+00
1.383565815842318747e+00 -7.897436022144996848e-01
-8.822813902576071010e-01 2.235285394521632441e+00
6.486457639351023374e+00 7.609161597543920408e+00
4.646499021584649114e+00 6.636727546942817746e+00
1.497824662980981891e+01 8.824124763054937759e+00
7.910685093073237084e+00 -6.067447154110026553e+00
-1.433720907903527753e+01 -1.011973770801012806e+00
-7.685721264944012532e+00 3.448338421612665794e+00
6.494358888885171766e+00 -6.215980004202120490e+00
4.553392701057508596e+00 9.929288884426215489e+00
-1.152857106648049701e+01 -6.209450020991717167e+00
-8.012267927055036765e-01 -8.088445042573545463e-01
-9.534514020109270405e+00 5.527309388723139705e+00
-4.095841901382642369e+00 1.042843522999907613e+01
-1.393313287746898554e+00 1.084010357251489332e+01
1.840907902963977882e+00 2.440512169530112629e+00
1.231521413059329539e+01 5.239434637702708564e+00
1.264152138480819154e+01 4.652254145003861474e+00
1.293377619641906229e+01 8.054247016001939485e+00
5.352519263956440732e+00 6.896481362606788679e+00
2.217293783237940019e+00 -6.571233318134066970e+00
-5.788697424035005312e-02 9.396873360404951470e+00
1.638192457752984277e+00 -5.242349404417494085e+00
3.056251448669807136e+00 -9.537091655051678885e+00
-2.351134803469165035e+00 3.967169437642674712e+00
-1.532999773476801941e+00 -1.035817976429786391e+01
2.344653353161570752e+00 -1.425303497048562962e+00
-5.354579757488553859e+00 -1.599167514263620804e+00
5.796717556339496369e+00 -7.714052674308559787e+00
1.942396177407324620e+00 3.256802710267494572e+00
1.031754193100204908e+01 5.100533084887204360e+00
1.843240466756277840e+00 -1.134378703279586897e+00
4.067699595117943989e-01 6.941077666100111898e+00
-4.294089056810785898e+00 1.133081434986908720e+00
-2.781235707154838810e+00 6.003215055833787339e+00
-2.615160126169557397e+00 -3.900320785400818835e+00
3.730438924305343296e+00 3.744401920927927563e+00
8.534418575192863343e-02 7.169791284103482765e-01
5.654199075897181626e-01 -1.471934438919381272e+01
9.437804710128308017e+00 2.444322961126906169e+00
1.551575057640069755e+00 1.968968767732532044e+00
7.640497825952801136e+00 -1.626532703421320392e+00
3.599906501463281394e+00 5.728827914653246367e+00
-9.037392777288921764e+00 -7.323848031265016267e+00
-9.631460087015226712e-01 -1.022498123902416367e+01
4.917191168640719923e+00 -1.089015411213950069e+00
-9.867496744289702804e+00 -2.822347832384401567e+00
9.238032026828856047e+00 -2.532929216501285552e+00
-2.604851623555913598e+00 3.581858754884840734e-01
1.470359116528200971e+01 -3.671258167575781606e-01
-3.641285881131346880e+00 4.636383516363002499e+00
1.476187088293679750e+01 8.376602071624649426e+00
-4.692541338352293145e+00 -2.784481536189061135e+00
-9.937064752050169814e-01 8.643932852186425597e-01
-2.548184377574931325e+00 3.147326281219001931e+00
1.235367930049727647e+01 1.093417693870563090e+00
7.445365167893584157e+00 -2.068431293528068871e+00
1.144227124361839287e+01 6.992258406856136865e+00
-2.726666174895274075e+00 2.402472172789357430e+00
-4.118187863010607797e-01 -3.153966569404331732e+00
-1.407383601643927562e-01 -5.365196832169053742e+00
8.332079138827058529e+00 2.326819040546882711e+00
-9.347651050170127651e-02 2.518375163373455905e+00
3.869438850059808477e+00 -3.457746909939081181e+00
-4.457776340949844318e+00 4.909676867811474388e+00
7.118792113674000666e-01 9.471773531718856276e+00
1.741073378010580042e+00 -2.754303485848065502e+00
-4.977202218977946124e+00 4.823964176480437516e+00
6.139607914818342449e-01 1.340022846019459912e+01
6.729567183661142593e+00 1.921229546991317427e+00
6.935104332940337457e+00 1.637940081570485873e+00
8.553491611622879631e+00 -5.594878659099261853e+00
2.577650227879217937e+00 1.315017185411858236e+01
5.135342861937021830e+00 -8.617525425778024939e+00
3.847280074370936775e-01 3.077915769170163518e+00
6.875816260810248437e+00 -3.432543710334846399e+00
1.316372407803541478e+00 -1.346069159158296991e+01
2.510533540270779795e+00 -5.403306636868226986e-01
9.638371711609208248e-01 -3.792913647246502484e-01
2.329077394650980626e+00 1.636521813633740274e+00
-7.575035146269501141e+00 -1.162904069437661114e+00
1.651208164137851320e+00 -3.488363808180535042e+00
2.354228633611861188e+00 -2.679803970125780310e+00
1.269219172883823576e+00 -3.008278920189281891e+00
2.083133200209909830e-01 4.375792584072654812e+00
-6.059407354436506132e+00 -1.209933034845230893e+01
1.089742494152097407e+01 4.044273174808777682e+00
-9.993423990757619890e+00 -5.232953605880199532e+00
-2.008606715092081885e+00 -1.779847761586152766e+00
-1.309469695901074537e+00 1.728836140653524422e+00
-6.739640733634753467e+00 -1.568947300307472537e+00
-6.379459777382372465e+00 3.028099489736599814e+00
1.170855577433449035e+01 -4.765776940638817294e-01
-3.227426569708713888e+00 1.063224713747668915e+01
-5.941960718834188526e+00 5.822346265921688691e+00
-8.007687811131910749e+00 -3.211091144144844201e+00
-3.455157353950622401e+00 -1.786594791842757823e+00
8.477866595798522198e+00 -1.320911535486628541e-01
-6.577878399547286037e+00 3.478968746367429699e+00
1.186799175064179046e+01 -2.667198439157377532e+00
1.098505696566398449e+01 3.415239209327186387e+00
-3.439107090219700957e+00 -1.126642344354776704e+01
3.327779480465991035e+00 1.246506128563314419e+01
-6.004743345872798344e+00 -7.810029075277377331e+00
1.005527131198778967e+01 1.100740941306971621e+01
2.589464656720667612e+00 -8.506045020885016683e+00
1.053571664888585557e+00 -5.742836411435968458e+00
-1.155151059387730772e+00 9.557145392092550651e+00
-9.085573057186840273e+00 2.052806765878657735e+00
6.112571101023921649e+00 -1.030830412321209799e+01
8.268632328813088961e+00 -1.256167450129182406e+01
-9.701435224887546838e+00 1.047514061188374868e+00
-6.682954825985008007e+00 8.161357991199296169e-01
-1.637079564733005255e-01 -3.883329130634884940e+00
3.229956766103620147e+00 4.810394229903686814e+00
4.257534812491471143e+00 -2.307193199320813459e+00
-1.095898026533591585e+00 3.213987500329896552e+00
1.390435740670359799e+01 6.850670804052014340e+00
8.229274931396851400e+00 -9.472077653859874991e-01
2.421990172151344378e+00 4.096099894338554925e+00
-1.610413204189715453e+00 7.318210553303176269e+00
-2.694123053835831172e+00 1.528638144158267131e+01
-9.975582346885930818e+00 4.213360167874662388e+00
1.077774194855340539e+01 2.931521734150422276e+00
1.913261270644414092e+00 -4.901997383979777467e+00
-2.918272270355686815e-01 6.413005415402823317e+00
-1.890200883952325439e+00 1.068927628914858197e+01
-2.067908281409256421e+00 2.159359424379903913e+00
-2.954589853017316248e+00 -1.343793840425643094e+00
-1.479716022969219225e+00 -1.451567803139833757e+01
-7.367554447119998962e+00 -4.782670966454952044e+00
5.194725799096407748e+00 -1.279525733577976077e+01
6.576022397442715217e+00 8.125380508769248777e+00
2.945505549709575566e-01 -4.588675236639975452e+00
-1.636640479380594870e+00 1.228591362431558842e+01
-2.803491009853456006e+00 4.887906176364220201e+00
-4.072970552381243614e+00 -9.583282789848952987e+00
7.659371729046280386e-01 -2.949805949146765638e+00
9.399205072469591471e+00 -3.166810239297586538e+00
-3.529841360137826456e-01 -1.425061634830437240e+00
-3.733192328859846754e+00 2.890327151819609419e+00
-1.510781589277561565e+01 -2.384143785311439334e+00
3.378076033345613016e+00 2.486979896534461609e+00
8.036403587130408255e+00 9.433471747366793947e-01
-3.176007773599336392e-01 -4.295059735530411871e+00
3.243197507314630190e+00 9.687945186721901081e+00
-1.369346421651279178e+00 -1.182571092492011999e+01
1.309088714562633449e+01 6.120695041556002636e+00
7.160420059870598486e+00 2.268202243321775669e+00
-1.552917683487372358e+00 -5.118911576438727629e+00
4.685642551484113127e+00 1.242400983694194139e+01
1.508919801864840649e+00 5.625878294603231522e-01
-5.902671493964790628e+00 5.487992876174568657e+00
-1.203820136854535788e-01 -4.517980164696442813e+00
1.427661689996093486e+01 -1.877876563167873547e+00
-2.413286037867659051e+00 -5.096024303560012569e+00
9.470299080032940964e+00 -1.282584073865648655e+00
9.138457626069362405e+00 3.498165453072469511e+00
2.751930908018855426e+00 1.629574662822769682e+01
3.257988828924224922e+00 -5.497243869563054330e-01
7.109630402314615072e-01 3.063678970518285638e+00
-1.709007317944236881e+00 1.149555126399829597e+01
7.574110072257263404e+00 -1.448733527212818339e+00
2.401192511440371380e+00 1.303862394383247292e+01
8.108687932868109627e+00 -1.014198084831334778e+00
1.019561571553295742e+00 -1.046263314416705903e+01
8.732159670225716042e+00 1.159435773337329501e+01
2.791739948240055558e+00 1.240691254331968274e+01
6.968849017351124608e+00 -3.153936436290922796e+00
-8.233928499285032565e-01 -1.160471554346809420e+01
1.030079058075554777e+00 1.156253508940712749e+01
8.039478973424914798e+00 -8.028421153571679625e+00
-4.197518878304686396e+00 -1.383635799300883917e+01
3.013154406129731760e-02 -4.002880101780493582e+00
-1.688669026208347468e+00 -1.249227328699714334e+01
-9.526466204493538870e-01 -8.781521959856842585e+00
-1.034956413914680162e+01 1.960231684079903003e+00
-2.377705879915843035e+00 -1.712804120811378672e+00
-2.318961871250434292e+00 1.242283556138099954e+01
1.947328752035139665e+00 -1.202311829183922853e+01
5.939787357271687718e+00 1.469081728128061393e+01
-2.498667090725357642e+00 -7.974864859504893211e-01
-1.138456708684620722e+01 -6.020987569762351832e+00
9.391371567161412415e+00 5.918084414154735740e+00
3.003999227380852677e+00 8.157272614382222287e+00
-8.609290888214241377e+00 -9.091777312559985447e-01
2.562798223786565632e+00 8.524625009521780150e-01
1.227335200961076644e+01 3.606335551306209641e+00
4.611927815803867681e+00 1.361198741004847967e+01
9.241995181269729187e+00 9.307093088496275479e-01
9.121553490692694055e+00 2.621718916374174757e+00
2.583118943564358450e+00 -2.316085319511692608e-01
2.423575151029324637e+00 -1.197089408448270298e+01
8.735326475877359442e+00 -7.227350169348311759e+00
3.863279924622361694e+00 -1.131344821842944093e+01
3.987507065013129015e+00 -9.282371926229231462e+00
-6.433719885176753195e+00 -3.919287821812325490e+00
6.622097953247548796e-01 -4.746503955560409160e+00
-2.742425659602290899e+00 -1.355150456950079452e+01
1.389793923188025415e+00 -9.207933252676022917e+00
-2.489889522978929737e+00 1.893949395600069974e-01
2.313526479129985436e+00 -3.796367320481898844e+00
5.897765318285055791e+00 -1.030831606313817694e+01
2.742584593002383109e+00 -1.324506770426268631e-01
-2.277465273768012555e+00 1.146730673502210962e+01
4.597244359055282281e+00 2.600558214554946762e-02
7.560786901986682906e+00 -5.850262741145819234e+00
-1.474191929876786267e+00 4.098724662421846077e+00
-1.893269733796540955e+00 1.027903747067739104e+01
1.185903332380706388e-01 -3.018387378692303002e+00
-5.733096112359923779e+00 3.262010070328157929e-01
-7.614772392806328227e+00 -3.618093933159347575e+00
1.118330586364534440e+01 -3.428573105401199750e-01
2.360372719488502913e+00 -1.241280676643370384e+01
7.546795302346817280e+00 7.275019475490483778e+00
1.735400587192324373e+00 -1.358035532892302477e+01
-3.715010852763030780e+00 -1.113426787475470192e+01
-3.905971717429983503e+00 -1.071382230613654407e+01
9.579449907087627114e-01 -2.552359351331567439e+00
9.263828013437572784e-01 -1.228977838280387314e+00
1.326112855720679917e+01 5.555866982756330508e+00
8.958979801927775100e+00 -2.622432286096431309e+00
-6.110816552992524464e+00 3.691780643370821124e+00
1.790261476171995492e+00 -2.169581874558636603e+00
-1.372072497189493978e+00 -5.315790392815764598e+00
3.198679017507272349e+00 5.760893248405790645e-01
-2.361713948199487323e+00 1.165117954339724449e+01
1.247202201558541113e+01 8.938402605680762392e+00
4.466055415712927079e+00 -1.536972106983148123e+00
6.579990045332367865e-01 3.602021304920603573e+00
3.209335772342022386e-01 1.601802259005519602e+01
-1.318419183718838639e+01 -3.114535403853305962e+00
9.976485470521197385e+00 1.159183565335100319e+01
1.046526876790266769e+01 2.789419062380108283e+00
-3.876187677045487945e+00 2.102324782685010884e+00
5.766446820693181152e+00 1.341066147235437711e+01
5.410471742269877815e+00 -1.023061947727096666e+01
-3.535504202014367436e+00 -1.328742255633141411e+01
5.222251428471199830e+00 5.173297876014849805e+00
-4.568041287267561756e+00 3.697734447562613269e+00
-9.851307820277941829e+00 -1.745111235711438225e+00
1.476230202224214860e+00 -1.541434777697465730e-01
1.289658465815536736e+01 4.717542984124501793e+00
9.880678768837729109e+00 2.137926658597004703e+00
-9.029829551726386683e+00 4.086692620024638956e+00
-1.061121949100971795e+00 -4.964610560186060173e-01
-1.907500188018331100e+00 -3.973539384114982198e+00
6.040295720728527051e+00 -1.140155501005683547e+01
-4.664540622718993945e-01 6.994941767266239729e+00
4.213897555672510009e+00 -1.893048212158482402e+00
4.490289704637508095e+00 -7.869906576049175984e-01
6.435675912540380850e+00 1.115408365551751713e+00
2.929678725069174927e+00 5.811669756282586086e+00
6.598391979416042830e+00 -7.877460583164304531e+00
-8.725924820910815338e-01 -3.221178717583012663e+00
1.310683121090145065e+01 -2.381685771369315585e+00
2.293504725249924381e-02 2.418816076145039684e+00
2.620663690334872786e+00 -4.561458782292208802e+00
1.212057707278671437e+01 9.562260250613578094e+00
-3.888495066198000227e+00 1.238051291232151030e+01
-1.639472781141377178e+00 -3.747340216133957291e+00
-1.059112196004471373e+00 -8.568009066335831037e+00
-2.804042719287742180e+00 6.083921627774462326e-01
-5.853927314720150932e-01 -6.359912922680270420e+00
1.436263574219678762e+00 5.655597094697562000e+00
3.312657391091401449e-01 5.477019764037829308e-01
-7.591744442478325361e+00 -9.123528121607543895e+00
1.416854148264535596e+00 3.312042844178372913e+00
-2.124583538554396966e+00 7.302928568937051557e-01
-6.410005246244714350e+00 -1.152567574564575636e+01
-3.970066831414207797e+00 4.137495510017394018e+00
-1.344670855256615782e+00 2.767927627220228004e+00
8.144878115305971278e+00 -7.351132534268101537e+00
1.015643817954519790e+01 -5.865075668845427082e+00
9.430732617538680529e+00 1.245310528750661128e+01
2.126426719424634015e+00 -5.354926391257660789e+00
1.687698869681497182e+00 1.135123611764876905e+01
1.111031251702742217e+01 9.367874179908292076e-01
2.965785192092702527e-01 2.874847548146374221e-01
-1.804049141936592937e+00 2.485785043451821386e-02
1.007552893039912334e+01 -3.841042556362107785e+00
-1.063982606435090084e+01 -4.822200507666742908e+00
2.686856043564439744e+00 5.937617516985676858e+00
-1.510259685144756681e+01 -2.591747717174215815e+00
1.289028084849646039e+00 1.127316582909457843e+01
-1.439983595498737001e+00 3.830876407202637335e+00
4.336171259965384550e+00 9.818864258996676142e+00
8.375589468318891950e-02 1.203987110382368009e+01
4.982343510081871152e+00 8.596218452637591767e+00
-9.588921573854358726e+00 3.290566360232928478e+00
1.035027608839097191e+01 2.192897529890616592e+00
4.912735358364681559e+00 -3.693788661658156780e+00
-5.027977178876324338e+00 1.782510966332502722e+00
-3.899995975623615330e+00 9.716392196171705464e+00
-1.463747097122449548e+00 6.140029898566861988e+00
-4.188464667454458557e+00 -6.921833330384571603e+00
1.315630253733554023e+00 5.987847038824238854e-01
-4.207363845261126833e+00 4.479809032836690186e+00
4.019438972682711331e+00 1.018171330783583173e+01
5.589369645581495627e-01 -9.713386644575092155e-02
-3.458140323763365220e+00 -1.409449421538313985e+00
-1.535278507927484659e+00 -4.636559958316437857e+00
-1.874790505921473782e+00 8.212378670517182400e+00
3.005044873613304190e+00 1.888739983616848805e+00
2.782183399616251940e+00 -2.303010175790828562e+00
1.928009979216478209e+00 1.271527226498079255e+00
2.259396191640623108e+00 6.286007097188651471e+00
-6.353059036809001192e+00 -9.133776512195971975e+00
5.109779150698040340e+00 -3.283630954751600939e+00
1.912791676462983981e+00 -1.226470359395910847e+01
3.643612898129518829e+00 3.645270223269378551e+00
9.152046316323270148e+00 -2.325509286951346510e+00
-4.147059391570998343e+00 6.479940701943744941e-01
3.966592879818586326e+00 -5.916964307400133904e+00
-3.179847003097033831e+00 6.053105564017694284e+00
4.844967890866905158e+00 -5.026806978333586251e+00
1.995916168699283677e+00 5.897607542813376291e+00
6.025071722615257253e-01 -3.603689799354291790e+00
-4.075418323370351814e+00 1.470130545407249967e+00
2.164810244052060906e+00 -4.542600635340581228e+00
-1.532038146454840488e+00 1.299310765610754759e+00
8.575080378370305567e+00 -2.076427279974539797e+00
-1.266513916159046405e+00 3.383344188696041366e-01
-7.915136933438743583e+00 -9.763980391645347368e+00
-1.117909661458502013e+00 7.600276423189303188e+00
-3.118004976455148292e+00 -4.936205447813138747e+00
2.464148507482825323e+00 3.700172159308761088e+00
2.365263186500996095e+00 -1.562068452579248978e+00
1.142099639809498690e+00 6.427959587804170205e+00
2.798539582094289990e+00 -1.087958023165820354e+00
-2.970163624742699238e+00 1.177251484539919524e+01
2.947437517575276722e+00 9.930396748504414006e+00
-7.718604097098432426e+00 -9.899708022160874421e+00
7.020445830264050890e+00 -4.568775978095368728e+00
3.258367890098446740e+00 -2.055493401903174533e+00
-2.439764091089084097e+00 1.418860499347268211e+00
6.423711037611284924e-01 2.332166711064331821e+00
1.731706329876740780e+00 8.662730789831131872e+00
-4.876261042406959123e-01 1.606287631714373720e+00
-2.586471902873280548e+00 5.827864201172021197e+00
4.045717613012570268e+00 1.166731495761905935e+00
3.817023907325811649e+00 -4.560375397465505909e-01
-2.755691206869494092e+00 -2.149521877940894665e+00
2.357116292181355099e+00 -1.312010829899506525e+01
9.180536996244500259e+00 -2.760916976626633268e+00
-2.239664658446967049e+00 4.724657299784652764e+00
3.129146729081317413e-01 5.968071777591591243e+00
-1.099391010618671238e+01 -4.927327117563406134e+00
1.026493149847085462e+01 6.311397596782845731e+00
-9.288980189164153245e+00 4.813226059956779324e+00
-7.583700266079419272e+00 -9.410606130244578149e-02
4.468571865345857930e+00 5.427426938687230695e+00
1.038526378002721451e+01 -1.592787791838112366e+00
9.733088547960209169e+00 4.559959481964468431e+00
-9.160971209242489977e+00 -2.248295539849592739e+00
-6.850897239635331815e-01 2.746603936158511949e+00
5.894771300250590151e+00 1.247983213146000914e+01
-9.587794151808536336e-01 8.166016431248708685e+00
4.529891777719090129e+00 3.643350717626598456e+00
-6.586524503680847575e-02 -1.514002049980007758e+00
3.292438176315917175e+00 -1.199253303343020960e+01
-1.602369612962464829e-01 4.393205021314347647e+00
6.545080420155980683e+00 -1.187522581868438509e+00
1.682381659255066664e+00 -1.812374103030994110e+00
-5.017940847061550969e+00 1.601417452228879990e+00
-2.248099606966458275e+00 5.914241541783353817e-01
-1.945704996433446354e-01 5.160677392242488892e+00
7.399352827842172964e+00 2.890263084676479632e+00
-6.023816489760154269e+00 -5.317861646972586342e+00
-2.753760700252509075e+00 1.250799989428141679e+01
3.495688583153488516e+00 -5.760151266829517169e+00
9.303674767596174178e+00 -2.209250443884939408e+00
-4.688365634597041698e+00 1.555781156810309040e+00
-5.585746262518617833e+00 -1.306601847560686203e+01
2.580525164047051123e-01 1.661113101226859001e+01
9.510647954082257494e-01 1.090431115137882712e+00
-7.906507958881998643e-01 1.995304615728521025e+00
-1.523674042848900623e+00 1.254669133462615882e+01
-2.328195055319443263e+00 1.742447868866345173e+00
1.054137894109511286e+01 6.437880496845436618e+00
-1.534137123109032164e+00 -1.416688919940183311e+00
1.598357711787738999e+00 1.407592031943517563e+00
2.126502799018209711e+00 -2.458590693037239649e+00
-2.381991464260630575e+00 7.807009664785362624e+00
8.975576993109187995e+00 -9.852079617397182076e+00
-2.615593531316836806e+00 -1.040505585704455527e+01
-9.487706483172310357e+00 3.655262558248096205e+00
9.565194670222576079e+00 -1.596751349095590466e+00
7.324272117718786390e+00 -1.717237433852554229e+00
1.796071309459452703e+00 -2.702547773712388857e+00
-2.192666747951771633e+00 7.294320901531098578e+00
-5.476061427527870507e+00 -4.586273960085158197e-01
6.720562783268988483e+00 -5.121044663157859667e+00
-1.416291938690128305e+01 -1.168171524031176300e+00
1.263208511919212462e+01 2.493336480629830820e+00
4.279931489133221412e+00 9.866235364100478522e-01
2.296239753294944119e+00 3.090321242516239408e+00
7.331297111258213484e+00 4.901470133828339515e-01
6.719977717923750760e+00 9.611845727956884744e+00
1.639824142558267694e-01 2.609675821953274522e+00
5.198801168586792087e+00 -2.541480312720900692e+00
2.208509782916677988e+00 -1.082218430138920517e+01
-3.344835758596565789e+00 7.534599348230775817e+00
1.425569548700860389e+00 -1.323744417457302980e+01
6.553162835720094392e+00 3.026089269260482162e+00
-5.152730563231431304e-01 6.769737901173138006e+00
5.524994398030440124e+00 2.037339360815657141e+00
-1.775246759546527109e+00 5.100928569217408892e+00
-2.537876139130409214e+00 6.073077978827324586e+00
-9.660392012494368075e+00 -2.985994415613133501e+00
-7.893731999447971326e+00 -8.236768227999129444e-01
-1.009588645949066388e+00 1.405374152805626764e+01
8.614689868376203208e+00 4.524609462133614812e+00
-2.578423462031362856e+00 1.491634913295594167e+01
-1.805063994686322726e+00 7.816614289950604366e+00
3.086131261718886520e+00 -8.642012095166476726e+00
9.334837002786555260e+00 7.746936021747893086e+00
-1.115337350776477443e+01 -5.144898798460766365e+00
-5.316463434528399645e+00 4.385600252306864455e+00
1.436930007990537606e+00 6.498967320492700317e+00
-2.648658495599293339e+00 -3.566299371651502348e+00
-4.867793131256451744e+00 -5.043400539158630735e+00
2.298458711376140773e+00 -8.157905573179350611e+00
7.143829706343347574e+00 2.452566840229861711e+00
8.696547110715428630e+00 1.107641308497356114e+01
1.236464820600458303e+01 -2.631936778656911446e+00
-3.509340473795393489e+00 8.487161668057642272e-01
-4.602468404655693845e+00 -1.207809391368455465e+01
-2.223983557169109559e+00 3.784397358050814564e+00
8.009584553032118137e+00 2.166708537988057071e+00
-5.942861682560645953e+00 -3.276109592802206816e+00
-2.215624635446184598e+00 9.302098338915196774e-01
-3.005957061500008631e+00 9.951180353276091850e+00
1.237344948488124041e+00 -1.304997504476279246e+01
1.211460133411688211e+01 1.093702417528719728e+01
3.497081332485714178e+00 -1.351992247387359924e+01
-1.532871840816242281e+00 -3.055471948079816258e+00
-4.547686876618277196e+00 -5.467678664636054897e+00
9.313418053371520955e+00 -6.031346500048535120e+00
7.647688493010983635e+00 3.137207233636684744e+00
-7.827201894199222743e+00 4.979935296835920511e+00
7.163097139857923068e+00 5.485114697066916456e+00
-7.459428111538117356e+00 -1.093828377915925287e+01
-1.691452457672276699e+00 3.586942400086483129e+00
4.234751002556278898e+00 -2.851688419792875795e+00
-8.265746455644755741e+00 -8.079740121671440178e+00
2.834724348688309803e+00 3.546594727019118931e+00
5.495320042745807321e+00 2.597488276767637494e+00
-4.189756791930355995e+00 -4.765381712586425067e+00
-9.408269541566939509e+00 2.900844931962246243e+00
6.433955932809421796e+00 -1.377348408110874267e+01
-2.232442141193047735e+00 -2.647820436859557702e+00
6.812585146186316720e+00 1.060262651980783843e+01
-1.139642064423152412e+00 3.832707208052333669e+00
-2.057407439329197896e+00 9.796827452031978467e+00
-6.360671862203287397e+00 2.281401016730286169e-01
-8.030215548779992218e+00 -1.128386533376747103e+01
6.130728401866263333e+00 4.986864143674575978e+00
3.972374399890857166e+00 -7.629452337186796163e-01
-2.123877053437518203e+00 2.889929114883306838e+00
1.996232088858202136e+00 2.942483640025637559e+00
2.942111755055602185e+00 3.274880523102675856e+00
-3.164571827099643464e+00 9.579643702032219821e+00
2.761114009735481378e+00 9.188799372056491777e+00
-5.354742934094298690e-01 -1.424849531858484220e+01
3.868188746354170426e+00 5.222530165339755115e+00
-3.960485556963124321e+00 -1.037797670555824503e+01
-5.499990893099275802e+00 -5.698559885461408347e-01
3.439797243918274461e+00 -2.868227587373405552e+00
9.965634411381508073e+00 -5.841775889243565167e+00
6.011954591805030113e+00 -1.290503531693706840e+01
2.012293043919307078e-01 -1.292203392592031186e+01
-7.623487098942300477e+00 -9.400153446286811487e+00
-1.700537103192328647e+00 2.334761820187651438e+00
4.958489322875084149e+00 1.088976806904655703e+01
1.658543294652035316e+00 1.397920829670720455e-01
8.788894128847719589e-01 -2.718434266081117379e+00
-6.196103168613962708e+00 -2.992863904066773717e+00
-5.006715449686392816e+00 -2.965441512161427706e+00
-1.811890039667214958e-01 8.846749328680839852e+00
8.632566633984027904e-01 1.605356514116105915e+00
-7.581176027902766457e+00 -6.202353501218648368e+00
-3.467627142044932831e-01 9.047863000101580511e+00
5.341970163316507314e-01 3.282864873520924043e+00
-6.949500745887302600e+00 -3.321419898281421812e+00
1.316575815575603770e+00 -6.535217482431654901e+00
3.640156691617422169e-01 -1.174110341720439088e+01
9.062128380151863283e+00 -1.181513799905359008e+01
6.426731839539914226e+00 4.511014090327496895e+00
2.820593328640793818e+00 -6.116914747603314773e+00
-7.876715705164356152e+00 -6.909290982165229522e+00
3.442673475805511085e+00 -1.431884157888766396e+01
-1.902459383345976196e+00 8.640320569850924670e+00
5.647397052245872295e+00 2.180312070564566884e+00
5.055252277630725821e+00 -1.137861921859054704e+01
-7.446307619794425570e+00 -1.046268415615344338e+01
2.168560571751647625e+00 -1.132969314202976818e+01
5.274884627445945107e+00 -1.370579389841106810e+01
1.197429135783010778e+01 -8.615066353789717635e-01
8.956400267019629879e+00 -8.034215716232120386e+00
-2.772467750499695072e+00 1.262319906724148622e+00
3.841667777807759254e+00 1.284746928969580715e+01
7.095084612940124380e+00 -4.859704035926228016e+00
-2.580086461599443215e+00 6.526900559686975356e+00
1.210612360138742183e+01 1.201227015708844803e+01
-7.783911823892778692e+00 -4.868549741957491683e+00
6.271198019232400167e-01 1.352283166215848098e+01
-6.411742394518975097e+00 1.182818841352299311e+00
5.193031961280034636e+00 1.228906437026379272e+01
9.590372274276960596e+00 7.747655549314533818e-01
-3.894916480722936836e+00 -8.654883423854269342e-01
4.965945465557445537e+00 -6.877011737171984329e+00
-3.467741908660825878e+00 3.011077559276971183e+00
-3.132077123822527120e+00 2.898700317891336198e+00
-3.856564270066757505e+00 5.091402534119005452e+00
7.955681148335207453e+00 -1.019653880580229099e+01
-3.264997889203765880e+00 4.067102873059370793e+00
9.742920108990849926e+00 -7.213084226773566421e+00
3.010330984185424441e+00 1.076346320420428881e+01
1.023795148782667574e+01 -9.691402768013050562e+00
-1.118635245055484839e+00 -9.023484867027087297e-01
2.101655348228762765e+00 -1.227007687134295999e+01
5.570550214060414618e+00 -6.365910413187916284e+00
1.068569308338566870e+01 -7.418445969680445451e+00
-1.011111420308264286e+00 -1.589315042290389224e+00
9.813651751137113521e+00 -5.340095576419719769e+00
-1.693131145740473409e+00 -2.647061218559064066e+00
9.844677596237028094e-02 -2.917278605072097242e-01
2.896464729664305793e+00 1.835996799264480561e+00
-9.153707135890879698e+00 3.992643237126511924e+00
6.501525110388906015e-01 8.025526497395404135e+00
-5.891180946451369138e+00 -1.010956010914832248e+01
2.302318754755819027e-02 -1.333353016182854844e+01
5.611649267356061621e+00 -4.992020659235596902e+00
1.212970651276994616e+01 1.314524517154633809e+00
2.062777520500965078e+00 -1.376197216727823225e+01
1.069699080389795998e-01 5.061288762116814333e+00
1.135735896655636701e+01 1.057428693209431536e+01
-8.710390344962299025e+00 5.519559789401984773e+00
9.843524433830252107e+00 -1.177399671740242759e+01
7.888744741899563762e-01 -5.319221384997414148e+00
8.117063932542542659e+00 -1.178093017791196750e+01
6.008854104307606026e-01 -2.147137575022316502e-01
1.786906775760284949e-01 9.418601255430969488e+00
7.093015383610174140e+00 -4.267526796901072395e+00
3.080406309344116078e+00 2.371533504314597973e+00
7.768676938377823582e+00 1.744511596468119485e+00
2.594350352303447682e+00 8.720356229857717523e+00
1.487641442508922829e+00 4.484820737936094481e+00
4.042453032712487015e+00 -3.146153882380911870e+00
-2.171914547969470366e+00 1.001145895642611583e+00
-3.245540381476918479e-01 1.133676712818448173e+01
-4.440450215391175348e+00 -2.407899698568625735e-01
8.832274670903846214e+00 -1.019852714020855089e+01
-9.006133352526974889e-01 -3.504594621717594727e+00
8.355578805985637292e-01 -1.532767567950762988e+01
2.818991596548318324e+00 -1.301159339683684202e+01
1.013537372628895561e+01 -6.613436766854891014e-01
-1.978454167298538402e-01 3.354990922049894131e+00
-1.201643171465081927e+00 4.476283459550198351e+00
-9.281312240765233312e+00 -9.061102905441112965e-01
-1.177884757489509049e+00 2.807517531938026778e+00
5.183849098610937567e+00 2.383024341132769397e+00
2.734316190731882479e+00 3.882300940822475122e-01
1.238522006260134489e+01 9.265401367199855187e+00
5.520166926414782793e+00 3.787865622697195622e+00
1.287545433381472293e+01 2.227939038392189985e+00
3.024466075631335182e-01 -1.453071915682773607e+00
1.522747298562922147e+01 9.323688852434647956e+00
-1.861100482271265566e+00 -1.401772900989956883e+00
6.031461517335327649e+00 5.613123435540915196e+00
2.061473597022009940e+00 -6.184862278946376080e+00
8.606976793738734699e+00 1.586056287620653205e+00
-3.063804694182548527e+00 7.394696233041661237e+00
-3.057088102656035478e+00 1.304200451461085430e+00
-9.675472970624579561e-02 7.011627870503662763e-01
-8.646454661818873788e+00 -1.085352378216378755e+00
-9.136541445322983179e+00 -1.298501298227604295e+00
7.902135991240772483e+00 -9.098942738529869345e+00
2.148311385266895801e+00 5.028273996240854693e+00
-3.077786113511222776e+00 -1.199547538292602233e+01
2.338934293428084565e+00 9.952214729358471956e+00
-1.110114869640614366e+01 -1.825547115741156246e+00
4.840139841307157020e+00 -9.145648806268475539e+00
6.225806132298814966e+00 5.470168316055458391e+00
-2.235486706191167627e+00 -5.817509373881656565e+00
2.602578164378521741e+00 -1.796553126144414536e+00
7.573555826873520580e+00 2.986990834494677394e+00
-1.587419347290908389e+00 1.111334268944880321e+01
1.230956133216496440e+01 9.996055879593244597e+00
1.563030444230797045e+01 -3.177221053246189197e-01
2.897554758516432738e+00 -5.224650694305212006e+00
-8.024529813189086980e+00 -7.911598618308957498e+00
-1.010936042885012398e+01 4.312595441068358681e-01
5.562491480636981400e+00 -5.761398574419601459e+00
-2.076946630414314154e-01 9.786797353401658128e+00
6.363042063861084507e+00 4.976974632706362200e+00
1.562183350375514301e+01 -7.912875423173632017e-01
-3.148769579646772954e+00 -9.108869082907888881e+00
4.929182609586561625e+00 1.022527009664825215e+01
4.659160777495847117e-01 1.522466391711406963e+01
3.492718486996326366e+00 -1.082462743329498167e+01
4.114927321600372778e+00 1.134981471218689997e+01
9.437401017861224872e+00 -5.731242441520016051e+00
-2.409523695723077452e+00 -1.259425624368287089e+01
5.330046139695144625e+00 -4.301434078889178281e+00
4.785228769842333030e+00 -9.167347548734915419e-01
1.056392955148059976e+01 1.194225231782969665e+01
-2.609205324023031736e+00 -2.824009457173910942e+00
8.790961016574813769e+00 4.550885337298693045e+00
-4.344404723553700443e+00 5.969882306410613459e+00
-2.432757402647688139e+00 -4.651498499482878302e+00
3.241135754369941946e+00 -6.929796559464829198e-01
4.434305575825320922e+00 4.365262986176899673e+00
1.160207708288182538e+01 7.626937984474041698e+00
1.411716004327315055e+01 -2.315777729048069222e+00
-2.520824834240471546e-01 -1.282230445619658710e+01
2.303210203114349763e+00 1.155051938922591059e+00
3.631437878924577145e+00 9.912774541774206583e+00
2.057723989358690275e+00 -1.456538833058854543e+01
1.811851087372222946e-01 -5.145187660369093585e+00
-2.629873599860832467e+00 -7.711427740622296412e+00
1.519377121833937494e+01 8.218265085910013923e+00
-7.480801131230419010e-01 2.183744742570304265e+00
-3.224872592775619218e+00 -1.166192651704152894e+01
-8.325688092975042309e+00 5.158529687138259767e+00
-6.594152713444616509e+00 -8.580926356023195201e-01
-5.651252648198507700e+00 5.111554010027107076e+00
-3.494050765155546134e+00 8.776734461262293507e+00
1.285248460318430475e+01 1.006227714054255173e+01
-5.724974617192966519e+00 3.743400079651931556e+00
-7.246949990970795952e+00 -1.208650103409081566e+01
1.605526141041397487e-02 -4.972867635821722310e+00
4.475954379864054977e-01 -6.877369304664290084e+00
2.584047991478128026e+00 4.260189358930059456e+00
7.362333883128108880e+00 1.298149297489986331e+01
8.680690778554438936e+00 -6.221009771636673236e+00
1.489144764392859033e+00 1.394641937581654290e+01
8.436107911211347954e+00 1.292147805303948438e+01
-6.906180759820829129e-01 1.108643664778503357e+01
-2.552712987282558021e+00 4.409513975791033324e+00
4.902427898179281485e+00 5.637510660212578628e+00
3.732472137426420034e+00 -1.000827008332337087e+01
2.141809427074670591e+00 -1.146820213354769358e+01
7.741757506538747613e+00 8.508102255467907327e+00
2.222002835375894492e+00 2.534111726928585551e+00
-3.153078570645524437e+00 -9.747186898379483821e+00
4.970970720389127351e+00 -1.072573698233273554e+01
6.503161601584467100e+00 -3.977697479544761716e+00
6.008901750558747423e+00 -3.336670790820551957e+00
2.187607197335551756e+00 -4.946984692333277200e-01
1.087243546099228375e+01 -1.370610275404322564e+00
-2.030382371914615902e+00 1.855733836958505689e+00
-3.859843354493167400e+00 -1.210974333141733084e+01
-7.841816058888606555e+00 -1.092650258947444541e+01
7.644060297105252033e+00 7.540111868978771170e+00
8.038533374505766105e+00 -5.561395292558426462e+00
7.102151999097715773e+00 1.151012322316680070e+01
-4.575427186803402435e+00 -3.039260456651745823e+00
1.023945582765614093e-01 1.320321970590838667e+01
-3.293347878750494950e-01 -4.499184234182105335e-01
-1.210031253433633491e+00 -1.785965331218255792e-01
3.309145794226371895e-01 -1.228339620493341400e+01
-1.473272360339968934e+01 -1.741787722268492322e+00
5.728327534433534929e+00 5.676602577841841857e+00
-5.349524105250061723e+00 1.206115701984679323e+00
-1.334341915922439226e+00 -1.772299669724786364e+00
-3.284420351594599996e+00 -1.043192330837206860e+00
7.013164062152695166e+00 -1.674556590670611245e+00
-7.543039073003571460e+00 -8.001732094779949733e+00
-3.563020706058278364e+00 -1.363278475634074738e+01
1.244176287164426142e+01 3.517939147821190105e+00
5.944628517392901657e+00 -2.798855608929679661e+00
4.215158973812311416e+00 2.234216777139280907e+00
-1.116539984417553200e+00 1.696466938972587490e+00
-3.069051009909678829e+00 3.952565545557753968e+00
-7.717322178946367517e-01 -4.087482871976168219e+00
5.178525257724513331e-01 1.304686152238672570e+00
-2.381296199576791395e+00 4.830292408628473311e+00
1.258551181065421254e+01 7.189168158078812709e+00
-2.389070297013833888e-01 1.566772150642015049e+01
6.270631639428675186e+00 5.860433236170410787e+00
-1.349007319621733636e+01 -2.520149616853852415e+00
4.379012823080872252e+00 3.776114680728857920e+00
-4.208228889452429122e+00 7.627091877912592466e+00
4.708510802816621599e+00 -1.142549846387264445e+01
1.545238845130284089e+00 -1.462889573755463912e+00
1.346091177955765517e+01 -1.837123896962151726e+00
-1.172504114467459946e+00 2.385188000209133463e+00
-7.844414577289768875e-01 8.379312543621585618e+00
-3.814764681599824403e+00 -5.188502120127307826e+00
5.848005655990573537e+00 6.874010232745908944e+00
-3.441316990134746678e+00 3.219896646227600190e+00
-5.237331151686851705e+00 -4.487669257421386781e+00
-4.655441091687557709e-01 -1.271252311333789109e+01
9.822887876058338463e+00 -4.580136121518865622e+00
2.079284303893212726e+00 1.379575729397700634e+01
-2.582925476519643215e+00 4.875321088382245982e+00
1.184688932440422349e+01 1.235244193753815800e+01
-8.497321124393996783e+00 2.534089865700322353e+00
-2.533042451657864014e+00 3.336951699518154069e+00
3.276344899357898743e+00 -4.885803940601197048e+00
1.031949331943107850e+01 -6.328778718731856934e+00
-5.620288072612634522e+00 -3.198385106251590226e+00
1.563515473184870164e+00 5.053057150740055903e+00
1.732987307690177836e+00 1.797841622014292540e+00
-2.322659862913623030e+00 6.655916076638732193e+00
-9.392466085285938959e+00 -3.770033018946605363e+00
9.112890386427551448e+00 5.216080977150437725e+00
-5.788351762900118658e+00 -5.105595677008984978e+00
-5.334089533170222275e+00 -2.994848867207307475e+00
5.219407914668819259e+00 9.853251351128836433e+00
2.144822105280701496e+00 -4.206701485602598822e+00
9.425334544644009327e+00 -8.410150893562871488e+00
-1.909622723122176513e+00 -2.566169078898130174e+00
-1.469505327332340405e+00 1.566602744570676364e+01
2.037954227853704392e+00 -2.673552849418526778e-01
1.393886104203168497e+00 -1.790630166320938133e-01
-3.868530500248917203e+00 1.224360994323797414e+00
1.765670292885888726e+00 1.066681610443741768e+01
-7.906893149015728817e+00 -2.357303970983127550e-01
-3.202007147418871380e+00 3.199909773772237731e+00
3.387179634576564347e+00 5.193402938767743393e+00
-1.298606474405588784e+01 -3.029955080028994718e+00
-1.109687810797045415e+01 -2.042944359252320652e+00
3.287280729003875468e+00 -8.144903148003630022e+00
3.233063274472830262e+00 -1.561337291252383075e+00
7.400434699874835154e+00 2.119496043185290723e+00
-3.241607416258465602e+00 9.080623781353867940e+00
2.756748813349556126e+00 1.181296051914256040e+01
3.579527577156578655e+00 3.172229206442550353e+00
6.292492326190292751e+00 -9.345718351989568129e-01
6.568145516543155704e-01 -6.429361888448039686e-01
-7.804515627735430172e+00 -7.595114869872240604e+00
1.229430480826242444e+01 9.105616658103317107e+00
2.855688897942186277e-01 -1.455123248074418996e+01
-2.147106597438775966e-01 5.457981401240424191e+00
-3.680529817462866227e+00 -2.172434229663206651e+00
2.255860747571539981e+00 4.964457093185656866e+00
-4.014425754408149416e+00 3.369613870606948947e+00
-4.573000343819443536e+00 -1.059047652100368175e+01
-7.408317260838188645e+00 -1.118860067034705530e+01
-1.504904758086588856e+01 -3.451656484338808895e+00
-5.307392740087255589e+00 -1.025551919380960086e+01
1.694369752600237478e+00 4.179334628868790702e+00
-4.039491425670723501e+00 -8.565936432385112820e-01
3.116860579540458698e+00 7.218564552998749662e+00
-3.692611145668628581e+00 -1.147298715801676039e+01
1.448541381827619379e+00 2.767859479453489424e+00
1.593470722193252698e+00 -1.696365319655324555e+00
-1.892376588281880379e+00 1.129623412489741874e+01
9.746041596574656296e+00 5.592339193471208780e+00
-2.341787207322182152e+00 2.359847833795479133e+00
1.065836322663478830e+00 -1.749865147522454034e+00
-6.230376345905515034e-01 3.446765614640921349e+00
7.154672586587500938e+00 -2.251022764042665880e+00
7.845876415661074077e+00 9.516521059769150748e-01
-6.063113674532517372e+00 -3.474136031598325403e+00
7.760739726386757908e+00 -4.254041341897977446e+00
1.016611874484777855e+00 2.658800178141896620e+00
1.930266083138677535e+00 -6.914412705381137725e-01
-1.760212802308518398e+00 -2.177383437138047662e-01
1.159051767927314458e+01 7.997696573076340520e+00
5.521094418685406069e+00 3.623467800363564084e+00
-6.040936844065118549e+00 -2.219462199082219644e+00
-2.309823069620556613e+00 -1.292180057847869001e+01
-3.210847508285379792e+00 1.716473915755528212e+00
-3.577844922091999891e+00 4.204745316811883349e+00
6.695443927683288443e+00 3.833535809294402519e+00
-6.424979791520889272e+00 -1.111897725350766919e+01
-4.368507833450725464e+00 5.003468145726178706e-01
3.913911615228430119e+00 -8.168241621349155324e+00
5.094022297855728354e+00 7.882356679784508380e+00
-1.565736229378789091e+00 -1.060793120647542231e+01
4.553452030345691348e+00 1.471665520239183067e+01
1.794419504348117034e+00 5.190961285180477169e+00
8.562187426645280652e+00 4.213369702739409028e+00
-5.615285717646549379e+00 6.626824861342616835e+00
-1.406755315125205241e+00 8.154921808262336924e+00
1.239774952599411328e+01 3.292926223698278143e+00
-1.597008336225527847e+00 -5.252430010356119006e+00
1.209651933204187380e+01 -2.751630118927476332e+00
-6.563454864885676088e+00 -5.380021608127123045e+00
6.671456758030837264e+00 -6.338509721302474809e+00
-3.031953157374358110e+00 2.730850628457184293e+00
1.462179701905349738e+01 -1.269334363960583634e+00
-7.128887343777225993e-01 -3.980471718654368996e+00
-4.116345539347222804e+00 -9.763021465035825130e+00
-2.364821434304416492e+00 4.606437065901707761e+00
4.183756350873548135e-01 7.343138616803564389e+00
9.595280415967853971e-01 4.864077974283262940e+00
1.119629525587878049e+01 6.819413270577149078e+00
-2.099084873175518506e+00 -3.701094273423087611e+00
-4.149827805887918331e+00 -6.079935638461337888e+00
-2.230413763795267901e+00 1.023604528900783706e+01
2.696008617406872698e+00 -6.242461405530210783e-01
6.698314592686121394e+00 -9.380060861489694091e+00
2.209325062539325479e+00 -7.697576132652939052e+00
1.208158278561554333e+00 -5.595160872968522270e+00
1.135705583930119777e+00 -2.249846344250991503e+00
2.765392222941613021e+00 5.300132968025796920e+00
3.815715287691379132e-01 1.066834287508950707e+00
4.136669576806220938e+00 1.020732887922925158e+00
2.162132391496277783e+00 -1.256644020363108361e+01
1.069911753730579029e+01 3.946809087837894747e+00
8.354313444296623814e+00 9.252627574921870490e+00
9.435203092404258474e-01 1.455459558610848880e+01
-3.734673128576870144e-02 4.622390649555025099e+00
-5.663815335049005029e+00 5.903800233756885341e+00
-8.368978364838111972e+00 -5.847287276489764984e+00
7.167401760179236803e+00 1.753355795379176296e+00
-7.964867048116859582e-02 5.709717767164275593e+00
-5.623473533818281744e+00 3.153316266742575369e+00
1.235370911010330630e+01 1.547947402138374562e+00
3.235917325390389898e+00 -2.614262617037826253e+00
9.301798796940081715e+00 5.044477785698325611e+00
-4.865565232164024978e-02 -1.288211038406634756e+01
2.034879676638662094e+00 1.502393984918637182e+00
5.789807274102114931e+00 -4.734786699650719299e+00
-1.249264926498768524e+01 -8.412190601768617659e-01
9.065698165983345547e+00 -3.245772624331526579e+00
1.983488925971502281e+00 -1.104155157288495559e+00
4.071895273517422420e-01 6.262736842434692086e+00
4.526944639979070928e+00 9.418490129861531557e+00
5.533215745139382413e+00 5.030936348559009730e+00
6.555367656542675725e+00 1.077760728021778824e+01
-9.289851776081601287e+00 -3.037167357008103252e+00
9.707213385777341941e+00 -3.084196565156944736e+00
-3.937105899226145844e+00 7.202539320350150653e+00
-2.921782086676665724e+00 5.022162211543053090e+00
2.073771143307404419e+00 1.431471764555263038e+00
6.957170165967970554e+00 1.184970149011315144e+01
-5.361828843273719336e-01 7.119847546034768548e+00
4.005447066209935514e+00 6.220637179680411855e+00
-1.958856626204270812e+00 -1.282217642991541062e+00
8.631914054893639943e+00 3.303873324853688676e+00
2.529824423213860585e-01 -6.982692586800997248e+00
1.392397613217139529e+01 9.828442247644197494e+00
1.190063098353277482e+01 7.320669983439157313e+00
-1.276176048013405673e+00 -1.460229812437609098e+01
1.052202451582655796e+00 -1.008582441681973307e+00
-5.705269040752122267e-01 -1.828303401511336190e+00
-7.365178310592972455e-01 -1.136691968447860468e+00
-1.891433791466023084e+00 8.744607021537639469e+00
7.347905916880558941e+00 1.150435213321101102e+01
-2.103214824102315639e+00 1.298494852032077063e+01
-5.271613973851661861e+00 -1.276625025383700418e+01
1.078947160058299026e+01 -8.193515275514892338e+00
4.988062573149748324e+00 -2.810815302083338185e+00
-2.511654134415993944e+00 3.569191210013523019e+00
3.531931213875301179e-01 -2.799212208010301239e+00
5.035219156873998791e+00 1.186397311734351234e+01
-1.232522906607235624e+00 1.243518238177005486e+01
-2.015868904251907623e-01 2.564928563192848454e+00
5.827065729789220327e+00 -1.864175664955178613e+00
7.008083686399217527e+00 7.099983298755495609e-01
4.499527012370348800e+00 -2.881123886522775290e+00
2.113803040753352125e+00 7.784399742812935230e+00
8.343546064019545794e-01 9.716659431821534909e+00
9.459371157257423945e+00 -1.577682512290661254e-01
-2.208920765668505481e+00 -5.901658263492688405e-01
3.253179626833585747e+00 -2.479817308467466841e+00
3.836939889985414354e+00 -3.601621115126723449e+00
-2.826736127133245291e-01 -2.911064051812916720e+00
-5.687891221428830413e+00 -1.172874449213131776e+01
7.834359017448883078e-02 -1.210000727906471063e+01
-5.542537514816210376e+00 -1.894912735494656553e-01
5.851370052640288755e+00 1.770227631778589439e+00
8.212328803991860937e+00 -1.225911961519828353e+01
-3.455750168220112606e+00 -1.218090160736226935e+01
6.728622829674583805e+00 -2.929460135969532253e+00
-4.951979537231322448e-01 1.669833476844508613e-01
-4.776798493794582434e+00 8.837155469400979069e-01
-1.962012804321425330e+00 1.169418538133547708e-01
2.219518681907051594e+00 3.304086414604729960e+00
6.421010321012461830e+00 -7.775403854767350964e+00
6.751105486765109909e+00 -8.304531371341131063e+00
5.755599174495389825e+00 5.301490255982599820e+00
-1.343172776813615688e+00 3.382489846017547652e+00
4.326113585023464658e+00 -9.364926718066431732e+00
1.723518777792186984e+00 -2.265305993340068547e+00
1.077857606204280572e+01 -3.854007009168911591e+00
4.013366381993537235e-01 6.677455975709462699e+00
5.059367194630184805e+00 4.247816136360598627e+00
-4.052500178985365409e+00 1.019781272905998115e+01
-1.509319639122680989e+01 -2.081267422304088122e+00
5.588699494826485648e-01 -6.454652614525387300e+00
1.526432317832716379e+00 -1.235894630747920608e+01
-2.957275789832240598e+00 5.429702885381445521e-01
-1.716105821294158784e-01 7.434732119354824142e+00
5.653475680507386025e-01 -5.948556605713569923e+00
-2.020369848056422502e+00 1.484877327235556654e+00
3.325052340290792774e+00 -2.919448008759965241e+00
-5.041205144267681959e+00 4.215700680480961360e+00
2.707412194845683295e+00 1.074519200340999703e+01
-3.881610336020365759e-01 5.055632497954860582e+00
1.733256719590876127e+00 1.268904320195618673e+01
3.266845200904541446e+00 -1.177864838027349670e+01
1.066693672585987684e+01 -3.563570678576754691e+00
7.961940860294765443e+00 3.386595491335200325e+00
6.611208819139629433e+00 -8.847804930454575612e+00
5.197001815897497323e+00 -6.568672132249077755e+00
-6.054654315000947307e+00 -1.113004668776986783e+01
-5.204962353522551988e-01 -4.205213242072745494e+00
5.577580406024748250e+00 3.079892836144530133e+00
-4.499380600141260622e+00 4.342511077908061345e+00
1.049249267959949350e+01 -7.916509664950239333e+00
-7.099698035503159588e+00 -7.014224676304571249e-01
-3.484088374373325525e+00 -9.436669951771764486e-01
-8.863909221885284850e+00 -5.278499133675611965e+00
1.860553335097468564e+00 1.514880325785558135e+01
-4.649019177647192080e+00 7.353400088560623216e-01
-6.079284131601572216e-01 1.912988181928334086e+00
-2.157696526133729531e+00 1.948707428076678738e+00
-1.722664535547577591e+00 3.221001103623660988e+00
3.872652425979276725e+00 1.729191835629919183e+00
1.048487744565675150e+01 -4.201008196872782818e+00
-6.267887463652576763e+00 -8.963616089118504604e+00
-4.825299373329801966e+00 5.459139241251955710e+00
6.774031915474674204e-01 7.605311844296029911e+00
-5.295525988907116011e-01 -1.002833899404392071e+01
1.639132977415116210e+00 -3.919218427579136854e+00
1.519246308109644339e+01 -1.918164317166362487e+00
6.661313283094522752e+00 4.010171471011525490e+00
2.736686678334799616e+00 -1.476425871710153714e+00
1.169741234643461247e+00 1.057058654253720809e+00
-1.790441704133086898e+00 3.098587013920256261e+00
-5.584768875437552182e+00 1.024100310063426500e+00
-7.366370878237153086e+00 1.708640351376867983e+00
1.455476539677290404e+01 -2.371912164691126534e+00
1.069540168430681426e+01 8.419475017156271335e+00
4.301450800317841328e+00 1.415753717083554264e+01
1.058371527539691925e+01 -2.012854209601358857e+00
1.030798702400355715e+01 1.306288513096539461e+01
2.129409573823094703e+00 3.633888439509297630e+00
4.644650619844702177e+00 -5.266405504850438568e+00
2.245761699390289856e-01 -4.464110735499698390e-01
6.672759681779514729e+00 -1.325981755120241878e+01
1.225962129340158607e-02 3.115205019595557623e+00
-1.936481411102824318e-02 -3.743158130598300826e+00
-2.485556771041186330e+00 4.724105230560654789e+00
7.323134068336872637e+00 1.084254346422080317e+01
1.242063213198215700e-02 7.788437918340044952e+00
1.007397342691978714e+01 9.768209594620659297e-01
-2.497536867583308506e+00 4.565388734429094431e-01
-4.005309674629461192e+00 -3.452244864932191071e+00
-1.024731554703531877e+01 -2.677185933874276280e+00
9.793824925853442664e+00 -5.716559913302646123e+00
4.294821647439986734e+00 6.848383386503908987e+00
8.592530861069555215e+00 -9.188295488397603350e+00
-9.693510909253971519e+00 -5.669962013917102972e+00
-2.971132096428706681e+00 3.948570842800806169e+00
7.592015454708588074e+00 7.776850965278017114e+00
9.138888707972294689e-01 3.021264662637963561e+00
4.919047730125026163e+00 -1.052999572028241043e-02
1.015937274347704505e-01 -1.116799449062650051e+00
9.277656823837517663e+00 7.451673284564278354e+00
8.670561821814366965e+00 1.938567191170893211e-01
6.160931327258054147e+00 -9.792833339337235543e+00
3.749936447387928862e+00 -1.307748175009959368e+01
-1.157749596052011221e+01 -4.309489528745324094e+00
-1.017993854751576066e+01 -5.848226203045251204e+00
4.477202631258063725e+00 -3.254753200170829697e+00
-1.071338996951586786e+01 -3.220742206891223702e+00
-8.356485164300904600e+00 2.943428224887087996e+00
-1.335805148082765736e+00 -1.500509216047039018e+01
1.815572031308257284e+00 -1.668220076560594345e+00
-5.121905385043529213e-01 3.577927940864612300e+00
2.530348433902780414e+00 -1.502858382138053006e+00
-1.682409272540486000e+00 -5.960158211429129160e+00
-5.136652517830621711e+00 -4.997207347692658175e+00
5.464876741670069649e+00 8.487014785895796720e+00
3.530344955247420202e+00 9.013376983093616346e+00
-1.749852389338275360e+00 -5.125093619885946694e+00
3.643358275277726932e+00 -2.508978141841937681e+00
-8.790230687654275954e+00 2.977568357026146639e+00
4.114252070285267848e+00 -2.888601938649370537e-01
2.969547673596761861e+00 6.613900778404522285e+00
6.455941500103424602e+00 -3.587765707668246762e+00
-1.666148480563954370e+00 -4.822381200334254991e+00
2.577085110675956248e+00 -2.031995859763230605e+00
3.496628649128199040e+00 4.006550534093413773e+00
1.799876222783635571e+00 4.322540013371479084e+00
3.227407025824189368e+00 -3.827345139517018158e+00
-1.452364860059613427e+01 -3.543059788560963153e+00
-1.846711312150409734e+00 9.926041560417875331e+00
3.212781558644878910e+00 4.369541535595894644e+00
-4.917030403480686651e-01 4.376515498099887047e+00
-2.762918561634972292e+00 -1.293442794258680628e+01
-5.877857200724201370e+00 1.292956604857514735e+00
-5.914494533417808952e-01 1.984569906256345440e-01
1.101764880176700245e+01 9.832677430449081157e+00
-1.064969187967862574e+01 -5.485531362639300745e+00
5.473056976354543579e+00 4.850582971065098725e+00
9.158280679990939532e+00 -1.196145720010354907e+01
6.431890189798667556e+00 5.526179236027404684e+00
-4.880957028449894430e+00 5.208326662188924594e+00
4.704363059101531519e+00 5.351446715760149075e+00
1.201465471476456592e+01 5.116672600202257115e+00
-2.278510033465702467e+00 1.235512394384617796e+00
9.677484587411500527e+00 9.844715446110910761e+00
-2.638190904867307118e+00 5.022678397854424048e+00
-7.465094003051033766e+00 4.904385515257151384e-01
-4.086926663824897332e+00 -1.050127662820839358e+00
-2.156869887149071463e+00 1.422761964057333550e+01
-1.104301047523999824e+00 4.267801418937131608e+00
-2.070306143216797068e+00 -6.819818534470594162e-01
1.875065546031797981e+00 3.380350704535610262e+00
5.203381025622557665e+00 -1.167487770844179762e+00
4.596825922085831628e+00 1.388304089998012536e+01
7.570430209937073052e+00 5.726369615992654261e+00
3.952200505601536573e+00 -4.876620315847903786e-01
1.120740371676961278e+00 4.383638336002936065e+00
1.199097100854792597e+00 1.528563059275504177e+00
1.837123125592891482e+00 1.391063252058915012e+01
1.166151880891371340e+00 -1.179110941125320444e+01
5.420462867114271610e+00 7.149165929722665069e+00
-6.590112538401624587e-01 1.668711470030034505e+01
-2.355442416215212109e+00 1.924929721181561693e+00
6.380527475792164616e+00 1.928906903142071583e+00
6.736093827239903575e+00 5.059040776496995129e+00
2.231967832629600856e+00 1.556835910695488501e+01
-3.294737310061568891e+00 -2.384600386391271698e+00
2.530629467028953528e+00 1.953230070810146657e+00
1.686077422933186742e+00 3.294847298953571535e+00
1.917316879844167987e+00 1.307569985835231741e+01
-3.715453647983246732e+00 -7.759605692506450492e-01
4.547981665509774452e+00 -4.635369432393111389e+00
5.240333157351710014e+00 -8.418342645732067808e+00
1.267728952671546594e+01 2.744465904016851088e+00
1.357899682496336302e+00 2.038380607154870905e+00
1.072143417220407358e+01 1.004379253429668717e+00
-5.293402753292726359e+00 6.669856331999048926e+00
-1.114562235334399798e-01 1.108860459283411970e+01
-4.825975384040043004e+00 -5.410218896162238167e+00
8.567994216725174361e-01 2.470749985948414995e-01
1.167516518049197494e+01 4.914989687526495565e+00
6.553372224879696617e-01 -1.206870533525091993e+01
-8.236534946533033974e+00 7.786894824414828387e-01
-4.981207302555481498e+00 -7.322282130571723613e+00
2.263927516140899598e+00 3.842354397792961063e+00
-2.101442815879398740e+00 1.072134779696793672e+01
4.548949932993933132e+00 4.386732802737488557e-01
-3.394279766363057504e+00 1.207427363752720639e+00
-1.922098310305696112e+00 3.784986231437521997e+00
-1.714086573081357701e+00 8.101561811315532324e+00
7.761650024641431500e+00 2.509142090515968704e+00
-6.060864841695123850e+00 -9.319860362404082110e+00
2.472878985008080566e+00 1.089726025931785180e+01
4.366535925365989890e+00 -1.030293796408533602e+01
9.314048022999601883e+00 -1.260577602490869609e+01
-1.029458847599472016e+01 3.306990598231636991e+00
-5.077381913296165727e+00 -3.584047364939511482e+00
-1.729991748878820235e-01 -2.822668929777095492e+00
-3.350275778082028033e+00 -2.081457135382080437e-01
-2.939544311746815630e+00 -3.700512855905047083e+00
6.242801208596542750e+00 5.038362779135990621e+00
-6.603659790931264872e+00 -8.950705691296091615e+00
4.838797825601394820e+00 2.072572969287164391e+00
6.052931347044475885e+00 4.200894294605867607e+00
-1.248567517519740599e+00 6.639584783089014230e+00
-3.938180584082191071e+00 -5.476980391699703965e+00
-3.178828814991088603e+00 3.450559692846819626e+00
-4.388905662592593515e+00 -7.998196235614225991e+00
4.213161237527515368e+00 -4.287552690714272252e+00
-2.833081462197549971e+00 -1.450937644543873972e+01
8.100792881488860786e+00 -1.504645126973104041e+00
2.839274782328425228e+00 1.671342477462498755e+00
-3.981801735898412575e-01 1.687231656154205339e+01
7.781936721632725984e+00 -6.571989106464096508e+00
-3.539286135849731618e+00 -1.919157187813490095e+00
-9.824067551731170411e+00 3.009060104276316761e+00
5.339587343624884852e+00 -2.643707211808663082e+00
-8.896717785652075605e+00 3.927613334330559258e+00
2.763051504061217578e+00 8.920336653088613232e+00
9.624149015551017428e+00 -9.577103347934155408e+00
-4.708131919393065523e+00 6.071823062922487857e+00
2.399754256221894977e+00 1.172534401318577751e-01
-4.620874434720326107e+00 2.207890005022685731e-01
-3.571536396116475220e+00 8.197767161846011064e+00
7.341731819881434973e+00 -1.953376468743485583e+00
-2.617686008045185364e+00 -2.178211562916614330e-01
-3.185636619720789486e+00 -1.399666507404764815e+01
1.774064519054477707e+00 -3.126360244454671200e+00
1.128349904226353217e+01 6.774836242213704285e-01
9.139703268107131073e-01 2.874149725485672935e+00
-3.192127719683199416e+00 3.671242279317278090e+00
3.897279275817070232e+00 9.088138202556017120e+00
2.765459818767618039e+00 -3.067009448354048207e+00
-4.005768142713100666e+00 -1.021408730139827803e+01
1.665399945567751505e-01 1.617505932570851712e+01
-2.969277461107928673e+00 -7.450251377970771749e+00
-7.016290978411002799e-01 -1.393000579010633722e+01
1.025259149759000010e+01 5.957482829273353708e+00
1.855938248569984683e+00 -1.125535156557694094e+01
-5.799166240230390734e+00 -8.890550040555602607e+00
2.092023378157221725e+00 -1.646466041221084753e+00
-6.683335162288509324e+00 -1.211482535793511595e+01
8.146414427042977024e+00 4.270653248327763052e+00
3.498032953341598250e-01 9.379508953183258058e+00
1.074445846065526133e+01 1.415261167079723048e+00
1.088526987218485331e+01 7.892461644234113338e-01
-4.209619387833558046e-01 1.012481325796041443e+00
1.465676646673370054e-01 -8.298472181934688496e-01
8.250627622720925203e+00 1.245993073889069258e+01
-4.517670043310610950e+00 3.434978413155051480e-02
-6.110410565758407131e+00 -1.868743668864031759e+00
4.081465066567201205e+00 1.091333033755996951e+01
1.192374581999617877e+00 3.699874340470878376e-01
-1.439531877570418672e+00 7.369927110047929553e+00
1.556953634387644669e+01 1.697257642198282679e-02
-7.545784298710166427e-01 4.127214640943286383e+00
-3.519987257633550470e+00 -2.974465999154093154e+00
-8.426441987895147534e+00 -6.296239965275776562e+00
1.420665069917969259e+00 -3.802101969326616704e-01
-1.175117449528729763e+00 1.270426471764069909e+01
-2.904074802649151632e+00 7.375446326029120314e-01
1.973067090848069194e+00 -5.826867451481256843e+00
-2.756403699355435832e-01 -1.169194217912062506e+01
-1.481139581139052641e+00 1.220840201700597660e+01
-5.586414567722067792e-01 -1.524424053006456781e+00
-3.563777381545249590e+00 1.250175554206753130e-02
5.613236671144332668e+00 -1.268775141572271004e+01
-5.039724818628740222e-01 5.485657170577337149e-01
-9.350193746449005916e-01 1.429847804648722764e+01
-1.835137372874916073e+00 6.229811016804331025e+00
5.415313585266358309e+00 -9.812512164962546635e+00
-1.122172427404412698e+00 -3.727554316659111855e+00
-1.104327832819932098e+01 -1.508940518413183884e+00
1.417769427977010110e+00 -1.779129742170103556e+00
-1.449223029039272603e+01 -7.218358576580601316e-01
-5.190386048001935038e+00 3.671417954704383035e+00
4.895095397370690549e+00 1.198101069380660810e+01
8.589491137677036647e+00 -1.149519633925013018e+01
-6.952788690019943374e+00 -4.420660976766409789e+00
5.120062319888018187e+00 -9.271468647079753600e-01
9.210014901482189487e+00 -5.674391748483119891e+00
2.031357677136339746e+00 2.508022980251181533e+00
9.313012881882611893e+00 4.175797975600725742e+00
5.495451362323371391e+00 -3.447671884565555595e-02
-2.670023950281285252e+00 -8.185353937887274611e+00
4.731298957091653601e-01 1.740387302936503844e-01
4.517546816193985793e-01 3.910071704575266427e+00
-1.772159081462961971e+00 9.213759135332864059e-01
-4.247772235514022832e+00 1.703455681031859348e-01
-3.042502001916867815e+00 1.046825826208367616e+01
1.088450610401036123e+01 -7.528925453534613510e+00
6.127722535882531574e-01 2.823121352096598091e+00
-1.335875324180286983e+00 7.597556905747979705e+00
3.461902701886465650e-01 1.447607976735048574e+01
-5.984111458728914812e+00 -1.376772268435429547e+00
1.313063605870233808e+01 9.721943369350640296e+00
7.339875875903305591e+00 -1.128524382486749822e+01
-1.344773621596200730e+00 -9.026116566498500193e-02
-1.229372368968031148e+00 4.428864066757767781e-01
-2.447228189348829464e+00 3.990365495345563840e+00
1.222926559995362261e+00 5.868289144051628270e+00
2.150181273485253008e+00 -5.726496589067845200e+00
8.956306718899687880e+00 8.017499174432771269e+00
-5.927322979659991331e-01 5.191728500821428227e+00
-7.888293852206684775e+00 -9.309881838082313621e+00
4.130892957668360843e+00 8.769789874446434652e+00
-2.207254185535553859e+00 5.223052305086918423e+00
4.550738482888198710e+00 -9.615000571444205946e+00
-3.785818994209537713e+00 3.807180811947758592e+00
-1.346218996919560595e+00 -1.246896723466243273e+01
5.292048208211443061e+00 1.523307881722025137e+01
-4.020934953624460961e-01 3.144202374241646059e+00
-4.337684076385420084e+00 3.203853189010471780e+00
-4.838035350513373856e-01 7.448737701048789184e+00
-2.270687324322647083e+00 -4.270642759868108485e+00
1.437963400643664791e+00 -2.940990485530200704e+00
1.134493177727613578e+01 -9.028000880731579247e-01
1.643893830531346634e+00 5.628300398126412141e+00
-2.891014009905511717e+00 -1.008088245679471839e+01
-7.632768782522227902e-01 5.672101301150830110e+00
-3.707539004661407400e+00 3.101683481927932196e+00
4.391782166710859414e+00 5.717811299211182252e+00
7.913664291307052068e+00 -4.883053285611039129e+00
-3.350791691700544028e+00 -1.294377926382302979e+00
-6.234209996801684639e+00 6.849698976943730422e+00
9.561621153794050088e+00 3.510040512091577636e+00
3.475883795125918940e+00 -9.625643786619502151e+00
-2.078967819438497955e+00 4.675409090252508726e+00
-5.271664745800763718e+00 -7.006469180404335972e+00
-1.325755365345970560e+01 -3.444111978433426757e-01
6.131523019068759517e+00 2.291073336209603184e+00
1.246665194674040800e+00 -6.896607428291156694e+00
7.440477290401850130e-01 1.426938618889344745e+01
2.115277588634175920e+00 -3.990339068233572206e+00
-1.870242815239492096e+00 -3.122638134970104673e+00
1.291394178474287813e+01 7.135535182844215285e+00
1.036141550978829606e+01 -6.711641501034376622e-01
1.084154784638182001e+01 6.508909186223187149e+00
-3.780062745677400748e+00 -4.651459392956987848e+00
-1.911706300828977190e+00 6.681295183086792377e+00
-9.328575586549861520e-02 3.333951350557862181e+00
3.513149267317952074e+00 2.991596735163799092e+00
-8.509796133546473129e+00 -1.800452799418467364e+00
1.844643875003942668e+00 6.046999573456188770e+00
5.395786967483518382e+00 3.334202935748496355e+00
3.254974828637653417e+00 9.456411087403381543e+00
-3.378323935173814796e+00 4.434369587780157218e+00
9.381374088458097615e-01 -3.825669660525455651e+00
-3.281204445048732321e+00 5.009416503270217369e+00
1.716414568966231069e-01 -5.846849686022138393e+00
5.834897274464690753e+00 -2.074368974233449237e+00
-1.371662390762341976e+00 9.100834739305028620e+00
-4.725951638617992501e+00 -7.658626783601667043e+00
2.896169660886994457e+00 -6.728176405732460008e-01
-3.569168042355363113e+00 1.133316686244347871e+01
5.835658908248722021e-01 2.748420752606231421e+00
-3.200973246683358475e+00 -9.341027359709953570e-01
8.767701644907436531e+00 -7.786954906696016643e+00
-7.889129873750650113e+00 -6.065047291492276393e+00
-1.823666752460377571e+00 1.425172733695836635e+00
2.688052522961828394e+00 5.486911001566144641e+00
-5.672613759387361565e-01 9.414208961792441821e-01
5.960497469689751249e+00 -3.947233664964819422e+00
-1.056023223898131747e+00 5.359009399868432055e+00
8.268613942749585277e+00 -5.437687672447160558e+00
6.193337113792300563e+00 -2.771694121950775691e-01
9.719077283805255263e+00 1.289528707461328949e+01
3.376757670537789302e+00 1.476112249634003781e+01
2.722081422518034532e+00 1.170509860042599826e+01
-5.497631268830383888e+00 3.263253760417161864e+00
5.215179720327339785e-01 6.084719588145011571e+00
7.125862329062691014e-01 -1.009089236029628633e+00
-2.906590708476795903e+00 -1.566426727086672743e+00
4.212565019589749049e+00 2.918752682499261564e+00
1.268567198017584197e+01 1.169443065860299669e+00
-3.518139279854370916e-01 -7.014426017718514927e+00
5.127940051804864119e+00 -1.161813942825900092e+01
2.422786707622091029e+00 -3.525136118412337094e+00
-6.629195514905632525e-01 9.749376557717983616e-01
-9.631089528862515792e+00 -3.650147593247172750e+00
5.474803746426654349e+00 -1.352899319969292691e+01
7.653112715943770628e-01 -4.483973393122578699e+00
1.089866620473333292e+01 -1.769612469654086029e+00
1.029000842127472026e+01 -1.890093073360547882e+00
4.510831844216744990e+00 -6.907561656109314718e+00
1.309923718924230585e+01 7.951986876581443653e+00
-4.056982195824521131e-02 3.904313386653119888e+00
8.100861445555908036e-01 3.366678934104302967e-01
9.978470487748047901e+00 -6.713913333632598679e+00
1.852514800254209559e+00 -1.058963876332376230e+01
2.868568011396572803e+00 2.028273799044985282e+00
2.489181091606251339e+00 1.256050966954034109e+01
4.585476010433652938e+00 -3.466391000647913945e+00
1.545688543058126641e+00 3.739455109392015864e+00
-5.478965785122477783e+00 6.312589194437725482e+00
4.063146456214512980e+00 -1.462524974766694896e+01
8.519621567464293221e+00 -1.204987706695044913e+01
-9.529785109751005123e+00 2.739144877277265966e+00
6.598336373255593301e-01 1.243554340156186377e+01
6.944293233967023804e-01 6.163760583885999900e+00
-1.291728305763260476e+00 3.942547198777929029e+00
-6.777215044955393175e+00 -6.956585164457943726e+00
-4.179593267082130303e+00 1.507454036653571139e+00
-9.025924950634992783e+00 5.319314874782280711e+00
-8.713295788440593714e-01 -1.528459452972781740e+01
1.245418980629587447e+00 1.290831124818685538e+01
2.918189813608878858e+00 -7.456830384786896637e+00
-5.003183406180813364e+00 3.055130319816755424e+00
-1.897410882701037194e+00 6.359478304004552385e+00
8.149059053971393851e+00 1.090064269191853263e+01
-2.017023954632647609e+00 -1.372496468132132463e+01
7.535425840759311988e+00 -5.005520103184171177e-01
-4.626825872312919863e+00 5.169065281081938856e+00
1.393688813989180542e+00 5.827342196134946306e+00
9.739806634451776191e+00 -7.952912683487679324e+00
2.616856564444476341e+00 9.490330405607885211e+00
3.128448314490622106e+00 5.811155476465867054e+00
-3.652979147452351416e+00 -2.904196646127372716e-01
1.016294821899643352e+01 5.739318448955154750e+00
-4.199307353212113902e+00 -8.706666400590654664e-01
1.111355473957522300e+01 5.990216538277660652e-01
4.789283747724371487e+00 -3.164137209708311360e+00
9.157181221066174714e+00 -6.925474716960065003e+00
2.090122265701425786e+00 1.440197773270840109e+01
6.714689449162518642e+00 7.606809340554837817e+00
7.321696503202940853e+00 -8.759880596076984105e+00
3.136502464835122517e+00 3.835949859122848249e+00
7.638738415842076357e+00 -3.034451967901433012e+00
7.636488088614068914e+00 -1.807197717126709069e+00
9.930136209141272374e+00 -1.238970523710991811e+00
4.126117162198211119e+00 1.347593372293654834e+00
2.633696258536936341e+00 -1.094042048180881022e+00
3.353717842612248812e-01 1.264572097080998958e+01
-9.780925681671211791e+00 -2.495638658355506578e+00
-1.488149204422140492e+00 3.335561063248342339e+00
1.417751245703125829e+00 -1.498190087995499731e+01
-1.518287599266061960e+01 -1.285271756178820501e+00
8.250099996877466424e+00 -6.927946813167449314e+00
-1.866453164133113685e+00 1.294691669731023076e+01
7.702984875813121413e+00 -1.221576742832537654e+01
5.881464303940171057e+00 -7.201429655341497593e+00
1.400998497697417466e+00 -1.060437409090491201e+01
-8.337187087041369793e+00 1.154787452917254820e+00
-3.027646106277776639e+00 7.081171865129296528e+00
1.243316030402198713e+01 -1.994480165749549894e+00
2.194191381597475399e+00 1.960705202556545235e+00
3.653705807728682586e+00 2.555547056788175730e+00
3.743442607427449165e+00 1.176594720480160561e+00
1.469277167890948643e+00 1.755797174582419462e+00
-2.637518282403342962e+00 -7.901404049912026384e-01
5.872876935459400372e+00 -1.282278698358537561e+01
1.806229276411515761e+00 4.161268440019051162e+00
5.841044360182170436e+00 1.276520208419524316e+01
4.390281793107026154e+00 2.514522110316000703e+00
-3.110704641163943851e+00 -1.130126080252538134e+00
2.279045753826435483e+00 6.874212952877776672e+00
2.601646825547463959e-01 2.751295106622616338e+00
3.783514305784757781e+00 2.787305438196385321e+00
1.471304952489942641e+00 -8.239708744482204139e+00
-9.216595531997135993e-01 -6.851127850076850656e+00
6.568965333020900133e+00 -4.434661056890308650e+00
-3.057038479339746484e+00 2.238570217862129841e+00
-7.860074216281274229e-01 4.210125915418503895e-01
-1.866430935057781015e+00 -1.199926105630772177e+01
-4.640677292902712026e+00 6.256801044260094535e+00
4.038845005542073707e+00 1.368809961520259222e+01
1.149466934742579305e+01 6.170480825084350585e+00
1.393498088984494454e-01 2.704153364856615838e+00
1.310233694224503864e+01 7.660540806871390274e+00
1.288186344301202446e+01 -2.785334638510588601e+00
9.103634168303290863e+00 1.395657516311964885e+00
8.295666255444906767e+00 1.945402005521791988e+00
-5.814321128731751998e+00 5.077775900543802123e+00
8.577042247989845603e-01 7.504838139805359631e+00
-6.644019431301866341e+00 4.300071063673523319e+00
4.248077884901825918e+00 -2.498545000659058601e+00
7.214143818273458741e+00 -4.093792866159921218e+00
7.748350717319873127e+00 -2.137383046244244689e+00
-9.449329482545765657e+00 -1.306248296250680507e+00
1.078942531598824850e+01 1.023176563591661292e+01
-3.658310349215023294e+00 -6.126240253635880428e+00
-2.548375858867844013e+00 1.518951303186510282e+00
3.282180410549003557e+00 -3.355927960273493937e+00
-9.111306482787497885e+00 -6.010069258101701450e+00
1.481245035040723224e+01 7.585633068025954273e+00
-2.838258291233574315e+00 -1.090999897400557117e+01
5.043682602422624228e+00 6.204980960759037822e-01
-1.976341507093009708e+00 5.835318808452077732e+00
6.694746707046416390e+00 1.038059430407325756e+01
6.326552992978637491e+00 4.082056743357735940e+00
3.364725335865866640e+00 -1.170802891861906003e+00
1.207233508347902351e+01 3.978758397746748887e+00
-7.935762216808444514e+00 1.667931724655851156e+00
-6.131560313802878248e+00 -1.155423481649343387e+01
-5.953160197202024939e+00 -1.787017017204844738e+00
5.232161442459035250e+00 -1.089292356188802202e+01
6.275244050120829087e+00 -2.451609847383703578e+00
4.614161609473028669e+00 -9.933945813366694466e+00
-4.613200794185270404e-01 -3.293039643944316808e+00
2.256173894014126269e+00 -8.409846914121368755e+00
1.376921797938823211e+01 -1.224063961499635367e+00
2.317623993452539555e+00 1.709269004552721460e+00
-7.705754695813169519e-01 7.016247109430920226e+00
-1.043195040638801530e+01 -8.385078031283399458e-01
6.603984139446205326e+00 -1.723907522653260083e+00
6.379621263120043295e+00 -2.818992149883429388e+00
-1.283127634188839794e+00 -7.136104261467218768e-01
9.021693639642041518e+00 -3.833447379509381747e+00
2.114304201532311911e+00 -2.906742987534623790e+00
3.141045591948794069e+00 -3.629467236471681790e+00
3.988558412255720054e+00 -6.956787154622259273e+00
-2.803780879349276667e+00 8.146344140288947600e+00
-3.921856969948013916e+00 -1.458282554785133733e+01
2.619148178788162973e+00 4.758788238388778069e+00
-8.346936499864924031e+00 -9.960347770777165266e+00
-8.376095171010645046e+00 6.038672469307125645e+00
4.984261860168715863e+00 2.223479320750203048e+00
1.182248463479138589e+00 -1.383802478470452257e+01
5.160872931638725625e+00 1.459953734961575433e+00
-7.525748967837849079e+00 1.722218524313485988e+00
1.217372890190011248e+01 7.313333183850042829e+00
-6.443350534741244751e+00 -8.421614721699100414e+00
3.482178471253043917e+00 4.861907137815935975e+00
1.311584433703298469e+00 -8.391325894635478733e+00
2.798911273448663195e+00 6.494118459531204479e+00
-2.248220934559077566e+00 1.492350802864692350e+00
7.433723648637611703e+00 -1.335030131021455446e+01
1.020977350877553036e+01 2.413361571357290902e+00
-1.069502847365209508e+00 1.016798341835865749e+01
5.789492040681230023e-01 7.252180066060817332e+00
6.361679023720856918e+00 -8.056396041778612016e+00
-2.596627661641550677e+00 5.187058785362494540e+00
3.432504783830523376e+00 5.017349854573723178e+00
3.162463922380654768e+00 4.697638378587495112e+00
1.287351480277214133e+00 -8.487492878593171364e-01
1.009296688019996147e+01 -8.297435957181068744e+00
1.100720949620675571e+00 3.166136109863566528e+00
-2.926403085464787335e+00 2.570277461397769692e+00
2.146598433429196984e+00 4.286920011974826750e+00
9.858176494029493142e+00 -4.444161669619508537e+00
4.771550319168188281e+00 -1.894948036999683172e+00
-1.518109416241068876e+00 1.689765531340811577e+01
-1.144090681610349947e+01 5.367156802988924946e-01
-2.828950312231622188e+00 1.899422603109221841e+00
3.596382854379210681e+00 6.872742130848314979e+00
-6.695852282543602874e-01 1.227627298594585525e+01
8.755139849475494174e+00 -4.779488069083800639e+00
6.446206161333936535e+00 1.208110935388918961e+01
1.160021893434216622e+01 1.149213590825231179e+01
2.960698925981388729e+00 1.644715040503698944e+01
-1.355386243785880573e+00 1.633068305472949566e+00
-5.250545669935610782e+00 -1.749731762616721698e+00
7.129360896382447521e+00 -2.631262802965568692e+00
-1.930914687457546242e+00 4.308604782333431693e+00
1.848794097041752960e-01 1.757226748862455654e-02
-2.171840012391000219e+00 4.613956542941477501e+00
5.451924842825999207e+00 3.392260828694979136e+00
8.798871852766229296e+00 -1.236035591397885902e+01
1.270461556820390081e+00 1.682375509799547419e+00
8.375626406725327655e+00 5.097945553324874979e+00
6.884259870155906569e+00 2.978230440250800637e+00
4.642141232125289285e+00 1.096158311611495462e+00
8.920759762953400340e+00 -3.147129796656621181e+00
-3.689279880172934956e+00 4.523570981340132580e-01
4.537642624992766827e+00 -5.163995219047807339e+00
6.820600542973108915e+00 1.371994174275762823e+01
1.259294394159715225e+00 -3.439926941884126066e+00
4.292029247384490986e+00 -3.423861587796409367e+00
8.589963929695293432e-01 -1.175754554600141688e+01
1.237647292782007824e+01 5.965785525590041161e+00
-4.721935054185899538e+00 -2.349889923054857555e+00
4.156077814820790195e+00 3.490026929541228728e+00
8.592976178559126765e+00 -1.339429645649868883e+00
6.006958327129143349e+00 3.785587251047267010e+00
3.502900487051676226e+00 -1.404657020033358705e+01
-4.403051841233293295e+00 7.672634244945113480e+00
2.703544029100409585e+00 -5.402616514465893083e+00
1.151297651083192791e-01 9.536470480447020392e+00
-1.457065147960396434e+00 7.181411245071342542e+00
-9.186200241627963115e-01 1.568461991381570009e+01
-1.786285925268439989e+00 -5.803743346858100338e+00
-9.010693841788475211e+00 1.548050648519093908e+00
1.030587862660886245e+01 3.009965615208546108e+00
-9.011009755996722603e+00 -5.551243523373136313e+00
-4.960013914887299258e+00 -2.231906178981418520e+00
5.253617639951972951e-01 9.310852829321834889e+00
1.543767928298907188e+00 -3.841080401721622017e+00
1.014927588005561709e+01 -4.896994575305429476e-01
7.774361923411858832e+00 3.582997053301345769e+00
7.731042310668658324e+00 4.133968794560103355e+00
-7.377038537271539909e+00 2.604661105571134172e+00
5.512720499376162486e+00 -1.517971009165407947e+00
-2.244498487139733545e+00 -1.137289630149533970e+01
-4.135001962536904330e+00 1.180631100610496809e+01
-5.970347270069882584e-02 -1.403344767946893867e+01
3.589317595466225530e+00 -2.436154343090193297e+00
-5.785122773093712034e+00 2.633474746125573418e+00
9.204352585425509048e+00 -1.292246205247031021e+01
2.350063246248710325e+00 -6.080037753180680404e+00
2.070256882878893201e+00 1.186035990530707984e+01
3.218034392854673076e+00 7.296811944099639291e-01
6.971470612809137712e+00 2.026722879752949513e+00
-2.032208188182703434e+00 -5.658926123243628759e+00
1.227909861294968152e+01 -6.691592027508762586e-01
1.812977558307923287e+00 1.100088091156903758e+00
1.263009646261224894e+01 -2.079078520259810325e+00
3.301263439980776759e+00 6.230018207123312557e+00
1.440283518280647712e+00 -2.075649615468836640e+00
7.339580309631378974e+00 6.845618182778494543e-01
-5.311293916987214203e+00 1.412529742023438617e+00
-2.864310186960028926e+00 3.362413293633752964e+00
-6.552367085414545933e+00 -6.687412835847917236e+00
8.380245237841693395e+00 4.086590745724424600e+00
5.642051791280526807e+00 3.532758421931334741e-02
-7.016350281998089855e+00 3.599588643802346111e-01
4.177301515620254868e+00 2.466509787380980701e+00
-1.094953197129417610e+01 -4.386600555747855346e+00
1.673862112250781742e+00 5.307037276513198343e+00
7.418686089962829300e+00 3.090677183212554802e+00
-1.004524143374997003e+01 -3.369474175824849205e+00
3.381491822505089839e+00 4.226388253987828136e+00
-5.048600039184794053e-01 7.343867286625818558e+00
-9.141000198585112813e+00 -4.152828068269102779e+00
5.790236059658132817e+00 -6.583570240674638363e+00
1.198271458592690131e+01 2.884705149830224968e+00
1.045647898805429854e+01 -1.280416599944884881e+00
-3.567900099910782608e+00 3.430018945325123081e+00
5.234485363298563065e+00 -1.351612901401446187e+01
8.148324085349649692e+00 -1.101694598742007791e+01
9.979982891591314242e+00 -6.536888916117015391e+00
8.560158831708989169e+00 -4.831882090627416915e+00
-3.997876338322786438e+00 -2.244771118266355892e+00
1.624184871014708875e+00 1.262334524967795968e+00
1.843298780952281390e+00 8.589019389559399142e-01
1.635127664255524804e+00 -2.331365934424138420e+00
2.181054619763398428e+00 2.281541099893698021e+00
2.830482039555195062e+00 -1.146126788336531099e+01
2.343343786205996260e+00 2.250161878980890151e+00
-1.960252365088516413e+00 1.602971358409492808e+01
3.615895214031206173e+00 5.108094681451115449e+00
-6.042837925002384480e+00 -2.018870107389332258e+00
-5.894583176053797224e+00 -2.654229409448162436e+00
-2.328759497776522025e+00 -1.191760729769112892e+01
-6.069927727544735419e+00 -4.213801302665009629e+00
-1.479407337668625866e+00 -3.291325012078943679e+00
4.094743888939678667e-01 1.232951006861280163e+01
1.105257752762754642e+01 1.217848327659649321e+01
-8.210446282715427868e-02 -1.126296546503488472e+01
2.860739730720666341e+00 -5.939469092293595764e+00
-4.299113139623581326e+00 1.017625088539812950e+01
5.872523022956769090e+00 6.462971835889347538e+00
-3.093390094874601370e+00 -2.572899520050466737e+00
3.235487491834383000e+00 1.303891005179315954e+01
-3.772009968862032325e-01 -5.934421220484097370e-01
-2.252608037959256682e-01 -3.779086472195084312e+00
-4.836458845406923501e+00 4.946787266217269163e+00
-2.447885402023926460e+00 -8.340879546955063617e+00
4.034067490127079658e+00 3.732970157541777745e+00
4.517598199587045116e+00 -3.922478576061257272e+00
-9.620850895711916095e+00 -1.670929529266587776e+00
2.855664847398531769e+00 -7.797671007027660472e+00
8.243218484583346495e+00 1.149255309236333211e+01
-1.324703115902729245e+01 -3.437684194914474745e+00
7.241160594279461904e+00 -7.730206629976604127e+00
9.564592949582078063e+00 6.528055002812386043e+00
1.091094472463081289e+01 6.893936966826425206e+00
-6.833170010673150330e+00 -1.111156421497924462e+01
7.520066360775309100e+00 -4.921446899468214120e+00
-3.547713990828372133e+00 1.243810195566191767e+00
-1.258852567366116615e+00 1.294882217958794612e+01
-5.283622633150798720e+00 -1.466933677067988162e+00
-1.721971433581080513e+00 -7.797160101750485239e+00
9.670228266354632396e+00 -2.704874602342313694e-01
-1.214767036378467058e+00 -1.286273657728246000e+01
9.592551422668115890e+00 -9.963044428765741145e+00
2.652727663235102007e+00 -1.049230791914566474e+01
-9.418501073318479300e+00 -3.499748166003694205e+00
1.120644750454166250e+01 2.332843294076484053e+00
6.115319244642456908e+00 -1.601384284236567979e+00
-2.465796149051160846e+00 -1.018713831172728623e+00
1.239708074102485957e+00 -5.507774519003033831e+00
1.556239399596937911e+00 -6.585295147400099580e+00
-5.067556348628380114e+00 -1.742897693310902607e+00
-9.220516094321773437e+00 -4.259487816824368833e-01
1.443965221768658402e+01 -1.115429101864236827e+00
-1.344367389178751893e+01 -1.744486333200809813e-01
5.077534419664478271e+00 1.456876809115033744e+01
-4.407045061130003383e+00 2.652751414947382980e+00
-2.118430202739550960e+00 -1.445407066477221925e+01
-4.905333575060644158e+00 2.037658477590451600e+00
7.765309506196619083e+00 1.184510604618750484e+01
8.656500639216057058e-01 -6.943070817686241014e+00
3.846501586438209497e+00 -2.215411284499760214e+00
3.084869855946064998e+00 -3.334716253766282001e+00
7.329015708666861251e+00 -6.244509412322907238e+00
4.695725504657194960e-01 -7.447863275489508439e+00
-5.753268733877239804e-02 -4.314506837095659186e+00
1.163261849693456540e+01 4.302783527710892564e+00
5.323330461997213270e+00 -1.721093066007494343e+00
2.490759461255812324e-01 6.882934139640826121e-01
-4.230355900261803193e+00 -2.269343376097349818e+00
8.192271723731242572e-01 -3.184186286415225275e+00
-1.254021663322644642e+00 5.391920953815443340e+00
-7.701291134151996509e+00 -1.311749278924369655e+00
9.298859975126637645e-01 6.889424504847302622e+00
1.421042360382975822e+01 -1.598559354349630812e+00
2.402180036133004570e+00 9.390836189444522475e+00
-1.238747373891870840e+00 8.133682940679307194e+00
2.331611289838952938e+00 6.406216776551383774e+00
1.250258273928811503e+00 -1.201620153867945540e+01
5.810857535724195166e+00 4.279648138891162468e+00
1.372027363208746387e+01 1.053331414065443994e+01
-6.545902725983224202e-02 -6.518064455617114561e+00
7.367185142769383077e+00 7.635816364873319273e+00
4.402316517996182732e+00 -1.149239344731782886e+01
-1.819761173152643297e+00 7.543934467818105283e-01
3.062992478658312479e+00 -2.201226230952593621e+00
2.353579018786491783e+00 2.701480760316280261e+00
3.136432794233711352e+00 1.615133918240348976e+01
-1.954686302558066746e+00 -3.772540251606379513e+00
7.258127980455381767e+00 -1.226934788576871682e+01
-5.151462322784277070e+00 3.508530216463895623e+00
8.241410849050096132e+00 -9.815914326226332420e+00
-1.147508392285061296e+00 1.448423534163770343e+00
-2.135802412012549611e-01 -9.560081656586431720e+00
-3.775377292257640960e+00 -5.463030917796791286e+00
-6.720008583010224079e+00 -5.609462024401462799e+00
1.294834256183073862e+01 -2.095067249686330957e+00
-1.242972605651858853e+00 6.173486004904107816e+00
-4.121456175596596161e+00 2.757138300924839136e+00
-8.418781923030762560e-01 -1.201115321081021925e+01
-1.489296494105781221e+01 -1.402059755568527466e+00
-4.420444045636793717e+00 3.653064625325598502e+00
-1.055495317450845860e+01 -6.914553985301347794e+00
3.989472820135819386e+00 5.940261494972435052e+00
1.028659459881014016e+01 9.750272836950900412e+00
5.614280767738539346e+00 3.846625055239851321e+00
-3.704796178074223345e+00 -1.448580052066346013e+01
-1.603729473403584960e+00 7.486790862053370077e+00
-1.586831262825405320e+00 -1.345449559096895698e+01
-2.738664314836431135e+00 4.743538243183550662e+00
1.525324582637040294e+00 -1.442117134230388942e+01
8.084054082390625950e+00 -6.145378657010426515e+00
-2.507507777980658936e+00 9.724250155252004646e+00
1.331433788661131246e+01 9.363080963451164251e+00
3.481378639000464847e+00 -1.263626821357420837e+01
6.758594855277929803e+00 -7.239289662867354203e+00
2.027944069374342906e+00 3.868605389606902367e+00
3.688998879994354940e+00 -8.604131061692720239e-01
-1.935210015454314481e-01 -6.989596681989073801e+00
-6.615254688910455760e-01 1.187598138082578991e+01
2.825919552211540786e+00 -1.183643153616439925e+01
-3.218727462809815698e+00 -2.337648738539903348e-01
-2.827320924077517894e+00 -1.236971478269941471e+01
-2.387375627837968306e+00 9.942596479085521466e+00
1.150380995556996133e+01 2.863466091456063456e+00
6.964032672598436946e+00 -8.798761587365673265e+00
-6.492648093981975954e+00 4.034724027748086250e+00
3.736239842810137546e+00 -1.020257669555608970e+01
-4.311550956684967240e+00 -2.042260293817911077e+00
7.556198304347062411e+00 2.452798852559954224e+00
6.967047355161166244e+00 -9.945046632181316681e+00
-7.995256914382562918e+00 1.405121034894782905e+00
-1.045953625860689407e+01 -5.440540317326595376e-01
-1.364648587171931382e+00 -1.345480145955060181e+01
-2.848497959758264919e+00 1.043388042871292143e+01
2.027021950836437103e+00 -1.248886758241277128e+01
6.453611688137154967e-02 3.067439446531552427e+00
8.599576470408946349e+00 -7.634491907022867174e+00
-8.006395932901540391e+00 1.156337836847244782e+00
-9.991179987132598583e+00 -3.983706750679543163e+00
-3.391803097248574872e+00 9.669312633022810743e+00
3.975662732623379103e+00 1.215970472835856064e+01
-7.992344491396041306e+00 -3.734950068116168698e+00
-3.594570270136481227e+00 6.343385076747177775e-01
4.534809629138329967e+00 3.055147150260281830e+00
-1.800406572535230065e+00 6.806973336823598508e-01
3.062235324671459313e+00 -1.470375663768370522e+01
5.899503043007426228e+00 4.944875197559071012e+00
-1.075318065805517698e+01 -3.693524968548595133e+00
-6.466394805044233252e+00 -1.213272620631671828e+01
-3.388368020542399606e+00 -2.273850512774038712e+00
2.041094448295424524e+00 1.596035998395713973e-01
2.632038366789513972e+00 3.721024065498832911e+00
4.628919748304390680e+00 5.935899326264397757e+00
7.638548307514944291e+00 -9.413029223099803389e+00
-3.659595920692233495e+00 2.460358228012349269e+00
8.447526613584036781e+00 4.527462400797073627e+00
9.195965767148501779e-01 3.683778888156212794e+00
-8.177114566342010837e-01 -5.948092036742680833e+00
7.308574630121737137e+00 9.238314861156842639e+00
1.340383592955954217e+00 -8.681179070551880983e+00
9.371343570297566927e+00 1.816253200416722668e+00
5.584600759463911324e+00 1.167014743564407553e+01
-3.601721028960027216e+00 7.786403218603311416e+00
-8.225902943299539416e+00 -6.654430480153583183e+00
2.110817560282589156e+00 1.422163397385134154e+01
-5.428109219314872114e+00 -3.621091170167249906e+00
7.168891719798801354e+00 4.476116728492776531e+00
-1.701389963453624921e+00 5.377515507686955409e+00
6.569168956624853450e-01 1.510369617231275718e+00
7.436026998018961942e-01 4.591918265834044277e+00
-2.691788377997650805e+00 -3.025093413830277189e+00
4.141834423438936597e+00 7.274537502848692938e+00
-4.204564957498562253e-03 3.239357496049944274e+00
4.118825545646502384e+00 -1.632247239730906019e+00
-2.527090235212199776e+00 7.994876518433652324e-01
-8.839891011268093735e+00 4.653873679615134762e+00
-2.229198553248552983e+00 1.136165091672097338e+00
-1.507062030635260452e+00 6.007902599908540253e+00
2.643023594847230040e+00 -5.988600852644919925e+00
-2.845448857977482260e-01 2.293181815734703921e+00
4.229786238085492478e+00 -4.948678420599979866e+00
3.117195526427436914e+00 4.394168658110531922e+00
-4.906507327745782021e+00 -1.096564352165909106e+01
1.049472430633759501e+01 4.756524206109490116e+00
1.531712369080137748e+00 -5.438217975044897123e+00
-2.983663299996285323e-01 8.136581600310361040e+00
5.097328172701700133e+00 -9.273247686389243682e+00
-3.927376820598577289e+00 3.552766312747992483e+00
-4.190104225644754266e+00 -7.881513356685183602e+00
-9.912655935124075057e-01 -1.092538399824392314e+01
4.292994879451637935e+00 5.563348419505955711e+00
3.725500426179033653e+00 -8.390025012394621839e+00
2.515980407173583067e-01 4.554294796849181814e+00
-8.325558416216885860e+00 -1.244702676641372241e+00
-1.831654547516287979e+00 -1.531004830403300510e+01
-8.052795011679563686e+00 3.133529842335296856e+00
9.953686105420869623e+00 6.463359738091524420e+00
4.118966251307567106e+00 4.941616747375738861e+00
1.072073249348989599e+01 -2.253097735226260223e+00
-3.250063607971275470e+00 1.685303782338980705e+00
-8.699362130884232824e-01 4.091293951919475980e+00
1.441267384382354910e+00 -4.117190019039576043e+00
6.450084528111821314e+00 4.255536622203461405e+00
7.069957151657490613e+00 -9.428215728029440967e+00
-2.279632086573466943e+00 -8.189899601207952795e-01
-1.377170407001413910e+00 8.511622697139735294e+00
-6.265785534889364072e+00 -4.490244093948500215e+00
2.084071369061617940e+00 2.784696903499565224e+00
9.990760926771059758e+00 -4.626950752919299914e-01
-2.184818955786703043e+00 -8.846717383637681564e+00
1.842344871534241202e+00 1.141418335302518727e+01
-9.230936743463910021e-01 -1.029979846121671594e+00
1.609798659482965411e+00 2.525669906389323427e-01
-7.077082473652964723e+00 -3.119559288206422920e+00
5.769553884358851192e+00 -5.766835245539727595e+00
3.162142974517709426e+00 3.609509754816964122e+00
-6.681763406894780211e+00 -7.336576069710133430e-01
5.480375377888531130e-01 1.133055928715446470e+01
-1.464654751070499916e+00 -4.870107362138778484e+00
-3.646854181218130431e-01 2.378299776944820809e-01
3.130731722615443413e+00 9.927651938508755824e-01
3.568509098388158440e-01 -4.839343607309686490e+00
-4.895046318857593448e+00 6.578801055793461749e-01
4.784065546682610304e+00 6.008129415599411161e+00
1.313523781168101090e-01 1.002471571466364253e+01
5.464429820246888836e-01 2.672099956736163850e+00
7.158983617484419248e+00 9.619669552812498026e+00
6.135294054825985555e+00 -1.282203406825376257e+00
1.074426144347719791e+01 -8.698874618468506625e+00
-2.378747510756449579e-01 8.519668835379137661e+00
-2.254067381283989757e+00 -1.023106666653244190e+01
5.141122682150593093e+00 2.151923267189942202e+00
-1.564535700577240673e+00 5.119400329544132155e+00
-9.723088076017283754e+00 5.021889623791166102e+00
-8.669398210044767517e-01 -1.232589324364394612e+00
-5.752837508270310707e+00 -5.542630326247432571e+00
-2.307377678340604366e+00 -1.523044626186758776e+01
1.134863322182711087e+01 3.213596482227411233e+00
8.919377149666665172e-01 -1.319484078871776589e+01
-1.014614967243048005e+00 -7.387323296951088913e+00
-1.112239119718194669e+00 -4.623922712149378889e+00
-6.133163346604807664e+00 4.166655487528324819e+00
8.898828413915246927e+00 -1.202841960396682630e+01
8.510083793099882499e+00 -1.139026942322760938e+01
1.687934221525719147e+00 1.222549483485979138e+00
3.459620010059317963e+00 -2.358933448707383640e+00
-6.773937133147891032e+00 5.196352153784584260e+00
-5.227113053951461197e+00 -3.089177245231844893e+00
-3.949357158935607348e+00 -1.097762886859002585e+01
1.014293502386102297e+01 2.010430678279976124e+00
4.450180230944182469e+00 4.525812746413596876e+00
1.603803574575918933e+00 -4.450255634721411724e+00
8.409139251121560577e+00 9.573944355027874664e+00
-6.247803615768756202e+00 -1.208173207310939290e+01
3.154533587033077513e+00 -7.751249990228500586e+00
8.038130557864294090e+00 -1.308278198355035471e+01
7.741397280351813848e+00 6.577603062355489305e-01
7.285273748463350074e+00 -2.518373076203254790e+00
-2.336970008246554542e+00 -6.951779012341170461e-01
-1.440688849089285517e+00 1.125570780700252627e+01
-6.402952314542571521e+00 -1.095296981315430429e+01
5.387385883339823600e+00 1.987750320290223804e+00
6.753409395945892513e+00 -2.100264265128722219e+00
-6.681169797428230694e+00 2.731641292019897804e+00
-3.670891921333395924e+00 7.097806095807812632e+00
9.393398298693043103e+00 -5.807124753063725997e-01
3.645342750835098844e+00 -1.144193919141849491e+01
-4.137901261322040725e+00 -5.833013396281140572e+00
-5.645736629769036341e+00 4.141477150156508635e+00
5.076556754350385781e+00 6.198773622222786273e+00
-8.047728955849784427e+00 3.350660062917428128e+00
-4.453398328607118817e-01 3.874152043162509162e+00
-5.950265945155321035e+00 2.940524797420293268e+00
-3.409921057582377291e+00 -1.297554712751708195e+01
8.216183587484163775e-01 1.049599000232299595e+01
2.950732502512196209e+00 2.708764744828187521e+00
1.030777876905143664e+00 7.005012439777911659e+00
6.495237651345888708e+00 1.055399250496459729e+01
-3.291775526367304305e+00 6.365192461211847785e+00
-4.146217937287888788e-01 -1.323803416488646612e+01
3.734866968117329655e+00 -3.003266696291641669e+00
1.668839937103215432e+00 9.632999864298454895e+00
4.651673457469060580e+00 1.528537229022798760e+00
1.959961822467739978e+00 -4.137325281802956556e-01
6.916100186420369722e-01 2.898026318385779287e+00
2.647299037728412685e+00 2.385130120489625138e+00
6.756588290785003004e+00 8.222422475926139951e-01
1.102055197821743526e+01 3.848576918168807204e+00
-6.670101648711024289e+00 -3.631631936800788107e+00
1.231013705375350042e+01 7.579387535744245064e+00
1.245968517606990122e-01 1.461987965156533065e+00
-3.317884709084681027e+00 3.801439997809360705e+00
9.404727557708168817e+00 1.180237267163532833e+00
-8.221432752302725078e+00 -6.953969843363984715e+00
2.089866902754252020e+00 3.157425572558168358e+00
3.187042633915631029e+00 -1.366064368930157968e+01
7.321145827798688499e-01 1.105958344698359319e+01
6.237776468111185579e+00 -1.100587793244827806e+00
-7.382178404887942413e+00 1.101612897616715964e-01
1.613467162919389741e+00 3.819965706514711012e+00
1.853655702129667904e-01 -2.329943110378196902e+00
4.333979636008966629e+00 3.068676843067670745e+00
-2.642648952069638124e+00 1.006914941704317101e+01
-6.544405825950099675e+00 2.721305490632374813e+00
6.195348518885258615e-01 -3.260972842178007092e+00
2.879712091356401160e+00 -7.841252103419631414e-01
6.386057316294960096e+00 5.272184637981437660e+00
-1.567601317505789105e+01 -2.841178431566057316e+00
-4.050094849128569763e+00 9.120949098978828218e+00
1.915846004934543600e+00 -2.971876548314168254e+00
1.309632488425032371e+01 -1.796308586861864232e+00
-2.898491832912534871e+00 8.327722347471295805e-01
-2.504629316156066210e-01 -5.789707783561998333e+00
6.235833761277378429e+00 1.285377201453231866e+00
-1.124203337535655267e-01 -1.471860590849364492e+01
3.021291738181144382e-01 -4.389068174913212772e+00
3.049533616920420354e+00 1.121424873260407651e+01
4.393181255398822316e+00 4.977343348136083812e+00
9.553517196535331379e+00 -8.387059806817861229e+00
-1.444541609807133753e+00 1.025160398507381032e+01
-7.053114193810724464e-01 3.178070768125136780e+00
7.702247660543759089e+00 -1.298879422723506138e+01
9.416367636368448979e-01 -1.857086730202695879e+00
8.127882368274896407e+00 1.044139658059983944e+01
-6.891597731897104451e-01 1.248312301093547561e+01
-7.150493669188802137e-01 9.245239933415973610e+00
9.291114557251153983e+00 -7.883771463043476757e+00
6.177818797286660946e+00 -4.067062477459928438e+00
-8.276712217377326652e-01 1.601239677414754814e+00
-1.669979439160897527e+00 5.539647338541038302e+00
5.293261821267607914e+00 5.767643859949357577e+00
1.132528512967627599e+01 -4.566616070739736521e+00
-4.619211772076026179e+00 5.002167220838563466e+00
-1.996358854717779518e+00 1.154604354235539532e+00
-3.372881069436078239e+00 3.507822236906265712e+00
4.049413143773342716e-01 3.665349826049699722e-01
-1.126841622019973732e+00 4.992263760712542187e+00
-2.973311018079043411e+00 6.459779870411552771e+00
6.023571646916386690e+00 4.470035428196733385e+00
-9.074737370352467636e+00 -4.980705680373948008e-02
-6.458642683426353059e+00 -2.682058616483582902e+00
-6.665993412566311171e+00 1.625617976907651752e+00
4.069139728425986924e+00 1.621348493553903536e+00
1.472365542389955095e+01 -1.175121993926194486e-01
5.192831994540350493e+00 1.486545273956044255e+01
5.248664172512426340e+00 -1.375474690535326561e+00
2.615744661920729630e+00 1.002747792925506687e+01
-5.138091230113913888e+00 1.437338478610483916e+00
-3.658782118073478529e+00 9.959495112856274091e+00
1.419472804332809091e+01 -4.181590749880454427e-01
-4.367074575526959990e+00 -1.001653618169835802e+01
1.440317286099034533e+00 9.973373756727896833e+00
8.833815378307585675e+00 2.720243573965134942e+00
1.077621379723897554e+01 1.185434253825135009e+01
-7.123282844403779457e+00 -7.457880189913133506e+00
2.807861285471311863e+00 1.032289461318211643e+01
-6.149955495290691410e+00 -1.314787112612291153e+01
6.224349241280367373e+00 -7.797756274663817599e+00
7.067970014708510718e+00 -9.641705916029577494e+00
-3.247529642800717653e+00 1.602408322940722107e-01
-1.370250355319698965e+00 -5.638739198546563358e+00
-2.204211485375437540e+00 5.348077061159885126e+00
-6.431224922937075483e-01 8.146020349605731514e-01
-6.120815251283382885e+00 -4.663958779216679784e-01
-1.393305295023957502e+00 7.747374891047162926e+00
-7.281581117835171924e+00 -2.105549850621160068e+00
5.081156239036455080e-01 7.913598789361967256e+00
4.088382786622204890e+00 -5.635077213383059280e-02
1.333055112887710780e-01 1.432883114013629644e+01
2.525787321293541665e-01 -6.808262989394105347e+00
7.961409113015733396e+00 3.463632896930733396e-01
9.865814234131903504e+00 -7.349250189190894567e+00
-4.083458256276454451e-02 1.515340060319700921e+00
-9.434251311491652636e-01 9.090366038802340398e+00
-6.134923025062688495e+00 4.992624379478551866e+00
4.546031807010406212e+00 6.523935074996940475e-01
-1.426697841304686953e+01 -3.032706988873986820e+00
1.457460822580630255e+00 7.389781159950840284e+00
6.607598042683492601e+00 2.733222754858298575e+00
-4.538068073888797294e+00 -1.141838955141129297e+01
1.423523522671922947e+00 -4.647173440270139899e+00
6.745614544654916500e+00 -9.894367972305049719e+00
-4.281840585640972918e+00 4.590310073378430111e+00
8.990587906018054909e+00 -1.166296408447947108e+01
7.109403641199413038e+00 -6.367867787048650641e+00
1.342993364772851195e-01 5.276729960866347602e-01
-6.458908774558665300e+00 -2.485330641839767374e+00
-9.753169836500871881e+00 -4.401117709601000128e-01
-5.331089281571286254e-01 9.856256965588540808e+00
-8.094778432550359781e+00 -4.250499121357483312e-01
-3.716159387517430079e-02 5.500178057288099609e+00
-7.053292974396649928e-01 3.327404741674145239e+00
8.263087875138802829e+00 9.402025218327548117e+00
1.576638228681620291e+01 -5.430835765857269237e-01
3.074743405134318097e-01 1.075981018810821865e+01
1.263569386646325787e+00 1.210353402004417589e+01
1.246181028106325694e+00 -7.385973769099774877e+00
1.285097858584126174e+00 2.676455161225490986e+00
1.006393770139649568e+01 1.442979177465552043e+00
2.927027551905190705e+00 2.592036769554697084e+00
8.912224659907590496e-01 3.859406349204512310e+00
-1.642464994492019770e+00 -8.711633838309749578e+00
1.606642012382674789e+00 1.276148098836561395e+01
1.023249792360229016e+01 6.763032486171682844e-01
1.364518383501915721e+01 6.399532162863703633e+00
-9.453834626885583958e+00 5.270049325889669234e+00
-2.148493293373129998e+00 4.081768277142884038e+00
6.239721295658591238e-01 9.266384730028326411e-01
-5.342455848748636216e-01 8.515973816827417053e+00
-1.675732825361297307e+00 2.644802422414123555e+00
-1.315406950053233004e+01 -2.292194938535022875e+00
-3.115374998838878362e+00 -8.373118245864180409e+00
-3.899882729077366883e-01 -5.763027274058198479e+00
-1.612466582096106160e+00 1.616562884406334888e+01
3.329866481748518403e+00 -8.325595834269187145e-01
-7.164582103931235180e-01 -5.004985905060189921e+00
-7.520889482130596271e+00 -7.059259660889383170e+00
-1.054372961594158298e+01 2.018428964586755470e+00
-2.583620641229006587e+00 8.694947765208520529e-01
-1.547159392432044145e+00 -1.375149069329789775e+01
5.206308275155921095e+00 -4.010138171766366888e+00
9.339416921072787758e+00 -1.242876587633932672e+01
-1.517787130333635659e+00 6.638491339938216385e+00
5.649906058366672035e+00 4.488219723961639041e+00
-9.840965555962100098e+00 -4.150114220372076446e+00
-9.826322590690427239e-01 5.203865694320752411e+00
-2.783814986103061440e+00 4.391554418492419565e+00
-1.890631250332636126e+00 2.107530111079556345e+00
7.930759272687498473e+00 1.123527469967888059e+01
3.083872804158902081e+00 -4.690288919009764967e+00
3.715598008941073171e+00 4.362880101003100641e+00
-6.215853853536457585e+00 2.237773980370272309e+00
7.683919636696011857e+00 3.921582082540045366e+00
-1.067942550220521314e+00 7.155193381745420744e+00
-6.245307914113378267e+00 -1.043760750698083584e+01
-5.825449725501361087e+00 -5.316358082728338263e-02
3.007876820515873462e+00 5.496869182390860864e+00
2.108942243197134747e+00 4.690704233373370613e+00
9.287901896212520825e+00 6.335435576310906036e+00
-1.390114068016515603e+00 2.431101764359069772e+00
8.812160360447967022e+00 -9.123439124461807381e+00
2.968495014199139970e+00 -1.055397094856481033e+01
5.283778140803939039e+00 2.643858790704765482e+00
-2.567535558329081535e-01 6.114745880191073013e+00
-2.232477461332602164e+00 -4.415948183458840326e+00
8.019724048267111272e+00 5.594306765063427278e+00
-8.564297856303085155e+00 -9.992016964337357976e+00
-2.874338253367187956e+00 2.132681618822163117e+00
-4.692728851186948602e-01 1.170422564625688278e+00
-9.092920510949802804e+00 -5.802187886590061794e+00
2.123928899151885652e+00 -5.972855976831076497e+00
4.180514072160093519e+00 5.355015541162029713e+00
8.050235629680511096e+00 3.874385842334681307e+00
2.481527425329079772e+00 9.018398376650297976e+00
4.432838250098610544e+00 8.740790070987170424e+00
3.347133691226669150e+00 6.565542877683315126e+00
6.280880669385260795e+00 -5.710157911248521678e+00
2.701560828937948688e+00 -5.760189132438847892e+00
2.903462329245596774e+00 5.010464879038767805e+00
-5.247678368472212362e+00 -9.596253966345720698e+00
9.363200077831933754e+00 -9.698025434422437030e+00
-6.184470605246293218e+00 5.433570982429254848e+00
4.694592466073681081e+00 -1.126607541685635994e+01
-1.598499536129603271e+00 4.747926298164664161e+00
5.288856346272464037e+00 -3.135244014356388220e+00
2.197286827981238755e+00 1.082311481982220869e+01
7.924954892318750055e+00 5.462716843341731909e+00
4.035814951688327379e-01 3.722475877896824770e+00
4.062809863868675819e+00 2.945032161686769179e+00
-1.061924745977764539e+00 1.563344419191830648e+00
-3.245629404372889493e+00 4.883029982875046748e+00
6.079564385607368893e-01 -1.336818707532723494e+01
8.824571893985786453e-01 1.311430606361327378e+01
-1.147226233513407578e+01 -3.931331428906263969e+00
4.848291062740965884e-01 1.075711020870554968e+01
-7.288582628793005114e+00 3.308526202883173450e+00
8.023674570792499239e+00 4.958004983297363388e+00
7.153238196722068176e-01 7.886910074862258035e+00
2.978946010861428517e-01 1.418292584398713529e+01
7.957689085170613019e+00 -1.251412010699877086e+01
2.735993714716395520e+00 -1.664316453292784992e+00
1.248524035956301681e+01 7.571692212484234297e+00
-2.510104795882668327e+00 2.691295980374873498e+00
-8.187937228421544866e-03 5.143568425297116775e+00
-4.577386660507111737e-01 8.361942093080948268e+00
1.014535438042918614e+01 1.121174901265342783e+01
1.311631355255878040e+00 1.350551956146262178e+01
6.489325345935164968e+00 6.372031128531293831e+00
-3.827731967011914094e+00 3.283175136523595938e+00
3.747254340931141847e+00 1.346582290368034585e+01
1.895863134655301208e+00 1.580350691375006944e+00
-8.778129578396425714e+00 -3.750819076966179999e+00
-3.737020897885017234e+00 4.729269973595681797e+00
4.001613523689077745e+00 -3.495818808433129643e+00
-5.689311093147868981e+00 -3.363307730973808862e+00
-2.695556670574273284e+00 -4.560278178560452034e+00
1.034840287979361051e+01 1.279945591596184151e+01
3.773862257488458383e+00 -1.266360134392925119e+01
4.197740481135738833e+00 -1.405316686060638709e+01
9.116035956839912968e-01 -5.435658319206048361e+00
1.130430450907281115e+00 2.851150709941498551e+00
3.055367902766179977e+00 1.151547376239541443e+01
-3.028912471248220051e+00 4.228122557829450123e+00
-1.239441339373984041e+00 9.778391451885189767e+00
-1.093578290575378453e+01 -2.456010289306199024e+00
-6.458454600107439880e+00 5.457960912932196429e+00
6.287653859847226023e+00 -1.124974587290811634e+01
3.108788780607847357e+00 -1.473437582599619100e+00
7.349062545848834560e+00 -1.288491405180592864e+01
1.195777906838931592e+00 1.100240403614610685e+01
4.784070313105875272e+00 1.550802525482563787e+01
-8.422547336545276764e+00 -6.708244459327730169e+00
4.383617343861624605e+00 -2.366488341894669445e-01
6.909920775683461081e+00 9.847393237194470572e+00
-1.573720991339808917e+00 2.108031364456321111e+00
-1.955814814792428136e+00 9.547618591156512569e-01
4.524042757333324616e+00 -1.723152798671807817e+00
5.788218620512639134e+00 -7.409172363772093206e+00
1.019344196504652800e+01 1.190795540952165155e+01
-1.253277165608986010e+01 -2.483300952544612805e+00
-2.883922836260989220e-01 -3.207115991872442784e+00
5.358783868130149841e+00 -6.099656091023249793e+00
-9.650443355047958249e+00 -1.006431959333135895e+00
5.571303299026445721e+00 2.932081977059359357e+00
9.205474277368873359e+00 3.025124910266654865e+00
5.206904101228968962e+00 -4.352499245518418824e+00
5.605041545309181750e-01 5.047999833022972282e+00
-3.664007923331063510e-01 -4.829531610801949704e+00
-7.201624226146657870e-01 -3.833074935381461490e+00
-2.113245860968697265e+00 -2.800568925487012084e+00
-1.217090029765390602e+00 5.187854001557230532e+00
1.133735438426645104e+01 9.687914012041133560e+00
1.175469507024605731e+00 7.102608366746385293e+00
-5.806981162837910659e+00 -1.113190587671860499e+01
-6.424983064144700329e+00 3.746137389521715377e+00
-3.452596422731606829e+00 6.363033485345727769e+00
-5.644226021154497452e+00 -5.681571351256846647e-01
-5.086555754474205493e+00 -9.831098644190751301e+00
-6.440922188253311198e+00 1.025841116337779191e+00
-1.412307015042340241e+00 -9.253157541365467642e-01
1.327960382501079195e+01 5.961305411291167644e+00
8.138621078152254995e+00 -1.031027177429205288e+01
-2.128858467308570646e+00 4.180603878869016299e+00
-3.554002861455101137e+00 1.085010509920189570e+01
2.806653275071999243e+00 3.432620487636178108e+00
-1.066483914326752158e+00 1.458519648919299705e+01
8.297686828450276053e+00 2.579845297803112558e+00
-1.238216028036968508e+00 -3.868640804253777876e+00
6.372409821828230569e+00 -3.611626108141443581e-01
5.940180120188135682e+00 -9.091595475243138269e-01
-4.540561178799227271e+00 -4.966082101991636577e+00
-1.056659840614461565e+01 -2.817069994455534854e+00
-6.877537311912965690e-01 2.970303150341413012e+00
-1.197919210159635561e+01 -3.684335492361104913e-01
1.481980837464915046e+00 -3.323118622636422437e+00
-3.866952189764287340e+00 -1.184892420818472480e+01
-5.734228372514768246e+00 -7.542663433698321152e-01
2.228309577237598038e+00 -3.333852878482304938e+00
1.184249261878789561e+01 3.861817094805607198e+00
-1.544034359398982925e+00 1.092625883330725189e+00
5.145994361744897772e-01 8.274970239765961466e+00
-6.126687604352174077e+00 1.879932897537907488e+00
6.394431552764499038e+00 -6.934928019746638306e+00
-7.152421726885198616e-01 5.779384676495906703e+00
2.674881223316987189e+00 -5.192997458258256316e+00
-1.882579131004109563e+00 -5.970204972610522631e+00
4.192087126602893399e+00 3.034609563915532160e+00
7.573185638138967946e+00 1.172311725803170113e+00
-4.007341638445913179e-01 -1.488697899061505225e+01
4.817355545397432159e+00 2.964862889429551007e+00
6.532492000417213340e+00 8.841619735498650101e+00
-1.277631718348429812e-01 -5.651346973486817138e-01
7.447282018132032277e+00 3.243444933900103244e+00
5.884506589123033038e-01 -2.306958118985385386e+00
2.852071417798327957e+00 -1.401371004750709481e+01
8.942432461062816529e+00 7.323767581353288314e+00
-2.347676555075278948e+00 7.032342189591680004e+00
5.825786610514015251e+00 9.989598435621672934e+00
7.814645956926208115e+00 2.643902855992441125e+00
1.148329468265185405e+01 9.046235686819384725e+00
-4.752724952258994273e-01 9.273441491767766109e+00
5.420581506232996283e+00 2.825339425846781438e+00
9.163304978706156234e+00 8.624838726631965713e+00
-9.405847317816341757e+00 4.534534372190204721e+00
-6.564981156384341432e+00 5.317292775956504514e+00
-5.933955571940516815e-01 6.294083707062675614e+00
-1.205109335404831672e+00 1.528695752865499191e+00
-4.500129596351546191e+00 1.229451106949681183e+00
4.855588889668800978e-01 1.082050160714572717e+00
1.921435097792703717e+00 -1.614261398097841083e+00
-8.208665063070574419e+00 2.619792851000032563e+00
7.284632314053943958e+00 -4.219320549268957166e+00
-3.837764425249485356e+00 4.956183209968718195e+00
7.142025860845402363e+00 -5.872271764756852086e+00
4.900930724324653376e+00 -4.470093180281915046e+00
7.154720739541288843e+00 -1.077993849993111120e+01
5.447517341749406050e+00 -1.847702967708622079e+00
2.083210410787039724e+00 -6.776694191959561131e+00
8.574088625670716723e+00 1.195130824020952964e+01
-2.900747835814401210e+00 1.749971373052845447e-01
6.680971904643945081e+00 -2.775213285018252929e+00
-8.568355054482472255e+00 -8.168092460982995462e+00
1.996391785831856724e+00 3.665290585820240477e+00
7.390972514200296217e+00 3.520711531208687628e+00
-1.463040726803582325e+00 1.190840940224760836e+00
1.304483160942353726e+00 6.682830784545893188e+00
3.739176311205436143e+00 -5.043220893096845181e+00
-2.918301590107515331e+00 3.538745751079117152e+00
1.029239201829564854e+00 -9.085426849656593973e+00
-1.700837156061259181e+00 -6.759187325125965984e-01
1.793209793431802979e+00 -1.165833140736710405e+01
-5.587684388154336546e+00 4.040899819752677424e-01
7.413330716672434928e-01 -2.372559484528875995e+00
-8.095936633253165982e-02 2.243969286179800182e+00
2.906990037247874081e+00 6.963479294303766665e+00
-9.638252541417527297e+00 -8.058897407210414698e+00
9.117410269017785396e+00 -3.479254253917357431e+00
-1.105700569801205901e+00 8.076805191275147067e-01
3.098250563410662295e+00 -2.975017099463317383e-01
2.336441716495486265e+00 6.520767513494214462e-01
1.059638425407002416e+01 -4.344908024638866273e+00
2.835383855387878516e+00 7.271632895521584317e+00
-4.060707462962738212e+00 8.267212761696004719e+00
-1.591335153326023821e+00 4.202526963277847472e+00
2.436386260297445983e+00 2.483426351791116371e+00
8.397326552420976142e+00 5.845390388582882402e+00
1.352681144803955426e+01 -8.703791144503894017e-01
-8.436982849446107435e-01 -7.535762036070248193e+00
2.948434327985303582e+00 1.520225796783383210e+01
5.520468256187839984e+00 -3.975131564153143948e+00
-5.493833648181339901e-01 -1.069828414562600116e+01
4.777049507976646403e+00 7.664305219857343587e+00
-4.223213353373901136e+00 4.804544858377115091e+00
3.804170767290583899e-01 4.951745683464670478e+00
1.137734316089701636e+01 1.105363533581875446e+00
3.457662088728729266e+00 -1.212187323535866135e+01
-6.589083128951289225e+00 -1.103863391141993766e+01
7.225616081348447572e+00 -5.745726684562224129e+00
1.421792761328072308e+00 5.225527302318694112e+00
3.474611080310975320e-01 7.045959939360697533e-01
-6.823639647493366933e-01 7.140440242850006669e+00
1.880679859795792774e+00 3.166556422684107641e+00
-3.654310950267482649e+00 2.746735988405110351e+00
1.854064537154564096e+00 5.064974968479398321e+00
9.981620776716376042e+00 6.786527268146456571e+00
1.809814524830235749e+00 9.322495582084195931e+00
5.499900911595585029e+00 6.777943791829909026e-01
-3.936539977205356866e+00 1.872819248391721425e+00
1.536423523838484462e+00 6.556133965600851043e-01
6.697535937929653960e-01 5.367740927917117766e+00
-4.855977993034702678e+00 4.643400259981329548e+00
3.672260184508842951e+00 3.139823965377770865e+00
1.760477006619110218e+00 -8.174362674871339607e+00
-2.062727937485271834e+00 -9.253242563258151421e+00
-4.340931594929773318e+00 -1.364360512048902763e+01
2.194278259529327091e+00 -1.461011551973615497e+01
2.197095794728861629e-01 1.608477285356279818e-01
-1.037275345370017199e+01 -1.678718878593394637e+00
6.865878016161836017e-01 1.129128770265749093e+00
1.016541395223158517e+01 -5.035316359488524185e+00
1.708753972084199768e+00 6.467013706763787617e+00
-4.656383857475831611e+00 -3.883526613641568481e+00
-1.713044785009189219e+00 9.786061147025250762e+00
8.428295103891072060e+00 -7.645767645462833162e-01
-4.612615565414524887e+00 -7.979025833124206990e+00
3.578852113449557226e+00 4.597826950190631035e-01
4.595665505530551087e+00 -1.149418405132971266e+01
-3.500879357519117718e-01 9.464001879618326285e+00
-8.089243456290224898e+00 -6.566793597538719496e+00
2.534616655098349991e+00 -5.525673097832373593e+00
2.211880816918512682e+00 3.560887855442512073e+00
-1.111645798073451452e+01 -5.028686775373276241e+00
5.422935835316011755e+00 -1.054932756774854141e+01
9.383022917845084132e-01 -5.895423098542117657e+00
1.587206441616861641e+00 -5.624593428520370253e+00
8.405532314033616004e+00 4.012106298292407169e-01
-2.475460368999120309e-01 2.197680233424022855e+00
-3.268861258133900716e+00 -1.093345185947845266e+01
1.386898127780310297e+01 1.011733996273816061e+01
1.514617870296379110e+01 -1.445563542148785352e+00
-1.430430240834112077e+00 -1.250587136789342413e+00
3.910392451441181638e+00 -3.093511124254489264e+00
3.097153028998688717e-01 -1.225845297263238043e-01
9.660007407675708535e+00 4.921557457637812938e+00
1.314497526163116436e+00 -1.465949564993365428e-01
5.825236272236486990e+00 5.545534045921352906e+00
4.555049482381150483e+00 3.768983772468065929e+00
-1.203380011180495757e+00 3.484594548325706143e+00
1.010699332247749815e+01 4.441214500707218349e+00
1.139847230757262153e+01 -7.455596698736552952e-01
-5.412856515566065951e+00 -1.060514406639469698e+01
4.033721215969903184e+00 5.153762641572950720e+00
1.080390330798001663e+01 -9.700658020926967495e+00
-2.139322242753758374e+00 -5.426690251957634992e+00
2.345628204417526064e+00 -8.360895176566721432e+00
3.467117165543519786e+00 -3.139642990114060339e+00
-3.034863487021134620e+00 -9.941644886362425382e+00
2.661266840359259866e+00 1.769392083188252141e+00
1.940954415286650914e+00 -6.680314487380162980e+00
3.816699281991230208e+00 6.513006583605857047e-01
9.227287830690897863e+00 1.334811065242672790e+01
1.056386610321979624e+01 -1.611845683555188924e-01
3.191920755173762725e+00 2.087644786024680954e+00
-7.511230609913774003e+00 -2.816717595934673746e+00
3.340437779370625471e+00 3.476432909729526344e+00
-1.738877820978347033e-01 1.222868282098396620e+01
2.490049783619543877e+00 1.194826893212034236e+01
-9.632798748314911563e+00 -2.095552529889844973e+00
-1.225455465569465296e+01 -8.413918525204183707e-01
1.404272555782677179e+00 2.312928047861623759e-01
6.760475055733754068e+00 -1.366305868528699285e+01
-6.052382964261064924e-01 3.619556473600832547e+00
3.662235392084316477e+00 5.574622255297851936e+00
-1.780812799077044373e+00 3.362563153721043641e+00
-1.014354128271210076e+00 -2.545089966584285213e-01
-1.100765769123233184e+01 -2.714020403081602861e+00
6.139958835019871941e+00 1.179623887208090061e+01
8.700515522158714932e-01 9.708327426943146321e-01
-2.255841373673382666e+00 4.969191231708887102e+00
-3.671179687625046206e+00 5.522886340031148755e+00
4.222730149930922217e+00 1.475722953901082768e+01
-5.093070156916823521e-01 4.462913662836537898e-01
-8.204402332054216984e-01 1.675089180009417689e+01
7.712024181805402279e+00 1.259358701684027615e+01
-9.442927705268951755e+00 3.944136498864047713e+00
-1.066998671158989165e+00 -1.170141018291814561e+01
6.757501667898196729e+00 -4.610488165384591386e-01
8.202381341029445494e+00 1.407763401003651493e+00
8.131498462762900559e+00 9.483825082675325646e+00
-1.127429503065659588e+01 -1.424254184152843106e+00
7.639772096713181249e+00 1.026672884907234540e+01
5.994792154378421500e+00 4.361488353381483662e+00
5.117139208926535510e+00 7.397954384132959582e+00
3.312220832736454401e-01 -1.267176744405435970e-02
-3.729964322879231631e+00 -9.403037955245229895e+00
1.099405014743695952e-01 -6.421834469385929722e+00
-6.139358564949173314e+00 4.818079255094492863e-01
1.872338199424128602e+00 -3.455461142160619614e-01
5.510248944559232420e+00 -1.013734775793852982e+01
-4.825639987369383377e+00 1.703218816480436826e-01
-1.715082548216421421e-01 -6.235417496804251947e+00
7.684037763673947197e+00 7.355457918269619810e+00
8.426091033324862423e+00 9.856670068818809582e+00
4.910630118582802517e+00 1.579981473601572084e+01
1.085254107506700016e+01 6.138101153718784175e+00
-4.147220565283181948e+00 1.890662660649770510e+00
8.587660353378293365e+00 -4.153541777239313504e+00
1.027059276420467171e+01 3.657297515903168428e+00
4.088152888402422747e+00 -1.368068589328724904e+01
-2.860267000388062364e+00 1.226955261842511691e+00
-3.322709267988703807e+00 -5.028155810229922862e-01
-2.886523671683642878e+00 6.743417440936964269e+00
-8.820824339626332389e+00 7.203147226746501319e-01
-5.833565730608522015e-01 -9.300852798859642334e+00
-4.171534804577728295e+00 5.272847268104301932e+00
1.269043109751351395e+01 4.994985329099816518e+00
6.285329294083884299e+00 -9.180508938842274702e+00
-1.384291848771523226e+00 8.751597860343803603e+00
-1.218293777402572386e+00 -1.189117968528763569e+01
-4.444843778076935870e+00 1.127545420188832193e+00
3.576478647445309633e+00 -1.199068543484976956e+01
-2.488397967255610244e+00 7.698474673653488587e+00
1.183869639131784091e+01 -1.720530859147043345e-01
-1.180766284359796581e+00 -9.216581001518274974e+00
3.229000237388731875e+00 -1.015984741773957367e+00
-6.438667924401832110e+00 4.763517762326631377e+00
8.504518903321624940e-03 -4.463200802845584403e-01
9.843342831728630671e+00 -1.367491973755591284e+00
-4.897853201928947797e+00 4.095677670860872865e+00
4.850632375409358765e+00 1.125967680874730270e+01
1.070241003409289071e+01 8.153577581219446202e+00
3.684435124154850971e+00 -3.355791488333565553e+00
-2.613971999934166845e+00 -1.481885721180913684e+01
6.532128629804902609e+00 -5.938429095286947845e-01
3.110583733340330337e+00 -4.344392086366511974e-01
2.181627792980718183e+00 -1.466771640924186659e+00
-5.036791232790458928e+00 2.427494255228706876e+00
-4.326959159649478304e-01 -1.697636078952844185e+00
2.017897783485972152e+00 -4.833641591129332227e+00
-5.671109428318563239e+00 4.499099414796685181e+00
2.283804285046900251e+00 3.429525597016376270e+00
-3.069360609390900052e+00 3.586671770617461119e-01
-8.847475483432441834e+00 4.105576408257906595e-01
-1.059204069747394561e+00 -3.566934804393112834e+00
3.706990976733784748e+00 1.869993674526411409e+00
1.744815556348529917e+00 3.342854226443716659e-01
7.453846176038507743e+00 1.220791764645328392e+01
-6.172176404641311009e+00 3.230225999148700122e+00
4.003401731165348920e+00 3.519802367429053724e+00
8.010223023040651258e-01 -3.318669793681359170e+00
9.801225005961242687e-01 3.881169869749216406e-01
-1.711344732056600426e+00 2.389417133125902593e-01
9.985108990840599885e-01 -1.209172372989234923e+01
-3.104770634053235945e+00 -1.463609689904034949e+00
-1.136555386975033777e+01 -1.923322823396648173e+00
-7.810339463646320368e+00 -3.369575251413321926e+00
3.735788510598223588e+00 3.493588703954707775e+00
1.377520774453638630e+01 -2.134987106486728514e+00
4.393544013726006447e+00 -1.107975711181179967e+01
-7.559078001005159475e-01 1.764968009166520524e+00
-7.889889818945180489e-01 2.309913859042061368e+00
4.517706404043920543e+00 3.237557315672349390e+00
2.400930701193487060e+00 -4.656407250490845584e+00
1.123623956106821353e+01 4.873197044954982182e-01
7.685865546819584893e+00 -2.333275413289717104e+00
-4.293242398770287238e+00 1.404198831310223161e+00
1.193408701887082923e+00 -9.227089519533702600e+00
1.636573497716810710e+00 -1.048190063034514097e+01
8.917308916470418012e+00 1.908675400308142533e+00
-2.165752303858460515e+00 -3.008551660421836083e+00
4.526621439673493563e-02 -7.725760274077847489e-01
-1.963106268179200531e-01 5.030255782589536651e+00
3.226344698636581132e+00 -5.793327512031051896e+00
4.750360167144340728e+00 -2.519764408267346045e+00
6.045532311695843708e-01 4.570807427577472382e+00
7.923643384704751824e+00 4.447065188154220472e+00
4.476598227566012334e+00 -1.002370106724680809e+01
6.615465717950821833e+00 -2.556809302769292191e+00
1.315895439399035194e+00 2.798310055495651483e+00
-8.192603029793432690e-01 4.311996129395549993e+00
1.370990486049806112e+00 1.368824687823482655e+01
4.892866299369347693e+00 7.168522220306696724e+00
1.364503502739254870e+01 -1.581933231805736195e+00
-6.459257289798215673e+00 3.311963478063411070e+00
6.340108601438213753e+00 -1.259823160424036281e+01
4.454028510625763992e+00 1.973896656138949712e+00
-1.180252063061369983e+00 7.494394997829390448e+00
2.222724281453632766e+00 -8.704187845339713681e-01
9.685715048285763018e+00 2.463538008455087081e+00
-7.659700330339129337e+00 -2.569841987777933046e+00
5.613279899045477528e+00 1.059098653021880843e+01
1.003361157582617658e+01 3.427902034411349330e+00
1.920755616408172717e+00 1.206793471087341807e+01
7.396038167933120633e+00 9.652225842930263866e+00
2.378185527501154528e+00 -7.381094261069385265e-01
2.153613612167546876e+00 1.038066265794965659e+01
1.512909469629404979e+00 1.325779297553131464e+01
1.093547902895902091e+01 -2.396731203150672673e+00
6.001566144185320084e+00 1.308223266560990439e+01
-5.470873935454955372e+00 -1.089196849729371408e+01
-1.838503794218877552e+00 -1.558042274218216283e+00
-5.175193903601722489e-01 -7.156923556444717782e+00
-3.988913198892650502e+00 6.318379040877003305e+00
-5.899593639135293222e-01 2.884320187919827472e+00
4.212720938330518083e-01 1.361527924850958371e+01
1.163125722477684088e+00 2.410098508995030198e+00
4.220246905298320250e+00 -1.269024814802894419e+01
7.707997884139854428e+00 -6.431968370607118679e+00
1.269374887903541094e+01 1.771141228154571090e+00
-2.196439730627524511e+00 3.369963253028699146e+00
5.381432862051501509e+00 -9.056830279474580081e+00
-3.526635991473380805e-01 -9.257503703876931667e+00
-2.311576801784134272e+00 -4.623347512729715447e+00
-1.721171189486946362e-01 -4.191919106062364619e+00
2.313565260495976661e-01 1.990724585894254606e+00
-5.023175762464375360e+00 -3.350120819467742983e+00
-2.398027549587362639e+00 -3.831488415432257710e+00
3.867580822743625912e+00 1.315416741225391206e+01
1.516638621360790529e+00 5.768559879902976029e+00
-6.216978642543289801e+00 -4.112563353099555563e+00
-7.559049420887208548e+00 4.628792524731328406e+00
4.750797150381708356e+00 1.349166342723761147e+01
8.214357932002515073e-01 -4.632577266073552580e-01
-2.924221716546366867e+00 -5.313602440249856063e-01
7.571537855265897399e+00 -2.388639434555453467e-01
3.698337579074970183e+00 -1.622848931978051468e+00
7.198598568988699320e+00 -8.863535978335020715e+00
2.245865516604985235e+00 1.509018483391129983e+01
-2.615130369158300105e+00 3.650269518866273266e+00
3.692427539294813599e+00 3.053457924031331316e+00
7.178809061492903432e+00 -3.420654909684565315e+00
8.373043221952826798e+00 -1.127129633009966492e+00
3.861995427824569838e+00 -1.327716611638494726e+01
-5.007023027459785780e+00 3.814881197052528705e+00
-1.334917030290551532e+00 2.940546226812382896e-02
4.117839532641574429e+00 2.180307472990957507e+00
4.380265975557929181e+00 5.858873864956532174e+00
1.290409947228436316e+01 8.509987618807516085e+00
8.395001539558311521e+00 -6.430839386639738642e+00
1.947880799860617573e+00 4.122568878185461472e+00
-7.318780796326914917e+00 -5.180053730642407706e-01
-1.784301456465718638e-02 -6.804968559536829220e-01
4.426979266790265655e+00 1.536642154186025699e+01
2.027981517306589598e+00 3.375109383149614839e+00
-8.096776298965936647e+00 5.877212710025523812e+00
3.834041415809408715e+00 1.470868772734085361e+01
-1.885225237745909332e+00 -1.932988978439471817e+00
7.411004138189141166e+00 5.702923438307903048e+00
3.755257087529690008e+00 2.201475553758160064e+00
4.277174220802610893e-01 1.472812515455262350e+01
1.040689857738325586e+01 2.451286326322141829e+00
-8.569863221154475075e-02 1.553962210484221274e+01
-1.896062134971793212e-01 -4.122098588405924691e-01
9.363392562763664273e+00 3.994783553218390182e+00
1.248366927998036058e+00 8.440222313707476109e-01
-5.239701067389490596e+00 6.093341192185561361e+00
4.773121708317168199e+00 -3.495447536498040630e+00
-5.933682326376595206e+00 -1.254895927831631575e+01
-3.302803333461920232e+00 1.121079768527112108e+01
1.027283700078664097e+00 1.507867448361505769e+00
1.058813589142190281e+01 9.994632463595243266e+00
-6.712256197801501401e+00 3.159735777586432537e+00
-7.200320856357437904e+00 4.431496647188462035e-01
2.552106654806776564e+00 9.205257567414779629e+00
7.808899414507787462e+00 5.848885185390639840e+00
2.592752619058229957e+00 -1.292376222455459711e+01
6.213104117017964612e+00 -2.722309652874391972e+00
-3.561720769859178848e+00 8.602327728627576775e+00
8.619621148211656703e+00 7.639909973258637521e+00
2.631141596519410708e+00 -3.354117256461423224e+00
1.415510999879942222e+00 1.051028754434910839e+00
7.145956868600706002e+00 -3.064293368611675117e+00
6.920883914584025298e+00 4.670707343212423091e+00
7.578387417945184446e+00 9.567681309795323941e+00
-8.220839373914362369e+00 -9.165727259821002670e-01
-6.566257814337193466e+00 5.812093660426596031e+00
-7.013819637871746338e+00 -1.001892124789173000e+00
5.400867561909044490e+00 -1.006240050096770844e+01
-1.292393482654702375e+01 -2.512691811111226414e+00
-8.935146952135319953e-01 -1.256949754487416193e+01
1.388560515341722201e+00 5.010589688104220230e+00
9.372684794136718622e+00 1.099733566970379250e+01
1.027973007972095587e+01 -9.866188093587060948e+00
7.355705476273513455e+00 -2.013766771364911279e-01
3.480743534674127559e+00 -1.187609745654579285e+01
2.983237026348519283e+00 9.465930487993730047e-01
8.062266064420992251e+00 1.216900440899518721e+01
6.191807178199081996e+00 2.470248132031899413e+00
9.474649399916302173e+00 -7.336516393422182425e+00
-2.712562172406687733e+00 -1.789683312048131025e+00
7.091829524962593112e+00 9.758488933809410071e+00
-2.485821498480155434e+00 -4.013116157251889748e-01
-3.478451081991065674e+00 3.336155643458401876e+00
-7.996330119084125165e-01 7.638884849572958657e+00
9.996384352790114391e+00 5.377046889938773333e+00
7.088396704761427358e+00 -1.193468966567738099e-01
-7.760944548837266366e-01 6.522606563249927492e-01
5.419266933131010155e+00 -7.502251985119674060e+00
3.290641451402097850e+00 -7.932671822015549878e+00
2.969470709483224891e+00 4.289522781862641132e+00
6.554789849116849254e+00 -3.053165510259754356e+00
6.056923482467287734e+00 3.301266354993706464e+00
6.475542120300197269e+00 -4.866227683828766359e+00
4.211600595120635226e+00 3.327960324182583474e+00
-2.229816868454113088e+00 6.364562874804232884e+00
-3.321035582937287067e+00 1.141427316047981755e+00
4.889771113951475456e+00 -2.529081685580617744e+00
-1.337762289439263785e+00 -2.025207023788216265e+00
-2.877548292571847632e+00 6.983723141500773224e+00
6.420767802727689322e+00 -6.544953169342155874e-01
-4.873264022883046387e+00 6.941492717289235337e+00
-2.640329673680010258e-01 -5.391262913478669816e+00
1.004901811511935428e+01 5.891293208958264804e-01
1.404114271436674333e+00 4.398186729734923084e+00
2.640895580767907536e+00 -2.257581364094952470e+00
1.099966272307945125e+01 1.538261867022801432e+00
-1.536346176862122270e+01 -1.802729998656792842e+00
-8.042387974543315110e+00 1.714855326296398141e+00
1.496205154346292199e+00 2.289016512722262142e+00
-1.989685879013908698e+00 6.269339117814139328e+00
5.016639893100959258e-01 -6.080633004570499267e+00
-9.254605221918081881e-01 1.161950534425369597e+01
-8.107793588215066904e+00 -2.829422509088054483e+00
3.342726385537838407e+00 1.321840883429040225e+01
-1.121941423222932110e+00 3.100948794327329061e+00
-2.513189487673492817e-01 -1.249500970915858211e+01
3.001755454876575246e+00 -1.320486005347324010e+01
2.780604366517929638e+00 6.859303178537224710e+00
2.455272554226764381e+00 1.166376806882526829e+01
4.579790263705971198e-01 1.546017227637811331e+01
-1.492238949114504498e+00 2.744211549644471226e+00
-1.832345572148467383e+00 3.491510945939549249e+00
5.269586338104011780e+00 1.191524805254856645e+01
-1.266901578415569052e+00 1.154583682944571699e+01
-4.656106002997761451e+00 -1.289948890318715069e+00
-4.457176657836521727e+00 -1.302486292679098234e+01
5.066505540181451828e+00 1.413780745527615679e+01
7.083354610176977317e+00 9.528636345741944069e+00
1.710371613823438164e+00 -5.347523996447299588e+00
3.452237994338808846e+00 2.048885270891461108e+00
2.980733425589084939e-01 -1.018905493042664201e+00
1.000911269205366771e+01 -1.090093020268183643e+01
8.135581842390006813e+00 6.228377714824299360e+00
-5.574127105349186984e+00 -9.274870195978195397e+00
-6.635103986451429403e-01 1.074196131183436620e+01
-9.276185991082394722e+00 -7.217155056974489113e+00
2.878439808766548591e+00 7.461506302909874655e-02
-8.149147616204574618e+00 5.285425419364685240e+00
-8.209787275424165642e+00 -3.630601918008025564e+00
4.262426054162787858e-01 -2.939989247372339687e+00
4.636648938267857289e+00 -6.338429879925421062e+00
5.941982426003435958e-01 7.140356991911479767e+00
-1.939684962677526103e+00 -1.391465147957542570e+01
1.030395764559751903e+01 -2.193795412895772401e+00
-4.802080450714969473e+00 4.400265693878949946e+00
7.581185897001180507e+00 -3.619197613539886671e+00
1.553374135336883510e+00 -5.484970130429939195e-01
2.148322590985678737e-01 -1.550203337290617656e+00
8.435178626469230778e+00 -7.880073537042776799e+00
9.699062752053356107e+00 -1.700255397648227085e+00
-7.063691537012955352e-03 -1.107947125927930188e+01
-2.747140062804013461e+00 1.232338808834345656e+01
-1.961206053392523296e+00 6.099519285410475611e+00
3.080923881603595316e+00 -6.317919292610904236e+00
2.065622454090209281e+00 -8.352044270280977400e+00
-4.834313923189363926e+00 1.614447340098096539e+00
9.765001179855831381e+00 -1.131855474297205788e+01
-3.179672134017486496e+00 7.469437605693405757e+00
-6.483583539044213140e+00 -1.066704044772476401e+01
2.075483553076101995e+00 4.914612828185694227e+00
-1.217461933851091971e-01 1.228506166552697954e+00
-2.434917404205523273e+00 8.084532443423595893e+00
-6.900367918926235689e-01 1.168380225440453390e+00
-3.211714633310163713e-01 9.336411482559727304e+00
-3.531763208185010772e+00 -2.472895276821368338e+00
1.034328256408099111e+00 2.732897875020187328e+00
3.625480964875877010e+00 -5.568436479752120860e+00
7.336503004152283403e+00 6.553682131017138701e+00
7.445105431180990330e+00 -5.364693049304802841e+00
2.474077025589338952e+00 4.585967386024092818e+00
-9.130232808235124731e-01 1.925747079011807195e+00
-4.879329973791869390e-01 -3.440567508946545061e+00
3.888472493339497071e-01 -4.248772991002151223e+00
3.742381997326549747e+00 4.897740522170852095e+00
1.026625524421482183e+01 -9.185606695878379968e-01
1.171049221785656513e+01 3.050243171883419535e+00
8.932760779999757261e+00 4.646761793563177534e+00
-2.000716093308957166e+00 -1.980436408231337042e+00
-1.769238261613412355e+00 4.697509674600175877e+00
5.632439298661893190e+00 -2.216862819073704749e+00
4.737996013698917430e+00 8.473737045356417141e+00
4.980886412845697109e+00 -3.353600418295773267e+00
1.288178735036015077e+01 6.208701664228628125e+00
-7.881455767056490203e+00 8.362961930379001485e-01
-2.131188733204352648e+00 2.991689865869054721e+00
1.349271612300465550e+00 3.194446878686598712e+00
5.659107509146216186e-01 -1.045576735966150927e+01
4.251635057994900713e+00 -7.940315415051959036e+00
1.490556045837608368e+00 3.060172933952435503e+00
2.359445143371149634e+00 -9.717363219730352775e-01
-1.038276319342467069e+01 -4.162472545155986303e+00
2.464990139640438116e+00 -8.893406093599063311e-01
-2.553708273400416395e+00 -3.433444451071774761e+00
7.557543439857365541e+00 5.389894593528584466e+00
-1.574957431577113764e+00 3.994805042128283468e+00
5.172785694543722279e-01 2.163536617344312685e+00
9.797048329322068483e+00 4.301165398942687901e+00
3.069606188961640392e+00 -1.755515346573902846e+00
-2.932738978701898258e+00 -4.031281390370883067e+00
9.331923891441677554e+00 3.121077629384075625e+00
5.770052674706050766e+00 -1.085401388062388950e+00
-3.766098953479136480e+00 8.098557215572675716e+00
-7.444629134622460676e+00 2.865517231253700281e+00
2.274730638208204869e+00 9.227015855797240373e-01
7.871689383633617254e+00 2.147391042093867330e+00
-9.216149507383363249e-01 -2.999508486235752613e+00
8.909385513462972028e+00 9.256062298055407922e+00
-3.508400913490507644e+00 6.729691835478505801e+00
-1.394794825558739015e+00 1.112427253371678759e+01
3.501169829196069117e+00 1.191710796831285180e+01
-2.617696436322207720e+00 3.457810470871586439e+00
1.291797608952757859e+00 7.895272513704718165e+00
3.793963209404943582e-01 4.665419687366071599e+00
-6.834713642001932321e+00 -3.062190865096094505e+00
4.539371522448323759e+00 6.501176653541551609e+00
3.806136946697300072e+00 1.297914014405526650e+01
7.051031035385390666e+00 4.785295751129584829e+00
7.191703091401587811e-01 -7.406770729279013921e+00
-6.967648264785263557e+00 -5.941428948188161030e+00
4.767025268553985562e+00 -1.108788978571337225e+01
3.290279629499572422e+00 8.409071194863015464e+00
-1.194862176337523563e+00 -7.302986837734751546e+00
1.169647235347853353e+01 -9.758452166966073704e-02
8.528702792310838277e+00 -7.451011493062337010e+00
-7.969673327718625799e+00 -5.220676213920396158e+00
3.450213915691457078e+00 9.273357529973578650e+00
1.217448620481561328e+00 5.408960929034217990e+00
4.514754367642428434e+00 1.191215778840008355e+01
1.098197874013639286e+01 -8.546619550990762093e+00
-4.477927841543298371e+00 -1.102698823548051266e+01
9.502191509579360762e-01 -3.644193809009429685e+00
7.913069474820716209e+00 -1.057495120452922421e+01
2.700793033155856726e+00 -7.587228114144977553e+00
9.439841558700166502e+00 -6.152100629641549467e+00
1.448695890396147234e+01 -2.710345262621416840e+00
8.089217565985232783e-01 1.340968682271370227e+00
1.056154274480140653e+00 -1.163318127945943276e-01
-1.120336126076486316e+01 -2.478280569133495703e+00
-5.322961347790503561e-01 -1.175437512172701027e+01
-7.005368559052435051e-01 7.820245940680194074e+00
1.224026262536630938e+01 3.766849204754253222e+00
9.861010285276895715e+00 -1.193108400115523615e+01
9.004216137392251795e+00 9.623282408394837617e+00
-3.285237749958816345e+00 5.656532140200505765e+00
-4.019544988449054834e+00 8.610873374734085317e+00
4.277102365051279165e+00 -6.880785038712166068e-01
6.948434395703523947e+00 -3.895179258748934448e+00
5.980430983247734922e+00 -8.414380976015825908e+00
-2.116804199489437543e+00 -1.044184698093131969e+00
2.446917986047709159e-01 4.722019540358407319e+00
-1.607993703015852205e+00 1.180252510940544752e+01
-7.359183820948915766e+00 -1.032846150798356533e+01
-6.246577154893900863e-02 -4.844462718573915971e+00
-7.009281481419240567e-01 1.165826423360076802e+01
-1.476530718464776903e-01 -1.428017699065850543e+01
-4.160672835999328356e+00 3.071103391946388150e+00
-7.302325037320334111e+00 -1.609357046754670506e+00
-8.122334210949476940e+00 -1.039172696829644771e+01
-3.835002886860195748e+00 3.407679869212478341e+00
1.152048261645640670e+00 4.527352592965391054e+00
-4.005545129337235721e+00 -2.274676561072334902e-01
8.728384395853064248e+00 -1.627661021120732077e+00
-3.619596824507139154e-01 -1.075179524649152452e+00
3.577460094672854640e-01 1.393034688126689424e+01
1.893851672920808804e-01 -9.207631623595160519e+00
1.008672310376576231e+00 -3.048944926062674199e+00
4.765083171873268242e+00 -3.837198790050074138e+00
1.970509837833779532e+00 -2.198787536358558725e+00
5.468290029561582166e-01 3.596832325284116116e+00
1.146821108782491550e+01 4.076327987865361102e+00
-5.711983588040789428e+00 2.150758156160049506e+00
2.691600787017713436e+00 7.698530973656098064e-01
1.723570337248576889e+00 1.395759106861648746e+01
6.500432201473332894e-01 -1.394297523802344152e+01
5.595714079238391092e-02 9.253377817735650268e+00
-4.502613461616626012e+00 -4.742656516240275621e+00
1.044957920943923035e+01 -2.080294583508904172e+00
7.223497490348638195e-01 -1.778055568015105115e+00
3.498347752908016695e+00 -9.452048382070039168e+00
-1.489563223603926456e+00 1.271842842049362154e+01
8.688341916666564302e+00 -2.180238962415149473e+00
9.580875199677121756e+00 -1.242190146829210917e+01
2.640751720637089406e+00 2.242451061881022500e+00
-6.184171785369779073e+00 -1.330771795450758610e+01
1.084052686792341680e+00 -4.601423864777641093e+00
6.110190564115156597e+00 3.935114995647521319e+00
-3.479658942736522764e+00 -6.034235368898114515e+00
-5.098538395512065335e+00 2.024960955383438233e+00
-3.920395557680739884e+00 1.149018496547526347e+01
6.844870111181936778e+00 1.934403145273844604e+00
-1.961117905489279556e+00 -9.303510550754063857e-01
1.085293593470848705e+01 3.617513761997557253e+00
1.763746426677970103e+00 1.318562318496613664e-02
2.207883737327576590e+00 6.768112409035422772e+00
-1.590398176202371672e-01 -2.260936524266132341e+00
1.249361295048926301e+01 5.419897471861440330e+00
2.446476563953097205e+00 -9.670942149285703948e+00
-3.083877918722993439e+00 1.205727526520534987e+01
1.383872577156258821e+01 7.128731244920173182e+00
1.422399455619522257e+01 1.009208210008285533e+01
7.344629547639555334e+00 4.127986259747519426e+00
5.659269235003440812e+00 9.947697437877168980e+00
6.682104798352058950e+00 -8.449239293334603218e+00
-4.601663722999449035e+00 -7.288344893304540051e+00
-2.799787696829095118e+00 -1.181752341440031095e+01
3.817978895312470478e+00 4.045500220289112825e+00
-7.424453832685765420e+00 4.728006261791442455e+00
-1.483250792714733102e+01 -9.703649904753914868e-01
6.214953323024696275e+00 3.744360714391024025e+00
2.052662672352266071e+00 9.025695825493473379e+00
-6.028068992694954886e+00 -5.895762675786747842e+00
2.796990007179683158e+00 1.440066784618511520e+01
-5.448767355271971091e+00 3.189699015383853919e-01
-1.769435013161695380e+00 -4.643629282837103744e+00
2.764628507651923250e+00 -4.685280234255214893e+00
7.158684357009406973e+00 -7.960295247201663038e+00
1.057476788348567354e+01 -1.026206768236059830e+01
9.153911399480081812e+00 5.806437719488335425e-01
-6.715752905262367678e-01 -4.332818104478526777e+00
4.375978229172228673e+00 -7.599452093664594621e+00
5.300827790177106147e-01 3.000923484708979849e+00
5.811587421049589253e+00 1.559705615708579352e+01
6.924687798913215175e+00 3.734383405768978426e-01
-7.249663818877448485e+00 1.523130999941552322e+00
3.996804596617177907e+00 2.417364442368977073e+00
-1.228524578372509835e+00 1.180161760409664673e+01
4.052117589520171315e+00 -1.831728704461319301e+00
3.521333533200061705e+00 -3.528871835666947399e-01
2.930608239895625022e+00 4.551566187602477775e+00
5.761908541255786886e+00 -2.622886227819898775e+00
5.329110969523942920e+00 4.219624396317148474e+00
-1.174790250907242539e+00 -1.349261789040698289e+01
8.451837324367852844e+00 -3.634176277698129898e+00
5.562728413001361893e+00 1.137664508823611875e+01
2.567768812531713074e+00 1.399198284862925057e+01
-3.118511303615048025e+00 3.285774651085782594e+00
-2.821788845396780765e+00 3.121504646294592789e-01
5.599059923470162126e+00 -1.149583778195330908e+01
-1.011563740634118025e+00 3.376564580884983346e+00
-2.020330871931903971e+00 -5.095468664820340665e-01
3.394519046600880774e+00 7.623573060146275004e+00
-3.645482060136573832e+00 8.861261926469554240e+00
9.912057140895040419e+00 2.306914869054864425e+00
-2.369680602786075063e+00 5.230877585049585221e+00
3.615103694949636015e+00 -4.821307292854036808e-01
6.693944108292246842e-01 4.215372393269491980e+00
5.483309609699962728e+00 1.191890643116352777e+01
8.434292662116089190e+00 -5.742496085611290546e+00
-3.049518826856871812e+00 -2.932130454458899305e+00
7.104285436963813538e+00 7.378111450590188802e+00
-6.024865218816598755e+00 1.605409932621084446e+00
-2.478703140146591544e+00 -1.524189679361458660e+00
-4.112144364916812123e+00 6.062049924667761935e+00
4.437100717549060214e+00 1.294837220670764566e+01
-1.916404963997071276e+00 -8.787252912222946577e+00
2.466487399185267826e+00 4.427736815284566418e+00
7.598681865953125225e+00 1.959162868907735833e+00
3.429284379378302106e+00 2.721830614741341137e+00
9.229159467987541277e+00 -2.471474754753631986e-01
1.972300900285726410e-01 3.087015806331707690e+00
-2.335683097174093170e+00 -1.117379894890520919e+00
-3.582474881782010456e+00 9.573022801113687308e+00
8.017146079578591156e+00 2.344172717552542640e+00
1.003150614319810785e+01 3.045917749220359294e+00
-8.524210560768223033e+00 -3.793927945146071679e+00
7.838906980271943326e+00 -8.270658068718709899e+00
-1.574186524477488636e+00 8.831025898199783342e+00
-6.413108778535858701e-01 6.744853195403215373e+00
3.441165647790010773e+00 4.532419295789112290e+00
1.892671542653009631e+00 -1.355131595553791080e+01
1.217496930630155028e+01 9.855160633799892267e+00
-5.388303406256529371e-01 -8.778705570942451075e+00
4.655387119705291177e+00 -1.340413470172723720e+00
1.326901024706353294e+00 4.244566239208455549e+00
-1.706156893080371217e+00 1.242478234123429726e+00
-7.523220502492399042e+00 -1.144110493934232764e+01
5.634799048802721089e+00 1.077958146574434828e+01
-9.791766937335814047e-01 -1.048622811176269920e+01
-2.820883112088269584e+00 3.502777257161867386e+00
1.194564843535458287e+01 7.958328524651305358e+00
-8.544775955468784545e+00 -1.415897561435502050e+00
1.481168677459591798e+00 3.488322752483893563e+00
-1.776779697355039822e+00 4.005886156735334325e+00
1.246732723538537080e+01 8.444642855573601281e+00
1.488712088920644661e+01 9.774932763112801126e+00
-1.316189628124117883e+00 3.086257764525832670e+00
3.920708709165188655e+00 1.053690097578505458e-01
4.649931128768201916e+00 -1.107824642827744022e+01
3.528267654424860345e-01 1.185835352491851680e+00
2.032258599200118532e+00 -3.693778863451019578e+00
1.175585399020455135e+01 6.874735322322862885e+00
-3.435236548846946736e+00 6.909332271432352179e+00
1.093570019160820905e+01 1.000758934846066239e+01
3.130984834979566589e+00 4.249535239542880483e+00
-4.677934941900724120e+00 6.797892075528540801e+00
1.038641834896666616e+01 -1.029299956262770266e+01
6.534211975623177793e+00 -1.352113245292087385e+01
-1.395851575424984434e-02 -3.350803302521222271e+00
-1.835887393400462475e+00 -1.306443921464432201e+01
4.000738315560995240e+00 1.796853582882534717e+00
1.761651590450696636e+00 5.471528785864560263e+00
-6.505559874081432881e+00 2.360724983638055274e+00
-4.120496436966727849e+00 4.352023039413708716e+00
-2.456512702893554057e+00 1.536607272963439463e+01
-8.296377740862039829e+00 -3.221589126228539879e+00
1.119461062046487765e+00 1.206164435649903055e+01
2.845433357253585704e+00 -5.630323865207790490e+00
1.206828948233714272e+01 1.463840116763210020e+00
9.590463149433672285e-01 5.905202940366827136e+00
-9.752138432946221513e+00 -6.174880377082621941e+00
3.649066938035379515e+00 -5.991043458830591639e-01
-1.015298746107613503e+00 1.901636820108897341e+00
1.168321697741550036e+00 1.235385392481938460e+01
1.513477866143329464e+01 9.751367820882994586e-02
-5.161761528975567614e+00 -9.960573072249914617e+00
6.860493490547784567e+00 -3.418655680450706780e-01
3.660794501830119785e+00 -9.658780092101668657e+00
-2.959284524698013730e+00 -1.105074357381494954e+00
-2.372812039893928748e+00 1.265202152861688667e+01
9.876927931540783190e-01 -5.433191887352859517e-01
3.289988736685179216e+00 2.416630540067770949e-01
1.082688830636897315e+01 1.176311285629847436e+00
-4.479683305325669274e+00 1.387160124072189360e+00
-1.117764242828725552e+00 8.438715781472845734e+00
3.811311927733493476e+00 -7.961431488143616342e+00
4.688323731896768543e+00 1.819749885157654068e-01
-2.364531815622822553e+00 1.553965190033540900e+01
3.668911293438192445e+00 3.318899799493350677e+00
-4.146266001384923072e+00 -1.239926295230643838e+01
1.538108604392018686e+00 3.924958043607686520e+00
8.150223888327824184e+00 2.179678108996679242e+00
-8.113496043833384519e+00 -8.014790419922734444e+00
2.920613730964012333e+00 -1.507593357982094062e+01
3.294362063648430095e+00 -1.012191419071776366e+01
5.620223254338996277e+00 2.741667786839902199e+00
-2.077007894395247245e+00 -8.244318401110950489e+00
1.061637970799519159e+01 2.765688286606561297e-01
-2.361235115649862326e+00 1.309601914423711211e+00
-2.920433996130940568e-01 4.786924059258623743e+00
-4.170915320249513947e+00 1.320041163913339366e+00
2.140112122287828988e+00 -1.328412116788695307e+01
6.738524731243902721e+00 8.261306703190244960e+00
-9.646908066059886266e+00 -1.602164496092537416e-01
-9.248960919447782203e+00 -6.938934395620365514e+00
5.180256323228275228e+00 -2.066264600359511316e+00
1.824373800737126405e+00 -1.002326964953911315e+01
-7.796321015774929641e+00 -1.069654856301864321e+01
6.685839098969070804e+00 9.076172351660479753e-01
3.420634789137827259e+00 -4.831836765544125001e+00
-3.364216506955199470e+00 -2.584901040830610341e+00
3.144959354392916406e+00 1.201538221688125185e+00
8.022380779532467088e+00 -9.550073941798881805e+00
5.407711119889039075e+00 1.162276386438983566e+00
-2.318473366377118872e+00 8.486437913923548848e+00
1.256724639880858918e+00 -1.245258742288202747e+01
1.041771860405441785e+01 9.627654340357493012e+00
8.059144478379355547e+00 -9.186310559518275909e+00
7.184160853207775865e+00 -3.233294342063043114e+00
-1.019295897041323062e+00 1.621411459527377019e+01
6.659634681757607311e+00 4.877328020560585564e+00
4.809239909369233956e+00 1.768162097411720923e+00
-1.218155725529665556e+00 2.272839259346443708e+00
1.183911001724428225e+01 8.539428148109305283e+00
5.075146346943439468e+00 1.280678876122285281e+01
1.015836305481945701e+00 1.355352195587558661e+01
5.015348769562381293e+00 6.038145367521731366e+00
-3.331269645102840293e+00 -8.547759838938237209e+00
3.101314131455758183e+00 -2.299109243805538494e+00
5.914688389898659970e+00 8.354114633822756986e+00
-8.073841836985176101e+00 -9.585537863727610741e+00
2.433249764176399044e+00 3.909092957570472926e+00
-5.297719558522183014e+00 5.405574746749667980e+00
6.556259617653643623e-01 9.923522014462934138e+00
-6.485056665754572514e+00 4.647735452979592452e+00
1.547939401216292810e+00 3.200716086671576477e+00
7.912661562814205851e+00 -9.687349210101505292e+00
4.823930075805150430e+00 4.174429256848741332e+00
-1.383772679847451492e+01 -3.482481086615258903e+00
-1.019082821817067597e+01 -3.611855290945297892e+00
8.885357408123747414e-01 -6.700785621962982219e+00
-1.155476254940784431e+00 3.978796946167268977e+00
-8.174331186815199102e-01 4.665539218562409829e+00
-8.640136979418338470e+00 1.036516324641470810e+00
-4.326731606790755080e+00 -3.604758396083572070e+00
2.584679607727589534e+00 -3.098871623116274066e+00
7.723993778194694571e+00 1.029663281523436558e+00
-2.882610074368605169e+00 1.008769540777976204e+01
-5.596731009347964303e+00 -7.786521361793803386e+00
3.073089983796704505e+00 1.133831395143662490e+01
6.098360320429220272e-01 5.614494483341096576e+00
-1.064720607297544142e+01 -2.264704358112537452e+00
7.618011976107918137e+00 -1.175740604620383989e+00
-2.750284026299525841e+00 9.554817205879936992e+00
6.400457071877015736e+00 -3.901768957876949440e+00
7.527736132914236933e+00 3.690272359831929805e+00
-1.153766574619567109e+00 1.519507493440277379e+01
2.471915517222464498e+00 1.438817017372574547e+01
-4.799628141417271898e+00 3.974710599556842805e+00
-1.018438357820497631e+00 -3.866238095223630378e+00
8.197543282393100483e+00 -7.469846544330736471e+00
1.659108904009445329e+00 -8.729415903677827160e+00
5.235067153745174728e+00 1.573725466257532180e+00
-1.966171244869608925e-01 -1.190000526171420248e+01
6.523692883122725661e+00 -3.262754334618857666e+00
6.644894069495832056e+00 1.260617483361904156e+01
-3.470611681356435163e+00 1.025311919006139760e+01
-1.386675826509733200e+00 1.163381151840099825e+01
7.523154744049115328e-01 -1.510171467714319782e+01
4.606855779791229288e+00 5.489630846502399075e-01
4.856331032082580101e+00 6.225160304261514455e+00
5.774100416173286732e+00 -1.734766098247312316e+00
6.263973140652487892e+00 -4.315300022338919739e+00
2.516106159623664240e+00 7.304953535405723786e-01
7.663768537134251879e+00 2.722764316767154025e+00
-1.097451120360126708e+00 -1.170561642014173342e+00
6.025381221917741392e+00 -6.222163237910776079e-01
1.076717335415234622e+01 9.580424410234313015e+00
-4.757169092333427329e+00 -2.198168151420924143e+00
1.031317023773404395e+00 2.292349102615016676e+00
3.239692140188541014e+00 7.235589781300802770e+00
3.964631282974742987e+00 -7.828482489917302445e+00
8.381060770598469656e-01 1.253237822569766813e+01
7.868997880273760348e-01 3.215979934741238999e+00
-8.037727848179038403e+00 -4.434043890978345281e+00
1.265810399679940579e+00 1.535973218556793007e+01
-5.053926283377213835e+00 1.020996486008333148e+00
1.014347694995988647e+01 4.204000435073910857e+00
6.747743802855381112e+00 -8.799178512203623015e+00
-1.014904625283508777e+00 6.921650995255902217e+00
3.469591183484602492e+00 -1.647541421541540929e+00
-7.163194204668601461e-01 -3.429784119189782654e+00
6.268967436487923983e+00 1.050948688336980474e+01
4.963815592803383581e+00 2.592869500096050217e+00
1.327022549529901063e+01 -2.610907596919790130e+00
9.634833908463251717e+00 -6.771138046277454414e+00
3.688976171836516382e+00 2.782424928582424961e+00
-8.761659046233408077e+00 -8.008797169594922494e+00
-2.438297021806382858e+00 1.112925710043419159e+01
6.734058331494773064e+00 1.108915021971066395e+01
-4.611561071281877755e-01 3.997548858918413828e+00
-5.566495596139782454e-02 5.239092481881276520e+00
5.398914630010545501e+00 -1.090752199058094796e+01
-1.280966552787841550e+00 2.865084122029740055e+00
-9.378179170771426598e+00 -4.645229875531549091e+00
5.758909146783458333e+00 -5.265358657475758264e-01
2.314259655905021251e+00 -1.355748705939089938e+01
6.850150043664788413e+00 1.172732730307757487e+00
1.118348850499933000e+01 3.324975104193780950e+00
2.419779237202938749e+00 -1.266678321525834328e+01
5.525077973385251973e+00 -3.523606259857769984e-01
3.571449184651552144e+00 4.463305758701151760e+00
9.851707510124118272e+00 1.597777138888094806e+00
4.820124965853393562e+00 5.901661342424561196e-01
1.572034717730475817e-01 -4.068534464682383778e+00
-3.571727105539839187e+00 2.041753699040851355e-01
-3.850215342826741161e+00 1.408826512439158796e+00
-6.022160372291065489e-01 4.183039240683532611e+00
1.044194266093080081e+01 -6.710362984862914715e+00
8.528658875284539365e-01 1.578851720459865149e+01
5.910105281227058249e+00 1.403162074620165345e-01
4.876685440351598011e+00 -7.034407199644584274e+00
6.110925642291474169e+00 1.135012071824873203e+01
-3.447099976663132281e+00 -9.443263781762393450e+00
4.071365438419285887e+00 1.471824584147885195e+00
-9.735951090423915488e+00 -6.897369986063348613e+00
9.201166665143338363e+00 -9.777982575146071387e-01
-3.000499016552078846e+00 -8.261080361823016638e-01
6.519620458637035654e+00 -1.446977232816841541e+00
1.029569700381532726e+01 1.798451027946416758e+00
-3.606891520168571841e+00 3.281334017544760839e-01
-2.569711106146831625e+00 -1.344414580220755795e+01
-2.837601734996869851e+00 -1.402590911083267677e+01
8.493391826540117151e+00 -4.371626032995658662e+00
4.741188925100031426e+00 -6.112889159264546457e+00
1.001567802485594250e+01 1.207210364762664412e+01
7.458793804644542336e-01 1.218222027335407986e+01
2.395811736017148696e+00 -1.225132702951980956e+00
-7.974051117940983424e-01 -5.548967082370007020e+00
-2.147473718111963414e+00 1.481919687110517359e+00
-3.054680535590100998e+00 6.911536883421795174e+00
3.607516484562742765e+00 5.363978710009238426e+00
3.110760521866658301e+00 8.853560500414795698e+00
2.517643152044294119e+00 -4.721095238831940044e+00
9.780930901411192480e+00 -3.840940052535503302e+00
-1.352393068521558561e+01 6.342679078757715305e-02
1.162166211633102408e+00 4.979543660818799289e+00
7.394126397056183242e-01 4.133821301066897824e+00
-3.641745802969397872e+00 -7.916277416182963655e+00
8.520984583434188409e+00 -9.548528047912808958e+00
2.474998583696886190e+00 1.495265455072885530e+01
-9.167649940504830619e-01 -1.456071795326632845e+01
5.825664926247660524e+00 4.775316985611587128e+00
6.177887413454065779e+00 -3.839440920433368820e+00
3.907665937751167107e+00 -1.480804807226564890e+01
-9.679471834130222163e+00 -3.427415407544531778e+00
6.171953640619128656e+00 4.576209559104400526e+00
4.384978191020958427e+00 6.174657537760382731e+00
3.679957222226334146e+00 8.629569695645765037e+00
-9.903551964749919279e+00 -4.983862813460141261e+00
-2.155189412348700539e+00 7.570902894040693276e+00
-4.114401813624650739e-01 1.512279470125461422e+01
4.904952272926517587e+00 1.187050603710185781e+00
1.980448651008895666e+00 6.733215935400373553e+00
-3.898474636822399919e-01 -3.721681057820381611e+00
2.444045507341267687e+00 1.786935197555651111e+00
-3.339948291804735181e+00 -1.271922221847654377e+01
7.618183179557371787e+00 -4.744960070960172693e+00
5.059390088662992113e+00 -1.241871454251388229e+01
7.354259342161197921e+00 -1.230521162924318190e+01
1.097204956883270466e+00 -8.640218650492132113e+00
4.465469322385565043e+00 8.940355633482056419e+00
-2.350109987325502914e+00 -3.520324297324972651e+00
-7.758451759742023057e+00 1.514307301437321840e+00
-1.682867383662258520e+00 -1.300950700884825473e+01
4.387234298335799920e+00 1.272582824117293576e+01
1.050841754856107979e+00 -6.178725720363066110e+00
1.410528726235187946e+01 -2.563325274884516780e+00
1.704629733517538881e+00 3.641176536447456868e+00
7.542523789026474468e+00 -1.311415771645876660e+01
4.184838312122558079e+00 -1.209725964523260267e+01
5.595004707316818759e+00 -1.252377351062000210e+00
-8.627065917709400011e+00 -1.995047014357739457e+00
7.844006983765086538e+00 -1.119853298975769818e+01
-2.961873500232854450e+00 2.658230364486284247e-01
6.851688370955586471e+00 -2.722690889637003231e+00
1.106636993341332698e+01 -1.195843016833354477e+00
-1.027192553316546020e+00 -1.256892714905739439e+01
8.105476827995737210e+00 6.056634919488910640e+00
4.448840734486254611e+00 1.144598281175252197e+01
2.852831484411953999e-01 8.823635057944501980e+00
7.085454924082404737e+00 5.408848462601629770e+00
4.206574980430450417e+00 9.756099014560270177e+00
-3.097311034105974414e+00 -3.680564261773739965e+00
-8.420735730421768039e+00 5.606343771303457402e+00
6.856600013971388963e-01 1.867944531085739435e+00
-4.853281409048237016e+00 6.507413020489991595e+00
-2.956116311413127029e+00 9.572348369119739742e-01
-4.309786926145148911e+00 5.555541459041389629e+00
3.434393408642718359e+00 -4.040415529528056382e+00
6.385670269504799101e+00 -1.046255624449127453e+01
1.049316358756752265e+01 -1.061995759058186906e+01
-1.468870296854477786e+01 -2.001533676728131095e+00
-3.434736490246602436e+00 5.145815371327600474e+00
-1.416605513055436472e+00 -1.396402081237905612e+01
1.951864258245735950e+00 1.118338334513256704e+01
1.202156304101768747e+01 3.647737405394250843e+00
5.551345515585976109e+00 4.261396181020919549e+00
-1.497778117643065565e+00 5.587053372836482623e+00
-2.692438354483935203e+00 -1.090109258043507667e+00
5.055957425036217145e+00 8.342152714430071114e+00
-4.853002047487969262e-01 1.075406904752981241e+01
-9.730094250546265755e+00 -2.716947868124587107e+00
-5.380070121742931422e-01 -5.042067019694810526e+00
1.817977039714563148e+00 2.676853275492018014e+00
-6.265592202846363534e+00 4.243981383143315078e+00
3.012241080332883403e+00 -5.777039279857980603e+00
-2.064840329496680393e+00 7.315984911542597224e+00
5.073478616490883830e+00 3.881742620656866372e+00
-2.386830510695275187e+00 -1.422052037453360063e+00
9.089381764098435568e+00 2.975854856220069511e+00
-2.925784902301341805e+00 2.335594132136222356e+00
8.923931764302054148e+00 3.894981320479276476e+00
-4.375779000068919622e+00 6.837098485825283234e+00
2.569889907430992437e+00 5.585298590494256921e+00
-1.719052863571786383e-02 -1.250338186487997305e+01
6.729610023274410047e+00 9.225167817515430357e+00
1.027700966185291342e+01 2.851263056340821667e+00
4.613611942386346421e+00 -5.485473475359510687e+00
-2.474925671367289581e-01 7.268318409707648975e+00
1.167004682531894488e+00 7.341448885970961236e+00
5.386881915445047575e+00 -1.153289571143732495e+01
-5.886786756541360965e+00 -6.010267415228130794e+00
-8.755148925961806938e+00 -4.376140431479408122e+00
8.514108084665624077e+00 7.884285714152005298e+00
-3.822586152985064434e+00 -7.231351703220846971e+00
-1.032917976706116292e+01 -2.362031395875690887e+00
7.469947036239340754e+00 1.098811028852368921e+01
-1.752380776950441144e+00 1.930844991848725156e+00
2.421560391129724099e+00 -4.433834331512842120e+00
6.541374799157792630e+00 -1.934911280001681888e+00
-1.954162199674795097e+00 -3.357924379320078589e+00
4.583418683023703366e+00 1.307414487618905774e+00
8.842530397087319471e+00 8.471948761010891005e+00
1.316581728138120910e-01 -9.444690105038788808e-02
6.016275730141874334e+00 1.011888909614055621e+01
1.096500554002730166e+00 1.073652815285688433e+01
7.281132037431529369e+00 2.812141743576927144e+00
-4.979509113962028999e-01 1.059585582529326686e+01
2.980115567897345219e+00 4.394210714145908803e+00
7.193654967104417430e+00 1.017170800025420085e+01
6.536377448114111921e+00 1.654089417795939987e+00
2.819423955538534532e+00 2.189203676201441962e+00
7.444818045725386746e+00 2.588689339858911254e+00
-2.291224776822272879e+00 1.486298249609458644e+01
5.304161420301855223e+00 4.503381436698323803e-01
-5.590553468537288850e+00 5.746939454196591246e-01
-5.076265102665797890e+00 6.669496796310522058e+00
2.609673756664008692e+00 -4.943975723858176963e+00
-5.815786362247412633e+00 -2.822885015930135744e+00
1.085016999317245912e+01 1.872762738590499909e+00
-5.342061712213488356e+00 -3.412741598253506314e+00
5.104319502132807607e+00 -5.322460343688005580e+00
-4.033253420140990642e+00 -6.966848086489448866e-01
-7.266676359312667977e+00 1.908637114072108787e+00
-1.338735325134203791e+00 -3.015458024720537034e-01
4.689302304376831820e+00 -1.232596947631766682e+01
1.998957217078222715e-01 -2.161710343885073105e+00
3.239952818556369074e+00 -3.994304555575726834e+00
-1.437502228245349301e+01 -2.269792820454023641e+00
-1.065765765747427318e+00 1.581407001278216740e+01
-1.346342386678247571e+00 1.191004931188565230e+01
-1.133296771551921822e-01 -5.867948115110749541e+00
-1.356767154731152125e+01 -3.807098135661229898e-01
8.800703163578948107e+00 -1.001249155368818222e+01
-3.576301399741000697e+00 2.296362322972250070e+00
1.137360520697561217e+00 6.336115952033233079e+00
1.773695478754581334e+00 1.242696670466132680e+01
6.142927927280213751e+00 -5.627497019080749396e-01
1.249351386929998853e+01 7.938543591186726367e+00
-1.015174840540599099e+01 -9.131219452458965158e-01
-5.792838784144214159e+00 3.356662304043158684e+00
-4.056091154471428872e+00 2.225905649486750182e+00
-1.312645339606133277e-01 3.649842827865699135e+00
6.537540808230996703e+00 -2.215965630870047498e+00
3.022500081840506780e+00 -1.441390548057461984e+01
-4.733417919563359888e+00 -1.680277849420262593e+00
4.774504548509561630e+00 -6.758456911753961904e+00
1.082837451928135764e+01 1.347872798813125073e+01
6.052927611243165806e+00 4.877849507188981804e+00
-5.002974386513770355e+00 1.949616802281731176e-01
-1.933121828962479638e+00 9.843170592592079160e+00
1.155817595796344222e+01 -4.180500544599283330e+00
6.471295252582318192e+00 -5.763428388195138474e+00
6.753691055806012145e+00 -5.690865621628866222e+00
8.397542556865046137e+00 -7.666633214124526141e+00
1.892566139778016243e+00 1.590085857276548786e+01
1.778354129908256975e-01 -5.451835537489914785e+00
-1.856221093401459132e+00 1.592449547539359855e+00
6.751450414634506458e+00 6.085802539630288166e+00
4.507260793439457736e+00 2.523349227345741852e+00
-2.710361619084812990e+00 4.369137236598065466e-02
-1.714509081786503575e-01 -3.139679156629827439e+00
3.905231325097076489e+00 4.103668434890770378e+00
8.944831263657331277e+00 6.651228790290685033e+00
-4.388583720738898908e-01 -8.455120537019043425e+00
4.836117339538916760e+00 2.904260228822014844e-01
-1.249864252542594478e+00 1.459023097874399655e+00
-1.336116242968885093e+00 -5.655115413550078074e-01
1.324999708790743025e+00 -3.410273562027376637e-01
5.600749618496737803e+00 1.337027835639576878e+01
8.331730055136029378e+00 3.579808048728741809e+00
-2.423195063087658863e+00 -5.838840859581125864e-01
2.453685167105307541e-01 3.305703405824988561e+00
-3.233162945073722039e-01 -7.311379063104276987e+00
6.934915024451558274e+00 5.169129323752434502e+00
1.681468895524896034e-01 -3.550814643317668384e+00
5.920915904296584209e+00 3.364869585949724851e+00
-1.309897312786447721e+00 -3.039672228313616831e+00
1.021469900157809896e+01 8.552778381405175878e+00
-8.069649855636102487e+00 -4.091738795342944712e+00
2.340745857216484094e+00 -5.039357638086009672e+00
4.089421267100503243e+00 4.025980607069737260e+00
7.141079062159723101e-01 1.026849839303717005e+01
-2.449220166644847207e+00 1.231579036840607344e+01
-3.243693990354047596e+00 2.131407779341393471e+00
-8.025831111572716559e-01 9.922515132075980793e-01
-2.673606519260981695e+00 1.833121060399767854e+00
-6.287468411639399513e+00 -1.640025656258689568e-05
-4.595887867069511357e-01 1.231313365287274664e+01
2.586229671192765700e+00 -7.961323838651689577e+00
-7.932540102852032149e+00 -7.223388890866750067e+00
1.107557123860424264e+00 1.009539213371698274e+01
1.959410630481541737e+00 -5.462764091135987599e-01
-1.056714932939628682e+01 -1.379150359246486435e+00
2.004705737785331010e+00 9.837082005224868642e-01
-3.651073532119663234e+00 -1.008485256960057797e+01
-4.849055691211671792e+00 -1.197627634840516642e+01
4.335190040690979352e+00 5.383276543457639285e+00
3.121355061373263240e+00 -5.097086788480599040e+00
1.597663342394835873e+00 1.626138851285659159e+00
-8.346883489033880110e+00 -4.213545656157407393e+00
2.850558694148685568e+00 -2.062944831793890099e+00
-3.602160547544969837e+00 1.179601771113683206e+01
1.209098170896667351e-01 -2.641863938440058845e+00
1.223091914872438046e+01 2.299843863148425704e+00
-2.379972123098199166e+00 -2.263908825118290391e+00
4.873681643497945082e+00 8.895948799429529430e+00
8.669391142267857120e+00 -6.282575522505652321e-01
3.602706492341233080e+00 2.112434212372723330e+00
-3.459645653304110335e-01 -1.199762179307620613e+01
-2.254112015784092815e+00 4.243515604243668804e+00
-6.992104022494834981e-01 1.033964075363696544e+01
-1.986863278940991906e+00 -1.141707385134187547e+01
3.587532891656061373e+00 6.436226620194698711e+00
3.593823172824032852e+00 -1.261712778223642850e+01
-3.456583232731789135e+00 1.211681754024284885e+01
-2.325882357880513673e+00 -1.233055300059932691e+01
-6.341854349834852300e+00 -8.310934057101251327e+00
-2.098486833723824940e+00 -2.340368507410560461e+00
6.957266748788238253e+00 -8.139823509739878560e-01
5.374105841173333786e+00 -7.941824098398652332e+00
4.378190886017599981e-01 9.181431853912245700e+00
6.792302261628599958e-01 3.179839717074386951e-01
-9.465983387575722219e+00 -3.293243560101402512e+00
-9.071102082305656511e-01 1.336007834048985821e+01
1.769005850329546270e+00 -1.758225011187690034e+00
6.080709977325922999e+00 -3.119203816059322176e-01
-6.375015363894786624e+00 5.335286741071334493e-01
-2.950094737630505559e+00 2.885379387068690793e+00
7.794807311450563603e+00 -7.167454349410570913e+00
-2.428247546475549523e+00 -4.419329107398435319e+00
5.675182721363348115e+00 1.187582337576601077e+01
-7.219859285744618660e-01 3.513672375923910352e+00
7.080554997047981303e+00 3.195136340302810574e+00
2.404114862301704569e+00 4.689292823382499975e+00
-2.892892317794667711e+00 1.233456931460875516e+01
-7.189811299772992825e+00 -8.141166713611887318e-02
1.377084802064447722e+00 -5.904339408136115352e+00
4.009564704399918966e+00 1.532407347949612841e+01
8.522385908409338739e+00 -1.013921912853516538e+01
5.708524147484689948e+00 -1.899419503113743690e-01
3.333282492294393218e-01 -8.877044146511087419e+00
5.757874258555026437e+00 -1.124355483580441373e+01
6.374893424133941444e+00 1.458231211735388122e+01
4.114085259721701249e+00 1.295949355396010816e+01
2.259572315647148333e+00 3.745006136775557160e+00
2.873817051162426139e+00 4.648677093244037550e+00
-8.154326307184136979e+00 -4.936052200395083744e+00
-1.114699044637280201e+00 -2.559516074872124070e-01
1.211763582514827853e+01 5.458628844255750678e+00
2.227901438607281293e+00 1.057862970419522775e+01
-8.749271352805223501e-01 1.110529367563097836e+01
8.800655474232273789e+00 -3.891222129893344484e+00
6.978235300279910014e+00 9.216058840821531817e+00
-5.493301580271953810e+00 -4.840598620856851220e+00
5.640432304893757909e+00 3.293787423027704442e+00
-4.070174325007267946e+00 1.135276612818924136e+01
-1.681795193518090148e+00 5.212343918712554647e+00
8.467822635822244592e+00 2.433613660698744408e+00
3.380217980027468982e+00 -1.949066177848310488e+00
4.544418011200475505e+00 6.089976988720017026e+00
-1.330050806427840193e+01 2.142917725281215380e-01
1.568382834300214856e+00 -1.073494310633165760e+01
6.908165803514594749e+00 -5.528357681100982468e+00
1.602320951703710694e+00 -2.492557541643249053e+00
6.139296081078885692e+00 -7.069449031710293596e+00
-3.132825697604344928e+00 1.990256946211735878e+00
5.746157826663212731e+00 1.172068726891928669e+01
1.280381048725067394e+01 8.825673615380756232e+00
-9.308105853894025117e+00 2.594077510775427697e-02
2.495273232506372563e-01 9.059873450040979437e-01
7.223787058862484400e+00 3.936329963409400889e+00
-7.530305806036142968e+00 -1.726367405226762353e+00
-5.663552761775116906e-01 -7.558178339075595886e+00
-1.006616909099341584e+01 -2.065070013711078067e-01
9.621328981879765152e+00 8.521593508790989091e+00
-5.095805348523096079e+00 2.276784629916001279e+00
1.511145036826158750e+00 -2.375345244472574890e+00
1.354126746491291478e+01 5.561955651732811035e+00
-1.199871385557826076e-01 9.100077178919894649e+00
1.639328262484505361e+00 5.096934543116062422e+00
-1.050863357759515182e+01 -6.098097961022785007e+00
5.487167773313857744e+00 -4.490492248953005472e+00
1.388725919143150556e+01 5.232130262627723738e+00
7.689234042048970208e-01 7.668981361616741266e-01
2.191340686924751147e+00 1.295696406050546123e+01
3.864514204295320443e+00 -6.378638788374988877e+00
-7.200776716059853477e-02 1.708460803778771364e+01
-2.046521383372977176e+00 9.839357058627590247e-01
9.880483797423214587e-02 1.034595494943363470e+01
8.143430870784424513e+00 -2.386187598875315174e+00
1.053604488450493015e+01 4.089652189027739304e+00
1.630594440276632140e+00 1.337586546596422288e+01
6.547075745861380192e+00 3.630739137726848309e+00
-1.182076657621961235e+00 -6.337780632367349121e+00
9.774499187090368579e+00 -9.631056327661218219e-01
1.027574518037602758e+01 -8.391267086466436709e+00
5.634068973983051842e-01 4.827502469577824584e+00
-3.123251001663038817e+00 4.787141004230950792e+00
-1.515638225752134804e+00 -2.851483018594851426e+00
-5.761704049607320854e+00 2.427480024753284393e+00
1.258563712156200687e+01 6.479728907367289459e+00
7.022113183672018089e+00 5.669807787957876322e+00
-2.525492935213003776e+00 8.351807562330950674e+00
1.939915698447557180e+00 2.168956382847049724e+00
3.778714928749279167e+00 -6.844880621209957994e+00
5.472188502222357975e+00 4.158431545364728033e-01
5.036969406193280818e+00 -9.029879389891984687e+00
2.407756210804646635e+00 -6.367549912462628914e-01
-1.563948472497327735e+01 -1.775072417819192783e+00
-3.587084549459933491e-01 9.965363761813227583e+00
6.198472097645264967e+00 1.601534556907425300e+00
-2.266673499873177011e+00 -1.496787896301352205e+01
-2.295906246114015392e+00 -1.303004635031663305e+00
-3.702011912417361161e-01 -1.466850947410858019e+01
-5.148186934412825266e+00 -3.974677799965304015e+00
-5.774751823590561273e+00 -1.089097897515209112e+01
-7.325174005197830240e+00 -9.644479936555923061e+00
1.131943164602134289e+01 -7.574876063359088640e-02
4.905538548191191950e+00 1.421670658531066556e+00
-2.999854779819177253e+00 1.661674193327630666e+00
8.389587890685159977e+00 3.698961815042859147e+00
-1.290390261047275189e+01 -2.255461100042386757e+00
-6.548747869668405386e+00 -1.261166868210260716e+01
-2.378793069856713682e+00 8.651464563730043578e-01
-4.360659130947375672e+00 -9.596688731498804970e+00
-3.572336462766154686e+00 1.055471935786691517e+01
-3.341526103559210537e+00 2.889479044488596937e+00
8.244548583289187604e+00 -6.413509905774691156e+00
1.298592607070879090e+00 1.207757674046548158e-01
7.159586981477740864e+00 -1.128155566621006045e+01
-5.729213365377002765e-01 -1.114373915794321057e+01
4.277988392677821494e+00 1.439548110812295612e+01
4.812836371769242672e-02 6.147856988928809940e+00
8.991366112165412261e+00 -4.265174664604661103e+00
2.817181056892016144e+00 1.838713941814111630e+00
6.450399715162769887e+00 2.919156142036408053e+00
2.609403796298630507e+00 1.640497533402976105e+00
-5.500551536375201778e+00 4.650365214914700118e+00
1.667099150317487843e-01 -7.358793532886379829e+00
-2.420033468608159266e-01 2.467296905827174758e+00
-1.716264916095588955e+00 -4.294280852947680027e-01
6.607740411246373569e+00 6.113979116061085683e-02
6.006373531207723104e+00 1.625281887175952011e+00
1.046685262437721775e+01 7.855741933745986394e+00
3.524306036016928712e+00 5.209711356572073626e+00
-8.732438045188228859e-01 -2.851268188390032154e+00
8.046244761173612758e+00 -4.461714444711350147e+00
-1.073481809297928802e+00 8.586558740885736896e+00
-5.888280232245682200e+00 -9.105807649818970617e+00
-1.752793808116865470e+00 -1.674529262807970653e+00
-3.953505954696635794e+00 -4.801886678389992447e-02
-1.076050757021499393e+01 -5.810596424303033913e+00
-2.646025130292094740e+00 8.624943997012598729e+00
6.719904364386385609e+00 9.833279648730350431e+00
1.051994244297038783e+01 -7.068021236691770071e+00
2.699304541166188010e+00 4.692953533874091754e+00
4.731884293853545920e+00 4.606596174223968276e+00
6.616315008167444667e+00 4.297676591076505126e+00
-2.883002842351880979e+00 1.031113604751662649e+01
4.313730455670291342e+00 3.263444640205058533e+00
-1.274069580970673776e+01 -1.915163488030859229e+00
1.054224554869305486e+01 -5.637667551206414274e+00
-1.136081115554121279e+00 5.806604215809052505e-01
-2.778586206592752461e+00 2.908294972105589959e+00
5.738266051035712856e+00 9.214191560933718605e+00
-7.800210500558752980e-01 1.214178486017298653e+01
-9.287788922118902946e+00 -1.328181752692180639e+00
6.408607388755193313e+00 8.358957083142282585e+00
-4.006375069284558776e+00 -6.047711488274966740e+00
3.122343369960968840e+00 -5.240640513940567402e+00
-1.667028309378802753e+00 5.905621703830641778e+00
-2.037974850257444182e+00 2.330507503306027961e-01
7.719708215555817432e+00 -6.201819573871121705e+00
6.884418154993454664e-01 -1.350950464769301007e+01
5.329861561250066160e+00 7.433577313452897073e+00
-3.327645145878050492e+00 -1.408685004169669774e+01
-1.556486442532721393e+00 1.337290944126056580e+01
-1.188338314757807446e+01 -5.017809076000371959e+00
-3.034506868033927773e+00 5.190130422323486314e+00
9.155170452221383925e+00 2.372340920378262830e+00
1.952512969869148574e+00 -3.096072595465146904e+00
1.131038212949071475e+00 -5.823441325251441647e+00
6.518574819559366240e+00 3.494458193382307787e+00
2.064275701972955623e+00 3.770085492170116570e+00
-1.472317660206817203e-01 1.645117251411990944e+00
-1.142587694862855052e+00 -1.523732650035568792e+00
5.548890509639912594e+00 1.549219615324691901e+01
2.173569874810659108e-01 1.436988982712292806e+00
1.795696488846835415e+00 2.875810825032129037e-01
9.987606791814110707e+00 6.230613220117446893e+00
1.181932190334281874e+00 1.403194546391737418e+01
-1.260255416468992751e+00 1.261385924444731188e+01
1.548643884778316826e+00 -1.261997580128242546e+01
-4.962146321556015316e+00 -8.776664035965440647e+00
-1.148584285789893578e+00 7.057274885712590873e+00
-1.624543989602918126e+00 9.177794517439991751e+00
3.330515302898031521e-02 1.599790626163042973e+01
-7.581010674312453013e+00 -7.772333578531662290e+00
6.232198841400871991e+00 1.012740591454281791e+01
-1.564116977498077876e+00 9.091243735749605648e+00
5.421459008341064312e+00 5.390922004467258333e+00
1.369334134979464546e+00 -3.586605591826024675e+00
6.769405380128888261e+00 8.894123381058028244e+00
-9.478763581184859177e+00 -6.659203828330686470e+00
2.680633104343265405e+00 -8.740834161287207138e+00
-8.760130378018784469e+00 -2.424032099893201675e+00
5.151577763612560368e+00 -9.892955200059798671e+00
1.058689784346925622e+00 8.328296264447784480e+00
-2.882197070536257621e-02 -4.123620191803376578e+00
-2.032081424961190486e+00 -3.092277118668364189e+00
-1.358932231507349542e+00 2.942094184053858363e+00
-4.955125963783380549e-01 2.674637659298747749e+00
2.009159955921554275e+00 7.191721140525551448e+00
6.670602921523444806e+00 1.183285272110836850e+01
-1.003236075354720702e+00 1.831723039409588027e+00
4.863156308723467269e+00 -1.002559642484329139e+01
-3.671271176117758550e+00 1.009726119670142275e+01
2.329206964349156195e+00 4.107564233406688636e+00
-1.621914687134655253e+00 1.312716296410876282e+01
-3.518309270437521175e+00 -1.306491699866028533e+00
-9.844097874782200552e-01 -1.908280604331204611e+00
-6.421330953937971486e+00 1.942310210518698677e+00
-5.374410435413933484e+00 5.665634977867092914e+00
-2.519573151524918675e+00 1.156005934588283779e+01
2.962171163093217263e+00 1.374487071608866096e+01
-3.239091694992352277e+00 1.478689236123829520e+00
-4.371456838302694159e+00 3.563281479369728277e+00
-2.489652701457519157e+00 -2.428455762883685587e+00
-5.410260564795280835e+00 -1.386572110474222974e+01
-3.102174076752617360e+00 1.782699312381569312e+00
-5.174369778021195465e+00 2.142072031776062868e+00
-1.479975722854010911e+00 4.683874458140546149e-01
4.398251779784712490e+00 -9.846801981115492097e+00
8.790920754060680409e+00 -5.136752414601612138e+00
1.171477528486159603e+00 3.635565391883447184e+00
6.967166035575020011e+00 5.302765261783736861e+00
1.644556629561379602e+00 -1.013650219381542206e+00
3.713123421818662617e+00 -7.456000268037140444e+00
-5.085454403656318512e+00 -1.241527561739362540e+01
6.880367371000039256e+00 -1.275414639724350963e+01
-8.086043281221130030e+00 -5.999218956143949733e+00
-1.038127859112292661e+00 1.262691934895538326e+00
-8.762686258695394359e-02 5.934386383237875151e+00
3.956353238316489662e+00 3.861902030843384459e+00
-4.034220426088874767e+00 2.737170564650678095e+00
5.838326119184574559e+00 5.836803009367970141e+00
7.179014727237541749e+00 9.921705515335595749e+00
-1.529535460925344426e+00 -6.832594528408387768e-01
3.697416949238237383e+00 1.272206431693486373e+01
-3.228734807095004822e+00 1.252995502621224588e+01
-8.487165458495461223e+00 -7.191327723015432660e-01
-5.858568122266317957e+00 -8.149789826556844474e+00
-1.125762558370522193e+00 2.599766490112438433e+00
-2.171236967853076294e+00 -3.597571089951585588e+00
-5.099063043672904527e-01 1.604063584626371508e+01
7.947133916853356794e+00 1.148895249124762685e+01
-1.505243552794227924e+01 -1.652718512032558040e+00
-1.475451351595617577e+00 2.476621996849590168e+00
5.062624711227655894e+00 -6.229772753559069010e+00
1.978592633059464756e+00 2.014657906856351488e+00
2.532332962160745105e+00 2.752079287002729302e+00
6.063698300679077668e+00 -1.179662558146328522e+01
6.710660552808791479e+00 -6.852789717633754885e-01
8.388565472664485156e+00 -2.196180423539515925e+00
4.838133850522345014e+00 -4.890061792897602899e+00
7.762798742363363758e+00 3.834217563102083393e+00
3.801301672215555261e+00 9.360250176189424565e+00
6.545969444870209486e+00 3.224171062808305344e+00
-5.579934662209556251e+00 6.442998843556476452e+00
-3.517320284110506456e+00 -4.449688435818368037e-01
-1.709468566818762025e-01 -2.157676192051535491e+00
4.753133087740103235e+00 -1.375831335564923386e+01
-2.440188008616194504e-01 1.604771048615913021e+00
4.410660634280639592e+00 9.112218913030826428e+00
-2.045354556227735987e+00 1.250646642568263012e+01
4.663574938214169130e+00 -3.687980868976461934e+00
2.570933116019852083e+00 1.141411840371898556e+01
9.669178548871790735e-01 -5.156110550985186336e+00
6.590052746783787718e+00 1.233947316548411166e+01
7.424952619558128353e-01 -4.617092445236599119e+00
-6.077214414728184799e+00 -7.549919043428274357e+00
4.720141731534932994e+00 1.160977497686177706e+01
4.240418784607181912e+00 1.194314554583756793e+00
1.444828690507744762e+00 -1.187394837309459028e+01
3.084586291356836263e+00 -1.128408438317182849e+01
1.100732387898732512e+01 2.799431030112604080e-01
-1.109129405748881325e+01 -4.108776486935156846e+00
-1.516424082167963983e+00 -2.039828824306726851e+00
1.694878596101910162e+00 1.564716305427947063e+01
9.480132082750751366e+00 2.031704722427759013e-01
1.132009391789018871e+01 6.660952417309611739e+00
8.672252343763593885e+00 5.575291613081346798e-01
-2.776069748135541193e+00 7.097396281256708406e+00
-2.205285786671586479e+00 3.541005759655812213e+00
1.796017593506669119e+00 -3.326536294799858684e+00
-3.375646811539460668e+00 -4.829009143838628226e+00
-8.832420412508740881e+00 -4.109762196090019692e+00
-1.333570071887909769e+01 -2.756166864381067061e+00
-8.645403274435513596e-01 -7.231154080444562204e+00
6.191473991461563742e+00 -1.699331940770277827e+00
1.107617216803564375e+01 1.052063807727888367e+01
-9.453574878443037066e-02 -1.198163132025818278e+01
7.836283095602879278e+00 4.750982303321428901e+00
-1.328200772910360428e+00 1.007710036313031488e+01
2.381153035660288353e-01 -2.581457687042061355e+00
-4.143215387663711446e+00 1.108243017266917896e+01
-1.929764498367487979e+00 3.922872748512109542e+00
4.359387053358990904e+00 1.222937028877378651e+01
1.158677446210974127e+00 5.531281546478028055e+00
2.541392545006574410e-01 7.790410204761715640e+00
-2.599322516690016904e+00 6.908632486245064541e+00
4.554368788320251937e+00 -1.220329491593486182e+01
-1.173079514965856829e+00 1.070133002260572219e+01
-1.424817154880893444e+00 1.437618035146475348e+00
-1.621825904425203690e+00 -1.094510864135824946e+01
1.433013249352986129e+00 4.711937512649521098e-01
-1.252601144254283039e+00 5.233247376742847790e-01
-2.744465845771574042e+00 2.113889507050719541e+00
2.364809629629427978e-01 -1.471047872579071480e+01
-4.596277263148590642e+00 1.051098428207227542e+01
-7.318859922322885403e+00 3.560345078032717936e+00
-1.726816277575522474e+00 -8.893371437518357014e-01
7.449866260692910025e+00 -4.815791537510592413e+00
-1.214046048322106885e-01 -2.912006670387631058e+00
-6.301195131306408292e+00 3.015577398763453210e-01
9.362994424066911847e+00 6.691893714966388185e-01
2.879986057276024969e+00 1.009568030081365819e+01
6.699077860203251689e+00 -9.122014088518426433e+00
5.600764960188989505e+00 -1.388546081486705042e+01
-7.157465845417174677e-01 3.517963928249767114e-01
4.730905489439450662e+00 -1.569976760269621296e+00
7.145707104962486511e+00 -9.805494205052637469e+00
-3.533582244692395236e+00 -8.084248886097654463e+00
-2.713651798219922195e+00 -1.018458657238855913e+01
6.000140949375079913e+00 2.963603967907604719e+00
6.885958725339859754e+00 3.119486355818195555e+00
5.965518701670022850e+00 -1.049932712104882881e+01
-3.436995163122429364e+00 1.159034244074688758e+01
-8.105307515003403740e-01 -3.265485052977508129e-01
6.685461303281090117e+00 -1.213150046642559055e+01
9.529000260544728818e+00 5.100799186038869948e+00
3.605400452542889767e+00 4.097095987766330438e+00
-4.640555386926926040e+00 1.109963539514485786e+00
1.279715232443526585e+00 -1.629886497830503655e+00
3.144927006474359299e+00 5.180063366081444798e+00
-5.488943180954838574e+00 -1.207822734698050660e+01
-3.839842628645256717e+00 6.060999894953513767e+00
-6.232079243784933276e+00 -2.291874866211790485e-01
8.119099792080247013e+00 9.192802108122508642e+00
1.078217728222719529e+01 1.041846591682882028e+01
7.262654660597600120e+00 2.073647648131020205e+00
7.144503541887148756e+00 -5.068501349900296660e+00
1.496012137927704710e-01 1.927406822474087678e+00
-7.921201930978829076e+00 4.315340201458683356e-01
-2.097339059616207813e+00 2.286217665295015689e+00
-1.836473753298288880e+00 1.117117990182777909e+01
3.418380666553280989e+00 -7.577594595830162483e+00
-5.346418531253842588e+00 -7.218679056696360341e+00
8.627171459485097893e-01 1.911105145046996912e+00
3.515468346297225377e+00 7.955136450487894084e-01
3.687885411873096597e+00 -1.085119153467700670e+01
-3.842628067685689430e+00 2.046001517734093778e+00
8.237838893393032436e+00 4.068838248072550456e+00
1.320023700638658370e+00 1.313801017249468650e+01
-5.848958461297332434e+00 -3.017896024594709292e+00
-3.867186075057214456e+00 -4.908022941976839526e+00
4.077988030971442690e+00 -2.333706984937430118e+00
2.583512747600164250e+00 -2.816400765720329158e+00
1.979979217148507553e+00 -5.369360573484306620e+00
5.962095924968511262e+00 3.174282465619861604e+00
3.431570224792931167e+00 -7.820288903265637082e+00
-3.442964978304482226e+00 1.000734029073988829e+01
2.614204542187201330e+00 3.592081970310450068e+00
5.653640822185299619e+00 6.771857217381830552e+00
-1.132616594184662873e+01 -3.248010126190491231e+00
7.940006694311758650e+00 1.295418322064091576e+01
6.086940581526905980e+00 -1.093072660164604137e+01
2.782964857486287080e+00 2.899853388551346001e+00
-4.047739629757246549e-02 1.488241821204649895e+01
-4.626016667490532086e+00 -1.154197539829939778e+01
9.032272349071452933e-01 -4.113509647615710918e+00
-1.893721225462899227e+00 -8.081399236546914500e-01
-1.001778949749391856e+01 4.836603060534214293e+00
-1.046097127006451899e+01 -5.656220915417113027e+00
-3.222171447566459790e+00 1.342346530147265016e+00
-1.989207376018837126e+00 3.554036452653154488e+00
-6.991950003255939627e+00 1.848530101632355871e+00
-8.586460483515651276e+00 -3.535818594110371915e+00
-1.267030737563501264e+00 -8.065903179421963998e+00
6.530083927365381236e+00 1.019560407987629702e+01
7.106108417106099528e-01 -3.507698638466752339e+00
6.037795474329936241e+00 -8.781905006586704587e+00
-1.060789914976627379e+01 -3.019463709220525871e+00
7.839507092913075681e+00 -6.362245382029566798e+00
-3.852473519036741401e+00 3.743849237644783834e+00
4.366277940558162207e+00 -4.327085778395784565e+00
6.561182773361966980e+00 5.888381154459652933e+00
-1.012171178569726271e+00 -4.326237603953546618e+00
1.474679439994370611e+01 8.051578016615568600e+00
-1.198869032793278055e+00 -2.087414125136247467e+00
4.116688674072335630e+00 4.451327139759867713e+00
-9.897402803401986304e+00 -3.286841990126785351e+00
4.246743295368227145e+00 4.337676349291984756e+00
-1.701626108341796340e-01 1.320825730367387862e+01
1.053765400365883131e+01 2.025686389057971937e+00
3.691993131421671404e+00 -4.906277156237276671e+00
1.046901373777428468e+01 5.854305371367001243e-01
2.585804180683343390e+00 -6.292818173421292904e+00
7.737131893212477962e+00 -7.392395892934117363e+00
-3.268333496416175432e+00 -5.132564851960692565e+00
2.440067796433638136e+00 3.150225329961903853e+00
9.847731178851869771e+00 3.145152661133295280e-01
3.075478734715564322e+00 -1.285348972444847959e+01
-3.593939898960856638e+00 1.273305113031608471e+01
9.092134119004599668e+00 -1.486849393504558137e+00
-3.333653431240360288e+00 -1.531638946446272520e+00
1.854049470421835544e+00 1.080840898869593047e+01
7.076141717855909619e+00 -1.271937216288993033e+00
-9.336639919213958194e+00 -5.385438400925000479e+00
-3.010691804075764644e+00 8.970738513712558926e-02
5.934993939442022359e+00 5.232967941236505993e+00
2.355175743602472282e-01 9.104963246818012834e+00
5.703344509235634519e+00 -9.977730678741778547e+00
1.937897454301655831e+00 3.797125029329912138e+00
-1.169373808131195958e+00 1.155251115098846348e+01
-8.157603718058341613e-01 -9.160933965202536555e+00
1.920726638131041497e+00 -3.858998281799045582e+00
3.834500984583851246e-01 1.311748637241764825e+01
5.767906961681108946e+00 -2.001652656835051225e+00
1.462816937074355295e+01 7.448027396781498943e+00
3.993374398458650720e+00 -2.116300185253040311e+00
-6.040525260361270021e+00 -4.820522484369826444e+00
-1.099531590452839991e+00 -1.044983146264531371e+00
2.483962357252591957e+00 -5.900387306871096804e+00
-8.202822943602630090e-01 -5.485058725519699196e-01
-3.335540221373050507e+00 1.818356143662290147e+00
1.992783904161453901e+00 2.112333899075971022e+00
-5.882059180597856152e-01 3.810336035099414431e+00
-5.294110717520223552e+00 9.723400330281356529e-01
2.367594505405516525e+00 9.724854175879363183e+00
1.598890272237418086e+00 3.624892414189057721e+00
2.276587246768690953e-01 2.850754948009532885e+00
-9.943609336732452064e+00 -5.504911680905219207e+00
9.800458425757266667e+00 3.836413137534371298e+00
1.601335443466062491e+00 1.132370492619529934e+00
3.944341739043480288e+00 -1.089897399342376438e+01
1.458194124185536955e+00 -3.998414262385133533e+00
9.150798088840585987e-01 -1.342540867776665436e+01
7.927960109708955372e+00 9.526537729917572861e+00
1.613078312891893074e+00 1.368897693707997298e+01
-5.541997035021437590e+00 -3.792013193945683813e+00
-2.072949964937830458e+00 3.118939815016959827e+00
-5.517498270392740878e+00 -1.027255942207790040e+00
7.800769424868563284e+00 4.278439209903315721e+00
4.630029888029809193e+00 -2.578287196558128880e+00
2.156246350290732305e+00 1.659710668995250549e+00
5.264899359060162709e+00 -7.845512424033821430e-01
9.249846830684315790e+00 1.054206036486739428e+01
6.243490264133565226e+00 -8.306537080234274839e+00
-4.430873502149407450e+00 2.446565569142698848e+00
2.507118370125164031e+00 5.795906468919559407e-01
-7.084029374718940897e-01 1.342942759876313197e+01
-1.106789175699991468e+00 1.555876890210315011e+01
2.963665443539452049e+00 -4.092416936054414478e+00
-8.135742423383021560e+00 5.655307542264144338e+00
-5.719597416099549969e-01 1.580799766792213212e+01
4.144529651736716502e+00 1.192255930505355055e+00
-3.542258579802628482e+00 -1.247402844806169320e+01
-4.507824993175111317e+00 3.918487598558326734e+00
3.659814771006082879e+00 -1.391512754741411406e+01
-1.846427351259604666e-01 -7.152931572841866092e+00
2.111740912564479711e+00 -1.010383058979884652e+01
1.008324845340593523e+00 -1.159228067223499331e-03
-8.301372740195731126e+00 -2.434579548520364956e+00
-6.462472208678564201e+00 -2.099218989628302889e+00
5.720181975016393139e+00 -1.026585366129228127e+01
3.407927782180901755e+00 -6.037640300113842784e+00
-1.443165792813551285e+00 9.469286802543774861e-01
1.014638279713097191e+01 1.574050550043326613e+00
2.546419676481778360e+00 3.397951954076161130e+00
6.164279319405493673e+00 1.309965092336596193e+01
-1.199589188567738107e+00 4.715652677416431793e+00
-1.903146252467082356e+00 1.175919912488605235e+01
-4.584730051643044924e+00 -9.408981649726760210e+00
3.148815685857444091e+00 8.673604103938936660e-01
7.429643824662678142e+00 -4.157580509972598648e+00
1.127010821852706535e+01 5.298088771187267731e+00
-5.142724417558535599e+00 6.763124438768554070e-01
1.491997509142813705e+01 -7.610922909171262685e-01
-3.464277178766761445e+00 4.666863968296739995e-01
6.834988159036789135e+00 9.266114426997782427e-01
-6.936824421860790402e+00 -1.543879327598761453e+00
3.849184251144638136e+00 -1.020379268347772150e+00
6.487727479872148706e+00 2.296286160105565077e+00
8.309608643353966428e+00 7.466451275616120320e+00
8.729915306511049522e+00 2.056925395313261351e+00
-6.269747250846232411e+00 6.123103902141767918e+00
-5.835553474194202117e+00 6.497404684284553866e+00
-5.369720861043416171e+00 -1.081850502601789543e+01
-2.136164967335429488e+00 3.846204147017613817e+00
-1.361499939496413902e-01 -1.310191489153590361e+01
-2.764115222459617272e+00 -1.386827642112804071e+01
5.647426237901176371e+00 1.005651239142049791e+00
-8.633829003368557409e+00 6.865344850058668902e-01
-5.357160088630664063e+00 3.034804350342478418e+00
-5.444352537320052754e+00 -9.381006485848982779e-01
2.464896958683496564e+00 2.855975801720723517e+00
3.138498625671028108e+00 1.225004764718927497e+01
-7.936415879551226737e+00 2.912939915159811211e+00
1.094783246208053562e+01 1.054406257026145211e+00
1.130622163007244652e+01 1.979668428166668104e+00
6.880830009811122139e+00 -1.441946449026506816e+00
5.540496906950606260e+00 -1.325076922268724466e+01
2.124942622856233143e+00 -6.344542827791042505e+00
7.852171004392574538e+00 -4.714393258500652273e+00
2.740987830202089803e+00 4.222020195565030498e+00
-5.833427351045968656e+00 5.686452432430376902e+00
2.715785202644850127e+00 -3.553586373134697052e+00
6.815818199662228238e+00 1.084258529204663546e+01
5.991959624765487158e-01 7.620868010448434982e-01
-3.454385592414786377e+00 1.400679561561700925e+00
-3.949421055491447063e+00 1.647531470783444307e+00
-2.215099176800966241e+00 2.376150255100633935e+00
-3.589971631990964696e-01 -2.414429917494240296e+00
-5.217564266542027429e-01 4.585133975425281783e+00
-3.350211822929529681e+00 -7.459927941848593314e+00
8.406276434266723996e+00 -9.720422415045005593e+00
-8.304651077621398869e+00 -1.055826381619187337e+01
9.910188625248888883e+00 -6.188448154655247002e+00
-1.308383864350004755e+00 6.945577191133236461e+00
7.118170101406385619e+00 1.039462265959972420e+01
-1.688830622681509075e+00 -6.234333449129233706e+00
-4.400467266567791746e+00 1.066528220551587225e+01
-4.044745153688222850e-01 1.529375321461996950e+00
8.564919545161312486e-01 -5.981568551725720440e+00
7.876391991177096319e-01 9.590283117566651416e-01
-1.076914363169291455e+01 -2.553425686875632650e+00
-3.704945236441937517e+00 9.216143488161010922e+00
-6.918004824271981157e+00 -6.091250215716724092e+00
3.375577285079593981e-01 -8.482878772462523642e+00
-1.778094108846098642e+00 -1.007895569757728538e+01
1.239966456287495866e+01 3.019114452036538054e+00
1.138765130710336637e-01 3.742695268975781531e+00
5.061957999477578518e+00 -6.568017148873639854e+00
-3.194914794235872879e+00 9.268469373886496498e-01
3.301498511933591118e+00 7.535522027790794830e+00
-5.134337167753356468e+00 -1.995768208677243527e-01
-5.420149066630692403e+00 -7.887969925160561502e+00
-2.771915333303405504e-02 -1.002157754208428342e+00
3.239348795156110072e-01 2.851890596740855433e+00
-1.526288454681251672e+01 -3.302042724786318217e+00
1.255713420712885942e+00 -3.904329206573307509e+00
1.513831276935159487e+01 -2.183746830404296180e+00
5.753192284433760406e+00 -1.046455791437720251e+01
7.042165892525664717e+00 2.910613839826424964e+00
-5.048979962652507147e+00 5.430954848092919285e+00
-7.532689276683884883e-01 6.126362722157669971e+00
-3.268271700362090915e+00 5.765429217484816515e-01
5.738665782631605650e-01 -2.073583954094094572e+00
-3.163570569526144904e+00 2.537397218170775570e+00
1.202496206143113966e+01 6.246615111248458696e+00
-8.284663195794685464e+00 -5.463833809302686362e+00
7.673898394993865502e+00 9.390738931787527832e+00
3.431932630472313672e+00 -1.160233401790179109e+01
-8.548973605369801498e-02 8.126281622890896728e+00
7.881046770337778007e+00 -5.731980356109737329e+00
3.896463282430635111e+00 2.737661626257196446e+00
5.347274250361999215e+00 -1.823724543637456508e+00
2.636617808340404157e+00 -1.168369995287323526e+01
3.702358888738843223e+00 1.210717129498239686e+01
6.745981662362360964e+00 8.096462209958538381e+00
-2.824368655623791247e-01 2.106980705074762650e+00
-2.289619489477885406e-01 -1.113823645449150490e+01
-7.460784629382467337e+00 1.962792525953783507e+00
6.036462370788687970e+00 1.560648394672846384e-01
1.328969989345787717e+01 1.059567767523886772e+01
3.654140727654890064e+00 -7.600330109955391045e+00
8.166643444507977634e+00 -5.780364345178776730e+00
2.456074086365623299e-01 -1.496571570449824407e+01
-2.063021661213744640e+00 1.786273468530554798e+00
2.526194696554026731e+00 -4.118760623144402722e+00
-8.818162096354710044e+00 2.360334203571738065e+00
-1.022635860758670034e+01 -3.180502493399591124e+00
6.576577662395697299e-01 3.328304439822778793e+00
-5.751503181591575142e+00 -1.040329487546281229e+01
-5.493831463420027816e+00 -7.491683845071484882e+00
8.109686164126602037e+00 4.139000849653731606e+00
5.476381193950433657e-01 -4.422902069168984873e+00
-4.313763822636531131e+00 -1.046007067515531475e+01
6.837719976987887804e+00 2.092038665088073568e+00
4.223915236148318431e-01 1.205456621394477290e+00
-2.083513762905540467e+00 1.145011143269861265e+01
-8.156736263244557250e-01 1.277734062226402401e+00
4.462713908901486670e-01 3.127350008253618974e+00
-4.609383416139790413e+00 -8.788176141173245526e+00
-7.328591931418870331e+00 -2.421615718684433927e-01
1.150281037621461877e+01 -3.283499140531472849e-01
3.509546713838238130e+00 1.545973714567678314e+01
1.329594344121359129e+00 1.110534555043802918e+01
1.264408449064808515e+01 -2.709177701049819920e+00
5.660449421700162631e+00 -9.725809782246130908e-01
-1.706466967813465851e+00 -1.190462675085946564e+01
2.156470960726430963e+00 3.472008333385286694e+00
5.093694767737757090e+00 -5.973936603878962082e+00
1.739300688526391747e+00 -1.276851697192974378e+01
1.059134356113176700e+01 -6.615517437467051565e+00
-3.515413368072306088e+00 1.521133953063625865e+00
5.273097426057733905e+00 -2.945676210562431785e-01
2.582261666788989274e+00 1.454617944615350211e+00
8.578954853363175204e+00 5.160148867334784839e+00
3.684484743862181944e+00 7.079046588349759084e+00
5.378419227911956035e+00 2.587449865585952580e+00
4.193938574050653401e+00 9.992365175065545557e+00
-4.080682142476326213e+00 5.524795489504615853e-01
7.622519918135201245e+00 1.050660662629561948e+01
-1.799464497275859998e+00 4.278705912589390259e+00
2.291243189100146349e+00 -1.829038085681742087e+00
3.725867806445849695e+00 5.346497915267869772e+00
2.118043557304963992e-02 4.786142785884418771e+00
1.052994905946152038e+01 1.231031043286311366e+01
-2.873046190715332404e+00 -9.510896079524155944e-01
-5.839570277207235094e+00 -2.122724711145421050e+00
4.257352288307473920e+00 3.967104931046130822e+00
4.253472862006249855e+00 1.375067452241903432e+01
8.722108299753376315e+00 7.897810581809009411e-01
7.405442410637907535e+00 -5.194237785418740039e+00
3.831053943617265922e+00 -7.117934583980640717e+00
-4.773153700405212696e+00 -3.334609623938904033e+00
-2.720723886283330284e+00 5.320311776298890294e+00
8.333638098415866224e+00 -1.293605366044860361e+01
3.983238528211320517e+00 4.396357186763357738e+00
7.575433687687925577e+00 1.295046304560227313e+01
-2.593695173781855878e+00 4.601436648561920251e+00
-6.042410259449111365e+00 3.054631741605136064e+00
9.590465773282984330e+00 4.433745527432896516e+00
1.120824392708978046e+01 1.472811788886312589e+00
-2.176291202186809493e+00 -3.925522498889074452e+00
-1.851477375118599333e+00 6.808606240282701449e+00
-1.313485235301297038e+01 -2.834692170351086116e+00
-1.203854407333927456e+00 -1.389491885605722121e+00
-4.315992623030024511e+00 2.325844143591675017e+00
-1.001538014348892958e+01 -2.397207429452624883e+00
-3.001946850899888108e-01 6.105653232404962827e-01
1.433362807324552568e+00 -4.498135622710075943e+00
2.047906492365222153e+00 6.281186309410523805e+00
4.786124626941292703e+00 7.099500927265541605e+00
9.980959840125544602e+00 1.767982096324875130e+00
-8.572449448538014494e+00 -3.167232530547666958e+00
6.944398207519543398e+00 -4.883516652647585055e+00
7.056227433074889532e+00 -4.408439702557849671e+00
-1.066545719743705156e+01 -2.112628043278448331e+00
4.739880360117260771e+00 3.755826481840375930e+00
4.439774867179046680e+00 7.276015544404169644e-01
-5.690286121838793676e+00 -2.731040624624628599e+00
1.361178401392488801e+01 9.324292049386226466e+00
7.147644653989483565e+00 1.293445107157108431e+01
5.148701864595021327e+00 3.374945871835351330e+00
1.038044051660456368e+01 1.964745161441747490e+00
2.938611335367601107e+00 9.277168091569292230e+00
3.184916236479714002e-01 1.367732737695220857e+00
5.784135808910900955e+00 1.374564695502575207e+00
-1.130547010095940941e+00 -1.046279344689618185e+01
5.964881604083995370e+00 9.749227681147324631e+00
7.676745694574952594e+00 -1.103790832697773716e+01
-9.726900016260298543e+00 -7.123054214691006081e+00
-6.467827828812769297e+00 -1.046491119257136759e+01
1.110062245096419886e+01 7.369017408258697444e+00
-1.952551527485236749e+00 1.634370092295371890e+01
-6.881544674737448020e+00 -7.099216755421647207e+00
6.353753780878846236e+00 -4.856601337363749771e+00
-3.793544173964070509e+00 9.827906648417396696e+00
1.497405525834747952e-01 -1.440118581074045245e+01
-3.606119520775373122e+00 4.914684797880766176e+00
5.586509273679558518e+00 -6.080305891655953587e+00
-2.703800053454737728e+00 8.832480982643488687e+00
-4.402118314797515808e+00 -7.468155575943729474e+00
-6.697688428617686540e+00 -2.513141153593848376e+00
-4.496824073128568244e+00 -1.039401170350421921e+01
1.431675267561535042e-02 -1.541017592063909092e+01
-4.314727564063995935e+00 3.360373479181728573e+00
-3.696571615324923954e-01 7.851749352613143218e-01
-5.095529716638480977e+00 4.033998089434856493e-01
-7.547615340629665326e-01 -3.681051538202300577e+00
4.621803379035669401e+00 -7.485432017206525401e+00
-1.746143151557404183e+00 1.095900683107491114e+00
-1.537985939209482034e+01 -3.546758577425958237e+00
4.916140517250336295e+00 5.872983405951416103e+00
2.377293546881834807e+00 8.614509946659039130e-01
7.300164062137692866e+00 -6.525784366600161368e-01
3.401689398722786084e+00 1.219965094576226594e+00
7.527270274106622416e+00 -7.077686915656982158e+00
-5.926256930261855516e+00 -6.411974420685089271e+00
6.102993110399387078e+00 1.471827644077349362e+01
-9.073097922954914907e+00 -4.650906486079480651e+00
-2.165520636615402061e+00 9.865437867983004594e+00
9.049108380108062732e+00 -7.596881349303074238e+00
9.886471803204530673e+00 -3.660767464047551822e+00
1.042445904494481290e+01 3.486455494443329250e+00
5.803722056308684429e+00 3.581255712359615817e+00
-2.098874795404817473e+00 9.630550997364856869e+00
-1.770164909237861295e+00 -3.282131539343112969e+00
1.403170641868418755e+01 -1.909395308890586174e+00
8.184756399129001991e+00 2.674412441465344070e+00
9.557596688253237716e+00 2.646765161658820809e+00
4.585434041806159655e+00 -1.398270641610819820e-01
1.019303695409817045e+01 -5.647524292896664910e+00
-1.566212650933940020e+00 3.117923534832220067e+00
5.267670600022289484e+00 1.398837227481651446e+01
1.252316234154761343e+00 4.041068103163521386e+00
-4.375272421927119737e+00 -7.182857997047750409e+00
-2.063323033936169448e+00 1.222757114839780535e+01
7.248318229015766612e+00 -1.266223753269364316e+01
1.754278908192080433e+00 -3.013073008209537829e+00
-1.208320819187828521e+00 -1.405008894779552975e+01
1.118850000644457943e+00 -1.249154137557489186e+01
1.429969213384840065e+00 1.501051927328693303e+00
-3.669265384471956937e-01 7.252946892623309161e+00
6.474005816947756564e+00 5.086649470477242474e+00
1.049143530258688450e+00 7.723937536191333164e-01
7.272564600066006024e-01 1.631665913051643768e+00
2.801197482590486842e+00 9.768978199518496552e+00
1.296885443576407582e+01 9.938554003458005326e+00
-6.149363790135676133e+00 5.673252534126087987e+00
3.248394943559935744e-01 -1.166043002409328011e+00
-1.733831907073345446e+00 4.527092131755563464e+00
9.334621601332787622e-01 4.247081844077889912e+00
2.833877853908008060e+00 -3.740768539557088324e-01
-6.056998513844767729e+00 5.149796891501106977e+00
7.328859830038676471e+00 -9.900198444703695699e+00
-1.239215720221628958e+00 1.626470319069785120e+01
7.083092956188429490e+00 -1.511872720065628561e+00
-6.285987153443597930e-02 1.615948608577150480e+01
1.063425936559717577e+01 1.819329531715238479e+00
3.370487524240483701e+00 7.697802685663984734e-01
9.534750756788625381e+00 7.565325523821104348e+00
1.955321826894818260e+00 -2.452353861056567386e+00
-7.514635459915999238e-01 -5.215202572475597265e+00
2.806043498667017300e+00 -5.909223872026893032e-01
6.734229018931181532e-01 7.376236138157173272e+00
2.113757700383322558e+00 -1.754757493132442780e-01
-9.102354630212333930e+00 -1.871572189785678297e+00
5.468769546822038308e+00 -5.306264205093884634e+00
-5.243358366857187036e+00 2.437236907452820234e-01
9.666036380432101893e+00 1.035702469130646364e+01
5.097997471715509654e+00 -3.163981618997665279e+00
9.505544323149619501e+00 -1.025798550853305713e+01
1.104218295600268007e+01 -9.516503198799030727e+00
5.076540846990246436e+00 6.468293864965287909e+00
4.755746071183644119e+00 3.433728845370312754e+00
-8.114918229238265113e+00 -1.276050706059298934e+00
1.705615470980496262e+00 -4.192888359440305468e-01
-1.494781272729191457e+01 -3.688181901381337280e+00
1.363202614138438484e+01 4.786939848734222736e+00
-1.047555800195657660e+01 -2.467448548609535219e+00
-4.417266920332353131e+00 9.690654463988942480e-01
2.065543023009740464e-01 1.684049241303155497e+01
-3.737634736746726194e+00 6.586823580243833298e+00
3.013674048383351067e+00 3.627737825126650328e+00
-3.987840735593586761e+00 4.766783703775331560e+00
2.230269621472132702e+00 1.410973253833586938e+01
6.718932166333314804e+00 -6.834734216939277296e+00
-2.328129847262539354e+00 2.876761315152142284e+00
1.384339629777195269e+00 -1.576663801429449840e+00
3.430419118051270644e+00 7.448367391527287162e-02
7.314453270750248315e+00 -6.782818173841320686e+00
2.080204709716467093e+00 1.256388824059834697e+01
4.513174884878121240e+00 1.405308933174861830e+00
-6.162392092256188114e+00 -8.551678920847773924e+00
9.068915189717886349e+00 -1.033764539472664112e-01
-2.704478087627608662e+00 3.833494351897948627e-01
8.807722118150362434e+00 1.238803420920536880e+01
-1.021197239179179839e+01 -3.993928799761458759e+00
1.908219310803862090e+00 3.994243192507942908e+00
1.448799371191034968e+00 2.615182005190965331e+00
4.234865465672811524e+00 -1.175542818449251037e+01
1.859511069491000423e+00 2.069893135324917921e+00
5.069606405923321013e+00 1.497724620003817186e+01
-2.885144943626511083e+00 -3.041993903958725820e+00
-1.700608912889789215e+00 6.157262983616123897e+00
2.618467409364868104e+00 6.754755000834899548e+00
1.232069968582573560e+00 3.524462389285660802e+00
4.603516494628299149e+00 1.314893938740958035e+01
3.314393676034403047e+00 3.279308520971792706e+00
4.723244248727165862e-01 -2.620914411379638320e+00
1.168107788047106865e+01 1.261787282912864327e+01
4.894589678064683369e+00 -4.850854679196123787e-01
5.258919689511880158e+00 4.353713418099709465e+00
-1.318704479924964268e+01 -5.988233668489502115e-01
2.131901982121729766e+00 -1.028513260853344313e+01
7.780960891592975770e+00 -2.818216141075844838e+00
-3.134804368349843440e+00 2.808373479309316689e+00
-4.623670308825102993e+00 -2.521875301551858239e+00
-2.067747678666323807e+00 -1.674976616336948831e+00
8.363430489779315025e+00 1.045247511377778515e+01
3.948874477262955374e+00 6.524271369011958477e+00
6.597781191255249311e+00 2.927664043390935777e+00
6.099752037207600175e+00 -8.282876136530235023e-01
1.017606511255904955e+00 -1.439091512549583562e+00
-5.096854301369771356e+00 -7.777074577342051320e+00
5.952356818636698854e+00 -8.937658040572859619e+00
-9.453445877145457032e+00 -9.968446122486862571e-01
8.563187814041393509e+00 2.616770851856509150e+00
4.779965013304945387e+00 2.374008905918810530e+00
1.495522889656474064e+00 1.646109023375463210e+01
5.844316094928964311e+00 1.037482793892314703e+01
2.019416933649210488e+00 -2.863466536008538288e+00
-2.736715344794494964e+00 9.304852742183440384e+00
3.063603590768446683e+00 2.048897155119579594e+00
4.231437105569474388e-01 1.345368344814533046e+01
1.127537975547464377e+00 -7.835483924319635918e+00
-5.987512629290928645e-01 2.724616169784348507e+00
-3.268755039917608407e+00 3.514359738994740301e+00
9.758064445312447432e+00 -8.768664471160569462e+00
7.816515196110930930e+00 -1.081728276431691071e+01
-3.706174799723459534e-01 -1.367524042865040457e+01
1.057075109890677567e+01 -6.107154093749657342e+00
1.906603587579522863e+00 -1.435767513856681532e+01
-2.795064803582374857e+00 1.060155602778587713e+01
3.402039145556845945e+00 2.873542529681593738e+00
-6.897499157494893396e+00 -1.132680837500994109e+01
-1.058789085224178272e+01 -5.924868546851063122e+00
2.581737737940185351e+00 1.041472582737694719e+00
2.860529328211249389e+00 6.276298231060077448e+00
-5.632926723200588626e+00 -8.963186398768193897e+00
-5.979795748250673171e+00 3.177205891262560478e+00
-2.148135973149586930e-01 9.311892323464504573e-01
8.143809306010582061e-01 3.452244038059640641e+00
3.170848778915892563e+00 2.206035995743689693e+00
6.814620258475793335e+00 7.876699988732140056e+00
-8.672888192204364355e-01 2.097339420731958892e+00
-4.081577968704563908e+00 6.917995566075511860e-02
4.864940930299899158e+00 3.512702435982854698e+00
3.457901878615515234e-01 2.002576747845421945e+00
-3.941775566501926509e+00 -3.717363831150947817e+00
-9.074732921595693114e+00 1.177348847260175191e+00
-2.087531121025822056e+00 8.344922354586095992e+00
4.741619502781704298e+00 1.069288053662515114e+00
3.375714626165664534e+00 -4.688168769933462321e-01
1.161068966729770935e+01 8.880074778699758031e-01
-8.337883107490893231e-01 5.276816362251653736e+00
-1.795652332430232478e+00 1.106246740966076025e+01
-1.864375519168805173e+00 -1.040515200869538415e+00
-1.094435929041383737e+01 -3.698552518652123311e+00
5.447843747890754429e+00 -3.132877332112574909e+00
-2.355568066702281860e-01 7.665410067197429456e+00
7.101923923532186267e-01 -2.787992280864858063e+00
4.195344942564270596e+00 5.217128737839618058e-01
7.566406236815562125e-02 -1.225579848422240836e+01
-5.310409779382192497e+00 7.367455332968989801e+00
1.195034876130727897e+00 -2.917437614873444662e+00
1.334345953208255997e+00 -4.228306358392261544e+00
7.880086752439477427e-02 -4.735093571664505063e+00
7.417250021167702378e+00 -8.014650243585460743e+00
3.894906477349489471e+00 5.970971267432965135e+00
3.498324665980888426e+00 1.304866434464728053e+00
9.753217371992700890e+00 -6.022628192629150057e+00
6.398648176039824165e+00 1.578622908389318402e+00
-7.206845021727057876e+00 4.842239315095820729e+00
2.597569456967452339e+00 4.089254358648362953e+00
-9.471651240710649233e+00 -1.472545251358085450e+00
-1.335744588731923477e+00 1.060355257981498589e+01
-1.455188273315552294e+01 -1.786010671100582314e+00
1.144837687466928600e+01 1.554252475971478420e+00
4.492780941783729887e+00 1.777567346364437917e+00
-5.181699510795069408e+00 -7.411534009973985704e+00
-6.908317165382767300e+00 -1.180343298490280368e+01
7.535430006765124311e+00 1.139914846505776325e+01
6.126335281292887014e-02 -4.520244831508962946e+00
2.494015634051842234e+00 -1.208971368917662836e+01
-1.333934754360156738e+00 2.545844575694919065e+00
-3.488552418214728501e+00 5.543624447834276658e+00
-3.655352854892073733e+00 2.354596185489595594e+00
-3.924630261466031111e+00 -9.042542409233996992e+00
1.181855629407176522e+01 5.361963587983418655e+00
2.874970426543800084e+00 -1.861424882297668892e+00
2.817049722677935630e+00 4.894866258525868652e+00
-4.616560335803420401e+00 -1.311720776292221124e+01
-2.799734329386321274e+00 -1.506879188661541136e+01
-6.433677024831349067e-01 -9.689542803453803366e-01
6.911591149140885015e+00 2.680828771792930443e+00
-3.009291739425908219e+00 2.592757366843979838e+00
-2.876624270664569494e+00 9.489716769162754417e+00
-5.514713491644799293e-01 2.506762359436694787e+00
-3.270537749562242524e+00 1.047719127279012241e+01
2.489136616714546335e+00 6.220705896881413288e+00
7.944784934499142359e+00 7.452597445058557035e+00
2.406196422701087023e+00 -1.037231970308404172e+01
-2.050307907012377306e+00 3.673972418954729591e+00
1.003869979622585085e+01 8.370074521781367238e+00
-3.885580122576059559e+00 -1.262992576018653956e+01
2.632793455790503057e+00 -1.260549816684624513e+00
7.862708008327015663e-02 1.716212431588675980e+00
1.414759426765928030e+00 1.576856757720114643e+01
1.132890638741594991e+01 5.929955102315248361e+00
2.764733718012298613e+00 -1.205668974240795599e+01
-1.560322301183462823e+00 1.140976559223786069e+01
-1.010627408807026839e+01 -7.763952642302968776e+00
5.826639632271851887e+00 4.007940817117744636e+00
1.035445012915752727e+01 4.273023985723060747e+00
1.213862115538945119e+01 2.148040526697489128e+00
5.264137720665381437e+00 4.572249883841807083e+00
8.392789367951801749e-01 8.033362419993489212e+00
-6.130528174984885004e-01 3.993564578094303652e+00
-6.917591996743103877e+00 -7.627688939102659660e+00
1.274470320973418058e+00 3.718930209690510136e+00
1.144681819158708258e+01 5.188415174745367509e+00
5.988746498288584519e+00 2.619021594958299559e+00
-2.802215295277158180e+00 -3.810885761554895890e+00
-6.862010614693374588e-01 1.390803235906987734e+00
1.186077181094059352e+00 -4.307582365279433390e+00
-8.360359501132569093e+00 1.852887667765917401e+00
4.318539319874179938e+00 1.589046839952542367e+00
-3.098195618521810690e+00 8.457657951886609737e+00
8.418013200516750061e+00 -4.150039594250036323e+00
3.075898358132767463e+00 1.289771151813403804e+01
1.039250642814225500e+01 4.631891166446638231e+00
3.825143599811627215e+00 1.895148482948782576e+00
3.611533961632033662e+00 -5.094511310757497746e+00
-9.603260541157464303e+00 -5.874377226862264934e+00
-8.346700746013898664e-01 -1.323967401924032394e+00
1.551318638112207715e+01 -1.671577017334441528e+00
3.473978850686398001e+00 6.031863847479284502e+00
-7.815356520648025551e+00 -9.494565248744274655e+00
2.276027564016465998e+00 -6.848007008515314631e+00
-5.324894868740468468e+00 -1.319032576976516502e+01
-9.892979276552018586e-01 7.466364325899903953e+00
4.965230161800223918e+00 1.932247955363086023e+00
7.379461308727777613e+00 -9.257752929774799355e+00
-5.682263212655811913e+00 -5.787997197021519824e+00
3.282866239546406550e+00 9.881903937345745348e+00
9.457347327820967431e-01 1.448054839569877128e+00
1.811581143097681146e+00 -8.507853704858082011e+00
-4.614312612590869556e-01 -2.021681499424292927e-01
-2.015168939940372717e+00 1.480930129446071497e+01
-1.935509138094746451e+00 2.811098428077512423e+00
2.147065716569890981e+00 1.270789855895545628e+01
-5.701708171517505530e-01 1.070215996018345495e+00
-5.292604184800830502e+00 5.318738149602810772e-01
1.106580117354232229e+00 1.347262317537735044e+01
6.418202095576679866e+00 -7.164784086580548994e+00
-3.706652213901115545e+00 1.391474378378533272e+00
-4.396323945462596861e+00 -1.757778057303127861e+00
-6.254708634102721376e+00 1.876717335747970061e+00
-5.779384227349563044e-03 -1.822363223015720290e+00
-5.776620067123912072e+00 -1.070040767333873966e+01
2.045939127405675517e+00 -7.005633660995938428e+00
5.002723419121635651e+00 2.897192701289072581e+00
1.553703733804509657e+00 -3.587399987996171102e+00
-8.065139036222371161e+00 9.280028021103010616e-01
3.007053404376057504e+00 1.267107856177871383e+01
1.050461079684009036e+01 1.644049763248659701e+00
2.155200975088905846e+00 1.460592805126367466e+01
1.126950543180570818e+01 8.866928900417519799e+00
-7.286689319883015159e-01 -1.237613288886196017e+01
3.639113641900272533e+00 1.255060698290368748e+01
5.174412752763215551e+00 5.940076391469254480e-01
-3.698895758821837632e+00 -1.029960733435983755e+01
-5.245953965413371556e+00 -1.172969559381508198e+01
-4.479219899995877441e+00 -4.092069631836267263e+00
6.231723230100961075e+00 -7.009931753433422674e-01
1.647625117026152664e+00 -4.708577883827457455e+00
-5.302371099696315149e+00 -5.827889560105248279e+00
1.042193446313856420e+01 -4.398091811033938647e+00
-7.940895785908011817e+00 -6.407416691561486743e+00
2.462035452472860264e+00 6.492797287410180473e+00
-1.354852551239616565e+00 1.549088373836246468e+01
1.068922656807060667e+00 3.285210723122139242e+00
-5.701542975620166764e+00 -1.280037949543593179e+01
6.246163860519523325e+00 1.379130052937874318e+01
4.019444168204906020e+00 3.304938489015148750e+00
-2.675209857711369210e+00 4.095905107245646271e+00
8.962883473172659876e+00 -6.288675297295802658e+00
7.511891143143734517e+00 -1.057774821542061972e+01
1.087723753177593089e+01 1.145424954740732026e+01
-1.836987946112008441e+00 -7.368786994995953243e+00
-2.875880449740615408e+00 1.157272917343447816e+01
9.203447921243387952e+00 -2.897204155001932513e+00
1.111260288711793054e+00 2.966097216786430124e+00
-2.613107000695469306e+00 -1.420927185003948434e+00
4.087221714689700525e-01 -7.334929148937471277e-01
-1.092147518994349253e+00 -5.058733781270633223e+00
2.577923153506338938e+00 5.283761849704620595e+00
-4.004368635793432718e-01 8.702317764611706252e+00
3.134584896555256073e+00 -8.103943434419024427e+00
1.432677024535507826e+00 8.085791574666416626e-01
-3.636544748230005619e-01 -1.041426178612941378e+01
-9.827388798007081760e-01 4.670018176208984295e-01
3.057292127477968524e+00 3.173731897279145897e-02
1.465866514248559849e+00 -1.173735305069194901e+01
1.500070561952285608e+00 1.013007805280094820e+00
5.739992694677832574e+00 -5.397234359123429748e+00
1.551652634530315655e+00 -4.329255762783461581e-01
-3.719449330947540044e+00 -1.847829403688017624e+00
-3.849229408722911305e+00 8.932210842202355394e+00
8.820786650438993348e+00 3.774564709419889308e+00
1.342692238346639932e+01 -2.684579952633433741e+00
4.204306015477824232e+00 -1.370508597480488699e+00
3.682119424158471599e+00 -1.249658253747514003e+01
4.672019583219275241e+00 -9.325404365059636547e+00
9.590310174269244925e+00 -6.985605546465969873e+00
2.117452591877950319e+00 1.135340627236498534e+01
-2.303247914635341065e+00 8.689060814945552547e-02
-2.679208300843313850e+00 1.997635708535686838e+00
1.235997268532496562e+01 2.546908516003779432e+00
5.661044463816691241e+00 -1.069470444058768699e+01
2.622366015858286659e+00 1.085675172299868541e+00
-4.266302312187337797e-01 -8.633155805051787590e-01
2.515580113361297054e-01 -5.298866160794296398e+00
-1.855100971204119015e-02 -9.602726848727561659e+00
-4.005943388693688156e+00 -5.340668898893206951e+00
2.895054092896075515e-01 -1.688343846168026463e+00
-1.485801629327017359e+01 -3.186845298160519757e+00
-2.378079615833003757e+00 -7.474918502045356128e+00
6.225881453023074386e-01 -9.413880155360535795e+00
-5.264570087865878101e+00 -7.751824134141930500e+00
9.074230112760123035e+00 -1.228399330332629269e+01
-8.677548838624444372e+00 4.803266116463028368e+00
-7.272095258603593626e-01 -1.125897240495365992e+01
3.852436930354744771e+00 5.061727008987411125e+00
6.526402382899960664e+00 -1.219124747184618229e+01
1.562315225281747932e-01 1.044042732436918808e+00
7.215733416042184878e+00 1.127055944135435528e+00
6.897984545698772063e-01 -6.198003712388403308e+00
-7.271039894484272459e+00 -7.292137582987595401e+00
-3.041987915937415465e+00 2.121182222256046135e+00
-1.050038543450280493e+01 -3.949502878685998475e+00
5.287890050837414924e-01 -1.349441676402345580e+00
6.012814739911126694e+00 7.876635023371102662e+00
1.770180977078182005e+00 -6.285401269629112164e+00
-1.311296802888817892e+00 5.258747681186560996e+00
-1.124568208181032070e+01 -4.452400287383504462e+00
3.217051889948424392e+00 -9.872726864483201581e+00
-7.759578325869333604e+00 -4.618517716937446949e+00
8.245507390531480851e+00 5.577658998740194995e+00
5.853742481065860037e-01 3.522717331321658651e+00
-1.530599305745441674e+00 1.066243580682319703e+01
-5.661468043984859699e-01 7.610738489034582166e+00
-3.580077654756735894e-01 1.618237614226807608e+01
-1.147572368833033707e+01 -2.233074145532367716e+00
7.774995330059840448e+00 -9.783401769759114686e+00
7.077233944002873756e+00 1.525300977327780361e+00
6.145996625598267649e+00 1.364569784380606698e+01
8.349949773757920468e+00 -9.956227784770023348e+00
-1.813297033649320378e-01 -2.035900316806489752e+00
-3.340605835095865395e+00 -5.956773460947620835e-01
1.995233324639166028e+00 5.647973580779866332e+00
4.743254393398295576e+00 1.016329519334111176e+01
3.062631815361033905e+00 -9.336742128643519267e-01
4.102983836545337049e+00 -6.053312960330953452e+00
-9.462268368425570841e+00 1.143346620121017843e+00
-7.870191148447010399e+00 -2.367067029727830896e+00
3.576139990391041135e+00 -4.301001613697990500e+00
1.246397586355913883e-01 4.870389586043685881e+00
9.704545733124055884e-01 2.361514641464820041e+00
3.362797322997068239e+00 -5.020890666501450994e+00
-1.777080858891839865e+00 4.857362213430191034e+00
8.802283976081890060e+00 -2.901640930478100788e+00
8.074466655962938333e+00 -3.256705514511841204e-01
9.070199809352984255e-02 6.591890605830017513e+00
2.811207061707501342e+00 3.036817798769972487e+00
-9.307556804466448952e+00 3.570519228461190853e+00
7.820557638865511585e+00 -1.280782010864166054e+01
-2.232424568421031152e-01 -6.110009315507647365e+00
9.970233996551600697e+00 -8.995566473914751171e+00
5.611767825730145098e+00 -5.388835004006539364e+00
5.046331839609127456e+00 -1.293925088618152808e+00
-1.588704625740591236e+00 6.080100271450506355e+00
7.032444680823724426e+00 5.957789283278143166e+00
1.169235018312063801e+01 4.106284392582726817e+00
-1.027172064630599735e+01 -6.113890671489620177e-01
2.554960390660400371e+00 1.381782711118899520e+01
4.603623579942759392e+00 -8.889152824958413746e+00
6.424639624802239268e+00 3.067152114955808084e+00
2.395360947461730172e-01 -6.135856012349103494e+00
-1.053571312438563545e+01 -6.420138526784381128e+00
4.852855485126451818e+00 4.769494308744088862e+00
-1.544905400833163522e+00 -1.130473603814309280e+00
-1.773964926678824883e+00 7.308416998490963046e+00
6.145190349410621700e+00 2.028618890372314798e+00
3.246143745203128317e-01 -3.680768731891308931e+00
-1.670258212647324880e+00 9.355539059210308039e+00
7.396337126724788824e+00 1.100182855112560532e+00
-3.900866198333171386e+00 3.097559775891656653e+00
-4.549440479500956869e+00 -4.794987683848846993e-01
4.933745395290261015e+00 -1.104744142146398467e+01
1.480986509698557896e+01 8.649336538790196371e+00
4.627134542942108908e+00 1.261518141093742429e+01
-6.414020778818957602e+00 -8.016756110371643373e+00
1.162706171729058102e+00 8.535508538712745619e+00
8.876992241950263374e-01 1.083621293930838725e+01
-3.938155733619216892e-01 -8.552298014109552260e-02
-3.153859631033882671e+00 -1.461637604810293389e+01
-8.581674412515566175e+00 -6.124833931719134483e+00
4.550531666728403479e+00 -2.725779336736319003e+00
8.384866742919651728e+00 -8.845045740718965988e+00
1.054766935334116340e+01 3.471249099569195806e+00
2.564686460220098940e+00 4.438692377538232314e+00
-2.553200853079072630e+00 7.930845324155704645e+00
-1.218130472095415140e+00 3.578877375276307227e+00
2.367832084374679180e+00 -2.244080689460644873e+00
7.121915166446437517e+00 3.594803312139140505e+00
6.088112630726058683e+00 3.442877003600397501e+00
1.384861643212476345e-01 1.327207382751414144e+00
-4.253326228187373381e+00 -9.407018553095804592e+00
5.718823368970816112e+00 -4.369444782618458589e+00
2.096787722376728169e+00 -4.364626987185936002e+00
5.212331270554893869e+00 -5.884965885206314695e+00
-9.038811357045535289e+00 -2.725493993428665274e+00
-7.848449237357773001e+00 -1.831294521710772338e+00
-8.966361111597791478e+00 -1.340747068236772810e+00
1.122693607751172662e+00 -8.423738765708896903e-01
-8.212536996599299144e+00 5.593409111601294059e-01
9.842708715925034824e+00 1.206257445359774927e+01
2.362197120272877537e+00 -6.222956035728432589e+00
9.113613474195691566e+00 4.838729561777256549e+00
-9.651487426988993867e-01 -9.186964847859285799e-02
3.487754837582465850e+00 3.145750183703641678e+00
8.293094211037487895e+00 1.506837540631888184e-01
-2.517309474831122884e+00 2.602901842967747167e-03
-8.589548793951008676e+00 4.326877592391880079e+00
1.703073083165845159e+00 -1.246649556107934131e+01
-2.949395150659865905e-01 -1.575799594874220499e+00
4.079052537956142643e-01 4.078934629560467151e+00
8.713904821280362700e-01 2.726174538331882502e+00
5.359869636805855819e+00 6.279440312061153939e+00
6.951112833363610299e+00 -7.897702518373631797e+00
7.051958179248021708e+00 -6.496659309529392523e+00
-2.167421464716886792e+00 -1.547586490558749750e+00
-9.804836953105326103e+00 -3.567113346573426380e+00
3.750459256399266916e+00 7.290314080078126757e+00
-6.959424551322553887e-01 -3.556062608147927406e-01
8.472936323745146936e+00 -2.973307092503921112e+00
9.271074748147764666e+00 -5.228212241592159693e+00
4.557866147664144663e+00 2.890702432993362603e+00
2.577777155914454887e+00 -1.234429422451679059e+01
1.131195017096503186e+01 -2.024809972997902552e+00
1.511789776770569693e+00 1.080000182526958064e+01
-1.700934765462252862e+00 1.433052031760408740e+00
-6.614540242186273566e+00 2.397153986512317037e+00
-1.500670070460855676e+01 -2.748941124021801130e+00
8.922310399004553361e+00 3.566595671024030079e+00
-2.193534303486837977e+00 -7.815765837485447953e+00
2.910508232620917290e+00 3.551356130584134352e+00
1.042893274084369937e+00 7.869241370707821481e+00
-2.514945469595473160e+00 1.473506539731159926e+01
9.419636841618684642e+00 -1.794914469806430546e+00
1.700772449388484112e-02 1.402606313901571333e+01
1.432711907485670455e+00 -6.879480347180369826e+00
1.798047655832002656e+00 3.728047706782580573e+00
-9.427319173029488297e+00 -2.193779392156430585e+00
8.547218124192649924e+00 -1.035287994671619849e+01
2.753362798039895143e+00 -1.345233512058108083e+01
9.704802693050907925e-01 1.991155220080420563e+00
5.618892648671783618e+00 4.192286721414999917e+00
-1.737155996461350993e+00 -1.102108247602758162e+00
1.024188192717504897e+01 5.362056335439277177e+00
-3.745719505602450039e-01 7.803358950921716886e-02
1.946231301396206037e+00 4.835752945470408903e+00
2.406469839711247616e+00 -6.883250356571714690e+00
2.408941088980641521e+00 6.750094390361925711e+00
-7.612803655879397446e+00 -9.546116011162748549e+00
5.147014216407445275e+00 2.994553706633505730e+00
-4.122927160129963298e-01 1.250427722843138945e+01
6.464136801292603707e+00 2.130526655491130850e+00
1.269569526828025374e+01 8.358135290475146917e+00
-7.813899158076254459e+00 2.536158994633069597e+00
3.170384545784058705e+00 -1.992906010617538248e+00
1.096107299466868135e+01 -7.922369378593290712e+00
-7.581600201045298526e+00 -5.956155862952836166e+00
-4.683147329235397116e+00 2.298768563560788181e+00
-1.345184769179030848e+00 9.192640439710730860e-01
1.165326792817449775e+00 8.177708009141772649e+00
-3.626512464857395202e+00 -1.400914577096633273e+01
4.329963961265407946e+00 -5.126789407348405270e+00
-7.607541742080042857e-01 -2.296268533783709653e+00
1.569536431822731259e+01 -1.022290887349936117e+00
1.193170459069889588e+01 1.648862372842641921e+00
2.977302144086600322e+00 1.543075133839426805e+01
-2.066150297695759919e-01 8.040861425321333300e+00
1.656970252910436647e+00 -6.335475008876831460e+00
4.982843690357988464e+00 -1.050021017805690704e+01
2.292787965242606418e+00 5.950729555268584825e+00
4.127244557863826380e+00 6.906459478107049854e+00
-3.816006787879327344e+00 -2.704608623119048261e+00
5.263637056811757420e-01 7.491241443431830405e+00
-8.243685436430101987e+00 -3.404804244522051881e+00
9.145593959319080923e+00 1.245489889197477495e+01
7.320265494371442472e+00 4.761680252327450624e+00
9.167132464531773550e+00 -1.987134493108135391e+00
4.586141364048654800e+00 -5.897625045128760402e-01
8.690310368778176864e-01 4.736368513354050069e-02
1.045509478876699916e+01 1.172158589079029589e+01
6.623733385230453408e+00 9.217021036157257541e+00
-2.063384062648764061e+00 -4.756502016881063888e+00
1.928832408647807251e+00 -9.612570839580338866e-01
5.949279713051429219e+00 6.194022509802373122e+00
4.789555700014615169e+00 9.452111702628553047e+00
8.647333980137078768e+00 -4.980773954524153169e+00
-2.691063025456044144e+00 2.579939124955021423e+00
3.196070665273503808e-01 -6.452652963501827266e+00
-6.014197401874245230e+00 1.146160232325026396e+00
-3.921948822830329195e+00 3.196822332772870645e+00
-8.022956928010060995e-01 1.180933975259788937e+01
5.060310853571727385e+00 2.471460923514233521e+00
-1.407529155576261992e+01 -3.791941787059829316e+00
-1.052770188280386376e+00 4.812832856365424128e+00
2.301427759383401980e-02 -3.586698830647478520e+00
7.645690155338468186e-01 -2.172199482106941026e+00
3.061451007953525094e-01 3.848887937797741188e+00
-4.654051908337937249e-01 6.501273752791363325e-01
-1.264356359952406583e+00 4.327896977350508045e+00
-6.352392988842058053e+00 5.645100211890080821e+00
3.915585883720317462e+00 -1.233409983661428022e+01
4.776698397977059973e-01 7.779455316622704508e+00
8.225699156512777943e-01 -3.518528726584843280e+00
1.505384112285797160e+00 -2.180061851817797436e+00
-1.441467615287566895e-01 -9.211920625565690912e+00
9.588286619981339243e+00 -8.218359910671095392e+00
9.076312386170232172e-01 6.010025051353320436e-01
7.150153669625884945e+00 4.214728523422207829e+00
-6.645795347754002158e+00 -1.191481577357279242e+01
1.845255782051899718e-01 8.264000098892910984e+00
-2.011844050471864875e+00 3.427254022177128157e+00
-7.192621114626922108e+00 1.233887705043684946e+00
-1.493507019874775965e+00 7.028128609782292813e+00
2.093684817192764225e+00 -5.006515340512215140e+00
-5.903078731617502406e+00 -3.692424509562561408e+00
3.823227537353355743e+00 3.642924971804363476e+00
-3.143361269866100205e+00 1.093771465948935706e+01
-6.475269145216415723e+00 4.362484723691399502e+00
4.413142537593722103e+00 -1.171340058996609734e+01
6.676105346979121613e+00 3.264314738013550876e+00
8.199182481149369650e-01 -2.471681434925520726e+00
5.666796433843838798e+00 -1.721949767496161465e+00
-3.270440748548276488e+00 -9.750787216456867412e+00
-2.446834119143151742e+00 6.489229638239804032e-01
1.620105545448277118e-01 6.355982843471013943e+00
9.723054709796810080e-01 1.566162617849490424e+01
8.030152989711737632e+00 -3.814606921444627208e+00
-9.203618929375107172e+00 8.794355776066477004e-01
1.133438460196943076e+01 -1.677578697409937591e+00
2.006333934164347799e+00 -1.078228213701373228e+01
-3.238692923033631654e+00 -2.003872424977489075e+00
1.868485269773232593e+00 -3.981806931798037574e+00
1.149312296802954236e+01 8.841712848145084180e+00
8.003549622733462598e+00 -8.520885647086660075e-01
4.417470727334725566e+00 -4.532847969159709223e+00
-6.914790559495332944e-01 4.629689537056551174e+00
2.169167537115639366e+00 1.057802068591763289e+00
-3.030189852772359416e+00 1.129089331771987048e+01
1.683171451927967688e+00 2.760333245109799008e-02
-3.824841781310513333e+00 -6.020654667871014887e-01
4.092833049785672195e+00 -5.083188210430787279e+00
-4.488757399747604349e-01 -1.534319037787242213e+00
-7.914748732891347949e-01 3.578395278529865831e+00
5.915247169848059094e+00 -4.182057667874292228e+00
-5.721265878944382877e+00 3.823210691838355935e+00
-6.116544524985467746e-01 -2.496678617782122522e+00
-7.734564729909038761e+00 5.203901882839170767e+00
-6.884587153514644342e+00 -3.594988960514700627e-01
1.043730280514863296e+01 4.162642274874150061e+00
8.337247856547442382e+00 -9.487761232379531506e+00
-1.389049197951189418e+00 1.028103147640839321e+00
-4.042910224653179618e+00 2.028876083620490434e+00
1.043091673245990225e-01 4.176992652232993208e+00
8.153664216218251326e+00 3.227533705936405983e+00
4.556376618717470905e-01 -3.994546113629791950e+00
1.522122605932626049e+00 -5.048720774051188798e+00
3.437837970677527499e-01 2.108374137436071827e+00
-1.233912986184207305e+00 7.211428510040080120e+00
1.098562945714082195e+00 -3.407237105892929829e+00
6.696092579517123333e-01 -1.498925561322517197e+00
5.041991037646129215e+00 -4.892469754542070337e-01
-8.168697724835429774e-01 -1.537991793681358299e+00
-2.417614673972927619e+00 5.650065756030268282e+00
1.978483171477905256e-01 -4.802372423936477119e+00
2.211398973730371864e+00 -9.043911581291963486e-02
-9.530286916837363620e+00 4.395820470161414306e+00
8.183607485548453297e+00 -8.066135043813607908e+00
-3.889475028279291369e+00 2.206200737951296009e-01
1.101940134054603071e+01 -2.056105777382823963e+00
1.670079941695106429e+00 2.221588314072151071e+00
1.306589730577622177e+01 4.737782039987914473e+00
6.346050573901595993e-02 2.152152249125127703e+00
4.846326365293355920e+00 -2.154114285133879925e+00
-3.298781719603591345e+00 2.788107956436453705e+00
-7.137621572440173701e-01 5.522071530889399504e+00
1.279536211383891953e+00 -1.971060052824090914e+00
3.204410538999876712e-01 1.181469815141547741e+01
-6.905668095871991818e-01 -2.447777437933424505e+00
2.244973375543568572e+00 -3.007277748919091831e+00
-2.848922593609841680e+00 9.818280993006286650e+00
-2.582804183918782748e+00 -1.137443519916824464e+00
-7.019993517462240540e+00 -2.137533801403187272e+00
9.614055083613207708e-01 -3.998694158875264471e+00
2.316576781238345095e+00 -1.422494084234510403e+01
-2.625376449801559708e+00 3.763763512007703316e+00
-3.714342287873349857e+00 1.225370752720118617e+01
-2.622714991208142665e-01 9.134352270774661164e+00
1.830292204674229595e+00 6.564038991818804902e+00
2.866202455129233773e+00 8.579973951235693619e+00
5.962926834917916530e+00 1.863317702152760713e+00
-4.790204917096444248e+00 -1.907275502600435657e-01
-1.635940445654649800e+00 5.011288233112193069e+00
5.974035260804697600e+00 2.074971125311442233e+00
3.212677305764229718e+00 -6.236602285908941390e+00
1.066099023302609528e+00 -6.572494469439154052e+00
3.458518470395829603e+00 -5.174107453617470043e+00
-8.771455175666513782e+00 -6.603799830440865826e+00
-2.290541957621713198e+00 3.940489940240290978e-01
-3.373354552627971792e-02 1.893534165622791754e+00
3.503059019260367890e+00 -4.194995024035565123e+00
-4.063059597899511544e-01 9.809542079693356342e+00
6.256170157771594909e+00 -1.153703837176522740e+01
4.633081025229543570e+00 2.776685226334496104e+00
-2.959312672836825087e+00 1.772550922517832639e+00
-5.931268471080063165e+00 -1.079292299732774474e+01
1.664444513471455833e+00 -2.891318861297789145e+00
5.168292489930420563e-01 8.527281139362420603e+00
2.093684483514425043e+00 1.008671476180409066e+01
5.513793291408814135e+00 -6.303640431805282995e-01
-1.038391356179156233e+01 -6.710054067428394831e+00
4.337332945038204768e-01 -4.880583969083943652e-01
1.007437302944219348e-01 5.558524713032512388e+00
5.427311766544552496e-01 6.254447968304646110e+00
1.151209215778381090e+00 1.573248140550485841e-01
-3.635358723181882912e-01 4.213741999076981770e+00
7.755627818386249039e+00 -5.603527606721401266e-01
1.027598307056029725e+01 -5.252550534215898459e+00
4.592885636663507576e+00 -1.051993910361020390e+01
-5.334269880334084668e+00 6.006988265155913886e+00
5.631062295195152778e+00 -6.117373175165291554e-01
4.765056391058803520e+00 3.348169091209024728e+00
8.491630639946745163e+00 -1.228763745161619170e+01
-1.347813842303264842e+00 -9.214557735743401423e+00
-7.136811599556927455e+00 -3.861529915900902221e+00
-5.930243283948737065e-02 7.102913602428607476e+00
-7.816980646271469269e+00 2.902365659390399699e+00
-8.041436102659714757e-01 9.652556037071320816e+00
4.930393878341292613e+00 7.324498622125145131e-01
-2.250972597033039091e-01 3.074474367766110161e-01
-5.480296255429462526e+00 5.840706341794665413e+00
-6.231758229175872188e+00 -1.640974010181140308e+00
4.435977426648061717e-01 5.295303921247281664e+00
5.826387684157850799e+00 1.374398178907926749e+01
-1.009466090797949800e+00 -1.230156255162584955e+01
5.096935897592280718e+00 -3.003479680297580501e+00
1.861782747245861458e+00 -4.564666274920637257e+00
4.742044007710832787e+00 9.986327593615392573e+00
1.615610729249748578e+00 8.120884477738517404e+00
-1.351279522203057581e+00 3.618000878551624666e+00
4.454182161606444090e+00 3.978086962229141488e+00
-1.034463385609306618e+00 9.490296142115115074e+00
8.351490359475477021e+00 1.108669835746294652e+01
3.004374145774359128e+00 -7.702537596495799832e-01
-6.769390314207429427e+00 -9.952132448794596797e+00
5.308872821443354262e+00 -2.784682114209291015e+00
-2.104810349757076260e+00 2.671399606560526774e+00
1.022657666591740844e+00 -1.584448261164333127e+00
-1.199387868743708063e+00 9.234739849568407877e+00
-9.630838132806550433e+00 8.992940867170899910e-01
-1.890216489345363682e+00 7.569824051425513289e+00
1.999007643041921023e+00 -1.115100127275441899e+01
-5.931187379486239308e+00 -2.868971183186137530e+00
1.474664945500762947e+01 1.035815164303567748e+01
1.791802609668177393e+00 3.954273879068625153e+00
-8.747265083855711998e-01 9.493246096391187550e+00
8.715973514061481353e+00 -8.735649377748611499e+00
2.962590248849715557e+00 -6.893195480170581924e+00
-5.005637002679771186e+00 5.908563664594739251e+00
-3.716736334029349109e+00 2.168482072324791954e+00
7.141552737091116043e+00 1.108700262120282432e+01
6.102700660492566875e+00 -1.063210633614798173e+00
-6.848934083038788145e+00 -8.711520126548403908e+00
2.538488884241982380e+00 3.290677041620771348e+00
-1.222599636822666369e+01 -1.263826798830924192e+00
1.089696009134212851e+01 2.467467278792923935e+00
9.993444304752877372e+00 1.038633965320145691e+01
-5.661598129519773259e+00 -1.152170543820126269e+01
3.877597979378874182e+00 -1.283688389527371676e+01
1.275598193542406333e+00 1.124177793023222405e+00
-1.751631052013229217e+00 9.531152990190426166e+00
-7.214592053646394776e-01 5.247006438942854872e-02
-3.611362948680930884e+00 -5.336395814665869652e-01
-1.032881735331415030e+01 -7.683010812809162537e+00
5.198423712868879498e+00 -1.406061849265197949e+01
-6.062605876209965494e+00 3.358004636893205053e+00
7.484483551008350943e+00 -8.947690529727797326e+00
2.676162821535799097e+00 5.179316264436690798e-01
2.699688576585141941e+00 -4.459367736729907827e-01
-1.386736899942728529e+00 -3.631962974197738614e+00
-5.571740311542732194e+00 1.208199205645405838e+00
-5.532908535845511899e+00 -5.940153131596273894e+00
3.134609137476330520e+00 1.390355346150015592e+01
3.214229303874555299e+00 -1.427437185147281618e+01
-2.774312172185845249e+00 1.130820078121456262e+01
-9.726379956075694722e-01 2.676350417051000186e+00
3.374774076640313147e+00 -2.484395496438636997e+00
3.119876868821876315e+00 -1.170190630857115721e+01
8.564001225129842965e+00 -6.593176092834973190e+00
4.241912862246858040e+00 4.560472147493466188e+00
3.631761704146447389e+00 -2.771714024881307914e+00
-1.863420692355858943e+00 3.303481589110755845e+00
1.076512999640207191e+01 -1.960373301841269456e+00
-2.227379650217879536e+00 1.057138365161416438e+01
2.399426339330609448e+00 1.074875753004204526e+01
-9.739880514053156801e+00 4.749515267241632088e+00
5.134486667923819248e+00 -2.111515247771219295e-01
8.231663012181823502e-01 8.178116899256766104e+00
-6.095269902850269261e+00 4.621241693869002631e+00
2.843392081690987894e+00 3.758479472362403317e+00
-1.299409501211873152e+00 -8.894301731191831095e+00
9.478628124463366333e+00 2.829503750160871967e+00
1.422310820624807848e+00 -1.131029354830830158e+01
-4.986167482334807333e-01 -7.712450453628592051e+00
1.145461779978861294e+01 1.240366564824998541e+01
1.220315993430474810e+00 5.311379740514424519e+00
2.509331478746952726e+00 -1.342448109052332761e+01
-7.067642882694153528e+00 -2.940820600001533780e+00
3.882412878028578263e+00 -9.948054770627090093e+00
3.998546341518882219e+00 -1.259213210518605486e+01
3.626267637106702635e-01 3.008110114164736171e+00
-5.243269096013136732e+00 -6.614684350546524705e-01
-1.137542625448611372e-01 1.068938631044207455e+01
8.529103136282587982e+00 -1.191318504888032237e+01
4.921853858229132683e-01 1.031530441055640068e+01
2.230961797748448827e+00 7.886487062798681613e+00
-3.115246034190237712e+00 6.308232238742246700e+00
5.576208580761190525e-01 -9.311318778413970598e-01
6.313631638688280034e+00 5.613789827965904422e+00
9.665191284525795012e+00 4.177973588731259902e+00
3.835940861263948953e+00 -2.901898565850081990e+00
3.304795446085886379e+00 1.914846934921548449e+00
9.831617863708601135e+00 -1.150514767545411665e+01
9.368518132967530221e+00 5.803195832635738682e+00
9.287547398618606564e+00 -5.092491788093013838e+00
5.422991612221610858e+00 -5.148717172751132942e+00
-3.060977879880116825e-01 -1.413745122031170531e+01
-1.663259829684838875e+00 1.214379498751675968e+01
9.327260037942338045e+00 1.133797499668372488e+01
1.061737806392947725e+01 -4.525668684640591799e+00
-4.420284761707875099e+00 -1.157552945011353884e+01
6.630351307388606230e+00 -4.648934904568664983e+00
1.479105217680106166e-01 -7.822138945997622272e+00
3.670550099439652492e+00 -1.336437398987691516e+01
-3.853014414295719003e-01 1.158874681033100806e+01
8.276007832426834909e+00 -1.189009161279296478e+01
-1.131262594367646912e+01 -1.242991543946263322e+00
-1.043818952336002109e-01 -1.360445696472256216e+00
8.391144721503319914e+00 -4.732353847239686218e+00
9.873923373965745043e+00 -9.065284658653300909e+00
1.505484462987616112e+01 -5.211111083555484136e-01
1.103663346471328022e-01 6.513793318109104113e+00
-2.689697230051015353e+00 7.577259507418858675e-01
-5.652346816854826983e+00 3.587038956276776602e+00
-1.157281194468420038e+00 2.067548532968503938e+00
1.272657647230943034e+01 5.618349364601769480e+00
-7.135697221910776378e+00 -6.289574589520739778e+00
6.584179149103336348e-01 2.181363637668421784e+00
6.096066367706093336e-01 -1.037029505486167569e+00
-1.199593636563799803e+00 3.747695010322416920e+00
-1.270425268652187745e-01 8.408654246582443648e+00
1.530936020066684300e+01 -4.696216469716200659e-01
-1.524080805622816670e-01 9.523451463660974170e+00
9.872251716199400562e+00 8.179102613520360165e+00
1.016498839462225945e+01 -1.035826728620308756e+01
-4.672406992402613479e-01 1.310348688080899038e+01
4.871565269334745985e+00 -1.279015002185413685e+01
4.658318228291999041e+00 -1.428926938325006191e+01
3.652222569361540216e+00 -1.436793071593718718e+00
7.848839679024039562e+00 1.909808392203942162e+00
1.101174559199765568e+01 6.650906978439219408e+00
-7.055687535311042424e+00 3.402305277586286092e+00
-9.674024651258648078e-01 -1.282427579232828485e+01
4.990479143732954981e+00 1.005604135111163266e+01
8.184743793088680164e+00 1.192448489891492258e+01
-7.475260026526409085e+00 1.112286686336570574e+00
-2.423444506343887195e+00 3.704504376631140961e+00
-4.417491855488001384e+00 5.412695684086231473e+00
-5.073896539938145267e-01 1.379300146277880401e+01
1.022429025793893231e+01 2.691862391324573611e+00
-2.373608346575488692e+00 -1.412837410392766557e+01
9.544172051691013792e+00 -7.190133534003895655e+00
-1.892501387137239810e+00 7.740526127673030832e-01
2.713312982870956791e+00 -1.419819391376321427e+01
6.315118182728191698e+00 -1.276927183005982513e+01
1.722519939714315607e+00 6.921362715741954386e-01
-9.170687239670103352e+00 3.175380602112080286e+00
-7.146436163114483264e+00 2.277899019055022567e+00
-8.669138476181901254e+00 9.428414562831206602e-01
1.401946807306787779e+00 1.193754910803061398e+00
9.290237419129804053e+00 7.962347150273578755e+00
4.767291935040936401e+00 6.785540938341049433e+00
-3.218508840730482934e+00 5.415480653843729897e+00
6.485807453898588371e+00 4.768759195038237308e+00
-5.344646077857984068e-01 -7.006163074924179668e+00
-2.259537560054885930e+00 -3.999876873021719903e-01
-4.096303446207550714e+00 2.499096130177980601e+00
-1.537413686488071363e-01 1.304218676863509785e+01
-3.580646942173645542e+00 -1.167769643784251699e+01
9.235582547593235603e+00 1.167069547763068016e+01
-4.978939555717124321e+00 -7.431237358598121734e-01
1.118191352389452931e+01 4.381768161725677402e+00
1.434759579814474773e+00 1.947741375195983338e+00
-2.017330828478038907e+00 -1.009464823144214929e+00
-2.560979178378613330e+00 2.221531259577733675e+00
9.006311832195413203e+00 -5.265856921292413340e+00
1.724170685891411037e-01 1.217028617236541699e+01
2.892768950401328754e-01 -1.442591407225534184e+01
5.902328254681787456e+00 1.059181080876082071e+01
8.644978642662778157e+00 -1.170109047797593327e+01
9.066122843150434818e+00 4.141190277484841253e+00
-5.493655595491169219e-01 5.994127361798909703e+00
7.933064392281221622e+00 -1.185964871507888851e+01
-2.155543031059986347e+00 2.998792950209455341e-02
-2.935858830100990691e+00 4.763253877745578180e+00
1.210750909679358855e+01 -5.664287392376355923e-01
-6.835483090594147271e+00 1.921027300584099873e+00
3.324052442566010068e+00 1.414720968033312509e+01
-3.405866618713249139e+00 9.239132506071380035e+00
-1.443734986747887383e+01 -1.753542452204754021e+00
1.084601074255122910e+01 -2.520937984409333144e+00
3.311262089732401881e-01 3.635269817423536942e+00
-6.662956276286870150e+00 -5.032946064062162606e+00
-2.655975567728193987e+00 1.229668662260060996e+00
3.712380294149896898e+00 3.906868074757741560e+00
2.868204528060821268e+00 -1.028155726221930344e+01
-8.441594433145668264e-01 -2.463499025940407261e+00
3.487820819032664943e+00 3.595030210081154198e+00
6.972904963085736263e+00 -1.079127863684730126e+00
-2.314208743074485319e+00 1.045948518588082976e+01
-2.899170026640784048e+00 -1.143325716942791104e+01
6.751328267742450429e+00 5.216180176318466089e+00
6.185959513719799574e+00 -3.585711797274340640e+00
-8.409781533181719393e-01 5.843588835890664690e+00
7.094466793483312550e+00 8.088809380285141515e+00
6.183484196376444864e+00 9.342619447522880094e+00
3.427690332443044330e+00 3.273674755628542155e+00
2.144491474911114359e+00 1.301948315273061985e+00
-6.518434115846064580e-01 -3.284555362713268423e+00
3.984029839997385913e+00 -2.362789313534818803e-01
-1.172211127900838967e+01 -3.640899075157289833e+00
5.340607677291417943e+00 -1.128500456127995299e+01
1.901232321131090197e+00 -9.106275751951770303e+00
2.262431991900017980e+00 -5.515249299380632131e+00
-2.876475910546087977e-01 -7.174698280688502905e-01
-8.654689330563552829e+00 -2.223530161702036434e+00
-1.107601600862802682e+00 1.058891568295274332e+01
-2.384951622345588884e+00 -6.307284958552786591e+00
-3.136463282816400522e+00 3.032119169857401708e+00
-1.536575379619099557e+01 -2.724372340398838244e+00
-5.088591289317295541e+00 -8.230206003012078497e+00
9.979273157776628045e-01 6.824104182491472770e-01
-3.461157193009118505e+00 -4.345764048204294738e+00
-1.547610203956576669e+00 -8.949137072009127891e+00
-5.750302183377157483e+00 -2.010247539003152395e-01
1.092969360887104724e+00 -3.176382208369315507e-01
-6.540094015692615947e+00 -3.585102635175601904e+00
5.112557377793656599e+00 5.344673098589577620e+00
3.133652052020059919e+00 1.356870393414852138e+01
-1.580123694281230673e+00 1.723696534651495194e+00
8.921464816237069329e+00 -1.264473446229992959e+01
2.877257129671470626e+00 -5.344495515216803661e+00
-1.094520988747527124e+00 1.127224802229426714e+01
-4.982294656928850429e+00 -4.355949355417011226e+00
-2.585499408250311881e-01 -4.626385326647689311e+00
-3.531380861264157289e-01 7.032527690134389609e+00
-6.935772365932607819e+00 -6.665855840224337747e+00
1.234065235944573580e+01 5.588645346783989609e+00
-1.655154074310834389e+00 -2.248207437256120933e+00
6.347328907289063737e-01 5.180210474365704698e+00
-4.602129865482898374e+00 5.289183773271852296e+00
7.736441077052199633e-01 2.407200543722650021e+00
-1.635456458578597561e+00 4.575179012778701759e-01
1.421351999128099841e+00 2.126013409711204005e+00
5.784539006659883853e+00 8.180369478382134574e+00
6.820637300900335154e-01 1.090063716740267097e+01
1.382340988320227027e+01 1.029058790510137555e+01
-3.426705278889127015e+00 -1.455407975305376844e+01
-7.896802661453881989e+00 -3.534160635488150515e+00
-5.885858021106576743e+00 7.678208863691785568e-01
6.848265520028723685e+00 -8.754008258804486520e-01
-4.193623812635045134e+00 5.005306136153886420e+00
-3.364095397465644233e+00 2.230600207378086619e+00
-7.313165375659661294e+00 -2.323503498616086738e+00
-3.681462647683118039e+00 1.763653755011026059e+00
-4.225583246744556987e-01 -4.566661159665045489e+00
3.521925164299815059e-01 -1.341634975119765372e+00
1.019181882678655171e+01 -1.066281362009196165e+01
7.222267507398954400e+00 4.936472481877062002e+00
1.674022175675092816e+00 4.708058332236337407e+00
3.114919680045594497e+00 7.493455587244282512e+00
3.857351759011756531e+00 8.392969034833990705e+00
-5.808724634114454527e-02 2.839063274108599155e-01
-9.057601911198382982e-01 8.082897594946613751e+00
1.391056867524091700e+01 -3.514287951812844479e-01
-1.485727695045991936e+01 -2.858993208982245626e+00
2.151163172695799819e+00 5.383644092961253236e+00
5.923144222390821056e+00 -1.688085882693506345e+00
3.446167964727940625e+00 -6.800076451484490470e+00
4.030769374797022131e+00 -5.440443185730049258e+00
2.832002076932439216e+00 4.179870934260977222e+00
-2.244701015476432193e+00 6.548075766785393270e+00
-3.128912774665926211e+00 -5.327150976373530966e+00
8.381343897491834172e-01 -1.057585901199792566e+01
6.541663775512915890e+00 -9.365467555063503369e+00
-1.432393416737453906e+00 -3.923423091274846897e-01
5.784201458661350159e+00 1.089330411616196592e+01
3.804523657166555939e+00 6.445039359252787037e+00
-3.319181467291574261e+00 -1.322685798257037426e+01
5.143102571794647915e+00 4.908609172520948860e+00
9.017041092743429687e-01 -2.312219568880652609e+00
-6.034886818591558288e+00 -2.284752949519650578e-01
-1.899011646187498847e+00 -1.489354779498027526e+01
4.668802799201124287e+00 -9.879422402603171838e-01
2.657886655149727329e+00 -4.532603507833085632e-02
4.465220504580825533e+00 8.314320092982301347e+00
9.742124378855775424e-01 4.063471026333173697e+00
1.457424443561720739e+00 -7.011833243506234048e+00
3.097476680872468080e+00 -2.562983669193196423e+00
-7.314156557113527413e+00 9.489078438451750142e-01
1.335000744927368643e+01 -1.544283073378990734e+00
-7.538247334779374142e+00 2.240908415548953148e+00
-2.754934063868039185e-01 -6.688442806461291745e+00
-1.028820413067984774e+00 8.875526218448987592e+00
-2.073134315564610919e+00 -1.341205910580020699e+01
9.656090976748517463e+00 6.269184404111707742e+00
6.750139178723396860e+00 -6.508100700854519971e+00
1.133184795540899792e+01 1.031458288414390623e+01
3.705416772959659877e+00 9.607584272004599413e+00
1.607883102458869562e+00 3.383872136998688163e+00
-6.210141087027735374e+00 -1.000021126265556681e+01
6.649764598948703309e+00 -2.302434574355399555e+00
-3.501716258622158406e+00 -8.904168562569987344e+00
-5.947031468489950790e+00 4.831300063771002407e+00
-5.717193050815858157e+00 4.344260700571366485e+00
-2.066516477522409190e+00 -1.183505732864416160e+01
2.004999793614816173e-01 -2.024120419918592706e+00
-3.434953135664931434e+00 3.849233646488922744e+00
9.720786447128251240e+00 3.382839390827490078e+00
6.807333428229181749e+00 6.944405831923400330e-02
4.408826641973194072e+00 -4.137266898173028729e+00
5.747659722937086713e+00 1.472900090537887152e+01
9.970979283810139648e+00 -7.659392719705136798e+00
5.624426694954478556e+00 4.835280578887789282e+00
1.109658909493392898e+01 2.179758286277207802e+00
1.363303584095120757e-01 8.375949117508221242e-01
1.328097546088633729e+00 2.982112338872244361e+00
-1.463704260954589165e+00 1.855473648857622671e+00
-6.041403190755970876e+00 1.982153726165662322e+00
-1.493005086633440115e+00 1.052093176674788921e+01
-9.072884074221439221e-02 -2.537151195010965310e+00
-1.310203659493470951e+00 -9.995117625663237249e+00
-7.629426420387494190e+00 -4.743967514812873709e+00
-1.175424226755692469e-01 6.463637139142860200e+00
1.743615460971585263e+00 1.921285058439532900e+00
3.644414458211909125e+00 -1.489108037734812484e+01
-8.341646433680143247e+00 -2.686216364532171941e+00
4.909950452207158533e-01 -2.557682565074644310e-01
9.931164767579076624e+00 -7.907180947694388840e-01
-1.053236397299994032e+01 -1.998115921868261147e+00
4.441749884462359299e-01 1.858310395179607388e+00
-2.316675616482215094e+00 2.574175772992627564e+00
1.394320794351587267e+01 -1.333003158791404630e+00
3.115708094373260129e-01 1.135105045852925976e+01
-2.386459252352525429e+00 -7.745735830435032554e+00
2.893222858266312203e-01 1.164653563195263253e+01
3.059354136598278817e+00 2.658034711990894250e-01
-6.143800515432766396e+00 -2.458527038888725702e+00
6.491247225556782574e+00 -2.642749824358140209e+00
-3.526866031529690693e-01 1.392077473489300221e+00
-7.090814819674613467e+00 -3.953811412854229879e+00
-4.110380691997442604e+00 -1.067396554620300542e+01
-2.690609958008756131e+00 1.447598497406442597e+01
-2.869893324173014904e+00 -6.619491011587633755e-01
1.102482499435117269e+01 4.203305161597296724e+00
2.577432443479315438e+00 8.895354111815376164e-02
-2.773237610555753907e+00 -3.431329315609044528e+00
2.767888772499479400e-01 3.973062387212095814e+00
2.475653296589003016e+00 -9.867044914381970955e+00
-3.267498819210567507e-01 3.711406150052729558e+00
8.553479883427570485e+00 -1.063327313383316053e+01
1.226683575465892062e+01 4.962264114292419315e+00
-4.323933260981554838e+00 -1.919533386977413603e+00
-4.705517069082064907e+00 4.685880222812778939e+00
-1.304852175125636338e+00 -1.157912627823349894e+01
4.844512940010827329e+00 9.248684907279471901e+00
-9.348645161167759454e+00 6.541846402029251051e-01
-2.114414826516999302e+00 -2.647703397302239914e+00
1.239385884780664249e+01 -4.185457980112215481e-01
-2.358085569176064045e+00 -1.572553193369284674e+00
-2.334269837307797690e+00 2.020725442242356507e-01
-4.340217649908322706e+00 2.771861636053609690e+00
3.136563579531584378e-02 1.187855108852910568e+00
4.767902942106831077e+00 1.222292292582993589e+01
4.873711405657202178e+00 1.463612597203835186e+01
-1.647325083148807767e+00 -2.424979465663809286e+00
-5.913226839817520286e+00 -8.364712874071862814e+00
7.208985388984512355e+00 1.328294497786036210e+01
1.672668044853599989e+00 3.752878034530511275e+00
9.016885403564682377e+00 3.674120499416592356e+00
-3.237655078568097977e+00 8.359558211402015715e+00
6.590210565169708268e+00 2.544435958597219827e+00
-3.620901311736887118e-01 -1.392680643855615137e-02
5.237165167621656181e+00 -9.185624175810241709e+00
-2.271749214285692542e+00 1.820308884906987057e+00
8.361895631833546005e+00 1.030929086712721432e+00
6.035132766222821576e-01 4.420177571767665903e+00
-7.568378008558709347e+00 2.979129820757502878e-01
2.764643984929549880e+00 2.786074596192728708e-02
-6.475776864852934800e+00 -6.034689383007665775e+00
6.063033454829671598e+00 1.292539101281424685e+01
-3.101075371775066092e+00 1.479112454485136396e+01
-1.044699015797439096e-01 -1.128059715144376529e+00
-9.378627433397926927e-01 3.260853754264768867e+00
1.775242899494365423e+00 -1.267180388716126060e+01
6.511742698065347668e+00 -3.409811161017198167e+00
-9.857649720231651536e-01 4.525698127503008372e+00
7.190701560387329216e+00 -3.600149998912688609e+00
5.882269593611649583e+00 9.513095698052390858e+00
7.377708220441007825e+00 1.910088605552203056e+00
6.391393498311290777e+00 9.284666075430219934e+00
3.115531315992885020e+00 6.439301322154969753e+00
1.706403241825592332e+00 1.192727845342383297e+01
-2.912659912924758565e+00 6.300327491189078088e+00
8.533129648177030901e+00 -2.588081733889970870e+00
5.884296439589367544e+00 -5.668826426102238081e+00
3.389193235599755827e+00 9.061029442023720293e+00
4.856478159025019892e+00 4.510529733140716147e+00
-2.445876958883386187e+00 3.132063663655114905e+00
-3.605984368725918543e-01 -4.749712625097235019e+00
8.188177493581614286e+00 -1.281120851133277760e+01
1.247496981796873605e+01 1.915474009337496231e+00
5.815594377050116393e+00 -1.198658443899325299e+01
-2.654148262667404001e+00 -1.172146819037094545e+01
-1.636019224835813413e+00 1.603450690957218594e+00
-6.269528615292810692e+00 -5.457605330126024334e+00
-7.360114009052127759e-01 -3.244476534078747587e+00
3.312431753501802412e+00 -1.042219695896030274e+01
-7.636539865963569429e-02 3.654506809670471923e-01
4.029610820836922791e+00 -5.974405766183051858e-01
3.582888205482488431e+00 -1.037549899951394572e+01
-5.378736112010462644e-01 -6.051150711593984433e+00
-3.876521692977791811e-01 -1.532126487698437955e+01
4.357232612018218099e+00 -2.994046258628220158e+00
-4.699059610679690913e+00 -3.632709943103404449e+00
-3.726002469853946231e-01 1.873527805748559150e+00
-2.075754079186237888e+00 1.023991519479980461e+01
-7.551642984591652841e+00 -6.633378862736753590e+00
-4.112247559082096160e+00 -4.400581473909569219e+00
-3.644983677177122683e-01 3.323639077887968529e+00
-6.720833154904545914e+00 -6.793210965532798795e+00
2.057808478762658044e+00 7.898556437970686295e-01
-5.521842632560601594e+00 -1.980282774630816034e+00
-8.804826127758623500e+00 -1.434474933024747267e+00
4.611143371999028240e+00 1.413127476039103669e+01
2.778655893691229561e+00 3.267612792000541333e+00
3.881344733758218979e+00 1.177097536565094593e+01
-1.418937116494404682e+00 -4.546550501956464707e+00
8.627509030775119214e+00 1.061022678990030066e+01
9.313656532679988942e+00 -4.760377060839928731e+00
-1.326288437642262619e-01 -7.460080096681981354e-01
-5.302074159583220592e+00 2.510401831707110620e+00
7.085110993747641750e+00 -8.586285731547416589e+00
-5.221827309497482084e+00 -2.429033726882005695e+00
8.309528782258183810e+00 -7.440937785741756016e+00
6.239924606433298493e+00 7.958657570450033525e+00
3.676016416821086263e+00 5.873171292623450057e+00
-5.078215127688486819e-01 8.021141708218067379e+00
4.440975500658981723e+00 -6.764905111540837623e+00
6.752330191138365967e-01 1.121682882023689665e+01
7.572510574611853507e+00 -3.189163662720339243e+00
4.798698591781015210e+00 8.978329197142274065e-01
7.988857117962349541e+00 -5.248448718832658066e+00
4.111025985365733604e+00 -9.731404260470675638e+00
-2.216904263737966119e+00 4.380027012518546314e+00
5.650121585508345312e+00 1.222453554529956143e+01
3.983232469540347598e+00 -4.609510198311194351e+00
-6.311667777988781758e+00 -6.816245096320315611e+00
-4.435187412268836837e+00 4.502977863447861218e+00
-3.496078188601430825e-01 6.588829499098357800e+00
8.813113770067623420e+00 -1.192963849922939801e+01
3.985740489133590803e+00 1.249874593155631963e+01
-4.296886747011378904e-02 1.201481459665533880e+00
5.903603249490062765e+00 -1.451720163186863699e-01
-5.520331554093536930e+00 3.745681770201376271e+00
1.001400230979480943e+00 -2.011611719361106498e+00
7.029648098347355933e+00 -7.978960535855267544e+00
1.286498940166700855e+00 -4.638610471494476251e+00
1.052913163396939922e+01 -1.087807254686220659e+01
-6.524652428132101001e+00 -4.809414800812485069e+00
3.622498541613785039e-01 1.111458466936574574e+01
-3.116504855015157283e+00 -3.089367164496635176e+00
4.046305970279056474e+00 2.002697996051084672e+00
3.978436831850235667e+00 6.843169872219349026e-01
7.678336236431796635e+00 5.703066015246320397e+00
9.234143992558813352e+00 -1.033572217726257314e+01
-1.095261345148104692e-01 2.038100026434521261e+00
6.589581251520736593e+00 -7.447154041442794359e+00
-2.384847058688750021e+00 1.531353352664125866e+00
-1.090846807796921603e+01 1.403565606622710682e+00
1.509183875987222034e+00 -1.104572065766360289e+01
2.380355062598116689e+00 -1.812000878204530485e-01
1.904160253411093295e+00 9.414077341861651904e-01
-7.600553579091826606e-01 -1.975017362785205233e-01
3.252671418376250401e+00 2.644152260226233064e+00
5.912607387855338459e+00 5.125421733249021505e-01
-1.768197926062975212e+00 2.439121994515675240e+00
-1.424955918336137550e+01 -1.775797465157809230e+00
-1.090345878273091706e+00 5.097658677867545229e+00
1.046406217230405922e+01 -8.266075161870753973e+00
-2.319538363255884139e+00 -1.429666256470999208e+01
5.059049664926296153e-02 1.289594862781021334e+01
2.679902493628403271e+00 -6.172132529259419798e+00
8.771348727131776712e+00 -3.989314807948308950e+00
4.903409378346310632e+00 1.659896179346178335e-01
1.411785890491241346e+01 -8.811454267946671193e-01
4.581159179656567382e+00 3.323990470372474970e+00
-3.631260734129765133e+00 8.414809818666286745e+00
6.790393510099070884e-01 8.275626384842510674e+00
5.809027619918723850e+00 -1.366309802607207136e+00
1.008363766005559370e+01 2.278195274920296498e+00
-2.443607662784003765e+00 1.054248488375967963e+00
2.821840546738998867e+00 6.783395552664701622e-01
-4.328904203623803681e+00 7.860627636571407173e+00
-4.837216676187156672e+00 -7.821066909738943806e+00
-5.419256429191904090e+00 -1.229783333110821886e+00
5.693757294158100279e+00 -1.476594219426693000e+00
-1.084727962971494986e+00 2.078259492468995939e-01
7.525460480533946672e+00 -1.154833581180371738e+01
2.532409080115350708e+00 5.729223441929808480e+00
2.364801074482153265e+00 -1.054982110098818815e+01
-3.564755520132384170e+00 -9.698346775386550433e+00
5.250615946256043109e+00 6.566826076075203744e+00
-1.082445712985112074e+01 -5.251614699294281152e+00
-5.985955974877431807e+00 4.234487719602641143e+00
-1.077387999498525772e+01 -6.995577813210143603e+00
-3.185043874576454659e+00 -1.301582764374046342e+01
-3.104812825893072059e+00 -6.084094409689956295e-01
-1.881855173301162587e+00 -4.330055982011042914e+00
-2.738106921309327646e+00 5.541091206029292060e+00
8.970858177341355599e+00 -2.763389745892621097e+00
2.078560049043453262e+00 5.339252638629870873e+00
1.496145941826919312e+01 -1.109040979545411698e+00
3.767104373714286858e+00 9.177538235414646195e+00
8.728549685103749178e-01 2.555790784596591703e+00
2.186445334843353905e+00 2.182150112385539575e+00
-4.394100093266649409e+00 6.367963982857467009e+00
-7.115848619300424005e+00 1.362411530812686733e+00
9.303301885933167981e+00 9.867679747999035911e+00
7.618558096301941696e+00 9.099902848665225363e+00
1.351053842585272502e+00 6.907982465009578910e-01
8.458691567421595892e+00 -1.265647123489622849e+01
-8.141191660443127809e-01 1.277313972919038676e+01
-9.436042799669214887e+00 -5.052377746237898926e+00
5.150670791792984815e+00 1.298425221875786129e+01
4.140264631304999554e-01 -6.236734064810477207e+00
2.875135323171078561e+00 -1.690393929854286936e+00
1.227289708393987322e+00 3.070159449651448824e+00
3.051515139717171365e+00 7.858730663267815553e-01
-5.237411952001410853e+00 -3.664545466876958812e+00
-6.436948985787268596e-01 -5.686875412511027683e-01
1.053385393597797837e+01 -2.347572996352289554e+00
2.620376924877638292e+00 7.794556054484623964e+00
5.025098338017919275e-01 4.051581164179260064e+00
1.093995366116715040e+01 -9.007232851080097191e+00
1.074492924144278660e+00 2.783379846890732257e+00
1.180206793538397392e+01 8.302811937074304538e+00
8.195375590384783138e+00 8.562949237746750875e-01
4.872768384170556466e+00 -1.364473209376420648e+01
-2.312630109563913461e+00 2.157722228100902306e+00
-4.196583235539137924e+00 -1.295611965355616668e+01
2.567368283855136823e+00 -8.558853134598809476e-01
3.452641698612341159e+00 -3.823154724636261381e+00
-2.463511470324905583e-01 1.512847379998367003e+01
-2.142690126035242226e+00 -1.402039212741332141e+00
-1.004622588970754293e+00 -1.070175628187555184e+01
1.414979061236113944e+00 -2.755825201099904476e+00
8.698092821089415949e+00 -7.382048036761703180e+00
1.369100016353938543e+01 5.041186756541615743e+00
1.492080972989326426e+01 -7.720386417484506603e-02
3.431877212919726694e-01 -3.452440890955339015e+00
7.351718859757895075e+00 7.747757712280438191e+00
-7.707659531209966275e+00 1.825593855440422075e+00
-1.859563760884612449e-01 1.446421466280756896e+01
-4.181841479665428629e+00 9.431218066674706968e-01
8.060315608017191380e+00 7.626029884506817957e+00
4.696365000957634095e+00 8.622999564505350989e+00
1.374321250306203890e+00 8.675175049216790057e+00
-2.314278138432546594e+00 -1.073593482641221364e+01
9.627768010221577910e-01 1.201569343256994138e+01
7.940522860550879081e+00 -7.726801503443500252e+00
7.494177497824495049e+00 -9.906397895039974699e+00
-1.142222993124457631e+00 5.860078894486219880e+00
2.338173138116169891e+00 1.910076872569763440e+00
1.038351289492106755e+00 -1.025805584677599214e+01
-1.576986129637005241e-01 2.911403863333839048e+00
-5.264488295571177368e+00 -9.283629123251166959e+00
-5.145307531716082572e+00 4.574236333779761132e+00
4.985662631293570790e+00 3.712640105023824688e+00
1.056920742297582372e+01 6.662216765176760092e+00
7.233528049986789554e+00 1.633315153635090722e+00
2.584735921288538574e+00 2.386060186420992490e+00
3.028041281908328219e+00 1.599819230982536489e+01
4.299880137631196142e+00 -2.775990788769482354e+00
3.320386311214900577e+00 -4.155966369893284273e+00
3.235039755289319086e+00 -2.956137628286216734e-01
4.997691827092435091e+00 -5.172797344339447712e+00
6.652924670316368028e-01 -2.130227388839992297e+00
-4.905624000893126890e+00 -3.605493845193480151e+00
-1.094151355069177356e+01 -5.731434386469946851e+00
-3.534900885346528909e+00 -6.313952621471821125e+00
-8.368045293039193311e+00 -2.971542730239703722e+00
-1.587804353183961847e+00 -2.118150406614192960e+00
-7.462207075528554112e-01 -6.211841924093567613e+00
7.573861060700611603e+00 -1.199998619229618946e+01
5.888679525057767705e+00 2.842257659795239366e+00
1.063699921278558946e+01 -1.772557686423923418e+00
7.410150625510188327e+00 1.549494356303515286e+00
1.063655604922575648e+01 -9.446965187358735694e-01
7.401379908398406648e+00 -2.683455238293272593e+00
2.770143089688581028e+00 1.210006588232288038e+01
3.262516822107289105e+00 1.582483720039208386e+01
1.541469585118622643e+00 2.612916824236421132e+00
2.903446857381805302e+00 -8.829447333374243811e+00
1.896237064184110865e+00 1.027746295565149026e+01
2.210962183944920945e+00 -1.515928147868563869e+01
7.070795715346856802e+00 2.642904133348919160e+00
5.824243901693869851e+00 -6.742847094165287380e-01
2.134693003891115826e+00 -1.291217841827829993e+01
-2.278615969353536830e+00 1.076213158439654816e+00
8.574161028931776229e+00 3.784998424696870423e+00
-4.168347357782342222e+00 -1.059645451227395174e+00
-3.365411599742336168e+00 7.544702208041658142e-01
5.744519301762512908e-01 1.751684434529038548e+00
7.583595668510044741e-01 5.370091957691693452e+00
-5.278399159547281450e+00 7.595941097611155213e-01
-6.077152424414848930e+00 8.789473150084224917e-01
1.835774306666976718e+00 -3.490366811812152914e+00
-4.279083751754396481e+00 2.591094601571374501e+00
-6.732306083715789313e+00 -1.294556710489374707e+00
1.696721387953141980e+00 -2.635487444309591254e+00
6.889217580235317051e+00 -6.428375254602830324e+00
1.365824274405982752e+00 1.048760347155550932e+01
3.504137087760450520e+00 -1.975234815546366596e+00
8.992207720487792599e+00 -4.964632283378798583e+00
8.752548509842679181e+00 2.754724619490280801e-01
-9.078710727147993875e-01 -1.152763901652502643e+00
1.014835447705974936e+01 6.595288659056800284e+00
5.858108061839216951e+00 -9.516502404785695646e+00
6.732333447724174746e+00 3.065225997235439870e+00
-6.946845468358864295e+00 -3.637680664829173516e+00
-1.144288121375526934e+01 -4.619689696184114958e+00
1.039330712041583915e+01 1.193847180725748469e+00
8.189963367854277143e-01 -1.174563983876826923e+00
-7.613539146438081495e+00 5.619623931107193826e-01
-3.513805099687222544e+00 7.840455158367409805e-01
8.418031913876797390e+00 2.046343854400149098e+00
9.501231658591352769e+00 4.812102145663224917e+00
9.890118050515891213e+00 1.131457767467392550e+01
4.280156276520396541e-01 7.631297479321272448e+00
9.834092571536066529e+00 5.807232192055486131e+00
-3.691043591599775464e+00 -2.387489579637246617e+00
3.364547236283133902e+00 2.097373775003514851e+00
2.162428256381540237e+00 1.115388662864908476e+01
-2.272569716904127457e+00 1.185101486112587033e+01
-4.723684627642769307e+00 2.435963322657830776e+00
6.354452939646906273e+00 -1.085714414019555285e+01
-2.991333314090552253e+00 8.108523963774253218e+00
5.060611004222708154e-01 -1.582639559372359672e+00
-1.037975774332284384e+00 1.026398997146511149e+01
-5.308136737214337320e-01 -5.339158359183806546e+00
1.728983443623951732e+00 1.398213389006790042e+00
1.724652732596077653e+00 -8.970981330299657941e+00
5.243252868213622797e+00 2.129901947110491633e+00
7.648684668293544986e-01 -3.679519488220819756e+00
-1.248174107096035268e+00 1.136971469154060976e+01
8.849715033942992193e+00 1.194209986501421072e+00
3.582663675349668786e+00 -1.060405012552712201e+01
3.453845002713126000e+00 2.801249134762520132e-01
2.509269080777881911e+00 3.593798788094012320e+00
5.160039411252693498e+00 -5.620106681261686221e-01
1.583324350956266446e+00 -4.915374016496521392e+00
7.303854501958660705e+00 -1.047347595252297836e+01
-3.828810707199304275e+00 1.073564596615908506e+01
7.596667575227532332e+00 4.088604855050507858e+00
-2.915537286835030439e+00 -1.265961655065998670e+01
-4.230767599370847343e+00 2.427990611027256218e+00
1.887739181394629595e+00 2.848215503573689467e-01
1.112595345590810503e+01 -4.400700394263981963e+00
-6.362327468502833039e-01 4.894668194100582959e+00
-9.095192726053854315e+00 -4.187032861202389378e-01
3.912068744883861804e+00 -1.450438770021970969e+00
7.794769972189097729e+00 -1.163692560146631472e+01
8.877606431397699893e+00 1.593763195982499381e+00
3.396341623801878651e+00 -8.991827222103822237e+00
2.107718705451739005e+00 1.208981801448353721e+01
-1.671623028131222766e-01 -7.571485937023933133e+00
5.831929628056020221e+00 -1.558566812626716036e+00
-1.017386660952880328e+00 -1.305210832514910635e+01
-9.724216824483730148e-01 2.447112148003323551e+00
2.066105018222194278e+00 1.233485386905068459e+01
3.624581804013150776e+00 1.391732868713047688e+00
1.060602254508933306e+00 1.333570693739521040e+01
1.015719572765134515e+01 -6.493396810538152764e+00
1.903683721714320543e+00 7.403095044878956976e+00
-7.548749381151733218e+00 1.300117304006324526e+00
7.536726731241111921e+00 5.038039445041482267e+00
1.295791160277561005e+01 5.056340900278864403e+00
2.413704374663456775e+00 -1.444790165804783300e+01
7.852153485094464536e+00 1.094169884298999484e+01
4.219797820244584052e+00 -1.431794074617728008e+01
1.397396262680442725e+01 9.608223262207813420e+00
6.628324542283951182e+00 -1.014292210449863951e+01
4.168490226523982045e+00 -1.078211106449395373e+01
-4.453922719303737843e+00 7.976208905523187731e-01
5.141304915599119951e+00 -1.213800304796042973e+01
-5.993047471436449669e+00 -1.292358191441667614e+01
-1.384424640465813372e+00 -1.429977240919183146e+01
-7.031582910774461403e+00 3.062895178008072428e+00
5.183115546725307610e+00 -4.972441664649700499e+00
5.280046002418395723e+00 2.921887290296035222e-01
2.776389395025655293e+00 -8.141401899206570647e+00
8.019485057828813268e+00 5.246072234363840181e+00
3.831140117857823935e+00 7.109542643560740061e+00
-4.143904762262526909e+00 -1.150564047075412688e+01
-8.792226306370427125e+00 -1.185204392010747787e+00
8.725752793958136966e-01 -2.873128518309586266e+00
5.637325652930283759e+00 7.100137893058569016e-01
8.840059929957485352e+00 -1.081980147224096456e+01
4.805404811913292384e+00 -3.766560321566825298e-02
4.769864145710868364e+00 -9.011810309073091219e+00
1.216977984751316555e+01 -3.017959553066403289e-01
-8.424140598904344301e+00 1.342423408627063219e+00
-4.024699652465377753e+00 -1.313342089505921884e+01
4.651559744880207070e-01 1.178374698517782626e+01
1.103118780511065156e+00 -1.196658974323565383e+00
4.608094132555219602e+00 2.637289100470244785e-01
-5.705740148196816741e-02 9.841691642126056294e+00
6.742877239444636572e+00 -9.721097780959478740e+00
3.787494700350307886e-03 -8.241022928680176163e-01
8.389182392914209530e+00 -6.687216116684810530e+00
4.260252664787488541e+00 -3.668828166119716405e-01
-6.154644969913244390e-01 -9.467851951017115297e+00
2.202587984663594955e+00 -3.752351297973018251e+00
-5.601227874276382135e-01 9.089273306563621091e+00
-2.088307738574171513e+00 2.405484994105037799e+00
-2.509127024662721195e-01 1.975420954884281377e+00
2.024152664711992511e+00 -1.403095641094995827e+01
-2.509087229068923008e+00 6.739508038455303662e+00
-5.596922930956901077e+00 -9.637413552438530928e+00
-4.944270501573204690e+00 -5.385060492698547918e-01
-4.340054652794211876e+00 -1.066956470186766204e+01
5.918593294342165301e+00 -8.112331331282529590e+00
8.710477222776020767e+00 -1.064548826758601052e+01
2.312539786252381102e+00 5.371990305528094645e+00
-2.560964432644543987e+00 9.277051495312564455e+00
-7.326280604365520865e+00 4.461475074361629822e+00
3.373414835774435794e+00 -5.763048798623426450e+00
6.748844299796940227e+00 -7.998986064455318790e+00
7.495841312165189008e-01 6.338795523485745598e+00
1.977777280493226542e+00 -9.426515440208765639e+00
5.523139445828280536e+00 6.411090969561623609e+00
3.904324711728859754e+00 6.917539805189703905e+00
6.962919729974472283e+00 4.313475701680906660e+00
1.032665757552882591e+00 1.401347704934241811e+01
7.004736750110070354e+00 -1.265372639373190644e+01
7.983622769771236527e+00 -2.411378908493330808e+00
-5.440330746355062530e+00 6.782173693114089907e+00
1.471633378197724440e+01 -1.163973896185038548e+00
-3.562221830129019828e-01 4.285672654601717646e+00
1.040331815734134047e+01 1.350553659784723415e+01
1.363416436490226502e+01 6.826763365037169962e+00
-9.047196422853025055e+00 -1.548479545749432473e+00
2.069865701359286714e+00 -1.203438453201522584e+01
9.545416629791837748e-02 7.880703445349532821e+00
-3.777949914343085691e+00 1.040867730817281078e+01
1.199157139653748416e+01 1.076085816810910778e+01
1.426725181247216589e+01 1.427188026377171626e-01
5.652596577371610920e+00 5.572047308365234208e+00
-1.309992132571880630e+00 6.427300626115714621e+00
-3.221154808146244442e+00 4.312838029371487636e+00
1.198479326760051977e+00 -6.761669312780704821e+00
6.247386522087118976e+00 9.852264487282068828e+00
3.301116383093969819e+00 -1.229293300524308030e+01
-5.320405178635801313e+00 6.256416309855447611e-02
-1.680748402751116144e+00 9.960071867711045357e+00
8.279333960404096970e+00 -9.310837664597629626e+00
-5.269476742234791011e+00 -5.131025316656059765e+00
8.438531051065664812e+00 -5.442285983274405936e+00
7.322310330476693885e+00 7.922546413513521735e+00
7.872835938530185373e+00 5.743985163233607416e+00
1.338831920618679838e+01 4.733539876613304109e+00
1.598246615446395236e+00 -2.061273564151559157e+00
8.807006199939172220e+00 2.487999392376181174e+00
8.535519779351560032e+00 -1.085476502382217845e+01
8.508283061370725875e+00 -9.634580808008079700e-01
6.344755516570791620e+00 -8.524750673988240379e+00
3.618757277741951661e+00 -2.273956008482261204e+00
-1.123506629698600356e+01 -9.957098605277324710e-01
7.538626931571534850e-01 6.504484881261559437e+00
6.727325077451762780e+00 -7.080055733021297648e+00
1.091257556659341077e+01 -1.009790466194970548e+01
-1.601428564865740256e+00 -4.226478437050865011e+00
-2.833944920652891497e+00 2.485321111480964795e+00
2.392527961922031654e+00 2.958859451568231158e+00
-1.985972812766946261e+00 -1.219036117851782342e+00
1.671231151896926281e+00 9.121571795985417008e-01
2.916233914908396230e+00 3.005010823745136506e+00
3.996512102629476426e-01 -5.049227745395441502e+00
2.335993160662359180e+00 -1.151635734472568728e+01
-8.272912756985696392e-01 -4.453226438052809932e+00
9.762886561112413264e-02 -4.350643307509018065e+00
1.864405665146446678e+00 6.338287484833108110e+00
3.037741446633817066e+00 -1.998010422901525640e+00
7.652693021687913877e+00 7.961980000311465133e+00
6.845397785427659088e+00 -7.655880759673072689e+00
-1.569915103054758676e+00 -1.237526592492540978e+01
-1.847944419213989331e+00 -2.881940439833586609e+00
-6.302586863423198515e+00 -5.308214032948618488e+00
-5.168033294129768862e+00 7.024987877383450652e+00
6.483671606342921834e+00 -2.361208661412585119e+00
2.906859043559677058e+00 1.065214100816441967e+00
2.178860691712048769e+00 -4.756512904544844211e+00
2.895057842690109240e+00 -2.964939053281904879e+00
4.546548304825243747e+00 1.217415883751904815e+01
2.416573375568306925e-01 -9.385408624849247872e+00
8.833610850125912961e+00 2.246135785861622214e+00
1.075123854811566027e+00 2.435129914388278749e+00
1.422727699800347168e+01 6.778616112058305276e+00
-1.030725204868409017e+00 7.784545643150106997e+00
6.115060358920431760e+00 -2.484938580064974367e+00
5.762088295492976187e+00 -7.731624886062479218e-01
-1.092752610569341165e+01 -6.130227530461702656e+00
-5.067141383853077663e+00 3.990249294922628476e+00
-1.260910834503179201e+00 6.027085776189978539e+00
-3.514624371172874184e-01 2.855283125842765557e+00
-1.249942319809841829e+00 -1.091575677266382627e+01
-6.955922815419953942e+00 2.704030400268508050e+00
5.282249675745476658e+00 -1.104704972427836651e+01
4.519175087470156171e+00 1.265646850782071731e-01
1.011847897104285110e+01 -6.209544778710331947e+00
6.195056150410019669e+00 -9.964832455482415696e+00
2.573803622756895226e+00 6.965061333200916138e+00
4.628452890173328504e-01 -7.921348394308916907e-01
2.020811692937284132e+00 -1.341126626523135634e+01
-1.454945591764106316e+00 3.911561600266585614e+00
-5.764618135950176026e+00 -8.631280231325279217e+00
-1.946138427116120007e-01 -1.765257251656060955e+00
-3.645098929749850392e+00 -1.282803021016159128e+01
-3.516195065075038872e+00 3.575392652413761585e+00
-8.680927627465758079e+00 -5.144034864064876700e-02
-9.911890966829446370e+00 -4.492830442761231780e+00
-2.612529049636036937e+00 3.008856058025685787e+00
-6.078581234373475084e+00 -1.064378737678904407e+01
4.189914425205447657e+00 1.284155995804208317e+01
5.335828942365241190e+00 -8.541677686098687161e+00
-3.392743247637390880e+00 1.089290798496706003e+01
-4.461198084374224493e+00 -1.226898838549890947e+01
-4.821469330724655333e-01 -3.055821010384214276e+00
-3.953655368772183987e-02 1.448303881392007941e+00
6.290140567121629722e+00 -1.323550163708479888e+00
1.568778987908402867e+00 1.097409092912280038e+01
1.454330494017156417e+00 -1.976299790076694318e+00
5.780670650609423866e+00 1.210822396743766838e+01
1.026388003373295454e+01 -3.980185743495310291e+00
2.818479324335212421e+00 -1.080770805062568307e+01
-1.757795828862695364e+00 1.275723018197590264e+01
6.966247298514135267e+00 1.328052377207037971e+01
2.748856429347471320e+00 -1.945531840751933750e+00
5.121282569471111934e+00 8.938176072136414518e+00
5.195892558958180807e+00 1.585472665971008333e+01
7.032422794828073975e+00 -2.945199612942835721e+00
6.751247547638809188e+00 3.643233897996718262e+00
2.773202562903934743e-01 3.723242061464153707e+00
6.488351523002339860e+00 -9.203745168307998270e+00
8.856084658928349285e+00 9.917132695774478535e+00
-3.076842975650078138e+00 5.359211392724675171e+00
1.767388098828393650e+00 3.502235516549776051e+00
6.463255425876611504e+00 1.884758242135234241e+00
2.608255809737784592e+00 4.588730163643545801e+00
-5.168093696001970550e+00 -1.198379427082084270e+01
-1.050411275877299211e+00 -5.223986337405451152e+00
7.690083759122433804e+00 -8.139471076158294238e+00
-2.863281546001508193e+00 6.528118293486442347e+00
1.103504482592111380e+01 -9.276490897850242945e+00
-1.943502588029989875e+00 1.787290160872090583e+00
2.548186644740957796e+00 1.025850398757923365e+01
-4.069306559893977493e+00 4.928594994675068897e+00
1.054808254312211924e+00 8.654036907343183316e-01
-5.137925834871430730e-01 1.635878488590263302e+01
6.573165178488918237e+00 1.297777575703342023e+01
1.174058395582989611e+01 6.297619971109612580e-01
1.019723027594522335e+01 -9.213977094326669004e+00
-4.053482918333994878e-02 1.040838041221100418e+01
-5.843485571662319078e-01 -4.831101317298339026e+00
-3.732463069071730644e+00 -1.059152979428977837e+01
1.262100234140879707e+01 1.022313736604202283e+01
-4.050133800055908395e+00 4.024216249314758187e+00
6.884694529279642872e+00 3.471027560134965828e+00
-1.049638760948033767e+00 9.870235052438105505e-01
-4.078507573558594612e-01 5.753926458249530640e+00
4.047250276496754395e+00 8.949054812620344634e+00
-7.822489493327564603e+00 -1.662623266984832204e+00
-7.882125296657101821e+00 3.230551412899641317e+00
4.262842631707421392e-01 7.163474713127882865e+00
1.676213067268458090e+00 -1.334312521156835274e+01
9.399405378204111372e+00 -6.973345249517270084e+00
-5.014257805985369298e-01 -4.878070789700534426e+00
9.422191091795374618e+00 9.590383508416735481e-01
-1.856273010279204216e+00 -2.689716646611038708e+00
-1.415813413646356822e-01 1.043130832863622715e+01
1.088031849773373239e+01 3.888042526812088173e+00
-9.552263971390438924e-01 7.303277056481505269e+00
-2.421251138380198231e+00 -1.146857099700474114e+00
2.223404993566569843e+00 9.071470299509192259e+00
7.158916410392083485e+00 -9.166839230332248789e+00
1.258439187545937088e+00 -1.865758819002046431e+00
3.381686674439685070e-01 -1.380438607048231070e+01
-2.144340955905096546e+00 -2.272851027241568733e+00
9.527088180579571741e+00 1.035337599908410233e-01
1.945588004341745503e+00 6.953663092106821431e+00
6.406494095978375825e+00 3.719742139178016327e+00
8.651075120300236065e+00 -5.857461818096501460e+00
-2.514243159355441737e+00 1.129289353577038746e+00
1.075225601298029687e+00 -1.488724007010035244e+01
5.798395446996144287e+00 -3.344582985034159073e+00
-2.003601883435032871e+00 -5.866598115593367524e+00
-1.952814998023582327e-01 3.927909997675650189e+00
2.853743975775047570e+00 1.132496821696811651e+01
6.067400421896439688e+00 -3.018719590468656566e+00
6.196686961091447010e+00 4.797481198663010815e+00
5.967657291479888215e+00 4.003099090395112469e+00
3.907069899214208331e+00 2.851593883616485137e+00
4.265322683815618632e+00 9.207147537991890118e+00
4.123739012224410416e+00 6.606680790340661247e+00
-9.142435895440522486e+00 5.068630660187548598e-01
-7.066992939263605500e-01 5.113819829632144653e-01
1.018001548567756043e+00 -8.857326588793288380e+00
-2.490894394801252965e+00 1.094018383912813164e+01
-4.230382062000343169e+00 5.696632798787907070e+00
9.742416304639824887e+00 1.094464412175464574e+01
3.571707477629825433e+00 1.907712660735687571e+00
-8.738094492310176653e-01 -1.328493336868540808e+01
2.705707141352481138e+00 1.274981621381389019e+01
6.474605333286426401e+00 1.325406252741844781e+01
-1.081564046723163530e+00 -1.135518268635004269e+01
6.015769667124165387e+00 -1.120349248838685874e+01
1.204552606126270042e+01 1.008236460548182611e+00
1.753807708657301179e+00 -5.440617427998946098e+00
1.342077402183834245e+01 5.096367905146995447e+00
6.677718013946409847e+00 -1.320539407220282069e+00
3.257768602309622175e+00 6.021279941665759416e+00
5.455916038298428639e+00 1.778529863499935137e+00
-5.229476761070708246e-01 -1.214173600185064927e+01
8.496140930561814741e+00 7.481176892726578487e+00
5.968101266007555417e+00 1.180444207228759268e+01
3.090578773679947489e+00 -1.102470968016394970e+01
2.084226705685528203e-01 -2.703253894357352305e+00
-2.949420188422978928e+00 -1.129488260335236305e+01
9.385822280137304574e+00 -2.013532257619655930e+00
7.683055493315932294e-01 4.834191841788878286e+00
3.646537432763631514e+00 8.934717078602064433e+00
3.375384223413346874e+00 2.630057088086571238e+00
-7.846661563527824512e+00 -2.851527408076320214e+00
4.028036158963045343e-01 1.782419120542434454e+00
-3.211737152963102915e+00 4.525010746314094945e+00
-8.168447132790442211e+00 -1.418463849765681184e+00
-9.686837702321598798e+00 -1.277001933432348357e+00
-5.086967801464933991e+00 -1.126724144468241917e+01
2.053855101260419591e+00 1.169613671456537318e+01
8.678332680566555268e+00 -2.573429287361887141e+00
3.474654578794059034e+00 -1.237641093863648223e+01
3.964370920003166820e-01 9.016419940017060819e-01
5.150605924490815113e+00 -5.489300415671324984e+00
1.542053481438701468e+00 -3.092196842062693740e+00
3.534340266495729077e-01 5.057970919929387854e+00
-2.891073770214375172e-01 1.129243295561564775e+00
3.579784243242578601e-02 4.066420726392443896e+00
9.750831601294180473e+00 -7.684203301208808234e+00
1.765075827900676630e+00 -5.937983122963864879e+00
-6.676895199257303126e+00 -5.795197401490713496e+00
-5.533475964393234747e+00 -6.894325630568538088e+00
1.415575092805278601e+00 -4.317080133550416088e-02
-1.784865068606158678e+00 -1.047477127832513055e+01
-4.971274040871512589e+00 -6.859330411233817593e+00
1.022934805352700849e+01 3.243475049209953998e+00
-3.568351441371247379e+00 9.749262283047574584e+00
1.135626734265827764e+01 3.490086360891269113e+00
7.826828426065710609e+00 -3.107729873764406126e+00
3.956039755866536556e+00 3.664298506430249791e+00
-3.261448985778807153e+00 7.084908693092422105e+00
-1.940727154055650550e+00 -5.286021449717383192e+00
1.049285268807937932e+01 -9.194190186855363933e+00
1.352241463592200432e+00 6.157722102326772529e+00
-5.109032808473047638e+00 3.333160122792729663e+00
1.180165242343204035e+01 -7.809356864931848996e-01
1.192668140925763076e+01 4.207246410963400685e+00
6.612244313386915984e+00 -1.292687073700771805e+01
3.109765387569075834e+00 1.186854345986300707e+01
-6.874297960015253395e+00 3.194798006931956813e+00
2.150249200441245900e+00 7.554961792215392435e+00
-6.098620737493429367e+00 -8.080604108236567384e+00
3.475791929224916643e+00 7.382928332513960079e+00
-5.314168997057029387e-01 5.280541316094297777e+00
8.340133660872908195e+00 -1.125532726031715924e+01
5.299079760735238231e+00 -3.913142238622961511e+00
-2.621842864853201949e+00 -1.417287471591129666e+01
6.504111564346596319e-01 7.015575450974754768e-01
-1.384153664026783526e+00 1.305497461412897842e+01
6.868217015688222737e+00 1.399831558149521449e+01
1.523831319419234331e+00 -5.816663147996042227e+00
-2.591157018860599237e+00 -1.349805079890688209e+00
6.868295589262428003e+00 -8.267865116521576851e+00
-9.944011130185479885e+00 5.660108383130741938e-01
1.817258225039422692e+00 4.599279877218099166e+00
1.067701790975373433e+00 1.537262951664737587e+00
4.148594374859971623e+00 2.691863931635445795e+00
-7.942061420660316173e+00 -2.714172302648599100e+00
7.686060084367749567e+00 -3.471337107442921344e+00
-1.402690616160710668e+00 7.646748119262825050e-01
5.530746876745929796e+00 -8.136124064249187882e+00
-4.391195556509795317e+00 -1.143745693032427679e+00
-2.610776682689678996e+00 -4.104088620685859112e+00
7.556249942114744655e+00 2.278610265854262185e+00
-1.927716886882678171e+00 4.901937724848794531e+00
7.180634303099510340e+00 3.036169209754282505e+00
5.364696011833240519e+00 1.161330495961060372e+01
-2.344883047023094136e+00 3.525810940384636272e+00
6.363381409310203907e+00 9.556888963181206620e+00
3.572783371821217635e-01 -8.639037123727995038e+00
9.321177600452180911e+00 -7.678279784959242127e-01
-5.923550654730819431e+00 -1.602772216240663461e+00
1.098507499538174281e+00 -4.418657870619027150e+00
4.141366398327125609e+00 1.171646252058395099e+01
-4.106721192472760906e-01 2.941667391055680536e+00
-3.662751969047853606e+00 6.876577782812319128e+00
5.483210885539294033e+00 -1.209799264424230891e+01
-6.675139347223130848e+00 -6.249037199136136422e+00
-3.852740854907713008e-01 -2.149263043596322031e+00
7.133534228014438483e+00 -1.282655939577732696e+01
-2.473972151447163981e+00 6.523079752932248176e+00
9.236230091107174189e+00 2.761041516591877354e+00
-8.207162037956800660e+00 3.699240102077959058e+00
1.448309290754383305e+01 -1.694846947916362589e+00
4.140621947284652826e+00 2.021454041301763649e+00
3.909860960174239564e-01 8.750595948197085860e+00
-9.915554717008531194e-01 -1.435619081284790433e+01
3.792867967544660157e+00 -7.671700812781516277e+00
9.819162788237228767e+00 1.917953066572000376e+00
2.313720535784780541e+00 -1.094345697405746876e+01
-4.508149251064202723e+00 -8.545662543095160046e+00
-1.597235556808104529e-01 1.845835461076341444e+00
-7.985895740009755217e-01 9.792033346012543049e+00
7.273143838284783058e+00 -1.036576173767628228e+00
-3.047783833712146631e-02 -1.180207330438696189e+01
-2.864824482661114669e+00 7.893133706408044681e+00
4.868654634485373833e+00 -1.531298352869478352e+00
6.918305920452346491e+00 -2.366323847398061453e+00
7.585971275616729237e+00 1.246999976994138315e+01
3.537708860214693551e+00 -2.649951549027997455e+00
-3.935854385930852128e+00 -1.412835458742747718e+01
1.260185284293771346e+01 9.682055325396419221e+00
-3.495096366425920031e+00 5.422246244849566743e+00
8.189178986246760106e-01 1.185805684059683118e+00
1.130654870075439022e-01 -7.205072029424134605e+00
5.999719248818278672e+00 -9.978025079820948662e+00
-2.613659493612987106e+00 2.805210839199045125e+00
5.432899013371669916e+00 1.238222039417514075e+01
-5.500741044760526499e+00 -5.507488175196536773e+00
-9.437460861623685915e+00 8.957409589329010657e-01
5.201704256996223741e+00 4.050460220602345451e+00
2.779543247211905488e+00 4.356862468133585686e+00
-1.152006403797110751e-01 -5.720931082989926253e+00
4.110013603449688802e+00 -1.039129268322995969e+01
1.286851722257359221e+00 1.491754334788150338e+00
9.341764578621304382e-01 -4.742259650714434116e+00
-2.664806659467290895e-01 4.035501474954521051e+00
-8.125412473585935658e+00 -6.344558159378823170e+00
-4.558764047275469800e+00 -1.000373415913051822e+01
-3.929642920319423194e+00 -8.131112003453864645e+00
-7.491866409869596843e+00 -2.013107170580259453e+00
3.189888490168398594e+00 -1.328401548268003296e+01
2.674562980102133114e+00 -9.616941600400383816e-01
2.385813864004455276e+00 1.207819633469168963e+01
2.040223946261773946e+00 4.374965444066202025e+00
5.471791766934796186e+00 1.204188901149756319e+01
1.037412059641502848e+00 1.489928529339879049e+01
-5.608188861557776406e+00 2.344415198317943538e+00
9.369205001200263894e+00 6.103515796110595915e+00
1.414833573969682412e+01 9.223037167056274299e+00
1.062079703558107546e+01 1.352287221153813945e+01
1.501512733314451786e+01 8.481712464226095705e+00
-6.919594831992830208e+00 -1.951008663617267880e+00
-7.859290356010541601e+00 6.138607814998294110e+00
8.800900737032570476e+00 4.302319460647392901e+00
2.702296636167096366e+00 1.150516982361486251e+00
1.105028667820519495e+01 -2.842818725096388777e-01
5.195893085794546451e+00 -6.287453790788457120e+00
1.402660847934141586e+01 6.371350059043206393e+00
1.155347610708224870e+01 1.999092598210669758e+00
1.165458177411975704e+01 1.027501594168469978e+00
4.354261761318772628e+00 2.118477929125667458e+00
6.347557295884928230e+00 -1.515223760713388934e+00
-2.115224921726157614e+00 2.573607895564921755e+00
2.589341402221017940e+00 1.314935471028619851e+00
1.506553483314180042e+00 1.492908549319561962e+00
7.620522722452792941e+00 2.167895760968675756e+00
-3.188080244484215342e+00 6.754257248622205445e+00
-2.086879951759371910e+00 4.474717401372255488e+00
-2.074533254100348501e+00 6.103266420661094038e+00
-2.956396467612295353e+00 -1.103482943911286007e+01
-9.473320680917886705e+00 -2.501166253417226315e+00
-1.918083924148833219e+00 3.217249549007426435e+00
1.988465244700187595e+00 -1.218025419251949765e-01
-9.256110058256613593e-01 6.424991924716889180e+00
6.737793424426335998e-01 -5.413835433816921672e+00
4.188178861041853551e+00 8.513527331948838039e+00
-3.915035677662475955e+00 9.558069688920484808e+00
-1.929707470105505918e+00 1.433710108161575114e+01
9.979208806972723167e+00 9.456121165794071359e+00
-6.673790035208296167e+00 -3.808563509954579818e+00
8.656734991960822967e+00 3.659392463508416071e+00
-3.377123483435635176e+00 -7.250834330936635652e+00
2.519950624520003846e+00 -1.681480123368259250e+00
1.299537440655227272e+01 6.797464932110049318e+00
1.823972359573184709e+00 -5.471104609347773318e-01
-3.980364180970737742e+00 -7.673920118099559318e+00
5.721304665416717672e-01 1.387849594001082387e+01
-4.519381049279926899e+00 -7.682101674180249695e+00
2.384076659792195407e+00 -1.180454802254099533e+01
-1.017850718324575965e+01 -4.786277610402068561e+00
-7.300998734269720458e+00 2.892996426199307969e+00
5.733191063757137940e+00 -1.362570693305166891e+01
-1.295640871819105033e+00 7.453483865315742030e-01
-8.596180444625748152e+00 1.545674600269202337e+00
1.512174860774208041e+00 -1.202075654675273420e+01
-4.913592571879329185e+00 -9.956816020043268267e+00
-2.428605748313819035e+00 -1.450061519156836276e+01
-4.710383839836163489e+00 -6.959639645256054052e+00
-3.288570173041484246e+00 -3.519028118384592840e+00
1.124830686534841462e+01 1.007870514344347690e+01
-7.179418368002213335e-02 2.805047060171548257e+00
-2.440826768637108235e-01 1.002872001779362243e+01
8.605758104047989576e+00 9.942960655483256360e+00
-3.771290982925080471e+00 1.154374133126385704e+00
-5.390206977496492691e+00 4.565732434196839051e+00
4.247781866966625408e+00 -1.446758898298619311e-01
-9.469786751345431464e-01 3.885230161526495696e+00
-3.862459654048858493e+00 2.856772940261451232e+00
-1.044285219948917431e+00 -1.411947039461708719e+01
9.974350687143758165e+00 7.818681307842807737e-02
2.459352408638247223e+00 -1.383602875663896725e+01
-7.398055600266356002e+00 -1.875921998655984524e+00
-1.405771584681054875e+01 -7.116695695488802764e-01
-9.590423408270071448e+00 -7.756108920576580967e-01
-4.539977378500733352e+00 -1.370973415671825180e+00
1.135799168600081233e+00 -1.105675844197108226e+01
1.514278471472013443e+01 -1.473299823568515188e-01
8.941756456681769549e+00 4.246087363181312746e+00
1.251795759667271080e+00 -2.668945380712622661e+00
-1.347004890670222554e+00 5.757254229713899107e+00
9.985707981071982431e+00 2.863458775484411412e+00
7.309301763144425423e-02 -2.242520550563728232e+00
1.898804884929793158e+00 -3.423191574066848819e+00
-5.313378393516058118e+00 -1.501720198783327298e-01
-7.022127512669072980e-01 -1.346471736079544401e+00
1.875475999117815151e+00 7.466794519636240635e-01
9.927958728472550121e+00 -1.118021820343864370e+01
-2.726678021918927719e+00 -9.931076941991379137e-02
-1.244900539815613882e+00 1.670955548533169477e+01
8.054908428929653752e+00 -8.723968032519504590e+00
1.743298779949826516e+00 -1.330220052401751119e+00
4.228372108665965357e+00 -1.053754603982137894e+01
4.814458947481006668e+00 -9.401440622129152658e+00
-7.094014686010230442e+00 -1.020254528962124851e+01
-5.387899580671351885e+00 -1.222347685756620450e+01
8.993876137697604634e+00 1.280882469917435174e+01
-7.788018559556068254e+00 -1.178319375807245883e+00
2.739378931116829730e+00 1.812666972217787054e+00
-5.776225411642485597e+00 3.061553467792381689e+00
-5.031430350329318263e-02 6.699908613467072449e+00
-5.708485231220071121e+00 5.451100935421490767e+00
7.561837191591918028e+00 3.267114640796736413e+00
1.815171550270439971e+00 -5.743121184782611799e+00
1.209511860253370052e+01 9.189922640516705599e+00
3.620828472684264998e+00 4.006263230402859143e+00
3.685809490540106648e+00 -3.542491537060552531e+00
-5.526137351532327102e+00 1.446130871918823280e+00
4.303302040249278093e+00 -5.444628717602713053e+00
-1.545941080253928401e+00 3.681884514481772008e+00
7.593053592467684965e+00 -8.369363783703374082e+00
9.894841363158491276e+00 -1.987210455962870048e+00
-1.576517830515410168e+00 3.399946611989231871e-01
4.721974926357487945e+00 3.919588098201167159e-01
-5.388848342717603934e+00 5.517635112797023567e+00
1.096640289840794091e+00 -5.265249580766653281e+00
-8.052980551136135645e+00 -9.215414399839668036e+00
1.268096685780210064e-01 -8.988194800434625265e+00
-8.340138763908766961e+00 -1.569662268122415494e+00
8.789160767487588899e+00 9.452578132489666274e+00
9.020390531025912040e+00 7.815091964090099097e+00
1.007027289415111859e+01 1.895228900325209187e+00
-5.950011888060670051e-01 -1.143040395543740012e-01
-4.007124471415930422e+00 -4.175904832887452400e+00
-7.409999735885691940e+00 -5.113220298624757909e+00
1.068906102473655295e+01 -1.225907337999775359e+00
-4.166168111890583559e-02 1.335138804248576561e+00
3.950981924781670429e+00 -9.057201921434778313e+00
5.663318882045898839e+00 -9.075596238193632814e+00
7.532665968722109362e+00 6.220981568557578001e+00
9.429011257598681084e+00 3.354243058628232799e+00
7.132338121034693668e-01 6.123396876525287746e-01
2.072322160477729547e+00 1.629015715614418625e+01
2.431350620455304590e+00 3.272049821418438587e+00
-2.691534395845443406e+00 -6.222576955631251572e-01
1.868245828428920507e+00 -1.317196137755971641e+01
-7.012944560216752166e+00 -8.982751228482429795e+00
-2.839441582867097580e+00 -2.549148405717104993e+00
1.041613419329825341e+01 -7.206259026036073045e+00
-1.632194905266804996e+00 1.560572249531829669e+01
-9.373265518679989583e+00 -3.084736916792903960e-01
6.318422191406897426e+00 -1.827454211959008923e+00
3.973093149134435897e+00 -4.166988538166166434e-02
-2.276956935622403755e+00 -3.281479392964362862e+00
-7.174803869017538638e+00 -1.179531643128460061e+01
9.094569073289224814e-01 3.245240833710934858e+00
1.106040082413383452e+01 1.966614611511403155e+00
-6.106769947851855562e-01 -2.532407710325916272e-01
-3.087466694534061862e+00 1.453618805682796200e+01
-5.233019835310648737e+00 -5.594946817388095184e+00
4.922906047393001749e+00 2.322284828446615546e+00
5.984084643013614091e-01 6.543890473708630751e+00
1.403306653022666062e+01 6.617392335736837161e+00
-1.199604033834812400e+00 2.621628786074332584e+00
2.165119773439809214e-01 4.490383143863073911e+00
-5.179001722190319512e-01 4.837427886791936693e+00
2.906053343757475815e+00 6.785544647480818981e+00
-1.250857419488281153e+01 -1.793520836511003358e+00
7.422859892750695465e+00 -2.522795804295917321e+00
2.041748134775840828e+00 -3.477932952070583728e+00
-4.084440295628172457e+00 -1.266229088752434606e+01
4.496781946136233721e+00 1.100845443443125404e+01
3.911054315941448145e+00 -1.737138690833169297e-01
2.487025855582079892e+00 4.188720423103458934e+00
-3.305239909745833593e+00 9.854863896780690524e+00
9.866284549307953455e-02 1.243210508399878300e+01
-5.431130634890998898e+00 -2.283925215964036859e+00
9.427518220731037957e+00 -1.194352869776739112e+01
4.457355981999630012e-01 -1.290568624999736436e+01
2.435803750598181661e-01 -1.254942352973256803e+01
6.541006146112890995e+00 2.429651084711991427e+00
5.157111480956430682e+00 -1.258073054520152922e+01
8.223233649447456273e+00 9.054652533079424970e+00
4.869333929264315408e+00 -6.160024668273412551e+00
9.983963865245836899e+00 7.786401465226697738e+00
-6.228377318007559893e+00 -3.757943537586676985e+00
-6.909067263812752380e+00 -9.840399904713640566e+00
5.957563277499336785e+00 1.431803949620192462e+01
-7.434125252591343269e+00 -4.296303568398907480e+00
9.384589911044413313e+00 -6.392849711368540966e+00
2.778804503954155791e+00 2.042685166412633979e+00
-2.728399786153402840e+00 6.365727735161649470e+00
-3.629421035160518838e-01 7.608772562680961471e+00
-4.062773268911596070e+00 1.126034617641207713e+00
9.289759087417985839e+00 9.028916283560818101e+00
7.686600522000054170e+00 -5.153512094415177991e+00
-1.295155732005457860e+00 2.171472647689187241e+00
7.045555413704517989e+00 -3.646399947479713521e+00
-7.099433751169409668e+00 1.629566993883888815e+00
-3.675762127793082978e+00 -1.268594016931778334e+01
-6.651242377831081853e+00 2.872950799264550881e+00
8.464928646244601396e+00 1.031992941906915151e-01
2.413207421238952044e+00 3.513186662565041640e+00
1.142134807282056075e+00 9.431291492831640255e+00
-1.068737807302822196e+00 2.903627402975854199e+00
-4.159918526570222319e+00 1.105728077725644409e+00
2.023724878552532136e+00 1.302250671019092643e+00
2.477214980255361798e+00 -5.433157139775791400e+00
1.262099603644093682e+00 -5.139143587055940987e-01
9.210503735842033857e-01 -8.664114215526413920e-02
-2.013997405541459729e-01 1.743739774163617362e+00
-2.173113748216287000e+00 -1.909768067803036651e+00
-7.621995962715928385e+00 -3.001102118630928572e+00
9.175615116711512087e+00 -1.721161501851928399e+00
-2.542199650249106657e+00 8.515722083041996626e+00
-1.245025279590352918e+00 -1.026907600881859572e+01
5.602087442322923216e+00 1.923054683888360650e+00
-1.382118769976027117e+00 3.120237316610486644e+00
4.335852199023108255e+00 1.137246202699491865e-01
7.558270259134933333e+00 7.483119524745174278e-01
-3.072643961068023177e+00 1.145469128012614135e+01
1.052219102374373882e+01 4.426760755660154700e+00
5.429931308484036157e-01 -6.677734702472438499e+00
1.489324494354253936e+01 9.489970851531769114e+00
-4.934843443555079645e+00 -1.073770765314837661e+01
-2.870120272798809768e+00 1.522334858807867786e+00
2.792164104708625860e+00 -8.813599284401421041e-01
-1.934922126600444603e-01 6.691516369915148310e+00
-2.445064296810412152e+00 1.211496590033562448e+01
-2.728711543120473149e+00 6.834215056101660579e+00
6.495129681630042562e+00 4.470183691166872642e+00
7.932173263313380573e+00 9.653955651464245946e+00
-9.796690940390417879e+00 2.696825518716715830e+00
-2.405628443983839126e+00 3.432801405160699648e+00
8.189997537509572823e+00 5.668810788707305814e-01
-5.125800326960952447e+00 3.164088300512869267e+00
5.132247876710079870e-01 -2.848766345385718157e+00
4.879943454797082691e-01 -2.229207081113549815e+00
1.412911354524534868e+00 -9.788621621655361205e-01
-3.263799714335787527e+00 -3.841693412242738859e+00
4.143479381089390401e+00 5.699598491092139341e+00
1.292064507273500418e+00 -4.417699317434811701e-01
6.392571430286016820e+00 1.113668193903350812e+01
4.538606544751546679e+00 -9.390312523081932872e-01
1.039940984415218672e+01 3.447076266618920304e-01
-9.394362117412526914e-01 4.292614391554789854e+00
3.400328121613122700e+00 5.951115970106951591e-01
-5.919849254928702287e+00 -5.656590031281127917e-01
-4.493732830116758059e+00 -1.984027450252347391e+00
-9.560106727323879061e-02 9.939698732582591845e+00
3.603909887948696600e+00 2.482657527690682375e+00
5.554042243275969959e+00 8.222799214685439395e+00
-2.410335454554563661e+00 4.299303389707935352e+00
-2.762301424210803713e+00 -1.887804134226874542e+00
-7.309345883885783657e+00 -5.939247604384514823e+00
1.149013807837182632e+01 1.208339041544071613e+01
4.220681971308957614e+00 7.090992228100675199e+00
3.710396954067371578e+00 1.126344416581065017e-01
8.024394272260163774e+00 -6.878482969822721671e+00
9.147396773740696929e+00 3.629842836419421737e+00
1.123156839313871913e+01 2.649760348924926845e+00
7.423699318963820071e-01 -8.407315933035990341e+00
-1.367819553185878112e+00 2.140916842923862973e+00
-6.194092273710169572e+00 -1.261952456155608537e+01
-1.067447159648730048e+00 -6.723079250537222329e+00
9.072618656544833016e+00 2.122356432206226273e+00
-2.026618281468071991e+00 -6.225351249731256864e+00
-4.851493077065105908e+00 1.255721867784470591e+00
2.917843091093085039e+00 1.299104532731321093e+01
1.363303198661311721e-01 1.465713127514710656e+01
8.015419709754787903e+00 -4.701186986228655051e+00
-1.295817497364049498e+00 -1.374946664163029908e+01
-6.453334609649039599e+00 1.576137157453338045e+00
1.078837111666882365e+01 -6.344248405900563270e+00
4.272719538316349208e+00 4.924285953515040504e+00
-1.471925005141472981e-02 -2.675418621019946208e+00
-2.856342458164674358e+00 -1.315250048179066056e+01
-4.603233550603857971e+00 2.672788012051628304e+00
-6.606649633300723856e+00 1.174798824585112200e+00
-1.818425465330654633e+00 1.592948131093112174e+01
2.322079749994720110e+00 -4.044727357409386492e+00
-1.457996945613934114e+00 -9.081937955308573507e+00
1.272890935906827892e+00 -5.808303787972807442e+00
-2.356060113288811042e+00 4.201676051995483441e+00
5.480716366141578533e+00 7.287073469613793542e+00
4.135316525496345541e+00 -9.357191764316198146e+00
-3.274374820038085332e+00 -1.384406718275948833e+01
-1.900758314470405441e+00 -1.217046901236502876e+01
4.486149971557152893e-01 3.489857405541628932e+00
-1.001559464208264139e+01 -2.637011068217813392e+00
5.917984815635782603e+00 3.705216671229167424e+00
-7.295012823691879866e+00 2.186113425136057220e+00
1.200696321599234118e+00 -3.790047440937514889e+00
1.424131311441782843e+00 -8.714132741961488904e+00
3.391469352076697419e+00 -1.459528623066665309e+00
6.114128410867131436e+00 -1.081536411162006317e+01
1.051203810181716714e-01 2.962329401236585280e+00
-5.207971652965078802e-01 -2.189488963545166200e+00
4.475931456507118433e+00 2.131113998580693447e-01
-1.629451991753775086e+00 -1.383113206965179565e+01
1.660442486042273291e+00 9.517829206204337922e+00
6.247547277454327030e+00 2.108205142741908400e+00
5.330139639584772659e+00 8.893536162317790428e+00
-3.424674244216018959e+00 2.074129327229061293e+00
2.782105020594253020e+00 2.300358112117935061e+00
-6.796305284672249369e-01 1.605110583530938229e+01
2.768373473784055960e+00 8.139268578892748796e-01
1.511565252322146513e+01 7.618119788875224785e+00
5.285408671169055772e+00 -8.715602492243123223e+00
3.455311530231954364e+00 1.104926403445698924e+00
4.480480331171020403e+00 -2.042382971485966259e+00
5.440337324689801690e+00 -9.411121742594295014e+00
-1.464483642161491739e+00 -1.261270047022430063e+01
-3.285069991095464825e+00 8.521472729493908105e+00
-1.824389465796078857e+00 -3.816048240053774965e+00
9.412312876355473534e+00 -8.791334626946603947e+00
-2.316873584731258706e+00 6.177905403783671368e+00
-6.821840384198573304e+00 -1.782110259163301347e+00
4.662187701939841666e+00 2.324420993691669324e+00
8.844293099461328467e+00 -6.372549652323519886e+00
1.178060183181436038e+01 2.503312196574027038e+00
