-4.094598770141601562e+01 8.111367225646972656e+00 9.908880591392517090e-01 -7.975886344909667969e+00 -5.595264434814453125e+00 -4.806207716464996338e-01 -1.099452972412109375e+01 -1.021600246429443359e+01 -9.040581703186035156e+00 -7.670249462127685547e+00 2.816691637039184570e+00 1.022284793853759766e+01 1.037921524047851562e+01 6.953193187713623047e+00 4.676156520843505859e+00 3.131081819534301758e+00 -1.241957950592041016e+01 -6.342359542846679688e+00 6.139080524444580078e-01 -1.801291823387145996e+00 -9.911838531494140625e+00 -1.146293258666992188e+01 1.000762653350830078e+01 2.550874471664428711e+00 -3.991461277008056641e+00 9.100093841552734375e+00 4.431972980499267578e+00 4.962632656097412109e+00 8.813931941986083984e-01 2.087943792343139648e+00 1.533633708953857422e+00 3.791061878204345703e+00 -3.654282093048095703e+00 7.313860416412353516e+00 6.815063476562500000e+00 -5.816906452178955078e+00 3.887677788734436035e-01 2.470850467681884766e+00 2.574615240097045898e+00 2.825999975204467773e+00 -3.058118820190429688e+00 8.800299838185310364e-03 -5.929843902587890625e+00 -2.448938846588134766e+00 -2.114864110946655273e+00 -4.262487888336181641e+00 1.238111138343811035e+00 -1.949080348014831543e+00 1.148894667625427246e+00 -1.011436462402343750e+00 -4.988083839416503906e+00 2.016896963119506836e+00 1.612339615821838379e-01 -1.397302389144897461e+00 -2.166828393936157227e+00 -4.754371941089630127e-01 3.293296337127685547e+00 -6.266481399536132812e+00 2.230395078659057617e+00 -4.574161052703857422e+00 2.357261419296264648e+00 1.902485966682434082e+00 -7.817984223365783691e-01 8.219285964965820312e+00 6.169114589691162109e+00 3.023784637451171875e+00 1.264561414718627930e+00 -1.342545866966247559e+00 -5.112529754638671875e+00 1.264798283576965332e+00 2.321759700775146484e+00 -2.643818378448486328e+00 1.972054131329059601e-03 4.343803822994232178e-01 4.928467273712158203e+00 1.689789295196533203e+00 -6.690902709960937500e-01 -3.591347694396972656e+00 2.917294502258300781e+00 -8.076885938644409180e-01 -8.206331133842468262e-01 -1.153159141540527344e+00 -2.753463745117187500e+00 1.402910470962524414e+00 2.450789928436279297e+00 -3.083809375762939453e+00 4.075351238250732422e+00 2.449017047882080078e+00 3.970683336257934570e+00 -1.127665758132934570e+00 2.737940073013305664e+00 -1.014991879463195801e+00 2.860388755798339844e+00 -3.034592270851135254e-01 -1.918190240859985352e+00 -1.979639053344726562e+00 -3.304381608963012695e+00 2.417142391204833984e+00 5.551369190216064453e-01 2.176737487316131592e-01
-4.067626190185546875e+01 3.148787975311279297e+00 6.525200843811035156e+00 -1.390837478637695312e+01 -2.048123550415039062e+01 1.814188480377197266e+00 2.099287748336791992e+00 -2.086147308349609375e+00 -4.342197418212890625e+00 1.994003415107727051e+00 -7.281974315643310547e+00 2.900820016860961914e+00 -1.483415484428405762e+00 2.488699913024902344e+00 3.734817266464233398e+00 -9.213922500610351562e+00 -4.575988769531250000e+00 1.665676474571228027e+00 -5.917502880096435547e+00 9.232526421546936035e-01 -8.576434135437011719e+00 5.783139228820800781e+00 4.792859554290771484e+00 6.806265354156494141e+00 4.378245830535888672e+00 -3.509631872177124023e+00 -6.514817714691162109e+00 -5.559336185455322266e+00 4.190941452980041504e-01 6.074642539024353027e-01 5.595514297485351562e+00 -1.996567010879516602e+00 -4.374731063842773438e+00 -4.655933856964111328e+00 -9.425854682922363281e+00 -4.224398136138916016e+00 9.084929227828979492e-01 1.034306144714355469e+01 -4.304651260375976562e+00 -5.205185890197753906e+00 1.697957873344421387e+00 -3.555629968643188477e+00 7.082664966583251953e-01 -6.751623153686523438e-01 4.015104293823242188e+00 -4.098034381866455078e+00 -2.860585212707519531e+00 5.544738173484802246e-01 -7.003166198730468750e+00 -5.432584285736083984e+00 -4.372272014617919922e+00 -5.247164726257324219e+00 7.224597930908203125e+00 2.866931438446044922e+00 -1.537217378616333008e+00 2.531605005264282227e+00 2.131064653396606445e+00 -9.821305871009826660e-01 -3.074423074722290039e+00 -5.165157318115234375e+00 -6.051217392086982727e-02 -4.409794509410858154e-01 5.721967220306396484e+00 6.729595184326171875e+00 -4.165863513946533203e+00 2.470506429672241211e+00 1.908743023872375488e+00 1.453095793724060059e+00 -3.208430767059326172e+00 -3.572676658630371094e+00 -7.068665504455566406e+00 -8.101870417594909668e-01 5.146415233612060547e+00 -3.190286636352539062e+00 5.547403097152709961e-01 3.903198480606079102e+00 -3.552656173706054688e+00 -4.661248683929443359e+00 -2.338248729705810547e+00 8.196505904197692871e-01 1.971810936927795410e+00 -3.498455047607421875e+00 4.799842357635498047e+00 5.287405014038085938e+00 1.059305310249328613e+00 -1.309504985809326172e+00 8.993991464376449585e-02 -7.932364940643310547e+00 -2.373807281255722046e-01 2.299268722534179688e+00 -1.293562889099121094e+00 4.514728069305419922e+00 -2.089352905750274658e-01 6.605430245399475098e-01 -4.569771766662597656e+00 9.919658899307250977e-01 -5.969865798950195312e+00 1.334131717681884766e+00 -2.857190847396850586e+00 2.132621765136718750e+00
-4.010663223266601562e+01 5.151537895202636719e+00 4.772007465362548828e+00 -1.325165081024169922e+01 -1.005518722534179688e+01 9.927522659301757812e+00 -1.439157605171203613e+00 6.309869289398193359e+00 -1.898910999298095703e+00 5.155577182769775391e+00 -3.290594577789306641e+00 -2.550194859504699707e-01 2.354521512985229492e+00 2.289222478866577148e+00 -2.074238300323486328e+00 -6.521412849426269531e+00 -1.696490287780761719e+00 -6.771672368049621582e-01 -6.388202667236328125e+00 -6.094943523406982422e+00 -6.742178440093994141e+00 -1.920447111129760742e+00 -6.126816272735595703e+00 -7.870531558990478516e+00 1.213668942451477051e+00 6.941554069519042969e+00 5.939731597900390625e+00 4.550158604979515076e-02 -1.891648024320602417e-01 -4.375203132629394531e+00 1.776208043098449707e+00 -8.510370254516601562e+00 -7.118004798889160156e+00 -1.955402016639709473e+00 3.828535079956054688e-01 -1.703161120414733887e+00 4.115464210510253906e+00 3.786411046981811523e+00 -8.338692665100097656e+00 -2.364059448242187500e+00 -2.036885023117065430e+00 3.562691926956176758e+00 -3.959821224212646484e+00 5.203455924987792969e+00 -3.913047552108764648e+00 2.547647237777709961e+00 2.626692056655883789e+00 3.032214403152465820e+00 -1.482101559638977051e+00 6.538032531738281250e+00 2.844839334487915039e+00 -7.753851413726806641e-01 4.532609939575195312e+00 -1.875143647193908691e+00 -5.082552909851074219e+00 2.280068159103393555e+00 -4.423407554626464844e+00 -2.593015670776367188e+00 -3.428036928176879883e+00 -3.828880548477172852e+00 -1.234107494354248047e+00 1.763957738876342773e+00 -1.261555910110473633e+00 3.915983438491821289e+00 -1.805157184600830078e+00 -2.786440849304199219e-01 -6.898303031921386719e-01 -1.187852382659912109e+00 -4.393525600433349609e+00 -4.069679737091064453e+00 2.476544618606567383e+00 3.001028299331665039e+00 4.209184646606445312e-01 8.089042305946350098e-01 -3.650982856750488281e+00 -4.031562805175781250e+00 -4.919015169143676758e-01 -4.440108299255371094e+00 3.858957052230834961e+00 -4.976914882659912109e+00 4.915022373199462891e+00 1.553837180137634277e+00 1.940958857536315918e+00 -8.899631500244140625e-01 3.706197977066040039e+00 1.626613259315490723e+00 -2.633186578750610352e+00 -2.586207628250122070e+00 1.997240424156188965e+00 2.371140003204345703e+00 -7.267398238182067871e-01 4.568861007690429688e+00 3.008728981018066406e+00 -3.658507764339447021e-01 1.876502513885498047e+00 -2.055052995681762695e+00 -5.769443511962890625e+00 3.161468982696533203e+00 3.539046049118041992e-01 -2.288493156433105469e+00
-3.818753814697265625e+01 5.490682601928710938e+00 8.103024482727050781e+00 -1.970994949340820312e+01 6.861297607421875000e+00 5.153928995132446289e-01 -8.055176734924316406e+00 2.684619903564453125e+00 3.760436058044433594e+00 -8.530221939086914062e+00 -7.311902523040771484e+00 -1.983915328979492188e+00 7.208810001611709595e-02 -1.171123600006103516e+01 2.196876049041748047e+00 -1.002732396125793457e+00 -2.511755466461181641e+00 2.346532821655273438e+00 -6.079442501068115234e+00 3.515873253345489502e-01 -1.444944858551025391e+00 2.818095088005065918e-01 -7.292502403259277344e+00 -4.846620559692382812e+00 6.879549026489257812e+00 -1.117597961425781250e+01 4.257964134216308594e+00 1.361571669578552246e+00 -2.434970378875732422e+00 -1.349367427825927734e+01 1.284937477111816406e+01 -2.738520622253417969e+00 4.234933376312255859e+00 3.219613075256347656e+00 -3.612396717071533203e+00 2.548482656478881836e+00 1.525623893737792969e+01 -2.619835615158081055e+00 -4.683956146240234375e+00 5.900919437408447266e+00 6.604270458221435547e+00 2.446280956268310547e+00 3.201669931411743164e+00 -4.472726821899414062e+00 -5.828428268432617188e+00 -2.164814233779907227e+00 4.824472427368164062e+00 3.184537887573242188e+00 6.440374851226806641e+00 7.633682250976562500e+00 2.066437721252441406e+00 6.460900783538818359e+00 -7.631785869598388672e-01 6.577622294425964355e-01 -7.470140457153320312e-01 1.316659092903137207e+00 1.252801132202148438e+01 -4.158185005187988281e+00 -7.120662212371826172e+00 4.803173542022705078e+00 2.365222215652465820e+00 -1.473235487937927246e+00 5.771295070648193359e+00 3.126565814018249512e-01 6.267000436782836914e-01 4.977125227451324463e-01 1.231771111488342285e+00 8.366578817367553711e-02 3.513895988464355469e+00 3.314929246902465820e+00 8.558429718017578125e+00 3.101754188537597656e+00 3.443517208099365234e+00 -5.608802318572998047e+00 -7.482805728912353516e+00 3.172016620635986328e+00 5.777782440185546875e+00 4.631990432739257812e+00 -4.081019878387451172e+00 -4.382505893707275391e+00 2.164739966392517090e-01 -2.116463661193847656e+00 1.023109555244445801e+00 -6.201202794909477234e-02 1.553980827331542969e+00 -1.810992121696472168e+00 -5.365559458732604980e-01 1.192601442337036133e+00 -8.922233581542968750e+00 3.762943267822265625e+00 5.660912513732910156e+00 9.987452626228332520e-01 2.009566068649291992e+00 -1.967471718788146973e+00 1.371062755584716797e+00 2.811401844024658203e+00 6.664318561553955078e+00 -2.872990369796752930e+00 -2.244091987609863281e+00 1.948060989379882812e+00
-3.317965698242187500e+01 -6.352038383483886719e+00 -1.836019903421401978e-01 -2.477568435668945312e+01 1.037110519409179688e+01 -1.468623876571655273e+00 -5.003333568572998047e+00 2.063396215438842773e+00 1.809109807014465332e+00 -6.167340278625488281e+00 -6.560425281524658203e+00 1.576022744178771973e+00 -7.003569006919860840e-01 -4.382127285003662109e+00 -1.472226381301879883e+00 -1.950901389122009277e+00 -2.655883312225341797e+00 1.264335989952087402e+00 2.378597259521484375e+00 -5.352950572967529297e+00 2.979367494583129883e+00 7.539852857589721680e-01 -3.101097583770751953e+00 -7.444869041442871094e+00 -1.784190773963928223e+00 -9.702200889587402344e+00 -5.791782855987548828e+00 1.494749259948730469e+01 -1.096836280822753906e+01 -7.268008708953857422e+00 1.428563237190246582e+00 1.012391376495361328e+01 -6.885077953338623047e+00 6.042839884757995605e-01 -2.831020116806030273e+00 1.316240727901458740e-01 -5.052704334259033203e+00 7.921417236328125000e+00 8.657989501953125000e+00 5.140075683593750000e+00 3.432970523834228516e+00 -1.255418062210083008e+00 -9.111514687538146973e-01 -1.229952096939086914e+00 -7.366726875305175781e+00 -2.088699042797088623e-01 -2.293189048767089844e+00 1.238369226455688477e+00 -5.452924251556396484e+00 -4.820269584655761719e+00 1.027631521224975586e+00 -3.940882384777069092e-01 -1.366271615028381348e+00 -7.251808643341064453e+00 6.320225238800048828e+00 5.290841579437255859e+00 -2.604635000228881836e+00 6.725914478302001953e-01 3.281095266342163086e+00 -3.798361778259277344e+00 6.619176387786865234e+00 -2.701063871383666992e+00 4.979107379913330078e-01 -4.590725600719451904e-01 3.292156457901000977e+00 5.965034961700439453e+00 -1.617827057838439941e+00 -5.759217739105224609e-01 1.984005331993103027e+00 2.108738660812377930e+00 4.312003612518310547e+00 -2.206870079040527344e+00 -5.210633873939514160e-01 6.075424671173095703e+00 -3.800382137298583984e+00 -3.185118436813354492e+00 -6.421981334686279297e+00 3.702172279357910156e+00 -7.557827234268188477e-01 1.440648794174194336e+00 1.381200551986694336e+00 6.284787654876708984e-01 4.956431865692138672e+00 8.351577520370483398e-01 -6.505823135375976562e+00 -1.892129659652709961e+00 -4.446770191192626953e+00 -2.408518552780151367e+00 3.301063060760498047e+00 1.302197813987731934e+00 -2.525862932205200195e+00 2.250736236572265625e+00 -2.748327970504760742e+00 -1.802274942398071289e+00 1.431027412414550781e+00 5.467947483062744141e+00 3.628305435180664062e+00 3.436312675476074219e+00 -4.461503505706787109e+00 -1.416003346443176270e+00
-4.008287811279296875e+01 -4.340589046478271484e+00 3.699561119079589844e+00 -2.306854629516601562e+01 4.008867740631103516e+00 7.978292465209960938e+00 -7.831079006195068359e+00 8.172621726989746094e+00 -1.791017055511474609e+00 1.973091125488281250e+00 -2.183991670608520508e+00 2.476987600326538086e+00 -1.105205714702606201e-01 -7.682106494903564453e+00 2.453691005706787109e+00 5.345778465270996094e+00 9.948589324951171875e+00 5.652219295501708984e+00 -7.748797893524169922e+00 -8.980420112609863281e+00 8.350366592407226562e+00 5.466194152832031250e+00 5.884582519531250000e+00 -3.595423996448516846e-01 4.738844871520996094e+00 -1.029792189598083496e+00 7.835567593574523926e-01 9.538498520851135254e-01 7.028226375579833984e+00 2.891502857208251953e+00 -3.381147384643554688e+00 -4.136216640472412109e+00 -3.497123003005981445e+00 1.917457580566406250e-01 8.429878354072570801e-01 4.819583892822265625e+00 -2.311987161636352539e+00 -4.277033805847167969e+00 6.667268872261047363e-01 1.185043096542358398e+00 1.444916486740112305e+00 -1.767575740814208984e-01 1.524046063423156738e+00 -7.142972946166992188e+00 2.397311687469482422e+00 1.585115551948547363e+00 2.463955402374267578e+00 6.773299574851989746e-01 -5.988267898559570312e+00 -1.879985451698303223e+00 -6.656306266784667969e+00 1.011232256889343262e+00 -2.545024268329143524e-03 -8.906239271163940430e-01 -1.548506140708923340e+00 -4.838436603546142578e+00 9.194262504577636719e+00 4.889121055603027344e+00 -2.910707473754882812e+00 8.023216724395751953e-01 2.377077817916870117e+00 -3.947069406509399414e+00 1.630298018455505371e+00 3.546793699264526367e+00 2.671038806438446045e-01 -2.749027013778686523e+00 -1.948445849120616913e-02 -1.679514646530151367e+00 4.178886890411376953e+00 -5.817086696624755859e+00 -8.525584936141967773e-01 2.217888593673706055e+00 5.986139774322509766e+00 1.235362410545349121e+00 -1.677901148796081543e+00 -7.685863971710205078e-01 6.391690731048583984e+00 -3.306715935468673706e-02 -1.678695917129516602e+00 -2.949931323528289795e-01 -1.231378436088562012e+00 -2.181984186172485352e+00 -3.467898368835449219e+00 2.710725784301757812e+00 3.412968397140502930e+00 -9.754776954650878906e-01 2.470561742782592773e+00 -2.061645984649658203e-01 -4.231335163116455078e+00 -1.787454366683959961e+00 -2.969474077224731445e+00 -4.421581745147705078e+00 1.254740715026855469e+00 6.125778675079345703e+00 -3.113706827163696289e+00 -1.233891606330871582e+00 -4.545455455780029297e+00 1.033925771713256836e+00 -2.719999313354492188e+00 1.381355524063110352e+00
-4.421196365356445312e+01 -4.481581211090087891e+00 7.456665992736816406e+00 -2.170727157592773438e+01 1.177753686904907227e+00 8.740988731384277344e+00 -1.265293312072753906e+01 2.774799823760986328e+00 4.292095661163330078e+00 9.403879642486572266e-01 2.954111576080322266e+00 5.892076969146728516e+00 -7.299546718597412109e+00 3.757275044918060303e-01 -3.398213982582092285e-01 7.544526576995849609e+00 -2.291985034942626953e+00 5.228129386901855469e+00 -9.778835296630859375e+00 -8.287409782409667969e+00 6.363862037658691406e+00 4.468540668487548828e+00 3.548939466476440430e+00 -5.608113408088684082e-01 -4.232416152954101562e+00 2.700533866882324219e+00 1.265725374221801758e+00 3.538670063018798828e+00 2.967113494873046875e+00 -5.298632144927978516e+00 1.581754982471466064e-01 8.890866637229919434e-01 4.418927058577537537e-02 -5.865431308746337891e+00 8.478064537048339844e+00 6.931252479553222656e+00 2.199449539184570312e+00 3.558588504791259766e+00 1.683946132659912109e+00 -3.073689460754394531e+00 -3.826845407485961914e+00 5.828525424003601074e-01 3.372865915298461914e+00 -4.983357906341552734e+00 8.301283836364746094e+00 1.869786500930786133e+00 1.932932496070861816e+00 7.836369276046752930e-01 -6.941534996032714844e+00 -8.464205265045166016e-02 -5.847014427185058594e+00 4.010013580322265625e+00 6.970384597778320312e+00 2.724833250045776367e+00 -1.338111758232116699e+00 8.483449935913085938e+00 1.163870453834533691e+00 -1.159673094749450684e+00 3.915555715560913086e+00 1.100069880485534668e+00 -2.268326759338378906e+00 9.530077129602432251e-02 4.906431436538696289e-01 -2.274042367935180664e+00 1.983277797698974609e+00 -3.068548917770385742e+00 -3.438497185707092285e-01 5.175766468048095703e+00 -1.893384009599685669e-02 -2.335332870483398438e+00 7.497963309288024902e-01 -1.035842537879943848e+00 2.116748332977294922e+00 1.164245232939720154e-01 1.805719733238220215e+00 -1.335047006607055664e+00 3.987485647201538086e+00 8.916701078414916992e-01 3.453201770782470703e+00 -2.747340202331542969e+00 5.491472244262695312e+00 1.479364752769470215e+00 4.648925662040710449e-01 -1.224331617355346680e+00 3.476330757141113281e+00 3.182621955871582031e+00 7.593767046928405762e-01 -8.302220344543457031e+00 -1.107145428657531738e+00 -2.038109540939331055e+00 8.005315065383911133e-01 3.839676380157470703e+00 -6.177145004272460938e+00 -1.235916256904602051e+00 1.861281037330627441e+00 -1.793835043907165527e+00 -2.172603368759155273e+00 -3.263450384140014648e+00 1.834609918296337128e-02 3.443742990493774414e+00
-4.008251571655273438e+01 9.660096168518066406e+00 4.135274410247802734e+00 -1.298200607299804688e+01 -6.682265758514404297e+00 -2.609876871109008789e+00 -7.040779590606689453e+00 -1.052926254272460938e+01 -2.470269203186035156e+00 -1.625996398925781250e+01 5.055481433868408203e+00 -3.189195394515991211e+00 -2.717465639114379883e+00 3.978141546249389648e+00 -8.909674644470214844e+00 6.478777408599853516e+00 -4.580014228820800781e+00 6.362351894378662109e+00 -1.028368759155273438e+01 9.768291473388671875e+00 5.870274305343627930e-01 -1.433357968926429749e-02 -9.287240028381347656e+00 4.319976329803466797e+00 -1.311886757612228394e-01 1.531410336494445801e+00 -2.948517084121704102e+00 1.764691352844238281e+00 -4.563770771026611328e+00 -4.670635700225830078e+00 6.318499445915222168e-01 5.525733828544616699e-01 1.710920810699462891e+00 2.658370733261108398e+00 6.764339447021484375e+00 -3.388328313827514648e+00 -5.255118846893310547e+00 3.803586483001708984e+00 8.690791726112365723e-01 -1.733106136322021484e+00 -1.575054883956909180e+00 -6.045323371887207031e+00 -5.688754558563232422e+00 -3.336463212966918945e+00 2.664173841476440430e+00 -2.591185271739959717e-01 -4.607575416564941406e+00 -3.749374151229858398e+00 -5.047362804412841797e+00 3.669617652893066406e+00 -6.353333473205566406e+00 5.758234858512878418e-01 -7.853141427040100098e-01 1.513642072677612305e+00 -8.269525170326232910e-01 2.543236970901489258e+00 -7.197900772094726562e+00 -3.729183912277221680e+00 1.343597650527954102e+00 2.384042024612426758e+00 -8.943530082702636719e+00 -2.028527975082397461e+00 -5.030558109283447266e+00 -3.411167621612548828e+00 2.306626081466674805e+00 1.187710046768188477e+00 2.978772819042205811e-01 -4.051002502441406250e+00 9.279515743255615234e-01 -6.698519587516784668e-01 3.317628860473632812e+00 -2.763898611068725586e+00 1.138840079307556152e+00 2.410867452621459961e+00 -1.155173063278198242e+00 -3.747990131378173828e+00 -5.805693626403808594e+00 -9.605101346969604492e-01 -3.282674789428710938e+00 -7.536604404449462891e+00 -5.796861648559570312e+00 1.711341291666030884e-01 -8.234419226646423340e-01 -4.646267294883728027e-01 -2.681900739669799805e+00 -3.242357969284057617e+00 -7.845472693443298340e-01 3.569679021835327148e+00 4.494443535804748535e-01 -4.856999874114990234e+00 1.838944911956787109e+00 -2.808707237243652344e+00 2.358321905136108398e+00 -6.534592509269714355e-01 4.478150367736816406e+00 4.654550075531005859e+00 -8.689456582069396973e-01 -2.141360521316528320e+00 1.383567571640014648e+00 2.160285711288452148e-01
-3.915098571777343750e+01 4.387130737304687500e+00 -3.533889532089233398e+00 -1.327061748504638672e+01 -1.119563865661621094e+01 -1.165355396270751953e+01 -6.254277229309082031e+00 -4.033288478851318359e+00 1.666360735893249512e+00 -1.064201068878173828e+01 4.940420150756835938e+00 1.332037806510925293e+00 -1.003270816802978516e+01 8.863625526428222656e+00 -1.135560131072998047e+01 3.916259527206420898e+00 -2.524279594421386719e+00 5.000539302825927734e+00 -1.018832445144653320e+00 9.060809135437011719e+00 -3.512509107589721680e+00 -1.790500044822692871e+00 -6.777338981628417969e+00 -3.541064262390136719e+00 3.859261274337768555e+00 -2.894351720809936523e+00 1.467287898063659668e+00 5.198211669921875000e+00 5.076757073402404785e-01 -5.621502995491027832e-01 -9.253509044647216797e-01 -1.419766426086425781e+00 1.147546672821044922e+01 -1.255454301834106445e+00 4.785272598266601562e+00 -9.135442972183227539e-01 -3.361788988113403320e+00 2.173557996749877930e+00 8.405554890632629395e-01 3.403182744979858398e+00 5.041014194488525391e+00 4.219793796539306641e+00 -2.797998666763305664e+00 3.566875219345092773e+00 -2.025598049163818359e+00 3.588597774505615234e+00 4.807442188262939453e+00 2.357504367828369141e+00 6.006129264831542969e+00 -1.700657248497009277e+00 -1.561782598495483398e+00 2.539665699005126953e+00 2.363295257091522217e-01 2.496599674224853516e+00 -2.331946372985839844e+00 1.499086856842041016e+00 4.989924907684326172e+00 3.223752737045288086e+00 2.828146219253540039e+00 -3.496687173843383789e+00 8.270595073699951172e-01 4.893925666809082031e+00 3.523880243301391602e+00 5.673473358154296875e+00 -1.347580671310424805e+00 -6.859561204910278320e-01 3.428586006164550781e+00 5.365150928497314453e+00 6.410413384437561035e-01 -1.124522805213928223e+00 9.800148606300354004e-01 2.592288494110107422e+00 -3.424552679061889648e+00 7.062360763549804688e+00 -1.859884619712829590e+00 -4.071095466613769531e+00 1.283545613288879395e+00 -1.583761215209960938e+00 -3.224407911300659180e+00 2.877456665039062500e+00 -2.571305990219116211e+00 6.488448143005371094e+00 3.781102418899536133e+00 1.178751826286315918e+00 4.822934150695800781e+00 3.280445098876953125e+00 2.524786233901977539e+00 3.027935266494750977e+00 1.319455385208129883e+00 -1.507572054862976074e+00 -5.100152492523193359e+00 1.481569886207580566e+00 7.364452481269836426e-01 5.162023544311523438e+00 3.960387706756591797e+00 -2.389885425567626953e+00 -7.176502704620361328e+00 -1.155223131179809570e+00 -2.272334575653076172e+00 5.382698774337768555e-01
-4.384951019287109375e+01 -1.755363464355468750e+00 5.179573059082031250e+00 -1.742064285278320312e+01 3.826397418975830078e+00 7.692413806915283203e+00 -5.847191810607910156e+00 -2.217279225587844849e-01 -5.800394535064697266e+00 4.981376647949218750e+00 -4.841828823089599609e+00 -5.764710903167724609e+00 1.122335433959960938e+00 2.792945384979248047e+00 1.493768692016601562e+00 -6.612040519714355469e+00 2.772830247879028320e+00 -2.178487539291381836e+00 -6.849260807037353516e+00 -8.273779749870300293e-01 8.358501434326171875e+00 -3.749322652816772461e+00 -2.435763597488403320e+00 6.959215641021728516e+00 -4.776114940643310547e+00 3.113144397735595703e+00 5.495847702026367188e+00 4.618809819221496582e-01 -9.152643680572509766e-01 4.406388282775878906e+00 -1.537496209144592285e+00 -8.287972450256347656e+00 3.077191114425659180e+00 3.420123577117919922e+00 1.518803596496582031e+00 3.916842222213745117e+00 -5.745922565460205078e+00 -3.691862821578979492e-01 -1.573996424674987793e+00 -4.983055889606475830e-01 -3.639185056090354919e-02 5.424236774444580078e+00 -1.784420609474182129e+00 -1.004177951812744141e+01 1.493927001953125000e+00 5.349627971649169922e+00 -4.916830539703369141e+00 5.483413219451904297e+00 -2.441438198089599609e+00 -2.955707550048828125e+00 5.986912250518798828e-01 -5.394157767295837402e-01 -7.321088790893554688e+00 3.429685354232788086e+00 -2.009571313858032227e+00 4.070937633514404297e+00 1.196736618876457214e-01 -8.684511780738830566e-01 1.172328948974609375e+00 7.034047245979309082e-01 -3.828043460845947266e+00 3.425832033157348633e+00 -2.855639219284057617e+00 4.684381961822509766e+00 -2.230026960372924805e+00 7.873242497444152832e-01 -4.232220351696014404e-01 -1.706654950976371765e-02 -6.508100986480712891e+00 -5.090619564056396484e+00 -1.514304429292678833e-01 -2.212101697921752930e+00 -1.732206463813781738e+00 1.716815114021301270e+00 9.991897940635681152e-01 -1.554596889764070511e-02 6.053499221801757812e+00 5.354736328125000000e+00 4.908968448638916016e+00 2.811043500900268555e+00 -1.734780550003051758e+00 -2.390489339828491211e+00 -5.278228521347045898e-01 -1.150733470916748047e+00 -7.269076704978942871e-01 -2.570587158203125000e+00 -4.668968200683593750e+00 9.234265089035034180e-01 -4.252295970916748047e+00 -3.037672638893127441e-01 -2.424936532974243164e+00 6.614194512367248535e-01 3.768265843391418457e-01 -5.911753177642822266e+00 -3.144737720489501953e+00 3.201386928558349609e+00 -5.617564320564270020e-01 2.488465785980224609e+00 -1.312041640281677246e+00 -4.409443855285644531e+00
-4.087241363525390625e+01 3.486169576644897461e+00 7.444521784782409668e-01 -2.143755340576171875e+01 4.280481815338134766e+00 8.688647270202636719e+00 -3.661455214023590088e-01 8.093619346618652344e-01 -2.584446907043457031e+00 -1.004704236984252930e+00 1.118507742881774902e+00 3.542052030563354492e+00 7.664037704467773438e+00 1.002380752563476562e+01 1.785506844520568848e+00 6.499254703521728516e+00 -2.180237770080566406e+00 4.685995101928710938e+00 2.810058832168579102e+00 -2.438845157623291016e+00 3.727840423583984375e+00 2.933690786361694336e+00 -4.386806964874267578e+00 2.609302282333374023e+00 -2.788880825042724609e+00 -5.511465072631835938e+00 -6.467853546142578125e+00 -4.424417495727539062e+00 -2.248471021652221680e+00 1.622765779495239258e+00 -2.364095687866210938e+00 6.395255327224731445e-01 -1.164369463920593262e+00 -5.931036472320556641e+00 3.754231929779052734e+00 -1.135461688041687012e+00 4.636500358581542969e+00 3.128803730010986328e+00 -2.418581098318099976e-01 3.429865837097167969e+00 -2.174714803695678711e+00 -6.885117053985595703e+00 -4.622887134552001953e+00 1.911715149879455566e+00 -3.823019981384277344e+00 -3.401054382324218750e+00 -3.672155380249023438e+00 6.297272443771362305e-01 2.988016843795776367e+00 -3.530999720096588135e-01 1.086314487457275391e+01 2.218886375427246094e+00 -2.415305614471435547e+00 2.232684373855590820e+00 -2.164630889892578125e+00 -3.609350442886352539e+00 2.275960445404052734e+00 1.484046936035156250e+00 3.687553405761718750e+00 -1.094932556152343750e+00 3.564630746841430664e+00 -1.602825164794921875e+00 5.308491230010986328e+00 -2.361488580703735352e+00 -2.100538492202758789e+00 -5.915014147758483887e-01 6.484517097473144531e+00 -2.879403531551361084e-01 1.470349669456481934e+00 5.313569307327270508e-01 -4.524639606475830078e+00 3.707664966583251953e+00 -2.173095464706420898e+00 5.872861862182617188e+00 3.866998434066772461e+00 1.191094040870666504e+00 -1.646520376205444336e+00 -6.060183048248291016e+00 -1.066040277481079102e+00 7.926597595214843750e+00 3.198894739151000977e+00 5.541336536407470703e+00 1.808405995368957520e+00 2.114364504814147949e-01 -6.606814861297607422e+00 -3.312664508819580078e+00 -3.959711313247680664e+00 2.458242177963256836e+00 -6.207147836685180664e-01 -2.043075084686279297e+00 6.417908668518066406e-01 -1.013006210327148438e+00 4.631517410278320312e+00 -2.614522576332092285e-01 -4.162277698516845703e+00 6.512515544891357422e-01 2.671168327331542969e+00 2.983212709426879883e+00 -4.003560543060302734e-01 2.578718662261962891e+00
-3.593314743041992188e+01 1.413249850273132324e+00 8.038757443428039551e-01 -1.978701210021972656e+01 7.859630107879638672e+00 1.337581348419189453e+01 -3.036572694778442383e+00 1.007087802886962891e+01 -5.661226272583007812e+00 4.832377433776855469e+00 -1.940406203269958496e+00 3.418526887893676758e+00 3.666792392730712891e+00 4.793947696685791016e+00 4.650952339172363281e+00 -1.728142023086547852e+00 -4.548196494579315186e-01 6.507706165313720703e+00 -3.420075654983520508e+00 -8.585839271545410156e+00 5.529879093170166016e+00 -2.451701164245605469e+00 -8.405193328857421875e+00 1.072002887725830078e+01 -6.842858195304870605e-01 6.374891757965087891e+00 2.395926475524902344e+00 2.019845962524414062e+00 7.185014247894287109e+00 8.042673110961914062e+00 9.784372448921203613e-01 -5.879530906677246094e+00 -2.221353292465209961e+00 -4.460677146911621094e+00 -1.622951626777648926e+00 -4.765368461608886719e+00 -3.536248445510864258e+00 -1.243032455444335938e+00 -4.052498638629913330e-01 -7.117643952369689941e-02 -1.207362055778503418e+00 -5.217402935028076172e+00 -4.991663694381713867e-01 -2.190712928771972656e+00 -9.966215133666992188e+00 4.933531880378723145e-01 -1.174044132232666016e+00 -4.391342163085937500e+00 1.801893949508666992e+00 1.942248821258544922e+00 4.060332775115966797e+00 2.922889888286590576e-01 -1.425839662551879883e+00 8.578841090202331543e-01 -1.184952020645141602e+00 -2.250576257705688477e+00 -3.005202859640121460e-02 1.148557662963867188e+00 1.279618024826049805e+00 -8.402345180511474609e-01 -2.861914634704589844e+00 -6.044785022735595703e+00 1.333537936210632324e+00 -5.592772006988525391e+00 1.733919501304626465e+00 8.012044429779052734e-01 3.137456655502319336e+00 3.667778968811035156e-01 -3.582642793655395508e+00 -1.033271670341491699e+00 -7.149955272674560547e+00 8.709884881973266602e-01 2.728262901306152344e+00 3.082579851150512695e+00 7.897806763648986816e-01 1.014126062393188477e+00 -2.263333797454833984e+00 2.220748424530029297e+00 -1.588690876960754395e+00 3.087124824523925781e+00 1.804244160652160645e+00 1.760649681091308594e+00 -8.007650971412658691e-01 3.593247413635253906e+00 3.476688861846923828e+00 3.081744909286499023e-01 7.761899828910827637e-01 4.532968625426292419e-02 -3.795584201812744141e+00 5.663745999336242676e-01 -1.830793142318725586e+00 -3.255562543869018555e+00 5.364784598350524902e-01 2.414344072341918945e+00 -9.422728419303894043e-02 3.146361589431762695e+00 3.721003055572509766e+00 3.354017436504364014e-01 -1.477566659450531006e-01 3.404165804386138916e-01
-4.248057937622070312e+01 5.716640949249267578e+00 1.787250876426696777e+00 -1.997036552429199219e+01 -9.750339388847351074e-01 1.296300506591796875e+01 -8.022938728332519531e+00 5.560324668884277344e+00 -1.024256420135498047e+01 1.756881117820739746e+00 1.648619890213012695e+00 -1.249790906906127930e+00 2.784497022628784180e+00 1.122806453704833984e+01 4.789994716644287109e+00 -1.071257948875427246e+00 -9.709415435791015625e+00 -1.011947274208068848e+00 -8.722607612609863281e+00 3.568714380264282227e+00 -2.251685857772827148e+00 8.857841491699218750e+00 -4.297846794128417969e+00 1.786663770675659180e+00 -1.619844675064086914e+00 -6.115747690200805664e-01 -3.049358129501342773e+00 -3.067373752593994141e+00 -1.677955985069274902e+00 -5.188460350036621094e+00 -4.132833778858184814e-01 -4.364362716674804688e+00 5.131691932678222656e+00 -5.616781711578369141e-01 1.653515815734863281e+00 -5.780255794525146484e+00 3.491243600845336914e+00 3.388485312461853027e-01 1.069702982902526855e+00 4.124609947204589844e+00 2.069354057312011719e+00 -6.864102840423583984e+00 -4.630522251129150391e+00 -5.173552036285400391e+00 -2.796387195587158203e+00 -1.402511239051818848e+00 3.614632368087768555e+00 1.364527940750122070e+00 4.046276211738586426e-01 -4.367419242858886719e+00 -9.489510059356689453e-01 2.150799989700317383e+00 -1.022792100906372070e+00 -1.382991909980773926e+00 6.200864315032958984e-01 2.491564750671386719e+00 -2.849543094635009766e+00 1.611533522605895996e+00 -5.665556430816650391e+00 -1.379128932952880859e+00 -1.111190915107727051e+00 -4.515046119689941406e+00 -7.471436262130737305e-01 -2.910289287567138672e+00 -1.395601779222488403e-01 -2.114086627960205078e+00 -8.117119073867797852e-01 1.507919430732727051e+00 -3.876185655593872070e+00 2.759146690368652344e+00 2.399856746196746826e-01 -4.514494419097900391e+00 3.664594173431396484e+00 -5.657252788543701172e+00 2.291218280792236328e+00 -4.009357452392578125e+00 2.649894475936889648e+00 1.549036860466003418e+00 3.977471888065338135e-01 1.580083847045898438e+00 -1.173490881919860840e+00 -1.992107391357421875e+00 -2.426168203353881836e+00 -4.116281986236572266e+00 8.334896564483642578e-01 -1.709415316581726074e+00 2.528061628341674805e+00 2.754601478576660156e+00 -1.870539903640747070e+00 1.792951464653015137e+00 -5.368360519409179688e+00 -1.272962212562561035e+00 -3.191924095153808594e+00 -3.245249986648559570e+00 -2.976188063621520996e-01 7.161691784858703613e-02 7.668715715408325195e-01 3.587907314300537109e+00 1.082641243934631348e+00 -1.231810688972473145e+00
-4.157016372680664062e+01 3.419871091842651367e+00 7.320183515548706055e-01 -1.575858020782470703e+01 -8.027495384216308594e+00 -4.491964817047119141e+00 -1.882750749588012695e+00 -3.114521980285644531e+00 -4.312760353088378906e+00 -7.409926414489746094e+00 6.397209167480468750e-01 9.702745079994201660e-01 1.104922771453857422e+00 5.682447910308837891e+00 8.030421257019042969e+00 5.212009429931640625e+00 -4.488457679748535156e+00 -3.413414716720581055e+00 -4.821891307830810547e+00 1.636659622192382812e+00 1.568517684936523438e+00 7.291222095489501953e+00 1.048278093338012695e+00 -8.417831063270568848e-01 9.526163101196289062e+00 -9.671026229858398438e+00 8.376429557800292969e+00 -6.502954006195068359e+00 -3.577359914779663086e+00 1.256085157394409180e+00 2.171222448348999023e+00 -3.475008964538574219e+00 -6.285407066345214844e+00 2.778138399124145508e+00 -1.624308586120605469e+00 5.525094032287597656e+00 4.715092182159423828e+00 1.795241713523864746e+00 3.156915307044982910e-01 2.174272775650024414e+00 -9.647005081176757812e+00 4.876154899597167969e+00 1.395287066698074341e-01 7.586143970489501953e+00 -6.922988414764404297e+00 2.073479413986206055e+00 -7.823227047920227051e-01 -2.183366537094116211e+00 1.362974643707275391e+00 -7.682673931121826172e+00 -8.581430435180664062e+00 -8.173228502273559570e-01 7.746712207794189453e+00 -1.395792603492736816e+00 5.036014556884765625e+00 -3.217095375061035156e+00 5.582860946655273438e+00 5.350018501281738281e+00 -6.916529685258865356e-02 -6.695906519889831543e-01 5.199546337127685547e+00 -4.570886194705963135e-01 1.116053462028503418e+00 -1.768844962120056152e+00 6.080015659332275391e+00 5.302741527557373047e-01 2.445516824722290039e+00 -3.792162895202636719e+00 4.642842292785644531e+00 4.601653575897216797e+00 1.730155467987060547e+00 -1.156015038490295410e+00 9.175893664360046387e-01 3.670947551727294922e-01 -2.856808662414550781e+00 -3.464176654815673828e-01 -3.895599842071533203e+00 -2.780889034271240234e+00 -1.026131749153137207e+00 -7.652775049209594727e-01 -3.872418880462646484e+00 -2.864193916320800781e+00 -3.289075613021850586e+00 2.920394659042358398e+00 2.402087301015853882e-01 -2.533782005310058594e+00 -5.095762252807617188e+00 1.042961001396179199e+00 1.042754173278808594e+00 5.178917884826660156e+00 -8.043982505798339844e+00 -1.798866316676139832e-02 -8.661458492279052734e-01 7.284930348396301270e-01 -3.136315107345581055e+00 -1.449714899063110352e+00 -1.983019113540649414e+00 -5.907764911651611328e+00 -1.177281618118286133e+00 4.302903652191162109e+00
-3.274858093261718750e+01 1.018995881080627441e+00 4.563917815685272217e-01 -1.546707820892333984e+01 2.793399810791015625e+00 -1.587427496910095215e+00 7.875921726226806641e-01 4.875417232513427734e+00 -2.003471851348876953e+00 3.453592777252197266e+00 -2.085593461990356445e+00 3.013260841369628906e+00 -3.056475639343261719e+00 1.871082425117492676e+00 1.288126182556152344e+01 -6.031885623931884766e+00 3.051377534866333008e+00 -3.415757417678833008e-01 5.278044700622558594e+00 -5.854184627532958984e-01 -2.108713090419769287e-01 4.234607696533203125e+00 -6.823620319366455078e+00 -1.101977062225341797e+01 -6.560446262359619141e+00 3.718871593475341797e+00 4.972817897796630859e+00 7.696190834045410156e+00 6.554650783538818359e+00 -8.192234039306640625e+00 -5.510204315185546875e+00 9.359388351440429688e+00 -2.451263427734375000e+00 9.540751457214355469e+00 5.347291469573974609e+00 -6.259592056274414062e+00 -6.314879894256591797e+00 8.914113044738769531e-01 9.266909360885620117e-01 5.246281623840332031e+00 -1.026469588279724121e+00 1.869276165962219238e-01 3.054977416992187500e+00 7.803808450698852539e-01 6.975748538970947266e+00 -3.503724575042724609e+00 -4.644851207733154297e+00 2.738034427165985107e-01 2.750334978103637695e+00 5.617194652557373047e+00 3.140211343765258789e+00 3.909327745437622070e+00 -2.994447946548461914e+00 -2.408184766769409180e+00 -6.399316310882568359e+00 -5.680642604827880859e+00 -1.623359203338623047e+00 -2.714556932449340820e+00 -1.130475878715515137e+00 -3.936720609664916992e+00 2.689570188522338867e+00 5.550724983215332031e+00 8.788844943046569824e-01 -5.623862743377685547e-01 1.656332850456237793e+00 -9.834305047988891602e-01 1.402078270912170410e+00 -4.561473846435546875e+00 6.926792860031127930e-01 -3.003994703292846680e+00 3.464366436004638672e+00 2.397738218307495117e+00 -2.313413858413696289e+00 -2.499132871627807617e+00 2.617062807083129883e+00 5.097212314605712891e+00 3.561435222625732422e+00 3.796931982040405273e+00 4.036229133605957031e+00 2.502006053924560547e+00 -2.714520931243896484e+00 5.795126914978027344e+00 3.354554891586303711e+00 -5.871500492095947266e+00 -4.350852370262145996e-01 3.246410369873046875e+00 -7.045187950134277344e-01 -2.159676551818847656e+00 -3.970645427703857422e+00 -6.093531131744384766e+00 -2.343831062316894531e-01 3.791005373001098633e+00 -6.649169921875000000e+00 1.315471649169921875e+00 -1.988016217947006226e-01 -3.087535142898559570e+00 -5.501770973205566406e+00 -7.721990942955017090e-01 -3.377496957778930664e+00 -2.512568712234497070e+00
-4.219533920288085938e+01 5.768195152282714844e+00 1.075341939926147461e+00 -4.761413097381591797e+00 -4.897236347198486328e+00 7.383907794952392578e+00 2.021661281585693359e+00 5.331005096435546875e+00 -2.753504037857055664e+00 -2.178692817687988281e+00 1.431681632995605469e+00 5.631228923797607422e+00 4.636109352111816406e+00 -5.101748466491699219e+00 4.253000259399414062e+00 -2.166030883789062500e+00 1.114941596984863281e+01 -2.685289382934570312e-01 3.767363786697387695e+00 -2.593414545059204102e+00 3.929508209228515625e+00 7.827909946441650391e+00 3.741620481014251709e-01 -1.853727698326110840e+00 1.971983551979064941e+00 2.362527370452880859e+00 -1.657910943031311035e+00 4.669636726379394531e+00 2.038179636001586914e+00 1.787171363830566406e+00 -4.880019187927246094e+00 6.478700160980224609e+00 -1.654780149459838867e+00 1.860661029815673828e+00 3.823405504226684570e+00 1.411239385604858398e+00 3.213753938674926758e+00 3.593989133834838867e+00 2.533172130584716797e+00 2.782857120037078857e-01 -5.122637748718261719e+00 2.400897741317749023e+00 -8.385206460952758789e-01 9.823002219200134277e-01 -1.043051338195800781e+01 -7.992225289344787598e-01 4.019986629486083984e+00 9.498898506164550781e+00 -1.197046637535095215e+00 -4.168214499950408936e-01 6.832341194152832031e+00 -3.849732398986816406e+00 -3.630956888198852539e+00 4.960221290588378906e+00 -5.831162452697753906e+00 -5.290781497955322266e+00 -3.861714601516723633e+00 -6.262345790863037109e+00 2.977926731109619141e+00 -2.049500942230224609e+00 1.663599371910095215e+00 1.299597620964050293e+00 -4.989951133728027344e+00 -1.769173502922058105e+00 1.935638546943664551e+00 -1.734233856201171875e+00 -1.208180427551269531e+00 -6.562311649322509766e-01 -6.841284036636352539e-01 4.529631614685058594e+00 -3.459785461425781250e+00 -2.583090543746948242e+00 6.484527111053466797e+00 7.042715072631835938e+00 6.601440310478210449e-01 -5.317634105682373047e+00 5.750598430633544922e+00 2.429193854331970215e-01 2.262599706649780273e+00 2.714326381683349609e+00 -4.894270420074462891e+00 3.026159048080444336e+00 4.292385101318359375e+00 -3.381689786911010742e+00 1.166923165321350098e+00 -1.087234243750572205e-01 -3.951692104339599609e+00 -6.306807041168212891e+00 1.434814184904098511e-01 1.269541382789611816e+00 1.589356422424316406e+00 3.244507789611816406e+00 7.011206746101379395e-01 -1.899324774742126465e+00 2.869433403015136719e+00 1.416876435279846191e+00 4.394077777862548828e+00 4.159939587116241455e-01 4.767143726348876953e+00 -3.309360742568969727e+00
-4.059312057495117188e+01 1.483679175376892090e+00 3.451153039932250977e+00 -2.048523330688476562e+01 -6.239275932312011719e-01 5.330449104309082031e+00 -3.982929229736328125e+00 8.159668922424316406e+00 -8.546638488769531250e+00 5.833037376403808594e+00 -1.673914313316345215e+00 -1.885427474975585938e+00 -4.027149677276611328e+00 -1.409253120422363281e+00 -2.032254457473754883e+00 -4.779708012938499451e-02 2.492631196975708008e+00 1.758014082908630371e+00 -5.894088268280029297e+00 2.323364973068237305e+00 -3.564752638339996338e-01 1.700453996658325195e+00 3.202696323394775391e+00 -1.024982690811157227e+00 4.729089438915252686e-01 2.515820264816284180e+00 -5.388275384902954102e-01 2.796933412551879883e+00 5.275180816650390625e+00 -6.139852046966552734e+00 -3.163686990737915039e+00 5.856854915618896484e+00 5.453121662139892578e+00 -6.390744447708129883e-01 1.850821673870086670e-01 -1.040997385978698730e+00 -3.035076856613159180e+00 -1.096429944038391113e+00 -1.417291998863220215e+00 -1.797872900962829590e+00 -5.351989269256591797e+00 2.097928285598754883e+00 2.695712566375732422e+00 1.089498281478881836e+00 -4.198495388031005859e+00 -1.802099585533142090e+00 -3.114917516708374023e+00 1.884673476219177246e+00 5.359044551849365234e+00 -8.787953376770019531e+00 -1.325519979000091553e-01 -1.697506427764892578e+00 -1.737569332122802734e+00 -7.178408622741699219e+00 3.013717889785766602e+00 -4.236321449279785156e+00 4.920432567596435547e+00 1.060411334037780762e+00 2.392262935638427734e+00 -1.602054387331008911e-01 -2.361336946487426758e-01 3.624854803085327148e+00 5.685170292854309082e-01 -1.288013100624084473e+00 -2.312808990478515625e+00 1.007962107658386230e+00 -2.190493106842041016e+00 -8.958686590194702148e-01 -1.566117256879806519e-01 -3.037302970886230469e+00 -2.345023870468139648e+00 3.906320810317993164e+00 4.679857254028320312e+00 -1.519561290740966797e+00 4.829350948333740234e+00 -9.625838994979858398e-01 6.749169230461120605e-01 -6.852275371551513672e+00 6.110995292663574219e+00 4.753652572631835938e+00 3.416503071784973145e-01 -4.891210198402404785e-01 5.128621101379394531e+00 -4.602130413055419922e+00 -2.736433029174804688e+00 3.060204744338989258e+00 -8.947157263755798340e-01 -1.965717434883117676e+00 2.612128019332885742e+00 1.503214716911315918e+00 -2.342492818832397461e+00 5.488349199295043945e-01 -1.692102998495101929e-01 1.884993553161621094e+00 3.859372615814208984e+00 -3.068033218383789062e+00 5.035603046417236328e+00 -6.454236984252929688e+00 1.465398311614990234e+00 4.476980686187744141e+00
-3.639949035644531250e+01 2.224894762039184570e+00 5.003151893615722656e+00 -1.927734947204589844e+01 4.302759647369384766e+00 1.358976936340332031e+01 -1.424621462821960449e+00 2.355862379074096680e+00 -9.234738349914550781e+00 9.455366134643554688e+00 8.286122083663940430e-01 -2.552955150604248047e+00 2.075956106185913086e+00 -3.760528802871704102e+00 -3.709870815277099609e+00 3.107499599456787109e+00 1.267281436920166016e+01 1.044667124748229980e+00 -1.074460697174072266e+01 4.110254764556884766e+00 4.977313995361328125e+00 -4.853838920593261719e+00 2.793792247772216797e+00 -2.257704496383666992e+00 1.228243350982666016e+00 -2.791285753250122070e+00 4.553579688072204590e-01 7.778610706329345703e+00 3.174185276031494141e+00 -5.368578433990478516e+00 -4.990300178527832031e+00 -6.072185039520263672e+00 -3.513562083244323730e-01 1.087745475769042969e+01 -2.727628707885742188e+00 6.291984081268310547e+00 2.126051425933837891e+00 -1.889395952224731445e+00 -5.945629119873046875e+00 1.875210523605346680e+00 4.301588833332061768e-01 4.229106903076171875e+00 4.595902562141418457e-01 -6.004631519317626953e+00 -1.667896628379821777e+00 -4.493311882019042969e+00 -3.541115283966064453e+00 1.446208953857421875e-01 3.632286548614501953e+00 -5.270833373069763184e-01 1.135104447603225708e-01 2.723820924758911133e+00 -4.488889217376708984e+00 -1.744205951690673828e+00 9.887770414352416992e-01 2.691506147384643555e-01 -4.357690334320068359e+00 -3.842493057250976562e+00 1.895636081695556641e+00 -4.959465980529785156e+00 -2.360678195953369141e+00 2.217195510864257812e+00 9.519648551940917969e-01 3.504843473434448242e+00 2.869455218315124512e-01 -4.027555942535400391e+00 -2.301332235336303711e+00 6.518274784088134766e+00 4.758337140083312988e-01 -2.815832853317260742e+00 -2.121919631958007812e+00 -4.654802799224853516e+00 -3.697177410125732422e+00 -2.682152032852172852e+00 -4.942986965179443359e+00 5.806625843048095703e+00 -4.581869602203369141e+00 3.654250204563140869e-01 -6.587359905242919922e-01 -1.279682159423828125e+00 -4.643056869506835938e+00 -4.360584259033203125e+00 -1.654392242431640625e+00 -2.758939981460571289e+00 -2.313014492392539978e-02 -3.570140361785888672e+00 1.541192531585693359e+00 3.967730283737182617e+00 -1.299266576766967773e+00 -3.709330558776855469e+00 -6.224128007888793945e-01 3.245573043823242188e+00 -3.894561767578125000e+00 -2.968662679195404053e-01 -2.549388408660888672e-01 -4.056388378143310547e+00 3.784763097763061523e+00 4.038406372070312500e+00 -2.330711036920547485e-01 -2.674789428710937500e+00
-3.110774803161621094e+01 4.114131927490234375e-01 -2.047587633132934570e+00 -1.343421745300292969e+01 1.089968562126159668e+00 -4.082692623138427734e+00 -4.564413547515869141e+00 1.057960510253906250e+01 1.147580528259277344e+01 3.535125017166137695e+00 6.839641094207763672e+00 -1.337208449840545654e-01 6.230517864227294922e+00 4.477018833160400391e+00 -7.367325305938720703e+00 4.350722789764404297e+00 -1.681797981262207031e+00 -4.862717628479003906e+00 2.077111482620239258e+00 2.512178719043731689e-01 1.966752529144287109e+00 4.332567691802978516e+00 1.354306697845458984e+00 -2.221158504486083984e+00 3.388428688049316406e-01 -1.123893499374389648e+00 -1.097802281379699707e+00 4.318048477172851562e+00 5.189915657043457031e+00 5.305836677551269531e+00 -4.804351031780242920e-01 1.799564719200134277e+00 8.495146751403808594e+00 -4.711254239082336426e-01 1.093489050865173340e+00 -7.180458068847656250e+00 -5.889979362487792969e+00 1.850695312023162842e-01 -6.799908876419067383e-01 -6.142114400863647461e-01 -3.767255067825317383e+00 5.672933101654052734e+00 -2.338847637176513672e+00 -7.819546014070510864e-02 2.269799709320068359e+00 -3.010840654373168945e+00 4.271115779876708984e+00 -7.858248233795166016e+00 9.557632446289062500e+00 2.673395872116088867e+00 -5.303515791893005371e-01 -1.649436593055725098e+00 -1.107767963409423828e+01 2.543573379516601562e-01 8.739320561289787292e-03 -8.883493393659591675e-02 -1.573255658149719238e+00 -7.228052020072937012e-01 8.923364281654357910e-01 3.413933753967285156e+00 -1.506736576557159424e-01 7.364668697118759155e-02 -3.336570739746093750e+00 -2.125759601593017578e+00 -3.185682464390993118e-03 -5.252939701080322266e+00 2.963148832321166992e+00 -5.131606578826904297e+00 5.735072135925292969e+00 -1.114153861999511719e+00 3.293831825256347656e+00 -7.280896902084350586e-01 1.782313466072082520e+00 -1.495048999786376953e+00 -1.070467948913574219e+00 4.465060830116271973e-01 -4.003172397613525391e+00 1.182172298431396484e+00 2.774635553359985352e+00 1.074098825454711914e+00 4.264392852783203125e+00 2.549706220626831055e+00 1.929613828659057617e+00 1.706218004226684570e+00 2.703822374343872070e+00 -8.423244953155517578e-02 2.281896591186523438e+00 -3.214684247970581055e+00 2.305347681045532227e+00 -1.542106419801712036e-01 1.545593976974487305e+00 -4.361417293548583984e+00 1.360226869583129883e+00 8.022503852844238281e-01 9.861130714416503906e-01 1.195570707321166992e+00 3.254354298114776611e-01 3.093513488769531250e+00 -2.121649503707885742e+00 -4.232537150382995605e-01
-3.342831802368164062e+01 -1.746165513992309570e+00 1.594096183776855469e+00 -1.247483730316162109e+01 -4.445456027984619141e+00 -3.890522956848144531e+00 3.477265596389770508e+00 1.867969512939453125e+00 -2.271039962768554688e+00 2.982811927795410156e+00 -4.344939708709716797e+00 -7.920206785202026367e-01 5.302494525909423828e+00 -4.702443122863769531e+00 4.290145874023437500e+00 6.486790180206298828e+00 5.776960372924804688e+00 4.866384506225585938e+00 1.542348742485046387e+00 -2.556747674942016602e+00 -8.650261878967285156e+00 1.596290946006774902e+00 5.176999568939208984e+00 2.569155693054199219e-01 -3.504102706909179688e+00 9.359386444091796875e+00 -6.171041011810302734e+00 -8.523226529359817505e-02 6.461948871612548828e+00 -2.967041969299316406e+00 1.280895113945007324e+00 -1.618637442588806152e+00 1.897433876991271973e+00 2.820811033248901367e+00 6.479800701141357422e+00 6.987808942794799805e-01 -7.536312580108642578e+00 -7.096585273742675781e+00 5.914016246795654297e+00 -1.784754395484924316e+00 7.456599235534667969e+00 -4.526271522045135498e-01 -8.898459434509277344e+00 -8.141517639160156250e-02 9.310048818588256836e-01 -3.004839181900024414e+00 9.115627288818359375e+00 2.880931138992309570e+00 -3.320826292037963867e+00 -6.778745651245117188e+00 -5.080631732940673828e+00 -6.835432052612304688e-01 -1.807712197303771973e+00 2.781558275222778320e+00 6.548810958862304688e+00 1.191592663526535034e-01 -4.429224014282226562e+00 -2.543923854827880859e+00 -4.205296993255615234e+00 -2.996485233306884766e-01 3.502184748649597168e-01 -3.677881479263305664e+00 6.737150192260742188e+00 -4.395831584930419922e+00 2.608593940734863281e+00 5.403578758239746094e+00 -5.609789490699768066e-01 6.711381912231445312e+00 6.131249904632568359e+00 2.296741724014282227e+00 -4.673785269260406494e-01 -8.387265801429748535e-01 2.216156005859375000e+00 2.270959019660949707e-01 2.645715475082397461e+00 1.986752629280090332e+00 8.178531527519226074e-01 9.615232348442077637e-01 -1.890209197998046875e+00 3.343299150466918945e+00 -5.359972953796386719e+00 4.138178825378417969e+00 -1.548661589622497559e+00 1.951296091079711914e+00 -4.244424343109130859e+00 -2.649288773536682129e-01 2.312569856643676758e+00 -7.004942893981933594e+00 -1.450689911842346191e+00 -1.232712149620056152e+00 3.259069919586181641e+00 -7.796323299407958984e-01 5.933791995048522949e-01 -1.519592523574829102e+00 6.523867696523666382e-02 4.487281143665313721e-01 -1.045051455497741699e+00 -1.531437754631042480e+00 -5.486401915550231934e-01 3.533875465393066406e+00
-3.809426498413085938e+01 -1.324773430824279785e+00 5.880857467651367188e+00 -1.911618232727050781e+01 3.349715709686279297e+00 -2.754230260848999023e+00 -1.501425743103027344e+00 3.364141225814819336e+00 1.239149093627929688e+00 -5.548201799392700195e-01 -3.176719188690185547e+00 -3.627771377563476562e+00 3.443894863128662109e+00 4.049257636070251465e-01 -1.865897536277770996e+00 1.438400268554687500e+00 1.862243264913558960e-01 1.411284953355789185e-01 -1.571684956550598145e+00 5.997189044952392578e+00 -3.856316804885864258e+00 -5.087856650352478027e-01 -6.927020549774169922e-01 6.175228118896484375e+00 -4.077801704406738281e+00 -4.079589366912841797e+00 5.449295639991760254e-01 1.187061429023742676e+00 2.448304891586303711e+00 -2.609890460968017578e+00 3.354034185409545898e+00 2.506619453430175781e+00 -1.662754893302917480e+00 8.219560384750366211e-01 4.387997388839721680e-01 3.016567230224609375e+00 2.344566345214843750e+00 -7.467041492462158203e+00 6.481026649475097656e+00 -1.685920119285583496e+00 1.397334486246109009e-01 3.651700735092163086e+00 1.169027909636497498e-01 -6.789629459381103516e+00 7.741218805313110352e-01 9.358201622962951660e-01 4.867298126220703125e+00 -9.005270004272460938e-01 -4.386526584625244141e+00 6.053470134735107422e+00 -2.647882699966430664e-01 8.827906250953674316e-01 5.008963584899902344e+00 -1.655211925506591797e+00 -7.887244701385498047e+00 9.273785352706909180e-01 1.225305557250976562e+00 9.867506623268127441e-01 2.861394166946411133e+00 3.907728672027587891e+00 5.561716556549072266e-01 4.608943164348602295e-01 1.621472835540771484e+00 -4.644589900970458984e+00 -1.950345933437347412e-02 4.016521871089935303e-01 5.019080638885498047e-01 -3.178691864013671875e+00 1.305716753005981445e+00 -9.147333353757858276e-02 -4.479653358459472656e+00 2.030491828918457031e+00 -4.152381122112274170e-01 2.465027570724487305e+00 3.589971661567687988e-01 -1.758326053619384766e+00 -4.734336853027343750e+00 2.499834537506103516e+00 3.785539269447326660e-01 2.797134876251220703e+00 -5.443795680999755859e+00 4.835733890533447266e+00 -3.778283894062042236e-01 -2.215019613504409790e-01 -5.394944667816162109e+00 -3.579862043261528015e-02 -3.269486904144287109e+00 1.570148348808288574e+00 -1.316486448049545288e-01 -1.631304502487182617e+00 3.898705005645751953e+00 -8.733114004135131836e-01 -5.118402957916259766e+00 5.095604419708251953e+00 7.630972862243652344e-01 5.056766986846923828e+00 5.323210239410400391e+00 3.323905944824218750e+00 8.853916525840759277e-01 -9.828406572341918945e-01
-3.712400817871093750e+01 -1.235046386718750000e+00 1.492688059806823730e+00 -2.223120498657226562e+01 -5.485180854797363281e+00 -5.463481903076171875e+00 -7.554988384246826172e+00 1.786098778247833252e-01 1.610240787267684937e-01 -6.048304438591003418e-01 -1.941994547843933105e+00 5.730026721954345703e+00 -2.637856006622314453e-01 2.697534322738647461e+00 -3.561008870601654053e-01 7.082598209381103516e+00 -4.563350677490234375e+00 -4.203284263610839844e+00 -7.172576904296875000e+00 4.307354450225830078e+00 -6.022912263870239258e-02 -1.387244343757629395e+00 8.088635444641113281e+00 1.103616809844970703e+01 -6.276848793029785156e+00 -7.433417797088623047e+00 1.844286203384399414e+00 -5.396883487701416016e+00 1.061575412750244141e+01 -3.513616323471069336e+00 -2.268881559371948242e+00 -1.049720168113708496e+00 7.025633811950683594e+00 3.539661169052124023e+00 2.145476192235946655e-01 1.961666345596313477e+00 -1.959902763366699219e+00 -2.965398550033569336e+00 5.635867118835449219e+00 -7.743284225463867188e+00 -4.194108963012695312e+00 -5.455141544342041016e+00 1.338340759277343750e+00 -3.878512144088745117e+00 -2.707476615905761719e+00 -1.790374517440795898e+00 4.936755299568176270e-01 -2.045339345932006836e+00 -3.351769208908081055e+00 9.158938407897949219e+00 -4.553770542144775391e+00 1.680692732334136963e-01 -1.336261987686157227e+00 1.696887135505676270e+00 -2.341172218322753906e+00 1.450282216072082520e+00 -5.692556858062744141e+00 -7.448672771453857422e+00 -2.424430608749389648e+00 -3.253756523132324219e+00 -1.707350730895996094e+00 2.741080284118652344e+00 3.071684837341308594e+00 9.221020340919494629e-01 -2.209855318069458008e-01 -2.723185539245605469e+00 -2.628584861755371094e+00 -1.829993605613708496e+00 7.924944758415222168e-01 2.799452543258666992e+00 -3.744593143463134766e+00 -4.580828189849853516e+00 8.505004048347473145e-01 1.323783993721008301e+00 4.531599521636962891e+00 -4.003386497497558594e+00 2.653290033340454102e+00 -2.381028413772583008e+00 -2.000019073486328125e+00 -1.293849349021911621e-01 2.037977725267410278e-01 -3.988620340824127197e-01 1.096487164497375488e+00 1.956699967384338379e+00 1.534482479095458984e+00 4.415103435516357422e+00 -9.990923404693603516e-01 4.545043945312500000e+00 -3.156656742095947266e+00 5.949709415435791016e-01 2.703784704208374023e+00 4.968784332275390625e+00 -3.789842128753662109e+00 -5.054991245269775391e-01 -4.371838569641113281e+00 -5.526875257492065430e-01 4.012428283691406250e+00 -3.706416487693786621e-01 -2.304427385330200195e+00 -4.662493765354156494e-01
-3.131742286682128906e+01 -4.097530841827392578e+00 5.893374085426330566e-01 -1.207404136657714844e+01 3.193923711776733398e+00 -6.824718952178955078e+00 -6.560419082641601562e+00 9.784748077392578125e+00 1.067935085296630859e+01 -5.978728771209716797e+00 -8.248345255851745605e-01 2.543170928955078125e+00 5.362788677215576172e+00 -3.291764557361602783e-01 8.192510604858398438e+00 5.264508724212646484e+00 2.979630827903747559e-01 -2.845833063125610352e+00 -3.253651142120361328e+00 -8.731006085872650146e-02 -7.275190353393554688e+00 2.270795822143554688e+00 -7.718069553375244141e-01 9.310818672180175781e+00 -3.585728645324707031e+00 7.263029217720031738e-01 -2.299377202987670898e+00 7.430685758590698242e-01 5.295815467834472656e+00 1.765468120574951172e+00 -5.570106029510498047e+00 -1.702939867973327637e-01 -3.031681537628173828e+00 -9.291486740112304688e+00 1.547505378723144531e+00 -1.441314220428466797e+00 1.002934646606445312e+01 2.716866731643676758e+00 -3.058884143829345703e-01 4.580863952636718750e+00 -1.270172834396362305e+00 -1.056045770645141602e+00 -9.496784210205078125e-01 3.684465885162353516e+00 4.050844192504882812e+00 1.222537636756896973e+00 -2.436846017837524414e+00 2.590806722640991211e+00 5.370894908905029297e+00 1.135177803039550781e+01 -1.465178430080413818e-01 3.930525302886962891e+00 9.424667954444885254e-01 4.913160324096679688e+00 -6.532593250274658203e+00 -6.154978647828102112e-02 1.965239882469177246e+00 1.073803067207336426e+00 2.934265851974487305e+00 2.353615045547485352e+00 3.877876996994018555e+00 -4.885235786437988281e+00 -2.868849992752075195e+00 2.566397666931152344e+00 -5.041361451148986816e-01 -2.443432658910751343e-01 -1.658672809600830078e+00 9.329776465892791748e-02 4.909724235534667969e+00 2.781581640243530273e+00 -3.288396596908569336e+00 -2.753165483474731445e+00 -2.959194421768188477e+00 5.875041007995605469e+00 2.173674106597900391e+00 -6.147607803344726562e+00 2.834684610366821289e+00 2.071965217590332031e+00 1.482793688774108887e+00 1.583274483680725098e+00 -1.292578935623168945e+00 1.358638525009155273e+00 1.890502572059631348e+00 6.244603078812360764e-03 6.913281083106994629e-01 1.993374586105346680e+00 -2.817468404769897461e+00 1.589231640100479126e-01 7.754711508750915527e-01 2.093612998723983765e-01 -3.744689822196960449e-01 5.056282520294189453e+00 1.741994380950927734e+00 -1.119719266891479492e+00 -7.815441489219665527e-01 -3.838082075119018555e+00 -5.113061666488647461e-01 6.258434057235717773e-01 -7.367835044860839844e-01 1.398578166961669922e+00
-4.330990219116210938e+01 -3.047544360160827637e-01 8.344683647155761719e+00 -1.933773994445800781e+01 -3.406398296356201172e+00 1.240464019775390625e+01 -2.072340250015258789e+00 6.149384975433349609e+00 1.051834464073181152e+00 8.046156883239746094e+00 -5.305604457855224609e+00 -1.804881215095520020e+00 -2.892108678817749023e+00 2.225700139999389648e+00 1.051888227462768555e+00 1.407247543334960938e+00 -7.296269536018371582e-01 -6.904997825622558594e+00 -3.731113910675048828e+00 5.413408279418945312e+00 7.265449762344360352e-01 -1.691656231880187988e+00 -6.198163032531738281e+00 -1.562135219573974609e-01 -2.878569364547729492e+00 2.554128408432006836e+00 3.915000438690185547e+00 2.417313575744628906e+00 6.307841777801513672e+00 3.521746158599853516e+00 6.853408813476562500e+00 4.473493099212646484e+00 -1.402046442031860352e+00 1.841450691223144531e+00 -5.712599277496337891e+00 1.796024322509765625e+00 -2.174003124237060547e+00 3.227966427803039551e-01 4.485927581787109375e+00 -1.558073282241821289e+00 6.100133419036865234e+00 8.044221878051757812e+00 -9.531986713409423828e-02 8.097544670104980469e+00 5.308222293853759766e+00 -1.526699960231781006e-01 5.501571178436279297e+00 4.618903636932373047e+00 -1.153804779052734375e+00 3.408798217773437500e+00 -4.833435058593750000e+00 3.385658025741577148e+00 -1.734117627143859863e+00 2.683678388595581055e+00 -3.172744274139404297e+00 -4.751406192779541016e+00 5.007675647735595703e+00 4.347520351409912109e+00 2.715307712554931641e+00 -8.145023882389068604e-02 -1.789866805076599121e+00 3.950761258602142334e-01 -2.945993661880493164e+00 3.015601396560668945e+00 5.120034217834472656e+00 -5.334498882293701172e+00 -4.200203418731689453e+00 1.990687847137451172e+00 -5.655112743377685547e+00 1.378204703330993652e+00 -4.364966869354248047e+00 -2.135295152664184570e+00 5.327603816986083984e+00 8.984344005584716797e-01 -2.902384519577026367e+00 -4.135331809520721436e-01 -1.909581899642944336e+00 -3.412406921386718750e+00 1.250315666198730469e+00 -7.450358271598815918e-01 -6.450538039207458496e-01 1.583382040262222290e-01 -5.504072904586791992e-01 2.063450098037719727e+00 3.348897457122802734e+00 -1.325221419334411621e+00 -4.898864269256591797e+00 1.547818541526794434e+00 -6.217620968818664551e-01 1.646260023117065430e+00 -2.672502040863037109e+00 -1.233600258827209473e+00 -1.248019412159919739e-01 3.091521263122558594e+00 1.221538662910461426e+00 -3.105188608169555664e+00 4.413206577301025391e+00 -1.358064770698547363e+00 1.995953202247619629e+00 -1.923040747642517090e+00
-4.105789184570312500e+01 3.085602521896362305e+00 5.422485351562500000e+00 -7.091632843017578125e+00 -7.104263782501220703e+00 -7.305674552917480469e+00 -6.488854885101318359e-01 3.885408639907836914e+00 -4.128532886505126953e+00 -3.536316633224487305e+00 -1.395175457000732422e+00 -7.184944629669189453e+00 -3.535445690155029297e+00 1.573953986167907715e+00 4.084622383117675781e+00 -5.018755435943603516e+00 -1.288526415824890137e+00 5.701344966888427734e+00 1.432907938957214355e+00 8.884947776794433594e+00 -3.879056274890899658e-01 -3.156737804412841797e+00 -3.550470352172851562e+00 -7.028253555297851562e+00 -9.653717279434204102e-01 -2.917099475860595703e+00 -6.061581611633300781e+00 -4.813389778137207031e+00 4.156636714935302734e+00 4.728394508361816406e+00 -9.833641052246093750e+00 -2.907313108444213867e+00 -6.799742698669433594e+00 1.484117150306701660e+00 5.332828998565673828e+00 -3.022517442703247070e+00 5.637720584869384766e+00 -1.866928219795227051e+00 6.397493839263916016e+00 3.545626103878021240e-01 -6.158875823020935059e-01 2.162327051162719727e+00 -2.989161491394042969e+00 1.981338620185852051e+00 -1.664443135261535645e+00 2.392587959766387939e-01 4.747535705566406250e+00 6.704033374786376953e+00 -1.419794917106628418e+00 3.521352767944335938e+00 -4.279380321502685547e+00 5.056321144104003906e+00 4.503497600555419922e+00 2.928513288497924805e+00 -7.816411495208740234e+00 -5.208064913749694824e-01 -8.574398756027221680e-01 2.349838256835937500e+00 -6.586143970489501953e+00 -3.448087453842163086e+00 1.326653122901916504e+00 3.711871147155761719e+00 1.319029211997985840e+00 -4.003646373748779297e+00 -7.454349994659423828e+00 -5.936362743377685547e+00 7.380799055099487305e-01 -4.868820190429687500e+00 1.609642505645751953e+00 -9.360339045524597168e-01 1.707448720932006836e+00 -1.221874475479125977e+00 -3.040258407592773438e+00 -9.155491590499877930e-01 1.779683709144592285e+00 1.767952203750610352e+00 -2.494318008422851562e+00 4.701945781707763672e+00 9.777098894119262695e-01 2.499608546495437622e-01 -2.604971408843994141e+00 -2.131158828735351562e+00 -1.424002289772033691e+00 -1.566671252250671387e+00 2.238801717758178711e+00 -2.466562986373901367e+00 -1.911472916603088379e+00 -3.008848190307617188e+00 3.929652690887451172e+00 3.348700284957885742e+00 3.006270170211791992e+00 4.621549606323242188e+00 2.880727052688598633e+00 5.507588982582092285e-01 -3.904460430145263672e+00 2.038763463497161865e-01 -2.033168077468872070e+00 2.267401695251464844e+00 -3.162442922592163086e+00 2.366384983062744141e+00
-2.947601890563964844e+01 -1.007660770416259766e+01 6.647958278656005859e+00 -2.250184440612792969e+01 -1.819188833236694336e+00 7.805316925048828125e+00 -5.549478054046630859e+00 6.936737060546875000e+00 4.118850231170654297e-01 4.195405483245849609e+00 -5.346117973327636719e+00 -9.832869529724121094e+00 -7.246636152267456055e-01 7.986077666282653809e-01 -7.273618221282958984e+00 3.399268865585327148e+00 -6.230183601379394531e+00 -2.233721733093261719e+00 -1.618068695068359375e+00 5.310825347900390625e+00 8.677628040313720703e-01 -2.841260194778442383e+00 8.079236745834350586e-01 -4.149111270904541016e+00 -2.970088005065917969e+00 -7.366172075271606445e-01 -5.091320514678955078e+00 -7.585802555084228516e+00 -3.826320171356201172e+00 -2.765229463577270508e+00 5.386516571044921875e+00 1.931350588798522949e+00 -7.916840076446533203e+00 -2.522265911102294922e+00 7.577854633331298828e+00 -6.013776302337646484e+00 -4.143513679504394531e+00 -6.140076160430908203e+00 1.931717753410339355e+00 -5.440036654472351074e-01 1.950968265533447266e+00 -3.270612239837646484e+00 7.467885971069335938e+00 -6.467899680137634277e-02 -3.323226690292358398e+00 3.430185794830322266e+00 -9.019009470939636230e-01 5.083523273468017578e+00 1.531604528427124023e+00 -2.004318237304687500e+00 4.928527176380157471e-01 -3.732106447219848633e+00 -1.866524219512939453e+00 1.492712140083312988e+00 -1.887895107269287109e+00 -2.545604467391967773e+00 -7.785756140947341919e-02 -1.727771520614624023e+00 5.059301853179931641e-01 4.883001804351806641e+00 -1.044314861297607422e+00 1.868643045425415039e+00 -2.299699306488037109e+00 1.683290958404541016e+00 2.545109272003173828e+00 5.898675441741943359e+00 4.948842525482177734e+00 -4.271079540252685547e+00 4.029007434844970703e+00 4.925279140472412109e+00 6.629184722900390625e+00 -6.627623438835144043e-01 -8.213933706283569336e-01 -2.532602787017822266e+00 -5.352680683135986328e+00 5.421796441078186035e-01 4.376200675964355469e+00 5.867060273885726929e-02 -4.721334934234619141e+00 8.810129016637802124e-02 -1.349771857261657715e+00 1.715848565101623535e+00 -1.417443275451660156e+00 -3.542311668395996094e+00 -1.337960958480834961e+00 2.107153892517089844e+00 3.132317066192626953e+00 3.955730676651000977e+00 -1.484114050865173340e+00 4.195288181304931641e+00 -4.562056064605712891e+00 -2.195454835891723633e+00 -3.360644578933715820e+00 4.193740367889404297e+00 -2.877838373184204102e+00 -8.596621453762054443e-02 -3.785237669944763184e-01 5.032798767089843750e+00 5.269883632659912109e+00 -1.248772814869880676e-01
-3.885299301147460938e+01 4.379971027374267578e+00 1.470251441001892090e+00 -4.562565326690673828e+00 -8.960746765136718750e+00 -6.205470085144042969e+00 6.442537784576416016e+00 3.656220734119415283e-01 -1.529049754142761230e+00 -4.228127002716064453e+00 -4.159669876098632812e+00 -9.200612306594848633e-01 8.390722274780273438e-01 -5.398938655853271484e+00 3.044483661651611328e+00 -3.858201742172241211e+00 7.074516773223876953e+00 5.767332553863525391e+00 1.345491647720336914e+00 3.393361330032348633e+00 -1.520402312278747559e+00 -3.320957660675048828e+00 -6.090414524078369141e+00 1.171455264091491699e+00 -2.241191625595092773e+00 2.283660918474197388e-01 -2.610762596130371094e+00 1.272741436958312988e+00 8.706122040748596191e-01 -2.426632165908813477e+00 1.689459800720214844e+00 5.866451740264892578e+00 -1.786797404289245605e+00 -6.078453660011291504e-01 -1.437877535820007324e+00 -5.511109828948974609e+00 -1.577622413635253906e+00 -1.128755807876586914e+00 -7.839694023132324219e+00 -4.506793975830078125e+00 4.618581295013427734e+00 4.111511707305908203e+00 -4.772920608520507812e+00 -5.107776165008544922e+00 1.205058813095092773e+00 -5.255633354187011719e+00 -2.423203736543655396e-02 7.436954379081726074e-01 6.519947528839111328e+00 1.908573657274246216e-01 -1.331673383712768555e+00 -3.668763160705566406e+00 -2.297988653182983398e+00 -8.985218405723571777e-01 -3.177322387695312500e+00 1.611516118049621582e+00 5.761083126068115234e+00 2.425098419189453125e+00 3.629157304763793945e+00 5.440323352813720703e+00 -7.518073916435241699e-01 -1.629317641258239746e+00 -1.857728600502014160e+00 2.485052347183227539e-01 5.403710007667541504e-01 -4.026710033416748047e+00 -5.047204971313476562e+00 -2.496007919311523438e+00 -6.555763244628906250e+00 4.075363636016845703e+00 7.755092978477478027e-01 1.261848092079162598e+00 -2.336201190948486328e+00 3.407524585723876953e+00 -7.360672354698181152e-01 4.930356979370117188e+00 1.915804147720336914e+00 1.102890893816947937e-01 -5.160530090332031250e+00 -9.526376426219940186e-02 1.938055276870727539e+00 -9.706912636756896973e-01 -5.748037338256835938e+00 1.683493018150329590e+00 -8.173316717147827148e-01 -6.025784015655517578e-01 7.789754271507263184e-01 -2.778781890869140625e+00 6.862114429473876953e+00 1.745738148689270020e+00 5.760031223297119141e+00 -5.279104232788085938e+00 7.400034070014953613e-01 -3.146919727325439453e+00 -1.424030423164367676e+00 6.214540004730224609e-01 1.876350522041320801e+00 1.761039257049560547e+00 4.404039680957794189e-01 -3.774531602859497070e+00
-3.540719223022460938e+01 2.855945348739624023e+00 1.575424432754516602e+00 -1.027557945251464844e+01 -7.955385684967041016e+00 -6.219139575958251953e+00 -3.503466844558715820e+00 2.141369819641113281e+00 6.035734176635742188e+00 -4.650962352752685547e+00 6.078802108764648438e+00 3.728260040283203125e+00 -1.176731586456298828e+01 -4.432824611663818359e+00 -4.566149711608886719e+00 -4.142329216003417969e+00 5.997192382812500000e+00 -3.193796396255493164e+00 -6.686410427093505859e+00 -9.674195200204849243e-02 -3.665975093841552734e+00 -3.451198101043701172e+00 -5.867688179016113281e+00 1.105223751068115234e+01 1.037380695343017578e+00 5.752440452575683594e+00 2.370321273803710938e+00 -9.709288597106933594e+00 7.821195125579833984e+00 1.873275756835937500e+00 -2.793128728866577148e+00 8.329923748970031738e-01 -4.925023555755615234e+00 2.756986618041992188e+00 -2.673660516738891602e+00 3.420118570327758789e+00 3.769028186798095703e+00 -5.561075687408447266e+00 3.315287590026855469e+00 -4.154845714569091797e+00 -7.104233652353286743e-02 8.137540519237518311e-02 1.779953837394714355e+00 5.386186122894287109e+00 2.270315647125244141e+00 1.207927823066711426e+00 1.209752559661865234e+00 4.996877193450927734e+00 8.599651455879211426e-01 -4.891733646392822266e+00 4.225505352020263672e+00 -5.973579883575439453e+00 3.048272371292114258e+00 2.749618291854858398e+00 -3.802095651626586914e+00 -7.831459522247314453e+00 7.015042304992675781e-01 -2.823089361190795898e+00 -3.028185665607452393e-01 -4.979351520538330078e+00 -1.284857243299484253e-01 -4.740175724029541016e+00 2.831626653671264648e+00 6.899180263280868530e-02 -2.671882390975952148e+00 2.569419622421264648e+00 1.907481431961059570e+00 3.007412195205688477e+00 -2.650510072708129883e-01 -2.791911840438842773e+00 -5.363063812255859375e+00 4.616806030273437500e+00 2.418544292449951172e+00 -3.283975422382354736e-01 -3.113551855087280273e+00 -1.843853354454040527e+00 -6.735822200775146484e+00 1.972351074218750000e+00 -2.169375270605087280e-01 -2.329994916915893555e+00 -3.964377641677856445e+00 5.508064270019531250e+00 -5.952566266059875488e-01 1.901600718498229980e+00 -5.491607666015625000e+00 5.470307350158691406e+00 -2.750680685043334961e+00 -3.543036222457885742e+00 -8.774312138557434082e-01 1.683383107185363770e+00 -1.855683088302612305e+00 -5.749515295028686523e-01 -8.729713559150695801e-01 -3.282101392745971680e+00 8.911165595054626465e-01 4.265115261077880859e+00 -1.310997009277343750e+00 2.644627094268798828e+00 3.119474172592163086e+00 -4.470188021659851074e-01
-3.177029609680175781e+01 -1.047804117202758789e+00 4.250435531139373779e-01 -1.350946617126464844e+01 8.178757667541503906e+00 8.595457673072814941e-01 7.025980472564697266e+00 -3.269714832305908203e+00 5.677710175514221191e-01 5.018729686737060547e+00 -2.721213817596435547e+00 3.849743127822875977e+00 5.405948162078857422e+00 2.558002471923828125e-01 -1.435405015945434570e+00 -2.676704406738281250e+00 -1.692530035972595215e+00 2.185003519058227539e+00 8.239470481872558594e+00 1.610437750816345215e+00 8.285881578922271729e-02 -2.033989191055297852e+00 -4.315726459026336670e-01 -1.299950122833251953e+00 6.472192287445068359e+00 -1.677608132362365723e+00 4.960831701755523682e-01 3.225822448730468750e+00 -1.913461089134216309e+00 -4.088582038879394531e+00 -2.218316078186035156e+00 3.290390729904174805e+00 -1.891218900680541992e+00 4.507340908050537109e+00 -1.476436138153076172e+00 -2.742500066757202148e+00 -8.692732810974121094e+00 1.121334657073020935e-01 2.421450853347778320e+00 -4.207713127136230469e+00 5.726587295532226562e+00 2.784123182296752930e+00 1.064234375953674316e+00 -3.370515346527099609e+00 2.754596471786499023e+00 -5.056078080087900162e-03 -5.743525028228759766e+00 -4.873685359954833984e+00 4.967656612396240234e+00 2.935977220535278320e+00 -5.693084239959716797e+00 -1.779302000999450684e+00 -2.680195331573486328e+00 4.786039590835571289e-01 -1.584616661071777344e+00 3.306951999664306641e+00 -3.474183082580566406e+00 -3.390701532363891602e+00 -2.588501214981079102e+00 4.939071655273437500e+00 3.506298735737800598e-02 8.200648307800292969e+00 2.019858598709106445e+00 1.249840021133422852e+00 -1.117164134979248047e+00 -4.951168060302734375e+00 -3.799053728580474854e-01 -4.003089904785156250e+00 -1.108378529548645020e+00 -3.500688552856445312e+00 6.407933235168457031e-01 -1.279705405235290527e+00 -1.074189066886901855e+00 -6.878424644470214844e+00 -6.316595554351806641e+00 -2.033531069755554199e-01 1.814136505126953125e+00 1.320777535438537598e+00 -2.990780830383300781e+00 8.984968662261962891e-01 -1.308595418930053711e+00 6.106935024261474609e+00 1.198900580406188965e+00 3.998804807662963867e+00 -6.052162647247314453e+00 3.627348840236663818e-01 -3.104285478591918945e+00 -5.345186710357666016e+00 -5.045559406280517578e-01 7.859965801239013672e+00 -4.697889983654022217e-01 2.694726705551147461e+00 3.432264566421508789e+00 2.780886888504028320e+00 3.222448587417602539e+00 -6.402159214019775391e+00 -3.784789085388183594e+00 1.120369672775268555e+00 -3.012321233749389648e+00 -4.275901794433593750e+00
-3.835920715332031250e+01 -2.771733522415161133e+00 4.669418811798095703e+00 -1.929912567138671875e+01 3.929536938667297363e-01 2.838263273239135742e+00 -1.049312973022460938e+01 4.010116100311279297e+00 7.031908988952636719e+00 3.326426506042480469e+00 4.853949069976806641e+00 4.750479221343994141e+00 -6.617644786834716797e+00 6.665925502777099609e+00 -7.360309958457946777e-01 -4.956460297107696533e-01 -1.423437952995300293e+00 -3.985515594482421875e+00 -1.059735774993896484e+01 1.964218139648437500e+00 6.825202941894531250e+00 2.497601032257080078e+00 -2.062327384948730469e+00 -3.243024587631225586e+00 5.391733169555664062e+00 -4.261772155761718750e+00 1.080693125724792480e+00 1.124835133552551270e+00 -1.866366982460021973e+00 3.115514516830444336e+00 3.576685667037963867e+00 -6.555348038673400879e-01 5.519363284111022949e-01 2.444192171096801758e+00 -4.394651889801025391e+00 4.594470977783203125e+00 3.373682022094726562e+00 -3.250707685947418213e-01 -1.765232443809509277e+00 -4.046423912048339844e+00 -3.740254640579223633e+00 -6.275063991546630859e+00 -6.141340255737304688e+00 -4.531078815460205078e+00 6.289050102233886719e+00 -2.790813684463500977e+00 -6.740950584411621094e+00 -5.754876136779785156e+00 -5.277779102325439453e+00 -1.706766963005065918e+00 4.085705280303955078e+00 -6.464530944824218750e+00 -5.117781162261962891e-01 -6.717524528503417969e+00 3.616635560989379883e+00 6.706012725830078125e+00 1.532714247703552246e+00 4.590841770172119141e+00 6.601978302001953125e+00 -7.760618925094604492e-01 1.427986264228820801e+00 2.154897153377532959e-02 3.929667472839355469e+00 2.578654527664184570e+00 5.507969856262207031e-01 -2.114652633666992188e+00 3.244266033172607422e+00 -9.948761463165283203e-01 3.750817775726318359e+00 -1.689261913299560547e+00 2.639050722122192383e+00 -1.471024990081787109e+00 -5.816017389297485352e-01 -4.530953407287597656e+00 2.397833108901977539e+00 3.935703516006469727e+00 -1.898699283599853516e+00 -1.991158604621887207e+00 1.374870896339416504e+00 6.539352536201477051e-01 -3.897900104522705078e+00 4.913214683532714844e+00 2.517655134201049805e+00 -3.845402300357818604e-01 -1.697131633758544922e+00 -8.471051454544067383e-01 1.274768948554992676e+00 -5.267183184623718262e-01 -5.308712720870971680e-01 2.386596679687500000e+00 2.768740653991699219e+00 -5.923418998718261719e-01 4.141701459884643555e-01 1.941357374191284180e+00 3.816236495971679688e+00 -2.616054534912109375e+00 -1.706768870353698730e+00 -2.508142948150634766e+00 2.953603267669677734e-01 -2.609377622604370117e+00
-2.998150825500488281e+01 2.159239292144775391e+00 -2.149173021316528320e+00 -7.124905109405517578e+00 -1.009189319610595703e+01 -1.447428703308105469e+01 7.683334350585937500e+00 1.163372620940208435e-01 1.754145503044128418e+00 -1.821829229593276978e-01 -9.437745094299316406e+00 -8.230044364929199219e+00 6.406757831573486328e+00 -4.025566101074218750e+00 -3.062467336654663086e+00 4.138846397399902344e+00 1.931998729705810547e-01 6.427914142608642578e+00 2.241300582885742188e+00 1.132992625236511230e+00 -5.523588657379150391e+00 4.558215618133544922e+00 -3.238665580749511719e+00 8.180669784545898438e+00 -1.788891553878784180e+00 -1.749134540557861328e+00 -6.085673332214355469e+00 -5.371804714202880859e+00 -4.900156497955322266e+00 -1.739725589752197266e+00 -6.284504890441894531e+00 -9.133666992187500000e+00 2.641363143920898438e+00 2.704567432403564453e+00 -4.313974857330322266e+00 -7.691661119461059570e-01 1.034753799438476562e+00 2.246424436569213867e+00 5.918508529663085938e+00 -4.613553524017333984e+00 2.097295522689819336e+00 9.260294914245605469e+00 1.999722123146057129e+00 -2.249979257583618164e+00 -1.344402670860290527e+00 3.094144582748413086e+00 -1.205359339714050293e+00 -3.883118629455566406e+00 1.085571169853210449e+00 -3.968430757522583008e-01 1.564538121223449707e+00 1.885897755622863770e+00 -4.948419094085693359e+00 -1.698179006576538086e+00 -1.566134929656982422e+00 -4.019433975219726562e+00 5.149666070938110352e-01 -1.375974416732788086e+00 -4.293767213821411133e-01 -1.355866789817810059e+00 2.823001146316528320e+00 -1.112028121948242188e+00 9.652013182640075684e-01 -3.010514736175537109e+00 5.014638304710388184e-01 1.253953456878662109e+00 3.213871002197265625e+00 8.826006054878234863e-01 9.225293993949890137e-01 -3.255809068679809570e+00 3.806387186050415039e+00 5.241591334342956543e-01 -8.811625242233276367e-01 -6.687834858894348145e-01 3.102382719516754150e-01 2.167279958724975586e+00 -1.520246386528015137e+00 -1.258440494537353516e+00 -1.111989736557006836e+00 2.214103698730468750e+00 4.867746829986572266e-01 2.190463066101074219e+00 -1.909292578697204590e+00 7.015343904495239258e-01 1.374926328659057617e+00 -1.208099007606506348e+00 -4.354925632476806641e+00 -1.187347650527954102e+00 9.431720972061157227e-01 7.869136333465576172e+00 -1.963463306427001953e+00 1.570589184761047363e+00 -3.300544261932373047e+00 1.254338979721069336e+00 -4.112691402435302734e+00 2.666516542434692383e+00 -5.748962163925170898e-01 -2.830374002456665039e+00 1.611343741416931152e+00 -2.124862909317016602e+00
-3.959281921386718750e+01 -6.490627527236938477e-01 6.491551399230957031e+00 -1.222624397277832031e+01 2.784304320812225342e-01 1.243851852416992188e+01 -2.027675151824951172e+00 1.096856594085693359e+01 3.100540935993194580e-01 1.457365131378173828e+01 3.692872762680053711e+00 -9.166832923889160156e+00 -7.228157043457031250e+00 5.821133852005004883e-01 2.945740699768066406e+00 -4.484286308288574219e+00 -1.523503810167312622e-01 -5.802059173583984375e-01 2.981326580047607422e-01 5.020108222961425781e+00 1.018920993804931641e+01 -8.905383110046386719e+00 -4.542159080505371094e+00 2.369645357131958008e+00 1.642202496528625488e+00 -7.820743918418884277e-01 3.921703815460205078e+00 2.708496570587158203e+00 1.048819541931152344e+01 2.166068315505981445e+00 3.229830741882324219e+00 2.426208257675170898e+00 -3.561315536499023438e+00 -3.581251621246337891e+00 -1.390639066696166992e+00 4.700610160827636719e+00 4.627178192138671875e+00 -3.284775495529174805e+00 1.073334789276123047e+01 -2.291680812835693359e+00 5.141831040382385254e-01 -1.104532241821289062e+00 1.522312045097351074e+00 1.395832896232604980e+00 -6.754186153411865234e-01 -9.820471405982971191e-01 -1.433871030807495117e+00 -7.199846744537353516e+00 5.263072252273559570e-01 -2.673517465591430664e+00 5.064394474029541016e+00 4.335872650146484375e+00 1.429766714572906494e-01 -6.733249187469482422e+00 -1.638406991958618164e+00 2.395200014114379883e+00 -4.229050874710083008e-01 1.291090846061706543e+00 -1.702366232872009277e+00 1.195476293563842773e+00 3.699025392532348633e+00 9.305704116821289062e+00 1.960373163223266602e+00 3.081979751586914062e+00 9.556857943534851074e-01 -1.783096432685852051e+00 4.249056816101074219e+00 4.733427047729492188e+00 2.867664098739624023e+00 3.586513519287109375e+00 4.671289622783660889e-01 -2.084360599517822266e+00 -4.963356494903564453e+00 -1.195267200469970703e+00 -4.223197102546691895e-01 -6.733543872833251953e-01 1.508733272552490234e+00 5.363497510552406311e-02 -3.698377609252929688e+00 6.250743269920349121e-01 3.354640960693359375e+00 -2.483665227890014648e+00 -4.998723566532135010e-01 3.078140020370483398e-01 -3.358956575393676758e+00 -1.080606341361999512e+00 -3.308455467224121094e+00 -1.558176428079605103e-01 -1.177964687347412109e+00 -2.775794982910156250e+00 5.341028690338134766e+00 3.740035533905029297e+00 2.818582296371459961e+00 -2.166657522320747375e-02 6.922309398651123047e+00 7.673555850982666016e+00 1.966509819030761719e+00 2.763270139694213867e-01 5.387256145477294922e+00 -4.852020263671875000e+00
-4.074574661254882812e+01 5.481652259826660156e+00 6.894326210021972656e+00 -7.638922691345214844e+00 1.995673179626464844e+00 -6.517488956451416016e-01 -1.197419404983520508e+00 -5.134873390197753906e+00 -1.186027288436889648e+00 -2.869368076324462891e+00 -4.265792846679687500e+00 2.568621873855590820e+00 -4.736480236053466797e+00 -3.215926170349121094e+00 4.639377117156982422e+00 -1.525067806243896484e+00 3.041251659393310547e+00 6.765934467315673828e+00 1.032779502868652344e+01 1.299806714057922363e+00 -7.125737190246582031e+00 4.911006450653076172e+00 -4.485325336456298828e+00 1.329071521759033203e+00 2.084021806716918945e+00 -1.691046506166458130e-01 -1.532118022441864014e-01 -6.000662326812744141e+00 2.513334989547729492e+00 5.932258129119873047e+00 -3.173138380050659180e+00 -3.723344087600708008e+00 1.513536930084228516e+00 -3.876384973526000977e+00 -2.190770149230957031e+00 4.438049316406250000e+00 -3.339858293533325195e+00 -3.827199041843414307e-01 4.428259849548339844e+00 -3.695105552673339844e+00 -3.461629390716552734e+00 1.848986625671386719e+00 2.718837261199951172e+00 1.674355983734130859e+00 -4.953054904937744141e+00 -8.386922836303710938e+00 4.207195281982421875e+00 1.348310470581054688e+00 -5.042513370513916016e+00 -1.658382415771484375e+00 4.703182876110076904e-01 5.498258590698242188e+00 -2.440292119979858398e+00 4.588237285614013672e+00 2.695782184600830078e+00 5.918199062347412109e+00 1.945497512817382812e+00 -5.519277572631835938e+00 -4.515468120574951172e+00 -8.859342336654663086e-01 4.630566835403442383e-01 2.700936794281005859e+00 4.760664105415344238e-01 -1.860724925994873047e+00 -5.202070474624633789e-01 -3.064018964767456055e+00 -5.526981830596923828e+00 -3.989772558212280273e+00 -1.082337498664855957e+00 -5.118097662925720215e-01 3.879124164581298828e+00 -2.392120361328125000e+00 -1.829051852226257324e+00 2.079119205474853516e+00 -1.275055527687072754e+00 1.026893496513366699e+00 -2.192497730255126953e+00 -1.972116589546203613e+00 2.482470273971557617e+00 -1.775258928537368774e-01 -4.895386219024658203e+00 -2.160241365432739258e+00 -2.449432134628295898e+00 -1.013575196266174316e+00 3.336288690567016602e+00 -4.182398915290832520e-01 6.136306762695312500e+00 1.894239544868469238e+00 -2.197664260864257812e+00 -8.798428773880004883e-01 -1.008588552474975586e+00 1.340308636426925659e-01 -2.692458629608154297e-01 -1.576188921928405762e+00 -3.173882246017456055e+00 1.016880750656127930e+00 3.564245462417602539e+00 4.408729374408721924e-01 1.144707202911376953e+00 3.482703268527984619e-01
-3.608197402954101562e+01 3.704388856887817383e+00 1.665285587310791016e+00 -2.289854049682617188e+01 2.728751420974731445e+00 -1.310065627098083496e+00 -1.231252384185791016e+01 2.480427980422973633e+00 -1.953187823295593262e+00 -1.685563087463378906e+00 2.889095544815063477e-01 -2.451401472091674805e+00 -1.386754512786865234e+01 -2.137959003448486328e+00 6.776611328125000000e+00 9.092539787292480469e+00 4.286345005035400391e+00 -2.049998521804809570e+00 -3.345737695693969727e+00 -5.903616905212402344e+00 -5.452759265899658203e+00 3.778060674667358398e+00 -4.625960350036621094e+00 -5.036097526550292969e+00 8.588376998901367188e+00 -5.477809906005859375e+00 -1.134384536743164062e+01 -4.699603080749511719e+00 2.695790052413940430e+00 -8.061312437057495117e-01 7.627866268157958984e-01 1.181964159011840820e+00 4.653998374938964844e+00 2.624792098999023438e+00 -7.053928375244140625e+00 1.754277229309082031e+00 6.269530773162841797e+00 -4.724077284336090088e-01 -2.767502307891845703e+00 6.317846298217773438e+00 4.370512485504150391e+00 -2.862710475921630859e+00 -5.869756937026977539e-01 -4.930454730987548828e+00 -1.641913175582885742e+00 -7.450664997100830078e+00 6.672953605651855469e+00 -5.495225429534912109e+00 3.580729722976684570e+00 3.995320081710815430e+00 4.441209435462951660e-01 -3.516008377075195312e+00 2.760547161102294922e+00 1.594114184379577637e+00 -4.288094520568847656e+00 -8.300383687019348145e-01 1.686906367540359497e-01 1.545120596885681152e+00 -4.354928433895111084e-01 -3.281196832656860352e+00 -5.280321121215820312e+00 1.659107089042663574e+00 6.296556472778320312e+00 3.151014328002929688e+00 2.825082778930664062e+00 1.264169812202453613e+00 2.679797410964965820e-01 2.517323493957519531e+00 -5.515865683555603027e-01 -5.464853286743164062e+00 -9.579588174819946289e-01 -2.229580432176589966e-01 2.543982863426208496e-01 -1.344447493553161621e+00 -3.553104877471923828e+00 2.384786844253540039e+00 -3.882915973663330078e+00 2.764932632446289062e+00 4.421656608581542969e+00 9.305729866027832031e-01 -1.936936259269714355e+00 4.844383716583251953e+00 -2.688244342803955078e+00 -4.115687847137451172e+00 -6.730069518089294434e-01 -5.998269081115722656e+00 6.451503276824951172e+00 1.870525956153869629e+00 6.118811964988708496e-01 -4.367937445640563965e-01 -8.112846016883850098e-01 1.257071346044540405e-01 3.551290035247802734e+00 -2.101179361343383789e+00 1.268917918205261230e+00 2.322959899902343750e+00 -1.321904540061950684e+00 6.012843132019042969e+00 -2.605913400650024414e+00 2.346063137054443359e+00
-4.464088058471679688e+01 4.744941234588623047e+00 -2.398317903280258179e-01 -1.003386306762695312e+01 -1.952054977416992188e+00 7.834498286247253418e-01 -7.283952236175537109e+00 -1.025334930419921875e+01 -2.985306024551391602e+00 -1.124506187438964844e+01 2.347680568695068359e+00 9.337695121765136719e+00 -5.510606765747070312e+00 -6.186533451080322266e+00 8.460845947265625000e+00 3.591026961803436279e-01 2.292776107788085938e+00 -6.924597263336181641e+00 -2.253016471862792969e+00 5.368833541870117188e-01 6.854179382324218750e+00 -4.213786602020263672e+00 1.396208882331848145e+00 -1.966224074363708496e+00 -3.755474567413330078e+00 5.056084156036376953e+00 6.300528645515441895e-01 1.270602345466613770e+00 6.999226808547973633e-01 8.970763206481933594e+00 2.783015727996826172e+00 -2.449789524078369141e+00 1.898928135633468628e-01 7.213987350463867188e+00 2.673504829406738281e+00 4.614235401153564453e+00 5.834955692291259766e+00 -5.234993457794189453e+00 7.514780163764953613e-01 -6.345240592956542969e+00 8.208890914916992188e+00 -1.220949530601501465e+00 6.846892833709716797e-01 4.873203277587890625e+00 6.160542964935302734e+00 -6.686151981353759766e+00 8.971934318542480469e+00 -7.186970233917236328e+00 -4.153958559036254883e-01 -7.132208943367004395e-01 -5.485098361968994141e+00 5.631155371665954590e-01 2.025717496871948242e+00 -1.376018822193145752e-01 -3.295805454254150391e+00 1.732956051826477051e+00 -2.794165372848510742e+00 6.942734718322753906e-01 -1.910317093133926392e-01 2.056485652923583984e+00 1.588993906974792480e+00 1.529590606689453125e+00 1.952065110206604004e+00 2.093255043029785156e+00 -3.052808046340942383e+00 -3.750662207603454590e-01 2.095657587051391602e-01 -5.624155521392822266e+00 -4.783804416656494141e+00 -1.236043810844421387e+00 -7.112025737762451172e+00 -2.083177864551544189e-02 -3.190061807632446289e+00 1.847535371780395508e+00 -1.978702187538146973e+00 -5.480978488922119141e+00 1.194165229797363281e+00 -4.085179567337036133e-01 -1.848563909530639648e+00 3.034348249435424805e+00 -2.053049087524414062e+00 -5.179368257522583008e-01 7.950783371925354004e-01 -1.295640110969543457e+00 -6.158922195434570312e+00 4.968990087509155273e-01 -1.215527534484863281e+00 2.604409694671630859e+00 -1.092051029205322266e+00 1.218905687332153320e+00 4.741186141967773438e+00 -1.906306743621826172e+00 -2.466039508581161499e-01 8.705326914787292480e-01 -2.806366682052612305e+00 -4.812505245208740234e-01 -3.091880381107330322e-01 -3.638625144958496094e+00 2.176641941070556641e+00 -4.314251422882080078e+00
-3.456281661987304688e+01 1.034103775024414062e+01 -1.810628533363342285e+00 -5.175262928009033203e+00 -1.177076053619384766e+01 -1.861584281921386719e+01 -7.938601970672607422e+00 -3.888612031936645508e+00 3.750333487987518311e-01 -1.281955432891845703e+01 -1.657467842102050781e+00 -4.253901541233062744e-01 -2.651520252227783203e+00 -4.526389598846435547e+00 -7.474943399429321289e-01 -1.323572278022766113e+00 -7.639503479003906250e-01 -1.170688718557357788e-01 1.450145959854125977e+00 -6.093495368957519531e+00 -4.447032511234283447e-02 -1.187634468078613281e+00 -1.130780935287475586e+00 4.617844894528388977e-02 3.472297191619873047e-01 7.468520641326904297e+00 1.332152247428894043e+00 1.601120829582214355e-01 -3.182374715805053711e+00 9.215615987777709961e-01 -5.295043468475341797e+00 3.171636104583740234e+00 6.713863849639892578e+00 -4.560801506042480469e+00 -5.103995800018310547e+00 4.754566669464111328e+00 3.480348110198974609e+00 -8.821631431579589844e+00 -3.358386754989624023e+00 -9.461877942085266113e-01 -6.280595302581787109e+00 8.679158687591552734e-01 7.767388224601745605e-01 -3.853767871856689453e+00 -2.045325517654418945e+00 4.002488136291503906e+00 3.147167921066284180e+00 -4.109817981719970703e+00 -9.752245903015136719e+00 1.318079113960266113e+00 3.113746643066406250e+00 -6.099322438240051270e-01 6.210844516754150391e+00 -6.817692279815673828e+00 1.547854542732238770e+00 3.161832094192504883e+00 3.322755396366119385e-01 3.087780475616455078e+00 2.840493679046630859e+00 8.860935211181640625e+00 3.127988576889038086e+00 -1.636046767234802246e-01 5.536981105804443359e+00 -1.791063785552978516e+00 2.932552814483642578e+00 8.862794637680053711e-01 3.990530252456665039e+00 -1.579883217811584473e+00 -1.638262987136840820e+00 2.967224359512329102e+00 7.665824413299560547e+00 5.846118927001953125e+00 1.542833566665649414e+00 3.419370055198669434e-01 1.780102014541625977e+00 4.465239048004150391e+00 1.454471468925476074e+00 4.826160907745361328e+00 -4.431140422821044922e-02 7.259151935577392578e-01 1.122480273246765137e+00 3.644151613116264343e-02 1.297300696372985840e+00 5.770363330841064453e+00 4.812346935272216797e+00 -2.961397409439086914e+00 -1.105633497238159180e+00 -1.039265275001525879e+00 2.989169359207153320e+00 4.743564128875732422e+00 -2.989624500274658203e+00 -5.811890363693237305e-01 8.542907834053039551e-01 2.463476508855819702e-01 6.234689235687255859e+00 3.354835033416748047e+00 7.309396266937255859e+00 -1.083276391029357910e+00 4.633259773254394531e+00 -3.096633031964302063e-02
-3.453561782836914062e+01 4.062199592590332031e+00 -3.529890537261962891e+00 -4.271867275238037109e+00 -9.455851554870605469e+00 -1.300090217590332031e+01 -4.286962151527404785e-01 -2.247312307357788086e+00 8.267163634300231934e-01 -2.786759614944458008e+00 -6.597098350524902344e+00 -2.964530944824218750e+00 -5.172982215881347656e-01 1.354469656944274902e+00 7.145422935485839844e+00 -7.465383529663085938e+00 -8.469566702842712402e-01 -7.244481086730957031e+00 -3.877601385116577148e+00 1.910873651504516602e+00 2.078635096549987793e-01 -6.230256080627441406e+00 -7.408683300018310547e+00 -6.579566478729248047e+00 -2.102565288543701172e+00 1.353769779205322266e+00 -1.345806419849395752e-01 -3.096378326416015625e+00 -4.556465744972229004e-01 -5.074195384979248047e+00 -4.463478088378906250e+00 2.610251188278198242e+00 1.338689327239990234e+00 1.640002369880676270e+00 1.630486011505126953e+00 6.984595656394958496e-01 3.699705362319946289e+00 -3.480365991592407227e+00 -7.680770754814147949e-01 6.127224862575531006e-02 1.097720026969909668e+00 1.829029321670532227e+00 4.104921340942382812e+00 5.772985458374023438e+00 -6.232895851135253906e+00 6.011766433715820312e+00 8.401526212692260742e-01 1.002185940742492676e+00 -5.277165412902832031e+00 1.055398344993591309e+00 9.092068672180175781e+00 1.922674030065536499e-01 9.527849197387695312e+00 3.507892131805419922e+00 -1.783074021339416504e+00 -7.055043578147888184e-01 1.233595371246337891e+00 1.079085469245910645e+00 -1.701123476028442383e+00 -4.945054054260253906e+00 -7.959472946822643280e-03 -7.284752558916807175e-03 -2.762627840042114258e+00 -6.497504711151123047e+00 8.182368874549865723e-01 -3.954534053802490234e+00 6.892734169960021973e-01 -5.612495899200439453e+00 -3.739587545394897461e+00 4.109070301055908203e-01 9.355040192604064941e-01 -3.711096048355102539e+00 2.070918321609497070e+00 -5.628350257873535156e+00 4.722758293151855469e+00 1.554571866989135742e+00 -4.131120681762695312e+00 3.765250205993652344e+00 4.977882206439971924e-01 3.417734384536743164e+00 -1.797155261039733887e+00 2.780519008636474609e+00 -2.543300151824951172e+00 7.062054157257080078e+00 -3.609386205673217773e+00 4.982686996459960938e+00 -2.203609645366668701e-01 4.358216524124145508e-01 4.997811317443847656e+00 5.897148847579956055e-01 2.144446410238742828e-02 6.309800744056701660e-01 -1.853809714317321777e+00 1.534005522727966309e+00 -1.411903053522109985e-01 -5.455318093299865723e-01 9.894409179687500000e+00 1.226636409759521484e+00 4.928297400474548340e-01 1.086754679679870605e+00
-2.457944869995117188e+01 1.300942659378051758e+00 -5.243575572967529297e+00 -4.059364318847656250e+00 -1.400018787384033203e+01 -9.486485481262207031e+00 9.806344032287597656e+00 6.218355178833007812e+00 3.730883121490478516e+00 -5.085771560668945312e+00 2.846019506454467773e+00 1.719984292984008789e+00 4.231985569000244141e+00 -5.866312980651855469e+00 5.232161045074462891e+00 -4.931522846221923828e+00 -2.718469858169555664e+00 -7.463513851165771484e+00 -1.680156350135803223e+00 2.164860963821411133e+00 2.080924510955810547e+00 1.671586036682128906e+00 -4.211149692535400391e+00 1.380527019500732422e+00 6.932590007781982422e+00 5.077536106109619141e+00 -7.738271236419677734e+00 1.559031844139099121e+00 1.909778833389282227e+00 -5.816102981567382812e+00 -7.390441894531250000e+00 2.998028755187988281e+00 3.665492773056030273e+00 -6.061258316040039062e+00 -3.211341381072998047e+00 4.298822879791259766e-01 -1.652090907096862793e+00 1.889567375183105469e+00 -2.623769760131835938e+00 -3.390207052230834961e+00 5.478005886077880859e+00 2.513194084167480469e+00 2.674237728118896484e+00 -8.542181015014648438e+00 -4.660338878631591797e+00 2.858830928802490234e+00 5.585613727569580078e+00 -4.356669425964355469e+00 -6.523150444030761719e+00 4.873284339904785156e+00 4.794397652149200439e-01 2.149594545364379883e+00 -3.701265335083007812e+00 -2.305909156799316406e+00 -2.527203410863876343e-02 -3.566774129867553711e+00 -1.565285205841064453e+00 8.364508748054504395e-01 1.625737667083740234e+00 -4.681833088397979736e-01 -6.264754295349121094e+00 -7.946123182773590088e-02 -3.885431289672851562e+00 1.714012503623962402e+00 5.717639446258544922e+00 5.526143312454223633e-01 3.060463190078735352e+00 -2.021560668945312500e+00 -1.418411970138549805e+00 -9.474213719367980957e-01 1.274604439735412598e+00 2.405679464340209961e+00 3.772608637809753418e-01 1.035605430603027344e+00 -1.665579915046691895e+00 -1.534468084573745728e-01 7.817268371582031250e-02 -1.613134622573852539e+00 9.158328771591186523e-01 6.852896690368652344e+00 -3.214970588684082031e+00 -4.559530735015869141e+00 -2.492870569229125977e+00 6.117186546325683594e+00 1.570947766304016113e+00 -2.851947784423828125e+00 -1.447337388992309570e+00 3.999971389770507812e+00 -1.404810428619384766e+00 -6.151754856109619141e+00 -1.171573549509048462e-01 2.992571890354156494e-01 4.564239501953125000e+00 6.888728141784667969e-01 1.450850367546081543e+00 4.258880615234375000e+00 -2.180846929550170898e+00 1.625907063484191895e+00 2.137397527694702148e+00 3.200361728668212891e+00
-2.576914978027343750e+01 -6.667830944061279297e+00 -4.506379961967468262e-01 -5.376805305480957031e+00 -1.044674873352050781e+01 -9.533752441406250000e+00 3.945386409759521484e+00 1.230211067199707031e+01 9.956335067749023438e+00 -1.795546531677246094e+00 -1.912586927413940430e+00 5.120910167694091797e+00 4.526094436645507812e+00 -1.910971999168395996e+00 7.038674354553222656e+00 -7.258688807487487793e-01 9.183691978454589844e+00 1.406000256538391113e+00 -2.249608755111694336e+00 1.045949459075927734e+00 -3.096162319183349609e+00 -3.284250736236572266e+00 1.981478214263916016e+00 2.066720247268676758e+00 -7.466822266578674316e-01 -3.922553062438964844e+00 -2.839760303497314453e+00 1.074495410919189453e+01 -2.245131731033325195e-01 -5.991145610809326172e+00 6.230179309844970703e+00 5.927673816680908203e+00 -2.806187629699707031e+00 -4.154186725616455078e+00 6.496733188629150391e+00 6.030114173889160156e+00 4.336862564086914062e-01 -5.453376173973083496e-01 -2.384330987930297852e+00 1.876116394996643066e+00 2.155459299683570862e-02 2.938422441482543945e+00 -3.205316543579101562e+00 2.446333169937133789e-01 3.262891054153442383e+00 5.359818935394287109e+00 3.808160781860351562e+00 3.879537343978881836e+00 -2.067089825868606567e-01 -5.692589759826660156e+00 1.841148972511291504e+00 -2.479188919067382812e+00 -1.031588363647460938e+01 3.574943542480468750e+00 -6.495217680931091309e-01 2.675318241119384766e+00 6.315523982048034668e-01 -6.047616600990295410e-01 -7.291870594024658203e+00 -2.561609983444213867e+00 -1.711363315582275391e+00 -6.600865364074707031e+00 1.082855463027954102e+00 2.650065183639526367e+00 -4.612104415893554688e+00 -2.904768288135528564e-01 3.882314920425415039e+00 -1.263447999954223633e+00 -4.940465927124023438e+00 -8.221253752708435059e-01 4.177081108093261719e+00 1.827370285987854004e+00 5.464024543762207031e+00 -2.992537021636962891e+00 2.781665802001953125e+00 4.422767162322998047e+00 -2.930651903152465820e+00 5.329762458801269531e+00 3.846979379653930664e+00 -6.439114570617675781e+00 3.047782421112060547e+00 1.855809450149536133e+00 -2.139541059732437134e-01 1.787591099739074707e+00 7.363666892051696777e-01 1.081419467926025391e+00 1.145781993865966797e+00 5.280003547668457031e-01 3.025830984115600586e+00 -9.672911167144775391e-01 2.904989480972290039e+00 1.111269742250442505e-01 -5.924406051635742188e+00 -1.276696801185607910e+00 -3.294515371322631836e+00 9.033995270729064941e-01 -3.398878574371337891e-01 -3.677041232585906982e-01 1.987607240676879883e+00 1.678396582603454590e+00
-2.074467468261718750e+01 -5.692637443542480469e+00 -1.941553473472595215e+00 -9.021300315856933594e+00 -1.322764301300048828e+01 -7.379760265350341797e+00 7.538898468017578125e+00 8.350562095642089844e+00 9.925936698913574219e+00 4.573631763458251953e+00 4.448291301727294922e+00 6.153818607330322266e+00 4.244136333465576172e+00 1.696750044822692871e+00 -9.582133889198303223e-01 2.572219848632812500e+00 2.122925043106079102e+00 -3.643175601959228516e+00 1.284213423728942871e+00 1.348801732063293457e+00 -1.681544661521911621e+00 2.543578147888183594e+00 -1.364427089691162109e+00 3.853134155273437500e+00 5.191274285316467285e-01 2.329599142074584961e+00 3.342825651168823242e+00 -7.478137612342834473e-01 1.481219828128814697e-01 -6.218972206115722656e+00 5.197416543960571289e-01 4.816681385040283203e+00 -2.147028923034667969e+00 9.324076652526855469e+00 -1.106931209564208984e+00 -4.545965194702148438e+00 7.147461414337158203e+00 4.184682369232177734e+00 1.391451835632324219e+00 3.384204149246215820e+00 4.040427684783935547e+00 2.951391458511352539e+00 -2.795520067214965820e+00 3.423761367797851562e+00 4.982571601867675781e+00 2.767554521560668945e+00 4.257195949554443359e+00 -9.891672134399414062e+00 -2.638532400131225586e+00 -1.271961331367492676e+00 7.245634078979492188e+00 1.622359871864318848e+00 -3.419636011123657227e+00 4.427870273590087891e+00 5.795400142669677734e+00 -8.471682071685791016e-01 -1.304530501365661621e-01 -4.514452934265136719e+00 2.709112882614135742e+00 7.894654870033264160e-01 2.366710186004638672e+00 -3.920858860015869141e+00 -2.705614566802978516e+00 -2.941283702850341797e+00 -1.508636832237243652e+00 1.739433407783508301e+00 2.698664069175720215e-01 -2.827008485794067383e+00 -1.067640542984008789e+00 -1.653711318969726562e+00 -1.832688212394714355e+00 -2.488497734069824219e+00 -2.116589069366455078e+00 -1.132569789886474609e+00 1.257874965667724609e+00 -3.705798089504241943e-02 4.180775165557861328e+00 -3.734050035476684570e+00 6.056131839752197266e+00 -3.292502641677856445e+00 -1.784636974334716797e+00 4.202871799468994141e+00 -2.665942430496215820e+00 -3.684889554977416992e+00 3.010546207427978516e+00 1.212268918752670288e-01 -1.137582659721374512e+00 1.395085930824279785e+00 -4.831270694732666016e+00 3.624678850173950195e-01 -2.221321344375610352e+00 1.781738921999931335e-02 -1.368764162063598633e+00 4.328633308410644531e+00 -2.214079141616821289e+00 -1.506500959396362305e+00 -5.450062751770019531e+00 -6.327670574188232422e+00 1.040991306304931641e+00 3.157413244247436523e+00
-1.766816520690917969e+01 -9.034717559814453125e+00 -4.845180511474609375e+00 -1.581029534339904785e+00 4.019193649291992188e+00 -1.054148578643798828e+01 1.059227752685546875e+01 3.107379436492919922e+00 1.333380413055419922e+01 2.658786773681640625e+00 -9.736195802688598633e-01 5.105259418487548828e+00 5.928848743438720703e+00 -2.684726715087890625e+00 -1.111251711845397949e+00 3.457364320755004883e+00 4.601926326751708984e+00 -1.710673689842224121e+00 -9.333010762929916382e-03 4.886455535888671875e+00 -2.604655981063842773e+00 -1.220658779144287109e+00 -5.809046745300292969e+00 6.088059902191162109e+00 -3.244395256042480469e-01 3.282955169677734375e+00 2.534209966659545898e+00 5.693526268005371094e-01 -4.794769763946533203e+00 1.761195540428161621e+00 -2.102259159088134766e+00 -7.584871292114257812e+00 -4.290966987609863281e+00 5.933591842651367188e+00 -8.020457625389099121e-01 -1.856654882431030273e+00 -1.624608159065246582e+00 -5.966525554656982422e+00 -1.108680248260498047e+01 2.041537314653396606e-01 6.769682765007019043e-01 1.314787387847900391e+00 -5.237019538879394531e+00 -6.215416267514228821e-02 -1.258098959922790527e+00 1.645379424095153809e+00 -2.341991424560546875e+00 -2.343437910079956055e+00 -6.813116073608398438e+00 1.093622326850891113e+00 1.650633692741394043e+00 4.397179603576660156e+00 3.276651620864868164e+00 1.761834859848022461e+00 -5.550043582916259766e-01 -1.440319657325744629e+00 1.335420489311218262e+00 -2.481497526168823242e+00 4.055465221405029297e+00 -3.042036294937133789e+00 -1.963982582092285156e+00 6.956633567810058594e+00 5.708563327789306641e+00 -1.850056529045104980e+00 -1.741503000259399414e+00 7.327809333801269531e-01 -1.774075150489807129e+00 -4.432222843170166016e+00 1.517018556594848633e+00 -9.372659325599670410e-01 -2.406211614608764648e+00 -4.117382690310478210e-02 2.868165969848632812e+00 2.240315198898315430e+00 -3.518142998218536377e-01 -2.524948358535766602e+00 2.566946744918823242e+00 3.729371309280395508e+00 -4.077618598937988281e+00 3.315216302871704102e+00 -2.423461675643920898e+00 2.611023187637329102e+00 -8.073483705520629883e-01 -1.154376626014709473e+00 -4.334185123443603516e-01 -4.660537540912628174e-01 4.619811534881591797e+00 -1.460659146308898926e+00 5.399353027343750000e+00 -2.845272541046142578e+00 -1.715279102325439453e+00 -2.528194665908813477e+00 -4.059871196746826172e+00 8.995651602745056152e-01 -1.078100688755512238e-02 2.651570737361907959e-01 2.760238409042358398e+00 -2.240565717220306396e-01 -2.607220411300659180e+00 -2.489496707916259766e+00
-2.603741264343261719e+01 -6.458577156066894531e+00 9.386941790580749512e-01 -1.312439632415771484e+01 -6.036211013793945312e+00 -7.610735893249511719e+00 7.123250007629394531e+00 8.543766021728515625e+00 6.520431041717529297e+00 7.659792900085449219e+00 -6.894518375396728516e+00 4.849401473999023438e+00 4.238552570343017578e+00 1.013725042343139648e+00 -6.025159955024719238e-01 8.648700118064880371e-01 9.669273376464843750e+00 -3.920263051986694336e-01 6.685089319944381714e-02 -1.315098524093627930e+00 -8.095532417297363281e+00 -6.032715797424316406e+00 -3.348755598068237305e+00 1.069630742073059082e+00 -1.699421405792236328e+00 -9.686108231544494629e-01 1.071225047111511230e+00 -7.098232507705688477e-01 6.990027904510498047e+00 3.810531854629516602e+00 1.233520317077636719e+01 -3.750321149826049805e+00 -2.688094377517700195e+00 -4.898485660552978516e+00 -7.197471141815185547e+00 -6.262589931488037109e+00 -3.297229528427124023e+00 1.653437852859497070e+00 -6.762392520904541016e+00 5.506772518157958984e+00 6.466289758682250977e-01 -2.147981643676757812e+00 -5.250625133514404297e+00 3.500532731413841248e-02 -4.798446655273437500e+00 -4.426185607910156250e+00 -1.200239181518554688e+00 -1.116519927978515625e+00 8.071436882019042969e-01 -2.456652164459228516e+00 -4.036538600921630859e+00 -1.167045593261718750e+00 3.509386479854583740e-01 -1.593543291091918945e-01 -1.684267163276672363e+00 2.108518123626708984e+00 4.723247051239013672e+00 -2.244393825531005859e+00 2.110323667526245117e+00 1.921334743499755859e+00 -7.716757774353027344e+00 -5.534655570983886719e+00 -1.850635409355163574e-01 -1.036569786071777344e+01 -7.551984786987304688e+00 -3.624082326889038086e+00 -6.496681213378906250e+00 5.962231159210205078e+00 3.261581659317016602e+00 6.331423282623291016e+00 1.573117733001708984e+00 1.776504158973693848e+00 9.188619256019592285e-01 -3.654868364334106445e+00 4.579216957092285156e+00 -2.009715884923934937e-01 -2.889854907989501953e+00 -2.809551715850830078e+00 -1.379864096641540527e+00 -9.792059063911437988e-01 -2.783244252204895020e-01 -2.080903530120849609e+00 9.026333689689636230e-01 5.148801803588867188e+00 2.467390537261962891e+00 3.866870880126953125e+00 -4.144262075424194336e-01 3.286452531814575195e+00 2.774690389633178711e+00 -1.449555605649948120e-01 2.046009778976440430e+00 9.112953543663024902e-01 8.481171131134033203e-01 2.148715257644653320e+00 8.385004997253417969e-01 2.281416416168212891e+00 -3.066012144088745117e+00 -9.495850205421447754e-01 1.309678673744201660e+00 -2.376231193542480469e+00
-3.692100143432617188e+01 1.788399696350097656e+00 2.570899486541748047e+00 -1.320736408233642578e+01 -1.167405033111572266e+01 4.133834362030029297e+00 7.177368640899658203e+00 3.973373889923095703e+00 -6.419135570526123047e+00 4.437668323516845703e+00 -5.628827571868896484e+00 -3.184798002243041992e+00 6.103621125221252441e-01 -8.630894660949707031e+00 1.184224319458007812e+01 -2.549193620681762695e+00 9.654461860656738281e+00 -8.154503822326660156e+00 -8.604855537414550781e+00 3.824183702468872070e+00 1.558923816680908203e+01 9.375061035156250000e+00 -2.760102748870849609e+00 4.800298213958740234e+00 -5.826395034790039062e+00 -4.070398807525634766e-01 3.735040426254272461e+00 1.860888004302978516e-01 -2.103552341461181641e+00 1.273820757865905762e+00 2.923075199127197266e+00 1.755694150924682617e-01 1.634011030197143555e+00 -5.048664093017578125e+00 -2.019586563110351562e+00 2.322991639375686646e-01 3.550585746765136719e+00 5.869323253631591797e+00 6.467546463012695312e+00 1.090522050857543945e+00 -3.315304756164550781e+00 -8.895067572593688965e-01 -8.233385086059570312e-01 -2.464246273040771484e+00 -2.552131377160549164e-02 7.518342494964599609e+00 -3.187547206878662109e+00 -1.796436667442321777e+00 1.649684071540832520e+00 -4.818318843841552734e+00 -4.675244331359863281e+00 -1.388926357030868530e-01 -1.702474355697631836e+00 3.964471817016601562e+00 5.855670571327209473e-01 3.331687927246093750e+00 -1.363640308380126953e+00 -2.113453149795532227e+00 1.930328458547592163e-01 2.215374946594238281e+00 -3.437747716903686523e+00 4.664098739624023438e+00 2.610100269317626953e+00 -9.388769268989562988e-01 4.250716209411621094e+00 2.577488183975219727e+00 1.008993759751319885e-01 1.001393699645996094e+01 -3.467040508985519409e-02 1.139212727546691895e+00 5.654460787773132324e-01 -1.223285496234893799e-01 -1.566238641738891602e+00 -3.616200447082519531e+00 1.879903793334960938e+00 -2.391510009765625000e+00 5.788434028625488281e+00 -5.408841133117675781e+00 1.521954417228698730e+00 -1.226740553975105286e-01 5.411628723144531250e+00 2.938800334930419922e+00 -5.089962005615234375e+00 2.348962068557739258e+00 -3.775694072246551514e-01 -2.434994697570800781e+00 -3.585042953491210938e+00 8.733483403921127319e-02 -1.586862802505493164e+00 2.061305195093154907e-01 -2.449630498886108398e+00 -3.959889709949493408e-01 2.224987983703613281e+00 -5.123313426971435547e+00 -1.338307738304138184e+00 -5.054641366004943848e-01 -2.381203174591064453e+00 2.609368324279785156e+00 1.771109223365783691e+00 -1.313914179801940918e+00
-3.233374786376953125e+01 -5.975676536560058594e+00 4.035300731658935547e+00 -2.487148857116699219e+01 1.159083485603332520e+00 2.383840322494506836e+00 -5.918148040771484375e+00 7.969777107238769531e+00 2.318570375442504883e+00 1.832199454307556152e+00 -4.314191341400146484e+00 3.466543197631835938e+00 9.540542602539062500e+00 1.628780722618103027e+00 6.767710447311401367e-01 1.133995819091796875e+01 1.488855719566345215e+00 1.755408406257629395e+00 -3.537635564804077148e+00 -5.084216117858886719e+00 -1.562671542167663574e+00 -7.048150062561035156e+00 2.573697805404663086e+00 -3.433786869049072266e+00 -2.813523769378662109e+00 -6.082645654678344727e-01 -4.127443790435791016e+00 2.085729837417602539e+00 -5.935225963592529297e+00 -2.619533777236938477e+00 1.028411865234375000e+00 2.241819649934768677e-01 6.465174198150634766e+00 -1.450152516365051270e+00 4.381108283996582031e+00 -7.205661773681640625e+00 -1.616092562675476074e+00 2.826989889144897461e+00 -1.110743761062622070e+00 7.086076736450195312e+00 -2.581216096878051758e+00 1.610780596733093262e+00 -2.786034345626831055e+00 1.781270980834960938e+00 -3.435992002487182617e+00 7.610716223716735840e-01 -4.061433792114257812e+00 -7.341047286987304688e+00 4.189325809478759766e+00 3.486036956310272217e-01 8.840192794799804688e+00 -1.970801949501037598e+00 6.972997188568115234e+00 -4.091573715209960938e+00 3.981935977935791016e-01 -2.054560899734497070e+00 3.169238269329071045e-01 4.971006393432617188e+00 -7.200587749481201172e+00 5.807593345642089844e+00 1.103051081299781799e-01 -6.706035733222961426e-01 -6.314585208892822266e-01 1.197564840316772461e+00 -6.114735603332519531e-01 2.165472745895385742e+00 -8.155669569969177246e-01 -3.547945022583007812e-01 4.644577026367187500e+00 2.739001810550689697e-01 -4.703375816345214844e+00 -1.686290353536605835e-01 9.103598594665527344e+00 8.172096014022827148e-01 2.707265853881835938e+00 2.823853254318237305e+00 3.563284397125244141e+00 -4.805013656616210938e+00 3.761781215667724609e+00 -3.245630264282226562e+00 7.586919665336608887e-01 -1.442482590675354004e+00 8.181585311889648438e+00 2.199331283569335938e+00 -7.265983223915100098e-01 -1.731651186943054199e+00 3.095988333225250244e-01 1.491273999214172363e+00 5.739773273468017578e+00 -4.267614841461181641e+00 1.955180644989013672e+00 -1.546560525894165039e+00 -1.114351272583007812e+00 -2.873806953430175781e+00 -6.838211417198181152e-01 -6.541382312774658203e+00 1.436526179313659668e-01 5.875367522239685059e-01 7.300231605768203735e-02 -6.508342266082763672e+00
-3.636837387084960938e+01 3.542062997817993164e+00 1.510784506797790527e+00 -1.391790676116943359e+01 -5.017151355743408203e+00 -3.732054233551025391e+00 3.032136917114257812e+00 4.111098766326904297e+00 -3.433263003826141357e-01 3.049106836318969727e+00 -3.591686248779296875e+00 6.747703552246093750e-01 5.331302165985107422e+00 4.941494941711425781e+00 -3.345246791839599609e+00 7.464074134826660156e+00 4.338311672210693359e+00 4.220655918121337891e+00 5.113637924194335938e+00 -1.223073244094848633e+00 -2.602969646453857422e+00 -4.694500923156738281e+00 -2.629181146621704102e+00 1.026250123977661133e+00 6.584594845771789551e-01 1.593875527381896973e+00 5.169597864151000977e-01 -2.729501724243164062e+00 -9.782631874084472656e+00 -2.863280296325683594e+00 5.309236049652099609e+00 -1.215346145629882812e+01 -1.609691500663757324e+00 -2.654321193695068359e-01 4.685442149639129639e-01 5.597668170928955078e+00 -4.754221916198730469e+00 5.770750522613525391e+00 -1.559598684310913086e+00 9.892396330833435059e-01 2.964551925659179688e+00 1.581764101982116699e+00 2.143275022506713867e+00 -4.479683876037597656e+00 -6.210066378116607666e-02 -2.385472536087036133e+00 -2.920212745666503906e+00 6.473062515258789062e+00 -5.683078289031982422e+00 -3.455888271331787109e+00 -3.015576124191284180e+00 6.346995353698730469e+00 6.749249696731567383e-01 -5.374899864196777344e+00 1.115963935852050781e+00 -6.424570083618164062e+00 -3.284891366958618164e+00 -3.901621997356414795e-01 6.425407409667968750e+00 3.012828826904296875e+00 -7.992616653442382812e+00 3.963992118835449219e+00 -6.945090770721435547e+00 -2.219960689544677734e+00 6.146363735198974609e+00 -2.707218647003173828e+00 4.311307430267333984e+00 7.096677422523498535e-01 3.557345867156982422e+00 -5.958003997802734375e+00 7.090430259704589844e-01 -3.166116237640380859e+00 -3.148105144500732422e-01 5.500703334808349609e+00 -2.065698862075805664e+00 3.419726490974426270e-01 1.970999389886856079e-01 1.791831135749816895e+00 -7.586425304412841797e+00 2.532242536544799805e+00 7.872017383575439453e+00 -5.254359722137451172e+00 4.096623897552490234e+00 9.658467024564743042e-03 -1.564085483551025391e+00 -2.822545051574707031e+00 -7.130098342895507812e-01 9.014257192611694336e-01 1.713023781776428223e+00 2.032123327255249023e+00 -2.607649751007556915e-02 8.675003647804260254e-01 -3.655016720294952393e-01 1.306180477142333984e+00 -3.520664691925048828e+00 -8.330072164535522461e-01 -3.248724699020385742e+00 -4.327048778533935547e+00 -1.355380177497863770e+00 3.546983718872070312e+00
-2.782950592041015625e+01 -6.933329105377197266e+00 5.516120910644531250e+00 -1.426724433898925781e+01 -4.942686080932617188e+00 6.939101696014404297e+00 8.334347724914550781e+00 6.307777404785156250e+00 1.554179787635803223e+00 1.175955009460449219e+01 -2.110069751739501953e+00 -7.896321773529052734e+00 3.269436836242675781e+00 1.321005725860595703e+01 4.983884841203689575e-02 -1.978999495506286621e+00 -7.437316775321960449e-01 4.309264659881591797e+00 4.171808719635009766e+00 3.896927356719970703e+00 1.538545966148376465e+00 1.865981936454772949e+00 3.767530202865600586e+00 3.083342313766479492e+00 2.198642730712890625e+00 4.772660732269287109e+00 3.079072237014770508e+00 -8.604544401168823242e-01 -6.592403411865234375e+00 2.034310817718505859e+00 3.956508874893188477e+00 2.226613283157348633e+00 6.530928134918212891e+00 8.189330697059631348e-01 -5.133226513862609863e-01 1.925306439399719238e+00 -1.667297720909118652e+00 4.777359217405319214e-02 2.694705724716186523e+00 2.151790380477905273e+00 -3.233289480209350586e+00 5.694684982299804688e+00 -1.528789043426513672e+00 -2.370930165052413940e-01 -1.225954413414001465e+00 8.332618474960327148e-01 -3.805397748947143555e+00 3.695052385330200195e+00 -2.910109043121337891e+00 -4.625719547271728516e+00 2.060050725936889648e+00 -4.335779190063476562e+00 4.711107730865478516e+00 -2.811191797256469727e+00 4.719941020011901855e-01 -5.078474521636962891e+00 -1.392215132713317871e+00 5.036720633506774902e-01 -3.953964233398437500e+00 2.649669170379638672e+00 2.674071073532104492e+00 5.210219025611877441e-01 9.860861301422119141e-01 -4.667129039764404297e+00 -3.923926830291748047e+00 2.378850460052490234e+00 1.232411503791809082e+00 4.152312278747558594e+00 8.734110742807388306e-02 2.441843509674072266e+00 -2.928072929382324219e+00 7.236876487731933594e-01 4.155348777770996094e+00 -3.405965089797973633e+00 3.906649827957153320e+00 -4.544692039489746094e+00 -2.693540096282958984e+00 7.230863571166992188e+00 -9.284816741943359375e+00 -3.411920309066772461e+00 3.289242744445800781e+00 -7.877302169799804688e-01 -1.812274456024169922e+00 -2.119537591934204102e+00 -3.863198757171630859e+00 -1.824275612831115723e+00 1.849509119987487793e+00 1.357417941093444824e+00 2.295297145843505859e+00 -1.023447990417480469e+00 3.928152799606323242e+00 -2.477354764938354492e+00 -8.402451276779174805e-01 -8.149154782295227051e-01 -9.033426046371459961e-01 3.932964086532592773e+00 -5.363540649414062500e-01 -1.405996918678283691e+00 5.248569250106811523e-01 -3.461044788360595703e+00
-3.288345718383789062e+01 -4.956453800201416016e+00 7.845997333526611328e+00 -1.146322345733642578e+01 1.427094221115112305e+00 1.174580764770507812e+01 3.784907579421997070e+00 1.157968807220458984e+01 1.847829818725585938e+00 1.414147663116455078e+01 8.739417791366577148e-01 -7.893811225891113281e+00 -5.485311150550842285e-01 6.182837486267089844e-01 -1.013789653778076172e+00 -8.796075820922851562e+00 2.333223819732666016e+00 -2.589254140853881836e+00 4.388103008270263672e+00 4.288696765899658203e+00 9.694818854331970215e-01 7.257492542266845703e-01 -1.235862970352172852e+00 -7.393371105194091797e+00 -7.409401416778564453e+00 1.293735504150390625e-01 2.172149568796157837e-01 8.404526114463806152e-01 -8.790302276611328125e+00 1.057674169540405273e+00 1.630333304405212402e+00 1.945919394493103027e-01 6.039909362792968750e+00 -7.603241801261901855e-01 1.821301937103271484e+00 1.105225682258605957e+00 -1.719453811645507812e+00 -4.976704120635986328e+00 -4.321731567382812500e+00 -7.342054367065429688e+00 -8.693329691886901855e-01 2.090928792953491211e+00 7.539628148078918457e-01 7.835391163825988770e-02 2.752837419509887695e+00 -4.921435832977294922e+00 -2.062707662582397461e+00 1.910126924514770508e+00 -8.115985870361328125e+00 -1.627369046211242676e+00 6.136468887329101562e+00 -2.018448591232299805e+00 -2.393370717763900757e-01 -6.007846072316169739e-02 3.489682674407958984e+00 3.450445652008056641e+00 -3.653837680816650391e+00 -1.169211342930793762e-01 -2.262126207351684570e+00 -1.153306126594543457e+00 3.396619796752929688e+00 -4.380918979644775391e+00 7.305762767791748047e-01 5.303523063659667969e+00 1.929438352584838867e+00 3.378070592880249023e+00 -2.581466734409332275e-01 2.296032667160034180e+00 6.410928964614868164e-01 2.458712577819824219e+00 -3.797457456588745117e+00 -2.132093667984008789e+00 4.721948623657226562e+00 -3.376858949661254883e+00 -2.260819911956787109e+00 -2.440846443176269531e+00 3.830669164657592773e+00 -1.943472504615783691e+00 3.071764230728149414e+00 6.915050745010375977e-01 -5.962786197662353516e+00 1.805845052003860474e-01 -4.112981319427490234e+00 1.042162060737609863e+00 -4.566758632659912109e+00 6.675637364387512207e-01 6.430418014526367188e+00 5.634195208549499512e-01 1.010139226913452148e+00 1.242556214332580566e+00 5.203896999359130859e+00 2.753308534622192383e+00 -2.744567632675170898e+00 5.445712208747863770e-01 -1.708959639072418213e-01 1.389336466789245605e+00 -3.749061822891235352e-01 4.021770954132080078e+00 9.530252814292907715e-01 4.300206899642944336e-01
-3.718705368041992188e+01 3.928111791610717773e+00 3.742725610733032227e+00 -1.681372070312500000e+01 -1.015010643005371094e+01 8.424711227416992188e-01 1.301335930824279785e+00 1.064662456512451172e+01 -3.521096467971801758e+00 1.025545978546142578e+01 -3.497470855712890625e+00 -1.119579696655273438e+01 6.061889529228210449e-01 3.162401437759399414e+00 -6.734921932220458984e+00 -6.325320720672607422e+00 5.925345420837402344e-01 1.302515387535095215e+00 2.304198741912841797e+00 1.684412240982055664e+00 -6.381959915161132812e+00 1.107264804840087891e+01 7.731305599212646484e+00 -3.901474952697753906e+00 6.969705104827880859e+00 4.387269973754882812e+00 3.926521539688110352e+00 2.714420557022094727e+00 5.536416172981262207e-01 4.554253578186035156e+00 4.138439893722534180e-01 1.508953690528869629e+00 2.323245525360107422e+00 3.275552690029144287e-01 3.219707489013671875e+00 -2.576040029525756836e-01 -1.173081874847412109e+00 4.506091117858886719e+00 4.812041759490966797e+00 4.634869575500488281e+00 -6.341827511787414551e-01 2.450703620910644531e+00 3.564765214920043945e+00 -4.838241577148437500e+00 1.988477826118469238e+00 3.297507286071777344e+00 -3.380328893661499023e+00 -3.691244363784790039e+00 2.187114000320434570e+00 5.187153339385986328e+00 1.145060896873474121e+00 9.786987900733947754e-01 -1.139597058296203613e+00 -3.456247329711914062e+00 6.651876926422119141e+00 -1.911230683326721191e+00 1.799861431121826172e+00 6.024521350860595703e+00 -1.169419646263122559e+00 2.417971849441528320e+00 3.443865299224853516e+00 2.524273872375488281e+00 1.667500972747802734e+00 -6.295524120330810547e+00 -4.921463012695312500e+00 2.630037546157836914e+00 -1.751008510589599609e+00 -5.601646423339843750e+00 -2.904352903366088867e+00 -3.327474355697631836e+00 -4.950041770935058594e+00 1.044238328933715820e+00 -1.741307258605957031e+00 1.097720339894294739e-01 7.725295543670654297e+00 -4.660923004150390625e+00 -8.323685526847839355e-01 7.937092185020446777e-01 1.822144746780395508e+00 1.648568391799926758e+00 -8.223007321357727051e-01 -4.624423980712890625e+00 6.847769260406494141e+00 -1.336882114410400391e+00 1.903033971786499023e+00 -1.947555422782897949e+00 1.153982281684875488e+00 3.223335027694702148e+00 -2.883371114730834961e+00 5.173905491828918457e-01 3.608404874801635742e+00 -3.594783544540405273e+00 1.654322981834411621e+00 -3.937169313430786133e+00 -1.807790994644165039e+00 3.825402021408081055e+00 2.728935718536376953e+00 1.435372591018676758e+00 1.228383183479309082e+00 -1.088685035705566406e+00
-2.778233146667480469e+01 -9.023334503173828125e+00 7.017453312873840332e-01 -1.388129138946533203e+01 -7.029372692108154297e+00 2.357772111892700195e+00 4.837928295135498047e+00 1.066619300842285156e+01 2.629082918167114258e+00 3.204881906509399414e+00 -7.400537967681884766e+00 -3.104446649551391602e+00 3.137703657150268555e+00 1.151502323150634766e+01 -7.094601988792419434e-01 4.178734779357910156e+00 -6.685983180999755859e+00 -3.600702285766601562e+00 7.619640827178955078e-01 1.021810293197631836e+00 6.855620384216308594e+00 2.907446861267089844e+00 8.027285575866699219e+00 2.356428802013397217e-01 3.315294027328491211e+00 2.320553541183471680e+00 -7.912778377532958984e+00 4.094026565551757812e+00 5.376042366027832031e+00 -3.796194553375244141e+00 -8.816149234771728516e-01 2.022207498550415039e+00 6.666456222534179688e+00 5.725748062133789062e+00 -2.077299356460571289e+00 7.499232292175292969e+00 -3.753952682018280029e-01 -9.361614584922790527e-01 -3.751459360122680664e+00 -5.982952117919921875e+00 -1.382823824882507324e+00 1.570991277694702148e+00 -5.826173424720764160e-01 3.297132015228271484e+00 -1.820749640464782715e+00 2.432270765304565430e+00 5.110569953918457031e+00 6.162333488464355469e+00 -1.026638031005859375e+00 -3.203377008438110352e+00 -2.566478967666625977e+00 6.165587902069091797e+00 5.311649799346923828e+00 -3.913651704788208008e+00 -1.507712602615356445e+00 -2.544852733612060547e+00 -6.930365085601806641e+00 8.120495676994323730e-01 -6.938960075378417969e+00 1.067019748687744141e+01 -1.051262497901916504e+00 5.545234680175781250e+00 -4.092053413391113281e+00 4.114182949066162109e+00 -2.520302772521972656e+00 -4.009509563446044922e+00 -4.810435295104980469e+00 9.157800674438476562e-01 -3.791936874389648438e+00 2.964840412139892578e+00 -6.331463336944580078e+00 2.651276111602783203e+00 -4.337570667266845703e+00 1.032158732414245605e-02 -2.669279098510742188e+00 9.431089162826538086e-01 -2.416020154953002930e+00 9.236838221549987793e-01 1.176727652549743652e+00 3.487499713897705078e+00 -1.203077793121337891e+00 -1.245659112930297852e+00 2.095083743333816528e-01 -3.993802070617675781e+00 1.929803848266601562e+00 3.665559768676757812e+00 -6.631449460983276367e-01 -2.145085096359252930e+00 -5.197075843811035156e+00 2.014164686203002930e+00 -4.634407997131347656e+00 -4.474523544311523438e+00 2.526673078536987305e+00 -2.771654129028320312e+00 -1.631706833839416504e+00 -2.841132640838623047e+00 2.436531782150268555e+00 -3.442607879638671875e+00 -1.664202690124511719e+00 2.203171014785766602e+00
-2.519766044616699219e+01 -1.014809799194335938e+01 2.245724648237228394e-01 -1.161315727233886719e+01 3.426022052764892578e+00 -2.803517103195190430e+00 8.437530398368835449e-01 1.108027458190917969e+01 1.333639049530029297e+01 6.160680294036865234e+00 4.797276973724365234e+00 3.732547283172607422e+00 -4.606584548950195312e+00 4.200247287750244141e+00 -8.615665435791015625e-01 2.578603267669677734e+00 8.104328155517578125e+00 2.815072298049926758e+00 6.113010406494140625e+00 9.915280342102050781e-01 1.680774331092834473e+00 3.984494924545288086e+00 -6.018208026885986328e+00 -4.913308322429656982e-01 -1.926919579505920410e+00 -1.993383646011352539e+00 6.428925514221191406e+00 -2.455872297286987305e+00 -4.729609012603759766e+00 -2.848582029342651367e+00 4.885732650756835938e+00 3.544340610504150391e+00 6.768116474151611328e+00 -8.788846969604492188e+00 1.190809130668640137e+00 -1.984026312828063965e+00 -6.517674326896667480e-01 -3.630246877670288086e+00 -7.016831636428833008e-01 5.385124087333679199e-01 -2.610431313514709473e-01 2.040197700262069702e-01 3.002543687820434570e+00 -4.252840042114257812e+00 4.095975875854492188e+00 -1.676753759384155273e+00 -2.730505704879760742e+00 2.042773008346557617e+00 3.323797702789306641e+00 -2.399345397949218750e+00 -2.136563062667846680e+00 2.639224231243133545e-01 3.173612058162689209e-01 -1.493473887443542480e+00 2.829988002777099609e+00 2.320422649383544922e+00 -1.955402344465255737e-01 1.167214155197143555e+00 1.429217576980590820e+00 -1.795872807502746582e+00 -1.305574893951416016e+00 1.499022364616394043e+00 -2.434598356485366821e-01 3.620231866836547852e+00 -1.333597898483276367e+00 1.828962326049804688e+00 1.337294816970825195e+00 1.864549398422241211e+00 -5.577619075775146484e+00 -4.812459945678710938e+00 -3.552422761917114258e+00 -2.540211915969848633e+00 -5.750446796417236328e+00 -6.566814422607421875e+00 2.124817609786987305e+00 1.454383134841918945e+00 2.709331274032592773e+00 4.050796508789062500e+00 -2.745908021926879883e+00 -2.358551263809204102e+00 -4.733876705169677734e+00 -1.591631293296813965e+00 -4.155854701995849609e+00 7.746617197990417480e-01 -5.385665416717529297e+00 -3.325430452823638916e-01 -3.078997611999511719e+00 -3.910076022148132324e-01 1.125119805335998535e+00 -2.700047492980957031e+00 1.110887765884399414e+00 1.020555257797241211e+00 3.132336378097534180e+00 -1.695857405662536621e+00 1.091428160667419434e+00 1.658963441848754883e+00 6.655845642089843750e-01 -9.031835198402404785e-01 -5.525582790374755859e+00 -6.299113631248474121e-01
-3.521543502807617188e+01 -1.809934139251708984e+00 2.086047649383544922e+00 -1.327758026123046875e+01 9.641942024230957031e+00 9.364143371582031250e+00 1.526528358459472656e+00 3.081648349761962891e+00 9.819044172763824463e-02 6.886610031127929688e+00 -2.600679159164428711e+00 3.351231813430786133e+00 8.108914375305175781e+00 4.626379013061523438e+00 2.183663368225097656e+00 -1.209826111793518066e+00 1.664770394563674927e-01 9.407350540161132812e+00 3.800570964813232422e-02 -3.166756629943847656e+00 3.187321662902832031e+00 -7.597951889038085938e+00 -7.552971243858337402e-01 3.534045457839965820e+00 -4.493211746215820312e+00 2.545668840408325195e+00 1.016756343841552734e+01 6.671327590942382812e+00 5.628561496734619141e+00 1.850194215774536133e+00 -9.088047027587890625e+00 2.165678739547729492e+00 -1.085902452468872070e+00 -4.463995397090911865e-01 8.418405055999755859e-01 8.804664611816406250e+00 7.398397922515869141e-01 7.643959522247314453e-01 -5.866721630096435547e+00 -1.010216951370239258e+00 -5.287668228149414062e+00 -1.553742766380310059e+00 1.809703350067138672e+00 9.636021852493286133e-01 -6.658780574798583984e-01 -1.215102791786193848e+00 -7.939701080322265625e+00 -1.799352049827575684e+00 3.113173007965087891e+00 -1.599180459976196289e+00 2.208072185516357422e+00 -7.577517628669738770e-01 6.654281139373779297e+00 2.552062749862670898e+00 2.520284652709960938e+00 4.376958847045898438e+00 -1.556247353553771973e+00 -8.426815271377563477e-01 -2.127473592758178711e+00 -1.298821806907653809e+00 -3.236453056335449219e+00 -1.176790714263916016e+00 7.184186935424804688e+00 -4.083348751068115234e+00 -2.463947057723999023e+00 3.373115062713623047e-01 3.118688106536865234e+00 -1.087238907814025879e+00 5.994284898042678833e-02 4.622329771518707275e-02 -3.068341493606567383e+00 5.248464107513427734e+00 -4.172803878784179688e+00 3.780280828475952148e+00 -1.019010543823242188e+00 -3.004820346832275391e+00 3.824302852153778076e-01 -3.148431539535522461e+00 -2.720887422561645508e+00 2.346315383911132812e-01 2.698994874954223633e+00 -4.458393752574920654e-01 -4.713689804077148438e+00 -2.848531007766723633e-01 -1.737205624580383301e+00 -1.771307587623596191e-01 1.397399187088012695e+00 6.668256521224975586e-01 2.948714494705200195e-01 1.935799717903137207e+00 -4.172065734863281250e+00 -2.480555772781372070e+00 3.900300025939941406e+00 9.710164666175842285e-01 -5.961241126060485840e-01 -3.414406538009643555e+00 7.641874551773071289e-01 1.683365583419799805e+00 3.375281810760498047e+00 -3.485046327114105225e-01
-3.219454574584960938e+01 -7.054785251617431641e+00 7.677951455116271973e-01 -1.419103717803955078e+01 -8.134128451347351074e-01 -1.607482790946960449e+00 9.512994885444641113e-01 1.093165779113769531e+01 1.580883312225341797e+01 -2.239650487899780273e+00 1.106369400024414062e+01 -3.824447393417358398e+00 6.160713672637939453e+00 9.129852294921875000e+00 7.293547153472900391e+00 1.466971755027770996e+00 -6.554448127746582031e+00 -2.390876293182373047e+00 5.983745098114013672e+00 3.031001567840576172e+00 1.144917583465576172e+01 5.528155565261840820e-01 6.972464084625244141e+00 -1.242662429809570312e+00 5.185871124267578125e+00 4.881223738193511963e-01 3.437363505363464355e-01 8.363364338874816895e-01 3.361971139907836914e+00 -4.925361573696136475e-01 -1.934531092643737793e+00 2.552320003509521484e+00 2.415441751480102539e+00 -1.350066781044006348e+00 7.399792671203613281e+00 -3.941097736358642578e+00 3.523057699203491211e+00 -2.622295141220092773e+00 -1.149409174919128418e+00 5.012595653533935547e+00 -3.651763677597045898e+00 1.523446798324584961e+00 5.147902965545654297e+00 2.201295137405395508e+00 9.575590491294860840e-01 -1.628019452095031738e+00 2.394778251647949219e+00 -1.192493557929992676e+00 1.826225996017456055e+00 2.317363023757934570e+00 -3.503345489501953125e+00 -2.478306055068969727e+00 -2.221611499786376953e+00 1.216011047363281250e+00 2.940685749053955078e+00 -1.071899652481079102e+00 -2.631684064865112305e+00 -2.804020166397094727e+00 -3.743151426315307617e+00 -3.295414686203002930e+00 -6.341618061065673828e+00 -4.490338802337646484e+00 5.103991508483886719e+00 -2.556812465190887451e-01 2.907497167587280273e+00 2.068351268768310547e+00 1.024444103240966797e+00 -1.101358652114868164e+00 5.553755760192871094e-01 3.629423677921295166e-03 3.366620540618896484e+00 1.039807200431823730e+00 3.516103029251098633e+00 -1.827859133481979370e-01 -1.539787530899047852e+00 1.726899296045303345e-01 -2.104967832565307617e+00 -1.710535049438476562e+00 -2.159876823425292969e+00 -5.156061649322509766e+00 4.338463306427001953e+00 1.351156830787658691e+00 -4.175067842006683350e-01 -5.043778896331787109e+00 -1.181817650794982910e+00 -1.891133934259414673e-01 2.924165427684783936e-01 -1.459705948829650879e+00 3.093280315399169922e+00 -6.282388567924499512e-01 3.248873233795166016e+00 2.739829540252685547e+00 -2.491740465164184570e+00 -3.677835762500762939e-01 6.336468219757080078e+00 3.613725423812866211e+00 -2.494035243988037109e+00 -1.502770423889160156e+00 2.243457078933715820e+00 -2.291589021682739258e+00
-3.290530776977539062e+01 -2.445412635803222656e+00 8.267522454261779785e-01 -7.600416660308837891e+00 -1.254374122619628906e+01 7.760220527648925781e+00 7.944859981536865234e+00 9.849622726440429688e+00 -1.117864727973937988e+00 5.962117671966552734e+00 -2.634496927261352539e+00 -5.695601940155029297e+00 1.068471145629882812e+01 2.049954414367675781e+00 -2.821955204010009766e+00 4.532901942729949951e-01 -7.412300109863281250e+00 -4.838544130325317383e-01 3.829049348831176758e+00 4.190781116485595703e+00 6.339072227478027344e+00 1.374367594718933105e+00 7.518266677856445312e+00 1.110096573829650879e+00 2.885668039321899414e+00 -2.193712472915649414e+00 -5.985363960266113281e+00 5.497036933898925781e+00 2.286170959472656250e+00 -1.427179813385009766e+00 1.143537163734436035e+00 -6.574260711669921875e+00 4.782804548740386963e-01 -1.756485104560852051e+00 -6.536460518836975098e-01 6.502096652984619141e-01 -7.283342629671096802e-02 6.106738090515136719e+00 1.540860831737518311e-01 9.887880682945251465e-01 -2.005527168512344360e-01 -4.934757709503173828e+00 9.005884528160095215e-01 1.423600912094116211e+00 2.024131774902343750e+00 2.124595195055007935e-01 -3.237021446228027344e+00 -4.068465232849121094e+00 1.818057656288146973e+00 3.428093910217285156e+00 3.518083095550537109e+00 -1.871859431266784668e+00 -5.155771255493164062e+00 2.655478239059448242e+00 2.951310396194458008e+00 3.343121767044067383e+00 1.488538503646850586e+00 6.233146667480468750e+00 -7.217704653739929199e-01 3.569716930389404297e+00 -1.621389389038085938e+00 2.459169477224349976e-01 -2.045591592788696289e+00 5.978137969970703125e+00 -4.184668064117431641e+00 -2.579998493194580078e+00 -1.405899763107299805e+00 -1.229388594627380371e+00 -6.959199905395507812e-01 7.454006671905517578e+00 2.078084945678710938e+00 -1.351946592330932617e+00 -2.787289142608642578e+00 1.065228581428527832e+00 1.562357783317565918e+00 1.604753375053405762e+00 1.627084732055664062e+00 2.251130640506744385e-01 -4.828187465667724609e+00 -2.666349649429321289e+00 -2.010117173194885254e-01 -5.675985813140869141e+00 -7.634088993072509766e-01 1.326671719551086426e+00 4.703225612640380859e+00 -1.287197351455688477e+00 -6.378038525581359863e-01 -4.996381282806396484e+00 -2.469059228897094727e+00 -2.156961441040039062e+00 1.181306838989257812e+00 -2.930831193923950195e+00 1.654092073440551758e+00 7.871661186218261719e-01 1.849147200584411621e+00 -3.812893390655517578e+00 5.296176433563232422e+00 -3.157986164093017578e+00 4.128743648529052734e+00 -3.306348800659179688e+00
-3.346396636962890625e+01 -4.854146957397460938e+00 1.351998043060302734e+01 -5.730237483978271484e+00 -1.106276321411132812e+01 1.155270576477050781e+01 3.903916597366333008e+00 9.856011390686035156e+00 6.906129837036132812e+00 1.058222675323486328e+01 2.344058752059936523e+00 -8.427946567535400391e-01 2.392126321792602539e+00 1.048410511016845703e+01 -5.736075878143310547e+00 -2.006412744522094727e+00 3.965814113616943359e-01 -8.605764389038085938e+00 3.390902757644653320e+00 2.145647764205932617e+00 -1.177101969718933105e+00 -1.827649831771850586e+00 -6.733672618865966797e-01 2.027596950531005859e+00 -8.777107238769531250e+00 2.158096991479396820e-02 -8.009765625000000000e+00 -3.946688652038574219e+00 -9.975267648696899414e-01 4.940506935119628906e+00 -4.803401947021484375e+00 3.042373061180114746e-01 1.755715250968933105e+00 -2.038844823837280273e+00 -5.752235889434814453e+00 4.953429222106933594e+00 4.727312088012695312e+00 4.867694079875946045e-01 8.189354896545410156e+00 -2.919733285903930664e+00 -2.251212596893310547e+00 -2.706305742263793945e+00 5.947101593017578125e+00 -1.062430739402770996e+00 3.112051248550415039e+00 1.601928234100341797e+00 4.058327198028564453e+00 -3.605315387248992920e-01 -3.048045396804809570e+00 -5.146856307983398438e+00 -3.890191793441772461e+00 1.058500528335571289e+00 3.740161955356597900e-01 4.502859115600585938e+00 -1.321833372116088867e+00 -1.558205187320709229e-01 -9.873165190219879150e-02 4.672531485557556152e-01 -3.099584341049194336e+00 4.980278491973876953e+00 4.267788887023925781e+00 1.862590312957763672e+00 -2.026472091674804688e+00 6.163649559020996094e-01 -2.124677658081054688e+00 -3.015206813812255859e+00 -2.460146546363830566e-01 2.532090902328491211e+00 4.698312759399414062e+00 2.307361923158168793e-03 9.558898925781250000e+00 8.909038543701171875e+00 -1.368747115135192871e+00 -1.261386990547180176e+00 -1.906018495559692383e+00 4.436853885650634766e+00 -1.486991167068481445e+00 4.782079219818115234e+00 3.778295278549194336e+00 1.087219953536987305e+00 -1.475135982036590576e-01 3.895587921142578125e+00 -1.847295284271240234e+00 1.934028267860412598e+00 4.504140377044677734e+00 3.180039405822753906e+00 2.191728591918945312e+00 -9.583668112754821777e-01 -1.358895897865295410e+00 -1.238036036491394043e+00 2.926265954971313477e+00 3.463478684425354004e-01 5.298828125000000000e+00 3.119974851608276367e+00 9.223954081535339355e-01 -3.024928271770477295e-01 -3.119411945343017578e+00 -2.728252649307250977e+00 -3.370037555694580078e+00 3.364662408828735352e+00
-2.777355957031250000e+01 -1.467947769165039062e+01 1.551063346862792969e+01 -1.304810333251953125e+01 -1.025252723693847656e+01 3.225684642791748047e+00 4.539502143859863281e+00 6.106506347656250000e+00 8.210932016372680664e-01 8.850136756896972656e+00 -6.939390659332275391e+00 -4.678653240203857422e+00 -4.131222248077392578e+00 5.974022388458251953e+00 -3.912943601608276367e+00 1.339825630187988281e+00 -3.820662736892700195e+00 -8.283252716064453125e+00 3.332929909229278564e-01 1.389344692230224609e+00 2.898398399353027344e+00 -6.189279556274414062e+00 1.943739533424377441e+00 -2.957093477249145508e+00 4.618043005466461182e-01 -7.854105949401855469e+00 -4.408742904663085938e+00 1.432755112648010254e+00 -4.123593330383300781e+00 7.370059013366699219e+00 -6.606583595275878906e+00 4.581256866455078125e+00 5.861928462982177734e+00 2.595665454864501953e+00 1.554750561714172363e+00 3.971106290817260742e+00 1.769581556320190430e+00 -2.858188867568969727e+00 1.263512372970581055e-01 -5.566638112068176270e-01 5.447057247161865234e+00 3.936257123947143555e+00 3.216064453125000000e+00 1.627527236938476562e+00 -6.863951683044433594e-01 -2.489162921905517578e+00 -2.959496498107910156e+00 8.179880976676940918e-01 -6.084841728210449219e+00 -3.976282477378845215e-01 -5.420929908752441406e+00 2.007822990417480469e+00 4.962001323699951172e+00 4.400178909301757812e+00 5.536194443702697754e-01 1.651456356048583984e+00 -1.755809187889099121e+00 -2.235298395156860352e+00 7.386772632598876953e-01 1.414651274681091309e+00 7.277885437011718750e+00 9.342251777648925781e+00 2.397242039442062378e-01 -3.685802459716796875e+00 3.003436326980590820e-01 5.750948905944824219e+00 8.662956953048706055e-01 1.011886954307556152e+00 -2.128326177597045898e+00 1.706608414649963379e+00 5.533912658691406250e+00 -1.382813930511474609e+00 1.652879357337951660e+00 -3.528414487838745117e+00 1.115765213966369629e+00 -5.248211383819580078e+00 1.148908376693725586e+00 1.564106941223144531e+00 2.642800331115722656e+00 3.104186952114105225e-01 -8.673613071441650391e-01 -1.056407809257507324e+00 1.535588026046752930e+00 8.636187911033630371e-01 1.429352879524230957e+00 2.064910531044006348e-01 -7.448696494102478027e-01 1.263322234153747559e+00 -4.545156359672546387e-01 -5.626472234725952148e-01 -3.801091313362121582e-01 1.170736271888017654e-03 -1.031569600105285645e+00 -1.676809310913085938e+00 2.106513738632202148e+00 -9.486199617385864258e-01 -5.727163314819335938e+00 -1.824620246887207031e+00 6.844430923461914062e+00 1.982812881469726562e+00
-2.844503211975097656e+01 -8.365190505981445312e+00 8.507210731506347656e+00 -1.291471099853515625e+01 -1.009859657287597656e+01 9.585790634155273438e+00 5.006755352020263672e+00 1.065164566040039062e+01 8.924946784973144531e-01 3.241723775863647461e+00 -5.558310508728027344e+00 -9.900392532348632812e+00 2.391763687133789062e+00 9.860709190368652344e+00 -8.195971846580505371e-01 2.405104398727416992e+00 -4.407223701477050781e+00 9.891068935394287109e-01 6.021627426147460938e+00 3.711432933807373047e+00 -3.045011997222900391e+00 -8.218818664550781250e+00 5.738683223724365234e+00 -1.396034121513366699e+00 -5.930334329605102539e-01 1.975173354148864746e+00 -2.194464921951293945e+00 -5.952183723449707031e+00 -7.390806674957275391e+00 1.231382369995117188e+00 -1.545607566833496094e+00 3.269089221954345703e+00 -3.124140501022338867e+00 -1.850690096616744995e-01 2.958997249603271484e+00 -1.175008177757263184e+00 1.864469647407531738e+00 6.530092358589172363e-01 -5.018305778503417969e+00 -1.403768062591552734e+00 -7.021685600280761719e+00 1.913603544235229492e+00 7.458271980285644531e+00 3.988078832626342773e+00 -5.300102233886718750e+00 -2.872634649276733398e+00 1.093447923660278320e+00 -2.667082846164703369e-01 1.564236879348754883e+00 3.026263952255249023e+00 8.709547668695449829e-02 2.422262907028198242e+00 5.362922191619873047e+00 2.679679393768310547e-01 -1.395155310630798340e+00 -1.714588403701782227e+00 -1.091910004615783691e+00 8.276851773262023926e-01 6.204100847244262695e-01 -5.105228900909423828e+00 -9.138478279113769531e+00 -3.623711824417114258e+00 -1.890716403722763062e-01 2.836537122726440430e+00 -2.798168659210205078e+00 3.248424530029296875e+00 -7.374675273895263672e+00 1.810154438018798828e+00 2.303747653961181641e+00 -2.337563931941986084e-01 6.771880149841308594e+00 -1.955871880054473877e-01 1.968319892883300781e+00 2.771911621093750000e+00 -3.550781965255737305e+00 -4.020683765411376953e+00 -1.703490465879440308e-01 -7.642393708229064941e-01 3.086239099502563477e+00 -1.500521421432495117e+00 5.436366200447082520e-01 -1.381754636764526367e+00 -3.517442941665649414e+00 5.174661278724670410e-01 -1.796745806932449341e-01 4.714613914489746094e+00 -2.129501104354858398e+00 8.831540942192077637e-01 2.888463020324707031e+00 -4.643468379974365234e+00 6.458622932434082031e+00 -1.867297887802124023e+00 -8.967902064323425293e-01 -1.976725935935974121e+00 7.754971981048583984e-01 -2.064572095870971680e+00 1.896703720092773438e+00 1.066512107849121094e+00 -4.926003515720367432e-01 4.929884970188140869e-01
-2.871125030517578125e+01 -4.042321205139160156e+00 1.111818790435791016e+01 -1.358310413360595703e+01 -8.878479003906250000e+00 7.440329551696777344e+00 3.036676883697509766e+00 1.203314018249511719e+01 -3.384056806564331055e+00 6.534427165985107422e+00 2.784635126590728760e-01 -9.908361434936523438e+00 -2.162054538726806641e+00 5.625940561294555664e-01 5.873491615056991577e-02 -1.606736421585083008e+00 -1.016788196563720703e+01 1.543495655059814453e+01 -5.512751102447509766e+00 5.092697620391845703e+00 -1.965170949697494507e-01 -7.709681510925292969e+00 4.044633865356445312e+00 -1.074904155731201172e+01 -5.989848971366882324e-01 4.977570533752441406e+00 -2.411147117614746094e+00 -1.818823516368865967e-01 5.391931533813476562e+00 -4.535090923309326172e+00 -4.779162883758544922e+00 5.518300056457519531e+00 -2.403892517089843750e+00 -1.682173371315002441e+00 -4.831081390380859375e+00 -1.167457222938537598e+00 1.367239594459533691e+00 -2.158790588378906250e+00 4.005314350128173828e+00 -4.349494457244873047e+00 2.840345382690429688e+00 9.739417076110839844e+00 1.348417663574218750e+01 -3.406204938888549805e+00 4.552954196929931641e+00 -3.188877820968627930e+00 -1.413317084312438965e+00 -1.682762503623962402e+00 1.180700063705444336e+00 -4.055261611938476562e+00 -9.987672567367553711e-01 -2.287665843963623047e+00 -1.118916869163513184e+00 8.327475190162658691e-01 1.476363301277160645e+00 -6.573939323425292969e-01 -4.750368595123291016e+00 -2.835467338562011719e+00 1.099860286712646484e+01 -5.461179614067077637e-01 -4.720760881900787354e-01 -2.558818578720092773e+00 -1.175210833549499512e+00 2.026629261672496796e-02 3.772928714752197266e+00 -3.154791116714477539e+00 -1.815072417259216309e+00 4.695984125137329102e-01 4.231492877006530762e-01 1.668353676795959473e+00 -4.417083784937858582e-02 1.360297650098800659e-01 -3.397725582122802734e+00 3.399134397506713867e+00 3.519264936447143555e+00 5.928155899047851562e+00 -5.131519794464111328e+00 -4.865031242370605469e+00 7.625401616096496582e-01 -4.581467807292938232e-01 4.152824878692626953e+00 4.378518164157867432e-01 -1.008956789970397949e+00 2.511754989624023438e+00 3.868027031421661377e-01 2.198435306549072266e+00 2.411044836044311523e+00 3.019386291503906250e+00 4.394276142120361328e+00 -5.234421253204345703e+00 -1.462960362434387207e+00 -3.631930112838745117e+00 7.289785146713256836e-01 -5.094404220581054688e+00 -1.553286790847778320e+00 2.086167812347412109e+00 1.259971857070922852e-01 2.357559442520141602e+00 -1.219850182533264160e+00 5.194079399108886719e+00
-3.167989349365234375e+01 -7.415689468383789062e+00 1.559522628784179688e+01 -1.179185390472412109e+01 -2.319440364837646484e+00 2.298442459106445312e+01 2.194612979888916016e+00 3.499818801879882812e+00 2.572984218597412109e+00 9.019442558288574219e+00 -5.586009025573730469e-01 -3.660062551498413086e+00 8.770994544029235840e-01 7.769256591796875000e+00 -8.090017318725585938e+00 5.491406917572021484e-01 -1.447697758674621582e+00 -2.945566892623901367e+00 -1.325666666030883789e+00 9.171931266784667969e+00 3.831297636032104492e+00 -2.111172199249267578e+00 -5.714879989624023438e+00 -4.991614341735839844e+00 3.877673625946044922e+00 4.719157695770263672e+00 3.551607608795166016e+00 6.798651218414306641e+00 -2.156604528427124023e+00 4.116148948669433594e+00 9.791385531425476074e-01 4.584189891815185547e+00 -3.770263671875000000e+00 -2.069633483886718750e+00 -7.854212284088134766e+00 9.337813407182693481e-02 1.948265314102172852e+00 -7.593499660491943359e+00 -8.424760818481445312e+00 -1.875814437866210938e+00 -7.688947200775146484e+00 5.957563877105712891e+00 -4.404698312282562256e-01 4.984514713287353516e+00 4.001003265380859375e+00 -1.051962003111839294e-01 -1.183623909950256348e+00 -7.396717071533203125e-01 7.203828334808349609e+00 -1.736583828926086426e+00 -2.122160643339157104e-01 -4.598027169704437256e-01 -5.288208007812500000e+00 3.120300531387329102e+00 -2.734623193740844727e+00 3.037995696067810059e-01 4.248220920562744141e-01 -1.274446010589599609e+00 -3.130496025085449219e+00 -3.157958686351776123e-01 -1.268840312957763672e+00 -7.393480777740478516e+00 -7.740771770477294922e+00 2.073338985443115234e+00 2.002630949020385742e+00 5.738575458526611328e+00 3.728967607021331787e-01 -2.405565023422241211e+00 1.957328677177429199e+00 -3.114103555679321289e+00 1.451236009597778320e+00 -2.506597042083740234e+00 -2.814393043518066406e+00 -1.738958597183227539e+00 -3.865958690643310547e+00 1.955973029136657715e+00 3.297349452972412109e+00 4.707617282867431641e+00 2.909128904342651367e+00 -3.788489818572998047e+00 2.661580085754394531e+00 1.933560609817504883e+00 -1.400653958320617676e+00 2.792267322540283203e+00 -1.112555503845214844e+00 2.287877082824707031e+00 -1.930583477020263672e+00 1.621622562408447266e+00 -3.211985826492309570e+00 3.198286056518554688e+00 1.913818567991256714e-01 6.050845384597778320e-01 -9.251102805137634277e-01 3.589060306549072266e-01 -1.510634779930114746e+00 9.189475774765014648e-01 8.106417059898376465e-01 -2.010589361190795898e+00 -2.644752025604248047e+00 -1.111727878451347351e-01
-2.594599151611328125e+01 2.486017704010009766e+00 1.468139648437500000e+01 3.482137680053710938e+00 -9.250194549560546875e+00 2.236228179931640625e+01 7.934507369995117188e+00 -1.495905017852783203e+01 -2.335574388504028320e+00 -1.574935913085937500e+01 6.297542095184326172e+00 2.275136947631835938e+00 2.078386306762695312e+01 -1.608275794982910156e+01 -9.234737396240234375e+00 1.290858745574951172e+01 -1.265124511718750000e+01 -1.649839282035827637e+00 -5.963912487030029297e+00 -3.470935583114624023e+00 1.145100831985473633e+00 -1.089443588256835938e+01 -7.960280895233154297e+00 -1.213602638244628906e+01 9.962897300720214844e-01 -3.221873044967651367e+00 4.126225471496582031e+00 -6.167413711547851562e+00 4.947609901428222656e+00 -6.217718124389648438e+00 -4.759964942932128906e+00 -3.167070150375366211e-01 -2.727302014827728271e-01 -9.614952087402343750e+00 4.297756254673004150e-01 2.915253877639770508e+00 -1.106889128684997559e+00 -5.160655975341796875e+00 2.812253952026367188e+00 3.952267885208129883e+00 2.103952914476394653e-01 5.420729637145996094e+00 5.345854759216308594e-01 -2.937028706073760986e-01 3.259101867675781250e+00 9.753730297088623047e-01 -1.535723090171813965e+00 2.840240240097045898e+00 -2.384793043136596680e+00 6.146065235137939453e+00 -2.785099744796752930e+00 -3.045013427734375000e+00 -2.927848339080810547e+00 -3.446238517761230469e+00 -5.025225691497325897e-03 4.470283508300781250e+00 -3.255230426788330078e+00 6.545530796051025391e+00 8.898094296455383301e-01 -1.717629194259643555e+00 6.396043777465820312e+00 -6.915388107299804688e-01 4.060197353363037109e+00 1.661285996437072754e+00 -7.902676463127136230e-01 -2.088930368423461914e+00 2.513011693954467773e-01 -2.637428998947143555e+00 2.245959997177124023e+00 -1.851297616958618164e+00 -7.743683338165283203e+00 -3.752835273742675781e+00 3.696692943572998047e+00 -9.569289088249206543e-01 1.403393387794494629e+00 1.765166044235229492e+00 -2.517894983291625977e+00 -4.254504203796386719e+00 -4.707688689231872559e-01 2.749231815338134766e+00 -9.441910386085510254e-01 -2.834155559539794922e+00 1.495609879493713379e+00 1.300495743751525879e+00 -3.610043287277221680e+00 5.450566291809082031e+00 5.185149669647216797e+00 -2.461270809173583984e+00 2.403335571289062500e+00 -3.404249429702758789e+00 -1.076258540153503418e+00 3.324198007583618164e+00 -2.479504585266113281e+00 1.180464506149291992e+00 3.748003482818603516e+00 6.424969673156738281e+00 -2.785275936126708984e+00 -4.000973701477050781e+00 -2.257148504257202148e+00 -3.048870563507080078e+00
-2.581262207031250000e+01 4.456840753555297852e-01 1.639980697631835938e+01 6.602309226989746094e+00 -4.029896259307861328e+00 2.577089118957519531e+01 9.485459327697753906e+00 -9.362545967102050781e+00 -4.280395209789276123e-01 -1.256592655181884766e+01 5.061975479125976562e+00 -4.217483043670654297e+00 2.256798934936523438e+01 -1.629333877563476562e+01 -4.847196578979492188e+00 1.479350376129150391e+01 -4.142471313476562500e+00 -1.144879817962646484e+01 4.619826316833496094e+00 -8.733578324317932129e-01 -6.014544010162353516e+00 -6.672616004943847656e-01 -9.614199638366699219e+00 -4.808543205261230469e+00 3.063983470201492310e-02 8.208751082420349121e-01 6.407478332519531250e+00 -7.584144473075866699e-01 -1.847069382667541504e+00 -1.431670427322387695e+00 4.378428936004638672e+00 3.838281393051147461e+00 -1.517314314842224121e+00 -6.720880866050720215e-01 -3.292557239532470703e+00 5.539451599121093750e+00 2.307395935058593750e+00 -1.170465707778930664e+00 2.420377969741821289e+00 -8.714884757995605469e+00 -5.105164051055908203e+00 4.919921398162841797e+00 -6.406363487243652344e+00 -5.440707206726074219e+00 2.777048587799072266e+00 -5.388803958892822266e+00 -1.329743385314941406e+00 -3.421923637390136719e+00 -7.521323680877685547e+00 -5.900729656219482422e+00 -1.016035825014114380e-01 -4.965218544006347656e+00 5.987950325012207031e+00 2.288218498229980469e+00 6.991455078125000000e+00 1.418533086776733398e+00 -7.757655382156372070e-01 1.657943964004516602e+00 3.450419187545776367e+00 4.262445271015167236e-01 7.630652785301208496e-01 6.627603530883789062e+00 -4.229993343353271484e+00 6.284296512603759766e-01 -7.731488227844238281e+00 -1.014597535133361816e+00 -1.405592799186706543e+00 6.924477577209472656e+00 -1.301457166671752930e+00 -2.325724840164184570e+00 4.242015361785888672e+00 2.336745023727416992e+00 -5.148762702941894531e+00 3.285906553268432617e+00 5.211788177490234375e+00 1.146511077880859375e+00 4.717108726501464844e+00 5.577503204345703125e+00 -1.689746499061584473e+00 -8.022363185882568359e-01 4.573826193809509277e-01 4.023526191711425781e+00 -1.448352098464965820e+00 -4.380116462707519531e+00 3.440234065055847168e-02 -3.750615358352661133e+00 -1.161654591560363770e+00 3.064013004302978516e+00 -4.335738122463226318e-01 3.622221946716308594e+00 2.382141113281250000e+00 -1.012933850288391113e+00 2.982509136199951172e+00 -4.861779212951660156e+00 2.033701658248901367e+00 -1.157587647438049316e+00 -1.979200124740600586e+00 2.846015930175781250e+00 3.679164648056030273e+00 3.870742082595825195e+00
-2.931499290466308594e+01 5.672422409057617188e+00 1.500251293182373047e+01 5.789567947387695312e+00 -8.720114707946777344e+00 2.744485473632812500e+01 1.123456764221191406e+01 -8.177572250366210938e+00 -1.371369719505310059e+00 -9.778647422790527344e+00 1.182683110237121582e+00 -4.678047001361846924e-01 2.704452514648437500e+01 -1.580490875244140625e+01 3.625318765640258789e+00 5.938724994659423828e+00 -5.139465808868408203e+00 -9.752631187438964844e+00 -3.384558916091918945e+00 -5.369147300720214844e+00 3.172556161880493164e-01 4.937099456787109375e+00 -1.103687763214111328e+01 -1.025972080230712891e+01 8.442693710327148438e+00 -7.216976165771484375e+00 1.231179833412170410e+00 -9.180591583251953125e+00 2.774126768112182617e+00 -8.632014274597167969e+00 -7.741478681564331055e-01 -3.428014516830444336e+00 -1.847445845603942871e+00 -4.934888362884521484e+00 -2.478840589523315430e+00 -2.473157644271850586e+00 -3.676232814788818359e+00 -3.442346811294555664e+00 1.686609148979187012e+00 -1.174287915229797363e+00 -2.915274143218994141e+00 -9.792762994766235352e-01 -5.163475036621093750e+00 -3.099769115447998047e+00 5.417815685272216797e+00 -5.105091571807861328e+00 -1.932803750038146973e+00 2.599444150924682617e+00 1.697360277175903320e+00 6.623085975646972656e+00 2.371845722198486328e+00 -5.389056682586669922e+00 -1.568385362625122070e-01 6.335648298263549805e-01 -7.552350759506225586e-01 1.203189492225646973e+00 -8.976056575775146484e-01 -8.867139816284179688e+00 -2.779739618301391602e+00 -4.079018533229827881e-01 3.699747323989868164e+00 -8.170393705368041992e-01 2.357421875000000000e+00 -4.339426517486572266e+00 -5.654419898986816406e+00 -3.059849739074707031e-01 -2.015763759613037109e+00 -1.504421591758728027e+00 -6.108215451240539551e-01 1.889020390808582306e-02 2.565266370773315430e+00 1.481230854988098145e+00 -1.778751134872436523e+00 -5.294824600219726562e+00 -1.157824516296386719e+00 -1.365979671478271484e+00 -6.171654224395751953e+00 4.279762268066406250e+00 -6.131542921066284180e-01 2.820785284042358398e+00 -2.776834368705749512e-01 -6.486696600914001465e-01 1.717735767364501953e+00 -1.935664892196655273e+00 2.825664758682250977e+00 3.138273715972900391e+00 -2.106311082839965820e+00 -6.528742313385009766e+00 5.050471425056457520e-01 -4.314558506011962891e+00 -2.671206712722778320e+00 -3.523744344711303711e+00 -2.492542743682861328e+00 -8.327965140342712402e-01 -3.891624689102172852e+00 -3.368502616882324219e+00 -9.479135870933532715e-01 -1.961015224456787109e+00 1.153508901596069336e+00 3.530822753906250000e+00
-2.027268218994140625e+01 2.423550367355346680e+00 -1.401450991630554199e+00 9.676160812377929688e+00 -1.067655944824218750e+01 9.597421646118164062e+00 2.036478996276855469e+01 -1.318748950958251953e+00 -8.096041679382324219e+00 5.621394157409667969e+00 -7.561802864074707031e-01 6.856007099151611328e+00 2.223095417022705078e+00 -3.330228090286254883e+00 5.771424293518066406e+00 2.860630750656127930e+00 -2.999721288681030273e+00 -4.665783405303955078e+00 6.996472358703613281e+00 4.167037487030029297e+00 -7.972223162651062012e-01 1.019274830818176270e+00 -2.683852672576904297e+00 -6.840763092041015625e+00 8.461221694946289062e+00 5.813919544219970703e+00 -6.935949325561523438e+00 -1.892395853996276855e+00 -4.214895367622375488e-01 4.144825935363769531e+00 -3.924843788146972656e+00 -8.196831345558166504e-01 1.935663223266601562e+00 -1.561439037322998047e+00 -7.937610745429992676e-01 -7.757702350616455078e+00 1.019882583618164062e+01 -4.975341320037841797e+00 -5.120721817016601562e+00 3.734918534755706787e-01 -4.368825912475585938e+00 -3.414390563964843750e+00 1.306661128997802734e+00 4.957935810089111328e+00 -1.752297997474670410e+00 -2.386428117752075195e+00 -8.733300566673278809e-01 -6.003265857696533203e+00 -2.836308717727661133e+00 1.989377737045288086e+00 -3.214137554168701172e+00 4.949284553527832031e+00 -4.361532688140869141e+00 -2.223391771316528320e+00 4.832258224487304688e+00 4.347361922264099121e-01 3.663076162338256836e+00 1.844643354415893555e+00 -1.245470643043518066e+00 -4.217141628265380859e+00 -6.507449626922607422e+00 -8.715729117393493652e-01 -4.325456142425537109e+00 4.780463218688964844e+00 7.993469238281250000e+00 -4.438984394073486328e+00 6.727339267730712891e+00 4.184892475605010986e-01 -6.493984460830688477e-01 9.071471095085144043e-01 -6.422567844390869141e+00 8.788484573364257812e+00 -3.577355444431304932e-01 2.679217815399169922e+00 3.555638790130615234e+00 -7.242202162742614746e-01 2.582099199295043945e+00 -1.740657806396484375e+00 -3.027236461639404297e+00 9.955098628997802734e-01 -4.064726829528808594e+00 2.127384185791015625e+00 -4.961365163326263428e-01 -1.958895564079284668e+00 4.873893260955810547e+00 6.091311573982238770e-03 -2.232322931289672852e+00 2.171245574951171875e+00 -3.615507125854492188e+00 -1.670733690261840820e+00 -1.910063266754150391e+00 -1.552206575870513916e-01 -1.455126285552978516e+00 -5.140362739562988281e+00 6.649987101554870605e-01 2.004616022109985352e+00 2.436746597290039062e+00 3.063075542449951172e+00 -1.676645994186401367e+00 2.198406219482421875e+00
-3.694775772094726562e+01 5.051167964935302734e+00 -9.979759454727172852e-01 -2.051327228546142578e+00 1.156017494201660156e+01 2.070775032043457031e+00 -8.375239372253417969e+00 -7.478316307067871094e+00 4.736294746398925781e+00 1.800963401794433594e+00 -2.847719788551330566e-01 -1.491652727127075195e+00 -3.436811685562133789e+00 2.845896005630493164e+00 -1.781861424446105957e+00 -5.000034809112548828e+00 -5.879033803939819336e-01 8.948828697204589844e+00 8.790194511413574219e+00 -3.343163490295410156e+00 -2.237594842910766602e+00 6.120379567146301270e-01 4.823370277881622314e-01 -8.905851364135742188e+00 4.538336277008056641e+00 -6.765199184417724609e+00 -7.746299743652343750e+00 4.657464027404785156e+00 -6.754543304443359375e+00 -9.032048583030700684e-01 -3.175704717636108398e+00 -5.976183414459228516e+00 -2.058624982833862305e+00 2.782268524169921875e+00 1.271064472198486328e+01 1.819049596786499023e+00 2.195610284805297852e+00 1.774868965148925781e+00 4.900657653808593750e+00 -5.556271076202392578e+00 -4.359176158905029297e+00 1.582648873329162598e+00 -8.311181068420410156e+00 -5.249506950378417969e+00 1.353652358055114746e+00 2.018366098403930664e+00 -6.689451217651367188e+00 -1.753243803977966309e+00 -7.534926414489746094e+00 3.823537349700927734e+00 5.427861213684082031e+00 -1.857463240623474121e+00 -7.079954147338867188e+00 1.920174241065979004e+00 2.323095798492431641e+00 -3.371410369873046875e+00 3.119136571884155273e+00 -2.121078968048095703e+00 2.145037174224853516e+00 9.963487625122070312e+00 -6.164309978485107422e+00 1.744838356971740723e+00 -5.042794227600097656e+00 1.433346271514892578e+00 -6.807988643646240234e+00 -1.822546362876892090e+00 5.504619121551513672e+00 5.273876667022705078e+00 -1.742732048034667969e+00 -4.386854171752929688e+00 -2.506162166595458984e+00 2.788977324962615967e-01 3.669648647308349609e+00 -3.854089498519897461e+00 3.111711263656616211e+00 -1.050912737846374512e+00 -5.699087619781494141e+00 -2.026656627655029297e+00 5.581122040748596191e-01 -1.781150698661804199e+00 -1.749715805053710938e+00 -5.677858352661132812e+00 -1.289309501647949219e+00 1.658640503883361816e+00 3.401037216186523438e+00 2.924160242080688477e+00 1.778463482856750488e+00 1.213659405708312988e+00 1.819645285606384277e+00 1.014353466033935547e+01 -1.950955867767333984e+00 -5.179334282875061035e-01 -1.261483192443847656e+00 6.094809174537658691e-01 -4.045113325119018555e-01 1.895117759704589844e+00 -2.973114490509033203e+00 -1.842524051666259766e+00 -1.960566639900207520e+00 5.523993015289306641e+00
-4.464101791381835938e+01 1.170267868041992188e+01 -2.511307895183563232e-01 -4.406017780303955078e+00 7.650326251983642578e+00 -4.931861460208892822e-01 -1.297146892547607422e+01 -9.629390716552734375e+00 -2.402964591979980469e+00 2.433310270309448242e+00 9.813673496246337891e-01 1.887341499328613281e+00 -6.749800205230712891e+00 -1.969305872917175293e+00 -7.461865901947021484e+00 -2.243937253952026367e+00 3.012382745742797852e+00 -3.496721744537353516e+00 -2.049344301223754883e+00 -4.208425045013427734e+00 4.460106492042541504e-01 -6.190488815307617188e+00 6.208825111389160156e+00 5.961799621582031250e+00 -5.303833484649658203e+00 -4.195773124694824219e+00 -5.930801033973693848e-01 -4.836184978485107422e+00 -3.798525571823120117e+00 -9.124097824096679688e+00 1.715159416198730469e+00 9.711092948913574219e+00 -7.782993793487548828e+00 -6.595601558685302734e+00 -3.296781778335571289e+00 -2.674829065799713135e-01 -4.041075229644775391e+00 5.351419448852539062e+00 7.601295113563537598e-01 -6.083431720733642578e+00 1.910197615623474121e+00 -3.174875974655151367e+00 -8.497278094291687012e-01 -3.679345548152923584e-01 4.552217423915863037e-01 9.185766220092773438e+00 -4.219869136810302734e+00 -2.580109238624572754e-01 2.620584726333618164e+00 7.710495471954345703e+00 7.714252948760986328e+00 1.781357884407043457e+00 2.116255611181259155e-01 1.346207857131958008e+00 9.461172103881835938e+00 -1.788917183876037598e+00 1.138607406616210938e+01 3.369111061096191406e+00 -4.416553974151611328e-01 4.921046257019042969e+00 -3.759497642517089844e+00 4.340986251831054688e+00 5.823662877082824707e-01 -1.930532217025756836e+00 5.258274078369140625e+00 -6.314424276351928711e-01 2.064849615097045898e+00 5.920860767364501953e+00 2.756155729293823242e+00 2.427407741546630859e+00 1.556485533714294434e+00 3.820543766021728516e+00 5.326466560363769531e+00 -1.282239437103271484e+00 6.527855396270751953e-01 -2.114124298095703125e-01 -5.230845451354980469e+00 -5.986962795257568359e+00 1.067560911178588867e+00 3.513954639434814453e+00 4.854855537414550781e-01 1.394137024879455566e+00 -5.528518199920654297e+00 -3.472477912902832031e+00 4.018166542053222656e+00 4.368429660797119141e+00 -4.778800487518310547e+00 -7.011631131172180176e-02 1.237277030944824219e+00 -9.751316308975219727e-01 3.421510457992553711e+00 1.644388556480407715e+00 -1.134648799896240234e+00 1.243035197257995605e+00 -2.429808139801025391e+00 -6.189343929290771484e-01 -2.442861557006835938e+00 -2.247030019760131836e+00 2.735549926757812500e+00 -2.878072261810302734e+00
-4.391971588134765625e+01 1.324187660217285156e+01 -3.553937673568725586e+00 1.159964370727539062e+01 1.182195186614990234e+01 -1.999856114387512207e+00 -1.022245979309082031e+01 -1.022618579864501953e+01 -1.563255667686462402e+00 9.776942253112792969e+00 -2.522868156433105469e+00 -5.365676879882812500e+00 -3.638285875320434570e+00 -6.305204391479492188e+00 -6.505856513977050781e+00 3.935978651046752930e+00 2.628527164459228516e+00 6.536932945251464844e+00 -3.620526075363159180e+00 -2.016519069671630859e+00 7.136221408843994141e+00 -3.364169359207153320e+00 1.225805282592773438e+00 -2.140123128890991211e+00 1.472034931182861328e+00 -3.213740587234497070e+00 -2.224280357360839844e+00 -1.041590809822082520e+00 1.385095119476318359e+00 -9.065256118774414062e+00 1.960335969924926758e-01 4.773820400238037109e+00 -3.071714401245117188e+00 4.291222095489501953e+00 -1.097806549072265625e+01 5.384181812405586243e-02 -3.712219595909118652e-01 -5.099883675575256348e-01 -3.362091541290283203e+00 -3.040430784225463867e+00 9.691438078880310059e-01 2.876457691192626953e+00 -8.297936320304870605e-01 1.962770581245422363e+00 1.978963136672973633e+00 2.386346101760864258e+00 1.140777349472045898e+00 5.707504153251647949e-01 3.251503467559814453e+00 1.399716854095458984e+00 -3.523629426956176758e+00 -3.404141426086425781e+00 3.635269403457641602e+00 -2.424603939056396484e+00 1.699561715126037598e+00 -5.404821872711181641e+00 1.383974909782409668e+00 -8.151335716247558594e+00 -5.626252174377441406e+00 7.452661395072937012e-01 -1.414728045463562012e+00 -4.478609085083007812e+00 5.140209197998046875e-01 -5.768424034118652344e+00 -5.221875905990600586e-01 -4.335376739501953125e+00 5.067262172698974609e+00 9.660758823156356812e-02 -1.169920325279235840e+00 -2.460588216781616211e+00 -1.130669474601745605e+00 -1.964872598648071289e+00 -2.526831388473510742e+00 6.217668533325195312e+00 3.930310726165771484e+00 3.699215352535247803e-01 1.518302917480468750e+00 -2.281496763229370117e+00 1.210826396942138672e+00 1.539329648017883301e+00 -3.328477621078491211e+00 -4.600194394588470459e-01 4.196893692016601562e+00 -1.879720091819763184e+00 2.732469320297241211e+00 1.360901117324829102e+00 -5.428237915039062500e+00 9.097324013710021973e-01 3.282605707645416260e-01 -2.736353874206542969e+00 2.886311769485473633e+00 -2.332026481628417969e+00 7.203417778015136719e+00 1.794153809547424316e+00 -3.404327154159545898e+00 -2.258689403533935547e+00 -2.969110488891601562e+00 2.057975769042968750e+00 2.626673936843872070e+00 -4.382056891918182373e-01
-3.896311187744140625e+01 1.082762622833251953e+01 -6.943467140197753906e+00 8.203673362731933594e+00 1.165792369842529297e+01 -1.341618895530700684e+00 -8.989017486572265625e+00 -1.263921642303466797e+01 -1.280280113220214844e+00 1.524523162841796875e+01 -1.797699570655822754e+00 -5.652202129364013672e+00 -1.340794920921325684e+00 -9.630743026733398438e+00 2.437081336975097656e+00 -4.008795619010925293e-01 -2.049813866615295410e-01 3.283986330032348633e+00 -4.149165630340576172e+00 -4.538778781890869141e+00 -3.282278299331665039e+00 3.454371094703674316e-01 5.204379558563232422e+00 4.379610061645507812e+00 -2.080116271972656250e+00 -2.151690483093261719e+00 -4.061166763305664062e+00 -1.220953345298767090e+00 -5.184216976165771484e+00 -2.046181917190551758e+00 3.307850599288940430e+00 1.070891976356506348e+00 8.275651931762695312e-02 8.721721172332763672e-01 -1.028484940528869629e+00 -2.387448787689208984e+00 -7.217169284820556641e+00 -6.752427220344543457e-01 3.626413583755493164e+00 1.786823391914367676e+00 1.363121390342712402e+00 1.195411872863769531e+01 3.293550968170166016e+00 -2.847376585006713867e+00 -6.202211856842041016e+00 -5.670542716979980469e+00 1.043725609779357910e+00 -8.520931601524353027e-01 -2.308049798011779785e-01 3.401810228824615479e-01 -5.161108970642089844e+00 1.445631265640258789e+00 3.003014564514160156e+00 -5.691292285919189453e+00 -1.136735558509826660e+00 -1.129416465759277344e+00 4.969421327114105225e-01 -2.768815040588378906e+00 -3.024859189987182617e+00 -5.357372760772705078e-01 -2.228465527296066284e-01 -4.469226837158203125e+00 -3.139598369598388672e+00 4.889945983886718750e+00 -1.637281537055969238e+00 1.431134700775146484e+00 2.567904949188232422e+00 -6.063799858093261719e-01 -1.250575423240661621e+00 1.391482651233673096e-01 -1.529105424880981445e+00 -3.599767208099365234e+00 -5.852397441864013672e+00 3.005102396011352539e+00 7.537395477294921875e+00 -9.262302517890930176e-01 1.138871550559997559e+00 -3.539461851119995117e+00 -1.724444508552551270e+00 -1.197784423828125000e+00 -7.560555934906005859e+00 -3.628967106342315674e-01 2.575758457183837891e+00 -7.997569441795349121e-01 1.445465564727783203e+00 3.444225549697875977e+00 3.325890302658081055e+00 1.614277362823486328e+00 -3.433421611785888672e+00 1.450048208236694336e+00 -7.013747692108154297e-01 -3.564389944076538086e+00 1.789332032203674316e-01 2.690432310104370117e+00 3.454669713973999023e+00 4.703113079071044922e+00 1.573014259338378906e+00 -2.023263454437255859e+00 1.370113968849182129e+00 -3.981879055500030518e-01
-1.856292152404785156e+01 -8.538171768188476562e+00 -1.595408558845520020e+00 -7.355123519897460938e+00 9.233293533325195312e+00 5.490203380584716797e+00 1.078138828277587891e+01 2.597579717636108398e+00 3.206561505794525146e-01 7.419848442077636719e+00 -1.301633358001708984e+00 -2.293914318084716797e+00 -9.474128723144531250e+00 -5.575249671936035156e+00 1.472897082567214966e-01 6.094400882720947266e+00 -1.883170008659362793e+00 5.000169754028320312e+00 5.280008316040039062e+00 -2.893578052520751953e+00 -1.778523683547973633e+00 1.897206664085388184e+00 2.651865482330322266e+00 1.226228141784667969e+01 -4.604402542114257812e+00 5.945807933807373047e+00 1.385890126228332520e+00 9.556428194046020508e-01 2.128944635391235352e+00 -6.678044795989990234e-01 -3.097820043563842773e+00 -3.097445011138916016e+00 1.634323239326477051e+00 1.310250163078308105e+00 -4.842817306518554688e+00 2.018473148345947266e+00 -6.130590915679931641e+00 -5.123209476470947266e+00 -6.753983974456787109e+00 -1.996196866035461426e+00 2.269462108612060547e+00 -4.113783538341522217e-01 -5.735747814178466797e+00 2.189718723297119141e+00 7.275423407554626465e-01 3.585294723510742188e+00 -7.427140235900878906e+00 -3.991925239562988281e+00 1.934471011161804199e+00 2.954844474792480469e+00 -6.500875949859619141e+00 1.476699471473693848e+00 4.190873727202415466e-02 -1.461274147033691406e+00 5.794124603271484375e+00 2.746250867843627930e+00 3.489470243453979492e+00 3.635952234268188477e+00 2.752803087234497070e+00 -4.976852893829345703e+00 -1.097979187965393066e+00 2.865468025207519531e+00 3.614772319793701172e+00 2.632558584213256836e+00 1.511649250984191895e+00 -2.334603548049926758e+00 1.272770285606384277e+00 -5.694272518157958984e+00 -7.864063978195190430e-01 1.023228913545608521e-01 1.134002804756164551e+00 4.260382175445556641e+00 -3.171859741210937500e+00 -6.083500862121582031e+00 4.498631477355957031e+00 -8.129443526268005371e-01 -2.473199129104614258e+00 -1.902875542640686035e+00 -3.852979898452758789e+00 1.062753081321716309e+00 -2.884743511676788330e-01 -3.057860136032104492e+00 3.583683729171752930e+00 -2.915371894836425781e+00 -1.767901182174682617e+00 2.478796005249023438e+00 1.027277350425720215e+00 -1.958454549312591553e-01 1.439085602760314941e-01 4.510797858238220215e-01 -7.840782999992370605e-01 1.280414700508117676e+00 -4.715897560119628906e+00 1.850687153637409210e-02 4.442093372344970703e+00 -3.725526094436645508e+00 7.221841216087341309e-01 2.105234116315841675e-01 4.369685649871826172e+00 2.320233106613159180e+00
-3.431187057495117188e+01 4.707670211791992188e+00 -5.199887752532958984e+00 -5.168743133544921875e+00 6.542205333709716797e+00 4.476815223693847656e+00 7.411409378051757812e+00 -1.296668052673339844e+00 -6.206646919250488281e+00 1.311190128326416016e+00 3.337662696838378906e+00 2.337734699249267578e+00 3.176145851612091064e-01 -4.846367835998535156e+00 -9.525393843650817871e-01 -7.099064350128173828e+00 5.636615753173828125e-01 -1.193009018898010254e+00 4.834968090057373047e+00 1.910632967948913574e+00 8.409438133239746094e+00 7.478367328643798828e+00 4.147685050964355469e+00 4.757563591003417969e+00 -2.945242404937744141e+00 1.675402164459228516e+00 -4.149634838104248047e+00 -1.665664315223693848e+00 -5.952279567718505859e+00 -7.863296031951904297e+00 2.734915971755981445e+00 3.663351058959960938e+00 -5.230326652526855469e+00 -3.747010707855224609e+00 -1.049851799011230469e+01 -3.110263347625732422e+00 -6.143226027488708496e-01 6.057115077972412109e+00 -5.104966163635253906e-01 3.494206428527832031e+00 5.950053334236145020e-01 -2.867902278900146484e+00 8.202557563781738281e+00 -5.932356834411621094e+00 3.249094009399414062e+00 1.452649354934692383e+00 -3.411417722702026367e+00 2.867353200912475586e+00 -5.776994705200195312e+00 -1.767888903617858887e+00 -1.141384243965148926e+00 -3.188582181930541992e+00 -3.333034992218017578e+00 7.049379348754882812e+00 3.512701272964477539e+00 4.730008602142333984e+00 -4.093347072601318359e+00 1.372605323791503906e+00 2.323891878128051758e+00 5.740405082702636719e+00 3.792674779891967773e+00 -1.283614754676818848e+00 -2.744855165481567383e+00 -2.743584871292114258e+00 2.516375541687011719e+00 8.305324316024780273e-01 1.132872700691223145e+00 -7.631226539611816406e+00 1.861284524202346802e-01 2.154766321182250977e+00 2.032496213912963867e+00 4.612339019775390625e+00 1.091813668608665466e-02 8.709757804870605469e+00 -1.689552307128906250e+00 2.697679996490478516e+00 -1.627083063125610352e+00 -3.516266584396362305e+00 -3.083276987075805664e+00 -2.533523082733154297e+00 -8.923480510711669922e-01 1.509805679321289062e+00 1.333638310432434082e+00 -4.640264987945556641e+00 7.002968192100524902e-01 -7.294497489929199219e-01 6.115018367767333984e+00 -1.077907800674438477e+00 -8.765284538269042969e+00 2.411259412765502930e+00 1.512241244316101074e+00 5.903798937797546387e-01 -1.704578995704650879e+00 3.494270801544189453e+00 -3.873063921928405762e-01 2.214611530303955078e+00 2.111064672470092773e+00 3.310059309005737305e+00 -2.173121690750122070e+00 3.822761774063110352e+00
-3.614210891723632812e+01 -4.461815655231475830e-01 -4.669311046600341797e+00 -9.946599960327148438e+00 5.098899364471435547e+00 -2.631892204284667969e+00 -4.584022521972656250e+00 2.022613525390625000e+00 -2.329112768173217773e+00 -5.708891391754150391e+00 3.230691194534301758e+00 5.962634086608886719e+00 2.663952112197875977e+00 -7.470046997070312500e+00 2.106622695922851562e+00 6.434378623962402344e+00 2.618025064468383789e+00 -4.191056728363037109e+00 8.018176078796386719e+00 -7.240929603576660156e+00 4.265780448913574219e+00 -3.253926753997802734e+00 5.427354335784912109e+00 2.331026554107666016e+00 -8.406710624694824219e+00 7.377934932708740234e+00 -6.948424339294433594e+00 2.924502491950988770e-01 4.333024024963378906e-01 -1.541630029678344727e+00 1.432068347930908203e+00 4.242885112762451172e+00 1.204254817962646484e+01 6.267441749572753906e+00 -1.631269812583923340e+00 -4.236640453338623047e+00 -5.435850620269775391e+00 6.579582691192626953e-01 2.488997220993041992e+00 1.652914047241210938e+00 -3.564973354339599609e+00 -2.642970561981201172e+00 -1.995591759681701660e+00 -1.749296486377716064e-01 -5.427323341369628906e+00 -2.695243597030639648e+00 -5.019038677215576172e+00 4.677896499633789062e+00 4.866114139556884766e+00 2.387315034866333008e+00 5.806852817535400391e+00 -3.140010535717010498e-01 -2.164319753646850586e+00 -5.488801598548889160e-01 1.757141053676605225e-01 2.154827594757080078e+00 2.671095430850982666e-01 -1.019023537635803223e+00 -3.108250856399536133e+00 -1.059575080871582031e+00 5.726756095886230469e+00 1.592408776283264160e+00 -7.413571357727050781e+00 -1.479999303817749023e+00 9.631517529487609863e-01 -2.074711799621582031e+00 -3.793015956878662109e+00 6.085314154624938965e-01 7.066428661346435547e-01 3.255771636962890625e+00 2.422202348709106445e+00 -3.711415767669677734e+00 4.644205093383789062e+00 2.456105232238769531e+00 -6.053801178932189941e-01 -1.262001156806945801e+00 -5.011271476745605469e+00 3.184224843978881836e+00 5.622493624687194824e-01 -1.008350849151611328e+00 -3.714205324649810791e-02 -6.678803920745849609e+00 -5.301380634307861328e+00 3.821313142776489258e+00 1.447524070739746094e+00 -1.586303830146789551e+00 -2.287701606750488281e+00 -2.116377592086791992e+00 -1.311180591583251953e+00 -5.190899968147277832e-01 -4.261369407176971436e-01 2.273616313934326172e+00 1.948882102966308594e+00 7.083770275115966797e+00 -4.392319679260253906e+00 -5.813216209411621094e+00 -3.522377014160156250e+00 -3.543029725551605225e-01 2.447973012924194336e+00 1.033089518547058105e+00
-3.215907287597656250e+01 2.253445625305175781e+00 -6.148041248321533203e+00 -6.363453865051269531e+00 -7.617854118347167969e+00 -8.471606254577636719e+00 7.849173069000244141e+00 3.902390956878662109e+00 6.388958930969238281e+00 -2.053573369979858398e+00 -3.321345197036862373e-03 -6.970325708389282227e-01 5.453614234924316406e+00 2.814178168773651123e-01 1.468813657760620117e+00 3.111207485198974609e-01 1.623016357421875000e+00 1.200275778770446777e+00 8.521147727966308594e+00 2.297523260116577148e+00 -4.311800479888916016e+00 3.430243968963623047e+00 -7.194449424743652344e+00 -9.955245256423950195e-01 -7.661582231521606445e-01 5.922015666961669922e+00 -9.135383605957031250e+00 -6.887283921241760254e-01 4.662802815437316895e-01 2.028894186019897461e+00 -1.640625953674316406e+00 -4.480201244354248047e+00 -8.843203544616699219e+00 9.124375581741333008e-01 4.025391578674316406e+00 4.545765519142150879e-01 -3.822225570678710938e+00 1.084466075897216797e+01 -3.270562171936035156e+00 -4.456333637237548828e+00 5.772843360900878906e+00 -5.186784267425537109e+00 -3.512764453887939453e+00 -2.085175275802612305e+00 6.280879497528076172e+00 -5.262804508209228516e+00 -1.742577314376831055e+00 -1.075865149497985840e+00 3.715963840484619141e+00 8.055434226989746094e-01 4.687901973724365234e+00 -3.258266448974609375e+00 2.205418586730957031e+00 2.408049345016479492e+00 -1.088991045951843262e+00 3.089641809463500977e+00 -2.934705972671508789e+00 -2.232737541198730469e+00 1.933326363563537598e+00 3.051871538162231445e+00 -3.427628993988037109e+00 7.215161323547363281e-01 -2.481082916259765625e+00 2.316413402557373047e+00 -2.487197875976562500e+00 -8.437346220016479492e-01 2.301240682601928711e+00 2.938275635242462158e-01 -2.320023298263549805e+00 -5.211582183837890625e-01 -6.632272601127624512e-01 1.724288940429687500e+00 3.361016035079956055e+00 3.469237804412841797e+00 -4.419538080692291260e-01 1.123796582221984863e+00 -4.277227878570556641e+00 -2.239028453826904297e+00 1.699359416961669922e+00 2.217016458511352539e+00 -3.690905332565307617e+00 -1.190051436424255371e+00 2.335913658142089844e+00 4.208491325378417969e+00 -1.746198058128356934e+00 2.772344827651977539e+00 -3.129218339920043945e+00 8.509818315505981445e-01 -3.495153427124023438e+00 -1.089798092842102051e+00 -1.249759942293167114e-01 -2.924537472426891327e-02 -8.900167346000671387e-01 1.237372636795043945e+00 1.302614212036132812e+00 4.875825881958007812e+00 1.585437655448913574e+00 -6.422098159790039062e+00 5.363894701004028320e-01 3.740848898887634277e-01
-3.826204299926757812e+01 1.219508647918701172e+00 -1.648627877235412598e+00 -1.163652038574218750e+01 1.259783506393432617e+00 -1.351814031600952148e+00 1.406467318534851074e+00 1.361503601074218750e+00 -6.005925178527832031e+00 2.583073616027832031e+00 2.642523527145385742e+00 1.372386217117309570e+00 3.264521658420562744e-01 -1.093785953521728516e+01 4.475567340850830078e+00 -7.074792385101318359e+00 7.154280662536621094e+00 4.192390143871307373e-01 8.967159390449523926e-01 -3.488288402557373047e+00 3.049353361129760742e-01 -1.470024943351745605e+00 5.191748142242431641e+00 -2.049792766571044922e+00 4.635551452636718750e+00 6.284967064857482910e-01 5.496293902397155762e-01 4.175362110137939453e+00 -2.152531743049621582e-01 1.878030896186828613e+00 -3.637077569961547852e+00 -1.918298751115798950e-02 5.378929138183593750e+00 8.366435050964355469e+00 -6.421741485595703125e+00 1.670223355293273926e+00 4.014984607696533203e+00 4.231881141662597656e+00 1.332102566957473755e-01 5.976966619491577148e-01 -5.686459690332412720e-02 -4.223347663879394531e+00 -7.049778461456298828e+00 7.191421508789062500e+00 -1.064890503883361816e+00 -6.688150405883789062e+00 -6.375494480133056641e+00 -3.154610693454742432e-01 -1.157845258712768555e+00 2.142014980316162109e+00 1.025222778320312500e+00 -1.242788672447204590e+00 4.804409027099609375e+00 2.392576217651367188e+00 1.247349381446838379e+00 -1.602637410163879395e+00 -1.770496249198913574e+00 1.443802595138549805e+00 -2.152522504329681396e-01 1.318360447883605957e+00 4.502992153167724609e+00 -7.272971272468566895e-01 -1.021820425987243652e+00 -7.600918412208557129e-01 1.116106390953063965e+00 -4.298803806304931641e+00 -4.291969776153564453e+00 -8.439637422561645508e-01 3.814157485961914062e+00 -7.429539561271667480e-01 2.032396554946899414e+00 1.103149890899658203e+00 6.277362823486328125e+00 8.466350287199020386e-02 -7.420362949371337891e+00 -3.772888705134391785e-02 5.376640558242797852e-01 -4.331774711608886719e+00 -3.199149370193481445e+00 -4.729770660400390625e+00 -6.179012775421142578e+00 4.617122173309326172e+00 -3.248806953430175781e+00 3.325654268264770508e+00 2.571883916854858398e+00 -6.412882804870605469e-01 -1.078355312347412109e+00 -1.003033041954040527e+00 3.829196691513061523e+00 -5.742301344871520996e-01 8.679053783416748047e-01 1.286495566368103027e+00 -3.091369152069091797e+00 2.020818948745727539e+00 6.442107677459716797e+00 -1.467421054840087891e+00 -3.760696649551391602e-01 -1.214185833930969238e+00 -5.490450263023376465e-01 -4.585545659065246582e-01
-2.596820068359375000e+01 -3.813206195831298828e+00 -6.972839832305908203e+00 -5.029726505279541016e+00 1.673675417900085449e+00 -5.420935526490211487e-02 6.335463523864746094e+00 1.053617000579833984e+01 7.245611667633056641e+00 5.335600852966308594e+00 4.779595851898193359e+00 1.821348547935485840e+00 -3.379379510879516602e+00 -9.180527687072753906e+00 -3.304944038391113281e-01 -3.821902513504028320e+00 4.451073169708251953e+00 -5.394916534423828125e-01 3.995105743408203125e+00 -5.088819026947021484e+00 -1.014165043830871582e+00 5.523093223571777344e+00 -2.232600212097167969e+00 3.419016599655151367e+00 -2.325623989105224609e+00 1.022315323352813721e-01 -2.588208913803100586e+00 2.716032564640045166e-01 -1.428044915199279785e+00 3.172696590423583984e+00 -3.185264348983764648e+00 -3.913561105728149414e+00 7.058000087738037109e+00 -2.686245441436767578e+00 9.035997390747070312e-01 3.020683765411376953e+00 4.026460170745849609e+00 5.346267223358154297e+00 2.132001638412475586e+00 -4.664832592010498047e+00 -3.087160587310791016e+00 2.210280179977416992e+00 4.668562889099121094e+00 -5.187558174133300781e+00 3.402609750628471375e-02 -2.155258655548095703e+00 -3.928436994552612305e+00 -1.999582886695861816e+00 -1.937452554702758789e+00 -2.019875049591064453e+00 -1.610333561897277832e+00 -1.638696908950805664e+00 -2.337319254875183105e-01 -2.248554974794387817e-01 1.605111479759216309e+00 4.257151857018470764e-02 -1.227824240922927856e-01 2.191818803548812866e-01 1.464332818984985352e+00 -7.233279347419738770e-01 2.467195987701416016e+00 1.559720039367675781e+00 3.883875608444213867e-01 1.510399580001831055e+00 -2.358035564422607422e+00 1.622389674186706543e+00 5.070722103118896484e-01 -1.551086306571960449e+00 6.853960752487182617e-01 -6.892847061157226562e+00 -2.271427154541015625e+00 -3.701739072799682617e+00 -1.223412990570068359e+00 -9.620623588562011719e-01 -1.051916122436523438e+00 -5.614949226379394531e+00 1.073362231254577637e+00 -3.598559379577636719e+00 -1.538794279098510742e+00 4.583568572998046875e-01 1.543496966361999512e+00 6.421331882476806641e+00 1.173490285873413086e+00 1.010672211647033691e+00 2.857312917709350586e+00 6.201214343309402466e-02 5.181796103715896606e-02 1.968020677566528320e+00 1.934755682945251465e+00 2.095903307199478149e-01 1.384985685348510742e+00 -4.603105068206787109e+00 1.145456358790397644e-01 4.039371490478515625e+00 -2.617751359939575195e+00 -5.238370895385742188e-01 1.113812923431396484e+00 -1.016772985458374023e+00 -2.602736234664916992e+00 3.202703714370727539e+00
-3.691260910034179688e+01 6.541817665100097656e+00 -6.069551467895507812e+00 -8.508668899536132812e+00 8.340290069580078125e+00 -1.788459181785583496e+00 -1.055235767364501953e+01 -4.752047061920166016e-01 -9.445739388465881348e-01 -9.427141189575195312e+00 5.639813899993896484e+00 8.241746425628662109e-01 -7.197891235351562500e+00 -4.007001399993896484e+00 -5.065583586692810059e-01 3.257321119308471680e+00 -2.577134132385253906e+00 -1.969565629959106445e+00 -1.245562195777893066e+00 -6.911436557769775391e+00 1.945408821105957031e+00 9.791505813598632812e+00 2.411061525344848633e-01 -1.553640365600585938e+00 -1.612111926078796387e+00 9.579409599304199219e+00 8.688008308410644531e+00 6.906779289245605469e+00 7.721472382545471191e-01 6.224557399749755859e+00 3.696328639984130859e+00 -4.036375522613525391e+00 3.383216142654418945e+00 -2.293701171875000000e+00 -2.365890264511108398e+00 -1.600459933280944824e+00 2.860044836997985840e-01 2.343808889389038086e+00 -4.705049991607666016e+00 7.100522994995117188e+00 -3.564592003822326660e-01 -7.336967468261718750e+00 -4.793503761291503906e+00 -6.526256084442138672e+00 -2.662771940231323242e-01 -1.520085811614990234e+00 -2.442722082138061523e+00 4.007098376750946045e-01 9.824982881546020508e-01 -7.285011291503906250e+00 2.769456148147583008e+00 -3.100790262222290039e+00 -2.449603796005249023e+00 5.264713764190673828e+00 4.992083549499511719e+00 -3.412037134170532227e+00 1.779151797294616699e+00 -8.974214553833007812e+00 -5.869572639465332031e+00 -2.440079927444458008e+00 1.158987879753112793e+00 2.846529006958007812e+00 -1.279034137725830078e+00 2.245410919189453125e+00 -1.288018703460693359e+00 -2.320984363555908203e+00 6.366733074188232422e+00 1.770823478698730469e+00 3.256052494049072266e+00 3.737701416015625000e+00 3.700462818145751953e+00 -1.669555544853210449e+00 -8.057830333709716797e-01 -6.948847293853759766e+00 -1.790333628654479980e+00 -1.361031651496887207e+00 -2.561764240264892578e+00 6.421121358871459961e-01 -3.414187669754028320e+00 8.853873252868652344e+00 4.802035391330718994e-01 1.466889023780822754e+00 -6.699375510215759277e-01 1.105884790420532227e+00 1.356397747993469238e+00 5.831667900085449219e+00 -2.837131619453430176e-01 -3.049612522125244141e+00 5.118519663810729980e-01 -1.611640572547912598e+00 1.527555108070373535e+00 3.532111406326293945e+00 -3.368467688560485840e-01 2.369967699050903320e+00 -2.567921876907348633e-01 3.443950891494750977e+00 3.249820947647094727e+00 5.480976104736328125e+00 -9.604401588439941406e-01 1.122485280036926270e+00
-4.074314880371093750e+01 1.249703407287597656e+01 -7.260258674621582031e+00 8.832745552062988281e+00 1.183649921417236328e+01 -2.750562667846679688e+00 -5.106285572052001953e+00 -9.502458572387695312e+00 1.773072838783264160e+00 6.335945725440979004e-01 -2.466722965240478516e+00 -5.517119884490966797e+00 5.898949623107910156e+00 6.639113903045654297e+00 -5.817743778228759766e+00 -2.255471467971801758e+00 -6.424530029296875000e+00 4.542616367340087891e+00 5.211655139923095703e+00 -2.264478683471679688e+00 3.603839635848999023e+00 -7.834559917449951172e+00 -1.481634378433227539e+00 -2.045177459716796875e+00 5.011925220489501953e+00 -4.735534667968750000e+00 2.772193193435668945e+00 -4.234827518463134766e+00 2.610391616821289062e+00 1.284573435783386230e+00 -5.347644329071044922e+00 -2.924520730972290039e+00 5.596591234207153320e-01 -1.245993494987487793e+00 4.652642905712127686e-01 -7.577938437461853027e-01 -2.570418119430541992e+00 -7.042885780334472656e+00 -1.399413108825683594e+00 -8.005301475524902344e+00 -2.560433864593505859e+00 1.622434139251708984e+00 -1.057079195976257324e+00 3.442442893981933594e+00 6.992016315460205078e+00 7.209333181381225586e-01 -1.589751601219177246e+00 -5.070156574249267578e+00 6.123714923858642578e+00 2.781502008438110352e+00 2.866035699844360352e+00 2.267964839935302734e+00 2.060703277587890625e+00 2.199750423431396484e+00 4.887819766998291016e+00 1.301209568977355957e+00 -1.870097398757934570e+00 -5.442412197589874268e-02 -3.341540575027465820e+00 -3.965972185134887695e+00 -1.276458621025085449e+00 6.357160091400146484e+00 1.739147007465362549e-01 2.209115266799926758e+00 1.188868761062622070e+00 6.203298568725585938e+00 1.310365915298461914e+00 1.861188054084777832e+00 -1.220705509185791016e+00 -4.600569605827331543e-01 -2.689369320869445801e-01 2.330651044845581055e+00 6.459968566894531250e+00 4.600965604186058044e-02 -1.771705508232116699e+00 -1.696341514587402344e+00 -3.616209745407104492e+00 5.230512022972106934e-01 -6.773803234100341797e-01 1.362806200981140137e+00 1.412733674049377441e+00 6.266599178314208984e+00 -1.159611940383911133e+00 4.110688567161560059e-01 7.406692504882812500e+00 -2.436832427978515625e+00 -1.744193792343139648e+00 2.404941558837890625e+00 -4.156009197235107422e+00 2.482851743698120117e+00 5.842747211456298828e+00 3.250094413757324219e+00 5.857150554656982422e+00 -1.413390994071960449e+00 -3.181805133819580078e+00 -9.995336532592773438e-01 3.187194764614105225e-01 -1.953695058822631836e+00 -6.544342517852783203e+00 -3.854065895080566406e+00
-3.895895767211914062e+01 4.724129199981689453e+00 -3.756554126739501953e-01 -4.002817630767822266e+00 -8.607233166694641113e-01 -4.718094825744628906e+00 -8.984970092773437500e+00 -8.523363113403320312e+00 -5.411117076873779297e+00 -2.584184885025024414e+00 -2.308034420013427734e+00 7.852833867073059082e-01 -2.588249921798706055e+00 -5.730548381805419922e+00 4.846718311309814453e-01 -1.177946281433105469e+01 -6.970655918121337891e+00 -6.730809211730957031e+00 -3.563006162643432617e+00 6.258967518806457520e-01 3.554829597473144531e+00 -9.232652187347412109e-01 -3.141045570373535156e+00 2.182334065437316895e-01 -8.256222724914550781e+00 -2.322358846664428711e+00 3.340145349502563477e-01 -7.550530433654785156e+00 6.469200611114501953e+00 2.941245317459106445e+00 -1.247700810432434082e+00 -6.602777957916259766e+00 -1.048666596412658691e+00 3.142921209335327148e+00 -3.784563064575195312e+00 -2.020158767700195312e+00 -8.946414947509765625e+00 5.471787452697753906e-01 -3.321380138397216797e+00 5.784784317016601562e+00 7.697570800781250000e+00 -8.640896797180175781e+00 3.449497461318969727e+00 2.034537315368652344e+00 1.189797878265380859e+01 3.037885762751102448e-02 9.270030856132507324e-01 6.057956695556640625e+00 -5.104305267333984375e+00 -1.095605611801147461e+00 4.381056785583496094e+00 -4.942569255828857422e+00 -5.754075527191162109e+00 -9.202013969421386719e+00 1.489550471305847168e+00 -4.041036128997802734e+00 -1.595936059951782227e+00 -4.179099500179290771e-01 -4.289126396179199219e+00 -4.920390605926513672e+00 -1.585374951362609863e+00 3.527099132537841797e+00 2.878391742706298828e-01 6.880608558654785156e+00 1.025319576263427734e+00 9.279379844665527344e+00 -4.992647647857666016e+00 -3.695035696029663086e+00 1.734650969505310059e+00 3.801353693008422852e+00 5.029561519622802734e+00 1.516522169113159180e+00 -1.094133853912353516e+00 -1.143399119377136230e+00 -1.516825318336486816e+00 1.734598040580749512e+00 6.049662113189697266e+00 2.389200687408447266e+00 2.596174240112304688e+00 -3.175736904144287109e+00 3.042165756225585938e+00 -1.624945282936096191e+00 -6.392569541931152344e-01 3.598455905914306641e+00 -8.508846759796142578e-01 3.933618307113647461e+00 -2.247550964355468750e+00 -4.573266506195068359e-01 6.279094815254211426e-01 6.927428722381591797e+00 -4.055183231830596924e-01 7.009169459342956543e-01 3.831543207168579102e+00 2.064996719360351562e+00 2.671122312545776367e+00 -1.904269814491271973e+00 4.516268253326416016e+00 3.940274715423583984e-01 3.024150133132934570e+00 2.743278980255126953e+00
-3.407776260375976562e+01 7.586918830871582031e+00 -3.624683618545532227e+00 2.171675682067871094e+00 -7.249016761779785156e+00 -1.233689117431640625e+01 -6.844311237335205078e+00 1.745780229568481445e+00 7.763536453247070312e+00 -4.773980617523193359e+00 1.187809276580810547e+01 3.816202580928802490e-01 -7.948638439178466797e+00 -6.266827583312988281e+00 -8.123205184936523438e+00 6.784385442733764648e-01 -3.092051506042480469e+00 -3.285196304321289062e+00 3.193306446075439453e+00 5.691362380981445312e+00 -3.600705385208129883e+00 2.460651397705078125e+00 4.270609855651855469e+00 -5.172676563262939453e+00 -3.298059463500976562e+00 1.443878531455993652e+00 6.980688095092773438e+00 -2.257496833801269531e+00 -5.048552155494689941e-01 8.387488365173339844e+00 5.974575877189636230e-01 2.055481672286987305e-01 -9.004951119422912598e-01 4.274900913238525391e+00 2.228493690490722656e+00 -2.579940557479858398e-01 1.747001171112060547e+00 3.625517845153808594e+00 2.987853765487670898e+00 -3.061406373977661133e+00 -2.077711820602416992e+00 4.149251937866210938e+00 -2.812345266342163086e+00 5.022657871246337891e+00 3.330849647521972656e+00 2.926402330398559570e+00 -2.048600196838378906e+00 1.631092429161071777e+00 2.666604518890380859e+00 1.511119127273559570e+00 3.244469642639160156e+00 -3.542263031005859375e+00 2.108804941177368164e+00 -5.053550004959106445e-01 3.354824185371398926e-01 1.798017501831054688e+00 -8.670413494110107422e-01 -1.394093155860900879e+00 4.111588954925537109e+00 -5.737559318542480469e+00 -3.444172859191894531e+00 2.742465257644653320e+00 1.020689487457275391e+00 -2.754704356193542480e-01 1.123122096061706543e+00 -4.623722553253173828e+00 2.435814380645751953e+00 -1.308274745941162109e+00 5.288694381713867188e+00 -3.908972978591918945e+00 8.340462684631347656e+00 9.656628370285034180e-01 5.892744541168212891e+00 1.332207441329956055e+00 1.156563639640808105e+00 1.033588290214538574e+00 3.940107822418212891e+00 -3.425960838794708252e-01 2.960778236389160156e+00 2.360532522201538086e+00 -1.252062916755676270e+00 -4.052294731140136719e+00 -1.399609923362731934e+00 -8.265720367431640625e+00 -6.099203586578369141e+00 -3.808676958084106445e+00 6.762123107910156250e-01 6.458853483200073242e-01 -1.512593328952789307e-01 1.571953535079956055e+00 -2.297558307647705078e+00 3.426433801651000977e-01 -2.198692798614501953e+00 -3.421584367752075195e+00 4.142540931701660156e+00 -8.472498506307601929e-02 3.608708143234252930e+00 2.345454692840576172e+00 -5.313684463500976562e+00 -3.863488435745239258e+00
-3.827939605712890625e+01 9.624578475952148438e+00 -6.592167854309082031e+00 -2.398822069168090820e+00 5.896266460418701172e+00 -8.329802751541137695e-01 -1.773978948593139648e+00 -1.068093299865722656e+00 -3.878993511199951172e+00 -1.754209280014038086e+00 1.525171399116516113e+00 -4.403938353061676025e-01 -4.192848682403564453e+00 -8.431939125061035156e+00 -2.968851327896118164e+00 -3.603854417800903320e+00 -2.822980880737304688e+00 -4.639609336853027344e+00 9.300050735473632812e+00 1.685946136713027954e-01 -4.378000736236572266e+00 9.265232682228088379e-01 4.108994960784912109e+00 -7.512300610542297363e-01 -1.331520795822143555e+00 -6.656212806701660156e-01 -2.887253522872924805e+00 -7.743805646896362305e-02 -5.626589298248291016e+00 1.258361101150512695e+00 8.302954435348510742e-01 1.205031871795654297e+00 -4.691899299621582031e+00 -2.062251329421997070e+00 -1.380249381065368652e+00 4.014713764190673828e+00 -1.985648155212402344e+00 -2.951217412948608398e+00 -2.317378520965576172e+00 -1.464259743690490723e+00 3.164956331253051758e+00 -4.214311122894287109e+00 2.799137830734252930e+00 -4.189220368862152100e-01 5.651839733123779297e+00 4.080453872680664062e+00 3.023124217987060547e+00 -2.736095190048217773e+00 5.250714778900146484e+00 3.789839982986450195e+00 6.456744074821472168e-01 -2.739784717559814453e+00 3.846123218536376953e+00 -3.319825887680053711e+00 2.592360973358154297e+00 2.505270004272460938e+00 -1.440273523330688477e+00 -2.371200084686279297e+00 -4.931762218475341797e+00 -4.385396957397460938e+00 -1.626224517822265625e+00 5.791727304458618164e-01 -2.909267902374267578e+00 -1.453021407127380371e+00 9.989839196205139160e-01 -1.937071204185485840e+00 9.835247993469238281e-01 6.363628864288330078e+00 -6.070035457611083984e+00 2.095478057861328125e+00 -3.010336160659790039e-01 9.252743721008300781e-01 -3.329846858978271484e+00 1.869429945945739746e+00 -2.353097438812255859e+00 -1.058256924152374268e-01 5.119919300079345703e+00 3.432507038116455078e+00 8.344269990921020508e-01 -2.773905515670776367e+00 5.084020137786865234e+00 -2.162841081619262695e+00 1.768980741500854492e+00 -6.754792928695678711e-01 -3.644256114959716797e+00 3.519701004028320312e+00 -1.702871203422546387e+00 1.288440823554992676e+00 1.243796467781066895e+00 3.171891450881958008e+00 -3.795499563217163086e+00 3.106004714965820312e+00 2.891348600387573242e+00 3.813574910163879395e-01 1.650487899780273438e+00 -3.625329971313476562e+00 3.481428384780883789e+00 -2.216250419616699219e+00 -4.156497478485107422e+00 -1.888725399971008301e+00
-2.929441452026367188e+01 -1.895911574363708496e+00 -9.700783729553222656e+00 -8.136725425720214844e+00 1.824064373970031738e+00 -1.648195648193359375e+01 -6.541037559509277344e-01 1.358470678329467773e+00 3.336503744125366211e+00 -6.810357570648193359e+00 9.377367019653320312e+00 1.073998928070068359e+00 7.878315448760986328e-01 -6.777772903442382812e+00 2.316628694534301758e+00 -4.054655551910400391e+00 -8.897364616394042969e+00 -4.007725238800048828e+00 3.970330476760864258e+00 3.421775579452514648e+00 -1.087886929512023926e+00 4.065998077392578125e+00 5.708868980407714844e+00 -1.476822733879089355e+00 -4.814059734344482422e+00 3.857735991477966309e-01 -1.655791163444519043e+00 3.797993957996368408e-01 -6.591636180877685547e+00 -3.162983655929565430e+00 -2.458668947219848633e+00 1.602608680725097656e+00 4.032705783843994141e+00 -9.180843830108642578e-02 2.738928794860839844e+00 -1.500698447227478027e+00 1.546528220176696777e+00 -9.665639877319335938e+00 -2.802830696105957031e+00 -8.288778662681579590e-01 2.266196727752685547e+00 4.400571823120117188e+00 -8.871092796325683594e+00 -4.096905231475830078e+00 -7.876719236373901367e-01 7.127641677856445312e+00 -1.329487562179565430e+00 -3.652564585208892822e-01 3.335904836654663086e+00 7.053198814392089844e-01 1.900714278221130371e+00 7.500081658363342285e-01 -2.449388027191162109e+00 2.202738374471664429e-01 -1.287967413663864136e-01 -5.584529876708984375e+00 -5.365649461746215820e-01 8.745202422142028809e-01 1.317254781723022461e+00 -1.183191165328025818e-01 3.277082920074462891e+00 -1.751731991767883301e+00 -1.320839047431945801e+00 8.962950855493545532e-02 1.172187805175781250e+00 2.011139631271362305e+00 -3.102007150650024414e+00 -1.478024244308471680e+00 8.320385217666625977e-01 1.601364016532897949e+00 1.663603335618972778e-01 1.962873339653015137e+00 1.539122223854064941e+00 4.714903354644775391e+00 7.678543329238891602e-01 -1.009328663349151611e-01 4.398606300354003906e+00 -1.760737895965576172e+00 -9.313051104545593262e-01 5.798035144805908203e+00 -1.777115464210510254e+00 3.948829889297485352e+00 9.288327693939208984e-01 3.365614891052246094e+00 -3.932516336441040039e+00 2.342572212219238281e+00 7.721542716026306152e-01 9.311174154281616211e-01 1.704528808593750000e+00 -4.707245349884033203e+00 -2.765482664108276367e+00 -2.129915952682495117e+00 4.460533142089843750e+00 -6.550422310829162598e-01 2.663317203521728516e+00 -1.338017463684082031e+00 5.550022125244140625e-01 -4.402070522308349609e+00 -1.894431591033935547e+00 5.339360237121582031e+00
-3.596429061889648438e+01 6.151792526245117188e+00 -6.504011154174804688e+00 8.086590766906738281e+00 7.464141368865966797e+00 -1.054607105255126953e+01 -5.833640575408935547e+00 1.643790960311889648e+00 4.973572254180908203e+00 -1.841471433639526367e+00 2.884186983108520508e+00 -3.918853521347045898e+00 1.630263447761535645e+00 -3.105266809463500977e+00 6.925495624542236328e+00 -1.485490202903747559e+00 6.178389072418212891e+00 -1.762037128210067749e-01 -1.838331222534179688e-01 -8.450198173522949219e+00 -3.302587509155273438e+00 -3.621438026428222656e+00 -9.057787060737609863e-01 1.873778820037841797e+00 3.662916660308837891e+00 8.288625478744506836e-01 -3.403317689895629883e+00 2.760768175125122070e+00 -3.223778486251831055e+00 -1.351140737533569336e+00 9.103007912635803223e-01 2.265727758407592773e+00 -4.123808860778808594e+00 -3.815600156784057617e+00 -7.955509185791015625e+00 1.897574424743652344e+00 4.118978023529052734e+00 -1.110129547119140625e+01 -7.631893634796142578e+00 -2.875200033187866211e+00 1.079668712615966797e+01 2.804946422576904297e+00 1.885498285293579102e+00 -9.245905280113220215e-01 -4.323673248291015625e-01 3.925387859344482422e+00 5.116554260253906250e+00 -2.941633224487304688e+00 -4.794560372829437256e-01 -3.640006065368652344e+00 1.213621020317077637e+00 1.030499458312988281e+00 1.749206662178039551e+00 -5.361821174621582031e+00 2.886758744716644287e-01 -3.009521961212158203e+00 -5.382811069488525391e+00 -4.780898571014404297e+00 2.954253435134887695e+00 4.049230098724365234e+00 -5.927895903587341309e-01 2.269247055053710938e+00 -2.876042366027832031e+00 2.504233121871948242e+00 3.403402805328369141e+00 3.472656309604644775e-01 -2.127938270568847656e+00 -2.986812114715576172e+00 -3.153290271759033203e+00 -1.689659953117370605e+00 1.446476340293884277e+00 -3.667577266693115234e+00 1.402440190315246582e+00 4.669141292572021484e+00 -3.517274618148803711e+00 1.839991688728332520e+00 5.149777412414550781e+00 -4.599404811859130859e+00 4.173242568969726562e+00 2.004263162612915039e+00 6.997054815292358398e-01 -1.768034934997558594e+00 7.142065763473510742e-01 -2.044570446014404297e+00 -2.101385354995727539e+00 2.389898061752319336e+00 5.198154449462890625e-01 1.365190982818603516e+00 6.249027252197265625e+00 -1.621012091636657715e+00 3.524593830108642578e+00 -2.307463884353637695e+00 -1.743043780326843262e+00 -1.113887548446655273e+00 -1.738592863082885742e+00 -3.738681375980377197e-01 -5.675192832946777344e+00 5.930199027061462402e-01 -3.532721042633056641e+00 -4.267756342887878418e-01
-3.798029327392578125e+01 4.396232128143310547e+00 -3.854275703430175781e+00 -1.383024978637695312e+01 3.680082798004150391e+00 -3.210253715515136719e+00 -4.273911476135253906e+00 9.613063335418701172e-01 -2.271120309829711914e+00 -2.968915224075317383e+00 1.239499807357788086e+00 1.745099067687988281e+00 -2.056050777435302734e+00 2.972086668014526367e+00 7.451673984527587891e+00 -1.474679231643676758e+00 -1.555163860321044922e+00 -1.044341087341308594e+01 1.036437511444091797e+00 -5.015107154846191406e+00 -2.225839138031005859e+00 7.228995800018310547e+00 2.199397325515747070e+00 -5.258154869079589844e+00 4.896612644195556641e+00 -7.773214340209960938e+00 1.132555961608886719e+00 4.903660774230957031e+00 7.733957290649414062e+00 3.661169290542602539e+00 2.136566162109375000e+00 -9.607486128807067871e-01 -2.014772891998291016e+00 3.511147022247314453e+00 2.855057954788208008e+00 5.985962867736816406e+00 2.298122406005859375e+00 -3.355420351028442383e+00 1.367898881435394287e-01 1.137228202819824219e+01 2.554537534713745117e+00 -5.525494575500488281e+00 5.101053237915039062e+00 -1.347447991371154785e+00 3.459778428077697754e-01 6.254272937774658203e+00 -2.934599399566650391e+00 -3.610812664031982422e+00 3.488461256027221680e+00 1.291771650314331055e+00 2.149767160415649414e+00 -2.871891498565673828e+00 8.210237503051757812e+00 5.017940998077392578e+00 4.045254707336425781e+00 -2.020678758621215820e+00 -4.552659511566162109e+00 8.007795214653015137e-01 6.317837834358215332e-01 1.613445043563842773e+00 -5.493891239166259766e+00 1.687453240156173706e-01 -5.840494632720947266e+00 2.269639015197753906e+00 3.785237073898315430e+00 5.134844183921813965e-01 -3.868964672088623047e+00 -3.281176090240478516e+00 4.343997955322265625e+00 5.175237059593200684e-01 -6.863298892974853516e+00 4.550976753234863281e+00 -4.376506805419921875e+00 4.858506202697753906e+00 -7.792308330535888672e-01 -1.798347949981689453e+00 -5.756340026855468750e+00 1.087202429771423340e+00 1.533094882965087891e+00 3.306595563888549805e+00 2.021294355392456055e+00 -3.784417867660522461e+00 -2.399117231369018555e+00 -3.072929382324218750e+00 -4.404172003269195557e-01 -2.881023883819580078e-01 3.207788705825805664e+00 3.003118276596069336e+00 -2.698398828506469727e+00 2.451791048049926758e+00 -6.793228983879089355e-01 -1.841899514198303223e+00 -4.452017307281494141e+00 1.887128800153732300e-01 -3.147318840026855469e+00 -3.480611324310302734e+00 -1.021178483963012695e+00 1.853780269622802734e+00 2.192604690790176392e-01 5.546533465385437012e-01
-4.118273162841796875e+01 2.957856893539428711e+00 -9.611095190048217773e-01 -1.475079345703125000e+01 7.141986846923828125e+00 6.893539428710937500e+00 2.486254125833511353e-01 1.651705741882324219e+00 2.600257694721221924e-01 1.125429034233093262e+00 -4.783070683479309082e-01 -4.537580311298370361e-01 2.324681282043457031e+00 -1.776997804641723633e+00 4.736160755157470703e+00 -9.995416641235351562e+00 2.438127517700195312e+00 -6.999323844909667969e+00 1.928659677505493164e+00 1.908070921897888184e+00 -9.522512435913085938e+00 -2.515161514282226562e+00 -2.270478963851928711e+00 8.448690414428710938e+00 5.683465957641601562e+00 -5.295754432678222656e+00 -5.525361061096191406e+00 -4.229597568511962891e+00 -1.664424180984497070e+00 3.185837030410766602e+00 4.829713344573974609e+00 -2.758816003799438477e+00 -1.935305744409561157e-01 -7.987061977386474609e+00 2.040461301803588867e+00 -4.381407260894775391e+00 -4.696191787719726562e+00 -4.119230747222900391e+00 -1.603128790855407715e+00 -2.069305896759033203e+00 -9.224308729171752930e-01 1.985705941915512085e-01 -2.975816011428833008e+00 5.706345558166503906e+00 -2.191869020462036133e+00 -9.822816848754882812e-01 8.272433280944824219e+00 9.137210249900817871e-02 8.171426653861999512e-01 1.411133408546447754e+00 3.097875356674194336e+00 -8.348770141601562500e+00 -5.634439468383789062e+00 -6.848244190216064453e+00 -6.543321132659912109e+00 -8.665466904640197754e-01 -9.363890886306762695e-01 -9.671744108200073242e-01 -4.104181289672851562e+00 -1.306183815002441406e+00 8.073182106018066406e+00 -1.292246460914611816e+00 -5.037967205047607422e+00 1.676267236471176147e-01 -3.176067352294921875e+00 4.506938457489013672e+00 -2.302205085754394531e+00 5.777401924133300781e+00 -1.331708550453186035e+00 -8.324849128723144531e+00 -2.208515882492065430e+00 -1.115072250366210938e+00 7.141804695129394531e-01 -1.166197061538696289e+00 1.322847008705139160e+00 -9.154694080352783203e-01 -4.642051219940185547e+00 -2.494848728179931641e+00 -5.432400703430175781e+00 -4.928637027740478516e+00 1.980236530303955078e+00 -9.256133437156677246e-01 3.367596149444580078e+00 -1.978718489408493042e-01 4.578817844390869141e+00 -2.369133710861206055e+00 7.259773612022399902e-01 -1.442587971687316895e+00 9.751812815666198730e-01 1.587369561195373535e+00 -2.417226552963256836e+00 2.675410807132720947e-01 2.661535978317260742e+00 4.095327377319335938e+00 -9.317339658737182617e-01 -3.698853492736816406e+00 4.140099048614501953e+00 7.112658619880676270e-01 -2.492951869964599609e+00 -4.105955123901367188e+00
-3.698787307739257812e+01 -2.147954463958740234e+00 6.803874969482421875e-01 -6.488377094268798828e+00 -9.161248803138732910e-01 -2.924771308898925781e+00 1.118625044822692871e+00 4.045051574707031250e+00 6.453758239746093750e+00 -9.491180777549743652e-01 -2.448728561401367188e+00 -3.718365907669067383e+00 -5.308218479156494141e+00 -9.297422170639038086e-01 8.527592658996582031e+00 -5.829725265502929688e+00 -1.369320273399353027e+00 3.344263136386871338e-01 1.487779521942138672e+01 -2.362955331802368164e+00 -9.802383422851562500e+00 8.426779747009277344e+00 -1.712340950965881348e+00 9.546632766723632812e+00 -2.013374328613281250e+00 -4.585112094879150391e+00 -3.279340744018554688e+00 -1.255989551544189453e+00 2.020012378692626953e+00 -6.615014746785163879e-03 7.854712009429931641e-01 4.439253330230712891e+00 -7.566411495208740234e+00 -6.353807449340820312e+00 5.979870796203613281e+00 1.777996635437011719e+01 1.877721667289733887e+00 2.631791591644287109e+00 3.527519464492797852e+00 -3.465646028518676758e+00 -5.455172538757324219e+00 6.381701946258544922e+00 1.408790826797485352e+00 9.347993731498718262e-01 4.754228115081787109e+00 4.055459976196289062e+00 1.133880853652954102e+00 3.837811231613159180e+00 2.215013027191162109e+00 4.178378105163574219e+00 -1.594672918319702148e+00 -3.197466373443603516e+00 2.325922727584838867e+00 -7.241149425506591797e+00 1.983157277107238770e+00 9.965467453002929688e+00 -2.687989234924316406e+00 1.204608380794525146e-01 1.521141827106475830e-01 -5.615908622741699219e+00 9.324911832809448242e-01 -1.357088208198547363e+00 -3.532661437988281250e+00 -4.710414111614227295e-01 6.474110126495361328e+00 4.991066455841064453e+00 -9.777620434761047363e-01 -2.203932285308837891e+00 -2.144709587097167969e+00 -4.154365062713623047e+00 -1.031970620155334473e+00 -3.952165246009826660e-01 1.784272670745849609e+00 -4.488886892795562744e-02 1.891272425651550293e+00 4.257111072540283203e+00 1.966958403587341309e+00 3.614525079727172852e+00 -1.478124856948852539e+00 -1.002396583557128906e+00 -2.867270231246948242e+00 -3.278536319732666016e+00 -4.355333328247070312e+00 2.311120182275772095e-01 -1.435274779796600342e-01 9.257614612579345703e-02 7.953023314476013184e-01 -5.861449837684631348e-01 -1.341610848903656006e-01 1.794074773788452148e-01 -2.557649135589599609e+00 -3.237400770187377930e+00 2.065707921981811523e+00 -4.397400319576263428e-01 1.355796098709106445e+00 -1.911678194999694824e+00 -4.668631553649902344e+00 3.444134235382080078e+00 3.318735122680664062e+00 8.021458387374877930e-01
-3.943539810180664062e+01 5.332367420196533203e+00 2.089686632156372070e+00 -1.566240215301513672e+01 -4.833600044250488281e+00 4.442091941833496094e+00 -3.118139743804931641e+00 4.304848670959472656e+00 -2.384614467620849609e+00 4.024514675140380859e+00 1.970622092485427856e-01 -2.622862815856933594e+00 1.108477210998535156e+01 -3.333216190338134766e+00 -8.688870429992675781e+00 1.011547923088073730e+00 -2.749757766723632812e-01 5.544003486633300781e+00 -7.619227409362792969e+00 -5.171247005462646484e+00 -2.562250375747680664e+00 1.780517578125000000e+00 1.497678089141845703e+01 -3.377550244331359863e-01 -2.453399181365966797e+00 6.006267070770263672e+00 -1.363169789314270020e+00 -8.305882453918457031e+00 -6.485122203826904297e+00 -2.046576023101806641e+00 4.205245018005371094e+00 -5.736453056335449219e+00 -2.739745855331420898e+00 -1.645535826683044434e+00 7.170246601104736328e+00 -2.533399820327758789e+00 1.370037555694580078e+00 4.955569267272949219e+00 2.294481039047241211e+00 -1.153906226158142090e+00 9.872061729431152344e+00 -6.403315663337707520e-01 -4.456319808959960938e+00 4.178472995758056641e+00 4.963703632354736328e+00 1.897096753120422363e+00 1.535377025604248047e+00 1.562897920608520508e+00 1.600360751152038574e+00 1.921320319175720215e+00 2.459182024002075195e+00 -5.934498310089111328e-01 -1.673612356185913086e+00 -1.954112410545349121e+00 3.369130492210388184e-01 -4.947291851043701172e+00 1.977734684944152832e+00 -4.150003910064697266e+00 2.555315196514129639e-01 2.971367537975311279e-01 -4.354866027832031250e+00 -3.044424533843994141e+00 -2.579179964959621429e-02 9.830833673477172852e-01 2.142556428909301758e+00 -1.670271754264831543e+00 8.077770471572875977e-01 5.828965902328491211e-01 -4.135461807250976562e+00 -3.728366196155548096e-01 1.019019126892089844e+00 8.406842947006225586e-01 -4.767481803894042969e+00 2.829252958297729492e+00 -1.111187100410461426e+00 6.761011123657226562e+00 4.329355239868164062e+00 -2.302502393722534180e+00 -2.439323186874389648e+00 -2.844059467315673828e+00 -3.048207521438598633e+00 3.668748140335083008e+00 -3.492760956287384033e-01 -3.619219362735748291e-01 -2.646885633468627930e+00 5.198032855987548828e+00 4.873846530914306641e+00 -7.318584322929382324e-01 1.023204565048217773e+00 3.303047418594360352e+00 -4.398597717285156250e+00 -3.213836550712585449e-01 -1.260174155235290527e+00 -2.821370601654052734e+00 2.632316589355468750e+00 -3.625723361968994141e+00 -3.023884594440460205e-01 -1.279845118522644043e+00 -3.129221200942993164e+00 -1.490348339080810547e+00
-3.963214111328125000e+01 9.491751670837402344e+00 -7.403101325035095215e-01 -1.336030006408691406e+01 -3.256983757019042969e+00 5.802633285522460938e+00 -1.207626104354858398e+00 -4.214567840099334717e-01 -5.675210475921630859e+00 4.485737323760986328e+00 2.839850902557373047e+00 9.441998600959777832e-01 -8.615379333496093750e+00 -8.791909217834472656e+00 9.878649711608886719e-01 2.651862382888793945e+00 8.053827285766601562e+00 4.207693099975585938e+00 -6.095109581947326660e-01 -4.310464859008789062e+00 -7.213570117950439453e+00 -8.525875210762023926e-01 8.164192199707031250e+00 -4.140789985656738281e+00 4.167361259460449219e+00 6.924513816833496094e+00 -7.668210029602050781e+00 -8.793426513671875000e+00 3.014650642871856689e-01 -1.086439895629882812e+01 -2.464910030364990234e+00 -5.922963142395019531e+00 -2.332005262374877930e+00 -8.882971763610839844e+00 -2.661102294921875000e+00 -4.165105819702148438e+00 -2.446598768234252930e+00 -5.878105640411376953e+00 2.372785329818725586e+00 1.055640220642089844e+00 -3.677247166633605957e-01 -8.103594779968261719e+00 -2.434565782546997070e+00 6.950982093811035156e+00 -1.054430484771728516e+00 1.530470132827758789e+00 -1.370928764343261719e+00 -3.775024652481079102e+00 6.289740562438964844e+00 -3.347317934036254883e+00 -4.132142543792724609e+00 -3.457837402820587158e-01 -3.043530702590942383e+00 -3.808124065399169922e+00 2.917697191238403320e+00 1.424723863601684570e+00 -4.718937873840332031e+00 -1.453647136688232422e+00 1.987838745117187500e+00 3.943645000457763672e+00 1.882608771324157715e+00 3.622657299041748047e+00 2.094074249267578125e+00 -4.525711059570312500e+00 2.823331356048583984e-01 -6.900604248046875000e+00 3.190966844558715820e+00 -2.651401758193969727e+00 -4.088283538818359375e+00 -8.397327661514282227e-01 6.847400665283203125e-01 -2.196991920471191406e+00 -1.653583168983459473e+00 -3.130195617675781250e+00 2.514324188232421875e+00 -3.416719913482666016e+00 8.199506759643554688e+00 9.107954502105712891e-01 4.244381427764892578e+00 -4.634810447692871094e+00 2.765645265579223633e+00 9.534388035535812378e-02 -3.725220859050750732e-01 6.464610695838928223e-01 -2.503562688827514648e+00 -3.159731388092041016e+00 -1.102292656898498535e+00 9.312795639038085938e+00 1.445293903350830078e+00 3.603791475296020508e+00 4.204870462417602539e-01 3.979926586151123047e+00 -2.230119228363037109e+00 2.645939826965332031e+00 -2.230465173721313477e+00 8.155642151832580566e-01 5.158563613891601562e+00 -2.235998630523681641e+00 3.839044570922851562e+00 -3.217612206935882568e-01
-4.492522430419921875e+01 1.151630306243896484e+01 -7.910953760147094727e-01 -5.186207771301269531e+00 -3.049894809722900391e+00 -1.598039984703063965e+00 -6.352052688598632812e+00 -2.629949092864990234e+00 -5.915477752685546875e+00 -4.187602043151855469e+00 -1.951643824577331543e+00 7.460986614227294922e+00 -6.814146995544433594e+00 -9.613490104675292969e+00 -1.547234058380126953e+00 2.956755161285400391e-01 7.511873245239257812e+00 -6.630659103393554688e+00 7.270158290863037109e+00 2.472097635269165039e+00 5.149828433990478516e+00 -1.959457874298095703e+00 -8.460859298706054688e+00 -9.012104272842407227e-01 -1.131232643127441406e+01 -9.579601287841796875e-01 -4.241277217864990234e+00 7.176906108856201172e+00 7.710947990417480469e+00 -2.664442300796508789e+00 -2.762150287628173828e+00 -4.861050605773925781e+00 2.894543170928955078e+00 -3.010130405426025391e+00 5.676754951477050781e+00 -1.157225036621093750e+01 -7.889187335968017578e+00 2.997815907001495361e-01 4.764575004577636719e+00 9.445866346359252930e-01 -6.375117897987365723e-01 -2.462020874023437500e+00 5.993438720703125000e+00 4.179545879364013672e+00 2.472082614898681641e+00 2.767649173736572266e+00 -9.597235475666821003e-04 -2.272609710693359375e+00 -5.194166898727416992e-01 1.094115924835205078e+01 3.368573784828186035e-01 -2.501862943172454834e-01 3.556394577026367188e+00 -1.419438004493713379e+00 2.721587657928466797e+00 9.071153998374938965e-01 2.434633731842041016e+00 9.909028410911560059e-01 5.326920151710510254e-01 3.538852930068969727e+00 -3.788161277770996094e-01 -4.845323562622070312e+00 -4.225966930389404297e+00 1.923469424247741699e+00 -4.996113300323486328e+00 1.009625673294067383e+00 -1.381543517112731934e+00 1.914478302001953125e+00 4.871026515960693359e+00 -3.344888687133789062e+00 -1.968019008636474609e+00 2.401544094085693359e+00 -3.182921409606933594e+00 -5.126782655715942383e-01 3.517526388168334961e+00 3.171194791793823242e-01 2.449751138687133789e+00 4.216320216655731201e-01 2.396830320358276367e+00 4.169897556304931641e+00 4.893564879894256592e-01 -1.911657929420471191e+00 -3.360497951507568359e+00 -2.745735645294189453e+00 9.415591955184936523e-01 -7.400133609771728516e-01 2.324632883071899414e+00 -6.267855167388916016e-01 -1.726211667060852051e+00 2.972625792026519775e-01 -3.912152051925659180e-01 -2.386051654815673828e+00 8.299400657415390015e-02 3.934247493743896484e-01 -1.111019253730773926e+00 6.503937393426895142e-02 -5.426797866821289062e-01 -8.209134936332702637e-01 -5.163648128509521484e+00 3.427908897399902344e+00
-3.937837219238281250e+01 1.147621440887451172e+01 -1.738137722015380859e+00 2.561716318130493164e+00 -1.307814693450927734e+01 -1.242300128936767578e+01 -1.433553576469421387e+00 -1.128766441345214844e+01 -8.746028900146484375e+00 -4.423975467681884766e+00 -5.124756813049316406e+00 -4.862157344818115234e+00 1.446241259574890137e+00 5.891592502593994141e+00 -6.846804618835449219e+00 -6.047320842742919922e+00 -3.206938505172729492e+00 5.566175460815429688e+00 2.259729623794555664e+00 4.987993717193603516e+00 -1.814790010452270508e+00 1.868866920471191406e+00 9.931736588478088379e-01 1.125632286071777344e+00 9.598193168640136719e+00 -6.024177074432373047e+00 7.576045513153076172e+00 4.950057506561279297e+00 -1.235157966613769531e+00 -1.019945240020751953e+01 -2.392191439867019653e-01 -3.285261988639831543e-01 8.440531492233276367e-01 2.943174362182617188e+00 6.285295486450195312e-01 3.040584325790405273e+00 -1.058364748954772949e+00 -6.454321384429931641e+00 -2.920875549316406250e+00 2.327791213989257812e+00 1.824113965034484863e+00 1.682356595993041992e+00 -2.787080526351928711e+00 -4.826227188110351562e+00 3.115309953689575195e+00 3.922063827514648438e+00 8.340969085693359375e+00 1.774667024612426758e+00 1.490608334541320801e+00 3.349350214004516602e+00 3.275666952133178711e+00 -4.844885349273681641e+00 4.230167388916015625e+00 4.971270084381103516e+00 -5.896802425384521484e+00 5.181411266326904297e+00 4.327336788177490234e+00 -1.150217652320861816e+00 1.481849700212478638e-01 -3.887602090835571289e-01 -6.916045188903808594e+00 1.168198585510253906e+00 2.121933937072753906e+00 -5.360477924346923828e+00 -3.980010032653808594e+00 2.317261457443237305e+00 -1.934028387069702148e+00 1.616805672645568848e+00 -5.512156710028648376e-02 9.862464904785156250e+00 -4.549945890903472900e-01 3.460988283157348633e+00 -3.783520460128784180e+00 1.737838506698608398e+00 5.440020561218261719e-01 -4.678075313568115234e+00 8.151522636413574219e+00 -1.807588934898376465e+00 2.204925537109375000e+00 4.189538955688476562e+00 1.947182536125183105e+00 -5.036061286926269531e+00 -4.183887481689453125e+00 2.719323396682739258e+00 -4.245635271072387695e-01 2.444837808609008789e+00 -3.077000379562377930e+00 -3.111885786056518555e-01 -1.800289392471313477e+00 8.952912092208862305e-01 4.353929996490478516e+00 -5.503450870513916016e+00 -3.712785959243774414e+00 -2.829340696334838867e+00 -4.411593437194824219e+00 -4.200194835662841797e+00 2.205022096633911133e+00 5.267938971519470215e-01 -3.082700632512569427e-02 -3.017318964004516602e+00
-4.215744018554687500e+01 1.124564838409423828e+01 1.710121035575866699e+00 -1.038508796691894531e+01 -7.473061561584472656e+00 -8.628815650939941406e+00 -6.921875000000000000e+00 -7.742637157440185547e+00 -3.981674194335937500e+00 -5.405857563018798828e+00 2.659022331237792969e+00 -2.163390398025512695e+00 -3.410196602344512939e-01 1.060012722015380859e+01 -2.038489580154418945e+00 1.874639630317687988e+00 1.072998428344726562e+01 7.253643989562988281e+00 3.130460739135742188e+00 4.372819960117340088e-01 -9.195279121398925781e+00 4.858476638793945312e+00 -2.016430377960205078e+00 -2.567633390426635742e+00 2.347620725631713867e+00 1.380247235298156738e+00 8.704234957695007324e-01 -6.074628829956054688e+00 -1.355016231536865234e+00 2.151852607727050781e+00 -6.437475204467773438e+00 7.796005249023437500e+00 -1.661731123924255371e+00 -3.051921129226684570e+00 -8.007197380065917969e+00 -3.717373132705688477e+00 -4.592652797698974609e+00 3.058959007263183594e+00 -3.534033298492431641e-01 -6.433549880981445312e+00 -2.365116119384765625e+00 -6.237836360931396484e+00 -6.275675892829895020e-01 -1.646702051162719727e+00 -6.885230541229248047e-01 -3.926766395568847656e+00 5.390227437019348145e-01 -3.160948455333709717e-01 -3.746988058090209961e+00 3.632355213165283203e+00 3.696807920932769775e-01 -3.684178352355957031e+00 8.675858378410339355e-01 -3.089102268218994141e+00 5.591514706611633301e-01 -2.244709618389606476e-02 2.711276054382324219e+00 -1.904862880706787109e+00 -4.853248119354248047e+00 -1.887773156166076660e+00 1.761983513832092285e+00 2.520513832569122314e-01 -4.567743301391601562e+00 -9.953617453575134277e-01 -1.494469791650772095e-01 -3.397063255310058594e+00 5.940846800804138184e-01 -1.149152159690856934e+00 1.732871055603027344e+00 5.384748458862304688e+00 2.557772397994995117e+00 3.529687523841857910e-01 -1.126505851745605469e+00 8.245745301246643066e-01 -4.396641254425048828e-01 2.666888236999511719e+00 1.691669344902038574e+00 1.295762538909912109e+00 -2.640761852264404297e+00 7.929548621177673340e-01 2.070710659027099609e-01 -7.946581840515136719e+00 8.736981451511383057e-02 1.009360218048095703e+01 -5.059406757354736328e+00 1.018231272697448730e+00 -2.618958950042724609e+00 -2.612816333770751953e+00 -4.431140422821044922e+00 -6.188922882080078125e+00 4.652441501617431641e+00 -2.036890506744384766e+00 5.553908348083496094e-01 -3.827922105789184570e+00 -1.045512437820434570e+00 -3.076487779617309570e-01 -4.150813579559326172e+00 -6.008265018463134766e-01 1.712041378021240234e+00 -8.656914234161376953e-01
-4.562331008911132812e+01 9.956101417541503906e+00 -7.436485886573791504e-01 -2.376538848876953125e+01 -5.400323390960693359e+00 1.671046137809753418e+00 -4.052803993225097656e+00 -3.032787561416625977e+00 -1.407578659057617188e+01 -7.772354125976562500e+00 -3.394879698753356934e-01 7.057822227478027344e+00 4.022929072380065918e-01 7.946524620056152344e+00 -3.824408054351806641e+00 -4.123343944549560547e+00 1.555315017700195312e+00 -5.663516521453857422e+00 -4.267235279083251953e+00 -6.330122947692871094e-01 -3.607512474060058594e+00 2.096871614456176758e+00 1.048729419708251953e+01 -2.311812639236450195e+00 2.029149770736694336e+00 -1.130774617195129395e+00 1.323693275451660156e+00 5.033439159393310547e+00 5.124198198318481445e-01 1.675470829010009766e+00 -5.400124073028564453e+00 -3.238981246948242188e+00 3.546180963516235352e+00 -6.403781771659851074e-01 -4.863241195678710938e+00 1.376638889312744141e+00 -5.860388755798339844e+00 4.139010906219482422e+00 -9.149039268493652344e+00 2.740056276321411133e+00 -1.576487779617309570e+00 -5.543975353240966797e+00 -6.599432468414306641e+00 4.409702777862548828e+00 1.822276830673217773e+00 1.077609062194824219e+00 6.916658878326416016e+00 -2.130007028579711914e+00 -6.783392906188964844e+00 -3.636327981948852539e-01 -2.843177616596221924e-01 -7.921044826507568359e-01 -2.805666923522949219e+00 -9.587284088134765625e+00 2.278368622064590454e-01 2.153768301010131836e+00 -6.119511127471923828e+00 -3.024005889892578125e-01 2.191201925277709961e+00 -2.221347332000732422e+00 4.209473133087158203e+00 -3.210766553878784180e+00 -3.428817272186279297e+00 -4.010533332824707031e+00 -1.346702218055725098e+00 3.104542493820190430e-01 -9.690456986427307129e-01 3.572029113769531250e+00 -1.817396879196166992e+00 2.001118957996368408e-01 2.193061113357543945e+00 -1.386589169502258301e+00 -6.161383152008056641e+00 9.067971110343933105e-01 2.274962663650512695e-01 4.602131843566894531e+00 4.207025051116943359e+00 1.502656638622283936e-01 -7.540678024291992188e+00 7.625855207443237305e-01 9.665015935897827148e-01 2.623431205749511719e+00 1.478545665740966797e+00 1.274619460105895996e+00 -5.874142169952392578e+00 -8.839962482452392578e-01 3.468897104263305664e+00 2.559165477752685547e+00 -2.476814508438110352e+00 1.977345645427703857e-01 5.540002584457397461e-01 -4.126510143280029297e+00 1.280568093061447144e-01 3.514262199401855469e+00 -4.693140029907226562e+00 6.622499942779541016e+00 -1.724605917930603027e+00 1.623503088951110840e+00 -1.680313110351562500e+00 -8.320227861404418945e-01
-3.785987854003906250e+01 9.489450454711914062e+00 -5.897377133369445801e-01 -5.500492095947265625e+00 -4.642277717590332031e+00 7.024250984191894531e+00 1.532205820083618164e+00 -1.855387210845947266e+00 -1.418711853027343750e+01 -1.528134346008300781e+00 8.667736053466796875e+00 -8.414256572723388672e-01 4.477602005004882812e+00 -4.243244647979736328e+00 -1.721765398979187012e+00 -5.556049346923828125e+00 3.145477294921875000e+00 1.316200137138366699e+00 1.393268346786499023e+00 -7.940605282783508301e-01 -1.845991611480712891e+00 8.573460578918457031e+00 5.883307933807373047e+00 -9.471666812896728516e-01 1.021497154235839844e+01 7.068192958831787109e+00 2.684260606765747070e+00 3.143137216567993164e+00 -6.358192443847656250e+00 7.208738803863525391e+00 -3.486714363098144531e+00 -5.360064983367919922e+00 1.687794923782348633e+00 -1.337996006011962891e+00 2.459635257720947266e+00 4.435974597930908203e+00 1.596746802330017090e+00 9.337974786758422852e-01 1.503328919410705566e+00 7.637211322784423828e+00 4.538420140743255615e-01 -9.257261157035827637e-01 5.238797187805175781e+00 -2.471296548843383789e+00 2.659976243972778320e+00 -5.506854653358459473e-01 5.315955281257629395e-01 -4.128599643707275391e+00 8.943117141723632812e+00 -1.483286976814270020e+00 -6.274957060813903809e-01 1.662284255027770996e+00 3.594328403472900391e+00 4.709689140319824219e+00 2.527170896530151367e+00 -1.236966013908386230e+00 -8.960540771484375000e+00 2.282564163208007812e+00 -4.685019493103027344e+00 2.551898717880249023e+00 2.457149505615234375e+00 -5.928011417388916016e+00 -4.616906642913818359e+00 -8.292425155639648438e+00 4.056603908538818359e+00 -2.712923288345336914e+00 -2.509149551391601562e+00 1.032078504562377930e+00 -3.273405551910400391e+00 1.684163093566894531e+00 6.174883842468261719e+00 -3.327088594436645508e+00 3.961371183395385742e-01 2.657891273498535156e+00 -2.101402997970581055e+00 -2.017574787139892578e+00 1.603431820869445801e+00 6.783911228179931641e+00 -1.881000638008117676e+00 -6.331414580345153809e-01 -1.055466055870056152e+00 -1.824262142181396484e-01 -6.063267961144447327e-02 6.659905314445495605e-01 2.395872831344604492e+00 -2.162901014089584351e-01 -1.726018667221069336e+00 -5.826805591583251953e+00 8.574230194091796875e+00 3.464185953140258789e+00 4.256311416625976562e+00 2.657998323440551758e+00 -3.175500631332397461e+00 -2.203547954559326172e-01 -8.124741911888122559e-01 1.045826435089111328e+00 -6.679445743560791016e+00 -1.550267577171325684e+00 -6.209625005722045898e-01 -2.492331981658935547e+00
-4.017253494262695312e+01 7.249958992004394531e+00 5.049006938934326172e+00 -1.313438034057617188e+01 -2.082962989807128906e+00 1.261343955993652344e+01 -1.254518747329711914e+00 5.314441323280334473e-01 -1.043869209289550781e+01 7.447526931762695312e+00 2.853476047515869141e+00 -1.507450819015502930e+00 -2.630739688873291016e+00 9.301342964172363281e+00 -1.346505641937255859e+00 -8.050145149230957031e+00 -1.256521987915039062e+01 -5.516342639923095703e+00 5.583586692810058594e-01 1.561605334281921387e+00 -1.664316058158874512e+00 5.251005172729492188e+00 1.452277302742004395e-01 3.526335954666137695e+00 7.243008017539978027e-01 -2.979902744293212891e+00 3.352552652359008789e+00 -3.516792356967926025e-01 -1.028577208518981934e+00 -2.392110824584960938e+00 -2.125032991170883179e-01 -1.240927338600158691e+00 -8.566030502319335938e+00 -2.386465668678283691e-01 -8.209600448608398438e-01 -6.169989109039306641e+00 1.368942260742187500e+00 -6.906947612762451172e+00 -4.853754043579101562e+00 -3.458686590194702148e+00 5.540792465209960938e+00 2.858923971652984619e-01 9.943870827555656433e-03 -2.046902894973754883e+00 3.290332317352294922e+00 4.119813442230224609e+00 7.787894606590270996e-01 -8.840644359588623047e-01 -2.507480382919311523e+00 1.272193342447280884e-01 -2.616883993148803711e+00 2.326293468475341797e+00 -7.193153381347656250e+00 -7.406385987997055054e-02 1.518782019615173340e+00 -3.867363691329956055e+00 5.329605102539062500e+00 5.141349792480468750e+00 -1.403234601020812988e+00 -5.555573463439941406e+00 1.768039941787719727e+00 6.781566143035888672e-01 5.427973270416259766e-01 1.791881799697875977e+00 -3.290534973144531250e+00 -4.438584744930267334e-01 -9.662522077560424805e-01 -3.801546692848205566e-01 4.154237747192382812e+00 2.073049783706665039e+00 1.489776372909545898e+00 -1.329937458038330078e+00 -2.310957193374633789e+00 -1.709326505661010742e+00 2.020739555358886719e+00 -1.038142919540405273e+00 -4.178047478199005127e-01 -2.176244974136352539e+00 1.802429318428039551e+00 -2.843298017978668213e-01 1.039283561706542969e+01 -2.719621419906616211e+00 7.582625746726989746e-01 -1.910748004913330078e+00 -2.199979066848754883e+00 -9.063881039619445801e-01 3.051208496093750000e+00 4.699691772460937500e+00 2.604240417480468750e+00 -2.764403820037841797e+00 -3.401387855410575867e-02 5.963448047637939453e+00 1.665841817855834961e+00 9.091493487358093262e-01 -1.096022963523864746e+00 -5.891730785369873047e-01 -4.906372070312500000e+00 4.972261786460876465e-01 2.999331474304199219e+00 -1.841259002685546875e+00
-3.891502761840820312e+01 1.137997245788574219e+01 -3.232941150665283203e+00 -1.795113325119018555e+00 -1.247347164154052734e+01 -6.088687896728515625e+00 -1.617438316345214844e+00 -3.975603342056274414e+00 -1.464038372039794922e+00 -2.535045146942138672e+00 9.327543258666992188e+00 -3.663263797760009766e+00 -5.313577175140380859e+00 -4.511998653411865234e+00 -8.653185844421386719e+00 -5.172513008117675781e+00 -9.777823090553283691e-01 2.136412382125854492e+00 3.703287363052368164e+00 -3.031792163848876953e+00 5.319406986236572266e+00 9.144265174865722656e+00 2.015075445175170898e+00 -2.855721235275268555e+00 -2.625354290008544922e+00 1.453508734703063965e+00 -1.103908181190490723e+00 1.776611924171447754e+00 -2.450367212295532227e+00 6.355013847351074219e-01 2.953875541687011719e+00 3.862799882888793945e+00 -4.391130506992340088e-01 1.246860265731811523e+00 -6.330960988998413086e-01 -4.059474468231201172e+00 -8.614970207214355469e+00 1.006916236877441406e+01 -3.261269092559814453e+00 1.625189557671546936e-02 2.285651922225952148e+00 6.008840560913085938e+00 3.695759057998657227e+00 1.511547684669494629e+00 2.581211805343627930e+00 -2.505409717559814453e-01 -4.369392395019531250e-01 -1.663587808609008789e+00 3.716168165206909180e+00 2.452311038970947266e+00 -3.633853197097778320e+00 2.587836265563964844e+00 7.177322864532470703e+00 2.041603565216064453e+00 -6.077573895454406738e-01 1.375098228454589844e+00 -5.918739438056945801e-01 -2.828524827957153320e+00 -7.993686199188232422e+00 -3.724532127380371094e+00 3.289726257324218750e+00 -2.172049999237060547e+00 2.940196037292480469e+00 3.070941686630249023e+00 -4.281287670135498047e+00 4.414166212081909180e-01 6.240227222442626953e+00 1.385986208915710449e+00 1.241270542144775391e+00 -2.474923849105834961e+00 1.457162976264953613e+00 1.560071706771850586e+00 1.017742633819580078e+00 2.471614837646484375e+00 1.990788578987121582e+00 -1.833892703056335449e+00 -2.801064968109130859e+00 3.850794553756713867e+00 2.421723842620849609e+00 4.001049518585205078e+00 9.707367420196533203e-01 2.098392963409423828e+00 1.423449039459228516e+00 2.179465055465698242e+00 4.413069188594818115e-01 -7.750540733337402344e+00 -7.283730506896972656e+00 1.690559983253479004e+00 2.816222310066223145e-01 -3.472885608673095703e+00 -2.643355607986450195e+00 -1.425930738449096680e+00 1.754968166351318359e+00 -1.975060462951660156e+00 -3.741821944713592529e-01 2.902632236480712891e+00 4.605394303798675537e-01 -4.221839904785156250e+00 -1.498096156865358353e-03 1.342605054378509521e-01
-4.337452316284179688e+01 1.024691009521484375e+01 -1.700873851776123047e+00 -3.106836080551147461e+00 -6.991139411926269531e+00 1.417844772338867188e+00 -2.521793842315673828e+00 -5.273444652557373047e+00 -1.317522525787353516e+01 -1.616931557655334473e+00 7.396835803985595703e+00 1.698515534400939941e+00 1.187248349189758301e+00 -1.302865624427795410e+00 -3.151198625564575195e+00 -1.102513027191162109e+01 -7.954922199249267578e+00 -1.141309499740600586e+00 7.815094470977783203e+00 -2.620337009429931641e-01 4.408142566680908203e-01 7.812235832214355469e+00 3.139129638671875000e+00 2.129293441772460938e+00 4.211235344409942627e-01 4.701473236083984375e+00 -3.648030519485473633e+00 -3.814675807952880859e+00 9.197151064872741699e-01 4.757023811340332031e+00 -1.582864522933959961e+00 2.971668720245361328e+00 -3.921059370040893555e+00 -9.438861012458801270e-01 2.378133058547973633e+00 1.547634720802307129e+00 -1.461152791976928711e+00 -2.443595528602600098e-01 1.153662443161010742e+00 3.433878898620605469e+00 4.639030933380126953e+00 3.526640892028808594e+00 9.730420708656311035e-01 3.435281991958618164e+00 -1.580055236816406250e+00 -6.413417339324951172e+00 1.572491168975830078e+00 -1.735494613647460938e+00 1.534427046775817871e+00 -9.295203685760498047e-01 -3.000793218612670898e+00 1.359434127807617188e+00 -4.485824584960937500e+00 -4.817343056201934814e-01 -5.278697967529296875e+00 -1.091827988624572754e+00 -1.780061125755310059e+00 2.295660972595214844e-01 2.751129388809204102e+00 -5.016170978546142578e+00 4.315196037292480469e+00 1.021230578422546387e+00 1.601756453514099121e+00 1.270873665809631348e+00 -2.812769174575805664e+00 -8.525544404983520508e-01 1.019692063331604004e+00 4.881598472595214844e+00 1.462812542915344238e+00 4.247507572174072266e+00 1.907339930534362793e+00 2.069705247879028320e+00 1.700917124748229980e+00 -4.166098594665527344e+00 -2.074949264526367188e+00 -9.952993988990783691e-01 2.106280773878097534e-01 2.304443359375000000e+00 1.243170976638793945e+00 -3.809499740600585938e-01 5.820201337337493896e-02 2.103487253189086914e-01 -2.761688232421875000e+00 -4.772435188293457031e+00 3.273302793502807617e+00 -2.995148181915283203e+00 4.995153903961181641e+00 4.681512355804443359e+00 3.007823705673217773e+00 -1.685778856277465820e+00 -3.796284198760986328e-01 3.131423234939575195e+00 2.476246356964111328e+00 1.110551238059997559e+00 2.343536466360092163e-01 3.925586700439453125e+00 1.471062421798706055e+00 -7.244460582733154297e+00 7.482112050056457520e-01 2.429868698120117188e+00
-4.152954101562500000e+01 9.350625038146972656e+00 -7.668715715408325195e-01 -7.760149955749511719e+00 -9.990975379943847656e+00 -2.876383304595947266e+00 -5.216727256774902344e+00 -4.438425540924072266e+00 -7.184422969818115234e+00 -7.478131771087646484e+00 -3.349398851394653320e+00 2.118601322174072266e+00 -3.378597497940063477e+00 -5.823953628540039062e+00 -8.172867774963378906e+00 9.432123899459838867e-01 -4.033408641815185547e+00 -2.700723171234130859e+00 7.811859250068664551e-01 3.387061834335327148e+00 -7.059661388397216797e+00 -5.611618041992187500e+00 1.042781639099121094e+01 -3.689974308013916016e+00 -1.171774268150329590e+00 -1.205656409263610840e+00 6.742337703704833984e+00 -4.510927677154541016e+00 -4.309108108282089233e-02 1.522520637512207031e+01 -2.790555953979492188e+00 1.284898877143859863e+00 -6.868947029113769531e+00 -1.764604210853576660e+00 -5.655983448028564453e+00 5.298924922943115234e+00 -4.794547557830810547e+00 -2.126830339431762695e+00 5.981946468353271484e+00 2.035797536373138428e-01 4.772517383098602295e-01 2.078191280364990234e+00 -2.448051214218139648e+00 -7.271563053131103516e+00 -3.264503717422485352e+00 -4.543941020965576172e+00 6.431077957153320312e+00 5.085760116577148438e+00 3.375612258911132812e+00 -6.625067234039306641e+00 1.241034221649169922e+01 2.967061281204223633e+00 -4.470372676849365234e+00 -2.144186258316040039e+00 -3.473587751388549805e+00 -3.380887508392333984e+00 7.978637218475341797e-01 1.188980579376220703e+00 4.636432170867919922e+00 -2.574402570724487305e+00 -3.761925220489501953e+00 -3.939056396484375000e+00 -2.485705614089965820e+00 -2.015022993087768555e+00 -1.083723664283752441e+00 2.996891021728515625e+00 4.041055679321289062e+00 1.386680752038955688e-01 -6.692033410072326660e-01 -5.825933456420898438e+00 1.877156734466552734e+00 4.109477519989013672e+00 -1.387258529663085938e+00 2.079121351242065430e+00 6.335216760635375977e-01 -4.798441410064697266e+00 1.225690960884094238e+00 -2.146679013967514038e-01 -2.767905890941619873e-01 -2.944138050079345703e+00 -3.296349525451660156e+00 -5.400458812713623047e+00 6.314554810523986816e-01 -2.800111286342144012e-02 2.731504440307617188e+00 5.419507622718811035e-01 2.754309177398681641e+00 -1.616342067718505859e+00 -6.248261928558349609e+00 4.861493110656738281e-01 2.504446029663085938e+00 1.566403269767761230e+00 -2.609216690063476562e+00 -6.440693736076354980e-01 3.062860488891601562e+00 -4.917158603668212891e+00 2.355557441711425781e+00 1.477735400199890137e+00 9.002245962619781494e-02 5.378222942352294922e+00
-4.045902252197265625e+01 7.145599842071533203e+00 1.291658639907836914e+00 -6.527977466583251953e+00 -4.426676750183105469e+00 -1.152482986450195312e+01 -6.352430820465087891e+00 -9.521429061889648438e+00 -4.482855796813964844e+00 -1.426310634613037109e+01 2.664053916931152344e+00 -9.304399490356445312e+00 -3.345906257629394531e+00 -9.581268429756164551e-01 -1.055522346496582031e+01 9.233092308044433594e+00 -5.937040448188781738e-01 7.871907234191894531e+00 1.589699506759643555e+00 1.113674259185791016e+01 4.141025066375732422e+00 -9.475634098052978516e-01 -1.712895512580871582e+00 5.205561161041259766e+00 2.683881282806396484e+00 -1.179152131080627441e+00 8.231767654418945312e+00 -8.408420085906982422e-01 1.562376022338867188e+00 8.114206314086914062e+00 -5.852239131927490234e+00 -3.291323423385620117e+00 4.922447204589843750e+00 1.133498311042785645e+00 -5.230692386627197266e+00 -1.754553318023681641e+00 -3.511730909347534180e+00 -5.586347579956054688e+00 2.671856164932250977e+00 5.278181433677673340e-01 -1.946164846420288086e+00 -1.495380401611328125e+00 7.080860614776611328e+00 3.157752037048339844e+00 1.713322043418884277e+00 7.930086612701416016e+00 -7.654156088829040527e-01 -4.088052809238433838e-01 -5.465549468994140625e+00 -4.151294708251953125e+00 6.412011623382568359e+00 4.892924308776855469e+00 -3.815989494323730469e+00 1.083505344390869141e+01 6.413692951202392578e+00 1.049086928367614746e+00 -1.918386109173297882e-02 -5.071280002593994141e+00 -1.899750709533691406e+00 4.136590480804443359e+00 8.560171127319335938e-01 -4.091187953948974609e+00 -6.126050353050231934e-01 1.825503826141357422e+00 -2.667274951934814453e+00 -2.077447891235351562e+00 5.090262413024902344e+00 -3.327608585357666016e+00 9.282173514366149902e-01 3.353043317794799805e+00 -1.298069953918457031e+00 4.630491256713867188e+00 -2.650653123855590820e+00 -4.133684635162353516e-01 -1.750660538673400879e+00 -4.623421669006347656e+00 1.746192455291748047e+00 2.139364957809448242e+00 1.484218001365661621e+00 -7.590620040893554688e+00 3.249248504638671875e+00 -2.872049331665039062e+00 8.208199501037597656e+00 -1.678306221961975098e+00 -2.728417873382568359e+00 -4.843554973602294922e+00 3.472607851028442383e+00 -2.296598911285400391e+00 5.005124490708112717e-03 -6.027933597564697266e+00 -6.008980751037597656e+00 -2.167767584323883057e-01 1.515102028846740723e+00 3.721934795379638672e+00 1.674523234367370605e+00 -5.236708641052246094e+00 4.323635578155517578e+00 2.001269102096557617e+00 2.021100282669067383e+00 2.539982557296752930e+00
-4.154985809326171875e+01 8.114872932434082031e+00 -1.194635868072509766e+00 -1.435096263885498047e+01 -6.538864612579345703e+00 -9.345587730407714844e+00 -1.006000900268554688e+01 -9.165102958679199219e+00 -2.767294645309448242e+00 -9.219111442565917969e+00 6.476127624511718750e+00 1.264118671417236328e+00 -6.386941432952880859e+00 -1.062667608261108398e+00 -4.239406108856201172e+00 7.281287193298339844e+00 2.462202548980712891e+00 9.584637641906738281e+00 2.911801815032958984e+00 -4.333226680755615234e+00 6.860150814056396484e+00 -8.417705535888671875e+00 1.209635853767395020e+00 4.693480134010314941e-01 1.961140155792236328e+00 5.303485870361328125e+00 1.211837887763977051e+00 4.640572369098663330e-01 2.027713060379028320e+00 -7.300324738025665283e-02 3.355426311492919922e+00 -6.577441215515136719e+00 -1.458411216735839844e+00 -3.020503759384155273e+00 3.982800841331481934e-01 -2.356899738311767578e+00 -5.435294151306152344e+00 -4.269247055053710938e+00 8.756541609764099121e-01 4.987432062625885010e-01 2.898181676864624023e+00 -6.839057803153991699e-01 -2.515418767929077148e+00 2.705606222152709961e+00 3.679567813873291016e+00 8.856144905090332031e+00 1.611145734786987305e-01 -2.964106559753417969e+00 8.019520044326782227e-01 -1.047713279724121094e+01 -1.344517946243286133e+00 1.501720309257507324e+00 -1.940501928329467773e+00 4.674152851104736328e+00 -3.414921998977661133e+00 2.764530181884765625e+00 -8.251941800117492676e-01 -8.198928833007812500e-01 1.410800933837890625e+00 -7.882344722747802734e+00 -2.319778919219970703e+00 1.254390478134155273e+00 1.150373458862304688e+00 -1.659758329391479492e+00 8.117846846580505371e-01 -1.964380592107772827e-01 -7.220461964607238770e-01 6.471810340881347656e-01 2.309989184141159058e-01 8.064535260200500488e-01 -5.976089954376220703e+00 -2.755952596664428711e+00 -1.085819005966186523e+00 -1.747682571411132812e+00 -4.521501064300537109e+00 -6.548727035522460938e+00 -3.488977670669555664e+00 4.862919807434082031e+00 -1.432262063026428223e+00 -2.682928085327148438e+00 7.821577787399291992e-01 2.775484561920166016e+00 2.296806812286376953e+00 2.003317117691040039e+00 -3.361690044403076172e+00 -1.329418182373046875e+00 1.377684473991394043e+00 3.557257652282714844e-01 3.130039453506469727e+00 6.107689380645751953e+00 -8.894516825675964355e-01 2.461510658264160156e+00 -7.934932596981525421e-03 -3.232640981674194336e+00 9.793331623077392578e-01 5.843931198120117188e+00 -4.494401931762695312e+00 -8.148229718208312988e-01 8.789055049419403076e-02 -4.684365272521972656e+00
-4.146830368041992188e+01 3.193953752517700195e+00 -3.705018386244773865e-02 -7.317816257476806641e+00 1.237489700317382812e+00 -8.568126678466796875e+00 -8.597873687744140625e+00 -8.339006423950195312e+00 -7.793687283992767334e-02 1.129012703895568848e+00 3.941873073577880859e+00 -2.294795751571655273e+00 -4.110135555267333984e+00 -3.986778974533081055e+00 1.222875976562500000e+01 -3.539842367172241211e+00 -6.837148189544677734e+00 -3.907771110534667969e+00 -3.243650436401367188e+00 -4.964901447296142578e+00 -8.694276809692382812e+00 -9.309328079223632812e+00 -3.957655131816864014e-01 -2.160571813583374023e+00 -4.540984153747558594e+00 -8.811854124069213867e-01 6.674776554107666016e+00 -3.864791154861450195e+00 -8.453969955444335938e+00 4.368006706237792969e+00 2.773837327957153320e+00 -5.474227428436279297e+00 8.221078872680664062e+00 -1.625503540039062500e+00 5.158975124359130859e+00 -2.699131727218627930e+00 7.769145965576171875e+00 1.184023618698120117e+00 -3.466924667358398438e+00 9.310977458953857422e-01 2.896408557891845703e+00 1.255352973937988281e+00 9.186306595802307129e-01 1.024417877197265625e+01 2.167029380798339844e+00 -4.251240253448486328e+00 -2.020772933959960938e+00 1.220496669411659241e-01 -4.072616577148437500e+00 -2.207415580749511719e+00 -6.428368091583251953e-01 -1.357857942581176758e+00 -9.089695662260055542e-02 -1.561705470085144043e+00 1.719232439994812012e+00 1.192659497261047363e+00 1.826047301292419434e-01 -1.330912351608276367e+00 3.551712274551391602e+00 -9.392430186271667480e-01 3.948654174804687500e+00 8.776539802551269531e+00 -2.641795396804809570e+00 6.512987017631530762e-01 2.742036879062652588e-01 -2.174447774887084961e+00 2.768239021301269531e+00 -1.224252343177795410e+00 1.960086107254028320e+00 5.141820907592773438e+00 1.059396386146545410e+00 -2.557670354843139648e+00 -2.443117618560791016e+00 -5.077060461044311523e-01 5.626837730407714844e+00 3.514087438583374023e+00 -6.851500988006591797e+00 3.356992483139038086e+00 -8.146166219376027584e-04 7.171674370765686035e-01 2.532366752624511719e+00 -3.683668851852416992e+00 5.091688632965087891e-01 3.864684104919433594e+00 1.245837092399597168e+00 -3.778229653835296631e-01 -5.006447792053222656e+00 -4.920342922210693359e+00 -7.494622707366943359e+00 -1.032317399978637695e+00 4.233478546142578125e+00 9.398418068885803223e-01 -1.982855916023254395e+00 -3.153980731964111328e+00 1.030515313148498535e+00 2.252422332763671875e+00 -3.316086828708648682e-01 -1.542331099510192871e+00 2.012686252593994141e+00 -2.459161043167114258e+00
-3.240784072875976562e+01 3.470813512802124023e+00 -6.211792826652526855e-01 -7.758411884307861328e+00 -1.040006542205810547e+01 -1.112406253814697266e+01 4.958327770233154297e+00 -4.284833431243896484e+00 4.555437088012695312e+00 2.285741269588470459e-01 2.804102182388305664e+00 5.580733299255371094e+00 6.685181617736816406e+00 2.748672008514404297e+00 -6.995824337005615234e+00 8.642136573791503906e+00 8.368011474609375000e+00 -4.706892013549804688e+00 7.918678760528564453e+00 6.551067352294921875e+00 4.375607967376708984e+00 -1.774037003517150879e+00 -2.585075855255126953e+00 -6.150274872779846191e-01 1.055375218391418457e+00 -1.296331048011779785e+00 2.522694170475006104e-01 9.424227476119995117e-01 -1.352444171905517578e+00 -7.093029469251632690e-02 -6.532599449157714844e+00 4.690019488334655762e-01 5.790346145629882812e+00 3.892202377319335938e+00 5.188645720481872559e-01 8.128778636455535889e-02 -3.426431655883789062e+00 -6.309655308723449707e-01 1.944882631301879883e+00 -4.742004871368408203e-01 -1.441346764564514160e+00 -2.943686485290527344e+00 6.685922145843505859e+00 2.504688978195190430e+00 -2.649649381637573242e-01 3.431355953216552734e+00 -1.108255863189697266e+00 -1.152607202529907227e+00 -3.574365139007568359e+00 -8.043320775032043457e-01 4.946544170379638672e+00 -1.641785860061645508e+00 -4.290915966033935547e+00 1.710637807846069336e+00 -3.461947441101074219e-01 3.826672077178955078e+00 5.802305698394775391e+00 4.243990898132324219e+00 3.515326976776123047e+00 -6.445212841033935547e+00 -2.531488656997680664e+00 -6.110752224922180176e-01 -1.153551101684570312e+00 -4.543873310089111328e+00 5.280185937881469727e-01 4.742191314697265625e+00 -1.920130252838134766e+00 3.175340890884399414e+00 -4.828721046447753906e+00 4.600516796112060547e+00 -5.501397252082824707e-01 8.346638679504394531e-01 -4.303598403930664062e+00 5.066544413566589355e-01 -6.579141139984130859e+00 6.467716693878173828e+00 1.177193641662597656e+00 -8.184409141540527344e+00 4.416809082031250000e+00 -1.608561754226684570e+00 8.367828130722045898e-01 3.401943922042846680e+00 -2.645406484603881836e+00 -2.927160501480102539e+00 -7.253878116607666016e-01 -1.854697585105895996e+00 2.625641584396362305e+00 -3.773761749267578125e+00 1.519808053970336914e+00 -4.874381542205810547e+00 -7.713761329650878906e-01 -5.213973522186279297e+00 3.642463445663452148e+00 -6.988973021507263184e-01 -3.231212198734283447e-01 4.358364045619964600e-01 -3.028062582015991211e-01 1.666289567947387695e+00 -5.506469607353210449e-01 -4.856715202331542969e+00
-4.472313308715820312e+01 1.212366008758544922e+01 -1.561955451965332031e+00 -1.233031654357910156e+01 -5.251122474670410156e+00 -3.955753087997436523e+00 -7.118098258972167969e+00 -1.038112068176269531e+01 -5.302320957183837891e+00 -4.060923576354980469e+00 2.893921375274658203e+00 6.170439243316650391e+00 -9.141148567199707031e+00 -1.667194485664367676e+00 9.150271415710449219e-01 3.694889068603515625e+00 5.416697978973388672e+00 -5.243294239044189453e+00 2.096473932266235352e+00 -4.294305741786956787e-01 5.426900386810302734e-01 -3.888629674911499023e+00 -7.864041626453399658e-02 -3.081165552139282227e+00 4.604079246520996094e+00 -3.125527799129486084e-01 3.250715970993041992e+00 4.991334438323974609e+00 -4.232043743133544922e+00 3.416918277740478516e+00 5.173430442810058594e+00 -4.338304042816162109e+00 -1.316308617591857910e+00 2.995933055877685547e+00 3.620711803436279297e+00 -2.152843952178955078e+00 1.566815972328186035e+00 3.012691736221313477e+00 -8.552176475524902344e+00 -4.827777385711669922e+00 -2.206068038940429688e+00 1.705382585525512695e+00 -2.984348535537719727e+00 3.361463546752929688e+00 1.280515670776367188e+00 2.930482387542724609e+00 1.127192378044128418e+00 1.163182616233825684e+00 1.348808050155639648e+00 5.964357376098632812e+00 -6.952024936676025391e+00 -5.305029392242431641e+00 2.653745651245117188e+00 4.150720834732055664e-01 5.535552501678466797e+00 1.432780861854553223e+00 4.949525833129882812e+00 4.006637096405029297e+00 -4.344195365905761719e+00 7.890687942504882812e+00 -2.086973190307617188e+00 7.047441005706787109e-01 -2.528504133224487305e-01 -6.975259780883789062e+00 -5.279143333435058594e+00 -2.298074483871459961e+00 -2.257945299148559570e+00 1.925501465797424316e+00 2.185548067092895508e+00 8.512620329856872559e-01 -1.525710344314575195e+00 2.518298149108886719e+00 -1.158507108688354492e+00 3.215661287307739258e+00 2.265932410955429077e-01 3.072494566440582275e-01 -2.811526656150817871e-01 8.083478927612304688e+00 2.958242654800415039e+00 -7.137567400932312012e-01 1.001724123954772949e+00 8.106072425842285156e+00 -1.462552189826965332e+00 -6.610116481781005859e+00 5.114693641662597656e+00 -2.543885111808776855e-01 -2.628142356872558594e+00 3.617455482482910156e+00 1.510588407516479492e+00 -3.703490734100341797e+00 -3.221756219863891602e+00 -5.743961334228515625e+00 6.445598602294921875e-01 2.568650722503662109e+00 1.407650232315063477e+00 -3.338805198669433594e+00 -5.081925868988037109e+00 3.663429260253906250e+00 -2.604894399642944336e+00 4.047420501708984375e+00
-4.110770416259765625e+01 9.630392074584960938e+00 3.275479078292846680e-01 -1.162036991119384766e+01 -2.367847681045532227e+00 -7.205208778381347656e+00 -8.399576187133789062e+00 -7.491720318794250488e-01 -1.095184230804443359e+01 -8.432020187377929688e+00 8.584220886230468750e+00 -3.565467357635498047e+00 -1.725889921188354492e+00 -7.542805194854736328e+00 2.334903240203857422e+00 4.463606476783752441e-01 2.182148456573486328e+00 2.987799882888793945e+00 1.650054097175598145e+00 -7.601366043090820312e+00 -5.852500200271606445e-01 -4.097259044647216797e+00 -7.034065723419189453e-01 1.569372177124023438e+00 -1.230584263801574707e+00 -9.379188537597656250e+00 -1.955176949501037598e+00 -8.431828498840332031e+00 3.285636425018310547e+00 4.957258701324462891e+00 4.366618156433105469e+00 -2.696192264556884766e-01 -1.795832633972167969e+00 4.310980439186096191e-01 -1.239604115486145020e+00 -2.368086814880371094e+00 -5.035694599151611328e+00 -1.879220962524414062e+00 2.972488403320312500e+00 4.006788730621337891e+00 -1.002876281738281250e+00 -1.924738049507141113e+00 1.240999817848205566e+00 7.231573104858398438e+00 -9.073180198669433594e+00 -6.394047737121582031e+00 -3.198943614959716797e+00 1.504178047180175781e+00 -3.799563050270080566e-01 -1.310385584831237793e+00 -5.015184879302978516e+00 6.214774608612060547e+00 -1.481680035591125488e+00 5.487937927246093750e+00 -1.107877731323242188e+00 -4.630523681640625000e+00 2.443336486816406250e+00 1.110108947753906250e+01 -2.129278421401977539e+00 1.887921452522277832e+00 -5.438268184661865234e+00 -8.087454438209533691e-01 2.636254787445068359e+00 -2.543597936630249023e+00 1.729174852371215820e+00 9.673132896423339844e+00 -2.787188529968261719e+00 -1.516102999448776245e-01 -9.620805740356445312e+00 -1.896900773048400879e+00 -5.450705885887145996e-01 3.735220432281494141e+00 2.300265550613403320e+00 -4.062919616699218750e+00 3.492510080337524414e+00 -1.113863587379455566e-01 -9.463530033826828003e-02 -4.143316671252250671e-02 3.314125299453735352e+00 1.469145298004150391e+00 1.220970749855041504e+00 -4.098432660102844238e-01 -3.513311147689819336e-01 -2.536889076232910156e+00 3.218598127365112305e+00 -4.104150772094726562e+00 9.779341816902160645e-01 -5.671885013580322266e-01 -2.071802854537963867e+00 -4.042808532714843750e+00 -1.725043535232543945e+00 3.959897905588150024e-02 -8.660310506820678711e-01 -7.724873065948486328e+00 9.161376953125000000e-01 -1.241657495498657227e+00 -6.844729781150817871e-01 -2.056211948394775391e+00 8.835308551788330078e-01 1.809896111488342285e+00
-4.342404174804687500e+01 5.383082389831542969e+00 -7.336537837982177734e-01 -1.483098793029785156e+01 1.865336894989013672e+00 -7.970287799835205078e+00 -8.423556327819824219e+00 -1.938916683197021484e+00 -4.181953907012939453e+00 -8.509646415710449219e+00 2.445129156112670898e+00 -3.715409040451049805e+00 -5.912256717681884766e+00 -1.149857997894287109e+00 -3.190272808074951172e+00 1.637808322906494141e+00 1.527843236923217773e+00 6.011196613311767578e+00 -3.982861712574958801e-02 -4.490258693695068359e+00 -1.240931391716003418e+00 1.671676158905029297e+00 -1.907606720924377441e+00 -5.885004043579101562e+00 -3.264346837997436523e+00 9.400832056999206543e-01 4.826849937438964844e+00 -4.364092350006103516e-01 -1.054534912109375000e+01 -2.242627859115600586e+00 -1.802188992500305176e+00 4.507050991058349609e+00 9.112968444824218750e-01 4.269393682479858398e-01 6.081139445304870605e-01 1.093524694442749023e+00 -4.114044189453125000e+00 -2.526826620101928711e+00 -5.876506328582763672e+00 -5.106624603271484375e+00 -2.997594833374023438e+00 -3.385413646697998047e+00 3.918679714202880859e+00 2.574587821960449219e+00 -4.725954055786132812e+00 3.313841342926025391e+00 -7.142596721649169922e+00 -3.147820234298706055e-01 -1.275245785713195801e+00 1.843984961509704590e+00 1.057563781738281250e+00 -2.232626527547836304e-01 1.450327396392822266e+00 -1.788385868072509766e+00 -5.737457275390625000e+00 5.790380954742431641e+00 -2.450186729431152344e+00 -1.826044082641601562e+00 8.935184478759765625e+00 -2.331366300582885742e+00 2.370128154754638672e+00 2.314500659704208374e-01 -3.119173049926757812e+00 3.453019380569458008e+00 -1.558983206748962402e+00 5.126511573791503906e+00 -9.737636566162109375e+00 -2.263786315917968750e+00 -1.946889996528625488e+00 -4.121796607971191406e+00 -3.133394479751586914e+00 2.592486381530761719e+00 -1.641946911811828613e+00 -4.757552146911621094e+00 4.402515411376953125e+00 8.514707088470458984e-01 2.075931787490844727e+00 -3.467567682266235352e+00 3.471314907073974609e+00 -6.444993019104003906e+00 5.545979738235473633e-01 -1.726306825876235962e-01 -5.209745883941650391e+00 3.502937793731689453e+00 5.055935859680175781e+00 4.056517601013183594e+00 1.637429744005203247e-02 8.252789378166198730e-01 -1.172161027789115906e-01 2.694960534572601318e-01 -9.777083992958068848e-01 -3.257857799530029297e+00 1.850559115409851074e+00 1.117295145988464355e+00 9.845007210969924927e-02 5.940093398094177246e-01 -9.477167129516601562e-01 -1.759755969047546387e+00 -3.336860895156860352e+00 -1.525959849357604980e+00
-4.520145797729492188e+01 1.049452495574951172e+01 3.332427501678466797e+00 -9.376454353332519531e+00 -9.120385169982910156e+00 -7.033428192138671875e+00 -2.337816238403320312e+00 -4.524898052215576172e+00 -3.280159711837768555e+00 -1.049716281890869141e+01 -1.187148928642272949e+00 4.844139099121093750e+00 -2.665565609931945801e-01 -2.313344478607177734e+00 -1.009780764579772949e+00 2.418339490890502930e+00 9.183966517448425293e-01 4.792588710784912109e+00 -2.559146881103515625e+00 -3.199623823165893555e-01 -8.792300522327423096e-02 -2.506577968597412109e+00 -3.041047811508178711e+00 6.564196586608886719e+00 2.932877540588378906e+00 2.553305149078369141e+00 -9.297252297401428223e-01 3.812222957611083984e+00 2.575332164764404297e+00 -2.175365447998046875e+00 -2.302055835723876953e+00 1.211452293395996094e+01 -5.947328090667724609e+00 -1.355814337730407715e+00 -4.130452156066894531e+00 -8.575092554092407227e-01 3.287028789520263672e+00 -1.140349268913269043e+00 1.724691152572631836e+00 -2.049398183822631836e+00 -3.400687932968139648e+00 -8.270133137702941895e-01 3.357033967971801758e+00 6.592606544494628906e+00 1.623714566230773926e-01 9.690269231796264648e-01 9.473591446876525879e-01 7.902010917663574219e+00 8.543945550918579102e-01 -8.278610706329345703e-01 6.319754719734191895e-01 -3.817880392074584961e+00 7.787047028541564941e-01 -4.118083000183105469e+00 -1.237432599067687988e+00 7.301294803619384766e-01 1.716013312339782715e+00 2.076264321804046631e-01 -8.183016180992126465e-01 9.484923630952835083e-02 4.122216701507568359e+00 -3.552422523498535156e+00 5.427106380462646484e+00 2.821033716201782227e+00 2.797828197479248047e+00 -3.195446729660034180e+00 2.725958108901977539e+00 -1.079683542251586914e+00 2.769764661788940430e+00 -5.045705437660217285e-01 -5.550205230712890625e+00 -5.194232463836669922e+00 1.782920837402343750e+00 -2.272484064102172852e+00 1.777027726173400879e+00 3.997689485549926758e-01 3.794119834899902344e+00 8.933010697364807129e-01 -1.814895749092102051e+00 4.188790023326873779e-01 3.666813850402832031e+00 -2.243835210800170898e+00 8.209497481584548950e-02 -6.851748943328857422e+00 2.816720485687255859e+00 3.080295324325561523e+00 3.855686664581298828e+00 4.767868041992187500e+00 2.832219839096069336e+00 1.624945640563964844e+00 2.298129796981811523e+00 -4.044247865676879883e-01 1.630172610282897949e+00 -2.327823877334594727e+00 -9.628955721855163574e-01 -1.219176530838012695e+00 -1.529982686042785645e+00 -5.092988967895507812e+00 1.082856297492980957e+00 -3.406495809555053711e+00
-3.719447326660156250e+01 1.091644859313964844e+01 -9.190347790718078613e-01 -5.123174667358398438e+00 -5.420208454132080078e+00 -1.396847057342529297e+01 -4.188993453979492188e+00 -1.662389039993286133e+00 7.334846854209899902e-01 -1.112617874145507812e+01 6.517325878143310547e+00 2.376577138900756836e+00 -5.725902557373046875e+00 -4.594960689544677734e+00 -2.884815692901611328e+00 2.060471773147583008e+00 2.564947903156280518e-01 -7.058074951171875000e+00 4.119574546813964844e+00 5.487802505493164062e+00 -4.031957149505615234e+00 -9.521411657333374023e-01 7.145002484321594238e-01 4.282722473144531250e+00 5.064616799354553223e-01 -5.189005374908447266e+00 5.233747005462646484e+00 -3.534158945083618164e+00 -9.388112425804138184e-01 1.938542485237121582e+00 -1.590615987777709961e+00 -4.796092033386230469e+00 -3.105564117431640625e+00 -6.710866451263427734e+00 -4.214927196502685547e+00 4.251050472259521484e+00 2.110686302185058594e+00 1.065506696701049805e+00 -5.959253787994384766e+00 -7.797446846961975098e-01 -7.330460548400878906e+00 -4.183668136596679688e+00 5.009799480438232422e+00 1.929250478744506836e+00 -2.665651559829711914e+00 -1.677168965339660645e+00 -2.356571912765502930e+00 2.097870826721191406e+00 2.610018491744995117e+00 -4.067161083221435547e+00 -5.311900138854980469e+00 2.155568838119506836e+00 -2.882192134857177734e+00 6.275107383728027344e+00 7.803226113319396973e-01 -1.103223085403442383e+00 -3.519040822982788086e+00 -2.363580018281936646e-01 2.199914693832397461e+00 7.696557998657226562e+00 -2.213590621948242188e+00 -5.353799462318420410e-02 3.825996398925781250e+00 5.633658409118652344e+00 -3.150638103485107422e+00 -1.962474346160888672e+00 8.535553216934204102e-01 9.629429131746292114e-02 -7.157825827598571777e-01 -2.063906908035278320e+00 -5.467115402221679688e+00 1.619977951049804688e+00 -4.313658237457275391e+00 -8.634080886840820312e-01 -3.112101316452026367e+00 5.016282081604003906e+00 1.789250612258911133e+00 -3.047807931900024414e+00 6.915455460548400879e-01 1.240109920501708984e+00 5.654329061508178711e-01 3.110908269882202148e+00 4.110954284667968750e+00 -1.421335697174072266e+00 2.597478330135345459e-01 -2.712953090667724609e+00 -1.605025887489318848e+00 3.936147093772888184e-01 1.122028827667236328e+00 -2.422600746154785156e+00 4.262538909912109375e+00 2.645535945892333984e+00 1.647885084152221680e+00 1.399075984954833984e+00 -5.622997283935546875e-01 2.626898527145385742e+00 -2.164023637771606445e+00 4.614411666989326477e-02 3.058685362339019775e-01 -2.692871570587158203e+00
-3.691241836547851562e+01 1.293612575531005859e+01 -4.309321403503417969e+00 9.014644622802734375e+00 -8.208373069763183594e+00 -1.628834152221679688e+01 -6.435098648071289062e+00 -4.664167404174804688e+00 2.353253602981567383e+00 -2.188660144805908203e+00 -3.478129625320434570e+00 -4.898607730865478516e+00 -1.323310971260070801e+00 4.898800551891326904e-01 -6.000789642333984375e+00 -1.986066937446594238e+00 -2.562334775924682617e+00 -2.515197753906250000e+00 2.785584688186645508e+00 1.001641392707824707e+00 -4.099139213562011719e+00 -2.499257802963256836e+00 -2.637967586517333984e+00 6.410375833511352539e-01 -2.014335632324218750e+00 2.195041894912719727e+00 7.536430358886718750e+00 -2.600418567657470703e+00 -4.791422367095947266e+00 -5.938975811004638672e-01 1.608893752098083496e+00 1.984527826309204102e+00 -1.153494119644165039e+00 -8.606017827987670898e-01 -1.404831856489181519e-01 9.701732397079467773e-01 5.221832752227783203e+00 -1.185711503028869629e+00 2.778049707412719727e-01 8.888702392578125000e-01 -1.108796024322509766e+01 7.183061242103576660e-01 5.679918289184570312e+00 -7.250020027160644531e+00 5.399945735931396484e+00 -3.183507204055786133e+00 -3.227342605590820312e+00 -1.170351386070251465e+00 1.044001698493957520e+00 2.312770605087280273e+00 6.315898418426513672e+00 -9.140011668205261230e-01 8.049994111061096191e-01 -1.575217604637145996e+00 1.178051352500915527e+00 6.368735432624816895e-01 2.038352489471435547e+00 -1.011312007904052734e+00 -1.672430992126464844e+00 7.248884201049804688e+00 -1.086144804954528809e+00 -4.654231071472167969e+00 -5.485700130462646484e+00 3.689975261688232422e+00 1.909558296203613281e+00 4.021803379058837891e+00 -2.614813089370727539e+00 -1.946842908859252930e+00 -7.981510460376739502e-02 -1.365355014801025391e+00 -1.234839558601379395e+00 -4.986423015594482422e+00 -2.017545223236083984e+00 -3.999113798141479492e+00 2.037860155105590820e-01 2.080330610275268555e+00 1.676872134208679199e+00 -2.838727474212646484e+00 2.539088249206542969e+00 -2.121477365493774414e+00 -3.155730068683624268e-01 2.466363668441772461e+00 -1.918657183647155762e+00 1.362704992294311523e+00 -2.697943687438964844e+00 -3.606572628021240234e+00 -8.082802891731262207e-01 -3.336180448532104492e+00 -2.683694839477539062e+00 -2.578238248825073242e+00 -2.143362760543823242e+00 1.520743727684020996e+00 -1.624005198478698730e+00 -3.276880741119384766e+00 -4.002455711364746094e+00 -2.131517887115478516e+00 5.258714199066162109e+00 -4.443015098571777344e+00 5.824494361877441406e-01 2.426257610321044922e+00
-3.533143234252929688e+01 5.337400913238525391e+00 -2.772777557373046875e+00 2.855357170104980469e+00 -1.272134590148925781e+01 -1.463121128082275391e+01 -2.105733156204223633e+00 2.200907945632934570e+00 7.507633209228515625e+00 -9.507838249206542969e+00 7.727197647094726562e+00 -4.568655490875244141e-01 -1.475820183753967285e+00 1.744194477796554565e-01 -2.056899070739746094e+00 -3.611927270889282227e+00 5.304908752441406250e+00 7.283140182495117188e+00 3.961598634719848633e+00 -6.342009902000427246e-01 -4.170684814453125000e+00 -1.126788139343261719e+00 1.812820196151733398e+00 -9.785600662231445312e+00 -8.430454134941101074e-01 9.872426986694335938e+00 -1.701708883047103882e-01 -3.182718753814697266e+00 2.774298906326293945e+00 1.192611336708068848e+00 1.605151593685150146e-01 -2.148035287857055664e+00 -8.001562952995300293e-01 9.158921241760253906e-01 -2.857784509658813477e+00 -7.775374412536621094e+00 -1.529343962669372559e+00 1.748328924179077148e+00 3.447253942489624023e+00 -3.126579999923706055e+00 -1.071265125274658203e+01 4.891401290893554688e+00 5.523324966430664062e+00 -8.842197060585021973e-01 -5.125934123992919922e+00 -2.051973342895507812e+00 6.425200700759887695e-01 4.617102622985839844e+00 1.516522169113159180e+00 2.584912300109863281e+00 -4.487730503082275391e+00 1.759597539901733398e+00 1.734084725379943848e+00 -1.995527982711791992e+00 3.277621984481811523e+00 -1.421470046043395996e+00 2.870676994323730469e+00 8.389750123023986816e-01 1.418957471847534180e+00 -1.567774295806884766e+00 3.520672559738159180e+00 -8.577091097831726074e-01 5.284959673881530762e-01 4.356920242309570312e+00 2.453459978103637695e+00 1.695000082254409790e-01 2.140723466873168945e+00 3.615882396697998047e+00 1.461110822856426239e-02 2.682251691818237305e+00 -7.958650588989257812e-01 -3.751059770584106445e+00 -2.501284122467041016e+00 -1.980287671089172363e+00 4.681573510169982910e-01 -6.967861056327819824e-01 1.331037878990173340e-01 2.363067865371704102e+00 -2.558647632598876953e+00 1.490420699119567871e+00 1.136281609535217285e+00 -1.990530371665954590e+00 1.526086926460266113e+00 -1.803962945938110352e+00 1.948271512985229492e+00 3.735435009002685547e+00 8.356289267539978027e-01 -2.361443519592285156e+00 -3.960125744342803955e-01 -8.492906689643859863e-01 -1.389685750007629395e+00 3.312986195087432861e-01 -1.438301086425781250e+00 -3.347341775894165039e+00 -9.016045331954956055e-01 -1.298785448074340820e+00 2.030493974685668945e+00 4.727146923542022705e-01 -1.599428772926330566e+00 -1.642371416091918945e+00
-3.894186019897460938e+01 9.061070442199707031e+00 -1.270217895507812500e+00 -1.482140421867370605e+00 -3.528124809265136719e+00 -9.859346389770507812e+00 -9.379179000854492188e+00 1.709150671958923340e+00 1.378299474716186523e+00 -2.910263776779174805e+00 1.382214355468750000e+01 6.402111053466796875e+00 1.714870929718017578e+00 1.877975940704345703e+00 -4.160380840301513672e+00 -3.155219793319702148e+00 -4.232943534851074219e+00 -1.901670455932617188e+00 3.143868923187255859e+00 9.189180731773376465e-01 2.985174059867858887e-01 -6.218704581260681152e-01 1.932868957519531250e+00 1.311842560768127441e+00 -5.628372430801391602e-01 -2.939264059066772461e+00 -4.402145862579345703e+00 -1.596485853195190430e+00 -3.185388565063476562e+00 -2.259188413619995117e+00 3.671066045761108398e+00 -6.699780941009521484e+00 5.893528938293457031e+00 5.777711272239685059e-01 6.149928092956542969e+00 -2.051649570465087891e+00 6.271169185638427734e+00 -3.849441289901733398e+00 1.323802113533020020e+00 -7.625276565551757812e+00 2.896033763885498047e+00 3.009948253631591797e+00 5.892927169799804688e+00 -1.487725496292114258e+00 8.237569332122802734e-01 -5.852570056915283203e+00 -1.806133151054382324e+00 1.085368275642395020e+00 5.692248821258544922e+00 3.922156572341918945e+00 -2.005309581756591797e+00 2.448471546173095703e+00 -2.495767831802368164e+00 4.236177802085876465e-01 1.594224095344543457e+00 -3.410903930664062500e+00 1.998836278915405273e+00 -2.704165935516357422e+00 1.076232910156250000e+00 -4.060911536216735840e-01 5.237044811248779297e+00 -3.921175301074981689e-01 3.914951086044311523e+00 1.785663604736328125e+00 3.398759603500366211e+00 9.131906509399414062e+00 1.174100875854492188e+00 1.670367002487182617e+00 -2.882946014404296875e+00 2.547840833663940430e+00 3.656218945980072021e-01 -2.605431556701660156e+00 -2.997893989086151123e-01 2.459621727466583252e-01 -1.657273292541503906e+00 -1.101714015007019043e+00 -4.030182838439941406e+00 -1.779330372810363770e+00 -3.885136604309082031e+00 4.161660194396972656e+00 -1.462217688560485840e+00 -5.911948204040527344e+00 -6.891896724700927734e-01 3.001646757125854492e+00 9.426077604293823242e-01 2.514072656631469727e+00 -5.042206764221191406e+00 -1.644426345825195312e+00 1.642321705818176270e+00 -1.867351055145263672e+00 1.773857474327087402e-01 -3.857914686203002930e+00 -7.411389946937561035e-01 8.883870840072631836e-01 3.529086112976074219e+00 -3.226386070251464844e+00 2.156860351562500000e+00 5.520897388458251953e+00 -2.369061470031738281e+00 4.189838886260986328e+00
-3.709046554565429688e+01 1.330138778686523438e+01 -1.622359156608581543e+00 2.313516426086425781e+01 4.588531494140625000e+00 1.115209197998046875e+01 -3.886503934860229492e+00 2.785714626312255859e+00 -1.968033218383789062e+01 -4.426265239715576172e+00 -4.000339031219482422e+00 6.898377895355224609e+00 -2.269858837127685547e+00 2.457675933837890625e-01 7.680168747901916504e-01 -1.183661842346191406e+01 1.752234935760498047e+00 -2.077449560165405273e+00 -1.427490353584289551e+00 6.136694908142089844e+00 -7.070109844207763672e-01 1.096368312835693359e+00 -2.367863416671752930e+00 6.440451145172119141e+00 4.286475181579589844e+00 3.470597028732299805e+00 1.419401764869689941e-01 1.917355060577392578e+00 4.190139770507812500e+00 -6.496660232543945312e+00 4.195201396942138672e+00 7.246176242828369141e+00 -2.070609331130981445e+00 5.325730800628662109e+00 5.200912475585937500e+00 -9.296835899353027344e+00 -8.143441081047058105e-01 1.280319213867187500e+00 6.841633319854736328e-01 2.300494432449340820e+00 7.326999664306640625e+00 4.395038604736328125e+00 -6.063349723815917969e+00 -7.772344589233398438e+00 3.556450605392456055e-01 -3.597451925277709961e+00 1.614021360874176025e-01 1.733611941337585449e+00 5.601240396499633789e-01 -2.527104377746582031e+00 -5.851595401763916016e+00 5.210211277008056641e+00 -7.919349074363708496e-01 5.657404899597167969e+00 -1.078068614006042480e+00 2.052406072616577148e-01 -7.635282874107360840e-01 -4.541987419128417969e+00 1.495087027549743652e+00 8.983644485473632812e+00 4.189472496509552002e-01 -1.731555581092834473e+00 -1.385752439498901367e+00 6.397196769714355469e+00 7.134869098663330078e+00 2.646696329116821289e+00 7.789055109024047852e-01 -2.647626399993896484e+00 2.192251920700073242e+00 -2.674129307270050049e-01 1.313233468681573868e-02 6.070706248283386230e-01 -5.030375123023986816e-01 1.156963944435119629e+00 9.987660646438598633e-01 -4.645489454269409180e-01 -1.848452687263488770e+00 -2.207869052886962891e+00 2.318072319030761719e+00 -4.117061138153076172e+00 5.292321205139160156e+00 -5.734543800354003906e+00 -3.445414781570434570e+00 3.147851943969726562e+00 -1.087661266326904297e+00 -2.394345045089721680e+00 -2.983207106590270996e-01 -9.751043468713760376e-02 6.229737281799316406e+00 -7.135520935058593750e+00 1.524625301361083984e+00 -7.174612283706665039e-01 5.871789455413818359e+00 -1.783405095338821411e-01 4.133072376251220703e+00 4.037233829498291016e+00 3.865695714950561523e+00 -4.266862392425537109e+00 -1.731824994087219238e+00 3.004218101501464844e+00
-3.404587936401367188e+01 9.950586318969726562e+00 -4.531788349151611328e+00 1.629631614685058594e+01 1.513316822052001953e+01 7.553059101104736328e+00 1.149142980575561523e+00 -1.536666154861450195e+00 -3.630014657974243164e+00 -7.483987331390380859e+00 -1.576417732238769531e+01 7.454823493957519531e+00 4.492868423461914062e+00 -2.423232555389404297e+00 -7.292114257812500000e+00 -5.143158435821533203e+00 1.562977671623229980e+00 -9.720196723937988281e+00 2.497566699981689453e+00 2.543542385101318359e+00 -6.301028728485107422e+00 3.525055646896362305e+00 8.997232437133789062e+00 2.103964328765869141e+00 5.909436702728271484e+00 3.371790647506713867e+00 -3.370568275451660156e+00 -4.789170265197753906e+00 6.518684625625610352e-01 2.182937622070312500e+00 3.730620622634887695e+00 -1.097134709358215332e+00 2.797006130218505859e+00 2.779918909072875977e+00 8.425691604614257812e+00 6.377402227371931076e-03 -9.741051673889160156e+00 -5.025628566741943359e+00 3.296376943588256836e+00 3.562829017639160156e+00 -7.139293551445007324e-01 -4.291483402252197266e+00 4.875779628753662109e+00 -2.319328546524047852e+00 -3.306501865386962891e+00 -8.100041151046752930e-01 9.869058132171630859e-01 -7.439498901367187500e+00 9.952729225158691406e+00 -4.296187400817871094e+00 5.332507610321044922e+00 1.150583028793334961e+00 2.299574017524719238e-01 3.202465295791625977e+00 5.665381431579589844e+00 1.285718345642089844e+01 3.799922764301300049e-01 6.515288829803466797e+00 8.650627136230468750e-01 2.807919263839721680e+00 -6.747848510742187500e+00 -2.918193578720092773e+00 5.266291618347167969e+00 -1.865052700042724609e+00 2.643054008483886719e+00 -3.981419086456298828e+00 -1.790014058351516724e-01 -3.395317077636718750e+00 2.858719348907470703e+00 -5.528172492980957031e+00 1.396568417549133301e+00 -3.191594600677490234e+00 -1.696542620658874512e+00 -2.472272396087646484e+00 -1.235730409622192383e+00 9.431481361389160156e-01 -2.638658046722412109e+00 -2.209742069244384766e+00 9.999538064002990723e-01 1.811181068420410156e+00 3.344130516052246094e+00 2.756094187498092651e-02 -2.707331418991088867e+00 -3.057119846343994141e+00 4.555555343627929688e+00 3.170269012451171875e+00 -2.554237842559814453e-01 -2.263445854187011719e+00 -2.051514863967895508e+00 -1.777100563049316406e+00 -9.256106019020080566e-01 8.788977265357971191e-01 -3.703298568725585938e+00 -5.729258656501770020e-01 4.999393939971923828e+00 4.122774600982666016e+00 -6.813669800758361816e-01 2.137531042098999023e+00 3.852167367935180664e+00 -1.413859844207763672e+00
-2.876272583007812500e+01 1.591438502073287964e-01 -3.831266164779663086e+00 -9.025729179382324219e+00 4.235367298126220703e+00 7.158203125000000000e-01 3.076626539230346680e+00 4.553080081939697266e+00 2.222638607025146484e+00 -6.932383179664611816e-01 4.364421844482421875e+00 9.516062736511230469e-01 7.135028362274169922e+00 -4.152546882629394531e+00 1.236407947540283203e+01 -4.918446063995361328e+00 5.034362792968750000e+00 -2.047442197799682617e+00 2.046322822570800781e+00 1.038381695747375488e+00 -5.598040580749511719e+00 -3.712088108062744141e+00 1.563902258872985840e+00 -7.924921035766601562e+00 -8.386997580528259277e-01 1.339154601097106934e+00 1.282938194274902344e+01 3.184788942337036133e+00 -3.005403578281402588e-01 3.976389884948730469e+00 4.988255977630615234e+00 -1.305362343788146973e+00 -8.202611923217773438e+00 2.936761140823364258e+00 -1.404258370399475098e+00 -5.272935867309570312e+00 -1.186324834823608398e+00 5.344435691833496094e+00 2.021314501762390137e-01 5.135667324066162109e+00 7.350841522216796875e+00 -1.442754387855529785e+00 7.613401889801025391e+00 2.249924182891845703e+00 1.855052709579467773e+00 5.855442523956298828e+00 -5.984563350677490234e+00 1.907355070114135742e+00 -1.569447517395019531e+00 -7.040741443634033203e-01 3.057157754898071289e+00 -5.468253493309020996e-01 1.065274357795715332e+00 1.994449973106384277e+00 -4.401077032089233398e-01 3.103060722351074219e+00 3.336242198944091797e+00 1.281997799873352051e+00 -8.840728402137756348e-01 3.519598722457885742e+00 5.181904435157775879e-01 1.177732706069946289e+00 1.765198826789855957e+00 -3.359946489334106445e+00 -5.672609806060791016e+00 -7.000253200531005859e+00 -6.260665893554687500e+00 -2.902619123458862305e+00 -2.071988344192504883e+00 1.999341368675231934e+00 -9.220284968614578247e-02 4.393430054187774658e-01 -4.714693129062652588e-01 -9.212945699691772461e-01 -3.156875848770141602e+00 -1.452547788619995117e+00 1.835341453552246094e+00 1.023691415786743164e+00 -1.995586752891540527e+00 1.674294829368591309e+00 8.719276785850524902e-01 -1.443038940429687500e+00 4.362308979034423828e+00 -7.950850725173950195e-01 3.133142709732055664e+00 -2.757844448089599609e+00 -1.936512589454650879e+00 2.234481871128082275e-01 3.455565214157104492e+00 -3.908142566680908203e+00 -1.428620070219039917e-01 -6.951099634170532227e-01 5.561693668365478516e+00 1.438028067350387573e-01 2.470135927200317383e+00 5.685568451881408691e-01 -3.735652208328247070e+00 -7.089067101478576660e-01 2.006855249404907227e+00 -7.218616455793380737e-02
-2.155967712402343750e+01 2.925897121429443359e+00 -2.282234191894531250e+00 2.060399055480957031e+00 1.033499336242675781e+01 -7.261376857757568359e+00 1.227543830871582031e+01 1.997700333595275879e+00 3.032108306884765625e+00 -5.736715316772460938e+00 6.432002067565917969e+00 9.076270103454589844e+00 -5.075694322586059570e-01 -3.333170413970947266e+00 9.086766242980957031e+00 -1.193473860621452332e-01 -4.950667321681976318e-01 5.503489017486572266e+00 5.756581783294677734e+00 1.977902889251708984e+00 -9.234452843666076660e-01 -2.611374378204345703e+00 -2.799578666687011719e+00 -3.723500251770019531e+00 -5.386559963226318359e+00 2.073518037796020508e+00 2.306624501943588257e-01 -5.665542125701904297e+00 -4.443053245544433594e+00 3.739942312240600586e+00 2.857648849487304688e+00 -1.125745058059692383e+00 -3.213828802108764648e+00 1.783450484275817871e+00 -9.476560354232788086e-01 -2.631050825119018555e+00 4.042118072509765625e+00 5.093502521514892578e+00 2.773134946823120117e+00 1.642339825630187988e-01 -6.051133632659912109e+00 5.283068180084228516e+00 -5.100225448608398438e+00 -3.352080821990966797e+00 8.510010838508605957e-01 9.430951476097106934e-01 -4.904788494110107422e+00 5.357515811920166016e+00 -2.645056486129760742e+00 -3.795250892639160156e+00 -1.032326817512512207e+00 2.853767633438110352e+00 -2.453694581985473633e+00 -2.213882356882095337e-01 2.609714865684509277e-01 -3.000653982162475586e+00 4.099766254425048828e+00 2.393969774246215820e+00 -2.447772979736328125e+00 1.869225025177001953e+00 -4.947074413299560547e+00 -1.100170493125915527e+00 5.926334857940673828e+00 7.431309223175048828e-01 3.147541046142578125e+00 -1.826204657554626465e-01 -4.665593624114990234e+00 2.708819150924682617e+00 -9.037660360336303711e-01 5.985718727111816406e+00 -3.760695695877075195e+00 -9.227216243743896484e-01 -7.721400856971740723e-01 3.248186707496643066e-01 -4.098817825317382812e+00 3.350919723510742188e+00 2.538034677505493164e+00 1.018117547035217285e+00 -4.059076309204101562e+00 -1.565469503402709961e+00 3.475246906280517578e+00 4.900583267211914062e+00 7.751517295837402344e-01 1.600824832916259766e+00 -3.668650150299072266e+00 6.457570195198059082e-01 -3.327614068984985352e+00 -1.661496877670288086e+00 2.603211700916290283e-01 -4.384687900543212891e+00 2.059347152709960938e+00 2.733088016510009766e+00 -2.798002958297729492e+00 1.622221708297729492e+00 -3.613863945007324219e+00 -1.493177771568298340e+00 3.518318891525268555e+00 5.956037640571594238e-01 -2.338897228240966797e+00 -2.079980850219726562e+00
-4.037686538696289062e+01 7.933405876159667969e+00 -2.665191650390625000e+00 1.602095222473144531e+01 1.339712047576904297e+01 5.280477046966552734e+00 -6.489586353302001953e+00 3.397043228149414062e+00 -4.714443683624267578e+00 -7.935152053833007812e+00 -7.539340972900390625e+00 5.057216644287109375e+00 2.810399293899536133e+00 -8.001752197742462158e-03 3.201265811920166016e+00 2.392290353775024414e+00 1.861408233642578125e+00 -4.360478401184082031e+00 3.712873935699462891e+00 1.704538226127624512e+00 -1.201021596789360046e-01 -5.407896041870117188e+00 -6.558358073234558105e-01 -4.761414527893066406e+00 6.631234169006347656e+00 1.598628807067871094e+01 -2.739706516265869141e+00 1.730329751968383789e+00 -9.228816032409667969e-01 1.436031579971313477e+00 7.340237617492675781e+00 4.935043334960937500e+00 -2.469110012054443359e+00 1.047184348106384277e+00 -1.882206797599792480e-01 8.258669853210449219e+00 -6.098198145627975464e-02 3.235399723052978516e+00 8.253509521484375000e+00 -2.344556808471679688e+00 2.807146549224853516e+00 -3.641007423400878906e+00 -2.568938255310058594e+00 -1.333732753992080688e-01 -4.232474327087402344e+00 8.796810507774353027e-01 4.321197867393493652e-01 2.688590049743652344e+00 -2.578599214553833008e+00 -2.112336158752441406e+00 1.346812129020690918e+00 -1.842237234115600586e+00 7.949542045593261719e+00 -6.843082427978515625e+00 -2.529787302017211914e+00 2.743229866027832031e+00 -1.002714410424232483e-01 5.557040572166442871e-01 3.038867235183715820e+00 -3.174982964992523193e-01 -2.562657117843627930e+00 -1.321905255317687988e+00 2.130792856216430664e+00 7.068686962127685547e+00 -4.906549453735351562e+00 -4.022331237792968750e+00 1.782356739044189453e+00 7.195481061935424805e-01 3.305273056030273438e+00 1.543166995048522949e+00 2.223306417465209961e+00 9.815939664840698242e-01 4.217310905456542969e+00 -1.606471538543701172e+00 -5.939882278442382812e+00 -6.493448257446289062e+00 8.075718879699707031e-01 1.071660041809082031e+00 9.280024170875549316e-01 -1.145777463912963867e+00 4.957704544067382812e+00 -4.345248699188232422e+00 -1.343804836273193359e+00 -4.348309040069580078e-01 1.537890672683715820e+00 -1.970416665077209473e+00 -4.517392158508300781e+00 4.906697750091552734e+00 -2.210913181304931641e+00 -3.461594343185424805e+00 -1.812002182006835938e+00 -4.115612983703613281e+00 -2.414749383926391602e+00 5.292848110198974609e+00 5.094974040985107422e-01 -3.409155368804931641e+00 1.271665930747985840e+00 -4.105459153652191162e-01 -2.176875025033950806e-01 -1.504070162773132324e+00
-3.931255340576171875e+01 9.468499183654785156e+00 -6.426787376403808594e+00 1.738889694213867188e+01 1.278085136413574219e+01 3.519290208816528320e+00 -1.060006904602050781e+01 2.628049850463867188e+00 -7.171629905700683594e+00 -1.768242597579956055e+00 -7.061245918273925781e+00 -2.812109231948852539e+00 6.700547695159912109e+00 2.486859083175659180e+00 3.842816591262817383e+00 -4.975025653839111328e+00 -5.329633235931396484e+00 1.793912887573242188e+00 -3.947006702423095703e+00 -3.476239442825317383e+00 5.740348339080810547e+00 -6.141566276550292969e+00 -5.363044738769531250e+00 6.673227787017822266e+00 -4.241222858428955078e+00 2.733684539794921875e+00 -1.456188559532165527e+00 -8.788731575012207031e+00 4.230231285095214844e+00 7.525828838348388672e+00 -3.069071054458618164e+00 3.836894512176513672e+00 3.501139402389526367e+00 -1.150895118713378906e+00 2.665099382400512695e+00 -7.524609565734863281e-01 4.754536151885986328e+00 1.519058227539062500e+00 -7.409922122955322266e+00 4.018540859222412109e+00 -6.084544658660888672e+00 -1.561275005340576172e+00 -7.027350425720214844e+00 -3.102377176284790039e+00 2.171660810708999634e-01 -2.385209083557128906e+00 2.487561941146850586e+00 -6.540946662425994873e-03 3.095967292785644531e+00 9.529087543487548828e-01 1.005370020866394043e+00 -5.206437036395072937e-02 3.757095336914062500e+00 -8.564571738243103027e-01 5.736179828643798828e+00 2.990862607955932617e+00 -3.872976899147033691e-01 1.036654376983642578e+01 6.599143028259277344e+00 -3.256348669528961182e-01 -3.158471584320068359e+00 1.656184196472167969e+00 -4.613216400146484375e+00 -9.090807288885116577e-02 -7.308344841003417969e+00 1.254528999328613281e+00 5.603504180908203125e+00 4.307478904724121094e+00 3.839375734329223633e+00 5.140934944152832031e+00 5.162327289581298828e+00 2.395412772893905640e-01 -5.455662608146667480e-01 -2.377863883972167969e+00 -6.085763931274414062e+00 -1.796919465065002441e+00 4.305559158325195312e+00 -3.191797256469726562e+00 3.495972633361816406e+00 -2.973758935928344727e+00 -6.904782295227050781e+00 -1.606356978416442871e+00 1.341266155242919922e+00 -4.044231414794921875e+00 -5.396874427795410156e+00 1.714406728744506836e+00 3.404793500900268555e+00 3.155317902565002441e-01 5.144982814788818359e+00 9.339959025382995605e-01 1.272520422935485840e+00 1.474173367023468018e-01 3.846817970275878906e+00 5.674425363540649414e-01 -3.303164005279541016e+00 3.263395309448242188e+00 -8.157429695129394531e-01 1.251900315284729004e+00 -4.185573101043701172e+00 2.783151865005493164e+00
-4.308348083496093750e+01 7.237435340881347656e+00 -6.143157482147216797e+00 1.529761981964111328e+01 1.994758033752441406e+01 1.076041316986083984e+01 -1.904721021652221680e+00 -4.470647811889648438e+00 -2.602214574813842773e+00 6.833179950714111328e+00 -3.514957427978515625e+00 1.958075352013111115e-02 3.490996122360229492e+00 3.299278974533081055e+00 -3.247714281082153320e+00 -2.126771450042724609e+00 1.449138998985290527e+00 2.462985277175903320e+00 7.242460727691650391e+00 -4.557383537292480469e+00 8.123481750488281250e+00 6.381821632385253906e-01 -4.161912441253662109e+00 -4.917570114135742188e+00 3.075217008590698242e+00 -3.572955131530761719e+00 -1.043139100074768066e+00 3.626814842224121094e+00 5.907047748565673828e+00 2.343529701232910156e+00 -3.659668207168579102e+00 -8.444857001304626465e-01 1.387643337249755859e+00 5.258620738983154297e+00 4.398863911628723145e-01 1.249202966690063477e+00 -5.214910984039306641e+00 -2.685148954391479492e+00 4.026388823986053467e-01 -3.540285825729370117e+00 -2.630342960357666016e+00 -1.542838573455810547e+00 2.736288011074066162e-01 2.987361907958984375e+00 -5.361224412918090820e-01 -6.555101871490478516e+00 4.158317089080810547e+00 -1.217164620757102966e-01 8.405477404594421387e-01 3.215568780899047852e+00 -6.194483757019042969e+00 -5.756705284118652344e+00 -2.103044271469116211e+00 -2.279108762741088867e+00 -1.781018257141113281e+00 8.458948731422424316e-01 -4.935568869113922119e-01 3.128287196159362793e-01 1.993514180183410645e+00 -3.548992395401000977e+00 -6.686323642730712891e+00 -4.383469104766845703e+00 2.963721990585327148e+00 -5.942118644714355469e+00 4.886881828308105469e+00 -1.266044497489929199e+00 1.556574583053588867e+00 5.559772491455078125e+00 3.458332717418670654e-01 1.836485385894775391e+00 2.361124038696289062e+00 -2.068120479583740234e+00 4.518873691558837891e+00 6.505669951438903809e-01 -3.408270120620727539e+00 -3.887683868408203125e+00 1.474351644515991211e+00 -1.358946681022644043e+00 1.670637488365173340e+00 3.600162267684936523e-01 1.789870262145996094e-01 1.336861968040466309e+00 -3.133431673049926758e+00 -3.694936275482177734e+00 -2.168255090713500977e+00 -2.067942470312118530e-01 5.406600832939147949e-01 -1.809404969215393066e+00 5.473715066909790039e-01 1.675815694034099579e-02 -4.679660320281982422e+00 -1.907456755638122559e+00 5.959967896342277527e-02 -3.022337913513183594e+00 -4.807237148284912109e+00 -1.518563985824584961e+00 -2.278434783220291138e-01 -5.238013267517089844e-01 4.049496173858642578e+00 3.071793541312217712e-02
-4.055388641357421875e+01 7.918549537658691406e+00 -3.260457277297973633e+00 1.370186519622802734e+01 1.497354316711425781e+01 1.249787330627441406e+01 -2.121717691421508789e+00 2.869598150253295898e+00 -1.528135061264038086e+00 -2.390538692474365234e+00 -9.941457748413085938e+00 5.397953510284423828e+00 2.819180190563201904e-01 5.272233009338378906e+00 6.764114856719970703e+00 -1.045694446563720703e+01 5.158526420593261719e+00 1.720217823982238770e+00 1.026746153831481934e+00 -2.382072687149047852e+00 4.891300201416015625e+00 1.964770436286926270e+00 -3.550890207290649414e+00 1.347123026847839355e+00 2.441630363464355469e+00 -7.761822342872619629e-01 -1.294054865837097168e+00 -5.014858245849609375e+00 -4.416213989257812500e+00 -1.355418205261230469e+00 4.483330845832824707e-01 5.764325141906738281e+00 4.058153152465820312e+00 4.523986339569091797e+00 -1.522964358329772949e+00 -7.521620750427246094e+00 -6.454948902130126953e+00 -2.018194437026977539e+00 -3.822014331817626953e-01 -8.787154197692871094e+00 -3.698057413101196289e+00 6.190212726593017578e+00 1.941842913627624512e+00 -6.285354495048522949e-02 -9.034591913223266602e-01 -1.723186492919921875e+00 3.956200927495956421e-02 6.408861637115478516e+00 3.845723628997802734e+00 -1.985595822334289551e+00 -3.196354866027832031e+00 -1.697855234146118164e+00 2.821303367614746094e+00 2.469232559204101562e+00 6.777798533439636230e-01 1.316989898681640625e+00 6.262067794799804688e+00 -3.928312063217163086e+00 6.120120525360107422e+00 4.607816219329833984e+00 -3.540534973144531250e+00 5.206988811492919922e+00 2.459142684936523438e+00 3.387083768844604492e+00 -3.883116483688354492e+00 -3.611095428466796875e+00 3.412094593048095703e+00 -1.220485210418701172e+00 -5.491988658905029297e+00 2.227125644683837891e+00 -1.294781327247619629e+00 1.313577890396118164e+00 -1.098182916641235352e+00 3.005767822265625000e+00 -3.406535625457763672e+00 -2.414452314376831055e+00 -2.397731542587280273e+00 4.335087776184082031e+00 -2.647868394851684570e+00 -3.213349580764770508e+00 4.312883377075195312e+00 5.698663592338562012e-01 -5.493295192718505859e-01 8.665812015533447266e-01 -1.053921103477478027e+00 3.936904668807983398e+00 1.401446461677551270e+00 -3.191865205764770508e+00 -2.121809482574462891e+00 -1.026232838630676270e+00 -5.576435565948486328e+00 2.194259643554687500e+00 -2.557639598846435547e+00 1.032317399978637695e+00 4.621059000492095947e-01 3.932290971279144287e-01 9.598169922828674316e-01 -3.078268289566040039e+00 -6.114162206649780273e-01 3.381649732589721680e+00
-4.319488906860351562e+01 8.627212524414062500e+00 -1.016739487648010254e+00 7.586454868316650391e+00 1.197580051422119141e+01 -3.764209985733032227e+00 -1.265491485595703125e+01 -1.333980560302734375e+01 -2.440601825714111328e+00 1.422414660453796387e+00 -6.358108043670654297e+00 2.233869075775146484e+00 -1.891369938850402832e+00 3.074394702911376953e+00 -4.780493378639221191e-01 -1.218269348144531250e+00 1.276313543319702148e+00 6.464341163635253906e+00 -2.520333528518676758e+00 -3.570341825485229492e+00 4.492273330688476562e+00 -1.345700383186340332e+00 2.959838509559631348e-01 9.867049455642700195e-01 -2.043982028961181641e+00 -1.366834545135498047e+01 -1.969750404357910156e+00 3.175680875778198242e+00 2.288989543914794922e+00 1.381309390068054199e+00 -4.102397918701171875e+00 -2.052716016769409180e+00 -4.180915355682373047e+00 6.962537765502929688e+00 -1.158275157213211060e-01 -6.970981359481811523e-01 5.008827447891235352e-01 9.386314749717712402e-01 5.133802890777587891e+00 1.522590994834899902e+00 -5.104132175445556641e+00 1.256725788116455078e+01 -8.764936447143554688e+00 1.314704775810241699e+00 -4.529838263988494873e-02 -2.923140048980712891e+00 -4.616656303405761719e+00 5.676406621932983398e-01 3.304947853088378906e+00 -6.173882260918617249e-02 -9.700255990028381348e-01 -3.428405523300170898e+00 -2.006356477737426758e+00 4.510437250137329102e-01 -7.566104531288146973e-01 -7.072880864143371582e-01 -3.014379262924194336e+00 -6.594632863998413086e-01 2.778415441513061523e+00 -1.933263659477233887e+00 -3.223676204681396484e+00 -6.591551303863525391e+00 4.767375588417053223e-01 3.040759801864624023e+00 -3.592432737350463867e+00 1.557706832885742188e+00 9.958799481391906738e-01 -2.698937654495239258e+00 -5.614026546478271484e+00 3.476089239120483398e+00 8.377294540405273438e-01 4.711385250091552734e+00 5.625475645065307617e-01 -3.193055391311645508e+00 4.834684848785400391e+00 3.345047235488891602e+00 2.339820384979248047e+00 -2.639952898025512695e+00 -3.938236951828002930e+00 -3.602103710174560547e+00 1.706648945808410645e+00 -6.213706731796264648e-01 2.257395029067993164e+00 5.530631542205810547e-01 4.632557868957519531e+00 -9.214115142822265625e-01 4.053789138793945312e+00 -3.920930147171020508e+00 4.054490089416503906e+00 2.286354780197143555e+00 2.518539905548095703e+00 8.375267386436462402e-01 -4.809239864349365234e+00 -1.903222650289535522e-01 5.015608310699462891e+00 -1.253013253211975098e+00 1.744869351387023926e+00 3.526569843292236328e+00 2.852008819580078125e+00 2.382884263992309570e+00
-4.295332336425781250e+01 8.034422874450683594e+00 -4.056393623352050781e+00 7.413683414459228516e+00 1.093602275848388672e+01 3.516365766525268555e+00 -7.070320129394531250e+00 -3.325916051864624023e+00 -8.393815159797668457e-01 2.598157882690429688e+00 -8.292749524116516113e-02 -3.992396593093872070e+00 -2.658874392509460449e-01 2.381488800048828125e+00 4.123518943786621094e+00 -5.340075969696044922e+00 1.385108947753906250e+00 7.286273837089538574e-01 -5.252760887145996094e+00 -5.973300457000732422e+00 8.064948081970214844e+00 7.530807971954345703e+00 -9.554449081420898438e+00 1.401090979576110840e+00 1.325399303436279297e+01 -6.717183589935302734e-01 2.197019338607788086e+00 -1.385362744331359863e+00 -6.840064525604248047e+00 1.214197516441345215e+00 1.437543153762817383e+00 3.390413761138916016e+00 6.279161930084228516e+00 3.837712764739990234e+00 -5.172523260116577148e-01 -4.291971683502197266e+00 3.613854408264160156e+00 -4.041165351867675781e+00 1.507583975791931152e+00 -1.841541081666946411e-01 -2.805444955825805664e+00 -3.715702891349792480e-01 3.055857181549072266e+00 7.208414077758789062e+00 -6.635961532592773438e-01 4.163700580596923828e+00 1.064260482788085938e+00 -1.924574971199035645e-01 4.428666591644287109e+00 1.433286547660827637e+00 3.046128511428833008e+00 -5.906868457794189453e+00 2.601494789123535156e+00 -1.575641632080078125e+00 4.927111864089965820e-01 -2.074558019638061523e+00 -2.048764705657958984e+00 -3.305683135986328125e+00 6.698134422302246094e+00 -2.046164751052856445e+00 7.952771186828613281e+00 -4.392634868621826172e+00 -2.753515958786010742e+00 -4.950091361999511719e+00 2.376302480697631836e-01 3.259708881378173828e+00 -3.119702041149139404e-01 -4.417552947998046875e+00 2.805736780166625977e+00 2.384993076324462891e+00 -3.342351198196411133e+00 -1.836844801902770996e+00 3.147020637989044189e-01 4.094395320862531662e-03 -3.837499618530273438e-01 -3.517099857330322266e+00 -4.017246365547180176e-01 1.407044649124145508e+00 -1.306251049041748047e+00 1.671976447105407715e+00 4.187026977539062500e+00 4.273838996887207031e+00 3.087018132209777832e-01 2.066860437393188477e+00 -2.308360785245895386e-01 3.449497699737548828e+00 1.103025913238525391e+00 5.930584073066711426e-01 -4.824280261993408203e+00 3.416864156723022461e+00 1.054012775421142578e+00 -3.889337182044982910e-01 1.179069757461547852e+00 2.656961917877197266e+00 -1.110350251197814941e+00 6.752261161804199219e+00 -2.107187747955322266e+00 -1.586145997047424316e+00 8.272609114646911621e-01 2.298692703247070312e+00
-2.567304611206054688e+01 -5.012365579605102539e-01 -8.794438362121582031e+00 -4.894880771636962891e+00 2.034821319580078125e+01 9.368544816970825195e-01 1.194873809814453125e+01 -4.874800205230712891e+00 2.638797760009765625e+00 -3.870296478271484375e+00 -9.007854461669921875e+00 5.204578399658203125e+00 1.101254272460937500e+01 2.656889200210571289e+00 -1.107137441635131836e+00 -2.700217485427856445e+00 -5.160367488861083984e+00 1.763296008110046387e+00 7.589175701141357422e+00 -1.817826867103576660e+00 1.704352140426635742e+00 -5.063323378562927246e-01 6.098885536193847656e+00 1.136506080627441406e+00 -6.013102054595947266e+00 6.027590751647949219e+00 1.647229909896850586e+00 3.380851507186889648e+00 -3.874071598052978516e+00 -2.816652059555053711e-01 4.899586200714111328e+00 -9.020520746707916260e-02 -1.000610232353210449e+00 -3.687627077102661133e+00 -7.889416813850402832e-01 3.193144798278808594e+00 -3.370436906814575195e+00 -1.095311403274536133e+00 6.398777484893798828e+00 2.497832059860229492e+00 6.148872852325439453e+00 -1.739763379096984863e+00 5.270495414733886719e+00 -6.698250293731689453e+00 4.408358097076416016e+00 9.176498651504516602e-01 -9.111170768737792969e-01 3.093082427978515625e+00 6.996013522148132324e-01 -5.860020637512207031e+00 -9.718919396400451660e-01 4.003448009490966797e+00 7.486093044281005859e+00 2.190405130386352539e+00 1.017806053161621094e+00 5.061616301536560059e-01 3.877219676971435547e+00 1.834640979766845703e+00 -5.083158493041992188e+00 -7.598464488983154297e+00 -1.282352089881896973e+00 1.814519286155700684e+00 -1.019613966345787048e-01 2.362718105316162109e+00 -1.369477987289428711e+00 -5.646483898162841797e-01 4.783564567565917969e+00 -1.162930250167846680e+00 5.743097305297851562e+00 -5.019389152526855469e+00 2.886111438274383545e-01 1.429204106330871582e+00 2.964804410934448242e+00 1.034268379211425781e+00 -2.805338144302368164e+00 3.989874601364135742e+00 2.716076970100402832e-01 -7.830801010131835938e-01 1.499472379684448242e+00 -2.427241802215576172e+00 -5.712579250335693359e+00 5.223629951477050781e+00 5.294756889343261719e+00 3.305096626281738281e+00 -1.973410010337829590e+00 -4.398364424705505371e-01 3.586290776729583740e-01 3.409680128097534180e+00 -3.162794828414916992e+00 2.475894212722778320e+00 -5.375877022743225098e-01 6.528725624084472656e-01 7.382444143295288086e-01 -3.234679222106933594e+00 4.525750875473022461e-01 -2.234367847442626953e+00 -4.524574756622314453e+00 -8.631715774536132812e-01 -5.229918956756591797e+00 -2.868468046188354492e+00
-3.414313125610351562e+01 6.784895420074462891e+00 1.152653098106384277e+00 6.306599617004394531e+00 6.014074802398681641e+00 -3.340699195861816406e+00 8.049920082092285156e+00 -8.750365376472473145e-01 3.555733919143676758e+00 -5.095767498016357422e+00 1.251808834075927734e+01 6.017314434051513672e+00 5.595276355743408203e+00 -4.717146873474121094e+00 7.487468123435974121e-01 -8.258048057556152344e+00 3.968043565750122070e+00 3.164921283721923828e+00 1.563234090805053711e+00 8.974400520324707031e+00 2.889664173126220703e+00 -2.802691221237182617e+00 -6.196429133415222168e-01 6.855830550193786621e-01 -4.709875583648681641e+00 2.175193786621093750e+00 -2.891630649566650391e+00 -1.087985411286354065e-01 -4.218778610229492188e+00 4.827486991882324219e+00 4.300770282745361328e+00 -3.210182905197143555e+00 -3.210497617721557617e+00 2.713475525379180908e-01 6.275649666786193848e-01 4.110709190368652344e+00 3.610697269439697266e+00 2.248562335968017578e+00 1.716730952262878418e+00 -5.756965637207031250e+00 4.362850666046142578e+00 -2.370621442794799805e+00 -1.357827901840209961e+00 2.826163768768310547e+00 3.683096170425415039e-01 -3.211608648300170898e+00 7.943103313446044922e-01 -3.999559879302978516e-01 5.790020942687988281e+00 -8.216424942016601562e+00 2.268679380416870117e+00 4.335666179656982422e+00 -2.543481588363647461e+00 5.850833892822265625e+00 -3.986922740936279297e+00 -1.963706970214843750e+00 -1.248756051063537598e+00 3.565932273864746094e+00 4.821219295263290405e-02 7.900976181030273438e+00 9.969129562377929688e-01 -2.217339992523193359e+00 -1.230854153633117676e+00 -3.903972148895263672e+00 -1.735067963600158691e+00 5.488133907318115234e+00 -4.084664344787597656e+00 -2.210235357284545898e+00 4.092079162597656250e+00 -1.735376238822937012e+00 3.093681931495666504e-01 -6.494621276855468750e+00 -2.663535594940185547e+00 -7.908993244171142578e+00 3.933083534240722656e+00 8.175129294395446777e-01 -9.204739332199096680e-01 -4.617734432220458984e+00 7.856860160827636719e-01 -4.219103157520294189e-01 3.544351577758789062e+00 -1.726535081863403320e+00 -3.388638734817504883e+00 -1.213063478469848633e+00 3.821509122848510742e+00 -4.308853447437286377e-01 5.042711734771728516e+00 5.162757873535156250e+00 3.775774955749511719e+00 4.677326679229736328e+00 1.794976554811000824e-02 -3.308601304888725281e-02 -2.040372848510742188e+00 -1.578086167573928833e-01 -4.406006336212158203e+00 -1.196950912475585938e+00 2.130448579788208008e+00 5.351777076721191406e+00 -1.670251846313476562e+00 -2.489011049270629883e+00
-4.046833801269531250e+01 5.218505859375000000e+00 -3.895166635513305664e+00 4.423037052154541016e+00 1.020394611358642578e+01 -3.163046598434448242e+00 9.949151426553726196e-02 3.500926792621612549e-01 -3.980725631117820740e-02 -4.151074409484863281e+00 -7.949509620666503906e+00 6.645382046699523926e-01 9.604289054870605469e+00 6.621261119842529297e+00 -2.624197721481323242e+00 -3.222796320915222168e-02 1.013571357727050781e+01 8.862341880798339844e+00 -3.607891798019409180e+00 3.191292583942413330e-01 5.110085606575012207e-01 3.114010334014892578e+00 -8.867525100708007812e+00 2.254404783248901367e+00 8.764083981513977051e-01 5.242660522460937500e+00 -1.115728139877319336e+00 -1.713915228843688965e+00 -1.178635582327842712e-01 4.968620300292968750e+00 1.261825799942016602e+00 2.323451280593872070e+00 -6.608773708343505859e+00 -2.504470348358154297e+00 -1.690485596656799316e+00 3.946693897247314453e+00 2.970095872879028320e+00 -2.090382814407348633e+00 -3.048313856124877930e+00 2.574099302291870117e+00 -2.304704427719116211e+00 -2.110847711563110352e+00 -3.144973993301391602e+00 -6.135419607162475586e-01 -1.018206253647804260e-01 1.306658029556274414e+00 3.785766839981079102e+00 8.249100685119628906e+00 -3.318073034286499023e+00 -4.458357334136962891e+00 1.342088937759399414e+00 4.956361770629882812e+00 -1.371589899063110352e+00 9.507386207580566406e+00 8.576096534729003906e+00 -1.777171015739440918e+00 5.596150159835815430e-01 -2.107580900192260742e+00 -6.518240571022033691e-01 1.138507843017578125e+00 -1.247262597084045410e+00 1.530544996261596680e+00 -5.801855087280273438e+00 4.532594680786132812e+00 -1.942713111639022827e-01 8.123738765716552734e-01 1.367231130599975586e+00 -4.468757152557373047e+00 5.020184993743896484e+00 6.885535717010498047e-01 -3.505014777183532715e-01 2.210789322853088379e-01 4.769403040409088135e-01 -8.789517283439636230e-01 -3.378702640533447266e+00 -7.868264317512512207e-01 -2.478082180023193359e+00 1.947070598602294922e+00 -4.335479140281677246e-01 2.136623620986938477e+00 -2.088392734527587891e+00 -2.863715216517448425e-02 1.224650263786315918e+00 -1.915512323379516602e+00 1.819399893283843994e-01 2.766646385192871094e+00 3.237770318984985352e+00 3.262567996978759766e+00 3.825847387313842773e+00 -1.418687552213668823e-01 -2.780224800109863281e+00 -5.442250251770019531e+00 1.891997218132019043e+00 -3.744236230850219727e-01 2.068095803260803223e-01 6.554497405886650085e-03 4.184596538543701172e+00 -2.223737716674804688e+00 -9.002079963684082031e-01 4.198494926095008850e-02
-3.608658218383789062e+01 6.559817314147949219e+00 -8.096877098083496094e+00 4.578744411468505859e+00 1.374658679962158203e+01 -1.295163154602050781e+00 5.895879745483398438e+00 -7.192231655120849609e+00 -2.434393912553787231e-01 -2.374016761779785156e+00 -3.420682668685913086e+00 2.823967933654785156e+00 7.905923366546630859e+00 -2.136721849441528320e+00 -2.637564420700073242e+00 -8.476123809814453125e+00 6.710906982421875000e+00 -1.323370695114135742e+00 -1.475960850715637207e+00 1.621693253517150879e+00 7.206780433654785156e+00 -5.678651809692382812e+00 -1.745845079421997070e+00 2.000049829483032227e+00 1.068857312202453613e+00 -2.100389242172241211e+00 -2.228593111038208008e+00 3.761611282825469971e-01 -2.673621654510498047e+00 -4.296914577484130859e+00 3.472878217697143555e+00 2.350931644439697266e+00 -1.896046757698059082e+00 -3.074402809143066406e+00 4.753837585449218750e+00 2.008205175399780273e+00 2.537123918533325195e+00 1.949998497962951660e+00 3.565034389495849609e+00 1.681612133979797363e-01 2.301949739456176758e+00 3.838546752929687500e+00 4.437833786010742188e+00 3.528081893920898438e+00 -1.271840691566467285e+00 4.200403690338134766e+00 1.925817847251892090e+00 -1.139531731605529785e+00 4.266432285308837891e+00 -1.614049911499023438e+00 -2.023538827896118164e+00 4.409659862518310547e+00 -2.933844804763793945e+00 -3.346180438995361328e+00 -2.655725955963134766e+00 -3.402139663696289062e+00 -3.019810676574707031e+00 -1.582724928855895996e+00 2.938554525375366211e+00 -2.982619524002075195e+00 -3.910605669021606445e+00 9.498520493507385254e-01 1.867115378379821777e+00 -4.682259082794189453e+00 1.036024570465087891e+00 -4.868553638458251953e+00 -5.127085208892822266e+00 2.827551603317260742e+00 1.692750573158264160e+00 -1.944628596305847168e+00 -1.909214138984680176e+00 1.371478676795959473e+00 4.566392600536346436e-01 1.400481820106506348e+00 1.326695531606674194e-01 4.397482872009277344e+00 2.230045646429061890e-01 2.435967922210693359e+00 -2.961447715759277344e+00 2.162715911865234375e+00 -5.676649808883666992e-01 -1.500073790550231934e+00 9.775994420051574707e-01 9.106076955795288086e-01 3.649732589721679688e+00 -2.268085241317749023e+00 -2.287707567214965820e+00 5.107676982879638672e+00 2.247108221054077148e+00 1.953595042228698730e+00 4.028434276580810547e+00 3.010792016983032227e+00 -3.021712541580200195e+00 1.189219355583190918e+00 3.474296629428863525e-01 -1.028176426887512207e+00 -2.485419988632202148e+00 1.463305830955505371e+00 3.761659860610961914e+00 -4.876497089862823486e-01
-3.582709503173828125e+01 1.044011878967285156e+01 -6.967457294464111328e+00 1.478303909301757812e+01 1.217453765869140625e+01 -7.699627399444580078e+00 -3.705054521560668945e+00 -2.435453653335571289e+00 3.138210773468017578e+00 4.033907890319824219e+00 -3.425823211669921875e+00 7.588303089141845703e-01 7.058903694152832031e+00 2.339399814605712891e+00 -3.561744928359985352e+00 -8.676505088806152344e+00 3.358928680419921875e+00 4.117031574249267578e+00 -3.799215316772460938e+00 -2.203586101531982422e+00 -5.463203907012939453e+00 -7.095801830291748047e+00 1.626104593276977539e+00 1.073318123817443848e+00 -4.009815752506256104e-01 -8.021470308303833008e-01 -1.714344501495361328e+00 -3.084087371826171875e+00 1.741164088249206543e+00 1.604785680770874023e+00 -4.885288238525390625e+00 1.726057171821594238e+00 4.880294322967529297e+00 -8.072040230035781860e-02 -3.466950356960296631e-01 2.526331186294555664e+00 6.065891265869140625e+00 -7.717841863632202148e-01 2.622316837310791016e+00 1.070084452629089355e+00 -1.600121736526489258e+00 -1.576509594917297363e+00 5.814934372901916504e-01 3.979450464248657227e+00 2.205613851547241211e+00 -6.500716805458068848e-01 -4.429805278778076172e+00 -5.881546139717102051e-01 1.774802803993225098e+00 2.434013366699218750e+00 -2.878562450408935547e+00 -1.469829678535461426e-01 -3.669218063354492188e+00 -2.537727117538452148e+00 3.721418619155883789e+00 2.503065824508666992e+00 -6.300502419471740723e-01 1.889500260353088379e+00 -4.451176166534423828e+00 5.631493568420410156e+00 -4.003482341766357422e+00 2.514589071273803711e+00 4.959124088287353516e+00 4.196725785732269287e-01 1.702327609062194824e+00 3.804487228393554688e+00 -1.243062376976013184e+00 -5.398402690887451172e+00 6.468933105468750000e+00 -2.191860079765319824e-01 -3.463488101959228516e+00 -6.123825907707214355e-01 -4.645599365234375000e+00 6.190434098243713379e-01 -5.841122150421142578e+00 3.042397499084472656e+00 6.937479019165039062e+00 -3.039337098598480225e-01 -3.548435926437377930e+00 3.707328319549560547e+00 -2.735091924667358398e+00 -1.268352985382080078e+00 4.178334712982177734e+00 -7.355783581733703613e-01 -1.437029838562011719e+00 -3.348114252090454102e+00 5.130049228668212891e+00 5.786951541900634766e+00 1.587322950363159180e+00 -2.366106510162353516e+00 2.643369436264038086e+00 5.852458000183105469e+00 2.335436195135116577e-01 -2.351476907730102539e+00 -5.039270877838134766e+00 9.567251205444335938e-01 -2.689878463745117188e+00 -3.666208982467651367e+00 1.616507887840270996e+00 3.074909448623657227e+00
-3.608019638061523438e+01 9.262571334838867188e+00 -1.951377153396606445e+00 5.791210651397705078e+00 1.217270731925964355e+00 -6.768784523010253906e+00 -4.123390197753906250e+00 -3.884999990463256836e+00 -3.709237098693847656e+00 6.783189177513122559e-01 7.196674823760986328e+00 6.082464456558227539e-01 4.757197856903076172e+00 4.469398975372314453e+00 -5.738680362701416016e+00 -3.710655689239501953e+00 -2.327059745788574219e+00 1.206657364964485168e-01 3.501361846923828125e+00 -9.151501059532165527e-01 -6.940998077392578125e+00 2.692717313766479492e+00 4.613700866699218750e+00 2.073042631149291992e+00 1.485082954168319702e-01 -5.527014732360839844e+00 -6.634013354778289795e-02 5.249178409576416016e-01 2.895790100097656250e+00 -5.791979789733886719e+00 2.155438899993896484e+00 5.338087081909179688e+00 -1.075680255889892578e+00 1.305922865867614746e+00 1.715830445289611816e+00 -1.722740769386291504e+00 -2.780177354812622070e+00 1.828699350357055664e+00 -1.511723637580871582e+00 2.193597555160522461e+00 -3.766819715499877930e+00 4.143204987049102783e-01 -1.480195522308349609e+00 6.837028264999389648e-01 5.772631168365478516e+00 -1.071055531501770020e-01 4.200861930847167969e+00 1.765066146850585938e+00 -7.133725166320800781e+00 -3.043379306793212891e+00 -7.312920093536376953e-01 4.757950782775878906e+00 -2.019819021224975586e+00 -5.041141986846923828e+00 6.772170662879943848e-01 -6.537309646606445312e+00 -5.486220836639404297e+00 6.081214427947998047e+00 5.862355709075927734e+00 -5.534985065460205078e-01 -1.835478305816650391e+00 2.397175788879394531e+00 3.773629665374755859e+00 2.332626581192016602e-01 3.852640390396118164e+00 -1.154147647321224213e-02 -1.274328947067260742e+00 9.454910159111022949e-01 1.336180567741394043e+00 1.202397108078002930e+00 -3.311613559722900391e+00 -6.167286872863769531e+00 -6.563183069229125977e-01 1.276955246925354004e+00 -2.980446100234985352e+00 -2.179977416992187500e+00 -1.742838382720947266e+00 2.105294704437255859e+00 -1.476019978523254395e+00 -9.625208377838134766e-01 -1.061820149421691895e+00 4.128537178039550781e+00 -2.867313623428344727e+00 -1.427281498908996582e+00 3.303080558776855469e+00 3.247784972190856934e-01 -6.263494491577148438e-01 -3.378454446792602539e+00 2.222441434860229492e+00 -5.815434932708740234e+00 9.593445062637329102e-01 3.007691621780395508e+00 -4.841423034667968750e+00 -2.509827136993408203e+00 -9.159913659095764160e-01 -1.924015641212463379e+00 9.018947482109069824e-01 3.951749324798583984e+00 2.823652982711791992e+00 -2.307696580886840820e+00
-3.392443466186523438e+01 2.580295085906982422e+00 -9.212503582239151001e-02 9.310982704162597656e+00 -1.168167710304260254e+00 3.129421949386596680e+00 2.710852861404418945e+00 -1.375671863555908203e+00 2.374954938888549805e+00 3.782270908355712891e+00 1.441161537170410156e+01 1.133949279785156250e+01 -1.812101304531097412e-01 -4.695740342140197754e-01 -1.988881945610046387e+00 -8.090476036071777344e+00 3.387107372283935547e+00 -5.488311767578125000e+00 8.183633804321289062e+00 6.355612277984619141e-01 6.700512886047363281e+00 -3.195729970932006836e+00 1.128918290138244629e+00 7.736830711364746094e+00 4.189113140106201172e+00 2.482835531234741211e+00 -3.823039531707763672e+00 -3.697862029075622559e-01 1.507636070251464844e+00 7.398419380187988281e-01 1.888192892074584961e-01 -3.740208446979522705e-01 -1.805862426757812500e+00 1.402146697044372559e+00 7.255814075469970703e+00 3.763469934463500977e+00 5.213238239288330078e+00 -1.527903795242309570e+00 5.692131519317626953e+00 9.925331473350524902e-01 1.487049341201782227e+00 9.452998638153076172e-02 -4.938006103038787842e-01 3.233555555343627930e+00 -1.782717227935791016e+00 7.157087326049804688e-01 -2.470402717590332031e+00 1.943175315856933594e+00 -1.172165513038635254e+00 5.344492912292480469e+00 4.651629924774169922e+00 6.492453813552856445e-01 -3.757859945297241211e+00 -1.597773551940917969e+00 6.157122611999511719e+00 -2.140210628509521484e+00 8.351966738700866699e-01 -7.721335887908935547e-01 -3.452758789062500000e+00 2.443480014801025391e+00 3.222147226333618164e+00 2.056049823760986328e+00 -1.242248296737670898e+00 -2.200599193572998047e+00 1.959026157855987549e-01 -1.292194008827209473e+00 -3.341666698455810547e+00 3.226740598678588867e+00 -2.873949527740478516e+00 3.567098379135131836e+00 2.577375650405883789e+00 1.317899823188781738e+00 4.452275633811950684e-01 1.906548291444778442e-01 1.774779438972473145e+00 3.128923773765563965e-01 -3.416838407516479492e+00 -5.312167406082153320e-01 -2.908564567565917969e+00 3.530308306217193604e-01 -8.269134759902954102e-01 -4.626552581787109375e+00 3.445975065231323242e+00 -2.245368719100952148e+00 -1.505636572837829590e-01 2.550015211105346680e+00 1.200766921043395996e+00 1.273486256599426270e+00 -4.624809324741363525e-01 -2.496553182601928711e+00 -8.367376327514648438e-01 3.597972631454467773e+00 1.821158826351165771e-02 -1.219182491302490234e+00 7.395696640014648438e-01 -4.178471565246582031e-01 1.617864251136779785e+00 -1.501742482185363770e+00 2.108144998550415039e+00 1.469039559364318848e+00
-2.993716430664062500e+01 5.157523155212402344e+00 -1.336158275604248047e+01 1.493649768829345703e+01 8.360749244689941406e+00 -6.346672534942626953e+00 -4.438244342803955078e+00 1.439110040664672852e+00 1.720523643493652344e+01 4.436978816986083984e+00 9.824689865112304688e+00 -8.180652856826782227e-01 1.882329702377319336e+00 4.437881469726562500e+00 -3.833151102066040039e+00 1.600208133459091187e-01 1.318845629692077637e+00 -2.635430574417114258e+00 -6.098270893096923828e+00 -2.783175706863403320e+00 -7.026703357696533203e-01 1.151569175720214844e+01 6.707596778869628906e+00 -5.228158473968505859e+00 -3.660029768943786621e-01 -4.387809753417968750e+00 -6.565283536911010742e-01 -5.143232822418212891e+00 4.405937194824218750e+00 9.268619418144226074e-01 1.644234180450439453e+00 -3.358901739120483398e+00 -5.148808479309082031e+00 -9.896682739257812500e+00 4.214686870574951172e+00 3.543330192565917969e+00 -3.553334996104240417e-02 4.165976047515869141e-01 -3.573865413665771484e+00 -1.703007221221923828e+00 -1.075770497322082520e+00 -1.728685200214385986e-02 -3.397219419479370117e+00 2.839454889297485352e+00 1.280030250549316406e+00 -2.838333368301391602e+00 -2.698421001434326172e+00 1.516884922981262207e+00 3.502514600753784180e+00 -5.801800727844238281e+00 -3.032681941986083984e+00 -2.260034084320068359e+00 -6.238969326019287109e+00 3.912899494171142578e+00 -1.871201157569885254e+00 -5.365121364593505859e-01 1.596668601036071777e+00 1.511775612831115723e+00 5.321263313293457031e+00 -4.699604034423828125e+00 -2.088831186294555664e+00 8.187535285949707031e+00 -3.728886365890502930e+00 -6.760091185569763184e-01 1.995066165924072266e+00 -2.972333908081054688e+00 2.214238978922367096e-03 -9.628943443298339844e+00 4.024806022644042969e+00 -7.713038921356201172e-01 4.122042953968048096e-01 -7.417072653770446777e-01 3.912991523742675781e+00 -1.576340317726135254e+00 3.052023351192474365e-01 2.150109767913818359e+00 1.239060238003730774e-02 -1.278248280286788940e-01 3.752101063728332520e-01 1.001232862472534180e+00 -3.042795062065124512e-01 -8.511550426483154297e-01 -3.867411851882934570e+00 -2.589051008224487305e+00 3.904172182083129883e+00 -7.135611176490783691e-01 3.673859357833862305e+00 -3.264894485473632812e+00 -1.570320844650268555e+00 2.819391489028930664e+00 7.456639409065246582e-01 -4.071633815765380859e+00 -8.425696492195129395e-01 -3.119252204895019531e+00 -2.727077245712280273e+00 -1.056072950363159180e+00 8.619532585144042969e-01 -1.179772615432739258e-01 2.610444307327270508e+00 1.750802993774414062e+00
-3.226418304443359375e+01 7.178609371185302734e+00 -1.318666338920593262e+00 1.711668205261230469e+01 6.298686981201171875e+00 -6.420366168022155762e-01 -8.310379028320312500e+00 -2.749421358108520508e+00 4.440366744995117188e+00 5.589386940002441406e+00 5.740524768829345703e+00 9.190026283264160156e+00 2.853366613388061523e+00 1.454492187500000000e+01 -1.648181676864624023e-01 3.569373846054077148e+00 -1.913651227951049805e-01 -4.836707592010498047e+00 -2.603034079074859619e-01 -4.907791614532470703e+00 7.833743095397949219e-01 -2.112903594970703125e+00 -3.477043867111206055e+00 -4.907058238983154297e+00 2.889207124710083008e+00 -2.748060703277587891e+00 -6.558119773864746094e+00 -2.581714153289794922e+00 -6.528737545013427734e-01 -6.801015138626098633e-01 6.243953227996826172e+00 4.053191184997558594e+00 1.770457744598388672e+00 7.036815643310546875e+00 -1.894470453262329102e+00 -3.811503171920776367e+00 5.029926300048828125e+00 -1.717457413673400879e+00 -9.198912978172302246e-01 6.121783256530761719e+00 -3.596221446990966797e+00 1.530735492706298828e+00 -2.791670083999633789e+00 4.422289848327636719e+00 -1.480236291885375977e+00 -3.808839023113250732e-01 -1.115017890930175781e+00 9.129354357719421387e-02 -2.156323671340942383e+00 -5.552869319915771484e+00 2.726284563541412354e-01 1.446176528930664062e+00 1.198362827301025391e+00 -1.888251304626464844e+00 2.616091012954711914e+00 -2.304169178009033203e+00 -8.924012184143066406e+00 -1.104213476181030273e+00 -2.052908658981323242e+00 3.756746530532836914e+00 -1.542371749877929688e+00 4.145269468426704407e-02 -1.148419976234436035e+00 3.921277284622192383e+00 1.499414563179016113e+00 2.473807334899902344e+00 2.902447223663330078e+00 2.053743600845336914e+00 -3.630880594253540039e+00 -5.822724819183349609e+00 -9.627432227134704590e-01 5.466158390045166016e+00 -1.164047241210937500e+00 -2.827212333679199219e+00 1.343350529670715332e+00 -3.141971588134765625e+00 -1.347925513982772827e-01 3.859215881675481796e-03 -2.022900283336639404e-01 5.553898811340332031e+00 5.227506160736083984e-01 -2.698968648910522461e+00 2.194168567657470703e+00 -5.681143999099731445e-01 -9.377651214599609375e-01 2.190253496170043945e+00 3.515906035900115967e-01 -5.557906627655029297e+00 4.411758899688720703e+00 -5.158526897430419922e-01 1.685530781745910645e+00 -1.572613865137100220e-01 -1.583788156509399414e+00 -2.533532492816448212e-02 -1.037829518318176270e+00 -2.028007507324218750e+00 -3.912741899490356445e+00 2.141284465789794922e+00 2.711541652679443359e-01 5.075327873229980469e+00
-3.658367538452148438e+01 9.939636230468750000e+00 -2.131776332855224609e+00 1.787327194213867188e+01 8.095219612121582031e+00 -4.713021278381347656e+00 -7.014822006225585938e+00 -1.042543220520019531e+01 1.033016204833984375e+01 1.493112564086914062e+01 -7.833733558654785156e-01 -7.217638492584228516e+00 2.017724990844726562e+00 7.519680023193359375e+00 -1.885946094989776611e-01 5.849976062774658203e+00 -1.083036899566650391e+00 4.088072299957275391e+00 3.937186717987060547e+00 -1.556343674659729004e+00 -4.409604549407958984e+00 4.003510951995849609e+00 5.946503162384033203e+00 -2.523602962493896484e+00 2.177504062652587891e+00 5.821042060852050781e-01 -1.372834742069244385e-01 -1.691575288772583008e+00 4.583722114562988281e+00 -4.403141021728515625e+00 2.149740695953369141e+00 -2.210012637078762054e-03 -3.394954681396484375e+00 -1.073845863342285156e+00 -5.875185966491699219e+00 3.394008636474609375e+00 8.553124427795410156e+00 -4.197121560573577881e-01 -1.165273666381835938e+00 4.450010955333709717e-01 -3.532006025314331055e+00 -8.062844276428222656e+00 3.534370422363281250e+00 1.866079419851303101e-01 5.941092014312744141e+00 -5.337690353393554688e+00 9.327017664909362793e-01 -2.851288080215454102e+00 2.876588582992553711e+00 4.793752729892730713e-01 -2.944777011871337891e+00 -1.361901640892028809e+00 -1.933810710906982422e+00 1.573516368865966797e+00 2.745560169219970703e+00 -7.179762721061706543e-01 -1.161547452211380005e-01 -2.768386602401733398e+00 7.898950576782226562e+00 2.685688257217407227e+00 5.148711800575256348e-01 -3.241093158721923828e+00 -2.505054950714111328e+00 3.327123641967773438e+00 4.277930736541748047e+00 -9.504815340042114258e-01 -3.543351173400878906e+00 -1.013938784599304199e-01 1.242405772209167480e+00 -3.855682373046875000e+00 3.956179618835449219e-01 -4.699951171875000000e+00 -1.900551199913024902e+00 3.033898115158081055e+00 -3.585351943969726562e+00 -5.296855926513671875e+00 -1.544253349304199219e+00 7.334140777587890625e+00 1.511613368988037109e+00 -2.356081962585449219e+00 -4.453356742858886719e+00 4.429641246795654297e+00 -2.670235395431518555e+00 2.947041511535644531e+00 -1.219644024968147278e-01 -2.360041737556457520e-01 -6.991758823394775391e+00 -3.682010650634765625e+00 3.610293865203857422e+00 -1.835058093070983887e+00 -2.084701299667358398e+00 -1.496207118034362793e+00 3.271590232849121094e+00 -3.115102529525756836e+00 4.328067779541015625e+00 6.211654186248779297e+00 -8.192208409309387207e-01 2.703632116317749023e+00 -3.413731157779693604e-01 -3.715299129486083984e+00
-3.779987335205078125e+01 1.108998870849609375e+01 1.926027238368988037e-01 1.786629295349121094e+01 -1.063491153717041016e+01 2.169574737548828125e+00 -2.080900818109512329e-01 -1.345023250579833984e+01 -2.703418731689453125e+00 1.131025600433349609e+01 2.884298563003540039e+00 -6.963713169097900391e+00 -6.802419185638427734e+00 -5.127019882202148438e+00 3.179298639297485352e+00 7.833047866821289062e+00 2.950162410736083984e+00 -1.617202520370483398e+00 4.592126369476318359e+00 2.454929590225219727e+00 2.084374427795410156e+00 1.769743800163269043e+00 -2.084717512130737305e+00 -4.706324577331542969e+00 -6.427482128143310547e+00 -1.376231789588928223e+00 -3.030073404312133789e+00 4.746287345886230469e+00 2.168513774871826172e+00 6.984988212585449219e+00 -3.075917482376098633e+00 -1.691540002822875977e+00 2.474070310592651367e+00 -3.382105827331542969e+00 4.712839603424072266e+00 -2.294197797775268555e+00 4.183552265167236328e+00 7.389580607414245605e-01 -4.766696691513061523e-01 4.118203520774841309e-01 9.877040386199951172e-01 -8.862584829330444336e-01 -7.633640766143798828e-01 -7.944562435150146484e-01 -3.375514984130859375e+00 1.561490058898925781e+00 3.198051214218139648e+00 -6.180564880371093750e+00 -2.686905622482299805e+00 -6.965904235839843750e-01 3.442847967147827148e+00 -2.844712436199188232e-01 -9.820786118507385254e-01 -2.927234649658203125e+00 -7.671945691108703613e-01 -3.453115940093994141e+00 6.975563526153564453e+00 -1.864372730255126953e+00 -4.446381568908691406e+00 9.676129221916198730e-01 1.539021968841552734e+00 -8.428365707397460938e+00 6.878970861434936523e-01 1.036905962973833084e-02 1.716927647590637207e+00 -5.980830192565917969e+00 5.822301387786865234e+00 6.884524822235107422e-01 2.183946847915649414e+00 -3.480354070663452148e+00 -3.041962623596191406e+00 -1.455747961997985840e+00 -9.142227172851562500e+00 -1.209673881530761719e+00 -1.023966193199157715e+00 4.452733397483825684e-01 -4.853055477142333984e+00 9.200017929077148438e+00 -2.409507751464843750e+00 -8.085089683532714844e+00 3.926512479782104492e+00 -3.363021612167358398e+00 -5.579988479614257812e+00 -1.074252605438232422e+00 -6.882967352867126465e-01 -3.702872276306152344e+00 1.496984601020812988e+00 -3.829181432723999023e+00 2.918690681457519531e+00 -2.569373369216918945e+00 -2.800368785858154297e+00 2.218958377838134766e+00 -1.385876536369323730e+00 -3.341383635997772217e-01 -2.358433961868286133e+00 -1.393830657005310059e+00 -1.283245347440242767e-02 -1.707979440689086914e+00 -2.888540267944335938e+00 -4.103003501892089844e+00
-3.484798431396484375e+01 1.351101875305175781e+01 -1.893721461296081543e+00 2.084849357604980469e+01 -9.143450736999511719e+00 4.961676299571990967e-01 1.066350579261779785e+00 -1.279914665222167969e+01 -4.233613491058349609e+00 1.952076339721679688e+01 -1.899430632591247559e+00 -8.269665718078613281e+00 -2.848290205001831055e+00 -3.514796972274780273e+00 3.188616275787353516e+00 -6.437679380178451538e-02 9.707656502723693848e-01 2.613830089569091797e+00 1.066362619400024414e+00 -5.646626472473144531e+00 9.369681477546691895e-01 -4.704180240631103516e+00 -5.175806999206542969e+00 -2.932228565216064453e+00 -1.370219141244888306e-01 7.297184467315673828e+00 6.895460933446884155e-02 -2.757633328437805176e-01 1.387777805328369141e+00 3.326498508453369141e+00 7.924921512603759766e-01 3.796194314956665039e+00 -6.106088638305664062e+00 3.906023502349853516e+00 -2.742901325225830078e+00 1.154067158699035645e+00 2.770605087280273438e+00 -3.562089920043945312e+00 -6.995532035827636719e+00 1.808413267135620117e+00 3.387815877795219421e-02 -2.705061912536621094e+00 1.318393468856811523e+00 -2.547966957092285156e+00 -2.951841831207275391e+00 4.322517395019531250e+00 -1.239690303802490234e+00 -4.516647338867187500e+00 -1.110742464661598206e-01 2.934826374053955078e+00 1.363483309745788574e+00 4.193760871887207031e+00 1.952057838439941406e+00 -3.252301931381225586e+00 5.165399551391601562e+00 2.055139780044555664e+00 -2.312804609537124634e-01 7.349713802337646484e+00 -4.135743618011474609e+00 2.895198822021484375e+00 3.639441251754760742e+00 -2.735376119613647461e+00 3.748475551605224609e+00 -7.076728940010070801e-01 3.694421052932739258e-01 6.791784167289733887e-01 1.410621643066406250e+00 5.122513771057128906e+00 7.283810526132583618e-02 -7.266596317291259766e+00 2.937999725341796875e+00 4.189140796661376953e+00 2.346162870526313782e-02 1.954679004848003387e-02 6.159677505493164062e-01 -3.146075487136840820e+00 4.479803144931793213e-01 1.955244541168212891e+00 -5.702218055725097656e+00 -5.584133267402648926e-01 -4.319478511810302734e+00 -2.108923435211181641e+00 5.510426044464111328e+00 -1.028059959411621094e+00 1.102645158767700195e+00 2.117927551269531250e+00 4.826025962829589844e+00 3.827181816101074219e+00 -3.196130990982055664e+00 -3.373282909393310547e+00 1.275928616523742676e+00 -7.404683232307434082e-01 2.455809831619262695e+00 -4.816905558109283447e-01 3.754345476627349854e-01 -2.296988010406494141e+00 -1.181649923324584961e+00 1.345179677009582520e+00 -1.427082657814025879e+00 -1.641594290733337402e+00
-3.128114700317382812e+01 1.157231330871582031e+01 -2.702079296112060547e+00 1.681268119812011719e+01 -4.734542846679687500e+00 -9.234771877527236938e-02 -5.694548130035400391e+00 -1.431549930572509766e+01 6.344207286834716797e+00 2.389183425903320312e+01 1.272472667694091797e+01 -4.859359264373779297e+00 3.766635656356811523e-01 2.951840460300445557e-01 2.740412950515747070e+00 6.425693988800048828e+00 -3.354808390140533447e-01 -4.779104232788085938e+00 -2.537868261337280273e+00 1.916427969932556152e+00 -3.571274280548095703e+00 -6.292892932891845703e+00 1.584031462669372559e+00 4.502497240900993347e-02 6.178056716918945312e+00 9.954157829284667969e+00 -6.369087696075439453e+00 4.928373172879219055e-02 -1.611780405044555664e+00 1.349712729454040527e+00 -1.146966814994812012e+00 -6.634136199951171875e+00 2.308808565139770508e+00 1.236043334007263184e+00 -5.852078795433044434e-01 6.358358860015869141e-01 9.415810108184814453e-01 1.952077746391296387e+00 5.877685070037841797e+00 2.930947065353393555e+00 -2.749173164367675781e+00 -5.690989971160888672e+00 -2.361057281494140625e+00 -7.079163074493408203e+00 -7.899622917175292969e+00 2.451921463012695312e+00 2.673476934432983398e+00 7.085140705108642578e+00 -5.981594324111938477e-01 1.085434183478355408e-01 -1.419625878334045410e+00 -3.113964319229125977e+00 -3.818390607833862305e+00 -4.539320468902587891e+00 -4.214620113372802734e+00 4.668387889862060547e+00 1.647153310477733612e-02 3.763835906982421875e+00 2.138613224029541016e+00 1.620835304260253906e+00 1.995022654533386230e+00 2.240803003311157227e+00 1.669754743576049805e+00 -4.442543029785156250e+00 -8.858002424240112305e-01 3.646106004714965820e+00 -4.192377090454101562e+00 -5.905837416648864746e-01 -2.636751651763916016e+00 -1.483681797981262207e+00 6.376777589321136475e-02 3.514111995697021484e+00 1.416053771972656250e+00 1.591788530349731445e-01 -1.769172072410583496e+00 -5.479189157485961914e-01 1.220564842224121094e+00 -3.063005805015563965e-01 2.979737520217895508e+00 -3.075079441070556641e+00 3.449614524841308594e+00 4.790872573852539062e+00 1.788679718971252441e+00 2.071477890014648438e+00 -3.524151325225830078e+00 1.447993993759155273e+00 -2.627570390701293945e+00 -8.491074442863464355e-01 -1.463672637939453125e+00 -1.002079725265502930e+00 -2.984033584594726562e+00 7.758608460426330566e-01 1.616867899894714355e+00 -2.664185047149658203e+00 -1.033830523490905762e+00 -3.472684383392333984e+00 2.702504634857177734e+00 -2.663969516754150391e+00 -1.842097759246826172e+00 3.397735357284545898e-01
-3.156352615356445312e+01 1.202808952331542969e+01 -1.685342311859130859e+00 1.644085502624511719e+01 -4.933175563812255859e+00 -2.910570800304412842e-01 -5.537546634674072266e+00 -1.457001113891601562e+01 6.400910854339599609e+00 2.359818077087402344e+01 1.270907688140869141e+01 -4.401900768280029297e+00 4.722551703453063965e-01 5.138131976127624512e-01 2.568641662597656250e+00 7.309775352478027344e+00 -5.682871937751770020e-01 -5.125906467437744141e+00 -2.820576190948486328e+00 1.806630134582519531e+00 -3.550243854522705078e+00 -6.179118156433105469e+00 1.568128466606140137e+00 3.424017727375030518e-01 5.692429542541503906e+00 1.064326095581054688e+01 -6.035633087158203125e+00 -2.405341118574142456e-01 -1.058031082153320312e+00 1.825387477874755859e+00 -1.141066551208496094e+00 -7.472693443298339844e+00 2.284705162048339844e+00 1.736691713333129883e+00 -9.917770624160766602e-01 8.382763266563415527e-01 2.688943147659301758e-01 2.446422576904296875e+00 6.410630702972412109e+00 3.582338333129882812e+00 -2.282812595367431641e+00 -6.122307300567626953e+00 -3.168900489807128906e+00 -6.423105239868164062e+00 -7.552555084228515625e+00 3.086749792098999023e+00 2.846540927886962891e+00 7.109524726867675781e+00 -7.666161060333251953e-01 -8.587191700935363770e-01 -1.468893885612487793e+00 -3.397039651870727539e+00 -3.461251497268676758e+00 -4.304344177246093750e+00 -4.746181488037109375e+00 4.597081184387207031e+00 -9.955174475908279419e-02 4.145404338836669922e+00 2.312545061111450195e+00 1.421786189079284668e+00 8.110094070434570312e-01 1.946378350257873535e+00 1.498320102691650391e+00 -3.763537168502807617e+00 -8.317547440528869629e-01 3.122983217239379883e+00 -4.847216129302978516e+00 -1.006931185722351074e+00 -1.854740500450134277e+00 -1.003520250320434570e+00 6.906245946884155273e-01 3.938088417053222656e+00 1.868321537971496582e+00 4.229523241519927979e-01 -2.006656646728515625e+00 -4.638876318931579590e-01 1.488948345184326172e+00 -2.940074307844042778e-03 3.395729780197143555e+00 -2.623265027999877930e+00 2.965720891952514648e+00 5.285801410675048828e+00 1.458171367645263672e+00 2.105578422546386719e+00 -3.946235418319702148e+00 1.307179212570190430e+00 -1.316846489906311035e+00 -1.899708956480026245e-01 -2.295736074447631836e+00 -1.574316263198852539e+00 -2.713450193405151367e+00 5.760791897773742676e-01 1.333111882209777832e+00 -2.006346464157104492e+00 -9.146542549133300781e-01 -2.839598894119262695e+00 2.653808116912841797e+00 -2.680107593536376953e+00 -1.561355352401733398e+00 1.017282485961914062e+00
-2.697891235351562500e+01 1.545098018646240234e+01 -8.833149075508117676e-02 1.877763938903808594e+01 -1.493318557739257812e+01 -1.016864681243896484e+01 6.313292980194091797e+00 -3.289119005203247070e+00 4.255965232849121094e+00 1.378523635864257812e+01 9.015106201171875000e+00 -2.804391145706176758e+00 2.363479852676391602e+00 -7.846181869506835938e+00 6.477546691894531250e+00 -1.758032202720642090e+00 -3.730247974395751953e+00 -1.678161382675170898e+00 -4.260516643524169922e+00 -1.108233571052551270e+00 6.753239631652832031e+00 4.292114257812500000e+00 5.702270507812500000e+00 -4.738224029541015625e+00 -6.754786968231201172e+00 -6.788480281829833984e+00 4.977396488189697266e+00 -5.580412149429321289e-01 -1.139571905136108398e+00 5.413336277008056641e+00 -1.318755507469177246e+00 5.484884738922119141e+00 4.904423236846923828e+00 2.874123454093933105e-01 3.589231014251708984e+00 5.057305335998535156e+00 -1.674099922180175781e+00 1.725890278816223145e+00 -2.633321285247802734e+00 -2.163409948348999023e+00 2.473238468170166016e+00 -1.903510570526123047e+00 -2.019010066986083984e+00 3.106473684310913086e+00 -2.314175367355346680e+00 5.846775054931640625e+00 2.034870862960815430e+00 1.322018146514892578e+00 -1.383670687675476074e+00 -4.397073984146118164e-01 -1.238718986511230469e+00 2.315550565719604492e+00 -5.398912429809570312e+00 3.901597499847412109e+00 1.228477716445922852e+00 3.741094350814819336e+00 -3.817207574844360352e+00 -3.602134466171264648e+00 -7.943579673767089844e+00 -3.255008220672607422e+00 -2.558130979537963867e+00 -1.917612910270690918e+00 1.016368746757507324e+00 -5.338428974151611328e+00 -4.943147182464599609e+00 -1.541601061820983887e+00 -3.260415792465209961e+00 -3.523128986358642578e+00 6.313712596893310547e+00 3.636054992675781250e+00 -4.233110845088958740e-01 3.769417047500610352e+00 1.335052028298377991e-02 2.676921844482421875e+00 -6.587583571672439575e-02 5.376130580902099609e+00 -3.398442983627319336e+00 -1.869907855987548828e+00 1.808412671089172363e+00 -4.173848152160644531e+00 -3.002142906188964844e+00 -3.978829145431518555e+00 1.438071966171264648e+00 -1.359409451484680176e+00 3.658597469329833984e+00 5.360549092292785645e-01 2.064126729965209961e+00 1.414328098297119141e+00 -3.582265853881835938e+00 -3.059044837951660156e+00 6.700078964233398438e+00 -3.929337024688720703e+00 1.776016831398010254e+00 1.261128783226013184e+00 3.245401382446289062e-02 5.796046257019042969e+00 1.182894825935363770e+00 -1.555096864700317383e+00 -3.522819280624389648e+00 -9.194448590278625488e-01
-2.429474449157714844e+01 1.267208957672119141e+01 -1.279997676610946655e-01 2.316526222229003906e+01 -1.743362998962402344e+01 -7.404296875000000000e+00 6.466275691986083984e+00 -6.628918647766113281e+00 1.151129603385925293e+00 1.095150852203369141e+01 1.040659046173095703e+01 -4.196187019348144531e+00 -1.750670194625854492e+00 -1.597568690776824951e-01 9.700097084045410156e+00 2.230981588363647461e+00 -6.070694923400878906e+00 -4.502980709075927734e+00 3.368312835693359375e+00 3.810621261596679688e+00 -3.007525920867919922e+00 5.336691856384277344e+00 -4.424174726009368896e-01 -1.011518955230712891e+00 2.955816984176635742e+00 -3.349209785461425781e+00 -1.663429141044616699e+00 2.950515151023864746e-01 2.070886850357055664e+00 -2.941782951354980469e+00 5.956069946289062500e+00 4.640063285827636719e+00 -2.339679956436157227e+00 -4.448573112487792969e+00 -2.947543144226074219e+00 1.060449123382568359e+00 -4.473908901214599609e+00 3.274972736835479736e-01 -1.809353232383728027e+00 -4.259948730468750000e+00 1.674637556076049805e+00 -5.746353626251220703e+00 -3.035621643066406250e+00 9.243940114974975586e-01 -3.736325263977050781e+00 3.911871433258056641e+00 -1.038698911666870117e+00 1.082330584526062012e+00 3.128676891326904297e+00 -2.891046047210693359e+00 -1.968824267387390137e-01 6.003360152244567871e-01 2.656567811965942383e+00 2.461104631423950195e+00 -2.905740499496459961e+00 8.982828259468078613e-01 -3.236738920211791992e+00 -2.341149330139160156e+00 -1.302999407052993774e-01 -2.696601867675781250e+00 -1.082606673240661621e+00 -1.488380432128906250e+00 -8.844686150550842285e-01 6.283362388610839844e+00 5.038108825683593750e-01 -4.182361960411071777e-01 6.926050782203674316e-01 -9.977137446403503418e-01 2.442548990249633789e+00 -1.484925985336303711e+00 -3.140971660614013672e+00 -7.531558036804199219e+00 2.670779466629028320e+00 -5.227741718292236328e+00 -4.235671043395996094e+00 -5.700236797332763672e+00 1.354627490043640137e+00 -3.650922298431396484e+00 -3.304457902908325195e+00 3.237844467163085938e+00 4.106414794921875000e+00 1.239206790924072266e-01 -1.648542881011962891e+00 -1.150911569595336914e+00 2.630698919296264648e+00 -2.554169893264770508e+00 2.386680126190185547e+00 9.329369544982910156e+00 -1.740210890769958496e+00 -3.642783164978027344e+00 -2.677370309829711914e+00 -4.759004712104797363e-01 -4.249592304229736328e+00 2.585744380950927734e+00 2.130384206771850586e+00 2.666720628738403320e+00 -1.185712814331054688e+00 -2.454151868820190430e+00 1.783253550529479980e-01 2.652784824371337891e+00
-3.169110488891601562e+01 1.305698585510253906e+01 -2.974582195281982422e+00 2.089480781555175781e+01 -1.315711688995361328e+01 -8.815988540649414062e+00 -2.007024765014648438e+00 -8.921336174011230469e+00 5.457378625869750977e-01 1.168109512329101562e+01 4.826748371124267578e+00 -6.227214336395263672e+00 6.669071674346923828e+00 -3.403233766555786133e+00 3.599603176116943359e+00 6.395235061645507812e+00 -4.613771915435791016e+00 9.075640141963958740e-02 5.685517311096191406e+00 -3.376414537429809570e+00 2.309034824371337891e+00 4.303239822387695312e+00 4.084697723388671875e+00 -3.765390157699584961e+00 -6.012852668762207031e+00 -1.202268004417419434e+00 6.063028812408447266e+00 9.768817901611328125e+00 1.452628225088119507e-01 2.397283315658569336e+00 3.846584558486938477e+00 2.924858808517456055e+00 -1.029737472534179688e+00 -3.794006109237670898e+00 4.657715260982513428e-01 4.755642414093017578e-01 -2.225557804107666016e+00 -1.308331608772277832e+00 1.551573872566223145e+00 -3.026804685592651367e+00 1.460678815841674805e+00 -1.327560544013977051e+00 6.018441677093505859e+00 -4.505678653717041016e+00 -3.602986633777618408e-01 -2.849197864532470703e+00 -1.736444681882858276e-01 -1.206634521484375000e+00 -4.809556484222412109e+00 5.427141666412353516e+00 -2.641528367996215820e+00 1.138957142829895020e+00 4.294270038604736328e+00 4.560835659503936768e-01 -5.410102844238281250e+00 1.367373824119567871e+00 1.056015372276306152e+00 -3.952762126922607422e+00 7.525470852851867676e-01 1.695736348628997803e-01 -6.518750190734863281e-01 4.618307113647460938e+00 3.145299196243286133e+00 -8.753228783607482910e-01 2.691883563995361328e+00 -1.447975158691406250e+00 -3.728093147277832031e+00 2.083004117012023926e-01 4.021491050720214844e+00 7.323630899190902710e-02 -2.350680828094482422e+00 -7.613552808761596680e-01 2.527525424957275391e+00 -1.150910735130310059e+00 3.481495141983032227e+00 6.806448101997375488e-01 -1.081887602806091309e+00 -4.466584205627441406e+00 9.343610405921936035e-01 4.229368686676025391e+00 -1.297568082809448242e+00 2.395277768373489380e-01 6.197866916656494141e+00 -1.697366476058959961e+00 -2.768053531646728516e+00 5.228568911552429199e-01 -3.127653121948242188e+00 3.155024051666259766e+00 7.775335907936096191e-01 1.843389391899108887e+00 -5.139649868011474609e+00 3.203206062316894531e+00 -4.088765621185302734e+00 5.346972465515136719e+00 -9.191696047782897949e-01 -1.027967572212219238e+00 2.580528259277343750e+00 3.553550720214843750e+00 1.662318468093872070e+00 -3.153361558914184570e+00
-3.231127166748046875e+01 1.349074554443359375e+01 -5.809410572052001953e+00 2.340560340881347656e+01 -8.021347999572753906e+00 -1.416173076629638672e+01 -5.681986331939697266e+00 -1.234142112731933594e+01 3.988672256469726562e+00 1.378715991973876953e+01 6.238577842712402344e+00 -8.168939590454101562e+00 -1.051946878433227539e+00 -1.520058155059814453e+00 6.045578718185424805e-01 3.145419359207153320e+00 -1.173617601394653320e+00 2.554699182510375977e+00 2.558812856674194336e+00 3.282026290893554688e+00 -2.671420812606811523e+00 5.045870780944824219e+00 -1.816334843635559082e+00 -1.496009349822998047e+00 3.272880077362060547e+00 -4.896071910858154297e+00 3.063480854034423828e+00 1.131427192687988281e+01 2.157528638839721680e+00 -2.379189491271972656e+00 -2.161781311035156250e+00 2.656593799591064453e+00 -8.856429100036621094e+00 -2.550454378128051758e+00 -5.261188030242919922e+00 -9.655800461769104004e-01 -3.644374847412109375e+00 -2.924690246582031250e+00 -2.026719331741333008e+00 3.688395500183105469e+00 -4.680574238300323486e-01 -7.637460231781005859e+00 7.289675474166870117e-01 -4.407855987548828125e+00 -4.097177028656005859e+00 -1.763656616210937500e+00 -1.981718182563781738e+00 2.018897056579589844e+00 -2.280494213104248047e+00 -5.609841346740722656e+00 -2.306661128997802734e+00 -3.274054765701293945e+00 -3.318005561828613281e+00 1.291495561599731445e+00 -2.204881191253662109e+00 1.211818933486938477e+00 -5.492312461137771606e-02 -6.108982563018798828e+00 1.216366052627563477e+00 -2.727952480316162109e+00 -1.376300454139709473e+00 -5.121667981147766113e-01 4.381094872951507568e-01 -2.555957794189453125e+00 4.039291381835937500e+00 -1.795152544975280762e+00 6.795722246170043945e-01 5.890728950500488281e+00 2.356570512056350708e-01 1.815389394760131836e+00 2.911687850952148438e+00 -6.591800451278686523e-01 7.479974031448364258e-01 -3.386626482009887695e+00 -1.672754883766174316e+00 -1.586856544017791748e-01 2.841059207916259766e+00 -2.857663393020629883e+00 9.349808692932128906e-01 1.023523688316345215e+00 -9.404128789901733398e-01 -4.316727638244628906e+00 -2.264332532882690430e+00 2.903304576873779297e+00 1.268293976783752441e+00 8.545701950788497925e-02 -1.233292520046234131e-01 -1.822632551193237305e+00 1.668689608573913574e+00 3.942994594573974609e+00 -2.771241188049316406e+00 9.885047674179077148e-01 -3.291193246841430664e+00 1.192179441452026367e+00 -2.988240957260131836e+00 -1.144478082656860352e+00 -3.224571228027343750e+00 -2.442971706390380859e+00 -1.037446141242980957e+00 -7.187598347663879395e-01
-3.676074981689453125e+01 1.328952121734619141e+01 3.648659229278564453e+00 1.637256622314453125e+01 -1.116966629028320312e+01 6.104441165924072266e+00 -4.262155055999755859e+00 -2.034266281127929688e+01 -7.341375946998596191e-01 1.282700634002685547e+01 -7.741430282592773438e+00 8.964404106140136719e+00 -1.003140449523925781e+00 7.223786354064941406e+00 1.048174619674682617e+00 5.460321903228759766e+00 1.629913210868835449e+00 -8.141331672668457031e+00 4.444022655487060547e+00 -4.335376739501953125e+00 2.061294078826904297e+00 2.943301200866699219e+00 2.104784965515136719e+00 3.337053537368774414e+00 -4.057702541351318359e+00 -1.059178256988525391e+01 1.778262734413146973e+00 8.577285766601562500e+00 -1.980597853660583496e+00 2.045787423849105835e-01 -7.683710455894470215e-01 -3.690963387489318848e-01 3.703678607940673828e+00 6.957571983337402344e+00 8.240423202514648438e-01 -5.729792118072509766e+00 9.033434987068176270e-01 -2.305793046951293945e+00 -4.465505599975585938e+00 -2.753123521804809570e+00 1.281390666961669922e+00 1.497185587882995605e+00 5.176602363586425781e+00 -3.936447620391845703e+00 -2.046579122543334961e+00 -1.933277368545532227e+00 5.124514102935791016e+00 -3.636365890502929688e+00 -4.316506385803222656e+00 2.319649159908294678e-01 6.002831935882568359e+00 -6.520645618438720703e-01 5.233611106872558594e+00 2.372944116592407227e+00 -5.495631694793701172e+00 -2.253547191619873047e+00 4.442579746246337891e+00 -7.856224179267883301e-01 -3.024888277053833008e+00 2.070045709609985352e+00 9.061853885650634766e-01 -5.951179981231689453e+00 -5.295387744903564453e+00 6.429186820983886719e+00 4.021002650260925293e-01 -5.405233383178710938e+00 -2.178069829940795898e+00 2.519739389419555664e+00 3.542397022247314453e+00 2.858335673809051514e-01 -3.716548442840576172e+00 7.552095502614974976e-02 8.186041116714477539e-01 -3.468139886856079102e+00 2.248017787933349609e+00 6.676551342010498047e+00 -4.026996612548828125e+00 -7.610248774290084839e-02 -4.395734071731567383e-01 -4.650531291961669922e+00 1.581628322601318359e-01 3.542278289794921875e+00 2.267232179641723633e+00 -1.049657464027404785e+00 -3.920030355453491211e+00 -7.420199871063232422e+00 5.928071022033691406e+00 1.573017001152038574e+00 -5.643930435180664062e-01 -3.018680334091186523e+00 -3.728533506393432617e+00 2.947801589965820312e+00 -4.601669788360595703e+00 -1.567618370056152344e+00 8.293320536613464355e-01 1.095135927200317383e+00 2.117133378982543945e+00 1.221462368965148926e+00 4.355211734771728516e+00 -3.329628467559814453e+00
-3.594806289672851562e+01 9.086357116699218750e+00 -5.375444889068603516e+00 1.814064216613769531e+01 7.003100514411926270e-01 -1.226978302001953125e+01 -5.451323509216308594e+00 -4.601659774780273438e+00 9.048727989196777344e+00 1.153191184997558594e+01 5.681307792663574219e+00 4.608575820922851562e+00 -6.592860221862792969e-01 6.614087820053100586e-01 -3.598193168640136719e+00 9.699143171310424805e-01 2.783553838729858398e+00 -3.824931621551513672e+00 -2.302253007888793945e+00 2.209846735000610352e+00 5.169635295867919922e+00 -3.526697158813476562e+00 1.686487913131713867e+00 9.360432028770446777e-01 -6.400981903076171875e+00 -3.529863119125366211e+00 7.234791278839111328e+00 -2.762656450271606445e+00 8.315151929855346680e-01 -6.522821903228759766e+00 1.393407106399536133e+00 -1.845929503440856934e+00 -1.599546968936920166e-01 -4.695326983928680420e-01 -5.440693497657775879e-01 -1.306484341621398926e+00 -5.079343795776367188e+00 2.454127311706542969e+00 -2.368241071701049805e+00 -1.800448656082153320e+00 1.941850900650024414e+00 2.420378923416137695e-01 1.599338203668594360e-01 4.844427108764648438e+00 6.498511314392089844e+00 4.682593792676925659e-02 2.742223978042602539e+00 -1.016605854034423828e+00 1.664798855781555176e+00 -6.352378368377685547e+00 1.359552025794982910e+00 4.291261196136474609e+00 3.140080869197845459e-01 1.941410899162292480e+00 -2.571054697036743164e+00 3.973482370376586914e+00 -3.098674774169921875e+00 2.286371231079101562e+00 -2.013333082199096680e+00 5.490283012390136719e+00 8.283235549926757812e+00 2.427730321884155273e+00 -3.298557281494140625e+00 6.677646636962890625e-01 7.071221470832824707e-01 -3.211858496069908142e-02 -6.719334602355957031e+00 -1.746950984001159668e+00 -8.553404808044433594e+00 4.163505554199218750e+00 -2.194149494171142578e+00 -2.117984056472778320e+00 5.947609424591064453e+00 1.056151270866394043e+00 -6.031736135482788086e-01 -2.143287420272827148e+00 -3.572121858596801758e+00 2.163568019866943359e+00 -1.561688423156738281e+00 5.458563327789306641e+00 1.091165542602539062e+00 5.694923400878906250e-01 -1.673861026763916016e+00 -8.114451766014099121e-01 -1.074381113052368164e+00 -2.728052377700805664e+00 1.735159635543823242e+00 -8.399853110313415527e-01 7.277987599372863770e-01 3.008237361907958984e+00 3.671653270721435547e+00 -6.264100551605224609e+00 4.676371812820434570e-01 2.297909736633300781e+00 2.508437871932983398e+00 -1.534813165664672852e+00 -1.269196033477783203e+00 4.414617061614990234e+00 -1.478068381547927856e-01 2.562858343124389648e+00
-3.438790512084960938e+01 7.455102920532226562e+00 3.715895712375640869e-01 1.799982833862304688e+01 -5.529745578765869141e+00 -1.173520088195800781e+01 -6.221629142761230469e+00 -1.704291534423828125e+01 5.641019821166992188e+00 1.290928840637207031e+01 -5.810289382934570312e+00 -3.701467514038085938e+00 9.952171325683593750e+00 1.047222137451171875e+00 -1.009714007377624512e+00 6.934931278228759766e+00 -5.806496620178222656e+00 7.173193693161010742e-01 -1.188699960708618164e+00 4.727805554866790771e-01 6.970620155334472656e+00 -2.904122829437255859e+00 4.278370738029479980e-01 9.398598670959472656e+00 1.861927509307861328e+00 1.756331443786621094e+00 1.741816997528076172e+00 8.542366027832031250e-01 4.304364204406738281e+00 -3.101332902908325195e+00 2.938775539398193359e+00 -9.685948491096496582e-01 4.289633750915527344e+00 2.098441362380981445e+00 5.599396228790283203e+00 6.966453045606613159e-03 7.761142253875732422e-01 1.748408317565917969e+00 3.872838020324707031e+00 1.554126143455505371e+00 -8.314098715782165527e-01 -1.023743033409118652e+00 6.192925453186035156e+00 -1.724359631538391113e+00 2.569850921630859375e+00 -5.074680805206298828e+00 -4.185985028743743896e-01 6.510952472686767578e+00 -2.601593017578125000e+00 9.843037724494934082e-01 2.968216896057128906e+00 3.150090694427490234e+00 -2.221117168664932251e-01 -8.033688068389892578e-01 6.083912372589111328e+00 -2.242272853851318359e+00 7.926963567733764648e-01 -1.693901777267456055e+00 6.274038553237915039e-01 -8.846874237060546875e-01 7.806276082992553711e-01 -7.566193938255310059e-01 -5.707955956459045410e-01 3.722741127014160156e+00 2.831538319587707520e-01 4.307534217834472656e+00 -1.061832070350646973e+00 -2.632913589477539062e+00 -1.496152162551879883e+00 -1.239329457283020020e+00 1.329296708106994629e+00 5.092437744140625000e+00 1.226619958877563477e+00 -1.682037949562072754e+00 3.432416319847106934e-01 -3.083752393722534180e+00 -6.056265234947204590e-01 8.743028640747070312e-01 -1.718277484178543091e-01 4.450277805328369141e+00 2.564131498336791992e+00 -4.248944759368896484e+00 4.979122057557106018e-02 -2.752475261688232422e+00 6.748098134994506836e-01 4.863273620605468750e+00 -1.198574781417846680e+00 3.022556781768798828e+00 8.491491675376892090e-01 5.390936851501464844e+00 2.601984262466430664e+00 3.398595571517944336e+00 4.775458335876464844e+00 9.071685791015625000e+00 -1.165997147560119629e+00 -4.946557879447937012e-01 -2.646852970123291016e+00 3.929666996002197266e+00 1.119090437889099121e+00 5.446516871452331543e-01
-3.469046783447265625e+01 1.038485240936279297e+01 -2.758836984634399414e+00 1.850317001342773438e+01 -1.275465965270996094e+01 -1.081440544128417969e+01 -5.373373985290527344e+00 -1.435855960845947266e+01 3.904033899307250977e+00 1.879842758178710938e+01 -7.266937732696533203e+00 -4.130153179168701172e+00 2.702033758163452148e+00 2.789814710617065430e+00 6.342008113861083984e+00 7.592745304107666016e+00 1.109061837196350098e+00 2.996261835098266602e+00 -4.641294956207275391e+00 -1.901839137077331543e+00 9.533134102821350098e-01 1.694551587104797363e+00 -7.058399677276611328e+00 3.323315620422363281e+00 -3.343869686126708984e+00 -2.036545515060424805e+00 -8.242095112800598145e-01 -1.828819394111633301e+00 -5.007910251617431641e+00 -3.981601715087890625e+00 6.094366550445556641e+00 5.509635925292968750e+00 -2.531530380249023438e+00 2.416951358318328857e-01 4.200471401214599609e+00 1.812476992607116699e+00 -2.214854001998901367e+00 4.295037269592285156e+00 1.479140281677246094e+00 1.524140834808349609e+00 1.881346583366394043e+00 2.393867492675781250e+00 1.231351613998413086e+00 5.547769069671630859e+00 2.960096299648284912e-01 -1.976579666137695312e+00 -2.904807031154632568e-01 3.220842182636260986e-01 3.188941776752471924e-01 -5.131625175476074219e+00 -1.530566334724426270e+00 -6.596480607986450195e-01 8.336877822875976562e-01 1.309812813997268677e-01 -2.001872539520263672e+00 -3.443031072616577148e+00 -2.612535715103149414e+00 3.588572740554809570e+00 -1.436375379562377930e+00 -4.251260757446289062e+00 -5.069221019744873047e+00 -1.830704092979431152e+00 -3.581290543079376221e-01 -8.488826751708984375e-01 -2.550162792205810547e+00 9.226253628730773926e-01 2.472155094146728516e+00 3.182210206985473633e+00 2.014027833938598633e-01 3.338093519210815430e+00 4.123234450817108154e-01 -2.748312614858150482e-02 1.111160755157470703e+00 4.303591251373291016e+00 -5.658715367317199707e-01 3.620655059814453125e+00 4.274859726428985596e-01 5.987923741340637207e-01 -7.063591480255126953e-01 1.656262755393981934e+00 -3.307964563369750977e+00 2.870331287384033203e+00 -1.016809821128845215e+00 2.848644971847534180e+00 7.615488767623901367e-01 -1.484457403421401978e-01 1.324109554290771484e+00 2.114584207534790039e+00 -3.605330228805541992e+00 -1.742169260978698730e+00 1.001253962516784668e+00 -1.810467839241027832e+00 -4.122114479541778564e-01 4.554713070392608643e-01 2.797150135040283203e+00 1.384058117866516113e+00 2.074967622756958008e+00 1.619258284568786621e+00 2.282076835632324219e+00 5.310206413269042969e+00
-3.276537322998046875e+01 1.243290901184082031e+01 -7.153423786163330078e+00 1.895459938049316406e+01 -6.951305389404296875e+00 -1.451625728607177734e+01 -5.725340366363525391e+00 -9.081876754760742188e+00 8.576129078865051270e-01 1.416198348999023438e+01 -9.535933494567871094e+00 -9.844388008117675781e+00 4.069674015045166016e+00 5.240904167294502258e-02 6.136471748352050781e+00 -5.053879261016845703e+00 -2.955442190170288086e+00 4.409684658050537109e+00 -2.481737852096557617e+00 -2.970457315444946289e+00 -6.558922767639160156e+00 2.715104222297668457e-01 -3.315566778182983398e+00 4.441586017608642578e+00 -3.923878669738769531e+00 4.888500690460205078e+00 5.364138603210449219e+00 2.404017686843872070e+00 -4.005773067474365234e+00 -9.273456335067749023e-01 2.465432882308959961e+00 3.399649143218994141e+00 4.196301937103271484e+00 -6.272778511047363281e+00 3.362789154052734375e+00 -2.360505461692810059e-01 8.058978319168090820e-01 1.507266521453857422e+00 -4.582443714141845703e+00 3.796596765518188477e+00 3.585754394531250000e+00 4.720383584499359131e-01 1.429655194282531738e+00 1.862433105707168579e-01 2.408387422561645508e+00 3.252623558044433594e+00 8.095115423202514648e-01 -7.552557587623596191e-01 -9.013012051582336426e-01 2.686240434646606445e+00 1.979632735252380371e+00 3.917479753494262695e+00 -5.927833914756774902e-01 4.901879787445068359e+00 -9.033088684082031250e-01 -3.979149460792541504e-01 2.631493330001831055e+00 5.317378520965576172e+00 1.055432081222534180e+00 9.334573149681091309e-01 1.312770843505859375e+00 1.512934207916259766e+00 2.749918997287750244e-01 -5.873786807060241699e-01 -5.986038208007812500e+00 2.957619905471801758e+00 5.673208832740783691e-01 -2.688508987426757812e+00 2.522201836109161377e-01 -1.812406301498413086e+00 -8.808687329292297363e-02 2.307557463645935059e-01 -1.065792083740234375e+00 9.567552804946899414e-01 -2.790670394897460938e+00 2.710074186325073242e+00 2.953040122985839844e+00 9.777746796607971191e-01 3.258804976940155029e-01 6.342843055725097656e+00 -3.130125701427459717e-01 1.873067617416381836e+00 1.645779013633728027e+00 -4.096154212951660156e+00 -5.757597684860229492e-01 -9.293314069509506226e-02 2.675208568572998047e+00 -4.167962074279785156e+00 -3.846525907516479492e+00 4.883157253265380859e+00 -3.065287828445434570e+00 5.196288108825683594e+00 1.347359657287597656e+00 -1.444030165672302246e+00 1.852632284164428711e+00 2.478135585784912109e+00 -1.841931700706481934e+00 1.550199985504150391e+00 -9.338591098785400391e-01 -3.583185672760009766e-01
-3.956472396850585938e+01 1.155992317199707031e+01 -3.001329898834228516e+00 1.554476642608642578e+01 2.634982347488403320e+00 -6.486820220947265625e+00 -9.166333198547363281e+00 -8.551425933837890625e-01 -3.042674541473388672e+00 1.153198909759521484e+01 4.200384616851806641e+00 -1.030308437347412109e+01 -1.212816953659057617e+00 -4.205591678619384766e+00 3.690008640289306641e+00 -8.447820663452148438e+00 -1.767593979835510254e+00 6.836999416351318359e+00 -4.044146537780761719e+00 -3.941438913345336914e+00 8.397575378417968750e+00 -4.196410655975341797e+00 -5.694085597991943359e+00 -5.955301761627197266e+00 1.032024383544921875e+00 -9.151177406311035156e+00 -2.993083477020263672e+00 -1.298693299293518066e+00 -5.588065147399902344e+00 1.788828492164611816e+00 -4.394407749176025391e+00 -6.038599014282226562e+00 -3.878668248653411865e-01 -3.362137675285339355e-01 6.043853282928466797e+00 -7.101226806640625000e+00 3.470968484878540039e+00 1.487402915954589844e-01 3.874699592590332031e+00 -1.546075701713562012e+00 -4.895222187042236328e+00 -1.368106365203857422e+00 -1.016681957244873047e+01 3.230540513992309570e+00 6.246076583862304688e+00 8.851383924484252930e-01 -7.901008725166320801e-01 -5.546607375144958496e-01 2.161429882049560547e+00 -1.265079379081726074e+00 -3.226277589797973633e+00 3.342923820018768311e-01 5.418838500976562500e+00 -2.658801317214965820e+00 4.102469980716705322e-01 8.306379914283752441e-01 6.593602299690246582e-01 4.517782688140869141e+00 -6.961220502853393555e-02 1.088393926620483398e+00 -3.237419366836547852e+00 2.709779977798461914e+00 -5.600863456726074219e+00 1.878537654876708984e+00 4.110090732574462891e+00 -5.523849487304687500e+00 -3.724723815917968750e+00 -6.179224491119384766e+00 -3.439914286136627197e-01 -2.759653806686401367e+00 2.127591371536254883e+00 -1.245904684066772461e+00 -1.762257814407348633e+00 1.311702132225036621e+00 9.972789287567138672e-01 2.705427885055541992e+00 -3.755063533782958984e+00 -2.458461046218872070e+00 -1.274415016174316406e+00 -2.229584217071533203e+00 -1.880802750587463379e+00 3.879182934761047363e-01 -6.186177134513854980e-01 -1.055114269256591797e+00 -2.226779937744140625e+00 -1.688453197479248047e+00 -2.810678482055664062e+00 -8.581933975219726562e-01 3.863486766815185547e+00 -1.430127620697021484e+00 2.790758371353149414e+00 2.287501543760299683e-01 -3.675900459289550781e+00 1.985158205032348633e+00 1.106004714965820312e+00 -1.198889136314392090e+00 1.536580324172973633e+00 -1.021174430847167969e+00 2.815404415130615234e+00 3.349926948547363281e+00
-3.634896087646484375e+01 9.266423225402832031e+00 -4.573689937591552734e+00 2.250540924072265625e+01 7.833994388580322266e+00 4.419160485267639160e-01 -7.939545631408691406e+00 1.583021402359008789e+00 4.405288696289062500e+00 9.057628631591796875e+00 -5.736947536468505859e+00 -7.792641520500183105e-01 2.226715326309204102e+00 -4.186856269836425781e+00 7.544845581054687500e+00 9.600414037704467773e-01 -9.605084419250488281e+00 -3.052555799484252930e+00 -7.667668342590332031e+00 -1.091567707061767578e+01 -1.025026798248291016e+00 3.728093624114990234e+00 -9.669047594070434570e-01 3.720863103866577148e+00 -2.265955209732055664e+00 9.440674781799316406e+00 2.970018863677978516e+00 3.847124576568603516e-01 5.786375522613525391e+00 1.660360336303710938e+00 -2.352168083190917969e+00 -1.406683564186096191e+00 4.765254974365234375e+00 9.129960834980010986e-02 -3.645517587661743164e+00 2.217351675033569336e+00 -4.230765342712402344e+00 1.011527156829833984e+01 3.455632448196411133e+00 -4.609984874725341797e+00 3.160501241683959961e+00 8.300769805908203125e+00 3.468469142913818359e+00 2.636100292205810547e+00 -2.906784772872924805e+00 -6.889592647552490234e+00 3.218806028366088867e+00 3.585954189300537109e+00 3.954529166221618652e-01 -1.122448205947875977e+00 1.823405027389526367e-01 -3.077129840850830078e+00 1.663952469825744629e+00 3.915788173675537109e+00 4.357699751853942871e-01 -2.929138660430908203e+00 1.680581331253051758e+00 1.815221667289733887e+00 7.340570926666259766e+00 -3.265061616897583008e+00 3.959365606307983398e+00 3.279594421386718750e+00 -1.550576210021972656e+00 -2.808873891830444336e+00 -4.450267791748046875e+00 6.806473731994628906e-01 1.751868844032287598e+00 -4.581124305725097656e+00 -1.582234263420104980e+00 2.688016414642333984e+00 -2.036306142807006836e+00 -1.134256243705749512e+00 -2.769187211990356445e+00 -5.165792703628540039e-01 5.292915105819702148e-01 1.594763040542602539e+00 -1.971882700920104980e+00 1.436424732208251953e+00 -1.023110866546630859e+00 -4.337152481079101562e+00 5.067288875579833984e+00 -9.072675108909606934e-01 -6.894080340862274170e-02 -4.326988756656646729e-02 -2.197102785110473633e+00 -2.183073461055755615e-01 -8.159225583076477051e-01 -2.548594713211059570e+00 -8.899351358413696289e-01 -1.858472108840942383e+00 2.724696993827819824e-01 -1.354225635528564453e+00 -1.373126626014709473e+00 -1.534179925918579102e+00 -1.008365154266357422e+00 -3.087050676345825195e+00 7.315935492515563965e-01 3.296384811401367188e+00 -3.093001127243041992e+00 -2.793789625167846680e+00
-4.200363540649414062e+01 1.249957561492919922e+01 -1.501361250877380371e+00 2.467910575866699219e+01 6.717794895172119141e+00 1.199235725402832031e+01 -7.535823345184326172e+00 5.118350982666015625e+00 -1.059221744537353516e+01 -1.070684146881103516e+01 -1.382351493835449219e+01 6.923985481262207031e+00 -8.544638156890869141e-01 -1.523683369159698486e-01 -1.954738736152648926e+00 -2.774384021759033203e+00 -3.389410018920898438e+00 -4.576308727264404297e+00 -1.092476099729537964e-01 -1.570421099662780762e+00 -4.707068920135498047e+00 8.714405894279479980e-01 -4.679421424865722656e+00 3.477699518203735352e+00 -2.184755086898803711e+00 5.262605667114257812e+00 -4.402791976928710938e+00 -4.223351478576660156e+00 -2.078321218490600586e+00 -4.195320129394531250e+00 -8.439271926879882812e+00 7.028933763504028320e-01 8.007951974868774414e-01 1.098869085311889648e+00 7.977268695831298828e+00 7.081481456756591797e+00 2.209668397903442383e+00 3.028455734252929688e+00 -4.361927509307861328e-01 -4.243064403533935547e+00 7.478653907775878906e+00 -4.569342136383056641e-01 -3.743964672088623047e+00 6.079282760620117188e+00 -3.086820363998413086e+00 -1.869778484106063843e-01 -1.362208962440490723e+00 5.400557518005371094e+00 -1.608646512031555176e+00 -3.149288415908813477e+00 -2.586560964584350586e+00 -4.344789087772369385e-01 -3.762106180191040039e+00 3.671113729476928711e+00 2.290875196456909180e+00 -6.114183068275451660e-01 -4.707222938537597656e+00 -9.431970119476318359e-01 5.489959239959716797e+00 7.961845397949218750e-01 -3.936169385910034180e+00 2.086188554763793945e+00 -7.491979598999023438e-01 -2.895422458648681641e+00 -1.534203290939331055e+00 5.510577559471130371e-01 -3.619191408157348633e+00 -3.471654057502746582e-01 2.500080108642578125e+00 4.842229366302490234e+00 4.405202567577362061e-01 -1.669317722320556641e+00 -4.378918707370758057e-01 -3.371788501739501953e+00 9.319213777780532837e-02 5.698599338531494141e+00 -1.209709525108337402e+00 -2.241265296936035156e+00 9.345539808273315430e-01 4.787414073944091797e-01 2.188447237014770508e+00 1.653980493545532227e+00 1.889389276504516602e+00 -2.107023477554321289e+00 -2.121804475784301758e+00 -5.003874778747558594e+00 1.569668889045715332e+00 2.820544481277465820e+00 -2.056586027145385742e+00 -2.482618808746337891e+00 -5.132390022277832031e+00 -3.204334735870361328e+00 2.148362874984741211e+00 -1.949941992759704590e+00 -2.232968330383300781e+00 -3.021019935607910156e+00 8.350185155868530273e-01 -2.309048734605312347e-02 -3.671969890594482422e+00 -4.560109615325927734e+00
-2.972323799133300781e+01 8.992955207824707031e+00 -7.571105360984802246e-01 2.821510505676269531e+01 -4.167003631591796875e+00 1.526018333435058594e+01 -6.436120033264160156e+00 1.821047401428222656e+01 -8.694902420043945312e+00 -4.186071872711181641e+00 -5.079079627990722656e+00 4.686586856842041016e+00 2.075704485177993774e-01 2.640965223312377930e+00 5.923159599304199219e+00 7.587138175964355469e+00 4.806592941284179688e+00 6.664469242095947266e-01 -1.648072719573974609e+00 -2.701046466827392578e+00 1.605494022369384766e+00 6.260070800781250000e+00 2.242492914199829102e+00 3.693216562271118164e+00 5.246922373771667480e-01 -6.444736719131469727e-01 -2.202069044113159180e+00 -2.649013757705688477e+00 -4.169614791870117188e+00 -2.666483879089355469e+00 -1.701026558876037598e+00 -1.629006385803222656e+00 3.282036066055297852e+00 -2.249505519866943359e+00 -8.266650438308715820e-01 1.395401716232299805e+00 4.874278306961059570e-01 -2.046439647674560547e+00 1.979117035865783691e+00 5.544622421264648438e+00 -1.660029530525207520e+00 -9.522949218750000000e+00 5.781700134277343750e+00 1.117974281311035156e+01 5.954773902893066406e+00 3.343703985214233398e+00 -2.952106714248657227e+00 -1.924740314483642578e+00 -8.332365036010742188e+00 2.171248674392700195e+00 2.785278320312500000e+00 1.276425600051879883e+00 1.786264777183532715e-02 -1.416198492050170898e+00 9.701164960861206055e-01 -1.452298283576965332e+00 1.741181969642639160e+00 -3.600327074527740479e-01 2.353374242782592773e+00 -3.409984827041625977e+00 1.637746810913085938e+00 -5.337482452392578125e+00 5.586870193481445312e+00 3.594920635223388672e+00 3.291109800338745117e-01 3.882348835468292236e-01 -6.311308383941650391e+00 -3.888492584228515625e+00 -5.701984882354736328e+00 -3.870032310485839844e+00 2.025690793991088867e+00 -3.573082208633422852e+00 -1.564118623733520508e+00 1.743316769599914551e+00 -1.031918048858642578e+00 2.000469446182250977e+00 -2.567236661911010742e+00 -9.563596248626708984e-01 -8.659092783927917480e-01 1.743224024772644043e+00 -5.522913455963134766e+00 -1.359197378158569336e+00 -5.959986448287963867e-01 3.118113279342651367e-01 -9.959716796875000000e-01 2.809464454650878906e+00 -2.648298740386962891e-01 -3.101568937301635742e+00 -6.075167059898376465e-01 2.133529424667358398e+00 -4.566055536270141602e-01 -9.997140169143676758e-01 1.080513477325439453e+00 2.269502401351928711e+00 1.487433195114135742e+00 -6.032134294509887695e-01 -4.456308841705322266e+00 -3.361044883728027344e+00 2.142043828964233398e+00 -8.368299007415771484e-01
-2.396181297302246094e+01 1.260293674468994141e+01 -2.519953250885009766e+00 3.704595947265625000e+01 -1.375743031501770020e+00 3.132189035415649414e+00 -7.437849044799804688e+00 2.743952178955078125e+01 -6.380137801170349121e-01 -4.504946231842041016e+00 7.962138652801513672e-01 -2.157744884490966797e+00 1.237246394157409668e-01 -1.134595990180969238e+00 6.518911719322204590e-01 6.341451644897460938e+00 -3.017527103424072266e+00 4.328556537628173828e+00 6.500076651573181152e-01 3.867219686508178711e+00 3.756835460662841797e+00 1.294114828109741211e+00 7.788146972656250000e+00 -6.312562942504882812e+00 -1.239062786102294922e+00 -2.948036670684814453e+00 -3.520648241043090820e+00 -2.148038148880004883e+00 -3.293778598308563232e-01 7.056970596313476562e+00 -8.937945961952209473e-01 -1.269414901733398438e+00 -2.480566978454589844e+00 -1.640612483024597168e+00 -6.753733634948730469e+00 1.289749979972839355e+00 -1.069019913673400879e+00 3.210649251937866211e+00 -2.391305267810821533e-01 -3.954401016235351562e+00 1.885726690292358398e+00 -3.151150941848754883e-01 -1.356343984603881836e+00 -7.722382545471191406e-01 -6.486322283744812012e-01 -6.399419784545898438e+00 -3.067907333374023438e+00 -6.606559753417968750e-01 -2.090616703033447266e+00 6.020245075225830078e+00 -4.797749593853950500e-02 -3.457775115966796875e+00 7.302246093750000000e-01 -4.083082079887390137e-02 -3.209633588790893555e+00 -1.709418892860412598e+00 9.568280577659606934e-01 -2.824112415313720703e+00 9.727945327758789062e-01 2.254055261611938477e+00 -1.306279420852661133e+00 5.223513841629028320e-01 4.439939498901367188e+00 -7.010982036590576172e-01 -4.571704864501953125e+00 3.670641899108886719e+00 1.005690336227416992e+00 -2.161623001098632812e+00 6.677289605140686035e-01 -2.237271070480346680e+00 -3.560931444168090820e+00 6.917420774698257446e-02 -1.143418908119201660e+00 -2.048249959945678711e+00 2.137097358703613281e+00 -4.866642475128173828e+00 2.347637653350830078e+00 2.223634481430053711e+00 1.287219882011413574e+00 -3.000891923904418945e+00 7.051051855087280273e-01 1.039375185966491699e+00 -1.738023996353149414e+00 4.653469562530517578e+00 3.775292038917541504e-01 7.334101200103759766e-01 3.723984658718109131e-01 3.484362125396728516e+00 1.051712155342102051e+00 -1.913239717483520508e+00 -2.607885003089904785e-01 -7.106008529663085938e-01 -6.082922816276550293e-01 2.529972553253173828e+00 2.891561985015869141e+00 5.287104249000549316e-01 1.128869175910949707e+00 6.054644584655761719e-01 -3.970557451248168945e-01 -2.783615112304687500e+00
-2.821617889404296875e+01 8.966857910156250000e+00 -6.408322811126708984e+00 3.602608108520507812e+01 -1.137663269042968750e+01 2.081605911254882812e+00 -8.931154251098632812e+00 2.576432418823242188e+01 -5.586888313293457031e+00 -6.956476211547851562e+00 -6.692429542541503906e+00 1.303173542022705078e+00 -3.574249267578125000e+00 2.199163198471069336e+00 -3.888493776321411133e+00 3.482005119323730469e+00 -5.557882785797119141e+00 2.290475845336914062e+00 1.334761857986450195e+00 -2.342064976692199707e-01 -1.230209827423095703e+00 1.359849572181701660e+00 -1.184651613235473633e+00 -2.411315679550170898e+00 5.760539054870605469e+00 3.945706129074096680e+00 2.644944190979003906e+00 6.761570453643798828e+00 -4.217140197753906250e+00 -1.173225164413452148e+00 9.980526566505432129e-01 -2.827120780944824219e+00 -1.893112897872924805e+00 1.654661655426025391e+00 -1.965027451515197754e+00 3.636322975158691406e+00 1.664384126663208008e+00 2.015354633331298828e+00 -4.825423717498779297e+00 5.301835060119628906e+00 1.297097444534301758e+00 -1.171298265457153320e+00 -4.655732631683349609e+00 -2.018449641764163971e-02 -1.471360087394714355e+00 -1.422642230987548828e+00 -2.555875062942504883e+00 3.871380805969238281e+00 -4.333399534225463867e-01 1.910185098648071289e+00 1.552306294441223145e+00 -1.310287833213806152e+00 -5.927479863166809082e-01 1.637752056121826172e+00 -4.005295038223266602e-01 -1.898188143968582153e-01 3.650852739810943604e-01 2.562444210052490234e+00 -1.193437695503234863e+00 -2.558037757873535156e+00 4.691756725311279297e+00 4.030794143676757812e+00 -2.835939884185791016e+00 1.973996281623840332e+00 3.028437614440917969e+00 7.776284217834472656e-01 -3.227035522460937500e+00 1.003236770629882812e+00 2.870879650115966797e+00 9.053803682327270508e-01 7.654562592506408691e-01 2.743343263864517212e-02 -1.205633878707885742e+00 1.261133670806884766e+00 8.386577606201171875e+00 -7.820791602134704590e-01 -1.545042395591735840e-01 -3.357905626296997070e+00 8.924351334571838379e-01 -3.045142889022827148e+00 -2.740794897079467773e+00 1.197670102119445801e+00 -2.749282836914062500e+00 3.191463351249694824e-01 -1.619961619377136230e+00 1.388086915016174316e+00 8.616999387741088867e-01 1.145897746086120605e+00 -4.171758592128753662e-01 2.742655277252197266e+00 -1.350690722465515137e+00 1.556947827339172363e+00 -6.498003602027893066e-01 2.941141605377197266e+00 -4.721734523773193359e-01 3.070352673530578613e-01 1.525956749916076660e+00 -2.058011293411254883e+00 2.713472604751586914e+00 -2.661269605159759521e-01
-2.363593292236328125e+01 1.054961967468261719e+01 -6.456512451171875000e+00 3.798112106323242188e+01 -7.147041797637939453e+00 7.815909862518310547e+00 -9.294082641601562500e+00 2.238491821289062500e+01 3.249274015426635742e+00 -6.629273891448974609e+00 -8.293608665466308594e+00 -1.229551672935485840e+00 -1.879871845245361328e+00 -1.471627593040466309e+00 -1.725782394409179688e+00 1.208515071868896484e+01 2.663594722747802734e+00 -1.228072762489318848e+00 -1.080066680908203125e+00 1.232335805892944336e+00 -1.259384304285049438e-01 4.150357246398925781e+00 2.044795036315917969e+00 -3.596575975418090820e+00 6.737410426139831543e-01 1.744567751884460449e+00 1.074407935142517090e+00 4.083473086357116699e-01 -5.838661670684814453e+00 -2.716554164886474609e+00 -1.818721890449523926e+00 -1.041308641433715820e-01 2.637089490890502930e+00 -2.500103235244750977e+00 -3.018390893936157227e+00 1.349592089653015137e+00 -4.132638931274414062e+00 -5.078730106353759766e+00 -1.167656302452087402e+00 -2.237732410430908203e+00 3.512833714485168457e-01 -1.887620449066162109e+00 -5.376419425010681152e-01 2.348767042160034180e+00 -3.280501604080200195e+00 2.039830982685089111e-01 6.369848847389221191e-01 -7.210993170738220215e-01 1.459971904754638672e+00 2.720570325851440430e+00 4.129851818084716797e+00 4.061189174652099609e+00 -2.540478229522705078e+00 3.513873577117919922e+00 -5.571462154388427734e+00 -6.486361622810363770e-01 3.445587396621704102e+00 -6.715670228004455566e-02 -5.779211521148681641e+00 -3.780563831329345703e+00 3.781660556793212891e+00 5.025964736938476562e+00 -2.211113274097442627e-01 -2.672573804855346680e+00 -4.953616261482238770e-01 1.983612895011901855e+00 -3.344615697860717773e+00 1.628654241561889648e+00 -1.176553010940551758e+00 -3.223924160003662109e+00 -1.834713935852050781e+00 -6.997497677803039551e-01 -3.480378091335296631e-01 7.624903321266174316e-01 3.913379192352294922e+00 -1.994929909706115723e+00 -1.619835972785949707e+00 -1.859828948974609375e+00 -1.257655143737792969e+00 -3.913040161132812500e+00 1.222625255584716797e+00 3.532506525516510010e-01 -1.587126135826110840e+00 2.273905754089355469e+00 8.186938166618347168e-01 1.383820176124572754e+00 2.953503608703613281e+00 2.883081197738647461e+00 -2.792762219905853271e-01 3.869927525520324707e-01 -5.837230682373046875e-01 5.254439353942871094e+00 2.069361686706542969e+00 -1.002420112490653992e-01 -2.647183895111083984e+00 2.724527597427368164e+00 3.963047564029693604e-01 -2.460114955902099609e+00 -3.686477184295654297e+00 1.412328720092773438e+00
-2.380223464965820312e+01 8.940338134765625000e+00 -6.840566635131835938e+00 3.627970123291015625e+01 -9.939864158630371094e+00 4.459862709045410156e+00 -9.389153480529785156e+00 2.533729171752929688e+01 -2.958180427551269531e+00 -5.023001670837402344e+00 -3.051450490951538086e+00 -1.185165405273437500e+00 -7.804502964019775391e+00 1.144457101821899414e+00 -4.832837581634521484e+00 2.300403118133544922e+00 -3.649048328399658203e+00 5.216206312179565430e-01 3.683820366859436035e-01 -7.571685910224914551e-01 6.219670176506042480e-01 3.948830127716064453e+00 1.248892545700073242e+00 -3.569412469863891602e+00 1.778853774070739746e+00 -4.903361499309539795e-01 -1.967227816581726074e+00 3.172237157821655273e+00 -1.687260270118713379e+00 -2.531991720199584961e+00 3.372258424758911133e+00 -3.430006504058837891e+00 4.448238849639892578e+00 -8.375842869281768799e-02 6.367382407188415527e-01 -3.740845918655395508e-01 2.659365415573120117e+00 -3.702271461486816406e+00 7.673158049583435059e-01 7.966057062149047852e-01 1.783239841461181641e+00 -1.588998436927795410e+00 -3.107829570770263672e+00 7.228042930364608765e-02 -1.426820278167724609e+00 6.485539078712463379e-01 -5.226692676544189453e+00 -1.526517033576965332e+00 -1.408329725265502930e+00 -1.921991258859634399e-01 -5.614779591560363770e-01 3.474585771560668945e+00 -1.897069454193115234e+00 -2.372518539428710938e+00 -9.386411905288696289e-01 -1.169579863548278809e+00 1.023717761039733887e+00 -3.214800357818603516e+00 -3.445797204971313477e+00 -3.593462228775024414e+00 3.436855971813201904e-01 -2.677278518676757812e-01 3.340295255184173584e-01 -2.611584663391113281e+00 -1.314322113990783691e+00 -7.757704854011535645e-01 -1.378591775894165039e+00 8.106262683868408203e-01 -3.968409776687622070e+00 1.782532453536987305e+00 1.756291747093200684e+00 3.769668579101562500e+00 -8.578521013259887695e-02 -1.519316792488098145e+00 -3.923316001892089844e+00 4.026297092437744141e+00 3.784305334091186523e+00 -6.974546313285827637e-01 -5.161253929138183594e+00 -9.203426539897918701e-02 -1.354762196540832520e+00 -2.094375155866146088e-02 3.147965192794799805e+00 2.023568868637084961e+00 -1.687752157449722290e-01 -5.751577019691467285e-01 1.527738690376281738e+00 -2.517971098423004150e-01 2.169528722763061523e+00 4.899657964706420898e-01 2.252578269690275192e-03 2.699789285659790039e+00 -3.190400838851928711e+00 5.047550201416015625e-01 2.316495478153228760e-01 -3.540900230407714844e+00 1.683927774429321289e+00 -3.560789823532104492e-01 1.327117681503295898e+00 -1.212065935134887695e+00
-3.170955657958984375e+01 9.617693901062011719e+00 6.940855383872985840e-01 3.727151107788085938e+01 -9.615446090698242188e+00 1.050885581970214844e+01 -9.046640396118164062e+00 2.217518615722656250e+01 -4.081035137176513672e+00 -7.478591442108154297e+00 2.174795150756835938e+00 -2.783165693283081055e+00 -5.154417514801025391e+00 -8.527992963790893555e-01 -2.933078289031982422e+00 4.706678390502929688e+00 -4.978311359882354736e-01 3.927150487899780273e+00 2.895236492156982422e+00 7.607390403747558594e+00 4.512104511260986328e+00 -2.967015504837036133e+00 2.952136099338531494e-01 1.576865077018737793e+00 -5.346275329589843750e+00 -2.647418498992919922e+00 -2.559168100357055664e+00 8.424708843231201172e-01 -1.624917984008789062e+00 -1.191474914550781250e+00 -1.195715188980102539e+00 -1.303430271148681641e+01 -6.988979578018188477e-01 -1.421657204627990723e+00 -1.687323302030563354e-01 -2.537654876708984375e+00 3.769930601119995117e+00 -1.883966028690338135e-01 7.119933366775512695e-01 2.237335681915283203e+00 3.185259103775024414e+00 1.371221661567687988e+00 -4.121288776397705078e+00 -4.574634552001953125e+00 2.197402954101562500e+00 1.548841476440429688e+00 -4.174238681793212891e+00 -2.671108841896057129e-01 -1.802934169769287109e+00 -9.347483515739440918e-01 2.789213418960571289e+00 -2.497880458831787109e+00 6.620845794677734375e+00 1.976369500160217285e+00 -7.827214598655700684e-01 -1.892749190330505371e+00 6.247813224792480469e+00 -3.298032999038696289e+00 -1.781348705291748047e+00 1.101059317588806152e+00 2.037353038787841797e+00 -4.119428634643554688e+00 -1.039193868637084961e+00 -4.616590023040771484e+00 1.327240943908691406e+00 -3.198987483978271484e+00 -6.934725046157836914e-01 -2.138600826263427734e+00 -4.938915729522705078e+00 -1.910349726676940918e-01 -1.718355417251586914e+00 6.224251270294189453e+00 5.261701345443725586e-01 6.377050876617431641e-01 -1.769503235816955566e+00 4.851834774017333984e+00 -2.988501071929931641e+00 -1.128555893898010254e+00 -1.892650127410888672e+00 2.299709081649780273e+00 -1.770937919616699219e+00 1.321740269660949707e+00 -2.629704713821411133e+00 7.183334827423095703e-01 -4.968256473541259766e+00 -1.122660756111145020e+00 2.040991306304931641e+00 2.669366121292114258e+00 -2.920717000961303711e-01 3.112783670425415039e+00 8.636831641197204590e-01 1.015133261680603027e+00 -6.226654648780822754e-01 -3.251239061355590820e+00 4.318393230438232422e+00 -3.674119472503662109e+00 -5.032529354095458984e+00 2.341373682022094727e+00 -1.093021988868713379e+00 9.643478691577911377e-02
-2.934070396423339844e+01 1.435560226440429688e+01 -7.736724019050598145e-01 3.618173980712890625e+01 -1.263054847717285156e+01 -2.831722423434257507e-02 -3.437266349792480469e+00 2.382825279235839844e+01 -5.103588581085205078e+00 -1.189172267913818359e+01 -4.361343085765838623e-01 3.128688573837280273e+00 -2.170931577682495117e+00 -1.662049293518066406e+00 1.281121373176574707e+00 3.189891576766967773e+00 -1.639217019081115723e+00 1.751598238945007324e+00 -4.311652779579162598e-01 7.258200645446777344e+00 5.206304550170898438e+00 -7.491671562194824219e+00 3.946275711059570312e+00 1.926583290100097656e+00 -1.151198983192443848e+00 -7.249175548553466797e+00 3.240304946899414062e+00 3.139331340789794922e-01 -5.107651352882385254e-01 -1.155510544776916504e+00 -3.096804141998291016e+00 -2.351867675781250000e+00 7.359446883201599121e-01 4.144399166107177734e+00 -3.420775413513183594e+00 -5.002177879214286804e-02 -1.012673139572143555e+00 8.070722579956054688e+00 -3.815689980983734131e-01 7.980934381484985352e-01 2.390819549560546875e+00 3.347432017326354980e-01 5.341323375701904297e+00 -2.905335187911987305e+00 3.436033725738525391e+00 4.112753391265869141e+00 1.852007955312728882e-01 -1.976868748664855957e+00 -1.396455466747283936e-01 -1.631408333778381348e+00 -6.066666126251220703e+00 -2.151489019393920898e+00 8.051297813653945923e-02 -5.575491786003112793e-01 -3.598749160766601562e+00 1.674308441579341888e-02 8.796502947807312012e-01 8.372390866279602051e-01 2.959583520889282227e+00 8.385790586471557617e-01 3.109373092651367188e+00 -1.392197012901306152e+00 -3.613397121429443359e+00 -2.482738971710205078e+00 3.984386920928955078e+00 5.196609973907470703e+00 -6.638712882995605469e-01 2.506405115127563477e+00 4.202482700347900391e-01 -3.049883842468261719e+00 -4.217623233795166016e+00 1.417891740798950195e+00 2.448438644409179688e+00 -1.988057494163513184e-01 8.952106833457946777e-01 9.980118274688720703e-01 -2.461188137531280518e-01 -2.709604203701019287e-01 1.513901948928833008e+00 9.061210751533508301e-01 -1.145916223526000977e+00 1.477721691131591797e+00 -1.010915040969848633e+00 2.070168405771255493e-01 3.383092164993286133e+00 -3.574734926223754883e+00 -1.716513395309448242e+00 -4.653135538101196289e-01 -2.342369079589843750e+00 2.952052116394042969e+00 2.019734621047973633e+00 -2.392066001892089844e+00 8.147055506706237793e-01 3.186120748519897461e+00 -2.727708101272583008e+00 5.794904828071594238e-01 -1.479060530662536621e+00 -1.305489778518676758e+00 1.723788857460021973e+00 -9.865359067916870117e-01
-3.003443908691406250e+01 1.102699375152587891e+01 -7.103319644927978516e+00 3.015734291076660156e+01 2.392514467239379883e+00 4.991857051849365234e+00 -7.703763484954833984e+00 1.693486976623535156e+01 3.959753036499023438e+00 -7.150924682617187500e+00 -3.227722883224487305e+00 1.156469210982322693e-01 -1.596316576004028320e+00 2.915016174316406250e+00 1.369614481925964355e+00 8.361375808715820312e+00 -1.497627496719360352e+00 -1.290329545736312866e-01 -1.545596003532409668e+00 6.079138815402984619e-02 -3.553764343261718750e+00 -9.054580688476562500e+00 -5.602367401123046875e+00 -2.166148275136947632e-01 -4.733623027801513672e+00 -5.281013011932373047e+00 3.623033046722412109e+00 9.367365837097167969e-01 1.885378956794738770e+00 6.904629468917846680e-01 -5.134215354919433594e+00 -4.382389545440673828e+00 2.544882297515869141e+00 -4.057874679565429688e+00 1.713610291481018066e+00 -1.002143764495849609e+01 -6.532696723937988281e+00 -1.258354306221008301e+00 -1.450864076614379883e+00 -6.107832118868827820e-02 2.228916406631469727e+00 2.019107341766357422e+00 4.733930587768554688e+00 -8.872274398803710938e+00 -8.500805497169494629e-01 9.040267944335937500e+00 6.698294639587402344e+00 -2.139542102813720703e+00 3.989920616149902344e+00 -8.292428016662597656e+00 -6.970614790916442871e-01 -1.135536909103393555e+00 -4.878850460052490234e+00 -3.580287694931030273e-01 -3.458516597747802734e+00 1.677602648735046387e+00 2.590368509292602539e+00 4.564723014831542969e+00 -4.001959562301635742e-01 -2.217098236083984375e+00 3.415147781372070312e+00 2.390342712402343750e+00 1.588326692581176758e+00 -3.410702466964721680e+00 6.208046913146972656e+00 -2.020421028137207031e+00 -1.828047752380371094e+00 5.623688101768493652e-01 -4.071441650390625000e+00 -4.393275260925292969e+00 -2.936355590820312500e+00 1.553472969681024551e-02 7.587940692901611328e+00 3.894071578979492188e+00 -6.247906684875488281e-01 -1.200292944908142090e+00 6.517901420593261719e-01 5.746816635131835938e+00 -2.864870071411132812e+00 3.261150598526000977e+00 2.545939445495605469e+00 2.051583528518676758e+00 -1.388265132904052734e+00 -7.716752290725708008e-01 1.231104135513305664e+00 1.784675598144531250e+00 -2.617844343185424805e+00 7.956518530845642090e-01 -5.233271121978759766e+00 2.467259168624877930e+00 1.006687164306640625e+01 -1.390777707099914551e+00 -3.913984060287475586e+00 -3.098084449768066406e+00 5.172612190246582031e+00 2.219132423400878906e+00 -3.815908432006835938e+00 1.640949964523315430e+00 -1.473048686981201172e+00 3.269516944885253906e+00
-3.605466079711914062e+01 1.240863609313964844e+01 -1.674234867095947266e+00 2.791092300415039062e+01 2.520017623901367188e+00 5.574224948883056641e+00 -3.791604995727539062e+00 1.360585403442382812e+01 -3.662029266357421875e+00 -4.752066612243652344e+00 1.798398971557617188e+00 2.632659912109375000e+00 -8.278718948364257812e+00 2.967095971107482910e-01 2.092626571655273438e+00 -4.711731910705566406e+00 4.244464039802551270e-01 1.312987804412841797e+00 3.812502145767211914e+00 3.161168575286865234e+00 1.924662828445434570e+00 2.769010305404663086e+00 -3.753911733627319336e+00 -5.502384305000305176e-01 2.259147405624389648e+00 -4.204518795013427734e+00 6.566174626350402832e-01 -1.494644761085510254e+00 1.043775916099548340e+00 1.589271903038024902e+00 1.612547039985656738e+00 -1.407290577888488770e+00 -4.079156398773193359e+00 -4.667213261127471924e-01 1.159545540809631348e+00 -7.696055173873901367e-01 -3.057699918746948242e+00 -2.593744754791259766e+00 3.544969558715820312e+00 4.908986091613769531e+00 -7.252560853958129883e-01 2.408911943435668945e+00 5.182194113731384277e-01 -3.256713867187500000e+00 -4.760770797729492188e+00 1.132954120635986328e+00 9.144538044929504395e-01 1.967034220695495605e+00 -6.646499633789062500e+00 2.712832689285278320e+00 -3.549947738647460938e+00 -5.542633533477783203e+00 -2.127737045288085938e+00 -1.871190428733825684e+00 5.450736999511718750e+00 -2.027987957000732422e+00 5.577171802520751953e+00 2.834016561508178711e+00 2.208770275115966797e+00 -4.813157618045806885e-01 -1.407774925231933594e+00 5.663691043853759766e+00 4.227119922637939453e+00 6.386829018592834473e-01 4.286572337150573730e-01 -4.449304565787315369e-02 -3.048758804798126221e-01 7.231653690338134766e+00 -8.222190081141889095e-04 3.536722183227539062e+00 1.391457915306091309e+00 -2.060413599014282227e+00 1.496307849884033203e+00 3.768051385879516602e+00 -3.002290725708007812e+00 1.124719977378845215e+00 3.721014738082885742e+00 -2.939821481704711914e+00 -8.461110591888427734e-01 -9.495787024497985840e-01 -2.668651342391967773e+00 9.738165140151977539e-01 6.937427520751953125e+00 -4.301301479339599609e+00 1.411625385284423828e+00 1.741372704505920410e+00 3.196614980697631836e-01 -4.224326133728027344e+00 -4.730500876903533936e-01 -1.159041643142700195e+00 2.299065589904785156e+00 1.106758475303649902e+00 3.506789803504943848e-01 8.515831828117370605e-01 -4.719059944152832031e+00 9.916785955429077148e-01 -1.217375636100769043e+00 5.006032943725585938e+00 -1.136499524116516113e+00 -3.220216751098632812e+00
-3.446162796020507812e+01 7.516559123992919922e+00 -6.904809951782226562e+00 3.094839096069335938e+01 4.976601123809814453e+00 -1.707689642906188965e+00 -1.074174499511718750e+01 1.857519149780273438e+01 1.736359596252441406e+00 -5.282715320587158203e+00 -5.502455234527587891e+00 6.676431179046630859e+00 -4.272938668727874756e-01 1.558559298515319824e+00 -3.040673494338989258e+00 -2.630337953567504883e+00 -3.602784156799316406e+00 -3.635382413864135742e+00 2.109719514846801758e+00 1.316422939300537109e+00 -3.853655338287353516e+00 -3.208270788192749023e+00 1.718005657196044922e+00 4.680303573608398438e+00 -1.189569979906082153e-01 -3.227354049682617188e+00 -1.218469858169555664e+00 -7.123135924339294434e-01 2.282007455825805664e+00 -3.126002788543701172e+00 -2.905940413475036621e-01 5.885404109954833984e+00 9.689320325851440430e-01 3.684275627136230469e+00 1.557392716407775879e+00 4.678133010864257812e+00 1.357848763465881348e+00 2.969843864440917969e+00 -1.973887920379638672e+00 -6.857141494750976562e+00 7.776147127151489258e-01 2.817119359970092773e+00 -3.949246406555175781e+00 1.442090630531311035e+00 1.864630579948425293e+00 4.687575995922088623e-01 3.355742931365966797e+00 -1.528425812721252441e+00 -5.473149776458740234e+00 -1.017280459403991699e+00 2.429633855819702148e+00 -8.744908332824707031e+00 -3.250641524791717529e-01 -5.831342697143554688e+00 9.094010353088378906e+00 -1.199892237782478333e-01 -6.103651523590087891e+00 5.234594345092773438e-01 -5.399075508117675781e+00 1.920526981353759766e+00 -1.586436510086059570e+00 1.055329442024230957e+00 4.276576995849609375e+00 -3.228670835494995117e+00 -9.496258497238159180e-01 -3.804656267166137695e+00 8.087359428405761719e+00 9.086874127388000488e-02 5.916442871093750000e+00 -7.823259234428405762e-01 6.085454821586608887e-01 -1.930443048477172852e+00 -3.933106422424316406e+00 1.662600278854370117e+00 1.810989260673522949e+00 -9.175815582275390625e-01 1.904566287994384766e+00 2.927881956100463867e+00 1.621601223945617676e+00 -5.988744735717773438e+00 -2.222859144210815430e+00 -2.508225440979003906e+00 3.100420951843261719e+00 1.258581042289733887e+00 3.806956708431243896e-01 3.329436480998992920e-01 -1.871868848800659180e+00 -2.313789844512939453e+00 3.179094314575195312e+00 2.047262936830520630e-01 -9.733570814132690430e-01 -1.639313340187072754e+00 2.828769445419311523e+00 5.787713080644607544e-02 2.137676477432250977e+00 5.439060211181640625e+00 -6.041807532310485840e-01 5.551579967141151428e-02 4.315438747406005859e+00 -1.076869368553161621e+00
-3.210118484497070312e+01 9.066340446472167969e+00 -2.716285705566406250e+00 2.546457290649414062e+01 4.563126564025878906e+00 8.198005676269531250e+00 -8.368499755859375000e+00 9.874433517456054688e+00 -1.368812084197998047e+00 -5.615919589996337891e+00 -3.610407590866088867e+00 1.102837181091308594e+01 -5.187181472778320312e+00 2.350503206253051758e+00 6.834283471107482910e-01 -5.656723022460937500e+00 1.602630019187927246e+00 -6.657407283782958984e+00 4.224990308284759521e-01 5.484195232391357422e+00 -1.169085025787353516e+00 -3.027465820312500000e+00 2.258057117462158203e+00 6.113063812255859375e+00 3.839987993240356445e+00 3.485114097595214844e+00 6.106130123138427734e+00 3.152871608734130859e+00 -3.238281488418579102e+00 3.315222263336181641e+00 6.175643920898437500e+00 2.354890346527099609e+00 -2.528406143188476562e+00 3.353891372680664062e+00 -3.078468799591064453e+00 -1.483980894088745117e+00 2.308599352836608887e-01 -9.138091087341308594e+00 8.169492721557617188e+00 5.422649860382080078e+00 -2.787434816360473633e+00 -1.466086983680725098e+00 3.041771650314331055e+00 -1.360015988349914551e+00 2.469676256179809570e+00 -1.376080140471458435e-02 -5.849351406097412109e+00 3.239610195159912109e+00 3.440008878707885742e+00 4.082466125488281250e+00 -5.796043872833251953e+00 5.856527686119079590e-01 -1.536210298538208008e+00 -8.162037730216979980e-01 -1.876872062683105469e+00 1.813195347785949707e+00 -4.090182304382324219e+00 -4.957730770111083984e-01 -1.137387633323669434e+00 3.024704694747924805e+00 2.537565231323242188e+00 -2.452059745788574219e+00 2.351691246032714844e+00 3.219014406204223633e-02 -3.427101612091064453e+00 -3.197090625762939453e-01 -1.862164378166198730e+00 3.177562713623046875e+00 3.025486946105957031e+00 -1.686294198036193848e+00 2.501155138015747070e+00 -3.539629697799682617e+00 -2.951975584030151367e+00 -3.567555427551269531e+00 1.188162326812744141e+00 1.697199940681457520e+00 -1.949774146080017090e+00 2.224689960479736328e+00 1.464912295341491699e+00 2.241138219833374023e+00 -2.059239149093627930e+00 3.547357082366943359e+00 2.060856103897094727e+00 3.525406420230865479e-01 -5.360997676849365234e+00 -2.701212167739868164e+00 -2.690366506576538086e+00 -1.115579485893249512e+00 -1.001000046730041504e+00 -2.371439218521118164e+00 -2.801524400711059570e+00 2.788522243499755859e+00 -1.313761949539184570e+00 -2.057955026626586914e+00 -3.431080818176269531e+00 -1.897397875785827637e+00 -7.189775109291076660e-01 9.976454973220825195e-01 -6.238684654235839844e-01 4.151227951049804688e+00
-2.956417083740234375e+01 8.276702880859375000e+00 -2.103976726531982422e+00 2.236691665649414062e+01 -1.097189635038375854e-01 -3.172729730606079102e+00 -1.022155761718750000e+01 3.113236427307128906e+00 3.695240497589111328e+00 8.688846826553344727e-01 -1.505116081237792969e+01 -2.605752944946289062e-01 5.200379848480224609e+00 4.640670299530029297e+00 2.859268426895141602e+00 6.000137329101562500e+00 4.678539752960205078e+00 4.202671051025390625e+00 -8.354023933410644531e+00 -4.379477024078369141e+00 -6.775669574737548828e+00 1.007286667823791504e+00 -8.311414718627929688e+00 -1.051865577697753906e+00 -5.364316463470458984e+00 3.582494735717773438e+00 2.836397409439086914e+00 -1.168677091598510742e+00 1.985859513282775879e+00 -2.308803558349609375e+00 -5.794129967689514160e-01 7.593369007110595703e+00 1.365130186080932617e+00 2.175259888172149658e-01 2.657990932464599609e+00 8.420884132385253906e+00 -1.594970345497131348e+00 1.633129119873046875e+00 5.297159671783447266e+00 3.028946399688720703e+00 7.481256723403930664e-01 -2.427573680877685547e+00 5.487610340118408203e+00 3.364606618881225586e+00 1.412569284439086914e+00 4.814974665641784668e-01 -2.243217706680297852e+00 -9.215499877929687500e+00 1.170476913452148438e+01 -2.168173074722290039e+00 -1.180555105209350586e+00 2.301064878702163696e-01 -1.520815491676330566e+00 5.791237354278564453e-01 1.024368882179260254e+00 -4.188937246799468994e-01 -5.039221286773681641e+00 1.283971786499023438e+00 -3.920518159866333008e+00 -2.453427314758300781e+00 4.151463210582733154e-01 -5.096158027648925781e+00 -4.430354595184326172e+00 1.294693708419799805e+00 -5.931337475776672363e-01 1.449929833412170410e+00 4.092417240142822266e+00 1.249275684356689453e+00 -3.915116548538208008e+00 7.679992318153381348e-01 2.924528121948242188e+00 4.319955825805664062e+00 -2.426980018615722656e+00 5.924677848815917969e-01 -6.289534568786621094e-01 -1.737714886665344238e+00 1.148565262556076050e-01 -3.582908630371093750e+00 -2.172268033027648926e-01 -1.368515610694885254e+00 3.047167062759399414e+00 3.035894393920898438e+00 2.209937810897827148e+00 2.495244503021240234e+00 -1.484001278877258301e+00 -1.211671233177185059e+00 -4.504980742931365967e-01 -5.462671756744384766e+00 1.692698220722377300e-03 -2.039832830429077148e+00 7.353624701499938965e-01 -2.367672681808471680e+00 5.509340286254882812e+00 6.723365783691406250e-01 7.868371605873107910e-01 -1.545692563056945801e+00 3.576351881027221680e+00 7.330465912818908691e-01 -3.165522813796997070e+00 -1.632031917572021484e+00
-1.049874591827392578e+01 4.143573760986328125e+00 -6.834241867065429688e+00 3.997159481048583984e+00 2.038531875610351562e+01 1.442268276214599609e+01 6.526021480560302734e+00 -1.267396259307861328e+01 -3.451088428497314453e+00 3.854911804199218750e+00 -5.484027862548828125e+00 1.819572806358337402e+00 -1.706610298156738281e+01 -3.972149789333343506e-01 -1.410465812683105469e+01 4.939331531524658203e+00 5.675113201141357422e+00 -5.771857261657714844e+00 5.011739581823348999e-02 1.603590583801269531e+01 1.845806598663330078e+00 -1.227882862091064453e+00 2.941595077514648438e+00 -4.669402599334716797e+00 4.231008529663085938e+00 2.607451677322387695e+00 -8.915989845991134644e-02 -2.140431880950927734e+00 1.079434585571289062e+01 -7.413132667541503906e+00 7.392684221267700195e-01 -2.704640150070190430e+00 1.655117750167846680e+00 -8.234700202941894531e+00 8.913801193237304688e+00 -9.286311149597167969e+00 9.409217834472656250e+00 4.420029640197753906e+00 -9.370205402374267578e-01 -4.656377315521240234e+00 -4.110340595245361328e+00 -3.667570352554321289e+00 5.465421199798583984e+00 -3.631778478622436523e+00 -4.562425136566162109e+00 -6.875025033950805664e-01 -1.261908292770385742e+00 4.971412658691406250e+00 -2.583233356475830078e+00 -1.093553304672241211e+00 -1.542619913816452026e-01 3.960281848907470703e+00 1.206662845611572266e+01 -3.606631040573120117e+00 -3.646115064620971680e+00 1.417782902717590332e+00 -3.515454530715942383e+00 2.197319984436035156e+00 -2.668063402175903320e+00 2.250944852828979492e+00 1.056067496538162231e-01 -6.163467407226562500e+00 -3.397765398025512695e+00 -5.028255462646484375e+00 -2.452675580978393555e+00 5.434680461883544922e+00 -2.950615167617797852e+00 -2.456340074539184570e+00 4.973033905029296875e+00 6.605685353279113770e-01 7.190342426300048828e+00 -6.552896976470947266e+00 7.633145332336425781e+00 1.444772839546203613e+00 2.467885971069335938e+00 -7.218692302703857422e-01 4.273034095764160156e+00 1.696777462959289551e+00 3.994530677795410156e+00 1.902189373970031738e+00 4.109625816345214844e+00 1.594663143157958984e+00 4.181855201721191406e+00 7.838402390480041504e-01 -1.292681992053985596e-01 -5.690274238586425781e-01 2.648878097534179688e+00 -6.046555519104003906e+00 3.217824935913085938e+00 1.414100646972656250e+00 6.212884187698364258e-01 -5.482584953308105469e+00 -6.132013201713562012e-01 1.331927180290222168e-01 1.486890077590942383e+00 2.538622617721557617e+00 -2.905492782592773438e+00 -4.143260121345520020e-01 -6.449123859405517578e+00 1.410074252635240555e-02
2.830548048019409180e+00 8.050105094909667969e+00 -8.252475738525390625e+00 1.791283011436462402e+00 -1.483178138732910156e+01 8.971113204956054688e+00 1.905099296569824219e+01 -6.591439247131347656e+00 1.892150402069091797e+00 2.165319919586181641e+00 1.981248706579208374e-01 2.103284072875976562e+01 1.561630249023437500e+00 9.416917800903320312e+00 7.616454601287841797e+00 -1.828847408294677734e+00 8.128492355346679688e+00 -4.880053997039794922e+00 4.668753623962402344e+00 -5.896673202514648438e+00 9.696793556213378906e-01 3.122278690338134766e+00 5.224966049194335938e+00 -9.254947662353515625e+00 -3.939913511276245117e+00 -1.024787330627441406e+01 9.673651695251464844e+00 -1.981926679611206055e+00 -9.457404136657714844e+00 -4.411150887608528137e-02 -5.959594726562500000e+00 -1.638853788375854492e+00 -6.354970932006835938e+00 2.638437747955322266e+00 -5.758941650390625000e+00 -3.929308891296386719e+00 2.927958250045776367e+00 1.724689245223999023e+00 6.987578392028808594e+00 -5.084939956665039062e+00 8.073295354843139648e-01 -7.653578281402587891e+00 2.229401350021362305e+00 -6.061288118362426758e-01 -1.403908524662256241e-02 -2.533718824386596680e+00 -2.628627061843872070e+00 5.061097145080566406e+00 5.656769752502441406e+00 5.373771190643310547e+00 -3.710756301879882812e+00 2.438020944595336914e+00 -3.843111276626586914e+00 2.529881298542022705e-01 -4.368977546691894531e+00 -6.746180057525634766e+00 5.756187915802001953e+00 1.363065361976623535e+00 2.650429725646972656e+00 -1.880627274513244629e+00 -9.077776908874511719e+00 9.298627376556396484e-01 1.583926677703857422e+00 -7.195752143859863281e+00 2.870140075683593750e+00 4.455897331237792969e+00 7.746165275573730469e+00 -1.095094799995422363e+00 -1.943983554840087891e+00 -3.281252622604370117e+00 1.822223663330078125e+00 -2.765261888504028320e+00 2.046193599700927734e+00 2.933825254440307617e+00 -1.291745305061340332e+00 1.031522989273071289e+00 1.917881131172180176e+00 3.360982894897460938e+00 3.440766096115112305e+00 -3.884530305862426758e+00 9.259259700775146484e-01 -4.079679965972900391e+00 8.145045280456542969e+00 3.984506845474243164e+00 -3.705733060836791992e+00 4.537332057952880859e+00 2.699765443801879883e+00 2.907693386077880859e+00 -3.956304788589477539e+00 1.597538948059082031e+00 4.563718795776367188e+00 -1.361060857772827148e+00 6.813782691955566406e+00 3.015230894088745117e+00 2.773763537406921387e-01 -1.173593044281005859e+00 4.209898948669433594e+00 3.711418151855468750e+00 3.378747403621673584e-01 3.122055053710937500e+00
-1.128286361694335938e+01 2.811735391616821289e+00 -1.630582427978515625e+01 6.286529064178466797e+00 2.549200439453125000e+01 -6.337845921516418457e-01 -1.133773326873779297e+00 -7.257895469665527344e+00 -1.720740795135498047e+00 -3.977042675018310547e+00 -9.107338905334472656e+00 -2.561578273773193359e+00 2.366317033767700195e+00 -3.675822496414184570e+00 -2.056142330169677734e+00 2.342069149017333984e+00 9.402990341186523438e+00 -5.944249629974365234e+00 -8.178719520568847656e+00 6.064383983612060547e+00 -2.834614038467407227e+00 7.223492115736007690e-02 2.395185708999633789e+00 -3.973787069320678711e+00 6.580600738525390625e+00 8.821912765502929688e+00 -4.304322719573974609e+00 7.308920621871948242e-01 -2.089930139482021332e-02 1.115780448913574219e+01 6.260520219802856445e-01 5.158039569854736328e+00 5.680861949920654297e+00 -3.219884634017944336e+00 -8.490412712097167969e+00 -6.893487453460693359e+00 -5.785715103149414062e+00 6.530781269073486328e+00 -6.203549861907958984e+00 1.138490915298461914e+00 -9.707580208778381348e-01 3.146374225616455078e+00 5.395351409912109375e+00 -7.653554439544677734e+00 1.485935091972351074e+00 2.919173002243041992e+00 6.475224018096923828e+00 2.169173717498779297e+00 -1.438608884811401367e+00 6.149398326873779297e+00 -1.094935655593872070e+00 1.018013858795166016e+01 -3.448231697082519531e+00 3.671335935592651367e+00 -1.454609751701354980e+00 -2.080864161252975464e-01 6.996639817953109741e-02 -4.248050451278686523e-01 1.776798605918884277e+00 -4.629065513610839844e+00 4.678674221038818359e+00 2.026037454605102539e+00 1.305263757705688477e+00 3.519935607910156250e+00 2.253298997879028320e+00 1.186010599136352539e+00 -5.058338642120361328e-01 -3.403083801269531250e+00 1.555857896804809570e+00 -3.106465101242065430e+00 -9.290357232093811035e-01 -5.716155529022216797e+00 4.108813285827636719e+00 -3.064463615417480469e+00 1.011272788047790527e+00 1.430376052856445312e+00 3.811119556427001953e+00 -1.735702037811279297e+00 4.672461509704589844e+00 -3.841762542724609375e+00 -1.545670151710510254e+00 -5.961573600769042969e+00 -2.042222619056701660e-01 2.892013072967529297e+00 -3.399987220764160156e+00 -3.842534422874450684e-01 -3.468540668487548828e+00 -1.715803861618041992e+00 3.638941287994384766e+00 4.980292320251464844e+00 -3.431595325469970703e+00 -4.918990135192871094e-01 -1.681655883789062500e+00 -3.902968645095825195e+00 3.992097377777099609e+00 -1.039222598075866699e+00 -1.127447009086608887e+00 2.213751554489135742e+00 9.141326904296875000e+00 4.849980354309082031e+00
-1.389952278137207031e+01 4.001873433589935303e-01 -1.302055644989013672e+01 -4.340509176254272461e-01 1.090320205688476562e+01 -6.074374198913574219e+00 1.262831211090087891e+01 -4.137422561645507812e+00 -9.274492859840393066e-01 -9.417115211486816406e+00 -2.440989017486572266e-01 -2.258522272109985352e+00 6.017846107482910156e+00 -2.033548831939697266e+00 -3.391927719116210938e+00 -3.291452169418334961e+00 -7.594924449920654297e+00 7.040297031402587891e+00 -5.352736949920654297e+00 -8.230680465698242188e+00 9.600302696228027344e+00 9.726380348205566406e+00 1.057472515106201172e+01 4.520463943481445312e+00 -9.669708251953125000e+00 -8.662520647048950195e-01 -5.932301998138427734e+00 3.104087591171264648e+00 -1.252689510583877563e-01 -4.294452190399169922e+00 -7.081992626190185547e+00 -3.290063887834548950e-02 4.364065647125244141e+00 1.378150105476379395e+00 -1.017490577697753906e+01 -1.465172529220581055e+00 3.921194076538085938e+00 -2.062916755676269531e+00 -3.335259437561035156e+00 4.995165169239044189e-01 -4.181626796722412109e+00 -8.088969230651855469e+00 2.682358503341674805e+00 -1.046114802360534668e+00 -4.759579181671142578e+00 -3.141183853149414062e+00 6.694950103759765625e+00 7.505243301391601562e+00 1.051208257675170898e+00 -9.878448247909545898e-01 2.108543395996093750e+00 8.801381587982177734e-01 6.223340988159179688e+00 -5.873520970344543457e-01 -1.306963324546813965e+00 1.491995096206665039e+00 -3.722693443298339844e+00 4.787129402160644531e+00 -6.794415712356567383e-01 2.912188053131103516e+00 7.367489933967590332e-01 4.377511978149414062e+00 2.307459115982055664e+00 -8.397372245788574219e+00 4.484963893890380859e+00 -6.025719165802001953e+00 1.607090532779693604e-01 -4.529454708099365234e+00 -3.833925724029541016e+00 -4.721949577331542969e+00 -1.831123232841491699e+00 1.386354804039001465e+00 9.655790925025939941e-01 -1.493623018264770508e+00 3.631621837615966797e+00 4.825931072235107422e+00 -3.206205129623413086e+00 1.027455687522888184e+00 4.653325080871582031e+00 -4.520748138427734375e+00 1.454081892967224121e+00 -1.051002293825149536e-01 -6.832564473152160645e-01 -6.639528274536132812e+00 -2.662431716918945312e+00 1.885528564453125000e+00 1.236101508140563965e+00 3.698691606521606445e+00 2.910799086093902588e-01 2.637724876403808594e+00 2.638307571411132812e+00 -8.994837999343872070e-01 1.873802542686462402e+00 -2.369136333465576172e+00 1.080487251281738281e+00 -3.308121681213378906e+00 -1.298011183738708496e+00 -2.658729553222656250e+00 -2.268186807632446289e+00 -2.318474292755126953e+00
-2.563667488098144531e+01 9.461026191711425781e-01 -1.352974891662597656e+01 1.199895191192626953e+01 1.627510643005371094e+01 -5.912569165229797363e-01 1.716375589370727539e+00 -2.530402421951293945e+00 9.243796348571777344e+00 2.004551410675048828e+00 -7.558671474456787109e+00 4.900082588195800781e+00 -1.627520203590393066e+00 1.185962200164794922e+00 -3.379110336303710938e+00 -4.519415855407714844e+00 1.688062191009521484e+00 -4.501755714416503906e+00 -7.167340278625488281e+00 1.083632946014404297e+01 -3.359640598297119141e+00 3.509784936904907227e+00 7.264554500579833984e+00 -7.867524147033691406e+00 -1.799542903900146484e+00 -5.062931537628173828e+00 2.505661964416503906e+00 -1.217186164855957031e+01 2.155029922723770142e-01 -3.486521005630493164e+00 2.300230026245117188e+00 7.036213278770446777e-01 -3.991383790969848633e+00 -6.200080871582031250e+00 -1.339924931526184082e+00 1.115909337997436523e+00 -2.270580291748046875e+00 8.963508605957031250e-01 -2.719746351242065430e+00 2.792615652084350586e+00 -2.882302284240722656e+00 6.984928607940673828e+00 2.104854106903076172e+00 -1.290331602096557617e+00 -3.463967561721801758e+00 -3.951799631118774414e+00 -5.781816840171813965e-01 -4.438200950622558594e+00 3.552579879760742188e+00 -4.375292778015136719e+00 -1.824703454971313477e+00 1.028694248199462891e+01 -7.931230068206787109e-01 1.601851582527160645e+00 -4.535939171910285950e-02 -6.193242073059082031e-01 -4.073216915130615234e+00 1.442064762115478516e+00 1.879298329353332520e+00 -3.724335134029388428e-01 2.292318105697631836e+00 2.614406585693359375e+00 4.887139797210693359e+00 3.205951452255249023e-01 -9.317345619201660156e+00 -7.585788726806640625e+00 9.683033227920532227e-01 3.385764598846435547e+00 4.164900302886962891e+00 7.241563796997070312e+00 1.538426041603088379e+00 -2.613591194152832031e+00 -2.275934219360351562e+00 1.977896928787231445e+00 7.131206989288330078e+00 -2.024768352508544922e+00 -3.331175088882446289e+00 4.696513175964355469e+00 1.572192907333374023e+00 6.441564559936523438e-01 -3.796432971954345703e+00 3.069144248962402344e+00 1.067804694175720215e-01 2.992520332336425781e+00 1.164279580116271973e-01 2.942581176757812500e+00 -1.143853783607482910e+00 2.380573600530624390e-01 -6.063944339752197266e+00 -1.741256117820739746e+00 1.291253566741943359e-01 -3.908220767974853516e+00 -2.695993423461914062e+00 1.512949585914611816e+00 -3.220256090164184570e+00 7.562059909105300903e-02 -3.697139263153076172e+00 7.173674702644348145e-01 -3.017605543136596680e-01 -1.282964348793029785e+00
-1.012402248382568359e+01 -7.419000267982482910e-01 -1.327482414245605469e+01 5.819671630859375000e+00 2.676821899414062500e+01 1.562877178192138672e+00 1.376757812500000000e+01 -4.045652389526367188e+00 -2.678174018859863281e+00 -7.832665443420410156e-01 7.756462097167968750e-01 -4.234324932098388672e+00 8.076839447021484375e-01 3.787531614303588867e+00 -2.603641033172607422e+00 -4.427117347717285156e+00 -2.378150075674057007e-01 4.429715156555175781e+00 8.454106330871582031e+00 1.550784260034561157e-01 -5.578046798706054688e+00 -1.025738120079040527e+00 -1.012135505676269531e+00 3.819426596164703369e-01 -2.516229629516601562e+00 -8.113761901855468750e+00 -3.511911153793334961e+00 1.426725983619689941e+00 5.724238872528076172e+00 -1.223114967346191406e+00 1.903612017631530762e+00 -5.776260852813720703e+00 8.595740318298339844e+00 -1.110281586647033691e+00 -1.648032903671264648e+00 2.065444469451904297e+00 -2.014439105987548828e+00 -2.880346775054931641e+00 -6.902007102966308594e+00 -1.330431699752807617e+00 -3.918395280838012695e+00 3.299080207943916321e-02 -1.634832620620727539e+00 -1.910902380943298340e+00 1.102837443351745605e+00 1.352894544601440430e+00 -8.605929613113403320e-01 1.261146068572998047e-01 1.185921072959899902e+00 -1.269621133804321289e+00 4.682541847229003906e+00 -1.148724079132080078e+00 1.168099761009216309e+00 -1.512967824935913086e+00 -3.065408229827880859e+00 -6.835272908210754395e-01 -4.578376770019531250e+00 -1.658134937286376953e+00 3.123128414154052734e+00 5.081510543823242188e-01 3.807617664337158203e+00 -4.270937442779541016e+00 2.062504053115844727e+00 3.569906949996948242e+00 2.116314172744750977e+00 4.643736839294433594e+00 5.740672588348388672e+00 6.867655515670776367e-01 3.761550664901733398e+00 2.289286851882934570e+00 -6.277341365814208984e+00 3.625037908554077148e+00 6.698724746704101562e+00 -4.028988838195800781e+00 -3.727346658706665039e+00 3.466246843338012695e+00 4.479007244110107422e+00 3.636146068572998047e+00 5.553187370300292969e+00 -6.397399902343750000e-01 3.498341560363769531e+00 -2.589505016803741455e-01 3.682173967361450195e+00 5.965006828308105469e+00 4.752825260162353516e+00 3.516492128372192383e+00 -6.430824995040893555e-01 -7.496494054794311523e-01 -4.475831508636474609e+00 -4.532295227050781250e+00 1.044334292411804199e+00 1.518877863883972168e+00 2.549620270729064941e-01 2.245894432067871094e+00 -2.091248035430908203e+00 -3.149969816207885742e+00 -1.166402697563171387e+00 -4.567458629608154297e+00 4.678389549255371094e+00 -2.032445192337036133e+00
-2.108820915222167969e+01 -7.135840892791748047e+00 -8.298842430114746094e+00 -3.302028417587280273e+00 8.837288856506347656e+00 -8.473216056823730469e+00 5.129631519317626953e+00 1.492159962654113770e+00 1.175581645965576172e+01 -2.543193101882934570e+00 5.119338035583496094e+00 8.631891250610351562e+00 3.497783184051513672e+00 -2.143280506134033203e+00 4.302811145782470703e+00 3.391723036766052246e-01 -1.196543931961059570e+00 -1.991961896419525146e-02 3.105448484420776367e+00 -1.451116323471069336e+00 2.649168491363525391e+00 -7.186789989471435547e+00 3.986961841583251953e+00 2.648085594177246094e+00 -5.113081261515617371e-02 -2.979741573333740234e+00 -3.329808950424194336e+00 -4.654375076293945312e+00 6.448944211006164551e-01 -1.535091251134872437e-01 -3.701980590820312500e+00 -1.707185745239257812e+00 2.813768863677978516e+00 -2.064948797225952148e+00 5.017051219940185547e+00 -5.703639030456542969e+00 -4.529074192047119141e+00 -3.178626537322998047e+00 2.713927268981933594e+00 5.948162078857421875e-01 7.511377334594726562e+00 -6.004018187522888184e-01 2.795126914978027344e+00 -3.508507728576660156e+00 -1.118300199508666992e+00 -7.683875083923339844e+00 -5.800666809082031250e+00 -5.746966361999511719e+00 1.305893898010253906e+00 1.753736287355422974e-01 -3.656844794750213623e-01 6.495760679244995117e-01 6.766391277313232422e+00 -1.805712223052978516e+00 2.544988155364990234e+00 -3.486883640289306641e+00 -5.740334391593933105e-01 -1.009197473526000977e+00 -1.553154230117797852e+00 -1.674808621406555176e+00 -1.905617475509643555e+00 -3.497882843017578125e+00 5.186201930046081543e-01 -5.647781848907470703e+00 -3.283149719238281250e+00 -3.721034765243530273e+00 -2.339034318923950195e+00 4.268400669097900391e+00 -3.424411296844482422e+00 -8.077711462974548340e-01 2.555705070495605469e+00 2.007716655731201172e+00 7.924807071685791016e-01 1.258740186691284180e+00 1.343699216842651367e+00 -6.487585544586181641e+00 -2.705612182617187500e-01 2.831288814544677734e+00 -1.375399947166442871e+00 -2.786215066909790039e+00 -2.007104158401489258e+00 -2.217972278594970703e-01 3.426742181181907654e-02 -3.693016618490219116e-02 -2.635491132736206055e+00 -1.857569694519042969e+00 7.433845400810241699e-01 7.519018650054931641e+00 -1.283266067504882812e+00 6.119088649749755859e+00 -2.921598911285400391e+00 2.784361362457275391e+00 2.016311168670654297e+00 -3.516847848892211914e+00 3.220010519027709961e+00 3.990531206130981445e+00 2.475037574768066406e+00 -7.482385039329528809e-01 2.902247667312622070e+00 8.310835957527160645e-01
-2.020632171630859375e+01 2.055378675460815430e+00 -1.626928520202636719e+01 7.476328372955322266e+00 1.585166358947753906e+01 -8.428951263427734375e+00 3.608342885971069336e+00 2.355634868144989014e-01 4.392192840576171875e+00 -4.653185844421386719e+00 7.387450695037841797e+00 5.694674849510192871e-01 6.894823074340820312e+00 1.998139858245849609e+00 -7.604645729064941406e+00 -8.089171409606933594e+00 -8.270110130310058594e+00 2.916268348693847656e+00 -2.866550445556640625e+00 -4.060786247253417969e+00 5.271911144256591797e+00 2.746676683425903320e+00 9.005532860755920410e-01 -3.730749130249023438e+00 -5.302341580390930176e-01 -1.263854622840881348e+00 -3.256647586822509766e+00 -1.715883255004882812e+00 4.285552501678466797e+00 -1.599747061729431152e+00 2.959024429321289062e+00 2.553310632705688477e+00 2.494011223316192627e-01 -3.003296613693237305e+00 -2.732609987258911133e+00 1.421833634376525879e+00 1.448180079460144043e+00 -1.828316450119018555e+00 -2.826070308685302734e+00 4.151947021484375000e+00 -8.309022784233093262e-01 -7.111389040946960449e-01 -7.534012794494628906e+00 -1.900202631950378418e-01 4.049148261547088623e-01 1.186789870262145996e+00 -1.082809329032897949e+00 -8.373026847839355469e+00 -6.763794422149658203e-01 1.962121963500976562e+00 6.222785711288452148e-01 3.765586853027343750e+00 -3.372712135314941406e+00 1.209715723991394043e+00 -1.868048548698425293e+00 -3.613789558410644531e+00 -1.891776323318481445e+00 -6.330854415893554688e+00 5.590647220611572266e+00 -4.379586696624755859e+00 -3.489659786224365234e+00 -2.328718423843383789e+00 5.185930728912353516e+00 -1.136263739317655563e-02 -1.316078782081604004e+00 2.190057039260864258e+00 -2.984963893890380859e+00 2.845458984375000000e+00 -4.338242053985595703e+00 1.900338888168334961e+00 -1.454453825950622559e+00 2.262992858886718750e+00 4.532306671142578125e+00 -8.741787672042846680e-01 2.559293806552886963e-01 -4.382212162017822266e+00 -5.214302539825439453e-01 4.348695278167724609e-01 1.660470962524414062e+00 -3.172283411026000977e+00 1.984607338905334473e+00 1.803750276565551758e+00 -3.697271347045898438e+00 3.219386577606201172e+00 4.587536156177520752e-01 -5.699810981750488281e+00 -2.698468208312988281e+00 2.303045392036437988e-01 3.628864884376525879e-01 7.960528135299682617e-01 1.647938728332519531e+00 -6.802686691284179688e+00 2.056414365768432617e+00 -5.703425407409667969e-01 1.214051842689514160e+00 -4.865185737609863281e+00 3.039145946502685547e+00 -4.707168340682983398e-01 -2.633311033248901367e+00 9.637883901596069336e-01
-6.962349891662597656e+00 -6.188395023345947266e-01 -6.349160194396972656e+00 5.158644676208496094e+00 -9.163482666015625000e+00 1.397192955017089844e+01 1.477470970153808594e+01 -1.513437843322753906e+01 4.138889163732528687e-02 -3.901976585388183594e+00 -3.500552415847778320e+00 4.986067771911621094e+00 -1.262784576416015625e+01 9.109187126159667969e+00 -8.010321259498596191e-01 1.003556609153747559e+00 7.213254928588867188e+00 1.206768035888671875e+00 -8.746791630983352661e-02 -1.330185055732727051e+00 -5.431659221649169922e-01 -2.922708034515380859e+00 4.626822471618652344e+00 -5.924377441406250000e+00 -3.033787488937377930e+00 2.529995203018188477e+00 6.517896652221679688e+00 4.070292949676513672e+00 -1.367622256278991699e+00 6.966405868530273438e+00 1.450511217117309570e+00 4.649144411087036133e-01 2.630082845687866211e+00 -9.476760864257812500e+00 4.163517475128173828e+00 7.348475933074951172e+00 -2.660398244857788086e+00 -2.315719842910766602e+00 6.621325969696044922e+00 1.673152208328247070e+00 2.758479356765747070e+00 7.816432476043701172e+00 -2.139481782913208008e+00 1.923458933830261230e+00 1.388116121292114258e+00 -1.780881404876708984e+00 -4.370209693908691406e+00 2.473135948181152344e+00 2.001626968383789062e+00 -2.983952045440673828e+00 -2.903204441070556641e+00 -9.985520362854003906e+00 1.130312681198120117e+00 2.020850181579589844e-01 1.275438189506530762e+00 -1.212740898132324219e+01 1.778519511222839355e+00 -2.737240552902221680e+00 -1.249348282814025879e+00 6.696280479431152344e+00 -4.019941806793212891e+00 -4.355174899101257324e-01 2.502229213714599609e+00 2.737897634506225586e+00 1.124183058738708496e+00 -1.082761001586914062e+01 -5.458788394927978516e+00 6.906132102012634277e-01 2.283649206161499023e+00 -1.614129185676574707e+00 -2.586043179035186768e-01 1.390465617179870605e+00 6.476421833038330078e+00 -2.475876092910766602e+00 4.613574981689453125e+00 2.155965328216552734e+00 4.219780921936035156e+00 -1.963924407958984375e+00 3.373683929443359375e+00 1.823946237564086914e+00 9.628661274909973145e-01 9.708341956138610840e-02 -4.410593032836914062e+00 1.897657155990600586e+00 -2.644927024841308594e+00 -3.484482526779174805e+00 -1.886728167533874512e+00 -7.738553285598754883e-01 3.965694665908813477e+00 2.074448108673095703e+00 4.340084791183471680e-01 -1.146808862686157227e+00 4.125759601593017578e+00 4.587957859039306641e-01 -1.132454752922058105e+00 -1.158852100372314453e+00 1.806100249290466309e+00 6.167063713073730469e-01 2.285136461257934570e+00 4.223609924316406250e+00
-2.587773132324218750e+01 -6.045706272125244141e-01 -9.337636232376098633e-01 3.822762727737426758e+00 7.857200622558593750e+00 -8.128849029541015625e+00 1.490066432952880859e+01 -5.876722335815429688e+00 7.954240441322326660e-01 -4.404353141784667969e+00 -1.323960018157958984e+01 -2.728372335433959961e+00 9.532075881958007812e+00 -8.099103569984436035e-01 -1.939514398574829102e+00 3.339315652847290039e+00 7.544149875640869141e+00 -1.854575753211975098e+00 2.492202281951904297e+00 8.315306663513183594e+00 5.621273994445800781e+00 5.587437152862548828e+00 -9.223078727722167969e+00 -3.224523782730102539e+00 -7.392839908599853516e+00 -1.223469853401184082e+00 -8.816470146179199219e+00 -3.374228715896606445e+00 1.838720560073852539e+00 9.442553520202636719e+00 6.192467212677001953e+00 6.190212815999984741e-02 4.135207176208496094e+00 1.766292572021484375e+00 2.663064241409301758e+00 4.431813716888427734e+00 6.039438247680664062e-01 4.562874794006347656e+00 -3.267238378524780273e+00 1.771687030792236328e+00 3.141475677490234375e+00 -2.439185380935668945e+00 2.861607074737548828e-01 8.445911407470703125e+00 1.330273985862731934e+00 3.747118711471557617e+00 4.232034206390380859e+00 -1.353470444679260254e+00 -3.795321464538574219e+00 -9.090580344200134277e-01 1.936682164669036865e-01 3.217636585235595703e+00 1.678000211715698242e+00 -3.868380784988403320e+00 -1.481353163719177246e+00 -3.914041042327880859e+00 -1.125578999519348145e+00 8.593270182609558105e-01 5.236364364624023438e+00 1.760048508644104004e+00 -1.373418092727661133e+00 -2.096648812294006348e-01 5.984294891357421875e+00 -2.662288427352905273e+00 4.059174060821533203e+00 7.690671086311340332e-02 4.992720603942871094e+00 3.251013040542602539e+00 -2.963447332382202148e+00 -7.572216510772705078e+00 4.956165313720703125e+00 -1.334382891654968262e+00 -4.656125545501708984e+00 -8.602758496999740601e-02 4.904030323028564453e+00 8.420763015747070312e+00 3.987511396408081055e-01 -1.488940864801406860e-01 3.804593682289123535e-01 3.042517662048339844e+00 2.544431209564208984e+00 -2.842599630355834961e+00 -3.675748586654663086e+00 -9.070178866386413574e-01 -1.325275540351867676e+00 -4.137387752532958984e+00 -2.533188104629516602e+00 -1.012295603752136230e+00 5.287724137306213379e-01 -8.270856738090515137e-01 -1.367257475852966309e+00 3.737429857254028320e+00 5.085161328315734863e-01 -1.444552302360534668e+00 -2.038466215133666992e+00 2.413795232772827148e+00 -7.794912457466125488e-01 -1.878882527351379395e+00 4.422130584716796875e-01 -7.007597923278808594e+00
-8.206933975219726562e+00 -8.974707603454589844e+00 -1.450472068786621094e+01 -3.707717895507812500e+00 1.917140579223632812e+01 7.786486148834228516e-01 9.752704620361328125e+00 -1.874029874801635742e+00 1.964583039283752441e+00 -7.444890975952148438e+00 -5.972658634185791016e+00 -4.916350841522216797e+00 -3.564020693302154541e-01 -5.157957553863525391e+00 3.735219001770019531e+00 -3.391637325286865234e+00 -1.132785606384277344e+01 -7.654619216918945312e+00 2.793809175491333008e+00 -3.546118021011352539e+00 1.137282013893127441e+00 -2.925683736801147461e+00 5.085309028625488281e+00 -6.671717643737792969e+00 -6.708616256713867188e+00 -5.232526779174804688e+00 -7.948149442672729492e-01 5.762381553649902344e-01 -7.461331367492675781e+00 8.881916046142578125e+00 8.978061676025390625e+00 -1.877079129219055176e+00 -7.033702135086059570e-01 2.404660463333129883e+00 -2.518026351928710938e+00 1.184515595436096191e+00 2.523855447769165039e+00 -2.765085697174072266e+00 7.746232748031616211e-01 -3.428649902343750000e+00 -5.813232660293579102e-01 -1.471289873123168945e+00 2.145627737045288086e+00 -4.250185966491699219e+00 -4.267846107482910156e+00 3.059511661529541016e+00 -4.307289600372314453e+00 -7.200868129730224609e+00 -7.722190856933593750e+00 -4.188522338867187500e+00 -1.574608564376831055e+00 -1.095817804336547852e+00 3.488435983657836914e+00 1.123817563056945801e+00 -1.143289823085069656e-02 -9.383101463317871094e+00 3.912096500396728516e+00 -2.568510532379150391e+00 2.210119009017944336e+00 -2.969060182571411133e+00 -1.445672392845153809e+00 -6.907066345214843750e+00 1.661862134933471680e-01 -4.266912460327148438e+00 2.668060541152954102e+00 3.586957752704620361e-01 1.579024314880371094e+00 -4.116995334625244141e+00 -1.146714329719543457e+00 -2.833781480789184570e+00 -1.136995673179626465e+00 -5.641461908817291260e-02 3.091425895690917969e+00 -3.696105957031250000e+00 -3.168116807937622070e+00 -5.011547088623046875e+00 -1.235395789146423340e+00 3.824944019317626953e+00 4.709524631500244141e+00 -1.702446460723876953e+00 5.572979927062988281e+00 -2.180241793394088745e-02 -5.041592121124267578e+00 1.969731330871582031e+00 7.763296961784362793e-01 5.720833688974380493e-02 1.526977181434631348e+00 -2.967041015625000000e+00 -3.077630996704101562e+00 -7.337570786476135254e-01 1.483566880226135254e+00 7.372374534606933594e-01 5.020816922187805176e-01 1.066181302070617676e+00 -1.895064592361450195e+00 1.821540296077728271e-01 1.859545469284057617e+00 4.299331188201904297e+00 -1.669215857982635498e-01 -1.302938938140869141e+00
-5.928167819976806641e+00 -1.841341972351074219e+00 -2.101129531860351562e+01 1.711971163749694824e+00 2.076685523986816406e+01 -2.192607402801513672e+00 1.001551628112792969e+01 1.565261483192443848e+00 5.302896499633789062e+00 1.847657561302185059e-02 2.506732463836669922e+00 -2.032927036285400391e+00 -2.574161767959594727e+00 1.506974101066589355e-01 2.438500881195068359e+00 -1.278147339820861816e+00 5.149642944335937500e+00 -2.538954734802246094e+00 -8.796133995056152344e+00 -2.219824939966201782e-01 2.092095613479614258e+00 4.891998291015625000e+00 -8.650026917457580566e-01 -1.703872680664062500e+00 9.398387908935546875e+00 -2.818194150924682617e+00 -7.033814907073974609e+00 6.759071946144104004e-01 1.591659545898437500e+00 2.617357730865478516e+00 4.190843105316162109e+00 8.673013448715209961e-01 -2.637392282485961914e+00 -3.210009336471557617e+00 2.672855138778686523e+00 -4.020847320556640625e+00 -2.348787307739257812e+00 4.316646575927734375e+00 -2.344568252563476562e+00 -3.041005134582519531e+00 7.120184898376464844e-01 1.677863836288452148e+00 -1.596047997474670410e+00 -3.246817588806152344e-01 4.219297409057617188e+00 -4.658014178276062012e-01 1.546529650688171387e+00 4.816829860210418701e-01 4.467566490173339844e+00 3.656890094280242920e-01 2.984439134597778320e+00 -3.836421966552734375e+00 8.332758903503417969e+00 9.458865165710449219e+00 -1.838938742876052856e-01 2.876141071319580078e+00 7.505490183830261230e-01 -1.393354684114456177e-01 -1.025475263595581055e-01 -1.638302206993103027e+00 3.030728101730346680e+00 4.927530288696289062e+00 -4.990279674530029297e+00 5.622486114501953125e+00 7.491967827081680298e-02 1.170694828033447266e+00 6.949129980057477951e-03 2.661572694778442383e+00 -2.216198444366455078e+00 1.401974260807037354e-01 2.391808271408081055e+00 2.545696496963500977e+00 -2.505974292755126953e+00 1.076983213424682617e+00 1.095821380615234375e+00 -8.503649830818176270e-01 1.119993403553962708e-01 -2.852728366851806641e+00 -2.946926355361938477e-01 -2.809569597244262695e+00 -3.230578899383544922e+00 2.268290519714355469e+00 4.722898006439208984e+00 -2.297103852033615112e-01 -1.470358252525329590e+00 1.723802089691162109e+00 3.937808752059936523e+00 4.073552131652832031e+00 -2.652041196823120117e+00 -5.387022495269775391e-01 2.455035924911499023e+00 5.606747150421142578e+00 1.671567678451538086e+00 -5.764607906341552734e+00 -2.151871919631958008e+00 9.082712531089782715e-01 3.558497667312622070e+00 -3.745219945907592773e+00 -1.522557258605957031e+00 -1.701318621635437012e+00
-1.684924888610839844e+01 -5.482539653778076172e+00 -1.185684776306152344e+01 -7.400359153747558594e+00 1.876367378234863281e+01 -5.098942279815673828e+00 9.865677833557128906e+00 -3.186866760253906250e+00 3.634431600570678711e+00 -3.329730510711669922e+00 -9.997488856315612793e-01 -7.893024682998657227e-01 -1.666321158409118652e+00 3.518127679824829102e+00 -6.688060164451599121e-01 3.233297348022460938e+00 3.118377447128295898e+00 2.669599533081054688e+00 -3.946313142776489258e+00 9.930984497070312500e+00 3.792824745178222656e+00 3.620077848434448242e+00 -7.840710639953613281e+00 -4.278373718261718750e+00 -2.329495429992675781e+00 3.311728000640869141e+00 2.900631427764892578e-01 4.004553794860839844e+00 -2.183422327041625977e+00 3.858914375305175781e+00 -5.904260635375976562e+00 -3.472770929336547852e+00 -1.807693600654602051e+00 -5.715298175811767578e+00 1.055613231658935547e+01 2.785960912704467773e+00 1.273461699485778809e+00 9.335383772850036621e-01 2.649778604507446289e+00 -2.591186523437500000e+00 8.822022378444671631e-02 -2.168233633041381836e+00 3.975657373666763306e-02 -1.441101789474487305e+00 1.179013252258300781e+00 -9.448034167289733887e-01 -3.468337059020996094e+00 -3.321442365646362305e+00 1.709395170211791992e+00 6.516048431396484375e+00 -7.214236259460449219e+00 6.484332680702209473e-01 3.376645326614379883e+00 -1.260092973709106445e+00 -2.013272762298583984e+00 1.620780229568481445e+00 1.681769788265228271e-01 1.567716717720031738e+00 4.042869567871093750e+00 -5.015574455261230469e+00 4.856521129608154297e+00 -6.427387237548828125e+00 -3.973674535751342773e+00 4.645139217376708984e+00 6.220088005065917969e+00 -1.237155556678771973e+00 -3.541367769241333008e+00 2.995196104049682617e+00 2.369720458984375000e+00 -2.598798871040344238e-01 4.511985301971435547e+00 2.489712953567504883e+00 -2.066568374633789062e+00 1.145069479942321777e+00 2.399797916412353516e+00 3.106604337692260742e+00 -3.343367576599121094e+00 -4.238206386566162109e+00 -1.276196122169494629e+00 -1.834689855575561523e+00 -7.714011192321777344e+00 -1.888727545738220215e+00 -1.374063372611999512e+00 4.680485725402832031e-01 5.269230365753173828e+00 -8.517942428588867188e-01 -1.833356916904449463e-01 -1.221170306205749512e+00 -6.141068935394287109e+00 1.006854772567749023e+00 -4.622501373291015625e+00 9.375871419906616211e-01 2.334539413452148438e+00 2.500805616378784180e+00 -1.437361717224121094e+00 -2.382519483566284180e+00 3.951353549957275391e+00 6.739961504936218262e-01 1.020540237426757812e+00 -3.072091817855834961e+00
7.677866458892822266e+00 -6.824237704277038574e-01 -1.157255554199218750e+01 -3.611542284488677979e-01 9.898550987243652344e+00 -4.967612743377685547e+00 1.214208602905273438e+01 -9.717561602592468262e-01 9.322928428649902344e+00 -3.182329893112182617e+00 8.199666023254394531e+00 6.336175918579101562e+00 -4.005259990692138672e+00 4.881761550903320312e+00 -1.113187074661254883e+00 6.274671077728271484e+00 -4.546260356903076172e+00 2.634986877441406250e+00 1.098681449890136719e+00 -3.045188903808593750e+00 -5.397142410278320312e+00 -4.224110841751098633e-01 -3.837277889251708984e+00 5.142333358526229858e-02 6.958710670471191406e+00 3.902618408203125000e+00 -7.762387752532958984e+00 -1.116470813751220703e+00 3.935236215591430664e+00 -2.402822971343994141e+00 -3.707603454589843750e+00 2.696138620376586914e+00 -1.192814588546752930e+00 -3.254312753677368164e+00 1.447382092475891113e+00 -4.691033661365509033e-01 -6.913664817810058594e+00 -3.066296577453613281e+00 3.143745183944702148e+00 2.211794614791870117e+00 1.198562502861022949e+00 -1.333756327629089355e+00 -9.621156007051467896e-02 1.354801893234252930e+00 3.474978208541870117e+00 -8.477191925048828125e-01 -7.831406116485595703e+00 1.626860380172729492e+00 -9.179605841636657715e-01 -4.991366386413574219e+00 -4.841555595397949219e+00 -2.878146648406982422e+00 3.702102601528167725e-01 -2.740118503570556641e-01 1.746047496795654297e+00 -4.540027305483818054e-02 8.917074203491210938e+00 7.271771430969238281e+00 -8.909411430358886719e-01 2.814447164535522461e+00 6.368324756622314453e+00 6.688802689313888550e-02 -5.845026969909667969e+00 1.083115458488464355e+00 -1.784239768981933594e+00 5.531747937202453613e-01 -1.017526030540466309e+00 3.297757148742675781e+00 -3.933016061782836914e+00 5.397086143493652344e-01 1.360900282859802246e+00 -2.539023399353027344e+00 -1.740640282630920410e+00 1.439461708068847656e+00 -3.601295351982116699e-01 -6.360043883323669434e-01 2.368041992187500000e+00 -5.744594335556030273e-01 -2.799145579338073730e-01 -1.523897290229797363e+00 6.916520595550537109e+00 -2.166104793548583984e+00 -4.716992378234863281e+00 -2.630108296871185303e-01 4.701922416687011719e+00 9.454696774482727051e-01 5.374433517456054688e+00 -2.734589815139770508e+00 -1.980970263481140137e+00 -2.067275196313858032e-01 -2.200380563735961914e+00 3.362962961196899414e+00 -1.729786396026611328e+00 4.273798465728759766e+00 -1.869935631752014160e+00 1.819632172584533691e+00 3.878466844558715820e+00 4.063101291656494141e+00 8.211327195167541504e-01 -1.984835565090179443e-01
-8.603527069091796875e+00 -2.095226287841796875e+00 -2.019835281372070312e+01 2.539986848831176758e+00 1.589688491821289062e+01 -1.074119949340820312e+01 8.593258857727050781e+00 -9.115817546844482422e-01 8.993604660034179688e+00 -7.566161632537841797e+00 -1.796347498893737793e+00 4.703200340270996094e+00 1.192155718803405762e+00 1.685448074340820312e+01 -1.519375681877136230e+00 2.704486846923828125e+00 5.141298770904541016e-01 2.673623263835906982e-01 -2.520891189575195312e+00 4.345940113067626953e+00 3.817962169647216797e+00 -7.024667263031005859e+00 -1.862832903861999512e+00 -1.001028537750244141e+00 -9.230885505676269531e+00 -7.099858671426773071e-02 1.550565838813781738e+00 1.510738611221313477e+00 1.530562162399291992e+00 3.230416536331176758e+00 -8.114453554153442383e-01 9.221564531326293945e-01 1.326096415519714355e+00 -2.652966260910034180e+00 -7.694113731384277344e+00 -1.710786938667297363e+00 2.759137868881225586e+00 1.138580560684204102e+00 1.204253792762756348e+00 2.319365024566650391e+00 -1.040247917175292969e+00 2.131125688552856445e+00 -1.761742591857910156e+00 1.502606630325317383e+00 -4.045010566711425781e+00 8.163205385208129883e-01 3.409358978271484375e+00 -2.699991226196289062e+00 1.564000010490417480e+00 3.847427129745483398e+00 -1.789936780929565430e+00 -3.849209070205688477e+00 -1.609412789344787598e+00 -1.129669427871704102e+00 -4.848845005035400391e+00 4.336752891540527344e+00 -2.810507774353027344e+00 -9.493380784988403320e-01 -2.044176816940307617e+00 -1.388957619667053223e+00 8.316452026367187500e+00 2.789842486381530762e-01 -5.163667678833007812e+00 -4.919579982757568359e+00 -1.198483109474182129e+00 -1.801842331886291504e+00 2.188418865203857422e+00 -1.994421720504760742e+00 6.700023412704467773e-01 -1.410731554031372070e+00 1.764606386423110962e-01 1.333498954772949219e+00 -6.450535058975219727e-01 -1.117809057235717773e+00 -2.186156511306762695e+00 9.200090765953063965e-01 1.371002346277236938e-01 1.138268470764160156e+00 7.428045272827148438e-01 2.685007333755493164e+00 -2.752258300781250000e+00 -7.357063293457031250e+00 2.256894826889038086e+00 -2.523262262344360352e+00 -1.937599778175354004e+00 -6.680638790130615234e-01 4.424717903137207031e+00 4.554343223571777344e-01 -1.968351840972900391e+00 -1.273417592048645020e+00 -3.261097431182861328e+00 4.386795759201049805e-01 -2.112881898880004883e+00 -7.838628292083740234e-01 -7.570375800132751465e-01 7.952824234962463379e-01 -1.594246268272399902e+00 -1.000603199005126953e+00 1.616743922233581543e+00 3.173862934112548828e+00
-6.667882442474365234e+00 -2.105223655700683594e+00 -1.664460372924804688e+01 5.144062995910644531e+00 1.474549579620361328e+01 -8.075880050659179688e+00 8.124414443969726562e+00 -7.992463111877441406e+00 1.161436748504638672e+01 -1.086311912536621094e+01 -5.493566513061523438e+00 5.662377551198005676e-02 9.633953571319580078e-01 5.259717941284179688e+00 -1.995321393013000488e+00 1.510979328304529190e-02 1.338983654975891113e+00 -2.270441949367523193e-01 -3.131426572799682617e+00 1.535406589508056641e+00 2.575905084609985352e+00 5.931304931640625000e+00 8.227694034576416016e-01 2.573512554168701172e+00 -2.404517412185668945e+00 -6.222644329071044922e+00 -1.080890560150146484e+01 -6.169254183769226074e-01 4.670189380645751953e+00 -6.944757699966430664e-02 -8.375701308250427246e-01 -2.549200952053070068e-01 6.260612010955810547e-01 -2.158649921417236328e+00 -1.675804138183593750e+00 3.969154655933380127e-01 5.371798038482666016e+00 2.617266178131103516e+00 9.089612364768981934e-01 -8.511841893196105957e-01 3.069497585296630859e+00 4.928820133209228516e-01 5.498081684112548828e+00 1.119571924209594727e+00 -7.163382768630981445e-01 8.455376625061035156e-01 -2.979474306106567383e+00 -2.937996864318847656e+00 -6.690220832824707031e+00 3.517348289489746094e+00 -3.859744787216186523e+00 -3.082105159759521484e+00 -4.968865394592285156e+00 -1.959230065345764160e+00 4.879592359066009521e-02 -2.605286836624145508e+00 -1.189513564109802246e+00 3.798878192901611328e-01 -7.321107864379882812e+00 -1.030597925186157227e+00 -3.678733825683593750e+00 7.998659610748291016e-01 -2.485152959823608398e+00 1.380390167236328125e+00 -1.263151526451110840e+00 3.299040794372558594e+00 -5.606748580932617188e+00 6.826869964599609375e+00 -4.125657975673675537e-01 1.013001322746276855e+00 2.662042379379272461e+00 -2.821550607681274414e+00 -2.452169656753540039e+00 1.442098140716552734e+00 3.490426540374755859e+00 -3.534427404403686523e+00 2.756844997406005859e+00 3.835701942443847656e+00 -5.913107469677925110e-02 -2.081246525049209595e-01 6.734785556793212891e+00 2.332690000534057617e+00 8.270748257637023926e-01 -4.702978134155273438e+00 -5.772145092487335205e-02 4.049409389495849609e+00 -2.681936264038085938e+00 8.041118979454040527e-01 5.463781356811523438e-01 -1.292675852775573730e+00 -1.300164103507995605e+00 3.673013925552368164e+00 -1.176060557365417480e+00 -2.739863634109497070e+00 3.504950284957885742e+00 -1.731350898742675781e+00 -1.027352213859558105e+00 8.252434134483337402e-01 1.769082188606262207e+00 -1.762979030609130859e+00
-3.883934497833251953e+00 -1.989824771881103516e+00 -1.606669425964355469e+01 5.297877311706542969e+00 -6.955063819885253906e+00 -1.024970817565917969e+01 1.370392894744873047e+01 3.530920743942260742e+00 9.202814102172851562e+00 -3.151683807373046875e+00 -1.705318093299865723e+00 9.760621786117553711e-01 6.430391311645507812e+00 4.306061744689941406e+00 -6.131018996238708496e-01 1.426261067390441895e+00 7.712943553924560547e+00 1.639128088951110840e+00 -8.194500923156738281e+00 7.222517013549804688e+00 3.813356876373291016e+00 3.991576671600341797e+00 7.475506067276000977e-01 2.324244976043701172e+00 1.790607333183288574e+00 -1.094443917274475098e+00 3.340579509735107422e+00 -7.608219623565673828e+00 1.582887530326843262e+00 -4.279620170593261719e+00 4.181827068328857422e+00 -3.517814159393310547e+00 -3.085421323776245117e+00 4.116569995880126953e+00 -6.900882244110107422e+00 1.297888994216918945e+00 -5.390420556068420410e-01 3.967773199081420898e+00 1.973014116287231445e+00 -3.771995782852172852e+00 -3.387985706329345703e+00 -5.011444091796875000e+00 7.664566636085510254e-01 4.989100933074951172e+00 -1.309986859560012817e-01 -2.339905023574829102e+00 -6.164850234985351562e+00 -5.173150062561035156e+00 5.824285149574279785e-01 4.484031677246093750e+00 -1.101003050804138184e+00 -1.070720195770263672e+00 -1.992636561393737793e+00 -7.282562732696533203e+00 -7.487166881561279297e+00 5.725997447967529297e+00 -1.293890357017517090e+00 -4.488200545310974121e-01 -6.177491664886474609e+00 7.677587121725082397e-02 -5.547876834869384766e+00 -3.096707582473754883e+00 -6.843792796134948730e-01 -4.708019793033599854e-01 -1.312846094369888306e-01 -5.218141078948974609e-01 2.464212417602539062e+00 7.438059449195861816e-01 -1.896583676338195801e+00 2.371231555938720703e+00 1.560755819082260132e-01 7.482693791389465332e-01 2.506702184677124023e+00 -2.533210277557373047e+00 -2.273696660995483398e+00 -2.826757431030273438e+00 -2.240832567214965820e+00 3.658576726913452148e+00 3.078467130661010742e+00 -1.131285548210144043e+00 -4.116772651672363281e+00 -1.266294002532958984e+00 3.202194929122924805e+00 -6.754894852638244629e-01 -7.051036953926086426e-01 -1.242919325828552246e+00 -1.429258435964584351e-01 -9.352217316627502441e-01 7.070834636688232422e-01 -4.162226319313049316e-01 -4.227326869964599609e+00 2.571838855743408203e+00 -4.010482788085937500e+00 -1.140935301780700684e+00 3.566151857376098633e+00 2.509654998779296875e+00 7.261579632759094238e-01 1.054096579551696777e+00 4.450035095214843750e+00 4.922031879425048828e+00
-7.448044776916503906e+00 -3.032482147216796875e+00 -1.339391326904296875e+01 -1.094604849815368652e+00 -2.568042039871215820e+00 -1.245435523986816406e+01 8.925676345825195312e+00 -2.762407064437866211e-01 9.828912615776062012e-01 -5.481349945068359375e+00 -1.217863559722900391e+01 -4.986560642719268799e-01 -8.658420562744140625e+00 -6.814576625823974609e+00 -1.665495276451110840e+00 6.869534492492675781e+00 -4.021152496337890625e+00 1.557060241699218750e+00 7.262722492218017578e+00 -2.115744113922119141e+00 4.914534091949462891e+00 2.030432939529418945e+00 -1.562271118164062500e-01 -5.910859107971191406e+00 -2.305765628814697266e+00 4.417161941528320312e+00 2.554044723510742188e+00 4.884458065032958984e+00 6.837709903717041016e+00 -4.190460681915283203e+00 8.923709392547607422e-01 -2.793299436569213867e+00 -9.728277921676635742e-01 7.255262374877929688e+00 -2.088054180145263672e+00 3.034484863281250000e+00 4.694738864898681641e+00 9.904849052429199219e+00 3.342005610466003418e-01 7.137998104095458984e+00 -1.742074966430664062e+00 3.198126077651977539e+00 -3.877084732055664062e+00 4.013395786285400391e+00 7.024116516113281250e+00 7.309519052505493164e-01 4.477044582366943359e+00 7.823048830032348633e-01 3.234931230545043945e+00 8.936897516250610352e-01 -1.810616016387939453e+00 7.232150435447692871e-01 -5.383452415466308594e+00 2.706189632415771484e+00 -1.097830295562744141e+00 2.798598527908325195e+00 -4.579252719879150391e+00 6.950965404510498047e+00 -2.858036756515502930e+00 -3.692980527877807617e+00 -3.150182247161865234e+00 -8.075199127197265625e-01 -5.250411987304687500e+00 -2.956674337387084961e+00 -2.429650545120239258e+00 3.325697660446166992e+00 1.771874427795410156e+00 -1.221908926963806152e+00 7.181926369667053223e-01 4.444882392883300781e+00 -8.608515262603759766e-01 -3.074956834316253662e-01 2.284314393997192383e+00 -3.260789155960083008e+00 -2.615278005599975586e+00 -2.251065015792846680e+00 -1.855184912681579590e+00 -5.409726142883300781e+00 -2.595632076263427734e+00 4.562941551208496094e+00 2.434334993362426758e+00 6.810883879661560059e-01 6.683623045682907104e-02 4.155767917633056641e+00 -5.371074676513671875e+00 4.668091297149658203e+00 3.384236335754394531e+00 -3.040335178375244141e+00 -7.018502950668334961e-01 7.587138414382934570e-01 -2.519929885864257812e+00 8.773128390312194824e-01 -9.548755884170532227e-01 -5.652586936950683594e+00 2.549310922622680664e-01 1.349689126014709473e+00 4.085014760494232178e-02 2.045506477355957031e+00 1.853384733200073242e+00 1.674046665430068970e-01
-1.331023406982421875e+01 -2.846359491348266602e+00 -1.225425529479980469e+01 -1.187865614891052246e+00 1.701915931701660156e+01 -6.039654731750488281e+00 1.344033527374267578e+01 -3.872376918792724609e+00 -1.445674538612365723e+00 -4.826701164245605469e+00 -8.250325202941894531e+00 -3.881949484348297119e-01 -6.166796684265136719e-01 1.803974807262420654e-01 3.630857944488525391e+00 6.837937235832214355e-01 -9.604292511940002441e-01 6.634953498840332031e+00 2.643566131591796875e+00 3.371968030929565430e+00 -2.430912256240844727e+00 -9.452190399169921875e+00 1.275898933410644531e+01 1.501876592636108398e+00 6.354960441589355469e+00 1.447627425193786621e+00 5.126339942216873169e-02 2.061340332031250000e+00 -6.256792068481445312e+00 -7.801099419593811035e-01 -1.242597198486328125e+01 8.631029725074768066e-02 -5.889812469482421875e+00 6.040565490722656250e+00 1.582171797752380371e+00 -2.852575063705444336e+00 5.944090843200683594e+00 -2.443726062774658203e+00 8.499764204025268555e-01 1.492061376571655273e+00 1.957528829574584961e+00 -3.884966850280761719e+00 3.020484745502471924e-01 1.070000767707824707e+00 1.823716402053833008e+00 2.980783700942993164e+00 -3.113826274871826172e+00 -1.550406068563461304e-01 -8.209444999694824219e+00 -3.499307110905647278e-02 -7.997931003570556641e+00 4.300702571868896484e+00 -7.956228852272033691e-01 -4.553105831146240234e+00 -7.594959139823913574e-01 6.554018974304199219e+00 6.890777945518493652e-01 7.932787537574768066e-01 -4.218194007873535156e+00 -2.623328447341918945e+00 8.139216303825378418e-01 -2.938077688217163086e+00 -1.219513297080993652e+00 -3.060142517089843750e+00 -3.733364343643188477e+00 4.650041103363037109e+00 2.210321426391601562e+00 2.964870214462280273e+00 -3.918466567993164062e+00 6.215217709541320801e-01 1.470654726028442383e+00 -1.249359250068664551e+00 3.611852169036865234e+00 -1.183345198631286621e+00 -2.258436679840087891e+00 3.376480579376220703e+00 -3.604770898818969727e+00 -4.906311511993408203e+00 8.016858696937561035e-01 8.315647840499877930e-01 1.496131062507629395e+00 4.601955413818359375e+00 1.395184639841318130e-02 1.846829295158386230e+00 3.110468864440917969e+00 -2.310581207275390625e+00 8.883053064346313477e-01 -2.892380237579345703e+00 -4.247553348541259766e+00 -5.666571617126464844e+00 -1.070360898971557617e+00 -1.347112506628036499e-01 5.240246653556823730e-01 -2.003935575485229492e+00 -4.602350234985351562e+00 1.279587626457214355e+00 -1.002761125564575195e+00 -7.709720730781555176e-01 3.702569007873535156e+00 -2.501394271850585938e+00
-1.772269058227539062e+01 -8.494552612304687500e+00 -8.512526512145996094e+00 -4.997765541076660156e+00 1.539814758300781250e+01 -4.078452110290527344e+00 5.664384365081787109e+00 -1.172597408294677734e+00 2.618778467178344727e+00 -9.954854011535644531e+00 -4.184622764587402344e+00 -2.807427406311035156e+00 4.648074626922607422e+00 2.882493495941162109e+00 1.450319576263427734e+01 5.715718269348144531e+00 4.429529666900634766e+00 -1.783898472785949707e+00 -5.087976157665252686e-02 2.631379604339599609e+00 -5.332437038421630859e+00 4.045467376708984375e-01 5.256056785583496094e+00 1.997704029083251953e+00 4.098353862762451172e+00 1.232271790504455566e+00 -8.406222462654113770e-01 -2.648968935012817383e+00 -2.225730419158935547e+00 3.398138046264648438e+00 -9.649326652288436890e-02 1.996381044387817383e+00 3.596446752548217773e+00 3.904934406280517578e+00 8.414815664291381836e-01 -3.912166595458984375e+00 5.351629734039306641e+00 5.167609453201293945e-01 -3.138551473617553711e+00 8.197030067443847656e+00 -7.057214260101318359e+00 7.798916816711425781e+00 -6.473039150238037109e+00 -4.680795192718505859e+00 4.111169815063476562e+00 6.615293502807617188e+00 -3.280371189117431641e+00 -1.345303654670715332e-01 -1.246293902397155762e+00 -2.663119077682495117e+00 4.605908691883087158e-01 -4.102675914764404297e+00 -7.172407209873199463e-02 -7.595373153686523438e+00 -4.778289794921875000e+00 -3.572562932968139648e+00 8.551078796386718750e+00 -2.840458154678344727e-01 -2.459312826395034790e-01 -3.261522054672241211e+00 4.626077175140380859e+00 -4.951829910278320312e-01 1.944054245948791504e+00 4.208745479583740234e+00 7.043172717094421387e-01 4.405282974243164062e+00 -4.783260822296142578e+00 3.187656164169311523e+00 1.261017799377441406e+00 4.722985267639160156e+00 -5.389897227287292480e-01 -3.680597305297851562e+00 -9.295206069946289062e+00 2.451129198074340820e+00 -3.073188289999961853e-02 -1.505483627319335938e+00 -4.921535968780517578e+00 -1.544172406196594238e+00 2.069465637207031250e+00 3.354056119918823242e+00 1.350095033645629883e+00 -7.394285202026367188e-01 1.189731359481811523e+00 -4.571096897125244141e+00 -3.689138591289520264e-01 1.335475325584411621e+00 4.255814075469970703e+00 2.410138025879859924e-03 -3.731279134750366211e+00 3.415801286697387695e+00 1.746473193168640137e+00 7.484018057584762573e-02 2.649707317352294922e+00 3.259836137294769287e-01 1.270359516143798828e+00 1.702700853347778320e+00 -1.361957192420959473e+00 9.379994273185729980e-01 -2.418112993240356445e+00 -3.610031902790069580e-01
-1.920671653747558594e+01 -4.694533348083496094e+00 -1.110823822021484375e+01 1.137931227684020996e+00 1.554707813262939453e+01 -1.823112964630126953e+00 1.151347827911376953e+01 -2.388779401779174805e+00 2.778527975082397461e+00 3.253720760345458984e+00 -4.208200454711914062e+00 2.234470397233963013e-01 -1.041935682296752930e+00 -4.532968521118164062e+00 -9.646860361099243164e-01 7.343381404876708984e+00 3.206468343734741211e+00 2.341983169317245483e-01 1.590994358062744141e+00 8.441939353942871094e+00 -2.162523865699768066e-01 1.544296383857727051e+00 1.023174762725830078e+01 -6.377045631408691406e+00 2.301190614700317383e+00 5.114487648010253906e+00 -1.935967803001403809e+00 4.974478781223297119e-01 -1.205551743507385254e+00 -6.580171108245849609e+00 3.674468755722045898e+00 2.941161155700683594e+00 -6.464237213134765625e+00 1.902134537696838379e+00 -7.453987121582031250e+00 2.462427616119384766e+00 2.214040517807006836e+00 -2.821465730667114258e+00 -5.936220169067382812e+00 -3.460581541061401367e+00 -6.563809514045715332e-01 3.384067773818969727e+00 -7.562380790710449219e+00 2.343337774276733398e+00 -2.523750782012939453e+00 -8.869556188583374023e-01 -3.703596115112304688e+00 2.308661460876464844e+00 1.389332175254821777e+00 -1.208526849746704102e+00 4.027873039245605469e+00 4.275959491729736328e+00 -1.190987601876258850e-01 4.183427810668945312e+00 -2.027143478393554688e+00 -2.886054992675781250e+00 -1.070683121681213379e+00 -1.993299245834350586e+00 -2.728934049606323242e+00 -3.546010971069335938e+00 8.844879150390625000e+00 1.419728040695190430e+00 -7.415297627449035645e-01 -4.797192096710205078e+00 -2.483250856399536133e+00 5.282634258270263672e+00 -8.082053661346435547e-01 4.762750148773193359e+00 -1.068596839904785156e+00 1.515686392784118652e+00 -5.196878433227539062e+00 4.023897647857666016e+00 -2.769061326980590820e+00 6.089091777801513672e+00 1.423349231481552124e-01 -1.616430282592773438e+00 -4.550108015537261963e-01 -2.529851913452148438e+00 -3.641611099243164062e+00 6.779704093933105469e-01 9.863506555557250977e-01 -4.458018779754638672e+00 -1.494770169258117676e+00 -2.412918806076049805e+00 2.345767021179199219e+00 -3.333694219589233398e+00 -2.078026533126831055e+00 -1.212536215782165527e+00 -1.722136974334716797e+00 1.854491829872131348e+00 -7.585706114768981934e-01 3.442711114883422852e+00 -7.572858333587646484e-01 4.110853672027587891e-01 4.786427974700927734e+00 -2.882153391838073730e-01 1.458959937095642090e+00 2.612505435943603516e+00 -9.565190970897674561e-02 -1.053418874740600586e+00
-1.025176239013671875e+01 9.213648438453674316e-01 -1.419985961914062500e+01 1.720595121383666992e+00 1.375841331481933594e+01 3.734913349151611328e+00 1.279679107666015625e+01 -5.939503192901611328e+00 -2.524429082870483398e+00 5.130457401275634766e+00 4.410017013549804688e+00 -4.504372596740722656e+00 -7.569048404693603516e+00 7.492413520812988281e-01 -5.213589668273925781e+00 1.731193780899047852e+00 2.411496937274932861e-01 9.776799678802490234e-01 -3.564657688140869141e+00 9.739356994628906250e+00 6.448150634765625000e+00 -3.502310276031494141e+00 -1.238852262496948242e+00 1.493660092353820801e+00 1.312580347061157227e+00 1.019789505004882812e+01 -9.031318128108978271e-02 -2.309386014938354492e+00 3.100007772445678711e-01 -6.730141639709472656e+00 -7.889091968536376953e+00 7.582455635070800781e+00 -3.439888477325439453e+00 -5.277830600738525391e+00 8.546581864356994629e-01 -5.835237026214599609e+00 1.017401123046875000e+01 6.461198329925537109e-01 4.406561374664306641e+00 3.806466102600097656e+00 1.219548797607421875e+01 -1.744156360626220703e+00 -7.176152229309082031e+00 3.594748020172119141e+00 1.212979435920715332e+00 -6.641608238220214844e+00 3.026199340820312500e+00 -2.949979066848754883e+00 -1.128512763977050781e+01 5.694067955017089844e+00 5.212787628173828125e+00 4.724349021911621094e+00 4.848206937313079834e-01 1.418370723724365234e+00 -2.834787368774414062e-01 -2.725602149963378906e+00 4.392786026000976562e+00 -3.030156612396240234e+00 4.146832466125488281e+00 -4.445677697658538818e-01 1.071678042411804199e+00 2.383283615112304688e+00 -2.348176002502441406e+00 -5.388566851615905762e-01 -1.626004695892333984e+00 -2.041382789611816406e+00 4.847885608673095703e+00 5.362664699554443359e+00 -6.463896751403808594e+00 -1.530878067016601562e+00 -1.377526521682739258e+00 2.570969820022583008e+00 -1.842637538909912109e+00 -5.976106643676757812e+00 -3.660255432128906250e+00 -2.111239194869995117e+00 -3.922337532043457031e+00 1.601897954940795898e+00 1.758767247200012207e+00 -1.573411077260971069e-01 3.383632600307464600e-01 -2.002211570739746094e+00 -3.692499399185180664e+00 -3.639435768127441406e+00 2.224144935607910156e+00 1.619684219360351562e+00 1.509311079978942871e+00 -4.519107341766357422e+00 -3.794732987880706787e-01 1.078716516494750977e+00 -1.545966744422912598e+00 -2.574517965316772461e+00 -4.242785453796386719e+00 3.589476346969604492e+00 -1.897385716438293457e+00 -3.174531221389770508e+00 -1.744317412376403809e+00 1.026714920997619629e+00 -7.293552905321121216e-02 1.858945488929748535e+00
7.795228064060211182e-02 -7.784482479095458984e+00 -9.816163063049316406e+00 -7.930200099945068359e-01 1.262850952148437500e+01 8.915183067321777344e+00 1.104248809814453125e+01 -2.146678686141967773e+00 -3.113086938858032227e+00 3.446727275848388672e+00 1.229358863830566406e+01 1.055105924606323242e+00 -4.234701156616210938e+00 -6.472439289093017578e+00 -5.057667732238769531e+00 5.609907954931259155e-02 -4.493840694427490234e+00 -7.367600917816162109e+00 1.430320501327514648e+00 3.458768129348754883e+00 2.375328302383422852e+00 1.533502578735351562e+00 -1.249064803123474121e+00 1.172285938262939453e+01 5.092298984527587891e+00 -7.508563041687011719e+00 -6.279426217079162598e-01 3.202941179275512695e+00 -7.466357231140136719e+00 -6.753490447998046875e+00 -2.247880935668945312e+00 2.410740852355957031e+00 6.299529552459716797e+00 -3.227761745452880859e+00 -4.921869635581970215e-01 -2.277201652526855469e+00 -5.959622561931610107e-02 3.251869678497314453e+00 4.710395812988281250e+00 3.045292854309082031e+00 -4.282686710357666016e+00 -2.757188081741333008e+00 -1.349976181983947754e+00 -2.058791875839233398e+00 -8.201128244400024414e-01 1.026366472244262695e+00 1.782891035079956055e+00 1.009819793701171875e+01 1.025636196136474609e+01 -1.951327800750732422e+00 4.021894931793212891e+00 2.878694236278533936e-01 -2.839442729949951172e+00 -1.043755888938903809e+00 -1.807016015052795410e+00 5.622113347053527832e-01 2.655227899551391602e+00 -9.019965678453445435e-02 -3.432160854339599609e+00 -9.761478424072265625e+00 -3.327796936035156250e+00 2.049659729003906250e+00 6.164980530738830566e-01 3.592078447341918945e+00 3.882280111312866211e+00 6.604316830635070801e-01 1.190087199211120605e+00 1.721926927566528320e+00 3.246820688247680664e+00 -4.846105098724365234e+00 -6.141987323760986328e+00 2.334172427654266357e-01 -5.488415241241455078e+00 -4.667083740234375000e+00 4.506939888000488281e+00 3.315869331359863281e+00 6.468048691749572754e-01 1.971926689147949219e+00 2.140645503997802734e+00 8.575163483619689941e-01 -4.697989463806152344e+00 2.791032493114471436e-01 -3.521795272827148438e+00 3.121872663497924805e+00 -3.747298479080200195e+00 -4.334923267364501953e+00 -4.645881652832031250e+00 -2.112806797027587891e+00 -1.012294769287109375e+00 8.589332550764083862e-02 2.392479419708251953e+00 -4.603711128234863281e+00 4.900856971740722656e+00 -6.451729536056518555e-01 2.682980775833129883e+00 -8.044996261596679688e-01 -4.185614109039306641e+00 -3.739539146423339844e+00 2.581791639328002930e+00 5.303550362586975098e-01
6.835845947265625000e+00 2.879566192626953125e+00 -2.081728935241699219e+01 6.983313560485839844e+00 1.763144683837890625e+01 8.706485748291015625e+00 1.189680480957031250e+01 -5.202499866485595703e+00 -4.346849918365478516e+00 1.038403391838073730e+00 8.721809387207031250e-01 -4.204613685607910156e+00 7.932491779327392578e+00 -2.535152912139892578e+00 -9.320522546768188477e-01 -1.368158161640167236e-01 4.298351287841796875e+00 1.603259682655334473e+00 -1.373826217651367188e+01 -2.885389328002929688e-01 -7.188726902008056641e+00 -1.555654764175415039e+00 1.401251029968261719e+01 -1.459277510643005371e+00 -3.767265558242797852e+00 -1.220238208770751953e+00 9.932287216186523438e+00 7.154279708862304688e+00 -7.440612316131591797e-01 1.459809780120849609e+00 -4.747119903564453125e+00 -5.685166835784912109e+00 6.287550449371337891e+00 -3.803868293762207031e+00 1.738999843597412109e+00 -3.927390336990356445e+00 4.909256458282470703e+00 2.825353145599365234e+00 3.872393071651458740e-01 3.470803260803222656e+00 1.343418002128601074e+00 2.539271116256713867e+00 6.229579448699951172e+00 2.610908985137939453e+00 3.090997219085693359e+00 -2.025899410247802734e+00 -2.839832067489624023e+00 -3.748993158340454102e+00 -4.212495326995849609e+00 6.249719262123107910e-01 -2.033794403076171875e+00 -4.585072517395019531e+00 -3.146326303482055664e+00 -1.139653682708740234e+00 -6.676730632781982422e+00 1.236970067024230957e+00 2.548547506332397461e+00 7.856828570365905762e-01 -5.785934448242187500e+00 2.048686981201171875e+00 -7.023418694734573364e-02 4.633134841918945312e+00 2.041263818740844727e+00 1.547656416893005371e+00 -5.303207039833068848e-01 3.128373622894287109e+00 -6.065825745463371277e-02 -2.676181793212890625e-01 5.648249983787536621e-01 3.039350748062133789e+00 3.729733943939208984e+00 -1.895921587944030762e+00 -1.850538104772567749e-01 4.244829654693603516e+00 7.947022914886474609e-01 9.124954789876937866e-02 4.822288513183593750e+00 -1.720675826072692871e-01 -3.685822486877441406e+00 7.889497876167297363e-01 4.576540470123291016e+00 -4.107046723365783691e-01 -4.131621837615966797e+00 2.633644342422485352e+00 -1.273541808128356934e+00 -1.262213706970214844e+00 6.552880629897117615e-03 -1.095323920249938965e+00 1.838566303253173828e+00 -3.219161272048950195e+00 -3.750445842742919922e+00 -4.772716999053955078e+00 1.352423191070556641e+00 2.333361864089965820e+00 -7.152157425880432129e-01 4.870542049407958984e+00 2.539150714874267578e+00 -4.416138648986816406e+00 1.268937945365905762e+00 2.029480695724487305e+00
5.475479125976562500e+00 -4.734203815460205078e+00 -1.905031776428222656e+01 7.127265930175781250e-01 8.496158599853515625e+00 -4.018601417541503906e+00 1.406085014343261719e+01 -4.389682769775390625e+00 -2.007341623306274414e+00 -1.702445507049560547e+00 -1.076280474662780762e+00 -1.099542498588562012e+00 -1.040784358978271484e+00 -1.177936911582946777e+00 -7.961948871612548828e+00 -2.594291925430297852e+00 -7.624844074249267578e+00 -1.014439392089843750e+01 -3.549295902252197266e+00 2.632677555084228516e+00 4.173086643218994141e+00 3.193571865558624268e-01 1.362227439880371094e+00 6.520649433135986328e+00 -1.401352763175964355e+00 6.675009250640869141e+00 3.414380311965942383e+00 6.253570556640625000e+00 4.197545528411865234e+00 3.630742311477661133e+00 -3.577932119369506836e+00 -1.565294623374938965e+00 5.084181427955627441e-01 -3.247117042541503906e+00 -4.417933464050292969e+00 3.828633069992065430e+00 7.492053985595703125e+00 2.244960308074951172e+00 -3.580204248428344727e+00 -2.508157864212989807e-02 4.010689258575439453e+00 6.503435611724853516e+00 -9.724358916282653809e-01 4.947382926940917969e+00 -2.745330810546875000e+00 1.295523047447204590e+00 -6.012403964996337891e+00 2.444127500057220459e-01 2.669116258621215820e+00 8.221443891525268555e-01 3.974210023880004883e+00 -8.021134376525878906e+00 1.355305790901184082e+00 3.652592301368713379e-01 4.142073690891265869e-01 3.688066005706787109e+00 3.318243741989135742e+00 6.223448753356933594e+00 4.158206462860107422e+00 -2.061202973127365112e-01 -3.452815532684326172e+00 -2.278581380844116211e+00 3.566882371902465820e+00 -1.239277958869934082e+00 -1.066491603851318359e+00 1.757597923278808594e+00 -6.565498352050781250e+00 -2.585162520408630371e-01 -9.872812032699584961e-01 -6.271221637725830078e+00 -2.281073808670043945e+00 -2.161041975021362305e+00 9.841235876083374023e-01 1.291660219430923462e-01 -3.227220296859741211e+00 -2.689503431320190430e+00 -1.062863826751708984e+00 2.064851522445678711e+00 -9.692543983459472656e+00 -9.972747564315795898e-01 -4.231868743896484375e+00 -1.189275145530700684e+00 -1.214950323104858398e+00 4.258188724517822266e+00 1.163056612014770508e+00 -2.043676376342773438e+00 -3.006588935852050781e+00 1.646600008010864258e+00 1.280216217041015625e+00 -2.599633932113647461e+00 2.917247056961059570e+00 2.934476375579833984e+00 -1.397011041641235352e+00 -1.139611005783081055e+00 -2.187580823898315430e+00 -4.308526515960693359e+00 -2.148214578628540039e+00 6.845288276672363281e-01 1.343919634819030762e-01 2.099221706390380859e+00
7.628819942474365234e+00 -6.624116897583007812e+00 -1.433096408843994141e+01 -4.361588001251220703e+00 1.458376121520996094e+01 5.245030522346496582e-01 7.594621181488037109e+00 -2.304960340261459351e-01 9.579631686210632324e-01 -4.919458389282226562e+00 3.379499167203903198e-02 1.394823431968688965e+00 5.887649059295654297e+00 5.871357440948486328e+00 -5.376595497131347656e+00 4.915235519409179688e+00 -2.041861057281494141e+00 3.099020481109619141e+00 -4.174710750579833984e+00 -1.047888469696044922e+01 4.913102626800537109e+00 1.113661766052246094e+00 5.738946914672851562e+00 2.690077781677246094e+00 -2.113528549671173096e-02 3.545342445373535156e+00 5.779586791992187500e+00 3.270467996597290039e+00 7.257551193237304688e+00 -1.747197657823562622e-01 7.206296443939208984e+00 -2.703507661819458008e+00 2.627418279647827148e+00 5.470840334892272949e-01 3.676640272140502930e+00 2.749139547348022461e+00 3.025971174240112305e+00 -5.006309509277343750e+00 -9.153678894042968750e+00 -3.867869377136230469e+00 -2.154594808816909790e-01 -1.286345481872558594e+00 7.809914946556091309e-01 6.647947430610656738e-01 8.025808334350585938e+00 -1.224949121475219727e+00 1.904611587524414062e+00 3.995772123336791992e+00 -3.451050281524658203e+00 -4.721659660339355469e+00 -1.043919205665588379e+00 3.535303115844726562e+00 1.410641193389892578e+00 2.569492340087890625e+00 -2.304992914199829102e+00 2.266309261322021484e+00 4.124486923217773438e+00 1.941951274871826172e+00 -1.555028438568115234e+00 -1.888637065887451172e+00 2.124564409255981445e+00 -4.616845607757568359e+00 -5.807117462158203125e+00 -5.267663002014160156e+00 2.537862300872802734e+00 3.668167829513549805e+00 3.307352066040039062e-01 2.581867933273315430e+00 -2.537027597427368164e+00 -7.208830118179321289e-01 2.236613273620605469e+00 2.775187253952026367e+00 1.511975049972534180e+00 4.683708846569061279e-01 4.096302509307861328e+00 3.731891155242919922e+00 -1.225497499108314514e-01 1.041893720626831055e+00 1.172875761985778809e+00 9.346177577972412109e-01 -2.445819377899169922e+00 4.506981074810028076e-01 3.437836170196533203e+00 1.408274173736572266e+00 -2.337302453815937042e-02 -3.956953763961791992e+00 -6.565083026885986328e+00 4.201184272766113281e+00 7.538836956024169922e+00 -8.059348464012145996e-01 4.753500819206237793e-01 9.727811813354492188e+00 -2.025291919708251953e+00 7.053931236267089844e+00 -5.844901204109191895e-01 2.002155303955078125e+00 1.250937104225158691e+00 1.445308208465576172e+00 1.892649531364440918e-01 6.434229373931884766e+00
-1.943580818176269531e+01 -4.851402282714843750e+00 -1.237094116210937500e+01 7.121869087219238281e+00 -5.760690689086914062e+00 -1.035742092132568359e+01 1.134362983703613281e+01 3.020637750625610352e+00 6.382171630859375000e+00 -1.009148311614990234e+01 7.342314720153808594e+00 2.528851032257080078e+00 3.808536291122436523e+00 -1.853995919227600098e-01 6.201117634773254395e-01 -5.036426067352294922e+00 -1.620075583457946777e+00 3.028174161911010742e+00 -8.121719360351562500e+00 3.631253242492675781e+00 4.193510532379150391e+00 1.613324880599975586e+00 -5.167006492614746094e+00 -3.803089857101440430e+00 6.228567659854888916e-02 3.055479824542999268e-01 1.409622073173522949e+00 1.847380042076110840e+00 8.819017410278320312e+00 -3.220820426940917969e+00 -4.786740988492965698e-02 -3.848630189895629883e+00 -7.391338795423507690e-02 -8.108342289924621582e-01 -4.960985183715820312e+00 3.654735684394836426e-01 -3.937679767608642578e+00 -2.700958549976348877e-01 -2.105366230010986328e+00 5.030136108398437500e+00 -3.764430046081542969e+00 2.398742914199829102e+00 4.578149318695068359e+00 -5.240036964416503906e+00 -8.030412673950195312e+00 -2.255351305007934570e+00 2.766269445419311523e+00 -6.073737621307373047e+00 -6.320660114288330078e+00 -4.387932777404785156e+00 -3.831797838211059570e+00 -3.462190628051757812e+00 1.233261466026306152e+00 -2.262851953506469727e+00 6.061720848083496094e+00 -6.445881366729736328e+00 -2.548397302627563477e+00 -2.723093271255493164e+00 -5.163574695587158203e+00 -6.426157951354980469e-01 5.228176712989807129e-02 3.174830198287963867e+00 -1.586578011512756348e+00 3.389853239059448242e+00 2.053597688674926758e+00 -1.292354986071586609e-02 -1.100399136543273926e+00 -3.255546689033508301e-01 2.119266271591186523e+00 -2.209352403879165649e-01 1.137780427932739258e+00 -6.920180916786193848e-01 -4.525355339050292969e+00 -1.768934369087219238e+00 7.338446378707885742e-01 1.831990480422973633e+00 -4.143176555633544922e+00 -1.445726990699768066e+00 4.760724067687988281e+00 1.433037668466567993e-01 5.527728199958801270e-01 3.070298194885253906e+00 4.072810709476470947e-01 -3.825947761535644531e+00 4.182418823242187500e+00 1.748058319091796875e+00 -2.346469402313232422e+00 1.783202737569808960e-01 3.001680135726928711e+00 2.197811126708984375e+00 1.275742530822753906e+00 9.630737304687500000e-01 -2.278562933206558228e-01 1.636800885200500488e+00 6.460526585578918457e-01 -5.734096527099609375e+00 6.377883911132812500e+00 -8.424322605133056641e-01 -4.219249725341796875e+00 -7.239081263542175293e-01
-7.365995883941650391e+00 -7.471508502960205078e+00 -8.521305084228515625e+00 3.810680627822875977e+00 -7.934027671813964844e+00 -1.129898738861083984e+01 2.144929504394531250e+01 -9.626342058181762695e-01 1.363984704017639160e+00 -3.119354009628295898e+00 2.127406835556030273e+00 8.774278640747070312e+00 3.991658210754394531e+00 2.188883304595947266e+00 4.848417758941650391e+00 -2.457550287246704102e+00 -1.674884557723999023e+00 2.857407569885253906e+00 2.788414716720581055e+00 3.852608203887939453e+00 4.773801803588867188e+00 2.262678861618041992e+00 -6.656497001647949219e+00 5.113393783569335938e+00 4.229670047760009766e+00 5.388778686523437500e+00 9.887616038322448730e-01 4.338777065277099609e+00 1.153523087501525879e+00 2.803043127059936523e+00 1.545190930366516113e+00 -1.098436546325683594e+01 6.681970953941345215e-01 4.072349071502685547e-01 2.517295598983764648e+00 -2.885041475296020508e+00 1.679878711700439453e+00 -3.990711927413940430e+00 1.207029461860656738e+00 -3.152602195739746094e+00 2.633416652679443359e+00 2.065329253673553467e-01 1.459595441818237305e+00 -6.387998580932617188e+00 -3.111073017120361328e+00 -4.074825286865234375e+00 4.901911735534667969e+00 -6.261753559112548828e+00 3.869472026824951172e+00 1.558272600173950195e+00 -1.313750147819519043e+00 -5.489749908447265625e+00 7.807917594909667969e-01 -1.209568858146667480e+00 4.194570064544677734e+00 -1.838013291358947754e+00 1.026299357414245605e+00 3.344543278217315674e-01 -1.667844206094741821e-01 -1.822965592145919800e-01 1.625562429428100586e+00 1.438230276107788086e+00 1.792958259582519531e+00 3.228110790252685547e+00 2.766445159912109375e+00 4.989670753479003906e+00 2.285648822784423828e+00 -1.744614988565444946e-01 1.131137251853942871e+00 3.363589763641357422e+00 2.239379405975341797e+00 -2.219588756561279297e+00 2.183105230331420898e+00 5.406427383422851562e-01 4.419281482696533203e+00 -2.715714931488037109e+00 2.053857564926147461e+00 2.407119750976562500e+00 9.449381828308105469e-01 -1.740604400634765625e+00 -2.437056154012680054e-01 2.343588113784790039e+00 -7.700398564338684082e-01 -6.319667100906372070e-01 -2.973850250244140625e+00 3.258306264877319336e+00 5.773330926895141602e-01 2.506840229034423828e+00 1.319924592971801758e+00 -1.103773951530456543e+00 1.036154270172119141e+00 -5.275052547454833984e+00 -5.922565460205078125e-01 2.613759756088256836e+00 -3.316277265548706055e-01 -2.346568584442138672e+00 -4.442773818969726562e+00 -3.461366891860961914e+00 1.177243351936340332e+00 -2.217523097991943359e+00
-1.741900062561035156e+01 -1.616921424865722656e+01 3.242497253417968750e+01 1.111108207702636719e+01 -3.234655141830444336e+00 3.210764312744140625e+01 2.662375271320343018e-01 -1.862026214599609375e+01 2.325136566162109375e+01 -1.810295486450195312e+01 -1.253436088562011719e+00 -1.919392776489257812e+01 -1.132629489898681641e+01 4.782369613647460938e+00 8.923160433769226074e-01 -6.275187015533447266e+00 -9.022170901298522949e-01 6.090486049652099609e+00 3.284484863281250000e+00 1.574038743972778320e+00 -8.180739283561706543e-01 9.237170219421386719e+00 -2.151154041290283203e+00 9.766479492187500000e+00 -3.064048528671264648e+00 3.611849308013916016e+00 1.371219992637634277e+00 2.077464818954467773e+00 -1.002535223960876465e-01 -2.442119836807250977e+00 -7.120043635368347168e-01 7.447264790534973145e-01 -4.249579429626464844e+00 3.707880973815917969e-01 -1.774851441383361816e+00 -6.470100402832031250e+00 3.975516855716705322e-01 1.418843984603881836e+00 2.595812380313873291e-01 5.458905100822448730e-01 1.993795514106750488e+00 -1.281020879745483398e+00 -2.062685728073120117e+00 3.177694082260131836e+00 -2.818347692489624023e+00 -8.063551902770996094e+00 3.483686447143554688e-01 1.536422133445739746e+00 -2.532317638397216797e+00 9.626809358596801758e-01 -3.908935546875000000e+00 1.280005097389221191e+00 -2.602371215820312500e+00 -5.069828629493713379e-01 2.486781358718872070e+00 -3.537381410598754883e+00 3.309195041656494141e-01 -1.155949950218200684e+00 6.442252993583679199e-01 -2.706722736358642578e+00 1.748806834220886230e+00 -1.780532240867614746e+00 2.460079193115234375e+00 -5.937620639801025391e+00 -2.048325389623641968e-01 2.984145879745483398e+00 -3.695985794067382812e+00 -2.022592723369598389e-01 9.241754412651062012e-01 8.384026527404785156e+00 -2.018630743026733398e+00 4.157478809356689453e+00 -3.085118532180786133e-01 2.730286359786987305e+00 -2.170513629913330078e+00 3.267612457275390625e+00 2.088184356689453125e-01 -5.133977532386779785e-01 1.793391346931457520e+00 1.364352852106094360e-01 -2.624680399894714355e-01 2.683994770050048828e+00 2.872385263442993164e+00 1.689281702041625977e+00 -1.756859064102172852e+00 -2.801294565200805664e+00 2.226333856582641602e+00 -5.704982280731201172e-01 2.047440290451049805e+00 7.662664055824279785e-01 2.164972543716430664e+00 -3.288450539112091064e-01 5.602080225944519043e-01 4.010241031646728516e+00 6.381443023681640625e+00 -3.189442634582519531e+00 -2.303699254989624023e+00 -3.539451599121093750e+00 -2.386493235826492310e-01 -3.254204750061035156e+00
-2.013117027282714844e+01 -1.591436672210693359e+01 2.996521568298339844e+01 1.136851978302001953e+01 -1.110431575775146484e+01 2.685621643066406250e+01 3.447503089904785156e+00 -1.460923385620117188e+01 2.070515060424804688e+01 -1.913350105285644531e+01 -3.324739456176757812e+00 -1.861050033569335938e+01 -6.217128276824951172e+00 5.338905811309814453e+00 7.252825736999511719e+00 -9.621979713439941406e+00 -2.439004421234130859e+00 4.877244949340820312e+00 1.653206348419189453e-02 -7.615679502487182617e-01 -7.024817168712615967e-02 7.909675836563110352e-01 3.060713410377502441e-01 -4.534817218780517578e+00 -2.560471057891845703e+00 3.330986022949218750e+00 2.594860792160034180e-01 -7.606580257415771484e-01 3.521506488323211670e-01 2.410995483398437500e+00 -2.034164190292358398e+00 -5.079159736633300781e+00 5.984387874603271484e+00 3.060766935348510742e+00 4.960095286369323730e-01 -3.466481268405914307e-01 -1.896723985671997070e+00 6.996960163116455078e+00 4.165341377258300781e+00 7.982260227203369141e+00 -1.145674940198659897e-02 -4.153097152709960938e+00 -2.992446184158325195e+00 -2.322644472122192383e+00 1.301586389541625977e+00 -4.066946506500244141e+00 -3.697904348373413086e-01 -2.245515137910842896e-01 4.531467437744140625e+00 5.628627300262451172e+00 5.544022917747497559e-01 5.325500488281250000e+00 -1.543334126472473145e+00 1.440825700759887695e+00 2.114360809326171875e+00 6.655306816101074219e+00 -4.816565513610839844e-01 -2.280639886856079102e+00 5.549629211425781250e+00 8.583233356475830078e-01 -1.421866297721862793e+00 -3.311396837234497070e+00 1.790292501449584961e+00 -3.141404628753662109e+00 4.196275711059570312e+00 -6.264989376068115234e-01 -6.680269241333007812e-01 6.347649693489074707e-01 -6.792660713195800781e+00 -8.938972353935241699e-01 -6.304512023925781250e+00 -1.912428617477416992e+00 7.440180778503417969e-01 5.342994213104248047e+00 -6.822832822799682617e-01 1.470841526985168457e+00 7.135546207427978516e-01 8.555157184600830078e-01 3.461574554443359375e+00 1.601401567459106445e-01 5.495262145996093750e-01 -2.365178108215332031e+00 -4.523245990276336670e-02 -8.013506978750228882e-02 1.255836367607116699e+00 -2.087641477584838867e+00 -2.866287708282470703e+00 3.838308095932006836e+00 -1.421313643455505371e+00 8.087276220321655273e-01 1.444614529609680176e-01 -8.305246829986572266e-01 -1.279177784919738770e+00 4.372919082641601562e+00 -4.652371108531951904e-01 7.739621400833129883e-01 -2.428024530410766602e+00 2.263749122619628906e+00 2.367170751094818115e-01 2.099102437496185303e-01
-9.500969886779785156e+00 -2.225465774536132812e+01 2.986532211303710938e+01 9.339376449584960938e+00 -9.663088798522949219e+00 2.172620391845703125e+01 -9.287772774696350098e-01 -1.486801147460937500e+01 3.197696304321289062e+01 -2.283701896667480469e+01 1.012723803520202637e+00 -1.457919883728027344e+01 -7.092679977416992188e+00 5.163995265960693359e+00 8.504329681396484375e+00 -2.456466108560562134e-01 2.060298204421997070e+00 2.216283559799194336e+00 -5.512040138244628906e+00 -4.885336756706237793e-02 3.898231983184814453e+00 3.099901199340820312e+00 6.098917961120605469e+00 2.238059043884277344e+00 -4.433775901794433594e+00 3.049923181533813477e+00 -1.238735318183898926e+00 -3.080663442611694336e+00 -6.281761646270751953e+00 -1.504507780075073242e+00 1.027606964111328125e+00 8.575363159179687500e+00 6.603192806243896484e+00 3.450488567352294922e+00 -1.904280662536621094e+00 -8.194708228111267090e-01 -5.539978027343750000e+00 9.287766814231872559e-01 -3.307156801223754883e+00 5.478192329406738281e+00 4.963600158691406250e+00 -2.524429559707641602e+00 2.292659282684326172e+00 -1.020262718200683594e+00 1.692144751548767090e+00 -2.819041907787322998e-01 7.904994487762451172e-01 -1.637742280960083008e+00 2.177909851074218750e+00 -4.860363960266113281e+00 6.418761014938354492e-01 1.770835518836975098e+00 -5.048556327819824219e+00 -3.054925918579101562e+00 2.856155633926391602e+00 -1.216354131698608398e+00 -3.699003458023071289e+00 4.302030086517333984e+00 -1.543473958969116211e+00 -1.081284165382385254e+00 -8.099858164787292480e-01 2.039591670036315918e-01 -1.753673434257507324e+00 -3.545363664627075195e+00 -7.229506969451904297e-01 -2.377021789550781250e+00 3.481594562530517578e+00 3.495069146156311035e-01 3.696424484252929688e+00 -8.429394364356994629e-01 -1.973842978477478027e+00 -6.885864734649658203e-01 2.035534143447875977e+00 -2.855714797973632812e+00 1.926059573888778687e-01 -3.693622589111328125e+00 1.181533098220825195e+00 -8.052779436111450195e-01 -3.981770277023315430e+00 -1.292372941970825195e-01 -2.856497764587402344e+00 -4.602673053741455078e+00 -1.967352986335754395e+00 9.921106100082397461e-01 3.186433315277099609e+00 1.435720086097717285e+00 -4.532171785831451416e-01 6.737145423889160156e+00 -5.880068540573120117e-01 -1.550874948501586914e+00 -2.706007063388824463e-01 2.728438138961791992e+00 5.471442341804504395e-01 -1.553675532341003418e+00 -4.356194972991943359e+00 -5.663489341735839844e+00 -1.316574215888977051e-01 2.179784923791885376e-01 -1.094736218452453613e+00 4.052880406379699707e-01
-1.455204010009765625e+01 -2.293073081970214844e+01 2.733991622924804688e+01 9.647854804992675781e+00 -4.876362323760986328e+00 2.083473014831542969e+01 1.166209816932678223e+00 -6.708375930786132812e+00 2.760393524169921875e+01 -6.258877277374267578e+00 9.455005645751953125e+00 -8.974566459655761719e-01 -3.094133377075195312e+00 -1.633138358592987061e-01 -6.172558784484863281e+00 -5.240443706512451172e+00 1.035793304443359375e+01 -3.234734773635864258e+00 5.055325627326965332e-01 -1.458566784858703613e+00 -7.531459331512451172e-01 -5.167288303375244141e+00 5.588370800018310547e+00 6.435350418090820312e+00 1.302576065063476562e+00 -2.479726791381835938e+00 -3.141628503799438477e+00 -1.172462463378906250e+00 -1.254993528127670288e-01 -3.110116422176361084e-01 -1.967249989509582520e+00 -2.849430322647094727e+00 1.413222789764404297e+00 3.536285638809204102e+00 -1.353297948837280273e+00 -4.199604690074920654e-01 -8.002211451530456543e-01 2.763918399810791016e+00 -2.652964830398559570e+00 4.733283519744873047e+00 3.765755653381347656e+00 6.238512039184570312e+00 1.166373133659362793e+00 3.777447700500488281e+00 -2.390592813491821289e+00 3.714181661605834961e+00 -2.207802057266235352e+00 -2.006674289703369141e+00 -3.244318246841430664e+00 8.358314633369445801e-01 4.114898681640625000e+00 -5.770989418029785156e+00 5.063265800476074219e+00 -7.607746720314025879e-01 -4.166590213775634766e+00 2.782040357589721680e+00 1.873257160186767578e+00 -1.839070081710815430e+00 -6.598908901214599609e-01 1.873503208160400391e+00 -3.033455312252044678e-01 2.687229156494140625e+00 -6.528930366039276123e-02 6.162397384643554688e+00 3.430162191390991211e+00 -1.609836697578430176e+00 3.795774877071380615e-01 1.484904527664184570e+00 -4.383086681365966797e+00 -4.112318158149719238e-01 7.740330696105957031e+00 -9.851018190383911133e-01 -6.502395272254943848e-01 2.395377874374389648e+00 3.597479581832885742e+00 -2.328811407089233398e+00 -1.541996955871582031e+00 -3.377732992172241211e+00 7.440204173326492310e-02 -1.776642680168151855e+00 1.686414957046508789e+00 -7.912798523902893066e-01 6.185523509979248047e+00 4.174131751060485840e-01 1.749691486358642578e+00 -1.049760937690734863e+00 -7.737997919321060181e-02 -2.072658538818359375e+00 -1.634092211723327637e+00 -1.925242304801940918e+00 3.070747852325439453e+00 3.977529108524322510e-01 -2.067443132400512695e+00 -2.412056207656860352e+00 -3.971200227737426758e+00 1.935006499290466309e+00 2.605270147323608398e+00 1.550523519515991211e+00 -4.526298522949218750e+00 2.495558023452758789e+00
-1.260839080810546875e+01 -2.062892150878906250e+01 2.747257041931152344e+01 1.314156341552734375e+01 -1.374189734458923340e+00 1.860572242736816406e+01 -6.054486274719238281e+00 -5.328760147094726562e+00 2.715591430664062500e+01 -1.387605094909667969e+01 9.119021415710449219e+00 -1.197125720977783203e+01 -2.728642225265502930e+00 -1.838306069374084473e+00 -9.253370761871337891e-01 -2.023128271102905273e+00 2.240084648132324219e+00 -3.887045860290527344e+00 3.975666522979736328e+00 -7.141940116882324219e+00 1.939047098159790039e+00 4.228951454162597656e+00 4.653737545013427734e+00 1.126519584655761719e+01 6.260170459747314453e+00 5.947056770324707031e+00 -3.862330436706542969e+00 8.364744186401367188e+00 4.910780489444732666e-01 9.776495397090911865e-02 3.505425214767456055e+00 -4.270676136016845703e+00 -5.045316219329833984e+00 6.102785587310791016e+00 -3.633858561515808105e-01 -2.760312557220458984e+00 -2.777531385421752930e+00 -4.706544876098632812e-01 -3.642219305038452148e+00 -3.393756389617919922e+00 6.520230770111083984e-01 4.108105659484863281e+00 -5.791205406188964844e+00 3.288060128688812256e-01 -2.622430801391601562e+00 6.878350734710693359e+00 -2.242558717727661133e+00 -1.379921197891235352e+00 -2.679780721664428711e+00 1.433787822723388672e+00 -1.464739441871643066e+00 2.540883302688598633e+00 7.107522010803222656e+00 -3.179828405380249023e+00 -8.356603622436523438e+00 -7.111130952835083008e-01 1.875103473663330078e+00 4.948747634887695312e+00 -4.902028560638427734e+00 -1.335292607545852661e-01 -3.215553998947143555e+00 -1.927273392677307129e+00 -7.388132214546203613e-01 1.758744835853576660e+00 -2.291643172502517700e-01 3.090221881866455078e+00 -7.233443260192871094e-01 -4.182812690734863281e+00 5.319412231445312500e+00 -3.909526824951171875e+00 1.341937541961669922e+00 4.905320703983306885e-01 -1.985401034355163574e+00 -4.861760616302490234e+00 -7.494413256645202637e-01 1.947575449943542480e+00 3.326844453811645508e+00 -3.237284421920776367e+00 -1.249026417732238770e+00 5.811769008636474609e+00 -3.745909929275512695e-01 3.644888639450073242e+00 -6.814840435981750488e-01 1.233130812644958496e+00 7.453234195709228516e-01 3.085477352142333984e+00 2.929537057876586914e+00 -2.370742321014404297e+00 1.987812280654907227e+00 -2.974241733551025391e+00 -2.004116296768188477e+00 -3.875910043716430664e+00 2.106008052825927734e+00 -3.061896324157714844e+00 -2.998965263366699219e+00 2.756278991699218750e+00 5.021417617797851562e+00 3.725719690322875977e+00 3.368012428283691406e+00 -2.544514417648315430e+00
-3.628127813339233398e+00 -1.767460250854492188e+01 7.094904780387878418e-01 4.132409095764160156e+00 -1.062465095520019531e+01 1.487756729125976562e+01 6.552498817443847656e+00 -1.122899341583251953e+01 5.717209815979003906e+00 4.243982315063476562e+00 -1.250759792327880859e+01 2.716824150085449219e+01 -1.402806377410888672e+01 3.137510299682617188e+00 7.331132411956787109e+00 2.893831968307495117e+00 -5.611980438232421875e+00 -5.423348903656005859e+00 3.201955318450927734e+00 -3.918888330459594727e+00 4.997326374053955078e+00 1.749068975448608398e+00 3.463819980621337891e+00 2.152303457260131836e+00 -9.240348815917968750e+00 1.653224974870681763e-01 7.438981056213378906e+00 2.148288726806640625e+00 -1.094975757598876953e+01 -5.387754440307617188e+00 -3.310708522796630859e+00 -6.621687889099121094e+00 -1.749456644058227539e+00 -6.546944141387939453e+00 8.520379662513732910e-01 1.459912896156311035e+00 4.565152645111083984e+00 1.257267832756042480e+00 -2.836883962154388428e-01 2.772405385971069336e+00 7.987228035926818848e-02 5.088344573974609375e+00 -2.396731853485107422e+00 5.433644652366638184e-01 1.215244770050048828e+00 -1.268809556961059570e+00 1.019661045074462891e+01 1.480127215385437012e+00 1.259251713752746582e+00 -2.167606651782989502e-01 4.278696179389953613e-01 1.189810037612915039e+00 5.845891684293746948e-02 -2.393014669418334961e+00 -6.915485262870788574e-01 2.013202667236328125e+00 -6.065855026245117188e+00 -6.321483612060546875e+00 -3.850505352020263672e+00 3.468185186386108398e+00 9.298425912857055664e-01 -4.019775390625000000e+00 9.149823784828186035e-01 7.915467023849487305e-01 1.399159908294677734e+00 2.293007075786590576e-01 4.295019626617431641e+00 -3.620359420776367188e+00 4.005035400390625000e+00 -1.308253407478332520e+00 -3.177979946136474609e+00 2.390945672988891602e+00 -2.930096387863159180e-01 7.517147541046142578e+00 -4.088943958282470703e+00 -3.816899776458740234e+00 -2.012504450976848602e-02 -4.489354610443115234e+00 -1.902712941169738770e+00 -4.476094841957092285e-01 3.922369956970214844e+00 2.776554107666015625e+00 -5.260441780090332031e+00 -1.534096121788024902e+00 8.623942375183105469e+00 -1.032150149345397949e+00 2.664613485336303711e+00 4.946813285350799561e-01 1.859766840934753418e+00 4.119734287261962891e+00 -7.183116674423217773e-01 1.667243838310241699e+00 3.789061546325683594e+00 -7.805007457733154297e+00 3.416717767715454102e+00 -4.500074684619903564e-01 2.864390850067138672e+00 -5.437108039855957031e+00 2.757223129272460938e+00 -7.778396606445312500e-01
-1.970470046997070312e+01 -2.168927001953125000e+01 1.550074195861816406e+01 -1.539755463600158691e-01 4.650119781494140625e+00 1.489093208312988281e+01 5.272675037384033203e+00 -3.231131553649902344e+00 5.707765102386474609e+00 5.343886852264404297e+00 -4.522765159606933594e+00 1.846584558486938477e+00 4.470288455486297607e-01 -3.160278320312500000e+00 -5.671436309814453125e+00 -3.144635200500488281e+00 -1.450006961822509766e+00 -2.521746158599853516e+00 6.598143577575683594e-01 4.581118822097778320e-01 -4.741509437561035156e+00 -9.041041374206542969e+00 -2.844641923904418945e+00 2.294050455093383789e+00 -3.703297853469848633e+00 -4.576396465301513672e+00 -7.301958203315734863e-01 -1.696499347686767578e+00 5.808413505554199219e+00 1.553820967674255371e+00 -1.056295776367187500e+01 3.320285081863403320e-01 -4.734957218170166016e+00 5.861969947814941406e+00 -1.205832123756408691e+00 4.638018608093261719e+00 1.966303706169128418e+00 -3.505685806274414062e+00 -3.022109985351562500e+00 6.275399684906005859e+00 6.212844848632812500e-01 1.167157649993896484e+00 -3.201935768127441406e+00 6.305227279663085938e+00 -2.770685434341430664e+00 5.498534202575683594e+00 6.437121033668518066e-01 -4.058341979980468750e+00 1.939393758773803711e+00 -7.298131585121154785e-01 -5.490447282791137695e-01 2.719181299209594727e+00 -1.972156524658203125e+00 3.757246971130371094e+00 4.785043239593505859e+00 3.722725391387939453e+00 6.335720539093017578e+00 -1.016233921051025391e+00 -5.749111175537109375e+00 -8.654372096061706543e-01 -1.082458853721618652e+00 4.800683021545410156e+00 -5.173510551452636719e+00 -4.689174517989158630e-02 6.645366191864013672e+00 2.119474649429321289e+00 1.033490180969238281e+00 -6.409077048301696777e-01 4.648174345493316650e-01 -3.498818635940551758e+00 -2.031810760498046875e+00 -5.328691482543945312e+00 -6.443595886230468750e-01 5.549515247344970703e+00 -4.884348869323730469e+00 -4.937112331390380859e-01 -9.747337698936462402e-01 1.049938321113586426e+00 2.577833175659179688e+00 4.311458110809326172e+00 -3.566727161407470703e+00 -5.654168128967285156e+00 -7.881697416305541992e-01 7.085722923278808594e+00 -2.454173803329467773e+00 2.937196969985961914e+00 2.957484483718872070e+00 -2.872039079666137695e+00 4.006053209304809570e-01 9.593963623046875000e-01 -8.120011687278747559e-01 1.678684592247009277e+00 -1.723102688789367676e+00 9.485237002372741699e-01 3.600523710250854492e+00 -2.218372225761413574e-01 1.925680339336395264e-01 4.584437012672424316e-01 -4.279353022575378418e-01 4.614576816558837891e+00
4.000326156616210938e+00 -2.100903701782226562e+01 1.217077159881591797e+01 1.016911983489990234e+01 -2.647586584091186523e+00 5.261544704437255859e+00 -1.756564378738403320e+00 -8.045516014099121094e+00 -9.706403732299804688e+00 5.139306187629699707e-01 1.158485221862792969e+01 5.941642284393310547e+00 8.924137115478515625e+00 3.424709796905517578e+00 -6.696549892425537109e+00 3.922928571701049805e+00 1.104198741912841797e+01 6.894062519073486328e+00 2.080714225769042969e+00 1.167993783950805664e+00 -1.381083577871322632e-01 9.859367370605468750e+00 -1.439038038253784180e+00 1.234187793731689453e+01 1.384760975837707520e+00 -1.001511287689208984e+01 -5.843069553375244141e+00 4.175838470458984375e+00 6.341784954071044922e+00 5.591428756713867188e+00 -2.639191150665283203e+00 -2.854227125644683838e-01 -2.385241091251373291e-01 -7.454599142074584961e-01 1.125281691551208496e+00 1.123571872711181641e+01 -3.853867352008819580e-01 2.554120421409606934e-01 1.097668409347534180e+00 -3.459249138832092285e-01 5.653398036956787109e+00 3.904311656951904297e+00 -1.626264691352844238e+00 5.043561458587646484e+00 1.020834594964981079e-01 4.280761718750000000e+00 -2.706297636032104492e+00 4.126778602600097656e+00 -6.453216671943664551e-01 6.169038414955139160e-01 9.514161109924316406e+00 -3.210706949234008789e+00 3.612915515899658203e+00 1.834568500518798828e+00 -3.122756719589233398e+00 2.404639482498168945e+00 8.805723786354064941e-01 4.350654184818267822e-01 1.365030169486999512e+00 -5.468101501464843750e+00 8.281866908073425293e-01 1.117919921875000000e+00 6.474267005920410156e+00 3.610327482223510742e+00 3.807358741760253906e-01 -6.229967594146728516e+00 -1.326229453086853027e+00 9.121278524398803711e-01 -8.846947550773620605e-01 4.922193527221679688e+00 3.852193355560302734e+00 -5.796365261077880859e+00 4.931569576263427734e+00 1.074181914329528809e+00 9.731689840555191040e-02 1.546703696250915527e+00 7.347915172576904297e+00 9.720822572708129883e-01 5.976692199707031250e+00 -3.846824884414672852e+00 3.505192041397094727e+00 -2.481739521026611328e+00 3.588705301284790039e+00 6.536669731140136719e-01 -5.762794494628906250e+00 1.414743304252624512e+00 1.021914124488830566e+00 2.238465070724487305e+00 -2.957528591156005859e+00 -1.264816522598266602e+00 1.267500996589660645e+00 -3.429869890213012695e+00 -4.865161895751953125e+00 -5.171123147010803223e-01 5.878416538238525391e+00 1.065028548240661621e+00 -2.597440481185913086e-01 2.095961421728134155e-01 -6.939934253692626953e+00 7.724938869476318359e+00
2.121640205383300781e+01 -3.255025863647460938e+01 1.460375595092773438e+01 1.081337213516235352e+00 6.604812622070312500e+00 -3.420416116714477539e+00 -2.801077365875244141e+00 -1.758168458938598633e+00 -6.041300296783447266e+00 -2.225836038589477539e+00 -4.802580356597900391e+00 -1.436522603034973145e+00 2.701838731765747070e+00 -6.945262908935546875e+00 -2.455676078796386719e+00 3.276563405990600586e+00 1.413375020027160645e+00 7.695322990417480469e+00 4.558820724487304688e+00 -2.281596422195434570e+00 5.192182660102844238e-01 -2.343158125877380371e-01 4.842081069946289062e+00 -2.055425405502319336e+00 7.942083835601806641e+00 -4.640704154968261719e+00 2.096616268157958984e+00 -4.181529045104980469e+00 4.509553015232086182e-01 5.484073638916015625e+00 3.786971569061279297e+00 1.797209382057189941e+00 8.336035728454589844e+00 6.223895549774169922e-01 -2.983131885528564453e+00 -5.022044658660888672e+00 3.661187887191772461e+00 9.784727096557617188e+00 7.191176414489746094e+00 -9.759848594665527344e+00 8.491021394729614258e-01 -3.487807273864746094e+00 2.765365123748779297e+00 4.616609573364257812e+00 3.000690221786499023e+00 3.025156497955322266e+00 6.007939338684082031e+00 3.085679531097412109e+00 5.646864175796508789e-01 -2.453046560287475586e+00 -5.071503520011901855e-01 -1.725629329681396484e+00 -1.895254015922546387e+00 5.858867764472961426e-01 -4.986284732818603516e+00 -3.085321426391601562e+00 3.666766881942749023e+00 1.410520553588867188e+00 -1.690950512886047363e+00 3.703586816787719727e+00 4.894303321838378906e+00 -1.367380857467651367e+00 -3.622355222702026367e+00 4.392984509468078613e-01 1.644268631935119629e+00 -3.138931751251220703e+00 5.419141292572021484e+00 1.271227478981018066e+00 1.343219876289367676e+00 -2.332828760147094727e+00 -6.586799025535583496e-01 1.526657223701477051e+00 -4.457945525646209717e-01 -3.186901807785034180e+00 -2.181292772293090820e+00 -5.215076446533203125e+00 2.034553527832031250e+00 -3.489066600799560547e+00 6.862296462059020996e-01 1.296263337135314941e+00 -4.758304595947265625e+00 2.151987791061401367e+00 -4.475167751312255859e+00 -2.917909383773803711e+00 -3.468964338302612305e+00 -4.769836962223052979e-01 2.074086904525756836e+00 1.175376415252685547e+00 -7.099245786666870117e-01 -1.165151715278625488e+00 5.840244293212890625e+00 5.529351234436035156e-01 2.324799299240112305e+00 -1.675280213356018066e+00 4.597108840942382812e+00 -3.718557357788085938e+00 -6.865804642438888550e-02 1.694443225860595703e-01 2.175534725189208984e+00 -3.626474618911743164e+00
-3.436534404754638672e+00 -2.462467765808105469e+01 1.907495880126953125e+01 1.005827426910400391e+01 -1.451851606369018555e+00 9.410801887512207031e+00 -1.150809168815612793e+00 1.946179866790771484e+00 4.659834384918212891e+00 -7.241232395172119141e-01 3.942768573760986328e+00 8.779240608215332031e+00 7.555203914642333984e+00 -1.771542668342590332e+00 -7.233217716217041016e+00 1.633580565452575684e+00 5.721443176269531250e+00 5.384473800659179688e+00 -5.635509490966796875e-01 1.784183740615844727e+00 -9.857748031616210938e+00 -7.013458251953125000e+00 2.087758541107177734e+00 4.677685201168060303e-01 -3.881690263748168945e+00 -6.224552989006042480e-01 1.578158020973205566e+00 4.587172031402587891e+00 -3.861121416091918945e+00 -1.521468877792358398e+00 3.942579746246337891e+00 2.882470846176147461e+00 -3.646677017211914062e+00 3.396896839141845703e+00 -1.976259827613830566e+00 2.493793725967407227e+00 1.270491361618041992e+00 1.506560295820236206e-01 -1.380104184150695801e+00 3.761257171630859375e+00 -8.525672912597656250e+00 -7.568904399871826172e+00 4.229646205902099609e+00 5.146005630493164062e+00 2.497666358947753906e+00 -3.931936264038085938e+00 1.067241907119750977e+00 4.919041156768798828e+00 6.547273993492126465e-01 2.010277271270751953e+00 -4.400228023529052734e+00 5.659942328929901123e-02 -3.364495277404785156e+00 1.486470699310302734e+00 -8.074890971183776855e-01 4.400907993316650391e+00 -1.379018276929855347e-01 -1.550124526023864746e+00 -1.003632545471191406e+00 1.525569438934326172e+00 -3.431568443775177002e-01 2.118514060974121094e+00 1.775377631187438965e+00 1.917924404144287109e+00 -2.899999380111694336e+00 2.812834024429321289e+00 3.946232795715332031e+00 -1.446814656257629395e+00 -4.030955731868743896e-01 -3.085957527160644531e+00 -1.525573849678039551e+00 3.518953561782836914e+00 8.015303611755371094e-01 -2.431408166885375977e+00 -1.247238397598266602e+00 7.425843924283981323e-02 -3.099063634872436523e+00 4.385970830917358398e-01 4.184003829956054688e+00 2.707917928695678711e+00 3.129749536514282227e+00 -3.189809799194335938e+00 8.227844834327697754e-01 -1.622656941413879395e+00 2.023388862609863281e+00 4.304623126983642578e+00 -4.729300022125244141e+00 6.714771270751953125e+00 -5.678899288177490234e-01 2.606990814208984375e+00 -4.834183752536773682e-01 -3.710191547870635986e-01 -3.200994014739990234e+00 -3.540802240371704102e+00 1.521275758743286133e+00 2.892593145370483398e+00 3.161074399948120117e+00 2.433789253234863281e+00 -2.778002738952636719e+00 -2.966110944747924805e+00
3.284355640411376953e+00 -1.686765861511230469e+01 -9.851909637451171875e+00 -4.526727676391601562e+00 1.267293834686279297e+01 -2.564259052276611328e+00 6.400725841522216797e+00 1.094154644012451172e+01 3.362011194229125977e+00 2.565951108932495117e+00 4.692866325378417969e+00 -4.051297664642333984e+00 -7.180768013000488281e+00 -4.476671695709228516e+00 9.870234727859497070e-01 2.145169019699096680e+00 1.798258423805236816e+00 1.615835428237915039e+00 3.633240699768066406e+00 -2.695275783538818359e+00 1.884371995925903320e+00 -5.220316886901855469e+00 -3.602128744125366211e+00 -1.467646956443786621e-01 -5.018917083740234375e+00 -4.385672569274902344e+00 5.307644367218017578e+00 1.952926516532897949e-01 -1.097216486930847168e+00 4.271709620952606201e-01 1.076721477508544922e+01 -2.766969919204711914e+00 4.778514385223388672e+00 -6.859259605407714844e+00 1.360043168067932129e+00 3.786221742630004883e+00 -9.569562673568725586e-01 5.215131282806396484e+00 1.600951671600341797e+00 -1.337136268615722656e+00 -2.980419158935546875e+00 -6.378875970840454102e-01 -5.836621284484863281e+00 -1.763519644737243652e+00 5.387332439422607422e-01 -4.011205434799194336e-01 1.040777111053466797e+01 4.158853530883789062e+00 1.349261999130249023e-01 7.358081817626953125e+00 -6.997542381286621094e+00 5.905662178993225098e-01 5.303093433380126953e+00 3.149105548858642578e+00 2.583952903747558594e+00 3.415837049484252930e+00 -2.161476850509643555e+00 2.701747715473175049e-01 1.171175241470336914e+00 -6.491122245788574219e+00 7.123987078666687012e-01 3.763051927089691162e-01 -2.367738485336303711e+00 2.367769479751586914e+00 1.136248588562011719e+00 -3.973309397697448730e-01 -1.414760112762451172e+00 9.520907402038574219e-01 1.299785733222961426e+00 2.735639810562133789e+00 -5.933399796485900879e-01 9.205128550529479980e-01 -2.685359716415405273e+00 -6.209647178649902344e+00 -1.863316178321838379e+00 1.544648766517639160e+00 1.856851875782012939e-01 1.449573278427124023e+00 -1.386192888021469116e-01 5.814404487609863281e-01 5.033719062805175781e+00 -6.155421257019042969e+00 2.610288858413696289e+00 1.228256464004516602e+00 4.169736862182617188e+00 3.130645990371704102e+00 4.571406841278076172e+00 2.132569789886474609e+00 -1.233298897743225098e+00 7.624961733818054199e-01 6.063372492790222168e-01 -5.298905372619628906e+00 -2.043691396713256836e+00 -3.293912649154663086e+00 -7.285677790641784668e-01 3.648868799209594727e-01 -3.685522675514221191e-01 -1.996918320655822754e+00 3.342351675033569336e+00 -5.322062373161315918e-01
1.081009674072265625e+01 -3.010531234741210938e+01 1.270370864868164062e+01 1.158925056457519531e+01 -7.313238143920898438e+00 -8.557649850845336914e-01 4.844508647918701172e+00 -2.615651845932006836e+00 -3.024953901767730713e-01 -1.143497452139854431e-01 3.409851312637329102e+00 8.855414390563964844e+00 2.977935791015625000e+00 -7.490769028663635254e-01 -2.125831127166748047e+00 1.602995038032531738e+00 1.980846285820007324e+00 1.067964649200439453e+01 -1.511927247047424316e+00 -2.105558156967163086e+00 5.922676324844360352e-01 4.363786697387695312e+00 -8.579591751098632812e+00 1.910151124000549316e+00 5.065424442291259766e+00 -6.807301044464111328e-01 -1.977441012859344482e-01 6.176340579986572266e+00 2.240104913711547852e+00 -3.041511535644531250e+00 1.243980750441551208e-01 -3.425994634628295898e+00 -5.615558624267578125e+00 8.554342985153198242e-01 5.194451808929443359e+00 -2.410213708877563477e+00 2.633050084114074707e-01 -3.998033523559570312e+00 -1.289159417152404785e+00 5.106180667877197266e+00 -2.215106248855590820e+00 1.695003390312194824e+00 2.371703863143920898e+00 -3.096717357635498047e+00 3.715217351913452148e+00 -2.906079769134521484e+00 8.483803868293762207e-01 -2.308551788330078125e+00 -4.014519691467285156e+00 -2.889525413513183594e+00 -3.095972776412963867e+00 -8.844213932752609253e-02 8.458876609802246094e-01 -5.342526435852050781e-01 1.308687806129455566e+00 -1.135910153388977051e+00 -1.751414537429809570e+00 1.728142976760864258e+00 3.118566751480102539e+00 2.206088542938232422e+00 4.212526321411132812e+00 2.491627335548400879e-01 -1.069759726524353027e+00 -1.415042281150817871e+00 -4.228564262390136719e+00 9.918560385704040527e-01 1.184784770011901855e+00 1.124876499176025391e+00 4.615641593933105469e+00 1.697796344757080078e+00 -1.500590205192565918e+00 2.034429550170898438e+00 -2.106503725051879883e+00 -5.947397947311401367e-01 3.627342939376831055e+00 -2.668414831161499023e+00 6.872797966003417969e+00 8.718482851982116699e-01 3.206443071365356445e+00 -4.397194087505340576e-01 -3.979748189449310303e-01 -2.574949264526367188e+00 -5.408427238464355469e+00 4.539618492126464844e+00 -2.746027708053588867e+00 -3.643733561038970947e-01 -3.646868228912353516e+00 2.596394777297973633e+00 -3.009654283523559570e+00 5.557321548461914062e+00 7.588249444961547852e-01 4.143025875091552734e+00 5.382561206817626953e+00 6.525233387947082520e-01 -4.523387432098388672e+00 -2.146024227142333984e+00 3.241277456283569336e+00 3.712139368057250977e+00 -3.224150538444519043e-01 -3.568354845046997070e+00
-8.684453964233398438e+00 -2.615992164611816406e+01 1.611106300354003906e+01 9.033336639404296875e+00 -1.144266128540039062e+01 9.150330543518066406e+00 8.345263481140136719e+00 -1.400441646575927734e+00 1.802925348281860352e+00 6.467370033264160156e+00 -8.431055068969726562e+00 1.474515914916992188e+00 6.671128749847412109e+00 -6.888823986053466797e+00 -1.289868474006652832e+00 -3.907267332077026367e+00 7.256113052368164062e+00 -1.467768251895904541e-01 4.543567180633544922e+00 -6.075478792190551758e-01 -3.202703714370727539e+00 -5.182267189025878906e+00 4.187896251678466797e+00 2.777088403701782227e+00 4.002346038818359375e+00 -8.936256408691406250e+00 4.679170131683349609e+00 2.935979843139648438e+00 7.143987178802490234e+00 4.855096340179443359e+00 -5.555005550384521484e+00 -5.006279945373535156e+00 -8.009788990020751953e-01 -7.915939331054687500e+00 4.558440685272216797e+00 1.780468702316284180e+00 -5.226137161254882812e+00 8.270805478096008301e-01 -4.234261512756347656e+00 1.277006506919860840e+00 4.596643447875976562e+00 4.143562614917755127e-01 3.662431001663208008e+00 4.257607936859130859e+00 -1.181520557403564453e+01 6.741657257080078125e-01 4.262819766998291016e+00 -3.631855964660644531e+00 3.737308740615844727e+00 1.551706194877624512e+00 1.265105485916137695e+00 -3.707039594650268555e+00 2.563201189041137695e-01 8.569973111152648926e-01 7.323083877563476562e-01 -7.022190093994140625e-01 -7.669167518615722656e-01 -3.294124126434326172e+00 6.088812828063964844e+00 3.709087371826171875e+00 2.181276082992553711e+00 1.769528090953826904e-01 -2.143656730651855469e+00 3.377999544143676758e+00 4.159353256225585938e+00 2.624683380126953125e+00 2.101920604705810547e+00 -1.157737970352172852e+00 5.200969219207763672e+00 2.443773269653320312e+00 5.503650903701782227e-01 -1.257558107376098633e+00 3.467667996883392334e-01 -2.039016962051391602e+00 -2.897125184535980225e-01 -7.023392319679260254e-01 -6.490250110626220703e+00 -4.396581649780273438e+00 5.248699188232421875e-01 5.605364322662353516e+00 1.165785312652587891e+00 7.369920611381530762e-01 4.917202517390251160e-02 2.159442454576492310e-01 -2.560827970504760742e+00 -3.493626043200492859e-02 -1.815762162208557129e+00 2.989796102046966553e-01 3.167302131652832031e+00 2.184381723403930664e+00 -3.259511947631835938e+00 4.677952766418457031e+00 -2.907216250896453857e-01 5.626592040061950684e-02 4.003152251243591309e-01 3.982639312744140625e+00 -1.827039361000061035e+00 -3.278739750385284424e-01 -2.692038774490356445e+00 -4.384544491767883301e-01
-8.066655158996582031e+00 -2.133959960937500000e+01 9.982127189636230469e+00 9.980877041816711426e-01 -8.049990653991699219e+00 6.944047212600708008e-01 1.827622795104980469e+01 1.529332399368286133e+00 5.414100170135498047e+00 9.227288246154785156e+00 -5.781765937805175781e+00 7.206690788269042969e+00 -1.410035729408264160e+00 1.075793579220771790e-01 1.767152547836303711e+00 2.658958435058593750e+00 -3.800911903381347656e+00 1.455918550491333008e+00 4.629836559295654297e+00 5.363287448883056641e+00 -1.329821825027465820e+00 -6.530143618583679199e-01 1.582283496856689453e+00 -7.221647739410400391e+00 1.293210219591856003e-02 -2.700522422790527344e+00 -9.632347822189331055e-01 -3.350647211074829102e+00 5.063514709472656250e-01 -4.419060707092285156e+00 3.158657312393188477e+00 1.978269696235656738e+00 4.821504950523376465e-01 4.756289720535278320e-01 -1.503071188926696777e+00 -4.581257700920104980e-01 -3.258113384246826172e+00 1.374341726303100586e+00 -5.129638671875000000e+00 5.120095729827880859e+00 1.302287101745605469e+00 -6.292485713958740234e+00 -1.592894196510314941e+00 3.153546810150146484e+00 6.448515653610229492e-01 8.206918716430664062e+00 3.313488721847534180e+00 1.925620555877685547e+00 -8.174368143081665039e-01 -2.132603406906127930e+00 8.786771893501281738e-01 -5.304188132286071777e-01 -4.492274299263954163e-02 1.978764891624450684e+00 5.199910163879394531e+00 -3.204442024230957031e+00 -3.494516134262084961e+00 4.965939521789550781e+00 5.801632404327392578e+00 8.913764357566833496e-01 6.565369367599487305e-01 -4.683768272399902344e+00 7.436129570007324219e+00 6.870809555053710938e+00 -3.033344745635986328e+00 -2.036322355270385742e+00 -3.428858995437622070e+00 -3.447192668914794922e+00 -6.133479118347167969e+00 -2.168263673782348633e+00 2.490643024444580078e+00 1.812445819377899170e-01 3.905723094940185547e+00 2.589761734008789062e+00 8.960859179496765137e-01 -1.644482374191284180e+00 1.989034533500671387e+00 6.989580154418945312e+00 -4.303119704127311707e-02 -1.090519785881042480e+00 -2.776570081710815430e+00 -1.850618004798889160e+00 -3.769593238830566406e+00 -3.644394397735595703e+00 5.846678614616394043e-01 -3.846606969833374023e+00 -2.753293216228485107e-01 -4.747827529907226562e+00 7.023215293884277344e-01 -5.016737803816795349e-02 -5.710261464118957520e-01 -2.813519001007080078e+00 -2.258163928985595703e+00 5.873099803924560547e+00 1.234979152679443359e+00 1.495919466018676758e+00 2.952768325805664062e+00 -2.323251247406005859e+00 7.678552269935607910e-01 3.387239694595336914e+00
7.119379520416259766e+00 -3.232824707031250000e+01 1.171471595764160156e+01 5.925850868225097656e+00 6.551483154296875000e+00 4.208861351013183594e+00 3.168225586414337158e-01 -3.717364788055419922e+00 1.965861439704895020e+00 3.078738689422607422e+00 -5.508494853973388672e+00 5.139393329620361328e+00 -2.095024108886718750e+00 -3.086501359939575195e+00 5.858824253082275391e-01 -4.001817226409912109e+00 -5.029639601707458496e-01 4.300357818603515625e+00 -5.269341468811035156e+00 -2.189522743225097656e+00 -5.978662490844726562e+00 -2.894203662872314453e+00 7.824066281318664551e-01 -6.403862953186035156e+00 3.449333906173706055e+00 -2.532727003097534180e+00 3.315763711929321289e+00 -8.936481475830078125e+00 -4.006205126643180847e-03 5.838776588439941406e+00 4.401754736900329590e-01 7.191010475158691406e+00 3.148002624511718750e+00 -8.398139476776123047e-01 4.285138130187988281e+00 5.542241573333740234e+00 -2.847508192062377930e+00 1.884363174438476562e+00 1.013037323951721191e+00 4.562528133392333984e-01 7.767262458801269531e-01 -9.728713035583496094e+00 -4.595247507095336914e-01 -7.596423149108886719e+00 -1.164443016052246094e+00 5.247632980346679688e+00 8.204277753829956055e-01 -3.253526687622070312e+00 -3.407447338104248047e+00 3.824037909507751465e-01 -3.765185773372650146e-01 2.238073825836181641e+00 -1.468305826187133789e+00 3.257352113723754883e+00 6.788226962089538574e-01 -2.917259931564331055e+00 -6.044508218765258789e-01 2.832041978836059570e+00 -1.777507781982421875e+00 -2.480966806411743164e+00 3.011960744857788086e+00 -4.600161075592041016e+00 -1.263830423355102539e+00 5.295528888702392578e+00 6.282114028930664062e+00 -4.454037666320800781e+00 -4.929908275604248047e+00 -1.382327228784561157e-01 -3.846956789493560791e-01 4.748266220092773438e+00 -3.989102125167846680e+00 -9.168167114257812500e-01 -2.027882337570190430e+00 -2.028001308441162109e+00 -4.959529936313629150e-01 -1.460734844207763672e+00 2.588009357452392578e+00 -2.732556819915771484e+00 -3.318303823471069336e+00 -1.186947345733642578e+00 7.699814438819885254e-02 2.953964233398437500e+00 -5.188877582550048828e-01 1.353157281875610352e+00 -2.588744759559631348e-01 -8.873625993728637695e-01 -1.687233209609985352e+00 -2.653516530990600586e-01 6.633705496788024902e-01 -7.696377635002136230e-01 4.830232143402099609e+00 -5.749386548995971680e-01 1.129396557807922363e+00 -3.158398151397705078e+00 2.211364030838012695e+00 -4.157911777496337891e+00 4.050413966178894043e-01 -9.619790911674499512e-01 -5.423248767852783203e+00 -4.116218090057373047e+00
8.491370201110839844e+00 -3.029564476013183594e+01 3.450519084930419922e+00 4.642152786254882812e+00 2.205187559127807617e+00 -3.620897293090820312e+00 2.842895984649658203e+00 3.651501417160034180e+00 -6.564144492149353027e-01 6.975700378417968750e+00 -2.363641023635864258e+00 3.539139628410339355e-01 -2.135680437088012695e+00 -5.833387374877929688e+00 2.773039579391479492e+00 -5.122252464294433594e+00 -9.960013628005981445e-01 7.173357486724853516e+00 -1.252471327781677246e+00 4.082946777343750000e+00 -3.178951740264892578e+00 -1.241072058677673340e+00 5.557589054107666016e+00 9.509713172912597656e+00 7.812956809997558594e+00 -6.367325305938720703e+00 9.351888656616210938e+00 4.779888629913330078e+00 -1.855360746383666992e+00 5.750859379768371582e-01 -6.074832916259765625e+00 -1.250240445137023926e+00 -2.686114311218261719e+00 -5.320880889892578125e+00 2.372199773788452148e+00 2.127145290374755859e+00 1.990013480186462402e+00 1.284631192684173584e-01 2.046718835830688477e+00 2.551319897174835205e-01 -4.935087680816650391e+00 -4.472627162933349609e+00 -6.184162139892578125e+00 -3.909163951873779297e+00 -1.847856402397155762e+00 -2.137097358703613281e+00 5.852769851684570312e+00 -4.043830394744873047e+00 -2.059191465377807617e+00 2.989066362380981445e+00 4.093126058578491211e-01 -2.222401618957519531e+00 -2.781601428985595703e+00 -5.281673908233642578e+00 1.953043699264526367e+00 7.652803659439086914e-01 -8.169604539871215820e-01 -2.258068561553955078e+00 -1.143205761909484863e+00 4.244328498840332031e+00 4.416021347045898438e+00 3.636468052864074707e-01 -9.834990501403808594e-01 1.052568435668945312e+00 -1.414419770240783691e+00 5.557754993438720703e+00 5.576828002929687500e+00 -5.160673618316650391e+00 -1.068285703659057617e+00 -2.929445743560791016e+00 2.432119131088256836e+00 5.795599818229675293e-01 2.481209039688110352e+00 1.658954024314880371e+00 1.970604062080383301e+00 3.446633815765380859e+00 -2.449265003204345703e+00 7.812211513519287109e-01 3.373775005340576172e+00 6.501930356025695801e-01 2.328951358795166016e-01 -4.931127130985260010e-01 -3.336401939392089844e+00 -1.642361640930175781e+00 4.992627725005149841e-02 -7.497249126434326172e+00 -4.129653930664062500e+00 1.798503994941711426e+00 2.537950515747070312e+00 -1.279928684234619141e+00 -2.394682407379150391e+00 2.324094533920288086e+00 -3.570488452911376953e+00 -4.226539611816406250e+00 7.459504008293151855e-01 -1.028505682945251465e+00 -2.023336887359619141e+00 5.180542469024658203e+00 -3.867461442947387695e+00 2.558542966842651367e+00
-1.182557702064514160e+00 -3.217352294921875000e+01 8.835556983947753906e+00 3.152749300003051758e+00 -2.620710849761962891e+00 -1.277892827987670898e+00 6.668049812316894531e+00 5.600411891937255859e+00 2.965126514434814453e+00 7.722200393676757812e+00 -8.964532852172851562e+00 4.486376762390136719e+00 -3.470502614974975586e+00 -2.308406352996826172e+00 -1.662495374679565430e+00 1.562416911125183105e+00 5.199679374694824219e+00 7.234694480895996094e+00 4.200857639312744141e+00 -1.422550201416015625e+00 2.916588783264160156e-01 -2.867906808853149414e+00 3.872892141342163086e+00 -4.124071598052978516e+00 5.003237247467041016e+00 -1.745849013328552246e+00 3.762563467025756836e+00 -6.019263863563537598e-01 4.306756496429443359e+00 4.471706867218017578e+00 -2.338956832885742188e+00 5.726033687591552734e+00 4.140559196472167969e+00 1.572080373764038086e+00 2.083493709564208984e+00 -1.069666624069213867e+00 -7.598933577537536621e-01 -1.262808561325073242e+00 -4.761141836643218994e-01 -2.322164773941040039e-01 6.658787250518798828e+00 -6.080945014953613281e+00 -6.292725563049316406e+00 2.617200613021850586e+00 1.202910766005516052e-01 3.162059187889099121e-01 -4.488144218921661377e-01 1.043119788169860840e+00 -8.497362732887268066e-01 4.681016445159912109e+00 -2.015758752822875977e+00 -2.712119579315185547e+00 -2.433153867721557617e+00 3.558658659458160400e-01 -4.237057864665985107e-01 -1.321711838245391846e-01 1.098375678062438965e+00 1.090198084712028503e-01 3.668432235717773438e+00 9.530171751976013184e-02 1.515021085739135742e+00 -1.230530261993408203e+00 5.001899242401123047e+00 4.785373687744140625e+00 -7.009314745664596558e-02 3.602571725845336914e+00 3.807892322540283203e+00 -4.791098117828369141e+00 1.498633265495300293e+00 9.928460121154785156e-01 5.342677593231201172e+00 -5.225576162338256836e-01 -1.416567683219909668e+00 2.960153222084045410e-01 1.418220639228820801e+00 -3.360344886779785156e+00 -3.333548307418823242e+00 1.251681089401245117e+00 -8.079328387975692749e-02 2.725544452667236328e+00 4.049844741821289062e+00 -3.556328713893890381e-01 -6.387211680412292480e-01 -2.441280335187911987e-01 2.757969141006469727e+00 1.584291934967041016e+00 -6.283163547515869141e+00 2.782629966735839844e+00 1.079570412635803223e+00 5.214754343032836914e-01 -4.147667884826660156e+00 -4.778841495513916016e+00 -1.017866253852844238e+00 2.974956333637237549e-01 1.015805482864379883e+00 -1.435185909271240234e+00 -4.645452201366424561e-01 8.685643076896667480e-01 -3.777351617813110352e+00 -1.116454124450683594e+00
2.403852462768554688e+00 -2.759214401245117188e+01 5.791503906250000000e+00 2.509011268615722656e+00 -3.318730831146240234e+00 -2.174958467483520508e+00 7.573786258697509766e+00 2.030830144882202148e+00 6.725931644439697266e+00 8.786721229553222656e+00 -2.918225288391113281e+00 3.588275432586669922e+00 -5.913775920867919922e+00 -2.140084743499755859e+00 -8.638984680175781250e+00 6.371746063232421875e+00 4.972688198089599609e+00 -8.009169697761535645e-01 9.423727393150329590e-01 -1.460509181022644043e+00 -5.442541241645812988e-01 -3.151199519634246826e-01 3.612558841705322266e+00 -1.240965723991394043e-01 -5.653939723968505859e+00 1.122973322868347168e+00 -1.201358795166015625e+00 -4.153258800506591797e+00 3.642540931701660156e+00 9.821453094482421875e+00 4.807149887084960938e+00 3.191758871078491211e+00 1.249944120645523071e-01 3.535450220108032227e+00 7.959425449371337891e-01 -1.975354433059692383e+00 1.878553748130798340e+00 5.001685023307800293e-01 -3.453162670135498047e+00 2.390648365020751953e+00 -1.060403704643249512e+00 8.440910279750823975e-02 -5.430117607116699219e+00 1.929245233535766602e+00 4.357866764068603516e+00 -1.734417200088500977e+00 -6.327462673187255859e+00 1.877773284912109375e+00 4.320302307605743408e-01 3.559843599796295166e-01 4.108349382877349854e-01 -1.555914044380187988e+00 -3.232755064964294434e-01 -1.684659957885742188e+00 1.546749949455261230e+00 -5.137614250183105469e+00 5.109495017677545547e-03 -1.487438917160034180e+00 -8.088903427124023438e-01 -4.740352630615234375e+00 2.509240627288818359e+00 -8.841402530670166016e-01 5.004828572273254395e-01 -3.467518091201782227e-01 5.265550613403320312e+00 2.361550807952880859e+00 6.937444210052490234e-01 -3.116379261016845703e+00 1.592881560325622559e+00 3.118240356445312500e+00 4.932855129241943359e+00 2.415614128112792969e+00 -1.928919434547424316e+00 -1.123934626579284668e+00 3.734622001647949219e+00 3.560353040695190430e+00 -1.178416609764099121e+00 -1.749803781509399414e+00 -4.648313999176025391e+00 3.966381549835205078e+00 1.507403850555419922e+00 -6.012157201766967773e-01 2.344012856483459473e-01 -2.857990026473999023e+00 -5.292773842811584473e-01 1.075889945030212402e+00 -3.849456310272216797e+00 9.080632328987121582e-01 2.817232906818389893e-01 2.975066184997558594e+00 2.820110559463500977e+00 -5.390975952148437500e+00 -2.098366498947143555e+00 -2.982808351516723633e+00 -6.378295831382274628e-03 -1.845806121826171875e+00 2.256691455841064453e+00 -2.729615449905395508e+00 -6.467229127883911133e-01 -9.986143708229064941e-01
-1.418372035026550293e+00 -3.115472602844238281e+01 1.064496612548828125e+01 1.386227130889892578e+00 1.893118500709533691e+00 6.344247341156005859e+00 4.731767177581787109e-01 4.171050548553466797e+00 4.645174026489257812e+00 6.066118717193603516e+00 2.863413572311401367e+00 1.953097581863403320e+00 8.109127283096313477e-01 -6.930809974670410156e+00 -4.900958061218261719e+00 -1.649590134620666504e+00 -4.258498191833496094e+00 -1.516430258750915527e+00 -1.177667021751403809e+00 2.686646938323974609e+00 2.019713878631591797e+00 -9.422851204872131348e-01 2.599289417266845703e+00 -4.073371887207031250e+00 9.919775724411010742e-01 -2.667827606201171875e-01 2.697223424911499023e+00 -3.722485065460205078e+00 -2.578428506851196289e+00 2.682949304580688477e+00 -2.963282465934753418e-01 8.879581451416015625e+00 -5.545213818550109863e-01 3.115371704101562500e+00 8.376976966857910156e+00 2.173176527023315430e+00 -2.964997291564941406e+00 7.695467472076416016e-01 -3.340045928955078125e+00 1.004786968231201172e+00 -1.583274841308593750e+00 -5.509180426597595215e-01 -1.474446296691894531e+00 4.013669013977050781e+00 -6.736053943634033203e+00 9.217903137207031250e+00 9.517596364021301270e-01 1.090374290943145752e-01 -2.311924934387207031e+00 3.262708783149719238e-01 -5.932806134223937988e-01 7.608732700347900391e+00 3.320046901702880859e+00 8.560613989830017090e-01 -3.192459583282470703e+00 -2.802971363067626953e+00 -1.884082913398742676e+00 -5.506752729415893555e-01 1.568641781806945801e+00 6.273096203804016113e-01 -5.904172062873840332e-01 4.990036010742187500e+00 3.182396411895751953e+00 -8.974454998970031738e-01 -1.147130131721496582e-01 1.814638137817382812e+00 6.094237327575683594e+00 1.189287662506103516e+00 -4.909183502197265625e+00 2.701342582702636719e+00 -2.089715003967285156e+00 -1.611348986625671387e+00 -5.075432300567626953e+00 -3.334827125072479248e-01 2.710417985916137695e+00 -4.130452632904052734e+00 2.134540796279907227e+00 1.410731792449951172e+00 -2.925543546676635742e+00 8.431977778673171997e-02 -2.681295156478881836e+00 -1.808942198753356934e+00 1.971514075994491577e-01 2.401897192001342773e+00 4.972400963306427002e-01 -2.602235317230224609e+00 -1.138651490211486816e+00 -2.234473943710327148e+00 -1.517933607101440430e+00 2.692938566207885742e+00 -3.615462064743041992e+00 3.227530956268310547e+00 2.297981262207031250e+00 -1.048425078392028809e+00 -9.291287660598754883e-01 -1.531628489494323730e+00 1.340344846248626709e-01 1.908370137214660645e+00 -3.869996070861816406e+00 1.806453466415405273e-01
9.392723083496093750e+00 -3.022658157348632812e+01 3.246576070785522461e+00 1.605320811271667480e+00 8.389363288879394531e+00 7.050867676734924316e-01 3.839387893676757812e+00 3.122099637985229492e+00 -7.302563786506652832e-01 8.588360548019409180e-01 -2.963685512542724609e+00 -9.108502864837646484e-01 -3.019170045852661133e+00 -1.075978040695190430e+00 -2.583139896392822266e+00 -2.702692031860351562e+00 -1.071462535858154297e+01 9.501060485839843750e+00 3.827136278152465820e+00 -1.924169540405273438e+00 2.664574146270751953e+00 -7.282622814178466797e+00 -2.429380655288696289e+00 -2.423255920410156250e+00 9.743517875671386719e+00 2.197048425674438477e+00 1.654114127159118652e+00 1.028642368316650391e+01 -7.272314071655273438e+00 6.786078929901123047e+00 3.450283050537109375e+00 5.486773490905761719e+00 1.109759449958801270e+00 -2.200441598892211914e+00 3.894533634185791016e+00 3.434765934944152832e-01 -2.509907484054565430e+00 7.973994612693786621e-01 2.718892812728881836e+00 -4.103381633758544922e+00 -1.916109442710876465e+00 -3.503817081451416016e+00 -2.224512815475463867e+00 -2.100662231445312500e+00 -6.451963782310485840e-01 5.429077148437500000e+00 5.877909183502197266e+00 2.139052867889404297e+00 1.660972714424133301e+00 9.346495866775512695e-01 -1.903734683990478516e+00 -1.104891180992126465e+00 -4.361980557441711426e-01 5.032408714294433594e+00 -1.718218684196472168e+00 -2.450499773025512695e+00 -6.508046388626098633e-01 -7.998915761709213257e-02 -1.895713567733764648e+00 -1.618773221969604492e+00 9.802365899085998535e-01 -2.949527502059936523e+00 1.927286028861999512e+00 -4.028789520263671875e+00 -3.889447450637817383e+00 -1.377408742904663086e+00 1.650705575942993164e+00 -2.420963048934936523e+00 -5.822979211807250977e-01 4.151990413665771484e+00 -2.587395191192626953e+00 -2.351912498474121094e+00 -2.139808654785156250e+00 8.886457681655883789e-01 1.354406237602233887e+00 -2.008007615804672241e-01 -2.609390497207641602e+00 -3.050632715225219727e+00 -2.976752221584320068e-01 2.039471387863159180e+00 1.333933115005493164e+00 -7.521173954010009766e-01 4.201570034027099609e+00 -2.334494352340698242e+00 -4.053691327571868896e-01 -1.811251163482666016e+00 2.054446935653686523e+00 -5.088995456695556641e+00 -6.289792060852050781e-01 -3.197931528091430664e+00 1.104570627212524414e+00 8.145123124122619629e-01 -1.596071004867553711e+00 -7.659165263175964355e-01 -1.404885053634643555e+00 1.127203106880187988e+00 9.212522208690643311e-02 -1.259108066558837891e+00 2.677365064620971680e+00 9.922919869422912598e-01
1.878379440307617188e+01 -2.836198043823242188e+01 7.441165924072265625e+00 2.960108280181884766e+00 3.252727985382080078e+00 -5.903609275817871094e+00 1.035766124725341797e+00 3.070135354995727539e+00 1.751341223716735840e+00 4.269086360931396484e+00 5.658850073814392090e-01 3.632348060607910156e+00 -1.156890749931335449e+00 -2.077290058135986328e+00 5.688941955566406250e+00 -9.803740382194519043e-01 -3.056083202362060547e+00 -1.861535549163818359e+00 -1.422747373580932617e-01 -1.960757374763488770e+00 1.746216654777526855e+00 -8.105695247650146484e-01 -2.509459018707275391e+00 -7.085655689239501953e+00 2.702243566513061523e+00 3.522951841354370117e+00 3.555838346481323242e+00 -5.205684185028076172e+00 3.675523519515991211e+00 -1.838640213012695312e+00 -4.964354991912841797e+00 4.395384788513183594e+00 -2.093605041503906250e+00 -3.576387166976928711e+00 1.810336589813232422e+00 6.869952678680419922e-01 -4.259637355804443359e+00 6.078441143035888672e+00 -4.838971614837646484e+00 4.976818859577178955e-01 1.225181102752685547e+00 -3.863407373428344727e+00 9.589598178863525391e-01 -6.550106048583984375e+00 -1.158263325691223145e+00 1.816106200218200684e+00 1.848541617393493652e+00 2.966056346893310547e+00 -1.519135355949401855e+00 2.632813692092895508e+00 1.294280529022216797e+00 -4.928184986114501953e+00 7.422856092453002930e-01 -1.532447814941406250e+00 -1.572517633438110352e+00 1.057190775871276855e+00 6.504558026790618896e-02 2.112195193767547607e-01 -1.980943083763122559e+00 3.269461870193481445e+00 -2.065793275833129883e+00 -4.165410518646240234e+00 2.820411920547485352e+00 -7.338579893112182617e-01 3.518425524234771729e-01 4.846057891845703125e+00 7.194484233856201172e+00 2.717347860336303711e+00 1.303520560264587402e+00 8.366471529006958008e-01 -1.541969060897827148e+00 -8.522543907165527344e-01 3.983472287654876709e-01 8.402138948440551758e-02 3.247870922088623047e+00 5.429125428199768066e-01 -3.066105127334594727e+00 9.199031591415405273e-01 1.749724388122558594e+00 -4.851462841033935547e+00 -8.172287344932556152e-01 5.777435302734375000e-01 -3.631858348846435547e+00 2.994602441787719727e+00 -1.031541705131530762e+00 -5.094975233078002930e-01 4.909664154052734375e+00 4.829524993896484375e+00 1.542894601821899414e+00 -1.586628556251525879e-01 3.528299808502197266e+00 2.710440635681152344e+00 -3.981914043426513672e+00 1.927973628044128418e+00 3.738063335418701172e+00 -5.091079235076904297e+00 -3.823257207870483398e+00 4.793271720409393311e-01 -8.476461172103881836e-01 -4.169198513031005859e+00
6.717166900634765625e+00 -2.573346519470214844e+01 2.711045503616333008e+00 3.436381101608276367e+00 2.753792285919189453e+00 -6.111415028572082520e-01 8.882519721984863281e+00 1.363069415092468262e+00 4.343435287475585938e+00 6.352657675743103027e-01 -1.331708133220672607e-01 7.843939587473869324e-03 8.709429502487182617e-01 -3.682440042495727539e+00 5.560305595397949219e+00 3.951059877872467041e-01 -5.689476966857910156e+00 2.982578992843627930e+00 -1.074486374855041504e+00 1.231692552566528320e+00 -2.741953372955322266e+00 -1.282399058341979980e+00 -1.741994142532348633e+00 -7.594143152236938477e-01 3.563083887100219727e+00 -3.763574063777923584e-01 3.183443307876586914e+00 -2.966232538223266602e+00 -5.788679599761962891e+00 1.809857845306396484e+00 -5.770201206207275391e+00 -8.599980354309082031e+00 2.470012664794921875e+00 3.810840368270874023e+00 1.415458679199218750e+00 -1.325790286064147949e+00 -4.021090984344482422e+00 -3.627291440963745117e+00 1.246646404266357422e+00 1.612561702728271484e+00 -7.077329158782958984e+00 4.743550300598144531e+00 2.955872058868408203e+00 2.547008752822875977e+00 2.479735314846038818e-01 2.919127464294433594e+00 2.143688946962356567e-01 7.705111503601074219e-01 2.211853981018066406e+00 -2.024693250656127930e+00 -1.716282367706298828e+00 1.843957781791687012e+00 -1.525126457214355469e+00 -4.257376670837402344e+00 3.793928384780883789e+00 -1.207530379295349121e+00 -4.785457134246826172e+00 1.972441792488098145e+00 -3.171726226806640625e+00 -5.256789326667785645e-01 -2.148433923721313477e-01 4.876886010169982910e-01 7.736602425575256348e-01 2.171261548995971680e+00 -2.802918910980224609e+00 -2.703542470932006836e+00 1.733873724937438965e+00 -5.518117547035217285e-01 -8.537739515304565430e-02 1.295700907707214355e+00 1.400043725967407227e+00 -3.573101997375488281e+00 4.265865325927734375e+00 1.809048175811767578e+00 4.447017610073089600e-01 -1.104417324066162109e+00 3.606873035430908203e+00 -3.143688440322875977e+00 1.720303893089294434e+00 6.071660518646240234e-01 -2.377115726470947266e+00 1.310593247413635254e+00 -2.255783319473266602e+00 9.813832640647888184e-01 6.247580647468566895e-01 -2.173840045928955078e+00 -1.148789763450622559e+00 2.529705286026000977e+00 -1.160384058952331543e+00 9.071138501167297363e-01 -5.291111946105957031e+00 2.400557994842529297e+00 1.850032448768615723e+00 2.099382877349853516e+00 3.035930156707763672e+00 1.174780845642089844e+00 1.021794080734252930e+00 1.679620504379272461e+00 -1.610475778579711914e+00 4.925594329833984375e+00
1.207386493682861328e+01 -2.856758689880371094e+01 4.501477718353271484e+00 -9.415107369422912598e-01 6.118000984191894531e+00 -6.327801704406738281e+00 5.969659611582756042e-02 2.886500358581542969e+00 1.059026622772216797e+01 2.010285615921020508e+00 -2.014858245849609375e+00 1.855108618736267090e+00 -2.805527210235595703e+00 -3.133410215377807617e+00 -3.456937313079833984e+00 -1.930481046438217163e-01 -3.886371254920959473e-01 -2.126493692398071289e+00 2.903006315231323242e+00 -9.562653899192810059e-01 -5.980709552764892578e+00 -5.504053831100463867e-01 -5.851864814758300781e+00 -1.343194961547851562e+00 9.853620827198028564e-02 2.370386362075805664e+00 2.219847679138183594e+00 1.717352747917175293e+00 1.945146560668945312e+00 1.811175107955932617e+00 1.039528965950012207e+00 8.384683132171630859e-01 2.704570531845092773e+00 1.367572069168090820e+00 1.208409309387207031e+00 1.734677076339721680e+00 -4.549338817596435547e+00 2.795138359069824219e+00 -4.499888896942138672e+00 1.656881093978881836e+00 -1.213504076004028320e+00 1.026859998703002930e+00 3.550781011581420898e+00 7.233186960220336914e-01 -3.258627355098724365e-01 1.462297916412353516e+00 -1.167932391166687012e+00 5.308327078819274902e-01 1.885375976562500000e+00 6.200968265533447266e+00 2.378877066075801849e-02 4.266866683959960938e+00 7.772393226623535156e-01 -1.986667513847351074e+00 -1.097320675849914551e+00 -3.892719268798828125e+00 -5.458842515945434570e-01 -3.924672305583953857e-01 1.027185559272766113e+00 1.049031376838684082e+00 2.470981121063232422e+00 2.792364120483398438e+00 -5.929845809936523438e+00 -2.792447566986083984e+00 2.822448968887329102e+00 -7.562331557273864746e-01 -1.720441699028015137e+00 -8.752740025520324707e-01 -2.142542123794555664e+00 1.156134366989135742e+00 -3.292691946029663086e+00 -2.018790245056152344e+00 7.248830199241638184e-01 -3.821748256683349609e+00 -1.173153638839721680e+00 -4.525168836116790771e-01 -1.284934282302856445e+00 -3.034085512161254883e+00 -2.896813154220581055e+00 -8.295966148376464844e+00 2.609628200531005859e+00 -3.069055080413818359e+00 4.160497784614562988e-01 -7.157261371612548828e+00 -5.226532936096191406e+00 -1.438099861145019531e+00 8.807994127273559570e-01 4.550842344760894775e-01 -2.767971754074096680e-01 4.164665222167968750e+00 -2.268651723861694336e+00 -3.043996810913085938e+00 2.881048440933227539e+00 -1.749605417251586914e+00 2.102863937616348267e-01 5.389596462249755859e+00 -3.644796609878540039e+00 -2.724658884108066559e-02 -3.805727481842041016e+00 -2.915310621261596680e+00
9.505019187927246094e+00 -3.146552467346191406e+01 5.551871776580810547e+00 -4.808825254440307617e-01 2.535230159759521484e+00 -3.142305612564086914e+00 -3.965435504913330078e+00 3.765774369239807129e-01 4.251501083374023438e+00 2.620296955108642578e+00 -9.107758402824401855e-01 4.460452556610107422e+00 -1.298853635787963867e+00 -7.901438236236572266e+00 -9.907048225402832031e+00 1.245276570320129395e+00 -5.748821735382080078e+00 -1.813341856002807617e+00 2.740936517715454102e+00 -1.575845479965209961e+00 -4.167179107666015625e+00 1.750275015830993652e+00 -3.156966447830200195e+00 -3.581860959529876709e-01 -6.410641670227050781e-01 -1.465314030647277832e-01 -5.970981121063232422e+00 -5.736247897148132324e-01 -5.688866615295410156e+00 -5.357791781425476074e-01 -1.977124333381652832e+00 8.000639915466308594e+00 6.036517143249511719e+00 2.736538171768188477e+00 -1.414086103439331055e+00 1.596906334161758423e-01 3.537478208541870117e+00 2.786765575408935547e+00 -4.142397403717041016e+00 -8.654142022132873535e-01 3.758585214614868164e+00 -1.863021373748779297e+00 3.555716037750244141e+00 -4.804152488708496094e+00 -3.667448163032531738e-01 8.741142749786376953e-01 -2.511218786239624023e+00 2.651976421475410461e-02 2.017269849777221680e+00 7.343073487281799316e-01 1.848863244056701660e+00 -1.988007903099060059e+00 -2.254331111907958984e+00 -5.036345217376947403e-03 -2.751667737960815430e+00 -4.200195789337158203e+00 -4.370843887329101562e+00 2.085005760192871094e+00 -4.447925567626953125e+00 4.113909006118774414e-01 -5.105113983154296875e+00 -4.237056732177734375e+00 1.588863253593444824e+00 -1.169603943824768066e+00 -3.808896064758300781e+00 -3.876367568969726562e+00 -6.560715436935424805e-01 1.149598121643066406e+00 -6.460424423217773438e+00 3.823217868804931641e+00 5.249643325805664062e-01 -6.998345375061035156e+00 -1.935265541076660156e+00 2.537215471267700195e+00 -4.334304630756378174e-01 1.748826384544372559e+00 1.512920975685119629e+00 -1.178385496139526367e+00 1.679513216018676758e+00 -2.745208442211151123e-01 5.671611428260803223e-01 6.398550510406494141e+00 2.986044883728027344e+00 2.154873371124267578e+00 7.304756641387939453e-01 4.519441723823547363e-01 1.980316519737243652e+00 1.493877410888671875e+00 -1.021213889122009277e+00 4.370165348052978516e+00 -3.020635128021240234e+00 3.672549724578857422e+00 5.870302915573120117e-01 1.552172780036926270e+00 -4.749449253082275391e+00 2.490133762359619141e+00 -3.394739866256713867e+00 8.069128990173339844e-01 3.938887119293212891e+00 1.831804513931274414e+00
1.457694721221923828e+01 -3.142611122131347656e+01 7.636042118072509766e+00 3.676452398300170898e+00 -2.359060287475585938e+00 -2.669927835464477539e+00 -3.594093918800354004e-01 9.551292061805725098e-01 -2.338098049163818359e+00 5.607107281684875488e-02 -7.258810997009277344e+00 6.059123277664184570e-01 -4.119577407836914062e+00 -6.492326736450195312e+00 -6.436627507209777832e-01 1.502885937690734863e+00 -6.928842544555664062e+00 3.055938482284545898e+00 1.721213310956954956e-01 -3.956999540328979492e+00 5.098904967308044434e-01 -2.927870750427246094e-01 -2.563323736190795898e+00 1.110567760467529297e+01 5.910384178161621094e+00 9.239614009857177734e-02 7.014970779418945312e+00 -5.700700759887695312e+00 -2.653299570083618164e+00 4.146004915237426758e-01 -3.888981342315673828e+00 5.296648025512695312e+00 1.572369337081909180e+00 -1.238301753997802734e+00 1.095892429351806641e+00 3.371514081954956055e+00 -5.499379158020019531e+00 8.151139020919799805e-01 -2.192363023757934570e+00 -4.787494182586669922e+00 1.753538846969604492e+00 -5.977834224700927734e+00 -5.273733139038085938e-01 -2.456906080245971680e+00 -4.737671375274658203e+00 -1.503078341484069824e+00 -4.814560890197753906e+00 -6.272111415863037109e+00 4.544052600860595703e+00 -2.952128410339355469e+00 -1.541646838188171387e+00 5.250066518783569336e-01 6.896816730499267578e+00 -2.620884895324707031e+00 -4.320270538330078125e+00 -5.684309005737304688e+00 -3.224467277526855469e+00 2.924959897994995117e+00 -3.566708326339721680e+00 -1.208583235740661621e+00 -5.132894515991210938e+00 3.084621667861938477e+00 -2.106269001960754395e-01 9.866635203361511230e-01 1.474010348320007324e-01 2.696321487426757812e+00 -2.716567993164062500e+00 5.238849163055419922e+00 -1.214851379394531250e+00 1.739100575447082520e+00 6.179756641387939453e+00 -3.696483850479125977e+00 4.207905769348144531e+00 6.111112236976623535e-01 -1.742400169372558594e+00 1.351278185844421387e+00 -2.797147512435913086e+00 -1.036790087819099426e-01 5.107436656951904297e+00 -1.565522551536560059e+00 -6.946946382522583008e-01 6.571832299232482910e-01 -1.528347492218017578e+00 -4.667461872100830078e+00 -1.276244163513183594e+00 -2.388936996459960938e+00 -1.765987396240234375e+00 -2.971163034439086914e+00 -2.986370563507080078e+00 -2.640834331512451172e+00 3.586996078491210938e+00 1.749576091766357422e+00 -2.445168495178222656e+00 3.961340188980102539e+00 -1.454848527908325195e+00 2.236226081848144531e+00 2.227741003036499023e+00 -3.137801408767700195e+00 -1.936603665351867676e+00 -1.952495425939559937e-01
8.783406257629394531e+00 -2.557846641540527344e+01 3.341079652309417725e-01 -1.469501733779907227e+00 -6.614890575408935547e+00 -2.546984195709228516e+00 6.461026191711425781e+00 5.269637584686279297e+00 3.405069112777709961e+00 5.385095119476318359e+00 -4.704281330108642578e+00 3.915014505386352539e+00 -3.179539680480957031e+00 -7.285408496856689453e+00 -2.664712429046630859e+00 6.647132873535156250e+00 -1.770092397928237915e-01 -3.085309743881225586e+00 -3.273771762847900391e+00 -6.279575824737548828e+00 -1.283338665962219238e+00 -1.464898228645324707e+00 -1.179798364639282227e+00 4.037927627563476562e+00 2.300356864929199219e+00 1.707029342651367188e+00 6.422870635986328125e+00 -1.822235822677612305e+00 -4.056731224060058594e+00 3.898208856582641602e+00 -7.544794082641601562e-01 3.226093530654907227e+00 -1.788866400718688965e+00 3.240249872207641602e+00 2.448912382125854492e+00 -8.769446372985839844e+00 5.611209869384765625e+00 -1.810902833938598633e+00 -4.443519592285156250e+00 -1.124350070953369141e+00 2.330781221389770508e+00 2.624395370483398438e+00 2.532588720321655273e+00 -2.236123561859130859e+00 -4.988964200019836426e-01 -5.438738465309143066e-01 2.644156217575073242e+00 -8.670312911272048950e-02 2.538324594497680664e-01 3.318759500980377197e-01 -9.283664822578430176e-01 -1.019228816032409668e+00 5.686323642730712891e-01 -4.164268970489501953e+00 6.336724281311035156e+00 1.021536827087402344e+00 1.073551893234252930e+00 -3.645543813705444336e+00 5.924067974090576172e+00 -3.611598491668701172e+00 -1.660998225212097168e+00 -2.894108057022094727e+00 -4.769744396209716797e+00 -5.117186069488525391e+00 -1.458543658256530762e+00 3.022459447383880615e-01 -2.208943367004394531e+00 3.207337617874145508e+00 -2.194020748138427734e+00 -7.230704426765441895e-01 3.054134845733642578e+00 -1.000086069107055664e+00 1.525439143180847168e+00 -1.759847164154052734e+00 -3.608327805995941162e-01 1.271638631820678711e+00 -1.827377676963806152e+00 -1.149135351181030273e+00 3.518243134021759033e-01 5.678415894508361816e-01 1.998531222343444824e+00 1.960447192192077637e+00 2.826960563659667969e+00 -2.316973686218261719e+00 -1.856191277503967285e+00 -1.624189019203186035e-01 5.584675788879394531e+00 1.996696949005126953e+00 -1.842280507087707520e+00 2.021135568618774414e+00 -9.411385059356689453e-01 -1.167410492897033691e+00 -6.400431394577026367e-01 -1.385245323181152344e+00 6.882824301719665527e-01 1.796062231063842773e+00 2.364678621292114258e+00 -3.552680015563964844e+00 8.540797829627990723e-01 3.044186592102050781e+00
1.145734786987304688e+01 -2.957921409606933594e+01 4.956824302673339844e+00 -1.018520474433898926e+00 -6.983693122863769531e+00 1.415112257003784180e+00 6.842274665832519531e+00 5.472509384155273438e+00 5.041068553924560547e+00 5.823654651641845703e+00 -3.091357231140136719e+00 3.184063911437988281e+00 -6.964940071105957031e+00 -7.300269603729248047e+00 -6.142504215240478516e+00 -3.804136514663696289e+00 1.046428322792053223e+00 -5.670725822448730469e+00 -1.621103286743164062e+00 -5.115665435791015625e+00 6.241983175277709961e-01 5.557230949401855469e+00 -4.064332962036132812e+00 1.882128357887268066e+00 4.269828796386718750e-01 -7.202151298522949219e+00 9.605962753295898438e+00 -6.018124103546142578e+00 3.066980361938476562e+00 1.425859332084655762e-01 4.789551794528961182e-01 3.204774379730224609e+00 1.743407249450683594e+00 5.890462875366210938e+00 8.178098678588867188e+00 -3.829364299774169922e+00 -6.348132491111755371e-01 1.421583533287048340e+00 -1.665836811065673828e+00 -2.491918087005615234e+00 -4.540718078613281250e+00 2.498807430267333984e+00 -1.129388570785522461e+00 -6.445008277893066406e+00 -3.027206897735595703e+00 -8.977763652801513672e-01 1.731563925743103027e+00 -2.526936829090118408e-01 -1.745763182640075684e+00 -3.823085546493530273e+00 -3.448614597320556641e+00 2.805608987808227539e+00 -3.256844282150268555e+00 -2.687037706375122070e+00 -4.913177967071533203e+00 1.880611777305603027e+00 1.749870419502258301e+00 4.562072277069091797e+00 4.805340290069580078e+00 -6.741628795862197876e-02 2.004956901073455811e-01 -1.439159154891967773e+00 -7.352387428283691406e+00 -7.431112766265869141e+00 -1.212152957916259766e+00 1.461507230997085571e-01 3.187852799892425537e-01 2.304097890853881836e+00 -1.526614546775817871e+00 -1.384005188941955566e+00 -2.170646667480468750e+00 2.688542306423187256e-01 3.567386627197265625e+00 -5.280309915542602539e-01 -4.898586273193359375e+00 -2.569841384887695312e+00 2.805311679840087891e+00 -9.740548729896545410e-01 -8.109540939331054688e-01 2.851699590682983398e+00 -7.127087593078613281e+00 -2.483712911605834961e+00 4.277027547359466553e-01 -3.277384757995605469e+00 4.836485981941223145e-01 1.962719440460205078e+00 -5.073195099830627441e-01 -1.834151506423950195e+00 4.890956878662109375e+00 -9.550949335098266602e-01 2.539684772491455078e+00 2.533309221267700195e+00 1.923613548278808594e+00 1.982367515563964844e+00 -1.644424319267272949e+00 -5.068945884704589844e-01 2.111447811126708984e+00 -3.378442227840423584e-01 -1.254500031471252441e+00 2.392951965332031250e+00
-7.420437335968017578e-01 -2.612750625610351562e+01 5.031944751739501953e+00 -4.705537557601928711e-01 5.118061065673828125e+00 -1.728318333625793457e+00 9.301181793212890625e+00 1.034795665740966797e+01 4.521984577178955078e+00 8.081530570983886719e+00 -2.469891309738159180e-02 -4.665133059024810791e-01 -3.524255752563476562e+00 -5.462166786193847656e+00 -8.535800576210021973e-01 4.097202777862548828e+00 -2.095819711685180664e+00 -2.167214870452880859e+00 3.014821290969848633e+00 -4.715432643890380859e+00 -6.852138042449951172e+00 -1.478322505950927734e+00 -2.028171300888061523e+00 9.816422462463378906e-01 -4.819908618927001953e+00 -1.014674901962280273e+00 -3.245896100997924805e+00 1.011206150054931641e+00 -2.782831430435180664e+00 -4.204262733459472656e+00 -4.318645477294921875e+00 -3.105323076248168945e+00 -1.906307578086853027e+00 1.185234308242797852e+00 5.512462139129638672e+00 -4.969373226165771484e+00 2.119684219360351562e+00 6.824183464050292969e-01 -1.611412525177001953e+00 3.823918104171752930e+00 -5.091736316680908203e+00 -6.799665451049804688e+00 -3.531079053878784180e+00 -1.283087253570556641e+00 7.113109111785888672e+00 1.541417002677917480e+00 2.848836779594421387e-01 5.045465469360351562e+00 -1.037297010421752930e+00 9.426086544990539551e-01 -4.535885334014892578e+00 3.480409145355224609e+00 -4.129633605480194092e-01 1.964659571647644043e+00 -1.114135384559631348e+00 -1.675427794456481934e+00 1.190452218055725098e+00 -3.921815872192382812e+00 2.856833696365356445e+00 -2.356790542602539062e+00 -1.255290508270263672e+00 -6.555609703063964844e+00 1.324762821197509766e+00 3.706259250640869141e+00 3.501880168914794922e+00 1.851624436676502228e-02 -2.082579374313354492e+00 1.940737485885620117e+00 -1.951983869075775146e-01 9.249346852302551270e-01 1.139244675636291504e+00 1.649838566780090332e+00 -3.364441871643066406e+00 -1.102804780006408691e+00 -3.252082586288452148e+00 -1.811414361000061035e+00 8.177115321159362793e-01 4.725858211517333984e+00 -3.576701283454895020e-01 -2.075425624847412109e+00 -1.241179227828979492e+00 -3.535250425338745117e+00 1.938978582620620728e-01 -3.659168481826782227e+00 -7.682303905487060547e+00 -2.321276426315307617e+00 -4.362467765808105469e+00 6.055882453918457031e+00 -9.721030294895172119e-02 -3.079904556274414062e+00 -1.013688966631889343e-01 -3.857415199279785156e+00 1.349911808967590332e+00 2.655493915081024170e-01 -1.333577990531921387e+00 -2.712664902210235596e-01 1.257839083671569824e+00 -8.782181143760681152e-01 8.657801628112792969e+00 1.523232102394104004e+00
-3.945854663848876953e+00 -1.980129623413085938e+01 9.311231613159179688e+00 2.007419824600219727e+00 -7.402033805847167969e+00 -4.231969833374023438e+00 1.113207340240478516e+01 3.840768337249755859e+00 4.363538742065429688e+00 3.206243991851806641e+00 4.841702938079833984e+00 8.343008995056152344e+00 -1.261731624603271484e+00 -9.726490974426269531e+00 4.836414337158203125e+00 -6.333129405975341797e-01 -1.921854734420776367e+00 2.142583847045898438e+00 -3.926617383956909180e+00 -1.425547480583190918e+00 2.020119667053222656e+00 -5.516767024993896484e+00 2.315663099288940430e+00 4.300647258758544922e+00 -1.239038228988647461e+00 2.314642190933227539e+00 -3.506406784057617188e+00 -2.422191381454467773e+00 2.290843725204467773e+00 -1.297030806541442871e+00 1.376044392585754395e+00 1.085033178329467773e+00 4.045639038085937500e+00 6.435453295707702637e-01 -1.536684632301330566e+00 6.125078201293945312e-01 4.092473685741424561e-01 2.835320234298706055e+00 -6.393004894256591797e+00 7.342853069305419922e+00 -1.133651375770568848e+00 -2.030359506607055664e+00 -3.086436092853546143e-01 -3.361491918563842773e+00 -3.549679756164550781e+00 9.778333663940429688e+00 1.894176602363586426e+00 -4.216180741786956787e-01 -1.777257919311523438e+00 1.272162050008773804e-01 2.205261230468750000e+00 -1.765688180923461914e+00 -4.030757844448089600e-01 7.562698364257812500e+00 -6.414838433265686035e-01 2.529711484909057617e+00 -4.676329612731933594e+00 -1.080621838569641113e+00 7.204656600952148438e+00 3.618732690811157227e+00 -2.468989133834838867e+00 3.842919111251831055e+00 -5.967451930046081543e-01 2.813757896423339844e+00 -2.824218034744262695e+00 1.272393703460693359e+00 2.409049510955810547e+00 4.087260723114013672e+00 -1.687107682228088379e-01 6.911660671234130859e+00 2.917967319488525391e+00 3.200305461883544922e+00 -7.940682023763656616e-02 -5.309639453887939453e+00 -1.542992115020751953e+00 -7.637658715248107910e-01 -1.460034608840942383e+00 -1.416446566581726074e+00 -2.135990858078002930e+00 -1.000276803970336914e+00 3.213588595390319824e-01 -1.143686398863792419e-01 -2.763815402984619141e+00 -9.020377881824970245e-03 7.639673948287963867e-01 -2.582141399383544922e+00 -1.332418799400329590e+00 -3.179473400115966797e+00 -4.221971988677978516e+00 -3.586317062377929688e+00 3.576221466064453125e-01 9.445825219154357910e-01 -3.080613136291503906e+00 -6.811762452125549316e-01 7.363641858100891113e-01 -1.084724664688110352e+00 -5.619598388671875000e+00 4.350090920925140381e-01 -1.735127091407775879e+00 9.554764628410339355e-01
-1.236255168914794922e+00 -2.019288444519042969e+01 -3.730916738510131836e+00 -3.542996644973754883e-01 1.111723041534423828e+01 -5.171453952789306641e-01 8.404825210571289062e+00 3.412416219711303711e+00 8.779737472534179688e+00 6.555795669555664062e+00 1.006345272064208984e+00 -1.853845000267028809e+00 -3.018736124038696289e+00 -1.667919278144836426e+00 -1.619465351104736328e+00 -4.171641826629638672e+00 -5.341320037841796875e+00 3.776829957962036133e+00 1.739617586135864258e+00 8.630359172821044922e-01 -8.101058006286621094e+00 1.798420071601867676e+00 9.105916619300842285e-01 -9.309305548667907715e-01 -4.957452297210693359e+00 -2.038977146148681641e+00 3.058272600173950195e+00 -2.932278394699096680e+00 4.321881771087646484e+00 -5.660037994384765625e-01 2.843361616134643555e+00 -4.602256298065185547e+00 3.857176303863525391e+00 3.139903783798217773e+00 -4.898366451263427734e+00 6.850652694702148438e-01 4.051600456237792969e+00 -5.734665870666503906e+00 3.019099235534667969e+00 -5.907100439071655273e-01 -2.030955076217651367e+00 -1.025812625885009766e+00 -3.955316781997680664e+00 -4.626884460449218750e+00 -9.439117908477783203e-01 -2.912538528442382812e+00 2.745299339294433594e+00 5.517127037048339844e+00 3.377315521240234375e+00 -1.164756059646606445e+00 3.320458412170410156e+00 1.808204531669616699e+00 1.346113562583923340e+00 -2.308581113815307617e+00 1.693240880966186523e+00 2.169138908386230469e+00 1.618627667427062988e+00 -2.921334981918334961e+00 -2.708098411560058594e+00 1.317640781402587891e+00 1.023539900779724121e+00 -6.401477336883544922e+00 3.068126440048217773e+00 2.632229804992675781e+00 -1.899662494659423828e+00 -5.922064304351806641e+00 -1.825520873069763184e+00 9.678430557250976562e-01 -9.631502032279968262e-01 3.239556789398193359e+00 -1.209891915321350098e+00 5.655112266540527344e-01 -4.499783039093017578e+00 1.454805850982666016e+00 -1.310904741287231445e+00 2.602708637714385986e-01 6.205204010009765625e+00 -6.050785064697265625e+00 3.780910372734069824e-01 -1.620997071266174316e+00 -2.533260822296142578e+00 -3.750179052352905273e+00 -1.163136720657348633e+00 1.003419041633605957e+00 -4.151014804840087891e+00 8.037098497152328491e-02 -1.875775098800659180e+00 -9.895029067993164062e-01 3.279145717620849609e+00 -6.541092991828918457e-01 -4.207853794097900391e+00 -1.561483740806579590e-01 -3.644604682922363281e+00 3.149935007095336914e+00 -4.032595634460449219e+00 3.089751005172729492e+00 -5.652522563934326172e+00 -3.043155431747436523e+00 -4.604913711547851562e+00 1.146881580352783203e+00
-6.237209320068359375e+00 -1.410868263244628906e+01 1.797822237014770508e+00 -3.924536943435668945e+00 4.619035720825195312e+00 -7.105072498321533203e+00 1.234089279174804688e+01 6.992412567138671875e+00 1.241977214813232422e+01 1.715924441814422607e-01 6.647152900695800781e+00 3.406573295593261719e+00 -2.142499983310699463e-01 -4.831152439117431641e+00 7.405306339263916016e+00 1.559992551803588867e+00 -5.645805835723876953e+00 4.613125801086425781e+00 1.598369836807250977e+00 2.737545967102050781e+00 -4.279607295989990234e+00 -3.458608865737915039e+00 1.959253787994384766e+00 -2.844952106475830078e+00 -3.008779048919677734e+00 1.266334950923919678e-01 -1.017265319824218750e+00 9.706927537918090820e-01 2.025266885757446289e+00 -7.224395751953125000e+00 1.235902309417724609e+00 2.017667055130004883e+00 1.812606334686279297e+00 4.798960685729980469e+00 -5.510556697845458984e+00 1.161322474479675293e+00 9.523771405220031738e-01 -3.055197477340698242e+00 2.681750535964965820e+00 -4.774264812469482422e+00 8.192711830139160156e+00 -1.999506115913391113e+00 1.979711413383483887e+00 -5.240519046783447266e+00 -3.868852853775024414e+00 -2.448777914047241211e+00 4.396117329597473145e-01 2.056220769882202148e+00 4.265760481357574463e-01 -9.453489184379577637e-01 2.124769091606140137e-01 -2.397931069135665894e-01 1.278972744941711426e+00 4.569202423095703125e+00 -3.494208574295043945e+00 4.433162808418273926e-01 9.167577624320983887e-01 7.530791282653808594e+00 2.613694190979003906e+00 8.604230880737304688e+00 -3.194524049758911133e+00 2.088821649551391602e+00 -6.572724580764770508e-01 4.885458946228027344e+00 1.468855142593383789e+00 -3.375867366790771484e+00 3.836639642715454102e+00 1.468392252922058105e+00 2.861178398132324219e+00 2.256526708602905273e+00 -5.084806680679321289e-01 -6.782267093658447266e-01 -5.014589428901672363e-01 9.124222993850708008e-01 1.479408860206604004e+00 4.738521099090576172e+00 -1.886024236679077148e+00 -2.955362558364868164e+00 -3.002327680587768555e-01 -1.758844017982482910e+00 -1.270979523658752441e+00 -2.728769063949584961e+00 3.614624023437500000e+00 4.124020576477050781e+00 -1.325557708740234375e+00 3.207200169563293457e-01 2.050361633300781250e+00 -2.028003454208374023e+00 8.777973055839538574e-01 1.401991486549377441e+00 -3.637375354766845703e+00 3.169600725173950195e+00 7.065839767456054688e+00 1.139824986457824707e+00 3.234208106994628906e+00 1.293226003646850586e+00 -2.919108867645263672e+00 7.967089414596557617e-01 -1.526260375976562500e+00 1.403570082038640976e-02
5.320952415466308594e+00 -2.407198905944824219e+01 4.901744842529296875e+00 -5.336270332336425781e+00 9.664982795715332031e+00 7.150719642639160156e+00 4.670836925506591797e+00 6.078691005706787109e+00 -1.122233104705810547e+01 4.128145694732666016e+00 4.193268299102783203e+00 -6.278776168823242188e+00 -5.233072757720947266e+00 -2.810625076293945312e+00 -3.751365661621093750e+00 7.117598056793212891e+00 -3.090303182601928711e+00 7.544770240783691406e+00 4.144680023193359375e+00 -1.461552858352661133e+00 -6.943622112274169922e+00 6.401145458221435547e-01 -2.930826663970947266e+00 5.576588511466979980e-01 -6.325976371765136719e+00 -3.817388772964477539e+00 -3.573825359344482422e+00 1.246834397315979004e+00 -7.845863103866577148e-01 -9.800342321395874023e-01 3.510985136032104492e+00 3.808675050735473633e+00 5.582489967346191406e+00 -2.283152341842651367e+00 -2.530494689941406250e+00 2.750290632247924805e-01 -7.799156904220581055e-01 -1.767656087875366211e+00 5.187705993652343750e+00 6.884735584259033203e+00 2.549229145050048828e+00 -2.922187328338623047e+00 7.805560827255249023e-01 4.619352817535400391e+00 -3.456106185913085938e+00 1.994593381881713867e+00 3.812530338764190674e-01 -1.607466936111450195e+00 -2.171702623367309570e+00 3.519015312194824219e+00 -3.223065137863159180e+00 -5.986410617828369141e+00 4.860658645629882812e+00 7.621019840240478516e+00 -4.559722840785980225e-01 -4.999242305755615234e+00 -5.907477855682373047e+00 1.342269182205200195e+00 -1.379482150077819824e+00 -3.422139406204223633e+00 -3.760848045349121094e-01 7.859460830688476562e+00 -1.346063733100891113e+00 -4.376933574676513672e+00 2.199902057647705078e+00 1.235243439674377441e+00 -3.203481912612915039e+00 -2.720521450042724609e+00 3.686112165451049805e+00 1.976190924644470215e+00 -8.232318758964538574e-01 -7.791864871978759766e-01 -7.997657656669616699e-01 -1.423600792884826660e+00 -4.186400413513183594e+00 3.037468910217285156e+00 -4.226866364479064941e-01 -2.683639824390411377e-01 -6.724800467491149902e-01 2.117779731750488281e+00 2.808027267456054688e+00 -7.870957255363464355e-01 -4.654174149036407471e-01 1.548682212829589844e+00 2.584512710571289062e+00 -5.902481079101562500e+00 6.561210155487060547e-01 -3.959797143936157227e+00 2.255270004272460938e+00 -9.144335985183715820e-01 -3.178018033504486084e-01 -8.316445946693420410e-01 2.918614864349365234e+00 3.794599473476409912e-01 -4.109191417694091797e+00 2.476982772350311279e-01 1.069897770881652832e+00 4.524137973785400391e+00 -5.465733408927917480e-01 3.351726770401000977e+00
3.684895038604736328e+00 -1.584632301330566406e+01 6.903293132781982422e-01 6.479809284210205078e-01 1.112479448318481445e+00 1.428350806236267090e+00 1.243081283569335938e+01 -3.165765106678009033e-01 -5.958840370178222656e+00 -2.163875699043273926e-01 -2.442517280578613281e+00 -5.904491543769836426e-01 -6.260451316833496094e+00 -3.265987873077392578e+00 2.590110540390014648e+00 -1.597899794578552246e+00 -1.155611515045166016e+01 4.005306720733642578e+00 5.028545856475830078e+00 2.880263805389404297e+00 8.911690115928649902e-01 -6.320761680603027344e+00 -3.323068857192993164e+00 4.370267868041992188e+00 -5.868638515472412109e+00 -4.739865064620971680e-01 2.958601236343383789e+00 5.550544857978820801e-01 1.936003565788269043e+00 1.716380596160888672e+00 -3.092592477798461914e+00 3.950828075408935547e+00 -8.702095985412597656e+00 1.788162350654602051e+00 -1.882197618484497070e+00 -5.084718227386474609e+00 -2.662055015563964844e+00 -6.239641666412353516e+00 -2.905749559402465820e+00 7.738488674163818359e+00 -4.964283466339111328e+00 -1.065172100067138672e+01 -2.642119646072387695e+00 3.968195676803588867e+00 -4.356302261352539062e+00 -4.089802265167236328e+00 2.638077974319458008e+00 4.961301088333129883e-01 1.352194547653198242e+00 -4.736943244934082031e+00 5.437189102172851562e+00 1.828415155410766602e+00 2.733606576919555664e+00 1.443414688110351562e+00 -1.491139173507690430e+00 3.737414836883544922e+00 8.053636550903320312e-01 -4.420749664306640625e+00 -7.843348979949951172e-01 4.184191823005676270e-01 1.289841979742050171e-01 4.742177963256835938e+00 -2.959130048751831055e+00 -9.682158231735229492e-01 -4.455395638942718506e-01 -3.977315187454223633e+00 -5.549570083618164062e+00 1.956982016563415527e+00 4.327694892883300781e+00 -7.592001914978027344e+00 3.916523218154907227e+00 -6.296626478433609009e-02 -2.181631803512573242e+00 -2.460793107748031616e-01 6.443104743957519531e+00 4.644408702850341797e+00 4.774820804595947266e+00 7.381830811500549316e-01 -1.900815486907958984e+00 -6.045793294906616211e-01 -5.057726055383682251e-02 6.164689540863037109e+00 1.999735593795776367e+00 5.173274040222167969e+00 4.933752536773681641e+00 3.343662738800048828e+00 -6.475420951843261719e+00 -8.462300896644592285e-01 4.562405943870544434e-01 2.925575733184814453e+00 -8.058992028236389160e-01 -7.960424900054931641e+00 3.778573513031005859e+00 -7.526649236679077148e-01 -3.922783434391021729e-01 7.348406314849853516e-01 -2.021855831146240234e+00 3.136576175689697266e+00 6.843128681182861328e+00 1.329592585563659668e+00
1.591062641143798828e+01 -2.594400787353515625e+01 8.632596015930175781e+00 3.265756368637084961e+00 -4.427037239074707031e+00 3.929027795791625977e+00 1.789682269096374512e+00 -7.481454849243164062e+00 -6.073190212249755859e+00 3.055718660354614258e+00 -4.317893028259277344e+00 7.861643314361572266e+00 -1.025732326507568359e+01 -4.184650421142578125e+00 -5.014904737472534180e-01 1.629713654518127441e+00 -3.225667178630828857e-01 -2.360629558563232422e+00 -9.621981620788574219e+00 7.502757072448730469e+00 -7.866696357727050781e+00 4.334711432456970215e-01 -6.815280437469482422e+00 -2.186272621154785156e+00 2.641998291015625000e+00 -1.124759554862976074e+00 -1.191983032226562500e+01 5.571123600006103516e+00 -1.809911608695983887e+00 6.001582622528076172e+00 -2.277098417282104492e+00 -1.138550639152526855e+00 -1.354411005973815918e+00 -2.399913072586059570e+00 -1.658124923706054688e+00 4.501164436340332031e+00 -7.656270980834960938e+00 7.699196815490722656e+00 -1.319720268249511719e+00 -3.449996709823608398e+00 -3.719371318817138672e+00 -2.040617465972900391e-01 -2.823186874389648438e+00 -1.617516875267028809e-01 2.394986391067504883e+00 2.027545869350433350e-01 -4.336908340454101562e+00 -9.657250404357910156e+00 -2.403141707181930542e-01 -3.406196832656860352e+00 1.180125594139099121e+00 5.761260509490966797e+00 5.555560111999511719e+00 5.494345188140869141e+00 3.980208396911621094e+00 -9.791828989982604980e-01 7.758929729461669922e-01 -6.571379184722900391e+00 -1.243615150451660156e+00 -3.058112263679504395e-01 4.430853366851806641e+00 -2.644268035888671875e+00 4.474041938781738281e+00 -6.335521697998046875e+00 3.319210290908813477e+00 5.183587074279785156e+00 -6.293711662292480469e-01 -3.439782142639160156e+00 -1.459062695503234863e-01 3.642933964729309082e-01 7.384098768234252930e-01 -4.390733242034912109e+00 -1.062343239784240723e+00 -2.772423028945922852e+00 1.115106701850891113e+00 5.247426033020019531e+00 6.526942849159240723e-01 1.637629151344299316e+00 -1.589888215065002441e+00 1.329620838165283203e+00 3.257195949554443359e+00 1.448429942131042480e+00 4.991947650909423828e+00 -1.897333264350891113e+00 5.411058068275451660e-01 6.808405876159667969e+00 1.722383260726928711e+00 2.144668579101562500e+00 -8.608951568603515625e-01 4.050082340836524963e-02 5.473262310028076172e+00 -3.518658876419067383e+00 5.823088288307189941e-01 2.368088722229003906e+00 -6.510359644889831543e-01 -2.353678703308105469e+00 1.267385721206665039e+00 8.389179706573486328e-01 8.374058723449707031e+00 3.404310226440429688e+00
3.094447517395019531e+01 -2.126631546020507812e+01 3.232976436614990234e+00 9.269990324974060059e-01 9.996561050415039062e+00 3.373671770095825195e+00 -6.244894027709960938e+00 -2.900843381881713867e+00 -1.126906204223632812e+01 1.333581209182739258e+00 -5.823751449584960938e+00 -6.950228214263916016e+00 -6.945445537567138672e-01 -4.536535739898681641e+00 9.183148384094238281e+00 1.805997848510742188e+00 7.184087485074996948e-02 -1.897359013557434082e+00 7.510558605194091797e+00 5.088429927825927734e+00 -7.089580059051513672e+00 4.122859001159667969e+00 -1.772912502288818359e+00 -2.688950002193450928e-01 -1.781637907028198242e+00 5.877904415130615234e+00 4.893838405609130859e+00 -9.661112427711486816e-01 -2.721976339817047119e-01 -5.557231426239013672e+00 -9.564970731735229492e-01 -8.762829780578613281e+00 -2.180002927780151367e+00 5.005308613181114197e-02 2.074847698211669922e+00 2.205399513244628906e+00 -3.102903366088867188e+00 8.689882755279541016e-01 -2.608553171157836914e+00 -6.686317920684814453e-01 -3.762751102447509766e+00 -1.227285146713256836e+00 6.274895668029785156e+00 9.610239028930664062e+00 4.315253734588623047e+00 -4.744194820523262024e-02 -3.549398899078369141e+00 -7.711385726928710938e+00 -3.668045520782470703e+00 -4.419498741626739502e-01 -1.432502388954162598e+00 2.540935993194580078e+00 -3.480530381202697754e-01 -1.653544783592224121e+00 -3.353962182998657227e+00 -3.451748609542846680e+00 3.102267026901245117e+00 1.266090512275695801e+00 -2.114789724349975586e+00 1.212601065635681152e+00 -1.731123030185699463e-01 1.995633125305175781e+00 -8.058818578720092773e-01 3.868710041046142578e+00 -2.183781385421752930e+00 2.479792833328247070e+00 4.838116168975830078e+00 7.805141806602478027e-01 4.362809181213378906e+00 5.651348590850830078e+00 -3.441651582717895508e+00 5.917937755584716797e-01 5.589660644531250000e+00 3.786062598228454590e-01 1.726328015327453613e+00 -1.209119796752929688e+00 -2.400632619857788086e+00 -2.584101438522338867e+00 4.752819538116455078e+00 -3.804769754409790039e+00 -3.330681025981903076e-01 2.818071842193603516e+00 -5.757638216018676758e-01 2.058131456375122070e+00 -6.752130508422851562e+00 2.098331451416015625e+00 3.062948226928710938e+00 2.486710786819458008e+00 2.355374097824096680e+00 -2.545683681964874268e-01 2.089848518371582031e+00 -5.401576519012451172e+00 -3.790651798248291016e+00 -1.605350971221923828e+00 -4.734838604927062988e-01 -1.781232476234436035e+00 1.122114062309265137e+00 -6.991475224494934082e-01 4.016297757625579834e-01 3.023998975753784180e+00
2.634669685363769531e+01 -2.036249923706054688e+01 -2.158530473709106445e+00 2.653427600860595703e+00 1.062738418579101562e+01 2.905957698822021484e+00 8.579192310571670532e-02 8.636921048164367676e-01 -1.042832660675048828e+01 2.942821741104125977e+00 5.304747581481933594e+00 -7.520493507385253906e+00 -3.320751905441284180e+00 -5.144121646881103516e-01 3.747386217117309570e+00 3.865446805953979492e+00 3.398957729339599609e+00 -1.107168674468994141e+00 2.202162265777587891e+00 2.178368330001831055e+00 -6.041142463684082031e+00 -2.006336450576782227e+00 -1.004629611968994141e+00 2.137200117111206055e+00 -5.196160316467285156e+00 -8.786565065383911133e-01 -2.567868232727050781e+00 -6.067842841148376465e-01 1.658705919981002808e-01 -1.603754997253417969e+00 7.338317036628723145e-01 -4.873123645782470703e+00 4.686394214630126953e+00 -1.341348409652709961e+00 -2.747633218765258789e+00 2.684896707534790039e+00 2.141682803630828857e-01 -5.341714859008789062e+00 -1.200930356979370117e+00 -3.311885118484497070e+00 -3.718873500823974609e+00 4.242088794708251953e+00 -7.473437786102294922e+00 1.387915134429931641e+00 -1.380428433418273926e+00 -2.270854413509368896e-01 2.266430854797363281e+00 4.413459300994873047e+00 -8.428487777709960938e+00 3.033736050128936768e-01 -3.682882547378540039e+00 3.506058156490325928e-01 -8.638814926147460938e+00 4.801392078399658203e+00 1.900144457817077637e+00 4.923323392868041992e-01 4.507218301296234131e-01 -4.166137218475341797e+00 -3.736358165740966797e+00 1.687549948692321777e+00 -4.129982471466064453e+00 -1.554543733596801758e+00 -2.337186813354492188e+00 -3.350178480148315430e+00 1.801787734031677246e+00 -7.251298427581787109e-01 4.602282643318176270e-01 -2.707297325134277344e+00 1.373247623443603516e+00 -2.682328224182128906e+00 4.795716285705566406e+00 -2.189528226852416992e+00 -2.417545557022094727e+00 2.334915876388549805e+00 3.212906420230865479e-01 -5.974205970764160156e+00 -1.476405858993530273e+00 -4.040409088134765625e+00 4.683511257171630859e+00 4.269180297851562500e+00 -2.494094610214233398e+00 2.154915094375610352e+00 1.645131826400756836e+00 -5.319708585739135742e-01 1.094492435455322266e+00 1.772847771644592285e+00 8.101763725280761719e-01 2.872220039367675781e+00 -2.965636253356933594e+00 4.685278892517089844e+00 2.750582695007324219e+00 1.250597953796386719e+00 3.192596912384033203e+00 -1.751397728919982910e+00 1.720327496528625488e+00 1.688267849385738373e-02 -2.287323236465454102e+00 2.503700256347656250e+00 2.484142780303955078e-01 -4.443442344665527344e+00
3.260411834716796875e+01 -2.145050621032714844e+01 1.969683021306991577e-01 -3.481961250305175781e+00 1.232487297058105469e+01 -4.187543869018554688e+00 -6.691653728485107422e+00 -4.082847595214843750e+00 -1.026895427703857422e+01 4.524816989898681641e+00 -5.720804691314697266e+00 -2.087113142013549805e+00 -2.508510828018188477e+00 1.521991252899169922e+00 -1.381528675556182861e-01 -1.966611146926879883e-01 -3.054854869842529297e+00 -5.305635452270507812e+00 1.388728618621826172e+00 4.342153072357177734e+00 -8.700474500656127930e-01 2.000247955322265625e+00 -8.688457489013671875e+00 -2.862980842590332031e+00 2.318189382553100586e+00 -3.104596436023712158e-01 -4.025537490844726562e+00 -2.880643606185913086e+00 -3.879385232925415039e+00 3.303549051284790039e+00 2.087308168411254883e+00 -3.029550075531005859e+00 9.222126752138137817e-02 4.617309868335723877e-01 -1.290082335472106934e+00 -3.048938274383544922e+00 9.437775611877441406e-01 -3.666148185729980469e-01 -4.494781017303466797e+00 1.769787788391113281e+00 2.390030622482299805e+00 1.655662536621093750e+00 5.531928062438964844e+00 -2.359349966049194336e+00 2.104589641094207764e-01 -3.697774887084960938e+00 -4.147228717803955078e+00 -5.985952615737915039e-01 5.125231742858886719e-01 -2.872259378433227539e+00 -2.053186655044555664e+00 -7.684663295745849609e+00 -9.305225372314453125e+00 -5.744373202323913574e-01 -6.211698651313781738e-01 4.707337379455566406e+00 -5.422890663146972656e+00 3.131947040557861328e+00 -2.212884187698364258e+00 -1.564993739128112793e+00 4.460741043090820312e+00 2.611715905368328094e-02 4.478957653045654297e+00 1.445765644311904907e-01 3.786014556884765625e+00 -8.375385284423828125e+00 2.774571657180786133e+00 -1.817087054252624512e+00 -1.000854969024658203e+00 2.649044513702392578e+00 -2.819806575775146484e+00 6.463880062103271484e+00 5.189385414123535156e+00 3.071896553039550781e+00 3.565959930419921875e+00 -5.255881309509277344e+00 -2.107642292976379395e-01 3.752570226788520813e-02 1.317274689674377441e+00 -1.475142359733581543e+00 -3.793522834777832031e+00 -1.079301238059997559e+00 2.752742290496826172e+00 -5.380221605300903320e-01 3.681099414825439453e-01 9.391423463821411133e-01 -2.336395025253295898e+00 4.337740898132324219e+00 3.177520990371704102e+00 -2.684740304946899414e+00 -1.375119686126708984e+00 -3.519457280635833740e-01 -5.735085606575012207e-01 -1.333361744880676270e+00 -1.727867364883422852e+00 -3.196958541870117188e+00 -1.643077850341796875e+00 2.744186639785766602e+00 -5.195622444152832031e+00 -3.237168312072753906e+00
3.096047019958496094e+01 -2.384581756591796875e+01 6.153031826019287109e+00 3.113963365554809570e+00 1.370322227478027344e+01 -1.803027749061584473e+00 -1.114349937438964844e+01 -4.272758588194847107e-02 -6.110853195190429688e+00 -9.556187391281127930e-01 5.702360153198242188e+00 -1.992715358734130859e+00 -2.718666791915893555e+00 1.316443562507629395e+00 4.309656143188476562e+00 2.054627418518066406e+00 -1.105704903602600098e+00 -5.790378570556640625e+00 7.611171722412109375e+00 1.808114409446716309e+00 -1.891566038131713867e+00 1.989587247371673584e-01 2.588843345642089844e+00 -1.310933351516723633e+00 1.849710583686828613e+00 4.863792896270751953e+00 6.615798473358154297e+00 -9.265891313552856445e-01 5.411282777786254883e-01 -3.734327793121337891e+00 -6.335089206695556641e-01 -2.166363954544067383e+00 2.820649862289428711e+00 -9.780220985412597656e-01 -3.770412921905517578e+00 -2.034582048654556274e-01 1.296939969062805176e+00 -2.085214376449584961e+00 -5.123595595359802246e-01 -1.627663016319274902e+00 -2.376934289932250977e+00 2.043767213821411133e+00 1.383939385414123535e+00 3.970234155654907227e+00 2.367949485778808594e+00 3.184665203094482422e+00 -2.714437246322631836e+00 -1.094877123832702637e+00 -9.735471606254577637e-01 -9.044575691223144531e-01 3.559072971343994141e+00 3.364468097686767578e+00 -5.570300102233886719e+00 8.478152751922607422e-01 -4.521922588348388672e+00 4.307074069976806641e+00 9.776734709739685059e-01 -5.432672023773193359e+00 9.785157628357410431e-03 3.181160211563110352e+00 3.880149126052856445e-02 1.667316079139709473e+00 6.199432015419006348e-01 -1.074905037879943848e+00 3.478079319000244141e+00 -2.518921852111816406e+00 1.735888123512268066e+00 5.906351089477539062e+00 -1.734717011451721191e+00 1.373981118202209473e+00 4.370025396347045898e-01 -2.961781740188598633e+00 2.804454088211059570e+00 1.207520008087158203e+00 2.419809818267822266e+00 5.619738578796386719e+00 -5.197255134582519531e+00 -1.084288835525512695e+00 -1.148942232131958008e+00 2.790000915527343750e+00 3.726983070373535156e+00 -9.320875406265258789e-01 3.865561723709106445e+00 -1.741631776094436646e-01 -1.959697365760803223e+00 -9.099549613893032074e-03 4.781548976898193359e-01 -3.687669932842254639e-01 3.268943130970001221e-01 2.694846630096435547e+00 -1.896934151649475098e+00 -6.444562435150146484e+00 -4.813968390226364136e-02 -3.026956081390380859e+00 -5.229785442352294922e+00 -7.674793004989624023e-01 1.030097961425781250e+00 -2.771657705307006836e+00 1.033020257949829102e+00 -3.057176589965820312e+00
2.909066200256347656e+01 -2.857150650024414062e+01 1.447637462615966797e+01 3.004255771636962891e+00 7.429437637329101562e+00 -2.651702761650085449e-01 -1.244546890258789062e+01 -3.370961427688598633e+00 -3.420047760009765625e+00 1.113770008087158203e+00 9.625152945518493652e-01 1.103536725044250488e+00 -1.280542492866516113e+00 5.852931141853332520e-01 -6.827430725097656250e-01 -4.783916473388671875e+00 2.759722232818603516e+00 9.098519682884216309e-01 -7.139292955398559570e-01 3.745191097259521484e+00 -3.955522298812866211e+00 1.808701872825622559e+00 -2.676376342773437500e+00 -6.860698223114013672e+00 -2.730673074722290039e+00 -4.301391541957855225e-01 2.684471845626831055e+00 2.348069667816162109e+00 -4.363174915313720703e+00 -9.368259906768798828e-01 -1.878622770309448242e+00 9.498714208602905273e-01 2.950528383255004883e+00 1.017693638801574707e+00 -4.524083614349365234e+00 8.355378359556198120e-02 7.499006748199462891e+00 5.676930546760559082e-01 6.821174144744873047e+00 -1.385744094848632812e+00 1.838608503341674805e+00 -2.298716068267822266e+00 1.686005949974060059e+00 -2.651122331619262695e+00 -2.751880288124084473e-01 2.922690629959106445e+00 2.739407300949096680e+00 -4.196084976196289062e+00 6.188793182373046875e-01 9.590664505958557129e-01 1.455639600753784180e+00 -4.069243431091308594e+00 -6.635373830795288086e-01 4.942332267761230469e+00 -3.514442920684814453e+00 3.994265317916870117e+00 -2.416004657745361328e+00 3.259682416915893555e+00 8.154016733169555664e-01 -5.053099632263183594e+00 -1.309293746948242188e+00 -2.907720565795898438e+00 -4.067884683609008789e-01 -2.085869550704956055e+00 -2.479725122451782227e+00 -1.121514439582824707e+00 -2.605354070663452148e+00 3.552124500274658203e+00 3.238161087036132812e+00 5.307902097702026367e-01 -3.030866086483001709e-01 -7.550481557846069336e-01 -9.744232892990112305e-01 4.197235107421875000e+00 1.995781064033508301e+00 -1.610719442367553711e+00 -1.018500208854675293e+00 -2.640557765960693359e+00 -7.161227703094482422e+00 2.932293415069580078e+00 2.096440047025680542e-01 -4.827302932739257812e+00 7.836433360353112221e-04 -3.969687223434448242e+00 -5.166483521461486816e-01 -6.061724424362182617e-01 -5.624175071716308594e+00 -1.780802011489868164e+00 3.628343105316162109e+00 -4.894167780876159668e-01 2.206755876541137695e+00 1.058019399642944336e+00 2.450660943984985352e+00 -1.878463268280029297e+00 -2.275012731552124023e+00 -5.601303100585937500e+00 -1.256111383438110352e+00 -2.482332944869995117e+00 2.994086265563964844e+00 4.972174644470214844e+00
3.868515777587890625e+01 -2.281869697570800781e+01 9.702850341796875000e+00 2.456722497940063477e+00 8.519543647766113281e+00 -2.944007635116577148e+00 -1.194741249084472656e+01 7.140942215919494629e-01 -3.056098222732543945e+00 1.067973852157592773e+00 -1.191586554050445557e-01 1.637149691581726074e+00 -5.667310953140258789e-01 1.976892828941345215e+00 -8.612170219421386719e-01 -2.363479375839233398e+00 4.380542278289794922e+00 -3.461246967315673828e+00 1.521959066390991211e+00 -1.520554184913635254e+00 -3.330085039138793945e+00 7.343850731849670410e-01 -1.327837467193603516e+00 -3.648764133453369141e+00 -1.346528530120849609e+00 2.475940465927124023e+00 1.185531735420227051e+00 6.825485229492187500e+00 -1.750662803649902344e+00 -1.878161311149597168e+00 -2.099328994750976562e+00 -2.598549365997314453e+00 6.386270523071289062e-01 -6.199127197265625000e+00 -4.517698287963867188e+00 9.944462180137634277e-01 3.643035411834716797e+00 -2.014414072036743164e+00 4.419088363647460938e-01 -4.807504415512084961e-01 1.381866812705993652e+00 3.129657030105590820e+00 1.036851525306701660e+00 1.255418777465820312e+00 2.422026157379150391e+00 2.584961652755737305e+00 -2.337885618209838867e+00 6.059409976005554199e-01 -3.112055540084838867e+00 -1.801458120346069336e+00 2.433093786239624023e+00 2.560095310211181641e+00 -1.509578943252563477e+00 -3.213318824768066406e+00 -6.925072520971298218e-02 -2.439083814620971680e+00 -3.395621538162231445e+00 3.560941696166992188e+00 -1.127247214317321777e+00 -5.233497619628906250e+00 -6.117048263549804688e+00 3.328961849212646484e+00 -1.301451921463012695e+00 -1.959189653396606445e+00 -7.577637434005737305e-01 -6.224664688110351562e+00 -5.446406602859497070e-01 -1.681136965751647949e+00 -1.499699354171752930e+00 3.716244459152221680e+00 -7.502104043960571289e-01 2.612609624862670898e+00 2.578290462493896484e+00 6.894089579582214355e-01 4.552890300750732422e+00 -3.956660985946655273e+00 -2.765807867050170898e+00 -2.661272048950195312e+00 1.085196614265441895e+00 1.467890441417694092e-01 -1.311365008354187012e+00 2.552408218383789062e+00 -3.604292154312133789e+00 -2.518515884876251221e-01 -9.577254205942153931e-02 4.233421325683593750e+00 -5.863530635833740234e-01 8.856585025787353516e-01 -5.877103805541992188e-01 -2.784100532531738281e+00 -2.732651233673095703e+00 6.760130524635314941e-01 3.382224798202514648e+00 -9.941888451576232910e-01 -1.712122678756713867e+00 3.491881608963012695e+00 1.042268872261047363e+00 -5.387717723846435547e+00 7.137136459350585938e-01 2.791595757007598877e-01
2.784782600402832031e+01 -2.866009902954101562e+01 1.014447593688964844e+01 3.224800348281860352e+00 -9.434484243392944336e-01 -4.563646793365478516e+00 -8.240400314331054688e+00 -6.148585677146911621e-01 4.018295764923095703e+00 -9.660432934761047363e-01 -3.097666740417480469e+00 3.342113494873046875e+00 2.352888345718383789e+00 -7.204682826995849609e-01 -8.484722971916198730e-01 -3.320818424224853516e+00 -1.078268527984619141e+00 2.558860301971435547e+00 2.240527629852294922e+00 -3.959064006805419922e+00 2.536370992660522461e+00 3.051200628280639648e+00 1.994382858276367188e+00 -1.508446812629699707e+00 4.401046276092529297e+00 -1.249438643455505371e+00 -6.015160083770751953e-01 8.293753862380981445e-02 2.687173783779144287e-01 3.578795909881591797e+00 2.930899858474731445e+00 -1.884418487548828125e+00 1.387500166893005371e+00 -1.119899153709411621e+00 -2.541319370269775391e+00 -2.019611597061157227e+00 -2.788214206695556641e+00 -1.140065789222717285e+00 -2.218816757202148438e+00 1.001534461975097656e+00 -2.515308141708374023e+00 4.278045654296875000e+00 3.849852561950683594e+00 1.329636216163635254e+00 5.137352466583251953e+00 -1.672149419784545898e+00 3.651521921157836914e+00 2.071682929992675781e+00 -4.410070896148681641e+00 3.840397596359252930e+00 3.118607997894287109e+00 6.024286746978759766e+00 1.926867246627807617e+00 -1.873789548873901367e+00 1.023998856544494629e+00 -9.300001144409179688e+00 8.294920921325683594e-01 -1.116130828857421875e+00 5.561645030975341797e+00 1.656838178634643555e+00 -1.116339206695556641e+00 3.714967012405395508e+00 1.459503412246704102e+00 -3.959583520889282227e+00 -4.780886173248291016e+00 3.039386272430419922e+00 -1.312101960182189941e+00 3.514977693557739258e+00 4.382517337799072266e+00 -3.884318113327026367e+00 1.825362563133239746e+00 -1.873425245285034180e+00 -6.057880520820617676e-01 1.479485869407653809e+00 2.344140529632568359e+00 1.168118000030517578e+00 4.101436614990234375e+00 -2.274428844451904297e+00 -1.046814024448394775e-01 2.969367802143096924e-01 3.172596454620361328e+00 1.567686647176742554e-01 -6.166064262390136719e+00 2.076269626617431641e+00 8.996793031692504883e-01 -1.655718088150024414e+00 1.547417640686035156e+00 5.255888700485229492e-01 -5.913794040679931641e-01 -5.818062305450439453e+00 -2.644383430480957031e+00 6.570419311523437500e+00 -2.717303276062011719e+00 -1.155718922615051270e+00 2.815326213836669922e+00 -2.702171087265014648e+00 -1.915150403976440430e+00 -4.924558162689208984e+00 2.793545007705688477e+00 -1.207880616188049316e+00
2.705560874938964844e+01 -2.869173812866210938e+01 1.713964653015136719e+01 2.423438310623168945e+00 -6.906165599822998047e+00 -5.708038330078125000e+00 -5.272737503051757812e+00 -4.501000881195068359e+00 -3.405941247940063477e+00 2.283045291900634766e+00 -3.161230325698852539e+00 3.450428009033203125e+00 6.407392024993896484e-02 1.797013759613037109e+00 1.334962010383605957e+00 -7.474411129951477051e-01 9.281477928161621094e+00 6.579930305480957031e+00 -1.494613051414489746e+00 3.297615349292755127e-01 1.342914462089538574e+00 -2.578969717025756836e+00 -7.782867550849914551e-01 -6.622001171112060547e+00 -1.228135466575622559e+00 -2.242450237274169922e+00 -1.193269848823547363e+00 -2.545334339141845703e+00 2.520833492279052734e+00 2.344384670257568359e+00 -1.569938182830810547e+00 3.875158071517944336e+00 -5.831897258758544922e-01 -1.233847737312316895e+00 1.807145476341247559e+00 -2.702570676803588867e+00 3.101688861846923828e+00 -2.741815090179443359e+00 6.401046514511108398e-01 3.500168561935424805e+00 6.125094413757324219e+00 3.387138605117797852e+00 -1.757749199867248535e+00 -5.261203765869140625e+00 1.065493941307067871e+00 -7.565812587738037109e+00 -6.180419445037841797e+00 -2.180301666259765625e+00 -4.645147800445556641e+00 -5.537899017333984375e+00 5.984544754028320312e-01 -3.264718770980834961e+00 -5.797783136367797852e-01 5.211958408355712891e+00 -3.138589859008789062e+00 6.258006572723388672e+00 1.415610909461975098e+00 5.712583541870117188e+00 -1.735853791236877441e+00 -1.813216924667358398e+00 6.659608364105224609e+00 -4.641200304031372070e-01 1.527690529823303223e+00 -4.485572814941406250e+00 7.621264457702636719e+00 1.471093297004699707e+00 1.759628534317016602e+00 1.465517044067382812e+00 8.559190750122070312e+00 1.901333093643188477e+00 -4.338921070098876953e+00 -7.124333977699279785e-01 -2.719194889068603516e-01 3.448085308074951172e+00 -2.201385974884033203e+00 4.410667896270751953e+00 -2.183038592338562012e-01 -3.322226405143737793e-01 6.174834728240966797e+00 -5.104942798614501953e+00 2.483921766281127930e+00 1.071195244789123535e+00 -5.430452823638916016e+00 -4.776214957237243652e-01 1.372355699539184570e+00 4.285712718963623047e+00 -1.341993927955627441e+00 6.675586104393005371e-01 -1.044888615608215332e+00 3.428733825683593750e+00 -2.313622713088989258e+00 -8.270130753517150879e-01 1.095800399780273438e+00 -3.055646657943725586e+00 -6.862944364547729492e-01 1.072745203971862793e+00 -3.882451057434082031e+00 -1.401169300079345703e+00 2.818791866302490234e+00 2.246582508087158203e+00
2.694882011413574219e+01 -3.049399185180664062e+01 1.042697238922119141e+01 5.059938505291938782e-02 6.640058755874633789e-02 -4.820113658905029297e+00 -7.828294754028320312e+00 -3.542586803436279297e+00 3.159306049346923828e-01 -1.414511442184448242e+00 -4.215154170989990234e+00 7.252808094024658203e+00 -4.807180404663085938e+00 -2.807446479797363281e+00 -9.720064401626586914e-01 -5.661365985870361328e+00 -5.501893043518066406e+00 -4.592984199523925781e+00 3.435563743114471436e-01 -1.069813251495361328e+01 -1.132865786552429199e+00 3.102470159530639648e+00 2.437442302703857422e+00 7.688061594963073730e-01 6.546427011489868164e-01 -8.754182457923889160e-01 -2.283515691757202148e+00 -8.274664878845214844e-01 -2.400749444961547852e+00 -1.877154707908630371e-01 -8.510354042053222656e+00 -4.055925846099853516e+00 -4.826872423291206360e-02 -1.108491063117980957e+00 -9.643133163452148438e+00 7.563555836677551270e-01 2.993044137954711914e+00 4.330670356750488281e+00 3.487432599067687988e-01 3.847871065139770508e+00 -1.172341108322143555e+00 3.002311229705810547e+00 4.210868835449218750e+00 -4.014142036437988281e+00 1.745890855789184570e+00 1.578994870185852051e+00 -1.270258903503417969e+00 -2.437893629074096680e+00 -3.800543248653411865e-01 -1.699228644371032715e+00 1.167909979820251465e+00 -6.914483904838562012e-01 -8.097457885742187500e+00 7.055819034576416016e+00 -4.925834655761718750e+00 4.929206371307373047e+00 -1.541243672370910645e+00 6.068112850189208984e+00 -1.815029621124267578e+00 2.276863574981689453e+00 2.436389207839965820e+00 -6.418656706809997559e-01 -3.038989305496215820e+00 1.716216087341308594e+00 -2.433541774749755859e+00 3.274850845336914062e-01 4.574201107025146484e+00 8.597446441650390625e+00 1.867799162864685059e+00 2.116844415664672852e+00 1.474148392677307129e+00 -2.009074687957763672e+00 -1.420962810516357422e+00 -7.735424637794494629e-01 1.387292623519897461e+00 -4.322648048400878906e+00 1.637369990348815918e-01 2.984775543212890625e+00 -1.805797100067138672e+00 1.450079441070556641e+00 -2.726115226745605469e+00 3.154012680053710938e+00 -2.600686550140380859e+00 -4.466697216033935547e+00 -5.988749504089355469e+00 9.914551377296447754e-01 -1.771784275770187378e-01 -3.438809156417846680e+00 5.342951297760009766e+00 -3.885186314582824707e-01 -2.100294232368469238e-01 -4.044663906097412109e+00 -1.680437803268432617e+00 8.256510734558105469e+00 2.672684907913208008e+00 -3.552389621734619141e+00 1.171126484870910645e+00 -1.559840321540832520e+00 3.542110204696655273e+00 -2.863560914993286133e-01
2.183996391296386719e+01 -2.558707046508789062e+01 1.345608901977539062e+01 8.627861976623535156e+00 -1.353456377983093262e+00 -2.450485229492187500e+00 -7.117925286293029785e-01 -3.759766101837158203e+00 -3.293650150299072266e+00 -5.737562656402587891e+00 -4.365616321563720703e+00 3.277060747146606445e+00 3.004215240478515625e+00 3.377688884735107422e+00 -3.584720373153686523e+00 2.486623048782348633e+00 9.911590218544006348e-01 3.209681510925292969e+00 -5.467907428741455078e+00 -2.203404664993286133e+00 -2.828085660934448242e+00 2.493323802947998047e+00 1.964732170104980469e+00 -3.214296579360961914e+00 -6.393788814544677734e+00 -6.701918125152587891e+00 5.543386936187744141e-01 4.417892456054687500e+00 1.622062683105468750e+00 1.120743274688720703e+00 2.811411023139953613e-01 2.973539352416992188e+00 -6.475131511688232422e+00 4.389658272266387939e-01 4.669631481170654297e+00 -7.327722072601318359e+00 -5.805369615554809570e-01 -7.406172752380371094e+00 -3.084604740142822266e-01 -3.654496192932128906e+00 9.186538457870483398e-01 -2.732675790786743164e+00 7.823061347007751465e-01 -9.253346920013427734e-01 -2.431033849716186523e-01 6.308201313018798828e+00 -7.392098903656005859e-01 3.606313943862915039e+00 -6.989055275917053223e-01 -5.106741905212402344e+00 2.573726177215576172e+00 -5.001108348369598389e-02 4.420156955718994141e+00 -1.790543317794799805e+00 4.303371906280517578e-01 -4.961299419403076172e+00 -5.175496101379394531e+00 4.240663528442382812e+00 -3.347952365875244141e+00 3.300041675567626953e+00 -8.310850858688354492e-01 -1.337715506553649902e+00 4.349486351013183594e+00 5.627754688262939453e+00 1.598649382591247559e+00 -4.137841224670410156e+00 -4.436188220977783203e+00 6.715294122695922852e-01 -3.895278215408325195e+00 -5.892847776412963867e-01 -7.180952429771423340e-01 3.994380235671997070e-01 -7.000453472137451172e+00 -4.469171524047851562e+00 3.630552813410758972e-02 -4.297462463378906250e+00 -1.625454068183898926e+00 5.550055980682373047e+00 2.078409641981124878e-01 8.331144452095031738e-01 -3.191273689270019531e+00 -1.550927639007568359e+00 5.891201496124267578e-01 3.382447481155395508e+00 3.117680311203002930e+00 -2.892638444900512695e-01 -6.917001008987426758e-01 6.213229298591613770e-01 -4.142212390899658203e+00 -1.625774264335632324e+00 -4.473858356475830078e+00 -3.547444581985473633e+00 -2.879628896713256836e+00 -7.051738262176513672e+00 1.561711549758911133e+00 1.298496246337890625e+00 -3.722975552082061768e-01 3.769314527511596680e+00 -2.214108467102050781e+00 1.884736537933349609e+00
2.890668296813964844e+01 -1.355987548828125000e+01 6.999440789222717285e-01 4.885761737823486328e+00 -1.467510759830474854e-01 -5.765413761138916016e+00 4.139535427093505859e+00 2.685776948928833008e+00 -1.093755245208740234e+01 -3.411497354507446289e+00 4.112820625305175781e+00 -1.172844886779785156e+00 -3.984730720520019531e+00 7.847300171852111816e-01 1.901432275772094727e+00 4.441422462463378906e+00 1.493976235389709473e+00 2.296003818511962891e+00 9.854426383972167969e-01 2.177334547042846680e+00 -3.180215656757354736e-01 1.605577111244201660e+00 2.038930892944335938e+00 1.761854052543640137e+00 5.557524681091308594e+00 4.294788464903831482e-02 -5.222473144531250000e-01 -4.135117053985595703e+00 -2.975919485092163086e+00 -6.864109039306640625e+00 -3.642387866973876953e+00 -2.823804378509521484e+00 -3.104783058166503906e+00 6.313808560371398926e-01 5.977233409881591797e+00 -2.586935281753540039e+00 -2.274475097656250000e+00 4.561906158924102783e-01 -6.902791500091552734e+00 5.601246833801269531e+00 -4.431153774261474609e+00 3.120220422744750977e+00 7.988230705261230469e+00 6.309096336364746094e+00 4.747087001800537109e+00 -7.048879146575927734e+00 4.879735469818115234e+00 -3.117415189743041992e+00 -2.104400157928466797e+00 -7.838483333587646484e+00 9.415389895439147949e-01 -5.268377780914306641e+00 2.330184727907180786e-01 1.229605674743652344e-01 -2.627672910690307617e+00 -1.228485107421875000e+00 -1.215391159057617188e+00 6.450714588165283203e+00 7.580143213272094727e-01 2.933951616287231445e+00 -3.445168733596801758e+00 2.999339103698730469e+00 -4.285634994506835938e+00 -2.572226285934448242e+00 3.893342494964599609e+00 1.316465139389038086e-01 -2.852451801300048828e+00 3.940420627593994141e+00 2.668494939804077148e+00 -4.329010963439941406e+00 3.329157084226608276e-02 1.807123780250549316e+00 3.492592334747314453e+00 -5.222662687301635742e-01 -1.774398386478424072e-01 -3.252813518047332764e-01 -3.253305435180664062e+00 3.204699516296386719e+00 -3.209364414215087891e+00 3.678317070007324219e+00 -3.581401705741882324e-01 -4.858030796051025391e+00 3.194642782211303711e+00 2.624297380447387695e+00 -2.875889062881469727e+00 7.442406415939331055e-01 -1.227741718292236328e+00 5.862139463424682617e-01 -8.466178894042968750e+00 -1.383347868919372559e+00 1.616063356399536133e+00 5.108938813209533691e-01 5.733996629714965820e-01 -2.490143060684204102e+00 3.130256831645965576e-01 -4.568156719207763672e+00 -6.549737453460693359e-01 -3.555806875228881836e+00 -5.336244583129882812e+00 -6.101867198944091797e+00
3.406155776977539062e+01 -1.993558692932128906e+01 2.934701442718505859e+00 2.471592187881469727e+00 4.973911762237548828e+00 -1.229253649711608887e+00 -6.942285060882568359e+00 1.816195249557495117e+00 -3.995010852813720703e+00 -2.347661495208740234e+00 8.523034095764160156e+00 -1.319471001625061035e+00 5.087656021118164062e+00 1.113437175750732422e+01 1.429128289222717285e+00 1.120634913444519043e+00 -3.794314622879028320e+00 -7.865003585815429688e+00 5.225316062569618225e-02 -4.402852058410644531e+00 -5.589683055877685547e+00 2.479716300964355469e+00 -1.678126692771911621e+00 -2.101119041442871094e+00 -4.143435001373291016e+00 1.076343536376953125e+00 -2.739657163619995117e+00 3.182671785354614258e+00 3.797956466674804688e+00 -3.415740728378295898e+00 2.652946233749389648e+00 -4.068256542086601257e-02 5.545909404754638672e-01 -8.605887293815612793e-01 -4.348011016845703125e+00 -2.124607264995574951e-01 -2.438466250896453857e-01 5.656875297427177429e-02 3.204757690429687500e+00 -6.251587867736816406e+00 1.037973463535308838e-01 -4.498804569244384766e+00 3.220057964324951172e+00 5.078377246856689453e+00 -5.086355686187744141e+00 1.395158410072326660e+00 2.141592502593994141e+00 3.932143449783325195e+00 -3.873266935348510742e+00 -1.958012700080871582e+00 -6.605914115905761719e+00 -1.900053143501281738e+00 1.979799866676330566e-01 2.626876592636108398e+00 6.677459239959716797e+00 3.617394447326660156e+00 7.924896717071533203e+00 4.662678718566894531e+00 4.170048832893371582e-01 4.437516212463378906e+00 -1.307562947273254395e+00 -8.838397979736328125e+00 -5.318048000335693359e+00 -9.896770119667053223e-01 6.653352379798889160e-01 -5.234107971191406250e-01 3.949273586273193359e+00 2.979977607727050781e+00 -5.763020992279052734e+00 -2.094506502151489258e+00 2.072551965713500977e+00 -4.944352626800537109e+00 -3.863398790359497070e+00 -1.729405522346496582e+00 -3.047760009765625000e+00 -1.433003544807434082e+00 2.482465505599975586e+00 -2.236460208892822266e+00 -3.991144418716430664e+00 4.837150096893310547e+00 -2.126612901687622070e+00 2.889585971832275391e+00 -1.137741684913635254e+00 4.966558218002319336e-01 8.778401613235473633e-01 2.837907671928405762e-01 -4.261209487915039062e+00 -1.120036840438842773e+00 1.096026062965393066e+00 1.320574164390563965e+00 3.079087495803833008e+00 2.958738505840301514e-01 -1.630837678909301758e+00 -4.798521995544433594e+00 -1.745878100395202637e+00 -9.432079195976257324e-01 2.731488704681396484e+00 -3.073919534683227539e+00 -1.061956524848937988e+00 1.681365609169006348e+00
2.527634620666503906e+01 -2.720890617370605469e+01 9.685793876647949219e+00 2.451251506805419922e+00 1.226330041885375977e+00 -2.421428918838500977e+00 -1.212914586067199707e+00 -5.549848556518554688e+00 -4.298874855041503906e+00 -3.170468568801879883e+00 -5.970616817474365234e+00 -5.435211181640625000e+00 5.660812854766845703e-01 -5.704636096954345703e+00 1.633464097976684570e+00 2.666873693466186523e+00 -1.106932997703552246e+00 -1.981783866882324219e+00 -4.034698486328125000e+00 3.739099740982055664e+00 5.521071910858154297e+00 7.624362111091613770e-01 2.183784991502761841e-01 8.686717152595520020e-01 5.168878078460693359e+00 -2.136922329664230347e-01 2.079642057418823242e+00 4.084611415863037109e+00 1.653371214866638184e+00 -3.425377368927001953e+00 2.928008556365966797e+00 -1.972880601882934570e+00 3.615268468856811523e+00 -9.152319908142089844e+00 2.434798002243041992e+00 -5.831312537193298340e-01 2.139799118041992188e+00 -1.493502616882324219e+00 1.480146408081054688e+00 -8.167270660400390625e+00 3.645446538925170898e+00 -6.675572872161865234e+00 2.814757347106933594e+00 6.521363258361816406e-01 7.200968265533447266e+00 4.296009540557861328e+00 2.811786651611328125e+00 2.223026990890502930e+00 6.728340148925781250e+00 7.871985435485839844e-01 5.692527890205383301e-01 2.349978536367416382e-01 1.525527685880661011e-01 -3.147484779357910156e+00 1.662604689598083496e+00 -1.031495475769042969e+01 -1.136519432067871094e+00 4.565052509307861328e+00 6.895282864570617676e-01 -3.307686805725097656e+00 1.612471818923950195e+00 -3.130866765975952148e+00 3.248039007186889648e+00 -1.744757533073425293e+00 -3.298457145690917969e+00 -1.252727627754211426e+00 -7.461624685674905777e-03 2.275536537170410156e+00 -4.947768211364746094e+00 4.598145961761474609e+00 1.208333522081375122e-01 1.817364692687988281e+00 -7.739049196243286133e-02 -3.755632638931274414e-01 -1.667558550834655762e+00 1.657907605171203613e+00 -7.696537971496582031e-01 -3.015374183654785156e+00 4.625819683074951172e+00 -1.400590538978576660e+00 -3.082018375396728516e+00 -7.840644836425781250e+00 3.760664701461791992e+00 4.116271972656250000e+00 5.125529766082763672e+00 5.642272904515266418e-02 2.517004966735839844e+00 -3.739184141159057617e-02 9.337555170059204102e-01 2.372893810272216797e+00 -3.810791254043579102e+00 -4.293664932250976562e+00 -3.210380792617797852e+00 -3.779647499322891235e-02 -1.579377427697181702e-02 1.646312884986400604e-02 -7.610647082328796387e-01 4.096428394317626953e+00 -1.001541540026664734e-01 -1.798893690109252930e+00
2.834895896911621094e+01 -2.164463043212890625e+01 1.150091648101806641e+01 5.550303459167480469e+00 1.703613996505737305e+00 -3.808881044387817383e+00 -4.790705204010009766e+00 1.273308098316192627e-01 -1.763965845108032227e+00 -2.278204441070556641e+00 7.193118572235107422e+00 5.711477279663085938e+00 -7.301777601242065430e-01 2.223024845123291016e+00 -3.350322246551513672e-01 -2.863359928131103516e+00 -3.449055671691894531e+00 1.262201189994812012e+00 2.592156827449798584e-01 5.134097933769226074e-01 2.727812767028808594e+00 -4.368350982666015625e+00 2.144859075546264648e+00 2.493708610534667969e+00 -2.966022253036499023e+00 4.609772682189941406e+00 -6.511365890502929688e+00 -2.350619792938232422e+00 3.327281713485717773e+00 -3.226809263229370117e+00 4.078654766082763672e+00 -1.266658157110214233e-01 -5.270160436630249023e-01 2.756243705749511719e+00 2.062412738800048828e+00 1.418908953666687012e+00 1.005221486091613770e+00 2.299248129129409790e-01 -1.564116716384887695e+00 -2.550277709960937500e+00 1.984807491302490234e+00 -2.470952272415161133e+00 3.645322084426879883e+00 4.018210992217063904e-02 3.012460231781005859e+00 -3.726124167442321777e-01 -3.158653080463409424e-01 -4.008354246616363525e-01 -2.066765785217285156e+00 8.719044923782348633e-01 2.748853206634521484e+00 8.958979845046997070e-01 -2.366415977478027344e+00 -4.212336063385009766e+00 -1.951151013374328613e+00 -3.359037935733795166e-01 4.132734298706054688e+00 4.346902370452880859e+00 -2.514108657836914062e+00 -1.290212154388427734e+00 -4.959780275821685791e-01 2.340578317642211914e+00 8.620605468750000000e-01 -1.608138680458068848e+00 -2.343671083450317383e+00 -5.102804660797119141e+00 9.585314393043518066e-01 -1.033838748931884766e+00 3.930730104446411133e+00 2.153464257717132568e-01 2.520029067993164062e+00 -2.030263900756835938e+00 -2.104704856872558594e+00 2.004733562469482422e+00 3.193647384643554688e+00 -3.493199050426483154e-01 -1.570343732833862305e+00 1.806103706359863281e+00 2.652969121932983398e+00 1.515133500099182129e+00 2.624235868453979492e+00 1.952678799629211426e+00 1.914412498474121094e+00 2.899084091186523438e-01 9.076124429702758789e-01 -2.167622327804565430e+00 -4.759359836578369141e+00 1.531781315803527832e+00 2.673758983612060547e+00 3.910880565643310547e+00 -2.656117439270019531e+00 -3.134150743484497070e+00 -4.277698040008544922e+00 -6.855368018150329590e-01 -3.394867181777954102e+00 3.255586147308349609e+00 -5.335311293601989746e-01 4.574213027954101562e+00 -2.833836555480957031e+00 2.920440196990966797e+00
2.572185707092285156e+01 -1.119249725341796875e+01 -7.710250377655029297e+00 3.051399707794189453e+00 5.500201702117919922e+00 -1.338660717010498047e-01 1.410598635673522949e+00 2.755405902862548828e+00 -2.454753398895263672e+00 -3.096795380115509033e-01 9.414730072021484375e+00 9.592152237892150879e-01 -1.294203042984008789e+00 1.553255915641784668e+00 3.515793561935424805e+00 6.273587942123413086e-01 2.188958823680877686e-01 1.438299536705017090e+00 -2.040729999542236328e+00 -6.824964523315429688e+00 3.174468278884887695e-01 -1.887378096580505371e+00 3.865909814834594727e+00 9.627260565757751465e-01 3.031776189804077148e+00 -1.587680101394653320e+00 -2.659177303314208984e+00 -3.242319822311401367e+00 1.501014232635498047e+00 -1.537983298301696777e+00 -3.190972805023193359e+00 2.854164361953735352e+00 -3.356724023818969727e+00 1.484816908836364746e+00 2.598158597946166992e+00 4.019618034362792969e+00 -7.830562591552734375e+00 8.409643173217773438e-01 -2.356270074844360352e+00 -1.042925119400024414e+00 2.031548500061035156e+00 -6.300574541091918945e-01 1.881594181060791016e+00 2.903172492980957031e+00 2.975210249423980713e-01 -2.065775394439697266e+00 2.598964929580688477e+00 2.458029031753540039e+00 3.346130847930908203e-01 7.932610511779785156e+00 1.357215642929077148e+00 1.108585119247436523e+00 1.446926593780517578e+00 -2.652088552713394165e-02 9.747962653636932373e-02 -6.924176216125488281e-01 5.586686134338378906e-01 7.129444479942321777e-01 -6.902796030044555664e-01 -1.746667623519897461e-01 5.289230823516845703e+00 -1.987793087959289551e+00 -3.568076133728027344e+00 -1.443119406700134277e+00 2.710132300853729248e-01 -4.899735450744628906e+00 -2.045649766921997070e+00 5.190136432647705078e+00 6.997344493865966797e+00 2.057512044906616211e+00 2.089187383651733398e+00 9.404002428054809570e-01 -1.468165397644042969e+00 1.628125190734863281e+00 4.665274143218994141e+00 -1.086839079856872559e+00 1.596411108970642090e+00 1.402888059616088867e+00 5.587227270007133484e-02 1.133686065673828125e+00 6.285742759704589844e+00 3.320403575897216797e+00 -1.982376575469970703e+00 1.047975778579711914e+00 -3.485966682434082031e+00 -1.408939361572265625e+00 -3.087783098220825195e+00 5.676467418670654297e+00 -1.291081666946411133e+00 3.502723574638366699e-01 8.872456550598144531e-01 2.680647373199462891e+00 -1.261658787727355957e+00 -2.564582347869873047e+00 -1.929281949996948242e-01 7.833636403083801270e-01 2.209797687828540802e-02 2.503089427947998047e+00 -2.289512634277343750e+00 2.509558916091918945e+00
3.052220535278320312e+01 -2.107970237731933594e+01 1.242936325073242188e+01 8.401188850402832031e-01 4.948912620544433594e+00 -2.643307685852050781e+00 -2.396992444992065430e+00 3.920256793498992920e-01 -1.128884077072143555e+00 -1.478773474693298340e+00 4.052924633026123047e+00 4.217716693878173828e+00 4.589768409729003906e+00 2.230081319808959961e+00 -3.111023902893066406e-01 6.176661014556884766e+00 -6.434641361236572266e+00 3.358253479003906250e+00 -7.816728591918945312e+00 -7.348371744155883789e-01 3.101357698440551758e+00 -6.355350017547607422e+00 2.000596046447753906e+00 -3.558436036109924316e-01 -5.207118988037109375e+00 1.256212830543518066e+00 -4.664165019989013672e+00 -2.046391487121582031e+00 -1.194687485694885254e+00 1.861315011978149414e+00 -9.837216138839721680e-01 1.051417469978332520e+00 -7.505592823028564453e+00 7.310092926025390625e+00 2.360130548477172852e+00 1.484758019447326660e+00 -2.230628252029418945e+00 3.071064472198486328e+00 4.567554950714111328e+00 3.964050769805908203e+00 -8.995635509490966797e-01 1.548877358436584473e+00 7.643654346466064453e-01 -1.655905991792678833e-01 -3.737658023834228516e+00 6.001140594482421875e+00 1.545309305191040039e+00 -3.980246931314468384e-02 5.800761222839355469e+00 -2.530762910842895508e+00 -1.420676589012145996e+00 -4.150349140167236328e+00 9.737796336412429810e-02 -3.572779178619384766e+00 -3.872718811035156250e+00 4.441978409886360168e-02 5.711312294006347656e+00 -2.738856315612792969e+00 -3.395301580429077148e+00 2.643575668334960938e-01 -3.090023517608642578e+00 2.357566356658935547e+00 -3.180978775024414062e+00 -1.559678435325622559e+00 6.875146627426147461e-01 -1.983811378479003906e+00 3.581291675567626953e+00 1.008478403091430664e+00 2.720333099365234375e+00 3.361419916152954102e+00 -1.206829786300659180e+00 3.215835094451904297e+00 -2.579773068428039551e-01 -2.858555078506469727e+00 -2.337293148040771484e+00 4.011430740356445312e+00 2.644637584686279297e+00 2.068609237670898438e+00 3.178483724594116211e+00 -1.487361669540405273e+00 -5.482109069824218750e+00 1.822526305913925171e-01 -2.376188755035400391e+00 -2.020059347152709961e+00 3.151736259460449219e+00 -5.583301067352294922e+00 1.477088451385498047e+00 -3.549205064773559570e+00 -2.909678220748901367e-01 2.275499820709228516e+00 -2.136312007904052734e+00 2.113285303115844727e+00 -9.108180999755859375e-01 5.024762153625488281e+00 6.678618192672729492e-01 3.401965141296386719e+00 2.168489247560501099e-01 -3.692590236663818359e+00 6.181495189666748047e-01 -2.355635881423950195e+00
2.420566368103027344e+01 -2.768931770324707031e+01 5.266289710998535156e+00 4.694319725036621094e+00 3.453876972198486328e+00 -4.121371269226074219e+00 -2.932118415832519531e+00 -1.631052613258361816e+00 -2.646272420883178711e+00 -6.576089262962341309e-01 2.122402191162109375e+00 5.331489562988281250e+00 4.640118122100830078e+00 2.174496889114379883e+00 -3.399556636810302734e+00 -5.887777328491210938e+00 -2.301708608865737915e-02 3.471832275390625000e+00 -7.111938595771789551e-01 -8.811872482299804688e+00 1.333837389945983887e+00 -4.468788802623748779e-01 2.506351232528686523e+00 2.036217898130416870e-01 -2.654907226562500000e+00 7.619620561599731445e-01 -6.656808376312255859e+00 8.306867599487304688e+00 -4.572711944580078125e+00 -5.795152664184570312e+00 -3.465094566345214844e-01 -2.281074285507202148e+00 -7.392129898071289062e+00 8.344140648841857910e-01 2.699731111526489258e+00 -2.385816335678100586e+00 -3.136248290538787842e-01 -1.125095605850219727e+00 9.516050219535827637e-01 -1.909723877906799316e+00 -6.988258838653564453e+00 -5.688284635543823242e-01 1.840616345405578613e+00 3.833583116531372070e+00 1.982719898223876953e+00 7.283421158790588379e-01 5.162192344665527344e+00 -3.619567871093750000e+00 -8.803935050964355469e-01 -6.607251167297363281e-01 -7.626779556274414062e+00 -1.513662457466125488e+00 8.390734195709228516e-01 1.385465621948242188e+00 -1.851276010274887085e-01 7.133495211601257324e-01 3.620233535766601562e+00 1.854222297668457031e+00 -1.039639115333557129e+00 -2.351999282836914062e+00 6.701405525207519531e+00 3.344507217407226562e+00 9.052897691726684570e-01 3.334481000900268555e+00 -4.517835617065429688e+00 8.902473002672195435e-02 -6.666484832763671875e+00 8.290212750434875488e-01 -1.453356266021728516e+00 -1.297542929649353027e+00 -1.271955132484436035e+00 1.466340899467468262e+00 -4.834426879882812500e+00 -1.154293656349182129e+00 -5.356268882751464844e+00 1.326198279857635498e-01 5.016072750091552734e+00 1.431365728378295898e+00 4.600504875183105469e+00 -2.886527776718139648e+00 -1.738515734672546387e+00 -4.814359188079833984e+00 -2.513672113418579102e+00 -4.031457602977752686e-01 -2.004084736108779907e-01 -2.474339008331298828e+00 2.658761024475097656e+00 1.020629048347473145e+00 -2.097801208496093750e+00 -1.721552610397338867e+00 2.986292123794555664e+00 1.503630161285400391e+00 -2.909883260726928711e-01 -2.264995574951171875e+00 3.303081035614013672e+00 4.709569454193115234e+00 1.153604745864868164e+00 1.686525702476501465e+00 2.586348295211791992e+00 6.245601773262023926e-01
3.138273239135742188e+01 -2.256281280517578125e+01 5.956234455108642578e+00 1.275428056716918945e+00 9.497741699218750000e+00 -2.183012366294860840e-01 -9.531686782836914062e+00 4.448760986328125000e+00 1.868434309959411621e+00 -4.403530359268188477e-01 2.027529239654541016e+00 2.050174713134765625e+00 -6.002088189125061035e-01 3.510625123977661133e+00 2.510722398757934570e+00 9.550379514694213867e-01 -3.150180816650390625e+00 2.178450822830200195e+00 -2.134052515029907227e+00 -4.038951873779296875e+00 2.175867557525634766e+00 -2.146005868911743164e+00 -2.495405912399291992e+00 -3.558995008468627930e+00 -4.843520164489746094e+00 3.168980121612548828e+00 -3.973560094833374023e+00 -3.989191770553588867e+00 -4.710350990295410156e+00 -6.731765270233154297e-01 4.390818119049072266e+00 3.821665048599243164e-01 -6.570272922515869141e+00 1.724496126174926758e+00 1.529429912567138672e+00 -3.399846255779266357e-01 3.302253961563110352e+00 8.030796647071838379e-01 2.805450677871704102e+00 -5.100423812866210938e+00 -6.909376144409179688e+00 2.389739036560058594e+00 3.219372987747192383e+00 -3.216371297836303711e+00 -7.961676716804504395e-01 2.374404191970825195e+00 3.105710029602050781e+00 -2.516101360321044922e+00 1.015701770782470703e+00 4.809901118278503418e-01 1.393067836761474609e+00 -4.070774555206298828e+00 -4.059052765369415283e-01 1.426596879959106445e+00 2.841537475585937500e+00 5.926453113555908203e+00 2.582834005355834961e+00 -8.174254417419433594e+00 -2.207246065139770508e+00 -3.334043741226196289e+00 -1.093236565589904785e+00 -8.809651732444763184e-01 2.610796451568603516e+00 -8.907839655876159668e-01 -2.474155902862548828e+00 4.546291828155517578e+00 2.643033027648925781e+00 -2.501124620437622070e+00 2.106055259704589844e+00 -2.859857320785522461e+00 -4.724033832550048828e+00 -6.553134322166442871e-01 3.359734058380126953e+00 1.869985461235046387e+00 2.449662685394287109e+00 3.302974462509155273e+00 6.786448955535888672e-01 -1.160517811775207520e+00 8.015330433845520020e-01 4.099972724914550781e+00 3.042799472808837891e+00 -3.378491640090942383e+00 -2.629025936126708984e+00 1.137421369552612305e+00 -1.885958164930343628e-01 -3.223477840423583984e+00 -3.214980363845825195e+00 1.504711985588073730e+00 -8.268874138593673706e-02 3.558748960494995117e-01 -5.917973518371582031e+00 -2.554605603218078613e-01 -2.199874639511108398e+00 2.043132543563842773e+00 4.715429782867431641e+00 -1.419700145721435547e+00 5.465427041053771973e-01 -1.884051203727722168e+00 1.744341731071472168e+00 -3.843380212783813477e+00
2.619481468200683594e+01 -2.130568313598632812e+01 3.187319993972778320e+00 2.555795907974243164e-01 2.932618379592895508e+00 -2.738795995712280273e+00 3.672882318496704102e-01 -1.461355805397033691e+00 -5.385743618011474609e+00 1.554347276687622070e+00 3.684847950935363770e-01 3.456762135028839111e-01 -1.268811702728271484e+00 -1.230328798294067383e+00 -3.025462150573730469e+00 -3.394058942794799805e+00 -9.117362022399902344e+00 -4.885493755340576172e+00 -2.292937278747558594e+00 -1.178033232688903809e+00 2.606581687927246094e+00 1.618185400962829590e+00 -3.841864109039306641e+00 5.086712360382080078e+00 -6.357237339019775391e+00 5.801561832427978516e+00 -6.341946125030517578e-01 -4.314086437225341797e+00 1.457606256008148193e-01 -4.171437323093414307e-01 -4.279435634613037109e+00 2.909577608108520508e+00 -5.394435524940490723e-01 -1.874982237815856934e+00 1.621775865554809570e+00 -1.014781832695007324e+00 -5.561502456665039062e+00 8.813531875610351562e+00 -6.854458808898925781e+00 1.232921838760375977e+00 -3.725272178649902344e+00 2.022813796997070312e+00 2.107898890972137451e-01 2.812235116958618164e+00 -5.133647918701171875e-01 -5.399120450019836426e-01 8.833456993103027344e+00 1.327526450157165527e+00 2.625786542892456055e+00 3.076145052909851074e-01 -1.625651121139526367e+00 -4.987494945526123047e+00 1.447368979454040527e+00 -1.793863654136657715e+00 4.434797763824462891e+00 1.478439807891845703e+00 4.733809947967529297e+00 -1.823995709419250488e+00 -3.508791685104370117e+00 1.379565358161926270e+00 -1.565870881080627441e+00 2.534247875213623047e+00 1.268472909927368164e+00 -3.116696834564208984e+00 1.316107511520385742e+00 -4.403542876243591309e-01 -4.155987262725830078e+00 8.923781514167785645e-01 2.163870573043823242e+00 -5.286909103393554688e+00 -2.179159641265869141e+00 3.257308900356292725e-01 3.390912115573883057e-01 2.175924539566040039e+00 -2.429873943328857422e+00 9.368133544921875000e-01 -2.300282269716262817e-01 -2.274724841117858887e-01 -2.845703661441802979e-01 -7.157937526702880859e+00 -1.400574207305908203e+00 -7.085828185081481934e-01 2.236273288726806641e+00 4.362653732299804688e+00 6.594744920730590820e-01 -1.423747420310974121e+00 -1.533531546592712402e+00 7.670840620994567871e-01 -1.187302470207214355e+00 1.636413335800170898e+00 -6.789082884788513184e-01 2.373160123825073242e+00 -4.901200294494628906e+00 3.487478733062744141e+00 1.061393380165100098e+00 -1.121376156806945801e+00 3.301708698272705078e+00 4.999906063079833984e+00 -1.839353084564208984e+00 4.641440808773040771e-01
2.288113975524902344e+01 -2.855564689636230469e+01 1.233780097961425781e+01 -8.205078840255737305e-01 4.637417793273925781e+00 -1.769144773483276367e+00 -1.282828330993652344e+01 -3.538426876068115234e+00 -1.597033143043518066e+00 3.506317734718322754e-01 4.947034358978271484e+00 -2.516739368438720703e-01 -5.689388513565063477e-01 3.995096921920776367e+00 8.072005271911621094e+00 -1.123791456222534180e+00 -1.478576540946960449e+00 2.764810919761657715e-01 -2.323186159133911133e+00 1.124971747398376465e+00 6.332674503326416016e+00 3.413745641708374023e+00 -2.691659688949584961e+00 -1.014794588088989258e+00 -1.107105135917663574e+00 -1.509760022163391113e+00 3.696667551994323730e-01 -2.023964405059814453e+00 5.124302387237548828e+00 7.768696546554565430e-01 1.942760586738586426e+00 -8.359592556953430176e-01 1.469622969627380371e+00 -4.876537322998046875e+00 3.764215707778930664e+00 -3.497768163681030273e+00 1.984148621559143066e-01 -7.642724364995956421e-02 -3.365568399429321289e+00 -2.171651601791381836e+00 2.697494268417358398e+00 3.279015719890594482e-01 -5.431955814361572266e+00 -2.974879741668701172e+00 1.618153095245361328e+00 -4.373987674713134766e+00 -4.891988754272460938e+00 3.566146373748779297e+00 -2.846771955490112305e+00 8.313313722610473633e-01 6.676966667175292969e+00 6.198797702789306641e+00 1.215258359909057617e+00 4.974760413169860840e-01 8.578459620475769043e-01 9.859851598739624023e-01 -5.667328834533691406e-01 3.282807826995849609e+00 -3.673735141754150391e+00 4.351497650146484375e+00 3.308612108230590820e+00 6.268972754478454590e-01 3.300085067749023438e+00 -1.370823502540588379e+00 4.301027357578277588e-01 -5.610391497611999512e-01 -3.850365638732910156e+00 2.256093502044677734e+00 1.647837281227111816e+00 -3.814738035202026367e+00 2.559669971466064453e+00 -5.775430679321289062e+00 -9.604958891868591309e-01 6.342258453369140625e+00 -7.727081775665283203e+00 6.761642098426818848e-01 -3.381029844284057617e+00 -1.734138131141662598e+00 -4.045820713043212891e+00 -4.798236846923828125e+00 1.084537625312805176e+00 8.345065265893936157e-02 9.178164005279541016e-01 -9.822738170623779297e-02 -1.330517649650573730e+00 -1.707617282867431641e+00 5.325585007667541504e-01 -3.357085943222045898e+00 -3.266725063323974609e+00 5.049032688140869141e+00 -1.398888587951660156e+00 -2.379829168319702148e+00 -1.413518786430358887e+00 -2.233804702758789062e+00 -6.873983144760131836e-01 7.715668678283691406e-01 6.244975090026855469e+00 -7.018573760986328125e+00 -2.697360038757324219e+00 -1.518860179930925369e-02
2.280066490173339844e+01 -2.987093353271484375e+01 1.443613719940185547e+01 3.432569265365600586e+00 -1.811302185058593750e+00 -5.756914138793945312e+00 -5.404076099395751953e+00 -1.266678690910339355e+00 -3.069607973098754883e+00 -3.921972513198852539e+00 1.248477578163146973e+00 4.160964488983154297e+00 2.632478713989257812e+00 7.252340018749237061e-02 -5.164255619049072266e+00 -5.202175140380859375e+00 -2.143900394439697266e+00 2.721879005432128906e+00 3.952711105346679688e+00 -4.153346538543701172e+00 1.077742576599121094e+00 -1.280549049377441406e+00 -1.940980672836303711e+00 -5.391508102416992188e+00 3.227085828781127930e+00 3.526668250560760498e-01 -7.886554718017578125e+00 6.862310409545898438e+00 1.252447891235351562e+01 6.592487692832946777e-01 6.680030822753906250e+00 -5.000547885894775391e+00 -4.134279727935791016e+00 5.210387229919433594e+00 -1.412220954895019531e+00 5.566621303558349609e+00 3.392609119415283203e+00 5.000881671905517578e+00 6.128849387168884277e-01 3.030120611190795898e+00 3.732534646987915039e+00 4.102978855371475220e-04 8.972664833068847656e+00 -3.434418886899948120e-02 -2.525244951248168945e+00 -3.338980436325073242e+00 -3.623004630208015442e-02 1.334009647369384766e+00 1.599909067153930664e+00 1.187147974967956543e+00 1.968173265457153320e+00 1.880579233169555664e+00 -4.482745826244354248e-01 -9.037256240844726562e+00 6.047166585922241211e-01 -6.352136135101318359e-01 3.377522468566894531e+00 -3.017178773880004883e+00 5.020675182342529297e+00 -4.054548740386962891e-01 -2.800921797752380371e-01 2.378094911575317383e+00 -2.419543266296386719e+00 -2.757685899734497070e+00 -5.917885899543762207e-01 1.259980559349060059e+00 4.925718307495117188e+00 -5.895061016082763672e+00 -5.692471981048583984e+00 3.927504643797874451e-02 -1.395897150039672852e+00 1.000193357467651367e+00 -7.167823314666748047e-01 -1.682449460029602051e+00 2.533169746398925781e+00 -2.120733499526977539e+00 3.452485084533691406e+00 1.664740324020385742e+00 -4.596178531646728516e+00 -2.476991176605224609e+00 -1.049464225769042969e+00 4.670610427856445312e+00 -3.811964690685272217e-01 1.417339444160461426e+00 1.453150629997253418e+00 -1.775519847869873047e+00 3.162881851196289062e+00 -1.323700666427612305e+00 -5.014156341552734375e+00 7.443609237670898438e-01 2.135239839553833008e+00 -8.446024894714355469e+00 1.022881150245666504e+00 -1.116792559623718262e+00 -3.866253852844238281e+00 1.313387989997863770e+00 -1.197707295417785645e+00 -2.383254051208496094e+00 1.970560550689697266e-01 1.216436266899108887e+00
2.119667053222656250e+01 -2.968627548217773438e+01 8.014066696166992188e+00 2.860957622528076172e+00 -6.173995733261108398e-01 3.597462773323059082e-01 7.716714143753051758e-01 -5.191723346710205078e+00 -7.007798671722412109e+00 2.711068630218505859e+00 -2.642952680587768555e+00 3.200324773788452148e+00 1.787877440452575684e+00 5.339720472693443298e-02 -6.650982856750488281e+00 -4.250517845153808594e+00 -3.249379634857177734e+00 5.981193542480468750e+00 2.897273063659667969e+00 2.679490566253662109e+00 4.383237361907958984e+00 3.392896175384521484e+00 4.943181276321411133e-01 8.177647590637207031e-01 -1.283911466598510742e+00 -1.787469863891601562e+00 -2.866522312164306641e+00 -4.480589866638183594e+00 -3.574145078659057617e+00 7.506485939025878906e+00 4.036384105682373047e+00 1.778532624244689941e+00 -1.700007617473602295e-01 9.125424027442932129e-01 1.882135152816772461e+00 7.785639762878417969e-01 5.915588855743408203e+00 -8.386791229248046875e+00 2.590557336807250977e+00 7.676875114440917969e+00 -4.059005677700042725e-01 -4.484081745147705078e+00 1.827882170677185059e+00 -3.806643962860107422e+00 2.838254690170288086e+00 -1.916509747505187988e+00 -8.679503202438354492e-01 5.392612934112548828e+00 -4.657084643840789795e-01 -3.517559289932250977e+00 -1.001644015312194824e+00 -6.619115829467773438e+00 -1.559471130371093750e+00 -2.822447121143341064e-01 -3.563015699386596680e+00 1.999047875404357910e+00 -8.966759592294692993e-02 -1.198975920677185059e+00 3.419095993041992188e+00 3.985775113105773926e-01 2.407607078552246094e+00 3.174557209014892578e+00 -1.543106198310852051e+00 -1.256359219551086426e-01 -2.610681354999542236e-01 -3.186505556106567383e+00 -6.406661987304687500e+00 -2.672223806381225586e+00 -3.228354454040527344e+00 1.540959239006042480e+00 -1.625122427940368652e+00 6.417897343635559082e-01 1.172059893608093262e+00 -8.258047103881835938e-01 7.275672912597656250e+00 -2.134459018707275391e+00 -2.243801355361938477e+00 -1.833039760589599609e+00 -3.564943552017211914e+00 3.462396860122680664e+00 -6.724897623062133789e-01 1.182116985321044922e+00 2.330260515213012695e+00 -3.536091744899749756e-01 4.368937015533447266e+00 3.085778236389160156e+00 2.257684767246246338e-01 -1.351898670196533203e+00 -1.032482504844665527e+00 -1.190662145614624023e+00 -1.024598002433776855e+00 -6.424868106842041016e-01 -1.656722545623779297e+00 9.349979162216186523e-01 5.527774810791015625e+00 3.066958427429199219e+00 -2.284303665161132812e+00 -3.933831214904785156e+00 -1.160975098609924316e+00 -4.467672824859619141e+00
2.857696342468261719e+01 -2.476809501647949219e+01 3.946576356887817383e+00 2.836928844451904297e+00 9.129464149475097656e+00 2.477453470230102539e+00 -8.221447944641113281e+00 -2.207874953746795654e-01 -3.778016567230224609e+00 -1.288137078285217285e+00 2.085937500000000000e+00 -2.389050245285034180e+00 1.342141985893249512e+00 1.927483201026916504e+00 4.842705249786376953e+00 1.625727057456970215e+00 -1.074777722358703613e+00 -1.096954345703125000e+00 -3.257706642150878906e+00 1.702879548072814941e+00 -2.284184455871582031e+00 3.282247781753540039e+00 2.141986608505249023e+00 -3.337934970855712891e+00 -3.011236906051635742e+00 2.312079817056655884e-01 8.781997561454772949e-01 1.358841061592102051e+00 4.175225257873535156e+00 7.188198715448379517e-02 -6.025449275970458984e+00 1.362484693527221680e+00 -5.993847846984863281e+00 -2.875587940216064453e+00 5.969909429550170898e-01 3.117067337036132812e+00 -2.198415756225585938e+00 6.697977542877197266e+00 1.424709558486938477e+00 -5.938108444213867188e+00 -5.610095024108886719e+00 -2.453049898147583008e+00 6.931758403778076172e+00 -6.779233932495117188e+00 -5.589825630187988281e+00 3.833521842956542969e+00 1.735526680946350098e+00 -1.362307190895080566e+00 -2.356940269470214844e+00 2.432327270507812500e+00 3.483874559402465820e+00 -7.121512293815612793e-01 -5.918444633483886719e+00 4.635067284107208252e-01 3.898163318634033203e+00 -3.970620155334472656e+00 2.237766742706298828e+00 2.179625988006591797e+00 -3.509873390197753906e+00 -2.347209692001342773e+00 -6.035089492797851562e-01 1.762795746326446533e-01 -2.440549612045288086e+00 4.638731479644775391e+00 -2.111222967505455017e-02 2.493563890457153320e+00 1.958670377731323242e+00 2.231483459472656250e+00 -2.113465070724487305e-01 1.608839869499206543e+00 2.440396547317504883e+00 1.641514062881469727e+00 3.616832256317138672e+00 -1.536809086799621582e+00 -8.088468313217163086e-01 -1.983196496963500977e+00 -1.025963902473449707e+00 1.826888799667358398e+00 -7.699693202972412109e+00 4.403844833374023438e+00 -1.693140506744384766e+00 3.990713357925415039e+00 1.514655828475952148e+00 -2.387383431196212769e-01 1.098517104983329773e-01 -3.813342571258544922e+00 5.987271666526794434e-02 4.024957656860351562e+00 9.468643188476562500e+00 2.140494108200073242e+00 2.808791875839233398e+00 -2.976210355758666992e+00 -2.273411750793457031e+00 -3.479950428009033203e+00 -2.295333147048950195e+00 -1.638322234153747559e+00 9.552484154701232910e-01 -3.918746709823608398e+00 -1.600109457969665527e+00 -6.388713121414184570e-01
2.231614494323730469e+01 -2.255658912658691406e+01 2.018071365356445312e+01 4.282193183898925781e+00 7.543734073638916016e+00 -1.590497970581054688e+00 -8.315199851989746094e+00 2.236734628677368164e-01 3.740816116333007812e-01 -2.341977119445800781e+00 6.952603340148925781e+00 6.461349964141845703e+00 -5.632692575454711914e-01 2.003588438034057617e+00 4.520235538482666016e+00 -7.646081596612930298e-02 -3.499015569686889648e-01 5.763192176818847656e+00 -5.198488712310791016e+00 2.442382335662841797e+00 -6.406330108642578125e+00 1.118613362312316895e+00 -1.045570850372314453e+00 1.589885950088500977e+00 -2.749571323394775391e+00 -1.915747404098510742e+00 3.928443431854248047e+00 3.564291238784790039e+00 4.096712112426757812e+00 3.141450643539428711e+00 1.003634452819824219e+01 -3.760826110839843750e+00 -3.101750135421752930e+00 5.667669296264648438e+00 3.070775270462036133e+00 -4.244793415069580078e+00 5.692363977432250977e-01 -1.777681708335876465e+00 -3.417460918426513672e+00 -7.346044063568115234e+00 5.972685813903808594e+00 -3.131365060806274414e+00 2.377495288848876953e+00 -3.188920259475708008e+00 -3.831612825393676758e+00 -1.697357147932052612e-01 -6.927942752838134766e+00 1.187371537089347839e-01 -4.555085659027099609e+00 9.088092446327209473e-01 -6.196303367614746094e-01 -2.176208198070526123e-01 -5.899383068084716797e+00 -6.849725246429443359e-01 1.572996497154235840e+00 4.606877803802490234e+00 -7.235654354095458984e+00 -1.586688399314880371e+00 1.520534634590148926e+00 -3.058874368667602539e+00 -3.740109205245971680e-01 6.230237483978271484e+00 -2.319327592849731445e+00 -2.240129470825195312e+00 -2.380489349365234375e+00 1.608641386032104492e+00 -2.328967571258544922e+00 5.291851997375488281e+00 8.445799350738525391e-01 -8.173800468444824219e+00 -2.109830826520919800e-01 6.382196903228759766e+00 3.696259498596191406e+00 4.820954799652099609e+00 -2.425107657909393311e-01 -4.931194782257080078e-01 -1.427239060401916504e+00 3.642101585865020752e-01 2.310268640518188477e+00 1.938092231750488281e+00 -1.211661219596862793e+00 -7.942206859588623047e-01 -4.147861599922180176e-01 6.354933977127075195e-01 -2.240352630615234375e-01 -2.196579217910766602e+00 -1.432749330997467041e-01 -3.716296434402465820e+00 -3.079649448394775391e+00 -1.881535887718200684e+00 5.301380753517150879e-01 -4.472577095031738281e+00 1.624614953994750977e+00 2.032135486602783203e+00 -1.544053077697753906e+00 -1.948951125144958496e+00 1.991229176521301270e+00 -3.518081665039062500e+00 5.153579711914062500e+00 -1.171016335487365723e+00
2.454624938964843750e+01 -2.661541748046875000e+01 1.098472404479980469e+01 5.056814193725585938e+00 3.858125448226928711e+00 2.188132405281066895e-01 -8.271042823791503906e+00 -5.404323339462280273e-01 -4.744319438934326172e+00 -2.707230329513549805e+00 7.494770050048828125e+00 3.757094860076904297e+00 -1.559939861297607422e+00 7.093731164932250977e-01 -5.541468262672424316e-01 1.480067610740661621e+00 6.193639636039733887e-01 -1.256063699722290039e+00 -1.985445261001586914e+00 6.867472648620605469e+00 -5.244374752044677734e+00 -1.880991935729980469e+00 4.924816787242889404e-01 1.386340737342834473e+00 3.400042057037353516e+00 -1.530388474464416504e+00 3.395734727382659912e-01 1.054604873061180115e-01 -5.695305466651916504e-01 -1.489194631576538086e-01 3.692069053649902344e+00 7.008793950080871582e-01 -3.815261125564575195e+00 -5.680510520935058594e+00 -1.692774534225463867e+00 -7.089406251907348633e-01 1.189138650894165039e+00 4.523293495178222656e+00 -1.318166732788085938e+00 3.257134914398193359e+00 -1.344294428825378418e+00 1.222869157791137695e+00 2.166883945465087891e+00 8.698174953460693359e-01 6.657793045043945312e+00 -7.146000385284423828e+00 -6.045259475708007812e+00 5.403879880905151367e-01 5.754904747009277344e-01 -2.976463079452514648e+00 5.561953067779541016e+00 4.739409923553466797e+00 4.166804790496826172e+00 -3.992766380310058594e+00 -3.819014072418212891e+00 6.391705274581909180e-01 -7.758447647094726562e+00 6.991973519325256348e-01 -4.790971755981445312e+00 -3.472540080547332764e-01 -2.893357992172241211e+00 -1.785380005836486816e+00 -1.349811434745788574e+00 4.804553091526031494e-01 2.496294975280761719e+00 -1.764916777610778809e+00 -1.646998763084411621e+00 2.016416788101196289e+00 -1.293844938278198242e+00 -1.359022140502929688e+00 -4.554567337036132812e+00 -1.025269627571105957e+00 1.454559803009033203e+00 1.002173304557800293e+00 -2.002847433090209961e+00 4.786601543426513672e+00 3.292340517044067383e+00 2.259149074554443359e+00 -3.149114847183227539e+00 3.068958044052124023e+00 -1.381229519844055176e+00 -1.894233703613281250e+00 3.376624584197998047e+00 -6.759761810302734375e+00 3.576286315917968750e+00 5.968276262283325195e-01 2.240688800811767578e+00 -2.862605094909667969e+00 -2.321470022201538086e+00 2.391137838363647461e+00 -1.130144000053405762e+00 -7.053184509277343750e-01 4.419749736785888672e+00 3.287111282348632812e+00 -1.642655968666076660e+00 9.037526249885559082e-01 1.770048141479492188e+00 1.168786168098449707e+00 2.659108638763427734e+00 3.232658505439758301e-01
2.307614135742187500e+01 -2.818306922912597656e+01 1.826832580566406250e+01 5.712843418121337891e+00 1.535382032394409180e+00 -1.803791284561157227e+00 -6.292195320129394531e+00 -4.451490879058837891e+00 -4.782949447631835938e+00 -4.010744571685791016e+00 4.871110439300537109e+00 4.092052459716796875e+00 4.917809963226318359e+00 -5.071895197033882141e-02 5.016176700592041016e+00 -3.339220523834228516e+00 3.037018299102783203e+00 -2.821080684661865234e+00 4.329179763793945312e+00 6.691376686096191406e+00 -5.901098251342773438e+00 -4.592397212982177734e+00 3.047501564025878906e+00 2.203038930892944336e+00 -2.140333414077758789e+00 -5.454314231872558594e+00 4.853125572204589844e+00 2.391268730163574219e+00 5.464161396026611328e+00 -2.063513994216918945e+00 2.416571855545043945e+00 8.241278119385242462e-03 6.659536361694335938e+00 -3.439192533493041992e+00 -5.180045127868652344e+00 -5.075971603393554688e+00 1.305369496345520020e+00 -1.012299537658691406e+00 2.171706914901733398e+00 -3.618725299835205078e+00 3.080792725086212158e-01 -2.150078535079956055e+00 2.291970491409301758e+00 2.769134044647216797e+00 1.797536730766296387e+00 -2.736021995544433594e+00 -4.132235050201416016e+00 2.496753036975860596e-01 -1.272421956062316895e+00 2.125979185104370117e+00 -1.653213262557983398e+00 7.142403721809387207e-01 -7.608834505081176758e-01 -2.426221132278442383e+00 1.756380558013916016e+00 -3.878598928451538086e+00 -2.013029813766479492e+00 5.278182983398437500e+00 6.016289710998535156e+00 -5.558286905288696289e-01 2.775871992111206055e+00 -3.674414634704589844e+00 -4.725403308868408203e+00 6.382979154586791992e-01 4.413617253303527832e-01 -2.098775625228881836e+00 2.997245073318481445e+00 -1.744666337966918945e+00 9.728949069976806641e-01 4.133673906326293945e-01 2.861855030059814453e+00 1.125037860870361328e+01 4.061167240142822266e+00 -3.010501146316528320e+00 -5.756126403808593750e+00 7.408661395311355591e-02 1.788703560829162598e+00 -2.375647783279418945e+00 -1.666038274765014648e+00 -4.557881355285644531e+00 -3.409403562545776367e+00 -5.826831459999084473e-01 4.970531463623046875e+00 -7.032012194395065308e-02 -1.884627461433410645e+00 -1.045030951499938965e+00 1.119589433073997498e-01 -1.031550526618957520e+00 1.033080071210861206e-01 1.462409138679504395e+00 -3.635113239288330078e+00 1.306893378496170044e-01 3.361265420913696289e+00 -1.394745856523513794e-01 4.106097221374511719e+00 3.328727722167968750e+00 8.469305932521820068e-02 2.346834421157836914e+00 2.840973854064941406e+00 -1.965264558792114258e+00
1.375325965881347656e+01 -2.017867469787597656e+01 4.507818698883056641e+00 7.514587879180908203e+00 -3.503298461437225342e-01 1.207610368728637695e+00 -2.449553012847900391e+00 -2.457857847213745117e+00 -7.974611759185791016e+00 -1.828303456306457520e+00 1.551139068603515625e+01 9.288185119628906250e+00 5.242376804351806641e+00 3.373211622238159180e+00 9.698647499084472656e+00 1.061167120933532715e+00 2.915022134780883789e+00 -9.464675784111022949e-01 4.635465517640113831e-02 -1.927268505096435547e+00 -9.920706152915954590e-01 9.662816047668457031e+00 8.917581439018249512e-01 -1.212575554847717285e+00 8.573656678199768066e-01 8.720986843109130859e-01 -1.229098796844482422e+00 -6.592484951019287109e+00 3.280857324600219727e+00 6.290202617645263672e+00 -5.334005832672119141e+00 1.370119953155517578e+01 5.490341186523437500e+00 -2.001675516366958618e-01 3.334937810897827148e+00 1.327759385108947754e+00 -3.805414438247680664e-01 -2.897712945938110352e+00 -2.754399478435516357e-01 -1.961888551712036133e+00 -6.690941452980041504e-01 -8.762177228927612305e-01 -3.608160257339477539e+00 -1.113814234733581543e+00 4.124460220336914062e+00 6.060710430145263672e+00 -3.226142406463623047e+00 -4.306344032287597656e+00 -3.605440139770507812e+00 3.090200424194335938e+00 -5.367981910705566406e+00 2.840668678283691406e+00 4.784400939941406250e+00 2.317369729280471802e-01 -3.917815685272216797e+00 -8.253947496414184570e-01 2.587860822677612305e-01 -4.950000643730163574e-01 -3.885193347930908203e+00 1.163434028625488281e+00 -1.010975241661071777e+00 -2.376245856285095215e-01 -3.622294425964355469e+00 -1.247838973999023438e+00 -6.410092830657958984e+00 3.162263870239257812e+00 3.564908728003501892e-02 1.542747497558593750e+00 -4.434651374816894531e+00 -1.979596376419067383e+00 -7.694012641906738281e+00 4.356118679046630859e+00 -3.801086246967315674e-01 -2.992645740509033203e+00 -2.912841320037841797e+00 1.936143994331359863e+00 5.738865137100219727e-01 -4.329854965209960938e+00 2.959732711315155029e-01 -2.186359882354736328e+00 1.895409107208251953e+00 -6.255304813385009766e+00 1.897066235542297363e+00 -1.061862230300903320e+00 -5.627155900001525879e-01 2.189100980758666992e+00 -2.772889375686645508e+00 -2.187217235565185547e+00 3.553617000579833984e+00 4.174551486968994141e+00 4.267457485198974609e+00 -9.714550971984863281e-01 -1.806459426879882812e+00 1.249036908149719238e+00 1.662970662117004395e+00 4.016972064971923828e+00 -1.317585468292236328e+00 2.403202295303344727e+00 -9.630385041236877441e-02 -4.424632489681243896e-01
2.322850418090820312e+01 -9.628385543823242188e+00 -1.899675726890563965e+00 1.367348194122314453e+00 1.804519653320312500e+00 1.074898481369018555e+00 -1.912398338317871094e+00 -5.739814758300781250e+00 -1.227795410156250000e+01 -1.448971867561340332e+00 9.375521659851074219e+00 4.484673023223876953e+00 -1.638004422187805176e+00 4.266041755676269531e+00 9.560256004333496094e+00 7.238758563995361328e+00 1.348756551742553711e+00 2.187700271606445312e+00 5.770829677581787109e+00 8.727438926696777344e+00 -1.210773229598999023e+00 3.826006889343261719e+00 -1.021386027336120605e+00 6.037441253662109375e+00 3.050812721252441406e+00 4.101495265960693359e+00 4.234764575958251953e+00 -6.637350559234619141e+00 -2.014642000198364258e+00 1.576386690139770508e+00 1.969794034957885742e+00 1.188262557983398438e+01 6.335988998413085938e+00 -9.632039070129394531e-01 1.008773136138916016e+01 4.838912487030029297e+00 4.009913444519042969e+00 -3.533549785614013672e+00 -1.124718761444091797e+01 5.260593891143798828e+00 1.224398732185363770e+00 6.539643764495849609e+00 4.874200344085693359e+00 -7.653128623962402344e+00 -2.521392107009887695e+00 6.973732709884643555e-01 -1.570774674415588379e+00 -9.704874157905578613e-01 1.745155811309814453e+00 6.118934154510498047e+00 -6.035351753234863281e+00 8.923741579055786133e-01 -2.838200807571411133e+00 5.731196403503417969e-01 1.013397455215454102e+00 -1.158914446830749512e+00 -4.944327354431152344e+00 -3.268222570419311523e+00 8.762386441230773926e-01 6.176367998123168945e-01 -1.186175227165222168e+00 -1.678231731057167053e-02 1.387450218200683594e+00 -2.632343053817749023e+00 -6.841190814971923828e+00 -3.507063150405883789e+00 -2.417129278182983398e+00 -1.491114258766174316e+00 9.133329987525939941e-01 -6.092733860015869141e+00 4.335746467113494873e-01 -8.843171596527099609e-01 1.993145346641540527e+00 7.780289173126220703e+00 -1.420342922210693359e+00 3.871981859207153320e+00 3.760659694671630859e-01 1.087117075920104980e+00 -3.204044580459594727e+00 -2.385726451873779297e+00 -1.626135706901550293e-01 1.837417244911193848e+00 -5.533587932586669922e-01 2.216653347015380859e+00 -4.077712297439575195e-01 6.159561157226562500e+00 2.794626474380493164e+00 -9.972887486219406128e-02 7.483124136924743652e-01 4.045207500457763672e+00 2.603235542774200439e-01 7.736050486564636230e-01 2.304588854312896729e-01 1.681034326553344727e+00 2.509127855300903320e+00 -5.267150878906250000e+00 6.108776569366455078e+00 1.309749364852905273e+00 5.078471183776855469e+00 -1.005262851715087891e+00
8.552708625793457031e+00 2.906002044677734375e+00 -1.377333927154541016e+01 3.327294349670410156e+00 -1.024674892425537109e+01 3.810772657394409180e+00 1.632937812805175781e+01 -7.003586769104003906e+00 -5.371786117553710938e+00 -3.669709205627441406e+00 -1.054054856300354004e+00 7.643269538879394531e+00 -2.842943668365478516e+00 1.982458686828613281e+01 4.706804275512695312e+00 -1.121490597724914551e+00 -1.751696228981018066e+00 6.615808963775634766e+00 4.169365406036376953e+00 -1.923298597335815430e+00 1.530013680458068848e-01 -2.223593950271606445e+00 6.999810934066772461e-01 -2.061239957809448242e+00 4.873085975646972656e+00 4.146577358245849609e+00 8.943732261657714844e+00 1.309240460395812988e+00 1.933542728424072266e+00 -2.894162654876708984e+00 1.554164767265319824e+00 -1.118348598480224609e+00 8.981922268867492676e-02 -9.545701980590820312e+00 -2.652223825454711914e+00 -5.653430938720703125e+00 -4.858605861663818359e+00 3.440392613410949707e-01 -4.622346162796020508e-01 1.913975596427917480e+00 1.015678048133850098e+00 1.171409606933593750e+00 -2.923882961273193359e+00 -4.506639003753662109e+00 4.955197572708129883e-01 -1.265426278114318848e+00 2.501297712326049805e+00 2.733197927474975586e+00 -2.845276117324829102e+00 5.369114398956298828e+00 3.574456453323364258e+00 -9.645444869995117188e+00 4.262790679931640625e+00 4.795680999755859375e+00 4.612205982208251953e+00 3.605338633060455322e-01 2.922330856323242188e+00 -1.241135001182556152e+00 -6.422800064086914062e+00 -2.742546081542968750e+00 1.559896707534790039e+00 9.081985473632812500e+00 1.690088033676147461e+00 -8.974330425262451172e-01 4.087141990661621094e+00 -2.126609086990356445e+00 5.464069843292236328e+00 -5.133075714111328125e-01 -8.464448928833007812e+00 -1.089484214782714844e+00 4.053108215332031250e+00 -5.893541812896728516e+00 2.533826351165771484e+00 -1.948365449905395508e+00 5.220744609832763672e-01 1.830721855163574219e+00 1.776387810707092285e+00 -7.416076064109802246e-01 1.696800589561462402e-01 -2.637272179126739502e-01 -3.739913225173950195e+00 1.156418323516845703e+00 -9.348448514938354492e-01 -7.816334724426269531e+00 -1.292744636535644531e+00 2.802646756172180176e-01 1.489177942276000977e+00 7.109835147857666016e-01 -4.377269744873046875e+00 -2.201680183410644531e+00 8.812677860260009766e-01 -2.601089179515838623e-01 1.842954277992248535e+00 -2.437331438064575195e+00 1.839363932609558105e+00 1.488125205039978027e+00 1.274503469467163086e+00 4.958936691284179688e+00 7.916281819343566895e-01 1.107139110565185547e+00
1.892197799682617188e+01 5.243232727050781250e+00 -2.155337524414062500e+01 -1.212812304496765137e+00 -5.035378932952880859e+00 1.565319895744323730e+00 8.608693122863769531e+00 -9.074779510498046875e+00 4.387214660644531250e+00 -4.898594379425048828e+00 -7.756320476531982422e+00 -1.725286006927490234e+00 -6.037957668304443359e+00 3.666710376739501953e+00 -1.098236656188964844e+01 -5.135381698608398438e+00 1.202338695526123047e+00 -9.310250282287597656e+00 -1.048523616790771484e+01 1.824318528175354004e+00 -7.536221027374267578e+00 -9.658837318420410156e-01 -3.417791604995727539e+00 -1.090947532653808594e+01 2.051587104797363281e+00 5.848156809806823730e-01 -2.089751958847045898e+00 4.912794113159179688e+00 3.915477275848388672e+00 -3.537158489227294922e+00 2.594107151031494141e+00 2.918580472469329834e-01 -5.075041651725769043e-01 -2.006961822509765625e+00 7.513371467590332031e+00 7.421426296234130859e+00 1.496507167816162109e+00 -1.857322901487350464e-01 8.269020915031433105e-01 3.697794675827026367e+00 5.280769467353820801e-01 -2.891369342803955078e+00 -8.170384407043457031e+00 1.800233244895935059e+00 -4.357886314392089844e+00 1.105954647064208984e+00 2.986680746078491211e+00 1.812512516975402832e+00 -8.727686405181884766e-01 -2.004005670547485352e+00 -1.883358836174011230e+00 1.928165853023529053e-01 -7.200704574584960938e+00 1.051173329353332520e+00 -2.087047100067138672e+00 -3.360090970993041992e+00 -1.197162032127380371e+00 9.258645176887512207e-01 -3.374063014984130859e+00 2.055962324142456055e+00 -1.329493045806884766e+00 2.501558065414428711e+00 1.616740465164184570e+00 3.670124530792236328e+00 3.393996715545654297e+00 3.293380022048950195e+00 3.669312238693237305e+00 1.226755380630493164e+00 -4.658768653869628906e+00 -1.771202683448791504e+00 -2.815195083618164062e+00 5.448278903961181641e+00 4.543527126312255859e+00 2.460088014602661133e+00 7.677525520324707031e+00 1.846825242042541504e+00 -3.449610233306884766e+00 -1.520441651344299316e+00 -1.111772179603576660e+00 -1.362435966730117798e-01 6.624701499938964844e+00 1.840604782104492188e+00 -2.160034328699111938e-02 7.001996040344238281e-01 -6.828714370727539062e+00 -4.201601982116699219e+00 -1.938983917236328125e+00 -5.578256845474243164e-01 -3.117828369140625000e+00 3.670605421066284180e-01 1.984192967414855957e+00 3.679332733154296875e+00 2.787724018096923828e+00 7.103811264038085938e+00 1.205797553062438965e+00 7.744151949882507324e-01 1.715961337089538574e+00 -3.720065116882324219e+00 1.479904651641845703e-01 -3.157102346420288086e+00
1.319789886474609375e+01 -1.197220993041992188e+01 -5.038655757904052734e+00 3.557803153991699219e+00 -7.359939098358154297e+00 2.418495416641235352e+00 1.412485980987548828e+01 8.557695895433425903e-02 -1.259898757934570312e+01 -2.231960535049438477e+00 -1.276156783103942871e+00 -3.901994228363037109e+00 -2.954390764236450195e+00 -6.669277667999267578e+00 5.526906967163085938e+00 -5.844016075134277344e+00 -8.105699419975280762e-01 2.135124206542968750e+00 -1.967945337295532227e+00 -2.121812105178833008e+00 3.094034671783447266e+00 3.407748937606811523e-01 2.499831438064575195e+00 3.668483018875122070e+00 -3.524306535720825195e+00 2.599421739578247070e+00 4.653201580047607422e+00 4.420898914337158203e+00 5.843823432922363281e+00 -1.352895736694335938e+01 2.726059675216674805e+00 -1.435804665088653564e-01 5.728290557861328125e+00 2.439752340316772461e+00 1.661152005195617676e+00 -2.107496023178100586e+00 -1.014433145523071289e+00 4.520310878753662109e+00 -1.187395691871643066e+00 -9.516320228576660156e+00 -4.801563262939453125e+00 -1.607240200042724609e+00 -1.647430300712585449e+00 9.326484680175781250e+00 -5.682400226593017578e+00 2.040042161941528320e+00 -6.676959037780761719e+00 1.481791138648986816e-01 1.227319478988647461e+00 -7.675675392150878906e+00 1.648128271102905273e+00 -1.050205349922180176e+00 -2.312118291854858398e+00 -2.953953444957733154e-01 -5.622676849365234375e+00 1.321637868881225586e+00 2.768996238708496094e+00 4.977011680603027344e+00 5.558731555938720703e+00 -1.215093374252319336e+00 -2.119988203048706055e+00 -7.526577949523925781e+00 -5.706415653228759766e+00 3.937035322189331055e+00 -5.519788742065429688e+00 1.693056821823120117e+00 6.280979633331298828e+00 7.570982575416564941e-01 -9.473249316215515137e-02 8.686653375625610352e-01 3.612497329711914062e+00 -3.290223598480224609e+00 -2.591324090957641602e+00 4.382696628570556641e+00 7.347631931304931641e+00 -2.329703569412231445e+00 2.623297929763793945e+00 6.545670509338378906e+00 -2.441331148147583008e+00 6.331279277801513672e-01 -2.701886653900146484e+00 -8.003023862838745117e-01 1.717231988906860352e+00 -3.023046493530273438e+00 7.367898821830749512e-01 3.322457969188690186e-01 2.733206987380981445e+00 2.249068468809127808e-01 -5.539855360984802246e-01 4.171783030033111572e-01 2.370236158370971680e+00 4.225165769457817078e-02 3.103193044662475586e+00 -2.850729703903198242e+00 3.829030275344848633e+00 1.296438455581665039e+00 -2.529085874557495117e+00 5.334320068359375000e+00 -3.070425033569335938e+00 2.677163600921630859e+00
1.024190616607666016e+01 -9.716515541076660156e+00 -1.494510936737060547e+01 -6.054379343986511230e-01 3.369065999984741211e+00 -4.239733695983886719e+00 1.284360504150390625e+01 -4.395582199096679688e+00 -3.571852445602416992e+00 -4.057939529418945312e+00 -4.399892807006835938e+00 -7.123826503753662109e+00 8.596540093421936035e-01 2.740137338638305664e+00 -5.969497680664062500e+00 1.393753886222839355e+00 -3.133766889572143555e+00 -4.027630805969238281e+00 -4.560338973999023438e+00 3.748003482818603516e+00 -3.074056625366210938e+00 7.771508693695068359e+00 3.707657575607299805e+00 -8.093247413635253906e+00 1.913831949234008789e+00 8.920998573303222656e-01 -3.120349407196044922e+00 -9.527821838855743408e-02 -3.263952970504760742e+00 8.759233474731445312e+00 4.091236114501953125e+00 4.078650176525115967e-01 1.352842330932617188e+00 7.229689598083496094e+00 -5.390238761901855469e-01 -5.819272041320800781e+00 3.721557617187500000e+00 -4.606891632080078125e+00 1.085626363754272461e+00 -1.421007990837097168e+00 7.409154891967773438e+00 -7.042234539985656738e-01 4.733218193054199219e+00 4.991936683654785156e+00 -5.485219001770019531e+00 2.405568599700927734e+00 -4.297307014465332031e+00 3.973084688186645508e+00 -3.269667625427246094e-01 3.190776348114013672e+00 -3.938589572906494141e+00 -7.582250118255615234e+00 4.170732021331787109e+00 3.584924459457397461e+00 7.586300373077392578e-02 8.723054885864257812e+00 -5.170494318008422852e-01 -1.025203704833984375e+00 6.367926597595214844e+00 2.096253156661987305e+00 -2.665112257003784180e+00 2.578300952911376953e+00 4.808351695537567139e-01 3.373462677001953125e+00 4.346776485443115234e+00 6.771889925003051758e-01 1.675919651985168457e+00 5.347092151641845703e+00 6.932048797607421875e-01 -3.249869108200073242e+00 -8.884718894958496094e+00 5.324943542480468750e+00 -1.144698739051818848e+00 -1.410063862800598145e+00 5.110414505004882812e+00 1.810550808906555176e+00 1.867905974388122559e+00 -2.792421340942382812e+00 2.006816148757934570e+00 -8.362851142883300781e-01 -1.700150251388549805e+00 2.849565029144287109e+00 1.926665306091308594e+00 -4.101666927337646484e+00 -1.438386321067810059e+00 -5.242078900337219238e-01 8.674690723419189453e-01 -2.403470754623413086e+00 1.349757432937622070e+00 2.437944412231445312e+00 6.772751808166503906e+00 8.603817224502563477e-01 -3.427298784255981445e+00 4.555125713348388672e+00 -1.533550858497619629e+00 3.855246305465698242e+00 6.387897729873657227e-01 1.501351714134216309e+00 1.648926734924316406e+00 3.806117534637451172e+00
1.141270923614501953e+01 3.027665317058563232e-01 -2.036189651489257812e+01 1.185321450233459473e+00 -7.732333183288574219e+00 -2.559592008590698242e+00 1.214088439941406250e+01 2.017036676406860352e+00 -5.136131644248962402e-01 -1.712857842445373535e+00 1.682928323745727539e+00 -1.688328862190246582e+00 -1.402322202920913696e-02 6.293060302734375000e+00 -2.877089500427246094e+00 -7.652534484863281250e+00 -4.214244842529296875e+00 -1.646296381950378418e+00 -6.175968647003173828e+00 -5.134272098541259766e+00 -1.427413463592529297e+00 -1.886467814445495605e+00 3.108914852142333984e+00 -5.898502469062805176e-01 -2.334934920072555542e-01 4.230422973632812500e+00 2.668950557708740234e-01 -2.267269194126129150e-01 4.502536058425903320e-01 -2.848872840404510498e-01 -5.729589462280273438e-01 3.137607276439666748e-01 3.471622169017791748e-01 -1.402048230171203613e+00 -2.941535472869873047e+00 -2.165486574172973633e+00 -4.490266740322113037e-01 -3.456790924072265625e+00 7.151485681533813477e-01 -6.355399131774902344e+00 3.311827898025512695e+00 2.210483312606811523e+00 4.027031421661376953e+00 1.790402531623840332e+00 -5.212857246398925781e+00 6.228248119354248047e+00 -6.336688518524169922e+00 5.777833938598632812e+00 -4.380436897277832031e+00 5.802495002746582031e+00 8.780784010887145996e-01 -5.981523513793945312e+00 -1.316614896059036255e-01 -1.366410732269287109e+00 -9.827337861061096191e-01 6.848442077636718750e+00 1.235033273696899414e+00 -1.167292714118957520e+00 2.471527576446533203e+00 2.770413160324096680e-01 -2.321357965469360352e+00 -5.762714862823486328e+00 2.307672977447509766e+00 1.117205619812011719e+00 1.863545179367065430e+00 -4.770652770996093750e+00 -3.216244697570800781e+00 -4.432229995727539062e+00 4.182846546173095703e+00 4.128024101257324219e+00 -2.926360130310058594e+00 -1.561000585556030273e+00 1.483687281608581543e+00 3.131999731063842773e+00 -3.982540965080261230e-01 4.319593429565429688e+00 -3.809768915176391602e+00 6.451611042022705078e+00 -1.791357517242431641e+00 -3.776380419731140137e-02 -2.351991653442382812e+00 1.494207024574279785e+00 -4.131806850433349609e+00 -1.503787517547607422e+00 2.889978408813476562e+00 8.869045227766036987e-02 2.997577428817749023e+00 2.750543832778930664e+00 -2.171577453613281250e+00 7.846565842628479004e-01 -1.591464996337890625e+00 -1.228471875190734863e+00 3.867151260375976562e+00 -2.384268760681152344e+00 2.204632759094238281e+00 9.615927934646606445e-01 -1.350774526596069336e+00 -2.758430004119873047e+00 -1.749001264572143555e+00 -1.711573004722595215e+00
1.829084634780883789e+00 -1.068861675262451172e+01 -6.811897754669189453e+00 -6.890501976013183594e-01 9.293201446533203125e+00 -4.228547096252441406e+00 9.847811698913574219e+00 -1.571151614189147949e+00 -6.248946189880371094e-01 -2.326400995254516602e+00 -1.036063790321350098e+00 -5.620101451873779297e+00 -1.122304344177246094e+01 -2.726573467254638672e+00 6.041925430297851562e+00 5.583356857299804688e+00 2.041092395782470703e+00 8.458120226860046387e-01 2.399086236953735352e+00 7.999463677406311035e-01 1.492873787879943848e+00 4.337542533874511719e+00 -5.004509449005126953e+00 4.093760013580322266e+00 -2.252658605575561523e+00 -4.897686481475830078e+00 3.722886562347412109e+00 -1.670459270477294922e+00 -3.178213596343994141e+00 -4.898454189300537109e+00 -7.350617408752441406e+00 -4.041607856750488281e+00 -3.408381938934326172e+00 2.224363386631011963e-01 1.301530599594116211e+00 -3.215771198272705078e+00 7.058377265930175781e-01 -4.599794864654541016e+00 -1.339430212974548340e+00 4.387620449066162109e+00 -1.356228590011596680e+00 2.496599674224853516e+00 -1.937702298164367676e+00 -1.254205346107482910e+00 -1.057892203330993652e+00 -6.193064451217651367e-01 3.705172300338745117e+00 4.600513935089111328e+00 3.864171743392944336e+00 -2.221805006265640259e-01 6.196605682373046875e+00 -5.484002828598022461e-01 1.290423035621643066e+00 -1.889831423759460449e+00 4.732015609741210938e+00 1.089460253715515137e+00 -5.136576175689697266e+00 7.083848476409912109e+00 3.779348373413085938e+00 2.694299459457397461e+00 1.658331871032714844e+00 3.837891578674316406e+00 2.175489902496337891e+00 3.264304637908935547e+00 -5.195438385009765625e+00 -6.124457359313964844e+00 -8.005397319793701172e-01 -2.986510753631591797e+00 -6.383531093597412109e+00 -5.785597801208496094e+00 2.906336069107055664e+00 -1.623696684837341309e-01 6.374165058135986328e+00 -6.435597419738769531e+00 6.370266675949096680e-01 -3.884811699390411377e-01 -4.372294425964355469e+00 -4.942593574523925781e+00 -2.375889301300048828e+00 -2.604595422744750977e+00 6.024322032928466797e+00 -1.602478265762329102e+00 1.246943950653076172e+00 -1.151510357856750488e+00 -1.083251118659973145e+00 2.409483194351196289e+00 -1.458720207214355469e+00 4.506198465824127197e-01 -5.603767037391662598e-01 -3.726646661758422852e+00 9.797651171684265137e-01 -8.434202075004577637e-01 -1.075416326522827148e+00 -1.002325415611267090e+00 -4.181613445281982422e+00 2.846431016921997070e+00 -1.040272116661071777e+00 1.341904640197753906e+00 6.254461288452148438e+00 1.591621518135070801e+00
6.478385925292968750e+00 -3.434722900390625000e+00 -1.672871017456054688e+01 5.170902609825134277e-01 6.126890182495117188e+00 -5.286243438720703125e+00 9.289967536926269531e+00 1.855793237686157227e+00 7.859596014022827148e-01 -5.193924427032470703e+00 1.128201279789209366e-02 -8.035321235656738281e+00 -1.110481500625610352e+00 4.703450202941894531e+00 3.663919210433959961e+00 2.069440037012100220e-01 -2.033183097839355469e+00 1.636259555816650391e-01 -2.689713835716247559e-01 1.002094030380249023e+00 2.307541608810424805e+00 5.634119510650634766e+00 -1.792975783348083496e+00 2.980941295623779297e+00 1.959674119949340820e+00 -2.805300951004028320e+00 1.238131713867187500e+01 -2.458421707153320312e+00 2.135431170463562012e-01 -1.911738514900207520e+00 -3.314716339111328125e+00 1.065253853797912598e+00 -1.832841515541076660e+00 4.031943321228027344e+00 2.990864992141723633e+00 6.459130287170410156e+00 2.347139358520507812e+00 -2.537681162357330322e-01 4.164469718933105469e+00 -2.584654808044433594e+00 4.153072834014892578e+00 -4.328065395355224609e+00 -1.160228490829467773e+00 1.005353778600692749e-01 1.723974108695983887e+00 -2.003741979598999023e+00 3.172700166702270508e+00 3.668119192123413086e+00 -2.848602533340454102e+00 -8.926036953926086426e-01 5.680410385131835938e+00 1.656432867050170898e+00 -4.474366664886474609e+00 -1.045400810241699219e+01 -3.720895528793334961e+00 3.587642192840576172e+00 3.043843984603881836e+00 1.388404130935668945e+00 -1.035332009196281433e-01 1.076282024383544922e+00 1.907505035400390625e+00 6.635316610336303711e-01 4.174685478210449219e+00 -3.350334465503692627e-01 -1.378586292266845703e+00 -2.915500879287719727e+00 4.901696443557739258e-01 3.827829599380493164e+00 1.404636383056640625e+00 -3.187330484390258789e+00 1.066248774528503418e+00 -5.854400634765625000e+00 -2.377658367156982422e+00 2.221093416213989258e+00 -2.078081816434860229e-01 -2.643181562423706055e+00 -6.240089416503906250e+00 -7.825348377227783203e-01 1.806474089622497559e+00 -1.748517751693725586e+00 1.982835650444030762e+00 2.445660233497619629e-01 2.169948339462280273e+00 4.962465465068817139e-01 4.450780391693115234e+00 -5.058793425559997559e-01 -3.696608066558837891e+00 1.127172946929931641e+00 5.494392871856689453e+00 -9.608138799667358398e-01 -1.812781810760498047e+00 -5.090862274169921875e+00 -6.053469181060791016e-01 1.236415624618530273e+00 -4.280136108398437500e+00 -4.333834350109100342e-01 -8.205176591873168945e-01 1.255101323127746582e+00 -3.532661914825439453e+00 3.354238748550415039e+00
2.194887542724609375e+01 -1.751981228590011597e-01 -1.726687431335449219e+01 -3.333645820617675781e+00 8.782547950744628906e+00 4.963238716125488281e+00 2.527499675750732422e+00 8.227515220642089844e+00 1.838572025299072266e+00 -1.553116321563720703e+00 1.021388912200927734e+01 -4.993350505828857422e+00 6.494325399398803711e-01 3.386695861816406250e+00 1.812083721160888672e-01 -1.478309273719787598e+00 2.114323377609252930e+00 -7.371398210525512695e-01 -8.683906197547912598e-01 -3.352156639099121094e+00 -5.176057815551757812e+00 1.079599976539611816e+00 -3.024651050567626953e+00 5.044692039489746094e+00 1.002521610260009766e+01 -8.847239494323730469e+00 6.229184627532958984e+00 3.351327419281005859e+00 -4.591313838958740234e+00 -3.952906370162963867e+00 5.354956150054931641e+00 -1.903390049934387207e+00 -1.140318751335144043e+00 -6.913824677467346191e-01 -2.109645903110504150e-01 3.704112768173217773e+00 -5.531229972839355469e+00 -7.616543173789978027e-01 1.706729531288146973e+00 2.818496227264404297e+00 6.191566944122314453e+00 -7.061654925346374512e-01 3.019175291061401367e+00 1.929593801498413086e+00 -3.137403011322021484e+00 -7.210111021995544434e-01 9.893073081970214844e+00 2.790362596511840820e+00 -2.618319272994995117e+00 1.512973189353942871e+00 8.201807737350463867e-01 8.816492080688476562e+00 3.681766748428344727e+00 2.233257532119750977e+00 1.991138011217117310e-01 3.447621762752532959e-01 1.641759425401687622e-01 1.847055554389953613e+00 3.408932089805603027e-01 -1.353445529937744141e+00 -2.334131002426147461e+00 4.677115678787231445e-01 -4.389240741729736328e+00 -8.939340114593505859e-01 -1.050896644592285156e+00 1.151631712913513184e+00 6.867946624755859375e+00 -4.829905629158020020e-01 6.027941107749938965e-01 -2.390847444534301758e+00 2.921206712722778320e+00 4.369629025459289551e-01 -2.813669443130493164e+00 -3.154472112655639648e+00 5.549120426177978516e+00 1.711676567792892456e-01 -5.178838729858398438e+00 -2.099511623382568359e+00 3.387921571731567383e+00 -2.416608333587646484e+00 -8.490094184875488281e+00 -1.427554607391357422e+00 3.778359591960906982e-01 4.529020190238952637e-01 -3.894815444946289062e-01 2.145733833312988281e+00 4.218845367431640625e+00 -2.152871370315551758e+00 5.489867210388183594e+00 -1.465828061103820801e+00 -1.708050131797790527e+00 -4.876292705535888672e+00 4.065977096557617188e+00 1.179361701011657715e+00 4.589277207851409912e-01 -4.440507888793945312e+00 -1.443205595016479492e+00 -3.062789201736450195e+00 2.887512445449829102e+00 -5.331179618835449219e+00
1.626177406311035156e+01 -1.302598285675048828e+01 -1.263164138793945312e+01 3.111036717891693115e-01 9.842785835266113281e+00 -1.795575499534606934e+00 9.092426300048828125e+00 4.138557434082031250e+00 1.354374527931213379e+00 2.938218832015991211e+00 1.005652713775634766e+01 -4.287447929382324219e+00 -1.848816752433776855e+00 4.973963737487792969e+00 -1.950714945793151855e+00 4.289534568786621094e+00 -7.346299290657043457e-02 1.892917752265930176e+00 -2.662526130676269531e+00 -6.939139366149902344e+00 -8.746294021606445312e+00 5.153202056884765625e+00 -3.382324695587158203e+00 -2.098091244697570801e-01 6.645612716674804688e-01 4.131462574005126953e+00 2.992475748062133789e+00 -7.960173487663269043e-01 -3.660970926284790039e+00 -1.994323134422302246e+00 -2.318850517272949219e+00 -2.875902689993381500e-03 1.786253571510314941e+00 5.957734584808349609e+00 -1.515167593955993652e+00 -1.177399039268493652e+00 5.336568355560302734e-01 -7.598674297332763672e-01 5.067625045776367188e+00 4.889564037322998047e+00 3.253301143646240234e+00 1.568638563156127930e+00 1.841190814971923828e+00 3.876905739307403564e-01 -3.127089142799377441e-02 -2.895877599716186523e+00 2.149615526199340820e+00 -2.127379417419433594e+00 1.043050169944763184e+00 5.050123929977416992e-01 -3.778726100921630859e+00 1.089963316917419434e+00 1.509563922882080078e+00 3.566274166107177734e+00 1.298903673887252808e-01 3.132030963897705078e+00 6.859689354896545410e-01 4.043018341064453125e+00 -3.413924694061279297e+00 2.998917818069458008e+00 -8.902240991592407227e-01 -2.298738956451416016e+00 7.957279205322265625e+00 4.951378345489501953e+00 -1.306370854377746582e+00 -2.553976774215698242e-01 3.023580312728881836e+00 -2.531864643096923828e+00 -6.624855518341064453e+00 -1.507210433483123779e-01 2.281898975372314453e+00 1.729518175125122070e+00 -4.590036273002624512e-01 -3.257519245147705078e+00 -2.894288897514343262e-01 -1.167664289474487305e+00 1.981570124626159668e+00 -3.261569738388061523e-01 2.036540269851684570e+00 3.430359601974487305e+00 1.103919148445129395e+00 1.992359876632690430e+00 -6.243477463722229004e-01 5.617325305938720703e-01 2.607738256454467773e+00 1.780877351760864258e+00 1.116485357284545898e+00 -1.234017491340637207e+00 2.379280805587768555e+00 8.824284672737121582e-01 3.475575923919677734e+00 -1.938380956649780273e+00 2.944845438003540039e+00 2.809070825576782227e+00 1.608295321464538574e+00 1.400425285100936890e-01 4.891696453094482422e+00 -9.670701622962951660e-01 1.828549146652221680e+00 -7.867064476013183594e-01
1.394369316101074219e+01 5.399740695953369141e+00 -1.384600830078125000e+01 4.180235385894775391e+00 -7.405341863632202148e-01 1.018758678436279297e+01 1.437189769744873047e+01 -5.896650791168212891e+00 -7.844360828399658203e+00 -1.670129179954528809e+00 6.008406162261962891e+00 1.566272497177124023e+00 -6.628758430480957031e+00 -2.462082386016845703e+00 8.474285125732421875e+00 2.970202922821044922e+00 -1.544548034667968750e+00 4.235543251037597656e+00 -4.241240024566650391e+00 -4.775387763977050781e+00 8.051342964172363281e+00 -6.333258628845214844e+00 2.263270854949951172e+00 -2.010338306427001953e+00 7.652941226959228516e+00 2.026839733123779297e+00 -1.547354698181152344e+00 -2.688696861267089844e+00 5.785470962524414062e+00 3.554583072662353516e+00 9.186303138732910156e+00 -2.768192529678344727e+00 1.336281895637512207e+00 4.192748546600341797e+00 -4.691888332366943359e+00 5.752555370330810547e+00 -1.033663511276245117e+00 -3.359985053539276123e-01 6.449254512786865234e+00 2.044808149337768555e+00 2.159500360488891602e+00 -3.423424005508422852e+00 1.261020302772521973e+00 1.166738629341125488e+00 4.156914234161376953e+00 -1.174641728401184082e+00 -3.659738302230834961e+00 2.483696699142456055e+00 3.110245943069458008e+00 -1.932221889495849609e+00 4.024575233459472656e+00 5.844280719757080078e+00 -6.684257507324218750e+00 -4.189530849456787109e+00 -2.180565357208251953e+00 -3.956897735595703125e+00 1.995006084442138672e+00 7.758606970310211182e-02 -4.446583271026611328e+00 -2.129969835281372070e+00 1.311135143041610718e-01 7.101873159408569336e-01 -4.355071067810058594e+00 2.471580505371093750e+00 -3.014906406402587891e+00 2.722603082656860352e+00 9.915780425071716309e-01 -3.622403144836425781e+00 3.040130853652954102e+00 -2.562955379486083984e+00 4.135659217834472656e+00 -1.977313876152038574e+00 -4.033315777778625488e-01 3.730815887451171875e+00 -2.112763077020645142e-01 2.911059617996215820e+00 1.519975781440734863e+00 -1.159929990768432617e+00 6.103265881538391113e-01 2.356597185134887695e+00 -3.023584127426147461e+00 9.368984103202819824e-01 -3.354862928390502930e+00 -3.073766469955444336e+00 2.254131793975830078e+00 2.212236166000366211e+00 -3.404139041900634766e+00 4.849944412708282471e-01 2.533070564270019531e+00 -1.694274663925170898e+00 1.802557229995727539e+00 -4.202092170715332031e+00 -2.409782171249389648e+00 -2.482628583908081055e+00 4.507789611816406250e+00 3.801309823989868164e+00 -1.041354298591613770e+00 2.846584081649780273e+00 -3.030310630798339844e+00 -9.394223093986511230e-01
3.549603652954101562e+01 -2.842709922790527344e+01 2.148006057739257812e+01 2.397516965866088867e+00 -4.411590099334716797e+00 -8.885016441345214844e+00 -1.037179183959960938e+01 -7.816561460494995117e-01 -2.480001926422119141e+00 -3.301465988159179688e+00 -5.035967350006103516e+00 -8.331637382507324219e+00 4.323863029479980469e+00 -2.387761116027832031e+00 2.141072034835815430e+00 -8.634731769561767578e-01 9.895921707153320312e+00 -9.220427274703979492e-01 2.275526523590087891e+00 -6.913545131683349609e-01 1.326858699321746826e-01 -1.624926924705505371e+00 8.352236747741699219e+00 -2.245025396347045898e+00 2.035476714372634888e-01 2.080913543701171875e+00 2.026359558105468750e+00 1.996537804603576660e+00 -3.093010187149047852e+00 -1.096031904220581055e+00 -1.200376152992248535e+00 -1.138603329658508301e+00 4.597487449645996094e+00 -8.736962318420410156e+00 -3.248972654342651367e+00 -3.207669258117675781e+00 9.390615463256835938e+00 -1.904146790504455566e+00 5.418774127960205078e+00 -1.845257163047790527e+00 8.771532058715820312e+00 7.717169523239135742e-01 -2.435634613037109375e+00 8.340570926666259766e-01 1.981842517852783203e+00 -2.290524482727050781e+00 5.131359577178955078e+00 -1.319715976715087891e+00 6.354337215423583984e+00 -1.479693770408630371e+00 -3.883599519729614258e+00 -2.256745100021362305e-01 -1.055288553237915039e+00 1.109916210174560547e+00 5.371796607971191406e+00 7.391563892364501953e+00 1.372354984283447266e+00 1.320999622344970703e+00 7.879310846328735352e-02 -4.427205562591552734e+00 -4.622670650482177734e+00 3.611978888511657715e-01 -1.175682544708251953e+00 2.939027309417724609e+00 -3.802999019622802734e+00 3.093907833099365234e+00 3.139894485473632812e+00 -4.035007476806640625e+00 -8.315978571772575378e-03 7.215676903724670410e-01 -1.410263925790786743e-01 -2.115341663360595703e+00 2.424127340316772461e+00 -1.225385189056396484e+00 4.594223976135253906e+00 4.028149604797363281e+00 -5.612121582031250000e+00 1.318174958229064941e+00 -9.836469888687133789e-01 -4.684529304504394531e+00 -5.211250782012939453e-01 4.758718490600585938e+00 -4.037754058837890625e+00 -4.857493400573730469e+00 -1.410950541496276855e+00 5.268974304199218750e+00 -5.053537845611572266e+00 -2.644420623779296875e+00 -1.377798080444335938e+00 -6.661001682281494141e+00 -1.354966759681701660e-01 3.581471204757690430e+00 1.057769298553466797e+00 5.168184638023376465e-01 -5.453361511230468750e+00 -4.899598598480224609e+00 1.663389325141906738e+00 4.338586330413818359e+00 1.499175310134887695e+00 4.114432811737060547e+00
1.555808448791503906e+01 -3.278186416625976562e+01 1.110183525085449219e+01 -4.410366535186767578e+00 7.997501373291015625e+00 -4.200162887573242188e+00 -3.447822332382202148e+00 -3.945831954479217529e-01 1.241340041160583496e+00 2.107822418212890625e+00 -6.087038993835449219e+00 4.683738231658935547e+00 -2.022623062133789062e+00 1.184422016143798828e+00 -2.422547340393066406e+00 -5.151758193969726562e-01 -8.775286674499511719e+00 -3.050699364393949509e-03 -2.373846769332885742e+00 -1.577019572257995605e+00 -3.376739025115966797e-01 7.672700285911560059e-01 1.056746602058410645e+00 6.419339179992675781e+00 4.004937171936035156e+00 -1.326197981834411621e-01 4.151410102844238281e+00 1.190670371055603027e+00 2.459493398666381836e+00 4.523132324218750000e+00 -7.626762390136718750e+00 3.765607357025146484e+00 -4.143836021423339844e+00 -9.259607315063476562e+00 -5.305088996887207031e+00 -4.899936676025390625e+00 -2.519584655761718750e+00 1.947131276130676270e+00 3.433946371078491211e+00 1.321755886077880859e+00 3.509110212326049805e+00 1.100266933441162109e+00 -4.294282913208007812e+00 -2.323444128036499023e+00 -2.430789947509765625e+00 -4.455107212066650391e+00 -1.248072504997253418e+00 -1.690945029258728027e+00 -1.949284315109252930e+00 -6.904100775718688965e-01 -3.481701612472534180e+00 2.352334499359130859e+00 1.509197503328323364e-01 5.342314243316650391e-01 -1.254638791084289551e+00 -4.962275981903076172e+00 -3.567097902297973633e+00 -9.363289475440979004e-01 -3.249246120452880859e+00 6.470105648040771484e+00 -2.331484556198120117e+00 1.171816468238830566e+00 -3.726305663585662842e-01 1.172605514526367188e+00 -2.105871200561523438e+00 1.019787073135375977e+00 -2.713009595870971680e+00 -4.409646034240722656e+00 -2.058273315429687500e+00 -1.923561811447143555e+00 -1.733087778091430664e+00 7.228860855102539062e+00 -3.905814886093139648e+00 -3.545011579990386963e-01 -2.499389410018920898e+00 5.914500236511230469e+00 -1.607049465179443359e+00 4.659078121185302734e+00 1.393387317657470703e+00 1.085059791803359985e-01 1.386420369148254395e+00 3.116876125335693359e+00 -5.117906928062438965e-01 -8.969541192054748535e-01 -4.019432365894317627e-01 2.985930204391479492e+00 -2.118712186813354492e+00 -1.809750199317932129e+00 4.541808605194091797e+00 2.931240200996398926e-01 1.110807538032531738e+00 2.427855879068374634e-01 -1.329082489013671875e+00 -3.381970524787902832e-01 2.199213027954101562e+00 -1.034477591514587402e+00 -3.043655753135681152e-01 -3.518608093261718750e+00 -1.756436347961425781e+00 -1.245536565780639648e+00
3.730958938598632812e+01 -1.808475303649902344e+01 1.708438873291015625e+01 6.565844416618347168e-01 -5.241913795471191406e+00 -5.109622955322265625e+00 -8.769098281860351562e+00 -5.284836769104003906e+00 -5.548563957214355469e+00 -4.532544136047363281e+00 1.609346866607666016e+00 -8.537009954452514648e-01 4.112733364105224609e+00 5.752275466918945312e+00 8.725148200988769531e+00 -1.632873773574829102e+00 6.346019268035888672e+00 1.279070854187011719e+00 5.892284393310546875e+00 7.108500480651855469e+00 3.558558225631713867e+00 -1.060249900817871094e+01 2.793421745300292969e+00 -6.766083836555480957e-01 1.891726255416870117e-01 2.261382102966308594e+00 3.582879006862640381e-01 -1.926755666732788086e+00 2.833626985549926758e+00 -6.928852081298828125e+00 1.928833246231079102e+00 -5.866438150405883789e-01 8.535453796386718750e+00 -3.007235765457153320e+00 -6.081490516662597656e+00 -1.411483287811279297e+00 3.422926187515258789e+00 6.025081634521484375e+00 3.622297048568725586e+00 -1.346124410629272461e+00 2.101817846298217773e+00 5.199099540710449219e+00 -1.455141782760620117e+00 -5.900557637214660645e-01 -4.964469909667968750e+00 2.079240560531616211e+00 3.280864655971527100e-01 2.904405355453491211e+00 5.279507637023925781e-01 -2.946616649627685547e+00 4.493503570556640625e+00 6.662712246179580688e-02 -1.371426582336425781e+00 4.004085958003997803e-01 4.999493598937988281e+00 3.072786808013916016e+00 -4.852471828460693359e+00 -1.510710239410400391e+00 2.075345069169998169e-01 -9.361091613769531250e+00 1.815688371658325195e+00 4.946333169937133789e-01 3.376401185989379883e+00 3.669804811477661133e+00 6.765061020851135254e-01 5.720752716064453125e+00 -2.486399650573730469e+00 5.438667774200439453e+00 2.152012348175048828e+00 -9.245490074157714844e+00 2.434964478015899658e-01 7.735922813415527344e+00 -1.466673612594604492e+00 -6.675224900245666504e-01 1.851935386657714844e+00 2.493879079818725586e+00 4.931294441223144531e+00 2.500760078430175781e+00 1.380652546882629395e+00 -2.361430168151855469e+00 -6.323279142379760742e-01 1.629388213157653809e+00 3.339252471923828125e+00 -4.579385280609130859e+00 5.774353027343750000e+00 -3.538684844970703125e+00 2.865056276321411133e+00 1.001714229583740234e+00 4.054371356964111328e+00 1.413886666297912598e+00 3.523980140686035156e+00 -1.760339498519897461e+00 -5.828585147857666016e+00 3.728102922439575195e+00 -5.299646377563476562e+00 3.867959499359130859e+00 3.515585184097290039e+00 -1.760752558708190918e+00 6.461077332496643066e-01 5.823510885238647461e-01
1.839599418640136719e+01 -2.142279815673828125e+01 2.487548112869262695e+00 -1.221792817115783691e+00 1.119947075843811035e+00 2.826129496097564697e-01 3.671197652816772461e+00 1.918957710266113281e+00 -7.794588565826416016e+00 1.247371554374694824e+00 -5.815805792808532715e-01 -5.549668312072753906e+00 -5.696185588836669922e+00 -7.091120481491088867e-01 -1.116786599159240723e+00 2.536306142807006836e+00 3.954708814620971680e+00 8.057952880859375000e+00 -8.394258618354797363e-01 -1.901389479637145996e+00 5.898361206054687500e+00 -1.299582481384277344e+00 4.030947208404541016e+00 1.807995885610580444e-01 -4.263968944549560547e+00 -1.068918108940124512e+00 1.386401176452636719e+00 -1.232441902160644531e+01 5.527048707008361816e-01 7.951974272727966309e-01 8.465795516967773438e+00 -5.575071811676025391e+00 -4.946774959564208984e+00 -3.667818307876586914e-01 2.199301719665527344e+00 4.385817527770996094e+00 9.677096605300903320e-01 2.260012865066528320e+00 -3.133650064468383789e+00 -3.451716184616088867e+00 3.780236244201660156e+00 7.328011989593505859e-01 7.224489450454711914e-01 -1.014320373535156250e+00 -3.554378986358642578e+00 -1.813727617263793945e+00 4.449217796325683594e+00 -8.283695220947265625e+00 1.158319115638732910e+00 6.412306785583496094e+00 1.764830797910690308e-01 -2.233388423919677734e+00 -3.038793802261352539e+00 -2.632726669311523438e+00 3.870899438858032227e+00 -3.799268007278442383e+00 9.251294136047363281e-01 -4.102243110537528992e-02 1.807790160179138184e+00 -2.398349285125732422e+00 5.802290439605712891e+00 -4.321573257446289062e+00 -2.202542543411254883e+00 2.348295927047729492e+00 -2.181059598922729492e+00 -5.494561791419982910e-01 -2.711129426956176758e+00 -3.630290508270263672e+00 -6.812811851501464844e+00 2.655716419219970703e+00 6.702141284942626953e+00 1.573685050010681152e+00 -2.545392751693725586e+00 3.154288291931152344e+00 -3.346004247665405273e+00 -1.709139466285705566e+00 -3.923918247222900391e+00 -3.817227780818939209e-01 4.491544723510742188e+00 2.110857963562011719e+00 3.206376314163208008e+00 5.865979194641113281e+00 4.157438755035400391e+00 -2.893722534179687500e+00 -4.162798881530761719e+00 -1.431469082832336426e+00 -9.486248344182968140e-02 -1.953257560729980469e+00 -2.169507026672363281e+00 -1.449481606483459473e+00 7.161439657211303711e-01 3.147999048233032227e+00 -5.107517242431640625e-01 -2.034681558609008789e+00 2.288162231445312500e+00 -5.480747699737548828e+00 -1.790299773216247559e+00 8.448340296745300293e-01 2.287769794464111328e+00 -1.417702913284301758e+00
1.395975399017333984e+01 -1.749836349487304688e+01 -3.382465124130249023e+00 9.124535560607910156e+00 -4.663424491882324219e+00 -1.540347933769226074e+00 1.745167541503906250e+01 -3.737390041351318359e-01 -2.374646663665771484e+00 -2.024184226989746094e+00 -1.483479261398315430e+00 4.306682586669921875e+00 -3.931434154510498047e+00 -7.224038600921630859e+00 -3.688611984252929688e+00 -2.359296798706054688e+00 9.142529487609863281e+00 2.264980316162109375e+00 -3.119825839996337891e+00 -1.153143405914306641e+00 5.281143665313720703e+00 3.636786699295043945e+00 -8.565808534622192383e-01 -1.550137877464294434e+00 -1.434593740850687027e-02 4.287246227264404297e+00 1.322742581367492676e+00 -8.161012530326843262e-01 2.671003818511962891e+00 -4.600244998931884766e+00 -1.582783818244934082e+00 3.213132619857788086e+00 -8.014012575149536133e-01 -4.711528301239013672e+00 1.546962499618530273e+00 -1.394234776496887207e+00 3.471314191818237305e+00 -3.988631486892700195e+00 1.296974778175354004e+00 -9.416200637817382812e+00 -7.262544631958007812e+00 -6.751022338867187500e-01 5.675399899482727051e-01 -5.372551679611206055e-01 -1.013628363609313965e+00 -1.866065621376037598e+00 1.059054732322692871e+00 -4.211171150207519531e+00 5.433156490325927734e+00 -6.926267147064208984e+00 -2.315445899963378906e+00 4.001472294330596924e-01 1.583344221115112305e+00 -4.021739482879638672e+00 -4.133616983890533447e-01 5.205024719238281250e+00 1.684921503067016602e+00 -5.122035980224609375e+00 -2.656666517257690430e+00 8.951517939567565918e-01 -3.426043987274169922e+00 5.078282356262207031e+00 -9.440394043922424316e-01 -1.549289096146821976e-02 4.649763584136962891e+00 1.194440841674804688e+01 -4.664470195770263672e+00 -3.279323101043701172e+00 4.211843609809875488e-01 4.009548187255859375e+00 8.263055682182312012e-01 5.996815681457519531e+00 -3.332982778549194336e+00 1.250536441802978516e+00 3.525440767407417297e-02 -3.968756198883056641e+00 -2.353075027465820312e+00 9.331300854682922363e-01 -5.336625576019287109e+00 -4.182289123535156250e+00 -1.300384402275085449e+00 -1.919767379760742188e+00 5.587064266204833984e+00 -2.603899478912353516e+00 -1.841521620750427246e+00 6.816154718399047852e-01 2.905394792556762695e+00 1.235100507736206055e+00 -1.850198656320571899e-01 -8.826200962066650391e-01 -1.127349257469177246e+00 4.249700069427490234e+00 -4.733650207519531250e+00 -2.789836823940277100e-01 -4.185046195983886719e+00 -7.050654292106628418e-01 -3.162388801574707031e+00 4.280595481395721436e-01 -3.337270498275756836e+00 -2.155498743057250977e+00
3.350308990478515625e+01 -1.053099822998046875e+01 -1.082933998107910156e+01 6.936217546463012695e-01 -9.361451148986816406e+00 1.903329610824584961e+00 5.078679084777832031e+00 -5.950776338577270508e-01 -4.533239841461181641e+00 5.195402622222900391e+00 -6.939991474151611328e+00 -3.443628787994384766e+00 1.908204317092895508e+00 -1.526634216308593750e+00 -6.151716709136962891e+00 -4.027738094329833984e+00 4.892810344696044922e+00 -1.982063502073287964e-01 -2.169022858142852783e-01 -4.701664447784423828e+00 -9.860348701477050781e-01 7.294664531946182251e-02 2.223571777343750000e+00 1.121439695358276367e+00 3.218562602996826172e+00 1.889493465423583984e+00 -1.979006886482238770e+00 -1.447381877899169922e+01 -6.188530445098876953e+00 -4.102380752563476562e+00 -1.573362588882446289e+00 2.165359705686569214e-01 6.501269340515136719e+00 5.287170410156250000e+00 1.320174485445022583e-01 -1.171049594879150391e+00 -6.021254539489746094e+00 -2.230421066284179688e+00 4.521298408508300781e+00 5.997374057769775391e+00 -1.855823755264282227e+00 4.915574550628662109e+00 -5.719294071197509766e+00 -1.235232949256896973e+00 6.950695991516113281e+00 -1.920570254325866699e+00 2.542826414108276367e+00 3.808406740427017212e-02 -2.845197200775146484e+00 4.808155536651611328e+00 8.634123802185058594e-01 -2.317937135696411133e+00 -1.701754033565521240e-01 5.461339473724365234e+00 -9.238202095031738281e+00 1.530530154705047607e-01 4.269563198089599609e+00 3.053044557571411133e+00 -1.530157089233398438e+00 -7.246127724647521973e-01 -1.842813491821289062e+00 -2.136320352554321289e+00 -2.250958204269409180e+00 4.747480392456054688e+00 5.563591003417968750e+00 1.462826848030090332e+00 -3.046131134033203125e+00 -4.330643653869628906e+00 5.248155117034912109e+00 2.655429840087890625e+00 -1.378419280052185059e+00 4.097946643829345703e+00 -1.165202409029006958e-01 -4.376724362373352051e-01 5.477685015648603439e-03 -3.619048595428466797e+00 5.926062464714050293e-01 3.442325592041015625e+00 -1.539165019989013672e+00 1.102686762809753418e+00 2.531960964202880859e+00 4.199369430541992188e+00 5.507937908172607422e+00 -2.598717927932739258e+00 6.153556823730468750e+00 -5.546250343322753906e+00 -1.806041717529296875e+00 4.676085948944091797e+00 2.257426023483276367e+00 2.797984778881072998e-01 -2.261082887649536133e+00 -3.445238828659057617e+00 1.060306668281555176e+00 -1.423005223274230957e+00 -1.193273782730102539e+00 2.850047588348388672e+00 -1.533648848533630371e+00 1.489666938781738281e+00 1.621947765350341797e+00 1.216998219490051270e+00
1.084103202819824219e+01 -1.601120376586914062e+01 -3.409989833831787109e+00 2.828061103820800781e+00 -3.140861272811889648e+00 -4.670037269592285156e+00 1.063811397552490234e+01 -2.095632255077362061e-02 -1.123819923400878906e+01 -1.779182553291320801e+00 -4.659151554107666016e+00 -1.055286407470703125e+01 3.422578573226928711e+00 -3.966325223445892334e-01 5.883095264434814453e+00 3.632292270660400391e+00 -4.292935371398925781e+00 -4.076384067535400391e+00 2.530376434326171875e+00 4.633553504943847656e+00 -3.823276281356811523e+00 3.926275014877319336e+00 -1.075736641883850098e+00 7.537909507751464844e+00 -4.886864185333251953e+00 -7.325691223144531250e+00 1.558810830116271973e+00 7.410865426063537598e-01 1.864520430564880371e+00 3.219610452651977539e+00 6.176104545593261719e+00 -1.143929958343505859e+00 -2.053556203842163086e+00 7.649567127227783203e+00 7.268553972244262695e-01 1.363270580768585205e-01 -3.999132156372070312e+00 -5.434733390808105469e+00 5.000444412231445312e+00 -9.780381619930267334e-02 -2.929082870483398438e+00 4.890071392059326172e+00 -3.039371222257614136e-02 -2.655862331390380859e+00 -1.952394247055053711e+00 -1.748477220535278320e+00 -4.265271663665771484e+00 -1.148909237235784531e-02 -2.368221998214721680e+00 -1.704282164573669434e+00 -5.413714051246643066e-01 1.910163760185241699e+00 -3.729393184185028076e-01 -9.202647805213928223e-01 -2.712435722351074219e+00 1.217288136482238770e+00 -2.781585216522216797e+00 -1.491639375686645508e+00 -1.734121561050415039e+00 -2.303759574890136719e+00 1.137601494789123535e+00 -5.586287021636962891e+00 -6.693855762481689453e+00 1.136947989463806152e+00 1.349038481712341309e+00 -5.165997505187988281e+00 -1.312348842620849609e+00 -7.262460589408874512e-01 -4.139461994171142578e+00 1.501857876777648926e+00 -6.430737376213073730e-01 -1.732710123062133789e+00 -8.123170733451843262e-01 6.810686737298965454e-02 -1.356681346893310547e+00 2.162701129913330078e+00 1.102808356285095215e+00 1.652760267257690430e+00 1.959847927093505859e+00 -4.989994049072265625e+00 3.451570987701416016e+00 6.488646030426025391e+00 2.579917192459106445e+00 1.412893295288085938e+00 3.076869249343872070e+00 2.178641319274902344e+00 2.425523251295089722e-01 -8.280827403068542480e-01 1.172415852546691895e+00 -3.030964136123657227e+00 1.286212086677551270e+00 2.145745515823364258e+00 9.774451255798339844e-01 4.942336559295654297e+00 -1.083239316940307617e+00 -3.008594989776611328e+00 -2.061207145452499390e-01 -1.143705844879150391e+00 -6.812950611114501953e+00 -3.535772562026977539e+00
2.217201614379882812e+01 -2.823009300231933594e+01 7.239066123962402344e+00 4.570378780364990234e+00 -5.272078514099121094e+00 -2.127093791961669922e+00 -1.194997191429138184e+00 -9.668008685111999512e-01 2.412746429443359375e+00 -1.728686571121215820e+00 -6.635211944580078125e+00 4.015009403228759766e+00 -9.094479680061340332e-01 -1.274506688117980957e+00 -1.520495057106018066e+00 -2.727439627051353455e-02 4.204317092895507812e+00 3.383964300155639648e+00 -2.918771505355834961e-01 -4.404911518096923828e+00 1.300156593322753906e+00 -2.438231110572814941e-01 5.553943514823913574e-01 -1.937919735908508301e+00 6.760146141052246094e+00 -1.280624985694885254e+00 1.693779587745666504e+00 2.486760616302490234e+00 2.998103141784667969e+00 8.123934268951416016e-01 6.259402036666870117e-01 -1.731986641883850098e+00 6.334366321563720703e+00 3.539200723171234131e-01 -5.301773548126220703e+00 -5.748367786407470703e+00 2.539872825145721436e-01 -3.688927888870239258e+00 3.642019510269165039e+00 -6.802592754364013672e+00 -3.962044477462768555e+00 -5.761600136756896973e-01 5.624659657478332520e-01 -2.571611166000366211e+00 8.440143585205078125e+00 1.599209189414978027e+00 1.070941209793090820e+00 3.201797962188720703e+00 -1.189007878303527832e+00 2.994021177291870117e+00 -8.217968940734863281e-01 1.387438535690307617e+00 2.514817714691162109e-01 -5.315776467323303223e-01 1.493008136749267578e+00 -4.010500907897949219e+00 -4.542374134063720703e+00 -3.581061124801635742e+00 1.948465347290039062e+00 -2.487672716379165649e-01 -4.831115722656250000e+00 1.490560650825500488e+00 -1.808696627616882324e+00 3.806401968002319336e+00 -1.292353421449661255e-01 7.226037979125976562e-01 -4.890050888061523438e+00 2.154892921447753906e+00 1.014588236808776855e+00 5.594106674194335938e+00 -8.090915083885192871e-01 8.878807425498962402e-01 2.205254316329956055e+00 6.313428282737731934e-01 2.937719039618968964e-02 -1.503428459167480469e+00 -4.299756526947021484e+00 -5.093404650688171387e-01 2.949591912329196930e-02 4.533717155456542969e+00 3.209593892097473145e-01 -6.134235486388206482e-02 -3.126511096954345703e+00 -2.908083200454711914e+00 4.685382544994354248e-01 -1.866111606359481812e-01 3.255320787429809570e-01 1.440199494361877441e+00 -2.704943418502807617e+00 6.706135272979736328e-01 -2.108469486236572266e+00 3.854133367538452148e+00 5.643152236938476562e+00 5.584182143211364746e-01 -1.986654162406921387e+00 1.934168100357055664e+00 2.438094854354858398e+00 3.906267166137695312e+00 2.911631107330322266e+00 -2.341033458709716797e+00
2.193189239501953125e+01 -2.594158554077148438e+01 3.566985130310058594e+00 -1.009143516421318054e-01 -1.062130260467529297e+01 -7.184064388275146484e+00 -4.910331070423126221e-01 -2.796224355697631836e+00 2.986299514770507812e+00 2.254289150238037109e+00 -7.116365909576416016e+00 2.500434875488281250e+00 -5.842478752136230469e+00 -4.384651660919189453e+00 -3.515616655349731445e+00 -3.459995746612548828e+00 -2.626201391220092773e+00 2.774552822113037109e+00 2.270884811878204346e-01 2.228790521621704102e+00 1.547169446945190430e+00 -3.530687332153320312e+00 2.263428926467895508e+00 -2.909358739852905273e+00 6.830590367317199707e-01 4.010800838470458984e+00 -5.814294815063476562e+00 5.247212886810302734e+00 -1.564357757568359375e+00 -3.353275775909423828e+00 9.988032341003417969e+00 2.105106115341186523e+00 2.317514657974243164e+00 1.386522315442562103e-02 -4.440867424011230469e+00 4.497298717498779297e+00 1.941830396652221680e+00 -9.152918457984924316e-01 -1.083769321441650391e+00 -2.189655542373657227e+00 -6.213645935058593750e+00 -1.476664678193628788e-03 -1.825584650039672852e+00 -3.389634847640991211e+00 2.616009712219238281e+00 -1.078120827674865723e+00 8.345888853073120117e-01 -6.013895034790039062e+00 5.684067249298095703e+00 1.717002391815185547e+00 6.636993288993835449e-01 -3.006166696548461914e+00 -5.209988355636596680e-01 1.850432991981506348e+00 2.218603789806365967e-01 -2.446556568145751953e+00 -1.683316349983215332e+00 1.079890251159667969e+00 2.261553287506103516e+00 -8.932177424430847168e-01 2.606962680816650391e+00 6.094592571258544922e+00 2.922496318817138672e+00 -1.981054902076721191e+00 -4.476933002471923828e+00 -2.630455970764160156e+00 -2.101166486740112305e+00 3.165580987930297852e+00 -9.415970742702484131e-02 -2.347923040390014648e+00 -4.667417049407958984e+00 -2.524024248123168945e+00 9.097703695297241211e-01 1.298918247222900391e+00 -8.765168190002441406e+00 3.276207923889160156e+00 -5.921200752258300781e+00 2.417821645736694336e+00 8.283330202102661133e-01 -2.405055463314056396e-01 -1.682392716407775879e+00 -2.686928510665893555e+00 1.453585624694824219e+00 8.990500569343566895e-01 1.507495880126953125e+00 -3.579947233200073242e+00 5.276682376861572266e+00 1.273568868637084961e+00 3.266788244247436523e+00 -3.040870666503906250e+00 -3.189271688461303711e+00 7.265129089355468750e-01 2.922546148300170898e+00 8.530105948448181152e-01 -2.666155099868774414e+00 -4.651303291320800781e-01 1.341485083103179932e-01 3.561649620532989502e-01 -2.021173954010009766e+00 5.403202533721923828e+00
2.014014434814453125e+01 -2.018627548217773438e+01 4.370324134826660156e+00 8.707633018493652344e+00 8.610393404960632324e-01 -1.576928853988647461e+00 7.146737098693847656e+00 3.583822011947631836e+00 -2.894017457962036133e+00 -1.762943983078002930e+00 9.190278053283691406e+00 -4.909053444862365723e-01 -7.158716320991516113e-01 1.354806900024414062e+00 3.088364362716674805e+00 -2.522428750991821289e+00 -9.906531333923339844e+00 1.372669339179992676e+00 -6.252595424652099609e+00 -2.734837055206298828e+00 -1.952957749366760254e+00 -2.367628574371337891e+00 1.484958887100219727e+00 -3.389463424682617188e+00 2.442998170852661133e+00 -9.682949066162109375e+00 -1.374471068382263184e+00 2.795650959014892578e+00 2.627189159393310547e+00 3.782559871673583984e+00 -1.618550777435302734e+00 -5.598690509796142578e-01 5.064007639884948730e-01 5.043617248535156250e+00 3.633979558944702148e-01 6.884589791297912598e-01 -2.799484014511108398e+00 2.099414110183715820e+00 2.466745078563690186e-01 -4.587008476257324219e+00 -7.379648685455322266e+00 2.647390604019165039e+00 -3.046079635620117188e+00 1.311670899391174316e+00 4.275359511375427246e-01 -1.657496452331542969e+00 4.161017894744873047e+00 2.631588578224182129e-01 3.149796009063720703e+00 -5.028423786163330078e+00 3.393927574157714844e+00 7.156934261322021484e+00 2.021694183349609375e+00 8.661073446273803711e-01 -9.834144711494445801e-01 3.294788599014282227e+00 2.071162462234497070e+00 -2.937103271484375000e+00 4.743018627166748047e+00 3.803615331649780273e+00 3.297613143920898438e+00 -4.543755054473876953e+00 -8.228475451469421387e-01 -2.683337926864624023e+00 8.126667022705078125e+00 -5.024205684661865234e+00 3.630875349044799805e-01 4.851568698883056641e+00 -4.388343334197998047e+00 8.199082016944885254e-01 2.474132776260375977e+00 -1.105097055435180664e+00 -3.106863021850585938e+00 -2.445223629474639893e-01 -1.873561620712280273e+00 2.617208719253540039e+00 1.385784983634948730e+00 1.499475479125976562e+00 6.327009797096252441e-01 2.663655996322631836e+00 3.821224212646484375e+00 2.440224409103393555e+00 4.730740070343017578e+00 2.414612531661987305e+00 -1.496761798858642578e+00 5.740241527557373047e+00 3.062194108963012695e+00 3.305611133575439453e+00 -1.455308318138122559e+00 4.289088845252990723e-01 -8.341054916381835938e-01 -3.611294925212860107e-01 1.222316384315490723e+00 1.019945979118347168e+00 4.798439443111419678e-01 -3.930938839912414551e-01 -6.758776903152465820e-01 2.461717367172241211e+00 2.768491983413696289e+00 -4.129379749298095703e+00
1.835535240173339844e+01 -7.472479820251464844e+00 -8.216552734375000000e+00 -4.322352886199951172e+00 2.284836530685424805e+00 -6.090242862701416016e+00 1.260935020446777344e+01 -4.150401592254638672e+00 -2.841692686080932617e+00 -4.034595012664794922e+00 -4.172173023223876953e+00 -7.140767097473144531e+00 -6.560583591461181641e+00 3.685741662979125977e+00 6.588332653045654297e+00 9.193324089050292969e+00 -4.087581157684326172e+00 -2.749118089675903320e+00 -3.705101013183593750e+00 4.330878257751464844e+00 -6.004287719726562500e+00 -1.471078693866729736e-01 -5.062960147857666016e+00 1.405233263969421387e+00 7.752515792846679688e+00 5.461137294769287109e-01 3.851688146591186523e+00 -1.054982185363769531e+00 1.756586909294128418e+00 -5.530503273010253906e+00 -5.631185054779052734e+00 2.647680282592773438e+00 3.432904243469238281e+00 1.061539936065673828e+01 -5.251885890960693359e+00 2.937155246734619141e+00 -2.386924505233764648e+00 5.413829326629638672e+00 1.272598934173583984e+01 -3.087053060531616211e+00 5.214329719543457031e+00 2.184175252914428711e+00 -1.650473237037658691e+00 3.333125114440917969e+00 -1.557750463485717773e+00 6.788151741027832031e+00 -7.307835578918457031e+00 1.985826343297958374e-01 4.091869831085205078e+00 -1.470418334007263184e+00 1.074203372001647949e+00 -5.667203903198242188e+00 -2.521737098693847656e+00 -1.892475843429565430e+00 8.921801567077636719e+00 -6.338866710662841797e+00 -2.454639434814453125e+00 -3.750051259994506836e+00 7.348583638668060303e-02 3.352912664413452148e+00 1.726432561874389648e+00 -3.210409402847290039e+00 -1.045613765716552734e+00 -8.566074967384338379e-01 -3.742224931716918945e+00 3.649850606918334961e+00 -7.635916233062744141e+00 -5.768942832946777344e-01 7.598243951797485352e-01 -4.872147560119628906e+00 5.736505985260009766e-01 -9.813507795333862305e-01 -5.650160908699035645e-01 6.162071824073791504e-01 -4.251457691192626953e+00 1.017852187156677246e+00 5.908692479133605957e-01 -2.856116294860839844e+00 3.953844070434570312e+00 1.178317070007324219e+00 -6.018301844596862793e-01 -3.147343158721923828e+00 -3.360115289688110352e+00 -4.888516366481781006e-01 1.109198689460754395e+00 2.619244337081909180e+00 9.442746639251708984e-01 2.428324699401855469e+00 4.050359427928924561e-01 4.602109432220458984e+00 2.275686264038085938e+00 3.139957904815673828e+00 -4.732661724090576172e+00 -5.140139579772949219e+00 1.198639869689941406e+00 1.501742482185363770e+00 -2.528705358505249023e+00 -1.518506288528442383e+00 1.350180357694625854e-01 -2.394317388534545898e+00
3.229468536376953125e+01 -1.019091382622718811e-01 -1.549738788604736328e+01 3.474614620208740234e+00 -3.219343900680541992e+00 1.460455954074859619e-01 1.833919882774353027e+00 -8.807420730590820312e-01 1.212524533271789551e+00 -6.158991456031799316e-01 -1.316114306449890137e+00 -4.099693298339843750e+00 -3.994002103805541992e+00 9.151659607887268066e-01 4.788168072700500488e-01 -3.305302143096923828e+00 -3.400892972946166992e+00 -4.569155693054199219e+00 -1.503223896026611328e+00 -6.317148208618164062e+00 1.289928913116455078e+00 3.149925172328948975e-01 -3.635753154754638672e+00 -1.976666450500488281e+00 -4.785366058349609375e+00 5.163725852966308594e+00 -2.137513637542724609e+00 8.346630930900573730e-01 8.952527046203613281e+00 7.000388503074645996e-01 5.895061492919921875e+00 -8.488868474960327148e-01 -4.266023159027099609e+00 1.404547929763793945e+00 9.529478549957275391e-01 -3.850074291229248047e+00 4.816452972590923309e-03 -7.700300216674804688e+00 3.299434185028076172e+00 2.108458042144775391e+00 -5.109243392944335938e+00 -2.337712645530700684e-01 6.362470388412475586e-01 7.006397724151611328e+00 -3.039792776107788086e+00 1.219770789146423340e+00 -1.466325998306274414e+00 -4.455712795257568359e+00 -8.396912217140197754e-01 1.333222746849060059e+00 7.243930697441101074e-01 1.537806987762451172e-01 -5.461441040039062500e+00 3.494583606719970703e+00 -2.616304397583007812e+00 3.114702701568603516e+00 7.341808676719665527e-01 -1.192376017570495605e+00 -1.232272863388061523e+00 -3.327069520950317383e+00 1.101915955543518066e+00 4.601192474365234375e+00 2.247079133987426758e+00 -3.819370508193969727e+00 -4.558588027954101562e+00 -9.358861446380615234e-01 4.147732257843017578e-01 2.773182868957519531e+00 6.752773523330688477e-01 8.508132696151733398e-01 2.409276962280273438e+00 -8.176085472106933594e+00 7.614918351173400879e-01 -2.255254507064819336e+00 -2.187263488769531250e+00 5.603764951229095459e-02 -1.037448406219482422e+00 -3.730481624603271484e+00 -1.323077201843261719e+00 -4.920418262481689453e+00 -5.892724037170410156e+00 -1.191719770431518555e+00 1.529612462036311626e-03 1.189935088157653809e+00 2.286919355392456055e+00 -3.753685951232910156e+00 -2.172125428915023804e-01 5.070705413818359375e+00 1.433205723762512207e+00 7.836524248123168945e-01 4.831335842609405518e-01 -3.122499227523803711e+00 3.136490345001220703e+00 -1.798111796379089355e+00 3.166553497314453125e+00 2.564957737922668457e-01 -3.769972801208496094e+00 -3.476867675781250000e+00 5.506629943847656250e-01 7.087209224700927734e-01
3.666569900512695312e+01 -1.370978927612304688e+01 -2.441927433013916016e+00 7.796886444091796875e+00 3.799854516983032227e+00 2.250541210174560547e+00 -3.600860834121704102e+00 4.014626026153564453e+00 -4.615627288818359375e+00 9.419546127319335938e-01 1.144820022583007812e+01 -7.865805625915527344e+00 3.233977258205413818e-01 -4.429848194122314453e+00 1.980277448892593384e-01 -5.558666706085205078e+00 1.615286946296691895e+00 8.523704409599304199e-01 -2.958486080169677734e+00 3.389436483383178711e+00 3.074364900588989258e+00 -1.156568884849548340e+00 2.934386022388935089e-02 -4.347373485565185547e+00 2.605754137039184570e-01 4.642771244049072266e+00 -2.030818223953247070e+00 1.989766240119934082e+00 1.481973379850387573e-01 5.356868505477905273e-01 -5.573787689208984375e+00 -8.936690330505371094e+00 -1.241284251213073730e+00 -3.686600208282470703e+00 2.615327119827270508e+00 2.934582948684692383e+00 -4.836228489875793457e-01 -7.909252047538757324e-01 -4.920374393463134766e+00 5.336172580718994141e+00 -2.185286283493041992e-01 4.115291118621826172e+00 4.076451778411865234e+00 2.835799455642700195e+00 -8.638309240341186523e-01 -1.578965544700622559e+00 -8.122276663780212402e-01 3.259487152099609375e+00 -1.567231893539428711e+00 4.874828338623046875e+00 -1.419121503829956055e+00 9.577857851982116699e-01 2.464359998703002930e+00 -2.914140462875366211e+00 -5.921922922134399414e-01 1.514041066169738770e+00 -6.258220672607421875e+00 -1.495266437530517578e+00 -3.359683036804199219e+00 6.644062519073486328e+00 -4.850987911224365234e+00 2.524479925632476807e-01 -1.256403923034667969e-01 1.114247560501098633e+00 -9.101583063602447510e-02 5.702702522277832031e+00 4.651205062866210938e+00 4.941309928894042969e+00 -2.135073989629745483e-01 8.786853790283203125e+00 -9.182207107543945312e+00 -9.783002734184265137e-01 -2.070338964462280273e+00 -1.541836500167846680e+00 7.039167881011962891e-01 5.565321445465087891e+00 8.474627882242202759e-02 -1.066455483436584473e+00 -5.701385736465454102e-01 1.415734648704528809e+00 -8.551423549652099609e-01 3.447051048278808594e+00 8.559904694557189941e-01 1.815104603767395020e+00 1.983436822891235352e+00 -3.896014392375946045e-01 -2.768208742141723633e+00 1.601479768753051758e+00 -7.889975309371948242e-01 3.730847358703613281e+00 3.911952733993530273e+00 -1.212466120719909668e+00 -2.138783633708953857e-01 1.950032591819763184e+00 4.799501419067382812e+00 1.090384200215339661e-01 -6.469565629959106445e-01 6.156209945678710938e+00 6.758677959442138672e-01 2.797059297561645508e+00
2.935582733154296875e+01 -2.852689170837402344e+01 1.343635463714599609e+01 6.407195091247558594e+00 -3.482902765274047852e+00 -5.321881294250488281e+00 -5.473886966705322266e+00 -4.831634998321533203e+00 -4.563898563385009766e+00 -2.182857513427734375e+00 -2.926350116729736328e+00 -1.654765844345092773e+00 2.645825147628784180e+00 -3.240078449249267578e+00 -4.622557759284973145e-01 -3.005776882171630859e+00 -7.880908250808715820e-01 2.319687604904174805e-02 1.146103069186210632e-01 -1.200834035873413086e+00 -3.128535509109497070e+00 7.858634948730468750e+00 -1.503530383110046387e+00 8.204382061958312988e-01 -4.889348030090332031e+00 -2.402300834655761719e+00 -1.339121103286743164e+00 9.979177117347717285e-01 3.074954271316528320e+00 -1.345872044563293457e+00 -2.526796162128448486e-01 -3.302219390869140625e+00 2.013174295425415039e+00 -1.174654722213745117e+00 1.568213224411010742e+00 -7.156567573547363281e+00 8.179749488830566406e+00 -3.281052350997924805e+00 5.279643058776855469e+00 1.330249309539794922e+00 1.880811929702758789e+00 2.578461170196533203e+00 1.318536758422851562e+00 6.767177581787109375e+00 -2.381914854049682617e+00 3.821934461593627930e+00 -5.983541011810302734e+00 -2.678215742111206055e+00 1.278998136520385742e+00 -4.798000335693359375e+00 1.854125857353210449e+00 1.180599451065063477e+00 2.698785781860351562e+00 -3.279110670089721680e+00 -5.079356431961059570e-01 2.694770991802215576e-01 -1.440148591995239258e+00 -3.241740942001342773e+00 -1.983635663986206055e+00 -1.988702654838562012e+00 -6.450426101684570312e+00 6.881431579589843750e+00 -2.573601245880126953e+00 7.832643985748291016e-01 -7.316046357154846191e-01 -1.744661808013916016e+00 5.795698642730712891e+00 1.500872850418090820e+00 3.460045576095581055e+00 -4.343751430511474609e+00 1.588806986808776855e+00 -1.356538981199264526e-01 2.913621366024017334e-01 6.302335262298583984e-01 4.088374674320220947e-01 -6.542065620422363281e+00 4.454758167266845703e+00 3.266080319881439209e-01 -1.592890739440917969e+00 -5.170188903808593750e+00 -5.456573367118835449e-01 1.243725299835205078e+00 -5.365663051605224609e+00 6.347777366638183594e+00 -1.379418373107910156e+00 6.060494899749755859e+00 5.234314441680908203e+00 -1.448542237281799316e+00 5.149182304739952087e-02 -1.587703227996826172e+00 1.290074825286865234e+00 -2.076619148254394531e+00 9.678325653076171875e-01 2.210689783096313477e+00 -9.859445691108703613e-01 -1.681351900100708008e+00 -5.254721045494079590e-01 -1.463533163070678711e+00 -1.121189832687377930e+00 -2.160965204238891602e+00
4.140760803222656250e+01 -1.776920890808105469e+01 1.650628471374511719e+01 6.433067321777343750e+00 -5.429821491241455078e+00 -5.238387107849121094e+00 -9.430357933044433594e+00 -4.186096191406250000e+00 -3.655494451522827148e+00 -5.432806968688964844e+00 1.087146401405334473e+00 3.685611784458160400e-01 8.991597175598144531e+00 8.204557418823242188e+00 6.599645614624023438e+00 -3.937645256519317627e-01 2.855778694152832031e+00 1.157535910606384277e+00 -4.560897827148437500e+00 5.347024917602539062e+00 9.839724898338317871e-01 4.806400775909423828e+00 5.257289886474609375e+00 -4.510300159454345703e+00 -7.107421755790710449e-01 5.627245828509330750e-02 -2.957262516021728516e+00 1.417418122291564941e+00 -4.217400252819061279e-01 8.455087542533874512e-01 -2.701850891113281250e+00 -5.638180375099182129e-01 1.797940284013748169e-01 -4.795414447784423828e+00 9.305047392845153809e-01 -4.762363910675048828e+00 -1.879939556121826172e+00 -2.538098394870758057e-01 -8.501365184783935547e-01 -2.586096763610839844e+00 1.931299567222595215e+00 3.185183286666870117e+00 -2.130567073822021484e+00 -1.421710014343261719e+00 -2.115786552429199219e+00 2.379967689514160156e+00 -2.353116273880004883e-01 2.048308372497558594e+00 8.667990684509277344e+00 -5.550013855099678040e-03 3.986720085144042969e+00 2.917368412017822266e+00 3.450362205505371094e+00 -3.830493927001953125e+00 3.640667438507080078e+00 -9.205488562583923340e-01 3.926683664321899414e-01 5.605968475341796875e+00 4.308995246887207031e+00 -5.009361267089843750e+00 -2.222814083099365234e+00 4.411836147308349609e+00 -1.454584598541259766e+00 1.911818265914916992e+00 -1.973876833915710449e+00 8.168601989746093750e-01 -3.401122808456420898e+00 -1.420334339141845703e+00 3.111980199813842773e+00 9.741774797439575195e-01 9.436119794845581055e-01 5.244210243225097656e+00 -1.479230880737304688e+00 -5.236003875732421875e+00 -1.885682344436645508e+00 2.976087808609008789e+00 1.207334473729133606e-01 3.716631412506103516e+00 -7.084046006202697754e-01 -3.367809057235717773e+00 2.373801231384277344e+00 6.979429244995117188e+00 -5.079676628112792969e+00 9.520016312599182129e-01 -3.633855581283569336e+00 -1.106802582740783691e+00 -4.197690963745117188e+00 -1.768956899642944336e+00 -3.166710376739501953e+00 6.025415062904357910e-01 -2.651694059371948242e+00 4.320802211761474609e+00 9.812644720077514648e-01 2.235172033309936523e+00 -2.432585954666137695e+00 2.647817134857177734e+00 -1.526125431060791016e+00 1.999282598495483398e+00 6.031191825866699219e+00 3.150938272476196289e+00
2.143782615661621094e+01 -6.267489433288574219e+00 -1.370322799682617188e+01 -3.884695470333099365e-01 -1.813365221023559570e+00 -2.674694538116455078e+00 1.070325660705566406e+01 2.302889674901962280e-01 -6.935050010681152344e+00 -1.113694310188293457e+00 1.546076983213424683e-01 -8.213827133178710938e+00 -1.701813101768493652e+00 3.371100902557373047e+00 -1.583553314208984375e+00 6.498550415039062500e+00 -6.118145585060119629e-01 -5.531026363372802734e+00 -2.503480911254882812e+00 3.862750053405761719e+00 2.673369407653808594e+00 1.520915150642395020e+00 -3.478063106536865234e+00 1.748018026351928711e+00 -7.117199897766113281e+00 2.563279867172241211e+00 -2.828526735305786133e+00 -1.269336223602294922e+00 -3.301809549331665039e+00 3.055435657501220703e+00 4.592626571655273438e+00 -6.553734540939331055e-01 -2.317500829696655273e+00 5.097925186157226562e+00 1.754759311676025391e+00 1.734663695096969604e-01 -4.124635696411132812e+00 1.083189547061920166e-01 2.114089727401733398e+00 3.882290422916412354e-01 2.901919186115264893e-01 4.197469711303710938e+00 4.176493167877197266e+00 -3.953768730163574219e+00 8.884545564651489258e-01 -1.244738459587097168e+00 5.480027675628662109e+00 -6.497731804847717285e-01 -1.767375111579895020e+00 4.812970161437988281e+00 2.958428621292114258e+00 -7.546450614929199219e+00 -3.779998302459716797e+00 -3.912220478057861328e+00 4.033410549163818359e+00 2.976614236831665039e-01 5.237484455108642578e+00 3.860908269882202148e+00 -4.522937297821044922e+00 -1.215274453163146973e+00 -1.067922115325927734e+00 -7.048031687736511230e-01 -2.503013372421264648e+00 1.154992699623107910e+00 -1.266945362091064453e+00 -4.266729831695556641e+00 -1.633806109428405762e+00 1.549791455268859863e+00 2.555583715438842773e+00 -2.292858511209487915e-01 -6.415902614593505859e+00 3.242573976516723633e+00 -2.473533004522323608e-01 -4.300678521394729614e-02 -2.566696405410766602e+00 -1.011203289031982422e+00 2.241319894790649414e+00 -5.275212764739990234e+00 1.375443696975708008e+00 1.654493510723114014e-01 -3.021464049816131592e-01 -3.824542522430419922e+00 -2.435130357742309570e+00 4.398206233978271484e+00 2.092212438583374023e+00 6.499265670776367188e+00 -3.599614620208740234e+00 -3.025875806808471680e+00 5.836300849914550781e+00 3.510693907737731934e-01 2.113257169723510742e+00 1.333582520484924316e+00 4.641252160072326660e-01 -5.067231655120849609e+00 8.007802963256835938e-01 2.740855216979980469e+00 -1.192544460296630859e+00 -5.916292667388916016e-01 -1.439294964075088501e-01 2.126193046569824219e+00
3.589189910888671875e+01 -2.335814666748046875e+01 8.473518371582031250e+00 1.343862414360046387e+00 2.431581497192382812e+00 5.067072808742523193e-02 -9.033617019653320312e+00 -4.205758571624755859e+00 -5.242376804351806641e+00 2.578147411346435547e+00 2.457752943038940430e+00 9.998000264167785645e-01 4.094144344329833984e+00 5.144567966461181641e+00 4.558704853057861328e+00 -5.296011447906494141e+00 -6.273368000984191895e-01 -5.105177402496337891e+00 -1.128083109855651855e+00 9.634832382202148438e+00 -6.579365134239196777e-01 -2.918605327606201172e+00 5.068994998931884766e+00 3.030040979385375977e+00 4.718983471393585205e-01 -1.492509245872497559e+00 -2.860359430313110352e+00 2.189102649688720703e+00 -9.615827202796936035e-01 -3.002486467361450195e+00 -1.035828962922096252e-01 -5.480842113494873047e+00 -2.532052516937255859e+00 -1.997012019157409668e+00 -3.342817544937133789e+00 2.227244377136230469e+00 1.860669970512390137e+00 1.440498232841491699e+00 3.490149259567260742e+00 -2.835755586624145508e+00 2.239763259887695312e+00 2.134984254837036133e+00 -1.801168799400329590e+00 2.160064280033111572e-01 -2.824012756347656250e+00 -4.263981819152832031e+00 2.911978483200073242e+00 -2.846732139587402344e+00 4.533519744873046875e+00 -1.018457055091857910e+00 2.831694602966308594e+00 4.014816284179687500e+00 7.483816146850585938e+00 1.050438117980957031e+01 2.457220315933227539e+00 4.918710142374038696e-02 3.498717784881591797e+00 1.610814332962036133e+00 5.748428106307983398e-01 -4.281989574432373047e+00 7.645669579505920410e-01 3.076354563236236572e-01 1.570961833000183105e+00 -1.280541419982910156e+00 4.502370834350585938e+00 -1.435828506946563721e-01 -2.613263368606567383e+00 -1.967263102531433105e+00 -2.085812568664550781e+00 -4.388894081115722656e+00 1.329784393310546875e+00 4.985134601593017578e+00 -2.289511680603027344e+00 5.874360084533691406e+00 -6.874141693115234375e-01 -4.886422157287597656e+00 -9.380394816398620605e-01 8.285576105117797852e-01 -8.872140645980834961e-01 1.375959873199462891e+00 1.759307384490966797e+00 -3.161850929260253906e+00 -1.417167663574218750e+00 1.230767130851745605e+00 -6.375934123992919922e+00 3.921372175216674805e+00 -4.804926514625549316e-01 -2.043773651123046875e+00 4.786606431007385254e-01 1.947832107543945312e-01 -4.871628880500793457e-01 -1.869706392288208008e+00 -1.716754317283630371e+00 5.782148838043212891e+00 -3.569652140140533447e-01 5.057296752929687500e+00 -1.977252960205078125e-02 -1.245490312576293945e+00 -8.756294250488281250e-01 -4.398970603942871094e+00
2.167973518371582031e+01 -2.465367317199707031e+01 1.176432418823242188e+01 3.522567987442016602e+00 -1.127730083465576172e+01 -4.027500152587890625e+00 2.268411397933959961e+00 -1.767801761627197266e+00 -3.757418870925903320e+00 -5.676212787628173828e+00 9.578994661569595337e-02 6.286551952362060547e+00 4.905403137207031250e+00 7.986434936523437500e+00 3.554785490036010742e+00 -1.518435239791870117e+00 1.837929487228393555e+00 -1.670969009399414062e+00 -2.065882921218872070e+00 2.311685800552368164e+00 5.125884056091308594e+00 -1.920649170875549316e+00 3.688504934310913086e+00 -2.308728694915771484e+00 2.809481620788574219e-01 6.758086085319519043e-01 -3.540557622909545898e+00 5.610671043395996094e+00 -7.572996616363525391e-02 3.227665424346923828e+00 1.089108276367187500e+01 6.762108802795410156e-01 -1.005780339241027832e+00 -3.591854572296142578e+00 -8.381208181381225586e-01 -1.572238087654113770e+00 -1.964361548423767090e+00 -5.203159332275390625e+00 7.351210117340087891e-01 -1.142378449440002441e+00 -2.354288578033447266e+00 -2.511938571929931641e+00 -9.708091020584106445e-01 2.748738050460815430e+00 -2.262741804122924805e+00 -5.821830630302429199e-01 3.081657409667968750e+00 2.722978830337524414e+00 2.918105363845825195e+00 1.585438400506973267e-01 2.517609357833862305e+00 2.548603713512420654e-01 1.520692348480224609e+00 -1.862448453903198242e+00 8.384318351745605469e+00 -1.022642850875854492e+00 4.055305957794189453e+00 -3.767562210559844971e-01 1.125739574432373047e+00 1.786224126815795898e+00 -8.059893250465393066e-01 1.681194305419921875e-01 -2.377164363861083984e+00 -2.621862411499023438e+00 1.015995502471923828e+00 4.279778957366943359e+00 -4.607799530029296875e+00 -8.657962799072265625e+00 1.063018441200256348e+00 2.319064140319824219e+00 1.497270822525024414e+00 -4.374866962432861328e+00 -2.985054016113281250e+00 -1.533744096755981445e+00 2.384243488311767578e+00 -3.850122690200805664e+00 -1.760998845100402832e+00 -2.076847553253173828e+00 2.820097923278808594e+00 6.460317969322204590e-01 -7.408664226531982422e+00 3.060709476470947266e+00 4.722938060760498047e+00 7.404084205627441406e+00 -2.318367719650268555e+00 -5.677859783172607422e+00 1.892215490341186523e+00 -1.093273639678955078e+00 -4.984535872936248779e-01 -2.892966270446777344e-01 -1.732717990875244141e+00 3.919794082641601562e+00 -3.297146558761596680e+00 -1.871362447738647461e+00 -1.665782928466796875e+00 -4.135285854339599609e+00 -1.850034713745117188e+00 4.824245870113372803e-01 1.385164022445678711e+00 1.401538729667663574e+00
2.017756271362304688e+01 -2.085432434082031250e+01 1.068897366523742676e+00 4.341347217559814453e+00 -7.561437129974365234e+00 -7.321090698242187500e+00 5.615223884582519531e+00 1.192007780075073242e+00 -6.019811153411865234e+00 6.280382275581359863e-01 -6.973708514124155045e-03 3.248571634292602539e+00 -1.964969277381896973e+00 -1.991157650947570801e+00 -6.391971111297607422e+00 -4.231815040111541748e-01 -2.776881694793701172e+00 -7.572357058525085449e-01 2.409606218338012695e+00 -3.112349748611450195e+00 5.493610858917236328e+00 -5.457283020019531250e+00 -1.900559067726135254e+00 4.904469966888427734e+00 -2.534247636795043945e+00 6.319955587387084961e-01 -2.315138101577758789e+00 -1.677164435386657715e-01 2.835133552551269531e+00 -3.289204239845275879e-01 3.153211355209350586e+00 -3.964964151382446289e-01 -2.056678533554077148e+00 1.031511902809143066e+00 -6.970061302185058594e+00 1.423484325408935547e+00 2.643416523933410645e-01 4.067234516143798828e+00 3.104083061218261719e+00 1.033001422882080078e+01 5.196052417159080505e-02 7.540341377258300781e+00 4.790153503417968750e+00 -1.963616847991943359e+00 5.270353794097900391e+00 -5.571403503417968750e+00 -1.543659210205078125e+00 2.743332624435424805e+00 -3.331255674362182617e+00 4.751990318298339844e+00 7.238771915435791016e-01 -1.269797205924987793e+00 5.617276668548583984e+00 -9.016387909650802612e-02 3.067193984985351562e+00 -2.184660434722900391e+00 -4.205568313598632812e+00 7.617119550704956055e-01 -3.094897031784057617e+00 -2.262571267783641815e-02 -6.035749912261962891e-01 -4.780256152153015137e-01 -1.857902646064758301e+00 1.157573580741882324e+00 3.009686470031738281e+00 3.522532939910888672e+00 2.679774284362792969e+00 -2.308375358581542969e+00 -3.105949640274047852e+00 -1.918125987052917480e+00 -3.044295310974121094e-01 -3.379991531372070312e+00 8.131721615791320801e-01 -3.017241954803466797e+00 -4.415628612041473389e-01 -1.079028129577636719e+00 -4.129028320312500000e+00 1.849737524986267090e+00 2.443429946899414062e+00 1.568337827920913696e-01 1.695987105369567871e+00 1.756496667861938477e+00 -2.835126161575317383e+00 -1.805646419525146484e+00 -2.186164379119873047e+00 7.035124897956848145e-01 -1.021201312541961670e-01 5.820351600646972656e+00 -8.983565866947174072e-02 1.868861198425292969e+00 1.024960279464721680e+00 -2.037125825881958008e+00 -2.478576183319091797e+00 -3.921447396278381348e-01 -6.829158067703247070e-01 -2.883605718612670898e+00 9.126291871070861816e-01 -1.799319148063659668e+00 -4.888813018798828125e+00 2.624994277954101562e+00
2.421327590942382812e+01 -2.717599296569824219e+01 3.871931552886962891e+00 -2.042360067367553711e+00 -5.277829647064208984e+00 -8.234679222106933594e+00 1.269010543823242188e+00 4.616804420948028564e-01 6.452265977859497070e-01 3.327147364616394043e-01 -5.502213954925537109e+00 -1.087722063064575195e+00 1.839824438095092773e+00 -6.968827247619628906e-01 3.082072496414184570e+00 -7.025809884071350098e-01 -3.668804168701171875e+00 -2.821049213409423828e+00 6.596317291259765625e-01 -1.363357424736022949e+00 5.211896896362304688e+00 4.137276649475097656e+00 -3.970851898193359375e+00 -6.294925689697265625e+00 2.331602573394775391e+00 3.303005218505859375e+00 -2.156898498535156250e+00 4.957781732082366943e-01 -3.964576482772827148e+00 1.418015956878662109e+00 -2.083622813224792480e-01 -4.835948944091796875e+00 5.896400928497314453e+00 -1.224418729543685913e-01 1.367763996124267578e+00 2.172632694244384766e+00 -2.412321329116821289e+00 -5.652601242065429688e+00 -1.222138762474060059e+00 -5.850476264953613281e+00 5.840010643005371094e+00 -6.845428466796875000e+00 -2.337077856063842773e-01 7.095680832862854004e-01 3.251959323883056641e+00 1.973483443260192871e+00 4.625080525875091553e-01 7.654583930969238281e+00 4.799708843231201172e+00 3.319734036922454834e-01 -6.052817106246948242e-01 -7.217232584953308105e-01 3.366909742355346680e+00 -2.022935628890991211e+00 -3.738917827606201172e+00 1.309256553649902344e+00 5.009420394897460938e+00 -1.053909182548522949e+00 -1.103203415870666504e+00 2.461304068565368652e-01 -6.009298801422119141e+00 2.663008928298950195e+00 1.040703773498535156e+00 -3.459275007247924805e+00 8.002203106880187988e-01 2.798187255859375000e+00 3.002944946289062500e+00 2.140552759170532227e+00 2.737472534179687500e+00 -2.193548679351806641e+00 1.031107455492019653e-01 -6.160212755203247070e-01 -3.345981597900390625e+00 5.283213138580322266e+00 9.086918830871582031e-01 -2.633147239685058594e-01 8.740532398223876953e-01 -1.483215093612670898e+00 -1.170565009117126465e+00 -8.214049935340881348e-01 3.155641078948974609e+00 8.762454390525817871e-01 2.797774314880371094e+00 1.080613851547241211e+00 1.020734548568725586e+00 -1.761108636856079102e+00 6.672066211700439453e+00 -3.775734663009643555e+00 1.366187453269958496e+00 -4.775925576686859131e-01 7.138779163360595703e+00 -2.254295721650123596e-02 -3.854128599166870117e+00 2.336975574493408203e+00 2.717457771301269531e+00 -3.306628465652465820e+00 -1.342557072639465332e-01 -9.702017903327941895e-01 3.100952386856079102e+00 1.753160238265991211e+00
2.172021293640136719e+01 -1.900351905822753906e+01 -5.580792427062988281e+00 1.540809392929077148e+00 -2.126885652542114258e+00 5.056930184364318848e-01 3.131663799285888672e+00 -3.164594650268554688e+00 -1.330918788909912109e+01 7.394156455993652344e-01 1.123325228691101074e+00 -1.424043297767639160e+00 3.107673883438110352e+00 1.553664326667785645e+00 -4.463019847869873047e+00 1.293590545654296875e+01 -9.413725137710571289e-01 2.203806638717651367e+00 -4.107997119426727295e-01 -2.211117267608642578e+00 7.321871280670166016e+00 2.407552480697631836e+00 -2.435008525848388672e+00 8.186485290527343750e+00 -3.563291549682617188e+00 -2.892501592636108398e+00 3.001700401306152344e+00 -2.384849309921264648e+00 -7.948849201202392578e+00 -8.201350271701812744e-02 4.730999946594238281e+00 6.125397682189941406e-01 -2.805844306945800781e+00 -3.501072645187377930e+00 8.435864448547363281e-01 -6.624281406402587891e+00 5.451860904693603516e+00 2.986464500427246094e+00 6.672968268394470215e-01 4.924415588378906250e+00 -6.931732892990112305e-01 2.264801979064941406e+00 1.481146574020385742e+00 1.512342810630798340e+00 -2.219147443771362305e+00 -2.703283548355102539e+00 -2.229349613189697266e+00 -1.977263212203979492e+00 7.887101769447326660e-01 2.042230129241943359e+00 2.715238332748413086e+00 -5.751197338104248047e+00 5.092290230095386505e-03 4.507277011871337891e-01 -2.105423688888549805e+00 -6.506262421607971191e-01 -5.097056388854980469e+00 -2.890005111694335938e+00 2.382505655288696289e+00 2.839123010635375977e-01 -2.105886936187744141e-01 2.647309064865112305e+00 3.138995409011840820e+00 2.744140863418579102e+00 3.023598194122314453e+00 -6.233481690287590027e-02 1.487674117088317871e+00 1.398961782455444336e+00 -4.687967300415039062e+00 4.090167522430419922e+00 -1.356075525283813477e+00 -5.061482429504394531e+00 -7.681940197944641113e-01 -8.680292963981628418e-01 -5.270093441009521484e+00 -2.341869354248046875e+00 1.817031264305114746e+00 -7.418709993362426758e-01 -2.155193328857421875e+00 3.198319911956787109e+00 1.678895592689514160e+00 -5.420374393463134766e+00 -3.771578788757324219e+00 2.563135325908660889e-01 -1.117251276969909668e+00 -4.990845024585723877e-01 1.016803741455078125e+00 2.191738367080688477e+00 1.472726345062255859e+00 4.510969221591949463e-01 3.085794746875762939e-01 4.517121016979217529e-01 2.610620498657226562e+00 -1.699906587600708008e+00 1.392838001251220703e+00 -1.660930752754211426e+00 1.575586318969726562e+00 -8.374384790658950806e-02 -2.609375476837158203e+00 3.469330370426177979e-01
3.716178512573242188e+01 2.650932312011718750e+00 -1.443227005004882812e+01 -3.669148445129394531e+00 -1.007637214660644531e+01 -9.184257984161376953e-01 -2.702137708663940430e+00 5.210821628570556641e-01 -6.198015213012695312e-01 -4.099530220031738281e+00 -7.579448223114013672e+00 -2.372574567794799805e+00 -2.314304351806640625e+00 5.600034713745117188e+00 2.158432722091674805e+00 7.097587108612060547e+00 6.088836789131164551e-01 -9.386609494686126709e-02 3.719968080520629883e+00 -3.585094690322875977e+00 1.131490707397460938e+00 -1.178269147872924805e+00 6.583596229553222656e+00 1.733731269836425781e+00 1.607452630996704102e+00 -2.735983848571777344e+00 -9.929700493812561035e-01 -2.087871313095092773e+00 1.123937606811523438e+00 5.751401185989379883e-02 -1.478099524974822998e-01 3.760571241378784180e+00 -1.697779655456542969e+00 2.978291273117065430e+00 6.971763968467712402e-01 2.351516038179397583e-01 2.171607494354248047e+00 -5.563418269157409668e-01 7.213763236999511719e+00 4.618016481399536133e-01 -6.444954872131347656e-01 -2.031135797500610352e+00 1.387001574039459229e-01 -3.164497137069702148e+00 8.853064179420471191e-01 -2.713465929031372070e+00 -1.146990805864334106e-01 -2.658052921295166016e+00 3.510885238647460938e+00 3.433643341064453125e+00 4.843146800994873047e+00 7.857665538787841797e+00 1.215577363967895508e+00 -2.609034061431884766e+00 -4.708333611488342285e-01 8.508667945861816406e+00 -3.289621114730834961e+00 -6.514297485351562500e+00 6.398139476776123047e+00 -1.236547589302062988e+00 1.833637714385986328e+00 -1.080865740776062012e+00 9.796460866928100586e-01 1.096147537231445312e+00 -2.528665304183959961e+00 -3.072397232055664062e+00 1.694524645805358887e+00 3.892824172973632812e+00 7.429612278938293457e-01 -4.758416175842285156e+00 1.120061039924621582e+00 -3.675721883773803711e-01 1.626954674720764160e+00 -4.616677284240722656e+00 2.400955677032470703e+00 8.638038635253906250e-01 1.941169857978820801e+00 -6.979991197586059570e-01 -8.146108627319335938e+00 5.392298221588134766e+00 3.933914184570312500e+00 2.694993257522583008e+00 -2.637278556823730469e+00 5.566639900207519531e+00 -1.358245968818664551e+00 1.231762409210205078e+00 7.604084491729736328e+00 -9.314474463462829590e-01 1.108272552490234375e+00 -6.889891028404235840e-01 3.796350717544555664e+00 2.313860177993774414e+00 1.371149439364671707e-02 -1.411727070808410645e+00 -1.947553157806396484e-01 -2.710914373397827148e+00 2.580120086669921875e+00 3.397064924240112305e+00 -2.765116930007934570e+00 2.385113477706909180e+00
2.495407867431640625e+01 -4.532697200775146484e+00 -8.781319618225097656e+00 -6.329620480537414551e-01 4.752684593200683594e+00 -3.931345462799072266e+00 3.186652183532714844e+00 4.448718070983886719e+00 -1.348200678825378418e+00 -1.657983183860778809e+00 9.585893630981445312e+00 -2.772397279739379883e+00 3.345945596694946289e+00 2.037067651748657227e+00 -9.243345260620117188e-01 1.320504307746887207e+00 4.639474868774414062e+00 1.856309652328491211e+00 -5.378918170928955078e+00 1.214150190353393555e+00 -4.335726737976074219e+00 -4.973756313323974609e+00 1.426596045494079590e+00 2.728783190250396729e-01 3.667577743530273438e+00 -5.408134937286376953e+00 7.953304767608642578e+00 -3.666117429733276367e+00 -3.652710914611816406e+00 -2.469117641448974609e+00 -3.058198213577270508e+00 2.720103263854980469e+00 -4.437607288360595703e+00 7.099812030792236328e-01 -3.519610881805419922e+00 -1.244174718856811523e+00 -5.028539657592773438e+00 1.079553127288818359e+01 3.143930435180664062e-01 9.160618782043457031e-01 7.173734307289123535e-01 3.286004066467285156e+00 -5.501112937927246094e+00 9.865383505821228027e-01 -3.787971258163452148e+00 3.299887418746948242e+00 -1.339793443679809570e+00 1.584657549858093262e+00 -2.469018459320068359e+00 6.755103111267089844e+00 -1.459777832031250000e+00 -1.032372951507568359e+00 -5.398785471916198730e-01 1.396718144416809082e+00 1.774562835693359375e+00 -2.041490793228149414e+00 -1.415220618247985840e+00 2.064781427383422852e+00 2.078592300415039062e+00 1.270251393318176270e+00 -1.208255290985107422e+00 -7.923822999000549316e-01 1.591442525386810303e-01 -2.667550802230834961e+00 2.588238716125488281e+00 5.334386229515075684e-01 -4.037622213363647461e-01 -1.271733641624450684e+00 1.005577278137207031e+01 -4.912391185760498047e+00 -4.530316352844238281e+00 -4.420629978179931641e+00 -2.683933258056640625e+00 -3.510910987854003906e+00 4.014647901058197021e-01 5.528907775878906250e-01 2.119991779327392578e+00 3.402086496353149414e+00 -3.980568885803222656e+00 -8.209185600280761719e-01 1.680950045585632324e+00 3.078725814819335938e+00 -2.858766078948974609e+00 -1.545030251145362854e-02 -9.189509749412536621e-01 -2.446644783020019531e+00 2.429652452468872070e+00 -1.165267467498779297e+00 -2.931689500808715820e+00 8.360409736633300781e-02 3.746069669723510742e-01 -1.110826611518859863e+00 2.391889333724975586e+00 5.923475265502929688e+00 5.159744262695312500e+00 -3.428958892822265625e+00 2.892845630645751953e+00 4.542823791503906250e+00 6.219238787889480591e-02 -7.122277617454528809e-01
3.958481597900390625e+01 -2.411824607849121094e+01 4.890619277954101562e+00 -7.500169873237609863e-01 3.809817790985107422e+00 -5.766778945922851562e+00 -1.597596359252929688e+01 -2.356476783752441406e+00 -3.653350472450256348e-01 -5.256916284561157227e-01 -3.485450744628906250e+00 -4.190766513347625732e-01 -1.431208729743957520e+00 1.771721482276916504e+00 4.679453969001770020e-01 -7.528632879257202148e-01 2.699171543121337891e+00 -4.632390975952148438e+00 -2.665199279785156250e+00 -9.356276392936706543e-01 1.655566215515136719e+00 4.837419033050537109e+00 -1.222068309783935547e+00 -6.430202960968017578e+00 -6.136874198913574219e+00 4.222083091735839844e+00 -1.405000567436218262e+00 8.009210824966430664e-01 5.857616662979125977e-01 -3.060651302337646484e+00 2.001681625843048096e-01 -4.059394598007202148e-01 -1.385012626647949219e+00 -4.458865165710449219e+00 2.806113660335540771e-01 -1.226402401924133301e+00 -1.036707639694213867e+00 2.670464217662811279e-01 -3.849926292896270752e-01 -1.195615649223327637e+00 -2.227655172348022461e+00 3.001077175140380859e-01 -2.377299964427947998e-01 9.729807972908020020e-01 -6.568996429443359375e+00 -1.422725796699523926e+00 -1.075923815369606018e-02 1.036199569702148438e+00 -5.879042148590087891e+00 7.419706583023071289e-01 -2.081646442413330078e+00 1.659081578254699707e+00 -4.580615043640136719e+00 1.581005454063415527e+00 2.883076369762420654e-01 1.288517236709594727e+00 1.851800560951232910e+00 1.542724967002868652e+00 6.061370372772216797e-01 4.190814971923828125e+00 -2.457938641309738159e-01 -1.334763884544372559e+00 -8.063275218009948730e-01 -3.818650722503662109e+00 2.269571572542190552e-01 -2.185341596603393555e+00 -5.782898068428039551e-01 8.651570081710815430e-01 -7.546552270650863647e-02 -1.698128700256347656e+00 1.306919932365417480e+00 1.087135553359985352e+00 -1.096417829394340515e-01 -5.013910293579101562e+00 -3.477732539176940918e-01 3.201167106628417969e+00 -7.303447127342224121e-01 -2.776270627975463867e+00 -4.111011981964111328e+00 1.931679368019104004e+00 -6.154366731643676758e-01 -2.326724052429199219e+00 -2.585355639457702637e-01 -1.062976837158203125e+00 -8.947386145591735840e-01 1.344768404960632324e+00 2.270656265318393707e-02 3.614906072616577148e+00 8.325742483139038086e-01 -1.407441258430480957e+00 -9.727813601493835449e-01 2.809454441070556641e+00 2.196765661239624023e+00 -1.656621217727661133e+00 5.209112644195556641e+00 -2.730974435806274414e+00 -1.291659235954284668e+00 -8.522515296936035156e-01 -3.585700750350952148e+00 2.126645803451538086e+00
3.278931427001953125e+01 -2.522320175170898438e+01 6.246250152587890625e+00 3.587207317352294922e+00 -8.917564392089843750e+00 -6.039958477020263672e+00 -6.681810855865478516e+00 -2.603278875350952148e+00 -3.591615438461303711e+00 -6.614330410957336426e-02 -4.855265617370605469e+00 -2.063511125743389130e-02 -2.115666151046752930e+00 -1.088281631469726562e+00 -4.244806289672851562e+00 -2.671905040740966797e+00 4.571272850036621094e+00 1.665404200553894043e+00 1.427321910858154297e+00 -8.914683461189270020e-01 6.945850372314453125e+00 1.996068716049194336e+00 1.070860266685485840e+00 -1.595324873924255371e+00 -2.627916336059570312e+00 4.753386497497558594e+00 -2.882230043411254883e+00 -3.505028963088989258e+00 -1.323012351989746094e+00 -1.492870450019836426e+00 1.933488845825195312e-01 -2.076296806335449219e+00 -3.410578250885009766e+00 1.439760565757751465e+00 8.231150358915328979e-02 3.633235692977905273e-01 3.718152523040771484e+00 -4.133691310882568359e+00 -5.600630283355712891e+00 6.742373943328857422e+00 -1.846008747816085815e-01 6.470555782318115234e+00 -3.048889160156250000e+00 -2.609654903411865234e+00 1.475958526134490967e-01 -1.651141524314880371e+00 -2.435530185699462891e+00 8.734281361103057861e-02 3.228798627853393555e+00 -1.321089386940002441e+00 5.941478013992309570e-01 -1.148529529571533203e+00 -1.546315431594848633e+00 -1.814839243888854980e+00 -4.372617244720458984e+00 3.352715969085693359e+00 2.620227098464965820e+00 2.508820056915283203e+00 2.164675951004028320e+00 1.150109410285949707e+00 7.372527718544006348e-01 -2.403357028961181641e+00 -1.322626352310180664e+00 4.121241718530654907e-02 -1.490203261375427246e+00 -7.701585888862609863e-01 1.558219194412231445e+00 -9.590513706207275391e-01 -1.778111934661865234e+00 -3.500595331192016602e+00 2.405306816101074219e+00 -6.981606483459472656e-01 1.179438948631286621e+00 -3.948780536651611328e+00 -3.406819403171539307e-01 7.612258791923522949e-01 -8.845202326774597168e-01 2.451690196990966797e+00 7.116141796112060547e+00 7.357027530670166016e+00 3.218591451644897461e+00 -3.894604682922363281e+00 1.812354087829589844e+00 1.961959719657897949e+00 -1.704604029655456543e+00 1.738064408302307129e+00 -2.101484537124633789e+00 2.123179197311401367e+00 -4.467441082000732422e+00 -3.617482662200927734e+00 1.069455265998840332e+00 -1.345871090888977051e+00 1.960188150405883789e+00 4.332006275653839111e-01 3.416515588760375977e+00 -5.943128466606140137e-01 -1.197905391454696655e-01 -5.348306655883789062e+00 -1.906374692916870117e+00 -1.533178806304931641e+00
3.685546112060546875e+01 -1.226390933990478516e+01 -5.571475028991699219e+00 6.023294925689697266e+00 -6.760295867919921875e+00 3.418405950069427490e-01 -2.301397085189819336e+00 1.091814279556274414e+00 -3.461592674255371094e+00 -2.523540258407592773e+00 1.897315144538879395e+00 -3.645060777664184570e+00 5.412925243377685547e+00 4.142498493194580078e+00 1.198191642761230469e+00 3.616545915603637695e+00 5.667145252227783203e+00 -6.413507461547851562e+00 -1.391119718551635742e+00 -2.706794500350952148e+00 -3.839789152145385742e+00 -1.247893571853637695e+00 -6.566629409790039062e-01 -2.601187467575073242e+00 1.825042009353637695e+00 -7.256629467010498047e-01 2.494897842407226562e+00 2.406410217285156250e+00 -4.567915201187133789e-01 -4.228892326354980469e+00 -5.477301597595214844e+00 5.010230541229248047e+00 1.073382735252380371e+00 -3.860205411911010742e+00 -9.242702275514602661e-02 1.883566498756408691e+00 4.801449775695800781e+00 8.182526826858520508e-01 -1.944317817687988281e-01 -6.885641098022460938e+00 -3.431019544601440430e+00 7.763695716857910156e-02 -3.883707761764526367e+00 -2.753876924514770508e+00 1.298096299171447754e+00 -3.087045997381210327e-02 -5.630819797515869141e-01 -1.574657678604125977e+00 -3.965149223804473877e-01 7.576713562011718750e-01 5.530692636966705322e-02 3.201969385147094727e+00 -1.023843884468078613e+00 3.840362548828125000e+00 1.831090807914733887e+00 -9.547664523124694824e-01 1.645810246467590332e+00 2.893785238265991211e+00 -2.605901956558227539e-01 -5.454129695892333984e+00 -7.547934055328369141e+00 2.126752138137817383e+00 -4.023368358612060547e+00 1.008186936378479004e+00 2.181842327117919922e+00 -4.778909683227539062e+00 -5.169468522071838379e-01 -3.738577842712402344e+00 -4.839702129364013672e+00 4.199698269367218018e-01 3.345633745193481445e+00 -4.025005340576171875e+00 1.190900087356567383e+00 -2.119518280029296875e+00 -3.676789045333862305e+00 9.317416697740554810e-02 1.785023570060729980e+00 2.375679254531860352e+00 1.629298806190490723e+00 8.087425231933593750e+00 3.522680044174194336e+00 2.079056739807128906e+00 5.090572834014892578e+00 9.051238894462585449e-01 1.916023015975952148e+00 -2.280298233032226562e+00 1.665266156196594238e+00 1.934345483779907227e+00 1.488317847251892090e+00 5.633977413177490234e+00 4.614596813917160034e-02 2.050312906503677368e-01 2.852917313575744629e-01 3.300683975219726562e+00 3.121326863765716553e-01 1.122473120689392090e+00 -1.023609638214111328e+00 -4.375066280364990234e+00 -5.401709675788879395e-01 -5.059481143951416016e+00
3.058674812316894531e+01 -2.135876846313476562e+01 1.784123182296752930e+00 2.506071329116821289e+00 -1.080332374572753906e+01 -7.463586330413818359e+00 2.770133733749389648e+00 -1.292136192321777344e+00 -4.308138847351074219e+00 4.693749845027923584e-01 -2.461548089981079102e+00 1.905188798904418945e+00 3.526532351970672607e-01 2.673616170883178711e+00 -1.005618095397949219e+00 -2.957818269729614258e+00 4.037630856037139893e-01 3.643695116043090820e+00 -7.044962882995605469e+00 -4.221732139587402344e+00 -1.732491850852966309e+00 -5.138545036315917969e+00 -2.525554656982421875e+00 2.325628995895385742e+00 3.028821229934692383e+00 3.629285097122192383e+00 -4.896160125732421875e+00 -5.872890353202819824e-01 -2.087285757064819336e+00 -1.845150113105773926e+00 -2.307849377393722534e-01 -3.334070444107055664e+00 2.586885392665863037e-01 -9.520577639341354370e-02 5.077453613281250000e+00 2.180165767669677734e+00 1.689371943473815918e+00 3.325864076614379883e+00 2.581841945648193359e+00 -4.367639422416687012e-01 -3.289042949676513672e+00 -6.401733160018920898e-01 -1.209961414337158203e+00 2.257845640182495117e+00 2.180535554885864258e+00 1.703335046768188477e+00 -1.535950660705566406e+00 -3.359562635421752930e+00 -2.325581550598144531e+00 1.244734287261962891e+00 1.672212004661560059e+00 -2.861957311630249023e+00 -2.817051649093627930e+00 2.214332818984985352e+00 -4.896280765533447266e+00 -2.848242223262786865e-01 2.526083588600158691e-01 -2.589078426361083984e+00 2.274923086166381836e+00 -1.854683995246887207e+00 -1.935556530952453613e+00 4.523310184478759766e+00 -1.585042715072631836e+00 1.157287001609802246e+00 -5.854420065879821777e-01 -2.275984048843383789e+00 -8.712593317031860352e-01 -2.248989582061767578e+00 2.646093368530273438e+00 1.809308052062988281e+00 -4.260831356048583984e+00 -5.461361885070800781e+00 4.120114326477050781e+00 -9.599178433418273926e-01 2.450417429208755493e-01 -2.705505609512329102e+00 -1.783799648284912109e+00 1.281304264068603516e+01 2.728334903717041016e+00 -3.090000391006469727e+00 -2.521883964538574219e+00 -3.271755933761596680e+00 2.726444005966186523e+00 1.188741087913513184e+00 -1.122136354446411133e+00 -1.987356305122375488e+00 7.883714199066162109e+00 6.118627190589904785e-01 3.567128777503967285e-01 -1.114120006561279297e+00 2.112681150436401367e+00 3.793874740600585938e+00 4.786917686462402344e+00 3.628642082214355469e+00 -1.063181757926940918e+00 -5.584713935852050781e+00 5.072585344314575195e-01 2.501545190811157227e+00 1.112147450447082520e+00 6.598017215728759766e-01
2.601428794860839844e+01 -3.056032180786132812e+01 7.026365280151367188e+00 -9.181509613990783691e-01 1.079591083526611328e+01 -4.545687437057495117e-01 -7.169856548309326172e+00 4.991426944732666016e+00 -1.049812197685241699e+00 5.921610832214355469e+00 1.855221748352050781e+00 -5.137279033660888672e+00 -1.798799753189086914e+00 -2.468754053115844727e+00 -5.575906038284301758e-01 4.206646442413330078e+00 -2.032325744628906250e+00 7.679707407951354980e-01 2.186311960220336914e+00 -1.770367622375488281e-01 1.406025737524032593e-01 7.306316494941711426e-01 -1.796746969223022461e+00 -2.960032463073730469e+00 2.872665405273437500e+00 -1.329583883285522461e+00 1.652665376663208008e+00 1.051616430282592773e+00 -2.753893852233886719e+00 9.999842047691345215e-01 8.573055863380432129e-01 2.683784723281860352e+00 -6.794932484626770020e-01 2.796144187450408936e-01 -1.459928005933761597e-01 -9.573330879211425781e-01 -2.071465730667114258e+00 2.446032524108886719e+00 3.301880121231079102e+00 -9.441570043563842773e-01 1.058128714561462402e+00 1.428597450256347656e+00 -3.397739648818969727e+00 2.475596904754638672e+00 -1.312535643577575684e+00 -1.626662015914916992e+00 -1.570067405700683594e-01 1.230809569358825684e+00 1.106710672378540039e+00 2.464647293090820312e+00 -1.664227843284606934e+00 -2.797894239425659180e+00 -2.013601779937744141e+00 5.195848941802978516e-01 -5.458571434020996094e+00 2.051954507827758789e+00 -3.777909576892852783e-01 1.644816756248474121e+00 1.319331169128417969e+00 -2.451635122299194336e+00 -2.793282568454742432e-01 7.561807036399841309e-01 4.618459224700927734e+00 -4.262748658657073975e-01 2.657040596008300781e+00 1.911495566368103027e+00 -2.055153131484985352e+00 -6.737476348876953125e+00 2.915414810180664062e+00 -1.298856973648071289e+00 2.292761564254760742e+00 6.889328956604003906e+00 1.941383242607116699e+00 1.236910581588745117e+00 -1.432836294174194336e+00 2.304064989089965820e+00 1.339926123619079590e+00 4.076387882232666016e+00 1.455670893192291260e-01 -4.934399724006652832e-01 -1.712901473045349121e+00 -2.650012731552124023e+00 9.093647599220275879e-01 -3.367522239685058594e+00 2.075643301010131836e+00 -3.327594995498657227e-01 -9.026262760162353516e-01 1.257644534111022949e+00 -2.346404194831848145e-01 7.785883545875549316e-01 -3.084696531295776367e-01 2.265821218490600586e+00 7.715762257575988770e-01 5.726638436317443848e-01 -6.003283977508544922e+00 8.232790231704711914e-02 2.980335235595703125e+00 -2.037437200546264648e+00 -6.575654149055480957e-01 1.511889219284057617e+00
2.343113327026367188e+01 -2.715364265441894531e+01 3.825885295867919922e+00 2.588217020034790039e+00 -2.479239225387573242e+00 -4.563080310821533203e+00 -2.211600303649902344e+00 2.160491466522216797e+00 -2.298679590225219727e+00 5.371615886688232422e+00 4.790720045566558838e-01 4.075943827629089355e-01 -2.299626588821411133e+00 -1.340086340904235840e+00 -1.458301305770874023e+00 -4.691114425659179688e+00 -2.416379213333129883e+00 -3.453955411911010742e+00 -1.925105810165405273e+00 1.914336323738098145e+00 -4.208787441253662109e+00 -9.205998182296752930e-01 -4.508159637451171875e+00 2.770001888275146484e+00 3.831512928009033203e+00 -1.230781152844429016e-01 -1.131217479705810547e+00 5.562660098075866699e-01 2.405564069747924805e+00 1.495360970497131348e+00 1.895158171653747559e+00 -1.442905545234680176e+00 2.158366918563842773e+00 2.683302164077758789e+00 -4.684792518615722656e+00 -1.349904775619506836e+00 -4.818351268768310547e+00 8.056806325912475586e-01 -2.051112413406372070e+00 3.334526777267456055e+00 -4.242861270904541016e+00 1.720616579055786133e+00 9.557458013296127319e-02 3.145562708377838135e-01 7.653827190399169922e+00 2.158761501312255859e+00 2.804521918296813965e-01 2.324544191360473633e+00 -9.063352942466735840e-01 6.314244866371154785e-01 1.034305810928344727e+00 -1.064898967742919922e+00 9.774260520935058594e-01 3.116964101791381836e+00 -7.169013023376464844e-01 -3.564633369445800781e+00 1.734689831733703613e+00 2.067687511444091797e+00 2.167658329010009766e+00 1.143844485282897949e+00 -2.335635900497436523e+00 -4.601260662078857422e+00 6.646788597106933594e+00 2.670715808868408203e+00 -1.766953915357589722e-01 -2.980712175369262695e+00 2.498502254486083984e+00 -9.891883730888366699e-01 -2.409676551818847656e+00 -1.105509996414184570e+00 2.609910488128662109e+00 -7.009907245635986328e+00 -3.965852499008178711e+00 7.967932224273681641e+00 4.051103115081787109e+00 1.418155670166015625e+00 -3.065001249313354492e+00 -1.763350725173950195e+00 -2.213563174009323120e-01 -2.535590171813964844e+00 -1.029609203338623047e+00 1.213003396987915039e+00 -9.675320386886596680e-01 7.868738174438476562e-01 7.859026789665222168e-01 2.440240830183029175e-01 -9.277201294898986816e-01 8.775450587272644043e-01 -2.330193996429443359e+00 -2.915300846099853516e+00 -1.770698785781860352e+00 3.052709102630615234e+00 -1.995191216468811035e+00 7.753211855888366699e-01 4.962432980537414551e-01 -3.553435564041137695e+00 9.880633950233459473e-01 -6.162844896316528320e-01 9.883102178573608398e-01 -2.013278961181640625e+00
3.983500671386718750e+01 -7.412168979644775391e+00 -6.263914585113525391e+00 -3.189931511878967285e-01 -1.060720443725585938e+01 -2.374872684478759766e+00 -4.810282707214355469e+00 3.600837945938110352e+00 -2.542617559432983398e+00 4.901285171508789062e+00 1.381560266017913818e-01 -1.513784766197204590e+00 2.162041187286376953e+00 1.036643028259277344e+00 -5.007378578186035156e+00 -4.385560512542724609e+00 2.027042388916015625e+00 -5.139137268066406250e+00 7.243733406066894531e-01 4.665733337402343750e+00 -2.581302404403686523e+00 3.540104627609252930e+00 3.147353887557983398e+00 -1.877545833587646484e+00 -1.187756896018981934e+00 -2.160277605056762695e+00 1.339228034019470215e+00 4.418504714965820312e+00 3.222730398178100586e+00 3.686384916305541992e+00 -2.924448251724243164e+00 -1.718290686607360840e+00 4.609642982482910156e+00 3.799321651458740234e+00 1.564778923988342285e+00 -2.164482116699218750e+00 -2.298465967178344727e+00 2.168616294860839844e+00 -2.448445796966552734e+00 1.084263801574707031e+00 6.520724296569824219e-01 -1.819044113159179688e+00 -3.456402063369750977e+00 1.315246343612670898e+00 2.738002061843872070e+00 -3.507920980453491211e+00 2.252964496612548828e+00 -4.500202655792236328e+00 2.491297274827957153e-01 -6.349708557128906250e+00 -3.987905979156494141e+00 -1.649159789085388184e+00 4.862050056457519531e+00 -6.345381736755371094e-01 6.612811088562011719e-01 9.831169247627258301e-02 2.413496971130371094e+00 -4.390291213989257812e+00 -4.868382811546325684e-01 -3.224579334259033203e+00 -2.674432039260864258e+00 -1.516966462135314941e+00 3.804440975189208984e+00 -5.387587547302246094e+00 -7.200325012207031250e+00 4.841778278350830078e+00 1.212028145790100098e+00 -1.896978497505187988e+00 -1.877679347991943359e+00 -4.483282566070556641e-02 -2.568758130073547363e-01 -6.675758361816406250e+00 3.957453250885009766e+00 1.997358798980712891e+00 -5.216166973114013672e+00 7.380356311798095703e+00 1.203644156455993652e+00 -4.222734570503234863e-01 -2.753827810287475586e+00 5.727453231811523438e-01 6.722426414489746094e-01 -2.447928905487060547e+00 -7.072405815124511719e-01 -3.335626840591430664e+00 3.848459959030151367e+00 6.473985671997070312e+00 -6.518846035003662109e+00 1.232945680618286133e+00 -1.823544859886169434e+00 -2.469484567642211914e+00 -6.909528255462646484e+00 2.291189908981323242e+00 2.599366605281829834e-01 -4.028433188796043396e-02 3.107158660888671875e+00 -1.671088933944702148e-01 -2.256971299648284912e-01 2.141450405120849609e+00 -3.210938215255737305e+00 1.022670626640319824e+00
3.414177322387695312e+01 -1.533217906951904297e+01 -2.021687507629394531e+00 1.298220872879028320e+00 -6.579117298126220703e+00 -9.160100936889648438e+00 2.495835274457931519e-01 6.352846622467041016e-01 7.546901702880859375e-01 1.649242758750915527e+00 -2.509676456451416016e+00 -2.091672658920288086e+00 1.450515747070312500e+00 1.554684996604919434e+00 -8.284121155738830566e-01 3.173676252365112305e+00 8.398655652999877930e-01 -3.121669292449951172e+00 -4.491516113281250000e+00 1.101486563682556152e+00 2.145358324050903320e+00 3.242037296295166016e-01 1.875790476799011230e+00 3.179241657257080078e+00 3.431982994079589844e+00 7.339629530906677246e-01 3.073903083801269531e+00 2.143322467803955078e+00 3.694196045398712158e-02 2.632246732711791992e+00 1.143273591995239258e+00 -1.039000153541564941e+00 -3.052952051162719727e+00 2.605887889862060547e+00 9.693484306335449219e-01 -1.515357971191406250e+00 -2.589747428894042969e+00 -5.040218234062194824e-01 4.576774597167968750e+00 -2.564941346645355225e-01 1.100008606910705566e+00 -3.611129522323608398e-01 -6.075833320617675781e+00 1.932255625724792480e+00 -1.522068858146667480e+00 -1.302233934402465820e+00 1.323467373847961426e+00 1.024216413497924805e+00 2.893944740295410156e+00 1.289272189140319824e+00 5.428014397621154785e-01 -9.817126393318176270e-01 1.066175103187561035e+00 -2.667520761489868164e+00 5.952774047851562500e+00 4.397921085357666016e+00 -1.582311391830444336e+00 -4.632737159729003906e+00 2.770923137664794922e+00 1.488909482955932617e+00 2.327681779861450195e+00 -8.432241082191467285e-01 2.111237525939941406e+00 2.064423084259033203e+00 -1.239053726196289062e+00 -2.341138839721679688e+00 -3.171328902244567871e-01 -2.496389150619506836e+00 8.978117704391479492e-01 -1.178172349929809570e+00 -8.673963546752929688e-01 5.347611904144287109e-01 -1.070935487747192383e+00 -3.223335266113281250e+00 7.190530300140380859e-01 2.480085849761962891e+00 5.744455456733703613e-01 -2.161860704421997070e+00 -5.365017056465148926e-01 -1.678321838378906250e+00 7.060090303421020508e-01 4.826876163482666016e+00 -3.367267847061157227e+00 -1.793290853500366211e+00 2.403651952743530273e+00 -1.241885662078857422e+00 -1.048949241638183594e+00 -2.926791667938232422e+00 -2.125230312347412109e+00 -9.993724226951599121e-01 1.411645174026489258e+00 1.055603742599487305e+00 4.098378181457519531e+00 -9.710745215415954590e-01 -3.828334808349609375e+00 4.209429740905761719e+00 -5.281015038490295410e-01 -1.589853644371032715e+00 -3.128089189529418945e+00 -4.862569272518157959e-01
3.287330627441406250e+01 -1.739840507507324219e+01 1.539985984563827515e-01 2.081940889358520508e+00 -5.090417861938476562e+00 -4.857630729675292969e+00 6.925947219133377075e-02 -1.471508622169494629e+00 -1.552799224853515625e+00 2.115636587142944336e+00 1.577254035510122776e-03 -1.469352245330810547e-01 -1.088651657104492188e+00 3.522657632827758789e+00 1.356211066246032715e+00 1.642837047576904297e+00 1.054322004318237305e+00 -9.314073920249938965e-01 -4.355311393737792969e+00 9.553210809826850891e-03 4.378444850444793701e-01 3.142426729202270508e+00 8.119588494300842285e-01 1.419865936040878296e-01 2.589362144470214844e+00 -2.689461112022399902e-01 4.186252653598785400e-01 -4.285418987274169922e-01 1.754588007926940918e+00 2.243347406387329102e+00 -1.533495545387268066e+00 -2.347047090530395508e+00 -9.078387022018432617e-01 4.675602436065673828e+00 -2.436640262603759766e+00 3.791535377502441406e+00 -1.387404322624206543e+00 -3.093008995056152344e+00 4.152931690216064453e+00 1.388008713722229004e+00 -1.064216271042823792e-01 -2.275685817003250122e-01 -9.927204251289367676e-02 3.655961453914642334e-01 -2.982754230499267578e+00 8.800106048583984375e-01 -4.350543916225433350e-01 -3.715116739273071289e+00 2.918020486831665039e+00 4.634500026702880859e+00 -3.738906860351562500e+00 1.879338502883911133e+00 -1.138341426849365234e+00 -3.067213296890258789e+00 3.807054042816162109e+00 -2.281810522079467773e+00 1.708374857902526855e+00 -2.884764432907104492e+00 4.451784133911132812e+00 1.125530600547790527e+00 -7.157449126243591309e-01 1.596787095069885254e+00 -4.038967132568359375e+00 -1.071495890617370605e+00 -6.990877628326416016e+00 -3.963271856307983398e+00 2.517683982849121094e+00 3.197841644287109375e-01 -3.978236436843872070e+00 -5.905494466423988342e-02 -3.653540909290313721e-01 -2.441372871398925781e+00 1.907058715820312500e+00 -3.411899566650390625e+00 -1.279852032661437988e+00 4.690112113952636719e+00 3.101678609848022461e+00 -1.201799139380455017e-01 4.724836945533752441e-01 1.033769011497497559e+00 4.061204910278320312e+00 -1.494931221008300781e+00 -2.790714263916015625e+00 2.464928150177001953e+00 -3.153181076049804688e+00 -1.218526124954223633e+00 3.392924547195434570e+00 -1.631195068359375000e+00 -8.966881036758422852e-01 3.901005506515502930e+00 1.071646571159362793e+00 -4.826819300651550293e-01 3.339248657226562500e+00 1.913021564483642578e+00 3.166345655918121338e-01 -2.006731986999511719e+00 -1.477568507194519043e+00 3.057451963424682617e+00 -2.500506877899169922e+00 -3.938323855400085449e-01
3.388058471679687500e+01 -1.556118679046630859e+01 -7.933011054992675781e+00 3.863939344882965088e-01 -5.643323421478271484e+00 -7.226411819458007812e+00 3.659081459045410156e-02 2.033052444458007812e+00 -1.496517062187194824e+00 -4.798824787139892578e+00 -1.056869506835937500e+00 -5.197305679321289062e+00 2.229958213865756989e-02 -2.043095827102661133e+00 -4.132700264453887939e-01 2.165003299713134766e+00 4.090855598449707031e+00 -3.022175312042236328e+00 -2.697638273239135742e-01 -2.139483213424682617e+00 3.842230796813964844e+00 3.092034816741943359e+00 -2.911351680755615234e+00 1.473887413740158081e-01 -2.564951181411743164e+00 6.853681206703186035e-01 -9.078090190887451172e-01 -6.733466982841491699e-01 -3.269549608230590820e+00 5.226544857025146484e+00 -1.991087913513183594e+00 -2.651039123535156250e+00 -4.423392295837402344e+00 -1.627709150314331055e+00 2.785549640655517578e+00 5.093236565589904785e-01 -5.575409889221191406e+00 -5.039554119110107422e+00 -8.131614923477172852e-01 -2.492510080337524414e+00 -1.010938405990600586e+00 -3.525423765182495117e+00 -4.207619667053222656e+00 -1.423021793365478516e+00 1.010284066200256348e+00 3.639972925186157227e+00 -5.646031498908996582e-01 2.180996179580688477e+00 1.787207245826721191e+00 6.980378031730651855e-01 -2.324726819992065430e+00 7.437378764152526855e-01 2.159631967544555664e+00 -2.774487495422363281e+00 -4.707269966602325439e-01 4.059360980987548828e+00 -5.272744178771972656e+00 1.405666232109069824e+00 -4.509559154510498047e+00 5.805441737174987793e-01 2.035244703292846680e+00 -1.689738154411315918e+00 4.169486522674560547e+00 1.680693507194519043e+00 1.925811529159545898e+00 -1.002764344215393066e+00 2.013533115386962891e+00 -3.885273635387420654e-01 -1.966957688331604004e+00 -3.614182174205780029e-01 2.323269844055175781e+00 1.689645171165466309e+00 8.049231022596359253e-02 4.609119892120361328e+00 2.499028295278549194e-01 -6.558972597122192383e-01 -3.034891843795776367e+00 -4.567873001098632812e+00 5.149154663085937500e+00 2.059462070465087891e+00 1.445327401161193848e+00 -3.879417181015014648e+00 3.601188957691192627e-01 -1.616922616958618164e+00 -3.597254157066345215e-01 -1.866978406906127930e+00 -1.780317544937133789e+00 -2.770373106002807617e+00 1.207790732383728027e+00 -3.187073230743408203e+00 1.993352293968200684e+00 1.294237256050109863e+00 4.288123607635498047e+00 7.030879855155944824e-01 -9.608950614929199219e-01 -4.606689512729644775e-01 1.705567121505737305e+00 2.634083032608032227e+00 -3.466333448886871338e-01 1.109789371490478516e+00
3.307131958007812500e+01 -1.726701164245605469e+01 -6.776042461395263672e+00 -8.793133497238159180e-02 -9.214939117431640625e+00 -8.842528343200683594e+00 -1.237865567207336426e+00 2.242279052734375000e+00 -2.511231660842895508e+00 -1.155417799949645996e+00 1.439165353775024414e+00 1.840415447950363159e-01 4.393024444580078125e+00 3.154499769210815430e+00 -2.144022703170776367e+00 -2.501604080200195312e+00 1.030058622360229492e+00 -2.077746629714965820e+00 -1.956857323646545410e+00 -2.164122343063354492e+00 2.428018569946289062e+00 1.822244763374328613e+00 -1.558726310729980469e+00 -1.020968198776245117e+00 2.513662815093994141e+00 -2.203884840011596680e+00 1.106743574142456055e+00 1.937278628349304199e+00 -1.114897370338439941e+00 1.725087881088256836e+00 -1.928863406181335449e+00 -4.313323497772216797e-01 7.355703711509704590e-01 2.988734245300292969e+00 -1.633850693702697754e+00 1.553851246833801270e+00 -4.077067375183105469e+00 2.078068017959594727e+00 -1.288039803504943848e+00 2.411746025085449219e+00 1.058180332183837891e+00 1.278661251068115234e+00 -4.420605182647705078e+00 1.071544885635375977e+00 -5.377201557159423828e+00 -4.513562679290771484e+00 -1.099618792533874512e+00 2.439406156539916992e+00 -3.137381672859191895e-01 1.130268335342407227e+00 -6.245627999305725098e-01 7.029484748840332031e+00 -4.569299519062042236e-01 -1.955806732177734375e+00 -4.523330628871917725e-01 3.515042543411254883e+00 2.248946666717529297e+00 1.396614193916320801e+00 -4.752915382385253906e+00 4.136311054229736328e+00 2.936132192611694336e+00 -1.989814400672912598e+00 -1.019254684448242188e+00 2.809370517730712891e+00 -5.349531173706054688e+00 -2.433629989624023438e+00 -2.161290407180786133e+00 1.071661710739135742e+00 2.020413875579833984e+00 -3.438441276550292969e+00 -1.315530419349670410e+00 2.488371133804321289e+00 6.137032985687255859e+00 9.776118993759155273e-01 -3.895534038543701172e+00 -1.607296943664550781e+00 -8.105743527412414551e-01 -2.283315658569335938e+00 2.722134590148925781e+00 -5.001350045204162598e-01 -6.453771591186523438e-01 1.404997110366821289e+00 -1.247080445289611816e+00 1.216126084327697754e+00 -4.675019264221191406e+00 2.699058055877685547e+00 6.793838739395141602e-01 2.328814506530761719e+00 1.408225059509277344e+00 -1.964391469955444336e-01 -6.026619300246238708e-02 5.883528590202331543e-01 -3.757457494735717773e+00 -7.097563743591308594e+00 -1.798843741416931152e+00 3.911746025085449219e+00 6.352729797363281250e-01 1.260716438293457031e+00 4.935887813568115234e+00 -2.978231191635131836e+00
3.251080703735351562e+01 -2.148249053955078125e+01 -2.288714885711669922e+00 1.770474195480346680e+00 -2.931773900985717773e+00 -5.047106742858886719e+00 -9.780871868133544922e-01 5.623254776000976562e-01 -6.960253715515136719e-01 -9.367297291755676270e-01 -2.217783689498901367e+00 -1.686096906661987305e+00 -3.917109489440917969e+00 -1.157671213150024414e+00 -5.381151199340820312e+00 7.453562021255493164e-01 2.919447660446166992e+00 -5.123968601226806641e+00 -1.156656742095947266e+00 -4.837715625762939453e+00 4.392982006072998047e+00 6.315523624420166016e+00 -4.570896625518798828e+00 -3.069517850875854492e+00 -1.740934848785400391e+00 2.632834196090698242e+00 4.017187356948852539e-01 3.507704138755798340e-01 2.128231823444366455e-01 -1.100045561790466309e+00 -2.939487218856811523e+00 -4.144431352615356445e-01 -4.008466243743896484e+00 -4.007626473903656006e-01 7.132882475852966309e-01 -1.161594152450561523e+00 -1.095633387565612793e+00 2.454978466033935547e+00 4.222717285156250000e+00 8.297110795974731445e-01 1.178328394889831543e+00 7.054099440574645996e-01 2.390230417251586914e+00 -1.456817090511322021e-01 -6.669570207595825195e-01 -2.162241697311401367e+00 -1.456885337829589844e+00 1.987527132034301758e+00 5.261285305023193359e-01 -1.167674303054809570e+00 -1.833268642425537109e+00 -1.085619568824768066e+00 -2.596924543380737305e+00 -1.135395407676696777e+00 2.527055978775024414e+00 1.167223095893859863e+00 3.175510644912719727e+00 -6.670816421508789062e+00 -2.256648778915405273e+00 3.376263141632080078e+00 1.009262681007385254e+00 2.253041744232177734e+00 5.549966812133789062e+00 -3.346035480499267578e-01 -5.475762486457824707e-01 1.495971083641052246e+00 -2.101767301559448242e+00 -1.453842163085937500e+00 -1.321146368980407715e+00 1.551916003227233887e+00 -5.623525381088256836e-01 -4.069324135780334473e-01 2.207133769989013672e+00 -8.590517640113830566e-01 9.309817552566528320e-01 -7.569980025291442871e-01 2.397894144058227539e+00 1.285154104232788086e+00 -5.804971218109130859e+00 5.538195610046386719e+00 -7.394218921661376953e+00 1.346585512161254883e+00 8.581533432006835938e-01 1.891727000474929810e-01 -1.964723587036132812e+00 -1.143621325492858887e+00 -6.049845218658447266e-01 3.128502368927001953e+00 7.117037177085876465e-01 -3.220923662185668945e+00 -2.059891939163208008e+00 2.339567840099334717e-01 -2.675245046615600586e+00 1.334450483322143555e+00 -4.919568061828613281e+00 1.356655657291412354e-01 3.451464414596557617e+00 -2.246890783309936523e+00 2.842156887054443359e+00 -4.171206474304199219e+00
3.787113952636718750e+01 -1.020138549804687500e+01 -1.054194927215576172e+01 -3.346004486083984375e+00 -1.009003639221191406e+01 -8.824040412902832031e+00 -4.727749824523925781e+00 2.918079793453216553e-01 -1.081647634506225586e+00 -8.962140083312988281e-01 -5.427756309509277344e+00 -1.824742913246154785e+00 1.862013220787048340e+00 3.542403936386108398e+00 -4.012769699096679688e+00 -1.901572108268737793e+00 1.504162192344665527e+00 -4.600760936737060547e+00 -1.824019551277160645e+00 -5.882047653198242188e+00 1.563771009445190430e+00 -2.580247640609741211e+00 -6.207426786422729492e-01 -1.376462578773498535e+00 4.618922472000122070e-01 2.851936340332031250e+00 8.174528479576110840e-01 2.229268074035644531e+00 -2.836785793304443359e+00 -3.645311832427978516e+00 1.298538804054260254e+00 -5.414794445037841797e+00 5.051727294921875000e-01 1.549037098884582520e+00 -5.159413337707519531e+00 8.917892575263977051e-01 -4.490154266357421875e+00 2.398909568786621094e+00 3.575309514999389648e+00 3.324028491973876953e+00 -2.542725563049316406e+00 9.014359116554260254e-01 -3.240286350250244141e+00 5.171246051788330078e+00 2.870195508003234863e-01 -1.938771486282348633e+00 -1.847781419754028320e+00 3.522718667984008789e+00 9.996050000190734863e-01 -8.944101929664611816e-01 -5.482176303863525391e+00 1.173045158386230469e+00 2.329684257507324219e+00 2.792284965515136719e+00 1.364137291908264160e+00 2.733323097229003906e+00 -3.366333723068237305e+00 -5.166854262351989746e-01 -1.313111424446105957e+00 2.349719285964965820e+00 4.195068836212158203e+00 8.319647312164306641e-01 -4.145421981811523438e+00 -3.106643259525299072e-01 -2.795532226562500000e+00 -2.582288503646850586e+00 3.019134521484375000e+00 4.934873104095458984e+00 -9.620981216430664062e-01 -2.711621761322021484e+00 -1.920713633298873901e-01 1.249235272407531738e+00 -1.971716761589050293e+00 4.990191459655761719e+00 -3.434165954589843750e+00 -1.575073361396789551e+00 -2.518948793411254883e+00 -2.971185445785522461e+00 3.592476129531860352e+00 -1.188135266304016113e+00 2.762880325317382812e+00 -2.666970491409301758e+00 9.232929348945617676e-01 1.719751358032226562e+00 2.044275522232055664e+00 -4.783154964447021484e+00 1.410973787307739258e+00 -2.008328437805175781e-01 -6.586641073226928711e-01 2.739831209182739258e-01 2.874295949935913086e+00 -1.665978074073791504e+00 -1.314419984817504883e+00 -1.612763166427612305e+00 3.920369625091552734e+00 3.151629209518432617e+00 4.479714393615722656e+00 3.949542760848999023e+00 4.760695695877075195e-01 -2.742206573486328125e+00
2.246841621398925781e+01 -2.462713050842285156e+01 2.857628583908081055e+00 2.896923542022705078e+00 -3.797743797302246094e+00 -5.875521183013916016e+00 9.069983959197998047e-01 1.974961996078491211e+00 -2.033737182617187500e+00 3.795164823532104492e+00 -4.080564498901367188e+00 1.423523902893066406e+00 -1.402745366096496582e+00 -1.178536891937255859e+00 9.538224935531616211e-01 -1.953422546386718750e+00 -3.711061000823974609e+00 -4.839874804019927979e-01 -5.234639644622802734e+00 2.016562938690185547e+00 -6.286242008209228516e+00 1.395226597785949707e+00 -1.148767232894897461e+00 1.366053700447082520e+00 7.526227474212646484e+00 8.869094252586364746e-01 -2.778560161590576172e+00 9.598637819290161133e-01 -4.446064472198486328e+00 6.021170020103454590e-01 -3.062920808792114258e+00 -4.390779972076416016e+00 2.400503158569335938e+00 1.347770333290100098e+00 -3.664847135543823242e+00 -1.513237237930297852e+00 1.781262516975402832e+00 -2.907516956329345703e+00 4.209726810455322266e+00 -1.280171036720275879e+00 3.481709957122802734e+00 -7.300689697265625000e+00 1.509869694709777832e+00 3.285404920578002930e+00 2.741473197937011719e+00 9.756829738616943359e-01 2.721675872802734375e+00 2.120452404022216797e+00 3.265561342239379883e+00 3.788541853427886963e-01 4.852546691894531250e+00 4.414704799652099609e+00 1.648837804794311523e+00 -1.388883948326110840e+00 3.547304570674896240e-01 1.906033635139465332e+00 1.297372728586196899e-01 -5.865670204162597656e+00 2.999800920486450195e+00 1.125120878219604492e+00 1.306732296943664551e+00 -2.907027721405029297e+00 -3.200709104537963867e+00 3.544247865676879883e+00 -7.845424413681030273e-01 -1.990791082382202148e+00 -4.914376258850097656e+00 4.107069969177246094e+00 2.503696680068969727e+00 6.704598069190979004e-01 -2.171006441116333008e+00 1.170415878295898438e+00 3.599713325500488281e+00 4.421131908893585205e-01 2.742888212203979492e+00 3.687077045440673828e+00 2.441959381103515625e+00 4.686620235443115234e+00 -3.003382682800292969e+00 4.336727142333984375e+00 3.933548927307128906e+00 1.136426687240600586e+00 -5.182232260704040527e-01 -1.027388811111450195e+00 2.954925298690795898e+00 -1.846133828163146973e+00 5.424830317497253418e-01 2.259193658828735352e+00 4.553645610809326172e+00 -6.630912423133850098e-02 1.746706813573837280e-01 -7.687252014875411987e-02 1.039283394813537598e+00 -2.838786125183105469e+00 1.238579988479614258e+00 2.441071748733520508e+00 4.316616535186767578e+00 2.704230308532714844e+00 -4.824701309204101562e+00 5.308603048324584961e-01
3.587390899658203125e+01 -1.457300376892089844e+01 -3.484922885894775391e+00 -1.813988924026489258e+00 -5.946537256240844727e-01 -2.557792425155639648e+00 -9.461817741394042969e+00 -1.633206248283386230e+00 -2.136132240295410156e+00 3.502526760101318359e+00 1.983569860458374023e+00 1.959503412246704102e+00 2.266844511032104492e+00 -1.790636658668518066e+00 -4.311092853546142578e+00 2.008262634277343750e+00 1.594129085540771484e+00 -6.832483291625976562e+00 1.155612945556640625e+00 1.055330634117126465e+00 4.537363052368164062e+00 2.838660478591918945e+00 -2.944200754165649414e+00 -1.754625082015991211e+00 1.549170613288879395e+00 3.131484985351562500e+00 3.048115372657775879e-01 1.542959451675415039e+00 -3.789488077163696289e+00 -6.530754566192626953e-01 -2.656282424926757812e+00 -2.722221985459327698e-02 -3.069238066673278809e-01 3.438392639160156250e+00 -1.017930388450622559e+00 2.765227556228637695e+00 -2.805412769317626953e+00 1.192738890647888184e+00 2.887113392353057861e-02 3.081901788711547852e+00 7.866281867027282715e-01 1.612501740455627441e+00 3.565393984317779541e-01 -2.761016845703125000e+00 2.934978008270263672e+00 -5.814774990081787109e+00 -2.963497638702392578e+00 -2.171388387680053711e+00 -1.317656993865966797e+00 4.620188236236572266e+00 4.758538722991943359e+00 5.922257423400878906e+00 1.170401573181152344e+00 9.686649441719055176e-01 -1.182987689971923828e+00 -4.312176227569580078e+00 2.458144664764404297e+00 2.199414253234863281e+00 -1.806930452585220337e-01 1.312184214591979980e+00 -1.440690040588378906e+00 7.549471855163574219e-01 5.403278827667236328e+00 -1.973376035690307617e+00 4.770879745483398438e+00 2.067082405090332031e+00 2.327917098999023438e+00 -7.468653470277786255e-02 -2.733752012252807617e+00 -1.636771202087402344e+00 1.709216833114624023e+00 -3.927622079849243164e+00 6.452593803405761719e-01 2.125303983688354492e+00 1.612078785896301270e+00 -3.466117858886718750e+00 2.806434631347656250e+00 -2.073345184326171875e+00 -1.857711911201477051e+00 -3.210071086883544922e+00 1.581689000129699707e+00 -1.752422451972961426e+00 2.183130264282226562e+00 4.636265754699707031e+00 6.752112865447998047e+00 -1.345945000648498535e+00 7.071006894111633301e-01 -2.300983428955078125e+00 1.553185582160949707e+00 9.776827096939086914e-01 -1.081896305084228516e+00 8.609079122543334961e-01 1.999203205108642578e+00 -3.580147981643676758e+00 -3.881716966629028320e+00 4.751856803894042969e+00 -5.143046379089355469e+00 2.078453302383422852e+00 -3.345952630043029785e-01 2.094441413879394531e+00
3.908177566528320312e+01 -1.108068180084228516e+01 -5.656983375549316406e+00 -1.355085611343383789e+00 -4.774805009365081787e-01 -3.829177856445312500e+00 -5.115232944488525391e+00 5.330179333686828613e-01 -2.034951925277709961e+00 -3.373206779360771179e-02 2.332345724105834961e+00 -2.948921442031860352e+00 1.555828094482421875e+00 2.251121044158935547e+00 -6.687791347503662109e+00 -7.268957495689392090e-01 -1.527768373489379883e+00 -5.033831119537353516e+00 3.106584310531616211e+00 -5.221425533294677734e+00 2.155091524124145508e+00 1.607274651527404785e+00 -5.838274955749511719e-01 -1.538332104682922363e+00 1.144838929176330566e+00 -4.873834550380706787e-01 -1.533555269241333008e+00 -2.659664869308471680e+00 -4.332009792327880859e+00 3.703870534896850586e+00 4.140798747539520264e-01 2.462366819381713867e+00 -3.355792284011840820e+00 -3.926659822463989258e+00 -2.330659866333007812e+00 2.749215602874755859e+00 -9.167282581329345703e-01 -3.219159364700317383e+00 -7.291865348815917969e-01 -1.344698667526245117e+00 -3.688707351684570312e+00 3.638640165328979492e+00 -4.873905181884765625e+00 -1.588649272918701172e+00 1.168351054191589355e+00 -5.561700820922851562e+00 -3.657219409942626953e+00 4.714476585388183594e+00 2.279124975204467773e+00 -5.345028638839721680e-01 3.181456029415130615e-01 2.665583133697509766e+00 -2.311376810073852539e+00 1.407910346984863281e+00 4.399508535861968994e-01 -4.275117874145507812e+00 -8.145285844802856445e-01 3.821232557296752930e+00 -5.435421943664550781e+00 -2.222227811813354492e+00 -5.282497406005859375e-02 -2.171219825744628906e+00 -2.080730676651000977e+00 -7.891228795051574707e-01 -3.525743961334228516e+00 -1.662389874458312988e+00 -4.103034019470214844e+00 2.174511104822158813e-01 -1.834138989448547363e+00 -9.699131846427917480e-01 1.831781744956970215e+00 4.650533199310302734e+00 -2.456429719924926758e+00 3.009137809276580811e-01 -2.247298240661621094e+00 2.599454224109649658e-01 1.056948423385620117e+00 -3.883077383041381836e+00 -1.420941710472106934e+00 2.586485385894775391e+00 3.269067049026489258e+00 -1.231703460216522217e-01 -4.503164768218994141e+00 4.592117369174957275e-01 -2.022188425064086914e+00 -3.536754369735717773e+00 -1.623007774353027344e+00 3.081971168518066406e+00 -3.387866973876953125e+00 -6.080062866210937500e+00 -5.353654026985168457e-01 2.158181220293045044e-01 -1.837352752685546875e+00 5.100659847259521484e+00 3.272795438766479492e+00 3.861848831176757812e+00 -3.384200096130371094e+00 -1.368400454521179199e-01 1.453983187675476074e+00 -2.646345138549804688e+00
3.370228576660156250e+01 -2.462510871887207031e+01 5.104925155639648438e+00 1.321704745292663574e+00 -5.868366360664367676e-01 -5.559025287628173828e+00 -6.112177371978759766e+00 3.230414986610412598e-01 -2.080067060887813568e-02 1.947160601615905762e+00 1.974773526191711426e+00 2.891838550567626953e+00 7.313463091850280762e-01 2.270153045654296875e+00 2.295139551162719727e+00 -2.445029765367507935e-01 -7.302545070648193359e+00 3.360014677047729492e+00 -3.349920988082885742e+00 3.541982650756835938e+00 1.781976819038391113e+00 -2.830506324768066406e+00 -4.387870788574218750e+00 -1.065015316009521484e+00 6.009556293487548828e+00 7.175517559051513672e+00 3.862689971923828125e+00 -5.326113700866699219e+00 3.146354436874389648e+00 3.222404241561889648e+00 4.523529052734375000e+00 2.617728948593139648e+00 -2.598232030868530273e+00 2.624557971954345703e+00 4.023165225982666016e+00 -3.851104736328125000e+00 2.079506397247314453e+00 2.948155879974365234e+00 -8.349618911743164062e-01 -4.283936500549316406e+00 -1.512346506118774414e+00 -3.326054334640502930e+00 9.364553093910217285e-01 1.681181430816650391e+00 4.710812568664550781e+00 2.934195846319198608e-02 3.025194168090820312e+00 1.357441782951354980e+00 -1.568184196949005127e-01 3.664020061492919922e+00 3.940568923950195312e+00 -1.774204134941101074e+00 9.672443270683288574e-01 4.308219432830810547e+00 -4.973664581775665283e-01 5.244906544685363770e-01 1.349039912223815918e+00 -6.676476001739501953e+00 -2.650747060775756836e+00 3.828292131423950195e+00 -3.015144586563110352e+00 1.442728877067565918e+00 -1.644568681716918945e+00 -3.908731460571289062e+00 4.171115159988403320e-01 2.171584844589233398e+00 -1.407209873199462891e+00 7.800238132476806641e-01 -9.884142279624938965e-01 -2.204421758651733398e+00 2.820824146270751953e+00 -2.894722938537597656e+00 -2.685631811618804932e-01 1.842688679695129395e+00 1.341275691986083984e+00 4.389993667602539062e+00 4.369228839874267578e+00 -6.100338935852050781e+00 -2.390185594558715820e+00 3.329306542873382568e-01 3.104343414306640625e-01 8.407549858093261719e-01 -7.555615901947021484e-01 6.769108176231384277e-01 2.373630762100219727e+00 -1.713489174842834473e+00 -4.086428508162498474e-02 9.052566885948181152e-01 -6.607601642608642578e-01 -3.110020160675048828e-01 1.042505621910095215e+00 -8.383178710937500000e-01 -3.791036844253540039e+00 9.332092404365539551e-01 9.862887859344482422e-02 3.496579647064208984e+00 -2.048013925552368164e+00 -2.490032434463500977e+00 -1.671084463596343994e-01 1.759371757507324219e+00
2.968352317810058594e+01 -8.234878540039062500e+00 -1.393655204772949219e+01 -4.965244770050048828e+00 6.971377372741699219e+00 -1.510957479476928711e+00 -3.348695993423461914e+00 3.525507211685180664e+00 5.476981401443481445e-01 1.216586470603942871e+00 -2.188394546508789062e+00 -6.975961685180664062e+00 -8.097311854362487793e-01 1.384677886962890625e+00 -3.415146589279174805e+00 8.770902156829833984e-01 -4.621472060680389404e-01 -5.909636497497558594e+00 -3.863670825958251953e+00 4.374118149280548096e-01 1.634635567665100098e+00 3.111522197723388672e+00 1.501858711242675781e+00 2.831114530563354492e+00 -2.890784025192260742e+00 -1.021419644355773926e+00 7.814105749130249023e-01 2.023333549499511719e+00 -4.526421070098876953e+00 -6.194764971733093262e-01 -1.800050258636474609e+00 -2.096723556518554688e+00 8.060861825942993164e-01 -5.463185906410217285e-01 9.983175396919250488e-01 3.765215158462524414e+00 -3.362624645233154297e+00 8.558419346809387207e-01 -1.042926833033561707e-01 -2.056701421737670898e+00 -1.093506813049316406e+00 -7.419669628143310547e+00 -2.896813631057739258e+00 4.371448993682861328e+00 -1.238662600517272949e+00 -2.446850538253784180e+00 2.989570617675781250e+00 -1.305747270584106445e+00 -4.529605388641357422e+00 2.485869407653808594e+00 -2.440018892288208008e+00 1.594430685043334961e+00 -2.373888641595840454e-01 -8.910279273986816406e-01 2.118939161300659180e+00 -2.914712667465209961e+00 1.920114159584045410e+00 -3.277217388153076172e+00 3.009647369384765625e+00 -1.887821793556213379e+00 2.972301483154296875e+00 -4.412042200565338135e-01 2.874551534652709961e+00 5.261819362640380859e+00 -9.040563702583312988e-01 -2.803799390792846680e+00 -8.173352479934692383e-02 -3.140319824218750000e+00 2.636032819747924805e+00 8.742566704750061035e-01 -1.740348577499389648e+00 5.078185081481933594e+00 3.512176513671875000e+00 4.256894588470458984e+00 -4.683860242366790771e-01 1.477947354316711426e+00 3.203712403774261475e-01 3.673361778259277344e+00 -1.996952176094055176e+00 -2.399012565612792969e+00 -1.189915239810943604e-01 3.197804450988769531e+00 -1.200871586799621582e+00 -1.697518467903137207e+00 1.954547524452209473e+00 4.061295986175537109e+00 1.659218072891235352e+00 2.315814733505249023e+00 4.567136764526367188e+00 -2.835889816284179688e+00 4.040737628936767578e+00 2.147513151168823242e+00 2.634809732437133789e+00 -4.853861808776855469e+00 1.762553304433822632e-01 -3.989537060260772705e-02 -9.359992742538452148e-01 -8.538106083869934082e-01 -2.944180488586425781e+00 2.383139848709106445e+00
2.260405158996582031e+01 -2.288424873352050781e+01 1.718775629997253418e+00 2.276417016983032227e+00 -5.921392917633056641e+00 -1.766158938407897949e+00 1.997459173202514648e+00 -7.389190196990966797e-01 -5.984402656555175781e+00 1.660290479660034180e+00 4.903002381324768066e-01 4.884799003601074219e+00 -1.183610081672668457e+00 -4.419390678405761719e+00 -8.906235694885253906e+00 -3.129367351531982422e+00 2.377839565277099609e+00 -1.557723283767700195e+00 7.404877990484237671e-02 -1.341567754745483398e+00 7.606708049774169922e+00 1.333682537078857422e+00 9.393125772476196289e-01 -6.147018074989318848e-01 -2.220783472061157227e+00 -1.509639620780944824e+00 -1.186528801918029785e+00 2.188059329986572266e+00 -2.753364801406860352e+00 -2.744780540466308594e+00 5.620664954185485840e-01 5.583653450012207031e+00 -4.189028739929199219e+00 1.561080336570739746e+00 -3.590769469738006592e-01 1.728302836418151855e+00 -3.078368186950683594e+00 -1.952525138854980469e+00 1.839733719825744629e+00 8.275061249732971191e-01 -7.110408306121826172e+00 -2.003465414047241211e+00 -5.894658088684082031e+00 1.188218519091606140e-01 7.118784785270690918e-01 -1.216554045677185059e+00 7.061947584152221680e-01 -1.086904168128967285e+00 -4.169589519500732422e+00 2.802303552627563477e+00 2.399832248687744141e+00 4.800585746765136719e+00 -6.245309829711914062e+00 -6.065812110900878906e+00 5.018667221069335938e+00 1.265262126922607422e+00 3.415907859802246094e+00 -5.901047587394714355e-01 2.149386167526245117e+00 -1.463492214679718018e-01 1.158544301986694336e+00 1.350587368011474609e+00 2.258900403976440430e+00 6.833524703979492188e-01 3.573282957077026367e+00 -1.461291074752807617e+00 -1.926471114158630371e+00 -2.617236137390136719e+00 5.503683164715766907e-02 -2.121746301651000977e+00 -2.851163148880004883e+00 5.770047307014465332e-01 -3.755282878875732422e+00 4.124749660491943359e+00 -8.455647826194763184e-01 -5.145766258239746094e+00 -2.193936109542846680e+00 9.032908082008361816e-01 1.889755487442016602e+00 -1.661766290664672852e+00 2.316172599792480469e+00 3.212967634201049805e+00 1.647487640380859375e+00 3.242237567901611328e+00 2.499414205551147461e+00 3.823342323303222656e+00 3.058567047119140625e+00 -3.239108800888061523e+00 2.745570540428161621e-01 -3.050813436508178711e+00 5.066555500030517578e+00 5.056060105562210083e-02 1.187865853309631348e+00 1.359437704086303711e+00 -5.341483592987060547e+00 -1.722722202539443970e-01 -2.786263704299926758e+00 4.774411022663116455e-01 2.990602850914001465e-01 -1.216623783111572266e+00
2.730851745605468750e+01 -9.721809387207031250e+00 -1.413904476165771484e+01 -1.541982769966125488e+00 -2.202742844820022583e-01 -5.548654079437255859e+00 2.628833770751953125e+00 2.170404195785522461e+00 -3.088987112045288086e+00 -2.607402086257934570e+00 -3.453830718994140625e+00 -2.137687683105468750e+00 -2.615631818771362305e-01 2.352095603942871094e+00 -3.463060781359672546e-02 -3.945992887020111084e-02 7.086320519447326660e-01 -5.178967475891113281e+00 2.438455104827880859e+00 -3.178206920623779297e+00 1.099606513977050781e+00 1.509554743766784668e+00 -3.441750526428222656e+00 4.681732177734375000e+00 1.956278920173645020e+00 -3.787906646728515625e+00 7.422971725463867188e+00 -3.780640125274658203e+00 -2.540274381637573242e+00 3.548966407775878906e+00 1.420272231101989746e+00 2.168378591537475586e+00 6.088042259216308594e+00 -1.460512042045593262e+00 -5.754198431968688965e-01 4.324058532714843750e+00 -1.701416730880737305e+00 2.550159215927124023e+00 -1.000862002372741699e+00 1.344969987869262695e+00 8.021277427673339844e+00 -2.076556444168090820e+00 -2.760374844074249268e-01 -7.541519403457641602e-01 1.054100513458251953e+00 -5.915041446685791016e+00 -7.580831050872802734e+00 5.598197460174560547e+00 -1.884238481521606445e+00 3.117928266525268555e+00 -2.793656110763549805e+00 -1.789427638053894043e+00 -1.000214457511901855e+00 -1.512611508369445801e+00 -8.219183683395385742e-01 2.379543542861938477e+00 -1.002479791641235352e+00 -5.907014846801757812e+00 1.606208443641662598e+00 2.553017616271972656e+00 -3.384201049804687500e+00 4.392577648162841797e+00 -8.802700638771057129e-01 -5.476887226104736328e+00 2.532519102096557617e+00 -6.993739008903503418e-01 3.363797664642333984e+00 1.410587549209594727e+00 1.420657485723495483e-01 2.080395936965942383e+00 -3.032679297029972076e-02 4.118489265441894531e+00 -4.173960208892822266e+00 -2.556253433227539062e+00 -1.453893899917602539e+00 -4.722303524613380432e-02 4.986622631549835205e-01 1.410572409629821777e+00 7.014836311340332031e+00 9.170730710029602051e-01 2.809729099273681641e+00 1.004138827323913574e+00 3.038490772247314453e+00 2.922172307968139648e+00 2.111567974090576172e+00 -1.102225422859191895e+00 9.481759071350097656e-01 -1.694279551506042480e+00 3.272440910339355469e+00 1.001537322998046875e+00 -2.391297817230224609e+00 3.442404270172119141e-01 -1.651464343070983887e+00 -5.139218807220458984e+00 2.643419027328491211e+00 3.436820268630981445e+00 1.170358777046203613e+00 1.794386506080627441e+00 -1.315692186355590820e+00 2.843526005744934082e-01
3.159019660949707031e+01 -1.817462730407714844e+01 7.539450645446777344e+00 -1.527423262596130371e+00 1.421882152557373047e+00 -2.649757862091064453e+00 -7.728111267089843750e+00 1.379838705062866211e+00 -1.382359743118286133e+00 2.533798456192016602e+00 -3.259850502014160156e+00 4.040036201477050781e+00 1.811629772186279297e+00 2.993541240692138672e+00 3.330046892166137695e+00 4.885658740997314453e+00 5.435430049896240234e+00 2.831706047058105469e+00 7.722919434309005737e-02 3.064239501953125000e+00 -6.223609670996665955e-02 -2.186478376388549805e+00 1.681332230567932129e+00 8.655772805213928223e-01 -8.071053028106689453e-01 -4.182393074035644531e+00 -1.807203173637390137e+00 1.652777552604675293e+00 -4.133181095123291016e+00 -9.722352027893066406e-01 6.226846694946289062e+00 -5.876007080078125000e+00 -8.375867843627929688e+00 -1.669472098350524902e+00 -8.979357481002807617e-01 -4.070969671010971069e-02 -1.184668660163879395e+00 -2.757754325866699219e+00 -2.181418687105178833e-01 -3.439183831214904785e-01 4.538075923919677734e+00 3.408340692520141602e+00 2.350805044174194336e+00 1.432435363531112671e-01 -2.611325740814208984e+00 5.905394554138183594e-01 4.696969509124755859e+00 -1.059729933738708496e+00 -3.180077314376831055e+00 4.333338260650634766e+00 2.678571701049804688e+00 -4.147215843200683594e+00 -2.812834024429321289e+00 3.298574984073638916e-01 4.980606079101562500e+00 4.397455692291259766e+00 -4.397324562072753906e+00 5.178146362304687500e+00 -1.288966178894042969e+00 -3.812889814376831055e+00 2.681187629699707031e+00 -2.805874586105346680e+00 -3.139297485351562500e+00 -4.593265056610107422e+00 1.102664470672607422e+00 -5.873630046844482422e-01 -1.782031178474426270e+00 -1.594305038452148438e+00 -4.293963909149169922e+00 4.598658561706542969e+00 -2.032747507095336914e+00 1.874910116195678711e+00 -3.140816211700439453e+00 -2.032497406005859375e+00 4.746784210205078125e+00 -3.211266279220581055e+00 2.971274375915527344e+00 -4.802067577838897705e-01 1.631479501724243164e+00 -9.621205329895019531e-01 -9.465319514274597168e-01 1.542355656623840332e+00 5.738605260848999023e-01 -3.940338134765625000e+00 4.833775043487548828e+00 -1.247812151908874512e+00 -1.217112064361572266e+00 -4.643626213073730469e+00 2.633666992187500000e+00 -3.694690167903900146e-01 -5.088495731353759766e+00 5.041513919830322266e+00 3.991943120956420898e+00 5.502227306365966797e+00 -1.471258163452148438e+00 1.779165625572204590e+00 2.578612089157104492e+00 -7.768266201019287109e-01 -4.077510833740234375e+00 -9.333748370409011841e-02
2.663555908203125000e+01 -2.172933387756347656e+01 3.607750892639160156e+00 1.027821183204650879e+00 3.388163328170776367e+00 -2.708380699157714844e+00 -4.009995460510253906e+00 4.104608595371246338e-01 -6.296298027038574219e+00 1.795187830924987793e+00 4.237295627593994141e+00 -1.805794239044189453e+00 2.306972026824951172e+00 -1.299514889717102051e+00 -3.247904539108276367e+00 4.231333732604980469e+00 -3.771108150482177734e+00 -1.529693841934204102e+00 -6.493932247161865234e+00 3.780635356903076172e+00 9.578489065170288086e-01 1.918598651885986328e+00 -3.506100177764892578e+00 6.387091428041458130e-02 -7.078061580657958984e+00 -3.870834708213806152e-01 -4.545825958251953125e+00 2.661699771881103516e+00 -4.052267551422119141e+00 5.787464141845703125e+00 -9.962709546089172363e-01 -7.371109724044799805e-01 -1.798220515251159668e+00 1.176493287086486816e+00 -2.214733362197875977e+00 1.845827579498291016e+00 -2.097918033599853516e+00 -7.103376984596252441e-01 -4.864103794097900391e+00 -5.140701770782470703e+00 4.498119354248046875e+00 3.003281593322753906e+00 -1.872204542160034180e+00 2.135792255401611328e+00 -4.792372703552246094e+00 -2.269381523132324219e+00 -3.333053112030029297e+00 5.000578403472900391e+00 7.412392616271972656e+00 -1.243528127670288086e-01 1.959998130798339844e+00 -1.519807219505310059e+00 1.545137166976928711e+00 -9.526059031486511230e-01 3.965250253677368164e+00 1.292410612106323242e+00 5.040301799774169922e+00 -2.502743005752563477e-01 -4.964959919452667236e-01 6.882914066314697266e+00 3.598587751388549805e+00 7.874206453561782837e-02 2.411220312118530273e+00 -2.830849409103393555e+00 2.522580623626708984e+00 7.313224315643310547e+00 4.541122615337371826e-01 2.235110282897949219e+00 1.711656600236892700e-01 2.809546470642089844e+00 -1.401602864265441895e+00 -4.035065174102783203e+00 3.840721368789672852e+00 1.535598874092102051e+00 -8.585747480392456055e-01 -2.716732263565063477e+00 5.025733634829521179e-02 4.017769813537597656e+00 2.665154695510864258e+00 -9.294929504394531250e-01 2.393175065517425537e-01 -4.774321019649505615e-01 -2.988387823104858398e+00 -1.756748199462890625e+00 1.381624817848205566e+00 -3.434328138828277588e-01 1.878835678100585938e+00 -1.394670724868774414e+00 -3.842890501022338867e+00 -6.527308464050292969e+00 -2.291080713272094727e+00 1.106377124786376953e+00 4.316463470458984375e+00 -3.272725582122802734e+00 1.329811096191406250e+00 7.257410883903503418e-01 -5.724094390869140625e+00 8.564078807830810547e-01 2.334806442260742188e+00 1.206657290458679199e+00
3.936451721191406250e+01 -1.233365631103515625e+01 -4.346183300018310547e+00 -2.300698757171630859e+00 5.708831787109375000e+00 -2.387764453887939453e+00 -1.071851730346679688e+01 -1.406732916831970215e+00 2.327107042074203491e-01 2.631842374801635742e+00 9.437286376953125000e+00 -4.771343708038330078e+00 3.421775579452514648e+00 5.436295032501220703e+00 -3.013316869735717773e+00 -1.402625083923339844e+00 3.592313528060913086e+00 -3.540763854980468750e+00 2.142669677734375000e+00 1.232046112418174744e-01 2.180003643035888672e+00 1.352263689041137695e+00 -1.499208092689514160e+00 1.021919846534729004e+00 5.556741952896118164e-01 6.423130035400390625e+00 2.527424812316894531e+00 -5.663093090057373047e+00 3.374589234590530396e-02 -2.171363353729248047e+00 -7.003594040870666504e-01 1.347419321537017822e-01 -9.009361863136291504e-01 4.823809564113616943e-01 -2.053451538085937500e-02 4.364769458770751953e+00 -1.128384232521057129e+00 6.544474124908447266e+00 -2.666245460510253906e+00 2.822158098220825195e+00 -4.515214264392852783e-01 1.461928844451904297e+00 -1.466955661773681641e+00 1.361107945442199707e+00 -2.275923728942871094e+00 4.525252342224121094e+00 -2.199833393096923828e+00 -3.731712818145751953e+00 -1.146818280220031738e+00 2.740640163421630859e+00 -3.031297445297241211e+00 -3.594773054122924805e+00 -5.942921638488769531e-01 -1.196283578872680664e+00 -2.180593490600585938e+00 -2.661337852478027344e+00 1.756593227386474609e+00 -3.125604152679443359e+00 2.672312736511230469e+00 3.009925127029418945e+00 1.723197937011718750e+00 -3.503860235214233398e+00 6.267108917236328125e+00 3.600515365600585938e+00 3.117845773696899414e+00 -1.742849588394165039e+00 -2.586581945419311523e+00 -1.991832613945007324e+00 -8.986333608627319336e-01 2.585189819335937500e+00 5.468248367309570312e+00 3.768670558929443359e+00 3.130041360855102539e+00 1.476975202560424805e+00 1.421702265739440918e+00 5.656830072402954102e-01 5.582463741302490234e-01 1.588339328765869141e+00 -2.945921421051025391e+00 -7.813112735748291016e-01 2.194836735725402832e-01 -9.960747361183166504e-01 -2.990339517593383789e+00 1.788298010826110840e+00 4.558856487274169922e+00 3.105800390243530273e+00 4.203627586364746094e+00 8.137842416763305664e-01 -2.443444490432739258e+00 3.603493213653564453e+00 -3.573358431458473206e-02 3.090322971343994141e+00 2.250887632369995117e+00 -9.386718273162841797e-01 -4.015153408050537109e+00 1.585411548614501953e+00 -3.793676853179931641e+00 6.616444110870361328e+00 4.561653137207031250e-01 -2.449935436248779297e+00
3.841518783569335938e+01 -2.494401693344116211e+00 -4.028416156768798828e+00 -4.353742122650146484e+00 6.666380882263183594e+00 2.726059675216674805e+00 -8.754779815673828125e+00 1.911028325557708740e-01 -1.722370386123657227e+00 6.149081587791442871e-01 4.349207878112792969e+00 -1.492968320846557617e+00 3.310916662216186523e+00 7.242044448852539062e+00 -6.513307571411132812e+00 -5.319513678550720215e-01 3.671176910400390625e+00 -6.961112976074218750e+00 5.574079990386962891e+00 1.012551188468933105e+00 -3.746547937393188477e+00 2.316268533468246460e-01 -5.797619819641113281e+00 -3.958577632904052734e+00 -9.258123397827148438e+00 1.603299617767333984e+00 5.689649105072021484e+00 2.651759386062622070e+00 -9.151675105094909668e-01 -5.153023719787597656e+00 -7.156141757965087891e+00 -2.423355102539062500e+00 6.022670269012451172e-01 4.725401401519775391e+00 3.951976597309112549e-01 6.022994995117187500e+00 -3.807796955108642578e+00 -7.013621330261230469e-01 1.544833898544311523e+00 -2.527027606964111328e+00 5.520778179168701172e+00 -8.478947639465332031e+00 -3.064628362655639648e+00 -4.953109264373779297e+00 -8.500831604003906250e+00 -3.853855729103088379e-01 -1.693387031555175781e+00 -1.956539273262023926e+00 5.178608894348144531e+00 -3.054940700531005859e+00 -2.928592681884765625e+00 1.530019879341125488e+00 4.762741088867187500e+00 -1.073710843920707703e-01 -9.217771530151367188e+00 -2.774663925170898438e+00 1.431450366973876953e+00 -8.610882759094238281e-01 5.052170753479003906e+00 5.807631492614746094e+00 3.780050754547119141e+00 -4.685723781585693359e+00 5.378046989440917969e+00 4.116548538208007812e+00 -3.221582889556884766e+00 4.816925048828125000e+00 7.833235263824462891e-01 -2.892232179641723633e+00 -1.057659029960632324e+00 2.162882089614868164e+00 -6.909205317497253418e-01 -9.100764393806457520e-01 1.432412981986999512e+00 1.333912134170532227e+00 -1.402637362480163574e+00 2.063725590705871582e-01 -1.634109616279602051e+00 1.916801452636718750e+00 -5.433316230773925781e+00 -3.068589925765991211e+00 -4.812190055847167969e+00 -2.205110073089599609e+00 -2.246614933013916016e+00 -8.353577613830566406e+00 6.298625469207763672e-01 2.672540187835693359e+00 -2.962648391723632812e+00 3.455538451671600342e-01 -1.295547008514404297e+00 2.939438104629516602e+00 1.418597251176834106e-01 2.489598274230957031e+00 -3.569824695587158203e-01 -3.634602785110473633e+00 -2.156196117401123047e+00 1.420903801918029785e+00 -1.349158048629760742e+00 -6.529743317514657974e-03 3.147412776947021484e+00 1.632887482643127441e+00
2.616416358947753906e+01 -6.592157363891601562e+00 -9.088078498840332031e+00 -3.198073804378509521e-01 6.126221656799316406e+00 3.392884016036987305e+00 -9.055156111717224121e-01 4.166203022003173828e+00 -8.951716423034667969e+00 -2.096617698669433594e+00 8.664621353149414062e+00 -8.977898597717285156e+00 -3.643114328384399414e+00 1.003356501460075378e-01 9.385332107543945312e+00 9.561541557312011719e+00 -7.406696677207946777e-02 -6.914320468902587891e+00 4.757555007934570312e+00 -1.141697645187377930e+00 -7.668488979339599609e+00 -6.841804385185241699e-01 1.943140387535095215e+00 3.113234281539916992e+00 -1.559375405311584473e+00 -1.031370043754577637e+00 -8.569332122802734375e+00 6.758469104766845703e+00 6.055432796478271484e+00 -2.668779134750366211e+00 2.941075801849365234e+00 6.777784347534179688e+00 3.243581533432006836e+00 -2.771892070770263672e+00 -1.661385655403137207e+00 1.892809420824050903e-01 -7.787339091300964355e-01 -4.410484313964843750e+00 -1.504795700311660767e-01 -2.149555444717407227e+00 -2.386749982833862305e+00 8.134922027587890625e+00 -2.935506105422973633e+00 1.601415634155273438e+00 2.651607513427734375e+00 -6.329565048217773438e+00 3.938085317611694336e+00 -7.415132999420166016e+00 6.496169567108154297e-01 -5.329958915710449219e+00 1.127305150032043457e+00 -4.772846698760986328e+00 -1.015889644622802734e+00 -2.233935356140136719e+00 -6.084227561950683594e+00 2.952838182449340820e+00 3.842435836791992188e+00 -1.087615251541137695e+00 -4.871529340744018555e-01 3.031011581420898438e+00 -6.205648899078369141e+00 4.868221282958984375e+00 3.446243762969970703e+00 -4.176299571990966797e+00 1.578922629356384277e+00 4.688845157623291016e+00 2.996446371078491211e+00 -5.543027877807617188e+00 7.531476616859436035e-01 3.588115930557250977e+00 3.213224887847900391e+00 4.822401523590087891e+00 -6.788230895996093750e+00 3.597492933273315430e+00 -2.650430440902709961e+00 -1.504744768142700195e+00 -3.751276433467864990e-01 8.505324721336364746e-01 -9.716625213623046875e-01 -1.255834221839904785e+00 2.235667467117309570e+00 -5.201243758201599121e-01 1.930876612663269043e+00 1.574198529124259949e-02 -2.346614837646484375e+00 -3.928053379058837891e+00 -1.187368750572204590e+00 6.891514658927917480e-01 -2.660717964172363281e+00 3.087049961090087891e+00 -5.565787792205810547e+00 -3.369742870330810547e+00 -2.043737888336181641e+00 1.724651694297790527e+00 9.321368485689163208e-02 -2.194226026535034180e+00 -3.777303457260131836e+00 3.063051104545593262e-01 1.091686725616455078e+00 2.966741099953651428e-02
2.964860153198242188e+01 4.026367664337158203e+00 -1.340999507904052734e+01 -3.252972841262817383e+00 -7.066251754760742188e+00 2.891774415969848633e+00 2.721661090850830078e+00 -4.188868999481201172e+00 -1.923950314521789551e+00 -2.154444694519042969e+00 -3.380567073822021484e+00 -4.430080413818359375e+00 -2.171933174133300781e+00 3.386471748352050781e+00 -2.042826652526855469e+00 2.874255657196044922e+00 3.097112774848937988e-01 3.983669996261596680e+00 9.669658660888671875e+00 -1.074704074859619141e+01 9.473769068717956543e-01 -2.996685266494750977e+00 -4.138146877288818359e+00 2.149823188781738281e+00 4.716643810272216797e+00 7.151191830635070801e-01 -2.282631397247314453e+00 6.638733386993408203e+00 2.392223834991455078e+00 3.189193010330200195e-01 -2.712146282196044922e+00 -3.980246484279632568e-01 -1.076449513435363770e+00 -6.751625537872314453e+00 -5.854279994964599609e+00 2.068763017654418945e+00 4.005885124206542969e+00 -4.027088642120361328e+00 -2.830040454864501953e+00 5.271741390228271484e+00 2.451534986495971680e+00 -3.655046463012695312e+00 5.533833503723144531e+00 -3.868994712829589844e+00 -1.411722660064697266e+00 2.338676691055297852e+00 -5.203837394714355469e+00 3.500510692596435547e+00 1.027102589607238770e+00 -4.582664966583251953e+00 -2.952062129974365234e+00 9.868524670600891113e-01 -1.920083165168762207e+00 -2.573318481445312500e+00 -4.460219860076904297e+00 -5.862790107727050781e+00 3.349419832229614258e+00 -6.887196063995361328e+00 2.100514769554138184e-01 2.152767181396484375e+00 -4.476542949676513672e+00 2.112004280090332031e+00 -1.196514368057250977e+00 4.460125923156738281e+00 -9.879705429077148438e+00 3.574509143829345703e+00 -7.391614913940429688e+00 -2.682986259460449219e+00 5.258658885955810547e+00 -2.335089683532714844e+00 -1.248159646987915039e+00 -1.186295509338378906e+00 -1.721190810203552246e+00 3.372694015502929688e+00 4.027030467987060547e+00 -4.444573402404785156e+00 -6.498865604400634766e+00 -1.764426231384277344e+00 2.109158188104629517e-01 -2.385279893875122070e+00 -4.289508342742919922e+00 -1.151222348213195801e+00 -9.080851078033447266e-01 -2.249521017074584961e+00 6.236193180084228516e-01 -5.734121799468994141e+00 1.259760618209838867e+00 -6.824522972106933594e+00 -1.604055285453796387e+00 9.581484198570251465e-01 5.974833965301513672e+00 1.060120344161987305e+00 -5.336185097694396973e-01 -1.786913037300109863e+00 2.902642965316772461e+00 -2.710517644882202148e+00 -2.333522558212280273e+00 -1.284876585006713867e+00 1.806810379028320312e+00 1.071494221687316895e+00
3.523533248901367188e+01 1.755196809768676758e+00 -1.702140617370605469e+01 -6.737081050872802734e+00 7.651019573211669922e+00 3.628535270690917969e+00 -1.940934777259826660e+00 -5.689131021499633789e-01 -1.149156615138053894e-01 -4.841643333435058594e+00 5.319187641143798828e+00 -7.343357563018798828e+00 -9.842601418495178223e-01 1.875270485877990723e+00 6.956176280975341797e+00 5.778519630432128906e+00 4.132326126098632812e+00 -1.644306182861328125e+00 3.267049551010131836e+00 -7.517043113708496094e+00 -1.087026119232177734e+00 -7.937830448150634766e+00 5.244451165199279785e-01 -3.980393171310424805e+00 8.665031194686889648e-01 -8.014865875244140625e+00 1.344666123390197754e+00 5.983709096908569336e-01 4.103916168212890625e+00 5.046035647392272949e-01 -1.983931183815002441e+00 1.616303801536560059e+00 1.078751802444458008e+00 -2.780728816986083984e+00 5.461826801300048828e+00 4.070824623107910156e+00 -4.983947873115539551e-01 3.141650199890136719e+00 7.258669734001159668e-01 6.907409191131591797e+00 2.878938674926757812e+00 -7.289704084396362305e-01 3.532760620117187500e+00 3.458651781082153320e+00 7.235250473022460938e+00 3.455757856369018555e+00 6.686211228370666504e-01 3.427779197692871094e+00 -1.208897113800048828e+00 -2.750248670578002930e+00 1.751569509506225586e+00 1.387887358665466309e+00 -2.322281837463378906e+00 3.146247863769531250e+00 2.919445335865020752e-01 3.378048419952392578e+00 -1.227033734321594238e+00 -5.181545734405517578e+00 2.651440858840942383e+00 7.780131340026855469e+00 2.310871124267578125e+00 5.239540934562683105e-01 -1.214670538902282715e-01 -3.807244822382926941e-02 -2.488622903823852539e+00 5.219473361968994141e+00 6.251513361930847168e-01 5.923357009887695312e-01 -1.794307827949523926e+00 7.615050077438354492e-01 2.334061145782470703e+00 3.916059255599975586e+00 8.605093955993652344e-01 3.607341051101684570e+00 -4.706446230411529541e-01 -4.607362747192382812e+00 6.553707718849182129e-01 -1.103707313537597656e+00 -1.386580586433410645e+00 -7.338106632232666016e+00 -1.397587656974792480e+00 1.418892443180084229e-01 -4.585980892181396484e+00 5.183564186096191406e+00 1.767357587814331055e+00 3.643985986709594727e+00 4.703259170055389404e-01 1.895906925201416016e+00 -3.598699092864990234e+00 -3.681376457214355469e+00 -3.576241254806518555e+00 1.550585389137268066e+00 -4.159778594970703125e+00 1.777662754058837891e+00 -2.167591810226440430e+00 3.651604175567626953e+00 2.393162012100219727e+00 -3.847845315933227539e+00 -2.500787258148193359e+00 3.558205366134643555e-01
3.320578765869140625e+01 -1.252838730812072754e+00 -8.727096557617187500e+00 2.909663677215576172e+00 -9.955476760864257812e+00 2.930005550384521484e+00 6.021691799163818359e+00 -2.767148971557617188e+00 -5.020330429077148438e+00 3.575007021427154541e-01 2.209610223770141602e+00 -2.192972421646118164e+00 3.544160842895507812e+00 2.662080228328704834e-01 -7.970421314239501953e-01 -1.657247304916381836e+00 2.256040334701538086e+00 1.498194336891174316e+00 6.248550415039062500e+00 3.349424123764038086e+00 5.187247276306152344e+00 3.610561132431030273e+00 6.291977405548095703e+00 -1.669575095176696777e+00 8.554446101188659668e-01 -1.855824589729309082e-01 1.085687518119812012e+00 -5.307702541351318359e+00 1.701579809188842773e+00 -7.888682842254638672e+00 3.713184595108032227e+00 7.479599714279174805e-01 3.343419432640075684e-01 -5.288002967834472656e+00 8.102071762084960938e+00 2.880411386489868164e+00 -4.244957923889160156e+00 -3.898603439331054688e+00 1.153289556503295898e+00 -2.856826186180114746e-01 -2.239612340927124023e+00 3.631631374359130859e+00 1.423596739768981934e+00 1.750144720077514648e+00 -1.376630306243896484e+00 1.627346687018871307e-02 -4.500147819519042969e+00 -1.513333797454833984e+00 -4.557712554931640625e+00 -3.666012048721313477e+00 -2.065509319305419922e+00 3.795612096786499023e+00 -7.374612092971801758e-01 4.386072635650634766e+00 6.417924165725708008e-02 2.898474931716918945e+00 7.247464656829833984e+00 1.172009468078613281e+00 1.590637922286987305e+00 -1.181456089019775391e+00 1.028694152832031250e+01 -2.146349430084228516e+00 4.779934406280517578e+00 1.220870733261108398e+00 -8.098627090454101562e+00 2.084213495254516602e+00 6.280889511108398438e+00 -1.748154759407043457e+00 -2.444412946701049805e+00 -4.749718189239501953e+00 -2.614772558212280273e+00 -4.166883945465087891e+00 2.423871755599975586e+00 2.207098960876464844e+00 -5.416543006896972656e+00 3.177680730819702148e+00 -1.969072818756103516e+00 -2.638949394226074219e+00 4.642254829406738281e+00 2.969782352447509766e+00 4.673745855689048767e-02 3.880711793899536133e+00 -1.230672597885131836e+00 2.735049724578857422e+00 -2.826605319976806641e+00 -1.768092513084411621e+00 5.898699164390563965e-01 5.023075938224792480e-01 2.559188842773437500e+00 1.793363928794860840e+00 3.081725239753723145e-01 -1.972352504730224609e+00 2.892731904983520508e+00 -9.507853984832763672e-01 1.202889919281005859e+00 -1.131567478179931641e+00 3.797652959823608398e+00 1.636902451515197754e+00 1.682101130485534668e+00 -1.612545967102050781e+00
3.618420410156250000e+01 -9.675731658935546875e+00 -1.075740337371826172e+01 1.265909150242805481e-02 -4.384616374969482422e+00 1.115227580070495605e+00 3.474506378173828125e+00 2.680150508880615234e+00 -3.855972766876220703e+00 -4.811110019683837891e+00 2.721663713455200195e+00 -5.848226547241210938e+00 -2.347477436065673828e+00 4.761845588684082031e+00 -3.349180221557617188e+00 4.611317634582519531e+00 7.791644334793090820e-01 -5.428628444671630859e+00 2.543527126312255859e+00 -4.620632648468017578e+00 2.717604398727416992e+00 -1.246698975563049316e+00 2.527037858963012695e+00 1.571761131286621094e+00 -4.615377426147460938e+00 4.042871952056884766e+00 -1.227792263031005859e+00 -5.017425537109375000e+00 3.081171751022338867e+00 -4.537453174591064453e+00 -2.074664592742919922e+00 9.097587585449218750e+00 -5.018109083175659180e-01 -6.269116401672363281e+00 5.021550655364990234e+00 2.605873346328735352e+00 -2.191384792327880859e+00 -2.634471654891967773e+00 2.306263923645019531e+00 3.341432332992553711e+00 -1.758659243583679199e+00 -2.092706918716430664e+00 1.586806058883666992e+00 -1.343891024589538574e+00 -2.391941100358963013e-01 -1.326589107513427734e+00 1.747471213340759277e+00 -5.739193916320800781e+00 1.951713919639587402e+00 -4.368466854095458984e+00 1.676856994628906250e+00 8.635372519493103027e-01 1.897192448377609253e-01 -1.701568722724914551e+00 -1.829901576042175293e+00 -2.547373771667480469e+00 5.888160228729248047e+00 -7.165326595306396484e+00 -1.654101014137268066e-01 3.248893737792968750e+00 -1.095533609390258789e+00 1.627106904983520508e+00 -1.097204387187957764e-01 9.371920228004455566e-01 -1.302273124456405640e-01 -2.266081571578979492e+00 -3.045241832733154297e+00 -5.061083436012268066e-01 -9.335540235042572021e-02 2.209065914154052734e+00 -5.193611621856689453e+00 1.629074573516845703e+00 7.702071070671081543e-01 -4.634965419769287109e+00 -2.153080701828002930e+00 4.297114372253417969e+00 -2.596929311752319336e+00 2.803264617919921875e+00 -1.613130807876586914e+00 -2.669232130050659180e+00 -1.358308196067810059e+00 -1.934563755989074707e+00 2.980654954910278320e+00 7.070102095603942871e-01 -8.116851001977920532e-02 -4.039287567138671875e+00 -2.073464542627334595e-01 -3.204283237457275391e+00 -1.388931155204772949e+00 1.734701991081237793e+00 -5.974750518798828125e-01 -8.555117249488830566e-01 1.212861657142639160e+00 -4.905255138874053955e-01 3.441587686538696289e-01 3.500148057937622070e+00 1.340622901916503906e+00 -7.072191238403320312e-01 -2.355260610580444336e+00 1.863935947418212891e+00
2.898169708251953125e+01 1.739789962768554688e+00 -1.627715873718261719e+01 9.078590273857116699e-01 4.700169086456298828e+00 2.124405622482299805e+00 -3.979806229472160339e-02 9.012989997863769531e+00 1.059069156646728516e+00 8.997117280960083008e-01 9.607394218444824219e+00 -6.864624500274658203e+00 2.357705116271972656e+00 1.479773521423339844e+00 -6.393721103668212891e+00 -6.147816181182861328e+00 2.727552652359008789e+00 -5.071930885314941406e-01 4.087429523468017578e+00 -7.463600635528564453e+00 -1.898778915405273438e+00 1.274049639701843262e+00 -5.944872379302978516e+00 -3.295564889907836914e+00 -1.414176374673843384e-01 2.094980478286743164e+00 4.157501697540283203e+00 -2.333072900772094727e+00 6.726356744766235352e-01 -5.369887828826904297e+00 -2.107185840606689453e+00 -5.279960632324218750e+00 3.432125329971313477e+00 3.907969892024993896e-01 2.045156240463256836e+00 -2.240262269973754883e+00 4.330665171146392822e-01 2.086692094802856445e+00 -2.949123382568359375e+00 -1.036141991615295410e+00 7.267876625061035156e+00 -8.650260567665100098e-01 1.735870718955993652e+00 5.103365421295166016e+00 6.674566864967346191e-01 -3.366289138793945312e+00 6.797134876251220703e-02 3.694636821746826172e+00 -7.298856973648071289e-01 -4.655791759490966797e+00 2.305056571960449219e+00 8.588353991508483887e-01 -3.860227465629577637e-01 -5.591963291168212891e+00 1.686456084251403809e+00 4.147165715694427490e-01 -3.584375143051147461e+00 -3.750490427017211914e+00 3.359917402267456055e+00 2.557590723037719727e+00 1.881149291992187500e+00 -6.452572822570800781e+00 -1.653555035591125488e+00 -4.347866177558898926e-01 -3.521548509597778320e+00 -2.035879373550415039e+00 1.909584283828735352e+00 -1.285919100046157837e-01 7.244264602661132812e+00 -1.270519375801086426e+00 -4.771736145019531250e+00 2.419530391693115234e+00 -3.583138227462768555e+00 -4.127829521894454956e-02 4.282924830913543701e-01 1.459456682205200195e+00 9.207471609115600586e-01 5.102818489074707031e+00 4.770089149475097656e+00 4.378096103668212891e+00 2.438783086836338043e-02 -1.555710434913635254e+00 -2.270001769065856934e-01 2.375470161437988281e+00 2.774481773376464844e+00 -3.797538518905639648e+00 1.303079485893249512e+00 -4.251376152038574219e+00 -1.650189042091369629e+00 -1.845469772815704346e-01 4.944695830345153809e-01 4.671087741851806641e+00 -3.437697649002075195e+00 -6.050036430358886719e+00 1.205788135528564453e+00 -7.126401901245117188e+00 5.020096302032470703e-01 -2.568289637565612793e-01 5.157392978668212891e+00 -3.624672293663024902e-01
3.203944015502929688e+01 5.765692710876464844e+00 -1.627102088928222656e+01 5.038172245025634766e+00 -7.452463626861572266e+00 6.615023612976074219e+00 5.961474418640136719e+00 6.084642887115478516e+00 -5.970222949981689453e+00 4.687084555625915527e-01 1.119711303710937500e+01 -8.634559631347656250e+00 1.329499006271362305e+00 -1.899343371391296387e+00 1.083206981420516968e-01 -3.840465068817138672e+00 1.072297382354736328e+01 -1.951374173164367676e+00 -1.146147727966308594e+00 -8.129065632820129395e-01 -2.235435485839843750e+00 -2.130211114883422852e+00 -7.302995920181274414e-01 -2.349521398544311523e+00 -6.073153614997863770e-01 2.847735404968261719e+00 9.371027946472167969e-01 6.129790470004081726e-02 2.322153449058532715e-01 3.394968509674072266e-01 -4.615405559539794922e+00 -2.770968914031982422e+00 -2.143711566925048828e+00 1.782687067985534668e+00 1.145647287368774414e+00 -1.696359992027282715e+00 -6.525782346725463867e-01 -3.217866659164428711e+00 2.467125892639160156e+00 3.433390855789184570e+00 -1.833183526992797852e+00 2.335313320159912109e+00 2.155261039733886719e+00 -7.317356586456298828e+00 1.043212056159973145e+00 -3.280639648437500000e-01 3.453528404235839844e+00 3.617029190063476562e+00 2.104162454605102539e+00 -2.453714907169342041e-01 6.002528190612792969e+00 1.389960169792175293e+00 6.039917945861816406e+00 -3.349175691604614258e+00 3.997674465179443359e+00 -4.059977054595947266e+00 -7.094845294952392578e+00 6.030836105346679688e+00 7.872996330261230469e-01 -5.417617797851562500e+00 -7.036774158477783203e+00 8.753293752670288086e-01 7.280085086822509766e-01 -1.532293200492858887e+00 -6.500568985939025879e-01 3.231073617935180664e+00 3.487021684646606445e+00 2.835731983184814453e+00 2.509420633316040039e+00 4.219868659973144531e+00 -2.270294904708862305e+00 -1.154540538787841797e+00 -3.920084476470947266e+00 3.177431106567382812e+00 -3.631897687911987305e+00 2.425749301910400391e+00 -4.291180610656738281e+00 -4.160764217376708984e+00 5.682923197746276855e-01 -2.688193082809448242e+00 2.373005628585815430e+00 1.059675693511962891e+00 -1.992537379264831543e+00 5.410866737365722656e-01 2.026560544967651367e+00 -2.857346057891845703e+00 -3.833787739276885986e-01 -7.655659914016723633e-01 -1.921481490135192871e+00 1.087941884994506836e+00 1.308818221092224121e+00 -1.873058915138244629e+00 -4.470027923583984375e+00 5.444915890693664551e-01 -8.293997049331665039e-01 4.224409759044647217e-01 1.465598821640014648e+00 -1.542716920375823975e-01 2.534730672836303711e+00 -6.775517016649246216e-03
2.521930503845214844e+01 9.304605484008789062e+00 -1.953123664855957031e+01 5.152930736541748047e+00 -1.058614635467529297e+01 6.152059555053710938e+00 1.066039848327636719e+01 2.111877679824829102e+00 -4.267908573150634766e+00 -2.573716402053833008e+00 8.802537918090820312e+00 -9.890622496604919434e-01 -4.772185981273651123e-01 2.058228969573974609e+00 -3.884406089782714844e-01 -9.988984107971191406e+00 9.567130088806152344e+00 1.713089227676391602e+00 -4.978385925292968750e+00 -3.772345483303070068e-01 -8.586788177490234375e+00 -5.321755409240722656e+00 -4.476377010345458984e+00 -4.143336117267608643e-01 -3.721377611160278320e+00 1.166640996932983398e+00 -4.108956336975097656e+00 3.275526285171508789e+00 -4.888770103454589844e+00 -7.911068797111511230e-01 1.663366794586181641e+00 1.582033753395080566e+00 7.020382881164550781e-01 6.392156124114990234e+00 -3.617524862289428711e+00 -1.896573543548583984e+00 -8.715949058532714844e-01 1.778370857238769531e+00 1.940686225891113281e+00 -2.907885074615478516e+00 -7.380539417266845703e+00 -3.250030994415283203e+00 3.759787559509277344e+00 -2.371164083480834961e+00 5.852501392364501953e+00 -1.140859484672546387e+00 6.073496818542480469e+00 -6.965690612792968750e+00 4.665914550423622131e-02 -2.713622808456420898e+00 -1.010442972183227539e+00 1.753581404685974121e+00 4.770323276519775391e+00 -3.037070512771606445e+00 2.031170763075351715e-02 -7.798651456832885742e-01 -1.159430384635925293e+00 1.748030066490173340e+00 2.578950643539428711e+00 -2.018873453140258789e+00 2.779546976089477539e+00 9.811758399009704590e-01 3.424242258071899414e+00 -1.657103180885314941e+00 -1.594403088092803955e-01 -2.493971109390258789e+00 1.222177624702453613e+00 -3.243058621883392334e-01 2.009891510009765625e+00 5.967734813690185547e+00 -1.230734109878540039e+00 2.623182058334350586e+00 4.543353080749511719e+00 -1.067469716072082520e+00 -2.188258886337280273e+00 -4.697260379791259766e+00 -3.336182534694671631e-01 -3.631999015808105469e+00 7.230832576751708984e-01 2.952653884887695312e+00 2.294293642044067383e+00 -1.467235922813415527e+00 -5.735156536102294922e+00 -3.329753160476684570e+00 2.497829496860504150e-01 -2.939800024032592773e+00 1.532730102539062500e+00 -2.833619594573974609e+00 -2.128203630447387695e+00 4.534488201141357422e+00 2.406533241271972656e+00 1.379295945167541504e+00 -4.113587439060211182e-01 4.448816299438476562e+00 2.689462184906005859e+00 -2.388929843902587891e+00 -9.163282513618469238e-01 -4.723227024078369141e+00 -1.054716110229492188e+00 4.908787310123443604e-01
3.502501296997070312e+01 8.936842918395996094e+00 -1.743748664855957031e+01 -2.204553842544555664e+00 -4.582875728607177734e+00 5.927657604217529297e+00 -6.339238286018371582e-01 4.638605117797851562e+00 1.761574149131774902e-01 4.920460224151611328e+00 1.160762691497802734e+01 -1.997212648391723633e+00 8.194682598114013672e-01 1.792079567909240723e+00 -5.504802703857421875e+00 4.905827999114990234e+00 -2.501526117324829102e+00 -5.377760410308837891e+00 -3.787780284881591797e+00 -3.912041664123535156e+00 -4.945179522037506104e-01 -1.919970273971557617e+00 3.204834088683128357e-02 3.288674116134643555e+00 1.459641933441162109e+00 -3.469884395599365234e+00 2.898251414299011230e-01 4.675721168518066406e+00 -6.466339230537414551e-01 4.430112838745117188e+00 2.338153362274169922e+00 2.674046516418457031e+00 -8.479124069213867188e+00 -3.400396347045898438e+00 -1.496968150138854980e+00 -8.167688369750976562e+00 4.963994026184082031e-01 2.685685873031616211e+00 -1.843301653861999512e+00 5.458014011383056641e+00 5.525574207305908203e+00 8.920283317565917969e-01 4.638137340545654297e+00 -1.309394240379333496e+00 2.736054182052612305e+00 2.267578151077032089e-03 -2.182121992111206055e+00 1.239546656608581543e+00 2.492253780364990234e+00 -9.086601138114929199e-01 -1.609309434890747070e+00 4.658435344696044922e+00 2.895274400711059570e+00 -2.108788490295410156e+00 -1.982630230486392975e-02 2.719811439514160156e+00 -8.306767940521240234e-01 -1.202906146645545959e-01 4.168832778930664062e+00 -6.210034847259521484e+00 -1.707633256912231445e+00 -3.905551195144653320e+00 4.661872386932373047e+00 -1.846341967582702637e+00 -2.343115091323852539e+00 -2.482369989156723022e-01 2.228473186492919922e+00 1.403067946434020996e+00 -2.945822477340698242e-01 1.911236166954040527e+00 4.286089420318603516e+00 3.948572874069213867e+00 4.632724523544311523e-01 4.646687984466552734e+00 1.695827722549438477e+00 -3.078358769416809082e-01 -1.342710733413696289e+00 5.044330954551696777e-01 -1.135130167007446289e+00 -1.355444550514221191e+00 -4.480616569519042969e+00 -5.523700237274169922e+00 -4.246868610382080078e+00 -1.068200469017028809e+00 1.866116672754287720e-01 4.248960018157958984e+00 2.561334133148193359e+00 -1.570580959320068359e+00 5.631458282470703125e+00 2.815538406372070312e+00 4.154333472251892090e-02 3.919585704803466797e+00 1.231140375137329102e+00 -5.711243748664855957e-01 -1.686814546585083008e+00 1.017298698425292969e+00 3.072267055511474609e+00 -2.953910827636718750e+00 8.136718273162841797e-01 -3.392089366912841797e+00
1.208674621582031250e+01 2.388402366638183594e+01 -1.300082921981811523e+00 -2.013891935348510742e+00 8.448098897933959961e-01 2.328672981262207031e+01 3.333009243011474609e+00 -1.096048927307128906e+01 -8.118394851684570312e+00 7.155076503753662109e+00 2.291393280029296875e+00 2.504540252685546875e+01 -7.559898376464843750e+00 9.648381233215332031e+00 -4.552818298339843750e+00 1.233061027526855469e+01 -6.218566417694091797e+00 7.421967506408691406e+00 1.151078987121582031e+01 -8.535271644592285156e+00 -3.377285957336425781e+00 5.991003990173339844e+00 -1.025277805328369141e+01 5.596984624862670898e-01 4.939905166625976562e+00 1.759218335151672363e+00 -2.488405466079711914e+00 -5.157289028167724609e+00 -9.648947715759277344e-01 6.919321417808532715e-01 2.442098617553710938e+00 -1.066251945495605469e+01 7.310231208801269531e+00 1.796034336090087891e+00 -5.374577999114990234e+00 -1.968154668807983398e+00 2.510884284973144531e+00 1.141726970672607422e+01 -3.738552331924438477e+00 -9.603016853332519531e+00 2.022651195526123047e+00 1.022848987579345703e+01 3.427237033843994141e+00 4.570049643516540527e-01 -3.059815883636474609e+00 1.108291912078857422e+01 -1.427165269851684570e-01 -1.440197944641113281e+00 9.374309778213500977e-01 -3.708905935287475586e+00 1.748962044715881348e+00 1.121816730499267578e+01 -1.950857281684875488e+00 -4.601493358612060547e+00 -4.107881069183349609e+00 3.836324930191040039e+00 -2.482462167739868164e+00 -5.346954464912414551e-01 -1.332986950874328613e+00 -1.204733967781066895e+00 2.175229072570800781e+00 2.102746963500976562e+00 5.912715911865234375e+00 -1.298888325691223145e+00 1.282189965248107910e+00 5.420583486557006836e-01 -1.945209383964538574e+00 -5.862761974334716797e+00 3.048891782760620117e+00 6.054758071899414062e+00 2.762959957122802734e+00 2.645592927932739258e+00 -4.646800518035888672e+00 -4.856101989746093750e+00 6.751276552677154541e-02 5.178700447082519531e+00 -3.179783344268798828e+00 -2.574074745178222656e+00 2.017873764038085938e+00 -2.786445617675781250e+00 -5.013755321502685547e+00 -4.448205471038818359e+00 -4.015996932983398438e+00 1.397952318191528320e+00 1.047697186470031738e+00 2.330297708511352539e+00 -4.857625961303710938e+00 1.841195583343505859e+00 2.618946790695190430e+00 -5.072046279907226562e+00 3.789207220077514648e+00 2.821989297866821289e+00 -7.707537412643432617e-01 1.368633031845092773e+00 -1.362676262855529785e+00 1.861588597297668457e+00 -5.120993778109550476e-02 2.177076816558837891e+00 -2.692194461822509766e+00 -7.897660881280899048e-02
3.373368072509765625e+01 1.784974098205566406e+01 -8.645648956298828125e+00 6.466159820556640625e+00 -1.344639778137207031e+01 1.025880146026611328e+01 5.522971630096435547e+00 -5.490744590759277344e+00 -6.444107055664062500e+00 -1.786843299865722656e+00 4.638448715209960938e+00 2.800917625427246094e+00 -4.148322105407714844e+00 1.752525687217712402e+00 5.580476760864257812e+00 3.495439291000366211e+00 3.600629806518554688e+00 2.574744462966918945e+00 -1.046446990966796875e+01 7.427462100982666016e+00 -3.512583732604980469e+00 -8.573924064636230469e+00 6.285404682159423828e+00 5.087439060211181641e+00 -2.583108425140380859e+00 2.066444754600524902e-01 -5.933726787567138672e+00 6.518614292144775391e+00 -9.446993470191955566e-01 3.338306188583374023e+00 -5.250209331512451172e+00 4.698848724365234375e+00 1.558409094810485840e+00 -2.522516727447509766e+00 1.796178936958312988e+00 6.061110496520996094e+00 -2.160919189453125000e+00 -2.250939607620239258e+00 -1.036341762542724609e+01 -4.661843776702880859e+00 1.574957966804504395e-01 -1.128512263298034668e+00 2.429964065551757812e+00 -2.170600891113281250e+00 3.614281892776489258e+00 -3.782959938049316406e+00 -6.682022094726562500e+00 9.333748817443847656e+00 3.824587106704711914e+00 7.704398632049560547e+00 -2.814755916595458984e+00 -2.033164024353027344e+00 -9.104092121124267578e-01 -1.043700456619262695e+00 -3.510517835617065430e+00 -6.812712669372558594e+00 -1.879237294197082520e+00 2.904971361160278320e+00 6.028257012367248535e-01 -3.737573862075805664e+00 6.988801479339599609e+00 2.440135717391967773e+00 -6.029376029968261719e+00 -3.959679126739501953e+00 1.069152235984802246e+00 -6.411978006362915039e-01 1.336041355133056641e+01 -5.710408210754394531e+00 -4.495073318481445312e+00 -1.011422514915466309e+00 8.882688879966735840e-01 2.926885187625885010e-01 -2.997031211853027344e+00 -5.731595993041992188e+00 -4.747517108917236328e+00 -4.097028732299804688e+00 2.062776327133178711e+00 1.075300335884094238e+00 -5.578198432922363281e+00 -1.350469827651977539e+00 -1.470016598701477051e+00 5.547893047332763672e+00 -1.070839837193489075e-01 7.436675429344177246e-01 6.125590801239013672e+00 -9.699274897575378418e-01 -4.107651710510253906e+00 -2.843279123306274414e+00 1.406684756278991699e+00 -3.797089815139770508e+00 -5.857431888580322266e-01 1.014283299446105957e+00 -3.357851266860961914e+00 -1.445517778396606445e+00 -1.805050730705261230e+00 1.128327399492263794e-01 1.211586713790893555e+00 -6.005255222320556641e+00 1.724243760108947754e-01 1.857882738113403320e-01
4.248141860961914062e+01 1.404688549041748047e+01 -1.741751098632812500e+01 -3.664044380187988281e+00 -1.403871154785156250e+01 8.479286193847656250e+00 -4.010150909423828125e+00 -1.395015001296997070e+00 4.146930694580078125e+00 -1.845510482788085938e+00 -1.171197891235351562e+00 5.019075393676757812e+00 -3.666280746459960938e+00 -1.981592893600463867e+00 -3.763785958290100098e-01 -2.614683389663696289e+00 1.019823670387268066e+00 -3.300230741500854492e+00 -1.464268445968627930e+00 -2.862772941589355469e+00 1.164030194282531738e+00 9.157778322696685791e-02 1.191712379455566406e+00 -3.233891248703002930e+00 4.155475139617919922e+00 -4.078235149383544922e+00 4.732412338256835938e+00 -4.488032341003417969e+00 1.517501831054687500e+00 4.292464733123779297e+00 1.504291534423828125e+00 7.720191001892089844e+00 1.533722400665283203e+00 -1.200314402580261230e+00 -7.022217273712158203e+00 1.975883960723876953e+00 1.886941432952880859e+00 -2.377074718475341797e+00 -3.455143690109252930e+00 3.272760391235351562e+00 -1.244366526603698730e+00 3.484164953231811523e+00 1.763938546180725098e+00 1.570112586021423340e+00 1.117499470710754395e+00 -4.093828201293945312e-01 1.734889030456542969e+00 -1.862125515937805176e+00 2.285658381879329681e-02 -1.014352798461914062e+00 -1.242590546607971191e+00 -6.089810281991958618e-02 -4.600454807281494141e+00 -5.397646427154541016e+00 -3.442067146301269531e+00 4.928707122802734375e+00 2.654515027999877930e+00 1.873378872871398926e+00 2.699862003326416016e+00 6.077531259506940842e-03 -5.855641841888427734e+00 1.776774048805236816e+00 2.485206604003906250e+00 -4.765557944774627686e-01 2.668314695358276367e+00 3.654855728149414062e+00 -2.937633752822875977e+00 1.572879433631896973e+00 -2.645522058010101318e-01 1.606199026107788086e+00 2.763926684856414795e-01 2.811818361282348633e+00 1.223048686981201172e+00 5.401565074920654297e+00 3.886711120605468750e+00 2.113418877124786377e-01 -4.753610610961914062e+00 1.801168203353881836e+00 -1.245736837387084961e+00 -4.563530921936035156e+00 -9.378013014793395996e-01 -2.624418258666992188e+00 -8.963702321052551270e-01 -5.965781807899475098e-01 -4.952692508697509766e+00 1.691475868225097656e+00 6.238567829132080078e+00 -1.144141197204589844e+00 2.934912681579589844e+00 2.975736141204833984e+00 -4.625126361846923828e+00 -3.996350288391113281e+00 3.299518823623657227e+00 3.799069821834564209e-01 -5.443298339843750000e+00 -4.030344262719154358e-02 1.023657679557800293e+00 1.796079576015472412e-01 -2.731495141983032227e+00 2.929424345493316650e-01
3.945241165161132812e+01 1.204375839233398438e+01 -1.922299385070800781e+01 -3.468589067459106445e+00 -9.380932807922363281e+00 8.842889070510864258e-01 4.823430180549621582e-01 -2.625792264938354492e+00 3.938897848129272461e+00 -4.437594413757324219e+00 -3.692780494689941406e+00 -2.369428634643554688e+00 -3.511231660842895508e+00 4.270784378051757812e+00 -1.846725702285766602e+00 1.262705326080322266e+00 3.241425991058349609e+00 -2.991732835769653320e+00 -3.183543920516967773e+00 -6.386531829833984375e+00 -4.563300132751464844e+00 -4.211418151855468750e+00 2.578338384628295898e+00 5.479862689971923828e-01 1.421282768249511719e+00 -2.896845579147338867e+00 -4.645389080047607422e+00 -3.433405458927154541e-01 3.911148011684417725e-01 2.861078739166259766e+00 1.583854198455810547e+00 -5.280353426933288574e-01 1.096771836280822754e+00 -2.545240402221679688e+00 3.235569953918457031e+00 -2.357865810394287109e+00 2.156314611434936523e+00 -3.769030809402465820e+00 -2.607486248016357422e-01 -2.048588275909423828e+00 -1.221564888954162598e+00 -1.665379881858825684e+00 1.454552173614501953e+00 -2.932883977890014648e+00 -2.914037704467773438e+00 6.211594939231872559e-01 -1.081704735755920410e+00 3.000391006469726562e+00 -2.739355087280273438e+00 2.383288741111755371e-02 5.537673950195312500e+00 3.867855787277221680e+00 2.178082466125488281e-01 -2.312839508056640625e+00 3.843864679336547852e+00 -5.243679046630859375e+00 -3.268772840499877930e+00 -2.810176610946655273e+00 -1.518075346946716309e+00 -7.121037840843200684e-01 3.287007093429565430e+00 1.965728521347045898e+00 -1.177188754081726074e+00 1.275984048843383789e+00 4.037920534610748291e-01 -5.143480777740478516e+00 3.844720125198364258e-01 5.205023288726806641e-01 2.631768226623535156e+00 4.453566551208496094e+00 3.184954524040222168e-01 -1.247510671615600586e+00 -7.872671484947204590e-01 1.956076145172119141e+00 -1.502917289733886719e+00 1.721536993980407715e+00 -1.383162587881088257e-01 -2.723032474517822266e+00 -3.841561079025268555e+00 -5.212084770202636719e+00 -2.797682285308837891e+00 1.503045320510864258e+00 1.297314286231994629e+00 -2.045977592468261719e+00 -1.813619971275329590e+00 -3.696377873420715332e-01 -4.269723415374755859e+00 -1.218648433685302734e+00 -5.713259220123291016e+00 3.705841064453125000e+00 7.359830141067504883e-01 -6.044052124023437500e+00 -1.992620229721069336e-01 -1.139242410659790039e+00 3.181921958923339844e+00 -9.906002879142761230e-01 -4.466247081756591797e+00 5.259291172027587891e+00 1.949753522872924805e+00 -1.293760657310485840e+00
4.161619949340820312e+01 1.115247249603271484e+01 -1.689981079101562500e+01 -6.673868656158447266e+00 -6.651246070861816406e+00 -4.599391818046569824e-01 -3.420789480209350586e+00 1.965409278869628906e+00 4.622261047363281250e+00 -2.362272024154663086e+00 -6.374041557312011719e+00 -4.400793552398681641e+00 4.343054294586181641e+00 8.173570036888122559e-01 -4.066593170166015625e+00 -5.427132129669189453e+00 -2.178383350372314453e+00 -3.185106813907623291e-01 4.308247566223144531e+00 -5.464876651763916016e+00 1.613258123397827148e+00 -5.183728218078613281e+00 -4.199657440185546875e+00 -8.969502449035644531e-01 -3.582553625106811523e+00 -3.028404951095581055e+00 -2.661814451217651367e+00 6.530600547790527344e+00 -5.902913093566894531e+00 2.348071336746215820e+00 -2.137256860733032227e+00 -1.762165307998657227e+00 1.595703601837158203e+00 -5.863551616668701172e+00 -2.813305139541625977e+00 6.110271215438842773e-01 -8.068890571594238281e-01 -1.159159541130065918e+00 2.445214986801147461e+00 -2.397669792175292969e+00 -2.393425226211547852e+00 -1.631435871124267578e+00 2.471249341964721680e+00 5.523808956146240234e+00 2.502208948135375977e+00 -1.259756565093994141e+00 1.659111738204956055e+00 1.295537471771240234e+00 5.399457216262817383e-01 4.554498493671417236e-01 -2.270828485488891602e-01 3.928481101989746094e+00 -2.152292966842651367e+00 1.798408865928649902e+00 -1.089091300964355469e+00 -1.915861964225769043e+00 -2.790611386299133301e-01 -4.195311546325683594e+00 -5.722189903259277344e+00 -8.740789294242858887e-01 1.248324871063232422e+00 -3.695505559444427490e-01 2.105529457330703735e-01 2.390334606170654297e+00 1.828801512718200684e+00 8.667743802070617676e-01 -3.007006883621215820e+00 5.831171512603759766e+00 -9.345402717590332031e-01 1.425730705261230469e+00 1.544791907072067261e-01 2.211452007293701172e+00 9.477008819580078125e+00 -1.467493414878845215e+00 3.229863941669464111e-01 1.031486392021179199e+00 3.665893077850341797e-01 -3.866496086120605469e+00 -5.876354217529296875e+00 -3.987825870513916016e+00 -1.341075301170349121e-01 1.531287431716918945e+00 -9.401463866233825684e-01 -4.435992717742919922e+00 -2.392670154571533203e+00 2.592591047286987305e+00 -2.345678329467773438e+00 -3.075104951858520508e-01 1.816788315773010254e-01 -6.873611211776733398e-01 -5.894847393035888672e+00 -4.177309513092041016e+00 1.570499062538146973e+00 2.984447479248046875e+00 -1.837246716022491455e-01 1.389214396476745605e+00 -3.420010328292846680e+00 7.493239402770996094e+00 -1.933376312255859375e+00 2.265988588333129883e+00
3.794697952270507812e+01 7.660348415374755859e+00 -1.671355056762695312e+01 -3.873897314071655273e+00 -8.161077499389648438e+00 -3.852509737014770508e+00 8.274491429328918457e-01 -2.880784869194030762e-01 -1.367532491683959961e+00 -2.126262426376342773e+00 -6.781651020050048828e+00 -4.457917690277099609e+00 -3.263265371322631836e+00 -1.099922895431518555e+00 4.411332130432128906e+00 3.666894912719726562e+00 -2.175110816955566406e+00 -1.430322051048278809e+00 4.445238590240478516e+00 -4.429903030395507812e+00 -9.160668849945068359e-01 -2.137386322021484375e+00 -6.157773137092590332e-01 8.206105828285217285e-01 1.829565525054931641e+00 -3.969872593879699707e-01 -4.193410873413085938e+00 4.908525466918945312e+00 4.598130226135253906e+00 2.844279527664184570e+00 -4.588496208190917969e+00 7.792429327964782715e-01 -2.390036106109619141e+00 -2.871140241622924805e+00 2.472461462020874023e+00 -1.690807193517684937e-02 2.463251352310180664e+00 4.568944931030273438e+00 3.692337751388549805e+00 1.424741864204406738e+00 -3.091563224792480469e+00 3.916647911071777344e+00 -2.598699331283569336e+00 -3.222365617752075195e+00 1.233345746994018555e+00 -2.603729248046875000e+00 2.858524620532989502e-01 5.908418178558349609e+00 4.399408340454101562e+00 4.254937171936035156e-01 -1.041239261627197266e+00 3.112966775894165039e+00 -1.794781923294067383e+00 1.076450109481811523e+00 4.805242538452148438e+00 5.425549507141113281e+00 -1.768973469734191895e+00 2.318149566650390625e+00 -7.234065532684326172e-01 -6.434978246688842773e-01 -2.811347246170043945e+00 -1.605717420578002930e+00 4.283362865447998047e+00 7.210881114006042480e-01 3.451400697231292725e-01 1.351999640464782715e+00 -3.546523809432983398e+00 2.122129678726196289e+00 2.745561838150024414e+00 -5.315731167793273926e-01 3.670505061745643616e-02 -3.167925596237182617e+00 1.441321849822998047e+00 -2.196155071258544922e+00 1.821492433547973633e+00 -9.501803517341613770e-01 7.835327386856079102e-01 3.903930187225341797e+00 -7.711851596832275391e+00 9.539704918861389160e-01 5.184304118156433105e-01 2.071040570735931396e-01 5.172448158264160156e+00 2.570269823074340820e+00 5.423804283142089844e+00 4.844190597534179688e+00 1.902930617332458496e+00 -1.288297295570373535e+00 -2.927037179470062256e-01 2.507672309875488281e+00 -3.687068462371826172e+00 4.223223626613616943e-01 8.260796219110488892e-02 2.174582719802856445e+00 7.065478324890136719e+00 -5.964877605438232422e-01 -1.858958244323730469e+00 3.015567064285278320e-01 -3.398328125476837158e-01 -2.852790117263793945e+00
4.216075134277343750e+01 7.275555610656738281e+00 -1.368380260467529297e+01 -2.661633014678955078e+00 -4.133774757385253906e+00 8.108780860900878906e+00 -2.380579948425292969e+00 1.426575899124145508e+00 1.396924614906311035e+00 2.227823019027709961e+00 4.420835494995117188e+00 -1.487212419509887695e+00 -5.163580179214477539e-01 -2.288898468017578125e+00 2.292762845754623413e-01 1.630638957023620605e+00 6.992370128631591797e+00 -5.147726058959960938e+00 -2.764339923858642578e+00 -1.668840885162353516e+00 -8.452317714691162109e-01 -8.116810917854309082e-01 3.280544042587280273e+00 1.055387616157531738e+00 2.652399063110351562e+00 -1.931596040725708008e+00 -5.116169929504394531e+00 1.075893878936767578e+00 1.682096123695373535e+00 -3.853660106658935547e+00 -9.280959367752075195e-01 -1.705782294273376465e+00 2.681918382644653320e+00 8.794734954833984375e+00 2.820532798767089844e+00 -3.878010511398315430e+00 7.560567259788513184e-01 -2.145804166793823242e+00 -3.688510656356811523e-01 -1.840089321136474609e+00 -2.944578409194946289e+00 -1.701397776603698730e+00 2.382977008819580078e+00 -1.601466774940490723e+00 -2.718870162963867188e+00 6.914017677307128906e+00 -3.725308418273925781e+00 4.374597549438476562e+00 -7.264468073844909668e-01 -9.083545207977294922e-01 -2.646330118179321289e+00 3.281884193420410156e+00 2.929144620895385742e+00 1.239009737968444824e+00 9.063963890075683594e+00 4.763970851898193359e+00 3.899899959564208984e+00 -2.114961147308349609e+00 4.363626837730407715e-01 -6.002198219299316406e+00 -2.155147075653076172e+00 2.017761468887329102e+00 2.137949228286743164e+00 1.668700814247131348e+00 -1.909171581268310547e+00 -1.910612583160400391e+00 -1.165527462959289551e+00 -1.785399079322814941e+00 2.447370052337646484e+00 2.486321926116943359e+00 1.503254175186157227e+00 -1.166975855827331543e+00 -2.023216485977172852e+00 4.631924629211425781e+00 -4.297069609165191650e-01 2.282359123229980469e+00 -4.733418464660644531e+00 2.673095464706420898e+00 4.935000896453857422e+00 7.851098179817199707e-01 5.113900184631347656e+00 -3.230816602706909180e+00 8.185791969299316406e-01 2.456467300653457642e-01 -1.528000116348266602e+00 -1.911893248558044434e+00 -3.399623334407806396e-01 -2.713193416595458984e+00 1.729622006416320801e+00 3.598877668380737305e+00 1.536052703857421875e+00 2.749969720840454102e+00 8.684641838073730469e+00 2.391088724136352539e+00 -2.162604629993438721e-01 -1.426488041877746582e+00 4.023204326629638672e+00 6.028529405593872070e-01 -6.382939815521240234e-01 -1.478540062904357910e+00
3.790573120117187500e+01 1.118332672119140625e+01 -1.522803688049316406e+01 2.010851860046386719e+00 -1.277888393402099609e+01 7.343489646911621094e+00 2.701341629028320312e+00 -2.762193679809570312e+00 -2.030860185623168945e+00 -6.961019039154052734e-01 -2.248214244842529297e+00 1.658637285232543945e+00 -8.860793113708496094e+00 1.685064673423767090e+00 2.084343731403350830e-01 -4.864505290985107422e+00 3.534786701202392578e+00 -2.100760191679000854e-01 -3.565580606460571289e+00 -5.899713039398193359e+00 2.016922235488891602e+00 -6.552458286285400391e+00 6.776394844055175781e-01 2.485580444335937500e-01 -9.635865688323974609e-01 -4.622211933135986328e+00 -4.275451183319091797e+00 -2.419690042734146118e-01 -2.099848836660385132e-01 -2.782388210296630859e+00 4.032602310180664062e+00 -3.447519242763519287e-02 5.309777259826660156e+00 -3.218614339828491211e+00 8.666346549987792969e+00 2.352809190750122070e+00 3.121459007263183594e+00 9.553759098052978516e-01 -2.408899307250976562e+00 -2.926822662353515625e+00 8.771686553955078125e-01 -2.386328950524330139e-02 5.295170307159423828e+00 -3.966378211975097656e+00 -2.786030054092407227e+00 -1.131025671958923340e+00 -4.128486156463623047e+00 2.306941151618957520e-01 -3.744772374629974365e-01 2.352608203887939453e+00 2.931132555007934570e+00 -2.660603284835815430e+00 -4.725980758666992188e+00 6.179284095764160156e+00 4.082038402557373047e+00 3.465951653197407722e-03 3.704909980297088623e-01 4.232994079589843750e+00 7.968964576721191406e-01 -2.437955617904663086e+00 -2.798716783523559570e+00 -1.777950286865234375e+00 1.564640045166015625e+00 -1.656373143196105957e-01 -2.614069283008575439e-01 1.523427486419677734e+00 -3.909055233001708984e+00 -2.657215833663940430e+00 -1.043226122856140137e+00 -1.850430130958557129e+00 -2.260389328002929688e+00 -1.467004865407943726e-01 -5.799440860748291016e+00 -4.118135929107666016e+00 -5.592682361602783203e+00 -1.970470547676086426e+00 -1.384918242692947388e-01 1.543305277824401855e+00 3.559179306030273438e+00 8.482456207275390625e-01 -1.210500121116638184e+00 -5.584518983960151672e-02 6.332718372344970703e+00 5.332597732543945312e+00 1.343608498573303223e+00 -4.059682786464691162e-01 -3.773686647415161133e+00 -1.083806037902832031e+00 4.561334609985351562e+00 2.687551498413085938e+00 -5.372800350189208984e+00 -3.365398168563842773e+00 4.558486044406890869e-01 -2.471234351396560669e-01 -1.847169876098632812e+00 1.214890480041503906e+00 -5.406852364540100098e-01 -3.715637922286987305e+00 2.833889245986938477e+00 -6.170612812042236328e+00
3.515713882446289062e+01 8.140895843505859375e+00 -1.416982841491699219e+01 -2.458111286163330078e+00 -9.029635429382324219e+00 1.077647447586059570e+00 6.923232078552246094e+00 2.320622205734252930e+00 6.337565422058105469e+00 -1.095915913581848145e+00 -2.549385786056518555e+00 -2.261007070541381836e+00 -1.953368902206420898e+00 2.582976579666137695e+00 2.039464712142944336e+00 3.387688636779785156e+00 9.267302751541137695e-01 2.516234159469604492e+00 -5.919734001159667969e+00 -1.075384140014648438e+00 -1.944891571998596191e+00 7.360454201698303223e-01 -4.221539497375488281e+00 -3.097360610961914062e+00 -5.644604682922363281e+00 -1.393069863319396973e+00 -4.711556434631347656e+00 -2.615806818008422852e+00 -1.458557963371276855e+00 4.209757328033447266e+00 -4.556311666965484619e-01 -3.069704294204711914e+00 -2.007678747177124023e+00 5.132737159729003906e+00 4.033091545104980469e+00 -1.337085485458374023e+00 -2.910500526428222656e+00 1.354211866855621338e-01 -1.132008433341979980e+00 6.680868864059448242e-01 3.690466582775115967e-01 -3.180555343627929688e+00 2.434180021286010742e+00 1.371367216110229492e+00 1.219252720475196838e-01 -3.854569673538208008e+00 5.868657588958740234e+00 1.145039677619934082e+00 3.285840988159179688e+00 1.760401427745819092e-01 2.791626453399658203e+00 -2.963265895843505859e+00 4.019670486450195312e+00 -3.913172185420989990e-01 3.076873779296875000e+00 -1.997781157493591309e+00 -1.141545534133911133e+00 -2.603755712509155273e+00 -2.201421022415161133e+00 2.426789551973342896e-01 4.063404560089111328e+00 4.106014251708984375e+00 1.440738677978515625e+00 7.532327651977539062e+00 -2.111368894577026367e+00 2.539929151535034180e-01 1.430356740951538086e+00 -9.622287154197692871e-01 2.190308809280395508e+00 -2.242269039154052734e+00 1.095931529998779297e+00 7.052934765815734863e-01 2.000251293182373047e+00 6.161396980285644531e+00 -1.830992102622985840e+00 -1.286332488059997559e+00 4.304852008819580078e+00 -1.301164865493774414e+00 -9.124094247817993164e-01 -8.641875386238098145e-01 1.452258825302124023e+00 -5.876186370849609375e+00 4.327895164489746094e+00 -1.688698172569274902e+00 -4.942614555358886719e+00 -2.447875976562500000e+00 6.546439137309789658e-03 -4.673297405242919922e+00 3.537398815155029297e+00 -2.329662084579467773e+00 7.783941626548767090e-01 -1.310088515281677246e+00 1.104263782501220703e+00 1.041064500808715820e+00 -4.643465042114257812e+00 4.192197620868682861e-01 -3.577312946319580078e+00 -5.170783996582031250e-01 1.018270969390869141e+00 7.585923373699188232e-02
3.722631835937500000e+01 1.062670040130615234e+01 -1.601609992980957031e+01 -1.714256167411804199e+00 -5.307723999023437500e+00 -2.512336492538452148e+00 2.133041143417358398e+00 2.790808200836181641e+00 6.025432586669921875e+00 -5.058567047119140625e+00 -1.429086089134216309e+00 -2.315586566925048828e+00 8.840328454971313477e-01 -2.653337717056274414e+00 7.256165146827697754e-01 1.393699169158935547e+00 -4.493606835603713989e-02 -5.784683704376220703e+00 -4.821978092193603516e+00 -1.582675576210021973e+00 -1.979114890098571777e+00 -3.433318853378295898e+00 -6.512587547302246094e+00 7.809749126434326172e+00 -2.395320415496826172e+00 1.210148483514785767e-01 -1.027593731880187988e+00 5.471975803375244141e+00 -5.696213245391845703e+00 6.540799140930175781e-01 -2.066128253936767578e+00 1.153152823448181152e+00 -3.786833047866821289e+00 -1.595149397850036621e+00 3.192782878875732422e+00 -6.563207149505615234e+00 -2.192193508148193359e+00 -9.093177914619445801e-01 3.884852170944213867e+00 -1.007358789443969727e+00 1.235813021659851074e+00 2.244885921478271484e+00 -2.476343512535095215e-01 -1.239653468132019043e+00 8.768272399902343750e-01 -2.698047399520874023e+00 -4.751657962799072266e+00 -3.228979349136352539e+00 -1.502316832542419434e+00 -5.804172039031982422e+00 3.039228677749633789e+00 4.276021003723144531e+00 3.181928098201751709e-01 5.144570469856262207e-01 -1.178197026252746582e+00 3.593245744705200195e+00 -1.396888494491577148e+00 -3.164508044719696045e-01 1.298531055450439453e+00 3.040545701980590820e+00 -5.787225365638732910e-01 -1.185553908348083496e+00 -1.014538049697875977e+00 1.402926206588745117e+00 -1.928557276725769043e+00 -2.041970252990722656e+00 5.248905658721923828e+00 -9.410777091979980469e+00 -1.620290398597717285e+00 3.701509475708007812e+00 -3.101198235526680946e-03 3.848369717597961426e-01 1.490399479866027832e+00 -5.315983295440673828e-01 1.159506916999816895e+00 -3.272333621978759766e+00 7.298325061798095703e+00 -2.695624589920043945e+00 3.449861705303192139e-01 -5.486941814422607422e+00 -4.753856956958770752e-01 -2.890686511993408203e+00 2.741716802120208740e-01 -9.825498580932617188e+00 8.123422265052795410e-01 5.756124854087829590e-01 -6.287436485290527344e+00 1.048573613166809082e+00 1.005507037043571472e-01 1.814398616552352905e-01 2.024643898010253906e+00 -1.942436575889587402e+00 -8.757570385932922363e-01 2.255547046661376953e+00 -3.545022487640380859e+00 -1.456170082092285156e+00 -2.897917509078979492e+00 2.765168428421020508e+00 -2.190964698791503906e+00 -2.419870376586914062e+00
3.970385742187500000e+01 4.920435428619384766e+00 -1.429952812194824219e+01 -7.368972778320312500e+00 -3.737200021743774414e+00 2.649804353713989258e+00 -9.426198959350585938e+00 -1.688034772872924805e+00 6.102880477905273438e+00 -4.461598873138427734e+00 1.622959971427917480e+00 -2.237181663513183594e-01 2.042071104049682617e+00 6.037683486938476562e-01 -9.263294339179992676e-01 1.941192150115966797e+00 -3.762859821319580078e+00 -2.586122035980224609e+00 8.751039505004882812e-01 -1.081673145294189453e+00 1.296129584312438965e+00 -7.439528465270996094e+00 -4.976909637451171875e+00 2.671353816986083984e+00 9.194715619087219238e-01 3.878813743591308594e+00 -1.059933900833129883e+00 -4.243309020996093750e+00 -2.741423845291137695e+00 -5.696939826011657715e-01 5.060941219329833984e+00 -4.134943962097167969e+00 -4.336308002471923828e+00 7.004972696304321289e-01 -1.788679361343383789e-01 8.512390136718750000e+00 2.001829862594604492e+00 -2.192882299423217773e+00 -1.597098588943481445e+00 -2.599824428558349609e+00 1.123569130897521973e+00 -1.199280381202697754e+00 3.392460107803344727e+00 -5.097887992858886719e+00 -2.303173780441284180e+00 2.296282768249511719e+00 7.179859280586242676e-01 -4.968430697917938232e-01 2.527868747711181641e+00 2.537178754806518555e+00 -5.059156417846679688e+00 2.282842844724655151e-01 -3.714060068130493164e+00 2.909467816352844238e-01 -4.071993350982666016e+00 -2.339146375656127930e+00 -1.558265924453735352e+00 4.864945888519287109e+00 -2.185557365417480469e+00 -9.427285790443420410e-01 8.915391564369201660e-02 -6.132927894592285156e+00 2.373758316040039062e+00 -4.935534894466400146e-01 -3.088502407073974609e+00 -2.613046169281005859e+00 1.232155919075012207e+00 -1.848500847816467285e+00 2.831323385238647461e+00 2.953909873962402344e+00 -3.193161964416503906e+00 -5.856430530548095703e+00 -2.036204576492309570e+00 -9.323804378509521484e-01 3.730833292007446289e+00 1.245576024055480957e+00 -2.274828910827636719e+00 -3.070198535919189453e+00 2.169544219970703125e+00 -1.799530267715454102e+00 3.463731288909912109e+00 1.179781198501586914e+00 3.784908533096313477e+00 -7.398655891418457031e+00 -2.788191795349121094e+00 3.014073133468627930e+00 -3.375195264816284180e+00 -3.927986145019531250e+00 -4.495604515075683594e+00 9.932737350463867188e-01 5.475297927856445312e+00 -2.881145000457763672e+00 -2.256576061248779297e+00 1.868198633193969727e+00 1.637996435165405273e+00 -1.983795285224914551e+00 -7.682772278785705566e-01 -2.426020145416259766e+00 3.564134597778320312e+00 3.836498975753784180e+00
3.301950073242187500e+01 1.051496791839599609e+01 -1.971185874938964844e+01 -4.041873931884765625e+00 1.767441391944885254e+00 4.984478473663330078e+00 1.055720806121826172e+00 2.002378225326538086e+00 1.343717098236083984e+00 -3.295048713684082031e+00 -2.921423614025115967e-01 -9.428169250488281250e+00 -3.951468467712402344e+00 -1.628489494323730469e+00 1.976468205451965332e+00 -1.988554239273071289e+00 1.120479822158813477e+00 -5.162398338317871094e+00 -2.835466146469116211e+00 -4.242939472198486328e+00 -8.627935051918029785e-01 -4.560447216033935547e+00 7.180656194686889648e-01 3.420046806335449219e+00 2.127523660659790039e+00 -2.833244800567626953e+00 4.992963373661041260e-01 2.612302780151367188e+00 3.918606758117675781e+00 2.811605334281921387e-01 6.202476501464843750e+00 -2.367221593856811523e+00 -7.658085823059082031e+00 -1.722691893577575684e+00 -5.651621818542480469e+00 -4.573410034179687500e+00 7.420431375503540039e-01 -2.438821792602539062e+00 3.201349020004272461e+00 -3.173343181610107422e+00 -6.134647369384765625e+00 2.912122488021850586e+00 1.870548605918884277e+00 9.849971532821655273e-01 -2.856799125671386719e+00 3.361803054809570312e+00 -2.688684463500976562e+00 -1.293871641159057617e+00 -2.697364568710327148e+00 5.673902988433837891e+00 2.292349338531494141e+00 6.451923370361328125e+00 -3.136848449707031250e+00 4.619365692138671875e+00 1.282739043235778809e+00 -5.861352443695068359e+00 -7.660490512847900391e+00 -5.770649313926696777e-01 7.261980772018432617e-01 1.994209647178649902e+00 -2.317896842956542969e+00 1.602619767189025879e+00 1.508674144744873047e+00 -5.616052150726318359e+00 1.536842584609985352e+00 -1.827248096466064453e+00 1.981452107429504395e+00 -1.060792922973632812e+00 -7.707755547016859055e-03 -8.548816442489624023e-01 -7.958474159240722656e-01 -6.646958589553833008e-01 3.085287809371948242e+00 1.761657357215881348e+00 -4.350552260875701904e-01 2.797000885009765625e+00 4.555325984954833984e+00 -2.124704122543334961e+00 3.571912050247192383e-01 -2.159757852554321289e+00 3.821768999099731445e+00 7.575846910476684570e-01 -4.009992122650146484e+00 -2.709045886993408203e+00 -4.585935592651367188e+00 1.675922513008117676e+00 1.488635420799255371e+00 -2.994064331054687500e+00 -1.471306324005126953e+00 -5.156558513641357422e+00 -3.386400461196899414e+00 2.132702112197875977e+00 -4.336947202682495117e-01 -9.872186779975891113e-01 -5.825437903404235840e-01 2.884714126586914062e+00 -2.036706209182739258e+00 -2.298930406570434570e+00 -3.568375825881958008e+00 4.731280803680419922e+00
4.113454055786132812e+01 1.618298721313476562e+01 -1.587402534484863281e+01 -2.812811374664306641e+00 -5.611604690551757812e+00 9.994358062744140625e+00 -3.065857410430908203e+00 4.991432651877403259e-02 -2.782095670700073242e+00 -2.438401699066162109e+00 6.844564806669950485e-03 -6.084997653961181641e+00 5.926873087882995605e-01 -5.729619979858398438e+00 -3.152726650238037109e+00 4.715366363525390625e+00 2.879116773605346680e+00 3.306244850158691406e+00 -3.058746755123138428e-01 -1.986600160598754883e+00 -4.840964794158935547e+00 -2.775542020797729492e+00 4.875125408172607422e+00 3.865790605545043945e+00 -2.593962192535400391e+00 -2.143114089965820312e+00 -1.279216051101684570e+00 -6.585059762001037598e-01 4.928047180175781250e+00 7.514842510223388672e+00 4.692345142364501953e+00 5.333878040313720703e+00 -3.482236862182617188e+00 -8.194261193275451660e-01 6.369142055511474609e+00 -2.705508947372436523e+00 5.103687286376953125e+00 -4.086994230747222900e-01 -6.729880809783935547e+00 -2.377389669418334961e+00 2.697518825531005859e+00 3.079730033874511719e+00 3.208849430084228516e-01 5.165424346923828125e-01 -4.301109910011291504e-01 4.031687378883361816e-01 -1.251569539308547974e-01 -1.207364320755004883e+00 2.804988145828247070e+00 3.377434968948364258e+00 -7.328484673053026199e-03 -5.562791824340820312e-01 -3.518695116043090820e+00 -1.003361225128173828e+00 3.869454383850097656e+00 2.787211656570434570e+00 -1.961823821067810059e+00 -5.384544849395751953e+00 -1.564922332763671875e+00 6.485353946685791016e+00 3.085179567337036133e+00 -1.508666157722473145e+00 5.373941063880920410e-01 2.197776794433593750e+00 3.138208627700805664e+00 9.949699044227600098e-01 -1.076716899871826172e+00 2.025075435638427734e+00 -4.559138298034667969e+00 8.107370138168334961e-01 1.988944172859191895e+00 -5.007863998413085938e+00 7.877790927886962891e+00 -2.051424741744995117e+00 2.108683347702026367e+00 1.707027912139892578e+00 -1.142916440963745117e+00 3.237882852554321289e+00 1.999308466911315918e-01 2.245151996612548828e+00 -4.697952747344970703e+00 4.655305147171020508e-01 -1.539159774780273438e+00 -1.654645323753356934e+00 -1.823881268501281738e+00 -3.597115278244018555e+00 2.718327522277832031e+00 -3.444357633590698242e+00 -5.430523872375488281e+00 -3.288457542657852173e-02 2.036060333251953125e+00 1.516356825828552246e+00 5.876891136169433594e+00 3.121885359287261963e-01 -3.590371847152709961e+00 -2.193070761859416962e-02 -2.159791946411132812e+00 -1.718056917190551758e+00 2.854972839355468750e+00 -1.015801548957824707e+00
3.863595199584960938e+01 1.266317749023437500e+01 -1.708300399780273438e+01 -3.195285081863403320e+00 -1.261474800109863281e+01 2.372158914804458618e-01 -9.556175470352172852e-01 -3.134861886501312256e-01 3.194326639175415039e+00 -1.194283485412597656e+00 -2.861094236373901367e+00 3.488615036010742188e+00 -3.398401260375976562e+00 3.961866140365600586e+00 -4.062504768371582031e+00 -3.212560892105102539e+00 -3.663417816162109375e+00 -6.955751776695251465e-01 7.500617980957031250e+00 -1.094464540481567383e+00 9.305145263671875000e+00 -2.348611831665039062e+00 9.938853979110717773e-01 -1.018182635307312012e+00 1.107001066207885742e+00 4.433873653411865234e+00 5.565259933471679688e+00 -6.547001838684082031e+00 4.503711223602294922e+00 -6.854722976684570312e+00 4.163860321044921875e+00 -3.844856739044189453e+00 -3.712927818298339844e+00 2.570318937301635742e+00 7.612501382827758789e-01 5.165782570838928223e-02 -2.889593601226806641e+00 8.485616445541381836e-01 3.317492961883544922e+00 -9.690679907798767090e-01 -1.557451367378234863e+00 -3.547871828079223633e+00 -6.803586483001708984e+00 -1.352046966552734375e+00 -6.068391323089599609e+00 6.357213258743286133e-01 7.143689990043640137e-01 -6.367791652679443359e+00 -9.559736847877502441e-01 6.493588924407958984e+00 -4.641798734664916992e-01 -7.820957303047180176e-01 2.515548169612884521e-01 3.506424665451049805e+00 -4.284014225006103516e+00 -6.191988468170166016e+00 -5.952924728393554688e+00 7.013616561889648438e+00 3.253932476043701172e+00 8.710498809814453125e-01 5.629014968872070312e+00 -2.748925983905792236e-01 -1.444113016128540039e+00 2.518844604492187500e+00 3.571988582611083984e+00 8.529275655746459961e-01 4.043287038803100586e-02 2.448518514633178711e+00 5.120304584503173828e+00 -5.680612921714782715e-01 -5.631183385848999023e-01 6.555672883987426758e-01 -3.868161916732788086e+00 -6.868715286254882812e-01 -8.564029335975646973e-01 4.316763401031494141e+00 5.837668895721435547e+00 2.917359590530395508e+00 2.104124307632446289e+00 -2.091830968856811523e+00 -2.460296630859375000e+00 4.267370793968439102e-03 -2.875952720642089844e-01 4.522569656372070312e+00 -2.916017293930053711e+00 7.733842372894287109e+00 9.071557521820068359e-01 -3.524356126785278320e+00 -3.380248785018920898e+00 6.939253211021423340e-01 4.685018956661224365e-01 2.321597576141357422e+00 -1.864396572113037109e+00 -2.134006500244140625e+00 -6.383643627166748047e+00 3.725702047348022461e+00 1.336616992950439453e+00 -2.022303342819213867e-01 3.637594461441040039e+00 -7.339432835578918457e-01
2.708735466003417969e+01 1.368314266204833984e+01 -1.818305397033691406e+01 -2.899020433425903320e+00 -6.783025264739990234e+00 6.526012420654296875e+00 6.882020473480224609e+00 -5.213089466094970703e+00 -1.672552466392517090e+00 -7.181017398834228516e+00 -4.073209285736083984e+00 -4.472493648529052734e+00 -6.803189754486083984e+00 1.936148524284362793e+00 2.277475118637084961e+00 -7.086288928985595703e-02 1.687531113624572754e+00 4.724423408508300781e+00 -2.795406579971313477e+00 -1.006998443603515625e+01 -7.652832508087158203e+00 -5.426943302154541016e-01 6.269683837890625000e+00 -4.017224311828613281e+00 -6.949581623077392578e+00 -1.806738734245300293e+00 1.181484699249267578e+00 3.420785903930664062e+00 -5.194795131683349609e+00 -2.846230268478393555e+00 2.570719122886657715e-01 -3.624087095260620117e+00 -4.159747362136840820e-01 5.491998195648193359e+00 6.552587032318115234e+00 -1.758513003587722778e-01 5.128620147705078125e+00 2.288158416748046875e+00 -5.246587276458740234e+00 -1.017658424377441406e+01 -4.912849366664886475e-01 -1.682943940162658691e+00 2.909133136272430420e-01 -3.341045856475830078e+00 -2.379146575927734375e+00 -4.198006153106689453e+00 -1.370102763175964355e+00 -3.963038206100463867e+00 4.398843288421630859e+00 -1.808226346969604492e+00 7.861343860626220703e+00 -6.990263462066650391e+00 -3.187127590179443359e+00 6.654712200164794922e+00 6.878929138183593750e-01 -5.414945125579833984e+00 -5.567174434661865234e+00 3.966792583465576172e+00 -1.672849059104919434e+00 1.919842213392257690e-01 3.078304767608642578e+00 5.056806087493896484e+00 4.332870960235595703e+00 -2.213182687759399414e+00 3.977116107940673828e+00 8.996147513389587402e-01 -3.522626638412475586e+00 4.761631488800048828e+00 -1.688487887382507324e+00 -3.321330785751342773e+00 1.300262928009033203e+00 -7.185166478157043457e-01 -8.953791618347167969e+00 7.087303996086120605e-01 -1.937000393867492676e+00 -2.943642616271972656e+00 2.654117345809936523e+00 3.841343522071838379e-01 4.594714164733886719e+00 1.852052569389343262e+00 -4.223572731018066406e+00 -1.718665480613708496e+00 -4.275830268859863281e+00 -4.054017364978790283e-01 5.013018608093261719e+00 5.793372154235839844e+00 -1.619103908538818359e+00 5.868118405342102051e-01 -1.449951380491256714e-01 -4.311676025390625000e+00 -2.900550603866577148e+00 -1.152116894721984863e+00 -2.886384963989257812e+00 4.572154045104980469e+00 4.027895450592041016e+00 4.806838035583496094e+00 3.854612827301025391e+00 -1.149495482444763184e+00 -2.082788944244384766e+00 3.234308958053588867e-01
1.990585899353027344e+01 1.350663089752197266e+01 -1.505300521850585938e+01 5.185356616973876953e+00 -2.036362409591674805e+00 1.836704444885253906e+01 6.960835456848144531e+00 -4.764792442321777344e+00 -1.287907981872558594e+01 -9.326965212821960449e-01 5.295372009277343750e+00 -4.578280925750732422e+00 2.958489656448364258e+00 -9.148746132850646973e-01 -9.123046875000000000e+00 -2.563672065734863281e+00 5.407917976379394531e+00 5.704159736633300781e+00 -1.112617611885070801e+00 -2.978076696395874023e+00 -1.063954925537109375e+01 1.010502243041992188e+01 2.939879596233367920e-01 3.393421649932861328e+00 -5.397738456726074219e+00 3.818332672119140625e+00 6.676779747009277344e+00 1.846110939979553223e+00 -1.060250163078308105e+00 -7.982552647590637207e-01 7.835937023162841797e+00 3.505403518676757812e+00 -2.167652845382690430e+00 8.815956115722656250e+00 1.470153212547302246e+00 3.613994598388671875e+00 1.902743339538574219e+00 5.782287716865539551e-01 4.750662326812744141e+00 1.077159881591796875e+00 -1.498715400695800781e+00 1.335273742675781250e+00 -1.396494209766387939e-01 -3.561479151248931885e-01 2.081863403320312500e+00 2.838038206100463867e+00 8.080103874206542969e+00 -7.256149291992187500e+00 -6.630949378013610840e-01 6.871366500854492188e+00 2.171647071838378906e+00 4.855017662048339844e+00 1.285862922668457031e+00 5.898505449295043945e-01 9.581678509712219238e-01 3.078060388565063477e+00 3.192094326019287109e+00 6.686336994171142578e+00 -1.030461907386779785e+00 8.761819005012512207e-01 -1.404643654823303223e-01 4.121452331542968750e+00 -3.465945959091186523e+00 -2.758852243423461914e-01 1.729820609092712402e+00 4.559134840965270996e-01 -1.788909196853637695e+00 -9.226899743080139160e-01 -9.950461983680725098e-01 4.191734194755554199e-01 -1.524528622627258301e+00 7.182141304016113281e+00 2.744732379913330078e+00 -3.758951187133789062e+00 1.954525232315063477e+00 3.369182109832763672e+00 -3.262881517410278320e+00 1.698178410530090332e+00 -7.790600776672363281e+00 -1.832696676254272461e+00 8.358489274978637695e-01 2.534645795822143555e+00 -5.917700529098510742e-01 3.934255599975585938e+00 -3.465575695037841797e+00 -1.096770763397216797e+00 -2.397281169891357422e+00 2.995393753051757812e+00 -1.974944233894348145e+00 3.152262926101684570e+00 -1.373215079307556152e+00 8.261538147926330566e-01 -5.124840259552001953e+00 -3.436857461929321289e-01 9.659982323646545410e-01 -1.660373687744140625e+00 -2.666037082672119141e+00 -2.666519880294799805e-01 -9.890289306640625000e-01 3.214342594146728516e+00
3.401539611816406250e+01 2.746837234497070312e+01 -1.355295181274414062e+00 1.601505279541015625e+00 -2.758049011230468750e+00 1.153105545043945312e+01 2.404870986938476562e-01 3.468440771102905273e+00 -3.898719310760498047e+00 1.847371220588684082e+00 1.841086578369140625e+01 4.917084693908691406e+00 1.578063607215881348e+00 -3.777437686920166016e+00 -7.547873020172119141e+00 -7.103925943374633789e-01 2.655950069427490234e+00 1.082318305969238281e+01 -2.711274862289428711e+00 4.717417240142822266e+00 5.867967009544372559e-01 2.785279035568237305e+00 -8.105075836181640625e+00 4.097792625427246094e+00 -1.207751083374023438e+01 8.170593380928039551e-01 4.914371967315673828e+00 6.902182102203369141e-01 -5.788329601287841797e+00 2.808346509933471680e+00 -2.069882869720458984e+00 6.703214645385742188e+00 2.922978162765502930e+00 3.102830886840820312e+00 -8.726001739501953125e+00 -3.835657596588134766e+00 8.844853401184082031e+00 -1.910597920417785645e+00 1.786026120185852051e+00 -3.133708477020263672e+00 5.442523479461669922e+00 -5.482167720794677734e+00 -2.911821365356445312e+00 2.730170190334320068e-01 -6.480355262756347656e+00 -1.236084938049316406e+00 5.791094779968261719e+00 -3.984438180923461914e+00 4.762205600738525391e+00 7.285583019256591797e-01 -3.380055665969848633e+00 3.449621498584747314e-01 5.630801916122436523e-01 -2.102010965347290039e+00 3.120808601379394531e+00 -5.877806544303894043e-01 -3.027667284011840820e+00 4.839241027832031250e+00 -3.734902143478393555e+00 5.412781834602355957e-01 -3.433933973312377930e+00 1.677356243133544922e+00 -1.215851426124572754e+00 1.149137020111083984e+01 -3.567654848098754883e+00 1.800673484802246094e+00 -9.996833205223083496e-01 -1.870715618133544922e+00 1.066934943199157715e+00 4.362807571887969971e-01 1.946819067001342773e+00 -5.703052997589111328e+00 6.847235202789306641e+00 7.567762851715087891e+00 3.840959548950195312e+00 -1.428384423255920410e+00 -1.311972498893737793e+00 2.563416719436645508e+00 1.174909472465515137e+00 3.803455829620361328e+00 3.644899368286132812e+00 3.182569503784179688e+00 2.139801532030105591e-01 7.191298007965087891e+00 4.897201061248779297e+00 -8.705680966377258301e-01 3.739104747772216797e+00 -4.658925056457519531e+00 -3.492266416549682617e+00 5.950236797332763672e+00 -6.387136936187744141e+00 3.414588212966918945e+00 -4.490933418273925781e+00 -2.716231584548950195e+00 -2.942128181457519531e+00 -7.615829706192016602e-01 -8.999379873275756836e-01 2.543755054473876953e+00 3.713746070861816406e+00 -2.913697957992553711e+00
4.716268157958984375e+01 -2.817880809307098389e-01 -3.711065351963043213e-01 -3.566187024116516113e-01 1.008978939056396484e+01 1.958734750747680664e+00 -1.152913665771484375e+01 2.189933210611343384e-01 -3.553900957107543945e+00 1.722044348716735840e+00 2.492058277130126953e+00 -5.153398990631103516e+00 2.768530845642089844e+00 1.243325591087341309e+00 4.808234691619873047e+00 -6.226977348327636719e+00 6.408297538757324219e+00 -7.835930585861206055e-01 1.073892879486083984e+01 3.253548622131347656e+00 5.145964622497558594e+00 -1.811724662780761719e+00 7.973216772079467773e-01 -3.918003797531127930e+00 -6.529740810394287109e+00 4.156313419342041016e+00 6.958488941192626953e+00 -6.451195240020751953e+00 3.598314046859741211e+00 -7.055026531219482422e+00 -5.042379379272460938e+00 -2.452740907669067383e+00 1.954682350158691406e+00 8.446404933929443359e-01 -5.109712600708007812e+00 6.321482658386230469e+00 -6.252762317657470703e+00 -2.353237390518188477e+00 -4.484144210815429688e+00 4.524027824401855469e+00 7.957327961921691895e-01 1.056176781654357910e+00 -4.941483438014984131e-01 2.167887449264526367e+00 -4.654767990112304688e+00 -3.190621435642242432e-01 2.235671281814575195e+00 -3.680427551269531250e+00 1.575697660446166992e+00 -2.379178762435913086e+00 1.475903749465942383e+00 -8.100981712341308594e+00 5.227456092834472656e+00 4.462154388427734375e+00 -2.805158495903015137e-01 -1.283067822456359863e+00 1.629388451576232910e+00 -5.272337913513183594e+00 2.415282011032104492e+00 -3.202548980712890625e+00 -1.356200575828552246e+00 -8.650744438171386719e+00 -1.917994499206542969e+00 1.245206236839294434e+00 4.493057250976562500e+00 -3.578140020370483398e+00 -2.556288540363311768e-01 -3.503064513206481934e-01 -2.222257614135742188e+00 -9.929282069206237793e-01 3.134033679962158203e+00 -1.435637116432189941e+00 -2.412874460220336914e+00 -4.380451202392578125e+00 3.696107387542724609e+00 -6.233839988708496094e-01 1.242373704910278320e+00 -2.495729923248291016e+00 -1.359603166580200195e+00 4.423935890197753906e+00 2.127379655838012695e+00 -2.222898960113525391e+00 5.980884552001953125e+00 -2.833896875381469727e+00 3.536982536315917969e+00 -2.077447652816772461e+00 1.675575375556945801e+00 -3.549370467662811279e-01 6.129171252250671387e-01 -1.941062927246093750e+00 2.426174879074096680e+00 5.503598213195800781e+00 2.244025230407714844e+00 3.378315925598144531e+00 4.734010696411132812e-01 -1.435221135616302490e-01 -1.879268765449523926e+00 -3.886967897415161133e+00 2.670589685440063477e-01 3.389910936355590820e+00
4.467319488525390625e+01 -5.613082885742187500e+00 4.301522254943847656e+00 -4.497116565704345703e+00 4.490721225738525391e+00 9.839200377464294434e-01 -1.199946784973144531e+01 -4.985699653625488281e+00 -3.296923875808715820e+00 -2.203014850616455078e+00 1.137810051441192627e-01 -1.669115662574768066e+00 5.469306468963623047e+00 2.232650756835937500e+00 4.481583118438720703e+00 4.688360393047332764e-01 8.820835947990417480e-01 -7.944496870040893555e-01 6.953846931457519531e+00 5.872401714324951172e+00 8.146783828735351562e+00 -9.160794019699096680e-01 8.968296051025390625e+00 -2.285805702209472656e+00 1.462409734725952148e+00 1.758505344390869141e+00 -4.172097682952880859e+00 -3.096133708953857422e+00 -5.694363594055175781e+00 -1.390629887580871582e+00 3.936247825622558594e-01 -2.786650657653808594e+00 2.285100817680358887e-01 5.103172302246093750e+00 -2.821763992309570312e+00 2.070606470108032227e+00 -1.517445921897888184e+00 -1.922649890184402466e-01 -1.762666225433349609e+00 3.042359828948974609e+00 -5.579207558184862137e-03 1.517310142517089844e+00 -2.109323024749755859e+00 -4.290251806378364563e-02 -4.268461704254150391e+00 1.615530610084533691e+00 7.594984054565429688e+00 -4.299231052398681641e+00 -4.151838779449462891e+00 5.792959928512573242e-01 -1.589519739151000977e+00 -2.899955987930297852e+00 -1.896514415740966797e+00 4.725333213806152344e+00 -2.741144657135009766e+00 -7.095089554786682129e-01 5.395246148109436035e-01 -4.247118949890136719e+00 3.032107114791870117e+00 2.911008596420288086e+00 -4.734158992767333984e+00 -2.383271694183349609e+00 -1.275998711585998535e+00 2.630990982055664062e+00 -2.105955600738525391e+00 1.900750041007995605e+00 3.116220951080322266e+00 -2.963300704956054688e+00 8.924246579408645630e-02 -2.231789827346801758e+00 -1.212800145149230957e+00 -2.865984439849853516e+00 9.083752334117889404e-02 -2.980760574340820312e+00 5.434295654296875000e+00 -2.260111093521118164e+00 5.233259797096252441e-01 1.845570683479309082e+00 -1.479454040527343750e+00 -1.762629032135009766e+00 -1.104106307029724121e+00 -4.675759792327880859e+00 7.264760136604309082e-01 -2.965153694152832031e+00 -2.971249818801879883e+00 5.450295448303222656e+00 -5.248826026916503906e+00 -4.066915988922119141e+00 -1.428123116493225098e+00 1.643231153488159180e+00 -4.965662211179733276e-02 1.166920065879821777e+00 5.701454281806945801e-01 -3.501398801803588867e+00 3.227748155593872070e+00 2.524594783782958984e+00 -3.556663513183593750e+00 -2.626333236694335938e+00 -1.360369682312011719e+00 -2.854415416717529297e+00
4.974057006835937500e+01 2.424634742736816406e+01 -1.630551099777221680e+00 -6.710647583007812500e+00 1.057729339599609375e+01 5.315714359283447266e+00 -1.365746974945068359e+01 4.921976625919342041e-01 8.407503128051757812e+00 3.097679615020751953e+00 -1.176428318023681641e+00 4.259148597717285156e+00 3.855726480484008789e+00 1.114521980285644531e+00 -1.976372957229614258e+00 -9.959515333175659180e-01 3.682201623916625977e+00 -5.335848927497863770e-01 1.117890954017639160e+00 4.087397575378417969e+00 -7.746918678283691406e+00 1.469932436943054199e+00 -2.557502031326293945e+00 5.304413437843322754e-01 8.141043186187744141e-01 -2.273613214492797852e+00 1.622970461845397949e+00 -2.376928091049194336e+00 8.888563156127929688e+00 -1.943361759185791016e+00 5.802552700042724609e-01 -2.601557016372680664e+00 3.135372161865234375e+00 2.255091428756713867e+00 -1.044038772583007812e+00 -2.835046291351318359e+00 -5.948178768157958984e-01 4.319457530975341797e+00 3.404446840286254883e+00 4.087425768375396729e-01 -4.025114178657531738e-01 -3.848952531814575195e+00 6.496549248695373535e-01 -7.910023689270019531e+00 9.011308550834655762e-01 3.751357555389404297e+00 4.968381226062774658e-01 -4.944944858551025391e+00 -3.459264278411865234e+00 -3.590499162673950195e+00 5.824382781982421875e+00 -1.170045018196105957e+00 3.493460893630981445e+00 -1.207824945449829102e+00 3.470124006271362305e+00 -1.700501680374145508e+00 1.140316724777221680e+00 -1.414866685867309570e+00 -3.229474067687988281e+00 -3.754444122314453125e+00 8.443269133567810059e-01 5.150724411010742188e+00 -4.074910163879394531e+00 -3.621345281600952148e+00 -3.968476772308349609e+00 3.943027019500732422e+00 -1.169311523437500000e+00 -5.861388683319091797e+00 -6.941742897033691406e+00 1.651150107383728027e+00 -4.754069805145263672e+00 -8.291265964508056641e-01 2.043148577213287354e-01 4.521667480468750000e+00 2.293445825576782227e+00 3.119832754135131836e+00 -1.939020037651062012e+00 4.794328212738037109e+00 8.601326942443847656e-01 -7.121033072471618652e-01 8.422910422086715698e-02 -1.573613882064819336e+00 -7.843311786651611328e+00 -2.258924007415771484e+00 4.364168167114257812e+00 1.501987338066101074e+00 3.299631774425506592e-01 6.242712497711181641e+00 3.004757642745971680e+00 -6.068256378173828125e+00 -1.258849263191223145e+00 2.922140836715698242e+00 3.245805501937866211e+00 -2.423659563064575195e+00 3.852306842803955078e+00 5.975438356399536133e-01 -3.883711397647857666e-01 -7.335631549358367920e-02 3.729851007461547852e+00 -3.383685588836669922e+00
4.489363479614257812e+01 1.675370788574218750e+01 -8.718256950378417969e+00 -1.023113441467285156e+01 5.567848682403564453e+00 1.170820617675781250e+01 -8.897187232971191406e+00 -6.199176788330078125e+00 -1.701431751251220703e+00 -2.568797349929809570e+00 -2.536291122436523438e+00 -4.252414703369140625e+00 3.491810262203216553e-01 -2.529607713222503662e-01 4.822663784027099609e+00 3.092908859252929688e+00 -9.705079793930053711e-01 -1.450874328613281250e+00 1.111636638641357422e+01 1.647241711616516113e+00 3.373948112130165100e-02 -2.377293586730957031e+00 -3.990491867065429688e+00 1.104521393775939941e+00 -1.965907096862792969e+00 4.152499735355377197e-01 -3.939602375030517578e+00 4.241623878479003906e+00 3.728508234024047852e+00 -3.078664302825927734e+00 -1.434174180030822754e+00 5.238220095634460449e-01 -4.902032375335693359e+00 9.403172492980957031e+00 -2.115481853485107422e+00 5.469893217086791992e-01 5.230031967163085938e+00 3.021888494491577148e+00 -3.177369594573974609e+00 -9.727975130081176758e-01 -2.781870603561401367e+00 -3.312716007232666016e+00 2.665782451629638672e+00 -1.331879138946533203e+00 4.296620845794677734e+00 6.358022212982177734e+00 1.769397139549255371e+00 1.903054714202880859e+00 4.210414886474609375e+00 2.801761388778686523e+00 -6.808471202850341797e+00 -4.799119949340820312e+00 -3.991702318191528320e+00 1.159887123107910156e+01 5.838588714599609375e+00 -9.556536674499511719e+00 -1.503178358078002930e+00 3.055804014205932617e+00 4.143034934997558594e+00 -7.515092194080352783e-02 4.633477210998535156e+00 3.115776300430297852e+00 3.600142240524291992e+00 -1.769275665283203125e+00 -3.197228908538818359e+00 3.140345573425292969e+00 -3.639999389648437500e+00 2.495031595230102539e+00 1.504389345645904541e-01 -2.290729045867919922e+00 2.697488307952880859e+00 -1.626420497894287109e+00 3.455376625061035156e+00 -2.425523042678833008e+00 9.881422042846679688e+00 3.735192298889160156e+00 -2.455445379018783569e-01 1.584158301353454590e+00 -1.733761548995971680e+00 -6.207275390625000000e+00 -3.054233789443969727e+00 1.816400527954101562e+00 3.044258356094360352e+00 3.630186080932617188e+00 -2.156850337982177734e+00 -1.799114227294921875e+00 -7.200549244880676270e-01 3.654131174087524414e+00 1.259482383728027344e+00 2.932485818862915039e+00 7.684809565544128418e-01 -2.121322870254516602e+00 -1.564272522926330566e+00 -4.011283218860626221e-01 -4.878470003604888916e-01 5.165131568908691406e+00 2.734738588333129883e+00 1.253320425748825073e-01 -4.139262199401855469e+00 1.545986533164978027e+00
5.105678176879882812e+01 -2.765993595123291016e+00 6.250533103942871094e+00 -3.275060892105102539e+00 6.559714794158935547e+00 9.257891178131103516e-01 -1.250659465789794922e+01 -2.605412721633911133e+00 -7.278614640235900879e-01 3.617500066757202148e+00 -2.497804880142211914e+00 1.431202411651611328e+00 3.265327453613281250e+00 1.872665762901306152e+00 2.229512691497802734e+00 -4.460995495319366455e-01 5.289021015167236328e+00 -5.103220462799072266e+00 -5.950159430503845215e-01 2.251323461532592773e+00 1.798747181892395020e+00 1.932761430740356445e+00 2.326020956039428711e+00 -1.208117961883544922e+00 -4.823412895202636719e+00 2.543080329895019531e+00 -1.891145348548889160e+00 -1.852295160293579102e+00 -5.334638595581054688e+00 -5.887804985046386719e+00 -7.823708057403564453e+00 -4.361546039581298828e+00 -5.137424945831298828e+00 1.116037070751190186e-01 -1.676167488098144531e+00 -1.104599356651306152e+00 -8.415269255638122559e-01 -6.276641845703125000e+00 -4.114432811737060547e+00 5.005100727081298828e+00 3.791508376598358154e-01 6.887831687927246094e-01 -1.060979604721069336e+00 -1.322768330574035645e+00 9.043420553207397461e-01 4.326717376708984375e+00 -2.622905492782592773e+00 3.010028600692749023e+00 4.655431747436523438e+00 1.044569611549377441e+00 -5.705265998840332031e+00 -2.004034280776977539e+00 3.487055778503417969e+00 -5.495084762573242188e+00 4.077551364898681641e+00 -3.155014991760253906e+00 1.984452843666076660e+00 -4.723621845245361328e+00 -1.947252154350280762e-01 -3.180976629257202148e+00 -3.077566325664520264e-01 3.316770493984222412e-01 -4.662686884403228760e-01 -2.234467029571533203e+00 -6.564658284187316895e-01 8.218424320220947266e-01 2.845439672470092773e+00 -2.015830278396606445e+00 2.996917724609375000e+00 6.204084679484367371e-02 -3.412554264068603516e+00 -4.700147151947021484e+00 -1.847875595092773438e+00 -4.415697097778320312e+00 -3.115898132324218750e+00 1.158374428749084473e+00 -2.448550939559936523e+00 -2.149280548095703125e+00 -2.569291830062866211e+00 2.737108469009399414e+00 -5.305607914924621582e-01 -1.324808597564697266e+00 5.894365906715393066e-01 3.912889719009399414e+00 2.417441755533218384e-01 -2.297571659088134766e+00 -2.808266878128051758e-01 -2.837281465530395508e+00 -1.488365888595581055e+00 -4.470592975616455078e+00 1.652570486068725586e+00 -4.081983089447021484e+00 -8.385695815086364746e-01 3.219203233718872070e+00 4.308683872222900391e+00 6.963157176971435547e+00 5.476101636886596680e-01 -1.569724828004837036e-01 -6.117326736450195312e+00 2.523601531982421875e+00
5.126904678344726562e+01 1.059299373626708984e+01 -9.363663673400878906e+00 -5.470515251159667969e+00 -1.411905527114868164e+00 1.482755839824676514e-01 -6.420942306518554688e+00 4.192625284194946289e-01 3.083697795867919922e+00 7.254400253295898438e-01 -5.606693267822265625e+00 2.155785083770751953e+00 3.216518640518188477e+00 -2.183789014816284180e+00 -2.386133819818496704e-01 3.146338462829589844e-01 -1.936565279960632324e+00 5.506966710090637207e-01 1.034166216850280762e+00 5.110159873962402344e+00 1.490032076835632324e+00 -1.015340566635131836e+00 6.048602461814880371e-01 4.469488620758056641e+00 -4.409703254699707031e+00 1.103554010391235352e+00 1.148091554641723633e+00 -3.882335662841796875e+00 -2.130203843116760254e-01 -9.635894298553466797e-01 -2.221800088882446289e+00 3.369910120964050293e-01 -1.399495154619216919e-01 6.662145614624023438e+00 3.530809164047241211e+00 1.260738372802734375e+00 5.607711791992187500e+00 3.394546508789062500e+00 -1.475784301757812500e+00 -1.528069257736206055e+00 7.929608225822448730e-01 -2.765204191207885742e+00 9.195963740348815918e-01 -4.783954143524169922e+00 7.273631095886230469e-01 -5.455531597137451172e+00 4.258147716522216797e+00 -2.394092798233032227e+00 -1.427179455757141113e+00 -3.684130430221557617e+00 -3.159516572952270508e+00 2.730358362197875977e+00 1.152552366256713867e+00 -8.142321109771728516e-01 2.355334997177124023e+00 -1.601085186004638672e+00 2.724297761917114258e+00 -2.787417650222778320e+00 2.660331726074218750e+00 -5.913654804229736328e+00 1.615152955055236816e+00 3.420935630798339844e+00 3.399309873580932617e+00 -1.733934998512268066e+00 5.423659086227416992e-01 -5.115790963172912598e-01 -7.083539485931396484e+00 -5.809008479118347168e-01 2.989994287490844727e+00 -2.466987669467926025e-01 1.465953707695007324e+00 2.533010005950927734e+00 5.933021306991577148e-01 -5.909290313720703125e+00 -2.907666265964508057e-01 -3.622760534286499023e+00 4.557802200317382812e+00 -3.452439904212951660e-01 6.172252893447875977e-01 5.404655933380126953e-01 3.372424840927124023e+00 -2.724861145019531250e+00 4.729434967041015625e+00 1.318613767623901367e+00 2.499548673629760742e+00 -2.704321384429931641e+00 3.307577595114707947e-02 -3.391649007797241211e+00 1.350197196006774902e+00 -2.945800542831420898e+00 5.561983585357666016e-01 -2.842069625854492188e+00 1.159055948257446289e+00 -1.345132350921630859e+00 3.110235929489135742e+00 5.171391963958740234e-01 9.529685974121093750e-01 -9.614863991737365723e-01 -1.944752454757690430e+00 1.208786487579345703e+00
5.173616027832031250e+01 2.094309425354003906e+01 -5.131930828094482422e+00 -8.179312705993652344e+00 7.671018242835998535e-01 1.505136728286743164e+00 -7.051572322845458984e+00 5.074864625930786133e-01 7.821836948394775391e+00 3.167963504791259766e+00 -7.920724391937255859e+00 4.481463909149169922e+00 5.279591083526611328e+00 -1.952592253684997559e+00 -8.733471632003784180e-01 -5.274260044097900391e+00 3.112053632736206055e+00 -1.793837547302246094e+00 3.974212110042572021e-01 3.336268424987792969e+00 9.760150909423828125e-01 -1.054556608200073242e+00 -3.045156598091125488e-01 6.538693904876708984e+00 3.237531185150146484e-01 9.856860041618347168e-01 -1.292088270187377930e+00 -7.296397089958190918e-01 -2.160074710845947266e+00 -1.562341928482055664e+00 9.088737368583679199e-01 1.850008249282836914e+00 -1.399383425712585449e+00 4.970188736915588379e-01 -1.768925309181213379e+00 -2.540552616119384766e+00 1.633007764816284180e+00 2.456062793731689453e+00 1.341176152229309082e+00 -3.315074920654296875e+00 -3.100514888763427734e+00 -1.949211955070495605e+00 -5.374067425727844238e-01 -3.572535276412963867e+00 4.382674694061279297e+00 -2.527931690216064453e+00 -1.498537302017211914e+00 -9.055159687995910645e-01 1.646515727043151855e-02 6.365467905998229980e-01 3.886614561080932617e+00 -1.274174213409423828e+00 2.621168375015258789e+00 5.984951276332139969e-03 -5.078672885894775391e+00 -5.904846191406250000e-01 1.101528167724609375e+00 1.533884406089782715e-01 -1.749632477760314941e+00 -1.374734520912170410e+00 1.134100675582885742e+00 1.270657658576965332e+00 1.612475275993347168e+00 -3.855227470397949219e+00 -3.097143471240997314e-01 -3.967628479003906250e+00 -1.513651251792907715e+00 -1.901377923786640167e-03 7.779284119606018066e-01 -8.899414539337158203e-01 -1.109494924545288086e+00 2.528169393539428711e+00 -2.708231449127197266e+00 -9.049831032752990723e-01 3.985625982284545898e+00 -6.054559230804443359e+00 1.514926195144653320e+00 -6.408309936523437500e+00 1.813245296478271484e+00 5.631066322326660156e+00 -1.215685904026031494e-01 2.986011505126953125e+00 -3.144310474395751953e+00 2.462515115737915039e+00 1.709818601608276367e+00 -4.727383136749267578e+00 7.398763656616210938e+00 -2.030334472656250000e+00 -8.491849899291992188e-01 -1.705978989601135254e+00 -5.404972076416015625e+00 -3.176765441894531250e+00 -2.732482552528381348e-01 -9.848386049270629883e-01 4.779363632202148438e+00 -4.100980758666992188e-01 -3.097767114639282227e+00 2.237619876861572266e+00 -1.892527580261230469e+00 -1.364263057708740234e+00
3.862879943847656250e+01 6.995372295379638672e+00 -1.498784828186035156e+01 4.189358055591583252e-01 -9.342964172363281250e+00 2.149041175842285156e+00 -2.281061649322509766e+00 1.269345641136169434e+00 2.715868473052978516e+00 -1.051334738731384277e+00 1.700403690338134766e+00 -3.429945230484008789e+00 1.129991769790649414e+00 2.070740222930908203e+00 8.075292706489562988e-01 -1.209902644157409668e+00 2.415967226028442383e+00 -3.173497915267944336e-01 -1.472585320472717285e+00 -3.254712581634521484e+00 1.048770546913146973e+00 -3.716256856918334961e+00 -9.585091471672058105e-01 -3.054111957550048828e+00 -3.895951807498931885e-01 4.553092479705810547e+00 2.651355504989624023e+00 -5.692737579345703125e+00 -2.332042306661605835e-01 -1.522994339466094971e-01 -3.724461317062377930e+00 -3.253808975219726562e+00 -3.154592514038085938e+00 3.856588125228881836e+00 1.782176136970520020e+00 7.786672592163085938e+00 -2.455675363540649414e+00 7.979225516319274902e-01 -3.860450029373168945e+00 -3.193671941757202148e+00 5.129174590110778809e-01 1.902650713920593262e+00 2.409946203231811523e+00 -2.152158737182617188e+00 3.360420227050781250e+00 -4.788607120513916016e+00 1.433176755905151367e+00 -2.090540170669555664e+00 -1.031539961695671082e-01 -3.019767999649047852e+00 3.223826169967651367e+00 6.415653705596923828e+00 -7.667348533868789673e-02 1.613511919975280762e+00 5.272803783416748047e+00 1.064768791198730469e+00 4.687891960144042969e+00 -2.888196706771850586e+00 1.335488200187683105e+00 -1.292464733123779297e+00 9.671304225921630859e-01 -3.999932050704956055e+00 5.337864875793457031e+00 5.153091907501220703e+00 2.086451292037963867e+00 -7.146832942962646484e-01 -3.086990594863891602e+00 4.000942230224609375e+00 4.348901748657226562e+00 2.784417390823364258e+00 -3.118093013763427734e+00 -1.423785448074340820e+00 -1.735915303230285645e+00 -1.309059977531433105e+00 1.122646570205688477e+00 -3.253151178359985352e+00 1.423001885414123535e-01 -2.775324583053588867e+00 7.207234501838684082e-01 -3.857569456100463867e+00 5.864287614822387695e-01 4.211814403533935547e+00 4.039227008819580078e+00 -5.697839736938476562e+00 1.159601092338562012e+00 -3.145110368728637695e+00 -1.398386597633361816e+00 -2.824730396270751953e+00 4.431899189949035645e-01 3.439973592758178711e+00 -2.526962012052536011e-02 4.778930246829986572e-01 3.734688043594360352e+00 5.333556532859802246e-01 -5.692715644836425781e-01 1.943153142929077148e+00 2.529544830322265625e-01 -5.279685854911804199e-01 1.316039919853210449e+00 3.017270565032958984e+00
4.393324279785156250e+01 1.389446640014648438e+01 -1.541827392578125000e+01 -5.521819591522216797e+00 4.102368354797363281e+00 9.140730857849121094e+00 -2.549632549285888672e+00 2.715754270553588867e+00 5.808359622955322266e+00 2.820020914077758789e+00 4.108582496643066406e+00 -2.214920282363891602e+00 -1.238892912864685059e+00 -4.599843025207519531e+00 2.877884149551391602e+00 2.604088306427001953e+00 -4.465880870819091797e+00 -5.280322074890136719e+00 -4.376908779144287109e+00 3.354289293289184570e+00 2.194280624389648438e+00 -2.018744707107543945e+00 -4.908349990844726562e+00 1.968595981597900391e+00 6.763426303863525391e+00 6.955710649490356445e-01 8.807514905929565430e-01 6.194610595703125000e+00 -5.030761241912841797e+00 8.300488591194152832e-01 -1.851855397224426270e+00 5.876706838607788086e-01 1.690891742706298828e+00 1.790854036808013916e-01 1.623347282409667969e+00 1.802364289760589600e-01 -1.703438997268676758e+00 1.201980948448181152e+00 1.255798339843750000e+00 -2.946010828018188477e+00 4.229980468750000000e+00 -4.573313713073730469e+00 1.725638628005981445e+00 5.448585510253906250e+00 6.644500255584716797e+00 -5.490967750549316406e+00 -4.772028923034667969e-01 2.643009901046752930e+00 6.430187821388244629e-01 -4.503321647644042969e+00 -8.587585687637329102e-01 3.280747413635253906e+00 1.494343876838684082e+00 1.212861895561218262e+00 3.714256525039672852e+00 -3.042786121368408203e+00 4.798849582672119141e+00 -7.121656537055969238e-01 3.154356479644775391e+00 -4.637358337640762329e-02 -1.062962293624877930e+00 -3.083268165588378906e+00 1.846842467784881592e-01 -3.039111852645874023e+00 1.582570910453796387e+00 1.873843789100646973e+00 -7.343574762344360352e-01 -5.034194946289062500e+00 -7.959940433502197266e-01 3.735129833221435547e-01 -1.916495084762573242e+00 1.863627552986145020e+00 -2.670311033725738525e-01 -6.179036498069763184e-01 4.662166118621826172e+00 -2.245617955923080444e-01 3.166874885559082031e+00 1.870429396629333496e+00 2.924206972122192383e+00 1.202604174613952637e+00 -2.482404261827468872e-01 -1.023725509643554688e+00 1.434639573097229004e+00 2.942435979843139648e+00 -7.598392963409423828e-01 -1.997064054012298584e-01 2.272945880889892578e+00 -1.412384986877441406e+00 -4.591362774372100830e-01 -4.623724460601806641e+00 2.716556310653686523e+00 4.869289875030517578e+00 -2.244804620742797852e+00 -1.353519320487976074e+00 -3.016349315643310547e+00 1.783885955810546875e+00 1.056266188621520996e+00 2.266216039657592773e+00 -5.015060424804687500e+00 -1.401389122009277344e+00
5.167145156860351562e+01 1.646805953979492188e+01 -7.996464967727661133e-01 -3.028081417083740234e+00 -8.126558303833007812e+00 -1.522710323333740234e+00 -3.469357967376708984e+00 -1.371820211410522461e+00 4.916320800781250000e+00 3.576693534851074219e+00 -1.778511047363281250e+00 3.479470252990722656e+00 6.283181190490722656e+00 1.012619376182556152e+00 -3.083531856536865234e+00 -1.775159835815429688e+00 5.400737762451171875e+00 2.348429203033447266e+00 1.171579599380493164e+00 2.702056169509887695e+00 2.141838788986206055e+00 -2.147828817367553711e+00 -6.195776537060737610e-02 5.083203792572021484e+00 1.977097511291503906e+00 -3.790234804153442383e+00 1.093807443976402283e-01 -4.890794754028320312e+00 -7.618803977966308594e-01 -5.406432628631591797e+00 7.673928141593933105e-01 -6.627438068389892578e-01 3.430804729461669922e+00 2.245686292648315430e+00 -1.023075699806213379e+00 3.612338304519653320e+00 2.068600654602050781e+00 -2.021417617797851562e+00 -1.746354460716247559e+00 3.155621528625488281e+00 3.369785547256469727e+00 -2.878733277320861816e-01 -9.472139477729797363e-01 1.639234647154808044e-02 -4.908513069152832031e+00 1.398903727531433105e+00 -2.318547725677490234e+00 4.242434024810791016e+00 8.789930343627929688e-01 5.469318628311157227e-01 -9.047427177429199219e+00 2.165921777486801147e-01 5.437500953674316406e+00 2.177575349807739258e+00 4.939738750457763672e+00 3.143035888671875000e+00 -1.132387042045593262e+00 -4.529774487018585205e-01 -1.289295077323913574e+00 -1.593462944030761719e+00 3.591061592102050781e+00 -2.178698629140853882e-01 -4.401066303253173828e+00 -4.615933418273925781e+00 5.397255420684814453e+00 -7.225432991981506348e-01 -6.784858107566833496e-01 2.950395345687866211e-01 -4.750413075089454651e-02 1.013922691345214844e+00 2.472243309020996094e+00 -3.776159524917602539e+00 -1.393465280532836914e+00 -3.422217607498168945e+00 7.289535522460937500e+00 -6.252470016479492188e+00 -6.728851199150085449e-01 -3.303650856018066406e+00 -5.699842572212219238e-01 -4.977708339691162109e+00 1.235411524772644043e+00 2.521835863590240479e-01 -2.982558727264404297e+00 4.504380702972412109e+00 -3.125824451446533203e+00 -1.729319334030151367e+00 -1.375582695007324219e+00 6.666255593299865723e-01 9.078323841094970703e-01 -2.082465171813964844e+00 2.090003252029418945e+00 -1.549194097518920898e+00 6.461610794067382812e-01 1.765315294265747070e+00 1.702581167221069336e+00 -4.434061527252197266e+00 -5.850149393081665039e-01 9.014480710029602051e-01 5.533432364463806152e-01 -1.514265388250350952e-01
4.586331176757812500e+01 1.617420959472656250e+01 -1.092488384246826172e+01 -4.108824729919433594e+00 -8.723613739013671875e+00 3.973026990890502930e+00 -3.592383489012718201e-02 -2.393088579177856445e+00 -2.878628253936767578e+00 -2.028196096420288086e+00 8.188787698745727539e-01 -4.450958728790283203e+00 -1.788468837738037109e+00 -4.627424776554107666e-01 1.641661643981933594e+00 -6.289676427841186523e-01 8.695705533027648926e-01 6.485372781753540039e-01 4.760756015777587891e+00 4.479358673095703125e+00 3.237324714660644531e+00 -3.806162595748901367e+00 5.996412038803100586e-01 2.258107662200927734e+00 3.402519941329956055e+00 2.037182450294494629e-01 -1.954224228858947754e+00 -1.889305561780929565e-02 -3.147892057895660400e-01 -2.532118082046508789e+00 7.467107772827148438e+00 4.708868980407714844e+00 3.488121509552001953e+00 -8.831377625465393066e-01 4.166600227355957031e+00 3.917538002133369446e-02 1.577602028846740723e+00 5.805489540100097656e+00 -5.199227333068847656e+00 -4.948669970035552979e-01 1.313506364822387695e-01 -2.185985803604125977e+00 -1.702988624572753906e+00 4.564780294895172119e-01 -4.952962398529052734e-01 -4.459106922149658203e+00 2.187612950801849365e-01 7.815992832183837891e-01 -1.847846865653991699e+00 -5.995915889739990234e+00 4.768688678741455078e+00 2.217001438140869141e+00 -2.563288450241088867e+00 -3.480612993240356445e+00 3.184159517288208008e+00 1.980919957160949707e+00 4.836380183696746826e-01 5.039591193199157715e-01 -8.054366335272789001e-03 2.766709566116333008e+00 -4.296228885650634766e-01 1.148105263710021973e+00 -1.206344604492187500e+00 -4.886720657348632812e+00 3.510394811630249023e+00 -2.522788763046264648e+00 -4.043384790420532227e-01 -6.591475009918212891e+00 4.301512718200683594e+00 1.015050530433654785e+00 -6.962410926818847656e+00 3.146407842636108398e+00 9.748483300209045410e-01 -2.340785264968872070e+00 1.280517578125000000e-01 -2.215916156768798828e+00 1.048187851905822754e+00 -1.540208458900451660e+00 2.910679578781127930e-01 -2.135530710220336914e+00 -1.806926488876342773e+00 1.466510295867919922e+00 4.547178000211715698e-02 1.689569711685180664e+00 -8.813389539718627930e-01 5.657415390014648438e+00 -4.438429355621337891e+00 -1.207398653030395508e+00 3.463626205921173096e-01 7.951201498508453369e-02 -2.416423082351684570e+00 4.618079662322998047e+00 1.902807831764221191e+00 1.815912008285522461e+00 2.215029954910278320e+00 -3.709298133850097656e+00 -3.695592880249023438e-01 7.884484291076660156e+00 -4.737688541412353516e+00 1.270678758621215820e+00
5.559885787963867188e+01 1.179767894744873047e+01 -5.792524337768554688e+00 -7.162531375885009766e+00 2.890452146530151367e-01 3.410590887069702148e+00 -1.379567432403564453e+01 6.906708478927612305e-01 3.956970453262329102e+00 2.129384279251098633e+00 -2.490516424179077148e+00 -3.074549697339534760e-02 7.584508419036865234e+00 4.928886890411376953e-01 -3.375473737716674805e+00 -1.408615469932556152e+00 8.264366984367370605e-01 -7.681847214698791504e-01 7.416840553283691406e+00 -1.220007658004760742e+00 -2.587790727615356445e+00 -8.138110637664794922e-01 -4.351343154907226562e+00 2.962702751159667969e+00 9.056770205497741699e-01 4.656876564025878906e+00 -6.686628460884094238e-01 -1.928088188171386719e+00 -2.644155502319335938e+00 -1.686684846878051758e+00 -7.210858821868896484e+00 1.339014410972595215e+00 1.714953064918518066e+00 -1.342882156372070312e+00 -3.097965955734252930e+00 2.792536973953247070e+00 6.885560035705566406e+00 -2.582738161087036133e+00 -3.314217805862426758e+00 1.592051982879638672e+00 2.497442483901977539e+00 1.082552552223205566e+00 -1.656916737556457520e+00 -6.276240199804306030e-02 4.632434368133544922e+00 -3.221290409564971924e-01 -5.880834460258483887e-01 3.439026594161987305e+00 -1.390144824981689453e+00 -3.019597768783569336e+00 -3.542509794235229492e+00 -3.982030630111694336e+00 -4.378193020820617676e-01 4.809688568115234375e+00 -1.466043353080749512e+00 -3.013095378875732422e+00 3.106625795364379883e+00 1.967125296592712402e+00 -1.839939594268798828e+00 -1.208662748336791992e+00 -1.540320180356502533e-02 -2.199715375900268555e-01 -4.349052608013153076e-01 -9.001188278198242188e-01 5.909554958343505859e+00 -6.627513408660888672e+00 2.407122373580932617e+00 1.568449586629867554e-01 -5.823571681976318359e-01 -1.790300846099853516e+00 2.064324855804443359e+00 -1.527988910675048828e+00 7.448592185974121094e-01 -2.028316974639892578e+00 -1.187719106674194336e-01 -4.258186817169189453e+00 2.603970170021057129e-01 -1.368349671363830566e+00 2.007290124893188477e+00 -2.307910680770874023e+00 -2.706881523132324219e+00 9.746256470680236816e-01 3.437219381332397461e+00 3.035649061203002930e+00 6.426336288452148438e+00 -3.818573713302612305e+00 1.516495108604431152e+00 3.167562246322631836e+00 -3.091726303100585938e+00 -4.059845447540283203e+00 3.420479774475097656e+00 -1.616477370262145996e+00 -7.837967872619628906e+00 2.827621459960937500e+00 -2.104464769363403320e+00 2.084628105163574219e+00 4.396066188812255859e+00 5.468528747558593750e+00 -2.720189094543457031e-01 -5.074988842010498047e+00
4.966769409179687500e+01 1.597154617309570312e+01 1.530489511787891388e-02 -7.740607261657714844e+00 5.376289367675781250e+00 2.308319807052612305e+00 -4.335194110870361328e+00 1.720667958259582520e+00 1.861560106277465820e+00 -1.743816584348678589e-01 4.494469642639160156e+00 1.505864977836608887e+00 2.603582382202148438e+00 -1.489221692085266113e+00 -8.158420324325561523e-01 -1.272699952125549316e+00 -1.329889178276062012e+00 6.067638874053955078e+00 1.030347228050231934e+00 5.283215045928955078e+00 7.637298107147216797e+00 -4.005637764930725098e-01 -3.964377403259277344e+00 7.565744519233703613e-01 3.466333627700805664e+00 -9.985082745552062988e-01 -2.120254039764404297e+00 -1.114353418350219727e+00 -5.530604839324951172e+00 4.395949363708496094e+00 2.296594381332397461e-01 3.617887020111083984e+00 -2.311842203140258789e+00 2.100456953048706055e+00 -1.381027340888977051e+00 1.751392126083374023e+00 1.277161836624145508e+00 -9.045808315277099609e-01 2.051212787628173828e+00 1.850991606712341309e+00 3.636171817779541016e+00 2.105709314346313477e+00 1.170224905014038086e+00 4.357185840606689453e+00 2.086341857910156250e+00 5.078960895538330078e+00 6.866055965423583984e+00 -2.615340232849121094e+00 -1.663549900054931641e+00 -6.425598144531250000e+00 -2.356686592102050781e+00 -3.152717828750610352e+00 -7.120725512504577637e-01 -6.048143863677978516e+00 1.166513085365295410e+00 2.221818566322326660e-01 -1.076906681060791016e+00 8.282214999198913574e-01 -2.378717422485351562e+00 3.324509382247924805e+00 -2.606940083205699921e-02 -8.372083306312561035e-02 8.185542821884155273e-01 -3.241358757019042969e+00 -5.316734910011291504e-01 -2.527855336666107178e-01 -2.660950422286987305e-01 -9.416766166687011719e-01 4.534543752670288086e-01 -2.823688983917236328e+00 9.532265067100524902e-01 -2.854719638824462891e+00 6.390690326690673828e+00 -2.103950262069702148e+00 -8.629809617996215820e-01 4.419166088104248047e+00 2.373036861419677734e+00 -2.681052207946777344e+00 -4.578800678253173828e+00 1.187919855117797852e+00 -2.229051351547241211e+00 6.248448491096496582e-01 -5.986683368682861328e-01 -9.399503469467163086e-02 3.623353958129882812e+00 4.185977458953857422e+00 -2.191235303878784180e+00 -1.206365108489990234e+00 -5.348170280456542969e+00 -5.905060291290283203e+00 -2.578146457672119141e-01 5.299726128578186035e-02 4.621465206146240234e+00 -1.599875092506408691e+00 -3.792835772037506104e-01 -2.395411252975463867e+00 4.793224334716796875e+00 8.641537427902221680e-01 -1.574414372444152832e+00 -1.917134284973144531e+00
4.938828659057617188e+01 2.065539550781250000e+01 -7.118687152862548828e+00 -3.302080154418945312e+00 4.157300472259521484e+00 3.664724111557006836e+00 -3.429392814636230469e+00 -2.301726579666137695e+00 6.777890682220458984e+00 3.433030247688293457e-01 5.565228462219238281e+00 1.803427457809448242e+00 -2.674949467182159424e-01 -2.227201223373413086e+00 1.936663627624511719e+00 -1.779232978820800781e+00 7.792284339666366577e-02 2.079495191574096680e+00 -1.434328436851501465e+00 3.659858226776123047e+00 8.107911944389343262e-01 2.775611877441406250e-01 -7.677303552627563477e-01 -4.122230529785156250e+00 5.181614398956298828e+00 -2.860538005828857422e+00 2.333001047372817993e-02 -1.070262074470520020e+00 -2.548867464065551758e-01 2.152940034866333008e+00 -7.026236057281494141e+00 -5.086957812309265137e-01 -4.613365173339843750e+00 1.873902559280395508e+00 2.654208183288574219e+00 8.181991577148437500e+00 -5.837827920913696289e-01 5.074572086334228516e+00 -1.121106624603271484e+00 -1.757378280162811279e-01 2.684127092361450195e-01 -1.871271133422851562e+00 3.404267311096191406e+00 -5.180636048316955566e-01 1.500615715980529785e+00 5.449483394622802734e-01 5.364551067352294922e+00 -6.946581602096557617e-02 4.037920951843261719e+00 -5.356461524963378906e+00 6.237204074859619141e-01 -4.314319133758544922e+00 2.131910324096679688e+00 -1.180814623832702637e+00 -2.178147584199905396e-01 -1.146813631057739258e+00 2.939034223556518555e+00 -1.515396356582641602e+00 -5.554856777191162109e+00 7.077332019805908203e+00 2.513518333435058594e+00 2.594118595123291016e+00 -9.025572538375854492e-01 5.854509472846984863e-01 2.875138998031616211e+00 1.718725085258483887e+00 -2.013245582580566406e+00 7.803445458412170410e-01 -5.688647270202636719e+00 4.307994365692138672e+00 -5.037855148315429688e+00 -4.097099006175994873e-01 -8.962930440902709961e-01 -3.539331912994384766e+00 4.116763114929199219e+00 2.458622217178344727e+00 2.445635080337524414e+00 -3.863448500633239746e-01 3.930276334285736084e-01 2.522021770477294922e+00 -2.370465755462646484e+00 4.556647539138793945e-01 -3.355583429336547852e+00 -9.147334694862365723e-01 -3.325045824050903320e+00 4.266157150268554688e+00 1.617193102836608887e+00 8.352465033531188965e-01 3.904142618179321289e+00 -3.093336343765258789e+00 -3.206902742385864258e+00 -7.066274881362915039e-01 1.973943352699279785e+00 5.544816255569458008e-01 1.731129288673400879e+00 -7.962540388107299805e-01 4.147546291351318359e+00 2.769194841384887695e+00 2.016134500503540039e+00 -1.291280090808868408e-01
4.093935012817382812e+01 1.077159881591796875e+01 -1.327655601501464844e+01 -1.399141192436218262e+00 -9.286063194274902344e+00 6.672874689102172852e-01 4.538767635822296143e-01 9.433432817459106445e-01 7.736236453056335449e-01 -2.355073213577270508e+00 -1.246766805648803711e+00 -2.582611322402954102e+00 -4.147067546844482422e+00 -4.469996690750122070e-01 6.597108364105224609e+00 2.905882120132446289e+00 -5.432830810546875000e+00 2.444836139678955078e+00 4.185047626495361328e+00 -1.037573933601379395e+00 -3.354862928390502930e+00 -2.624878406524658203e+00 2.196324348449707031e+00 2.918889045715332031e+00 8.379778861999511719e+00 -1.831668972969055176e+00 -9.322284698486328125e+00 -1.362833619117736816e+00 1.318038821220397949e+00 -8.134302496910095215e-01 -3.693702220916748047e+00 1.577927350997924805e+00 -2.561333179473876953e+00 4.942623078823089600e-01 2.020033597946166992e+00 2.597957611083984375e+00 -2.931180238723754883e+00 -1.270011305809020996e+00 -5.477169990539550781e+00 -1.577524185180664062e+00 -6.094213724136352539e-01 4.443397998809814453e+00 1.855948686599731445e+00 6.351883411407470703e-01 2.611983060836791992e+00 -6.235993862152099609e+00 -5.818797945976257324e-01 2.325043976306915283e-01 -2.304589986801147461e+00 -2.179217100143432617e+00 2.623238563537597656e+00 3.990858554840087891e+00 2.302772700786590576e-01 4.691742062568664551e-01 -2.368862390518188477e+00 7.459741592407226562e+00 1.494590044021606445e+00 4.203334152698516846e-01 2.714722633361816406e+00 1.763275504112243652e+00 -3.886170864105224609e+00 -4.825436115264892578e+00 1.353542685508728027e+00 -1.950847029685974121e+00 1.760672688484191895e+00 -3.210546493530273438e+00 -4.196450710296630859e+00 -3.990263938903808594e+00 2.418348312377929688e+00 4.052415847778320312e+00 9.479295611381530762e-01 2.271637439727783203e+00 5.455303192138671875e+00 -2.525035142898559570e+00 -1.051756381988525391e+00 -2.753163576126098633e+00 2.910757780075073242e+00 7.018722295761108398e-01 1.455747842788696289e+00 3.662255287170410156e+00 -1.702589988708496094e+00 -1.455687999725341797e+00 -2.575998067855834961e+00 -3.715250015258789062e+00 -2.471419095993041992e+00 -3.089374780654907227e+00 -5.456616878509521484e+00 -4.362986564636230469e+00 -2.539019584655761719e+00 2.294088363647460938e+00 4.135882556438446045e-01 4.632223606109619141e+00 1.341473221778869629e+00 -1.003496885299682617e+00 -2.764882445335388184e-01 6.167677044868469238e-02 6.749062538146972656e-01 1.565322875976562500e+00 -1.525908470153808594e+00 3.737181425094604492e-01
5.008477020263671875e+01 2.354738616943359375e+01 -1.009566974639892578e+01 -8.778150677680969238e-01 -6.381190776824951172e+00 3.670152664184570312e+00 -3.198684692382812500e+00 -4.755052566528320312e+00 -1.833891034126281738e+00 -3.513996362686157227e+00 -5.348215103149414062e+00 1.922011077404022217e-01 2.005454003810882568e-01 -3.039844512939453125e+00 2.571470022201538086e+00 -5.787388801574707031e+00 -5.696142196655273438e+00 1.623766183853149414e+00 9.165862798690795898e-01 7.035809516906738281e+00 -3.850389480590820312e+00 -4.012785911560058594e+00 2.911397218704223633e+00 -2.006322383880615234e+00 -2.137016057968139648e+00 -6.582017421722412109e+00 -2.234739542007446289e+00 2.895403385162353516e+00 8.853315353393554688e+00 -3.147200584411621094e+00 2.614579200744628906e+00 1.051133871078491211e-01 2.324248552322387695e+00 -9.197342395782470703e-01 4.236943721771240234e+00 1.504813432693481445e+00 1.063210248947143555e+00 8.428771972656250000e+00 -7.061901092529296875e+00 1.846420168876647949e+00 5.223701596260070801e-01 4.604810714721679688e+00 -1.238953471183776855e-01 -1.017373502254486084e-01 -1.355368971824645996e+00 3.573790788650512695e+00 -2.558797597885131836e+00 3.966983079910278320e+00 -1.311705708503723145e+00 2.292953729629516602e+00 -4.010509967803955078e+00 -1.358713746070861816e+00 2.543736696243286133e+00 -4.017192840576171875e+00 6.353901624679565430e-01 4.761070907115936279e-01 -3.623566865921020508e+00 -3.424751281738281250e+00 -1.993150234222412109e+00 -3.492912054061889648e+00 -7.925304174423217773e-01 -4.771342277526855469e+00 5.532045364379882812e+00 1.240514591336250305e-01 -3.289376497268676758e+00 -2.797041416168212891e+00 4.787928164005279541e-01 -2.907788038253784180e+00 -6.362459659576416016e-01 -4.372762203216552734e+00 2.210942506790161133e+00 6.047569751739501953e+00 -1.852383255958557129e+00 -6.331938743591308594e+00 -3.958535432815551758e+00 -7.858268737792968750e+00 2.451995849609375000e+00 -3.883578538894653320e+00 -4.375545501708984375e+00 7.248885154724121094e+00 -7.421834468841552734e-01 1.904569149017333984e+00 -5.506088733673095703e+00 3.651227355003356934e-01 -3.222135066986083984e+00 -2.484956979751586914e+00 2.204918146133422852e+00 -1.041383504867553711e+00 -3.264179229736328125e+00 -2.036652863025665283e-01 1.144470214843750000e+00 -1.237957000732421875e+00 3.976267814636230469e+00 -1.027452468872070312e+00 -4.741791248321533203e+00 -1.789519429206848145e+00 1.871455430984497070e+00 1.796857595443725586e+00 -7.005261778831481934e-01 1.641385078430175781e+00
5.350780105590820312e+01 2.111063957214355469e+01 -3.715429544448852539e+00 -5.575378894805908203e+00 4.376908779144287109e+00 3.549101114273071289e+00 -7.272260189056396484e+00 1.137855291366577148e+00 3.070569038391113281e+00 2.923975229263305664e+00 -3.642826557159423828e+00 -5.277421474456787109e+00 6.093173980712890625e+00 -6.646256446838378906e+00 2.793215036392211914e+00 -2.555949211120605469e+00 -2.647821187973022461e+00 2.093647718429565430e+00 4.917474269866943359e+00 9.214958190917968750e+00 -1.439828991889953613e+00 -1.567771315574645996e+00 -2.241073369979858398e+00 -6.356375813484191895e-01 9.297842979431152344e-01 2.394024610519409180e+00 7.006296157836914062e+00 3.938120365142822266e+00 4.349011421203613281e+00 2.325480431318283081e-01 3.157036066055297852e+00 -1.639924526214599609e+00 3.860187053680419922e+00 -1.864385128021240234e+00 -2.972884893417358398e+00 -5.011276006698608398e-01 1.777222037315368652e+00 6.667048454284667969e+00 3.085984945297241211e+00 -3.374383211135864258e+00 -5.299513816833496094e+00 -1.427630782127380371e+00 -7.557909011840820312e+00 4.703273773193359375e-01 2.874619722366333008e+00 3.273101091384887695e+00 -2.605246067047119141e+00 -2.864596128463745117e+00 -4.348768234252929688e+00 -3.622500181198120117e+00 -8.906455636024475098e-01 2.678696811199188232e-01 4.558238983154296875e-01 -2.232428312301635742e+00 -1.447633624076843262e+00 -5.868112087249755859e+00 -2.369277477264404297e+00 1.140068769454956055e+00 -6.106354713439941406e+00 1.822360157966613770e+00 -5.046511650085449219e+00 9.255173206329345703e-01 4.411677837371826172e+00 -9.629839658737182617e-01 1.096040439605712891e+01 -1.269302606582641602e+00 -3.096256494522094727e+00 -1.007479906082153320e+00 -3.988646507263183594e+00 9.520131349563598633e-01 1.450239539146423340e+00 2.597071409225463867e+00 1.589187264442443848e+00 -3.886028230190277100e-01 6.421614170074462891e+00 -3.078651666641235352e+00 4.204869270324707031e-02 4.917469024658203125e+00 4.310318946838378906e+00 -1.323177665472030640e-01 -1.907301902770996094e+00 -7.282728552818298340e-01 1.206373572349548340e+00 3.335849344730377197e-01 -1.646852493286132812e+00 1.882487654685974121e+00 5.030718326568603516e+00 -3.215727329254150391e+00 -1.811054110527038574e+00 8.806754350662231445e-01 -2.091669797897338867e+00 4.212472438812255859e+00 2.983169078826904297e+00 -2.604137182235717773e+00 2.029651641845703125e+00 1.641786575317382812e+00 -2.251533269882202148e-01 -5.945259094238281250e+00 -2.608031511306762695e+00 3.534628152847290039e+00
4.553187179565429688e+01 1.650253486633300781e+01 -1.374260044097900391e+01 -6.291545867919921875e+00 -1.264007806777954102e+00 6.567005634307861328e+00 -5.298938751220703125e+00 5.868264436721801758e-01 4.119517803192138672e+00 1.726668953895568848e+00 -2.966070413589477539e+00 -5.774547576904296875e+00 3.471982240676879883e+00 2.423422098159790039e+00 1.909345269203186035e+00 2.347355127334594727e+00 1.685081720352172852e-01 7.844099998474121094e+00 2.227021694183349609e+00 -2.174567461013793945e+00 5.437412858009338379e-01 3.932098388671875000e+00 1.038136839866638184e+00 -2.115623280405998230e-02 -7.083087563514709473e-01 -1.797497034072875977e+00 2.374211549758911133e+00 -7.605926036834716797e+00 5.932874679565429688e+00 6.115905642509460449e-01 6.587889194488525391e+00 -1.614154219627380371e+00 -1.046401262283325195e+00 4.211691856384277344e+00 1.195555701851844788e-01 -7.226275801658630371e-01 1.841819643974304199e+00 -1.809198617935180664e+00 -3.968238592147827148e+00 -2.681137084960937500e+00 -5.285196304321289062e+00 -5.435990333557128906e+00 3.285632371902465820e+00 -5.715333819389343262e-01 -4.632951259613037109e+00 2.534326791763305664e+00 2.525421231985092163e-02 4.796873569488525391e+00 -1.336929202079772949e+00 2.953139066696166992e+00 6.261949062347412109e+00 -3.351042985916137695e+00 -6.328068375587463379e-01 3.988720655441284180e+00 -6.547905921936035156e+00 1.830574631690979004e+00 -4.442787170410156250e+00 2.229943126440048218e-02 -1.075726270675659180e+00 3.905259609222412109e+00 2.872632980346679688e+00 4.237576007843017578e+00 4.104879125952720642e-02 -4.021813571453094482e-01 2.244586467742919922e+00 2.702264308929443359e+00 2.364295721054077148e+00 -4.473487377166748047e+00 1.576850056648254395e+00 -3.328535079956054688e+00 3.096081972122192383e+00 -1.306917548179626465e+00 -3.544100999832153320e+00 3.882025480270385742e+00 -7.270777821540832520e-01 3.180021762847900391e+00 2.962800979614257812e+00 -2.150344133377075195e+00 -3.061326503753662109e+00 2.152108192443847656e+00 2.312099933624267578e+00 -1.308579206466674805e+00 -3.923089742660522461e+00 -2.035227537155151367e+00 -9.701725244522094727e-01 -6.016763687133789062e+00 7.905014157295227051e-01 1.273724734783172607e-01 4.921637535095214844e+00 -9.308341145515441895e-01 6.884421706199645996e-01 9.292278885841369629e-01 -4.321587383747100830e-01 2.196101903915405273e+00 1.058095917105674744e-01 -1.080256938934326172e+00 -3.878909111022949219e+00 -2.369161605834960938e+00 7.584116458892822266e-01 9.874062538146972656e-01
4.668828582763671875e+01 9.674936294555664062e+00 -6.974595069885253906e+00 -3.051274776458740234e+00 -1.083959579467773438e+01 -8.836514353752136230e-01 -6.754244327545166016e+00 1.930444985628128052e-01 4.929536208510398865e-02 6.070438027381896973e-01 -6.332562446594238281e+00 1.751954793930053711e+00 -4.480277299880981445e-01 -1.042235732078552246e+00 -1.794177144765853882e-01 1.500497698783874512e+00 8.064420819282531738e-01 -1.098574876785278320e+00 2.302329778671264648e+00 -4.290919303894042969e+00 8.610063552856445312e+00 4.326536178588867188e+00 3.631525278091430664e+00 -3.035292625427246094e+00 3.419673919677734375e+00 8.111940622329711914e-01 2.094093084335327148e+00 -1.110873222351074219e+01 4.083886146545410156e+00 -9.184170365333557129e-01 3.017238378524780273e+00 1.273959577083587646e-01 -8.513590693473815918e-01 2.343467473983764648e-01 4.857533872127532959e-01 -7.401033043861389160e-01 -1.894285321235656738e+00 -6.190905094146728516e+00 1.709559202194213867e+00 -1.264922499656677246e+00 7.526862144470214844e+00 2.512526512145996094e+00 -6.533926010131835938e+00 -2.850038766860961914e+00 -1.239489674568176270e+00 3.954883098602294922e+00 -6.612410545349121094e+00 -7.684026360511779785e-01 5.515379309654235840e-01 -1.482700824737548828e+00 -3.271984577178955078e+00 2.417173147201538086e+00 3.141096353530883789e+00 1.228077769279479980e+00 -2.350322723388671875e+00 1.246047973632812500e+00 -4.467216491699218750e+00 2.902771472930908203e+00 -4.752991676330566406e+00 5.634261965751647949e-01 5.741310119628906250e-01 1.141467392444610596e-01 -6.937510490417480469e+00 3.637966156005859375e+00 4.066611766815185547e+00 3.971790313720703125e+00 8.419605493545532227e-01 -2.880034208297729492e+00 2.490216493606567383e+00 -1.380450010299682617e+00 4.127842783927917480e-01 1.132759451866149902e+00 -2.804278135299682617e+00 2.746697366237640381e-01 2.873406171798706055e+00 4.831984519958496094e+00 2.375422239303588867e+00 3.649213314056396484e+00 -2.358138561248779297e+00 -7.057457566261291504e-01 1.088562250137329102e+00 -1.253565549850463867e+00 -7.723958492279052734e-01 -1.973777413368225098e+00 3.219278097152709961e+00 2.968317747116088867e+00 -2.119937419891357422e+00 -1.846013307571411133e+00 5.570128440856933594e+00 -4.117642343044281006e-01 -3.421565055847167969e+00 -1.782956480979919434e+00 -4.805107712745666504e-01 2.943530082702636719e+00 -1.208657860755920410e+00 1.511117696762084961e+00 -3.104986846446990967e-01 2.617060899734497070e+00 3.443357706069946289e+00 -3.296421051025390625e+00
3.764521026611328125e+01 1.047030162811279297e+01 -1.686098098754882812e+01 -6.996874332427978516e+00 -3.965887784957885742e+00 1.948348999023437500e+00 -2.872847020626068115e-01 1.511378645896911621e+00 7.273953437805175781e+00 -5.497632026672363281e-01 2.897018492221832275e-01 -4.479222297668457031e-01 -5.563023090362548828e-01 -4.092832207679748535e-01 2.288936078548431396e-01 -1.302953720092773438e+00 8.262018561363220215e-01 2.522960424423217773e+00 -8.078024387359619141e-01 -6.207056522369384766e+00 4.372341156005859375e+00 -8.567641258239746094e+00 -7.997812747955322266e+00 -1.751520872116088867e+00 1.711792230606079102e+00 -3.790283441543579102e+00 -3.758284807205200195e+00 3.557564318180084229e-01 -1.126809835433959961e+00 4.576512336730957031e+00 -1.893925309181213379e+00 6.416566848754882812e+00 1.844183564186096191e+00 -2.551465988159179688e+00 -3.741928339004516602e+00 1.278835535049438477e+00 -9.310415387153625488e-01 1.303036332130432129e+00 2.655636548995971680e+00 -1.151737093925476074e+00 1.888682484626770020e+00 7.439157962799072266e-01 1.066400185227394104e-01 2.709007263183593750e+00 2.435883998870849609e+00 -2.727009296417236328e+00 -2.201375663280487061e-01 -3.357855558395385742e+00 -4.027795314788818359e+00 -1.416064143180847168e+00 -1.655548691749572754e+00 4.698193669319152832e-01 -1.811220645904541016e+00 9.637084007263183594e-01 -4.126973628997802734e+00 4.896934986114501953e+00 4.450592994689941406e-01 5.773200511932373047e+00 -2.558682441711425781e+00 -5.280255675315856934e-01 -8.515259027481079102e-01 -1.944559454917907715e+00 1.674347519874572754e+00 -3.720441162586212158e-01 -3.957081735134124756e-01 -1.004918336868286133e+00 -4.122773647308349609e+00 -3.890484571456909180e+00 1.723267138004302979e-01 -2.831624507904052734e+00 3.639125347137451172e+00 -2.317229986190795898e+00 -6.328048229217529297e+00 2.568030834197998047e+00 6.910951137542724609e+00 -2.339910984039306641e+00 3.501464366912841797e+00 -3.015387952327728271e-01 -5.155008792877197266e+00 3.391601085662841797e+00 6.373861312866210938e+00 -1.548393130302429199e+00 -4.499922692775726318e-01 2.553645610809326172e+00 -5.273835659027099609e+00 -1.272150635719299316e+00 3.516855955123901367e+00 6.130526661872863770e-01 3.804972469806671143e-01 -2.346104860305786133e+00 -2.173043012619018555e+00 2.752193689346313477e+00 -5.212278962135314941e-01 5.533576011657714844e-01 1.165048599243164062e+00 -1.156614065170288086e+00 1.961049556732177734e+00 3.570813834667205811e-01 1.068552255630493164e+00 2.896245479583740234e+00
4.599714660644531250e+01 2.127983665466308594e+01 -1.107069396972656250e+01 -2.754356861114501953e+00 -1.867457926273345947e-01 1.176608562469482422e+01 -6.813700795173645020e-01 -1.224417328834533691e+00 -3.244338929653167725e-01 2.895826697349548340e-01 6.282992362976074219e+00 3.165812730789184570e+00 -4.408331871032714844e+00 -3.256125688552856445e+00 2.086045026779174805e+00 -4.317626953125000000e+00 -6.157666683197021484e+00 9.921844005584716797e-01 -1.269065976142883301e+00 8.438174724578857422e-01 4.230187892913818359e+00 -7.336452603340148926e-02 5.015024185180664062e+00 -5.119615077972412109e+00 -2.228992938995361328e+00 -1.730903267860412598e+00 -1.570729732513427734e+00 -7.664734840393066406e+00 -5.836350321769714355e-01 2.070584297180175781e+00 -2.914957046508789062e+00 3.206851482391357422e+00 -6.301535367965698242e-01 -3.891465663909912109e+00 -2.137622982263565063e-01 7.897332310676574707e-01 1.313751459121704102e+00 4.750474929809570312e+00 5.612996220588684082e-01 2.292158603668212891e+00 -4.041446208953857422e+00 2.283042192459106445e+00 2.158212423324584961e+00 -2.407721519470214844e+00 -1.740946322679519653e-01 3.911591529846191406e+00 1.590622901916503906e+00 -1.969746947288513184e+00 1.255346655845642090e+00 -1.283354163169860840e+00 2.869440317153930664e-01 -1.603225231170654297e+00 1.192292094230651855e+00 1.628864765167236328e+00 -2.876784205436706543e-01 1.130761861801147461e+00 1.625158548355102539e+00 -5.651556015014648438e+00 9.599877148866653442e-02 1.412944674491882324e+00 -2.261312007904052734e+00 -3.726660311222076416e-01 -6.026728630065917969e+00 2.064496994018554688e+00 -7.876724720001220703e+00 2.108392238616943359e+00 -1.814988851547241211e+00 9.442691802978515625e-01 -6.894485473632812500e+00 -2.444689035415649414e+00 3.172661304473876953e+00 1.756345868110656738e+00 4.392665624618530273e-01 2.792642116546630859e+00 -2.855011820793151855e-01 -1.054496169090270996e-01 9.173749089241027832e-01 -1.237909317016601562e+00 3.641137123107910156e+00 2.340817213058471680e+00 -5.548692226409912109e+00 1.064734816551208496e+00 3.162532806396484375e+00 3.995934724807739258e+00 -6.018424034118652344e+00 -3.294255733489990234e+00 8.720123767852783203e-01 -3.918063342571258545e-01 2.362043380737304688e+00 -2.435646772384643555e+00 -2.048055410385131836e+00 -2.889741957187652588e-01 -1.103318691253662109e+00 5.705184936523437500e-01 -5.504918098449707031e+00 -4.961500763893127441e-01 -2.683564424514770508e+00 2.640144348144531250e+00 1.119221329689025879e+00 -3.642726898193359375e+00
5.069753646850585938e+01 1.749047660827636719e+01 -1.240395927429199219e+01 -3.448604583740234375e+00 -1.661258339881896973e+00 6.029254436492919922e+00 -7.708723545074462891e+00 2.367047786712646484e+00 5.824797630310058594e+00 3.661512732505798340e-01 8.827748298645019531e-01 -1.425234556198120117e+00 2.449902534484863281e+00 -4.076484680175781250e+00 -1.449490904808044434e+00 -1.570979118347167969e+00 5.021781444549560547e+00 -3.718011617660522461e+00 2.867972135543823242e+00 -1.029495716094970703e+00 -2.732282876968383789e-01 -2.626574516296386719e+00 9.387784004211425781e-01 5.331334114074707031e+00 3.347385406494140625e+00 2.970566749572753906e+00 3.423902273178100586e+00 1.214573860168457031e+00 -1.138475894927978516e+00 3.108080148696899414e+00 1.195348024368286133e+00 1.364070177078247070e+00 -2.899755001068115234e+00 9.220433235168457031e-01 1.273505210876464844e+00 -3.152068376541137695e+00 8.746151626110076904e-02 -2.545399665832519531e+00 5.380411148071289062e+00 -6.096321105957031250e+00 -7.982488721609115601e-02 -1.512916445732116699e+00 -5.623246669769287109e+00 -3.915107727050781250e+00 5.425228118896484375e+00 4.293783664703369141e+00 9.250344336032867432e-02 -1.028048992156982422e+00 5.552093029022216797e+00 -1.327833980321884155e-01 -2.877542734146118164e+00 -4.745939254760742188e+00 9.710366129875183105e-01 -2.495108842849731445e-01 -2.125844001770019531e+00 -2.914401054382324219e+00 -8.631432533264160156e+00 3.968729078769683838e-01 -1.219901084899902344e+00 8.736586570739746094e-01 2.774745464324951172e+00 -1.735888600349426270e+00 -1.267379045486450195e+00 -8.242303729057312012e-01 3.659378588199615479e-01 -2.548480749130249023e+00 4.846391201019287109e+00 4.150046110153198242e-01 2.045721054077148438e+00 2.922488451004028320e+00 2.327650785446166992e+00 2.825985431671142578e+00 -5.466237664222717285e-01 5.919471979141235352e-01 -1.723261833190917969e+00 3.177735805511474609e+00 -5.638968467712402344e+00 5.898467898368835449e-01 1.270452380180358887e+00 7.742116451263427734e-01 3.152055978775024414e+00 -2.830605745315551758e+00 -1.072091698646545410e+00 1.137391448020935059e+00 -1.144634604454040527e+00 2.253418922424316406e+00 2.927022218704223633e+00 2.957934617996215820e+00 -2.669805526733398438e+00 -1.482299715280532837e-01 -1.396974444389343262e+00 -6.192473173141479492e-01 -2.672704696655273438e+00 1.273838758468627930e+00 -3.131366014480590820e+00 -2.514451026916503906e+00 1.311230897903442383e+00 -1.686393857002258301e+00 -1.480198979377746582e+00 2.179936647415161133e+00
4.951248931884765625e+01 1.670401763916015625e+01 -1.054040145874023438e+01 -2.286846399307250977e+00 -9.508795738220214844e+00 3.520966768264770508e+00 -3.890552759170532227e+00 -4.077535271644592285e-01 4.499429702758789062e+00 5.596194744110107422e+00 -5.062333345413208008e-01 1.087979078292846680e+00 1.792773962020874023e+00 -4.068613052368164062e+00 -3.712886095046997070e+00 -3.030253171920776367e+00 4.966269135475158691e-01 -4.731709003448486328e+00 -4.347541332244873047e+00 1.197169780731201172e+00 -5.166397094726562500e-01 6.051796674728393555e-01 3.081405401229858398e+00 1.990950345993041992e+00 -2.512698650360107422e+00 -1.149452328681945801e+00 1.567508578300476074e-01 -3.181159257888793945e+00 6.068531274795532227e-01 7.565612196922302246e-01 -3.031042814254760742e+00 -4.329668998718261719e+00 1.694987177848815918e+00 -2.258903264999389648e+00 -7.940709590911865234e-01 -2.791296958923339844e+00 3.484862089157104492e+00 -6.990082263946533203e-01 6.414933204650878906e+00 3.322313785552978516e+00 5.276271104812622070e-01 2.730210304260253906e+00 -3.483729839324951172e+00 -2.366249561309814453e+00 1.694030404090881348e+00 1.540688872337341309e+00 1.033194303512573242e+00 5.146788597106933594e+00 -1.810713171958923340e+00 -1.184768080711364746e+00 -5.887407779693603516e+00 -2.337211608886718750e+00 3.414728641510009766e+00 3.465102672576904297e+00 4.039391517639160156e+00 -2.221505641937255859e+00 -3.900192022323608398e+00 -2.160024791955947876e-01 4.595733642578125000e+00 4.619865417480468750e-01 4.302913665771484375e+00 -5.940757393836975098e-01 -1.257820725440979004e+00 2.279940098524093628e-01 6.788389384746551514e-02 1.156755089759826660e+00 5.286495387554168701e-02 1.211378455162048340e+00 8.579581379890441895e-01 -2.212983131408691406e+00 -6.575227379798889160e-01 1.526985168457031250e+00 -3.138190209865570068e-01 1.043853521347045898e+00 -3.656602859497070312e+00 4.181975126266479492e-01 -1.916757702827453613e+00 1.837841033935546875e+00 -9.944000244140625000e-01 -3.459935784339904785e-01 2.082122713327407837e-01 -2.064125776290893555e+00 4.577378749847412109e+00 7.981964349746704102e-01 -3.035829067230224609e+00 2.986598014831542969e+00 3.322546958923339844e+00 3.021148681640625000e+00 -8.781052827835083008e-01 -4.272397041320800781e+00 -1.189167976379394531e+00 -5.220453262329101562e+00 -1.484955072402954102e+00 -1.897682785987854004e+00 5.157932639122009277e-01 -3.314994335174560547e+00 -9.143025279045104980e-01 -5.488048791885375977e-01 -6.096498966217041016e-01 -5.500556945800781250e+00
4.537905883789062500e+01 1.650930404663085938e+01 -1.119808292388916016e+01 -3.273508071899414062e+00 -8.198129653930664062e+00 6.253324747085571289e-01 -3.370731353759765625e+00 1.653570890426635742e+00 -2.066263914108276367e+00 -1.572599172592163086e+00 4.194942474365234375e+00 -8.504720330238342285e-01 4.447106361389160156e+00 1.537884473800659180e+00 2.876775741577148438e+00 -1.010108089447021484e+01 1.114051580429077148e+00 5.038778305053710938e+00 -2.588905096054077148e-01 9.567564129829406738e-01 3.926625549793243408e-01 -4.060082912445068359e+00 -3.145622491836547852e+00 -1.249782919883728027e+00 6.840682029724121094e-01 -3.158315420150756836e+00 -1.268761456012725830e-01 -4.052460789680480957e-01 -3.848419785499572754e-01 -3.102264642715454102e+00 -2.226177215576171875e+00 6.404806971549987793e-01 1.714837908744812012e+00 -7.426682114601135254e-01 2.869776248931884766e+00 -3.192084074020385742e+00 3.161292552947998047e+00 2.000442028045654297e+00 5.067804813385009766e+00 1.158236622810363770e+00 -2.971497297286987305e+00 -2.502236843109130859e+00 3.304198086261749268e-01 -9.583916068077087402e-01 5.547795910388231277e-03 1.543286561965942383e+00 1.464509725570678711e+00 -3.895948171615600586e+00 -1.220673799514770508e+00 -3.347676038742065430e+00 -2.016139984130859375e+00 -1.979951500892639160e+00 1.118854880332946777e+00 1.896284937858581543e+00 -4.878322601318359375e+00 -4.303217887878417969e+00 2.080284833908081055e+00 4.217815101146697998e-01 -1.278661251068115234e+00 3.467553853988647461e+00 -2.232716977596282959e-01 -1.309397518634796143e-01 2.652367830276489258e+00 1.821742057800292969e-01 -2.391349554061889648e+00 1.234672665596008301e+00 -4.901374816894531250e+00 -6.671854853630065918e-01 3.601033926010131836e+00 -7.531111240386962891e+00 5.390125751495361328e+00 1.698392629623413086e-01 -6.291100382804870605e-01 -3.327399492263793945e-01 -3.056652069091796875e+00 1.296912431716918945e+00 -7.588105797767639160e-01 -3.645035505294799805e+00 -2.980904340744018555e+00 2.347012758255004883e+00 2.459600448608398438e+00 -1.855013608932495117e+00 3.509428739547729492e+00 -4.557355880737304688e+00 -1.401616573333740234e+00 3.352565288543701172e+00 6.337305903434753418e-01 2.689393520355224609e+00 -4.116724491119384766e+00 -2.172175645828247070e+00 -6.619874000549316406e+00 -2.126510620117187500e+00 -1.399371862411499023e+00 3.239459753036499023e+00 6.029762744903564453e+00 -3.270541191101074219e+00 -1.291643500328063965e+00 -3.285904824733734131e-01 1.342132210731506348e+00 -3.056234121322631836e+00
4.481620025634765625e+01 2.734772109985351562e+01 -3.545318365097045898e+00 -3.150816917419433594e+00 -6.638304233551025391e+00 5.645134449005126953e+00 -2.932019531726837158e-01 -8.550391197204589844e-01 -6.884431838989257812e-01 4.961226880550384521e-01 4.403695106506347656e+00 7.163804531097412109e+00 1.646632075309753418e+00 -3.009044826030731201e-01 1.527659893035888672e+00 -9.453825950622558594e+00 -4.707537651062011719e+00 1.028789043426513672e+01 -4.539600849151611328e+00 5.012213706970214844e+00 -5.166024684906005859e+00 -1.097819302231073380e-03 -5.609523296356201172e+00 -3.640221834182739258e+00 -3.859538078308105469e+00 3.250900655984878540e-02 -3.556924104690551758e+00 2.944334447383880615e-01 3.000503480434417725e-01 8.158140182495117188e-01 2.551918745040893555e+00 3.159237623214721680e+00 8.881633758544921875e+00 1.755442857742309570e+00 -4.953360259532928467e-01 4.451637268066406250e+00 1.236651062965393066e+00 -3.438148260116577148e+00 -5.888122081756591797e+00 1.609944105148315430e+00 3.417896509170532227e+00 -3.627317428588867188e+00 1.125326827168464661e-01 -3.760319948196411133e+00 2.457198858261108398e+00 4.656023025512695312e+00 -2.675810813903808594e+00 2.095667123794555664e-01 1.109098792076110840e+00 -7.461634278297424316e-01 -3.703588724136352539e+00 -7.598800063133239746e-01 -5.229454040527343750e+00 -4.019288063049316406e+00 1.984964460134506226e-01 2.233084917068481445e+00 3.912050008773803711e+00 -4.507292270660400391e+00 -2.197249650955200195e+00 -3.025426626205444336e+00 1.098477244377136230e+00 -3.207953691482543945e+00 -5.362726211547851562e+00 -1.605613589286804199e+00 -3.767268732190132141e-02 -2.096892356872558594e+00 6.298477649688720703e-01 -7.461842298507690430e-01 3.009358882904052734e+00 -2.561461925506591797e+00 3.047643899917602539e+00 3.367041110992431641e+00 -5.151787400245666504e-01 1.289357185363769531e+00 1.434956312179565430e+00 -3.377784013748168945e+00 -3.916973829269409180e+00 -6.840238094329833984e+00 -1.017728354781866074e-02 -7.198103666305541992e-01 4.844626903533935547e+00 -9.044125080108642578e-01 -1.711529374122619629e+00 -2.911972284317016602e+00 -3.585857629776000977e+00 5.037624016404151917e-02 -5.495002865791320801e-01 -1.198795318603515625e+00 -2.143015861511230469e+00 2.412397146224975586e+00 -1.371353030204772949e+00 1.311435818672180176e+00 -4.178400039672851562e+00 -3.582932710647583008e+00 1.259951829910278320e+00 1.262277126312255859e+00 2.740979194641113281e-01 4.221889019012451172e+00 -1.032745718955993652e+00 2.776004552841186523e+00
4.117678833007812500e+01 3.203695297241210938e+01 1.226271629333496094e+01 -7.831906527280807495e-02 -2.447770118713378906e+00 -3.283704757690429688e+00 1.783259391784667969e+00 1.658296108245849609e+00 2.950239181518554688e+00 3.766646146774291992e+00 5.962080955505371094e-01 8.922592163085937500e+00 -1.205277442932128906e-01 -2.900651693344116211e+00 -8.015709877014160156e+00 -2.774673461914062500e+00 -9.637483596801757812e+00 5.903008460998535156e+00 -2.025997161865234375e+00 4.326397418975830078e+00 -1.230147075653076172e+01 1.013236808776855469e+01 9.904901981353759766e-01 -2.396592855453491211e+00 -7.321200370788574219e+00 4.026436328887939453e+00 3.699665665626525879e-01 4.143915653228759766e+00 8.525018692016601562e+00 -5.159114837646484375e+00 7.619271755218505859e+00 -5.967887639999389648e-01 6.224462985992431641e+00 -9.675910949707031250e+00 3.506162166595458984e+00 2.770474910736083984e+00 1.561737358570098877e-01 -3.821021556854248047e+00 6.714784622192382812e+00 9.459715843200683594e+00 -2.166369259357452393e-01 5.795046329498291016e+00 -3.236282825469970703e+00 4.602599143981933594e+00 9.115722775459289551e-01 3.339423418045043945e+00 -3.069701194763183594e+00 8.166242241859436035e-01 4.180422425270080566e-01 1.264528274536132812e+00 1.534456968307495117e+00 -3.869574546813964844e+00 4.984978675842285156e+00 -3.073711633682250977e+00 -1.720848560333251953e+00 -2.412163019180297852e+00 3.934795379638671875e+00 -7.810993790626525879e-01 2.096859931945800781e+00 5.047476768493652344e+00 4.133206903934478760e-01 -1.284695148468017578e+00 2.042242527008056641e+00 -5.419335365295410156e+00 3.707361221313476562e+00 -5.398706197738647461e-01 -5.625130534172058105e-01 -8.989072442054748535e-01 1.419162750244140625e-01 -6.667678356170654297e+00 2.474835634231567383e+00 -3.176008462905883789e+00 -2.519644737243652344e+00 2.048381090164184570e+00 -7.871549606323242188e+00 -6.135532855987548828e+00 -2.515851736068725586e+00 -6.613009452819824219e+00 5.703714370727539062e+00 -5.424327850341796875e+00 6.357177160680294037e-03 2.599570751190185547e+00 8.510226607322692871e-01 -3.108484268188476562e+00 -2.136961072683334351e-01 1.038127899169921875e+00 -1.545901060104370117e+00 1.337760925292968750e+00 -1.483089804649353027e+00 -1.693107247352600098e+00 6.341120243072509766e+00 3.159649133682250977e+00 4.461237430572509766e+00 -1.145645856857299805e+00 -4.530628681182861328e+00 1.373957753181457520e+00 1.652243733406066895e+00 4.128766059875488281e+00 5.122456550598144531e+00 -1.188645362854003906e+00
3.756848526000976562e+01 1.948508644104003906e+01 -1.685980415344238281e+01 5.943291783332824707e-01 -4.388470649719238281e+00 1.184534645080566406e+01 6.288556575775146484e+00 -3.187556266784667969e+00 -5.787571430206298828e+00 1.367649316787719727e+00 -6.665425300598144531e+00 -4.427670478820800781e+00 4.746480584144592285e-01 4.900084972381591797e+00 -4.745473861694335938e+00 -4.381076812744140625e+00 2.480835676193237305e+00 3.604666292667388916e-01 7.690989971160888672e-01 -6.513141632080078125e+00 -2.881477355957031250e+00 -4.944729328155517578e+00 -2.141701459884643555e+00 3.056931257247924805e+00 2.683052122592926025e-01 -5.842467784881591797e+00 -7.830768108367919922e+00 -5.449043512344360352e-01 -7.223923206329345703e-01 8.370973587036132812e+00 4.382533133029937744e-01 1.887454748153686523e+00 2.916011571884155273e+00 -8.202387809753417969e+00 -5.131099700927734375e+00 -5.253541946411132812e+00 -1.855241179466247559e+00 1.122758984565734863e+00 2.839823484420776367e+00 5.168283939361572266e+00 1.741695284843444824e+00 4.699794352054595947e-01 -1.994499683380126953e+00 -6.668686866760253906e-01 1.238692402839660645e+00 1.058680629730224609e+01 1.206975102424621582e+00 -7.088446140289306641e+00 -3.325901746749877930e+00 -2.120693206787109375e+00 -2.389248371124267578e+00 1.204246878623962402e+00 1.375897288322448730e+00 -2.966333389282226562e+00 -2.932456254959106445e+00 2.758177518844604492e+00 3.749653577804565430e+00 -7.226795196533203125e+00 7.412936210632324219e+00 6.468139886856079102e-01 1.118268132209777832e+00 2.060322999954223633e+00 -4.867951869964599609e+00 -1.165506243705749512e+00 -6.034929752349853516e+00 -2.253198921680450439e-01 7.892032265663146973e-01 2.386614322662353516e+00 2.173579692840576172e+00 1.740647554397583008e+00 1.774176001548767090e+00 -1.966661572456359863e+00 -1.049368858337402344e+00 1.664569258689880371e+00 -4.559120178222656250e+00 1.667632222175598145e+00 3.132533788681030273e+00 6.385936737060546875e-01 2.161706447601318359e+00 4.144718170166015625e+00 -5.967718601226806641e+00 3.544023275375366211e+00 1.968975812196731567e-01 -2.629322052001953125e+00 2.331733942031860352e+00 2.314028978347778320e+00 -6.386867046356201172e+00 2.773365259170532227e+00 1.051877498626708984e+00 1.536748647689819336e+00 2.802390575408935547e+00 1.082284927368164062e+00 -7.834095954895019531e+00 2.844597399234771729e-01 6.813078522682189941e-01 -2.347260236740112305e+00 6.069656372070312500e+00 -3.586768150329589844e+00 -3.198675870895385742e+00 3.314335048198699951e-01
4.568361282348632812e+01 2.165278244018554688e+01 -4.112031459808349609e+00 -1.362618058919906616e-01 -5.971899509429931641e+00 2.052975893020629883e+00 4.768868908286094666e-02 -8.120219409465789795e-02 -5.449022769927978516e+00 1.198269486427307129e+00 -1.642249822616577148e+00 6.687973737716674805e-01 -5.510904788970947266e-01 -2.504566907882690430e+00 6.421494007110595703e+00 2.477737903594970703e+00 -1.981326580047607422e+00 6.310932159423828125e+00 -2.483609914779663086e+00 4.636040627956390381e-01 -1.003985047340393066e+00 8.744117736816406250e+00 5.607561111450195312e+00 -3.686887979507446289e+00 -7.379760742187500000e+00 -2.561520576477050781e+00 -5.413057804107666016e+00 2.731798171997070312e+00 7.663228034973144531e+00 4.268206119537353516e+00 -4.901463508605957031e+00 -5.161142349243164062e-01 -6.784946471452713013e-02 3.296776056289672852e+00 -8.836337089538574219e+00 -3.365713834762573242e+00 4.825137148145586252e-04 -3.446990489959716797e+00 2.137124300003051758e+00 1.363512396812438965e+00 -8.821011185646057129e-01 3.557148694992065430e+00 -7.318814754486083984e+00 -2.808859109878540039e+00 7.464182853698730469e+00 4.554630279541015625e+00 -2.051316738128662109e+00 3.158246517181396484e+00 1.687108278274536133e+00 2.592706203460693359e+00 5.100138187408447266e+00 4.210669994354248047e+00 6.961290836334228516e+00 2.647488594055175781e+00 -9.254621863365173340e-01 2.978946924209594727e+00 6.287271380424499512e-01 1.620691537857055664e+00 2.941153526306152344e+00 5.764009952545166016e+00 -3.483620405197143555e+00 3.271685838699340820e-01 -1.243386745452880859e+00 2.222614765167236328e+00 5.247706770896911621e-01 6.554296493530273438e+00 9.970133304595947266e-01 5.427049636840820312e+00 1.559696435928344727e+00 1.717725396156311035e+00 3.584808826446533203e+00 -4.366572380065917969e+00 4.099352359771728516e+00 -3.537682533264160156e+00 1.713075995445251465e+00 -2.215314149856567383e+00 -5.605204582214355469e+00 -1.297086834907531738e+00 -3.452504277229309082e-01 -4.034397602081298828e+00 -1.505838036537170410e+00 -6.648699045181274414e-01 4.551481246948242188e+00 -1.109073519706726074e+00 3.008482456207275391e+00 3.188549041748046875e+00 -5.488550662994384766e+00 3.446499109268188477e+00 8.597988486289978027e-01 1.012066364288330078e+00 1.666779279708862305e+00 9.226609468460083008e-01 5.686553001403808594e+00 -1.983669102191925049e-01 -7.659741640090942383e-01 -1.198825001716613770e+00 1.890030264854431152e+00 -1.552247166633605957e+00 -2.057404041290283203e+00 -4.911021709442138672e+00
5.653886032104492188e+01 3.171961975097656250e+01 -3.114237546920776367e+00 -5.684161663055419922e+00 -5.874661445617675781e+00 7.460065484046936035e-01 -7.588895797729492188e+00 -1.085025966167449951e-01 5.714037418365478516e+00 -2.528713226318359375e+00 -1.043852233886718750e+01 -1.717538356781005859e+00 3.917495489120483398e+00 -3.825692415237426758e+00 3.302380800247192383e+00 1.980729699134826660e+00 7.736235260963439941e-01 1.966083049774169922e+00 1.399975061416625977e+00 -4.663581848144531250e-01 3.284542322158813477e+00 1.926966905593872070e+00 2.336535453796386719e+00 -9.784111380577087402e-01 -5.656235814094543457e-01 -2.085186243057250977e+00 2.441230058670043945e+00 4.547297358512878418e-01 -8.366458863019943237e-02 2.609876871109008789e+00 -3.325959205627441406e+00 1.977972984313964844e+00 3.326428174972534180e+00 -4.144939899444580078e+00 2.606851100921630859e+00 -5.390856266021728516e+00 -1.149685382843017578e+00 2.345850132405757904e-02 -2.831846952438354492e+00 -2.642226219177246094e+00 3.558306097984313965e-01 3.459441363811492920e-01 -1.722497344017028809e+00 2.732773780822753906e+00 -1.643557101488113403e-01 5.486980676651000977e-01 4.160650253295898438e+00 4.362316131591796875e+00 -2.849555969238281250e+00 -1.233570098876953125e+00 -1.045791618525981903e-02 -1.322265148162841797e+00 -5.102216005325317383e-01 -1.939717411994934082e+00 2.110077619552612305e+00 -6.646825075149536133e-01 -1.892928719520568848e+00 5.392791628837585449e-01 4.874394893646240234e+00 4.568874359130859375e+00 1.039512455463409424e-01 -2.714131772518157959e-01 4.264866352081298828e+00 2.032576948404312134e-01 2.888442516326904297e+00 2.420976638793945312e+00 4.087849855422973633e-01 3.780041217803955078e+00 -1.234066843986511230e+00 -2.977304160594940186e-02 2.655032575130462646e-01 -2.142779111862182617e+00 -3.644643306732177734e+00 -3.036221981048583984e+00 -3.611386537551879883e+00 1.367532759904861450e-01 -1.971310138702392578e+00 6.512791514396667480e-01 -1.992327094078063965e+00 -2.030003070831298828e-01 -4.647631347179412842e-01 8.389121294021606445e-01 6.215888857841491699e-01 -2.827585458755493164e+00 -1.292066812515258789e+00 1.652289032936096191e-01 -2.386696815490722656e+00 3.618361711502075195e+00 -8.537369221448898315e-02 3.374452590942382812e-01 -5.235339999198913574e-01 3.262461423873901367e-01 -1.724546670913696289e+00 3.449720144271850586e+00 -3.863138854503631592e-01 -1.918567538261413574e+00 -1.937825560569763184e+00 7.355082035064697266e-01 3.595429897308349609e+00 -1.022011160850524902e+00
5.559989547729492188e+01 3.083967018127441406e+01 4.309242725372314453e+00 -3.205080747604370117e+00 1.672481298446655273e+00 -4.871528148651123047e+00 3.342254757881164551e-01 2.221800327301025391e+00 6.104593753814697266e+00 2.067818880081176758e+00 -4.611832141876220703e+00 -1.281497478485107422e+00 2.017591953277587891e+00 -7.350636959075927734e+00 6.840190887451171875e+00 3.011321783065795898e+00 -4.510217666625976562e+00 4.493899345397949219e+00 -1.840685725212097168e+00 8.971580505371093750e+00 6.040555000305175781e+00 7.195482254028320312e+00 4.355911731719970703e+00 2.558925867080688477e+00 3.121431112289428711e+00 8.802220225334167480e-02 -1.410070300102233887e+00 2.885725796222686768e-01 9.558228254318237305e-01 4.585981070995330811e-01 -2.289802074432373047e+00 -1.272735476493835449e+00 -1.516080021858215332e+00 2.039216041564941406e+00 2.495224475860595703e+00 -3.489191055297851562e+00 2.016521394252777100e-01 -5.225276947021484375e-01 -1.369862675666809082e+00 -9.280211329460144043e-01 -1.814527750015258789e+00 2.493092536926269531e+00 2.030649036169052124e-01 1.096159338951110840e+00 4.078311920166015625e+00 3.739465951919555664e+00 3.022917032241821289e+00 -1.488846302032470703e+00 1.156738638877868652e+00 -1.810223340988159180e+00 1.021792531013488770e+00 2.208091020584106445e-01 -2.442362070083618164e+00 -1.987791776657104492e+00 1.470412850379943848e+00 -2.733498215675354004e-01 5.684669971466064453e+00 -1.524524807929992676e+00 2.347516775131225586e+00 1.391702413558959961e+00 1.744253754615783691e+00 4.097889900207519531e+00 -3.074710369110107422e+00 1.422372579574584961e+00 8.719781041145324707e-01 -7.328435420989990234e+00 -6.100193858146667480e-01 1.610806584358215332e+00 5.317413806915283203e-01 -1.527037858963012695e+00 -1.113200664520263672e+00 8.450718522071838379e-01 3.998496294021606445e+00 1.832591414451599121e+00 -4.112648010253906250e+00 -1.726503014564514160e+00 9.566776156425476074e-01 1.535000920295715332e+00 -1.061357975006103516e+00 -1.437086462974548340e+00 1.177074432373046875e+00 -1.711959123611450195e+00 3.815264701843261719e+00 4.750255584716796875e+00 -7.848285138607025146e-02 -5.362329959869384766e+00 -8.206354379653930664e-01 1.585353732109069824e+00 1.442891001701354980e+00 -8.576265573501586914e-01 2.398309230804443359e+00 -8.993773460388183594e-01 3.428581058979034424e-01 1.692476719617843628e-01 -3.678764820098876953e+00 2.194637775421142578e+00 -1.239090919494628906e+00 -1.114572405815124512e+00 6.262105941772460938e+00 2.236985921859741211e+00
5.473923110961914062e+01 2.227593803405761719e+01 -6.725906372070312500e+00 -6.662598133087158203e+00 -6.910655498504638672e+00 -1.789497017860412598e+00 -7.479655265808105469e+00 -3.953073024749755859e-01 7.736436367034912109e+00 6.965293884277343750e-01 -4.159497261047363281e+00 1.289676189422607422e+00 3.987637996673583984e+00 -2.275317907333374023e+00 -5.737854480743408203e+00 -3.443030595779418945e+00 -1.316210746765136719e+00 7.938498258590698242e-01 6.552392959594726562e+00 -3.673664480447769165e-02 2.672912836074829102e+00 -3.426508903503417969e+00 5.125430822372436523e-01 3.334114074707031250e+00 5.823176383972167969e+00 -1.136198163032531738e+00 2.037638425827026367e+00 3.948613882064819336e+00 1.402508854866027832e+00 1.998579382896423340e+00 -2.893568277359008789e+00 1.797703266143798828e+00 2.237570762634277344e+00 3.684983491897583008e+00 3.816844701766967773e+00 9.493978619575500488e-01 8.903912901878356934e-01 -8.804190158843994141e-01 -4.726191520690917969e+00 1.692567169666290283e-01 4.437571525573730469e+00 -2.483777999877929688e+00 7.516164183616638184e-01 9.026260972023010254e-01 -1.750066161155700684e+00 -7.628839015960693359e+00 -4.778498649597167969e+00 2.414781332015991211e+00 8.526726961135864258e-01 7.007086873054504395e-01 1.761786267161369324e-02 -1.710441857576370239e-01 1.856539368629455566e+00 -3.648477196693420410e-01 -1.561858415603637695e+00 -5.296508669853210449e-01 -1.312579661607742310e-01 3.175290346145629883e+00 -1.638390064239501953e+00 -1.939088582992553711e+00 3.009168624877929688e+00 -8.516119718551635742e-01 9.842662215232849121e-01 -4.467946290969848633e-01 7.982374429702758789e-01 -1.511583805084228516e+00 -1.537059068679809570e+00 5.644608974456787109e+00 -2.626393318176269531e+00 1.165147781372070312e+00 -1.727328598499298096e-01 -1.384806394577026367e+00 -1.852664351463317871e+00 -4.130321025848388672e+00 8.380383253097534180e-02 4.263819694519042969e+00 -1.108079671859741211e+00 7.424646615982055664e-01 6.872931003570556641e+00 7.289451956748962402e-01 -1.301764369010925293e+00 1.974103808403015137e+00 -3.986498832702636719e+00 1.071473211050033569e-02 -1.976138710975646973e+00 2.551117837429046631e-01 9.616613388061523438e-01 2.988697052001953125e+00 -2.396163940429687500e+00 2.870346307754516602e+00 -4.085259139537811279e-01 5.698411464691162109e-01 1.269884467124938965e+00 -9.065880775451660156e-01 9.978508353233337402e-01 -1.792384624481201172e+00 -1.096813440322875977e+00 -2.437546730041503906e+00 -8.824726939201354980e-01 2.105999469757080078e+00
5.505104446411132812e+01 3.319564437866210938e+01 -8.128038048744201660e-01 -6.307027816772460938e+00 -5.155099868774414062e+00 -2.595269680023193359e-01 -8.360898017883300781e+00 8.636265248060226440e-02 6.084842681884765625e+00 1.427513122558593750e+00 -7.732072353363037109e+00 3.037028551101684570e+00 -3.037512898445129395e-01 -7.192391872406005859e+00 2.346032619476318359e+00 9.132764339447021484e-01 -5.817022323608398438e+00 -2.145626991987228394e-01 3.686573982238769531e+00 5.000083446502685547e+00 1.248884201049804688e+00 5.387523651123046875e+00 7.534608840942382812e-01 -5.291891098022460938e-01 2.264180630445480347e-01 2.555842399597167969e-01 -5.384910583496093750e+00 2.406023263931274414e+00 3.163580179214477539e+00 4.240849494934082031e+00 -1.179266691207885742e+00 2.862503767013549805e+00 -4.699009895324707031e+00 -1.148656725883483887e+00 -3.351911306381225586e+00 -2.729187965393066406e+00 2.768894195556640625e+00 -1.493241548538208008e+00 -7.764514088630676270e-01 -3.082166910171508789e+00 -1.514752984046936035e+00 1.160460233688354492e+00 -3.537213325500488281e+00 2.718668460845947266e+00 -4.645069599151611328e+00 -3.271308839321136475e-01 -6.924277305603027344e+00 2.127639532089233398e+00 -4.574846848845481873e-02 3.547054529190063477e+00 -9.901350736618041992e-01 3.257482528686523438e+00 -5.727864503860473633e-01 8.236103653907775879e-01 5.044993877410888672e+00 2.889930486679077148e+00 -1.855821371078491211e+00 6.885908126831054688e+00 -2.560539484024047852e+00 -1.241336464881896973e+00 -1.335841178894042969e+00 -1.961648821830749512e+00 -1.856283783912658691e+00 4.696063041687011719e+00 -4.009139537811279297e-01 -2.304461002349853516e+00 4.994677066802978516e+00 -3.332123279571533203e+00 -9.605647921562194824e-01 3.184668540954589844e+00 -2.197266817092895508e+00 -1.261326551437377930e+00 2.373688697814941406e+00 5.462154388427734375e+00 -5.843480229377746582e-01 7.666950225830078125e-01 1.243422985076904297e+00 1.627370715141296387e+00 4.642168521881103516e+00 3.928474426269531250e+00 2.443003654479980469e+00 -2.509747982025146484e+00 -4.106446743011474609e+00 6.069241166114807129e-01 -1.376196265220642090e+00 -5.850931167602539062e+00 9.284261465072631836e-01 -8.579907417297363281e-01 -3.698106050491333008e+00 6.259701728820800781e+00 6.513544082641601562e+00 -2.745012760162353516e+00 -8.127846717834472656e+00 1.128764867782592773e+00 8.782766759395599365e-03 -6.207893490791320801e-01 -3.059933483600616455e-01 -2.837080240249633789e+00 -2.804054975509643555e+00 -6.433537483215332031e+00
5.492256546020507812e+01 2.702684402465820312e+01 -5.073552131652832031e+00 -6.989342689514160156e+00 -1.312034487724304199e+00 4.247746944427490234e+00 -5.920569419860839844e+00 -2.069309473037719727e+00 7.211353778839111328e+00 1.705431580543518066e+00 -5.479681968688964844e+00 3.321515560150146484e+00 1.896735653281211853e-02 -6.249511241912841797e+00 3.583819866180419922e+00 -1.408066898584365845e-01 1.948854446411132812e+00 -4.097610950469970703e+00 2.502273082733154297e+00 3.457870721817016602e+00 7.574450373649597168e-01 -2.092499017715454102e+00 -2.517312288284301758e+00 1.055632382631301880e-01 -4.822943687438964844e+00 -3.447855234146118164e+00 -3.470374345779418945e+00 4.220815181732177734e+00 1.067991703748703003e-01 2.496128559112548828e+00 -5.378197431564331055e-01 -1.919810295104980469e+00 -6.331055760383605957e-01 1.027785062789916992e+00 8.041047453880310059e-01 3.806860372424125671e-02 -3.687465667724609375e+00 -7.512931227684020996e-01 9.376554489135742188e-01 4.005992889404296875e+00 -5.841603755950927734e+00 -3.576032876968383789e+00 2.270750522613525391e+00 -4.483303070068359375e+00 1.907635450363159180e+00 1.161705613136291504e+00 -1.235631823539733887e+00 2.153269529342651367e+00 1.570050120353698730e+00 -3.581801414489746094e+00 -4.255004405975341797e+00 -1.436763286590576172e+00 5.464695453643798828e+00 -1.734919667243957520e+00 -5.794641017913818359e+00 -2.379209280014038086e+00 -3.740206480026245117e+00 6.180135011672973633e-01 3.172924280166625977e+00 -3.664758205413818359e-01 4.854802131652832031e+00 1.734306812286376953e+00 9.996380805969238281e-01 -7.680563926696777344e-01 -1.839279532432556152e-01 -1.849117159843444824e+00 4.097487449645996094e+00 -8.818383812904357910e-01 -2.247338771820068359e+00 5.808442592620849609e+00 1.959627270698547363e+00 4.370855808258056641e+00 -1.430691599845886230e+00 4.600513875484466553e-01 -1.752917051315307617e+00 -4.227473139762878418e-01 -1.552062749862670898e+00 -2.234181642532348633e+00 -6.228581070899963379e-01 -1.556767225265502930e+00 -1.640439987182617188e+00 2.682603597640991211e+00 8.329383134841918945e-01 3.475749969482421875e+00 6.568768024444580078e+00 1.373262524604797363e+00 2.165442466735839844e+00 1.665496587753295898e+00 5.739446163177490234e+00 3.255022764205932617e+00 2.759876012802124023e+00 7.653623819351196289e-01 4.750266671180725098e-01 -6.016606807708740234e+00 -4.157224655151367188e+00 -5.355334877967834473e-01 -1.398734927177429199e+00 -1.486750483512878418e+00 1.649726867675781250e+00 2.245826244354248047e+00
5.115413665771484375e+01 3.220181655883789062e+01 1.908478498458862305e+00 -7.000642776489257812e+00 -8.995100975036621094e+00 6.859601289033889771e-02 -3.617339849472045898e+00 -3.276899456977844238e-01 3.414734840393066406e+00 1.143748387694358826e-01 -7.428035259246826172e+00 5.831947326660156250e-01 6.399068355560302734e+00 -4.552363455295562744e-01 2.590293169021606445e+00 -3.492950677871704102e+00 -7.445133686065673828e+00 6.513640403747558594e+00 1.564153432846069336e+00 -3.376063585281372070e+00 -3.544821739196777344e+00 5.069908142089843750e+00 -2.063204795122146606e-01 4.094220638275146484e+00 1.611618995666503906e-01 3.907970428466796875e+00 3.760808467864990234e+00 4.401103973388671875e+00 3.122701942920684814e-01 2.127844333648681641e+00 5.153070449829101562e+00 -2.145857922732830048e-02 5.536985024809837341e-02 -4.016490936279296875e+00 -5.371841192245483398e-01 -1.277262210845947266e+00 -9.891951084136962891e-01 -5.084051609039306641e+00 -1.453203439712524414e+00 -3.243854522705078125e+00 4.642261981964111328e+00 -3.187167048454284668e-01 -2.243071317672729492e+00 5.419156551361083984e+00 -3.207595825195312500e+00 1.227536797523498535e+00 -3.844223260879516602e+00 -7.573196411132812500e+00 3.441145420074462891e-01 2.541653156280517578e+00 -5.203487873077392578e+00 1.839838385581970215e+00 -3.097265720367431641e+00 -4.422782361507415771e-01 -5.509420037269592285e-01 2.771942615509033203e-01 -1.432278990745544434e+00 2.888712167739868164e+00 1.411066889762878418e+00 1.916272878646850586e+00 3.047252416610717773e+00 5.437922477722167969e-01 -3.602653980255126953e+00 -4.321820437908172607e-01 7.048938751220703125e+00 1.948837041854858398e+00 9.098249673843383789e-01 1.086491107940673828e+01 1.951646804809570312e+00 -5.148746967315673828e+00 -3.179823875427246094e+00 -2.558466196060180664e+00 2.548721790313720703e+00 3.410450935363769531e+00 -3.790719985961914062e+00 1.997486948966979980e+00 1.601106882095336914e+00 5.955431938171386719e+00 2.534180402755737305e+00 2.026136159896850586e+00 -1.843514442443847656e-01 -5.707922458648681641e+00 4.044213771820068359e+00 -4.354660034179687500e+00 -1.965440958738327026e-01 2.273329019546508789e+00 -2.860980749130249023e+00 -2.722270965576171875e+00 9.297912716865539551e-01 -4.019296169281005859e+00 1.018325448036193848e+00 -3.650628328323364258e+00 -2.295988082885742188e+00 9.902400970458984375e-01 -2.994687557220458984e-01 -2.759637117385864258e+00 3.466322183609008789e+00 1.547587394714355469e+00 -1.851441740989685059e+00 3.981032609939575195e+00
4.677561569213867188e+01 3.075715255737304688e+01 3.344853967428207397e-02 -3.828801155090332031e+00 -7.504947185516357422e+00 1.518195509910583496e+00 -5.782957673072814941e-01 9.066141843795776367e-01 8.169192314147949219e+00 1.447936415672302246e+00 -7.313649058341979980e-01 5.926869392395019531e+00 -7.036738097667694092e-02 2.329231053590774536e-01 -9.902054667472839355e-01 2.730354666709899902e-01 -4.457601547241210938e+00 4.057104587554931641e+00 -1.982926487922668457e+00 2.143288850784301758e+00 -6.930051445960998535e-01 5.390021800994873047e+00 5.384302139282226562e-01 -2.074271202087402344e+00 -2.677592754364013672e+00 -4.540829658508300781e-01 2.529670596122741699e-01 4.758675575256347656e+00 -2.108461141586303711e+00 6.845616698265075684e-01 -7.325109004974365234e+00 2.587597370147705078e+00 -2.173733413219451904e-01 -3.314072847366333008e+00 -3.330776691436767578e+00 2.465849399566650391e+00 5.928294181823730469e+00 -8.318452835083007812e-01 -5.090734958648681641e-01 1.374414324760437012e+00 8.927734196186065674e-02 1.976081490516662598e+00 -4.657006263732910156e+00 -1.549786925315856934e+00 -2.252177953720092773e+00 -2.376344680786132812e+00 1.267551183700561523e+00 -5.456108450889587402e-01 -3.890343308448791504e-01 -3.801381826400756836e+00 1.020065307617187500e+00 -1.083012819290161133e+00 1.012898012995719910e-01 -2.358914613723754883e+00 9.254467487335205078e-01 -5.265251159667968750e+00 2.884356021881103516e+00 4.027861118316650391e+00 7.834933757781982422e+00 -2.515848636627197266e+00 8.957867026329040527e-01 -4.047328472137451172e+00 -3.717819213867187500e+00 -9.148291349411010742e-01 -5.722830295562744141e+00 4.875519752502441406e+00 -8.606360554695129395e-01 9.720018506050109863e-01 1.625468492507934570e+00 1.884382843971252441e+00 -8.572148680686950684e-01 -1.578051567077636719e+00 2.459391057491302490e-01 -2.704936742782592773e+00 1.145919442176818848e+00 4.155572414398193359e+00 1.618337392807006836e+00 3.316617727279663086e+00 4.164925575256347656e+00 1.762315750122070312e+00 2.138056993484497070e+00 -6.701369285583496094e+00 4.567108631134033203e+00 -3.555055141448974609e+00 1.345074892044067383e+00 -1.085945725440979004e+00 -4.370005607604980469e+00 4.279590129852294922e+00 -1.732880830764770508e+00 1.173556923866271973e+00 -2.310137003660202026e-01 -3.864821493625640869e-01 4.105998992919921875e+00 -5.251219272613525391e-01 1.051995038986206055e+00 1.479685783386230469e+00 -2.584136486053466797e+00 -2.225934505462646484e+00 -2.052421718835830688e-01 -2.681719541549682617e+00
5.360715103149414062e+01 2.875359916687011719e+01 3.056673765182495117e+00 -5.924786567687988281e+00 5.184694290161132812e+00 6.206243515014648438e+00 -8.761708259582519531e+00 -5.879914760589599609e-01 5.737864494323730469e+00 3.236083090305328369e-01 -4.987377643585205078e+00 1.389637112617492676e+00 5.668390274047851562e+00 -4.576045513153076172e+00 -5.497517108917236328e+00 1.946932077407836914e+00 9.461680054664611816e-01 4.951607227325439453e+00 5.954848766326904297e+00 6.953050613403320312e+00 -1.510873079299926758e+00 7.113659381866455078e+00 2.288737773895263672e+00 4.023649692535400391e+00 -2.392418861389160156e+00 -2.273428201675415039e+00 1.156270027160644531e+00 2.785445928573608398e+00 3.132935285568237305e+00 5.705879688262939453e+00 1.182811617851257324e+00 -2.760258197784423828e+00 -2.956786394119262695e+00 4.360168457031250000e+00 2.962267398834228516e+00 -4.200736999511718750e+00 8.087517023086547852e-01 2.302608966827392578e+00 -2.129240512847900391e+00 4.900236129760742188e-01 -4.056232929229736328e+00 -5.122199058532714844e+00 4.508544445037841797e+00 1.928300142288208008e+00 -1.999439597129821777e+00 2.791348457336425781e+00 6.691742897033691406e+00 1.411893606185913086e+00 3.492886781692504883e+00 1.105896234512329102e+00 -2.301522731781005859e+00 -2.269026041030883789e+00 -2.744312047958374023e+00 -3.683486461639404297e+00 -1.189956068992614746e+00 -6.131787300109863281e-01 1.924781680107116699e+00 2.429143667221069336e+00 4.343785285949707031e+00 1.600681424140930176e+00 -4.730643749237060547e+00 4.555030822753906250e+00 1.205396771430969238e+00 6.836032271385192871e-01 -1.575977087020874023e+00 -1.200612664222717285e+00 1.308517456054687500e+00 -7.650753259658813477e-01 -5.091421127319335938e+00 7.661556601524353027e-01 -4.482266902923583984e+00 -2.619610548019409180e+00 -5.504930019378662109e+00 -5.091970041394233704e-02 -2.494243144989013672e+00 7.686101794242858887e-01 -3.228077650070190430e+00 -1.414019346237182617e+00 -3.679311037063598633e+00 -3.774184465408325195e+00 3.575014829635620117e+00 4.495380878448486328e+00 1.550078868865966797e+00 7.134431600570678711e-01 2.078111648559570312e+00 8.971599340438842773e-01 4.290258139371871948e-02 -1.155579924583435059e+00 2.409623384475708008e+00 7.144688367843627930e-01 2.516083240509033203e+00 3.965590715408325195e+00 -1.151017770171165466e-01 -1.249247431755065918e+00 4.859084606170654297e+00 2.225984334945678711e+00 3.431276798248291016e+00 -3.089385509490966797e+00 1.032260298728942871e+00 5.247621059417724609e+00
5.162797164916992188e+01 2.790056610107421875e+01 -7.904567241668701172e+00 -7.034419536590576172e+00 6.900212764739990234e+00 5.996756076812744141e+00 -5.456657409667968750e+00 4.092961311340332031e+00 3.919130563735961914e-01 1.426124334335327148e+00 2.191819429397583008e+00 -5.355924606323242188e+00 -2.842256307601928711e+00 -2.326735258102416992e+00 1.582996010780334473e+00 6.062364578247070312e+00 1.931375265121459961e-02 2.432609319686889648e+00 6.331958293914794922e+00 1.638838410377502441e+00 4.009810447692871094e+00 -1.496698617935180664e+00 2.981188774108886719e+00 1.777404397726058960e-01 3.453793048858642578e+00 -2.715821981430053711e+00 4.829731941223144531e+00 -2.943829536437988281e+00 2.765284776687622070e-01 5.504265785217285156e+00 4.369122505187988281e+00 6.349161148071289062e+00 -2.808264255523681641e+00 -1.216884970664978027e+00 1.505113482475280762e+00 -9.894495964050292969e+00 2.665009260177612305e+00 6.346800804138183594e+00 1.092408776283264160e+00 2.553514003753662109e+00 2.596159696578979492e+00 8.667656779289245605e-01 -2.806900024414062500e+00 3.358566761016845703e+00 -4.643519878387451172e+00 8.408232927322387695e-01 2.508111298084259033e-01 1.719385266304016113e+00 -2.152308940887451172e+00 -1.651933312416076660e+00 3.763610869646072388e-02 -9.347876906394958496e-01 2.963065803050994873e-01 -7.451215386390686035e-01 3.767615556716918945e+00 5.177947521209716797e+00 -3.688464403152465820e+00 -3.752278387546539307e-01 -2.036191225051879883e+00 1.848526477813720703e+00 -4.143076837062835693e-01 -2.340260028839111328e+00 3.547785282135009766e+00 4.060263633728027344e+00 -1.825107216835021973e+00 9.261284470558166504e-01 6.865778565406799316e-01 2.346466541290283203e+00 -3.010167121887207031e+00 3.461431026458740234e+00 -5.279061317443847656e+00 8.499506115913391113e-01 -3.929049015045166016e+00 3.028777837753295898e+00 -3.331468105316162109e+00 2.125947237014770508e+00 -2.128450572490692139e-01 3.944276332855224609e+00 9.796747207641601562e+00 4.336001873016357422e+00 -6.041963100433349609e-01 3.190409898757934570e+00 2.599163055419921875e+00 6.940139770507812500e+00 1.587697863578796387e-01 4.038648128509521484e+00 9.021164774894714355e-01 1.006954860687255859e+01 2.777817726135253906e+00 1.151467680931091309e+00 -9.193310737609863281e-01 -7.279644608497619629e-01 -9.391185641288757324e-01 1.819686055183410645e+00 -1.783933758735656738e+00 -1.570428967475891113e+00 -1.932307124137878418e+00 -1.280766487121582031e+00 4.581423401832580566e-01 4.594347000122070312e+00
4.919371795654296875e+01 2.591793441772460938e+01 -9.599233269691467285e-01 -3.773471355438232422e+00 -7.088220119476318359e+00 4.672101974487304688e+00 1.223616480827331543e+00 -1.685744166374206543e+00 2.835409164428710938e+00 3.449252843856811523e+00 -1.273461580276489258e+00 2.918639898300170898e+00 1.671763777732849121e+00 -9.056662321090698242e-01 3.462859392166137695e+00 -4.708569049835205078e+00 -8.542580008506774902e-01 4.675110816955566406e+00 1.398168057203292847e-01 6.780695438385009766e+00 -6.109814047813415527e-01 2.107079744338989258e+00 -4.806840419769287109e+00 -3.236710548400878906e+00 -3.668097496032714844e+00 -3.126354694366455078e+00 -9.353735446929931641e-01 -9.086427688598632812e+00 -1.571916937828063965e-01 -2.402169704437255859e+00 5.216061115264892578e+00 7.573886513710021973e-01 4.673702239990234375e+00 6.351510524749755859e+00 -4.942597389221191406e+00 1.952244758605957031e+00 -5.385451316833496094e+00 -4.482219219207763672e+00 -1.749307990074157715e+00 4.030981063842773438e+00 -1.667756795883178711e+00 -2.763624906539916992e+00 -5.015597343444824219e-01 8.575661182403564453e-01 4.611699581146240234e+00 3.163168907165527344e+00 -4.666160106658935547e+00 3.444904804229736328e+00 2.461136579513549805e-01 -3.620247840881347656e-01 1.034508943557739258e+00 2.703756809234619141e+00 1.630152940750122070e+00 -1.454049110412597656e+00 -2.818372845649719238e-01 3.581791162490844727e+00 1.502159595489501953e+00 -1.717703700065612793e+00 1.101626634597778320e+00 -1.006814002990722656e+00 3.784507513046264648e+00 2.545442342758178711e+00 -1.976130723953247070e+00 -2.175983190536499023e+00 3.061484575271606445e+00 9.004728794097900391e-01 4.466721534729003906e+00 2.621538639068603516e+00 -1.546104311943054199e+00 -4.212326109409332275e-01 -1.958671808242797852e+00 4.225410521030426025e-01 3.096706390380859375e+00 2.779711484909057617e+00 -1.442084789276123047e+00 -6.080880761146545410e-01 -2.984673261642456055e+00 1.019567131996154785e+00 -3.298933744430541992e+00 -7.246260643005371094e-01 1.440614938735961914e+00 4.324276447296142578e+00 1.335273087024688721e-01 -3.766742706298828125e+00 1.399570226669311523e+00 -5.713866353034973145e-01 4.280416369438171387e-01 6.610974669456481934e-01 4.184577941894531250e+00 8.746615052223205566e-01 -4.198709011077880859e+00 -7.844530344009399414e-01 -1.729092895984649658e-01 -5.945860385894775391e+00 1.936758041381835938e+00 -3.399754285812377930e+00 7.609078288078308105e-01 -2.262924432754516602e+00 3.955644369125366211e+00 -6.023114919662475586e-01
5.923115158081054688e+01 3.670492553710937500e+01 1.152948093414306641e+01 -9.641380310058593750e+00 3.681450843811035156e+00 -1.654367923736572266e+00 -6.376935958862304688e+00 2.314737081527709961e+00 1.265481281280517578e+01 2.176150321960449219e+00 -1.142015361785888672e+01 3.560005426406860352e+00 -1.143486618995666504e+00 -5.814653396606445312e+00 -3.418243646621704102e+00 3.788785219192504883e+00 -2.477090597152709961e+00 -7.647157907485961914e-01 1.778788328170776367e+00 3.220745086669921875e+00 -1.856075286865234375e+00 5.383328437805175781e+00 3.867189958691596985e-02 -7.942981272935867310e-02 2.326849699020385742e+00 1.921529769897460938e+00 7.703833580017089844e-01 -2.672721147537231445e+00 -2.034798145294189453e+00 -1.401788473129272461e+00 -3.395656108856201172e+00 4.329318702220916748e-01 -2.795992612838745117e+00 -1.078999280929565430e+00 3.719595670700073242e-01 -9.973190426826477051e-01 5.855140209197998047e+00 2.523252010345458984e+00 9.528535604476928711e-01 3.137453079223632812e+00 -1.270408034324645996e+00 -2.464333057403564453e+00 4.944841861724853516e+00 4.903244972229003906e+00 -5.986307621002197266e+00 -6.495207786560058594e+00 -5.318818613886833191e-02 1.387997984886169434e+00 -5.194382369518280029e-02 -2.211233377456665039e-01 6.985560655593872070e-01 -1.915410280227661133e+00 -1.637200236320495605e+00 -1.292453289031982422e+00 -2.751848936080932617e+00 2.227649927139282227e+00 3.558826446533203125e+00 -1.337827205657958984e+00 -4.769456386566162109e+00 -7.841165661811828613e-01 -1.588412165641784668e+00 6.665598392486572266e+00 -2.669726133346557617e+00 1.222474932670593262e+00 8.982239961624145508e-01 4.819460809230804443e-01 2.082661986351013184e-01 1.084013506770133972e-01 -1.220064878463745117e+00 1.147068738937377930e+00 -3.769158124923706055e-01 6.188063621520996094e-01 -4.015313148498535156e+00 -2.054862737655639648e+00 -2.156394004821777344e+00 -9.716650843620300293e-02 1.308851242065429688e+00 1.113558053970336914e+00 1.733796477317810059e+00 -1.831760644912719727e+00 2.135303974151611328e+00 -1.036302804946899414e+00 -3.034750461578369141e+00 -1.110337615013122559e+00 9.487751722335815430e-01 -1.726328611373901367e+00 8.189115524291992188e-01 -1.879891633987426758e+00 2.853194952011108398e+00 -3.535165190696716309e-01 2.894749879837036133e+00 -2.302516698837280273e+00 -3.432831525802612305e+00 3.566111087799072266e+00 2.525716543197631836e+00 -2.384688854217529297e-01 4.271478354930877686e-01 5.605541706085205078e+00 9.181091785430908203e-01 -1.832621097564697266e+00
5.396643447875976562e+01 3.674318313598632812e+01 1.068683528900146484e+01 -6.992449283599853516e+00 1.310330581665039062e+01 3.268465518951416016e+00 -7.765575408935546875e+00 1.034186720848083496e+00 7.221154689788818359e+00 2.778671503067016602e+00 -1.131355404853820801e+00 4.779389381408691406e+00 -2.217598199844360352e+00 -4.896049499511718750e+00 2.239342927932739258e+00 8.849028348922729492e-01 -1.978524446487426758e+00 3.734459638595581055e+00 -1.501014828681945801e-01 2.180571794509887695e+00 -3.960683107376098633e+00 -1.751694202423095703e+00 2.874525785446166992e+00 1.859363317489624023e-01 5.959833264350891113e-01 4.991766452789306641e+00 3.913650989532470703e+00 9.688898921012878418e-01 -2.793330669403076172e+00 2.207800745964050293e-01 3.410901308059692383e+00 -1.115417599678039551e+00 -1.099419593811035156e+00 5.109234452247619629e-01 2.948439121246337891e+00 1.607383728027343750e+00 -4.615459918975830078e+00 -1.816793560981750488e+00 3.808649063110351562e+00 2.334892272949218750e+00 -7.058864831924438477e-02 2.699400186538696289e-01 1.544510483741760254e+00 1.832508593797683716e-01 1.921686172485351562e+00 -1.209325417876243591e-01 -1.110466122627258301e+00 3.243559122085571289e+00 -1.644659757614135742e+00 -1.022911906242370605e+00 4.551317691802978516e+00 -1.230176210403442383e+00 1.527376055717468262e+00 -4.571716785430908203e+00 6.491308808326721191e-01 2.045826673507690430e+00 4.883481025695800781e+00 -1.986665837466716766e-02 2.133332729339599609e+00 -3.101109743118286133e+00 -1.354028820991516113e+00 2.350623607635498047e+00 -2.479898214340209961e+00 -1.277922987937927246e-01 4.400110721588134766e+00 -3.541419506072998047e-01 1.565214157104492188e+00 8.833748102188110352e-01 -3.384130716323852539e+00 8.128861427307128906e+00 -7.151170969009399414e-01 -1.711079597473144531e+00 -8.966968655586242676e-01 -7.200370430946350098e-01 -1.639375329017639160e+00 1.322165250778198242e+00 -2.164538145065307617e+00 3.485619306564331055e+00 3.001852989196777344e+00 6.557330131530761719e+00 -4.451842308044433594e+00 1.632629990577697754e+00 -1.121527552604675293e+00 -2.023285865783691406e+00 4.170994758605957031e+00 -3.217725753784179688e+00 4.874483585357666016e+00 -8.726183325052261353e-02 1.051618337631225586e+00 -2.579888701438903809e-01 1.063749194145202637e+00 -1.521602869033813477e+00 -3.981167376041412354e-01 1.518092155456542969e+00 -9.931685924530029297e-01 -6.015250086784362793e-01 -1.977754712104797363e+00 -2.512112140655517578e+00 1.113798141479492188e+00 1.993266791105270386e-01
5.015436553955078125e+01 3.540475463867187500e+01 8.686696052551269531e+00 -1.734364748001098633e+00 7.939540386199951172e+00 -1.198729991912841797e+00 -2.426519095897674561e-01 1.465034365653991699e+00 7.039789199829101562e+00 1.936163902282714844e+00 2.968164443969726562e+00 8.813363075256347656e+00 1.810957431793212891e+00 -1.745414733886718750e+00 2.494294404983520508e+00 -2.887711048126220703e+00 -2.731431245803833008e+00 5.648241996765136719e+00 -6.189887046813964844e+00 5.242435932159423828e+00 -1.322190642356872559e+00 6.158291816711425781e+00 -4.851077556610107422e+00 -4.452013492584228516e+00 1.236472249031066895e+00 -1.736033797264099121e+00 -5.158797502517700195e-01 8.826361894607543945e-01 -3.077215552330017090e-01 1.933511614799499512e+00 -4.041122436523437500e+00 -2.187460660934448242e-01 -1.126725554466247559e+00 -6.093819141387939453e-01 1.870092153549194336e+00 2.104054212570190430e+00 -8.534262657165527344e+00 -2.738880395889282227e+00 -2.109068393707275391e+00 -3.561671495437622070e+00 4.219701290130615234e+00 4.490121841430664062e+00 4.592785835266113281e+00 1.475908160209655762e+00 -7.728563308715820312e+00 -7.524818181991577148e-01 -2.858049392700195312e+00 4.653058528900146484e+00 8.048524260520935059e-01 1.420585155487060547e+00 2.884764373302459717e-01 3.677786111831665039e+00 -1.156713843345642090e+00 -1.000814735889434814e-01 4.654486656188964844e+00 2.487304925918579102e+00 2.625403642654418945e+00 -3.718542098999023438e+00 -3.810081720352172852e+00 -2.190762758255004883e+00 -4.212205708026885986e-01 -2.956413269042968750e+00 -5.516062259674072266e+00 2.132442474365234375e+00 4.869053363800048828e-01 4.059801697731018066e-01 -3.279408216476440430e+00 3.805064201354980469e+00 -1.626274347305297852e+00 -1.867673754692077637e+00 3.291472673416137695e+00 5.370574474334716797e+00 -1.791742801666259766e+00 1.581087946891784668e+00 -1.888964921236038208e-01 -2.473078250885009766e+00 -8.090711832046508789e-01 4.627283096313476562e+00 -1.771820425987243652e+00 -1.392611742019653320e+00 3.684923410415649414e+00 5.165537834167480469e+00 -2.156578302383422852e+00 -9.252088069915771484e-01 -3.804291009902954102e+00 -2.855364799499511719e+00 9.190045595169067383e-01 2.348006486892700195e+00 7.635664939880371094e-01 -4.236126840114593506e-01 7.304357290267944336e-01 -1.344657063484191895e+00 -1.752343535423278809e+00 -2.677156448364257812e+00 1.616603016853332520e+00 -3.166818141937255859e+00 -4.094536781311035156e+00 -2.474728107452392578e+00 1.184817314147949219e+00 1.547823429107666016e+00
4.070479583740234375e+01 3.189147567749023438e+01 3.929338455200195312e-01 -2.471222639083862305e+00 7.582824230194091797e+00 8.914818763732910156e+00 1.695984005928039551e-01 2.478673219680786133e+00 6.693075180053710938e+00 5.945833206176757812e+00 8.507021903991699219e+00 1.221504592895507812e+01 -3.244407653808593750e+00 -9.356105804443359375e+00 -1.082470491528511047e-01 2.625620126724243164e+00 -8.888184547424316406e+00 8.547502517700195312e+00 -2.931645631790161133e+00 -8.932263851165771484e-01 5.772913694381713867e-01 -2.539160013198852539e+00 5.710463523864746094e+00 -5.862820744514465332e-01 3.242815971374511719e+00 -2.453368008136749268e-01 -2.383795738220214844e+00 9.622018337249755859e-01 -3.616592168807983398e+00 -1.348801493644714355e+00 -3.427442789077758789e+00 2.854796946048736572e-01 2.799208164215087891e-01 4.180562496185302734e+00 -2.647626586258411407e-02 -3.761980056762695312e+00 -4.182897567749023438e+00 -1.335829019546508789e+00 -1.822157144546508789e+00 -1.092207312583923340e+00 4.164766311645507812e+00 2.542397260665893555e+00 2.040335178375244141e+00 6.218910217285156250e+00 4.144629836082458496e-01 -2.238069295883178711e+00 4.121438980102539062e+00 -3.816045761108398438e+00 -5.840100765228271484e+00 -2.885823845863342285e-01 4.387967109680175781e+00 -4.569402694702148438e+00 1.825772047042846680e+00 8.652931213378906250e+00 1.066992163658142090e+00 3.016421794891357422e-01 -8.259226679801940918e-01 -4.517428874969482422e-01 9.709187150001525879e-01 -5.170480728149414062e+00 -5.063715934753417969e+00 -3.267875194549560547e+00 -2.688212394714355469e+00 -1.018502414226531982e-01 -1.561565041542053223e+00 -1.353606343269348145e+00 -1.178712919354438782e-01 1.040565013885498047e+00 7.097667217254638672e+00 -4.487644672393798828e+00 -2.637719392776489258e+00 -3.676935434341430664e-01 1.805071473121643066e+00 -4.998370647430419922e+00 -1.869312524795532227e+00 -1.017546892166137695e+00 1.353357911109924316e+00 1.874617576599121094e+00 -2.867416381835937500e+00 -2.499680072069168091e-01 2.411779880523681641e+00 -2.538384795188903809e-01 2.584573984146118164e+00 -3.635368585586547852e+00 -2.901661157608032227e+00 2.862783432006835938e+00 -4.120495796203613281e+00 -4.119981765747070312e+00 -3.822662308812141418e-02 1.300360202789306641e+00 -3.239320755004882812e+00 -2.918563365936279297e+00 3.009409427642822266e+00 -3.742817640304565430e+00 -6.588115692138671875e+00 3.084954500198364258e+00 4.408765316009521484e+00 -2.931114137172698975e-01 3.071731328964233398e-01 -2.507051467895507812e+00
3.450195693969726562e+01 3.692743301391601562e+01 1.591628646850585938e+01 -1.372864603996276855e+00 6.135049819946289062e+00 4.139146804809570312e+00 6.358320236206054688e+00 -1.881312012672424316e+00 4.381717741489410400e-01 5.499255657196044922e+00 3.888372659683227539e+00 1.067796516418457031e+01 -9.345825195312500000e+00 6.967807769775390625e+00 9.195826530456542969e+00 4.315907955169677734e+00 5.922401547431945801e-01 1.372953891754150391e+00 -4.750451087951660156e+00 3.013547420501708984e+00 -3.629565477371215820e+00 2.712506771087646484e+00 -2.178433656692504883e+00 -8.179267644882202148e-01 -9.998938560485839844e+00 -1.821144223213195801e+00 -2.150055170059204102e+00 -2.988948106765747070e+00 -6.856837272644042969e+00 -9.147056341171264648e-01 1.233619093894958496e+00 -1.645043373107910156e+00 -1.047921657562255859e+00 -4.471765995025634766e+00 -7.450084686279296875e+00 7.715343475341796875e+00 -5.400090694427490234e+00 -9.868320465087890625e+00 6.361743927001953125e+00 1.935947656631469727e+00 1.222324252128601074e+00 2.721115589141845703e+00 -3.981938123703002930e+00 3.771150350570678711e+00 7.026341438293457031e+00 -1.078678369522094727e+00 3.618979692459106445e+00 -8.218711614608764648e-01 3.158383131027221680e+00 1.072951698303222656e+01 2.673329591751098633e+00 3.551827669143676758e+00 -2.740374505519866943e-01 -2.688307046890258789e+00 5.104901790618896484e+00 5.458699464797973633e-01 -2.547343254089355469e+00 1.188195943832397461e+00 4.839347839355468750e+00 5.795676708221435547e+00 -5.181149482727050781e+00 -1.090672612190246582e+00 -3.376305699348449707e-01 -4.782393455505371094e+00 -3.788040876388549805e+00 7.974044322967529297e+00 -7.192548513412475586e-01 2.658076524734497070e+00 3.259571313858032227e+00 4.451095104217529297e+00 -2.805356025695800781e+00 2.673040889203548431e-02 2.037931680679321289e+00 -4.141578197479248047e+00 3.489914178848266602e+00 -3.896350145339965820e+00 4.903128147125244141e+00 3.094380140304565430e+00 2.406894922256469727e+00 2.029557466506958008e+00 -2.030898332595825195e+00 6.487289667129516602e-01 2.306116104125976562e+00 -9.857196211814880371e-01 3.152107477188110352e+00 -5.830581188201904297e+00 1.839714169502258301e+00 -5.018288135528564453e+00 1.965804696083068848e+00 -2.443744659423828125e+00 -1.012965679168701172e+00 9.003628492355346680e-01 -2.089265108108520508e+00 2.105551719665527344e+00 4.670034408569335938e+00 2.413509607315063477e+00 -1.384309291839599609e+00 6.517641544342041016e-01 -4.151921272277832031e+00 -4.449614524841308594e+00
4.213257980346679688e+01 3.960871887207031250e+01 1.521017265319824219e+01 -3.160097599029541016e+00 1.370284271240234375e+01 2.881813287734985352e+00 4.161974906921386719e+00 -4.113550186157226562e+00 1.071494460105895996e+00 9.584482908248901367e-01 -2.152678728103637695e+00 9.173707008361816406e+00 -7.982656478881835938e+00 1.313506484031677246e+00 3.886693239212036133e+00 5.129514694213867188e+00 -6.541089057922363281e+00 1.852052092552185059e+00 -6.732775688171386719e+00 4.419493198394775391e+00 3.795245885848999023e+00 1.285580396652221680e+00 2.567229986190795898e+00 -1.114271998405456543e+00 2.199063897132873535e-01 4.156305789947509766e+00 1.445347309112548828e+00 9.308710098266601562e-01 -4.714956879615783691e-01 -7.102558612823486328e-01 1.208518385887145996e+00 -6.329505443572998047e+00 1.037754893302917480e+00 -1.881110906600952148e+00 -3.336543321609497070e+00 4.464284420013427734e+00 -1.001183605194091797e+01 -2.871978521347045898e+00 1.553285598754882812e+00 -1.699811697006225586e+00 -3.223845720291137695e+00 2.171741008758544922e+00 1.826367616653442383e+00 9.947502017021179199e-01 3.542595624923706055e+00 -1.330176711082458496e+00 1.531813979148864746e+00 4.670877456665039062e-01 -4.823013842105865479e-01 2.906991958618164062e+00 6.468069553375244141e+00 -5.914650917053222656e+00 -3.417443037033081055e-01 6.992831230163574219e-01 -5.246418952941894531e+00 9.782992005348205566e-01 -2.436329364776611328e+00 3.109022140502929688e+00 2.460575103759765625e+00 3.406998634338378906e+00 -4.353425979614257812e+00 -3.161746978759765625e+00 -8.439542651176452637e-01 1.941541433334350586e+00 -1.667017459869384766e+00 2.528004169464111328e+00 -4.304272651672363281e+00 -1.283161997795104980e+00 -1.466809749603271484e+00 6.950854063034057617e-01 8.293124198913574219e+00 2.930635213851928711e+00 -4.909845590591430664e-01 -2.593553066253662109e-02 -1.774909496307373047e+00 2.701336622238159180e+00 -5.523234367370605469e+00 2.408721923828125000e+00 -2.102673768997192383e+00 5.557082653045654297e+00 -5.133894920349121094e+00 -2.101954936981201172e+00 -1.971836447715759277e+00 3.246768712997436523e+00 -2.875590085983276367e+00 -9.229579567909240723e-01 -1.863140463829040527e-01 2.561007499694824219e+00 3.111551284790039062e+00 -1.324732542037963867e+00 3.082679033279418945e+00 2.681265354156494141e+00 1.543336987495422363e+00 2.056550502777099609e+00 -2.613943815231323242e+00 1.059155464172363281e+00 6.131522059440612793e-01 1.226329803466796875e+00 1.303161501884460449e+00 -1.050289198756217957e-01
5.500458145141601562e+01 4.223858642578125000e+01 2.256544876098632812e+01 -4.095101833343505859e+00 5.227586746215820312e+00 -8.653095245361328125e+00 -2.159579277038574219e+00 5.985614657402038574e-01 4.923633098602294922e+00 3.033648133277893066e-01 -5.021202564239501953e+00 3.487215995788574219e+00 4.262959957122802734e+00 -3.900034904479980469e+00 2.326883792877197266e+00 1.658960103988647461e+00 4.506580829620361328e+00 3.276856184005737305e+00 -1.284663558006286621e+00 5.174372196197509766e+00 4.698926448822021484e+00 7.523075342178344727e-01 3.443612813949584961e+00 2.364907741546630859e+00 5.686036586761474609e+00 4.449544429779052734e+00 1.970413684844970703e+00 5.059145927429199219e+00 -6.355902194976806641e+00 1.382701992988586426e+00 -1.507097840309143066e+00 -1.213230371475219727e+00 -9.262352585792541504e-01 -5.518688678741455078e+00 -5.585204958915710449e-01 -2.383904218673706055e+00 -7.941578865051269531e+00 -9.465798735618591309e-03 7.505126595497131348e-01 1.532532691955566406e+00 -5.274460792541503906e+00 3.049545884132385254e-01 -1.837659358978271484e+00 5.037108898162841797e+00 -2.321815967559814453e+00 -2.879028797149658203e+00 2.714257717132568359e+00 -2.279673576354980469e+00 -5.092846870422363281e+00 3.929102420806884766e+00 4.926844835281372070e-01 4.122740924358367920e-01 -3.787372589111328125e+00 3.428814709186553955e-01 2.711368501186370850e-01 -1.009105205535888672e+00 -7.111806273460388184e-01 1.689238548278808594e+00 -1.764149665832519531e+00 -8.617957234382629395e-01 1.354355573654174805e+00 1.970598846673965454e-01 3.315109968185424805e+00 2.883277177810668945e+00 1.091303348541259766e+00 -2.296423435211181641e+00 -5.555587291717529297e+00 3.096142530441284180e+00 -9.341545104980468750e-01 -1.736884951591491699e+00 -9.952322244644165039e-01 4.089261054992675781e+00 -5.318983554840087891e+00 -2.397414296865463257e-01 -2.904889345169067383e+00 -2.810688257217407227e+00 -2.354242801666259766e+00 5.845588445663452148e-01 2.578599214553833008e+00 1.270725429058074951e-01 1.183694958686828613e+00 -1.612396121025085449e+00 -3.425295591354370117e+00 9.536835551261901855e-01 -3.042962074279785156e+00 6.563612461090087891e+00 -1.071549654006958008e+00 -1.734736412763595581e-01 -3.640162467956542969e+00 5.325673580169677734e+00 6.719342231750488281e+00 -3.066619396209716797e+00 -1.305784225463867188e+00 4.565509557723999023e-01 1.733669787645339966e-01 1.399322450160980225e-01 -4.409743785858154297e+00 -4.855360686779022217e-01 -1.209189057350158691e+00 5.742247104644775391e+00
4.435527420043945312e+01 4.419363784790039062e+01 2.172283554077148438e+01 -1.304756045341491699e+00 7.490257263183593750e+00 -5.712866783142089844e+00 3.760814905166625977e+00 3.261854410171508789e+00 4.196439981460571289e-01 2.444626569747924805e+00 2.787302017211914062e+00 4.441305160522460938e+00 1.064642548561096191e+00 1.099157780408859253e-01 -1.623574495315551758e+00 -4.359711170196533203e+00 1.262373208999633789e+00 2.398847341537475586e+00 -2.789405345916748047e+00 -4.414382457733154297e+00 1.957316637039184570e+00 -3.376647949218750000e+00 -2.375877857208251953e+00 -2.375067234039306641e+00 -1.388968974351882935e-01 2.330245971679687500e+00 4.648744583129882812e+00 7.132179260253906250e+00 -4.713291168212890625e+00 2.965465068817138672e+00 9.532777667045593262e-01 3.341426610946655273e+00 1.036550617218017578e+01 -4.027060985565185547e+00 1.349787950515747070e+00 -1.513309478759765625e+00 -3.545825242996215820e+00 -1.272468209266662598e+00 3.978753328323364258e+00 1.320134282112121582e+00 4.239852726459503174e-02 2.792153358459472656e+00 2.895970828831195831e-02 4.884166240692138672e+00 -6.677150726318359375e+00 -6.952344417572021484e+00 6.838581562042236328e-01 -2.611591577529907227e+00 -7.123627185821533203e+00 1.916832208633422852e+00 3.823278427124023438e+00 2.637707948684692383e+00 -1.704534411430358887e+00 1.819907307624816895e+00 -3.667900264263153076e-01 1.011238694190979004e+00 -2.308191299438476562e+00 1.400620579719543457e+00 -5.185273170471191406e+00 -9.467568993568420410e-01 -5.637389183044433594e+00 -2.805169820785522461e+00 3.569011926651000977e+00 3.581625461578369141e+00 -2.821047604084014893e-01 1.401968359947204590e+00 -1.802587270736694336e+00 -3.351906061172485352e+00 -3.387772798538208008e+00 8.842685222625732422e-01 3.229251801967620850e-01 -5.666300296783447266e+00 -4.432018756866455078e+00 -3.499334812164306641e+00 -1.682201862335205078e+00 1.871973633766174316e+00 2.414221465587615967e-01 -3.154336214065551758e+00 -3.214505910873413086e+00 -2.373841762542724609e+00 -3.275460720062255859e+00 2.491369247436523438e-01 1.998090863227844238e+00 1.368515640497207642e-01 -7.114582657814025879e-01 -2.274483203887939453e+00 -4.685049533843994141e+00 5.321673154830932617e-01 -3.582353353500366211e+00 5.943921089172363281e+00 2.499797344207763672e+00 -3.332009792327880859e+00 -6.032609939575195312e-01 1.784907937049865723e+00 -2.485048294067382812e+00 -1.631463766098022461e+00 -1.675623178482055664e+00 -5.413696289062500000e+00 -3.237792491912841797e+00 4.554526805877685547e+00
3.505981826782226562e+01 4.299459457397460938e+01 3.599525070190429688e+01 -1.254641771316528320e+00 1.298216056823730469e+01 -7.160724163055419922e+00 6.816059589385986328e+00 3.367841005325317383e+00 7.471327185630798340e-01 -8.909897208213806152e-01 -1.594361305236816406e+00 3.720510721206665039e+00 -6.879144191741943359e+00 -2.519145965576171875e+00 -7.211779594421386719e+00 5.754663944244384766e+00 5.659767627716064453e+00 -3.497982740402221680e+00 -2.057907581329345703e+00 -7.055681228637695312e+00 -2.315901279449462891e+00 9.011920928955078125e+00 7.148997783660888672e-01 -5.210787773132324219e+00 2.151619672775268555e+00 1.467263102531433105e-01 4.071447372436523438e+00 7.542969584465026855e-01 5.109479427337646484e+00 6.909431219100952148e-01 -2.691577434539794922e+00 1.203006148338317871e+00 -4.927118778228759766e+00 8.666803359985351562e+00 6.706225872039794922e+00 6.879410147666931152e-01 6.496432304382324219e+00 -4.964236736297607422e+00 2.823813915252685547e+00 -1.209830522537231445e+00 3.682995796203613281e+00 2.671820640563964844e+00 3.890746355056762695e+00 -1.141875863075256348e+00 -3.777912616729736328e+00 -3.824045419692993164e+00 2.295980691909790039e+00 1.572707653045654297e+00 -8.321490287780761719e+00 -3.294073343276977539e+00 3.654780149459838867e+00 -3.500736474990844727e+00 -6.500222086906433105e-01 6.865797042846679688e-01 -2.534273266792297363e-01 -2.338308468461036682e-02 -5.554267883300781250e+00 3.148198127746582031e+00 2.025414854288101196e-01 -2.730387210845947266e+00 -1.547559499740600586e+00 -1.951906919479370117e+00 -4.931583881378173828e+00 2.929126024246215820e+00 -4.217780590057373047e+00 3.286323547363281250e+00 8.428382873535156250e-01 -5.379865646362304688e+00 -1.235005021095275879e+00 2.340908527374267578e+00 1.563510894775390625e+00 6.600371003150939941e-02 3.279830455780029297e+00 -8.178152441978454590e-01 -5.434845447540283203e+00 1.428322553634643555e+00 -1.701537251472473145e+00 -2.367833137512207031e+00 -5.623626232147216797e+00 -1.029719352722167969e+00 6.025280952453613281e+00 1.442083954811096191e+00 3.947731018066406250e+00 5.883609771728515625e+00 2.622388839721679688e+00 -8.674014806747436523e-01 -2.904701232910156250e+00 7.601959228515625000e+00 -4.031430244445800781e+00 -3.246691465377807617e+00 3.339578151702880859e+00 4.419436454772949219e+00 3.457716226577758789e+00 3.310743570327758789e+00 3.525759935379028320e+00 1.014076113700866699e+00 -5.177549839019775391e+00 2.659006834030151367e+00 2.104181051254272461e+00 1.137123942375183105e+00
3.413384246826171875e+01 4.477947235107421875e+01 4.174694061279296875e+01 2.432709217071533203e+00 5.664474010467529297e+00 -1.470731353759765625e+01 1.022163391113281250e+01 3.909058809280395508e+00 -5.263105630874633789e-01 -2.213954687118530273e+00 2.245488643646240234e+00 2.175890952348709106e-01 -2.095547199249267578e+00 -2.813082695007324219e+00 -1.651501297950744629e+00 -5.018379211425781250e+00 -4.785793423652648926e-01 -2.852397561073303223e-01 6.905133128166198730e-01 -8.152652740478515625e+00 3.953316688537597656e+00 -1.636974692344665527e+00 -1.220345258712768555e+00 2.019506394863128662e-01 4.264204978942871094e+00 5.381272315979003906e+00 -3.610627651214599609e+00 -6.753233671188354492e-01 -2.606444120407104492e+00 -3.852766156196594238e-01 5.722126960754394531e+00 -3.158966779708862305e+00 1.706091046333312988e+00 -7.032803058624267578e+00 1.579476118087768555e+00 6.891140460968017578e+00 5.859639644622802734e+00 3.184245824813842773e-01 5.540026664733886719e+00 4.025608539581298828e+00 -6.724378585815429688e+00 1.461694002151489258e+00 -1.769724488258361816e+00 -2.278194189071655273e+00 -6.938300609588623047e+00 4.709268569946289062e+00 -2.847247600555419922e+00 -2.956628561019897461e+00 1.938964366912841797e+00 1.257990956306457520e+00 -1.966972708702087402e+00 3.137307643890380859e+00 3.367912054061889648e+00 6.746736764907836914e-01 -2.161104440689086914e+00 -2.749239504337310791e-01 -1.469192624092102051e+00 -6.040778160095214844e+00 4.295277595520019531e+00 -6.570617675781250000e+00 1.263372182846069336e+00 -3.144778609275817871e-01 -2.681879520416259766e+00 1.945515871047973633e+00 2.493170022964477539e+00 -4.511026859283447266e+00 1.372327566146850586e+00 -1.493357062339782715e+00 -5.670424461364746094e+00 8.235238790512084961e-01 -1.649734854698181152e+00 6.966304183006286621e-01 2.913983106613159180e+00 2.921019554138183594e+00 1.750815868377685547e+00 5.974191665649414062e+00 5.466452121734619141e+00 4.622214436531066895e-01 1.304168850183486938e-01 -3.454914808273315430e+00 -1.816540807485580444e-01 7.260252237319946289e-01 2.625468969345092773e+00 6.996335387229919434e-01 -3.871776461601257324e-01 2.942129135131835938e+00 -1.978660702705383301e+00 8.959656953811645508e-01 -6.365502476692199707e-01 -5.050289154052734375e+00 -6.222657203674316406e+00 -1.305084228515625000e+00 6.174581646919250488e-01 -3.240456283092498779e-01 2.963616847991943359e+00 6.240152120590209961e-01 -3.131838321685791016e+00 2.858129501342773438e+00 1.438833117485046387e+00 -2.957725822925567627e-01
3.089085197448730469e+01 5.011870956420898438e+01 4.417228698730468750e+01 -1.317135810852050781e+00 8.169026374816894531e+00 -9.405948638916015625e+00 9.932652473449707031e+00 6.876965165138244629e-01 -4.067917764186859131e-01 -1.070988655090332031e+00 -1.284092545509338379e+00 -2.814823865890502930e+00 -3.723955154418945312e+00 6.887374877929687500e+00 1.214411258697509766e+00 3.064273118972778320e+00 -4.476147890090942383e-01 -1.342382907867431641e+01 -2.273100376129150391e+00 -3.919257879257202148e+00 5.070175170898437500e+00 -2.900090217590332031e+00 3.397808074951171875e-01 1.320085883140563965e+00 5.247317790985107422e+00 -2.455857515335083008e+00 -1.683401584625244141e+00 5.208322048187255859e+00 -3.341744422912597656e+00 -6.355081081390380859e+00 1.689139246940612793e+00 -1.056997030973434448e-01 9.721848368644714355e-02 5.887200832366943359e-01 3.265023529529571533e-01 2.806064784526824951e-01 -4.260691165924072266e+00 -4.050162315368652344e+00 -2.746901035308837891e+00 -1.795674264430999756e-01 -2.385484933853149414e+00 -1.141177296638488770e+00 6.178248524665832520e-01 1.628697276115417480e+00 -3.231229186058044434e-01 -3.626827239990234375e+00 1.506256818771362305e+00 -5.990484714508056641e+00 1.670834183692932129e+00 8.548312783241271973e-01 -1.852418661117553711e+00 -9.028217792510986328e-01 -2.773192882537841797e+00 5.120126724243164062e+00 -2.148490905761718750e+00 -2.289616584777832031e+00 -1.885204672813415527e+00 1.455855965614318848e+00 5.454018592834472656e+00 1.763205885887145996e+00 3.736193180084228516e+00 4.004235267639160156e+00 6.381902694702148438e+00 2.327726364135742188e+00 -2.691580295562744141e+00 5.443816184997558594e-01 2.833691596984863281e+00 6.205933690071105957e-01 1.117502331733703613e+00 2.450207233428955078e+00 5.239410400390625000e+00 7.207885980606079102e-01 2.346491098403930664e+00 6.362416744232177734e+00 1.812164425849914551e+00 5.372804164886474609e+00 5.365248680114746094e+00 -4.235426425933837891e+00 -1.065557241439819336e+00 -1.236516714096069336e+00 -2.897942066192626953e+00 -3.039661347866058350e-01 -9.270125031471252441e-01 1.979308009147644043e+00 2.644906759262084961e+00 -1.325652837753295898e+00 1.688258290290832520e+00 -2.355665206909179688e+00 2.697781085968017578e+00 3.260962963104248047e+00 4.704495072364807129e-01 -5.358675122261047363e-01 -2.985782861709594727e+00 -7.174665451049804688e+00 1.440468549728393555e+00 -6.031800270080566406e+00 1.680069804191589355e+00 1.648628950119018555e+00 -1.588323712348937988e+00 -1.965469002723693848e+00
3.570553970336914062e+01 4.943042755126953125e+01 4.046796035766601562e+01 2.493300914764404297e+00 6.628819465637207031e+00 -1.286261844635009766e+01 8.967518806457519531e+00 1.194661855697631836e+00 -4.874488353729248047e+00 -1.278959870338439941e+00 -1.237185597419738770e+00 -5.215831756591796875e+00 -4.665436744689941406e+00 -1.247198462486267090e+00 2.040124237537384033e-01 7.796307802200317383e-01 5.357821583747863770e-01 -2.720634698867797852e+00 -5.751978397369384766e+00 5.081982612609863281e+00 1.387189626693725586e-01 -2.901291847229003906e+00 8.693868517875671387e-01 6.448441028594970703e+00 5.438626289367675781e+00 -2.999287128448486328e+00 -4.334644317626953125e+00 7.390307784080505371e-01 -6.713558673858642578e+00 -1.737508416175842285e+00 5.284280300140380859e+00 -2.149434983730316162e-01 -1.114896535873413086e+00 3.265962600708007812e-01 4.840632438659667969e+00 6.726877689361572266e+00 -3.687650442123413086e+00 8.265409469604492188e-01 1.046961307525634766e+00 4.189810752868652344e+00 -3.115422725677490234e+00 -6.021479129791259766e+00 3.122475445270538330e-01 -2.279354333877563477e+00 5.642787814140319824e-01 -5.298510551452636719e+00 -6.297438144683837891e+00 -5.422945022583007812e+00 -2.093787431716918945e+00 -5.754902958869934082e-02 1.687166333198547363e+00 -4.990965843200683594e+00 1.715485930442810059e+00 5.483387947082519531e+00 -4.369381427764892578e+00 -1.237906098365783691e+00 3.328486442565917969e+00 -9.764721393585205078e-01 -9.969135522842407227e-01 -3.272844552993774414e+00 -1.255995750427246094e+00 3.308622837066650391e-01 -4.092069149017333984e+00 6.565899252891540527e-01 -2.424259901046752930e+00 -1.997396349906921387e+00 4.386512756347656250e+00 2.445417642593383789e+00 4.073125362396240234e+00 -4.410626888275146484e-01 -2.153990983963012695e+00 1.518640667200088501e-01 -1.708712339401245117e+00 2.840664148330688477e+00 9.545578956604003906e-01 5.027918219566345215e-01 -7.942076921463012695e-01 8.536148667335510254e-01 -2.296663761138916016e+00 2.425537824630737305e+00 1.591686487197875977e+00 -2.355661153793334961e+00 1.625792980194091797e+00 -2.283629894256591797e+00 1.902649283409118652e+00 5.389326572418212891e+00 1.343288719654083252e-01 1.493869185447692871e+00 -1.187974363565444946e-01 -1.880219697952270508e+00 -9.458118081092834473e-01 4.136265277862548828e+00 2.716055631637573242e+00 -5.276880264282226562e+00 6.833044886589050293e-01 -1.241831898689270020e+00 1.751499533653259277e+00 -3.439410209655761719e+00 -6.049767136573791504e-01 4.576838970184326172e+00
2.682308578491210938e+01 4.373610687255859375e+01 4.667088699340820312e+01 5.145359039306640625e+00 5.632235527038574219e+00 -1.134341239929199219e+01 1.043220615386962891e+01 3.363467216491699219e+00 -4.758975803852081299e-01 -1.122040748596191406e-01 -1.399976134300231934e+00 -2.554362535476684570e+00 -7.835940837860107422e+00 2.995157241821289062e+00 -8.317452430725097656e+00 -2.552760839462280273e+00 -6.044527888298034668e-01 -5.274537563323974609e+00 2.841287612915039062e+00 -6.735991001129150391e+00 -2.401167392730712891e+00 -8.917081832885742188e+00 9.342985153198242188e-01 4.770092964172363281e-01 1.830352783203125000e+00 -5.857792377471923828e+00 5.063079833984375000e+00 -6.576407909393310547e+00 8.227529525756835938e+00 -3.527687788009643555e+00 -4.652192890644073486e-01 -5.695165991783142090e-01 1.078102207183837891e+01 3.183907747268676758e+00 -9.550574421882629395e-01 3.943670913577079773e-02 9.845935106277465820e-01 -2.605700492858886719e-01 -1.215856313705444336e+00 2.019475460052490234e+00 -2.479162216186523438e+00 -3.745516300201416016e+00 -3.177685022354125977e+00 -2.528761863708496094e+00 2.035236060619354248e-01 -6.611582279205322266e+00 -4.532252550125122070e-01 1.559956789016723633e+00 1.786349773406982422e+00 7.956367135047912598e-01 -5.236107826232910156e+00 -1.104971408843994141e+00 2.246582269668579102e+00 2.287669181823730469e+00 8.952579498291015625e+00 -1.710120677947998047e+00 6.597036361694335938e+00 9.104234576225280762e-01 -3.378469944000244141e+00 -2.014561414718627930e+00 4.423939287662506104e-01 -7.120444774627685547e-01 -3.662187576293945312e+00 -7.173014879226684570e-01 -4.191444873809814453e+00 -1.439854145050048828e+00 1.662197232246398926e+00 -1.348820209503173828e+00 -1.692846059799194336e+00 1.828781366348266602e-01 -8.280853271484375000e+00 4.772631451487541199e-03 4.867606639862060547e+00 9.286722183227539062e+00 4.375988960266113281e+00 3.574467658996582031e+00 6.136586666107177734e+00 1.402459859848022461e+00 -4.800446987152099609e+00 -1.396919786930084229e-01 8.053414225578308105e-01 -2.461749315261840820e+00 -5.583685874938964844e+00 -1.471385836601257324e+00 -2.102167606353759766e+00 -3.953672349452972412e-01 -1.627219080924987793e+00 -1.226295471191406250e+00 1.615041345357894897e-01 9.025004506111145020e-02 -3.741571664810180664e+00 3.372938632965087891e-01 -4.463838577270507812e+00 2.786585092544555664e+00 -5.111341476440429688e+00 3.822875022888183594e+00 -1.103292703628540039e+00 -3.089835643768310547e+00 -9.018175005912780762e-01 -4.279430389404296875e+00
3.059962844848632812e+01 4.809154891967773438e+01 4.604325866699218750e+01 2.666391372680664062e+00 1.126366519927978516e+01 -1.017898464202880859e+01 1.348241424560546875e+01 6.652956008911132812e+00 -2.525998830795288086e+00 6.282649636268615723e-01 3.278405070304870605e-01 -6.884195327758789062e+00 -2.244676113128662109e+00 4.403680324554443359e+00 -2.944852590560913086e+00 1.174676343798637390e-01 6.365746498107910156e+00 -9.331995964050292969e+00 4.689138412475585938e+00 -5.440614700317382812e+00 1.729922771453857422e+00 -5.298948287963867188e-01 1.905469596385955811e-01 -2.461752176284790039e+00 -2.551847100257873535e-01 2.972564458847045898e+00 -4.206739366054534912e-01 -4.059019565582275391e+00 4.123269081115722656e+00 2.224231719970703125e+00 4.252690970897674561e-01 3.458951950073242188e+00 -3.540475368499755859e+00 -5.898422002792358398e-01 3.763048648834228516e-01 -1.008910942077636719e+01 -1.320485711097717285e+00 -3.394581317901611328e+00 -2.765378952026367188e-01 -4.544637680053710938e+00 -1.394358158111572266e+00 -8.080270886421203613e-01 -1.543653845787048340e+00 -1.995442152023315430e+00 8.464365959167480469e+00 2.607716321945190430e+00 4.912678718566894531e+00 6.236979961395263672e+00 -3.108085632324218750e+00 -3.312042474746704102e+00 -3.707325458526611328e-01 -2.426680564880371094e+00 1.933909773826599121e+00 1.495392680168151855e+00 -2.667331457138061523e+00 3.166386604309082031e+00 -6.624392032623291016e+00 1.869378685951232910e+00 -9.808648228645324707e-01 -3.275587797164916992e+00 9.723398089408874512e-01 -3.265092611312866211e+00 4.162315845489501953e+00 -2.443194150924682617e+00 -1.029835581779479980e+00 1.441907286643981934e+00 2.821516036987304688e+00 -5.430546402931213379e-01 -2.366027832031250000e-01 -3.300534486770629883e+00 5.323743224143981934e-01 -4.913902759552001953e+00 -2.228989124298095703e+00 1.662240743637084961e+00 1.863904714584350586e+00 -2.821684479713439941e-01 -1.163529992103576660e+00 -3.786262273788452148e+00 -2.177163362503051758e+00 -1.290670514106750488e+00 -1.987077832221984863e+00 -1.221678137779235840e+00 -4.355654239654541016e+00 2.781816482543945312e+00 4.563031196594238281e-01 -6.013383865356445312e+00 -1.070855498313903809e+00 1.964118629693984985e-01 -1.694648385047912598e+00 5.628721714019775391e+00 4.434720799326896667e-02 1.731327772140502930e+00 4.711662292480468750e+00 2.954520940780639648e+00 4.275310039520263672e+00 -4.075757503509521484e+00 5.287003993988037109e+00 -1.883462220430374146e-01 -4.125286102294921875e+00 1.748341441154479980e+00
2.116722869873046875e+01 4.419787216186523438e+01 4.905911254882812500e+01 4.165766239166259766e+00 1.036404418945312500e+01 -8.699575424194335938e+00 1.214554309844970703e+01 5.887276172637939453e+00 -7.212130069732666016e+00 -3.078684806823730469e+00 3.915665388107299805e+00 -3.707932949066162109e+00 3.564833879470825195e+00 6.893163204193115234e+00 -2.119204998016357422e+00 3.888088464736938477e+00 -2.222859382629394531e+00 -2.026943922042846680e+00 -3.438391685485839844e+00 -9.306664466857910156e+00 -1.546334028244018555e+00 1.692679166793823242e+00 -9.195396304130554199e-01 3.499584436416625977e+00 -1.057920336723327637e+00 1.939310908317565918e+00 5.607240676879882812e+00 -2.521608114242553711e+00 1.613340973854064941e+00 2.655482530593872070e+00 -4.308877468109130859e+00 1.716823935508728027e+00 -1.826322078704833984e+00 2.772673368453979492e-01 1.149869918823242188e+00 -4.568920135498046875e+00 4.658657073974609375e+00 8.144740104675292969e+00 -2.868406057357788086e+00 -2.211845636367797852e+00 4.978977739810943604e-01 1.673022389411926270e+00 1.357288122177124023e+00 7.971396297216415405e-02 9.089881777763366699e-01 2.920555114746093750e+00 1.943483710289001465e+00 7.986415028572082520e-01 6.027091503143310547e+00 -1.994810700416564941e+00 -2.046542644500732422e+00 1.805349707603454590e+00 -7.697542905807495117e-01 -3.862067461013793945e+00 -8.465901613235473633e-01 -1.352680444717407227e+00 -1.104448795318603516e+00 -4.319860458374023438e+00 8.824819326400756836e-01 5.491232872009277344e+00 9.549183249473571777e-01 -2.028812885284423828e+00 1.419242262840270996e+00 7.173580527305603027e-01 4.620060443878173828e+00 -4.320249557495117188e+00 -2.554970741271972656e+00 4.337085723876953125e+00 3.227372884750366211e+00 -1.683987975120544434e+00 3.543037176132202148e+00 6.320208549499511719e+00 -1.268616676330566406e+00 -2.675564527511596680e+00 4.656392574310302734e+00 -6.559126853942871094e+00 -3.547847270965576172e+00 -4.192516803741455078e+00 4.246178627014160156e+00 1.371397376060485840e-01 -1.892343878746032715e+00 -6.136690378189086914e-01 4.107211589813232422e+00 1.279099583625793457e+00 3.325605392456054688e-01 -3.485608339309692383e+00 1.513480246067047119e-01 -1.540016055107116699e+00 -5.223617553710937500e+00 7.430185079574584961e-01 -2.948197603225708008e+00 -2.039060592651367188e+00 -3.941574096679687500e+00 2.463020563125610352e+00 3.526977896690368652e-01 2.981065034866333008e+00 9.423490166664123535e-01 7.128998637199401855e-01 4.800641834735870361e-01 -7.287408709526062012e-01
1.735767936706542969e+01 4.066759109497070312e+01 5.000737380981445312e+01 7.274543762207031250e+00 8.057667016983032227e-01 -1.515876388549804688e+01 1.696772193908691406e+01 4.033596038818359375e+00 -3.936694860458374023e+00 4.297300815582275391e+00 -7.906792163848876953e-01 -1.970551371574401855e+00 1.230989098548889160e+00 5.828884601593017578e+00 -8.175460621714591980e-03 -6.439249515533447266e+00 -4.424478709697723389e-01 -4.726908683776855469e+00 -8.717618942260742188e+00 -8.727223396301269531e+00 -5.264760494232177734e+00 3.993568718433380127e-01 3.041757345199584961e-01 4.156253814697265625e+00 2.263458490371704102e+00 4.936397075653076172e+00 -2.452120780944824219e+00 -1.824115276336669922e+00 1.251719117164611816e+00 1.017180085182189941e+00 -4.723654270172119141e+00 -1.140399575233459473e+00 -5.338202953338623047e+00 4.040030479431152344e+00 3.457340240478515625e+00 -3.364785194396972656e+00 2.215470790863037109e+00 -2.077177762985229492e+00 2.046083688735961914e+00 -2.893476009368896484e+00 1.324580788612365723e+00 3.493486642837524414e+00 5.088986396789550781e+00 -2.266721963882446289e+00 2.421002149581909180e+00 6.795973777770996094e+00 -4.669855594635009766e+00 9.285691976547241211e-01 1.463972449302673340e+00 1.634509086608886719e+00 2.933175086975097656e+00 2.037947893142700195e+00 -5.561438083648681641e+00 5.823891639709472656e+00 -3.740494847297668457e-01 -5.871871709823608398e-01 -9.118723869323730469e-01 -2.081973791122436523e+00 -4.007081031799316406e+00 1.302255868911743164e+00 4.395046234130859375e+00 -3.016194820404052734e+00 1.114258861541748047e+01 -6.534504413604736328e+00 4.480201721191406250e+00 1.273897647857666016e+00 1.311945319175720215e+00 1.118663072586059570e+00 1.386391758918762207e+00 -1.711569279432296753e-01 -6.980049014091491699e-01 3.924635171890258789e+00 -7.062802314758300781e-01 -5.016700744628906250e+00 -4.509877264499664307e-01 -1.354830265045166016e+00 -2.254209280014038086e+00 2.727502584457397461e+00 5.463706851005554199e-01 9.209354221820831299e-02 -8.824937790632247925e-02 -4.404867649078369141e+00 1.913085937500000000e+00 -1.998650729656219482e-01 -1.097434043884277344e+00 -3.635485470294952393e-01 1.553146362304687500e+00 -3.797058105468750000e+00 4.311058998107910156e+00 2.012171268463134766e+00 -9.297969341278076172e-01 -2.148731946945190430e+00 7.487887740135192871e-01 -5.217555522918701172e+00 -1.386407017707824707e+00 -3.175796031951904297e+00 -1.305565595626831055e+00 1.425617575645446777e+00 -1.153557538986206055e+00 -7.531000971794128418e-01
1.235595798492431641e+01 4.439620971679687500e+01 4.626973724365234375e+01 8.580152511596679688e+00 2.538408994674682617e+00 -6.758937358856201172e+00 1.883888816833496094e+01 8.803468942642211914e-01 -1.706816673278808594e+01 -6.217677593231201172e+00 2.917228937149047852e+00 -1.029378795623779297e+01 1.879070997238159180e+00 -3.111533641815185547e+00 -3.134638667106628418e-01 -4.700392857193946838e-02 4.664472579956054688e+00 1.120540976524353027e+00 -3.580281496047973633e+00 2.084270119667053223e-01 1.044338703155517578e+00 -2.789868354797363281e+00 6.905483007431030273e-01 1.905667304992675781e+00 -7.344784259796142578e+00 -6.565417647361755371e-01 -3.468551158905029297e+00 4.133526802062988281e+00 -7.356583595275878906e+00 2.934851408004760742e+00 5.171352863311767578e+00 1.762403249740600586e+00 6.033855438232421875e+00 2.646530389785766602e+00 -1.814682334661483765e-01 5.655896186828613281e+00 1.389695405960083008e+00 3.996817827224731445e+00 -6.773000240325927734e+00 2.451057195663452148e+00 -5.854976654052734375e+00 -3.717600345611572266e+00 2.800397634506225586e+00 -2.063624709844589233e-01 1.497629582881927490e-01 -2.040106534957885742e+00 1.090672373771667480e+00 5.537526607513427734e+00 2.105917930603027344e+00 3.411275625228881836e+00 -3.299772500991821289e+00 4.173089504241943359e+00 -1.782446861267089844e+00 -3.770625829696655273e+00 -2.349465370178222656e+00 -2.574832439422607422e+00 3.188848257064819336e+00 -2.353543043136596680e+00 -6.214022040367126465e-01 2.527891159057617188e+00 -1.620205283164978027e+00 1.490257024765014648e+00 1.400936603546142578e+00 2.196769714355468750e+00 -2.597694873809814453e+00 -1.458794713020324707e+00 8.378686904907226562e-01 -5.198362469673156738e-02 1.120038509368896484e+00 -1.466040372848510742e+00 5.054838180541992188e+00 -1.701015830039978027e+00 2.627980947494506836e+00 -2.924842536449432373e-01 -1.872565746307373047e-01 -2.442329406738281250e+00 -6.037292957305908203e+00 3.810099601745605469e+00 3.034346818923950195e+00 4.354347229003906250e+00 2.274918079376220703e+00 3.184864044189453125e+00 -6.741465091705322266e+00 -4.107446670532226562e+00 -3.438855171203613281e+00 8.929227828979492188e+00 6.811402797698974609e+00 -1.185359597206115723e+00 4.937390804290771484e+00 -2.081943303346633911e-01 -1.245718836784362793e+00 9.077535271644592285e-01 1.936443209648132324e+00 6.748969078063964844e+00 -1.877558350563049316e+00 6.303985118865966797e+00 -8.171244859695434570e-01 6.949427127838134766e-01 8.208875060081481934e-01 -4.840124607086181641e+00
1.864648246765136719e+01 4.189949798583984375e+01 4.928523254394531250e+01 2.708607673645019531e+00 8.183259963989257812e+00 -9.270945549011230469e+00 1.757187652587890625e+01 3.207030773162841797e+00 -1.056771564483642578e+01 -2.783227443695068359e+00 6.412703990936279297e-01 -1.010208034515380859e+01 -2.174959182739257812e+00 9.541476249694824219e+00 -1.047208189964294434e+00 2.721923112869262695e+00 1.001032114028930664e+00 -5.155411720275878906e+00 1.106355667114257812e+01 -4.355510234832763672e+00 5.105829238891601562e+00 -4.567865371704101562e+00 9.642337560653686523e-01 -6.755232334136962891e+00 -4.129534244537353516e+00 -6.709995746612548828e+00 1.009286999702453613e+00 -1.574910998344421387e+00 3.389477729797363281e+00 1.954206526279449463e-01 -3.072861433029174805e+00 -2.506157398223876953e+00 -7.843988418579101562e+00 -3.793716192245483398e+00 -3.594569683074951172e+00 2.419528961181640625e+00 1.721525788307189941e+00 1.019980335235595703e+01 -5.087042331695556641e+00 -2.267290115356445312e+00 1.329268455505371094e+01 -1.804113268852233887e+00 -7.965710639953613281e+00 -7.100012779235839844e+00 2.675837993621826172e+00 3.785262584686279297e+00 3.449786901473999023e-01 -5.577243804931640625e+00 3.774856328964233398e+00 -1.584095001220703125e+00 -1.052573204040527344e+00 3.604076623916625977e+00 5.800913274288177490e-02 -7.593325614929199219e+00 -7.734029293060302734e-01 2.972789764404296875e+00 1.784810304641723633e+00 3.625521957874298096e-01 -1.871248960494995117e+00 -9.850379228591918945e-01 2.710276842117309570e+00 4.308768749237060547e+00 -5.405225276947021484e+00 5.880765318870544434e-01 -6.438357830047607422e-01 1.129731893539428711e+00 -5.149035453796386719e+00 -4.908699035644531250e+00 1.144452929496765137e+00 3.140916824340820312e+00 -6.012361049652099609e+00 -7.410021305084228516e+00 5.940135121345520020e-01 -2.056002378463745117e+00 -8.412573933601379395e-01 -6.724392414093017578e+00 2.197503328323364258e+00 -2.031151294708251953e+00 1.142262458801269531e+00 -2.594915151596069336e+00 7.599974274635314941e-01 5.292454719543457031e+00 4.374065876007080078e+00 -3.883841753005981445e+00 -1.173786878585815430e+00 4.947889447212219238e-01 2.840379953384399414e+00 -1.051052093505859375e+00 9.661120176315307617e-01 -2.430326044559478760e-01 -2.109290599822998047e+00 -2.589295208454132080e-01 2.062109708786010742e+00 -2.780376672744750977e+00 5.170623064041137695e-01 1.397771239280700684e-01 5.292886734008789062e+00 -2.298251867294311523e+00 1.846550822257995605e+00 5.442910194396972656e+00
