2.911875915527343750e+01 -1.443721294403076172e+01 1.052148532867431641e+01
1.511572241783142090e+00 -2.057142257690429688e+01 -6.349504947662353516e+00
-1.563849258422851562e+01 1.800624465942382812e+01 -2.876670360565185547e+00
9.764596939086914062e+00 2.955316734313964844e+01 -1.260617542266845703e+01
1.348857021331787109e+01 -2.950373458862304688e+01 3.647433519363403320e+00
2.141630935668945312e+01 -3.772305548191070557e-01 1.676399993896484375e+01
-9.941471099853515625e+00 -1.110942482948303223e+00 -3.662516784667968750e+01
-1.364896297454833984e+01 3.128941726684570312e+01 6.855358123779296875e+00
-1.273418521881103516e+01 1.342295837402343750e+01 -1.239908599853515625e+01
1.812028884887695312e+01 8.061904907226562500e+00 -8.227843046188354492e-01
-2.395826721191406250e+01 1.156123256683349609e+01 -1.444954872131347656e+01
2.700087547302246094e+01 2.665465116500854492e+00 -2.582821846008300781e+01
-2.506089591979980469e+01 7.784069538116455078e+00 -1.237204742431640625e+01
5.057663917541503906e-01 -1.776606178283691406e+01 -1.289820957183837891e+01
-3.058796882629394531e+01 1.116797733306884766e+01 -1.254940986633300781e+01
1.833660316467285156e+01 5.840283632278442383e-01 2.300652503967285156e+01
-5.326030254364013672e+00 -1.554683971405029297e+01 2.749558258056640625e+01
-3.081677246093750000e+01 2.065205383300781250e+01 -7.923492908477783203e+00
1.532410907745361328e+01 2.518855285644531250e+01 1.796685791015625000e+01
-2.081919860839843750e+01 -8.116166114807128906e+00 -2.195343494415283203e+00
1.519244861602783203e+01 -1.330618286132812500e+01 1.573634624481201172e+00
-1.877244567871093750e+01 2.416361808776855469e+00 -2.324542617797851562e+01
-4.678680896759033203e+00 1.112124538421630859e+01 1.948425102233886719e+01
-1.308243751525878906e+01 1.323063945770263672e+01 -1.664921045303344727e+00
1.523315429687500000e+00 -1.457735252380371094e+01 -2.393084049224853516e+00
-1.142853927612304688e+01 2.683045768737792969e+01 9.191690683364868164e-01
7.464014530181884766e+00 7.910244941711425781e+00 -2.753789329528808594e+01
-5.353544712066650391e+00 7.460149288177490234e+00 -2.895552158355712891e+00
2.620130729675292969e+01 -2.486404609680175781e+01 3.965565919876098633e+00
1.867334747314453125e+01 1.292850613594055176e+00 -4.996960163116455078e+00
6.093405246734619141e+00 -1.245067214965820312e+01 9.071895599365234375e+00
3.489837646484375000e+01 -1.286567401885986328e+01 -7.540639400482177734e+00
5.911166191101074219e+00 7.715277671813964844e+00 5.792708873748779297e+00
2.260259437561035156e+01 1.701733589172363281e+01 -2.127025985717773438e+01
1.757884025573730469e+00 2.228244209289550781e+01 2.503081703186035156e+01
1.173706340789794922e+01 3.384978324174880981e-02 9.196955680847167969e+00
-3.122377586364746094e+01 2.030213928222656250e+01 -3.753946065902709961e+00
1.025304508209228516e+01 -2.767448806762695312e+01 -1.139029407501220703e+01
9.580781459808349609e-01 -1.971742808818817139e-01 1.076690292358398438e+01
-1.025459480285644531e+01 1.529147529602050781e+01 3.718145608901977539e+00
1.629054069519042969e+01 2.169615364074707031e+01 -6.858932971954345703e-02
1.835266685485839844e+01 -1.378964781761169434e+00 2.461190605163574219e+01
-8.785319924354553223e-01 1.643440628051757812e+01 2.141740798950195312e+01
6.746916294097900391e+00 1.060997581481933594e+01 1.724606323242187500e+01
-1.364613342285156250e+01 1.975951194763183594e+01 3.214858293533325195e+00
2.626649093627929688e+01 9.061261177062988281e+00 2.306418609619140625e+01
-7.039239406585693359e+00 -2.107437705993652344e+01 -1.358940982818603516e+01
2.299990844726562500e+01 2.073513984680175781e+01 1.772639083862304688e+01
-2.456991386413574219e+01 -9.720277786254882812e+00 -1.292169094085693359e+01
1.810199928283691406e+01 1.581053972244262695e+00 -7.653082370758056641e+00
1.253721714019775391e+01 1.135625839233398438e+01 8.171350479125976562e+00
-2.147210311889648438e+01 -9.204078674316406250e+00 1.646239852905273438e+01
1.311310291290283203e+01 -1.995114898681640625e+01 -1.585891437530517578e+01
1.207610034942626953e+01 -5.305935144424438477e-01 1.013215065002441406e+01
5.930301666259765625e+00 2.854427146911621094e+01 -1.307722759246826172e+01
-1.062428855895996094e+01 -9.677628517150878906e+00 -1.048304080963134766e+01
2.437953567504882812e+01 -2.166992950439453125e+01 -5.342199802398681641e+00
-6.259834289550781250e+00 -2.134733963012695312e+01 1.631169319152832031e+01
3.701786804199218750e+01 -3.781143724918365479e-01 6.043032169342041016e+00
7.122408390045166016e+00 -1.203465843200683594e+01 -8.538908004760742188e+00
-5.679693222045898438e-01 1.490349483489990234e+01 -2.016216278076171875e+01
1.138396358489990234e+01 -3.185001850128173828e+00 -2.211291694641113281e+01
4.112320423126220703e+00 7.277539253234863281e+00 -1.344514083862304688e+01
1.429314374923706055e+00 2.184009170532226562e+01 2.594947433471679688e+01
2.506119728088378906e+01 -2.225151062011718750e+01 -5.336496353149414062e+00
-1.257187247276306152e+00 2.596244621276855469e+01 2.482129287719726562e+01
-5.108911037445068359e+00 3.609664916992187500e+01 1.710297584533691406e+01
-2.321746587753295898e+00 1.810845947265625000e+01 2.013068771362304688e+01
-2.983950614929199219e+00 6.375817298889160156e+00 1.018852138519287109e+01
1.887317276000976562e+01 5.946519851684570312e+00 5.650284290313720703e+00
9.759114265441894531e+00 -2.080119705200195312e+01 -1.186639022827148438e+01
6.996909618377685547e+00 -3.596706390380859375e+01 1.276277542114257812e+00
-3.836659669876098633e+00 1.962801170349121094e+01 3.171905994415283203e+00
-5.217810153961181641e+00 5.631083488464355469e+00 4.428164958953857422e+00
-1.776398849487304688e+01 8.186835289001464844e+00 -7.981241226196289062e+00
-8.938520550727844238e-01 3.266203308105468750e+01 -8.591729164123535156e+00
2.013232040405273438e+01 2.466081809997558594e+01 -8.154810905456542969e+00
3.309361040592193604e-01 -1.193592357635498047e+01 4.740809440612792969e+00
2.028455924987792969e+01 -2.083976745605468750e+01 1.446120071411132812e+01
-1.004930019378662109e+01 3.323219776153564453e+00 2.034750366210937500e+01
2.199009323120117188e+01 -3.015838384628295898e+00 8.365787506103515625e+00
1.350926017761230469e+01 9.168150901794433594e+00 2.062713813781738281e+01
-1.413178062438964844e+01 -1.211892700195312500e+01 1.078128218650817871e+00
-2.786924743652343750e+01 1.215385437011718750e+01 2.076432800292968750e+01
-1.251411724090576172e+01 1.445339441299438477e+00 7.276285171508789062e+00
-4.210444450378417969e+00 -2.138284111022949219e+01 -2.241282844543457031e+01
-1.378019332885742188e+01 2.037443733215332031e+01 2.182223129272460938e+01
-2.107088661193847656e+01 -3.702312946319580078e+00 4.602483212947845459e-01
-1.151337814331054688e+01 3.593903732299804688e+01 1.484992694854736328e+01
5.227130055427551270e-01 -2.914164352416992188e+01 -1.601475906372070312e+01
3.349631786346435547e+00 -2.593720054626464844e+01 2.008149528503417969e+01
1.179558563232421875e+01 -1.553046703338623047e+01 -2.717938995361328125e+01
-1.180723094940185547e+01 -2.291889572143554688e+01 -2.102709007263183594e+01
-5.515316486358642578e+00 4.020114135742187500e+01 -3.456058979034423828e+00
2.095742797851562500e+01 6.696093678474426270e-01 -1.432514572143554688e+01
-1.652470970153808594e+01 -2.382939910888671875e+01 -1.643768692016601562e+01
2.562913322448730469e+01 -8.919504165649414062e+00 2.735092544555664062e+01
-1.795705223083496094e+01 -4.241795539855957031e+00 -1.750924110412597656e+01
1.071497249603271484e+01 -3.239291381835937500e+01 1.238758468627929688e+01
-9.978661537170410156e+00 1.634832382202148438e+01 1.014731407165527344e+01
-9.630649566650390625e+00 2.906819725036621094e+01 7.413621544837951660e-01
-2.821394920349121094e+01 -3.805373668670654297e+00 -4.118957519531250000e+00
-9.038254737854003906e+00 1.095169925689697266e+01 1.529803276062011719e+01
1.145816993713378906e+01 6.062078952789306641e+00 1.070238971710205078e+01
9.545784950256347656e+00 -3.333010482788085938e+01 1.259208297729492188e+01
-2.195365142822265625e+01 -8.921504974365234375e+00 -1.871809005737304688e+01
-1.964253425598144531e+01 -2.653640556335449219e+01 -2.356107234954833984e-01
2.153960227966308594e+01 -8.383028030395507812e+00 7.262443542480468750e+00
-3.585151195526123047e+00 -2.245094299316406250e+01 -6.492970585823059082e-01
-1.534993839263916016e+01 -2.286979484558105469e+01 -1.410755348205566406e+01
-8.327645301818847656e+00 8.924850463867187500e+00 -2.737858581542968750e+01
7.763685703277587891e+00 3.048590469360351562e+01 1.753185844421386719e+01
1.279840183258056641e+01 2.240996599197387695e+00 1.827933311462402344e+01
-9.281101226806640625e-01 3.701247024536132812e+01 1.886867904663085938e+01
1.699879837036132812e+01 -1.066253471374511719e+01 -2.409097290039062500e+01
-3.926747131347656250e+01 4.644180297851562500e+00 1.020711612701416016e+01
-1.438265800476074219e+00 -1.545240116119384766e+01 2.844028091430664062e+01
7.822105407714843750e+00 2.048124694824218750e+01 3.093988418579101562e+01
9.226514697074890137e-01 3.463373184204101562e+01 -8.816371917724609375e+00
-1.055886268615722656e+01 -1.834443092346191406e+01 -7.294299125671386719e+00
1.236941576004028320e+00 1.776817512512207031e+01 1.331464195251464844e+01
2.855534553527832031e+01 9.460724830627441406e+00 6.747499942779541016e+00
-2.621204757690429688e+01 4.859133064746856689e-01 3.838462114334106445e+00
-2.452333259582519531e+01 -5.955324172973632812e+00 1.389970684051513672e+01
2.718659210205078125e+01 2.154228782653808594e+01 8.947898864746093750e+00
-5.895472764968872070e-01 3.898269271850585938e+01 9.369517326354980469e+00
1.098711013793945312e+01 1.811496925354003906e+01 2.102437400817871094e+01
-6.818352699279785156e+00 3.037062263488769531e+01 1.203531265258789062e+01
2.119247436523437500e+00 1.486606121063232422e+01 -6.353512763977050781e+00
-1.429572105407714844e+01 1.700957870483398438e+01 -3.851652383804321289e+00
1.047554683685302734e+01 -1.153181552886962891e+01 2.183703231811523438e+01
-3.874423980712890625e+01 -4.685195922851562500e+00 -1.392712688446044922e+01
-3.036396408081054688e+01 -7.564752578735351562e+00 6.728556632995605469e+00
-2.479495620727539062e+01 -2.012344598770141602e+00 -5.246631428599357605e-02
-3.346628570556640625e+01 2.013817787170410156e+01 -1.827551960945129395e+00
-1.422649264335632324e+00 1.142854309082031250e+01 1.340656471252441406e+01
-3.244682848453521729e-01 1.559613323211669922e+01 -1.889720153808593750e+01
-4.095660209655761719e+00 -3.561479187011718750e+01 -1.243397998809814453e+01
1.868839025497436523e+00 2.337827205657958984e+00 1.012363910675048828e+01
-1.652618598937988281e+01 -2.724314689636230469e+01 -2.271355628967285156e+00
-1.696701240539550781e+01 -5.635428905487060547e+00 1.084540081024169922e+01
2.696820020675659180e+00 -1.724128341674804688e+01 9.051603317260742188e+00
-9.365873336791992188e+00 4.066245555877685547e+00 -8.641421318054199219e+00
1.221612358093261719e+01 2.560642242431640625e+01 1.330802536010742188e+01
5.998686313629150391e+00 -1.184369468688964844e+01 -2.214391326904296875e+01
-3.812213897705078125e+01 9.896842002868652344e+00 8.260052680969238281e+00
2.231101417541503906e+01 6.154661178588867188e+00 -8.166608810424804688e+00
-1.029395198822021484e+01 2.614961242675781250e+01 1.863203620910644531e+01
2.650946807861328125e+01 7.166164875030517578e+00 5.346251487731933594e+00
-1.503059864044189453e+01 3.183553123474121094e+01 6.516974925994873047e+00
5.880954265594482422e+00 7.430470466613769531e+00 -9.920527458190917969e+00
9.949062347412109375e+00 -1.001462078094482422e+01 -5.870090961456298828e+00
2.921056985855102539e+00 2.722526168823242188e+01 -1.449515819549560547e+01
9.227296829223632812e+00 -1.726665496826171875e+01 1.749820137023925781e+01
5.460617542266845703e+00 -6.430247783660888672e+00 9.860877037048339844e+00
-2.003284072875976562e+01 1.284470272064208984e+01 1.711408996582031250e+01
-3.382036972045898438e+01 1.580031871795654297e+01 4.928801059722900391e+00
-2.158537864685058594e+01 1.183670902252197266e+01 -8.505167961120605469e+00
1.596251773834228516e+01 2.177183723449707031e+01 -1.618888473510742188e+01
-1.922861862182617188e+01 2.118228721618652344e+01 2.011167335510253906e+01
2.239564514160156250e+01 -2.130525827407836914e+00 -2.857050514221191406e+01
2.085383605957031250e+01 -2.126661300659179688e+00 -2.705595016479492188e+01
-1.064365291595458984e+01 2.600374984741210938e+01 1.876205062866210938e+01
4.888025760650634766e+00 -2.574262046813964844e+01 -4.708975791931152344e+00
-2.102816551923751831e-01 9.135864257812500000e+00 3.391800403594970703e+00
3.404582738876342773e+00 1.544830894470214844e+01 -1.583712577819824219e+01
-6.139726638793945312e-01 1.479349899291992188e+01 -2.036814117431640625e+01
-1.891132164001464844e+01 2.935000038146972656e+01 1.701147460937500000e+01
2.323584794998168945e+00 -3.600913238525390625e+01 -1.410037517547607422e+01
2.598776340484619141e+00 4.637880325317382812e+00 7.879465579986572266e+00
-6.704638481140136719e+00 -9.000102043151855469e+00 -2.944495201110839844e+01
-2.527640342712402344e+01 -1.117574596405029297e+01 -6.460849285125732422e+00
5.749279975891113281e+00 -9.684435844421386719e+00 1.697804260253906250e+01
1.921356773376464844e+01 4.300146102905273438e+00 5.793125629425048828e+00
-1.435350131988525391e+01 2.038713073730468750e+01 2.132456779479980469e+01
9.648019790649414062e+00 -4.685287475585937500e+00 -7.451221942901611328e-01
2.453637695312500000e+01 -1.370663642883300781e+01 -8.401058316230773926e-01
1.746813011169433594e+01 -6.945999145507812500e+00 2.913614463806152344e+01
1.720968055725097656e+01 1.186541175842285156e+01 1.495434284210205078e+01
-2.965758514404296875e+01 4.607762813568115234e+00 -1.528198528289794922e+01
4.111584663391113281e+00 7.778034687042236328e+00 2.560345458984375000e+01
-8.018534660339355469e+00 1.854981040954589844e+01 2.230349540710449219e+01
-5.233489036560058594e+00 -2.807809257507324219e+01 1.580083274841308594e+01
1.214759635925292969e+01 1.720401573181152344e+01 -2.228716659545898438e+01
-3.353071975708007812e+01 5.505060195922851562e+00 1.009866714477539062e+01
1.414797210693359375e+01 -9.007992744445800781e+00 4.734273433685302734e+00
-4.319680213928222656e+00 3.404163599014282227e+00 2.302937889099121094e+01
-1.423648452758789062e+01 2.627913713455200195e+00 -1.186090660095214844e+01
1.525232124328613281e+01 7.876156806945800781e+00 1.128778219223022461e+00
-1.374456286430358887e+00 -3.398450469970703125e+01 -1.760843276977539062e+01
1.508009433746337891e+01 7.721250534057617188e+00 -2.105529022216796875e+01
1.435113906860351562e+01 3.287934958934783936e-01 3.798622512817382812e+01
1.215647220611572266e+01 1.112214469909667969e+01 8.812097549438476562e+00
6.653748154640197754e-01 -5.008491039276123047e+00 -2.714844512939453125e+01
-8.088084220886230469e+00 -1.272813224792480469e+01 3.694296264648437500e+01
-4.491624832153320312e+00 -2.765430688858032227e+00 -2.718969917297363281e+01
-2.910852432250976562e+01 -1.180870532989501953e+01 1.942923164367675781e+01
1.915447235107421875e+01 7.548039913177490234e+00 -5.784747600555419922e+00
3.802550435066223145e-01 1.553245353698730469e+01 1.020196914672851562e+01
1.682374954223632812e+01 2.230823326110839844e+01 2.262192964553833008e-01
1.380323219299316406e+01 1.701129317283630371e+00 -2.070269584655761719e+01
6.400804042816162109e+00 1.057486343383789062e+01 1.958446264266967773e+00
1.578016042709350586e+00 1.817267990112304688e+01 2.573597335815429688e+01
1.725204849243164062e+01 9.868772506713867188e+00 -1.103294181823730469e+01
-7.003302574157714844e+00 2.962949991226196289e+00 -5.454047679901123047e+00
2.735789680480957031e+01 -1.894270706176757812e+01 -1.326018142700195312e+01
1.945776939392089844e+01 -8.115961074829101562e+00 -1.267114162445068359e+01
-1.758594894409179688e+01 3.256278228759765625e+01 4.793280601501464844e+00
-8.336823463439941406e+00 2.336398887634277344e+01 -8.681140899658203125e+00
-1.331023311614990234e+01 1.387665748596191406e+01 -1.256652450561523438e+01
-1.175262737274169922e+01 2.881513595581054688e+01 -1.026387119293212891e+01
-1.468644046783447266e+01 -1.123022270202636719e+01 9.927735328674316406e-01
5.179809331893920898e-01 3.251518011093139648e+00 -2.807665467262268066e-01
4.988624095916748047e+00 1.327289223670959473e+00 2.239072799682617188e+00
-3.186334419250488281e+01 1.619768142700195312e+01 -1.558200240135192871e+00
-2.911202430725097656e+01 -1.114284133911132812e+01 8.230399131774902344e+00
-1.779681587219238281e+01 1.225106430053710938e+01 -2.554021263122558594e+01
2.708291625976562500e+01 7.183013439178466797e+00 2.489446067810058594e+01
-1.340835952758789062e+01 -5.206783771514892578e+00 -7.349916100502014160e-01
1.709544181823730469e+01 -4.426278591156005859e+00 -1.000067138671875000e+01
-1.172171211242675781e+01 8.022830009460449219e+00 -3.477868556976318359e+00
-3.070164489746093750e+01 -4.245471477508544922e+00 -2.444017410278320312e+01
-1.610895729064941406e+01 3.137084197998046875e+01 1.728114318847656250e+01
2.980685806274414062e+01 -2.544448471069335938e+01 4.083140373229980469e+00
1.662526011466979980e+00 2.692579269409179688e+01 -6.429098129272460938e+00
-8.208876609802246094e+00 3.040623664855957031e+01 -2.522758483886718750e+01
-2.131340408325195312e+01 7.786802291870117188e+00 1.635394859313964844e+01
-2.707783508300781250e+01 -1.568559288978576660e+00 -2.098140525817871094e+01
-2.998315620422363281e+01 -1.786786079406738281e+01 1.607314872741699219e+01
8.461300849914550781e+00 3.815948724746704102e+00 3.747554063796997070e+00
-6.519086360931396484e+00 -1.555306148529052734e+01 1.038381680846214294e-01
-1.239196872711181641e+01 -1.881635856628417969e+01 2.282963180541992188e+01
1.118868160247802734e+01 1.107847976684570312e+01 1.102036094665527344e+01
1.110063648223876953e+01 3.047693252563476562e+00 -1.125360202789306641e+01
-1.502780055999755859e+01 -1.092129611968994141e+01 1.168859124183654785e+00
-5.377254009246826172e+00 -2.490316390991210938e+01 -1.254636478424072266e+01
-2.914449310302734375e+01 -9.237245559692382812e+00 -4.960175991058349609e+00
-2.650259017944335938e+01 1.973457527160644531e+01 1.710324096679687500e+01
-1.222714233398437500e+01 2.434813499450683594e+01 -8.802168846130371094e+00
7.027023792266845703e+00 2.224764442443847656e+01 -1.722191238403320312e+01
2.091050148010253906e+01 -2.661351013183593750e+01 -9.663942337036132812e+00
-6.871458530426025391e+00 -4.806707382202148438e+00 -2.991943931579589844e+01
-1.129219818115234375e+01 3.434162521362304688e+01 -5.156136155128479004e-01
-5.110349178314208984e+00 -1.191144847869873047e+01 -1.160815143585205078e+01
-1.864533615112304688e+01 -2.154040908813476562e+01 -3.379639089107513428e-01
-3.077681159973144531e+01 -1.854501342773437500e+01 3.728331565856933594e+00
4.053398132324218750e+00 2.827151298522949219e+01 -2.479311370849609375e+01
1.295522022247314453e+01 7.340094566345214844e+00 1.235972976684570312e+01
-1.177684307098388672e+01 -2.970740318298339844e+00 -2.429526329040527344e+01
3.773896026611328125e+01 1.524227142333984375e+00 -5.799429416656494141e+00
-6.909856319427490234e+00 -1.698250389099121094e+01 1.335316002368927002e-01
-2.227895545959472656e+01 -2.864179015159606934e-01 -1.593880939483642578e+01
2.891469383239746094e+01 -9.491320610046386719e+00 1.523482608795166016e+01
2.597144508361816406e+01 9.164356231689453125e+00 2.412363052368164062e+01
-2.060963630676269531e+01 -2.906731986999511719e+01 7.839635372161865234e+00
8.885735511779785156e+00 -3.171583938598632812e+01 -5.574532508850097656e+00
1.447264289855957031e+01 -8.143053054809570312e+00 2.354203987121582031e+01
-6.993239402770996094e+00 1.027786636352539062e+01 9.208135604858398438e+00
1.821217155456542969e+01 3.346822977066040039e+00 1.290873241424560547e+01
-3.038033866882324219e+01 -8.979740142822265625e+00 8.162817001342773438e+00
3.315114593505859375e+01 7.789835929870605469e+00 8.773261070251464844e+00
2.062873125076293945e+00 9.905727386474609375e+00 2.243391990661621094e+01
-2.558454704284667969e+01 9.664716720581054688e+00 -1.002813243865966797e+01
6.853204727172851562e+00 2.131132125854492188e+01 -5.154805183410644531e+00
1.912058639526367188e+01 3.364487075805664062e+01 -7.392622470855712891e+00
-2.251064300537109375e+01 2.712725257873535156e+01 7.493669986724853516e+00
2.762594604492187500e+01 -7.809843540191650391e+00 -2.266342735290527344e+01
-1.736933326721191406e+01 2.525397109985351562e+01 1.819891166687011719e+01
-7.422851562500000000e+00 2.639246177673339844e+01 3.266349554061889648e+00
-3.240361022949218750e+01 -5.436916828155517578e+00 -2.253793716430664062e+01
-1.765099644660949707e+00 -9.301157951354980469e+00 1.012414169311523438e+01
1.997121453285217285e+00 9.330915808677673340e-01 -2.052289485931396484e+00
2.665878295898437500e+01 2.077780723571777344e+00 -2.953091812133789062e+01
1.898525428771972656e+01 -3.593166112899780273e+00 -3.577058029174804688e+01
1.738530921936035156e+01 -3.052677154541015625e+01 -4.917992591857910156e+00
-9.232090950012207031e+00 -2.452581214904785156e+01 1.266694355010986328e+01
1.604441833496093750e+01 -1.082959747314453125e+01 -2.264387702941894531e+01
-3.014411926269531250e+00 2.577920436859130859e+00 1.086769938468933105e+00
-2.217008018493652344e+01 -2.135478496551513672e+00 1.587710762023925781e+01
-1.039773941040039062e+01 -2.268582725524902344e+01 -6.911238670349121094e+00
2.027406120300292969e+01 2.341188812255859375e+01 -8.213953971862792969e+00
-4.802948474884033203e+00 2.162067222595214844e+01 2.470102119445800781e+01
5.535552501678466797e+00 2.297046470642089844e+01 2.234233283996582031e+01
-1.585186290740966797e+01 -2.070987510681152344e+01 2.298551559448242188e+01
-2.389051628112792969e+01 -1.377266311645507812e+01 -2.477935218811035156e+01
-2.734115028381347656e+01 -6.858578205108642578e+00 1.670058441162109375e+01
3.491187095642089844e+00 1.801949119567871094e+01 1.140608215332031250e+01
2.664417076110839844e+01 -2.092560577392578125e+01 -1.631113815307617188e+01
-8.422936439514160156e+00 -5.821909904479980469e-01 -1.188608074188232422e+01
1.419556045532226562e+01 1.727593421936035156e+01 9.880874633789062500e+00
1.114698314666748047e+01 1.428866672515869141e+01 -6.286122322082519531e+00
-1.188693618774414062e+01 2.457579803466796875e+01 1.193870186805725098e+00
9.530839920043945312e-01 2.539363479614257812e+01 2.277804946899414062e+01
-2.042969322204589844e+01 2.473738479614257812e+01 -8.641832351684570312e+00
2.893574333190917969e+01 -7.498863220214843750e+00 -2.144760894775390625e+01
1.199925708770751953e+01 1.171018886566162109e+01 -3.110562324523925781e+01
-2.476604461669921875e+01 -5.911038875579833984e+00 1.378155708312988281e+01
-1.695122337341308594e+01 1.063981914520263672e+01 1.860366058349609375e+01
2.465564346313476562e+01 -1.113951110839843750e+01 -1.822921943664550781e+01
-1.724715995788574219e+01 3.014701080322265625e+01 1.393017768859863281e+00
1.531811594963073730e+00 -3.338712692260742188e+01 2.258215665817260742e+00
2.598854827880859375e+01 1.458290481567382812e+01 2.510065555572509766e+00
3.581134033203125000e+01 -5.730589866638183594e+00 -1.424768352508544922e+01
-2.050609779357910156e+01 1.383690643310546875e+01 1.832925081253051758e+00
-3.241989135742187500e+01 1.528335189819335938e+01 8.450917243957519531e+00
2.651196670532226562e+01 1.719165611267089844e+01 -1.493849182128906250e+01
-1.880726051330566406e+01 1.054652595520019531e+01 5.301024436950683594e+00
1.302607440948486328e+01 1.166272068023681641e+01 1.675922870635986328e+00
-1.604375457763671875e+01 1.575858116149902344e+01 -1.413210391998291016e+00
1.077019405364990234e+01 1.505162239074707031e+01 -6.771057128906250000e+00
1.086547088623046875e+01 3.243596553802490234e+00 -1.060471248626708984e+01
6.632788658142089844e+00 1.702387809753417969e+01 -3.403798294067382812e+01
-3.430692434310913086e+00 -3.110613822937011719e+01 -8.033404350280761719e+00
5.605756759643554688e+00 1.957742691040039062e+01 1.699957728385925293e+00
4.186393356323242188e+01 -2.728730201721191406e+00 4.733564853668212891e+00
-8.661401748657226562e+00 3.736276245117187500e+01 1.379763412475585938e+01
3.187404823303222656e+01 7.101379394531250000e+00 -8.284034729003906250e+00
-1.765562891960144043e+00 1.491942119598388672e+01 2.358268165588378906e+01
-6.431304454803466797e+00 -1.025355243682861328e+01 2.302303695678710938e+01
2.185183525085449219e+01 -1.577632045745849609e+01 -3.022817611694335938e+00
6.013253211975097656e+00 1.471557378768920898e+00 3.636467361450195312e+01
-1.828285026550292969e+01 1.061602973937988281e+01 1.731089401245117188e+01
-2.850238800048828125e+00 -1.631733131408691406e+01 -1.323881387710571289e+00
6.700607299804687500e+00 -3.347716140747070312e+01 -7.690830826759338379e-01
9.929216384887695312e+00 -3.174837827682495117e+00 -5.760256290435791016e+00
-5.765945434570312500e+00 -1.457872486114501953e+01 -1.058082389831542969e+01
-2.800370025634765625e+01 -1.086342048645019531e+01 -4.309005260467529297e+00
1.228429031372070312e+01 -3.061367988586425781e+00 6.817184925079345703e+00
-1.384079265594482422e+01 -4.971248626708984375e+00 -1.796562385559082031e+01
-3.157399559020996094e+01 3.311579823493957520e-01 -7.821847796440124512e-01
-1.989751243591308594e+01 2.903444099426269531e+01 1.559042358398437500e+01
-2.641544723510742188e+01 2.288103580474853516e+00 1.693198776245117188e+01
-2.242947006225585938e+01 -3.965349197387695312e+00 1.313486289978027344e+01
-1.165946960449218750e+01 1.983417749404907227e+00 2.186348915100097656e+00
-1.951951599121093750e+01 1.374191951751708984e+01 1.795343518257141113e+00
-6.998445987701416016e+00 9.918397903442382812e+00 -2.461912155151367188e+01
6.080938816070556641e+00 -1.650348091125488281e+01 1.816231346130371094e+01
-2.345279693603515625e+01 -2.729809761047363281e+01 6.268985748291015625e+00
-8.175759315490722656e+00 1.205384063720703125e+01 1.522369194030761719e+01
6.616184711456298828e+00 3.404331684112548828e+00 2.113248634338378906e+01
3.261505508422851562e+01 -1.891320228576660156e+01 -2.039318799972534180e+00
6.980077743530273438e+00 -9.526379585266113281e+00 -2.210769462585449219e+01
3.112766075134277344e+01 -7.914030551910400391e+00 1.356150245666503906e+01
-4.804461956024169922e+00 1.188217830657958984e+01 -1.144125175476074219e+01
-1.191839981079101562e+01 8.678660392761230469e+00 2.751364517211914062e+01
-2.712007141113281250e+01 3.038715362548828125e+00 1.584126758575439453e+01
-3.944605350494384766e+00 -1.923855590820312500e+01 -2.934409332275390625e+01
-8.519125938415527344e+00 -3.143359184265136719e+00 -7.551227569580078125e+00
-4.200576841831207275e-01 -2.563781261444091797e+00 -3.548092651367187500e+01
2.521539878845214844e+01 2.357674789428710938e+01 7.395153999328613281e+00
-8.850523948669433594e+00 1.748937606811523438e+01 -4.385705947875976562e+00
1.876529502868652344e+01 -1.334914207458496094e+01 -1.738873863220214844e+01
-3.668077290058135986e-01 8.674391746520996094e+00 -1.592264747619628906e+01
-6.452446937561035156e+00 2.888926124572753906e+01 -9.721857070922851562e+00
1.467531204223632812e+01 2.537930870056152344e+01 1.235842514038085938e+01
1.797695159912109375e+01 -1.514923191070556641e+01 1.577759838104248047e+01
-7.533895015716552734e+00 -6.497192859649658203e+00 -1.620109176635742188e+01
-1.405544853210449219e+01 -1.812423896789550781e+01 -6.668914318084716797e+00
3.252792358398437500e+01 3.132199764251708984e+00 1.442098140716552734e+01
-1.170442104339599609e+01 -6.305821418762207031e+00 2.672549057006835938e+01
2.618853187561035156e+01 1.130336284637451172e+01 -8.112782478332519531e+00
4.157756805419921875e+01 4.693864822387695312e+00 2.619162559509277344e+00
6.766792297363281250e+00 1.823465347290039062e+01 -3.263755416870117188e+01
-2.928667068481445312e+01 -6.216436386108398438e+00 -9.205281257629394531e+00
-2.752799391746520996e-01 -3.170507192611694336e+00 -9.898859977722167969e+00
-1.791734695434570312e+01 2.066252136230468750e+01 1.728726768493652344e+01
-2.831472396850585938e+01 1.188320159912109375e+00 -2.595396041870117188e+00
-1.728206825256347656e+01 -1.195781517028808594e+01 2.191012763977050781e+01
4.787417888641357422e+00 2.708563995361328125e+01 7.740070819854736328e+00
-2.374914550781250000e+01 -1.772860145568847656e+01 2.241713142395019531e+01
9.620841979980468750e+00 -2.106709671020507812e+01 -1.064672183990478516e+01
8.854990959167480469e+00 -2.067761230468750000e+01 8.376328468322753906e+00
1.933646392822265625e+01 6.719986438751220703e+00 7.357773303985595703e+00
-1.764944458007812500e+01 2.562572669982910156e+01 5.068186521530151367e-01
2.068189811706542969e+01 1.992443466186523438e+01 -2.442991828918457031e+01
1.196409702301025391e+01 -8.733170628547668457e-01 1.634395980834960938e+01
-1.637346625328063965e+00 3.978271484375000000e+01 -1.260486221313476562e+01
-1.747834384441375732e-01 -1.855716466903686523e+00 -1.656627845764160156e+01
-1.467031478881835938e+01 -5.498884916305541992e-01 8.193095207214355469e+00
1.502791309356689453e+01 -1.474458408355712891e+01 2.051865386962890625e+01
-1.919422149658203125e+01 1.032478332519531250e+01 2.444238090515136719e+01
-1.973178267478942871e+00 -2.834275627136230469e+01 -1.541678905487060547e+01
2.796695137023925781e+01 -2.043613243103027344e+01 1.079978466033935547e+00
-1.245873832702636719e+01 -7.689218044281005859e+00 5.456052303314208984e+00
1.310150051116943359e+01 1.286340904235839844e+01 -7.686752080917358398e-01
-2.921949768066406250e+01 -2.257396936416625977e+00 4.468791961669921875e+00
1.122806167602539062e+01 -2.473511219024658203e+00 -3.727309417724609375e+01
3.421604537963867188e+01 6.617190837860107422e+00 -1.102499103546142578e+01
1.434125423431396484e+01 -3.082865715026855469e+00 3.828083419799804688e+01
1.426093196868896484e+01 -2.570829582214355469e+01 1.889778327941894531e+01
-2.105131721496582031e+01 1.948670578002929688e+01 -1.814333534240722656e+01
1.800774955749511719e+01 1.577195405960083008e+00 -7.577903270721435547e+00
2.563537406921386719e+01 1.260005760192871094e+01 2.768391847610473633e+00
-2.558240699768066406e+01 2.874248886108398438e+01 8.465557098388671875e+00
-2.469112205505371094e+01 -7.430969715118408203e+00 2.079400825500488281e+01
-1.014653444290161133e+00 7.151475906372070312e+00 -1.656180000305175781e+01
-2.237339782714843750e+01 4.330742359161376953e+00 -1.282242393493652344e+01
-3.218233871459960938e+01 -1.774073600769042969e+01 -8.207221984863281250e+00
-8.593963623046875000e+00 4.966706752777099609e+00 2.258161544799804688e+01
1.831417274475097656e+01 2.910460853576660156e+01 1.370652079582214355e+00
2.302244377136230469e+01 -1.121116161346435547e+01 -2.630659866333007812e+01
-2.523159027099609375e+00 5.473335266113281250e+00 -2.379143714904785156e+01
-7.753728389739990234e+00 -1.544827175140380859e+01 -1.421340370178222656e+01
4.095020145177841187e-02 -2.448402404785156250e+01 -1.713665390014648438e+01
-1.993815231323242188e+01 -2.744937705993652344e+01 5.107073783874511719e-01
-4.817459106445312500e+00 7.445888996124267578e+00 1.822509193420410156e+01
1.802936363220214844e+01 -3.003987550735473633e+00 1.088822555541992188e+01
-4.035407066345214844e+00 7.635012149810791016e+00 9.995060920715332031e+00
1.305876636505126953e+01 2.464628982543945312e+01 1.212556076049804688e+01
-2.345961034297943115e-01 -8.853805541992187500e+00 1.153058147430419922e+01
-1.683767509460449219e+01 8.742527008056640625e+00 1.601613521575927734e+00
-3.710614013671875000e+01 -1.899278163909912109e+00 -1.712269020080566406e+01
-3.145998382568359375e+01 -1.865134620666503906e+01 2.720126390457153320e+00
1.962354850769042969e+01 -7.596879482269287109e+00 -1.154021739959716797e+01
9.299781799316406250e+00 -6.616560459136962891e+00 1.117776489257812500e+01
-1.414103412628173828e+01 2.419687843322753906e+01 2.485945701599121094e+01
-2.071436166763305664e+00 -2.568019866943359375e+01 1.041460275650024414e+00
-4.972191333770751953e+00 4.878588199615478516e+00 -3.462129592895507812e+01
-7.863714218139648438e+00 -3.223689794540405273e+00 -3.212430191040039062e+01
-7.189534187316894531e+00 -2.153258705139160156e+01 -2.609775543212890625e+01
2.149980354309082031e+01 7.546959877014160156e+00 2.709146118164062500e+01
-6.277197360992431641e+00 1.832850646972656250e+01 -4.496963024139404297e+00
-3.008103561401367188e+01 -1.369881057739257812e+01 -1.949381065368652344e+01
1.805735778808593750e+01 2.141436338424682617e+00 -2.093355560302734375e+01
-2.364036750793457031e+01 -6.404358744621276855e-01 -3.179311561584472656e+01
-3.315759658813476562e+01 1.535290622711181641e+01 -5.462273120880126953e+00
-9.955856323242187500e+00 3.231168508529663086e+00 1.959721946716308594e+01
-3.491534709930419922e+00 -7.120077133178710938e+00 2.538993835449218750e+00
-1.899259567260742188e+01 -1.917161345481872559e-01 -1.351019096374511719e+01
-1.428386974334716797e+01 1.720253372192382812e+01 2.354024124145507812e+01
-1.066242885589599609e+01 1.120690822601318359e+01 -1.253346055746078491e-01
-2.397707223892211914e+00 -1.881848335266113281e+01 3.229291677474975586e+00
1.561320590972900391e+01 -1.821795463562011719e+01 7.238730907440185547e+00
1.595494747161865234e+01 3.703469514846801758e+00 -3.722025299072265625e+01
1.825975990295410156e+01 1.737796020507812500e+01 2.003837013244628906e+01
-3.854926347732543945e+00 2.973113822937011719e+01 -1.055565738677978516e+01
-8.480350494384765625e+00 -1.495339107513427734e+01 -1.982422256469726562e+01
8.897209167480468750e+00 5.977324962615966797e+00 -3.104345893859863281e+01
1.562003993988037109e+01 2.410261344909667969e+01 1.140513992309570312e+01
2.413687133789062500e+01 -1.966847062110900879e+00 3.368553543090820312e+01
-1.213301753997802734e+01 3.055351448059082031e+01 6.368145465850830078e+00
-1.070216894149780273e+00 2.747564506530761719e+01 2.465325927734375000e+01
2.510886669158935547e+00 -1.189923858642578125e+01 -1.319428920745849609e+01
7.698058128356933594e+00 -2.467436408996582031e+01 -2.707968139648437500e+01
1.142779159545898438e+01 -1.622565078735351562e+01 -9.404384613037109375e+00
-9.556722640991210938e+00 -2.141487884521484375e+01 -2.006686210632324219e+01
-3.198502779006958008e+00 -1.936510848999023438e+01 -1.058798313140869141e+00
-3.180113029479980469e+01 -5.449132442474365234e+00 -2.429661369323730469e+01
-1.224067401885986328e+01 -1.481559467315673828e+01 -7.237893581390380859e+00
-8.783828735351562500e+00 -2.212628555297851562e+01 -2.607720184326171875e+01
4.259434890747070312e+01 -5.304010391235351562e+00 3.685440301895141602e+00
-2.450703430175781250e+01 4.453173637390136719e+00 5.251589775085449219e+00
1.338313484191894531e+01 -2.738652801513671875e+01 3.186213970184326172e+00
9.630554199218750000e+00 -5.984857082366943359e+00 3.630790328979492188e+01
-1.736911773681640625e+01 -4.693643569946289062e+00 2.457028388977050781e+01
2.555523633956909180e+00 1.898026466369628906e+01 4.147546768188476562e+00
-3.837123870849609375e+00 1.961414909362792969e+01 3.160551786422729492e+00
-2.556203126907348633e+00 3.693425750732421875e+01 -9.918966293334960938e+00
1.247173023223876953e+01 -2.527030181884765625e+01 -1.586121368408203125e+01
-6.459108352661132812e+00 2.810922241210937500e+01 -2.536827468872070312e+01
-6.531686782836914062e+00 -3.612199783325195312e+00 7.953338623046875000e+00
9.280836105346679688e+00 1.284324169158935547e+01 -3.023934936523437500e+01
-2.131092453002929688e+01 1.245428371429443359e+01 -8.540476799011230469e+00
-2.736257314682006836e+00 3.533861398696899414e+00 1.910389304161071777e+00
1.897955322265625000e+01 -3.590261697769165039e+00 -3.576945495605468750e+01
2.295979738235473633e+00 1.800119590759277344e+01 2.759400367736816406e+01
-1.911298751831054688e+01 1.370448398590087891e+01 1.616431236267089844e+01
4.454519748687744141e+00 -3.144764900207519531e+01 -1.147330093383789062e+01
-1.913230866193771362e-01 1.001237773895263672e+01 -1.633860015869140625e+01
1.825257873535156250e+01 2.164083290100097656e+01 1.216690540313720703e+01
-2.875678634643554688e+01 -1.716264635324478149e-01 7.338078498840332031e+00
3.096265602111816406e+01 8.768112182617187500e+00 6.681544303894042969e+00
1.172851943969726562e+01 -2.578573608398437500e+01 2.297486305236816406e+01
1.261168479919433594e+01 1.333000946044921875e+01 1.647483825683593750e+01
1.059333419799804688e+01 -1.628876805305480957e+00 3.049228096008300781e+01
9.819109916687011719e+00 2.611954879760742188e+01 -9.978618621826171875e+00
-3.333438873291015625e+01 -8.259146690368652344e+00 -1.953713607788085938e+01
-1.664804649353027344e+01 -2.997598457336425781e+01 -2.046895027160644531e+00
-3.692039108276367188e+01 7.676910877227783203e+00 8.581716537475585938e+00
-1.221370220184326172e+01 -1.619815444946289062e+01 -1.449421310424804688e+01
-2.132597923278808594e+01 -1.506506919860839844e+01 1.049877643585205078e+01
9.952128410339355469e+00 3.023766136169433594e+01 1.955363655090332031e+01
-8.288205146789550781e+00 1.618365287780761719e+01 1.723432540893554688e+01
-3.889622497558593750e+01 2.716004371643066406e+00 8.464613914489746094e+00
-2.494858551025390625e+01 -2.572243881225585938e+01 -6.165101528167724609e+00
1.779664802551269531e+01 9.795387268066406250e+00 -1.054962253570556641e+01
1.338161087036132812e+01 1.749627828598022461e+00 -9.337510466575622559e-01
6.503053665161132812e+00 2.895027160644531250e+00 -2.519334793090820312e+01
-8.064966201782226562e+00 1.152857303619384766e+00 -2.900456237792968750e+01
-8.829460144042968750e+00 2.075380086898803711e+00 -2.937192535400390625e+01
8.942173957824707031e+00 -1.193199729919433594e+01 2.400392532348632812e+01
-3.536996126174926758e+00 1.051667785644531250e+01 -7.732686996459960938e+00
1.957425689697265625e+01 2.863220977783203125e+01 -1.060857677459716797e+01
8.243299126625061035e-01 3.709329128265380859e+00 -1.018019962310791016e+01
-3.995026588439941406e+00 2.219195938110351562e+01 -2.335782051086425781e+01
-1.970210647583007812e+01 -2.181982994079589844e+01 -2.594802284240722656e+01
2.397902679443359375e+01 7.792535781860351562e+00 -1.709297180175781250e+01
5.974356651306152344e+00 -1.563235282897949219e+00 2.529541206359863281e+01
-9.535253524780273438e+00 -1.603897333145141602e+00 3.140667724609375000e+01
-2.259191322326660156e+01 1.315661525726318359e+01 -8.709376335144042969e+00
-2.462460899353027344e+01 -1.472412490844726562e+01 2.397961139678955078e+00
-1.894451141357421875e+01 -4.809127807617187500e+00 -1.744182014465332031e+01
5.295341491699218750e+00 -6.228411674499511719e+00 1.590236759185791016e+01
5.817496776580810547e+00 3.405136108398437500e+01 -5.012601852416992188e+00
7.077785968780517578e+00 -1.060101509094238281e+01 -7.494222164154052734e+00
-1.817057800292968750e+01 -2.085996246337890625e+01 2.513680076599121094e+01
-8.214969635009765625e+00 -6.945945024490356445e-01 3.187559509277343750e+01
6.607646942138671875e+00 -1.093945217132568359e+01 3.734802627563476562e+01
1.416438102722167969e+01 7.033967018127441406e+00 -2.306272315979003906e+01
3.355773162841796875e+01 1.268647480010986328e+01 6.026431083679199219e+00
-3.037721633911132812e+01 -9.853293418884277344e+00 -3.937044143676757812e+00
2.219073295593261719e+00 -2.433142280578613281e+01 1.977551078796386719e+01
1.664536857604980469e+01 -1.173283195495605469e+01 -2.398924064636230469e+01
3.142184638977050781e+01 7.493393898010253906e+00 -7.547177314758300781e+00
2.533125686645507812e+01 1.180855751037597656e+01 -7.644729137420654297e+00
1.767734146118164062e+01 -2.174199295043945312e+01 2.817692184448242188e+01
-2.130153465270996094e+01 -7.538387775421142578e+00 -2.128115463256835938e+01
2.308991622924804688e+01 5.139270782470703125e+00 -1.056303977966308594e+01
1.074913215637207031e+01 3.764690876007080078e+00 -1.698251008987426758e+00
1.497226428985595703e+01 -3.969279766082763672e+00 3.626285934448242188e+01
1.474144649505615234e+01 -2.681736946105957031e+01 1.968544197082519531e+01
6.466348171234130859e+00 5.133550643920898438e+00 -2.539799880981445312e+01
-1.686667919158935547e+00 1.942817330360412598e+00 3.240479278564453125e+01
1.189410781860351562e+01 -3.545987319946289062e+01 -1.008411693572998047e+01
3.890283584594726562e+00 -2.631669616699218750e+01 -1.203594112396240234e+01
1.704066467285156250e+01 -3.186882436275482178e-01 2.504032135009765625e+00
-4.206449127197265625e+01 3.794421672821044922e+00 4.464538574218750000e+00
-2.737104225158691406e+01 -6.375924110412597656e+00 7.191369533538818359e+00
-1.362506866455078125e+01 3.951831817626953125e+01 2.825574278831481934e-01
-1.694748497009277344e+01 -1.636800956726074219e+01 -2.618850135803222656e+01
-3.117292785644531250e+01 -4.894129276275634766e+00 -2.353882980346679688e+01
-7.965566635131835938e+00 2.388452720642089844e+01 3.034945964813232422e+00
7.811635494232177734e+00 -2.470039176940917969e+01 -2.719199371337890625e+01
1.747243309020996094e+01 9.249213218688964844e+00 -2.368593454360961914e+00
2.796579003334045410e-01 1.830210304260253906e+01 1.527164840698242188e+01
3.538993072509765625e+01 6.278475761413574219e+00 -1.076968574523925781e+01
-3.793914616107940674e-01 9.018384933471679688e+00 -7.957529544830322266e+00
3.295900344848632812e+00 6.672182559967041016e+00 6.164494037628173828e+00
-1.090355968475341797e+01 8.657976150512695312e+00 2.814125251770019531e+01
-3.121680450439453125e+01 2.076523399353027344e+01 -9.081488609313964844e+00
6.016386032104492188e+00 1.433668255805969238e+00 3.612615966796875000e+01
2.187331962585449219e+01 6.846893310546875000e+00 1.717475509643554688e+01
-2.704552078247070312e+01 -1.425001859664916992e+00 -2.100043869018554688e+01
1.413500213623046875e+01 -2.607898473739624023e+00 3.839513778686523438e+01
1.171073532104492188e+01 -9.211706161499023438e+00 -1.542797946929931641e+01
-1.678159713745117188e+01 1.513890457153320312e+01 -2.044789505004882812e+01
4.478038311004638672e+00 -1.995632743835449219e+01 -1.868266677856445312e+01
3.247537374496459961e+00 1.610894393920898438e+01 -3.479171371459960938e+01
9.165863990783691406e+00 -6.189743995666503906e+00 1.181879138946533203e+01
-2.425954818725585938e+01 -9.473598003387451172e-01 -7.516921997070312500e+00
-1.775229644775390625e+01 1.011762237548828125e+01 -1.451739072799682617e+00
-8.387868881225585938e+00 -1.164813423156738281e+01 2.806537818908691406e+01
2.685644912719726562e+01 1.716309738159179688e+01 -1.761695861816406250e+01
2.711468505859375000e+01 1.210219097137451172e+01 -8.248650550842285156e+00
-2.874265480041503906e+01 -3.932543277740478516e+00 -1.290246200561523438e+01
-1.893415069580078125e+01 8.131698608398437500e+00 -1.444569778442382812e+01
-3.244815349578857422e+00 3.494502258300781250e+01 -1.050577735900878906e+01
-2.454096984863281250e+01 5.098098516464233398e-01 -1.696380043029785156e+01
-2.109670877456665039e+00 1.024907302856445312e+01 -7.776088237762451172e+00
-1.457901573181152344e+01 9.217371940612792969e+00 -2.629232788085937500e+01
-1.675542449951171875e+01 -1.785469245910644531e+01 1.165377807617187500e+01
8.804577827453613281e+00 -2.080082511901855469e+01 -1.037082481384277344e+01
-1.525667476654052734e+01 -3.274976968765258789e+00 -2.811914253234863281e+01
7.606454849243164062e+00 -1.757942199707031250e+01 1.063212585449218750e+01
8.303382873535156250e+00 1.432622551918029785e+00 -3.888555908203125000e+01
-2.290811729431152344e+01 -4.886388301849365234e+00 1.412651634216308594e+01
1.335232496261596680e+00 -1.103523492813110352e+00 -2.392140960693359375e+01
-1.611100196838378906e+01 -7.340115547180175781e+00 8.955963134765625000e+00
-1.200838446617126465e+00 7.708843231201171875e+00 -1.627113533020019531e+01
-1.043439960479736328e+01 -1.779653167724609375e+01 4.294429719448089600e-01
1.877726936340332031e+01 -2.682803535461425781e+01 -7.460287094116210938e+00
-1.853857994079589844e+01 -1.123243808746337891e+01 -2.882458305358886719e+01
-2.566012001037597656e+01 -2.422909164428710938e+01 -8.426305770874023438e+00
-2.266530609130859375e+01 5.491855621337890625e+00 -1.806061935424804688e+01
3.475657653808593750e+01 6.916185379028320312e+00 -1.043284702301025391e+01
-1.237974643707275391e+01 -2.772482335567474365e-01 -5.054633617401123047e+00
-2.372956848144531250e+01 -9.066071510314941406e+00 -1.676536369323730469e+01
3.667700958251953125e+01 2.479625940322875977e+00 -5.643751621246337891e+00
-2.617441749572753906e+01 2.058264160156250000e+01 -2.306587457656860352e+00
-1.548602199554443359e+01 -3.737447977066040039e+00 -1.512791252136230469e+01
1.266031360626220703e+01 1.138048458099365234e+01 -1.183991813659667969e+01
-3.281458663940429688e+01 1.401962757110595703e+01 4.737743854522705078e+00
-3.036799430847167969e+01 3.381509542465209961e+00 -1.440674781799316406e+01
1.642667007446289062e+01 1.498149108886718750e+01 1.334395027160644531e+01
-1.828977966308593750e+01 -2.909578800201416016e+00 1.215734386444091797e+01
2.084066963195800781e+01 2.017681503295898438e+01 7.696450233459472656e+00
-1.990943527221679688e+01 3.070318984985351562e+01 7.082206726074218750e+00
1.253787231445312500e+01 3.442858123779296875e+01 1.048863983154296875e+01
-1.036188721656799316e+00 -5.136706352233886719e+00 2.849549865722656250e+01
-3.485604763031005859e+00 -2.006340789794921875e+01 -6.800271034240722656e+00
5.913788318634033203e+00 -1.204591369628906250e+01 9.324687004089355469e+00
-5.074442386627197266e+00 -2.213447952270507812e+01 -2.203978347778320312e+01
9.715799331665039062e+00 5.556004047393798828e+00 4.854691028594970703e+00
4.536834716796875000e+00 -2.149930763244628906e+01 -1.808783340454101562e+01
-2.143284988403320312e+01 -9.132262229919433594e+00 1.644417953491210938e+01
1.201736569404602051e+00 -1.113992118835449219e+01 -1.347370052337646484e+01
-1.196858501434326172e+01 -2.334937286376953125e+01 -2.268003082275390625e+01
-1.198560047149658203e+01 -2.380600357055664062e+01 -2.927266693115234375e+01
-9.636628150939941406e+00 -1.265023040771484375e+01 1.807257461547851562e+01
2.268651390075683594e+01 -4.065722942352294922e+00 4.026834011077880859e+00
-3.274769592285156250e+01 -8.516632080078125000e+00 -2.030482101440429688e+01
-8.655663490295410156e+00 -8.676258087158203125e+00 1.706500244140625000e+01
-6.032590866088867188e-01 9.144555091857910156e+00 -6.894236564636230469e+00
-1.526734352111816406e+01 -2.766697502136230469e+01 -2.504877090454101562e+01
1.482241439819335938e+01 2.687754631042480469e+01 1.047832393646240234e+01
-5.311266422271728516e+00 3.703565597534179688e-01 3.398597335815429688e+01
-3.373566865921020508e+00 3.323546600341796875e+01 -1.280549049377441406e+00
8.457586288452148438e+00 8.494771957397460938e+00 1.356964302062988281e+01
1.431391525268554688e+01 3.642669439315795898e+00 5.877856254577636719e+00
3.954364776611328125e+01 -4.981219291687011719e+00 2.554604291915893555e+00
4.454799652099609375e+00 1.555608081817626953e+01 1.087900829315185547e+01
1.361389160156250000e+01 8.723526000976562500e+00 2.050111770629882812e+01
9.985483169555664062e+00 4.910665035247802734e+00 -3.594113540649414062e+01
-1.115567493438720703e+01 -1.942061805725097656e+01 -1.391901683807373047e+01
1.255241203308105469e+01 -7.503320693969726562e+00 -1.004229545593261719e+01
2.721336603164672852e+00 -2.153974151611328125e+01 -1.754504585266113281e+01
9.730432510375976562e+00 1.775037193298339844e+01 3.335280227661132812e+01
1.666812705993652344e+01 -1.860921478271484375e+01 2.970626831054687500e+01
2.394508361816406250e+01 -1.159624767303466797e+01 -2.276735496520996094e+01
-7.184786319732666016e+00 8.814824104309082031e+00 2.302884292602539062e+01
-2.819334030151367188e+01 -7.025203227996826172e+00 -1.118561744689941406e+01
-2.043239593505859375e+01 -5.808907508850097656e+00 1.457360076904296875e+01
-3.085278892517089844e+01 1.543226718902587891e+01 6.235063672065734863e-01
1.907494735717773438e+01 6.908149719238281250e+00 2.875176429748535156e+01
2.390115737915039062e+01 8.604531288146972656e+00 1.007979869842529297e+01
4.365456104278564453e+00 -4.443257808685302734e+00 1.914650726318359375e+01
-2.529385328292846680e+00 -2.677693939208984375e+01 -1.753727722167968750e+01
-1.641408205032348633e+00 -2.558581733703613281e+01 -6.309278964996337891e+00
-3.139926338195800781e+01 4.934297084808349609e+00 -5.649958610534667969e+00
-1.964053344726562500e+01 1.638123321533203125e+01 1.826015281677246094e+01
2.734873580932617188e+01 -4.570277214050292969e+00 -1.167961597442626953e+01
2.008448791503906250e+01 1.395549678802490234e+01 -2.499772071838378906e+01
2.814776611328125000e+01 2.811420440673828125e+01 -6.926365494728088379e-01
-1.582897281646728516e+01 -2.420512199401855469e+01 -2.168468284606933594e+01
-2.740717124938964844e+01 -5.132144927978515625e+00 -1.159427547454833984e+01
1.915743637084960938e+01 -2.188041496276855469e+01 -1.709328269958496094e+01
2.280586814880371094e+01 8.280423164367675781e+00 -2.024826431274414062e+01
3.278083801269531250e+00 -7.953211307525634766e+00 -2.816953086853027344e+01
-2.623064994812011719e+01 5.764739513397216797e+00 2.816493034362792969e+01
1.020716571807861328e+01 1.194904804229736328e+01 -1.849042892456054688e+01
-1.240692043304443359e+01 2.763177871704101562e+01 2.076668739318847656e+01
-1.052913093566894531e+01 -6.365347862243652344e+00 -2.113991355895996094e+01
1.506984615325927734e+01 -1.384923839569091797e+01 1.097495675086975098e+00
-2.877310562133789062e+01 -5.745065212249755859e+00 7.121589183807373047e+00
4.724965095520019531e+00 -1.054106903076171875e+01 2.935235977172851562e+01
-1.855436515808105469e+01 -3.267313766479492188e+01 -1.552678585052490234e+00
-1.930757045745849609e+00 -8.151798844337463379e-01 2.807092189788818359e+00
-3.004777669906616211e+00 -1.636285972595214844e+01 -2.980906867980957031e+01
5.494425773620605469e+00 2.907880973815917969e+01 5.413212776184082031e+00
2.509353637695312500e+01 -1.161920833587646484e+01 -1.865741539001464844e+01
2.071017837524414062e+01 2.290826797485351562e+01 4.832269191741943359e+00
2.074132537841796875e+01 1.693287658691406250e+01 3.430021047592163086e+00
5.377366542816162109e+00 -2.591054439544677734e+00 -2.349037361145019531e+01
2.787364387512207031e+01 -1.455047512054443359e+01 1.095966529846191406e+01
3.038917922973632812e+01 -7.339365959167480469e+00 3.723866701126098633e+00
2.489404869079589844e+01 1.063029003143310547e+01 2.256576347351074219e+01
-2.232571601867675781e+00 2.522237014770507812e+01 -2.373808288574218750e+01
8.395627021789550781e+00 1.517469024658203125e+01 1.083838272094726562e+01
-9.785309791564941406e+00 1.571778964996337891e+01 9.123043060302734375e+00
1.812899398803710938e+01 -3.296352005004882812e+01 -1.038054370880126953e+01
-1.372040843963623047e+01 1.092735958099365234e+01 1.417661380767822266e+01
-3.920511484146118164e+00 -1.097981834411621094e+01 -1.679164123535156250e+01
-5.669424057006835938e+00 -1.145646572113037109e+01 6.617329120635986328e+00
2.429890060424804688e+01 1.726709175109863281e+01 -2.011382102966308594e+01
5.493560314178466797e+00 2.287266349792480469e+01 4.928036689758300781e+00
-4.675565719604492188e+00 -3.015525627136230469e+01 7.787729054689407349e-02
2.482428550720214844e+01 -1.585668945312500000e+01 2.462093353271484375e+01
3.439077854156494141e+00 2.450143241882324219e+01 1.937972259521484375e+01
-4.105333611369132996e-02 6.393190622329711914e-01 3.489295196533203125e+01
2.539910316467285156e+01 -1.695008087158203125e+01 1.060274887084960938e+01
-4.103472709655761719e+00 9.132259368896484375e+00 -1.550731849670410156e+01
2.318761825561523438e+01 1.495812225341796875e+01 1.914306521415710449e+00
1.757024002075195312e+01 -1.063521480560302734e+01 -2.194668579101562500e+01
2.697620773315429688e+01 -2.010567283630371094e+01 -1.380377578735351562e+01
1.830616760253906250e+01 1.881568527221679688e+01 2.640337181091308594e+01
-8.722185134887695312e+00 -9.204242706298828125e+00 1.644664192199707031e+01
1.515640163421630859e+01 -2.742641448974609375e+01 1.955573272705078125e+01
7.247387409210205078e+00 3.016083955764770508e+00 3.338935852050781250e+01
1.954793930053710938e+01 -8.025347709655761719e+00 -1.243704032897949219e+01
-5.528315901756286621e-01 -3.738148117065429688e+01 9.910964369773864746e-01
-2.664974403381347656e+01 8.039803504943847656e+00 -4.856252670288085938e+00
-2.660070419311523438e+01 -1.214172458648681641e+01 -2.549135017395019531e+01
2.506227731704711914e+00 -8.273763656616210938e+00 3.831886672973632812e+01
9.877152442932128906e+00 6.223552227020263672e-01 -3.909439468383789062e+01
3.682022476196289062e+01 2.787997007369995117e+00 -6.014147281646728516e+00
-2.115258789062500000e+01 9.703096151351928711e-01 -1.634312820434570312e+01
-2.654449844360351562e+01 9.872078895568847656e+00 3.046910285949707031e+00
-1.072057628631591797e+01 -5.527013540267944336e-01 -3.862277221679687500e+01
1.291219806671142578e+01 -1.062549591064453125e+01 -5.102366209030151367e-01
-1.392484188079833984e+01 1.610374641418457031e+01 -1.213688087463378906e+01
1.713006401062011719e+01 -5.610330581665039062e+00 1.671615791320800781e+01
1.718817901611328125e+01 -1.873195648193359375e+01 -9.123340606689453125e+00
-1.577236080169677734e+01 5.391458988189697266e+00 -2.850617980957031250e+01
3.728309631347656250e+01 6.049632549285888672e+00 -9.920406341552734375e+00
-3.293874025344848633e+00 -4.641726016998291016e+00 1.487861394882202148e+00
-2.182640647888183594e+01 6.361592769622802734e+00 -1.249714493751525879e-01
-1.402312469482421875e+01 2.433002853393554688e+01 -1.872315216064453125e+01
-2.286983299255371094e+01 4.413473129272460938e+00 -1.183368587493896484e+01
3.369178390502929688e+01 -1.583901119232177734e+01 -3.384467124938964844e+00
-1.644329643249511719e+01 9.216353416442871094e+00 -5.906109884381294250e-02
-3.854753494262695312e+01 -3.309028863906860352e+00 -1.385282707214355469e+01
3.806018114089965820e+00 1.523470115661621094e+01 1.926840209960937500e+01
1.298370647430419922e+01 5.094378948211669922e+00 1.059789466857910156e+01
-3.966258525848388672e+00 1.896180152893066406e+01 2.661675930023193359e+00
2.082604217529296875e+01 -6.914854049682617188e+00 2.580627441406250000e+01
-1.427136230468750000e+01 1.948159408569335938e+01 3.517491340637207031e+00
-1.596943736076354980e+00 8.542058944702148438e+00 -8.088888168334960938e+00
-1.500258159637451172e+01 3.878033447265625000e+01 -5.082927346229553223e-01
1.811812210083007812e+01 4.428936481475830078e+00 -2.187227821350097656e+01
-2.231352615356445312e+01 -8.888727188110351562e+00 -4.032855987548828125e+00
-1.604464411735534668e+00 3.582609558105468750e+01 -1.181012153625488281e+01
2.070594024658203125e+01 -2.839068984985351562e+01 9.408070564270019531e+00
-1.923945307731628418e+00 -2.027888870239257812e+01 1.394194889068603516e+01
4.276099681854248047e+00 -2.462528991699218750e+01 -1.327624702453613281e+01
1.156190395355224609e+01 1.185685062408447266e+01 -3.096549797058105469e+01
8.387723922729492188e+00 1.395693492889404297e+01 -3.539765548706054688e+01
-2.247715377807617188e+01 -1.053098297119140625e+01 -3.573028564453125000e+00
-1.046277618408203125e+01 -1.666496276855468750e+01 1.310616302490234375e+01
-3.677406787872314453e+00 -4.535681247711181641e+00 -3.163080024719238281e+01
7.215282917022705078e+00 -9.851198196411132812e+00 -2.255781936645507812e+01
2.179915618896484375e+01 -2.068459701538085938e+01 -1.889226913452148438e+01
1.762178802490234375e+01 4.684007644653320312e+00 -2.155850028991699219e+01
-1.773329544067382812e+01 8.541843891143798828e-01 -1.271066188812255859e+01
-3.191716194152832031e+01 -7.259454250335693359e+00 2.025590896606445312e+01
-2.140453720092773438e+01 2.223908901214599609e+00 4.945185184478759766e+00
-5.215407848358154297e+00 -5.979969024658203125e+00 -3.274533843994140625e+01
3.145162963867187500e+01 9.328866004943847656e+00 5.821339607238769531e+00
-2.318917846679687500e+01 -7.318253517150878906e+00 -5.430652618408203125e+00
8.496625900268554688e+00 -2.207464599609375000e+01 -2.341207504272460938e+01
-7.929648399353027344e+00 -3.683294773101806641e+00 -3.213912200927734375e+01
-2.442513847351074219e+01 -1.639991378784179688e+01 2.214275932312011719e+01
1.814661026000976562e+01 1.093101119995117188e+01 -1.132978534698486328e+01
7.893936634063720703e+00 4.911718368530273438e+00 7.488340377807617188e+00
-2.036302375793457031e+01 -2.782955551147460938e+01 1.700875282287597656e+01
6.883137226104736328e+00 2.533866882324218750e+01 1.866278767585754395e+00
2.256684112548828125e+01 -6.691974401473999023e-02 1.564926242828369141e+01
3.432918548583984375e+01 -5.178184986114501953e+00 -1.544969177246093750e+01
-1.344789505004882812e+01 1.757457923889160156e+01 -2.639372634887695312e+01
-2.645918083190917969e+01 9.722212791442871094e+00 2.868036270141601562e+00
6.845647335052490234e+00 -3.540427684783935547e+00 1.534838581085205078e+01
-1.288378429412841797e+01 6.605733036994934082e-01 -5.197036743164062500e+00
4.333103656768798828e+00 2.174393653869628906e+01 3.475872755050659180e+00
2.874255180358886719e+01 -6.649936199188232422e+00 -2.118064880371093750e+01
3.221492004394531250e+01 -1.268150424957275391e+01 -5.737277507781982422e+00
-2.289086341857910156e+01 1.482611942291259766e+01 5.789557695388793945e-01
2.243615531921386719e+01 -1.783729362487792969e+01 -3.249222934246063232e-01
3.101476287841796875e+01 1.408632755279541016e+00 1.540717124938964844e+01
-7.986919403076171875e+00 -2.655785369873046875e+01 -1.041787433624267578e+01
-7.018408775329589844e+00 1.158996701240539551e+00 1.358826446533203125e+01
-2.175511121749877930e+00 1.791265106201171875e+01 2.023499488830566406e+01
-9.456054687500000000e+00 -1.261086940765380859e+01 2.965102386474609375e+01
1.880974292755126953e+00 -3.354510879516601562e+01 -1.373453807830810547e+01
9.485792160034179688e+00 3.195764732360839844e+01 -1.325416851043701172e+01
7.257379055023193359e+00 1.733661651611328125e+01 5.831686496734619141e+00
1.478882026672363281e+01 1.868479013442993164e+00 8.885400772094726562e+00
7.506847858428955078e+00 1.553001308441162109e+01 -3.463433456420898438e+01
-9.914411544799804688e+00 -1.668245506286621094e+01 8.943384170532226562e+00
-1.245442986488342285e+00 3.414683151245117188e+01 -4.414034187793731689e-01
7.121757507324218750e+00 -3.461522293090820312e+01 -7.839920520782470703e+00
1.488943672180175781e+01 1.545443534851074219e+01 -5.982646465301513672e+00
2.535756301879882812e+01 -6.302973747253417969e+00 1.813322639465332031e+01
-2.909175300598144531e+01 7.968522310256958008e-01 6.328037381172180176e-02
2.763932037353515625e+01 1.820474433898925781e+01 -1.759338676929473877e-01
9.548334121704101562e+00 1.592874813079833984e+01 3.030255126953125000e+01
4.326914787292480469e+00 3.981867218017578125e+01 7.689181804656982422e+00
3.321098327636718750e+01 -1.483387374877929688e+01 -9.386234283447265625e-01
-9.018062591552734375e+00 4.426693439483642578e+00 2.270514869689941406e+01
-6.208121299743652344e+00 -3.494734573364257812e+01 8.886970520019531250e+00
2.337074995040893555e+00 -3.939889144897460938e+01 -5.553239345550537109e+00
2.035273361206054688e+01 -3.150416564941406250e+01 8.263821601867675781e+00
1.192193412780761719e+01 1.909739685058593750e+01 1.982804298400878906e+01
-3.856330108642578125e+01 4.190958023071289062e+00 9.089797019958496094e+00
5.842152118682861328e+00 3.341783142089843750e+01 -2.052916336059570312e+01
2.706475067138671875e+01 2.787785339355468750e+01 -2.453458547592163086e+00
4.034897994995117188e+01 -6.427264690399169922e+00 4.239264488220214844e+00
2.626060676574707031e+01 7.326274394989013672e+00 5.608863830566406250e+00
-7.080351829528808594e+00 -5.689296126365661621e-01 3.502844619750976562e+01
-3.853089904785156250e+01 -2.974231719970703125e+00 9.671668052673339844e+00
-3.752445983886718750e+01 2.198558568954467773e+00 8.216747283935546875e+00
-3.770646095275878906e+00 2.502911567687988281e+00 2.361632919311523438e+01
1.902093315124511719e+01 -1.470157051086425781e+01 1.291142272949218750e+01
-1.860555052757263184e+00 1.525632476806640625e+01 2.298250770568847656e+01
1.230677485466003418e+00 2.723663330078125000e+01 -2.949106216430664062e+00
-2.540845298767089844e+01 1.023185729980468750e+01 -1.509447574615478516e+01
-3.221956253051757812e+01 1.866792869567871094e+01 -1.992097347974777222e-01
8.293402671813964844e+00 -1.553845214843750000e+01 2.713521194458007812e+01
2.111004257202148438e+01 -4.370681285858154297e+00 9.536470413208007812e+00
-1.408688831329345703e+01 -2.073625183105468750e+01 1.663585472106933594e+01
-1.725790214538574219e+01 -1.223944664001464844e+00 -5.674511909484863281e+00
1.890632057189941406e+01 -5.582985877990722656e+00 -8.284670829772949219e+00
5.352647781372070312e+00 5.873782038688659668e-01 3.439627456665039062e+01
1.260296821594238281e+01 -3.224796676635742188e+01 -1.091903686523437500e+01
1.417622947692871094e+01 1.125415992736816406e+01 2.721121597290039062e+01
2.488111734390258789e+00 -1.692918395996093750e+01 -1.026611518859863281e+01
7.490907669067382812e+00 7.843889236450195312e+00 -2.719528961181640625e+01
-2.445448875427246094e+01 6.413393020629882812e+00 6.766515731811523438e+00
-3.654039382934570312e+00 -3.574716949462890625e+01 8.340224266052246094e+00
1.281746864318847656e+01 1.322498130798339844e+01 1.818808364868164062e+01
2.469710922241210938e+01 8.743653297424316406e+00 1.363958740234375000e+01
-6.387891769409179688e+00 -1.091869163513183594e+01 7.016913414001464844e+00
-3.016289710998535156e+00 -1.475406455993652344e+01 -2.250519180297851562e+01
1.736667251586914062e+01 -6.299530506134033203e+00 -1.468510341644287109e+01
1.634453892707824707e+00 -2.975634002685546875e+01 2.781481266021728516e+00
1.277526283264160156e+01 1.809720993041992188e+01 6.592547893524169922e+00
-3.032415628433227539e+00 -3.082903671264648438e+01 -2.195739173889160156e+01
2.259050178527832031e+01 -2.928111267089843750e+01 3.859950304031372070e+00
-1.629101371765136719e+01 1.281111526489257812e+01 -8.105176925659179688e+00
-1.682865333557128906e+01 -2.490949249267578125e+01 1.567253971099853516e+01
4.242557144165039062e+01 2.240306138992309570e+00 1.739686965942382812e+00
1.051020145416259766e+01 -1.596484065055847168e+00 3.054672813415527344e+01
-1.377356719970703125e+01 -3.393967819213867188e+01 8.486813545227050781e+00
-2.563015699386596680e+00 7.724201679229736328e+00 -1.719293022155761719e+01
-1.536240100860595703e+01 -3.851307392120361328e+00 -1.102376651763916016e+01
1.693754196166992188e+01 2.388426589965820312e+01 -2.268269157409667969e+01
2.049381446838378906e+01 -1.126560926437377930e+00 -2.722582244873046875e+01
-1.396570205688476562e+01 -1.513341999053955078e+01 6.300654411315917969e+00
2.859877586364746094e+00 4.276477050781250000e+01 1.209218144416809082e+00
-1.120399188995361328e+01 -3.231894254684448242e+00 -6.423909664154052734e+00
1.487906455993652344e+01 2.053651237487792969e+01 -7.692350745201110840e-01
-5.753667831420898438e+00 7.621111273765563965e-01 -2.717745780944824219e+00
2.476673889160156250e+01 -2.159149646759033203e+00 2.592840433120727539e+00
-5.317963600158691406e+00 1.815394020080566406e+01 -1.731509971618652344e+01
-5.624332427978515625e+00 -2.856157684326171875e+01 1.581553554534912109e+01
-1.247089195251464844e+01 3.414501845836639404e-01 -5.295714855194091797e+00
4.224697113037109375e+00 -9.684144020080566406e+00 3.653662109375000000e+01
-1.656897664070129395e+00 8.732393264770507812e+00 -2.875435638427734375e+01
2.343929672241210938e+01 -1.182854175567626953e+01 1.473377513885498047e+01
-1.310648918151855469e+01 1.122626900672912598e+00 -3.152192878723144531e+01
-4.980966746807098389e-01 3.367410659790039062e+01 2.298371076583862305e+00
4.324701690673828125e+01 -4.959912776947021484e+00 3.449140787124633789e+00
7.858789563179016113e-01 3.825149917602539062e+01 1.360930728912353516e+01
1.357402229309082031e+01 1.333439111709594727e+00 -5.220346450805664062e-01
1.996532630920410156e+01 -2.884370994567871094e+01 1.030199432373046875e+01
9.626331329345703125e+00 5.470333099365234375e+00 4.854236602783203125e+00
-3.150890350341796875e+01 4.261246204376220703e+00 -4.578190803527832031e+00
5.485486030578613281e+00 -3.637120819091796875e+01 -2.404273152351379395e-01
2.464879989624023438e+01 -1.312466907501220703e+01 -1.791517066955566406e+01
-2.056896209716796875e+01 2.217350387573242188e+01 6.050692558288574219e+00
1.331494903564453125e+01 2.192544174194335938e+01 -2.088764190673828125e+00
-3.753158187866210938e+01 2.658638715744018555e+00 8.398303031921386719e+00
-4.391112327575683594e+00 2.347199630737304688e+01 -1.438015937805175781e+01
-3.178966712951660156e+01 1.626544761657714844e+01 7.003414630889892578e+00
-3.770425796508789062e+01 -2.845583200454711914e+00 9.675156593322753906e+00
-9.215886890888214111e-02 8.608939170837402344e+00 2.625484228134155273e+00
2.634615325927734375e+01 1.015600585937500000e+01 1.189145660400390625e+01
-1.589887261390686035e+00 -5.773417472839355469e+00 2.490747451782226562e+01
-1.756883811950683594e+01 -2.437211036682128906e+00 1.372534942626953125e+01
-2.320978164672851562e+00 -8.673098564147949219e+00 8.088936805725097656e+00
2.702477645874023438e+01 2.359372138977050781e+01 1.588261961936950684e+00
-1.561961078643798828e+01 -7.228897571563720703e+00 7.670701980590820312e+00
5.695926189422607422e+00 -6.761023044586181641e+00 -1.639621543884277344e+01
3.186962699890136719e+01 7.174762248992919922e+00 -7.836756229400634766e+00
-2.810271835327148438e+01 1.554698467254638672e+00 1.841219329833984375e+01
1.652398872375488281e+01 1.694823861122131348e+00 -3.572369766235351562e+01
1.760020637512207031e+01 4.975843906402587891e+00 3.591512298583984375e+01
-1.040766620635986328e+01 3.260763549804687500e+01 -9.175412178039550781e+00
-8.865649223327636719e+00 1.409867095947265625e+01 1.649236679077148438e+01
6.909026622772216797e+00 -1.239221000671386719e+01 -8.623528480529785156e+00
-5.823163032531738281e+00 -3.346784353256225586e+00 9.184416770935058594e+00
2.855841445922851562e+01 3.927234172821044922e+00 -1.625931358337402344e+01
1.192250823974609375e+01 -8.273500204086303711e-01 1.035401439666748047e+01
1.737427520751953125e+01 -1.876165008544921875e+01 -9.179531097412109375e+00
4.755699634552001953e+00 -2.552158737182617188e+01 -1.392645072937011719e+01
2.561775207519531250e+01 -8.830020904541015625e+00 2.754433441162109375e+01
-1.500943565368652344e+01 -3.064717864990234375e+01 1.997978401184082031e+01
1.994888782501220703e+00 4.809564113616943359e+00 -4.787272453308105469e+00
1.413344860076904297e+01 -1.905170631408691406e+01 1.370971441268920898e+00
-1.244774341583251953e+01 -9.840156435966491699e-01 -1.858940696716308594e+01
1.067339134216308594e+01 1.785399436950683594e+01 2.139102363586425781e+01
2.512360572814941406e+01 8.097159385681152344e+00 1.171041965484619141e+01
1.229984664916992188e+01 7.399075627326965332e-01 4.968393325805664062e+00
2.838353347778320312e+01 2.206908035278320312e+01 1.488946557044982910e+00
2.198366355895996094e+01 6.620172500610351562e+00 -7.365864276885986328e+00
1.300472068786621094e+01 3.431197404861450195e+00 9.088881492614746094e+00
-1.451182079315185547e+01 1.821506690979003906e+01 1.893556404113769531e+01
2.593007087707519531e+00 -3.338783264160156250e+01 1.666953444480895996e+00
1.142432785034179688e+01 1.857122802734375000e+01 2.042081832885742188e+01
2.397391128540039062e+01 -1.157275581359863281e+01 -2.280293846130371094e+01
2.630282783508300781e+01 1.225080490112304688e+01 -7.744898319244384766e+00
1.054760265350341797e+01 -5.490248203277587891e+00 3.660923004150390625e+01
8.008946418762207031e+00 2.017793464660644531e+01 3.042896461486816406e+01
-1.119802379608154297e+01 -2.921674537658691406e+01 1.886890983581542969e+01
1.395900154113769531e+01 3.717228651046752930e+00 5.576083183288574219e+00
9.658429145812988281e+00 -6.839476585388183594e+00 3.486136627197265625e+01
2.693616294860839844e+01 -2.495282745361328125e+01 4.498045444488525391e+00
1.912671141326427460e-02 3.016153526306152344e+01 1.111593246459960938e+01
2.866800498962402344e+01 1.851951026916503906e+01 -2.234951108694076538e-01
-9.573412895202636719e+00 -2.386716079711914062e+01 1.260919761657714844e+01
-1.082519912719726562e+01 2.885701560974121094e+01 -2.403186225891113281e+01
-1.174460697174072266e+01 8.437220573425292969e+00 2.800022506713867188e+01
2.495118904113769531e+01 8.404025077819824219e+00 1.146515274047851562e+01
-1.045401382446289062e+01 -1.862282180786132812e+01 -5.097300052642822266e+00
-2.053069114685058594e+01 9.180034637451171875e+00 2.224136543273925781e+01
5.016997337341308594e+00 -1.033453464508056641e+01 1.684277534484863281e+01
1.757496261596679688e+01 1.323142242431640625e+01 7.232640743255615234e+00
2.563440322875976562e+01 -1.253232669830322266e+01 -1.831890106201171875e+01
1.449672222137451172e+01 2.485781288146972656e+01 1.207517814636230469e+01
1.638750267028808594e+01 -1.234313297271728516e+01 1.557475376129150391e+01
9.000306129455566406e+00 -1.728553581237792969e+01 1.749687194824218750e+01
-8.138388633728027344e+00 3.765383958816528320e+00 -3.518387222290039062e+01
1.288512420654296875e+01 1.991660118103027344e+01 1.908798408508300781e+01
1.188622093200683594e+01 1.346344470977783203e+01 -1.610335922241210938e+01
8.903616905212402344e+00 -2.324883270263671875e+01 7.825156688690185547e+00
1.569020080566406250e+01 -5.134559631347656250e+00 -1.805757331848144531e+01
-1.316333007812500000e+01 2.025657844543457031e+01 2.263071632385253906e+01
-2.482171821594238281e+01 -2.668850135803222656e+01 5.343255996704101562e+00
-2.102556037902832031e+01 -2.358026027679443359e+00 -2.457514953613281250e+01
-9.213349223136901855e-01 -8.689687728881835938e+00 -1.976074218750000000e+01
2.764068841934204102e+00 -5.316204547882080078e+00 -3.332606124877929688e+01
-1.102061510086059570e+00 -1.689894294738769531e+01 -1.861433219909667969e+01
-2.599344730377197266e+00 8.340265274047851562e+00 -2.903708457946777344e+01
2.629557037353515625e+01 1.688274574279785156e+01 7.187998890876770020e-01
2.032569122314453125e+01 -5.217210769653320312e+00 -7.555267333984375000e+00
-1.309778213500976562e+01 -1.552775287628173828e+01 1.516303539276123047e+01
-7.542635440826416016e+00 -2.082913589477539062e+01 -1.438818454742431641e+01
2.196142673492431641e-01 2.542232131958007812e+01 2.222660255432128906e+01
6.078810214996337891e+00 -3.040019035339355469e+01 -1.720598411560058594e+01
2.354789733886718750e+01 1.746929931640625000e+01 -2.218193626403808594e+01
-4.779028415679931641e+00 8.798692703247070312e+00 2.525719261169433594e+01
1.036438941955566406e+01 3.049685668945312500e+01 -1.491080188751220703e+01
-2.003112602233886719e+01 -1.033258056640625000e+01 -1.368136286735534668e+00
2.412975120544433594e+01 -7.037444591522216797e+00 1.177359580993652344e+01
-5.676974296569824219e+00 9.480275154113769531e+00 -2.813479042053222656e+01
-9.748933792114257812e+00 -2.166413307189941406e+01 -2.014013671875000000e+01
3.891032218933105469e+00 1.500587463378906250e+01 -1.813580703735351562e+01
-4.621344566345214844e+00 -2.112781524658203125e+00 -1.869039726257324219e+01
-1.993680763244628906e+01 1.986964225769042969e+01 7.352936267852783203e+00
-1.164088821411132812e+01 -5.011399269104003906e+00 3.030269406735897064e-02
-8.975853919982910156e+00 -1.577941608428955078e+01 -1.838296127319335938e+01
-3.265901947021484375e+01 2.034145164489746094e+01 -2.634251594543457031e+00
-1.571106338500976562e+01 -7.124077320098876953e+00 7.707597255706787109e+00
-2.185460472106933594e+01 -9.278789520263671875e+00 -4.119021415710449219e+00
-9.350973963737487793e-01 3.702405166625976562e+01 1.623928642272949219e+01
2.434726524353027344e+01 -3.819665193557739258e+00 -1.318500709533691406e+01
-2.089626884460449219e+01 -5.783185958862304688e+00 1.418697357177734375e+01
-1.671932411193847656e+01 1.646471214294433594e+01 -2.167508125305175781e+01
3.295097112655639648e+00 6.510529041290283203e+00 6.778047561645507812e+00
3.544730758666992188e+01 1.411206626892089844e+01 5.714982509613037109e+00
-5.896650314331054688e+00 -3.379716110229492188e+01 8.035181045532226562e+00
-1.357276439666748047e+01 3.161558341979980469e+01 6.784562587738037109e+00
-2.660948562622070312e+01 1.193560600280761719e+01 -1.472978210449218750e+01
2.161781311035156250e+01 -1.225070667266845703e+01 2.402027130126953125e+01
-5.139752864837646484e+00 -7.201560497283935547e+00 -3.187665367126464844e+01
9.712894439697265625e+00 1.570939159393310547e+01 -5.035520553588867188e+00
-3.225962638854980469e+00 -1.850921630859375000e+01 3.706134557723999023e+00
2.182481002807617188e+01 6.829928874969482422e+00 1.720827865600585938e+01
-1.991636657714843750e+01 1.327559185028076172e+01 -9.220247268676757812e+00
-2.367711257934570312e+01 -1.151716709136962891e+01 -2.612769889831542969e+01
3.688819408416748047e+00 -2.539377784729003906e+01 2.251512145996093750e+01
8.779313087463378906e+00 1.333529663085937500e+01 -1.843158340454101562e+01
1.710446929931640625e+01 2.264678573608398438e+01 3.850786685943603516e-01
2.235643005371093750e+01 6.620977401733398438e+00 2.798801231384277344e+01
1.867764091491699219e+01 3.212165832519531250e+01 -5.679086208343505859e+00
-8.251999855041503906e+00 9.149491310119628906e+00 -2.651930046081542969e+01
1.134575176239013672e+01 5.333024501800537109e+00 -1.670183944702148438e+01
1.354719161987304688e+01 7.241070270538330078e+00 1.243116855621337891e+01
9.019519805908203125e+00 1.274957847595214844e+01 -7.562101840972900391e+00
1.616843414306640625e+01 1.360220241546630859e+01 1.990829658508300781e+01
3.256694030761718750e+01 4.167111396789550781e+00 1.602116966247558594e+01
6.189713001251220703e+00 -2.089987039566040039e+00 1.166358375549316406e+01
-2.499559020996093750e+01 2.554064178466796875e+01 5.595673561096191406e+00
1.084614658355712891e+01 -3.226899337768554688e+01 1.237242126464843750e+01
-1.232907199859619141e+01 1.311301708221435547e+01 1.793700218200683594e+01
-2.934526443481445312e+00 -2.907982254028320312e+01 1.797145843505859375e+01
-2.011664962768554688e+01 2.601107597351074219e+01 -8.159628868103027344e+00
-2.216105079650878906e+01 -2.127253532409667969e+00 1.587867736816406250e+01
-1.423406600952148438e+01 8.890045166015625000e+00 6.878252506256103516e+00
5.225688934326171875e+00 -3.230688476562500000e+01 1.600761413574218750e+01
4.180745601654052734e+00 -1.009354400634765625e+01 1.708123588562011719e+01
2.825995445251464844e+01 3.099590241909027100e-01 9.038651466369628906e+00
-7.871473789215087891e+00 1.384122562408447266e+01 3.408030700683593750e+01
2.028731727600097656e+01 -9.005992889404296875e+00 -3.443744182586669922e+00
-2.841161727905273438e+01 -4.934671878814697266e+00 -1.134662437438964844e+01
2.158977890014648438e+01 -1.161847782135009766e+01 2.900286912918090820e+00
-1.265411186218261719e+01 1.206310558319091797e+01 1.691571617126464844e+01
-5.607429027557373047e+00 1.167246150970458984e+01 6.292454242706298828e+00
-1.486551094055175781e+01 1.611801028251647949e+00 -2.261338424682617188e+01
1.904619812965393066e+00 -2.183042907714843750e+01 2.803665924072265625e+01
-2.001902008056640625e+01 -1.336504518985748291e-01 2.878052902221679688e+01
2.310208702087402344e+01 -1.606167405843734741e-01 -8.722209930419921875e+00
4.135722637176513672e+00 -1.551284027099609375e+01 -3.434346771240234375e+01
2.972975015640258789e+00 -9.831865310668945312e+00 3.872314071655273438e+01
-3.008663177490234375e+00 -5.910654544830322266e+00 1.543282866477966309e+00
3.565094947814941406e+00 -9.260957717895507812e+00 -1.083139896392822266e+01
4.401478767395019531e+00 -1.683393478393554688e+01 1.996526145935058594e+01
6.143163204193115234e+00 -2.531973838806152344e+01 -2.552519226074218750e+01
4.524251461029052734e+00 -6.217530727386474609e+00 9.950147628784179688e+00
1.618160438537597656e+01 1.377351760864257812e+01 1.404501533508300781e+01
-1.958236122131347656e+01 -2.652986145019531250e+01 -4.597112536430358887e-01
2.798007965087890625e+01 2.088804721832275391e+00 -2.315532112121582031e+01
1.335113430023193359e+01 1.077276325225830078e+01 -1.226136302947998047e+01
4.510769844055175781e+00 7.376156806945800781e+00 3.799372100830078125e+01
-2.365054607391357422e+00 -2.055422019958496094e+01 3.792148590087890625e+00
-2.079276847839355469e+01 1.541407942771911621e+00 4.376303195953369141e+00
-1.533194923400878906e+01 1.154944801330566406e+01 1.782466316223144531e+01
-1.270690059661865234e+01 1.428948116302490234e+01 -2.500727081298828125e+01
-3.190159034729003906e+01 1.538643455505371094e+01 4.675053119659423828e+00
2.167867469787597656e+01 -1.508190536499023438e+01 -2.997343778610229492e+00
4.217175960540771484e+00 -4.580428123474121094e+00 2.002360725402832031e+01
3.416865539550781250e+01 -1.277007484436035156e+01 -6.314485549926757812e+00
1.239036464691162109e+01 4.135456085205078125e+01 3.385706186294555664e+00
1.765674591064453125e+01 7.489955425262451172e+00 1.877406883239746094e+01
-1.026873302459716797e+01 3.041244316101074219e+01 -9.803606033325195312e+00
-1.868452262878417969e+01 1.074733066558837891e+01 5.649551868438720703e+00
2.082930564880371094e+00 5.993376255035400391e+00 1.440879631042480469e+01
2.570189857482910156e+01 1.663195371627807617e+00 -2.112010574340820312e+01
-8.204574584960937500e+00 1.778626060485839844e+01 -4.305826663970947266e+00
-1.749743223190307617e+00 1.883223724365234375e+01 1.952650833129882812e+01
2.212738037109375000e+01 2.066103744506835938e+01 1.684403800964355469e+01
2.746710014343261719e+01 -4.527261734008789062e+00 -1.168976402282714844e+01
2.301377105712890625e+01 6.992395401000976562e+00 2.653395462036132812e+01
1.906714057922363281e+01 1.359492397308349609e+01 -2.529438972473144531e+01
2.125544357299804688e+01 -8.592026829719543457e-01 3.321681213378906250e+01
-2.818159866333007812e+01 -3.001823663711547852e+00 7.019989013671875000e+00
-3.945534515380859375e+01 -3.785784959793090820e+00 -1.549970817565917969e+01
-9.241281509399414062e+00 -1.704624366760253906e+01 1.888293647766113281e+01
-1.345177841186523438e+01 1.092160415649414062e+01 1.353674793243408203e+01
2.393861389160156250e+01 8.677732467651367188e+00 1.060576152801513672e+01
-1.372111797332763672e+01 1.911240768432617188e+01 2.292621994018554688e+01
1.866891860961914062e+01 1.812115287780761719e+01 2.869496726989746094e+01
3.649236297607421875e+01 -1.107532978057861328e+01 -6.406410694122314453e+00
1.827842903137207031e+01 1.881214332580566406e+01 -2.299575614929199219e+01
-1.219364070892333984e+01 -3.481682586669921875e+01 -3.541015625000000000e+00
3.554364681243896484e+00 -3.302989578247070312e+01 1.290027427673339844e+01
-1.685374641418457031e+01 -2.313913726806640625e+01 -1.579967021942138672e+01
9.075977325439453125e+00 1.318902683258056641e+01 -1.806121063232421875e+01
-5.292686462402343750e+00 2.386511802673339844e+00 8.369667053222656250e+00
-1.373463344573974609e+01 -9.284962654113769531e+00 2.789008903503417969e+01
-1.355404090881347656e+01 -1.405163574218750000e+01 -3.057724761962890625e+01
-1.173984336853027344e+01 4.065316677093505859e+00 -2.783006668090820312e+01
-2.848162174224853516e+00 -1.628803825378417969e+01 -2.013232469558715820e+00
-7.466252326965332031e+00 7.246880054473876953e+00 3.283606529235839844e+00
-1.274981784820556641e+01 -8.620788574218750000e+00 2.765778923034667969e+01
9.727668762207031250e+00 1.531832122802734375e+01 2.880884361267089844e+01
3.902340412139892578e+00 -2.612347602844238281e+01 -2.266957855224609375e+01
-1.038913345336914062e+01 -2.621392631530761719e+01 1.266740989685058594e+01
2.179064750671386719e+01 2.220394706726074219e+01 5.774718284606933594e+00
1.985729598999023438e+01 -1.155560135841369629e+00 -2.717597961425781250e+01
-9.781661987304687500e+00 6.837748527526855469e+00 -2.536314964294433594e+01
-2.660114479064941406e+01 1.592103004455566406e+01 1.781136894226074219e+01
-1.484485054016113281e+01 3.690767288208007812e+00 -1.945698738098144531e+01
-6.850540637969970703e+00 1.376145648956298828e+01 -3.051677513122558594e+01
-2.891112899780273438e+01 -3.772373676300048828e+00 6.254666328430175781e+00
6.845890522003173828e+00 -2.904581260681152344e+01 -2.339226722717285156e+01
-1.678027915954589844e+01 -1.881020355224609375e+01 1.224890136718750000e+01
-2.799114990234375000e+01 -5.591516494750976562e+00 7.084484577178955078e+00
-8.205276489257812500e+00 -8.024331331253051758e-01 3.207537460327148438e+01
-1.607987594604492188e+01 1.288002586364746094e+01 -2.667140579223632812e+01
-6.554063320159912109e+00 -2.834538078308105469e+01 7.416103839874267578e+00
-1.996968078613281250e+01 -1.876613616943359375e+01 -1.775617218017578125e+01
-2.755895614624023438e+01 -1.276186943054199219e+01 1.983815956115722656e+01
1.046518993377685547e+01 -5.230101585388183594e+00 -2.518972778320312500e+01
-2.863623237609863281e+01 2.191491699218750000e+01 -6.474719047546386719e+00
1.493678665161132812e+01 -1.700566864013671875e+01 2.658478927612304688e+01
2.140505790710449219e+01 -6.646852016448974609e+00 3.830507040023803711e+00
2.304247617721557617e-01 -1.391264915466308594e+01 -7.427574157714843750e+00
1.211214923858642578e+01 -2.395935630798339844e+01 -1.601069068908691406e+01
1.857771039009094238e+00 1.434643840789794922e+01 2.043264770507812500e+01
1.838624572753906250e+01 2.769411087036132812e+00 -2.115707206726074219e+01
-1.072602272033691406e+01 -7.125959992408752441e-01 6.834867000579833984e+00
-1.338948822021484375e+01 -7.682388305664062500e+00 6.188565254211425781e+00
-2.354350280761718750e+01 2.674200248718261719e+01 -5.459969520568847656e+00
4.182196044921875000e+01 2.468779981136322021e-01 2.049073696136474609e+00
-1.655763816833496094e+01 2.108733940124511719e+01 1.729132843017578125e+01
-2.427247762680053711e+00 -2.247373199462890625e+01 -2.279636001586914062e+01
1.468687438964843750e+01 7.346851825714111328e+00 -2.197274780273437500e+01
-7.370491981506347656e+00 -6.100846290588378906e+00 -1.610098266601562500e+01
-3.894499540328979492e+00 -9.533808231353759766e-01 -3.351938247680664062e+01
2.107549476623535156e+01 7.398443222045898438e+00 -2.157571029663085938e+01
-8.558129310607910156e+00 -1.124950981140136719e+01 2.809560394287109375e+01
-1.549196839332580566e+00 -5.908521413803100586e-01 1.420639705657958984e+01
-1.879327392578125000e+01 -1.919794917106628418e+00 -1.751274871826171875e+01
-1.133086967468261719e+01 -1.834461784362792969e+01 -3.226933956146240234e+00
-2.416200828552246094e+01 3.687210798263549805e+00 -2.044694328308105469e+01
-2.042473602294921875e+01 9.539171218872070312e+00 2.170140457153320312e+01
-2.627426338195800781e+01 2.287979888916015625e+01 -3.580627202987670898e+00
-1.766305208206176758e+00 -1.470171260833740234e+01 2.323840141296386719e+01
3.246459245681762695e+00 -2.569392013549804688e+01 2.029107284545898438e+01
-1.659966468811035156e+01 -8.119708061218261719e+00 -8.892389297485351562e+00
-2.694384002685546875e+01 -2.193966388702392578e+00 -1.125616359710693359e+01
-2.494952011108398438e+01 6.767201423645019531e+00 -4.843051910400390625e+00
2.083470344543457031e+00 -3.982025527954101562e+01 -3.741683721542358398e+00
9.568812370300292969e+00 -2.297344589233398438e+01 1.505554676055908203e+01
-3.237468719482421875e+01 1.519360733032226562e+01 8.356202125549316406e+00
1.809122467041015625e+01 1.741335105895996094e+01 3.302065658569335938e+01
1.583055210113525391e+01 -7.900786399841308594e+00 -1.269440555572509766e+01
-5.473070621490478516e+00 -1.488702678680419922e+01 1.769399070739746094e+01
2.698958587646484375e+01 2.057420349121093750e+01 8.435960769653320312e+00
-3.553475570678710938e+01 -1.670772743225097656e+01 -4.607760906219482422e+00
3.207510375976562500e+01 -2.454056930541992188e+01 2.630980968475341797e+00
-1.235804462432861328e+01 2.862888908386230469e+01 2.208716201782226562e+01
-2.519578170776367188e+01 8.567390441894531250e+00 1.227070569992065430e+00
-1.702559471130371094e+01 1.057315254211425781e+01 1.816825294494628906e+01
1.242454719543457031e+01 4.118556213378906250e+01 3.314746379852294922e+00
-1.815957450866699219e+01 -1.928135681152343750e+01 -1.406803035736083984e+01
3.360323715209960938e+01 1.227814006805419922e+01 5.314903736114501953e+00
6.166360855102539062e+00 -2.776730346679687500e+01 -2.423449325561523438e+01
-2.713307380676269531e+01 -2.121804618835449219e+01 -7.132050514221191406e+00
2.350086021423339844e+01 1.790716743469238281e+01 -2.315616989135742188e+01
8.179475784301757812e+00 1.730703163146972656e+01 3.432125854492187500e+01
-1.769120788574218750e+01 1.159390163421630859e+01 -2.793348121643066406e+01
2.067800712585449219e+01 -3.091562652587890625e+01 8.352544784545898438e+00
6.645838737487792969e+00 3.385873413085937500e+01 -4.402708530426025391e+00
1.759357070922851562e+01 5.441209793090820312e+00 -3.364752578735351562e+01
-1.386667919158935547e+01 -2.778227043151855469e+01 1.871556854248046875e+01
6.387823104858398438e+00 -1.857047843933105469e+01 -4.988687992095947266e+00
3.077723503112792969e+01 -9.253598213195800781e+00 -2.196073722839355469e+01
3.422087860107421875e+01 7.667121410369873047e+00 7.845622539520263672e+00
2.492256164550781250e+01 1.046448516845703125e+01 2.275777053833007812e+01
3.527401733398437500e+01 1.316331005096435547e+01 3.773961067199707031e-01
2.648279905319213867e+00 8.002437353134155273e-01 -9.491150856018066406e+00
3.119328498840332031e+01 -7.857405185699462891e+00 1.350074386596679688e+01
-5.100000381469726562e+00 1.869137191772460938e+01 -1.656044578552246094e+01
-7.838138580322265625e+00 -2.907546043395996094e+01 2.488111495971679688e+01
9.361353874206542969e+00 3.260427474975585938e+01 -1.309635066986083984e+01
-1.479769992828369141e+01 -3.208485126495361328e+00 -1.447827339172363281e+01
-7.761961936950683594e+00 2.618446350097656250e+01 3.155842781066894531e+00
2.106381797790527344e+01 6.569273948669433594e+00 1.770299911499023438e+01
2.589964103698730469e+01 -1.329542845487594604e-01 3.138213729858398438e+01
-1.154279899597167969e+01 3.311537170410156250e+01 -1.218109503388404846e-01
2.237312698364257812e+01 -1.134335136413574219e+01 -2.793573379516601562e+01
1.510055637359619141e+01 1.722800827026367188e+01 7.180362701416015625e+00
5.830698490142822266e+00 3.051068782806396484e+00 1.758600616455078125e+01
-2.219803047180175781e+01 -8.839150518178939819e-02 -3.005638694763183594e+01
-3.446510314941406250e+00 6.947707176208496094e+00 1.065031719207763672e+01
-3.908835220336914062e+01 -4.168536663055419922e+00 1.147974300384521484e+01
2.617274665832519531e+01 7.215147495269775391e+00 6.001183509826660156e+00
-1.834355163574218750e+01 -1.862056922912597656e+01 1.352246379852294922e+01
-1.272312831878662109e+01 4.400969505310058594e+00 -3.133000564575195312e+01
2.603016281127929688e+01 -2.632173347473144531e+01 3.603867530822753906e+00
-1.915536284446716309e+00 -3.042936134338378906e+01 1.643884420394897461e+00
1.089444065093994141e+01 4.887479305267333984e+00 -4.723557472229003906e+00
-1.761883735656738281e+00 1.812582850456237793e+00 3.112801361083984375e+01
3.512466430664062500e+00 -1.938538551330566406e+01 2.335688209533691406e+01
1.104948139190673828e+01 -2.336737823486328125e+01 -3.470465898513793945e+00
1.037741756439208984e+01 -6.741750717163085938e+00 1.172374057769775391e+01
2.842938232421875000e+01 7.309854030609130859e+00 3.968332767486572266e+00
3.471126079559326172e+00 -2.876724481582641602e+00 1.040907192230224609e+01
1.692413711547851562e+01 5.813719272613525391e+00 -3.768010711669921875e+01
-2.087598037719726562e+01 -6.398469448089599609e+00 -1.610543823242187500e+01
-7.054166793823242188e+00 -2.212156295776367188e+01 -1.377206039428710938e+01
-1.430465221405029297e+01 1.299931335449218750e+01 -4.771006107330322266e+00
3.678079605102539062e+00 7.209935188293457031e+00 2.618708419799804688e+01
-2.231187438964843750e+01 -9.679845809936523438e+00 -2.844127273559570312e+01
-2.031866455078125000e+01 7.274870395660400391e+00 -1.330377388000488281e+01
7.433019876480102539e-01 -8.368124008178710938e+00 -5.109920024871826172e+00
1.588782501220703125e+01 3.168254375457763672e+00 3.164136314392089844e+01
-2.326980590820312500e+01 -1.027485728263854980e+00 -3.344029235839843750e+01
-3.051020240783691406e+01 3.599075555801391602e+00 1.924689292907714844e+01
-3.405448913574218750e+01 1.517421054840087891e+01 -4.864574432373046875e+00
-1.917375802993774414e+00 1.603934478759765625e+01 2.214968681335449219e+01
-1.829072833061218262e+00 -6.165236234664916992e-01 3.656163215637207031e+00
-3.828540039062500000e+01 1.181509590148925781e+01 9.097719192504882812e+00
-6.041323661804199219e+00 -1.222878551483154297e+01 3.534069061279296875e+01
-1.114203453063964844e+01 1.360935401916503906e+01 -1.492669010162353516e+01
1.595253586769104004e+00 1.664863204956054688e+01 -2.602391242980957031e+00
3.369059753417968750e+01 -1.375302696228027344e+01 1.861346626281738281e+01
1.576461601257324219e+01 1.333239650726318359e+01 2.165365409851074219e+01
1.012267780303955078e+01 6.915874004364013672e+00 4.881311416625976562e+00
-2.282404518127441406e+01 1.679660606384277344e+01 -1.960838127136230469e+01
-4.909801483154296875e+00 2.928351402282714844e+01 -9.661723136901855469e+00
1.442491722106933594e+01 1.717595100402832031e+01 7.516045093536376953e+00
-3.395588684082031250e+01 1.651540374755859375e+01 8.986760139465332031e+00
3.583778762817382812e+01 -5.170544147491455078e+00 -1.382217979431152344e+01
-6.326986312866210938e+00 -2.162243461608886719e+01 -1.234715938568115234e+01
2.050161552429199219e+01 -5.548590421676635742e-01 -1.511550426483154297e+00
1.208309745788574219e+01 1.245664215087890625e+01 6.904704093933105469e+00
-5.298609256744384766e+00 -6.555140972137451172e+00 -1.846214652061462402e+00
-8.716691017150878906e+00 7.236353874206542969e+00 -1.386970806121826172e+01
9.442565917968750000e+00 3.046241188049316406e+01 1.946927833557128906e+01
5.129410266876220703e+00 2.260513496398925781e+01 2.128211975097656250e+01
-1.526731300354003906e+01 -2.766124534606933594e+01 -2.504577827453613281e+01
1.452460670471191406e+01 -1.136003684997558594e+01 2.607089233398437500e+01
-6.880172252655029297e+00 -6.306805610656738281e+00 1.755127525329589844e+01
-1.400888347625732422e+01 2.075234222412109375e+01 9.686132431030273438e+00
1.515642833709716797e+01 -1.845482254028320312e+01 -4.305938243865966797e+00
-8.953560829162597656e+00 -1.659627151489257812e+01 1.805024337768554688e+01
-4.432239234447479248e-01 3.386907100677490234e+00 3.106546211242675781e+01
2.349305534362792969e+01 -1.894757080078125000e+01 1.589029979705810547e+01
-2.507106399536132812e+01 1.029682731628417969e+01 9.878858327865600586e-01
-5.268261432647705078e+00 2.336416244506835938e+00 8.477722167968750000e+00
-9.252385139465332031e+00 -1.303381538391113281e+01 3.791435623168945312e+01
4.403904914855957031e+00 7.980597496032714844e+00 4.826152324676513672e+00
-1.687951660156250000e+01 -2.802062988281250000e+01 -1.570347213745117188e+01
1.502140712738037109e+01 -9.770069122314453125e+00 -2.596644973754882812e+01
1.879341316223144531e+01 6.089762210845947266e+00 1.898467636108398438e+01
-1.111694526672363281e+01 -2.244683837890625000e+01 -2.016684722900390625e+01
2.831872558593750000e+01 -1.664500497281551361e-02 9.070466041564941406e+00
3.107188796997070312e+01 5.709681510925292969e+00 4.325019836425781250e+00
2.549817276000976562e+01 8.417251586914062500e+00 -2.526466751098632812e+01
-1.821337509155273438e+01 -1.162115669250488281e+01 2.225259780883789062e+01
-3.082166862487792969e+01 2.061260986328125000e+01 -7.995981693267822266e+00
5.063648700714111328e+00 -2.038364791870117188e+01 2.534701538085937500e+01
-3.494520425796508789e+00 -9.998060226440429688e+00 1.237957572937011719e+01
-4.646031856536865234e+00 3.333990812301635742e+00 1.794675636291503906e+01
-2.037912940979003906e+01 -6.413789749145507812e+00 -1.024767398834228516e+01
1.765272140502929688e+01 1.615632629394531250e+01 -1.024497270584106445e+00
-2.310799217224121094e+01 -1.069448828697204590e+00 -3.269641113281250000e+01
2.315644073486328125e+01 4.876467704772949219e+00 -1.222330665588378906e+01
2.579355049133300781e+01 -5.444112777709960938e+00 1.859456253051757812e+01
5.096816539764404297e+00 1.498644161224365234e+01 1.916910934448242188e+01
-1.424074769020080566e+00 -1.586002254486083984e+01 -6.729729175567626953e-01
1.968745422363281250e+01 -1.343347072601318359e+01 1.753921127319335938e+01
-1.365680992603302002e-01 1.299877643585205078e+01 9.462713241577148438e+00
-1.012773799896240234e+01 8.103013038635253906e-01 2.655511474609375000e+01
-1.796768784523010254e+00 -1.566879653930664062e+01 2.323115730285644531e+01
1.974814653396606445e+00 4.300812530517578125e+01 1.835198760032653809e+00
2.814134979248046875e+01 2.206012153625488281e+01 1.327823519706726074e+00
2.814420223236083984e+00 5.751272201538085938e+00 1.040555572509765625e+01
8.607952117919921875e+00 2.077029609680175781e+01 1.051858043670654297e+01
-3.573590517044067383e+00 3.322075605392456055e+00 4.018782043457031250e+01
5.696043968200683594e+00 -9.297775268554687500e+00 3.876904678344726562e+01
2.387869262695312500e+01 -2.615083932876586914e+00 -1.228367614746093750e+01
-6.028277397155761719e+00 -2.028244018554687500e+01 -1.420391750335693359e+01
-2.099827766418457031e+01 2.326278448104858398e+00 -1.121356582641601562e+01
2.555585289001464844e+01 5.366031646728515625e+00 -2.964409065246582031e+01
-3.077435302734375000e+01 -8.675145149230957031e+00 6.986987113952636719e+00
-3.568257522583007812e+01 2.891933441162109375e+00 8.555767059326171875e+00
-2.037510490417480469e+01 1.302282714843750000e+01 1.378581881523132324e+00
-1.693545281887054443e-01 3.861562728881835938e+00 2.218112468719482422e+00
2.118391799926757812e+01 1.560123920440673828e+01 -2.496422004699707031e+01
1.043783664703369141e+01 -2.422522163391113281e+01 -9.037589430809020996e-01
7.764783501625061035e-01 -1.107107162475585938e+01 -1.287602519989013672e+01
3.519400787353515625e+01 3.657036304473876953e+00 -2.762264251708984375e+00
-2.354990005493164062e+00 4.025196552276611328e+00 -3.501020050048828125e+01
1.929252052307128906e+01 -3.315197753906250000e+01 6.413674831390380859e+00
8.840037345886230469e+00 1.293074417114257812e+01 6.633510112762451172e+00
6.406912326812744141e+00 -2.995827293395996094e+01 -1.809962463378906250e+01
-1.215310573577880859e+01 -1.844734191894531250e+01 2.299890327453613281e+01
-2.687018203735351562e+01 6.996908187866210938e+00 -1.157197856903076172e+01
-3.742847442626953125e+00 2.002371215820312500e+01 -7.381510734558105469e+00
1.214678287506103516e+01 2.890410041809082031e+01 1.873608398437500000e+01
1.990461730957031250e+01 8.058167695999145508e-01 -1.970600247383117676e+00
-9.874573707580566406e+00 -3.585319519042968750e-01 -3.752823638916015625e+01
-2.393560981750488281e+01 -6.243969440460205078e+00 1.293000602722167969e+01
-2.460954284667968750e+01 -4.574026584625244141e+00 1.479969501495361328e+01
1.500169372558593750e+01 8.456999778747558594e+00 1.844017791748046875e+01
2.156704902648925781e+01 -3.544855594635009766e+00 8.967257499694824219e+00
-1.713053131103515625e+01 6.370660781860351562e+00 -9.723378181457519531e+00
6.662433147430419922e+00 -3.358433485031127930e+00 1.521273136138916016e+01
1.476505100727081299e-01 -1.523260593414306641e+01 -2.423672294616699219e+01
1.551810646057128906e+01 5.649932384490966797e+00 -7.856868743896484375e+00
1.834852027893066406e+01 6.867886781692504883e-01 2.290989875793457031e+01
-2.094740676879882812e+01 1.394913077354431152e+00 -4.318650722503662109e+00
9.677145957946777344e+00 -2.754034042358398438e+01 -1.777515411376953125e+01
-2.016408157348632812e+01 2.608649635314941406e+01 -8.373229980468750000e+00
1.164245843887329102e+00 3.130107498168945312e+01 1.131263256072998047e+01
-2.217617225646972656e+01 2.432553100585937500e+01 8.187575340270996094e+00
1.609809494018554688e+01 1.057902932167053223e+00 -2.573942565917968750e+01
8.739633560180664062e+00 2.031631278991699219e+01 -5.358457565307617188e+00
1.800521850585937500e+01 7.164332866668701172e+00 1.883636665344238281e+01
2.361716461181640625e+01 -1.401417636871337891e+01 2.093622398376464844e+01
-1.176221561431884766e+01 3.340448141098022461e+00 -3.111883926391601562e+01
1.355910587310791016e+01 1.107390022277832031e+01 7.390479087829589844e+00
-6.639471530914306641e+00 -1.488642883300781250e+01 -1.207136058807373047e+01
-2.533188819885253906e+01 -1.508472347259521484e+01 2.075020599365234375e+01
3.473177337646484375e+01 -8.940524101257324219e+00 2.008952331542968750e+01
-1.350601553916931152e+00 1.925665283203125000e+01 1.909549140930175781e+01
-1.991097831726074219e+01 2.198540687561035156e+01 1.385327243804931641e+01
-1.384427547454833984e+01 -2.931815528869628906e+01 -1.222422313690185547e+01
1.030425262451171875e+01 -3.229780578613281250e+01 -2.202848815917968750e+01
-2.800880432128906250e+00 -1.640473747253417969e+01 -3.645941019058227539e-01
-8.547398567199707031e+00 -1.507473182678222656e+01 -1.960839080810546875e+01
-8.765362739562988281e+00 1.751522254943847656e+01 -3.220206832885742188e+01
9.653204917907714844e+00 3.037528228759765625e+01 1.952622795104980469e+01
-3.049771785736083984e+00 4.685393333435058594e+00 -9.015454292297363281e+00
2.074694633483886719e+00 2.048403739929199219e+01 -2.111563873291015625e+01
2.761298894882202148e+00 -3.411359786987304688e+01 1.511445522308349609e+01
4.513306021690368652e-01 -2.187929344177246094e+01 1.275447368621826172e+01
-4.287476539611816406e+00 1.057913422584533691e+00 3.391683959960937500e+01
-3.223697662353515625e+01 1.997243499755859375e+01 -6.891879558563232422e+00
2.993567466735839844e+01 1.415677165985107422e+01 -1.646250724792480469e+01
2.543726921081542969e+01 1.226560950279235840e+00 -2.118803405761718750e+01
-1.193965148925781250e+01 1.691324806213378906e+01 -1.663976669311523438e+01
4.138563156127929688e+01 7.267371416091918945e-01 2.363668441772460938e+00
-3.359228515625000000e+01 -4.857118606567382812e+00 -2.234020423889160156e+01
6.075024604797363281e+00 1.472704052925109863e+00 -1.296361684799194336e+00
-4.080563354492187500e+01 2.640693187713623047e+00 6.978191375732421875e+00
-5.676437377929687500e+00 -2.978232574462890625e+01 8.716127395629882812e+00
6.433236122131347656e+00 -1.019934368133544922e+01 3.828045654296875000e+01
2.796402168273925781e+01 -3.302150368690490723e-01 9.217777252197265625e+00
-3.578576087951660156e+00 -5.499788284301757812e+00 6.474573612213134766e-01
9.882319450378417969e+00 2.854426383972167969e+01 -1.190715217590332031e+01
-1.614279365539550781e+01 3.129752731323242188e+01 1.796957206726074219e+01
-2.848081588745117188e+01 -1.913433265686035156e+01 -8.292968750000000000e+00
-1.003303527832031250e+01 -2.752367782592773438e+01 1.845774650573730469e+01
-3.136167907714843750e+01 -5.786138176918029785e-01 3.189419031143188477e+00
6.027087688446044922e+00 3.349383926391601562e+01 -2.082038116455078125e+01
1.122797203063964844e+01 -1.476691532135009766e+01 -2.763832855224609375e+01
-2.346253776550292969e+01 -8.831193923950195312e+00 -1.665283966064453125e+01
-1.620360493659973145e+00 1.545849037170410156e+01 2.096949195861816406e+01
2.643192672729492188e+01 7.744727134704589844e+00 -2.550047492980957031e+01
1.130710005760192871e+00 -1.064669609069824219e+01 2.367734909057617188e+01
4.182068252563476562e+01 -2.650402784347534180e+00 2.742301940917968750e+00
1.423667144775390625e+01 1.722823715209960938e+01 8.813254356384277344e+00
-2.965464210510253906e+01 1.314530563354492188e+01 7.523683071136474609e+00
8.394321441650390625e+00 -3.098077392578125000e+01 -6.035735607147216797e+00
-7.693229198455810547e+00 2.621912574768066406e+01 3.180985212326049805e+00
-1.404287815093994141e+01 3.078538894653320312e+01 6.711326122283935547e+00
3.391595602035522461e+00 1.370534420013427734e+01 -3.452832031250000000e+01
-1.919207382202148438e+01 -8.945125341415405273e-01 -1.337926292419433594e+01
-6.623571515083312988e-01 -1.067477416992187500e+01 3.793385314941406250e+01
-2.427881002426147461e+00 -2.672081375122070312e+01 -1.745661544799804688e+01
-1.248751640319824219e+01 1.040880298614501953e+01 -1.026046848297119141e+01
2.286581993103027344e+01 -2.142032051086425781e+01 -1.511261940002441406e+01
2.151204347610473633e+00 2.082898521423339844e+01 -2.147038269042968750e+01
1.417398738861083984e+01 2.663000583648681641e+00 -2.154099845886230469e+01
6.143370151519775391e+00 2.771847009658813477e+00 3.330119323730468750e+01
1.549496936798095703e+01 5.616555213928222656e+00 -7.794302463531494141e+00
1.858179211616516113e+00 2.054292488098144531e+01 2.643304109573364258e+00
7.073567390441894531e+00 -3.335043430328369141e+00 -1.720928192138671875e+01
6.138549447059631348e-01 1.271133327484130859e+01 2.026826477050781250e+01
-2.048852157592773438e+01 -6.893798351287841797e+00 2.764154815673828125e+01
5.840433835983276367e-01 -3.327806854248046875e+01 -1.894097709655761719e+01
1.553417873382568359e+01 2.265678787231445312e+01 -1.605398178100585938e+01
-1.651602864265441895e+00 -1.273189425468444824e+00 2.498439979553222656e+01
1.479923248291015625e+01 -3.329578876495361328e+00 3.813060379028320312e+01
2.118931388854980469e+01 -3.229071807861328125e+01 4.113954544067382812e+00
3.136964225769042969e+01 -2.346588706970214844e+01 4.982135295867919922e+00
1.510935306549072266e+01 1.284678649902343750e+01 7.972244262695312500e+00
1.923102617263793945e+00 -1.175761318206787109e+01 -1.323529148101806641e+01
1.383145523071289062e+01 2.569886922836303711e+00 8.779250144958496094e+00
1.580769920349121094e+01 2.207655334472656250e+01 -1.610546112060546875e+01
-5.738133907318115234e+00 -2.137014007568359375e+01 -1.759823203086853027e+00
3.622367477416992188e+01 1.539652156829833984e+01 3.276052236557006836e+00
-3.374818563461303711e+00 -1.289598464965820312e+00 -1.882710838317871094e+01
-2.489224243164062500e+01 7.281616687774658203e+00 4.481046676635742188e+00
-2.958748626708984375e+01 4.674762248992919922e+00 -1.531858062744140625e+01
-1.180070877075195312e+01 3.496231794357299805e+00 -3.115592384338378906e+01
1.446300506591796875e+01 -1.124845218658447266e+01 -2.844860267639160156e+01
1.412433832883834839e-01 1.173283457756042480e+00 -2.848919296264648438e+01
-7.248438894748687744e-02 3.588980484008789062e+01 -9.107885360717773438e+00
2.344068527221679688e+00 2.317398786544799805e+00 -1.493475675582885742e+00
2.535231781005859375e+01 7.998384475708007812e+00 5.559646129608154297e+00
2.591211318969726562e+01 2.054069042205810547e+00 2.852767562866210938e+01
-1.455335330963134766e+01 -1.899217009544372559e+00 -3.233390045166015625e+01
1.102703690528869629e+00 3.151755905151367188e+01 1.099238491058349609e+01
-5.427726268768310547e+00 6.083547115325927734e+00 4.215784072875976562e+00
1.207307910919189453e+01 1.197699165344238281e+01 -1.462332439422607422e+01
3.387460327148437500e+01 6.929479122161865234e+00 -9.189416885375976562e+00
1.196102619171142578e+01 -1.000610813498497009e-01 -3.690878677368164062e+01
-2.241384124755859375e+01 6.024339675903320312e+00 -3.897267282009124756e-01
-2.582031786441802979e-01 -2.214682006835937500e+01 -9.469319343566894531e+00
-6.041991233825683594e+00 -1.803525161743164062e+01 2.770505666732788086e+00
-1.652842903137207031e+01 -1.345568561553955078e+01 2.261517143249511719e+01
4.511502742767333984e+00 1.636561775207519531e+01 1.918249511718750000e+01
-2.940242385864257812e+01 -9.435199737548828125e+00 -6.047360420227050781e+00
-3.329962968826293945e+00 1.018616867065429688e+01 -7.749166488647460938e+00
2.277361106872558594e+01 -2.678651571273803711e+00 4.869028568267822266e+00
7.433433055877685547e+00 2.245442199707031250e+01 -1.818181610107421875e+01
2.714401245117187500e+00 -1.503075695037841797e+01 1.018104362487792969e+01
1.120470142364501953e+01 2.983493614196777344e+01 4.053492248058319092e-01
1.331625175476074219e+01 3.901360988616943359e+00 5.003692150115966797e+00
1.954834175109863281e+01 2.433521270751953125e+01 -7.939449310302734375e+00
1.445274734497070312e+01 -8.191329956054687500e+00 2.371363258361816406e+01
2.005838632583618164e+00 -7.984925746917724609e+00 -1.393676662445068359e+01
-2.810978126525878906e+01 1.894244003295898438e+01 -7.125336170196533203e+00
3.105905771255493164e+00 1.569462013244628906e+01 2.011575698852539062e+01
-2.038485717773437500e+01 1.864430427551269531e+01 -1.751415824890136719e+01
-1.769878768920898438e+01 -2.300691604614257812e+01 -2.587467804551124573e-02
1.522591400146484375e+01 1.933261036872863770e+00 3.619292449951171875e+01
4.197478771209716797e+00 -3.247208595275878906e+00 -7.523664951324462891e+00
3.754014587402343750e+01 -8.670815467834472656e+00 -9.835838317871093750e+00
3.647236108779907227e+00 -3.628080368041992188e+00 3.105566740036010742e+00
1.051527404785156250e+01 -3.432678985595703125e+01 -4.985771179199218750e+00
-2.815381884574890137e-01 -3.572833633422851562e+01 1.950413733720779419e-01
-1.010033035278320312e+01 1.304668617248535156e+01 1.633685493469238281e+01
-3.728395462036132812e+01 -2.440362215042114258e+00 -1.678211975097656250e+01
1.829006385803222656e+01 1.741237640380859375e+01 2.031888008117675781e+01
-8.788869857788085938e+00 -1.505037021636962891e+01 1.838413810729980469e+01
-5.235095024108886719e+00 -4.310674190521240234e+00 3.553771591186523438e+01
2.337954330444335938e+01 -1.136260604858398438e+01 -2.559601593017578125e+01
-3.240310668945312500e+01 -6.024347782135009766e+00 -2.210402679443359375e+01
-8.723974227905273438e+00 -1.507532787322998047e+01 -1.226405239105224609e+01
1.087387943267822266e+01 3.334656000137329102e+00 -1.091054344177246094e+01
-8.215968012809753418e-01 -2.368694496154785156e+01 -1.714311408996582031e+01
1.763577651977539062e+01 -2.669366455078125000e+01 -7.870582580566406250e+00
-2.420894622802734375e+01 1.091524219512939453e+01 -2.199696731567382812e+01
-3.011233139038085938e+01 -7.313199043273925781e+00 -1.305083990097045898e+00
-3.703990459442138672e+00 1.811795425415039062e+01 1.012882804870605469e+01
1.816056251525878906e+00 -8.208044052124023438e+00 2.253225326538085938e+00
-4.180551147460937500e+01 3.254720926284790039e+00 5.393123149871826172e+00
-2.944058990478515625e+01 1.136698648333549500e-01 4.856695175170898438e+00
-1.260973358154296875e+01 -3.449472808837890625e+01 -3.350683689117431641e+00
2.175070190429687500e+01 2.551604652404785156e+01 -8.231235504150390625e+00
-1.433328628540039062e+01 1.501730060577392578e+01 1.626663970947265625e+01
6.437764167785644531e+00 1.516915035247802734e+01 -2.914588737487792969e+01
-1.487148094177246094e+01 -3.313590621948242188e+01 -1.263107872009277344e+01
1.423243904113769531e+01 -4.958883672952651978e-02 3.807972335815429688e+01
3.174463844299316406e+01 -1.234122395515441895e+00 1.570113468170166016e+01
1.778197479248046875e+01 1.457872390747070312e+01 2.657292938232421875e+01
2.091185569763183594e+01 -7.027033805847167969e+00 2.488157272338867188e+01
-1.998028755187988281e+01 -6.562807559967041016e+00 -8.841808319091796875e+00
-3.112315940856933594e+01 -6.203366279602050781e+00 -2.475819206237792969e+01
2.353410720825195312e+01 -1.150284576416015625e+01 -2.530382919311523438e+01
2.278594779968261719e+01 -2.169131851196289062e+01 -1.370652675628662109e+01
1.412952232360839844e+01 -1.370849514007568359e+01 -2.212722015380859375e+01
2.296147537231445312e+01 5.640025615692138672e+00 -4.047539234161376953e+00
1.634539604187011719e+01 -1.227938652038574219e+01 1.557315158843994141e+01
2.951955318450927734e+00 3.346116065979003906e+00 -3.875409364700317383e+00
1.063918113708496094e+01 3.573615264892578125e+01 1.102356624603271484e+01
-2.029945755004882812e+01 1.522373294830322266e+01 2.237630367279052734e+00
6.377250671386718750e+00 1.212762713432312012e+00 2.114298248291015625e+01
2.554160499572753906e+01 2.644804954528808594e+01 9.997627258300781250e+00
-1.141677975654602051e+00 -3.037639427185058594e+01 -8.169920921325683594e+00
-2.867536735534667969e+01 -3.982095479965209961e+00 -1.346342277526855469e+01
-3.386421203613281250e+01 -4.683919906616210938e+00 -2.197979545593261719e+01
2.140522766113281250e+01 -1.271270179748535156e+01 4.433603763580322266e+00
-2.072002649307250977e+00 1.200920486450195312e+01 1.036327171325683594e+01
-8.386365175247192383e-01 1.509463882446289062e+01 -2.582079315185546875e+01
-1.489394187927246094e+01 1.430309391021728516e+01 -1.008378887176513672e+01
-6.154636859893798828e+00 1.506622791290283203e+01 3.551626968383789062e+01
1.450345325469970703e+01 2.037628936767578125e+01 -9.852526783943176270e-01
-1.704004478454589844e+01 1.266219425201416016e+01 -2.964813613891601562e+01
-2.024113845825195312e+01 -1.853107452392578125e+01 -1.758412742614746094e+01
-1.484709739685058594e+01 -1.527728652954101562e+01 1.883458518981933594e+01
1.670725822448730469e+01 -2.973863792419433594e+01 -6.634722232818603516e+00
-2.287020492553710938e+01 5.410866737365722656e+00 -1.823587799072265625e+01
2.464272499084472656e+01 2.044721984863281250e+01 -1.589886665344238281e+00
-5.069272994995117188e+00 5.283566474914550781e+00 2.167240142822265625e+01
-5.536932468414306641e+00 -2.512813568115234375e+01 -9.953293800354003906e+00
-1.076259374618530273e+00 2.454217720031738281e+01 2.696078300476074219e+01
8.660431861877441406e+00 -2.003582954406738281e+01 1.271340727806091309e+00
2.338741302490234375e+01 1.529956340789794922e+01 -1.966801071166992188e+01
-1.305653858184814453e+01 1.079297423362731934e+00 4.593477547168731689e-01
-6.562675952911376953e+00 -9.833847999572753906e+00 2.266154098510742188e+01
-8.605066299438476562e+00 -2.293841361999511719e+01 2.672892951965332031e+01
-1.552778530120849609e+01 -2.005905342102050781e+01 1.152064323425292969e+01
-1.430104732513427734e+01 2.725420475006103516e+00 2.538732337951660156e+01
2.664502143859863281e+01 -1.101237392425537109e+01 -6.383469581604003906e+00
1.077116298675537109e+01 -2.153092956542968750e+01 -2.330390167236328125e+01
1.075919246673583984e+01 7.992079108953475952e-02 8.843525886535644531e+00
2.260510826110839844e+01 -2.779885482788085938e+01 6.623711109161376953e+00
1.350616168975830078e+01 -8.883213996887207031e+00 -8.759087562561035156e+00
-8.641020774841308594e+00 -2.025064277648925781e+01 -1.901169586181640625e+01
2.150384330749511719e+01 -1.326964855194091797e+00 -3.086998462677001953e+00
7.264081001281738281e+00 -2.387456130981445312e+01 7.355335712432861328e+00
2.671280479431152344e+01 2.862327814102172852e+00 -1.545699596405029297e+00
7.753789901733398438e+00 1.021851730346679688e+01 3.839809799194335938e+01
2.267228841781616211e+00 -2.097412490844726562e+01 -8.861769676208496094e+00
-5.101919651031494141e+00 -3.637983703613281250e+01 -1.351701259613037109e+01
-3.054516983032226562e+01 1.110175418853759766e+01 -1.191455459594726562e+01
2.910404205322265625e+01 5.055305957794189453e+00 -1.657959175109863281e+01
-2.039423942565917969e+00 -2.114755439758300781e+01 -1.291983604431152344e+00
1.262860965728759766e+01 1.863953018188476562e+01 5.631036281585693359e+00
-3.762640953063964844e+00 1.496893882751464844e+00 3.382982635498046875e+01
-2.946025657653808594e+01 2.827295958995819092e-01 5.192515850067138672e+00
3.883660888671875000e+01 6.670490741729736328e+00 1.092571067810058594e+01
-1.337780570983886719e+01 -1.137785625457763672e+01 -3.128389930725097656e+01
-2.393918228149414062e+01 -1.392117023468017578e+01 -2.247280311584472656e+01
1.263077449798583984e+01 -2.612851905822753906e+01 2.030068588256835938e+01
-3.199082374572753906e+01 1.742847633361816406e+01 -3.137808561325073242e+00
-7.839617729187011719e-01 -2.150881385803222656e+01 2.494709587097167969e+01
-1.113533878326416016e+01 -2.159233665466308594e+01 2.806540679931640625e+01
1.629054450988769531e+01 1.831935691833496094e+01 -7.730769157409667969e+00
-8.765803337097167969e+00 1.406924343109130859e+01 1.648676109313964844e+01
-9.963994979858398438e+00 5.507223606109619141e+00 1.322621154785156250e+01
-8.791460037231445312e+00 -1.589295196533203125e+01 1.773044776916503906e+01
-1.650770187377929688e+01 -3.279037094116210938e+01 7.635987758636474609e+00
3.792993307113647461e+00 7.797756195068359375e+00 2.575535392761230469e+01
4.422604560852050781e+00 2.121143913269042969e+01 -1.153497600555419922e+01
2.717200088500976562e+01 -1.138456058502197266e+01 -6.477751731872558594e+00
-7.340744137763977051e-01 2.380295562744140625e+01 1.211785030364990234e+01
-1.298029899597167969e+01 2.405380249023437500e+01 -1.914613723754882812e+01
9.827308654785156250e+00 -5.880407810211181641e+00 3.633369445800781250e+01
-5.827120304107666016e+00 -2.804588317871093750e+01 -9.215156555175781250e+00
2.109519195556640625e+01 -1.304313391447067261e-01 1.663356018066406250e+01
1.074057459831237793e+00 -1.736815643310546875e+01 -1.293679141998291016e+01
-1.798453092575073242e+00 -7.539412379264831543e-01 -1.728119277954101562e+01
-6.721975803375244141e+00 -2.558019638061523438e+01 6.665599346160888672e+00
2.073121643066406250e+01 -9.508428573608398438e-01 -2.216048955917358398e+00
3.225225448608398438e+01 4.411950111389160156e+00 1.633423614501953125e+01
3.241009140014648438e+01 -2.183898448944091797e+00 1.647355270385742188e+01
-1.372405624389648438e+01 -7.645729541778564453e+00 6.433570861816406250e+00
-1.174417877197265625e+01 -2.269124221801757812e+01 -2.715916061401367188e+01
-1.763327789306640625e+01 5.674948215484619141e+00 2.959975051879882812e+01
-5.108846664428710938e+00 9.723864555358886719e+00 -1.636291313171386719e+01
-1.481288528442382812e+01 -1.208099722862243652e+00 3.767436981201171875e+01
1.662332725524902344e+01 -4.463617324829101562e+00 -9.643018722534179688e+00
-1.388319492340087891e+01 -1.448714137077331543e+00 3.944115447998046875e+01
1.823279857635498047e+00 -1.716662025451660156e+01 -1.106826114654541016e+01
5.241038322448730469e+00 1.272432136535644531e+01 -2.634019470214843750e+01
-6.739453792572021484e+00 -1.545910167694091797e+01 1.792799377441406250e+01
-5.850082397460937500e+00 -1.569958686828613281e+01 -9.412802696228027344e+00
1.801832580566406250e+01 1.828359484672546387e+00 3.388785171508789062e+01
3.099986076354980469e+01 -9.855327606201171875e+00 -2.182241439819335938e+01
1.790621757507324219e+01 -2.908119201660156250e+01 -7.040099143981933594e+00
2.558508872985839844e+01 -9.374513030052185059e-01 -2.175915908813476562e+01
2.527827024459838867e-02 3.683324432373046875e+01 1.779304122924804688e+01
-7.885339736938476562e+00 -4.940438270568847656e+00 -3.184421348571777344e+01
-5.182838439941406250e+00 1.783613967895507812e+01 -3.124994468688964844e+01
2.563015747070312500e+01 -8.876097679138183594e+00 2.745174407958984375e+01
1.156389999389648438e+01 3.094369316101074219e+01 -1.348039340972900391e+01
7.634218692779541016e+00 -8.293106079101562500e+00 3.970623779296875000e+01
1.731173896789550781e+01 -1.613148117065429688e+01 3.034739494323730469e+01
-1.980092239379882812e+01 -3.543362617492675781e+00 -3.932711839675903320e+00
-3.135986804962158203e+00 1.007656955718994141e+01 -7.757840156555175781e+00
-9.173233985900878906e+00 1.260125541687011719e+01 3.573325347900390625e+01
-1.401007175445556641e+01 -2.825827598571777344e+01 -9.999175071716308594e+00
-1.121198558807373047e+01 4.833621501922607422e+00 -2.416644096374511719e+01
1.422641563415527344e+01 -1.334766292572021484e+01 2.733874511718750000e+01
1.871547222137451172e+00 2.214283180236816406e+01 1.567045211791992188e+01
-9.524963498115539551e-01 8.407243728637695312e+00 -2.763139724731445312e+01
1.989138412475585938e+01 -1.370785427093505859e+01 -1.528499031066894531e+01
-2.482842445373535156e+01 4.920537471771240234e+00 -1.940301895141601562e+01
3.615994215011596680e+00 -9.812205314636230469e+00 -1.094893646240234375e+01
-3.696092605590820312e+01 -6.824086189270019531e+00 8.798364400863647461e-01
-5.403791904449462891e+00 1.036133193969726562e+01 -1.618577766418457031e+01
-1.175540542602539062e+01 8.936108589172363281e+00 2.207533645629882812e+01
-6.850646018981933594e+00 1.404348373413085938e+01 1.145467662811279297e+01
-1.727119255065917969e+01 1.041082000732421875e+01 1.800080108642578125e+01
1.401418209075927734e+01 1.757995796203613281e+01 1.005653285980224609e+01
-6.176952838897705078e+00 -2.074747848510742188e+01 -1.379145908355712891e+01
-2.840592145919799805e+00 -1.552403068542480469e+01 2.860227584838867188e+01
2.370018577575683594e+01 1.004638481140136719e+01 -5.710470676422119141e+00
4.047351837158203125e+00 2.864619016647338867e+00 -1.855961418151855469e+01
5.078574180603027344e+00 -3.796131134033203125e+01 -5.399730801582336426e-01
3.320380783081054688e+01 5.848602771759033203e+00 -2.992789030075073242e+00
5.189229965209960938e+00 2.273536872863769531e+01 2.154800415039062500e+01
-7.980170726776123047e+00 -2.229513645172119141e+00 -2.483930397033691406e+01
-2.947968959808349609e+00 7.800358533859252930e-01 -2.843726873397827148e+00
1.480993270874023438e+01 7.499881744384765625e+00 -2.173587608337402344e+01
-2.649334526062011719e+01 -8.286565780639648438e+00 2.429419136047363281e+01
1.227754688262939453e+01 4.131246566772460938e+00 2.520919990539550781e+01
-2.191040039062500000e+00 -2.588321447372436523e+00 1.951511383056640625e+01
-1.903802680969238281e+01 -2.759603309631347656e+01 1.634840774536132812e+01
-3.174329376220703125e+01 -4.679103374481201172e+00 -2.255398368835449219e+01
-2.152889823913574219e+01 -2.057826423645019531e+01 -1.779276847839355469e+01
-5.577244758605957031e+00 -8.022907257080078125e+00 1.984183311462402344e+01
-2.962901115417480469e+00 -2.984558868408203125e+01 1.768132209777832031e+01
-2.183713674545288086e+00 -2.160849189758300781e+01 1.321757698059082031e+01
2.747555160522460938e+01 -1.577274608612060547e+01 -9.079562187194824219e+00
-3.810321331024169922e+00 9.026084899902343750e+00 -7.683136463165283203e+00
1.485702991485595703e+01 2.475511550903320312e+01 -4.698978900909423828e+00
2.247585296630859375e+01 -2.756849098205566406e+01 5.722221374511718750e+00
7.597370147705078125e+00 3.094922065734863281e+01 1.711929321289062500e+01
1.343626594543457031e+01 -1.102179241180419922e+01 1.682124733924865723e+00
1.272078037261962891e+01 -1.596765518188476562e+01 -2.807139205932617188e+01
1.279741859436035156e+01 -2.072368240356445312e+01 -1.605794143676757812e+01
2.084658622741699219e+01 -6.873920440673828125e+00 2.685320854187011719e+01
9.148058891296386719e+00 -6.845444679260253906e+00 5.222843170166015625e+00
3.346059322357177734e+00 -3.051174926757812500e+01 -1.242932605743408203e+01
-1.424070739746093750e+01 8.332637786865234375e+00 -8.106207847595214844e+00
-8.964101791381835938e+00 8.229454994201660156e+00 -3.148108291625976562e+01
2.303709602355957031e+01 2.134792059659957886e-01 1.486392116546630859e+01
2.253376007080078125e+01 5.836365699768066406e+00 -8.885600090026855469e+00
-3.464412307739257812e+01 -1.608687210083007812e+01 -5.631701469421386719e+00
4.328500270843505859e+00 -1.772169685363769531e+01 2.114840888977050781e+01
-2.360760116577148438e+01 -1.261004638671875000e+01 -2.546618270874023438e+01
6.175545215606689453e+00 -3.307436752319335938e+01 -2.147221565246582031e+01
-1.945869636535644531e+01 8.291796684265136719e+00 -1.415936470031738281e+01
2.543557929992675781e+01 1.301151084899902344e+01 5.598706245422363281e+00
-2.141315269470214844e+01 1.777412986755371094e+01 -1.740140151977539062e+01
-1.701310539245605469e+01 -6.756603121757507324e-01 -1.489145851135253906e+01
-1.741545677185058594e+01 2.735827064514160156e+01 5.115302205085754395e-01
1.612858581542968750e+01 9.573808908462524414e-01 -2.589684677124023438e+01
-1.519042396545410156e+01 -3.783755064010620117e+00 -1.171911144256591797e+01
1.383026981353759766e+01 -2.492599678039550781e+01 -2.656955528259277344e+01
8.374558448791503906e+00 -1.608088684082031250e+01 2.817190170288085938e+01
1.740902709960937500e+01 1.330725955963134766e+01 7.194675445556640625e+00
2.483591794967651367e+00 4.824045658111572266e+00 8.172480583190917969e+00
-5.847488880157470703e+00 -2.963526964187622070e+00 -8.101761817932128906e+00
-1.464008235931396484e+01 1.206660556793212891e+01 -1.359620571136474609e+01
3.335235214233398438e+01 -5.756142139434814453e-01 -8.329333305358886719e+00
-4.141159534454345703e+00 2.155907630920410156e+01 2.617589187622070312e+01
-1.757715034484863281e+01 3.254308700561523438e+01 4.643156528472900391e+00
1.579192066192626953e+01 -5.648474216461181641e+00 2.710039317607879639e-01
7.325272083282470703e+00 -3.485374832153320312e+01 -5.416007637977600098e-01
-1.864073181152343750e+01 -1.706303596496582031e+01 1.480375862121582031e+01
-3.062910556793212891e+00 -3.124340820312500000e+01 1.713133811950683594e+01
1.033806991577148438e+01 -2.460858726501464844e+01 2.779333591461181641e-01
4.791658878326416016e+00 1.659526824951171875e+00 -2.544404220581054688e+01
-3.147979736328125000e+00 2.226038742065429688e+01 2.026737976074218750e+01
-2.374984550476074219e+01 -9.896699905395507812e+00 -6.941089153289794922e+00
3.863808393478393555e+00 1.145133018493652344e+01 -3.441742324829101562e+01
-3.989538908004760742e+00 8.674796104431152344e+00 -7.677821159362792969e+00
1.348322868347167969e+01 3.781403779983520508e+00 -1.044583320617675781e+00
-1.043028736114501953e+01 -6.012427806854248047e+00 -2.104378700256347656e+01
1.174549007415771484e+01 1.794838309288024902e+00 -1.521332740783691406e+01
1.446964645385742188e+01 -1.242333793640136719e+01 -2.051990127563476562e+01
-1.708468818664550781e+01 2.095674133300781250e+01 1.729737663269042969e+01
-3.527390241622924805e+00 -1.885236549377441406e+01 -6.963221430778503418e-01
1.721249771118164062e+01 5.899698257446289062e+00 -6.799108028411865234e+00
2.924183654785156250e+01 2.818654298782348633e+00 -1.356657147407531738e-01
-1.637105178833007812e+01 5.259694576263427734e+00 -2.932905769348144531e+01
-2.639633750915527344e+01 2.448724174499511719e+01 -2.385037899017333984e+00
2.732583808898925781e+01 1.847531700134277344e+01 -5.283056497573852539e-01
-7.382151603698730469e+00 -1.708899688720703125e+01 1.597503423690795898e-01
8.481613159179687500e+00 4.920115470886230469e+00 -3.370742416381835938e+01
-3.732823848724365234e+00 2.977872657775878906e+01 -1.157866668701171875e+01
7.527505755424499512e-01 8.663103103637695312e+00 3.313107967376708984e+00
-3.115763092041015625e+01 1.992647933959960938e+01 -2.763971567153930664e+00
2.880829048156738281e+01 1.305103397369384766e+01 1.778534054756164551e+00
2.612873840332031250e+01 2.441070747375488281e+01 8.931793212890625000e+00
1.468310236930847168e+00 -1.776827216148376465e+00 -3.068088912963867188e+01
-2.209930038452148438e+01 -8.582736015319824219e+00 -7.006454467773437500e+00
2.334614181518554688e+01 -1.157017135620117188e+01 1.760355591773986816e+00
1.541420578956604004e+00 -2.360431480407714844e+01 1.246189975738525391e+01
2.371257781982421875e+00 1.490806102752685547e+01 -5.824537754058837891e+00
5.074924230575561523e-01 -1.342400264739990234e+01 -1.548923254013061523e+00
-3.155918502807617188e+01 4.419665336608886719e+00 -4.840691566467285156e+00
3.611109924316406250e+01 -5.725952148437500000e+00 -1.472599983215332031e+01
1.994901466369628906e+01 -1.081995201110839844e+01 -2.159984207153320312e+01
1.212366580963134766e+01 -2.498741912841796875e+01 5.120998620986938477e-02
1.897739410400390625e+01 -3.588572740554809570e+00 -3.576935195922851562e+01
9.402352333068847656e+00 1.305529212951660156e+01 -1.758560752868652344e+01
-5.486618995666503906e+00 -2.205087280273437500e+01 1.709761047363281250e+01
-2.941145658493041992e+00 -3.813099670410156250e+01 7.633920907974243164e-01
3.982856273651123047e+00 1.349391746520996094e+01 -5.584702014923095703e+00
-2.609774971008300781e+01 1.398400306701660156e+01 -1.774701309204101562e+01
-4.155519008636474609e-01 3.672308444976806641e+00 3.079553604125976562e+01
2.475649261474609375e+01 6.368901729583740234e+00 -3.069325447082519531e+01
-1.429708671569824219e+01 5.766606330871582031e+00 -2.487585544586181641e+00
-9.073511362075805664e-01 -1.081472396850585938e+01 3.798866271972656250e+01
9.726863861083984375e+00 5.559054374694824219e+00 -2.934082412719726562e+01
-2.698577880859375000e+01 7.257376194000244141e+00 -1.691493606567382812e+01
1.223071384429931641e+01 1.220797061920166016e+00 -1.316907215118408203e+01
1.225945591926574707e+00 2.723776435852050781e+01 -2.938845872879028320e+00
-6.482888698577880859e+00 -2.031901168823242188e+01 1.546962833404541016e+01
-3.399779510498046875e+01 -4.562619686126708984e+00 -2.178659248352050781e+01
2.552215003967285156e+01 1.191112804412841797e+01 -7.816554069519042969e+00
-3.126702117919921875e+01 -1.782403755187988281e+01 1.531132221221923828e+01
-2.325480937957763672e+00 9.847908616065979004e-01 -1.096864986419677734e+01
3.090352058410644531e+01 8.358400344848632812e+00 5.602093219757080078e+00
3.608989334106445312e+01 -1.211595821380615234e+01 -6.907923817634582520e-01
-2.270144844055175781e+01 -8.923069000244140625e+00 -3.734698057174682617e+00
4.764028549194335938e+00 -1.009197521209716797e+01 2.957642745971679688e+01
1.149922084808349609e+01 -2.429425048828125000e+01 -1.606614112854003906e+01
1.494706249237060547e+01 1.091887664794921875e+01 3.564643144607543945e+00
3.827033519744873047e+00 -2.553512001037597656e+01 2.254128456115722656e+01
-2.006301116943359375e+01 6.979926109313964844e+00 -2.206189346313476562e+01
-1.946817779541015625e+01 -2.677738189697265625e+01 7.433404922485351562e+00
-1.155550765991210938e+01 2.545272445678710938e+01 1.743927764892578125e+01
-3.049835205078125000e+00 -9.020817756652832031e+00 -9.049116134643554688e+00
-1.787405586242675781e+01 -9.673666954040527344e+00 -1.468111610412597656e+01
-2.858894920349121094e+01 -8.161682128906250000e+00 -2.592051506042480469e+01
-3.966391563415527344e+00 2.412006378173828125e+01 -1.772767639160156250e+01
1.139655399322509766e+01 1.021959590911865234e+01 3.727179718017578125e+01
1.238365936279296875e+01 -2.497749900817871094e+01 8.319457769393920898e-01
-2.848703861236572266e+00 8.603230476379394531e+00 2.590022468566894531e+01
1.740536499023437500e+01 5.827327251434326172e+00 -1.105587196350097656e+01
9.954206466674804688e+00 -6.116597652435302734e+00 -1.086468315124511719e+01
2.558738136291503906e+01 6.546659469604492188e+00 4.938227653503417969e+00
-2.145004272460937500e+01 1.912645339965820312e+01 -5.725232601165771484e+00
-7.501676559448242188e+00 1.500671195983886719e+01 2.051061630249023438e+01
6.111239910125732422e+00 -1.184547615051269531e+01 1.550335121154785156e+01
3.085990905761718750e+01 1.551583051681518555e+00 -1.533564686775207520e+00
-3.309238433837890625e+00 -6.691688537597656250e+00 2.222874879837036133e+00
5.250552654266357422e+00 -8.233897209167480469e+00 -7.473585009574890137e-02
-8.375362396240234375e+00 3.689395141601562500e+01 1.450448989868164062e+01
1.786566972732543945e+00 -2.392445755004882812e+01 1.249713230133056641e+01
-1.648305702209472656e+01 1.318596076965332031e+01 -8.129899978637695312e+00
2.476266670227050781e+01 -3.145508289337158203e+00 3.613545417785644531e+00
-2.287473678588867188e+00 1.184260845184326172e+01 1.030796432495117188e+01
-6.445516586303710938e+00 2.962147521972656250e+01 -8.117297172546386719e+00
-2.142011970281600952e-01 -2.009544134140014648e+00 2.193801689147949219e+01
-2.389407730102539062e+01 -1.835398292541503906e+01 -7.076794624328613281e+00
1.676582908630371094e+01 1.741145896911621094e+01 -7.415772914886474609e+00
2.851105690002441406e+01 3.403116226196289062e+00 -1.660139274597167969e+01
3.962074661254882812e+01 -5.484892368316650391e+00 3.821436882019042969e+00
-3.887670040130615234e-01 6.187803268432617188e+00 -2.079524517059326172e+00
-9.807415962219238281e+00 -1.657844543457031250e+01 8.871959686279296875e+00
-2.701656150817871094e+01 7.112063407897949219e+00 -6.455431938171386719e+00
1.971169662475585938e+01 -2.097377204895019531e+01 1.428868865966796875e+01
-1.404801940917968750e+01 2.319290190935134888e-01 1.551381015777587891e+01
1.489063358306884766e+01 2.827029800415039062e+01 2.012723922729492188e+01
1.505066299438476562e+01 1.916957473754882812e+01 -2.138358354568481445e+00
1.242312526702880859e+01 1.088184595108032227e+00 4.989526748657226562e+00
2.022276115417480469e+01 1.980947494506835938e+01 -2.434268760681152344e+01
6.541635990142822266e-01 -1.108442211151123047e+01 -1.273727893829345703e+01
7.257711410522460938e+00 1.421102142333984375e+01 7.484081268310546875e+00
3.645712137222290039e+00 1.484038352966308594e+01 1.875404548645019531e+01
4.446190357208251953e+00 1.363734722137451172e+01 6.340567111968994141e+00
-8.111318588256835938e+00 -3.033136606216430664e+00 -7.562944412231445312e+00
-6.261846423149108887e-01 1.303408145904541016e+01 1.384399604797363281e+01
-3.513745880126953125e+01 -3.756842374801635742e+00 -1.913619232177734375e+01
4.561819553375244141e+00 2.820485115051269531e+01 1.464043855667114258e+00
-1.468261909484863281e+01 -8.669224977493286133e-01 3.786326599121093750e+01
-2.654543113708496094e+01 7.351235866546630859e+00 -5.655676364898681641e+00
-5.790009722113609314e-02 -1.994630432128906250e+01 -6.421535015106201172e+00
1.847317695617675781e+01 -9.133678436279296875e+00 -3.244934320449829102e+00
-1.084193897247314453e+01 -2.002851295471191406e+01 -1.376326847076416016e+01
-9.042031288146972656e+00 -6.479716300964355469e+00 -3.092399787902832031e+01
-2.641194725036621094e+01 1.987438011169433594e+01 1.707198715209960938e+01
-1.193608760833740234e+01 -2.281153106689453125e+01 -2.781782531738281250e+01
1.186776638031005859e+01 2.154877424240112305e+00 -2.506022214889526367e+00
8.068134784698486328e-01 -1.192313194274902344e+01 4.303388595581054688e+00
1.543489694595336914e+00 4.287128067016601562e+01 2.208553791046142578e+00
-9.824633598327636719e+00 -1.530418395996093750e+01 2.403807640075683594e+01
-1.216460800170898438e+01 2.903274345397949219e+01 -1.018183994293212891e+01
-1.203334999084472656e+01 -2.521550559997558594e+01 -2.293638038635253906e+01
-2.422808647155761719e+01 6.166736602783203125e+00 5.334450721740722656e+00
-4.763528347015380859e+00 -5.338746070861816406e+00 -3.609395742416381836e+00
1.494139671325683594e+01 1.937050628662109375e+01 -1.829678177833557129e+00
2.363472747802734375e+01 -1.401344108581542969e+01 2.095461463928222656e+01
-2.549522972106933594e+01 9.077846527099609375e+00 -1.374593257904052734e+01
6.026349544525146484e+00 7.129597663879394531e+00 -1.225112533569335938e+01
-3.188555335998535156e+01 -8.216672897338867188e+00 -4.979270935058593750e+00
-6.303097724914550781e+00 -1.741466712951660156e+01 1.246556282043457031e+00
-7.371844291687011719e+00 -3.757596588134765625e+01 -1.107385635375976562e+01
-2.883876991271972656e+01 -1.443315315246582031e+01 -2.023809623718261719e+01
-1.053299999237060547e+01 -2.276920700073242188e+01 -6.721608161926269531e+00
-1.721984672546386719e+01 -4.423166751861572266e+00 2.392385101318359375e+01
-2.733517837524414062e+01 1.218624401092529297e+01 -1.845196342468261719e+01
-1.638598251342773438e+01 1.411268234252929688e+01 -1.977794075012207031e+01
1.136189937591552734e+01 -2.473895645141601562e+01 2.433883285522460938e+01
1.409346342086791992e+00 -3.317974090576171875e+01 2.652209043502807617e+00
-2.971782875061035156e+01 -7.233495712280273438e+00 -9.199067950248718262e-01
8.625907897949218750e+00 1.190284347534179688e+01 -1.678427314758300781e+01
-2.500799179077148438e+01 -4.674636363983154297e+00 1.861761093139648438e+01
-8.539821624755859375e+00 -2.028988838195800781e+01 -2.014173126220703125e+01
-2.621363401412963867e+00 -7.566994190216064453e+00 -1.344765663146972656e+01
-5.491546630859375000e+00 -2.013425254821777344e+01 -1.492283058166503906e+01
2.510129928588867188e+00 7.223899841308593750e+00 -1.466487407684326172e+01
5.988418102264404297e+00 2.194354629516601562e+01 -1.936452484130859375e+01
2.173620414733886719e+01 2.055957603454589844e+01 1.597173118591308594e+01
1.160877704620361328e+00 -9.135012626647949219e+00 1.046824336051940918e+00
2.562343215942382812e+01 -5.511326313018798828e+00 1.826457023620605469e+01
2.529307174682617188e+01 -2.210579681396484375e+01 -1.674869918823242188e+01
-9.707864761352539062e+00 4.155882835388183594e+00 -8.786025047302246094e+00
2.278857469558715820e+00 3.001610040664672852e+00 -4.293923377990722656e+00
2.683518218994140625e+01 2.351100730895996094e+01 1.419648170471191406e+00
1.028057003021240234e+01 -8.792521476745605469e+00 8.153662681579589844e+00
-6.490957140922546387e-01 4.016009140014648438e+01 -1.035560321807861328e+01
-1.860989570617675781e+01 -1.526936435699462891e+01 4.058463573455810547e+00
2.299534606933593750e+01 -1.734977066516876221e-01 -8.755539894104003906e+00
-2.322915267944335938e+01 1.463139629364013672e+01 -4.041020870208740234e-01
-2.946960449218750000e+01 2.171675300598144531e+01 -5.151925086975097656e+00
2.468802642822265625e+01 -1.003052616119384766e+01 1.298690605163574219e+01
9.909224510192871094e+00 -8.292338371276855469e+00 -1.481811141967773438e+01
2.809156227111816406e+01 2.820659637451171875e+01 -8.340560793876647949e-01
-1.076660346984863281e+01 1.237992000579833984e+01 -3.517877578735351562e+00
2.854505538940429688e+00 2.247576951980590820e+00 4.636743068695068359e+00
2.614221572875976562e+01 -1.168987560272216797e+01 -1.691109275817871094e+01
-5.110630512237548828e+00 -1.185424709320068359e+01 -1.258449077606201172e+01
1.780430984497070312e+01 -2.155652618408203125e+01 1.321813011169433594e+01
1.616138458251953125e+01 2.728597068786621094e+01 -3.802988290786743164e+00
-1.589758777618408203e+01 3.550440311431884766e+00 1.559313678741455078e+01
7.767279148101806641e+00 -1.424441528320312500e+01 9.391809463500976562e+00
-3.877441024780273438e+01 -3.122485637664794922e+00 9.110044479370117188e+00
-1.151210021972656250e+01 -4.834074974060058594e+00 2.286926841735839844e+01
5.685928821563720703e+00 2.772120666503906250e+01 1.418560624122619629e+00
-7.036962985992431641e+00 -1.239909172058105469e+01 6.669417858123779297e+00
1.309724521636962891e+01 1.282645702362060547e+01 -7.876685857772827148e-01
-6.503930091857910156e+00 4.261062622070312500e+00 -5.254622936248779297e+00
-3.212939453125000000e+01 -1.171382427215576172e+01 7.523715019226074219e+00
1.046865367889404297e+01 -1.152678203582763672e+01 2.185029602050781250e+01
-1.406106591224670410e+00 2.429424285888671875e+01 2.695049285888671875e+01
7.069309234619140625e+00 1.591979312896728516e+01 1.404813003540039062e+01
-1.379652023315429688e+00 1.502143669128417969e+01 -3.058045959472656250e+01
-2.459019279479980469e+01 -1.436948394775390625e+01 -2.542584609985351562e+01
9.989752769470214844e+00 1.360501384735107422e+01 2.528300285339355469e+01
2.619774436950683594e+01 -2.512581443786621094e+01 4.164464950561523438e+00
-1.585833358764648438e+01 -2.515096855163574219e+01 -2.006273460388183594e+01
1.773427963256835938e+01 1.946183395385742188e+01 -2.297978591918945312e+01
3.009218978881835938e+01 -1.154345798492431641e+01 -1.326202964782714844e+01
7.577991008758544922e+00 -1.021236324310302734e+01 -8.652592658996582031e+00
-1.919610595703125000e+01 -9.451549530029296875e+00 -9.686166763305664062e+00
-8.302742004394531250e+00 2.936092376708984375e+00 -2.568832588195800781e+01
1.050145149230957031e+00 1.720593643188476562e+01 -1.156692624092102051e+00
-5.197688102722167969e+00 2.163444900512695312e+01 -2.220993423461914062e+01
-1.951902770996093750e+01 2.285934638977050781e+01 2.117299842834472656e+01
3.827379941940307617e+00 3.990347290039062500e+01 7.383824825286865234e+00
1.624268341064453125e+01 3.732273101806640625e+00 -3.677526092529296875e+01
2.810639142990112305e+00 1.237505555152893066e+00 -1.307175731658935547e+01
-7.575283646583557129e-01 -9.429252147674560547e-01 -3.681215667724609375e+01
-1.209004878997802734e+00 4.221978187561035156e+00 1.041900348663330078e+01
-3.511629867553710938e+01 9.766527175903320312e+00 6.521794795989990234e+00
-2.060030698776245117e+00 3.173927545547485352e+00 -3.584573364257812500e+01
-8.722133636474609375e+00 9.584838151931762695e-01 3.145703506469726562e+01
1.175640201568603516e+01 3.419412851333618164e+00 2.579342079162597656e+01
-1.342066168785095215e+00 -1.664693641662597656e+01 1.358259201049804688e+01
9.232245445251464844e+00 -9.773817062377929688e+00 -6.454689502716064453e+00
-9.852469444274902344e+00 2.524585723876953125e+00 -7.807178020477294922e+00
1.094405174255371094e+01 1.227675342559814453e+01 -1.394490909576416016e+01
1.311686038970947266e+01 4.229675292968750000e+00 4.144687175750732422e+00
1.562819004058837891e+01 1.987202262878417969e+01 -1.436845970153808594e+01
-5.620573043823242188e+00 6.238486766815185547e+00 -1.371750640869140625e+01
8.800391197204589844e+00 9.795326232910156250e+00 3.567010498046875000e+01
-2.998268127441406250e+01 -1.209676742553710938e+01 1.851049613952636719e+01
1.820331954956054688e+01 -2.128293800354003906e+01 1.384498119354248047e+01
2.931152343750000000e+01 -1.369825553894042969e+01 -8.168018341064453125e+00
-3.590969467163085938e+01 -3.872000694274902344e+00 -1.873064422607421875e+01
4.153328704833984375e+01 3.002279520034790039e+00 2.679154634475708008e+00
1.414357280731201172e+01 2.827084732055664062e+01 1.987804603576660156e+01
-3.338986158370971680e+00 3.585284709930419922e+00 3.953079223632812500e+01
-1.195805644989013672e+01 -2.276215934753417969e+01 -2.772743415832519531e+01
-5.951599597930908203e+00 -7.241334915161132812e+00 -3.370513534545898438e+01
-2.278816795349121094e+01 7.659046173095703125e+00 3.296870887279510498e-01
-2.047483634948730469e+01 1.349119567871093750e+01 2.503646469116210938e+01
-1.257550907135009766e+01 1.846231079101562500e+01 1.446995830535888672e+01
-1.324312019348144531e+01 -3.820885086059570312e+01 5.911101341247558594e+00
-2.934355545043945312e+01 -4.249183535575866699e-01 4.136970043182373047e+00
-8.416905403137207031e+00 -7.305874347686767578e+00 4.370600879192352295e-01
-2.770159149169921875e+01 -6.521297931671142578e+00 -1.071327972412109375e+01
-1.322951889038085938e+01 -1.136209011077880859e+01 -3.134507560729980469e+01
6.284625053405761719e+00 1.175995707511901855e+00 -1.475570797920227051e+00
2.605154752731323242e+00 1.689800643920898438e+01 -7.766323089599609375e+00
3.609602355957031250e+01 -1.839774966239929199e+00 -4.722421169281005859e+00
-9.580070495605468750e+00 1.304870700836181641e+01 8.925108909606933594e+00
-6.543574333190917969e+00 5.577594757080078125e+00 -3.006995582580566406e+01
-1.855290603637695312e+01 -5.652412891387939453e+00 -5.977551937103271484e+00
3.872992098331451416e-01 -3.696906566619873047e+00 2.493142890930175781e+01
1.851958513259887695e+00 2.292227268218994141e+00 1.016200828552246094e+01
1.276981925964355469e+01 -3.520969748497009277e-01 1.053080749511718750e+01
-1.392920589447021484e+01 1.266224980354309082e+00 1.471383666992187500e+01
2.899192047119140625e+01 1.935113334655761719e+01 -4.293722629547119141e+00
1.014913082122802734e+01 -2.049801635742187500e+01 -2.514267921447753906e+01
-1.673140907287597656e+01 1.369566798210144043e+00 -2.856075668334960938e+01
1.883096885681152344e+01 -2.841177177429199219e+01 -7.441572189331054688e+00
1.524817276000976562e+01 7.950490117073059082e-01 -2.590614509582519531e+01
2.166630172729492188e+01 4.518973350524902344e+00 -1.686094474792480469e+01
-9.145525932312011719e+00 -2.234309768676757812e+01 -2.600835800170898438e+01
-1.557179069519042969e+01 -1.398199677467346191e+00 -2.754916191101074219e+01
-1.853217887878417969e+01 5.892583847045898438e+00 2.938232994079589844e+01
1.015028667449951172e+01 1.606404113769531250e+01 3.015344238281250000e+01
-6.446969509124755859e+00 4.104301071166992188e+01 -2.590626955032348633e+00
-7.209560275077819824e-01 -2.371623611450195312e+01 2.567991828918457031e+01
1.481580162048339844e+01 1.990792465209960938e+01 1.957963180541992188e+01
-1.521269893646240234e+01 -3.144594764709472656e+01 -1.347988986968994141e+01
-5.979522705078125000e+00 -1.211255645751953125e+01 3.549386596679687500e+01
1.394196128845214844e+01 -1.408809900283813477e+00 3.826484298706054688e+01
4.398634433746337891e+00 1.041304111480712891e+01 -3.405637741088867188e+01
-1.986689758300781250e+01 -1.847402763366699219e+01 -1.522745132446289062e+01
-2.076733589172363281e+01 -1.044145822525024414e+00 2.858324050903320312e+01
-3.186330032348632812e+01 2.718203783035278320e+00 -1.099594593048095703e+01
8.552012443542480469e+00 -2.851080894470214844e+01 -1.849364471435546875e+01
-2.115570306777954102e+00 3.413826370239257812e+01 -7.314294815063476562e+00
1.544422721862792969e+01 -3.075559425354003906e+01 -5.839536190032958984e+00
-1.678239703178405762e+00 -2.642071533203125000e+01 -5.873147487640380859e+00
-1.951424026489257812e+01 -2.781854629516601562e+01 1.644251060485839844e+01
-7.495106697082519531e+00 1.591110420227050781e+01 2.090964126586914062e+01
-1.038697004318237305e+00 -2.107813644409179688e+01 1.288242340087890625e+01
-1.354783028364181519e-01 1.717100906372070312e+01 -3.128885078430175781e+01
2.424647712707519531e+01 -3.040315628051757812e+00 6.434915542602539062e+00
-2.263277053833007812e+01 1.758376502990722656e+01 -1.966510009765625000e+01
-8.885739326477050781e+00 2.560034370422363281e+01 8.873814582824707031e+00
1.839624404907226562e+01 1.448159694671630859e+01 -5.877086639404296875e+00
1.013611984252929688e+01 -5.605532646179199219e+00 -2.558128166198730469e+01
-1.097783851623535156e+01 -1.562021064758300781e+01 2.510313796997070312e+01
2.328071832656860352e+00 -2.095071983337402344e+01 -8.881012916564941406e+00
6.594313144683837891e+00 -1.768684959411621094e+01 -4.457733154296875000e+00
-1.025900650024414062e+01 -1.919468116760253906e+01 1.351022720336914062e+01
-7.523942470550537109e+00 3.244538879394531250e+01 -2.112195396423339844e+01
2.231609916687011719e+01 -1.115434074401855469e+01 2.361328363418579102e+00
1.558309936523437500e+01 1.255751323699951172e+01 2.694743728637695312e+01
2.837150812149047852e+00 1.169320106506347656e+00 -9.216641426086425781e+00
-1.940829086303710938e+01 8.403732299804687500e+00 -2.015783309936523438e+01
2.239174270629882812e+01 8.600166320800781250e+00 1.068329906463623047e+01
2.360233688354492188e+01 1.768237876892089844e+01 -2.264829063415527344e+01
-8.158771514892578125e+00 2.990483283996582031e+01 -8.636982917785644531e+00
-2.926288366317749023e+00 -1.611150932312011719e+01 7.399035990238189697e-02
1.907849121093750000e+01 3.226682281494140625e+01 -5.792069911956787109e+00
-1.753721046447753906e+01 -1.153516769409179688e+01 1.049829769134521484e+01
2.475059986114501953e+00 1.631815671920776367e+00 1.752466964721679688e+01
3.488718414306640625e+01 7.587625980377197266e+00 7.928128242492675781e+00
-1.644708061218261719e+01 -2.983021163940429688e+01 -1.380864715576171875e+01
2.087187767028808594e+01 -2.666081237792968750e+01 -9.621480941772460938e+00
1.350536060333251953e+01 -4.578181505203247070e-01 2.574854278564453125e+01
1.652772712707519531e+01 1.275079345703125000e+01 2.010386466979980469e+01
1.424999904632568359e+01 -1.361679458618164062e+01 -2.225525283813476562e+01
-1.550650596618652344e+01 -2.427561378479003906e+01 -2.262738418579101562e+01
4.522459983825683594e+00 -4.288759708404541016e+00 1.841449165344238281e+01
7.874847412109375000e+00 2.071615028381347656e+01 3.312341308593750000e+01
1.193975543975830078e+01 3.180007934570312500e+00 -3.711810684204101562e+01
-7.245831966400146484e+00 -1.345747280120849609e+01 7.391283988952636719e+00
-2.429602384567260742e+00 8.192831039428710938e+00 -2.598637771606445312e+01
3.798778152465820312e+01 -9.462774276733398438e+00 -9.828089714050292969e+00
-2.149347305297851562e+00 -2.557654619216918945e+00 1.964536857604980469e+01
-3.786087799072265625e+01 -3.774120092391967773e+00 -1.416448497772216797e+01
5.100227832794189453e+00 2.921902656555175781e+01 -2.483095169067382812e+01
-1.499041175842285156e+01 -3.047596359252929688e+01 2.033309745788574219e+01
-1.213445901870727539e+00 3.316400527954101562e+01 5.425842404365539551e-01
5.696571826934814453e+00 1.513421726226806641e+01 -2.953031349182128906e+01
-1.239384746551513672e+01 -2.050597953796386719e+01 3.164318561553955078e+00
-2.607500457763671875e+01 1.969566822052001953e+00 1.687512779235839844e+01
3.328141403198242188e+01 -1.454651260375976562e+01 -7.425062656402587891e-01
-4.717045307159423828e+00 -1.150978183746337891e+01 -1.658887672424316406e+01
-1.275251197814941406e+01 -1.740568351745605469e+01 -4.863690853118896484e+00
2.088600158691406250e+01 2.126659965515136719e+01 1.922818946838378906e+01
-2.483113050460815430e+00 5.432183146476745605e-01 -2.373228073120117188e+00
-2.845697784423828125e+01 1.000532436370849609e+01 -5.299666404724121094e+00
1.163855743408203125e+01 -9.271944999694824219e+00 -1.569846630096435547e+01
1.094292545318603516e+01 -3.177364349365234375e+01 -2.440171241760253906e+01
-3.737608671188354492e+00 2.265392875671386719e+01 -1.270587635040283203e+01
-2.382881927490234375e+01 -1.402186584472656250e+01 1.452724933624267578e+01
1.337734508514404297e+01 1.864023017883300781e+01 -8.401135444641113281e+00
-9.402035713195800781e+00 -1.453551769256591797e+01 3.637767791748046875e+01
-1.401603603363037109e+01 1.499520587921142578e+01 -5.594415664672851562e+00
-1.192748904228210449e+00 3.731094741821289062e+01 -8.767999649047851562e+00
2.968638610839843750e+01 1.118557929992675781e+00 1.543382930755615234e+01
1.393667221069335938e+01 -9.590113639831542969e+00 -2.350084686279296875e+01
-9.895676970481872559e-01 1.663116073608398438e+01 -3.181854438781738281e+01
8.792433738708496094e+00 -1.041256332397460938e+01 -1.353108596801757812e+01
2.094039154052734375e+01 -2.089365005493164062e+01 -1.844147491455078125e+01
4.867325782775878906e+00 2.954451942443847656e+01 -4.975639343261718750e+00
-1.499078464508056641e+01 3.354663848876953125e+01 1.779898262023925781e+01
-2.816237688064575195e+00 -2.132248306274414062e+01 -2.434793853759765625e+01
-2.389710998535156250e+01 1.172550010681152344e+01 1.601392936706542969e+01
-4.434251785278320312e+00 1.499746203422546387e+00 7.633171081542968750e+00
-1.015546131134033203e+01 8.750248908996582031e+00 1.601134681701660156e+01
1.639594841003417969e+01 -1.837349891662597656e+01 2.652566337585449219e+01
-7.737082481384277344e+00 -2.499959182739257812e+01 -1.136709594726562500e+01
2.104673767089843750e+01 1.501666927337646484e+01 -2.494364547729492188e+01
-3.417384862899780273e+00 -3.096881675720214844e+01 -2.218838500976562500e+01
-9.441862106323242188e+00 7.927766323089599609e+00 2.931028366088867188e+01
-1.096786689758300781e+01 3.266655349731445312e+01 -9.446370124816894531e+00
1.295409107208251953e+01 1.310054683685302734e+01 5.043540000915527344e+00
2.384276962280273438e+01 -1.819467186927795410e+00 3.360390853881835938e+01
1.224991512298583984e+01 -3.625505268573760986e-01 -3.572778320312500000e+01
1.281814193725585938e+01 1.346129131317138672e+01 -6.831285357475280762e-01
3.768191146850585938e+01 -7.291387557983398438e+00 -9.916618347167968750e+00
-3.582536220550537109e+00 1.790691375732421875e+01 -3.172328758239746094e+01
-2.010491561889648438e+01 1.113372611999511719e+01 1.719724845886230469e+01
1.949175715446472168e+00 1.376912212371826172e+01 3.029221343994140625e+01
-3.044168233871459961e+00 -3.548305130004882812e+01 -1.042691898345947266e+01
-5.770245790481567383e-01 3.898283767700195312e+01 9.370393753051757812e+00
-4.540969371795654297e+00 -8.752293586730957031e+00 -3.038516426086425781e+01
1.254775428771972656e+01 -2.700014114379882812e+01 2.261275672912597656e+01
-3.573965311050415039e+00 1.423954200744628906e+01 -2.793763160705566406e+01
2.566115188598632812e+01 5.137958526611328125e-01 -2.079082870483398438e+01
1.445765972137451172e+01 1.669974708557128906e+01 -2.054038196802139282e-01
4.190795135498046875e+01 -1.937068104743957520e+00 2.515682220458984375e+00
-3.694252777099609375e+01 5.655329227447509766e+00 6.945789813995361328e+00
-4.553167521953582764e-01 3.378898620605468750e+01 2.340442419052124023e+00
-3.133593559265136719e+01 -1.387369823455810547e+01 1.755756950378417969e+01
1.468208980560302734e+01 2.324340438842773438e+01 1.775209808349609375e+01
-1.971947669982910156e+01 6.300353527069091797e+00 2.960813903808593750e+01
8.999607086181640625e+00 -1.724459075927734375e+01 1.750672912597656250e+01
-1.405476284027099609e+01 2.924862289428710938e+01 -9.645362496376037598e-01
-7.422072887420654297e+00 3.952692794799804688e+01 -3.119385957717895508e+00
1.898823547363281250e+01 -1.304196166992187500e+01 -1.776108169555664062e+01
-1.540193271636962891e+01 5.830760955810546875e+00 2.323333358764648438e+01
-9.447501897811889648e-01 -2.222080039978027344e+01 2.651602363586425781e+01
-3.495721435546875000e+01 1.251492691040039062e+01 7.072969436645507812e+00
-1.591372776031494141e+01 1.278503417968750000e+01 -2.865630912780761719e+01
-2.386266136169433594e+01 -6.680460453033447266e+00 1.911873245239257812e+01
-1.709988021850585938e+01 -8.252689361572265625e+00 -1.488675212860107422e+01
-6.313416957855224609e+00 -2.561101722717285156e+01 -4.321589469909667969e+00
1.974284934997558594e+01 -3.326259613037109375e+01 6.778429031372070312e+00
-2.511621856689453125e+01 -2.069268226623535156e+01 -7.584922790527343750e+00
2.320098495483398438e+01 7.152789115905761719e+00 2.611867713928222656e+01
-4.576120674610137939e-01 1.584865474700927734e+01 1.972006416320800781e+01
1.230354881286621094e+01 -3.103082847595214844e+01 -1.017367267608642578e+01
-1.818793106079101562e+01 -3.716852188110351562e+00 -7.721799850463867188e+00
2.642231559753417969e+01 -2.331683874130249023e+00 -7.192967891693115234e+00
-2.746494102478027344e+01 -2.072567749023437500e+01 -3.818689107894897461e+00
-3.141627788543701172e+00 -1.054365444183349609e+01 -1.751752662658691406e+01
-6.728008270263671875e+00 -2.625223922729492188e+01 -9.410356521606445312e+00
-1.786026382446289062e+01 -3.293007659912109375e+01 -8.458702564239501953e-01
7.913314819335937500e+00 -2.278195381164550781e+01 7.755130767822265625e+00
-1.920804977416992188e+01 2.129638671875000000e+01 1.663416481018066406e+01
2.163608551025390625e+01 -1.001057267189025879e+00 3.329655456542968750e+01
-9.453020095825195312e+00 -2.650242233276367188e+01 2.548861084505915642e-03
-2.152648210525512695e+00 -1.544513225555419922e+01 2.859892082214355469e+01
2.051762199401855469e+01 1.684154701232910156e+01 -2.368052101135253906e+01
-1.130743408203125000e+01 2.134098243713378906e+01 8.989695549011230469e+00
2.930176496505737305e+00 1.881698799133300781e+01 2.693996810913085938e+01
-1.854169273376464844e+01 7.152643680572509766e+00 -1.849230766296386719e+01
-2.051546096801757812e+01 -1.787590408325195312e+01 -1.759661865234375000e+01
-3.556766510009765625e+00 1.643426704406738281e+01 1.038793849945068359e+01
-1.600052642822265625e+01 6.383260726928710938e+00 2.265585708618164062e+01
1.057774448394775391e+01 -9.586318969726562500e+00 1.945218658447265625e+01
2.113940811157226562e+01 -2.532686996459960938e+01 4.952042579650878906e+00
-5.174344062805175781e+00 2.241272735595703125e+01 2.526530265808105469e+01
-2.238769531250000000e+01 4.955342769622802734e+00 6.735640525817871094e+00
-4.650532722473144531e+00 -1.065001845359802246e+00 -3.323372650146484375e+01
1.436503887176513672e+00 -8.836387395858764648e-01 1.021535205841064453e+01
1.657830595970153809e+00 9.457133293151855469e+00 -2.640784072875976562e+01
-1.750978469848632812e+01 4.550570964813232422e+00 -2.000953483581542969e+01
-8.133521080017089844e+00 1.466217422485351562e+01 -3.278773498535156250e+01
2.261777687072753906e+01 -2.783916664123535156e+01 6.790270805358886719e+00
-1.935380363464355469e+01 2.264702606201171875e+01 2.100854682922363281e+01
1.643861007690429688e+01 5.341371536254882812e+00 -2.081104850769042969e+01
3.350667715072631836e+00 1.453654956817626953e+01 -6.519418239593505859e+00
3.628797912597656250e+01 1.365308165550231934e+00 5.019130706787109375e+00
-4.713246822357177734e+00 -2.079774093627929688e+01 2.396087646484375000e+01
-8.123358726501464844e+00 1.457838153839111328e+01 3.128087425231933594e+01
-3.580749034881591797e+00 -4.919185161590576172e+00 -6.219687461853027344e+00
9.703404426574707031e+00 1.329795074462890625e+01 -3.380146408081054688e+01
1.161396694183349609e+01 9.257608413696289062e+00 2.208130836486816406e+01
1.741564369201660156e+01 -2.249608278274536133e+00 1.008945083618164062e+01
-1.537346839904785156e+01 2.040044307708740234e+00 2.630012702941894531e+01
-1.374543786048889160e+00 -8.972956657409667969e+00 1.038594913482666016e+01
-1.525988221168518066e+00 -2.903925704956054688e+01 -2.167560195922851562e+01
1.977044820785522461e+00 -3.529806137084960938e+01 -2.058000946044921875e+01
4.196085739135742188e+01 -4.558374404907226562e+00 5.376468658447265625e+00
1.827903938293457031e+01 1.773963928222656250e+01 2.020867347717285156e+01
-1.301038384437561035e+00 -2.019993782043457031e+00 2.516759681701660156e+01
1.939701080322265625e+01 6.835739135742187500e+00 7.490669250488281250e+00
2.593594789505004883e+00 2.327358722686767578e+00 4.537784099578857422e+00
2.824245452880859375e+01 -4.827050685882568359e+00 -7.729424953460693359e+00
9.377613067626953125e+00 3.710583877563476562e+01 -4.152934074401855469e+00
3.097416305541992188e+01 3.928748369216918945e-01 1.553803062438964844e+01
-2.081252479553222656e+01 8.549571037292480469e+00 1.657539367675781250e+01
-1.002150535583496094e+01 3.272363901138305664e+00 2.002410316467285156e+01
2.412631988525390625e+01 -9.523088455200195312e+00 5.653720855712890625e+00
-2.102188587188720703e+00 -2.631711769104003906e+01 -1.735918426513671875e+01
-1.449932384490966797e+01 2.558795738220214844e+01 -1.832174491882324219e+01
3.047104120254516602e+00 1.009216403961181641e+01 -6.655868887901306152e-01
8.267166137695312500e+00 -8.247187614440917969e+00 -1.335026359558105469e+01
1.130228900909423828e+01 -2.378886604309082031e+01 -1.603815841674804688e+01
-3.719433784484863281e+00 2.733134269714355469e+01 -1.306669425964355469e+01
1.144102859497070312e+01 6.250000953674316406e+00 -3.887264251708984375e+00
-7.901122570037841797e+00 -2.212093734741210938e+01 2.589869689941406250e+01
2.524214363098144531e+01 -1.595293998718261719e+01 2.363423728942871094e+01
9.926301002502441406e+00 -3.159821510314941406e+00 -5.751977443695068359e+00
-2.028663444519042969e+01 1.144860029220581055e+00 5.937746047973632812e+00
3.492774200439453125e+01 -1.388893127441406250e+01 1.842748832702636719e+01
-7.902702331542968750e+00 3.627675771713256836e+00 -2.922875976562500000e+01
7.984444618225097656e+00 -1.276970767974853516e+01 8.640103340148925781e-01
2.012437629699707031e+01 9.299287199974060059e-01 -2.962926387786865234e+00
1.714890861511230469e+01 3.356604766845703125e+01 2.716120004653930664e+00
-2.985256195068359375e+01 -1.010282707214355469e+01 8.773898124694824219e+00
1.867285156250000000e+01 1.550208473205566406e+01 -2.102352142333984375e+01
-9.290194511413574219e-01 -1.526638889312744141e+01 1.066496658325195312e+01
-1.102319240570068359e+00 -1.464970684051513672e+01 2.748531723022460938e+01
5.543208122253417969e+00 4.261402130126953125e+00 -8.241608738899230957e-01
-6.458218097686767578e+00 2.544320583343505859e+00 9.221896171569824219e+00
6.724150180816650391e+00 1.062255477905273438e+01 1.724505043029785156e+01
-1.256252288818359375e+01 2.642269134521484375e+01 -2.324216365814208984e-01
2.524993896484375000e+01 -3.818119525909423828e+00 1.414663195610046387e+00
7.770619392395019531e+00 -1.336364841461181641e+01 6.960147857666015625e+00
7.917017936706542969e+00 -1.031303501129150391e+01 2.346218681335449219e+01
-2.235928535461425781e+01 1.302729034423828125e+01 -8.675887107849121094e+00
1.585167026519775391e+01 6.158782958984375000e+00 -9.022908210754394531e+00
-2.548549270629882812e+01 2.355392694473266602e+00 -4.639822542667388916e-01
-5.121258258819580078e+00 1.137294197082519531e+01 8.952785491943359375e+00
-1.079816341400146484e+01 -2.225860214233398438e+01 -2.020735359191894531e+01
-2.051088094711303711e+00 1.570893478393554688e+01 2.206468772888183594e+01
4.663918495178222656e+00 -2.036414337158203125e+01 2.508163833618164062e+01
-2.257050132751464844e+01 -2.760649108886718750e+01 6.699652671813964844e+00
-1.763127923011779785e+00 3.806384658813476562e+01 -1.182001686096191406e+01
-6.516114234924316406e+00 2.641134452819824219e+01 1.827342796325683594e+01
-8.406675338745117188e+00 -2.283568191528320312e+01 2.671439743041992188e+01
2.752574729919433594e+01 8.027076721191406250e+00 2.705338001251220703e+00
9.794648170471191406e+00 -2.483863067626953125e+01 -1.614978790283203125e+01
3.510206604003906250e+01 -1.400431156158447266e+01 1.835501670837402344e+01
-5.666921138763427734e-01 3.345855331420898438e+01 2.812197446823120117e+00
-1.207826018333435059e+00 -7.491101741790771484e+00 2.313688659667968750e+01
-3.191610145568847656e+01 -7.264449119567871094e+00 2.025245094299316406e+01
1.101869583129882812e+01 2.831566429138183594e+01 1.727190017700195312e+00
1.669134902954101562e+01 -1.969083786010742188e+01 2.712681579589843750e+01
-2.179125404357910156e+01 -2.082805395126342773e+00 1.114217853546142578e+01
-1.282789993286132812e+01 -3.899113833904266357e-01 -1.904253387451171875e+01
2.737031555175781250e+01 1.898974418640136719e+00 -2.393387413024902344e+01
6.003994464874267578e+00 8.568561553955078125e+00 -3.097328948974609375e+01
-1.776058959960937500e+01 1.049789714813232422e+01 -2.786182975769042969e+01
-1.266446971893310547e+01 7.688608646392822266e+00 2.879245758056640625e+01
4.303368568420410156e+00 8.995046615600585938e+00 2.808043718338012695e+00
1.318432903289794922e+01 -7.209353446960449219e+00 3.717587947845458984e+00
2.707493591308593750e+01 -2.753231430053710938e+01 -4.370513916015625000e+00
-2.525262355804443359e+00 8.248826980590820312e+00 3.215762710571289062e+01
-8.773137092590332031e+00 -1.593994140625000000e+01 -1.811509513854980469e+01
1.794474220275878906e+01 1.307699203491210938e+01 7.311861991882324219e+00
1.927122306823730469e+01 -2.093099975585937500e+01 2.320694541931152344e+01
-4.172572135925292969e+00 -2.013159370422363281e+01 -7.176448345184326172e+00
-3.512486267089843750e+01 -1.609960365295410156e+01 -5.854274749755859375e+00
1.994578933715820312e+01 -2.090252113342285156e+01 -1.851522445678710938e+01
-1.152926158905029297e+01 6.287717223167419434e-01 -5.879403591156005859e+00
5.999598503112792969e+00 2.291579961776733398e+00 -2.709640312194824219e+01
1.226360893249511719e+01 -5.144808769226074219e+00 6.682316303253173828e+00
-6.661422252655029297e+00 -2.567084884643554688e+01 6.705583572387695312e+00
1.652046203613281250e+01 -2.695040893554687500e+01 -8.366232872009277344e+00
1.911713981628417969e+01 -1.747314691543579102e+00 -2.703219413757324219e+00
-1.202892589569091797e+01 2.206892585754394531e+01 2.760947227478027344e+01
1.964619445800781250e+01 2.807723617553710938e+01 -1.056775188446044922e+01
-4.977557659149169922e+00 -2.088030815124511719e+01 -1.610327339172363281e+01
-2.279722404479980469e+01 1.070331859588623047e+01 -2.097420501708984375e+01
1.658206176757812500e+01 -1.783651542663574219e+01 -3.835623264312744141e+00
7.015629768371582031e+00 2.544439792633056641e+00 1.707799148559570312e+01
-8.838999748229980469e+00 1.024844551086425781e+01 -2.674370765686035156e+01
-7.243627548217773438e+00 1.943062424659729004e+00 -1.636582851409912109e+00
-3.343142986297607422e+00 5.156111240386962891e+00 -8.512589454650878906e+00
-2.996256256103515625e+01 1.693781661987304688e+01 -3.077321767807006836e+00
-2.227035284042358398e+00 -3.653040647506713867e+00 -2.677536010742187500e+01
1.230119228363037109e+01 5.474207401275634766e+00 1.026630592346191406e+01
-8.398056030273437500e+00 1.569782257080078125e+01 -1.207673835754394531e+01
-7.914879322052001953e+00 8.473847389221191406e+00 9.223961830139160156e+00
4.569352149963378906e+00 8.783678054809570312e+00 3.491183280944824219e+00
1.789316177368164062e+01 -1.512033939361572266e+01 1.315190315246582031e+01
-1.534933280944824219e+01 -2.957805824279785156e+01 1.962493133544921875e+01
8.303071975708007812e+00 3.491529941558837891e+00 -3.422656631469726562e+01
3.052723503112792969e+01 -1.391597366333007812e+01 8.766300201416015625e+00
2.884340476989746094e+01 -8.066163063049316406e+00 -2.128430747985839844e+01
1.522388553619384766e+01 -1.394017028808593750e+01 -2.359616088867187500e+01
-1.600767135620117188e+01 -3.240505218505859375e+01 -2.264844894409179688e+00
1.556552886962890625e+01 -2.233797836303710938e+01 -1.656317591667175293e+00
-1.523763656616210938e+01 2.243070030212402344e+01 2.549507522583007812e+01
-6.063965797424316406e+00 -4.637411594390869141e+00 -3.545846939086914062e+01
3.191395187377929688e+01 -1.100312232971191406e+01 -1.309249019622802734e+01
-3.875072717666625977e+00 -2.274423599243164062e+00 2.644154548645019531e+00
-1.789872360229492188e+01 1.740398645401000977e+00 2.920108985900878906e+01
-8.692233085632324219e+00 -6.972835540771484375e+00 4.629599153995513916e-01
1.654303169250488281e+01 -2.047412109375000000e+01 2.801326179504394531e+01
3.469213104248046875e+01 8.273208618164062500e+00 -1.087342453002929688e+01
-2.996623039245605469e+01 -1.369103717803955078e+01 -1.963297271728515625e+01
1.908842325210571289e+00 -9.584002494812011719e+00 1.138292312622070312e+01
2.206183433532714844e+01 -1.125607776641845703e+01 2.259691047668457031e+01
-1.130477619171142578e+01 -7.600572586059570312e+00 4.506519794464111328e+00
3.352739334106445312e+01 1.234372138977050781e+01 3.816576004028320312e+00
4.527637481689453125e+00 -7.318511009216308594e+00 2.800446128845214844e+01
-1.695537924766540527e+00 -3.541167831420898438e+01 -5.855603694915771484e+00
-2.681311035156250000e+01 4.940005779266357422e+00 8.093560934066772461e-01
-1.961083602905273438e+01 3.077199935913085938e+01 7.048085689544677734e+00
-1.776191139221191406e+01 -1.989459609985351562e+01 -2.813831710815429688e+01
2.132415199279785156e+01 -1.195623493194580078e+01 3.362432241439819336e+00
-2.002790832519531250e+01 -1.034501838684082031e+01 -1.365910768508911133e+00
3.110773658752441406e+01 -9.602411389350891113e-01 1.565254497528076172e+01
-3.566447973251342773e+00 -1.693166923522949219e+01 -1.427718162536621094e+01
-9.725884437561035156e+00 2.806283187866210938e+01 8.747462630271911621e-01
-5.097515583038330078e+00 -4.106309413909912109e-01 -3.098196506500244141e+00
1.185815429687500000e+01 -4.909579753875732422e+00 6.471070766448974609e+00
2.702039337158203125e+01 1.754554271697998047e+00 -2.502762222290039062e+01
-3.834965896606445312e+01 -5.655238628387451172e+00 8.312254905700683594e+00
-3.049598693847656250e+01 8.262313842773437500e+00 2.503401637077331543e-01
-1.112266826629638672e+01 2.570197105407714844e+01 1.443775367736816406e+01
-1.731683611869812012e+00 -2.506975746154785156e+01 1.817969232797622681e-01
-2.734773063659667969e+01 1.979658126831054688e+01 -7.725772380828857422e+00
3.014733552932739258e+00 2.108022117614746094e+01 -2.120372772216796875e+01
1.938538360595703125e+01 1.125687313079833984e+01 -1.277572154998779297e+01
-9.020369529724121094e+00 -9.177139282226562500e+00 1.770392799377441406e+01
1.554014778137207031e+01 1.943137168884277344e+01 -1.448286151885986328e+01
-7.449087619781494141e+00 1.004814505577087402e+00 1.327803039550781250e+01
-5.309244155883789062e+00 1.207568550109863281e+01 2.064377212524414062e+01
4.795283317565917969e+00 -9.995730400085449219e+00 2.981168174743652344e+01
2.408728599548339844e+01 8.971138000488281250e+00 5.549558639526367188e+00
7.095404624938964844e+00 3.447513580322265625e+01 -3.589643955230712891e+00
4.604664325714111328e+00 -7.708876132965087891e+00 2.841559600830078125e+01
1.377466011047363281e+01 -5.973813533782958984e+00 -1.028007316589355469e+01
-4.013090133666992188e+00 -2.063154411315917969e+01 2.391008758544921875e+01
1.233046054840087891e+00 -3.040031623840332031e+01 -8.069560050964355469e+00
3.288314342498779297e+00 -1.609734916687011719e+01 -2.753084182739257812e+01
3.907678604125976562e+00 1.941129922866821289e+00 5.076191902160644531e+00
-3.518767118453979492e+00 -1.735873603820800781e+01 -1.453651905059814453e+01
1.464196491241455078e+01 -1.609375572204589844e+01 5.713865280151367188e+00
-2.417642593383789062e+00 1.539825725555419922e+01 -2.607777976989746094e+01
1.550338268280029297e+01 2.072945594787597656e+00 3.674071502685546875e+01
-1.248026371002197266e+01 2.810989952087402344e+01 -9.766324043273925781e+00
1.148209762573242188e+01 1.740914940834045410e+00 -3.151238203048706055e+00
-1.066932773590087891e+01 -7.175649642944335938e+00 1.202673721313476562e+01
-9.268952369689941406e+00 -2.425936126708984375e+01 1.906622886657714844e+01
-1.422794914245605469e+01 5.804523468017578125e+00 -2.480056524276733398e+00
5.606394767761230469e+00 -1.549041032791137695e+00 2.508435249328613281e+01
6.415449619293212891e+00 -3.004434967041015625e+01 -1.805754661560058594e+01
6.827531814575195312e+00 -8.682307243347167969e+00 -1.923515275120735168e-02
2.912621498107910156e+00 1.321742057800292969e+01 -3.629912567138671875e+01
-1.792254066467285156e+01 3.181567382812500000e+01 -2.231649309396743774e-01
-1.705858039855957031e+01 4.929345130920410156e+00 2.932377243041992188e+01
6.632917404174804688e+00 -1.821503639221191406e+01 -4.832997322082519531e+00
-4.924028813838958740e-01 -2.173658370971679688e+01 2.545312881469726562e+01
1.631476020812988281e+01 -1.673844146728515625e+01 3.060403251647949219e+01
-1.315928077697753906e+01 5.717568993568420410e-01 8.044744491577148438e+00
2.521228981018066406e+01 -4.015296936035156250e+00 5.660585403442382812e+00
5.387411117553710938e+00 2.496361494064331055e+00 -2.598397636413574219e+01
3.517082595825195312e+01 -6.994045257568359375e+00 -1.370386123657226562e+01
1.667848205566406250e+01 3.080867052078247070e+00 -1.292564964294433594e+01
5.619407653808593750e+00 1.634245109558105469e+01 -3.432468032836914062e+01
-2.411907196044921875e+01 -2.054435539245605469e+01 -4.955987453460693359e+00
-7.033717632293701172e+00 -1.230150985717773438e+01 -5.034522056579589844e+00
-2.089483833312988281e+01 -1.235613599419593811e-01 1.826694011688232422e+00
1.876892471313476562e+01 2.966097068786621094e+01 1.573565483093261719e+00
2.453720664978027344e+01 -4.340009689331054688e+00 1.791603279113769531e+01
1.705572700500488281e+01 2.401848602294921875e+01 1.267790985107421875e+01
2.001178550720214844e+01 -1.287461471557617188e+01 1.826430892944335938e+01
2.785809993743896484e+00 -2.343515396118164062e+01 1.476346254348754883e+00
-3.529543876647949219e+00 -1.772413063049316406e+01 2.235658836364746094e+01
-3.751040697097778320e+00 -4.731517314910888672e+00 -3.137613487243652344e+01
2.765574264526367188e+01 -1.172746562957763672e+01 -6.567529201507568359e+00
-4.981715679168701172e+00 4.001241683959960938e+01 -3.739210605621337891e+00
-1.637920761108398438e+01 -1.964201736450195312e+01 -2.825101852416992188e+01
-1.342052745819091797e+01 8.033388257026672363e-01 6.798039913177490234e+00
-6.816338539123535156e+00 3.031275939941406250e+01 1.201241302490234375e+01
-2.982782363891601562e+01 1.335185432434082031e+01 7.291595458984375000e+00
-2.645962142944335938e+01 7.062726497650146484e+00 2.699415588378906250e+01
3.792589902877807617e-01 1.210176849365234375e+01 2.022771644592285156e+01
-2.132020378112792969e+01 -1.510632705688476562e+01 1.031968498229980469e+01
-2.957429695129394531e+01 -6.686181545257568359e+00 2.159858322143554688e+01
1.268840789794921875e+01 2.340135097503662109e+00 1.230805873870849609e+01
-1.336758041381835938e+01 -1.380892562866210938e+01 2.154985809326171875e+01
1.985976791381835938e+01 1.382143020629882812e+01 -2.506735038757324219e+01
2.295212745666503906e+01 -5.617758750915527344e+00 1.183143901824951172e+01
3.490002870559692383e+00 1.895032501220703125e+01 2.680933761596679688e+01
2.074511718750000000e+01 6.468994140625000000e+00 2.795879554748535156e+01
-8.991116523742675781e+00 -1.578395843505859375e+01 8.318165779113769531e+00
-8.193462371826171875e+00 -1.477861404418945312e+01 1.847900772094726562e+01
5.779493331909179688e+00 2.834075927734375000e+01 4.696477890014648438e+00
9.465461730957031250e+00 3.041770172119140625e+01 -1.313772201538085938e+01
3.677138805389404297e+00 7.032918453216552734e+00 3.704976654052734375e+01
6.411392688751220703e+00 -1.291165733337402344e+01 8.526360511779785156e+00
1.360137939453125000e+01 -1.087616634368896484e+01 9.934180229902267456e-02
1.765938186645507812e+01 3.916789531707763672e+00 3.303261566162109375e+01
-1.358324146270751953e+01 1.255718898773193359e+01 1.754049873352050781e+01
-1.075156688690185547e+00 1.182369899749755859e+01 1.833831024169921875e+01
-7.667586803436279297e+00 1.378217029571533203e+01 -7.040085792541503906e+00
-1.451101493835449219e+01 9.722172737121582031e+00 2.986272621154785156e+01
3.439165115356445312e+01 -1.144710922241210938e+01 1.974811363220214844e+01
-5.271400451660156250e+00 -3.420735931396484375e+01 9.265520095825195312e+00
-8.197804450988769531e+00 -2.525968360900878906e+01 2.776786041259765625e+01
-2.157716751098632812e+01 9.586950302124023438e+00 -2.055466651916503906e+01
-1.860317611694335938e+01 2.156986236572265625e+01 1.974596023559570312e+01
-2.459114789962768555e+00 -1.448489189147949219e+00 -1.894043159484863281e+01
3.922728300094604492e+00 -5.928503274917602539e-01 1.351591682434082031e+01
3.701393604278564453e+00 1.669941711425781250e+01 -1.638014030456542969e+01
8.486070632934570312e-01 1.772267913818359375e+01 2.467243194580078125e+01
-1.014095973968505859e+01 -1.215135192871093750e+01 -1.641732597351074219e+01
-3.606129646301269531e+00 -1.164156055450439453e+01 -4.300931930541992188e+00
-1.705184555053710938e+01 -3.485299825668334961e+00 -1.933213615417480469e+01
-1.696599197387695312e+01 -2.452838325500488281e+01 1.549538803100585938e+01
3.209223151206970215e-01 -1.626950645446777344e+01 1.199520015716552734e+01
1.958716583251953125e+01 7.235587596893310547e+00 8.059176445007324219e+00
-4.698329925537109375e+00 5.341182708740234375e+00 4.053690719604492188e+01
-2.410820579528808594e+01 6.222264766693115234e+00 5.312282562255859375e+00
-1.656072616577148438e+01 -9.486818313598632812e+00 1.025356388092041016e+01
2.480994224548339844e+01 -1.115624618530273438e+01 -1.862644004821777344e+01
1.052977657318115234e+01 1.638841438293457031e+01 2.297127723693847656e+01
-5.018990039825439453e+00 2.406288719177246094e+01 -1.958112525939941406e+01
1.568918132781982422e+01 -3.450410461425781250e+01 -1.002057838439941406e+01
1.778905105590820312e+01 4.986373901367187500e+00 1.253424930572509766e+01
-1.644533729553222656e+01 -1.712197875976562500e+01 -2.659678077697753906e+01
3.162681007385253906e+01 1.243441581726074219e+01 -1.814093232154846191e+00
2.134021568298339844e+01 6.158837795257568359e+00 2.623958396911621094e+01
-1.990179634094238281e+01 3.054304885864257812e+01 7.141594409942626953e+00
5.038231238722801208e-02 3.030118370056152344e+01 1.099774360656738281e+01
-2.007057380676269531e+01 2.051014900207519531e+01 7.571274757385253906e+00
5.970491409301757812e+00 2.727196121215820312e+01 -2.665914154052734375e+01
-2.690596771240234375e+01 -1.294038105010986328e+01 2.001491737365722656e+01
2.183341026306152344e+01 1.927044868469238281e+01 1.710997819900512695e+00
5.843954086303710938e+00 5.708746314048767090e-01 1.876930618286132812e+01
-3.738032150268554688e+01 -6.272344112396240234e+00 -3.445276021957397461e-01
8.761797904968261719e+00 2.810104191303253174e-01 -3.685459136962890625e+01
1.031776428222656250e+01 2.703695297241210938e+01 -1.096290493011474609e+01
3.646824359893798828e-01 -1.392055416107177734e+01 -7.299498558044433594e+00
3.209144973754882812e+01 -1.213397789001464844e+01 8.515796661376953125e+00
-8.996188163757324219e+00 2.319047927856445312e+01 9.694717407226562500e+00
1.503265285491943359e+01 -1.461539459228515625e+01 2.062365722656250000e+01
5.897361755371093750e+00 -2.323019504547119141e+00 -3.237362623214721680e+00
-4.012734413146972656e+00 6.601723194122314453e+00 -1.394770526885986328e+01
-7.931289076805114746e-01 -2.493961304426193237e-01 -3.674176788330078125e+01
1.768810272216796875e+01 3.136916732788085938e+01 1.430118441581726074e+00
-5.891811370849609375e+00 -7.122843742370605469e+00 1.592209339141845703e+01
-2.708709955215454102e+00 1.879923820495605469e+01 -1.040870952606201172e+01
1.017591476440429688e+01 -2.444420051574707031e+01 -1.869262307882308960e-01
-2.084210395812988281e+01 -3.836784958839416504e-01 3.023886203765869141e+00
1.975602149963378906e+01 -7.666577816009521484e+00 -1.189817428588867188e+01
1.179790496826171875e+00 2.221152114868164062e+01 1.763365745544433594e+01
-3.022800445556640625e+01 -2.006449699401855469e+01 6.912456035614013672e+00
-2.941754341125488281e+01 -1.181173563003540039e+00 3.080407857894897461e+00
-1.977946090698242188e+01 1.271415328979492188e+01 1.673112869262695312e+01
2.293675422668457031e+01 -2.235422897338867188e+01 -1.367855644226074219e+01
-1.371905517578125000e+01 1.454998970031738281e+01 -2.494196128845214844e+01
-2.048807525634765625e+01 8.256910324096679688e+00 -1.385057067871093750e+01
-2.016927909851074219e+01 2.937205314636230469e+01 1.677814483642578125e+01
-5.056346893310546875e+00 -5.073492527008056641e+00 2.346118927001953125e+01
-2.413465499877929688e+00 -5.986215114593505859e+00 1.612559199333190918e+00
4.337403774261474609e+00 1.510195446014404297e+01 -3.015789222717285156e+01
-1.892533421516418457e+00 -2.406273078918457031e+01 5.608067288994789124e-02
2.424510765075683594e+01 -1.046964454650878906e+01 1.288062000274658203e+01
5.284430027008056641e+00 9.210042953491210938e+00 3.545444488525390625e+01
-2.327806282043457031e+01 -2.731145477294921875e+01 6.279287338256835938e+00
-2.982794940471649170e-01 1.515279769897460938e+00 1.341910839080810547e+01
1.768540382385253906e+01 2.108163642883300781e+01 -1.397194385528564453e+01
-2.907690048217773438e+00 1.265141773223876953e+01 1.396792030334472656e+01
3.093679237365722656e+01 5.768637657165527344e+00 4.283291816711425781e+00
2.638322114944458008e+00 1.305492520332336426e+00 -1.224105072021484375e+01
1.462767505645751953e+01 -1.287653255462646484e+01 -2.076962471008300781e+01
5.109823226928710938e+00 3.069435119628906250e+01 -1.390560817718505859e+01
-1.680473136901855469e+01 3.067939186096191406e+01 9.899381399154663086e-01
-2.339226603507995605e-01 3.454659271240234375e+01 1.769003748893737793e+00
-3.588236999511718750e+01 7.249825477600097656e+00 7.753192901611328125e+00
-1.625248146057128906e+01 9.381121635437011719e+00 -8.313769340515136719e+00
-2.719300079345703125e+01 2.195272445678710938e+00 1.895552062988281250e+01
-1.210193824768066406e+01 2.120751190185546875e+01 2.076066970825195312e+01
-3.802469968795776367e+00 1.844494438171386719e+01 1.002195167541503906e+01
9.214765548706054688e+00 3.622076797485351562e+01 -4.215967655181884766e+00
9.377311706542968750e+00 -6.434807300567626953e+00 -1.499980258941650391e+01
1.108765316009521484e+01 2.857258605957031250e+01 1.620233774185180664e+00
2.044390487670898438e+01 1.120472812652587891e+01 -1.386099815368652344e+01
2.372125625610351562e+01 1.122234916687011719e+01 7.862372994422912598e-01
2.357264995574951172e+00 -8.680110931396484375e+00 2.462347030639648438e+00
9.419558525085449219e+00 1.327581977844238281e+01 -7.374553680419921875e+00
4.169880867004394531e+00 2.731237983703613281e+01 -2.576903915405273438e+01
1.111338806152343750e+01 2.847606468200683594e+01 5.087749481201171875e+00
1.888895034790039062e+01 3.263502120971679688e+01 -7.797935485839843750e+00
9.714120864868164062e+00 -1.009864616394042969e+01 -6.451426029205322266e+00
2.405211639404296875e+01 9.697369575500488281e+00 1.394368171691894531e+01
1.230366897583007812e+01 -2.834921121597290039e+00 6.841421127319335938e+00
1.936527442932128906e+01 5.379647731781005859e+00 -5.160501956939697266e+00
-4.151574969291687012e-01 -1.551436901092529297e+01 1.185616207122802734e+01
-3.017757225036621094e+01 -6.960353851318359375e+00 -2.251985073089599609e+00
-1.962696075439453125e+01 -1.898615455627441406e+01 -1.749662017822265625e+01
-1.714047813415527344e+01 -2.398143959045410156e+01 1.518934535980224609e+01
-2.319088554382324219e+01 -1.361876106262207031e+01 -2.432535743713378906e+01
-2.861223220825195312e+00 3.204456710815429688e+01 -8.435884714126586914e-01
1.835170555114746094e+01 -1.414049625396728516e+00 2.474396514892578125e+01
-2.330789375305175781e+01 -1.040892720222473145e+00 -3.274332427978515625e+01
4.989898204803466797e+00 -2.186450767517089844e+01 -2.555363082885742188e+01
1.269087600708007812e+01 -2.702775299549102783e-01 -5.561726689338684082e-01
-2.862641525268554688e+01 -3.570711374282836914e+00 8.358038902282714844e+00
-2.173148155212402344e+01 -4.095253646373748779e-01 -1.696161270141601562e+01
-1.172982215881347656e+01 2.087538337707519531e+01 9.011366844177246094e+00
8.106997489929199219e+00 -2.285262107849121094e+01 7.704176425933837891e+00
4.911398887634277344e+00 1.015253257751464844e+01 3.570168685913085938e+01
8.316165208816528320e-01 -2.077697181701660156e+01 1.849368667602539062e+01
-7.218002796173095703e+00 1.043822574615478516e+01 7.876491546630859375e+00
-1.846807861328125000e+01 1.227941417694091797e+01 2.010747718811035156e+01
1.663537597656250000e+01 -7.966271877288818359e+00 2.784133148193359375e+01
-1.847842216491699219e+01 -4.553362369537353516e+00 -1.743692970275878906e+01
-2.932005691528320312e+01 3.449335813522338867e+00 1.752703285217285156e+01
3.782869577407836914e+00 1.468949508666992188e+01 -1.646435356140136719e+01
-3.589152145385742188e+01 4.099009990692138672e+00 7.312850475311279297e+00
1.052239036560058594e+01 -1.275825691223144531e+01 1.384805393218994141e+01
-3.307275295257568359e+00 -1.464794635772705078e+01 -2.242458534240722656e+01
5.522098541259765625e+00 1.342481422424316406e+01 6.969268798828125000e+00
3.120182037353515625e+00 4.004439163208007812e+01 6.955194473266601562e+00
-1.341686344146728516e+01 1.405523967742919922e+01 -1.253933238983154297e+01
1.809011840820312500e+01 4.885581016540527344e+00 -2.186670112609863281e+01
-9.649594306945800781e+00 -1.736141777038574219e+01 -8.800897598266601562e+00
-1.572529220581054688e+01 4.253262996673583984e+00 -1.487814426422119141e+01
9.441437721252441406e+00 1.241759872436523438e+01 -2.897720146179199219e+01
-2.751264095306396484e+00 -6.410826683044433594e+00 -2.741975402832031250e+01
-9.084219336509704590e-01 -8.682170867919921875e+00 -1.977073097229003906e+01
-1.852980136871337891e+00 1.521370792388916016e+01 -2.605074691772460938e+01
1.683380317687988281e+01 2.384156227111816406e+00 3.461420059204101562e+01
-8.572921752929687500e+00 -2.524272727966308594e+01 2.790222930908203125e+01
-1.751797866821289062e+01 -2.129367828369140625e+01 2.454441070556640625e+01
-3.166284561157226562e+00 -1.339241790771484375e+01 2.762557566165924072e-01
1.835632514953613281e+01 2.625260543823242188e+01 1.506695938110351562e+01
-1.262160873413085938e+01 -1.393044281005859375e+01 -9.293055534362792969e+00
-2.159859091043472290e-01 -4.833004951477050781e+00 2.825960350036621094e+01
-8.433049201965332031e+00 1.870127916336059570e+00 -2.970963287353515625e+01
-5.568646430969238281e+00 1.136237812042236328e+01 7.134804725646972656e+00
1.036385345458984375e+01 4.022272491455078125e+01 -6.190270423889160156e+00
-2.458959007263183594e+01 4.533454418182373047e+00 5.426055431365966797e+00
-1.513019084930419922e+01 -3.750151395797729492e+00 -1.195320892333984375e+01
-2.843694305419921875e+01 -4.012938022613525391e+00 -3.533638715744018555e+00
2.352070999145507812e+01 -1.665825843811035156e+01 2.672665405273437500e+01
-7.031641483306884766e+00 -1.005239105224609375e+01 6.654160976409912109e+00
-4.733781337738037109e+00 3.335259628295898438e+01 -1.111429786682128906e+01
-5.704098343849182129e-01 -3.065114784240722656e+01 -1.591112518310546875e+01
1.636695671081542969e+01 9.443665504455566406e+00 1.893772888183593750e+01
-2.548000144958496094e+01 1.149285316467285156e+00 4.067285060882568359e+00
-1.000246047973632812e+01 2.871651411056518555e+00 -2.733752441406250000e+01
6.711524486541748047e+00 2.401560068130493164e+00 -7.409111499786376953e+00
-1.508768558502197266e+01 -1.661783695220947266e+00 3.783203506469726562e+01
-2.259091615676879883e+00 1.519870281219482422e+01 1.290034675598144531e+01
-6.536292076110839844e+00 1.052814865112304688e+01 7.855842590332031250e+00
3.248502349853515625e+01 6.797094345092773438e+00 -7.821220874786376953e+00
-1.738397407531738281e+01 -4.729739665985107422e+00 2.466636466979980469e+01
-6.993588924407958984e+00 8.737764358520507812e+00 2.312425804138183594e+01
8.143609046936035156e+00 2.377035617828369141e+00 2.025869369506835938e+00
-2.524330139160156250e+01 -1.958930015563964844e+01 -9.508131980895996094e+00
1.098590087890625000e+01 1.888975620269775391e+00 -4.205658435821533203e+00
1.473151683807373047e+01 1.467515373229980469e+01 1.456532001495361328e+01
-2.818245315551757812e+01 -1.571130371093750000e+01 -2.186353683471679688e+01
-4.596187591552734375e+00 2.946109390258789062e+01 -9.873128890991210938e+00
-2.561189460754394531e+01 2.509145736694335938e+01 -3.012752056121826172e+00
-5.069464206695556641e+00 -2.084215545654296875e+01 -2.301521492004394531e+01
3.065935373306274414e+00 -2.603760910034179688e+01 1.177617740631103516e+01
-2.896081352233886719e+01 -6.188189506530761719e+00 -9.538013458251953125e+00
-1.707225036621093750e+01 1.149769020080566406e+01 -2.532763481140136719e+01
-3.001603317260742188e+01 5.220467567443847656e+00 -6.768609523773193359e+00
1.098142242431640625e+01 -1.456482887268066406e+01 -2.730468750000000000e+01
2.142825698852539062e+01 -7.742499351501464844e+00 2.286906623840332031e+01
3.780060958862304688e+01 2.446535110473632812e+00 4.762274742126464844e+00
9.429239273071289062e+00 -3.211537551879882812e+01 1.316381740570068359e+01
6.543477058410644531e+00 -3.321822357177734375e+01 -2.093932533264160156e+01
-2.495253181457519531e+01 -9.099813461303710938e+00 -3.437006711959838867e+00
3.764003753662109375e+01 -1.536580562591552734e+00 6.072185993194580078e+00
7.081767559051513672e+00 3.463588714599609375e+01 -3.238778114318847656e+00
-7.065975069999694824e-01 1.491833972930908203e+01 -3.040059661865234375e+01
1.576606392860412598e+00 -6.553206920623779297e+00 -3.379624176025390625e+01
3.634845495223999023e+00 1.554457950592041016e+01 -1.736434555053710938e+01
9.470396041870117188e+00 3.222381210327148438e+01 -1.325341129302978516e+01
3.412234497070312500e+01 -4.710610389709472656e+00 -1.540176582336425781e+01
2.025446891784667969e+01 -8.044996261596679688e+00 -3.246738433837890625e+00
-1.395559787750244141e+01 -8.662180900573730469e-01 -3.134782981872558594e+01
1.495214080810546875e+01 8.935260772705078125e+00 1.937425231933593750e+01
-8.303286552429199219e+00 6.976648807525634766e+00 -1.387843894958496094e+01
1.628563308715820312e+01 -7.910685539245605469e-01 -3.196789026260375977e+00
2.580622673034667969e+00 1.865889739990234375e+01 2.706664657592773438e+01
-2.476607131958007812e+01 6.641602993011474609e+00 4.217563152313232422e+00
-2.045275878906250000e+01 -5.828511714935302734e+00 -1.316775894165039062e+01
-2.204123306274414062e+01 2.169600677490234375e+01 7.854941844940185547e+00
-2.282506752014160156e+01 -8.209205627441406250e+00 -1.615996360778808594e+01
1.481620311737060547e+01 -2.381314277648925781e+01 5.649225711822509766e-01
-2.796537399291992188e+01 -1.892056655883789062e+01 -8.324469566345214844e+00
-7.454488277435302734e-01 -1.755789375305175781e+01 2.189450979232788086e+00
1.335755348205566406e+01 2.769512176513671875e+00 -1.677238702774047852e+00
7.746005058288574219e+00 1.019357681274414062e+01 3.834562301635742188e+01
-1.529691982269287109e+01 -1.165282487869262695e+00 -2.773201370239257812e+01
-2.217575311660766602e+00 8.455434799194335938e+00 -2.874536895751953125e+01
-5.153627395629882812e+00 1.514372920989990234e+01 3.540080642700195312e+01
-2.510785484313964844e+01 -2.659305572509765625e+01 5.267130851745605469e+00
1.069112014770507812e+01 1.400594139099121094e+01 -2.912655448913574219e+01
8.260552406311035156e+00 -1.560410594940185547e+01 2.703733825683593750e+01
7.809264659881591797e-01 7.324254512786865234e+00 1.836436080932617188e+01
-9.380482673645019531e+00 -2.183576965332031250e+01 -2.013327789306640625e+01
3.740358591079711914e+00 -5.434417247772216797e+00 -1.734757614135742188e+01
-1.454901218414306641e+01 1.612031745910644531e+01 2.387484741210937500e+01
2.231767082214355469e+01 5.217099189758300781e+00 2.808184242248535156e+01
1.229031181335449219e+01 1.351181507110595703e+00 1.807911300659179688e+01
1.903695297241210938e+01 -3.250567245483398438e+01 -1.029417991638183594e+01
-1.340230703353881836e+00 6.634054183959960938e+00 3.056712341308593750e+01
-3.544120073318481445e+00 3.005101394653320312e+01 -2.339641189575195312e+01
-1.147243785858154297e+01 -1.834502792358398438e+01 -3.788540124893188477e+00
6.457262039184570312e+00 -2.940895318984985352e+00 1.481852340698242188e+01
-2.042044067382812500e+01 9.674711227416992188e+00 2.153618240356445312e+01
-9.913090705871582031e+00 1.616689872741699219e+01 9.810247421264648438e+00
1.065203475952148438e+01 -2.798766517639160156e+01 -9.803028106689453125e+00
2.706287193298339844e+01 2.092084884643554688e+01 8.638060569763183594e+00
1.492717170715332031e+01 2.247528266906738281e+01 1.103319454193115234e+01
9.018097877502441406e+00 -7.909624576568603516e-01 -3.648686218261718750e+01
-2.505947113037109375e+01 -1.460914611816406250e+00 -3.169118118286132812e+01
-2.067921447753906250e+01 8.604223132133483887e-01 -1.128335380554199219e+01
5.098595142364501953e+00 3.022097206115722656e+01 -1.412039470672607422e+01
6.817038536071777344e+00 -3.188235092163085938e+01 -8.219808578491210938e+00
4.901411056518554688e+00 5.153463363647460938e+00 -1.914987182617187500e+01
-1.588079357147216797e+01 2.185568618774414062e+01 2.507176780700683594e+01
1.606290817260742188e+01 1.326370334625244141e+01 2.008938598632812500e+01
-1.242956638336181641e+01 2.414010620117187500e+01 -8.534041404724121094e+00
-5.294171810150146484e+00 2.889610767364501953e+00 2.130261421203613281e+01
-4.127265930175781250e+01 -3.878857612609863281e+00 1.186045742034912109e+01
1.511144447326660156e+01 4.833571910858154297e+00 -3.171840667724609375e+00
-2.683898925781250000e+01 7.699759960174560547e+00 -1.672311782836914062e+01
-3.631695556640625000e+01 8.856197357177734375e+00 9.739449501037597656e+00
-4.289457321166992188e+00 2.727949714660644531e+01 -2.462576675415039062e+01
-6.578847885131835938e+00 3.211700439453125000e+01 -2.212106513977050781e+01
9.077917098999023438e+00 -1.132346916198730469e+01 2.943863868713378906e+00
-2.867622566223144531e+01 -9.258518218994140625e-01 2.965854167938232422e+00
-1.274505329132080078e+01 1.953779220581054688e+01 1.463397502899169922e+01
7.877720832824707031e+00 -2.160482215881347656e+01 -2.280358505249023438e+01
1.966014480590820312e+01 -1.381072044372558594e+00 -2.703025627136230469e+01
1.023602676391601562e+01 -3.420889282226562500e+01 -3.503530979156494141e+00
-7.410112857818603516e+00 -2.526072120666503906e+01 -1.114806938171386719e+01
3.570295715332031250e+01 -5.657804489135742188e+00 -1.431331634521484375e+01
-1.006237506866455078e+01 -1.772683525085449219e+01 3.055914044380187988e-01
-1.570547199249267578e+01 9.935736656188964844e+00 -2.009750366210937500e+01
1.189881610870361328e+01 1.332763671875000000e+01 -1.615041542053222656e+01
-2.611061477661132812e+01 -8.089581489562988281e+00 -1.023515319824218750e+01
-4.667249679565429688e+00 -4.004740715026855469e+00 9.956878662109375000e+00
1.625558090209960938e+01 -2.114704132080078125e+01 2.829027938842773438e+01
3.102660751342773438e+01 7.800875306129455566e-01 -1.846759319305419922e+00
-3.784521102905273438e+01 6.046463966369628906e+00 8.549912452697753906e+00
1.435976982116699219e+01 -2.535773658752441406e+01 2.070236968994140625e+01
1.228366374969482422e+01 -2.025694847106933594e+01 -1.719155883789062500e+01
2.296581459045410156e+01 -1.142140865325927734e+01 2.131375312805175781e+01
6.950698852539062500e+00 5.610508918762207031e+00 -3.359197998046875000e+01
-1.211773586273193359e+01 1.243707656860351562e+01 -1.209360480308532715e+00
-2.037849235534667969e+01 -1.801273918151855469e+01 -1.523099803924560547e+01
8.549980163574218750e+00 -1.218439579010009766e+01 1.363662815093994141e+01
-6.946277141571044922e+00 -2.040026283264160156e+01 -2.089465904235839844e+01
-7.200659275054931641e+00 3.433084964752197266e+00 -2.974295997619628906e+01
1.497221946716308594e+01 -1.464384365081787109e+01 -2.323433494567871094e+01
-2.337343215942382812e+01 -1.850994944572448730e+00 -8.189261436462402344e+00
5.041876792907714844e+00 2.938644599914550781e+01 -4.716221332550048828e+00
-1.409361124038696289e+00 -2.722474288940429688e+01 -1.513769149780273438e+01
1.524070358276367188e+01 8.177939414978027344e+00 -2.141182136535644531e+01
-1.543074035644531250e+01 -5.024506092071533203e+00 1.680340576171875000e+01
1.752855873107910156e+01 -1.527983379364013672e+01 1.242258644104003906e+01
-1.431981372833251953e+01 -4.979540109634399414e-01 -3.064759635925292969e+01
-6.950019598007202148e-01 8.605777740478515625e+00 -1.474695491790771484e+01
-3.504856491088867188e+01 -1.648061752319335938e+01 -4.731505393981933594e+00
-1.553677463531494141e+01 -8.049288749694824219e+00 -9.567086219787597656e+00
2.469635581970214844e+01 6.444103717803955078e+00 -3.077373313903808594e+01
9.735443115234375000e+00 4.152109622955322266e+00 -7.057757973670959473e-01
2.536626815795898438e+01 6.589599847793579102e-01 -2.195837211608886719e+01
2.852606058120727539e+00 -1.311195659637451172e+01 -1.488748836517333984e+01
-3.088918304443359375e+01 1.125182056427001953e+01 -1.276220893859863281e+01
5.728837013244628906e+00 2.713920021057128906e+01 -2.485477447509765625e+01
2.366063594818115234e+00 4.691819190979003906e+00 8.551219940185546875e+00
2.072145223617553711e+00 1.129236125946044922e+01 2.044160366058349609e+00
-1.286500263214111328e+01 2.088988685607910156e+01 2.643826484680175781e+00
1.341849708557128906e+01 -4.869797706604003906e+00 3.730792999267578125e+01
-2.670948266983032227e+00 1.118294477462768555e+00 -3.278450012207031250e+00
-6.018531322479248047e+00 -3.392478561401367188e+01 9.145730972290039062e+00
-1.206789398193359375e+01 -1.477202987670898438e+01 -7.456697463989257812e+00
-2.279935121536254883e+00 -1.545302104949951172e+01 -2.584940910339355469e+01
9.847239494323730469e+00 -6.244225978851318359e+00 -2.651400184631347656e+01
-1.354774379730224609e+01 -2.937326812744140625e+01 -1.241011428833007812e+01
1.701447105407714844e+01 2.361437082290649414e+00 3.441486358642578125e+01
7.759706974029541016e+00 -9.224625587463378906e+00 2.259665298461914062e+01
-1.184898281097412109e+01 -1.194633769989013672e+01 4.282855242490768433e-02
1.250410842895507812e+01 2.058282089233398438e+01 1.702145195007324219e+01
8.070248603820800781e+00 -2.302756881713867188e+01 -2.872488212585449219e+01
-1.896914863586425781e+01 2.596325302124023438e+01 1.901709175109863281e+01
-1.168571281433105469e+01 1.410413837432861328e+01 -2.614597511291503906e+01
-2.003479957580566406e+01 1.893327713012695312e+01 -5.528736591339111328e+00
-1.103280925750732422e+01 9.672477722167968750e+00 3.787098693847656250e+01
2.921698188781738281e+01 -9.789365768432617188e+00 -1.473254394531250000e+01
-1.017413520812988281e+01 8.686325073242187500e+00 1.602609062194824219e+01
-2.722728347778320312e+01 -1.935711860656738281e+00 -6.392918825149536133e-01
2.051757049560546875e+01 8.179183959960937500e+00 -6.466798782348632812e+00
1.782410049438476562e+01 1.029891872406005859e+01 2.109245681762695312e+01
1.154418659210205078e+01 5.305119037628173828e+00 -1.660536003112792969e+01
-1.709467506408691406e+01 -1.995810127258300781e+01 2.122910690307617188e+01
1.456197452545166016e+01 1.874781036376953125e+01 -1.525194358825683594e+01
1.454249858856201172e+00 -4.536460876464843750e+00 2.653540039062500000e+01
1.148097324371337891e+01 -2.992012977600097656e+00 -2.190526580810546875e+01
-2.165451049804687500e+01 1.134242153167724609e+01 -1.529441237449645996e+00
1.613211631774902344e+01 3.591010332107543945e+00 3.182080650329589844e+01
-1.408184528350830078e+00 -1.552546787261962891e+01 2.835511970520019531e+01
1.381415653228759766e+01 2.462667942047119141e+00 8.502229690551757812e+00
-1.765674948692321777e+00 4.364512920379638672e+00 -3.376345062255859375e+01
1.844008922576904297e+00 -3.855132675170898438e+01 -1.835029482841491699e+00
-2.558868598937988281e+01 9.686681747436523438e+00 -1.000544071197509766e+01
1.403188705444335938e+01 -8.755562782287597656e+00 4.503293991088867188e+00
2.513710212707519531e+01 -1.850128936767578125e+01 2.334357452392578125e+01
-1.094362449645996094e+01 -3.729413032531738281e+00 -3.645303344726562500e+01
-3.043678855895996094e+01 2.088799285888671875e+01 -7.519738197326660156e+00
2.603643989562988281e+01 -6.865437984466552734e+00 1.235647773742675781e+01
2.861949682235717773e+00 -1.312271881103515625e+01 -1.489986705780029297e+01
3.238192749023437500e+01 3.170971393585205078e+00 -3.307437419891357422e+00
-7.438999652862548828e+00 2.454642295837402344e+01 9.925873756408691406e+00
7.364824771881103516e+00 3.132340431213378906e+01 1.873840522766113281e+01
3.089768409729003906e+01 1.319562721252441406e+01 -1.646829414367675781e+01
-9.526396751403808594e+00 1.788342475891113281e+01 -1.244968128204345703e+01
6.709843873977661133e-02 9.230587959289550781e+00 -2.680650520324707031e+01
-9.356638908386230469e+00 8.489910125732421875e+00 2.881923484802246094e+01
-2.480039596557617188e+01 5.903342247009277344e+00 2.700762367248535156e+01
7.083973407745361328e+00 -2.960578918457031250e+01 -2.317429351806640625e+01
-2.029254150390625000e+01 3.241966629028320312e+01 3.879034757614135742e+00
-2.298450660705566406e+01 -8.548035621643066406e-01 3.803865671157836914e+00
2.429975509643554688e+01 -1.028504467010498047e+01 -1.972072219848632812e+01
-4.886239051818847656e+00 -3.619718170166015625e+01 -1.298218536376953125e+01
1.635856056213378906e+01 -2.207434272766113281e+01 -1.158469080924987793e+00
-3.295804262161254883e+00 3.964503765106201172e+00 -3.586923599243164062e+01
-5.385749340057373047e-01 -3.387882232666015625e+01 6.225632429122924805e-01
-3.208299636840820312e+01 4.441301345825195312e+00 1.112926387786865234e+01
3.252259016036987305e+00 -1.936039733886718750e+01 2.278328514099121094e+01
-1.319351553916931152e+00 -1.217770957946777344e+01 -1.160733985900878906e+01
8.172365188598632812e+00 -1.075988769531250000e+01 3.729626846313476562e+01
2.511781311035156250e+01 -1.026010704040527344e+01 -2.155604553222656250e+01
6.821859359741210938e+00 1.052432060241699219e+01 -3.096990966796875000e+01
-1.747915267944335938e+01 1.040628433227539062e+01 7.438508987426757812e+00
-1.354582786560058594e+01 8.313247680664062500e+00 2.918771553039550781e+01
7.191223144531250000e+00 -3.133747863769531250e+01 -7.151252269744873047e+00
1.076503849029541016e+01 1.103273963928222656e+01 -1.410177612304687500e+01
-3.034300994873046875e+01 7.303046226501464844e+00 -7.440249443054199219e+00
-2.631846427917480469e+01 2.394923925399780273e+00 1.679218482971191406e+01
4.268844127655029297e+00 -4.650048732757568359e+00 -2.968572044372558594e+01
1.075142002105712891e+01 -6.454664230346679688e+00 2.503862380981445312e+01
2.109341430664062500e+01 -7.805453777313232422e+00 8.060791969299316406e+00
-3.148420906066894531e+01 -1.605717277526855469e+01 -7.563906192779541016e+00
2.513610458374023438e+01 -1.876457786560058594e+01 2.330449295043945312e+01
-1.683164405822753906e+01 3.867199707031250000e+01 -1.226173877716064453e+00
-9.025388717651367188e+00 -4.587344646453857422e+00 -3.300678253173828125e+01
-1.312471580505371094e+01 3.200581359863281250e+01 6.277413368225097656e+00
9.324989318847656250e+00 -1.000955009460449219e+01 7.516291141510009766e+00
1.704286575317382812e+01 -3.670686781406402588e-01 2.556056499481201172e+00
-3.570457220077514648e+00 4.407734870910644531e+00 2.881407737731933594e+00
9.874800682067871094e+00 -6.166439533233642578e+00 -2.640350151062011719e+01
1.135194206237792969e+01 1.290415954589843750e+01 -1.799586105346679688e+01
3.075298500061035156e+01 -1.427381038665771484e+01 1.822694396972656250e+01
-1.094837951660156250e+01 -1.446544742584228516e+01 -3.303514862060546875e+01
2.344984769821166992e+00 6.181089878082275391e+00 1.341161155700683594e+01
-8.436634063720703125e+00 -2.524858665466308594e+01 1.278890323638916016e+01
6.215885639190673828e+00 3.290681457519531250e+01 -4.602977275848388672e+00
-3.785022735595703125e+01 -2.467817217111587524e-01 8.541761398315429688e+00
2.237995529174804688e+01 -1.376053970307111740e-02 1.766163444519042969e+01
1.507258319854736328e+01 2.405953407287597656e+01 -2.406042098999023438e+01
2.334065437316894531e+01 -2.586241006851196289e+00 6.142707347869873047e+00
3.103922843933105469e+01 7.187541723251342773e-01 -1.796007633209228516e+00
-4.632845878601074219e+00 3.397619426250457764e-01 3.753723526000976562e+01
7.162295579910278320e-01 1.147267818450927734e+01 2.080039024353027344e+01
-4.206232070922851562e+00 -3.476716041564941406e+00 1.057781219482421875e+01
-7.965768814086914062e+00 -2.309234046936035156e+01 2.673411560058593750e+01
2.855793952941894531e+00 2.389416933059692383e+00 -3.108286094665527344e+01
5.148900508880615234e+00 -2.295937347412109375e+01 -2.278280830383300781e+01
2.969167709350585938e+01 2.112278699874877930e+00 -7.906839251518249512e-01
-1.424058818817138672e+01 -3.557332992553710938e+01 7.200547695159912109e+00
4.827805042266845703e+00 3.058392524719238281e+01 6.424808502197265625e+00
-8.696747779846191406e+00 -2.619608116149902344e+01 1.459878217428922653e-02
3.718467330932617188e+01 6.497222900390625000e+00 -9.407716751098632812e+00
-3.005451774597167969e+01 -1.099977111816406250e+01 9.488643646240234375e+00
-3.332057952880859375e+01 -1.653687095642089844e+01 -6.384914875030517578e+00
-3.339893579483032227e+00 2.117469787597656250e+01 -9.824713706970214844e+00
9.051006317138671875e+00 -1.147442340850830078e+01 2.727828264236450195e+00
-1.393865680694580078e+01 -1.149896335601806641e+01 -1.840396046638488770e+00
2.097078704833984375e+01 -7.107650756835937500e+00 3.838280439376831055e+00
2.633681297302246094e+01 1.119896411895751953e+01 2.149407577514648438e+01
-2.126623344421386719e+01 -7.629266738891601562e+00 -2.120381546020507812e+01
-7.508162021636962891e+00 -1.630163383483886719e+01 2.030777931213378906e+01
-1.413547992706298828e+01 -8.618143081665039062e+00 -2.076463890075683594e+01
-3.007981681823730469e+01 -1.927915763854980469e+01 5.270076274871826172e+00
-3.370698165893554688e+01 -8.011190414428710938e+00 -1.916888809204101562e+01
-2.695265007019042969e+01 -1.375981807708740234e+01 2.069917678833007812e+01
3.599316787719726562e+01 1.474959373474121094e+01 5.382527351379394531e+00
1.636934399604797363e+00 9.485789299011230469e+00 -2.640067100524902344e+01
3.286729812622070312e+01 -1.000385475158691406e+01 8.263837814331054688e+00
4.647115707397460938e+00 -3.562919139862060547e+00 -2.928725242614746094e+00
1.195258903503417969e+01 -3.543999481201171875e+01 -1.002726840972900391e+01
3.290480613708496094e+00 -6.391730785369873047e+00 -2.768144226074218750e+01
2.012295246124267578e+00 4.515205383300781250e+00 -3.001702499389648438e+01
6.966106891632080078e+00 4.740131855010986328e+00 2.133347320556640625e+01
1.935003471374511719e+01 -1.655196189880371094e+00 -2.687624168395996094e+01
6.918278932571411133e-01 -1.388819313049316406e+01 -7.058904170989990234e+00
-3.032401084899902344e+00 3.523700714111328125e+01 -1.018197727203369141e+01
2.356065940856933594e+01 -2.721554946899414062e+01 5.178906440734863281e+00
-2.175051116943359375e+01 -1.918365287780761719e+01 9.001460075378417969e+00
-1.357337379455566406e+01 3.911709213256835938e+01 4.207484796643257141e-02
-3.447396039962768555e+00 1.140457153320312500e+01 -2.848021888732910156e+01
9.690406322479248047e-01 -2.861476516723632812e+01 -1.708725738525390625e+01
1.763673019409179688e+01 -1.525755500793457031e+01 1.335021972656250000e+01
1.146654224395751953e+01 -2.890247344970703125e+01 -8.396327972412109375e+00
-6.648649215698242188e+00 1.511085796356201172e+01 2.534409523010253906e+01
2.573607444763183594e+01 -2.400994491577148438e+01 3.047588825225830078e+00
2.585920095443725586e+00 2.060755014419555664e+00 -1.227241134643554688e+01
1.021979427337646484e+01 -4.420201301574707031e+00 -3.092593550682067871e-01
-4.340823650360107422e+00 2.818942308425903320e+00 3.919944381713867188e+01
1.616521263122558594e+01 3.659119844436645508e+00 3.183771324157714844e+01
-2.471869850158691406e+01 4.738096237182617188e+00 6.142537593841552734e+00
-2.780996561050415039e+00 -2.374304199218750000e+01 -2.521165466308593750e+01
1.566519451141357422e+01 -1.162483310699462891e+01 2.188158035278320312e+01
-4.061519241333007812e+01 4.745172023773193359e+00 4.713208198547363281e+00
1.889107322692871094e+01 1.889979743957519531e+01 2.657699966430664062e+01
4.363194274902343750e+01 -4.420738220214843750e+00 2.815553426742553711e+00
-2.437447929382324219e+01 1.988565444946289062e+01 -3.173200130462646484e+00
-3.194087600708007812e+01 2.011129951477050781e+01 -7.097506046295166016e+00
-7.837438583374023438e-01 -3.491556930541992188e+01 -7.469571113586425781e+00
-1.248081016540527344e+01 2.965255355834960938e+01 -9.884242057800292969e+00
2.696779060363769531e+01 1.185790061950683594e+01 2.067476844787597656e+01
-1.214294433593750000e+01 -2.399631500244140625e+01 -2.308876037597656250e+01
-8.252136111259460449e-01 3.355585575103759766e+00 1.025297403335571289e+00
-3.274328994750976562e+01 -2.600550651550292969e+00 -8.093538284301757812e+00
-1.713113212585449219e+01 4.812093734741210938e+00 2.935778045654296875e+01
-8.638339042663574219e+00 3.313375091552734375e+01 -1.983994674682617188e+01
-9.253296852111816406e+00 1.921361541748046875e+01 6.815590381622314453e+00
-4.471024990081787109e+00 -3.102693557739257812e+01 8.593379974365234375e+00
8.268619537353515625e+00 -1.563348388671875000e+01 2.711497497558593750e+01
2.160560035705566406e+01 4.484373092651367188e+00 -1.687153625488281250e+01
2.982593727111816406e+01 -7.539988517761230469e+00 -2.264936637878417969e+01
-5.377682685852050781e+00 -3.292664718627929688e+01 2.643827676773071289e+00
2.748429489135742188e+01 9.005658149719238281e+00 1.276376438140869141e+01
1.689025878906250000e+01 5.850815773010253906e+00 -3.782473373413085938e+01
-1.053838157653808594e+01 -7.702610015869140625e+00 1.164518356323242188e+01
3.869567155838012695e+00 2.795529174804687500e+01 3.377210855484008789e+00
3.468187808990478516e+00 9.516777396202087402e-01 -2.662129592895507812e+01
-1.806051826477050781e+01 9.365309715270996094e+00 -2.073777389526367188e+01
-6.155243873596191406e+00 -3.063428497314453125e+01 8.995078086853027344e+00
1.078586578369140625e+01 1.997947096824645996e+00 -4.601655960083007812e+00
-1.353858947753906250e+01 -3.973923683166503906e+00 -2.471563148498535156e+01
1.504238009452819824e+00 -2.657191658020019531e+01 1.201802635192871094e+01
3.304931640625000000e+00 -3.048530197143554688e+01 -1.202972316741943359e+01
3.935203552246093750e-01 1.220717620849609375e+01 -1.302559947967529297e+01
2.504817390441894531e+01 -1.953590583801269531e+01 1.093821334838867188e+01
-3.322666645050048828e+00 -3.626638412475585938e+01 1.071964836120605469e+01
2.166724014282226562e+01 -1.215021800994873047e+01 2.388032341003417969e+01
1.536408615112304688e+01 -6.513823986053466797e+00 1.782040214538574219e+01
-2.103639030456542969e+01 -2.798554420471191406e+01 7.238958358764648438e+00
4.118515014648437500e+00 -3.188698005676269531e+01 1.121479415893554688e+01
2.523691368103027344e+01 2.453909301757812500e+01 1.009702873229980469e+01
2.973687744140625000e+01 2.486291122436523438e+01 4.275965213775634766e+00
1.639108657836914062e+01 7.636341571807861328e+00 -2.113027381896972656e+01
8.698733329772949219e+00 -8.436062812805175781e+00 3.953990173339843750e+01
-1.355108642578125000e+01 -1.210589694976806641e+01 -3.102470779418945312e+01
1.151436424255371094e+01 2.612121820449829102e+00 -1.179852008819580078e+01
-2.231153297424316406e+01 2.737972259521484375e+01 7.597412586212158203e+00
1.034388923645019531e+01 7.430249214172363281e+00 -2.709811973571777344e+01
-1.759539604187011719e+01 1.041046237945556641e+01 7.796632766723632812e+00
1.698394966125488281e+01 -5.254725456237792969e+00 -1.093082237243652344e+01
1.463083744049072266e+01 2.324818992614746094e+01 1.780671691894531250e+01
-2.037452125549316406e+01 2.500084686279296875e+01 -8.603418350219726562e+00
-3.108497047424316406e+01 2.072621345520019531e+01 -8.710281372070312500e+00
1.028305339813232422e+01 -3.232429504394531250e+01 -2.246283721923828125e+01
-6.228626728057861328e+00 -2.776295852661132812e+01 -9.768550872802734375e+00
-5.098476886749267578e+00 7.782555103302001953e+00 2.465828704833984375e+01
1.134307289123535156e+01 3.977590084075927734e+00 2.565489387512207031e+01
-1.781472325325012207e+00 -1.229101538658142090e+00 5.330652713775634766e+00
-1.396279931068420410e+00 2.289900970458984375e+01 -1.407109642028808594e+01
-1.740430068969726562e+01 1.205154895782470703e+01 -2.661304283142089844e+01
-8.295038938522338867e-01 3.598886013031005859e+00 -3.266487884521484375e+01
-5.512398242950439453e+00 1.729459571838378906e+01 1.685832142829895020e+00
-7.249362468719482422e+00 9.306793212890625000e+00 -2.525656890869140625e+01
-1.225078582763671875e+01 1.798122048377990723e+00 -2.495931053161621094e+01
-4.079880237579345703e+00 -1.853836822509765625e+01 3.600187778472900391e+00
-1.563453769683837891e+01 -3.275866317749023438e+01 -2.459377765655517578e+00
1.073763847351074219e+01 -3.366366577148437500e+01 1.191571044921875000e+01
-2.767207384109497070e+00 -1.707712745666503906e+01 5.201736927032470703e+00
-8.773987770080566406e+00 -1.195142269134521484e+01 -8.585007667541503906e+00
-5.839069366455078125e+00 2.322447776794433594e+01 1.696662139892578125e+01
2.334816551208496094e+01 -9.412089347839355469e+00 5.468307971954345703e+00
2.515516471862792969e+01 -2.229174423217773438e+01 -5.334076881408691406e+00
5.390864372253417969e+00 2.573250532150268555e+00 6.309155225753784180e-01
-1.080569458007812500e+01 -2.299065399169921875e+01 -6.272578716278076172e+00
1.091465759277343750e+01 -1.201160621643066406e+01 2.797787785530090332e-01
1.234078788757324219e+01 -2.653566169738769531e+01 2.262865066528320312e+01
2.417424440383911133e+00 -9.332155227661132812e+00 3.669918441772460938e+01
-2.421866416931152344e+01 9.823220252990722656e+00 -1.613248443603515625e+01
-3.436433792114257812e+00 -1.387786006927490234e+01 7.270894646644592285e-01
-6.032896041870117188e-01 1.481830024719238281e+01 -2.032083320617675781e+01
7.239323616027832031e+00 2.282121419906616211e+00 -8.500708580017089844e+00
4.079995155334472656e+00 1.333382892608642578e+01 -5.618857383728027344e+00
-7.288122653961181641e+00 -1.512085151672363281e+01 3.656680679321289062e+01
2.460420989990234375e+01 -4.050660133361816406e+00 1.717837715148925781e+01
3.316505432128906250e+01 7.852521419525146484e+00 9.223146438598632812e+00
2.589195251464843750e+01 1.109342193603515625e+01 2.106542015075683594e+01
1.284010505676269531e+01 3.460721969604492188e+01 1.002888107299804688e+01
-1.343919754028320312e+01 -3.767028808593750000e+01 6.198955059051513672e+00
-1.956936073303222656e+01 -2.210283088684082031e+01 1.812390708923339844e+01
-1.209699821472167969e+01 -3.053055953979492188e+01 -1.517499446868896484e+01
1.122121143341064453e+01 4.285001754760742188e+00 -5.071418762207031250e+00
-1.080627536773681641e+01 -1.219203758239746094e+01 3.571566009521484375e+01
-1.705518531799316406e+01 7.792275428771972656e+00 -1.706997680664062500e+01
-2.225754037499427795e-02 -1.494975757598876953e+01 1.182142543792724609e+01
-1.854979276657104492e+00 3.192389249801635742e+00 3.177415847778320312e+01
-1.920732498168945312e+01 1.142619705200195312e+01 6.081485271453857422e+00
-1.798188972473144531e+01 -3.573185443878173828e+00 -8.218776702880859375e+00
-2.818908214569091797e+00 2.291081905364990234e+00 -8.402751922607421875e+00
1.984045028686523438e+01 -1.410422134399414062e+01 1.329016494750976562e+01
-9.957675933837890625e+00 -2.696433639526367188e+01 -1.388116478919982910e-01
-1.838477706909179688e+01 2.785608530044555664e+00 3.465136766433715820e+00
2.200973892211914062e+01 -2.418734133243560791e-01 1.652666854858398438e+01
-3.167300415039062500e+01 -1.274076104164123535e+00 -2.475117683410644531e+00
-1.031646823883056641e+01 1.810595703125000000e+01 -1.534356689453125000e+01
-1.944931983947753906e+01 -2.648278617858886719e+01 -8.477558493614196777e-01
1.184105873107910156e+01 -3.342806243896484375e+01 -5.670017719268798828e+00
-1.496488094329833984e+00 1.486435031890869141e+01 2.219616174697875977e+00
-1.553256416320800781e+01 2.304615020751953125e+01 2.615594482421875000e+01
2.098343086242675781e+01 -3.558699846267700195e+00 1.670960044860839844e+01
6.138589978218078613e-01 4.946232318878173828e+00 -1.003922176361083984e+01
-2.138434350490570068e-01 -3.514191055297851562e+01 4.253642559051513672e-01
-2.219507598876953125e+01 1.856355094909667969e+01 -1.940128135681152344e+01
-1.243113231658935547e+01 -2.041140365600585938e+01 2.644796848297119141e+00
-8.214205741882324219e+00 3.040970993041992188e+01 -2.523995399475097656e+01
-8.816127777099609375e+00 -1.151716899871826172e+01 2.817595672607421875e+01
3.780399560928344727e+00 -7.899423599243164062e+00 -2.780272674560546875e+01
-1.875525283813476562e+01 -1.830376434326171875e+01 -1.805611014366149902e+00
-7.777489662170410156e+00 8.172609329223632812e+00 -2.931502532958984375e+01
2.456881141662597656e+01 2.291466140747070312e+01 1.150732612609863281e+01
2.305259943008422852e+00 3.656613349914550781e+00 -2.961844062805175781e+01
-5.983340263366699219e+00 -3.116639137268066406e+01 2.632736015319824219e+01
7.996706962585449219e+00 4.371402740478515625e+00 8.584823012351989746e-01
-1.128023815155029297e+01 1.698078536987304688e+01 -1.591179466247558594e+01
1.921159029006958008e-01 -1.529765510559082031e+01 -2.433476638793945312e+01
1.672017288208007812e+01 6.288216590881347656e+00 -3.889631652832031250e+01
2.214196395874023438e+01 -1.148473843932151794e-01 1.726145744323730469e+01
-2.986675262451171875e+00 -9.957484245300292969e+00 -1.679393959045410156e+01
1.720588302612304688e+01 -1.772203445434570312e+01 2.600918769836425781e+01
2.848631668090820312e+01 -2.463372993469238281e+01 5.540909290313720703e+00
3.671812820434570312e+01 1.490061044692993164e+00 5.443360805511474609e+00
1.686154007911682129e+00 2.871644020080566406e+00 -3.077879667282104492e+00
-1.113670158386230469e+01 1.024706459045410156e+01 -2.749742317199707031e+01
-5.892058372497558594e+00 -3.425843811035156250e+01 -5.399453639984130859e-01
3.638236522674560547e+00 -2.029071235656738281e+01 2.429744720458984375e+01
-2.298043251037597656e+01 -7.889901161193847656e+00 1.689588356018066406e+01
-2.115437698364257812e+01 1.946416473388671875e+01 -6.022468090057373047e+00
1.018577480316162109e+01 -2.262659835815429688e+01 2.727263832092285156e+01
8.438590049743652344e+00 1.737105369567871094e+01 2.298124551773071289e+00
-1.508561897277832031e+01 -3.265791702270507812e+01 -1.294483757019042969e+01
1.485417842864990234e+01 -1.061826038360595703e+01 -2.766560745239257812e+01
3.843462753295898438e+01 -4.678267002105712891e+00 -1.171127510070800781e+01
-1.463336229324340820e+00 -2.620764541625976562e+01 1.226990890502929688e+01
5.261146068572998047e+00 9.078685760498046875e+00 3.832474136352539062e+01
5.539196491241455078e+00 9.512905120849609375e+00 -3.101684951782226562e+01
-1.632985305786132812e+01 1.047273635864257812e+00 -2.791596794128417969e+01
-1.988678932189941406e+01 1.412662220001220703e+01 1.863279044628143311e-01
-2.341282606124877930e+00 3.092735481262207031e+01 -9.082959175109863281e+00
7.267459869384765625e+00 1.042591667175292969e+01 5.419290661811828613e-01
2.964079093933105469e+01 -2.563715553283691406e+01 3.993370056152343750e+00
-1.559319972991943359e+01 -2.372793960571289062e+01 -2.057485580444335938e+01
-2.634037971496582031e+01 -6.100342750549316406e+00 -7.525414943695068359e+00
-2.698836708068847656e+01 -2.550941848754882812e+01 -5.285550117492675781e+00
2.182210731506347656e+01 -3.181809806823730469e+01 3.484181404113769531e+00
3.457338333129882812e+01 -1.385884094238281250e+01 1.847600555419921875e+01
7.638786792755126953e+00 3.023270845413208008e+00 6.614838600158691406e+00
-3.602140808105468750e+01 -1.519730663299560547e+01 -3.767590999603271484e+00
3.075344657897949219e+01 -3.550714015960693359e+00 -7.999145030975341797e+00
-2.262966537475585938e+01 2.554356384277343750e+01 7.879854679107666016e+00
2.474547195434570312e+01 -9.788122177124023438e+00 5.635581970214843750e+00
1.765262413024902344e+01 -5.851403713226318359e+00 -6.842265605926513672e+00
-1.972405242919921875e+01 5.070453166961669922e+00 -1.368912506103515625e+01
1.655205726623535156e+01 -1.259389686584472656e+01 1.557488059997558594e+01
-9.362803459167480469e+00 -2.649206161499023438e+01 1.227716350555419922e+01
-7.420737266540527344e+00 -1.512091636657714844e+01 -4.310844421386718750e+00
-3.857638549804687500e+01 3.562295913696289062e+00 7.951600551605224609e+00
-2.999495697021484375e+01 4.270099163055419922e+00 -1.487854099273681641e+01
1.503247547149658203e+01 -1.204771995544433594e+01 2.675265502929687500e+01
6.357000827789306641e+00 2.664137268066406250e+01 4.733730792999267578e+00
4.051376819610595703e+00 7.650223731994628906e+00 -2.516169166564941406e+01
-5.632878303527832031e+00 1.014929676055908203e+01 2.546414184570312500e+01
-1.570999383926391602e+00 -2.468080139160156250e+01 -6.772878170013427734e+00
-2.596266508102416992e+00 8.267419815063476562e+00 3.208003616333007812e+01
2.449378776550292969e+01 2.075837326049804688e+01 1.176309108734130859e+01
1.780032539367675781e+01 3.138634490966796875e+01 1.617796778678894043e+00
-1.956346321105957031e+01 -2.207607078552246094e+01 1.809585762023925781e+01
4.832987785339355469e+00 2.187958526611328125e+01 3.333985805511474609e+00
7.366005778312683105e-01 6.424007564783096313e-02 1.152377319335937500e+01
3.955127477645874023e+00 -6.304082870483398438e+00 9.980185508728027344e+00
-2.072472190856933594e+01 1.487525939941406250e+01 1.511718750000000000e+01
1.042425727844238281e+01 9.985792160034179688e+00 3.609659194946289062e+01
8.831207275390625000e+00 -2.488873291015625000e+01 -2.305222702026367188e+01
2.397126913070678711e+00 -1.841243934631347656e+01 8.408364295959472656e+00
-1.507865428924560547e+01 -2.835488796234130859e+00 -2.791673660278320312e+01
-3.579884338378906250e+01 -7.722022056579589844e+00 2.099574729800224304e-02
-3.090399026870727539e+00 -1.604079055786132812e+01 -2.958089065551757812e+01
5.593228340148925781e+00 5.910908699035644531e+00 -2.569141197204589844e+01
1.949820137023925781e+01 -2.136480140686035156e+01 2.346441650390625000e+01
4.914002418518066406e+00 2.951448631286621094e+01 -4.903718948364257812e+00
-3.450722885131835938e+01 1.298329830169677734e+01 7.328017234802246094e+00
1.965640449523925781e+01 -1.453218841552734375e+01 -4.434691429138183594e+00
2.130271196365356445e-01 -1.654171586036682129e+00 -6.343793869018554688e+00
9.374595642089843750e+00 -1.000686931610107422e+01 6.916668415069580078e+00
-1.395326495170593262e+00 2.211539649963378906e+01 -2.378475427627563477e+00
-3.169945335388183594e+01 -1.739797592163085938e-01 -1.540817260742187500e+00
-2.668733024597167969e+01 -1.484966468811035156e+01 -2.276202201843261719e+01
2.612835502624511719e+01 1.026134014129638672e+00 -2.552183341979980469e+01
1.521055579185485840e+00 -1.568152141571044922e+01 -2.624655914306640625e+01
2.065331935882568359e+00 3.326735973358154297e+00 9.311549186706542969e+00
6.794843673706054688e+00 2.603061866760253906e+01 5.839697837829589844e+00
5.539082288742065430e-01 -2.610177695751190186e-01 1.214219474792480469e+01
1.586239933967590332e+00 -2.469923210144042969e+01 -1.805645370483398438e+01
9.227561950683593750e+00 9.933774948120117188e+00 3.481328582763671875e+01
1.825915527343750000e+01 6.770001411437988281e+00 -5.288069248199462891e+00
2.539992713928222656e+01 5.558929443359375000e+00 -2.983066368103027344e+01
-9.794230461120605469e+00 2.702618598937988281e+00 -2.746588134765625000e+01
-3.702531814575195312e+01 -1.598100781440734863e+00 -1.728419685363769531e+01
2.878642845153808594e+01 2.318982505798339844e+01 8.412969589233398438e+00
1.152435779571533203e+01 -5.748933315277099609e+00 3.176570415496826172e+00
-1.494918537139892578e+01 2.857669258117675781e+01 1.659698867797851562e+01
4.174675750732421875e+01 -4.824121952056884766e+00 4.802158355712890625e+00
-7.238031864166259766e+00 1.753528785705566406e+01 2.176184082031250000e+01
-2.689958572387695312e+00 -1.763536834716796875e+01 -1.194209754467010498e-01
-3.249166107177734375e+01 1.712566375732421875e+01 -3.529541730880737305e+00
-2.769195365905761719e+01 -3.107823371887207031e+00 7.344222545623779297e+00
-1.762228775024414062e+01 2.615413093566894531e+01 4.522690176963806152e-01
1.070441627502441406e+01 -2.837388801574707031e+01 -2.791563606262207031e+01
1.843885803222656250e+01 -1.451055526733398438e+01 -5.328902721405029297e+00
1.811196327209472656e+01 -2.058296203613281250e+01 2.428741836547851562e+01
-7.923359870910644531e+00 2.287960052490234375e+01 3.003978729248046875e+00
1.482324504852294922e+01 2.686899375915527344e+01 1.048809528350830078e+01
2.559412002563476562e+01 -9.876469612121582031e+00 2.255541419982910156e+01
-1.346293067932128906e+01 -4.539149761199951172e+00 1.778301429748535156e+01
-2.229880714416503906e+01 1.118625545501708984e+01 -2.092963600158691406e+01
-2.188109588623046875e+01 6.672455310821533203e+00 -1.138743019104003906e+01
3.198596954345703125e+00 1.612038612365722656e+01 2.069611167907714844e+01
2.526264762878417969e+01 1.824993705749511719e+01 -1.475584983825683594e+01
9.966012954711914062e+00 5.902084708213806152e-01 -3.911611938476562500e+01
1.257739448547363281e+01 1.627413177490234375e+01 -2.250569725036621094e+01
-3.467703819274902344e+00 -1.529043579101562500e+01 -2.989966201782226562e+01
-1.061457157135009766e+01 2.912147140502929688e+01 -2.427432632446289062e+01
1.729635238647460938e+01 -1.785519790649414062e+01 -2.272725486755371094e+01
-1.542595767974853516e+01 2.277050256729125977e+00 3.764964675903320312e+01
-3.127846908569335938e+01 -1.371168231964111328e+01 1.767099189758300781e+01
3.485131835937500000e+01 -1.302795600891113281e+01 -6.991666316986083984e+00
-2.764630126953125000e+01 -5.242455482482910156e+00 7.653010845184326172e+00
8.455636978149414062e+00 1.732547187805175781e+01 -3.167627906799316406e+01
-3.157127189636230469e+01 -1.109821224212646484e+01 1.842546463012695312e+01
-3.401020050048828125e+00 1.164596080780029297e+01 -2.911572265625000000e+01
-1.566149044036865234e+01 1.589182662963867188e+01 -9.671214222908020020e-01
-3.851275920867919922e+00 2.414436721801757812e+01 -1.753382110595703125e+01
1.424109935760498047e+01 2.826419067382812500e+01 1.990080451965332031e+01
-6.917560100555419922e+00 -5.386610507965087891e+00 -3.135659980773925781e+01
-1.577604675292968750e+01 1.548267936706542969e+01 -1.259676575660705566e+00
-9.739746093750000000e+00 -2.366946411132812500e+01 -7.308830261230468750e+00
-1.331552124023437500e+01 2.602710151672363281e+01 1.689066123962402344e+01
2.309811115264892578e+00 -3.032033157348632812e+01 -1.442070198059082031e+01
-1.797514533996582031e+01 -5.756777763366699219e+00 1.701117897033691406e+01
6.229836463928222656e+00 2.630142974853515625e+01 4.401276111602783203e+00
2.747821235656738281e+01 1.930548548698425293e+00 -2.360729980468750000e+01
3.201225042343139648e+00 5.359357357025146484e+00 1.353611850738525391e+01
-3.251305007934570312e+01 1.845982170104980469e+01 -1.260534405708312988e+00
1.658029747009277344e+01 -1.954183578491210938e+01 7.269166946411132812e+00
-1.596760177612304688e+01 1.677050209045410156e+01 2.349810791015625000e+01
2.371700859069824219e+01 -6.561521530151367188e+00 1.252242946624755859e+01
1.412779998779296875e+01 -2.765052032470703125e+01 -9.320089340209960938e+00
-1.353344535827636719e+01 2.579549026489257812e+01 -1.801254272460937500e+01
-8.893017768859863281e+00 1.244474792480468750e+01 1.497092437744140625e+01
-2.664705085754394531e+01 2.242663055658340454e-01 -1.427867561578750610e-01
2.088606595993041992e+00 -2.667596817016601562e+01 -2.359219551086425781e+01
-2.569686317443847656e+01 2.015357732772827148e+00 -1.169733285903930664e+00
8.979145050048828125e+00 -2.247857475280761719e+01 1.540915107727050781e+01
-5.141047477722167969e+00 -3.032213687896728516e+00 -2.760231781005859375e+01
8.736844062805175781e-01 1.885057640075683594e+01 1.449773025512695312e+01
1.953387451171875000e+01 1.739158058166503906e+01 -2.291945075988769531e+01
3.123006057739257812e+01 5.061607956886291504e-01 1.755819171667098999e-01
1.104689216613769531e+01 -2.731527709960937500e+01 -2.797533988952636719e+01
-6.147268772125244141e+00 1.999386596679687500e+01 1.573044109344482422e+01
8.514600753784179688e+00 1.437223434448242188e+01 -2.894447708129882812e+01
1.139201998710632324e+00 -4.315417766571044922e+00 2.706827163696289062e+01
-2.115641212463378906e+01 -6.771708011627197266e+00 -1.462693405151367188e+01
-3.917592620849609375e+01 -1.048621058464050293e+00 1.084333610534667969e+01
2.818560600280761719e+01 1.392659378051757812e+01 1.008350372314453125e+00
-2.802811622619628906e+01 -6.552882671356201172e+00 -9.541746139526367188e+00
8.907760620117187500e+00 2.996841621398925781e+01 1.515261840820312500e+01
-1.427288651466369629e+00 -1.529794406890869141e+01 2.947640991210937500e+01
1.716175460815429688e+01 -2.564615249633789062e+01 -7.195317745208740234e+00
2.499748039245605469e+01 -3.441234588623046875e+00 -1.329905319213867188e+01
-2.426988792419433594e+01 -2.019660186767578125e+01 -5.941193103790283203e+00
-9.129492640495300293e-01 3.274549484252929688e+01 -8.222718238830566406e+00
1.743095779418945312e+01 1.546786975860595703e+01 1.998182487487792969e+01
1.768384742736816406e+01 -7.621228218078613281e+00 -1.425482463836669922e+01
2.741587257385253906e+01 -1.554442977905273438e+01 2.107268142700195312e+01
-1.532969665527343750e+01 3.164258956909179688e+01 1.594505882263183594e+01
-9.470736503601074219e+00 8.056877136230468750e+00 2.917190742492675781e+01
-1.428066939115524292e-01 -3.014908027648925781e+01 3.055615663528442383e+00
-8.824456214904785156e+00 1.660016059875488281e+01 -7.747309684753417969e+00
3.800679445266723633e+00 3.989761734008789062e+01 7.375536441802978516e+00
-9.962162017822265625e+00 -4.814956665039062500e+00 -3.361688613891601562e+01
-2.598404645919799805e+00 3.529468476772308350e-01 -8.828904151916503906e+00
4.659492492675781250e+00 -2.858247566223144531e+01 -1.078125190734863281e+01
1.989359283447265625e+01 -1.379926967620849609e+01 -1.510490894317626953e+01
-2.509959602355957031e+01 -1.329656982421875000e+01 -2.475455856323242188e+01
-3.180190658569335938e+01 -1.791653633117675781e+01 -7.837186336517333984e+00
-7.399469375610351562e+00 1.316146087646484375e+01 3.593880081176757812e+01
-3.062107324600219727e+00 -3.778978729248046875e+01 1.098747825622558594e+01
-1.218957304954528809e+00 -3.170010375976562500e+01 -1.501777553558349609e+01
1.156172513961791992e+00 1.632627105712890625e+01 2.191364288330078125e+01
-2.673633003234863281e+01 1.099276900291442871e+00 -2.133453369140625000e+01
-8.200841903686523438e+00 -1.305335140228271484e+01 3.579233551025390625e+01
-1.329596138000488281e+01 1.349823951721191406e+01 -1.420748805999755859e+01
2.746495246887207031e+01 2.346593284606933594e+01 9.193820953369140625e+00
-1.236435127258300781e+01 -6.310218811035156250e+00 -2.186025047302246094e+01
3.920511007308959961e+00 -2.677898216247558594e+01 -2.268015670776367188e+01
1.715889549255371094e+01 -1.510457515716552734e+01 -1.584727668762207031e+01
-2.852476310729980469e+01 -4.737875759601593018e-01 7.716588497161865234e+00
1.799721717834472656e+01 4.466660022735595703e+00 -2.287320518493652344e+01
-2.544413948059082031e+01 -1.803751564025878906e+01 -7.612396717071533203e+00
1.199221515655517578e+01 1.931153535842895508e+00 1.695848655700683594e+01
-1.468438625335693359e+01 -1.649118900299072266e+00 -2.739244270324707031e+01
-1.161690044403076172e+01 -2.955473709106445312e+01 1.894906806945800781e+01
-3.023981332778930664e+00 -3.127572250366210938e+01 -7.665692806243896484e+00
-1.991459274291992188e+01 1.892803192138671875e+01 -1.688814353942871094e+01
-1.958306503295898438e+01 -1.164459705352783203e+01 3.402190399169921875e+01
-2.158076286315917969e+01 -4.367745876312255859e+00 5.093541741371154785e-01
-8.123045921325683594e+00 3.998895168304443359e+00 -8.407819747924804688e+00
-1.985383796691894531e+01 -1.158966049551963806e-01 1.963068771362304688e+01
-5.116267204284667969e+00 -1.139239501953125000e+01 -1.174549102783203125e+01
1.081701278686523438e+01 3.565340042114257812e+01 1.093819522857666016e+01
-1.721762466430664062e+01 1.042606949806213379e+00 -2.788677406311035156e+01
-5.479520320892333984e+00 -3.605483531951904297e+00 3.333926010131835938e+01
-7.066149234771728516e+00 -3.220596313476562500e+01 2.113620042800903320e+00
-2.652808129787445068e-01 -2.417160272598266602e+00 -9.363637924194335938e+00
-2.328315734863281250e+01 -5.978021621704101562e+00 -4.951632022857666016e+00
3.892720794677734375e+01 -5.455688476562500000e+00 -9.712265968322753906e+00
-6.587660312652587891e+00 1.444072246551513672e+01 3.533231735229492188e+01
1.778819656372070312e+01 2.023624420166015625e+01 -2.330588150024414062e+01
2.247493362426757812e+01 2.457706642150878906e+01 -8.915627479553222656e+00
-2.278471755981445312e+01 2.442164802551269531e+01 -4.433797836303710938e+00
-1.412565708160400391e+01 3.431777572631835938e+01 1.581882858276367188e+01
1.081138801574707031e+01 1.798906707763671875e+01 2.120826148986816406e+01
-1.269796276092529297e+01 1.297903823852539062e+01 -1.759400129318237305e+00
-1.873165512084960938e+01 -2.021156787872314453e+00 -1.750108718872070312e+01
-2.395879173278808594e+01 -1.203077983856201172e+01 -5.786193847656250000e+00
1.055949592590332031e+01 1.646493911743164062e+01 2.287462997436523438e+01
-6.306753158569335938e+00 -1.290596127510070801e+00 -2.754614114761352539e+00
-5.268163204193115234e+00 1.148582553863525391e+01 -4.063350334763526917e-02
2.620252799987792969e+01 1.156961083412170410e+00 2.994339370727539062e+01
-1.261435127258300781e+01 1.196183872222900391e+01 1.783893013000488281e+01
-1.801787972450256348e+00 7.530649662017822266e+00 -1.677539634704589844e+01
-6.719878673553466797e+00 5.565729618072509766e+00 -3.001389884948730469e+01
-1.714993095397949219e+01 5.246357440948486328e+00 -7.343445420265197754e-01
-1.432813072204589844e+01 5.802461147308349609e+00 2.471443939208984375e+01
-4.773250102996826172e+00 -3.411108398437500000e+01 9.520333290100097656e+00
2.408669281005859375e+01 -1.867456555366516113e+00 3.359627914428710938e+01
-8.945446968078613281e+00 -1.389260196685791016e+01 3.392087936401367188e+01
-9.019757270812988281e+00 -2.640057563781738281e+01 2.080164146423339844e+01
-1.313889503479003906e+01 2.565511941909790039e+00 -2.527046012878417969e+01
9.852229118347167969e+00 1.256339454650878906e+01 2.436028289794921875e+01
2.773194503784179688e+01 1.870460700988769531e+01 -2.969187498092651367e+00
1.599974632263183594e+01 -1.598910999298095703e+01 -2.287873458862304688e+01
1.255142498016357422e+01 -2.418180465698242188e+01 2.068616485595703125e+01
1.454164505004882812e+01 1.589266681671142578e+01 -5.269052982330322266e+00
-2.255790138244628906e+01 2.557587051391601562e+01 8.146673202514648438e+00
4.290677547454833984e+00 -5.660646915435791016e+00 1.605212974548339844e+01
8.053648948669433594e+00 -2.118313217163085938e+01 9.320868492126464844e+00
5.695632934570312500e+00 3.372647857666015625e+01 -2.010756874084472656e+01
5.090470790863037109e+00 -1.812210655212402344e+01 -3.848687171936035156e+00
-2.132962799072265625e+01 -8.146839141845703125e+00 -3.163204669952392578e+00
-9.705611228942871094e+00 2.344988441467285156e+01 -8.512352943420410156e+00
-7.537025213241577148e-01 1.228525161743164062e+01 -1.469401836395263672e+01
-1.234064388275146484e+01 -8.312162399291992188e+00 -2.301066970825195312e+01
7.799461841583251953e+00 1.950904965400695801e+00 2.237668037414550781e+00
-4.398169994354248047e+00 2.407569694519042969e+01 -1.844620513916015625e+01
1.848103284835815430e+00 -7.720118522644042969e+00 1.601186180114746094e+01
-2.601610660552978516e+00 -2.009803009033203125e+01 -7.410670280456542969e+00
-2.391514301300048828e+00 -1.668885612487792969e+01 1.188030242919921875e+01
-1.711468887329101562e+01 -1.897069740295410156e+01 1.523907661437988281e+01
-1.829963302612304688e+01 -1.984382820129394531e+01 -1.142370939254760742e+00
2.271336936950683594e+01 5.522586822509765625e+00 -4.199422359466552734e+00
-9.963897705078125000e+00 1.209523797035217285e+00 -7.293920040130615234e+00
8.479598164558410645e-01 1.013535022735595703e+01 2.242592096328735352e+00
-6.623497486114501953e+00 1.988643455505371094e+01 2.310155677795410156e+01
1.325520634651184082e+00 2.243970680236816406e+01 2.530693626403808594e+01
4.702979087829589844e+00 -2.102070617675781250e+01 -1.828872489929199219e+01
2.498726081848144531e+01 -1.041415786743164062e+01 -2.148593902587890625e+01
3.420380020141601562e+01 -5.231644630432128906e+00 -1.564898395538330078e+01
5.279868245124816895e-01 -1.270270347595214844e+01 4.399276256561279297e+00
1.746648979187011719e+01 1.045301818847656250e+01 2.043663597106933594e+01
3.136159896850585938e+01 1.304863262176513672e+01 -1.647676467895507812e+01
6.766009807586669922e+00 1.874193572998046875e+01 2.662004709243774414e+00
1.391884517669677734e+01 -2.740464210510253906e+01 -7.745385646820068359e+00
2.180756568908691406e+01 4.601665973663330078e+00 -1.683648300170898438e+01
5.050944328308105469e+00 -3.331348037719726562e+01 1.534905052185058594e+01
2.838547229766845703e-01 -6.889295101165771484e+00 2.414847946166992188e+01
1.952423095703125000e+01 -3.281006240844726562e+01 -1.061792564392089844e+01
1.726935386657714844e+01 -2.605300140380859375e+01 -7.337419033050537109e+00
-2.258352661132812500e+01 2.578337669372558594e+01 -5.289841651916503906e+00
-2.191228866577148438e+01 -9.810625076293945312e+00 -2.848785209655761719e+01
1.221029567718505859e+01 4.147162628173828125e+01 3.417236328125000000e+00
1.008525657653808594e+01 -6.576202392578125000e+00 -1.064899253845214844e+01
-1.853372001647949219e+01 4.279635429382324219e+00 5.262450218200683594e+00
-2.310707664489746094e+01 -5.291485786437988281e+00 2.047252273559570312e+01
-1.510997486114501953e+01 1.110621318221092224e-01 3.799135208129882812e+01
2.611693926155567169e-02 5.272099375724792480e-01 3.503911972045898438e+01
1.014552402496337891e+01 -2.357910537719726562e+01 1.469950103759765625e+01
-1.721821784973144531e+01 -2.075267410278320312e+01 -2.414608955383300781e+01
1.014703869819641113e+00 6.684897899627685547e+00 1.883476066589355469e+01
1.493655490875244141e+01 -1.327850723266601562e+01 1.315018177032470703e+00
1.146163368225097656e+01 -2.132871818542480469e+01 -4.303362369537353516e+00
-5.432637214660644531e+00 -3.230919647216796875e+01 1.698671579360961914e+00
1.558735561370849609e+01 -5.852150440216064453e+00 1.712204551696777344e+01
3.661236190795898438e+01 1.703818678855895996e+00 6.017324447631835938e+00
-3.888029158115386963e-01 1.588332939147949219e+01 1.921629905700683594e+01
1.130692481994628906e+00 -7.403274059295654297e+00 1.530052661895751953e+01
-1.358584690093994141e+01 -8.116678595542907715e-01 -3.130072212219238281e+01
9.692063331604003906e+00 -2.114022636413574219e+01 -1.049446964263916016e+01
-2.274026489257812500e+01 -5.095030307769775391e+00 1.389414119720458984e+01
-2.812265968322753906e+01 -3.710903167724609375e+00 -4.422111988067626953e+00
-3.479109954833984375e+01 1.536399269104003906e+01 7.616250991821289062e+00
4.497278690338134766e+00 1.003938961029052734e+01 -3.285077285766601562e+01
-9.090454101562500000e+00 -1.962796974182128906e+01 -2.113388824462890625e+01
7.073328971862792969e+00 2.086854696273803711e+00 -8.019486427307128906e+00
-1.015634822845458984e+01 -2.318716049194335938e+01 -2.567115592956542969e+01
2.820806694030761719e+01 3.009541511535644531e+00 -1.722072792053222656e+01
1.582822132110595703e+01 -1.791302680969238281e+01 6.469345092773437500e+00
1.413714122772216797e+01 -9.551712989807128906e+00 6.471895217895507812e+00
-4.624132633209228516e+00 -2.911378288269042969e+01 8.553631782531738281e+00
-1.467348766326904297e+01 2.305709075927734375e+01 2.392053222656250000e+01
2.014411687850952148e+00 1.066623973846435547e+01 1.768466830253601074e+00
1.500502681732177734e+01 1.909452056884765625e+01 -1.228716373443603516e+01
-2.026997947692871094e+01 -2.834202003479003906e+01 1.622037506103515625e+01
1.151668930053710938e+01 2.822709846496582031e+01 1.156777381896972656e+00
3.448264122009277344e+00 -2.544709205627441406e+01 2.156414985656738281e+01
-3.728509902954101562e+01 -3.112673759460449219e+00 -1.652826499938964844e+01
5.457691192626953125e+00 6.175333976745605469e+00 -2.548109054565429688e+01
-3.889971017837524414e+00 1.836129188537597656e+01 2.025534629821777344e+01
1.912938117980957031e+01 1.191098594665527344e+01 -1.272034931182861328e+01
-1.126829719543457031e+01 -9.289186477661132812e+00 -1.000781250000000000e+01
-1.844238471984863281e+01 7.298887252807617188e+00 -1.833556175231933594e+01
1.682178115844726562e+01 -1.860518264770507812e+01 -9.145056724548339844e+00
2.622168922424316406e+01 1.711071968078613281e+01 -1.729668235778808594e+01
6.011929035186767578e+00 2.232335472106933594e+01 -1.717605590820312500e+01
-2.420306205749511719e+01 -6.163381576538085938e+00 1.980687713623046875e+01
5.962134838104248047e+00 2.821291542053222656e+01 -1.327463150024414062e+01
-4.309256076812744141e+00 -1.311887860298156738e+00 -1.750631332397460938e+01
-1.365416812896728516e+01 2.577066040039062500e+01 2.346805381774902344e+01
-1.259170436859130859e+01 1.255417466163635254e+00 -1.885718536376953125e+01
1.481662559509277344e+01 -1.926916503906250000e+01 7.274409770965576172e+00
2.158756446838378906e+01 -1.232358646392822266e+01 2.411388778686523438e+01
5.423822879791259766e+00 -1.741722488403320312e+01 1.715906023979187012e+00
-1.613053131103515625e+01 -1.686152076721191406e+01 -2.672024154663085938e+01
-3.250322723388671875e+01 2.236927270889282227e+00 -1.058058643341064453e+01
-6.052535057067871094e+00 -2.912117385864257812e+01 1.664547729492187500e+01
2.533092308044433594e+01 -1.325467395782470703e+01 -1.926390457153320312e+01
-1.282008075714111328e+01 3.877684020996093750e+01 -6.433019042015075684e-02
-5.538250803947448730e-01 2.366250228881835938e+01 1.195323657989501953e+01
3.642251205444335938e+01 1.422319602966308594e+01 4.774160310626029968e-02
-1.124721050262451172e+01 4.838785171508789062e+00 -2.422998428344726562e+01
1.385544872283935547e+01 -2.946261787414550781e+01 3.448614120483398438e+00
-2.800600051879882812e+00 -3.097642517089843750e+01 1.242174983024597168e+00
-2.293783378601074219e+01 5.629236698150634766e+00 -1.154648208618164062e+01
1.493570613861083984e+01 1.900406265258789062e+01 -1.217329692840576172e+01
9.895036697387695312e+00 -2.952899742126464844e+01 1.253865242004394531e+01
8.750865936279296875e+00 4.986397743225097656e+00 -4.723583698272705078e+00
7.393022537231445312e+00 -8.662458419799804688e+00 -1.021907997131347656e+01
5.199837207794189453e+00 8.106826782226562500e+00 -4.605844020843505859e+00
-3.855690002441406250e+01 4.333125114440917969e+00 9.048674583435058594e+00
2.335924804210662842e-01 2.514204788208007812e+01 2.292727470397949219e+01
3.315719985961914062e+01 -1.440245342254638672e+01 -3.546407818794250488e-01
-1.396783161163330078e+01 5.466517925262451172e+00 -3.082601165771484375e+01
1.611448860168457031e+01 -1.763272285461425781e+01 -4.733030319213867188e+00
3.839326381683349609e+00 2.394250869750976562e+01 1.952284812927246094e+01
-1.192159366607666016e+01 1.433878803253173828e+01 -2.597668647766113281e+01
-1.733331871032714844e+01 -2.187289619445800781e+01 -5.085766911506652832e-01
1.050569152832031250e+01 -1.272064495086669922e+01 1.375078582763671875e+01
-5.406704902648925781e+00 2.258585357666015625e+01 -2.199676895141601562e+01
-1.179175281524658203e+01 1.389166831970214844e+01 -1.440697288513183594e+01
-2.188407516479492188e+01 2.536371052265167236e-01 -1.690969085693359375e+01
-9.268927574157714844e+00 -2.426983070373535156e+01 1.907126426696777344e+01
1.085430431365966797e+01 -5.677874565124511719e+00 -1.299448680877685547e+01
1.737148094177246094e+01 1.561097741127014160e+00 -7.134954452514648438e+00
-2.158233070373535156e+01 -2.990136742591857910e-01 -1.914856338500976562e+01
8.498191833496093750e+00 -1.308567237854003906e+01 2.519559669494628906e+01
1.179766941070556641e+01 -5.649076461791992188e+00 3.886977005004882812e+01
-2.132357215881347656e+01 8.126497864723205566e-01 -1.674570465087890625e+01
2.025748443603515625e+01 -2.101673889160156250e+01 -1.849474334716796875e+01
-1.022820472717285156e+01 3.473226928710937500e+01 -2.196041822433471680e+00
3.651675701141357422e+00 -3.030850887298583984e+00 -8.945306777954101562e+00
9.904664039611816406e+00 -2.929573059082031250e+01 1.219845008850097656e+01
-1.831830215454101562e+01 -5.688122272491455078e+00 2.608749008178710938e+01
1.041082382202148438e+01 -1.965690422058105469e+01 -1.437527275085449219e+01
-1.341164875030517578e+01 -2.278629875183105469e+01 -1.108499908447265625e+01
2.639144134521484375e+01 1.257245659828186035e+00 -2.939728355407714844e+01
-3.663651704788208008e+00 -3.580338287353515625e+01 8.189190864562988281e+00
-3.230641555786132812e+01 1.473771190643310547e+01 4.788254737854003906e+00
-2.714162111282348633e+00 7.680094242095947266e+00 1.129097461700439453e+01
2.086479663848876953e+00 2.807997322082519531e+01 -1.551679039001464844e+01
-3.649589300155639648e+00 5.259380340576171875e+00 -1.075958490371704102e+00
1.575044345855712891e+01 -2.060183143615722656e+01 -2.286557197570800781e+01
-1.613040161132812500e+01 1.923470687866210938e+01 1.974958801269531250e+01
1.101442337036132812e+01 -1.505373859405517578e+01 -9.006131172180175781e+00
-7.058576107025146484e+00 -2.131738853454589844e+01 2.496770858764648438e+01
8.047605514526367188e+00 2.580218315124511719e+01 6.430275917053222656e+00
-1.982909011840820312e+01 -3.446498870849609375e+00 -4.159501552581787109e+00
7.426554203033447266e+00 1.707980346679687500e+01 -3.409903717041015625e+01
-3.154993820190429688e+01 -1.204206085205078125e+01 -1.966294097900390625e+01
6.215031147003173828e-01 2.339037322998046875e+01 2.500554466247558594e+01
5.713999748229980469e+00 -2.128138542175292969e+00 1.197711563110351562e+01
-2.930083572864532471e-01 3.696792602539062500e+01 1.683695030212402344e+01
-3.945313262939453125e+01 -3.064615964889526367e+00 1.144537067413330078e+01
-3.074956130981445312e+01 1.740531158447265625e+01 3.965503215789794922e+00
8.809622764587402344e+00 -3.123702049255371094e+01 -5.450314044952392578e+00
2.114159965515136719e+01 -7.211369514465332031e+00 2.290260314941406250e+01
-2.265569305419921875e+01 1.824897384643554688e+01 -1.856106758117675781e+01
-2.641690444946289062e+01 -1.349448680877685547e+01 1.914102935791015625e+01
-5.005434036254882812e+00 -1.313475227355957031e+01 -1.648486900329589844e+01
7.817412376403808594e+00 -9.659373283386230469e+00 2.296227073669433594e+01
9.795284271240234375e+00 1.175587081909179688e+01 -2.954472160339355469e+01
-2.521670913696289062e+01 -8.092154502868652344e+00 2.129661941528320312e+01
-9.333736419677734375e+00 -1.989818000793457031e+01 -6.861081600189208984e+00
5.734231948852539062e+00 1.672615647315979004e+00 3.269037306308746338e-01
6.299899578094482422e+00 2.749543571472167969e+01 -2.773442459106445312e+01
-1.135556125640869141e+01 1.537709522247314453e+01 -1.250402927398681641e+01
-5.992120742797851562e+00 -3.494416427612304688e+01 -5.281231403350830078e-01
2.617845916748046875e+01 -1.304265594482421875e+01 -1.820756530761718750e+01
-3.087775993347167969e+01 1.674816894531250000e+01 -1.716083645820617676e+00
2.202794837951660156e+01 1.985205650329589844e+01 2.646687030792236328e+00
3.556447982788085938e+01 4.936697781085968018e-01 -6.520913600921630859e+00
5.873993873596191406e+00 -1.496916580200195312e+01 8.482267379760742188e+00
-2.372150802612304688e+01 -8.272058486938476562e+00 -1.511985301971435547e+00
-1.803017425537109375e+01 1.181459712982177734e+01 -2.809611320495605469e+01
-1.927661705017089844e+01 1.461120128631591797e+01 -2.056767344474792480e-01
-1.830673408508300781e+01 -5.679339408874511719e+00 2.607869720458984375e+01
2.283328056335449219e+01 2.126551055908203125e+01 2.209249734878540039e-01
1.511458015441894531e+01 1.640666365623474121e+00 8.923570632934570312e+00
1.551767444610595703e+01 -1.640484237670898438e+01 1.862580490112304688e+01
-2.832649469375610352e+00 1.776377487182617188e+01 -1.070118808746337891e+01
8.838570594787597656e+00 -2.509964752197265625e+01 -2.334599113464355469e+01
6.174885034561157227e-01 -2.847511672973632812e+01 -1.574817466735839844e+01
5.273459911346435547e+00 -2.551066398620605469e+01 -5.291975975036621094e+00
-1.946183586120605469e+01 8.423643112182617188e+00 -2.008392143249511719e+01
8.340154647827148438e+00 -1.474801158905029297e+01 2.649388694763183594e+01
1.401377296447753906e+01 1.349845218658447266e+01 1.856146430969238281e+01
3.713068008422851562e+01 6.801540374755859375e+00 -9.350119590759277344e+00
-1.903457069396972656e+01 6.931086540222167969e+00 -1.610856437683105469e+01
2.191329193115234375e+01 5.179664134979248047e+00 -4.568441390991210938e+00
-1.954654693603515625e+01 1.858459854125976562e+01 -4.767745494842529297e+00
7.203436851501464844e+00 1.303842735290527344e+01 -1.427940607070922852e+00
-2.382605743408203125e+01 -1.734299421310424805e+00 -7.575611114501953125e+00
1.950258064270019531e+01 1.567480087280273438e+01 -2.129343032836914062e+01
1.960150527954101562e+01 -7.502963542938232422e-01 -2.771661520004272461e+00
8.476585388183593750e+00 -2.915250778198242188e+01 1.259612178802490234e+01
-9.767488479614257812e+00 -2.790969085693359375e+01 -4.660718739032745361e-01
1.840881347656250000e+01 2.101280403137207031e+01 -8.028595924377441406e+00
-2.044180870056152344e+01 -1.193615627288818359e+01 1.024093246459960938e+01
4.905073642730712891e+00 -7.245347023010253906e+00 -1.688004684448242188e+01
2.700690650939941406e+01 2.337205696105957031e+01 1.402458429336547852e+00
1.191541862487792969e+01 1.169373035430908203e+01 -1.222123908996582031e+01
8.969186782836914062e+00 -2.824456977844238281e+01 -1.833137130737304688e+01
-7.842604815959930420e-02 1.495430278778076172e+01 1.007705211639404297e+01
-3.144910240173339844e+01 -2.056408643722534180e+00 -2.701008558273315430e+00
2.461130380630493164e+00 -2.706237792968750000e+01 -2.340313339233398438e+01
2.778227806091308594e+01 -2.647270393371582031e+01 -5.071984767913818359e+00
2.104422378540039062e+01 -5.139815807342529297e+00 2.186529159545898438e+01
1.941522789001464844e+01 -2.168539428710937500e+01 -1.740763664245605469e+01
1.194414806365966797e+01 -7.532311439514160156e+00 3.207939386367797852e+00
-3.172137069702148438e+01 -4.287988185882568359e+00 4.093669891357421875e+00
1.224321603775024414e+00 2.723713302612304688e+01 -2.936931610107421875e+00
1.253288078308105469e+01 -9.021409034729003906e+00 -1.390348625183105469e+01
2.395477867126464844e+01 2.424156951904296875e+01 -9.358010292053222656e+00
-2.332201766967773438e+01 6.047779560089111328e+00 2.807604789733886719e+01
-4.073720932006835938e+01 2.716507196426391602e+00 6.959035873413085938e+00
3.299257278442382812e+01 -1.386127758026123047e+01 1.861746788024902344e+01
9.561612129211425781e+00 3.685021972656250000e+01 -5.658069133758544922e+00
-9.433437347412109375e+00 1.034774971008300781e+01 1.545732498168945312e+01
-1.551164340972900391e+01 3.811886787414550781e+00 9.892351150512695312e+00
-7.602306455373764038e-02 -2.420184668153524399e-03 -2.947126579284667969e+01
4.894481658935546875e+00 -1.995050811767578125e+01 -1.861633491516113281e+01
4.438982391357421875e+01 -5.260246753692626953e+00 4.057283401489257812e+00
-7.195428371429443359e+00 8.976376533508300781e+00 -2.526993370056152344e+01
7.051994800567626953e+00 2.056505966186523438e+01 -1.237419605255126953e+01
1.364216518402099609e+01 3.253678560256958008e+00 -2.121428012847900391e+00
1.277521038055419922e+01 2.106365013122558594e+01 -2.678970575332641602e+00
1.116975396871566772e-01 -1.197568988800048828e+01 4.329828739166259766e+00
7.252875328063964844e+00 -2.989540672302246094e+01 -2.310206031799316406e+01
-5.704444408416748047e+00 -3.336783981323242188e+01 9.898296356201171875e+00
1.829672622680664062e+01 4.493756294250488281e+00 -2.203973960876464844e+01
2.466633224487304688e+01 -1.171258544921875000e+01 1.637121582031250000e+01
8.172311186790466309e-01 -3.035988426208496094e+01 3.563761234283447266e+00
8.349794387817382812e+00 1.298012542724609375e+01 9.641234397888183594e+00
-7.701124191284179688e+00 -3.303820848464965820e+00 -1.101098442077636719e+01
5.689807415008544922e+00 -2.942692565917968750e+01 1.126167583465576172e+01
3.786346435546875000e+01 -1.839722871780395508e+00 6.015778064727783203e+00
5.470693111419677734e-01 3.628879165649414062e+01 1.827781867980957031e+01
1.695582580566406250e+01 -1.699141120910644531e+01 -2.315085029602050781e+01
6.037330627441406250e+00 8.371820449829101562e+00 -4.189132213592529297e+00
1.662739372253417969e+01 -1.738108062744140625e+01 -2.312479782104492188e+01
8.546342849731445312e+00 -1.170824146270751953e+01 -8.282636642456054688e+00
-1.388480472564697266e+01 1.275704002380371094e+01 1.758404159545898438e+01
3.842401504516601562e+00 -5.798394083976745605e-01 -2.260577201843261719e+00
-1.258839035034179688e+01 4.474181234836578369e-01 -5.282757282257080078e+00
7.644220352172851562e+00 -3.238909149169921875e+01 -2.086424827575683594e+01
-2.473493003845214844e+01 -6.702916622161865234e+00 -7.068081378936767578e+00
-2.843393135070800781e+01 6.736431121826171875e-01 -1.597167700529098511e-01
-3.416900396347045898e+00 2.372527313232421875e+01 -2.666882753372192383e+00
-2.674016189575195312e+01 1.904633712768554688e+01 1.724291419982910156e+01
3.536634826660156250e+01 5.052475929260253906e+00 -2.134328603744506836e+00
1.741728401184082031e+01 -2.745238494873046875e+01 -8.057846069335937500e+00
9.261116981506347656e+00 1.991532516479492188e+01 -6.290273189544677734e+00
2.451709556579589844e+01 -1.057825183868408203e+01 -1.954560089111328125e+01
-1.195154762268066406e+01 -5.904027462005615234e+00 2.487499618530273438e+01
-1.773188209533691406e+01 2.546084403991699219e+01 1.862757492065429688e+01
-1.213272571563720703e+01 3.054937934875488281e+01 7.627573013305664062e-01
2.938685989379882812e+01 -7.175707340240478516e+00 -2.315752029418945312e+01
1.386626720428466797e+01 -5.901080131530761719e+00 -1.024581336975097656e+01
-1.545985341072082520e-01 4.690303206443786621e-01 -2.839030838012695312e+01
-3.062592029571533203e+00 -4.340336322784423828e+00 -2.930220222473144531e+01
-1.811987113952636719e+01 3.158283996582031250e+01 6.737022399902343750e+00
-2.471503448486328125e+01 1.140322875976562500e+01 1.539352130889892578e+01
-3.187634658813476562e+01 -1.539954566955566406e+01 1.639956474304199219e+01
-1.701343917846679688e+01 8.112108230590820312e+00 -1.699327278137207031e+01
-2.314105224609375000e+01 4.238465130329132080e-01 -3.154555082321166992e+00
-2.516397476196289062e+00 -2.861091995239257812e+01 -1.481898498535156250e+01
-2.617127227783203125e+01 2.062855911254882812e+01 -2.287271976470947266e+00
-2.378232479095458984e+00 -3.166197013854980469e+01 1.727036476135253906e+01
2.929598426818847656e+01 1.316532707214355469e+01 5.783615112304687500e+00
-2.885582685470581055e+00 -4.195614814758300781e+00 -2.848872947692871094e+01
7.012715339660644531e+00 -9.615859985351562500e+00 -2.217937469482421875e+01
9.687586784362792969e+00 -7.112988471984863281e+00 1.059054279327392578e+01
-2.262050437927246094e+01 -7.171468257904052734e+00 -1.533025741577148438e+01
-7.508204936981201172e+00 -1.240738964080810547e+01 3.532316207885742188e+01
-5.389850139617919922e+00 2.316365623474121094e+01 1.611771202087402344e+01
-8.407756805419921875e+00 1.558759450912475586e+00 -3.671323013305664062e+01
2.658495521545410156e+01 -9.346930503845214844e+00 2.242975425720214844e+01
-1.045951938629150391e+01 -1.525131702423095703e+01 2.439031600952148438e+01
-5.873342514038085938e+00 1.852792930603027344e+01 -4.167662620544433594e+00
1.137054634094238281e+01 -1.226412105560302734e+01 1.158462810516357422e+01
2.284251022338867188e+01 -2.898134040832519531e+01 4.220289707183837891e+00
-1.419441413879394531e+01 -3.369693374633789062e+01 -2.961671829223632812e+00
5.731828212738037109e+00 3.689206838607788086e+00 1.800164413452148438e+01
-1.501807594299316406e+01 2.948424530029296875e+01 1.925024986267089844e+01
1.720252037048339844e+01 1.615882110595703125e+01 -8.244825363159179688e+00
3.031120491027832031e+01 -2.466730356216430664e+00 -9.341525077819824219e+00
-7.533662796020507812e+00 3.332866191864013672e+00 -2.958059120178222656e+01
-1.929085540771484375e+01 -9.229911804199218750e+00 3.469507217407226562e+01
-6.223404407501220703e+00 -5.082383632659912109e+00 9.947697639465332031e+00
3.436211824417114258e+00 -3.149600267410278320e+00 -7.592907428741455078e+00
-2.722329711914062500e+01 -7.281980037689208984e+00 1.615365791320800781e+01
7.360910177230834961e-01 1.392125606536865234e+01 9.553726196289062500e+00
-5.820352077484130859e+00 1.019696950912475586e+00 -2.653079748153686523e+00
3.479944229125976562e+01 -1.023688983917236328e+01 9.288267135620117188e+00
-1.724072337150573730e+00 -3.028708648681640625e+01 1.767875909805297852e+00
1.945628523826599121e+00 1.375436782836914062e+01 3.032533264160156250e+01
-1.658247113227844238e+00 -2.208831977844238281e+01 -1.500944972038269043e+00
2.821688652038574219e+00 5.748910903930664062e+00 1.037028026580810547e+01
3.681008219718933105e-01 -1.013192272186279297e+01 -1.266299533843994141e+01
-9.827666282653808594e+00 3.147880744934082031e+01 -8.232998847961425781e+00
4.420394897460937500e+00 1.510216903686523438e+01 -3.012371635437011719e+01
-9.330627918243408203e-01 3.423850631713867188e+01 4.814752936363220215e-02
2.062240219116210938e+01 1.787310028076171875e+01 1.256106281280517578e+01
-1.988666152954101562e+01 -1.515413475036621094e+01 3.523438930511474609e+00
2.097890853881835938e+00 -8.118496894836425781e+00 3.877959823608398438e+01
3.529951333999633789e+00 8.751036643981933594e+00 -2.504223251342773438e+01
-4.234105110168457031e+00 8.831964731216430664e-01 3.707879638671875000e+01
8.630234718322753906e+00 1.148373031616210938e+01 -6.917026519775390625e+00
-2.060896492004394531e+01 -7.090282917022705078e+00 -7.466285705566406250e+00
-5.961174488067626953e+00 -2.543970108032226562e+01 -1.022447872161865234e+01
-5.099546432495117188e+00 2.272156333923339844e+01 -4.955765247344970703e+00
1.986280632019042969e+01 1.703169059753417969e+01 -2.295845985412597656e+01
2.612434768676757812e+01 1.628096580505371094e+01 -1.660444450378417969e+01
1.818997573852539062e+01 1.974809408187866211e+00 3.377386093139648438e+01
-8.745042800903320312e+00 3.319493865966796875e+01 -1.972310256958007812e+01
-3.042088699340820312e+01 -8.656374931335449219e+00 -3.927022457122802734e+00
-2.970599746704101562e+01 6.103464126586914062e+00 -6.282932758331298828e+00
1.598016166687011719e+01 -2.142218780517578125e+01 2.842843818664550781e+01
8.569743156433105469e+00 -1.359659576416015625e+01 5.082659244537353516e+00
2.654400634765625000e+01 2.390307617187500000e+01 7.088452339172363281e+00
2.044883346557617188e+01 -2.506392717361450195e+00 1.668962669372558594e+01
2.414949989318847656e+01 -2.234729385375976562e+01 -1.505514526367187500e+01
2.661102676391601562e+01 1.574083566665649414e+00 -2.144527435302734375e+01
2.035531520843505859e+00 1.176488876342773438e+01 1.086123561859130859e+01
6.744862556457519531e+00 -1.140657234191894531e+01 1.425216960906982422e+01
1.546880626678466797e+01 2.049172878265380859e+00 3.663320541381835938e+01
3.174076271057128906e+01 1.245577049255371094e+01 -1.750340461730957031e+00
4.191959762573242188e+01 -1.189769148826599121e+00 4.112336158752441406e+00
-1.585013233125209808e-02 -3.874160385131835938e+01 -3.716740369796752930e+00
-1.438745021820068359e+01 -3.353750610351562500e+01 -2.868751764297485352e+00
1.105542278289794922e+01 3.271186351776123047e-01 1.718398475646972656e+01
3.833081945776939392e-02 1.284620571136474609e+01 7.355564117431640625e+00
-3.449646377563476562e+01 9.929724693298339844e+00 6.663067340850830078e+00
-2.657155990600585938e+01 7.717540264129638672e-01 -2.080092620849609375e+01
-3.175064086914062500e+00 -2.782182455062866211e+00 2.270583868026733398e+00
-8.671785354614257812e+00 3.154858589172363281e+00 -7.593253612518310547e+00
-8.554270744323730469e+00 2.510834503173828125e+01 9.209451675415039062e+00
-2.003703308105468750e+01 -1.832072257995605469e+01 -1.521298599243164062e+01
2.476540565490722656e+01 8.403320312500000000e+00 -2.473659896850585938e+01
-1.538755035400390625e+01 -7.351202011108398438e+00 7.687037944793701172e+00
3.335733795166015625e+01 -1.443195629119873047e+01 1.499735862016677856e-01
2.217345952987670898e+00 2.245718193054199219e+01 1.541825008392333984e+01
1.568391418457031250e+01 1.914652442932128906e+01 -1.423761272430419922e+01
-2.303185939788818359e+00 2.322173881530761719e+01 2.679292488098144531e+01
4.438075065612792969e+00 3.010772705078125000e+00 -1.781890678405761719e+01
1.791432952880859375e+01 -1.577413177490234375e+01 3.036745262145996094e+01
-1.019820785522460938e+01 -1.191596317291259766e+01 2.803439140319824219e+01
-1.109155464172363281e+01 -6.323134899139404297e-01 6.947030544281005859e+00
9.832507133483886719e+00 3.778371047973632812e+01 -5.550659656524658203e+00
1.248581123352050781e+01 4.101034545898437500e+01 3.243715524673461914e+00
2.875048446655273438e+01 -4.772313117980957031e+00 -6.081223011016845703e+00
-7.059277057647705078e+00 -3.219737243652343750e+01 2.244334936141967773e+00
2.292204475402832031e+01 1.497755813598632812e+01 1.903995156288146973e+00
4.690335273742675781e+00 -9.375474929809570312e+00 2.881466865539550781e+01
-1.074087810516357422e+01 1.642975997924804688e+01 -1.675135040283203125e+01
1.297223663330078125e+01 1.482109546661376953e+01 2.342287254333496094e+01
2.809882545471191406e+01 -2.444446945190429688e+01 5.439080715179443359e+00
7.715651988983154297e+00 1.019853401184082031e+01 3.838091278076171875e+01
-2.980569839477539062e+01 1.243103504180908203e+01 8.957066535949707031e+00
4.062676429748535156e-01 -2.590540122985839844e+01 1.166775894165039062e+01
1.690589332580566406e+01 8.633660316467285156e+00 1.874452972412109375e+01
-2.249905014038085938e+01 -1.126479530334472656e+01 4.678864002227783203e+00
-8.138901710510253906e+00 -1.378244161605834961e+00 -7.348179817199707031e+00
4.249137496948242188e+01 1.923234820365905762e+00 1.612305521965026855e+00
-2.683749961853027344e+01 7.004186511039733887e-01 -2.233602714538574219e+01
1.323859691619873047e+01 2.231009101867675781e+01 -1.009944677352905273e+00
3.688970088958740234e+00 7.353395462036132812e+00 5.133254051208496094e+00
-1.738417029380798340e+00 -3.064332771301269531e+01 -7.403632164001464844e+00
4.084897041320800781e+00 -2.103762435913085938e+01 8.791480064392089844e+00
4.206515884399414062e+01 -6.807097434997558594e+00 4.683192729949951172e+00
2.244018554687500000e+01 -1.782803535461425781e+01 -3.254511058330535889e-01
1.236401844024658203e+01 -9.573031425476074219e+00 -1.291128921508789062e+01
-4.408638000488281250e+00 2.353522682189941406e+01 1.616177558898925781e+01
1.753894233703613281e+01 -7.606992244720458984e+00 -2.561288642883300781e+01
-4.882152080535888672e+00 -2.037382125854492188e+01 -2.253420829772949219e+01
-8.175067901611328125e+00 -1.132282495498657227e+00 -1.272151279449462891e+01
-1.603002166748046875e+01 -2.387150764465332031e+01 -1.954353523254394531e+01
-1.618221473693847656e+01 -1.981236839294433594e+01 1.189640903472900391e+01
-1.117125153541564941e+00 -4.009492874145507812e+01 -1.467020153999328613e+00
-3.362686872482299805e+00 -1.752125167846679688e+01 2.260015678405761719e+01
7.479951381683349609e+00 1.213563632965087891e+01 -6.703640222549438477e-01
-1.912630462646484375e+01 -1.279850101470947266e+01 -2.383802795410156250e+01
1.508598232269287109e+01 6.062165260314941406e+00 9.541035652160644531e+00
1.300301432609558105e+00 -2.598366546630859375e+01 1.168382072448730469e+01
-3.384060668945312500e+01 -4.949305534362792969e+00 -2.335826110839843750e+01
1.637378120422363281e+01 -9.069186210632324219e+00 -2.335712051391601562e+01
-1.798200035095214844e+01 -1.992976570129394531e+01 -1.164557933807373047e+00
1.110429167747497559e+00 -1.056536769866943359e+01 2.365853881835937500e+01
-2.573702335357666016e+00 -1.720994758605957031e+01 1.169375419616699219e+01
1.398383903503417969e+01 2.419395685195922852e+00 -2.148390579223632812e+01
-3.097332000732421875e+01 1.924628639221191406e+01 -1.560078144073486328e+00
-7.844096422195434570e-01 2.146412277221679688e+01 -2.210549592971801758e+00
-2.026815891265869141e+00 -2.947446441650390625e+01 -2.055305862426757812e+01
-4.381033420562744141e+00 2.921322059631347656e+01 -2.340387535095214844e+01
1.287345647811889648e+00 -2.397597694396972656e+01 2.024194717407226562e+01
1.502747154235839844e+01 -6.405997276306152344e+00 -1.304588413238525391e+01
-1.933087229728698730e+00 1.446106243133544922e+01 -2.619445991516113281e+01
2.145196533203125000e+01 2.396003913879394531e+01 -8.084384918212890625e+00
-1.186283588409423828e+01 2.484908103942871094e+01 1.099513769149780273e+00
-1.851561927795410156e+01 -3.058298301696777344e+01 1.816082954406738281e+01
-1.823087501525878906e+01 -7.060538291931152344e+00 -8.834320068359375000e+00
6.166359901428222656e+00 6.340541839599609375e+00 -2.676005935668945312e+01
-5.896940231323242188e+00 -3.427888107299804688e+01 8.912025451660156250e+00
8.802781105041503906e+00 -3.173816108703613281e+01 1.283490753173828125e+01
-5.921177864074707031e+00 -4.839730262756347656e+00 2.410995483398437500e+01
1.315982937812805176e+00 -3.039773178100585938e+01 -8.095165252685546875e+00
3.823715591430664062e+01 -4.414089679718017578e+00 -1.214499759674072266e+01
2.276020050048828125e+01 -1.116318511962890625e+01 -2.689401245117187500e+01
-1.979955077171325684e+00 -3.733966064453125000e+01 -2.463443756103515625e+00
1.499023151397705078e+01 -1.865066528320312500e+01 -4.371654033660888672e+00
-2.479011154174804688e+01 8.223404884338378906e+00 9.607661366462707520e-01
1.889444351196289062e+01 1.529876518249511719e+01 -6.086346626281738281e+00
2.163841629028320312e+01 -9.457639694213867188e+00 8.476666450500488281e+00
2.745246315002441406e+01 2.709004402160644531e+00 -1.105817556381225586e+00
2.349376869201660156e+01 4.534553527832031250e+00 -1.089620113372802734e+01
1.360096836090087891e+01 8.188549041748046875e+00 -5.173267841339111328e+00
6.345064640045166016e+00 -1.536139994859695435e-01 2.488351058959960938e+01
-2.929415702819824219e+01 -5.745942115783691406e+00 6.617825508117675781e+00
1.585176348686218262e+00 1.567253398895263672e+01 -5.957552909851074219e+00
2.245188522338867188e+01 4.766208648681640625e+00 2.831359863281250000e+01
-2.487983131408691406e+01 2.539634513854980469e+01 7.286449909210205078e+00
1.395795917510986328e+01 2.886006593704223633e+00 -2.183230400085449219e+00
-1.806766128540039062e+01 2.776286125183105469e+00 3.268116474151611328e+00
1.348820972442626953e+01 -1.105704784393310547e+01 1.083487629890441895e+00
-1.794097137451171875e+01 5.053636074066162109e+00 -9.763001203536987305e-01
-1.086568832397460938e+01 1.332704830169677734e+01 -3.389466524124145508e+00
7.752994298934936523e-01 3.825199508666992188e+01 1.358532428741455078e+01
-1.309928131103515625e+01 2.450819969177246094e+01 1.712599945068359375e+01
1.677504181861877441e+00 4.264825820922851562e+01 2.737448453903198242e+00
1.475431728363037109e+01 6.343650341033935547e+00 9.303314208984375000e+00
-3.240618133544921875e+01 -9.206522941589355469e+00 -2.012878990173339844e+01
-6.149855136871337891e+00 -2.585846710205078125e+01 -1.118333816528320312e+01
-1.360235023498535156e+01 1.242676162719726562e+01 -1.446854305267333984e+01
3.732727050781250000e+01 2.007597446441650391e+00 5.012158393859863281e+00
-2.086860847473144531e+01 -3.439789295196533203e+00 -1.775673823431134224e-03
-8.102267265319824219e+00 -9.723957180976867676e-01 -2.375706672668457031e+01
-2.719980001449584961e+00 -7.715331554412841797e+00 -1.437186241149902344e+01
4.589950084686279297e+00 -9.184749603271484375e+00 3.703025054931640625e+01
-2.660590362548828125e+01 7.815016269683837891e+00 2.098394632339477539e+00
-3.209573745727539062e+00 4.229139804840087891e+00 -3.502628707885742188e+01
5.914660453796386719e+00 -1.058936309814453125e+01 -6.478205680847167969e+00
-2.651879549026489258e+00 8.280643463134765625e+00 3.190722846984863281e+01
2.248255729675292969e+01 -2.161268234252929688e+01 -1.548775577545166016e+01
-1.338156700134277344e+01 -8.202639579772949219e+00 -2.067906761169433594e+01
2.884412384033203125e+01 -1.076663303375244141e+01 1.651683235168457031e+01
2.339742088317871094e+01 -5.996851921081542969e+00 -1.217886066436767578e+01
1.091561794281005859e+01 -2.762362957000732422e+00 -3.723875045776367188e+01
2.861322021484375000e+01 -9.976591110229492188e+00 1.612061309814453125e+01
1.035657405853271484e+01 -3.443104171752929688e+01 -2.953613042831420898e+00
-4.082345485687255859e+00 -1.354859066009521484e+01 -1.076771450042724609e+01
5.125691890716552734e+00 5.615662097930908203e+00 -1.254163861274719238e+00
6.647530555725097656e+00 1.636773681640625000e+01 1.626969528198242188e+01
1.040371227264404297e+01 -1.217110538482666016e+01 2.306303977966308594e-01
1.724410533905029297e+00 2.186475753784179688e+00 -1.714791774749755859e+00
5.554473400115966797e+00 2.808403587341308594e+01 5.349237918853759766e+00
-1.188534641265869141e+01 1.073452949523925781e+01 2.029670333862304688e+01
-1.691687774658203125e+01 6.285165309906005859e+00 -1.086102676391601562e+01
-1.790640830993652344e+01 -3.186413764953613281e+00 1.191326904296875000e+01
-9.814420342445373535e-01 -1.808108520507812500e+01 1.990206360816955566e+00
-3.435992717742919922e+00 -1.764879798889160156e+01 2.249599456787109375e+01
8.406378746032714844e+00 1.367738151550292969e+01 -3.482255554199218750e+01
-1.037655994296073914e-01 -3.049957847595214844e+01 -7.847998142242431641e+00
3.348945999145507812e+01 -1.421767711639404297e+01 -3.306079626083374023e+00
-1.050627613067626953e+01 3.300844573974609375e+01 -8.695596694946289062e+00
9.384374618530273438e+00 -3.399346542358398438e+01 -5.273914813995361328e+00
6.946773052215576172e+00 -1.000875091552734375e+01 3.932153701782226562e+01
1.613238334655761719e+01 -9.445496559143066406e+00 -2.642016029357910156e+01
-1.335131645202636719e+00 2.271304321289062500e+01 2.502021789550781250e+01
1.056066894531250000e+01 2.692880630493164062e+01 -1.144117546081542969e+01
-8.100214958190917969e+00 2.539851188659667969e+00 -3.779729461669921875e+01
-1.878986740112304688e+01 -2.004489898681640625e+01 2.665190315246582031e+01
-2.768872261047363281e+00 3.333139801025390625e+01 -3.435047149658203125e+00
4.097863197326660156e+00 1.394471645355224609e+00 -2.542721366882324219e+01
-2.591765975952148438e+01 4.851842880249023438e+00 -1.740892601013183594e+01
-1.578576755523681641e+01 7.767590522766113281e+00 -2.557047653198242188e+01
1.225243091583251953e+01 -1.484402179718017578e+01 -2.643729782104492188e+01
1.019490909576416016e+01 -2.908519935607910156e+01 1.177422714233398438e+01
-1.890373992919921875e+01 -2.059940528869628906e+01 1.446408367156982422e+01
2.766864776611328125e+01 8.996719360351562500e+00 1.276907444000244141e+01
2.894120216369628906e+01 -5.801780700683593750e+00 -2.013189315795898438e+01
-1.738228416442871094e+01 7.807756900787353516e+00 -2.804559135437011719e+01
-2.130414962768554688e+01 1.939926338195800781e+01 -6.041493415832519531e+00
-3.931331157684326172e+00 2.237871360778808594e+01 -2.340538978576660156e+01
-1.960091400146484375e+01 8.508498191833496094e+00 -1.989349555969238281e+01
1.940138053894042969e+01 4.157161235809326172e+00 5.567646980285644531e+00
-3.287721633911132812e+01 -8.278273582458496094e+00 -5.400951862335205078e+00
-6.912565231323242188e+00 -2.148999214172363281e+01 -2.532767295837402344e+01
-1.338068294525146484e+01 -3.783109283447265625e+01 6.114525794982910156e+00
-1.422589588165283203e+01 1.637287712097167969e+01 1.556637382507324219e+01
4.724482059478759766e+00 -2.827425956726074219e+00 -6.964928150177001953e+00
-1.572811841964721680e+00 -2.134897232055664062e+01 -7.627164840698242188e+00
-1.076549243927001953e+01 1.593865585327148438e+01 -1.703096580505371094e+01
1.693565559387207031e+01 -8.336633682250976562e+00 -2.461522102355957031e+01
1.741605186462402344e+01 -2.163484191894531250e+01 1.295129871368408203e+01
2.896119880676269531e+01 1.924592208862304688e+01 -4.185122489929199219e+00
2.661013031005859375e+01 -1.149488639831542969e+01 -1.634774589538574219e+01
1.923725891113281250e+01 3.144982576370239258e+00 -2.118745231628417969e+01
-2.699165105819702148e+00 1.770048522949218750e+01 -3.159156417846679688e+01
-2.556543731689453125e+01 -5.441134929656982422e+00 1.393150424957275391e+01
-1.166558456420898438e+01 -2.282236099243164062e+00 -2.407112884521484375e+01
-1.324668025970458984e+01 6.258859157562255859e+00 -2.350553035736083984e+00
-5.431235790252685547e+00 3.280180740356445312e+01 -2.323445129394531250e+01
-2.237698173522949219e+01 -4.232928752899169922e+00 2.111920547485351562e+01
2.088010406494140625e+01 2.481366729736328125e+01 -8.575960159301757812e+00
-5.309107303619384766e+00 2.405598068237304688e+01 -2.039688491821289062e+01
-1.456993103027343750e+01 -3.330201387405395508e+00 -1.422080421447753906e+01
1.323912048339843750e+01 -1.300508975982666016e+01 -2.978277778625488281e+01
2.162179374694824219e+01 -3.186193275451660156e+01 3.700233697891235352e+00
-5.343547344207763672e+00 -1.554645156860351562e+01 2.749464035034179688e+01
-1.692194938659667969e+01 -2.685507011413574219e+01 -2.091609001159667969e+00
-5.593834877014160156e+00 -2.868848037719726562e+01 1.511930656433105469e+01
7.791357994079589844e+00 2.043593025207519531e+01 3.090380287170410156e+01
8.118483543395996094e+00 2.095355415344238281e+01 -1.510725784301757812e+01
-4.921736240386962891e+00 2.146929931640625000e+01 -2.240601348876953125e+01
-1.565666389465332031e+01 -3.334990692138671875e+01 7.782465934753417969e+00
1.612722754478454590e+00 -2.139054775238037109e+00 -3.094386291503906250e+01
9.306674957275390625e+00 3.513514328002929688e+01 -3.553375959396362305e+00
1.030944633483886719e+01 2.860706138610839844e+01 6.461853504180908203e+00
1.320903778076171875e+01 -6.819375514984130859e+00 3.674780130386352539e+00
-3.458288908004760742e+00 1.438577079772949219e+01 -2.814579963684082031e+01
-1.005495071411132812e+01 4.872699737548828125e+00 3.090700149536132812e+01
-1.009041023254394531e+01 1.701550102233886719e+01 -1.144219970703125000e+01
5.602627754211425781e+00 2.984425163269042969e+01 -2.234575462341308594e+01
-2.340923881530761719e+01 1.188968181610107422e+01 1.624422645568847656e+01
1.259770870208740234e+01 2.002061080932617188e+01 1.640716171264648438e+01
-7.029185771942138672e+00 1.044458007812500000e+01 1.085927867889404297e+01
3.822923660278320312e+00 1.453990173339843750e+01 1.982812500000000000e+01
2.734585380554199219e+01 -1.943232417106628418e+00 -7.155494213104248047e+00
-1.993294906616210938e+01 2.816868782043457031e+01 -9.857366561889648438e+00
-2.845849275588989258e+00 5.700892925262451172e+00 -2.386617851257324219e+01
-2.180296897888183594e+01 -5.921609401702880859e-01 -2.203079938888549805e+00
-3.109117126464843750e+01 -6.840669155120849609e+00 -9.437423944473266602e-01
2.034624862670898438e+01 2.040675735473632812e+01 1.916090965270996094e+01
-3.714051055908203125e+01 1.965585947036743164e+00 6.312675952911376953e+00
-2.019800949096679688e+01 2.526320838928222656e+01 -8.230491638183593750e+00
-1.277669048309326172e+01 1.734292984008789062e+01 1.862547111511230469e+01
3.318378925323486328e+00 -2.394036674499511719e+01 1.457147002220153809e+00
-1.377248764038085938e+01 -5.442607879638671875e+00 1.696718025207519531e+01
2.637861967086791992e+00 1.164847183227539062e+01 -3.276293563842773438e+01
1.437823295593261719e+01 1.862953567504882812e+01 -1.540513801574707031e+01
-1.924474143981933594e+01 1.199652481079101562e+01 3.165130853652954102e+00
2.395582771301269531e+01 9.800560951232910156e+00 1.406985855102539062e+01
-3.217575848102569580e-01 -8.755729675292968750e+00 1.191483879089355469e+01
9.481267929077148438e+00 5.116310119628906250e+00 -2.725678253173828125e+01
-3.151396369934082031e+01 1.524911975860595703e+01 3.204667568206787109e+00
6.322974205017089844e+00 2.125279235839843750e+01 -4.329470157623291016e+00
1.689924621582031250e+01 8.804620504379272461e-01 -6.895187854766845703e+00
-6.140589237213134766e+00 -2.861345672607421875e+01 -1.016840267181396484e+01
-1.154784488677978516e+01 -6.109227657318115234e+00 2.678462600708007812e+01
-8.683161735534667969e+00 2.969086647033691406e+01 -2.604686546325683594e+01
1.154973506927490234e+01 1.577196407318115234e+01 -6.528792381286621094e+00
-1.626082801818847656e+01 -2.260718154907226562e+01 -1.361389923095703125e+01
-7.488762378692626953e+00 1.656610107421875000e+01 -3.187306404113769531e+01
2.024181938171386719e+01 1.348225688934326172e+01 -2.505655670166015625e+01
1.996435403823852539e+00 1.511484622955322266e+01 1.920594024658203125e+01
-1.579444527626037598e+00 -2.480828857421875000e+01 -6.711505889892578125e+00
-4.320719242095947266e+00 2.107576560974121094e+01 -2.274379920959472656e+01
1.736864852905273438e+01 1.509444427490234375e+01 2.907095909118652344e+01
-1.523988342285156250e+01 1.305914115905761719e+01 -2.714456939697265625e+01
-9.334991455078125000e+00 -2.566221618652343750e+01 3.461450934410095215e-01
-3.026440048217773438e+01 -7.339080810546875000e+00 -1.411052346229553223e+00
-2.570235824584960938e+01 6.160530567169189453e+00 4.465937137603759766e+00
1.736383318901062012e+00 2.055834388732910156e+01 -2.303261947631835938e+01
-7.027855396270751953e+00 -1.470102977752685547e+01 3.548557281494140625e+01
1.947484731674194336e+00 6.143336892127990723e-01 -2.400114774703979492e+00
-2.841066551208496094e+01 6.022707939147949219e+00 -1.846304702758789062e+01
-2.027406120300292969e+01 -7.120288372039794922e+00 2.714907836914062500e+01
1.248058795928955078e+01 -6.533239841461181641e+00 -4.021536350250244141e+00
3.097008514404296875e+01 -1.387803363800048828e+01 1.875160026550292969e+01
-1.712445259094238281e+01 -1.944906830787658691e+00 1.453769874572753906e+01
-1.664723396301269531e+01 1.261820316314697266e+01 -2.970068359375000000e+01
-3.482075881958007812e+01 1.236106681823730469e+01 6.231966972351074219e+00
-1.806103706359863281e+01 -3.241631698608398438e+01 -1.304157972335815430e+00
1.123914599418640137e+00 2.144209671020507812e+01 1.608016777038574219e+01
-7.741840362548828125e+00 2.420435523986816406e+01 1.958583831787109375e+01
8.242141723632812500e+00 2.590390777587890625e+01 6.954224109649658203e+00
3.606990051269531250e+01 -1.450658679008483887e+00 -5.060364723205566406e+00
-5.053815841674804688e+00 -4.803880691528320312e+00 -5.399392604827880859e+00
-2.866862487792968750e+01 -8.142185211181640625e+00 -2.587363433837890625e+01
4.823335170745849609e+00 -4.267252445220947266e+00 1.622776031494140625e+01
1.526830387115478516e+01 -7.799429893493652344e+00 2.538943099975585938e+01
-1.915233230590820312e+01 -2.062249374389648438e+01 1.519379901885986328e+01
4.532200336456298828e+00 -2.641646003723144531e+01 -4.611885070800781250e+00
4.517921924591064453e+00 2.267928361892700195e+00 5.085453987121582031e+00
-4.916029930114746094e+00 2.591176795959472656e+01 -5.035942554473876953e+00
6.668356418609619141e+00 -1.369721126556396484e+01 8.415039062500000000e+00
-2.036288261413574219e+01 1.553696537017822266e+01 2.746385574340820312e+00
8.284003257751464844e+00 -1.544145488739013672e+01 2.696262931823730469e+01
-3.063493013381958008e+00 -3.548969650268554688e+01 -1.046187973022460938e+01
1.631745910644531250e+01 -9.287510871887207031e+00 -2.629053306579589844e+01
1.731843709945678711e+00 -4.633402824401855469e+00 -2.425847625732421875e+01
-3.663694763183593750e+01 7.746858596801757812e+00 8.373340606689453125e+00
4.082391357421875000e+01 2.357923984527587891e+00 2.917670965194702148e+00
1.563354969024658203e+01 -2.154230177402496338e-01 1.971314430236816406e+00
-1.363706111907958984e+00 -3.162202453613281250e+01 1.670807075500488281e+01
1.828973770141601562e+01 3.015148735046386719e+01 -4.266323089599609375e+00
1.819719123840332031e+01 4.031399250030517578e+00 1.243382549285888672e+01
4.811803817749023438e+00 -9.338994979858398438e+00 2.980557250976562500e+01
1.078055953979492188e+01 -2.939276504516601562e+01 -8.708333015441894531e+00
2.125920057296752930e+00 1.582110404968261719e+01 -3.758085250854492188e+00
2.748334407806396484e-01 -3.873594999313354492e+00 -3.453318786621093750e+01
-3.406207275390625000e+01 3.131158828735351562e+00 2.033000755310058594e+01
-1.869797229766845703e+00 -8.576637268066406250e+00 1.058766269683837891e+01
-1.988938713073730469e+01 -6.614907264709472656e+00 -9.177676200866699219e+00
2.007465744018554688e+01 2.067403602600097656e+01 1.223868560791015625e+01
-2.227835893630981445e+00 2.448922348022460938e+01 2.469350433349609375e+01
6.052119255065917969e+00 -1.697400474548339844e+01 1.232974147796630859e+01
9.058574676513671875e+00 2.177671813964843750e+01 -1.201893424987792969e+01
1.479786968231201172e+01 -1.617388248443603516e+00 -3.681958007812500000e+01
1.668397521972656250e+01 -5.587156772613525391e+00 -1.147992610931396484e+01
6.025605201721191406e+00 -2.990726280212402344e+01 1.143985939025878906e+01
-3.890980482101440430e+00 -1.910514831542968750e+01 -2.934086418151855469e+01
-2.409803718328475952e-01 -7.132882118225097656e+00 2.339632415771484375e+01
2.717300987243652344e+01 6.385080814361572266e+00 -2.605563163757324219e+01
-9.638746261596679688e+00 -1.445352172851562500e+01 1.279301834106445312e+01
-5.148176193237304688e+00 1.154092693328857422e+01 6.745413780212402344e+00
2.958931922912597656e+01 -1.025997829437255859e+01 -1.359425830841064453e+01
5.124269485473632812e+00 -2.680352783203125000e+01 -9.699261665344238281e+00
-2.567225265502929688e+01 2.883632087707519531e+01 8.537323951721191406e+00
-2.934016942977905273e+00 -6.110558509826660156e+00 -2.708429908752441406e+01
-2.047334098815917969e+01 1.349083042144775391e+01 2.504176139831542969e+01
6.479104995727539062e+00 -7.854883193969726562e+00 -1.549793815612792969e+01
-5.909199237823486328e+00 9.479393959045410156e+00 2.613509368896484375e+01
-7.307343006134033203e+00 -2.155551528930664062e+01 -2.601802062988281250e+01
-1.513684654235839844e+01 -2.436035156250000000e+01 -2.324299240112304688e+01
-2.867008209228515625e+00 3.190043258666992188e+01 -8.320246934890747070e-01
1.276350498199462891e+01 1.587277793884277344e+01 -2.259601783752441406e+01
2.722012710571289062e+01 2.176209259033203125e+01 9.047315597534179688e+00
2.386977434158325195e+00 -2.113218879699707031e+01 1.104743838310241699e+00
-4.972681999206542969e+00 -3.604191589355468750e+01 -9.959883093833923340e-01
-1.988141417503356934e+00 4.023191070556640625e+01 -1.199362659454345703e+01
1.861881828308105469e+01 -3.133867502212524414e+00 1.082670116424560547e+01
3.404290199279785156e+00 -5.369041442871093750e+00 -3.310302734375000000e+01
-3.203480482101440430e+00 1.517802143096923828e+01 7.611160278320312500e-01
-2.802000999450683594e+00 2.473921012878417969e+01 -1.569076156616210938e+01
-1.832462882995605469e+01 2.600107955932617188e+01 1.934879302978515625e+01
-2.392523574829101562e+01 3.562152147293090820e+00 5.399693489074707031e+00
2.715764236450195312e+01 -9.422031402587890625e+00 -2.133161354064941406e+01
-2.134643745422363281e+01 -1.501539897918701172e+01 1.070740509033203125e+01
-6.548070430755615234e+00 1.780274009704589844e+01 -5.759215831756591797e+00
-3.049123525619506836e+00 -1.055145263671875000e+01 -1.794129562377929688e+01
-2.974718093872070312e+00 2.966484546661376953e+00 9.201984405517578125e+00
1.845370292663574219e+01 -9.157107353210449219e+00 -3.281502485275268555e+00
-3.280813217163085938e+01 1.351307773590087891e+01 4.592823982238769531e+00
-7.574254035949707031e+00 1.036360549926757812e+01 1.243369293212890625e+01
-2.965454339981079102e+00 1.937462425231933594e+01 -6.930204868316650391e+00
-3.466012573242187500e+01 1.071844196319580078e+01 6.103861808776855469e+00
-7.194736957550048828e+00 1.892545104026794434e+00 -1.669293522834777832e+00
2.539251327514648438e+01 -1.697731971740722656e+01 1.061950397491455078e+01
3.850750350952148438e+01 -4.791543960571289062e+00 -1.158476352691650391e+01
2.742494583129882812e+01 -1.873968887329101562e+01 -1.315109634399414062e+01
1.594432067871093750e+01 7.102040290832519531e+00 -1.711660957336425781e+01
6.435538768768310547e+00 -2.915776824951171875e+01 -1.824465370178222656e+01
-3.015651464462280273e+00 1.986740684509277344e+01 -1.019151020050048828e+01
2.803030586242675781e+01 -9.792038917541503906e+00 1.664381408691406250e+01
6.594904422760009766e+00 -7.937479019165039062e+00 3.952308654785156250e+01
2.740368652343750000e+01 1.858260536193847656e+01 -2.823709964752197266e+00
4.922774791717529297e+00 2.690525054931640625e+01 7.586338996887207031e+00
1.041205310821533203e+01 -2.512341308593750000e+01 2.343997955322265625e-01
1.646372914314270020e+00 2.730800390243530273e+00 -1.346280276775360107e-01
6.952318191528320312e+00 1.063392925262451172e+01 -3.094164085388183594e+01
-2.706457138061523438e+01 3.688511133193969727e+00 1.602681350708007812e+01
-1.186918735504150391e+01 3.051295471191406250e+01 1.442284941673278809e+00
2.597183227539062500e+01 1.647859764099121094e+01 4.273757934570312500e+00
3.406922531127929688e+01 6.935213088989257812e+00 -9.236383438110351562e+00
1.385296058654785156e+01 8.156069755554199219e+00 -5.501690864562988281e+00
-9.748842239379882812e+00 4.199877738952636719e+00 3.119077491760253906e+01
2.748111915588378906e+01 1.171065521240234375e+01 -8.485034942626953125e+00
-2.053671836853027344e+01 2.470316505432128906e+01 -7.355090618133544922e+00
-2.779251575469970703e+00 -3.130676078796386719e+01 -7.703820228576660156e+00
3.228485488891601562e+01 1.258547115325927734e+01 -1.425046205520629883e+00
2.520714044570922852e+00 1.136824893951416016e+01 -2.764606475830078125e+01
-2.753931427001953125e+01 -2.549877643585205078e+00 6.488721847534179688e+00
6.782652437686920166e-02 -7.673593044281005859e+00 -3.474633789062500000e+01
1.959009933471679688e+01 1.853112602233886719e+01 2.026719665527343750e+01
-1.336263751983642578e+01 1.754220581054687500e+01 -2.640460777282714844e+01
-1.970016717910766602e+00 1.902300262451171875e+01 -1.072845649719238281e+01
-6.090568542480468750e+00 2.855288696289062500e+01 -7.495356082916259766e+00
-1.190715503692626953e+01 -3.056286048889160156e+01 -1.529733180999755859e+01
-3.128412246704101562e+01 1.557552719116210938e+01 -2.837460041046142578e+00
8.919045448303222656e+00 2.997059059143066406e+01 1.515612316131591797e+01
3.317170333862304688e+01 8.600469589233398438e+00 6.982295513153076172e+00
1.536803531646728516e+01 -5.039069652557373047e+00 1.175461292266845703e+01
1.761543655395507812e+01 4.918341636657714844e+00 3.580398941040039062e+01
3.313263416290283203e+00 -3.076720952987670898e+00 1.027968788146972656e+01
1.140763759613037109e+01 -3.138287544250488281e+00 -2.206330871582031250e+01
1.839010238647460938e+01 -1.420127010345458984e+01 1.603797340393066406e+01
-2.015883255004882812e+01 1.270555305480957031e+01 -8.953316688537597656e+00
-7.102592468261718750e+00 -2.744205665588378906e+01 -9.811348915100097656e+00
-1.432964038848876953e+01 3.261920213699340820e+00 2.499228286743164062e+01
1.185357189178466797e+01 1.367923641204833984e+01 2.718803882598876953e+00
2.838428878784179688e+01 -4.266746997833251953e+00 -7.271081924438476562e+00
2.160054588317871094e+01 -1.055165004730224609e+01 3.214472961425781250e+01
1.505327033996582031e+01 1.484515857696533203e+01 1.431180572509765625e+01
-8.027199506759643555e-01 1.741221427917480469e+01 -3.139088058471679688e+01
3.561429977416992188e+01 7.463943004608154297e+00 8.456267356872558594e+00
1.678282546997070312e+01 6.132308959960937500e+00 -3.851417160034179688e+01
-1.185982704162597656e+01 1.131483364105224609e+01 -1.048468589782714844e+01
-1.611758422851562500e+01 1.927049636840820312e+01 -2.965128183364868164e+00
1.658116531372070312e+01 -1.778077507019042969e+01 -5.254518985748291016e+00
2.546843147277832031e+01 2.096632385253906250e+01 -1.777796268463134766e+00
-1.537195014953613281e+01 4.238138675689697266e+00 -1.481070137023925781e+01
-2.960237312316894531e+01 1.308999156951904297e+01 8.565173149108886719e+00
2.609718084335327148e+00 1.540565872192382812e+01 -2.567662000656127930e+00
-2.234075069427490234e+00 1.517933654785156250e+01 1.298745441436767578e+01
1.752209663391113281e+01 -1.924355888366699219e+01 6.179902076721191406e+00
1.358167266845703125e+01 1.363855481147766113e+00 1.884182357788085938e+01
2.775288820266723633e+00 2.700457954406738281e+01 -5.754286289215087891e+00
-4.062502384185791016e+00 1.858510971069335938e+01 2.379429578781127930e+00
-1.623368072509765625e+01 1.495535492897033691e+00 -2.117098808288574219e+01
1.086714935302734375e+01 3.562418746948242188e+01 1.091841220855712891e+01
3.725060272216796875e+01 5.791643142700195312e+00 -8.751214981079101562e+00
-4.459113597869873047e+00 -5.910575389862060547e+00 -3.380987167358398438e+01
1.829553985595703125e+01 -2.121161270141601562e+01 1.402499198913574219e+01
1.444497776031494141e+01 1.136750888824462891e+01 1.792535066604614258e+00
-2.310119056701660156e+01 2.946958541870117188e+00 -2.021634292602539062e+01
6.709639549255371094e+00 2.123412132263183594e+01 -4.791360855102539062e+00
1.207901000976562500e+01 3.137030029296875000e+01 -1.439362812042236328e+01
-9.499537467956542969e+00 -1.759354209899902344e+01 3.685916364192962646e-01
1.862570571899414062e+01 3.598059654235839844e+00 6.980091571807861328e+00
-1.986366653442382812e+01 1.654373550415039062e+01 1.910403823852539062e+01
1.168769359588623047e+01 3.067913436889648438e+01 -1.551773262023925781e+01
-2.757397270202636719e+01 1.245501327514648438e+01 2.036138534545898438e+01
2.372657775878906250e+01 2.298925971984863281e+01 6.894966602325439453e+00
4.185692787170410156e+00 1.185493087768554688e+01 1.750206184387207031e+01
4.420329570770263672e+00 2.749197959899902344e+01 4.583497524261474609e+00
-1.484974861145019531e+00 2.361726951599121094e+01 2.446896743774414062e+01
3.084652137756347656e+01 -9.384908676147460938e+00 -2.193238449096679688e+01
1.431040287017822266e+01 1.760787391662597656e+01 -8.449642181396484375e+00
2.856455802917480469e+00 -6.624462604522705078e+00 -2.790845489501953125e+01
2.346082687377929688e+00 4.374786376953125000e+01 1.578304648399353027e+00
2.240605926513671875e+01 -4.310315608978271484e+00 3.876877069473266602e+00
1.092624664306640625e+01 -2.200505638122558594e+01 -2.435766220092773438e+01
-1.085260987281799316e+00 2.732539939880371094e+01 2.467269706726074219e+01
-8.936635971069335938e+00 -1.438605785369873047e+01 -1.278929328918457031e+01
2.203485107421875000e+01 2.314913749694824219e+01 6.674145221710205078e+00
-1.180746364593505859e+01 1.143380546569824219e+01 -1.062465572357177734e+01
5.036685943603515625e+00 -7.048349380493164062e+00 -1.650768852233886719e+01
-2.224715995788574219e+01 2.574105453491210938e+01 -4.903238773345947266e+00
2.067730522155761719e+01 -6.714766979217529297e+00 8.762528419494628906e+00
-1.877387285232543945e+00 -1.555692005157470703e+01 2.424829292297363281e+01
-1.677637290954589844e+01 3.128803825378417969e+01 1.881852149963378906e+01
-1.441087245941162109e+01 1.746526718139648438e+01 -2.628626060485839844e+01
-7.456686973571777344e+00 3.243162155151367188e+01 -2.118977546691894531e+01
-1.096706008911132812e+01 -4.560785889625549316e-01 -7.943181991577148438e+00
-2.553804779052734375e+01 6.916586399078369141e+00 -5.185546398162841797e+00
1.788466835021972656e+01 1.662763023376464844e+01 3.026460075378417969e+01
3.619464397430419922e+00 1.387931632995605469e+01 -5.786693096160888672e+00
1.844205093383789062e+01 1.778491020202636719e+01 1.913171386718750000e+01
2.797389602661132812e+01 1.700770950317382812e+01 6.720079779624938965e-01
2.841743469238281250e+01 1.846503257751464844e+01 -2.511726021766662598e-01
-2.345352172851562500e+01 -5.381653785705566406e+00 -2.156587982177734375e+01
-1.643538093566894531e+01 -3.033789253234863281e+01 -1.397857856750488281e+01
-1.433256721496582031e+01 -1.358199977874755859e+01 1.192673778533935547e+01
-1.140386390686035156e+01 1.688694190979003906e+01 -1.577446556091308594e+01
-4.124427318572998047e+00 2.191940498352050781e+01 2.590601348876953125e+01
4.152405261993408203e+00 -5.047953128814697266e+00 -3.062853240966796875e+01
-7.383717536926269531e+00 -2.826163673400878906e+01 1.630379676818847656e+01
2.126746177673339844e+01 -1.126929879188537598e+00 -2.816870689392089844e+01
-1.087936019897460938e+01 3.752419710159301758e+00 -3.311407470703125000e+01
-9.576128959655761719e+00 3.752696609497070312e+01 1.331013584136962891e+01
2.007030296325683594e+01 2.063127326965332031e+01 1.112195110321044922e+01
2.734747648239135742e+00 3.433404445648193359e+00 -1.895920562744140625e+01
-1.706313133239746094e+01 1.641175985336303711e+00 2.988092994689941406e+01
6.739689350128173828e+00 1.737639808654785156e+01 -3.391607284545898438e+01
-1.739083290100097656e+00 3.668528366088867188e+01 -1.074455642700195312e+01
-4.738552570343017578e+00 -5.183232784271240234e+00 2.485422325134277344e+01
3.544916534423828125e+01 -2.505930373445153236e-03 -5.600998401641845703e+00
1.256719112396240234e+01 -3.072838783264160156e+01 -1.001848602294921875e+01
-7.861156940460205078e+00 -3.785124588012695312e+01 1.288356971740722656e+01
1.935192108154296875e+01 2.073682785034179688e+01 2.602626609802246094e+01
-9.041245460510253906e+00 -2.670019340515136719e+01 1.340243816375732422e+01
6.541822433471679688e+00 -3.500628662109375000e+01 6.989194154739379883e-01
-1.258727312088012695e+00 -1.423807144165039062e+01 2.742528343200683594e+01
2.091975784301757812e+01 -7.035273551940917969e+00 2.468782234191894531e+01
3.716490173339843750e+01 -1.238932704925537109e+01 -4.842811584472656250e+00
3.894830703735351562e+01 -4.866288661956787109e+00 2.573092460632324219e+00
-8.560457825660705566e-01 1.587767028808593750e+01 2.109549713134765625e+01
-6.368606567382812500e+00 9.123309135437011719e+00 6.765806674957275391e+00
1.580443382263183594e+01 -1.350128841400146484e+01 4.541359424591064453e+00
1.063038635253906250e+01 -3.307762908935546875e+01 -4.831795215606689453e+00
1.175566291809082031e+01 2.825203323364257812e+01 3.444853305816650391e+00
8.388872742652893066e-01 -8.221858978271484375e+00 -4.681405544281005859e+00
-1.074569702148437500e+01 -3.009917068481445312e+01 1.922147369384765625e+01
2.806693458557128906e+01 2.817216682434082031e+01 -8.505939245223999023e-01
2.925303268432617188e+01 9.517197608947753906e+00 6.697647571563720703e+00
1.674331855773925781e+01 -3.582385540008544922e+00 1.169738292694091797e+01
2.279187011718750000e+01 1.712052536010742188e+01 -2.179164505004882812e+01
-2.709358453750610352e+00 9.400196075439453125e+00 2.561815834045410156e+01
-2.042419052124023438e+01 1.149128818511962891e+01 -2.309994697570800781e+01
-9.138192176818847656e+00 -1.112150073051452637e+00 3.119036483764648438e+01
-2.692582511901855469e+01 4.022078514099121094e+00 1.604638862609863281e+01
-4.188293075561523438e+01 3.051514625549316406e+00 5.594213485717773438e+00
1.107124710083007812e+01 2.086726379394531250e+01 1.096866965293884277e+00
8.186802864074707031e+00 -2.931766510009765625e+01 1.235695266723632812e+01
1.298890781402587891e+01 3.591438674926757812e+01 8.895110130310058594e+00
-1.887271404266357422e+00 1.637506484985351562e-01 -8.821485519409179688e+00
7.334038257598876953e+00 1.572075176239013672e+01 1.336212158203125000e+01
3.749115467071533203e-01 4.926336288452148438e+00 2.062265205383300781e+01
-1.081537532806396484e+01 3.231256723403930664e+00 -2.743023681640625000e+01
1.665234375000000000e+01 1.018743705749511719e+01 1.693062210083007812e+01
2.481200408935546875e+01 -8.765275001525878906e+00 1.298473739624023438e+01
9.460916519165039062e+00 5.416617870330810547e+00 -1.809099006652832031e+01
-9.526556968688964844e+00 3.497233152389526367e+00 3.122715377807617188e+01
-2.971125841140747070e+00 9.070410728454589844e+00 2.559569549560546875e+01
6.576917648315429688e+00 -3.056942939758300781e+01 -1.858224105834960938e+01
2.859786796569824219e+01 -9.643269538879394531e+00 1.560921669006347656e+01
3.248366165161132812e+01 3.334038257598876953e+00 1.503769016265869141e+01
1.373365879058837891e+01 -9.695353507995605469e+00 9.185272216796875000e+00
2.173661947250366211e+00 -2.423538446426391602e+00 -9.467648506164550781e+00
3.255997085571289062e+01 -5.560687541961669922e+00 -1.727419090270996094e+01
-2.258563232421875000e+01 6.046125888824462891e-01 -1.710433006286621094e+00
-9.947191238403320312e+00 -2.366435050964355469e+01 -2.568498802185058594e+01
1.162993431091308594e+01 -7.248288989067077637e-01 -9.866657257080078125e+00
2.985201072692871094e+01 -7.235783100128173828e+00 2.107308387756347656e+00
6.815044879913330078e+00 2.683915138244628906e+01 -2.649239349365234375e+01
-1.093206405639648438e+01 3.099398231506347656e+01 -1.110245704650878906e+01
3.472516250610351562e+01 -8.463441848754882812e+00 2.013446807861328125e+01
2.298316383361816406e+01 -2.083297157287597656e+01 -1.568160629272460938e+01
-2.209721565246582031e+01 5.591312408447265625e+00 3.418154001235961914e+00
-9.226144790649414062e+00 -2.618842124938964844e+01 1.011347770690917969e-01
1.113439369201660156e+01 -6.377340793609619141e+00 3.518852472305297852e+00
-2.812280654907226562e+01 -5.689021110534667969e+00 6.166156768798828125e+00
-3.138073539733886719e+01 1.519267082214355469e+01 2.922329187393188477e+00
-6.489707827568054199e-01 -3.007612228393554688e+01 2.692510843276977539e+00
-9.193607330322265625e+00 -1.551605796813964844e+01 -1.247933578491210938e+01
-6.963589191436767578e+00 -3.365178298950195312e+01 9.701106071472167969e+00
2.252398300170898438e+01 4.576355457305908203e+00 -4.517831802368164062e+00
-2.456236839294433594e+01 -8.719659805297851562e+00 2.152819633483886719e+01
-1.990861892700195312e+01 5.215348243713378906e+00 -1.478575992584228516e+01
-4.588801383972167969e+00 -1.060225367546081543e+00 -5.030264854431152344e+00
-2.059636878967285156e+01 1.141551208496093750e+01 -2.277459907531738281e+01
1.011020183563232422e+01 -2.366321182250976562e+01 2.746267890930175781e+01
-9.895323753356933594e+00 1.088215351104736328e+01 -1.095190525054931641e+01
4.894190788269042969e+00 7.719794273376464844e+00 2.550305747985839844e+01
-2.229308319091796875e+01 4.922103404998779297e+00 6.858414173126220703e+00
2.263216400146484375e+01 -2.003633689880371094e+01 1.499697971343994141e+01
7.031665325164794922e+00 -2.183114814758300781e+01 1.630317878723144531e+01
4.298911094665527344e+00 1.251710700988769531e+01 1.832319974899291992e+00
-8.091923713684082031e+00 -1.004457473754882812e+00 -1.209246349334716797e+01
-1.079458999633789062e+01 -7.515040397644042969e+00 4.028821945190429688e+00
2.936608505249023438e+01 -3.046959161758422852e+00 -1.085857391357421875e+01
-2.679250335693359375e+01 -9.922582626342773438e+00 -2.754047203063964844e+01
-1.372973537445068359e+01 2.796673583984375000e+01 -9.248345494270324707e-01
9.732953071594238281e+00 -5.808885097503662109e+00 -1.084182262420654297e+01
6.810866832733154297e+00 1.575036406517028809e+00 1.119200229644775391e+00
2.360379219055175781e+01 5.625542640686035156e+00 1.926920890808105469e+00
-2.224152374267578125e+01 5.646000862121582031e+00 3.372267484664916992e+00
-1.398101329803466797e+01 -3.426649332046508789e+00 -1.419440460205078125e+01
1.698398208618164062e+01 -5.524676322937011719e+00 -6.393456459045410156e+00
9.548682719469070435e-02 -3.072014236450195312e+01 -1.555996608734130859e+01
-2.730322837829589844e+01 -1.789146995544433594e+01 -8.607946395874023438e+00
1.274175739288330078e+01 1.551790118217468262e+00 1.828646850585937500e+01
-2.541252326965332031e+01 -1.147192287445068359e+01 -7.097081184387207031e+00
2.135293388366699219e+01 -1.885373306274414062e+01 1.811067008972167969e+01
1.515913391113281250e+01 -1.736059188842773438e+01 -1.550440883636474609e+01
1.347044372558593750e+01 -3.374602508544921875e+01 -9.065047264099121094e+00
2.575777435302734375e+01 -3.051039934158325195e+00 3.191431760787963867e+00
-2.636297035217285156e+01 2.457064247131347656e+01 -2.844431638717651367e+00
2.203582000732421875e+01 2.244262123107910156e+01 6.308572769165039062e+00
1.072754669189453125e+01 2.671959304809570312e+01 1.418324851989746094e+01
1.830249404907226562e+01 3.019535636901855469e+01 -4.292969226837158203e+00
-1.436534786224365234e+01 2.385248374938964844e+01 -1.816234207153320312e+01
-1.042977428436279297e+01 5.361468195915222168e-01 1.980072379112243652e+00
-2.408982467651367188e+01 -2.409118080139160156e+01 -5.659343719482421875e+00
5.623130321502685547e+00 -6.472700119018554688e+00 9.841066360473632812e+00
-1.396201705932617188e+01 3.886804199218750000e+01 -1.541039943695068359e-01
-1.381630039215087891e+01 -5.214283466339111328e-01 3.940782928466796875e+01
5.319933414459228516e+00 2.278937149047851562e+01 4.691184043884277344e+00
2.135885620117187500e+01 -2.079949951171875000e+01 -1.864421272277832031e+01
2.040178298950195312e+01 2.867719829082489014e-01 -2.352078199386596680e+00
-3.285942840576171875e+01 -9.292115211486816406e+00 -2.080074882507324219e+01
-2.006662178039550781e+01 1.138910770416259766e+00 -1.088467788696289062e+01
3.353164672851562500e+01 1.232244205474853516e+01 4.094161033630371094e+00
-1.785998153686523438e+01 9.257879257202148438e+00 -2.083858489990234375e+01
-1.665947532653808594e+01 1.651449012756347656e+01 -2.179921531677246094e+01
7.253613471984863281e+00 -2.070454359054565430e+00 3.435448646545410156e+00
-1.658642172813415527e+00 -2.587496376037597656e+01 -6.158653736114501953e+00
-2.051248550415039062e+01 -2.404576492309570312e+01 5.561211705207824707e-01
-3.307592153549194336e+00 8.654994010925292969e+00 -1.530316829681396484e+01
-2.063625144958496094e+01 -6.669113159179687500e+00 2.807499313354492188e+01
1.512085247039794922e+01 -1.740681648254394531e+01 -1.550538063049316406e+01
-6.719151973724365234e+00 5.135607719421386719e+00 6.004313468933105469e+00
2.104142189025878906e+01 9.227805137634277344e-01 -2.166666269302368164e+00
-2.027202033996582031e+01 -7.175083160400390625e+00 -1.241451382637023926e+00
-2.524257278442382812e+01 -5.298440456390380859e+00 1.552872276306152344e+01
-1.409634053707122803e-01 2.183766365051269531e+01 1.650422477722167969e+01
-3.017944991588592529e-01 -9.079871177673339844e+00 1.059785461425781250e+01
-2.371050596237182617e+00 -3.905966567993164062e+01 3.007020056247711182e-01
-1.660516381263732910e+00 4.088543891906738281e+00 -3.382004928588867188e+01
-2.667197036743164062e+01 6.402619361877441406e+00 4.325385093688964844e+00
7.470874786376953125e-01 7.777801513671875000e+00 -1.536058044433593750e+01
-2.100798988342285156e+01 -1.498931789398193359e+01 3.173171281814575195e+00
1.648494911193847656e+01 2.850923919677734375e+01 2.064672851562500000e+01
1.878586578369140625e+01 4.348809719085693359e+00 -2.227993583679199219e+01
2.350374221801757812e+01 -2.188225173950195312e+01 -1.349619388580322266e+01
2.292736053466796875e+00 -2.299063110351562500e+01 1.496622443199157715e+00
1.405599880218505859e+01 8.179334640502929688e+00 -5.766096115112304688e+00
-1.899000930786132812e+01 -4.049955844879150391e+00 -6.395324230194091797e+00
-1.496142959594726562e+01 -3.130698966979980469e+01 2.084840583801269531e+01
2.346969795227050781e+01 -1.679448008537292480e+00 3.355031967163085938e+01
-7.371101379394531250e+00 -8.840137481689453125e+00 -2.959488105773925781e+01
3.733973693847656250e+01 -8.555679321289062500e+00 -9.930141448974609375e+00
-1.447322487831115723e+00 1.264736843109130859e+01 1.487617015838623047e+01
-1.444458770751953125e+01 1.755107307434082031e+01 -2.598842239379882812e+01
2.973088073730468750e+01 2.485983276367187500e+01 4.269502162933349609e+00
-2.462285423278808594e+01 6.341583728790283203e+00 -1.311389255523681641e+01
1.456884288787841797e+01 -1.254004096984863281e+01 2.710736656188964844e+01
1.037195491790771484e+01 -2.969937705993652344e+01 -8.506475448608398438e+00
3.574282646179199219e+00 9.918476939201354980e-01 -2.527856636047363281e+01
6.786658763885498047e-01 5.267458438873291016e+00 -1.006142330169677734e+01
-5.843132734298706055e-01 -1.181661033630371094e+01 3.955609321594238281e+00
-1.148059558868408203e+01 -2.242863082885742188e+01 4.932813644409179688e+00
-1.091227722167968750e+01 1.021677589416503906e+01 -2.743061065673828125e+01
2.032190132141113281e+01 -3.358717346191406250e+01 -1.136412239074707031e+01
5.401511669158935547e+00 -2.641263008117675781e+00 -2.338447189331054688e+01
7.964035511016845703e+00 -1.037781333923339844e+01 2.348251152038574219e+01
-3.048361396789550781e+01 1.875230312347412109e+00 1.804466438293457031e+01
-2.043237304687500000e+01 1.351512622833251953e+01 1.786482214927673340e+00
-3.003282356262207031e+01 6.129359722137451172e+00 -6.527794361114501953e+00
3.996533203125000000e+01 -4.999943733215332031e+00 2.316173553466796875e+00
2.345592880249023438e+01 -6.534074783325195312e+00 1.309599876403808594e+01
-3.133292388916015625e+01 -2.119183301925659180e+00 -2.700710058212280273e+00
3.179020118713378906e+01 -1.370069789886474609e+01 9.808275222778320312e+00
1.616581535339355469e+01 -4.691219806671142578e+00 -1.786190795898437500e+01
-1.062505722045898438e+01 2.990849733352661133e+00 -3.104707145690917969e+01
1.574477481842041016e+01 3.579066085815429688e+01 2.357967138290405273e+00
7.381733417510986328e+00 2.228331565856933594e+01 -1.879005432128906250e+01
2.814721107482910156e+00 1.672366333007812500e+01 1.618706321716308594e+01
3.149723052978515625e+01 -1.863976097106933594e+01 -4.488618075847625732e-01
5.005315780639648438e+00 -2.204497909545898438e+01 -2.534534454345703125e+01
-1.744014549255371094e+01 1.752787470817565918e+00 2.927725601196289062e+01
-3.721683025360107422e+00 2.725379753112792969e+01 -1.309479618072509766e+01
-2.970676422119140625e+01 1.200049972534179688e+01 8.846001625061035156e+00
1.804430961608886719e+01 9.649345397949218750e+00 -1.980860710144042969e+01
-1.509786128997802734e+01 4.871493339538574219e+00 2.420290184020996094e+01
-1.093940162658691406e+01 1.076618862152099609e+01 3.717295074462890625e+01
-1.030518913269042969e+01 -1.921295738220214844e+01 1.361305713653564453e+01
9.264173507690429688e+00 5.470630168914794922e+00 -5.450683593750000000e+00
2.530210113525390625e+01 -1.732561111450195312e+01 1.054833889007568359e+01
7.324672698974609375e+00 -7.181470394134521484e+00 3.515917587280273438e+01
-5.855520248413085938e+00 9.406618773937225342e-02 -1.169495296478271484e+01
3.510352706909179688e+01 1.509076118469238281e+01 6.354905962944030762e-01
-1.811411476135253906e+01 7.173132419586181641e+00 -2.823344612121582031e+01
2.709917449951171875e+01 7.155996799468994141e+00 2.490718841552734375e+01
-5.508466243743896484e+00 -1.496558952331542969e+01 1.766649627685546875e+01
-5.018031597137451172e+00 5.622041702270507812e+00 4.049072265625000000e+01
-3.226294708251953125e+01 -5.423719406127929688e+00 -2.447769737243652344e+01
-9.987166404724121094e+00 -1.048347663879394531e+01 -1.109684753417968750e+01
-2.804005861282348633e+00 -2.227929306030273438e+01 -2.412353324890136719e+01
-1.923958206176757812e+01 7.686659812927246094e+00 -9.399642944335937500e+00
-2.382568269968032837e-01 -1.952526211738586426e+00 2.181604957580566406e+01
1.016823101043701172e+01 -2.056462287902832031e+01 -1.356364631652832031e+01
-3.753308486938476562e+01 2.771004676818847656e+00 9.238440513610839844e+00
-1.269062328338623047e+01 2.088042640686035156e+01 2.564815711975097656e+01
-9.439184188842773438e+00 -1.237076568603515625e+01 2.922704505920410156e+01
-1.174430370330810547e+01 6.846796035766601562e+00 2.945376205444335938e+01
-1.089957141876220703e+01 2.165553271770477295e-01 -3.941596984863281250e+01
7.208181381225585938e+00 1.707002639770507812e+01 7.031251430511474609e+00
-1.867294883728027344e+01 -4.448411941528320312e+00 1.898878097534179688e+01
1.110063076019287109e+01 -1.990971565246582031e+01 -2.582969474792480469e+01
-2.050093269348144531e+01 3.937447965145111084e-01 2.934326171875000000e+01
-2.436903953552246094e+01 -5.481773853302001953e+00 1.985176658630371094e+01
-1.982997512817382812e+01 -2.709590911865234375e+01 1.938303560018539429e-01
3.482445907592773438e+01 -7.856094837188720703e+00 -1.335766696929931641e+01
-5.278753280639648438e+00 -1.385750675201416016e+01 -1.624250030517578125e+01
1.715116882324218750e+01 3.357353210449218750e+01 2.770678520202636719e+00
-1.152401447296142578e+01 -1.759785461425781250e+01 -1.407651424407958984e+01
8.233172416687011719e+00 3.552128553390502930e+00 1.234968543052673340e+00
-8.854908943176269531e+00 -1.204983425140380859e+01 -7.880090713500976562e+00
3.003768920898437500e+00 -3.069139480590820312e+01 -1.347153186798095703e+01
-2.501791000366210938e+01 4.748071670532226562e+00 6.910289764404296875e+00
1.579090690612792969e+01 -5.648134708404541016e+00 2.702844440937042236e-01
-1.376075649261474609e+01 7.102500796318054199e-01 -1.938234269618988037e-01
-7.172634124755859375e+00 7.247649431228637695e-01 -3.096522331237792969e+01
-2.600428771972656250e+01 9.921742439270019531e+00 -1.514746284484863281e+01
-1.187322521209716797e+01 -5.252964973449707031e+00 -2.953641116619110107e-01
-1.349447011947631836e+00 2.347762680053710938e+01 7.400365829467773438e+00
-3.089258384704589844e+01 -1.838689804077148438e+01 4.417204380035400391e+00
1.821288108825683594e+01 1.817419767379760742e+00 -5.373044967651367188e+00
3.166586637496948242e+00 1.601752281188964844e+01 1.799095344543457031e+01
-5.167276859283447266e+00 -2.066942214965820312e+01 -1.579084587097167969e+01
3.402636572718620300e-02 3.427097320556640625e+01 -9.184186935424804688e+00
9.962123870849609375e+00 2.633698272705078125e+01 -1.046164226531982422e+01
-1.225700759887695312e+01 1.463332557678222656e+01 -2.865050315856933594e+01
-9.810193061828613281e+00 -7.942600250244140625e+00 1.676274108886718750e+01
-2.794082450866699219e+01 -1.234391593933105469e+01 1.981069183349609375e+01
-1.681896781921386719e+01 2.000486755371093750e+01 2.462837219238281250e+01
-1.442021751403808594e+01 -1.371430492401123047e+01 2.080473518371582031e+01
6.726705551147460938e+00 -1.840278053283691406e+01 1.490608215332031250e+00
1.368984508514404297e+01 3.818397903442382812e+01 2.073422431945800781e+00
1.170277118682861328e+00 -9.194162368774414062e+00 1.042987823486328125e+00
2.605222892761230469e+01 -1.401641464233398438e+01 -8.526581525802612305e-02
-1.427647829055786133e+00 -2.137039756774902344e+01 -9.469262123107910156e+00
2.531965732574462891e+00 1.314381504058837891e+01 -9.160237312316894531e+00
2.196388244628906250e+01 -7.473279476165771484e+00 -3.027035713195800781e+00
-1.349184036254882812e+01 2.621158599853515625e+01 2.323006439208984375e+01
3.424856185913085938e+01 -5.843024253845214844e+00 2.003598594665527344e+01
-2.422250175476074219e+01 -2.007287406921386719e+01 -6.106284618377685547e+00
5.659118175506591797e+00 -2.623402023315429688e+01 -2.405063819885253906e+01
-1.715863585472106934e+00 -2.890436947345733643e-01 3.924026250839233398e+00
1.354132652282714844e+00 -3.382973432540893555e+00 -2.480714607238769531e+01
-2.132556343078613281e+01 -2.196038007736206055e+00 -2.480481147766113281e+01
-6.048779010772705078e+00 2.809257888793945312e+01 -2.510268592834472656e+01
1.047682285308837891e+01 -2.393821525573730469e+01 1.044078588485717773e+00
-3.959419250488281250e+01 -3.884150028228759766e+00 -1.524614906311035156e+01
-5.157642960548400879e-01 -2.885877609252929688e+00 2.460545349121093750e+01
-1.312334632873535156e+01 3.502475738525390625e+01 1.546817970275878906e+01
1.664916038513183594e+01 1.145345020294189453e+01 1.481153297424316406e+01
4.614353179931640625e+00 4.854997634887695312e+00 -1.921659851074218750e+01
1.347354793548583984e+01 -1.274800300598144531e+01 -2.967748451232910156e+01
2.866456985473632812e+01 1.526190185546875000e+01 6.139595031738281250e+00
1.883645892143249512e+00 -2.004929351806640625e+01 7.517557621002197266e+00
2.588936090469360352e+00 2.520302772521972656e+01 3.348889112472534180e+00
-1.055392742156982422e+01 -2.801018714904785156e+01 2.194073295593261719e+01
2.144218921661376953e+00 1.148544883728027344e+01 1.647467422485351562e+01
-1.259081935882568359e+01 1.445562171936035156e+01 -2.798456573486328125e+01
-1.611738586425781250e+01 1.408908081054687500e+01 -8.918331146240234375e+00
1.230606746673583984e+01 2.497536897659301758e+00 -3.702342224121093750e+01
-9.805480003356933594e+00 3.526474535465240479e-01 2.800082206726074219e+01
-3.610076427459716797e+00 -1.501387214660644531e+01 -3.002327728271484375e+01
-5.069642066955566406e+00 -3.391746139526367188e+01 -7.660456299781799316e-01
1.293143653869628906e+01 1.351004981994628906e+01 1.720757865905761719e+01
-1.802263855934143066e-01 3.255978393554687500e+01 -8.211728096008300781e+00
1.495790672302246094e+01 2.283720016479492188e+01 1.122813320159912109e+01
-2.979112815856933594e+01 3.712010145187377930e+00 1.939625549316406250e+01
2.677897644042968750e+01 -2.677255821228027344e+01 -4.538862705230712891e+00
-5.126488208770751953e-01 1.039482951164245605e+00 1.369986152648925781e+01
-1.055484962463378906e+01 -1.453397560119628906e+01 2.506152153015136719e+01
5.150653839111328125e+00 2.756035614013671875e+01 -2.507963562011718750e+01
1.595889568328857422e+01 3.867646932601928711e+00 -3.572584533691406250e+01
1.732171058654785156e+01 1.147866821289062500e+01 2.000950431823730469e+01
9.571409225463867188e+00 -6.645963668823242188e+00 3.524393844604492188e+01
-3.392562484741210938e+01 1.483900260925292969e+01 5.072108745574951172e+00
-1.901015281677246094e+01 -5.618570327758789062e+00 1.648072242736816406e+01
3.627841567993164062e+01 1.272122383117675781e+00 -5.849511623382568359e+00
2.524636077880859375e+01 -4.893769741058349609e+00 -6.830340027809143066e-01
3.359174346923828125e+01 1.228209304809570312e+01 5.494202136993408203e+00
2.367550849914550781e+01 -1.443541908264160156e+01 -1.463375568389892578e+00
-1.586034774780273438e+00 1.491055583953857422e+01 -3.098809051513671875e+01
1.340604496002197266e+01 -4.651643335819244385e-01 2.600353240966796875e+01
1.735153579711914062e+01 -4.768436431884765625e+00 -1.014264297485351562e+01
-3.115530610084533691e-01 -2.592828178405761719e+01 -1.430982112884521484e+01
-1.645063972473144531e+01 -3.280110549926757812e+01 7.660592555999755859e+00
2.347452926635742188e+01 1.034321880340576172e+01 -5.755688667297363281e+00
1.220638465881347656e+01 4.139108657836914062e+00 9.466028213500976562e+00
1.932198524475097656e+01 1.574182796478271484e+01 -2.105713653564453125e+01
-9.580617904663085938e+00 5.754467844963073730e-01 -2.963557624816894531e+01
-3.031209182739257812e+01 -4.930255889892578125e+00 -2.498793601989746094e+01
-2.794560432434082031e+00 1.463057899475097656e+01 4.332260191440582275e-01
2.156453371047973633e+00 -7.895325183868408203e+00 -1.410198116302490234e+01
8.585525512695312500e+00 1.225282311439514160e+00 -3.640896224975585938e+01
-3.912009811401367188e+01 -3.267037630081176758e+00 8.907884597778320312e+00
1.925810813903808594e+01 -2.931024551391601562e+01 -7.824291229248046875e+00
-1.881869506835937500e+01 -2.086563301086425781e+01 -2.717060089111328125e+01
-2.431907463073730469e+01 5.914322853088378906e+00 2.641429710388183594e+01
-2.917781448364257812e+01 9.220628738403320312e+00 1.077230274677276611e-01
1.209690570831298828e+01 -7.649914264678955078e+00 2.520554351806640625e+01
-3.000746726989746094e+01 -9.614336967468261719e+00 -4.740366935729980469e+00
2.076466941833496094e+01 4.004925489425659180e-01 -1.456427955627441406e+01
3.808604478836059570e+00 -2.675683021545410156e+01 -3.446910858154296875e+00
-1.703204917907714844e+01 -2.681977748870849609e+00 1.469414329528808594e+01
2.769939804077148438e+01 1.266524124145507812e+01 -8.593399047851562500e+00
-8.337237358093261719e+00 1.779825210571289062e+01 -7.754102706909179688e+00
3.618440330028533936e-01 5.603187561035156250e+00 1.964532279968261719e+01
1.586719322204589844e+01 1.754252433776855469e+01 1.870619803667068481e-01
-2.513558006286621094e+01 5.041743278503417969e+00 2.691220855712890625e+01
1.186646819114685059e+00 -2.858333778381347656e+01 -1.742570877075195312e+01
1.411356353759765625e+01 -8.018783569335937500e+00 -1.381718540191650391e+01
2.380093383789062500e+01 -1.022168922424316406e+01 2.240902900695800781e+01
-1.952718353271484375e+01 -1.519121742248535156e+01 3.664282798767089844e+00
-3.132190704345703125e+00 2.247665023803710938e+01 2.060477638244628906e+01
6.458667278289794922e+00 3.393354415893554688e+01 -4.549319267272949219e+00
1.827024078369140625e+01 2.623557853698730469e+01 1.491881561279296875e+01
2.496562385559082031e+01 1.347458076477050781e+01 -5.441430211067199707e-01
-6.380714893341064453e+00 -1.142927932739257812e+01 7.062860012054443359e+00
-1.654933738708496094e+01 -2.359423828125000000e+01 -1.557274913787841797e+01
-1.669620704650878906e+01 1.327766537666320801e+00 2.723255348205566406e+01
1.342028617858886719e+01 6.480074882507324219e+00 -1.024411487579345703e+01
-5.040395736694335938e+00 5.065793037414550781e+00 -3.448654174804687500e+01
-1.072256565093994141e+01 2.173299789428710938e+01 2.231736898422241211e+00
-1.267517757415771484e+01 -1.806326389312744141e+00 8.926409721374511719e+00
2.844921875000000000e+01 -1.317136764526367188e+00 -2.803623771667480469e+01
-4.259755134582519531e+00 2.459578514099121094e+01 -4.130781173706054688e+00
-1.941041564941406250e+01 2.154906845092773438e+01 1.567757797241210938e+01
-2.471809577941894531e+01 -9.492386817932128906e+00 -2.747000694274902344e+01
6.510449409484863281e+00 2.178149938583374023e+00 3.387062835693359375e+01
-1.311451816558837891e+01 1.156616330146789551e+00 -2.352675056457519531e+01
-3.021640014648437500e+01 2.825772523880004883e+00 -1.367906284332275391e+01
3.405769586563110352e+00 2.504388999938964844e+01 2.786509752273559570e+00
-2.317376899719238281e+01 1.250995731353759766e+01 1.620182418823242188e+01
5.946265697479248047e+00 1.935892486572265625e+01 5.737235546112060547e-01
-7.793293595314025879e-01 1.022702217102050781e+01 -8.235782623291015625e+00
-3.706263542175292969e+00 -3.142544555664062500e+01 1.778810691833496094e+01
-1.506914520263671875e+01 2.874577522277832031e+01 1.678702735900878906e+01
1.795294570922851562e+01 8.764123916625976562e+00 -2.386551856994628906e+00
-9.743273735046386719e+00 -2.073477745056152344e+01 -1.356295394897460938e+01
-1.268334484100341797e+01 -4.698990345001220703e+00 -1.350322842597961426e+00
-2.424757003784179688e+01 2.029488754272460938e+01 -7.672880172729492188e+00
-2.026298522949218750e+00 -4.137543216347694397e-02 -3.411508941650390625e+01
-1.376548528671264648e+00 -2.998414611816406250e+01 -1.721366691589355469e+01
2.821616935729980469e+01 -1.763254928588867188e+01 -1.296246910095214844e+01
2.470930862426757812e+01 -1.055462837219238281e+01 -1.794356727600097656e+01
9.836301803588867188e+00 2.534729194641113281e+01 5.742341995239257812e+00
8.571076393127441406e+00 -1.219635391235351562e+01 1.372337055206298828e+01
-1.633376121520996094e+01 -2.819998741149902344e+01 -1.665507888793945312e+01
4.660394191741943359e+00 -7.317968368530273438e+00 2.787705039978027344e+01
2.462083816528320312e+01 -4.039606571197509766e+00 1.717202186584472656e+01
-1.783854293823242188e+01 -1.180763721466064453e+01 2.215415573120117188e+01
-1.388158512115478516e+01 -3.390703201293945312e+01 8.446372032165527344e+00
2.673703002929687500e+01 2.514406394958496094e+01 5.893539428710937500e+00
-1.192147922515869141e+01 2.324075317382812500e+01 -8.825024604797363281e+00
-7.367187023162841797e+00 -1.521474361419677734e+01 -4.274336814880371094e+00
-1.829961967468261719e+01 2.603448486328125000e+01 1.944443321228027344e+01
-1.335319709777832031e+01 -3.445711135864257812e+01 -3.423008441925048828e+00
-6.064873218536376953e+00 -1.129242038726806641e+01 -1.654597854614257812e+01
3.148179054260253906e+01 -1.524517345428466797e+01 9.925271987915039062e+00
3.609178543090820312e+01 -1.211574268341064453e+01 -6.931015849113464355e-01
-9.804991483688354492e-01 3.522029638290405273e+00 -3.286643600463867188e+01
3.183298683166503906e+01 4.492201805114746094e+00 -3.537038326263427734e+00
1.763283729553222656e+01 2.458078575134277344e+01 1.205973720550537109e+01
-2.995541763305664062e+01 -1.368823146820068359e+01 -1.964821052551269531e+01
-7.332570075988769531e+00 -1.640104866027832031e+01 2.072091484069824219e+01
-1.695419073104858398e+00 -2.431899642944335938e+01 2.060715705156326294e-01
-1.375752353668212891e+01 -2.023886108398437500e+01 1.694542503356933594e+01
-1.565605735778808594e+01 -4.995245456695556641e+00 1.676794052124023438e+01
2.287122917175292969e+01 2.081984519958496094e+01 3.790864348411560059e-01
1.547451686859130859e+01 -9.732786178588867188e+00 -2.636111259460449219e+01
3.347838640213012695e+00 -2.120274925231933594e+01 1.835036849975585938e+01
7.361082077026367188e+00 2.250900077819824219e+01 -1.643433189392089844e+01
-2.602334022521972656e+01 -2.592391586303710938e+01 3.875926017761230469e+00
1.152787876129150391e+01 -1.761466789245605469e+01 -2.826556205749511719e+01
-1.437830829620361328e+01 3.409266662597656250e+01 1.591256046295166016e+01
-7.215864181518554688e+00 -1.230240440368652344e+01 -5.501208305358886719e+00
-1.041585922241210938e+00 4.569943428039550781e+00 8.115076422691345215e-01
4.243727207183837891e+00 1.849046516418457031e+01 1.644477128982543945e+00
3.483435213565826416e-01 -1.815596008300781250e+01 1.658527183532714844e+01
-7.738005518913269043e-01 -3.027220344543457031e+01 -1.603059959411621094e+01
2.012508392333984375e+01 1.978513717651367188e+01 -2.435998916625976562e+01
2.927763938903808594e+01 -8.540531158447265625e+00 -2.111948776245117188e+01
-2.930457878112792969e+01 1.273395252227783203e+01 7.163271903991699219e+00
-1.675237274169921875e+01 -2.193817138671875000e+01 2.457267761230468750e+01
1.988401222229003906e+01 -1.378182029724121094e+01 -1.515037441253662109e+01
6.389158368110656738e-01 1.034928894042968750e+01 2.131471395492553711e+00
-6.600015640258789062e+00 -1.596210575103759766e+01 -1.274586868286132812e+01
-2.226064872741699219e+01 4.707162857055664062e+00 -1.527513217926025391e+01
3.591433715820312500e+01 1.730927276611328125e+01 5.387187004089355469e-01
1.893376159667968750e+01 -3.339701414108276367e+00 1.068324851989746094e+01
-2.474975776672363281e+01 -1.381078433990478516e+01 1.485644721984863281e+01
-3.112828445434570312e+01 -1.074287509918212891e+01 6.699175834655761719e+00
-2.178851890563964844e+01 -8.835613250732421875e+00 -1.919722557067871094e+01
4.576852798461914062e+00 -3.406958103179931641e+00 -1.077295875549316406e+01
-6.289861202239990234e+00 -2.465209007263183594e+01 -4.034644126892089844e+00
-7.684957981109619141e-01 -1.191278743743896484e+01 -1.184320068359375000e+01
-2.863430404663085938e+01 2.225741004943847656e+01 -6.867217540740966797e+00
-1.073973941802978516e+01 1.859098625183105469e+01 -1.511679935455322266e+01
-4.953746795654296875e+00 -3.623361587524414062e+01 -1.291016101837158203e+01
1.559254169464111328e+01 2.208421707153320312e+00 3.679825210571289062e+01
-2.789920043945312500e+01 5.705664157867431641e+00 -1.691829109191894531e+01
1.779956626892089844e+01 1.035707569122314453e+01 -1.936783218383789062e+01
6.314967155456542969e+00 -3.419439697265625000e+01 -2.055027580261230469e+01
1.367903900146484375e+01 -9.681353569030761719e+00 9.030935287475585938e+00
-1.101381778717041016e+01 2.584083175659179688e+01 1.422945880889892578e+01
1.053330993652343750e+01 -3.328316497802734375e+01 1.214886760711669922e+01
-3.571225738525390625e+01 -7.447484970092773438e+00 -3.212145090103149414e+00
-2.160565567016601562e+01 -1.474703121185302734e+01 1.520027542114257812e+01
-1.774426078796386719e+01 -6.725263118743896484e+00 1.697152709960937500e+01
7.155796051025390625e+00 -1.862071990966796875e+01 1.461698532104492188e+00
-1.223359227180480957e+00 -3.953963088989257812e+01 -1.473752140998840332e+00
3.398870468139648438e+01 -4.992906570434570312e+00 1.975852966308593750e+01
1.252902889251708984e+01 1.437319993972778320e+00 4.977397918701171875e+00
-6.732144355773925781e+00 -3.229433441162109375e+01 1.782392263412475586e+00
-4.611701011657714844e+00 2.231170654296875000e+01 -9.725887298583984375e+00
1.350976848602294922e+01 -1.096761226654052734e+01 4.650114774703979492e-01
-1.895302009582519531e+01 5.946249961853027344e+00 2.928890419006347656e+01
1.430419445037841797e+01 -2.769777297973632812e+01 -9.486593246459960938e+00
-7.706464767456054688e+00 -3.769368362426757812e+01 1.270062065124511719e+01
-2.635134315490722656e+01 -2.639210700988769531e+01 -5.017798423767089844e+00
1.497366333007812500e+01 2.000064849853515625e+01 -1.333634948730468750e+01
-2.846946144104003906e+01 1.001780223846435547e+01 -5.298529624938964844e+00
-3.114124488830566406e+01 3.835934877395629883e+00 -7.401203632354736328e+00
5.387487411499023438e+00 -2.149930953979492188e+01 -2.528750991821289062e+01
-4.015831053256988525e-01 -2.541549503803253174e-01 -2.403962707519531250e+01
-6.636289954185485840e-01 1.909493446350097656e+01 1.404168415069580078e+01
-2.630934524536132812e+01 -1.359329700469970703e+01 -2.406419944763183594e+01
-1.653256225585937500e+01 9.653846740722656250e+00 -2.038246726989746094e+01
-1.116033554077148438e+01 -1.328543186187744141e+01 -1.593146610260009766e+01
1.201344776153564453e+01 1.861718559265136719e+01 7.030462741851806641e+00
2.466429138183593750e+01 2.202498626708984375e+01 1.158815097808837891e+01
-2.216111898422241211e+00 -2.127023637294769287e-01 2.210693597793579102e+00
-1.126386737823486328e+01 -2.152748870849609375e+01 2.811271286010742188e+01
-2.028356933593750000e+01 3.242100143432617188e+01 3.882013320922851562e+00
1.647366714477539062e+01 -1.796265983581542969e+01 -5.210762500762939453e+00
-1.440384006500244141e+01 -1.353139209747314453e+01 1.189740562438964844e+01
2.113788795471191406e+01 -4.009774684906005859e+00 2.102389335632324219e+01
5.883075237274169922e+00 2.457757949829101562e+00 -2.540755462646484375e+01
-1.085121154785156250e+01 3.444147491455078125e+01 -2.231789112091064453e+00
5.662526607513427734e+00 6.646434307098388672e+00 6.869215965270996094e+00
-1.992435646057128906e+01 -1.514989948272705078e+01 3.482549190521240234e+00
-1.238603496551513672e+01 -5.835390567779541016e+00 2.342922592163085938e+01
9.905198097229003906e+00 1.106144428253173828e+01 1.162985324859619141e+01
2.867412948608398438e+01 -1.505662250518798828e+01 2.052476692199707031e+01
-6.642979145050048828e+00 -1.569136047363281250e+01 -9.160446166992187500e+00
-2.147280693054199219e+01 1.227121353149414062e+01 -1.413890719413757324e+00
-1.774761390686035156e+01 -3.220443725585937500e+01 -8.001567721366882324e-01
2.529322147369384766e+00 -9.339577674865722656e+00 3.694311523437500000e+01
1.572839546203613281e+01 -1.217567920684814453e+01 2.592122650146484375e+01
3.958212375640869141e+00 2.683828163146972656e+01 -5.789653301239013672e+00
1.738000297546386719e+01 -3.173121213912963867e+00 1.792708969116210938e+01
-1.538788986206054688e+01 -6.723493099212646484e+00 7.666228294372558594e+00
2.712027359008789062e+01 -1.972082901000976562e+01 -1.366019821166992188e+01
-3.198451423645019531e+01 -1.221844863891601562e+01 6.869218826293945312e+00
-2.128469657897949219e+01 1.291887044906616211e+00 1.343339443206787109e+01
-3.093239974975585938e+01 -1.268383598327636719e+01 1.904949188232421875e+01
3.961143791675567627e-01 -1.423063755035400391e+00 -7.739831447601318359e+00
-1.758305168151855469e+01 -3.172979354858398438e+01 7.640779495239257812e+00
7.642050266265869141e+00 -2.117190361022949219e+01 6.775945663452148438e+00
-1.324959278106689453e+01 -1.780058860778808594e+01 -5.949166297912597656e+00
-3.132279205322265625e+01 2.557551145553588867e+00 -9.406965255737304688e+00
1.523050785064697266e+01 -1.343483066558837891e+01 2.142645454406738281e+01
2.501065635681152344e+01 2.046727180480957031e+01 -1.839456796646118164e+00
-1.799509239196777344e+01 -1.891638755798339844e+01 1.362991237640380859e+01
-1.929393768310546875e+01 2.175218200683593750e+01 1.708728218078613281e+01
3.073733329772949219e+01 -1.439518260955810547e+01 1.011911010742187500e+01
5.408222675323486328e+00 -1.794215202331542969e+01 -3.906211376190185547e+00
-3.478982162475585938e+01 -1.621535301208496094e+01 -5.456627368927001953e+00
-2.403103828430175781e+01 -1.583277702331542969e+00 -3.049691009521484375e+01
1.585463619232177734e+01 -2.096595954895019531e+01 -2.297243309020996094e+01
-2.269753074645996094e+01 -2.144496440887451172e+00 -6.848841190338134766e+00
1.123960971832275391e+01 -5.580963611602783203e+00 -1.249586868286132812e+01
-3.380131149291992188e+01 3.156520605087280273e+00 2.023788261413574219e+01
-1.826249122619628906e+01 -9.704557418823242188e+00 1.817564010620117188e+01
-7.109475135803222656e+00 -1.920834064483642578e+00 -2.216204643249511719e+00
-2.715925598144531250e+01 -1.533533191680908203e+01 -2.282346343994140625e+01
4.234772682189941406e+00 8.038438796997070312e+00 2.564865875244140625e+01
-2.020897483825683594e+01 -2.427966690063476562e+01 4.751875996589660645e-01
-2.976332283020019531e+01 8.067815899848937988e-01 1.843353956937789917e-01
1.620881652832031250e+01 4.188680171966552734e+00 3.181823921203613281e+01
2.650966835021972656e+01 2.431192779541015625e+01 8.653785705566406250e+00
-3.005588722229003906e+01 2.532538652420043945e+00 -1.339500999450683594e+01
6.288800239562988281e+00 -1.080834579467773438e+01 -2.136868858337402344e+01
3.301858520507812500e+01 -1.099154472351074219e+01 8.158384323120117188e+00
-1.239673042297363281e+01 2.280561828613281250e+01 1.816118597984313965e+00
8.113125801086425781e+00 -5.460324764251708984e+00 3.643813323974609375e+01
-1.232581424713134766e+01 -1.480850028991699219e+01 -7.140088081359863281e+00
-1.264720344543457031e+01 -2.164282035827636719e+01 -1.286511325836181641e+01
-3.271694183349609375e+00 5.124552726745605469e+00 -9.575412750244140625e+00
3.055567741394042969e+01 -1.996221733093261719e+01 -4.892114922404289246e-02
3.023003387451171875e+01 -2.546367263793945312e+01 4.048182487487792969e+00
3.394125747680664062e+01 -1.184927368164062500e+01 -3.930924177169799805e+00
-8.694655418395996094e+00 -1.290751457214355469e+00 3.336552429199218750e+01
-1.633965873718261719e+01 -7.170408725738525391e+00 9.522708892822265625e+00
3.494826331734657288e-02 -1.526469039916992188e+01 -1.913944435119628906e+01
-1.926088905334472656e+01 -5.849987864494323730e-01 1.973462104797363281e+01
-2.324115943908691406e+01 1.860850524902343750e+01 -1.854091644287109375e+01
2.445790290832519531e+01 8.736202239990234375e+00 1.097302341461181641e+01
-4.104385852813720703e+00 1.816917228698730469e+01 -3.219309997558593750e+01
-2.118340015411376953e+00 4.125013732910156250e+01 2.850395917892456055e+00
1.275270938873291016e+01 9.604976654052734375e+00 2.122738647460937500e+01
-2.555975723266601562e+01 2.282716274261474609e+00 -1.085467147827148438e+01
-8.065772056579589844e-02 5.534684658050537109e+00 1.384422206878662109e+01
-1.549017524719238281e+01 -3.296420669555664062e+01 -2.584945917129516602e+00
3.829140186309814453e+00 1.514516639709472656e+01 -1.763636207580566406e+01
1.150121784210205078e+01 -1.648967170715332031e+01 -9.492318153381347656e+00
-1.541047334671020508e+00 -1.625055313110351562e+01 2.249550056457519531e+01
1.595051765441894531e+01 -8.198877334594726562e+00 -1.250095367431640625e+01
-1.403493118286132812e+01 2.762719345092773438e+01 -1.351730585098266602e+00
1.295514488220214844e+01 1.112417411804199219e+01 6.394472599029541016e+00
1.263414096832275391e+01 6.132887363433837891e+00 -1.107926273345947266e+01
-1.547985911369323730e+00 -7.588855743408203125e+00 -3.673791122436523438e+01
-1.084649562835693359e+01 1.868228530883789062e+01 1.378471469879150391e+01
1.398738384246826172e+01 2.098064804077148438e+01 -1.338469028472900391e+00
-5.866287231445312500e+00 2.487358474731445312e+01 -2.174195861816406250e+01
4.912422657012939453e+00 3.035158538818359375e+01 6.343075275421142578e+00
3.490922164916992188e+01 -1.020841312408447266e+01 9.363874435424804688e+00
-7.918152332305908203e+00 1.479819679260253906e+01 -3.186303329467773438e+01
-7.743435382843017578e+00 7.402826309204101562e+00 3.157405138015747070e+00
2.602023696899414062e+01 -5.435455322265625000e+00 1.774659538269042969e+01
-1.337020397186279297e+00 4.007943344116210938e+01 -1.130720710754394531e+01
5.591800689697265625e+00 -1.441418766975402832e+00 2.589761352539062500e+01
-2.602069282531738281e+01 -2.468735504150390625e+01 -8.353190422058105469e+00
2.213909530639648438e+01 -1.350311565399169922e+01 4.873378753662109375e+00
-1.792489051818847656e+01 -2.400696372985839844e+01 1.086037039756774902e+00
-2.195087242126464844e+01 -1.885087847709655762e+00 1.065159988403320312e+01
4.854718685150146484e+00 -8.409282684326171875e+00 2.977736663818359375e+01
8.081960678100585938e-01 3.819818496704101562e+00 -1.017047405242919922e+01
-1.982262229919433594e+01 1.102899551391601562e+01 1.719981956481933594e+01
-1.284174728393554688e+01 2.576338005065917969e+01 -8.908997535705566406e+00
3.316536331176757812e+01 -1.242439079284667969e+01 -3.286318778991699219e+00
1.442474555969238281e+01 1.687959861755371094e+01 1.031252193450927734e+01
-1.673886489868164062e+01 3.133142852783203125e+01 2.345834493637084961e+00
-1.020242309570312500e+01 -1.945857810974121094e+01 1.314246273040771484e+01
-8.560029983520507812e+00 1.348192119598388672e+01 3.426454162597656250e+01
-5.301850318908691406e+00 -4.148082137107849121e-01 -3.822266340255737305e+00
7.356181621551513672e+00 2.104258346557617188e+01 -1.295163726806640625e+01
2.568438911437988281e+01 -1.394848728179931641e+01 -2.649770677089691162e-01
-2.589613437652587891e+00 -1.569826316833496094e+01 -2.541129112243652344e+01
-1.402433776855468750e+01 -2.283769845962524414e-01 1.578877258300781250e+01
2.990826416015625000e+01 -8.883441925048828125e+00 2.098654270172119141e+00
4.131434440612792969e+00 -2.665346908569335938e+01 -4.215362071990966797e+00
-9.870378494262695312e+00 1.604767608642578125e+01 9.586050033569335938e+00
-9.704748153686523438e+00 1.200786113739013672e+01 8.257835388183593750e+00
-2.600797271728515625e+01 8.096838593482971191e-01 4.106855392456054688e-02
-3.171732425689697266e-01 -2.886207199096679688e+01 -2.335599899291992188e+01
-2.427078247070312500e+01 1.179561233520507812e+01 -1.988843727111816406e+01
1.457742977142333984e+01 1.078277206420898438e+01 1.627001523971557617e+00
-1.100206470489501953e+01 1.301086902618408203e+01 -3.288061857223510742e+00
-1.488868331909179688e+01 -1.992165684700012207e+00 -3.131683731079101562e+01
-2.990426635742187500e+01 -1.933053016662597656e+01 4.850157260894775391e+00
1.195348453521728516e+01 1.025438547134399414e+00 -1.355421257019042969e+01
4.225709438323974609e+00 2.940212059020996094e+01 9.025425910949707031e-01
2.113335037231445312e+01 -6.918448805809020996e-01 1.678524780273437500e+01
-7.967465877532958984e+00 -2.492881584167480469e+01 1.273751258850097656e+01
1.192639255523681641e+01 5.316347122192382812e+00 -1.687276077270507812e+01
-1.340654087066650391e+01 -5.001764297485351562e+00 1.724078941345214844e+01
1.214946365356445312e+01 7.436665892601013184e-01 8.786546707153320312e+00
9.529342651367187500e+00 4.391798496246337891e+00 -2.863476371765136719e+01
-5.238190174102783203e+00 1.822764396667480469e+01 1.747207641601562500e+01
2.829446029663085938e+01 -1.518493270874023438e+01 2.068785858154296875e+01
1.165343761444091797e+00 -3.932789802551269531e+00 2.721927833557128906e+01
-7.662050724029541016e-01 8.540484428405761719e+00 -1.563266754150390625e+01
2.328963851928710938e+01 -6.588981151580810547e+00 1.361805152893066406e+01
2.326842689514160156e+01 -8.016006469726562500e+00 5.640158653259277344e+00
-1.439696502685546875e+01 -1.505121707916259766e+00 3.721809387207031250e+01
-6.073483467102050781e+00 -1.849128913879394531e+01 -3.195366621017456055e+00
2.555099487304687500e+01 1.408747768402099609e+01 1.730864048004150391e+00
2.001604843139648438e+01 2.273281097412109375e+01 2.301478385925292969e+01
9.303425550460815430e-01 -2.080867576599121094e+01 1.847591972351074219e+01
-6.287383437156677246e-01 3.062879562377929688e+01 9.818240165710449219e+00
2.160578536987304688e+01 2.149151802062988281e+01 5.071342468261718750e+00
-3.450252151489257812e+01 -1.711564064025878906e+01 -4.344232082366943359e+00
-1.369848346710205078e+01 2.020929145812988281e+01 2.254886627197265625e+01
6.273537874221801758e-01 9.309780120849609375e+00 -2.666984748840332031e+01
-2.820308446884155273e+00 -2.401434326171875000e+01 -2.543653678894042969e+01
-4.017587280273437500e+01 -4.099101543426513672e+00 1.208794689178466797e+01
1.841669273376464844e+01 -9.196342468261718750e+00 -2.487143707275390625e+01
-3.130679130554199219e+01 1.757664299011230469e+01 -2.967854261398315430e+00
-1.487786388397216797e+01 -2.031760025024414062e+01 1.114770317077636719e+01
1.615542531013488770e+00 -1.607817459106445312e+01 -4.894598424434661865e-01
-1.399138450622558594e+01 2.415691184997558594e+01 -2.037053680419921875e+01
-2.270718193054199219e+01 5.577208995819091797e+00 -1.179224872589111328e+01
-1.817619323730468750e+01 -5.156583786010742188e+00 -6.816391944885253906e+00
1.871467399597167969e+01 2.095082283020019531e+01 1.851043319702148438e+01
2.636766433715820312e+01 1.914328932762145996e+00 1.822484016418457031e+01
-1.713416290283203125e+01 -2.072903633117675781e+01 2.559661102294921875e+01
1.051474761962890625e+01 1.089022254943847656e+01 1.094859695434570312e+01
4.362423419952392578e+00 2.122531509399414062e+01 -1.151819038391113281e+01
2.722429466247558594e+01 8.667848587036132812e+00 6.215104103088378906e+00
-2.019207954406738281e+01 -2.960945129394531250e+01 4.458467364311218262e-01
-1.130976915359497070e+00 3.213320541381835938e+01 -8.688289642333984375e+00
5.096350312232971191e-01 1.334149360656738281e+01 7.193032741546630859e+00
1.305041122436523438e+01 -8.311758041381835938e+00 -9.430362701416015625e+00
2.840431332588195801e-01 -4.140206909179687500e+01 -4.344968318939208984e+00
1.115832519531250000e+01 -5.143520832061767578e+00 3.700369262695312500e+01
-1.701242828369140625e+01 1.914253425598144531e+01 2.407165527343750000e+01
-2.149202537536621094e+01 -1.480144691467285156e+01 1.152711296081542969e+01
3.457189559936523438e+01 6.905029296875000000e+00 -9.750365257263183594e+00
-9.404434204101562500e+00 -1.699632835388183594e+01 -9.431736946105957031e+00
-7.198535919189453125e+00 2.578223943710327148e+00 -5.498643398284912109e+00
-2.717185497283935547e+00 -1.289140224456787109e+00 -1.859509086608886719e+01
2.811618566513061523e+00 -5.117900848388671875e+00 -3.335287094116210938e+01
1.975068283081054688e+01 -1.327211570739746094e+01 1.773617172241210938e+01
-2.413732910156250000e+01 3.866184949874877930e+00 -2.032258987426757812e+01
-1.994734382629394531e+01 -1.090827274322509766e+01 -2.826510047912597656e+01
-1.815076828002929688e+01 -3.042808055877685547e+00 1.204711627960205078e+01
-1.395917892456054688e+01 -2.176904487609863281e+01 -1.108656024932861328e+01
2.917751121520996094e+01 1.976879954338073730e+00 -1.298493027687072754e+00
1.822446227073669434e+00 1.703015708923339844e+01 -3.230833435058593750e+01
-1.120745182037353516e+01 -5.910530090332031250e+00 2.670433425903320312e+01
-4.258357524871826172e+00 2.869364547729492188e+01 -2.278684043884277344e+01
-8.857066154479980469e+00 -1.313619804382324219e+01 3.638246536254882812e+01
1.382049655914306641e+01 -3.009227371215820312e+01 3.392021417617797852e+00
2.602795791625976562e+01 9.430711746215820312e+00 2.432315635681152344e+01
-2.433362245559692383e+00 3.178614854812622070e+00 9.461450576782226562e+00
-2.642264938354492188e+01 5.324507236480712891e+00 2.731905364990234375e+01
-1.190504455566406250e+01 -1.632359886169433594e+01 1.536697483062744141e+01
-1.513093090057373047e+01 -2.522065734863281250e+01 -2.093437576293945312e+01
-6.824356555938720703e+00 6.237178802490234375e+00 -3.000707435607910156e+01
3.328937149047851562e+01 -1.714188003540039062e+01 -2.852944850921630859e+00
-3.995424509048461914e+00 1.588751792907714844e+01 2.267837524414062500e+01
5.228102684020996094e+00 2.964093589782714844e+01 -2.468080520629882812e+01
1.083376407623291016e+01 -3.190877914428710938e+01 -2.200877189636230469e+01
-4.740113735198974609e+00 1.398108291625976562e+01 1.335561990737915039e+00
2.545648193359375000e+01 1.293313884735107422e+01 5.557334899902343750e+00
-1.286931991577148438e+01 -1.584627914428710938e+01 1.546509075164794922e+01
-2.576895523071289062e+01 -1.838186836242675781e+01 -7.525434970855712891e+00
-1.075228500366210938e+01 -2.969845581054687500e+01 1.977099990844726562e+01
-2.220528841018676758e+00 3.430854415893554688e+01 -6.951071739196777344e+00
-3.008150577545166016e+00 2.357349205017089844e+01 2.210792541503906250e+01
1.064946079254150391e+01 -3.461822891235351562e+01 -5.051291465759277344e+00
2.272902679443359375e+01 8.251194953918457031e+00 -2.031942176818847656e+01
-5.306305885314941406e+00 8.996030807495117188e+00 -1.712221336364746094e+01
-1.749436736106872559e+00 -2.096419525146484375e+01 -7.663563251495361328e+00
-1.140775203704833984e+01 3.100455665588378906e+01 -1.127859020233154297e+01
1.106948614120483398e+00 -3.273628616333007812e+01 -1.991687393188476562e+01
-8.620778322219848633e-01 3.224775314331054688e+01 -9.430394172668457031e+00
-1.285423088073730469e+01 1.779550743103027344e+01 -2.649759483337402344e+01
1.995429229736328125e+01 -1.082456684112548828e+01 -2.158989143371582031e+01
1.920505285263061523e+00 -2.473953437805175781e+01 -1.831675720214843750e+01
-1.168672466278076172e+01 1.183149051666259766e+01 -4.577009677886962891e-01
-2.037687301635742188e+00 4.315330982208251953e+00 -3.627864837646484375e+01
-1.116184425354003906e+01 -2.659297752380371094e+01 -1.470881843566894531e+01
-1.950593566894531250e+01 -7.041142940521240234e+00 -8.954373002052307129e-01
4.016744613647460938e+00 5.774493217468261719e-01 -2.531402969360351562e+01
-2.359025955200195312e+01 3.011694192886352539e+00 1.451319026947021484e+01
-8.033227920532226562e+00 1.239489436149597168e+00 -3.657628631591796875e+01
-3.732944869995117188e+01 1.091737079620361328e+01 9.427578926086425781e+00
1.423090839385986328e+01 -3.562403097748756409e-02 3.808182907104492188e+01
-2.237222343683242798e-01 -2.015042543411254883e+00 2.194687080383300781e+01
-1.792817354202270508e+00 -3.040855216979980469e+01 -6.813883781433105469e+00
-9.617076873779296875e+00 7.418375968933105469e+00 -2.524862670898437500e+01
1.735189437866210938e+01 -3.281690216064453125e+01 -1.031779193878173828e+01
-4.885599613189697266e+00 2.056753635406494141e+00 -1.956423950195312500e+01
3.423770904541015625e+01 -5.664011001586914062e+00 2.009920692443847656e+01
1.995311737060546875e+01 -3.294912338256835938e+01 7.243434429168701172e+00
-4.602587699890136719e+00 -2.193722009658813477e+00 2.836843490600585938e+00
1.721211624145507812e+01 2.703229522705078125e+01 2.042236900329589844e+01
1.481611442565917969e+01 6.656619071960449219e+00 -1.935446357727050781e+01
-2.004884719848632812e+01 1.016429805755615234e+01 2.073604774475097656e+01
1.042175388336181641e+01 -3.315164947509765625e+01 -2.225962257385253906e+01
-9.390748023986816406e+00 1.247212982177734375e+01 3.597360229492187500e+01
-1.382462692260742188e+01 1.778750610351562500e+01 1.892047500610351562e+01
-2.581656932830810547e+00 2.322388839721679688e+01 -9.686095237731933594e+00
-2.078855514526367188e+01 1.322283267974853516e+00 -1.709444618225097656e+01
-2.229457664489746094e+01 -3.140819966793060303e-01 -3.358985900878906250e+00
-2.232478904724121094e+01 4.684252738952636719e+00 -1.537711811065673828e+01
-1.804777336120605469e+01 1.653214645385742188e+01 -1.791573333740234375e+01
1.976701927185058594e+01 2.282920837402343750e+01 2.408284187316894531e+01
-8.801300048828125000e+00 -2.495952987670898438e+01 1.272723770141601562e+01
9.684401154518127441e-01 -3.568910121917724609e+00 -2.749348258972167969e+01
-3.135081291198730469e+01 1.549701213836669922e+01 1.375329494476318359e+00
2.720588302612304688e+01 2.837689590454101562e+01 -2.146428823471069336e+00
-2.237785911560058594e+01 -1.455628108978271484e+01 1.371154594421386719e+01
-2.218728637695312500e+01 3.904221534729003906e+00 -1.186745071411132812e+01
-3.125782203674316406e+01 -1.783518981933593750e+01 4.615267753601074219e+00
-7.627428531646728516e+00 -1.598883819580078125e+01 -1.537444782257080078e+01
-5.174490451812744141e+00 2.237105178833007812e+01 -5.198234081268310547e+00
-1.610355758666992188e+01 1.461510658264160156e+01 -1.128348350524902344e+00
1.408424854278564453e+01 -2.774172782897949219e+01 9.544889926910400391e-01
-8.068286895751953125e+00 -1.216012191772460938e+01 -6.480678081512451172e+00
-6.213740348815917969e+00 -1.078760051727294922e+01 2.338214302062988281e+01
3.610601663589477539e+00 -3.290862274169921875e+01 1.254641914367675781e+01
1.783186340332031250e+01 1.650412178039550781e+01 3.019086647033691406e+01
-1.088586139678955078e+01 1.085986042022705078e+01 3.717396926879882812e+01
-1.266095638275146484e+01 2.336973428726196289e+00 -1.874294471740722656e+01
-2.809963226318359375e+01 -1.489211273193359375e+01 -2.065657424926757812e+01
-1.547855567932128906e+01 1.504452824592590332e+00 -2.722178268432617188e+01
2.417438745498657227e+00 1.087075042724609375e+01 -2.730669403076171875e+01
7.785336494445800781e+00 1.326478099822998047e+01 -3.492294311523437500e+01
1.193229675292968750e+01 1.767654418945312500e+01 -2.217601013183593750e+01
-9.084032058715820312e+00 -1.375523281097412109e+01 3.361587524414062500e+01
3.145561599731445312e+01 -1.912625312805175781e+01 -6.870992779731750488e-01
-4.861740589141845703e+00 2.653022003173828125e+01 -2.341154861450195312e+01
2.284501838684082031e+01 2.070095252990722656e+01 4.787807762622833252e-01
-1.204352474212646484e+01 2.532546997070312500e+00 2.286962747573852539e+00
3.576387643814086914e+00 2.837903976440429688e+01 -2.473738861083984375e+01
3.340731859207153320e+00 -9.069894790649414062e+00 2.425854682922363281e+00
1.024426698684692383e+00 -3.063799285888671875e+01 5.132566928863525391e+00
3.809819030761718750e+01 -9.665778160095214844e+00 -9.785823822021484375e+00
2.101051712036132812e+01 7.360406875610351562e+00 -2.165850257873535156e+01
1.849644088745117188e+01 6.394035339355468750e+00 5.035684108734130859e+00
-2.756021618843078613e-01 -3.873390960693359375e+01 -3.196819782257080078e+00
2.571722412109375000e+01 -2.426277995109558105e-01 3.164872169494628906e+01
1.743879699707031250e+01 -8.335897445678710938e+00 -2.552034759521484375e+01
-1.716849708557128906e+01 2.031073188781738281e+01 1.968014144897460938e+01
2.283233833312988281e+01 8.625000000000000000e+00 1.067588615417480469e+01
1.474401378631591797e+01 -2.775642967224121094e+01 -9.848602294921875000e+00
-2.318780326843261719e+01 9.515848159790039062e+00 -2.161710357666015625e+01
1.013128161430358887e+00 -8.741287589073181152e-01 -2.399899864196777344e+01
-3.414584398269653320e+00 3.942649364471435547e+00 3.910262298583984375e+01
2.593994712829589844e+01 2.031809997558593750e+01 -2.394147634506225586e+00
2.545600891113281250e+01 -3.654724836349487305e+00 1.966325378417968750e+01
1.283797550201416016e+01 1.660512804985046387e+00 -1.348039436340332031e+01
2.980471038818359375e+01 -2.355537033081054688e+01 5.480604171752929688e+00
-1.282526397705078125e+01 1.981482505798339844e+01 1.472967147827148438e+01
8.166951179504394531e+00 -8.419319152832031250e+00 3.887944793701171875e+01
4.443649768829345703e+00 -4.346985816955566406e+00 1.883892440795898438e+01
-1.643360900878906250e+01 2.998725700378417969e+01 1.706798076629638672e-01
-2.697414588928222656e+01 6.172679901123046875e+00 -1.751807022094726562e+01
8.623846054077148438e+00 -7.710806846618652344e+00 -1.029468154907226562e+01
1.020695877075195312e+01 3.869204330444335938e+01 -5.981014251708984375e+00
-1.814857101440429688e+01 3.203799438476562500e+01 -4.485517442226409912e-01
-7.282925128936767578e+00 2.499620819091796875e+01 1.011678409576416016e+01
5.879108905792236328e+00 9.789895057678222656e+00 2.595054626464843750e+00
-3.140531921386718750e+01 -1.073332691192626953e+01 6.268858432769775391e+00
-6.720186233520507812e+00 4.029650115966796875e+01 -2.976839303970336914e+00
-3.177983665466308594e+01 -1.684836196899414062e+01 -7.224572181701660156e+00
1.808681678771972656e+01 7.991186141967773438e+00 -3.506277322769165039e+00
-1.864254379272460938e+01 -1.719253540039062500e+01 1.477097034454345703e+01
3.741773223876953125e+01 -8.073159217834472656e+00 -9.666412353515625000e+00
-1.074366855621337891e+01 -2.249276161193847656e+01 -7.374129772186279297e+00
-1.370223236083984375e+01 3.102653694152832031e+01 7.495406627655029297e+00
-3.645969772338867188e+01 1.280499458312988281e+01 7.594968795776367188e+00
-3.913374662399291992e+00 -5.587762355804443359e+00 2.974489703774452209e-02
-2.424692153930664062e+01 -6.347315788269042969e+00 2.005029869079589844e+01
1.306324481964111328e+01 4.104872703552246094e+00 4.729427337646484375e+00
1.777455711364746094e+01 6.430354595184326172e+00 -6.169025897979736328e+00
1.537433147430419922e+01 -6.119804382324218750e-01 -3.634472274780273438e+01
5.575201988220214844e+00 5.991672873497009277e-01 4.711360037326812744e-01
1.207270771265029907e-01 -9.280667304992675781e+00 1.047674942016601562e+01
1.121620273590087891e+01 7.331951141357421875e+00 -2.818683815002441406e+01
2.872383308410644531e+01 1.518068313598632812e+01 6.164888381958007812e+00
-4.808240413665771484e+00 5.225244998931884766e+00 -6.473245620727539062e-01
-2.882489585876464844e+01 -1.137179565429687500e+01 7.650125503540039062e+00
-2.564152908325195312e+01 9.633276462554931641e-01 3.987850189208984375e+00
2.570918464660644531e+01 -1.085486984252929688e+01 -2.489474296569824219e+01
-2.035327529907226562e+01 -7.076930046081542969e+00 2.729297637939453125e+01
-8.071744441986083984e-01 -1.863639640808105469e+01 -3.152507781982421875e+01
-2.039763641357421875e+01 2.368732833862304688e+01 2.145890617370605469e+01
-3.099188089370727539e+00 1.476569461822509766e+01 8.589847683906555176e-01
1.260755920410156250e+01 2.441967582702636719e+01 1.180953121185302734e+01
-5.620991230010986328e+00 2.873074150085449219e+01 -2.507470130920410156e+01
2.421035575866699219e+01 -1.629847526550292969e+01 2.555609321594238281e+01
7.423241138458251953e+00 1.072006988525390625e+01 4.102688729763031006e-01
2.526076889038085938e+01 1.098637008666992188e+01 2.229805183410644531e+01
-1.386700153350830078e+00 -2.602013015747070312e+01 -7.547271847724914551e-01
2.274456977844238281e+00 -2.919534407556056976e-02 -9.745755195617675781e+00
-1.379753780364990234e+01 -1.076371860504150391e+01 -3.128199195861816406e+01
-6.875170707702636719e+00 -2.613424110412597656e+01 -1.879089164733886719e+01
-1.698109436035156250e+01 -2.014270591735839844e+01 -2.890923500061035156e+01
1.264690589904785156e+01 -4.212485790252685547e+00 3.782938385009765625e+01
-1.339942836761474609e+01 2.303144264221191406e+01 1.843962669372558594e+01
5.997251987457275391e+00 2.194312858581542969e+01 -1.951987648010253906e+01
2.787711715698242188e+01 2.392857933044433594e+01 2.422188282012939453e+00
-1.164020442962646484e+01 -9.779124259948730469e+00 -6.584700107574462891e+00
1.382103919982910156e+01 -8.961421966552734375e+00 -7.755966186523437500e+00
-3.912680053710937500e+01 -1.887508481740951538e-01 1.008439350128173828e+01
6.389132976531982422e+00 8.559081077575683594e+00 -1.067228603363037109e+01
3.306847763061523438e+01 7.112444877624511719e+00 7.608383655548095703e+00
-1.365068817138671875e+01 -1.299871444702148438e+01 -3.075999641418457031e+01
-5.025811672210693359e+00 1.201092910766601562e+01 -1.187594032287597656e+01
1.557966709136962891e+00 -2.191655921936035156e+01 2.783393478393554688e+01
-8.897199630737304688e+00 -2.526180839538574219e+01 2.802360916137695312e+01
1.453646850585937500e+01 -1.742774200439453125e+01 -4.315763950347900391e+00
-2.748925447463989258e+00 1.626915931701660156e+01 1.105235099792480469e+01
9.134700775146484375e+00 3.553352355957031250e+01 -4.349962234497070312e+00
1.463294410705566406e+01 2.532647514343261719e+01 -5.144956588745117188e+00
7.423913002014160156e+00 1.307926845550537109e+01 -1.331564903259277344e+00
1.753814697265625000e+01 1.231561183929443359e+00 -3.478314971923828125e+01
9.321873664855957031e+00 3.032085609436035156e+01 -1.369722557067871094e+01
-9.237387657165527344e+00 2.292497396469116211e+00 -2.917001724243164062e+01
6.575153827667236328e+00 2.700259208679199219e+01 2.273253202438354492e+00
-1.777897238731384277e+00 3.662065505981445312e+01 -1.105764102935791016e+01
1.930885314941406250e+00 -1.039408016204833984e+01 1.176029586791992188e+01
2.687413024902343750e+01 3.548933029174804688e+00 -2.871965026855468750e+01
1.890410614013671875e+01 -5.961281776428222656e+00 -1.023428630828857422e+01
3.664891433715820312e+01 1.553783893585205078e+00 5.173603534698486328e+00
1.672136497497558594e+01 1.798991394042968750e+01 -1.524675750732421875e+01
-2.282151222229003906e+01 2.503934383392333984e+00 1.415169429779052734e+01
3.776314258575439453e+00 3.919505357742309570e+00 -1.905899238586425781e+01
-1.817641639709472656e+01 -1.492402172088623047e+01 4.176254272460937500e+00
-2.788058280944824219e+00 -8.490210533142089844e+00 6.847271919250488281e+00
-1.158320069313049316e+00 4.009391021728515625e+01 -1.125614547729492188e+01
-3.995896816253662109e+00 6.580214977264404297e+00 -1.392652034759521484e+01
1.459164333343505859e+01 -2.031413555145263672e+00 -3.497912597656250000e+01
1.209941768646240234e+01 -9.123184204101562500e+00 -6.835045814514160156e+00
6.993857860565185547e+00 3.159768486022949219e+01 1.888260459899902344e+01
1.618956565856933594e+01 1.117624759674072266e+01 2.241472959518432617e+00
-2.008984088897705078e+00 4.129619216918945312e+01 2.823251724243164062e+00
1.560723018646240234e+01 1.952845954895019531e+01 -1.506039428710937500e+01
1.219578933715820312e+01 2.946378135681152344e+01 -1.385823726654052734e+01
-5.476793766021728516e+00 -1.424648571014404297e+01 -1.600955200195312500e+01
-1.305089092254638672e+01 -2.341524314880371094e+01 -2.060801696777343750e+01
1.313669013977050781e+01 -7.175865173339843750e-01 -3.727529144287109375e+01
-1.326395988464355469e+01 1.320130157470703125e+01 -1.394358062744140625e+01
9.427902221679687500e+00 3.492707443237304688e+01 -4.409132480621337891e+00
-6.277002811431884766e+00 -1.114072704315185547e+01 6.751193523406982422e+00
1.867132377624511719e+01 9.156663894653320312e+00 -2.394355773925781250e+00
1.044269275665283203e+01 -4.995101928710937500e+00 -2.385564994812011719e+01
3.549201250076293945e+00 -8.679059982299804688e+00 1.870422244071960449e+00
2.635232353210449219e+01 2.940366983413696289e+00 -1.746482849121093750e+00
1.980086135864257812e+01 1.568787479400634766e+01 -1.967731094360351562e+01
2.394293594360351562e+01 5.066352844238281250e+00 -1.275755596160888672e+01
-1.671696901321411133e+00 -6.531479835510253906e+00 2.713378906250000000e+01
-1.329106140136718750e+01 2.316104173660278320e+00 -2.461457061767578125e+01
-4.439632892608642578e+00 2.946639251708984375e+01 -2.359028053283691406e+01
2.702975845336914062e+01 8.304358482360839844e+00 5.886332511901855469e+00
1.142584037780761719e+01 -2.292421531677246094e+01 -4.252123355865478516e+00
2.562737655639648438e+01 -8.914544105529785156e+00 2.736100006103515625e+01
2.118654632568359375e+01 -2.579645538330078125e+01 4.787844657897949219e+00
9.414054870605468750e+00 -8.340657234191894531e+00 3.792865753173828125e+01
1.686041641235351562e+01 -3.331094503402709961e+00 1.810096359252929688e+01
-5.206950187683105469e+00 -4.274394512176513672e+00 3.540728759765625000e+01
7.956144213676452637e-01 3.582270050048828125e+01 1.854149436950683594e+01
-5.399360656738281250e+00 2.313514328002929688e+01 1.611791229248046875e+01
2.148531913757324219e+01 -3.368477106094360352e+00 2.156941032409667969e+01
1.863621520996093750e+01 -7.957890987396240234e+00 -2.036654710769653320e+00
1.669775772094726562e+01 -3.056761932373046875e+01 -5.350196361541748047e+00
1.169710636138916016e+00 -1.438674163818359375e+01 -1.748070001602172852e+00
1.008434963226318359e+01 9.896802902221679688e+00 9.923916816711425781e+00
-5.251912593841552734e+00 -2.092244529724121094e+01 2.402511787414550781e+01
-1.438540649414062500e+01 3.315164804458618164e+00 -1.889501953125000000e+01
6.868466854095458984e+00 -2.045326471328735352e+00 1.123367023468017578e+01
-7.412193775177001953e+00 1.660903739929199219e+01 -7.904413223266601562e+00
-2.342390251159667969e+01 -1.475673007965087891e+01 2.937267541885375977e+00
9.229143142700195312e+00 -1.447937011718750000e+01 5.542601108551025391e+00
-6.452472686767578125e+00 -3.779237508773803711e+00 -6.728311061859130859e+00
1.769099617004394531e+01 -1.550892353057861328e+01 -5.104287147521972656e+00
-1.558447360992431641e+00 2.357840156555175781e+01 8.901775360107421875e+00
-1.951055335998535156e+01 -1.105653476715087891e+01 3.437344741821289062e+01
-7.123071670532226562e+00 -2.032833671569824219e+01 -7.588376998901367188e+00
2.563030815124511719e+01 5.273064613342285156e+00 -2.955093193054199219e+01
-1.260717988014221191e+00 3.688457489013671875e+01 -9.055037498474121094e+00
9.294932365417480469e+00 -2.040365791320800781e+01 8.296205520629882812e+00
7.420582294464111328e+00 2.135176420211791992e+00 -2.845469284057617188e+01
-1.298316240310668945e+00 -3.894373703002929688e+01 3.690669834613800049e-01
-1.411356091499328613e+00 9.810020446777343750e+00 -7.889624118804931641e+00
1.478363132476806641e+01 7.558580875396728516e+00 1.153983473777770996e+00
-6.974118232727050781e+00 -2.047993469238281250e+01 -7.781142234802246094e+00
1.668339538574218750e+01 -1.235654544830322266e+01 4.270824909210205078e+00
2.241840553283691406e+01 -2.952419853210449219e+01 3.606257677078247070e+00
9.793328642845153809e-01 -4.105022430419921875e+00 2.557569503784179688e+01
1.502891063690185547e+01 5.100893020629882812e+00 -7.518993854522705078e+00
-1.815266418457031250e+01 -9.487059593200683594e+00 1.786326789855957031e+01
2.915017318725585938e+01 -3.427897453308105469e+00 -6.948054313659667969e+00
-2.598130798339843750e+01 -6.285006523132324219e+00 -7.526161670684814453e+00
-1.563220858573913574e+00 1.498598957061767578e+01 -3.041113471984863281e+01
1.004030323028564453e+01 -7.264378547668457031e+00 3.882328414916992188e+01
-5.062402725219726562e+00 3.599328613281250000e+01 1.754224014282226562e+01
-1.208802413940429688e+01 2.397927284240722656e+01 -7.470421791076660156e+00
1.205649948120117188e+01 4.162745285034179688e+01 3.468983411788940430e+00
2.174464416503906250e+01 -1.601247406005859375e+01 -3.101534605026245117e+00
3.198141336441040039e+00 -3.295385360717773438e+01 1.447159671783447266e+01
-1.681894302368164062e+01 1.707791900634765625e+01 -2.493215799331665039e+00
1.906165695190429688e+01 6.221346855163574219e+00 2.922439575195312500e+01
-1.947305679321289062e+01 1.086633968353271484e+01 1.984623146057128906e+01
-6.734575271606445312e+00 2.731580924987792969e+01 1.090343475341796875e+01
3.771077871322631836e+00 -2.307890892028808594e+00 1.919168472290039062e+00
-8.202493786811828613e-01 3.088349533081054688e+01 8.987961769104003906e+00
2.655882453918457031e+01 -1.675410842895507812e+01 -9.872629165649414062e+00
4.508675098419189453e+00 2.396720647811889648e+00 1.751298522949218750e+01
5.845135211944580078e+00 2.803839302062988281e+01 -1.217508983612060547e+01
-1.183377456665039062e+01 3.525395154953002930e+00 -2.994386482238769531e+01
2.865090751647949219e+01 -3.986454725265502930e+00 -7.065427780151367188e+00
-1.449316120147705078e+01 -4.587043225765228271e-01 -3.176599693298339844e+01
-9.971744537353515625e+00 5.536998748779296875e+00 1.373901081085205078e+01
1.040944290161132812e+01 -6.792908191680908203e+00 -4.801018238067626953e+00
-1.415699863433837891e+01 8.414730072021484375e+00 9.005387306213378906e+00
2.001765632629394531e+01 -7.893373489379882812e+00 -4.108626842498779297e+00
2.350964927673339844e+01 -4.008411407470703125e+00 -1.461873054504394531e+01
2.643153572082519531e+01 -4.885647773742675781e+00 2.009738349914550781e+01
2.021336364746093750e+01 1.906779289245605469e+01 2.746282386779785156e+01
-2.639443159103393555e+00 -3.232439422607421875e+01 -7.593557357788085938e+00
-1.261783695220947266e+01 7.342175960540771484e+00 2.886968994140625000e+01
-3.768360614776611328e+00 -3.127790832519531250e+01 8.034737110137939453e-01
7.160263538360595703e+00 -8.511915206909179688e+00 -1.060957813262939453e+01
4.194970703125000000e+01 -6.311636447906494141e+00 4.538168907165527344e+00
-2.562291526794433594e+01 -8.719329833984375000e+00 -2.672978973388671875e+01
3.427283477783203125e+01 -4.964476108551025391e+00 2.054915237426757812e+01
2.057178688049316406e+01 -7.792972564697265625e+00 3.133818864822387695e+00
7.309214591979980469e+00 1.036608123779296875e+01 6.397129893302917480e-01
-1.004479026794433594e+01 2.908198738098144531e+01 2.133185625076293945e+00
-1.957665634155273438e+01 -1.159732151031494141e+01 3.400890350341796875e+01
-2.863753700256347656e+01 1.797397422790527344e+01 -1.964929699897766113e+00
-7.597404479980468750e+00 1.216295242309570312e+01 1.442668628692626953e+01
2.739109230041503906e+01 -2.685578536987304688e+01 -4.783318519592285156e+00
-3.191448593139648438e+01 -1.793455123901367188e+01 -5.536561489105224609e+00
1.455480766296386719e+01 1.464581680297851562e+01 1.468810176849365234e+01
5.035681247711181641e+00 9.693555831909179688e+00 -3.197219085693359375e+01
1.401823616027832031e+01 -9.601804733276367188e+00 6.862730503082275391e+00
-7.375492572784423828e+00 1.681993293762207031e+01 1.755587768554687500e+01
8.658491134643554688e+00 1.747003936767578125e+01 3.399117279052734375e+01
-1.019797229766845703e+01 -8.846210837364196777e-01 -7.841639041900634766e+00
-1.149694156646728516e+01 -1.839721488952636719e+01 -3.769581317901611328e+00
-7.649394989013671875e+00 -1.968922853469848633e+00 -2.481996726989746094e+01
3.498282623291015625e+01 -7.584329605102539062e+00 -1.341600322723388672e+01
-1.362868118286132812e+01 -4.062160491943359375e+00 -1.404657936096191406e+01
-9.231250762939453125e+00 -2.671481513977050781e+01 2.128052139282226562e+01
-1.935209846496582031e+01 -9.776517868041992188e+00 3.476735687255859375e+01
-2.912192916870117188e+01 -5.734171390533447266e+00 7.274731159210205078e+00
1.847223564982414246e-02 2.168784523010253906e+01 1.639311981201171875e+01
3.350247144699096680e+00 -8.016821861267089844e+00 3.867034530639648438e+01
2.400685787200927734e+00 1.494200420379638672e+01 1.957336997985839844e+01
1.015258407592773438e+01 4.394921779632568359e+00 -3.746702957153320312e+01
-6.135522365570068359e+00 -5.973221302032470703e+00 -2.953512907028198242e+00
6.962089538574218750e+00 2.233276557922363281e+01 -2.083447074890136719e+01
1.278967285156250000e+01 -2.564818191528320312e+01 2.134981346130371094e+01
8.942896842956542969e+00 1.287647247314453125e+01 6.546616077423095703e+00
-5.090644359588623047e+00 9.893859863281250000e+00 8.494852066040039062e+00
1.826484680175781250e+01 -1.494656372070312500e+01 1.329622745513916016e+01
1.491265678405761719e+01 -3.962384939193725586e+00 3.636894226074218750e+01
-1.698839950561523438e+01 -9.506072044372558594e+00 -1.390491962432861328e+01
-2.157900047302246094e+01 2.193378067016601562e+01 6.533732414245605469e+00
1.943314743041992188e+01 -2.028809738159179688e+01 -1.892591857910156250e+01
2.305669784545898438e+01 2.510950326919555664e+00 1.092851352691650391e+01
-4.884188175201416016e+00 -1.889094543457031250e+01 -1.752266407012939453e+00
1.265087032318115234e+01 1.967437362670898438e+01 1.600214767456054688e+01
1.181015872955322266e+01 1.163518726825714111e-01 -3.496142959594726562e+01
1.472071647644042969e+00 1.729334831237792969e+01 9.050908088684082031e+00
1.912083244323730469e+01 2.172094583511352539e+00 -2.071008300781250000e+01
1.162725830078125000e+01 -1.328103989362716675e-01 1.682956504821777344e+01
9.335334777832031250e+00 4.181857109069824219e+00 -2.761829495429992676e-01
6.288684844970703125e+00 2.555007934570312500e+01 5.869120121002197266e+00
-7.617843627929687500e+00 -8.625508308410644531e+00 -8.754766464233398438e+00
-2.215288734436035156e+01 -2.320556831359863281e+01 -2.145035171508789062e+01
-4.497828960418701172e+00 -8.714454650878906250e+00 -3.042164230346679688e+01
8.042997121810913086e-02 1.198165798187255859e+01 1.997956275939941406e+01
5.889151573181152344e+00 1.436881160736083984e+01 -2.574637603759765625e+01
1.317157936096191406e+01 1.366137599945068359e+01 1.793891906738281250e+01
6.949096202850341797e+00 2.065966033935546875e+01 -1.175391674041748047e+01
-1.922042083740234375e+01 1.912199616432189941e+00 5.032608985900878906e+00
-2.330945014953613281e+01 -5.480134963989257812e+00 -2.160470390319824219e+01
-8.361498832702636719e+00 1.662141561508178711e+00 -3.010730552673339844e+01
1.191229248046875000e+01 -1.767245769500732422e+00 -3.740154647827148438e+01
6.329345703125000000e+00 -8.746632575988769531e+00 -9.040007591247558594e+00
4.680838584899902344e+00 -2.187187957763671875e+01 -2.596602058410644531e+01
-5.509512424468994141e+00 1.730022811889648438e+01 1.687114953994750977e+00
-1.248426342010498047e+01 -4.089964866638183594e+00 1.653015708923339844e+01
7.479398250579833984e+00 1.944443130493164062e+01 3.338397598266601562e+01
6.416629791259765625e+00 2.953743743896484375e+01 1.643763160705566406e+01
-3.033530950546264648e+00 -1.571115398406982422e+01 4.968606233596801758e-01
1.337249088287353516e+01 2.198007202148437500e+01 -1.223584890365600586e+00
3.493846130371093750e+01 -1.117756652832031250e+01 1.972629547119140625e+01
-1.005709838867187500e+01 -1.772598457336425781e+01 3.418743610382080078e-01
6.740349292755126953e+00 3.949301004409790039e+00 2.145187759399414062e+01
2.331304740905761719e+01 -1.169891643524169922e+01 1.490787029266357422e+01
-2.986919403076171875e+01 3.061810731887817383e+00 1.817560768127441406e+01
-1.139237880706787109e+01 3.450307846069335938e-01 -3.673733901977539062e+01
-1.759064102172851562e+01 -4.782259464263916016e+00 -6.059196472167968750e+00
-7.939072132110595703e+00 1.825263261795043945e+00 2.612547302246093750e+01
-2.028409385681152344e+01 -5.919221401214599609e+00 2.154103088378906250e+01
2.138692474365234375e+01 -1.885929489135742188e+01 1.809495735168457031e+01
-1.059004592895507812e+01 -6.274775028228759766e+00 -2.114662361145019531e+01
2.477371692657470703e+00 -2.071808815002441406e+01 9.672383069992065430e-01
-6.986084938049316406e+00 1.378151035308837891e+01 1.183880901336669922e+01
-2.423774719238281250e+01 7.846917510032653809e-01 -1.617947387695312500e+01
1.316236877441406250e+01 -1.583769619464874268e-01 -3.771403121948242188e+01
-1.443356418609619141e+01 9.118850708007812500e+00 -2.578839683532714844e+01
-1.674284744262695312e+01 -4.222809314727783203e+00 -1.667295646667480469e+01
-1.376813220977783203e+01 -1.159016042947769165e-02 3.957699584960937500e+01
-2.200804138183593750e+01 -4.684006214141845703e+00 9.101802110671997070e-01
-1.351788806915283203e+01 -1.189381217956542969e+01 -1.146299168467521667e-01
7.699764251708984375e+00 -3.211577987670898438e+01 -2.057150459289550781e+01
-1.456061649322509766e+01 5.644049167633056641e+00 -2.515747785568237305e+00
1.659311485290527344e+01 -7.022416114807128906e+00 -1.421982765197753906e+01
3.460146331787109375e+01 -5.295232772827148438e+00 -1.524491977691650391e+01
2.915744590759277344e+01 -1.025436401367187500e+01 1.614329338073730469e+01
4.241048336029052734e+00 -2.673318481445312500e+01 -3.979947805404663086e+00
2.568370819091796875e+01 2.784585714340209961e+00 1.775936698913574219e+01
1.347079658508300781e+01 -1.932561492919921875e+01 -1.572187709808349609e+01
-1.980209350585937500e+01 2.929087448120117188e+01 1.654882812500000000e+01
6.850645065307617188e+00 2.612794303894042969e+01 1.390637779235839844e+01
-2.161750984191894531e+01 1.917279243469238281e+01 -6.617911815643310547e+00
2.463472938537597656e+01 9.406844139099121094e+00 1.496380710601806641e+01
6.056489467620849609e+00 -1.700783538818359375e+01 1.245911312103271484e+01
2.622748565673828125e+01 -1.404369068145751953e+01 7.773188408464193344e-04
-1.927815628051757812e+01 -2.380152225494384766e+00 -5.830405235290527344e+00
-1.050996398925781250e+01 -5.900931358337402344e+00 1.948107928037643433e-01
-2.678879356384277344e+01 4.969364166259765625e+00 7.960659861564636230e-01
1.011823368072509766e+01 -5.521786689758300781e+00 -2.362064933776855469e+01
-3.596617507934570312e+01 -7.489549160003662109e+00 -2.591515064239501953e+00
-7.922671318054199219e+00 -1.429194259643554688e+01 3.691579055786132812e+01
-1.135609054565429688e+01 3.663805007934570312e+00 -2.782609748840332031e+01
4.243714523315429688e+01 3.685379743576049805e+00 3.164939880371093750e+00
-2.206148147583007812e+01 -6.085662245750427246e-01 3.596548795700073242e+00
-5.095447063446044922e+00 -5.060835838317871094e+00 2.368007469177246094e+01
-2.714815711975097656e+01 -4.276895046234130859e+00 6.718575477600097656e+00
-1.265387439727783203e+01 2.658272552490234375e+01 -2.147544473409652710e-01
-2.872796058654785156e+00 1.434568309783935547e+01 7.740535736083984375e-01
1.560126399993896484e+01 1.393407154083251953e+01 6.928156375885009766e+00
9.477771759033203125e+00 -7.530526161193847656e+00 3.794836425781250000e+01
1.163145828247070312e+01 -2.098530006408691406e+01 -4.422097206115722656e+00
8.680088996887207031e+00 1.699929237365722656e+01 -3.175092315673828125e+01
3.807920217514038086e+00 -5.520804405212402344e+00 -3.303600692749023438e+01
-2.321619606018066406e+01 2.484767341613769531e+01 -4.888971328735351562e+00
-2.022283363342285156e+01 1.143758201599121094e+01 1.615992927551269531e+01
-1.461747455596923828e+01 1.805542945861816406e+00 -2.618503570556640625e+01
1.116620445251464844e+01 -6.352004051208496094e+00 3.473139524459838867e+00
-1.947524070739746094e+01 -2.710545921325683594e+01 7.584569454193115234e+00
2.724128484725952148e+00 -9.366507530212402344e+00 3.728879547119140625e+01
-2.191118621826171875e+01 -9.855383872985839844e+00 -5.619300842285156250e+00
-2.294863128662109375e+01 -2.091609573364257812e+01 2.332453727722167969e+01
-1.876093864440917969e+01 -7.770306110382080078e+00 -9.187627792358398438e+00
-5.913150310516357422e+00 -1.248651218414306641e+01 3.492671585083007812e+01
-5.993343830108642578e+00 -1.979591178894042969e+01 5.071344852447509766e+00
-1.498987483978271484e+01 1.769264984130859375e+01 -3.001164436340332031e+00
1.443631362915039062e+01 1.596386051177978516e+01 -5.128198146820068359e+00
-9.030483245849609375e+00 1.289779567718505859e+01 3.516128158569335938e+01
-1.197288322448730469e+01 -2.263279914855957031e+01 -2.942191505432128906e+01
1.140988349914550781e+01 1.367321968078613281e+01 -5.850625991821289062e+00
1.202697277069091797e+01 2.979382324218750000e+01 -1.397338390350341797e+01
8.095587730407714844e+00 -1.438658618927001953e+01 9.596966743469238281e+00
-1.474527835845947266e+01 -2.202510643005371094e+01 -1.035332965850830078e+01
4.899226427078247070e-01 -2.584222221374511719e+01 1.008298206329345703e+01
-2.023273658752441406e+01 -4.662661075592041016e+00 -8.354063034057617188e+00
5.771175861358642578e+00 3.190472984313964844e+01 -2.122626113891601562e+01
-2.531287968158721924e-01 -5.619417190551757812e+00 -3.703758621215820312e+01
-1.684128761291503906e+01 5.054785728454589844e+00 -2.833717155456542969e+01
-1.607073020935058594e+01 1.696148753166198730e+00 3.754837799072265625e+01
1.168990135192871094e+01 1.169106006622314453e+00 1.763139343261718750e+01
9.060282707214355469e+00 -6.917575836181640625e+00 5.324348449707031250e+00
1.069694519042968750e+01 -6.410768985748291016e+00 2.503001403808593750e+01
-5.415379047393798828e+00 -6.425256252288818359e+00 -2.084262371063232422e+00
-7.784201622009277344e+00 8.533164978027343750e+00 9.423270225524902344e+00
1.578175640106201172e+01 7.548592090606689453e+00 -1.691142463684082031e+01
-3.465663909912109375e+01 -4.090794563293457031e+00 -2.066964149475097656e+01
-1.161258125305175781e+01 1.406158804893493652e+00 2.559655952453613281e+01
-1.427461147308349609e+01 2.409152412414550781e+01 2.444250679016113281e+01
-1.348863315582275391e+01 8.458889126777648926e-01 5.639574676752090454e-02
-1.861261367797851562e+01 -2.067490005493164062e+01 -6.923279166221618652e-01
-5.941946029663085938e+00 -2.874858474731445312e+01 1.619395446777343750e+01
7.047949790954589844e+00 1.708865928649902344e+01 1.643606948852539062e+01
-1.880450248718261719e+01 -2.053160667419433594e+01 1.471546173095703125e+01
-2.439836502075195312e+01 1.152759552001953125e+01 1.563219165802001953e+01
2.361444854736328125e+01 -3.987521648406982422e+00 -1.444787025451660156e+01
4.269513607025146484e+00 -1.524330615997314453e+01 9.739658355712890625e+00
6.285608291625976562e+00 6.911224365234375000e+00 -1.233073329925537109e+01
2.489453506469726562e+01 -3.767926692962646484e+00 1.874596214294433594e+01
1.932314682006835938e+01 1.898686218261718750e+01 2.678012084960937500e+01
-3.087410545349121094e+01 4.460233211517333984e+00 -6.656414031982421875e+00
1.045515894889831543e+00 2.987859249114990234e+00 2.835757064819335938e+01
-1.104490995407104492e+00 6.461543083190917969e+00 -2.747904205322265625e+01
-1.201389026641845703e+01 -2.500016212463378906e+01 -2.296184349060058594e+01
2.085737800598144531e+01 -6.074456691741943359e+00 2.227042198181152344e+01
-2.006245613098144531e+01 2.100880813598632812e+01 -1.654670906066894531e+01
1.684204339981079102e+00 1.506693553924560547e+01 2.786516380310058594e+01
-1.113616561889648438e+01 -2.964437484741210938e+01 1.918735694885253906e+01
3.615609407424926758e+00 1.540600299835205078e+01 -1.646696472167968750e+01
-7.261444568634033203e+00 1.623703193664550781e+01 2.139243125915527344e+01
-9.832415580749511719e-01 -2.005338096618652344e+01 -6.778110980987548828e+00
3.844277954101562500e+01 -4.676249504089355469e+00 -1.166698551177978516e+01
-2.363296127319335938e+01 -2.505579376220703125e+01 -5.626051902770996094e+00
-1.665563583374023438e+01 -9.661879539489746094e+00 1.024767780303955078e+01
1.361785888671875000e+01 -2.516913795471191406e+01 2.085264205932617188e+01
1.750530815124511719e+01 1.873700141906738281e+01 1.969382858276367188e+01
-2.779185295104980469e+01 2.212963294982910156e+01 -5.902156352996826172e+00
-5.646495342254638672e+00 -2.172012329101562500e+01 -1.573288917541503906e+00
2.423266887664794922e+00 1.902800178527832031e+01 2.711432075500488281e+01
-2.654740905761718750e+01 -2.515821075439453125e+01 -8.664246559143066406e+00
7.591326236724853516e+00 8.125182151794433594e+00 -2.682871627807617188e+01
1.092901325225830078e+01 -1.436759090423583984e+01 -2.179163932800292969e+01
6.376522064208984375e+00 -3.459026718139648438e+01 1.294367313385009766e+00
-1.436041069030761719e+01 4.395495891571044922e+00 -1.928977012634277344e+01
7.624526500701904297e+00 -2.447286987304687500e+01 -2.079159545898437500e+01
-2.991032218933105469e+01 -3.454368829727172852e+00 6.477143764495849609e+00
-1.502548336982727051e+00 9.257363319396972656e+00 -2.749251937866210938e+01
2.727085876464843750e+01 1.582005858421325684e+00 -2.512752151489257812e+01
1.873405838012695312e+01 5.385695457458496094e+00 -1.339860439300537109e+01
2.941535949707031250e+01 -1.036093807220458984e+01 -1.458618450164794922e+01
-2.056830215454101562e+01 2.035833358764648438e+01 8.200552940368652344e+00
-1.477835464477539062e+01 5.073378086090087891e+00 2.395919609069824219e+01
3.620412445068359375e+01 1.471276855468750000e+01 5.959829807281494141e+00
-1.350046920776367188e+01 3.205875396728515625e+01 7.436319351196289062e+00
-3.011301803588867188e+01 -1.931941795349121094e+01 4.507071018218994141e+00
-3.860422223806381226e-02 6.665509343147277832e-01 3.485714721679687500e+01
3.225480651855468750e+01 -1.210190677642822266e+01 -5.728440761566162109e+00
-2.903418922424316406e+01 -1.899653434753417969e+01 -4.328475952148437500e+00
-5.970613002777099609e+00 -4.377234935760498047e+00 -3.521638488769531250e+01
1.538484573364257812e+01 2.545583724975585938e+01 -4.021762847900390625e+00
-1.341629791259765625e+01 -1.493066310882568359e+01 -3.046261405944824219e+01
-1.451663684844970703e+01 -1.997342824935913086e+00 -2.673333930969238281e+01
-1.791198539733886719e+01 -1.590990924835205078e+01 4.470135688781738281e+00
-3.707433700561523438e+01 5.673499584197998047e+00 6.583641052246093750e+00
-1.773402404785156250e+01 -2.296777915954589844e+01 -7.826449349522590637e-03
4.392229557037353516e+00 -1.068030953407287598e+00 1.336808204650878906e+01
4.622384607791900635e-01 7.430073261260986328e+00 -2.929946708679199219e+01
3.097167253494262695e+00 -1.017160511016845703e+01 3.902932739257812500e+01
2.413838195800781250e+01 -6.888432025909423828e+00 1.232629013061523438e+01
2.546659851074218750e+01 1.290861797332763672e+01 5.502532005310058594e+00
6.830520629882812500e-01 -8.408145904541015625e+00 -5.082945346832275391e+00
-3.697969055175781250e+01 -1.445618033409118652e+00 -1.737116050720214844e+01
2.421122550964355469e+01 -4.614699840545654297e+00 5.494267940521240234e+00
9.782764434814453125e+00 4.922775268554687500e+00 -3.658208465576171875e+01
-1.310315895080566406e+01 -1.534226036071777344e+01 1.654953956604003906e+01
-2.488608169555664062e+01 -4.842367172241210938e+00 1.888671875000000000e+01
1.458547878265380859e+01 6.891826629638671875e+00 8.987462997436523438e+00
1.882341957092285156e+01 -3.065884399414062500e+01 -9.099041938781738281e+00
-2.281802940368652344e+01 7.871806144714355469e+00 1.156255826354026794e-01
1.197684192657470703e+01 -2.631472396850585938e+01 -1.544324111938476562e+01
2.323481559753417969e+01 -1.100008010864257812e+01 -1.767084884643554688e+01
-3.213712930679321289e+00 -3.427009963989257812e+01 -1.804984474182128906e+01
1.361639785766601562e+01 -7.910237312316894531e+00 4.036596775054931641e+00
-3.307520389556884766e+00 4.347300052642822266e+00 4.115900421142578125e+01
-2.492296028137207031e+01 -1.679196715354919434e+00 -3.094484710693359375e+01
-1.448752593994140625e+01 9.405224800109863281e+00 -2.549057197570800781e+01
-1.341986370086669922e+01 -3.772498703002929688e+01 6.167831420898437500e+00
2.190821647644042969e+00 2.046180915832519531e+01 2.932321310043334961e+00
3.347645759582519531e+00 1.344570255279541016e+01 -3.464212417602539062e+01
-2.287636184692382812e+01 1.049086189270019531e+01 -2.072621726989746094e+01
-1.189150810241699219e+01 1.199956035614013672e+01 -1.124845314025878906e+01
-1.419135189056396484e+01 1.634004020690917969e+01 -1.159183979034423828e+01
1.084420680999755859e+01 1.473096656799316406e+01 -1.624359321594238281e+01
-8.694196701049804688e+00 3.739671707153320312e+01 1.374115562438964844e+01
5.495116710662841797e-01 -6.978290557861328125e+00 1.654305648803710938e+01
9.424330592155456543e-01 6.585540771484375000e+00 -2.968261718750000000e+01
9.266792297363281250e+00 1.001868724822998047e+00 -3.704744338989257812e+01
-2.664455795288085938e+01 -1.444854354858398438e+01 -2.139165306091308594e+01
-1.790088844299316406e+01 1.055814552307128906e+01 -1.183687686920166016e+00
2.134010505676269531e+01 -2.326836013793945312e+01 -1.246409702301025391e+01
5.624428272247314453e+00 8.991867065429687500e+00 3.502451705932617188e+01
-3.110426902770996094e+00 -3.084774208068847656e+01 -2.201209068298339844e+01
-7.626970767974853516e+00 2.224757385253906250e+01 3.042271614074707031e+00
2.405567318201065063e-01 -1.914993667602539062e+01 1.730061531066894531e+01
-8.355446815490722656e+00 2.930660247802734375e+00 -2.573668479919433594e+01
2.660253906250000000e+01 1.164440345764160156e+01 2.181628799438476562e+01
-5.599602460861206055e-01 4.979765892028808594e+00 3.046327972412109375e+01
8.197534561157226562e+00 -2.112467765808105469e+01 8.429206848144531250e+00
-9.100575447082519531e-01 -1.591666221618652344e+01 2.835633659362792969e+01
3.591958522796630859e+00 -1.906564521789550781e+01 2.353999519348144531e+01
-2.865363693237304688e+01 -1.977796852588653564e-01 8.378196716308593750e+00
1.289449882507324219e+01 -2.442934989929199219e+01 2.081423950195312500e+01
4.693186759948730469e+00 2.371927648782730103e-01 -2.540858268737792969e+01
-1.240201568603515625e+01 2.829691505432128906e+01 2.096592903137207031e+01
-1.932758522033691406e+01 2.848211860656738281e+01 -1.015363883972167969e+01
2.556336402893066406e+01 1.793808364868164062e+01 -1.495882320404052734e+01
4.670960426330566406e+00 -4.621706008911132812e+00 1.648771095275878906e+01
1.427510070800781250e+01 -2.877851867675781250e+01 1.571601629257202148e+00
-7.924871921539306641e+00 -2.054923057556152344e+01 1.492785453796386719e+01
-1.163540363311767578e+00 6.514849662780761719e+00 -8.975363731384277344e+00
2.417697334289550781e+01 8.893092155456542969e+00 5.550702571868896484e+00
3.370275878906250000e+01 -1.409672641754150391e+01 -3.413427114486694336e+00
9.855946302413940430e-01 -3.381146240234375000e+01 1.263457059860229492e+00
5.615403652191162109e+00 2.334274291992187500e+01 2.307006454467773438e+01
2.584766960144042969e+01 2.029301166534423828e+00 2.861428833007812500e+01
-2.096514940261840820e+00 4.955092906951904297e+00 1.011730670928955078e+01
2.725767707824707031e+01 -4.720940589904785156e+00 -1.168084335327148438e+01
-1.840729522705078125e+01 9.272097945213317871e-01 -1.379067897796630859e+01
1.324505519866943359e+01 7.893119812011718750e+00 -2.062840461730957031e+01
-2.793414306640625000e+01 -1.800581550598144531e+01 -8.905476570129394531e+00
-1.127513647079467773e+00 7.993925094604492188e+00 -1.554748725891113281e+01
2.933093905448913574e-01 -1.542093086242675781e+01 -1.151105880737304688e+00
-4.474406242370605469e+00 -3.103871154785156250e+01 8.601232528686523438e+00
-1.051896953582763672e+01 5.818892002105712891e+00 3.032601547241210938e+01
2.266943740844726562e+01 8.017902374267578125e-01 1.339151382446289062e+01
2.358710289001464844e+01 -1.271729373931884766e+01 1.328768634796142578e+01
-7.495449542999267578e+00 7.773365497589111328e+00 -3.007419586181640625e+01
-2.557243156433105469e+01 -1.638747053220868111e-04 8.033488273620605469e+00
1.456003338098526001e-01 -2.954590225219726562e+01 -2.349617385864257812e+01
2.526225471496582031e+01 9.917883872985839844e+00 1.111942577362060547e+01
3.261216735839843750e+01 -5.542529106140136719e+00 -1.723008346557617188e+01
-1.416586017608642578e+01 2.359037971496582031e+01 -1.997675704956054688e+01
1.326758956909179688e+01 -1.610310554504394531e+01 5.235461235046386719e+00
-1.168100929260253906e+01 1.275809407234191895e+00 7.444656372070312500e+00
-2.019602394104003906e+01 1.512388110160827637e+00 4.860296249389648438e+00
9.330547332763671875e+00 1.759536743164062500e+01 3.366655349731445312e+01
1.030392169952392578e+01 1.066073036193847656e+01 1.310214638710021973e+00
9.876816749572753906e+00 -7.561466693878173828e+00 9.928050041198730469e+00
1.676910209655761719e+01 -6.882976531982421875e+00 -1.564115905761718750e+01
2.667973709106445312e+01 -4.882710933685302734e+00 2.047810745239257812e+01
-1.404730033874511719e+01 6.272499084472656250e+00 2.518646621704101562e+01
1.809987068176269531e+01 -1.471946620941162109e+01 1.554456901550292969e+01
9.327498435974121094e+00 1.587570571899414062e+01 3.139924430847167969e+01
1.103318595886230469e+01 -1.435633468627929688e+01 -2.180197525024414062e+01
-2.042190361022949219e+01 -6.947572708129882812e+00 2.751074981689453125e+01
-3.716938781738281250e+01 -6.556851863861083984e+00 4.541411697864532471e-01
-2.005403137207031250e+01 2.062871551513671875e+01 7.466855525970458984e+00
-7.323531061410903931e-02 -3.423487091064453125e+01 8.547070026397705078e-01
1.053256797790527344e+01 1.281715583801269531e+01 -1.407041263580322266e+01
-5.003839492797851562e+00 1.786218070983886719e+01 1.977202773094177246e+00
6.715120792388916016e+00 -1.634372138977050781e+01 9.131969451904296875e+00
-1.642643547058105469e+01 -2.702949142456054688e+01 -1.623848342895507812e+01
1.841889381408691406e+01 -5.297526836395263672e+00 1.631473922729492188e+01
9.095651626586914062e+00 -1.027068996429443359e+01 7.708610534667968750e+00
1.043905973434448242e+00 2.990655660629272461e+00 2.836153602600097656e+01
2.578826141357421875e+01 7.817365527153015137e-01 3.103956604003906250e+01
1.566338348388671875e+01 -1.164725780487060547e+01 2.188153266906738281e+01
4.214694213867187500e+01 -5.210790157318115234e+00 4.177609920501708984e+00
-5.602422356605529785e-01 4.187163925170898438e+01 2.475198268890380859e+00
2.602731466293334961e+00 2.320208168029785156e+01 1.797748374938964844e+01
-1.097189617156982422e+01 -8.796030998229980469e+00 -1.095386981964111328e+01
1.226463913917541504e-01 -2.597111511230468750e+01 -1.579125404357910156e+01
2.605557632446289062e+01 1.739722251892089844e+01 -1.535704040527343750e+01
-9.579854011535644531e+00 3.146030807495117188e+01 -9.927754402160644531e+00
-6.830480098724365234e-01 -1.422508507966995239e-01 1.361807823181152344e+01
1.306164550781250000e+01 -2.553972625732421875e+01 2.084450531005859375e+01
3.732601547241210938e+01 -7.843876838684082031e+00 -8.970531463623046875e+00
-5.245892047882080078e+00 -5.884767055511474609e+00 -3.232118606567382812e+01
2.499845123291015625e+01 1.347939205169677734e+01 -9.021719932556152344e+00
1.897940039634704590e+00 -2.406380271911621094e+01 1.971862411499023438e+01
3.031315803527832031e+01 1.336263942718505859e+01 -1.645749473571777344e+01
2.083889198303222656e+01 1.929989242553710938e+01 7.989327430725097656e+00
5.205231666564941406e+00 9.772007942199707031e+00 -3.022372627258300781e+01
8.842589378356933594e+00 4.955179691314697266e+00 -3.333800888061523438e+01
2.840702629089355469e+01 1.298669147491455078e+01 1.914625167846679688e+01
7.363494396209716797e+00 1.544760704040527344e+01 -2.843251991271972656e+01
-2.362341642379760742e+00 3.147085905075073242e+00 1.354285359382629395e+00
2.929085731506347656e+00 -2.608117103576660156e+01 1.178696632385253906e+01
3.026756525039672852e+00 1.681605148315429688e+01 -7.508554935455322266e+00
1.881372570991516113e+00 8.990675926208496094e+00 -2.649242591857910156e+01
1.213138961791992188e+01 3.777211189270019531e+00 -2.002320528030395508e+00
-1.622631072998046875e+01 4.140085697174072266e+00 1.467941474914550781e+01
-1.401032543182373047e+01 -2.825411415100097656e+01 -9.990585327148437500e+00
2.012474822998046875e+01 -2.874858283996582031e+01 1.010899639129638672e+01
-5.642480850219726562e+00 7.712994098663330078e+00 -3.077029943466186523e+00
-6.465907096862792969e+00 -1.018988227844238281e+01 2.299924087524414062e+01
5.039639949798583984e+00 2.535979032516479492e+00 5.133681774139404297e+00
-5.491438865661621094e+00 1.790180778503417969e+01 -1.707024955749511719e+01
-6.729649066925048828e+00 1.386405944824218750e+01 3.515127563476562500e+01
9.233183860778808594e+00 9.731726646423339844e+00 3.513822174072265625e+01
-1.669567108154296875e+01 9.202548027038574219e+00 1.471078515052795410e+00
1.097849845886230469e+01 1.742882966995239258e+00 1.733485794067382812e+01
5.649232864379882812e+00 1.505928230285644531e+01 -1.581782150268554688e+01
-2.294704675674438477e+00 -2.669692754745483398e+00 1.918593788146972656e+01
3.215407943725585938e+01 -1.249264335632324219e+01 -5.793783187866210938e+00
-1.011631774902343750e+01 3.302600622177124023e+00 2.042757415771484375e+01
-2.200585556030273438e+01 -1.815649986267089844e+00 1.048091220855712891e+01
-4.283167362213134766e+00 9.880496025085449219e+00 -3.709375762939453125e+01
-8.947449684143066406e+00 -1.362618207931518555e-01 -7.968651771545410156e+00
2.559924125671386719e+01 1.024615955352783203e+01 1.314688110351562500e+01
-1.235914516448974609e+01 1.935211300849914551e+00 2.567477989196777344e+01
1.200696754455566406e+01 5.652136802673339844e+00 -2.933069992065429688e+01
1.074876308441162109e+00 -2.263585090637207031e+01 1.262592506408691406e+01
-2.477527618408203125e+01 1.956082153320312500e+01 -9.915229797363281250e+00
2.488206672668457031e+01 -2.212431144714355469e+01 -5.340727806091308594e+00
-6.892387866973876953e+00 1.714572334289550781e+01 -3.163333702087402344e+01
1.175279331207275391e+01 -3.033287620544433594e+01 -1.087667465209960938e+01
1.471905803680419922e+01 1.854959678649902344e+01 -1.149384975433349609e+01
-1.786756515502929688e+01 1.986524581909179688e+01 1.676919174194335938e+01
3.011679077148437500e+01 -7.333978176116943359e+00 2.984702587127685547e+00
4.050864696502685547e+00 -7.307671070098876953e+00 -1.682925415039062500e+01
-1.751031684875488281e+01 2.223069763183593750e+01 2.310731697082519531e+01
-1.257860088348388672e+01 -2.937906837463378906e+01 1.831291198730468750e+01
-3.410504531860351562e+01 -1.747707557678222656e+01 -4.144421577453613281e+00
2.531438446044921875e+01 -1.459867763519287109e+01 1.183907222747802734e+01
-2.058403587341308594e+01 1.264749526977539062e+01 -7.971777439117431641e+00
9.991761207580566406e+00 -1.252334403991699219e+01 1.353797626495361328e+01
-2.541651725769042969e+01 -1.995449066162109375e+01 -7.646991252899169922e+00
-9.622503280639648438e+00 -1.440114593505859375e+01 1.279240989685058594e+01
1.852182745933532715e+00 1.733671569824218750e+01 -3.230347824096679688e+01
1.978620409965515137e+00 -8.930664062500000000e-01 -9.426784515380859375e+00
8.145956993103027344e+00 -1.378788948059082031e+01 -1.408687019348144531e+01
5.302682876586914062e+00 2.146092414855957031e+01 3.343357801437377930e+00
2.351169776916503906e+01 -2.509176445007324219e+01 1.853700637817382812e+00
-2.324055671691894531e+01 2.657319068908691406e+01 6.846643447875976562e+00
-2.996159791946411133e+00 -3.778479766845703125e+01 1.096132469177246094e+01
-5.642657279968261719e+00 -1.935112953186035156e+01 -1.890826702117919922e+00
-3.097004699707031250e+01 -1.829290008544921875e+01 3.140669345855712891e+00
-2.783926391601562500e+01 5.834132194519042969e+00 -1.667640304565429688e+01
4.088905334472656250e+01 -5.164565563201904297e+00 5.087635517120361328e+00
-1.905921173095703125e+01 -3.685324788093566895e-01 2.012939262390136719e+01
-1.705576705932617188e+01 -2.250225257873535156e+01 1.938791656494140625e+01
-1.134200954437255859e+01 -2.251055526733398438e+01 5.013359069824218750e+00
4.675759792327880859e+00 2.615392303466796875e+01 -5.949355125427246094e+00
-3.967225790023803711e+00 2.386208343505859375e+01 -3.174644947052001953e+00
-1.635727500915527344e+01 5.334792613983154297e+00 -2.881257820129394531e+01
-1.090830802917480469e+01 2.664233779907226562e+01 1.919849777221679688e+01
2.788424301147460938e+01 -1.786980438232421875e+01 -1.279999351501464844e+01
1.327084159851074219e+01 -2.541872215270996094e+01 -1.586465358734130859e+01
7.710464477539062500e+00 -1.016711044311523438e+01 -6.071087121963500977e-01
2.493914413452148438e+01 -9.834675788879394531e+00 5.736267089843750000e+00
1.559034252166748047e+01 -1.645621871948242188e+01 1.850880432128906250e+01
-9.994088172912597656e+00 5.633771896362304688e+00 1.552861499786376953e+01
3.574348068237304688e+01 5.478970408439636230e-01 -5.931379318237304688e+00
2.055678558349609375e+01 2.298723030090332031e+01 4.728699207305908203e+00
-1.554760837554931641e+01 2.334396743774414062e+01 2.634103965759277344e+01
9.722167968750000000e+00 3.747670364379882812e+01 -5.465591430664062500e+00
-2.327416181564331055e+00 1.525819301605224609e+01 2.142860412597656250e+01
-8.239796638488769531e+00 8.034170150756835938e+00 -3.081582832336425781e+01
-5.136679172515869141e+00 1.196743583679199219e+01 1.642735898494720459e-01
-1.181269741058349609e+01 3.046990013122558594e+01 -8.549069404602050781e+00
1.909538269042968750e+01 -2.476638555526733398e-01 3.366616439819335938e+01
-9.403474330902099609e-01 4.013064193725585938e+01 -1.242041301727294922e+01
9.230813026428222656e+00 1.286266708374023438e+01 -1.668802452087402344e+01
1.697227478027343750e+01 -2.992163658142089844e+00 -1.821415328979492188e+01
-1.585713386535644531e+01 -1.127186107635498047e+01 -3.010642433166503906e+01
-7.941497802734375000e+00 1.825280547142028809e+00 2.612430000305175781e+01
1.199988937377929688e+01 -1.592779636383056641e+01 -2.761722373962402344e+01
1.264415359497070312e+01 -2.434171199798583984e+00 2.923018074035644531e+01
-4.704115390777587891e+00 2.830251121520996094e+01 -2.394818305969238281e+01
2.541721916198730469e+01 -3.092497348785400391e+00 -1.332477283477783203e+01
2.839787483215332031e+01 2.638664245605468750e+00 4.331313669681549072e-01
1.338641262054443359e+01 2.154535293579101562e+01 -2.241084575653076172e+00
1.975743675231933594e+01 -2.696219635009765625e+01 -8.662623405456542969e+00
1.547132968902587891e+01 -1.713259696960449219e+01 -4.678807735443115234e+00
1.033168125152587891e+01 2.869577598571777344e+01 6.628746986389160156e+00
-1.411633372306823730e+00 -2.110794544219970703e+00 2.555962562561035156e+01
-1.624380874633789062e+01 1.961069703102111816e+00 2.705760955810546875e+01
-2.465720748901367188e+01 -1.609900093078613281e+01 2.201937294006347656e+01
-2.597812843322753906e+01 -2.594501304626464844e+01 3.879825353622436523e+00
3.343487548828125000e+01 -1.252125263214111328e+01 -3.641623735427856445e+00
1.677764534950256348e+00 -3.810956716537475586e+00 -3.396089553833007812e+01
-6.646191120147705078e+00 -9.506247520446777344e+00 2.234442901611328125e+01
-5.949634552001953125e+00 -4.921140193939208984e+00 2.469187736511230469e+01
-1.192450237274169922e+01 1.651306724548339844e+01 3.854045391082763672e+00
2.648758888244628906e-01 -8.818326950073242188e+00 -5.403926372528076172e+00
1.899394035339355469e+01 -1.307345294952392578e+01 -1.761120033264160156e+01
-1.247704029083251953e+01 -1.616706466674804688e+01 -1.484355449676513672e+01
9.022321701049804688e+00 5.898571491241455078e+00 -2.882038307189941406e+01
-2.530218696594238281e+01 -1.670959711074829102e+00 -9.190078079700469971e-02
9.246427536010742188e+00 3.296608352661132812e+01 -1.281009101867675781e+01
1.449230194091796875e+01 -2.341559982299804688e+01 8.796781897544860840e-01
-5.339114665985107422e+00 -1.052883434295654297e+01 1.944730949401855469e+01
7.918873786926269531e+00 -2.437662124633789062e+01 -2.103578567504882812e+01
-1.383633613586425781e+01 -2.134866714477539062e+01 -1.101376914978027344e+01
7.157990932464599609e+00 -3.633829593658447266e+00 1.546425533294677734e+01
-1.982773590087890625e+01 2.650173759460449219e+01 -7.897908687591552734e+00
-8.475596308708190918e-01 3.447222900390625000e+01 7.639747112989425659e-02
1.940096092224121094e+01 6.460161685943603516e+00 -2.178854942321777344e+01
7.308514118194580078e+00 -2.017910480499267578e+00 -1.713894844055175781e+01
-2.837523460388183594e+00 -1.600130081176757812e+01 -2.840384101867675781e+01
-2.298128128051757812e+01 4.824252605438232422e+00 2.552046966552734375e+01
-3.887575864791870117e+00 1.650890827178955078e+00 -1.614969635009765625e+01
9.211122512817382812e+00 3.586501693725585938e+01 -5.112652301788330078e+00
-1.237388038635253906e+01 2.468330764770507812e+01 -6.459596633911132812e+00
-6.695738315582275391e+00 4.046724319458007812e+01 -2.861483097076416016e+00
8.284412384033203125e+00 7.156062126159667969e+00 -3.126151275634765625e+01
-1.087705802917480469e+01 -3.588293790817260742e+00 -3.645669555664062500e+01
3.989998102188110352e+00 -3.212201309204101562e+01 1.166125392913818359e+01
3.662487268447875977e+00 1.828571128845214844e+01 1.148844623565673828e+01
-1.707658767700195312e+01 -6.195143222808837891e+00 -6.520790576934814453e+00
1.842786192893981934e+00 4.908555507659912109e+00 -3.010779953002929688e+01
-6.025244712829589844e+00 1.680558395385742188e+01 -1.652161788940429688e+01
-7.886764049530029297e+00 6.708388805389404297e+00 -1.388373184204101562e+01
7.543489456176757812e+00 -2.081215286254882812e+01 6.579374790191650391e+00
-2.498137950897216797e+00 -2.808167695999145508e+00 1.861731910705566406e+01
2.122087478637695312e+00 4.153098106384277344e+00 -4.408927917480468750e+00
-3.034988784790039062e+01 -1.085643005371093750e+01 6.460206031799316406e+00
-2.582738494873046875e+01 8.692988395690917969e+00 -6.407976627349853516e+00
-1.020216369628906250e+01 6.868864893913269043e-01 2.715508651733398438e+01
1.023512268066406250e+01 7.334232807159423828e+00 4.899589538574218750e+00
-2.012180328369140625e+01 1.883383369445800781e+01 -1.715228462219238281e+01
1.396947574615478516e+01 3.904777526855468750e+01 2.582755804061889648e+00
-5.693853378295898438e+00 3.281093978881835938e+01 -2.243663024902343750e+01
9.929250717163085938e+00 -3.172285556793212891e+00 -5.768399238586425781e+00
4.507050037384033203e+00 2.346422195434570312e+01 2.006869506835937500e+01
-4.955253601074218750e+00 -1.340582752227783203e+01 -1.181771278381347656e+01
2.464087677001953125e+01 1.150409221649169922e+01 2.263836669921875000e+01
-2.740127563476562500e+01 2.067698478698730469e+00 1.856739044189453125e+01
-1.532819843292236328e+01 7.541340351104736328e+00 -2.618237304687500000e+01
4.530097961425781250e+00 4.754237651824951172e+00 -1.923943901062011719e+01
1.085406780242919922e+01 -7.628457546234130859e+00 -5.108889102935791016e+00
-1.383760643005371094e+01 -1.646983146667480469e+01 1.510591793060302734e+01
-5.472681045532226562e+00 -4.576669216156005859e+00 -5.708103656768798828e+00
2.978179740905761719e+01 4.133097648620605469e+00 -1.605001258850097656e+01
-1.189839839935302734e+01 -5.635587692260742188e+00 -7.705934047698974609e-01
3.891572713851928711e+00 -1.602304840087890625e+01 -3.405994796752929688e+01
4.341769695281982422e+00 -3.831593751907348633e+00 -7.270112037658691406e+00
-7.978888988494873047e+00 -2.161334991455078125e+01 -2.635062408447265625e+01
-1.958809089660644531e+01 1.230094146728515625e+01 -2.242102241516113281e+01
-7.548423290252685547e+00 3.138895797729492188e+01 -2.417476654052734375e+01
-1.215469741821289062e+01 1.087260437011718750e+01 1.891771125793457031e+01
-2.983702468872070312e+01 1.104232692718505859e+01 -1.280529403686523438e+01
-2.305877494812011719e+01 2.165506172180175781e+01 -5.938567161560058594e+00
9.559005737304687500e+00 1.316653823852539062e+01 -2.817049217224121094e+01
-7.941211223602294922e+00 -2.815523910522460938e+01 1.656948089599609375e+01
1.701369285583496094e+00 1.030027389526367188e+01 2.203758621215820312e+01
2.593082237243652344e+01 -1.040736103057861328e+01 4.943943500518798828e+00
-2.972495079040527344e+01 -2.490729808807373047e+00 1.952758193016052246e+00
1.705370521545410156e+01 1.187541007995605469e+01 1.488984012603759766e+01
2.328552246093750000e+00 -2.194337272644042969e+01 1.868647956848144531e+01
1.636653518676757812e+01 -1.812232017517089844e+01 2.641697502136230469e+01
1.199391746520996094e+01 -2.587348365783691406e+01 -1.573875427246093750e+01
7.578619956970214844e+00 -2.127970314025878906e+01 6.362640857696533203e+00
-9.216821789741516113e-01 -1.457765007019042969e+01 1.258903789520263672e+01
3.408163833618164062e+01 4.159556865692138672e+00 1.560876655578613281e+01
1.000478744506835938e+01 -1.381779575347900391e+01 -7.300741076469421387e-01
-1.442806363105773926e+00 2.659481763839721680e+00 1.025227546691894531e+01
-8.463655471801757812e+00 3.000503540039062500e+01 -2.559069633483886719e+01
1.250317478179931641e+01 -1.950838685035705566e+00 -3.794209289550781250e+01
2.238710975646972656e+01 -1.108775806427001953e+01 2.621842145919799805e+00
7.543745517730712891e+00 -1.048926258087158203e+01 -8.228001594543457031e+00
-1.201326751708984375e+01 1.476671314239501953e+01 -2.910621643066406250e+01
-1.602815437316894531e+01 -7.614935874938964844e+00 7.169023513793945312e+00
-2.688819313049316406e+01 -2.112669944763183594e+01 -3.951639175415039062e+00
1.277142643928527832e+00 2.118258666992187500e+01 1.617567825317382812e+01
-2.998345375061035156e+01 -1.812181282043457031e+01 3.506691694259643555e+00
-3.117997884750366211e+00 4.937990665435791016e+00 -9.036890029907226562e+00
7.071884155273437500e+00 -2.179693031311035156e+01 1.626909065246582031e+01
4.672327995300292969e+00 -3.329802703857421875e+01 1.577678298950195312e+01
1.339072799682617188e+01 -4.710517883300781250e+00 1.919622039794921875e+01
-2.914373016357421875e+01 -1.938189697265625000e+01 -4.511706352233886719e+00
-3.078671264648437500e+01 -4.842911243438720703e+00 -2.304708099365234375e+01
1.455340385437011719e+01 -3.068153953552246094e+01 -5.127470970153808594e+00
-4.969446063041687012e-01 3.713685226440429688e+01 1.881842231750488281e+01
3.092500686645507812e+01 -9.563515663146972656e+00 -2.190072441101074219e+01
1.807666206359863281e+01 2.056287193298339844e+01 -7.996545791625976562e+00
3.683396148681640625e+01 -2.212092429399490356e-01 6.104816913604736328e+00
1.107349753379821777e+00 7.308148741722106934e-01 1.153710556030273438e+01
-2.202186775207519531e+01 -8.942018508911132812e+00 -1.853175354003906250e+01
7.103090286254882812e+00 -2.002815008163452148e+00 3.359144210815429688e+00
-2.485738182067871094e+01 -4.964253425598144531e+00 2.031100845336914062e+01
2.023527383804321289e+00 1.124561190605163574e+00 -1.216838359832763672e+01
2.647833633422851562e+01 -2.564623451232910156e+01 -4.819375038146972656e+00
6.947624206542968750e+00 -1.793947601318359375e+01 -4.778039932250976562e+00
-1.476692390441894531e+01 2.474584388732910156e+01 1.605830192565917969e+01
1.078620910644531250e+00 -1.728987693786621094e+01 1.693690681457519531e+01
4.062387943267822266e+00 7.378965854644775391e+00 3.738368225097656250e+01
1.585448932647705078e+01 -2.212260961532592773e+00 2.692573356628417969e+01
-2.027537536621093750e+01 2.771050691604614258e+00 2.569690704345703125e+00
1.178834342956542969e+01 2.824445915222167969e+01 3.559919357299804688e+00
-1.722637939453125000e+01 -1.189185261726379395e+00 -5.672449111938476562e+00
1.505613327026367188e+01 -1.543589782714843750e+01 1.989900016784667969e+01
5.997023582458496094e+00 -1.693669891357421875e+01 1.234535694122314453e+01
-2.380466079711914062e+01 -1.418166446685791016e+01 -2.529524612426757812e+01
-2.681454896926879883e+00 4.346987724304199219e+00 -2.019675493240356445e+00
2.051778411865234375e+01 1.707238578796386719e+01 -2.697939491271972656e+01
-1.010089778900146484e+01 -1.175600814819335938e+01 2.794643211364746094e+01
-3.143764305114746094e+01 -1.198409748077392578e+01 -1.970066261291503906e+01
-7.414708137512207031e+00 1.298202991485595703e+01 3.625048446655273438e+01
-2.586200332641601562e+01 1.226193332672119141e+01 -1.855261039733886719e+01
-1.310949325561523438e+01 -2.895031929016113281e+00 -1.422169399261474609e+01
8.468151092529296875e+00 -1.323921680450439453e+01 2.532704544067382812e+01
2.479486083984375000e+01 -1.013104152679443359e+01 2.297819709777832031e+01
1.136342334747314453e+01 3.094340133666992188e+01 -1.467304515838623047e+01
2.107298088073730469e+01 -1.006344890594482422e+01 3.176482772827148438e+01
-1.409477424621582031e+01 2.459425544738769531e+01 -1.865485572814941406e+01
-5.616008043289184570e-01 -2.481380462646484375e+00 -3.554965591430664062e+01
6.323322772979736328e+00 3.267259216308593750e+01 -4.518821716308593750e+00
2.341633415222167969e+01 5.594814300537109375e+00 1.884042620658874512e+00
-1.484692955017089844e+01 3.274543046951293945e+00 1.643876647949218750e+01
5.177716732025146484e+00 2.737241554260253906e+01 -2.631703948974609375e+01
2.318499755859375000e+01 -1.322924423217773438e+01 1.344764804840087891e+01
-1.911218070983886719e+01 -1.121736145019531250e+01 -2.844701957702636719e+01
-1.330615329742431641e+01 -1.505235481262207031e+01 -3.048316192626953125e+01
-1.379922866821289062e+01 -2.830922698974609375e+01 1.888283729553222656e+01
1.790298271179199219e+01 2.034852409362792969e+01 -2.341240501403808594e+01
1.271506118774414062e+01 -3.617342233657836914e+00 3.752724456787109375e+01
1.967050361633300781e+01 1.123277091979980469e+01 -1.329241847991943359e+01
6.505778789520263672e+00 1.050582313537597656e+01 2.328846931457519531e+00
-1.068228435516357422e+01 3.030883598327636719e+01 -9.306846618652343750e+00
-1.022932338714599609e+01 -2.786615753173828125e+01 1.839892387390136719e+01
1.378373718261718750e+01 3.837208557128906250e+01 2.203303098678588867e+00
4.430984497070312500e+00 2.480950927734375000e+01 3.120932817459106445e+00
5.816986560821533203e+00 2.085569858551025391e+00 -8.090910911560058594e-01
-1.253053569793701172e+01 2.580379486083984375e+00 4.671222209930419922e+00
2.907463264465332031e+01 1.348675060272216797e+01 1.854804039001464844e+01
-9.137044906616210938e+00 -1.569173431396484375e+01 -1.222453117370605469e+01
4.680130481719970703e+00 2.493619346618652344e+01 3.169068336486816406e+00
1.705127716064453125e+01 -2.205574607849121094e+01 -8.739107251167297363e-01
-3.139515399932861328e+00 -2.480581521987915039e+00 -2.754867744445800781e+01
7.822429656982421875e+00 -3.313700866699218750e+01 1.527840805053710938e+01
-7.747811317443847656e+00 2.242297172546386719e+01 3.018879175186157227e+00
-1.838951492309570312e+01 -3.069941329956054688e+01 7.734082221984863281e+00
2.466090393066406250e+01 -1.012404632568359375e+01 2.284744834899902344e+01
-4.846371650695800781e+00 3.775051355361938477e+00 2.232486534118652344e+01
-2.819631385803222656e+01 -1.060743331909179688e+01 -4.443164825439453125e+00
2.533161401748657227e+00 9.405814170837402344e+00 2.316560173034667969e+01
2.207996368408203125e+01 -1.344166278839111328e+01 4.847848415374755859e+00
-4.578155994415283203e+00 -1.857105270028114319e-02 3.351794815063476562e+01
2.774888229370117188e+01 -2.383379745483398438e+01 6.707678318023681641e+00
2.297151565551757812e+00 -9.406206130981445312e+00 1.131360244750976562e+01
-1.453400802612304688e+01 -3.345970916748046875e+01 8.356437683105468750e+00
2.596446228027343750e+01 9.911475181579589844e+00 1.215662574768066406e+01
3.197437667846679688e+01 -9.774481058120727539e-01 1.489531230926513672e+01
4.289350509643554688e+00 -2.589546203613281250e+01 2.299363517761230469e+01
-4.045141220092773438e+00 -3.188427352905273438e+01 -3.298602700233459473e-01
2.680472183227539062e+01 -1.079532504081726074e+00 -5.386577129364013672e+00
2.810059547424316406e+00 -3.757930040359497070e+00 1.056696891784667969e+01
1.692094421386718750e+01 1.732402801513671875e+01 -7.472407817840576172e+00
1.872628688812255859e+00 2.123824310302734375e+01 -2.195064163208007812e+01
1.288964557647705078e+01 -2.107789039611816406e+01 -1.599458694458007812e+01
-1.159604072570800781e+00 2.646187210083007812e+01 2.474551010131835938e+01
1.945046997070312500e+01 1.133891105651855469e+01 -1.285974407196044922e+01
3.009664773941040039e+00 2.123133659362792969e+01 4.353160858154296875e+00
1.437148189544677734e+01 2.387759590148925781e+01 -3.719237089157104492e+00
-6.456033140420913696e-02 -3.535221481323242188e+01 -8.017415046691894531e+00
-1.629632377624511719e+01 5.289457798004150391e+00 -2.938878059387207031e+01
-8.926275253295898438e+00 -3.243622183799743652e-01 3.017398071289062500e+01
2.061514616012573242e+00 -3.410387420654296875e+01 2.468963384628295898e+00
2.748471260070800781e+00 7.236968517303466797e+00 -1.447981452941894531e+01
-9.580522537231445312e+00 1.294263267517089844e+01 8.873202323913574219e+00
3.371288537979125977e+00 1.205076789855957031e+01 1.737642288208007812e+01
6.769290924072265625e+00 -3.402818679809570312e+01 -5.302898883819580078e-01
-7.880903720855712891e+00 -2.882977294921875000e+01 2.448008155822753906e+01
1.664837074279785156e+01 1.652363967895507812e+01 -6.845412254333496094e+00
-1.707324600219726562e+01 3.875157546997070312e+01 -1.142759561538696289e+00
2.141128063201904297e+00 -3.515356826782226562e+01 -1.398661804199218750e+01
1.335414409637451172e+00 -2.578538894653320312e+01 9.917492866516113281e+00
2.094978904724121094e+01 -4.437079727649688721e-01 -2.700025177001953125e+01
-2.672215461730957031e+01 1.186601924896240234e+01 -1.450402450561523438e+01
-1.491978931427001953e+01 2.260003471374511719e+01 2.525428390502929688e+01
1.425337219238281250e+01 1.940137100219726562e+01 -8.237857371568679810e-02
-2.791766738891601562e+01 1.210402965545654297e+01 2.082890510559082031e+01
2.527766036987304688e+01 -3.772537946701049805e+00 2.361903429031372070e+00
-1.775152587890625000e+01 -1.985279464721679688e+01 -1.411814212799072266e+01
-1.957232666015625000e+01 -1.161767578125000000e+01 3.344298553466796875e+01
-1.047584772109985352e+00 -1.834889531135559082e+00 1.435598659515380859e+01
3.059698295593261719e+01 -2.352433013916015625e+01 5.245749950408935547e+00
-1.645497131347656250e+01 4.392120361328125000e+00 -3.007136726379394531e+01
1.560694789886474609e+01 -6.091768264770507812e+00 1.715969276428222656e+01
-3.840956497192382812e+01 -9.258764982223510742e-01 8.982761383056640625e+00
6.365734577178955078e+00 1.325638675689697266e+01 7.516145706176757812e+00
-5.982194900512695312e+00 -1.217431926727294922e+01 -5.137140750885009766e+00
-7.749913692474365234e+00 1.809062957763671875e+01 -4.075895786285400391e+00
-9.413600921630859375e+00 -8.264604806900024414e-01 -7.532560348510742188e+00
6.631283164024353027e-01 4.696734905242919922e+00 -1.007212638854980469e+01
-3.257741212844848633e+00 -1.233729267120361328e+01 -6.003971099853515625e+00
-7.950477600097656250e+00 1.589282512664794922e+01 2.109141540527343750e+01
-4.223188018798828125e+01 3.783289909362792969e+00 4.313160896301269531e+00
-1.508976936340332031e+01 -3.091597175598144531e+01 -1.441375732421875000e+01
-1.999676322937011719e+01 5.348710536956787109e+00 -1.551226234436035156e+01
-2.549542045593261719e+01 -1.100523281097412109e+01 -6.377387523651123047e+00
1.174646759033203125e+01 -5.618721008300781250e+00 3.882518768310546875e+01
7.697921752929687500e+00 2.035712051391601562e+01 3.304807662963867188e+01
-1.041121768951416016e+01 3.648148727416992188e+01 4.189054965972900391e+00
-7.570188999176025391e+00 -3.266396522521972656e+00 -1.055433082580566406e+01
-1.757867813110351562e+01 2.630553245544433594e+01 4.795510470867156982e-01
-2.630695819854736328e+00 9.443369865417480469e+00 2.530771636962890625e+01
1.700893783569335938e+01 3.413709878921508789e+00 -3.496845626831054688e+01
-1.260528802871704102e+00 2.342635917663574219e+01 7.035253524780273438e+00
-9.066258430480957031e+00 4.389186382293701172e+00 2.274584388732910156e+01
1.261560344696044922e+01 -8.670903205871582031e+00 -1.381574058532714844e+01
-6.426582336425781250e+00 -3.524241256713867188e+01 9.303680419921875000e+00
2.960404396057128906e+00 9.944536089897155762e-01 -1.180672931671142578e+01
-4.188032913208007812e+01 -4.125793874263763428e-01 8.394906044006347656e+00
7.080652713775634766e+00 2.212340164184570312e+01 -1.704706382751464844e+01
1.890479624271392822e-01 -5.420916557312011719e+00 -2.741413879394531250e+01
-1.215071797370910645e+00 3.569359588623046875e+01 -1.206950855255126953e+01
-3.581769466400146484e+00 2.464031028747558594e+01 -4.630759716033935547e+00
8.417611718177795410e-01 -3.053271293640136719e+01 3.802574396133422852e+00
-2.217951965332031250e+01 6.383673191070556641e+00 -1.545726656913757324e-01
1.426490426063537598e+00 -2.403795814514160156e+01 2.008992767333984375e+01
1.219732189178466797e+01 -3.488577604293823242e+00 3.755225753784179688e+01
5.976350784301757812e+00 2.931226348876953125e+01 -1.347221469879150391e+01
8.364665031433105469e+00 -7.337858676910400391e+00 3.839661026000976562e+01
-1.770577049255371094e+01 -1.924755477905273438e+01 -1.960630416870117188e+01
-1.959189224243164062e+01 -3.736922264099121094e+00 -3.652211904525756836e+00
2.375572967529296875e+01 -1.487259578704833984e+01 -1.849749445915222168e+00
1.642152023315429688e+01 6.977766990661621094e+00 -9.606617927551269531e+00
1.543663263320922852e+00 -1.936763000488281250e+01 7.783436298370361328e+00
-3.209982633590698242e+00 -1.060056972503662109e+01 -1.704895401000976562e+01
-1.060638427734375000e+01 3.105775070190429688e+01 -1.151078033447265625e+01
3.225132942199707031e+00 -1.770763397216796875e+01 1.954212570190429688e+01
3.688655853271484375e+00 -4.154795169830322266e+00 -2.865312767028808594e+01
-2.250057601928710938e+01 -1.127370262145996094e+01 4.674147605895996094e+00
-2.606526374816894531e+01 1.267800617218017578e+01 1.888842201232910156e+01
9.517918586730957031e+00 5.174242973327636719e+00 -5.038637638092041016e+00
3.249796295166015625e+01 3.945878505706787109e+00 1.555524539947509766e+01
-1.629469680786132812e+01 -1.760616683959960938e+01 -2.620760154724121094e+01
1.223222351074218750e+01 1.701847839355468750e+01 -2.233075332641601562e+01
5.801572799682617188e+00 1.415723228454589844e+01 -2.577086448669433594e+01
1.374403476715087891e+00 -2.998355865478515625e+01 3.053508281707763672e+00
-3.355134963989257812e+01 5.560231208801269531e+00 1.011440086364746094e+01
-8.137610435485839844e+00 -4.653324127197265625e+00 -3.214649963378906250e+01
2.073165512084960938e+01 -2.507717323303222656e+01 5.082407474517822266e+00
-2.457099723815917969e+01 -1.188401460647583008e+00 -3.210641479492187500e+01
1.763258934020996094e+01 5.188901901245117188e+00 -3.392310333251953125e+01
-3.135046958923339844e+01 -1.929841995239257812e+01 3.125594854354858398e+00
7.707153320312500000e+00 1.856758832931518555e+00 -2.991450119018554688e+01
-3.137205600738525391e+00 4.553590774536132812e+00 3.859334182739257812e+01
-8.146764636039733887e-01 -1.847036933898925781e+01 1.765281319618225098e+00
-1.725340461730957031e+01 9.838295936584472656e+00 1.769855880737304688e+01
-1.448727893829345703e+01 2.516687583923339844e+01 1.547891807556152344e+01
5.615197658538818359e+00 -2.166393280029296875e+00 1.204274082183837891e+01
-6.796583652496337891e+00 -7.690735816955566406e+00 1.723653030395507812e+01
2.633136177062988281e+01 -1.192419815063476562e+01 -1.922763252258300781e+01
1.601046919822692871e+00 -1.944883346557617188e+01 7.754285335540771484e+00
1.428707122802734375e+01 1.127985286712646484e+01 2.714393043518066406e+01
7.202516078948974609e+00 -1.048441600799560547e+01 -2.269405364990234375e+01
-4.590362548828125000e+00 1.396226692199707031e+01 1.225502371788024902e+00
1.246798419952392578e+01 -8.203739166259765625e+00 -1.388135051727294922e+01
-2.400575828552246094e+01 -2.718351364135742188e+01 -6.212465286254882812e+00
1.365407752990722656e+01 -1.101411724090576172e+01 -6.859979033470153809e-01
2.499827003479003906e+01 -1.963943862915039062e+01 1.102987003326416016e+01
1.875572586059570312e+01 -2.091584396362304688e+01 2.343414688110351562e+01
1.133921718597412109e+01 1.189509296417236328e+01 -1.377284622192382812e+01
-7.537058353424072266e+00 -2.757152366638183594e+01 -8.614944458007812500e+00
-6.951679229736328125e+00 -3.154021501541137695e+00 -7.546854972839355469e+00
-1.678231239318847656e+01 -1.899957084655761719e+01 1.509997272491455078e+01
-1.107246303558349609e+01 1.624000221490859985e-01 -3.694989013671875000e+01
-1.423566341400146484e+01 -2.195950698852539062e+01 -1.089499378204345703e+01
-1.151173019409179688e+01 -1.439547538757324219e+01 2.266623306274414062e+01
-8.949398994445800781e+00 6.596652418375015259e-02 -1.197930431365966797e+01
-2.184784126281738281e+01 -1.931113600730895996e+00 -2.521938896179199219e+01
3.673719406127929688e+00 -6.206319808959960938e+00 2.729540443420410156e+01
-9.033721923828125000e+00 -2.766314125061035156e+01 -4.202747941017150879e-01
1.564494991302490234e+01 -7.205657005310058594e+00 -1.322987174987792969e+01
-3.241177368164062500e+01 3.242717504501342773e+00 -1.021884059906005859e+01
5.777174472808837891e+00 3.199616241455078125e+01 -2.115805625915527344e+01
1.204525089263916016e+01 -7.592374324798583984e+00 2.520568847656250000e+01
-2.385470771789550781e+01 -1.500820636749267578e+01 2.750360012054443359e+00
1.931345367431640625e+01 6.450584411621093750e+00 2.889151191711425781e+01
3.883617019653320312e+01 6.670104980468750000e+00 1.092554187774658203e+01
9.098673820495605469e+00 -2.399192237854003906e+01 -2.160909843444824219e+01
-2.310026931762695312e+01 -7.278989315032958984e+00 -5.720937252044677734e+00
9.991123199462890625e+00 1.029332256317138672e+01 3.809288787841796875e+01
2.181680202484130859e+00 2.084807968139648438e+01 -2.159302902221679688e+01
-3.002935600280761719e+01 8.616430163383483887e-01 4.252402782440185547e-01
1.985917329788208008e+00 5.528220176696777344e+00 1.317821979522705078e+01
-5.050802826881408691e-01 1.555809020996093750e+01 2.109138488769531250e+01
-2.751033306121826172e+00 2.337954902648925781e+01 -1.350489234924316406e+01
-3.733740997314453125e+01 6.702568054199218750e+00 8.013952255249023438e+00
2.052767944335937500e+01 -1.781170815229415894e-01 -1.007119774818420410e+00
-1.068926692008972168e+00 -2.893851995468139648e+00 9.328533172607421875e+00
-1.850252985954284668e+00 -2.078862571716308594e+01 1.306863117218017578e+01
3.503452539443969727e+00 -7.746428966522216797e+00 1.636848068237304688e+01
-6.994148731231689453e+00 -1.364133262634277344e+01 -1.014147758483886719e+01
-2.091083908081054688e+01 -1.676391512155532837e-01 2.070922851562500000e+00
1.684318733215332031e+01 -3.172706127166748047e+00 -1.022539043426513672e+01
8.943801879882812500e+00 -1.047177791595458984e+01 -1.331481361389160156e+01
-1.086090922355651855e+00 -3.472283554077148438e+01 -7.214972972869873047e+00
1.336427211761474609e+01 9.346207618713378906e+00 2.075412559509277344e+01
-3.589679718017578125e+01 -3.788365840911865234e+00 -1.873603057861328125e+01
-2.677313995361328125e+01 -5.222321033477783203e+00 -1.155844974517822266e+01
4.868995547294616699e-01 -6.035464286804199219e+00 1.710188484191894531e+01
-2.981483697891235352e+00 5.932214856147766113e-01 -1.092441654205322266e+01
2.133758926391601562e+01 1.553976821899414062e+01 3.155139446258544922e+00
8.366424560546875000e+00 -4.722795963287353516e+00 -1.640075445175170898e+00
-1.992535781860351562e+01 -1.172802639007568359e+01 1.020153713226318359e+01
-2.472432899475097656e+01 -9.435496330261230469e+00 -2.739007568359375000e+01
9.700448036193847656e+00 -6.558630466461181641e+00 4.672643184661865234e+00
1.470506095886230469e+01 -1.148151874542236328e+00 -3.647746658325195312e+01
-1.622360610961914062e+01 -1.786727333068847656e+01 -2.840022468566894531e+01
1.852246475219726562e+01 -9.413508415222167969e+00 -3.541510105133056641e+00
-2.389998435974121094e+01 1.146740436553955078e+01 -1.451576805114746094e+01
2.436633110046386719e+01 3.949692845344543457e-01 1.437339496612548828e+01
-6.674276828765869141e+00 -1.955686450004577637e+00 -2.527723312377929688e+01
1.345531845092773438e+01 -3.363791275024414062e+01 -9.088831901550292969e+00
1.787649154663085938e+01 1.565676307678222656e+01 -1.023229956626892090e+00
3.256459045410156250e+01 3.348747491836547852e+00 1.487961387634277344e+01
1.688124847412109375e+01 -3.194399595260620117e+00 -1.817023086547851562e+01
-1.284516716003417969e+01 3.096766090393066406e+01 6.584255218505859375e+00
1.423102855682373047e+01 3.947248840332031250e+01 2.844894409179687500e+00
-1.591044235229492188e+01 -4.689975082874298096e-01 3.672033309936523438e+01
1.545907592773437500e+01 2.280924797058105469e+01 -1.602580642700195312e+01
-1.075394868850708008e+00 5.956928730010986328e+00 -2.738270378112792969e+01
3.596295928955078125e+01 5.665810585021972656e+00 -2.651145935058593750e+00
6.278526306152343750e+00 -1.896539032459259033e-01 2.451915740966796875e+01
-3.456895828247070312e+00 1.941649913787841797e+00 3.791856384277343750e+01
1.140038490295410156e+01 1.476216983795166016e+01 -7.622803688049316406e+00
-4.348838806152343750e+00 -1.432929873466491699e+00 -1.798926544189453125e+01
2.882980537414550781e+01 -4.653386116027832031e+00 3.991353988647460938e+00
-1.723642539978027344e+01 1.794466972351074219e+01 2.008972167968750000e+01
-2.240157890319824219e+01 1.825082969665527344e+01 -1.930715370178222656e+01
2.966732215881347656e+01 1.919891738891601562e+01 -4.940007209777832031e+00
-4.181503295898437500e+01 -3.156309843063354492e+00 1.036226367950439453e+01
1.771469688415527344e+01 4.435384750366210938e+00 3.375397872924804688e+01
-8.078422546386718750e+00 1.046273803710937500e+01 1.214229774475097656e+01
-2.417159080505371094e+01 -1.704351806640625000e+01 2.215086364746093750e+01
-6.909777641296386719e+00 -3.736013793945312500e+01 -1.172078037261962891e+01
-1.703431510925292969e+01 -4.760557651519775391e+00 1.656830787658691406e+01
-2.389157295227050781e+01 2.712583160400390625e+01 7.076897621154785156e+00
3.257815933227539062e+01 -1.414621448516845703e+01 -4.551956951618194580e-01
-1.605590438842773438e+01 -1.708703488111495972e-01 3.668810653686523438e+01
2.126206779479980469e+01 -2.536250877380371094e+01 4.875089168548583984e+00
6.002498149871826172e+00 1.526669263839721680e+00 3.694567489624023438e+01
1.337308025360107422e+01 -9.191742897033691406e+00 -7.535619735717773438e+00
6.731322288513183594e+00 3.881484031677246094e+00 2.136549568176269531e+01
5.102856636047363281e+00 2.266190528869628906e+01 2.802704095840454102e+00
1.800799369812011719e+01 1.487514495849609375e+01 2.608353424072265625e+01
7.501489162445068359e+00 8.963310241699218750e+00 -6.962848305702209473e-01
-3.873057663440704346e-01 1.463577175140380859e+01 9.342878341674804688e+00
-1.635787200927734375e+01 -2.386024093627929688e+01 -2.191148185729980469e+01
3.331781387329101562e+01 1.144955539703369141e+01 5.825056076049804688e+00
-2.374768638610839844e+01 -6.682326316833496094e+00 1.576910400390625000e+01
2.868897247314453125e+01 2.061511230468750000e+01 -4.797344207763671875e+00
-2.705123901367187500e+01 3.662423372268676758e+00 1.603138732910156250e+01
-1.082707405090332031e+01 9.140395164489746094e+00 -4.239909172058105469e+00
1.390015959739685059e+00 -1.751281166076660156e+01 -1.372500991821289062e+01
-3.949568176269531250e+01 -5.553621649742126465e-01 6.760710716247558594e+00
1.216609573364257812e+01 1.343764114379882812e+01 -1.604433822631835938e+01
-1.261343097686767578e+01 -1.881198883056640625e+01 -4.414235115051269531e+00
5.150067806243896484e+00 -3.742990732192993164e+00 1.582519054412841797e+01
-4.643683910369873047e+00 -4.790575504302978516e-01 -1.934156990051269531e+01
-2.764171218872070312e+01 8.614208221435546875e+00 3.984162509441375732e-01
3.142594146728515625e+01 -1.560584640502929688e+01 9.787782669067382812e+00
-1.394716835021972656e+01 -1.149075222015380859e+01 -1.870752811431884766e+00
1.380374908447265625e+01 7.233782768249511719e+00 1.250108528137207031e+01
-6.320806503295898438e+00 -3.640254497528076172e+00 1.029249286651611328e+01
-2.190736198425292969e+01 2.596111106872558594e+01 -6.022592544555664062e+00
7.829434394836425781e+00 -1.013173198699951172e+01 -5.327858328819274902e-01
-3.034505271911621094e+01 1.526142239570617676e+00 1.113469243049621582e+00
-6.771124839782714844e+00 1.808808135986328125e+01 -4.791582107543945312e+00
2.657928085327148438e+01 -8.887563705444335938e+00 -2.256682205200195312e+01
2.409904003143310547e-01 -3.553198242187500000e+01 -8.231498718261718750e+00
-2.641846835613250732e-01 -2.574868774414062500e+01 -1.391613292694091797e+01
2.360503578186035156e+01 -2.662735223770141602e+00 6.055507183074951172e+00
2.501554489135742188e-01 -1.295874595642089844e+01 -1.480296134948730469e+00
-4.579840183258056641e+00 -1.591403484344482422e+01 1.174560451507568359e+01
-2.714315652847290039e+00 -1.629294776916503906e+01 2.325706863403320312e+01
1.233012437820434570e+00 7.194882392883300781e+00 1.306755256652832031e+01
-1.983390045166015625e+01 1.096131515502929688e+01 1.717774200439453125e+01
-3.362512969970703125e+01 3.179292201995849609e+00 2.017862510681152344e+01
-2.400294113159179688e+01 7.094706535339355469e+00 -2.040775299072265625e+01
-1.712093734741210938e+01 -4.686812877655029297e+00 1.163993358612060547e+01
-2.597753524780273438e+01 2.916581344604492188e+01 8.785706520080566406e+00
1.044952297210693359e+01 -1.575361847877502441e+00 3.058807754516601562e+01
-1.888048171997070312e+01 -4.693813323974609375e+00 -1.332679462432861328e+01
-1.398477935791015625e+01 -2.056272697448730469e+01 1.675092697143554688e+01
-4.832769870758056641e+00 3.574566650390625000e+01 1.881755828857421875e+01
-4.932788372039794922e+00 3.583965301513671875e+01 1.831040000915527344e+01
-2.862334251403808594e+01 2.178192901611328125e+01 -6.498380661010742188e+00
3.546664428710937500e+01 -1.451738262176513672e+01 -4.288980484008789062e+00
3.549673843383789062e+01 4.856782436370849609e+00 -1.596716523170471191e+00
1.680842971801757812e+01 -9.720369577407836914e-01 -2.976285219192504883e+00
-3.163040733337402344e+01 1.952003389596939087e-01 -5.593177676200866699e-01
-1.539033126831054688e+01 1.282867145538330078e+01 -2.697295761108398438e+01
-1.113330841064453125e+00 3.397170782089233398e+00 9.173842430114746094e+00
5.539632797241210938e+00 -1.946440505981445312e+01 -1.821484565734863281e+01
2.902780342102050781e+01 4.414336204528808594e+00 -1.624237442016601562e+01
3.106375694274902344e+00 -2.448863506317138672e+00 2.597604274749755859e+00
3.613772201538085938e+01 1.550620174407958984e+01 3.839271545410156250e+00
-1.228945827484130859e+01 -7.190456390380859375e+00 -2.206914901733398438e+01
-2.228908729553222656e+01 -9.543692588806152344e+00 -5.811320304870605469e+00
1.302973365783691406e+01 -4.318488121032714844e+00 3.819401931762695312e+01
-2.087058305740356445e+00 -2.955532073974609375e+01 -2.010916328430175781e+01
6.747488498687744141e+00 -7.449010372161865234e+00 1.951171010732650757e-01
8.892313957214355469e+00 -1.180107498168945312e+01 7.313168048858642578e-01
2.280550765991210938e+01 -2.012037086486816406e+01 1.476348114013671875e+01
4.933824539184570312e+00 -1.240328979492187500e+01 1.351560592651367188e+01
5.991979598999023438e+00 -1.055196857452392578e+01 3.894135284423828125e+01
-1.223062992095947266e+00 -6.357100963592529297e+00 -3.574544143676757812e+01
2.457227230072021484e+00 -2.999214553833007812e+01 -1.180389976501464844e+01
-2.887936592102050781e+01 2.112941551208496094e+01 -7.525813579559326172e+00
2.557561874389648438e+01 1.213737010955810547e+01 2.971714258193969727e+00
1.408399295806884766e+01 -8.761582374572753906e+00 -8.170308113098144531e+00
1.387661647796630859e+01 -9.834211349487304688e+00 -2.328396606445312500e+01
-4.665837764739990234e+00 -2.567383050918579102e+00 -2.680592918395996094e+01
-4.903492450714111328e+00 3.640810775756835938e+01 1.578421020507812500e+01
2.662538528442382812e+01 1.490115261077880859e+01 1.828320384025573730e+00
1.479088497161865234e+01 1.808717155456542969e+01 -1.199533843994140625e+01
-2.635202789306640625e+01 8.505400657653808594e+00 4.390632733702659607e-02
-2.213517570495605469e+01 -2.317972373962402344e+01 -2.148671913146972656e+01
4.639391422271728516e+00 8.610171318054199219e+00 -5.484577178955078125e+00
3.460025548934936523e+00 -1.760970878601074219e+01 1.969835662841796875e+01
-1.282515621185302734e+01 -3.446076583862304688e+01 -3.353793621063232422e+00
-6.014013290405273438e+00 -3.115642166137695312e+01 2.632442665100097656e+01
-1.994228553771972656e+01 5.794361591339111328e+00 2.841427993774414062e+01
1.580316925048828125e+01 9.706832170486450195e-01 -2.578464126586914062e+01
-3.195955657958984375e+01 4.300645351409912109e+00 -4.435773372650146484e+00
4.608490467071533203e+00 -3.127462768554687500e+01 -9.397655487060546875e+00
-2.727675247192382812e+01 -1.555741977691650391e+01 -2.297543907165527344e+01
-2.864599800109863281e+01 -4.417739868164062500e+00 -1.096837043762207031e+01
3.714498519897460938e+00 2.879963302612304688e+01 2.706600904464721680e+00
-1.024446392059326172e+01 1.660882759094238281e+01 -1.690298080444335938e+01
-1.266397380828857422e+01 2.535579490661621094e+01 -8.939743995666503906e+00
-1.957297921180725098e+00 3.687954711914062500e+01 1.639225959777832031e+01
-1.047251033782958984e+01 1.937331008911132812e+01 8.257674217224121094e+00
1.892502212524414062e+01 5.141958236694335938e+00 -1.179892539978027344e+01
-2.661943674087524414e+00 -2.255031013488769531e+01 -1.719225883483886719e+01
2.625137329101562500e+01 -5.191735267639160156e+00 1.955401039123535156e+01
1.143673038482666016e+01 -1.224226856231689453e+01 1.146694374084472656e+01
-6.362949371337890625e+00 -9.502444267272949219e+00 -2.941820907592773438e+01
2.254186439514160156e+01 8.302998542785644531e+00 2.886154747009277344e+01
-2.070757865905761719e+01 1.391526317596435547e+01 2.035534143447875977e+00
-9.112507820129394531e+00 -2.476020812988281250e+01 -7.535587787628173828e+00
-3.559005737304687500e+01 -7.425189018249511719e+00 -3.569372892379760742e+00
-2.067643928527832031e+01 1.259397315979003906e+01 -8.525894165039062500e+00
-1.016665172576904297e+01 1.409925937652587891e+01 -3.494140625000000000e+01
2.117138671875000000e+01 -4.138943672180175781e+00 9.461340904235839844e+00
3.025447845458984375e+01 -2.473445177078247070e+00 -9.442580223083496094e+00
-3.050454711914062500e+01 -1.893662261962890625e+01 -4.826459407806396484e+00
2.784206390380859375e+00 2.020068359375000000e+01 3.500847339630126953e+00
3.239810705184936523e+00 2.097685241699218750e+01 3.783002376556396484e+00
8.523542404174804688e+00 2.063791275024414062e+01 1.041360282897949219e+01
-9.562999725341796875e+00 -1.505607604980468750e+01 2.486127281188964844e+01
9.399912834167480469e+00 -6.446451663970947266e+00 1.154328823089599609e+01
-2.082618522644042969e+01 -6.204983234405517578e+00 -1.131523323059082031e+01
4.352848052978515625e+00 8.094408035278320312e+00 4.853574275970458984e+00
1.233718109130859375e+01 -2.327846717834472656e+01 -2.574400901794433594e+01
2.181917428970336914e+00 2.543754196166992188e+01 3.580714225769042969e+00
4.360984265804290771e-01 -2.184192085266113281e+01 2.663243103027343750e+01
7.594613075256347656e+00 8.681627273559570312e+00 -4.934385716915130615e-01
-6.339744925498962402e-01 1.205802822113037109e+01 -1.438069629669189453e+01
5.464643478393554688e+00 2.889287185668945312e+01 1.832917213439941406e+00
-3.038645935058593750e+01 1.945242500305175781e+01 -1.377685904502868652e+00
-2.918739509582519531e+01 -7.857021331787109375e+00 2.333492279052734375e+01
-1.489894390106201172e+01 1.781825256347656250e+01 -2.717389106750488281e+00
4.021389961242675781e+00 -1.570163726806640625e+01 1.084737300872802734e+01
1.197491168975830078e+01 3.195007741451263428e-01 -1.370388031005859375e+01
-5.031701564788818359e+00 9.779522895812988281e+00 -2.727950859069824219e+01
2.440312385559082031e+01 -1.380645465850830078e+01 -8.358871936798095703e-01
1.141819190979003906e+01 -2.086635780334472656e+01 -1.529454898834228516e+01
2.192832565307617188e+01 -2.499481201171875000e+01 4.758061408996582031e+00
1.766032725572586060e-01 1.210599899291992188e+01 -1.321534347534179688e+01
3.494111633300781250e+01 -1.456511878967285156e+01 -4.053968906402587891e+00
-2.758091926574707031e+01 -1.737363815307617188e+01 -6.023336410522460938e+00
-8.744316101074218750e+00 2.332385253906250000e+01 9.780944824218750000e+00
-1.421559047698974609e+01 1.298865699768066406e+01 1.764810752868652344e+01
2.442855262756347656e+01 -3.243034839630126953e+00 5.044251918792724609e+00
7.626773834228515625e+00 -1.004420471191406250e+01 -8.491355895996093750e+00
1.311930942535400391e+01 3.411197662353515625e+01 9.557314872741699219e+00
1.043655872344970703e+01 2.735968971252441406e+01 -1.068108558654785156e+01
-1.140525722503662109e+01 1.135503196716308594e+01 -7.341538369655609131e-02
-1.459595680236816406e+01 8.948366165161132812e+00 7.515398025512695312e+00
2.477115249633789062e+01 -4.364016056060791016e+00 1.795575332641601562e+01
-1.904152107238769531e+01 -2.762326049804687500e+01 8.061462402343750000e+00
-3.231874942779541016e+00 -3.777839660644531250e+01 1.104653835296630859e+01
4.075994491577148438e+00 2.967706871032714844e+01 5.855526328086853027e-01
1.592659664154052734e+01 9.838420867919921875e+00 -1.947755622863769531e+01
3.169251251220703125e+01 -1.322826194763183594e+01 9.334314346313476562e+00
-1.673960113525390625e+01 -2.685839843750000000e+01 -2.173825025558471680e+00
-1.654463887214660645e+00 1.503939533233642578e+01 -2.606330680847167969e+01
-6.759578227996826172e+00 2.909569168090820312e+01 1.154881095886230469e+01
3.531282424926757812e+01 3.436080455780029297e+00 -2.619544744491577148e+00
1.004729843139648438e+01 -1.483840751647949219e+01 -2.735031890869140625e+01
-1.108078575134277344e+01 7.779356241226196289e-01 2.675070571899414062e+01
1.430276203155517578e+01 7.132969379425048828e+00 -2.278879547119140625e+01
-1.296762275695800781e+01 2.851239395141601562e+01 2.059762382507324219e+01
2.525960350036621094e+01 2.746913146972656250e+01 1.050167274475097656e+01
1.017443370819091797e+01 5.005070686340332031e+00 -2.697376441955566406e+01
9.728856086730957031e+00 1.433204746246337891e+01 2.470003700256347656e+01
-2.324953842163085938e+01 9.080043792724609375e+00 -2.181182098388671875e+01
-1.389328956604003906e+01 1.591487789154052734e+01 -1.301567363739013672e+01
-2.321227836608886719e+01 1.045264720916748047e+01 -2.130786323547363281e+01
-1.075089740753173828e+01 3.456091308593750000e+01 -2.042906284332275391e+00
-3.231439208984375000e+01 1.853944778442382812e+01 -8.183032870292663574e-01
-2.692559814453125000e+01 -1.709721565246582031e+01 -8.920928955078125000e+00
1.613776206970214844e+01 2.153682899475097656e+01 -1.505365520715713501e-01
1.714016795158386230e+00 -1.407257843017578125e+01 -1.978525996208190918e+00
1.346054172515869141e+01 -4.518938064575195312e-01 2.585395622253417969e+01
-8.260072708129882812e+00 1.687515830993652344e+01 -7.348548889160156250e+00
-1.309241676330566406e+01 2.612054824829101562e+01 -8.736553192138671875e+00
-1.150823211669921875e+01 2.150576782226562500e+01 2.396724939346313477e+00
-2.804393386840820312e+01 -1.408939361572265625e+00 7.531135082244873047e+00
-1.188302230834960938e+01 2.282324552536010742e+00 2.305698156356811523e+00
1.474169635772705078e+01 1.026988410949707031e+01 -2.260965728759765625e+01
4.373932647705078125e+01 -4.094718933105468750e+00 2.498534679412841797e+00
3.176660537719726562e+00 -7.471775531768798828e+00 -1.523964405059814453e+01
5.719506740570068359e+00 1.767390251159667969e+00 -2.475229644775390625e+01
1.401206207275390625e+01 7.238001346588134766e+00 1.257940483093261719e+01
1.174588108062744141e+01 1.954850256443023682e-01 -3.759573745727539062e+01
4.216813564300537109e+00 -8.653518676757812500e+00 3.714670562744140625e+01
-2.217254638671875000e+00 1.346936130523681641e+01 1.387741470336914062e+01
-1.435212135314941406e+01 -1.431646108627319336e+00 -3.163110351562500000e+01
-2.486386537551879883e+00 2.374455451965332031e+01 -2.681603431701660156e+00
2.003018569946289062e+01 2.039588356018066406e+01 1.169072532653808594e+01
3.336026382446289062e+01 -1.339549922943115234e+01 -3.736284494400024414e+00
1.704346466064453125e+01 3.021632909774780273e+00 -3.554096221923828125e+01
7.977213859558105469e+00 2.574950408935546875e+01 6.291688442230224609e+00
-3.005047798156738281e+01 1.488217735290527344e+01 -4.546874761581420898e-01
5.305162906646728516e+00 1.330485820770263672e+01 -2.816387891769409180e+00
-3.343892335891723633e+00 -5.469720840454101562e+00 1.084218978881835938e+00
-1.910856056213378906e+01 -4.876694202423095703e+00 -1.332576942443847656e+01
-1.469471931457519531e+01 1.576891708374023438e+01 1.583613300323486328e+01
-7.580335736274719238e-01 -2.245698356628417969e+01 3.457748651504516602e+00
1.358038139343261719e+01 -1.771448707580566406e+01 -6.146107196807861328e+00
-3.158083343505859375e+01 2.714217901229858398e+00 -1.140784645080566406e+01
3.088627338409423828e+00 8.738156557083129883e-01 -1.166181087493896484e+01
4.197996616363525391e+00 2.850136947631835938e+01 5.851401805877685547e+00
3.861510276794433594e+00 2.863173675537109375e+01 6.045842170715332031e+00
-1.622088241577148438e+01 4.125532627105712891e+00 1.469912338256835938e+01
-3.715552139282226562e+01 -8.165010452270507812e+00 -5.105475187301635742e-01
-4.483013451099395752e-01 -1.339915871620178223e+00 1.927070021629333496e+00
4.988826274871826172e+00 -1.305907249450683594e+01 1.375458145141601562e+01
1.397534751892089844e+01 1.807500839233398438e+01 -8.633351325988769531e+00
-2.606597709655761719e+01 -3.499234914779663086e-01 7.973649501800537109e+00
1.698120689392089844e+01 5.033597469329833984e+00 -2.114554023742675781e+01
2.320259332656860352e+00 -3.449816131591796875e+01 2.643321990966796875e+00
1.753613853454589844e+01 -2.436745405197143555e+00 3.451288223266601562e+01
-6.311873912811279297e+00 -3.045775651931762695e+00 -7.859379291534423828e+00
1.950876808166503906e+01 2.912923049926757812e+01 -1.063194179534912109e+01
-2.643337726593017578e+00 -2.256213569641113281e+01 -1.719273757934570312e+01
-2.287823104858398438e+01 7.024596214294433594e+00 5.348124504089355469e+00
1.846341705322265625e+01 -2.942082214355468750e+01 -5.734850883483886719e+00
3.475392150878906250e+01 -7.992618083953857422e+00 -1.332094192504882812e+01
9.997591972351074219e+00 -3.406454086303710938e+01 -5.756664752960205078e+00
2.481007099151611328e+00 -8.705384254455566406e+00 2.512556791305541992e+00
1.061754894256591797e+01 2.736526679992675781e+01 1.465355968475341797e+01
-1.094824218750000000e+01 1.385132408142089844e+01 -1.545580482482910156e+01
3.856595611572265625e+01 8.064338684082031250e+00 -9.135067939758300781e+00
-5.344571590423583984e+00 1.014765167236328125e+01 -1.624375724792480469e+01
2.844775199890136719e+01 6.630581378936767578e+00 3.682333707809448242e+00
-4.657643318176269531e+00 7.786966800689697266e+00 1.767387580871582031e+01
-2.453472137451171875e+01 -9.699560165405273438e+00 -1.295352172851562500e+01
-5.511870384216308594e+00 1.402928352355957031e+00 1.484711074829101562e+01
-2.149884462356567383e+00 1.842304420471191406e+01 1.988901138305664062e+01
-1.134909534454345703e+01 2.019197082519531250e+01 8.878977775573730469e+00
-3.456937789916992188e+00 2.024126434326171875e+01 -6.324601173400878906e+00
-1.759117007255554199e+00 3.858594131469726562e+01 -1.220289993286132812e+01
1.609793472290039062e+01 -1.965908050537109375e+01 7.962449550628662109e+00
2.188635253906250000e+01 -1.068787336349487305e+00 -2.567478561401367188e+01
1.873235702514648438e+01 -3.004807281494140625e+01 -8.673375129699707031e+00
-1.312857627868652344e+01 -7.696391582489013672e+00 5.989247798919677734e+00
1.149497127532958984e+01 3.086988639831542969e+01 -1.423557662963867188e+01
-1.077040290832519531e+01 -3.413307905197143555e+00 -3.641756439208984375e+01
2.627274703979492188e+01 -2.270067405700683594e+01 2.423843145370483398e+00
6.467890739440917969e+00 2.957559394836425781e+01 1.646943092346191406e+01
-2.009996891021728516e+00 -1.007742404937744141e+00 2.828634977340698242e+00
-2.099514961242675781e+00 3.406757736206054688e+01 -7.393181800842285156e+00
1.520614981651306152e+00 1.722720527648925781e+01 9.242312431335449219e+00
-1.499500179290771484e+01 -2.913348913192749023e+00 -2.136212348937988281e+01
2.715476989746093750e+01 -4.922017574310302734e+00 -1.167033863067626953e+01
-1.863967895507812500e+01 -5.002608776092529297e+00 1.802281379699707031e+01
-4.655528068542480469e+00 -1.950668525695800781e+01 -2.075226974487304688e+01
6.286643505096435547e+00 -4.162448406219482422e+00 -1.162396717071533203e+01
3.766313791275024414e-01 -3.853501129150390625e+01 -2.037961244583129883e+00
6.555816173553466797e+00 2.704727172851562500e+01 -2.677662658691406250e+01
2.061995124816894531e+01 1.788592529296875000e+01 1.255512142181396484e+01
-1.831099510192871094e+01 1.698019981384277344e+01 1.920302200317382812e+01
2.723234367370605469e+01 -1.044443893432617188e+01 2.198308181762695312e+01
9.389720916748046875e+00 1.568838977813720703e+01 3.072430419921875000e+01
2.259344577789306641e+00 -1.583715057373046875e+01 -2.679774093627929688e+01
2.763535881042480469e+01 7.561888694763183594e+00 -2.561023902893066406e+01
-1.625148963928222656e+01 6.993564367294311523e-01 3.680126953125000000e+01
-2.006518745422363281e+01 2.069761657714843750e+01 1.685576629638671875e+01
-9.835646152496337891e-01 2.360111999511718750e+01 2.428743171691894531e+01
1.936505889892578125e+01 -8.402798652648925781e+00 8.473129272460937500e+00
-1.141740417480468750e+01 2.435687446594238281e+01 -9.195164680480957031e+00
-3.180120229721069336e+00 1.076449298858642578e+01 -2.822496986389160156e+01
-9.589325904846191406e+00 -2.008277893066406250e+01 -6.874268531799316406e+00
-5.839704036712646484e+00 -7.002252578735351562e+00 -3.350265502929687500e+01
2.842745971679687500e+01 4.443503379821777344e+00 -1.546771621704101562e+01
2.216723823547363281e+01 1.957689285278320312e+01 2.161693811416625977e+00
-2.497167778015136719e+01 -9.124869346618652344e+00 -3.394009828567504883e+00
-1.951379394531250000e+01 -2.208910751342773438e+01 1.813247108459472656e+01
-7.355657219886779785e-01 -2.884606170654296875e+01 -2.332372856140136719e+01
1.775841331481933594e+01 3.350067138671875000e+01 -6.324965000152587891e+00
-4.878304958343505859e+00 1.566348457336425781e+01 2.922761154174804688e+01
5.243954181671142578e+00 2.737637710571289062e+01 -2.610574340820312500e+01
-1.349059200286865234e+01 2.956942319869995117e+00 3.900970840454101562e+01
2.105128765106201172e-01 8.966022491455078125e+00 2.999164819717407227e+00
-3.191320800781250000e+01 -1.779762840270996094e+01 -5.804348468780517578e+00
2.180247783660888672e+00 1.587477874755859375e+01 -3.061928033828735352e+00
-4.658946037292480469e+00 4.001218414306640625e+01 3.471723079681396484e+00
-1.663128614425659180e+00 3.111625862121582031e+01 8.533963203430175781e+00
8.093400955200195312e+00 -2.098313140869140625e+01 8.986969947814941406e+00
1.590719127655029297e+01 -1.297537326812744141e+01 4.051622390747070312e+00
1.764161491394042969e+01 -1.620832443237304688e+01 1.638735389709472656e+01
-5.377836227416992188e+00 2.242115402221679688e+01 1.548067474365234375e+01
-3.335468530654907227e+00 2.119382476806640625e+01 -9.742312431335449219e+00
2.274328041076660156e+01 -5.310003757476806641e+00 1.167459964752197266e+01
-2.419452190399169922e+00 1.553103351593017578e+01 1.227363967895507812e+01
1.616462516784667969e+01 -1.401881027221679688e+01 2.891332626342773438e+01
1.475901317596435547e+01 1.887282752990722656e+01 -1.146151828765869141e+01
-1.287122249603271484e+01 1.236787986755371094e+01 1.748549270629882812e+01
1.587590694427490234e+01 -2.239174365997314453e+00 2.695131301879882812e+01
6.736670970916748047e+00 2.729372596740722656e+01 1.998898386955261230e+00
6.991353034973144531e+00 -3.787231445312500000e+00 -1.722646522521972656e+01
2.034079933166503906e+01 -1.255436706542968750e+01 1.865978622436523438e+01
4.200764465332031250e+01 3.655463695526123047e+00 2.783233165740966797e+00
-1.460390853881835938e+01 2.321968078613281250e+01 2.435610008239746094e+01
-8.511178493499755859e-01 3.868217086791992188e+01 1.893739891052246094e+01
6.708628654479980469e+00 -2.692834734916687012e-01 2.320693969726562500e+01
-2.327663612365722656e+01 -5.654200445860624313e-03 -1.742103767395019531e+01
-2.224753379821777344e+01 -1.094717693328857422e+01 -3.643496513366699219e+00
-2.561355781555175781e+01 4.926197052001953125e+00 4.661655902862548828e+00
-2.968383216857910156e+01 5.345951318740844727e-01 5.143438339233398438e+00
1.788654565811157227e+00 -2.376147460937500000e+01 1.997879600524902344e+01
1.608229064941406250e+01 2.720673370361328125e+01 -3.834922313690185547e+00
1.373259067535400391e+01 1.463311958312988281e+01 3.148528337478637695e+00
-1.417694759368896484e+01 1.257345795631408691e+00 1.433385658264160156e+01
5.781440258026123047e+00 2.129737281799316406e+01 -3.720695495605468750e+00
-1.943791389465332031e+01 9.203107833862304688e+00 -1.479034328460693359e+01
1.394536209106445312e+01 1.529977321624755859e+01 -2.719970047473907471e-01
-6.139762401580810547e+00 -3.563908004760742188e+01 -4.895031452178955078e-01
6.676669597625732422e+00 2.903499412536621094e+01 6.949671268463134766e+00
1.529033756256103516e+01 1.225641155242919922e+01 2.674367141723632812e+01
1.001141452789306641e+01 1.468987751007080078e+01 2.658276557922363281e+01
-4.554491996765136719e+00 7.908250808715820312e+00 -2.766623115539550781e+01
3.101042938232421875e+01 -8.015233039855957031e+00 1.366862106323242188e+01
-2.453205299377441406e+01 2.554751968383789062e+01 7.098854064941406250e+00
-2.720243692398071289e+00 -3.413037109375000000e+01 -1.795454216003417969e+01
3.000052452087402344e+01 -1.105612087249755859e+01 -1.329553031921386719e+01
-1.092819499969482422e+01 1.470713710784912109e+01 -2.594002723693847656e+01
-1.574010086059570312e+01 -1.597572708129882812e+01 6.364211082458496094e+00
-1.292127323150634766e+01 -1.611155128479003906e+01 -6.588234901428222656e+00
-9.723937034606933594e+00 4.527315139770507812e+00 3.161956024169921875e+01
1.184973144531250000e+01 2.096713256835937500e+01 2.746326637268066406e+01
6.016695499420166016e+00 -2.865557479858398438e+01 -1.871545410156250000e+01
-1.155393123626708984e+01 -7.621845722198486328e+00 4.715397357940673828e+00
-2.511366271972656250e+01 -1.316369915008544922e+01 1.407286071777343750e+01
2.639445495605468750e+01 2.035047912597656250e+01 -2.762696981430053711e+00
-3.594215393066406250e+01 7.470059394836425781e+00 8.101668357849121094e+00
2.598966217041015625e+01 1.622252273559570312e+01 -1.656324768066406250e+01
5.522590637207031250e+00 2.236448860168457031e+01 -1.737256240844726562e+01
1.967302131652832031e+01 1.102546977996826172e+01 1.514279460906982422e+01
4.071269607543945312e+01 -4.890414714813232422e+00 1.961875677108764648e+00
1.790763854980468750e+01 -1.074817752838134766e+01 -2.151745605468750000e+01
2.552322769165039062e+01 -9.282426834106445312e-01 3.236439132690429688e+01
-2.977593612670898438e+01 -1.090223026275634766e+01 8.855256080627441406e+00
2.081608009338378906e+01 -3.268136215209960938e+01 4.570104122161865234e+00
2.319821357727050781e+01 -2.518749809265136719e+01 1.648675918579101562e+00
9.094504356384277344e+00 5.380343914031982422e+00 -3.647805786132812500e+01
-1.462642765045166016e+01 1.657907485961914062e+01 -3.747958183288574219e+00
3.689137458801269531e+00 3.328781366348266602e+00 -1.883566665649414062e+01
-1.670767021179199219e+01 -3.088667297363281250e+01 -1.289044380187988281e+01
1.073644828796386719e+01 2.694137763977050781e+01 1.433929634094238281e+01
-3.207145690917968750e+01 4.437301158905029297e+00 1.113749790191650391e+01
-1.659386253356933594e+01 7.393186688423156738e-01 3.634157180786132812e+01
-1.219795227050781250e+00 -1.125431537628173828e+00 -3.697068786621093750e+01
-1.956826591491699219e+01 -3.339807510375976562e+00 -4.826707363128662109e+00
-1.652277374267578125e+01 1.445097160339355469e+01 -2.000934219360351562e+01
2.812739944458007812e+01 -4.852807044982910156e+00 2.274009323120117188e+01
-1.854903602600097656e+01 1.752743148803710938e+01 1.904646492004394531e+01
-4.780210018157958984e+00 3.300080108642578125e+01 -1.110149383544921875e+01
-4.559248447418212891e+00 -5.199129581451416016e+00 2.439317321777343750e+01
-1.332883071899414062e+01 -1.431935119628906250e+01 1.226391124725341797e+01
-1.980392646789550781e+01 -1.165512561798095703e+01 1.019434070587158203e+01
6.926229953765869141e+00 2.619744110107421875e+01 1.395681858062744141e+01
1.959281349182128906e+01 1.920483398437500000e+01 1.906246376037597656e+01
-2.614289855957031250e+01 -2.221871566772460938e+01 -5.215414047241210938e+00
1.816306877136230469e+01 3.843041419982910156e+00 3.250397491455078125e+01
1.096575832366943359e+01 -2.908308219909667969e+01 -8.759251594543457031e+00
7.697065830230712891e+00 -1.658418846130371094e+01 1.769680213928222656e+01
-1.447437256574630737e-01 -5.995817184448242188e+00 -2.854008674621582031e+01
1.213575458526611328e+01 -2.928773307800292969e+01 5.254709243774414062e+00
2.522424888610839844e+01 -1.240434646606445312e+01 -2.445043373107910156e+01
-2.706256675720214844e+01 2.302505016326904297e+00 1.928472137451171875e+01
1.619729995727539062e+01 9.811492919921875000e+00 -1.951674461364746094e+01
2.724796533584594727e+00 1.607014465332031250e+01 -1.648468971252441406e+01
-2.158327865600585938e+01 1.167563915252685547e+01 -1.482312440872192383e+00
-3.116024017333984375e+01 -1.157124233245849609e+01 1.852840995788574219e+01
-9.431089401245117188e+00 -2.527571678161621094e+01 2.816769218444824219e+01
-1.184532451629638672e+01 2.859097099304199219e+01 2.068227386474609375e+01
2.720079660415649414e+00 2.860340499877929688e+01 -1.537874126434326172e+01
1.727023887634277344e+01 6.221221923828125000e+00 -6.695063591003417969e+00
3.081951856613159180e+00 -2.063201904296875000e+01 2.473780441284179688e+01
-4.801845073699951172e+00 -1.584697818756103516e+01 1.172956180572509766e+01
2.029893302917480469e+01 -7.945601940155029297e+00 -3.130514383316040039e+00
1.763287925720214844e+01 1.156422996520996094e+01 1.530307102203369141e+01
9.582993507385253906e+00 -4.738275051116943359e+00 -8.084860444068908691e-01
-2.709189414978027344e+01 -1.757309722900390625e+01 -8.724491119384765625e+00
-1.443601226806640625e+01 -2.534018516540527344e+01 -2.077990150451660156e+01
1.232205867767333984e+00 -1.121578693389892578e+01 -1.394154453277587891e+01
5.655963420867919922e+00 1.165043449401855469e+01 2.010082483291625977e+00
-9.160306930541992188e+00 8.284617424011230469e+00 -3.165431976318359375e+01
-1.056758499145507812e+01 8.194262385368347168e-01 2.673268318176269531e+01
-3.750699996948242188e+01 -2.863464355468750000e+00 -1.639330673217773438e+01
-2.710296821594238281e+01 -1.309743690490722656e+01 1.994438743591308594e+01
-2.410614395141601562e+01 -1.458804702758789062e+01 -2.531323242187500000e+01
-1.957525634765625000e+01 1.149977803230285645e+00 -1.399678421020507812e+01
2.030422449111938477e+00 -2.180701065063476562e+01 2.812616157531738281e+01
1.068610858917236328e+01 3.980696105957031250e+01 -6.537136077880859375e+00
1.486396026611328125e+01 1.094863224029541016e+01 3.368128061294555664e+00
1.025755119323730469e+01 -3.414038848876953125e+01 -5.261022567749023438e+00
-2.326909828186035156e+01 2.633386802673339844e+01 6.085321426391601562e+00
-2.301116943359375000e+01 -8.453929901123046875e+00 -1.641965293884277344e+01
2.610344123840332031e+01 1.561463928222656250e+01 3.583503007888793945e+00
-2.687104797363281250e+01 -2.180358886718750000e+00 -1.123410797119140625e+01
4.312656879425048828e+00 -1.708920669555664062e+01 1.976839256286621094e+01
-3.481217575073242188e+01 1.284362220764160156e+01 5.370316505432128906e+00
-6.114710330963134766e+00 -3.344118499755859375e+01 9.744684219360351562e+00
2.527170944213867188e+01 -1.459426689147949219e+01 1.177475738525390625e+01
-3.170639419555664062e+01 -1.721766853332519531e+01 -7.188150882720947266e+00
1.624784469604492188e+01 -1.897784233093261719e+01 -9.141747474670410156e+00
1.723372840881347656e+01 3.398868560791015625e+01 4.778583526611328125e+00
-7.232953548431396484e+00 7.390589714050292969e+00 -2.996088027954101562e+01
1.999643135070800781e+01 6.402029514312744141e+00 2.845571899414062500e+01
2.960203933715820312e+01 3.743468999862670898e+00 2.098521041870117188e+01
3.471406173706054688e+01 -8.264704704284667969e+00 2.014732933044433594e+01
-3.541682243347167969e+00 4.340795993804931641e+00 4.083294296264648438e+01
-1.697200965881347656e+01 -3.235168838500976562e+01 7.631194114685058594e+00
6.902453422546386719e+00 2.257119178771972656e+01 2.302330398559570312e+01
-4.492885470390319824e-01 -5.218067646026611328e+00 -2.708333396911621094e+01
9.424617767333984375e+00 -6.652755260467529297e+00 -1.481910705566406250e+01
-4.690461754798889160e-01 -6.363771438598632812e+00 -2.917312240600585938e+01
2.740517616271972656e+01 2.334008216857910156e+00 2.263228654861450195e+00
-6.751457214355468750e+00 -9.060659408569335938e+00 -2.946932220458984375e+01
-2.915991401672363281e+01 8.676983833312988281e+00 1.619250923395156860e-01
-5.354893207550048828e+00 -1.208499526977539062e+01 -5.043892860412597656e+00
-1.871141052246093750e+01 -1.843835449218750000e+01 -1.748823881149291992e+00
-1.482238674163818359e+01 3.965265989303588867e+00 -1.807033920288085938e+01
-2.182760620117187500e+01 1.065770912170410156e+01 -1.610030293464660645e+00
5.140200614929199219e+00 5.502978324890136719e+00 -1.223247408866882324e+00
1.821969413757324219e+01 5.778880119323730469e+00 -1.291045856475830078e+01
-3.213442611694335938e+01 3.449421882629394531e+00 1.970147132873535156e+01
-1.397171783447265625e+01 -2.210091781616210938e+01 -1.124226570129394531e+01
-1.026399135589599609e+01 7.387014389038085938e+00 -2.467796516418457031e+01
-7.685770034790039062e+00 -3.183735370635986328e+00 -1.103575515747070312e+01
-1.683630824089050293e+00 3.383820056915283203e-01 -3.378195571899414062e+01
3.434713602066040039e+00 -1.756207466125488281e+01 -1.017831802368164062e+01
-1.106028270721435547e+01 2.550193786621093750e+01 1.890217208862304688e+01
-3.136536407470703125e+01 -9.110378265380859375e+00 6.745046138763427734e+00
1.313330650329589844e+01 3.476491165161132812e+01 9.731206893920898438e+00
-1.874907875061035156e+01 1.232702350616455078e+01 -2.495896530151367188e+01
4.057846546173095703e+00 -2.034466361999511719e+01 2.469289207458496094e+01
-2.102045059204101562e+01 4.628753960132598877e-01 2.962367630004882812e+01
-3.152696037292480469e+01 3.297019243240356445e+00 -8.728920936584472656e+00
1.706008529663085938e+01 2.509499359130859375e+01 1.412374687194824219e+01
1.436401462554931641e+01 -8.405807495117187500e+00 2.446085548400878906e+01
-3.397706508636474609e+00 -8.136829137802124023e-01 -3.373648071289062500e+01
-7.627665996551513672e+00 -1.586779403686523438e+01 -1.512356567382812500e+01
-1.403862667083740234e+01 5.442599296569824219e+00 -3.119189071655273438e+01
2.647949218750000000e+00 1.938437843322753906e+01 3.917375802993774414e+00
-1.489029026031494141e+01 1.140506839752197266e+01 -1.369959354400634766e+01
1.711000061035156250e+01 2.457165336608886719e+01 1.433655166625976562e+01
2.149579811096191406e+01 -1.045441627502441406e+01 3.207057952880859375e+01
-6.791104316711425781e+00 -7.862541198730468750e+00 -1.865280532836914062e+01
5.152450084686279297e+00 -2.295890998840332031e+01 -2.276700210571289062e+01
1.810524368286132812e+01 1.316004085540771484e+01 2.854605865478515625e+01
1.911861777305603027e+00 -9.662402153015136719e+00 1.141922855377197266e+01
-6.414711952209472656e+00 4.480378150939941406e+00 5.877879142761230469e+00
-1.150722312927246094e+01 -2.809668302536010742e+00 -6.555152893066406250e+00
-1.215783214569091797e+01 -1.868291854858398438e+00 -2.388400077819824219e+01
4.853926181793212891e+00 6.320555686950683594e+00 2.566209983825683594e+01
1.504297447204589844e+01 -1.216578865051269531e+01 2.694071769714355469e+01
3.673160791397094727e+00 3.935621976852416992e+00 -2.914152145385742188e+01
-6.888704895973205566e-01 -2.311363220214843750e+01 2.575632667541503906e+01
2.023636054992675781e+01 8.372502326965332031e+00 -6.224313735961914062e+00
1.188064479827880859e+01 1.208053588867187500e+01 6.402260303497314453e+00
-5.850891113281250000e+00 2.170763760805130005e-01 3.426661682128906250e+01
-2.089137077331542969e+01 1.421753525733947754e+00 -4.381321907043457031e+00
6.536326885223388672e+00 -6.713044643402099609e-01 2.337023353576660156e+01
-1.514702892303466797e+01 4.435709476470947266e+00 2.348930168151855469e+01
1.965092468261718750e+01 2.806878662109375000e+01 -1.055855464935302734e+01
-2.741848182678222656e+01 -6.971430301666259766e+00 1.669812965393066406e+01
2.653697013854980469e+01 -2.654469490051269531e+01 -4.519816875457763672e+00
-3.317104721069335938e+01 1.996603965759277344e+01 -1.923838138580322266e+00
-2.009174156188964844e+01 -3.844763040542602539e-01 2.866404151916503906e+01
1.076677894592285156e+01 -2.074547004699707031e+01 -2.503153419494628906e+01
1.669909858703613281e+01 -6.942341327667236328e+00 -1.593663597106933594e+01
2.577664566040039062e+01 -1.619596099853515625e+01 2.140326118469238281e+01
1.005662536621093750e+01 -2.675802040100097656e+01 -1.782024574279785156e+01
8.296928405761718750e+00 2.102557945251464844e+01 3.345562362670898438e+01
2.638236522674560547e+00 1.194013118743896484e+01 1.701537322998046875e+01
3.494436264038085938e+01 4.876170635223388672e+00 -2.752276182174682617e+00
-1.284321188926696777e+00 9.826105117797851562e+00 -7.934449672698974609e+00
1.718281745910644531e+01 -2.522656202316284180e+00 -1.831596374511718750e+01
-7.947034835815429688e+00 -2.849408340454101562e+01 2.387377357482910156e+01
1.074701690673828125e+01 2.885340309143066406e+01 1.860873579978942871e+00
9.214443206787109375e+00 -2.058256530761718750e+01 2.199605941772460938e+00
1.607844161987304688e+01 6.784327030181884766e+00 -1.719338607788085938e+01
-7.430398941040039062e+00 -3.019471645355224609e+00 -7.601387023925781250e+00
6.325155735015869141e+00 -1.008599662780761719e+01 3.864850616455078125e+01
-1.366380596160888672e+01 -1.191973590850830078e+01 2.116491943597793579e-01
2.711123275756835938e+01 -2.188829660415649414e+00 -7.031606197357177734e+00
-1.685535240173339844e+01 -9.578077316284179688e+00 1.491253852844238281e+01
-3.800773143768310547e+00 -4.875387668609619141e+00 -6.098753452301025391e+00
2.178845405578613281e+01 -1.068701982498168945e+00 -2.582766723632812500e+01
8.740329742431640625e+00 8.820052146911621094e+00 1.327381229400634766e+01
2.501766920089721680e+00 1.158493900299072266e+01 -3.256631469726562500e+01
-7.397878170013427734e+00 2.340538215637207031e+01 1.929576301574707031e+01
-1.766238594055175781e+01 -2.193945312500000000e+01 1.422567272186279297e+01
-6.039849758148193359e+00 -1.837685585021972656e+01 2.722058057785034180e+00
-2.321830177307128906e+01 1.852902603149414062e+01 -1.619978523254394531e+01
1.122376823425292969e+01 -1.230649089813232422e+01 1.183515453338623047e+01
-4.072921371459960938e+01 -2.247954457998275757e-01 8.834154129028320312e+00
-7.750556945800781250e+00 1.411497688293457031e+01 -3.158516120910644531e+01
3.352102994918823242e+00 8.454191207885742188e+00 2.454497909545898438e+01
-2.496265983581542969e+01 1.977783012390136719e+01 -9.102130889892578125e+00
1.865140342712402344e+01 3.652386188507080078e+00 6.921998500823974609e+00
1.751350021362304688e+01 1.149538612365722656e+01 1.526527786254882812e+01
1.741008609533309937e-01 -3.540820360183715820e+00 -3.448075866699218750e+01
-1.383538055419921875e+01 2.444179344177246094e+01 -1.878544235229492188e+01
2.061558341979980469e+01 -3.273905181884765625e+01 4.716571331024169922e+00
1.025606870651245117e+00 2.997334718704223633e+00 2.839151573181152344e+01
-1.919560909271240234e+00 3.630298995971679688e+01 1.997983551025390625e+01
-9.432950019836425781e+00 2.673646926879882812e+00 -5.496262550354003906e+00
1.318824195861816406e+01 1.281193852424621582e+00 1.861030387878417969e+01
-2.489656448364257812e+01 -1.341921043395996094e+01 1.433876609802246094e+01
-1.165694236755371094e+01 1.423481702804565430e+00 2.568590736389160156e+01
-3.147817802429199219e+01 3.263426065444946289e+00 -8.699365615844726562e+00
1.167769050598144531e+01 9.271970748901367188e+00 2.203326416015625000e+01
-1.785042881965637207e+00 -1.631350517272949219e+01 -2.276352119445800781e+01
2.688158226013183594e+01 -1.176698970794677734e+01 1.179313850402832031e+01
1.465114021301269531e+01 1.706045913696289062e+01 7.353937625885009766e+00
-1.613094139099121094e+01 3.128273785114288330e-01 3.679659271240234375e+01
-3.729510879516601562e+01 8.582077980041503906e+00 8.167476654052734375e+00
-2.853269338607788086e+00 -2.234820747375488281e+01 -2.391731452941894531e+01
-6.957377433776855469e+00 -2.058605957031250000e+01 1.555193042755126953e+01
-4.515114784240722656e+00 1.398828506469726562e+01 1.197530984878540039e+00
1.945932388305664062e+01 2.159780311584472656e+01 2.550812339782714844e+01
-1.946568298339843750e+01 1.890088653564453125e+01 -6.122922897338867188e+00
6.266078472137451172e+00 2.125885009765625000e+01 -4.268509864807128906e+00
1.873207855224609375e+01 6.404580593109130859e+00 1.885569000244140625e+01
-1.696063423156738281e+01 -2.412952995300292969e+01 -1.411759948730468750e+01
-1.026642704010009766e+01 -2.790436744689941406e+01 2.202892303466796875e+01
1.043526649475097656e+01 1.435778737068176270e+00 -5.338317871093750000e+00
1.870005416870117188e+01 3.279733657836914062e+01 -7.076996803283691406e+00
-2.308761787414550781e+01 -7.877043247222900391e+00 1.729075241088867188e+01
1.671897315979003906e+01 1.587137317657470703e+01 1.360916423797607422e+01
-3.518518447875976562e+00 2.048230886459350586e+00 3.825588226318359375e+01
-1.589737892150878906e+00 -1.488605499267578125e+01 -2.519313812255859375e+01
3.489570140838623047e+00 -2.767573356628417969e+00 2.571069240570068359e+00
1.405824661254882812e+01 -1.194400882720947266e+01 -2.933436393737792969e+01
-8.391227722167968750e+00 1.683907127380371094e+01 -7.563155174255371094e+00
-2.584431266784667969e+01 -1.288157343864440918e+00 -1.265571862459182739e-01
-4.004683494567871094e+00 -1.381580066680908203e+01 6.887190937995910645e-01
-3.322229385375976562e+00 1.463829231262207031e+01 -2.856946182250976562e+01
-9.889149665832519531e+00 3.283745527267456055e+00 1.881497573852539062e+01
3.253607177734375000e+01 4.387176513671875000e+00 -3.575032234191894531e+00
8.413739204406738281e+00 -5.691755771636962891e+00 3.643715667724609375e+01
-6.336971282958984375e+00 -4.659710884094238281e+00 2.400616264343261719e+01
1.804042816162109375e+01 -1.463390064239501953e+01 1.496028423309326172e+01
-6.100191269069910049e-03 -6.862734794616699219e+00 -2.650545692443847656e+01
-1.707120895385742188e+01 1.926598167419433594e+01 2.402239227294921875e+01
-8.495265007019042969e+00 1.993928551673889160e+00 -3.047595596313476562e+01
3.826358032226562500e+01 -2.352984189987182617e+00 5.876933097839355469e+00
5.673405647277832031e+00 3.068902206420898438e+01 -2.194694519042968750e+01
3.568523025512695312e+01 1.651496315002441406e+01 1.555753946304321289e+00
-2.378429222106933594e+01 -8.884251594543457031e+00 -3.029007911682128906e+00
-1.818303108215332031e+01 -4.984251976013183594e+00 -6.439239501953125000e+00
2.233665227890014648e+00 2.698616027832031250e+01 -6.089232444763183594e+00
1.710168075561523438e+01 2.391257667541503906e+01 -2.251557540893554688e+01
3.555161285400390625e+01 1.440491676330566406e+01 7.469546198844909668e-01
5.085914134979248047e+00 9.658993721008300781e+00 3.579335403442382812e+01
3.827083349227905273e+00 9.796472549438476562e+00 -2.404813194274902344e+01
-9.378571510314941406e+00 1.783986091613769531e+01 1.707059478759765625e+01
-2.092320919036865234e+00 -1.108733773231506348e+00 5.581605434417724609e+00
-1.890946197509765625e+01 -1.272016048431396484e+00 1.931891059875488281e+01
2.285209083557128906e+01 -2.051020622253417969e+01 -1.374713325500488281e+01
1.051202106475830078e+01 5.721501827239990234e+00 -2.915851402282714844e+01
4.199482345581054688e+01 -4.563843250274658203e+00 4.617146492004394531e+00
-1.650166320800781250e+01 -8.582425117492675781e+00 -8.469474792480468750e+00
-2.380631208419799805e+00 3.144310569763183594e+01 8.313640594482421875e+00
-5.388037681579589844e+00 1.808229064941406250e+01 -1.699547767639160156e+01
-4.764019012451171875e+00 -2.815839052200317383e-01 -1.948030853271484375e+01
-1.401629066467285156e+01 -2.823129844665527344e+01 -9.929906845092773438e+00
1.050886154174804688e+01 1.245104026794433594e+01 -2.815233421325683594e+01
-6.443799018859863281e+00 1.164575004577636719e+01 1.505532836914062500e+01
-1.002901363372802734e+01 1.785074806213378906e+01 -1.504322528839111328e+01
2.227476310729980469e+01 2.216155052185058594e+01 5.626526355743408203e+00
2.708647918701171875e+01 -5.418907642364501953e+00 -1.161998462677001953e+01
-1.311061096191406250e+01 3.502795410156250000e+01 1.546437454223632812e+01
-1.451478385925292969e+01 9.726434707641601562e+00 -2.488936424255371094e+01
-3.654151201248168945e+00 -3.592929077148437500e+01 7.829509258270263672e+00
3.883600616455078125e+01 6.671005249023437500e+00 1.092487621307373047e+01
-3.225686788558959961e+00 2.424932718276977539e+00 3.902487945556640625e+01
2.742941474914550781e+01 2.348572921752929688e+01 8.818202018737792969e+00
1.191573810577392578e+01 -2.492066574096679688e+01 4.276364445686340332e-01
2.072968864440917969e+01 2.139487266540527344e+01 6.515511035919189453e+00
5.159701347351074219e+00 -2.408260345458984375e+00 -2.284472465515136719e+01
9.910807609558105469e+00 -2.056390953063964844e+01 -1.469543266296386719e+01
1.317340183258056641e+01 1.165432643890380859e+01 7.007431983947753906e+00
8.578080177307128906e+00 -4.779766559600830078e+00 -1.519141674041748047e+00
2.128317260742187500e+01 -2.636460113525390625e+01 -1.002955532073974609e+01
2.014179801940917969e+01 -5.257434368133544922e+00 -7.643892288208007812e+00
-5.467335224151611328e+00 -5.452351570129394531e+00 -3.306344604492187500e+01
7.736077308654785156e+00 2.138286590576171875e+01 -1.243576240539550781e+01
-1.828628158569335938e+01 -1.907315444946289062e+01 -1.914003753662109375e+01
-4.887196063995361328e+00 2.335227584838867188e+01 -4.527220726013183594e+00
-1.759903144836425781e+01 3.250860214233398438e+01 4.449869632720947266e+00
7.609169006347656250e+00 2.981900453567504883e+00 6.607785224914550781e+00
7.380475044250488281e+00 1.857263183593750000e+01 3.271618127822875977e+00
-2.346127986907958984e+00 3.142504119873046875e+01 8.323786735534667969e+00
-1.231581592559814453e+01 2.073057365417480469e+01 2.599118995666503906e+01
2.688905143737792969e+01 -1.171432113647460938e+01 1.180246829986572266e+01
3.417382431030273438e+01 -1.456347084045410156e+01 -3.678252458572387695e+00
1.660380172729492188e+01 7.697064876556396484e+00 8.929303884506225586e-01
7.215038299560546875e+00 3.173376321792602539e+00 1.233943557739257812e+01
-8.782873153686523438e+00 2.339131927490234375e+01 9.724186897277832031e+00
1.661252021789550781e+01 -2.024548530578613281e+01 2.779595184326171875e+01
7.300200462341308594e+00 6.448389053344726562e+00 8.809967041015625000e+00
-1.603236007690429688e+01 2.144010782241821289e+00 -2.162178611755371094e+01
-1.535606503486633301e+00 -2.564536476135253906e+01 -3.570510447025299072e-01
-3.871555805206298828e+00 2.309044837951660156e+01 -1.404541778564453125e+01
1.772620582580566406e+01 -6.057101726531982422e+00 1.596823692321777344e+01
5.859359264373779297e+00 3.089858531951904297e+00 -4.009703397750854492e-01
8.670590400695800781e+00 1.362715148925781250e+01 3.123110580444335938e+01
-1.428599476814270020e+00 1.029877185821533203e+01 1.332989025115966797e+01
-3.267963409423828125e+00 -1.245988559722900391e+01 -6.021662712097167969e+00
2.656638336181640625e+01 2.496030807495117188e+01 6.332916259765625000e+00
-1.169515609741210938e+01 -6.168283939361572266e+00 2.691646575927734375e+01
2.328178215026855469e+01 5.299867153167724609e+00 -1.100077438354492188e+01
4.164741992950439453e+00 1.583838653564453125e+01 1.932427215576171875e+01
2.737672615051269531e+01 1.221926593780517578e+01 2.018532371520996094e+01
-1.164365482330322266e+01 -9.770000457763671875e+00 -6.587004184722900391e+00
-1.989764595031738281e+01 -1.570531463623046875e+01 1.537740516662597656e+01
-3.198402404785156250e+01 -1.683018493652343750e+01 -7.150393962860107422e+00
5.298909664154052734e+00 -1.380021810531616211e+00 2.486470031738281250e+01
-3.397325897216796875e+01 3.138636589050292969e+00 2.029880905151367188e+01
-4.858428955078125000e+00 1.429388713836669922e+01 3.490279006958007812e+01
4.659545421600341797e-01 -4.285333156585693359e+00 -3.493145751953125000e+01
-9.659020423889160156e+00 -2.614376068115234375e+01 1.271989345550537109e+01
4.111280441284179688e+00 -1.964849662780761719e+01 -1.889610671997070312e+01
-1.397566795349121094e+00 -1.538710594177246094e+00 5.507234573364257812e+00
-2.242136001586914062e+01 -2.974062971770763397e-02 -2.854657173156738281e+00
2.653326034545898438e+00 -1.718611145019531250e+01 -1.042743301391601562e+01
-5.671681404113769531e+00 -5.958526134490966797e+00 -2.896125793457031250e+00
-1.919712638854980469e+01 -9.545646667480468750e+00 -9.829057693481445312e+00
-1.134888744354248047e+01 1.640722990036010742e+00 1.782022833824157715e+00
1.591424655914306641e+01 -1.592320537567138672e+01 -2.278517150878906250e+01
-1.338130664825439453e+01 -2.941128921508789062e+01 -1.251912498474121094e+01
2.241047620773315430e+00 -2.203471183776855469e+01 1.352234125137329102e+00
-3.766105270385742188e+01 -6.243221759796142578e+00 -7.671951651573181152e-01
-1.603336524963378906e+01 1.455541610717773438e+01 -9.233648300170898438e+00
8.729955673217773438e+00 -1.997619628906250000e+01 1.211379647254943848e+00
3.293624496459960938e+01 4.740638732910156250e+00 -3.705217599868774414e+00
-5.016435146331787109e+00 -4.032095909118652344e+00 3.478590774536132812e+01
-8.890159606933593750e+00 3.329781341552734375e+01 -1.953786277770996094e+01
-1.364074707031250000e+01 -4.658654212951660156e+00 1.475103199481964111e-01
-7.835277915000915527e-02 -1.586237812042236328e+01 1.192302322387695312e+01
2.722910499572753906e+01 8.041032791137695312e+00 1.268056869506835938e+01
-6.593526363372802734e+00 -7.611491203308105469e+00 1.733377838134765625e+01
1.277325630187988281e+01 -9.391439437866210938e+00 8.265147209167480469e+00
1.884317779541015625e+01 -5.747750759124755859e+00 -1.468670177459716797e+01
-4.697158813476562500e+00 3.555197238922119141e+00 2.217560958862304688e+01
2.015022659301757812e+01 1.941861534118652344e+01 1.930484962463378906e+01
7.661458015441894531e+00 3.314200639724731445e+00 3.318658447265625000e+01
1.521966361999511719e+01 2.388986396789550781e+01 1.185134029388427734e+01
2.295721626281738281e+01 1.719438743591308594e+01 -2.117769432067871094e+01
-2.681828308105468750e+01 -2.328773117065429688e+01 -4.937859058380126953e+00
1.066728973388671875e+01 -2.796869277954101562e+01 -1.000382518768310547e+01
-2.010774993896484375e+01 2.903533363342285156e+01 -9.565748214721679688e+00
-1.412454319000244141e+01 -2.412880134582519531e+01 -2.076308441162109375e+01
8.660297393798828125e+00 -2.092423057556152344e+01 9.412965774536132812e+00
-8.657604217529296875e+00 -1.207603740692138672e+01 -7.400610923767089844e+00
-2.627878189086914062e+01 -2.490114021301269531e+01 -8.478513717651367188e+00
1.034940147399902344e+01 1.230966281890869141e+01 -3.112657356262207031e+01
-1.980637741088867188e+01 -1.875273323059082031e+01 -1.844924736022949219e+01
-7.106204032897949219e+00 2.423108673095703125e+01 9.848135948181152344e+00
3.177388954162597656e+01 -1.100463104248046875e+01 -1.312791538238525391e+01
1.459024715423583984e+01 -2.637648963928222656e+01 1.912411308288574219e+01
-1.643988990783691406e+01 -2.783012580871582031e+01 -1.626930999755859375e+01
8.972591400146484375e+00 4.710072517395019531e+00 -2.691602134704589844e+01
-1.670553016662597656e+01 9.057119369506835938e+00 -8.305490493774414062e+00
-3.136407661437988281e+01 5.394048213958740234e+00 -1.354902172088623047e+01
-1.075094985961914062e+01 1.808314770460128784e-01 -7.586885452270507812e+00
-1.508223438262939453e+01 -2.876318740844726562e+01 1.983180046081542969e+01
-6.862530708312988281e+00 -7.511446475982666016e+00 -9.205201148986816406e+00
-5.813201427459716797e+00 -3.809578895568847656e+00 9.638338088989257812e+00
1.635840415954589844e+01 1.372567558288574219e+01 1.405653095245361328e+01
3.795028924942016602e+00 -7.276973724365234375e+00 -1.585760116577148438e+01
2.268056488037109375e+01 -9.471488952636718750e+00 1.676888465881347656e+01
8.265520095825195312e+00 -1.171600627899169922e+01 -1.374043655395507812e+01
1.834954452514648438e+01 5.823848247528076172e+00 -1.331950473785400391e+01
-1.691728115081787109e+00 -3.447218704223632812e+01 -7.455670356750488281e+00
-2.665178871154785156e+01 -8.249694824218750000e+00 2.419160652160644531e+01
-1.460781002044677734e+01 3.435885620117187500e+01 1.582345962524414062e+01
-2.962648010253906250e+01 -2.180577754974365234e+00 2.216030120849609375e+00
-4.225962638854980469e+00 1.870048046112060547e+00 1.150955438613891602e+00
-6.635111808776855469e+00 -1.565865612030029297e+01 1.373622417449951172e-01
3.494761276245117188e+01 1.354689121246337891e+01 7.867255210876464844e-01
2.069741058349609375e+01 1.317881393432617188e+01 -2.505325889587402344e+01
2.603646087646484375e+01 2.137596845626831055e+00 2.829714775085449219e+01
1.120346069335937500e+01 -3.543398857116699219e+00 -2.249839401245117188e+01
-7.479469299316406250e+00 1.489350414276123047e+01 2.555261421203613281e+01
8.763616561889648438e+00 1.200419616699218750e+01 -2.937453842163085938e+01
-1.783308410644531250e+01 -2.223889541625976562e+01 1.909622383117675781e+01
-2.906004714965820312e+01 5.172136783599853516e+00 -1.605918121337890625e+01
2.192713546752929688e+01 -1.134937286376953125e+01 2.595511198043823242e+00
-2.329068183898925781e+01 -8.239399909973144531e+00 -4.251321792602539062e+00
-1.372576141357421875e+01 1.235621261596679688e+01 -1.381113910675048828e+01
2.040552711486816406e+01 -4.857597649097442627e-01 -2.466769218444824219e+00
1.046968841552734375e+01 2.772853088378906250e+01 1.490921878814697266e+01
1.501238727569580078e+01 -7.931048393249511719e+00 2.523922538757324219e+01
-3.711511850357055664e+00 -2.225959205627441406e+01 -8.182994723320007324e-01
1.587697982788085938e+01 2.492017555236816406e+01 1.741195869445800781e+01
3.587496566772460938e+01 1.112389802932739258e+00 -5.884243488311767578e+00
-1.388842964172363281e+01 -1.258964061737060547e+01 -2.402645945549011230e-01
2.166913604736328125e+01 -2.105192756652832031e+01 -1.398401737213134766e+01
-2.407944107055664062e+01 -2.703436660766601562e+01 -6.201829433441162109e+00
-3.986146450042724609e+00 -1.933625411987304688e+01 -2.934145736694335938e+01
-2.588572740554809570e+00 -2.807451629638671875e+01 -2.534323501586914062e+01
-2.327656364440917969e+01 -1.032596778869628906e+01 2.250533676147460938e+01
-1.424320220947265625e+00 1.001251029968261719e+01 1.330604648590087891e+01
-1.300633716583251953e+01 2.331898498535156250e+01 1.453088092803955078e+01
1.300442886352539062e+01 1.273440074920654297e+01 7.282908439636230469e+00
8.181912422180175781e+00 3.890143632888793945e+00 9.237079024314880371e-01
-3.794630050659179688e+01 1.135619735717773438e+01 9.028433799743652344e+00
1.982865452766418457e+00 -3.433005905151367188e+01 -1.387720680236816406e+01
-1.420826625823974609e+01 2.406745529174804688e+01 1.505259037017822266e+01
-1.838066673278808594e+01 -3.140574264526367188e+01 -9.771866798400878906e-01
6.911605358123779297e+00 -1.064404869079589844e+01 3.759603881835937500e+01
1.353807544708251953e+01 -1.076442050933837891e+01 -1.221924126148223877e-01
3.841978073120117188e+00 1.818739324808120728e-01 6.133113384246826172e+00
-6.556808471679687500e+00 -1.721949005126953125e+01 -2.958521246910095215e-01
-5.872573375701904297e+00 8.835184574127197266e-02 -4.458624839782714844e+00
2.343401145935058594e+01 2.171750545501708984e+00 2.989060592651367188e+01
-3.643407440185546875e+01 4.759772300720214844e+00 7.017268657684326172e+00
-1.580740356445312500e+01 -1.263078880310058594e+01 2.151289939880371094e+01
2.029075175523757935e-01 -3.385364913940429688e+01 2.633381843566894531e+00
1.499217891693115234e+01 6.858106136322021484e+00 -1.969516754150390625e+01
-2.530305290222167969e+01 -1.500481224060058594e+01 2.049873924255371094e+01
3.247438049316406250e+01 -1.547374248504638672e+01 1.149911212921142578e+01
1.701459121704101562e+01 -2.934052467346191406e+00 3.478765869140625000e+01
-9.462386131286621094e+00 -4.686589539051055908e-01 -7.648024082183837891e+00
-2.268088817596435547e+00 -3.813255429267883301e-01 -3.431967926025390625e+01
2.749774551391601562e+01 1.926859617233276367e+00 -2.365907669067382812e+01
-2.870381164550781250e+01 -9.156874656677246094e+00 -4.869842529296875000e+00
1.125000095367431641e+01 -5.993443012237548828e+00 -1.327004718780517578e+01
6.656024456024169922e+00 1.627679443359375000e+01 1.609692001342773438e+01
2.813323974609375000e+01 -4.853227138519287109e+00 2.275044059753417969e+01
5.323188781738281250e+00 -3.695972204208374023e+00 -1.102919101715087891e+01
1.311674308776855469e+01 -7.039172172546386719e+00 3.664951086044311523e+00
6.484999179840087891e+00 -1.180826091766357422e+01 1.462540149688720703e+01
2.496481704711914062e+01 -1.185599613189697266e+01 -2.468222236633300781e+01
2.719133949279785156e+01 6.162807464599609375e+00 -2.612653923034667969e+01
5.386640548706054688e+00 2.742603874206542969e+01 5.594782829284667969e+00
1.035466766357421875e+01 -9.381463050842285156e+00 1.933633232116699219e+01
-6.635755538940429688e+00 1.660492706298828125e+01 2.112412071228027344e+01
1.080826950073242188e+01 -7.398607254028320312e+00 -4.979578971862792969e+00
8.996281623840332031e+00 1.675362014770507812e+01 -3.184873390197753906e+01
3.192278861999511719e+00 -3.318039703369140625e+01 1.440179634094238281e+01
4.357248783111572266e+00 7.993253707885742188e+00 -5.103955268859863281e+00
4.637415885925292969e+00 1.033826065063476562e+01 7.997276782989501953e+00
1.996521759033203125e+01 -3.443960189819335938e+01 7.084763526916503906e+00
1.031575322151184082e+00 -7.853293418884277344e+00 2.443842649459838867e+00
-2.829765510559082031e+01 -7.463820934295654297e+00 -1.134454250335693359e+01
-2.301747131347656250e+01 -1.244912385940551758e+00 -2.720643997192382812e+01
1.456117928028106689e-01 1.356688880920410156e+01 9.725160598754882812e+00
1.195785140991210938e+01 -1.005476093292236328e+01 -1.273190689086914062e+01
-1.652055740356445312e+01 3.091210556030273438e+01 1.574268341064453125e+00
9.830244779586791992e-01 1.855126190185546875e+01 2.367738914489746094e+01
1.288350677490234375e+01 -9.706012606620788574e-01 -3.501316070556640625e+01
5.608114242553710938e+00 -1.530320072174072266e+01 7.627487182617187500e+00
6.286830902099609375e+00 6.780001640319824219e+00 -1.241364955902099609e+01
3.073610877990722656e+01 -1.368432903289794922e+01 9.113221168518066406e+00
-1.791038322448730469e+01 -2.143102836608886719e+01 1.424333953857421875e+01
-5.642505645751953125e+00 -3.522610902786254883e+00 3.300198364257812500e+01
-1.355535030364990234e+01 7.880146503448486328e-01 2.406011581420898438e+01
-1.531178951263427734e+01 -2.588622856140136719e+01 -2.117066192626953125e+01
-1.701002693176269531e+01 -2.022282218933105469e+01 -2.928146171569824219e+01
1.734229564666748047e+00 1.463837242126464844e+01 -6.632478237152099609e+00
-1.688787078857421875e+01 1.325337028503417969e+01 -7.833570003509521484e+00
-1.832764434814453125e+01 -1.543977737426757812e+01 4.211385726928710938e+00
4.618845939636230469e+00 8.384578704833984375e+00 -5.286337852478027344e+00
6.328690528869628906e+00 1.679294776916503906e+01 -2.617361450195312500e+01
-3.673232269287109375e+01 -8.843433380126953125e+00 -1.308877706527709961e+00
2.530650329589843750e+01 1.494281101226806641e+01 1.182556509971618652e+00
-2.653584098815917969e+01 4.879688739776611328e+00 -1.949601936340332031e+01
1.204200649261474609e+01 -4.986602783203125000e+00 6.350129604339599609e+00
2.514647483825683594e+01 1.330481290817260742e+00 -2.079337692260742188e+01
-1.152548122406005859e+01 -3.065271377563476562e+01 -1.566132068634033203e+01
-1.188052058219909668e+00 2.250866889953613281e+01 2.344406890869140625e+01
2.305624580383300781e+01 2.515384435653686523e+00 1.092016315460205078e+01
7.562638759613037109e+00 1.596746921539306641e+01 8.591085433959960938e+00
1.778621292114257812e+01 1.988269424438476562e+01 -7.795424461364746094e+00
2.933306884765625000e+01 1.310510826110839844e+01 5.784832477569580078e+00
-9.648541450500488281e+00 -4.715527057647705078e+00 -3.343455123901367188e+01
-1.614484310150146484e+00 -3.374092102050781250e+01 -1.775614929199218750e+01
1.573297882080078125e+01 -1.062641429901123047e+01 2.780211067199707031e+01
-6.273749351501464844e+00 -2.419039726257324219e+01 -3.800561428070068359e+00
2.130018043518066406e+01 -8.328793525695800781e+00 7.725261688232421875e+00
-3.480377197265625000e+00 2.244396209716796875e+01 2.679028511047363281e+01
-2.989028692245483398e+00 -1.789265251159667969e+01 4.326525211334228516e+00
-7.044685840606689453e+00 -3.742204284667968750e+01 -1.152115058898925781e+01
-3.263287734985351562e+01 -8.261237144470214844e+00 -5.284276962280273438e+00
2.431787872314453125e+01 1.749577331542968750e+01 -2.175815200805664062e+01
3.506764221191406250e+01 -1.365779304504394531e+01 -6.952441215515136719e+00
1.151149845123291016e+01 4.905520915985107422e+00 2.707597923278808594e+01
2.491433143615722656e+01 1.356463336944580078e+01 -9.098028182983398438e+00
5.907390117645263672e+00 -1.058844947814941406e+01 -6.474386215209960938e+00
2.826656150817871094e+01 -1.083682441711425781e+01 -1.521775054931640625e+01
-1.269703507423400879e+00 -2.901736831665039062e+01 -2.233469390869140625e+01
3.915024757385253906e+00 2.030167007446289062e+01 2.380776023864746094e+01
1.574774169921875000e+01 -1.371409511566162109e+01 4.654782295227050781e+00
6.343450069427490234e+00 -2.867769813537597656e+01 -1.763637161254882812e+01
1.604055404663085938e+01 2.706361770629882812e+01 -3.807198762893676758e+00
2.241921043395996094e+01 -1.064609432220458984e+01 2.075308418273925781e+01
2.817784118652343750e+01 2.594391822814941406e+00 7.178701758384704590e-01
7.035006999969482422e+00 2.188859558105468750e+01 -1.334411811828613281e+01
7.870341777801513672e+00 3.094600486755371094e+01 1.854992866516113281e+01
-1.739266395568847656e+01 2.753435134887695312e+01 5.247471332550048828e-01
2.877748870849609375e+01 -7.376412391662597656e+00 -2.234353828430175781e+01
-1.793728637695312500e+01 8.952296972274780273e-01 -1.389696216583251953e+01
-1.424707889556884766e+01 -4.578541755676269531e+00 -1.921434974670410156e+01
-1.920560455322265625e+01 -7.959827184677124023e-01 1.959691047668457031e+01
1.660118293762207031e+01 -8.550953865051269531e-01 5.186886787414550781e+00
1.021374416351318359e+01 -2.037979316711425781e+01 -1.449550914764404297e+01
1.507419776916503906e+01 -1.323350715637207031e+01 1.497455596923828125e+00
-5.996802330017089844e+00 -1.979032135009765625e+01 5.062424659729003906e+00
1.578892421722412109e+01 -2.194764375686645508e+00 2.692051887512207031e+01
3.635191726684570312e+01 1.424435997009277344e+01 1.479119300842285156e+00
-2.626147842407226562e+01 -6.119308948516845703e+00 -1.471822071075439453e+01
9.414874076843261719e+00 1.300942516326904297e+01 -1.669449615478515625e+01
-2.342111396789550781e+01 -8.657072067260742188e+00 -1.409707641601562500e+01
3.212428331375122070e+00 -1.732532310485839844e+01 -3.332889556884765625e+01
1.192527675628662109e+01 -3.543879699707031250e+01 -1.005697154998779297e+01
3.198572540283203125e+01 -1.466657543182373047e+01 1.143130111694335938e+01
2.251852226257324219e+01 1.818959045410156250e+01 -2.405796241760253906e+01
1.460405254364013672e+01 -1.455655002593994141e+01 -2.381402778625488281e+01
2.142262935638427734e+00 -9.460847854614257812e+00 2.232662439346313477e+00
2.916414260864257812e+01 1.167182683944702148e+00 1.532113075256347656e+01
1.537602996826171875e+01 6.988991260528564453e+00 -2.058150863647460938e+01
-2.178047752380371094e+01 8.433815002441406250e+00 1.492773175239562988e+00
2.845409774780273438e+01 -1.075279235839843750e+01 -1.511244201660156250e+01
2.069709587097167969e+01 -4.432639777660369873e-01 3.275543975830078125e+01
-1.620696640014648438e+01 -2.077702331542968750e+01 2.289871025085449219e+01
-2.442029190063476562e+01 1.990157318115234375e+01 -3.150254011154174805e+00
9.619770050048828125e+00 -1.163153362274169922e+01 2.292642021179199219e+01
-3.705589056015014648e+00 7.229633808135986328e+00 1.038906764984130859e+01
-1.146984195709228516e+01 1.865366363525390625e+01 1.403490543365478516e+01
2.594767379760742188e+01 -9.420769214630126953e-01 -2.239546585083007812e+01
2.484423446655273438e+01 1.182765769958496094e+01 -8.309931755065917969e+00
-1.667378807067871094e+01 -2.530433082580566406e+01 1.584123706817626953e+01
-1.483657741546630859e+01 -2.625961112976074219e+01 1.657518768310546875e+01
-7.514883041381835938e+00 -2.815393638610839844e+01 2.342323684692382812e+01
1.614708900451660156e+01 -2.205506896972656250e+01 -1.224020481109619141e+00
3.673126220703125000e+01 -8.385121345520019531e+00 -1.021530532836914062e+01
-2.030771255493164062e+00 -1.727247238159179688e+01 -2.246517562866210938e+01
6.276293754577636719e+00 1.689688301086425781e+01 -3.396503448486328125e+01
2.220514488220214844e+01 -8.567792892456054688e+00 6.345534801483154297e+00
3.605128097534179688e+01 1.454911708831787109e+01 6.023872852325439453e+00
1.309274578094482422e+01 1.422573089599609375e+01 1.786474227905273438e+01
7.303322792053222656e+00 1.540401840209960938e+01 -2.844133758544921875e+01
2.614138221740722656e+01 2.529202461242675781e+00 1.802388572692871094e+01
-1.044793319702148438e+01 2.154157066345214844e+01 1.774535179138183594e+00
3.303443145751953125e+01 -1.783159828186035156e+01 -2.556620359420776367e+00
-2.551016998291015625e+01 3.439339160919189453e+00 -1.002520275115966797e+01
1.490565967559814453e+01 -2.417593193054199219e+01 5.090781450271606445e-01
-3.620097875595092773e+00 -2.002297019958496094e+01 -6.347015380859375000e+00
-3.030767440795898438e+00 1.898225212097167969e+01 -8.235091209411621094e+00
2.973141670227050781e+00 -4.000348663330078125e+01 -4.779971122741699219e+00
-1.393850803375244141e+01 4.898526191711425781e+00 2.333954238891601562e+01
-1.628533363342285156e+01 2.972018432617187500e+01 -1.607408821582794189e-01
-1.126441717147827148e+00 3.094845199584960938e+01 -8.943467140197753906e+00
-2.975801467895507812e+00 1.810740280151367188e+01 -1.077034664154052734e+01
6.070321559906005859e+00 1.090360999107360840e+00 3.458723449707031250e+01
1.837860870361328125e+01 -1.695950865745544434e+00 2.529175567626953125e+01
1.228874301910400391e+01 1.081407666206359863e+00 1.807256126403808594e+01
1.863137054443359375e+01 -2.055220842361450195e+00 3.375452041625976562e+01
1.496266937255859375e+01 2.406863021850585938e+01 -2.414157867431640625e+01
1.043923139572143555e+00 3.562645435333251953e+00 -2.834490966796875000e+01
3.991601228713989258e+00 -3.212490844726562500e+01 1.162098312377929688e+01
-1.990419387817382812e+01 -1.573605346679687500e+01 1.533930492401123047e+01
-1.758819389343261719e+01 2.292820739746093750e+01 2.408184432983398438e+01
4.784917831420898438e+00 -1.013217353820800781e+01 2.975329589843750000e+01
3.644729614257812500e+00 -2.424559020996093750e+01 1.442877531051635742e+00
2.545547103881835938e+01 5.565457344055175781e-01 1.431569004058837891e+01
-1.614709472656250000e+01 9.938424110412597656e+00 -7.804429531097412109e+00
7.273670673370361328e+00 -1.049915695190429688e+01 -1.932121276855468750e+00
-1.556972026824951172e+01 -1.584631633758544922e+01 6.314388275146484375e+00
6.563840866088867188e+00 2.726967620849609375e+01 -2.741326904296875000e+01
1.740696334838867188e+01 1.688459777832031250e+01 -1.092551946640014648e+00
-1.360675621032714844e+01 2.274950790405273438e+01 1.859182739257812500e+01
-9.059237480163574219e+00 -6.080242633819580078e+00 -3.090541458129882812e+01
-4.789885044097900391e+00 1.895378232002258301e+00 7.996428966522216797e+00
2.753207969665527344e+01 -1.570914363861083984e+01 -9.031124114990234375e+00
-5.524917125701904297e+00 -8.793246269226074219e+00 1.950107002258300781e+01
-2.700354576110839844e+00 2.210567092895507812e+01 1.999358558654785156e+01
-1.238104343414306641e+01 -8.396142959594726562e+00 2.702062416076660156e+01
-1.457020378112792969e+01 -1.982523798942565918e+00 -2.103891754150390625e+01
-2.578612136840820312e+01 -9.370626449584960938e+00 -2.837457847595214844e+01
-6.952957153320312500e+00 -7.642567157745361328e+00 -9.151459693908691406e+00
1.290570163726806641e+01 -1.334217453002929688e+01 -2.984262466430664062e+01
-8.393149375915527344e+00 1.617347145080566406e+01 1.725055885314941406e+01
-3.261250686645507812e+01 -7.568635463714599609e+00 -2.098975372314453125e+01
-3.522308588027954102e+00 -1.871179389953613281e+01 -5.677434206008911133e-01
-1.942950844764709473e+00 1.288330078125000000e+01 1.387301349639892578e+01
-1.447186756134033203e+01 -3.519819259643554688e+01 7.312305927276611328e+00
9.280602455139160156e+00 -6.141517162322998047e+00 3.620960998535156250e+01
3.603333282470703125e+01 1.444149303436279297e+01 6.128100156784057617e-01
1.107761859893798828e+01 -2.232554054260253906e+01 -3.958252906799316406e+00
-4.428294181823730469e+00 -1.013266849517822266e+01 1.934031867980957031e+01
3.463209390640258789e+00 -2.074942588806152344e+01 7.555253982543945312e+00
1.145236206054687500e+01 2.112686347961425781e+01 7.355417609214782715e-01
-1.379033756256103516e+01 6.960185766220092773e-01 -2.215650528669357300e-01
2.543089866638183594e+01 2.459488487243652344e+01 9.821370124816894531e+00
-1.158641338348388672e+01 1.168430900573730469e+01 -2.062608152627944946e-01
3.127655410766601562e+01 8.857198715209960938e+00 6.254915237426757812e+00
-2.232016563415527344e+01 9.022627830505371094e+00 -1.303822278976440430e+00
2.074520683288574219e+01 -1.195481300354003906e+00 -2.723766326904296875e+01
-2.046207618713378906e+01 7.057887554168701172e+00 -1.299164772033691406e+01
1.787309765815734863e+00 2.042702865600585938e+01 -2.289525413513183594e+01
-1.980158615112304688e+01 -2.089288330078125000e+01 1.620802879333496094e+01
2.695469856262207031e+01 -9.474661827087402344e+00 -2.130572891235351562e+01
9.926839172840118408e-02 -2.581971549987792969e+01 9.319783210754394531e+00
-1.334679698944091797e+01 1.602565765380859375e+01 -4.899547100067138672e+00
1.147669601440429688e+01 -2.487436103820800781e+01 2.403056335449218750e+01
1.591589355468750000e+01 1.381736087799072266e+01 7.008604526519775391e+00
-1.594149827957153320e+00 2.360243225097656250e+01 9.315025329589843750e+00
-2.879036903381347656e+00 6.638015508651733398e-01 -1.095640277862548828e+01
-1.267082595825195312e+01 -2.239161872863769531e+01 4.775397777557373047e+00
-1.193754768371582031e+01 -8.664034008979797363e-01 7.110436916351318359e+00
2.814877128601074219e+01 9.192414283752441406e+00 3.121613025665283203e+00
-2.845430183410644531e+01 1.774701309204101562e+01 -1.556946396827697754e+00
1.988177746534347534e-01 -5.206233024597167969e+00 2.826447868347167969e+01
-1.409134101867675781e+01 3.778679847717285156e+00 -2.437776947021484375e+01
4.876227378845214844e+00 -3.303537368774414062e+01 1.570652198791503906e+01
-1.887755012512207031e+01 3.116292572021484375e+01 6.887267112731933594e+00
-2.595342159271240234e+00 7.568652629852294922e+00 -1.739788055419921875e+01
5.162234783172607422e+00 1.373045158386230469e+01 -1.935985684394836426e+00
1.127866268157958984e+01 -2.463294219970703125e+01 2.454958343505859375e+01
-5.585853099822998047e+00 2.402491569519042969e+01 -2.134663963317871094e+01
4.576831340789794922e+00 -6.144868373870849609e+00 9.948722839355468750e+00
1.124857902526855469e+01 1.196415519714355469e+01 -1.426862049102783203e+01
1.307810211181640625e+01 1.895796012878417969e+01 -8.294174194335937500e+00
-6.165178775787353516e+00 3.180662536621093750e+01 -2.282023048400878906e+01
2.533613204956054688e+00 1.314022064208984375e+01 -9.165058135986328125e+00
-2.821201086044311523e+00 -8.242244720458984375e+00 -1.588177108764648438e+01
1.001365470886230469e+01 -1.400230121612548828e+01 -8.496875166893005371e-01
8.899214744567871094e+00 2.057238388061523438e+01 -4.944684505462646484e+00
-1.422918438911437988e+00 2.420555877685546875e+01 2.552779579162597656e+01
-2.698126411437988281e+01 -2.191333389282226562e+01 -7.850502490997314453e+00
-2.871032142639160156e+01 -1.172261905670166016e+01 1.969169425964355469e+01
5.492172241210937500e+00 -3.089283752441406250e+01 -9.239803314208984375e+00
2.541286659240722656e+01 8.774838447570800781e-01 -2.130835533142089844e+01
-1.015506362915039062e+01 1.410659790039062500e+01 -3.492884063720703125e+01
2.445685958862304688e+01 -2.187369155883789062e+01 -5.359892368316650391e+00
2.852274513244628906e+01 1.408899116516113281e+01 1.788381099700927734e+00
6.790440082550048828e+00 -7.978476524353027344e+00 5.750378966331481934e-01
-2.252017021179199219e+01 1.145728206634521484e+01 1.673135185241699219e+01
-7.670793056488037109e+00 -1.109701037406921387e+00 -2.401985740661621094e+01
9.985613822937011719e+00 3.702409267425537109e+00 -3.770970153808593750e+01
-1.671135139465332031e+01 1.627873992919921875e+01 -1.901533007621765137e+00
1.416836261749267578e+01 4.300288677215576172e+00 9.452239990234375000e+00
6.264094829559326172e+00 7.806766510009765625e+00 -1.081764507293701172e+01
1.483970069885253906e+01 -1.489009952545166016e+01 -9.857132911682128906e+00
5.865477561950683594e+00 2.172774314880371094e+00 -5.260193943977355957e-01
1.374707984924316406e+01 -2.957950210571289062e+01 3.503007888793945312e+00
1.241578197479248047e+01 4.446576595306396484e+00 4.783755779266357422e+00
2.136324310302734375e+01 -3.207393264770507812e+01 3.811193227767944336e+00
-1.197124195098876953e+01 -2.326144027709960938e+01 -2.899331855773925781e+01
-5.062884807586669922e+00 2.620693778991699219e+01 -5.219631195068359375e+00
5.329267024993896484e+00 -1.622666358947753906e+01 1.833113098144531250e+01
1.606295204162597656e+01 6.475134849548339844e+00 -8.957005500793457031e+00
1.362162780761718750e+01 3.027843952178955078e+00 8.992885589599609375e+00
2.913922309875488281e+01 7.709024429321289062e+00 4.425592422485351562e+00
-4.527499675750732422e+00 1.091142272949218750e+01 1.915923500061035156e+01
-3.130581665039062500e+01 1.516644477844238281e+01 -2.931823730468750000e+00
-3.475910568237304688e+01 1.017937946319580078e+01 6.525226116180419922e+00
1.855190992355346680e+00 -4.845634460449218750e+00 -2.395249176025390625e+01
-6.760503768920898438e+00 -4.533449172973632812e+00 -2.935508346557617188e+01
-8.613096237182617188e+00 -1.554806423187255859e+01 3.431331634521484375e+01
7.908442497253417969e+00 -1.044866180419921875e+01 2.361560249328613281e+01
-1.082675695419311523e+00 9.402588844299316406e+00 -7.841120243072509766e+00
-2.546853828430175781e+01 8.062075078487396240e-02 8.049314498901367188e+00
1.499833488464355469e+01 2.096294021606445312e+01 -1.389155960083007812e+01
-1.965770912170410156e+01 -1.217557430267333984e+01 3.428180694580078125e+01
-5.112395286560058594e+00 -1.591604518890380859e+01 -8.763527870178222656e+00
-3.038954019546508789e+00 3.304933929443359375e+01 -1.079886436462402344e+00
-3.711944961547851562e+01 1.544741988182067871e+00 6.041147708892822266e+00
1.905279731750488281e+01 2.965109634399414062e+01 1.658648848533630371e+00
-1.891432571411132812e+01 9.802899360656738281e-01 -1.380069160461425781e+01
-4.721656322479248047e+00 -1.967309379577636719e+01 -2.095262145996093750e+01
3.459151077270507812e+01 -1.127409744262695312e+01 1.972481918334960938e+01
-1.952810096740722656e+01 -1.861689949035644531e+01 9.843245506286621094e+00
4.757425785064697266e+00 1.017097854614257812e+01 8.223633766174316406e+00
3.411095046997070312e+01 -5.234951496124267578e+00 1.996416664123535156e+01
-2.004932975769042969e+01 7.970042705535888672e+00 -1.376519203186035156e+01
-2.354287528991699219e+01 -1.804973220825195312e+01 2.254486083984375000e+01
-1.734716224670410156e+01 -1.926596450805664062e+01 1.380545711517333984e+01
-2.661277389526367188e+01 1.961661529541015625e+01 1.713823699951171875e+01
4.537962913513183594e+00 -4.597962379455566406e+00 1.712410545349121094e+01
-3.883255124092102051e-01 7.743387222290039062e+00 -2.844778060913085938e+01
-3.797481155395507812e+01 -3.202411413192749023e+00 -1.573407077789306641e+01
-2.420385742187500000e+01 -1.846467971801757812e+01 -7.158627033233642578e+00
6.243732571601867676e-01 -8.917062759399414062e+00 2.323566627502441406e+01
2.889907836914062500e+01 4.260112285614013672e+00 -1.608559226989746094e+01
-8.955972671508789062e+00 -1.462589454650878906e+01 3.725911331176757812e+01
-1.462551021575927734e+01 5.328454494476318359e+00 2.432557678222656250e+01
-2.966478347778320312e+01 -2.005161857604980469e+01 5.735227108001708984e+00
-5.125630855560302734e+00 7.466688156127929688e+00 2.458549308776855469e+01
6.753055572509765625e+00 1.061066150665283203e+01 1.723443031311035156e+01
-4.879706382751464844e+00 6.995386123657226562e+00 -2.620977163314819336e+00
-1.454531192779541016e+01 9.773107528686523438e+00 2.988595390319824219e+01
-1.386460971832275391e+01 -8.636685609817504883e-01 3.933187866210937500e+01
9.676244735717773438e+00 1.250684928894042969e+01 -2.959522438049316406e+01
9.884271621704101562e+00 2.533260726928710938e+01 5.718598842620849609e+00
-3.513857650756835938e+01 -7.784943580627441406e+00 3.864870965480804443e-02
5.250598907470703125e+00 2.830128669738769531e+01 -2.328645324707031250e+01
-3.145090484619140625e+01 1.986919021606445312e+01 -3.163547515869140625e+00
8.691274642944335938e+00 2.168146324157714844e+01 -1.214024066925048828e+01
-6.706185340881347656e-01 1.705673980712890625e+01 -3.143013954162597656e+01
-7.017162799835205078e+00 1.145127058029174805e+00 1.360565090179443359e+01
-1.680576896667480469e+01 -1.817943191528320312e+01 1.178255558013916016e+01
-1.390770244598388672e+01 -1.959866881370544434e-01 1.673977279663085938e+01
2.761654663085937500e+01 -9.987837791442871094e+00 -2.133539009094238281e+01
-1.639519691467285156e+01 1.818627357482910156e+00 3.795286560058593750e+01
1.514418029785156250e+01 1.486546993255615234e+01 7.011116027832031250e+00
2.282491493225097656e+01 -1.137284374237060547e+01 1.525487327575683594e+01
4.998690128326416016e+00 2.244671058654785156e+01 3.991692304611206055e+00
-1.002714395523071289e+00 -2.349053382873535156e+01 -1.714694595336914062e+01
3.475315272808074951e-01 -2.463568878173828125e+01 -1.718991851806640625e+01
1.765697479248046875e+01 -6.390572071075439453e+00 2.988545608520507812e+01
1.926950454711914062e+01 -6.355624198913574219e-01 3.361783599853515625e+01
3.862516641616821289e+00 2.716191101074218750e+01 -5.713109970092773438e+00
-1.748013305664062500e+01 -9.159105300903320312e+00 -1.424631977081298828e+01
6.903629779815673828e+00 2.357590198516845703e+00 -9.088293075561523438e+00
5.980257034301757812e+00 2.962672805786132812e+01 5.267772197723388672e+00
7.670882225036621094e+00 -1.306366443634033203e+01 9.412344694137573242e-01
6.329942941665649414e-01 -8.850588798522949219e+00 2.267622184753417969e+01
2.080691337585449219e+01 -6.479120254516601562e+00 2.246498107910156250e+01
1.323664569854736328e+01 -2.525893783569335938e+01 -2.693530464172363281e+01
1.836117172241210938e+01 6.713741779327392578e+00 -5.546574115753173828e+00
4.205961704254150391e+00 -3.086008548736572266e+00 -7.898109912872314453e+00
3.532917404174804688e+01 7.527821063995361328e+00 8.337345123291015625e+00
1.302950477600097656e+01 -2.200274276733398438e+01 -1.577917671203613281e+01
-1.028860569000244141e+01 -1.615284156799316406e+01 2.421368980407714844e+01
9.011269211769104004e-01 -3.346138763427734375e+01 2.851564884185791016e+00
2.315142631530761719e+01 -1.437893486022949219e+01 -2.342358398437500000e+01
9.264318466186523438e+00 -7.605177879333496094e+00 3.814300155639648438e+01
-5.926544189453125000e+00 -3.952049493789672852e+00 -3.525934600830078125e+01
-1.477492618560791016e+01 8.973294258117675781e+00 7.846721649169921875e+00
-1.043319511413574219e+01 1.871392440795898438e+01 1.362126636505126953e+01
2.767299461364746094e+01 -1.801186752319335938e+01 -1.269244194030761719e+01
1.368891334533691406e+01 -9.118716239929199219e+00 2.474137878417968750e+01
1.070890235900878906e+01 -1.383962154388427734e+01 -2.713071250915527344e+01
-9.106513023376464844e+00 4.254614830017089844e+00 2.280377197265625000e+01
-8.963454246520996094e+00 -8.181892037391662598e-01 3.094727134704589844e+01
-7.916018486022949219e+00 -1.636630821228027344e+01 2.221649742126464844e+01
4.230690002441406250e+00 1.562083244323730469e+01 -3.466650390625000000e+01
-2.484626007080078125e+01 -1.554909610748291016e+01 2.252861213684082031e+01
2.050292205810546875e+01 -3.301031351089477539e+00 1.654945564270019531e+01
-1.199413967132568359e+01 -6.042504787445068359e+00 2.754291725158691406e+01
-2.404076576232910156e+01 7.253112792968750000e+00 -1.225423622131347656e+01
3.804882287979125977e+00 -2.092934226989746094e+01 8.329052925109863281e+00
-2.733259391784667969e+01 2.122899770736694336e+00 1.868600082397460938e+01
-2.814572906494140625e+01 -1.486669635772705078e+01 -2.070048522949218750e+01
2.557711791992187500e+01 -1.730056190490722656e+01 -1.029275035858154297e+01
1.219616031646728516e+01 -3.076312255859375000e+01 -9.676399230957031250e+00
2.283748054504394531e+01 -2.752107429504394531e+01 5.686811923980712891e+00
1.062073040008544922e+01 -2.381892967224121094e+01 8.829259872436523438e+00
-1.909630393981933594e+01 9.601475715637207031e+00 5.038441658020019531e+00
-1.467888069152832031e+01 1.670901489257812500e+01 2.366072082519531250e+01
-1.278253269195556641e+01 -2.721479177474975586e+00 -1.422885608673095703e+01
3.772574663162231445e+00 -2.032554054260253906e+01 1.847350120544433594e+01
-3.908965826034545898e+00 1.581120014190673828e+00 -1.578623008728027344e+01
2.761314773559570312e+01 -2.768373489379882812e+00 -7.036371707916259766e+00
2.046448898315429688e+01 1.934333801269531250e+01 1.930472183227539062e+01
-3.653842544555664062e+01 9.786090850830078125e+00 1.005618953704833984e+01
3.342091751098632812e+01 7.806998252868652344e+00 7.811356544494628906e+00
2.923684692382812500e+01 -2.372242546081542969e+01 5.543128490447998047e+00
-2.960732269287109375e+01 -2.367427587509155273e+00 -1.605965805053710938e+01
-7.332078933715820312e+00 -1.421099090576171875e+01 3.728034794330596924e-01
-5.224537372589111328e+00 8.501466751098632812e+00 -2.772769546508789062e+01
5.941612243652343750e+00 -2.299015617370605469e+01 1.680010414123535156e+01
-1.699700736999511719e+01 4.360733509063720703e+00 -2.006180572509765625e+01
3.165732860565185547e+00 -1.033129215240478516e+01 -1.071311092376708984e+01
-1.123369312286376953e+01 1.038356971740722656e+01 3.744527053833007812e+01
-3.289780807495117188e+01 1.410540390014648438e+01 8.311764717102050781e+00
1.086975002288818359e+01 3.994892120361328125e+01 -6.743781089782714844e+00
2.339181709289550781e+01 -9.088069915771484375e+00 5.635282516479492188e+00
8.622381210327148438e+00 1.349017238616943359e+01 3.126588249206542969e+01
-1.813384175300598145e+00 3.689815139770507812e+01 1.637082099914550781e+01
2.652803039550781250e+01 1.895902633666992188e+01 -2.959890842437744141e+00
4.711797714233398438e+00 -2.176715850830078125e+01 -2.610104370117187500e+01
-3.285787582397460938e+01 -8.458010673522949219e+00 -2.007828521728515625e+01
1.474366188049316406e+01 8.420055389404296875e+00 -2.049707794189453125e+01
2.281563758850097656e+00 -2.271069049835205078e+00 -3.316343688964843750e+01
-4.650865495204925537e-01 4.020182800292968750e+01 -1.003794384002685547e+01
2.323276710510253906e+01 5.016025543212890625e+00 -1.118656063079833984e+01
1.483732604980468750e+01 8.464862823486328125e+00 -6.953898906707763672e+00
7.479468822479248047e+00 -2.030072593688964844e+01 9.214202880859375000e+00
-1.118002772331237793e+00 -1.448883724212646484e+01 2.738945770263671875e+01
-3.177970695495605469e+01 -1.802272033691406250e+01 1.487269783020019531e+01
2.605741119384765625e+01 1.471466636657714844e+01 2.883423805236816406e+00
2.043048095703125000e+01 2.289067840576171875e+01 -8.416689872741699219e+00
1.195421409606933594e+01 -3.413948416709899902e-01 -1.386699962615966797e+01
1.909147071838378906e+01 2.127605819702148438e+01 1.846147537231445312e+01
5.779527187347412109e+00 3.205224990844726562e+01 -2.113748741149902344e+01
1.030961799621582031e+01 1.536114025115966797e+01 -7.204800128936767578e+00
1.090333938598632812e+01 1.064342260360717773e+00 -1.367605686187744141e+01
2.338536643981933594e+01 -1.275585556030273438e+01 -2.443587684631347656e+01
2.195625495910644531e+01 1.998052978515625000e+01 2.917211294174194336e+00
5.233758926391601562e+00 2.319553565979003906e+01 2.022333383560180664e+00
-1.074907016754150391e+01 -6.849961757659912109e+00 1.226297187805175781e+01
7.868157863616943359e+00 2.536306858062744141e+00 -8.760560989379882812e+00
1.212261199951171875e+01 -2.928606986999511719e+01 5.268710136413574219e+00
-1.846811676025390625e+01 7.043853759765625000e+00 -2.826544380187988281e+01
-1.868585705757141113e+00 -1.039111375808715820e+00 -1.703886604309082031e+01
1.965602684020996094e+01 -6.891900539398193359e+00 2.187691116333007812e+01
1.721586799621582031e+01 1.453229427337646484e+01 2.825151443481445312e+01
-3.614991530776023865e-02 6.644888520240783691e-01 3.485874557495117188e+01
-2.925036239624023438e+01 -1.909104537963867188e+01 -4.458644390106201172e+00
-2.451050949096679688e+01 4.137501716613769531e+00 -1.923119544982910156e+01
-2.959488153457641602e+00 -1.595094650983810425e-01 -8.843106269836425781e+00
-5.200999736785888672e+00 -6.800766944885253906e+00 -1.590888738632202148e+00
-4.363644123077392578e+00 1.014494132995605469e+01 7.822431564331054688e+00
2.705429267883300781e+01 7.364531517028808594e+00 -2.567037391662597656e+01
-1.566139698028564453e+01 3.022226142883300781e+01 1.839081764221191406e+01
-1.735789680480957031e+01 1.028424453735351562e+01 7.997369766235351562e+00
-1.024740505218505859e+01 1.530055236816406250e+01 3.706835508346557617e+00
-3.117197036743164062e+01 1.554443073272705078e+01 8.067196607589721680e-01
-1.737576293945312500e+01 1.167517471313476562e+01 -2.895507812500000000e+01
-1.737319183349609375e+01 1.627714347839355469e+01 1.951852226257324219e+01
-2.218009757995605469e+01 2.303529548645019531e+01 7.100429058074951172e+00
1.266592121124267578e+01 7.975970506668090820e-01 -1.265611743927001953e+01
2.437621116638183594e+01 1.418390274047851562e+01 -9.619094848632812500e+00
-1.243609237670898438e+01 -1.755072832107543945e+00 9.054799079895019531e+00
1.902387046813964844e+01 5.888309001922607422e+00 -2.184130287170410156e+01
6.064244747161865234e+00 1.935891723632812500e+01 2.311598807573318481e-01
-8.470035552978515625e+00 8.003637313842773438e+00 9.039502143859863281e+00
-2.284041023254394531e+01 -1.382196784019470215e+00 -2.656851577758789062e+01
-1.299983024597167969e+01 1.595152664184570312e+01 -5.010365009307861328e+00
-2.560953497886657715e-01 1.535730075836181641e+01 2.568203926086425781e+00
1.401913261413574219e+01 -1.002259063720703125e+01 -5.089124441146850586e-01
1.141005754470825195e+00 -3.352693939208984375e+01 -1.961221122741699219e+01
-5.485950946807861328e+00 -4.734935283660888672e+00 3.665213012695312500e+01
-2.614395713806152344e+01 -1.946665191650390625e+01 -9.760418891906738281e+00
2.164061927795410156e+01 2.175361061096191406e+01 5.598586559295654297e+00
-1.956205940246582031e+01 -5.198308467864990234e+00 -1.336642742156982422e+01
5.638427287340164185e-02 1.387331581115722656e+01 1.000827217102050781e+01
9.127495765686035156e+00 -8.178029060363769531e+00 -1.441172504425048828e+01
1.575165176391601562e+01 3.578196716308593750e+01 2.360491752624511719e+00
-1.249538612365722656e+01 1.867675590515136719e+01 1.439122104644775391e+01
1.577378559112548828e+01 1.273536777496337891e+01 2.701910972595214844e+01
1.414619064331054688e+01 -2.103301429748535156e+01 -2.227946662902832031e+01
-1.136854648590087891e+01 2.140407562255859375e+01 2.752918434143066406e+01
1.804477535188198090e-02 -2.623344802856445312e+01 -1.565158843994140625e+01
1.752298164367675781e+01 -1.650042152404785156e+01 -2.288489723205566406e+01
-2.981017112731933594e+01 -1.983999061584472656e+01 4.000403881072998047e+00
-1.652703094482421875e+01 -2.389657783508300781e+01 -1.702010154724121094e+01
-2.085381269454956055e+00 -2.790966415405273438e+01 -2.466546630859375000e+01
-3.543978881835937500e+01 -1.560876274108886719e+01 -4.122318267822265625e+00
1.689469528198242188e+01 -1.518617248535156250e+01 -1.552410030364990234e+01
6.207160949707031250e+00 1.860760498046875000e+01 -3.248078918457031250e+01
-2.729995846748352051e-01 -3.163196563720703125e+00 2.461069107055664062e+01
-2.459247589111328125e+01 -1.600526809692382812e+01 2.226715087890625000e+01
2.310328674316406250e+01 -1.435359382629394531e+01 -1.475727796554565430e+00
2.605157279968261719e+01 4.451748728752136230e-01 -7.658064842224121094e+00
-6.037279605865478516e+00 -2.912278175354003906e+01 -1.036238956451416016e+01
1.868313598632812500e+01 4.018386363983154297e+00 1.156641006469726562e+01
-1.799237823486328125e+01 1.580344915390014648e+00 -1.474609184265136719e+01
-1.542199993133544922e+01 1.246862316131591797e+01 -1.339261722564697266e+01
-2.068284225463867188e+01 8.682828903198242188e+00 1.663283157348632812e+01
1.386651706695556641e+01 -2.721093177795410156e+01 1.149875283241271973e+00
-2.324138259887695312e+01 3.656412601470947266e+00 -1.260359382629394531e+01
-3.115050506591796875e+01 1.441760444641113281e+01 5.562315464019775391e+00
-1.656987571716308594e+01 3.088691139221191406e+01 1.412847876548767090e+00
-1.165561676025390625e+01 -1.632643508911132812e+01 1.518842124938964844e+01
-4.089423656463623047e+00 2.515737342834472656e+01 -3.510013580322265625e+00
1.192727661132812500e+01 2.100400924682617188e+01 2.740093421936035156e+01
-1.185017776489257812e+01 3.038463020324707031e+01 6.277512550354003906e+00
6.502753734588623047e+00 -2.876136779785156250e+01 -1.864111518859863281e+01
9.832620620727539062e+00 5.993448734283447266e+00 4.864969730377197266e+00
9.361607551574707031e+00 1.545498180389404297e+01 2.667892265319824219e+01
1.299950599670410156e+01 3.577620315551757812e+01 9.011256217956542969e+00
1.278549766540527344e+01 -2.048333168029785156e+01 -1.584097576141357422e+01
-5.090967655181884766e+00 1.197181415557861328e+01 -1.210281753540039062e+01
-3.283635139465332031e+00 -9.791609764099121094e+00 1.221794509887695312e+01
-2.597435569763183594e+01 5.799554824829101562e+00 2.760755348205566406e+01
1.903412246704101562e+01 1.721738433837890625e+01 -2.305991935729980469e+01
-2.637919235229492188e+01 7.713906764984130859e+00 -5.630129337310791016e+00
5.089650630950927734e+00 -3.106323242187500000e+01 -9.489342689514160156e+00
1.833701133728027344e+01 -9.956265449523925781e+00 -3.958393573760986328e+00
-7.951159000396728516e+00 -5.062942504882812500e-01 2.055511093139648438e+01
-1.401570129394531250e+01 1.718891716003417969e+01 -4.033512592315673828e+00
-2.767214536666870117e+00 3.334084320068359375e+01 -3.496523141860961914e+00
-2.386440277099609375e+01 3.993206739425659180e+00 -2.185008621215820312e+01
2.075992584228515625e+01 -6.848465442657470703e+00 4.223530769348144531e+00
1.810429382324218750e+01 7.688251972198486328e+00 -3.920616865158081055e+00
-1.102744460105895996e+00 1.332675075531005859e+01 1.273661899566650391e+01
-2.816166162490844727e+00 2.114914655685424805e+00 3.931315612792968750e+01
3.760083389282226562e+01 -1.146825981140136719e+01 -5.466769695281982422e+00
-2.832781219482421875e+01 1.191260695457458496e+00 -2.562983989715576172e+00
2.175806617736816406e+01 2.486825561523437500e+01 -8.658493041992187500e+00
1.891209793090820312e+01 6.069174289703369141e+00 1.892850685119628906e+01
-1.973123168945312500e+01 2.104675102233886719e+01 6.418717384338378906e+00
1.507358360290527344e+01 -3.100695037841796875e+01 -6.180390357971191406e+00
4.634518623352050781e+00 2.966269111633300781e+01 3.459183931350708008e+00
2.238511800765991211e+00 -7.864667892456054688e+00 3.792786788940429688e+01
8.551193237304687500e+00 -3.032190322875976562e+01 -6.250571250915527344e+00
-1.596976995468139648e+00 -6.743138790130615234e+00 2.673475646972656250e+01
1.698509335517883301e+00 1.795441246032714844e+01 2.400230979919433594e+01
-4.840565204620361328e+00 3.333023786544799805e+00 1.617683029174804688e+01
-9.100652337074279785e-01 -3.427638244628906250e+01 -7.040140151977539062e+00
-1.286457061767578125e+01 1.846886062622070312e+01 1.419126892089843750e+01
1.865373015403747559e+00 -4.010391998291015625e+01 -4.320958614349365234e+00
-1.091138744354248047e+01 -1.481006050109863281e+01 2.370483016967773438e+01
-3.715710878372192383e+00 2.215547943115234375e+01 1.999019241333007812e+01
-5.099358558654785156e+00 1.210750389099121094e+01 2.261952012777328491e-01
2.289199256896972656e+01 -9.997067451477050781e+00 4.809882164001464844e+00
2.837702941894531250e+01 3.262449264526367188e+00 -1.698818016052246094e+01
7.682670116424560547e+00 1.665453076362609863e+00 -2.927408218383789062e+01
-8.798075675964355469e+00 -1.997559928894042969e+01 -6.872419357299804688e+00
7.298400402069091797e+00 1.807547760009765625e+01 3.679631233215332031e+00
-1.937768936157226562e+01 -3.031606101989746094e+01 7.529597759246826172e+00
2.695827293395996094e+01 2.470089721679687500e+01 8.768753051757812500e+00
2.672457885742187500e+01 1.404429554939270020e+00 1.800288009643554688e+01
-2.176925086975097656e+01 -2.090612220764160156e+01 -1.791689872741699219e+01
1.422583222389221191e+00 1.824197387695312500e+01 2.525911331176757812e+01
-1.105560302734375000e+01 8.178812026977539062e+00 -1.971577835083007812e+01
-1.154707813262939453e+01 1.071657085418701172e+01 7.540423870086669922e-01
-7.938418984413146973e-01 -1.120720100402832031e+01 -1.421375274658203125e+01
-2.510327911376953125e+01 -9.499281883239746094e+00 -2.731364440917968750e+01
2.879485321044921875e+01 2.935562849044799805e+00 -1.581540870666503906e+01
1.457789897918701172e+01 2.590129280090332031e+01 -5.317943096160888672e+00
-1.635967636108398438e+01 9.042713165283203125e+00 1.721938967704772949e+00
-1.188155937194824219e+01 9.963974952697753906e+00 2.072424888610839844e+01
2.019283866882324219e+01 -2.155024909973144531e+01 -1.898809432983398438e+01
2.512715148925781250e+01 -2.786828577518463135e-01 1.976037788391113281e+01
3.451952362060546875e+01 1.376473331451416016e+01 6.588090062141418457e-01
1.731962203979492188e+01 1.150552368164062500e+01 2.002635192871093750e+01
-2.736771583557128906e+01 1.793033361434936523e+00 -2.121079444885253906e+01
2.471611404418945312e+01 1.381291151046752930e+00 3.049028968811035156e+01
-3.507979154586791992e+00 4.395018815994262695e-01 -4.007341384887695312e+01
-3.218398332595825195e+00 -1.378494358062744141e+01 1.217419147491455078e+00
1.685394859313964844e+01 -1.063985824584960938e+01 -2.373375892639160156e+01
-2.006470108032226562e+01 -3.209801435470581055e+00 2.467713594436645508e+00
-1.184695601463317871e+00 3.354492187500000000e+01 -3.770807757973670959e-02
-1.511497879028320312e+01 4.196899414062500000e+00 -1.504986476898193359e+01
1.864309310913085938e+01 3.279558181762695312e+01 -6.192479133605957031e+00
2.387458038330078125e+01 -1.196854019165039062e+01 -2.458234596252441406e+01
-1.496087789535522461e+00 1.239852905273437500e+01 1.051861381530761719e+01
-2.530592727661132812e+01 8.210484504699707031e+00 2.220538139343261719e+00
-1.743917942047119141e+00 -6.160429000854492188e+00 2.806894493103027344e+01
8.041996002197265625e+00 -1.396675109863281250e+01 -2.011626625061035156e+01
2.078854799270629883e+00 -4.856113910675048828e+00 2.642278480529785156e+01
5.108485698699951172e+00 -1.584969806671142578e+01 1.818029975891113281e+01
1.095568084716796875e+01 -9.175202369689941406e+00 -6.309056758880615234e+00
2.139175224304199219e+01 -2.892400360107421875e+01 8.200128555297851562e+00
-3.939521789550781250e+00 2.999034690856933594e+01 -1.123695659637451172e+01
-1.080108547210693359e+01 -7.520124912261962891e+00 4.036925315856933594e+00
-1.496702671051025391e+01 4.211053848266601562e+00 -1.281352043151855469e+01
4.053291320800781250e+01 -5.997118949890136719e+00 4.226960659027099609e+00
2.399241256713867188e+01 1.467000198364257812e+01 -1.884747695922851562e+01
-1.031888771057128906e+01 3.042662429809570312e+01 -8.887967109680175781e+00
1.261157512664794922e+00 1.894288635253906250e+01 1.500658130645751953e+01
-1.510277366638183594e+01 1.457097816467285156e+01 -1.004825401306152344e+01
-6.285461902618408203e+00 6.558439254760742188e+00 3.825086355209350586e+00
1.693734550476074219e+01 -1.869106674194335938e+01 -9.515617370605468750e+00
5.703176975250244141e+00 -1.472074031829833984e+01 8.372594833374023438e+00
2.374001693725585938e+01 5.498607635498046875e+00 -1.715023612976074219e+01
-7.962670326232910156e+00 2.334487152099609375e+01 3.014768838882446289e+00
1.702712059020996094e+01 -6.844957351684570312e+00 -1.468359279632568359e+01
-2.244828701019287109e+00 2.491332817077636719e+01 -1.594795703887939453e+01
3.098083496093750000e+01 -6.399745941162109375e+00 3.647553920745849609e+00
-1.796045494079589844e+01 -2.110057258605957031e+01 2.474302482604980469e+01
-1.981460380554199219e+01 2.931330680847167969e+01 1.659810829162597656e+01
1.436070251464843750e+01 7.279887199401855469e+00 8.779235839843750000e+00
7.998276710510253906e+00 3.475672149658203125e+01 -4.568603992462158203e+00
-1.276771163940429688e+01 2.501398849487304688e+01 1.683681297302246094e+01
2.155023765563964844e+01 6.168436527252197266e+00 2.670657920837402344e+01
2.003713226318359375e+01 2.059139823913574219e+01 1.214002704620361328e+01
2.688738822937011719e+00 -1.042166113853454590e+00 8.455401420593261719e+00
2.884781074523925781e+01 -5.251810073852539062e+00 -5.398369312286376953e+00
-1.623577880859375000e+01 -1.265714168548583984e+01 2.177635955810546875e+01
-8.474612236022949219e+00 -1.987360572814941406e+01 -1.860537910461425781e+01
1.735371589660644531e+01 1.409175968170166016e+01 2.762662887573242188e+01
9.649809837341308594e+00 -2.485049819946289062e+01 -1.616202163696289062e+01
1.657332611083984375e+01 -8.093438744544982910e-01 4.808609008789062500e+00
-7.381468296051025391e+00 8.976052999496459961e-01 -3.077926635742187500e+01
-1.600823020935058594e+01 2.313732862472534180e+00 -2.185455703735351562e+01
6.901686191558837891e+00 1.315539646148681641e+01 -1.711144089698791504e+00
4.923838138580322266e+00 -2.739075279235839844e+01 -1.030488681793212891e+01
5.761977195739746094e+00 -3.576173782348632812e+01 4.236751794815063477e-01
-2.994125127792358398e+00 -2.767639458179473877e-01 -7.604454040527343750e+00
1.608371353149414062e+01 -3.654922842979431152e-01 2.224779367446899414e+00
1.093205165863037109e+01 -2.165785598754882812e+01 -2.413069343566894531e+01
-3.221923112869262695e-01 -2.178714561462402344e+01 -9.313921928405761719e+00
3.646247625350952148e+00 -2.035966682434082031e+01 2.418756866455078125e+01
6.150145053863525391e+00 6.236088275909423828e+00 -2.712629890441894531e+01
1.284242916107177734e+01 -3.274881744384765625e+01 -9.555338859558105469e+00
2.624584388732910156e+01 -1.711413192749023438e+01 -1.018037986755371094e+01
-2.130450248718261719e+01 -1.525866889953613281e+01 9.642572402954101562e+00
-3.587838113307952881e-01 2.104045867919921875e+01 -2.076227188110351562e+00
-5.087947845458984375e+00 -9.931679725646972656e+00 1.944718360900878906e+01
-3.061915397644042969e+01 -6.913432121276855469e+00 -3.786624908447265625e+00
-1.708408236503601074e+00 2.391037368774414062e+01 2.373035812377929688e+01
3.787985086441040039e+00 1.877040290832519531e+01 -3.254502868652343750e+01
-1.688710689544677734e+00 -1.511075305938720703e+01 -2.319997787475585938e+01
2.344082260131835938e+01 -1.887104034423828125e+01 1.740125465393066406e+01
1.774241256713867188e+01 1.000837707519531250e+01 -1.087524986267089844e+01
4.328396916389465332e-01 -1.004083728790283203e+01 3.768553543090820312e+01
1.802775764465332031e+01 1.708062362670898438e+01 3.086280632019042969e+01
-1.106140995025634766e+01 3.429373931884765625e+01 -2.536062002182006836e+00
-2.449942588806152344e+01 2.443742370605468750e+01 -5.625224590301513672e+00
1.019201874732971191e+00 -1.748297882080078125e+01 -1.300557231903076172e+01
1.668000221252441406e+00 -6.348979473114013672e+00 -2.805633735656738281e+01
7.782162427902221680e-01 3.825043106079101562e+01 1.359642982482910156e+01
2.701425933837890625e+01 1.840835571289062500e+01 -1.366065621376037598e+00
-1.163284778594970703e+01 1.209661102294921875e+01 3.502028286457061768e-01
2.139217185974121094e+01 1.283990859985351562e+00 -1.378901195526123047e+01
-6.878497123718261719e+00 -1.363253593444824219e+01 1.903120613098144531e+01
-2.615931892395019531e+01 8.991447448730468750e+00 1.491044044494628906e+00
-1.998930811882019043e+00 3.686975097656250000e+01 1.636834335327148438e+01
-1.079261875152587891e+01 -1.357630044221878052e-01 -3.892288970947265625e+01
-7.313726902008056641e+00 -1.983328628540039062e+01 -7.008724689483642578e+00
1.774567031860351562e+01 -6.004611015319824219e+00 -6.843297004699707031e+00
-1.431294727325439453e+01 -8.374205827713012695e-01 8.202409744262695312e+00
-3.110759735107421875e+01 1.696414566040039062e+01 -2.500815391540527344e+00
7.678728103637695312e+00 -2.018803024291992188e+01 6.533800125122070312e+00
-2.955533981323242188e+01 -7.431505680084228516e+00 -4.484642982482910156e+00
2.400726127624511719e+01 -5.032020092010498047e+00 -1.257975292205810547e+01
6.533771038055419922e+00 1.786007308959960938e+01 -3.340504074096679688e+01
4.530846595764160156e+00 8.579216957092285156e+00 3.831698179244995117e+00
1.036432838439941406e+01 3.600786685943603516e+00 -1.087602806091308594e+01
-8.401239514350891113e-01 -1.120958709716796875e+01 -1.425307655334472656e+01
-1.500396251678466797e+01 1.912449836730957031e+01 3.864248037338256836e+00
-1.742061734199523926e+00 -1.522355461120605469e+01 -2.295260047912597656e+01
-8.199706673622131348e-01 -2.309928894042968750e+01 2.560118484497070312e+01
1.821539115905761719e+01 -1.394147014617919922e+01 -4.823057651519775391e+00
-1.380168247222900391e+01 -5.999259948730468750e-01 8.270874023437500000e+00
2.855946063995361328e+00 1.442134475708007812e+01 2.804349899291992188e+01
-2.008266258239746094e+01 1.551984596252441406e+01 1.858212709426879883e+00
7.617916464805603027e-01 3.894415378570556641e+00 -3.755736351013183594e-01
-8.066440224647521973e-01 8.782917976379394531e+00 -1.573669242858886719e+01
-7.380018234252929688e+00 3.957796096801757812e+01 -3.109146595001220703e+00
-9.273476600646972656e+00 -2.610002326965332031e+01 1.277127075195312500e+01
-1.234402656555175781e+00 2.193903350830078125e+01 -2.333543777465820312e+00
-1.069337749481201172e+01 3.629365158081054688e+01 1.463488960266113281e+01
-1.610189437866210938e+01 1.676364517211914062e+01 2.346483993530273438e+01
-2.620738267898559570e+00 2.296721076965332031e+01 2.455263137817382812e+01
-2.357062530517578125e+01 2.161166381835937500e+01 8.348278045654296875e+00
2.966091728210449219e+01 3.779753923416137695e+00 2.104554367065429688e+01
4.868745326995849609e+00 2.979033088684082031e+01 -1.477799415588378906e+01
-1.712313461303710938e+01 -1.643951988220214844e+01 -2.607425308227539062e+01
9.398807525634765625e+00 3.106845474243164062e+01 -1.331863498687744141e+01
-1.791698646545410156e+01 -3.235045623779296875e+01 -1.178787112236022949e+00
1.759905433654785156e+01 -5.767075061798095703e+00 1.631628799438476562e+01
6.744851112365722656e+00 -2.198517990112304688e+01 1.650897026062011719e+01
-8.521448969841003418e-01 1.510802745819091797e+01 2.409538030624389648e+00
-1.669342231750488281e+01 1.257126140594482422e+01 -2.951936149597167969e+01
-2.479461479187011719e+01 1.956697463989257812e+01 -1.037932872772216797e+01
9.116953849792480469e+00 -2.522635459899902344e+01 1.006565570831298828e+00
2.278589630126953125e+01 5.380851745605468750e+00 -9.950780868530273438e+00
2.526343154907226562e+01 -1.597098445892333984e+01 2.355582237243652344e+01
-1.569473171234130859e+01 3.182550430297851562e+00 1.640307426452636719e+01
-1.050655460357666016e+01 2.861581993103027344e+01 1.151112079620361328e+00
1.423980832099914551e+00 1.467815113067626953e+01 2.031886100769042969e+01
2.270144939422607422e+00 -2.316952943801879883e+00 -9.517251968383789062e+00
1.108292484283447266e+01 4.597207546234130859e+00 -3.973385572433471680e+00
-1.058677005767822266e+01 2.198528099060058594e+01 2.766927909851074219e+01
3.603637218475341797e+00 3.994363403320312500e+01 7.251105308532714844e+00
-1.517971420288085938e+01 3.100452804565429688e+01 1.720419645309448242e+00
-1.385915279388427734e+01 1.756307601928710938e+01 2.349619102478027344e+01
1.921981811523437500e+00 2.707810974121093750e+01 -1.502292728424072266e+01
-2.826907157897949219e+00 -8.253641128540039062e+00 -1.592858791351318359e+01
2.531989097595214844e+01 2.104804992675781250e+01 1.122909736633300781e+01
-1.801673889160156250e+01 3.165003013610839844e+01 6.742588043212890625e+00
-7.682837009429931641e+00 1.625713348388671875e+01 2.200173377990722656e+01
-1.359530353546142578e+01 -1.375669288635253906e+01 2.142853546142578125e+01
2.287049293518066406e+01 -2.008957099914550781e+01 -1.362038803100585938e+01
2.198357200622558594e+01 -1.584626483917236328e+01 -2.991498231887817383e+00
-6.235342502593994141e+00 -1.913773727416992188e+01 -1.362494754791259766e+01
3.888135433197021484e+00 -2.653034019470214844e+01 -2.287052726745605469e+01
3.135356712341308594e+01 3.238751888275146484e-01 4.308898746967315674e-01
-1.163159275054931641e+01 -2.240759277343750000e+01 4.897372245788574219e+00
3.154691314697265625e+01 2.370213031768798828e+00 -2.341266393661499023e+00
1.193633365631103516e+01 1.472497081756591797e+01 2.378462409973144531e+01
-3.193426370620727539e+00 4.495113849639892578e+00 4.150517654418945312e+01
7.895438194274902344e+00 -2.122528076171875000e+01 -2.133717918395996094e+01
-5.376876354217529297e+00 2.206830596923828125e+01 1.520107555389404297e+01
-2.336740303039550781e+01 -1.021144390106201172e+01 2.244398307800292969e+01
3.113972473144531250e+01 -1.370302009582519531e+01 1.860834312438964844e+01
-2.666655158996582031e+01 8.360931873321533203e-01 -2.107342338562011719e+01
-1.745108413696289062e+01 -1.891724586486816406e+01 -2.737679100036621094e+01
-2.162222290039062500e+01 -6.912687301635742188e+00 1.084840965270996094e+01
-1.101867675781250000e+01 1.042960643768310547e+01 3.693336105346679688e+01
-3.070890426635742188e+01 8.172591209411621094e+00 2.688612341880798340e-01
2.975414848327636719e+01 -1.440493869781494141e+01 1.029396915435791016e+01
-1.614513206481933594e+01 -2.403199386596679688e+01 -2.181430053710937500e+01
-3.701854050159454346e-01 6.177470684051513672e+00 -2.068809032440185547e+00
8.331915855407714844e+00 -2.227368164062500000e+01 -2.271551704406738281e+01
-2.818967437744140625e+01 -3.428864240646362305e+00 -1.436205148696899414e+00
3.746367692947387695e+00 9.666832923889160156e+00 -2.423791503906250000e+01
-3.064889907836914062e+01 1.787923097610473633e+00 1.744075012207031250e+01
-2.162158203125000000e+01 6.925449848175048828e+00 -1.186165142059326172e+01
4.099980545043945312e+01 -4.741218566894531250e+00 1.756362199783325195e+00
-2.797624015808105469e+01 -8.736597895622253418e-01 1.747274637222290039e+00
-2.745509719848632812e+01 -1.751543998718261719e+01 -6.297071933746337891e+00
7.103491783142089844e+00 1.419370055198669434e+00 -7.711657524108886719e+00
2.119334220886230469e+01 -3.909507691860198975e-01 -3.501934051513671875e+00
1.520020008087158203e+01 -1.181552600860595703e+01 2.696576881408691406e+01
-8.173104286193847656e+00 2.295026302337646484e+00 -3.754185867309570312e+01
1.312792682647705078e+01 -1.750045776367187500e+01 -6.970933914184570312e+00
-1.752848815917968750e+01 2.269467163085937500e+01 2.379021072387695312e+01
-2.802906608581542969e+01 -9.428412437438964844e+00 -5.778470993041992188e+00
2.535322952270507812e+01 -2.191422462463378906e+01 -1.651965713500976562e+01
3.087651443481445312e+01 1.027907371520996094e+00 -5.020383000373840332e-01
-5.019445419311523438e+00 -1.142216110229492188e+01 -1.657528877258300781e+01
1.576272487640380859e+00 2.095643997192382812e+01 -2.055202293395996094e+01
-1.426186656951904297e+01 1.305109310150146484e+01 -4.762527465820312500e+00
-2.698605728149414062e+01 1.229672622680664062e+01 -1.841716766357421875e+01
7.004515171051025391e+00 1.355323505401611328e+01 8.228104591369628906e+00
5.097388267517089844e+00 -9.686565399169921875e+00 -1.018205451965332031e+01
-1.441506004333496094e+01 -2.258238983154296875e+01 -1.180148315429687500e+01
1.036701774597167969e+01 4.589639663696289062e+00 -3.797296524047851562e+01
-1.062994861602783203e+01 -1.714021110534667969e+01 1.347237300872802734e+01
-6.770164489746093750e+00 -2.109753608703613281e+01 -1.293349552154541016e+01
-3.657319545745849609e+00 -6.546301364898681641e+00 -3.250602340698242188e+01
3.259869766235351562e+01 3.848101854324340820e+00 1.550671482086181641e+01
1.939670372009277344e+01 2.116862106323242188e+01 2.579597282409667969e+01
1.204996490478515625e+01 -4.685505852103233337e-02 -3.667428970336914062e+01
6.536561965942382812e+00 -1.669636607170104980e+00 2.573202133178710938e+01
2.123615837097167969e+01 2.525677871704101562e+01 -9.291393280029296875e+00
-1.973001062870025635e-01 -2.586831665039062500e+01 1.217807102203369141e+01
-2.288832187652587891e+00 3.611211776733398438e+01 -9.427679061889648438e+00
-2.046458721160888672e-01 -1.835646152496337891e+00 -1.657897567749023438e+01
-7.500895261764526367e-01 -3.292782974243164062e+01 -1.746469497680664062e+01
-3.187044906616210938e+01 1.605314445495605469e+01 6.882392406463623047e+00
-1.083162021636962891e+01 -3.666301250457763672e+00 1.473860263824462891e+01
9.786505699157714844e+00 3.055450057983398438e+01 -1.266980648040771484e+01
1.670322990417480469e+01 3.109556198120117188e+00 -1.291627979278564453e+01
7.166708946228027344e+00 6.572666645050048828e+00 8.781185150146484375e+00
-2.030923080444335938e+01 9.780243873596191406e+00 2.135914993286132812e+01
2.814078712463378906e+01 -2.219267785549163818e-01 9.151545524597167969e+00
8.532293319702148438e+00 1.725217437744140625e+01 2.182383775711059570e+00
1.093736267089843750e+01 -2.660827255249023438e+01 -1.633944511413574219e+01
-9.414887428283691406e+00 -2.583705186843872070e+00 -3.449024581909179688e+01
-5.934092044830322266e+00 -2.196114540100097656e+01 -8.021535277366638184e-01
5.992095947265625000e+00 9.431399703025817871e-01 3.454301071166992188e+01
-1.657950639724731445e+00 3.691130447387695312e+01 1.842763328552246094e+01
-1.176863765716552734e+01 -3.548446893692016602e+00 1.572635173797607422e+01
-2.235861587524414062e+01 1.794011878967285156e+01 -1.791687583923339844e+01
-1.291783618927001953e+01 -3.048404121398925781e+01 -1.442712306976318359e+01
-5.513902187347412109e+00 2.248070526123046875e+01 -2.197466468811035156e+01
-2.555533409118652344e+01 -1.136809062957763672e+01 -5.974789619445800781e+00
1.700330162048339844e+01 1.713258934020996094e+01 -6.416937351226806641e+00
5.153024673461914062e+00 5.303456783294677734e+00 -2.585680007934570312e+01
-2.147596549987792969e+01 -2.323078155517578125e+00 1.202063941955566406e+01
-4.962374687194824219e+00 7.134518623352050781e+00 1.889789199829101562e+01
-3.615955352783203125e+00 -3.812751007080078125e+01 1.131276035308837891e+01
3.075677871704101562e+01 9.007424116134643555e-01 1.547080326080322266e+01
-1.290777683258056641e+01 -1.843136024475097656e+01 -5.054248332977294922e+00
-6.970088481903076172e+00 1.149822616577148438e+01 9.084564208984375000e+00
-2.047864675521850586e+00 -1.566955661773681641e+01 2.370631408691406250e+01
-1.706630134582519531e+01 1.953253364562988281e+01 2.013539123535156250e+01
-1.376484298706054688e+01 3.904118347167968750e+01 -2.516560815274715424e-02
4.437367439270019531e+00 1.250904369354248047e+01 1.837694644927978516e+00
-9.879144668579101562e+00 3.681945037841796875e+01 1.838559865951538086e+00
2.832837295532226562e+01 -2.438898086547851562e+01 5.505897998809814453e+00
-2.038569641113281250e+01 1.910101509094238281e+01 -1.940378952026367188e+01
-7.478178024291992188e+00 -2.002494812011718750e+01 -7.197171688079833984e+00
-1.664081573486328125e+01 -2.920705986022949219e+01 -2.102113723754882812e+00
-3.850188827514648438e+01 -3.788311719894409180e+00 -1.426493358612060547e+01
-5.322289943695068359e+00 6.943067550659179688e+00 2.139115333557128906e+01
7.960214614868164062e+00 -1.369642925262451172e+01 -2.040221977233886719e+01
-2.329908752441406250e+01 1.564640617370605469e+01 2.480360120534896851e-02
-4.043796157836914062e+01 -2.738958001136779785e-01 8.521587371826171875e+00
-1.049020409584045410e+00 7.175725936889648438e+00 -2.770773506164550781e+01
-3.831980228424072266e+00 6.679106235504150391e+00 4.690585136413574219e+00
6.055006027221679688e+00 -7.627660274505615234e+00 3.969030380249023438e+01
2.250354576110839844e+01 8.221569061279296875e+00 2.877688407897949219e+01
-1.046711802482604980e+00 1.199827098846435547e+01 1.723728942871093750e+01
-1.202381324768066406e+01 -2.365042304992675781e+01 -2.917849731445312500e+01
2.406877326965332031e+01 -2.044146728515625000e+01 1.280379486083984375e+01
3.327840328216552734e+00 -3.269403076171875000e+01 -1.884293174743652344e+01
3.175311088562011719e+00 -3.340762710571289062e+01 1.428360652923583984e+01
-9.776808738708496094e+00 -2.747005271911621094e+01 2.194738960266113281e+01
-2.007705497741699219e+01 -1.175057888031005859e+01 1.016950988769531250e+01
-3.137673950195312500e+01 -1.086867332458496094e+01 6.581446647644042969e+00
-2.374322509765625000e+01 -8.111916542053222656e+00 -1.053015232086181641e+00
-2.471067237854003906e+01 6.752193450927734375e+00 2.715806198120117188e+01
-1.038598155975341797e+01 -1.649285125732421875e+01 1.289834690093994141e+01
4.203686904907226562e+01 -6.278445124626159668e-01 1.836462020874023438e+00
-2.956140279769897461e+00 5.362339496612548828e+00 -3.782222867012023926e-01
1.546117782592773438e+01 -3.462498855590820312e+01 -9.913573265075683594e+00
-6.920691728591918945e-01 3.310926818847656250e+01 -3.694064021110534668e-01
1.544204998016357422e+01 -6.901414394378662109e+00 1.691440391540527344e+01
1.246107935905456543e+00 1.251978588104248047e+01 1.017253208160400391e+01
-1.499757099151611328e+01 -2.303994369506835938e+01 -1.390312767028808594e+01
4.169675827026367188e+00 2.127053070068359375e+01 -1.146549224853515625e+01
2.386833953857421875e+01 5.038793563842773438e+00 -1.277808475494384766e+01
9.552592277526855469e+00 1.535077476501464844e+01 1.116438865661621094e+01
-2.035071945190429688e+01 2.686098480224609375e+01 -1.030301856994628906e+01
-4.795519351959228516e+00 8.838311195373535156e+00 2.527093505859375000e+01
-2.856577634811401367e+00 -6.190544605255126953e+00 -2.639402389526367188e+01
-1.799626350402832031e+01 1.046856975555419922e+01 5.988007545471191406e+00
7.976928234100341797e+00 -2.476965141296386719e+01 -2.731054496765136719e+01
3.971157789230346680e+00 -2.958659934997558594e+01 -1.141566276550292969e+01
2.455105972290039062e+01 9.439008712768554688e+00 1.390484333038330078e+01
4.903164386749267578e+00 -1.493937587738037109e+01 9.067290306091308594e+00
-2.678424644470214844e+01 5.107163429260253906e+00 -1.910350608825683594e+01
1.325434565544128418e+00 2.875167846679687500e+00 -3.098405361175537109e+00
-5.189655780792236328e+00 -2.682236480712890625e+01 7.339184284210205078e+00
3.478852748870849609e+00 1.664302635192871094e+01 -6.345036029815673828e+00
-1.260720634460449219e+01 -1.416801929473876953e+01 -6.229131698608398438e+00
-1.721548843383789062e+01 1.446036243438720703e+01 1.581337356567382812e+01
2.732834815979003906e+01 2.306588888168334961e+00 2.388661861419677734e+00
1.438032531738281250e+01 1.420790433883666992e+00 -2.065111351013183594e+01
-3.372695922851562500e+00 2.319949150085449219e+00 1.070298671722412109e+00
1.297021961212158203e+01 -2.556090545654296875e+01 -2.716577339172363281e+01
-2.284823608398437500e+01 6.567995071411132812e+00 2.157902479171752930e+00
-3.951311874389648438e+01 4.765857696533203125e+00 1.058066654205322266e+01
-2.393575477600097656e+01 -1.394129753112792969e+01 -2.222377586364746094e+01
2.628701019287109375e+01 1.616971731185913086e+00 1.833599853515625000e+01
-3.585182666778564453e+00 -1.007572174072265625e+01 1.245277881622314453e+01
3.651040649414062500e+01 1.488640785217285156e+01 6.205920219421386719e+00
1.054937934875488281e+01 -3.238466262817382812e+01 -2.119243621826171875e+01
-3.541838455200195312e+01 7.975441932678222656e+00 7.954534530639648438e+00
-4.298026084899902344e+00 6.892761707305908203e+00 4.010840415954589844e+00
-4.413831233978271484e+00 1.588520717620849609e+01 3.022622489929199219e+01
2.587149441242218018e-01 1.312469673156738281e+01 7.478672981262207031e+00
-2.299391174316406250e+01 4.837694168090820312e+00 2.551977157592773438e+01
6.990272521972656250e+00 6.692543983459472656e+00 8.675909042358398438e+00
-2.086225897073745728e-01 -7.293737411499023438e+00 2.354351425170898438e+01
-5.102897167205810547e+00 -1.184523677825927734e+01 -1.234884357452392578e+01
-6.594178199768066406e+00 1.130682277679443359e+01 1.598858165740966797e+01
-1.289082145690917969e+01 1.704654312133789062e+01 2.018736076354980469e+01
1.189733695983886719e+01 1.024837017059326172e+01 3.733278656005859375e+01
-3.114783477783203125e+01 4.833964824676513672e+00 -5.790407657623291016e+00
1.091051459312438965e+00 -1.540782546997070312e+01 -1.127024531364440918e+00
7.946121215820312500e+00 -1.008132457733154297e+01 -9.548913955688476562e+00
4.935016632080078125e+00 2.739875984191894531e+01 4.945052623748779297e+00
-1.399841403961181641e+01 -1.323096871376037598e+00 -2.738985252380371094e+01
3.892095947265625000e+01 -5.464621543884277344e+00 -9.715974807739257812e+00
-3.455929565429687500e+01 1.406136798858642578e+01 7.323312759399414062e+00
8.190336227416992188e+00 2.091752052307128906e+01 -1.579661750793457031e+01
1.234196758270263672e+01 5.521158218383789062e+00 9.940023422241210938e+00
4.937758445739746094e+00 -6.124501705169677734e+00 1.566308593750000000e+01
9.799895286560058594e+00 4.897720336914062500e+00 -3.659424209594726562e+01
1.762253379821777344e+01 -2.599735832214355469e+01 -8.160552978515625000e+00
-8.401906013488769531e+00 1.503735446929931641e+01 -3.151190948486328125e+01
1.550357055664062500e+01 -1.430050432682037354e-01 1.840548157691955566e+00
3.734834671020507812e+01 -1.193732643127441406e+01 -5.147069931030273438e+00
2.129286003112792969e+01 -3.828119754791259766e+00 2.133263587951660156e+01
5.883634567260742188e+00 1.924080967903137207e+00 -4.023601412773132324e-01
1.001816082000732422e+01 -1.412814331054687500e+01 -9.306093454360961914e-01
3.564796066284179688e+01 -1.163062191009521484e+01 -6.511151313781738281e+00
-3.939106369018554688e+01 -3.777323961257934570e+00 -1.370407009124755859e+01
1.820350074768066406e+01 3.762959957122802734e+00 1.261879158020019531e+01
2.052147293090820312e+01 1.706211853027343750e+01 -2.697760391235351562e+01
-2.442851066589355469e+01 4.396049022674560547e+00 -1.952018737792968750e+01
1.661390113830566406e+01 1.875167489051818848e+00 -7.682590007781982422e+00
-1.700594711303710938e+01 -3.850235939025878906e+00 1.579117012023925781e+01
3.386381912231445312e+01 -1.436049365997314453e+01 -6.933835744857788086e-01
2.410782241821289062e+01 -2.985277652740478516e+00 -1.259447956085205078e+01
-1.828562164306640625e+01 -3.027651405334472656e+01 7.944875717163085938e+00
2.938187980651855469e+01 -1.297900390625000000e+01 -6.884495735168457031e+00
2.426309967041015625e+01 -1.397732067108154297e+01 -1.032302141189575195e+00
-3.028937911987304688e+01 -7.189533233642578125e+00 -3.907519578933715820e+00
-2.009625625610351562e+01 -5.607711791992187500e+00 -1.341739177703857422e+01
-1.813240051269531250e+01 -2.063824081420898438e+01 2.556878662109375000e+01
-1.814439773559570312e+00 4.031945228576660156e+00 -3.524051284790039062e+01
-1.971150517463684082e+00 1.454558372497558594e+00 3.082233428955078125e+01
3.046037292480468750e+01 1.327844810485839844e+01 -1.645880889892578125e+01
2.685510253906250000e+01 2.849467515945434570e+00 1.842715644836425781e+01
3.042656517028808594e+01 6.041098594665527344e+00 4.141836643218994141e+00
-6.712606430053710938e+00 -3.354870986938476562e+01 -7.158793807029724121e-01
1.052172279357910156e+01 9.993427276611328125e+00 3.609053039550781250e+01
-6.052460670471191406e-01 -2.642126464843750000e+01 -1.570025730133056641e+01
-1.553544044494628906e+01 -1.583866214752197266e+01 6.317877769470214844e+00
-1.834052276611328125e+01 2.100654602050781250e+01 1.989396476745605469e+01
5.005288124084472656e+00 5.839819908142089844e+00 -1.364586472511291504e+00
1.960775184631347656e+01 -2.062044906616210938e+01 2.292411994934082031e+01
1.044824123382568359e+01 1.266412448883056641e+01 -1.810253524780273438e+01
-3.660914003849029541e-01 -3.323479175567626953e+00 -1.000256729125976562e+01
4.957008361816406250e+00 -2.529859542846679688e+01 -4.409170150756835938e+00
-2.628763580322265625e+01 -2.602810668945312500e+01 -5.310696601867675781e+00
9.381833076477050781e+00 1.336791706085205078e+01 -3.405214309692382812e+01
-2.662085533142089844e+00 2.486725997924804688e+01 -1.562812805175781250e+01
-2.099201774597167969e+01 1.891585159301757812e+01 -1.819698524475097656e+01
9.368795394897460938e+00 -6.732654094696044922e+00 1.102498054504394531e+01
-5.623622894287109375e+00 -2.739882659912109375e+01 -1.001658058166503906e+01
2.189729118347167969e+01 -1.174023032188415527e+00 -3.752636671066284180e+00
-2.870576381683349609e+00 2.206769943237304688e+01 -1.415243530273437500e+01
-1.435254383087158203e+01 2.480077362060546875e+01 1.581025886535644531e+01
9.299486875534057617e-01 -2.240931892395019531e+01 1.266633319854736328e+01
1.180019855499267578e+01 -2.065884208679199219e+01 -4.527513980865478516e+00
-2.578715133666992188e+01 1.962197113037109375e+01 -8.807391166687011719e+00
-2.000880002975463867e+00 2.078952598571777344e+01 -7.447107315063476562e+00
-5.868940830230712891e+00 -3.429233932495117188e+01 -5.237917304039001465e-01
2.716350746154785156e+01 1.631773757934570312e+01 -1.652238464355468750e+01
3.380643844604492188e+00 2.423818588256835938e+00 -2.571805191040039062e+01
2.239708006381988525e-01 2.991507291793823242e+00 -7.908237576484680176e-01
-8.383588790893554688e+00 1.210423660278320312e+01 1.529158687591552734e+01
1.422912216186523438e+01 -2.481465721130371094e+01 2.109188461303710938e+01
-1.218837451934814453e+01 -6.786622524261474609e+00 -2.188199996948242188e+01
-1.683403015136718750e+01 1.529745388031005859e+01 -2.055409622192382812e+01
-5.762417316436767578e+00 1.041627216339111328e+01 1.676373291015625000e+01
-3.495760345458984375e+01 7.031067848205566406e+00 8.594385147094726562e+00
-2.596026611328125000e+01 1.287595462799072266e+01 1.872825431823730469e+01
3.838963985443115234e+00 -6.639797210693359375e+00 1.608564758300781250e+01
8.495362281799316406e+00 3.837317228317260742e+00 3.645008087158203125e+00
8.416450500488281250e+00 -2.808335304260253906e+01 1.358976650238037109e+01
-1.351991081237792969e+01 -1.340438008308410645e+00 -2.832963562011718750e+01
-2.174399757385253906e+01 -1.384442234039306641e+01 -2.442259216308593750e+01
1.976507186889648438e+01 1.887907218933105469e+01 2.646619987487792969e+01
3.012049674987792969e+01 -1.461937236785888672e+01 1.969033622741699219e+01
6.206089973449707031e+00 3.008544921875000000e+01 -1.332219219207763672e+01
-1.729274177551269531e+01 8.172700881958007812e+00 -2.805142974853515625e+01
1.262997531890869141e+01 1.089101135730743408e-01 -3.557954788208007812e+01
-6.734236717224121094e+00 2.718466567993164062e+01 1.087081718444824219e+01
-1.374232387542724609e+01 2.086098119616508484e-02 9.155395507812500000e+00
-8.889881372451782227e-01 -2.141546440124511719e+01 2.489444732666015625e+01
8.689892768859863281e+00 2.089677810668945312e+01 1.061996841430664062e+01
-2.680994606018066406e+01 7.234960556030273438e+00 -5.893694400787353516e+00
-3.129253387451171875e+00 1.995369338989257812e+01 -7.188408851623535156e+00
1.821552872657775879e+00 -8.750708580017089844e+00 -1.351310253143310547e+01
-9.245354652404785156e+00 7.878142833709716797e+00 -2.556178855895996094e+01
-1.729330635070800781e+01 -3.202564239501953125e+01 7.636289596557617188e+00
-2.855533218383789062e+01 -3.028390884399414062e+00 -1.181336021423339844e+01
-1.175092124938964844e+01 1.409271717071533203e+01 -1.430752944946289062e+01
-2.306390285491943359e+00 -3.795728302001953125e+01 5.101147890090942383e-01
-3.776679515838623047e+00 2.522413492202758789e+00 2.363272666931152344e+01
2.519023704528808594e+01 1.843634414672851562e+01 -1.803982925415039062e+01
5.831475257873535156e+00 5.454514622688293457e-01 1.861423873901367188e+01
3.649761962890625000e+01 -9.966244697570800781e+00 -6.921854972839355469e+00
1.057487869262695312e+01 -2.267675209045410156e+01 -2.426993751525878906e+01
4.857058525085449219e+00 -2.773248481750488281e+01 -3.135077953338623047e+00
-5.456737041473388672e+00 -4.688594341278076172e+00 3.652014541625976562e+01
7.672011852264404297e+00 1.674118995666503906e+01 -2.578877830505371094e+01
1.007268238067626953e+01 1.158626365661621094e+01 -1.869352340698242188e+01
-2.153745651245117188e+01 -1.383847332000732422e+01 -2.439487266540527344e+01
8.894685745239257812e+00 -2.072592973709106445e-01 -3.664805603027343750e+01
5.622845649719238281e+00 7.588680744171142578e+00 5.841238498687744141e+00
2.565678596496582031e+01 1.321003150939941406e+01 2.486605882644653320e+00
2.661035776138305664e+00 -1.592692852020263672e+01 -2.709004592895507812e+01
3.654664993286132812e+01 1.402101516723632812e+01 1.458042383193969727e+00
2.168455600738525391e+00 1.151575851440429688e+01 1.006086540222167969e+01
-3.075669288635253906e+01 3.133102416992187500e+00 -1.468330669403076172e+01
3.293783426284790039e+00 7.269017219543457031e+00 1.377674198150634766e+01
2.557253265380859375e+01 -8.008154630661010742e-01 3.222721099853515625e+01
3.375662612915039062e+01 -4.461357593536376953e+00 1.923624610900878906e+01
-3.018914413452148438e+01 1.596503973007202148e+00 1.805663871765136719e+01
2.609009742736816406e+01 3.070826232433319092e-01 -7.606905937194824219e+00
3.271680450439453125e+01 6.504152774810791016e+00 -7.508005619049072266e+00
1.656992530822753906e+01 2.427625083923339844e+01 1.647729682922363281e+01
7.042365550994873047e+00 3.086372756958007812e+01 1.730930137634277344e+01
-1.251987361907958984e+01 2.569548845291137695e+00 4.623327255249023438e+00
-9.976312637329101562e+00 2.236529922485351562e+01 9.492102622985839844e+00
3.556293010711669922e+00 -1.766782569885253906e+01 -1.032378673553466797e+01
-3.841195297241210938e+01 -3.137579679489135742e+00 1.010018825531005859e+01
5.077506065368652344e+00 -2.436119842529296875e+01 -1.316495418548583984e+01
1.183346080780029297e+01 -1.901763081550598145e-01 9.523700714111328125e+00
8.772965431213378906e+00 -1.206830215454101562e+01 2.429013061523437500e+01
-2.304404020309448242e+00 3.526213455200195312e+01 -1.185265922546386719e+01
-6.716484546661376953e+00 -8.128314018249511719e+00 -1.911997413635253906e+01
-1.155869102478027344e+01 1.162200832366943359e+01 -1.015828227996826172e+01
2.578150749206542969e+00 1.187103939056396484e+01 1.694085884094238281e+01
3.416630983352661133e+00 -4.020570373535156250e+01 -4.515028953552246094e+00
4.618552207946777344e+00 -3.164503288269042969e+01 -1.153585529327392578e+01
-1.355874252319335938e+01 -4.687140941619873047e+00 7.110498845577239990e-02
-1.387207603454589844e+01 -2.666715049743652344e+01 1.727668190002441406e+01
-2.921376419067382812e+01 8.784314155578613281e+00 1.704363524913787842e-01
-3.277721023559570312e+01 1.802748680114746094e+01 -2.086701631546020508e+00
3.282461881637573242e+00 1.758894348144531250e+01 1.134080123901367188e+01
-8.191387176513671875e+00 1.321882629394531250e+01 -3.151749038696289062e+01
-1.384151363372802734e+01 1.584601497650146484e+01 -1.260707283020019531e+01
1.850650215148925781e+01 -2.873615646362304688e+01 -7.733904361724853516e+00
-6.137204170227050781e+00 -1.454893779754638672e+01 -1.154612064361572266e+01
-1.048754405975341797e+01 -2.047790145874023438e+01 -1.360209274291992188e+01
-2.033556997776031494e-01 -5.531271934509277344e+00 -3.703042602539062500e+01
1.515838909149169922e+01 1.275529861450195312e+01 8.218824386596679688e+00
-2.495404958724975586e+00 3.860837697982788086e+00 3.976513671875000000e+01
-1.136294841766357422e+01 8.461359024047851562e+00 -3.752703189849853516e+00
-1.103788280487060547e+01 1.682215690612792969e+01 -6.690859317779541016e+00
-3.472291827201843262e-01 2.724781036376953125e+00 3.174962234497070312e+01
-5.000566482543945312e+00 1.558697319030761719e+01 2.897230911254882812e+01
-8.630928993225097656e+00 -1.342306232452392578e+01 3.646448135375976562e+01
-6.222867965698242188e+00 2.880029296875000000e+01 -9.261668205261230469e+00
-1.816458702087402344e+01 -3.106208419799804688e+01 7.677908420562744141e+00
1.045374488830566406e+01 1.316452503204345703e+01 2.652780723571777344e+01
2.906926631927490234e+00 -8.054558634757995605e-01 7.889808654785156250e+00
2.500069618225097656e+00 1.519482135772705078e+01 -6.133980274200439453e+00
4.188924789428710938e+01 -2.019299983978271484e+00 2.571839094161987305e+00
-1.684397101402282715e+00 -2.912800216674804688e+01 -2.127280998229980469e+01
1.525774860382080078e+01 7.799393653869628906e+00 1.116967320442199707e+00
1.508338642120361328e+01 -1.702008628845214844e+01 2.629916191101074219e+01
6.798250675201416016e+00 -3.460857772827148438e+01 -2.208635210990905762e-01
5.073990345001220703e+00 -2.028509330749511719e+01 6.534010410308837891e+00
-1.132423591613769531e+01 2.034526634216308594e+01 2.753224754333496094e+01
-3.062633514404296875e+01 -1.128143501281738281e+01 8.489874839782714844e+00
1.105947589874267578e+01 -1.184368038177490234e+01 -5.322778224945068359e+00
1.078527069091796875e+01 3.980060577392578125e+01 -6.646605014801025391e+00
-7.740060806274414062e+00 -2.050382423400878906e+01 1.534575366973876953e+01
1.136084556579589844e+01 -1.734782218933105469e+01 -2.818021392822265625e+01
-6.561678886413574219e+00 1.249680638313293457e+00 1.400044345855712891e+01
-3.086936187744140625e+01 -1.724359512329101562e+01 -7.028904438018798828e+00
-2.116943168640136719e+01 -3.944516479969024658e-01 3.269579172134399414e+00
-1.333720588684082031e+01 1.083592891693115234e+01 1.289688587188720703e+01
1.211664962768554688e+01 -2.616116523742675781e+01 2.273046875000000000e+01
-4.077870368957519531e+00 -1.289312648773193359e+01 -6.659137725830078125e+00
2.234432792663574219e+01 -1.136383914947509766e+01 -2.801364898681640625e+01
1.085855484008789062e+01 -2.305868911743164062e+01 -3.340351343154907227e+00
8.825901031494140625e+00 -2.080396270751953125e+01 -1.039315605163574219e+01
-3.135778236389160156e+01 1.138647174835205078e+01 -1.308305740356445312e+01
7.193889141082763672e+00 -1.055772209167480469e+01 -2.157848119735717773e+00
1.463296413421630859e+01 -1.386787223815917969e+01 2.732069206237792969e+01
-5.994047164916992188e+00 3.034383773803710938e+01 -1.394616508483886719e+01
-1.384275627136230469e+01 -2.049581766128540039e+00 -2.192770385742187500e+01
-6.307364940643310547e+00 1.363078975677490234e+01 3.498113250732421875e+01
-1.181957912445068359e+01 2.127903366088867188e+01 2.070628166198730469e+01
-1.370983600616455078e+01 -1.117122411727905273e+00 -2.728042602539062500e+01
-2.555957031250000000e+01 4.363725662231445312e+00 7.974910736083984375e+00
7.257780551910400391e+00 2.792594718933105469e+01 5.022497177124023438e+00
-1.954591178894042969e+01 5.864984989166259766e+00 2.885981369018554688e+01
1.911151504516601562e+01 1.361752128601074219e+01 -2.528021621704101562e+01
-9.310474395751953125e+00 -1.610054016113281250e+01 8.533817291259765625e+00
1.016964688897132874e-01 -1.824050140380859375e+01 1.626584053039550781e+01
9.030243873596191406e+00 -1.514155483245849609e+01 5.422671318054199219e+00
5.072289466857910156e+00 -2.700916528701782227e+00 -2.722968101501464844e+00
-1.999831008911132812e+01 5.749163031578063965e-01 4.689653873443603516e+00
6.930134296417236328e+00 -3.470542526245117188e+01 -8.622746467590332031e+00
-4.488694071769714355e-01 3.081457710266113281e+01 8.803297996520996094e+00
4.198961257934570312e+01 -4.293458163738250732e-01 1.902649521827697754e+00
1.183374691009521484e+01 -1.830275535583496094e+01 -2.877425193786621094e+01
1.340714931488037109e+00 1.695880699157714844e+01 -3.432909393310546875e+01
-5.015706539154052734e+00 5.439014911651611328e+00 3.588794231414794922e+00
3.010976600646972656e+01 -1.456468677520751953e+01 1.959831047058105469e+01
-5.258331298828125000e+00 3.632739257812500000e+01 1.616067123413085938e+01
-4.231426239013671875e+00 -1.460081100463867188e+00 -1.841245651245117188e+01
-9.768050193786621094e+00 1.702038574218750000e+01 -1.184706020355224609e+01
-1.937274360656738281e+01 1.290529155731201172e+01 1.618061447143554688e+01
2.095869445800781250e+01 6.464607238769531250e+00 1.781464004516601562e+01
-1.991687297821044922e+00 -3.510605573654174805e+00 -2.631372261047363281e+01
2.829054355621337891e+00 1.851234316825866699e+00 -3.127661895751953125e+01
-1.842986869812011719e+01 5.776953220367431641e+00 5.363454341888427734e+00
-2.639778137207031250e+01 2.302332115173339844e+01 -3.560501575469970703e+00
2.024514770507812500e+01 -6.200086593627929688e+00 -2.319812583923339844e+01
-2.814558029174804688e+00 -2.872419548034667969e+01 -1.451070976257324219e+01
2.671093463897705078e+00 4.256900405883789062e+01 9.179350733757019043e-01
-1.499969673156738281e+01 -3.073963165283203125e+01 2.032074737548828125e+01
1.066167068481445312e+01 -2.353223419189453125e+01 1.458077907562255859e+01
2.841584205627441406e+01 -4.369514465332031250e+00 -7.301226615905761719e+00
5.372552394866943359e+00 2.953191375732421875e+01 5.012626647949218750e+00
-1.759993934631347656e+01 -1.928267478942871094e+01 -1.969367408752441406e+01
-1.842091941833496094e+01 -5.531481742858886719e+00 1.700186729431152344e+01
-5.220052719116210938e+00 2.744190597534179688e+01 -2.418023109436035156e+01
1.753262138366699219e+01 5.099868297576904297e+00 3.620585250854492188e+01
5.120383262634277344e+00 -2.461535453796386719e+00 -2.570806503295898438e+00
1.533131313323974609e+01 1.751362609863281250e+01 7.171571731567382812e+00
-3.835892486572265625e+01 3.152812242507934570e+00 8.358636856079101562e+00
-2.078163909912109375e+01 -6.798316001892089844e+00 -1.051231622695922852e+00
1.969587445259094238e+00 -3.524140548706054688e+01 -2.054969024658203125e+01
1.127369642257690430e+00 -6.538628101348876953e+00 -3.405546569824218750e+01
-1.764059662818908691e+00 2.406508064270019531e+01 2.744314956665039062e+01
-1.457532119750976562e+01 1.253816032409667969e+01 -5.056788921356201172e+00
-1.355260372161865234e+01 -8.250020027160644531e+00 -2.051934051513671875e+01
1.519210433959960938e+01 -1.363228130340576172e+01 2.130628013610839844e+01
-1.384617567062377930e+00 6.696336746215820312e+00 3.060050773620605469e+01
3.157290697097778320e+00 6.745590686798095703e+00 2.693769836425781250e+01
-1.533185768127441406e+01 -1.697008323669433594e+01 -2.912273025512695312e+01
2.550582313537597656e+01 -1.611188888549804688e+01 2.265500450134277344e+01
1.028773307800292969e+00 -8.160243034362792969e+00 -5.274279594421386719e+00
3.175928354263305664e+00 -3.977628326416015625e+01 -5.494413852691650391e+00
1.964143943786621094e+01 1.574725341796875000e+01 -2.367645645141601562e+01
1.671396827697753906e+01 1.799721336364746094e+01 -1.523396396636962891e+01
-1.128231334686279297e+01 -2.151678085327148438e+01 2.812082290649414062e+01
1.308866977691650391e+01 1.411433982849121094e+01 2.550305843353271484e+00
-4.513195455074310303e-01 3.432750701904296875e-01 -2.798929786682128906e+01
-3.106580162048339844e+01 1.034473896026611328e+00 2.904384851455688477e+00
-1.280758571624755859e+01 -7.116223573684692383e-01 -1.873675346374511719e+01
-1.604862022399902344e+01 -8.104139328002929688e+00 -9.235470771789550781e+00
-3.012242889404296875e+01 1.526640796661376953e+01 -5.736662074923515320e-02
-1.884030151367187500e+01 -2.098373794555664062e+01 -2.650585174560546875e+01
-2.297862052917480469e+01 2.619842910766601562e+01 7.408953666687011719e+00
1.595133113861083984e+01 2.441001510620117188e+01 1.412843608856201172e+01
-8.045125961303710938e+00 -2.840428113937377930e+00 -2.511231803894042969e+01
8.716689109802246094e+00 -2.418887519836425781e+01 -2.185539627075195312e+01
-2.666319847106933594e+01 -1.397290134429931641e+01 2.064127349853515625e+01
-2.837756156921386719e+01 -1.917321205139160156e+01 -3.654658555984497070e+00
1.461251831054687500e+01 1.120874023437500000e+01 2.156796932220458984e+00
-2.445195770263671875e+01 -1.040699481964111328e+01 -6.963886737823486328e+00
-1.450650787353515625e+01 3.742240190505981445e+00 -1.906896591186523438e+01
-1.053738784790039062e+01 1.688394165039062500e+01 -6.542121410369873047e+00
1.232699203491210938e+01 2.900968170166015625e+01 1.929480552673339844e+01
-2.266761970520019531e+01 -1.049495697021484375e+01 -3.175740242004394531e+00
-1.011844635009765625e+01 6.656955480575561523e-01 -7.343319892883300781e+00
-1.112546348571777344e+01 1.561241054534912109e+01 -1.238995361328125000e+01
-9.456076622009277344e+00 3.753456497192382812e+01 1.333487510681152344e+01
3.396856307983398438e+00 -7.711052894592285156e+00 -2.798636627197265625e+01
9.417108893394470215e-01 1.625125885009765625e+01 2.183040809631347656e+01
6.749163627624511719e+00 -2.510900306701660156e+01 -2.604460906982421875e+01
-9.284334182739257812e-01 -1.792278671264648438e+01 2.023839473724365234e+00
4.930826187133789062e+00 2.355617332458496094e+01 2.382700729370117188e+01
-1.546338081359863281e+01 -1.120451164245605469e+01 -2.992471694946289062e+01
-1.213262844085693359e+01 3.045492744445800781e+01 7.656483054161071777e-01
-4.775058925151824951e-01 -1.056819438934326172e+01 3.789334487915039062e+01
1.136297893524169922e+01 3.554106712341308594e+00 -1.956512331962585449e+00
3.027920150756835938e+01 -7.121737003326416016e+00 3.214097261428833008e+00
-1.303992271423339844e+01 -1.178007125854492188e+01 1.277363579720258713e-02
3.583129119873046875e+01 1.651987648010253906e+01 3.791612625122070312e+00
2.613561630249023438e+01 7.954865932464599609e+00 -2.541494560241699219e+01
-2.444831085205078125e+01 7.230726718902587891e+00 -1.240849208831787109e+01
-3.167166519165039062e+01 -3.044228553771972656e+00 -3.089457750320434570e+00
2.171707916259765625e+01 6.839024066925048828e+00 2.738299942016601562e+01
3.298917770385742188e+01 7.786198616027832031e+00 8.066172599792480469e+00
-3.750965118408203125e+00 -6.454334259033203125e+00 -3.328118896484375000e+01
3.384251356124877930e+00 -1.719414710998535156e+01 -3.344457244873046875e+01
-1.237893486022949219e+01 2.845939445495605469e+01 2.151696777343750000e+01
-7.524383068084716797e+00 6.173637509346008301e-01 2.091675758361816406e+01
4.658267498016357422e+00 -2.807446956634521484e+00 -8.106959342956542969e+00
-4.893307209014892578e+00 2.049220561981201172e+00 -1.958199310302734375e+01
-1.714086341857910156e+01 -1.562121295928955078e+01 -2.603988647460937500e+01
-6.185904026031494141e+00 -1.772293853759765625e+01 3.035034656524658203e+00
2.079342079162597656e+01 -6.891040802001953125e+00 2.645546913146972656e+01
-1.404289245605468750e+01 -2.116988182067871094e+01 1.058860111236572266e+01
1.661204814910888672e+00 6.411100864410400391e+00 7.193567752838134766e+00
3.668864440917968750e+01 1.535839939117431641e+01 -2.168753147125244141e-01
-2.173743438720703125e+01 -1.917976570129394531e+01 9.004692077636718750e+00
6.548401832580566406e+00 -4.297510623931884766e+00 -1.183905601501464844e+01
-4.750458717346191406e+00 7.646215915679931641e+00 1.790765953063964844e+01
-1.851959228515625000e+00 -1.598151397705078125e+01 2.432722091674804688e+01
-1.529953670501708984e+01 2.158817672729492188e+01 2.620949172973632812e+01
-2.077109575271606445e+00 -1.657049369812011719e+01 1.197743129730224609e+01
-6.883030891418457031e+00 2.619804573059082031e+01 1.849084281921386719e+01
2.935625267028808594e+01 -5.298497676849365234e+00 3.852467536926269531e+00
2.237493753433227539e+00 1.055717372894287109e+01 1.973593592643737793e+00
-1.018982028961181641e+01 3.841061592102050781e+00 -3.408760452270507812e+01
1.329494571685791016e+01 -1.406591892242431641e+01 -2.213506317138671875e+01
-1.837961578369140625e+01 1.481134605407714844e+01 1.622375106811523438e+01
2.214588737487792969e+01 -1.838358879089355469e+00 -2.831564140319824219e+01
1.625792694091796875e+01 -4.558086872100830078e+00 -1.785775375366210938e+01
1.074991321563720703e+01 -4.438380718231201172e+00 -2.354628753662109375e+01
-2.257225990295410156e+01 -1.562649488449096680e+00 -2.587597656250000000e+01
2.402819633483886719e+01 -2.043577194213867188e+01 1.286867809295654297e+01
2.670116043090820312e+01 -9.361324310302734375e+00 2.212408065795898438e+01
-2.321867561340332031e+01 -9.484871864318847656e+00 -2.823406791687011719e+01
-3.492437362670898438e+01 2.285523414611816406e+00 8.881202697753906250e+00
1.575622081756591797e+01 -7.317879676818847656e+00 2.536867713928222656e+01
2.091433715820312500e+01 -2.291120529174804688e+01 -1.367356300354003906e+01
-1.516144871711730957e-01 -8.324834823608398438e+00 1.024546337127685547e+01
-1.247556877136230469e+01 -2.149895668029785156e+00 5.860799312591552734e+00
-1.436758995056152344e+01 8.915649414062500000e+00 7.092300891876220703e+00
-1.182760047912597656e+01 3.141789436340332031e+01 3.981517255306243896e-01
-4.750010013580322266e+00 2.361367988586425781e+01 -4.145675182342529297e+00
-1.442854976654052734e+01 -3.526588439941406250e+01 7.292383193969726562e+00
-1.343505740165710449e+00 -1.491661071777343750e+00 1.422344493865966797e+01
1.107022190093994141e+01 -1.739752960205078125e+01 -2.759543991088867188e+01
-2.108803176879882812e+01 -2.000042343139648438e+01 -1.765295219421386719e+01
-9.569395065307617188e+00 6.404849529266357422e+00 1.615137863159179688e+01
-5.354505062103271484e+00 -2.184890747070312500e+01 -1.808928966522216797e+00
8.270630836486816406e+00 1.513301372528076172e+01 1.075936794281005859e+01
2.620602798461914062e+01 -1.721293449401855469e+01 -1.014661979675292969e+01
-9.836977005004882812e+00 1.179315757751464844e+01 8.079521179199218750e+00
1.967137336730957031e+01 1.569665813446044922e+01 -2.000900459289550781e+01
-9.815052032470703125e+00 6.037813663482666016e+00 1.581103324890136719e+01
-3.269307136535644531e+00 -3.124906158447265625e+01 1.181517124176025391e+00
-4.346211910247802734e+00 2.465686225891113281e+01 -4.182969570159912109e+00
1.006133747100830078e+01 -3.017757797241210938e+01 1.328194236755371094e+01
3.004044151306152344e+01 -7.487486839294433594e+00 2.602908849716186523e+00
-1.704841041564941406e+01 -1.063000679016113281e+01 1.039410972595214844e+01
9.720400810241699219e+00 1.490143013000488281e+01 2.657225608825683594e+01
-1.163379669189453125e+01 2.472096252441406250e+01 1.576926803588867188e+01
2.496199226379394531e+01 -1.011193084716796875e+01 1.301456832885742188e+01
2.635013008117675781e+01 1.131022453308105469e+00 -2.940402984619140625e+01
7.445558547973632812e+00 -2.363494873046875000e+01 7.438170909881591797e+00
2.535711479187011719e+01 2.713721084594726562e+01 1.033534908294677734e+01
-1.207435607910156250e+01 2.149722099304199219e+01 2.389144897460937500e+00
-1.659402656555175781e+01 -4.234966278076171875e+00 -1.655238723754882812e+01
-1.699843597412109375e+01 -2.073954010009765625e+01 2.143313026428222656e+01
-1.251879310607910156e+01 1.642541646957397461e+00 7.209078311920166016e+00
2.335609626770019531e+01 7.162648200988769531e+00 2.618234825134277344e+01
-1.678764939308166504e+00 -3.769391250610351562e+01 -2.431324243545532227e+00
-7.858797550201416016e+00 -2.594330787658691406e+01 -8.771879196166992188e+00
-2.492264938354492188e+01 -8.085834503173828125e+00 2.123218727111816406e+01
1.799333763122558594e+01 4.054814815521240234e+00 3.350521087646484375e+01
-3.004039955139160156e+01 -5.501525878906250000e+00 -1.136751174926757812e+01
1.622038841247558594e+01 -1.274020576477050781e+01 4.154396533966064453e+00
-1.287166118621826172e+01 -2.025940132141113281e+01 3.710127830505371094e+00
2.324650526046752930e+00 -3.601843643188476562e+01 -1.410141658782958984e+01
-6.338737964630126953e+00 2.915244865417480469e+01 -8.477489471435546875e+00
3.427112197875976562e+01 -1.282902336120605469e+01 -6.397771835327148438e+00
1.671548271179199219e+01 -3.417075157165527344e+00 1.189151668548583984e+01
2.211383056640625000e+01 -2.870566844940185547e+00 8.188511848449707031e+00
1.060238838195800781e+01 -2.381724548339843750e+01 8.816028594970703125e+00
1.018696308135986328e+01 5.463395595550537109e+00 1.745066642761230469e+01
-7.560648918151855469e+00 1.342381000518798828e+01 -7.135630130767822266e+00
-1.232031917572021484e+01 -8.439189910888671875e+00 -2.317778205871582031e+01
-2.949501991271972656e+00 -3.116073989868164062e+01 1.630634880065917969e+01
4.197968673706054688e+01 -7.295482754707336426e-01 4.007458686828613281e+00
2.927132987976074219e+01 -6.033397197723388672e+00 -2.022611618041992188e+01
-1.463011205196380615e-01 2.379598808288574219e+01 2.569404029846191406e+01
8.497066497802734375e+00 -2.848826217651367188e+01 1.327286434173583984e+01
-3.623702287673950195e+00 -1.170711421966552734e+01 -4.445129394531250000e+00
-1.067876148223876953e+01 2.904370307922363281e+01 -2.420361709594726562e+01
-1.460119152069091797e+01 1.409572315216064453e+01 -1.010836982727050781e+01
-1.290396213531494141e+01 1.040632343292236328e+01 -9.836299896240234375e+00
-2.606183624267578125e+01 7.656389236450195312e+00 1.219129681587219238e+00
6.736514568328857422e+00 -3.392027664184570312e+01 -5.547502636909484863e-01
-2.434053039550781250e+01 -6.038539409637451172e+00 1.469242000579833984e+01
-1.130971336364746094e+01 -3.045153141021728516e+00 -6.488525390625000000e+00
3.120471239089965820e+00 2.008220863342285156e+01 2.429251480102539062e+01
2.619976997375488281e+01 1.855105400085449219e+01 -1.738602256774902344e+01
-1.105403614044189453e+01 1.671503829956054688e+01 3.124173402786254883e+00
-8.883910179138183594e+00 -1.642916870117187500e+01 1.843325996398925781e+01
5.102470397949218750e+00 2.338219642639160156e+01 2.261195182800292969e+00
3.053266143798828125e+01 -1.304594516754150391e+01 -6.588260650634765625e+00
-2.921220779418945312e+01 1.393721389770507812e+01 9.105967521667480469e+00
-3.560253381729125977e+00 2.201953506469726562e+01 -1.088570499420166016e+01
6.528038978576660156e+00 -2.259996986389160156e+01 1.785760688781738281e+01
-1.929853439331054688e+01 3.886630249023437500e+01 -1.462403893470764160e+00
6.479598522186279297e+00 1.490035915374755859e+01 -1.544863128662109375e+01
1.356379985809326172e+01 -2.742964553833007812e+01 -9.573753356933593750e+00
-1.203052616119384766e+01 1.068112468719482422e+01 1.975887870788574219e+01
-4.918655395507812500e+00 2.117838859558105469e+00 -1.961932182312011719e+01
-5.525805473327636719e+00 1.087594699859619141e+01 -1.603894042968750000e+01
-2.859585189819335938e+01 -1.117808151245117188e+01 2.001673889160156250e+01
1.469185948371887207e+00 1.518492889404296875e+01 2.775974273681640625e+01
-9.651729583740234375e+00 -2.365889739990234375e+01 2.610473632812500000e+01
5.550726652145385742e-01 3.007841682434082031e+01 1.190118217468261719e+01
-9.342050552368164062e+00 2.937698173522949219e+01 3.871009647846221924e-01
-3.136649894714355469e+01 -5.183399677276611328e+00 -2.425590896606445312e+01
1.059082984924316406e+01 1.019899463653564453e+01 3.734682083129882812e+01
-1.877204513549804688e+01 -1.481877803802490234e+00 1.922069931030273438e+01
-3.915924549102783203e+00 6.553037643432617188e+00 1.142024803161621094e+01
-8.126900792121887207e-01 -1.863220024108886719e+01 -3.152062225341796875e+01
-1.120165252685546875e+01 -1.355051612854003906e+01 -1.549568462371826172e+01
-1.189005374908447266e+01 -1.152754878997802734e+01 3.453886210918426514e-01
1.162999534606933594e+01 -9.921358823776245117e-01 -1.009826850891113281e+01
-7.408349990844726562e+00 -1.203607368469238281e+01 5.560334682464599609e+00
9.573205947875976562e+00 -3.216730880737304688e+01 1.370224761962890625e+01
-1.612148475646972656e+01 -3.088370323181152344e+01 -1.338041210174560547e+01
-2.813935470581054688e+01 1.871763801574707031e+01 -7.041213035583496094e+00
1.761842536926269531e+01 -2.172314453125000000e+01 2.818640899658203125e+01
-4.744874000549316406e+00 -2.091057777404785156e+01 -2.249998855590820312e+01
2.371540069580078125e+01 4.007554054260253906e+00 -1.077433490753173828e+01
1.830531120300292969e+01 3.262231647968292236e-01 2.324838447570800781e+01
9.932646751403808594e+00 1.556974411010742188e+01 -5.397266864776611328e+00
1.447621822357177734e+00 1.655503845214843750e+01 -3.212310028076171875e+01
5.440520286560058594e+00 9.475448608398437500e+00 -3.135154151916503906e+01
4.585267543792724609e+00 6.589322566986083984e+00 2.561067008972167969e+01
-1.377971839904785156e+01 2.093056887388229370e-01 9.938848495483398438e+00
1.474376106262207031e+01 8.283281326293945312e+00 -6.741791248321533203e+00
1.510090255737304688e+01 -1.697715187072753906e+01 2.629421615600585938e+01
-1.548598480224609375e+01 3.195790290832519531e+00 1.634809494018554688e+01
-1.072548007965087891e+01 -1.830197143554687500e+01 -7.313706398010253906e+00
-1.029995155334472656e+01 -1.637727355957031250e+01 1.259949684143066406e+01
-1.761792564392089844e+01 2.211472892761230469e+01 2.273206710815429688e+01
-9.476301193237304688e+00 2.902949333190917969e+01 2.076698780059814453e+00
-1.641463088989257812e+01 -1.140478801727294922e+01 -2.994400215148925781e+01
1.338335037231445312e+00 3.139243888854980469e+01 1.142692947387695312e+01
1.743457412719726562e+01 1.659660148620605469e+01 -1.017896652221679688e+00
-8.469487190246582031e+00 2.977139949798583984e+00 -3.522140884399414062e+01
1.658614540100097656e+01 -5.391758680343627930e-01 2.499120950698852539e+00
-9.498735427856445312e+00 -1.717450904846191406e+01 -9.098901748657226562e+00
-2.145452737808227539e+00 8.218583106994628906e+00 -2.642914009094238281e+01
2.160863637924194336e+00 1.568831253051757812e+01 -4.240726470947265625e+00
-1.808466911315917969e+01 2.002121686935424805e+00 -2.215538024902343750e+01
-1.094752407073974609e+01 -1.631775665283203125e+01 -1.400320911407470703e+01
6.073521375656127930e-01 7.628079414367675781e+00 -2.947894859313964844e+01
-3.820447921752929688e+01 -5.391240596771240234e+00 9.719758987426757812e+00
-3.754282474517822266e+00 -2.064001655578613281e+01 2.393628120422363281e+01
2.368762969970703125e+00 2.755489921569824219e+01 -1.502527523040771484e+01
-1.975088119506835938e+01 1.229667091369628906e+01 -9.461469650268554688e+00
1.791877031326293945e+00 -2.307813835144042969e+01 1.591338157653808594e+00
1.688298988342285156e+01 7.615216732025146484e+00 9.482710361480712891e-01
1.756572532653808594e+01 -6.647984504699707031e+00 2.954044723510742188e+01
-1.469221782684326172e+01 -3.356426239013671875e+01 -1.237225818634033203e+01
7.892263412475585938e+00 1.112971115112304688e+01 -1.672459220886230469e+01
-6.653064250946044922e+00 1.798804664611816406e+01 -5.202393531799316406e+00
2.498851966857910156e+01 4.071392714977264404e-01 1.994434547424316406e+01
1.383165645599365234e+01 -1.579637432098388672e+01 4.663584709167480469e+00
-2.157630538940429688e+01 1.313992118835449219e+01 2.069402694702148438e+00
-9.177629470825195312e+00 -2.838456153869628906e+01 2.320300292968750000e+01
1.238132762908935547e+01 -2.110726928710937500e+01 -2.312146949768066406e+01
6.974863052368164062e+00 3.127870321273803711e+00 1.183897018432617188e+01
-6.879506707191467285e-01 2.376383209228515625e+01 1.206331253051757812e+01
6.346362113952636719e+00 1.266063690185546875e+01 7.478585720062255859e+00
-1.190159320831298828e+01 -1.635824966430664062e+01 -1.437585544586181641e+01
1.860532760620117188e+01 -2.731110095977783203e+00 1.113261032104492188e+01
-3.144642639160156250e+01 3.431296586990356445e+00 1.942064094543457031e+01
8.379447937011718750e+00 -3.258305740356445312e+01 -9.220846176147460938e+00
-1.925437164306640625e+01 -2.803647756576538086e+00 -5.627923488616943359e+00
-3.514380931854248047e+00 2.935532188415527344e+01 -1.210163021087646484e+01
-3.081320762634277344e+01 1.732196617126464844e+01 4.070638179779052734e+00
-2.395809364318847656e+01 9.832881927490234375e+00 -1.628727531433105469e+01
1.770595741271972656e+01 -3.293051147460937500e+01 -1.027344322204589844e+01
6.357744216918945312e+00 -3.514810943603515625e+01 -1.998218154907226562e+01
2.353449344635009766e+00 3.324405193328857422e+00 -3.998911619186401367e+00
-4.037705898284912109e+00 1.037222576141357422e+01 7.463772296905517578e+00
1.505692672729492188e+01 -1.697564315795898438e+01 2.578351020812988281e+01
2.108903312683105469e+01 8.547041416168212891e-01 -1.416188430786132812e+01
2.787965202331542969e+01 -2.401132011413574219e+01 6.337416648864746094e+00
-1.201417255401611328e+01 -2.390666007995605469e+01 -2.307298469543457031e+01
-6.763064861297607422e+00 -1.866769790649414062e+01 -1.265933418273925781e+01
-1.917788505554199219e+01 9.212844848632812500e+00 4.963828563690185547e+00
2.667646217346191406e+01 -2.593091583251953125e+01 -4.802814960479736328e+00
2.418341255187988281e+01 -2.035451507568359375e+01 1.259021472930908203e+01
-5.608432769775390625e+00 9.666561126708984375e+00 1.675979804992675781e+01
-2.749499559402465820e+00 -2.007740211486816406e+01 -7.739497184753417969e+00
3.444337844848632812e+01 5.016563415527343750e+00 -3.006881237030029297e+00
-8.416622161865234375e+00 1.674504470825195312e+01 1.724754142761230469e+01
2.402678012847900391e+00 4.129453659057617188e+01 4.640546798706054688e+00
3.241008043289184570e+00 6.836027145385742188e+00 2.680206489562988281e+01
1.862742805480957031e+01 4.299513339996337891e+00 3.394577026367187500e+01
-1.485074901580810547e+01 1.025093269348144531e+01 -2.010806465148925781e+01
-1.250580978393554688e+01 9.893511772155761719e+00 -1.045567035675048828e+01
-2.345362663269042969e+01 -1.479156684875488281e+01 2.915915727615356445e+00
-2.708980751037597656e+01 6.472788810729980469e+00 4.293311595916748047e+00
1.562908840179443359e+01 -1.889208602905273438e+01 7.276534080505371094e+00
1.566603946685791016e+01 -2.062584495544433594e+01 -2.284763526916503906e+01
3.643744277954101562e+01 -1.100696182250976562e+01 -6.452298164367675781e+00
1.673157691955566406e+01 2.739684104919433594e+01 2.032594680786132812e+01
4.989808201789855957e-01 7.008561491966247559e-01 9.918112754821777344e+00
-5.325994968414306641e+00 6.719032764434814453e+00 2.141639518737792969e+01
1.582367134094238281e+01 1.331861591339111328e+01 2.130065917968750000e+01
-3.070465850830078125e+01 -1.218562316894531250e+01 1.866020774841308594e+01
1.688619232177734375e+01 2.878120613098144531e+01 2.086380195617675781e+01
-2.650761795043945312e+01 -8.701519012451171875e+00 -2.737550354003906250e+01
9.895421981811523438e+00 -1.478153705596923828e+01 5.448797225952148438e+00
-2.170148277282714844e+01 -1.475092601776123047e+01 1.496657848358154297e+01
3.255770111083984375e+01 -1.870151901245117188e+01 -1.990694046020507812e+00
-7.290100574493408203e+00 -1.429702949523925781e+01 3.592228591442108154e-01
1.531316947937011719e+01 -1.897107505798339844e+01 -3.829788446426391602e+00
1.667839622497558594e+01 -1.662793922424316406e+01 3.043391227722167969e+01
2.446833038330078125e+01 7.157248258590698242e-01 -2.154993247985839844e+01
3.273016357421875000e+01 -1.865825843811035156e+01 -2.186517715454101562e+00
1.413373184204101562e+01 -1.905204772949218750e+01 1.370908141136169434e+00
4.877722263336181641e+00 -2.798123931884765625e+01 -1.177350044250488281e+01
3.747583770751953125e+01 -1.251094341278076172e+00 6.076136589050292969e+00
-2.004681348800659180e+00 -3.984443664550781250e+01 -1.974082589149475098e+00
-1.849847912788391113e+00 -2.085832977294921875e+01 1.305382537841796875e+01
-4.990952968597412109e+00 -2.039431953430175781e+01 -2.182199859619140625e+01
-1.666705012321472168e+00 3.979271697998046875e+01 -1.283841991424560547e+01
-1.130276393890380859e+01 2.021705627441406250e+01 2.756044769287109375e+01
1.029239177703857422e+00 -3.329335784912109375e+01 -1.948492431640625000e+01
-4.682209014892578125e+00 1.118331241607666016e+01 2.089627265930175781e+01
-1.263451957702636719e+01 -3.037055778503417969e+01 1.904930114746093750e+01
-8.663327217102050781e+00 3.647463607788085938e+01 1.497999477386474609e+01
-2.218888092041015625e+01 -4.619212150573730469e+00 1.544102549552917480e+00
2.595198059082031250e+01 1.285187721252441406e+01 -7.922221660614013672e+00
2.669246673583984375e+01 9.573162078857421875e+00 1.243518924713134766e+01
-2.507660102844238281e+01 2.319287109375000000e+01 4.273880958557128906e+00
2.877199172973632812e+01 -3.973160088062286377e-01 8.990347862243652344e+00
-1.711845397949218750e+01 -3.231418991088867188e+01 -1.640296697616577148e+00
2.479456424713134766e+00 1.496999073028564453e+01 1.962841415405273438e+01
8.893668651580810547e-01 -1.018805980682373047e+01 -1.306778335571289062e+01
2.400309801101684570e+00 1.043611717224121094e+01 3.318967521190643311e-01
-2.774584579467773438e+01 1.962894630432128906e+01 -1.874779343605041504e+00
-3.140187263488769531e+01 -2.000067520141601562e+01 3.280964374542236328e+00
-1.574106884002685547e+01 5.193191051483154297e+00 -1.280336761474609375e+01
6.938715457916259766e+00 1.944425201416015625e+01 -1.158182430267333984e+01
2.620576477050781250e+01 1.005562877655029297e+01 2.464237403869628906e+01
-7.953334450721740723e-01 -2.246586799621582031e+01 3.445981502532958984e+00
9.216710329055786133e-01 1.939519119262695312e+01 1.398452472686767578e+01
-1.954250782728195190e-01 -3.977213621139526367e+00 -3.375495529174804688e+01
-1.906979560852050781e+00 -1.619869804382324219e+01 2.290680503845214844e+01
-4.214239120483398438e+00 -6.231896400451660156e+00 -3.340122222900390625e+01
5.443843841552734375e+00 9.281676292419433594e+00 3.815004348754882812e+01
1.125298404693603516e+01 7.743789672851562500e+00 -2.771936607360839844e+01
1.342920017242431641e+01 -8.963178992271423340e-01 -3.745190429687500000e+01
-1.188297462463378906e+01 1.108238697052001953e+01 3.751418685913085938e+01
-1.296426677703857422e+01 6.101026535034179688e+00 -1.953240871429443359e+00
-1.400434136390686035e+00 -1.653094863891601562e+01 1.305687236785888672e+01
-1.303813362121582031e+01 6.788635730743408203e+00 2.877276039123535156e+01
2.331086921691894531e+01 2.151917695999145508e+00 2.987405395507812500e+01
9.327660560607910156e+00 5.522973060607910156e+00 -2.696195411682128906e+01
3.760218620300292969e-01 -1.189570999145507812e+01 4.442503452301025391e+00
6.976137161254882812e+00 1.601656913757324219e+01 -2.697170639038085938e+01
-5.964123725891113281e+00 -1.430835533142089844e+01 -1.118278980255126953e+01
-2.111345052719116211e+00 -1.652339363098144531e+01 1.179750728607177734e+01
-2.570248413085937500e+01 1.888912200927734375e+00 -6.889250874519348145e-01
5.147981643676757812e+00 -7.157570719718933105e-01 6.307222366333007812e+00
-2.626994514465332031e+01 -6.112477302551269531e+00 -1.469086837768554688e+01
-8.669593811035156250e+00 1.403323769569396973e+00 -3.663889694213867188e+01
9.325109481811523438e+00 -3.179475402832031250e+01 -2.233698844909667969e+01
1.673772811889648438e+01 -1.681022262573242188e+01 -4.925522804260253906e+00
-1.869884109497070312e+01 4.404082298278808594e+00 5.179424285888671875e+00
-4.979896545410156250e+00 2.332718276977539062e+01 -3.309203624725341797e+00
-4.371998012065887451e-01 5.335351943969726562e+00 1.876183128356933594e+01
-6.038249969482421875e+00 1.328184843063354492e+00 1.443203067779541016e+01
2.559183883666992188e+01 1.471224880218505859e+01 1.859249114990234375e+00
-2.169085311889648438e+01 -6.753916740417480469e+00 1.128210163116455078e+01
-6.855122566223144531e+00 -1.728597760200500488e+00 -2.386718273162841797e+00
3.586634874343872070e+00 -2.599911689758300781e+01 1.181250381469726562e+01
1.577750444412231445e+00 2.813365745544433594e+01 -1.591028690338134766e+01
-1.236621475219726562e+01 2.280617141723632812e+01 8.022107124328613281e+00
-3.224865722656250000e+01 -9.312600135803222656e+00 -2.002530097961425781e+01
8.976125717163085938e+00 1.527353096008300781e+01 1.102661514282226562e+01
5.815228462219238281e+00 3.328654479980468750e+01 -2.054910278320312500e+01
-3.095386505126953125e+01 4.566746056079864502e-01 3.202880144119262695e+00
1.005047917366027832e+00 -1.518190002441406250e+01 -1.290770053863525391e+00
1.769047927856445312e+01 5.142385959625244141e+00 -3.398930358886718750e+01
5.097702145576477051e-01 -8.667658805847167969e+00 2.350099945068359375e+01
4.284661769866943359e+00 -1.792298507690429688e+01 2.153747749328613281e+01
2.470814323425292969e+01 -1.025442600250244141e+01 2.338168716430664062e+01
-8.509016990661621094e+00 -1.208770465850830078e+01 -9.122668266296386719e+00
1.132009220123291016e+01 -1.470040035247802734e+01 -2.701028823852539062e+01
-2.246111297607421875e+01 -6.940731406211853027e-01 3.699698448181152344e+00
9.430141448974609375e+00 1.985239601135253906e+01 -6.544332981109619141e+00
7.280229568481445312e+00 1.576640224456787109e+01 1.351996421813964844e+01
-9.079556465148925781e+00 8.891061782836914062e+00 2.857601356506347656e+01
-1.082393741607666016e+01 -9.394994735717773438e+00 -1.050802707672119141e+01
-6.606883525848388672e+00 4.349957466125488281e+00 5.488666534423828125e+00
2.304574584960937500e+01 2.092608451843261719e+00 2.991809463500976562e+01
-2.846083831787109375e+01 -3.694669961929321289e+00 4.562762737274169922e+00
-5.710641860961914062e+00 1.873764991760253906e-01 -1.163228321075439453e+01
6.754672050476074219e+00 -2.879646718502044678e-01 2.319952964782714844e+01
8.081771850585937500e+00 -2.296955108642578125e+01 -2.878642654418945312e+01
-5.308929085731506348e-01 -1.984803771972656250e+01 -6.471131324768066406e+00
1.966703033447265625e+01 1.900672912597656250e+01 2.695780181884765625e+01
-1.914720344543457031e+01 -1.242059516906738281e+01 -2.501658821105957031e+01
-3.290334463119506836e+00 -3.633953857421875000e+01 1.074310970306396484e+01
-1.551283454895019531e+01 3.813196182250976562e+00 9.893228530883789062e+00
3.297488021850585938e+01 4.909004688262939453e+00 -4.258118152618408203e+00
-7.898193836212158203e+00 -1.192390203475952148e+00 -1.198390007019042969e+01
-1.952637672424316406e+01 5.488179683685302734e+00 -6.787972450256347656e-01
-9.425391197204589844e+00 -2.602683067321777344e+00 -3.450614166259765625e+01
-8.442266464233398438e+00 -8.250138163566589355e-01 3.190071868896484375e+01
1.076862215995788574e+00 -4.517269134521484375e+00 -2.609409523010253906e+01
-6.374321937561035156e+00 -2.580425262451171875e+01 -1.067094993591308594e+01
2.382768249511718750e+01 -1.649368095397949219e+01 2.620302391052246094e+01
1.341611385345458984e+01 -9.443002700805664062e+00 -7.225440502166748047e+00
-7.653591156005859375e+00 1.853548431396484375e+01 2.196742248535156250e+01
1.562954807281494141e+01 2.404109764099121094e+01 -2.364174270629882812e+01
-1.765564918518066406e+01 -2.433711767196655273e+00 1.366551876068115234e+01
-5.273085117340087891e+00 7.359284400939941406e+00 2.132900238037109375e+01
1.304340553283691406e+01 1.178178024291992188e+01 1.493754744529724121e+00
-1.160392284393310547e+00 6.339770317077636719e+00 -9.041367530822753906e+00
-6.591399669647216797e+00 -1.672756385803222656e+01 2.090525436401367188e+01
1.257136726379394531e+01 -3.314765930175781250e+01 -5.800700664520263672e+00
1.137499713897705078e+01 2.107254409790039062e+01 8.095589280128479004e-01
2.488230705261230469e+00 2.701821136474609375e+01 -5.941803932189941406e+00
-1.375288867950439453e+01 -3.452139282226562500e+01 -3.525041103363037109e+00
-9.973196983337402344e-01 -3.028675079345703125e+01 -1.580992031097412109e+01
-1.672041511535644531e+01 -3.087877082824707031e+01 -1.454202079772949219e+01
-2.313745498657226562e+01 4.149451732635498047e+00 -2.243627738952636719e+01
-4.119368362426757812e+01 4.282052993774414062e+00 4.726512432098388672e+00
8.632528305053710938e+00 -8.845523834228515625e+00 -1.394423675537109375e+01
-7.402243614196777344e+00 -1.121775722503662109e+01 -1.655534934997558594e+01
-1.284281611442565918e+00 -3.951147460937500000e+01 -1.712161898612976074e+00
1.282557678222656250e+01 -2.572953033447265625e+01 2.100696372985839844e+01
1.373184680938720703e+01 -1.239986515045166016e+01 -2.953591537475585938e+01
-9.991074562072753906e+00 -1.193303203582763672e+01 -1.652709197998046875e+01
3.117808103561401367e+00 8.718686103820800781e+00 2.413602828979492188e+01
-1.719595146179199219e+01 -2.136707687377929688e+01 2.058123016357421875e+01
2.734606933593750000e+01 -1.590935802459716797e+01 -9.191323280334472656e+00
2.347794342041015625e+01 -1.887625885009765625e+01 1.736367797851562500e+01
-3.338552856445312500e+01 1.536497497558593750e+01 -5.142115116119384766e+00
1.786721229553222656e+01 1.468691635131835938e+01 2.638428688049316406e+01
-2.156408691406250000e+01 3.228472471237182617e+00 -1.149421119689941406e+01
-1.164968872070312500e+01 -2.070524787902832031e+01 3.496438980102539062e+00
-9.374653816223144531e+00 -2.034089469909667969e+01 1.672150039672851562e+01
-2.424735069274902344e+01 2.736552238464355469e+01 7.404082775115966797e+00
6.024495124816894531e+00 2.157422780990600586e+00 1.767088890075683594e+01
2.176270866394042969e+01 -1.876147866249084473e+00 -2.760945558547973633e+00
9.747923851013183594e+00 -1.051074600219726562e+01 -6.862857818603515625e+00
1.796012496948242188e+01 -1.440548133850097656e+01 -1.627039337158203125e+01
-4.802670478820800781e+00 -9.054548740386962891e-01 -4.625908851623535156e+00
-1.917051696777343750e+01 8.663125991821289062e+00 -1.360161209106445312e+01
-1.049918174743652344e+01 -9.806434631347656250e+00 -1.056487560272216797e+01
1.197394084930419922e+01 5.740690708160400391e+00 1.045693111419677734e+01
-1.647411346435546875e+01 -3.155179786682128906e+01 -1.458786106109619141e+01
-4.544745445251464844e+00 -1.357388377189636230e+00 -1.717951011657714844e+01
-2.519228744506835938e+01 2.647477722167968750e+01 5.668079853057861328e+00
2.645612335205078125e+01 2.389165401458740234e+00 1.822545623779296875e+01
2.459162902832031250e+01 -3.088405609130859375e+00 4.917765617370605469e+00
-1.294971942901611328e+01 -1.467003345489501953e+01 -9.475788116455078125e+00
4.682920932769775391e+00 -2.821138763427734375e+01 -1.099202728271484375e+01
3.246086597442626953e+00 -1.550097942352294922e+01 1.024825286865234375e+01
-1.273853492736816406e+01 -5.027798652648925781e+00 -6.410898566246032715e-01
-1.771921157836914062e+01 2.490667533874511719e+01 5.442382693290710449e-01
5.321506500244140625e+00 2.335100173950195312e+00 -2.595582199096679688e+01
-8.939986228942871094e+00 3.037963867187500000e+00 -5.069188117980957031e+00
2.810623168945312500e+01 2.393222808837890625e+01 2.633329868316650391e+00
3.181864738464355469e+00 -3.488137960433959961e+00 1.017684078216552734e+01
-1.539100170135498047e+01 4.641068935394287109e+00 -1.322698402404785156e+01
-1.704792404174804688e+01 1.027718734741210938e+01 2.095662117004394531e+00
2.388843536376953125e+01 2.425487136840820312e+01 -9.337534904479980469e+00
-1.405081272125244141e+00 2.374679946899414062e+01 2.526509284973144531e+01
5.523448467254638672e+00 3.128186225891113281e+01 -4.816989421844482422e+00
4.380100631713867188e+01 -5.186251163482666016e+00 3.872614622116088867e+00
9.248867988586425781e+00 3.812386512756347656e+00 -2.879700469970703125e+01
-2.622675132751464844e+01 -4.840209007263183594e+00 -1.848858261108398438e+01
1.835026359558105469e+01 -2.109254646301269531e+01 2.315130805969238281e+01
6.799280643463134766e+00 2.608001708984375000e+01 1.387229442596435547e+01
1.632198333740234375e+01 -1.784115791320800781e+01 -8.872167587280273438e+00
-1.747330278158187866e-01 5.497719764709472656e+00 1.386659240722656250e+01
7.778821468353271484e+00 -1.660382270812988281e+01 1.767747306823730469e+01
-9.783215522766113281e+00 4.351957321166992188e+00 3.124502182006835938e+01
2.124565505981445312e+01 -2.243906402587890625e+01 -1.310208797454833984e+01
-2.351426696777343750e+01 2.153065109252929688e+01 8.318668365478515625e+00
2.044590711593627930e+00 -2.741490173339843750e+01 -2.353692054748535156e+01
-1.241439819335937500e+01 -1.591849231719970703e+01 -1.403557872772216797e+01
3.185637664794921875e+01 -7.850117683410644531e-01 1.588850402832031250e+01
1.784342193603515625e+01 2.561601161956787109e+00 -3.595491790771484375e+01
1.946617960929870605e+00 7.356129169464111328e+00 -1.491217803955078125e+01
-1.003058624267578125e+01 -2.750689506530761719e+01 1.840624427795410156e+01
7.284111380577087402e-01 -3.383938598632812500e+01 1.627411484718322754e+00
2.353542327880859375e+01 -1.234068584442138672e+01 -2.456905174255371094e+01
2.570394134521484375e+01 8.936928749084472656e+00 2.468968391418457031e+01
9.946163177490234375e+00 -1.901665115356445312e+01 6.379984021186828613e-01
-2.576073646545410156e+01 2.276919937133789062e+01 -3.693862915039062500e+00
1.562795639038085938e+01 1.737759780883789062e+01 5.350571591407060623e-04
-1.236703872680664062e+00 2.719740152359008789e+00 3.154733848571777344e+01
-2.497566986083984375e+01 3.918439745903015137e-01 -1.735395240783691406e+01
-4.297577857971191406e+00 3.066323089599609375e+01 -1.125668811798095703e+01
-3.274899482727050781e+00 2.560134506225585938e+01 -2.361177253723144531e+01
2.188386535644531250e+01 -1.659322261810302734e+00 -2.813494682312011719e+01
-1.194769668579101562e+01 1.053113937377929688e+01 2.016318321228027344e+01
-2.065425872802734375e+01 -2.238376426696777344e+01 -2.375510787963867188e+01
-5.508948326110839844e+00 1.234023284912109375e+01 2.072357749938964844e+01
2.481868743896484375e+01 -2.133240461349487305e+00 2.545725107192993164e+00
4.595296859741210938e+00 -2.273204565048217773e+00 2.510826683044433594e+01
9.477255821228027344e+00 5.365969181060791016e+00 -1.800572013854980469e+01
-2.322228240966796875e+01 -5.543176651000976562e+00 -2.162218475341796875e+01
-2.345598220825195312e+00 -2.055121803283691406e+01 1.239137077331542969e+01
-1.512120342254638672e+01 -1.672720909118652344e+01 -2.931761169433593750e+01
-1.425856471061706543e+00 -3.190999603271484375e+01 -1.465674304962158203e+01
1.100337600708007812e+01 3.188826560974121094e+01 -1.471929168701171875e+01
3.844389200210571289e+00 -1.612194061279296875e+01 -3.400521469116210938e+01
-3.104242515563964844e+01 1.489875674247741699e+00 1.835254478454589844e+01
1.819593429565429688e+01 -2.834416961669921875e+01 -8.107643127441406250e+00
7.989368438720703125e+00 1.693095397949218750e+01 -2.559841156005859375e+01
-4.045904922485351562e+01 -4.196654319763183594e+00 1.271364021301269531e+01
9.328403472900390625e+00 -2.163008308410644531e+01 -2.250254631042480469e+01
2.351331520080566406e+01 1.739238929748535156e+01 -2.071710586547851562e+01
-1.243914413452148438e+01 3.525004863739013672e+00 -1.911594963073730469e+01
-1.589775180816650391e+01 3.594591856002807617e+00 -2.043067550659179688e+01
-1.642121124267578125e+01 3.126968383789062500e+01 1.838918685913085938e+01
2.002707099914550781e+01 -2.504435777664184570e+00 2.643916130065917969e+01
-1.184329605102539062e+01 2.537099647521972656e+01 9.149609208106994629e-01
6.179511070251464844e+00 -3.429207229614257812e+01 -8.239043235778808594e+00
-1.657963371276855469e+01 3.142168045043945312e+01 1.735272598266601562e+01
2.547439765930175781e+01 -2.534191513061523438e+01 4.756808757781982422e+00
-1.565891265869140625e+01 3.210823822021484375e+01 1.805854606628417969e+01
3.031576538085937500e+01 -2.352368593215942383e+00 -9.392432212829589844e+00
8.680244445800781250e+00 -1.211508750915527344e+01 7.207787632942199707e-01
-1.319579410552978516e+01 -4.798467159271240234e+00 1.728738594055175781e+01
-8.287971496582031250e+00 -3.829589080810546875e+01 1.336219120025634766e+01
1.530707359313964844e+01 -5.101710319519042969e+00 1.175933170318603516e+01
2.569865417480468750e+01 5.528509616851806641e-01 3.105334281921386719e+01
-2.869957160949707031e+01 -7.824232101440429688e+00 2.265177917480468750e+01
-9.890766143798828125e+00 1.853169059753417969e+01 -1.563845825195312500e+01
-1.872858428955078125e+01 -2.785446357727050781e+01 8.447556495666503906e+00
-7.406499862670898438e+00 8.078250885009765625e+00 -3.039883804321289062e+01
-3.276401758193969727e+00 1.832140541076660156e+01 2.018695831298828125e+01
3.571244716644287109e+00 -1.747663879394531250e+01 -9.719471931457519531e+00
-8.365893363952636719e+00 -1.538111782073974609e+01 1.866425132751464844e+01
-1.016769504547119141e+01 -1.883010292053222656e+01 -6.744004249572753906e+00
1.345633792877197266e+01 -9.657768249511718750e+00 8.053619384765625000e+00
6.741306304931640625e+00 -2.515086364746093750e+01 -2.600683403015136719e+01
2.681047248840332031e+01 1.242642879486083984e+01 -7.150595664978027344e+00
1.128097534179687500e+01 -1.567731475830078125e+01 -9.145383834838867188e+00
1.281622600555419922e+01 -9.392375946044921875e+00 -1.217355155944824219e+01
-2.157613563537597656e+01 -3.093706667423248291e-01 -1.921611595153808594e+01
5.957804918289184570e-01 -2.150884437561035156e+01 -9.273472785949707031e+00
3.568662106990814209e-01 -1.270914554595947266e+00 -8.183762550354003906e+00
-6.848244667053222656e+00 1.017107772827148438e+01 -2.430112075805664062e+01
3.800922155380249023e+00 4.704816639423370361e-01 6.421156883239746094e+00
-6.109032034873962402e-01 -9.851483345031738281e+00 1.014039993286132812e+01
1.431659984588623047e+01 -2.926622581481933594e+01 3.620041131973266602e+00
-7.088299751281738281e+00 -5.268362998962402344e+00 -3.153766441345214844e+01
-1.019128608703613281e+01 -1.256559658050537109e+01 -7.370882034301757812e+00
2.620440483093261719e+01 2.407433700561523438e+01 7.655620098114013672e+00
-3.812530338764190674e-01 -7.412518978118896484e+00 2.302433586120605469e+01
-1.400931262969970703e+01 1.284161090850830078e+01 -3.842927694320678711e+00
-8.494394302368164062e+00 -2.043610000610351562e+01 1.604833984375000000e+01
1.249072647094726562e+01 2.536492538452148438e+01 1.304762363433837891e+01
-2.716642379760742188e+01 1.937156867980957031e+01 1.725581932067871094e+01
-1.094337272644042969e+01 -1.446833419799804688e+01 -3.303966522216796875e+01
-3.187715339660644531e+01 -1.166760158538818359e+01 7.131449699401855469e+00
-1.767367744445800781e+01 -4.171056270599365234e+00 -1.766460418701171875e+01
-4.821481227874755859e+00 -3.792788267135620117e+00 1.001980972290039062e+01
2.222870063781738281e+01 8.032120704650878906e+00 -2.072788810729980469e+01
-3.006553268432617188e+01 6.474577426910400391e+00 -6.729747772216796875e+00
-3.456999206542968750e+01 6.833657264709472656e+00 8.699275970458984375e+00
1.023020371794700623e-01 1.720933151245117188e+01 -3.062687873840332031e+01
1.672616958618164062e+00 1.717376136779785156e+01 9.661108970642089844e+00
-1.338501358032226562e+01 1.134211254119873047e+01 1.489825725555419922e+01
-2.820780372619628906e+01 5.971772193908691406e+00 -1.826879310607910156e+01
-1.403860950469970703e+01 -1.848399734497070312e+01 -7.136135101318359375e+00
1.175614833831787109e+01 4.863200664520263672e+00 -1.083351802825927734e+01
-1.809827041625976562e+01 -7.368556976318359375e+00 -9.820700645446777344e+00
-1.313533878326416016e+01 -3.357748413085937500e+01 -2.717077732086181641e+00
6.909517765045166016e+00 2.741534233093261719e+01 4.788103103637695312e+00
3.391087532043457031e+00 -2.057251930236816406e+01 7.527443885803222656e+00
-6.992429733276367188e+00 -3.291316270828247070e+00 6.753640174865722656e+00
-4.292242527008056641e+00 5.080275058746337891e+00 4.077810668945312500e+01
7.530461788177490234e+00 5.289955139160156250e+00 -3.365839004516601562e+01
2.996594238281250000e+01 -8.463545799255371094e+00 2.306456089019775391e+00
1.646836090087890625e+01 1.356472301483154297e+01 1.408141040802001953e+01
2.683093833923339844e+01 -1.757855606079101562e+01 -1.130192661285400391e+01
-1.930548477172851562e+01 -2.744047546386718750e+01 7.822616100311279297e+00
-4.506971359252929688e+00 1.583871746063232422e+01 3.001608085632324219e+01
-1.575388050079345703e+01 1.264486503601074219e+01 -1.329170799255371094e+01
1.320626735687255859e+01 3.072573184967041016e+00 -1.763882517814636230e+00
2.231583404541015625e+01 2.067952537536621094e+01 1.707144927978515625e+01
-7.093102455139160156e+00 -1.229293823242187500e+01 6.419209480285644531e+00
-1.193197727203369141e+00 -2.142679595947265625e+01 -9.229518890380859375e+00
-2.423542785644531250e+01 1.922906303405761719e+01 -9.373486518859863281e+00
-3.909527206420898438e+01 -2.142766952514648438e+00 1.083824920654296875e+01
-6.496616840362548828e+00 -3.888380527496337891e+00 8.276906967163085938e+00
-6.942759990692138672e+00 2.326245117187500000e+01 -8.731593132019042969e+00
-2.222374534606933594e+01 7.666729092597961426e-01 -1.742679023742675781e+01
8.908701896667480469e+00 -1.380993461608886719e+01 5.671783447265625000e+00
2.045601463317871094e+01 -3.131041526794433594e+01 8.316355705261230469e+00
3.446250438690185547e+00 -2.688732147216796875e+01 -4.853981971740722656e+00
7.597428321838378906e+00 3.064853477478027344e+01 1.751861000061035156e+01
-5.697882175445556641e+00 -3.054791831970214844e+01 7.971140384674072266e+00
-5.766235589981079102e-01 3.898258972167968750e+01 9.371787071228027344e+00
3.440254449844360352e+00 1.576442813873291016e+01 -1.653867530822753906e+01
-1.790498924255371094e+01 -1.166360473632812500e+01 1.047852230072021484e+01
-1.133628368377685547e+01 1.276681327819824219e+01 1.669638824462890625e+01
-2.494294357299804688e+01 1.968232536315917969e+01 -9.179340362548828125e+00
-2.933014392852783203e+00 -7.813382625579833984e+00 -1.288308620452880859e+01
2.650167274475097656e+01 -1.091092491149902344e+01 -6.357971668243408203e+00
-8.842559814453125000e+00 -4.879000037908554077e-02 2.994459342956542969e+01
2.403797149658203125e+01 -1.637306022644042969e+01 2.582487678527832031e+01
2.314407539367675781e+01 -1.439862251281738281e+01 -2.340701675415039062e+01
-2.760228538513183594e+01 5.727813243865966797e+00 -1.734993362426757812e+01
6.962445735931396484e+00 1.363802814483642578e+01 7.860939025878906250e+00
5.356062412261962891e+00 -3.702067184448242188e+01 -3.057274222373962402e-01
1.644898891448974609e+00 1.115832042694091797e+01 -3.133297920227050781e+01
-2.242663002014160156e+01 -1.452490139007568359e+01 1.424216651916503906e+01
-1.727175354957580566e+00 -1.294227600097656250e+00 1.328235626220703125e+01
7.239110946655273438e+00 -7.241446971893310547e+00 3.515712356567382812e+01
3.298856353759765625e+01 -1.116040515899658203e+01 7.759812831878662109e+00
1.756716728210449219e+01 -1.927546882629394531e+01 6.165800094604492188e+00
-2.898655652999877930e+00 -7.617721080780029297e+00 6.486510753631591797e+00
1.525642871856689453e+01 2.383528137207031250e+01 1.203655624389648438e+01
1.813909149169921875e+01 1.310769844055175781e+01 2.858068466186523438e+01
-3.511302185058593750e+01 1.551661014556884766e+01 7.621744632720947266e+00
1.763262367248535156e+01 -1.819613265991210938e+01 -2.245621109008789062e+01
-2.415756416320800781e+01 -6.785284042358398438e+00 1.405697727203369141e+01
-1.738878059387207031e+01 6.680845737457275391e+00 -9.876249313354492188e+00
1.671846961975097656e+01 -7.907705783843994141e+00 2.790553855895996094e+01
-2.092067527770996094e+01 1.398266029357910156e+01 2.097949266433715820e+00
1.596405029296875000e+01 -1.298240661621093750e+01 1.794176220893859863e+00
7.745333194732666016e+00 2.286042213439941406e+01 -1.818968963623046875e+01
2.828561782836914062e+00 2.034895706176757812e+01 2.443703079223632812e+01
-1.419590473175048828e+01 -1.364649295806884766e+01 2.113190460205078125e+01
-1.978450775146484375e+01 -2.470610427856445312e+01 3.504690229892730713e-01
-2.507265090942382812e+01 2.319656562805175781e+01 4.278275012969970703e+00
4.931564807891845703e+00 2.680338668823242188e+01 5.829438686370849609e+00
1.070085811614990234e+01 -1.670564651489257812e+00 3.042078208923339844e+01
-4.383513331413269043e-01 4.029836177825927734e+00 3.070181465148925781e+01
4.446469306945800781e+00 -2.731341552734375000e+01 -3.298555850982666016e+00
-1.309126758575439453e+01 2.404064941406250000e+01 1.760683059692382812e+01
-1.239490032196044922e+01 -1.890491604804992676e+00 6.123351097106933594e+00
-2.609424018859863281e+01 1.210194396972656250e+01 1.909045219421386719e+01
-2.039774703979492188e+01 -5.878318786621093750e+00 2.151753997802734375e+01
-3.084170913696289062e+01 -8.890427589416503906e+00 7.053968429565429688e+00
-8.062716484069824219e+00 -3.806268310546875000e+01 1.311456203460693359e+01
1.141894245147705078e+01 1.367645263671875000e+01 2.873380184173583984e+00
-2.659567832946777344e+01 1.589762687683105469e+01 1.781275749206542969e+01
-1.774047660827636719e+01 1.899793863296508789e+00 -1.528561210632324219e+01
-1.004473686218261719e+01 -2.192287063598632812e+01 -6.818175315856933594e+00
-1.114623546600341797e+00 3.333341979980468750e+01 -8.488923072814941406e+00
-7.641163825988769531e+00 -3.048271560668945312e+01 2.604669189453125000e+01
-1.650224113464355469e+01 -2.787813758850097656e+01 -1.618598556518554688e+01
-1.318880653381347656e+01 2.398310852050781250e+01 -8.751303672790527344e+00
1.508262348175048828e+01 -1.560806369781494141e+01 1.972468185424804688e+01
-7.833741664886474609e+00 -3.724419832229614258e+00 -1.122752189636230469e+01
2.189751386642456055e+00 1.472434043884277344e+01 2.816175460815429688e+01
2.239615678787231445e+00 -2.218519783020019531e+01 1.385071873664855957e+00
-1.422214984893798828e+01 2.526680946350097656e+00 -1.126794624328613281e+01
2.099953842163085938e+01 2.421760368347167969e+01 -8.361553192138671875e+00
-1.270359325408935547e+01 -2.164637184143066406e+01 -1.277173042297363281e+01
-3.597891998291015625e+01 1.275286769866943359e+01 7.396780490875244141e+00
-3.232149505615234375e+01 -1.821401977539062500e+01 1.440702438354492188e+01
-5.959028244018554688e+00 -2.961573219299316406e+01 -1.059072685241699219e+01
-1.998690986633300781e+01 2.873712730407714844e+01 -9.724493026733398438e+00
-1.664310073852539062e+01 -2.718968391418457031e+01 -2.214927673339843750e+00
1.476763057708740234e+01 1.014132976531982422e+01 -2.253164291381835938e+01
2.350813674926757812e+01 -1.282726001739501953e+01 1.347274112701416016e+01
-1.155827331542968750e+01 2.145454788208007812e+01 2.440959930419921875e+00
-1.814652252197265625e+01 -1.912308120727539062e+01 9.987001419067382812e+00
-5.451244354248046875e+00 -8.960742950439453125e+00 1.951217269897460938e+01
-1.226446723937988281e+01 -1.174551486968994141e+01 1.601901501417160034e-01
-9.006116986274719238e-01 1.558411121368408203e+01 1.038579559326171875e+01
9.806765556335449219e+00 -9.275036811828613281e+00 7.791393280029296875e+00
2.335341453552246094e+01 2.076145935058593750e+01 1.797145271301269531e+01
-2.225262641906738281e+01 -2.336355590820312500e+01 -2.126641654968261719e+01
1.685004234313964844e+01 1.748137474060058594e+01 -7.503243446350097656e+00
2.379241752624511719e+01 1.052901077270507812e+01 -5.991368770599365234e+00
1.977729797363281250e+01 -2.049796295166015625e+01 2.279639244079589844e+01
-1.750627517700195312e+01 1.918025207519531250e+01 2.319264221191406250e+01
-1.020163536071777344e+01 -1.493456745147705078e+01 2.495658493041992188e+01
-1.421618938446044922e+01 2.609105825424194336e+00 -1.195344543457031250e+01
-8.974550247192382812e+00 -2.591125488281250000e+01 1.280865859985351562e+01
-1.664355850219726562e+01 1.129438400268554688e+00 -2.808648490905761719e+01
2.390634536743164062e+01 -2.201981544494628906e+01 -1.532711982727050781e+01
2.973972320556640625e+00 -3.101484298706054688e+01 -1.140199851989746094e+01
8.311266899108886719e+00 1.735408210754394531e+01 3.422049713134765625e+01
2.119459390640258789e+00 -2.039294242858886719e+00 -9.502181053161621094e+00
-2.407966136932373047e+00 -3.142639350891113281e+01 1.789960861206054688e+01
-1.428158950805664062e+01 2.952292442321777344e+00 2.521022224426269531e+01
1.633062553405761719e+01 6.331175804138183594e+00 -1.717822265625000000e+01
1.878055191040039062e+01 3.351098251342773438e+01 -5.651114940643310547e+00
-9.549593925476074219e+00 2.345458793640136719e+01 -8.558474540710449219e+00
1.608814048767089844e+01 -9.652528762817382812e+00 -2.704132461547851562e+01
-2.148354148864746094e+01 7.201238632202148438e+00 -1.023847484588623047e+01
9.206107139587402344e+00 -1.339717769622802734e+01 5.961407661437988281e+00
-5.577257156372070312e+00 2.815148353576660156e+01 -9.719193458557128906e+00
-4.275836944580078125e+00 -3.575871276855468750e+01 -1.253743076324462891e+01
1.601061701774597168e+00 -4.027737426757812500e+01 -4.402211189270019531e+00
-1.551377296447753906e+01 3.814522504806518555e+00 9.893828392028808594e+00
2.898554086685180664e+00 -9.391764640808105469e+00 3.833201980590820312e+01
-1.262076139450073242e+00 -3.600859069824218750e+01 -5.063136100769042969e+00
-6.732643604278564453e+00 2.726151084899902344e+01 1.087561130523681641e+01
1.561907649040222168e+00 2.970896482467651367e+00 -2.866793441772460938e+01
3.458789062500000000e+01 1.306456661224365234e+01 1.383917689323425293e+00
-1.375768566131591797e+01 -7.476858139038085938e+00 -2.024316024780273438e+01
-2.877744102478027344e+01 -7.784777641296386719e+00 2.267907905578613281e+01
-1.355789852142333984e+01 1.454114913940429688e+01 -2.496848869323730469e+01
2.115047073364257812e+01 -8.968880772590637207e-01 -3.062815904617309570e+00
1.893649101257324219e+01 1.849252891540527344e+01 2.792752265930175781e+01
2.478269958496093750e+01 -8.081731796264648438e+00 1.285810375213623047e+01
-1.839103317260742188e+01 2.496339797973632812e+00 -1.275364398956298828e+01
-1.398443317413330078e+01 -1.220063090324401855e+00 8.348460197448730469e+00
-3.677706718444824219e+00 -1.618790626525878906e+01 1.181297588348388672e+01
-1.127952480316162109e+01 2.447377014160156250e+01 1.581735515594482422e+01
1.353013134002685547e+01 1.219536685943603516e+01 6.529840469360351562e+00
1.339954376220703125e+01 -2.511518669128417969e+01 -2.680281639099121094e+01
3.217137527465820312e+01 2.802644491195678711e+00 -3.802705287933349609e+00
-1.187955188751220703e+01 -1.306954002380371094e+01 -1.600913238525390625e+01
2.670542955398559570e+00 1.828813552856445312e+01 -3.232279968261718750e+01
1.845088958740234375e+01 3.305388259887695312e+01 -6.579731941223144531e+00
-2.041943359375000000e+01 2.762262821197509766e+00 2.072777748107910156e+00
-1.602960968017578125e+01 -3.159221649169921875e+01 -2.305403709411621094e+00
2.132997894287109375e+01 6.662652969360351562e+00 1.752785682678222656e+01
-2.519436073303222656e+01 -1.953643035888671875e+01 -7.437448501586914062e+00
4.280176639556884766e+00 -1.719370651245117188e+01 1.971849441528320312e+01
-2.527941942214965820e+00 3.152642822265625000e+01 8.302601814270019531e+00
1.671588325500488281e+01 9.928754806518554688e+00 1.935671424865722656e+01
2.290611267089843750e+01 8.331951141357421875e+00 -2.018299865722656250e+01
-6.546738624572753906e+00 1.129206085205078125e+01 1.593786621093750000e+01
-2.618804359436035156e+01 -9.826528549194335938e+00 -2.677241897583007812e+01
-8.934845924377441406e+00 1.736294364929199219e+01 1.714620971679687500e+01
2.521474838256835938e+01 -3.368306159973144531e+00 3.103561639785766602e+00
3.122537231445312500e+01 -6.393218517303466797e+00 2.854686260223388672e+00
5.585769176483154297e+00 1.832117080688476562e+01 -3.339389038085937500e+01
1.410243129730224609e+01 1.925837135314941406e+01 2.327480912208557129e-01
-8.247803688049316406e+00 2.934908390045166016e+00 -2.564953613281250000e+01
-3.342556953430175781e+00 -2.790273189544677734e+00 -2.741907882690429688e+01
-1.237484931945800781e+01 2.282459259033203125e+01 8.013257980346679688e+00
1.650442504882812500e+01 2.425786209106445312e+01 1.666080093383789062e+01
2.318737411499023438e+01 1.884512519836425781e+01 2.481454610824584961e+00
5.526254653930664062e+00 -3.047581291198730469e+01 1.144610214233398438e+01
1.541529369354248047e+01 1.402514839172363281e+01 6.512080192565917969e+00
4.628470420837402344e+00 -2.554419136047363281e+01 -1.465026283264160156e+01
2.560606384277343750e+01 2.094902038574218750e+01 1.104933357238769531e+01
-2.718213462829589844e+01 1.268737983703613281e+01 1.990103149414062500e+01
-1.925948524475097656e+01 1.117540264129638672e+01 1.960544395446777344e+01
-1.207882499694824219e+01 2.282272720336914062e+01 -9.082793235778808594e+00
-2.705280303955078125e+01 -1.461390614509582520e+00 -2.100735855102539062e+01
-1.864491271972656250e+01 -4.655863761901855469e+00 1.859113883972167969e+01
-1.665645599365234375e+01 9.303493499755859375e+00 3.402292430400848389e-01
-4.214270591735839844e+00 6.652760028839111328e+00 4.330774784088134766e+00
2.454425048828125000e+01 -3.675429821014404297e+00 5.387304782867431641e+00
1.746736145019531250e+01 2.410243415832519531e+01 -2.201114463806152344e+01
1.717639350891113281e+01 -1.686050415039062500e+01 -2.393100166320800781e+01
9.266498565673828125e+00 5.547111034393310547e+00 -1.841302108764648438e+01
1.685910987854003906e+01 -1.823369407653808594e+01 5.895014762878417969e+00
4.849960803985595703e+00 -1.225600147247314453e+01 1.338878822326660156e+01
-6.517858982086181641e+00 -1.060058689117431641e+01 6.598861694335937500e+00
-9.983273506164550781e+00 3.670512390136718750e+01 1.787297844886779785e+00
2.680308723449707031e+01 -1.105359196662902832e+00 -5.476776123046875000e+00
-3.554530334472656250e+01 3.026936769485473633e+00 8.588560104370117188e+00
-3.269750976562500000e+01 -2.953527927398681641e+00 -7.727005004882812500e+00
1.167671871185302734e+01 -9.538356661796569824e-01 -3.566050720214843750e+01
-2.935647773742675781e+01 -1.180508375167846680e+00 3.119182825088500977e+00
3.470928955078125000e+01 8.035495758056640625e+00 -1.079024124145507812e+01
1.519373893737792969e+01 -1.411673927307128906e+01 -2.361816215515136719e+01
-1.222658729553222656e+01 -2.979714202880859375e+01 1.880187034606933594e+01
-1.028392219543457031e+01 -1.870959472656250000e+01 -5.676572799682617188e+00
1.391093826293945312e+01 9.974997639656066895e-01 -3.692690748721361160e-03
-1.490365409851074219e+01 -2.038686943054199219e+01 1.112144660949707031e+01
1.899370193481445312e+01 -1.468702316284179688e+01 -5.885371208190917969e+00
3.346739959716796875e+01 -3.817911148071289062e+00 1.858720970153808594e+01
-1.596249938011169434e+00 -1.232870483398437500e+01 -1.142520904541015625e+01
3.384789657592773438e+01 -1.195815563201904297e+01 1.967753601074218750e+01
-3.386075973510742188e+01 1.601721191406250000e+01 8.555969238281250000e+00
-4.026033878326416016e+00 1.799168205261230469e+01 -3.178936767578125000e+01
-2.060448265075683594e+01 1.082433605194091797e+01 1.806155014038085938e+01
1.178758621215820312e+01 1.079422473907470703e+01 1.745247244834899902e+00
-2.690832138061523438e+01 2.535097122192382812e+01 -2.900411844253540039e+00
1.614121818542480469e+01 -1.935447311401367188e+01 7.442161560058593750e+00
3.084338665008544922e+00 1.638422584533691406e+01 -6.715116500854492188e+00
1.638199043273925781e+01 1.504786586761474609e+01 1.361547565460205078e+01
-3.905131149291992188e+01 -3.753416299819946289e+00 1.129291725158691406e+01
-6.842799663543701172e+00 -6.651274681091308594e+00 1.752942466735839844e+01
1.801775741577148438e+01 8.180116653442382812e+00 -9.987239241600036621e-01
2.879325103759765625e+01 1.327658557891845703e+01 1.880044364929199219e+01
-1.435613250732421875e+01 -1.457241344451904297e+01 1.868667030334472656e+01
-2.572769737243652344e+01 -2.165398406982421875e+01 -3.106488943099975586e+00
-2.349639892578125000e+01 1.131641864776611328e+01 -1.465199184417724609e+01
-1.354834842681884766e+01 1.098184490203857422e+01 1.398051357269287109e+01
2.069244766235351562e+01 -7.594190120697021484e+00 3.343796014785766602e+00
1.168765830993652344e+01 -5.993667125701904297e+00 -9.998206138610839844e+00
-9.687699317932128906e+00 2.049300909042358398e+00 -7.505679607391357422e+00
-5.669092178344726562e+00 3.972694778442382812e+01 3.650979995727539062e+00
8.550110816955566406e+00 -1.348150920867919922e+01 6.296950817108154297e+00
2.580475997924804688e+01 -2.392122650146484375e+01 3.020419836044311523e+00
8.404544830322265625e+00 -1.627272224426269531e+01 2.853932571411132812e+01
1.482889747619628906e+01 -1.318031501770019531e+01 -2.063313674926757812e+01
-1.997093772888183594e+01 1.193254852294921875e+01 -2.267294502258300781e+01
2.746644020080566406e-01 -1.500945281982421875e+01 -1.911903953552246094e+01
-1.775110816955566406e+01 1.022429370880126953e+01 -1.294388055801391602e+00
2.876569271087646484e+00 6.015909194946289062e+00 1.117425632476806641e+01
-2.025675010681152344e+01 2.711831283569335938e+01 -1.017170047760009766e+01
-1.761606216430664062e+01 9.101060867309570312e+00 -2.136685180664062500e+01
2.195273637771606445e+00 -2.765070533752441406e+01 -2.356803894042968750e+01
-2.006902503967285156e+01 -1.083793163299560547e+01 -2.827747344970703125e+01
1.247066497802734375e+01 -2.469941711425781250e+01 1.395014762878417969e+00
-8.605078697204589844e+00 2.533173084259033203e+00 -3.490648269653320312e+01
1.605845642089843750e+01 2.576267242431640625e+01 1.376636695861816406e+01
-5.216547966003417969e+00 2.923546218872070312e+01 -9.380733489990234375e+00
-2.478894996643066406e+01 -2.668125343322753906e+01 5.300022602081298828e+00
-2.867473220825195312e+01 1.756978416442871094e+01 -2.660473585128784180e+00
-2.322387313842773438e+01 7.814729213714599609e+00 1.470599174499511719e-01
-1.239420399069786072e-01 -5.123834609985351562e+00 -3.558719635009765625e+01
2.495882034301757812e+00 -8.575769424438476562e+00 3.470463037490844727e+00
-1.359608745574951172e+01 -4.399875640869140625e+00 1.816353034973144531e+01
-1.397345733642578125e+01 2.398537635803222656e+01 -1.985232353210449219e+01
1.730451583862304688e+01 -7.335568904876708984e+00 2.859665489196777344e+01
3.468396186828613281e+00 6.538628578186035156e+00 7.054726600646972656e+00
1.147385311126708984e+01 8.035655021667480469e+00 -2.760420608520507812e+01
-3.829273605346679688e+01 -3.714598178863525391e+00 1.156969738006591797e+01
2.070666074752807617e+00 2.279540252685546875e+01 1.756961441040039062e+01
-8.843998908996582031e+00 -1.606983757019042969e+01 1.697507095336914062e+01
8.750020980834960938e+00 1.355654335021972656e+01 -3.453903198242187500e+01
3.724420964717864990e-01 4.886516094207763672e+00 2.067422866821289062e+01
-6.186635971069335938e+00 -4.521780014038085938e+00 9.788916587829589844e+00
-1.463872146606445312e+01 -1.799340438842773438e+01 -6.652660369873046875e+00
-6.270328998565673828e+00 -1.055850124359130859e+01 7.754383087158203125e+00
2.831991910934448242e+00 -8.300447463989257812e+00 4.478726863861083984e+00
-4.181013107299804688e+01 3.425417423248291016e+00 5.181618213653564453e+00
2.514978790283203125e+01 2.071616798639297485e-01 1.969226264953613281e+01
-1.525821876525878906e+01 -1.903188109397888184e+00 3.810559463500976562e+01
1.162520599365234375e+01 -3.230554199218750000e+01 -1.046377944946289062e+01
-1.651443481445312500e+01 -2.382531356811523438e+01 -1.598518943786621094e+01
-2.915025520324707031e+01 -1.803418922424316406e+01 -4.278611183166503906e+00
-1.485624885559082031e+01 3.374225997924804688e+01 1.756446647644042969e+01
-8.000794410705566406e+00 3.663991451263427734e+00 -3.517589950561523438e+01
-8.690536618232727051e-01 3.660130262374877930e+00 8.640418052673339844e-01
4.175812530517578125e+01 4.385379791259765625e+00 2.679370403289794922e+00
-1.523616981506347656e+01 7.016212463378906250e+00 -2.624910545349121094e+01
-2.940961647033691406e+01 -1.626017689704895020e+00 2.921611070632934570e+00
7.205813884735107422e+00 -1.352653026580810547e+01 7.640778541564941406e+00
-3.488456726074218750e+00 2.177625083923339844e+01 -1.007084941864013672e+01
7.905472755432128906e+00 -2.365782737731933594e+00 3.780720472335815430e+00
-5.629595279693603516e+00 2.356909179687500000e+01 1.607521057128906250e+01
1.150698852539062500e+01 2.751155281066894531e+01 2.363756418228149414e+00
-1.443578481674194336e+00 1.268286895751953125e+01 1.378428840637207031e+01
-1.355924606323242188e+01 -1.233036613464355469e+01 -3.096413803100585938e+01
5.156775951385498047e+00 -2.025996971130371094e+01 6.487145900726318359e+00
2.121746063232421875e+01 -2.274077987670898438e+01 -1.304218006134033203e+01
3.252103424072265625e+01 8.555710792541503906e+00 8.084719657897949219e+00
1.149901103973388672e+01 5.293093681335449219e+00 -1.591398906707763672e+01
5.804995536804199219e+00 2.785706329345703125e+01 6.005278110504150391e+00
6.351448535919189453e+00 -8.041465759277343750e+00 2.204565107822418213e-01
2.980656242370605469e+01 -7.488807678222656250e+00 -2.266717147827148438e+01
-1.421209621429443359e+01 -1.175012207031250000e+01 8.412782549858093262e-01
1.056311321258544922e+01 2.757977294921875000e+01 1.481793498992919922e+01
1.041945934295654297e+01 1.056067085266113281e+01 1.047349357604980469e+01
1.052549839019775391e+01 -2.791826820373535156e+01 -1.044528865814208984e+01
-1.486663055419921875e+01 2.848346900939941406e+01 1.649032211303710938e+01
-2.259324645996093750e+01 7.258667469024658203e+00 5.342959403991699219e+00
-2.868257331848144531e+01 2.121004104614257812e+01 -7.028704643249511719e+00
1.189071941375732422e+01 2.098733329772949219e+01 2.743217658996582031e+01
2.263326454162597656e+01 8.376328945159912109e-01 1.330495929718017578e+01
-1.659606552124023438e+01 -6.689208030700683594e+00 -6.485235691070556641e+00
8.467229843139648438e+00 1.285666847229003906e+01 9.728782653808593750e+00
1.798380470275878906e+01 -1.435736274719238281e+01 -1.634273338317871094e+01
2.963192367553710938e+01 3.443348646163940430e+00 -2.561608701944351196e-02
-1.431354427337646484e+01 -5.707311153411865234e+00 -1.239281773567199707e+00
-5.434010028839111328e+00 1.827751731872558594e+01 1.739524650573730469e+01
-1.273682117462158203e+01 2.510707092285156250e+01 1.703364562988281250e+01
-1.395830440521240234e+01 2.881659126281738281e+01 -9.426536560058593750e-01
1.119120407104492188e+01 -1.200121879577636719e+01 -5.227419853210449219e+00
2.567747497558593750e+01 7.501951456069946289e-01 3.084031486511230469e+01
-1.015178012847900391e+01 2.203123855590820312e+01 2.546517610549926758e+00
1.806286048889160156e+01 2.477173423767089844e+01 1.161823463439941406e+01
2.115509796142578125e+01 -1.013912677764892578e+01 3.182540130615234375e+01
5.066440582275390625e+00 2.576066207885742188e+01 -6.046291351318359375e+00
-8.833732604980468750e+00 -1.608226394653320312e+01 1.655585098266601562e+01
1.708854103088378906e+01 2.083299827575683594e+01 -1.406155300140380859e+01
-8.592715263366699219e+00 -1.150781393051147461e+00 3.288596343994140625e+01
-2.071909904479980469e+01 -8.875775337219238281e-01 2.865652275085449219e+01
2.221265411376953125e+01 -1.055251407623291016e+01 2.034154701232910156e+01
-1.185875892639160156e+01 1.298353195190429688e+01 -2.662895441055297852e+00
-1.525179004669189453e+01 1.535126399993896484e+01 -1.368821263313293457e+00
3.258116149902343750e+01 -2.289281845092773438e+00 1.666967201232910156e+01
-7.732895374298095703e+00 7.349471002817153931e-02 2.075210189819335938e+01
-1.667614364624023438e+01 2.865767240524291992e+00 1.744617652893066406e+01
1.002178382873535156e+01 1.386353683471679688e+01 2.549275016784667969e+01
-1.862990951538085938e+01 -1.867651748657226562e+01 -1.648791313171386719e+00
1.876444625854492188e+01 -3.212521743774414062e+01 -9.982241630554199219e+00
-4.777874946594238281e+00 3.415274381637573242e+00 1.695610427856445312e+01
-1.944000816345214844e+01 1.664725112915039062e+01 1.883826828002929688e+01
-1.989396286010742188e+01 -2.203018760681152344e+01 -2.586838722229003906e+01
6.520782947540283203e+00 1.500649547576904297e+01 -1.504097557067871094e+01
2.974541425704956055e+00 1.748255348205566406e+01 1.121690177917480469e+01
-7.112800598144531250e+00 1.389365100860595703e+01 -3.083863449096679688e+01
1.077973079681396484e+01 -1.688771438598632812e+01 -2.860119438171386719e+01
-2.244840049743652344e+01 -7.539961338043212891e+00 -1.529260826110839844e+01
1.666588401794433594e+01 -1.867517662048339844e+01 2.967411613464355469e+01
1.045081138610839844e+01 1.369240093231201172e+01 -2.909755897521972656e+01
3.142504692077636719e+01 -1.289785385131835938e+01 -6.137194633483886719e+00
-4.809033870697021484e+00 -3.595437240600585938e+01 -8.093737363815307617e-01
1.755874824523925781e+01 -1.675922393798828125e+01 1.655829238891601562e+01
-1.445981597900390625e+01 1.411239051818847656e+01 -5.695877075195312500e+00
-3.050068616867065430e+00 -9.022745132446289062e+00 -9.044525146484375000e+00
-9.608010292053222656e+00 -5.902842998504638672e+00 -3.047626876831054688e+01
2.865318679809570312e+01 2.059252166748046875e+01 -4.758533000946044922e+00
-2.319334220886230469e+01 2.461463928222656250e+01 -5.009135246276855469e+00
-3.095069408416748047e+00 -7.938107967376708984e+00 -1.253245162963867188e+01
-3.923251342773437500e+01 -4.412360489368438721e-01 9.930684089660644531e+00
1.075029087066650391e+01 1.490118312835693359e+01 2.697350883483886719e+01
8.522564888000488281e+00 7.495936393737792969e+00 -3.147668647766113281e+01
7.030110359191894531e-01 -4.452311992645263672e+00 -3.532817840576171875e+01
2.961254501342773438e+01 3.749780416488647461e+00 2.099469757080078125e+01
-6.876132488250732422e+00 6.123610019683837891e+00 -1.379121589660644531e+01
-6.885252594947814941e-01 -3.168996238708496094e+01 1.640015029907226562e+01
-1.769729232788085938e+01 -2.149136352539062500e+01 2.418363571166992188e+01
-2.954041671752929688e+01 2.183775711059570312e+01 -4.788753509521484375e+00
-1.776076889038085938e+01 2.458513832092285156e+01 5.594045519828796387e-01
2.840959358215332031e+01 1.298813438415527344e+01 1.914210128784179688e+01
-4.543432235717773438e+00 4.633325040340423584e-01 3.745036697387695312e+01
-6.881006240844726562e+00 -3.365812301635742188e+00 7.032826900482177734e+00
-4.263329982757568359e+00 2.408314323425292969e+01 -1.820587348937988281e+01
9.840790748596191406e+00 2.620283699035644531e+01 -9.614595413208007812e+00
-2.002790260314941406e+01 1.402742767333984375e+01 -9.394037723541259766e-02
1.882113075256347656e+01 -2.148522186279296875e+01 1.347543430328369141e+01
1.342906761169433594e+01 -3.019937133789062500e+01 -1.006189060211181641e+01
2.002374267578125000e+01 -1.275199699401855469e+01 1.845691871643066406e+01
-1.613319873809814453e+00 -2.172992324829101562e+01 -7.424766063690185547e+00
-3.826371002197265625e+01 -6.586524009704589844e+00 3.169268369674682617e-02
-6.077579975128173828e+00 2.824100112915039062e+01 -2.517142868041992188e+01
-1.646369552612304688e+01 5.145963668823242188e+00 2.911273384094238281e+01
2.838377475738525391e+00 1.748805046081542969e+01 1.674115943908691406e+01
-9.429841995239257812e+00 -1.572003459930419922e+01 -1.845319938659667969e+01
-2.214733505249023438e+01 2.426862525939941406e+01 8.186004638671875000e+00
-2.685059738159179688e+01 -1.798321342468261719e+01 -7.391692638397216797e+00
-5.171079635620117188e+00 1.557660293579101562e+01 2.850916862487792969e+01
-1.715647697448730469e+01 2.473054885864257812e+00 2.948699378967285156e+01
-1.298141288757324219e+01 6.656740665435791016e+00 -2.692640304565429688e+00
-2.480636215209960938e+01 3.345796823501586914e+00 5.058700561523437500e+00
2.062511444091796875e+01 1.593676471710205078e+01 3.660533428192138672e+00
1.053480815887451172e+01 -2.743566894531250000e+01 -9.440417289733886719e+00
1.012379741668701172e+01 1.581935787200927734e+01 -7.449042320251464844e+00
-3.467324066162109375e+01 2.133255720138549805e+00 8.975751876831054688e+00
-8.760883331298828125e+00 -2.507504272460937500e+01 -7.950963020324707031e+00
-2.164084243774414062e+01 -7.021768093109130859e+00 -1.515993404388427734e+01
-1.754748344421386719e+01 -8.719096183776855469e+00 1.654350090026855469e+01
1.904665231704711914e+00 -3.697840690612792969e+00 -3.470589065551757812e+01
-9.118177413940429688e+00 7.702995300292968750e+00 -2.512963294982910156e+01
-4.150984764099121094e+00 8.765523910522460938e+00 -7.615883350372314453e+00
1.503125667572021484e+01 -1.808501243591308594e+01 -4.468067169189453125e+00
4.042518138885498047e+00 2.378684997558593750e+01 1.966776084899902344e+01
-1.365380001068115234e+01 1.571682453155517578e+00 1.474380207061767578e+01
-1.888169670104980469e+01 3.883319854736328125e+01 -1.398581385612487793e+00
-1.043712234497070312e+01 -2.308852386474609375e+01 -2.563973999023437500e+01
-2.582522583007812500e+01 -2.602831077575683594e+01 3.937142848968505859e+00
2.475025749206542969e+01 1.360151386260986328e+01 -2.998579740524291992e-01
-8.718621253967285156e+00 -8.768113136291503906e+00 1.702991485595703125e+01
1.347065353393554688e+01 -9.721672058105468750e+00 8.006386756896972656e+00
-3.438715934753417969e+00 4.007255077362060547e+00 -1.285161018371582031e+00
1.821919250488281250e+01 5.285703182220458984e+00 -1.213382530212402344e+01
2.340412139892578125e+01 -3.408056735992431641e+00 4.434673309326171875e+00
-1.915991592407226562e+01 -6.991822719573974609e+00 -7.414928674697875977e-01
-9.874504208564758301e-01 -3.790319824218750000e+01 8.482825160026550293e-01
-1.207627201080322266e+01 2.379778861999511719e+01 -8.237250328063964844e+00
2.248570919036865234e+00 -3.926371002197265625e+01 -5.703230857849121094e+00
-1.181083011627197266e+01 2.485340690612792969e+01 1.575250720977783203e+01
1.830153083801269531e+01 3.262774658203125000e+01 -7.256515026092529297e+00
-3.137820816040039062e+01 -1.194496154785156250e+01 -1.972040176391601562e+01
-3.456425070762634277e-01 1.554263877868652344e+01 -1.899314308166503906e+01
-1.561625003814697266e+01 -1.212739276885986328e+01 2.112521553039550781e+01
-3.081587219238281250e+01 -1.856268501281738281e+01 5.124964714050292969e+00
8.536538124084472656e+00 -1.151433277130126953e+01 -8.279529571533203125e+00
2.232209014892578125e+01 5.153335571289062500e+00 -4.423864841461181641e+00
1.960951805114746094e+01 1.103995037078857422e+01 1.514678859710693359e+01
6.355748176574707031e+00 2.210378456115722656e+01 -2.059047889709472656e+01
4.251869201660156250e+00 -3.388621902465820312e+01 1.395517349243164062e+01
2.732402610778808594e+01 -2.045744514465332031e+01 -1.630167579650878906e+01
2.098089599609375000e+01 7.327139854431152344e+00 -2.182557678222656250e+01
-2.023962783813476562e+01 -3.241780281066894531e+00 2.351294755935668945e+00
-3.678948974609375000e+01 -8.582760810852050781e+00 6.662324070930480957e-01
-3.537905454635620117e+00 2.948432445526123047e+00 3.921610641479492188e+01
-6.629088401794433594e+00 4.905479907989501953e+00 5.954471111297607422e+00
1.877726554870605469e+01 5.525781631469726562e+00 1.929889106750488281e+01
2.001970672607421875e+01 2.965197944641113281e+01 2.444173812866210938e+00
2.912378311157226562e+01 1.352506065368652344e+01 1.850290298461914062e+01
2.798976325988769531e+01 -2.042175674438476562e+01 1.066054701805114746e+00
1.610369682312011719e+01 -1.228479194641113281e+01 2.527088356018066406e+01
9.964657783508300781e+00 -2.055937194824218750e+01 9.937689781188964844e+00
9.628001451492309570e-01 -3.059697341918945312e+01 4.637740135192871094e+00
2.747298431396484375e+01 2.684434413909912109e+00 -1.165830135345458984e+00
4.890559196472167969e+00 9.817077636718750000e+00 8.765542030334472656e+00
2.830518913269042969e+01 1.384907054901123047e+01 1.592139124870300293e+00
3.266362428665161133e+00 -3.271710205078125000e+01 -1.885998916625976562e+01
-2.678937149047851562e+01 1.239741420745849609e+01 -1.496716213226318359e+01
1.469083118438720703e+01 -1.617265319824218750e+01 6.093994617462158203e+00
-6.084027767181396484e+00 3.999064636230468750e+01 3.824666023254394531e+00
1.800247001647949219e+01 1.041774749755859375e+01 -1.119009494781494141e+01
-2.205657386779785156e+01 8.168381690979003906e+00 1.313578367233276367e+00
-6.532549858093261719e-01 -2.877093505859375000e+01 -2.324730491638183594e+01
-8.207107543945312500e+00 1.440705680847167969e+01 3.208226394653320312e+01
1.647086524963378906e+01 3.596265554428100586e+00 -3.597126388549804688e+01
-2.258743095397949219e+01 6.079518318176269531e+00 2.821959877014160156e+01
-1.147861862182617188e+01 1.672096443176269531e+01 3.406523942947387695e+00
2.534861755371093750e+01 -1.129243373870849609e+01 -2.486489677429199219e+01
2.522520637512207031e+01 -1.531566143035888672e+01 2.453810310363769531e+01
4.955854892730712891e+00 -2.268912076950073242e+00 -2.007772207260131836e+00
1.469814777374267578e+01 1.220995903015136719e+01 1.358959674835205078e+00
-2.250973320007324219e+01 -4.173748195171356201e-01 -1.555704593658447266e+01
1.180906677246093750e+01 3.062534332275390625e+01 -1.596623516082763672e+01
1.224708557128906250e+01 -3.204046249389648438e+01 -1.038259506225585938e+01
-1.028613376617431641e+01 2.920909690856933594e+01 2.658515453338623047e+00
1.054188442230224609e+01 -5.064848423004150391e+00 -1.330831909179687500e+01
5.733601570129394531e+00 1.267781829833984375e+01 -2.974969387054443359e+00
6.939588069915771484e+00 3.249127149581909180e+00 1.179243850708007812e+01
9.875417709350585938e+00 -3.210910415649414062e+01 -2.219325447082519531e+01
4.227208137512207031e+00 2.858991241455078125e+01 2.683804988861083984e+00
-1.167537117004394531e+01 -2.793463468551635742e+00 1.542074012756347656e+01
3.286294555664062500e+01 -5.480617046356201172e+00 -1.698164558410644531e+01
1.302554798126220703e+01 1.831520271301269531e+01 6.672994613647460938e+00
-7.630914688110351562e+00 3.344457149505615234e-01 2.083720779418945312e+01
1.776447677612304688e+01 3.890444517135620117e+00 3.309025192260742188e+01
-1.647975349426269531e+01 1.666951751708984375e+01 -2.218576622009277344e+01
-1.816833877563476562e+01 1.078616333007812500e+01 8.384654045104980469e+00
2.457437515258789062e+01 9.438975334167480469e+00 1.504065513610839844e+01
9.564429283142089844e+00 1.307702350616455078e+01 2.537464141845703125e+01
8.962593078613281250e+00 1.444714069366455078e+01 3.101800727844238281e+01
1.478475284576416016e+01 -1.074609565734863281e+01 -2.784202766418457031e+01
1.204164695739746094e+01 2.685349082946777344e+01 2.974828004837036133e+00
-7.378344535827636719e+00 1.510677433013916016e+01 2.401722335815429688e+01
-7.949337959289550781e+00 1.707598114013671875e+01 -6.672132492065429688e+00
5.579004764556884766e+00 3.137425994873046875e+01 -4.791054725646972656e+00
-4.109093856811523438e+01 -5.516690611839294434e-01 8.966800689697265625e+00
-1.994804573059082031e+01 2.095508003234863281e+01 -1.645825386047363281e+01
1.836792945861816406e+01 1.722188949584960938e+01 2.090352630615234375e+01
-1.780626678466796875e+01 1.676266479492187500e+01 1.944160652160644531e+01
-6.872262954711914062e+00 6.908449649810791016e+00 3.561127185821533203e+00
-1.138179183006286621e+00 -3.917791748046875000e+01 2.248841822147369385e-01
1.737157249450683594e+01 -1.616073608398437500e+01 -2.562716674804687500e+01
-1.772642898559570312e+01 -8.632861137390136719e+00 1.678555107116699219e+01
-6.926252365112304688e+00 -1.121998691558837891e+01 -1.654829025268554688e+01
-5.864812850952148438e+00 4.005382156372070312e+01 3.685593366622924805e+00
-6.663781404495239258e-01 -3.171721076965332031e+01 -1.638688278198242188e+01
4.070763778686523438e+01 -2.237525701522827148e+00 5.572482109069824219e+00
-9.012666702270507812e+00 -6.573890686035156250e+00 5.588761568069458008e-01
1.349269485473632812e+01 -2.611854743957519531e+01 1.363257050514221191e+00
-2.053445053100585938e+01 -3.121537446975708008e+00 2.353447675704956055e+00
-2.845535278320312500e+01 -5.625830650329589844e+00 -1.126333332061767578e+01
-2.676525115966796875e-01 -1.038269281387329102e+00 -3.706147003173828125e+01
-2.051964759826660156e+01 1.631703376770019531e+00 4.613078594207763672e+00
-1.504421234130859375e+01 -3.217910051345825195e+00 -2.113782119750976562e+01
-7.660721302032470703e+00 -1.570398139953613281e+01 -1.471481800079345703e+01
4.747749805450439453e+00 2.854474067687988281e+01 1.783171772956848145e+00
9.012672424316406250e+00 5.001688957214355469e+00 -3.296575164794921875e+01
1.684838867187500000e+01 -1.653176116943359375e+01 3.038188552856445312e+01
1.462526035308837891e+01 2.476187705993652344e+01 -5.288193702697753906e+00
4.231447696685791016e+00 9.068861961364746094e+00 2.546470880508422852e+00
3.062098503112792969e+00 1.916381454467773438e+01 -3.223704147338867188e+01
2.225409507751464844e+01 1.966592788696289062e+01 1.759097814559936523e+00
-7.182732582092285156e+00 6.235983371734619141e+00 -1.389598751068115234e+01
7.887884140014648438e+00 4.857124805450439453e+00 7.422297477722167969e+00
3.208920240402221680e+00 2.504711532592773438e+01 2.242963552474975586e+00
-2.651917839050292969e+01 -1.474162864685058594e+01 -2.258591270446777344e+01
-4.168447971343994141e+00 -5.098569869995117188e+00 -3.328102588653564453e+00
-1.403115153312683105e+00 -2.619614028930664062e+01 1.226331615447998047e+01
-3.382103919982910156e+00 6.886434078216552734e+00 1.070886802673339844e+01
2.272770166397094727e+00 -1.470867753028869629e+00 9.661542892456054688e+00
3.912315607070922852e+00 7.242164134979248047e+00 3.725620651245117188e+01
1.394147300720214844e+01 2.047904396057128906e+01 1.958101654052734375e+01
1.243244051933288574e+00 -1.215537357330322266e+01 -1.259476566314697266e+01
2.120258712768554688e+01 1.483076286315917969e+01 -2.498811340332031250e+01
8.712738037109375000e+00 1.329505634307861328e+01 -1.659169769287109375e+01
-2.238477706909179688e+01 1.118608093261718750e+01 1.693678092956542969e+01
3.263896560668945312e+01 2.941928148269653320e+00 -3.036982536315917969e+00
-5.884496212005615234e+00 -1.999927520751953125e+01 -1.852821826934814453e+00
-9.762060642242431641e-01 -4.361203193664550781e+00 2.881757164001464844e+01
1.583376502990722656e+01 -7.896128654479980469e+00 2.657663536071777344e+01
-1.577837467193603516e+01 1.509529876708984375e+01 -9.744586944580078125e+00
8.027471542358398438e+00 -8.072173118591308594e+00 -1.311248588562011719e+01
-1.042197322845458984e+01 3.647415161132812500e+01 4.227964878082275391e+00
2.295833206176757812e+01 1.801855278015136719e+01 -2.015533828735351562e+01
-8.421500205993652344e+00 9.067179679870605469e+00 -2.650197982788085938e+01
2.923955345153808594e+01 -5.125037193298339844e+00 3.891307353973388672e+00
-2.132165145874023438e+01 1.335898041725158691e+00 1.345601272583007812e+01
-1.496326541900634766e+01 -2.145954513549804688e+01 1.037232780456542969e+01
-2.469877243041992188e+01 -1.362950801849365234e+01 1.453378391265869141e+01
-2.213563346862792969e+01 1.276408863067626953e+01 2.206784248352050781e+00
1.036009407043457031e+01 2.859249687194824219e+01 6.391167640686035156e+00
-9.282068252563476562e+00 1.921201133728027344e+01 6.858519554138183594e+00
-3.179316520690917969e+01 8.507578372955322266e-01 -8.195019960403442383e-01
-8.126969337463378906e+00 1.459237384796142578e+01 3.119250869750976562e+01
1.546473121643066406e+01 3.577699661254882812e+01 9.555541038513183594e+00
-6.711601734161376953e+00 2.576990842819213867e+00 9.390942573547363281e+00
1.356952667236328125e+01 -4.598826467990875244e-01 2.555014419555664062e+01
-8.962198257446289062e+00 -1.992504119873046875e+01 -2.080805778503417969e+01
2.437598609924316406e+01 1.141400718688964844e+01 2.286073493957519531e+01
-1.868066024780273438e+01 2.128726959228515625e+01 2.000868797302246094e+01
7.210013866424560547e+00 1.707946968078613281e+01 6.735924720764160156e+00
-4.148260879516601562e+01 -2.840977191925048828e+00 9.875225067138671875e+00
8.995924949645996094e+00 5.784337997436523438e+00 -3.096249771118164062e+01
2.356170845031738281e+01 -1.103146553039550781e+01 -1.780272674560546875e+01
-1.022247982025146484e+01 -1.900141143798828125e+01 1.354889965057373047e+01
-1.283899593353271484e+01 3.245810031890869141e+00 -1.873599815368652344e+01
8.961790084838867188e+00 -2.022043991088867188e+01 1.637118101119995117e+00
1.655396842956542969e+01 -7.646977305412292480e-01 4.107614517211914062e+00
6.201030731201171875e+00 -2.138561487197875977e+00 2.493152809143066406e+01
2.080966472625732422e+00 1.669598770141601562e+01 -3.465384674072265625e+01
2.774449348449707031e+01 -2.477500915527343750e+01 4.922435760498046875e+00
-5.843080282211303711e-01 4.185840988159179688e+01 2.488397121429443359e+00
1.466071796417236328e+01 1.490773010253906250e+01 -6.305498123168945312e+00
3.807447671890258789e+00 1.606017589569091797e+00 -2.466291809082031250e+01
9.991034269332885742e-01 -4.042387008666992188e+00 -2.809314537048339844e+01
-1.447014927864074707e+00 -1.186580777168273926e+00 1.404330730438232422e+01
2.391263097524642944e-01 5.652789592742919922e+00 1.934654426574707031e+01
4.477040767669677734e+00 -1.600499725341796875e+01 1.149392890930175781e+01
-7.665678977966308594e+00 -8.708661079406738281e+00 -8.714351654052734375e+00
-7.601140975952148438e+00 -1.203382015228271484e+01 5.202618122100830078e+00
-1.272608757019042969e+01 -1.425939464569091797e+01 -9.252405166625976562e+00
5.980338096618652344e+00 8.334844589233398438e+00 -4.186638832092285156e+00
-2.662888717651367188e+01 -1.208830356597900391e+01 -2.551366043090820312e+01
-1.507702922821044922e+01 1.718620681762695312e+01 -2.663989639282226562e+01
1.206720066070556641e+01 -7.680516242980957031e+00 3.181849718093872070e+00
-3.137261199951171875e+01 -5.559354305267333984e+00 -2.451148414611816406e+01
-9.759485721588134766e-02 3.748000621795654297e+00 -3.169644546508789062e+01
9.664556503295898438e+00 1.267053318023681641e+01 -1.573820877075195312e+01
2.441606521606445312e+00 1.619201064109802246e+00 1.752476501464843750e+01
6.803066730499267578e+00 -3.437065887451171875e+01 -8.299452781677246094e+00
2.353974723815917969e+01 -2.721908378601074219e+01 5.133061408996582031e+00
-1.459913825988769531e+01 4.150533676147460938e+00 -1.536071586608886719e+01
3.751015186309814453e+00 -2.705023956298828125e+01 -2.833782434463500977e+00
1.012870121002197266e+01 -2.352238273620605469e+01 2.741569519042968750e+01
-7.143921852111816406e+00 1.501854991912841797e+01 2.513004302978515625e+01
-1.916627120971679688e+01 1.021197128295898438e+01 2.446022033691406250e+01
-2.042934799194335938e+01 9.743870735168457031e+00 1.676913452148437500e+01
1.357772111892700195e+00 1.745012474060058594e+01 8.599515914916992188e+00
7.301186561584472656e+00 -1.666089057922363281e+01 -5.693578720092773438e+00
3.626218414306640625e+01 5.938491821289062500e+00 -2.746023893356323242e+00
1.755945205688476562e+01 -1.710995674133300781e+01 1.660675239562988281e+01
1.265411281585693359e+01 1.373945999145507812e+01 2.515046596527099609e+00
3.171611022949218750e+01 -2.344370841979980469e+01 4.875369548797607422e+00
1.205520749092102051e+00 1.815019798278808594e+01 1.368792819976806641e+01
-1.253632354736328125e+01 3.018649482727050781e+01 3.652663826942443848e-01
-2.592677354812622070e+00 1.505299925804138184e+00 -8.331860542297363281e+00
-1.700281524658203125e+01 -4.658837318420410156e+00 1.193622303009033203e+01
1.494932079315185547e+01 -6.861663818359375000e+00 1.836024284362792969e+01
-2.545691967010498047e+00 2.375353431701660156e+01 -2.731098175048828125e+00
-3.464324235916137695e+00 -1.145191574096679688e+01 -1.692908096313476562e+01
-2.533833503723144531e+01 4.501819133758544922e+00 7.516939640045166016e+00
4.932988166809082031e+00 -2.586849021911621094e+01 -1.392978000640869141e+01
-9.175579071044921875e+00 2.558202743530273438e+01 1.902745628356933594e+01
-2.879272651672363281e+01 -1.905198097229003906e+01 4.873847484588623047e+00
2.692832183837890625e+01 3.740752220153808594e+00 -2.711736106872558594e+01
2.582580566406250000e+01 -1.609356498718261719e+01 2.176125335693359375e+01
-9.719043731689453125e+00 -1.303297138214111328e+01 3.598751831054687500e+01
-2.595419120788574219e+01 -2.167803382873535156e+01 -3.607587337493896484e+00
-5.075730323791503906e+00 -3.945307970046997070e+00 3.447191619873046875e+01
1.503329658508300781e+01 -7.541279792785644531e-01 -3.630768966674804688e+01
-1.957730674743652344e+01 -2.078687858581542969e+01 1.584190464019775391e+01
3.512387514114379883e+00 3.894575357437133789e+00 -2.917653846740722656e+01
1.316626930236816406e+01 -1.754991912841796875e+01 -7.039987564086914062e+00
-5.927151203155517578e+00 9.839249610900878906e+00 8.921458244323730469e+00
-1.857423210144042969e+01 7.983305931091308594e+00 -6.883243083953857422e+00
2.592085838317871094e+01 -1.523400115966796875e+01 1.053746032714843750e+01
-1.474534511566162109e+01 -2.518102073669433594e+01 -2.088134956359863281e+01
8.290912628173828125e+00 -2.553645610809326172e+00 4.001171588897705078e+00
-3.197548675537109375e+01 1.799765014648437500e+01 -3.740436077117919922e+00
-3.769991159439086914e+00 1.847134399414062500e+01 2.211865425109863281e+00
-4.181027412414550781e+00 -3.237753677368164062e+01 -7.392895221710205078e-01
-8.953289031982421875e+00 3.141781568527221680e+00 -4.928727149963378906e+00
1.974018812179565430e+00 -2.992087936401367188e+01 -1.502650547027587891e+01
-2.682063817977905273e+00 3.926016688346862793e-01 -9.112795829772949219e+00
7.832826137542724609e+00 -2.954052543640136719e+01 1.209456443786621094e+01
-2.354789733886718750e+00 -2.774634170532226562e+01 -2.496170616149902344e+01
-1.636616516113281250e+01 9.535063743591308594e+00 -8.750170707702636719e+00
3.256304979324340820e+00 2.442867279052734375e+00 -1.825792694091796875e+01
9.810067176818847656e+00 1.282454013824462891e+01 2.470123863220214844e+01
1.714313316345214844e+01 2.478373146057128906e+01 1.279912376403808594e+01
-1.127814292907714844e+01 3.477400970458984375e+01 -2.984785735607147217e-01
1.019685649871826172e+01 6.066588401794433594e+00 -2.956431388854980469e+01
-3.010984802246093750e+01 -1.787108612060546875e+01 1.599375343322753906e+01
-6.102106094360351562e+00 3.958435773849487305e+00 6.439497470855712891e+00
-1.594769096374511719e+01 -9.485919952392578125e+00 1.571784591674804688e+01
1.254300022125244141e+01 2.056221771240234375e+01 1.711842727661132812e+01
-4.527425859123468399e-03 -2.820133399963378906e+01 -2.338426589965820312e+01
-1.869378662109375000e+01 1.188981628417968750e+01 1.987746047973632812e+01
1.914793848991394043e+00 -3.501179504394531250e+01 -2.042251396179199219e+01
-3.457167816162109375e+01 -4.077523231506347656e+00 -2.099794578552246094e+01
-5.654934406280517578e+00 9.286251068115234375e+00 -2.780140304565429688e+01
7.769493103027343750e+00 -2.105571174621582031e+01 -2.105286216735839844e+01
-1.997362732887268066e+00 2.284403038024902344e+01 -1.385423755645751953e+01
5.355263233184814453e+00 1.300152206420898438e+01 -2.622930717468261719e+01
7.809536457061767578e+00 1.137200236320495605e+00 -2.928829383850097656e+01
5.174778938293457031e+00 8.549200057983398438e+00 3.851361846923828125e+01
-4.901633739471435547e+00 3.214749145507812500e+01 -1.109560012817382812e+01
-1.467774963378906250e+01 -1.333415412902832031e+01 1.177889823913574219e+01
-1.936684799194335938e+01 -9.899655342102050781e+00 3.474828720092773438e+01
-5.751208305358886719e+00 3.247476577758789062e+01 -2.284988594055175781e+01
2.330679702758789062e+01 -1.915409469604492188e+01 1.602052879333496094e+01
3.414613962173461914e+00 1.705539131164550781e+01 -7.788250446319580078e+00
1.307204246520996094e+00 -3.248641586303710938e+01 1.541579604148864746e+00
1.326469898223876953e+00 8.378894329071044922e-01 -1.454117655754089355e+00
7.517663955688476562e+00 2.045903444290161133e+00 -2.865303421020507812e+01
1.246911430358886719e+01 -2.337396049499511719e+01 -2.586885261535644531e+01
2.604601097106933594e+01 1.734894943237304688e+01 -1.571195602416992188e+01
3.372212219238281250e+01 4.010318279266357422e+00 1.547605419158935547e+01
-2.603974914550781250e+01 9.197930097579956055e-01 -2.245062887668609619e-01
-2.839137840270996094e+01 -5.992064952850341797e+00 -1.189739513397216797e+01
3.220244216918945312e+01 -1.098756217956542969e+01 -1.302885532379150391e+01
-3.708091354370117188e+01 2.373237848281860352e+00 6.245821952819824219e+00
-5.994697570800781250e+00 -1.942992019653320312e+01 -1.802872657775878906e+00
-4.866759777069091797e+00 2.762938117980957031e+01 -2.418131828308105469e+01
4.915237426757812500e+00 1.260765194892883301e+00 2.399127244949340820e+00
-2.150834560394287109e+00 -1.024533271789550781e+00 -1.704664802551269531e+01
-5.087771415710449219e+00 1.210683631896972656e+01 -1.192670536041259766e+01
-1.310868263244628906e+01 -2.914776039123535156e+01 1.773810768127441406e+01
-3.255176305770874023e+00 -2.284192323684692383e+00 2.505327701568603516e+00
7.586700916290283203e+00 -1.796821594238281250e+01 -4.728318214416503906e+00
-3.321417999267578125e+01 1.542521667480468750e+01 -5.250362873077392578e+00
6.742096424102783203e+00 -1.839932060241699219e+01 1.496191024780273438e+00
-1.218151760101318359e+01 1.467527580261230469e+01 -2.879854011535644531e+01
4.508885860443115234e+00 2.812233686447143555e+00 -1.906697082519531250e+01
-3.020099830627441406e+01 -2.006382942199707031e+01 6.856623649597167969e+00
-9.831542015075683594e+00 2.306522876024246216e-01 -2.966118621826171875e+01
-6.750275611877441406e+00 2.881328964233398438e+01 1.144333744049072266e+01
-2.627123641967773438e+01 2.475313186645507812e+01 -2.837128639221191406e+00
1.232693958282470703e+01 6.474319458007812500e+00 -1.196191501617431641e+01
-3.013103604316711426e-01 -2.211478996276855469e+01 2.607627487182617188e+01
1.534427881240844727e+00 -2.053945732116699219e+01 -6.331140041351318359e+00
1.288587927818298340e+00 2.221544075012207031e+01 1.742161560058593750e+01
-3.158632278442382812e+01 -1.848417091369628906e+01 -7.956038475036621094e+00
1.392070388793945312e+01 1.714943528175354004e+00 -2.077394866943359375e+01
-2.419983100891113281e+01 3.944381237030029297e+00 -2.213515853881835938e+01
-2.450987815856933594e+01 1.984161376953125000e+00 -1.537338733673095703e+01
-2.751251411437988281e+01 3.509178757667541504e-01 -2.547560930252075195e-01
-2.608081102371215820e+00 -2.315108871459960938e+01 -2.514345741271972656e+01
5.274310111999511719e+00 -2.206836318969726562e+01 1.665667343139648438e+01
3.468768835067749023e+00 -2.119698905944824219e+01 7.025809288024902344e+00
-1.997803306579589844e+01 1.303550052642822266e+01 1.794960594177246094e+01
-2.264315032958984375e+01 4.260534763336181641e+00 -1.215543460845947266e+01
-1.051958751678466797e+01 -7.777741432189941406e+00 1.159048175811767578e+01
3.477970361709594727e+00 -6.492860615253448486e-02 5.817853927612304688e+00
-1.462485694885253906e+01 -2.097416305541992188e+01 1.071592617034912109e+01
-3.429371261596679688e+01 1.476624584197998047e+01 4.836857795715332031e+00
-7.826739311218261719e+00 -3.781995773315429688e+01 1.284205722808837891e+01
-7.054166316986083984e+00 -1.345620727539062500e+01 1.922785377502441406e+01
2.676273155212402344e+01 1.065364933013916016e+01 2.155656433105468750e+01
-3.767822647094726562e+01 6.642339706420898438e+00 7.614306926727294922e+00
-3.064312553405761719e+01 1.753049468994140625e+01 3.799317359924316406e+00
-4.119888305664062500e+01 -2.688696384429931641e+00 9.534626960754394531e+00
-2.164613151550292969e+01 -7.969457626342773438e+00 -3.279721021652221680e+00
5.041204929351806641e+00 -9.394841194152832031e+00 3.721209716796875000e+01
-8.828951835632324219e+00 1.048104858398437500e+01 -2.677342605590820312e+01
6.884174346923828125e+00 2.644269561767578125e+01 2.107888221740722656e+00
-1.781957626342773438e+01 -9.097993850708007812e+00 -1.376150035858154297e+01
6.742252826690673828e+00 7.552593708038330078e+00 -1.131131649017333984e+01
-5.126899242401123047e+00 1.438540649414062500e+01 3.502524566650390625e+01
-2.295019149780273438e+01 -2.091241836547851562e+01 2.332397079467773438e+01
1.481661319732666016e+01 -2.687648963928222656e+01 1.956237220764160156e+01
1.338198280334472656e+01 -2.751347351074218750e+01 3.306231737136840820e+00
2.515030479431152344e+01 -1.578203487396240234e+01 2.405187606811523438e+01
-1.185055351257324219e+01 -1.787546539306640625e+01 2.333642578125000000e+01
-1.821318435668945312e+01 -1.331265163421630859e+01 -2.314851570129394531e+01
-1.379677963256835938e+01 -1.398701095581054688e+01 1.214830207824707031e+01
3.530720138549804688e+01 1.851293683052062988e+00 -5.627347469329833984e+00
1.617822647094726562e+01 -1.401475429534912109e+01 2.892316055297851562e+01
-2.295410919189453125e+01 -5.248419046401977539e-01 -3.015179634094238281e+01
2.984360313415527344e+01 -1.023369407653808594e+01 1.597535705566406250e+01
1.514118671417236328e+00 6.776616573333740234e+00 1.887668609619140625e+01
7.798506736755371094e+00 -4.470766544342041016e+00 -1.913323998451232910e+00
-1.071113014221191406e+01 -2.629508781433105469e+01 -1.493099498748779297e+01
4.399205207824707031e+00 -7.037254810333251953e+00 -1.657617187500000000e+01
-8.731424212455749512e-01 -3.880204010009765625e+01 -2.292484045028686523e+00
2.077901458740234375e+01 -6.486971855163574219e+00 2.243835067749023438e+01
-2.482793617248535156e+01 -6.542822360992431641e+00 -7.412570953369140625e+00
-4.749703884124755859e+00 1.572222042083740234e+01 2.955705070495605469e+01
1.406034851074218750e+01 -2.743371963500976562e+01 -8.145462036132812500e+00
-2.958772659301757812e+01 -5.503830432891845703e+00 -1.131467628479003906e+01
-9.870970726013183594e+00 6.204032339155673981e-03 2.174351930618286133e+00
-4.389124393463134766e+00 -1.552503108978271484e+00 -1.841525459289550781e+01
3.006792449951171875e+01 1.323522758483886719e+01 -1.645150184631347656e+01
6.538152694702148438e+00 -1.123953056335449219e+01 -2.189528846740722656e+01
1.828988075256347656e+01 5.348138332366943359e+00 -1.221254062652587891e+01
2.689653015136718750e+01 3.437983989715576172e+00 -2.896566581726074219e+01
1.722448730468750000e+01 1.913506698608398438e+01 1.956958770751953125e+01
1.606806182861328125e+01 1.390545558929443359e+01 1.983433151245117188e+01
6.870925426483154297e+00 2.099705123901367188e+01 -1.370671749114990234e+01
2.711120033264160156e+01 2.229760408401489258e+00 2.745967864990234375e+00
1.763741302490234375e+01 5.334708213806152344e+00 1.257058906555175781e+01
-1.302355670928955078e+01 2.987391948699951172e-01 7.702674865722656250e+00
1.512882614135742188e+01 -2.414322280883789062e+01 3.675203025341033936e-01
-5.556745052337646484e+00 2.354656791687011719e+01 -2.158222579956054688e+01
-2.240545034408569336e+00 3.343723297119140625e+01 -6.385504007339477539e-01
1.483462905883789062e+01 -1.488792228698730469e+01 -9.857762336730957031e+00
7.700923919677734375e+00 1.907932281494140625e+01 3.408211469650268555e+00
1.031567192077636719e+01 -7.162916183471679688e+00 3.906080245971679688e+01
-2.327037429809570312e+01 -6.322599411010742188e+00 -5.062541961669921875e+00
-1.848858451843261719e+01 -3.060135078430175781e+01 1.817975234985351562e+01
-3.624445343017578125e+01 -7.683900356292724609e+00 -7.984302043914794922e-01
-2.332761001586914062e+01 2.505535697937011719e+01 -4.266384601593017578e+00
-2.032217264175415039e+00 2.516178703308105469e+01 -2.376419067382812500e+01
1.601744270324707031e+01 -2.206575012207031250e+01 -1.362874865531921387e+00
-1.459206295013427734e+01 9.842904090881347656e+00 2.992071151733398438e+01
-1.352340888977050781e+01 2.610887908935546875e+01 2.329952239990234375e+01
1.295815753936767578e+01 -9.952223777770996094e+00 2.468847274780273438e+01
3.055527448654174805e+00 -3.076873016357421875e+01 -1.352679920196533203e+01
-2.373236274719238281e+01 1.147409343719482422e+01 -2.020887756347656250e+01
-9.672884941101074219e+00 5.238087654113769531e+00 1.622357749938964844e+01
-2.381573867797851562e+01 -6.663650035858154297e+00 1.596650695800781250e+01
2.864802360534667969e+01 -1.506733989715576172e+01 2.052100753784179688e+01
6.263675212860107422e+00 2.381845664978027344e+01 2.314898681640625000e+01
4.243937969207763672e+00 -4.554525852203369141e+00 1.986046409606933594e+01
9.137032508850097656e+00 -8.418210983276367188e+00 -1.474729824066162109e+01
-9.988106727600097656e+00 5.422206401824951172e+00 1.577456665039062500e+01
-1.157915401458740234e+01 -3.311261415481567383e+00 1.546788406372070312e+01
-4.941424846649169922e+00 -1.938837814331054688e+01 -1.497765445709228516e+01
-6.488679885864257812e+00 1.383694839477539062e+01 3.512588119506835938e+01
1.383432674407958984e+01 -1.599058341979980469e+01 5.165868282318115234e+00
3.996217548847198486e-01 -2.587833595275878906e+01 1.051874446868896484e+01
-1.987476348876953125e+01 5.232266902923583984e+00 -1.399063777923583984e+01
-1.777211189270019531e+01 -2.279564857482910156e+01 -5.179893970489501953e-02
8.761564254760742188e+00 -2.432247543334960938e+01 -2.220457077026367188e+01
-3.998100662231445312e+01 -4.302171230316162109e+00 1.212683677673339844e+01
1.087100282311439514e-01 -1.458241844177246094e+01 -7.930422306060791016e+00
2.066551446914672852e+00 -3.850475311279296875e+01 -1.717686176300048828e+00
2.026690864562988281e+01 2.981421661376953125e+01 1.717481255531311035e+00
8.221787214279174805e-02 -5.610624790191650391e+00 -2.771533775329589844e+01
3.164639854431152344e+01 -1.454629230499267578e+01 1.092702579498291016e+01
1.359466934204101562e+01 2.439348697662353516e+00 -2.189902305603027344e+01
-2.109842300415039062e+01 -8.696899414062500000e-01 -4.421761989593505859e+00
-1.273812198638916016e+01 2.100325584411621094e+01 2.102808952331542969e+01
2.045252037048339844e+01 2.312135505676269531e+01 -8.371277809143066406e+00
-2.305271148681640625e+00 -7.208496093750000000e+00 -1.342854499816894531e+01
7.763850212097167969e+00 -3.347612321376800537e-01 2.287674331665039062e+01
-1.427607631683349609e+01 -2.929275035858154297e-01 1.574665737152099609e+01
1.011147141456604004e+00 2.150074958801269531e+01 1.537591075897216797e+01
4.120891690254211426e-01 4.699724197387695312e+00 2.100873947143554688e+01
-5.134312152862548828e+00 9.469844818115234375e+00 -1.664283752441406250e+01
6.769329071044921875e+00 1.625096702575683594e+01 -2.623612022399902344e+01
2.570193672180175781e+01 -7.046079039573669434e-01 -2.196030998229980469e+01
-1.738813972473144531e+01 -1.174928474426269531e+01 1.054087734222412109e+01
-2.406896209716796875e+01 2.454311180114746094e+01 -5.320203781127929688e+00
1.264875030517578125e+01 -2.438315868377685547e+00 2.922946166992187500e+01
1.662705802917480469e+01 1.009500217437744141e+01 1.723744583129882812e+01
1.802434921264648438e+01 1.018599510192871094e+01 2.142135429382324219e+01
2.378951835632324219e+01 6.106985569000244141e+00 -1.089137649536132812e+01
2.191516113281250000e+01 2.061146163940429688e+01 1.636078262329101562e+01
2.025262069702148438e+01 -6.196181297302246094e+00 -2.319332313537597656e+01
-1.841641616821289062e+01 -1.902118110656738281e+01 1.002706336975097656e+01
-1.907985115051269531e+01 9.878489494323730469e+00 2.449227714538574219e+01
5.590390563011169434e-01 -4.758821800351142883e-02 1.161450481414794922e+01
4.784142971038818359e+00 1.027270030975341797e+01 8.122653961181640625e+00
-2.512041473388671875e+01 6.277876377105712891e+00 2.810110092163085938e+01
-3.969026327133178711e+00 1.852143526077270508e+00 -1.662775230407714844e+01
7.944817066192626953e+00 -8.366243362426757812e+00 3.920864105224609375e+01
-1.421600151062011719e+01 5.167659282684326172e+00 -3.160854911804199219e+01
-1.122944831848144531e+01 3.558872604370117188e+01 3.817156851291656494e-01
2.607414245605468750e+01 6.067559242248535156e+00 6.676683902740478516e+00
6.802953243255615234e+00 2.729100942611694336e+00 1.140144634246826172e+01
-7.102301120758056641e+00 -6.128188967704772949e-01 3.512149810791015625e+01
-1.800069618225097656e+01 7.029703140258789062e+00 -9.729773521423339844e+00
-1.504866600036621094e+01 9.047619819641113281e+00 -8.376348495483398438e+00
-1.315298914909362793e+00 -5.989964008331298828e+00 2.492156600952148438e+01
1.543253612518310547e+01 -4.972144126892089844e+00 1.175014686584472656e+01
9.983836174011230469e+00 2.792008399963378906e+01 1.568934440612792969e+00
-8.710965156555175781e+00 -1.411128711700439453e+01 3.640974426269531250e+01
-1.809108734130859375e+01 9.932644844055175781e+00 6.563620567321777344e+00
-1.976996612548828125e+01 3.003820419311523438e+00 4.402895450592041016e+00
-4.848862171173095703e+00 3.337463378906250000e+00 1.585395431518554688e+01
-1.855201339721679688e+01 2.311259984970092773e+00 -2.296187782287597656e+01
-4.091279581189155579e-02 3.715607070922851562e+01 1.930319595336914062e+01
-1.428388595581054688e+00 -2.592247390747070312e+01 -6.428074836730957031e-01
9.359644889831542969e+00 -1.950255203247070312e+01 9.542336463928222656e-01
2.147112274169921875e+01 -9.051844596862792969e+00 8.211313247680664062e+00
2.572325897216796875e+01 8.407106399536132812e+00 2.300346565246582031e+01
-6.219278335571289062e+00 1.841565895080566406e+01 1.694987106323242188e+01
-3.353897476196289062e+01 5.552942752838134766e+00 1.009087276458740234e+01
4.561454653739929199e-01 3.120786428451538086e+00 8.656612783670425415e-02
6.918363094329833984e+00 -1.386705517768859863e+00 -1.668616104125976562e+01
-7.014758586883544922e+00 -3.324484252929687500e+01 -8.285627961158752441e-01
2.173083573579788208e-01 3.527762222290039062e+01 -9.046955108642578125e+00
5.108572959899902344e+00 -3.773341369628906250e+01 -4.918579161167144775e-01
-1.681759452819824219e+01 -1.271117591857910156e+01 2.220285224914550781e+01
3.114926815032958984e+00 1.007448196411132812e+01 -7.259513735771179199e-01
1.680026054382324219e+01 -3.601402044296264648e+00 1.161940097808837891e+01
-2.386780738830566406e+01 -1.872741103172302246e+00 -7.532931327819824219e+00
-1.348049926757812500e+01 1.519711017608642578e+00 -2.409261703491210938e+01
-1.578508734703063965e+00 1.472678852081298828e+01 2.388602733612060547e+00
4.651135921478271484e+00 1.168262481689453125e+01 1.753507041931152344e+01
-3.039493322372436523e+00 -1.536891841888427734e+01 2.379847526550292969e+01
2.126731872558593750e+01 -2.865219497680664062e+01 8.476250648498535156e+00
1.197295761108398438e+01 9.250848889350891113e-01 -1.350348949432373047e+01
1.471277999877929688e+01 6.042568206787109375e+00 9.460719108581542969e+00
2.693529510498046875e+01 3.515557289123535156e+00 -2.907348823547363281e+01
9.556552886962890625e+00 5.291229248046875000e+00 4.885012626647949219e+00
1.150992584228515625e+01 -1.955788433551788330e-01 -3.677789306640625000e+01
1.658644294738769531e+01 1.118869781494140625e+01 2.226603507995605469e+00
-1.574201965332031250e+01 -3.093318557739257812e+01 -1.370634174346923828e+01
-8.144656181335449219e+00 1.454795646667480469e+01 3.143221092224121094e+01
3.768132019042968750e+01 -1.140543556213378906e+01 -5.489053249359130859e+00
2.081584358215332031e+01 -7.332423686981201172e+00 8.386012077331542969e+00
2.373364210128784180e+00 4.133882904052734375e+01 4.573034286499023438e+00
-2.838242912292480469e+01 -3.743360280990600586e+00 -1.375710010528564453e+00
2.643861389160156250e+01 -1.554882907867431641e+01 1.206079864501953125e+01
7.424974918365478516e+00 -1.746273803710937500e+01 1.059131908416748047e+01
3.401545524597167969e+00 -5.973520755767822266e+00 1.577445602416992188e+01
-1.248828315734863281e+01 -2.038303756713867188e+01 2.555318593978881836e+00
3.246201992034912109e+00 2.466950416564941406e-01 -2.620595550537109375e+01
2.571827697753906250e+01 5.880426168441772461e-01 -2.589646339416503906e+01
-7.949110031127929688e+00 -1.561101531982421875e+01 1.907925033569335938e+01
-2.621173286437988281e+01 -2.170322418212890625e+01 -4.253271102905273438e+00
-2.102224159240722656e+01 8.245614051818847656e+00 1.648503684997558594e+01
7.433122634887695312e+00 -3.287524414062500000e+01 -8.610294342041015625e+00
-2.837940216064453125e+00 -1.732710456848144531e+01 4.910736083984375000e+00
-1.729909706115722656e+01 -1.957398414611816406e+00 1.422158336639404297e+01
-2.041433334350585938e+01 1.163776397705078125e+00 -1.119630908966064453e+01
4.055943489074707031e+00 1.255992221832275391e+01 1.832241654396057129e+00
1.220929527282714844e+01 2.654641914367675781e+01 2.992832899093627930e+00
6.328275203704833984e+00 2.985097408294677734e+00 3.451713943481445312e+01
4.000828742980957031e+00 -5.970364570617675781e+00 -1.708342361450195312e+01
1.793571662902832031e+01 1.672683525085449219e+01 3.017638587951660156e+01
2.704219245910644531e+01 -9.313178062438964844e+00 -2.021187210083007812e+01
-4.322143077850341797e+00 2.650479555130004883e+00 2.078619384765625000e+01
-4.992617368698120117e-01 3.644028472900390625e+01 -9.157979965209960938e+00
2.398279380798339844e+01 7.805289745330810547e+00 -1.708119392395019531e+01
3.839502573013305664e+00 -6.401653289794921875e+00 2.742328643798828125e+01
3.007672500610351562e+01 -1.143119239807128906e+01 -1.325246715545654297e+01
1.212086296081542969e+01 -1.423262786865234375e+01 -2.190230941772460938e+01
-9.852545738220214844e+00 -2.813997077941894531e+01 2.254815864562988281e+01
9.605888366699218750e+00 3.470763397216796875e+01 -4.198505401611328125e+00
-1.085575771331787109e+01 6.454732418060302734e+00 2.989646339416503906e+01
-1.596358585357666016e+01 -1.128767204284667969e+01 -3.020149803161621094e+01
-1.698899269104003906e+01 1.010924720764160156e+01 2.000849485397338867e+00
1.924886584281921387e+00 -7.669468402862548828e+00 1.997365117073059082e+00
-2.197979736328125000e+01 -6.310574054718017578e+00 1.243357753753662109e+01
1.091363430023193359e+01 3.889550685882568359e+00 2.521385574340820312e+01
2.029679298400878906e+01 1.576107215881347656e+01 3.991718769073486328e+00
-1.505382251739501953e+01 -2.273052024841308594e+01 -1.413444995880126953e+01
-6.347912311553955078e+00 1.048264980316162109e+01 8.183274269104003906e+00
2.945773315429687500e+01 1.377596092224121094e+01 1.819395828247070312e+01
2.609286880493164062e+01 3.061957955360412598e-01 -7.599863052368164062e+00
-1.701171684265136719e+01 -2.079263687133789062e+01 2.151500892639160156e+01
-1.032444572448730469e+01 4.282474517822265625e-01 2.013453483581542969e+00
1.313848590850830078e+01 1.214904212951660156e+01 -1.465377330780029297e+00
6.109567642211914062e+00 7.649111270904541016e+00 -1.050270652770996094e+01
1.248450946807861328e+01 -1.526300907135009766e+00 6.845946788787841797e+00
3.651022720336914062e+01 1.455077266693115234e+01 2.441516399383544922e+00
-2.029364204406738281e+01 1.078914356231689453e+01 -2.356864929199218750e+01
5.190353870391845703e+00 -2.659891128540039062e+01 -9.494082450866699219e+00
-1.313652515411376953e+01 -1.506123542785644531e+01 1.720482826232910156e+01
-4.482328414916992188e+00 4.007216644287109375e+01 3.436721324920654297e+00
-3.210422515869140625e+01 1.500516796112060547e+01 4.825014591217041016e+00
-2.123348617553710938e+01 -3.458342313766479492e+00 2.324142932891845703e+00
4.734648704528808594e+00 8.625000953674316406e+00 -1.270048999786376953e+01
-6.018118381500244141e+00 2.047107887268066406e+01 1.558794021606445312e+01
8.503698348999023438e+00 5.725364685058593750e+00 -3.619118118286132812e+01
-4.730670928955078125e+00 -1.602164649963378906e+01 -8.402874946594238281e+00
1.460296154022216797e+01 -2.483047485351562500e+01 6.542640328407287598e-01
1.054625225067138672e+01 -9.560677528381347656e+00 1.943276786804199219e+01
1.108096885681152344e+01 -1.187356662750244141e+01 -5.306056022644042969e+00
-3.191184616088867188e+01 -1.807481002807617188e+01 1.475699615478515625e+01
7.932647228240966797e+00 2.074372291564941406e+01 3.315802001953125000e+01
-4.716968536376953125e+00 1.175039196014404297e+01 6.605186462402343750e+00
-5.794017314910888672e+00 -1.582307434082031250e+01 -9.546751022338867188e+00
3.568140029907226562e+01 1.614306640625000000e+01 1.707575917243957520e+00
-2.000049591064453125e+01 7.159971237182617188e+00 -2.176928138732910156e+01
-4.916834831237792969e+00 1.155550098419189453e+01 2.049389076232910156e+01
6.088823318481445312e+00 3.318303298950195312e+01 -4.734536647796630859e+00
-9.639907836914062500e+00 1.729084014892578125e+01 -5.322630882263183594e+00
4.679927349090576172e+00 9.959130287170410156e+00 -2.939001464843750000e+01
5.549482822418212891e+00 -2.156169509887695312e+01 1.763676643371582031e+01
3.764026260375976562e+01 7.078770637512207031e+00 -9.317049980163574219e+00
5.427503108978271484e+00 -3.637934494018554688e+01 -3.233376741409301758e-01
-2.286663627624511719e+01 1.417022347450256348e+00 -7.393445968627929688e-01
2.088692855834960938e+01 -5.609173297882080078e+00 9.299494743347167969e+00
-9.013192176818847656e+00 3.750189208984375000e+01 1.350717639923095703e+01
-2.402724456787109375e+01 -1.968320608139038086e+00 -3.009626770019531250e+01
-7.479593753814697266e+00 -3.056094741821289062e+01 2.607574462890625000e+01
-1.443777561187744141e+01 -1.477879047393798828e+01 1.879020500183105469e+01
-3.396247482299804688e+01 -4.977891445159912109e+00 -2.372603607177734375e+01
-1.312901973724365234e+00 3.150481224060058594e+01 -8.935256958007812500e+00
2.495613288879394531e+01 -8.649494051933288574e-01 -2.724265480041503906e+01
1.082010555267333984e+01 -2.307575035095214844e+01 -3.193271160125732422e+00
1.788455772399902344e+01 3.120327758789062500e+01 1.562876105308532715e+00
-7.215767860412597656e+00 -1.551347732543945312e+01 -4.156093597412109375e+00
1.269438838958740234e+01 1.124239826202392578e+01 -1.226655578613281250e+01
1.283826446533203125e+01 2.451151847839355469e+01 1.193106842041015625e+01
2.542593765258789062e+01 8.430644989013671875e+00 -2.521105766296386719e+01
-8.472376823425292969e+00 -1.515115928649902344e+01 3.439787673950195312e+01
6.901223659515380859e+00 2.629360914230346680e+00 1.709651947021484375e+01
-2.321763420104980469e+01 2.639499282836914062e+01 -5.369877338409423828e+00
1.353523540496826172e+01 3.503845977783203125e+01 9.654698371887207031e+00
-8.440918922424316406e+00 -2.233538627624511719e+01 2.722223091125488281e+01
9.902539253234863281e-01 -9.716983795166015625e+00 3.759956741333007812e+01
2.056681060791015625e+01 -3.271967887878417969e+00 1.661273193359375000e+01
-1.140080833435058594e+01 2.100812530517578125e+01 2.744361686706542969e+01
-2.031332206726074219e+01 -4.525440216064453125e+00 -8.363414764404296875e+00
2.690875530242919922e-01 -1.561109542846679688e+00 -6.819032669067382812e+00
1.580832862854003906e+01 -1.789938354492187500e+01 6.331553936004638672e+00
-3.914974927902221680e+00 2.022504568099975586e+00 1.122960448265075684e+00
-3.101156473159790039e+00 2.371661949157714844e+01 2.203169822692871094e+01
-2.349173164367675781e+01 2.962519168853759766e+00 1.446433734893798828e+01
-2.159716224670410156e+01 -2.334416866302490234e+00 1.173960685729980469e+01
2.293272018432617188e+01 1.046294403076171875e+01 -5.463269233703613281e+00
2.890651321411132812e+01 -5.593282222747802734e+00 -4.933554649353027344e+00
-1.748016929626464844e+01 -2.222659111022949219e+01 1.935925865173339844e+01
4.489320278167724609e+00 2.100627660751342773e+00 -1.859814834594726562e+01
-1.001510810852050781e+01 9.005036354064941406e+00 -4.472853660583496094e+00
-1.292649364471435547e+01 -9.233880043029785156e+00 2.782498359680175781e+01
1.373764705657958984e+01 -9.507083892822265625e+00 -9.286327362060546875e+00
-1.648218727111816406e+01 -2.737532043457031250e+01 2.049843597412109375e+01
-2.785627841949462891e+00 2.291388130187988281e+01 -9.774667739868164062e+00
7.925737380981445312e+00 -1.061004161834716797e+01 3.739896011352539062e+01
-2.866849517822265625e+01 -1.115072250366210938e+01 9.042552947998046875e+00
2.450201749801635742e+00 -1.836520385742187500e+01 8.441041946411132812e+00
-7.912230491638183594e-01 3.824572372436523438e+01 1.894262695312500000e+01
-4.507510662078857422e+00 -1.325932621955871582e+00 -2.636712789535522461e+00
3.035392570495605469e+01 -2.544224357604980469e+01 3.989183425903320312e+00
1.369290256500244141e+01 2.160555839538574219e+01 -2.573465108871459961e+00
2.377780723571777344e+01 5.524400234222412109e+00 -1.715788078308105469e+01
1.550719070434570312e+01 -1.781694793701171875e+01 7.731286048889160156e+00
1.242053699493408203e+01 -1.888847470283508301e+00 6.898017883300781250e+00
-5.400010108947753906e+00 3.893896484375000000e+01 3.667706727981567383e+00
-2.947861671447753906e+00 -1.657431793212890625e+01 -2.998481559753417969e+01
-2.222701454162597656e+01 2.157559776306152344e+01 6.373004436492919922e+00
-3.538477718830108643e-01 1.552229404449462891e+01 -1.903251266479492188e+01
-6.950667858123779297e+00 -1.228392696380615234e+01 -5.230057239532470703e+00
-2.349315404891967773e+00 -6.637229919433593750e+00 2.892417907714843750e+01
2.562477302551269531e+01 -6.998490810394287109e+00 1.268820190429687500e+01
-1.083652687072753906e+01 -3.658394098281860352e+00 1.473206806182861328e+01
-1.469438552856445312e+01 -3.496454954147338867e+00 -2.238320922851562500e+01
1.520677280426025391e+01 -1.254075050354003906e+01 3.478507757186889648e+00
-1.305379104614257812e+01 -1.788002586364746094e+01 -5.570806980133056641e+00
-1.518195986747741699e+00 -1.509744834899902344e+01 -2.226829719543457031e+01
-1.233906841278076172e+01 -2.241464042663574219e+01 4.829465866088867188e+00
5.446110725402832031e+00 -2.390028381347656250e+01 -1.301295661926269531e+01
-7.223785877227783203e+00 1.325380420684814453e+01 1.286580848693847656e+01
3.109397888183593750e+00 -3.223148727416992188e+01 1.490860462188720703e+01
1.062207221984863281e+01 -4.616616725921630859e+00 6.403604030609130859e+00
-6.584120750427246094e+00 1.040191745758056641e+01 8.648057937622070312e+00
-1.292446899414062500e+01 -2.180819034576416016e+00 8.985212326049804688e+00
-3.057909584045410156e+01 3.308965682983398438e+00 1.902146530151367188e+01
-1.229660224914550781e+01 -6.912036538124084473e-01 7.478709220886230469e+00
3.080532836914062500e+01 -1.411146354675292969e+01 1.882887458801269531e+01
9.977608323097229004e-01 -1.739948081970214844e+01 1.690295219421386719e+01
-6.988183021545410156e+00 5.934179306030273438e+00 -1.446869182586669922e+01
-1.068541145324707031e+01 -8.140537738800048828e-01 6.809873580932617188e+00
-1.567015290260314941e+00 -1.404691028594970703e+01 -2.450446510314941406e+01
-3.047359275817871094e+01 7.652731418609619141e+00 -7.750038623809814453e+00
-1.414101600646972656e+01 8.406287193298339844e+00 9.006353378295898438e+00
6.892156600952148438e+00 -1.379478645324707031e+01 8.596311569213867188e+00
9.778002738952636719e+00 1.287418174743652344e+01 -2.893903732299804688e+01
-1.258153820037841797e+01 -5.292270660400390625e+00 1.732692527770996094e+01
-2.062543153762817383e+00 -2.192458915710449219e+01 -1.231305480003356934e+00
9.958562850952148438e+00 -5.740947723388671875e+00 -2.582858467102050781e+01
-2.013331985473632812e+01 2.900580215454101562e+01 -9.619375228881835938e+00
3.366183853149414062e+01 -1.063346576690673828e+01 8.549263954162597656e+00
-7.470410823822021484e+00 -1.482119178771972656e+01 3.569990539550781250e+01
3.608892440795898438e+01 -1.410693526268005371e+00 -5.144183158874511719e+00
8.672206878662109375e+00 1.160971832275390625e+01 -6.980155467987060547e+00
-1.365678405761718750e+01 3.835964202880859375e+01 -3.028753995895385742e-01
1.123297309875488281e+01 1.072915315628051758e+00 1.834395790100097656e+01
-2.916181564331054688e+00 3.151004219055175781e+01 -7.833008170127868652e-01
-1.981429290771484375e+01 3.147565126419067383e+00 4.157099723815917969e+00
-1.985469055175781250e+01 7.543007373809814453e+00 -2.124078559875488281e+01
2.556926345825195312e+01 -1.019889163970947266e+01 5.197741031646728516e+00
-3.782391071319580078e+00 2.269050598144531250e+01 -1.385094642639160156e+01
1.005768060684204102e+00 7.476196765899658203e+00 1.296071815490722656e+01
-2.414409637451171875e+01 -7.098992824554443359e+00 -6.520747184753417969e+00
-3.478812408447265625e+01 1.237281036376953125e+01 6.849773406982421875e+00
1.809203529357910156e+01 1.741559219360351562e+01 3.302574539184570312e+01
1.085742282867431641e+01 -7.543257713317871094e+00 -5.043070793151855469e+00
2.559336853027343750e+01 2.629577827453613281e+01 9.904564857482910156e+00
-1.839717102050781250e+01 -1.903075790405273438e+01 -1.408662700653076172e+01
2.290969276428222656e+01 1.806614685058593750e+01 -2.366267585754394531e+01
-1.162440395355224609e+01 -1.743127632141113281e+01 2.357051467895507812e+01
2.372297286987304688e+01 1.123085021972656250e+01 7.806295752525329590e-01
8.869010925292968750e+00 1.413002204895019531e+01 2.599972724914550781e+01
1.576519489288330078e+01 -2.077785110473632812e+01 -2.362773656845092773e+00
1.995786094665527344e+01 -3.333279037475585938e+01 -1.108480644226074219e+01
-4.059667587280273438e+00 6.405318975448608398e-01 -3.971094894409179688e+01
6.047784328460693359e+00 2.940438079833984375e+01 -1.341868877410888672e+01
-2.126225471496582031e+01 -5.562766551971435547e+00 2.131846046447753906e+01
5.810869693756103516e+00 -1.213861656188964844e+01 -2.222158813476562500e+01
-1.243914031982421875e+01 -2.061433029174804688e+01 3.318659305572509766e+00
6.635183811187744141e+00 3.504525661468505859e+00 2.144829940795898438e+01
2.061074018478393555e+00 9.910432815551757812e+00 2.246114921569824219e+01
-7.075323909521102905e-02 -1.538802337646484375e+01 -1.913155555725097656e+01
2.618333435058593750e+01 -1.317298126220703125e+01 -1.803868675231933594e+01
1.242100119590759277e+00 4.327921676635742188e+01 2.668349504470825195e+00
8.972875595092773438e+00 7.453529834747314453e-01 -3.689068603515625000e+01
5.048232555389404297e+00 3.008476448059082031e+01 -1.429345607757568359e+01
1.809368014335632324e+00 -3.003476381301879883e+00 -9.485346794128417969e+00
-5.842229366302490234e+00 3.968281555175781250e+01 3.620977878570556641e+00
-8.292508125305175781e+00 -1.729990386962890625e+01 2.248408794403076172e-01
1.394141864776611328e+01 2.051296997070312500e+01 1.959825515747070312e+01
2.895161437988281250e+01 -5.888769149780273438e+00 -4.542643547058105469e+00
-1.536892795562744141e+01 7.639938831329345703e+00 -2.605346107482910156e+01
7.337971210479736328e+00 2.062538719177246094e+01 3.152808570861816406e+01
-3.909729003906250000e+01 -3.994226455688476562e+00 -1.400938796997070312e+01
8.213376045227050781e+00 1.958521842956542969e+01 3.627180576324462891e+00
-4.557884335517883301e-01 -1.509444808959960938e+01 -2.403493690490722656e+01
-2.726362800598144531e+01 6.964085578918457031e+00 -5.340795993804931641e+00
4.085245132446289062e+01 -2.313100576400756836e+00 5.376778125762939453e+00
3.506750488281250000e+01 7.566203594207763672e+00 7.375049114227294922e+00
3.115877866744995117e+00 -1.558740615844726562e+01 1.028036499023437500e+01
2.147952079772949219e+01 -2.363413238525390625e+01 -1.207212543487548828e+01
-9.940856933593750000e+00 1.696378707885742188e+01 -6.398527145385742188e+00
1.712930107116699219e+01 2.450215578079223633e+00 -3.556030654907226562e+01
1.646693801879882812e+01 1.622853469848632812e+01 -6.686511516571044922e+00
1.872115707397460938e+01 -1.970690488815307617e+00 3.370882415771484375e+01
-1.807167053222656250e+01 2.074440002441406250e+01 1.744016456604003906e+01
2.712924194335937500e+01 -2.060018920898437500e+01 -1.632479476928710938e+01
3.892980098724365234e+00 8.018458366394042969e+00 -2.513886260986328125e+01
-1.648412322998046875e+01 -2.499211549758911133e+00 -2.199868011474609375e+01
1.777063369750976562e+01 2.176110744476318359e+00 -5.214444637298583984e+00
-1.245880222320556641e+01 -1.330284976959228516e+01 -9.417326927185058594e+00
-8.715929031372070312e+00 -1.485638332366943359e+01 3.554162979125976562e+01
-7.539277553558349609e+00 -2.551264190673828125e+01 2.757350158691406250e+01
1.016398239135742188e+01 -2.306288146972656250e+01 2.732681465148925781e+01
-1.333539390563964844e+01 -8.682625770568847656e+00 -1.990085029602050781e+01
3.524683761596679688e+01 1.776735115051269531e+01 2.852134466171264648e+00
-2.594737052917480469e+01 6.598147869110107422e+00 -5.607766151428222656e+00
7.677551269531250000e+00 1.089247417449951172e+01 -1.670320510864257812e+01
1.066522789001464844e+01 1.444815731048583984e+01 -1.629599189758300781e+01
-7.821876049041748047e+00 -2.833089256286621094e+01 2.365396499633789062e+01
4.619325637817382812e+00 -3.352171325683593750e+01 1.601741027832031250e+01
1.810314559936523438e+01 -1.489487934112548828e+01 1.413932228088378906e+01
8.922065734863281250e+00 -2.853659820556640625e+01 -1.864173316955566406e+01
-1.705925178527832031e+01 -3.456288814544677734e+00 -1.944418907165527344e+01
-8.401580810546875000e+00 -1.617306900024414062e+01 -1.762109184265136719e+01
2.312106704711914062e+01 -1.585496515035629272e-01 -8.717145919799804688e+00
9.377682685852050781e+00 3.713792800903320312e+01 -4.116611957550048828e+00
-1.588157653808593750e+01 3.581276416778564453e+00 -2.029346275329589844e+01
-1.962818908691406250e+01 3.192097425460815430e+00 5.085835933685302734e+00
1.565455317497253418e+00 1.670491218566894531e+01 -2.700802326202392578e+00
9.600577354431152344e+00 2.560120201110839844e+01 -1.036500072479248047e+01
8.940590858459472656e+00 1.907899737358093262e+00 2.269159555435180664e+00
2.517826557159423828e-01 3.667835998535156250e+01 1.801801490783691406e+01
-6.125419616699218750e+00 -1.839061164855957031e+01 -3.360175132751464844e+00
-2.240724802017211914e+00 -2.280791854858398438e+01 -2.554164695739746094e+01
5.410003662109375000e+00 -8.628787994384765625e+00 3.617065048217773438e+01
-5.529601573944091797e+00 2.711476135253906250e+01 -6.018918514251708984e+00
-4.163288176059722900e-01 -1.388184642791748047e+01 -7.312132358551025391e+00
2.565299224853515625e+01 1.527520370483398438e+01 2.054373979568481445e+00
1.802727127075195312e+01 2.055980682373046875e+01 -8.031352996826171875e+00
-3.608451843261718750e+01 8.500619888305664062e+00 9.887543678283691406e+00
-5.478895187377929688e+00 2.097587203979492188e+01 2.411828994750976562e+01
-1.392367076873779297e+01 6.369682312011718750e+00 -3.152060317993164062e+01
-3.046072769165039062e+01 -1.205750656127929688e+01 1.869729042053222656e+01
3.006322097778320312e+01 -1.032318401336669922e+01 -1.506091785430908203e+01
1.269000816345214844e+01 2.344093322753906250e+00 1.230646228790283203e+01
-8.637351036071777344e+00 -2.036491394042968750e+00 -2.449428367614746094e+01
2.550749015808105469e+01 -7.035822868347167969e+00 1.254582881927490234e+01
-2.079758644104003906e+01 1.898420715332031250e+01 -1.878218078613281250e+01
-1.608829498291015625e+01 -2.585839271545410156e+00 -2.182946395874023438e+01
1.961530113220214844e+01 1.585657787322998047e+01 -6.191895008087158203e+00
-2.063260793685913086e+00 -3.244550704956054688e+01 1.744405937194824219e+01
7.630708217620849609e-01 -1.517262363433837891e+01 -2.390008163452148438e+01
-1.925322532653808594e+01 -9.296061515808105469e+00 -9.182003974914550781e+00
1.716408729553222656e-01 -1.532462120056152344e+01 -2.477577018737792969e+01
7.280609607696533203e+00 -1.856740474700927734e+00 -1.708276748657226562e+01
1.954412460327148438e+01 -7.484611034393310547e+00 -1.117662143707275391e+01
-6.350095748901367188e+00 -7.762454986572265625e+00 1.766614532470703125e+01
2.349151611328125000e+00 1.466623878479003906e+01 2.812795257568359375e+01
-7.358198642730712891e+00 2.584589385986328125e+01 1.874904441833496094e+01
7.840058803558349609e+00 2.128993988037109375e+01 -1.267274570465087891e+01
-1.961722564697265625e+01 2.173612785339355469e+01 1.492989730834960938e+01
-2.060897064208984375e+01 -8.562688827514648438e+00 -1.945561170578002930e+00
1.992952919006347656e+01 -3.409708404541015625e+01 6.987318992614746094e+00
-3.098157882690429688e+01 -4.011837244033813477e-01 3.180136203765869141e+00
-2.261643218994140625e+01 2.110791015625000000e+01 -6.571785926818847656e+00
-3.751018524169921875e+00 -6.226105213165283203e+00 -2.720384979248046875e+01
-8.568966865539550781e+00 -2.015176773071289062e+01 -1.902785110473632812e+01
2.025533485412597656e+01 -6.194571971893310547e+00 -2.317613792419433594e+01
-7.891726016998291016e+00 3.098854255676269531e+01 -2.467179679870605469e+01
1.624596595764160156e+00 1.114941787719726562e+01 -3.131789779663085938e+01
-1.322217464447021484e+01 1.188149738311767578e+01 -1.349945068359375000e+01
-2.943463325500488281e+01 -6.831233978271484375e+00 2.175896072387695312e+01
-1.807153892517089844e+01 2.082572460174560547e+00 -2.232835388183593750e+01
-6.920395851135253906e+00 -2.608767318725585938e+01 -1.880661582946777344e+01
-2.612752342224121094e+01 -5.282440185546875000e+00 -1.170119285583496094e+01
1.350228023529052734e+01 -9.446075439453125000e+00 2.478864860534667969e+01
-1.131437015533447266e+01 3.519831466674804688e+01 2.074013464152812958e-02
-1.780814933776855469e+01 4.249114990234375000e+00 -1.593060851097106934e+00
-2.320592498779296875e+01 -6.752592325210571289e-01 -2.440218687057495117e+00
-2.536775779724121094e+01 -2.571323013305664062e+01 -5.921446800231933594e+00
3.471070098876953125e+01 6.940231800079345703e+00 -1.039289093017578125e+01
4.645745754241943359e+00 -1.707831954956054688e+01 1.926835060119628906e+01
2.423269462585449219e+01 2.036882019042968750e+01 -1.814512610435485840e+00
1.174201202392578125e+01 1.058553504943847656e+01 1.843516945838928223e+00
2.629653930664062500e+01 -2.262906837463378906e+01 2.395776987075805664e+00
1.586709213256835938e+01 -1.657125854492187500e+01 1.812672996520996094e+01
4.935319423675537109e+00 2.610216140747070312e+01 8.112152099609375000e+00
-1.021895408630371094e+01 -1.167528438568115234e+01 2.790871810913085938e+01
8.961023330688476562e+00 -1.146303367614746094e+01 7.419909834861755371e-01
6.104587554931640625e+00 -1.779568099975585938e+01 -4.223214149475097656e+00
-2.458889961242675781e+01 -2.621753120422363281e+01 -6.348711967468261719e+00
-2.306007623672485352e+00 -2.028290176391601562e+01 3.662303209304809570e+00
-3.062506103515625000e+01 -3.894346237182617188e+00 -2.453918838500976562e+01
-2.898909187316894531e+01 -7.378412723541259766e+00 -4.638496398925781250e+00
-1.826982021331787109e+00 -3.387766647338867188e+01 -1.777122879028320312e+01
-1.709661483764648438e+01 -5.587376952171325684e-01 -1.476426601409912109e+01
-1.508968448638916016e+01 -2.701560020446777344e+00 -1.463830757141113281e+01
1.895861244201660156e+01 1.788530921936035156e+01 -2.295022201538085938e+01
-8.173922538757324219e+00 1.215374088287353516e+01 1.594251728057861328e+01
2.326930427551269531e+01 -2.516406059265136719e+01 1.696896076202392578e+00
2.109135246276855469e+01 2.142220878601074219e+01 6.362418174743652344e+00
-4.562680721282958984e+00 8.163674473762512207e-01 -3.944648361206054688e+01
6.704264163970947266e+00 -1.174734497070312500e+01 -2.171248245239257812e+01
2.550373840332031250e+01 -1.194854640960693359e+01 -1.788000679016113281e+01
1.340656566619873047e+01 -4.720830440521240234e+00 1.918839073181152344e+01
2.425935745239257812e+00 2.920226752758026123e-01 -9.855020523071289062e+00
2.529099464416503906e+01 -4.245651245117187500e+00 5.008997321128845215e-01
-1.379481911659240723e+00 -3.058420944213867188e+01 -7.709512710571289062e+00
-1.525185203552246094e+01 1.555733776092529297e+01 1.533963203430175781e+01
1.781310677528381348e+00 -6.234186649322509766e+00 -2.788738822937011719e+01
-2.475662612915039062e+01 6.520854949951171875e+00 4.576166629791259766e+00
-1.169082164764404297e+01 1.668617820739746094e+01 3.572817325592041016e+00
-1.468017768859863281e+01 -2.430326938629150391e+00 -2.130256080627441406e+01
-2.152396774291992188e+01 -7.270834445953369141e-01 -1.712130165100097656e+01
2.101733016967773438e+01 5.357684612274169922e+00 -4.928673267364501953e+00
1.322886276245117188e+01 -4.555384159088134766e+00 3.905941009521484375e+01
2.498015213012695312e+01 2.117739105224609375e+01 1.144254589080810547e+01
1.566806793212890625e+01 -6.223817825317382812e+00 1.720517921447753906e+01
1.320298957824707031e+01 6.330678939819335938e+00 -1.052751827239990234e+01
-2.603660392761230469e+01 -9.441384315490722656e+00 -2.720455169677734375e+01
-6.573930740356445312e+00 -7.581720948219299316e-01 3.192150306701660156e+01
2.205379867553710938e+01 -7.447039127349853516e+00 -3.014420032501220703e+00
-5.506344318389892578e+00 9.517566680908203125e+00 2.566202545166015625e+01
-2.861736869812011719e+01 -7.872633934020996094e+00 2.251824760437011719e+01
2.029570817947387695e+00 -2.422198867797851562e+01 1.890546417236328125e+01
8.684783935546875000e+00 -1.070200729370117188e+01 8.008805274963378906e+00
-8.398014068603515625e+00 -2.769476127624511719e+01 -4.792530238628387451e-01
1.473748564720153809e+00 9.722999572753906250e+00 -2.563713455200195312e+01
2.729458045959472656e+01 -2.671563339233398438e+01 -4.783685684204101562e+00
1.649301648139953613e+00 -2.579458618164062500e+01 1.160469341278076172e+01
-7.335760593414306641e+00 2.302638435363769531e+01 1.925700759887695312e+01
1.141877746582031250e+01 6.151265621185302734e+00 -3.909555435180664062e+00
-2.469729483127593994e-01 -7.564441204071044922e+00 2.255599212646484375e+01
-6.913393497467041016e+00 1.994145393371582031e+00 -5.455615043640136719e+00
-2.856400108337402344e+01 -2.689708709716796875e+00 7.060439109802246094e+00
-1.513715362548828125e+01 -2.996562767028808594e+01 -1.307400894165039062e+01
-1.497210025787353516e+00 -7.498810768127441406e+00 -3.662806701660156250e+01
1.642717552185058594e+01 -1.926569175720214844e+01 -2.287766265869140625e+01
-2.331011009216308594e+01 -1.202496719360351562e+01 -4.850206375122070312e+00
-4.615008354187011719e+00 2.199334144592285156e+01 2.519270515441894531e+01
1.790013313293457031e+01 -1.380930233001708984e+01 -6.240363597869873047e+00
-2.305501747131347656e+01 -8.271027565002441406e+00 -1.461774158477783203e+01
-1.344620943069458008e+00 -9.079323768615722656e+00 1.039047145843505859e+01
2.581596374511718750e+01 9.807214736938476562e+00 1.250376701354980469e+01
-1.368412971496582031e+01 2.824994802474975586e+00 3.886711120605468750e+01
1.564382171630859375e+01 2.620286750793457031e+01 1.356379222869873047e+01
1.186388301849365234e+01 -2.424225425720214844e+01 -1.601226615905761719e+01
-7.597024917602539062e+00 -6.633002758026123047e+00 -1.623384857177734375e+01
2.205789566040039062e+01 6.172927856445312500e+00 2.762166023254394531e+01
-3.594841384887695312e+01 -1.705195999145507812e+01 -4.607478141784667969e+00
6.497143268585205078e+00 6.467144489288330078e-01 2.193323326110839844e+01
2.493019676208496094e+01 -1.422478103637695312e+01 1.223809528350830078e+01
-1.070534706115722656e+01 -7.499193668365478516e+00 3.935214281082153320e+00
8.515627861022949219e+00 8.564353942871093750e+00 1.350981616973876953e+01
-1.760876083374023438e+01 1.205246257781982422e+01 -2.572078132629394531e+01
-9.406385421752929688e+00 -1.289645290374755859e+01 3.832813644409179688e+01
-1.808105587959289551e+00 4.108407497406005859e+00 1.025972080230712891e+01
-5.994606018066406250e+00 3.034151268005371094e+01 -1.393624401092529297e+01
-3.588955402374267578e+00 -1.681080055236816406e+01 -1.419945240020751953e+01
-2.466224431991577148e-01 -3.727160394191741943e-01 -2.409488677978515625e+01
-3.918421506881713867e+00 2.327507495880126953e+00 2.115929794311523438e+01
-1.142567348480224609e+01 3.041172027587890625e+01 -8.940668106079101562e+00
3.352582550048828125e+01 5.839523315429687500e+00 -3.953454494476318359e+00
-2.418221664428710938e+01 -1.504183006286621094e+01 -2.425777053833007812e+01
1.400636291503906250e+01 -1.474052810668945312e+01 -2.453335762023925781e+01
-5.186146736145019531e+00 6.055499553680419922e+00 4.131761074066162109e+00
4.837094783782958984e+00 -4.967222213745117188e-01 6.261265754699707031e+00
-1.521526908874511719e+01 3.179022598266601562e+01 6.525474071502685547e+00
1.990650749206542969e+01 1.126267719268798828e+01 -1.337356090545654297e+01
1.580878543853759766e+01 -1.044347858428955078e+01 2.787635612487792969e+01
-2.454947280883789062e+01 8.951734304428100586e-01 -1.522350883483886719e+01
-3.355762100219726562e+01 1.806182670593261719e+01 -1.105613589286804199e+00
-1.644434165954589844e+01 -1.996954536437988281e+01 1.215764522552490234e+01
-7.829319477081298828e+00 -1.633480834960937500e+01 2.182840156555175781e+01
1.789094734191894531e+01 1.871764564514160156e+01 2.637002182006835938e+01
-1.476326084136962891e+01 -2.249618530273437500e+01 -1.434310817718505859e+01
5.148361206054687500e+00 2.726675224304199219e+01 -2.471498298645019531e+01
1.523948764801025391e+01 -1.540221786499023438e+01 5.506134033203125000e+00
2.431671905517578125e+01 1.012561511993408203e+01 2.210454559326171875e+01
-3.949260711669921875e+01 -5.541708469390869141e-01 6.673733234405517578e+00
-3.278121709823608398e+00 1.538533020019531250e+01 7.466850876808166504e-01
-5.591506004333496094e+00 -3.015421485900878906e+01 8.496073722839355469e+00
-3.778554916381835938e+01 1.111227416992187500e+01 9.012152671813964844e+00
7.237483024597167969e+00 -2.988649940490722656e+01 1.150436496734619141e+01
-9.495384216308593750e+00 -3.493917882442474365e-01 2.321895122528076172e+00
8.563892364501953125e+00 3.076736450195312500e+01 1.903948211669921875e+01
-4.634310722351074219e+00 -3.919042348861694336e+00 3.458769989013671875e+01
6.410881519317626953e+00 -3.335713958740234375e+01 -2.097925758361816406e+01
-4.876757144927978516e+00 -5.319905281066894531e+00 -3.836703062057495117e+00
-2.274188995361328125e+01 -8.926879882812500000e+00 -6.120609760284423828e+00
-1.674497985839843750e+01 -9.530188560485839844e+00 1.510463809967041016e+01
-6.310675144195556641e+00 -2.550292015075683594e+01 -4.293213367462158203e+00
6.511800765991210938e+00 2.515988588333129883e+00 3.381331253051757812e+01
-1.527692413330078125e+01 -1.304907703399658203e+01 2.143374061584472656e+01
1.042232799530029297e+01 -2.215344429016113281e+01 -3.826852083206176758e+00
3.509566497802734375e+01 -1.381329154968261719e+01 1.844578933715820312e+01
3.068426704406738281e+01 -1.984565162658691406e+01 -1.369742155075073242e-01
-2.129260444641113281e+01 2.200499343872070312e+01 6.287389755249023438e+00
2.649716567993164062e+01 1.233284473419189453e+01 -6.320919036865234375e+00
2.850605583190917969e+01 1.553372001647949219e+01 6.112563133239746094e+00
-5.001111626625061035e-01 1.179467010498046875e+01 -1.380429935455322266e+01
-8.577150344848632812e+00 3.808919906616210938e+00 -8.259506225585937500e+00
-2.436392545700073242e+00 1.551144599914550781e+00 -8.099184989929199219e+00
-1.915341186523437500e+01 -1.268875980377197266e+01 -2.427569961547851562e+01
-2.021508598327636719e+01 -1.891451072692871094e+01 -1.755760002136230469e+01
-3.828251647949218750e+01 -3.375592947006225586e+00 -1.556791496276855469e+01
4.985692352056503296e-02 -6.458536148071289062e+00 -2.675145149230957031e+01
1.771131706237792969e+01 1.611019325256347656e+01 2.988243675231933594e+01
2.615749549865722656e+01 7.079884409904479980e-01 1.443839073181152344e+01
-9.736625671386718750e+00 3.001915168762207031e+01 -1.006091785430908203e+01
2.798715972900390625e+01 8.216814994812011719e+00 3.230902433395385742e+00
1.001006507873535156e+01 -2.408099174499511719e+01 1.456545162200927734e+01
1.287957286834716797e+01 1.481393241882324219e+01 2.345074653625488281e+01
-7.178841114044189453e+00 -1.303649997711181641e+01 7.036439418792724609e+00
-1.836683082580566406e+01 -2.113650131225585938e+01 2.447904205322265625e+01
-1.824449419975280762e+00 -1.652670860290527344e+00 1.455453109741210938e+01
-3.015965270996093750e+01 -9.256999969482421875e+00 -4.271096706390380859e+00
-1.174891948699951172e+01 8.871422767639160156e+00 2.215475082397460938e+01
-1.162452340126037598e+00 4.290295600891113281e+00 7.336539626121520996e-01
2.021592378616333008e+00 1.435276031494140625e+01 -5.218548774719238281e+00
-1.803820991516113281e+01 -1.862180137634277344e+01 -2.856296920776367188e+01
-1.459342288970947266e+01 1.931937408447265625e+01 3.670075178146362305e+00
3.655147552490234375e+00 -9.874487876892089844e+00 -1.115573024749755859e+01
-2.737931632995605469e+01 -2.538078689575195312e+01 -5.248475074768066406e+00
2.596361351013183594e+01 8.986549377441406250e+00 2.326804161071777344e+01
1.683520317077636719e+01 2.074741744995117188e+01 -1.409348201751708984e+01
7.119735717773437500e+00 1.734264945983886719e+01 7.431033611297607422e+00
4.157931137084960938e+01 -2.509231090545654297e+00 4.697685718536376953e+00
2.511874961853027344e+01 -3.623445332050323486e-01 -2.690042877197265625e+01
4.913611412048339844e+00 1.353286170959472656e+01 6.591511726379394531e+00
1.847937774658203125e+01 -5.188371658325195312e+00 -1.006182289123535156e+01
6.004772186279296875e+00 1.502541065216064453e+00 3.673907470703125000e+01
-8.871629714965820312e+00 1.099340438842773438e+01 -2.677030754089355469e+01
-2.554561424255371094e+01 2.636816740036010742e+00 -1.058792972564697266e+01
-7.607571601867675781e+00 -1.198038482666015625e+01 3.504280471801757812e+01
1.170002841949462891e+01 -1.803738975524902344e+01 -2.857994651794433594e+01
1.209251213073730469e+01 2.876090812683105469e+01 3.524150609970092773e+00
1.663858890533447266e+00 -1.329673886299133301e+00 -2.372254943847656250e+01
5.411876678466796875e+00 1.485411167144775391e+01 1.914006423950195312e+01
-1.275000381469726562e+01 -6.129206657409667969e+00 2.326885604858398438e+01
2.139569044113159180e+00 -3.325146865844726562e+01 1.391999340057373047e+01
-2.360827207565307617e+00 -6.312231421470642090e-01 -3.475168609619140625e+01
-3.475430011749267578e+00 1.798194503784179688e+01 -1.126984977722167969e+01
1.715030288696289062e+01 3.356589508056640625e+01 2.704422950744628906e+00
-1.710847663879394531e+01 -1.854294967651367188e+01 -2.879447937011718750e+01
5.604502677917480469e+00 6.834915161132812500e+00 6.687058925628662109e+00
-2.176844787597656250e+01 -6.626070022583007812e+00 1.169953918457031250e+01
-2.144375038146972656e+01 -9.590021133422851562e+00 1.644376182556152344e+01
1.158271980285644531e+01 3.929902315139770508e+00 2.569901657104492188e+01
-2.557256317138671875e+01 -1.952532768249511719e+01 -9.370390892028808594e+00
1.337075424194335938e+01 -4.686658382415771484e+00 1.919969367980957031e+01
-2.670042419433593750e+01 -8.236387252807617188e+00 2.415524101257324219e+01
-2.623165607452392578e+00 -1.279641628265380859e+01 -6.261497974395751953e+00
4.172228336334228516e+00 -3.856720685958862305e+00 -2.992600822448730469e+01
1.957499313354492188e+01 -3.323548126220703125e+01 6.558103561401367188e+00
-1.563554477691650391e+01 1.610340881347656250e+01 -5.136376619338989258e-01
-2.058244132995605469e+01 -2.846627044677734375e+01 7.545343875885009766e+00
-1.353449821472167969e+01 -1.485996532440185547e+01 -3.042760467529296875e+01
8.224952697753906250e+00 2.784040689468383789e+00 1.955174922943115234e+00
7.002065658569335938e+00 1.795662689208984375e+01 -3.475083160400390625e+01
-9.226128578186035156e+00 1.728072738647460938e+01 -3.977806806564331055e+00
2.069235086441040039e+00 1.668476676940917969e+01 -3.462622070312500000e+01
2.482308006286621094e+01 1.357183742523193359e+01 -3.679200410842895508e-01
2.402838706970214844e+01 2.030079460144042969e+01 -2.264605045318603516e+00
-3.601002454757690430e+00 1.216395759582519531e+01 -2.814163589477539062e+01
-2.420114517211914062e+01 -1.586402702331542969e+01 2.698112726211547852e+00
2.758168601989746094e+01 9.241236686706542969e+00 1.293880844116210938e+01
-1.740053939819335938e+01 1.108445882797241211e+00 2.883633804321289062e+01
-2.592489480972290039e+00 2.534184455871582031e+01 -1.533483505249023438e+01
7.171206474304199219e+00 2.144972229003906250e+01 -1.688667297363281250e+01
1.716299819946289062e+01 -3.369219970703125000e+01 -1.020069122314453125e+01
-3.710792541503906250e+01 -5.480053424835205078e+00 -5.234866142272949219e-01
6.346346378326416016e+00 1.613450813293457031e+01 1.659714317321777344e+01
-1.535468769073486328e+01 2.975536918640136719e+01 1.886857795715332031e+01
8.572312444448471069e-02 -7.370283126831054688e+00 1.673042488098144531e+01
1.801037216186523438e+01 8.793974876403808594e+00 -2.361595869064331055e+00
4.376393795013427734e+00 -8.490674018859863281e+00 1.263198971748352051e+00
1.102394580841064453e+01 4.447072029113769531e+00 2.626775550842285156e+01
-1.138121962547302246e+00 -1.694616889953613281e+01 -1.859787178039550781e+01
-1.574878501892089844e+01 3.185427665710449219e+01 6.470691204071044922e+00
-4.801651954650878906e+00 1.789976692199707031e+01 -3.141291236877441406e+01
7.319154262542724609e+00 8.817571401596069336e-02 3.284280776977539062e+01
3.809492492675781250e+01 7.616474628448486328e+00 -9.224909782409667969e+00
-1.704935264587402344e+01 3.890150451660156250e+01 -8.825895190238952637e-01
-1.240569305419921875e+01 -8.131420135498046875e+00 -2.269678878784179688e+01
1.224040603637695312e+01 2.900926017761230469e+01 1.915967941284179688e+01
1.932829093933105469e+01 5.585024833679199219e+00 -5.225983142852783203e+00
-1.095102405548095703e+01 3.617629623413085938e+01 1.471157455444335938e+01
1.834825325012207031e+01 -1.628616690635681152e+00 2.517848014831542969e+01
4.290094852447509766e+00 -9.635105729103088379e-01 1.339473056793212891e+01
-8.986800193786621094e+00 -6.659570217132568359e+00 5.196964740753173828e-01
-2.704692459106445312e+01 -2.106567764282226562e+01 -7.561759948730468750e+00
-7.005326747894287109e+00 -2.600031280517578125e+01 -1.883754348754882812e+01
-3.031814956665039062e+01 1.196533298492431641e+01 9.792755126953125000e+00
-1.676064682006835938e+01 -2.388554573059082031e+01 -1.432788276672363281e+01
1.151110363006591797e+01 1.183506298065185547e+01 -1.312790298461914062e+01
1.061900901794433594e+01 1.714690780639648438e+01 2.215300178527832031e+01
-1.068040561676025391e+01 1.376614284515380859e+01 -3.517826318740844727e+00
6.636994838714599609e+00 6.806349277496337891e+00 -1.247103595733642578e+01
1.809190940856933594e+01 1.741359138488769531e+01 3.300737380981445312e+01
3.299409866333007812e+00 1.225379657745361328e+01 -3.405345153808593750e+01
-4.715139389038085938e+00 -3.011936378479003906e+01 6.456562131643295288e-02
-1.967581391334533691e+00 1.870601773262023926e-01 -1.694138526916503906e+01
-1.579429531097412109e+01 6.224049091339111328e+00 2.284524917602539062e+01
1.109748458862304688e+01 3.999292755126953125e+01 -6.996673107147216797e+00
-9.854291915893554688e+00 2.879463768005371094e+01 1.098957896232604980e+00
-2.413799799978733063e-02 1.038452720642089844e+01 -1.650253677368164062e+01
-1.492402076721191406e+01 1.208580684661865234e+01 -2.660288619995117188e+01
-5.467638492584228516e+00 5.389122962951660156e+00 -3.531498610973358154e-01
-2.625955772399902344e+01 -7.956433296203613281e+00 -1.030480575561523438e+01
3.183388137817382812e+01 -2.437551116943359375e+01 3.265702009201049805e+00
-3.706463336944580078e+00 -3.179240798950195312e+01 1.669743728637695312e+01
3.690243911743164062e+01 1.557593727111816406e+01 -5.127670168876647949e-01
-5.930830478668212891e+00 9.546218872070312500e+00 -2.822462463378906250e+01
-1.622924995422363281e+01 -1.122847366333007812e+01 -3.089750862121582031e+01
1.395374202728271484e+01 2.035154342651367188e+01 1.952564620971679688e+01
-1.951534461975097656e+01 2.083848381042480469e+01 7.898009777069091797e+00
-1.327636623382568359e+01 3.127727031707763672e+00 3.916704559326171875e+01
-1.696132898330688477e+00 -6.088716506958007812e+00 2.803912544250488281e+01
8.396275639533996582e-01 -7.632115840911865234e+00 1.446622848510742188e+01
2.601608657836914062e+01 1.609219551086425781e+01 3.933259963989257812e+00
4.710039138793945312e+00 8.536645889282226562e+00 -1.274955749511718750e+01
1.087831020355224609e+01 -2.780987739562988281e+01 -2.796260643005371094e+01
8.524748802185058594e+00 -3.255714035034179688e+01 -9.311358451843261719e+00
-2.177876663208007812e+01 2.194883728027343750e+01 4.930436611175537109e+00
1.828301048278808594e+01 2.580462217330932617e+00 -3.625188064575195312e+01
1.811002540588378906e+01 -2.845464897155761719e+01 -8.669953346252441406e+00
1.224038887023925781e+01 1.727739906311035156e+01 6.366559982299804688e+00
-1.630148124694824219e+01 1.967751026153564453e+00 2.696948051452636719e+01
-6.759430885314941406e+00 -7.942856788635253906e+00 -1.878583526611328125e+01
-1.500177681446075439e-01 5.455996990203857422e+00 1.903247451782226562e+01
-1.906670778989791870e-01 -7.616922378540039062e+00 2.196331214904785156e+01
-2.562522125244140625e+01 1.028628921508789062e+01 -1.496934795379638672e+01
6.168480873107910156e+00 -2.220799827575683594e+01 1.690933609008789062e+01
-8.147665023803710938e+00 2.428796195983886719e+01 9.663096427917480469e+00
-3.867982625961303711e+00 3.791888713836669922e+00 -1.156011104583740234e+00
2.571363067626953125e+01 9.613167047500610352e-01 1.893299102783203125e+01
2.023071289062500000e+01 8.781500816345214844e+00 -6.131250858306884766e+00
2.592571449279785156e+01 -1.519714641571044922e+01 1.088177680969238281e+01
1.692527198791503906e+01 -1.541226673126220703e+01 -1.585131072998046875e+01
-5.309534072875976562e+00 -3.196332931518554688e+01 1.533352851867675781e+00
-2.187715339660644531e+01 2.195638847351074219e+01 4.501363277435302734e+00
5.966699123382568359e+00 3.531148672103881836e+00 1.693991661071777344e+01
-1.104156398773193359e+01 8.148043632507324219e+00 -1.973254966735839844e+01
-1.103489208221435547e+01 9.571800231933593750e+00 -4.794266700744628906e+00
9.570399284362792969e+00 -2.102968025207519531e+01 -1.071103763580322266e+01
-1.100937461853027344e+01 1.332782077789306641e+01 -1.478617286682128906e+01
8.013352394104003906e+00 -1.388938808441162109e+01 -2.019688415527343750e+01
-7.683108329772949219e+00 1.615181922912597656e+01 1.950451850891113281e+01
1.130482196807861328e+01 -1.446357536315917969e+01 -2.859148406982421875e+01
4.624566078186035156e+00 8.922755241394042969e+00 -5.801971435546875000e+00
6.897763013839721680e-01 -2.715580558776855469e+01 -1.544456863403320312e+01
1.956303215026855469e+01 -7.642133712768554688e+00 -1.071830272674560547e+01
-4.352513313293457031e+00 2.202294158935546875e+01 -2.295354270935058594e+01
-2.611543655395507812e+01 1.378826236724853516e+01 -1.782705879211425781e+01
-2.066827583312988281e+01 -2.239306831359863281e+01 -2.372327232360839844e+01
1.031615447998046875e+01 1.091402339935302734e+01 1.107955169677734375e+01
1.003861522674560547e+01 -1.430164909362792969e+01 -1.039124369621276855e+00
-1.169171237945556641e+01 -1.671969795227050781e+01 1.571945476531982422e+01
-2.392912673950195312e+01 -1.231655311584472656e+01 -5.998569965362548828e+00
-1.401297664642333984e+01 2.489663696289062500e+01 2.395605468750000000e+01
-2.680069541931152344e+01 8.328984379768371582e-01 -2.192783737182617188e+01
-1.286652565002441406e+00 8.452730178833007812e+00 -2.775881385803222656e+01
1.297966861724853516e+01 2.261287689208984375e+01 -2.403785467147827148e+00
1.536759090423583984e+01 -2.773860740661621094e+01 1.950942420959472656e+01
-9.097752571105957031e+00 -2.334662818908691406e+01 2.653154945373535156e+01
-1.810733795166015625e+01 1.659017944335937500e+01 -1.790537834167480469e+01
1.940667533874511719e+01 -1.261917352676391602e+00 -2.675951480865478516e+00
2.707652807235717773e+00 4.010225296020507812e+01 6.751292228698730469e+00
-2.334650802612304688e+01 -5.831582546234130859e-01 -3.070019912719726562e+01
-2.495769882202148438e+01 -5.290335178375244141e+00 1.476318645477294922e+01
-1.068400621414184570e+00 -6.792385101318359375e+00 -3.588159942626953125e+01
2.709318733215332031e+01 1.729416847229003906e+00 -2.153343391418457031e+01
9.633059501647949219e+00 1.939105033874511719e+01 2.890666961669921875e+01
1.323546695709228516e+01 2.247257947921752930e+00 -1.346467614173889160e+00
3.867492675781250000e+00 -1.790711593627929688e+01 -1.063597965240478516e+01
3.254121017456054688e+01 -1.554092979431152344e+01 1.155634117126464844e+01
5.106249809265136719e+00 8.170996665954589844e+00 3.851197814941406250e+01
-3.632104158401489258e+00 4.948809623718261719e+00 -1.020635724067687988e+00
1.870518112182617188e+01 -2.126103591918945312e+01 1.388369274139404297e+01
-1.978980636596679688e+01 2.188125610351562500e+01 1.431156063079833984e+01
1.080345535278320312e+01 1.356181049346923828e+01 2.515122985839843750e+01
3.178368377685546875e+01 -1.415060520172119141e+00 1.574369430541992188e+01
1.326695060729980469e+01 -2.099545288085937500e+01 -1.647557258605957031e+01
-2.203252077102661133e+00 4.187651157379150391e+00 1.086258697509765625e+01
5.511514186859130859e+00 -2.620601654052734375e+01 -2.392193603515625000e+01
-1.398221397399902344e+01 -2.665933418273925781e+01 1.723602485656738281e+01
1.671836090087890625e+01 -1.039538097381591797e+01 -2.304749298095703125e+01
-2.072915649414062500e+01 4.252468585968017578e+00 3.983093023300170898e+00
-1.046455478668212891e+01 -1.241619682312011719e+01 3.579045867919921875e+01
2.084003448486328125e+01 1.954370880126953125e+01 7.914707183837890625e+00
-1.776268005371093750e+01 8.230822563171386719e+00 -8.062034606933593750e+00
1.370395183563232422e+01 1.105542564392089844e+01 2.741382980346679688e+01
-2.234560966491699219e+01 -4.428818225860595703e-01 -3.639442920684814453e+00
-1.938802337646484375e+01 -1.258342552185058594e+01 -2.328199386596679688e+01
6.815597534179687500e+00 2.916832733154296875e+01 7.151212215423583984e+00
1.093697738647460938e+01 -1.487303066253662109e+01 -8.970197677612304688e+00
-2.645051765441894531e+01 2.290616035461425781e+01 -3.614590883255004883e+00
-2.253034400939941406e+01 -2.381490325927734375e+01 -2.074055862426757812e+01
-1.137121391296386719e+01 1.707335090637207031e+01 -1.572129726409912109e+01
-4.187075614929199219e+00 2.221481132507324219e+01 -1.389818286895751953e+01
-3.048722839355468750e+01 2.005584716796875000e+00 1.267758488655090332e+00
-2.293882369995117188e+01 -5.080611109733581543e-01 -3.023495292663574219e+01
3.216843795776367188e+01 7.363255023956298828e+00 8.240166664123535156e+00
1.100738430023193359e+01 -2.736806106567382812e+01 -2.797914314270019531e+01
2.844406509399414062e+01 -1.311513304710388184e+00 -2.803633308410644531e+01
2.103650283813476562e+01 -2.064786338806152344e+01 1.464715957641601562e+01
2.735543823242187500e+01 1.785742950439453125e+01 -2.773813247680664062e+00
1.249513435363769531e+01 -6.525629997253417969e+00 -4.012349605560302734e+00
-2.447341346740722656e+01 -9.218036651611328125e+00 -2.733994245529174805e+00
6.647724151611328125e+00 -2.862312126159667969e+01 -2.360713386535644531e+01
-3.540204286575317383e+00 1.755726242065429688e+01 1.030605030059814453e+01
-6.269087314605712891e+00 2.904114913940429688e+01 -8.131298065185546875e+00
3.543239974975585938e+01 1.730149269104003906e+01 2.695715665817260742e+00
-2.363353919982910156e+01 3.117935180664062500e+00 1.451924610137939453e+01
-2.589917564392089844e+01 8.549829483032226562e+00 -6.397824764251708984e+00
-2.182015991210937500e+01 -5.670038223266601562e+00 1.362230014801025391e+01
-3.051913261413574219e+01 -7.987703800201416016e+00 -1.399137973785400391e+00
7.134554386138916016e+00 2.404449284076690674e-01 3.307857131958007812e+01
3.117356777191162109e+00 -1.744744682312011719e+01 -3.324739456176757812e+01
9.164768218994140625e+00 1.642170333862304688e+01 3.008312988281250000e+01
1.394455718994140625e+01 1.480590057373046875e+01 3.326762437820434570e+00
1.873879432678222656e+00 2.033181762695312500e+01 -2.262903594970703125e+01
8.039071559906005859e-01 2.378352546691894531e+01 2.474546813964843750e+01
-2.373211479187011719e+01 -8.508831024169921875e+00 -2.141082048416137695e+00
1.162926292419433594e+01 -1.118818044662475586e+00 -1.019112873077392578e+01
-1.470162487030029297e+01 8.769050598144531250e+00 -8.278997421264648438e+00
2.936021804809570312e+00 -6.112716197967529297e+00 1.564640331268310547e+01
1.717593765258789062e+01 -2.802332162857055664e+00 3.469604110717773438e+01
-1.374480056762695312e+01 8.787761688232421875e+00 -2.583562469482421875e+01
-5.762848377227783203e+00 -7.925070762634277344e+00 1.583209609985351562e+01
1.990566444396972656e+01 2.974535560607910156e+01 2.009889841079711914e+00
-1.364824485778808594e+01 1.981328773498535156e+01 3.200592517852783203e+00
1.408890342712402344e+01 1.588794517517089844e+01 -1.410197913646697998e-01
-2.734728336334228516e+00 2.031625747680664062e+01 -7.405126571655273438e+00
1.427822208404541016e+01 -2.873998069763183594e+01 1.513045072555541992e+00
2.188899803161621094e+01 6.660265445709228516e+00 2.730747413635253906e+01
3.352601623535156250e+01 5.500050544738769531e+00 -3.392114639282226562e+00
-2.770994758605957031e+01 -2.786947488784790039e+00 -1.249465227127075195e+00
-2.673498868942260742e+00 -3.701735973358154297e+00 -2.744900894165039062e+01
-1.460908794403076172e+01 -3.375964355468750000e+01 -1.225439929962158203e+01
-1.936362075805664062e+01 -2.071039772033691406e+01 1.414552116394042969e+01
-1.852734184265136719e+01 5.315743923187255859e+00 5.299946784973144531e+00
2.042653846740722656e+01 1.704463768005371094e+01 -2.235388183593750000e+01
-2.758464241027832031e+01 -2.061858558654785156e+01 -7.970065593719482422e+00
-5.462901115417480469e+00 2.414844751358032227e+00 8.559851646423339844e+00
-1.885838866233825684e+00 -1.071754360198974609e+01 -1.614042663574218750e+01
8.181859970092773438e+00 -1.183341598510742188e+01 -1.375481986999511719e+01
-8.666309356689453125e+00 1.606375885009765625e+01 -1.206595993041992188e+01
-1.083207321166992188e+01 2.410413932800292969e+01 1.582197570800781250e+01
-6.210746765136718750e+00 -1.025543117523193359e+01 5.843370914459228516e+00
1.651726913452148438e+01 2.781547927856445312e+01 -3.765181064605712891e+00
2.449809646606445312e+01 -3.822133779525756836e+00 -1.322944259643554688e+01
-3.775737762451171875e+01 -5.025918006896972656e+00 8.374274253845214844e+00
-2.387621164321899414e+00 -3.170256423950195312e+01 1.726000404357910156e+01
2.342170476913452148e+00 2.815894126892089844e+01 -1.538650417327880859e+01
3.320729970932006836e+00 -3.498360157012939453e+00 9.766950607299804688e+00
-2.066789436340332031e+01 -6.309716701507568359e+00 -1.081693267822265625e+01
6.312041282653808594e+00 1.028036975860595703e+01 2.231372445821762085e-01
-2.360156250000000000e+01 -1.004615902900695801e+00 -3.235028839111328125e+01
7.001858353614807129e-01 1.776889228820800781e+01 -3.158256721496582031e+01
-4.890794277191162109e+00 4.382748007774353027e-01 3.381228256225585938e+01
2.383213233947753906e+01 -1.009099483489990234e+01 2.249155998229980469e+01
3.585012817382812500e+01 1.682811927795410156e+01 9.241245985031127930e-01
1.010670089721679688e+01 -2.370928192138671875e+01 2.747085380554199219e+01
-9.708761572837829590e-01 3.166146039962768555e+00 -3.286272811889648438e+01
-3.920268535614013672e+00 1.530853152275085449e+00 -1.558689403533935547e+01
-9.581645965576171875e+00 -2.712784004211425781e+01 2.168780708312988281e+01
1.678246879577636719e+01 -1.493147850036621094e+00 2.359197616577148438e+00
-3.353811025619506836e+00 3.024322700500488281e+01 -2.338323402404785156e+01
2.183246374130249023e+00 1.062107944488525391e+01 1.268131136894226074e+00
-2.427186012268066406e+01 -2.049337005615234375e+01 -5.227739810943603516e+00
-1.721083068847656250e+01 -2.076082038879394531e+01 -2.412545967102050781e+01
-9.965883493423461914e-01 -1.513465213775634766e+01 1.029994010925292969e+01
1.720060157775878906e+01 1.625816917419433594e+01 -8.237310409545898438e+00
2.525546264648437500e+01 -4.844348907470703125e+00 -5.943891406059265137e-01
1.735025787353515625e+01 2.268131446838378906e+01 1.235819339752197266e+01
2.649418640136718750e+01 -2.101752281188964844e+01 -1.629895210266113281e+01
2.171099472045898438e+01 -2.109114074707031250e+01 -1.288285160064697266e+01
1.162580966949462891e+01 1.179943275451660156e+01 -1.275546550750732422e+01
-1.630286026000976562e+01 -6.929204940795898438e+00 -6.351373195648193359e+00
-6.968422412872314453e+00 -2.675435256958007812e+01 -9.685762405395507812e+00
2.648348426818847656e+01 -9.652784347534179688e+00 2.229014396667480469e+01
1.073379325866699219e+01 -3.195204734802246094e+01 -2.379122352600097656e+01
-1.623357963562011719e+01 -1.309465789794921875e+01 2.213013076782226562e+01
1.704453659057617188e+01 2.386581611633300781e+01 -2.261770057678222656e+01
1.041257381439208984e+01 4.982495784759521484e+00 -4.805484771728515625e+00
1.893539047241210938e+01 2.970329093933105469e+01 1.597498416900634766e+00
9.642295837402343750e+00 1.939416313171386719e+01 2.888881492614746094e+01
-1.266741561889648438e+01 2.300583076477050781e+01 1.714523315429687500e+00
-1.755298733711242676e+00 3.641474914550781250e+01 1.980204010009765625e+01
-1.790191650390625000e+01 -1.348026847839355469e+01 -2.293399047851562500e+01
2.664797973632812500e+01 1.239435577392578125e+01 -6.015934467315673828e+00
-2.845341873168945312e+01 -3.857234716415405273e+00 -1.356404662132263184e+00
1.254715156555175781e+01 3.913863420486450195e+00 -1.926863431930541992e+00
3.808798599243164062e+01 -1.119114780426025391e+01 -5.496758937835693359e+00
9.362626075744628906e-01 3.187451744079589844e+01 1.038217926025390625e+01
-2.140395545959472656e+01 -7.283316612243652344e+00 -2.149242210388183594e+01
5.067523121833801270e-01 -1.432573676109313965e+00 -8.467910766601562500e+00
5.560029029846191406e+00 -2.849546909332275391e+00 -2.353179931640625000e+01
1.786595153808593750e+01 1.054666996002197266e+01 -1.926094245910644531e+01
2.537699317932128906e+01 8.689004898071289062e+00 -2.531937217712402344e+01
-1.467465996742248535e+00 -3.545524597167968750e+01 -5.892550468444824219e+00
-5.354206085205078125e+00 -2.694788932800292969e+01 7.349267005920410156e+00
-7.735423564910888672e+00 1.461194229125976562e+01 -3.209822845458984375e+01
1.211191463470458984e+01 1.727826309204101562e+01 -2.226902008056640625e+01
-2.576338005065917969e+01 8.393084526062011719e+00 1.462228178977966309e+00
3.156941986083984375e+01 -1.917308616638183594e+01 -8.573611974716186523e-01
-2.407510948181152344e+01 -2.487221336364746094e+01 -5.766206264495849609e+00
-3.175659370422363281e+01 -1.862942504882812500e+01 2.307113170623779297e+00
-2.648504829406738281e+01 -1.446269607543945312e+01 -2.169358634948730469e+01
1.492827892303466797e+01 -6.941390514373779297e+00 1.834929275512695312e+01
-9.629105567932128906e+00 -2.780660057067871094e+01 -4.385684132575988770e-01
4.427125453948974609e+00 -1.012179279327392578e+01 1.699034118652343750e+01
-2.361125946044921875e+01 -1.228928089141845703e+01 -2.567732048034667969e+01
-1.709256172180175781e+01 -1.917765045166015625e+01 -2.814116096496582031e+01
1.059467506408691406e+01 -4.717073917388916016e+00 -2.368308639526367188e+01
-3.841760635375976562e+00 1.414793109893798828e+01 -2.769502639770507812e+01
-2.557163000106811523e+00 -2.710120010375976562e+01 -2.505412864685058594e+01
-1.899390220642089844e+01 5.369520187377929688e+00 -7.891867160797119141e-01
-2.549045181274414062e+01 3.276817560195922852e+00 -1.016010570526123047e+01
5.556874275207519531e+00 -3.800857305526733398e+00 -1.115631961822509766e+01
-7.429423928260803223e-01 -1.229294061660766602e+00 2.106715679168701172e+00
-1.409585475921630859e+01 1.363619041442871094e+01 -2.764912414550781250e+01
1.674108695983886719e+01 -2.797616481781005859e+00 -1.030821037292480469e+01
2.940005064010620117e+00 1.873453903198242188e+01 -3.229703903198242188e+01
3.285466003417968750e+01 1.273480796813964844e+01 -1.080666542053222656e+00
1.335496234893798828e+01 1.496172618865966797e+01 1.552552700042724609e+00
2.212899017333984375e+01 -2.970519828796386719e+01 3.014828443527221680e+00
-1.031490612030029297e+01 5.230054855346679688e+00 1.572917461395263672e+01
-1.744048118591308594e+00 3.468093395233154297e+00 9.884569168090820312e+00
1.032288360595703125e+01 -3.390732574462890625e+01 -5.033706188201904297e+00
1.658197593688964844e+01 1.413032770156860352e+00 -2.538918495178222656e+01
-1.252442359924316406e+01 2.036756038665771484e+00 7.116435050964355469e+00
2.253325080871582031e+01 5.255486011505126953e+00 -1.128538131713867188e+01
6.503780841827392578e+00 2.215878295898437500e+01 -2.063553428649902344e+01
-1.055289363861083984e+01 -1.105237579345703125e+01 2.774465560913085938e+01
5.061866760253906250e+00 9.664793968200683594e+00 3.606311798095703125e+01
3.242948913574218750e+01 -1.176369571685791016e+01 8.413627624511718750e+00
-6.351729869842529297e+00 -3.539472961425781250e+01 8.433110237121582031e+00
2.007676124572753906e+01 2.268105506896972656e+01 2.273126220703125000e+01
-2.093057823181152344e+01 2.179887008666992188e+01 6.340324878692626953e+00
-3.187266921997070312e+01 -1.535166835784912109e+01 1.642873001098632812e+01
-1.847244834899902344e+01 -7.447901248931884766e+00 -9.222129821777343750e+00
7.327808737754821777e-01 1.872459411621093750e+01 1.481293678283691406e+01
-5.029613971710205078e+00 3.591688919067382812e+01 1.789125633239746094e+01
-5.936220288276672363e-02 3.483209609985351562e+01 1.847847342491149902e+00
-1.029571437835693359e+01 3.627260589599609375e+01 1.478224849700927734e+01
-5.625868320465087891e+00 1.766899299621582031e+01 -1.703795242309570312e+01
2.750516891479492188e+00 -2.154851341247558594e+01 -1.755496215820312500e+01
8.182100296020507812e+00 -3.095999145507812500e+01 -6.134238243103027344e+00
-1.714069366455078125e+01 3.880839157104492188e+01 -1.061632990837097168e+00
-3.007368087768554688e+01 1.684721755981445312e+01 -3.191176891326904297e+00
-2.770411014556884766e+00 -1.600766372680664062e+01 -2.810502052307128906e+01
-1.364947319030761719e+01 -3.966214656829833984e+00 -2.475551795959472656e+01
-7.845944881439208984e+00 1.048330020904541016e+01 1.220893192291259766e+01
-1.020838165283203125e+01 3.273769378662109375e+01 -9.243653297424316406e+00
-1.328237152099609375e+01 -1.333236455917358398e+00 -2.946476745605468750e+01
-2.836800336837768555e+00 -8.145066261291503906e+00 6.703354358673095703e+00
3.164836764335632324e-01 1.861755752563476562e+01 2.473472404479980469e+01
-3.383236646652221680e+00 -3.072996330261230469e+01 1.703699302673339844e+01
-2.791722297668457031e+00 -9.022402763366699219e+00 6.693553924560546875e+00
-6.287820816040039062e+00 -5.481684207916259766e+00 1.004543399810791016e+01
9.416956901550292969e+00 -5.348832607269287109e+00 -1.078451442718505859e+01
1.221542930603027344e+01 2.118904685974121094e+01 1.693196678161621094e+01
9.530801773071289062e+00 -3.193519592285156250e+01 1.317527198791503906e+01
-1.161401271820068359e+01 -4.967854976654052734e+00 2.298775100708007812e+01
2.616670227050781250e+01 2.365070533752441406e+01 1.238732933998107910e+00
1.534873867034912109e+01 8.956289291381835938e+00 1.901033592224121094e+01
1.286922264099121094e+01 4.032218933105468750e+01 2.983181953430175781e+00
-1.987906455993652344e+01 1.883146667480468750e+01 -5.194172859191894531e+00
2.716306209564208984e+00 -1.593967437744140625e+01 -2.713013648986816406e+01
6.357738018035888672e+00 2.042304420471191406e+01 -1.258100795745849609e+01
-2.874822616577148438e+01 -3.795613288879394531e+00 8.703946113586425781e+00
-2.507223320007324219e+01 5.025432109832763672e+00 2.686905288696289062e+01
-1.640100955963134766e+00 -1.522811412811279297e+01 2.490661430358886719e+01
2.191845130920410156e+01 -2.988430213928222656e+01 2.663167238235473633e+00
-3.123483657836914062e+01 5.351927757263183594e+00 -1.367640209197998047e+01
-9.611772894859313965e-01 1.234840774536132812e+01 1.546921443939208984e+01
1.979728507995605469e+01 2.280636405944824219e+01 2.395676040649414062e+01
2.006997108459472656e+01 -2.527323007583618164e+00 2.646720886230468750e+01
-1.230791664123535156e+01 2.532878112792968750e+01 1.587518119812011719e+01
-1.314054203033447266e+01 -9.027304649353027344e+00 2.778466606140136719e+01
1.085654926300048828e+01 -9.803083419799804688e+00 1.950878334045410156e+01
5.035220623016357422e+00 -1.431017494201660156e+01 7.876739025115966797e+00
-7.309985637664794922e+00 1.892089462280273438e+01 2.163367080688476562e+01
-7.784199237823486328e+00 2.422220802307128906e+01 1.993698310852050781e+01
1.746865463256835938e+01 -8.231237411499023438e+00 -2.535443305969238281e+01
-1.057280421257019043e+00 -2.396991157531738281e+01 7.335168123245239258e-01
2.069198989868164062e+01 -2.830619430541992188e+01 9.463880538940429688e+00
-1.400485038757324219e-01 -2.200107574462890625e+01 2.608911132812500000e+01
-9.640938043594360352e-02 3.108012914657592773e+00 3.128163909912109375e+01
-1.183765983581542969e+01 -2.296688461303710938e+01 -2.121239471435546875e+01
-1.120726108551025391e+01 -1.426448345184326172e+01 -1.637237167358398438e+01
4.676501750946044922e+00 -1.207338428497314453e+01 1.309813308715820312e+01
-2.748850250244140625e+01 4.845615386962890625e+00 -1.742964553833007812e+01
1.775429725646972656e+00 -7.690266609191894531e+00 -1.385755443572998047e+01
-9.551774978637695312e+00 -1.277128410339355469e+01 1.810030555725097656e+01
-6.896544933319091797e+00 -2.067359352111816406e+01 -1.217576313018798828e+01
-1.612499427795410156e+01 -2.766466331481933594e+01 2.024695587158203125e+01
1.560417556762695312e+01 -4.436591863632202148e-01 -3.617372751235961914e+00
-3.138648033142089844e+01 1.666573333740234375e+01 -2.042399644851684570e+00
2.949200439453125000e+01 -1.323579978942871094e+01 -7.243326187133789062e+00
-2.097286796569824219e+01 -1.498296356201171875e+01 3.144424676895141602e+00
-6.703042507171630859e+00 -1.862545967102050781e+01 -1.287991046905517578e+01
-1.398651885986328125e+01 2.075294494628906250e+01 9.678934097290039062e+00
-1.567161655426025391e+01 9.944734573364257812e+00 -2.002315330505371094e+01
2.292159080505371094e+01 1.828098678588867188e+01 -1.989626693725585938e+01
8.687994003295898438e+00 1.994359016418457031e+01 -5.617861747741699219e+00
-5.668654918670654297e+00 2.740210342407226562e+01 -6.296265602111816406e+00
-3.182744026184082031e+01 -1.805055809020996094e+01 1.482907009124755859e+01
-2.446821975708007812e+01 -6.823819279670715332e-01 -7.454366207122802734e+00
-6.777523517608642578e+00 -1.479598808288574219e+01 -1.244880485534667969e+01
-1.354326152801513672e+01 7.579566836357116699e-01 2.403889465332031250e+01
4.146791934967041016e+00 -4.891457557678222656e+00 -2.951637840270996094e+01
2.940577983856201172e+00 -3.438256835937500000e+01 1.399717712402343750e+01
7.083975315093994141e+00 1.460881805419921875e+01 -1.578073787689208984e+01
-8.740246772766113281e+00 3.319646453857421875e+01 -1.972067070007324219e+01
1.108833694458007812e+01 -4.785547733306884766e+00 6.434741020202636719e+00
1.836283874511718750e+01 8.062351942062377930e-01 2.279740905761718750e+01
9.994066238403320312e+00 2.655106925964355469e+01 -9.191260337829589844e+00
-2.420961380004882812e+01 -1.997607231140136719e+00 -7.417520523071289062e+00
-8.424529075622558594e+00 1.875659561157226562e+01 2.195903968811035156e+01
-2.295266532897949219e+01 1.844354820251464844e+01 -1.659052085876464844e+01
-2.726047039031982422e+00 -2.282932090759277344e+01 -2.467711448669433594e+01
-2.366806983947753906e+01 -9.843749046325683594e+00 2.223599815368652344e+01
-1.079811191558837891e+01 9.111045837402343750e+00 -4.312018394470214844e+00
-3.784034013748168945e+00 5.398319959640502930e-01 -3.988499832153320312e+01
2.946091175079345703e+00 -7.900817871093750000e+00 4.768853664398193359e+00
5.398081541061401367e-01 -2.614541244506835938e+01 -1.593460273742675781e+01
1.898616790771484375e+01 3.237397003173828125e+01 -8.298126220703125000e+00
1.919947504997253418e+00 -3.396814346313476562e+01 -1.382727050781250000e+01
-3.096916580200195312e+01 -3.812263965606689453e+00 4.231472492218017578e+00
7.193065166473388672e+00 -2.656816959381103516e+00 -1.716958808898925781e+01
1.681032371520996094e+01 2.483646965026855469e+01 1.383935642242431641e+01
1.166023015975952148e+00 1.823554801940917969e+01 2.466106224060058594e+01
3.201730728149414062e+01 -2.450843429565429688e+01 2.776222705841064453e+00
-1.306677341461181641e+01 -3.990126609802246094e+00 -2.462167930603027344e+01
1.390979576110839844e+01 -9.712478637695312500e+00 -2.337431526184082031e+01
-1.434235191345214844e+01 -4.245192527770996094e+00 -2.001320266723632812e+01
-3.641687774658203125e+01 -4.267645835876464844e+00 -1.848957061767578125e+01
-2.746944999694824219e+01 -4.845529556274414062e+00 -1.053256225585937500e+01
-2.068692398071289062e+01 1.169371604919433594e+01 -2.337448310852050781e+01
2.978543519973754883e+00 3.371903181076049805e+00 -1.889749526977539062e+01
-2.262431526184082031e+01 -1.547012686729431152e+00 -2.583083724975585938e+01
9.453914642333984375e+00 4.510480403900146484e+00 -2.829594421386718750e+01
1.646612286567687988e+00 -2.241899251937866211e+00 -3.107754135131835938e+01
2.651735687255859375e+01 2.524185180664062500e+01 6.307631969451904297e+00
3.759267425537109375e+01 2.254801988601684570e+00 4.871560573577880859e+00
-2.761259555816650391e+00 2.324047279357910156e+01 -1.356432247161865234e+01
-2.837941169738769531e+01 1.908564186096191406e+01 -1.833868384361267090e+00
-1.818350195884704590e+00 2.344422721862792969e+01 2.550612258911132812e+01
8.006645202636718750e+00 2.733767127990722656e+01 1.628532409667968750e+00
2.886536121368408203e+00 1.319705200195312500e+01 -3.641062927246093750e+01
1.854881477355957031e+01 3.606488704681396484e+00 2.087386131286621094e+01
-1.226774406433105469e+01 -7.901625633239746094e+00 2.695169639587402344e+01
-2.564167499542236328e+00 1.696095085144042969e+01 -1.062454700469970703e+01
-1.856416130065917969e+01 -4.341341972351074219e+00 -6.531656265258789062e+00
-5.933507919311523438e+00 2.809573173522949219e+01 -6.971314430236816406e+00
-1.677344703674316406e+01 6.209783554077148438e+00 -1.128938198089599609e+01
-1.098401451110839844e+01 1.026209831237792969e+01 3.833124160766601562e+01
2.020193672180175781e+01 2.062108039855957031e+01 1.260211181640625000e+01
1.399677276611328125e+00 -4.114791870117187500e+00 -2.501906776428222656e+01
-1.222370338439941406e+01 -3.051455116271972656e+01 -1.504522895812988281e+01
-8.820478320121765137e-01 -2.359315454959869385e-01 -1.785953140258789062e+01
-6.896661281585693359e+00 2.326830863952636719e+01 -8.723204612731933594e+00
-6.098643779754638672e+00 -2.192792320251464844e+01 -2.085927009582519531e+00
-2.382186508178710938e+01 3.675390481948852539e+00 -1.127725505828857422e+01
-6.580535411834716797e+00 -1.444604492187500000e+01 3.528567504882812500e+01
-2.272820281982421875e+01 9.950611591339111328e-01 -1.224342346191406250e+00
1.918653297424316406e+01 1.098734855651855469e+01 -1.204441547393798828e+01
-3.425470733642578125e+01 1.269305706024169922e+01 7.702516555786132812e+00
-1.657745170593261719e+01 -9.435884475708007812e+00 1.542958164215087891e+01
1.346106052398681641e+00 -1.575383186340332031e+01 -7.982914447784423828e-01
5.688258647918701172e+00 -1.172708320617675781e+01 1.626974296569824219e+01
1.188341045379638672e+01 2.303295850753784180e+00 1.663206100463867188e+01
-1.335985755920410156e+01 -1.102983951568603516e+00 -3.167083549499511719e+01
3.061130714416503906e+01 -3.597995281219482422e+00 -7.922577381134033203e+00
7.319293975830078125e+00 1.835621261596679688e+01 -3.211545562744140625e+01
4.967969357967376709e-01 -2.590932464599609375e+01 1.103453254699707031e+01
3.720059394836425781e+00 9.518533706665039062e+00 -2.434357833862304688e+01
-2.604978752136230469e+01 1.243008995056152344e+01 -1.845527648925781250e+01
-3.276168441772460938e+01 -3.299026727676391602e+00 -7.327572345733642578e+00
9.370160102844238281e+00 1.057671356201171875e+01 1.079383015632629395e+00
-7.755700111389160156e+00 -1.289192962646484375e+01 -9.401592254638671875e+00
1.547416973114013672e+01 3.578064346313476562e+01 9.555697441101074219e+00
2.688130950927734375e+01 3.829678058624267578e+00 -2.769418144226074219e+01
-1.883999824523925781e+01 7.788554191589355469e+00 -9.155664443969726562e+00
-2.449636220932006836e+00 -1.558054733276367188e+01 -2.662026023864746094e+01
-3.395046997070312500e+01 1.790957641601562500e+01 -1.030658960342407227e+00
3.500890970230102539e+00 8.068243026733398438e+00 2.589600563049316406e+01
1.118984889984130859e+01 2.944643402099609375e+01 7.441517710685729980e-01
-4.707704067230224609e+00 2.900931596755981445e+00 2.140296173095703125e+01
-6.814591884613037109e+00 -3.731548309326171875e+01 -1.185073184967041016e+01
-1.715476799011230469e+01 -8.371539115905761719e+00 -1.479837322235107422e+01
-3.047316074371337891e+00 2.548949432373046875e+01 -2.362548255920410156e+01
2.524828338623046875e+01 -3.851263046264648438e+00 1.302758216857910156e+00
-2.624946594238281250e+01 -2.222296333312988281e+01 -4.973577976226806641e+00
1.196550464630126953e+01 -8.648873567581176758e-01 1.634935188293457031e+01
2.971899986267089844e+01 -5.833832263946533203e+00 -1.987411499023437500e+01
-2.011493682861328125e+01 -2.933909225463867188e+01 4.046537280082702637e-01
3.339115905761718750e+01 -3.653135538101196289e+00 1.841972923278808594e+01
-1.643766975402832031e+01 5.798312187194824219e+00 -2.999916839599609375e+01
-3.067310810089111328e+00 -1.564670372009277344e+01 8.798823952674865723e-01
-5.133506774902343750e+00 -1.347121238708496094e+01 -1.146380329132080078e+01
-2.303851318359375000e+01 -2.747545051574707031e+01 6.527165412902832031e+00
-2.704863929748535156e+01 -2.382931327819824219e+01 -4.951497077941894531e+00
6.821773529052734375e+00 2.266833496093750000e+01 2.307245445251464844e+01
1.226110839843750000e+01 -6.823390960693359375e+00 -1.025060844421386719e+01
2.904796409606933594e+01 1.944300842285156250e+01 -4.428081512451171875e+00
-2.369942283630371094e+01 -1.780675888061523438e+01 2.245024681091308594e+01
1.736375617980957031e+01 -1.619361877441406250e+01 -2.554772758483886719e+01
-1.263203907012939453e+01 3.443538665771484375e+00 -1.826635169982910156e+01
2.710608482360839844e+01 8.612757921218872070e-01 1.454142284393310547e+01
-7.683790683746337891e+00 -2.114994430541992188e+01 -1.359210586547851562e+01
-3.265857315063476562e+01 -2.898930788040161133e+00 -7.800387859344482422e+00
1.969371986389160156e+01 -1.419964504241943359e+01 1.323125362396240234e+01
-1.949774551391601562e+01 1.227450466156005859e+01 2.988259315490722656e+00
-2.392650604248046875e+01 -1.520756340026855469e+01 -2.564122009277343750e+01
-2.996483743190765381e-01 2.489359283447265625e+01 2.332974243164062500e+01
3.268965530395507812e+01 -1.944837570190429688e+01 -2.087295055389404297e+00
-7.909332752227783203e+00 -1.013374137878417969e+01 2.793914794921875000e+01
-1.687701797485351562e+01 3.495516061782836914e+00 2.991391944885253906e+01
-2.059957313537597656e+01 -7.759728431701660156e+00 -3.733428001403808594e+00
9.303295612335205078e-01 3.053832054138183594e+01 1.187432575225830078e+01
-2.961180114746093750e+01 -2.364412069320678711e+00 -1.606501388549804688e+01
7.419590473175048828e+00 2.200036239624023438e+01 -1.191858100891113281e+01
9.123784065246582031e+00 -1.164313983917236328e+01 2.349930953979492188e+01
8.143099784851074219e+00 -1.384642601013183594e+01 -1.409515476226806641e+01
-2.333233833312988281e+01 1.481674098968505859e+01 7.838803529739379883e-01
-3.626948547363281250e+01 -7.723453044891357422e+00 1.309016823768615723e+00
-1.745051956176757812e+01 3.131980323791503906e+01 2.540518939495086670e-01
2.210387420654296875e+01 -1.070099830627441406e+01 1.702064514160156250e+00
1.299447727203369141e+01 1.203048706054687500e+01 6.915273189544677734e+00
-6.634970664978027344e+00 -2.571871566772460938e+01 6.724401473999023438e+00
1.549617862701416016e+01 5.274881839752197266e+00 -3.467700481414794922e+00
5.585481643676757812e+00 1.935654640197753906e+01 1.547778725624084473e+00
-1.993770408630371094e+01 -2.797697830200195312e+01 1.655123138427734375e+01
-1.281881046295166016e+01 2.927568197250366211e+00 -2.413056182861328125e+01
-1.507549476623535156e+01 -2.615814208984375000e+01 1.642441749572753906e+01
-1.848198890686035156e+01 -2.727218055725097656e+01 1.622783851623535156e+01
9.425779342651367188e+00 1.058168697357177734e+01 1.091469168663024902e+00
-1.632858657836914062e+01 2.989596605300903320e+00 1.703644561767578125e+01
-2.438706207275390625e+01 -1.345941066741943359e+01 -2.470734596252441406e+01
-2.315604400634765625e+01 1.497262191772460938e+01 2.511137127876281738e-01
-2.263118028640747070e+00 3.907199621200561523e+00 -3.551736450195312500e+01
-1.185506248474121094e+01 2.601776885986328125e+01 6.784077286720275879e-01
2.598186683654785156e+01 -1.511005973815917969e+01 1.144620704650878906e+01
3.082573890686035156e+01 -6.511552810668945312e+00 3.399492740631103516e+00
-1.178764533996582031e+01 2.353152084350585938e+01 -7.124855041503906250e+00
1.745910263061523438e+01 3.374328231811523438e+01 -6.151099205017089844e+00
-1.698657035827636719e+01 -5.395194053649902344e+00 1.105105495452880859e+01
7.698869705200195312e+00 1.962613868713378906e+01 -1.275403308868408203e+01
8.422734260559082031e+00 -2.191009330749511719e+01 -2.271317100524902344e+01
-3.043849563598632812e+01 1.396022891998291016e+01 6.217970848083496094e+00
-7.821245193481445312e+00 1.677099227905273438e+01 1.742437934875488281e+01
1.999516606330871582e+00 6.339332580566406250e+00 7.174180030822753906e+00
-2.006420135498046875e+01 -2.892344665527343750e+01 3.887996971607208252e-01
1.266652107238769531e+01 -1.714343833923339844e+01 -7.342620849609375000e+00
-1.143368911743164062e+01 1.077547359466552734e+01 -5.201941728591918945e-01
-1.259795475006103516e+01 2.890845870971679688e+01 -1.078112030029296875e+01
3.316901016235351562e+01 -1.069940853118896484e+01 8.271729469299316406e+00
-1.301877498626708984e+01 -4.874605655670166016e+00 -3.253880739212036133e-01
3.333271789550781250e+01 -5.873698592185974121e-01 -8.340849876403808594e+00
5.662771224975585938e+00 2.613694906234741211e+00 1.767429542541503906e+01
-7.000942707061767578e+00 1.446231079101562500e+01 -3.262474060058593750e+01
2.179194450378417969e+01 2.198768234252929688e+01 7.024503707885742188e+00
-2.441353607177734375e+01 1.056472897529602051e+00 -1.560809803009033203e+01
-2.846056222915649414e+00 1.894644927978515625e+01 -9.564713478088378906e+00
-2.445296096801757812e+01 6.669705390930175781e+00 7.139794826507568359e+00
-2.684092140197753906e+01 7.012879371643066406e+00 -1.158849716186523438e+01
5.060889244079589844e+00 1.383608055114746094e+01 -1.787847280502319336e+00
-8.072934150695800781e+00 -1.045282649993896484e+01 2.798105621337890625e+01
-1.341016197204589844e+01 -1.031458139419555664e+00 -2.698730278015136719e+01
2.017035865783691406e+01 1.615114593505859375e+01 -6.218399047851562500e+00
1.797256469726562500e+01 4.688919544219970703e+00 -3.454789352416992188e+01
-6.117432117462158203e+00 -1.372904682159423828e+01 1.862908744812011719e+01
2.808246016502380371e-01 -5.885851383209228516e-01 -2.405518913269042969e+01
1.355142593383789062e+01 -2.617844963073730469e+01 1.598110079765319824e+00
2.045075607299804688e+01 2.079976844787597656e+01 1.919732475280761719e+01
2.284275817871093750e+01 -1.078417301177978516e+01 2.168288993835449219e+01
-5.587556362152099609e+00 7.695907592773437500e+00 -3.014328241348266602e+00
1.085279464721679688e+01 1.209080314636230469e+01 -3.078258323669433594e+01
5.066885471343994141e+00 -1.993672561645507812e+01 -1.872536468505859375e+01
-2.622419738769531250e+01 1.289748764038085938e+01 -1.815834236145019531e+01
-8.799974441528320312e+00 -1.473298072814941406e+01 -1.170124530792236328e+01
2.879438161849975586e+00 1.198354148864746094e+01 -3.335308456420898438e+01
-1.338417911529541016e+01 -2.901368141174316406e+01 1.741301345825195312e+01
-5.716104984283447266e+00 -3.027215003967285156e+00 9.134239196777343750e+00
-9.388580322265625000e+00 1.708863258361816406e+01 -1.199440765380859375e+01
-2.646043777465820312e+00 -2.238767814636230469e+01 -2.331120491027832031e+01
-1.275498962402343750e+01 -1.482285118103027344e+01 1.755756950378417969e+01
1.156210994720458984e+01 -2.246909523010253906e+01 -2.501120567321777344e+01
-6.130411148071289062e+00 3.187684059143066406e+01 -2.270749664306640625e+01
-1.195540332794189453e+01 2.890988826751708984e+00 -3.132148361206054688e+01
-1.106715106964111328e+01 -2.653053855895996094e+01 -1.475078773498535156e+01
1.836600303649902344e+01 -2.710989379882812500e+01 -7.783728122711181641e+00
1.384051132202148438e+01 3.851182937622070312e+01 2.290718317031860352e+00
-1.800160980224609375e+01 -1.126643085479736328e+01 -2.914414215087890625e+01
1.532676410675048828e+01 -3.468989562988281250e+01 -9.863156318664550781e+00
-1.370575809478759766e+01 1.731659126281738281e+01 -4.258471488952636719e+00
-1.328533768653869629e+00 1.174050712585449219e+01 1.844504928588867188e+01
-3.294464826583862305e+00 4.405817985534667969e+00 -1.368862867355346680e+00
-2.918710136413574219e+01 5.315597534179687500e+00 -1.618684959411621094e+01
2.119749069213867188e+01 -2.084716224670410156e+01 -1.797019958496093750e+01
2.367457771301269531e+01 5.635760784149169922e+00 1.938424706459045410e+00
8.312951087951660156e+00 2.031088829040527344e+01 1.015427207946777344e+01
-9.983475685119628906e+00 5.555906772613525391e+00 1.427649593353271484e+01
2.563330650329589844e+01 1.579484462738037109e+01 -1.622730064392089844e+01
1.160102748870849609e+01 5.663381099700927734e+00 -2.926388549804687500e+01
-1.599840831756591797e+01 -2.775918388366699219e+01 2.015739059448242188e+01
-2.916654014587402344e+01 -1.105544757843017578e+01 8.449867248535156250e+00
2.243297576904296875e+01 -1.788165664672851562e+01 -2.936100959777832031e-01
-3.613222503662109375e+01 -7.738399505615234375e+00 1.838849425315856934e+00
-1.093271446228027344e+01 -3.609798908233642578e+00 -6.320518970489501953e+00
-1.155545902252197266e+01 -2.354453849792480469e+01 -2.387339210510253906e+01
2.803493881225585938e+01 8.578369140625000000e+00 3.239201307296752930e+00
3.969348430633544922e+00 -2.086163043975830078e+00 1.573208332061767578e+00
-1.031995177268981934e+00 -3.891565704345703125e+01 -2.259638786315917969e+00
1.829781150817871094e+01 -2.940807151794433594e+01 -6.050394058227539062e+00
-2.596033859252929688e+01 1.285382366180419922e+01 1.873571014404296875e+01
-3.732903671264648438e+01 -6.628232955932617188e+00 -9.894184768199920654e-02
-2.837657451629638672e+00 -2.243507766723632812e+01 -7.756290435791015625e-01
-9.465559959411621094e+00 -2.033565711975097656e+01 1.678953361511230469e+01
4.947015762329101562e+00 9.870043754577636719e+00 -2.979303741455078125e+01
-2.380253982543945312e+01 -2.754488754272460938e+01 6.701895236968994141e+00
2.049315261840820312e+01 1.587522983551025391e+01 3.763136863708496094e+00
-8.752750396728515625e+00 1.040323543548583984e+01 1.207619094848632812e+01
4.084434032440185547e+00 7.037021636962890625e+00 -1.347480201721191406e+01
1.841636466979980469e+01 -1.455918979644775391e+01 -5.315680503845214844e+00
-1.667934989929199219e+01 -1.940404129028320312e+01 -2.789579963684082031e+01
1.518170166015625000e+01 2.521389007568359375e+01 1.809360313415527344e+01
2.834954833984375000e+01 2.330495643615722656e+01 8.540358543395996094e+00
7.310334205627441406e+00 -1.668541908264160156e+01 -5.693137645721435547e+00
-1.349545860290527344e+01 2.323178052902221680e+00 -2.464815521240234375e+01
-3.143373870849609375e+01 -4.114434719085693359e+00 4.152936458587646484e+00
-1.495797348022460938e+01 -2.893554306030273438e+01 2.034530067443847656e+01
-2.071928215026855469e+01 1.486276435852050781e+01 1.514185142517089844e+01
-2.161843872070312500e+01 2.171343231201171875e+01 7.279835224151611328e+00
-1.355936408042907715e+00 -1.453020954132080078e+01 -2.448435974121093750e+01
-8.164430618286132812e+00 2.528988838195800781e+01 1.910267257690429688e+01
8.662804603576660156e+00 -8.503441810607910156e+00 -1.389762878417968750e+01
2.399108409881591797e+00 -2.170724678039550781e+01 1.861086463928222656e+01
-1.581884098052978516e+01 -2.332435989379882812e+01 -2.007403564453125000e+01
-2.908209037780761719e+01 -3.630952358245849609e+00 -1.249279499053955078e+01
5.744009971618652344e+00 -1.766315460205078125e+01 1.662643790245056152e+00
-3.646189928054809570e+00 -4.698760032653808594e+00 -3.100799560546875000e+01
-6.581142902374267578e+00 -2.819119644165039062e+01 7.350003719329833984e+00
-1.532700634002685547e+01 3.172773170471191406e+01 1.597143459320068359e+01
1.503597640991210938e+01 2.060914421081542969e+01 -1.358832931518554688e+01
-7.035945415496826172e+00 8.758426666259765625e+00 2.309201240539550781e+01
-2.306164932250976562e+01 6.091202735900878906e+00 2.998958826065063477e+00
1.387567162513732910e+00 7.515710830688476562e+00 -1.514625644683837891e+01
-6.515319347381591797e+00 -5.825870513916015625e+00 -3.202489471435546875e+01
-1.936108589172363281e+01 2.525993347167968750e+01 -7.960825443267822266e+00
4.802432537078857422e+00 2.831975173950195312e+01 -2.466803932189941406e+01
-3.196203947067260742e+00 6.903555989265441895e-01 -2.850863933563232422e+00
6.327295303344726562e+00 -3.484421539306640625e+01 -2.017169952392578125e+01
-9.812614440917968750e+00 1.086155223846435547e+01 -1.096722126007080078e+01
-4.359819412231445312e+00 2.654625415802001953e+00 2.113451766967773438e+01
-4.287314414978027344e+00 1.413939094543457031e+01 3.467208099365234375e+01
2.741841316223144531e+01 1.636415481567382812e+01 -1.642564392089843750e+01
-1.894695663452148438e+01 -2.107056045532226562e+01 -2.655830192565917969e+01
2.936033058166503906e+01 -1.353236007690429688e+01 -7.743591308593750000e+00
1.816422843933105469e+01 2.611222457885742188e+01 1.489069938659667969e+01
1.052737903594970703e+01 1.594692587852478027e+00 -5.145353317260742188e+00
-2.952729988098144531e+01 1.571830272674560547e+01 -2.396413236856460571e-01
-1.082429981231689453e+01 -1.294076919555664062e+01 -1.606282043457031250e+01
2.933146667480468750e+01 2.580806016921997070e+00 -2.715840041637420654e-01
1.799485969543457031e+01 -8.974717140197753906e+00 -2.493246269226074219e+01
1.466073322296142578e+01 1.694846916198730469e+01 -2.160676717758178711e-01
-1.016719436645507812e+01 3.880897998809814453e+00 -3.416307067871093750e+01
4.015207767486572266e+00 -2.582971763610839844e+01 -1.250361728668212891e+01
1.520027732849121094e+01 -1.731153297424316406e+01 -1.550350666046142578e+01
-5.043316841125488281e+00 4.834888935089111328e+00 -3.465975189208984375e+01
-2.366061973571777344e+01 4.999423980712890625e+00 -1.882625198364257812e+01
-1.818908119201660156e+01 2.627567863464355469e+01 1.980546951293945312e+01
-1.871197509765625000e+01 -1.890142631530761719e+01 1.002465915679931641e+01
2.794345855712890625e+01 -2.043510437011718750e+01 1.083838105201721191e+00
-7.939734935760498047e+00 1.652931785583496094e+01 -7.179674625396728516e+00
1.298029780387878418e+00 1.694829750061035156e+01 -1.714021444320678711e+00
-1.317986726760864258e+00 1.196836185455322266e+01 1.339265251159667969e+01
-1.009403991699218750e+01 -3.261745274066925049e-01 -3.724108505249023438e+01
-2.624793243408203125e+01 -1.013268089294433594e+01 -2.671109008789062500e+01
1.433403491973876953e+01 -2.095145034790039062e+01 -2.246661567687988281e+01
-1.834951782226562500e+01 1.217479705810546875e+01 -2.515147018432617188e+01
-1.118531799316406250e+01 3.421370315551757812e+01 -2.701446771621704102e+00
4.113305091857910156e+00 1.101933860778808594e+01 -3.445355987548828125e+01
-2.067638158798217773e+00 3.637691497802734375e+01 -9.867968559265136719e+00
1.938031387329101562e+01 6.797533035278320312e+00 7.383752346038818359e+00
-1.617194557189941406e+01 -1.962709999084472656e+01 -2.725653076171875000e+01
3.881613492965698242e+00 1.662233734130859375e+01 1.124922847747802734e+01
2.466463088989257812e+01 -1.171484279632568359e+01 1.639339828491210938e+01
1.573493003845214844e+01 -5.235236883163452148e-01 -3.522878408432006836e+00
2.969753837585449219e+01 9.411821365356445312e+00 6.632409572601318359e+00
1.854879379272460938e+01 3.621937274932861328e+00 2.086370658874511719e+01
3.205993270874023438e+01 -2.277616024017333984e+00 1.601145935058593750e+01
7.555205821990966797e+00 7.485174655914306641e+00 -3.116741180419921875e+01
-2.392224311828613281e+00 -2.799168395996093750e+01 -1.619062805175781250e+01
-5.703083038330078125e+00 2.439197540283203125e+01 -2.154523849487304688e+01
-1.655695724487304688e+01 7.539871692657470703e+00 -1.701784515380859375e+01
-8.632566928863525391e-01 1.148095798492431641e+01 -1.355088329315185547e+01
-2.306434440612792969e+01 2.063525962829589844e+01 -5.886594295501708984e+00
-1.260954380035400391e+01 -7.949540138244628906e+00 2.825760269165039062e+01
3.369771003723144531e+00 1.716108024120330811e-01 -2.044926643371582031e+00
1.723097038269042969e+01 3.397903442382812500e+01 4.709990501403808594e+00
3.558356523513793945e+00 -3.123001575469970703e+00 2.796592712402343750e+00
-2.453963661193847656e+01 -2.183968305587768555e+00 -1.893293857574462891e-02
-1.764410781860351562e+01 -1.918622779846191406e+01 1.380113887786865234e+01
1.788434410095214844e+01 -2.106158638000488281e+01 1.437420749664306641e+01
-4.152219772338867188e+01 -3.793732643127441406e+00 1.172003078460693359e+01
1.201521968841552734e+01 1.836760044097900391e+00 -1.267753505706787109e+01
-8.628380775451660156e+00 1.746281433105468750e+01 -3.216625976562500000e+01
-3.851526260375976562e+01 -2.725054264068603516e+00 8.356449127197265625e+00
-1.298533725738525391e+01 2.311622810363769531e+01 1.440573883056640625e+01
-8.876215934753417969e+00 -1.197412204742431641e+01 -8.089983940124511719e+00
-1.396164512634277344e+01 2.201543426513671875e+01 2.540889739990234375e+01
-1.709323883056640625e+01 1.053194808959960938e+01 5.543812274932861328e+00
7.600671768188476562e+00 1.527714157104492188e+01 8.950379371643066406e+00
1.878988265991210938e+01 -5.794145584106445312e+00 -1.468563365936279297e+01
5.625022411346435547e+00 3.013794326782226562e+01 -2.221006393432617188e+01
-3.665777587890625000e+01 -7.823815345764160156e+00 -5.085947513580322266e-01
5.893168926239013672e+00 -2.292031526565551758e+00 -3.205984830856323242e+00
-1.419104480743408203e+01 -5.656978130340576172e+00 -1.205805659294128418e+00
-1.368521022796630859e+01 2.812493085861206055e+00 3.886085128784179688e+01
-1.232358551025390625e+01 2.875471496582031250e+01 2.240004539489746094e+01
-2.622442817687988281e+01 -4.837228298187255859e+00 -1.849180984497070312e+01
4.615932464599609375e+00 -2.507878875732421875e+01 -1.341810035705566406e+01
2.645777893066406250e+01 2.431880569458007812e+01 6.909472465515136719e+00
7.558489322662353516e+00 -1.693395137786865234e+00 -1.727678298950195312e+01
-3.840764999389648438e+01 -4.890521049499511719e+00 1.020452690124511719e+01
3.065433979034423828e+00 1.613069534301757812e+01 -6.150376319885253906e+00
3.644374847412109375e+01 7.389815330505371094e+00 -9.304803848266601562e+00
-2.053889083862304688e+01 -7.055529594421386719e+00 -7.814424991607666016e+00
1.942890357971191406e+01 -6.684042811393737793e-01 -2.748744201660156250e+01
8.956066966056823730e-01 -4.085152149200439453e+00 -2.770863723754882812e+01
1.615721321105957031e+01 6.474393844604492188e+00 -7.885263919830322266e+00
-9.166173934936523438e+00 -2.499370384216308594e+01 -7.137185573577880859e+00
1.842959213256835938e+01 -3.253041458129882812e+01 -1.017340660095214844e+01
-2.241293716430664062e+01 -4.901133537292480469e+00 2.086614418029785156e+01
-2.108774185180664062e+00 -6.440609931945800781e+00 2.861713790893554688e+01
-1.774771690368652344e+01 8.279508590698242188e+00 -8.004095077514648438e+00
1.703004455566406250e+01 2.368231773376464844e+01 1.692330741882324219e+01
-1.076927065849304199e+00 -2.893423318862915039e+00 9.335655212402343750e+00
8.234563827514648438e+00 -2.026702499389648438e+01 7.718148827552795410e-01
4.461616516113281250e+00 1.553092384338378906e+01 1.088203144073486328e+01
1.854220581054687500e+01 1.792009735107421875e+01 2.900776290893554688e+01
-1.688145256042480469e+01 1.056133270263671875e+01 5.424268245697021484e+00
5.230118751525878906e+00 -6.334146499633789062e+00 1.500960350036621094e+01
-2.451126861572265625e+01 1.109698772430419922e+01 -2.213964653015136719e+01
-7.336095809936523438e+00 -3.062231063842773438e+01 2.610290527343750000e+01
-1.379939842224121094e+01 2.795508003234863281e+01 -9.975274205207824707e-01
-1.196051597595214844e+01 1.972597694396972656e+01 9.086382865905761719e+00
1.367106819152832031e+01 -6.491743564605712891e+00 3.626364469528198242e+00
-6.515697956085205078e+00 1.575428485870361328e+01 2.176281356811523438e+01
1.167370891571044922e+01 -2.129319381713867188e+01 -2.360873794555664062e+01
1.535010623931884766e+01 -1.391160011291503906e+01 2.916541814804077148e+00
1.176336669921875000e+01 -1.599052619934082031e+01 -2.660593414306640625e+01
-2.907855224609375000e+01 1.418943119049072266e+01 9.260552406311035156e+00
-6.819905757904052734e+00 3.039688873291015625e+01 1.204483890533447266e+01
2.044635391235351562e+01 -1.378955841064453125e+00 1.682601165771484375e+01
-1.703149032592773438e+01 -1.871142578125000000e+01 1.611718177795410156e+01
6.286789894104003906e+00 -2.790019989013671875e+01 -2.399444198608398438e+01
2.417837333679199219e+01 1.094447994232177734e+01 -6.392001628875732422e+00
2.358809661865234375e+01 -5.662414073944091797e+00 -1.231824398040771484e+01
-2.575640487670898438e+01 2.137633800506591797e+00 -2.119613265991210938e+01
2.276825714111328125e+01 -1.992162704467773438e+01 1.511848831176757812e+01
-8.955919265747070312e+00 -1.490388202667236328e+01 1.969957542419433594e+01
-2.147942161560058594e+01 -6.925476074218750000e+00 -1.495878696441650391e+01
1.890249061584472656e+01 -5.521433830261230469e+00 -8.218169212341308594e+00
-1.706071281433105469e+01 2.936378717422485352e+00 2.958045196533203125e+01
-1.352192020416259766e+01 2.511295700073242188e+01 -1.835117340087890625e+01
-2.544520759582519531e+01 -1.874255180358886719e+01 -7.615209102630615234e+00
2.560347175598144531e+01 1.746125984191894531e+01 -1.772966957092285156e+01
-2.616850852966308594e+00 -1.894001770019531250e+01 3.398383140563964844e+00
-1.286135613918304443e-02 -7.113237380981445312e+00 -3.439836502075195312e+01
-2.800590705871582031e+01 1.965834808349609375e+01 -7.326690196990966797e+00
-1.318128013610839844e+01 1.739443016052246094e+01 1.907295417785644531e+01
-1.253106880187988281e+01 1.406389999389648438e+01 -2.465279579162597656e+01
-3.813055038452148438e+01 -5.128226280212402344e+00 8.670321464538574219e+00
1.501574134826660156e+01 4.707604885101318359e+00 -3.091331958770751953e+00
-2.431143045425415039e+00 -1.927245140075683594e+01 -7.507854461669921875e+00
-8.560131072998046875e+00 1.747198104858398438e+01 -1.050312232971191406e+01
-1.070518684387207031e+01 -2.973259389400482178e-01 -3.858037567138671875e+01
1.795909285545349121e+00 -2.055350875854492188e+01 -6.213648796081542969e+00
1.855961227416992188e+01 2.574899435043334961e+00 -2.102776908874511719e+01
-7.701145172119140625e+00 1.389198398590087891e+01 -7.010146617889404297e+00
1.825460815429687500e+01 -1.401746082305908203e+01 -1.668096160888671875e+01
8.085352897644042969e+00 2.095116043090820312e+01 -1.477227020263671875e+01
2.878173828125000000e+00 -1.713033467531204224e-01 -2.646320343017578125e+01
-3.481280136108398438e+01 -3.587433338165283203e+00 -1.904647254943847656e+01
2.126744461059570312e+01 -1.222580718994140625e+01 3.777863979339599609e+00
1.731498908996582031e+01 1.517513155937194824e+00 -7.261435031890869141e+00
-2.453031349182128906e+01 -1.685264205932617188e+01 2.161983680725097656e+01
-2.509812164306640625e+01 8.097031593322753906e+00 -1.273079490661621094e+01
-5.911334991455078125e+00 8.078277587890625000e+00 -3.101925611495971680e+00
1.082224178314208984e+01 -3.188758468627929688e+01 -2.402657508850097656e+01
6.856925010681152344e+00 4.549287259578704834e-01 3.344408416748046875e+01
1.878554534912109375e+01 2.103388214111328125e+01 1.848124694824218750e+01
2.796262741088867188e+00 1.704441642761230469e+01 1.657274627685546875e+01
1.431960487365722656e+01 1.832929039001464844e+01 -1.013244056701660156e+01
-1.853307342529296875e+01 -3.056892395019531250e+01 1.814640808105468750e+01
-1.802182769775390625e+01 7.444344997406005859e+00 -1.735450172424316406e+01
-1.891469764709472656e+01 3.884086990356445312e+01 -1.399331927299499512e+00
-2.783416175842285156e+01 -6.978097915649414062e+00 1.710019302368164062e+01
1.018858909606933594e+01 5.460770606994628906e+00 1.745248222351074219e+01
3.135144996643066406e+01 -1.458050537109375000e+01 1.032966041564941406e+01
6.528744220733642578e+00 1.569440364837646484e+01 -2.606417083740234375e+01
-4.077973175048828125e+01 8.862495422363281250e-01 8.849654197692871094e+00
1.677639579772949219e+01 1.010808277130126953e+01 1.938624763488769531e+01
-1.397623252868652344e+01 8.759816288948059082e-01 -2.414815902709960938e+01
2.575524568557739258e+00 4.275240325927734375e+01 1.219675064086914062e+00
1.097941279411315918e+00 -2.462440872192382812e+01 -1.769171714782714844e+01
7.442674160003662109e+00 8.901597023010253906e+00 -1.183326005935668945e+00
1.092457294464111328e+01 -2.111013031005859375e+01 -2.479490089416503906e+01
4.845611572265625000e+00 -3.114053726196289062e+01 -9.708325386047363281e+00
1.146760559082031250e+01 4.754126548767089844e+00 2.684545326232910156e+01
2.057266998291015625e+01 -3.318904876708984375e+01 5.098722934722900391e+00
-1.734901428222656250e+01 -2.013896560668945312e+01 -1.186908006668090820e+00
2.906539344787597656e+01 -6.436055183410644531e+00 -2.067066955566406250e+01
-1.794854927062988281e+01 -2.395933723449707031e+01 1.021234154701232910e+00
2.269041824340820312e+01 -9.491913795471191406e+00 1.673827362060546875e+01
-1.128581404685974121e+00 -1.094653797149658203e+01 3.804125976562500000e+01
-3.518555879592895508e+00 2.250702667236328125e+01 2.464611244201660156e+01
1.222276115417480469e+01 6.610636711120605469e+00 -1.225376415252685547e+01
-1.149523258209228516e+01 1.017289733886718750e+01 3.734387588500976562e+01
4.181960678100585938e+01 3.091166496276855469e+00 2.563235521316528320e+00
-2.029131507873535156e+01 -2.984756088256835938e+01 5.041807889938354492e-01
-1.404324626922607422e+01 2.041325950622558594e+01 2.296375083923339844e+01
-2.052704048156738281e+01 1.303605365753173828e+01 1.710326766967773438e+01
2.528557014465332031e+01 1.797724914550781250e+01 -1.795879364013671875e+01
-9.434063911437988281e+00 1.757122993469238281e+01 -1.243401813507080078e+01
6.103411674499511719e+00 -1.220818901062011719e+01 1.625089454650878906e+01
1.164447975158691406e+01 -2.769142687320709229e-01 -9.536067962646484375e+00
1.139853477478027344e+01 5.225858211517333984e+00 -5.407742500305175781e+00
-1.145226001739501953e+01 2.028780746459960938e+01 8.905144691467285156e+00
2.947143554687500000e+01 -2.975197792053222656e+00 -1.073126316070556641e+01
3.232326126098632812e+01 9.138813018798828125e+00 6.531642436981201172e+00
1.274057960510253906e+01 -9.441721916198730469e+00 -1.422723674774169922e+01
2.251600503921508789e+00 1.033835887908935547e+01 -2.700650405883789062e+01
1.636140823364257812e+01 -1.236374378204345703e+01 2.497080230712890625e+01
2.464553642272949219e+01 -1.286026573181152344e+01 -8.957517743110656738e-01
2.222910499572753906e+01 6.265503406524658203e+00 -7.937841892242431641e+00
1.189424324035644531e+01 -6.553124427795410156e+00 -1.031096839904785156e+01
-1.647488021850585938e+01 -6.449488162994384766e+00 7.668797969818115234e+00
-1.617119407653808594e+01 -1.782701301574707031e+01 -2.830754089355468750e+01
-4.327148437500000000e+00 -1.344965457916259766e+01 -1.107883739471435547e+01
-3.958646059036254883e+00 -3.129046630859375000e+01 4.422696828842163086e-01
2.595823669433593750e+01 -2.661905860900878906e+01 3.334126949310302734e+00
2.876474189758300781e+01 -9.710609436035156250e+00 1.562784099578857422e+01
-3.609305858612060547e+00 1.590172100067138672e+01 2.247413063049316406e+01
-3.733189773559570312e+01 9.406843185424804688e-01 8.512794494628906250e+00
-1.578146839141845703e+01 3.269845247268676758e+00 1.621519851684570312e+01
3.342573547363281250e+01 -1.674164199829101562e+01 -3.029985427856445312e+00
-6.013352870941162109e+00 -7.548710346221923828e+00 1.620574188232421875e+01
-3.655506515502929688e+01 2.730415821075439453e+00 8.648077011108398438e+00
-6.712583899497985840e-01 -3.189914321899414062e+01 -1.655654335021972656e+01
-4.141268157958984375e+01 -6.060960292816162109e-01 9.438507080078125000e+00
-1.396503543853759766e+01 3.502274751663208008e+00 -2.443496131896972656e+01
2.513747024536132812e+01 -1.858612251281738281e+01 2.333032226562500000e+01
2.057054138183593750e+01 -7.108564376831054688e+00 8.601060867309570312e+00
-1.381428813934326172e+01 -4.999582767486572266e+00 -1.780932426452636719e+01
5.471091866493225098e-01 -6.425739288330078125e+00 1.685541343688964844e+01
2.002845382690429688e+01 1.969368553161621094e+01 1.160002994537353516e+01
4.246921157836914062e+01 -5.861060142517089844e+00 3.343288421630859375e+00
5.140144824981689453e+00 1.861002731323242188e+01 -3.298936462402343750e+01
4.913604259490966797e+00 -4.710153579711914062e+00 -2.967690467834472656e+01
-4.070334625244140625e+01 -2.967518329620361328e+00 8.796406745910644531e+00
-4.555925846099853516e+00 -2.900585365295410156e+01 8.540539741516113281e+00
-2.051397895812988281e+01 -2.888349151611328125e+01 7.731246948242187500e+00
-5.263742446899414062e+00 -4.565375149250030518e-01 -3.346967458724975586e+00
1.693895101547241211e+00 -2.316918373107910156e+01 1.624576807022094727e+00
1.672202491760253906e+01 -9.986477851867675781e+00 -2.264677619934082031e+01
5.101187229156494141e+00 -1.742691612243652344e+01 1.916618537902832031e+01
2.734977531433105469e+01 1.842025184631347656e+01 -4.445700645446777344e-01
2.243737602233886719e+01 1.617769432067871094e+01 -2.238458824157714844e+01
9.173768043518066406e+00 -2.261982345581054688e+01 1.529693698883056641e+01
7.481842041015625000e+00 -1.748270034790039062e+01 1.062616729736328125e+01
-1.767343878746032715e-01 -7.328075408935546875e+00 -3.479669570922851562e+01
-2.187971496582031250e+01 6.080581188201904297e+00 2.836306953430175781e+01
-1.070980739593505859e+01 -2.148385047912597656e+00 -2.412262916564941406e+01
2.188286399841308594e+01 -4.051390647888183594e+00 1.699177932739257812e+01
1.885470390319824219e+01 6.019177436828613281e+00 2.951886367797851562e+01
1.683000564575195312e+01 2.879754257202148438e+01 2.084966468811035156e+01
3.800600051879882812e+00 -2.546526336669921875e+01 2.266178894042968750e+01
-1.614926719665527344e+01 1.275094604492187500e+01 -3.008912658691406250e+01
-2.472120094299316406e+01 -2.601956748962402344e+01 -6.381896972656250000e+00
-6.335399150848388672e+00 1.883489608764648438e+01 1.653216361999511719e+01
-2.346824264526367188e+01 -1.487817001342773438e+01 2.873462915420532227e+00
1.663313293457031250e+01 -5.361484050750732422e+00 -6.111923217773437500e+00
-1.305073547363281250e+01 1.729521751403808594e+01 1.943358230590820312e+01
-5.863318443298339844e+00 4.037738037109375000e+01 -3.235360383987426758e+00
-1.216986942291259766e+01 -5.659719467163085938e+00 2.351479148864746094e+01
7.219742298126220703e+00 -2.978580284118652344e+01 1.174299907684326172e+01
-1.090524864196777344e+01 -1.481286525726318359e+01 2.376878356933593750e+01
3.697607219219207764e-01 -3.992130458354949951e-01 1.262617397308349609e+01
-3.013894271850585938e+01 -7.499444961547851562e+00 -4.333708286285400391e+00
-8.707528114318847656e+00 -2.161280959844589233e-01 -1.192176914215087891e+01
-2.500903606414794922e+00 -3.787428665161132812e+01 5.974060893058776855e-01
-2.196748924255371094e+01 4.711996614933013916e-01 -2.928575515747070312e+00
-1.343533611297607422e+01 -9.950776100158691406e-01 1.568298912048339844e+01
-1.924999618530273438e+01 6.473007678985595703e+00 -1.602795410156250000e+01
-2.044228363037109375e+01 2.161952781677246094e+01 -1.670462417602539062e+01
1.208770084381103516e+01 2.736835002899169922e+00 -3.705717468261718750e+01
1.043859863281250000e+01 4.156437873840332031e+00 -2.900602149963378906e+01
2.682568931579589844e+01 -8.905276298522949219e+00 -2.225873374938964844e+01
1.721518516540527344e+01 -3.211907148361206055e+00 1.798758506774902344e+01
4.501988887786865234e+00 1.872723388671875000e+01 1.679405689239501953e+00
2.516024589538574219e+01 5.056575536727905273e-01 1.429715538024902344e+01
4.852305650711059570e-01 -1.309435176849365234e+01 -8.000231742858886719e+00
2.616942787170410156e+01 1.379640960693359375e+01 3.095894813537597656e+00
-5.840846300125122070e-01 1.223655319213867188e+01 1.575044631958007812e+01
-1.781496429443359375e+01 -2.928208827972412109e+00 1.143103599548339844e+01
3.649750137329101562e+01 -9.647152900695800781e+00 -7.071043491363525391e+00
-4.541288852691650391e+00 9.036252021789550781e+00 9.055842399597167969e+00
7.877634048461914062e+00 2.034090423583984375e+01 -1.305917644500732422e+01
7.736917972564697266e+00 -3.316734695434570312e+01 1.533214187622070312e+01
2.505559158325195312e+01 -5.118111968040466309e-01 -2.701698493957519531e+01
2.825720596313476562e+01 1.307077503204345703e+01 -8.914549827575683594e+00
-2.863096809387207031e+01 -2.583829641342163086e+00 -1.168840694427490234e+01
-3.512482833862304688e+01 -1.530821704864501953e+01 -4.015466690063476562e+00
-5.708128929138183594e+00 2.095789164304733276e-01 -1.162831211090087891e+01
-2.794215679168701172e+00 2.954837608337402344e+01 5.891207218170166016e+00
2.420668792724609375e+01 1.480148029327392578e+01 1.780420064926147461e+00
-1.422751712799072266e+01 -2.106211280822753906e+01 1.646236228942871094e+01
1.458899497985839844e+01 -1.966692805290222168e+00 -3.507349395751953125e+01
-3.373952865600585938e+01 1.516842842102050781e+01 5.056864738464355469e+00
2.022249221801757812e+01 2.248438262939453125e+01 2.203826713562011719e+01
2.408192253112792969e+01 -2.194291305541992188e+01 -1.316576671600341797e+01
-2.336956024169921875e+01 -9.466289520263671875e+00 -2.818769454956054688e+01
-1.844084548950195312e+01 1.431323719024658203e+01 1.609066772460937500e+01
-5.590600967407226562e+00 -8.473306655883789062e+00 1.954338264465332031e+01
4.385529041290283203e+00 9.208652496337890625e+00 3.856203079223632812e+01
3.118692779541015625e+01 -1.589142036437988281e+01 9.580685615539550781e+00
-5.976178169250488281e+00 3.641938018798828125e+01 1.587445545196533203e+01
4.724278926849365234e+00 -8.371814727783203125e+00 2.906473541259765625e+01
-2.241055297851562500e+01 1.746214485168457031e+01 -1.765682601928710938e+01
-2.148743438720703125e+01 7.092122554779052734e+00 -1.058054351806640625e+01
5.323760986328125000e+00 2.340736770629882812e+01 2.335893821716308594e+01
-1.233886814117431641e+01 2.112200546264648438e+01 2.087165832519531250e+01
4.838299274444580078e+00 2.599386024475097656e+01 -5.987889766693115234e+00
9.838375091552734375e+00 -3.386543273925781250e+01 -3.650563478469848633e+00
1.081190204620361328e+01 1.506500530242919922e+01 -6.825455665588378906e+00
-2.993906736373901367e+00 -2.927892112731933594e+01 1.785651588439941406e+01
-1.100957298278808594e+01 8.091287612915039062e+00 -1.976831626892089844e+01
1.742848396301269531e+01 1.600739955902099609e+00 -3.505757904052734375e+01
-5.433719158172607422e+00 -2.209876060485839844e+01 1.714837455749511719e+01
-2.646367645263671875e+01 -8.934296369552612305e-01 -1.154931336641311646e-01
5.114818215370178223e-01 -4.111879348754882812e+01 -4.298255920410156250e+00
1.628048133850097656e+01 2.819601058959960938e+01 2.047754669189453125e+01
-1.228576564788818359e+01 2.446339416503906250e+01 -6.856016635894775391e+00
-2.798112154006958008e+00 2.954516601562500000e+01 5.884336471557617188e+00
-2.496961593627929688e+01 2.535029411315917969e+01 5.546605110168457031e+00
9.186899185180664062e+00 5.000817775726318359e+00 -3.426966094970703125e+01
2.833077907562255859e+00 -8.602087020874023438e+00 4.649676799774169922e+00
-1.467031097412109375e+01 1.592126464843750000e+01 1.589497756958007812e+01
-6.895585536956787109e+00 5.966945648193359375e+00 -1.347704410552978516e+01
-5.429354667663574219e+00 -3.269564819335937500e+01 2.265586376190185547e+00
-1.928808975219726562e+01 -9.206413269042968750e+00 3.469890975952148438e+01
-5.479078292846679688e+00 1.064993762969970703e+01 1.733536338806152344e+01
8.826691627502441406e+00 1.273245143890380859e+01 -7.908559799194335938e+00
-1.663857078552246094e+01 -2.909568405151367188e+01 -2.111770153045654297e+00
5.927939414978027344e+00 7.977632880210876465e-01 1.933163070678710938e+01
6.824983119964599609e+00 -7.034949779510498047e+00 1.068790405988693237e-01
3.671078491210937500e+01 2.856566905975341797e+00 -5.087090492248535156e+00
5.477308750152587891e+00 1.319681930541992188e+01 -2.680217266082763672e+00
2.076231575012207031e+01 -6.776692271232604980e-01 3.310962295532226562e+01
-9.230489730834960938e+00 1.790815162658691406e+01 -1.332756328582763672e+01
-1.414333629608154297e+01 -1.520884227752685547e+01 6.300495624542236328e+00
4.140583038330078125e+00 -1.015498116612434387e-01 -2.466578483581542969e+01
6.667085647583007812e+00 -1.105244255065917969e+01 -2.195616149902343750e+01
-1.617737388610839844e+01 1.943763732910156250e+01 -2.976615190505981445e+00
2.604048347473144531e+01 1.556108570098876953e+01 -1.714797973632812500e+01
-7.727421283721923828e+00 -6.853967189788818359e+00 -1.623598098754882812e+01
-5.238230228424072266e+00 -2.488680648803710938e+01 -1.271662330627441406e+01
9.264512062072753906e+00 9.332911491394042969e+00 3.473568344116210938e+01
-3.042071342468261719e+01 -7.011696815490722656e+00 -5.178343772888183594e+00
-7.213125228881835938e+00 2.164657354354858398e+00 -2.942919921875000000e+01
-9.149698257446289062e+00 8.340415000915527344e+00 -2.621908760070800781e+01
-7.486303806304931641e+00 1.505764293670654297e+01 2.377130889892578125e+01
-1.260598468780517578e+01 -5.697602629661560059e-01 -1.901004028320312500e+01
2.288124275207519531e+01 -2.088394355773925781e+01 -1.260662078857421875e+01
-2.282247161865234375e+01 2.087151718139648438e+01 -6.192915916442871094e+00
-3.192563438415527344e+01 -9.650264739990234375e+00 -1.987968635559082031e+01
9.395043373107910156e+00 1.754338836669921875e+01 3.381622314453125000e+01
8.605871200561523438e+00 1.182265639305114746e+00 -3.867504119873046875e+01
1.582068538665771484e+01 -3.064480590820312500e+01 -5.822385311126708984e+00
1.062912464141845703e+01 1.021529579162597656e+01 3.743911743164062500e+01
-2.901374435424804688e+01 -4.579637050628662109e+00 6.340464115142822266e+00
-2.572975873947143555e+00 8.321555137634277344e+00 3.264238739013671875e+01
1.797307395935058594e+01 -1.888740921020507812e+01 -9.109597206115722656e+00
5.479379653930664062e+00 -7.202253341674804688e+00 -1.619477272033691406e+01
1.023402500152587891e+01 -3.018781471252441406e+01 1.363240146636962891e+01
-1.484117698669433594e+01 -3.491337203979492188e+01 7.289421081542968750e+00
-2.236449813842773438e+01 8.947047233581542969e+00 -1.056982994079589844e+00
-1.310758233070373535e+00 9.228222846984863281e+00 -1.575135231018066406e+01
-1.763193321228027344e+01 5.073256015777587891e+00 -9.518717527389526367e-01
1.862965965270996094e+01 -8.277710914611816406e+00 8.934260368347167969e+00
1.526375412940979004e+00 3.230125904083251953e+00 -2.871903228759765625e+01
-1.465071201324462891e+01 2.567012977600097656e+01 -1.832248878479003906e+01
-2.493781089782714844e+01 6.108925819396972656e+00 2.731572151184082031e+01
2.377588987350463867e+00 6.250772476196289062e+00 1.319231224060058594e+01
9.695520401000976562e+00 -2.048179435729980469e+01 -1.483532619476318359e+01
-6.588810920715332031e+00 4.026438713073730469e+00 -5.295472621917724609e+00
2.725361442565917969e+01 2.823994064331054688e+01 -2.096343994140625000e+00
1.484372615814208984e+01 2.488480949401855469e+01 -4.643328666687011719e+00
-2.185231018066406250e+01 -1.921243286132812500e+01 8.958967208862304688e+00
1.180200386047363281e+01 1.549293518066406250e+00 -1.472390365600585938e+01
1.836891746520996094e+01 1.864576816558837891e+00 -5.310954093933105469e+00
-3.452657461166381836e+00 8.215272903442382812e+00 -1.740489387512207031e+01
-7.260515689849853516e-01 -2.655243873596191406e+00 2.471670341491699219e+01
1.053773593902587891e+01 2.995957565307617188e+01 1.958014678955078125e+01
3.213890194892883301e-01 3.491976928710937500e+01 -9.017248153686523438e+00
1.707761406898498535e+00 -1.469553565979003906e+01 -2.990814924240112305e+00
-7.433623313903808594e+00 1.673369979858398438e+01 -3.183970832824707031e+01
-1.369149565696716309e+00 2.348680305480957031e+01 7.438683509826660156e+00
5.760365486145019531e+00 -8.173061370849609375e+00 2.114189416170120239e-01
1.272398185729980469e+01 1.813556289672851562e+01 6.574312210083007812e+00
-1.462277317047119141e+01 3.327680587768554688e+01 1.573928260803222656e+01
-1.153526592254638672e+01 -1.786913871765136719e+01 -1.401622009277343750e+01
-1.705964279174804688e+01 1.939509201049804688e+01 2.050608062744140625e+01
-2.242974281311035156e+01 -4.755524158477783203e+00 2.091398048400878906e+01
-1.845167350769042969e+01 -2.041083526611328125e+01 -8.463921546936035156e-01
5.851438999176025391e+00 1.425860881805419922e+01 -2.574792671203613281e+01
1.236897230148315430e+00 -7.360796451568603516e+00 1.564280986785888672e+01
2.684730529785156250e+00 4.224573516845703125e+01 4.253186285495758057e-01
6.870696067810058594e+00 -9.262368202209472656e+00 -9.382991790771484375e+00
-6.479268074035644531e+00 -1.643809127807617188e+01 -1.277210044860839844e+01
1.884282302856445312e+01 -4.886821269989013672e+00 -9.957593917846679688e+00
-4.667611598968505859e+00 3.348803281784057617e+00 1.779570388793945312e+01
2.246807479858398438e+01 -2.124443244934082031e+01 -1.356106567382812500e+01
1.305864906311035156e+01 -4.326548576354980469e+00 3.774383163452148438e+01
3.724757766723632812e+01 1.398753046989440918e+00 -5.844661712646484375e+00
-2.670947647094726562e+01 7.354839801788330078e+00 2.686255836486816406e+01
2.330093765258789062e+01 -7.650267601013183594e+00 5.558357715606689453e+00
-1.861046028137207031e+01 -2.021454238891601562e+01 2.633886528015136719e+01
-9.543274879455566406e+00 3.720093917846679688e+01 1.883097529411315918e+00
-2.810583353042602539e+00 2.952009963989257812e+01 5.848784446716308594e+00
-1.225255489349365234e+01 3.038134765625000000e+01 7.285228371620178223e-01
-6.269438266754150391e+00 -8.473258614540100098e-01 3.186413002014160156e+01
-1.123904895782470703e+01 1.847866535186767578e+00 1.347066640853881836e+00
1.640257072448730469e+01 -1.929294204711914062e+01 -2.288929557800292969e+01
1.847665405273437500e+01 2.026677131652832031e+01 -2.369829177856445312e+01
-2.148422813415527344e+01 6.069576740264892578e+00 2.841882133483886719e+01
1.988359260559082031e+01 -7.862077713012695312e+00 -2.759838104248046875e+00
1.829372978210449219e+01 1.412362957000732422e+01 -5.760976791381835938e+00
1.325628376007080078e+01 1.355744934082031250e+01 1.800870513916015625e+01
3.527865648269653320e+00 -2.514850997924804688e+01 2.283675765991210938e+01
-9.610415697097778320e-01 -2.254274940490722656e+01 3.496724605560302734e+00
2.845689058303833008e+00 6.778189182281494141e+00 1.358927726745605469e+01
-1.921658706665039062e+01 -1.282733440399169922e+01 -2.397909164428710938e+01
1.885172462463378906e+01 -8.130337715148925781e+00 -2.368746995925903320e+00
-5.650796294212341309e-01 -4.722288131713867188e+00 2.841620635986328125e+01
3.371858215332031250e+01 -1.177971553802490234e+01 1.996646118164062500e+01
3.242885971069335938e+01 -5.642248630523681641e+00 -1.735862922668457031e+01
1.116543483734130859e+01 2.832328605651855469e+01 1.956991910934448242e+00
-1.710219025611877441e+00 2.097516822814941406e+01 -7.493468761444091797e+00
-2.321076965332031250e+01 6.169861793518066406e+00 2.572810173034667969e+00
-1.662775230407714844e+01 2.508687257766723633e+00 2.678886604309082031e+01
-2.011467170715332031e+01 2.341573905944824219e+01 2.136269378662109375e+01
-2.824587821960449219e+01 1.772073745727539062e+01 -6.659634590148925781e+00
-6.830225944519042969e+00 1.758244633674621582e+00 -5.432892322540283203e+00
5.468376159667968750e+00 6.268735408782958984e+00 -2.531555747985839844e+01
-2.549701690673828125e+01 -5.594442367553710938e+00 1.371242713928222656e+01
-2.111252975463867188e+01 -9.064915180206298828e-01 2.883600044250488281e+01
5.175118923187255859e+00 2.845307350158691406e+01 -2.363863754272460938e+01
9.897722244262695312e+00 -2.057788467407226562e+01 9.905207633972167969e+00
9.821811676025390625e+00 -2.754285240173339844e+01 -1.757756423950195312e+01
7.135119915008544922e+00 -3.624713516235351562e+01 1.479209303855895996e+00
-1.912119865417480469e+01 1.106091499328613281e+01 4.476830005645751953e+00
1.936072349548339844e+00 -3.985750436782836914e+00 -3.368317031860351562e+01
1.720895576477050781e+01 2.248634910583496094e+01 1.227896118164062500e+01
-2.913451004028320312e+01 -3.636415004730224609e+00 5.694827556610107422e+00
4.231140613555908203e+00 2.032082176208496094e+01 2.366047286987304688e+01
-6.738437652587890625e+00 4.092977142333984375e+01 -2.752497434616088867e+00
-6.266904622316360474e-02 1.170260012149810791e-01 -2.911871719360351562e+01
1.023797130584716797e+01 -1.261628150939941406e+01 1.363323688507080078e+01
1.546958160400390625e+01 2.400334739685058594e+01 1.410246086120605469e+01
-4.553846359252929688e+00 -3.599057006835937500e+01 -7.462068200111389160e-01
-1.790384674072265625e+01 -5.477570056915283203e+00 1.703645706176757812e+01
-3.829697799682617188e+01 1.010443019866943359e+01 8.237376213073730469e+00
-3.028554534912109375e+01 3.241889476776123047e+00 1.888420677185058594e+01
2.830005455017089844e+01 7.182392597198486328e+00 4.110792160034179688e+00
-8.712202072143554688e+00 9.848964810371398926e-01 3.151862907409667969e+01
-1.891484069824218750e+01 1.735128593444824219e+01 -1.768569374084472656e+01
2.812024354934692383e+00 2.228271722793579102e+00 -3.108099555969238281e+01
-4.283428668975830078e+00 9.881333351135253906e+00 -3.709261703491210938e+01
1.878234481811523438e+01 6.082151889801025391e+00 5.501268386840820312e+00
1.744063186645507812e+01 -6.971015930175781250e+00 2.909984397888183594e+01
1.665042519569396973e+00 2.002753448486328125e+01 1.602259635925292969e+01
1.918400382995605469e+01 -8.265705108642578125e+00 8.651544570922851562e+00
1.496585464477539062e+01 2.406809806823730469e+01 -2.413941001892089844e+01
-3.198936843872070312e+01 1.605174636840820312e+01 2.065394371747970581e-01
1.234243988990783691e+00 4.268491744995117188e+01 1.985862493515014648e+00
-3.208965301513671875e+01 2.724593639373779297e+00 -1.059238338470458984e+01
1.874162912368774414e+00 1.187785148620605469e+01 1.040581226348876953e+01
-1.303777694702148438e+00 -1.524596881866455078e+01 2.983492469787597656e+01
1.866940498352050781e+01 1.491444110870361328e+01 -5.974022865295410156e+00
2.098780393600463867e+00 -2.679189920425415039e+00 -3.326258468627929688e+01
-1.621205711364746094e+01 -2.491980934143066406e+01 -1.952435493469238281e+01
-7.057946681976318359e+00 1.366490364074707031e+01 1.206263160705566406e+01
-1.810543060302734375e+01 -1.126024723052978516e+01 -2.908029747009277344e+01
5.942829132080078125e+00 -1.183943843841552734e+01 1.588988780975341797e+01
8.832057952880859375e+00 -2.537980270385742188e+01 1.190799713134765625e+00
1.775996208190917969e+00 -3.282224273681640625e+01 3.041189432144165039e+00
9.721963882446289062e+00 -2.425548171997070312e+01 -3.212736546993255615e-01
-1.763204002380371094e+01 -2.652253532409667969e+01 -1.774424314498901367e+00
-2.594515037536621094e+01 1.109909057617187500e+01 -1.478553676605224609e+01
-3.320267438888549805e+00 1.671368598937988281e+01 1.055165767669677734e+01
1.770679473876953125e+01 1.013328075408935547e+01 -1.948966979980468750e+01
-2.056202697753906250e+01 2.193351554870605469e+01 -1.671578788757324219e+01
-2.941915273666381836e+00 5.752587318420410156e+00 -2.387544822692871094e+01
1.109718441963195801e+00 -1.089068984985351562e+01 -1.176461696624755859e+01
-2.303149795532226562e+01 2.675809669494628906e+01 6.258356571197509766e+00
-2.049536323547363281e+01 -2.280894041061401367e+00 2.959813833236694336e+00
1.524108505249023438e+01 -6.760747432708740234e+00 -1.304578304290771484e+01
1.552613830566406250e+01 1.267851543426513672e+01 1.981900787353515625e+01
2.391633605957031250e+01 1.473274421691894531e+01 -1.894529151916503906e+01
-2.711423683166503906e+01 -6.615601539611816406e+00 7.217393875122070312e+00
-1.738726425170898438e+01 2.004601097106933594e+01 1.991052246093750000e+01
