method,dim,lineage,corr_gen,corr_ap,local-global,local-global-num
hMDS,3,ABpxpppp,-0.63952537132563,-0.283235049200145,local,4
hMDS,3,ABpxpppa,-0.4599311637738616,-0.7156637800419982,local,4
hMDS,3,ABpxppap,-0.6711950297315148,-0.6538713006700783,local,4
hMDS,3,ABpxppaa,-0.6358480588887937,-0.8739384873142878,local,4
hMDS,3,ABpxpaap,-0.635170533835715,-0.8137876482031077,local,4
hMDS,3,ABpxpaaa,-0.8149646667919903,-0.7138839424563264,local,4
hMDS,3,ABpxp,-0.76510169538463,-0.6767772883844372,global,1
hMDS,3,ABpxpp,-0.5634971227001242,-0.19954331185395904,global,2
hMDS,3,ABpxpa,-0.6702501474797453,-0.20330037391325237,global,2
hMDS,3,ABpxppp,-0.6187235347253739,-0.48840474311396426,global,3
hMDS,3,ABpxppa,-0.4054901414448937,-0.6373825414927343,global,3
hMDS,3,ABpxpap,-0.5511422007380883,-0.731450370882937,global,3
hMDS,3,ABpxpaa,-0.6298855928469712,-0.3800891653705501,global,3
hMDS,3,ABpxpppp,-0.6662885685085503,-0.2550045671540115,local,4
hMDS,3,ABpxpppa,-0.5352106954578333,-0.6947606254573636,local,4
hMDS,3,ABpxppap,-0.7481631246468089,-0.695435503073083,local,4
hMDS,3,ABpxppaa,-0.6190223662564158,-0.8886505757279854,local,4
hMDS,3,ABpxpaap,-0.6481844824767088,-0.8247423727825427,local,4
hMDS,3,ABpxpaaa,-0.7526009283513764,-0.6975197912452658,local,4
hMDS,3,ABpxp,-0.6025938258232943,-0.6332611459478154,global,1
hMDS,3,ABpxpp,-0.552640802531913,-0.20565491338677636,global,2
hMDS,3,ABpxpa,-0.642417892811912,-0.18224773840778805,global,2
hMDS,3,ABpxppp,-0.6252890699359175,-0.454752390673297,global,3
hMDS,3,ABpxppa,-0.42094997254294403,-0.6655530872614851,global,3
hMDS,3,ABpxpap,-0.6722439870487741,-0.7178320820146533,global,3
hMDS,3,ABpxpaa,-0.6198021306081566,-0.36710297263740177,global,3
hMDS,3,ABpxpppp,-0.6013542856177879,-0.17034625068363488,local,4
hMDS,3,ABpxpppa,-0.5628597309234342,-0.6902991784369066,local,4
hMDS,3,ABpxppap,-0.7099765566517326,-0.6894902830958719,local,4
hMDS,3,ABpxppaa,-0.6077731488542529,-0.8426913698579924,local,4
hMDS,3,ABpxpaap,-0.6462809146754142,-0.8267732324485915,local,4
hMDS,3,ABpxpaaa,-0.7638488013765934,-0.7052378468576743,local,4
hMDS,3,ABpxp,-0.6078946406517792,-0.4404687817023192,global,1
hMDS,3,ABpxpp,-0.5930461302685404,-0.23115089870794434,global,2
hMDS,3,ABpxpa,-0.5689476174127905,-0.09127515470037527,global,2
hMDS,3,ABpxppp,-0.5980812266683875,-0.47887410975427164,global,3
hMDS,3,ABpxppa,-0.4333348386333565,-0.6406528418372252,global,3
hMDS,3,ABpxpap,-0.6330708881079851,-0.7216187009728319,global,3
hMDS,3,ABpxpaa,-0.6195962142412624,-0.4863968152538833,global,3
hMDS,3,ABpxpppp,-0.6765957554349357,-0.261137295558812,local,4
hMDS,3,ABpxpppa,-0.5582397775048402,-0.7072096437350524,local,4
hMDS,3,ABpxppap,-0.6867405036668277,-0.6794806572022258,local,4
hMDS,3,ABpxppaa,-0.5807386991648754,-0.8667444690003479,local,4
hMDS,3,ABpxpaap,-0.6268197033628109,-0.8191900277796421,local,4
hMDS,3,ABpxpaaa,-0.7817058027847316,-0.6776046441295519,local,4
hMDS,3,ABpxp,-0.5709963647696693,-0.48705808723964894,global,1
hMDS,3,ABpxpp,-0.5655962243751458,-0.19798440965347705,global,2
hMDS,3,ABpxpa,-0.6707430221596022,-0.11146981307698978,global,2
hMDS,3,ABpxppp,-0.6568287261637873,-0.46310158490191755,global,3
hMDS,3,ABpxppa,-0.40501798482643936,-0.6607448693527443,global,3
hMDS,3,ABpxpap,-0.6873461049484179,-0.7309402463150692,global,3
hMDS,3,ABpxpaa,-0.6030583394710857,-0.42890484775605,global,3
hMDS,3,ABpxpppp,-0.6686966379769231,-0.2574160599182559,local,4
hMDS,3,ABpxpppa,-0.5626517253120293,-0.6999538742373028,local,4
hMDS,3,ABpxppap,-0.7125147755849892,-0.6854907685719405,local,4
hMDS,3,ABpxppaa,-0.5846640760135351,-0.8661616394459682,local,4
hMDS,3,ABpxpaap,-0.6514558784656701,-0.8233771929938063,local,4
hMDS,3,ABpxpaaa,-0.7853299852023994,-0.6923897884545722,local,4
hMDS,3,ABpxp,-0.5483199288990191,-0.5326243319623746,global,1
hMDS,3,ABpxpp,-0.453165444471562,-0.2955728991349738,global,2
hMDS,3,ABpxpa,-0.6250943127013094,-0.19378560595243227,global,2
hMDS,3,ABpxppp,-0.6334764136338149,-0.43688048931199575,global,3
hMDS,3,ABpxppa,-0.4046151945309574,-0.6446499610088243,global,3
hMDS,3,ABpxpap,-0.6555206625085469,-0.7008029978705119,global,3
hMDS,3,ABpxpaa,-0.6518202700650688,-0.4110538408859575,global,3
hMDS,3,ABpxpppp,-0.6524744781023151,-0.21730932837240444,local,4
hMDS,3,ABpxpppa,-0.5586072881902552,-0.6948709862341302,local,4
hMDS,3,ABpxppap,-0.6836145812495119,-0.6944723817099355,local,4
hMDS,3,ABpxppaa,-0.6227428428916715,-0.8589353329144038,local,4
hMDS,3,ABpxpaap,-0.646849262987272,-0.8028548408791323,local,4
hMDS,3,ABpxpaaa,-0.7829545891331555,-0.6761050510068367,local,4
hMDS,3,ABpxp,-0.5570426454672924,-0.5271455566933912,global,1
hMDS,3,ABpxpp,-0.6164361717673206,-0.15130597311580174,global,2
hMDS,3,ABpxpa,-0.6766698655796327,-0.1990049688776323,global,2
hMDS,3,ABpxppp,-0.6784757306575857,-0.5252393016635274,global,3
hMDS,3,ABpxppa,-0.3829175578994258,-0.6905232256191376,global,3
hMDS,3,ABpxpap,-0.6010791290976611,-0.7322222174549434,global,3
hMDS,3,ABpxpaa,-0.6696356908083452,-0.3815378561536341,global,3
hMDS,3,ABpxpppp,-0.6392490220826487,-0.2530951416995731,local,4
hMDS,3,ABpxpppa,-0.5154907525633604,-0.7040687566312293,local,4
hMDS,3,ABpxppap,-0.6973057522321795,-0.691361283885785,local,4
hMDS,3,ABpxppaa,-0.6397778658265474,-0.8969578150660676,local,4
hMDS,3,ABpxpaap,-0.654654988698034,-0.8172187953395962,local,4
hMDS,3,ABpxpaaa,-0.7471838558609359,-0.7070930340189794,local,4
hMDS,3,ABpxp,-0.48212501044655975,-0.6741994369797777,global,1
hMDS,3,ABpxpp,-0.5686710639138384,-0.31277336534133027,global,2
hMDS,3,ABpxpa,-0.7616882335059849,-0.19878867470079783,global,2
hMDS,3,ABpxppp,-0.5901866735318129,-0.5354585352308411,global,3
hMDS,3,ABpxppa,-0.46622223105126476,-0.6339834716892866,global,3
hMDS,3,ABpxpap,-0.6667674373482951,-0.7475156086004074,global,3
hMDS,3,ABpxpaa,-0.5999377747197733,-0.4127710299852166,global,3
hMDS,3,ABpxpppp,-0.5997049352896862,-0.26895645338676666,local,4
hMDS,3,ABpxpppa,-0.5486405934427724,-0.6995164777482009,local,4
hMDS,3,ABpxppap,-0.6946166411213341,-0.6801885403914398,local,4
hMDS,3,ABpxppaa,-0.6379051328383811,-0.8633985155289412,local,4
hMDS,3,ABpxpaap,-0.6464762546656881,-0.8294642357501477,local,4
hMDS,3,ABpxpaaa,-0.7529090512996346,-0.7091375230134644,local,4
hMDS,3,ABpxp,-0.6805107609581084,-0.7498689117589822,global,1
hMDS,3,ABpxpp,-0.49271296113607443,-0.26610516948862567,global,2
hMDS,3,ABpxpa,-0.7241020042252095,-0.2966053809705514,global,2
hMDS,3,ABpxppp,-0.6452196944075678,-0.5154520549802507,global,3
hMDS,3,ABpxppa,-0.4657911682511643,-0.5993322366268283,global,3
hMDS,3,ABpxpap,-0.6807747017450151,-0.7693264155609915,global,3
hMDS,3,ABpxpaa,-0.603439832683806,-0.3789516888457817,global,3
hMDS,3,ABpxpppp,-0.6080688673455158,-0.19129266949322452,local,4
hMDS,3,ABpxpppa,-0.5159047179582872,-0.6828867411010735,local,4
hMDS,3,ABpxppap,-0.6721873506582139,-0.7226320252317462,local,4
hMDS,3,ABpxppaa,-0.6515053867004144,-0.8806657094879039,local,4
hMDS,3,ABpxpaap,-0.6141868582350618,-0.8212663064298404,local,4
hMDS,3,ABpxpaaa,-0.812881140988065,-0.6541138663666297,local,4
hMDS,3,ABpxp,-0.5875567639750037,-0.4790134492160206,global,1
hMDS,3,ABpxpp,-0.5240869143065413,-0.2669520355589768,global,2
hMDS,3,ABpxpa,-0.6983455718833463,-0.31434493320701173,global,2
hMDS,3,ABpxppp,-0.6421142641389195,-0.4906782317377478,global,3
hMDS,3,ABpxppa,-0.4032348937703099,-0.6523122611961818,global,3
hMDS,3,ABpxpap,-0.603098625885538,-0.7547337806390991,global,3
hMDS,3,ABpxpaa,-0.6984927550112534,-0.39020700554206417,global,3
hMDS,3,ABpxpppp,-0.6739548623635113,-0.222246122191156,local,4
hMDS,3,ABpxpppa,-0.5223075432869202,-0.6652363045976928,local,4
hMDS,3,ABpxppap,-0.6865734780988946,-0.7035405332907554,local,4
hMDS,3,ABpxppaa,-0.6133937013462242,-0.8894497809528433,local,4
hMDS,3,ABpxpaap,-0.6800360295026504,-0.814669624604375,local,4
hMDS,3,ABpxpaaa,-0.774853284247389,-0.6835935254176511,local,4
hMDS,3,ABpxp,-0.5220539963240027,-0.4648464976814157,global,1
hMDS,3,ABpxpp,-0.4957976981467868,-0.21279136508130325,global,2
hMDS,3,ABpxpa,-0.672490012939833,-0.16268075964171191,global,2
hMDS,3,ABpxppp,-0.6039223833746075,-0.37861091678271847,global,3
hMDS,3,ABpxppa,-0.3683704454954591,-0.6356517937632176,global,3
hMDS,3,ABpxpap,-0.6556073453485248,-0.786028055086587,global,3
hMDS,3,ABpxpaa,-0.6266845006741382,-0.40677441333921266,global,3
hMDS,3,ABpxpppp,-0.6357585569182801,-0.21119374319425577,local,4
hMDS,3,ABpxpppa,-0.5661209441210115,-0.7068382864283876,local,4
hMDS,3,ABpxppap,-0.6698980760137329,-0.6598787623002382,local,4
hMDS,3,ABpxppaa,-0.6012474448108553,-0.8680737633461535,local,4
hMDS,3,ABpxpaap,-0.6276242754028172,-0.8159553975072855,local,4
hMDS,3,ABpxpaaa,-0.7799083990220463,-0.7145695632962706,local,4
hMDS,3,ABpxp,-0.5387929043641755,-0.5473362874837275,global,1
hMDS,3,ABpxpp,-0.5294708227683791,-0.26952283396705307,global,2
hMDS,3,ABpxpa,-0.6903575843669657,-0.19162479971745222,global,2
hMDS,3,ABpxppp,-0.5907855090969993,-0.43697989167296564,global,3
hMDS,3,ABpxppa,-0.4290159330117704,-0.6051891743577963,global,3
hMDS,3,ABpxpap,-0.5079129003355423,-0.7350220791033729,global,3
hMDS,3,ABpxpaa,-0.6460508968679486,-0.39296839291993235,global,3
hMDS,3,ABpxpppp,-0.6576938470832463,-0.2650115810801921,local,4
hMDS,3,ABpxpppa,-0.5294949956388134,-0.7039866313880317,local,4
hMDS,3,ABpxppap,-0.6991140817606185,-0.7101651162094488,local,4
hMDS,3,ABpxppaa,-0.6057569991616334,-0.8397337405685196,local,4
hMDS,3,ABpxpaap,-0.6114465494110206,-0.799758700601221,local,4
hMDS,3,ABpxpaaa,-0.7889872174385439,-0.6791945199648085,local,4
hMDS,3,ABpxp,-0.5606711614770148,-0.47215459719766595,global,1
hMDS,3,ABpxpp,-0.5618205412015111,-0.36555081559166486,global,2
hMDS,3,ABpxpa,-0.7181145060356281,-0.28596431263366684,global,2
hMDS,3,ABpxppp,-0.6242536678338686,-0.47654629629011613,global,3
hMDS,3,ABpxppa,-0.42734886506272474,-0.6142779206628561,global,3
hMDS,3,ABpxpap,-0.6890864674712441,-0.7441143537492336,global,3
hMDS,3,ABpxpaa,-0.6721185377496822,-0.4379885489916965,global,3
hMDS,3,ABpxpppp,-0.6311157535715669,-0.31379930431087627,local,4
hMDS,3,ABpxpppa,-0.551137082881803,-0.725633151483878,local,4
hMDS,3,ABpxppap,-0.6624468907238595,-0.6709778686772944,local,4
hMDS,3,ABpxppaa,-0.5797544194433842,-0.8557619611428594,local,4
hMDS,3,ABpxpaap,-0.6817712362539056,-0.8312992171826671,local,4
hMDS,3,ABpxpaaa,-0.7318143194568113,-0.7290844374481763,local,4
hMDS,3,ABpxp,-0.4839896395580793,-0.47637326121851914,global,1
hMDS,3,ABpxpp,-0.55989080085252,-0.2450015824846348,global,2
hMDS,3,ABpxpa,-0.6215274088060364,-0.18783628792541116,global,2
hMDS,3,ABpxppp,-0.6167429929796231,-0.5066925350409524,global,3
hMDS,3,ABpxppa,-0.44743629583564143,-0.6492310404940573,global,3
hMDS,3,ABpxpap,-0.6836600956540927,-0.7278900408044607,global,3
hMDS,3,ABpxpaa,-0.6600858958609763,-0.3888154110644591,global,3
hMDS,3,ABpxpppp,-0.6621876596103016,-0.23022429813534015,local,4
hMDS,3,ABpxpppa,-0.535284747616214,-0.6680054726653665,local,4
hMDS,3,ABpxppap,-0.7040824362544917,-0.6703138191730218,local,4
hMDS,3,ABpxppaa,-0.5598905486487719,-0.8674616946529589,local,4
hMDS,3,ABpxpaap,-0.6149193172436487,-0.8065633446187652,local,4
hMDS,3,ABpxpaaa,-0.7473716242746206,-0.6543695509835237,local,4
hMDS,3,ABpxp,-0.5192118958129972,-0.4638499327845999,global,1
hMDS,3,ABpxpp,-0.5479695974978871,-0.23338364390204683,global,2
hMDS,3,ABpxpa,-0.74498087393166,-0.1925605000105078,global,2
hMDS,3,ABpxppp,-0.6335185626766143,-0.4618721921441681,global,3
hMDS,3,ABpxppa,-0.4230576957948716,-0.6360798488444347,global,3
hMDS,3,ABpxpap,-0.6124837650900865,-0.7120535896415355,global,3
hMDS,3,ABpxpaa,-0.6789339217821019,-0.4213480411736657,global,3
hMDS,3,ABpxpppp,-0.6231125860340812,-0.2737024227810387,local,4
hMDS,3,ABpxpppa,-0.5044051908557973,-0.6885919008101296,local,4
hMDS,3,ABpxppap,-0.6809246863969972,-0.7084060107591429,local,4
hMDS,3,ABpxppaa,-0.5859764149029392,-0.8507623766090137,local,4
hMDS,3,ABpxpaap,-0.6668935979446078,-0.810787948930316,local,4
hMDS,3,ABpxpaaa,-0.7782334033636471,-0.7125504509047059,local,4
hMDS,3,ABpxp,-0.5276692225890159,-0.5582563360729031,global,1
hMDS,3,ABpxpp,-0.5143878556783519,-0.22408794680547792,global,2
hMDS,3,ABpxpa,-0.7268169105093383,-0.12778871109639378,global,2
hMDS,3,ABpxppp,-0.5852931569077389,-0.4120787834459245,global,3
hMDS,3,ABpxppa,-0.48180243838130177,-0.6088850547416433,global,3
hMDS,3,ABpxpap,-0.5864151552982406,-0.7453162164554746,global,3
hMDS,3,ABpxpaa,-0.6245607552707276,-0.4797710620612256,global,3
hMDS,3,ABpxpppp,-0.6298569866861428,-0.2233002466501061,local,4
hMDS,3,ABpxpppa,-0.49717639420603554,-0.6662164301843709,local,4
hMDS,3,ABpxppap,-0.6895306869918527,-0.7060403785925292,local,4
hMDS,3,ABpxppaa,-0.6423552026968503,-0.8587331150626231,local,4
hMDS,3,ABpxpaap,-0.5912592444533462,-0.8084593574059348,local,4
hMDS,3,ABpxpaaa,-0.7475007504415719,-0.6733129001014969,local,4
hMDS,3,ABpxp,-0.5618822016952922,-0.5412840828504627,global,1
hMDS,3,ABpxpp,-0.573439777325764,-0.1540012077132873,global,2
hMDS,3,ABpxpa,-0.6953181800808924,-0.21904889120727372,global,2
hMDS,3,ABpxppp,-0.5923815838637558,-0.5395096535071151,global,3
hMDS,3,ABpxppa,-0.43235737932425283,-0.6196811684677687,global,3
hMDS,3,ABpxpap,-0.6430476459652776,-0.7487200138598366,global,3
hMDS,3,ABpxpaa,-0.6744626183033662,-0.4419501473068911,global,3
hMDS,3,ABpxpppp,-0.5707913703025344,-0.29227787608773836,local,4
hMDS,3,ABpxpppa,-0.5274628531101259,-0.7218368609531993,local,4
hMDS,3,ABpxppap,-0.6965445272733646,-0.7078259754690241,local,4
hMDS,3,ABpxppaa,-0.6523815030038297,-0.8647443002153257,local,4
hMDS,3,ABpxpaap,-0.6493184881902145,-0.8264893226538208,local,4
hMDS,3,ABpxpaaa,-0.7772938027282942,-0.6902655114478493,local,4
hMDS,3,ABpxp,-0.5254363726536908,-0.49888569118727644,global,1
hMDS,3,ABpxpp,-0.457361752048647,-0.3205513379234367,global,2
hMDS,3,ABpxpa,-0.6254672844350551,-0.12994720336949375,global,2
hMDS,3,ABpxppp,-0.6491791876466317,-0.49150374697124716,global,3
hMDS,3,ABpxppa,-0.41205479173294884,-0.6194290159159564,global,3
hMDS,3,ABpxpap,-0.7375496490529987,-0.7726169056593309,global,3
hMDS,3,ABpxpaa,-0.6681140098229331,-0.35085039341013197,global,3
hMDS,3,ABpxpppp,-0.6481826565450729,-0.26458969409279,local,4
hMDS,3,ABpxpppa,-0.5267140971552795,-0.6734222454484217,local,4
hMDS,3,ABpxppap,-0.6581847765102969,-0.6840222579518108,local,4
hMDS,3,ABpxppaa,-0.6264322218552322,-0.8444445660569572,local,4
hMDS,3,ABpxpaap,-0.667526189379112,-0.8028164831435431,local,4
hMDS,3,ABpxpaaa,-0.779503208081307,-0.6946138166363591,local,4
hMDS,3,ABpxp,-0.5311151182422352,-0.4354715099714057,global,1
hMDS,3,ABpxpp,-0.5083414242208754,-0.1609371224805402,global,2
hMDS,3,ABpxpa,-0.6321507985718792,-0.14484497665576562,global,2
hMDS,3,ABpxppp,-0.6222486761320074,-0.4510166968641572,global,3
hMDS,3,ABpxppa,-0.3470538315032175,-0.6143549019229916,global,3
hMDS,3,ABpxpap,-0.7038091586675875,-0.7334465327856806,global,3
hMDS,3,ABpxpaa,-0.655039924798978,-0.4365419287279234,global,3
hMDS,3,ABpxpppp,-0.607461915682566,-0.30884619387110057,local,4
hMDS,3,ABpxpppa,-0.5055323549216283,-0.6288733844397484,local,4
hMDS,3,ABpxppap,-0.6788549046458968,-0.6827807192327409,local,4
hMDS,3,ABpxppaa,-0.6410229748728239,-0.8764483670161488,local,4
hMDS,3,ABpxpaap,-0.5948588143576582,-0.8141364603177881,local,4
hMDS,3,ABpxpaaa,-0.7819083011133673,-0.6929657850858831,local,4
hMDS,3,ABpxp,-0.5213296865468253,-0.5671199960043968,global,1
hMDS,3,ABpxpp,-0.5245926816888262,-0.13185578528817424,global,2
hMDS,3,ABpxpa,-0.7468372287949008,-0.30051521486946,global,2
hMDS,3,ABpxppp,-0.6300577865234158,-0.48996994859327814,global,3
hMDS,3,ABpxppa,-0.4448716265326337,-0.6357225912151514,global,3
hMDS,3,ABpxpap,-0.590284396063706,-0.7229159272827617,global,3
hMDS,3,ABpxpaa,-0.6588721549486992,-0.41238015693676044,global,3
hMDS,3,ABpxpppp,-0.6901525757540445,-0.2578816706027966,local,4
hMDS,3,ABpxpppa,-0.4912418722021198,-0.6540056602036316,local,4
hMDS,3,ABpxppap,-0.661738807698929,-0.7014074610220766,local,4
hMDS,3,ABpxppaa,-0.6115836729335961,-0.8641562640153743,local,4
hMDS,3,ABpxpaap,-0.6642868001898609,-0.8255278497130041,local,4
hMDS,3,ABpxpaaa,-0.7835849934232404,-0.7211241602477838,local,4
hMDS,3,ABpxp,-0.621090051442723,-0.6416249264135087,global,1
hMDS,3,ABpxpp,-0.5588185154569134,-0.18089571474626764,global,2
hMDS,3,ABpxpa,-0.6996726998635393,-0.2539241076531537,global,2
hMDS,3,ABpxppp,-0.6599818779362076,-0.46220329836588225,global,3
hMDS,3,ABpxppa,-0.4166406363604557,-0.6072824098765364,global,3
hMDS,3,ABpxpap,-0.7283211459804954,-0.7187476618062151,global,3
hMDS,3,ABpxpaa,-0.7015838868567951,-0.4345554570336612,global,3
PCA,3,ABpxpppp,-0.44218011479330416,-0.5578644083731678,local,4
PCA,3,ABpxpppa,-0.31524864465708,-0.5654467143172635,local,4
PCA,3,ABpxppap,-0.6267755951491094,-0.23183771928077304,local,4
PCA,3,ABpxppaa,-0.591234318095941,-0.617002521810542,local,4
PCA,3,ABpxpaap,-0.5404452422917267,-0.6549619627376193,local,4
PCA,3,ABpxpaaa,-0.45657850330421357,-0.6617354110732916,local,4
PCA,3,ABpxp,-0.5513379833358402,-0.14909420623715303,global,1
PCA,3,ABpxpp,-0.4663398085053714,-0.5327986034664787,global,2
PCA,3,ABpxpa,-0.5415261612235249,-0.18752535147672772,global,2
PCA,3,ABpxppp,-0.14384930935625598,-0.39124768796176124,global,3
PCA,3,ABpxppa,-0.3144141204455341,-0.6867728413067283,global,3
PCA,3,ABpxpap,-0.5460498629937515,-0.7248334748016106,global,3
PCA,3,ABpxpaa,-0.5816510368593574,-0.33172742568330216,global,3
PCA,3,ABpxpppp,-0.5107527205325446,-0.6233588760044391,local,4
PCA,3,ABpxpppa,-0.2617429901909179,-0.524415870892113,local,4
PCA,3,ABpxppap,-0.6207344446949057,-0.28942555708331347,local,4
PCA,3,ABpxppaa,-0.5954470512668284,-0.6326076072117065,local,4
PCA,3,ABpxpaap,-0.5215590337403937,-0.6978254582285904,local,4
PCA,3,ABpxpaaa,-0.5148025019959752,-0.6893255296436225,local,4
PCA,3,ABpxp,-0.5466698189857221,-0.01763402046104637,global,1
PCA,3,ABpxpp,-0.36707760660224714,-0.7043283187135949,global,2
PCA,3,ABpxpa,-0.5372516043959827,-0.3576484104817418,global,2
PCA,3,ABpxppp,-0.10223323425245832,-0.47843894125581155,global,3
PCA,3,ABpxppa,-0.3188334098990717,-0.6757710003766144,global,3
PCA,3,ABpxpap,-0.4399320704295503,-0.6841172814668517,global,3
PCA,3,ABpxpaa,-0.626450440306811,-0.37202069150448425,global,3
PCA,3,ABpxpppp,-0.5036331110597253,-0.5732405506418135,local,4
PCA,3,ABpxpppa,-0.37277676712170266,-0.5903281147151996,local,4
PCA,3,ABpxppap,-0.5784550497182048,-0.22748769558432977,local,4
PCA,3,ABpxppaa,-0.602493688105023,-0.604664695101624,local,4
PCA,3,ABpxpaap,-0.5721644657196105,-0.6934179254067011,local,4
PCA,3,ABpxpaaa,-0.48724394282055694,-0.6884364579964091,local,4
PCA,3,ABpxp,-0.48796470750714804,0.2664154671789033,global,1
PCA,3,ABpxpp,-0.422028376732726,-0.6117446652882604,global,2
PCA,3,ABpxpa,-0.5712383044645932,-0.42432709622863296,global,2
PCA,3,ABpxppp,-0.09817114067259884,-0.4060639284006322,global,3
PCA,3,ABpxppa,-0.2972314557234208,-0.7113923685413691,global,3
PCA,3,ABpxpap,-0.5447766172971324,-0.6961424963608727,global,3
PCA,3,ABpxpaa,-0.649095787367612,-0.25673385803688453,global,3
PCA,3,ABpxpppp,-0.4160228010785795,-0.5931054460399212,local,4
PCA,3,ABpxpppa,-0.28817642431028767,-0.5809289736352725,local,4
PCA,3,ABpxppap,-0.5862626770783521,-0.2562032944901974,local,4
PCA,3,ABpxppaa,-0.5993849249266564,-0.5903419521957745,local,4
PCA,3,ABpxpaap,-0.5517697390637646,-0.7035986837108088,local,4
PCA,3,ABpxpaaa,-0.43638368104701786,-0.670348060493801,local,4
PCA,3,ABpxp,-0.30351493617397324,-0.07550774013461976,global,1
PCA,3,ABpxpp,-0.42765605117197614,-0.5308751326082689,global,2
PCA,3,ABpxpa,-0.583664287018815,-0.40855148692803517,global,2
PCA,3,ABpxppp,-0.09718480879902336,-0.4693953872143101,global,3
PCA,3,ABpxppa,-0.27831018334995294,-0.6960891972438613,global,3
PCA,3,ABpxpap,-0.5205460853828477,-0.7776578390871414,global,3
PCA,3,ABpxpaa,-0.6408102336782676,-0.34374363403488123,global,3
PCA,3,ABpxpppp,-0.46883370508088484,-0.6047997561806945,local,4
PCA,3,ABpxpppa,-0.26375158611746496,-0.5395724827313663,local,4
PCA,3,ABpxppap,-0.6129161953874483,-0.24471900539264382,local,4
PCA,3,ABpxppaa,-0.563989041125366,-0.6080458887329623,local,4
PCA,3,ABpxpaap,-0.5304280260295802,-0.6841536659598706,local,4
PCA,3,ABpxpaaa,-0.5150127482657598,-0.6779138231641748,local,4
PCA,3,ABpxp,-0.5060716124039772,-0.15698170837384745,global,1
PCA,3,ABpxpp,-0.3962101403688933,-0.6219793437586312,global,2
PCA,3,ABpxpa,-0.7213105746167842,-0.40914028907774,global,2
PCA,3,ABpxppp,-0.09125689273822236,-0.4153434795166351,global,3
PCA,3,ABpxppa,-0.2568488931132855,-0.7096347290196977,global,3
PCA,3,ABpxpap,-0.5482105984821459,-0.6836060314165192,global,3
PCA,3,ABpxpaa,-0.6398622528754307,-0.339434830872461,global,3
PCA,3,ABpxpppp,-0.39731091009798297,-0.5985182935761685,local,4
PCA,3,ABpxpppa,-0.2475346692261392,-0.56483263505888,local,4
PCA,3,ABpxppap,-0.6062252196602522,-0.2409387211204947,local,4
PCA,3,ABpxppaa,-0.605699325458162,-0.5742657798110237,local,4
PCA,3,ABpxpaap,-0.5503162305849113,-0.6488261328742495,local,4
PCA,3,ABpxpaaa,-0.46679031075145916,-0.674945591819583,local,4
PCA,3,ABpxp,-0.40194772559896463,-0.06935140169727994,global,1
PCA,3,ABpxpp,-0.48878324750923974,-0.5111177769250282,global,2
PCA,3,ABpxpa,-0.46293956731446506,-0.3192914004015776,global,2
PCA,3,ABpxppp,-0.1594505333670319,-0.46895685141233756,global,3
PCA,3,ABpxppa,-0.2386705686244969,-0.7262130761629063,global,3
PCA,3,ABpxpap,-0.5036667713844767,-0.7276163210203369,global,3
PCA,3,ABpxpaa,-0.6147961960774818,-0.3791578547484752,global,3
PCA,3,ABpxpppp,-0.35486961188509,-0.5603484585655389,local,4
PCA,3,ABpxpppa,-0.28431994713011793,-0.5528733188914596,local,4
PCA,3,ABpxppap,-0.59707951674807,-0.22922688546940487,local,4
PCA,3,ABpxppaa,-0.6247794491039823,-0.5667890411956955,local,4
PCA,3,ABpxpaap,-0.5241796216869479,-0.6729858708565624,local,4
PCA,3,ABpxpaaa,-0.5030987537524338,-0.6387042876881458,local,4
PCA,3,ABpxp,-0.49335085131678974,0.019149754271533155,global,1
PCA,3,ABpxpp,-0.4769313701407397,-0.6012644555455081,global,2
PCA,3,ABpxpa,-0.6891426902658808,-0.3017015024521325,global,2
PCA,3,ABpxppp,-0.13027750611804306,-0.3579958884810125,global,3
PCA,3,ABpxppa,-0.2543521867294178,-0.6712174605501726,global,3
PCA,3,ABpxpap,-0.5963174379329602,-0.7283397541310311,global,3
PCA,3,ABpxpaa,-0.5985999245376502,-0.37244970489039997,global,3
PCA,3,ABpxpppp,-0.40739276836356714,-0.600080925771697,local,4
PCA,3,ABpxpppa,-0.2937729271585684,-0.528697932221242,local,4
PCA,3,ABpxppap,-0.5790013593380685,-0.1893271056590648,local,4
PCA,3,ABpxppaa,-0.5959359277399359,-0.5902221348084999,local,4
PCA,3,ABpxpaap,-0.5286246946709934,-0.651104875666875,local,4
PCA,3,ABpxpaaa,-0.5079177380001056,-0.6730707965309739,local,4
PCA,3,ABpxp,-0.4893144989835031,0.0768850221251094,global,1
PCA,3,ABpxpp,-0.4133876741308552,-0.48897858527231225,global,2
PCA,3,ABpxpa,-0.5964144910886645,-0.4111924438030619,global,2
PCA,3,ABpxppp,-0.10099849635290695,-0.43937616559721204,global,3
PCA,3,ABpxppa,-0.3111921286189491,-0.6863681054314289,global,3
PCA,3,ABpxpap,-0.5419004073191344,-0.7018966055889881,global,3
PCA,3,ABpxpaa,-0.6188197216981992,-0.3410720840360096,global,3
PCA,3,ABpxpppp,-0.4384173561211431,-0.5949870775698882,local,4
PCA,3,ABpxpppa,-0.29876298686129826,-0.5743481759485789,local,4
PCA,3,ABpxppap,-0.6013559652991649,-0.25975601316888364,local,4
PCA,3,ABpxppaa,-0.5653355596295235,-0.5559380774189014,local,4
PCA,3,ABpxpaap,-0.5119773613501463,-0.6780045915200743,local,4
PCA,3,ABpxpaaa,-0.46281446065793846,-0.6859407553382453,local,4
PCA,3,ABpxp,-0.4880105172303535,0.04407658498968058,global,1
PCA,3,ABpxpp,-0.48379864844718284,-0.6204715651933307,global,2
PCA,3,ABpxpa,-0.6845036619610152,-0.3210546125083098,global,2
PCA,3,ABpxppp,-0.21909040543092356,-0.4719880930742142,global,3
PCA,3,ABpxppa,-0.29494068211282354,-0.7056570663600409,global,3
PCA,3,ABpxpap,-0.5456415234223422,-0.6941734753118302,global,3
PCA,3,ABpxpaa,-0.624327912027932,-0.4217497123161104,global,3
PCA,3,ABpxpppp,-0.4277180245989119,-0.5241934349375865,local,4
PCA,3,ABpxpppa,-0.25241619902930457,-0.5374736281956985,local,4
PCA,3,ABpxppap,-0.6125924229977869,-0.18466385846554184,local,4
PCA,3,ABpxppaa,-0.6050572822013197,-0.5807310342016239,local,4
PCA,3,ABpxpaap,-0.5541838668795667,-0.6706862748192832,local,4
PCA,3,ABpxpaaa,-0.46819869889594157,-0.6631118049012277,local,4
PCA,3,ABpxp,-0.5481083627579834,0.04310837913727245,global,1
PCA,3,ABpxpp,-0.4509829537930935,-0.5536186625252233,global,2
PCA,3,ABpxpa,-0.4970035546806722,-0.28163371478586163,global,2
PCA,3,ABpxppp,-0.05847048133542629,-0.4090191731535776,global,3
PCA,3,ABpxppa,-0.24725001958458515,-0.67495021933715,global,3
PCA,3,ABpxpap,-0.52496391409729,-0.7554146937395102,global,3
PCA,3,ABpxpaa,-0.6369223921839914,-0.34209121962536065,global,3
PCA,3,ABpxpppp,-0.4754458879133218,-0.628580687828728,local,4
PCA,3,ABpxpppa,-0.2933884940232312,-0.586504525172133,local,4
PCA,3,ABpxppap,-0.5896289034473421,-0.24577321735358082,local,4
PCA,3,ABpxppaa,-0.6008808611079075,-0.6028043463570933,local,4
PCA,3,ABpxpaap,-0.5604206902184948,-0.686571709934362,local,4
PCA,3,ABpxpaaa,-0.5272382163051391,-0.6742203128435724,local,4
PCA,3,ABpxp,-0.2687937043142379,0.06779194612530914,global,1
PCA,3,ABpxpp,-0.5028394686022863,-0.6524788545237358,global,2
PCA,3,ABpxpa,-0.6020396095003353,-0.3106328558443089,global,2
PCA,3,ABpxppp,-0.13026995912621547,-0.4073366406824777,global,3
PCA,3,ABpxppa,-0.3044786551785314,-0.6795487675163461,global,3
PCA,3,ABpxpap,-0.5650061589431229,-0.7293080143617494,global,3
PCA,3,ABpxpaa,-0.7015489250548165,-0.3418430380306074,global,3
PCA,3,ABpxpppp,-0.45359037135697994,-0.5787617720074492,local,4
PCA,3,ABpxpppa,-0.3009960087245662,-0.5567526506092685,local,4
PCA,3,ABpxppap,-0.6212063234638601,-0.2695663224411078,local,4
PCA,3,ABpxppaa,-0.5674890731074708,-0.5774143821416945,local,4
PCA,3,ABpxpaap,-0.5106366544182451,-0.659610767240311,local,4
PCA,3,ABpxpaaa,-0.4330570273633938,-0.6802096295565458,local,4
PCA,3,ABpxp,-0.4723766996684828,0.10053382961991963,global,1
PCA,3,ABpxpp,-0.5147979953796409,-0.6059124522923014,global,2
PCA,3,ABpxpa,-0.5676778893436081,-0.3349224953136144,global,2
PCA,3,ABpxppp,-0.17327010846202695,-0.4312280967802501,global,3
PCA,3,ABpxppa,-0.27850729926257073,-0.6876590258597299,global,3
PCA,3,ABpxpap,-0.4902706664466343,-0.7224276417103042,global,3
PCA,3,ABpxpaa,-0.588217089068185,-0.4020621138278477,global,3
PCA,3,ABpxpppp,-0.48123249773625504,-0.5994007256252912,local,4
PCA,3,ABpxpppa,-0.2533655395095854,-0.5853982203328928,local,4
PCA,3,ABpxppap,-0.6079571416339169,-0.2447541769548834,local,4
PCA,3,ABpxppaa,-0.5996831562189315,-0.5881221904373912,local,4
PCA,3,ABpxpaap,-0.513606225754199,-0.6713850106108255,local,4
PCA,3,ABpxpaaa,-0.48125772823708957,-0.6384253698037532,local,4
PCA,3,ABpxp,-0.29247118096515096,0.12410027868302134,global,1
PCA,3,ABpxpp,-0.434218949002327,-0.5870146768890097,global,2
PCA,3,ABpxpa,-0.5622874912146334,-0.41129085622907857,global,2
PCA,3,ABpxppp,-0.11182563736336737,-0.41948717841339367,global,3
PCA,3,ABpxppa,-0.26321477198227144,-0.7001226764550555,global,3
PCA,3,ABpxpap,-0.5032252252438595,-0.6507474313436369,global,3
PCA,3,ABpxpaa,-0.6345709848893769,-0.3125622378292002,global,3
PCA,3,ABpxpppp,-0.4699419557509496,-0.5764095506087337,local,4
PCA,3,ABpxpppa,-0.26849913653302654,-0.5267727916116238,local,4
PCA,3,ABpxppap,-0.5717172438015292,-0.25556809065853786,local,4
PCA,3,ABpxppaa,-0.6145985907272951,-0.5903347112396256,local,4
PCA,3,ABpxpaap,-0.5103023856363106,-0.6824708342843577,local,4
PCA,3,ABpxpaaa,-0.49722633089724666,-0.6813683858670077,local,4
PCA,3,ABpxp,-0.49085022366927483,0.12956368146144356,global,1
PCA,3,ABpxpp,-0.34923277391542806,-0.5961012544697193,global,2
PCA,3,ABpxpa,-0.5714757194238063,-0.35837346492250194,global,2
PCA,3,ABpxppp,-0.11863105580883708,-0.4409871366474325,global,3
PCA,3,ABpxppa,-0.212117570261048,-0.6818250086714831,global,3
PCA,3,ABpxpap,-0.5278420078535717,-0.7342171919937457,global,3
PCA,3,ABpxpaa,-0.587392658943356,-0.3323525132868149,global,3
PCA,3,ABpxpppp,-0.46644637042321924,-0.5768168480553574,local,4
PCA,3,ABpxpppa,-0.28498370637871545,-0.5709216913458356,local,4
PCA,3,ABpxppap,-0.5956896546669233,-0.26455896421519526,local,4
PCA,3,ABpxppaa,-0.6552714137529286,-0.5895159964195535,local,4
PCA,3,ABpxpaap,-0.5378325126490293,-0.6492295400683084,local,4
PCA,3,ABpxpaaa,-0.47478732707537447,-0.6510996761691413,local,4
PCA,3,ABpxp,-0.46120934955242515,-0.06669989484563657,global,1
PCA,3,ABpxpp,-0.4235958620799738,-0.55601208516288,global,2
PCA,3,ABpxpa,-0.6383951662449986,-0.3781247701626007,global,2
PCA,3,ABpxppp,-0.15222516470001723,-0.45508739876662613,global,3
PCA,3,ABpxppa,-0.32599417545731235,-0.6567574064426662,global,3
PCA,3,ABpxpap,-0.5563955669127716,-0.7523617357411784,global,3
PCA,3,ABpxpaa,-0.6336895445168627,-0.2850748195348189,global,3
PCA,3,ABpxpppp,-0.48166854939069714,-0.5774022824500736,local,4
PCA,3,ABpxpppa,-0.3594211676010252,-0.5543624718798256,local,4
PCA,3,ABpxppap,-0.5715225608039883,-0.2552414954262042,local,4
PCA,3,ABpxppaa,-0.5831272220264975,-0.6036587786379669,local,4
PCA,3,ABpxpaap,-0.5259323827000092,-0.6944912569726034,local,4
PCA,3,ABpxpaaa,-0.4641605424463356,-0.6409027569287199,local,4
PCA,3,ABpxp,-0.5787374446018729,-0.13945549118296477,global,1
PCA,3,ABpxpp,-0.45739922277659817,-0.6194448603844172,global,2
PCA,3,ABpxpa,-0.5848336250145306,-0.3723363730440619,global,2
PCA,3,ABpxppp,-0.1672867212628566,-0.4145217255343398,global,3
PCA,3,ABpxppa,-0.2666967196315704,-0.6745953674840678,global,3
PCA,3,ABpxpap,-0.5419493700820437,-0.7112927698718502,global,3
PCA,3,ABpxpaa,-0.5888534540254592,-0.4185510944478964,global,3
PCA,3,ABpxpppp,-0.44891050274431094,-0.6116766591797899,local,4
PCA,3,ABpxpppa,-0.2750564388683781,-0.5776722219972296,local,4
PCA,3,ABpxppap,-0.6242900312325852,-0.2772764218323269,local,4
PCA,3,ABpxppaa,-0.5855924623848745,-0.5717570414118969,local,4
PCA,3,ABpxpaap,-0.531631788474513,-0.6552559145872676,local,4
PCA,3,ABpxpaaa,-0.508075316763955,-0.6805675027754228,local,4
PCA,3,ABpxp,-0.39009354690618625,0.06685761347007818,global,1
PCA,3,ABpxpp,-0.45695945698826174,-0.6737784585467075,global,2
PCA,3,ABpxpa,-0.6426849886237583,-0.36902808884796345,global,2
PCA,3,ABpxppp,-0.20715471112649733,-0.4375334816377784,global,3
PCA,3,ABpxppa,-0.24735588298501518,-0.7147955300563604,global,3
PCA,3,ABpxpap,-0.6358272266801784,-0.7639162968822989,global,3
PCA,3,ABpxpaa,-0.6165724855892531,-0.39183805472193306,global,3
PCA,3,ABpxpppp,-0.3848163346543911,-0.5914052648683845,local,4
PCA,3,ABpxpppa,-0.3294918920063854,-0.6108104572762709,local,4
PCA,3,ABpxppap,-0.6086607366901147,-0.2069392144000869,local,4
PCA,3,ABpxppaa,-0.5904646089232087,-0.5969245671243529,local,4
PCA,3,ABpxpaap,-0.5518318246472349,-0.661900009686001,local,4
PCA,3,ABpxpaaa,-0.4975642063860188,-0.6342801904407758,local,4
PCA,3,ABpxp,-0.5116326310427058,0.17802706079668892,global,1
PCA,3,ABpxpp,-0.4774936530062704,-0.6765684739168488,global,2
PCA,3,ABpxpa,-0.5882134958994277,-0.37752106948426656,global,2
PCA,3,ABpxppp,-0.11682979736530089,-0.39080680234007203,global,3
PCA,3,ABpxppa,-0.34288432765119015,-0.6878250772759226,global,3
PCA,3,ABpxpap,-0.5555921280276535,-0.719404400777804,global,3
PCA,3,ABpxpaa,-0.5846214139987453,-0.38200969145220526,global,3
PCA,3,ABpxpppp,-0.4166855477966244,-0.5441248175190568,local,4
PCA,3,ABpxpppa,-0.31360682409135293,-0.563645141135803,local,4
PCA,3,ABpxppap,-0.6114146702245609,-0.2296370172635574,local,4
PCA,3,ABpxppaa,-0.614044065193403,-0.576065188420054,local,4
PCA,3,ABpxpaap,-0.5616309368469411,-0.6651908293769242,local,4
PCA,3,ABpxpaaa,-0.49199979636057917,-0.6723314320843035,local,4
PCA,3,ABpxp,-0.27577635999296685,-0.002234385744045113,global,1
PCA,3,ABpxpp,-0.4325110294534837,-0.5729292018730502,global,2
PCA,3,ABpxpa,-0.6259242711364321,-0.35306842180116776,global,2
PCA,3,ABpxppp,-0.10641189023330219,-0.41478925229563535,global,3
PCA,3,ABpxppa,-0.3308851125889902,-0.6917204674198661,global,3
PCA,3,ABpxpap,-0.48874160039007647,-0.6313578311626071,global,3
PCA,3,ABpxpaa,-0.6193267283597232,-0.39465362922144653,global,3
PCA,3,ABpxpppp,-0.3854537855369591,-0.5684415125623613,local,4
PCA,3,ABpxpppa,-0.258439140531634,-0.5371083366648194,local,4
PCA,3,ABpxppap,-0.6251575711864558,-0.23684136198906836,local,4
PCA,3,ABpxppaa,-0.6008964841877307,-0.5698060456744465,local,4
PCA,3,ABpxpaap,-0.5669756284142167,-0.6513083122779929,local,4
PCA,3,ABpxpaaa,-0.47467773048449735,-0.6914789106918289,local,4
PCA,3,ABpxp,-0.5623769886997767,-0.1919297153943918,global,1
PCA,3,ABpxpp,-0.4562264500294443,-0.5749879786260261,global,2
PCA,3,ABpxpa,-0.5116576042036897,-0.2592470500237726,global,2
PCA,3,ABpxppp,-0.2020894305026946,-0.37746410156272914,global,3
PCA,3,ABpxppa,-0.29392177570313827,-0.6982852891573506,global,3
PCA,3,ABpxpap,-0.4942605764087275,-0.7327531577951082,global,3
PCA,3,ABpxpaa,-0.5807143724467237,-0.444110684882488,global,3
UMAP,3,ABpxpppp,-0.5355864410834597,-0.6592834058147085,local,4
UMAP,3,ABpxpppa,-0.6071136179012728,-0.6581201860093037,local,4
UMAP,3,ABpxppap,-0.6840816643253584,-0.7883209288876325,local,4
UMAP,3,ABpxppaa,-0.6633092739787912,-0.7740441435043736,local,4
UMAP,3,ABpxpaap,-0.6358236316593248,-0.9555615394243578,local,4
UMAP,3,ABpxpaaa,-0.6847494950901896,-0.9354298020153248,local,4
UMAP,3,ABpxp,-0.12656390112559696,-0.6043490254888122,global,1
UMAP,3,ABpxpp,-0.6693059844221343,-0.7973201445043747,global,2
UMAP,3,ABpxpa,-0.6948535490472053,-0.7380438558437888,global,2
UMAP,3,ABpxppp,-0.6345886542348781,-0.4407567670331294,global,3
UMAP,3,ABpxppa,-0.5222535769471501,-0.9028916815800491,global,3
UMAP,3,ABpxpap,-0.5713846537108994,-0.8842508283400263,global,3
UMAP,3,ABpxpaa,-0.5997654307876532,-0.2221035356877018,global,3
UMAP,3,ABpxpppp,-0.5377258204757449,-0.718526633586045,local,4
UMAP,3,ABpxpppa,-0.4966042208683102,-0.6098360477033398,local,4
UMAP,3,ABpxppap,-0.6220610225508024,-0.834837036193302,local,4
UMAP,3,ABpxppaa,-0.6448198655471605,-0.8131679151188835,local,4
UMAP,3,ABpxpaap,-0.7481436453560248,-0.9573267724034578,local,4
UMAP,3,ABpxpaaa,-0.6790948690266925,-0.9476677576846189,local,4
UMAP,3,ABpxp,-0.12723346955059833,-0.4468482439903363,global,1
UMAP,3,ABpxpp,-0.6450894944476686,-0.8369126420661368,global,2
UMAP,3,ABpxpa,-0.7154761012430936,-0.7169500208437949,global,2
UMAP,3,ABpxppp,-0.7398966227195194,-0.6467228625912909,global,3
UMAP,3,ABpxppa,-0.4428859220302131,-0.8904062493470289,global,3
UMAP,3,ABpxpap,-0.3583718552071635,-0.716841067565502,global,3
UMAP,3,ABpxpaa,-0.4369875860299492,-0.3454113642300009,global,3
UMAP,3,ABpxpppp,-0.5909865760832681,-0.7508014507772025,local,4
UMAP,3,ABpxpppa,-0.5620811045371461,-0.6836165588819604,local,4
UMAP,3,ABpxppap,-0.5523538799019038,-0.8020335537993665,local,4
UMAP,3,ABpxppaa,-0.7150319975773599,-0.8090463924016192,local,4
UMAP,3,ABpxpaap,-0.6207290690952709,-0.9498960687964595,local,4
UMAP,3,ABpxpaaa,-0.6721588798143603,-0.9343781424834534,local,4
UMAP,3,ABpxp,-0.07101908934148111,-0.34734636710052746,global,1
UMAP,3,ABpxpp,-0.6234706388067415,-0.6834256259692975,global,2
UMAP,3,ABpxpa,-0.6618961670893311,-0.7913566760868028,global,2
UMAP,3,ABpxppp,-0.690045797965268,-0.4257422212414019,global,3
UMAP,3,ABpxppa,-0.5188168207995719,-0.9142821718468571,global,3
UMAP,3,ABpxpap,-0.6311655717522019,-0.8658750898679535,global,3
UMAP,3,ABpxpaa,-0.424745282207443,-0.24346927799007725,global,3
UMAP,3,ABpxpppp,-0.5651561309687552,-0.683861622436748,local,4
UMAP,3,ABpxpppa,-0.5356530657246082,-0.6594972708448702,local,4
UMAP,3,ABpxppap,-0.652500173789023,-0.8017983064852334,local,4
UMAP,3,ABpxppaa,-0.6424045494174316,-0.8087637694444978,local,4
UMAP,3,ABpxpaap,-0.6914391813550214,-0.959880566708956,local,4
UMAP,3,ABpxpaaa,-0.6981858552247527,-0.9498840715573086,local,4
UMAP,3,ABpxp,-0.22221209591537042,-0.64388599039179,global,1
UMAP,3,ABpxpp,-0.5935663717711804,-0.774354917160958,global,2
UMAP,3,ABpxpa,-0.7505817202472702,-0.7737742279218693,global,2
UMAP,3,ABpxppp,-0.6236328504188675,-0.6283261285518063,global,3
UMAP,3,ABpxppa,-0.44417481762400884,-0.9105700325502143,global,3
UMAP,3,ABpxpap,-0.7021176466762433,-0.8362941519462133,global,3
UMAP,3,ABpxpaa,-0.3957532224771201,-0.3042931700311365,global,3
UMAP,3,ABpxpppp,-0.5391374872855468,-0.7556738339197808,local,4
UMAP,3,ABpxpppa,-0.5407827992988362,-0.6771396751018559,local,4
UMAP,3,ABpxppap,-0.7074294962573704,-0.8706728910608867,local,4
UMAP,3,ABpxppaa,-0.6603943557842801,-0.7734704999372405,local,4
UMAP,3,ABpxpaap,-0.6396991328589402,-0.9440523089807291,local,4
UMAP,3,ABpxpaaa,-0.694654438861137,-0.9481007313402108,local,4
UMAP,3,ABpxp,-0.052361743451142834,-0.6221150120833964,global,1
UMAP,3,ABpxpp,-0.5653883516994943,-0.7385005262847317,global,2
UMAP,3,ABpxpa,-0.7051727562826743,-0.7649989423254286,global,2
UMAP,3,ABpxppp,-0.6653464677780501,-0.5498800261723106,global,3
UMAP,3,ABpxppa,-0.6191425126982257,-0.899280011422399,global,3
UMAP,3,ABpxpap,-0.3380428590415066,-0.7221982814527788,global,3
UMAP,3,ABpxpaa,-0.5215177504208952,-0.2001347847408217,global,3
UMAP,3,ABpxpppp,-0.583857479672611,-0.694284830634701,local,4
UMAP,3,ABpxpppa,-0.5031086108564701,-0.6714849424133575,local,4
UMAP,3,ABpxppap,-0.6754427955625665,-0.7988001714474195,local,4
UMAP,3,ABpxppaa,-0.6856111915038308,-0.7828225735438424,local,4
UMAP,3,ABpxpaap,-0.6803317204096817,-0.9513606365479551,local,4
UMAP,3,ABpxpaaa,-0.644930984898531,-0.9351761747510092,local,4
UMAP,3,ABpxp,-0.06699607768121425,-0.018771220166704156,global,1
UMAP,3,ABpxpp,-0.5653746677309879,-0.8030630183825676,global,2
UMAP,3,ABpxpa,-0.8024025006485003,-0.7955228498165179,global,2
UMAP,3,ABpxppp,-0.6467809688733923,-0.6001386059604339,global,3
UMAP,3,ABpxppa,-0.5937675017081401,-0.9123819591254361,global,3
UMAP,3,ABpxpap,-0.4664834968374688,-0.7712989974407469,global,3
UMAP,3,ABpxpaa,-0.49653022267221514,-0.3830185105138655,global,3
UMAP,3,ABpxpppp,-0.5408294200723744,-0.6763309796822254,local,4
UMAP,3,ABpxpppa,-0.4916844453165177,-0.6613319133635079,local,4
UMAP,3,ABpxppap,-0.5703130402133115,-0.8079531390335288,local,4
UMAP,3,ABpxppaa,-0.6998708082233631,-0.8247618371826181,local,4
UMAP,3,ABpxpaap,-0.6365685427945588,-0.9474453072718427,local,4
UMAP,3,ABpxpaaa,-0.6445875047020082,-0.9515086237538215,local,4
UMAP,3,ABpxp,-0.1298206552797647,-0.333669863530987,global,1
UMAP,3,ABpxpp,-0.6034780066955713,-0.7538474673529527,global,2
UMAP,3,ABpxpa,-0.7193307549784718,-0.7578415238788794,global,2
UMAP,3,ABpxppp,-0.7157260322585257,-0.43746507878875995,global,3
UMAP,3,ABpxppa,-0.5029515746471082,-0.9027348916271892,global,3
UMAP,3,ABpxpap,-0.5529249040606224,-0.7585947820134101,global,3
UMAP,3,ABpxpaa,-0.5449087296883027,-0.2635015681244529,global,3
UMAP,3,ABpxpppp,-0.5063920446362495,-0.6504526201400388,local,4
UMAP,3,ABpxpppa,-0.4605279722397517,-0.6268070987978192,local,4
UMAP,3,ABpxppap,-0.6573211235933235,-0.8175078184335207,local,4
UMAP,3,ABpxppaa,-0.6651237473310685,-0.7620954625601365,local,4
UMAP,3,ABpxpaap,-0.6524741840894273,-0.9500144153140577,local,4
UMAP,3,ABpxpaaa,-0.6735481950203683,-0.928605189100216,local,4
UMAP,3,ABpxp,-0.07841972705623948,-0.4055822304371721,global,1
UMAP,3,ABpxpp,-0.5961459388379406,-0.7566262004355748,global,2
UMAP,3,ABpxpa,-0.7683131243265885,-0.8086391398485174,global,2
UMAP,3,ABpxppp,-0.6083745269882975,-0.4468281658775173,global,3
UMAP,3,ABpxppa,-0.4719734202483704,-0.9017290968771382,global,3
UMAP,3,ABpxpap,-0.3996507831700519,-0.7469104852707548,global,3
UMAP,3,ABpxpaa,-0.44445660469721265,-0.3130601739626101,global,3
UMAP,3,ABpxpppp,-0.5213838358264675,-0.6425664762834798,local,4
UMAP,3,ABpxpppa,-0.5579578701810297,-0.6581283959044374,local,4
UMAP,3,ABpxppap,-0.7050533500589913,-0.8653461587944888,local,4
UMAP,3,ABpxppaa,-0.6681090168627734,-0.7751144276565842,local,4
UMAP,3,ABpxpaap,-0.5777918566362995,-0.9520232546614694,local,4
UMAP,3,ABpxpaaa,-0.6836677317494917,-0.9305127370129128,local,4
UMAP,3,ABpxp,-0.17292852969407385,-0.486011977381176,global,1
UMAP,3,ABpxpp,-0.6209788164766739,-0.7404584789154425,global,2
UMAP,3,ABpxpa,-0.6991326627292558,-0.7898933786448153,global,2
UMAP,3,ABpxppp,-0.7053167687177284,-0.45892291335814855,global,3
UMAP,3,ABpxppa,-0.4909205140783551,-0.92597073089555,global,3
UMAP,3,ABpxpap,-0.46387889471877725,-0.7478306364704321,global,3
UMAP,3,ABpxpaa,-0.5375451743079896,-0.29158891347418603,global,3
UMAP,3,ABpxpppp,-0.5788109863311829,-0.7350964032140729,local,4
UMAP,3,ABpxpppa,-0.4530774074105331,-0.66892958917184,local,4
UMAP,3,ABpxppap,-0.5341541875426647,-0.7940031894719818,local,4
UMAP,3,ABpxppaa,-0.6723943207656254,-0.8000963929923022,local,4
UMAP,3,ABpxpaap,-0.6442301802409346,-0.951660987949609,local,4
UMAP,3,ABpxpaaa,-0.5558687958848997,-0.9344288064031671,local,4
UMAP,3,ABpxp,-0.14193671294829416,-0.3355509187378946,global,1
UMAP,3,ABpxpp,-0.6343992700635318,-0.8046401216350025,global,2
UMAP,3,ABpxpa,-0.6459514408773116,-0.7515164552222114,global,2
UMAP,3,ABpxppp,-0.6596910100312836,-0.603659342673146,global,3
UMAP,3,ABpxppa,-0.5070729648178105,-0.9049134506840132,global,3
UMAP,3,ABpxpap,-0.4765870983538913,-0.6225134111492037,global,3
UMAP,3,ABpxpaa,-0.6216157255789359,-0.24504288054639026,global,3
UMAP,3,ABpxpppp,-0.5923274075466186,-0.6694813928313086,local,4
UMAP,3,ABpxpppa,-0.299910596770774,-0.5407225941759063,local,4
UMAP,3,ABpxppap,-0.6601423330013144,-0.7933296931448147,local,4
UMAP,3,ABpxppaa,-0.6912513937892368,-0.7926481070037489,local,4
UMAP,3,ABpxpaap,-0.6855867435559021,-0.9588878184925134,local,4
UMAP,3,ABpxpaaa,-0.6845997228001914,-0.9435273100892025,local,4
UMAP,3,ABpxp,-0.10714462183605358,-0.6064491887256319,global,1
UMAP,3,ABpxpp,-0.5075879150399173,-0.7234417115174889,global,2
UMAP,3,ABpxpa,-0.7599929760701801,-0.7432267134493774,global,2
UMAP,3,ABpxppp,-0.6344373613196792,-0.6165525174343199,global,3
UMAP,3,ABpxppa,-0.42946355672852005,-0.899037273560076,global,3
UMAP,3,ABpxpap,-0.616125431415374,-0.8309234194932503,global,3
UMAP,3,ABpxpaa,-0.5056588122080394,-0.2531090875375654,global,3
UMAP,3,ABpxpppp,-0.5849332096990352,-0.7206235922352435,local,4
UMAP,3,ABpxpppa,-0.5183540600690412,-0.6185171454739592,local,4
UMAP,3,ABpxppap,-0.6619239920192586,-0.8203740636938122,local,4
UMAP,3,ABpxppaa,-0.7179538209550648,-0.7637765972856306,local,4
UMAP,3,ABpxpaap,-0.6586063100256634,-0.9496539235102242,local,4
UMAP,3,ABpxpaaa,-0.6305168712624185,-0.9354390208993253,local,4
UMAP,3,ABpxp,0.07471360394256311,-0.5415909138090746,global,1
UMAP,3,ABpxpp,-0.5307765056386948,-0.7460808959092154,global,2
UMAP,3,ABpxpa,-0.7066572316196218,-0.7221754815718543,global,2
UMAP,3,ABpxppp,-0.6290828645491766,-0.5710879161532992,global,3
UMAP,3,ABpxppa,-0.5226879653950302,-0.9133592023266576,global,3
UMAP,3,ABpxpap,-0.618514735951985,-0.8360821646278271,global,3
UMAP,3,ABpxpaa,-0.5880753100436299,-0.2880304671526336,global,3
UMAP,3,ABpxpppp,-0.5425317808641629,-0.7075014705414959,local,4
UMAP,3,ABpxpppa,-0.42450356948736345,-0.6174189049839959,local,4
UMAP,3,ABpxppap,-0.618580505570554,-0.8361866344968388,local,4
UMAP,3,ABpxppaa,-0.696916208721624,-0.7812897320648262,local,4
UMAP,3,ABpxpaap,-0.5604258532346849,-0.9539681612292261,local,4
UMAP,3,ABpxpaaa,-0.6265485031809452,-0.93832218877686,local,4
UMAP,3,ABpxp,-0.15678581016317555,-0.45835132725264555,global,1
UMAP,3,ABpxpp,-0.6289015679713078,-0.7374853980552205,global,2
UMAP,3,ABpxpa,-0.7202744633553698,-0.8227024672237595,global,2
UMAP,3,ABpxppp,-0.6859112720862114,-0.6069325785126986,global,3
UMAP,3,ABpxppa,-0.6081637657518625,-0.9154467390955056,global,3
UMAP,3,ABpxpap,-0.5608776009632952,-0.8160173920641011,global,3
UMAP,3,ABpxpaa,-0.47165487824839775,-0.3808150750409584,global,3
UMAP,3,ABpxpppp,-0.6064648538329349,-0.6527701618568017,local,4
UMAP,3,ABpxpppa,-0.5483046950306603,-0.6779290518919966,local,4
UMAP,3,ABpxppap,-0.5457554673403442,-0.8126595074551091,local,4
UMAP,3,ABpxppaa,-0.6515240260628123,-0.7545718925023391,local,4
UMAP,3,ABpxpaap,-0.6395501098875297,-0.9503813141978441,local,4
UMAP,3,ABpxpaaa,-0.6284805940717552,-0.9401927862194214,local,4
UMAP,3,ABpxp,-0.1998285917235178,-0.6621391904131863,global,1
UMAP,3,ABpxpp,-0.5501011010804225,-0.7782401664136753,global,2
UMAP,3,ABpxpa,-0.7354049038657486,-0.8034339553785967,global,2
UMAP,3,ABpxppp,-0.6996307774352005,-0.4574978172852317,global,3
UMAP,3,ABpxppa,-0.3948101365828349,-0.9118950131964966,global,3
UMAP,3,ABpxpap,-0.5145979683640266,-0.6149019193967732,global,3
UMAP,3,ABpxpaa,-0.5054900007701416,-0.2672626658008802,global,3
UMAP,3,ABpxpppp,-0.502669594152979,-0.7503599574221133,local,4
UMAP,3,ABpxpppa,-0.38637269026784843,-0.5787891778665644,local,4
UMAP,3,ABpxppap,-0.5361440937591686,-0.7872207954491417,local,4
UMAP,3,ABpxppaa,-0.6523211296759274,-0.8291204501637889,local,4
UMAP,3,ABpxpaap,-0.6417910215146546,-0.9516884759497513,local,4
UMAP,3,ABpxpaaa,-0.6975433062908196,-0.946859662131051,local,4
UMAP,3,ABpxp,-0.002134408760239937,-0.28958688213373357,global,1
UMAP,3,ABpxpp,-0.6128249681540882,-0.7171982699742825,global,2
UMAP,3,ABpxpa,-0.7479688984532917,-0.7744374622299904,global,2
UMAP,3,ABpxppp,-0.7061214351687597,-0.41154697326808787,global,3
UMAP,3,ABpxppa,-0.5206584829055686,-0.9157002460844795,global,3
UMAP,3,ABpxpap,-0.4368926549271344,-0.8130206708152529,global,3
UMAP,3,ABpxpaa,-0.5848136926502984,-0.1643467252506582,global,3
UMAP,3,ABpxpppp,-0.5268397063638776,-0.7136994075592693,local,4
UMAP,3,ABpxpppa,-0.5326325174560956,-0.6171479506140485,local,4
UMAP,3,ABpxppap,-0.6625718651100694,-0.7862726897569996,local,4
UMAP,3,ABpxppaa,-0.642262512671496,-0.8014943019750179,local,4
UMAP,3,ABpxpaap,-0.5857862920350307,-0.9477512870917976,local,4
UMAP,3,ABpxpaaa,-0.686253633770586,-0.9408545950718261,local,4
UMAP,3,ABpxp,-0.05294718953106258,-0.590496641926553,global,1
UMAP,3,ABpxpp,-0.5681478666676918,-0.7517614338229734,global,2
UMAP,3,ABpxpa,-0.764658207296266,-0.7398864129271134,global,2
UMAP,3,ABpxppp,-0.6410261304462894,-0.4158037547886999,global,3
UMAP,3,ABpxppa,-0.4634612480280879,-0.8819036779593791,global,3
UMAP,3,ABpxpap,-0.47613116366943675,-0.8074913048266383,global,3
UMAP,3,ABpxpaa,-0.494826310758571,-0.2909388262416033,global,3
UMAP,3,ABpxpppp,-0.5260218554030037,-0.6664805027709501,local,4
UMAP,3,ABpxpppa,-0.32980172116920026,-0.6045240200934016,local,4
UMAP,3,ABpxppap,-0.6372518238565577,-0.7928018285483631,local,4
UMAP,3,ABpxppaa,-0.6557527083953409,-0.8278168862980277,local,4
UMAP,3,ABpxpaap,-0.6453900189929815,-0.9573960439275908,local,4
UMAP,3,ABpxpaaa,-0.6051484045113023,-0.9422759737123274,local,4
UMAP,3,ABpxp,-0.15962014531477015,-0.3898678472807777,global,1
UMAP,3,ABpxpp,-0.5396397336489607,-0.7575675046300292,global,2
UMAP,3,ABpxpa,-0.6944721130034628,-0.7710908551292377,global,2
UMAP,3,ABpxppp,-0.597934255862746,-0.4180400444314004,global,3
UMAP,3,ABpxppa,-0.40288667548729856,-0.9038222285511932,global,3
UMAP,3,ABpxpap,-0.4958454785062768,-0.7176475998981869,global,3
UMAP,3,ABpxpaa,-0.4747335326995723,-0.3743944691119479,global,3
UMAP,3,ABpxpppp,-0.5119972744505907,-0.7193151528613607,local,4
UMAP,3,ABpxpppa,-0.5178779396203979,-0.6451065721058634,local,4
UMAP,3,ABpxppap,-0.553941746910936,-0.8021767724501736,local,4
UMAP,3,ABpxppaa,-0.6476852437527266,-0.7661268839043204,local,4
UMAP,3,ABpxpaap,-0.674515242447213,-0.9633140553414863,local,4
UMAP,3,ABpxpaaa,-0.688077271577857,-0.9401637523898541,local,4
UMAP,3,ABpxp,-0.1294458703339601,-0.3456660660110677,global,1
UMAP,3,ABpxpp,-0.6404660129517352,-0.7993714707459226,global,2
UMAP,3,ABpxpa,-0.6754386989640475,-0.7782513554873676,global,2
UMAP,3,ABpxppp,-0.6621967949761663,-0.4180494079943276,global,3
UMAP,3,ABpxppa,-0.5493157832761226,-0.9040894794822821,global,3
UMAP,3,ABpxpap,-0.4818355668769418,-0.7241385833946443,global,3
UMAP,3,ABpxpaa,-0.5099394360210916,-0.22865727846824005,global,3
UMAP,3,ABpxpppp,-0.5120872399647239,-0.6734963154045546,local,4
UMAP,3,ABpxpppa,-0.4492856887123428,-0.6538636480158628,local,4
UMAP,3,ABpxppap,-0.5312147739162677,-0.7853855701693725,local,4
UMAP,3,ABpxppaa,-0.7118111321284135,-0.7864023492436168,local,4
UMAP,3,ABpxpaap,-0.6540177453098621,-0.9525717594968377,local,4
UMAP,3,ABpxpaaa,-0.7100445746065606,-0.9323226245466807,local,4
UMAP,3,ABpxp,-0.24848578067109017,-0.39280617235399296,global,1
UMAP,3,ABpxpp,-0.6408079198756793,-0.828586808804234,global,2
UMAP,3,ABpxpa,-0.7594635213464883,-0.7796595662708018,global,2
UMAP,3,ABpxppp,-0.7034843764202225,-0.6125376766561151,global,3
UMAP,3,ABpxppa,-0.478732905633255,-0.9083325506447354,global,3
UMAP,3,ABpxpap,-0.4208849396226275,-0.7562273023227944,global,3
UMAP,3,ABpxpaa,-0.5265921735183379,-0.2863437045028505,global,3
UMAP,3,ABpxpppp,-0.5476649631653641,-0.731314032116946,local,4
UMAP,3,ABpxpppa,-0.5719550921445694,-0.6767969270630361,local,4
UMAP,3,ABpxppap,-0.6709440439211922,-0.8849952252522849,local,4
UMAP,3,ABpxppaa,-0.6658026963529502,-0.8065819166388948,local,4
UMAP,3,ABpxpaap,-0.5792708757214504,-0.9550143870188355,local,4
UMAP,3,ABpxpaaa,-0.6561788438669028,-0.9319606948002488,local,4
UMAP,3,ABpxp,-0.11178611255449646,-0.5921911493334555,global,1
UMAP,3,ABpxpp,-0.6245780864861171,-0.8222857851504772,global,2
UMAP,3,ABpxpa,-0.7548447139691405,-0.779893326464499,global,2
UMAP,3,ABpxppp,-0.6341267217612342,-0.580578730613911,global,3
UMAP,3,ABpxppa,-0.3945361938276726,-0.9048902426964168,global,3
UMAP,3,ABpxpap,-0.5711431015134626,-0.8125526266935349,global,3
UMAP,3,ABpxpaa,-0.6132684734998447,-0.26923621722086793,global,3
hMDS,4,ABpxpppp,-0.7022097839157478,-0.39358413293036154,local,4
hMDS,4,ABpxpppa,-0.6837493354773048,-0.7610897290680841,local,4
hMDS,4,ABpxppap,-0.726312575009167,-0.7178147592391698,local,4
hMDS,4,ABpxppaa,-0.6936363088947232,-0.760865623460918,local,4
hMDS,4,ABpxpaap,-0.7261272310272875,-0.8609711683521278,local,4
hMDS,4,ABpxpaaa,-0.6951404335665536,-0.8336719811303774,local,4
hMDS,4,ABpxp,-0.6350875368133718,-0.6816101071177096,global,1
hMDS,4,ABpxpp,-0.6308972083572681,-0.42149534850205694,global,2
hMDS,4,ABpxpa,-0.7496428212149018,-0.4284512698930692,global,2
hMDS,4,ABpxppp,-0.696724475052078,-0.4677610013513337,global,3
hMDS,4,ABpxppa,-0.5966753872404009,-0.7561358745187597,global,3
hMDS,4,ABpxpap,-0.6793827094158855,-0.7715133897741836,global,3
hMDS,4,ABpxpaa,-0.6775068114735888,-0.30291983813473994,global,3
hMDS,4,ABpxpppp,-0.6786272376557619,-0.43780757052517977,local,4
hMDS,4,ABpxpppa,-0.6662488957836332,-0.7514353940191112,local,4
hMDS,4,ABpxppap,-0.6849738919688797,-0.7122738615158504,local,4
hMDS,4,ABpxppaa,-0.6714254626912807,-0.7118203880763877,local,4
hMDS,4,ABpxpaap,-0.7511266848621388,-0.8579967296837647,local,4
hMDS,4,ABpxpaaa,-0.6585611076061404,-0.8495002117888468,local,4
hMDS,4,ABpxp,-0.7499175713766305,-0.7128285888233913,global,1
hMDS,4,ABpxpp,-0.6758896752822953,-0.525663135670748,global,2
hMDS,4,ABpxpa,-0.690510830712916,-0.37889360636303665,global,2
hMDS,4,ABpxppp,-0.6791345324871549,-0.43999288373408363,global,3
hMDS,4,ABpxppa,-0.5539923965079593,-0.7244200138399357,global,3
hMDS,4,ABpxpap,-0.7503311729106475,-0.7927994097137409,global,3
hMDS,4,ABpxpaa,-0.636063802240148,-0.3870132868043307,global,3
hMDS,4,ABpxpppp,-0.7037322093638929,-0.43208398552139266,local,4
hMDS,4,ABpxpppa,-0.6561204228861783,-0.7273645061857044,local,4
hMDS,4,ABpxppap,-0.7266989049191057,-0.6877222804492714,local,4
hMDS,4,ABpxppaa,-0.7191366646925246,-0.7385284279042016,local,4
hMDS,4,ABpxpaap,-0.7490901070829739,-0.8482054999581472,local,4
hMDS,4,ABpxpaaa,-0.6538949882022558,-0.8291766132978202,local,4
hMDS,4,ABpxp,-0.6053843189506378,-0.577457579916063,global,1
hMDS,4,ABpxpp,-0.6462415738520807,-0.40634343074158313,global,2
hMDS,4,ABpxpa,-0.6954497361659795,-0.38771003826913936,global,2
hMDS,4,ABpxppp,-0.663891714801622,-0.4459978978998993,global,3
hMDS,4,ABpxppa,-0.5641986280852928,-0.7973768955496009,global,3
hMDS,4,ABpxpap,-0.6612862008405669,-0.8070061077626848,global,3
hMDS,4,ABpxpaa,-0.6082156768651726,-0.30032423272024583,global,3
hMDS,4,ABpxpppp,-0.7242861598856378,-0.3733841404019741,local,4
hMDS,4,ABpxpppa,-0.6662189289970027,-0.750705645741439,local,4
hMDS,4,ABpxppap,-0.6982634970779096,-0.69475066978664,local,4
hMDS,4,ABpxppaa,-0.6986399449648889,-0.7429319069443068,local,4
hMDS,4,ABpxpaap,-0.7292049514338959,-0.8733714324296433,local,4
hMDS,4,ABpxpaaa,-0.6566113033339112,-0.8192901545243028,local,4
hMDS,4,ABpxp,-0.6085291920728143,-0.7872554461098084,global,1
hMDS,4,ABpxpp,-0.6550306142644864,-0.3358433785082179,global,2
hMDS,4,ABpxpa,-0.7862801079855088,-0.5145502446636427,global,2
hMDS,4,ABpxppp,-0.7489020202702239,-0.4759359530648437,global,3
hMDS,4,ABpxppa,-0.4230539757932724,-0.7433663154243277,global,3
hMDS,4,ABpxpap,-0.7305921953034654,-0.781360717443841,global,3
hMDS,4,ABpxpaa,-0.6967961923795979,-0.3466031169926576,global,3
hMDS,4,ABpxpppp,-0.7401848330566285,-0.4474966658175397,local,4
hMDS,4,ABpxpppa,-0.6905634874005713,-0.7739530469304222,local,4
hMDS,4,ABpxppap,-0.7274157643564898,-0.6950429900434886,local,4
hMDS,4,ABpxppaa,-0.6748219254708985,-0.7174908661819002,local,4
hMDS,4,ABpxpaap,-0.7339382844255159,-0.8602053736834949,local,4
hMDS,4,ABpxpaaa,-0.642487034494964,-0.8471954087672062,local,4
hMDS,4,ABpxp,-0.5766825644744051,-0.6226600895509914,global,1
hMDS,4,ABpxpp,-0.6970347182067269,-0.5059470639448932,global,2
hMDS,4,ABpxpa,-0.7036147118857395,-0.3989852534912332,global,2
hMDS,4,ABpxppp,-0.6717377420753239,-0.41553347146919295,global,3
hMDS,4,ABpxppa,-0.49940746808334585,-0.7473102220124832,global,3
hMDS,4,ABpxpap,-0.6156673438169824,-0.7171318981545481,global,3
hMDS,4,ABpxpaa,-0.7013693139924584,-0.4256132231665558,global,3
hMDS,4,ABpxpppp,-0.722193392716923,-0.4744911840356358,local,4
hMDS,4,ABpxpppa,-0.6800381833525098,-0.7747294453194475,local,4
hMDS,4,ABpxppap,-0.6864710661551652,-0.7219579084107433,local,4
hMDS,4,ABpxppaa,-0.6892407498374884,-0.7479039935261166,local,4
hMDS,4,ABpxpaap,-0.7347127320036551,-0.8520423929526832,local,4
hMDS,4,ABpxpaaa,-0.6548412908718142,-0.8172794753002297,local,4
hMDS,4,ABpxp,-0.7568928706788594,-0.7170080120788729,global,1
hMDS,4,ABpxpp,-0.6935712443072901,-0.4368226769006963,global,2
hMDS,4,ABpxpa,-0.6226835522072622,-0.3997973279697621,global,2
hMDS,4,ABpxppp,-0.7164850670042533,-0.5277971004751976,global,3
hMDS,4,ABpxppa,-0.5924899084923946,-0.7494297607599378,global,3
hMDS,4,ABpxpap,-0.6612837452271293,-0.7589288609278434,global,3
hMDS,4,ABpxpaa,-0.648598042140068,-0.3412039500287428,global,3
hMDS,4,ABpxpppp,-0.7155242427845802,-0.4554760522658095,local,4
hMDS,4,ABpxpppa,-0.6759956513096606,-0.7498133490624521,local,4
hMDS,4,ABpxppap,-0.6717739904818725,-0.7095214946280074,local,4
hMDS,4,ABpxppaa,-0.7080582545545948,-0.7471501470534919,local,4
hMDS,4,ABpxpaap,-0.7156667016801601,-0.8320586945023056,local,4
hMDS,4,ABpxpaaa,-0.6970285275132846,-0.7867018367520248,local,4
hMDS,4,ABpxp,-0.6032998038760488,-0.6387646293488706,global,1
hMDS,4,ABpxpp,-0.7222892469522035,-0.40845343315770244,global,2
hMDS,4,ABpxpa,-0.6761045550864198,-0.4461584326788028,global,2
hMDS,4,ABpxppp,-0.682222239703157,-0.47544106192875646,global,3
hMDS,4,ABpxppa,-0.5350948909074069,-0.7330075380588333,global,3
hMDS,4,ABpxpap,-0.7212091964764863,-0.6743149961060358,global,3
hMDS,4,ABpxpaa,-0.6918226877358029,-0.32154228634711485,global,3
hMDS,4,ABpxpppp,-0.6993797579347679,-0.48449120432544357,local,4
hMDS,4,ABpxpppa,-0.688663887528101,-0.7682640910043932,local,4
hMDS,4,ABpxppap,-0.7275873063343777,-0.6777013047669831,local,4
hMDS,4,ABpxppaa,-0.6530599549872419,-0.6974080586008424,local,4
hMDS,4,ABpxpaap,-0.7541660292861229,-0.8621609470676147,local,4
hMDS,4,ABpxpaaa,-0.686636113829741,-0.8081692695269043,local,4
hMDS,4,ABpxp,-0.5923342342515582,-0.5944457553892502,global,1
hMDS,4,ABpxpp,-0.6735179569670959,-0.44391182337697244,global,2
hMDS,4,ABpxpa,-0.5854980849527318,-0.4381596738765102,global,2
hMDS,4,ABpxppp,-0.6723045608160971,-0.47471597396531307,global,3
hMDS,4,ABpxppa,-0.6018020173897355,-0.769485413086426,global,3
hMDS,4,ABpxpap,-0.6906570470909466,-0.7114500568416476,global,3
hMDS,4,ABpxpaa,-0.6829141799105295,-0.3758904602106514,global,3
hMDS,4,ABpxpppp,-0.6962553024700591,-0.42998895441976426,local,4
hMDS,4,ABpxpppa,-0.6266233501882025,-0.7934446329322544,local,4
hMDS,4,ABpxppap,-0.7095606364927713,-0.7386031575885617,local,4
hMDS,4,ABpxppaa,-0.6982717623478388,-0.7286778703472002,local,4
hMDS,4,ABpxpaap,-0.7398959877142524,-0.8767336784321311,local,4
hMDS,4,ABpxpaaa,-0.6753757884233995,-0.8200153421893714,local,4
hMDS,4,ABpxp,-0.6213411049419368,-0.62257703640144,global,1
hMDS,4,ABpxpp,-0.6641519636431149,-0.5171983056743343,global,2
hMDS,4,ABpxpa,-0.677457767865459,-0.37024770791235856,global,2
hMDS,4,ABpxppp,-0.5582723842975457,-0.4679586800187415,global,3
hMDS,4,ABpxppa,-0.5493813875888114,-0.7421989490672659,global,3
hMDS,4,ABpxpap,-0.668479388732143,-0.7143360264948493,global,3
hMDS,4,ABpxpaa,-0.7649805866877094,-0.3893259610287928,global,3
hMDS,4,ABpxpppp,-0.720552684496569,-0.41210028736238113,local,4
hMDS,4,ABpxpppa,-0.6673917933507618,-0.7504959986000224,local,4
hMDS,4,ABpxppap,-0.7049833960262388,-0.6912649107999509,local,4
hMDS,4,ABpxppaa,-0.6997410999393491,-0.7220196228714706,local,4
hMDS,4,ABpxpaap,-0.71156265864158,-0.8646545661173146,local,4
hMDS,4,ABpxpaaa,-0.7057587674535617,-0.8280229345365118,local,4
hMDS,4,ABpxp,-0.563353838262131,-0.6383545691358793,global,1
hMDS,4,ABpxpp,-0.620889790838488,-0.4795898874145642,global,2
hMDS,4,ABpxpa,-0.7327174178849875,-0.42096342026569944,global,2
hMDS,4,ABpxppp,-0.6437023924642866,-0.5108061985024023,global,3
hMDS,4,ABpxppa,-0.5810562501602322,-0.771078452540206,global,3
hMDS,4,ABpxpap,-0.7230998355338161,-0.7469723798129628,global,3
hMDS,4,ABpxpaa,-0.7189996716604442,-0.390094211662317,global,3
hMDS,4,ABpxpppp,-0.6644872403006599,-0.43816341689455046,local,4
hMDS,4,ABpxpppa,-0.6942978208504262,-0.7672286742081029,local,4
hMDS,4,ABpxppap,-0.7316884694148669,-0.687519696802652,local,4
hMDS,4,ABpxppaa,-0.7019952047415972,-0.7440338533322922,local,4
hMDS,4,ABpxpaap,-0.7459521446257634,-0.8618394292672671,local,4
hMDS,4,ABpxpaaa,-0.6621207624049104,-0.8346810340255064,local,4
hMDS,4,ABpxp,-0.8129574529725169,-0.6464854174151314,global,1
hMDS,4,ABpxpp,-0.7064698684921193,-0.4283356850531244,global,2
hMDS,4,ABpxpa,-0.6675535821449085,-0.5953879493104908,global,2
hMDS,4,ABpxppp,-0.7173744032310062,-0.4485821447687213,global,3
hMDS,4,ABpxppa,-0.5741693085418256,-0.7529239433180728,global,3
hMDS,4,ABpxpap,-0.6112720764291887,-0.7003008015203512,global,3
hMDS,4,ABpxpaa,-0.6826230997322109,-0.31982151500122474,global,3
hMDS,4,ABpxpppp,-0.7300106308811031,-0.44305423451113474,local,4
hMDS,4,ABpxpppa,-0.7062321687839109,-0.7663592679723975,local,4
hMDS,4,ABpxppap,-0.7142039954155768,-0.7103007058251942,local,4
hMDS,4,ABpxppaa,-0.6593089736905304,-0.7582353411544223,local,4
hMDS,4,ABpxpaap,-0.737453334531537,-0.8579215861820708,local,4
hMDS,4,ABpxpaaa,-0.7041712324736507,-0.8585755446386303,local,4
hMDS,4,ABpxp,-0.7117987941047974,-0.7102907804685588,global,1
hMDS,4,ABpxpp,-0.6606274157071306,-0.5519280506590116,global,2
hMDS,4,ABpxpa,-0.7173904819273602,-0.44598167017255946,global,2
hMDS,4,ABpxppp,-0.670343964453016,-0.5037064634291506,global,3
hMDS,4,ABpxppa,-0.5803304348085394,-0.7709565630970125,global,3
hMDS,4,ABpxpap,-0.6778332055596769,-0.739339363954724,global,3
hMDS,4,ABpxpaa,-0.6699020661594783,-0.3628934743391637,global,3
hMDS,4,ABpxpppp,-0.7316388889277012,-0.4278289298280162,local,4
hMDS,4,ABpxpppa,-0.647806412709342,-0.7849518249541437,local,4
hMDS,4,ABpxppap,-0.7089862959991987,-0.6941425635935848,local,4
hMDS,4,ABpxppaa,-0.6808223391597515,-0.7210014483020859,local,4
hMDS,4,ABpxpaap,-0.7167828771686797,-0.8587250441655926,local,4
hMDS,4,ABpxpaaa,-0.6697120847445535,-0.835349358691119,local,4
hMDS,4,ABpxp,-0.6129652931298807,-0.6260549057859593,global,1
hMDS,4,ABpxpp,-0.729455189929479,-0.3405601451521487,global,2
hMDS,4,ABpxpa,-0.6620459646454231,-0.3393596099307008,global,2
hMDS,4,ABpxppp,-0.753611046108388,-0.5037912103150579,global,3
hMDS,4,ABpxppa,-0.54670564871358,-0.7652082776543343,global,3
hMDS,4,ABpxpap,-0.6229466664263104,-0.7433529202115253,global,3
hMDS,4,ABpxpaa,-0.7202484346700272,-0.44344407665148783,global,3
hMDS,4,ABpxpppp,-0.7032749750993913,-0.38224402347398834,local,4
hMDS,4,ABpxpppa,-0.7022501137592487,-0.7622507143019055,local,4
hMDS,4,ABpxppap,-0.7342720525412307,-0.7122683845599809,local,4
hMDS,4,ABpxppaa,-0.7049835827138076,-0.6968227719564093,local,4
hMDS,4,ABpxpaap,-0.7482895191807016,-0.8513518802368238,local,4
hMDS,4,ABpxpaaa,-0.6831864156944996,-0.8425622962110901,local,4
hMDS,4,ABpxp,-0.6449143718785635,-0.6267548757568479,global,1
hMDS,4,ABpxpp,-0.6931679791328275,-0.4253086548151388,global,2
hMDS,4,ABpxpa,-0.6629376689419578,-0.35740655442967095,global,2
hMDS,4,ABpxppp,-0.7070016576077266,-0.4023194193497124,global,3
hMDS,4,ABpxppa,-0.4710989437965837,-0.7417276049959527,global,3
hMDS,4,ABpxpap,-0.7634543543343294,-0.7966104375174639,global,3
hMDS,4,ABpxpaa,-0.7034508454075625,-0.34936795439512786,global,3
hMDS,4,ABpxpppp,-0.7218573461424626,-0.4610601971352393,local,4
hMDS,4,ABpxpppa,-0.6686158332845115,-0.7955403090934594,local,4
hMDS,4,ABpxppap,-0.6984617153851871,-0.6949927244301317,local,4
hMDS,4,ABpxppaa,-0.6901445287954922,-0.734100497755907,local,4
hMDS,4,ABpxpaap,-0.7205843612592713,-0.8369568122619311,local,4
hMDS,4,ABpxpaaa,-0.6837974713138463,-0.834339202528974,local,4
hMDS,4,ABpxp,-0.7305173025784755,-0.6356516676148005,global,1
hMDS,4,ABpxpp,-0.5592451265320736,-0.5028749269295544,global,2
hMDS,4,ABpxpa,-0.6830679360047577,-0.282619113483878,global,2
hMDS,4,ABpxppp,-0.7009270859660026,-0.519987387094538,global,3
hMDS,4,ABpxppa,-0.5662725546343168,-0.7076285065384473,global,3
hMDS,4,ABpxpap,-0.6691582229419691,-0.7732140167654588,global,3
hMDS,4,ABpxpaa,-0.6955692373070386,-0.4024201364566669,global,3
hMDS,4,ABpxpppp,-0.7063455646690803,-0.46231231999656824,local,4
hMDS,4,ABpxpppa,-0.6710196532078512,-0.7376494744675126,local,4
hMDS,4,ABpxppap,-0.7475949016175771,-0.7387840266931973,local,4
hMDS,4,ABpxppaa,-0.7002269221117479,-0.7669389252083011,local,4
hMDS,4,ABpxpaap,-0.7144640280266006,-0.8516552857715614,local,4
hMDS,4,ABpxpaaa,-0.668258830343737,-0.8329613055649909,local,4
hMDS,4,ABpxp,-0.7049918143019283,-0.692764979476818,global,1
hMDS,4,ABpxpp,-0.6933540368451925,-0.3846404487123666,global,2
hMDS,4,ABpxpa,-0.7187140916967594,-0.5168905555682484,global,2
hMDS,4,ABpxppp,-0.675869049854346,-0.46766850370701024,global,3
hMDS,4,ABpxppa,-0.6099650387301572,-0.7619842635737493,global,3
hMDS,4,ABpxpap,-0.609766944746634,-0.7365241359533748,global,3
hMDS,4,ABpxpaa,-0.6918103525513317,-0.33070979390134236,global,3
hMDS,4,ABpxpppp,-0.7050447757266031,-0.4279947588468756,local,4
hMDS,4,ABpxpppa,-0.6856169485512675,-0.7783633304022051,local,4
hMDS,4,ABpxppap,-0.6685199670141037,-0.7397641457900996,local,4
hMDS,4,ABpxppaa,-0.6888030613943791,-0.6994077596864411,local,4
hMDS,4,ABpxpaap,-0.7230257245545433,-0.8523304367938942,local,4
hMDS,4,ABpxpaaa,-0.7047671561386354,-0.8333341894578623,local,4
hMDS,4,ABpxp,-0.72788463588602,-0.6415079414236862,global,1
hMDS,4,ABpxpp,-0.6026504977970588,-0.4294301462947795,global,2
hMDS,4,ABpxpa,-0.6955027224577829,-0.4418044221492991,global,2
hMDS,4,ABpxppp,-0.6313080327802192,-0.43719965578235886,global,3
hMDS,4,ABpxppa,-0.5059698264862041,-0.7552612284431813,global,3
hMDS,4,ABpxpap,-0.7310752749513864,-0.7352529546881138,global,3
hMDS,4,ABpxpaa,-0.7005718522540085,-0.30853460391004767,global,3
hMDS,4,ABpxpppp,-0.7252876822202661,-0.45824116025125555,local,4
hMDS,4,ABpxpppa,-0.6724146860136894,-0.7819130379592194,local,4
hMDS,4,ABpxppap,-0.7200804247974262,-0.6867568083743232,local,4
hMDS,4,ABpxppaa,-0.7081424442291352,-0.7471350399392184,local,4
hMDS,4,ABpxpaap,-0.728960224217834,-0.852119418165018,local,4
hMDS,4,ABpxpaaa,-0.6768519006288387,-0.8596893226484579,local,4
hMDS,4,ABpxp,-0.5943524982159145,-0.6482882922083132,global,1
hMDS,4,ABpxpp,-0.6339545414618142,-0.49662308527742294,global,2
hMDS,4,ABpxpa,-0.6318785915744272,-0.42583043301452267,global,2
hMDS,4,ABpxppp,-0.7302206240170976,-0.4660780704942427,global,3
hMDS,4,ABpxppa,-0.5186516864173495,-0.770038160383537,global,3
hMDS,4,ABpxpap,-0.6781798599421252,-0.7489614513112247,global,3
hMDS,4,ABpxpaa,-0.6730400731443499,-0.3305163731785033,global,3
hMDS,4,ABpxpppp,-0.7041244156123183,-0.4091169845240371,local,4
hMDS,4,ABpxpppa,-0.6552258745468617,-0.8102816135525011,local,4
hMDS,4,ABpxppap,-0.7258598361936137,-0.7213799657153197,local,4
hMDS,4,ABpxppaa,-0.6742203190992112,-0.747031102147082,local,4
hMDS,4,ABpxpaap,-0.7553168588398795,-0.8458517272593161,local,4
hMDS,4,ABpxpaaa,-0.649359961435423,-0.8288405735482263,local,4
hMDS,4,ABpxp,-0.6764022021397819,-0.6010798046083993,global,1
hMDS,4,ABpxpp,-0.6456531327071021,-0.5669235567502464,global,2
hMDS,4,ABpxpa,-0.6381847579270846,-0.3817479720828593,global,2
hMDS,4,ABpxppp,-0.6778726589507361,-0.45090343662099064,global,3
hMDS,4,ABpxppa,-0.5171383530955647,-0.7745877220555291,global,3
hMDS,4,ABpxpap,-0.7548758709323554,-0.8091661188963335,global,3
hMDS,4,ABpxpaa,-0.7133720430276994,-0.40988348587065826,global,3
hMDS,4,ABpxpppp,-0.742242121705092,-0.4320451237046949,local,4
hMDS,4,ABpxpppa,-0.6651735933926025,-0.7735443373292468,local,4
hMDS,4,ABpxppap,-0.7124618014857129,-0.7082709913175274,local,4
hMDS,4,ABpxppaa,-0.7185413227916749,-0.7095717767485273,local,4
hMDS,4,ABpxpaap,-0.7184441565770017,-0.8632462176732014,local,4
hMDS,4,ABpxpaaa,-0.6805084200810919,-0.8145659036278678,local,4
hMDS,4,ABpxp,-0.544848432298724,-0.7460610573732991,global,1
hMDS,4,ABpxpp,-0.6435409459115388,-0.5063825382915582,global,2
hMDS,4,ABpxpa,-0.6119923158099337,-0.4469976731230997,global,2
hMDS,4,ABpxppp,-0.7139022570577187,-0.44064879918893574,global,3
hMDS,4,ABpxppa,-0.5409583732459946,-0.7857809656774456,global,3
hMDS,4,ABpxpap,-0.6805973701627478,-0.7642652683949437,global,3
hMDS,4,ABpxpaa,-0.7418590272729121,-0.3900217216090124,global,3
PCA,4,ABpxpppp,-0.45545818636248364,-0.5699750599975018,local,4
PCA,4,ABpxpppa,-0.293900150898847,-0.7337252929210619,local,4
PCA,4,ABpxppap,-0.6943125517900002,-0.2207559427598382,local,4
PCA,4,ABpxppaa,-0.7108209372769587,-0.8157805472177647,local,4
PCA,4,ABpxpaap,-0.5868226748957914,-0.8782780598156704,local,4
PCA,4,ABpxpaaa,-0.5351814525111517,-0.7989928297575357,local,4
PCA,4,ABpxp,-0.5506336183522068,-0.34654468916446457,global,1
PCA,4,ABpxpp,-0.39446338451320834,-0.6142716913183834,global,2
PCA,4,ABpxpa,-0.49798867608601227,-0.6038093511586845,global,2
PCA,4,ABpxppp,-0.11941900003748872,-0.46381970613964774,global,3
PCA,4,ABpxppa,-0.6242307547849172,-0.7929276907584338,global,3
PCA,4,ABpxpap,-0.5042953604982315,-0.8250688234664811,global,3
PCA,4,ABpxpaa,-0.6358659216592321,-0.5715591683036672,global,3
PCA,4,ABpxpppp,-0.5048546244696482,-0.6074721902559214,local,4
PCA,4,ABpxpppa,-0.3510992193172484,-0.7873756497339645,local,4
PCA,4,ABpxppap,-0.6721387110657131,-0.2900199503520252,local,4
PCA,4,ABpxppaa,-0.6899565825135058,-0.7845484588889197,local,4
PCA,4,ABpxpaap,-0.5874855328751867,-0.8932410919112509,local,4
PCA,4,ABpxpaaa,-0.5706052129320549,-0.7821777098374201,local,4
PCA,4,ABpxp,-0.267885140514219,-0.27128002208294305,global,1
PCA,4,ABpxpp,-0.45340572161629955,-0.5629425404668874,global,2
PCA,4,ABpxpa,-0.6438912188237403,-0.6560111611356357,global,2
PCA,4,ABpxppp,-0.15568010487639508,-0.44002936680177274,global,3
PCA,4,ABpxppa,-0.608567424399177,-0.7939572967757571,global,3
PCA,4,ABpxpap,-0.498107137943267,-0.8328813834619904,global,3
PCA,4,ABpxpaa,-0.6003175186610026,-0.5601453659298986,global,3
PCA,4,ABpxpppp,-0.4921813445477798,-0.5927506931858385,local,4
PCA,4,ABpxpppa,-0.3229003744403775,-0.7537899584862943,local,4
PCA,4,ABpxppap,-0.6717678088310834,-0.23595130458848157,local,4
PCA,4,ABpxppaa,-0.7120089517233549,-0.8061036629407701,local,4
PCA,4,ABpxpaap,-0.5871106510212618,-0.8942181061173038,local,4
PCA,4,ABpxpaaa,-0.5538189301458705,-0.7573329552236756,local,4
PCA,4,ABpxp,-0.5518135050424992,-0.27239924488330425,global,1
PCA,4,ABpxpp,-0.47611103137081884,-0.6330551357191204,global,2
PCA,4,ABpxpa,-0.6468571142984048,-0.6814159963639765,global,2
PCA,4,ABpxppp,-0.11853428975192615,-0.4867585298968188,global,3
PCA,4,ABpxppa,-0.5561771529163719,-0.7871749857634213,global,3
PCA,4,ABpxpap,-0.47720164596867765,-0.8204054152493282,global,3
PCA,4,ABpxpaa,-0.6223284462801479,-0.5335485806893092,global,3
PCA,4,ABpxpppp,-0.46022583950058166,-0.5701491049072586,local,4
PCA,4,ABpxpppa,-0.30029243729227467,-0.7636118274472846,local,4
PCA,4,ABpxppap,-0.6292508290587102,-0.242722613766013,local,4
PCA,4,ABpxppaa,-0.700647827234554,-0.7905929191687314,local,4
PCA,4,ABpxpaap,-0.5926881043565122,-0.8932615069019288,local,4
PCA,4,ABpxpaaa,-0.5794950979013331,-0.7764572285468547,local,4
PCA,4,ABpxp,-0.14421109470731694,-0.227638284846238,global,1
PCA,4,ABpxpp,-0.4091396584755152,-0.6719153711037351,global,2
PCA,4,ABpxpa,-0.5314432682623171,-0.44835286784869377,global,2
PCA,4,ABpxppp,-0.10922741357262321,-0.45326509835558276,global,3
PCA,4,ABpxppa,-0.6028525126430359,-0.760935000415024,global,3
PCA,4,ABpxpap,-0.49382790734286736,-0.8187579856829698,global,3
PCA,4,ABpxpaa,-0.6342892294931475,-0.5104458465027732,global,3
PCA,4,ABpxpppp,-0.5066630335916268,-0.5998231919212017,local,4
PCA,4,ABpxpppa,-0.35983295525052156,-0.7630806031906411,local,4
PCA,4,ABpxppap,-0.6737519342146729,-0.27052738809556975,local,4
PCA,4,ABpxppaa,-0.6742850802936999,-0.7987213688979623,local,4
PCA,4,ABpxpaap,-0.6144854752638909,-0.8742910319671244,local,4
PCA,4,ABpxpaaa,-0.5949146484624388,-0.7739817201430553,local,4
PCA,4,ABpxp,-0.5237493123639752,-0.32143546080743607,global,1
PCA,4,ABpxpp,-0.5338121910422932,-0.5803069395197542,global,2
PCA,4,ABpxpa,-0.5375777734169035,-0.6289871934147777,global,2
PCA,4,ABpxppp,-0.07668754104420492,-0.5172526842343534,global,3
PCA,4,ABpxppa,-0.5746439228001483,-0.7750677381617196,global,3
PCA,4,ABpxpap,-0.6254079554127694,-0.7952689135709379,global,3
PCA,4,ABpxpaa,-0.6054839616184456,-0.5087321134703653,global,3
PCA,4,ABpxpppp,-0.48989266026718337,-0.6056524867786566,local,4
PCA,4,ABpxpppa,-0.33480724534271233,-0.770761216944481,local,4
PCA,4,ABpxppap,-0.6702507321040597,-0.19682433214391745,local,4
PCA,4,ABpxppaa,-0.7039911310174851,-0.7749534539178289,local,4
PCA,4,ABpxpaap,-0.5520648421179908,-0.8907435992801142,local,4
PCA,4,ABpxpaaa,-0.6182053715075977,-0.7762195786555788,local,4
PCA,4,ABpxp,-0.2623686608401218,-0.14637601257641744,global,1
PCA,4,ABpxpp,-0.4281864644038812,-0.6223971151357208,global,2
PCA,4,ABpxpa,-0.4085096826510688,-0.5323572485744685,global,2
PCA,4,ABpxppp,-0.09639737794218246,-0.4011084763123348,global,3
PCA,4,ABpxppa,-0.5420384338831229,-0.7927765158120348,global,3
PCA,4,ABpxpap,-0.532830401263596,-0.7962832147699566,global,3
PCA,4,ABpxpaa,-0.5954225422066597,-0.537885867943117,global,3
PCA,4,ABpxpppp,-0.5011829746873441,-0.6054256052366205,local,4
PCA,4,ABpxpppa,-0.3313504094875022,-0.7374682372906054,local,4
PCA,4,ABpxppap,-0.6690613465614479,-0.2741947646620823,local,4
PCA,4,ABpxppaa,-0.7006597609301338,-0.7902915426861197,local,4
PCA,4,ABpxpaap,-0.5538640093721644,-0.8928979481528629,local,4
PCA,4,ABpxpaaa,-0.5773734008525004,-0.7631768823584556,local,4
PCA,4,ABpxp,-0.17557082412619113,-0.2737885760652099,global,1
PCA,4,ABpxpp,-0.4194973134556925,-0.5758743134475168,global,2
PCA,4,ABpxpa,-0.6624063173593958,-0.6175467953965885,global,2
PCA,4,ABpxppp,-0.12356228266445657,-0.3817943280459597,global,3
PCA,4,ABpxppa,-0.5441803346961821,-0.7715101393150523,global,3
PCA,4,ABpxpap,-0.6051390497956718,-0.85646274201149,global,3
PCA,4,ABpxpaa,-0.6321618923666963,-0.6184615445123006,global,3
PCA,4,ABpxpppp,-0.406854172481398,-0.5769913013415183,local,4
PCA,4,ABpxpppa,-0.2840163610126467,-0.7692268018159263,local,4
PCA,4,ABpxppap,-0.6478046173777654,-0.24414042923558466,local,4
PCA,4,ABpxppaa,-0.6571831962184536,-0.7918709345871281,local,4
PCA,4,ABpxpaap,-0.6257460739995149,-0.8923943986179577,local,4
PCA,4,ABpxpaaa,-0.5858364355431467,-0.7382252419334083,local,4
PCA,4,ABpxp,-0.47567206571581466,-0.36040594629716544,global,1
PCA,4,ABpxpp,-0.5603099542378763,-0.5982159324582305,global,2
PCA,4,ABpxpa,-0.501770504408514,-0.5586498716188658,global,2
PCA,4,ABpxppp,-0.14283799494334634,-0.4529447286163335,global,3
PCA,4,ABpxppa,-0.5524689932890724,-0.7907931294636708,global,3
PCA,4,ABpxpap,-0.5426027322429098,-0.8220708141298899,global,3
PCA,4,ABpxpaa,-0.590603716563548,-0.5815762268695749,global,3
PCA,4,ABpxpppp,-0.4445786515441789,-0.5909272063856917,local,4
PCA,4,ABpxpppa,-0.3707218866736317,-0.7790894092738844,local,4
PCA,4,ABpxppap,-0.6278563673416954,-0.24119469898977602,local,4
PCA,4,ABpxppaa,-0.7213434212256988,-0.7999859397993841,local,4
PCA,4,ABpxpaap,-0.6065028558629044,-0.8898255919473517,local,4
PCA,4,ABpxpaaa,-0.596437276035112,-0.7770879375925983,local,4
PCA,4,ABpxp,-0.5072411653592839,-0.1848334129692967,global,1
PCA,4,ABpxpp,-0.4867279400277271,-0.6719088250801553,global,2
PCA,4,ABpxpa,-0.6526071528553454,-0.6091046826676756,global,2
PCA,4,ABpxppp,0.04528293856314223,-0.4098376131911473,global,3
PCA,4,ABpxppa,-0.5736830033892457,-0.7707825536696249,global,3
PCA,4,ABpxpap,-0.595992811166402,-0.8361159227857283,global,3
PCA,4,ABpxpaa,-0.622534685061097,-0.6076413892202983,global,3
PCA,4,ABpxpppp,-0.480763971261252,-0.5550781769022575,local,4
PCA,4,ABpxpppa,-0.36426530048536726,-0.7560200189751959,local,4
PCA,4,ABpxppap,-0.6551837999878378,-0.22425610391063605,local,4
PCA,4,ABpxppaa,-0.7180563459491294,-0.7988934855438373,local,4
PCA,4,ABpxpaap,-0.6065338646050005,-0.8850345039049341,local,4
PCA,4,ABpxpaaa,-0.5944438625118775,-0.781639670144447,local,4
PCA,4,ABpxp,-0.614044143808849,-0.27942538686236695,global,1
PCA,4,ABpxpp,-0.4572819577580347,-0.5958352832444949,global,2
PCA,4,ABpxpa,-0.6344826674940593,-0.5508130261950736,global,2
PCA,4,ABpxppp,-0.12289444780398137,-0.40457479417628606,global,3
PCA,4,ABpxppa,-0.5925856570335711,-0.7758208820630813,global,3
PCA,4,ABpxpap,-0.6212986368859451,-0.8503245889438321,global,3
PCA,4,ABpxpaa,-0.6613693077296734,-0.5802974146044145,global,3
PCA,4,ABpxpppp,-0.4295106427103114,-0.5964711318420912,local,4
PCA,4,ABpxpppa,-0.31586290523331567,-0.7772058996284608,local,4
PCA,4,ABpxppap,-0.6436234075218894,-0.24564621002689632,local,4
PCA,4,ABpxppaa,-0.728518431156418,-0.8103970951232932,local,4
PCA,4,ABpxpaap,-0.6078974915742551,-0.885610579110057,local,4
PCA,4,ABpxpaaa,-0.5878109651428801,-0.7532193396413747,local,4
PCA,4,ABpxp,-0.4108314112049419,-0.4157190325797978,global,1
PCA,4,ABpxpp,-0.39980209639234676,-0.6535161233642826,global,2
PCA,4,ABpxpa,-0.5082951826650497,-0.5739610033012084,global,2
PCA,4,ABpxppp,-0.1195371306425763,-0.37748065730569536,global,3
PCA,4,ABpxppa,-0.5893655799084762,-0.7587247165282972,global,3
PCA,4,ABpxpap,-0.457102185007433,-0.8416660735902814,global,3
PCA,4,ABpxpaa,-0.6617342452425378,-0.5435556947584644,global,3
PCA,4,ABpxpppp,-0.5083211142801379,-0.6000484055250139,local,4
PCA,4,ABpxpppa,-0.2706833245851955,-0.7706116111269398,local,4
PCA,4,ABpxppap,-0.657986782863432,-0.23706044987983071,local,4
PCA,4,ABpxppaa,-0.7182501619978536,-0.7925748838587009,local,4
PCA,4,ABpxpaap,-0.566394904622806,-0.8929032667741594,local,4
PCA,4,ABpxpaaa,-0.5829208583210526,-0.7752700200269542,local,4
PCA,4,ABpxp,-0.40521649780636276,-0.2888807408040457,global,1
PCA,4,ABpxpp,-0.3779630250747825,-0.6859847028611936,global,2
PCA,4,ABpxpa,-0.603966143206366,-0.5343029078803384,global,2
PCA,4,ABpxppp,-0.11496978628735266,-0.4505096380821141,global,3
PCA,4,ABpxppa,-0.5970688264429199,-0.7847037377684261,global,3
PCA,4,ABpxpap,-0.5291223790312336,-0.7839912305015123,global,3
PCA,4,ABpxpaa,-0.5694365362365926,-0.5662302845299715,global,3
PCA,4,ABpxpppp,-0.4553683258259361,-0.5970593208999292,local,4
PCA,4,ABpxpppa,-0.37571203469812997,-0.748570168314661,local,4
PCA,4,ABpxppap,-0.6869370970826281,-0.17761025368335376,local,4
PCA,4,ABpxppaa,-0.651194976538953,-0.7911917654482621,local,4
PCA,4,ABpxpaap,-0.614884159787566,-0.8790481306685745,local,4
PCA,4,ABpxpaaa,-0.5931115152249932,-0.7747777054414234,local,4
PCA,4,ABpxp,-0.4951118427474203,-0.2831084135444627,global,1
PCA,4,ABpxpp,-0.4477805544673993,-0.6060054137246798,global,2
PCA,4,ABpxpa,-0.5141401669191065,-0.5386216902600649,global,2
PCA,4,ABpxppp,-0.15870072290359855,-0.43441896948274505,global,3
PCA,4,ABpxppa,-0.5788322312289798,-0.8141012555686091,global,3
PCA,4,ABpxpap,-0.4501920769515977,-0.7925638307046933,global,3
PCA,4,ABpxpaa,-0.6398845366990195,-0.5593681531383091,global,3
PCA,4,ABpxpppp,-0.4594271548587665,-0.5993666013136042,local,4
PCA,4,ABpxpppa,-0.30999925310756826,-0.7663364980165887,local,4
PCA,4,ABpxppap,-0.6646902666196639,-0.22080074384839515,local,4
PCA,4,ABpxppaa,-0.685439540453016,-0.7842578404141496,local,4
PCA,4,ABpxpaap,-0.5896380500574459,-0.897061643757983,local,4
PCA,4,ABpxpaaa,-0.5869870425816177,-0.7791234263034932,local,4
PCA,4,ABpxp,-0.5448803142316215,-0.1846749585366598,global,1
PCA,4,ABpxpp,-0.5183680327647195,-0.568158422769675,global,2
PCA,4,ABpxpa,-0.6594438535631993,-0.5683292797410578,global,2
PCA,4,ABpxppp,-0.1133198953348061,-0.3822225863076535,global,3
PCA,4,ABpxppa,-0.5483203009509238,-0.7527768092076692,global,3
PCA,4,ABpxpap,-0.567994773686176,-0.7987995531579118,global,3
PCA,4,ABpxpaa,-0.5884553676910086,-0.6180905940038441,global,3
PCA,4,ABpxpppp,-0.38883273980512156,-0.5787023847708445,local,4
PCA,4,ABpxpppa,-0.34708409974114224,-0.7602487377418021,local,4
PCA,4,ABpxppap,-0.6665824540050949,-0.2161860415466707,local,4
PCA,4,ABpxppaa,-0.6976412752568986,-0.7894625061916665,local,4
PCA,4,ABpxpaap,-0.6284558056009937,-0.8970003360458711,local,4
PCA,4,ABpxpaaa,-0.6066905527835235,-0.7920361588517282,local,4
PCA,4,ABpxp,-0.4371518228903219,-0.17903797281289727,global,1
PCA,4,ABpxpp,-0.5147105286396112,-0.5894959116329482,global,2
PCA,4,ABpxpa,-0.6292023121784824,-0.614363017076,global,2
PCA,4,ABpxppp,-0.03857607209121222,-0.47949220112172175,global,3
PCA,4,ABpxppa,-0.6005609675156394,-0.7479432255719338,global,3
PCA,4,ABpxpap,-0.5666357941161445,-0.8307620313123547,global,3
PCA,4,ABpxpaa,-0.6466425362739068,-0.5597833138828471,global,3
PCA,4,ABpxpppp,-0.444508286083027,-0.5880478973170193,local,4
PCA,4,ABpxpppa,-0.3794902597995446,-0.7655368602428891,local,4
PCA,4,ABpxppap,-0.6582782690014997,-0.16244667150151393,local,4
PCA,4,ABpxppaa,-0.6880882221022749,-0.7767627427227994,local,4
PCA,4,ABpxpaap,-0.605426417461498,-0.8855100702505709,local,4
PCA,4,ABpxpaaa,-0.5288831912183158,-0.7507963489386813,local,4
PCA,4,ABpxp,-0.458675704443963,-0.3056158427229468,global,1
PCA,4,ABpxpp,-0.49490038766484323,-0.6844443481817788,global,2
PCA,4,ABpxpa,-0.5789053355064573,-0.5521513689397337,global,2
PCA,4,ABpxppp,-0.04279258015236207,-0.4727064149993017,global,3
PCA,4,ABpxppa,-0.5984618811219885,-0.7505674672940527,global,3
PCA,4,ABpxpap,-0.5610497753743804,-0.8258332014537861,global,3
PCA,4,ABpxpaa,-0.6140219944072782,-0.5617233527853145,global,3
PCA,4,ABpxpppp,-0.5028563022660589,-0.561019966494213,local,4
PCA,4,ABpxpppa,-0.34417870818164575,-0.7530550021423137,local,4
PCA,4,ABpxppap,-0.6903682022780824,-0.24761119572693202,local,4
PCA,4,ABpxppaa,-0.7002916224263105,-0.7972737164009346,local,4
PCA,4,ABpxpaap,-0.6250809571421063,-0.8994508004120223,local,4
PCA,4,ABpxpaaa,-0.6012626573074603,-0.7902793151868626,local,4
PCA,4,ABpxp,-0.5906807830702382,-0.28579625407929893,global,1
PCA,4,ABpxpp,-0.4691173601581935,-0.6813133087533095,global,2
PCA,4,ABpxpa,-0.6556394525356034,-0.7622165705583095,global,2
PCA,4,ABpxppp,-0.12915431029835614,-0.45743768388596184,global,3
PCA,4,ABpxppa,-0.5169117666629631,-0.7631302010153199,global,3
PCA,4,ABpxpap,-0.5029669570482371,-0.7979897855834784,global,3
PCA,4,ABpxpaa,-0.628244175865418,-0.5779690790926044,global,3
PCA,4,ABpxpppp,-0.47478049440684433,-0.5342845465094562,local,4
PCA,4,ABpxpppa,-0.32277977313504846,-0.759368359252403,local,4
PCA,4,ABpxppap,-0.6653074628642012,-0.2033479179293847,local,4
PCA,4,ABpxppaa,-0.6812452966418321,-0.7836542815043491,local,4
PCA,4,ABpxpaap,-0.6087046227913402,-0.8890799172214376,local,4
PCA,4,ABpxpaaa,-0.5818759328097806,-0.7438512775979671,local,4
PCA,4,ABpxp,-0.347916908221436,-0.40347272153676195,global,1
PCA,4,ABpxpp,-0.45073814183798655,-0.6630760657145867,global,2
PCA,4,ABpxpa,-0.6103210979891457,-0.489503864838189,global,2
PCA,4,ABpxppp,-0.17026774922359786,-0.3822814902880396,global,3
PCA,4,ABpxppa,-0.5854503423156349,-0.7772761318828747,global,3
PCA,4,ABpxpap,-0.5124282313768275,-0.8360050156575022,global,3
PCA,4,ABpxpaa,-0.6268350750566031,-0.6264831564684886,global,3
PCA,4,ABpxpppp,-0.35872472814214346,-0.5880908696475899,local,4
PCA,4,ABpxpppa,-0.31877315359935926,-0.74748245445597,local,4
PCA,4,ABpxppap,-0.659796912328914,-0.22277654184779783,local,4
PCA,4,ABpxppaa,-0.725982355437845,-0.7830370778512915,local,4
PCA,4,ABpxpaap,-0.6030935070353265,-0.8762702892941292,local,4
PCA,4,ABpxpaaa,-0.5575757536026882,-0.7850053105457333,local,4
PCA,4,ABpxp,-0.5236422626416672,-0.407356186054432,global,1
PCA,4,ABpxpp,-0.43479035847409986,-0.6403824405875043,global,2
PCA,4,ABpxpa,-0.46135785612225333,-0.6406611623608552,global,2
PCA,4,ABpxppp,-0.11794346680166673,-0.41632333612209704,global,3
PCA,4,ABpxppa,-0.547943557465043,-0.805115630446641,global,3
PCA,4,ABpxpap,-0.5400973830445659,-0.8016733389462234,global,3
PCA,4,ABpxpaa,-0.6201677940721689,-0.5672256083284548,global,3
PCA,4,ABpxpppp,-0.4876522901664767,-0.5822782825404113,local,4
PCA,4,ABpxpppa,-0.35852761024117225,-0.763040009899083,local,4
PCA,4,ABpxppap,-0.6255287125742098,-0.2143727287836364,local,4
PCA,4,ABpxppaa,-0.7024347933734394,-0.8076101351008735,local,4
PCA,4,ABpxpaap,-0.6048189678992284,-0.8912647256478115,local,4
PCA,4,ABpxpaaa,-0.593449745099231,-0.766465002000875,local,4
PCA,4,ABpxp,-0.3289698196760484,-0.45378148390127315,global,1
PCA,4,ABpxpp,-0.5093860412600482,-0.584782077544017,global,2
PCA,4,ABpxpa,-0.6071777358243458,-0.670753455321716,global,2
PCA,4,ABpxppp,-0.07095866483821019,-0.3918042127521068,global,3
PCA,4,ABpxppa,-0.551140242863526,-0.7828718149174804,global,3
PCA,4,ABpxpap,-0.5875621413154298,-0.8204788088180248,global,3
PCA,4,ABpxpaa,-0.6069521221175527,-0.5605042318608818,global,3
UMAP,4,ABpxpppp,-0.5013017196190298,-0.7623051317738289,local,4
UMAP,4,ABpxpppa,-0.5425208568018356,-0.7536844092873576,local,4
UMAP,4,ABpxppap,-0.5800228867017903,-0.8293377465240068,local,4
UMAP,4,ABpxppaa,-0.6359330215586678,-0.8651177128151673,local,4
UMAP,4,ABpxpaap,-0.6579117702351558,-0.9680297940803082,local,4
UMAP,4,ABpxpaaa,-0.6631353991670699,-0.9137042438703704,local,4
UMAP,4,ABpxp,-0.4649391108427785,-0.22362927395198265,global,1
UMAP,4,ABpxpp,-0.500068271912807,-0.7919128177443081,global,2
UMAP,4,ABpxpa,-0.8897606919870139,-0.8252083370421829,global,2
UMAP,4,ABpxppp,-0.5987309367553431,-0.7256074137754861,global,3
UMAP,4,ABpxppa,-0.47622599494196677,-0.8948168131648796,global,3
UMAP,4,ABpxpap,-0.49381231378887036,-0.8202857557564367,global,3
UMAP,4,ABpxpaa,-0.47047864646113063,-0.5757593052461916,global,3
UMAP,4,ABpxpppp,-0.3627092562127524,-0.7197630830291507,local,4
UMAP,4,ABpxpppa,-0.49993600633151764,-0.8298742098479288,local,4
UMAP,4,ABpxppap,-0.5742794362704542,-0.8282646860700834,local,4
UMAP,4,ABpxppaa,-0.6410656683912347,-0.81942942729766,local,4
UMAP,4,ABpxpaap,-0.567409659002994,-0.9628601527398731,local,4
UMAP,4,ABpxpaaa,-0.6908742319878696,-0.9047015417343847,local,4
UMAP,4,ABpxp,-0.36000051000384026,-0.2527031006791168,global,1
UMAP,4,ABpxpp,-0.4733979026496916,-0.7884215060046158,global,2
UMAP,4,ABpxpa,-0.6632955641920452,-0.8557635289754187,global,2
UMAP,4,ABpxppp,-0.5309743031914139,-0.7224635925159947,global,3
UMAP,4,ABpxppa,-0.2778320929053856,-0.8803259297713831,global,3
UMAP,4,ABpxpap,-0.5510096759113573,-0.8319305645969597,global,3
UMAP,4,ABpxpaa,-0.43157838061292964,-0.49529760744022383,global,3
UMAP,4,ABpxpppp,-0.4607789142978508,-0.7238712851364011,local,4
UMAP,4,ABpxpppa,-0.6068690811230152,-0.8311027525181219,local,4
UMAP,4,ABpxppap,-0.6885965789392507,-0.8395538728290797,local,4
UMAP,4,ABpxppaa,-0.5505154768391403,-0.7591260215559656,local,4
UMAP,4,ABpxpaap,-0.5555734329836952,-0.96348712515789,local,4
UMAP,4,ABpxpaaa,-0.6231433876977202,-0.8869120325405258,local,4
UMAP,4,ABpxp,-0.32637559030109853,-0.16469247004965093,global,1
UMAP,4,ABpxpp,-0.3941045448962241,-0.7789134164462739,global,2
UMAP,4,ABpxpa,-0.7674789498830961,-0.8294986402683051,global,2
UMAP,4,ABpxppp,-0.5585822465859485,-0.726149694235674,global,3
UMAP,4,ABpxppa,-0.2611883996583093,-0.8949615769918606,global,3
UMAP,4,ABpxpap,-0.5342007664511392,-0.8665071536815235,global,3
UMAP,4,ABpxpaa,-0.3071725496326489,-0.5379880819472307,global,3
UMAP,4,ABpxpppp,-0.39608441428987523,-0.7330260742854079,local,4
UMAP,4,ABpxpppa,-0.5412676996420711,-0.8252749458766495,local,4
UMAP,4,ABpxppap,-0.502779057269789,-0.8331188626676356,local,4
UMAP,4,ABpxppaa,-0.5171378238770873,-0.7901687171952566,local,4
UMAP,4,ABpxpaap,-0.5315134260596938,-0.9532911670472681,local,4
UMAP,4,ABpxpaaa,-0.6192652820706485,-0.8823478940840666,local,4
UMAP,4,ABpxp,-0.4262252472844622,-0.23093432965332222,global,1
UMAP,4,ABpxpp,-0.4440928499156796,-0.8123496159359551,global,2
UMAP,4,ABpxpa,-0.7764332435255624,-0.7930198731103502,global,2
UMAP,4,ABpxppp,-0.4992615333229472,-0.7086164738053219,global,3
UMAP,4,ABpxppa,-0.43515408479868,-0.9053968148219966,global,3
UMAP,4,ABpxpap,-0.5868305981930477,-0.6788390007238161,global,3
UMAP,4,ABpxpaa,-0.38765264055678983,-0.5054777721187977,global,3
UMAP,4,ABpxpppp,-0.4182226445294809,-0.7177750195501807,local,4
UMAP,4,ABpxpppa,-0.5708696966049854,-0.8234913165308306,local,4
UMAP,4,ABpxppap,-0.5821322202813413,-0.8223053907792699,local,4
UMAP,4,ABpxppaa,-0.5838636747438934,-0.7732875660515877,local,4
UMAP,4,ABpxpaap,-0.5845901244446181,-0.9603697710577261,local,4
UMAP,4,ABpxpaaa,-0.5970729177076042,-0.9109656327224425,local,4
UMAP,4,ABpxp,-0.41911741732146407,-0.5291977727462809,global,1
UMAP,4,ABpxpp,-0.3062855019338765,-0.7086394844203627,global,2
UMAP,4,ABpxpa,-0.8323436940285771,-0.8286081107228562,global,2
UMAP,4,ABpxppp,-0.5996894263083572,-0.6672482808712685,global,3
UMAP,4,ABpxppa,-0.2884113478702179,-0.9118088175817052,global,3
UMAP,4,ABpxpap,-0.551425840729302,-0.7955825398893915,global,3
UMAP,4,ABpxpaa,-0.22137909485074933,-0.656397594424605,global,3
UMAP,4,ABpxpppp,-0.4689761256871183,-0.6943711632564435,local,4
UMAP,4,ABpxpppa,-0.5110311644632266,-0.8269408948300025,local,4
UMAP,4,ABpxppap,-0.5491150870611794,-0.8359961000300207,local,4
UMAP,4,ABpxppaa,-0.6723015328873986,-0.8651557755179713,local,4
UMAP,4,ABpxpaap,-0.56541812280685,-0.9606351074478612,local,4
UMAP,4,ABpxpaaa,-0.6564341260400421,-0.9034801304569793,local,4
UMAP,4,ABpxp,-0.37025504854362823,-0.15276719822936122,global,1
UMAP,4,ABpxpp,-0.27401175796126387,-0.6653777964199361,global,2
UMAP,4,ABpxpa,-0.849028030948208,-0.8146177082338748,global,2
UMAP,4,ABpxppp,-0.6890530797244439,-0.7422731374569881,global,3
UMAP,4,ABpxppa,-0.3537212685245671,-0.898935338025084,global,3
UMAP,4,ABpxpap,-0.5329874935831228,-0.8487236663961327,global,3
UMAP,4,ABpxpaa,-0.44566306966082864,-0.436359461369915,global,3
UMAP,4,ABpxpppp,-0.4407327120872788,-0.696426019416428,local,4
UMAP,4,ABpxpppa,-0.577374810520975,-0.8375066613869699,local,4
UMAP,4,ABpxppap,-0.5554520839016764,-0.8289312778548865,local,4
UMAP,4,ABpxppaa,-0.601296013306951,-0.8701717049629004,local,4
UMAP,4,ABpxpaap,-0.572488768966219,-0.9560817198352274,local,4
UMAP,4,ABpxpaaa,-0.5932810509260821,-0.9001511729618281,local,4
UMAP,4,ABpxp,-0.3613044649199707,-0.2539433537986543,global,1
UMAP,4,ABpxpp,-0.42368688272580624,-0.8148269004876999,global,2
UMAP,4,ABpxpa,-0.7881292344527895,-0.8228533325846814,global,2
UMAP,4,ABpxppp,-0.40852582098675916,-0.770562283511863,global,3
UMAP,4,ABpxppa,-0.26706870674309086,-0.9085936145992127,global,3
UMAP,4,ABpxpap,-0.5611750959299716,-0.844403232890118,global,3
UMAP,4,ABpxpaa,-0.29648247585944704,-0.5427151863078818,global,3
UMAP,4,ABpxpppp,-0.46374559168920193,-0.7200661835032655,local,4
UMAP,4,ABpxpppa,-0.43709198253055026,-0.7690475649512685,local,4
UMAP,4,ABpxppap,-0.6675061572199303,-0.8546561874339269,local,4
UMAP,4,ABpxppaa,-0.6395368384835755,-0.8215104446016885,local,4
UMAP,4,ABpxpaap,-0.5415648217512792,-0.9555749316797135,local,4
UMAP,4,ABpxpaaa,-0.6203957831522264,-0.9053457669487415,local,4
UMAP,4,ABpxp,-0.3897670703168382,-0.5942486619481598,global,1
UMAP,4,ABpxpp,-0.5595605401855122,-0.849707362536099,global,2
UMAP,4,ABpxpa,-0.8081548828932998,-0.8145068208432265,global,2
UMAP,4,ABpxppp,-0.668357616437852,-0.7127050736671736,global,3
UMAP,4,ABpxppa,-0.4332691450120157,-0.8995268064263078,global,3
UMAP,4,ABpxpap,-0.5019209021344819,-0.8273059178247104,global,3
UMAP,4,ABpxpaa,-0.21836615921789454,-0.5205433580963752,global,3
UMAP,4,ABpxpppp,-0.4135185120883407,-0.6756788074145803,local,4
UMAP,4,ABpxpppa,-0.38811218912528295,-0.733251906307121,local,4
UMAP,4,ABpxppap,-0.5523578083910377,-0.8138669167102038,local,4
UMAP,4,ABpxppaa,-0.6330376673818566,-0.8694336741439918,local,4
UMAP,4,ABpxpaap,-0.5613954892477737,-0.9491239249275795,local,4
UMAP,4,ABpxpaaa,-0.6558415887724101,-0.9268750249392348,local,4
UMAP,4,ABpxp,-0.3889843102250438,-0.1803654987067852,global,1
UMAP,4,ABpxpp,-0.5174917988980137,-0.8612354606021739,global,2
UMAP,4,ABpxpa,-0.7931155958742577,-0.8095742813011296,global,2
UMAP,4,ABpxppp,-0.4456600412125742,-0.6729622021915835,global,3
UMAP,4,ABpxppa,-0.5383329708768263,-0.9092051486083093,global,3
UMAP,4,ABpxpap,-0.6105974087002408,-0.8651256848200043,global,3
UMAP,4,ABpxpaa,-0.39171570005929746,-0.495220149080032,global,3
UMAP,4,ABpxpppp,-0.5008637155887216,-0.742626573856695,local,4
UMAP,4,ABpxpppa,-0.3937789957561589,-0.8266429867528106,local,4
UMAP,4,ABpxppap,-0.5022915937319028,-0.8439184921551373,local,4
UMAP,4,ABpxppaa,-0.6466129641325921,-0.8663028170853764,local,4
UMAP,4,ABpxpaap,-0.6406721143501194,-0.9651829234350793,local,4
UMAP,4,ABpxpaaa,-0.6030675349730831,-0.9038955428210286,local,4
UMAP,4,ABpxp,-0.5801974585792925,-0.5933066592590092,global,1
UMAP,4,ABpxpp,-0.2143093879136938,-0.7538597763847122,global,2
UMAP,4,ABpxpa,-0.732623490513177,-0.7982377705290324,global,2
UMAP,4,ABpxppp,-0.5731010464021646,-0.7080414956397494,global,3
UMAP,4,ABpxppa,-0.47572134676467936,-0.9038349817148718,global,3
UMAP,4,ABpxpap,-0.47294663235710926,-0.8634472517702418,global,3
UMAP,4,ABpxpaa,-0.45737251893504743,-0.457488394090686,global,3
UMAP,4,ABpxpppp,-0.535711275292193,-0.7870179325040543,local,4
UMAP,4,ABpxpppa,-0.564596507329144,-0.8443022516418274,local,4
UMAP,4,ABpxppap,-0.6955792767535158,-0.8550332161056836,local,4
UMAP,4,ABpxppaa,-0.5632023562217738,-0.8486054792221869,local,4
UMAP,4,ABpxpaap,-0.6116362524086008,-0.9690719928571171,local,4
UMAP,4,ABpxpaaa,-0.6911350159939105,-0.9072458854141539,local,4
UMAP,4,ABpxp,-0.38669467750354924,-0.0378951588570335,global,1
UMAP,4,ABpxpp,-0.5862050781331919,-0.7786684141476073,global,2
UMAP,4,ABpxpa,-0.8344550577615152,-0.86482848681098,global,2
UMAP,4,ABpxppp,-0.5946441343152529,-0.6138983823836872,global,3
UMAP,4,ABpxppa,-0.45115693277207786,-0.9087747825736834,global,3
UMAP,4,ABpxpap,-0.5872557285653689,-0.8295355572897978,global,3
UMAP,4,ABpxpaa,-0.37758349737115554,-0.5591482898242383,global,3
UMAP,4,ABpxpppp,-0.4430498886736197,-0.6981172249741403,local,4
UMAP,4,ABpxpppa,-0.41969680471775656,-0.8238775770420754,local,4
UMAP,4,ABpxppap,-0.5649071969920301,-0.833636802374806,local,4
UMAP,4,ABpxppaa,-0.6574370640226403,-0.8231485848713929,local,4
UMAP,4,ABpxpaap,-0.5510132915484828,-0.9556470419500893,local,4
UMAP,4,ABpxpaaa,-0.6248240198297543,-0.9177402675425907,local,4
UMAP,4,ABpxp,-0.5808240867151728,-0.37275456554871467,global,1
UMAP,4,ABpxpp,-0.25473639971255846,-0.7393252087462668,global,2
UMAP,4,ABpxpa,-0.6977064555111513,-0.8426454635478451,global,2
UMAP,4,ABpxppp,-0.7188644925711419,-0.7082672255518496,global,3
UMAP,4,ABpxppa,-0.40012686152498433,-0.8936878361865198,global,3
UMAP,4,ABpxpap,-0.6035709797318375,-0.8327660120983471,global,3
UMAP,4,ABpxpaa,-0.31925072242863356,-0.5033219674485361,global,3
UMAP,4,ABpxpppp,-0.4351296163863516,-0.7344560373654135,local,4
UMAP,4,ABpxpppa,-0.46798638581483365,-0.7950988230748931,local,4
UMAP,4,ABpxppap,-0.5054578674035739,-0.8380893807822082,local,4
UMAP,4,ABpxppaa,-0.6448018540159637,-0.853263442741596,local,4
UMAP,4,ABpxpaap,-0.5115566073489637,-0.9523281823258742,local,4
UMAP,4,ABpxpaaa,-0.633434553175631,-0.9295672720549557,local,4
UMAP,4,ABpxp,-0.5101175574853575,-0.10682814295187877,global,1
UMAP,4,ABpxpp,-0.2631823206964736,-0.7241562923050229,global,2
UMAP,4,ABpxpa,-0.7440592101839825,-0.8171375980594965,global,2
UMAP,4,ABpxppp,-0.45056774880824296,-0.66189346410303,global,3
UMAP,4,ABpxppa,-0.4048952052367592,-0.9046763896910739,global,3
UMAP,4,ABpxpap,-0.5408465373387343,-0.8991793484194859,global,3
UMAP,4,ABpxpaa,-0.49812847199603794,-0.603385210385753,global,3
UMAP,4,ABpxpppp,-0.3236470646664511,-0.5357823798027818,local,4
UMAP,4,ABpxpppa,-0.5677419825799873,-0.8512542600307651,local,4
UMAP,4,ABpxppap,-0.5861503851171936,-0.8343782456368813,local,4
UMAP,4,ABpxppaa,-0.6583435208641424,-0.8090217434855522,local,4
UMAP,4,ABpxpaap,-0.5985510257603377,-0.956598638907439,local,4
UMAP,4,ABpxpaaa,-0.6413383656611567,-0.8734844797044018,local,4
UMAP,4,ABpxp,-0.455576455327774,-0.12410334556044185,global,1
UMAP,4,ABpxpp,-0.4159775308287901,-0.7317079274763236,global,2
UMAP,4,ABpxpa,-0.8267212641171053,-0.8504112949673822,global,2
UMAP,4,ABpxppp,-0.6472001430729026,-0.6313680105206514,global,3
UMAP,4,ABpxppa,-0.4637110024990004,-0.9032367999702646,global,3
UMAP,4,ABpxpap,-0.5342937995575264,-0.8901274471135412,global,3
UMAP,4,ABpxpaa,-0.2705165714313734,-0.49453799343173815,global,3
UMAP,4,ABpxpppp,-0.4060191930854548,-0.7472033545352343,local,4
UMAP,4,ABpxpppa,-0.5325253541811433,-0.7697456115255346,local,4
UMAP,4,ABpxppap,-0.6836891499185423,-0.861411314743276,local,4
UMAP,4,ABpxppaa,-0.6588658958677645,-0.8273266884975107,local,4
UMAP,4,ABpxpaap,-0.5702312931911343,-0.9594019261231295,local,4
UMAP,4,ABpxpaaa,-0.5228103116660048,-0.8682063189686896,local,4
UMAP,4,ABpxp,-0.3880655553755231,-0.4268702815109955,global,1
UMAP,4,ABpxpp,-0.2697211020457271,-0.7789999703151504,global,2
UMAP,4,ABpxpa,-0.7560689450486693,-0.8788067859890522,global,2
UMAP,4,ABpxppp,-0.6698515397691629,-0.7313696046548974,global,3
UMAP,4,ABpxppa,-0.2664120271658171,-0.8920122134325722,global,3
UMAP,4,ABpxpap,-0.5158197799930775,-0.8194485847730494,global,3
UMAP,4,ABpxpaa,-0.37534961233427144,-0.627328712116829,global,3
UMAP,4,ABpxpppp,-0.43081289392503275,-0.7464346120899839,local,4
UMAP,4,ABpxpppa,-0.4821318555264735,-0.7534244011233506,local,4
UMAP,4,ABpxppap,-0.6652874269077382,-0.8736275750139402,local,4
UMAP,4,ABpxppaa,-0.6847058689382769,-0.8742624260584858,local,4
UMAP,4,ABpxpaap,-0.588518206034562,-0.9512330984805637,local,4
UMAP,4,ABpxpaaa,-0.6882702293168592,-0.9040945106111762,local,4
UMAP,4,ABpxp,-0.4054146674816089,-0.4695191986607492,global,1
UMAP,4,ABpxpp,-0.3259114593702882,-0.6294521946119487,global,2
UMAP,4,ABpxpa,-0.8179502700568564,-0.8482234811490881,global,2
UMAP,4,ABpxppp,-0.6711058055697599,-0.6814201769473685,global,3
UMAP,4,ABpxppa,-0.42639080870257423,-0.900857962692228,global,3
UMAP,4,ABpxpap,-0.5630219121578542,-0.8400930836634198,global,3
UMAP,4,ABpxpaa,-0.2177027021064479,-0.49516461267445605,global,3
UMAP,4,ABpxpppp,-0.4510439452737095,-0.6875091201682354,local,4
UMAP,4,ABpxpppa,-0.4035379217982254,-0.831986993214134,local,4
UMAP,4,ABpxppap,-0.5666522661934805,-0.8435876953699772,local,4
UMAP,4,ABpxppaa,-0.6312690747642415,-0.8299787337715523,local,4
UMAP,4,ABpxpaap,-0.5482785374496957,-0.9525447435804506,local,4
UMAP,4,ABpxpaaa,-0.6122390694783431,-0.9035288824186252,local,4
UMAP,4,ABpxp,-0.44763571447881007,-0.18020237945326098,global,1
UMAP,4,ABpxpp,-0.32595984190594096,-0.713202933485199,global,2
UMAP,4,ABpxpa,-0.8114587446496082,-0.8038064719051637,global,2
UMAP,4,ABpxppp,-0.5596018665509578,-0.7153934825898995,global,3
UMAP,4,ABpxppa,-0.40036788587588806,-0.8741235988281495,global,3
UMAP,4,ABpxpap,-0.6310773528665411,-0.8083874206768606,global,3
UMAP,4,ABpxpaa,-0.34175533855206913,-0.5122039559833613,global,3
UMAP,4,ABpxpppp,-0.3653697937006217,-0.7741538606067305,local,4
UMAP,4,ABpxpppa,-0.5946385565302554,-0.8230784280501342,local,4
UMAP,4,ABpxppap,-0.5314818454093972,-0.8300580801902206,local,4
UMAP,4,ABpxppaa,-0.6400428739828601,-0.8685500734564241,local,4
UMAP,4,ABpxpaap,-0.6229163416145098,-0.9679225321549954,local,4
UMAP,4,ABpxpaaa,-0.6476487457996352,-0.9141026930225228,local,4
UMAP,4,ABpxp,-0.39202275236293854,-0.3533489269565939,global,1
UMAP,4,ABpxpp,-0.47607107774981944,-0.7891818364790639,global,2
UMAP,4,ABpxpa,-0.8137737068015743,-0.8268304356744479,global,2
UMAP,4,ABpxppp,-0.6464746548398899,-0.6760504057278584,global,3
UMAP,4,ABpxppa,-0.2634636673509171,-0.900135711710794,global,3
UMAP,4,ABpxpap,-0.5180927559882692,-0.8414251101227403,global,3
UMAP,4,ABpxpaa,-0.4908631657080472,-0.6842393356584212,global,3
UMAP,4,ABpxpppp,-0.4763566069657615,-0.6686657558747674,local,4
UMAP,4,ABpxpppa,-0.4905978557955614,-0.8200237347020937,local,4
UMAP,4,ABpxppap,-0.5545656626410342,-0.8388523016522822,local,4
UMAP,4,ABpxppaa,-0.6553807874731833,-0.8659231704988061,local,4
UMAP,4,ABpxpaap,-0.533286087411977,-0.9560811473479011,local,4
UMAP,4,ABpxpaaa,-0.6242486523837656,-0.9163906118463141,local,4
UMAP,4,ABpxp,-0.4426772499869106,-0.4392530773161292,global,1
UMAP,4,ABpxpp,-0.4700908932080089,-0.8171148558259318,global,2
UMAP,4,ABpxpa,-0.8677438008085187,-0.7791937140685838,global,2
UMAP,4,ABpxppp,-0.43354795923069545,-0.6793475335842244,global,3
UMAP,4,ABpxppa,-0.3768666209777003,-0.8960794685816422,global,3
UMAP,4,ABpxpap,-0.4488965767619404,-0.8632627811206163,global,3
UMAP,4,ABpxpaa,-0.3633850078787856,-0.5389568893384166,global,3
UMAP,4,ABpxpppp,-0.47558397368185207,-0.7203390307111331,local,4
UMAP,4,ABpxpppa,-0.5096850100559054,-0.8449539902044916,local,4
UMAP,4,ABpxppap,-0.6469385350151347,-0.838688477887976,local,4
UMAP,4,ABpxppaa,-0.6268180520420608,-0.8790107635662717,local,4
UMAP,4,ABpxpaap,-0.6028517715796606,-0.9555660403659918,local,4
UMAP,4,ABpxpaaa,-0.6254365973896108,-0.9133236030171035,local,4
UMAP,4,ABpxp,-0.5945486230451976,-0.5712732471085921,global,1
UMAP,4,ABpxpp,-0.2542027623103447,-0.7637730626303565,global,2
UMAP,4,ABpxpa,-0.7962664660125434,-0.8085423914038508,global,2
UMAP,4,ABpxppp,-0.6306603842346812,-0.7556982259971494,global,3
UMAP,4,ABpxppa,-0.28911246622785736,-0.9018953479658723,global,3
UMAP,4,ABpxpap,-0.5584687544007135,-0.8397836575579551,global,3
UMAP,4,ABpxpaa,-0.39759742661788716,-0.5466459306811338,global,3
hMDS,5,ABpxpppp,-0.6957645924337947,-0.7204151837172332,local,4
hMDS,5,ABpxpppa,-0.7302699406881096,-0.7925860050743649,local,4
hMDS,5,ABpxppap,-0.7215321568155897,-0.8347338166513076,local,4
hMDS,5,ABpxppaa,-0.7122353888048509,-0.8769490177565124,local,4
hMDS,5,ABpxpaap,-0.6776570993207094,-0.9243705946236742,local,4
hMDS,5,ABpxpaaa,-0.7567014473243783,-0.9243831544940868,local,4
hMDS,5,ABpxp,-0.5790453663474867,-0.6348789564641889,global,1
hMDS,5,ABpxpp,-0.6743236206105543,-0.6926363242938975,global,2
hMDS,5,ABpxpa,-0.7170611310978611,-0.5290980539790969,global,2
hMDS,5,ABpxppp,-0.7396914496677094,-0.4854910785079405,global,3
hMDS,5,ABpxppa,-0.6816877981050771,-0.8062571182655367,global,3
hMDS,5,ABpxpap,-0.7689010886025981,-0.7055388413988732,global,3
hMDS,5,ABpxpaa,-0.7124627311092466,-0.6216575573090668,global,3
hMDS,5,ABpxpppp,-0.6770523536195702,-0.7501960957036262,local,4
hMDS,5,ABpxpppa,-0.7275084556017252,-0.8068763534854679,local,4
hMDS,5,ABpxppap,-0.7231830987569496,-0.8486563281758481,local,4
hMDS,5,ABpxppaa,-0.6990239388454998,-0.8857185375509442,local,4
hMDS,5,ABpxpaap,-0.6979039169060344,-0.9155254217837606,local,4
hMDS,5,ABpxpaaa,-0.7588326617650007,-0.9456530006790245,local,4
hMDS,5,ABpxp,-0.6523927722493353,-0.7274319306629295,global,1
hMDS,5,ABpxpp,-0.6934798406309626,-0.6556183415104948,global,2
hMDS,5,ABpxpa,-0.7100344377482267,-0.5652315385715517,global,2
hMDS,5,ABpxppp,-0.6955720238944829,-0.5508939368456038,global,3
hMDS,5,ABpxppa,-0.613855915098753,-0.8286825692453993,global,3
hMDS,5,ABpxpap,-0.780262917034201,-0.6748562534227258,global,3
hMDS,5,ABpxpaa,-0.7318758782717758,-0.5508369188616536,global,3
hMDS,5,ABpxpppp,-0.7195702763808894,-0.7429313895082877,local,4
hMDS,5,ABpxpppa,-0.6985984144193536,-0.7967567983993488,local,4
hMDS,5,ABpxppap,-0.7221460626626601,-0.8558280448494615,local,4
hMDS,5,ABpxppaa,-0.7332370758503404,-0.8826593274870521,local,4
hMDS,5,ABpxpaap,-0.7181893663121021,-0.9116409807616448,local,4
hMDS,5,ABpxpaaa,-0.8033027499766562,-0.9248122538074397,local,4
hMDS,5,ABpxp,-0.6196039655233601,-0.7296232853673028,global,1
hMDS,5,ABpxpp,-0.6672323118952563,-0.7520497551767189,global,2
hMDS,5,ABpxpa,-0.7769502691468291,-0.5522709480689914,global,2
hMDS,5,ABpxppp,-0.683998277814378,-0.5538840855404132,global,3
hMDS,5,ABpxppa,-0.6875074772141242,-0.7758349342659099,global,3
hMDS,5,ABpxpap,-0.7463939009649033,-0.6899451891715458,global,3
hMDS,5,ABpxpaa,-0.7163559230151907,-0.570853827856248,global,3
hMDS,5,ABpxpppp,-0.6621111255123279,-0.6925921985581055,local,4
hMDS,5,ABpxpppa,-0.7171780529390819,-0.7970786635905629,local,4
hMDS,5,ABpxppap,-0.7448678098150807,-0.8580134069889673,local,4
hMDS,5,ABpxppaa,-0.7102777660372042,-0.8970308970070224,local,4
hMDS,5,ABpxpaap,-0.712007447262361,-0.9247319778627279,local,4
hMDS,5,ABpxpaaa,-0.7678716080120997,-0.9280790968960821,local,4
hMDS,5,ABpxp,-0.6470184019044922,-0.6647222639535938,global,1
hMDS,5,ABpxpp,-0.7425100638888804,-0.6977815270945854,global,2
hMDS,5,ABpxpa,-0.6320311297266649,-0.4577154112358288,global,2
hMDS,5,ABpxppp,-0.7395997870099534,-0.5903519702265138,global,3
hMDS,5,ABpxppa,-0.6312207340662171,-0.8122825971388056,global,3
hMDS,5,ABpxpap,-0.7761046384963226,-0.711007120016242,global,3
hMDS,5,ABpxpaa,-0.7394295170349526,-0.5241187478228484,global,3
hMDS,5,ABpxpppp,-0.718846701163138,-0.7281875381774191,local,4
hMDS,5,ABpxpppa,-0.7387251136583689,-0.7761095568609079,local,4
hMDS,5,ABpxppap,-0.7083557087244712,-0.8466677020286953,local,4
hMDS,5,ABpxppaa,-0.7249617898071742,-0.886944142090327,local,4
hMDS,5,ABpxpaap,-0.6823861188050863,-0.913534681072518,local,4
hMDS,5,ABpxpaaa,-0.7576635623252226,-0.9245973133359993,local,4
hMDS,5,ABpxp,-0.6508373729338616,-0.5982340216234405,global,1
hMDS,5,ABpxpp,-0.6256929892000455,-0.7434958143543609,global,2
hMDS,5,ABpxpa,-0.7152249134239217,-0.4684747356523539,global,2
hMDS,5,ABpxppp,-0.688129049638367,-0.5176042727139122,global,3
hMDS,5,ABpxppa,-0.6055226096528734,-0.7821108348098574,global,3
hMDS,5,ABpxpap,-0.7555882996515985,-0.6882969572176074,global,3
hMDS,5,ABpxpaa,-0.717659434359085,-0.5670490450840658,global,3
hMDS,5,ABpxpppp,-0.6884868679928491,-0.7306627399068274,local,4
hMDS,5,ABpxpppa,-0.7152791334211728,-0.8020793498184136,local,4
hMDS,5,ABpxppap,-0.715005894623836,-0.8559988897741333,local,4
hMDS,5,ABpxppaa,-0.6703706476786441,-0.8667553474166737,local,4
hMDS,5,ABpxpaap,-0.7433614442440333,-0.9217263666432242,local,4
hMDS,5,ABpxpaaa,-0.7378103029962085,-0.9419859779948612,local,4
hMDS,5,ABpxp,-0.6091162005283655,-0.5775924632464858,global,1
hMDS,5,ABpxpp,-0.7358203332256534,-0.7287709473286239,global,2
hMDS,5,ABpxpa,-0.7284851336294197,-0.5575029106093383,global,2
hMDS,5,ABpxppp,-0.6963516225343876,-0.5720766519502891,global,3
hMDS,5,ABpxppa,-0.6426038570105379,-0.8268197090451536,global,3
hMDS,5,ABpxpap,-0.7223161941330037,-0.7289605242126931,global,3
hMDS,5,ABpxpaa,-0.6629854206961056,-0.5752815145013519,global,3
hMDS,5,ABpxpppp,-0.7131428139748855,-0.7280388560380412,local,4
hMDS,5,ABpxpppa,-0.7030610097987608,-0.8062459216881123,local,4
hMDS,5,ABpxppap,-0.7234614444888771,-0.8221609714432654,local,4
hMDS,5,ABpxppaa,-0.6987085371151283,-0.8876614938384478,local,4
hMDS,5,ABpxpaap,-0.7075938703572449,-0.9326379127367738,local,4
hMDS,5,ABpxpaaa,-0.7574046729384918,-0.931901876102357,local,4
hMDS,5,ABpxp,-0.7166611255090372,-0.6758540336526179,global,1
hMDS,5,ABpxpp,-0.6086964202357243,-0.7742341136504942,global,2
hMDS,5,ABpxpa,-0.7573150330257371,-0.442306731242341,global,2
hMDS,5,ABpxppp,-0.7161714470383728,-0.5986496690491783,global,3
hMDS,5,ABpxppa,-0.6454023379855245,-0.8238382783453028,global,3
hMDS,5,ABpxpap,-0.7909655556863734,-0.7100171125495113,global,3
hMDS,5,ABpxpaa,-0.7337031964537218,-0.6659953701648345,global,3
hMDS,5,ABpxpppp,-0.6279768363007542,-0.7652139039596993,local,4
hMDS,5,ABpxpppa,-0.7223388063640106,-0.7944456469359931,local,4
hMDS,5,ABpxppap,-0.7306141623431386,-0.8355011812847706,local,4
hMDS,5,ABpxppaa,-0.684341243179961,-0.8819836136479955,local,4
hMDS,5,ABpxpaap,-0.7014653999870409,-0.8991323546026525,local,4
hMDS,5,ABpxpaaa,-0.7601798196570498,-0.923375727876237,local,4
hMDS,5,ABpxp,-0.6132528195871234,-0.6525868997293429,global,1
hMDS,5,ABpxpp,-0.5407814029364977,-0.690041329752489,global,2
hMDS,5,ABpxpa,-0.8251749434461808,-0.5469455706143521,global,2
hMDS,5,ABpxppp,-0.7098344074543106,-0.596158119319657,global,3
hMDS,5,ABpxppa,-0.6416874677120256,-0.8075202225248441,global,3
hMDS,5,ABpxpap,-0.7371622549364709,-0.7076830604246629,global,3
hMDS,5,ABpxpaa,-0.7132275758683102,-0.5197550279135532,global,3
hMDS,5,ABpxpppp,-0.7081012853017611,-0.7174064634159419,local,4
hMDS,5,ABpxpppa,-0.7060776560338394,-0.7792408623378954,local,4
hMDS,5,ABpxppap,-0.6870769555017295,-0.8381071017391669,local,4
hMDS,5,ABpxppaa,-0.7551517211332732,-0.9010529564366231,local,4
hMDS,5,ABpxpaap,-0.7166303923770754,-0.9310402510908367,local,4
hMDS,5,ABpxpaaa,-0.7443225327404961,-0.9258210821724993,local,4
hMDS,5,ABpxp,-0.6147972754950282,-0.5969539130702205,global,1
hMDS,5,ABpxpp,-0.6686214939789372,-0.6644828469531038,global,2
hMDS,5,ABpxpa,-0.7784672728476194,-0.5405519586983335,global,2
hMDS,5,ABpxppp,-0.6537205798281842,-0.5487810478621994,global,3
hMDS,5,ABpxppa,-0.700068739202787,-0.7944912760867174,global,3
hMDS,5,ABpxpap,-0.7402188844307888,-0.6969744112519394,global,3
hMDS,5,ABpxpaa,-0.6680492866653511,-0.644335771549486,global,3
hMDS,5,ABpxpppp,-0.6710876952533205,-0.7384413731145291,local,4
hMDS,5,ABpxpppa,-0.748529642830772,-0.8083381939395147,local,4
hMDS,5,ABpxppap,-0.6700082469075421,-0.8329373977807155,local,4
hMDS,5,ABpxppaa,-0.7165417187079998,-0.8807770734449673,local,4
hMDS,5,ABpxpaap,-0.6756805618740256,-0.9073513799599058,local,4
hMDS,5,ABpxpaaa,-0.7645423842529178,-0.9277549854263016,local,4
hMDS,5,ABpxp,-0.6004354703724988,-0.6232423666987879,global,1
hMDS,5,ABpxpp,-0.6192447844581852,-0.6630535207237085,global,2
hMDS,5,ABpxpa,-0.7299134125059483,-0.5734714360016755,global,2
hMDS,5,ABpxppp,-0.7176064009496388,-0.5309129100954117,global,3
hMDS,5,ABpxppa,-0.6901442237786979,-0.8116913347765271,global,3
hMDS,5,ABpxpap,-0.7708036216654678,-0.7124483514814826,global,3
hMDS,5,ABpxpaa,-0.6893852002845134,-0.6117503583268865,global,3
hMDS,5,ABpxpppp,-0.7263345412352413,-0.7458649568096398,local,4
hMDS,5,ABpxpppa,-0.6861050990696593,-0.8044941287113352,local,4
hMDS,5,ABpxppap,-0.7055188867258342,-0.8417303763387936,local,4
hMDS,5,ABpxppaa,-0.7186017811008889,-0.8775932497722235,local,4
hMDS,5,ABpxpaap,-0.6821011159040191,-0.9139851659292506,local,4
hMDS,5,ABpxpaaa,-0.7400090464485655,-0.9429696266648682,local,4
hMDS,5,ABpxp,-0.5958462915810935,-0.7175568285857866,global,1
hMDS,5,ABpxpp,-0.6584378228666603,-0.6851861573967992,global,2
hMDS,5,ABpxpa,-0.755059165634404,-0.42359191903270105,global,2
hMDS,5,ABpxppp,-0.6823415737229991,-0.6115295749837678,global,3
hMDS,5,ABpxppa,-0.6475626641825984,-0.7941357485136461,global,3
hMDS,5,ABpxpap,-0.6722788659527704,-0.6581321707445608,global,3
hMDS,5,ABpxpaa,-0.7412092694627288,-0.5640623883680624,global,3
hMDS,5,ABpxpppp,-0.7158675041611786,-0.7676552944555397,local,4
hMDS,5,ABpxpppa,-0.7403999737668819,-0.8080171950895196,local,4
hMDS,5,ABpxppap,-0.6969899547248832,-0.8689346013295539,local,4
hMDS,5,ABpxppaa,-0.7052706433565928,-0.8769935901705268,local,4
hMDS,5,ABpxpaap,-0.7013251377984882,-0.9165147253491106,local,4
hMDS,5,ABpxpaaa,-0.7799627762713089,-0.9315643765821326,local,4
hMDS,5,ABpxp,-0.6490313337189961,-0.7267200003840015,global,1
hMDS,5,ABpxpp,-0.6653599193634269,-0.6355460913860893,global,2
hMDS,5,ABpxpa,-0.7538542564308922,-0.5582906675781608,global,2
hMDS,5,ABpxppp,-0.6602083997348733,-0.5922309271147315,global,3
hMDS,5,ABpxppa,-0.6958518662602942,-0.7987804558641424,global,3
hMDS,5,ABpxpap,-0.7946022738498538,-0.672116595644895,global,3
hMDS,5,ABpxpaa,-0.7034331110985932,-0.6268237652255588,global,3
hMDS,5,ABpxpppp,-0.7155597339075919,-0.7250031659497923,local,4
hMDS,5,ABpxpppa,-0.7190441944151251,-0.7910829115263646,local,4
hMDS,5,ABpxppap,-0.7198452733336195,-0.8384813426678717,local,4
hMDS,5,ABpxppaa,-0.7006194139546645,-0.8801595574172322,local,4
hMDS,5,ABpxpaap,-0.7120562611661647,-0.9207619724619741,local,4
hMDS,5,ABpxpaaa,-0.7488425233595456,-0.9379992664449739,local,4
hMDS,5,ABpxp,-0.6158280267133438,-0.6962910965327493,global,1
hMDS,5,ABpxpp,-0.6800957244149692,-0.6973295784027951,global,2
hMDS,5,ABpxpa,-0.7210702325633194,-0.4453434550092001,global,2
hMDS,5,ABpxppp,-0.7013938516298024,-0.5672287880112727,global,3
hMDS,5,ABpxppa,-0.6737564809233536,-0.7948004462160576,global,3
hMDS,5,ABpxpap,-0.7439661171069823,-0.7120093610021592,global,3
hMDS,5,ABpxpaa,-0.7302483541481256,-0.5756533487681045,global,3
hMDS,5,ABpxpppp,-0.6867185009798756,-0.7277329145624871,local,4
hMDS,5,ABpxpppa,-0.7162564375453745,-0.790509652560342,local,4
hMDS,5,ABpxppap,-0.736773037194153,-0.8372008199655911,local,4
hMDS,5,ABpxppaa,-0.6878959375097305,-0.884171449961076,local,4
hMDS,5,ABpxpaap,-0.7088210147909867,-0.9241963046782389,local,4
hMDS,5,ABpxpaaa,-0.7616080411068542,-0.9323664819373813,local,4
hMDS,5,ABpxp,-0.700222024356186,-0.7927284673692365,global,1
hMDS,5,ABpxpp,-0.7289481059995118,-0.6660202382255284,global,2
hMDS,5,ABpxpa,-0.7197612910145169,-0.3975582948134279,global,2
hMDS,5,ABpxppp,-0.6321096783943743,-0.5686399817260157,global,3
hMDS,5,ABpxppa,-0.6561496926776699,-0.8151706471602989,global,3
hMDS,5,ABpxpap,-0.7679795866544524,-0.7178317679807917,global,3
hMDS,5,ABpxpaa,-0.7292825002337078,-0.6159006585085258,global,3
hMDS,5,ABpxpppp,-0.7627041886823132,-0.7672178951487836,local,4
hMDS,5,ABpxpppa,-0.7275552883044796,-0.8043341023404741,local,4
hMDS,5,ABpxppap,-0.7116585778059674,-0.8577777494940527,local,4
hMDS,5,ABpxppaa,-0.7096683458463928,-0.8860542944666467,local,4
hMDS,5,ABpxpaap,-0.678530200091076,-0.9196725651362685,local,4
hMDS,5,ABpxpaaa,-0.7303155831381444,-0.9429554228353056,local,4
hMDS,5,ABpxp,-0.6420187554150166,-0.4600593158176885,global,1
hMDS,5,ABpxpp,-0.5977213268937636,-0.6611065025297638,global,2
hMDS,5,ABpxpa,-0.7108661962433227,-0.7050990721768411,global,2
hMDS,5,ABpxppp,-0.6224445839754066,-0.5566854598085472,global,3
hMDS,5,ABpxppa,-0.710269905539742,-0.8044416179479124,global,3
hMDS,5,ABpxpap,-0.7838185455676911,-0.6781853264486715,global,3
hMDS,5,ABpxpaa,-0.6966553548844807,-0.6233492316695439,global,3
hMDS,5,ABpxpppp,-0.6672422947546083,-0.7502150406795942,local,4
hMDS,5,ABpxpppa,-0.7432724111775356,-0.7639145046385856,local,4
hMDS,5,ABpxppap,-0.6912269952141176,-0.85255858762132,local,4
hMDS,5,ABpxppaa,-0.6880152621044786,-0.8854682237981693,local,4
hMDS,5,ABpxpaap,-0.7165998232934281,-0.9212535641634902,local,4
hMDS,5,ABpxpaaa,-0.7964084370257508,-0.9296286034138084,local,4
hMDS,5,ABpxp,-0.6779358845465908,-0.6323114876349804,global,1
hMDS,5,ABpxpp,-0.6671056721449866,-0.713783777202492,global,2
hMDS,5,ABpxpa,-0.7905730355302071,-0.6309840556134895,global,2
hMDS,5,ABpxppp,-0.7129209129428083,-0.5846692218454057,global,3
hMDS,5,ABpxppa,-0.6378325061174777,-0.8145766066798439,global,3
hMDS,5,ABpxpap,-0.696974094020916,-0.6362723186970008,global,3
hMDS,5,ABpxpaa,-0.7579651601552024,-0.6058784652634825,global,3
hMDS,5,ABpxpppp,-0.6661544665218158,-0.7349250274510669,local,4
hMDS,5,ABpxpppa,-0.6454892434711992,-0.7804221092234963,local,4
hMDS,5,ABpxppap,-0.7233571266455864,-0.8560492787929219,local,4
hMDS,5,ABpxppaa,-0.682506571677967,-0.8884073215378437,local,4
hMDS,5,ABpxpaap,-0.7380624572843908,-0.9242990365241095,local,4
hMDS,5,ABpxpaaa,-0.7908961791022607,-0.9238245726426311,local,4
hMDS,5,ABpxp,-0.6203156551126477,-0.6750547728647711,global,1
hMDS,5,ABpxpp,-0.7138124123578026,-0.6797926958394371,global,2
hMDS,5,ABpxpa,-0.7320718450219423,-0.3977447323463689,global,2
hMDS,5,ABpxppp,-0.7381224442917756,-0.547941836902446,global,3
hMDS,5,ABpxppa,-0.650835583363936,-0.801229394607697,global,3
hMDS,5,ABpxpap,-0.7312599957707868,-0.7067781871227774,global,3
hMDS,5,ABpxpaa,-0.7258934112272989,-0.6009637171492417,global,3
hMDS,5,ABpxpppp,-0.6689922873273985,-0.6837760006190363,local,4
hMDS,5,ABpxpppa,-0.6897751954252381,-0.7998410438195874,local,4
hMDS,5,ABpxppap,-0.729384191957026,-0.8536846088944741,local,4
hMDS,5,ABpxppaa,-0.6649543192099268,-0.8812474290528409,local,4
hMDS,5,ABpxpaap,-0.7004571652961983,-0.9131080913416125,local,4
hMDS,5,ABpxpaaa,-0.7750270298826987,-0.938992617620652,local,4
hMDS,5,ABpxp,-0.6574381907074208,-0.6409666159287913,global,1
hMDS,5,ABpxpp,-0.6991000844174626,-0.6866779751589319,global,2
hMDS,5,ABpxpa,-0.7622312983845227,-0.49526359895706173,global,2
hMDS,5,ABpxppp,-0.7212486215354114,-0.5615077341144363,global,3
hMDS,5,ABpxppa,-0.7013062672234464,-0.8175922411170663,global,3
hMDS,5,ABpxpap,-0.7141560011336793,-0.690276672947661,global,3
hMDS,5,ABpxpaa,-0.7343268492015826,-0.6044882412441138,global,3
hMDS,5,ABpxpppp,-0.6804559123166333,-0.6946726080053889,local,4
hMDS,5,ABpxpppa,-0.7192954432461457,-0.7675128495794965,local,4
hMDS,5,ABpxppap,-0.7524492943918033,-0.821895543367309,local,4
hMDS,5,ABpxppaa,-0.6567975263399202,-0.8684770774443764,local,4
hMDS,5,ABpxpaap,-0.6939962775691224,-0.9226934179930038,local,4
hMDS,5,ABpxpaaa,-0.7801603035072289,-0.9256898251251279,local,4
hMDS,5,ABpxp,-0.5434056877794178,-0.5758669789134457,global,1
hMDS,5,ABpxpp,-0.6588705373386814,-0.6879175160072553,global,2
hMDS,5,ABpxpa,-0.6526228490510046,-0.5181249609710501,global,2
hMDS,5,ABpxppp,-0.6929447177212978,-0.5729302660732475,global,3
hMDS,5,ABpxppa,-0.7155743353156583,-0.8398069066558664,global,3
hMDS,5,ABpxpap,-0.7521730396377911,-0.7256430613157435,global,3
hMDS,5,ABpxpaa,-0.678495307881839,-0.6145783395954272,global,3
hMDS,5,ABpxpppp,-0.7204248029667322,-0.7634751408521311,local,4
hMDS,5,ABpxpppa,-0.7318162390905624,-0.782355339767379,local,4
hMDS,5,ABpxppap,-0.7091106073644973,-0.8599283388885954,local,4
hMDS,5,ABpxppaa,-0.7121709372429811,-0.8945406885823031,local,4
hMDS,5,ABpxpaap,-0.7199664666162382,-0.91492327282124,local,4
hMDS,5,ABpxpaaa,-0.779823516652866,-0.9360094730869128,local,4
hMDS,5,ABpxp,-0.5576659313575286,-0.258972656665301,global,1
hMDS,5,ABpxpp,-0.5951059509164038,-0.7004087199162541,global,2
hMDS,5,ABpxpa,-0.8165627402097245,-0.6507144049404702,global,2
hMDS,5,ABpxppp,-0.748342390688524,-0.5710629106338199,global,3
hMDS,5,ABpxppa,-0.6612925173662852,-0.8147542171922684,global,3
hMDS,5,ABpxpap,-0.8051446289381752,-0.6749564584782038,global,3
hMDS,5,ABpxpaa,-0.6760788750395212,-0.5417725844907939,global,3
PCA,5,ABpxpppp,-0.6903050520551881,-0.5902198149218649,local,4
PCA,5,ABpxpppa,-0.6663067262391762,-0.7607008947354081,local,4
PCA,5,ABpxppap,-0.7374568084657624,-0.25838120572104495,local,4
PCA,5,ABpxppaa,-0.7419060191035962,-0.8766780136482045,local,4
PCA,5,ABpxpaap,-0.7040264393740314,-0.8941259795353517,local,4
PCA,5,ABpxpaaa,-0.677704968322357,-0.8238661136530638,local,4
PCA,5,ABpxp,-0.5311080801053619,-0.3203653503074501,global,1
PCA,5,ABpxpp,-0.6102978959562947,-0.6703196620794105,global,2
PCA,5,ABpxpa,-0.6777812133218959,-0.5546580540931805,global,2
PCA,5,ABpxppp,-0.6163738970495278,-0.5210936165389539,global,3
PCA,5,ABpxppa,-0.6853953479554615,-0.7929313456200985,global,3
PCA,5,ABpxpap,-0.6522052067584982,-0.8347461100059149,global,3
PCA,5,ABpxpaa,-0.7362753379307345,-0.5517414368779157,global,3
PCA,5,ABpxpppp,-0.6754380232089854,-0.6096923875742082,local,4
PCA,5,ABpxpppa,-0.639725489617862,-0.7625233044180116,local,4
PCA,5,ABpxppap,-0.7107129796019764,-0.29488489628196735,local,4
PCA,5,ABpxppaa,-0.7582366329506564,-0.882062090565198,local,4
PCA,5,ABpxpaap,-0.6962207078292504,-0.8873504033964881,local,4
PCA,5,ABpxpaaa,-0.6578503535751832,-0.8010328961262174,local,4
PCA,5,ABpxp,-0.6073577671491714,-0.17388422737818823,global,1
PCA,5,ABpxpp,-0.4623149668387308,-0.6689798424078347,global,2
PCA,5,ABpxpa,-0.6494940124522562,-0.5890392446589973,global,2
PCA,5,ABpxppp,-0.5986401284177243,-0.5617835371657871,global,3
PCA,5,ABpxppa,-0.6238004217537595,-0.7849364640094616,global,3
PCA,5,ABpxpap,-0.7024365021819953,-0.8169904923002181,global,3
PCA,5,ABpxpaa,-0.5925433289461155,-0.6305075041746327,global,3
PCA,5,ABpxpppp,-0.6516666533459962,-0.6058006235349966,local,4
PCA,5,ABpxpppa,-0.6801636423866209,-0.7842298040259545,local,4
PCA,5,ABpxppap,-0.6905282522812263,-0.2722329861288433,local,4
PCA,5,ABpxppaa,-0.7240824831056141,-0.8826395655005101,local,4
PCA,5,ABpxpaap,-0.6940827995420643,-0.8893046957664759,local,4
PCA,5,ABpxpaaa,-0.6334114834296888,-0.7891923467488731,local,4
PCA,5,ABpxp,-0.5144756603743411,-0.4788475386154248,global,1
PCA,5,ABpxpp,-0.603678427672063,-0.6564228037003103,global,2
PCA,5,ABpxpa,-0.5989389505030299,-0.5153116324495324,global,2
PCA,5,ABpxppp,-0.5857300317516105,-0.5631868900597502,global,3
PCA,5,ABpxppa,-0.594522650152705,-0.7785866810154022,global,3
PCA,5,ABpxpap,-0.62478528611284,-0.8176416282919836,global,3
PCA,5,ABpxpaa,-0.7021043094769678,-0.5858221338980703,global,3
PCA,5,ABpxpppp,-0.678502366647684,-0.5743198306134821,local,4
PCA,5,ABpxpppa,-0.6200435823358889,-0.770620045515837,local,4
PCA,5,ABpxppap,-0.7148277915759425,-0.23616951734388547,local,4
PCA,5,ABpxppaa,-0.7291795187106319,-0.8741960561416297,local,4
PCA,5,ABpxpaap,-0.7283655116490753,-0.8991353854618802,local,4
PCA,5,ABpxpaaa,-0.6930626694204419,-0.7896894890038424,local,4
PCA,5,ABpxp,-0.37851013959095947,-0.2533596273134632,global,1
PCA,5,ABpxpp,-0.5460496939052573,-0.6427719733703092,global,2
PCA,5,ABpxpa,-0.6643432374544912,-0.5868076519202822,global,2
PCA,5,ABpxppp,-0.5847583899165701,-0.569307469631434,global,3
PCA,5,ABpxppa,-0.6115032759674092,-0.7853421856559207,global,3
PCA,5,ABpxpap,-0.6549528388692377,-0.8067834915501118,global,3
PCA,5,ABpxpaa,-0.7459187356802142,-0.4596382832890584,global,3
PCA,5,ABpxpppp,-0.6647326823261798,-0.5727999808956357,local,4
PCA,5,ABpxpppa,-0.6433736324755618,-0.7792716907685394,local,4
PCA,5,ABpxppap,-0.7082587981114887,-0.2998181614087677,local,4
PCA,5,ABpxppaa,-0.7271887044168516,-0.8753024500382226,local,4
PCA,5,ABpxpaap,-0.7132531948579792,-0.8943581861491348,local,4
PCA,5,ABpxpaaa,-0.6622901199556863,-0.7924184588624044,local,4
PCA,5,ABpxp,-0.4772149870831506,-0.3058682447730397,global,1
PCA,5,ABpxpp,-0.6312742109765598,-0.5582510340805682,global,2
PCA,5,ABpxpa,-0.6370725907211403,-0.6456770691770226,global,2
PCA,5,ABpxppp,-0.5689254561087933,-0.512810326525671,global,3
PCA,5,ABpxppa,-0.6626126291381693,-0.770345987158956,global,3
PCA,5,ABpxpap,-0.6219117124101077,-0.8519811926145687,global,3
PCA,5,ABpxpaa,-0.6721913751527385,-0.6392699035181648,global,3
PCA,5,ABpxpppp,-0.7030608428548557,-0.5474151155116309,local,4
PCA,5,ABpxpppa,-0.6527581257206506,-0.745950397365634,local,4
PCA,5,ABpxppap,-0.7061293425063353,-0.1898019721078813,local,4
PCA,5,ABpxppaa,-0.715734967644448,-0.8753608643247269,local,4
PCA,5,ABpxpaap,-0.6768790112489623,-0.883900002986642,local,4
PCA,5,ABpxpaaa,-0.6460492662138212,-0.7965224288881236,local,4
PCA,5,ABpxp,-0.5135656502556807,-0.3698957512828291,global,1
PCA,5,ABpxpp,-0.5702863251905024,-0.7440409650881084,global,2
PCA,5,ABpxpa,-0.7150857342768936,-0.5547356855034346,global,2
PCA,5,ABpxppp,-0.6346534195092028,-0.5583509069383993,global,3
PCA,5,ABpxppa,-0.6296590689035517,-0.790302336766198,global,3
PCA,5,ABpxpap,-0.6674659538777854,-0.838037437129641,global,3
PCA,5,ABpxpaa,-0.6979741857894487,-0.5545459857070105,global,3
PCA,5,ABpxpppp,-0.6581156946575109,-0.5634397086232162,local,4
PCA,5,ABpxpppa,-0.6122143301623153,-0.7418926795614885,local,4
PCA,5,ABpxppap,-0.664069591797585,-0.27138617751543714,local,4
PCA,5,ABpxppaa,-0.7463594063548755,-0.8869622948261977,local,4
PCA,5,ABpxpaap,-0.7114572967444486,-0.8825421224836238,local,4
PCA,5,ABpxpaaa,-0.6527681993983957,-0.8012885050471714,local,4
PCA,5,ABpxp,-0.4607747024503043,-0.37423418759479976,global,1
PCA,5,ABpxpp,-0.5621574251343352,-0.6054134384010025,global,2
PCA,5,ABpxpa,-0.5862032126300353,-0.6034951567475225,global,2
PCA,5,ABpxppp,-0.6180966274993713,-0.5589155702406348,global,3
PCA,5,ABpxppa,-0.5836765778761068,-0.8016577205044,global,3
PCA,5,ABpxpap,-0.5848427552087586,-0.7917973932301847,global,3
PCA,5,ABpxpaa,-0.7380032635191275,-0.5599846660348772,global,3
PCA,5,ABpxpppp,-0.6767597840862827,-0.584797165273746,local,4
PCA,5,ABpxpppa,-0.6171638137114455,-0.7523580025265311,local,4
PCA,5,ABpxppap,-0.7011104752894535,-0.2397143460815947,local,4
PCA,5,ABpxppaa,-0.7466658192267284,-0.8695075261224832,local,4
PCA,5,ABpxpaap,-0.7065590013632075,-0.8779863585422905,local,4
PCA,5,ABpxpaaa,-0.6194884244553094,-0.812155230287625,local,4
PCA,5,ABpxp,-0.44825645194273317,-0.20153834891148614,global,1
PCA,5,ABpxpp,-0.5846505098456197,-0.590172640317826,global,2
PCA,5,ABpxpa,-0.7606272889390219,-0.5157007808004125,global,2
PCA,5,ABpxppp,-0.6460391138587132,-0.5576094875680364,global,3
PCA,5,ABpxppa,-0.6169431388629892,-0.7800394057413581,global,3
PCA,5,ABpxpap,-0.6636124323439735,-0.8371519207001302,global,3
PCA,5,ABpxpaa,-0.6952876663340504,-0.5665401226656762,global,3
PCA,5,ABpxpppp,-0.6698612109684967,-0.5489036455835885,local,4
PCA,5,ABpxpppa,-0.6267404297881869,-0.7653307390532839,local,4
PCA,5,ABpxppap,-0.6981217510038842,-0.24552313513331397,local,4
PCA,5,ABpxppaa,-0.7482224357441468,-0.868796601751016,local,4
PCA,5,ABpxpaap,-0.7451198899376561,-0.8751968278809275,local,4
PCA,5,ABpxpaaa,-0.672575520456026,-0.8010585152835552,local,4
PCA,5,ABpxp,-0.28923009127926347,-0.23659449197731425,global,1
PCA,5,ABpxpp,-0.6122739004941239,-0.5717903780303104,global,2
PCA,5,ABpxpa,-0.5957550953548084,-0.6556046431627437,global,2
PCA,5,ABpxppp,-0.614237556357755,-0.5181409068963604,global,3
PCA,5,ABpxppa,-0.6565571375049777,-0.7762389145033967,global,3
PCA,5,ABpxpap,-0.5906982955645176,-0.7973948101015207,global,3
PCA,5,ABpxpaa,-0.7314337574003509,-0.5711546626861426,global,3
PCA,5,ABpxpppp,-0.6820954076723331,-0.5656180298361861,local,4
PCA,5,ABpxpppa,-0.628562901121842,-0.747066689074337,local,4
PCA,5,ABpxppap,-0.7029052122020013,-0.28726567229547023,local,4
PCA,5,ABpxppaa,-0.7213394427617714,-0.8830307394096019,local,4
PCA,5,ABpxpaap,-0.7126553525596695,-0.8965497335030601,local,4
PCA,5,ABpxpaaa,-0.6458696676551912,-0.8058829340119544,local,4
PCA,5,ABpxp,-0.4283815514815458,-0.23275931079224746,global,1
PCA,5,ABpxpp,-0.6287206343338303,-0.6774901689093702,global,2
PCA,5,ABpxpa,-0.6231254365031911,-0.5191312888810733,global,2
PCA,5,ABpxppp,-0.6185218959262315,-0.5359942922217618,global,3
PCA,5,ABpxppa,-0.6895030092596263,-0.7582823209814504,global,3
PCA,5,ABpxpap,-0.5202121913694538,-0.8274693193836657,global,3
PCA,5,ABpxpaa,-0.6690553260907283,-0.54345422534309,global,3
PCA,5,ABpxpppp,-0.6940112375625913,-0.5853153457077589,local,4
PCA,5,ABpxpppa,-0.6745723604310564,-0.7694084627751855,local,4
PCA,5,ABpxppap,-0.6830795883598709,-0.2564959049577393,local,4
PCA,5,ABpxppaa,-0.7358780813187642,-0.8683715315722369,local,4
PCA,5,ABpxpaap,-0.7043664597294597,-0.8839141843722508,local,4
PCA,5,ABpxpaaa,-0.6700245229113218,-0.7724342309908837,local,4
PCA,5,ABpxp,-0.14377577859117296,-0.2457250755393488,global,1
PCA,5,ABpxpp,-0.4986758527657043,-0.7091709184233645,global,2
PCA,5,ABpxpa,-0.49711490434871825,-0.6264601661697927,global,2
PCA,5,ABpxppp,-0.5839758803868569,-0.5733592267084315,global,3
PCA,5,ABpxppa,-0.6717870896397626,-0.8024605440399997,global,3
PCA,5,ABpxpap,-0.7043165968769035,-0.8172719995062661,global,3
PCA,5,ABpxpaa,-0.6442904977361291,-0.5258646849866303,global,3
PCA,5,ABpxpppp,-0.6679578634124295,-0.5984369005919681,local,4
PCA,5,ABpxpppa,-0.6434431040527989,-0.763215956438183,local,4
PCA,5,ABpxppap,-0.711853459401705,-0.22000940278202163,local,4
PCA,5,ABpxppaa,-0.74452154275617,-0.8838774900417642,local,4
PCA,5,ABpxpaap,-0.7287773394694519,-0.8888207310038252,local,4
PCA,5,ABpxpaaa,-0.6761825023571629,-0.7845252022216893,local,4
PCA,5,ABpxp,-0.5559276377550235,-0.29031589969005955,global,1
PCA,5,ABpxpp,-0.6214573614008314,-0.6678392630729595,global,2
PCA,5,ABpxpa,-0.6096050876559191,-0.6525081621814272,global,2
PCA,5,ABpxppp,-0.6213316067913746,-0.5815568049556556,global,3
PCA,5,ABpxppa,-0.6748937923230192,-0.7901089986080024,global,3
PCA,5,ABpxpap,-0.5905579335926069,-0.7808948045161733,global,3
PCA,5,ABpxpaa,-0.6979625783768363,-0.5909662096994154,global,3
PCA,5,ABpxpppp,-0.6167140268310589,-0.587905669736352,local,4
PCA,5,ABpxpppa,-0.6538182096839263,-0.7529966621592719,local,4
PCA,5,ABpxppap,-0.7309237880640248,-0.22405177441726598,local,4
PCA,5,ABpxppaa,-0.7407973699200145,-0.86622452516795,local,4
PCA,5,ABpxpaap,-0.7478558695786846,-0.8862666321705028,local,4
PCA,5,ABpxpaaa,-0.6621096038600706,-0.7944557717346411,local,4
PCA,5,ABpxp,-0.43010533334921863,-0.16489481206019763,global,1
PCA,5,ABpxpp,-0.593025783576098,-0.6351649423009011,global,2
PCA,5,ABpxpa,-0.6533378229676428,-0.6873399654397588,global,2
PCA,5,ABpxppp,-0.6183245717149652,-0.5306234914804974,global,3
PCA,5,ABpxppa,-0.5854383425062591,-0.7925348711302523,global,3
PCA,5,ABpxpap,-0.6103933669457445,-0.7907539554097911,global,3
PCA,5,ABpxpaa,-0.6919014332558079,-0.5574923307095958,global,3
PCA,5,ABpxpppp,-0.6315536992646337,-0.5968824452182607,local,4
PCA,5,ABpxpppa,-0.6650060924996558,-0.751568971349861,local,4
PCA,5,ABpxppap,-0.7038011518394118,-0.2109842659564376,local,4
PCA,5,ABpxppaa,-0.7271381444759363,-0.8785627894064015,local,4
PCA,5,ABpxpaap,-0.7134647444101316,-0.8830046157979603,local,4
PCA,5,ABpxpaaa,-0.649296930392479,-0.7868126595870074,local,4
PCA,5,ABpxp,-0.30598057801371215,-0.23042701431674487,global,1
PCA,5,ABpxpp,-0.5366493075392886,-0.6514796302227672,global,2
PCA,5,ABpxpa,-0.615392753072735,-0.584759503038967,global,2
PCA,5,ABpxppp,-0.6493432402906893,-0.6066429508507455,global,3
PCA,5,ABpxppa,-0.5909124518797885,-0.7788032602310949,global,3
PCA,5,ABpxpap,-0.570585770914973,-0.7803365993146486,global,3
PCA,5,ABpxpaa,-0.6243334046241803,-0.5839942132885725,global,3
PCA,5,ABpxpppp,-0.6728851229638261,-0.5324049931220312,local,4
PCA,5,ABpxpppa,-0.6619018916048712,-0.7529508364447619,local,4
PCA,5,ABpxppap,-0.7173235249670069,-0.19870356679452128,local,4
PCA,5,ABpxppaa,-0.7460369100081163,-0.8710833458164012,local,4
PCA,5,ABpxpaap,-0.7083143611422831,-0.8738689983597528,local,4
PCA,5,ABpxpaaa,-0.6364083253063593,-0.8003405444930545,local,4
PCA,5,ABpxp,-0.483523414576877,-0.18405527709093952,global,1
PCA,5,ABpxpp,-0.5294356611351383,-0.7051322914326186,global,2
PCA,5,ABpxpa,-0.7368962807426528,-0.5305503975784169,global,2
PCA,5,ABpxppp,-0.6338805285311819,-0.5565067760279075,global,3
PCA,5,ABpxppa,-0.6403148821906406,-0.7982579799752624,global,3
PCA,5,ABpxpap,-0.6781933328021634,-0.8023133021852102,global,3
PCA,5,ABpxpaa,-0.7234861931719941,-0.5258883071964114,global,3
PCA,5,ABpxpppp,-0.6823557661554702,-0.5682985739680233,local,4
PCA,5,ABpxpppa,-0.6536181727096708,-0.7570351727282655,local,4
PCA,5,ABpxppap,-0.702188379856812,-0.2493492792782337,local,4
PCA,5,ABpxppaa,-0.7296625993638193,-0.8802784026325694,local,4
PCA,5,ABpxpaap,-0.7292027416283353,-0.8826126279662019,local,4
PCA,5,ABpxpaaa,-0.6594861536190009,-0.809379944859269,local,4
PCA,5,ABpxp,-0.35741136358619174,-0.24276411777963255,global,1
PCA,5,ABpxpp,-0.5376534136665541,-0.6304228290605016,global,2
PCA,5,ABpxpa,-0.6980580849279714,-0.5956562741325346,global,2
PCA,5,ABpxppp,-0.6053716170115162,-0.571768384846824,global,3
PCA,5,ABpxppa,-0.7200835268176761,-0.7993392764720034,global,3
PCA,5,ABpxpap,-0.6318597395660619,-0.8149125071761714,global,3
PCA,5,ABpxpaa,-0.7312802353744978,-0.48976105633183503,global,3
PCA,5,ABpxpppp,-0.6791139135341373,-0.6240408555796007,local,4
PCA,5,ABpxpppa,-0.6170037943268942,-0.7794406366604134,local,4
PCA,5,ABpxppap,-0.6850039822494289,-0.22614699324557577,local,4
PCA,5,ABpxppaa,-0.7281366793236802,-0.8801793085133433,local,4
PCA,5,ABpxpaap,-0.691616404148948,-0.8819344580609452,local,4
PCA,5,ABpxpaaa,-0.6696805009195107,-0.7951706136983271,local,4
PCA,5,ABpxp,-0.5787731765838582,-0.24243050415579698,global,1
PCA,5,ABpxpp,-0.6151806660772048,-0.6676445892966408,global,2
PCA,5,ABpxpa,-0.6759490969995605,-0.5702994471317984,global,2
PCA,5,ABpxppp,-0.6639878805514834,-0.5100649532422081,global,3
PCA,5,ABpxppa,-0.6457139666631538,-0.8014732664038541,global,3
PCA,5,ABpxpap,-0.6148474678062659,-0.8302949421841802,global,3
PCA,5,ABpxpaa,-0.665327363889757,-0.5295242377323853,global,3
PCA,5,ABpxpppp,-0.669900456900873,-0.5867530121771469,local,4
PCA,5,ABpxpppa,-0.6357795261326435,-0.7432452312067407,local,4
PCA,5,ABpxppap,-0.7250450051802099,-0.195864232863717,local,4
PCA,5,ABpxppaa,-0.7547112395478074,-0.8727267140986744,local,4
PCA,5,ABpxpaap,-0.7230959033950338,-0.8970916886976983,local,4
PCA,5,ABpxpaaa,-0.6899391896089286,-0.8198392567930901,local,4
PCA,5,ABpxp,-0.25922989404706914,-0.19540249829988401,global,1
PCA,5,ABpxpp,-0.5375898128952231,-0.7215761684316335,global,2
PCA,5,ABpxpa,-0.7121648936756317,-0.6401253304404525,global,2
PCA,5,ABpxppp,-0.6176180688857946,-0.5144538531321332,global,3
PCA,5,ABpxppa,-0.639159513965643,-0.7652004317952329,global,3
PCA,5,ABpxpap,-0.5421968570975384,-0.8139892074654336,global,3
PCA,5,ABpxpaa,-0.7113942808695631,-0.5209535894609931,global,3
PCA,5,ABpxpppp,-0.6825636091483508,-0.6007423173986077,local,4
PCA,5,ABpxpppa,-0.6508591469377132,-0.7599684256078093,local,4
PCA,5,ABpxppap,-0.6854431046843463,-0.27618917744587435,local,4
PCA,5,ABpxppaa,-0.7390074456353138,-0.8780218314176657,local,4
PCA,5,ABpxpaap,-0.6931645298940274,-0.8884408671533803,local,4
PCA,5,ABpxpaaa,-0.6755097014125759,-0.8097684413363025,local,4
PCA,5,ABpxp,-0.4898742414659179,-0.16806804975518613,global,1
PCA,5,ABpxpp,-0.5465250151191041,-0.5957975518381753,global,2
PCA,5,ABpxpa,-0.540480912188269,-0.5305039930427426,global,2
PCA,5,ABpxppp,-0.6175938516373634,-0.6000621005629194,global,3
PCA,5,ABpxppa,-0.6052947756938316,-0.7999837199003703,global,3
PCA,5,ABpxpap,-0.6445671715869251,-0.7751184930365809,global,3
PCA,5,ABpxpaa,-0.6826512467889825,-0.5366047398379912,global,3
PCA,5,ABpxpppp,-0.6604141431692546,-0.5870167769374964,local,4
PCA,5,ABpxpppa,-0.6312041862629415,-0.7331999987367835,local,4
PCA,5,ABpxppap,-0.7337328856763738,-0.156207112627629,local,4
PCA,5,ABpxppaa,-0.6898274907356226,-0.8836800184877966,local,4
PCA,5,ABpxpaap,-0.6722791932680654,-0.8762053649954935,local,4
PCA,5,ABpxpaaa,-0.6549771822830699,-0.7857338637126834,local,4
PCA,5,ABpxp,-0.3411282301081036,-0.09306581820331837,global,1
PCA,5,ABpxpp,-0.5942137744603283,-0.532156951066333,global,2
PCA,5,ABpxpa,-0.5536027147719333,-0.5361960251071982,global,2
PCA,5,ABpxppp,-0.5678070824580645,-0.4954109179285077,global,3
PCA,5,ABpxppa,-0.5628410065900212,-0.7815479251320487,global,3
PCA,5,ABpxpap,-0.6576734430554502,-0.8124242644218815,global,3
PCA,5,ABpxpaa,-0.6486810162385656,-0.5077638806987103,global,3
UMAP,5,ABpxpppp,-0.34750290409301915,-0.7135311441346522,local,4
UMAP,5,ABpxpppa,-0.7902755104453704,-0.8665984080268971,local,4
UMAP,5,ABpxppap,-0.7101563585620977,-0.8522606985711674,local,4
UMAP,5,ABpxppaa,-0.7142814652622386,-0.8076093614934301,local,4
UMAP,5,ABpxpaap,-0.706305063955444,-0.9704463232579993,local,4
UMAP,5,ABpxpaaa,-0.7038673172385114,-0.9089351749539345,local,4
UMAP,5,ABpxp,-0.6862717456730827,-0.23577847047585054,global,1
UMAP,5,ABpxpp,-0.5067708988670391,-0.5051527238678466,global,2
UMAP,5,ABpxpa,-0.8069243441266235,-0.8438845357067599,global,2
UMAP,5,ABpxppp,-0.6515954755750895,-0.725422700692248,global,3
UMAP,5,ABpxppa,-0.38086171200323654,-0.8994177224491515,global,3
UMAP,5,ABpxpap,-0.6966084408524049,-0.7922579265174613,global,3
UMAP,5,ABpxpaa,-0.3953023904371983,-0.6417509985483623,global,3
UMAP,5,ABpxpppp,-0.4310310123080662,-0.747351604163748,local,4
UMAP,5,ABpxpppa,-0.5555902222401625,-0.8385712151997013,local,4
UMAP,5,ABpxppap,-0.7567492647659813,-0.884420026635787,local,4
UMAP,5,ABpxppaa,-0.6852987714828951,-0.865594727307935,local,4
UMAP,5,ABpxpaap,-0.684033739901168,-0.9636615001757626,local,4
UMAP,5,ABpxpaaa,-0.739432235000478,-0.891282164258833,local,4
UMAP,5,ABpxp,-0.7487160595285369,-0.32210049119239725,global,1
UMAP,5,ABpxpp,-0.3204875339147149,-0.5822800066804718,global,2
UMAP,5,ABpxpa,-0.8556228613949037,-0.8269034358700839,global,2
UMAP,5,ABpxppp,-0.6982320684828427,-0.7465061094702315,global,3
UMAP,5,ABpxppa,-0.5186322073902736,-0.9086513018743049,global,3
UMAP,5,ABpxpap,-0.6518916112646042,-0.8204352731723813,global,3
UMAP,5,ABpxpaa,-0.2841866513384799,-0.6615306620713773,global,3
UMAP,5,ABpxpppp,-0.4506849546167662,-0.7256612501358953,local,4
UMAP,5,ABpxpppa,-0.7988025421732848,-0.8732451520964948,local,4
UMAP,5,ABpxppap,-0.7586097349143137,-0.878615986278259,local,4
UMAP,5,ABpxppaa,-0.7076601062390429,-0.8776484181656939,local,4
UMAP,5,ABpxpaap,-0.6189169578627336,-0.9602342144612634,local,4
UMAP,5,ABpxpaaa,-0.6321741848053848,-0.9058726880681203,local,4
UMAP,5,ABpxp,-0.736621117283088,-0.15381315171198937,global,1
UMAP,5,ABpxpp,-0.6018310875765379,-0.7511820155664233,global,2
UMAP,5,ABpxpa,-0.8471663083812012,-0.8404847040495315,global,2
UMAP,5,ABpxppp,-0.6460122241141592,-0.7093960348936795,global,3
UMAP,5,ABpxppa,-0.5468030085140368,-0.907730431944801,global,3
UMAP,5,ABpxpap,-0.8072697451062307,-0.8399971484232225,global,3
UMAP,5,ABpxpaa,-0.38774961847805167,-0.6264928476262257,global,3
UMAP,5,ABpxpppp,-0.5742940505305415,-0.8157950693293654,local,4
UMAP,5,ABpxpppa,-0.6988845276243385,-0.8181044925182717,local,4
UMAP,5,ABpxppap,-0.7419254521200661,-0.8425813546660457,local,4
UMAP,5,ABpxppaa,-0.754428008635599,-0.8764649351180813,local,4
UMAP,5,ABpxpaap,-0.5596504823946936,-0.9589907179456032,local,4
UMAP,5,ABpxpaaa,-0.674523427461335,-0.9091539819493197,local,4
UMAP,5,ABpxp,-0.6831432218466007,-0.15453119158858244,global,1
UMAP,5,ABpxpp,-0.4950884403571928,-0.6268657669114974,global,2
UMAP,5,ABpxpa,-0.8177764181815976,-0.8015918351927843,global,2
UMAP,5,ABpxppp,-0.6455697085424057,-0.7669123241480444,global,3
UMAP,5,ABpxppa,-0.5749577316946083,-0.9113546180415636,global,3
UMAP,5,ABpxpap,-0.7523019193342766,-0.8606493901256153,global,3
UMAP,5,ABpxpaa,-0.2923086729529985,-0.6361308459981443,global,3
UMAP,5,ABpxpppp,-0.2909445686658837,-0.6313327243957025,local,4
UMAP,5,ABpxpppa,-0.7486929923205039,-0.8677568790902092,local,4
UMAP,5,ABpxppap,-0.7483708820543826,-0.8700509296283436,local,4
UMAP,5,ABpxppaa,-0.6877146966410546,-0.8811302374375635,local,4
UMAP,5,ABpxpaap,-0.5984328387290321,-0.9637027909333906,local,4
UMAP,5,ABpxpaaa,-0.7446878372081513,-0.9081891123335959,local,4
UMAP,5,ABpxp,-0.615138557223603,0.12136215980318044,global,1
UMAP,5,ABpxpp,-0.6423253287261983,-0.7852735682944428,global,2
UMAP,5,ABpxpa,-0.8594295049429055,-0.8071588104243214,global,2
UMAP,5,ABpxppp,-0.7010199702788458,-0.7381807166315426,global,3
UMAP,5,ABpxppa,-0.46837559375496857,-0.897707037300466,global,3
UMAP,5,ABpxpap,-0.6609149827123656,-0.8110031833601629,global,3
UMAP,5,ABpxpaa,-0.3398743363982469,-0.6124938558099678,global,3
UMAP,5,ABpxpppp,-0.5413929439969909,-0.81979230682715,local,4
UMAP,5,ABpxpppa,-0.7597770776006477,-0.8727210051507869,local,4
UMAP,5,ABpxppap,-0.7218868731492125,-0.8864409927243275,local,4
UMAP,5,ABpxppaa,-0.6921545246241594,-0.7488345860400808,local,4
UMAP,5,ABpxpaap,-0.6848527377021094,-0.9725235949760722,local,4
UMAP,5,ABpxpaaa,-0.6976272753327726,-0.9199932179791931,local,4
UMAP,5,ABpxp,-0.5681076296857741,-0.15832682065058568,global,1
UMAP,5,ABpxpp,-0.5943963749189629,-0.7274158891048729,global,2
UMAP,5,ABpxpa,-0.7822876789155826,-0.8199415049595995,global,2
UMAP,5,ABpxppp,-0.6723418479897227,-0.7161647312585986,global,3
UMAP,5,ABpxppa,-0.5268559306012344,-0.9119310629515726,global,3
UMAP,5,ABpxpap,-0.6922235223804408,-0.7821236702555735,global,3
UMAP,5,ABpxpaa,-0.28682693320281427,-0.43840218970326406,global,3
UMAP,5,ABpxpppp,-0.4934020655772117,-0.7993008688521701,local,4
UMAP,5,ABpxpppa,-0.7033609617187173,-0.8554839762832106,local,4
UMAP,5,ABpxppap,-0.7168546449852441,-0.8650763556847243,local,4
UMAP,5,ABpxppaa,-0.6525384161736157,-0.7823977994245772,local,4
UMAP,5,ABpxpaap,-0.6177801900169071,-0.9721759429243438,local,4
UMAP,5,ABpxpaaa,-0.6405746370605241,-0.9021143772863205,local,4
UMAP,5,ABpxp,-0.5001573394040927,-0.24281962858099396,global,1
UMAP,5,ABpxpp,-0.5702752504783366,-0.625664694228103,global,2
UMAP,5,ABpxpa,-0.8499620544192347,-0.8359456067915595,global,2
UMAP,5,ABpxppp,-0.5791704952347225,-0.7377313491724422,global,3
UMAP,5,ABpxppa,-0.4570974556711986,-0.898996591582224,global,3
UMAP,5,ABpxpap,-0.6942379509564565,-0.7561916627287617,global,3
UMAP,5,ABpxpaa,-0.42377223851472323,-0.6396304689860686,global,3
UMAP,5,ABpxpppp,-0.5121392366217352,-0.8201134833084416,local,4
UMAP,5,ABpxpppa,-0.7604057276780449,-0.897520729754794,local,4
UMAP,5,ABpxppap,-0.7310577905550576,-0.8660196937203308,local,4
UMAP,5,ABpxppaa,-0.7235201859383054,-0.8819776546696223,local,4
UMAP,5,ABpxpaap,-0.5840528870107835,-0.9606615448020432,local,4
UMAP,5,ABpxpaaa,-0.7330937064617824,-0.9153220392576782,local,4
UMAP,5,ABpxp,-0.5649176534640762,-0.5266002275197932,global,1
UMAP,5,ABpxpp,-0.5855713784287984,-0.7902372939323078,global,2
UMAP,5,ABpxpa,-0.8517947211066429,-0.8097086932915121,global,2
UMAP,5,ABpxppp,-0.7415539005654429,-0.8019488892028637,global,3
UMAP,5,ABpxppa,-0.5222819131017713,-0.9269432564097051,global,3
UMAP,5,ABpxpap,-0.6876015009598051,-0.8523498316910566,global,3
UMAP,5,ABpxpaa,-0.40444495003690656,-0.5792453114222933,global,3
UMAP,5,ABpxpppp,-0.3872461274516002,-0.7199786278662674,local,4
UMAP,5,ABpxpppa,-0.7627462119296676,-0.8746121323235705,local,4
UMAP,5,ABpxppap,-0.7628071757930327,-0.8899747320457247,local,4
UMAP,5,ABpxppaa,-0.6432842064025871,-0.8610478326878979,local,4
UMAP,5,ABpxpaap,-0.6249036405275075,-0.9653181173658206,local,4
UMAP,5,ABpxpaaa,-0.6252083848007388,-0.9021680421279714,local,4
UMAP,5,ABpxp,-0.741183955470229,-0.09360441315239842,global,1
UMAP,5,ABpxpp,-0.6753559015548117,-0.6990687338612773,global,2
UMAP,5,ABpxpa,-0.8479260632894295,-0.8437791029879274,global,2
UMAP,5,ABpxppp,-0.6327829411800642,-0.7109256280935441,global,3
UMAP,5,ABpxppa,-0.5061626606885792,-0.9069597257494912,global,3
UMAP,5,ABpxpap,-0.573515627886045,-0.7436085944353013,global,3
UMAP,5,ABpxpaa,-0.3836985677120156,-0.47375648989600067,global,3
UMAP,5,ABpxpppp,-0.444599420926037,-0.7649028334122303,local,4
UMAP,5,ABpxpppa,-0.7914074980650577,-0.8769974353153716,local,4
UMAP,5,ABpxppap,-0.7600188292292811,-0.8716364430203363,local,4
UMAP,5,ABpxppaa,-0.7050986257028281,-0.856581554529856,local,4
UMAP,5,ABpxpaap,-0.6354393765033763,-0.955055912684769,local,4
UMAP,5,ABpxpaaa,-0.7204681870482069,-0.9093500609245011,local,4
UMAP,5,ABpxp,-0.6866468088711921,-0.3416663973768974,global,1
UMAP,5,ABpxpp,-0.5770002354688075,-0.6018184483687294,global,2
UMAP,5,ABpxpa,-0.8743624648089816,-0.8192823544381623,global,2
UMAP,5,ABpxppp,-0.6581590348382119,-0.7054357077014299,global,3
UMAP,5,ABpxppa,-0.5230960778065259,-0.9213043345199514,global,3
UMAP,5,ABpxpap,-0.7842372325087061,-0.9117298296302883,global,3
UMAP,5,ABpxpaa,-0.34197454351250106,-0.461028367882534,global,3
UMAP,5,ABpxpppp,-0.460389194087772,-0.7763370203482168,local,4
UMAP,5,ABpxpppa,-0.7806874491372077,-0.8788761565706429,local,4
UMAP,5,ABpxppap,-0.7000419361701649,-0.8907667036188298,local,4
UMAP,5,ABpxppaa,-0.7372188730177114,-0.8180142689783431,local,4
UMAP,5,ABpxpaap,-0.7095417127959258,-0.9508143007955119,local,4
UMAP,5,ABpxpaaa,-0.6866572638932982,-0.9058949966808743,local,4
UMAP,5,ABpxp,-0.674786539889663,0.0017486590816287134,global,1
UMAP,5,ABpxpp,-0.5004252696660121,-0.6482532156824976,global,2
UMAP,5,ABpxpa,-0.8366573295953773,-0.820549816047747,global,2
UMAP,5,ABpxppp,-0.5933844939962746,-0.6994251257030701,global,3
UMAP,5,ABpxppa,-0.4723606204295074,-0.9161973245233873,global,3
UMAP,5,ABpxpap,-0.6491397985356453,-0.8876193217877872,global,3
UMAP,5,ABpxpaa,-0.3717008180307328,-0.5664094867620545,global,3
UMAP,5,ABpxpppp,-0.49148133321796716,-0.8337370525153678,local,4
UMAP,5,ABpxpppa,-0.7454131403214841,-0.8595616916004414,local,4
UMAP,5,ABpxppap,-0.7339789115118016,-0.8812894508412898,local,4
UMAP,5,ABpxppaa,-0.6975946899043689,-0.7900277421231107,local,4
UMAP,5,ABpxpaap,-0.5781977708679223,-0.9529619581474451,local,4
UMAP,5,ABpxpaaa,-0.7001572900356918,-0.8761655937498181,local,4
UMAP,5,ABpxp,-0.7626443607003137,-0.28427329850927746,global,1
UMAP,5,ABpxpp,-0.6162951686922915,-0.7169576777035885,global,2
UMAP,5,ABpxpa,-0.8533141574577334,-0.7651550951802607,global,2
UMAP,5,ABpxppp,-0.5834299217861758,-0.7082199559726088,global,3
UMAP,5,ABpxppa,-0.5815819239902751,-0.9089209340962484,global,3
UMAP,5,ABpxpap,-0.7633747482851994,-0.8142362539609389,global,3
UMAP,5,ABpxpaa,-0.35783685348960353,-0.44173969500309185,global,3
UMAP,5,ABpxpppp,-0.5328232587974765,-0.7724974793313162,local,4
UMAP,5,ABpxpppa,-0.7338703356238341,-0.8882345980078534,local,4
UMAP,5,ABpxppap,-0.7450431336590582,-0.878041894994311,local,4
UMAP,5,ABpxppaa,-0.7199591665681038,-0.8703685517728826,local,4
UMAP,5,ABpxpaap,-0.6125339445339213,-0.9554167621318357,local,4
UMAP,5,ABpxpaaa,-0.6109897167164775,-0.9030811577874922,local,4
UMAP,5,ABpxp,-0.7248764211766762,-0.09473773057167001,global,1
UMAP,5,ABpxpp,-0.5557753747547418,-0.654515220095237,global,2
UMAP,5,ABpxpa,-0.8305081376907693,-0.8113393552738931,global,2
UMAP,5,ABpxppp,-0.5994870473577781,-0.7819894832232899,global,3
UMAP,5,ABpxppa,-0.5291090840865553,-0.921742321900455,global,3
UMAP,5,ABpxpap,-0.5989577598500563,-0.8993398026183597,global,3
UMAP,5,ABpxpaa,-0.4235406957967602,-0.6064907052157102,global,3
UMAP,5,ABpxpppp,-0.4352611057215024,-0.7380547349611319,local,4
UMAP,5,ABpxpppa,-0.760759202808326,-0.8381287493818195,local,4
UMAP,5,ABpxppap,-0.7549685405067598,-0.8732330900410238,local,4
UMAP,5,ABpxppaa,-0.6980495951172442,-0.8816291772011744,local,4
UMAP,5,ABpxpaap,-0.6551115392480149,-0.9574981474469664,local,4
UMAP,5,ABpxpaaa,-0.6890227003017031,-0.8936825219418101,local,4
UMAP,5,ABpxp,-0.16587144692065117,-0.2396935745822504,global,1
UMAP,5,ABpxpp,-0.540616240658503,-0.6137472789242491,global,2
UMAP,5,ABpxpa,-0.7819657286097303,-0.7571315379081297,global,2
UMAP,5,ABpxppp,-0.7076933136855257,-0.7137438543673507,global,3
UMAP,5,ABpxppa,-0.30532874492185647,-0.9110616783353257,global,3
UMAP,5,ABpxpap,-0.7706528367195569,-0.8644880119380269,global,3
UMAP,5,ABpxpaa,-0.5393388295771301,-0.6405254862257889,global,3
UMAP,5,ABpxpppp,-0.41704624281775826,-0.733683735993201,local,4
UMAP,5,ABpxpppa,-0.7874493559244227,-0.9017979796373898,local,4
UMAP,5,ABpxppap,-0.7374660838550191,-0.8778238532783951,local,4
UMAP,5,ABpxppaa,-0.6777694815581725,-0.8665021708585027,local,4
UMAP,5,ABpxpaap,-0.6703228668897776,-0.9672568348856785,local,4
UMAP,5,ABpxpaaa,-0.6614185111763113,-0.9104608603354278,local,4
UMAP,5,ABpxp,-0.6977069566713127,-0.297704250455579,global,1
UMAP,5,ABpxpp,-0.3255211182884629,-0.6170797646902079,global,2
UMAP,5,ABpxpa,-0.8267918599334928,-0.758784463602057,global,2
UMAP,5,ABpxppp,-0.7581659572319132,-0.7761562860091912,global,3
UMAP,5,ABpxppa,-0.2966872737564331,-0.8992046347176125,global,3
UMAP,5,ABpxpap,-0.6243938865593632,-0.7375388348546218,global,3
UMAP,5,ABpxpaa,-0.45467507528312184,-0.6658102475769082,global,3
UMAP,5,ABpxpppp,-0.4216586603453357,-0.74488667759125,local,4
UMAP,5,ABpxpppa,-0.7304954223103345,-0.8720485960706141,local,4
UMAP,5,ABpxppap,-0.7433940696294973,-0.8752963115135846,local,4
UMAP,5,ABpxppaa,-0.6562199238806498,-0.7405885377524667,local,4
UMAP,5,ABpxpaap,-0.7081706376409964,-0.9612549294283941,local,4
UMAP,5,ABpxpaaa,-0.5787948999976664,-0.8849128151488656,local,4
UMAP,5,ABpxp,-0.6441179538325593,-0.24525519439790444,global,1
UMAP,5,ABpxpp,-0.4510411266691552,-0.6355015066457161,global,2
UMAP,5,ABpxpa,-0.8560721538742811,-0.786979400734513,global,2
UMAP,5,ABpxppp,-0.6214644878791546,-0.7782509489199567,global,3
UMAP,5,ABpxppa,-0.40770537700843384,-0.9072355155856279,global,3
UMAP,5,ABpxpap,-0.7118715142484517,-0.7483348422434695,global,3
UMAP,5,ABpxpaa,-0.28732193408428186,-0.5615552159882454,global,3
UMAP,5,ABpxpppp,-0.4537788187133243,-0.804788420672102,local,4
UMAP,5,ABpxpppa,-0.7697834829745888,-0.8795817413889899,local,4
UMAP,5,ABpxppap,-0.7628955579437551,-0.8794853706444655,local,4
UMAP,5,ABpxppaa,-0.5840269539560261,-0.7440607052872761,local,4
UMAP,5,ABpxpaap,-0.6586504156891841,-0.9680559832917088,local,4
UMAP,5,ABpxpaaa,-0.692895342455188,-0.9009841508331228,local,4
UMAP,5,ABpxp,-0.7145714156997187,-0.21739294847256657,global,1
UMAP,5,ABpxpp,-0.6019068186513111,-0.8057031024565688,global,2
UMAP,5,ABpxpa,-0.8826792262933105,-0.807668597942164,global,2
UMAP,5,ABpxppp,-0.7058967299836422,-0.7300772299980702,global,3
UMAP,5,ABpxppa,-0.44005197111571975,-0.9047287687799677,global,3
UMAP,5,ABpxpap,-0.681145453431137,-0.8234938393803168,global,3
UMAP,5,ABpxpaa,-0.34557838759153003,-0.5144840350659614,global,3
UMAP,5,ABpxpppp,-0.4217509199772666,-0.7535105142976414,local,4
UMAP,5,ABpxpppa,-0.7775588643953325,-0.8766138836906606,local,4
UMAP,5,ABpxppap,-0.7381504505983094,-0.8677574296413871,local,4
UMAP,5,ABpxppaa,-0.7113637114226339,-0.796466267547891,local,4
UMAP,5,ABpxpaap,-0.5934177585072303,-0.9640941149504147,local,4
UMAP,5,ABpxpaaa,-0.6174490876085187,-0.891505686370287,local,4
UMAP,5,ABpxp,-0.61759413503121,-0.5310809556111831,global,1
UMAP,5,ABpxpp,-0.5046018888215416,-0.6640372336960946,global,2
UMAP,5,ABpxpa,-0.8776979475604473,-0.8205670626656826,global,2
UMAP,5,ABpxppp,-0.7762891453074747,-0.8112890874428362,global,3
UMAP,5,ABpxppa,-0.5286181581484325,-0.9109794503449109,global,3
UMAP,5,ABpxpap,-0.6191946289279663,-0.8619115004322657,global,3
UMAP,5,ABpxpaa,-0.29013215106612383,-0.6327753801481691,global,3
UMAP,5,ABpxpppp,-0.3023661628602442,-0.6702987271080264,local,4
UMAP,5,ABpxpppa,-0.8124720564396973,-0.9141081242558134,local,4
UMAP,5,ABpxppap,-0.741555855069252,-0.874735761918891,local,4
UMAP,5,ABpxppaa,-0.5985270873630212,-0.7147502621601954,local,4
UMAP,5,ABpxpaap,-0.659300737476676,-0.9647952216935834,local,4
UMAP,5,ABpxpaaa,-0.7148593211899956,-0.9220829340784313,local,4
UMAP,5,ABpxp,-0.6686609839485742,-0.25984647824018475,global,1
UMAP,5,ABpxpp,-0.6028679641458579,-0.6631018565330977,global,2
UMAP,5,ABpxpa,-0.8432629222250726,-0.7256635552301935,global,2
UMAP,5,ABpxppp,-0.6591700376408074,-0.7997669580792499,global,3
UMAP,5,ABpxppa,-0.45195238622568196,-0.9057743539215586,global,3
UMAP,5,ABpxpap,-0.7711156388396898,-0.8472618764264676,global,3
UMAP,5,ABpxpaa,-0.2749020005855947,-0.5031390848466029,global,3
UMAP,5,ABpxpppp,-0.5396033525103617,-0.8068005934720012,local,4
UMAP,5,ABpxpppa,-0.7565199294803381,-0.864003033822693,local,4
UMAP,5,ABpxppap,-0.7490004678389934,-0.8741992960741156,local,4
UMAP,5,ABpxppaa,-0.6351906344292263,-0.8734846059520319,local,4
UMAP,5,ABpxpaap,-0.6663793900898141,-0.9746950355956834,local,4
UMAP,5,ABpxpaaa,-0.7133077301105428,-0.9061976832990736,local,4
UMAP,5,ABpxp,-0.5708817076899603,-0.36854039719382986,global,1
UMAP,5,ABpxpp,-0.4791421748699942,-0.6642497987239049,global,2
UMAP,5,ABpxpa,-0.8009288091502175,-0.7585011444867907,global,2
UMAP,5,ABpxppp,-0.6924231521656463,-0.7244409632213612,global,3
UMAP,5,ABpxppa,-0.4947274599016189,-0.9217586921136831,global,3
UMAP,5,ABpxpap,-0.4706868362466546,-0.7910718921192205,global,3
UMAP,5,ABpxpaa,-0.3907838056783813,-0.5489375937361822,global,3
hMDS,6,ABpxpppp,-0.722820155653683,-0.7955902738067777,local,4
hMDS,6,ABpxpppa,-0.7898192975434261,-0.804562361755693,local,4
hMDS,6,ABpxppap,-0.7185748452320685,-0.8322201564989349,local,4
hMDS,6,ABpxppaa,-0.7513565301400293,-0.9147370566323286,local,4
hMDS,6,ABpxpaap,-0.7941418664647291,-0.9235829545660321,local,4
hMDS,6,ABpxpaaa,-0.7400085387253689,-0.9346152301897572,local,4
hMDS,6,ABpxp,-0.7446096991511907,-0.43096338903295894,global,1
hMDS,6,ABpxpp,-0.7138935069850558,-0.7563399033169704,global,2
hMDS,6,ABpxpa,-0.6696721075724884,-0.4949871487338779,global,2
hMDS,6,ABpxppp,-0.6362886561743071,-0.633361450784167,global,3
hMDS,6,ABpxppa,-0.6983325188647661,-0.8866672859670852,global,3
hMDS,6,ABpxpap,-0.7314762665364368,-0.7198799996838204,global,3
hMDS,6,ABpxpaa,-0.7087079784549156,-0.7652200349420234,global,3
hMDS,6,ABpxpppp,-0.7417358916822125,-0.7377943070466161,local,4
hMDS,6,ABpxpppa,-0.7656668567832687,-0.840752199884348,local,4
hMDS,6,ABpxppap,-0.7320377477606999,-0.8360973970398792,local,4
hMDS,6,ABpxppaa,-0.7570768694798461,-0.9183094769968538,local,4
hMDS,6,ABpxpaap,-0.7914764951890666,-0.9399967040769224,local,4
hMDS,6,ABpxpaaa,-0.6965269956884375,-0.9233542099274028,local,4
hMDS,6,ABpxp,-0.6442429205577959,-0.7378740905878213,global,1
hMDS,6,ABpxpp,-0.612405259851421,-0.7123362133855387,global,2
hMDS,6,ABpxpa,-0.7128545370502392,-0.5234253185421579,global,2
hMDS,6,ABpxppp,-0.7318421584109032,-0.739097604140396,global,3
hMDS,6,ABpxppa,-0.7610600557518313,-0.8892079994163469,global,3
hMDS,6,ABpxpap,-0.6700482996771389,-0.7060779627805928,global,3
hMDS,6,ABpxpaa,-0.676973557741209,-0.7706709779480175,global,3
hMDS,6,ABpxpppp,-0.7191723947695704,-0.7741990326556691,local,4
hMDS,6,ABpxpppa,-0.8115083693627093,-0.8314163066719231,local,4
hMDS,6,ABpxppap,-0.7370175057638483,-0.8255527099501814,local,4
hMDS,6,ABpxppaa,-0.7829286899059834,-0.9056388533466619,local,4
hMDS,6,ABpxpaap,-0.8237821005858879,-0.9303670744198569,local,4
hMDS,6,ABpxpaaa,-0.7357440871170209,-0.9175963325938361,local,4
hMDS,6,ABpxp,-0.6049772567592695,-0.6068807553508525,global,1
hMDS,6,ABpxpp,-0.7147031094571676,-0.7771240335249919,global,2
hMDS,6,ABpxpa,-0.7837712911206887,-0.5552216714171858,global,2
hMDS,6,ABpxppp,-0.6458249122299612,-0.7270892808279249,global,3
hMDS,6,ABpxppa,-0.6544102625254666,-0.8734775769015679,global,3
hMDS,6,ABpxpap,-0.7667579574667761,-0.7737805782761373,global,3
hMDS,6,ABpxpaa,-0.717071234359365,-0.7750459025473178,global,3
hMDS,6,ABpxpppp,-0.7018715660463947,-0.7150755661314531,local,4
hMDS,6,ABpxpppa,-0.776495782209746,-0.8002113371618682,local,4
hMDS,6,ABpxppap,-0.732691974013892,-0.8204120718437512,local,4
hMDS,6,ABpxppaa,-0.7720618329915043,-0.9062866719821707,local,4
hMDS,6,ABpxpaap,-0.8008623578119696,-0.9356768416943401,local,4
hMDS,6,ABpxpaaa,-0.7569058231507779,-0.9212704675802766,local,4
hMDS,6,ABpxp,-0.6899588162509158,-0.6605595790598746,global,1
hMDS,6,ABpxpp,-0.6695689927299662,-0.7193905377735901,global,2
hMDS,6,ABpxpa,-0.7414160279912414,-0.43199766674271,global,2
hMDS,6,ABpxppp,-0.6949344867162872,-0.6568755899631309,global,3
hMDS,6,ABpxppa,-0.6648735569091807,-0.8861582503228481,global,3
hMDS,6,ABpxpap,-0.7401255580861625,-0.6888862019396087,global,3
hMDS,6,ABpxpaa,-0.7152198961285872,-0.7537491186625702,global,3
hMDS,6,ABpxpppp,-0.7316406447913799,-0.760079874205323,local,4
hMDS,6,ABpxpppa,-0.7745533022406552,-0.8070290246435711,local,4
hMDS,6,ABpxppap,-0.7245333365343261,-0.8403437814153215,local,4
hMDS,6,ABpxppaa,-0.7495674697467478,-0.9036252251246893,local,4
hMDS,6,ABpxpaap,-0.7972892489075554,-0.9434770198151508,local,4
hMDS,6,ABpxpaaa,-0.7172091280533396,-0.918988158842594,local,4
hMDS,6,ABpxp,-0.7360133301485687,-0.583312956511938,global,1
hMDS,6,ABpxpp,-0.6356351299157891,-0.7137285159203838,global,2
hMDS,6,ABpxpa,-0.7839052808745688,-0.44730160277604886,global,2
hMDS,6,ABpxppp,-0.6966584418314289,-0.6421493833374765,global,3
hMDS,6,ABpxppa,-0.6435080296476454,-0.8807532463557199,global,3
hMDS,6,ABpxpap,-0.7673690818076547,-0.6711563838225206,global,3
hMDS,6,ABpxpaa,-0.7108414871591459,-0.7409916010957883,global,3
hMDS,6,ABpxpppp,-0.7178768983990826,-0.7539062203248609,local,4
hMDS,6,ABpxpppa,-0.7961413516776812,-0.8139395179665495,local,4
hMDS,6,ABpxppap,-0.7389381918147245,-0.8417200919359025,local,4
hMDS,6,ABpxppaa,-0.759448343270634,-0.9146516977756416,local,4
hMDS,6,ABpxpaap,-0.8137656327800364,-0.9284197028967078,local,4
hMDS,6,ABpxpaaa,-0.7183366485971467,-0.9193033836845963,local,4
hMDS,6,ABpxp,-0.6127063513595775,-0.447454162163908,global,1
hMDS,6,ABpxpp,-0.6892690625846141,-0.7152160389334814,global,2
hMDS,6,ABpxpa,-0.6449478460039879,-0.5326413441906092,global,2
hMDS,6,ABpxppp,-0.6270649432111994,-0.6315131763600215,global,3
hMDS,6,ABpxppa,-0.7575571063805911,-0.8792897842791408,global,3
hMDS,6,ABpxpap,-0.7994554031077038,-0.5896318049978516,global,3
hMDS,6,ABpxpaa,-0.7376833987132125,-0.7698061748714676,global,3
hMDS,6,ABpxpppp,-0.7426703741107371,-0.75208195629354,local,4
hMDS,6,ABpxpppa,-0.7704938985688939,-0.8299650805871551,local,4
hMDS,6,ABpxppap,-0.7238484377512988,-0.8271942201455145,local,4
hMDS,6,ABpxppaa,-0.7366566078063992,-0.9022577563306944,local,4
hMDS,6,ABpxpaap,-0.7950443839296246,-0.9363595539005914,local,4
hMDS,6,ABpxpaaa,-0.7623525804821889,-0.9242483966140775,local,4
hMDS,6,ABpxp,-0.6281791718631775,-0.7087886111734941,global,1
hMDS,6,ABpxpp,-0.744130183825129,-0.6813554726852822,global,2
hMDS,6,ABpxpa,-0.742229579377152,-0.5882685021810019,global,2
hMDS,6,ABpxppp,-0.7472826580791667,-0.687062184673098,global,3
hMDS,6,ABpxppa,-0.6488829775191255,-0.8730146613383702,global,3
hMDS,6,ABpxpap,-0.7694353839230538,-0.6836967266680327,global,3
hMDS,6,ABpxpaa,-0.7109146971273905,-0.7695019373654433,global,3
hMDS,6,ABpxpppp,-0.7150350839813733,-0.7818555731767531,local,4
hMDS,6,ABpxpppa,-0.7740062463259368,-0.8183309150683423,local,4
hMDS,6,ABpxppap,-0.7409342821619624,-0.8524607024571571,local,4
hMDS,6,ABpxppaa,-0.7459785988494736,-0.9085993999690666,local,4
hMDS,6,ABpxpaap,-0.8029721650544326,-0.9171280087144655,local,4
hMDS,6,ABpxpaaa,-0.7609655131076386,-0.919106077064511,local,4
hMDS,6,ABpxp,-0.6567868345759513,-0.5996697147363561,global,1
hMDS,6,ABpxpp,-0.6380857849746127,-0.7020674603457395,global,2
hMDS,6,ABpxpa,-0.6998059643831931,-0.5881377067641322,global,2
hMDS,6,ABpxppp,-0.7148530024692776,-0.6345982655002886,global,3
hMDS,6,ABpxppa,-0.6889964324780059,-0.8791588435500289,global,3
hMDS,6,ABpxpap,-0.8021855879367856,-0.7187321487340185,global,3
hMDS,6,ABpxpaa,-0.6748671680098867,-0.7767052992092184,global,3
hMDS,6,ABpxpppp,-0.7040646421065933,-0.7634026913587663,local,4
hMDS,6,ABpxpppa,-0.7807379803117616,-0.8179340293365936,local,4
hMDS,6,ABpxppap,-0.7496728063199537,-0.8267428896477687,local,4
hMDS,6,ABpxppaa,-0.734951557220771,-0.8944490522007527,local,4
hMDS,6,ABpxpaap,-0.8104441361334007,-0.9335909620320002,local,4
hMDS,6,ABpxpaaa,-0.7149414053356002,-0.9424100352762084,local,4
hMDS,6,ABpxp,-0.7095825368507046,-0.6220959057522221,global,1
hMDS,6,ABpxpp,-0.6585003899578207,-0.7063160834415708,global,2
hMDS,6,ABpxpa,-0.7544617508660223,-0.5323738916926278,global,2
hMDS,6,ABpxppp,-0.6949248866147362,-0.6665360217324586,global,3
hMDS,6,ABpxppa,-0.7054709701284234,-0.8708659382564007,global,3
hMDS,6,ABpxpap,-0.8034851565045572,-0.7058968059556684,global,3
hMDS,6,ABpxpaa,-0.7072171903171289,-0.7472400473350389,global,3
hMDS,6,ABpxpppp,-0.7088282832337701,-0.7656709906639397,local,4
hMDS,6,ABpxpppa,-0.7893060344705038,-0.824178170142003,local,4
hMDS,6,ABpxppap,-0.7304292812200719,-0.8164073506289795,local,4
hMDS,6,ABpxppaa,-0.7470903012483575,-0.8931709551082523,local,4
hMDS,6,ABpxpaap,-0.8041903105025037,-0.9223126879189656,local,4
hMDS,6,ABpxpaaa,-0.7838744779775628,-0.9389132219455385,local,4
hMDS,6,ABpxp,-0.5932010903177409,-0.5732614762228647,global,1
hMDS,6,ABpxpp,-0.6465135491359733,-0.6463321880580474,global,2
hMDS,6,ABpxpa,-0.7354505863784737,-0.40937492877026055,global,2
hMDS,6,ABpxppp,-0.6834991438664529,-0.7032106186219902,global,3
hMDS,6,ABpxppa,-0.7168741183641435,-0.8790968697850368,global,3
hMDS,6,ABpxpap,-0.7986630094943483,-0.7065145166151148,global,3
hMDS,6,ABpxpaa,-0.6911073130103754,-0.6913780046212776,global,3
hMDS,6,ABpxpppp,-0.7548965716111619,-0.7220877198982968,local,4
hMDS,6,ABpxpppa,-0.7660990507140671,-0.8093814998241571,local,4
hMDS,6,ABpxppap,-0.7316225575336183,-0.8442517826945679,local,4
hMDS,6,ABpxppaa,-0.7408696697951394,-0.9033319840514321,local,4
hMDS,6,ABpxpaap,-0.8126780680629972,-0.9433037329516225,local,4
hMDS,6,ABpxpaaa,-0.7327176248564122,-0.9304332026893345,local,4
hMDS,6,ABpxp,-0.5234419114994706,-0.583905175209799,global,1
hMDS,6,ABpxpp,-0.7164465466038787,-0.6970568461955792,global,2
hMDS,6,ABpxpa,-0.7418461008578822,-0.6179773470490113,global,2
hMDS,6,ABpxppp,-0.6720175710644377,-0.6289141694927158,global,3
hMDS,6,ABpxppa,-0.7160133634444311,-0.8858518489374302,global,3
hMDS,6,ABpxpap,-0.6875460169139832,-0.7141481063548326,global,3
hMDS,6,ABpxpaa,-0.6123370402589096,-0.7374522648725119,global,3
hMDS,6,ABpxpppp,-0.734943783800383,-0.7391876217619924,local,4
hMDS,6,ABpxpppa,-0.7425344821065013,-0.8234198851671036,local,4
hMDS,6,ABpxppap,-0.7319192661959023,-0.8325826753981678,local,4
hMDS,6,ABpxppaa,-0.759247945834189,-0.9055166752598098,local,4
hMDS,6,ABpxpaap,-0.8088830482161573,-0.9290491771630525,local,4
hMDS,6,ABpxpaaa,-0.7486550836332653,-0.9287609439010764,local,4
hMDS,6,ABpxp,-0.6522334757751349,-0.6379956407471227,global,1
hMDS,6,ABpxpp,-0.7624164023224558,-0.7624182643762514,global,2
hMDS,6,ABpxpa,-0.7583980396754376,-0.5525957307367405,global,2
hMDS,6,ABpxppp,-0.738649883069348,-0.5959770779993213,global,3
hMDS,6,ABpxppa,-0.6326224118294115,-0.8709405138919327,global,3
hMDS,6,ABpxpap,-0.8016417029877381,-0.7115365515597237,global,3
hMDS,6,ABpxpaa,-0.6648319251403246,-0.7267884345537043,global,3
hMDS,6,ABpxpppp,-0.7293632969022031,-0.7461270394346265,local,4
hMDS,6,ABpxpppa,-0.751792766664261,-0.8204954162295215,local,4
hMDS,6,ABpxppap,-0.7161694001499233,-0.8296770586721016,local,4
hMDS,6,ABpxppaa,-0.7569954191157777,-0.8980985154681922,local,4
hMDS,6,ABpxpaap,-0.8118811031954525,-0.9146335089390991,local,4
hMDS,6,ABpxpaaa,-0.7273682107078849,-0.9352455115750155,local,4
hMDS,6,ABpxp,-0.616229222087335,-0.5804403044726225,global,1
hMDS,6,ABpxpp,-0.616764917010003,-0.6989057175272428,global,2
hMDS,6,ABpxpa,-0.738992262555497,-0.4394345367620426,global,2
hMDS,6,ABpxppp,-0.7003412229986293,-0.669261597847961,global,3
hMDS,6,ABpxppa,-0.6996166073041375,-0.8668633442143884,global,3
hMDS,6,ABpxpap,-0.7371349566836201,-0.7682013355175019,global,3
hMDS,6,ABpxpaa,-0.6881931789628101,-0.7872015134404957,global,3
hMDS,6,ABpxpppp,-0.7547397066975905,-0.763855368835814,local,4
hMDS,6,ABpxpppa,-0.7866875785833665,-0.8487909294483266,local,4
hMDS,6,ABpxppap,-0.7601211634158924,-0.8517156045718932,local,4
hMDS,6,ABpxppaa,-0.768979063661655,-0.898379693607269,local,4
hMDS,6,ABpxpaap,-0.7750437920080915,-0.9314789687612163,local,4
hMDS,6,ABpxpaaa,-0.7522417402180506,-0.9205530384469048,local,4
hMDS,6,ABpxp,-0.6607268085881756,-0.6426781836790061,global,1
hMDS,6,ABpxpp,-0.6039149991013915,-0.7502339723609404,global,2
hMDS,6,ABpxpa,-0.7564413173590917,-0.5644586526271236,global,2
hMDS,6,ABpxppp,-0.673509708170344,-0.7463933832673246,global,3
hMDS,6,ABpxppa,-0.7604475810446715,-0.8754282729511604,global,3
hMDS,6,ABpxpap,-0.7626595257497583,-0.7318143351972869,global,3
hMDS,6,ABpxpaa,-0.744580096278733,-0.7198825265177048,global,3
hMDS,6,ABpxpppp,-0.7012420687601854,-0.7587919398449292,local,4
hMDS,6,ABpxpppa,-0.8034702841674201,-0.82610385706634,local,4
hMDS,6,ABpxppap,-0.7358703560510531,-0.8397580488039746,local,4
hMDS,6,ABpxppaa,-0.7542079883009309,-0.8964935005803193,local,4
hMDS,6,ABpxpaap,-0.8272007656971239,-0.9284479682144733,local,4
hMDS,6,ABpxpaaa,-0.7127706771144355,-0.9289407676498012,local,4
hMDS,6,ABpxp,-0.6349718908373309,-0.5486994846200429,global,1
hMDS,6,ABpxpp,-0.726503074013219,-0.6755855199173486,global,2
hMDS,6,ABpxpa,-0.7450074764273522,-0.4911605623626603,global,2
hMDS,6,ABpxppp,-0.7082376745497523,-0.6841592635123872,global,3
hMDS,6,ABpxppa,-0.7351395582568854,-0.8827186899297065,global,3
hMDS,6,ABpxpap,-0.7722409164138367,-0.7155459199977242,global,3
hMDS,6,ABpxpaa,-0.7495132581715278,-0.7354646003752939,global,3
hMDS,6,ABpxpppp,-0.7515352938227734,-0.7374275708069927,local,4
hMDS,6,ABpxpppa,-0.7695301812758681,-0.8261087934977024,local,4
hMDS,6,ABpxppap,-0.7344269739814513,-0.83831479795697,local,4
hMDS,6,ABpxppaa,-0.8070340118109085,-0.9120875618411297,local,4
hMDS,6,ABpxpaap,-0.8067325249734689,-0.9194494808623996,local,4
hMDS,6,ABpxpaaa,-0.7816838874465963,-0.9296817217525137,local,4
hMDS,6,ABpxp,-0.6386348658965801,-0.5711700495236629,global,1
hMDS,6,ABpxpp,-0.6094885080198741,-0.7125420622492252,global,2
hMDS,6,ABpxpa,-0.6840504748235029,-0.5054091848227908,global,2
hMDS,6,ABpxppp,-0.681518428688001,-0.6133957132983447,global,3
hMDS,6,ABpxppa,-0.7193932490551151,-0.8613281484038334,global,3
hMDS,6,ABpxpap,-0.6922188130905055,-0.719649600880019,global,3
hMDS,6,ABpxpaa,-0.7025429615078671,-0.7443702586258409,global,3
hMDS,6,ABpxpppp,-0.7067031457369573,-0.7541195660269145,local,4
hMDS,6,ABpxpppa,-0.7558015367077895,-0.8350900438961234,local,4
hMDS,6,ABpxppap,-0.7282788370855265,-0.8526335233212724,local,4
hMDS,6,ABpxppaa,-0.7239743462810994,-0.9004289496365016,local,4
hMDS,6,ABpxpaap,-0.8162757744559594,-0.9175228231816019,local,4
hMDS,6,ABpxpaaa,-0.7489875019192918,-0.9335176367309819,local,4
hMDS,6,ABpxp,-0.6776028877320281,-0.6544027580403866,global,1
hMDS,6,ABpxpp,-0.7314593152189266,-0.7008942639890797,global,2
hMDS,6,ABpxpa,-0.7246602083565177,-0.5380464891800765,global,2
hMDS,6,ABpxppp,-0.7378186309482294,-0.7015748132947591,global,3
hMDS,6,ABpxppa,-0.7327443609436392,-0.8740297914834861,global,3
hMDS,6,ABpxpap,-0.7599723933159761,-0.6898757303084521,global,3
hMDS,6,ABpxpaa,-0.758672050572578,-0.7550111505931822,global,3
hMDS,6,ABpxpppp,-0.6929854390258042,-0.7357429556380051,local,4
hMDS,6,ABpxpppa,-0.788122874738984,-0.8079704054389101,local,4
hMDS,6,ABpxppap,-0.7283100573595218,-0.8051495136208981,local,4
hMDS,6,ABpxppaa,-0.750674058987831,-0.8918951124212945,local,4
hMDS,6,ABpxpaap,-0.7880627249601081,-0.9322384341901626,local,4
hMDS,6,ABpxpaaa,-0.7064578259013078,-0.9209374364070915,local,4
hMDS,6,ABpxp,-0.6190896178320948,-0.6305888207448288,global,1
hMDS,6,ABpxpp,-0.6214607571181361,-0.7783512816671774,global,2
hMDS,6,ABpxpa,-0.7661200483809028,-0.6473118153905295,global,2
hMDS,6,ABpxppp,-0.7135171427485032,-0.6553917792558912,global,3
hMDS,6,ABpxppa,-0.6450007507969111,-0.8823301950366554,global,3
hMDS,6,ABpxpap,-0.7784631659400919,-0.6875811128275678,global,3
hMDS,6,ABpxpaa,-0.7180688339538343,-0.7851942957127824,global,3
hMDS,6,ABpxpppp,-0.7552547232857382,-0.7955336552950014,local,4
hMDS,6,ABpxpppa,-0.773201937621694,-0.8168339629176424,local,4
hMDS,6,ABpxppap,-0.7414517404484732,-0.8355750900510162,local,4
hMDS,6,ABpxppaa,-0.7897871233675071,-0.8987875627057499,local,4
hMDS,6,ABpxpaap,-0.8109759475741378,-0.9153205642708833,local,4
hMDS,6,ABpxpaaa,-0.7597185431524447,-0.930633547445588,local,4
hMDS,6,ABpxp,-0.6468047644088494,-0.6242488913080034,global,1
hMDS,6,ABpxpp,-0.6650124207801935,-0.697256665611639,global,2
hMDS,6,ABpxpa,-0.7442504105628448,-0.6287673983463298,global,2
hMDS,6,ABpxppp,-0.7515540432022726,-0.6748543149599426,global,3
hMDS,6,ABpxppa,-0.7246615422931907,-0.87857071159394,global,3
hMDS,6,ABpxpap,-0.7451735692351649,-0.7373472905552124,global,3
hMDS,6,ABpxpaa,-0.7273281585477431,-0.7721489242455559,global,3
hMDS,6,ABpxpppp,-0.736592854511263,-0.7713526779628406,local,4
hMDS,6,ABpxpppa,-0.7737713296301344,-0.8217303529864207,local,4
hMDS,6,ABpxppap,-0.7563061967551324,-0.8380544288306484,local,4
hMDS,6,ABpxppaa,-0.7466851725087745,-0.9044085324464113,local,4
hMDS,6,ABpxpaap,-0.8047537060623025,-0.9278378577214708,local,4
hMDS,6,ABpxpaaa,-0.740458708997255,-0.9215721255659126,local,4
hMDS,6,ABpxp,-0.638108662420536,-0.730774374212942,global,1
hMDS,6,ABpxpp,-0.72024664106769,-0.7505140045275415,global,2
hMDS,6,ABpxpa,-0.7258516010214253,-0.4070638485262486,global,2
hMDS,6,ABpxppp,-0.6713152448451368,-0.650783914009657,global,3
hMDS,6,ABpxppa,-0.6871578048607568,-0.8703597617588354,global,3
hMDS,6,ABpxpap,-0.7184485197185945,-0.7283665280954156,global,3
hMDS,6,ABpxpaa,-0.7056650466577898,-0.7631113549060947,global,3
PCA,6,ABpxpppp,-0.6929954840562392,-0.6336596684918058,local,4
PCA,6,ABpxpppa,-0.6462071209863354,-0.7571577892611624,local,4
PCA,6,ABpxppap,-0.729493127644149,-0.2728402304101695,local,4
PCA,6,ABpxppaa,-0.7272380120386246,-0.8728584863242975,local,4
PCA,6,ABpxpaap,-0.7193187281843758,-0.8893975942741525,local,4
PCA,6,ABpxpaaa,-0.7126156635582193,-0.9279721997509369,local,4
PCA,6,ABpxp,-0.5663080276433996,-0.2046724835526748,global,1
PCA,6,ABpxpp,-0.6593360155253077,-0.7472161227061561,global,2
PCA,6,ABpxpa,-0.6876047191968274,-0.7754382422267443,global,2
PCA,6,ABpxppp,-0.6335990491087717,-0.5199633486160131,global,3
PCA,6,ABpxppa,-0.6418506168357182,-0.7965374747935638,global,3
PCA,6,ABpxpap,-0.6653662975958352,-0.8517814898269154,global,3
PCA,6,ABpxpaa,-0.7227626278713006,-0.5552507659728172,global,3
PCA,6,ABpxpppp,-0.685010414010303,-0.6376927935050699,local,4
PCA,6,ABpxpppa,-0.646948302313034,-0.7493939733882511,local,4
PCA,6,ABpxppap,-0.6849456245952474,-0.28436167656133604,local,4
PCA,6,ABpxppaa,-0.7294027939262228,-0.8777210173496238,local,4
PCA,6,ABpxpaap,-0.706415918063757,-0.8824225378949082,local,4
PCA,6,ABpxpaaa,-0.7201930253989719,-0.927875565514831,local,4
PCA,6,ABpxp,-0.3396517399632787,-0.19143300228380913,global,1
PCA,6,ABpxpp,-0.5458971177360811,-0.6682298409380156,global,2
PCA,6,ABpxpa,-0.6403430497700552,-0.7783965302066677,global,2
PCA,6,ABpxppp,-0.6358161905201891,-0.5013163287378892,global,3
PCA,6,ABpxppa,-0.6408725705598405,-0.8004133291081018,global,3
PCA,6,ABpxpap,-0.6695523957064624,-0.797780236891716,global,3
PCA,6,ABpxpaa,-0.750208181718186,-0.5487292605389515,global,3
PCA,6,ABpxpppp,-0.643752723297761,-0.6596298211266471,local,4
PCA,6,ABpxpppa,-0.6410595751849512,-0.7542952685635348,local,4
PCA,6,ABpxppap,-0.7168608412265229,-0.2315262827242792,local,4
PCA,6,ABpxppaa,-0.7507085636787908,-0.8872422022178357,local,4
PCA,6,ABpxpaap,-0.7373908471249635,-0.8959181237259618,local,4
PCA,6,ABpxpaaa,-0.7453766932037791,-0.912934317329229,local,4
PCA,6,ABpxp,-0.5473686568340945,-0.3237082393409737,global,1
PCA,6,ABpxpp,-0.5576273222236713,-0.6955791411889921,global,2
PCA,6,ABpxpa,-0.6056680034470944,-0.7440723471129926,global,2
PCA,6,ABpxppp,-0.6382916164925722,-0.6079069873889626,global,3
PCA,6,ABpxppa,-0.6254906952360889,-0.7685640531647707,global,3
PCA,6,ABpxpap,-0.5939642835678538,-0.8272681596818077,global,3
PCA,6,ABpxpaa,-0.7434990148421678,-0.47991664566865266,global,3
PCA,6,ABpxpppp,-0.6538212576033182,-0.6175528966903345,local,4
PCA,6,ABpxpppa,-0.5977400688781968,-0.77801443504441,local,4
PCA,6,ABpxppap,-0.7093348962532908,-0.28461610917253544,local,4
PCA,6,ABpxppaa,-0.742370733133816,-0.8765057380402324,local,4
PCA,6,ABpxpaap,-0.711188904878535,-0.8716279033508241,local,4
PCA,6,ABpxpaaa,-0.7205556932909711,-0.9197350848836503,local,4
PCA,6,ABpxp,-0.39263920921325685,-0.12502280977321087,global,1
PCA,6,ABpxpp,-0.5040695724870348,-0.696782256096141,global,2
PCA,6,ABpxpa,-0.663807802497771,-0.7415143274544357,global,2
PCA,6,ABpxppp,-0.6171423781021514,-0.5963210077303054,global,3
PCA,6,ABpxppa,-0.6202800772495108,-0.804270324235141,global,3
PCA,6,ABpxpap,-0.658833348596783,-0.8206179418443491,global,3
PCA,6,ABpxpaa,-0.6801088015412898,-0.5954628996240421,global,3
PCA,6,ABpxpppp,-0.6740188313926206,-0.6350339321708213,local,4
PCA,6,ABpxpppa,-0.625724225046619,-0.7554290933862108,local,4
PCA,6,ABpxppap,-0.6988298427015123,-0.21483960007837155,local,4
PCA,6,ABpxppaa,-0.7698873384405746,-0.8844357321640589,local,4
PCA,6,ABpxpaap,-0.715548707963342,-0.8802179866156182,local,4
PCA,6,ABpxpaaa,-0.7177411359657604,-0.9262656627599857,local,4
PCA,6,ABpxp,-0.3039779639147827,-0.22572305994926412,global,1
PCA,6,ABpxpp,-0.5207947035804295,-0.7651302067257216,global,2
PCA,6,ABpxpa,-0.6414224419553506,-0.6806841658232857,global,2
PCA,6,ABpxppp,-0.6141053470680545,-0.59153336542092,global,3
PCA,6,ABpxppa,-0.6355457540577777,-0.7607558504425138,global,3
PCA,6,ABpxpap,-0.6448719099932179,-0.8137988859396592,global,3
PCA,6,ABpxpaa,-0.6431839777700863,-0.5375471444160977,global,3
PCA,6,ABpxpppp,-0.7088518869788065,-0.6500591955615805,local,4
PCA,6,ABpxpppa,-0.6717671467445548,-0.7581225445046674,local,4
PCA,6,ABpxppap,-0.6956558793771557,-0.2537422808719319,local,4
PCA,6,ABpxppaa,-0.7417417062110514,-0.8681149090126673,local,4
PCA,6,ABpxpaap,-0.7432097437064638,-0.895447572784253,local,4
PCA,6,ABpxpaaa,-0.7074513521360367,-0.9200515999063701,local,4
PCA,6,ABpxp,-0.4535090341437117,-0.24481828807197942,global,1
PCA,6,ABpxpp,-0.6125648312775722,-0.6561049901732458,global,2
PCA,6,ABpxpa,-0.5987272416652285,-0.7387796996613423,global,2
PCA,6,ABpxppp,-0.6010307660264462,-0.5262908067160996,global,3
PCA,6,ABpxppa,-0.5616698822490812,-0.7651881094037084,global,3
PCA,6,ABpxpap,-0.7181266780153266,-0.8143684269489816,global,3
PCA,6,ABpxpaa,-0.7033937696013917,-0.49845516001118273,global,3
PCA,6,ABpxpppp,-0.6798501817103836,-0.6678020597963981,local,4
PCA,6,ABpxpppa,-0.6236422589743102,-0.7547347491664169,local,4
PCA,6,ABpxppap,-0.7094061772649467,-0.30038166181138143,local,4
PCA,6,ABpxppaa,-0.7220273011538183,-0.895218584451888,local,4
PCA,6,ABpxpaap,-0.725226111444659,-0.8901809264167095,local,4
PCA,6,ABpxpaaa,-0.6617008275040138,-0.9264363054263767,local,4
PCA,6,ABpxp,-0.35765852028498674,-0.03018856919161958,global,1
PCA,6,ABpxpp,-0.5728521164080826,-0.7419543748675271,global,2
PCA,6,ABpxpa,-0.6189647719882114,-0.7787325796540635,global,2
PCA,6,ABpxppp,-0.6071908731362787,-0.5513651594378988,global,3
PCA,6,ABpxppa,-0.6576604417369591,-0.7885872786914608,global,3
PCA,6,ABpxpap,-0.4751541269095746,-0.816847534232225,global,3
PCA,6,ABpxpaa,-0.7260064421337319,-0.570103701846833,global,3
PCA,6,ABpxpppp,-0.6800224376467074,-0.6335049633316389,local,4
PCA,6,ABpxpppa,-0.650167991837387,-0.7686798653449121,local,4
PCA,6,ABpxppap,-0.6968006106729221,-0.22949158808391606,local,4
PCA,6,ABpxppaa,-0.7262264697750144,-0.874082669170387,local,4
PCA,6,ABpxpaap,-0.6802829282596026,-0.8834210383710476,local,4
PCA,6,ABpxpaaa,-0.7218847722397594,-0.9088512227086087,local,4
PCA,6,ABpxp,-0.4685756672421529,-0.12274403750334417,global,1
PCA,6,ABpxpp,-0.5987922743060236,-0.7740541408652176,global,2
PCA,6,ABpxpa,-0.6483324772924167,-0.7391138851023683,global,2
PCA,6,ABpxppp,-0.6801814982987416,-0.5338337013706509,global,3
PCA,6,ABpxppa,-0.6341692309195471,-0.7777331577231981,global,3
PCA,6,ABpxpap,-0.6526228260777831,-0.8114887183304136,global,3
PCA,6,ABpxpaa,-0.719738321495058,-0.5880186851981815,global,3
PCA,6,ABpxpppp,-0.6588004688618839,-0.6439849898066132,local,4
PCA,6,ABpxpppa,-0.6799002890895949,-0.7691793585058696,local,4
PCA,6,ABpxppap,-0.7173366031863815,-0.27947794685529725,local,4
PCA,6,ABpxppaa,-0.7475330321432935,-0.8904220816436162,local,4
PCA,6,ABpxpaap,-0.705255208620508,-0.8775862795046279,local,4
PCA,6,ABpxpaaa,-0.7160588030617538,-0.9122834523720587,local,4
PCA,6,ABpxp,-0.3079834353141553,-0.18938045153689317,global,1
PCA,6,ABpxpp,-0.6133205789557044,-0.7723667197796389,global,2
PCA,6,ABpxpa,-0.6913115843937238,-0.7436214735510691,global,2
PCA,6,ABpxppp,-0.6328724034759191,-0.5701533718747301,global,3
PCA,6,ABpxppa,-0.6632374158302892,-0.7659290925686961,global,3
PCA,6,ABpxpap,-0.5959539241719133,-0.8201414375041683,global,3
PCA,6,ABpxpaa,-0.7052171455489458,-0.4511423724646115,global,3
PCA,6,ABpxpppp,-0.691485526322573,-0.6629329394911048,local,4
PCA,6,ABpxpppa,-0.6264500472381113,-0.7649266377918068,local,4
PCA,6,ABpxppap,-0.6768746241814405,-0.24503053319874674,local,4
PCA,6,ABpxppaa,-0.7452439998780792,-0.8918475768151871,local,4
PCA,6,ABpxpaap,-0.7037542553915315,-0.8892759331517406,local,4
PCA,6,ABpxpaaa,-0.7281829376797893,-0.9310792403122022,local,4
PCA,6,ABpxp,-0.22820509582712836,-0.2116345700835607,global,1
PCA,6,ABpxpp,-0.495207653941048,-0.7090635377009222,global,2
PCA,6,ABpxpa,-0.7018427425800982,-0.7765175634455822,global,2
PCA,6,ABpxppp,-0.7147592329890198,-0.49217550916517294,global,3
PCA,6,ABpxppa,-0.6772466397369263,-0.8020110254251329,global,3
PCA,6,ABpxpap,-0.6733159690898199,-0.8384820818876292,global,3
PCA,6,ABpxpaa,-0.6866615807589916,-0.535088456684838,global,3
PCA,6,ABpxpppp,-0.5801881698083757,-0.6164370712666406,local,4
PCA,6,ABpxpppa,-0.6626298590161587,-0.7547894967459048,local,4
PCA,6,ABpxppap,-0.7111466162092176,-0.23508321021319803,local,4
PCA,6,ABpxppaa,-0.7616405633635339,-0.8923666599991315,local,4
PCA,6,ABpxpaap,-0.7224165087856822,-0.8870184732633586,local,4
PCA,6,ABpxpaaa,-0.7068658463172038,-0.9287967434552735,local,4
PCA,6,ABpxp,-0.23722446909737155,-0.14249182637311092,global,1
PCA,6,ABpxpp,-0.49555456190576064,-0.741228279474339,global,2
PCA,6,ABpxpa,-0.781531883290534,-0.7917399570063732,global,2
PCA,6,ABpxppp,-0.5664796969728207,-0.5437471358502082,global,3
PCA,6,ABpxppa,-0.6360537112945751,-0.7937419528864245,global,3
PCA,6,ABpxpap,-0.6970982295658997,-0.8286369626713588,global,3
PCA,6,ABpxpaa,-0.6236718870587218,-0.5923113494567889,global,3
PCA,6,ABpxpppp,-0.6889164620506505,-0.6633713967504773,local,4
PCA,6,ABpxpppa,-0.6626051453834865,-0.759808445449631,local,4
PCA,6,ABpxppap,-0.6763632442377985,-0.2463857666298127,local,4
PCA,6,ABpxppaa,-0.746006297558669,-0.8807639110853862,local,4
PCA,6,ABpxpaap,-0.7301888546295252,-0.89634632374877,local,4
PCA,6,ABpxpaaa,-0.7256081339629317,-0.9230390314662654,local,4
PCA,6,ABpxp,-0.12851280897943745,-0.2125926303394178,global,1
PCA,6,ABpxpp,-0.5109096328768139,-0.7146880589921198,global,2
PCA,6,ABpxpa,-0.6411974821658876,-0.7213299633360731,global,2
PCA,6,ABpxppp,-0.6502177010101411,-0.5542437504723484,global,3
PCA,6,ABpxppa,-0.6547921606639997,-0.7939177485986716,global,3
PCA,6,ABpxpap,-0.6052749896932704,-0.7984943347259245,global,3
PCA,6,ABpxpaa,-0.7011534256005734,-0.5476066797649097,global,3
PCA,6,ABpxpppp,-0.6743030349113476,-0.6275341922112839,local,4
PCA,6,ABpxpppa,-0.660410593735232,-0.7715830144281987,local,4
PCA,6,ABpxppap,-0.6923148620981674,-0.2731601163485237,local,4
PCA,6,ABpxppaa,-0.7424047504527502,-0.8809622579248262,local,4
PCA,6,ABpxpaap,-0.7230141491657905,-0.8880015090820793,local,4
PCA,6,ABpxpaaa,-0.7122125425017354,-0.9296143931271228,local,4
PCA,6,ABpxp,-0.599286887302124,-0.1323152534770111,global,1
PCA,6,ABpxpp,-0.5632879341576397,-0.7525222740174328,global,2
PCA,6,ABpxpa,-0.581065451103746,-0.7156927036032169,global,2
PCA,6,ABpxppp,-0.5931847733381317,-0.4758709955125233,global,3
PCA,6,ABpxppa,-0.582812257870017,-0.8040682435843841,global,3
PCA,6,ABpxpap,-0.6535244904252135,-0.8124930662350612,global,3
PCA,6,ABpxpaa,-0.6828606815691809,-0.6191282858840961,global,3
PCA,6,ABpxpppp,-0.7141130137239302,-0.6619511305742831,local,4
PCA,6,ABpxpppa,-0.6517817589729347,-0.7517742733851239,local,4
PCA,6,ABpxppap,-0.7050496859940569,-0.2638984317427558,local,4
PCA,6,ABpxppaa,-0.7076957102307778,-0.8912930926104777,local,4
PCA,6,ABpxpaap,-0.7674603288050174,-0.8927263081440961,local,4
PCA,6,ABpxpaaa,-0.7667697467574971,-0.9178004162027176,local,4
PCA,6,ABpxp,-0.529364338551079,-0.21644757123076877,global,1
PCA,6,ABpxpp,-0.5842391202534106,-0.6677080761655203,global,2
PCA,6,ABpxpa,-0.5688426181078458,-0.6110420160322597,global,2
PCA,6,ABpxppp,-0.6284484172053588,-0.4990189299828144,global,3
PCA,6,ABpxppa,-0.6300093421185957,-0.7731665373942344,global,3
PCA,6,ABpxpap,-0.6508793927022111,-0.851277756318434,global,3
PCA,6,ABpxpaa,-0.7041603011067288,-0.543909745432504,global,3
PCA,6,ABpxpppp,-0.6460116026717034,-0.6220761367712924,local,4
PCA,6,ABpxpppa,-0.6486683561328022,-0.74417100311208,local,4
PCA,6,ABpxppap,-0.6820437399006217,-0.26834761286622405,local,4
PCA,6,ABpxppaa,-0.7443179792271045,-0.8981689456187512,local,4
PCA,6,ABpxpaap,-0.686249282657535,-0.8797642912363999,local,4
PCA,6,ABpxpaaa,-0.7555186982377693,-0.9331797904576455,local,4
PCA,6,ABpxp,-0.2836924556739759,-0.26609772813664273,global,1
PCA,6,ABpxpp,-0.5248586369688817,-0.7523511533982865,global,2
PCA,6,ABpxpa,-0.664417901910048,-0.6597181521252788,global,2
PCA,6,ABpxppp,-0.6103703618891306,-0.4882555714093239,global,3
PCA,6,ABpxppa,-0.643681088590524,-0.7866945744919996,global,3
PCA,6,ABpxpap,-0.6109189125608057,-0.8124572919384327,global,3
PCA,6,ABpxpaa,-0.6797378006365337,-0.5613706073944346,global,3
PCA,6,ABpxpppp,-0.7091127992223326,-0.6438085137854385,local,4
PCA,6,ABpxpppa,-0.6381002571825932,-0.7564341311331458,local,4
PCA,6,ABpxppap,-0.7232720026288366,-0.28580444313026915,local,4
PCA,6,ABpxppaa,-0.7383900593279719,-0.8680719460408591,local,4
PCA,6,ABpxpaap,-0.7115623160739488,-0.896093151953528,local,4
PCA,6,ABpxpaaa,-0.7188874386761088,-0.9150282315316521,local,4
PCA,6,ABpxp,-0.6085032499481282,-0.26908386487788816,global,1
PCA,6,ABpxpp,-0.5623131858026582,-0.738490459813367,global,2
PCA,6,ABpxpa,-0.7286965808561855,-0.8018585303017057,global,2
PCA,6,ABpxppp,-0.6364588522434781,-0.5584940140722228,global,3
PCA,6,ABpxppa,-0.6457107394516147,-0.8085408586603401,global,3
PCA,6,ABpxpap,-0.6774682497719836,-0.8146559629062272,global,3
PCA,6,ABpxpaa,-0.704787830128015,-0.6635093720978872,global,3
PCA,6,ABpxpppp,-0.6820564150999272,-0.6562050117985959,local,4
PCA,6,ABpxpppa,-0.6562477902018341,-0.7779233150966588,local,4
PCA,6,ABpxppap,-0.6719737116499078,-0.2757343307403384,local,4
PCA,6,ABpxppaa,-0.7494098435793338,-0.8721283246248145,local,4
PCA,6,ABpxpaap,-0.6896418629768939,-0.8852284775285064,local,4
PCA,6,ABpxpaaa,-0.6912987315889704,-0.9177410616295689,local,4
PCA,6,ABpxp,-0.31871904615197744,-0.4027320594042656,global,1
PCA,6,ABpxpp,-0.5839292659846747,-0.7776181168008707,global,2
PCA,6,ABpxpa,-0.60512233133137,-0.7125087066230458,global,2
PCA,6,ABpxppp,-0.5845605563373661,-0.5538590084549135,global,3
PCA,6,ABpxppa,-0.6428321451588576,-0.7929855135962157,global,3
PCA,6,ABpxpap,-0.6350927920633248,-0.8295446910168195,global,3
PCA,6,ABpxpaa,-0.7189995082780961,-0.5998836511043303,global,3
PCA,6,ABpxpppp,-0.6737112056075403,-0.6169927592630859,local,4
PCA,6,ABpxpppa,-0.6733150796120674,-0.7704310289078901,local,4
PCA,6,ABpxppap,-0.7114775697312377,-0.24136558041795048,local,4
PCA,6,ABpxppaa,-0.7484054350737073,-0.8757642244786306,local,4
PCA,6,ABpxpaap,-0.7304362651681411,-0.8885879055060442,local,4
PCA,6,ABpxpaaa,-0.726705500082441,-0.928162483517796,local,4
PCA,6,ABpxp,-0.5177801323596105,-0.11123128826862529,global,1
PCA,6,ABpxpp,-0.586865110356026,-0.6908879298917396,global,2
PCA,6,ABpxpa,-0.6993878537003426,-0.7562837672421009,global,2
PCA,6,ABpxppp,-0.5973940221689389,-0.46564846032743024,global,3
PCA,6,ABpxppa,-0.6739686019429663,-0.7972499918958528,global,3
PCA,6,ABpxpap,-0.6548433809659001,-0.8076757567664036,global,3
PCA,6,ABpxpaa,-0.7194101373180208,-0.5478841080550816,global,3
PCA,6,ABpxpppp,-0.6857777225140078,-0.58682075290689,local,4
PCA,6,ABpxpppa,-0.6348777812082405,-0.7538901746470827,local,4
PCA,6,ABpxppap,-0.6729838198360487,-0.2033470850998053,local,4
PCA,6,ABpxppaa,-0.7463631714999533,-0.8817002375843572,local,4
PCA,6,ABpxpaap,-0.7553397615835951,-0.8891548031700391,local,4
PCA,6,ABpxpaaa,-0.7051330001608518,-0.9274044478315855,local,4
PCA,6,ABpxp,-0.3489841856979487,-0.22325285947939588,global,1
PCA,6,ABpxpp,-0.5488481388767145,-0.7260119559729854,global,2
PCA,6,ABpxpa,-0.7988446022008592,-0.7645753065597679,global,2
PCA,6,ABpxppp,-0.592408952799506,-0.4924753890538062,global,3
PCA,6,ABpxppa,-0.6870948440370112,-0.7567967932288083,global,3
PCA,6,ABpxpap,-0.621024615672732,-0.8133479323916505,global,3
PCA,6,ABpxpaa,-0.7520733201494305,-0.4637077842979364,global,3
PCA,6,ABpxpppp,-0.6720063744666535,-0.6681499310029422,local,4
PCA,6,ABpxpppa,-0.6753198420489105,-0.7531856992817969,local,4
PCA,6,ABpxppap,-0.7151427175442804,-0.25423534578229406,local,4
PCA,6,ABpxppaa,-0.725728388701503,-0.8840046648053943,local,4
PCA,6,ABpxpaap,-0.7076152118388211,-0.8905428616935128,local,4
PCA,6,ABpxpaaa,-0.7242590185335266,-0.913463321151537,local,4
PCA,6,ABpxp,-0.5982384271448514,-0.2841207861559725,global,1
PCA,6,ABpxpp,-0.5533327109919988,-0.7329587898577617,global,2
PCA,6,ABpxpa,-0.7122822604485132,-0.6937882459648307,global,2
PCA,6,ABpxppp,-0.6535632431556786,-0.5570196143168843,global,3
PCA,6,ABpxppa,-0.6930245129493359,-0.7914616589541497,global,3
PCA,6,ABpxpap,-0.590714531934918,-0.8172797469611391,global,3
PCA,6,ABpxpaa,-0.7173927848558169,-0.5120165074581264,global,3
UMAP,6,ABpxpppp,-0.5671436455329436,-0.7239677020812696,local,4
UMAP,6,ABpxpppa,-0.8286883546632525,-0.9036648624584726,local,4
UMAP,6,ABpxppap,-0.6792844294090514,-0.9002706637863858,local,4
UMAP,6,ABpxppaa,-0.7082158210043663,-0.8885249809649369,local,4
UMAP,6,ABpxpaap,-0.6139838769782642,-0.946194499695537,local,4
UMAP,6,ABpxpaaa,-0.6903936077874034,-0.9580122506700814,local,4
UMAP,6,ABpxp,-0.647308994959441,-0.39215528291596075,global,1
UMAP,6,ABpxpp,-0.5133638223611755,-0.6820695637227205,global,2
UMAP,6,ABpxpa,-0.7525531634845706,-0.7585164594864093,global,2
UMAP,6,ABpxppp,-0.6592833648245664,-0.8295079618971992,global,3
UMAP,6,ABpxppa,-0.6469869739364342,-0.9025638366987578,global,3
UMAP,6,ABpxpap,-0.5031509507635918,-0.9284842481440578,global,3
UMAP,6,ABpxpaa,-0.7602000790962906,-0.7146227144442064,global,3
UMAP,6,ABpxpppp,-0.2740246514604071,-0.6988803156954329,local,4
UMAP,6,ABpxpppa,-0.7996272679510354,-0.9013992111131741,local,4
UMAP,6,ABpxppap,-0.5930660483900874,-0.8988781779309212,local,4
UMAP,6,ABpxppaa,-0.6691844166973069,-0.9164084433406393,local,4
UMAP,6,ABpxpaap,-0.6389150889974446,-0.9559076517564282,local,4
UMAP,6,ABpxpaaa,-0.6446437331601733,-0.9626688941295614,local,4
UMAP,6,ABpxp,-0.5187252845329401,-0.4570752137337465,global,1
UMAP,6,ABpxpp,-0.4331389707024123,-0.568964667128682,global,2
UMAP,6,ABpxpa,-0.6777157159306926,-0.7874042062130537,global,2
UMAP,6,ABpxppp,-0.645534766359763,-0.8358250004180776,global,3
UMAP,6,ABpxppa,-0.3761700118111483,-0.8986175658026901,global,3
UMAP,6,ABpxpap,-0.48077060717915043,-0.8505031312435348,global,3
UMAP,6,ABpxpaa,-0.8056508692540663,-0.6077913078193963,global,3
UMAP,6,ABpxpppp,-0.39442074937325344,-0.6856239737440734,local,4
UMAP,6,ABpxpppa,-0.7555598710487254,-0.8586081093653811,local,4
UMAP,6,ABpxppap,-0.5387875499427727,-0.8804205175708979,local,4
UMAP,6,ABpxppaa,-0.6804852208691281,-0.8646788487306638,local,4
UMAP,6,ABpxpaap,-0.6936092023215836,-0.9686015681336555,local,4
UMAP,6,ABpxpaaa,-0.6451325788659665,-0.9619839672063839,local,4
UMAP,6,ABpxp,-0.6015570864294509,-0.12596784568976543,global,1
UMAP,6,ABpxpp,-0.4349543001113974,-0.6759722922606453,global,2
UMAP,6,ABpxpa,-0.7362133098126284,-0.8502853704162846,global,2
UMAP,6,ABpxppp,-0.6012849855078504,-0.7934374343672914,global,3
UMAP,6,ABpxppa,-0.6218463526092995,-0.8996717509872094,global,3
UMAP,6,ABpxpap,-0.6616023178338415,-0.8770704859467418,global,3
UMAP,6,ABpxpaa,-0.6797495602404633,-0.6645787328426485,global,3
UMAP,6,ABpxpppp,-0.4954292785779196,-0.8368328716950254,local,4
UMAP,6,ABpxpppa,-0.7627225452510021,-0.9013332337748038,local,4
UMAP,6,ABpxppap,-0.2727276704837015,-0.8255583747105014,local,4
UMAP,6,ABpxppaa,-0.5695499938613006,-0.9006803188069407,local,4
UMAP,6,ABpxpaap,-0.7526356833127938,-0.9670804888133278,local,4
UMAP,6,ABpxpaaa,-0.7332921580593934,-0.9626390229089534,local,4
UMAP,6,ABpxp,-0.7889457458906777,-0.3844344588867526,global,1
UMAP,6,ABpxpp,-0.5651860484382474,-0.7591640116388303,global,2
UMAP,6,ABpxpa,-0.7092224013955983,-0.8289461587919755,global,2
UMAP,6,ABpxppp,-0.41337975786379216,-0.7680596471230031,global,3
UMAP,6,ABpxppa,-0.5957553142581135,-0.8945779487656558,global,3
UMAP,6,ABpxpap,-0.6225370223814054,-0.8428422840610534,global,3
UMAP,6,ABpxpaa,-0.7327317566200676,-0.596671885404575,global,3
UMAP,6,ABpxpppp,-0.5602105462714333,-0.8184808529682089,local,4
UMAP,6,ABpxpppa,-0.8194719653872841,-0.9045416089353147,local,4
UMAP,6,ABpxppap,-0.5647228424788404,-0.8877102405583011,local,4
UMAP,6,ABpxppaa,-0.7523411874896961,-0.9327600731176932,local,4
UMAP,6,ABpxpaap,-0.6037427568890533,-0.9563179944967277,local,4
UMAP,6,ABpxpaaa,-0.7040903702208081,-0.9700482046081618,local,4
UMAP,6,ABpxp,-0.626899983287792,0.4380211665320653,global,1
UMAP,6,ABpxpp,-0.5924025683380851,-0.7264946607307063,global,2
UMAP,6,ABpxpa,-0.7482574532936613,-0.7809892922126785,global,2
UMAP,6,ABpxppp,-0.3762642241597629,-0.6708406135891369,global,3
UMAP,6,ABpxppa,-0.5963677537851503,-0.9005378099667881,global,3
UMAP,6,ABpxpap,-0.48162607343710495,-0.8260285551805298,global,3
UMAP,6,ABpxpaa,-0.7972943191358205,-0.5709831449312515,global,3
UMAP,6,ABpxpppp,-0.2912206859421877,-0.7163632059749615,local,4
UMAP,6,ABpxpppa,-0.7641117790800629,-0.9053901030987564,local,4
UMAP,6,ABpxppap,-0.33434853005441656,-0.8657568427877689,local,4
UMAP,6,ABpxppaa,-0.5696923413895427,-0.8894500628679362,local,4
UMAP,6,ABpxpaap,-0.6835447913167598,-0.9544507657972486,local,4
UMAP,6,ABpxpaaa,-0.594708233319384,-0.9530914367692856,local,4
UMAP,6,ABpxp,-0.5076389090478384,-0.40207749954388505,global,1
UMAP,6,ABpxpp,-0.6481313710496818,-0.6522995663512057,global,2
UMAP,6,ABpxpa,-0.6530008312661434,-0.8088299096086744,global,2
UMAP,6,ABpxppp,-0.7870945241196926,-0.8463295794697938,global,3
UMAP,6,ABpxppa,-0.6181400461481565,-0.9060966967979502,global,3
UMAP,6,ABpxpap,-0.6672320649402554,-0.8240522919920469,global,3
UMAP,6,ABpxpaa,-0.6849121547182457,-0.6411680093184131,global,3
UMAP,6,ABpxpppp,-0.5905010215024908,-0.8270425183923915,local,4
UMAP,6,ABpxpppa,-0.7914791405655133,-0.913475725525083,local,4
UMAP,6,ABpxppap,-0.6702884944069163,-0.89618953396298,local,4
UMAP,6,ABpxppaa,-0.7236811719558142,-0.9248883891395788,local,4
UMAP,6,ABpxpaap,-0.7323925444737307,-0.972747995650451,local,4
UMAP,6,ABpxpaaa,-0.6369073078371406,-0.9624106523688272,local,4
UMAP,6,ABpxp,-0.7444424137941587,-0.42224586231695316,global,1
UMAP,6,ABpxpp,-0.4767320884323041,-0.6738710964258554,global,2
UMAP,6,ABpxpa,-0.6840430936017322,-0.7506054324662808,global,2
UMAP,6,ABpxppp,-0.6122371999949292,-0.7762618764840025,global,3
UMAP,6,ABpxppa,-0.608690243734346,-0.9083300746059291,global,3
UMAP,6,ABpxpap,-0.7124159749529999,-0.8362788942371648,global,3
UMAP,6,ABpxpaa,-0.7645035395823735,-0.5946603536092716,global,3
UMAP,6,ABpxpppp,-0.3735507097020287,-0.7374888170677051,local,4
UMAP,6,ABpxpppa,-0.7956444984771339,-0.8765666312181201,local,4
UMAP,6,ABpxppap,-0.6234032003489223,-0.9025215542579482,local,4
UMAP,6,ABpxppaa,-0.6253924249317723,-0.8973765188288652,local,4
UMAP,6,ABpxpaap,-0.7291367938414902,-0.9744806488738382,local,4
UMAP,6,ABpxpaaa,-0.5907484894398736,-0.968449484686098,local,4
UMAP,6,ABpxp,-0.49542254858817736,-0.1847189184817412,global,1
UMAP,6,ABpxpp,-0.630360834672409,-0.7317286448219713,global,2
UMAP,6,ABpxpa,-0.6985250295914505,-0.7847640032377904,global,2
UMAP,6,ABpxppp,-0.6058397041996977,-0.7344530585660394,global,3
UMAP,6,ABpxppa,-0.588589288076019,-0.912900155313117,global,3
UMAP,6,ABpxpap,-0.5809254011999613,-0.8199521446001928,global,3
UMAP,6,ABpxpaa,-0.7451837574949747,-0.7092386141604173,global,3
UMAP,6,ABpxpppp,-0.3385650097958836,-0.6974387860483272,local,4
UMAP,6,ABpxpppa,-0.7095293107918543,-0.8798262044164663,local,4
UMAP,6,ABpxppap,-0.344010523879103,-0.8601117395719784,local,4
UMAP,6,ABpxppaa,-0.660244179819906,-0.8903419529788862,local,4
UMAP,6,ABpxpaap,-0.6480041924302262,-0.958701588956884,local,4
UMAP,6,ABpxpaaa,-0.6566452511108751,-0.9649133065858855,local,4
UMAP,6,ABpxp,-0.5541634283035871,-0.2503819908133275,global,1
UMAP,6,ABpxpp,-0.5403798636137949,-0.6184404785434576,global,2
UMAP,6,ABpxpa,-0.812191430066278,-0.8716383163337271,global,2
UMAP,6,ABpxppp,-0.7414707719858014,-0.8365501500478385,global,3
UMAP,6,ABpxppa,-0.5728856658200943,-0.8947792450383285,global,3
UMAP,6,ABpxpap,-0.7153819594433162,-0.9018124153621873,global,3
UMAP,6,ABpxpaa,-0.7592716334318119,-0.7357953628448821,global,3
UMAP,6,ABpxpppp,-0.3920462972424267,-0.7360695017576201,local,4
UMAP,6,ABpxpppa,-0.74066440400127,-0.8476481690008693,local,4
UMAP,6,ABpxppap,-0.35700306684598815,-0.8104460024428379,local,4
UMAP,6,ABpxppaa,-0.6626024319865872,-0.9170618444459824,local,4
UMAP,6,ABpxpaap,-0.7102045191712323,-0.9604693930650927,local,4
UMAP,6,ABpxpaaa,-0.6268414269714175,-0.941596545617783,local,4
UMAP,6,ABpxp,-0.5598898056788254,-0.33913976858488937,global,1
UMAP,6,ABpxpp,-0.7029392851919172,-0.7330687749176894,global,2
UMAP,6,ABpxpa,-0.7814287861803754,-0.8474285251598556,global,2
UMAP,6,ABpxppp,-0.5977598941464344,-0.8341605950526911,global,3
UMAP,6,ABpxppa,-0.6055552224927978,-0.8954819023542231,global,3
UMAP,6,ABpxpap,-0.5107892419434195,-0.8457056729113012,global,3
UMAP,6,ABpxpaa,-0.6739132750503642,-0.6039034317306105,global,3
UMAP,6,ABpxpppp,-0.5357908691748148,-0.8043456332519755,local,4
UMAP,6,ABpxpppa,-0.8126998319363455,-0.8810442328290143,local,4
UMAP,6,ABpxppap,-0.5007046397941731,-0.8832868560377111,local,4
UMAP,6,ABpxppaa,-0.6397484204205455,-0.9082362386494486,local,4
UMAP,6,ABpxpaap,-0.6233015863351905,-0.9497927191366362,local,4
UMAP,6,ABpxpaaa,-0.7495426591868867,-0.9590729588857326,local,4
UMAP,6,ABpxp,-0.47919224450374304,-0.09550655077213527,global,1
UMAP,6,ABpxpp,-0.5747191152281252,-0.6473729570820983,global,2
UMAP,6,ABpxpa,-0.8067679710049188,-0.8372207841304363,global,2
UMAP,6,ABpxppp,-0.4946555780965578,-0.7488158147191428,global,3
UMAP,6,ABpxppa,-0.6703013098365281,-0.9139237232203353,global,3
UMAP,6,ABpxpap,-0.5167496886542863,-0.8161558347160917,global,3
UMAP,6,ABpxpaa,-0.7446713839063396,-0.6584179161449726,global,3
UMAP,6,ABpxpppp,-0.5336119322827745,-0.8111704545715239,local,4
UMAP,6,ABpxpppa,-0.8361280611721401,-0.9055156611300731,local,4
UMAP,6,ABpxppap,-0.5696941576926221,-0.8694248695790951,local,4
UMAP,6,ABpxppaa,-0.5190424098441381,-0.7937294163203052,local,4
UMAP,6,ABpxpaap,-0.676352206441799,-0.9510885497273203,local,4
UMAP,6,ABpxpaaa,-0.7511209529648735,-0.9708203458540055,local,4
UMAP,6,ABpxp,-0.6476329063499822,-0.18136122639888946,global,1
UMAP,6,ABpxpp,-0.6422685122708556,-0.740520768749028,global,2
UMAP,6,ABpxpa,-0.6950096427300546,-0.8176011956554008,global,2
UMAP,6,ABpxppp,-0.7856037330581587,-0.8150030799509977,global,3
UMAP,6,ABpxppa,-0.6028446139335268,-0.8947580522718315,global,3
UMAP,6,ABpxpap,-0.45445046121818833,-0.7571495684194235,global,3
UMAP,6,ABpxpaa,-0.7487336509718914,-0.6663648787826174,global,3
UMAP,6,ABpxpppp,-0.5862797082521176,-0.8218313364920945,local,4
UMAP,6,ABpxpppa,-0.8121046448585704,-0.9045467528417059,local,4
UMAP,6,ABpxppap,-0.30586859201645644,-0.828987561059104,local,4
UMAP,6,ABpxppaa,-0.6368184001816273,-0.8900348423500752,local,4
UMAP,6,ABpxpaap,-0.5947563986814579,-0.9453531967979564,local,4
UMAP,6,ABpxpaaa,-0.7106235333121209,-0.968016142586213,local,4
UMAP,6,ABpxp,-0.6688513167479616,-0.1598358746383388,global,1
UMAP,6,ABpxpp,-0.6306777109418197,-0.7382952841557284,global,2
UMAP,6,ABpxpa,-0.7375441945098652,-0.8052496770629061,global,2
UMAP,6,ABpxppp,-0.5189578314035478,-0.7760966851556483,global,3
UMAP,6,ABpxppa,-0.6286777980694479,-0.9015907243748809,global,3
UMAP,6,ABpxpap,-0.4876137948313614,-0.8571759624093206,global,3
UMAP,6,ABpxpaa,-0.7297120605093479,-0.644780150257363,global,3
UMAP,6,ABpxpppp,-0.5174991459745124,-0.8364601065341275,local,4
UMAP,6,ABpxpppa,-0.8197028042792889,-0.8827511993939111,local,4
UMAP,6,ABpxppap,-0.6768794383888174,-0.8948147761929658,local,4
UMAP,6,ABpxppaa,-0.4890492066972552,-0.8020738416899803,local,4
UMAP,6,ABpxpaap,-0.5717828720036686,-0.957270986348199,local,4
UMAP,6,ABpxpaaa,-0.6631703714870334,-0.9637121209862233,local,4
UMAP,6,ABpxp,-0.577381021945489,-0.4085024330204117,global,1
UMAP,6,ABpxpp,-0.5449970525568133,-0.628048579234878,global,2
UMAP,6,ABpxpa,-0.6817668915860037,-0.850333625248108,global,2
UMAP,6,ABpxppp,-0.6358817566594569,-0.7775894363603557,global,3
UMAP,6,ABpxppa,-0.6562523736332084,-0.8976551925917915,global,3
UMAP,6,ABpxpap,-0.6151463013142435,-0.8030313535189824,global,3
UMAP,6,ABpxpaa,-0.6925171108994918,-0.6618658923800533,global,3
UMAP,6,ABpxpppp,-0.6219552525822577,-0.8427367021322089,local,4
UMAP,6,ABpxpppa,-0.7997593920840118,-0.9058345815916476,local,4
UMAP,6,ABpxppap,-0.3423257507422094,-0.8643542458717851,local,4
UMAP,6,ABpxppaa,-0.7674629921680928,-0.9139693047590715,local,4
UMAP,6,ABpxpaap,-0.6642644130796882,-0.9800648962428462,local,4
UMAP,6,ABpxpaaa,-0.7243316533575959,-0.969561324728408,local,4
UMAP,6,ABpxp,-0.5788389772622667,-0.2259602651375459,global,1
UMAP,6,ABpxpp,-0.635791781877857,-0.7299049945031599,global,2
UMAP,6,ABpxpa,-0.7882711887259445,-0.8485969758084192,global,2
UMAP,6,ABpxppp,-0.49450181129617393,-0.7477829594447934,global,3
UMAP,6,ABpxppa,-0.5758357059709734,-0.9180199765391593,global,3
UMAP,6,ABpxpap,-0.4976124127329891,-0.851332296428116,global,3
UMAP,6,ABpxpaa,-0.7177043936437413,-0.5679604399359979,global,3
UMAP,6,ABpxpppp,-0.5513465105737488,-0.8298581593875761,local,4
UMAP,6,ABpxpppa,-0.7464047580701048,-0.9159172029323077,local,4
UMAP,6,ABpxppap,-0.6411108219993711,-0.9023653127200935,local,4
UMAP,6,ABpxppaa,-0.4013693223117935,-0.8579936507982255,local,4
UMAP,6,ABpxpaap,-0.6604127625167839,-0.9578073287414927,local,4
UMAP,6,ABpxpaaa,-0.693410865370159,-0.9614533646109371,local,4
UMAP,6,ABpxp,-0.5276404663110711,-0.0038852027516999158,global,1
UMAP,6,ABpxpp,-0.6056876244904318,-0.7354249280398424,global,2
UMAP,6,ABpxpa,-0.6960225509988335,-0.8282384198295594,global,2
UMAP,6,ABpxppp,-0.4354374925502701,-0.7673052438199337,global,3
UMAP,6,ABpxppa,-0.6627791116959206,-0.9028864249885669,global,3
UMAP,6,ABpxpap,-0.5295860390100341,-0.7680957195696864,global,3
UMAP,6,ABpxpaa,-0.7102283948479772,-0.6665721730352429,global,3
UMAP,6,ABpxpppp,-0.5346311447005426,-0.7863281608454138,local,4
UMAP,6,ABpxpppa,-0.7773896859683743,-0.8888397344441461,local,4
UMAP,6,ABpxppap,-0.5487228276188582,-0.8910306366874117,local,4
UMAP,6,ABpxppaa,-0.7226515693912251,-0.9136359979127225,local,4
UMAP,6,ABpxpaap,-0.6943887986623369,-0.9729634611542226,local,4
UMAP,6,ABpxpaaa,-0.811924849370204,-0.9614488513647821,local,4
UMAP,6,ABpxp,-0.5974539759437173,-0.1254867206987861,global,1
UMAP,6,ABpxpp,-0.5833793561791792,-0.6824311462401018,global,2
UMAP,6,ABpxpa,-0.8092426789726219,-0.8558713179683596,global,2
UMAP,6,ABpxppp,-0.8191676682320408,-0.8342707524993034,global,3
UMAP,6,ABpxppa,-0.571647576157408,-0.8980344996754579,global,3
UMAP,6,ABpxpap,-0.5303694308338451,-0.8276922818975679,global,3
UMAP,6,ABpxpaa,-0.741346683463484,-0.6373784797483775,global,3
UMAP,6,ABpxpppp,-0.541414921960628,-0.6651260140816225,local,4
UMAP,6,ABpxpppa,-0.8170326421241473,-0.9177570409134972,local,4
UMAP,6,ABpxppap,-0.3558069609414287,-0.8339634897412731,local,4
UMAP,6,ABpxppaa,-0.601355010525187,-0.8891038473147997,local,4
UMAP,6,ABpxpaap,-0.6044476214118234,-0.9462660705253505,local,4
UMAP,6,ABpxpaaa,-0.7218601961186801,-0.9646302534752248,local,4
UMAP,6,ABpxp,-0.6339298507958289,-0.26727468467256593,global,1
UMAP,6,ABpxpp,-0.6732918158374954,-0.7841787645993116,global,2
UMAP,6,ABpxpa,-0.7431595256226278,-0.8592395094214046,global,2
UMAP,6,ABpxppp,-0.5360331732578019,-0.7589829586945361,global,3
UMAP,6,ABpxppa,-0.6398666593297335,-0.9007714344878319,global,3
UMAP,6,ABpxpap,-0.41823215275092895,-0.7183877796423094,global,3
UMAP,6,ABpxpaa,-0.7217385524705212,-0.6493349553213414,global,3
UMAP,6,ABpxpppp,-0.47641620857755196,-0.7944174364018124,local,4
UMAP,6,ABpxpppa,-0.8211332550708085,-0.9221504305628725,local,4
UMAP,6,ABpxppap,-0.4340177802250312,-0.841154027758498,local,4
UMAP,6,ABpxppaa,-0.49709296798535463,-0.8201403909248552,local,4
UMAP,6,ABpxpaap,-0.6680407328026153,-0.9502304051497374,local,4
UMAP,6,ABpxpaaa,-0.6303150019417941,-0.949582119046953,local,4
UMAP,6,ABpxp,-0.48748083086518473,-0.345974552865994,global,1
UMAP,6,ABpxpp,-0.6697791809551724,-0.7259575431230889,global,2
UMAP,6,ABpxpa,-0.7717675349022668,-0.7871910916095428,global,2
UMAP,6,ABpxppp,-0.7615384834724839,-0.8372825504424286,global,3
UMAP,6,ABpxppa,-0.629193384624963,-0.8924453833678284,global,3
UMAP,6,ABpxpap,-0.5697541599562721,-0.7965018504759969,global,3
UMAP,6,ABpxpaa,-0.7505073369676032,-0.6140499692815092,global,3
UMAP,6,ABpxpppp,-0.5677652919522472,-0.8371586040115315,local,4
UMAP,6,ABpxpppa,-0.3884779369628295,-0.8263723075887317,local,4
UMAP,6,ABpxppap,-0.5679886898003232,-0.8897729301372521,local,4
UMAP,6,ABpxppaa,-0.6346902691843873,-0.8952166285410882,local,4
UMAP,6,ABpxpaap,-0.7746764372323345,-0.9706294046291883,local,4
UMAP,6,ABpxpaaa,-0.7069104810960524,-0.9582592241111728,local,4
UMAP,6,ABpxp,-0.4638226499817519,-0.3559509003935313,global,1
UMAP,6,ABpxpp,-0.6844258703080299,-0.7443688929212897,global,2
UMAP,6,ABpxpa,-0.8168745284052931,-0.8568124312348433,global,2
UMAP,6,ABpxppp,-0.5989183889217877,-0.7537238297946125,global,3
UMAP,6,ABpxppa,-0.5963778903964444,-0.8968445410767719,global,3
UMAP,6,ABpxpap,-0.36364679218583307,-0.8202450541857413,global,3
UMAP,6,ABpxpaa,-0.6036018534958048,-0.5372732145902028,global,3
hMDS,7,ABpxpppp,-0.7524921547419363,-0.7995179294847876,local,4
hMDS,7,ABpxpppa,-0.7811482119071569,-0.8601629169326217,local,4
hMDS,7,ABpxppap,-0.779654916855637,-0.8621636391886807,local,4
hMDS,7,ABpxppaa,-0.7861977933801236,-0.9246919241949311,local,4
hMDS,7,ABpxpaap,-0.7804206529432025,-0.9213249923856224,local,4
hMDS,7,ABpxpaaa,-0.7445562651313267,-0.9094642246641202,local,4
hMDS,7,ABpxp,-0.6878794745450189,-0.6751862932457567,global,1
hMDS,7,ABpxpp,-0.7370979882021843,-0.6751058489039657,global,2
hMDS,7,ABpxpa,-0.7002279949939452,-0.7508379432854028,global,2
hMDS,7,ABpxppp,-0.7415145777301234,-0.6034466305293973,global,3
hMDS,7,ABpxppa,-0.7145820504789857,-0.8851975125656605,global,3
hMDS,7,ABpxpap,-0.8443005679022022,-0.7205226126029192,global,3
hMDS,7,ABpxpaa,-0.6895232623640116,-0.6931248020783978,global,3
hMDS,7,ABpxpppp,-0.7367663828712998,-0.7583276087288022,local,4
hMDS,7,ABpxpppa,-0.7819271832147445,-0.8595867306235707,local,4
hMDS,7,ABpxppap,-0.7639800066514081,-0.8604851195787673,local,4
hMDS,7,ABpxppaa,-0.7657025594582135,-0.9109991470960219,local,4
hMDS,7,ABpxpaap,-0.7523770660064777,-0.9119453935735303,local,4
hMDS,7,ABpxpaaa,-0.7378179111224834,-0.9038313147715249,local,4
hMDS,7,ABpxp,-0.6875563493500657,-0.5481156379793549,global,1
hMDS,7,ABpxpp,-0.7339889597647449,-0.680402320222726,global,2
hMDS,7,ABpxpa,-0.7327084527789111,-0.7633570490996299,global,2
hMDS,7,ABpxppp,-0.7588653962384067,-0.6850908655977045,global,3
hMDS,7,ABpxppa,-0.6787003063596894,-0.8943303575437243,global,3
hMDS,7,ABpxpap,-0.7785147887636086,-0.756084668292205,global,3
hMDS,7,ABpxpaa,-0.7621398144169453,-0.7111347841758031,global,3
hMDS,7,ABpxpppp,-0.7462585259999489,-0.7351334733836281,local,4
hMDS,7,ABpxpppa,-0.7787992607704004,-0.8541289299657898,local,4
hMDS,7,ABpxppap,-0.7478231096961327,-0.8378040813849433,local,4
hMDS,7,ABpxppaa,-0.7737578217782148,-0.9136585304597468,local,4
hMDS,7,ABpxpaap,-0.769532234626428,-0.9043044475886797,local,4
hMDS,7,ABpxpaaa,-0.7032795814482237,-0.9292834415970603,local,4
hMDS,7,ABpxp,-0.6484431909544833,-0.5836910890752878,global,1
hMDS,7,ABpxpp,-0.7463513857847635,-0.7408069305795149,global,2
hMDS,7,ABpxpa,-0.7618748929816769,-0.7382402495102856,global,2
hMDS,7,ABpxppp,-0.7288947937018222,-0.5924992133281538,global,3
hMDS,7,ABpxppa,-0.685608618661027,-0.9060267615096214,global,3
hMDS,7,ABpxpap,-0.802041001638715,-0.7671572187300985,global,3
hMDS,7,ABpxpaa,-0.6999146241957106,-0.7345606764438417,global,3
hMDS,7,ABpxpppp,-0.7550142465550316,-0.7722355141624643,local,4
hMDS,7,ABpxpppa,-0.8148942694599624,-0.8830648692096633,local,4
hMDS,7,ABpxppap,-0.7461629284320597,-0.8545374205582105,local,4
hMDS,7,ABpxppaa,-0.7620367449899146,-0.9064911731619072,local,4
hMDS,7,ABpxpaap,-0.7480602610294618,-0.9056864098660162,local,4
hMDS,7,ABpxpaaa,-0.7203612760668484,-0.9071386958423977,local,4
hMDS,7,ABpxp,-0.6561152670397018,-0.6459282544750223,global,1
hMDS,7,ABpxpp,-0.7005588409284327,-0.6936048303823994,global,2
hMDS,7,ABpxpa,-0.7190428716820383,-0.7182860034430602,global,2
hMDS,7,ABpxppp,-0.720562599460688,-0.5623911679419178,global,3
hMDS,7,ABpxppa,-0.650461795096805,-0.8880022890220792,global,3
hMDS,7,ABpxpap,-0.6909208779280634,-0.7693806798160516,global,3
hMDS,7,ABpxpaa,-0.7298905082374406,-0.6727850739840033,global,3
hMDS,7,ABpxpppp,-0.742979847510708,-0.7468424787466215,local,4
hMDS,7,ABpxpppa,-0.7863496463735241,-0.869275861743174,local,4
hMDS,7,ABpxppap,-0.7615441494037729,-0.8356072911302066,local,4
hMDS,7,ABpxppaa,-0.7652506563545061,-0.898486022506787,local,4
hMDS,7,ABpxpaap,-0.7421589832816882,-0.9024521731131946,local,4
hMDS,7,ABpxpaaa,-0.7239296805222588,-0.9152192446528303,local,4
hMDS,7,ABpxp,-0.700595820999486,-0.656105083736555,global,1
hMDS,7,ABpxpp,-0.6589850895872907,-0.6303705032502898,global,2
hMDS,7,ABpxpa,-0.6487871008360236,-0.714390046494318,global,2
hMDS,7,ABpxppp,-0.7304939767258277,-0.6213534931054701,global,3
hMDS,7,ABpxppa,-0.6520556508370594,-0.8783631775422329,global,3
hMDS,7,ABpxpap,-0.8033204929514168,-0.7192627489203679,global,3
hMDS,7,ABpxpaa,-0.7417443258347703,-0.7242214513142811,global,3
hMDS,7,ABpxpppp,-0.7299626530411666,-0.7728936723117809,local,4
hMDS,7,ABpxpppa,-0.7729713501792205,-0.8531420365204065,local,4
hMDS,7,ABpxppap,-0.760965419462865,-0.8474009107111746,local,4
hMDS,7,ABpxppaa,-0.7925951899563821,-0.9223443146084365,local,4
hMDS,7,ABpxpaap,-0.7788333410883701,-0.898191870639184,local,4
hMDS,7,ABpxpaaa,-0.6948340929693373,-0.9172882942114131,local,4
hMDS,7,ABpxp,-0.6202348130349674,-0.5749496473686955,global,1
hMDS,7,ABpxpp,-0.7362632641629994,-0.7073265121925421,global,2
hMDS,7,ABpxpa,-0.7618192207511173,-0.7525932108847083,global,2
hMDS,7,ABpxppp,-0.7180519412974011,-0.5742834780083304,global,3
hMDS,7,ABpxppa,-0.7047270593580262,-0.8803315108596628,global,3
hMDS,7,ABpxpap,-0.8193217952088426,-0.7321599137331083,global,3
hMDS,7,ABpxpaa,-0.7427865278149539,-0.6953174600980526,global,3
hMDS,7,ABpxpppp,-0.7614302166496839,-0.7760739492568822,local,4
hMDS,7,ABpxpppa,-0.776255448128512,-0.8618243415019602,local,4
hMDS,7,ABpxppap,-0.7567528547545704,-0.8285471239644093,local,4
hMDS,7,ABpxppaa,-0.7829296944892407,-0.9188993054628916,local,4
hMDS,7,ABpxpaap,-0.772849740706717,-0.9162678577108103,local,4
hMDS,7,ABpxpaaa,-0.7245835107343171,-0.9179574305284086,local,4
hMDS,7,ABpxp,-0.6815990239048512,-0.4960667783996806,global,1
hMDS,7,ABpxpp,-0.6905310718012897,-0.6374645378658113,global,2
hMDS,7,ABpxpa,-0.6995191594694374,-0.686946527966239,global,2
hMDS,7,ABpxppp,-0.7550506375122878,-0.6044676390275743,global,3
hMDS,7,ABpxppa,-0.6689306387701688,-0.880207516898793,global,3
hMDS,7,ABpxpap,-0.8264202050092523,-0.7350288465569894,global,3
hMDS,7,ABpxpaa,-0.7331661887751274,-0.6902176852398404,global,3
hMDS,7,ABpxpppp,-0.7241768985371292,-0.790764554987798,local,4
hMDS,7,ABpxpppa,-0.7944721794065988,-0.8643443604482518,local,4
hMDS,7,ABpxppap,-0.7485522660080508,-0.8504711025930028,local,4
hMDS,7,ABpxppaa,-0.7752283109117339,-0.924443248456206,local,4
hMDS,7,ABpxpaap,-0.7543849984807074,-0.9119451828068532,local,4
hMDS,7,ABpxpaaa,-0.7411106382448198,-0.9195188347025487,local,4
hMDS,7,ABpxp,-0.699455743431917,-0.5836771676973828,global,1
hMDS,7,ABpxpp,-0.6951706168862295,-0.6438817640830286,global,2
hMDS,7,ABpxpa,-0.7552710237601871,-0.7713387192955891,global,2
hMDS,7,ABpxppp,-0.7110193066282301,-0.5793334882261229,global,3
hMDS,7,ABpxppa,-0.6670791016908507,-0.8638374443554088,global,3
hMDS,7,ABpxpap,-0.8040517956175799,-0.8007113230562565,global,3
hMDS,7,ABpxpaa,-0.7457869236785477,-0.6550541485113417,global,3
hMDS,7,ABpxpppp,-0.7551675857944238,-0.749341723868727,local,4
hMDS,7,ABpxpppa,-0.8083374567493439,-0.8451985836560172,local,4
hMDS,7,ABpxppap,-0.7517641515410229,-0.8460371250985768,local,4
hMDS,7,ABpxppaa,-0.7657864570610375,-0.9019539176151089,local,4
hMDS,7,ABpxpaap,-0.7722268839467608,-0.9196299498405562,local,4
hMDS,7,ABpxpaaa,-0.7033453831638246,-0.9029149677516868,local,4
hMDS,7,ABpxp,-0.6708627335796542,-0.4964174365386622,global,1
hMDS,7,ABpxpp,-0.7113896816419552,-0.7123907589410678,global,2
hMDS,7,ABpxpa,-0.6274439262798525,-0.7492510761804498,global,2
hMDS,7,ABpxppp,-0.7908158602775155,-0.6223609422305947,global,3
hMDS,7,ABpxppa,-0.6941911555844306,-0.8900227560241016,global,3
hMDS,7,ABpxpap,-0.7283287178321992,-0.7827016888341228,global,3
hMDS,7,ABpxpaa,-0.6957737780067289,-0.6603828526385699,global,3
hMDS,7,ABpxpppp,-0.7037224480286282,-0.7823883855389937,local,4
hMDS,7,ABpxpppa,-0.7474431962789734,-0.8393190676984974,local,4
hMDS,7,ABpxppap,-0.7449460819975913,-0.8460177047757942,local,4
hMDS,7,ABpxppaa,-0.7876169392620216,-0.9064847648092434,local,4
hMDS,7,ABpxpaap,-0.7926401504097518,-0.9249206397374916,local,4
hMDS,7,ABpxpaaa,-0.7332180419584813,-0.9266010995365128,local,4
hMDS,7,ABpxp,-0.6568958927926274,-0.4738412024674295,global,1
hMDS,7,ABpxpp,-0.7012884240448036,-0.6668461594499063,global,2
hMDS,7,ABpxpa,-0.6321374608177036,-0.7004847812463503,global,2
hMDS,7,ABpxppp,-0.7186311084363032,-0.5560742576041114,global,3
hMDS,7,ABpxppa,-0.6936680142547809,-0.8867535527580781,global,3
hMDS,7,ABpxpap,-0.7868483704919004,-0.7387403078341425,global,3
hMDS,7,ABpxpaa,-0.7230001542016686,-0.7254438823696477,global,3
hMDS,7,ABpxpppp,-0.7490283649364244,-0.765405251038663,local,4
hMDS,7,ABpxpppa,-0.7682858517957478,-0.8637190839844759,local,4
hMDS,7,ABpxppap,-0.7275157743531566,-0.827545812108138,local,4
hMDS,7,ABpxppaa,-0.7492736074581109,-0.9094010966524988,local,4
hMDS,7,ABpxpaap,-0.7789904940123222,-0.9110982930937687,local,4
hMDS,7,ABpxpaaa,-0.7616968343265802,-0.9131196474037678,local,4
hMDS,7,ABpxp,-0.6187363149593064,-0.48064709499602803,global,1
hMDS,7,ABpxpp,-0.6821783303114901,-0.682316951738307,global,2
hMDS,7,ABpxpa,-0.7699267160541056,-0.7743272780760031,global,2
hMDS,7,ABpxppp,-0.6497296749156525,-0.6419803465799967,global,3
hMDS,7,ABpxppa,-0.6911936067811767,-0.8682645675049391,global,3
hMDS,7,ABpxpap,-0.7707904849711686,-0.7242488812221529,global,3
hMDS,7,ABpxpaa,-0.7364920723168017,-0.6972198619450222,global,3
hMDS,7,ABpxpppp,-0.6994347697380049,-0.7542099940154847,local,4
hMDS,7,ABpxpppa,-0.7897664581716075,-0.8583170065594344,local,4
hMDS,7,ABpxppap,-0.7381266303151559,-0.8327247551140993,local,4
hMDS,7,ABpxppaa,-0.7431702298043278,-0.9211347349823993,local,4
hMDS,7,ABpxpaap,-0.7830364350196638,-0.9139525229498139,local,4
hMDS,7,ABpxpaaa,-0.7554485730458766,-0.9233697273398356,local,4
hMDS,7,ABpxp,-0.6427268549110395,-0.6360129200249521,global,1
hMDS,7,ABpxpp,-0.625625124536807,-0.6024630235849293,global,2
hMDS,7,ABpxpa,-0.7301281647776682,-0.7662877021666628,global,2
hMDS,7,ABpxppp,-0.759872197502218,-0.6315929521004853,global,3
hMDS,7,ABpxppa,-0.6477897723411489,-0.8856890000264531,global,3
hMDS,7,ABpxpap,-0.6312600068767347,-0.7533083981318184,global,3
hMDS,7,ABpxpaa,-0.6555630382403281,-0.6826877569444904,global,3
hMDS,7,ABpxpppp,-0.7164383021024259,-0.7500600672089965,local,4
hMDS,7,ABpxpppa,-0.8072183596342842,-0.8593078365629868,local,4
hMDS,7,ABpxppap,-0.7448798076865314,-0.8428275103477152,local,4
hMDS,7,ABpxppaa,-0.7558220002542062,-0.9097922153800454,local,4
hMDS,7,ABpxpaap,-0.7942636530380386,-0.9237688504833392,local,4
hMDS,7,ABpxpaaa,-0.7427429544251356,-0.9204896649850459,local,4
hMDS,7,ABpxp,-0.6751572084629973,-0.5451150503906971,global,1
hMDS,7,ABpxpp,-0.7166092378820454,-0.7786744206194656,global,2
hMDS,7,ABpxpa,-0.696094688293141,-0.7251054871454296,global,2
hMDS,7,ABpxppp,-0.7192790528097004,-0.6045853792381563,global,3
hMDS,7,ABpxppa,-0.6831195102583997,-0.8752182639477821,global,3
hMDS,7,ABpxpap,-0.7880923693430332,-0.8094162363390486,global,3
hMDS,7,ABpxpaa,-0.7028904627900535,-0.687336722360958,global,3
hMDS,7,ABpxpppp,-0.7319397856644544,-0.7904383819197313,local,4
hMDS,7,ABpxpppa,-0.7652193693434554,-0.8452863345184878,local,4
hMDS,7,ABpxppap,-0.748462899758904,-0.8459434951345269,local,4
hMDS,7,ABpxppaa,-0.7755988603772224,-0.9165018202997679,local,4
hMDS,7,ABpxpaap,-0.7730219587034531,-0.9156926190787134,local,4
hMDS,7,ABpxpaaa,-0.7156648218895478,-0.9260289993402532,local,4
hMDS,7,ABpxp,-0.6760390446096217,-0.6782612617185712,global,1
hMDS,7,ABpxpp,-0.7303219779458461,-0.7205610701855327,global,2
hMDS,7,ABpxpa,-0.647318092236355,-0.7380106235087922,global,2
hMDS,7,ABpxppp,-0.7237766048476102,-0.6037559678348221,global,3
hMDS,7,ABpxppa,-0.6636698461468742,-0.880305907639193,global,3
hMDS,7,ABpxpap,-0.7810406010302526,-0.6849005687966258,global,3
hMDS,7,ABpxpaa,-0.6932334228339739,-0.6668752556876091,global,3
hMDS,7,ABpxpppp,-0.7570308983522422,-0.7477725002318752,local,4
hMDS,7,ABpxpppa,-0.7778229849611569,-0.8524450689213938,local,4
hMDS,7,ABpxppap,-0.7364425388805775,-0.8394562958182201,local,4
hMDS,7,ABpxppaa,-0.7621625254213387,-0.9254510498186257,local,4
hMDS,7,ABpxpaap,-0.7520474833191435,-0.8873636395842173,local,4
hMDS,7,ABpxpaaa,-0.7230336493977798,-0.9123687372617938,local,4
hMDS,7,ABpxp,-0.6631646598113939,-0.7529715396654144,global,1
hMDS,7,ABpxpp,-0.6113864570402956,-0.7244604129803465,global,2
hMDS,7,ABpxpa,-0.7013410171049901,-0.6718283233597561,global,2
hMDS,7,ABpxppp,-0.6842117579582289,-0.624834435595031,global,3
hMDS,7,ABpxppa,-0.6919266386275159,-0.8629136617661719,global,3
hMDS,7,ABpxpap,-0.7974321595238443,-0.7520992382546454,global,3
hMDS,7,ABpxpaa,-0.7524919601678524,-0.6593921609336775,global,3
hMDS,7,ABpxpppp,-0.740981067010189,-0.7719393162038531,local,4
hMDS,7,ABpxpppa,-0.7993968881574541,-0.8601504884287298,local,4
hMDS,7,ABpxppap,-0.7486947220689872,-0.8533659174563656,local,4
hMDS,7,ABpxppaa,-0.7488052648078455,-0.9236105232023035,local,4
hMDS,7,ABpxpaap,-0.7452765545323385,-0.9041729621849555,local,4
hMDS,7,ABpxpaaa,-0.7043962122559353,-0.9068040089331919,local,4
hMDS,7,ABpxp,-0.7242341275892538,-0.6097902396419669,global,1
hMDS,7,ABpxpp,-0.6888207318952313,-0.6639410927830791,global,2
hMDS,7,ABpxpa,-0.6892477092726722,-0.7295235153065808,global,2
hMDS,7,ABpxppp,-0.7420212745982355,-0.5804286500643843,global,3
hMDS,7,ABpxppa,-0.7188475493311479,-0.8593141969572068,global,3
hMDS,7,ABpxpap,-0.8214131484046916,-0.7867374475265593,global,3
hMDS,7,ABpxpaa,-0.7034766235271993,-0.6877819213656653,global,3
hMDS,7,ABpxpppp,-0.7408981534508294,-0.7744241799710231,local,4
hMDS,7,ABpxpppa,-0.7731700958680936,-0.865956807300244,local,4
hMDS,7,ABpxppap,-0.7573670309621763,-0.8445610743227099,local,4
hMDS,7,ABpxppaa,-0.7877758712044465,-0.9175673678909491,local,4
hMDS,7,ABpxpaap,-0.7603628112562288,-0.9161004934049847,local,4
hMDS,7,ABpxpaaa,-0.7419012825329582,-0.9190012096334468,local,4
hMDS,7,ABpxp,-0.6706047370785041,-0.4939131658098087,global,1
hMDS,7,ABpxpp,-0.7224813296736438,-0.6992884455723909,global,2
hMDS,7,ABpxpa,-0.7228296633345637,-0.7274713066273645,global,2
hMDS,7,ABpxppp,-0.7439329981174205,-0.6099444156247351,global,3
hMDS,7,ABpxppa,-0.7123074116452436,-0.8902632476720544,global,3
hMDS,7,ABpxpap,-0.7912810658867885,-0.7603602574706632,global,3
hMDS,7,ABpxpaa,-0.7653913314455069,-0.6784806640357142,global,3
hMDS,7,ABpxpppp,-0.7514855598874871,-0.7805912104247669,local,4
hMDS,7,ABpxpppa,-0.8029070295369963,-0.8561169456425043,local,4
hMDS,7,ABpxppap,-0.7254379878414321,-0.8529613302682182,local,4
hMDS,7,ABpxppaa,-0.7648274914469331,-0.9076145266184242,local,4
hMDS,7,ABpxpaap,-0.7711205901801536,-0.9196844299360403,local,4
hMDS,7,ABpxpaaa,-0.653336334416996,-0.9125652212779618,local,4
hMDS,7,ABpxp,-0.6110199657056273,-0.5146154062659005,global,1
hMDS,7,ABpxpp,-0.7320936022326292,-0.6808675642344684,global,2
hMDS,7,ABpxpa,-0.7544607758597154,-0.7772228328298548,global,2
hMDS,7,ABpxppp,-0.7701632452470536,-0.5999730119592313,global,3
hMDS,7,ABpxppa,-0.6907177358031645,-0.8826743019138789,global,3
hMDS,7,ABpxpap,-0.80674731196766,-0.7507411585531832,global,3
hMDS,7,ABpxpaa,-0.7552821350487395,-0.6977654265150055,global,3
hMDS,7,ABpxpppp,-0.7673773783759181,-0.7846336483246883,local,4
hMDS,7,ABpxpppa,-0.7733155849010834,-0.8592644705354995,local,4
hMDS,7,ABpxppap,-0.7406010165312984,-0.8673614057364681,local,4
hMDS,7,ABpxppaa,-0.754826776375267,-0.9125688932543747,local,4
hMDS,7,ABpxpaap,-0.7236158811491491,-0.9024744053927836,local,4
hMDS,7,ABpxpaaa,-0.7203281520322775,-0.9152756962083122,local,4
hMDS,7,ABpxp,-0.5729350710743851,-0.6410170571240186,global,1
hMDS,7,ABpxpp,-0.6917288285478429,-0.6570463510009759,global,2
hMDS,7,ABpxpa,-0.7375247554210765,-0.7317982298612256,global,2
hMDS,7,ABpxppp,-0.7523575583370214,-0.5747682486404642,global,3
hMDS,7,ABpxppa,-0.6781465829277924,-0.8776366859455202,global,3
hMDS,7,ABpxpap,-0.8218315833834353,-0.70894497073774,global,3
hMDS,7,ABpxpaa,-0.7387940283824612,-0.6294961626675624,global,3
hMDS,7,ABpxpppp,-0.7319812544970182,-0.7937154347680958,local,4
hMDS,7,ABpxpppa,-0.7634399528282265,-0.8556452288537784,local,4
hMDS,7,ABpxppap,-0.7637534207898369,-0.8554484879510769,local,4
hMDS,7,ABpxppaa,-0.7886188754892449,-0.9237375152671145,local,4
hMDS,7,ABpxpaap,-0.7722015755963441,-0.9084588166980428,local,4
hMDS,7,ABpxpaaa,-0.7040529134423932,-0.9227000978258435,local,4
hMDS,7,ABpxp,-0.6694985023770247,-0.5712110007768704,global,1
hMDS,7,ABpxpp,-0.661127003868808,-0.7097740493265784,global,2
hMDS,7,ABpxpa,-0.6867096543809167,-0.7412148941497292,global,2
hMDS,7,ABpxppp,-0.7576395094077959,-0.5651564750896665,global,3
hMDS,7,ABpxppa,-0.7284119010635756,-0.8831668649838735,global,3
hMDS,7,ABpxpap,-0.7993270327396115,-0.6836844301354307,global,3
hMDS,7,ABpxpaa,-0.7203227432911694,-0.6916973321265703,global,3
PCA,7,ABpxpppp,-0.6835785133317733,-0.6162227716001348,local,4
PCA,7,ABpxpppa,-0.7209116554722034,-0.7638219542872672,local,4
PCA,7,ABpxppap,-0.7230122849637557,-0.33865505920023276,local,4
PCA,7,ABpxppaa,-0.7434693090702243,-0.8924636190432722,local,4
PCA,7,ABpxpaap,-0.7187265247691466,-0.8970810534904994,local,4
PCA,7,ABpxpaaa,-0.6554856048571611,-0.9297032094061485,local,4
PCA,7,ABpxp,-0.2423128769931508,-0.2661385596466524,global,1
PCA,7,ABpxpp,-0.5296905983497071,-0.6898652550415192,global,2
PCA,7,ABpxpa,-0.7100582418123583,-0.7072736061471169,global,2
PCA,7,ABpxppp,-0.6588324662121585,-0.48181145270366377,global,3
PCA,7,ABpxppa,-0.5957611423503955,-0.7799434888675956,global,3
PCA,7,ABpxpap,-0.6198135880469406,-0.8518539926768235,global,3
PCA,7,ABpxpaa,-0.6981114166295462,-0.6503422599751156,global,3
PCA,7,ABpxpppp,-0.6394336023441471,-0.6583393232737623,local,4
PCA,7,ABpxpppa,-0.6845793238920358,-0.7684651602474712,local,4
PCA,7,ABpxppap,-0.7303109541454795,-0.4101327959251254,local,4
PCA,7,ABpxppaa,-0.7298058478140108,-0.871320024904619,local,4
PCA,7,ABpxpaap,-0.7000063608518348,-0.8937569014941844,local,4
PCA,7,ABpxpaaa,-0.7268360424424218,-0.9298034714298051,local,4
PCA,7,ABpxp,-0.5581488114062559,-0.2646841067775151,global,1
PCA,7,ABpxpp,-0.625789492971642,-0.6750270258707634,global,2
PCA,7,ABpxpa,-0.6058225806939186,-0.7013917344406219,global,2
PCA,7,ABpxppp,-0.5920865664293629,-0.5428639050070212,global,3
PCA,7,ABpxppa,-0.6527779668494785,-0.7916563901175986,global,3
PCA,7,ABpxpap,-0.6332560551764754,-0.8020183307869437,global,3
PCA,7,ABpxpaa,-0.7267656997894837,-0.6203330621094637,global,3
PCA,7,ABpxpppp,-0.7057509936607204,-0.6694909796125672,local,4
PCA,7,ABpxpppa,-0.7015865635919011,-0.7822210726703632,local,4
PCA,7,ABpxppap,-0.717337275751895,-0.3209753080815253,local,4
PCA,7,ABpxppaa,-0.7294193311906503,-0.8825586017092079,local,4
PCA,7,ABpxpaap,-0.7472743577663208,-0.8966820600152309,local,4
PCA,7,ABpxpaaa,-0.7214823944665794,-0.9243740338892528,local,4
PCA,7,ABpxp,-0.539477622422852,-0.34322870870905936,global,1
PCA,7,ABpxpp,-0.5367662575462786,-0.7549556574789091,global,2
PCA,7,ABpxpa,-0.6925588931864747,-0.7709603488878058,global,2
PCA,7,ABpxppp,-0.6294623633656373,-0.535691572926875,global,3
PCA,7,ABpxppa,-0.6395964580705933,-0.7999959445410656,global,3
PCA,7,ABpxpap,-0.6538954319020777,-0.7501971393198565,global,3
PCA,7,ABpxpaa,-0.6599434975740855,-0.5691813377763799,global,3
PCA,7,ABpxpppp,-0.7106259763350097,-0.6397606179734907,local,4
PCA,7,ABpxpppa,-0.7110954812156652,-0.7972510505609112,local,4
PCA,7,ABpxppap,-0.7158210056795979,-0.3357571595545698,local,4
PCA,7,ABpxppaa,-0.7204013101352724,-0.8800484986136178,local,4
PCA,7,ABpxpaap,-0.704064521373224,-0.8927459212731212,local,4
PCA,7,ABpxpaaa,-0.6987622823181909,-0.9371238510854635,local,4
PCA,7,ABpxp,-0.08465475217101932,-0.2526384536616457,global,1
PCA,7,ABpxpp,-0.5911705773493855,-0.7095292938967177,global,2
PCA,7,ABpxpa,-0.6143951387505835,-0.7506897352425853,global,2
PCA,7,ABpxppp,-0.6062565209173922,-0.5452772036230628,global,3
PCA,7,ABpxppa,-0.6059198294832959,-0.8117652297196731,global,3
PCA,7,ABpxpap,-0.5827148508061621,-0.8302947206164827,global,3
PCA,7,ABpxpaa,-0.7270164164492838,-0.6252987323074467,global,3
PCA,7,ABpxpppp,-0.6758466485220309,-0.6174322309598794,local,4
PCA,7,ABpxpppa,-0.7063178694520029,-0.7889838706227958,local,4
PCA,7,ABpxppap,-0.7299170730734252,-0.3597994287576677,local,4
PCA,7,ABpxppaa,-0.7495667839124662,-0.8756251300977116,local,4
PCA,7,ABpxpaap,-0.727753337935626,-0.8988911911116175,local,4
PCA,7,ABpxpaaa,-0.6918653262931648,-0.9304046504144419,local,4
PCA,7,ABpxp,-0.2046811710200258,-0.2778060817641204,global,1
PCA,7,ABpxpp,-0.6387907665651913,-0.7325385412395324,global,2
PCA,7,ABpxpa,-0.6288984577007527,-0.7185715906085466,global,2
PCA,7,ABpxppp,-0.6375635803767501,-0.5798168736521612,global,3
PCA,7,ABpxppa,-0.6576837154293317,-0.8092565752352527,global,3
PCA,7,ABpxpap,-0.5879439024975964,-0.8315333360009386,global,3
PCA,7,ABpxpaa,-0.680990502323472,-0.6452008468653619,global,3
PCA,7,ABpxpppp,-0.6830758315468599,-0.6085277251635506,local,4
PCA,7,ABpxpppa,-0.6586740138372882,-0.7585786412257681,local,4
PCA,7,ABpxppap,-0.7283699284816655,-0.40851944772186144,local,4
PCA,7,ABpxppaa,-0.7246042455628143,-0.87843925990852,local,4
PCA,7,ABpxpaap,-0.7034798459383282,-0.9032957382055578,local,4
PCA,7,ABpxpaaa,-0.748439454005287,-0.9253627716801268,local,4
PCA,7,ABpxp,-0.22811770470881942,-0.30219217809665944,global,1
PCA,7,ABpxpp,-0.5801879305751402,-0.7555846550406131,global,2
PCA,7,ABpxpa,-0.6587822356264288,-0.7862861334177892,global,2
PCA,7,ABpxppp,-0.6495864238991014,-0.5316532338030628,global,3
PCA,7,ABpxppa,-0.647816671047492,-0.834319674629679,global,3
PCA,7,ABpxpap,-0.6312669979026455,-0.8189338120900389,global,3
PCA,7,ABpxpaa,-0.6722055560532211,-0.5552767221454151,global,3
PCA,7,ABpxpppp,-0.7523049955481211,-0.6674957259552139,local,4
PCA,7,ABpxpppa,-0.6762835445088616,-0.7460430108084153,local,4
PCA,7,ABpxppap,-0.7363278271682581,-0.36686919874340507,local,4
PCA,7,ABpxppaa,-0.7389583330270807,-0.8884474252452075,local,4
PCA,7,ABpxpaap,-0.717469826079738,-0.9044666352806944,local,4
PCA,7,ABpxpaaa,-0.6997689032781722,-0.9310176533277632,local,4
PCA,7,ABpxp,-0.36750600732203437,-0.20633433539486148,global,1
PCA,7,ABpxpp,-0.5345560123825603,-0.7125064123375072,global,2
PCA,7,ABpxpa,-0.6105870795419873,-0.7507692200409836,global,2
PCA,7,ABpxppp,-0.5107271669165137,-0.5466732903764341,global,3
PCA,7,ABpxppa,-0.5274838603406252,-0.8169066198285347,global,3
PCA,7,ABpxpap,-0.6728979259423518,-0.7992567343250754,global,3
PCA,7,ABpxpaa,-0.6983051094065158,-0.541103868995401,global,3
PCA,7,ABpxpppp,-0.6944470530751738,-0.6916945770277996,local,4
PCA,7,ABpxpppa,-0.6665444376404982,-0.7782376429705186,local,4
PCA,7,ABpxppap,-0.7036580578388845,-0.3308459325923633,local,4
PCA,7,ABpxppaa,-0.7454153504940042,-0.8865851947523427,local,4
PCA,7,ABpxpaap,-0.6763281923505475,-0.8845295489432509,local,4
PCA,7,ABpxpaaa,-0.7467548787545002,-0.9305193842476195,local,4
PCA,7,ABpxp,-0.4813864675505948,-0.20511959747833294,global,1
PCA,7,ABpxpp,-0.5942284009217436,-0.7403795406255018,global,2
PCA,7,ABpxpa,-0.6520952339406249,-0.7790532657521436,global,2
PCA,7,ABpxppp,-0.6708839995084237,-0.5652223923823008,global,3
PCA,7,ABpxppa,-0.6744450005981045,-0.7991096702284789,global,3
PCA,7,ABpxpap,-0.5824846586756656,-0.818764584334178,global,3
PCA,7,ABpxpaa,-0.7152136315267423,-0.6493977409553299,global,3
PCA,7,ABpxpppp,-0.6835672046983549,-0.6838151541049222,local,4
PCA,7,ABpxpppa,-0.6892472063999306,-0.76387438241612,local,4
PCA,7,ABpxppap,-0.7044750816778134,-0.34142307344083533,local,4
PCA,7,ABpxppaa,-0.7501839795076992,-0.8764906907377731,local,4
PCA,7,ABpxpaap,-0.7030245661290786,-0.8946691199924495,local,4
PCA,7,ABpxpaaa,-0.6715325486139517,-0.93093787224045,local,4
PCA,7,ABpxp,-0.4511611799789567,-0.13283300506840326,global,1
PCA,7,ABpxpp,-0.4678700551666904,-0.7415372397784422,global,2
PCA,7,ABpxpa,-0.5798793779137181,-0.737928769934752,global,2
PCA,7,ABpxppp,-0.6395899146738012,-0.5365550419118501,global,3
PCA,7,ABpxppa,-0.6228868512926629,-0.8269473936170324,global,3
PCA,7,ABpxpap,-0.6706259137191243,-0.8091664900678728,global,3
PCA,7,ABpxpaa,-0.7414832024257358,-0.5744209441771219,global,3
PCA,7,ABpxpppp,-0.6688319793961237,-0.6420767287111551,local,4
PCA,7,ABpxpppa,-0.7162416067575224,-0.7889394139685255,local,4
PCA,7,ABpxppap,-0.7272883288048143,-0.37660475712153546,local,4
PCA,7,ABpxppaa,-0.756924466167895,-0.8788775426227935,local,4
PCA,7,ABpxpaap,-0.7211927022207594,-0.9017747638217107,local,4
PCA,7,ABpxpaaa,-0.6967140422600655,-0.9195149971911789,local,4
PCA,7,ABpxp,-0.49060156760170487,-0.2457915911833458,global,1
PCA,7,ABpxpp,-0.6423094590274404,-0.700648579220562,global,2
PCA,7,ABpxpa,-0.6909377633318984,-0.8052013473321079,global,2
PCA,7,ABpxppp,-0.620231174625067,-0.4894953485856788,global,3
PCA,7,ABpxppa,-0.6837342790718756,-0.8101015735678015,global,3
PCA,7,ABpxpap,-0.5638549552200617,-0.7959470462582373,global,3
PCA,7,ABpxpaa,-0.7205033390140507,-0.6175019565640629,global,3
PCA,7,ABpxpppp,-0.6801577212887353,-0.6454751539588813,local,4
PCA,7,ABpxpppa,-0.729336174020154,-0.7874553976390568,local,4
PCA,7,ABpxppap,-0.7288395614283455,-0.35073036870795093,local,4
PCA,7,ABpxppaa,-0.7587825724482606,-0.8822334693017874,local,4
PCA,7,ABpxpaap,-0.7123694802110825,-0.8938333065567102,local,4
PCA,7,ABpxpaaa,-0.6968207383653686,-0.9277126263311017,local,4
PCA,7,ABpxp,-0.4630190038231178,-0.4134351037596168,global,1
PCA,7,ABpxpp,-0.511884180850391,-0.7550574700875959,global,2
PCA,7,ABpxpa,-0.62607721593726,-0.7597894399849496,global,2
PCA,7,ABpxppp,-0.5795932971530066,-0.5467260579591171,global,3
PCA,7,ABpxppa,-0.6392788298616762,-0.7751634316552078,global,3
PCA,7,ABpxpap,-0.5959237115633242,-0.8016143511125969,global,3
PCA,7,ABpxpaa,-0.6957681937417565,-0.6242313367116136,global,3
PCA,7,ABpxpppp,-0.666446658900332,-0.6268407139153269,local,4
PCA,7,ABpxpppa,-0.7137149331262806,-0.7716821931847341,local,4
PCA,7,ABpxppap,-0.7144867085514924,-0.3745434659404784,local,4
PCA,7,ABpxppaa,-0.7229787280893272,-0.8874183416419746,local,4
PCA,7,ABpxpaap,-0.6818923843182212,-0.8846790042980177,local,4
PCA,7,ABpxpaaa,-0.6998435979672282,-0.9303002365537305,local,4
PCA,7,ABpxp,-0.3176165526216365,-0.2689695026595141,global,1
PCA,7,ABpxpp,-0.5965061680398942,-0.7226374581662294,global,2
PCA,7,ABpxpa,-0.7305226226404843,-0.7665019790093358,global,2
PCA,7,ABpxppp,-0.6094879662173969,-0.49001785887274313,global,3
PCA,7,ABpxppa,-0.6277544250213444,-0.7923597945722769,global,3
PCA,7,ABpxpap,-0.5918374868455313,-0.8351014160190126,global,3
PCA,7,ABpxpaa,-0.694283730535216,-0.6354793176228799,global,3
PCA,7,ABpxpppp,-0.6267361178338586,-0.6509682650092135,local,4
PCA,7,ABpxpppa,-0.7072474684119427,-0.7843973234583141,local,4
PCA,7,ABpxppap,-0.6999116695269001,-0.39224290637534054,local,4
PCA,7,ABpxppaa,-0.7369487670449796,-0.8707170543439772,local,4
PCA,7,ABpxpaap,-0.7215306348135109,-0.8956259585354169,local,4
PCA,7,ABpxpaaa,-0.6947433017223745,-0.9289941582354491,local,4
PCA,7,ABpxp,-0.30385323480333365,-0.11120690256916646,global,1
PCA,7,ABpxpp,-0.5777371686384059,-0.7517184946112268,global,2
PCA,7,ABpxpa,-0.5811954139349095,-0.6980829224522028,global,2
PCA,7,ABpxppp,-0.6432600697195487,-0.5624611085065898,global,3
PCA,7,ABpxppa,-0.607100933899295,-0.7925630106881828,global,3
PCA,7,ABpxpap,-0.702694698035156,-0.8648159115253131,global,3
PCA,7,ABpxpaa,-0.7020174953116286,-0.5413744944144165,global,3
PCA,7,ABpxpppp,-0.6581680151158468,-0.7007247039821459,local,4
PCA,7,ABpxpppa,-0.7013251360426462,-0.7663947860161887,local,4
PCA,7,ABpxppap,-0.730484535011795,-0.3459122287881181,local,4
PCA,7,ABpxppaa,-0.7371465638497524,-0.8812367028383785,local,4
PCA,7,ABpxpaap,-0.7184914246679021,-0.8924477532259851,local,4
PCA,7,ABpxpaaa,-0.7044420018849737,-0.9210408197332274,local,4
PCA,7,ABpxp,-0.5243037297652982,-0.5091916501494433,global,1
PCA,7,ABpxpp,-0.5460568545918354,-0.7582918455583898,global,2
PCA,7,ABpxpa,-0.647101840973172,-0.7401800900894615,global,2
PCA,7,ABpxppp,-0.6654344801411509,-0.5040919235340047,global,3
PCA,7,ABpxppa,-0.6699396201757475,-0.8011860762653682,global,3
PCA,7,ABpxpap,-0.6696910928340558,-0.8269186271208042,global,3
PCA,7,ABpxpaa,-0.7383058000382162,-0.5425559757717151,global,3
PCA,7,ABpxpppp,-0.7142873147242206,-0.6601656900422508,local,4
PCA,7,ABpxpppa,-0.7033564271009783,-0.7826402191790142,local,4
PCA,7,ABpxppap,-0.7604259835505337,-0.4187271527017171,local,4
PCA,7,ABpxppaa,-0.750946831094116,-0.8714295436895775,local,4
PCA,7,ABpxpaap,-0.7300857174344346,-0.8896553969451854,local,4
PCA,7,ABpxpaaa,-0.7219371715608314,-0.9184221298046061,local,4
PCA,7,ABpxp,-0.5893813000299006,-0.30573546584127054,global,1
PCA,7,ABpxpp,-0.5172037052455727,-0.7750620045113288,global,2
PCA,7,ABpxpa,-0.6955611565534646,-0.7202046965778814,global,2
PCA,7,ABpxppp,-0.5450424351194729,-0.478063086144105,global,3
PCA,7,ABpxppa,-0.623900607232835,-0.803593632173191,global,3
PCA,7,ABpxpap,-0.6018190064603294,-0.823426436631607,global,3
PCA,7,ABpxpaa,-0.6829142245375588,-0.5666961956059486,global,3
PCA,7,ABpxpppp,-0.6970739351358155,-0.613061967152236,local,4
PCA,7,ABpxpppa,-0.7313014822163558,-0.764648321017619,local,4
PCA,7,ABpxppap,-0.6758094889275017,-0.3561346999103223,local,4
PCA,7,ABpxppaa,-0.7459713487909775,-0.8839645131046574,local,4
PCA,7,ABpxpaap,-0.7320900709946692,-0.896041207857927,local,4
PCA,7,ABpxpaaa,-0.7230886629175297,-0.9199193749469016,local,4
PCA,7,ABpxp,-0.4022606152981484,-0.21600416852018928,global,1
PCA,7,ABpxpp,-0.586136063321838,-0.7828175608439988,global,2
PCA,7,ABpxpa,-0.7100810784859897,-0.7253173393343086,global,2
PCA,7,ABpxppp,-0.6322403170528712,-0.5207459462504918,global,3
PCA,7,ABpxppa,-0.6571572981790929,-0.7877266036659366,global,3
PCA,7,ABpxpap,-0.7295258273754972,-0.8478485868404825,global,3
PCA,7,ABpxpaa,-0.7021072794194364,-0.6551921910313422,global,3
PCA,7,ABpxpppp,-0.6929829353944127,-0.634219494773921,local,4
PCA,7,ABpxpppa,-0.6961542357213587,-0.783842619203584,local,4
PCA,7,ABpxppap,-0.711185080009884,-0.3428072124322592,local,4
PCA,7,ABpxppaa,-0.7566681573356072,-0.8860591405635687,local,4
PCA,7,ABpxpaap,-0.6995053856842344,-0.8964338558138802,local,4
PCA,7,ABpxpaaa,-0.7385773045370483,-0.9307001401312387,local,4
PCA,7,ABpxp,-0.16060824983464317,-0.25033534751284475,global,1
PCA,7,ABpxpp,-0.5365530137085215,-0.7779744674773807,global,2
PCA,7,ABpxpa,-0.6769705229714914,-0.7966498758526729,global,2
PCA,7,ABpxppp,-0.5785206000360474,-0.5446633218406751,global,3
PCA,7,ABpxppa,-0.6455910991962538,-0.8235941524068717,global,3
PCA,7,ABpxpap,-0.6998654691508395,-0.8509116362159617,global,3
PCA,7,ABpxpaa,-0.6526364339795697,-0.5679314885588845,global,3
PCA,7,ABpxpppp,-0.6749944347241044,-0.6642435704591816,local,4
PCA,7,ABpxpppa,-0.7106737627792842,-0.7506607886390613,local,4
PCA,7,ABpxppap,-0.7247694204993563,-0.37055177633168157,local,4
PCA,7,ABpxppaa,-0.6794526423101909,-0.8941870482986641,local,4
PCA,7,ABpxpaap,-0.7071665865457835,-0.8973831722831214,local,4
PCA,7,ABpxpaaa,-0.6840849613919175,-0.9291322897528589,local,4
PCA,7,ABpxp,-0.5710662120549888,-0.3234920597557125,global,1
PCA,7,ABpxpp,-0.5842579625213289,-0.7129157137943086,global,2
PCA,7,ABpxpa,-0.6397871899224066,-0.7704266574699542,global,2
PCA,7,ABpxppp,-0.5952975525682289,-0.6046993329640239,global,3
PCA,7,ABpxppa,-0.6230700437802389,-0.8122230426650096,global,3
PCA,7,ABpxpap,-0.642663755991393,-0.8349121508897974,global,3
PCA,7,ABpxpaa,-0.7426897510157241,-0.6552359522535562,global,3
PCA,7,ABpxpppp,-0.7209320550281098,-0.6092688497293239,local,4
PCA,7,ABpxpppa,-0.6921049387096407,-0.7815179891788322,local,4
PCA,7,ABpxppap,-0.7029687181264752,-0.381053306759112,local,4
PCA,7,ABpxppaa,-0.7212442433729823,-0.8816980035300341,local,4
PCA,7,ABpxpaap,-0.7321659575729814,-0.890716925129033,local,4
PCA,7,ABpxpaaa,-0.7338391610395556,-0.9311970930347374,local,4
PCA,7,ABpxp,-0.2889963857773211,-0.14469517295192294,global,1
PCA,7,ABpxpp,-0.5395925026485069,-0.7441200401034549,global,2
PCA,7,ABpxpa,-0.578277492869165,-0.7871095374762211,global,2
PCA,7,ABpxppp,-0.6249442310573359,-0.5179058628920197,global,3
PCA,7,ABpxppa,-0.6533340801216433,-0.788649906609069,global,3
PCA,7,ABpxpap,-0.5779153498255095,-0.8271948621699545,global,3
PCA,7,ABpxpaa,-0.6774379882632668,-0.5433305441669888,global,3
PCA,7,ABpxpppp,-0.6748310525990522,-0.6814862743340606,local,4
PCA,7,ABpxpppa,-0.6926138063595825,-0.7709329804598325,local,4
PCA,7,ABpxppap,-0.7332509653621264,-0.3605141456644845,local,4
PCA,7,ABpxppaa,-0.762493099123463,-0.88290514898097,local,4
PCA,7,ABpxpaap,-0.7206231635051117,-0.8938329830133013,local,4
PCA,7,ABpxpaaa,-0.7335774036919651,-0.9328008070012128,local,4
PCA,7,ABpxp,-0.4893550984363509,-0.24897972407091917,global,1
PCA,7,ABpxpp,-0.407787451936644,-0.727787212407629,global,2
PCA,7,ABpxpa,-0.686366097695066,-0.7841115292573995,global,2
PCA,7,ABpxppp,-0.664850363906068,-0.5750039802324902,global,3
PCA,7,ABpxppa,-0.6618474114202332,-0.8125540519609039,global,3
PCA,7,ABpxpap,-0.6587173418728814,-0.8315994457795429,global,3
PCA,7,ABpxpaa,-0.699242137133341,-0.6041350048368282,global,3
UMAP,7,ABpxpppp,-0.47206823127684805,-0.7651895084958188,local,4
UMAP,7,ABpxpppa,-0.6420676723225159,-0.8982904340872471,local,4
UMAP,7,ABpxppap,-0.6907398611892577,-0.9016593612320948,local,4
UMAP,7,ABpxppaa,-0.6150194400185396,-0.8884861017808496,local,4
UMAP,7,ABpxpaap,-0.7361982785985359,-0.9606931890155126,local,4
UMAP,7,ABpxpaaa,-0.556851452277991,-0.9562052405053098,local,4
UMAP,7,ABpxp,-0.3289651272541939,-0.3335397311880755,global,1
UMAP,7,ABpxpp,-0.634185019026344,-0.8245550592872652,global,2
UMAP,7,ABpxpa,-0.8501239556002078,-0.8361107710937866,global,2
UMAP,7,ABpxppp,-0.5570124497274171,-0.7704148564314106,global,3
UMAP,7,ABpxppa,-0.5517706237929523,-0.9067500104469465,global,3
UMAP,7,ABpxpap,-0.5141584237575287,-0.8764793567620532,global,3
UMAP,7,ABpxpaa,-0.5386403961577068,-0.6517472859289407,global,3
UMAP,7,ABpxpppp,-0.5095362444413593,-0.6527167905391944,local,4
UMAP,7,ABpxpppa,-0.7881331129419852,-0.9036576264298535,local,4
UMAP,7,ABpxppap,-0.42962164824950183,-0.8741458942422575,local,4
UMAP,7,ABpxppaa,-0.49363825212215623,-0.7983062391982021,local,4
UMAP,7,ABpxpaap,-0.7873796671863394,-0.9522866475987305,local,4
UMAP,7,ABpxpaaa,-0.6527063524063265,-0.9470682154992368,local,4
UMAP,7,ABpxp,-0.7125468949798234,-0.24377832549191597,global,1
UMAP,7,ABpxpp,-0.590771464759301,-0.8223723015635742,global,2
UMAP,7,ABpxpa,-0.6216902884613666,-0.7599103646051998,global,2
UMAP,7,ABpxppp,-0.6396505925613934,-0.8229531545135245,global,3
UMAP,7,ABpxppa,-0.5631662314891291,-0.9138811560320143,global,3
UMAP,7,ABpxpap,-0.6851825547995836,-0.8751510708454998,global,3
UMAP,7,ABpxpaa,-0.37670650565702163,-0.1960496433808143,global,3
UMAP,7,ABpxpppp,-0.5330644508223067,-0.7675855159111608,local,4
UMAP,7,ABpxpppa,-0.7254998272212556,-0.8556030783879132,local,4
UMAP,7,ABpxppap,-0.6435580073967988,-0.8931812893466524,local,4
UMAP,7,ABpxppaa,-0.5804819075056029,-0.8029866292851273,local,4
UMAP,7,ABpxpaap,-0.6748836830122446,-0.9292599707243319,local,4
UMAP,7,ABpxpaaa,-0.6399898566087707,-0.9429962124081559,local,4
UMAP,7,ABpxp,-0.718488885230415,-0.09244192283447308,global,1
UMAP,7,ABpxpp,-0.39964219178633253,-0.811241752511088,global,2
UMAP,7,ABpxpa,-0.795494216774739,-0.8197630583524488,global,2
UMAP,7,ABpxppp,-0.4275751617650369,-0.6836761172336128,global,3
UMAP,7,ABpxppa,-0.34162736417877165,-0.9026588721026467,global,3
UMAP,7,ABpxpap,-0.5511731922009552,-0.4524468091559031,global,3
UMAP,7,ABpxpaa,-0.2472780405650473,-0.16580602402601122,global,3
UMAP,7,ABpxpppp,-0.49284165889611947,-0.6443088248122608,local,4
UMAP,7,ABpxpppa,-0.7356257199587543,-0.8859364354911975,local,4
UMAP,7,ABpxppap,-0.727045266700685,-0.8943305381412965,local,4
UMAP,7,ABpxppaa,-0.6647730319873352,-0.880603767406406,local,4
UMAP,7,ABpxpaap,-0.766672620670072,-0.9513864604069895,local,4
UMAP,7,ABpxpaaa,-0.658995517774654,-0.9449257601968677,local,4
UMAP,7,ABpxp,-0.39562095192861035,-0.28727910629328884,global,1
UMAP,7,ABpxpp,-0.56517126930197,-0.7340011656845155,global,2
UMAP,7,ABpxpa,-0.8182096732391007,-0.8041631887177078,global,2
UMAP,7,ABpxppp,-0.6095865321645249,-0.7875018100403472,global,3
UMAP,7,ABpxppa,-0.5303316858113496,-0.9092847789021037,global,3
UMAP,7,ABpxpap,-0.46981555482910986,-0.8846008932242426,global,3
UMAP,7,ABpxpaa,-0.32717885125035706,-0.21623623115116913,global,3
UMAP,7,ABpxpppp,-0.4953544392766561,-0.7901690117710698,local,4
UMAP,7,ABpxpppa,-0.5448403013974613,-0.6688915734959514,local,4
UMAP,7,ABpxppap,-0.7090334044118745,-0.9025023039810057,local,4
UMAP,7,ABpxppaa,-0.46283389286936116,-0.7412523658060431,local,4
UMAP,7,ABpxpaap,-0.7291970471760101,-0.9494567239651355,local,4
UMAP,7,ABpxpaaa,-0.6910871744084973,-0.9392999633261823,local,4
UMAP,7,ABpxp,-0.46991650029952975,-0.40988334454405145,global,1
UMAP,7,ABpxpp,-0.38362564117499687,-0.7364215266524106,global,2
UMAP,7,ABpxpa,-0.6332363078702985,-0.7040198646911848,global,2
UMAP,7,ABpxppp,-0.519668035367005,-0.8053487989937257,global,3
UMAP,7,ABpxppa,-0.34965744494042994,-0.9164755200524473,global,3
UMAP,7,ABpxpap,-0.6348743942250843,-0.8805440079992025,global,3
UMAP,7,ABpxpaa,-0.07985274147302081,-0.23531881525791468,global,3
UMAP,7,ABpxpppp,-0.5253489684800001,-0.7672100779891328,local,4
UMAP,7,ABpxpppa,-0.6956023190719203,-0.9031151217251909,local,4
UMAP,7,ABpxppap,-0.5500096143136551,-0.7864413981149183,local,4
UMAP,7,ABpxppaa,-0.6290626497316346,-0.8893587282525361,local,4
UMAP,7,ABpxpaap,-0.7098953965890316,-0.9295978260126521,local,4
UMAP,7,ABpxpaaa,-0.46222566887007327,-0.9460702534550436,local,4
UMAP,7,ABpxp,-0.6949004732964269,-0.27137856886113293,global,1
UMAP,7,ABpxpp,-0.39646456209685776,-0.655569653733747,global,2
UMAP,7,ABpxpa,-0.8814564192578109,-0.7684793499913309,global,2
UMAP,7,ABpxppp,-0.7413523099898991,-0.830274574054588,global,3
UMAP,7,ABpxppa,-0.5671875271543484,-0.9161877615244,global,3
UMAP,7,ABpxpap,-0.5344815507710062,-0.8794702229388688,global,3
UMAP,7,ABpxpaa,-0.5859942763640942,-0.6414075352544536,global,3
UMAP,7,ABpxpppp,-0.3747213881163052,-0.6541810515630616,local,4
UMAP,7,ABpxpppa,-0.6321279289436986,-0.8813464290237517,local,4
UMAP,7,ABpxppap,-0.7409557908099187,-0.8935928202887431,local,4
UMAP,7,ABpxppaa,-0.47546573488817606,-0.749075232444913,local,4
UMAP,7,ABpxpaap,-0.7558852116845072,-0.9709590930936709,local,4
UMAP,7,ABpxpaaa,-0.6770929991392891,-0.9574374622422296,local,4
UMAP,7,ABpxp,-0.39606783999748485,-0.39240893391501025,global,1
UMAP,7,ABpxpp,-0.28599431343094184,-0.801684029467205,global,2
UMAP,7,ABpxpa,-0.6646702068679603,-0.7867306160403977,global,2
UMAP,7,ABpxppp,-0.6315549033309438,-0.8217027276061551,global,3
UMAP,7,ABpxppa,-0.5343060623867667,-0.9155503031540767,global,3
UMAP,7,ABpxpap,-0.38772502730475883,-0.8384342302769603,global,3
UMAP,7,ABpxpaa,-0.6163506159320401,-0.24958041852064633,global,3
UMAP,7,ABpxpppp,-0.506671844819897,-0.7393995536830696,local,4
UMAP,7,ABpxpppa,-0.7166898694854602,-0.9070938366009157,local,4
UMAP,7,ABpxppap,-0.7347892057541373,-0.8983727738231149,local,4
UMAP,7,ABpxppaa,-0.5194943904746004,-0.7641796643322706,local,4
UMAP,7,ABpxpaap,-0.8007251555855947,-0.9628247926989618,local,4
UMAP,7,ABpxpaaa,-0.6055004105534482,-0.9465028701233027,local,4
UMAP,7,ABpxp,-0.299002492860671,-0.18406874543424165,global,1
UMAP,7,ABpxpp,-0.5624647593975194,-0.7917787430838825,global,2
UMAP,7,ABpxpa,-0.7570874613652168,-0.8187821798133611,global,2
UMAP,7,ABpxppp,-0.6388869067028243,-0.827623359578972,global,3
UMAP,7,ABpxppa,-0.4946885443016826,-0.9046166317047132,global,3
UMAP,7,ABpxpap,-0.5404257717422453,-0.8223984514314175,global,3
UMAP,7,ABpxpaa,-0.34175725607666635,-0.22412009815624637,global,3
UMAP,7,ABpxpppp,-0.3630329266587016,-0.6027257574362768,local,4
UMAP,7,ABpxpppa,-0.8079895352324324,-0.9099289767802404,local,4
UMAP,7,ABpxppap,-0.7273187254138285,-0.8975478326108699,local,4
UMAP,7,ABpxppaa,-0.510326806819237,-0.7602472438588673,local,4
UMAP,7,ABpxpaap,-0.8040084777557335,-0.9709668608071584,local,4
UMAP,7,ABpxpaaa,-0.6844218113954254,-0.9309980175752155,local,4
UMAP,7,ABpxp,-0.46731290735957215,-0.29533009295315904,global,1
UMAP,7,ABpxpp,-0.3847098602862496,-0.6144765834617039,global,2
UMAP,7,ABpxpa,-0.7059731074052595,-0.7946878055144488,global,2
UMAP,7,ABpxppp,-0.5304329584009028,-0.5063943670586515,global,3
UMAP,7,ABpxppa,-0.5037624037382008,-0.9113833144464919,global,3
UMAP,7,ABpxpap,-0.6905505254674613,-0.8806965668308839,global,3
UMAP,7,ABpxpaa,-0.17502330724079423,-0.1399639554857602,global,3
UMAP,7,ABpxpppp,-0.3980922003854212,-0.5612295470772862,local,4
UMAP,7,ABpxpppa,-0.22079940577844084,-0.8403613433906993,local,4
UMAP,7,ABpxppap,-0.5234095982884797,-0.880454066507033,local,4
UMAP,7,ABpxppaa,-0.423867344970777,-0.7460186911210193,local,4
UMAP,7,ABpxpaap,-0.8029635077671162,-0.9727392038350768,local,4
UMAP,7,ABpxpaaa,-0.6722824922618733,-0.9544776704826146,local,4
UMAP,7,ABpxp,-0.3581787231861224,0.01755806457685277,global,1
UMAP,7,ABpxpp,-0.7125071848702857,-0.7964281184598831,global,2
UMAP,7,ABpxpa,-0.8351758237737544,-0.70134052302145,global,2
UMAP,7,ABpxppp,-0.7654586838356273,-0.8399574549597268,global,3
UMAP,7,ABpxppa,-0.4894675309731277,-0.9014787952551996,global,3
UMAP,7,ABpxpap,-0.6720726147215834,-0.8654818376066553,global,3
UMAP,7,ABpxpaa,-0.3385573979202252,-0.23225426799520976,global,3
UMAP,7,ABpxpppp,-0.48295763028611366,-0.7374906780953822,local,4
UMAP,7,ABpxpppa,-0.559928444373924,-0.8740873620200601,local,4
UMAP,7,ABpxppap,-0.6703591566862201,-0.8968600313031632,local,4
UMAP,7,ABpxppaa,-0.4809070329420709,-0.7552302284564598,local,4
UMAP,7,ABpxpaap,-0.7642789416825231,-0.9398719470324777,local,4
UMAP,7,ABpxpaaa,-0.541533476002795,-0.9391742108190292,local,4
UMAP,7,ABpxp,-0.42160355126461607,-0.338766273224242,global,1
UMAP,7,ABpxpp,-0.5981098849645926,-0.7713742493169784,global,2
UMAP,7,ABpxpa,-0.7426621585627858,-0.793180204811566,global,2
UMAP,7,ABpxppp,-0.46957722052938355,-0.5314899543266367,global,3
UMAP,7,ABpxppa,-0.12447937897958487,-0.6090415966172973,global,3
UMAP,7,ABpxpap,-0.4090374056913924,-0.6690462953969832,global,3
UMAP,7,ABpxpaa,-0.15256142360071706,-0.23359283272260786,global,3
UMAP,7,ABpxpppp,-0.47881681130219456,-0.7593843539965899,local,4
UMAP,7,ABpxpppa,-0.7252759261955504,-0.8856146367586814,local,4
UMAP,7,ABpxppap,-0.6797564188934175,-0.8933296764173353,local,4
UMAP,7,ABpxppaa,-0.7012574178045397,-0.9067481569471552,local,4
UMAP,7,ABpxpaap,-0.7483906524611857,-0.9491639714695362,local,4
UMAP,7,ABpxpaaa,-0.6625752920260892,-0.9417970317691138,local,4
UMAP,7,ABpxp,-0.34970489060199317,-0.3804537676983792,global,1
UMAP,7,ABpxpp,-0.41251897813154725,-0.7570405515057249,global,2
UMAP,7,ABpxpa,-0.8441808209593364,-0.829531990737741,global,2
UMAP,7,ABpxppp,-0.6239871640494212,-0.826805668971198,global,3
UMAP,7,ABpxppa,-0.5557687214875295,-0.9039493159862608,global,3
UMAP,7,ABpxpap,-0.752669671857777,-0.8594100611416549,global,3
UMAP,7,ABpxpaa,-0.5489297649582836,-0.2345701056829652,global,3
UMAP,7,ABpxpppp,-0.5278292349243278,-0.7749606927771723,local,4
UMAP,7,ABpxpppa,-0.7647101460388179,-0.9073058626815717,local,4
UMAP,7,ABpxppap,-0.37878574826615674,-0.8111812192354734,local,4
UMAP,7,ABpxppaa,-0.5024054604438116,-0.7845222925517631,local,4
UMAP,7,ABpxpaap,-0.7714252442548586,-0.9612455367282824,local,4
UMAP,7,ABpxpaaa,-0.5114179609280567,-0.9537279044566472,local,4
UMAP,7,ABpxp,-0.3982918916743226,-0.4201441325299072,global,1
UMAP,7,ABpxpp,-0.6493763211602392,-0.801543121754895,global,2
UMAP,7,ABpxpa,-0.8772877014818361,-0.8126068759429415,global,2
UMAP,7,ABpxppp,-0.46081181303110674,-0.46268868438248445,global,3
UMAP,7,ABpxppa,-0.5817880855514322,-0.9146989879397769,global,3
UMAP,7,ABpxpap,-0.6195248450519095,-0.842102512351061,global,3
UMAP,7,ABpxpaa,-0.1771672910365084,-0.017812213499008692,global,3
UMAP,7,ABpxpppp,-0.4142074040350858,-0.7328245364862678,local,4
UMAP,7,ABpxpppa,-0.5567768657968455,-0.9011966940795643,local,4
UMAP,7,ABpxppap,-0.7201402767071361,-0.8574643074017283,local,4
UMAP,7,ABpxppaa,-0.46394011290096615,-0.7795763031725648,local,4
UMAP,7,ABpxpaap,-0.7771473923831074,-0.9757694719423889,local,4
UMAP,7,ABpxpaaa,-0.5648034931393064,-0.9541562909282457,local,4
UMAP,7,ABpxp,-0.4301249840401945,-0.22636761674944728,global,1
UMAP,7,ABpxpp,-0.2532416468390266,-0.7003610089103436,global,2
UMAP,7,ABpxpa,-0.8040515552509685,-0.7968078680690129,global,2
UMAP,7,ABpxppp,-0.6209963688777458,-0.8266609572550019,global,3
UMAP,7,ABpxppa,-0.49689902641053063,-0.914139814966724,global,3
UMAP,7,ABpxpap,-0.5560460098660228,-0.8662914681084776,global,3
UMAP,7,ABpxpaa,-0.16678540230688305,-0.23601382509931615,global,3
UMAP,7,ABpxpppp,-0.4537385288767293,-0.7834573492965297,local,4
UMAP,7,ABpxpppa,-0.7437835046434619,-0.8788719400507249,local,4
UMAP,7,ABpxppap,-0.46030029576909415,-0.8902671560742534,local,4
UMAP,7,ABpxppaa,-0.42345516422756435,-0.7427264608168557,local,4
UMAP,7,ABpxpaap,-0.7335087765781885,-0.9629794109164682,local,4
UMAP,7,ABpxpaaa,-0.5311232725183113,-0.9417582705301788,local,4
UMAP,7,ABpxp,-0.5463898407363571,-0.3453231521518227,global,1
UMAP,7,ABpxpp,-0.36897024566985537,-0.7962983097733833,global,2
UMAP,7,ABpxpa,-0.8892293994520265,-0.8092007911460857,global,2
UMAP,7,ABpxppp,-0.4713312785651601,-0.7695636572157992,global,3
UMAP,7,ABpxppa,-0.6371004676761335,-0.919623456710559,global,3
UMAP,7,ABpxpap,-0.7020733646072853,-0.861344452479131,global,3
UMAP,7,ABpxpaa,-0.27058346810868805,-0.06533155980655152,global,3
UMAP,7,ABpxpppp,-0.507895259397008,-0.7610267963916302,local,4
UMAP,7,ABpxpppa,-0.5997838876497263,-0.8666873682770478,local,4
UMAP,7,ABpxppap,-0.7497156841413528,-0.8972402936573411,local,4
UMAP,7,ABpxppaa,-0.6672760999783217,-0.8388198063271717,local,4
UMAP,7,ABpxpaap,-0.7811477605804082,-0.9698280446324017,local,4
UMAP,7,ABpxpaaa,-0.6159960863713697,-0.9376761173929733,local,4
UMAP,7,ABpxp,-0.5607413478823949,-0.44535945220675693,global,1
UMAP,7,ABpxpp,-0.5357682414541891,-0.7543480101074544,global,2
UMAP,7,ABpxpa,-0.8924213959606512,-0.8149038076532695,global,2
UMAP,7,ABpxppp,-0.7383228947266716,-0.8139518186482644,global,3
UMAP,7,ABpxppa,-0.5529000245546591,-0.9218134626810807,global,3
UMAP,7,ABpxpap,-0.43139547094735453,-0.8334609378792812,global,3
UMAP,7,ABpxpaa,-0.3544557862936498,-0.5953594775413036,global,3
UMAP,7,ABpxpppp,-0.48400483335928923,-0.7523019673624165,local,4
UMAP,7,ABpxpppa,-0.6264026263698164,-0.9185977724752125,local,4
UMAP,7,ABpxppap,-0.6521621808283942,-0.8908365542453613,local,4
UMAP,7,ABpxppaa,-0.60086045018949,-0.742728219585193,local,4
UMAP,7,ABpxpaap,-0.7693105956819263,-0.9781325651866596,local,4
UMAP,7,ABpxpaaa,-0.52656150111914,-0.9486054406392334,local,4
UMAP,7,ABpxp,-0.6798762740278852,-0.3423654602328954,global,1
UMAP,7,ABpxpp,-0.4028649570747658,-0.6686854697677196,global,2
UMAP,7,ABpxpa,-0.6847631538955412,-0.8024540228294527,global,2
UMAP,7,ABpxppp,-0.5127457519059069,-0.8042601082874197,global,3
UMAP,7,ABpxppa,-0.4635113461574832,-0.9139684648835208,global,3
UMAP,7,ABpxpap,-0.6001121631797628,-0.8418807534812783,global,3
UMAP,7,ABpxpaa,-0.4762733602537707,-0.6364162593436681,global,3
UMAP,7,ABpxpppp,-0.3837108041012294,-0.4590419923947011,local,4
UMAP,7,ABpxpppa,-0.7303223836187885,-0.8920017617436117,local,4
UMAP,7,ABpxppap,-0.66281410035875,-0.8863885352115339,local,4
UMAP,7,ABpxppaa,-0.6266417715686817,-0.8428756623480966,local,4
UMAP,7,ABpxpaap,-0.7794034375207637,-0.9582672896627183,local,4
UMAP,7,ABpxpaaa,-0.46609367110991834,-0.9040753701501308,local,4
UMAP,7,ABpxp,-0.5572401490564879,-0.22957443789791057,global,1
UMAP,7,ABpxpp,-0.34966256043985877,-0.7529113333269353,global,2
UMAP,7,ABpxpa,-0.7603149108768376,-0.7760364409827751,global,2
UMAP,7,ABpxppp,-0.7709149064397649,-0.8428674653507034,global,3
UMAP,7,ABpxppa,-0.47013403463710646,-0.9003529510018713,global,3
UMAP,7,ABpxpap,-0.7220453293331897,-0.8487824095367642,global,3
UMAP,7,ABpxpaa,-0.3825095858042106,-0.3217241009343312,global,3
UMAP,7,ABpxpppp,-0.5063587525911937,-0.7346486423425422,local,4
UMAP,7,ABpxpppa,-0.6414753911840901,-0.7546681462739542,local,4
UMAP,7,ABpxppap,-0.715270029018543,-0.9032167683927496,local,4
UMAP,7,ABpxppaa,-0.44837954949749115,-0.782881093753155,local,4
UMAP,7,ABpxpaap,-0.7553995214232858,-0.9578069247967134,local,4
UMAP,7,ABpxpaaa,-0.6821000071009987,-0.9442210918896106,local,4
UMAP,7,ABpxp,-0.49500709760091066,-0.19041598997151205,global,1
UMAP,7,ABpxpp,-0.5802801741208004,-0.7867590298230647,global,2
UMAP,7,ABpxpa,-0.8795437105819472,-0.8417055160057096,global,2
UMAP,7,ABpxppp,-0.4883742937832285,-0.7686177548908706,global,3
UMAP,7,ABpxppa,-0.1650539651461465,-0.894882096297538,global,3
UMAP,7,ABpxpap,-0.729926455219594,-0.8277722183219827,global,3
UMAP,7,ABpxpaa,-0.1609996205124069,-0.16953618456384345,global,3
UMAP,7,ABpxpppp,-0.464266271828911,-0.7332280629498681,local,4
UMAP,7,ABpxpppa,-0.7422167488108904,-0.9027494429390768,local,4
UMAP,7,ABpxppap,-0.7256910228437042,-0.897220895052812,local,4
UMAP,7,ABpxppaa,-0.5057981214512073,-0.7618497953126971,local,4
UMAP,7,ABpxpaap,-0.5785120484106596,-0.9526381386072547,local,4
UMAP,7,ABpxpaaa,-0.5445816809549374,-0.949983002160242,local,4
UMAP,7,ABpxp,-0.7394654457233559,-0.521000236906791,global,1
UMAP,7,ABpxpp,-0.3800255662318594,-0.7700262329313992,global,2
UMAP,7,ABpxpa,-0.6928513589913815,-0.7218577478134485,global,2
UMAP,7,ABpxppp,-0.6470681330380189,-0.7849195835819742,global,3
UMAP,7,ABpxppa,-0.5645447950525259,-0.9003615629389536,global,3
UMAP,7,ABpxpap,-0.6664919269419572,-0.8340304647226009,global,3
UMAP,7,ABpxpaa,-0.43746731081724605,-0.5480304030402819,global,3
hMDS,8,ABpxpppp,-0.7156601932429276,-0.7713525879300653,local,4
hMDS,8,ABpxpppa,-0.7580490784974975,-0.8596485143552521,local,4
hMDS,8,ABpxppap,-0.7314257462623728,-0.8725965446070002,local,4
hMDS,8,ABpxppaa,-0.8065178901452401,-0.9204643799952992,local,4
hMDS,8,ABpxpaap,-0.7866404041647039,-0.9623517861746116,local,4
hMDS,8,ABpxpaaa,-0.7359351542951106,-0.9287532208177537,local,4
hMDS,8,ABpxp,-0.6996639569837279,-0.43828313206186753,global,1
hMDS,8,ABpxpp,-0.7161440215802258,-0.6471287600667914,global,2
hMDS,8,ABpxpa,-0.7319175701754367,-0.7517218209878884,global,2
hMDS,8,ABpxppp,-0.7639534935589514,-0.6473998385967135,global,3
hMDS,8,ABpxppa,-0.7172041339982511,-0.896489882831536,global,3
hMDS,8,ABpxpap,-0.7786831569687768,-0.8202674110808945,global,3
hMDS,8,ABpxpaa,-0.7367920441594604,-0.6816665146282961,global,3
hMDS,8,ABpxpppp,-0.7444108981001478,-0.7911275094137908,local,4
hMDS,8,ABpxpppa,-0.7618747669053815,-0.8356286415234857,local,4
hMDS,8,ABpxppap,-0.7608616480911874,-0.875210493589712,local,4
hMDS,8,ABpxppaa,-0.789170020114376,-0.9107101337568981,local,4
hMDS,8,ABpxpaap,-0.7587285759692963,-0.9563322915487724,local,4
hMDS,8,ABpxpaaa,-0.7636202971169488,-0.9231821030454719,local,4
hMDS,8,ABpxp,-0.7112588939862807,-0.27200860150353956,global,1
hMDS,8,ABpxpp,-0.7152560338623112,-0.7096629920487139,global,2
hMDS,8,ABpxpa,-0.7216062696755238,-0.6940909199037851,global,2
hMDS,8,ABpxppp,-0.7425618939174157,-0.7167150998434129,global,3
hMDS,8,ABpxppa,-0.7152134609908771,-0.8916290830105523,global,3
hMDS,8,ABpxpap,-0.8058905825454428,-0.7602300433182938,global,3
hMDS,8,ABpxpaa,-0.7708556102063105,-0.6614284605431432,global,3
hMDS,8,ABpxpppp,-0.7157812043815732,-0.7994195574074034,local,4
hMDS,8,ABpxpppa,-0.7943639872704918,-0.8557082363189238,local,4
hMDS,8,ABpxppap,-0.7569017454345379,-0.8673965711683649,local,4
hMDS,8,ABpxppaa,-0.8010610367137139,-0.9229437513496573,local,4
hMDS,8,ABpxpaap,-0.7340265959858541,-0.9539385046480593,local,4
hMDS,8,ABpxpaaa,-0.7260676831079003,-0.9333548116560678,local,4
hMDS,8,ABpxp,-0.6349084819105667,-0.3718043555977931,global,1
hMDS,8,ABpxpp,-0.7422301880006308,-0.6625648391615009,global,2
hMDS,8,ABpxpa,-0.7585512088386631,-0.7624233361708085,global,2
hMDS,8,ABpxppp,-0.7446427312549617,-0.6919066762507242,global,3
hMDS,8,ABpxppa,-0.6687761985890937,-0.8953605361637131,global,3
hMDS,8,ABpxpap,-0.7504925725042663,-0.732337073717152,global,3
hMDS,8,ABpxpaa,-0.7216830710800531,-0.6989492306445678,global,3
hMDS,8,ABpxpppp,-0.7120059819959851,-0.7935669709533842,local,4
hMDS,8,ABpxpppa,-0.8066174183616972,-0.8504523170963912,local,4
hMDS,8,ABpxppap,-0.7467655182552531,-0.8654180062648409,local,4
hMDS,8,ABpxppaa,-0.780603974405669,-0.9295820225334085,local,4
hMDS,8,ABpxpaap,-0.7904643069592306,-0.9519497981821414,local,4
hMDS,8,ABpxpaaa,-0.7704185701782651,-0.9350794536875366,local,4
hMDS,8,ABpxp,-0.6504429246178892,-0.4648837006694591,global,1
hMDS,8,ABpxpp,-0.6633817606056182,-0.6871018737541918,global,2
hMDS,8,ABpxpa,-0.8002461516119044,-0.8092207943358469,global,2
hMDS,8,ABpxppp,-0.791923937291338,-0.6960110442444023,global,3
hMDS,8,ABpxppa,-0.7289394331616059,-0.8903985170363042,global,3
hMDS,8,ABpxpap,-0.8213935264635464,-0.8145584240003783,global,3
hMDS,8,ABpxpaa,-0.6228232957410158,-0.6948312179784052,global,3
hMDS,8,ABpxpppp,-0.740105430117949,-0.767202512798544,local,4
hMDS,8,ABpxpppa,-0.7675419405773681,-0.868770647984257,local,4
hMDS,8,ABpxppap,-0.758301688940531,-0.8761168220526641,local,4
hMDS,8,ABpxppaa,-0.7973746339932556,-0.9318119236556545,local,4
hMDS,8,ABpxpaap,-0.7408143701370209,-0.9486190544865865,local,4
hMDS,8,ABpxpaaa,-0.7478576956499856,-0.9284634201999514,local,4
hMDS,8,ABpxp,-0.7315996232046126,-0.4756560926625919,global,1
hMDS,8,ABpxpp,-0.7926456489228386,-0.6204340961975077,global,2
hMDS,8,ABpxpa,-0.7090337153886099,-0.7130984118071522,global,2
hMDS,8,ABpxppp,-0.7345552184984909,-0.6825918934832385,global,3
hMDS,8,ABpxppa,-0.6462740468466102,-0.900859485709476,global,3
hMDS,8,ABpxpap,-0.8232291809936073,-0.7606862389142429,global,3
hMDS,8,ABpxpaa,-0.7398052689377844,-0.6621898278497108,global,3
hMDS,8,ABpxpppp,-0.7107416584763134,-0.7794039169327481,local,4
hMDS,8,ABpxpppa,-0.7797372130408029,-0.8479178366037423,local,4
hMDS,8,ABpxppap,-0.7390505259334916,-0.8876429766528089,local,4
hMDS,8,ABpxppaa,-0.8135513995699102,-0.9235597369393244,local,4
hMDS,8,ABpxpaap,-0.7721249519986495,-0.9571067487829635,local,4
hMDS,8,ABpxpaaa,-0.775902927288249,-0.9367235586421097,local,4
hMDS,8,ABpxp,-0.5236492664903385,-0.4608384169350092,global,1
hMDS,8,ABpxpp,-0.7832205667999701,-0.5831279914386756,global,2
hMDS,8,ABpxpa,-0.7205966440955073,-0.7053392462585836,global,2
hMDS,8,ABpxppp,-0.7712027007365767,-0.6539665354104962,global,3
hMDS,8,ABpxppa,-0.6769684250972556,-0.905021072236722,global,3
hMDS,8,ABpxpap,-0.7614980300050149,-0.7984979701481181,global,3
hMDS,8,ABpxpaa,-0.6746283830153933,-0.6605957103102748,global,3
hMDS,8,ABpxpppp,-0.7486092156542047,-0.79086921286325,local,4
hMDS,8,ABpxpppa,-0.768220652052601,-0.8516298340989427,local,4
hMDS,8,ABpxppap,-0.7666843036776066,-0.8821978135582569,local,4
hMDS,8,ABpxppaa,-0.7868999039859852,-0.9301284157228354,local,4
hMDS,8,ABpxpaap,-0.7428925147278796,-0.9495467109947863,local,4
hMDS,8,ABpxpaaa,-0.7594705323307666,-0.9310959983755129,local,4
hMDS,8,ABpxp,-0.6136704839193251,-0.4704991598968071,global,1
hMDS,8,ABpxpp,-0.7023429078201491,-0.6471229791982873,global,2
hMDS,8,ABpxpa,-0.767979472646361,-0.7154600081314361,global,2
hMDS,8,ABpxppp,-0.7062324477770153,-0.702940659582987,global,3
hMDS,8,ABpxppa,-0.7097305765770757,-0.8958872521850357,global,3
hMDS,8,ABpxpap,-0.8155877766233421,-0.7557873650307134,global,3
hMDS,8,ABpxpaa,-0.6553797349184685,-0.6855254877237626,global,3
hMDS,8,ABpxpppp,-0.7682442642575666,-0.7965476066164004,local,4
hMDS,8,ABpxpppa,-0.773923010664537,-0.8512740855826921,local,4
hMDS,8,ABpxppap,-0.7654906451025669,-0.8843099379350481,local,4
hMDS,8,ABpxppaa,-0.7933914409949276,-0.9284072331716298,local,4
hMDS,8,ABpxpaap,-0.7304094090832902,-0.950865670018428,local,4
hMDS,8,ABpxpaaa,-0.7311011908858716,-0.9325995323153851,local,4
hMDS,8,ABpxp,-0.6589739373146657,-0.41444740581957784,global,1
hMDS,8,ABpxpp,-0.7594354762831445,-0.680922812410145,global,2
hMDS,8,ABpxpa,-0.7992684726499122,-0.7179705291862432,global,2
hMDS,8,ABpxppp,-0.6941570693672122,-0.6852835410016458,global,3
hMDS,8,ABpxppa,-0.7051935726675802,-0.9164085872925893,global,3
hMDS,8,ABpxpap,-0.7213872772555798,-0.780827902195765,global,3
hMDS,8,ABpxpaa,-0.7382821207161516,-0.7344679841930453,global,3
hMDS,8,ABpxpppp,-0.7246683687460979,-0.7741451467857382,local,4
hMDS,8,ABpxpppa,-0.8086600988085354,-0.8397834697789007,local,4
hMDS,8,ABpxppap,-0.7405341031579016,-0.8672342477535913,local,4
hMDS,8,ABpxppaa,-0.8190006360291775,-0.9267866932183642,local,4
hMDS,8,ABpxpaap,-0.7590008813265292,-0.9528256453986149,local,4
hMDS,8,ABpxpaaa,-0.7473721049780464,-0.9302049066648558,local,4
hMDS,8,ABpxp,-0.7466389831366756,-0.5093728569057233,global,1
hMDS,8,ABpxpp,-0.776917895941823,-0.687859223390832,global,2
hMDS,8,ABpxpa,-0.7881597958401645,-0.7697438593338984,global,2
hMDS,8,ABpxppp,-0.7754002944540702,-0.6870480040061416,global,3
hMDS,8,ABpxppa,-0.6999062497715616,-0.904766940022717,global,3
hMDS,8,ABpxpap,-0.7393555855505691,-0.791796515125371,global,3
hMDS,8,ABpxpaa,-0.7403737971620786,-0.6598755968640262,global,3
hMDS,8,ABpxpppp,-0.7211111441561058,-0.8188801921111437,local,4
hMDS,8,ABpxpppa,-0.785003843626294,-0.8527241944091857,local,4
hMDS,8,ABpxppap,-0.7672283132485175,-0.8695384578942824,local,4
hMDS,8,ABpxppaa,-0.8017434872859772,-0.9300524598287359,local,4
hMDS,8,ABpxpaap,-0.8049529806909497,-0.9566164578531764,local,4
hMDS,8,ABpxpaaa,-0.7556462587338619,-0.9324809794968616,local,4
hMDS,8,ABpxp,-0.6358938975179899,-0.420752394673583,global,1
hMDS,8,ABpxpp,-0.6874396427517243,-0.7775473736118581,global,2
hMDS,8,ABpxpa,-0.7520870708067482,-0.7643794094085742,global,2
hMDS,8,ABpxppp,-0.7051558757005805,-0.6642287808330306,global,3
hMDS,8,ABpxppa,-0.6842788764933726,-0.8826537263931447,global,3
hMDS,8,ABpxpap,-0.8163501543460985,-0.7070284318244987,global,3
hMDS,8,ABpxpaa,-0.7537083047706226,-0.704853781646096,global,3
hMDS,8,ABpxpppp,-0.7006774325541676,-0.7725874521064973,local,4
hMDS,8,ABpxpppa,-0.7592725037408122,-0.8491020204940068,local,4
hMDS,8,ABpxppap,-0.7680138213309144,-0.8743515465467637,local,4
hMDS,8,ABpxppaa,-0.7924644312246423,-0.9130729800997794,local,4
hMDS,8,ABpxpaap,-0.7857969294136751,-0.9495484579852467,local,4
hMDS,8,ABpxpaaa,-0.7720241814745559,-0.9390049468248531,local,4
hMDS,8,ABpxp,-0.6802648697426305,-0.38465414274070886,global,1
hMDS,8,ABpxpp,-0.7342746428250644,-0.7182361224769808,global,2
hMDS,8,ABpxpa,-0.6677404110402617,-0.792618227813211,global,2
hMDS,8,ABpxppp,-0.7598620972190888,-0.7053268565231298,global,3
hMDS,8,ABpxppa,-0.709370765691968,-0.896971019226408,global,3
hMDS,8,ABpxpap,-0.821607188523556,-0.8052405649338459,global,3
hMDS,8,ABpxpaa,-0.748132199349475,-0.7020752641742682,global,3
hMDS,8,ABpxpppp,-0.7418630011844746,-0.8125967721298187,local,4
hMDS,8,ABpxpppa,-0.7802271529926873,-0.8539274298210559,local,4
hMDS,8,ABpxppap,-0.7765964819771067,-0.8726593186838096,local,4
hMDS,8,ABpxppaa,-0.819955542157193,-0.93372163516568,local,4
hMDS,8,ABpxpaap,-0.765529771349243,-0.9535827634457568,local,4
hMDS,8,ABpxpaaa,-0.708626574702241,-0.9386116711433422,local,4
hMDS,8,ABpxp,-0.6933957158328666,-0.4202898739984425,global,1
hMDS,8,ABpxpp,-0.6958704944109423,-0.6469761826803311,global,2
hMDS,8,ABpxpa,-0.7229798392865172,-0.7803263056766176,global,2
hMDS,8,ABpxppp,-0.7003606485195141,-0.7340788544267511,global,3
hMDS,8,ABpxppa,-0.6986004377398672,-0.8998056217823022,global,3
hMDS,8,ABpxpap,-0.7547354412207073,-0.8004230807326469,global,3
hMDS,8,ABpxpaa,-0.6830149336331429,-0.6886940069689265,global,3
hMDS,8,ABpxpppp,-0.7230887753737684,-0.7827726823897991,local,4
hMDS,8,ABpxpppa,-0.7716228709017835,-0.8495660422335788,local,4
hMDS,8,ABpxppap,-0.7590119363662913,-0.8675216777099257,local,4
hMDS,8,ABpxppaa,-0.8037944582963426,-0.9325333448735629,local,4
hMDS,8,ABpxpaap,-0.7582620972335041,-0.9499668048907697,local,4
hMDS,8,ABpxpaaa,-0.7392087097369981,-0.9370469586503396,local,4
hMDS,8,ABpxp,-0.65471172964544,-0.7173482489226243,global,1
hMDS,8,ABpxpp,-0.7586946431199015,-0.6815825258334152,global,2
hMDS,8,ABpxpa,-0.7701442651760974,-0.7447469098900327,global,2
hMDS,8,ABpxppp,-0.761666578613142,-0.7210298186312469,global,3
hMDS,8,ABpxppa,-0.7211028008488095,-0.8857564473328965,global,3
hMDS,8,ABpxpap,-0.7868786286387542,-0.7908259918398489,global,3
hMDS,8,ABpxpaa,-0.660055388138839,-0.6969528218659887,global,3
hMDS,8,ABpxpppp,-0.712223134387334,-0.7937248590280451,local,4
hMDS,8,ABpxpppa,-0.7924289892459474,-0.8481772745809693,local,4
hMDS,8,ABpxppap,-0.736451891522951,-0.8716242449288593,local,4
hMDS,8,ABpxppaa,-0.7918826018028222,-0.9226471107643376,local,4
hMDS,8,ABpxpaap,-0.7774523754156458,-0.9543802655788425,local,4
hMDS,8,ABpxpaaa,-0.6961584301433736,-0.9233070102127126,local,4
hMDS,8,ABpxp,-0.530400121258317,-0.5439118523687582,global,1
hMDS,8,ABpxpp,-0.7117166128128365,-0.590008485342066,global,2
hMDS,8,ABpxpa,-0.7546958114641713,-0.745997636967371,global,2
hMDS,8,ABpxppp,-0.7431226781660136,-0.6458408683042405,global,3
hMDS,8,ABpxppa,-0.6899699946698705,-0.9097776379286001,global,3
hMDS,8,ABpxpap,-0.7786299473010183,-0.7754203342114244,global,3
hMDS,8,ABpxpaa,-0.7358527331195235,-0.6877807731188649,global,3
hMDS,8,ABpxpppp,-0.7297989625128156,-0.7682695154554254,local,4
hMDS,8,ABpxpppa,-0.7650857687061451,-0.8605553921648507,local,4
hMDS,8,ABpxppap,-0.7534684549137631,-0.8636409110315519,local,4
hMDS,8,ABpxppaa,-0.7876226713607924,-0.9190947915603066,local,4
hMDS,8,ABpxpaap,-0.7942427832610698,-0.9582993999414866,local,4
hMDS,8,ABpxpaaa,-0.6987253548896893,-0.9276689515627574,local,4
hMDS,8,ABpxp,-0.6163139592692913,-0.5391030441419151,global,1
hMDS,8,ABpxpp,-0.7591430055020854,-0.7367260476018092,global,2
hMDS,8,ABpxpa,-0.7648197934766756,-0.796938188212993,global,2
hMDS,8,ABpxppp,-0.737152216890752,-0.709289544198245,global,3
hMDS,8,ABpxppa,-0.7374000114680972,-0.8796213333653963,global,3
hMDS,8,ABpxpap,-0.8166989518307004,-0.7981121594295648,global,3
hMDS,8,ABpxpaa,-0.6853205495173503,-0.673270039298709,global,3
hMDS,8,ABpxpppp,-0.7162270245292133,-0.7772521043751477,local,4
hMDS,8,ABpxpppa,-0.7698288904889782,-0.8638729297845368,local,4
hMDS,8,ABpxppap,-0.7496188073042538,-0.875104135511839,local,4
hMDS,8,ABpxppaa,-0.7737950566352862,-0.9282119228988868,local,4
hMDS,8,ABpxpaap,-0.77023986617509,-0.9517542666084918,local,4
hMDS,8,ABpxpaaa,-0.681502447710084,-0.9284038322272817,local,4
hMDS,8,ABpxp,-0.6022437713940391,-0.5529036319969147,global,1
hMDS,8,ABpxpp,-0.7423407398732679,-0.6794069320671052,global,2
hMDS,8,ABpxpa,-0.7893856709100346,-0.7838790112349552,global,2
hMDS,8,ABpxppp,-0.7985235309926713,-0.6946463326822646,global,3
hMDS,8,ABpxppa,-0.6997662686805728,-0.8952111406386624,global,3
hMDS,8,ABpxpap,-0.8433142858721854,-0.8486805779272252,global,3
hMDS,8,ABpxpaa,-0.7715625640955106,-0.6983236246450875,global,3
hMDS,8,ABpxpppp,-0.6773479550818438,-0.7858060447693936,local,4
hMDS,8,ABpxpppa,-0.78047400440687,-0.8534557753000304,local,4
hMDS,8,ABpxppap,-0.7472412236990292,-0.8890842053171029,local,4
hMDS,8,ABpxppaa,-0.8071217133339516,-0.9266933310671492,local,4
hMDS,8,ABpxpaap,-0.7809506496550771,-0.943382942353732,local,4
hMDS,8,ABpxpaaa,-0.73184435881962,-0.9319712669938428,local,4
hMDS,8,ABpxp,-0.6227337277161908,-0.6056668991288329,global,1
hMDS,8,ABpxpp,-0.7966445388533081,-0.6789782809706623,global,2
hMDS,8,ABpxpa,-0.7518274815381533,-0.7209238557010936,global,2
hMDS,8,ABpxppp,-0.7499859221660894,-0.6543036785265908,global,3
hMDS,8,ABpxppa,-0.7232706449578008,-0.8988600515665941,global,3
hMDS,8,ABpxpap,-0.8521074511686442,-0.7536634726585645,global,3
hMDS,8,ABpxpaa,-0.7087146416059238,-0.6975399468815839,global,3
hMDS,8,ABpxpppp,-0.7616948219949656,-0.7893452399035014,local,4
hMDS,8,ABpxpppa,-0.7965032508292547,-0.8446378393817756,local,4
hMDS,8,ABpxppap,-0.7386380175959457,-0.869238931854697,local,4
hMDS,8,ABpxppaa,-0.7715612618343116,-0.9258320104354975,local,4
hMDS,8,ABpxpaap,-0.7749038199239253,-0.9580131372256351,local,4
hMDS,8,ABpxpaaa,-0.7283944061918629,-0.9311779507226635,local,4
hMDS,8,ABpxp,-0.6141588045580104,-0.5010374940861599,global,1
hMDS,8,ABpxpp,-0.7679154044021631,-0.7050382788971084,global,2
hMDS,8,ABpxpa,-0.7693556719023501,-0.7666710139994719,global,2
hMDS,8,ABpxppp,-0.7203703314827332,-0.7093924982687568,global,3
hMDS,8,ABpxppa,-0.7027678380617208,-0.8970140755222156,global,3
hMDS,8,ABpxpap,-0.778852676559589,-0.800509783153973,global,3
hMDS,8,ABpxpaa,-0.7393478263887917,-0.6500450403393457,global,3
hMDS,8,ABpxpppp,-0.6987602216293383,-0.8038882141074619,local,4
hMDS,8,ABpxpppa,-0.7670906042545791,-0.8535652496056338,local,4
hMDS,8,ABpxppap,-0.7711601712831082,-0.8667244548483914,local,4
hMDS,8,ABpxppaa,-0.812294037378555,-0.9268656112102099,local,4
hMDS,8,ABpxpaap,-0.7671356162655754,-0.9542533097824298,local,4
hMDS,8,ABpxpaaa,-0.7373050164656426,-0.9269497600161756,local,4
hMDS,8,ABpxp,-0.6386819752294016,-0.5149451211267109,global,1
hMDS,8,ABpxpp,-0.6841130585323238,-0.6415487046590027,global,2
hMDS,8,ABpxpa,-0.7449193483174543,-0.6693759552056006,global,2
hMDS,8,ABpxppp,-0.693008242400492,-0.6843806302677153,global,3
hMDS,8,ABpxppa,-0.7265059826531631,-0.8955387841289169,global,3
hMDS,8,ABpxpap,-0.7940445265694622,-0.7667666423611632,global,3
hMDS,8,ABpxpaa,-0.7406669694107841,-0.6774258459531235,global,3
hMDS,8,ABpxpppp,-0.6675598652484668,-0.8042486011645186,local,4
hMDS,8,ABpxpppa,-0.7429942047397764,-0.8446505006106555,local,4
hMDS,8,ABpxppap,-0.7395501132748816,-0.8688438758863464,local,4
hMDS,8,ABpxppaa,-0.7720954664932039,-0.9214243255034122,local,4
hMDS,8,ABpxpaap,-0.7810655370625206,-0.9448550850615006,local,4
hMDS,8,ABpxpaaa,-0.7379767861149975,-0.9266392898718727,local,4
hMDS,8,ABpxp,-0.648661050018663,-0.3493761569343803,global,1
hMDS,8,ABpxpp,-0.7797596382011551,-0.702226525403602,global,2
hMDS,8,ABpxpa,-0.6968906177785679,-0.7130393269946104,global,2
hMDS,8,ABpxppp,-0.7135905800313335,-0.725685940537169,global,3
hMDS,8,ABpxppa,-0.7612353041865266,-0.9058581243687099,global,3
hMDS,8,ABpxpap,-0.7432365928811345,-0.774717552058257,global,3
hMDS,8,ABpxpaa,-0.7559426034722034,-0.6956931456618831,global,3
PCA,8,ABpxpppp,-0.7024314245162999,-0.658237175522314,local,4
PCA,8,ABpxpppa,-0.6980019449147041,-0.7781406872941802,local,4
PCA,8,ABpxppap,-0.7260554163595372,-0.4776423201158398,local,4
PCA,8,ABpxppaa,-0.7235552663705223,-0.9101405926814203,local,4
PCA,8,ABpxpaap,-0.753995216867492,-0.893266405246963,local,4
PCA,8,ABpxpaaa,-0.7048169711179738,-0.9330117396078637,local,4
PCA,8,ABpxp,-0.5585092583133331,-0.3980025411195759,global,1
PCA,8,ABpxpp,-0.5073956919045415,-0.7158684526554779,global,2
PCA,8,ABpxpa,-0.6454325735992896,-0.7927645522676883,global,2
PCA,8,ABpxppp,-0.603657031846778,-0.5932799655455461,global,3
PCA,8,ABpxppa,-0.6819692531941395,-0.904834043773094,global,3
PCA,8,ABpxpap,-0.5433560064846864,-0.8289745882966874,global,3
PCA,8,ABpxpaa,-0.6960307887844376,-0.6918577910049496,global,3
PCA,8,ABpxpppp,-0.653804077780753,-0.656174862595436,local,4
PCA,8,ABpxpppa,-0.7267004966886711,-0.7762827830425041,local,4
PCA,8,ABpxppap,-0.7516598506135439,-0.4569016641737688,local,4
PCA,8,ABpxppaa,-0.7570030111246663,-0.9144756010375994,local,4
PCA,8,ABpxpaap,-0.7557655734150227,-0.9046547656656487,local,4
PCA,8,ABpxpaaa,-0.7366688354109474,-0.9265476328667902,local,4
PCA,8,ABpxp,-0.5179876760696984,-0.352809385695597,global,1
PCA,8,ABpxpp,-0.6092374378434009,-0.7197902079071907,global,2
PCA,8,ABpxpa,-0.7500898198495608,-0.7797345311109986,global,2
PCA,8,ABpxppp,-0.6586897898937399,-0.557167353134904,global,3
PCA,8,ABpxppa,-0.6445318014209126,-0.9028097803456978,global,3
PCA,8,ABpxpap,-0.6583431589034552,-0.8277598142529617,global,3
PCA,8,ABpxpaa,-0.7579232198573763,-0.7452652913390665,global,3
PCA,8,ABpxpppp,-0.6840379427798509,-0.6874283950047304,local,4
PCA,8,ABpxpppa,-0.7055683735487515,-0.7855340894643319,local,4
PCA,8,ABpxppap,-0.6923463045220546,-0.425184399556197,local,4
PCA,8,ABpxppaa,-0.7345148941931583,-0.915685491967548,local,4
PCA,8,ABpxpaap,-0.712133243159948,-0.8970999086547876,local,4
PCA,8,ABpxpaaa,-0.714309092280217,-0.9235640524304504,local,4
PCA,8,ABpxp,-0.589025630949589,-0.45805491632623374,global,1
PCA,8,ABpxpp,-0.5605545381765724,-0.6954927802390302,global,2
PCA,8,ABpxpa,-0.6073726550680486,-0.7356485907172761,global,2
PCA,8,ABpxppp,-0.6005485164310727,-0.5099847733269958,global,3
PCA,8,ABpxppa,-0.6148528952329384,-0.9112999238605772,global,3
PCA,8,ABpxpap,-0.6978580471118715,-0.7817632765289818,global,3
PCA,8,ABpxpaa,-0.7500105567189062,-0.6978354429646004,global,3
PCA,8,ABpxpppp,-0.6772080775806437,-0.6687111932145483,local,4
PCA,8,ABpxpppa,-0.700408299321829,-0.7564197675840936,local,4
PCA,8,ABpxppap,-0.7224760392450724,-0.5058658492297883,local,4
PCA,8,ABpxppaa,-0.7431443824949101,-0.9048032281041948,local,4
PCA,8,ABpxpaap,-0.7384574264092588,-0.906322313677542,local,4
PCA,8,ABpxpaaa,-0.6558054550214246,-0.9193816193935787,local,4
PCA,8,ABpxp,-0.4210963416301544,-0.32137985366971533,global,1
PCA,8,ABpxpp,-0.5985889823716342,-0.7065503663432309,global,2
PCA,8,ABpxpa,-0.6088856644513584,-0.7901789865540452,global,2
PCA,8,ABpxppp,-0.6126871490763086,-0.5660627561058671,global,3
PCA,8,ABpxppa,-0.6578092424938586,-0.8996944330076004,global,3
PCA,8,ABpxpap,-0.5955729001464275,-0.8109997976007628,global,3
PCA,8,ABpxpaa,-0.6711759991029671,-0.7133933801829797,global,3
PCA,8,ABpxpppp,-0.6771361527558076,-0.6578799233584588,local,4
PCA,8,ABpxpppa,-0.7174063165797847,-0.7708356458497929,local,4
PCA,8,ABpxppap,-0.7628956858333993,-0.4816423063059134,local,4
PCA,8,ABpxppaa,-0.7525247420232728,-0.9076561270848366,local,4
PCA,8,ABpxpaap,-0.7262816546066564,-0.8875656678149555,local,4
PCA,8,ABpxpaaa,-0.7275420561859172,-0.9299265353341956,local,4
PCA,8,ABpxp,-0.0424872146073902,-0.221382110919163,global,1
PCA,8,ABpxpp,-0.5218794614310851,-0.7402753466534598,global,2
PCA,8,ABpxpa,-0.6940429864484323,-0.7940040144861502,global,2
PCA,8,ABpxppp,-0.6128597088979271,-0.5336068318985105,global,3
PCA,8,ABpxppa,-0.6517444727266916,-0.8964783416421257,global,3
PCA,8,ABpxpap,-0.6414413704589682,-0.821463661309145,global,3
PCA,8,ABpxpaa,-0.6882851883073474,-0.623642073231281,global,3
PCA,8,ABpxpppp,-0.6853104484030829,-0.6853454512949163,local,4
PCA,8,ABpxpppa,-0.7159424921330124,-0.7938460492055343,local,4
PCA,8,ABpxppap,-0.7144473008689051,-0.49206554438741634,local,4
PCA,8,ABpxppaa,-0.7583028970179023,-0.9072376335172123,local,4
PCA,8,ABpxpaap,-0.7061830588179943,-0.8904160409206963,local,4
PCA,8,ABpxpaaa,-0.7227050411282199,-0.9264909997346629,local,4
PCA,8,ABpxp,-0.5681514558006061,-0.2626413369065614,global,1
PCA,8,ABpxpp,-0.5511937378824237,-0.6552375307046612,global,2
PCA,8,ABpxpa,-0.6251613536198574,-0.7603933019951079,global,2
PCA,8,ABpxppp,-0.6833989867142342,-0.5060822454145469,global,3
PCA,8,ABpxppa,-0.6248655723061038,-0.886146865497357,global,3
PCA,8,ABpxpap,-0.6374726759599602,-0.8492805858573016,global,3
PCA,8,ABpxpaa,-0.7189111250076374,-0.7459846364926959,global,3
PCA,8,ABpxpppp,-0.6947889829344344,-0.6515746691481621,local,4
PCA,8,ABpxpppa,-0.7021118689835975,-0.7696777618681804,local,4
PCA,8,ABpxppap,-0.7136434548810691,-0.4769000317734846,local,4
PCA,8,ABpxppaa,-0.7218947960043889,-0.9009900919356041,local,4
PCA,8,ABpxpaap,-0.7207638549908091,-0.8926009038339003,local,4
PCA,8,ABpxpaaa,-0.710577522606452,-0.9321034641451911,local,4
PCA,8,ABpxp,-0.35876464097588,-0.4091341449973379,global,1
PCA,8,ABpxpp,-0.5929596351904277,-0.7366352225928776,global,2
PCA,8,ABpxpa,-0.5427530174583289,-0.7403282923186233,global,2
PCA,8,ABpxppp,-0.6085066337907321,-0.5033046905429392,global,3
PCA,8,ABpxppa,-0.6185194357858725,-0.9021936824575123,global,3
PCA,8,ABpxpap,-0.6656109257235737,-0.8451411981719759,global,3
PCA,8,ABpxpaa,-0.6357794746083877,-0.6916430481800174,global,3
PCA,8,ABpxpppp,-0.6459863842052088,-0.6676332654188014,local,4
PCA,8,ABpxpppa,-0.7124575587228906,-0.7926440567169364,local,4
PCA,8,ABpxppap,-0.7299291711909998,-0.522003298938862,local,4
PCA,8,ABpxppaa,-0.734410885753673,-0.9033549406774857,local,4
PCA,8,ABpxpaap,-0.732240430406594,-0.893951816164364,local,4
PCA,8,ABpxpaaa,-0.7465422355536075,-0.9241347849425208,local,4
PCA,8,ABpxp,-0.5656135550978102,-0.33580287838886913,global,1
PCA,8,ABpxpp,-0.5226549572040308,-0.7540432007426042,global,2
PCA,8,ABpxpa,-0.6674781939697744,-0.6986598578376166,global,2
PCA,8,ABpxppp,-0.6040325365019032,-0.4809314539789957,global,3
PCA,8,ABpxppa,-0.5996511242847856,-0.8897777346827783,global,3
PCA,8,ABpxpap,-0.6423762649033483,-0.8095994431870226,global,3
PCA,8,ABpxpaa,-0.6639523149543616,-0.685228154594269,global,3
PCA,8,ABpxpppp,-0.677111483096608,-0.6714522001022348,local,4
PCA,8,ABpxpppa,-0.6970193606264105,-0.7849356498290498,local,4
PCA,8,ABpxppap,-0.7300830273682293,-0.5062405130084496,local,4
PCA,8,ABpxppaa,-0.7139374959108421,-0.9074685497877163,local,4
PCA,8,ABpxpaap,-0.7475895988376884,-0.8986769978748737,local,4
PCA,8,ABpxpaaa,-0.7228705414860414,-0.9238982547787677,local,4
PCA,8,ABpxp,-0.6159550222433084,-0.3908351592839829,global,1
PCA,8,ABpxpp,-0.5366061799044207,-0.6965204451365821,global,2
PCA,8,ABpxpa,-0.6170727919851688,-0.7304447393998583,global,2
PCA,8,ABpxppp,-0.6506752875441579,-0.538314393137427,global,3
PCA,8,ABpxppa,-0.6149840316378917,-0.8975860216720679,global,3
PCA,8,ABpxpap,-0.6431377370799196,-0.8013923723547834,global,3
PCA,8,ABpxpaa,-0.7163821767266907,-0.6867420999648776,global,3
PCA,8,ABpxpppp,-0.6691468066043,-0.7015157954157826,local,4
PCA,8,ABpxpppa,-0.6818126387962888,-0.7597651734934545,local,4
PCA,8,ABpxppap,-0.7258238040265335,-0.4600356012099782,local,4
PCA,8,ABpxppaa,-0.7283268479008377,-0.9010540835814216,local,4
PCA,8,ABpxpaap,-0.7080424908805318,-0.8902960332785985,local,4
PCA,8,ABpxpaaa,-0.7290931821518842,-0.9280008411073759,local,4
PCA,8,ABpxp,-0.4706861188807687,-0.21329760272936368,global,1
PCA,8,ABpxpp,-0.5881847067319241,-0.7404048193658452,global,2
PCA,8,ABpxpa,-0.5606275223124676,-0.7457990222875766,global,2
PCA,8,ABpxppp,-0.585721223040667,-0.5478314978050484,global,3
PCA,8,ABpxppa,-0.6948046420118489,-0.9058765451562656,global,3
PCA,8,ABpxpap,-0.6959625962646542,-0.7716931062606718,global,3
PCA,8,ABpxpaa,-0.6946866094794515,-0.687967792589896,global,3
PCA,8,ABpxpppp,-0.7033299907885704,-0.6580094564724984,local,4
PCA,8,ABpxpppa,-0.7398473795091781,-0.7879956946890279,local,4
PCA,8,ABpxppap,-0.7483378955689288,-0.48852289742344157,local,4
PCA,8,ABpxppaa,-0.736004620909653,-0.8970867292983981,local,4
PCA,8,ABpxpaap,-0.7023296236254919,-0.897951800326493,local,4
PCA,8,ABpxpaaa,-0.6717653441251332,-0.924687202419151,local,4
PCA,8,ABpxp,-0.537652659854653,-0.3465321922267546,global,1
PCA,8,ABpxpp,-0.5392497200214952,-0.6886188682443457,global,2
PCA,8,ABpxpa,-0.620439276134133,-0.7517517013095393,global,2
PCA,8,ABpxppp,-0.6086575040684781,-0.5418025630202331,global,3
PCA,8,ABpxppa,-0.6619734280447399,-0.8960814647543491,global,3
PCA,8,ABpxpap,-0.6541622456175346,-0.8122284024466112,global,3
PCA,8,ABpxpaa,-0.7125986492712536,-0.7457607850416519,global,3
PCA,8,ABpxpppp,-0.7270193709847561,-0.6774116740551145,local,4
PCA,8,ABpxpppa,-0.7127944904592913,-0.7685436238439995,local,4
PCA,8,ABpxppap,-0.7144107377079668,-0.4791201329743949,local,4
PCA,8,ABpxppaa,-0.7406637457922245,-0.9207589301538929,local,4
PCA,8,ABpxpaap,-0.6903687158424636,-0.8914451138230072,local,4
PCA,8,ABpxpaaa,-0.7319457419982459,-0.9345534439769008,local,4
PCA,8,ABpxp,-0.26471757694669446,-0.3653373812870333,global,1
PCA,8,ABpxpp,-0.6087254568093537,-0.7191393702383738,global,2
PCA,8,ABpxpa,-0.6480308825472664,-0.7071457976532538,global,2
PCA,8,ABpxppp,-0.6234961038554258,-0.5508603325786703,global,3
PCA,8,ABpxppa,-0.6267799712916533,-0.8938227844184716,global,3
PCA,8,ABpxpap,-0.677733003441842,-0.8712246500109005,global,3
PCA,8,ABpxpaa,-0.686459884597577,-0.6925151088037761,global,3
PCA,8,ABpxpppp,-0.708114194021802,-0.704861917650615,local,4
PCA,8,ABpxpppa,-0.7176107517958,-0.815527564581758,local,4
PCA,8,ABpxppap,-0.7367825070959029,-0.4724532179626526,local,4
PCA,8,ABpxppaa,-0.7319072135868357,-0.9016433863405567,local,4
PCA,8,ABpxpaap,-0.6694314618795059,-0.8989661952509097,local,4
PCA,8,ABpxpaaa,-0.7065873924838466,-0.9330731867942368,local,4
PCA,8,ABpxp,-0.3716051292419034,-0.1641988854646663,global,1
PCA,8,ABpxpp,-0.5070627317462884,-0.7229845372342081,global,2
PCA,8,ABpxpa,-0.681314275743922,-0.7432955464289711,global,2
PCA,8,ABpxppp,-0.6002977574203432,-0.5168781366826587,global,3
PCA,8,ABpxppa,-0.586040445084814,-0.8841041670140498,global,3
PCA,8,ABpxpap,-0.5315447716140985,-0.8364704502864324,global,3
PCA,8,ABpxpaa,-0.6777685995918936,-0.6609628761659511,global,3
PCA,8,ABpxpppp,-0.66762484591005,-0.6871121624610623,local,4
PCA,8,ABpxpppa,-0.7233472206390122,-0.7631234712614573,local,4
PCA,8,ABpxppap,-0.7176772113302339,-0.48831154126758414,local,4
PCA,8,ABpxppaa,-0.7495139860227434,-0.9032737323919394,local,4
PCA,8,ABpxpaap,-0.7049018779786802,-0.8823345546119585,local,4
PCA,8,ABpxpaaa,-0.6503656559830522,-0.9279131277314456,local,4
PCA,8,ABpxp,-0.5298550807890786,0.2117759017368451,global,1
PCA,8,ABpxpp,-0.4994995482410288,-0.6901016630911125,global,2
PCA,8,ABpxpa,-0.7147341278344064,-0.8220682408412003,global,2
PCA,8,ABpxppp,-0.5775106179293088,-0.5071702773871631,global,3
PCA,8,ABpxppa,-0.660581003547756,-0.8821626982141975,global,3
PCA,8,ABpxpap,-0.6432719723860529,-0.8394291001692598,global,3
PCA,8,ABpxpaa,-0.7264239525822138,-0.6761301564471642,global,3
PCA,8,ABpxpppp,-0.6698144933781995,-0.6408221175555701,local,4
PCA,8,ABpxpppa,-0.7422207357962386,-0.7378137055631583,local,4
PCA,8,ABpxppap,-0.7163854352758379,-0.44438179449281423,local,4
PCA,8,ABpxppaa,-0.7401711304477667,-0.9134341585648327,local,4
PCA,8,ABpxpaap,-0.7148819067467949,-0.896741149445336,local,4
PCA,8,ABpxpaaa,-0.6948660901655267,-0.9330749130306333,local,4
PCA,8,ABpxp,-0.37177891522848616,-0.4845278380681882,global,1
PCA,8,ABpxpp,-0.5263763131045767,-0.7353229345262196,global,2
PCA,8,ABpxpa,-0.4969680802468234,-0.7461142766072506,global,2
PCA,8,ABpxppp,-0.6568266931235431,-0.5246115268031264,global,3
PCA,8,ABpxppa,-0.6081392692334261,-0.8964225644453597,global,3
PCA,8,ABpxpap,-0.6753384885135885,-0.811938427307925,global,3
PCA,8,ABpxpaa,-0.7317555896144095,-0.6974877206805385,global,3
PCA,8,ABpxpppp,-0.6762712668181504,-0.6792181468265416,local,4
PCA,8,ABpxpppa,-0.7277450771281183,-0.7800387191716606,local,4
PCA,8,ABpxppap,-0.7313616537882976,-0.5050626255637679,local,4
PCA,8,ABpxppaa,-0.7523857653243358,-0.903671531702785,local,4
PCA,8,ABpxpaap,-0.7157829576024393,-0.8889061315899893,local,4
PCA,8,ABpxpaaa,-0.6958256631255135,-0.933974735489469,local,4
PCA,8,ABpxp,-0.5459920698200638,-0.09036222148226115,global,1
PCA,8,ABpxpp,-0.42458525064195907,-0.6339116852549255,global,2
PCA,8,ABpxpa,-0.6576545709115166,-0.741713669440544,global,2
PCA,8,ABpxppp,-0.6205403004913493,-0.5784555205758624,global,3
PCA,8,ABpxppa,-0.6299393160125869,-0.8962402922465157,global,3
PCA,8,ABpxpap,-0.6510079093155056,-0.8099037864789305,global,3
PCA,8,ABpxpaa,-0.7218092944622575,-0.7286711077327123,global,3
PCA,8,ABpxpppp,-0.6889860037243468,-0.6691102547782355,local,4
PCA,8,ABpxpppa,-0.686845872958516,-0.7720524166821604,local,4
PCA,8,ABpxppap,-0.7040342710853603,-0.44099012795932635,local,4
PCA,8,ABpxppaa,-0.7714777518387962,-0.9050730832663918,local,4
PCA,8,ABpxpaap,-0.7048782780744483,-0.8982086075793282,local,4
PCA,8,ABpxpaaa,-0.7378135959123481,-0.932229697327754,local,4
PCA,8,ABpxp,-0.5101507800666433,-0.4064494302358018,global,1
PCA,8,ABpxpp,-0.5344062363634643,-0.7016582409527041,global,2
PCA,8,ABpxpa,-0.5524072693714704,-0.7745706187310428,global,2
PCA,8,ABpxppp,-0.6429017807056903,-0.5543020549042842,global,3
PCA,8,ABpxppa,-0.6049327502979209,-0.8922957519619027,global,3
PCA,8,ABpxpap,-0.559815348777228,-0.8290294855453337,global,3
PCA,8,ABpxpaa,-0.7285301833737599,-0.6829410804658484,global,3
PCA,8,ABpxpppp,-0.7326852850924023,-0.6517717642108399,local,4
PCA,8,ABpxpppa,-0.7140033715553316,-0.7661927221882394,local,4
PCA,8,ABpxppap,-0.7284711998233706,-0.5134854481614862,local,4
PCA,8,ABpxppaa,-0.7278864632121901,-0.9186308233877815,local,4
PCA,8,ABpxpaap,-0.7090363131194546,-0.9000036585965723,local,4
PCA,8,ABpxpaaa,-0.6950083442641473,-0.9283835744369179,local,4
PCA,8,ABpxp,-0.6306659815664601,-0.3832746418648242,global,1
PCA,8,ABpxpp,-0.5575290239582651,-0.7609709078594517,global,2
PCA,8,ABpxpa,-0.5927598427563621,-0.7370739361672322,global,2
PCA,8,ABpxppp,-0.5743738352806135,-0.5497172489919988,global,3
PCA,8,ABpxppa,-0.6073572928833172,-0.8867882021443335,global,3
PCA,8,ABpxpap,-0.5852679151289331,-0.8173850227289864,global,3
PCA,8,ABpxpaa,-0.6911678480246035,-0.6483101497471143,global,3
PCA,8,ABpxpppp,-0.7157005283818656,-0.6200604702244036,local,4
PCA,8,ABpxpppa,-0.7180820758010868,-0.7883761106409891,local,4
PCA,8,ABpxppap,-0.7549457499625671,-0.45236881388687206,local,4
PCA,8,ABpxppaa,-0.7298034477505374,-0.9094271846305017,local,4
PCA,8,ABpxpaap,-0.6818817788240827,-0.9012686918265149,local,4
PCA,8,ABpxpaaa,-0.7405194166646532,-0.921667126514536,local,4
PCA,8,ABpxp,-0.29531973620204954,-0.3038392267021596,global,1
PCA,8,ABpxpp,-0.5258587242910998,-0.7479774963858066,global,2
PCA,8,ABpxpa,-0.5361661470351469,-0.7452003960986245,global,2
PCA,8,ABpxppp,-0.5547253395435471,-0.5716718890120671,global,3
PCA,8,ABpxppa,-0.6457040284914974,-0.9010974653534032,global,3
PCA,8,ABpxpap,-0.6219936261586644,-0.8171806053576435,global,3
PCA,8,ABpxpaa,-0.7108243087175121,-0.6955100923758687,global,3
PCA,8,ABpxpppp,-0.7064784084952432,-0.6664487553758783,local,4
PCA,8,ABpxpppa,-0.7058273763251414,-0.7697329440856682,local,4
PCA,8,ABpxppap,-0.6985357154805061,-0.47735096578650704,local,4
PCA,8,ABpxppaa,-0.7382507692444745,-0.9151135652343841,local,4
PCA,8,ABpxpaap,-0.716586615080828,-0.9017002349700334,local,4
PCA,8,ABpxpaaa,-0.6834200450353762,-0.9275185370438921,local,4
PCA,8,ABpxp,-0.5017382448710974,-0.035746051695684455,global,1
PCA,8,ABpxpp,-0.5493009262024918,-0.7486092965260784,global,2
PCA,8,ABpxpa,-0.6724332784376962,-0.7690739072197466,global,2
PCA,8,ABpxppp,-0.6330090620945183,-0.532103167973808,global,3
PCA,8,ABpxppa,-0.6411358682115831,-0.8967597837323816,global,3
PCA,8,ABpxpap,-0.6696252527719774,-0.8294309481384131,global,3
PCA,8,ABpxpaa,-0.7050192518125272,-0.696007207817394,global,3
UMAP,8,ABpxpppp,-0.4910559025222671,-0.8074220340853029,local,4
UMAP,8,ABpxpppa,-0.7668254409932936,-0.8687253364344433,local,4
UMAP,8,ABpxppap,-0.5675950715718638,-0.6631041330059382,local,4
UMAP,8,ABpxppaa,-0.7118170859431298,-0.6566915372524766,local,4
UMAP,8,ABpxpaap,-0.6837647763424646,-0.9767279395207676,local,4
UMAP,8,ABpxpaaa,-0.4307952446659605,-0.9475449615653846,local,4
UMAP,8,ABpxp,-0.4576837057807866,-0.5024897978427221,global,1
UMAP,8,ABpxpp,-0.7882280445240282,-0.7511230828514206,global,2
UMAP,8,ABpxpa,-0.8426526483233775,-0.8179362086971933,global,2
UMAP,8,ABpxppp,-0.7897496197404874,-0.5034047553814862,global,3
UMAP,8,ABpxppa,-0.46207458525199396,-0.904223939317953,global,3
UMAP,8,ABpxpap,-0.665350751038868,-0.7299978818253086,global,3
UMAP,8,ABpxpaa,-0.5305939840412038,-0.6240288779115074,global,3
UMAP,8,ABpxpppp,-0.4710681778176061,-0.8489274981540532,local,4
UMAP,8,ABpxpppa,-0.7972366756661309,-0.8496355173256203,local,4
UMAP,8,ABpxppap,-0.7471080740373245,-0.9043643135980566,local,4
UMAP,8,ABpxppaa,-0.6016940921352815,-0.6199468598325013,local,4
UMAP,8,ABpxpaap,-0.6760168189936389,-0.9702693955709156,local,4
UMAP,8,ABpxpaaa,-0.6932366586953591,-0.9550177550775163,local,4
UMAP,8,ABpxp,-0.3389856249464629,-0.4921947120718284,global,1
UMAP,8,ABpxpp,-0.7578962006500608,-0.7629443250799282,global,2
UMAP,8,ABpxpa,-0.8702357425905036,-0.7841939242100064,global,2
UMAP,8,ABpxppp,-0.7140295814521036,-0.6666492848023621,global,3
UMAP,8,ABpxppa,-0.3862832222338428,-0.8721506255060222,global,3
UMAP,8,ABpxpap,-0.3463420643081096,-0.7015909855314111,global,3
UMAP,8,ABpxpaa,-0.41590528747816535,-0.5321796004803828,global,3
UMAP,8,ABpxpppp,-0.5975106276876827,-0.887885480279439,local,4
UMAP,8,ABpxpppa,-0.7946550568996356,-0.8980129703124208,local,4
UMAP,8,ABpxppap,-0.5465606626281605,-0.6777173120889477,local,4
UMAP,8,ABpxppaa,-0.46131655487055806,-0.6181046065934931,local,4
UMAP,8,ABpxpaap,-0.28831902243315816,-0.9183647600007223,local,4
UMAP,8,ABpxpaaa,-0.6193034695884172,-0.9357938212433522,local,4
UMAP,8,ABpxp,-0.5839136905039161,-0.4928468736344337,global,1
UMAP,8,ABpxpp,-0.7222377142746292,-0.6909475734473582,global,2
UMAP,8,ABpxpa,-0.8911104922605366,-0.7892882534433805,global,2
UMAP,8,ABpxppp,-0.7664627357835694,-0.5483958823389506,global,3
UMAP,8,ABpxppa,-0.18933855045000653,-0.7510665120681176,global,3
UMAP,8,ABpxpap,-0.7323091519706468,-0.8555846177437958,global,3
UMAP,8,ABpxpaa,-0.42057387411416114,-0.573365888833928,global,3
UMAP,8,ABpxpppp,-0.6148925400173142,-0.893508533127038,local,4
UMAP,8,ABpxpppa,-0.7904578468662001,-0.875595285645325,local,4
UMAP,8,ABpxppap,-0.5973749051432442,-0.6520510116825358,local,4
UMAP,8,ABpxppaa,-0.7583018755887573,-0.8615794526464351,local,4
UMAP,8,ABpxpaap,-0.6269427878166576,-0.9531727446919198,local,4
UMAP,8,ABpxpaaa,-0.6500441919891387,-0.9103405582584352,local,4
UMAP,8,ABpxp,-0.34763323067371843,-0.22355410760179228,global,1
UMAP,8,ABpxpp,-0.6447058030997089,-0.6896918372819508,global,2
UMAP,8,ABpxpa,-0.858783574055873,-0.6788325908463744,global,2
UMAP,8,ABpxppp,-0.7847468248429192,-0.5319121433622549,global,3
UMAP,8,ABpxppa,-0.5574275840674867,-0.9142735199152778,global,3
UMAP,8,ABpxpap,-0.5966492939971855,-0.7921245133727447,global,3
UMAP,8,ABpxpaa,-0.3271510746742161,-0.6083916956273924,global,3
UMAP,8,ABpxpppp,-0.5455398307148435,-0.8589021058732449,local,4
UMAP,8,ABpxpppa,-0.7371080409650218,-0.8767578591995686,local,4
UMAP,8,ABpxppap,-0.6424109793572343,-0.7073277526472387,local,4
UMAP,8,ABpxppaa,-0.6809229167603211,-0.8624227256828565,local,4
UMAP,8,ABpxpaap,-0.2877693906897423,-0.9616826036768953,local,4
UMAP,8,ABpxpaaa,-0.6219351984661199,-0.9455186603044764,local,4
UMAP,8,ABpxp,-0.5428624150020528,-0.2943576506752953,global,1
UMAP,8,ABpxpp,-0.6897946981200931,-0.640966084034984,global,2
UMAP,8,ABpxpa,-0.9108346825786359,-0.7826414040241271,global,2
UMAP,8,ABpxppp,-0.6222775780251903,-0.3857605443291937,global,3
UMAP,8,ABpxppa,-0.32971234955426576,-0.8876435469304577,global,3
UMAP,8,ABpxpap,-0.6648732376437019,-0.8926325233465442,global,3
UMAP,8,ABpxpaa,-0.4751015995888151,-0.46024085544280463,global,3
UMAP,8,ABpxpppp,-0.5907359241643568,-0.9036414195805293,local,4
UMAP,8,ABpxpppa,-0.8025309860899983,-0.9092323514823363,local,4
UMAP,8,ABpxppap,-0.6415153011019259,-0.6519483192470807,local,4
UMAP,8,ABpxppaa,-0.556182531353567,-0.5213533848123505,local,4
UMAP,8,ABpxpaap,-0.7587444694465618,-0.9732174708446033,local,4
UMAP,8,ABpxpaaa,-0.761366909730453,-0.9612238164218971,local,4
UMAP,8,ABpxp,-0.56997762410242,-0.4008479378400684,global,1
UMAP,8,ABpxpp,-0.665781789368441,-0.6718601740877723,global,2
UMAP,8,ABpxpa,-0.8691892711607045,-0.608956195880223,global,2
UMAP,8,ABpxppp,-0.5981821737953321,-0.529461466945718,global,3
UMAP,8,ABpxppa,-0.2734727838601726,-0.8438556032581919,global,3
UMAP,8,ABpxpap,-0.4300233477664731,-0.66449497309052,global,3
UMAP,8,ABpxpaa,-0.6298563277943878,-0.7943046438188589,global,3
UMAP,8,ABpxpppp,-0.4026018246255415,-0.8029260733022179,local,4
UMAP,8,ABpxpppa,-0.631197017313508,-0.8840851660633221,local,4
UMAP,8,ABpxppap,-0.4789576779353967,-0.7099720180563704,local,4
UMAP,8,ABpxppaa,-0.1846376962201918,-0.5371559345118939,local,4
UMAP,8,ABpxpaap,-0.3844181058741946,-0.9681218625639021,local,4
UMAP,8,ABpxpaaa,-0.28987967774579204,-0.8162754896388028,local,4
UMAP,8,ABpxp,-0.3482546734594586,-0.2919415926775594,global,1
UMAP,8,ABpxpp,-0.6924564671821465,-0.6027898315719759,global,2
UMAP,8,ABpxpa,-0.8566761174650797,-0.7145880539995446,global,2
UMAP,8,ABpxppp,-0.7843362962800651,-0.8249420081273392,global,3
UMAP,8,ABpxppa,-0.17174137243444235,-0.7086991027164029,global,3
UMAP,8,ABpxpap,-0.3774688897472486,-0.6704471340499819,global,3
UMAP,8,ABpxpaa,-0.3012614926251376,-0.5638056003844687,global,3
UMAP,8,ABpxpppp,-0.6023119582923264,-0.8624600394932461,local,4
UMAP,8,ABpxpppa,-0.7511567468606662,-0.8925150031680511,local,4
UMAP,8,ABpxppap,-0.6195014931034684,-0.6476739168486357,local,4
UMAP,8,ABpxppaa,-0.6732423711372048,-0.8435573171619029,local,4
UMAP,8,ABpxpaap,-0.2596278823815955,-0.8929449144680044,local,4
UMAP,8,ABpxpaaa,-0.40892880703995693,-0.9517092835440304,local,4
UMAP,8,ABpxp,-0.5064254968284212,-0.39629802994287716,global,1
UMAP,8,ABpxpp,-0.6858148246363024,-0.5908734002749203,global,2
UMAP,8,ABpxpa,-0.807304981143866,-0.5683561361421908,global,2
UMAP,8,ABpxppp,-0.7975552096710469,-0.8206871129256057,global,3
UMAP,8,ABpxppa,-0.43137590708746637,-0.8928306627108749,global,3
UMAP,8,ABpxpap,-0.6534878305633375,-0.7181470012718199,global,3
UMAP,8,ABpxpaa,-0.6589192878262278,-0.5590462154534102,global,3
UMAP,8,ABpxpppp,-0.4913590296374974,-0.8365714108342474,local,4
UMAP,8,ABpxpppa,-0.6287817251696369,-0.8820732294036355,local,4
UMAP,8,ABpxppap,-0.6132239154501309,-0.7087026230284911,local,4
UMAP,8,ABpxppaa,-0.5825583479304365,-0.5336873347852443,local,4
UMAP,8,ABpxpaap,-0.46681456558997325,-0.8640022878708855,local,4
UMAP,8,ABpxpaaa,-0.4681456363509534,-0.910912287353542,local,4
UMAP,8,ABpxp,-0.6383308709141128,-0.6894105163620037,global,1
UMAP,8,ABpxpp,-0.6557586105756892,-0.6478610918519079,global,2
UMAP,8,ABpxpa,-0.8262986499207593,-0.7641949979123045,global,2
UMAP,8,ABpxppp,-0.7417276055780385,-0.6345444691168844,global,3
UMAP,8,ABpxppa,-0.32055125682914826,-0.908005523904416,global,3
UMAP,8,ABpxpap,-0.6841039527239241,-0.8737105218764207,global,3
UMAP,8,ABpxpaa,-0.618491482574795,-0.4683730758359014,global,3
UMAP,8,ABpxpppp,-0.6285460071181862,-0.8881525547441593,local,4
UMAP,8,ABpxpppa,-0.8532071916732742,-0.9199941307748628,local,4
UMAP,8,ABpxppap,-0.647908751332243,-0.8916478314434597,local,4
UMAP,8,ABpxppaa,-0.7431881702076972,-0.8901246361126444,local,4
UMAP,8,ABpxpaap,-0.6654093740681177,-0.9709667744958312,local,4
UMAP,8,ABpxpaaa,-0.4129351335358428,-0.9108311978375363,local,4
UMAP,8,ABpxp,-0.44259436792011314,-0.02732655246405166,global,1
UMAP,8,ABpxpp,-0.7518751766031679,-0.7029651876364854,global,2
UMAP,8,ABpxpa,-0.848129169188573,-0.7902438175141253,global,2
UMAP,8,ABpxppp,-0.608583741350937,-0.6239143042657869,global,3
UMAP,8,ABpxppa,-0.6008194896513881,-0.9193511853682309,global,3
UMAP,8,ABpxpap,-0.7091839520912775,-0.6698922004306321,global,3
UMAP,8,ABpxpaa,-0.35607177782100946,-0.6270269645353632,global,3
UMAP,8,ABpxpppp,-0.5475043226810014,-0.8669203568939979,local,4
UMAP,8,ABpxpppa,-0.7073362471822792,-0.872995872710151,local,4
UMAP,8,ABpxppap,-0.7640470022722233,-0.8442666150813687,local,4
UMAP,8,ABpxppaa,-0.5370792856170191,-0.6000477551949205,local,4
UMAP,8,ABpxpaap,-0.7179859757285703,-0.9575793281048057,local,4
UMAP,8,ABpxpaaa,-0.6550581116615242,-0.9600372323799578,local,4
UMAP,8,ABpxp,-0.3120711091792718,-0.49268944385465185,global,1
UMAP,8,ABpxpp,-0.6549437260324871,-0.6142432064485406,global,2
UMAP,8,ABpxpa,-0.8164927100557096,-0.5536525086678281,global,2
UMAP,8,ABpxppp,-0.7446669104798714,-0.8293815929208279,global,3
UMAP,8,ABpxppa,-0.5831649824114662,-0.8873127278248915,global,3
UMAP,8,ABpxpap,-0.7405470571689142,-0.8343718120295546,global,3
UMAP,8,ABpxpaa,-0.4671251024178896,-0.6046908388358563,global,3
UMAP,8,ABpxpppp,-0.6358238285130751,-0.8866633656231729,local,4
UMAP,8,ABpxpppa,-0.781909851013382,-0.9039805090128138,local,4
UMAP,8,ABpxppap,-0.7391712310426908,-0.8902471108783019,local,4
UMAP,8,ABpxppaa,-0.5109616303663542,-0.5634125460321437,local,4
UMAP,8,ABpxpaap,-0.6896916533651039,-0.9652912007590227,local,4
UMAP,8,ABpxpaaa,-0.5700602515470867,-0.9374107444690876,local,4
UMAP,8,ABpxp,-0.5039587388599129,-0.4532279918958352,global,1
UMAP,8,ABpxpp,-0.7448783080285648,-0.6926001974396094,global,2
UMAP,8,ABpxpa,-0.8503271097416643,-0.7871637146985667,global,2
UMAP,8,ABpxppp,-0.7795463856681912,-0.8153514977406433,global,3
UMAP,8,ABpxppa,-0.40070467279382943,-0.8885042242654926,global,3
UMAP,8,ABpxpap,-0.5410423878177217,-0.8073078097603922,global,3
UMAP,8,ABpxpaa,-0.5701352485103597,-0.5126615984271066,global,3
UMAP,8,ABpxpppp,-0.6278115216585859,-0.8456030148004371,local,4
UMAP,8,ABpxpppa,-0.7735854837880514,-0.8791412197747479,local,4
UMAP,8,ABpxppap,-0.701262688012126,-0.7086596737562061,local,4
UMAP,8,ABpxppaa,-0.5502712523194415,-0.6178171774655081,local,4
UMAP,8,ABpxpaap,-0.713108819985707,-0.9614727571337556,local,4
UMAP,8,ABpxpaaa,-0.3704970725905104,-0.9503186796479148,local,4
UMAP,8,ABpxp,-0.3702464558679669,-0.22394707096723265,global,1
UMAP,8,ABpxpp,-0.6960456474299828,-0.7338666720227003,global,2
UMAP,8,ABpxpa,-0.7986399569422681,-0.7091766761104162,global,2
UMAP,8,ABpxppp,-0.7571281756404491,-0.4592616143292572,global,3
UMAP,8,ABpxppa,-0.443014018846078,-0.9075451222401338,global,3
UMAP,8,ABpxpap,-0.5030089669341532,-0.7068665518507032,global,3
UMAP,8,ABpxpaa,-0.3843996692628171,-0.5227592025620132,global,3
UMAP,8,ABpxpppp,-0.4913470211449492,-0.8379008239911885,local,4
UMAP,8,ABpxpppa,-0.7116243447013666,-0.7725979643963118,local,4
UMAP,8,ABpxppap,-0.7651679609890001,-0.8876747449044797,local,4
UMAP,8,ABpxppaa,-0.5041670622021508,-0.5774601521512498,local,4
UMAP,8,ABpxpaap,-0.5237674997245351,-0.8578161118102107,local,4
UMAP,8,ABpxpaaa,-0.6022377577470928,-0.9615797284664501,local,4
UMAP,8,ABpxp,-0.503936417558274,-0.2390796986894753,global,1
UMAP,8,ABpxpp,-0.6310688818407808,-0.7618791079934122,global,2
UMAP,8,ABpxpa,-0.7870793377439836,-0.7001811591880895,global,2
UMAP,8,ABpxppp,-0.7561251629926828,-0.619448201759883,global,3
UMAP,8,ABpxppa,-0.5725973284180509,-0.8782491956225915,global,3
UMAP,8,ABpxpap,-0.6521536622151578,-0.7388217128918545,global,3
UMAP,8,ABpxpaa,-0.4381172216053694,-0.5944872778443483,global,3
UMAP,8,ABpxpppp,-0.5306449713808454,-0.8087777317454573,local,4
UMAP,8,ABpxpppa,-0.8077621660349136,-0.9068693649712057,local,4
UMAP,8,ABpxppap,-0.6062356956165889,-0.6879060622080488,local,4
UMAP,8,ABpxppaa,-0.48537625404179907,-0.5842096993929334,local,4
UMAP,8,ABpxpaap,-0.44329964556906365,-0.9620733192336626,local,4
UMAP,8,ABpxpaaa,-0.7805023437682668,-0.9451988995022381,local,4
UMAP,8,ABpxp,-0.4520218505651094,-0.37429725933103974,global,1
UMAP,8,ABpxpp,-0.7601537555317364,-0.6330337185262713,global,2
UMAP,8,ABpxpa,-0.837502826574093,-0.676373224682121,global,2
UMAP,8,ABpxppp,-0.5874519968829742,-0.6110934673928113,global,3
UMAP,8,ABpxppa,-0.5217234926486983,-0.9050329665616615,global,3
UMAP,8,ABpxpap,-0.41742573740359984,-0.7894359830904626,global,3
UMAP,8,ABpxpaa,-0.5453355455527525,-0.49548863352493094,global,3
UMAP,8,ABpxpppp,-0.5087401838300936,-0.7739106345909114,local,4
UMAP,8,ABpxpppa,-0.67369811029543,-0.9157761420926499,local,4
UMAP,8,ABpxppap,-0.48146423742777766,-0.6939768842450189,local,4
UMAP,8,ABpxppaa,-0.5852062103639384,-0.8633219909248826,local,4
UMAP,8,ABpxpaap,-0.6771502888352199,-0.969868033552319,local,4
UMAP,8,ABpxpaaa,-0.528485386365002,-0.9323304315666636,local,4
UMAP,8,ABpxp,-0.3627603545777303,-0.28370007143652,global,1
UMAP,8,ABpxpp,-0.7961980052093411,-0.7337708464920478,global,2
UMAP,8,ABpxpa,-0.8460449686518748,-0.7640487362701502,global,2
UMAP,8,ABpxppp,-0.7512222051484985,-0.6603718291719681,global,3
UMAP,8,ABpxppa,-0.5269288038371301,-0.8828458956397425,global,3
UMAP,8,ABpxpap,-0.3712628427421954,-0.43959555058364425,global,3
UMAP,8,ABpxpaa,-0.5241872772601515,-0.5858053750158341,global,3
UMAP,8,ABpxpppp,-0.5957309193836585,-0.8940491701896407,local,4
UMAP,8,ABpxpppa,-0.7849734816418589,-0.9124115825172014,local,4
UMAP,8,ABpxppap,-0.6341622880653721,-0.7203323833220525,local,4
UMAP,8,ABpxppaa,-0.40869297071048993,-0.47260899846849586,local,4
UMAP,8,ABpxpaap,-0.4461765441313915,-0.9716934534642058,local,4
UMAP,8,ABpxpaaa,-0.7544345346078002,-0.9495113141439452,local,4
UMAP,8,ABpxp,-0.4649364167247028,-0.35492438480108546,global,1
UMAP,8,ABpxpp,-0.7066550403513231,-0.7620489062303564,global,2
UMAP,8,ABpxpa,-0.7880830497065211,-0.7308648555728879,global,2
UMAP,8,ABpxppp,-0.795635947414258,-0.5824752712210883,global,3
UMAP,8,ABpxppa,-0.6149747957760072,-0.9174634656558447,global,3
UMAP,8,ABpxpap,-0.3280480455732987,-0.7170100838899317,global,3
UMAP,8,ABpxpaa,-0.6757280884663991,-0.6287192366739289,global,3
UMAP,8,ABpxpppp,-0.5422229596645134,-0.8897684968819517,local,4
UMAP,8,ABpxpppa,-0.7435341054887261,-0.8106528534062539,local,4
UMAP,8,ABpxppap,-0.7580477218100636,-0.8455481468048167,local,4
UMAP,8,ABpxppaa,-0.5557963223981762,-0.6232983265896582,local,4
UMAP,8,ABpxpaap,-0.37361998082434034,-0.9696332488061326,local,4
UMAP,8,ABpxpaaa,-0.5835423196826532,-0.944581375246631,local,4
UMAP,8,ABpxp,-0.5506888405158886,-0.316874874639164,global,1
UMAP,8,ABpxpp,-0.7136891183847223,-0.7426692166942457,global,2
UMAP,8,ABpxpa,-0.8930534560802658,-0.758818520156287,global,2
UMAP,8,ABpxppp,-0.7359541419778111,-0.6591901549137755,global,3
UMAP,8,ABpxppa,-0.309837437041001,-0.8985670311196399,global,3
UMAP,8,ABpxpap,-0.7940017364918295,-0.8901820404811325,global,3
UMAP,8,ABpxpaa,-0.48431282662723624,-0.5793118742277216,global,3
UMAP,8,ABpxpppp,-0.6212797269882823,-0.88851316755181,local,4
UMAP,8,ABpxpppa,-0.6126561754023994,-0.8964310574596346,local,4
UMAP,8,ABpxppap,-0.7635129908193263,-0.8850127529036462,local,4
UMAP,8,ABpxppaa,-0.6872550088706324,-0.8695072501729569,local,4
UMAP,8,ABpxpaap,-0.38924147188450864,-0.9681001006244779,local,4
UMAP,8,ABpxpaaa,-0.5621914787971841,-0.9600544404442617,local,4
UMAP,8,ABpxp,-0.4019368670373694,-0.5278023247311875,global,1
UMAP,8,ABpxpp,-0.7583332753165256,-0.686678418551533,global,2
UMAP,8,ABpxpa,-0.8897185183006688,-0.7916942485573921,global,2
UMAP,8,ABpxppp,-0.6841192537518108,-0.3254263477076771,global,3
UMAP,8,ABpxppa,-0.44165375753084923,-0.9031198230411314,global,3
UMAP,8,ABpxpap,-0.4565738854501385,-0.817871350811163,global,3
UMAP,8,ABpxpaa,-0.6782544648766724,-0.5307114167652105,global,3
UMAP,8,ABpxpppp,-0.6006635494611912,-0.9072501244710992,local,4
UMAP,8,ABpxpppa,-0.7748634086892525,-0.8734696792412217,local,4
UMAP,8,ABpxppap,-0.7316516922320104,-0.8758111324015307,local,4
UMAP,8,ABpxppaa,-0.3356488013563431,-0.47724705343878804,local,4
UMAP,8,ABpxpaap,-0.7391564156516452,-0.9753523935495794,local,4
UMAP,8,ABpxpaaa,-0.5955814279971718,-0.9445694129264974,local,4
UMAP,8,ABpxp,-0.33084897016738646,-0.24863085264760262,global,1
UMAP,8,ABpxpp,-0.6589814951757541,-0.5435377284214671,global,2
UMAP,8,ABpxpa,-0.7994294812579082,-0.697670133538888,global,2
UMAP,8,ABpxppp,-0.8262160819686322,-0.8512114507207487,global,3
UMAP,8,ABpxppa,-0.2695537583875399,-0.9176442878719433,global,3
UMAP,8,ABpxpap,-0.6379821242467085,-0.8567854481599645,global,3
UMAP,8,ABpxpaa,-0.3551763985219186,-0.6128137851268504,global,3
hMDS,9,ABpxpppp,-0.7217452111974139,-0.7938262760825667,local,4
hMDS,9,ABpxpppa,-0.7760494227566794,-0.8641695721581139,local,4
hMDS,9,ABpxppap,-0.7221446973634367,-0.884753797735343,local,4
hMDS,9,ABpxppaa,-0.8322522713326862,-0.9216631502515453,local,4
hMDS,9,ABpxpaap,-0.7929575107305489,-0.9433037095623328,local,4
hMDS,9,ABpxpaaa,-0.7353496408676686,-0.9300561483090812,local,4
hMDS,9,ABpxp,-0.6981179129800448,-0.6545078319589114,global,1
hMDS,9,ABpxpp,-0.7511391217497283,-0.6989208426225622,global,2
hMDS,9,ABpxpa,-0.7932964224631869,-0.7619171598605305,global,2
hMDS,9,ABpxppp,-0.704018988794533,-0.6795037791808338,global,3
hMDS,9,ABpxppa,-0.7303775270942572,-0.8847495188752077,global,3
hMDS,9,ABpxpap,-0.7896629017128106,-0.7505286312872771,global,3
hMDS,9,ABpxpaa,-0.8325968592123941,-0.6401885292195527,global,3
hMDS,9,ABpxpppp,-0.7443681583999768,-0.8184272626680846,local,4
hMDS,9,ABpxpppa,-0.7898560972704602,-0.8583848699823864,local,4
hMDS,9,ABpxppap,-0.7471741091243691,-0.9080762478387315,local,4
hMDS,9,ABpxppaa,-0.8185190579552967,-0.9264957115758331,local,4
hMDS,9,ABpxpaap,-0.7705694750636676,-0.9565971251263446,local,4
hMDS,9,ABpxpaaa,-0.7541254713860852,-0.9289648163771989,local,4
hMDS,9,ABpxp,-0.6218146288969146,-0.5516428417816832,global,1
hMDS,9,ABpxpp,-0.624410736380515,-0.6385075988118835,global,2
hMDS,9,ABpxpa,-0.7025946383668956,-0.8124231145814406,global,2
hMDS,9,ABpxppp,-0.6904554185959679,-0.6549218476275307,global,3
hMDS,9,ABpxppa,-0.7059694385734417,-0.8849092604234634,global,3
hMDS,9,ABpxpap,-0.7925108490684545,-0.7497142961985241,global,3
hMDS,9,ABpxpaa,-0.7627660023073268,-0.6422275677818011,global,3
hMDS,9,ABpxpppp,-0.7347516603892216,-0.8043555164178552,local,4
hMDS,9,ABpxpppa,-0.7561829607647067,-0.8428480527641065,local,4
hMDS,9,ABpxppap,-0.7680393347242931,-0.8857759741769573,local,4
hMDS,9,ABpxppaa,-0.7959916984744909,-0.9193234212310196,local,4
hMDS,9,ABpxpaap,-0.8018811195546705,-0.9445145093404952,local,4
hMDS,9,ABpxpaaa,-0.7503392615197851,-0.934288421967704,local,4
hMDS,9,ABpxp,-0.6855322391059459,-0.6247572623629913,global,1
hMDS,9,ABpxpp,-0.7944659117166973,-0.7163309943197322,global,2
hMDS,9,ABpxpa,-0.7756171650467393,-0.7845796559020731,global,2
hMDS,9,ABpxppp,-0.7187894564331953,-0.6599513685334181,global,3
hMDS,9,ABpxppa,-0.7229397487604319,-0.894886652957724,global,3
hMDS,9,ABpxpap,-0.7831655135890521,-0.735452249305082,global,3
hMDS,9,ABpxpaa,-0.7183385313149447,-0.6534946657911208,global,3
hMDS,9,ABpxpppp,-0.7393366343527212,-0.8449471160414098,local,4
hMDS,9,ABpxpppa,-0.8043197787215565,-0.8430951648412082,local,4
hMDS,9,ABpxppap,-0.7724267773269327,-0.8849272410469116,local,4
hMDS,9,ABpxppaa,-0.7831800935261144,-0.9293788494273785,local,4
hMDS,9,ABpxpaap,-0.7826990154195836,-0.9521519346446679,local,4
hMDS,9,ABpxpaaa,-0.7746410338019645,-0.9301746873909182,local,4
hMDS,9,ABpxp,-0.6460118497854742,-0.4600004001665959,global,1
hMDS,9,ABpxpp,-0.7337400331755282,-0.6063806390630555,global,2
hMDS,9,ABpxpa,-0.722061560717308,-0.7535402030300412,global,2
hMDS,9,ABpxppp,-0.7055273935530888,-0.6681232794957742,global,3
hMDS,9,ABpxppa,-0.7574460322802423,-0.8794567818224149,global,3
hMDS,9,ABpxpap,-0.7687712667080979,-0.775008420894358,global,3
hMDS,9,ABpxpaa,-0.7891881900300455,-0.6407217725471815,global,3
hMDS,9,ABpxpppp,-0.7077610494892137,-0.8051951963314742,local,4
hMDS,9,ABpxpppa,-0.7637449374658527,-0.8731212520698913,local,4
hMDS,9,ABpxppap,-0.7507237108104875,-0.8976801748108177,local,4
hMDS,9,ABpxppaa,-0.8208322523894628,-0.9253847910340878,local,4
hMDS,9,ABpxpaap,-0.8078355743760802,-0.9526704369383365,local,4
hMDS,9,ABpxpaaa,-0.7755697497018099,-0.928754312691193,local,4
hMDS,9,ABpxp,-0.666904695755246,-0.5989768846830699,global,1
hMDS,9,ABpxpp,-0.7436896648722601,-0.6651547621124867,global,2
hMDS,9,ABpxpa,-0.7314447770178856,-0.7567559055386448,global,2
hMDS,9,ABpxppp,-0.7392093235596469,-0.6541889667813087,global,3
hMDS,9,ABpxppa,-0.7447951404238407,-0.8882853917424554,global,3
hMDS,9,ABpxpap,-0.8140046192993208,-0.7574252342799822,global,3
hMDS,9,ABpxpaa,-0.6947805147460646,-0.7065656589941383,global,3
hMDS,9,ABpxpppp,-0.7484995017737786,-0.8279576367580858,local,4
hMDS,9,ABpxpppa,-0.7767778087315106,-0.846488107204886,local,4
hMDS,9,ABpxppap,-0.76165295195219,-0.9091562111434233,local,4
hMDS,9,ABpxppaa,-0.804510137079857,-0.916705329471445,local,4
hMDS,9,ABpxpaap,-0.7817972152302837,-0.9526998246503313,local,4
hMDS,9,ABpxpaaa,-0.7950897931896482,-0.9257136992052631,local,4
hMDS,9,ABpxp,-0.6123376427042638,-0.6594486491298565,global,1
hMDS,9,ABpxpp,-0.7483374476163389,-0.6450878944005812,global,2
hMDS,9,ABpxpa,-0.7195798886530518,-0.7282655381216768,global,2
hMDS,9,ABpxppp,-0.7596284077923294,-0.6739400024073399,global,3
hMDS,9,ABpxppa,-0.699215252012415,-0.8858812150383893,global,3
hMDS,9,ABpxpap,-0.8142213918949859,-0.7840580688042198,global,3
hMDS,9,ABpxpaa,-0.7688527284128119,-0.7154953664027459,global,3
hMDS,9,ABpxpppp,-0.7242941577661328,-0.8485597581354897,local,4
hMDS,9,ABpxpppa,-0.7839934501528079,-0.8415253449022803,local,4
hMDS,9,ABpxppap,-0.7519207256295297,-0.8896347574993126,local,4
hMDS,9,ABpxppaa,-0.792842419537247,-0.9218630889446507,local,4
hMDS,9,ABpxpaap,-0.7413958802552298,-0.9567207756761582,local,4
hMDS,9,ABpxpaaa,-0.7298708270020182,-0.940425180428845,local,4
hMDS,9,ABpxp,-0.6846413625484595,-0.7578350478574702,global,1
hMDS,9,ABpxpp,-0.7348495285408851,-0.668693435338795,global,2
hMDS,9,ABpxpa,-0.5970953413597775,-0.7305037987796836,global,2
hMDS,9,ABpxppp,-0.6790127780103652,-0.6541551444938913,global,3
hMDS,9,ABpxppa,-0.6886141795758615,-0.8784958477756728,global,3
hMDS,9,ABpxpap,-0.7747518209000951,-0.7704713954257036,global,3
hMDS,9,ABpxpaa,-0.7769056106210818,-0.6863613604313205,global,3
hMDS,9,ABpxpppp,-0.7382357628187514,-0.8189599039438207,local,4
hMDS,9,ABpxpppa,-0.7570384028538908,-0.8444567785974543,local,4
hMDS,9,ABpxppap,-0.776924707153889,-0.8821016358481806,local,4
hMDS,9,ABpxppaa,-0.8176620609932728,-0.9185600924360141,local,4
hMDS,9,ABpxpaap,-0.7715206977599437,-0.9531507982464044,local,4
hMDS,9,ABpxpaaa,-0.7755521704367768,-0.9369384545974535,local,4
hMDS,9,ABpxp,-0.630738685838648,-0.5361047811821478,global,1
hMDS,9,ABpxpp,-0.7706259502677874,-0.7450689303443803,global,2
hMDS,9,ABpxpa,-0.7165661972051529,-0.6924246419903879,global,2
hMDS,9,ABpxppp,-0.7388773976572633,-0.6475499994781673,global,3
hMDS,9,ABpxppa,-0.670296761422983,-0.8602884994512645,global,3
hMDS,9,ABpxpap,-0.825540044620659,-0.7157268551313186,global,3
hMDS,9,ABpxpaa,-0.7716852831163299,-0.636283843931287,global,3
hMDS,9,ABpxpppp,-0.7485713014955968,-0.8207360941766026,local,4
hMDS,9,ABpxpppa,-0.7747914578519195,-0.8588170247335786,local,4
hMDS,9,ABpxppap,-0.7210474493723196,-0.8844889015587241,local,4
hMDS,9,ABpxppaa,-0.8031979436927504,-0.9192434390133654,local,4
hMDS,9,ABpxpaap,-0.7636593180914693,-0.9566295933625997,local,4
hMDS,9,ABpxpaaa,-0.7582654199732455,-0.9349095909746886,local,4
hMDS,9,ABpxp,-0.6401417130164901,-0.7312595084813304,global,1
hMDS,9,ABpxpp,-0.7699778623885136,-0.6195009789070598,global,2
hMDS,9,ABpxpa,-0.8454255352905816,-0.7771702043525512,global,2
hMDS,9,ABpxppp,-0.7256644441476592,-0.6536347958973451,global,3
hMDS,9,ABpxppa,-0.7756933078306075,-0.870973002893021,global,3
hMDS,9,ABpxpap,-0.7060405104052861,-0.8047585689327243,global,3
hMDS,9,ABpxpaa,-0.7302014386668755,-0.6560971610235429,global,3
hMDS,9,ABpxpppp,-0.7527961632708426,-0.7977358919096698,local,4
hMDS,9,ABpxpppa,-0.784743604496019,-0.8447555949342842,local,4
hMDS,9,ABpxppap,-0.7119532552086295,-0.8969796626638438,local,4
hMDS,9,ABpxppaa,-0.7725124371615014,-0.9156658958833621,local,4
hMDS,9,ABpxpaap,-0.7907445078555482,-0.9429369029120893,local,4
hMDS,9,ABpxpaaa,-0.7236747821832616,-0.9344174803395984,local,4
hMDS,9,ABpxp,-0.6665755607930495,-0.708701216722594,global,1
hMDS,9,ABpxpp,-0.7728475343646666,-0.6741691451904595,global,2
hMDS,9,ABpxpa,-0.7965864663722121,-0.7395551172721817,global,2
hMDS,9,ABpxppp,-0.7691514182342315,-0.7137763875085047,global,3
hMDS,9,ABpxppa,-0.7263569342174888,-0.8832611039636246,global,3
hMDS,9,ABpxpap,-0.7771289966246686,-0.7603259117775544,global,3
hMDS,9,ABpxpaa,-0.7723491829988117,-0.6713497022872765,global,3
hMDS,9,ABpxpppp,-0.7461839931996689,-0.8190308839808359,local,4
hMDS,9,ABpxpppa,-0.8203488303285348,-0.8581733688166674,local,4
hMDS,9,ABpxppap,-0.7270430546051628,-0.8937971690995828,local,4
hMDS,9,ABpxppaa,-0.8081737523365284,-0.9136103434303823,local,4
hMDS,9,ABpxpaap,-0.7632377237555226,-0.9527832291939016,local,4
hMDS,9,ABpxpaaa,-0.7566192430712004,-0.932908051348118,local,4
hMDS,9,ABpxp,-0.6710012559177689,-0.4785370426963037,global,1
hMDS,9,ABpxpp,-0.7330842822436772,-0.7147340954148329,global,2
hMDS,9,ABpxpa,-0.7215407054755483,-0.7543778462017785,global,2
hMDS,9,ABpxppp,-0.6763307332157631,-0.6485950803601013,global,3
hMDS,9,ABpxppa,-0.7848073821979107,-0.8832904099047872,global,3
hMDS,9,ABpxpap,-0.7708154355908095,-0.7304925507871933,global,3
hMDS,9,ABpxpaa,-0.7906905979218647,-0.6767707702688804,global,3
hMDS,9,ABpxpppp,-0.7221759724042142,-0.8202921122605892,local,4
hMDS,9,ABpxpppa,-0.7744491178439007,-0.8402137920195037,local,4
hMDS,9,ABpxppap,-0.7537714294898066,-0.8938149944001383,local,4
hMDS,9,ABpxppaa,-0.807644944017863,-0.9237384264915278,local,4
hMDS,9,ABpxpaap,-0.7745516610640539,-0.9444393915621296,local,4
hMDS,9,ABpxpaaa,-0.7647751006370266,-0.9287910743663765,local,4
hMDS,9,ABpxp,-0.6742940474361496,-0.6262510840013781,global,1
hMDS,9,ABpxpp,-0.6985921311158907,-0.6366713024180701,global,2
hMDS,9,ABpxpa,-0.7235721073527419,-0.7796176682398305,global,2
hMDS,9,ABpxppp,-0.7663996047530102,-0.6896441098186263,global,3
hMDS,9,ABpxppa,-0.7384271166955166,-0.8703534471240302,global,3
hMDS,9,ABpxpap,-0.771166792544233,-0.7542798987597591,global,3
hMDS,9,ABpxpaa,-0.7739991360637565,-0.683203911895184,global,3
hMDS,9,ABpxpppp,-0.7569914686592845,-0.8024304249576975,local,4
hMDS,9,ABpxpppa,-0.7916791524596092,-0.8522536554138076,local,4
hMDS,9,ABpxppap,-0.7548585155486123,-0.9038408250576194,local,4
hMDS,9,ABpxppaa,-0.8167209668500549,-0.9125174157903048,local,4
hMDS,9,ABpxpaap,-0.7284786390466835,-0.9534403360068829,local,4
hMDS,9,ABpxpaaa,-0.7813220727436967,-0.9244417559392046,local,4
hMDS,9,ABpxp,-0.7086578483652108,-0.5329691848034679,global,1
hMDS,9,ABpxpp,-0.6792607124630717,-0.7128779571271233,global,2
hMDS,9,ABpxpa,-0.7536445022715303,-0.7421280996275351,global,2
hMDS,9,ABpxppp,-0.7018854260057739,-0.638940408620488,global,3
hMDS,9,ABpxppa,-0.67744563756392,-0.8753874656535822,global,3
hMDS,9,ABpxpap,-0.7776786464037653,-0.791391993300526,global,3
hMDS,9,ABpxpaa,-0.744173376786599,-0.6376751288829406,global,3
hMDS,9,ABpxpppp,-0.7136168312387451,-0.820653345632275,local,4
hMDS,9,ABpxpppa,-0.7944747342936783,-0.8642589108036199,local,4
hMDS,9,ABpxppap,-0.7728119571907339,-0.8837342915496593,local,4
hMDS,9,ABpxppaa,-0.7814070552590573,-0.910988506069713,local,4
hMDS,9,ABpxpaap,-0.7768552377119607,-0.960246974147626,local,4
hMDS,9,ABpxpaaa,-0.764946240390084,-0.9296550075383934,local,4
hMDS,9,ABpxp,-0.6803920084828242,-0.3624225699419402,global,1
hMDS,9,ABpxpp,-0.7627680472604608,-0.6728432637427301,global,2
hMDS,9,ABpxpa,-0.8288590586629958,-0.7835208055961919,global,2
hMDS,9,ABpxppp,-0.7490478847989306,-0.6530280589022892,global,3
hMDS,9,ABpxppa,-0.7511282930398209,-0.8773577279960082,global,3
hMDS,9,ABpxpap,-0.7340044077672617,-0.7432825195935144,global,3
hMDS,9,ABpxpaa,-0.7693380024623928,-0.6763750565303648,global,3
hMDS,9,ABpxpppp,-0.7511170629219384,-0.8097713576026128,local,4
hMDS,9,ABpxpppa,-0.7875698075122242,-0.8438233640585371,local,4
hMDS,9,ABpxppap,-0.7452523197989958,-0.891061587002767,local,4
hMDS,9,ABpxppaa,-0.7777183116287607,-0.9158600087511872,local,4
hMDS,9,ABpxpaap,-0.7520159807348852,-0.9505381081463753,local,4
hMDS,9,ABpxpaaa,-0.7632253066950403,-0.9269926767179496,local,4
hMDS,9,ABpxp,-0.7342346313667006,-0.6112118946483746,global,1
hMDS,9,ABpxpp,-0.7088269523087991,-0.6137617080938347,global,2
hMDS,9,ABpxpa,-0.6910401026230077,-0.648748859447479,global,2
hMDS,9,ABpxppp,-0.7383542110881955,-0.6427244363794131,global,3
hMDS,9,ABpxppa,-0.7404573341959323,-0.8783726576696811,global,3
hMDS,9,ABpxpap,-0.6888466241666571,-0.6642110038417852,global,3
hMDS,9,ABpxpaa,-0.7363436704997411,-0.6406249265360829,global,3
hMDS,9,ABpxpppp,-0.7044640555119832,-0.828575330112723,local,4
hMDS,9,ABpxpppa,-0.7675018116695634,-0.8425398408027007,local,4
hMDS,9,ABpxppap,-0.7500942692207923,-0.882607530430455,local,4
hMDS,9,ABpxppaa,-0.8003762574225576,-0.9171776487387774,local,4
hMDS,9,ABpxpaap,-0.7562574165405705,-0.9520236518208208,local,4
hMDS,9,ABpxpaaa,-0.7212114803910925,-0.9361654420799403,local,4
hMDS,9,ABpxp,-0.6208089642516945,-0.45093897097395447,global,1
hMDS,9,ABpxpp,-0.7318882796542129,-0.6909507845596634,global,2
hMDS,9,ABpxpa,-0.7829737803743518,-0.7113515954553379,global,2
hMDS,9,ABpxppp,-0.7659146910499637,-0.651439351570474,global,3
hMDS,9,ABpxppa,-0.7399069180645553,-0.8907114305247107,global,3
hMDS,9,ABpxpap,-0.7510470562773132,-0.7725530402425126,global,3
hMDS,9,ABpxpaa,-0.799744119757537,-0.6705813594413922,global,3
hMDS,9,ABpxpppp,-0.7419973942657618,-0.838634649849357,local,4
hMDS,9,ABpxpppa,-0.7688288805612773,-0.8611066747108442,local,4
hMDS,9,ABpxppap,-0.7544030839057982,-0.9000780264324811,local,4
hMDS,9,ABpxppaa,-0.7848502970061493,-0.9160216840407478,local,4
hMDS,9,ABpxpaap,-0.7813757189706307,-0.9460274133761098,local,4
hMDS,9,ABpxpaaa,-0.778949754256293,-0.9261972112667197,local,4
hMDS,9,ABpxp,-0.6353341544956016,-0.7174316330794879,global,1
hMDS,9,ABpxpp,-0.7712938330458814,-0.6339338832536694,global,2
hMDS,9,ABpxpa,-0.764493669196999,-0.7982084123272662,global,2
hMDS,9,ABpxppp,-0.7145999681089548,-0.6390411425048033,global,3
hMDS,9,ABpxppa,-0.7552986734549065,-0.8977757493714623,global,3
hMDS,9,ABpxpap,-0.8177844449316426,-0.7418074640375757,global,3
hMDS,9,ABpxpaa,-0.7574999679686423,-0.5928730284805451,global,3
hMDS,9,ABpxpppp,-0.7484773557424869,-0.8380837340660279,local,4
hMDS,9,ABpxpppa,-0.8003870763185229,-0.837370592749641,local,4
hMDS,9,ABpxppap,-0.7530347315445114,-0.885512028666013,local,4
hMDS,9,ABpxppaa,-0.8232705420010391,-0.928871501198901,local,4
hMDS,9,ABpxpaap,-0.7464900789295865,-0.9549192775844345,local,4
hMDS,9,ABpxpaaa,-0.7570075924233179,-0.9277656504449304,local,4
hMDS,9,ABpxp,-0.6815997024293258,-0.5122967719885059,global,1
hMDS,9,ABpxpp,-0.7364390450501421,-0.5996965279163347,global,2
hMDS,9,ABpxpa,-0.7412364298932582,-0.7785529764677136,global,2
hMDS,9,ABpxppp,-0.6990490024722008,-0.6341729963731082,global,3
hMDS,9,ABpxppa,-0.7436422868170129,-0.8761781231656643,global,3
hMDS,9,ABpxpap,-0.7804274961799268,-0.8034668291129796,global,3
hMDS,9,ABpxpaa,-0.7629634674082538,-0.6719393717077536,global,3
hMDS,9,ABpxpppp,-0.7259905909487512,-0.8220907307496774,local,4
hMDS,9,ABpxpppa,-0.7817418824927698,-0.8585165919510562,local,4
hMDS,9,ABpxppap,-0.7306162079479465,-0.8924821860557506,local,4
hMDS,9,ABpxppaa,-0.7828064555180002,-0.915794788356606,local,4
hMDS,9,ABpxpaap,-0.7703287573958905,-0.9574525602366317,local,4
hMDS,9,ABpxpaaa,-0.7398615358770311,-0.9382731311529489,local,4
hMDS,9,ABpxp,-0.6847730633460177,-0.7807969808875547,global,1
hMDS,9,ABpxpp,-0.6706457596053609,-0.6391573044532189,global,2
hMDS,9,ABpxpa,-0.7798939568787516,-0.777671103362233,global,2
hMDS,9,ABpxppp,-0.7470325221702354,-0.6554951244203997,global,3
hMDS,9,ABpxppa,-0.6823996878706771,-0.9074769949474437,global,3
hMDS,9,ABpxpap,-0.8191029407674334,-0.8375914153994103,global,3
hMDS,9,ABpxpaa,-0.7280361679559161,-0.6918057058683683,global,3
hMDS,9,ABpxpppp,-0.7634769609249487,-0.8304958685935225,local,4
hMDS,9,ABpxpppa,-0.7964798422369226,-0.8545647574834976,local,4
hMDS,9,ABpxppap,-0.7590123851902024,-0.8966286898932558,local,4
hMDS,9,ABpxppaa,-0.8060853405255533,-0.9169313399025988,local,4
hMDS,9,ABpxpaap,-0.7967239806271604,-0.9577097882472294,local,4
hMDS,9,ABpxpaaa,-0.7599738596055308,-0.931282099236028,local,4
hMDS,9,ABpxp,-0.6756999174397089,-0.7241234330381867,global,1
hMDS,9,ABpxpp,-0.7291322672246323,-0.717503156078773,global,2
hMDS,9,ABpxpa,-0.8013988572521236,-0.7716029213606275,global,2
hMDS,9,ABpxppp,-0.7225391354081677,-0.678633153001326,global,3
hMDS,9,ABpxppa,-0.6577875910831109,-0.8797696320575238,global,3
hMDS,9,ABpxpap,-0.8326059081853364,-0.7808734051436732,global,3
hMDS,9,ABpxpaa,-0.7566535148714983,-0.6819817171670377,global,3
PCA,9,ABpxpppp,-0.7417134736838011,-0.6874638063582079,local,4
PCA,9,ABpxpppa,-0.7795040682470359,-0.7879171057866965,local,4
PCA,9,ABpxppap,-0.7373490209473664,-0.5350293925521165,local,4
PCA,9,ABpxppaa,-0.7320430849171456,-0.9086806714858117,local,4
PCA,9,ABpxpaap,-0.7605795552792212,-0.9289310191350526,local,4
PCA,9,ABpxpaaa,-0.7473201583847606,-0.9315921250688868,local,4
PCA,9,ABpxp,-0.3480843531992985,-0.21419526147034823,global,1
PCA,9,ABpxpp,-0.6676408558655845,-0.6671270410802173,global,2
PCA,9,ABpxpa,-0.6712879325790159,-0.7911799273081289,global,2
PCA,9,ABpxppp,-0.7109722166722876,-0.482377789797267,global,3
PCA,9,ABpxppa,-0.6315798767827279,-0.9043282443985398,global,3
PCA,9,ABpxpap,-0.6755227018074197,-0.8335505764124697,global,3
PCA,9,ABpxpaa,-0.733204799686241,-0.6567380672114588,global,3
PCA,9,ABpxpppp,-0.7493036218313085,-0.6761990468507981,local,4
PCA,9,ABpxpppa,-0.7558036223522945,-0.7816965995186009,local,4
PCA,9,ABpxppap,-0.7293455470117387,-0.49459639200514627,local,4
PCA,9,ABpxppaa,-0.7702755990417391,-0.906663131572602,local,4
PCA,9,ABpxpaap,-0.7417305868820012,-0.9307142698008228,local,4
PCA,9,ABpxpaaa,-0.700617134130475,-0.9450958060337039,local,4
PCA,9,ABpxp,-0.6724393990710128,-0.31170145649230674,global,1
PCA,9,ABpxpp,-0.5739627077930554,-0.6975307127524262,global,2
PCA,9,ABpxpa,-0.6952405105570157,-0.7050544299621933,global,2
PCA,9,ABpxppp,-0.7278727469610322,-0.5728489890370846,global,3
PCA,9,ABpxppa,-0.5982133550302546,-0.901796294965906,global,3
PCA,9,ABpxpap,-0.6033015448474432,-0.7935250645781075,global,3
PCA,9,ABpxpaa,-0.702024216676004,-0.7005209389340986,global,3
PCA,9,ABpxpppp,-0.7553857084389256,-0.6649260128209411,local,4
PCA,9,ABpxpppa,-0.7567991566885145,-0.7872206015166824,local,4
PCA,9,ABpxppap,-0.7315867817624462,-0.501296176225678,local,4
PCA,9,ABpxppaa,-0.7332675284292054,-0.912279199795598,local,4
PCA,9,ABpxpaap,-0.7709376428291697,-0.9289192055105218,local,4
PCA,9,ABpxpaaa,-0.7171422088334802,-0.9404631504157512,local,4
PCA,9,ABpxp,-0.4880370925359458,-0.296845737161521,global,1
PCA,9,ABpxpp,-0.5687753014744047,-0.7574327870781921,global,2
PCA,9,ABpxpa,-0.7479581044423214,-0.7333747283082527,global,2
PCA,9,ABpxppp,-0.6319596692458311,-0.5111331180175297,global,3
PCA,9,ABpxppa,-0.6485119493966538,-0.9122019781119128,global,3
PCA,9,ABpxpap,-0.677377017538983,-0.8100790732547266,global,3
PCA,9,ABpxpaa,-0.7322050595937493,-0.6812906114737641,global,3
PCA,9,ABpxpppp,-0.7503570011930775,-0.6871004894410889,local,4
PCA,9,ABpxpppa,-0.7392193310487637,-0.7566781165270532,local,4
PCA,9,ABpxppap,-0.7524418577082552,-0.543664762568235,local,4
PCA,9,ABpxppaa,-0.7314225805941575,-0.9128366948038443,local,4
PCA,9,ABpxpaap,-0.7423175805752351,-0.9215474063861544,local,4
PCA,9,ABpxpaaa,-0.6838747639654638,-0.9419412656679507,local,4
PCA,9,ABpxp,-0.43325614140662655,-0.3890077809648084,global,1
PCA,9,ABpxpp,-0.6164028314204626,-0.6314538154169298,global,2
PCA,9,ABpxpa,-0.6857166897391318,-0.7721072451752842,global,2
PCA,9,ABpxppp,-0.6972130254155037,-0.47033371125608303,global,3
PCA,9,ABpxppa,-0.6886873603143432,-0.8985849448818143,global,3
PCA,9,ABpxpap,-0.7121181103288696,-0.7996402881108179,global,3
PCA,9,ABpxpaa,-0.6923654424063778,-0.7300611484830614,global,3
PCA,9,ABpxpppp,-0.7168984824602326,-0.6383939917920093,local,4
PCA,9,ABpxpppa,-0.7626044984525416,-0.7744441596934593,local,4
PCA,9,ABpxppap,-0.7384977471820839,-0.5640910630244058,local,4
PCA,9,ABpxppaa,-0.7330974195610852,-0.9081968795306149,local,4
PCA,9,ABpxpaap,-0.7434066784119915,-0.925173025222328,local,4
PCA,9,ABpxpaaa,-0.7388245273326471,-0.9416906875858657,local,4
PCA,9,ABpxp,-0.5128931563083994,-0.30874517729073064,global,1
PCA,9,ABpxpp,-0.5515494531211168,-0.6807513522091267,global,2
PCA,9,ABpxpa,-0.678816628086676,-0.78385530630506,global,2
PCA,9,ABpxppp,-0.7297980142820625,-0.5246521725367395,global,3
PCA,9,ABpxppa,-0.6508126086512714,-0.9061014013196675,global,3
PCA,9,ABpxpap,-0.6126685637341074,-0.8038239440633205,global,3
PCA,9,ABpxpaa,-0.7592508162873076,-0.6769516773124555,global,3
PCA,9,ABpxpppp,-0.6999077124392257,-0.6598857994005748,local,4
PCA,9,ABpxpppa,-0.7662906048561594,-0.7663092278434491,local,4
PCA,9,ABpxppap,-0.7358811337539837,-0.5719209418004485,local,4
PCA,9,ABpxppaa,-0.7517645294537126,-0.9108767066038364,local,4
PCA,9,ABpxpaap,-0.7629223277121155,-0.9307955949511626,local,4
PCA,9,ABpxpaaa,-0.7151951258255813,-0.9358018921714323,local,4
PCA,9,ABpxp,-0.6049371323525391,-0.26549210557658603,global,1
PCA,9,ABpxpp,-0.6357911990650842,-0.7008084520691109,global,2
PCA,9,ABpxpa,-0.7086585715062166,-0.753020321902491,global,2
PCA,9,ABpxppp,-0.7236447889071873,-0.5308932594693114,global,3
PCA,9,ABpxppa,-0.7220662525273396,-0.8972164528448506,global,3
PCA,9,ABpxpap,-0.6744473782346132,-0.8361105474914059,global,3
PCA,9,ABpxpaa,-0.7063904094260207,-0.7031437116080574,global,3
PCA,9,ABpxpppp,-0.7410560616828782,-0.7178867468315775,local,4
PCA,9,ABpxpppa,-0.7518322718276513,-0.7526778328400398,local,4
PCA,9,ABpxppap,-0.7493428034864746,-0.5396231316170861,local,4
PCA,9,ABpxppaa,-0.7461241073818061,-0.9171325321543828,local,4
PCA,9,ABpxpaap,-0.7307827737675394,-0.9285024571146699,local,4
PCA,9,ABpxpaaa,-0.7495112339048697,-0.9402753323742676,local,4
PCA,9,ABpxp,-0.6064959204163718,-0.5958292176744409,global,1
PCA,9,ABpxpp,-0.6511572927821698,-0.7584657542528088,global,2
PCA,9,ABpxpa,-0.7069908964770424,-0.7879782653968628,global,2
PCA,9,ABpxppp,-0.7134687075589041,-0.5517501161462238,global,3
PCA,9,ABpxppa,-0.6613644830831095,-0.9121588045102704,global,3
PCA,9,ABpxpap,-0.581978898224946,-0.8241853467394649,global,3
PCA,9,ABpxpaa,-0.6966531589860667,-0.7159240258235122,global,3
PCA,9,ABpxpppp,-0.7648047639920881,-0.687676566599194,local,4
PCA,9,ABpxpppa,-0.7633497983784018,-0.7582318196349546,local,4
PCA,9,ABpxppap,-0.7311207134623481,-0.5112238240872565,local,4
PCA,9,ABpxppaa,-0.6911930076583731,-0.9121071494117464,local,4
PCA,9,ABpxpaap,-0.7238515577717531,-0.9232740695226408,local,4
PCA,9,ABpxpaaa,-0.7652060583905247,-0.9373585969458702,local,4
PCA,9,ABpxp,-0.5946995105843372,-0.45767179912653194,global,1
PCA,9,ABpxpp,-0.6403138121944678,-0.7157068539032969,global,2
PCA,9,ABpxpa,-0.7170918347869477,-0.6842233377297072,global,2
PCA,9,ABpxppp,-0.6735940584060962,-0.5234786217809064,global,3
PCA,9,ABpxppa,-0.6670892960262044,-0.9039916910934713,global,3
PCA,9,ABpxpap,-0.6964599628132238,-0.8130458313636244,global,3
PCA,9,ABpxpaa,-0.7370063497280605,-0.6386035085997706,global,3
PCA,9,ABpxpppp,-0.7116436918134905,-0.6910717063982058,local,4
PCA,9,ABpxpppa,-0.7582398956855102,-0.7802499286462543,local,4
PCA,9,ABpxppap,-0.7198778895034043,-0.5439159434050769,local,4
PCA,9,ABpxppaa,-0.7215132661357593,-0.9058708087170856,local,4
PCA,9,ABpxpaap,-0.7797383187810023,-0.9228103746971819,local,4
PCA,9,ABpxpaaa,-0.7682791588611747,-0.9377561365123066,local,4
PCA,9,ABpxp,-0.3084967023312934,-0.3488701670481544,global,1
PCA,9,ABpxpp,-0.6057714540723086,-0.7284426149447929,global,2
PCA,9,ABpxpa,-0.689419284059474,-0.7781424354845383,global,2
PCA,9,ABpxppp,-0.7038301133870899,-0.5094166454659257,global,3
PCA,9,ABpxppa,-0.7121613107823286,-0.8930675638450216,global,3
PCA,9,ABpxpap,-0.6163862671501162,-0.8101515309451756,global,3
PCA,9,ABpxpaa,-0.6944623734225489,-0.6743960872155745,global,3
PCA,9,ABpxpppp,-0.7102722779212313,-0.72791951137412,local,4
PCA,9,ABpxpppa,-0.7639707263860814,-0.7852412214321622,local,4
PCA,9,ABpxppap,-0.7507467649259287,-0.5792573656397895,local,4
PCA,9,ABpxppaa,-0.7275794777284582,-0.9042655906152881,local,4
PCA,9,ABpxpaap,-0.7431747828043873,-0.9266352677848406,local,4
PCA,9,ABpxpaaa,-0.7530543313151519,-0.9351276805823088,local,4
PCA,9,ABpxp,-0.5929477227714717,-0.47702982346244827,global,1
PCA,9,ABpxpp,-0.5686649691756893,-0.6824168752934043,global,2
PCA,9,ABpxpa,-0.7313485500135904,-0.7442394154016754,global,2
PCA,9,ABpxppp,-0.7345954840068384,-0.5556492105257056,global,3
PCA,9,ABpxppa,-0.6429083233400879,-0.8988599147013137,global,3
PCA,9,ABpxpap,-0.6906846645318668,-0.8090054465614093,global,3
PCA,9,ABpxpaa,-0.7475445994166973,-0.7175691101238633,global,3
PCA,9,ABpxpppp,-0.7906046840739477,-0.6475147375984607,local,4
PCA,9,ABpxpppa,-0.7681687156520169,-0.7878470353270784,local,4
PCA,9,ABpxppap,-0.7448992436133721,-0.5586913425611666,local,4
PCA,9,ABpxppaa,-0.7503025544365954,-0.9067048923753928,local,4
PCA,9,ABpxpaap,-0.7590461501412806,-0.9197079248488873,local,4
PCA,9,ABpxpaaa,-0.7625411619798284,-0.9358496990444602,local,4
PCA,9,ABpxp,-0.5313289532732162,-0.27573366522493914,global,1
PCA,9,ABpxpp,-0.6216398873699052,-0.7329278746302844,global,2
PCA,9,ABpxpa,-0.6965860773426559,-0.7133085943383142,global,2
PCA,9,ABpxppp,-0.7446547766729383,-0.5507478302799833,global,3
PCA,9,ABpxppa,-0.7120228511973066,-0.9016287691391052,global,3
PCA,9,ABpxpap,-0.7322580788691513,-0.8369946522535224,global,3
PCA,9,ABpxpaa,-0.7582064507088561,-0.633668948593499,global,3
PCA,9,ABpxpppp,-0.6914768914539037,-0.6103160941064031,local,4
PCA,9,ABpxpppa,-0.7802951214137369,-0.7547184358148679,local,4
PCA,9,ABpxppap,-0.7447814769935427,-0.5171773810981428,local,4
PCA,9,ABpxppaa,-0.7616358207211361,-0.9009969875947356,local,4
PCA,9,ABpxpaap,-0.7865468466831452,-0.9322851826684366,local,4
PCA,9,ABpxpaaa,-0.7034710577002203,-0.9327639719261074,local,4
PCA,9,ABpxp,-0.6351085125859738,-0.06357637466713173,global,1
PCA,9,ABpxpp,-0.6300579519042241,-0.7450028323707246,global,2
PCA,9,ABpxpa,-0.5286529462875187,-0.7096768469964202,global,2
PCA,9,ABpxppp,-0.7010846364184791,-0.5534188915236874,global,3
PCA,9,ABpxppa,-0.7038028871600587,-0.8956028329212511,global,3
PCA,9,ABpxpap,-0.6339642053979395,-0.7992855536355713,global,3
PCA,9,ABpxpaa,-0.7211515153621686,-0.6768753080145754,global,3
PCA,9,ABpxpppp,-0.7244273705087938,-0.6949397662228918,local,4
PCA,9,ABpxpppa,-0.7524783182172446,-0.7577240849363758,local,4
PCA,9,ABpxppap,-0.7426703609451997,-0.4895828097182813,local,4
PCA,9,ABpxppaa,-0.7488346677259602,-0.9195897751833085,local,4
PCA,9,ABpxpaap,-0.7609274903511938,-0.9214760980590657,local,4
PCA,9,ABpxpaaa,-0.7393225798750316,-0.9487808691676239,local,4
PCA,9,ABpxp,-0.631166688150176,-0.5287525963709427,global,1
PCA,9,ABpxpp,-0.652853508999804,-0.7162812759474588,global,2
PCA,9,ABpxpa,-0.6977674884223347,-0.6964885987669133,global,2
PCA,9,ABpxppp,-0.761228122887291,-0.5962798322862894,global,3
PCA,9,ABpxppa,-0.6627498029415501,-0.9166403180695092,global,3
PCA,9,ABpxpap,-0.693808567781917,-0.767294684954403,global,3
PCA,9,ABpxpaa,-0.7081625724993761,-0.698323832153868,global,3
PCA,9,ABpxpppp,-0.7199056790412456,-0.6826584936948294,local,4
PCA,9,ABpxpppa,-0.7601626219926195,-0.7548715414421693,local,4
PCA,9,ABpxppap,-0.7115769372170662,-0.5109749557461342,local,4
PCA,9,ABpxppaa,-0.7294527300605403,-0.9085647713950836,local,4
PCA,9,ABpxpaap,-0.7646200935258816,-0.9280252440010222,local,4
PCA,9,ABpxpaaa,-0.7404408082075156,-0.9285458398351968,local,4
PCA,9,ABpxp,-0.579171718369019,-0.3834074996010696,global,1
PCA,9,ABpxpp,-0.5486462107642477,-0.6810157021449676,global,2
PCA,9,ABpxpa,-0.6054517362089193,-0.7327126128228835,global,2
PCA,9,ABpxppp,-0.6989219296120588,-0.543252691513636,global,3
PCA,9,ABpxppa,-0.6980423112923932,-0.9069243755781273,global,3
PCA,9,ABpxpap,-0.6754027640752633,-0.8309818536645892,global,3
PCA,9,ABpxpaa,-0.7099539809773363,-0.7543162954709632,global,3
PCA,9,ABpxpppp,-0.7495094359228854,-0.6798691328334302,local,4
PCA,9,ABpxpppa,-0.7784083281942656,-0.7995544126395427,local,4
PCA,9,ABpxppap,-0.7217637240272643,-0.5143519231181447,local,4
PCA,9,ABpxppaa,-0.7330966450816747,-0.9164296128940823,local,4
PCA,9,ABpxpaap,-0.779719564451869,-0.9305650894403861,local,4
PCA,9,ABpxpaaa,-0.7100604538968498,-0.9396136909892774,local,4
PCA,9,ABpxp,-0.5049510526608679,-0.4385091739509493,global,1
PCA,9,ABpxpp,-0.6744282235830917,-0.7502821550614981,global,2
PCA,9,ABpxpa,-0.6605173413796409,-0.7907219671956696,global,2
PCA,9,ABpxppp,-0.6573980736646836,-0.5858181557413581,global,3
PCA,9,ABpxppa,-0.5605218658837503,-0.9107922230002243,global,3
PCA,9,ABpxpap,-0.6755487651404443,-0.823149559752138,global,3
PCA,9,ABpxpaa,-0.7221641532667838,-0.7126840545820946,global,3
PCA,9,ABpxpppp,-0.7131965061017985,-0.6777361674929314,local,4
PCA,9,ABpxpppa,-0.7490069095923909,-0.7743553357758243,local,4
PCA,9,ABpxppap,-0.7026539832772511,-0.5275362942880526,local,4
PCA,9,ABpxppaa,-0.7100924182285919,-0.9054540971145065,local,4
PCA,9,ABpxpaap,-0.7437307095286825,-0.9186160084729107,local,4
PCA,9,ABpxpaaa,-0.7092710670125341,-0.9386022511581289,local,4
PCA,9,ABpxp,-0.14099411250905927,-0.2676093183615123,global,1
PCA,9,ABpxpp,-0.6879296028156968,-0.7068389146281726,global,2
PCA,9,ABpxpa,-0.6648391116177346,-0.6537068982257561,global,2
PCA,9,ABpxppp,-0.6451104159057228,-0.5593939293557685,global,3
PCA,9,ABpxppa,-0.6874297479817458,-0.8917028691682019,global,3
PCA,9,ABpxpap,-0.7544671997198498,-0.848155384139271,global,3
PCA,9,ABpxpaa,-0.6978118428984013,-0.6933468638879685,global,3
PCA,9,ABpxpppp,-0.7332862860935849,-0.6659433366688405,local,4
PCA,9,ABpxpppa,-0.7757307553421222,-0.7943675903265689,local,4
PCA,9,ABpxppap,-0.7395234356033078,-0.5665712099430533,local,4
PCA,9,ABpxppaa,-0.7145299093658206,-0.9143356733570798,local,4
PCA,9,ABpxpaap,-0.7423769294612621,-0.9209424426811996,local,4
PCA,9,ABpxpaaa,-0.7204713560253897,-0.9433304758955511,local,4
PCA,9,ABpxp,-0.27770899287918593,-0.21699500701755522,global,1
PCA,9,ABpxpp,-0.676153502668911,-0.7644260661895088,global,2
PCA,9,ABpxpa,-0.5656167783427271,-0.7885634415941825,global,2
PCA,9,ABpxppp,-0.7162581652537263,-0.5500168350011053,global,3
PCA,9,ABpxppa,-0.7399615385550649,-0.9052837513164311,global,3
PCA,9,ABpxpap,-0.6802001702771792,-0.8476393923046432,global,3
PCA,9,ABpxpaa,-0.7454020639821178,-0.6422788837340607,global,3
PCA,9,ABpxpppp,-0.7378762715376784,-0.670853925371803,local,4
PCA,9,ABpxpppa,-0.7541697332577688,-0.76569868379167,local,4
PCA,9,ABpxppap,-0.731951940067598,-0.5652304069604184,local,4
PCA,9,ABpxppaa,-0.7435507530960029,-0.9049865478669277,local,4
PCA,9,ABpxpaap,-0.759079381678332,-0.9312412265044605,local,4
PCA,9,ABpxpaaa,-0.7493581260370342,-0.9348193695834587,local,4
PCA,9,ABpxp,-0.5535281013174971,-0.404733109476262,global,1
PCA,9,ABpxpp,-0.628997904812542,-0.6535512597680118,global,2
PCA,9,ABpxpa,-0.7007537824199044,-0.7494257816573278,global,2
PCA,9,ABpxppp,-0.6403963313718064,-0.5035941410902135,global,3
PCA,9,ABpxppa,-0.7279925745438561,-0.901570211376617,global,3
PCA,9,ABpxpap,-0.630745924380251,-0.7802866957420909,global,3
PCA,9,ABpxpaa,-0.7916056792538528,-0.6894632163290297,global,3
PCA,9,ABpxpppp,-0.7605221718369691,-0.6879030304018576,local,4
PCA,9,ABpxpppa,-0.7627979800610687,-0.7709986330387428,local,4
PCA,9,ABpxppap,-0.7481306337611572,-0.5204264786357434,local,4
PCA,9,ABpxppaa,-0.7323238336206336,-0.9148113215576599,local,4
PCA,9,ABpxpaap,-0.7405892079471537,-0.9308949468985013,local,4
PCA,9,ABpxpaaa,-0.7207182235890939,-0.9431424301746048,local,4
PCA,9,ABpxp,-0.4354301951150731,-0.1313437685349649,global,1
PCA,9,ABpxpp,-0.5709391119741472,-0.6943760088809461,global,2
PCA,9,ABpxpa,-0.7361644659748833,-0.7413721956153008,global,2
PCA,9,ABpxppp,-0.703353626055125,-0.4665906010928945,global,3
PCA,9,ABpxppa,-0.651658677909551,-0.9040610127236877,global,3
PCA,9,ABpxpap,-0.7220757250740009,-0.8595871507160192,global,3
PCA,9,ABpxpaa,-0.7353563071643265,-0.728935321347043,global,3
PCA,9,ABpxpppp,-0.7576031438010158,-0.645033700789345,local,4
PCA,9,ABpxpppa,-0.7724991846223359,-0.7680481935413411,local,4
PCA,9,ABpxppap,-0.712664923763374,-0.53342679044461,local,4
PCA,9,ABpxppaa,-0.7592790591442382,-0.9045057316795424,local,4
PCA,9,ABpxpaap,-0.7445840870403022,-0.9356947803632953,local,4
PCA,9,ABpxpaaa,-0.7445984058695234,-0.93408963252254,local,4
PCA,9,ABpxp,-0.6092899580704455,-0.30145781017617146,global,1
PCA,9,ABpxpp,-0.6344511742336374,-0.7480334116235747,global,2
PCA,9,ABpxpa,-0.6225785656631776,-0.7755272355381068,global,2
PCA,9,ABpxppp,-0.7156591071444676,-0.5637324645673873,global,3
PCA,9,ABpxppa,-0.6974059398857917,-0.9029404411514201,global,3
PCA,9,ABpxpap,-0.7190141411700658,-0.8296521674613921,global,3
PCA,9,ABpxpaa,-0.7403357961733603,-0.7110039880423925,global,3
UMAP,9,ABpxpppp,-0.43463537099896626,-0.8195567393901718,local,4
UMAP,9,ABpxpppa,-0.6824206197409818,-0.8114138007565992,local,4
UMAP,9,ABpxppap,-0.7438146609663642,-0.7857274717631595,local,4
UMAP,9,ABpxppaa,-0.48523656969312523,-0.8038393380517842,local,4
UMAP,9,ABpxpaap,-0.5587100019281317,-0.979774548144277,local,4
UMAP,9,ABpxpaaa,-0.49162660413330883,-0.9668172398991661,local,4
UMAP,9,ABpxp,-0.6870583011847119,-0.3540819672373821,global,1
UMAP,9,ABpxpp,-0.0607253172104383,-0.42835823062488054,global,2
UMAP,9,ABpxpa,-0.8616926971017518,-0.7064060528793535,global,2
UMAP,9,ABpxppp,-0.7239066036230821,-0.8691325607687954,global,3
UMAP,9,ABpxppa,-0.08688549416377848,-0.5528478897111578,global,3
UMAP,9,ABpxpap,-0.6943724772921692,-0.8744701602751229,global,3
UMAP,9,ABpxpaa,-0.689662332600496,-0.7021131561740956,global,3
UMAP,9,ABpxpppp,-0.36341437608539134,-0.7599067207410087,local,4
UMAP,9,ABpxpppa,-0.4103217089490858,-0.8070635926082755,local,4
UMAP,9,ABpxppap,-0.7133680388142412,-0.9081198819367459,local,4
UMAP,9,ABpxppaa,-0.5909094674811767,-0.875319150949596,local,4
UMAP,9,ABpxpaap,-0.5944633226840241,-0.9788912852723597,local,4
UMAP,9,ABpxpaaa,-0.40790418870551876,-0.9368311231993465,local,4
UMAP,9,ABpxp,-0.2310352391918386,-0.3319550220715361,global,1
UMAP,9,ABpxpp,-0.025354180199641665,-0.17433036485420542,global,2
UMAP,9,ABpxpa,-0.6499354829351682,-0.5921443202810034,global,2
UMAP,9,ABpxppp,-0.7321979831228194,-0.8774413348039483,global,3
UMAP,9,ABpxppa,-0.5562016610117723,-0.9199187111263551,global,3
UMAP,9,ABpxpap,-0.43018413928173704,-0.6007302210969412,global,3
UMAP,9,ABpxpaa,-0.7334677044135448,-0.7244372876332131,global,3
UMAP,9,ABpxpppp,-0.4926980034206925,-0.7719008749452475,local,4
UMAP,9,ABpxpppa,-0.8194771423259557,-0.9077068062366415,local,4
UMAP,9,ABpxppap,-0.6536215462565518,-0.896647802534995,local,4
UMAP,9,ABpxppaa,-0.24797808578844724,-0.5225601928843779,local,4
UMAP,9,ABpxpaap,-0.6151143843118292,-0.9583831715650905,local,4
UMAP,9,ABpxpaaa,-0.4663739676603554,-0.9146548238532753,local,4
UMAP,9,ABpxp,-0.6529493005586631,-0.4242876089015673,global,1
UMAP,9,ABpxpp,-0.028565026241695254,-0.0980218175055944,global,2
UMAP,9,ABpxpa,-0.8589749225783876,-0.7151224569352677,global,2
UMAP,9,ABpxppp,-0.2806845787614211,-0.7639859714746086,global,3
UMAP,9,ABpxppa,-0.5400142392277615,-0.8970999076134953,global,3
UMAP,9,ABpxpap,-0.5680169044766586,-0.84240508421256,global,3
UMAP,9,ABpxpaa,-0.5833488766293523,-0.5619907947914528,global,3
UMAP,9,ABpxpppp,-0.4322806824844427,-0.7798373813865667,local,4
UMAP,9,ABpxpppa,-0.6803580754258037,-0.8983731656462103,local,4
UMAP,9,ABpxppap,-0.38148928700116486,-0.7831785912652426,local,4
UMAP,9,ABpxppaa,-0.4936203389515792,-0.7874633355133056,local,4
UMAP,9,ABpxpaap,-0.28817965587565275,-0.816473919547218,local,4
UMAP,9,ABpxpaaa,-0.5902592097501747,-0.9268787123222471,local,4
UMAP,9,ABpxp,-0.8355356668583335,-0.20657651399100557,global,1
UMAP,9,ABpxpp,-0.41549780602460196,-0.7511444682834401,global,2
UMAP,9,ABpxpa,-0.7863227019867791,-0.8129595477017448,global,2
UMAP,9,ABpxppp,-0.22919786963764194,-0.4679060375547137,global,3
UMAP,9,ABpxppa,-0.5592569676358962,-0.890621620367319,global,3
UMAP,9,ABpxpap,-0.34297752419389355,-0.6561696026461299,global,3
UMAP,9,ABpxpaa,-0.3251785753020882,-0.6474515347866451,global,3
UMAP,9,ABpxpppp,-0.38335639592729015,-0.8470997716191234,local,4
UMAP,9,ABpxpppa,-0.7856569210936578,-0.8007266877402076,local,4
UMAP,9,ABpxppap,-0.7078878348755864,-0.8971159661268635,local,4
UMAP,9,ABpxppaa,-0.20462863992216018,-0.38104495868033156,local,4
UMAP,9,ABpxpaap,-0.5390327430346594,-0.9764749215786495,local,4
UMAP,9,ABpxpaaa,-0.776676694919441,-0.9640236042473698,local,4
UMAP,9,ABpxp,-0.6594500688278706,0.2176367307288056,global,1
UMAP,9,ABpxpp,-0.7144449357179907,-0.8190110122874222,global,2
UMAP,9,ABpxpa,-0.816878775768613,-0.7774797141176912,global,2
UMAP,9,ABpxppp,-0.7024642386102633,-0.8614858442994757,global,3
UMAP,9,ABpxppa,-0.5160939873237742,-0.8956913683164903,global,3
UMAP,9,ABpxpap,-0.7048113422383225,-0.8416247090167546,global,3
UMAP,9,ABpxpaa,-0.2779971851238951,-0.6000405715552635,global,3
UMAP,9,ABpxpppp,-0.33444130033367286,-0.8421606433344567,local,4
UMAP,9,ABpxpppa,-0.6735862169902233,-0.8305714699645501,local,4
UMAP,9,ABpxppap,-0.38650242223936826,-0.8603602462772113,local,4
UMAP,9,ABpxppaa,-0.5662939891550172,-0.811857620097884,local,4
UMAP,9,ABpxpaap,-0.7900225228231312,-0.9747692346103056,local,4
UMAP,9,ABpxpaaa,-0.655026681357146,-0.9555289779431169,local,4
UMAP,9,ABpxp,-0.741053032797617,-0.04018119651938379,global,1
UMAP,9,ABpxpp,-0.6605644040268581,-0.7455896309173342,global,2
UMAP,9,ABpxpa,-0.7739167868190234,-0.8227557166798861,global,2
UMAP,9,ABpxppp,-0.6708070709301517,-0.8663811660300887,global,3
UMAP,9,ABpxppa,-0.587162231841958,-0.9051079423215133,global,3
UMAP,9,ABpxpap,-0.3717945976889898,-0.7964451935038026,global,3
UMAP,9,ABpxpaa,-0.2001218816265977,-0.6907353424861672,global,3
UMAP,9,ABpxpppp,-0.2965727796980344,-0.6067570970498363,local,4
UMAP,9,ABpxpppa,-0.4136507297666737,-0.6181531790892942,local,4
UMAP,9,ABpxppap,-0.7966552486425518,-0.9186082234225839,local,4
UMAP,9,ABpxppaa,-0.5101135808845763,-0.8865110913529248,local,4
UMAP,9,ABpxpaap,-0.8273791637917436,-0.978138446444248,local,4
UMAP,9,ABpxpaaa,-0.4876875709633688,-0.941111406882595,local,4
UMAP,9,ABpxp,-0.3243627197591216,-0.06807434309650523,global,1
UMAP,9,ABpxpp,-0.033777785300532215,-0.24019744795963271,global,2
UMAP,9,ABpxpa,-0.7988291338672991,-0.8283253570563175,global,2
UMAP,9,ABpxppp,-0.2929834886131743,-0.4566865395531969,global,3
UMAP,9,ABpxppa,-0.4907073002113996,-0.9022096668218551,global,3
UMAP,9,ABpxpap,-0.7388788313146065,-0.8671422602026729,global,3
UMAP,9,ABpxpaa,-0.1778127035119125,-0.6434922030134863,global,3
UMAP,9,ABpxpppp,-0.22081530985993503,-0.7199699694060699,local,4
UMAP,9,ABpxpppa,-0.8668367548325775,-0.9132990230641082,local,4
UMAP,9,ABpxppap,-0.5033456090318962,-0.7885155784594929,local,4
UMAP,9,ABpxppaa,-0.2574968148162009,-0.45516884068744706,local,4
UMAP,9,ABpxpaap,-0.7142391048543081,-0.9655187681239976,local,4
UMAP,9,ABpxpaaa,-0.5880609664989974,-0.8707414096451478,local,4
UMAP,9,ABpxp,-0.572195723882662,-0.2630018415950993,global,1
UMAP,9,ABpxpp,-0.03953828669031482,-0.21505016327114754,global,2
UMAP,9,ABpxpa,-0.8835589228689865,-0.7965143150268281,global,2
UMAP,9,ABpxppp,-0.28569457012676974,-0.714332629759564,global,3
UMAP,9,ABpxppa,-0.12210695180429769,-0.5348726481709262,global,3
UMAP,9,ABpxpap,-0.6465698890182987,-0.7265520749209343,global,3
UMAP,9,ABpxpaa,-0.2832492818923964,-0.6750074353099179,global,3
UMAP,9,ABpxpppp,-0.28129439893044117,-0.744720708716866,local,4
UMAP,9,ABpxpppa,-0.8038124840934504,-0.9036588415219069,local,4
UMAP,9,ABpxppap,-0.565215762265268,-0.7705779246334417,local,4
UMAP,9,ABpxppaa,-0.5219900764237552,-0.7871223411409007,local,4
UMAP,9,ABpxpaap,-0.7578812273221154,-0.967059966456705,local,4
UMAP,9,ABpxpaaa,-0.6201148230130162,-0.9291296290720908,local,4
UMAP,9,ABpxp,-0.23139483498420083,0.22841365306342457,global,1
UMAP,9,ABpxpp,-0.6994520232165216,-0.8004433545735976,global,2
UMAP,9,ABpxpa,-0.8196181988229988,-0.6649770204464649,global,2
UMAP,9,ABpxppp,-0.24587344574009917,-0.6477164766848189,global,3
UMAP,9,ABpxppa,-0.5537486646211816,-0.8691446960170234,global,3
UMAP,9,ABpxpap,-0.6121685462602876,-0.8531107340318537,global,3
UMAP,9,ABpxpaa,-0.43848561622716015,-0.33383804402206385,global,3
UMAP,9,ABpxpppp,-0.2949164815233306,-0.6955690832958589,local,4
UMAP,9,ABpxpppa,-0.7893812362212205,-0.8988361677429362,local,4
UMAP,9,ABpxppap,-0.6691327182014808,-0.8053659292221662,local,4
UMAP,9,ABpxppaa,-0.43186406119251297,-0.6396855131107066,local,4
UMAP,9,ABpxpaap,-0.7950977558550443,-0.9648858016615953,local,4
UMAP,9,ABpxpaaa,-0.4731282117899309,-0.9455369115070562,local,4
UMAP,9,ABpxp,-0.6653837286506994,-0.26071904930938555,global,1
UMAP,9,ABpxpp,-0.6824595116173091,-0.7294154624266248,global,2
UMAP,9,ABpxpa,-0.8462068446875696,-0.7216602619434618,global,2
UMAP,9,ABpxppp,-0.6828505431384579,-0.8733143432794928,global,3
UMAP,9,ABpxppa,-0.10442552511785477,-0.46877756878416854,global,3
UMAP,9,ABpxpap,-0.6798281645442861,-0.8174714510265041,global,3
UMAP,9,ABpxpaa,-0.6567429858076107,-0.7473371128335733,global,3
UMAP,9,ABpxpppp,-0.16881482751763804,-0.538232071364301,local,4
UMAP,9,ABpxpppa,-0.5481667688832642,-0.8037883772701128,local,4
UMAP,9,ABpxppap,-0.5954981276486381,-0.8533462824673075,local,4
UMAP,9,ABpxppaa,-0.5594882302072818,-0.8168134454556599,local,4
UMAP,9,ABpxpaap,-0.7779284897270078,-0.9745124701835627,local,4
UMAP,9,ABpxpaaa,-0.5377617672037214,-0.9468750843718317,local,4
UMAP,9,ABpxp,-0.1904221131435302,-0.4305406187828417,global,1
UMAP,9,ABpxpp,-0.48045563703736205,-0.21061369946483974,global,2
UMAP,9,ABpxpa,-0.8477670345520941,-0.7627514212216018,global,2
UMAP,9,ABpxppp,-0.6950440658134823,-0.8625711254137193,global,3
UMAP,9,ABpxppa,-0.5530336118703448,-0.9241309805058611,global,3
UMAP,9,ABpxpap,-0.515432190131785,-0.7302055765610839,global,3
UMAP,9,ABpxpaa,-0.6851593876051821,-0.7757451718518483,global,3
UMAP,9,ABpxpppp,-0.38212263279125747,-0.7952544998789994,local,4
UMAP,9,ABpxpppa,-0.7502763661595968,-0.8611394093962587,local,4
UMAP,9,ABpxppap,-0.7495833539342238,-0.8977251461096981,local,4
UMAP,9,ABpxppaa,-0.6756222540951928,-0.654026285785711,local,4
UMAP,9,ABpxpaap,-0.774285069546725,-0.9667086087470584,local,4
UMAP,9,ABpxpaaa,-0.6152565908708216,-0.9631188163092561,local,4
UMAP,9,ABpxp,-0.4594894458673628,-0.18902961071490612,global,1
UMAP,9,ABpxpp,-0.6402931386719555,-0.7797669246274485,global,2
UMAP,9,ABpxpa,-0.8115914636909556,-0.6252558272309344,global,2
UMAP,9,ABpxppp,-0.7546096811205771,-0.5015907209156438,global,3
UMAP,9,ABpxppa,-0.08996326104165056,-0.512932439484031,global,3
UMAP,9,ABpxpap,-0.7193562911872332,-0.808833055048005,global,3
UMAP,9,ABpxpaa,-0.2742487619085503,-0.4541759968657412,global,3
UMAP,9,ABpxpppp,-0.1375083949841317,-0.7895191141961267,local,4
UMAP,9,ABpxpppa,-0.5853631056237314,-0.8084959605291449,local,4
UMAP,9,ABpxppap,-0.6835325237144669,-0.8161806803305507,local,4
UMAP,9,ABpxppaa,-0.31260253853969977,-0.41020488892994755,local,4
UMAP,9,ABpxpaap,-0.7158500973310615,-0.9538760165512709,local,4
UMAP,9,ABpxpaaa,-0.4625405412608725,-0.9500696021809275,local,4
UMAP,9,ABpxp,-0.6482759564532717,-0.10890602343758306,global,1
UMAP,9,ABpxpp,-0.763465130455998,-0.7275977738605564,global,2
UMAP,9,ABpxpa,-0.792272233504517,-0.7235431754391821,global,2
UMAP,9,ABpxppp,-0.7453512884786355,-0.8083280344265341,global,3
UMAP,9,ABpxppa,-0.5282425067348592,-0.9172788821908697,global,3
UMAP,9,ABpxpap,-0.5073269926446995,-0.8039537718680866,global,3
UMAP,9,ABpxpaa,-0.1769292078433469,-0.5386465064271053,global,3
UMAP,9,ABpxpppp,-0.2712654534161031,-0.6326871744657634,local,4
UMAP,9,ABpxpppa,-0.7377625669914445,-0.8385217602772617,local,4
UMAP,9,ABpxppap,-0.717127676723737,-0.8378312096959163,local,4
UMAP,9,ABpxppaa,-0.2534856268352393,-0.446583744686352,local,4
UMAP,9,ABpxpaap,-0.5153421648332142,-0.8620694355812606,local,4
UMAP,9,ABpxpaaa,-0.4564299099128768,-0.9276825017246808,local,4
UMAP,9,ABpxp,-0.6200360607642028,-0.07482249298559969,global,1
UMAP,9,ABpxpp,-0.644152054464655,-0.7500079103885124,global,2
UMAP,9,ABpxpa,-0.77758167294782,-0.6594303990970037,global,2
UMAP,9,ABpxppp,-0.6095238950340591,-0.8557260162786422,global,3
UMAP,9,ABpxppa,-0.14563193108115594,-0.5569325269565948,global,3
UMAP,9,ABpxpap,-0.29802170112880644,-0.6857155677506196,global,3
UMAP,9,ABpxpaa,-0.2132605126121751,-0.6727408400442564,global,3
UMAP,9,ABpxpppp,-0.46077225871158767,-0.756989179899233,local,4
UMAP,9,ABpxpppa,-0.43758530697443687,-0.7839710406845511,local,4
UMAP,9,ABpxppap,-0.43357272884502335,-0.9015431095499375,local,4
UMAP,9,ABpxppaa,-0.23726069174741615,-0.5163074664502196,local,4
UMAP,9,ABpxpaap,-0.7623138330781088,-0.9753535448048369,local,4
UMAP,9,ABpxpaaa,-0.48744602387851305,-0.952750383574066,local,4
UMAP,9,ABpxp,-0.6348820444530678,-0.10709816280774173,global,1
UMAP,9,ABpxpp,-0.09373823944307269,-0.6369920643194467,global,2
UMAP,9,ABpxpa,-0.8126131761811299,-0.6582231589086298,global,2
UMAP,9,ABpxppp,-0.7532014807603824,-0.854418911497814,global,3
UMAP,9,ABpxppa,-0.45357095544350107,-0.9062919862849207,global,3
UMAP,9,ABpxpap,-0.5010155274405569,-0.804170267374568,global,3
UMAP,9,ABpxpaa,-0.24067674477265852,-0.705815497622851,global,3
UMAP,9,ABpxpppp,-0.26943130143972704,-0.6281106515589981,local,4
UMAP,9,ABpxpppa,-0.7127845341831647,-0.45521977711832207,local,4
UMAP,9,ABpxppap,-0.5835236711849046,-0.8065019961981982,local,4
UMAP,9,ABpxppaa,-0.22518061958892224,-0.5029516701392768,local,4
UMAP,9,ABpxpaap,-0.7341008417879652,-0.9710448821950334,local,4
UMAP,9,ABpxpaaa,-0.6905641630636167,-0.966777990183336,local,4
UMAP,9,ABpxp,-0.6377837550570649,-0.2990579369213816,global,1
UMAP,9,ABpxpp,-0.6844755756955296,-0.773381389417306,global,2
UMAP,9,ABpxpa,-0.7916312933476084,-0.8313304208876097,global,2
UMAP,9,ABpxppp,-0.24027430602849695,-0.5948048436561784,global,3
UMAP,9,ABpxppa,-0.5252931078201226,-0.88001519411035,global,3
UMAP,9,ABpxpap,-0.7103985486029213,-0.8285641964006445,global,3
UMAP,9,ABpxpaa,-0.7213749661296325,-0.6885597118043717,global,3
UMAP,9,ABpxpppp,-0.27179744181528553,-0.791694003712193,local,4
UMAP,9,ABpxpppa,-0.7475982906762261,-0.8168647244795725,local,4
UMAP,9,ABpxppap,-0.6982241427010087,-0.890857956608214,local,4
UMAP,9,ABpxppaa,-0.5772013650085464,-0.8300613977945303,local,4
UMAP,9,ABpxpaap,-0.7817221292479819,-0.973192869509396,local,4
UMAP,9,ABpxpaaa,-0.6731004141196091,-0.9662940727317598,local,4
UMAP,9,ABpxp,-0.6614571738831847,-0.30352197812382836,global,1
UMAP,9,ABpxpp,-0.458125527987039,-0.7930825400977517,global,2
UMAP,9,ABpxpa,-0.8318594101144514,-0.6227455186758895,global,2
UMAP,9,ABpxppp,-0.7285480251097503,-0.856282734673647,global,3
UMAP,9,ABpxppa,-0.5265788465156925,-0.9165143177478896,global,3
UMAP,9,ABpxpap,-0.5686619939011442,-0.8210440429312565,global,3
UMAP,9,ABpxpaa,-0.7225277380790456,-0.6579629111113676,global,3
UMAP,9,ABpxpppp,-0.2987687666828518,-0.6886886879393896,local,4
UMAP,9,ABpxpppa,-0.710824460407605,-0.8512457313020686,local,4
UMAP,9,ABpxppap,-0.6881349165704523,-0.9058172144779586,local,4
UMAP,9,ABpxppaa,-0.38912503122517256,-0.8145158482332168,local,4
UMAP,9,ABpxpaap,-0.7631754969066772,-0.9728369872116209,local,4
UMAP,9,ABpxpaaa,-0.5311228053497538,-0.9572470640424475,local,4
UMAP,9,ABpxp,-0.5789541498899665,-0.3090092371587076,global,1
UMAP,9,ABpxpp,-0.4789469250562343,-0.7292929846253265,global,2
UMAP,9,ABpxpa,-0.7971437254808732,-0.7594301694900275,global,2
UMAP,9,ABpxppp,-0.24001125781082022,-0.6629153426456169,global,3
UMAP,9,ABpxppa,-0.43684738887477004,-0.8799023123132867,global,3
UMAP,9,ABpxpap,-0.5709016472943402,-0.7382588792071345,global,3
UMAP,9,ABpxpaa,-0.5729758455272244,-0.6119378078350671,global,3
UMAP,9,ABpxpppp,-0.23044544807409803,-0.5808386880343678,local,4
UMAP,9,ABpxpppa,-0.6264116709569401,-0.7872597653135374,local,4
UMAP,9,ABpxppap,-0.7181729165608393,-0.9216516051347461,local,4
UMAP,9,ABpxppaa,-0.3601683523497344,-0.6526477053382698,local,4
UMAP,9,ABpxpaap,-0.5432285557565586,-0.9661695013983786,local,4
UMAP,9,ABpxpaaa,-0.4636436900395091,-0.9493856893927922,local,4
UMAP,9,ABpxp,-0.6954122878892944,-0.2989014711748986,global,1
UMAP,9,ABpxpp,-0.12169136309028761,-0.4025249813807711,global,2
UMAP,9,ABpxpa,-0.7176926315367649,-0.6997480458823755,global,2
UMAP,9,ABpxppp,-0.2652803066022703,-0.5908131100355787,global,3
UMAP,9,ABpxppa,-0.49367338426133245,-0.9105979133832145,global,3
UMAP,9,ABpxpap,-0.651662635713786,-0.8935475770731226,global,3
UMAP,9,ABpxpaa,-0.21827944788555306,-0.6542926872847084,global,3
UMAP,9,ABpxpppp,-0.2402560095082377,-0.6507889666437638,local,4
UMAP,9,ABpxpppa,-0.7436024233163496,-0.9097069481772214,local,4
UMAP,9,ABpxppap,-0.7636766062311521,-0.8648810491141197,local,4
UMAP,9,ABpxppaa,-0.4001241348298894,-0.8449598348672851,local,4
UMAP,9,ABpxpaap,-0.7837564417972873,-0.969106411447995,local,4
UMAP,9,ABpxpaaa,-0.5506926752958758,-0.9664609479763941,local,4
UMAP,9,ABpxp,-0.5282540506861293,-0.16718628878763722,global,1
UMAP,9,ABpxpp,-0.033910144099965865,-0.11822277716755956,global,2
UMAP,9,ABpxpa,-0.6922172550761023,-0.8311377157262966,global,2
UMAP,9,ABpxppp,-0.24228567117761995,-0.5869914412872361,global,3
UMAP,9,ABpxppa,-0.13771783627431508,-0.4768948196772424,global,3
UMAP,9,ABpxpap,-0.4016965855180124,-0.55139678274066,global,3
UMAP,9,ABpxpaa,-0.19643136997070354,-0.6976975803608843,global,3
hMDS,10,ABpxpppp,-0.7323307662359686,-0.831630883946699,local,4
hMDS,10,ABpxpppa,-0.794995078613549,-0.8470799980142069,local,4
hMDS,10,ABpxppap,-0.7696243623385342,-0.8953828281730158,local,4
hMDS,10,ABpxppaa,-0.7743515466229454,-0.912940934492966,local,4
hMDS,10,ABpxpaap,-0.7447088163791421,-0.9548713544575814,local,4
hMDS,10,ABpxpaaa,-0.7857670982710951,-0.9316347875874387,local,4
hMDS,10,ABpxp,-0.8012577488661214,-0.5460346934390894,global,1
hMDS,10,ABpxpp,-0.7402575663889697,-0.7354833793006659,global,2
hMDS,10,ABpxpa,-0.7693839983336884,-0.7549277162859787,global,2
hMDS,10,ABpxppp,-0.7602217225977344,-0.7981227116672748,global,3
hMDS,10,ABpxppa,-0.6839855498510288,-0.8873390830698874,global,3
hMDS,10,ABpxpap,-0.709801403119743,-0.7209961299281124,global,3
hMDS,10,ABpxpaa,-0.7883886439509492,-0.6527719225461449,global,3
hMDS,10,ABpxpppp,-0.7495861962728017,-0.8311355253066056,local,4
hMDS,10,ABpxpppa,-0.7626131323855431,-0.859587045256525,local,4
hMDS,10,ABpxppap,-0.7471612174677882,-0.9040502545162046,local,4
hMDS,10,ABpxppaa,-0.7769982633405654,-0.9097997910196827,local,4
hMDS,10,ABpxpaap,-0.7626170754286659,-0.9407937772283229,local,4
hMDS,10,ABpxpaaa,-0.7463365331139162,-0.9343667454879903,local,4
hMDS,10,ABpxp,-0.7162674749106535,-0.5270782669983088,global,1
hMDS,10,ABpxpp,-0.7526078280818995,-0.7485080900484864,global,2
hMDS,10,ABpxpa,-0.7507126415341369,-0.7691857905074903,global,2
hMDS,10,ABpxppp,-0.7666756732970986,-0.792508483152268,global,3
hMDS,10,ABpxppa,-0.7597225388730098,-0.902044153211267,global,3
hMDS,10,ABpxpap,-0.8168553772404533,-0.7791667839534353,global,3
hMDS,10,ABpxpaa,-0.7518577721806922,-0.659864923739654,global,3
hMDS,10,ABpxpppp,-0.7178717756069342,-0.8380175848086964,local,4
hMDS,10,ABpxpppa,-0.7896282985752898,-0.8389967296505177,local,4
hMDS,10,ABpxppap,-0.7512733820914043,-0.9001952748993102,local,4
hMDS,10,ABpxppaa,-0.766555664418883,-0.9318314106691563,local,4
hMDS,10,ABpxpaap,-0.7571022135960987,-0.9530414996103549,local,4
hMDS,10,ABpxpaaa,-0.7640528565679865,-0.9351174215538269,local,4
hMDS,10,ABpxp,-0.7045003809556211,-0.4487942829450457,global,1
hMDS,10,ABpxpp,-0.7038531353831519,-0.7134468222790095,global,2
hMDS,10,ABpxpa,-0.7763634198600539,-0.7495161214435386,global,2
hMDS,10,ABpxppp,-0.67242786564588,-0.8128018673149564,global,3
hMDS,10,ABpxppa,-0.760490731850829,-0.8995594812465727,global,3
hMDS,10,ABpxpap,-0.7951164469732953,-0.7846860623141001,global,3
hMDS,10,ABpxpaa,-0.7754072074440493,-0.6755596165032761,global,3
hMDS,10,ABpxpppp,-0.7272050073952013,-0.8363410604666536,local,4
hMDS,10,ABpxpppa,-0.7967724385076557,-0.8588881472361177,local,4
hMDS,10,ABpxppap,-0.7314265067807422,-0.9112095123992757,local,4
hMDS,10,ABpxppaa,-0.7534162931253892,-0.9162941116274514,local,4
hMDS,10,ABpxpaap,-0.77817593198651,-0.9433530611522625,local,4
hMDS,10,ABpxpaaa,-0.7652370378205386,-0.9299762155102463,local,4
hMDS,10,ABpxp,-0.6643843057782687,-0.5823096263559577,global,1
hMDS,10,ABpxpp,-0.6886820942046189,-0.7222184641780856,global,2
hMDS,10,ABpxpa,-0.7910211733920455,-0.7288961376422832,global,2
hMDS,10,ABpxppp,-0.7603683568575326,-0.8193363253562935,global,3
hMDS,10,ABpxppa,-0.7561881078450495,-0.8838357482570443,global,3
hMDS,10,ABpxpap,-0.7935636802492462,-0.7867861169353864,global,3
hMDS,10,ABpxpaa,-0.8119373090909001,-0.624875929292137,global,3
hMDS,10,ABpxpppp,-0.7446397342129311,-0.8381132199744341,local,4
hMDS,10,ABpxpppa,-0.804760729680699,-0.8501807757076841,local,4
hMDS,10,ABpxppap,-0.73387728714563,-0.90036394051207,local,4
hMDS,10,ABpxppaa,-0.7610839545690751,-0.9128841232978644,local,4
hMDS,10,ABpxpaap,-0.7542748048804433,-0.9326109861253855,local,4
hMDS,10,ABpxpaaa,-0.7805362119376458,-0.9408160256523413,local,4
hMDS,10,ABpxp,-0.8316078019602473,-0.6090819278316592,global,1
hMDS,10,ABpxpp,-0.7732139435350713,-0.7865542158356691,global,2
hMDS,10,ABpxpa,-0.6202455672085757,-0.6791012295458072,global,2
hMDS,10,ABpxppp,-0.7978303139470748,-0.8052733587524574,global,3
hMDS,10,ABpxppa,-0.7495918257154393,-0.9019496809327088,global,3
hMDS,10,ABpxpap,-0.8184430681850842,-0.7773505137939145,global,3
hMDS,10,ABpxpaa,-0.7667140650496075,-0.6365189769768056,global,3
hMDS,10,ABpxpppp,-0.7385630069190708,-0.8251086883412527,local,4
hMDS,10,ABpxpppa,-0.7734294062940841,-0.860994675825028,local,4
hMDS,10,ABpxppap,-0.7317542753114855,-0.9012277497729589,local,4
hMDS,10,ABpxppaa,-0.7505333889142045,-0.9180902681516777,local,4
hMDS,10,ABpxpaap,-0.7433756481355077,-0.9477234538315022,local,4
hMDS,10,ABpxpaaa,-0.7364629320331066,-0.9466320215649877,local,4
hMDS,10,ABpxp,-0.736116149177182,-0.5937296168116601,global,1
hMDS,10,ABpxpp,-0.6842344414995912,-0.8005162235281429,global,2
hMDS,10,ABpxpa,-0.8168904956994476,-0.6875804215797047,global,2
hMDS,10,ABpxppp,-0.7513855871990782,-0.7600923816961104,global,3
hMDS,10,ABpxppa,-0.7392080539626029,-0.9107332116262148,global,3
hMDS,10,ABpxpap,-0.8008627426041842,-0.7154116403959137,global,3
hMDS,10,ABpxpaa,-0.7852439961684894,-0.6899399937320189,global,3
hMDS,10,ABpxpppp,-0.709979112022094,-0.8399428031836124,local,4
hMDS,10,ABpxpppa,-0.8027090230283422,-0.8651355819046771,local,4
hMDS,10,ABpxppap,-0.7581257353021853,-0.9150745593076064,local,4
hMDS,10,ABpxppaa,-0.7370032123596684,-0.923705909812284,local,4
hMDS,10,ABpxpaap,-0.7879446282116656,-0.9542024353513217,local,4
hMDS,10,ABpxpaaa,-0.7682850180304449,-0.9336579223148282,local,4
hMDS,10,ABpxp,-0.78773996934203,-0.5334428598306252,global,1
hMDS,10,ABpxpp,-0.7274072090945787,-0.8157287030365586,global,2
hMDS,10,ABpxpa,-0.7471736581461585,-0.7991142021345469,global,2
hMDS,10,ABpxppp,-0.7044685522603236,-0.8005982953198161,global,3
hMDS,10,ABpxppa,-0.7556712271256156,-0.9034351473216892,global,3
hMDS,10,ABpxpap,-0.857725070660221,-0.7877215731415854,global,3
hMDS,10,ABpxpaa,-0.7706317708751199,-0.6788404230406745,global,3
hMDS,10,ABpxpppp,-0.7246220976216374,-0.8366838715130577,local,4
hMDS,10,ABpxpppa,-0.7658812403340112,-0.8534414753613208,local,4
hMDS,10,ABpxppap,-0.7423331498773568,-0.8917879072578079,local,4
hMDS,10,ABpxppaa,-0.7499699805146525,-0.9145443752125918,local,4
hMDS,10,ABpxpaap,-0.7769400733072834,-0.9456291622329079,local,4
hMDS,10,ABpxpaaa,-0.8001301384269789,-0.9385885784838015,local,4
hMDS,10,ABpxp,-0.7849099228855207,-0.6055965650092567,global,1
hMDS,10,ABpxpp,-0.7119930830488144,-0.7263782814737741,global,2
hMDS,10,ABpxpa,-0.7687666460297207,-0.714854887309252,global,2
hMDS,10,ABpxppp,-0.7162708791623886,-0.7901152058268922,global,3
hMDS,10,ABpxppa,-0.7412784280025937,-0.8947982703621263,global,3
hMDS,10,ABpxpap,-0.7914726167421705,-0.7523417981431291,global,3
hMDS,10,ABpxpaa,-0.7816250670216247,-0.6673026490307234,global,3
hMDS,10,ABpxpppp,-0.7292084378205275,-0.8200939301695169,local,4
hMDS,10,ABpxpppa,-0.8026536511803788,-0.846424016963586,local,4
hMDS,10,ABpxppap,-0.7513421321213787,-0.909695039560135,local,4
hMDS,10,ABpxppaa,-0.7122384034243195,-0.9236708683298193,local,4
hMDS,10,ABpxpaap,-0.777301237112062,-0.9440773844904966,local,4
hMDS,10,ABpxpaaa,-0.7799933843406657,-0.9425141529224256,local,4
hMDS,10,ABpxp,-0.7641917514504153,-0.5512255202710096,global,1
hMDS,10,ABpxpp,-0.7452959762184246,-0.738042268801241,global,2
hMDS,10,ABpxpa,-0.770574224678918,-0.7116153341488982,global,2
hMDS,10,ABpxppp,-0.7508361622267012,-0.8310400120690664,global,3
hMDS,10,ABpxppa,-0.708876915536815,-0.8937648143360567,global,3
hMDS,10,ABpxpap,-0.7879327731004331,-0.7918344869985136,global,3
hMDS,10,ABpxpaa,-0.7596690769999048,-0.6496321861116952,global,3
hMDS,10,ABpxpppp,-0.7419988432484501,-0.8496426480111451,local,4
hMDS,10,ABpxpppa,-0.7792136051758191,-0.8655940575289565,local,4
hMDS,10,ABpxppap,-0.7433397804706896,-0.9096976186921409,local,4
hMDS,10,ABpxppaa,-0.764214780212063,-0.9127467227888428,local,4
hMDS,10,ABpxpaap,-0.7601150731503656,-0.9480334531631991,local,4
hMDS,10,ABpxpaaa,-0.7708335897540455,-0.9388254396117692,local,4
hMDS,10,ABpxp,-0.7303113040933994,-0.7229983914909119,global,1
hMDS,10,ABpxpp,-0.735302060043891,-0.7575424886388651,global,2
hMDS,10,ABpxpa,-0.8574169590701802,-0.7301120141406009,global,2
hMDS,10,ABpxppp,-0.7514774958706847,-0.8065286523047446,global,3
hMDS,10,ABpxppa,-0.7246766926265187,-0.8842154996247286,global,3
hMDS,10,ABpxpap,-0.805462946380724,-0.8049375068102109,global,3
hMDS,10,ABpxpaa,-0.7394582715086999,-0.642437227257349,global,3
hMDS,10,ABpxpppp,-0.7411556350151514,-0.8078616674688084,local,4
hMDS,10,ABpxpppa,-0.7543471448768293,-0.8627437262030075,local,4
hMDS,10,ABpxppap,-0.7539440027580137,-0.9081259129895738,local,4
hMDS,10,ABpxppaa,-0.7612001369338133,-0.916933580001308,local,4
hMDS,10,ABpxpaap,-0.775972708962078,-0.9591273905795961,local,4
hMDS,10,ABpxpaaa,-0.7665574941213804,-0.9315812775609087,local,4
hMDS,10,ABpxp,-0.8058392598731813,-0.6217667188037277,global,1
hMDS,10,ABpxpp,-0.6628517208811473,-0.7950436053388634,global,2
hMDS,10,ABpxpa,-0.7884910580452251,-0.7633243637876934,global,2
hMDS,10,ABpxppp,-0.7511902088914644,-0.8102043311827215,global,3
hMDS,10,ABpxppa,-0.7487846436321383,-0.9066652484467578,global,3
hMDS,10,ABpxpap,-0.7426939101346298,-0.7780054596429293,global,3
hMDS,10,ABpxpaa,-0.745401130934913,-0.6389233016914337,global,3
hMDS,10,ABpxpppp,-0.7418924331983938,-0.8431402617284577,local,4
hMDS,10,ABpxpppa,-0.7915416861866438,-0.8482397274702281,local,4
hMDS,10,ABpxppap,-0.7419294084564565,-0.9054445617940317,local,4
hMDS,10,ABpxppaa,-0.7530138992065895,-0.9233784355127518,local,4
hMDS,10,ABpxpaap,-0.7895455048070901,-0.9508759704009019,local,4
hMDS,10,ABpxpaaa,-0.7534485787400624,-0.9316815667644669,local,4
hMDS,10,ABpxp,-0.7037881199164315,-0.5795822066495343,global,1
hMDS,10,ABpxpp,-0.6733082243964204,-0.7081553270508516,global,2
hMDS,10,ABpxpa,-0.8237344388434917,-0.7720414581144687,global,2
hMDS,10,ABpxppp,-0.7807171938699136,-0.7878883402454981,global,3
hMDS,10,ABpxppa,-0.7280945003944187,-0.8979199836061826,global,3
hMDS,10,ABpxpap,-0.8066164726846234,-0.7876159306759856,global,3
hMDS,10,ABpxpaa,-0.7543140619323138,-0.6695724946294712,global,3
hMDS,10,ABpxpppp,-0.6880317826730855,-0.8349717306122817,local,4
hMDS,10,ABpxpppa,-0.788959427770297,-0.8685239112274316,local,4
hMDS,10,ABpxppap,-0.7443632384725758,-0.9113021999718592,local,4
hMDS,10,ABpxppaa,-0.7344589258703214,-0.9219816632598455,local,4
hMDS,10,ABpxpaap,-0.7568650684995346,-0.9463962798203178,local,4
hMDS,10,ABpxpaaa,-0.8041738787400512,-0.931708063212591,local,4
hMDS,10,ABpxp,-0.7937202432192466,-0.4671040867106764,global,1
hMDS,10,ABpxpp,-0.6433326412707041,-0.7369326637922691,global,2
hMDS,10,ABpxpa,-0.7300568341865028,-0.7102064339981118,global,2
hMDS,10,ABpxppp,-0.7522312102629518,-0.8178861360093403,global,3
hMDS,10,ABpxppa,-0.7385386190936397,-0.9095341551753733,global,3
hMDS,10,ABpxpap,-0.7645692199536241,-0.837703953201098,global,3
hMDS,10,ABpxpaa,-0.6589297331957531,-0.6721684387147208,global,3
hMDS,10,ABpxpppp,-0.7515501132437765,-0.834442491939724,local,4
hMDS,10,ABpxpppa,-0.7817755387882014,-0.8428637121762166,local,4
hMDS,10,ABpxppap,-0.7493132750626963,-0.9052191280609769,local,4
hMDS,10,ABpxppaa,-0.7627472914509005,-0.9142201143516969,local,4
hMDS,10,ABpxpaap,-0.7899256618824402,-0.9534832407812233,local,4
hMDS,10,ABpxpaaa,-0.7404817728714151,-0.932834187253734,local,4
hMDS,10,ABpxp,-0.7048598044779575,-0.5341226131421007,global,1
hMDS,10,ABpxpp,-0.7823701805055241,-0.7045088985946797,global,2
hMDS,10,ABpxpa,-0.7696610071026383,-0.780097418759839,global,2
hMDS,10,ABpxppp,-0.7642608378262417,-0.7871233999316387,global,3
hMDS,10,ABpxppa,-0.7216895076591751,-0.8985946959251359,global,3
hMDS,10,ABpxpap,-0.7599047398657988,-0.7385625870645525,global,3
hMDS,10,ABpxpaa,-0.7967065427944046,-0.7043214030977636,global,3
hMDS,10,ABpxpppp,-0.7348447562157372,-0.8287562198374377,local,4
hMDS,10,ABpxpppa,-0.7320308022626884,-0.8333656739814448,local,4
hMDS,10,ABpxppap,-0.7634416903421544,-0.895911785552773,local,4
hMDS,10,ABpxppaa,-0.7487263159322243,-0.9134079431330387,local,4
hMDS,10,ABpxpaap,-0.7910208883438017,-0.9387800554386312,local,4
hMDS,10,ABpxpaaa,-0.8215408801969986,-0.9415735230916945,local,4
hMDS,10,ABpxp,-0.7129329466878979,-0.591613545331617,global,1
hMDS,10,ABpxpp,-0.7765452141498574,-0.7571412368249048,global,2
hMDS,10,ABpxpa,-0.8200976900640462,-0.747200405009967,global,2
hMDS,10,ABpxppp,-0.7495951883034675,-0.8117015456682134,global,3
hMDS,10,ABpxppa,-0.6949538833195459,-0.9030794041807989,global,3
hMDS,10,ABpxpap,-0.8045088176400756,-0.7754930048521814,global,3
hMDS,10,ABpxpaa,-0.8084739757847129,-0.6319377056101976,global,3
hMDS,10,ABpxpppp,-0.7456117486805602,-0.8354590714723681,local,4
hMDS,10,ABpxpppa,-0.7781373794387597,-0.8538430989929838,local,4
hMDS,10,ABpxppap,-0.732434988057761,-0.8960047217166907,local,4
hMDS,10,ABpxppaa,-0.7583172199364416,-0.9239422353382549,local,4
hMDS,10,ABpxpaap,-0.7706396511199931,-0.9499101902390532,local,4
hMDS,10,ABpxpaaa,-0.7947137025251926,-0.9362594378009643,local,4
hMDS,10,ABpxp,-0.7605965457846061,-0.6974322668850151,global,1
hMDS,10,ABpxpp,-0.7575669038488182,-0.7795657259159671,global,2
hMDS,10,ABpxpa,-0.8073095477378025,-0.7567149446788927,global,2
hMDS,10,ABpxppp,-0.7085524301650327,-0.7942612811304691,global,3
hMDS,10,ABpxppa,-0.6896090882557571,-0.8914438338549856,global,3
hMDS,10,ABpxpap,-0.8655010653489819,-0.7782082168076424,global,3
hMDS,10,ABpxpaa,-0.7584768252236446,-0.648552627138234,global,3
hMDS,10,ABpxpppp,-0.7600062853453999,-0.8375958822780972,local,4
hMDS,10,ABpxpppa,-0.7928196823019974,-0.866484984831419,local,4
hMDS,10,ABpxppap,-0.745498228620828,-0.8972873290606229,local,4
hMDS,10,ABpxppaa,-0.7750551488253921,-0.9165573622981968,local,4
hMDS,10,ABpxpaap,-0.7619506824427633,-0.9586766085943997,local,4
hMDS,10,ABpxpaaa,-0.7298003663100942,-0.9388568473811132,local,4
hMDS,10,ABpxp,-0.7122084252336376,-0.5576409686200771,global,1
hMDS,10,ABpxpp,-0.7340904223639664,-0.7335162714308281,global,2
hMDS,10,ABpxpa,-0.7730783188100676,-0.7667995364001241,global,2
hMDS,10,ABpxppp,-0.7354094650556661,-0.7963139564830098,global,3
hMDS,10,ABpxppa,-0.7255497028632859,-0.8977410386661961,global,3
hMDS,10,ABpxpap,-0.7698923445860909,-0.7946221271147673,global,3
hMDS,10,ABpxpaa,-0.782867757910997,-0.594058469300206,global,3
hMDS,10,ABpxpppp,-0.7501008132232055,-0.8163036997679788,local,4
hMDS,10,ABpxpppa,-0.7892522572782753,-0.8418175392954745,local,4
hMDS,10,ABpxppap,-0.7370450807496858,-0.9045397927667869,local,4
hMDS,10,ABpxppaa,-0.7572598542902629,-0.9222468816084055,local,4
hMDS,10,ABpxpaap,-0.779562035218534,-0.9336598383778543,local,4
hMDS,10,ABpxpaaa,-0.7146858498686786,-0.9414769728521344,local,4
hMDS,10,ABpxp,-0.7446576124735903,-0.6584109280571795,global,1
hMDS,10,ABpxpp,-0.7436087991194886,-0.7701972235878,global,2
hMDS,10,ABpxpa,-0.8357141944259662,-0.779565508033223,global,2
hMDS,10,ABpxppp,-0.7125909441427751,-0.810388414259136,global,3
hMDS,10,ABpxppa,-0.7802929585423439,-0.9011826093537849,global,3
hMDS,10,ABpxpap,-0.7601316828860715,-0.7975783643862354,global,3
hMDS,10,ABpxpaa,-0.7342199572817197,-0.6508301744215657,global,3
hMDS,10,ABpxpppp,-0.7452911727801663,-0.822036752730513,local,4
hMDS,10,ABpxpppa,-0.7758594240805313,-0.8650011154632419,local,4
hMDS,10,ABpxppap,-0.7400983509061233,-0.9109111532987485,local,4
hMDS,10,ABpxppaa,-0.7567929574461182,-0.9236313281442942,local,4
hMDS,10,ABpxpaap,-0.7751927075411449,-0.9557072180526978,local,4
hMDS,10,ABpxpaaa,-0.7938077561262478,-0.9364442507397135,local,4
hMDS,10,ABpxp,-0.7074835770820138,-0.42556068096624733,global,1
hMDS,10,ABpxpp,-0.7126550884938314,-0.7344344342114615,global,2
hMDS,10,ABpxpa,-0.8242960892044333,-0.6714686126983308,global,2
hMDS,10,ABpxppp,-0.7504595575797108,-0.7968206118844106,global,3
hMDS,10,ABpxppa,-0.741812509654753,-0.910167730160077,global,3
hMDS,10,ABpxpap,-0.7717239203915242,-0.7833557130782203,global,3
hMDS,10,ABpxpaa,-0.7576345867546298,-0.6602749588093244,global,3
hMDS,10,ABpxpppp,-0.7356158056706124,-0.839211670424102,local,4
hMDS,10,ABpxpppa,-0.7764111963153209,-0.8411085475184845,local,4
hMDS,10,ABpxppap,-0.7325593185200692,-0.9115148372087865,local,4
hMDS,10,ABpxppaa,-0.7388872389644071,-0.9290187851952592,local,4
hMDS,10,ABpxpaap,-0.7631977549175524,-0.9506586066881315,local,4
hMDS,10,ABpxpaaa,-0.7974927877662277,-0.9282378267528572,local,4
hMDS,10,ABpxp,-0.8007553068442942,-0.6730428138332035,global,1
hMDS,10,ABpxpp,-0.731918988030555,-0.7732690476638826,global,2
hMDS,10,ABpxpa,-0.8495046339948104,-0.7341704607315693,global,2
hMDS,10,ABpxppp,-0.7137029047516055,-0.8063549885508907,global,3
hMDS,10,ABpxppa,-0.7405218317691379,-0.8951689979082375,global,3
hMDS,10,ABpxpap,-0.7782316906564736,-0.7133156098645378,global,3
hMDS,10,ABpxpaa,-0.7797208392274536,-0.6413342820843524,global,3
PCA,10,ABpxpppp,-0.7483233612378952,-0.7108418812170898,local,4
PCA,10,ABpxpppa,-0.7365099932927497,-0.784242776046374,local,4
PCA,10,ABpxppap,-0.7114992732861785,-0.5699185398067039,local,4
PCA,10,ABpxppaa,-0.7514776729571551,-0.9169731790283796,local,4
PCA,10,ABpxpaap,-0.7659292838296043,-0.947814890594568,local,4
PCA,10,ABpxpaaa,-0.6945374722418556,-0.9348162057365167,local,4
PCA,10,ABpxp,-0.5484223226810327,-0.2166321808963896,global,1
PCA,10,ABpxpp,-0.7054931486255339,-0.6889724012282069,global,2
PCA,10,ABpxpa,-0.6639133798800132,-0.7597072714503394,global,2
PCA,10,ABpxppp,-0.7307390994893985,-0.6198990652127474,global,3
PCA,10,ABpxppa,-0.6830596887861913,-0.9068231522627873,global,3
PCA,10,ABpxpap,-0.6940874796513312,-0.806657028392762,global,3
PCA,10,ABpxpaa,-0.7363203081890979,-0.7152356575898249,global,3
PCA,10,ABpxpppp,-0.7212736486178853,-0.7266289283561913,local,4
PCA,10,ABpxpppa,-0.7678869269811561,-0.7584466372773644,local,4
PCA,10,ABpxppap,-0.7312781910724266,-0.595148826009728,local,4
PCA,10,ABpxppaa,-0.7285010942291882,-0.9059520234144613,local,4
PCA,10,ABpxpaap,-0.7603264759996875,-0.9494356539449303,local,4
PCA,10,ABpxpaaa,-0.7270322180439255,-0.9412575505474583,local,4
PCA,10,ABpxp,-0.5036426063330494,-0.16974342205577087,global,1
PCA,10,ABpxpp,-0.617809183416464,-0.7055202584555438,global,2
PCA,10,ABpxpa,-0.7358908515663284,-0.6826762148200273,global,2
PCA,10,ABpxppp,-0.7037953968237685,-0.5290152909319588,global,3
PCA,10,ABpxppa,-0.6524985947568985,-0.9095893924585947,global,3
PCA,10,ABpxpap,-0.6385991265793447,-0.817182081969059,global,3
PCA,10,ABpxpaa,-0.69264551328162,-0.6778110202864223,global,3
PCA,10,ABpxpppp,-0.7525854245645911,-0.7529926670002841,local,4
PCA,10,ABpxpppa,-0.7570528891651545,-0.7827319372858607,local,4
PCA,10,ABpxppap,-0.7415858609530217,-0.6026881962090722,local,4
PCA,10,ABpxppaa,-0.7362768560800789,-0.9184736843817232,local,4
PCA,10,ABpxpaap,-0.7618073501679457,-0.9437564586409447,local,4
PCA,10,ABpxpaaa,-0.7104914454522322,-0.9320870187599579,local,4
PCA,10,ABpxp,-0.5894903738523889,-0.34734279232349435,global,1
PCA,10,ABpxpp,-0.685208696818796,-0.7515174846683015,global,2
PCA,10,ABpxpa,-0.6995161592929885,-0.7829296348582993,global,2
PCA,10,ABpxppp,-0.7412668659199997,-0.5693281316645885,global,3
PCA,10,ABpxppa,-0.7157263823586797,-0.9100233742079297,global,3
PCA,10,ABpxpap,-0.6894314445077429,-0.8515698312691733,global,3
PCA,10,ABpxpaa,-0.7278001424136867,-0.7140998219197365,global,3
PCA,10,ABpxpppp,-0.7470642460049892,-0.7112920901597221,local,4
PCA,10,ABpxpppa,-0.7967835153939652,-0.7726671647364578,local,4
PCA,10,ABpxppap,-0.7308309742224475,-0.605348972361796,local,4
PCA,10,ABpxppaa,-0.7393477943208308,-0.9155198346066267,local,4
PCA,10,ABpxpaap,-0.7278780062592219,-0.9437391689425614,local,4
PCA,10,ABpxpaaa,-0.6786400979204755,-0.9351444910472344,local,4
PCA,10,ABpxp,-0.5045449537531097,-0.4030089680686483,global,1
PCA,10,ABpxpp,-0.6496371956824685,-0.7146528931698426,global,2
PCA,10,ABpxpa,-0.6751050211291252,-0.7395225091471681,global,2
PCA,10,ABpxppp,-0.7293860760397217,-0.5650833805709343,global,3
PCA,10,ABpxppa,-0.6927212966508388,-0.9060782366143328,global,3
PCA,10,ABpxpap,-0.707426118008311,-0.8311867329537438,global,3
PCA,10,ABpxpaa,-0.7312616820251908,-0.7060216169473712,global,3
PCA,10,ABpxpppp,-0.7220450073654627,-0.7047787841167764,local,4
PCA,10,ABpxpppa,-0.7735329353194691,-0.774853318931191,local,4
PCA,10,ABpxppap,-0.7351814301450708,-0.5741298399037097,local,4
PCA,10,ABpxppaa,-0.781130092858381,-0.9204068478088375,local,4
PCA,10,ABpxpaap,-0.7110215953423101,-0.9468423045820171,local,4
PCA,10,ABpxpaaa,-0.737552272404929,-0.941176202079095,local,4
PCA,10,ABpxp,-0.566449631999572,-0.09177578285062409,global,1
PCA,10,ABpxpp,-0.6422565474335608,-0.6805896515115091,global,2
PCA,10,ABpxpa,-0.5527693482855015,-0.7202394565114899,global,2
PCA,10,ABpxppp,-0.6860971434343683,-0.6141625743486554,global,3
PCA,10,ABpxppa,-0.7193423559123366,-0.9061903407682715,global,3
PCA,10,ABpxpap,-0.7181342402730081,-0.8071792791147554,global,3
PCA,10,ABpxpaa,-0.6552916209284795,-0.6661848211201408,global,3
PCA,10,ABpxpppp,-0.7538702722636446,-0.7375438294949364,local,4
PCA,10,ABpxpppa,-0.7361697712049158,-0.7383543571739559,local,4
PCA,10,ABpxppap,-0.758454790539327,-0.5783909397449521,local,4
PCA,10,ABpxppaa,-0.7336466368270674,-0.9004750150635479,local,4
PCA,10,ABpxpaap,-0.7466539085433933,-0.9517155139328601,local,4
PCA,10,ABpxpaaa,-0.7591661905512987,-0.9404220016916958,local,4
PCA,10,ABpxp,-0.4808346524777551,-0.44750098246352404,global,1
PCA,10,ABpxpp,-0.5783882410411612,-0.6539289835258908,global,2
PCA,10,ABpxpa,-0.6774343402987977,-0.7235024542728743,global,2
PCA,10,ABpxppp,-0.6962837589909427,-0.5862703234954159,global,3
PCA,10,ABpxppa,-0.7000403735710595,-0.9205493502419289,global,3
PCA,10,ABpxpap,-0.6683645540270311,-0.831946185651161,global,3
PCA,10,ABpxpaa,-0.7383025979765659,-0.6607004666479549,global,3
PCA,10,ABpxpppp,-0.7564780736543146,-0.6837726312013714,local,4
PCA,10,ABpxpppa,-0.7726867077419003,-0.7811478722849498,local,4
PCA,10,ABpxppap,-0.768493389477636,-0.5290706006208377,local,4
PCA,10,ABpxppaa,-0.7716600310922038,-0.9175325632320109,local,4
PCA,10,ABpxpaap,-0.77032032548153,-0.9437477612689195,local,4
PCA,10,ABpxpaaa,-0.7492188208179893,-0.9392752849777088,local,4
PCA,10,ABpxp,-0.17787006113507076,-0.16749255450912773,global,1
PCA,10,ABpxpp,-0.7023130819132721,-0.7692411125122176,global,2
PCA,10,ABpxpa,-0.7628054983184465,-0.7617637167540058,global,2
PCA,10,ABpxppp,-0.7110611882255624,-0.5140452162736653,global,3
PCA,10,ABpxppa,-0.704583895258253,-0.912307687050261,global,3
PCA,10,ABpxpap,-0.6639556238559967,-0.8261643103943155,global,3
PCA,10,ABpxpaa,-0.7578498602582535,-0.6565863791653248,global,3
PCA,10,ABpxpppp,-0.7607076662603378,-0.7031752050703207,local,4
PCA,10,ABpxpppa,-0.7115350970472673,-0.772806004810012,local,4
PCA,10,ABpxppap,-0.7477466419982404,-0.6124749473769372,local,4
PCA,10,ABpxppaa,-0.7530855346626757,-0.9019325782595565,local,4
PCA,10,ABpxpaap,-0.7428421496314503,-0.9449748392403385,local,4
PCA,10,ABpxpaaa,-0.7374268405440808,-0.9328312657789775,local,4
PCA,10,ABpxp,-0.5407104162613597,-0.5123327438570574,global,1
PCA,10,ABpxpp,-0.6033456209500103,-0.7288544667758164,global,2
PCA,10,ABpxpa,-0.6657930945088616,-0.7874599393152917,global,2
PCA,10,ABpxppp,-0.7277007318305343,-0.5838294808120067,global,3
PCA,10,ABpxppa,-0.6570535771488875,-0.913022574300697,global,3
PCA,10,ABpxpap,-0.6613677158885829,-0.7832372072792969,global,3
PCA,10,ABpxpaa,-0.7451282822253767,-0.7007262981315013,global,3
PCA,10,ABpxpppp,-0.7141607249893639,-0.7026285923368154,local,4
PCA,10,ABpxpppa,-0.7504364934518788,-0.756894347505199,local,4
PCA,10,ABpxppap,-0.7268964876075503,-0.6077071915196754,local,4
PCA,10,ABpxppaa,-0.7035410324058288,-0.9131898342380246,local,4
PCA,10,ABpxpaap,-0.7715680026911593,-0.9472869676626923,local,4
PCA,10,ABpxpaaa,-0.7197841559469499,-0.933816572328969,local,4
PCA,10,ABpxp,-0.4779483547863424,-0.3078767606673372,global,1
PCA,10,ABpxpp,-0.6364481408053061,-0.7274946487264997,global,2
PCA,10,ABpxpa,-0.7316436708175342,-0.7220631447309611,global,2
PCA,10,ABpxppp,-0.7115842575486058,-0.5817937941576303,global,3
PCA,10,ABpxppa,-0.6809589805431102,-0.9179410065463832,global,3
PCA,10,ABpxpap,-0.6683310965120252,-0.875484751432015,global,3
PCA,10,ABpxpaa,-0.748371626570959,-0.6631307103572722,global,3
PCA,10,ABpxpppp,-0.7336691909540685,-0.7138101534263103,local,4
PCA,10,ABpxpppa,-0.7842321872763874,-0.7424849942498708,local,4
PCA,10,ABpxppap,-0.7496530362243454,-0.5865143534382351,local,4
PCA,10,ABpxppaa,-0.7338806835540952,-0.9165988565179696,local,4
PCA,10,ABpxpaap,-0.7817197214104441,-0.9394537220426177,local,4
PCA,10,ABpxpaaa,-0.7532624132145332,-0.9396296216664923,local,4
PCA,10,ABpxp,-0.32371676874627076,-0.1870037391174179,global,1
PCA,10,ABpxpp,-0.6558213269061746,-0.788474827972697,global,2
PCA,10,ABpxpa,-0.7370828513565094,-0.7292480940552669,global,2
PCA,10,ABpxppp,-0.706781108837736,-0.5927700417076468,global,3
PCA,10,ABpxppa,-0.66715203937902,-0.9133136791201363,global,3
PCA,10,ABpxpap,-0.6522806602936149,-0.8386803903250601,global,3
PCA,10,ABpxpaa,-0.7257136032698266,-0.6496334494956267,global,3
PCA,10,ABpxpppp,-0.7204926508278897,-0.7272658855987797,local,4
PCA,10,ABpxpppa,-0.7803502926551104,-0.773272821630387,local,4
PCA,10,ABpxppap,-0.7274766700297175,-0.6280290233493205,local,4
PCA,10,ABpxppaa,-0.7234066290737659,-0.9104423152674888,local,4
PCA,10,ABpxpaap,-0.7690176337005669,-0.9491359663867811,local,4
PCA,10,ABpxpaaa,-0.7089723756579651,-0.9315269130913808,local,4
PCA,10,ABpxp,-0.46804674310758915,-0.30361764892276555,global,1
PCA,10,ABpxpp,-0.612729259600016,-0.6961995673765395,global,2
PCA,10,ABpxpa,-0.6879809112335563,-0.7604155345924437,global,2
PCA,10,ABpxppp,-0.6998751160753496,-0.6031676959966084,global,3
PCA,10,ABpxppa,-0.7054613756987285,-0.8959455324631952,global,3
PCA,10,ABpxpap,-0.6402925461340764,-0.8102987531894047,global,3
PCA,10,ABpxpaa,-0.7423034303375405,-0.7236533132806564,global,3
PCA,10,ABpxpppp,-0.7568549653745374,-0.6949124211712054,local,4
PCA,10,ABpxpppa,-0.7668265744986377,-0.7813032121903022,local,4
PCA,10,ABpxppap,-0.7583181558755561,-0.5588591905320462,local,4
PCA,10,ABpxppaa,-0.7217690600164505,-0.9205447444493657,local,4
PCA,10,ABpxpaap,-0.7501503650894004,-0.9438632544894554,local,4
PCA,10,ABpxpaaa,-0.7183840366334422,-0.9428071069406627,local,4
PCA,10,ABpxp,-0.3654735550002303,-0.4471686462194664,global,1
PCA,10,ABpxpp,-0.6393116924494701,-0.689521162883224,global,2
PCA,10,ABpxpa,-0.5729707510895499,-0.6851398948477906,global,2
PCA,10,ABpxppp,-0.656506039942976,-0.6209846418064717,global,3
PCA,10,ABpxppa,-0.7190668303319128,-0.9005797713756218,global,3
PCA,10,ABpxpap,-0.7205561240937736,-0.8308673598228012,global,3
PCA,10,ABpxpaa,-0.722142500375231,-0.7364711111577672,global,3
PCA,10,ABpxpppp,-0.7588936244475982,-0.7294747959226218,local,4
PCA,10,ABpxpppa,-0.7467173830408722,-0.7776505286715746,local,4
PCA,10,ABpxppap,-0.7194038232841653,-0.5688233343284169,local,4
PCA,10,ABpxppaa,-0.7376633641814359,-0.9142559619482665,local,4
PCA,10,ABpxpaap,-0.7861055721526637,-0.951792606384859,local,4
PCA,10,ABpxpaaa,-0.7494622407834615,-0.9431588642640472,local,4
PCA,10,ABpxp,-0.49630049702911466,-0.28592896056517897,global,1
PCA,10,ABpxpp,-0.584013591533831,-0.7497550327954213,global,2
PCA,10,ABpxpa,-0.5796821112117443,-0.7155993300773772,global,2
PCA,10,ABpxppp,-0.6493373850349977,-0.5898649876296647,global,3
PCA,10,ABpxppa,-0.6586718170296063,-0.9186173370464216,global,3
PCA,10,ABpxpap,-0.6732352006566763,-0.8348296062664575,global,3
PCA,10,ABpxpaa,-0.7590587904499425,-0.7067911916934727,global,3
PCA,10,ABpxpppp,-0.7555815195129176,-0.6908823857734642,local,4
PCA,10,ABpxpppa,-0.7723630766546449,-0.7854290374508811,local,4
PCA,10,ABpxppap,-0.7520858389560268,-0.5869139211388216,local,4
PCA,10,ABpxppaa,-0.7577013442396198,-0.9215072398900434,local,4
PCA,10,ABpxpaap,-0.7495138299323807,-0.9397156429413484,local,4
PCA,10,ABpxpaaa,-0.7077764515912541,-0.9386130108867912,local,4
PCA,10,ABpxp,-0.6167063025857112,-0.3281614549499037,global,1
PCA,10,ABpxpp,-0.5101785857802601,-0.7510662794796923,global,2
PCA,10,ABpxpa,-0.668397528947931,-0.7323961944781713,global,2
PCA,10,ABpxppp,-0.7405415949767858,-0.548064972648324,global,3
PCA,10,ABpxppa,-0.7131793355338646,-0.8913452614637957,global,3
PCA,10,ABpxpap,-0.6913013283729528,-0.8392468303051115,global,3
PCA,10,ABpxpaa,-0.6948481854511884,-0.7350609635716789,global,3
PCA,10,ABpxpppp,-0.7823729730992167,-0.7106782184038439,local,4
PCA,10,ABpxpppa,-0.7927822354470406,-0.7860687127919725,local,4
PCA,10,ABpxppap,-0.742919216216919,-0.6277974266571726,local,4
PCA,10,ABpxppaa,-0.7427928817237921,-0.9027099651478252,local,4
PCA,10,ABpxpaap,-0.7395118338591631,-0.9497997115904595,local,4
PCA,10,ABpxpaaa,-0.7499254393120538,-0.9385366924667248,local,4
PCA,10,ABpxp,-0.34216593806637124,-0.1633103728327342,global,1
PCA,10,ABpxpp,-0.63914570477482,-0.7358587193463157,global,2
PCA,10,ABpxpa,-0.7238570355119126,-0.738278154415979,global,2
PCA,10,ABpxppp,-0.6777176892309593,-0.6146721836578201,global,3
PCA,10,ABpxppa,-0.6865423622721714,-0.9056818236124213,global,3
PCA,10,ABpxpap,-0.7235668131491867,-0.846403059800924,global,3
PCA,10,ABpxpaa,-0.7885881490166351,-0.716859720653672,global,3
PCA,10,ABpxpppp,-0.7362329917477383,-0.7127177350986778,local,4
PCA,10,ABpxpppa,-0.7325738886694532,-0.7560530248928383,local,4
PCA,10,ABpxppap,-0.696873761009704,-0.5940243233653058,local,4
PCA,10,ABpxppaa,-0.7307353752999236,-0.9130225331753349,local,4
PCA,10,ABpxpaap,-0.7622775532446835,-0.9471209800986915,local,4
PCA,10,ABpxpaaa,-0.7067681628919201,-0.9345218150041943,local,4
PCA,10,ABpxp,-0.553133149598257,-0.24087017497856486,global,1
PCA,10,ABpxpp,-0.7367715741662311,-0.7227286281365555,global,2
PCA,10,ABpxpa,-0.6068054711310862,-0.7370139532879316,global,2
PCA,10,ABpxppp,-0.7378360810274143,-0.5005640552148383,global,3
PCA,10,ABpxppa,-0.6380525900606124,-0.9014252361488682,global,3
PCA,10,ABpxpap,-0.592004548257414,-0.8004160764093879,global,3
PCA,10,ABpxpaa,-0.689584977895115,-0.7169818523213791,global,3
PCA,10,ABpxpppp,-0.7488648178985485,-0.7243133416195587,local,4
PCA,10,ABpxpppa,-0.7638205318311128,-0.7669243562003919,local,4
PCA,10,ABpxppap,-0.7333739162276558,-0.5712776234739583,local,4
PCA,10,ABpxppaa,-0.7070143708383586,-0.9064747296783455,local,4
PCA,10,ABpxpaap,-0.7442677105126227,-0.9557978226010659,local,4
PCA,10,ABpxpaaa,-0.775077965013284,-0.936660666233464,local,4
PCA,10,ABpxp,-0.4261299944858354,-0.1774880723730353,global,1
PCA,10,ABpxpp,-0.6325649329186597,-0.7097107727130199,global,2
PCA,10,ABpxpa,-0.617909132270893,-0.7531879756601625,global,2
PCA,10,ABpxppp,-0.7072418448866384,-0.5390352163020344,global,3
PCA,10,ABpxppa,-0.6518626630541612,-0.907470676648447,global,3
PCA,10,ABpxpap,-0.7122564957971057,-0.8200827811052115,global,3
PCA,10,ABpxpaa,-0.7954624056867323,-0.6401589432255369,global,3
PCA,10,ABpxpppp,-0.6941141224617561,-0.6901973946425218,local,4
PCA,10,ABpxpppa,-0.7437973983310118,-0.7488422368380862,local,4
PCA,10,ABpxppap,-0.7160098673266168,-0.6164377141903927,local,4
PCA,10,ABpxppaa,-0.7250258393899008,-0.9051838255435528,local,4
PCA,10,ABpxpaap,-0.7144969386906654,-0.9415179387785706,local,4
PCA,10,ABpxpaaa,-0.7447221625794271,-0.9377356933048635,local,4
PCA,10,ABpxp,-0.35055568146917476,-0.06143584089909007,global,1
PCA,10,ABpxpp,-0.5881087369427701,-0.7571164586495571,global,2
PCA,10,ABpxpa,-0.658052740230413,-0.7185677532510386,global,2
PCA,10,ABpxppp,-0.7268847744791747,-0.6322492829334978,global,3
PCA,10,ABpxppa,-0.7365113101896893,-0.910067726604516,global,3
PCA,10,ABpxpap,-0.6746466557514854,-0.8209630910447224,global,3
PCA,10,ABpxpaa,-0.746396066885266,-0.6917017134151148,global,3
PCA,10,ABpxpppp,-0.7248210844997379,-0.7170085898184624,local,4
PCA,10,ABpxpppa,-0.7585412521259327,-0.7569160291647591,local,4
PCA,10,ABpxppap,-0.742856961046671,-0.5934165217101564,local,4
PCA,10,ABpxppaa,-0.7344135100513697,-0.9156571898046749,local,4
PCA,10,ABpxpaap,-0.7079677120270784,-0.9428672077913549,local,4
PCA,10,ABpxpaaa,-0.7316969926789424,-0.9314497539627451,local,4
PCA,10,ABpxp,-0.34253389190362304,-0.2572170091852594,global,1
PCA,10,ABpxpp,-0.6458175419544201,-0.6724553810538825,global,2
PCA,10,ABpxpa,-0.6152954077346554,-0.6091120575749628,global,2
PCA,10,ABpxppp,-0.7250619814000323,-0.5959601795081146,global,3
PCA,10,ABpxppa,-0.6868684627671069,-0.9088244128516546,global,3
PCA,10,ABpxpap,-0.6486111968180296,-0.7952310692831402,global,3
PCA,10,ABpxpaa,-0.7244588430223466,-0.7024388319945367,global,3
PCA,10,ABpxpppp,-0.749218761363472,-0.7437909564793247,local,4
PCA,10,ABpxpppa,-0.7465120312913243,-0.7782462490163923,local,4
PCA,10,ABpxppap,-0.7447990835181446,-0.6052664653180024,local,4
PCA,10,ABpxppaa,-0.7402569262823824,-0.9103065776131206,local,4
PCA,10,ABpxpaap,-0.7754504120573905,-0.9430982407071353,local,4
PCA,10,ABpxpaaa,-0.7494289544063257,-0.9404454133402281,local,4
PCA,10,ABpxp,-0.5963188590359804,-0.4705391177359551,global,1
PCA,10,ABpxpp,-0.607051041086317,-0.7787942960250797,global,2
PCA,10,ABpxpa,-0.7019164366059215,-0.743454326214686,global,2
PCA,10,ABpxppp,-0.7123651186152573,-0.5484493876440573,global,3
PCA,10,ABpxppa,-0.6729014481495299,-0.9068438626394537,global,3
PCA,10,ABpxpap,-0.729519286882737,-0.7912900730404062,global,3
PCA,10,ABpxpaa,-0.7912484594971029,-0.7109335673113067,global,3
UMAP,10,ABpxpppp,-0.12661503853340905,-0.8506345048099375,local,4
UMAP,10,ABpxpppa,-0.7835055760192658,-0.8828331349258925,local,4
UMAP,10,ABpxppap,-0.7430278935187822,-0.9111480601612929,local,4
UMAP,10,ABpxppaa,-0.7654392384704226,-0.8552473774798637,local,4
UMAP,10,ABpxpaap,-0.5809484785108903,-0.9663156058236122,local,4
UMAP,10,ABpxpaaa,-0.604167697898429,-0.9319998829168576,local,4
UMAP,10,ABpxp,-0.7444733182882762,-0.12884521848554928,global,1
UMAP,10,ABpxpp,-0.21309820039491784,-0.012935836341923676,global,2
UMAP,10,ABpxpa,-0.7993822912101535,-0.6899691461565483,global,2
UMAP,10,ABpxppp,-0.7257372865329951,-0.827119197198737,global,3
UMAP,10,ABpxppa,-0.6433523784929464,-0.9142762443949298,global,3
UMAP,10,ABpxpap,-0.8016422425362045,-0.8561974697511652,global,3
UMAP,10,ABpxpaa,-0.5019780855052266,-0.5097920532764386,global,3
UMAP,10,ABpxpppp,-0.5928954108680179,-0.8955094244924326,local,4
UMAP,10,ABpxpppa,-0.7858224248545618,-0.8582293547990517,local,4
UMAP,10,ABpxppap,-0.7560592192478728,-0.9202714535125591,local,4
UMAP,10,ABpxppaa,-0.708600424798566,-0.8435741972946569,local,4
UMAP,10,ABpxpaap,-0.6981833044885255,-0.9610893596294579,local,4
UMAP,10,ABpxpaaa,-0.6304946094678077,-0.9463046392971267,local,4
UMAP,10,ABpxp,-0.7621428287367409,-0.2867928618839833,global,1
UMAP,10,ABpxpp,-0.4306851228025299,-0.7456955757620789,global,2
UMAP,10,ABpxpa,-0.9249784452959499,-0.8371572494656515,global,2
UMAP,10,ABpxppp,-0.6793155782963272,-0.8378057572728768,global,3
UMAP,10,ABpxppa,-0.6578548796664268,-0.9012759238715967,global,3
UMAP,10,ABpxpap,-0.5919172865763657,-0.7566380720006838,global,3
UMAP,10,ABpxpaa,-0.7178651127383189,-0.42635562929314547,global,3
UMAP,10,ABpxpppp,-0.5477762798074112,-0.8931632284507868,local,4
UMAP,10,ABpxpppa,-0.5247765561043207,-0.7400789315914535,local,4
UMAP,10,ABpxppap,-0.7349763770306242,-0.9108131862135516,local,4
UMAP,10,ABpxppaa,-0.33154201468095085,-0.6254298808889704,local,4
UMAP,10,ABpxpaap,-0.6779509972898579,-0.8445679971457565,local,4
UMAP,10,ABpxpaaa,-0.5399941205042992,-0.9557609273973076,local,4
UMAP,10,ABpxp,-0.5306103274531686,-0.3135790947804165,global,1
UMAP,10,ABpxpp,-0.7821828774384116,-0.4572747107107254,global,2
UMAP,10,ABpxpa,-0.9048653727948878,-0.8389577046868358,global,2
UMAP,10,ABpxppp,-0.5995681700310642,-0.39749642824601633,global,3
UMAP,10,ABpxppa,-0.6413706479244314,-0.6836654857045243,global,3
UMAP,10,ABpxpap,-0.5427281957791793,-0.755597829072865,global,3
UMAP,10,ABpxpaa,-0.5642123430134155,-0.6571814894457739,global,3
UMAP,10,ABpxpppp,-0.4522485753495329,-0.68559877471064,local,4
UMAP,10,ABpxpppa,-0.6757275736478279,-0.730648053969038,local,4
UMAP,10,ABpxppap,-0.7837934874286578,-0.9152701016902004,local,4
UMAP,10,ABpxppaa,-0.18973026770249588,-0.6020540354264664,local,4
UMAP,10,ABpxpaap,-0.35817650080936203,-0.9702690256910451,local,4
UMAP,10,ABpxpaaa,-0.6232215275027364,-0.9585558386759085,local,4
UMAP,10,ABpxp,-0.7000435227152181,-0.4790515181921651,global,1
UMAP,10,ABpxpp,-0.7657868943260807,-0.794729616432263,global,2
UMAP,10,ABpxpa,-0.7883213296024217,-0.6694511599815486,global,2
UMAP,10,ABpxppp,-0.7289658911597505,-0.8435750582137556,global,3
UMAP,10,ABpxppa,-0.6684891290834412,-0.9097865812158656,global,3
UMAP,10,ABpxpap,-0.504185833601372,-0.6763105096650804,global,3
UMAP,10,ABpxpaa,-0.6068046323541842,-0.6287199464345171,global,3
UMAP,10,ABpxpppp,-0.5126398009266434,-0.8015011659625074,local,4
UMAP,10,ABpxpppa,-0.6089060411346339,-0.699109703110583,local,4
UMAP,10,ABpxppap,-0.7842508158908428,-0.9277618304186436,local,4
UMAP,10,ABpxppaa,-0.3709733538048292,-0.410017680506413,local,4
UMAP,10,ABpxpaap,-0.60803983536144,-0.9648108559390814,local,4
UMAP,10,ABpxpaaa,-0.42045604594371017,-0.9668878480957996,local,4
UMAP,10,ABpxp,-0.7770826854176847,-0.52946927824107,global,1
UMAP,10,ABpxpp,-0.6428678991363976,-0.7786432937305052,global,2
UMAP,10,ABpxpa,-0.8759773595923425,-0.615465802968779,global,2
UMAP,10,ABpxppp,-0.5162006823648901,-0.48203884943040776,global,3
UMAP,10,ABpxppa,-0.6098594553680611,-0.8977094277876284,global,3
UMAP,10,ABpxpap,-0.4958416721705025,-0.4215613363352094,global,3
UMAP,10,ABpxpaa,-0.6495967160748866,-0.5905604629314939,global,3
UMAP,10,ABpxpppp,-0.2183323217827965,-0.8086762844482551,local,4
UMAP,10,ABpxpppa,-0.540063822298028,-0.6939973148702899,local,4
UMAP,10,ABpxppap,-0.6556277443783686,-0.925066013612836,local,4
UMAP,10,ABpxppaa,-0.6222176038715345,-0.6552266900997133,local,4
UMAP,10,ABpxpaap,-0.7721139368387773,-0.978361798057726,local,4
UMAP,10,ABpxpaaa,-0.6593797199939734,-0.9646721302049156,local,4
UMAP,10,ABpxp,-0.3923489119973261,-0.4823758964442109,global,1
UMAP,10,ABpxpp,-0.8285056449754067,-0.7448941781955813,global,2
UMAP,10,ABpxpa,-0.9132602893422045,-0.8065864588031184,global,2
UMAP,10,ABpxppp,-0.7937302965184598,-0.8710812934814205,global,3
UMAP,10,ABpxppa,-0.7317298380434273,-0.9170310200273692,global,3
UMAP,10,ABpxpap,-0.5890933449788058,-0.8326850286979626,global,3
UMAP,10,ABpxpaa,-0.7240234450137705,-0.7205324118257742,global,3
UMAP,10,ABpxpppp,-0.5435630082576691,-0.8825920477116899,local,4
UMAP,10,ABpxpppa,-0.6648096916423579,-0.69350640473749,local,4
UMAP,10,ABpxppap,-0.6775339931876496,-0.9099980256748257,local,4
UMAP,10,ABpxppaa,-0.47125296172284736,-0.5693087328449946,local,4
UMAP,10,ABpxpaap,-0.5122931756672877,-0.843888028080877,local,4
UMAP,10,ABpxpaaa,-0.6681450481177611,-0.9553578374203533,local,4
UMAP,10,ABpxp,-0.4598128382347123,-0.2195725586709504,global,1
UMAP,10,ABpxpp,-0.19380231342832693,-0.20104427444923978,global,2
UMAP,10,ABpxpa,-0.7702920265000173,-0.5174342851628756,global,2
UMAP,10,ABpxppp,-0.32055066183093756,-0.4337156893451436,global,3
UMAP,10,ABpxppa,-0.5203758314655301,-0.5951131094412896,global,3
UMAP,10,ABpxpap,-0.7040295968898526,-0.7624524028522569,global,3
UMAP,10,ABpxpaa,-0.5966414846307653,-0.6117292681012233,global,3
UMAP,10,ABpxpppp,-0.4862902189850578,-0.8615853670195464,local,4
UMAP,10,ABpxpppa,-0.45211548665435897,-0.6808266040557265,local,4
UMAP,10,ABpxppap,-0.6317214662079955,-0.8521962315166345,local,4
UMAP,10,ABpxppaa,-0.7015794179966142,-0.660945807139852,local,4
UMAP,10,ABpxpaap,-0.660851013553673,-0.9644654748504395,local,4
UMAP,10,ABpxpaaa,-0.3115357036635596,-0.9431265610969926,local,4
UMAP,10,ABpxp,-0.7250224078034482,-0.25381616895925513,global,1
UMAP,10,ABpxpp,-0.2526611597486918,-0.278363337881773,global,2
UMAP,10,ABpxpa,-0.888903852807655,-0.6816947920527469,global,2
UMAP,10,ABpxppp,-0.42391367144010106,-0.46206903547136824,global,3
UMAP,10,ABpxppa,-0.7097459364282053,-0.9131266044911394,global,3
UMAP,10,ABpxpap,-0.48549730866977836,-0.9015465194493194,global,3
UMAP,10,ABpxpaa,-0.6025100527523465,-0.5282489618345942,global,3
UMAP,10,ABpxpppp,-0.5566232773667643,-0.8652162108773996,local,4
UMAP,10,ABpxpppa,-0.6318587326201467,-0.6505160034629464,local,4
UMAP,10,ABpxppap,-0.7588273697677226,-0.9095967741671198,local,4
UMAP,10,ABpxppaa,-0.47786604268833366,-0.6864356528429031,local,4
UMAP,10,ABpxpaap,-0.7921987071432677,-0.9742974638022726,local,4
UMAP,10,ABpxpaaa,-0.6698876808883889,-0.9574462449981556,local,4
UMAP,10,ABpxp,-0.7980902388307293,-0.2901262433072065,global,1
UMAP,10,ABpxpp,-0.8300597340595239,-0.806882333619443,global,2
UMAP,10,ABpxpa,-0.7768367170092674,-0.724522007591178,global,2
UMAP,10,ABpxppp,-0.5009732878349649,-0.48770991548122666,global,3
UMAP,10,ABpxppa,-0.6160253770524178,-0.688284463805387,global,3
UMAP,10,ABpxpap,-0.7730431396151621,-0.6869302259348685,global,3
UMAP,10,ABpxpaa,-0.6240419858696654,-0.7159753725286984,global,3
UMAP,10,ABpxpppp,-0.5687178635482405,-0.8660963453875725,local,4
UMAP,10,ABpxpppa,-0.4051583067243905,-0.6352678173876292,local,4
UMAP,10,ABpxppap,-0.7304210573699698,-0.9210689172773369,local,4
UMAP,10,ABpxppaa,-0.7172603962969211,-0.6998966360877791,local,4
UMAP,10,ABpxpaap,-0.5564647082429754,-0.9665835133312453,local,4
UMAP,10,ABpxpaaa,-0.596804842490805,-0.9700836069118615,local,4
UMAP,10,ABpxp,-0.769866658443906,-0.3470228596169828,global,1
UMAP,10,ABpxpp,-0.6726573317866344,-0.7930414426970327,global,2
UMAP,10,ABpxpa,-0.7477396397733441,-0.6070866599065609,global,2
UMAP,10,ABpxppp,-0.7208088765475464,-0.8404366644016957,global,3
UMAP,10,ABpxppa,-0.534533550234363,-0.6799141742060572,global,3
UMAP,10,ABpxpap,-0.5658982656343438,-0.7462766845135903,global,3
UMAP,10,ABpxpaa,-0.5389334946613784,-0.5058771566454368,global,3
UMAP,10,ABpxpppp,-0.2041845947865224,-0.8434108916930313,local,4
UMAP,10,ABpxpppa,-0.6869440099614313,-0.699436129044029,local,4
UMAP,10,ABpxppap,-0.7498094664382207,-0.9231336290217504,local,4
UMAP,10,ABpxppaa,-0.4756010895571004,-0.3640669343053228,local,4
UMAP,10,ABpxpaap,-0.5949152431393059,-0.962309815269031,local,4
UMAP,10,ABpxpaaa,-0.6816129229244278,-0.9629021421045434,local,4
UMAP,10,ABpxp,-0.7116527468654312,-0.18744579464538194,global,1
UMAP,10,ABpxpp,-0.27710326873505403,-0.7504582196375339,global,2
UMAP,10,ABpxpa,-0.7236236391119498,-0.6603824549697426,global,2
UMAP,10,ABpxppp,-0.7478211259037972,-0.8225121606432346,global,3
UMAP,10,ABpxppa,-0.705732693322648,-0.9164827210220097,global,3
UMAP,10,ABpxpap,-0.4879437867219019,-0.7422534465926678,global,3
UMAP,10,ABpxpaa,-0.7736257556212899,-0.6002437463574417,global,3
UMAP,10,ABpxpppp,-0.5698150806749105,-0.8926828612789639,local,4
UMAP,10,ABpxpppa,-0.7011483463240387,-0.7982844587256609,local,4
UMAP,10,ABpxppap,-0.77749712583818,-0.931714319857843,local,4
UMAP,10,ABpxppaa,-0.6618335959719502,-0.86799663164893,local,4
UMAP,10,ABpxpaap,-0.618613176919059,-0.9617811146709894,local,4
UMAP,10,ABpxpaaa,-0.6410818005130952,-0.9608063538876876,local,4
UMAP,10,ABpxp,-0.6683580347658269,-0.2522601204140194,global,1
UMAP,10,ABpxpp,-0.5329811914899396,-0.4484473274800229,global,2
UMAP,10,ABpxpa,-0.8894371024646189,-0.7434437656147679,global,2
UMAP,10,ABpxppp,-0.7406829167612158,-0.8184072703062802,global,3
UMAP,10,ABpxppa,-0.6428708226815901,-0.600601434771349,global,3
UMAP,10,ABpxpap,-0.40338273121438867,-0.5529045184139784,global,3
UMAP,10,ABpxpaa,-0.7271758057597217,-0.5747919271907588,global,3
UMAP,10,ABpxpppp,-0.5390614333587209,-0.8732920401595495,local,4
UMAP,10,ABpxpppa,-0.7395766898723958,-0.8328440654147419,local,4
UMAP,10,ABpxppap,-0.7565613838954044,-0.9197509071451224,local,4
UMAP,10,ABpxppaa,-0.6383904684063318,-0.5087941862608816,local,4
UMAP,10,ABpxpaap,-0.7946828655584874,-0.974419577033157,local,4
UMAP,10,ABpxpaaa,-0.6252360439237579,-0.970722397966292,local,4
UMAP,10,ABpxp,-0.5231512595678232,-0.28426775418195327,global,1
UMAP,10,ABpxpp,-0.7573021476931767,-0.679333713155737,global,2
UMAP,10,ABpxpa,-0.8595066404727866,-0.7879998730405845,global,2
UMAP,10,ABpxppp,-0.7039648189345913,-0.8558421524904154,global,3
UMAP,10,ABpxppa,-0.6468149906276651,-0.9259286535881281,global,3
UMAP,10,ABpxpap,-0.8196312942683684,-0.7396546249561415,global,3
UMAP,10,ABpxpaa,-0.7996182428545718,-0.7780004504345487,global,3
UMAP,10,ABpxpppp,-0.6126051438223463,-0.8803624145326058,local,4
UMAP,10,ABpxpppa,-0.6759757851427586,-0.670603426514957,local,4
UMAP,10,ABpxppap,-0.6204973778962216,-0.887216179372459,local,4
UMAP,10,ABpxppaa,-0.7000393456604602,-0.8739317524141975,local,4
UMAP,10,ABpxpaap,-0.4470407379279646,-0.9668140981311799,local,4
UMAP,10,ABpxpaaa,-0.6698764035692618,-0.9655229062843826,local,4
UMAP,10,ABpxp,-0.7157249165071528,-0.47118751700412254,global,1
UMAP,10,ABpxpp,-0.1908875985659403,-0.18054325687055006,global,2
UMAP,10,ABpxpa,-0.783086551327326,-0.7945057299772043,global,2
UMAP,10,ABpxppp,-0.625858914467245,-0.5220719782198504,global,3
UMAP,10,ABpxppa,-0.7464802072026071,-0.9082693306808105,global,3
UMAP,10,ABpxpap,-0.6145980449301811,-0.821120189329113,global,3
UMAP,10,ABpxpaa,-0.709135231189235,-0.6536441447808891,global,3
UMAP,10,ABpxpppp,-0.27657656993816054,-0.8889713239740652,local,4
UMAP,10,ABpxpppa,-0.5645418620061086,-0.5797916211389275,local,4
UMAP,10,ABpxppap,-0.6323839786805663,-0.8079441659977766,local,4
UMAP,10,ABpxppaa,-0.7416970004082025,-0.8461815041631406,local,4
UMAP,10,ABpxpaap,-0.5785176398370939,-0.9591615249770737,local,4
UMAP,10,ABpxpaaa,-0.4488077865959377,-0.9612838029495863,local,4
UMAP,10,ABpxp,-0.7276320889658147,-0.2329945875012281,global,1
UMAP,10,ABpxpp,-0.22661853487856878,-0.6821939346679253,global,2
UMAP,10,ABpxpa,-0.5698288242017894,-0.5664074016673435,global,2
UMAP,10,ABpxppp,-0.4715393118041291,-0.5161712037185869,global,3
UMAP,10,ABpxppa,-0.6767804218577758,-0.8933756755990793,global,3
UMAP,10,ABpxpap,-0.7179339857522201,-0.7832870192092506,global,3
UMAP,10,ABpxpaa,-0.7144387357535082,-0.7399614615344084,global,3
UMAP,10,ABpxpppp,-0.3095260583321633,-0.7481857290221003,local,4
UMAP,10,ABpxpppa,-0.847880258261274,-0.8856592554229302,local,4
UMAP,10,ABpxppap,-0.7160100070852764,-0.9193757537152856,local,4
UMAP,10,ABpxppaa,-0.722180400004456,-0.6375016920745687,local,4
UMAP,10,ABpxpaap,-0.5503096788435615,-0.9613435127981064,local,4
UMAP,10,ABpxpaaa,-0.47656137821687616,-0.9618282956273035,local,4
UMAP,10,ABpxp,-0.7568261420192323,-0.32424926933344506,global,1
UMAP,10,ABpxpp,-0.49461668567821826,0.011841699709662576,global,2
UMAP,10,ABpxpa,-0.8722330133200287,-0.781174939304115,global,2
UMAP,10,ABpxppp,-0.5800603505717947,-0.8503969613060735,global,3
UMAP,10,ABpxppa,-0.6925577967935709,-0.9088082890863822,global,3
UMAP,10,ABpxpap,-0.3825351773408076,-0.7946602380995852,global,3
UMAP,10,ABpxpaa,-0.6115661076091592,-0.5804272784299812,global,3
UMAP,10,ABpxpppp,-0.279826853702924,-0.8644494888787106,local,4
UMAP,10,ABpxpppa,-0.6256834996814015,-0.7776715308907441,local,4
UMAP,10,ABpxppap,-0.7482197148966447,-0.904556448046068,local,4
UMAP,10,ABpxppaa,-0.5419095631556462,-0.5081931423922583,local,4
UMAP,10,ABpxpaap,-0.5074952705994952,-0.8669355635309854,local,4
UMAP,10,ABpxpaaa,-0.8026004207141304,-0.9304118282471948,local,4
UMAP,10,ABpxp,-0.42150206456730577,-0.380188727998393,global,1
UMAP,10,ABpxpp,-0.5830949833232619,-0.0038460204796526495,global,2
UMAP,10,ABpxpa,-0.7775096411965203,-0.7013899661225359,global,2
UMAP,10,ABpxppp,-0.530101392026255,-0.8541099316010332,global,3
UMAP,10,ABpxppa,-0.651823912246787,-0.8981492801104829,global,3
UMAP,10,ABpxpap,-0.7377041192878895,-0.8308730103521867,global,3
UMAP,10,ABpxpaa,-0.6955047266809221,-0.7245871853688556,global,3
UMAP,10,ABpxpppp,-0.508773110785446,-0.8575750268325957,local,4
UMAP,10,ABpxpppa,-0.8061566255936606,-0.8851687859278207,local,4
UMAP,10,ABpxppap,-0.7435662744325682,-0.9114719746945856,local,4
UMAP,10,ABpxppaa,-0.7694046119614969,-0.8692810667877344,local,4
UMAP,10,ABpxpaap,-0.7577532663947786,-0.9756260803917193,local,4
UMAP,10,ABpxpaaa,-0.5743270628999095,-0.9539472253089105,local,4
UMAP,10,ABpxp,-0.5703646816806734,-0.2719783338382326,global,1
UMAP,10,ABpxpp,-0.741227878917756,-0.7173816991992026,global,2
UMAP,10,ABpxpa,-0.9008128274905903,-0.7838593742881695,global,2
UMAP,10,ABpxppp,-0.6050652351928958,-0.49573803338741074,global,3
UMAP,10,ABpxppa,-0.2967647636395059,-0.7216252984408146,global,3
UMAP,10,ABpxpap,-0.6309419081903594,-0.7571789382687795,global,3
UMAP,10,ABpxpaa,-0.6892876932996793,-0.5326872249804869,global,3
UMAP,10,ABpxpppp,-0.1435804014814018,-0.8379141511282617,local,4
UMAP,10,ABpxpppa,-0.5097049644272443,-0.6636071854234126,local,4
UMAP,10,ABpxppap,-0.6352864719732546,-0.7774066457982733,local,4
UMAP,10,ABpxppaa,-0.6499431216586034,-0.8397605519220096,local,4
UMAP,10,ABpxpaap,-0.4937006861601754,-0.7943067592526012,local,4
UMAP,10,ABpxpaaa,-0.638100869092726,-0.9534146819586744,local,4
UMAP,10,ABpxp,-0.7240375211290918,-0.2903448491235939,global,1
UMAP,10,ABpxpp,-0.7352246752506731,-0.7553981919729631,global,2
UMAP,10,ABpxpa,-0.6548233776642911,-0.6135589836117725,global,2
UMAP,10,ABpxppp,-0.7195267285496325,-0.8414086839041269,global,3
UMAP,10,ABpxppa,-0.7262735229524606,-0.8970034023732738,global,3
UMAP,10,ABpxpap,-0.5937606584009681,-0.8220440504443925,global,3
UMAP,10,ABpxpaa,-0.7865350235411742,-0.7730995212942907,global,3
UMAP,10,ABpxpppp,-0.5671422294071945,-0.8524048073316295,local,4
UMAP,10,ABpxpppa,-0.7705448269626335,-0.8796320011518991,local,4
UMAP,10,ABpxppap,-0.7211984975572294,-0.835746350873837,local,4
UMAP,10,ABpxppaa,-0.7081711592506906,-0.873503381315707,local,4
UMAP,10,ABpxpaap,-0.6830390313141914,-0.9622840052564079,local,4
UMAP,10,ABpxpaaa,-0.4911651375861289,-0.9565797340534667,local,4
UMAP,10,ABpxp,-0.6471309831350366,-0.30720457045154426,global,1
UMAP,10,ABpxpp,-0.35795759168244057,-0.5593178355718931,global,2
UMAP,10,ABpxpa,-0.8634834520927945,-0.6667834018994713,global,2
UMAP,10,ABpxppp,-0.4623165798211091,-0.4122205991795399,global,3
UMAP,10,ABpxppa,-0.6544977339227954,-0.9087727401763922,global,3
UMAP,10,ABpxpap,-0.5850879640956612,-0.8566554714622315,global,3
UMAP,10,ABpxpaa,-0.6975642488626529,-0.6145561552585773,global,3
