4.725418758029899051e-04 -8.872574221903066494e-03
-2.140851730614362972e-02 1.437126049285542169e-03
3.628146013566853345e-02 8.520558456298378547e-03
-1.844965954248242723e-02 3.572794275624971427e-03
3.868124170034347581e-02 1.061556360985509151e-02
-1.405689856632450808e-02 -2.432011435976775063e-03
1.357859866794494143e-02 -7.807707003482740674e-03
8.581556342117714967e-03 -8.742670789716397439e-03
7.726333405156700883e-03 -9.091210136881704498e-03
3.867363401094172509e-02 1.099731609388296047e-02
2.131609513408256815e-02 -4.085825765889145034e-03
-1.439398423694314769e-02 -1.256815566838783912e-03
-1.850697301230035813e-02 -3.200350285369125600e-04
-1.835004005239511057e-02 -5.710185010796589534e-04
3.179748261046472235e-02 4.123323131281175953e-03
-8.176160419964160694e-03 -4.758584132874465501e-03
3.009206510623636463e-02 2.547138134107719293e-03
3.227381650838097998e-02 4.389902979510968209e-03
3.691251114684920148e-02 8.767455928573609017e-03
-7.713964228994048787e-03 -3.294184086629201990e-03
6.190409566835133534e-03 -9.445881355437920138e-03
-1.530331992369529139e-02 -1.874803819524451529e-03
-4.388758590000168928e-03 -7.624298814632742179e-03
-1.432524123316968566e-02 -2.358160251198430750e-03
-1.777546572026007451e-02 -3.101486642971795467e-04
-2.057286817383700492e-02 5.517972923997437051e-03
2.356317097952685333e-02 -2.398415677661215866e-03
-1.322364862158938344e-02 -3.160277522466951611e-03
-1.667184411994634269e-02 1.085524600693689055e-03
2.677120352602757256e-02 -4.294214978196187463e-05
3.160264953918458242e-02 3.751758021546613454e-03
2.251235245639102503e-02 -3.086671147293275699e-03
1.112996216027157918e-02 -8.384123358253583319e-03
1.752810709849275672e-02 -6.186683266498788428e-03
-1.921699201997879511e-02 -7.747714023394723388e-04
4.924565526548526501e-02 2.439327502649236978e-02
4.015088737948929731e-02 1.224601125745452754e-02
1.019183696014754580e-02 -8.848715489492935821e-03
-1.886486519826233860e-02 4.463704247347642130e-03
1.888243316905951000e-02 -5.316194077823509570e-03
3.047230715341004911e-02 3.040475780114069645e-03
-1.976496245398747312e-02 -3.657577461552478058e-04
-1.875315365556652278e-02 -1.214239837555197493e-03
-1.304893098751664683e-02 -3.441937603242178813e-03
3.903537700719975079e-02 1.112710485208429426e-02
-2.342737648657363184e-02 1.380023515656635200e-03
1.772184217809300022e-02 -5.841317660631415408e-03
2.546689723425608551e-02 -9.365738737132522527e-04
-1.085003324591550695e-02 -4.442802221683843193e-03
3.158412115065346859e-02 3.862782447384651395e-03
-1.749337148727839533e-02 -1.237786753563760271e-03
-1.869575474392170741e-02 3.299304152600046180e-03
1.347470684213747730e-02 -7.863176558872515473e-03
-2.497147465820939022e-02 2.361034868495254235e-02
2.828428023200357105e-02 1.004003310102965932e-03
2.469599842550731714e-02 -1.704647122529870905e-03
2.127795799317727665e-02 -3.973912681996983644e-03
-2.100842890267918053e-02 6.433253760653171631e-04
3.660555729814608805e-02 8.548701065788333678e-03
-2.239857564218025385e-02 8.923753261229666785e-04
3.678059571980149545e-02 8.865665794445564893e-03
-2.660498147925237714e-02 3.053902478012890387e-03
-2.229552162410506494e-02 1.001649387853579621e-03
-2.413695266687168606e-02 2.079494599907446509e-03
9.352051469891633963e-04 -9.317823584848847554e-03
1.033777936335069508e-02 -8.828237161189989371e-03
6.538148975113133551e-06 -9.014452156244957132e-03
-2.039542792498920398e-02 -2.667570888863923404e-04
-1.194698457604835215e-02 -4.118705849498917673e-03
9.138700277724497081e-04 -9.244757764220967039e-03
9.671335873516401227e-03 -8.894509082433305069e-03
1.109718263867535970e-02 -8.545743602395362501e-03
-1.799273494765868051e-02 4.134494121982677274e-03
2.460558232212190985e-02 -1.737282771867154976e-03
-2.091600687814490489e-02 7.577774980375527950e-03
-2.223078696874800086e-02 8.489644676001205717e-03
2.665399779653011142e-02 -1.864510007213413564e-04
3.129523110864991520e-02 3.932262058052117537e-03
2.499112630014371089e-02 -1.388054396654112010e-03
-2.152458226617020784e-02 3.134841817141405837e-04
-1.387631152784111165e-02 -2.768662361031565614e-03
-1.425529006863920922e-02 -2.759188590557461098e-03
-1.731104871817204863e-02 2.129522762232894002e-03
1.623602580245471147e-02 -6.599381802046193866e-03
5.986827843633652857e-04 -8.973210546658377113e-03
1.117164582252863029e-03 -9.269902459585390581e-03
1.995902131911250765e-02 -4.851644533767367554e-03
5.100707588013677143e-03 -9.418627686882582659e-03
3.609879921795196289e-02 8.415163998850604468e-03
4.822140225621825843e-03 -9.372632103880996352e-03
-1.387368606674089719e-02 -3.028171685326041217e-03
2.912360480243772476e-02 1.780668089915859271e-03
-8.183504541720390199e-03 -5.774243282215649371e-03
3.412513240698149611e-03 -9.703104699406887163e-03
1.938437516666280608e-03 -9.462375150009942268e-03
-1.991599099202307280e-02 1.081482813261510582e-03
-2.073450874655818552e-02 1.693816667296670292e-03
-2.011047941272908063e-02 -3.676396072999127320e-04
2.699391882224957961e-02 1.711415868611839775e-04
3.426253383105953149e-02 6.459334223758401300e-03
-2.337955346458476039e-02 1.581911534758282008e-03
4.615732124288984828e-02 1.970454007706069419e-02
-2.278415911921147230e-02 1.444188342431998668e-03
-2.233569005990237999e-02 1.389284832916530196e-03
2.720489731285461593e-02 2.209878538019400000e-04
5.548054780208924557e-03 -9.568789688029761056e-03
3.320292042096624485e-02 5.468939576171219161e-03
6.670767279336497699e-03 -9.410206031972706553e-03
3.063898035536339812e-02 3.003870250338502162e-03
-1.942001286883069180e-02 -2.266742820668371777e-04
-2.002681650125947427e-02 -6.829278538237389812e-04
3.865676976108625706e-02 1.078229565828823025e-02
1.855090364673432396e-04 -9.078201344023435759e-03
2.852047596004796820e-02 1.328240996979146438e-03
-9.799501455412383544e-03 -5.242402144967395032e-03
-1.076467437469386026e-03 -9.259963266434544094e-03
3.217466330336118951e-02 4.344624934311642865e-03
-2.017108363949459554e-02 6.846426405853344929e-03
-2.589699119836395488e-02 3.326642915043048071e-02
-1.767126852562255282e-02 -7.090923380126698625e-04
1.400667833754379310e-02 -7.723768095163513134e-03
8.776737148224222559e-03 -9.093882643864835760e-03
3.036050649719852432e-02 2.802991571834004530e-03
2.291179069998967519e-02 -2.733824900667050639e-03
2.765928198440915572e-02 5.770507687076054494e-04
2.885524705911273607e-02 1.570012798848757080e-03
1.970136422228507128e-02 -5.014542208594599364e-03
-2.294318899728679459e-02 9.949309627224221710e-04
1.545430260241386321e-02 -7.029789842940219191e-03
-2.095828684554458532e-02 6.930210233988694755e-04
1.490949487566896499e-02 -7.396966562752839598e-03
3.209468540721084617e-02 4.376479644567681307e-03
-2.001321755936689636e-02 6.235103120576343701e-03
3.930332141056901846e-02 1.132802079313344895e-02
-1.865397334689605779e-02 -4.462027069817153390e-04
-1.851222595747315999e-02 3.991601134271894821e-03
3.240786003715074443e-02 4.632021808763480721e-03
3.737935925211036819e-02 9.327976414069532110e-03
2.022429925924749614e-02 -4.637053584731888264e-03
-1.978464342710645196e-02 2.596532862122930175e-05
2.533453956043667937e-02 -9.409727311046982550e-04
-2.599423498313014128e-02 1.477436137074729025e-02
-2.057032802067700755e-02 -6.456930538206659680e-05
-1.800172501466723585e-02 -2.932477769957220551e-04
-2.699996087987158525e-02 2.963156549053345967e-03
2.823587142014454335e-02 1.090643615868691413e-03
-1.850442822687788785e-02 -5.834187803010478190e-05
5.114661439688080380e-04 -9.178598908663701192e-03
-1.283916390248213829e-02 -3.547387779319209362e-03
-1.801183364692440780e-02 3.081817716853212574e-04
1.121544908049192622e-02 -8.520373423615428682e-03
-1.234723677630597885e-02 -3.494255843980059381e-03
-1.803882784501226189e-02 3.343413670883130673e-03
-2.114584772247433270e-02 7.462733505699838382e-04
-2.103877027086810056e-02 7.553139375943339340e-03
-1.361315629137863775e-02 -3.457474983359169578e-03
-6.129102579330965132e-03 -7.135084611094208960e-03
5.329699992809802493e-03 -9.371431433938483616e-03
-2.011620739396821622e-02 5.258380836035611398e-03
1.923197979579701136e-02 -5.120287032615606672e-03
-1.816118875595038387e-02 3.859465081291035826e-03
-1.597841744050063073e-02 -5.594750127031089971e-04
-1.767257129921490783e-02 -7.673681824894019966e-04
-2.078127580112253125e-02 7.539685533822870420e-03
-7.747750416404908681e-04 -8.669475727507987284e-03
1.852519228447391383e-03 -8.871306698166200877e-03
-1.781891210789073726e-02 -8.772479355418173535e-04
-2.419438333109883744e-03 -8.195534406011426715e-03
2.722219430116831415e-02 2.608101552636485007e-04
-2.338973582855600683e-02 1.269881582755195710e-03
-2.045022696237664209e-02 6.289597592540373608e-04
1.776367778859334196e-02 -6.014133715044580469e-03
7.640095962865364222e-03 -9.165901533191874936e-03
-1.491585218529852680e-02 -2.104056108109587670e-03
-1.558199528318634369e-02 -4.750757834842586321e-04
-7.585254166615376485e-03 -6.279369227242303023e-03
1.266064945901474456e-03 -9.149680537279802559e-03
1.201411762576528458e-02 -8.174336891263241089e-03
-1.919723904100454487e-02 1.055530770495059870e-04
3.566462108570168238e-02 7.600012831852811200e-03
8.311587785759015634e-03 -8.985141960724802104e-03
-1.749406405336295309e-02 -1.191223798667573282e-04
2.337121732445297459e-02 -2.493054402834604406e-03
-2.145484591822597459e-02 1.302257058254348851e-03
-2.122024772424092182e-02 3.645373494621797876e-03
-5.606602822406147983e-03 -7.262473820032226343e-03
3.627258559080458883e-02 8.126352899366764970e-03
-1.737447627044993309e-02 1.002713658389554809e-03
-9.362931497208184031e-03 -3.717939722236682752e-03
-1.370682237931836536e-02 -3.084932858218386413e-03
3.728477042036056066e-02 9.494119455603392335e-03
3.415984934883714661e-03 -9.330891401213058448e-03
-1.773509613925663281e-02 3.555303486495523229e-03
-2.015166595722576656e-02 4.047990935851849582e-03
-2.242035957666622600e-02 1.011949696536401308e-03
1.202436052559321435e-02 -8.258265301196289140e-03
2.801217957472187589e-02 8.508253993089406626e-04
-2.070223203976990015e-02 3.292153305707210768e-04
-1.128768735694385059e-02 -4.750679412453784507e-03
-1.127419869426884297e-02 -4.425873822776344758e-03
-3.838128393205873790e-03 -7.591626207142215463e-03
7.680433744766456371e-03 -9.182547970661841807e-03
3.170488325926633377e-02 3.956712187988077611e-03
3.247794967695216695e-02 5.165647046284170714e-03
3.765411427213598283e-02 9.768910082960102770e-03
-2.214387481632617075e-02 2.603338411898267410e-03
1.186530236840186922e-02 -8.403112325893715567e-03
2.621926701421735395e-02 -6.136915659164708875e-04
1.626566696129406672e-02 -6.758352296763676589e-03
5.673098075803804756e-03 -9.076494208727874449e-03
2.783537632947816892e-02 6.970903643635399183e-04
2.979175157206515392e-02 2.394320687968851721e-03
-1.930749539704806894e-02 1.959949765629528853e-03
2.916902732000610857e-02 2.074037653852513294e-03
-1.913538390418065976e-02 1.117064816786070497e-03
-1.988788548011479612e-02 2.017271759689010326e-04
4.144272260756442540e-03 -9.367140675524174287e-03
-1.967653017947180658e-02 5.042748779739754210e-03
1.730576919203721462e-02 -6.056129303503732068e-03
2.513912954269073574e-02 -1.334434298451415285e-03
-1.183853424941689464e-02 -3.389588102153433518e-03
-1.976766182806539637e-02 2.021689888560042510e-03
3.479198142477573502e-02 6.990197352506995893e-03
-1.881440139190927383e-02 2.482959175778616783e-03
-2.138156259064007830e-02 4.467380005327369584e-04
1.682146018013548974e-02 -6.403765386599518522e-03
-1.815795979258024578e-02 2.975088067637153121e-03
-2.158784629628336324e-02 7.617242814678788602e-03
-2.713532145274638249e-02 3.287084018636381513e-03
-1.659038645523869954e-02 -5.369772576092042646e-04
2.309689811478612270e-02 -2.719101992794335700e-03
1.786901203977125582e-02 -6.044214950212048812e-03
-1.775856755284842270e-02 -9.331238004302968084e-04
2.617280586459103803e-02 -5.994949012464963808e-04
4.007256150262841071e-03 -9.549108577883625229e-03
-2.633034229798108736e-02 1.471240992623492998e-02
-2.341872964882173863e-02 1.754689155909612292e-03
3.603446045698393413e-02 8.212392406422018218e-03
-1.619065319796682625e-02 8.916834510530834406e-04
-1.785584643118979034e-02 1.373953263122785031e-04
1.318311448174802614e-02 -8.056285036960757207e-03
3.055819745648305150e-02 2.801706425161492979e-03
5.371033821085476404e-03 -9.372390957472121961e-03
-1.914714102040013244e-02 -4.839416226407882056e-04
1.638975798129485226e-02 -6.435699222331595429e-03
-2.012292894007822880e-02 5.501644523324959735e-03
-2.724433017766801288e-02 2.580812228204117965e-03
-1.898169254330335856e-02 3.038524196924809271e-03
6.015476662129976351e-03 -9.432223931805346420e-03
-1.844215718518394873e-02 -8.926885736274655031e-04
-1.728820673197196608e-02 2.778394850280876526e-03
-2.479084858739691311e-02 2.104299545456423098e-03
2.965771669428643453e-02 2.804334845922403646e-03
2.872988675961693841e-02 1.457560450901900992e-03
2.993688028978142360e-02 2.401516218311773414e-03
-1.834125287455840719e-02 1.543019707138452903e-03
4.214587989158228437e-02 1.474217192601858309e-02
-1.397002061271237355e-02 -2.252599668100121327e-03
3.186328421083067797e-02 4.117372572076947665e-03
1.861080257756125497e-02 -5.553833779630109810e-03
-1.590715604948985881e-02 -1.543102462393666514e-03
-7.862596696808690083e-03 -6.290100455211864589e-03
2.784191778191900946e-02 7.175289123300944384e-04
-1.548274406791990895e-02 -2.168782731745642119e-03
1.495060575759008838e-02 -7.271539288731147105e-03
-2.356528548031481055e-02 1.331669436994801191e-03
2.602093773641358382e-02 -6.875152608153588729e-04
-1.455321035709510394e-02 -2.087941802184450218e-03
-2.157028107535699860e-02 7.154144926299450639e-03
3.026028803864265135e-02 2.699078529390003776e-03
-1.438291848872762409e-02 -2.674970150326010793e-03
1.379005265747993217e-02 -7.867651090812976741e-03
1.695757888813592337e-02 -6.330731625799286555e-03
2.992047966632294456e-02 2.482429853914865873e-03
-1.656667262726700326e-02 -1.297135560085139550e-03
-1.903058605410364382e-02 -5.898864618326486991e-04
3.257920996213670151e-02 4.819275618387183942e-03
-1.841721186969036417e-02 -2.684112529585147870e-04
-2.007299106608723474e-02 5.997327533889427673e-03
-9.156835294031398509e-03 -5.469107346637527671e-03
-1.955435901627489148e-02 1.878262361441694725e-04
-1.881365606781527228e-02 -5.327586650614394431e-04
3.229073526874275124e-02 4.443078765549871370e-03
-2.406244291215158329e-02 1.609258630924256762e-03
-1.879240875001689237e-02 -1.021537550523987821e-03
-1.512494261221826279e-02 -1.900665092723514363e-03
1.019381662682083793e-02 -8.648353904156649841e-03
-9.120881976639639774e-03 -5.975662086647984435e-03
-2.167937882073552730e-02 5.347603980212401083e-04
2.027729850830991068e-02 -4.422659383887274191e-03
-2.189718349095135311e-02 1.721013464792664829e-03
-2.626125293245031023e-02 3.802222483931373687e-02
2.196681811800592007e-02 -3.669802683406089318e-03
2.692761497291340858e-02 1.354707008979716626e-04
1.110582219256169186e-02 -8.477160637085492945e-03
2.113655319196668450e-02 -4.016338433018948328e-03
3.041523182441380202e-02 2.787077522025507240e-03
1.032296195259883170e-02 -8.702237148868197103e-03
4.473823546899272086e-02 1.893510599493266472e-02
-2.153715269936195761e-02 7.126660980238461521e-03
-2.210134004559909451e-02 1.456813991921717451e-03
3.384531103850219741e-02 6.225324353815988622e-03
1.638143958326909386e-02 -6.618249098841412145e-03
-2.006395982613482995e-02 5.065457336102984626e-03
1.214744950208975979e-02 -8.365720078573389215e-03
2.336474701745988244e-02 -2.584561770543320532e-03
1.378493007364290854e-02 -7.613271104140642738e-03
4.542692662815377147e-02 1.954580265503495784e-02
-9.975721134822086115e-04 -8.531732285801250926e-03
2.945545044787056116e-02 2.005349782021697853e-03
-1.843791313109045468e-02 1.263181202408561205e-03
-1.197421951393309002e-02 -4.182663203740930903e-03
2.510361586330275493e-02 -1.278190439912430931e-03
-2.019732752236113454e-02 2.633189680903005934e-04
1.019437858628857241e-03 -9.369424218274998231e-03
-1.110461182260552397e-02 -4.429786884491753070e-03
3.944747450825412255e-02 1.148710309775074698e-02
2.373589015812560543e-02 -2.296656511786176590e-03
2.372132590684579434e-02 -2.254239478899954744e-03
-8.953811217469749562e-03 -5.291773917890374435e-03
1.953689675138341533e-02 -4.988931936354044049e-03
-2.489988307983426880e-02 2.340116616763773111e-02
1.554650775659028282e-02 -6.891521155550298615e-03
1.208573778151796931e-02 -8.085257843116432780e-03
-2.063973684276806247e-02 1.807600938909879667e-03
-1.772250382910722441e-02 -8.387821750773661721e-04
3.483249234814692064e-02 6.880751604729224216e-03
3.962574381994374458e-03 -9.525882725367000245e-03
-2.004080195269423298e-02 7.676497293805791770e-04
4.002356901414733104e-02 1.247441020839735494e-02
1.631123819095174968e-02 -6.281432023326105792e-03
-1.576073389702869337e-02 -1.217286582590457796e-03
-4.551010624112108213e-04 -9.325667125861138509e-03
-1.686349834333325873e-02 1.241227193404756532e-03
-1.841492714148557780e-02 -5.102566172173821860e-04
2.465194845028993373e-02 -1.710704100533946793e-03
1.366949367274654902e-02 -7.415865636498672128e-03
3.042069635947963410e-02 2.890582773036156836e-03
-2.380084039227124346e-02 9.828567077708278907e-04
-2.328558447245139898e-02 1.476792605040385406e-03
-2.065217743388999064e-02 9.993732115247155098e-04
2.489107121306749840e-02 -1.323200501391892051e-03
-1.864655260095664929e-02 -3.832692133399796266e-04
-2.006884448274421154e-02 6.212929098317154612e-03
2.406297264596668484e-02 -2.103925971130470290e-03
-2.728295349212917636e-02 2.551452646580761215e-03
-1.964990297074672293e-02 5.764625499461177929e-03
-1.907795064372233215e-02 1.956514220446110494e-03
-2.586851930898161067e-02 1.419196776653015336e-02
-2.380687389590693120e-02 1.492881669735766567e-03
-8.181932181324078415e-03 4.753668625596514652e-03
-1.581141208797085668e-02 -1.784761929599823927e-03
-1.950258828129581082e-02 2.342881472616956259e-04
1.367689071873214382e-02 -7.690799330214944697e-03
4.657896695119087202e-03 -9.506793888122472627e-03
2.315621599440085762e-02 -2.282822540191866388e-03
-1.850744704920940370e-02 5.169231514697407784e-03
-2.614610227110827217e-02 1.768346901430772758e-03
2.195897311609563279e-02 -3.313193871916173677e-03
1.520113776761261928e-02 -6.655646085674302159e-03
-2.551108946944983039e-02 1.898186073364419631e-03
-2.279255469789571997e-02 1.429890828398677847e-03
-1.623132281717170125e-02 -1.710223529132712987e-03
2.539287731819158886e-02 -1.142031475458631616e-03
-1.502222621050119424e-02 -2.550648050195391658e-03
-1.844602372050220540e-02 -1.921447167969894080e-04
-1.301905552437610664e-02 -3.407830643282853348e-03
-2.585655238833515102e-03 -8.167258184650675115e-03
-1.776571622242310855e-02 -1.366434383098205640e-03
1.071691363031906236e-02 -8.573955010773803148e-03
3.036931151707678370e-02 2.925495227483484485e-03
-2.252612694287296075e-02 1.605251329724867232e-03
-1.512436004787899753e-02 -2.301831027602207255e-03
-1.804874624536713032e-02 3.940532691848029449e-03
-1.580499228784547350e-02 -6.161290854222446723e-04
1.389264188447363046e-03 -9.257501960612793748e-03
2.335870591146924687e-03 -9.397171646825118810e-03
4.453054752100842235e-03 -9.529960829221143653e-03
1.148105681231413946e-02 -8.432717845900697742e-03
-1.950443575903817311e-02 -9.805634053052369873e-06
-2.402712050017029657e-02 1.413540157388867803e-03
-1.817482602910466816e-02 -1.069049740252157182e-03
1.746753425473355744e-03 -9.446968265854307351e-03
3.236648256942715324e-02 4.611283012180573265e-03
2.242008406760023862e-03 -9.019064717861994054e-03
-2.196123507206626524e-02 7.138334059263996790e-04
4.274839509160372614e-02 1.626655616257732459e-02
-1.663965891272512973e-02 -1.194842787765946004e-03
-2.654518715775316257e-02 1.943552314597788442e-03
-1.419046152516218254e-02 -2.474908219386775729e-03
-1.269457138614190315e-02 -4.025158212091525800e-03
1.605314187657013586e-02 -6.827273933456214257e-03
-1.906487745770007666e-02 -5.593433357268002160e-04
3.716685241050793342e-02 9.332272676976708162e-03
-1.930445522000266007e-02 -2.259784598427067969e-04
3.035712857814014398e-02 2.890212944441311691e-03
6.191241740007435860e-04 -9.239884706351573010e-03
2.685752348449308054e-03 -9.308484966311118478e-03
-2.081356797497643796e-02 4.336744004250735738e-04
1.077048192421954827e-02 -8.475507356174728779e-03
-2.012023207380051609e-02 3.097010838965639666e-04
-2.697049156671477502e-02 4.321847566552862452e-02
-1.906219123117859279e-02 4.548234941621210649e-03
-1.665438471348896707e-02 -1.394146807608683458e-03
-8.136645026323954810e-03 -3.554548601311552890e-03
-1.463355960502158749e-02 -1.851193852106993581e-03
2.962074202873309775e-02 2.192259285536189966e-03
-1.776790224969330631e-02 -9.231137619088917003e-04
-2.259561504726376180e-02 9.575880740809544723e-04
-1.675931830578854601e-02 -1.329059770730927487e-03
-2.167325667743288248e-02 1.364196381389532614e-03
2.079130348243796861e-02 -4.204512011936392506e-03
-1.997649676618228412e-02 -8.007393000572677071e-05
6.390334888565001210e-03 -9.492584581199755081e-03
-1.972844977039724806e-02 2.408189647949296138e-04
-1.459272901146290574e-02 -1.675610425281270823e-03
-2.805550668850990276e-02 1.752878440573015992e-02
-2.607627337255814456e-02 2.265104643917630750e-02
-1.266537804888819875e-02 -3.678959059600611214e-03
-2.310603524171525591e-02 1.033370921028874297e-03
3.729958748974082638e-02 9.209936767902830029e-03
1.800146048141135213e-02 -5.742195686335978787e-03
-1.747379200176554098e-02 -9.875795885824082201e-04
-1.023513116928730137e-03 -9.021388941935722106e-03
1.326628113183516040e-02 -7.716641955820889229e-03
5.601624538240598285e-03 -9.401534462934218322e-03
-1.778017890282429861e-02 -8.065848329358429663e-04
-1.696192415976785842e-02 -2.512806632172058107e-04
-2.369067371881885056e-02 1.349155227431616828e-03
4.000530840281264246e-03 -9.543845731135890131e-03
-1.553462967060156852e-02 -8.711236296360997831e-04
9.848147407246144597e-03 -8.954411394896239634e-03
-1.597353515965043921e-02 -1.292095111851211718e-03
2.328910845104798649e-02 -2.698538174710510707e-03
-1.723300716983359668e-02 2.003472792622198843e-03
-2.438015683709484141e-02 1.582469754530960258e-03
-1.968436122993606069e-02 5.142569827849814788e-04
2.271231451477815060e-03 -9.312445464010374319e-03
-5.352736838399999031e-03 -7.637671312049932291e-03
-1.943346285746579832e-02 5.653416235566335185e-03
8.802328811222007859e-03 -8.973926089037196144e-03
5.712784377645418674e-03 -9.358687853866665823e-03
1.658795401258653275e-03 -9.280841981305437693e-03
1.704550275310870097e-02 -6.295409466323340260e-03
-2.139024539310975526e-02 7.235791937059640917e-03
4.033379500275201951e-02 1.301981663599169510e-02
-1.554727072243773656e-02 -1.986790268284280205e-03
-1.581548841927675128e-02 -2.063931709649244935e-03
-5.456138177826435134e-03 -7.166668588578201972e-03
3.119347629306226666e-02 3.630159588233854845e-03
-1.069470876072820334e-02 -4.067427188214634177e-03
-2.494248456604918757e-02 1.222962452602219946e-02
-1.589711567499072289e-02 -3.243847020031019601e-03
-2.605723329197234470e-02 2.752950077550905469e-03
-2.116594232324208597e-02 1.063854292141980023e-03
3.633265780943908257e-02 8.466556708347448487e-03
2.173346283285081462e-02 -3.649495557922536725e-03
-2.179015102092989389e-02 8.294425767947795000e-03
-2.165853337815022012e-02 8.553807930494173109e-03
-2.413034884789327580e-02 1.629033647250379161e-03
3.196221094388148470e-02 4.266583404691909331e-03
-2.202734157076342153e-02 8.214189855909373103e-03
-1.154293932383624460e-02 -4.420728113050350835e-03
-1.949095771827644499e-02 4.976756033970261214e-03
-1.601053442891243322e-02 -1.933501169722535084e-03
-1.437869824029763474e-02 -3.983284244177685471e-04
3.947697064465194479e-03 -9.228265334332970415e-03
1.425048279874112020e-02 -7.621563702888463181e-03
-2.035821713922085149e-02 2.112381698525891190e-03
-7.683578373031864882e-03 -5.917154877105530557e-03
-2.277012731631481920e-02 1.327362828296760940e-03
-1.993468777184722457e-02 5.053852781680854764e-03
-2.289807552730348250e-02 9.358817598454545212e-04
-1.552871059702793863e-03 -8.492128929190533373e-03
-1.671196602373928091e-03 -8.662132316639493609e-03
-1.369329653944244447e-02 -1.943347646224543495e-03
-2.163051683936488903e-02 8.234610150684577509e-03
3.322331914370353634e-02 5.544909604540008974e-03
-1.928927212562581844e-02 6.000072399912573934e-04
-1.213742396673039544e-03 -7.605546126240637222e-03
-1.781568822052106982e-02 2.540332313910107723e-03
-2.351589381253887945e-02 1.563802399887293405e-03
-1.884590346225578639e-02 4.707028028817796493e-03
-2.189919462384580517e-02 8.373263149025764532e-03
4.878449027489023190e-03 -9.426298376978090726e-03
-2.441164198239363647e-02 1.206049718597393405e-02
6.862096629946757773e-03 -9.372106175005405840e-03
-1.839562920177448616e-02 -5.296123906932781799e-07
-2.142936411683478426e-02 1.401803088601337281e-03
-2.640307530500291336e-02 1.467982667458684123e-02
3.203359257188962556e-02 4.360452783495074279e-03
3.264632417260241587e-02 4.893287702002240697e-03
2.971546864861331072e-02 2.199304320376781977e-03
-2.075857776478425010e-02 -1.198566389572611234e-04
-1.839549288171978686e-02 -9.387041141829993761e-04
6.824076364802339478e-03 -9.377081203853984692e-03
8.174344106865835680e-03 -8.799263793128441272e-03
-9.993276703156292462e-03 -5.207639414931548340e-03
-2.227141690677835947e-02 1.196170318096210919e-03
6.335974884652583253e-05 -9.221781347143782545e-03
-1.546594670052242604e-02 -1.769476011136902460e-03
-2.636800539661168091e-02 1.072956188838579232e-02
-2.231984272687421306e-02 9.110079379207863121e-03
3.617158477348510898e-02 8.468041091915743182e-03
2.065455916311685972e-02 -4.457580172027647385e-03
-8.663777490347595103e-03 -5.406126871961787310e-03
-6.815982675092058587e-03 -5.313564855256532916e-03
2.946688703088127734e-02 2.085188809225591022e-03
1.839696870416179450e-02 -5.709094877564551904e-03
-2.658443006250492749e-02 2.268122395733787339e-03
-2.469841719062729896e-02 1.466530029322840557e-03
-1.574647988291719841e-02 -1.898783487802409601e-03
-1.430096047552894189e-03 -8.879393850748330472e-03
3.955136125448298606e-04 -9.342676052657487157e-03
-2.675590564619157244e-02 2.279784104317486050e-03
3.920409122758442000e-03 -9.522764582160225810e-03
1.663753497792272787e-02 -6.400185989180314124e-03
-2.657821896114222204e-02 1.527237548015653035e-02
-2.321347105718707393e-02 1.571798172215350606e-03
-2.136225154826849881e-02 6.517770919451222828e-04
3.026176071948326329e-02 2.759806056595709087e-03
-1.767734775762369592e-02 -8.511301958722657449e-04
1.013129101678638191e-02 -8.653500826558286826e-03
-1.843668351037302438e-03 -8.815857827361439636e-03
-2.077413770471153026e-02 -9.981821269471513776e-05
-1.639308446510133813e-02 -3.386075298230600480e-03
-1.451882450898652442e-02 -1.569678481645237064e-03
2.620201606407225950e-02 -5.622055877268102280e-04
-1.665013051375674805e-02 1.380232115768198747e-03
-1.448319283661990246e-02 -2.268890513439987978e-03
-1.317383144207571674e-02 -2.823177134171673836e-03
-2.216680212788478890e-02 7.459040181882257634e-03
-1.750318782944893306e-02 2.255461971547270423e-03
-1.880899302532628835e-03 -8.517392756207425170e-03
-2.097490268878263522e-02 7.336022209164373524e-03
-2.444088995948093951e-02 1.992604410246611672e-03
2.252794862981197938e-02 -3.179222520781883974e-03
-2.292799647880149061e-02 1.016166579658039915e-02
2.638190871315719901e-02 -3.112678327807207935e-04
5.066554375981689382e-03 -9.470545712463597152e-03
-8.122924105351231328e-03 4.672222402534711907e-05
-1.668705567045552021e-02 -1.966247721084218338e-03
2.801835225239179480e-02 9.079290845513161715e-04
-2.546523329030065536e-02 1.674315267869105157e-03
-1.538068320645845539e-02 -2.299946353761232742e-03
2.693288045885519968e-02 -4.757558763279462857e-05
1.814473050924720124e-02 -5.823917576957445864e-03
4.532947868180956658e-02 1.922829922548692852e-02
-2.134126313862651919e-02 7.633417890265076916e-03
-2.368374762090572766e-02 1.553137065100820141e-03
-2.621687276676419251e-02 1.465680566262697604e-02
2.163364308522428611e-03 -9.276946186812127723e-03
-2.310679533385488413e-02 1.697879733373160388e-03
3.940071909604293647e-03 -9.596684177016969949e-03
-2.200673661391801261e-02 8.562752098678063847e-04
-1.869054935068683101e-02 1.620139692342824605e-03
-1.601059084526340257e-02 -3.664855830397875094e-04
-1.797143998973042139e-02 3.012807624591327168e-03
-1.317947057300956036e-02 -2.422953168092041414e-03
-2.078981424466689459e-02 6.676154756033368838e-03
-2.102137191255536858e-02 2.800242744666882832e-04
-1.771339800574792123e-02 2.451441826967628874e-03
-1.869924775311630760e-02 -6.639432254809160116e-04
3.799912862142081765e-02 1.042857535234744185e-02
2.094033066160479878e-02 -4.166919374853512645e-03
8.458027137252910332e-03 -9.129858097905821715e-03
1.506236908180254514e-03 -9.319225226038028997e-03
-2.388607503380421951e-02 3.423525092251278410e-03
-1.563578424020498764e-02 -2.005639339175871016e-03
7.888980911738645817e-04 -9.174120760485654502e-03
-1.712988912523935592e-02 -8.207767879009283691e-04
-1.871878315802128151e-03 -8.554867057302264349e-03
-2.200718706819920420e-02 1.026363635430112145e-03
-2.083162410421076846e-02 -5.259572602072018743e-05
2.799714732438443252e-02 7.990189812962233962e-04
-1.815331669921179183e-02 2.673134834314128388e-03
-1.946997604208226471e-02 1.116719572418089015e-03
9.175823019879267555e-04 -9.106465041821831807e-03
-1.604487286415983913e-02 -1.367846116977967496e-03
-2.372049281837176546e-02 1.340313750218903588e-03
-1.799939332670312531e-02 -7.347494279968174932e-04
2.779485450223628459e-02 7.681890110985118260e-04
5.072109361550784096e-03 -9.407710860246517801e-03
-1.871311019699425926e-02 -7.318293929148842521e-04
-1.540373594379616101e-02 -1.932937613661480161e-03
-1.858619577019344007e-02 4.001116606879268067e-03
-2.472089493775316005e-02 1.222706270578622322e-02
-1.535970112390788560e-02 -2.137448524557391139e-03
4.369618662123722630e-02 1.761634313163876198e-02
-2.139120775032170643e-02 1.098521037467013305e-03
-1.161290734596270510e-02 -4.340173337880040040e-03
-1.723930207440852250e-02 -1.469124711166702171e-03
-8.709541168916614534e-03 -5.156787850161814561e-03
-2.466772259777463838e-02 1.251399855618856756e-02
-1.451143419759898592e-02 -2.613112841152214188e-03
-2.362062023047682702e-02 1.144904138023561521e-03
-2.182804266287548603e-02 8.600617801354376590e-03
1.610254534853444936e-03 -9.514370080543729097e-03
1.109371424038884009e-02 -8.604118351558867964e-03
-1.502441494411601089e-02 -2.443694027383100289e-03
-2.236825189239741163e-02 5.145729500908476084e-04
-1.485445547854597100e-02 -2.608716839525565025e-03
-1.791122689559401099e-02 2.741722701687802737e-03
7.134635718506449065e-03 -9.007779106186872276e-03
-2.348174728654288737e-02 1.062555063632229443e-03
-2.373960350290989924e-02 1.466562108131192182e-03
-2.605010628228105266e-02 2.115879146135064316e-03
-1.534146996222799514e-02 -3.525539622770041976e-03
-1.552588683796376351e-02 -5.993347050056173396e-04
3.045228164460909298e-02 2.858538329771508155e-03
-1.402611479896067465e-02 -2.784306682756773274e-03
-1.501182752153249096e-02 -4.912943392885450429e-04
-2.656733869960176825e-02 4.457389914446206226e-03
4.707815257033517303e-02 2.181637111257246284e-02
-1.750109877949026713e-02 -4.939989663059870997e-04
3.345877406638685103e-02 5.605442327279891966e-03
1.770429705484445832e-03 -9.129837600166985576e-03
2.113237758895398360e-03 -9.535550000850375602e-03
2.849129447627866962e-02 1.213392677599179660e-03
3.890309571422934792e-02 1.131282534066851281e-02
-2.187572731844217300e-02 6.502408724687975747e-04
9.269578355846094450e-03 -8.897824060213496006e-03
-2.541118416807902972e-02 1.289972985905970572e-02
2.805499865987019781e-02 8.704354700427140851e-04
-1.256118389082211233e-02 -3.709854181572509041e-03
4.627583806699423624e-03 -9.527173283221970074e-03
-1.925444319805313248e-02 1.170580957987886607e-05
-1.835791290110979843e-02 -7.970004746325882973e-04
-1.543477997903817088e-02 -2.289587798498960141e-03
-1.357248699506406059e-02 -2.660531528598336810e-03
-1.462876501678721762e-02 -1.200355351520419932e-03
3.158949894778390142e-03 -9.378279185848508240e-03
9.926755099100639801e-04 -9.355255067001950683e-03
6.982491468911770915e-03 -9.294981487535436404e-03
-2.385458277289924031e-02 1.321652497348188874e-03
-2.014459803612866570e-02 -5.249149143236859729e-05
-1.250619191296910987e-02 -3.872908320973400195e-03
-2.164411146621174689e-02 5.599683851939509438e-04
-2.470443091234189592e-02 1.442908590112934337e-03
2.472019332332791794e-02 -1.720925720779253442e-03
-2.003800225379103947e-02 -2.618332168586905628e-04
-2.680961693052054048e-03 -7.910660223227545737e-03
1.483715592222936350e-02 -7.325564935841211503e-03
-1.620810281187776494e-02 -1.867841919545756455e-03
-2.004405721114439071e-02 5.690567045953931306e-03
-2.125397509403630786e-02 4.234367568620091716e-04
-2.711611069229726695e-02 4.428293053931915690e-02
-1.812163018877564757e-02 2.967797238853846740e-03
-1.553186422105774442e-02 -1.784266687429732342e-03
-1.827234779943313209e-02 -9.180091873573700822e-04
2.723419906298247053e-02 1.982635581250303592e-04
-2.666308853394863329e-02 3.869811537897528686e-02
-1.507602586438579716e-02 -2.144540942413382910e-03
-2.322263819634365692e-02 1.341292973069723327e-03
2.989141637483566649e-02 2.309425206062839901e-03
3.659939648983778077e-02 8.501739272388897373e-03
-2.162494584617949758e-02 8.216173753858788120e-03
-1.794395954747628197e-02 -3.646753462296155215e-04
-1.381976159512649481e-02 -2.880077952586598128e-03
-2.065135367484045859e-02 6.778036638089269227e-03
-2.560907929256246024e-02 2.011826496422872406e-03
-2.019657218881498739e-02 -1.888719045757408246e-04
-2.026105637808481991e-02 6.424935179833477644e-03
1.108758130616116153e-02 -8.510142928072249313e-03
-2.082353950832578279e-02 -5.728396451574481983e-05
-1.413446532243431593e-02 -2.478891346145530635e-03
-2.074568577159517993e-02 -2.350885623664471344e-04
2.959997129660530898e-02 2.075130434630346153e-03
3.585146011110813824e-02 8.197623601760356191e-03
2.774158512019122072e-02 7.411085331313173926e-04
7.376636066806115111e-03 -9.355631718161385932e-03
-2.201804456264030985e-02 4.309200288484853420e-04
-1.391348733317542344e-02 -2.785403600432593066e-03
2.047394472240487637e-02 -4.512625460204111073e-03
1.811721682883331297e-02 -5.735126860354317416e-03
-2.704476533882636813e-02 1.590455736463125200e-02
3.264456589588629869e-03 -9.386533389675199082e-03
-1.708097635301990269e-02 2.568159535632550229e-04
-2.541816200099186393e-02 1.542234237165562762e-03
1.240921724826797926e-02 -7.921699304051552093e-03
1.358819310796089384e-02 -7.604445025166145684e-03
3.433352203023120469e-02 6.654029194536271313e-03
1.817479425485931527e-02 -5.883996224207625400e-03
2.679329719921242151e-02 -3.684214205754859656e-05
-1.511058876071739478e-02 -2.243090035845365406e-03
2.466105371324162424e-02 -1.732444137211628212e-03
-1.787847863553710184e-02 -8.885771203089070291e-04
-1.867322851340430176e-02 -2.560123058079350335e-04
3.010889923149021388e-02 2.536367446633767172e-03
-1.011959244605255964e-02 -5.040020328886872687e-03
-1.652027183434886387e-02 6.650023506860816688e-04
-1.498357366080812700e-02 -1.534807721351593920e-03
-2.160701078642729075e-02 1.239095383984851898e-03
-2.229913106556299235e-02 3.823354729337365295e-04
-2.662021076362962660e-02 2.754562178813496891e-03
-1.869593898955820149e-02 -5.307462392781053763e-04
-1.822687182499028655e-02 -8.829480131982432155e-04
-2.096186335943630435e-02 4.936594600127429400e-03
-2.329950781173747293e-02 1.346909119028766528e-03
6.394165433423550137e-04 -9.280014586635174090e-03
-1.895797310280986081e-02 1.723315877122653592e-03
-2.455602939308932156e-03 -8.967769099060954319e-03
-2.203911747413573805e-02 9.770950790086675372e-04
4.389437640734917406e-02 1.683974390132011306e-02
2.561074282576947247e-02 -9.841966880567000562e-04
-2.769161192202494390e-02 3.397306846179580942e-03
-2.364722597457834946e-02 1.043516394724750907e-03
-2.349416762422628160e-02 9.933250671247858751e-03
2.893453200211727749e-02 1.776713293246958694e-03
-1.376257369799751065e-02 -2.795183139880782867e-03
2.895323376921735831e-02 1.594996980915752054e-03
-2.065742345794927687e-02 1.078168747068420155e-03
3.066675558391024695e-02 3.108963139255829268e-03
4.807346154059453230e-03 -9.542237164241082828e-03
2.782200784118241815e-02 7.720934994782032183e-04
-1.796965945200449180e-02 7.316126827329333133e-04
-1.969904879296568989e-02 4.863372186890179902e-03
-1.516958946277612713e-02 -1.969879235073224242e-03
-7.459717191744742737e-03 -6.859423709581065690e-03
4.300140392887986246e-02 1.546729557882520027e-02
-7.475856067474129056e-03 -4.394755053702836638e-03
-2.256991129001290064e-02 1.103572524841098463e-03
-2.238760427036267514e-02 1.211114393544513281e-03
-1.362041287369589182e-02 -2.726279349092782314e-03
1.512984979103773955e-02 -7.140676572557901579e-03
-1.650712674614057685e-02 2.341896045408721862e-04
3.857293560739090410e-02 1.059330402633763477e-02
2.018574257134770830e-02 -4.384484045084106711e-03
-1.446803910845272968e-02 -2.748803528771858080e-03
1.668421867316385171e-02 -6.554720398684297372e-03
2.970019194505135046e-02 2.128346389444403519e-03
1.493883014063213631e-02 -7.219878922163817415e-03
-2.184822165439356464e-02 7.085218387413824877e-04
3.181793911445118805e-02 4.055329440058047172e-03
3.710421718293619581e-02 8.966115282693962185e-03
-1.561393473285067370e-02 8.284664566284211974e-04
-1.925183524328344040e-02 5.206594410323779447e-03
-7.708173155645568937e-03 -6.753494512636641980e-03
-2.599865825303454211e-02 1.386390357861831332e-02
-2.196140936212377312e-02 7.706776741561941445e-03
-1.967001688653117336e-02 -4.451686445591783469e-04
3.207597841815800627e-02 4.295577302415997702e-03
-2.168031983537821450e-02 7.810126967190692470e-04
1.251841634571147647e-03 -9.289630767349857376e-03
-1.803389362857265796e-02 4.160266047095609668e-04
-1.925792947702094707e-02 7.518380595938129645e-04
-1.939768263325374748e-02 4.313169562037200144e-03
1.899035471791683805e-02 -5.288139961732855540e-03
-1.684826953333943764e-02 -8.650563326817768814e-04
-2.169997643847764585e-02 8.167142006072252575e-03
7.361234100074989448e-03 -9.253770544742009885e-03
3.437508164987267828e-02 6.379268346798993607e-03
-2.445492603013656521e-02 1.477721978632037152e-03
-2.612151397806482256e-02 2.396245133043732687e-03
-1.584542450044803055e-02 -1.810830663508055391e-03
7.083842578768067243e-03 -9.086701922752630362e-03
-1.238005476522646177e-02 -4.102955213578493576e-03
-5.783870589647754218e-03 -6.726822480366275760e-03
-1.971899118180374388e-02 4.592989619671918392e-03
2.915554096126647329e-03 -9.466400726991210102e-03
-2.353173973123239004e-02 1.042178752266199535e-02
-1.876899238528139530e-02 4.258703094737648250e-03
-1.394396212376934792e-02 -2.384428893640227424e-03
5.420188565696218430e-03 -9.385063987674803834e-03
-2.560383563600867815e-02 2.315530699811959355e-03
-1.848605407045774557e-02 3.024221722434452218e-03
-2.121534850765226590e-02 7.621425322290930303e-03
-2.113233223426750837e-02 4.380274690764453423e-04
-2.191208444638333488e-02 5.659403929177546670e-04
3.134147914052699130e-02 3.695635817861395427e-03
3.979395619973922181e-03 -9.456176745946613671e-03
1.355521224118109861e-03 -9.238852662553673906e-03
-1.711183003517047566e-02 -1.447413691026865979e-03
-2.028824478135056106e-02 7.880739999026260042e-04
-2.121243597229501010e-02 7.542962423816393716e-03
3.923814359283033654e-02 1.137056740455903714e-02
3.962442156904682350e-02 1.181783983236282289e-02
2.203601964130897858e-02 -3.442066000329901173e-03
2.947211230489427472e-02 1.935892413810570267e-03
6.920574716168245016e-03 -9.413711163750813210e-03
4.175786902829791564e-02 1.433950457217025333e-02
-2.057165261041647361e-02 -9.771833445702449617e-05
-2.159191302415101529e-02 5.457902215063459165e-04
-2.109515942902799243e-02 7.842014070303091923e-04
-2.555411793156847980e-02 1.329126704224370056e-02
3.684345933117224442e-02 9.143090002970226046e-03
1.356137276881048785e-02 -7.677713496836117459e-03
-1.606836628886431501e-02 -6.558779685887475329e-04
-2.197437915657768012e-02 1.334965042551935956e-03
-1.848379083355241800e-02 1.065510737253085385e-03
-2.782988720267492652e-02 2.929167701921149992e-03
-2.082847524152273491e-02 6.588699930444513048e-03
4.722663756114293260e-02 2.143026151759090323e-02
-8.047566517905170927e-03 4.457825593802994084e-03
-2.269709371942861889e-02 8.820684052325306057e-03
-2.311482573261606360e-02 1.578322046908707229e-03
-1.243258560565189963e-02 -3.916604401874536866e-03
-1.481810148297986289e-02 -2.457523351231040865e-03
1.310238354899121577e-02 -7.955560578387652418e-03
-1.912974248099920740e-02 2.531376639125907258e-03
3.827010983416460725e-04 -8.699207987748000179e-03
-2.705518810378196651e-02 4.359022236240246706e-02
3.608123089288127472e-02 8.111307982699267338e-03
-1.691341035245392047e-02 -7.336376467451129592e-04
-1.505693820604899619e-02 -2.125526258625930545e-03
-6.914522381086370996e-03 -6.764298599433918487e-03
-1.406436633475443426e-02 -2.711115962796065582e-03
9.868208829703854074e-03 -8.599316051203589190e-03
-2.073294656193965316e-02 3.992003070912001250e-04
1.657147528847684875e-02 -6.577802941275300540e-03
-1.443127356094324812e-02 -2.654672649812309711e-03
-2.063461248976859036e-02 1.394848431276566724e-03
-2.121607183668713925e-02 2.567450168986689968e-04
3.153949361828779774e-02 3.971175681428067150e-03
3.703803722110603908e-02 9.059090596311814708e-03
-2.060473371925812189e-02 6.479961624283596400e-03
3.687331227970337688e-02 9.071579760169199910e-03
6.326570208429508138e-03 -9.358085498492759585e-03
3.556550836083854916e-02 7.454838000663714832e-03
5.879015973763665644e-03 -9.451123066291894359e-03
-2.144770475665883080e-02 -3.876043408966933584e-05
-2.081577161634898601e-02 5.861706740511639585e-04
-1.888764282513860984e-02 -5.294305682966732882e-04
-4.032435967375513908e-03 -8.584224431186247839e-03
-2.155366309641827682e-02 7.914550279964184878e-03
-1.985864705405080907e-02 -3.744428343214444010e-04
-3.748922879224881937e-04 -9.116186954309450988e-03
2.898476479473817077e-02 1.633235622811491424e-03
-1.775218526319234658e-02 -1.053429016705579669e-03
2.887494550885804853e-03 -8.862136924155156539e-03
3.098518549837781313e-02 3.306155691663272521e-03
-1.588806498842992160e-02 -1.280212018051302180e-03
-2.075725923588064500e-02 7.024885583161719245e-03
3.512233396907651906e-02 7.166046171174350436e-03
-1.341195118737065380e-02 -3.087973535153631845e-03
-1.730654960047320334e-02 2.183947240176026088e-03
5.531277315134317321e-03 -9.276054321784223122e-03
3.809079636097781330e-02 1.042809513972090679e-02
2.800017022481611495e-02 7.516404901888691301e-04
3.403779959844337871e-02 6.277365679582837948e-03
-7.056322136607840780e-03 -6.536354401151095277e-03
3.537493189026606755e-02 7.355457936043321987e-03
2.914283012587838215e-02 1.785187943691909267e-03
-2.399032069759385669e-02 1.615137268542128851e-03
-1.504975285330482221e-02 -1.290122391712921965e-03
8.671183968083374591e-03 -9.128725141311098967e-03
-2.259206669638837151e-02 9.714047598741238406e-04
1.241706990865013710e-03 -9.254634642467592445e-03
1.676092819982945292e-02 -6.411573864885814281e-03
1.872646004983927887e-02 -5.366236582844467924e-03
-2.425878799645047809e-02 1.128512696450080901e-03
-8.154258977362877428e-03 5.166745701822629891e-03
-1.277420593542592927e-03 -8.882473224467961684e-03
2.118962216209632071e-02 -4.135492160014133181e-03
6.362760760681214489e-03 -9.223900061400181968e-03
-2.443073931245927019e-02 1.343237120459368772e-02
3.092527066515107434e-02 3.257174187980355507e-03
-1.495247894687725884e-02 9.760578718301252468e-05
2.832492129934947173e-02 1.047301544439006513e-03
3.004454865426482366e-02 2.510096069075403238e-03
-1.940485679079959405e-02 5.215215434924655794e-03
-1.739976780031817979e-02 2.588012057181982885e-03
-1.563914157387437040e-02 -1.847088157466306906e-03
-2.230380390766405901e-02 7.579555358724275301e-04
-2.159856305738939997e-02 1.243966652757166891e-03
-2.338289775921017014e-02 8.292894023949590231e-04
6.996245736297243556e-03 -9.365686687670996338e-03
2.004145540676621675e-03 -9.356356264000741108e-03
1.546656001015535818e-02 -7.029980510508606652e-03
2.600016149829548207e-02 -7.352820450522122575e-04
-1.390950978619516108e-03 -8.701971721071647889e-03
4.709222590005691933e-02 2.123523074466093091e-02
-2.162210046511077455e-02 1.096542711863399220e-03
2.942199783650285144e-02 2.187025813987297264e-03
-1.946766327121377677e-02 5.766923741527350128e-03
-2.204689814900692019e-02 2.149669905023643152e-03
1.240941528334536109e-02 -7.876267503710933371e-03
-2.175652842140367652e-02 1.942320819685443203e-03
4.129283640605662352e-03 -9.486424332071233603e-03
-1.441880570438484020e-02 -2.611171256775470483e-03
3.626881670915450828e-02 8.589796291474813272e-03
6.245436322589652950e-03 -9.443404174925663225e-03
4.028348330303415520e-02 1.227563727685597635e-02
2.295742445354347072e-02 -2.849555458977569636e-03
-2.287371865395351409e-02 9.862374734296113204e-04
-1.680158773809448808e-02 -1.679098306218190740e-03
-8.114350995342752709e-05 -8.955473677164930285e-03
-2.028857282663784969e-02 5.852506850743848573e-04
-1.449272095873952934e-02 -2.379232664858819696e-03
-2.073197125840498672e-02 -1.520059109936696936e-04
-1.658783237977612401e-02 -2.634576360303748227e-03
-1.804444615546241248e-02 -7.107374100556511321e-04
-1.519721665618060415e-02 -1.767956376290729910e-03
5.553460464665520117e-03 -9.036195166775633572e-03
-2.243253419505368551e-02 9.647767519803241917e-03
-2.155468549771137263e-02 8.437350452024076517e-04
-1.939757780225730491e-02 4.965700537652572612e-03
2.785752810187915041e-02 6.834549855461659502e-04
2.882114332201855811e-02 1.497451396520189850e-03
-1.520247666085944131e-02 -1.237903517996204357e-03
8.138307354592531559e-03 -9.045028111733438569e-03
1.355838721566084495e-02 -7.474256160646942232e-03
3.255207259567046568e-02 4.663256357274601568e-03
-2.322950799083346729e-02 9.713315535690407107e-03
-1.415156898556294875e-02 -2.000558119130006144e-03
-1.752772517406009367e-02 7.869578608843814894e-04
-5.363815877363087639e-03 -6.839614418779118958e-03
2.592059711023101797e-03 -8.926934178502583458e-03
-2.360796201911587178e-02 1.016174338299173467e-02
5.282062241183972662e-04 -9.259473854449102453e-03
-1.828021755125038006e-02 6.819301869330023601e-04
-1.730608599219481819e-02 1.311711285525625622e-03
-2.018637455195418373e-02 3.286127060819058789e-04
3.553005701088886303e-02 7.519853236769287290e-03
-2.143875043294056135e-02 7.674624751391790484e-03
-1.598599277784659364e-02 -1.773476658161668787e-03
-2.480330307201049356e-02 1.551052047963375272e-03
4.090059299600341119e-02 1.309779335127546525e-02
-1.863276080335370122e-02 -2.254626108342287153e-04
-2.357424836555049169e-02 1.068612264204687329e-02
3.760325738779689980e-02 9.483881118599830906e-03
-2.432477198051129913e-02 2.192887743275502566e-02
1.397419049135558908e-03 -9.190633300028193398e-03
2.649944145095340254e-03 -9.320429909703369792e-03
1.891815134953517968e-02 -5.284184683403570643e-03
-2.121109053555824547e-02 1.670969010363088222e-03
3.017089665146435729e-02 2.760281069565375875e-03
2.126318072553164823e-02 -4.024456367373052158e-03
-1.893489109156158701e-02 -4.966243018404487746e-04
2.511737347396397237e-04 -8.912842408791574189e-03
-2.319094396590538551e-02 1.528508194682499108e-03
-1.575272599657331213e-02 -4.528481653353182428e-04
-1.779736368613976660e-02 -1.121486913934950170e-03
2.107306818528873610e-02 -4.027623034318103187e-03
2.378495744254844127e-02 -2.206197866900438606e-03
3.021908342148406021e-02 2.707934607582808666e-03
-2.282524459839229553e-02 8.593766455582714644e-04
-1.914615377390921011e-02 4.531753521166966697e-03
-1.578096371051704305e-02 -9.930635723465171608e-04
3.781362756064825248e-02 9.834447791589992841e-03
-2.575189284310176394e-02 3.469769013125431623e-02
4.204658082576974432e-02 1.455349188635558094e-02
-1.597734420081341547e-02 -1.826444628542399102e-03
2.541990909800023388e-02 -1.113420581571486446e-03
2.904724589301810322e-02 1.697294654892784332e-03
-2.359369185516731887e-02 1.047839603087317648e-02
-2.188963053016842672e-02 8.058955778259262182e-03
6.378357595567409923e-03 -9.385432689433041015e-03
4.765759103776955746e-02 2.197249881922721387e-02
-1.464909241209244248e-02 -2.462753195827763978e-03
-1.868956489365656767e-02 4.310642279782068986e-03
2.870753455315035174e-02 1.419861305742307900e-03
-1.411655810567960566e-03 -8.639762039943434460e-03
1.035727907319169451e-02 -8.642801699181447417e-03
-2.698669529671083450e-02 2.202477171844013839e-03
3.185164178737368013e-02 4.110628250946207242e-03
5.924290105755113459e-03 -9.407090838604135682e-03
1.872533094676728793e-02 -5.487047931218807899e-03
4.653848559738758134e-02 2.113469827930331696e-02
3.555426682625146932e-03 -9.509537652638669000e-03
-1.874602762625764835e-02 4.167045121732812496e-03
-1.707670796186786313e-02 -1.873159341228264069e-03
-1.869184341446632550e-02 -8.891421930585781223e-04
3.390510943844670527e-02 5.986466854421106966e-03
1.639975637204237405e-02 -6.549688379739467860e-03
-2.255246526266818131e-03 -8.407837671494004100e-03
9.423604999126086040e-03 -8.854475127379742710e-03
-2.607369544268264838e-02 3.691317908945326159e-02
2.430733731743570797e-02 -1.954445796715463968e-03
-2.405744564631901589e-02 2.640694116846481563e-03
3.383778459347813045e-02 5.991650402268415901e-03
3.978341353783991508e-02 1.207946524869681244e-02
2.475409965671600005e-03 -9.340977474289940963e-03
4.075703339076404419e-02 1.313760462000920781e-02
4.102266777619990347e-03 -9.342471398880392019e-03
1.201784128634602808e-02 -8.372459492975622627e-03
2.966557066724926847e-02 2.090187267610591534e-03
2.469376571561418543e-02 -1.651833957166900764e-03
-1.663613910632687903e-02 -1.283662150766135554e-03
2.902377248241305024e-02 1.616867011786530649e-03
-2.139077067034346816e-02 7.839310011383295723e-03
-1.966366468539075540e-02 1.283377439661498656e-03
2.152209841160773740e-02 -3.885267905326318227e-03
-2.221882090352291644e-02 1.207649506197974254e-03
2.928916908066518665e-02 1.870479873662360968e-03
3.598291314885827819e-02 8.000652622090426505e-03
-2.209048449227666785e-02 8.404781718020466058e-03
-2.055359153680670625e-02 6.551928847490612025e-05
-1.729761586557812189e-02 -1.298651626442320385e-03
6.633276047659504397e-03 -9.479541837289171338e-03
-1.731682319769390493e-02 3.151258915585470385e-03
-2.211451617118335294e-02 1.118217658752176848e-03
-1.954935881541862083e-02 4.680959847678419807e-03
-6.837887855724943988e-03 -6.743763718296230496e-03
1.140500761755668113e-03 -9.201553376874909221e-03
-9.128086695021242480e-03 -5.008398479382817139e-03
-2.273808450890074662e-02 1.090192718305002745e-03
-2.081472250097302079e-02 -3.120839041722199244e-05
2.320956539318465295e-02 -2.804471011899888414e-03
-2.789467404811991989e-03 -7.141310406171980270e-03
2.505015247171966941e-02 -1.461433717627543157e-03
-1.517408438972843963e-02 -2.305870288271686264e-03
-1.945741124503337638e-02 4.005819827999008748e-04
2.916463686593064042e-02 1.616835146064944054e-03
2.079999384144778224e-02 -4.334637864820627129e-03
3.280505195404312402e-02 5.036416454559159567e-03
-1.792922762662138569e-02 2.746866542751399964e-03
2.669917965825992917e-02 -1.964760106137040691e-04
4.818848947028156991e-03 -9.551215324518838937e-03
3.122963335803010179e-02 3.522364221517445496e-03
-2.030719059481956093e-02 5.855451630115709842e-03
-1.968684968054515774e-02 -2.500545464898391553e-04
5.891532540717978744e-03 -9.363822274978584118e-03
-1.622141291772396729e-02 -1.693813487160060948e-03
-2.242659356700256457e-02 9.016991827479760302e-03
-2.068452347269861963e-02 7.872847812141743704e-04
-1.979164670826449521e-02 3.332646038049310536e-03
-2.169968237339125680e-02 3.604388225342215410e-04
3.036524918354690725e-02 2.881631723321848981e-03
-2.011698801536360506e-02 5.399264301170016741e-05
-1.638745393006413309e-02 -1.509530224778389508e-03
-1.045869332150548350e-02 -4.422555089964951176e-03
-1.429365606367562908e-02 -2.440373192885062111e-03
4.185853584071709196e-03 -9.467247620533504604e-03
2.944473759455715905e-02 2.101583879137080592e-03
1.203184492302397657e-02 -8.188962982930585166e-03
2.377269001292420247e-02 -2.279669891361039459e-03
-1.833964082384480568e-02 3.017435231114625003e-03
1.202428940696318414e-02 -8.141887375231556326e-03
3.107890540843834606e-02 3.468334160220787159e-03
1.869167508092958729e-02 -5.598941887164589695e-03
3.074786514980506688e-02 3.072841259756467838e-03
-2.009173402559468607e-02 1.792749860151490781e-04
-2.298948277494133885e-02 1.355556417496794246e-03
-8.155154508775486547e-03 -2.650283688975742149e-03
2.179110373832334954e-02 -3.614127272371591825e-03
-7.394075098727914523e-05 -9.118746708382158978e-03
-1.558518854712042734e-03 -8.616762200519148193e-03
-2.085418823238057925e-02 7.297495178238261153e-03
2.752409787368317179e-02 4.433054286149940406e-04
-2.054239441030984020e-02 -1.918204637059305496e-04
2.378743927885173040e-02 -2.332835857613186313e-03
1.366722519719603714e-02 -7.590868490131701465e-03
-1.757212346636708583e-02 5.838285103101902582e-04
6.392031747927107675e-03 -9.329226486323989251e-03
-2.202255351546133014e-02 8.799286018616612939e-04
-4.074221630032330392e-03 -7.967619934254425995e-03
3.193489133927101403e-02 4.096726843847680287e-03
-1.980027031587389477e-02 -4.202722558580722139e-04
3.901246897869080354e-02 1.148454691812018230e-02
-1.937658123618854131e-02 -1.297959361506248878e-04
2.626932093540818372e-02 -5.462029954584409104e-04
-1.800938158896249475e-02 3.505698120549606989e-03
1.616310218674994748e-02 -6.777758356538630263e-03
1.265192025253928515e-02 -8.072200489479876631e-03
-6.939669199086196186e-03 -6.822760427279216978e-03
3.812510557637610424e-03 -9.420614196407680815e-03
-1.841180831058067402e-02 5.031336872246001523e-04
4.020611011774104238e-02 1.222063172646901952e-02
1.706702759694134555e-02 -6.302452985798531401e-03
-8.792106070097992568e-03 -5.997727039891941753e-03
1.888567219878779790e-02 -5.386078047320145938e-03
-2.760651404976975296e-02 3.006376994270482193e-03
1.917430647216401829e-02 -5.141348898539900916e-03
2.358910865741442597e-02 -2.273241879816013944e-03
5.922163098172782657e-03 -9.409729855187749098e-03
9.086792553538010353e-03 -9.003840290840786284e-03
2.763034955106309642e-02 8.154227338363483502e-04
2.749519056362759173e-02 3.630751749319929117e-04
3.161202101065981040e-02 4.032802677210763423e-03
-2.386666735202663120e-02 1.021703460279453114e-02
2.879392097350295075e-03 -9.418095868848556929e-03
4.310308790477052759e-02 1.552639673552930547e-02
-2.161627007888310484e-02 7.036772963649792940e-03
-1.938265647119793988e-02 -5.267223211214689099e-04
-1.330658987444922024e-02 -2.995687033325339799e-03
3.711404610222576034e-02 9.083557701890834432e-03
3.099308527814078479e-02 3.459692207761602516e-03
-2.432511746178182832e-02 1.629663801742254562e-03
-1.423754444194328360e-02 -2.584667188873410095e-03
-1.255869204213848865e-02 -3.509040363616549793e-03
-2.119744495037755722e-02 7.022345338996613916e-03
-2.353196583560166269e-02 9.994058232019853091e-03
3.590177303521573798e-02 7.899834175033901978e-03
-2.124928648664828681e-02 1.071750991732914110e-03
3.014515590474049420e-02 2.619928350618667880e-03
3.708148476942787347e-02 9.072412246308178899e-03
-2.307315075429556411e-02 1.375452402771942632e-03
-2.220294002956300916e-02 9.832530560962568847e-04
-8.059875364337070261e-03 5.036792175517419180e-03
-2.660710538837720435e-02 1.524661256797295132e-02
-1.286915801949827312e-02 -3.250796381401826161e-03
3.195764499898101629e-02 4.102234879598412945e-03
3.611442049867352733e-02 8.092395993380617839e-03
3.051405311690389213e-02 3.075053297841250262e-03
3.600384463645921770e-04 -9.327759114831007253e-03
-2.242521770950252347e-02 8.584363117726140704e-03
-2.440404902637118706e-02 1.509587944058923869e-03
1.342990010424708301e-02 -7.681602903272971225e-03
-1.664595896404679615e-02 -1.567806034474199684e-03
3.190537557331760837e-02 4.127981636275088358e-03
-2.244061133894379931e-02 8.988253906758093175e-04
-2.575119998459671211e-02 2.530096909743097602e-03
-2.709457696150114475e-02 3.054227452760934283e-03
-1.587331300050615068e-02 -1.127063528106851415e-03
3.724079817601282094e-02 9.150831726964641158e-03
3.720413066582650696e-02 9.305801012858124985e-03
-2.310961520792724835e-02 1.131406583986587118e-03
2.834257470114198620e-03 -9.511780111422531853e-03
-1.266061154227442198e-02 -3.626505677737137164e-03
-1.870693983620451894e-03 -8.486589054260553627e-03
-1.767403321531096569e-02 -1.063362307577525503e-03
2.374213160924218760e-02 -2.285805067312045389e-03
6.969850339978281295e-03 -9.269451160728523972e-03
-1.756846998056346351e-02 -1.198075506528580199e-03
6.279194885643775426e-03 -9.528052218294747258e-03
2.915404771974360737e-02 1.759961880892408487e-03
-5.828608135168112693e-03 -6.965625498791755757e-03
1.161531031895280697e-05 -9.122319290914580880e-03
-2.229488480677213960e-02 8.993919396048408871e-03
1.670270136863644117e-02 -6.341128292280402701e-03
-2.371203543611325251e-02 1.374662345777713989e-03
1.645903816951122672e-02 -6.467618213119613602e-03
-1.925405201627745574e-02 2.667516532940151521e-04
-7.213688045525564439e-03 -6.854081774309050620e-03
1.341760312589753996e-04 -8.706380550344750349e-03
-1.731560549735546017e-02 -2.777810548803213292e-03
-1.845993601138141635e-02 2.027001033231816234e-03
-5.747473262904197015e-03 -6.470873622001016047e-03
-2.170397153750533090e-02 2.466446479974924891e-04
-1.940254436852921656e-03 -8.416551865206329738e-03
-2.221655254191350765e-02 5.795204849798467903e-04
2.852048656221255543e-02 1.357355600772574894e-03
-2.020624457767641879e-02 1.003401315996802629e-03
3.838441809564202556e-02 1.037482505758938016e-02
1.710746935615788111e-02 -6.449975076084692518e-03
-2.605981988541404212e-02 7.599456278148767133e-03
-2.590056043248413833e-02 1.384296505704662658e-02
3.177259690942474402e-02 4.085876328142057368e-03
-2.690403760844325975e-02 4.227835325369436181e-02
2.559208718964472648e-02 -1.088871866474929720e-03
3.348615936389795489e-02 5.642137656372171219e-03
3.708742468703077333e-02 8.989786101020113759e-03
2.924851910608853092e-03 -9.360052066985820318e-03
-1.882569837628264575e-02 3.923796525948006729e-03
-1.571727730696774808e-02 2.566554249400221908e-04
-2.428126921737160104e-02 1.752997497748122946e-03
3.521408870738872154e-02 7.256706785053344301e-03
-1.914494877043786819e-02 -4.679640142203637314e-04
2.306783424134351522e-03 -9.405138597423774033e-03
-1.668531944637144989e-03 -8.667110514970797347e-03
-1.846274387906761405e-02 2.184334967020461985e-03
-1.786216395291459133e-02 -5.680605756416720305e-04
2.446829632169194441e-02 -1.812736086400828887e-03
-1.881548113232978103e-02 -2.313428616271489104e-04
-2.424210216954828315e-02 1.619525425503336039e-03
2.282717210807659949e-02 -2.770184841885639515e-03
3.452549906887968090e-02 6.764498500375823974e-03
2.475679709016978189e-02 -1.472222539311481351e-03
-2.371589983542173388e-02 1.717229368903644849e-03
1.322237168207612661e-02 -7.914266405480116159e-03
2.683404928497974684e-02 -5.252696823942633038e-05
-1.955470150252493558e-02 -5.288047248603493840e-04
-2.190189848311400317e-02 5.314757790910500318e-04
9.198534716009674692e-03 -8.871437639318141208e-03
1.635403082721488413e-03 -8.630690648815496011e-03
-2.254977644421435681e-02 1.095232985638833808e-03
3.564736694427227126e-02 7.578044941925921735e-03
3.120064788194504279e-02 3.529377460311824890e-03
-1.965176135967028337e-02 2.100255034929363041e-04
3.289669936407535467e-02 5.072668352089622010e-03
3.166782479646435000e-02 3.888532283361233015e-03
-1.389205319237987301e-03 -8.349820653481151989e-03
-2.340992165298673086e-02 1.029950783758803480e-03
-2.107577597299262542e-02 4.789757150375643967e-04
3.080330545497287492e-02 3.082195518238228620e-03
8.041065957804205758e-03 -9.184425905483991140e-03
-1.608028766825569597e-02 4.956463203089419992e-04
1.314929835511976890e-02 -7.828238902607920213e-03
-1.898770230355281696e-02 4.584492485029440997e-03
2.854666641081468961e-02 1.225165345435264876e-03
-1.619034816009279343e-02 -1.797330178377265194e-03
1.139031946443127934e-02 -8.442295286547730690e-03
-1.267277005455822760e-02 -3.740870387457062400e-03
3.149451882572211221e-03 -9.496739988252858589e-03
3.142944977122109212e-02 3.729002946775613996e-03
-2.421005790166098730e-03 -8.544746577700716023e-03
4.761376129943475574e-03 -9.473907066436705257e-03
-1.971307672598496610e-02 5.707122030870686452e-03
-2.151125406844126356e-02 7.050067317580473343e-03
-1.546036410428121635e-02 2.844239000751912157e-05
1.812366334452162123e-02 -5.823241463211261716e-03
-1.859761196678755973e-02 3.975978565910097233e-03
2.965353506057273950e-02 2.100045049042710468e-03
3.217713364298822876e-02 4.379726207562387869e-03
1.142597760123889930e-02 -8.252609609621812392e-03
2.571785943232204191e-02 -6.877683190771232899e-04
2.167792307066907648e-02 -3.669729091777725657e-03
-1.826686285582678967e-02 -8.547793109549428484e-04
3.648275009629180915e-02 8.478357713105842339e-03
1.268086090691547888e-02 -7.991651115878373526e-03
1.389178687809192354e-02 -7.716358180430655210e-03
-2.433526646094048146e-02 1.161572953781680670e-02
-1.577115844991628518e-02 -2.164843469302982822e-03
-1.874518563868264945e-02 -4.922000002232730436e-04
4.381555526825733904e-02 1.778208830340169758e-02
3.262438452038233377e-02 5.025976692912197813e-03
3.695117331693701518e-02 9.023760029686137690e-03
-2.122074665419494688e-02 7.143144435117222343e-03
-2.135458224882027297e-03 -8.493198953256838463e-03
2.291025705696177542e-02 -2.988845724555254293e-03
-8.317263956823854609e-03 -6.455485915693144963e-03
9.873037114159807781e-03 -8.836824708752188950e-03
2.234821761532279627e-02 -3.271725647229118024e-03
-1.958444522563889192e-02 -4.680995464224017703e-04
-2.007952636416717937e-02 9.563889124095907709e-04
-2.049826499697491103e-02 1.165671177732342583e-03
3.321176174194790526e-02 5.378892219145631030e-03
-1.503471507921159966e-02 -1.223465248190225285e-03
5.849993755549221658e-03 -9.513945609505495768e-03
-1.454538198800237568e-02 -2.253919149348812458e-03
3.057147674316480768e-02 2.917616731444614992e-03
-1.872017728331982350e-02 -1.355210607127244667e-03
3.880672218595485404e-03 -9.393236666605939839e-03
-1.716272653131568904e-02 -5.497500436400299577e-04
5.695104597597326103e-03 -9.167896671116013488e-03
-1.652662665069628764e-02 1.094596607044791585e-03
8.901940483625796208e-03 -9.070215507302923155e-03
-1.248751241401024371e-03 -8.764487356165263574e-03
-1.581530531123165328e-02 -1.137096159687284213e-03
1.905730573440030801e-02 -5.138243124856641322e-03
-2.250116251601975981e-02 1.199110430090529573e-03
1.019186655442402313e-02 -8.857620465900935963e-03
-1.652069858063774307e-02 1.790633654621581142e-03
-2.223856091423461259e-02 1.489941921762014424e-03
-2.394518807994790513e-02 1.700120514770353791e-03
2.861834090254571777e-02 1.329127487797677077e-03
-2.097760297941802035e-02 7.357168863495946488e-03
2.042902949758982484e-03 -9.456451804865954533e-03
3.750556616204090560e-02 9.734366231465192004e-03
-1.830009069549354966e-02 1.843572257141522404e-04
3.845903777513812183e-02 1.051619344368629957e-02
-1.777147405366952607e-02 6.214464238533259376e-06
-2.651580135128885768e-02 2.823628558954182754e-03
-7.053979705232021370e-03 -6.934814822943579683e-03
-1.990678208900009682e-02 5.697743253087369543e-03
-1.615208422624796886e-02 3.011975348042997052e-04
-1.670683073677447020e-02 9.622530918393033513e-04
3.974408827492022928e-02 1.190648981879128057e-02
1.379188748671127292e-02 -7.515310072314920417e-03
-1.559025894920421963e-02 -2.204593126873285232e-03
-2.090835814775788420e-02 7.160807168647973994e-03
2.585439768270475155e-02 -8.307629379084353503e-04
-1.763659454618504360e-02 1.117685404071033892e-04
3.591908459702657878e-03 -9.218268613465762512e-03
-2.417645390187700069e-02 1.543172839404466281e-03
-2.407436848878898028e-02 1.472902743626350926e-03
8.348421906601035530e-03 -9.153962895682068307e-03
-1.444986423371194019e-02 -2.700254381368312386e-03
4.943564373324211073e-03 -9.485985986085966951e-03
1.898559752547853904e-02 -5.007402768382883569e-03
2.827781982616501752e-02 1.058142228266794769e-03
3.388011168725164890e-02 5.853662050337667989e-03
-1.910774168369284293e-02 2.603436497618887707e-03
4.258824124585417967e-03 -9.474711189513937773e-03
-7.762102712992712504e-03 -4.696275058305248405e-03
-2.220436780367514296e-02 7.422527553905550060e-04
2.618397459968413096e-02 -4.079579557738071825e-04
2.880588025117385848e-02 1.547152544172791019e-03
-1.581279595201039861e-02 -1.294589232085262536e-03
-1.718435269220075848e-02 -1.038978513675772137e-03
7.329182906130433765e-03 -9.362944111700140237e-03
3.696159767369096988e-02 8.982407658073777307e-03
-1.934494273746484652e-02 -3.393045434624887861e-04
-2.309730523679916561e-02 2.871953225800084582e-04
1.019998618242023113e-02 -8.764301787353942844e-03
2.710967743409090774e-02 1.397987765618794766e-04
-2.465813069167480803e-02 2.278040145185902809e-02
-1.837052610939369016e-02 3.719565448313079999e-03
1.529100628302167142e-02 -7.026031638448626722e-03
2.037123353344839124e-03 -9.202634825320193598e-03
3.463756642905191363e-02 6.691635440732232425e-03
-2.701443571894712389e-02 1.861064688113597300e-03
-2.627499752105622033e-02 2.029284863710337748e-03
2.506541712429067280e-03 -9.371004084834981540e-03
1.079772578034413934e-02 -8.828541872477928959e-03
2.013825993249088522e-02 -4.647522908510605573e-03
-1.998690945986577455e-02 -6.223890154905917672e-04
3.478108939531334830e-03 -9.148114272950416334e-03
1.807769001271092692e-03 -9.398081962948154344e-03
1.569158565719984411e-02 -6.814281459423594811e-03
-1.529643209923767753e-02 -2.135218664967674165e-03
-2.354486936625458521e-02 1.053922444094033614e-02
2.874897246831833314e-02 1.421451406622393100e-03
-1.771774543617033945e-02 1.140279734773402614e-03
3.646376247756173000e-02 8.566787108229117695e-03
2.180632851677245798e-02 -3.593975508569696893e-03
-1.688314226222947800e-02 -1.476742372372581843e-03
-1.930177076010376747e-02 3.362322316046021872e-03
-8.218100895660234231e-03 -5.620405022290716340e-03
3.568858959255366385e-03 -9.602868853718322245e-03
-2.198599595349508273e-02 4.990514542343378254e-03
1.469323990778744968e-02 -7.492864381124036965e-03
-1.571314084394142413e-02 -1.877955884364956429e-03
4.259113756260968046e-03 -9.548364778317070672e-03
-2.347041977717598954e-02 1.228028869932017630e-03
-1.428906060637225202e-02 -3.037133210492639832e-03
3.399429602190922467e-02 6.043408981076872633e-03
-2.023421252836834355e-02 5.486782833883476103e-03
3.495265951835013069e-02 6.932943424666165519e-03
7.316643490002569181e-03 -9.340434851408670885e-03
4.836143623692157334e-02 2.294207439829153150e-02
3.568494790379756615e-02 7.826156637914964687e-03
3.701850823158228665e-02 8.981592377817544659e-03
3.149426426755976699e-02 3.757544855448797551e-03
9.328815419627689218e-03 -8.714268251627787024e-03
-2.299434246755719183e-02 1.335382765265212069e-03
2.602815164799443873e-02 -6.856736324564461889e-04
1.612018884553056627e-02 -6.944639861656983458e-03
-1.746891496188451159e-02 1.141954856345150319e-03
-1.892697804749016166e-02 1.163932851914318721e-03
-2.026900613906054693e-02 1.450582318341497434e-04
2.989635433113779772e-02 2.390076368060149292e-03
1.876230409990374548e-02 -5.421755186451413661e-03
1.448336481697005138e-03 -9.233164658412337106e-03
-1.792830905784354584e-02 1.096431862005945931e-03
-2.658626303013590653e-02 3.995880852275381784e-02
3.139936248733949525e-02 3.777836985416291662e-03
-1.337462704471453941e-02 -2.955506537638956030e-03
2.124800858024274500e-02 -4.032394457931989112e-03
-2.301866485483489502e-02 9.425447427091463749e-04
3.124955112416591060e-02 3.545763596091574491e-03
2.293343054895054592e-02 -2.925988632787502545e-03
-1.737930705749707663e-02 -1.349922455913780397e-03
-2.645841227999878170e-02 1.472827565416437619e-02
-1.603845931977759126e-02 9.026519227712412287e-04
-2.124115033818900142e-02 7.400021870633097416e-03
-1.338186599698270966e-02 -3.174363371366231094e-03
1.826867171822760955e-02 -5.647810084531256630e-03
3.024660692526371514e-02 2.657265673071970789e-03
5.762450477286743672e-03 -9.290797320375455276e-03
3.434705762468426987e-02 6.346001669131384401e-03
-2.302727853580806630e-02 1.271357775935267730e-03
-1.595234801353954263e-02 -1.339792573032555457e-03
-1.696062417316325163e-02 2.279308852325045466e-03
-1.393292796958488060e-02 -2.922523015109461646e-03
-2.546013280619807001e-02 9.254938357182082836e-04
1.076901915700184502e-02 -8.666581232639462840e-03
-3.261495901332131866e-03 -8.148511626311890146e-03
-2.585348981548420827e-02 2.524360478980931105e-03
3.592829815248269054e-02 8.616230488692065009e-03
-1.804278885525622406e-02 -9.107282591130334099e-04
-2.675993940309754834e-02 2.008945647591376619e-03
-2.260977430455997708e-02 1.143778153593793742e-03
2.929991675369261750e-02 1.896963462975440962e-03
-2.125786782438358197e-02 6.648506212974691909e-03
-2.311849635561764524e-02 1.200633810640541884e-03
-1.653979574519851697e-02 -1.593009786449338426e-03
-1.615875640129734239e-02 -1.680291542156034683e-03
-1.979034719748032009e-02 4.975978143844666038e-03
-7.122705515795252872e-03 -2.813293133200365798e-03
-2.169885468614360033e-02 6.914290982051581134e-04
8.795906527463096675e-03 -9.116819417859833505e-03
1.581366490012614317e-03 -9.495925984767776551e-03
-1.770676736127719392e-02 -1.143258749766709517e-03
2.572827433362127533e-02 -8.094070855777904571e-04
9.783610307504577233e-03 -9.021347815884398977e-03
1.961124181520534568e-02 -4.885384166315958829e-03
-1.302810084376307062e-02 -3.672402589773362050e-03
-6.315056728387831485e-04 -9.086901115407193877e-03
6.549226678813672379e-04 -9.077448037250211710e-03
-2.379860964959089331e-02 1.383569833072351412e-03
2.372147096740456155e-03 -9.462778247112892463e-03
-2.705613575179382016e-02 3.047373308432472193e-03
2.720171707487784377e-02 2.221333129865026099e-04
-2.001338467522011111e-02 5.548351056103867189e-03
8.580503266601409527e-04 -9.170453216276895983e-03
-1.797788135624880587e-02 1.233403069383589743e-04
-7.093289320804209604e-03 -5.035537372858707103e-03
2.505071189799620499e-02 -1.279802084443324101e-03
2.860986335627616062e-02 1.297050496952138841e-03
2.893565740747628193e-02 1.774627247032260942e-03
-2.439261021727807260e-02 1.706317985131745440e-03
-7.176885766627644214e-03 -5.607195012257188901e-03
-1.926976722768312597e-02 -4.107416672302554249e-04
-6.272082556959606911e-03 -7.116908353838745545e-03
-1.537108776254356504e-02 -1.717675719392428328e-03
-2.249851593653295206e-02 1.177901976371514316e-03
3.168515871651989002e-02 4.026873036869842507e-03
3.514557095061773828e-02 7.040958623364936865e-03
2.897208693541510408e-02 1.840925210144702187e-03
2.878659784550453848e-02 1.472641737590695129e-03
1.048500243384165379e-02 -8.399404079942465046e-03
-2.034507069771479462e-03 -8.088988380722734670e-03
-1.555978202784033537e-02 -1.776856805230852751e-03
7.760969727516944631e-03 -9.707248407942006482e-03
3.755749087316892498e-02 9.537134127628360200e-03
-1.624455352091185717e-02 -1.727300671693496369e-03
-2.565451637330651291e-02 2.134682146203761930e-03
-1.897438163050780419e-02 6.681133250333947489e-04
8.136481702068725300e-03 -9.116538754157488614e-03
-1.910487472211777962e-02 -4.370826296381684676e-04
3.072218577476627452e-02 3.082526798545015198e-03
-2.407983668184674603e-02 1.058508498661194994e-02
-2.070614097956505195e-02 7.412539244250452870e-04
1.860299106972137725e-02 -5.560242152657051892e-03
3.783517265532622929e-03 -9.369142323388942803e-03
-2.401319589641393373e-02 1.338790010807680998e-03
1.181339241086503539e-02 -8.274556459896338645e-03
-2.169966352563568873e-02 8.980265972842187312e-04
3.040538037989195391e-02 2.784237248659818600e-03
-1.785452429649909967e-02 2.560776279766523167e-03
-9.522088964053290056e-03 -5.368056824683444320e-03
2.886429906057750086e-02 1.688315485304710175e-03
-1.686907062657822323e-02 -1.359818903967776986e-03
-2.019371841389205544e-02 -2.207656863546984699e-05
2.566382717074737474e-02 -1.038386318128337992e-03
3.738903129611211712e-02 9.321559567312112313e-03
-1.531322323036107824e-02 -1.947246959757531395e-03
-1.924809547437447005e-02 -2.531693048821294996e-04
2.508866498206521723e-04 -9.186493911368515813e-03
-1.991138988512132849e-02 1.905189975245599613e-03
-1.911202540629108881e-02 -1.219978740541746910e-04
4.156177715372552650e-02 1.381630133054836430e-02
3.422583793709153138e-02 6.151986045357956887e-03
3.379419645385177418e-02 5.855779684195358548e-03
-2.342436613854427183e-02 1.486323245869929132e-03
-2.057709798938095469e-02 6.398235856762669871e-03
-6.415116445467734102e-03 -7.253461110596357703e-03
3.912001808735265929e-02 1.103983314655756533e-02
-2.570584446718274588e-02 2.204611898596725225e-03
-2.216412390094807047e-02 1.198967487633863845e-03
-1.789852771832579903e-02 -6.960592040465988020e-04
-1.365565034454024017e-02 -3.132896426949514403e-03
-2.458788340019090607e-02 1.762989351678914901e-03
-1.645484796969131497e-02 8.101487698553769398e-04
3.068454405820893530e-02 3.136547703966784117e-03
8.155586570849656216e-04 -8.959469671034158214e-03
3.822451703429867453e-02 1.010104795881640316e-02
-2.204274737390900935e-02 8.463082579484176166e-03
-1.747716206885140816e-02 -1.548107648109678944e-03
8.026814748617924766e-03 -8.918009457937008805e-03
3.766835322091202642e-02 9.776120752141622544e-03
-1.821006904208909150e-02 1.066261382498005696e-03
-1.491257517576766861e-02 -1.608221901152613858e-03
-2.182381829042378055e-02 8.292662077303086798e-03
1.337899437405760256e-02 -7.742465960467837666e-03
-1.477270283128365863e-02 -1.576647382819011982e-03
2.973992900629308586e-02 2.291283003640242049e-03
-1.944715172356986654e-02 -4.630716345524378422e-04
-1.966364089971958315e-02 -3.133309667786839743e-04
-1.869045680195401040e-03 -8.364847996161207250e-03
5.382888296685957655e-03 -9.408362956883060610e-03
1.482794400940975685e-02 -7.273447164515041939e-03
2.315321657643915759e-02 -1.905511578982294106e-03
-1.599738383774085629e-02 -3.140017128030409780e-03
-1.736470802574617556e-02 1.283158394271809166e-03
-4.725148752432488039e-03 -8.332691601705419573e-03
3.300417168018412312e-02 5.092222778312828664e-03
-2.290623916966479448e-02 9.369334143025194114e-03
1.420133590863819142e-02 -7.480369163439272266e-03
3.624965562086628068e-03 -9.495271729367074989e-03
-1.722395575402257614e-02 -1.308544371776860409e-03
1.820504874880134530e-02 -5.771332745239192083e-03
3.427681063860334859e-02 6.323614766978740906e-03
2.800205555077131536e-02 8.121491717316026452e-04
-1.777768352262516782e-02 2.546290881027384392e-03
4.652425044684063704e-02 2.031955531897876310e-02
-2.241594867531835830e-02 8.365777303108654084e-03
-1.967521129770710003e-02 -4.175864693291394180e-04
-1.702506351306689453e-02 7.916104954510173354e-04
2.789712648463926400e-02 8.434268294818293450e-04
5.408327899366179720e-03 -9.287404065107734280e-03
-9.852578147072467776e-03 -5.338907784252232974e-03
-1.463471159646068456e-02 -1.604095814842351189e-03
-1.875464753931180284e-02 3.312946435293244365e-04
1.263528130394217519e-02 -8.049928817026279562e-03
-1.914919334386338753e-02 5.345713455870723316e-03
1.154064937170910451e-02 -8.437548739248757271e-03
-2.281780635429268150e-02 7.840046658151685532e-04
3.748330067359186696e-02 9.380814418103441965e-03
-2.215387055176117753e-02 1.319005774827630706e-03
1.448506046640378291e-02 -7.362856482856170934e-03
-2.090431041954423155e-02 6.452829237509357220e-04
-4.457242395847838164e-03 -8.188304119906833142e-03
2.694272727338794388e-02 6.062750296522867888e-04
-1.849802170629038719e-02 -3.744623671533397341e-04
1.149455963901331763e-02 -8.327673380974995321e-03
1.298909294425404891e-02 -7.955131125785087909e-03
2.842093696696641400e-02 1.411623854613323556e-03
-2.200631131466262297e-02 1.261476276352330650e-03
2.817614252929049462e-02 1.028010912196718977e-03
-1.974590748140192878e-02 -2.503783320230824156e-04
-2.540425618898834240e-02 1.322705431069047012e-02
7.524795778532230792e-03 -9.366263129030440518e-03
-2.119939965989609681e-02 5.148699910255391315e-04
-1.799004222384019067e-02 3.802502326242304578e-03
2.118094210169169794e-02 -4.025920846083736598e-03
-2.239495934490539839e-02 1.012960255952166395e-03
-2.107719168509015681e-02 1.787194516677893591e-03
-5.786105278506347045e-03 -7.079587027445397550e-03
-2.404760762894370477e-02 1.470704498164574804e-02
-1.700880654379182538e-02 3.706671268565184339e-03
2.755650320173072196e-02 4.454356029016360522e-04
-2.263615628900819687e-02 1.117618836722774527e-03
-3.512031189191487440e-04 -8.657759375487662779e-03
-2.401825538160573190e-02 9.167289737414582428e-04
-2.150285380192380746e-02 3.977836948759916769e-04
1.917157743294410285e-02 -5.252103408945440165e-03
8.094135991022105223e-03 -9.078918881651795031e-03
-2.017664628664604318e-02 3.459342577234919601e-04
1.492713352991462648e-02 -7.215339659200232028e-03
-2.523980217482707858e-02 1.312027765056227556e-02
7.505512588599509184e-03 -9.262678934819067525e-03
7.029394179664748797e-03 -9.317889714992661637e-03
-2.491490013656521424e-02 2.342836058118357573e-02
-1.830575494759692154e-02 -3.401660041560266331e-04
-1.820633401896206566e-02 4.687047179359718116e-05
-2.413173830019384875e-02 1.770328199044247930e-03
-2.204136387489597990e-02 7.560870182135169711e-03
1.217598563415846387e-02 -7.829978502917004507e-03
3.562996205497447749e-02 7.702729974612520202e-03
-2.104230939379360052e-02 -5.940714136702059030e-05
7.443326502704984519e-03 -9.488992881683625327e-03
3.138876236974504075e-02 3.597406068113516604e-03
-1.995450263218670126e-02 1.071800060085557763e-03
-1.405182339827424839e-02 -2.279949642732276988e-03
6.591722119910940932e-03 -9.405907665100774612e-03
5.832504127928550205e-03 -9.435524275286502616e-03
1.402712878553774838e-03 -8.831014364449326498e-03
-2.076297822716520469e-02 5.187036368525132189e-03
-2.384876284556678577e-02 1.670641492527388935e-03
2.134282056692913751e-02 -3.949859004098012737e-03
2.316101533507099186e-02 -2.516449489768000491e-03
-1.843855663869490083e-02 -2.572723221594637238e-04
-1.244086417388128550e-02 -3.392629698563385393e-03
-1.417398910621787966e-02 -2.151361876310880702e-03
2.844334535113432830e-02 1.082066367652735313e-03
1.360719923678643806e-02 -7.707718350437101767e-03
-6.413121084231410834e-03 -6.994864140699890917e-03
-2.238584330635441655e-02 8.861698013274542374e-03
-2.147761773020748916e-02 7.473896349041071925e-03
2.702603195244333845e-02 6.494257695705194758e-05
3.331312254018166386e-02 5.405285476156481556e-03
-2.128581511791625275e-02 8.659768529607782955e-03
2.647378979805482552e-03 -9.437397775455307752e-03
-1.717067071850952517e-02 -6.896696258148615885e-04
-1.711404493052582493e-02 1.687738574990485592e-05
-1.388558663278651080e-02 -2.739783801211564083e-03
9.602607802286933919e-03 -8.973246867038387961e-03
2.349376720086707865e-02 -2.432883990827586912e-03
2.806867572123095816e-02 8.919435699420732132e-04
3.018360659130222418e-02 2.600627966706975207e-03
3.590303545801347418e-02 7.925378374531291681e-03
-2.450299079946068742e-02 2.238788272281927103e-02
-2.150062512973549209e-02 6.698011077208496349e-04
2.946420953193919917e-02 2.049113846831408792e-03
-1.874907754306638988e-02 5.679641493862716214e-05
-1.737859796490818023e-02 1.173022753653425385e-03
-1.291959336226629340e-02 -3.021825952711563405e-03
-1.984588422209374384e-02 4.168345278870487307e-04
2.465099640667648556e-02 -1.652447320221175561e-03
4.076155738616228652e-02 1.314336577261707856e-02
-2.221097462068500478e-02 8.709704898255249666e-04
2.535565927852897420e-03 -9.452651508157541502e-03
2.676109807717966596e-03 -9.281199958581072551e-03
-1.326227161370290702e-02 -3.356434567886126732e-03
2.673581362372748696e-02 -8.356424325268645506e-05
-2.113602224806825081e-02 2.365276147363609520e-03
-1.718988953524553873e-02 1.295793514437516402e-03
2.610576303701412845e-02 -6.337457904730184333e-04
-2.107131602631446762e-02 2.165986822289644315e-03
3.361760026011204050e-02 5.650325350441226697e-03
3.055235515932406068e-02 2.852400902342846437e-03
3.781559419306299713e-02 9.737260783144269238e-03
-2.249868816888987363e-02 8.869213502881464692e-03
1.218877687973291555e-03 -9.194303273447114802e-03
3.155000010975788499e-02 3.746568183393248971e-03
-1.583489139341433607e-02 -2.085184725470092329e-03
-4.609810922989138887e-03 -7.046972012640399449e-03
3.380690984064982276e-03 -9.580741349161444806e-03
1.087614848882244864e-03 -9.364956928506794689e-03
-1.462614272979342531e-02 -2.679591045351516643e-03
1.722160416742939126e-03 -9.375914987957371244e-03
1.839197767041411170e-03 -9.333292694329883496e-03
2.580624424843765141e-02 -7.852937847252883892e-04
3.356860240394329039e-04 -9.058473472363692477e-03
1.970238103658336973e-02 -4.970745166663508019e-03
1.213040926776791546e-02 -8.291160669809593750e-03
3.051257286485560202e-02 3.074098664273169825e-03
-2.593020099932409617e-02 2.190742948557007977e-03
-2.185835294010985558e-02 2.584968920366228964e-03
1.380143286993206451e-02 -7.713635865513533175e-03
3.467603346082297026e-03 -9.501545635295522915e-03
-1.629842895889218116e-02 -8.898924047976575083e-04
-2.374843811323894271e-02 1.306850164749107611e-02
2.785122396918015067e-02 5.560303736822147297e-04
1.415420076727849641e-02 -7.562223261791333265e-03
3.897027628759983098e-02 1.093129733058870005e-02
-2.030352472097945310e-02 6.582564672714688592e-03
1.186397538481239605e-02 -8.189236203088073179e-03
-1.764279646005384450e-02 -1.228766828342206085e-03
-1.902906284815556598e-02 6.633946130960354046e-04
-1.242930646648989293e-02 -3.339410182513726476e-03
-1.433139678432055961e-02 -2.596662928246295382e-03
-2.103048005916008725e-02 4.327466822662388054e-04
-2.153199728901739746e-02 3.033780031218313768e-03
-1.477953796846833909e-02 -1.222981789207711273e-03
8.761963814748065238e-03 -9.451040495233353420e-03
-1.793518456204726275e-02 1.914389569512460476e-03
-2.122395512002725818e-02 2.896890364052923713e-03
4.081776216792840778e-02 1.295438726941369224e-02
-2.216419256945869817e-02 8.307415088415689985e-03
-1.884474521093559840e-02 3.673946770659726555e-03
2.027309586247863157e-02 -4.568988184810995022e-03
2.364134540707681434e-02 -2.213262299607095338e-03
-6.875001328679877961e-03 -6.672365148461833519e-03
-2.073341444898964270e-02 3.310036283201103768e-03
-1.793665046092115384e-02 1.046591745920265586e-03
1.725024480961148687e-02 -6.280546175571249078e-03
1.499304641519561172e-02 -7.282035004709698847e-03
7.200960517405070350e-03 -9.716883931029231952e-03
3.122536792225717728e-02 3.684080028722691493e-03
-1.555426665157795540e-02 -9.768220713281372102e-04
2.637546577109649727e-03 -9.540055712843633490e-03
-2.129960069715413143e-02 -3.859901988884824613e-05
-1.855879058994573325e-02 3.980672427345335537e-03
-2.367607010823113284e-02 1.842918951842381203e-03
-1.668855980894688382e-02 -1.373784473018791960e-03
3.633360386772618161e-02 8.355363940029227401e-03
-1.248275227642989607e-03 -9.077946006451896241e-03
3.894496500568623426e-02 1.123863124780311376e-02
-2.522264962693578777e-02 2.260213124774847204e-03
2.554232179963888613e-02 -8.164720235510630622e-04
-2.089777405572241370e-02 -2.156425583380425410e-04
3.911009105771554722e-02 1.095402437266897698e-02
2.865113784750606546e-02 1.269864315114247518e-03
3.376499026106554585e-02 5.995458481068443278e-03
-1.384802180895025082e-02 -2.646457607733621736e-03
-2.238079302868381179e-02 1.220715498026930497e-03
4.671737196267739672e-02 2.079724239309336045e-02
-1.773989931634058562e-02 -5.416638792046754884e-04
-1.612893665647826755e-02 -4.592411093479952205e-04
3.991243636118797788e-02 1.200304842309844050e-02
-1.881246474475673641e-02 2.783884521128602001e-03
-2.141554892956095899e-02 7.592413408157000498e-03
-2.324992403066016011e-02 1.331320024807615583e-03
-2.687902394693036327e-03 -8.257471095899802591e-03
-2.227505133881999347e-02 1.577818282808933536e-03
-1.645849682417748622e-02 3.580136566513321753e-03
3.477222121570513330e-02 6.726984997158677766e-03
-9.073868243875762157e-03 -4.613663564663802313e-03
1.885575104500226973e-02 -5.346211974844120376e-03
5.708449318282555682e-03 -9.453791495183007029e-03
-1.552403640651739761e-02 -1.901986724617408435e-03
-1.807123150629300762e-02 1.823834369944136828e-03
-1.658307318992535695e-02 -8.989894485082482222e-04
1.168582545025838304e-02 -8.082376641170665663e-03
-1.819008042234272066e-02 2.712255139473414376e-04
2.091560816983760451e-02 -4.104967618532346166e-03
5.165064336764562877e-03 -9.453980533738403150e-03
-2.279694859808192170e-02 9.623672815120930604e-03
3.967121540455207512e-02 1.196007774114523151e-02
-1.822679249385990990e-02 2.630818847334365912e-03
2.116138696675884401e-04 -9.176094702503688125e-03
1.383410668789473302e-03 -8.850150340210222177e-03
-1.746126125963849696e-02 -1.334988936125133634e-03
-2.222214458403051762e-02 1.023544739206744790e-03
3.610945533317393152e-02 8.173135994874729249e-03
1.582137603497100337e-02 -6.960839558994668178e-03
-2.135196770233339925e-02 6.172219440551625401e-04
-2.214319505785912121e-02 4.256779511256247872e-03
-2.586837707509094877e-02 3.540657455555552141e-02
-1.699628616181341964e-02 1.204053805249941881e-03
1.391057353045816944e-02 -7.010740898709796366e-03
1.096643024128432335e-02 -8.640010399473293037e-03
3.773941072514618023e-02 9.965608978670204704e-03
3.630836475694614734e-02 8.582145344528595982e-03
-5.277688853982972876e-03 -7.400156848854607880e-03
-1.075218187710636625e-02 -4.644703522154113376e-03
2.866730464238010073e-03 -9.548675132334642768e-03
-1.243258681230951720e-02 -3.927292965570007392e-03
-2.280496871963959629e-02 9.155708468796803709e-03
2.839617059037496255e-02 1.216203966530815354e-03
-2.784460107098967949e-02 3.486676170983946371e-03
2.654381357949917031e-02 -3.861817650887677117e-04
3.387671140122405083e-02 5.978041180884144379e-03
-2.669528020483134811e-02 4.093738451067953366e-02
4.287367262182236252e-03 -9.136490199365767534e-03
-2.511481805580815380e-02 2.189447594573566778e-03
-2.449291962083886484e-02 2.297719072988473055e-03
4.111451029661347678e-02 1.345959736163989881e-02
-2.115747473021075201e-02 6.474249578002721357e-06
5.508746575560513441e-03 -9.482515335132982517e-03
2.492955463368518379e-02 -1.399973382135618824e-03
-2.238525385925378003e-02 8.846813413627075545e-03
-2.142416708473139988e-02 7.324125627803968440e-03
-3.790663289800437659e-03 -8.185535335534715323e-03
3.243212696479184226e-02 4.849719984281269068e-03
-1.095929856458690947e-02 -4.674408554421007056e-03
3.658545702550263651e-02 9.053985563490397209e-03
-1.894170025518640554e-02 -5.149198269490089111e-04
-4.110636743791605541e-03 -7.648582968718588976e-03
1.352514351108210534e-02 -7.751761538805842199e-03
-1.873840729110057279e-02 -9.422250841443501100e-04
-1.654324000787390017e-02 -1.506557858354562723e-03
3.170443398264260332e-02 4.139185561648522048e-03
1.499624604798329005e-03 -9.047611335204347460e-03
3.782467717427553250e-02 9.683313961186098412e-03
1.576182399052250202e-02 -6.809131412578212431e-03
6.879375360567702722e-04 -8.028958000950017077e-03
-2.019462674829992574e-02 -1.576854449936617841e-04
6.440420575892196429e-03 -9.430459085086537185e-03
-1.837259670590687954e-02 1.400182344797295782e-03
1.341194079557462161e-03 -9.225082274674440211e-03
-1.861229707923585039e-02 -6.976241980332243547e-04
1.761728066879963625e-02 -6.047487928433152235e-03
2.935287649346473779e-02 1.917950072162315266e-03
2.447076084910437821e-02 -1.805512258198254663e-03
5.152859890116352239e-03 -9.326375440486386545e-03
3.680582145277992712e-02 8.971137846814459388e-03
-2.020310951026546217e-02 6.391275811048873975e-03
2.853973783087668248e-02 1.652386784462292913e-03
2.790150759416086534e-02 7.503370238661026797e-04
7.731562316469644744e-03 -9.050351044981187060e-03
2.201173590956126760e-03 -9.441165785816843514e-03
-2.459892216655435761e-03 -7.996330207263677853e-03
1.826270109849452775e-02 -5.799502771216320622e-03
-2.219931676117113672e-02 8.671852341985404264e-03
3.230086960796074713e-02 4.577366613114162118e-03
-1.979479690885992474e-02 -4.853106584031200831e-04
-1.580806685506134721e-02 -2.195675214733897127e-03
2.998346202681378622e-02 2.581018708497923551e-03
3.230695926924442157e-02 4.665069783819825004e-03
-1.391230980921659595e-02 -2.938695522861305750e-03
2.807499449922984912e-03 -9.358414562569451756e-03
-1.417038186011602974e-02 -2.563049880535208519e-03
-1.960513784738863313e-02 4.108484820816695783e-03
-9.728461639409277575e-04 -8.721885575187986184e-03
-1.459623515213116264e-02 -3.045568254073880658e-03
-2.208213055762966656e-02 9.864087482085118902e-04
-2.291163137084321552e-02 1.122563633783932703e-03
-2.122051432549825617e-02 4.460097230970403392e-04
3.272132570843132304e-02 4.824955202538378993e-03
-1.895898733901855981e-02 4.914959086975700941e-03
1.130429626053616136e-03 -9.162247535879108548e-03
-2.191050958369921212e-02 1.304357093771244588e-03
-2.204446261741969254e-02 2.892472969747978523e-04
-2.311220836987118096e-02 1.371317202930008887e-03
3.274691410664334716e-03 -9.508064854900371080e-03
-2.397516232641083711e-02 2.175120202360978239e-03
-2.535306575735247689e-02 1.308530626680006609e-02
3.056220231069260718e-02 3.008586101586023607e-03
-2.079924427401069753e-02 -1.508423598863194082e-05
-1.917662463782697155e-02 5.684203927050756125e-03
-1.494417382346435383e-02 -2.087024547414740965e-03
-2.224607447301674493e-02 8.140294962847230290e-04
9.811957406187545028e-03 -8.803974626767376715e-03
-1.289588615349339731e-02 -3.121546462602228008e-03
2.498791192046258269e-02 -1.233496854976069701e-03
3.941090394563920296e-02 1.162105189363915429e-02
-1.625858905870790350e-02 -1.294348817567638008e-03
3.395651983977499011e-02 6.021308901779011229e-03
2.270404561144705180e-02 -3.034738964926112035e-03
1.245156861502442168e-02 -8.081839370152981566e-03
1.940622037152192614e-02 -5.106294162363286815e-03
1.475948099973346979e-02 -7.398013897342373309e-03
-1.943688445743840809e-02 -5.346779754295022564e-04
-9.289614847464499475e-03 -5.333928597903807127e-03
-1.788349930026856063e-02 -8.389497063746539397e-04
-2.472316017911524791e-02 1.247503589484384549e-02
1.490331834797301719e-02 -7.160862859681397727e-03
1.103205612561800227e-02 -8.482968691907679173e-03
4.491655053373508517e-03 -9.329080180937896621e-03
-7.864020837172377640e-03 -6.183367116759229398e-03
2.987059773900308662e-02 2.492400447161940372e-03
1.651917629281900862e-02 -6.647996085565553541e-03
2.045255057013785002e-02 -4.302306303980032651e-03
-2.067848981445187528e-02 5.129690987971202796e-04
-1.564286718544220106e-02 -1.853977170716084857e-03
2.929196926614135305e-02 1.850397006588328777e-03
2.209366308921502028e-03 -9.591276677833361630e-03
3.727036247492056253e-02 9.295218180143890313e-03
1.891201575879774763e-02 -5.291550520455062627e-03
3.007149430119715819e-02 2.505451162578096504e-03
4.011030937967485777e-02 1.303441414692839417e-02
-1.918374289644183411e-02 5.254557364146940010e-03
-8.537954837985931673e-04 -9.039027558360852171e-03
1.200618925681435321e-02 -8.186737069749089671e-03
3.022094090661573557e-02 3.127807321885970378e-03
-8.359956903378660490e-04 -8.923055628523657648e-03
1.112892238154812585e-02 -8.572867745534064679e-03
1.263356746878777949e-02 -8.133687510269833887e-03
3.319304191480711153e-02 5.281711680530581238e-03
1.787559498397938568e-02 -5.953790347774449467e-03
-1.327304291706232590e-02 -3.496294405225278731e-03
3.992634817384933116e-02 1.251405337108996846e-02
-1.521237679918591677e-02 -2.099403309176206892e-03
-2.721840601837321322e-02 4.494258742482880320e-02
-2.310552534707161973e-02 1.672965270298317582e-03
3.068805806877029224e-02 2.924998251333320309e-03
2.841553847301091229e-02 1.213914688870038451e-03
4.221859001758106189e-02 1.493062100751730778e-02
7.685068332445952471e-03 -9.370071041470896811e-03
1.741246894276675394e-02 -6.265870879730879063e-03
-2.367835930878745346e-02 1.362021437901239293e-03
-2.209756729193698005e-02 1.603656302696342779e-03
-2.165250647360111511e-02 7.873866580548435912e-03
-1.379631608621189644e-02 -2.969668842543331938e-03
-2.203904012010023117e-02 8.353141194897836059e-04
-1.996343293028078267e-02 4.277642784101667937e-04
2.026056936700328451e-02 -4.311981756468659735e-03
4.094930243009072685e-02 1.371840445658347764e-02
1.173816308271350903e-02 -8.219560166196014303e-03
3.038254639845387739e-02 2.807071379568221864e-03
-1.748114398804777314e-02 -2.368549161881759475e-03
-2.068799985189781476e-02 6.864365333597722239e-03
2.978544365254610915e-02 2.406802491277603220e-03
-1.735808762583398654e-02 -1.280016890726473188e-03
3.044413205744846834e-02 2.962569049819040786e-03
-1.985696447673357401e-02 2.952858493567620413e-03
3.002110493823915288e-02 2.400757135375755635e-03
1.885730372093239945e-02 -5.441428309516441880e-03
3.137536668591389688e-02 3.718633192725610478e-03
3.006843407836962481e-02 2.661785280692920141e-03
-2.620885937071169500e-02 1.467179871206592510e-02
2.312747504215408381e-02 -2.719178188573532270e-03
-1.661896544279949789e-02 -3.694830427172526269e-04
2.520384715245006443e-02 -1.251918035208582879e-03
-1.073358792069129160e-02 -4.442193642409085659e-03
-2.062285531104681921e-02 1.320161494426118787e-03
-1.911288155270893935e-02 4.240660613210050708e-03
-2.259279645876918763e-02 1.252659098695333090e-03
-1.840749184685279774e-02 -6.827713853028663125e-04
5.127793533538457620e-03 -9.449915196399512676e-03
-1.325761611536539764e-02 -2.973883461068008074e-03
3.703180791827993812e-02 9.056556794408199274e-03
3.125733186141121250e-02 3.523369258517312311e-03
1.705525578901741571e-02 -6.180923342170669028e-03
-1.428514911018893168e-04 -9.162198879487231176e-03
2.712318034634819686e-02 2.172192933314743126e-04
-2.085099938019739294e-02 4.999335434708879720e-03
3.229090284561242363e-02 4.431994147970109987e-03
-9.432741175834192388e-03 -6.460605399888276479e-03
-1.779662406885403059e-02 1.315625198945538600e-03
1.900639015740017770e-02 -5.185306912451985266e-03
-2.324797087431853052e-02 1.350735243149041092e-03
4.135547510857266046e-02 1.383502932026258771e-02
-1.831502956806573337e-02 2.511066547116632113e-03
-2.143449776514554789e-02 7.137078244313831143e-03
-2.553235076619859642e-02 2.171541728222956685e-03
-1.693107596688388575e-02 -1.092273446345387242e-03
4.368195892910716610e-02 1.620884859939838649e-02
-2.396754800296849175e-02 1.856357787890375224e-03
2.515278605904323807e-03 -9.367024873946885183e-03
2.784663243966025228e-02 6.986360160171960166e-04
-2.235733464773115298e-02 8.471558926404152952e-04
3.998382889757389272e-03 -9.497608460523424348e-03
-7.792426898530157263e-03 -6.017044224677151922e-03
3.849443560659687649e-03 -9.525985748175085088e-03
-2.233633508982409838e-02 8.330548494728425013e-03
-2.122368973799665381e-02 7.202195487778262004e-03
-2.085379104095587757e-02 -3.055195375907234970e-05
-2.299531260280012618e-02 9.648651220634735584e-03
3.804414992346718573e-03 -9.405981773362666332e-03
3.911118854343569734e-02 1.108449117284025960e-02
3.565531452476886770e-02 7.601262002809359639e-03
-1.708423351297098242e-02 -1.341612834436964243e-03
3.544850612450549387e-02 7.500099450847063330e-03
2.952001208288410408e-02 2.021119392452802067e-03
-2.645075377840940337e-02 2.681434406115847883e-03
-2.657753021392738474e-02 4.009295082544566541e-02
-1.934603404626608625e-02 -3.338526881948579677e-04
1.632661707381037955e-02 -6.603654977188720167e-03
3.732484002367879999e-02 9.429839419472639539e-03
4.238376291849641105e-03 -8.840720357860857095e-03
-5.169896847043126825e-03 -6.877158726888446538e-03
9.473822504454849219e-03 -8.971249592715601143e-03
2.772322858943311943e-02 8.065608170992069831e-04
-1.969239121006144053e-02 5.064534810251136894e-03
-1.734426765376611765e-03 -8.868750409935007711e-03
-1.791608937062989099e-02 -2.409413568215353139e-04
9.430977038305686858e-03 -8.819329517458668680e-03
1.528415153909323809e-02 -7.159624352489596388e-03
-2.017880547234120886e-02 -4.973727808311877337e-04
-1.316617259050197226e-02 -3.015023392211063462e-03
3.382868194207135082e-02 5.908581621743382896e-03
-2.394764575744660548e-02 1.324689359536715275e-03
-1.826734105712476269e-02 -8.298980873746798943e-04
2.022282956227126199e-02 -4.623132868086658395e-03
4.317459266462059936e-03 -9.395526287691800468e-03
6.395071268927589835e-03 -9.422251962605468836e-03
-2.034541553554835430e-02 1.355777299661662955e-04
-2.305060528511081175e-02 8.998744230329713345e-04
2.993625682686822456e-02 2.492804867049716253e-03
3.363722606050424668e-02 5.636035658976661609e-03
1.884752807061812821e-02 -5.326147137481929313e-03
3.151179966164972118e-02 3.828653282501055972e-03
-2.206711269874352815e-02 7.972071351851692592e-03
3.938265409367663894e-02 1.144859794884012585e-02
1.279973760899874797e-03 -9.310723244243068394e-03
-2.275423736039556069e-02 1.779321957820174938e-02
7.674056391519509801e-03 -9.232465594008518184e-03
-2.521594057179743151e-02 1.806204623081651001e-03
1.482854528047297497e-02 -7.146443551467090462e-03
-1.591267747577128702e-02 -1.778041750785996477e-03
9.620638171072446940e-03 -8.935009476160582151e-03
2.643823565720385127e-02 -4.280058307448615391e-04
-9.416228083199090423e-03 -5.013476403369012020e-03
3.924797415076658469e-02 1.172106646708728946e-02
6.807738540064396660e-03 -9.024945699071498101e-03
-2.062662723638077414e-02 1.715904855544070676e-04
-1.819796267242473897e-02 7.077650473758457161e-04
-1.712016093368575256e-02 5.661968440490549714e-04
-1.740668775613384359e-02 -1.314988393209769223e-03
2.763605633291164529e-02 4.791537900069145527e-04
3.847269676465810834e-02 1.038034790328340798e-02
-2.044023812601418813e-02 6.879841233745084307e-03
-2.141919538538389692e-02 6.951551726735241687e-03
-1.831629931200158892e-02 -7.325758226793477801e-04
1.761885797981530000e-02 -6.002823544081308665e-03
6.684961941369954759e-03 -9.339239604676903214e-03
2.079021337579005022e-02 -4.257823717437677832e-03
-2.057671036780974946e-02 -1.265869053174458305e-04
-1.586619584307193478e-02 -5.831987165328978437e-04
7.678546699603583901e-03 -9.088781212720756578e-03
2.487992726387269066e-02 -1.553835601183326150e-03
-2.000444379774121706e-02 4.495581967194688285e-03
-2.552129547710955612e-02 1.929709015047503546e-03
-2.232303360807263298e-02 1.474724206074602651e-03
-1.812032350908520523e-02 -5.327740913255997164e-04
-2.169955689037795024e-02 7.644455986808566155e-04
-1.670384153551226700e-02 1.712818437604869508e-03
-1.839843244156895430e-02 4.660410614043480372e-03
-1.400338408691024009e-02 -2.590256282571187351e-03
1.121243128318800096e-02 -8.711476909807046656e-03
-1.689446481398072797e-02 1.160418472187559318e-03
1.941206057221379899e-02 -4.970421323278993025e-03
-1.262912708363844554e-02 -3.137854734056812114e-03
-1.673145860637922575e-02 -1.763347982721833341e-03
-1.760149505060791889e-02 3.056541920383227390e-03
2.164023738030324689e-02 -3.875525711035964372e-03
-8.023690487568404042e-03 -5.913496248886875375e-03
-1.842886758103645661e-02 -3.859983133527250337e-04
2.937833264771739367e-02 1.965255981552203185e-03
-9.274654619173048134e-03 -5.789624234034065724e-03
2.104848189142589227e-02 -4.049405448095690606e-03
-2.103732737859715513e-02 3.220064563414995885e-04
-2.225737651688932534e-02 1.253588651593813769e-03
-2.027879289406085347e-02 5.886574574010314427e-03
-1.570261115205781252e-02 -8.084569988044192036e-04
-1.633604764249106667e-02 -1.777764369863782650e-03
-2.633056272890966359e-02 1.488713928730940952e-02
-1.036962776890737459e-02 -4.839841436769186031e-03
-6.077760527781567342e-03 -6.422455938927380814e-03
-1.541804090875148643e-02 -5.981178547987476060e-05
-2.044053907282569055e-02 7.239992561441412891e-04
-2.156638568122355021e-02 5.052927190395916073e-04
6.230351517262713856e-03 -9.364958607482000083e-03
-2.318033337240280739e-02 1.446272943297069328e-03
-1.767294781330659009e-02 2.351895933620868229e-03
3.330216392264043201e-02 5.383333859135587020e-03
-1.857689764532539228e-02 1.375385187026878162e-03
-1.700481994210168921e-02 -1.277935856388209054e-03
2.661209469489030435e-02 -1.020061875998915391e-04
9.083404392928389696e-04 -9.186902390022781695e-03
-2.295838833978719809e-02 9.193110372030154076e-03
3.351905092269315267e-02 5.502784388413681574e-03
2.196710642396271576e-02 -3.395615540839969863e-03
7.181682109609709326e-03 -9.176023095121596529e-03
2.769982154449402920e-02 6.693577939625281912e-04
2.991578015430920376e-02 2.349707761080179272e-03
-2.173030022809535958e-02 1.242220453813340031e-03
3.274393681502139192e-02 4.937042255226915984e-03
-1.931743550147631272e-02 -1.336604098730385763e-04
-1.975707208192088379e-02 2.174109124936730094e-04
1.583453466314761401e-02 -6.787285123611922454e-03
3.581797871079873876e-03 -9.478948012464965753e-03
-1.379723233235531470e-02 -3.218534653407013283e-03
2.041588997428720777e-03 -9.273425757531978189e-03
-2.031308771821287162e-02 1.549768601833827084e-05
7.894073015153589903e-03 -9.291758007739125969e-03
-2.302238064538436949e-02 1.386205227361055059e-03
2.509212693373178565e-02 -1.201868860271319492e-03
-1.259708758610420150e-02 -3.641153126664011148e-03
2.721104604098677215e-02 2.298325693201255121e-04
-2.251935582022170784e-02 7.793284975376797057e-04
1.524462979712701456e-02 -7.043882261113985910e-03
-1.458847914057311186e-02 -2.400081032607271573e-03
2.714385322568470954e-02 2.311691367413643071e-04
3.846446761587075935e-02 1.061681583548348788e-02
3.021540345832629884e-02 2.614560414177335371e-03
1.898188498015673450e-02 -5.336266630321062805e-03
-1.996011783386154870e-02 6.478520710517164617e-04
3.056484917819176847e-02 3.098973551373979552e-03
2.447228590869491432e-02 -1.739951568042478070e-03
2.750464029973365143e-02 3.634848935393917473e-04
2.806789822405066429e-02 8.893816284556359079e-04
-1.561986057229817343e-02 -1.888061234158563322e-03
1.970479005488370156e-02 -5.007155431281449902e-03
1.943674577594420305e-02 -4.885795669039140997e-03
5.033596331039085891e-04 -9.017668802605302916e-03
3.185190559205938743e-02 4.053817658849654879e-03
-3.654493942474785258e-03 -7.896762949432645229e-03
4.940445645310966027e-02 2.449659781657140614e-02
3.488937839702455144e-04 -9.100028575992954311e-03
-1.694084627952146746e-02 -7.279223615318222620e-04
2.861019077294931975e-02 1.299020703441914216e-03
-9.714510510129115151e-03 -5.300399775444335389e-03
-2.530204816819962149e-02 1.586481438807232783e-03
-2.601229876002183333e-02 1.830696359199453314e-03
-2.091591164281955337e-02 1.733547988014916622e-04
-3.628503422626682719e-03 -7.702659944091706443e-03
-1.850841782898510202e-02 4.778487195956903147e-03
2.317371652343717253e-02 -2.840695509071484905e-03
3.160884306840549413e-02 3.904058311231300895e-03
2.027503205396229157e-04 -8.857299360986217382e-03
-5.076878216316906825e-04 -8.929747943357081719e-03
-2.315568114865012433e-02 1.462535716470634824e-03
2.880495681519918208e-02 1.423209679112042792e-03
3.701989528792996842e-04 -9.204810899451732614e-03
3.405552256086707280e-02 6.140770075351108422e-03
2.073208096868013606e-02 -4.413127462184013479e-03
3.721314911686960519e-02 9.087429286388193708e-03
9.745769838976361954e-03 -9.155758778449218233e-03
-1.811607460557674437e-02 -1.838785345246843599e-03
-6.385370707223189538e-04 -8.397243770625702555e-03
2.071083639145634633e-02 -4.289262954047260747e-03
7.670784068934957504e-03 -8.969056556547765763e-03
-2.597697870204057971e-02 1.941286148334240040e-03
8.299460745052967062e-03 -9.035651407426164433e-03
-2.475378804433402830e-02 2.268153566554000945e-03
1.789349126295356526e-03 -9.144230032724662977e-03
2.929292863990827153e-02 1.796432851616213897e-03
4.309514078591221431e-02 1.553040305726454025e-02
-2.400590391408381069e-02 1.378492764190476566e-03
6.071102945895111465e-03 -9.078474462592224514e-03
-1.818411920455000053e-02 2.742059163954391546e-03
-2.090262729350957777e-02 7.160278398735786098e-04
1.007530725370807748e-02 -8.603973372699989797e-03
-1.853330582947452024e-02 -1.009922335572129666e-03
-2.541810712089868571e-02 1.295762331717372623e-02
2.181821066346470439e-02 -3.722357678340637490e-03
-2.359059268323302969e-02 1.279149957668608301e-03
-2.429384741352834734e-02 2.020235940076660179e-03
-1.576382374295697344e-02 -1.880203757301612258e-03
1.752215956584149761e-02 -6.100417797256354156e-03
-2.104782718061126018e-02 -1.169218532153661034e-04
-1.618973914001017173e-02 -3.559991719676143746e-04
1.800890214468792855e-02 -5.633179140771809451e-03
2.527667398354650069e-02 -1.131605092318542071e-03
-1.729757141675202989e-02 -1.998023080944142261e-03
-1.724502899176950238e-02 -6.129795686035263919e-04
3.503297645953561135e-02 7.229503475286365791e-03
-1.580189009964660246e-02 -3.011213717987039178e-04
-1.731245715303486934e-02 1.660757442752676220e-03
-1.833766910008767514e-02 -8.439858357085599757e-04
-1.939168078379115145e-02 2.290736915068871185e-03
-2.014238651974120664e-02 5.947155771992876719e-03
-2.266391694688034419e-02 1.062582954321834297e-03
-1.993463288401866457e-02 -3.949825379976037087e-04
-2.180187361646902799e-02 7.840027912199114268e-03
-1.793673284212186914e-02 3.535147043035509495e-04
1.923541473512972028e-02 -5.016406786181809054e-03
-1.262727215548879386e-02 -2.593491523870897902e-03
-2.865425969643788009e-03 -7.913818394918210528e-03
3.726211098640147545e-02 9.256015085304434772e-03
-2.310960826531629347e-02 1.335448665944968805e-03
2.652686878147018923e-02 -3.258426656400462444e-04
-1.616578241715578221e-02 -2.114380976928488098e-03
-2.147906806413731398e-02 6.946973058476847880e-03
-2.332408321391641823e-02 1.019621557717199228e-02
-1.766882607616574244e-02 -2.828195042084945808e-04
4.503151057337196478e-02 1.834297568906653395e-02
1.464051202358844376e-03 -9.325975186973136863e-03
2.753037158839393567e-02 5.268909871973881994e-04
-1.647377400919895415e-02 5.391320502167864593e-04
3.024408615971928976e-02 2.745336761326562687e-03
-1.739516008095279287e-02 2.506618115871111271e-03
8.628440997781598037e-03 -8.903250250428217799e-03
2.595200631107801373e-02 -7.115392410604639813e-04
-1.625927088103544527e-02 -1.936637261870089582e-03
-2.276735499023847809e-02 1.042666422465664700e-03
2.381653468991191611e-02 -2.294404355650013234e-03
1.100621904598261293e-02 -8.653026365361573755e-03
-1.934168117028456368e-02 5.080635095151521223e-03
-1.410264977235607675e-02 -2.720049453067406066e-03
-2.175706426088404311e-02 9.945106725514161333e-04
2.019530917893350846e-02 -4.296264893907170666e-03
1.952173854663984479e-02 -4.874804551746459227e-03
2.058072916108266270e-03 -9.323734306918395401e-03
2.973454127398859198e-03 -9.280939413901111504e-03
-1.732905816381514683e-02 -1.986227090393175281e-03
1.261927240107202364e-02 -8.146556183872567455e-03
2.566757834848519548e-02 -1.034198620540776594e-03
-1.995584359397625449e-02 5.905481259277316382e-03
-1.640350366140527413e-02 -2.718414138712726903e-04
-1.737500945200318170e-02 -1.876174096191031686e-03
1.558637853731302536e-03 -9.315115058041126272e-03
-1.798944462678069012e-02 -1.219439476647103410e-03
2.372315809344551635e-02 -2.331976412886296261e-03
1.600735814197859139e-03 -9.450066997133077518e-03
2.383757908601939410e-02 -2.290841102738980575e-03
-1.172915337221553007e-02 -4.098653578171431583e-03
3.744540145282343208e-03 -9.456406871373878101e-03
2.662754639849840635e-02 -2.466589500044494244e-04
3.326552561401512065e-02 5.505793063314907282e-03
-1.887126923805276454e-02 2.030562305228685287e-03
4.244998685192716281e-02 1.561479643180336066e-02
-2.636189023160427636e-02 3.802716791084637116e-02
2.675345721920387512e-02 -5.927678962811328873e-05
-1.793258370412225897e-02 -8.666557911487319512e-04
-1.966376161777506903e-02 4.668862312582809648e-03
3.758144733680715555e-02 9.494279344427081907e-03
2.123055066559242920e-02 -3.942307440639695668e-03
-1.969726521053568463e-02 1.043905579607854253e-03
-1.904588107975047767e-02 6.819945246658059212e-04
-1.337487406746546564e-02 -3.308747132380483215e-03
-1.474195669232638596e-02 -2.170201296159356662e-03
-2.196898252629245901e-02 1.601992991707083206e-03
3.336863079592887471e-02 5.570037977525091159e-03
2.731866260443248720e-02 3.224725007962006497e-04
1.356241070136501338e-02 -7.560592977583527677e-03
2.648252735513681802e-02 -3.507805149833837085e-04
3.337153419165193174e-02 5.497016901175141856e-03
-2.266440344366745310e-02 8.868794117216426826e-03
3.200312671014154953e-02 4.352569255942155199e-03
-2.080069315054844034e-02 6.400970435570316544e-03
3.765291908523647063e-02 9.836685945538558434e-03
-1.957835261843079988e-02 -6.068226534828544431e-04
2.794380282604521162e-02 8.704228578038805892e-04
1.237213325057138699e-02 -8.144814943981591032e-03
8.915411031573479764e-03 -8.977414775807041405e-03
-2.023463915382166592e-02 5.105548722004322982e-04
1.997169473312841725e-02 -4.713173472227437030e-03
2.931685268356894886e-02 1.975183815577962951e-03
-1.080067780118274499e-02 -4.151134216741656641e-03
-9.282702340776924355e-03 -4.857193905229845177e-03
-1.976510018529727825e-02 1.279282420244923354e-03
-2.136591392914858126e-02 1.020634052723756648e-03
4.545821807059006320e-02 1.944083293965849155e-02
3.194033000169909514e-02 4.262479451204268834e-03
1.710107908977178673e-03 -9.031957959646666131e-03
-1.940873615427829782e-02 3.197978128510528366e-03
-1.943534176119138604e-02 4.676628290479270360e-03
-1.763443237476741005e-02 3.360838410379652784e-04
1.955526510256413997e-02 -4.946091481701841291e-03
3.524138559889352512e-02 7.256522197994755632e-03
-2.116243804947398957e-02 2.449362090209172664e-03
-1.767807065099190680e-02 2.346215899387606944e-03
1.125685169317413442e-02 -8.276761401997678735e-03
2.924017024263740258e-02 1.815342930754729970e-03
-2.045427754312649851e-02 3.232338775686990516e-04
-2.002078660428441292e-02 3.297101164483337305e-03
-8.691303469485681501e-04 -8.646705074556610207e-03
3.021197620965792446e-02 2.587062627839184503e-03
3.751758320152157045e-02 9.757311789125890783e-03
2.523910901150961880e-02 -1.209016315338024830e-03
-1.298632438378865845e-03 -8.294733220879188518e-03
4.279683549347801895e-03 -9.789565092003417110e-03
4.393662653235020331e-03 -9.458536782819215727e-03
-1.631570583813469685e-02 -6.765814180380377721e-04
-9.561937511594923930e-03 -5.201340434033865749e-03
-1.042545080970003549e-02 -4.260529608564711523e-03
1.641677585275552395e-02 -6.614354191326285784e-03
2.350515792590366845e-02 -2.526871787446838182e-03
5.349392919336584847e-03 -9.530760060028422437e-03
2.790378183538598511e-02 9.373431782900383188e-04
-2.021922051195209832e-02 8.073554018548103305e-04
2.379098424621596194e-02 -2.208747198691792240e-03
2.335281993905663749e-03 -9.090286438462304164e-03
3.521857620828481444e-02 7.205057692742215109e-03
-1.327907468391492304e-02 -2.562707250291775159e-03
2.411840810118556777e-02 -2.100475206952187677e-03
-2.071246610937911917e-02 4.063283707812725097e-04
-2.019726384458231383e-02 5.535389601498563565e-03
-2.150513550707534166e-02 1.376115950762940923e-02
-2.229181099812018937e-02 6.161275793141141001e-04
3.661356443354763651e-03 -9.417061328408617149e-03
-2.110159690377787223e-02 9.948900419041466128e-04
-1.858971242342542796e-02 -9.617038239437520437e-04
2.167152688770666857e-02 -3.773700320171616707e-03
2.749148430034269522e-02 4.698197532135088257e-04
4.055732723401496084e-03 -9.513493782158551071e-03
-1.900398235232798883e-02 -7.943477706013910098e-04
1.909876521600226487e-02 -5.294658134515752533e-03
-1.829733119647309822e-02 -5.853673677639405519e-04
-1.400380014283885907e-02 -2.765315888518204285e-03
-1.778894108197037749e-02 -7.537016187761025809e-04
-2.192745862230699797e-02 7.732839358910188927e-03
2.830917622742117057e-02 1.022272627340170331e-03
-8.404244725857611814e-03 -4.391521943685635504e-03
2.555660728302218410e-02 -9.886299277095764605e-04
-2.186283974444102121e-02 8.365647189595575711e-03
5.541505599559830558e-04 -9.162847311773423056e-03
-1.857469407817599616e-02 3.305434130935564689e-04
-1.407123530393066500e-02 -2.775030923881216267e-03
-1.343651965209486342e-02 -2.866890511765263390e-03
1.561382004576626506e-04 -9.129564526313593137e-03
-1.313490474806771995e-02 -3.126578292837882932e-03
-2.034474444959728442e-02 6.909571875264265348e-04
4.193038642390158749e-02 1.427760845038532692e-02
-2.267510569432590328e-02 8.681539130166409171e-03
4.100052425062735567e-02 1.334707198581387526e-02
-1.461730621134588008e-02 -2.602496868300082592e-03
3.294217340648563502e-02 5.058175468426513548e-03
-9.113877614690997150e-03 -5.423214985015301949e-03
3.201509971999722676e-02 4.182751590482655137e-03
-2.299953860131956004e-02 1.119824090316128441e-03
-2.115373583916532393e-02 6.991787497370845206e-03
-2.047780754466334632e-02 -4.017065688760821382e-04
4.015473942311977018e-02 1.214620207430213393e-02
-2.022998963676208781e-02 5.341276210794332346e-03
-6.708747853458903523e-03 -6.465316949651697155e-03
5.160078334301028934e-03 -9.512831330458781237e-03
1.608038224705027677e-02 -6.888013120845851676e-03
-2.377272361971851170e-02 1.275438951162950751e-03
-1.611403639557454012e-02 -1.793161301791950952e-03
-1.143724761643667362e-02 -4.101657060076778494e-03
-2.072166207154233289e-02 -2.559190849024656602e-04
-2.346357818457735570e-02 1.417719076413650157e-03
-1.325134342117873128e-02 -2.855939207677193198e-03
1.518773576329343622e-02 -7.155669710945201933e-03
-1.867870345987941369e-02 -4.213426878012685277e-04
-2.276380804460865701e-02 9.411949869336041705e-03
-2.183951610563688098e-02 1.321848498500478126e-03
-1.794746120501307385e-02 -9.279226655119815394e-04
-2.105153680554407505e-02 2.002820700492391297e-03
1.331208659649935067e-02 -7.765310809403783675e-03
9.508412796642416037e-03 -8.891420650913431367e-03
-9.020049094823803792e-03 -5.569704497410720226e-03
-2.310796476733427765e-02 1.113954856124391548e-03
4.230785218729100731e-03 -9.391763833286609006e-03
-2.087674072313825194e-02 1.383910213792700688e-03
-2.297204851082828778e-02 2.212023334713536862e-03
2.571908087908892498e-02 -8.404002138065420685e-04
5.636405025220924021e-03 -9.542711882583225849e-03
3.048155713640135142e-02 2.793058762766782201e-03
-1.907255182336578189e-02 -1.480437589055509152e-04
2.365179145285432362e-03 -9.169066158000675065e-03
-2.245788385575723037e-02 8.401961781128491208e-03
-2.249266605289379148e-02 1.461498687640941461e-03
1.347247665426469163e-02 -7.652728905094350297e-03
-2.137596290972326035e-02 6.622847021480787917e-03
-1.043499936253634158e-02 -4.608737031626079263e-03
-1.362192049288585109e-02 -3.330601433404216469e-03
-1.513838004626840740e-02 -1.125349776769366157e-03
-1.524263964222098700e-02 -2.365879169616254621e-03
-2.046220767001531715e-02 5.264414861419323705e-04
4.487935941369797233e-02 1.868291911768544047e-02
-1.959602393768448969e-02 5.172214543015042285e-03
-4.862917520940458760e-03 -7.320074061536856538e-03
-2.182566539417027038e-02 8.885297588697286565e-04
2.893677831164054998e-02 1.772189313788458511e-03
-1.755621606558209480e-02 -7.694531223994800035e-04
-1.759537852881698505e-02 -1.144187750628675171e-03
-1.587570848454764386e-02 -1.116006928324182398e-03
-1.905513703091457275e-02 4.191975832197643824e-03
-4.139702682823296481e-03 -7.784158205174254545e-03
5.557848864553270769e-03 -9.315099126544006472e-03
3.248145377791586408e-02 4.602025049770983381e-03
-1.819262867823249682e-02 3.135169105927444917e-03
2.975144436253970501e-02 2.228611435877377728e-03
-1.406714870955452952e-02 -2.288260242667818425e-03
-1.267549655928574930e-02 -3.857969916757484317e-03
4.408311309041557796e-02 1.755348314128654316e-02
2.006192234864022025e-02 -4.715719504870046104e-03
1.792687539772418182e-02 -5.812620629396322500e-03
2.386652115955895451e-02 -2.254987482502460259e-03
-6.876855664097448334e-03 -5.297898932291704444e-03
3.484537256869048999e-02 6.902336226913869874e-03
-2.323161049269604692e-02 1.025356746809721192e-02
1.251275554176511234e-02 -8.253196999481165336e-03
-1.265402852824790841e-02 -3.771357687770431674e-03
-2.163807297836001578e-02 3.903527036478225232e-04
-1.993900639705868325e-02 5.963336656858647840e-03
-1.864221253576385517e-02 -4.657542480602804057e-04
2.976330532270583112e-02 2.215361742851429568e-03
9.480345057041504597e-03 -8.624723736082353862e-03
-2.211211419914778376e-02 1.691028157292685189e-03
4.014942452001878277e-03 -9.492268560841104347e-03
-1.941449121362758337e-02 5.401914104930440053e-03
2.020533157709240163e-02 -4.607269139075821814e-03
4.038140778530855193e-03 -9.427302667289728932e-03
4.990262287309163089e-03 -9.504734633165983979e-03
2.805003634483881070e-02 9.742298070636134892e-04
2.775444289250167049e-02 6.170869516277441421e-04
-2.261039697252565858e-02 8.738096463897698785e-03
1.504331668705471883e-03 -9.352659160027065530e-03
3.084131424511185257e-02 3.106646017347407165e-03
-2.358262502347862472e-02 1.473554451664213808e-03
-2.393247172759966832e-02 1.117840592774402980e-02
6.483538328250240852e-03 -9.326512824274825822e-03
8.785058838555162911e-03 -8.679126994274885196e-03
6.208042201549470243e-03 -9.323762623232005262e-03
1.926236522658885363e-03 -9.414663783837810829e-03
-1.425999686129544516e-02 -2.744136217559208380e-03
2.437604318060938510e-02 -1.924722188115688196e-03
-2.278390296620851768e-02 1.137231237630444668e-03
-1.725606404048579678e-02 2.481531054897044737e-03
-1.885745413144243945e-02 -2.733158238988901874e-04
3.098412920581825394e-02 3.349000161945378529e-03
7.410905458291989177e-03 -9.300770685521823206e-03
-6.387449426973644713e-03 -7.478558888231935653e-03
-1.994829114048531776e-02 3.692674902127751580e-04
3.070041302342388714e-02 3.412017263712642263e-03
-1.472589529873985677e-02 -2.583046080226581755e-03
1.007916086543285406e-02 -8.791485873034044288e-03
-2.020060861639402100e-02 6.031896033778396879e-03
-1.938410197000850488e-02 -1.723851442280876405e-04
1.580530649491168615e-02 -6.836577344183394390e-03
-2.087109353468545939e-02 6.374866017813018287e-03
4.288925943788092499e-02 1.564518136168765311e-02
-1.586924598034055583e-02 -1.303394074308027433e-03
-1.649515751692256713e-02 2.776503251893835044e-04
2.278145209494867457e-02 -2.974233921207321534e-03
-2.117097940585671578e-02 1.174681908818628762e-03
-2.098407911114095331e-02 9.592729946700708638e-04
-1.970484295562095756e-02 1.008689772256811563e-03
-2.066755645916595885e-02 1.496590406177452683e-03
-1.300894848936368434e-02 -3.157692468639352722e-03
2.372882818061575888e-02 -2.411215702673526109e-03
-2.679674265675158901e-02 2.722333369095498480e-03
-2.587141065129812401e-03 -8.474402144971108705e-03
-1.721058012818889663e-02 7.239556010750954887e-04
1.202776702470353606e-02 -8.162737823273256629e-03
4.999693159671446570e-03 -9.246025648820514406e-03
-1.976220364364650317e-02 3.985238882948991912e-04
1.989677040532191604e-02 -4.790813352946371451e-03
3.791620250702568834e-02 9.903164241877093765e-03
2.743809646405153888e-02 5.297122741755426207e-04
2.317314297812849908e-02 -2.774827625991967139e-03
-1.829110490015102217e-02 7.161021609635022205e-04
2.202213128434188719e-02 -3.495909401949573187e-03
6.193155328498340176e-03 -9.676597679180991285e-03
-1.333347001266622228e-02 -3.063886987861543908e-03
-1.682818200739679207e-02 -1.521289029230103685e-03
-1.800714515619374761e-02 1.383776266089809773e-04
-1.741766837604132381e-02 -9.718219395502694993e-04
-1.815754236192483259e-02 8.672198980922344973e-04
-1.939995382467013182e-02 -6.229924413037985723e-04
-2.119739075138117254e-02 2.177082676331627527e-04
-2.254555720736737406e-02 1.046064352729476248e-03
-2.174765327668123915e-02 8.058511843094619265e-03
2.071859172092050186e-02 -4.345737807426999950e-03
-2.081037164562148795e-02 4.480194559501571652e-03
2.894117256686672829e-02 1.585146117981808302e-03
-2.456985364260437163e-02 1.280281795520413299e-03
-2.683835372862553373e-02 4.210953869983761338e-02
-1.917952703863790714e-02 -1.367326581030749155e-04
-2.494884789070753867e-02 2.892472610514388795e-02
-1.372868130588271798e-02 -2.247488374418116479e-03
-2.450938896512896634e-02 2.382991431879360935e-03
3.500251842665649815e-02 6.992158087692841757e-03
3.874066634993867525e-02 1.081578829756687198e-02
-1.700425479746974639e-02 2.665790753558430846e-03
2.227156058050251339e-02 -3.229409171607330268e-03
3.549973038185622043e-02 7.523637370056816473e-03
-2.179756555789549161e-02 7.883252095945569729e-04
1.448919844749209374e-02 -7.173180567047229839e-03
1.916117279792201727e-02 -5.256394634072238461e-03
-1.571634378103689339e-03 -8.779988606754817251e-03
-1.041542914808053603e-02 -5.091391501120440949e-03
2.683457688073432809e-02 3.679827996011675063e-05
-1.325298175568667171e-02 -3.490853500486672430e-03
-8.796145200516620674e-03 -5.599827320900779837e-03
6.691933832382931414e-03 -8.957270696157332984e-03
-2.091879446945707835e-02 5.975921011325258363e-04
1.433824090637235427e-02 -7.449234042746463377e-03
1.782045479269451019e-02 -5.750287701204681752e-03
-2.233807050956777840e-02 8.180300123739794177e-03
-1.723542956524453523e-02 -1.164625550622961150e-03
-5.932752478415806441e-03 -6.431881212626409071e-03
-2.417264790218526943e-02 1.694334449873457528e-03
-2.306970776026149098e-02 9.315671660156425379e-03
1.302661908132399585e-02 -8.014415355468956781e-03
-2.130798117651605539e-02 1.107082585223924560e-03
-1.655880152532526392e-02 -1.177049233904691730e-03
4.971222933995168500e-03 -9.454890508058396217e-03
2.566764463154859455e-02 -9.678185677716269779e-04
-2.617041261958007875e-02 2.383241360278122792e-03
2.382352894395726312e-02 -2.229227478567550463e-03
-1.653560359640443220e-02 -1.447863080819978285e-03
3.710359790591475498e-02 9.312226182535396357e-03
-6.134021665269933678e-03 -7.399683818385809422e-03
-7.953468102303832069e-03 2.631008868842986057e-03
-1.891626395351957493e-02 4.185598829512237988e-03
3.157954507872067634e-02 3.848670418196379218e-03
-1.460708735553140590e-02 -1.769453336965413947e-03
1.028252373225284344e-02 -8.208482981977145015e-03
-2.346819205295859814e-02 1.012133489722363659e-02
-2.010696918095310898e-02 4.500242552761041584e-03
-1.613115660134378099e-02 -1.341192707040417048e-03
3.123350047737175755e-02 3.553202964888579288e-03
-1.778843497851100366e-02 -9.768193519249404426e-04
-1.941784416716144102e-02 5.470888498744773051e-03
-2.193327436901362087e-02 7.713595101728890242e-03
1.531117339304528639e-02 -7.047489219612710493e-03
1.911467987363538873e-02 -5.147868273948233778e-03
-2.138091664976871087e-02 9.429169264287719362e-04
2.212605127592293455e-02 -3.522440039767621000e-03
-2.614527136549889968e-02 1.421448192992910524e-02
4.448879481273667821e-03 -9.608079229264777574e-03
9.254838571363483909e-03 -8.984731385533134204e-03
-1.589176656665433965e-02 -1.705932617219977883e-03
-2.034878253256073438e-02 1.917500649079264988e-04
-2.632439936453599347e-02 3.869510571169676449e-02
-2.557553979643249070e-02 2.059964029936837363e-03
-2.776600749011706552e-03 -8.277382970481066832e-03
1.889615386131441102e-02 -5.392384317554868751e-03
-2.082907295697245323e-02 1.906055460834222648e-04
-1.796879170866375747e-02 1.304382236739573672e-04
-3.650120195389864198e-03 -7.903208938097922368e-03
-5.242442859885823939e-03 -7.603272890101247378e-03
-2.169728817698036299e-02 6.312448689134859438e-03
-2.366242476999286248e-02 1.493064893234265960e-03
-1.762572713803112201e-02 3.079511239515945759e-03
-1.388828484973747557e-02 -2.715056369344248741e-03
1.933625972151782266e-03 -9.382962797960147511e-03
1.292916849675851583e-02 -8.143156809850718089e-03
-1.819798120200410985e-02 3.616473465095323622e-03
6.522548861928380640e-03 -9.418999578335293665e-03
-2.118161375359532000e-02 6.406047141607909209e-03
-2.310370153976150712e-02 9.198617903611476521e-03
1.112793481036734866e-02 -8.649996380990353922e-03
-1.606251219432094229e-02 -8.785839606391918381e-04
3.434334909178165390e-02 6.429180184872320195e-03
-2.601146230469897000e-02 2.323108918700275520e-03
5.104867338606841262e-03 -8.570858776839898607e-03
2.028889302749211504e-02 -4.421587463216246003e-03
-1.663509004134666736e-02 1.576513024859578895e-03
-1.728815353359376694e-02 -1.346171245500462797e-03
-2.282076600685288212e-02 9.363957428609348543e-03
-2.446108557711539760e-02 1.167520506875274582e-02
1.572041544659362250e-03 -9.451767758452541898e-03
-2.344561581397574743e-02 1.116747376936142854e-03
-1.617155144327522484e-02 -3.477324522851628699e-03
-2.425290389358090645e-02 1.141821393381970209e-02
2.479206805424964428e-03 -9.491619066101119120e-03
3.648277095788451940e-02 8.389329039749848435e-03
-2.253902996210008225e-02 8.436755169327929058e-03
3.038628843865386411e-02 2.669187011231065939e-03
-1.642682003871815538e-02 -2.490784861205806548e-04
3.654548675812844573e-03 -9.355798497470507735e-03
-1.891808448941316098e-02 1.648694753964926625e-05
-1.279836873273486678e-02 -3.136764068055612146e-03
-1.753274211291688117e-02 -1.078129246989578465e-03
-1.900045660959816252e-02 -7.151288115003432561e-04
-2.023680918418510957e-02 6.814073715229161405e-04
3.320264152370763083e-02 5.294691186670657905e-03
6.149574911436622672e-04 -9.281987000703564167e-03
-2.002307626519821832e-02 -3.585739961659993504e-04
-1.276693448231805590e-03 -8.834965820886275800e-03
-3.663742080353316229e-04 -8.800332700806415623e-03
-1.700046980249608417e-02 -1.187912408295205323e-03
3.599295393215391770e-02 7.922266450227944193e-03
3.304294353473011953e-02 5.103987509867692271e-03
-7.282252782511165583e-03 -6.832650258701399720e-03
1.500814646440877184e-02 -7.161781984196822874e-03
-2.260669123110217033e-02 6.391901244269741333e-04
-2.507526908120958145e-02 1.703001977300819475e-03
-2.059857918052000747e-02 7.457374457405106967e-04
3.869002915378839946e-02 1.089388112090203600e-02
-2.442433902773238213e-02 1.334947338740362539e-03
2.500535593531159201e-02 -1.489937249957549222e-03
3.043562095228070571e-02 2.871647114832080218e-03
3.639849917600641166e-02 8.366791659434548792e-03
-2.286751099020603237e-02 8.620093264087845888e-03
8.969555599692043135e-03 -9.096519777957152650e-03
4.672061279617198415e-02 2.068137032488426980e-02
-2.546634047109136087e-02 1.303701843694463937e-02
3.274658548277099152e-02 4.887294796826808022e-03
-1.680356752112410409e-02 -1.258461551345687853e-03
-2.135118563005384586e-03 -7.798106849199333210e-03
-1.534952625876271660e-02 -2.010868536836108843e-03
-1.677879455250607527e-02 -1.625787587312268112e-03
-2.634796084648805339e-02 3.857463223956118792e-02
-3.711223131959798596e-03 -7.801456567345151777e-03
-1.697838474498028147e-02 1.406494280468645591e-03
-1.883894662009269472e-02 -7.040180888652344468e-04
-1.547127110184754427e-02 -2.040133118489973873e-03
-1.586088505199804988e-02 3.324406677400872719e-04
3.228711864791935365e-02 4.478937531408749145e-03
6.010927429766384916e-03 -9.434035720401273695e-03
-2.364616256420856016e-02 1.068203759594779298e-02
-1.685004067918222104e-02 -1.508865581744605255e-03
-2.252631729125624191e-02 7.896152566371128848e-03
1.915342623354006216e-03 -9.411391083526282966e-03
-1.633689833152982343e-02 -1.262088901170405086e-04
-2.168948930976136169e-02 1.142644463135642201e-03
-1.939569674445630609e-02 4.003871347443256450e-03
-2.457680163124347991e-02 1.215810072706349429e-02
2.427382568791566081e-02 -2.021282435520294855e-03
3.670454867114229889e-03 -9.465923910991840343e-03
-2.366014312443219525e-02 1.530843882196953774e-03
-2.274405799455095009e-02 8.618594309080425137e-04
3.059964186774402975e-02 2.984573638897896741e-03
4.476446152631103487e-02 1.773929302257503532e-02
-2.060916503823332843e-02 1.005848000257488850e-03
-2.335587869312527598e-02 1.015781089075606242e-02
-1.591961915854099227e-02 -1.812478248525345881e-03
-1.972309201102601106e-02 3.766050096482113051e-03
2.086615536672426982e-02 -4.317838065956224047e-03
-1.097679704262066562e-02 -4.707225411601147040e-03
-2.025537643302515248e-02 4.205544460551304854e-03
-1.864230771131771339e-02 -1.019877187573546302e-03
-1.689318109999502979e-02 -1.179319033259305536e-03
-1.676504383644052479e-02 -1.271390448375992648e-03
-1.624134189506492090e-02 -1.372905321508706596e-03
4.912872050031701424e-03 -9.521409027284473067e-03
3.031942342116082656e-02 2.733767127882460925e-03
-1.292299354240206838e-03 -8.472962536768012531e-03
-2.459684331616115646e-02 1.738276615239744971e-03
5.202241758747191622e-03 -9.462501792199141254e-03
5.424739349348379038e-04 -9.277900928429247060e-03
-1.514838044110210745e-02 -2.062476400500991899e-03
3.234436434518884237e-03 -9.587674232488199721e-03
-1.664776467866399892e-02 -1.111673394742736633e-03
2.178775701595974876e-02 -3.762427665077836599e-03
2.234997475144596263e-02 -3.045524153949556202e-03
-1.245226831562598960e-02 -3.455495567342291470e-03
2.051348808171005091e-03 -9.639551526805381979e-03
-9.861046258254525451e-03 -4.439941155798357054e-03
-6.564484366909551123e-03 -7.275578695588339959e-03
1.708573775237471476e-02 -6.134855445018405629e-03
-2.220043890801307040e-02 9.647152063131915695e-04
-2.492339988914350421e-02 1.225588102752194451e-02
-1.892116626787863562e-02 -2.370252959097981311e-04
-1.516056589301328743e-02 -2.344606654624705518e-03
-1.693464047071910339e-02 -1.387337225811530487e-03
-2.194656697114951913e-02 8.445432088670547363e-04
7.943809994405791461e-04 -9.286885587514281948e-03
-2.131009930586477696e-02 6.423484234799491620e-03
-1.458073524103219859e-02 -2.685328963689540775e-03
-1.923980133494359798e-02 4.515874066996268359e-03
-2.270997120848380554e-02 7.973834691177499739e-03
-1.586176588040164731e-02 -2.720795893381614916e-04
1.075914858830296847e-02 -8.646953265462064414e-03
-2.385172126587747909e-02 1.068508875125288339e-03
-1.337415975307945128e-02 -3.130761007367805718e-03
-8.292580410073317884e-04 -8.860167802502811121e-03
-2.005613033196904441e-02 5.229715599124420446e-03
6.096068454367253517e-03 -9.415600101091685034e-03
3.962936614912872940e-02 1.228782142243292630e-02
-5.120252549446473178e-03 -7.487802128599970082e-03
1.921543848585001045e-03 -9.283901370253930599e-03
1.704757828890016841e-02 -6.335899458626422301e-03
-3.505438984345737342e-03 -7.906618158506359753e-03
-2.037303941860304363e-02 -1.561480611959348448e-04
-9.779961257349075853e-04 -9.025123527042827262e-03
1.042085436752881317e-02 -8.651787953705190534e-03
-7.121198459811225144e-03 -6.545392743731536130e-03
3.684956638694496939e-02 8.747915919192173970e-03
3.478720552441007252e-02 6.726569987556256340e-03
1.751173231631132643e-02 -5.981171389298401211e-03
-2.190754253250834505e-02 1.664996011011952385e-03
-2.501917098840245393e-02 1.242955539121978585e-02
-2.147948518490618713e-02 3.106815802906369287e-04
3.742193358716225382e-02 9.389284609098691101e-03
3.193176561365177607e-02 4.147795775643047314e-03
5.050277599501997242e-03 -9.477491173558748316e-03
-1.763891446131896079e-02 -9.121080554408999338e-04
1.491865067786198734e-02 -7.308155079193259795e-03
9.703225822013227669e-04 -9.438993807148611526e-03
-1.124592214982064915e-02 -4.216089567828255023e-03
5.497704715831182483e-03 -9.334292269039741116e-03
-2.810649536183624370e-02 1.756241830492954320e-02
2.725792047592297609e-02 3.296228737551961893e-04
1.289095546512333476e-02 -8.059449122169479174e-03
2.127230411200646369e-03 -9.245006089835696231e-03
-1.233409623609318592e-02 -3.749925692438197365e-03
-6.988490819316209475e-03 -7.052695081919779438e-03
-2.253273253710399646e-02 8.305717905041335933e-03
-1.914849457612616268e-02 -5.165788197308556363e-04
-1.575959680708492391e-02 -1.960179780169483965e-03
-2.272109459254762279e-02 9.591485630857607761e-03
-2.180689786767480917e-02 7.209249702637338109e-03
3.412816473948119406e-02 6.146346443771693452e-03
-2.032841672617331438e-02 5.647139988367551669e-04
-2.217602123823389504e-02 9.147061196869732706e-04
3.608803157240130692e-05 -8.984958732779746091e-03
3.209000296667754298e-02 4.342669469128999926e-03
2.975179725991017321e-02 2.330587706516537832e-03
-1.461797051035870071e-02 -1.455870714738890202e-03
-2.130066235542430256e-02 7.033942447383479714e-03
-2.391174332732956889e-02 1.076204983246892418e-03
1.273194022428646675e-03 -9.249151409935540968e-03
-2.302164713069547453e-02 1.415504706826315948e-03
-1.953579165168616363e-02 -5.400839982357841934e-04
-2.357722207554568961e-02 1.196163297688665472e-03
-2.632258879010487135e-02 3.495731851088269490e-03
1.627167821604423581e-02 -6.324831772466157388e-03
-6.297264778292297914e-04 -9.134957327131543181e-03
-2.057874032877378759e-02 5.599679893797373555e-03
-1.847076307203854295e-02 2.438485342425853516e-03
-2.119477784113388621e-02 1.604612935544473757e-03
-2.272171712111381581e-02 4.923398002840558788e-04
-2.220718115200808959e-02 1.078003502152013017e-03
4.452092410202653470e-03 -9.520491424159227556e-03
-2.549961434651046993e-02 1.739791263750344128e-03
-1.560228114304593877e-02 -8.274123500171273954e-04
1.971766925297091869e-02 -5.001766879157637687e-03
2.974292307726344748e-03 -9.421819516882810538e-03
2.411382487389731547e-03 -9.528819843465945530e-03
-1.548066032112265303e-02 -2.192643214049229926e-03
-2.019187872569084760e-02 -4.149061799890188485e-04
7.810317531266019672e-03 -8.797293114279540124e-03
-1.870388315030434984e-02 4.018239468204556561e-03
-2.117874314184373108e-02 7.661452816860678944e-03
1.654869761239435909e-04 -9.002950165644972580e-03
2.108903687330278276e-02 -4.125247546576628864e-03
-6.214505142286398318e-03 -5.144497044822230608e-03
2.407690827666998830e-03 -9.405395850818825537e-03
-1.555168856990517788e-02 -1.514505743285488037e-03
-1.739987135139853258e-02 -1.212134281213939633e-03
9.030159861416430650e-03 -8.959035096454681657e-03
-1.701055550478195247e-02 -1.209233095900697852e-03
-1.303947993706935926e-03 -8.447598007083815044e-03
-1.656224655476947610e-02 -1.435792724798341108e-03
2.786660703025066813e-02 8.809250151102941597e-04
-2.726320291929940770e-02 4.532653686208903271e-02
-2.134489601140794959e-02 7.485271693480834328e-03
-1.714263047221021088e-02 1.926148698735991732e-03
1.038313761675136761e-02 -8.875724385762100849e-03
-1.764149022072182202e-02 -1.120963563494640049e-03
8.342838727844094013e-03 -9.160442681217472599e-03
3.092682350193258489e-02 3.257509529587112023e-03
-1.980552292764804767e-02 -4.096533886558450860e-04
-2.458575309293593511e-02 1.208518390438545476e-02
-2.566433556681750952e-02 1.426052716370192208e-02
6.131023827398554386e-03 -9.396281714957497103e-03
-1.838085873622886598e-02 -1.901096997953169009e-03
-1.783785758734933447e-02 -1.195660062327458814e-03
-2.335231113607135617e-02 9.596669385024946333e-03
-2.400586608434515656e-02 2.083102389596661660e-03
3.373261583252317765e-03 -9.506934009042984982e-03
8.010386543681792277e-04 -9.101756121378890355e-03
1.774644358505556019e-02 -6.083028736116661422e-03
-1.079452875681169086e-02 -4.429556002060546470e-03
7.172545026522765543e-03 -9.133645004991784028e-03
-1.801172188942884445e-02 -1.801318408926524907e-03
-1.910573079264344179e-02 2.308830036516780482e-03
-2.391775176052560875e-02 1.558276267641814242e-03
-1.722305805931391084e-02 -1.253980804849309403e-03
3.038177475500236993e-02 2.755519489977469733e-03
4.090237418552836179e-02 1.349822256829868485e-02
-1.823299388395805548e-02 1.782728629011264216e-03
-3.614191428391597474e-03 -7.686565571485596930e-03
-5.225796695847923987e-03 -7.445755615921805827e-03
-1.674153348561923304e-03 -8.087771065595182607e-03
-1.152420993792466382e-02 -4.545630783395072060e-03
-2.290151777155927451e-02 7.843267262096911352e-04
1.683681731957942934e-02 -6.483905783780659175e-03
1.637813093695259241e-04 -9.126966907887381839e-03
-2.403247113839712332e-02 1.031527567749798702e-02
-2.796413254787333616e-02 2.714411505011660869e-03
-1.941717957688907439e-02 1.502942663687649059e-03
-7.136660524750798986e-04 -8.583937042772842377e-03
-1.822295238194334907e-02 -9.440274253503704374e-04
1.180947668963980898e-03 -9.277559510530275499e-03
-1.861914493564990544e-02 4.312093315122457124e-03
-7.000511259907035190e-03 -6.326812780147530145e-03
-2.005484589384540217e-02 -4.836330573660172329e-04
1.019767658035296114e-02 -8.823291298641521702e-03
-1.782494906715315075e-02 1.515653967538125842e-03
2.903453420990741510e-02 1.660175078441682465e-03
-1.958224368445586963e-02 -2.162445687381664915e-04
-2.175331571836298244e-02 8.802720585848813895e-03
-1.723719085700613912e-02 2.141607850881585218e-05
1.065624447144976686e-02 -8.665699191948657287e-03
1.640730731362784103e-03 -9.292850902731514609e-03
-1.704645621245057599e-02 -1.490729067916710983e-03
1.370276557336241961e-03 -9.235139743008951088e-03
-1.888282137043350781e-02 -2.849160054726660157e-04
1.078955344296310143e-03 -9.326356215692374607e-03
-1.646717346322224690e-02 5.550652561909785732e-04
3.335263808955544335e-02 5.524606723535897476e-03
-2.210049918682820136e-02 9.644956091358078756e-04
-2.370748797494981810e-02 9.080174905928998586e-04
-2.145851551004999275e-02 7.624860895295945684e-03
-1.956619395788643245e-02 -5.036988413126034739e-04
-2.325852533318864546e-02 1.013366189174298368e-02
-2.188736033856587826e-02 9.644265718465805035e-04
6.299976734644477730e-03 -9.289031827298939101e-03
3.564332988268682778e-02 7.496912235231547456e-03
-1.155836604436386895e-02 -3.725108590401134210e-03
-2.549209066533457760e-02 1.341665626634190242e-02
-3.506463005382632302e-03 -7.859315557243402861e-03
-2.719091315771420339e-02 4.500012384820703537e-02
-1.945229792060693130e-02 -3.635061797787401657e-04
-1.328805549015799753e-02 -3.374340668523152179e-03
6.170390249484770072e-03 -9.418117023558870288e-03
-1.922795412936602680e-02 3.071640322668837443e-03
-2.422138408580033070e-02 1.851039468079488217e-03
-1.539418558826629625e-02 -2.208636004440521668e-03
-1.817797989374319786e-02 1.981607850062907464e-03
-1.675449020294941804e-02 -1.016288559868767840e-03
-2.003693661511703888e-02 3.269190196610594610e-05
-2.089558282922785240e-02 6.473132600995815111e-03
-2.084254208210813836e-02 6.666565469761849376e-03
-1.598164553504164559e-02 -1.502813356703786712e-03
-2.295338842958328726e-02 9.902621536522063228e-03
-2.384781607397446629e-02 1.125262794072429476e-02
4.530246524066493252e-03 -9.450941613014511578e-03
2.369943559395639235e-02 -2.386535016211912847e-03
-2.200325499663785891e-02 1.514572131036649900e-03
4.225371405744158333e-04 -9.127509622791581123e-03
2.389406768408633332e-03 -9.434918449283158023e-03
-1.302829144410794400e-02 -4.820605631865120498e-03
3.719390719118302602e-03 -9.416638627657673843e-03
-2.311877881120751391e-02 1.262874104596531724e-03
3.072734687337641893e-02 3.157908301026940423e-03
-2.685589038951880989e-02 4.194186357384324659e-02
-3.258405320990511106e-04 -9.150873302704648146e-03
-1.390449717986936944e-02 -1.774648449680556010e-03
2.440508303500335541e-02 -1.892860186032647735e-03
-2.168167315947116397e-02 6.423360578435534851e-04
-2.442852674066676305e-02 1.114282433380291149e-03
-6.815017453097992756e-03 -5.853436161516638661e-03
-1.822260632772890188e-02 2.409005573799419958e-03
5.385285148931115776e-04 -9.117351234873966731e-03
-1.470650845861853559e-02 -2.330509361937117569e-03
-1.878084697050863561e-02 -6.353632075963786810e-04
-1.814912617288177987e-02 1.827709509470771187e-03
-2.704442417155964243e-02 1.610950458396756199e-02
2.295310954585826763e-02 -2.846874134520802156e-03
-2.660166642078649543e-02 2.251402623319091658e-03
-2.322669209442091570e-03 -8.329401018430191567e-03
-1.899251717147281207e-02 4.234078113371535744e-03
2.645559048243951994e-02 -2.915170001027477063e-04
